0	0
2.86422e-12	-0.000118388
5.72844e-12	-0.000118229
8.59266e-12	-0.000118038
1.14569e-11	-0.000117815
1.43211e-11	-0.000117559
1.71853e-11	-0.000117272
2.00495e-11	-0.000116952
2.29138e-11	-0.000116599
2.5778e-11	-0.000116213
2.86422e-11	-0.000115795
3.15064e-11	-0.000115343
3.43706e-11	-0.000114858
3.72348e-11	-0.00011434
4.00991e-11	-0.000113789
4.29633e-11	-0.000113204
4.58275e-11	-0.000112586
4.86917e-11	-0.000111934
5.15559e-11	-0.000111248
5.44202e-11	-0.000110528
5.72844e-11	-0.000109775
6.01486e-11	-0.000108987
6.30128e-11	-0.000108166
6.5877e-11	-0.000107311
6.87413e-11	-0.000106421
7.16055e-11	-0.000105498
7.44697e-11	-0.000104541
7.73339e-11	-0.000103549
8.01981e-11	-0.000102524
8.30623e-11	-0.000101465
8.59266e-11	-0.000100372
8.87908e-11	-9.9245e-05
9.1655e-11	-9.80842e-05
9.45192e-11	-9.68896e-05
9.73834e-11	-9.56614e-05
1.00248e-10	-9.43995e-05
1.03112e-10	-9.31041e-05
1.05976e-10	-9.17752e-05
1.0884e-10	-9.04131e-05
1.11705e-10	-8.90177e-05
1.14569e-10	-8.75893e-05
1.17433e-10	-8.61279e-05
1.20297e-10	-8.46337e-05
1.23161e-10	-8.31068e-05
1.26026e-10	-8.15475e-05
1.2889e-10	-7.99559e-05
1.31754e-10	-7.83321e-05
1.34618e-10	-7.66765e-05
1.37483e-10	-7.49891e-05
1.40347e-10	-7.32702e-05
1.43211e-10	-7.15199e-05
1.46075e-10	-6.97387e-05
1.48939e-10	-6.79266e-05
1.51804e-10	-6.6084e-05
1.54668e-10	-6.42111e-05
1.57532e-10	-6.23081e-05
1.60396e-10	-6.03754e-05
1.6326e-10	-5.84132e-05
1.66125e-10	-5.64219e-05
1.68989e-10	-5.44018e-05
1.71853e-10	-5.23531e-05
1.74717e-10	-5.02763e-05
1.77582e-10	-4.81715e-05
1.80446e-10	-4.60393e-05
1.8331e-10	-4.388e-05
1.86174e-10	-4.16939e-05
1.89038e-10	-3.94814e-05
1.91903e-10	-3.72428e-05
1.94767e-10	-3.49787e-05
1.97631e-10	-3.26894e-05
2.00495e-10	-3.03753e-05
2.0336e-10	-2.80369e-05
2.06224e-10	-2.56745e-05
2.09088e-10	-2.32887e-05
2.11952e-10	-2.08798e-05
2.14816e-10	-1.84484e-05
2.17681e-10	-1.59949e-05
2.20545e-10	-1.35198e-05
2.23409e-10	-1.10236e-05
2.26273e-10	-8.5068e-06
2.29138e-10	-5.9699e-06
2.32002e-10	-3.41341e-06
2.34866e-10	-8.37876e-07
2.3773e-10	1.75618e-06
2.40594e-10	4.36821e-06
2.43459e-10	6.99766e-06
2.46323e-10	9.64397e-06
2.49187e-10	1.23066e-05
2.52051e-10	1.49849e-05
2.54915e-10	1.76783e-05
2.5778e-10	2.03863e-05
2.60644e-10	2.31082e-05
2.63508e-10	2.58434e-05
2.66372e-10	2.85914e-05
2.69237e-10	3.13514e-05
2.72101e-10	3.41228e-05
2.74965e-10	3.69051e-05
2.77829e-10	3.96975e-05
2.80693e-10	4.24994e-05
2.83558e-10	4.53101e-05
2.86422e-10	4.81291e-05
2.89286e-10	5.09555e-05
2.9215e-10	5.37887e-05
2.95015e-10	5.66281e-05
2.97879e-10	5.94728e-05
3.00743e-10	6.23223e-05
3.03607e-10	6.51758e-05
3.06471e-10	6.80327e-05
3.09336e-10	7.08921e-05
3.122e-10	7.37533e-05
3.15064e-10	7.66157e-05
3.17928e-10	7.94785e-05
3.20793e-10	8.23409e-05
3.23657e-10	8.52022e-05
3.26521e-10	8.80617e-05
3.29385e-10	9.09185e-05
3.32249e-10	9.3772e-05
3.35114e-10	9.66214e-05
3.37978e-10	9.94658e-05
3.40842e-10	0.000102305
3.43706e-10	0.000105137
3.4657e-10	0.000107962
3.49435e-10	0.000110779
3.52299e-10	0.000113587
3.55163e-10	0.000116386
3.58027e-10	0.000119174
3.60892e-10	0.000121951
3.63756e-10	0.000124716
3.6662e-10	0.000127468
3.69484e-10	0.000130207
3.72348e-10	0.000132931
3.75213e-10	0.00013564
3.78077e-10	0.000138332
3.80941e-10	0.000141008
3.83805e-10	0.000143667
3.8667e-10	0.000146307
3.89534e-10	0.000148927
3.92398e-10	0.000151527
3.95262e-10	0.000154107
3.98126e-10	0.000156665
4.00991e-10	0.0001592
4.03855e-10	0.000161712
4.06719e-10	0.000164199
4.09583e-10	0.000166662
4.12448e-10	0.000169098
4.15312e-10	0.000171508
4.18176e-10	0.000173891
4.2104e-10	0.000176245
4.23904e-10	0.00017857
4.26769e-10	0.000180866
4.29633e-10	0.00018313
4.32497e-10	0.000185364
4.35361e-10	0.000187564
4.38225e-10	0.000189732
4.4109e-10	0.000191866
4.43954e-10	0.000193965
4.46818e-10	0.000196029
4.49682e-10	0.000198056
4.52547e-10	0.000200046
4.55411e-10	0.000201999
4.58275e-10	0.000203913
4.61139e-10	0.000205787
4.64003e-10	0.000207622
4.66868e-10	0.000209416
4.69732e-10	0.000211168
4.72596e-10	0.000212877
4.7546e-10	0.000214544
4.78325e-10	0.000216166
4.81189e-10	0.000217744
4.84053e-10	0.000219277
4.86917e-10	0.000220764
4.89781e-10	0.000222204
4.92646e-10	0.000223597
4.9551e-10	0.000224942
4.98374e-10	0.000226237
5.01238e-10	0.000227484
5.04103e-10	0.00022868
5.06967e-10	0.000229825
5.09831e-10	0.000230919
5.12695e-10	0.000231961
5.15559e-10	0.000232951
5.18424e-10	0.000233886
5.21288e-10	0.000234768
5.24152e-10	0.000235596
5.27016e-10	0.000236368
5.29881e-10	0.000237085
5.32745e-10	0.000237745
5.35609e-10	0.000238348
5.38473e-10	0.000238894
5.41337e-10	0.000239382
5.44202e-10	0.000239812
5.47066e-10	0.000240182
5.4993e-10	0.000240493
5.52794e-10	0.000240744
5.55658e-10	0.000240935
5.58523e-10	0.000241064
5.61387e-10	0.000241132
5.64251e-10	0.000241139
5.67115e-10	0.000241083
5.6998e-10	0.000240964
5.72844e-10	0.000240782
5.75708e-10	0.000240537
5.78572e-10	0.000240228
5.81436e-10	0.000239855
5.84301e-10	0.000239417
5.87165e-10	0.000238914
5.90029e-10	0.000238346
5.92893e-10	0.000237713
5.95758e-10	0.000237014
5.98622e-10	0.000236248
6.01486e-10	0.000235417
6.0435e-10	0.000234518
6.07214e-10	0.000233553
6.10079e-10	0.000232521
6.12943e-10	0.000231422
6.15807e-10	0.000230255
6.18671e-10	0.000229021
6.21536e-10	0.000227719
6.244e-10	0.000226349
6.27264e-10	0.000224911
6.30128e-10	0.000223406
6.32992e-10	0.000221832
6.35857e-10	0.00022019
6.38721e-10	0.00021848
6.41585e-10	0.000216701
6.44449e-10	0.000214855
6.47313e-10	0.00021294
6.50178e-10	0.000210957
6.53042e-10	0.000208905
6.55906e-10	0.000206786
6.5877e-10	0.000204599
6.61635e-10	0.000202343
6.64499e-10	0.00020002
6.67363e-10	0.000197629
6.70227e-10	0.000195171
6.73091e-10	0.000192646
6.75956e-10	0.000190053
6.7882e-10	0.000187393
6.81684e-10	0.000184667
6.84548e-10	0.000181874
6.87413e-10	0.000179015
6.90277e-10	0.00017609
6.93141e-10	0.0001731
6.96005e-10	0.000170044
6.98869e-10	0.000166924
7.01734e-10	0.000163739
7.04598e-10	0.000160489
7.07462e-10	0.000157176
7.10326e-10	0.0001538
7.13191e-10	0.000150361
7.16055e-10	0.000146859
7.18919e-10	0.000143296
7.21783e-10	0.000139671
7.24647e-10	0.000135985
7.27512e-10	0.000132238
7.30376e-10	0.000128432
7.3324e-10	0.000124567
7.36104e-10	0.000120643
7.38968e-10	0.000116661
7.41833e-10	0.000112621
7.44697e-10	0.000108525
7.47561e-10	0.000104373
7.50425e-10	0.000100165
7.5329e-10	9.5903e-05
7.56154e-10	9.15868e-05
7.59018e-10	8.72175e-05
7.61882e-10	8.27957e-05
7.64746e-10	7.83224e-05
7.67611e-10	7.37982e-05
7.70475e-10	6.92241e-05
7.73339e-10	6.46008e-05
7.76203e-10	5.99293e-05
7.79068e-10	5.52104e-05
7.81932e-10	5.0445e-05
7.84796e-10	4.56341e-05
7.8766e-10	4.07786e-05
7.90524e-10	3.58793e-05
7.93389e-10	3.09374e-05
7.96253e-10	2.59538e-05
7.99117e-10	2.09295e-05
8.01981e-10	1.58655e-05
8.04846e-10	1.0763e-05
8.0771e-10	5.6228e-06
8.10574e-10	4.46156e-07
8.13438e-10	-4.76587e-06
8.16302e-10	-1.00122e-05
8.19167e-10	-1.52916e-05
8.22031e-10	-2.06031e-05
8.24895e-10	-2.59454e-05
8.27759e-10	-3.13174e-05
8.30623e-10	-3.67179e-05
8.33488e-10	-4.21456e-05
8.36352e-10	-4.75994e-05
8.39216e-10	-5.30781e-05
8.4208e-10	-5.85802e-05
8.44945e-10	-6.41047e-05
8.47809e-10	-6.96502e-05
8.50673e-10	-7.52154e-05
8.53537e-10	-8.0799e-05
8.56401e-10	-8.63997e-05
8.59266e-10	-9.20162e-05
8.6213e-10	-9.7647e-05
8.64994e-10	-0.000103291
8.67858e-10	-0.000108947
8.70723e-10	-0.000114612
8.73587e-10	-0.000120287
8.76451e-10	-0.000125969
8.79315e-10	-0.000131658
8.82179e-10	-0.00013735
8.85044e-10	-0.000143046
8.87908e-10	-0.000148744
8.90772e-10	-0.000154442
8.93636e-10	-0.000160139
8.96501e-10	-0.000165833
8.99365e-10	-0.000171523
9.02229e-10	-0.000177207
9.05093e-10	-0.000182884
9.07957e-10	-0.000188552
9.10822e-10	-0.00019421
9.13686e-10	-0.000199856
9.1655e-10	-0.000205489
9.19414e-10	-0.000211107
9.22278e-10	-0.000216708
9.25143e-10	-0.000222292
9.28007e-10	-0.000227855
9.30871e-10	-0.000233398
9.33735e-10	-0.000238918
9.366e-10	-0.000244414
9.39464e-10	-0.000249883
9.42328e-10	-0.000255326
9.45192e-10	-0.000260739
9.48056e-10	-0.000266121
9.50921e-10	-0.000271471
9.53785e-10	-0.000276788
9.56649e-10	-0.000282068
9.59513e-10	-0.000287312
9.62378e-10	-0.000292517
9.65242e-10	-0.000297682
9.68106e-10	-0.000302804
9.7097e-10	-0.000307884
9.73834e-10	-0.000312918
9.76699e-10	-0.000317905
9.79563e-10	-0.000322844
9.82427e-10	-0.000327733
9.85291e-10	-0.00033257
9.88156e-10	-0.000337354
9.9102e-10	-0.000342084
9.93884e-10	-0.000346757
9.96748e-10	-0.000351372
9.99612e-10	-0.000355928
1.00248e-09	-0.000360423
1.00534e-09	-0.000364854
1.00821e-09	-0.000369222
1.01107e-09	-0.000373524
1.01393e-09	-0.000377758
1.0168e-09	-0.000381924
1.01966e-09	-0.000386019
1.02253e-09	-0.000390042
1.02539e-09	-0.000393992
1.02825e-09	-0.000397867
1.03112e-09	-0.000401665
1.03398e-09	-0.000405385
1.03685e-09	-0.000409026
1.03971e-09	-0.000412586
1.04258e-09	-0.000416063
1.04544e-09	-0.000419456
1.0483e-09	-0.000422764
1.05117e-09	-0.000425986
1.05403e-09	-0.000429119
1.0569e-09	-0.000432162
1.05976e-09	-0.000435115
1.06263e-09	-0.000437975
1.06549e-09	-0.000440742
1.06835e-09	-0.000443414
1.07122e-09	-0.000445989
1.07408e-09	-0.000448467
1.07695e-09	-0.000450845
1.07981e-09	-0.000453124
1.08267e-09	-0.000455301
1.08554e-09	-0.000457375
1.0884e-09	-0.000459346
1.09127e-09	-0.000461211
1.09413e-09	-0.00046297
1.097e-09	-0.000464621
1.09986e-09	-0.000466164
1.10272e-09	-0.000467597
1.10559e-09	-0.000468919
1.10845e-09	-0.00047013
1.11132e-09	-0.000471227
1.11418e-09	-0.000472211
1.11705e-09	-0.000473079
1.11991e-09	-0.000473831
1.12277e-09	-0.000474467
1.12564e-09	-0.000474984
1.1285e-09	-0.000475383
1.13137e-09	-0.000475661
1.13423e-09	-0.00047582
1.13709e-09	-0.000475857
1.13996e-09	-0.000475771
1.14282e-09	-0.000475563
1.14569e-09	-0.000475231
1.14855e-09	-0.000474774
1.15142e-09	-0.000474192
1.15428e-09	-0.000473484
1.15714e-09	-0.000472649
1.16001e-09	-0.000471688
1.16287e-09	-0.000470598
1.16574e-09	-0.00046938
1.1686e-09	-0.000468034
1.17147e-09	-0.000466558
1.17433e-09	-0.000464952
1.17719e-09	-0.000463215
1.18006e-09	-0.000461348
1.18292e-09	-0.00045935
1.18579e-09	-0.000457221
1.18865e-09	-0.000454959
1.19152e-09	-0.000452566
1.19438e-09	-0.000450041
1.19724e-09	-0.000447382
1.20011e-09	-0.000444592
1.20297e-09	-0.000441668
1.20584e-09	-0.000438611
1.2087e-09	-0.000435421
1.21156e-09	-0.000432098
1.21443e-09	-0.000428642
1.21729e-09	-0.000425053
1.22016e-09	-0.000421331
1.22302e-09	-0.000417476
1.22589e-09	-0.000413488
1.22875e-09	-0.000409367
1.23161e-09	-0.000405113
1.23448e-09	-0.000400728
1.23734e-09	-0.00039621
1.24021e-09	-0.000391561
1.24307e-09	-0.00038678
1.24594e-09	-0.000381868
1.2488e-09	-0.000376826
1.25166e-09	-0.000371653
1.25453e-09	-0.000366351
1.25739e-09	-0.000360919
1.26026e-09	-0.000355359
1.26312e-09	-0.000349671
1.26598e-09	-0.000343855
1.26885e-09	-0.000337913
1.27171e-09	-0.000331845
1.27458e-09	-0.000325651
1.27744e-09	-0.000319333
1.28031e-09	-0.000312892
1.28317e-09	-0.000306327
1.28603e-09	-0.000299641
1.2889e-09	-0.000292833
1.29176e-09	-0.000285905
1.29463e-09	-0.000278859
1.29749e-09	-0.000271694
1.30036e-09	-0.000264413
1.30322e-09	-0.000257015
1.30608e-09	-0.000249504
1.30895e-09	-0.000241878
1.31181e-09	-0.00023414
1.31468e-09	-0.000226292
1.31754e-09	-0.000218334
1.3204e-09	-0.000210267
1.32327e-09	-0.000202093
1.32613e-09	-0.000193814
1.329e-09	-0.000185431
1.33186e-09	-0.000176945
1.33473e-09	-0.000168358
1.33759e-09	-0.000159672
1.34045e-09	-0.000150888
1.34332e-09	-0.000142007
1.34618e-09	-0.000133032
1.34905e-09	-0.000123964
1.35191e-09	-0.000114805
1.35478e-09	-0.000105556
1.35764e-09	-9.62195e-05
1.3605e-09	-8.67974e-05
1.36337e-09	-7.72914e-05
1.36623e-09	-6.77034e-05
1.3691e-09	-5.80354e-05
1.37196e-09	-4.82893e-05
1.37483e-09	-3.84671e-05
1.37769e-09	-2.85709e-05
1.38055e-09	-1.86028e-05
1.38342e-09	-8.56489e-06
1.38628e-09	1.54074e-06
1.38915e-09	1.17119e-05
1.39201e-09	2.19464e-05
1.39487e-09	3.2242e-05
1.39774e-09	4.25964e-05
1.4006e-09	5.30073e-05
1.40347e-09	6.34724e-05
1.40633e-09	7.39895e-05
1.4092e-09	8.4556e-05
1.41206e-09	9.51695e-05
1.41492e-09	0.000105828
1.41779e-09	0.000116528
1.42065e-09	0.000127268
1.42352e-09	0.000138046
1.42638e-09	0.000148857
1.42925e-09	0.000159701
1.43211e-09	0.000170575
1.43497e-09	0.000181475
1.43784e-09	0.0001924
1.4407e-09	0.000203346
1.44357e-09	0.00021431
1.44643e-09	0.000225292
1.44929e-09	0.000236286
1.45216e-09	0.000247291
1.45502e-09	0.000258304
1.45789e-09	0.000269322
1.46075e-09	0.000280343
1.46362e-09	0.000291363
1.46648e-09	0.000302379
1.46934e-09	0.000313389
1.47221e-09	0.000324391
1.47507e-09	0.00033538
1.47794e-09	0.000346354
1.4808e-09	0.00035731
1.48367e-09	0.000368246
1.48653e-09	0.000379157
1.48939e-09	0.000390042
1.49226e-09	0.000400897
1.49512e-09	0.00041172
1.49799e-09	0.000422507
1.50085e-09	0.000433255
1.50371e-09	0.000443961
1.50658e-09	0.000454622
1.50944e-09	0.000465236
1.51231e-09	0.000475798
1.51517e-09	0.000486307
1.51804e-09	0.000496759
1.5209e-09	0.000507151
1.52376e-09	0.000517479
1.52663e-09	0.000527741
1.52949e-09	0.000537934
1.53236e-09	0.000548055
1.53522e-09	0.0005581
1.53809e-09	0.000568067
1.54095e-09	0.000577952
1.54381e-09	0.000587753
1.54668e-09	0.000597465
1.54954e-09	0.000607087
1.55241e-09	0.000616615
1.55527e-09	0.000626046
1.55814e-09	0.000635377
1.561e-09	0.000644605
1.56386e-09	0.000653727
1.56673e-09	0.00066274
1.56959e-09	0.000671641
1.57246e-09	0.000680426
1.57532e-09	0.000689094
1.57818e-09	0.00069764
1.58105e-09	0.000706062
1.58391e-09	0.000714357
1.58678e-09	0.000722522
1.58964e-09	0.000730554
1.59251e-09	0.00073845
1.59537e-09	0.000746207
1.59823e-09	0.000753822
1.6011e-09	0.000761293
1.60396e-09	0.000768617
1.60683e-09	0.00077579
1.60969e-09	0.00078281
1.61256e-09	0.000789674
1.61542e-09	0.000796379
1.61828e-09	0.000802924
1.62115e-09	0.000809303
1.62401e-09	0.000815517
1.62688e-09	0.00082156
1.62974e-09	0.000827432
1.6326e-09	0.000833129
1.63547e-09	0.000838649
1.63833e-09	0.000843988
1.6412e-09	0.000849146
1.64406e-09	0.000854118
1.64693e-09	0.000858903
1.64979e-09	0.000863499
1.65265e-09	0.000867902
1.65552e-09	0.00087211
1.65838e-09	0.000876122
1.66125e-09	0.000879935
1.66411e-09	0.000883546
1.66698e-09	0.000886954
1.66984e-09	0.000890156
1.6727e-09	0.00089315
1.67557e-09	0.000895934
1.67843e-09	0.000898506
1.6813e-09	0.000900864
1.68416e-09	0.000903006
1.68702e-09	0.00090493
1.68989e-09	0.000906634
1.69275e-09	0.000908116
1.69562e-09	0.000909375
1.69848e-09	0.000910409
1.70135e-09	0.000911216
1.70421e-09	0.000911794
1.70707e-09	0.000912142
1.70994e-09	0.000912259
1.7128e-09	0.000912142
1.71567e-09	0.00091179
1.71853e-09	0.000911203
1.7214e-09	0.000910378
1.72426e-09	0.000909314
1.72712e-09	0.000908011
1.72999e-09	0.000906466
1.73285e-09	0.000904679
1.73572e-09	0.000902649
1.73858e-09	0.000900375
1.74145e-09	0.000897855
1.74431e-09	0.000895089
1.74717e-09	0.000892076
1.75004e-09	0.000888816
1.7529e-09	0.000885306
1.75577e-09	0.000881548
1.75863e-09	0.000877539
1.76149e-09	0.000873281
1.76436e-09	0.000868771
1.76722e-09	0.00086401
1.77009e-09	0.000858998
1.77295e-09	0.000853734
1.77582e-09	0.000848217
1.77868e-09	0.000842448
1.78154e-09	0.000836427
1.78441e-09	0.000830153
1.78727e-09	0.000823627
1.79014e-09	0.000816849
1.793e-09	0.000809818
1.79587e-09	0.000802535
1.79873e-09	0.000795001
1.80159e-09	0.000787215
1.80446e-09	0.000779179
1.80732e-09	0.000770891
1.81019e-09	0.000762355
1.81305e-09	0.000753568
1.81591e-09	0.000744534
1.81878e-09	0.000735251
1.82164e-09	0.000725722
1.82451e-09	0.000715947
1.82737e-09	0.000705926
1.83024e-09	0.000695662
1.8331e-09	0.000685154
1.83596e-09	0.000674405
1.83883e-09	0.000663416
1.84169e-09	0.000652187
1.84456e-09	0.00064072
1.84742e-09	0.000629017
1.85029e-09	0.00061708
1.85315e-09	0.000604909
1.85601e-09	0.000592507
1.85888e-09	0.000579875
1.86174e-09	0.000567015
1.86461e-09	0.000553929
1.86747e-09	0.000540619
1.87033e-09	0.000527086
1.8732e-09	0.000513334
1.87606e-09	0.000499364
1.87893e-09	0.000485179
1.88179e-09	0.00047078
1.88466e-09	0.00045617
1.88752e-09	0.000441352
1.89038e-09	0.000426327
1.89325e-09	0.0004111
1.89611e-09	0.000395671
1.89898e-09	0.000380045
1.90184e-09	0.000364223
1.90471e-09	0.00034821
1.90757e-09	0.000332006
1.91043e-09	0.000315616
1.9133e-09	0.000299043
1.91616e-09	0.00028229
1.91903e-09	0.000265359
1.92189e-09	0.000248255
1.92476e-09	0.00023098
1.92762e-09	0.000213537
1.93048e-09	0.000195932
1.93335e-09	0.000178166
1.93621e-09	0.000160243
1.93908e-09	0.000142168
1.94194e-09	0.000123943
1.9448e-09	0.000105573
1.94767e-09	8.70608e-05
1.95053e-09	6.84111e-05
1.9534e-09	4.96276e-05
1.95626e-09	3.07142e-05
1.95913e-09	1.1675e-05
1.96199e-09	-7.4859e-06
1.96485e-09	-2.67643e-05
1.96772e-09	-4.61559e-05
1.97058e-09	-6.56565e-05
1.97345e-09	-8.52617e-05
1.97631e-09	-0.000104967
1.97918e-09	-0.000124768
1.98204e-09	-0.000144661
1.9849e-09	-0.00016464
1.98777e-09	-0.000184702
1.99063e-09	-0.00020484
1.9935e-09	-0.000225052
1.99636e-09	-0.000245332
1.99922e-09	-0.000265675
2.00209e-09	-0.000286076
2.00495e-09	-0.000306531
2.00782e-09	-0.000327034
2.01068e-09	-0.000347581
2.01355e-09	-0.000368167
2.01641e-09	-0.000388786
2.01927e-09	-0.000409433
2.02214e-09	-0.000430104
2.025e-09	-0.000450793
2.02787e-09	-0.000471495
2.03073e-09	-0.000492204
2.0336e-09	-0.000512916
2.03646e-09	-0.000533625
2.03932e-09	-0.000554325
2.04219e-09	-0.000575012
2.04505e-09	-0.00059568
2.04792e-09	-0.000616323
2.05078e-09	-0.000636937
2.05364e-09	-0.000657515
2.05651e-09	-0.000678052
2.05937e-09	-0.000698542
2.06224e-09	-0.000718981
2.0651e-09	-0.000739362
2.06797e-09	-0.000759679
2.07083e-09	-0.000779928
2.07369e-09	-0.000800102
2.07656e-09	-0.000820196
2.07942e-09	-0.000840205
2.08229e-09	-0.000860122
2.08515e-09	-0.000879942
2.08802e-09	-0.000899659
2.09088e-09	-0.000919267
2.09374e-09	-0.000938761
2.09661e-09	-0.000958135
2.09947e-09	-0.000977384
2.10234e-09	-0.000996501
2.1052e-09	-0.00101548
2.10807e-09	-0.00103432
2.11093e-09	-0.00105301
2.11379e-09	-0.00107154
2.11666e-09	-0.00108992
2.11952e-09	-0.00110812
2.12239e-09	-0.00112616
2.12525e-09	-0.00114402
2.12811e-09	-0.0011617
2.13098e-09	-0.00117919
2.13384e-09	-0.00119648
2.13671e-09	-0.00121358
2.13957e-09	-0.00123047
2.14244e-09	-0.00124715
2.1453e-09	-0.00126361
2.14816e-09	-0.00127985
2.15103e-09	-0.00129586
2.15389e-09	-0.00131164
2.15676e-09	-0.00132718
2.15962e-09	-0.00134248
2.16249e-09	-0.00135753
2.16535e-09	-0.00137232
2.16821e-09	-0.00138685
2.17108e-09	-0.00140112
2.17394e-09	-0.00141511
2.17681e-09	-0.00142883
2.17967e-09	-0.00144227
2.18253e-09	-0.00145542
2.1854e-09	-0.00146828
2.18826e-09	-0.00148085
2.19113e-09	-0.00149311
2.19399e-09	-0.00150506
2.19686e-09	-0.00151671
2.19972e-09	-0.00152803
2.20258e-09	-0.00153904
2.20545e-09	-0.00154972
2.20831e-09	-0.00156007
2.21118e-09	-0.00157008
2.21404e-09	-0.00157975
2.21691e-09	-0.00158908
2.21977e-09	-0.00159806
2.22263e-09	-0.00160668
2.2255e-09	-0.00161495
2.22836e-09	-0.00162285
2.23123e-09	-0.00163039
2.23409e-09	-0.00163756
2.23695e-09	-0.00164435
2.23982e-09	-0.00165076
2.24268e-09	-0.00165679
2.24555e-09	-0.00166244
2.24841e-09	-0.00166769
2.25128e-09	-0.00167255
2.25414e-09	-0.00167701
2.257e-09	-0.00168107
2.25987e-09	-0.00168473
2.26273e-09	-0.00168797
2.2656e-09	-0.00169081
2.26846e-09	-0.00169323
2.27133e-09	-0.00169523
2.27419e-09	-0.00169681
2.27705e-09	-0.00169797
2.27992e-09	-0.0016987
2.28278e-09	-0.001699
2.28565e-09	-0.00169887
2.28851e-09	-0.0016983
2.29138e-09	-0.0016973
2.29424e-09	-0.00169585
2.2971e-09	-0.00169397
2.29997e-09	-0.00169164
2.30283e-09	-0.00168886
2.3057e-09	-0.00168563
2.30856e-09	-0.00168196
2.31142e-09	-0.00167783
2.31429e-09	-0.00167325
2.31715e-09	-0.00166822
2.32002e-09	-0.00166273
2.32288e-09	-0.00165678
2.32575e-09	-0.00165037
2.32861e-09	-0.0016435
2.33147e-09	-0.00163617
2.33434e-09	-0.00162837
2.3372e-09	-0.00162012
2.34007e-09	-0.0016114
2.34293e-09	-0.00160221
2.3458e-09	-0.00159256
2.34866e-09	-0.00158245
2.35152e-09	-0.00157187
2.35439e-09	-0.00156083
2.35725e-09	-0.00154932
2.36012e-09	-0.00153734
2.36298e-09	-0.0015249
2.36584e-09	-0.001512
2.36871e-09	-0.00149863
2.37157e-09	-0.0014848
2.37444e-09	-0.0014705
2.3773e-09	-0.00145575
2.38017e-09	-0.00144053
2.38303e-09	-0.00142486
2.38589e-09	-0.00140872
2.38876e-09	-0.00139213
2.39162e-09	-0.00137509
2.39449e-09	-0.00135759
2.39735e-09	-0.00133964
2.40022e-09	-0.00132123
2.40308e-09	-0.00130239
2.40594e-09	-0.00128309
2.40881e-09	-0.00126335
2.41167e-09	-0.00124317
2.41454e-09	-0.00122255
2.4174e-09	-0.0012015
2.42027e-09	-0.00118001
2.42313e-09	-0.0011581
2.42599e-09	-0.00113575
2.42886e-09	-0.00111298
2.43172e-09	-0.00108979
2.43459e-09	-0.00106619
2.43745e-09	-0.00104217
2.44031e-09	-0.00101774
2.44318e-09	-0.000992902
2.44604e-09	-0.000967663
2.44891e-09	-0.000942027
2.45177e-09	-0.000915997
2.45464e-09	-0.000889577
2.4575e-09	-0.000862772
2.46036e-09	-0.000835587
2.46323e-09	-0.000808026
2.46609e-09	-0.000780094
2.46896e-09	-0.000751795
2.47182e-09	-0.000723136
2.47469e-09	-0.000694121
2.47755e-09	-0.000664756
2.48041e-09	-0.000635045
2.48328e-09	-0.000604995
2.48614e-09	-0.000574612
2.48901e-09	-0.0005439
2.49187e-09	-0.000512867
2.49473e-09	-0.000481517
2.4976e-09	-0.000449858
2.50046e-09	-0.000417895
2.50333e-09	-0.000385635
2.50619e-09	-0.000353085
2.50906e-09	-0.00032025
2.51192e-09	-0.000287138
2.51478e-09	-0.000253756
2.51765e-09	-0.00022011
2.52051e-09	-0.000186208
2.52338e-09	-0.000152057
2.52624e-09	-0.000117664
2.52911e-09	-8.30363e-05
2.53197e-09	-4.81815e-05
2.53483e-09	-1.31073e-05
2.5377e-09	2.21787e-05
2.54056e-09	5.76686e-05
2.54343e-09	9.33546e-05
2.54629e-09	0.000129229
2.54915e-09	0.000165283
2.55202e-09	0.000201509
2.55488e-09	0.000237898
2.55775e-09	0.000274443
2.56061e-09	0.000311134
2.56348e-09	0.000347964
2.56634e-09	0.000384923
2.5692e-09	0.000422003
2.57207e-09	0.000459195
2.57493e-09	0.00049649
2.5778e-09	0.00053388
2.58066e-09	0.000571354
2.58353e-09	0.000608905
2.58639e-09	0.000646523
2.58925e-09	0.000684198
2.59212e-09	0.000721922
2.59498e-09	0.000759684
2.59785e-09	0.000797477
2.60071e-09	0.000835289
2.60358e-09	0.000873111
2.60644e-09	0.000910935
2.6093e-09	0.000948749
2.61217e-09	0.000986545
2.61503e-09	0.00102431
2.6179e-09	0.00106204
2.62076e-09	0.00109972
2.62362e-09	0.00113735
2.62649e-09	0.0011749
2.62935e-09	0.00121238
2.63222e-09	0.00124976
2.63508e-09	0.00128705
2.63795e-09	0.00132424
2.64081e-09	0.0013613
2.64367e-09	0.00139823
2.64654e-09	0.00143503
2.6494e-09	0.00147167
2.65227e-09	0.00150816
2.65513e-09	0.00154448
2.658e-09	0.00158061
2.66086e-09	0.00161656
2.66372e-09	0.0016523
2.66659e-09	0.00168784
2.66945e-09	0.00172315
2.67232e-09	0.00175823
2.67518e-09	0.00179307
2.67804e-09	0.00182765
2.68091e-09	0.00186198
2.68377e-09	0.00189603
2.68664e-09	0.00192979
2.6895e-09	0.00196327
2.69237e-09	0.00199643
2.69523e-09	0.00202929
2.69809e-09	0.00206182
2.70096e-09	0.00209401
2.70382e-09	0.00212586
2.70669e-09	0.00215736
2.70955e-09	0.00218849
2.71242e-09	0.00221924
2.71528e-09	0.00224961
2.71814e-09	0.00227958
2.72101e-09	0.00230915
2.72387e-09	0.0023383
2.72674e-09	0.00236702
2.7296e-09	0.00239531
2.73246e-09	0.00242316
2.73533e-09	0.00245055
2.73819e-09	0.00247748
2.74106e-09	0.00250393
2.74392e-09	0.0025299
2.74679e-09	0.00255537
2.74965e-09	0.00258035
2.75251e-09	0.00260481
2.75538e-09	0.00262875
2.75824e-09	0.00265216
2.76111e-09	0.00267503
2.76397e-09	0.00269735
2.76684e-09	0.00271912
2.7697e-09	0.00274032
2.77256e-09	0.00276094
2.77543e-09	0.00278098
2.77829e-09	0.00280043
2.78116e-09	0.00281928
2.78402e-09	0.00283753
2.78689e-09	0.00285515
2.78975e-09	0.00287215
2.79261e-09	0.00288852
2.79548e-09	0.00290424
2.79834e-09	0.00291932
2.80121e-09	0.00293374
2.80407e-09	0.0029475
2.80693e-09	0.00296059
2.8098e-09	0.002973
2.81266e-09	0.00298473
2.81553e-09	0.00299576
2.81839e-09	0.00300609
2.82126e-09	0.00301572
2.82412e-09	0.00302463
2.82698e-09	0.00303283
2.82985e-09	0.0030403
2.83271e-09	0.00304704
2.83558e-09	0.00305305
2.83844e-09	0.00305831
2.84131e-09	0.00306282
2.84417e-09	0.00306658
2.84703e-09	0.00306958
2.8499e-09	0.00307182
2.85276e-09	0.00307329
2.85563e-09	0.00307398
2.85849e-09	0.00307389
2.86135e-09	0.00307302
2.86422e-09	0.00307137
2.86708e-09	0.00306892
2.86995e-09	0.00306568
2.87281e-09	0.00306163
2.87568e-09	0.00305679
2.87854e-09	0.00305113
2.8814e-09	0.00304467
2.88427e-09	0.0030374
2.88713e-09	0.00302931
2.89e-09	0.0030204
2.89286e-09	0.00301068
2.89573e-09	0.00300013
2.89859e-09	0.00298875
2.90145e-09	0.00297655
2.90432e-09	0.00296353
2.90718e-09	0.00294967
2.91005e-09	0.00293498
2.91291e-09	0.00291946
2.91577e-09	0.00290311
2.91864e-09	0.00288592
2.9215e-09	0.00286791
2.92437e-09	0.00284905
2.92723e-09	0.00282937
2.9301e-09	0.00280885
2.93296e-09	0.0027875
2.93582e-09	0.00276532
2.93869e-09	0.0027423
2.94155e-09	0.00271846
2.94442e-09	0.00269379
2.94728e-09	0.00266829
2.95015e-09	0.00264196
2.95301e-09	0.00261481
2.95587e-09	0.00258684
2.95874e-09	0.00255806
2.9616e-09	0.00252845
2.96447e-09	0.00249804
2.96733e-09	0.00246681
2.9702e-09	0.00243478
2.97306e-09	0.00240194
2.97592e-09	0.00236831
2.97879e-09	0.00233388
2.98165e-09	0.00229866
2.98452e-09	0.00226265
2.98738e-09	0.00222586
2.99024e-09	0.0021883
2.99311e-09	0.00214996
2.99597e-09	0.00211086
2.99884e-09	0.002071
3.0017e-09	0.00203038
3.00457e-09	0.00198902
3.00743e-09	0.00194691
3.01029e-09	0.00190407
3.01316e-09	0.0018605
3.01602e-09	0.00181621
3.01889e-09	0.0017712
3.02175e-09	0.00172549
3.02462e-09	0.00167907
3.02748e-09	0.00163197
3.03034e-09	0.00158418
3.03321e-09	0.00153572
3.03607e-09	0.00148659
3.03894e-09	0.0014368
3.0418e-09	0.00138637
3.04466e-09	0.00133529
3.04753e-09	0.00128359
3.05039e-09	0.00123127
3.05326e-09	0.00117833
3.05612e-09	0.00112479
3.05899e-09	0.00107067
3.06185e-09	0.00101596
3.06471e-09	0.000960689
3.06758e-09	0.000904857
3.07044e-09	0.000848478
3.07331e-09	0.000791564
3.07617e-09	0.000734125
3.07904e-09	0.000676174
3.0819e-09	0.000617723
3.08476e-09	0.000558784
3.08763e-09	0.000499369
3.09049e-09	0.00043949
3.09336e-09	0.000379161
3.09622e-09	0.000318393
3.09908e-09	0.000257201
3.10195e-09	0.000195598
3.10481e-09	0.000133596
3.10768e-09	7.12093e-05
3.11054e-09	8.45224e-06
3.11341e-09	-5.46617e-05
3.11627e-09	-0.000118118
3.11913e-09	-0.000181903
3.122e-09	-0.000246002
3.12486e-09	-0.000310401
3.12773e-09	-0.000375083
3.13059e-09	-0.000440036
3.13346e-09	-0.000505243
3.13632e-09	-0.000570689
3.13918e-09	-0.000636359
3.14205e-09	-0.000702238
3.14491e-09	-0.000768309
3.14778e-09	-0.000834558
3.15064e-09	-0.000900967
3.15351e-09	-0.000967521
3.15637e-09	-0.0010342
3.15923e-09	-0.001101
3.1621e-09	-0.00116789
3.16496e-09	-0.00123486
3.16783e-09	-0.0013019
3.17069e-09	-0.00136898
3.17355e-09	-0.00143608
3.17642e-09	-0.00150321
3.17928e-09	-0.00157032
3.18215e-09	-0.00163742
3.18501e-09	-0.00170447
3.18788e-09	-0.00177147
3.19074e-09	-0.00183839
3.1936e-09	-0.00190522
3.19647e-09	-0.00197195
3.19933e-09	-0.00203854
3.2022e-09	-0.00210499
3.20506e-09	-0.00217128
3.20793e-09	-0.00223739
3.21079e-09	-0.0023033
3.21365e-09	-0.00236899
3.21652e-09	-0.00243445
3.21938e-09	-0.00249966
3.22225e-09	-0.0025646
3.22511e-09	-0.00262925
3.22797e-09	-0.00269359
3.23084e-09	-0.00275761
3.2337e-09	-0.00282129
3.23657e-09	-0.0028846
3.23943e-09	-0.00294754
3.2423e-09	-0.00301007
3.24516e-09	-0.0030722
3.24802e-09	-0.00313389
3.25089e-09	-0.00319512
3.25375e-09	-0.00325589
3.25662e-09	-0.00331617
3.25948e-09	-0.00337594
3.26235e-09	-0.00343519
3.26521e-09	-0.0034939
3.26807e-09	-0.00355205
3.27094e-09	-0.00360962
3.2738e-09	-0.00366659
3.27667e-09	-0.00372295
3.27953e-09	-0.00377867
3.28239e-09	-0.00383375
3.28526e-09	-0.00388816
3.28812e-09	-0.00394188
3.29099e-09	-0.0039949
3.29385e-09	-0.00404721
3.29672e-09	-0.00409877
3.29958e-09	-0.00414958
3.30244e-09	-0.00419962
3.30531e-09	-0.00424887
3.30817e-09	-0.00429732
3.31104e-09	-0.00434494
3.3139e-09	-0.00439172
3.31677e-09	-0.00443765
3.31963e-09	-0.00448271
3.32249e-09	-0.00452688
3.32536e-09	-0.00457014
3.32822e-09	-0.00461248
3.33109e-09	-0.00465389
3.33395e-09	-0.00469434
3.33682e-09	-0.00473383
3.33968e-09	-0.00477233
3.34254e-09	-0.00480983
3.34541e-09	-0.00484632
3.34827e-09	-0.00488178
3.35114e-09	-0.0049162
3.354e-09	-0.00494956
3.35686e-09	-0.00498185
3.35973e-09	-0.00501305
3.36259e-09	-0.00504315
3.36546e-09	-0.00507214
3.36832e-09	-0.0051
3.37119e-09	-0.00512672
3.37405e-09	-0.00515228
3.37691e-09	-0.00517668
3.37978e-09	-0.0051999
3.38264e-09	-0.00522193
3.38551e-09	-0.00524275
3.38837e-09	-0.00526235
3.39124e-09	-0.00528073
3.3941e-09	-0.00529787
3.39696e-09	-0.00531376
3.39983e-09	-0.00532839
3.40269e-09	-0.00534175
3.40556e-09	-0.00535382
3.40842e-09	-0.0053646
3.41128e-09	-0.00537408
3.41415e-09	-0.00538225
3.41701e-09	-0.0053891
3.41988e-09	-0.00539461
3.42274e-09	-0.00539879
3.42561e-09	-0.00540162
3.42847e-09	-0.00540309
3.43133e-09	-0.00540321
3.4342e-09	-0.00540195
3.43706e-09	-0.00539931
3.43993e-09	-0.00539529
3.44279e-09	-0.00538988
3.44566e-09	-0.00538307
3.44852e-09	-0.00537486
3.45138e-09	-0.00536523
3.45425e-09	-0.0053542
3.45711e-09	-0.00534174
3.45998e-09	-0.00532787
3.46284e-09	-0.00531256
3.4657e-09	-0.00529582
3.46857e-09	-0.00527765
3.47143e-09	-0.00525804
3.4743e-09	-0.00523699
3.47716e-09	-0.00521449
3.48003e-09	-0.00519055
3.48289e-09	-0.00516516
3.48575e-09	-0.00513832
3.48862e-09	-0.00511003
3.49148e-09	-0.00508029
3.49435e-09	-0.0050491
3.49721e-09	-0.00501645
3.50008e-09	-0.00498236
3.50294e-09	-0.00494682
3.5058e-09	-0.00490983
3.50867e-09	-0.00487139
3.51153e-09	-0.00483151
3.5144e-09	-0.00479018
3.51726e-09	-0.00474741
3.52013e-09	-0.00470321
3.52299e-09	-0.00465757
3.52585e-09	-0.0046105
3.52872e-09	-0.00456201
3.53158e-09	-0.0045121
3.53445e-09	-0.00446077
3.53731e-09	-0.00440803
3.54017e-09	-0.00435388
3.54304e-09	-0.00429834
3.5459e-09	-0.00424141
3.54877e-09	-0.00418309
3.55163e-09	-0.00412339
3.5545e-09	-0.00406232
3.55736e-09	-0.00399989
3.56022e-09	-0.00393611
3.56309e-09	-0.00387099
3.56595e-09	-0.00380453
3.56882e-09	-0.00373674
3.57168e-09	-0.00366764
3.57455e-09	-0.00359724
3.57741e-09	-0.00352554
3.58027e-09	-0.00345256
3.58314e-09	-0.00337831
3.586e-09	-0.0033028
3.58887e-09	-0.00322604
3.59173e-09	-0.00314806
3.59459e-09	-0.00306885
3.59746e-09	-0.00298843
3.60032e-09	-0.00290683
3.60319e-09	-0.00282404
3.60605e-09	-0.00274009
3.60892e-09	-0.002655
3.61178e-09	-0.00256877
3.61464e-09	-0.00248142
3.61751e-09	-0.00239298
3.62037e-09	-0.00230345
3.62324e-09	-0.00221285
3.6261e-09	-0.00212121
3.62897e-09	-0.00202853
3.63183e-09	-0.00193484
3.63469e-09	-0.00184015
3.63756e-09	-0.00174449
3.64042e-09	-0.00164787
3.64329e-09	-0.00155031
3.64615e-09	-0.00145183
3.64901e-09	-0.00135246
3.65188e-09	-0.00125221
3.65474e-09	-0.0011511
3.65761e-09	-0.00104916
3.66047e-09	-0.000946399
3.66334e-09	-0.00084285
3.6662e-09	-0.000738531
3.66906e-09	-0.000633464
3.67193e-09	-0.000527673
3.67479e-09	-0.000421181
3.67766e-09	-0.00031401
3.68052e-09	-0.000206185
3.68339e-09	-9.77291e-05
3.68625e-09	1.1333e-05
3.68911e-09	0.000120977
3.69198e-09	0.000231177
3.69484e-09	0.00034191
3.69771e-09	0.000453149
3.70057e-09	0.000564869
3.70344e-09	0.000677043
3.7063e-09	0.000789647
3.70916e-09	0.000902653
3.71203e-09	0.00101603
3.71489e-09	0.00112976
3.71776e-09	0.00124382
3.72062e-09	0.00135816
3.72348e-09	0.00147278
3.72635e-09	0.00158763
3.72921e-09	0.00170269
3.73208e-09	0.00181794
3.73494e-09	0.00193334
3.73781e-09	0.00204887
3.74067e-09	0.00216449
3.74353e-09	0.00228018
3.7464e-09	0.00239592
3.74926e-09	0.00251166
3.75213e-09	0.00262738
3.75499e-09	0.00274305
3.75786e-09	0.00285865
3.76072e-09	0.00297413
3.76358e-09	0.00308948
3.76645e-09	0.00320466
3.76931e-09	0.00331964
3.77218e-09	0.00343439
3.77504e-09	0.00354888
3.7779e-09	0.00366308
3.78077e-09	0.00377695
3.78363e-09	0.00389048
3.7865e-09	0.00400363
3.78936e-09	0.00411636
3.79223e-09	0.00422865
3.79509e-09	0.00434046
3.79795e-09	0.00445176
3.80082e-09	0.00456253
3.80368e-09	0.00467273
3.80655e-09	0.00478234
3.80941e-09	0.00489131
3.81228e-09	0.00499962
3.81514e-09	0.00510724
3.818e-09	0.00521413
3.82087e-09	0.00532027
3.82373e-09	0.00542563
3.8266e-09	0.00553017
3.82946e-09	0.00563386
3.83232e-09	0.00573667
3.83519e-09	0.00583857
3.83805e-09	0.00593954
3.84092e-09	0.00603953
3.84378e-09	0.00613852
3.84665e-09	0.00623648
3.84951e-09	0.00633338
3.85237e-09	0.00642919
3.85524e-09	0.00652388
3.8581e-09	0.00661741
3.86097e-09	0.00670976
3.86383e-09	0.0068009
3.8667e-09	0.0068908
3.86956e-09	0.00697942
3.87242e-09	0.00706675
3.87529e-09	0.00715275
3.87815e-09	0.00723739
3.88102e-09	0.00732064
3.88388e-09	0.00740248
3.88675e-09	0.00748288
3.88961e-09	0.0075618
3.89247e-09	0.00763923
3.89534e-09	0.00771513
3.8982e-09	0.00778947
3.90107e-09	0.00786223
3.90393e-09	0.00793339
3.90679e-09	0.00800291
3.90966e-09	0.00807077
3.91252e-09	0.00813694
3.91539e-09	0.00820141
3.91825e-09	0.00826413
3.92112e-09	0.00832509
3.92398e-09	0.00838427
3.92684e-09	0.00844163
3.92971e-09	0.00849715
3.93257e-09	0.00855082
3.93544e-09	0.00860261
3.9383e-09	0.00865248
3.94117e-09	0.00870043
3.94403e-09	0.00874643
3.94689e-09	0.00879046
3.94976e-09	0.00883249
3.95262e-09	0.00887251
3.95549e-09	0.00891049
3.95835e-09	0.00894641
3.96121e-09	0.00898026
3.96408e-09	0.00901201
3.96694e-09	0.00904165
3.96981e-09	0.00906916
3.97267e-09	0.00909451
3.97554e-09	0.0091177
3.9784e-09	0.0091387
3.98126e-09	0.00915749
3.98413e-09	0.00917407
3.98699e-09	0.00918842
3.98986e-09	0.00920051
3.99272e-09	0.00921034
3.99559e-09	0.00921789
3.99845e-09	0.00922315
4.00131e-09	0.0092261
4.00418e-09	0.00922673
4.00704e-09	0.00922503
4.00991e-09	0.009221
4.01277e-09	0.0092146
4.01563e-09	0.00920584
4.0185e-09	0.00919471
4.02136e-09	0.0091812
4.02423e-09	0.00916529
4.02709e-09	0.00914698
4.02996e-09	0.00912626
4.03282e-09	0.00910313
4.03568e-09	0.00907758
4.03855e-09	0.00904959
4.04141e-09	0.00901918
4.04428e-09	0.00898632
4.04714e-09	0.00895102
4.05001e-09	0.00891328
4.05287e-09	0.00887308
4.05573e-09	0.00883044
4.0586e-09	0.00878533
4.06146e-09	0.00873778
4.06433e-09	0.00868777
4.06719e-09	0.0086353
4.07006e-09	0.00858038
4.07292e-09	0.008523
4.07578e-09	0.00846318
4.07865e-09	0.0084009
4.08151e-09	0.00833618
4.08438e-09	0.00826902
4.08724e-09	0.00819942
4.0901e-09	0.00812738
4.09297e-09	0.00805293
4.09583e-09	0.00797605
4.0987e-09	0.00789675
4.10156e-09	0.00781506
4.10443e-09	0.00773096
4.10729e-09	0.00764448
4.11015e-09	0.00755562
4.11302e-09	0.0074644
4.11588e-09	0.00737081
4.11875e-09	0.00727488
4.12161e-09	0.00717662
4.12448e-09	0.00707604
4.12734e-09	0.00697316
4.1302e-09	0.00686798
4.13307e-09	0.00676053
4.13593e-09	0.00665082
4.1388e-09	0.00653886
4.14166e-09	0.00642467
4.14452e-09	0.00630828
4.14739e-09	0.00618969
4.15025e-09	0.00606893
4.15312e-09	0.00594602
4.15598e-09	0.00582097
4.15885e-09	0.00569381
4.16171e-09	0.00556457
4.16457e-09	0.00543325
4.16744e-09	0.00529989
4.1703e-09	0.0051645
4.17317e-09	0.00502712
4.17603e-09	0.00488777
4.1789e-09	0.00474647
4.18176e-09	0.00460324
4.18462e-09	0.00445812
4.18749e-09	0.00431114
4.19035e-09	0.00416231
4.19322e-09	0.00401167
4.19608e-09	0.00385925
4.19894e-09	0.00370507
4.20181e-09	0.00354918
4.20467e-09	0.00339159
4.20754e-09	0.00323234
4.2104e-09	0.00307146
4.21327e-09	0.00290898
4.21613e-09	0.00274495
4.21899e-09	0.00257938
4.22186e-09	0.00241232
4.22472e-09	0.0022438
4.22759e-09	0.00207385
4.23045e-09	0.00190252
4.23332e-09	0.00172983
4.23618e-09	0.00155583
4.23904e-09	0.00138056
4.24191e-09	0.00120404
4.24477e-09	0.00102632
4.24764e-09	0.000847442
4.2505e-09	0.00066744
4.25337e-09	0.000486355
4.25623e-09	0.00030423
4.25909e-09	0.000121103
4.26196e-09	-6.29828e-05
4.26482e-09	-0.000247986
4.26769e-09	-0.000433864
4.27055e-09	-0.000620574
4.27341e-09	-0.000808073
4.27628e-09	-0.000996318
4.27914e-09	-0.00118526
4.28201e-09	-0.00137487
4.28487e-09	-0.00156508
4.28774e-09	-0.00175586
4.2906e-09	-0.00194716
4.29346e-09	-0.00213894
4.29633e-09	-0.00233115
4.29919e-09	-0.00252374
4.30206e-09	-0.00271666
4.30492e-09	-0.00290987
4.30779e-09	-0.00310333
4.31065e-09	-0.00329697
4.31351e-09	-0.00349076
4.31638e-09	-0.00368465
4.31924e-09	-0.00387858
4.32211e-09	-0.00407251
4.32497e-09	-0.00426639
4.32783e-09	-0.00446017
4.3307e-09	-0.0046538
4.33356e-09	-0.00484722
4.33643e-09	-0.0050404
4.33929e-09	-0.00523328
4.34216e-09	-0.0054258
4.34502e-09	-0.00561793
4.34788e-09	-0.0058096
4.35075e-09	-0.00600076
4.35361e-09	-0.00619138
4.35648e-09	-0.00638138
4.35934e-09	-0.00657073
4.36221e-09	-0.00675937
4.36507e-09	-0.00694726
4.36793e-09	-0.00713433
4.3708e-09	-0.00732053
4.37366e-09	-0.00750583
4.37653e-09	-0.00769015
4.37939e-09	-0.00787346
4.38225e-09	-0.0080557
4.38512e-09	-0.00823682
4.38798e-09	-0.00841677
4.39085e-09	-0.00859549
4.39371e-09	-0.00877293
4.39658e-09	-0.00894905
4.39944e-09	-0.0091238
4.4023e-09	-0.00929711
4.40517e-09	-0.00946894
4.40803e-09	-0.00963924
4.4109e-09	-0.00980796
4.41376e-09	-0.00997504
4.41663e-09	-0.0101404
4.41949e-09	-0.0103041
4.42235e-09	-0.010466
4.42522e-09	-0.010626
4.42808e-09	-0.0107842
4.43095e-09	-0.0109404
4.43381e-09	-0.0110947
4.43668e-09	-0.0112469
4.43954e-09	-0.011397
4.4424e-09	-0.0115451
4.44527e-09	-0.0116909
4.44813e-09	-0.0118345
4.451e-09	-0.0119758
4.45386e-09	-0.0121148
4.45672e-09	-0.0122515
4.45959e-09	-0.0123857
4.46245e-09	-0.0125175
4.46532e-09	-0.0126468
4.46818e-09	-0.0127735
4.47105e-09	-0.0128976
4.47391e-09	-0.0130191
4.47677e-09	-0.0131379
4.47964e-09	-0.013254
4.4825e-09	-0.0133673
4.48537e-09	-0.0134778
4.48823e-09	-0.0135855
4.4911e-09	-0.0136903
4.49396e-09	-0.0137921
4.49682e-09	-0.0138909
4.49969e-09	-0.0139868
4.50255e-09	-0.0140795
4.50542e-09	-0.0141692
4.50828e-09	-0.0142558
4.51114e-09	-0.0143392
4.51401e-09	-0.0144193
4.51687e-09	-0.0144963
4.51974e-09	-0.0145699
4.5226e-09	-0.0146403
4.52547e-09	-0.0147073
4.52833e-09	-0.0147709
4.53119e-09	-0.0148311
4.53406e-09	-0.0148879
4.53692e-09	-0.0149412
4.53979e-09	-0.014991
4.54265e-09	-0.0150372
4.54552e-09	-0.0150799
4.54838e-09	-0.015119
4.55124e-09	-0.0151545
4.55411e-09	-0.0151863
4.55697e-09	-0.0152144
4.55984e-09	-0.0152389
4.5627e-09	-0.0152596
4.56556e-09	-0.0152766
4.56843e-09	-0.0152898
4.57129e-09	-0.0152992
4.57416e-09	-0.0153048
4.57702e-09	-0.0153066
4.57989e-09	-0.0153045
4.58275e-09	-0.0152985
4.58561e-09	-0.0152887
4.58848e-09	-0.015275
4.59134e-09	-0.0152573
4.59421e-09	-0.0152357
4.59707e-09	-0.0152102
4.59994e-09	-0.0151807
4.6028e-09	-0.0151472
4.60566e-09	-0.0151097
4.60853e-09	-0.0150683
4.61139e-09	-0.0150228
4.61426e-09	-0.0149734
4.61712e-09	-0.0149199
4.61999e-09	-0.0148624
4.62285e-09	-0.0148008
4.62571e-09	-0.0147353
4.62858e-09	-0.0146657
4.63144e-09	-0.014592
4.63431e-09	-0.0145143
4.63717e-09	-0.0144326
4.64003e-09	-0.0143469
4.6429e-09	-0.0142571
4.64576e-09	-0.0141633
4.64863e-09	-0.0140654
4.65149e-09	-0.0139635
4.65436e-09	-0.0138576
4.65722e-09	-0.0137477
4.66008e-09	-0.0136338
4.66295e-09	-0.0135159
4.66581e-09	-0.0133941
4.66868e-09	-0.0132682
4.67154e-09	-0.0131384
4.67441e-09	-0.0130047
4.67727e-09	-0.012867
4.68013e-09	-0.0127254
4.683e-09	-0.0125799
4.68586e-09	-0.0124306
4.68873e-09	-0.0122774
4.69159e-09	-0.0121203
4.69445e-09	-0.0119594
4.69732e-09	-0.0117948
4.70018e-09	-0.0116263
4.70305e-09	-0.0114542
4.70591e-09	-0.0112783
4.70878e-09	-0.0110987
4.71164e-09	-0.0109154
4.7145e-09	-0.0107285
4.71737e-09	-0.010538
4.72023e-09	-0.0103439
4.7231e-09	-0.0101462
4.72596e-09	-0.00994508
4.72883e-09	-0.00974045
4.73169e-09	-0.00953237
4.73455e-09	-0.00932089
4.73742e-09	-0.00910604
4.74028e-09	-0.00888786
4.74315e-09	-0.00866638
4.74601e-09	-0.00844165
4.74888e-09	-0.00821371
4.75174e-09	-0.0079826
4.7546e-09	-0.00774836
4.75747e-09	-0.00751104
4.76033e-09	-0.00727069
4.7632e-09	-0.00702734
4.76606e-09	-0.00678105
4.76892e-09	-0.00653187
4.77179e-09	-0.00627985
4.77465e-09	-0.00602502
4.77752e-09	-0.00576746
4.78038e-09	-0.0055072
4.78325e-09	-0.00524431
4.78611e-09	-0.00497883
4.78897e-09	-0.00471081
4.79184e-09	-0.00444033
4.7947e-09	-0.00416743
4.79757e-09	-0.00389217
4.80043e-09	-0.0036146
4.8033e-09	-0.0033348
4.80616e-09	-0.00305281
4.80902e-09	-0.0027687
4.81189e-09	-0.00248253
4.81475e-09	-0.00219437
4.81762e-09	-0.00190427
4.82048e-09	-0.0016123
4.82334e-09	-0.00131853
4.82621e-09	-0.00102302
4.82907e-09	-0.000725841
4.83194e-09	-0.000427057
4.8348e-09	-0.000126736
4.83767e-09	0.000175053
4.84053e-09	0.000478239
4.84339e-09	0.000782754
4.84626e-09	0.00108853
4.84912e-09	0.00139548
4.85199e-09	0.00170355
4.85485e-09	0.00201267
4.85772e-09	0.00232275
4.86058e-09	0.00263372
4.86344e-09	0.00294551
4.86631e-09	0.00325805
4.86917e-09	0.00357125
4.87204e-09	0.00388505
4.8749e-09	0.00419936
4.87776e-09	0.00451412
4.88063e-09	0.00482923
4.88349e-09	0.00514462
4.88636e-09	0.00546023
4.88922e-09	0.00577595
4.89209e-09	0.00609172
4.89495e-09	0.00640746
4.89781e-09	0.00672309
4.90068e-09	0.00703852
4.90354e-09	0.00735367
4.90641e-09	0.00766847
4.90927e-09	0.00798284
4.91214e-09	0.00829668
4.915e-09	0.00860992
4.91786e-09	0.00892248
4.92073e-09	0.00923427
4.92359e-09	0.00954522
4.92646e-09	0.00985524
4.92932e-09	0.0101642
4.93219e-09	0.0104721
4.93505e-09	0.0107789
4.93791e-09	0.0110843
4.94078e-09	0.0113885
4.94364e-09	0.0116911
4.94651e-09	0.0119923
4.94937e-09	0.0122919
4.95223e-09	0.0125898
4.9551e-09	0.0128859
4.95796e-09	0.0131802
4.96083e-09	0.0134726
4.96369e-09	0.0137629
4.96656e-09	0.0140512
4.96942e-09	0.0143373
4.97228e-09	0.0146211
4.97515e-09	0.0149025
4.97801e-09	0.0151816
4.98088e-09	0.0154581
4.98374e-09	0.0157321
4.98661e-09	0.0160034
4.98947e-09	0.0162719
4.99233e-09	0.0165376
4.9952e-09	0.0168004
4.99806e-09	0.0170602
5.00093e-09	0.0173169
5.00379e-09	0.0175704
5.00665e-09	0.0178208
5.00952e-09	0.0180678
5.01238e-09	0.0183114
5.01525e-09	0.0185516
5.01811e-09	0.0187882
5.02098e-09	0.0190212
5.02384e-09	0.0192505
5.0267e-09	0.0194761
5.02957e-09	0.0196978
5.03243e-09	0.0199156
5.0353e-09	0.0201294
5.03816e-09	0.0203391
5.04103e-09	0.0205447
5.04389e-09	0.0207461
5.04675e-09	0.0209432
5.04962e-09	0.0211359
5.05248e-09	0.0213242
5.05535e-09	0.0215081
5.05821e-09	0.0216874
5.06107e-09	0.0218621
5.06394e-09	0.0220321
5.0668e-09	0.0221973
5.06967e-09	0.0223577
5.07253e-09	0.0225133
5.0754e-09	0.0226639
5.07826e-09	0.0228095
5.08112e-09	0.0229501
5.08399e-09	0.0230855
5.08685e-09	0.0232158
5.08972e-09	0.0233408
5.09258e-09	0.0234605
5.09545e-09	0.0235749
5.09831e-09	0.0236839
5.10117e-09	0.0237874
5.10404e-09	0.0238855
5.1069e-09	0.023978
5.10977e-09	0.0240648
5.11263e-09	0.0241461
5.1155e-09	0.0242216
5.11836e-09	0.0242914
5.12122e-09	0.0243554
5.12409e-09	0.0244136
5.12695e-09	0.0244659
5.12982e-09	0.0245123
5.13268e-09	0.0245527
5.13554e-09	0.0245872
5.13841e-09	0.0246156
5.14127e-09	0.024638
5.14414e-09	0.0246543
5.147e-09	0.0246645
5.14987e-09	0.0246685
5.15273e-09	0.0246663
5.15559e-09	0.0246579
5.15846e-09	0.0246433
5.16132e-09	0.0246224
5.16419e-09	0.0245952
5.16705e-09	0.0245617
5.16992e-09	0.0245218
5.17278e-09	0.0244757
5.17564e-09	0.0244231
5.17851e-09	0.0243642
5.18137e-09	0.0242989
5.18424e-09	0.0242271
5.1871e-09	0.024149
5.18996e-09	0.0240644
5.19283e-09	0.0239734
5.19569e-09	0.0238759
5.19856e-09	0.023772
5.20142e-09	0.0236616
5.20429e-09	0.0235447
5.20715e-09	0.0234214
5.21001e-09	0.0232917
5.21288e-09	0.0231555
5.21574e-09	0.0230129
5.21861e-09	0.0228638
5.22147e-09	0.0227083
5.22434e-09	0.0225463
5.2272e-09	0.022378
5.23006e-09	0.0222032
5.23293e-09	0.0220221
5.23579e-09	0.0218346
5.23866e-09	0.0216408
5.24152e-09	0.0214406
5.24438e-09	0.0212341
5.24725e-09	0.0210214
5.25011e-09	0.0208024
5.25298e-09	0.0205771
5.25584e-09	0.0203457
5.25871e-09	0.0201081
5.26157e-09	0.0198643
5.26443e-09	0.0196145
5.2673e-09	0.0193585
5.27016e-09	0.0190966
5.27303e-09	0.0188286
5.27589e-09	0.0185547
5.27876e-09	0.0182749
5.28162e-09	0.0179892
5.28448e-09	0.0176977
5.28735e-09	0.0174004
5.29021e-09	0.0170974
5.29308e-09	0.0167887
5.29594e-09	0.0164744
5.29881e-09	0.0161545
5.30167e-09	0.0158291
5.30453e-09	0.0154983
5.3074e-09	0.0151621
5.31026e-09	0.0148205
5.31313e-09	0.0144736
5.31599e-09	0.0141215
5.31885e-09	0.0137643
5.32172e-09	0.013402
5.32458e-09	0.0130347
5.32745e-09	0.0126625
5.33031e-09	0.0122854
5.33318e-09	0.0119035
5.33604e-09	0.0115168
5.3389e-09	0.0111256
5.34177e-09	0.0107297
5.34463e-09	0.0103294
5.3475e-09	0.00992468
5.35036e-09	0.00951562
5.35323e-09	0.00910233
5.35609e-09	0.00868488
5.35895e-09	0.00826337
5.36182e-09	0.00783787
5.36468e-09	0.00740849
5.36755e-09	0.00697531
5.37041e-09	0.00653842
5.37327e-09	0.00609791
5.37614e-09	0.00565389
5.379e-09	0.00520645
5.38187e-09	0.00475569
5.38473e-09	0.0043017
5.3876e-09	0.00384458
5.39046e-09	0.00338444
5.39332e-09	0.00292138
5.39619e-09	0.00245551
5.39905e-09	0.00198692
5.40192e-09	0.00151573
5.40478e-09	0.00104204
5.40765e-09	0.000565958
5.41051e-09	8.75973e-05
5.41337e-09	-0.000392933
5.41624e-09	-0.000875522
5.4191e-09	-0.00136006
5.42197e-09	-0.00184642
5.42483e-09	-0.0023345
5.42769e-09	-0.00282419
5.43056e-09	-0.00331536
5.43342e-09	-0.00380789
5.43629e-09	-0.00430168
5.43915e-09	-0.00479659
5.44202e-09	-0.00529252
5.44488e-09	-0.00578933
5.44774e-09	-0.00628692
5.45061e-09	-0.00678515
5.45347e-09	-0.0072839
5.45634e-09	-0.00778305
5.4592e-09	-0.00828248
5.46207e-09	-0.00878205
5.46493e-09	-0.00928165
5.46779e-09	-0.00978115
5.47066e-09	-0.0102804
5.47352e-09	-0.0107793
5.47639e-09	-0.0112778
5.47925e-09	-0.0117756
5.48212e-09	-0.0122727
5.48498e-09	-0.0127689
5.48784e-09	-0.0132641
5.49071e-09	-0.0137582
5.49357e-09	-0.0142511
5.49644e-09	-0.0147425
5.4993e-09	-0.0152324
5.50216e-09	-0.0157207
5.50503e-09	-0.0162072
5.50789e-09	-0.0166919
5.51076e-09	-0.0171744
5.51362e-09	-0.0176548
5.51649e-09	-0.0181329
5.51935e-09	-0.0186086
5.52221e-09	-0.0190817
5.52508e-09	-0.0195521
5.52794e-09	-0.0200197
5.53081e-09	-0.0204843
5.53367e-09	-0.0209459
5.53654e-09	-0.0214042
5.5394e-09	-0.0218592
5.54226e-09	-0.0223107
5.54513e-09	-0.0227586
5.54799e-09	-0.0232028
5.55086e-09	-0.0236431
5.55372e-09	-0.0240794
5.55658e-09	-0.0245117
5.55945e-09	-0.0249396
5.56231e-09	-0.0253632
5.56518e-09	-0.0257823
5.56804e-09	-0.0261968
5.57091e-09	-0.0266066
5.57377e-09	-0.0270114
5.57663e-09	-0.0274113
5.5795e-09	-0.027806
5.58236e-09	-0.0281956
5.58523e-09	-0.0285797
5.58809e-09	-0.0289584
5.59096e-09	-0.0293314
5.59382e-09	-0.0296988
5.59668e-09	-0.0300603
5.59955e-09	-0.0304159
5.60241e-09	-0.0307653
5.60528e-09	-0.0311087
5.60814e-09	-0.0314457
5.611e-09	-0.0317762
5.61387e-09	-0.0321003
5.61673e-09	-0.0324178
5.6196e-09	-0.0327284
5.62246e-09	-0.0330323
5.62533e-09	-0.0333292
5.62819e-09	-0.033619
5.63105e-09	-0.0339017
5.63392e-09	-0.0341771
5.63678e-09	-0.0344451
5.63965e-09	-0.0347056
5.64251e-09	-0.0349586
5.64538e-09	-0.0352039
5.64824e-09	-0.0354415
5.6511e-09	-0.0356712
5.65397e-09	-0.035893
5.65683e-09	-0.0361067
5.6597e-09	-0.0363123
5.66256e-09	-0.0365097
5.66543e-09	-0.0366987
5.66829e-09	-0.0368795
5.67115e-09	-0.0370517
5.67402e-09	-0.0372154
5.67688e-09	-0.0373705
5.67975e-09	-0.0375168
5.68261e-09	-0.0376544
5.68547e-09	-0.0377832
5.68834e-09	-0.037903
5.6912e-09	-0.0380139
5.69407e-09	-0.0381157
5.69693e-09	-0.0382084
5.6998e-09	-0.0382919
5.70266e-09	-0.0383661
5.70552e-09	-0.0384311
5.70839e-09	-0.0384867
5.71125e-09	-0.0385329
5.71412e-09	-0.0385696
5.71698e-09	-0.0385968
5.71985e-09	-0.0386145
5.72271e-09	-0.0386225
5.72557e-09	-0.0386209
5.72844e-09	-0.0386096
5.7313e-09	-0.0385886
5.73417e-09	-0.0385577
5.73703e-09	-0.0385171
5.73989e-09	-0.0384667
5.74276e-09	-0.0384064
5.74562e-09	-0.0383362
5.74849e-09	-0.0382561
5.75135e-09	-0.038166
5.75422e-09	-0.038066
5.75708e-09	-0.037956
5.75994e-09	-0.037836
5.76281e-09	-0.037706
5.76567e-09	-0.037566
5.76854e-09	-0.037416
5.7714e-09	-0.0372559
5.77427e-09	-0.0370859
5.77713e-09	-0.0369057
5.77999e-09	-0.0367156
5.78286e-09	-0.0365154
5.78572e-09	-0.0363052
5.78859e-09	-0.036085
5.79145e-09	-0.0358548
5.79431e-09	-0.0356147
5.79718e-09	-0.0353645
5.80004e-09	-0.0351045
5.80291e-09	-0.0348345
5.80577e-09	-0.0345546
5.80864e-09	-0.0342649
5.8115e-09	-0.0339653
5.81436e-09	-0.0336559
5.81723e-09	-0.0333368
5.82009e-09	-0.0330079
5.82296e-09	-0.0326694
5.82582e-09	-0.0323212
5.82869e-09	-0.0319634
5.83155e-09	-0.0315961
5.83441e-09	-0.0312193
5.83728e-09	-0.030833
5.84014e-09	-0.0304374
5.84301e-09	-0.0300325
5.84587e-09	-0.0296183
5.84874e-09	-0.0291949
5.8516e-09	-0.0287623
5.85446e-09	-0.0283208
5.85733e-09	-0.0278702
5.86019e-09	-0.0274107
5.86306e-09	-0.0269425
5.86592e-09	-0.0264654
5.86878e-09	-0.0259797
5.87165e-09	-0.0254854
5.87451e-09	-0.0249826
5.87738e-09	-0.0244715
5.88024e-09	-0.023952
5.88311e-09	-0.0234243
5.88597e-09	-0.0228885
5.88883e-09	-0.0223446
5.8917e-09	-0.0217929
5.89456e-09	-0.0212334
5.89743e-09	-0.0206661
5.90029e-09	-0.0200913
5.90316e-09	-0.019509
5.90602e-09	-0.0189193
5.90888e-09	-0.0183225
5.91175e-09	-0.0177184
5.91461e-09	-0.0171074
5.91748e-09	-0.0164895
5.92034e-09	-0.0158649
5.9232e-09	-0.0152336
5.92607e-09	-0.0145959
5.92893e-09	-0.0139518
5.9318e-09	-0.0133015
5.93466e-09	-0.0126451
5.93753e-09	-0.0119827
5.94039e-09	-0.0113146
5.94325e-09	-0.0106408
5.94612e-09	-0.0099615
5.94898e-09	-0.00927683
5.95185e-09	-0.00858695
5.95471e-09	-0.00789201
5.95758e-09	-0.00719217
5.96044e-09	-0.00648757
5.9633e-09	-0.00577838
5.96617e-09	-0.00506476
5.96903e-09	-0.00434686
5.9719e-09	-0.00362486
5.97476e-09	-0.00289891
5.97762e-09	-0.00216918
5.98049e-09	-0.00143584
5.98335e-09	-0.000699057
5.98622e-09	4.0994e-05
5.98908e-09	0.000784142
5.99195e-09	0.00153021
5.99481e-09	0.00227903
5.99767e-09	0.00303042
6.00054e-09	0.0037842
6.0034e-09	0.00454019
6.00627e-09	0.00529821
6.00913e-09	0.00605808
6.012e-09	0.00681962
6.01486e-09	0.00758263
6.01772e-09	0.00834694
6.02059e-09	0.00911235
6.02345e-09	0.00987869
6.02632e-09	0.0106457
6.02918e-09	0.0114133
6.03205e-09	0.0121813
6.03491e-09	0.0129494
6.03777e-09	0.0137175
6.04064e-09	0.0144853
6.0435e-09	0.0152527
6.04637e-09	0.0160195
6.04923e-09	0.0167855
6.05209e-09	0.0175505
6.05496e-09	0.0183142
6.05782e-09	0.0190766
6.06069e-09	0.0198373
6.06355e-09	0.0205963
6.06642e-09	0.0213532
6.06928e-09	0.022108
6.07214e-09	0.0228603
6.07501e-09	0.0236101
6.07787e-09	0.024357
6.08074e-09	0.025101
6.0836e-09	0.0258417
6.08647e-09	0.0265791
6.08933e-09	0.0273129
6.09219e-09	0.0280428
6.09506e-09	0.0287688
6.09792e-09	0.0294906
6.10079e-09	0.030208
6.10365e-09	0.0309208
6.10651e-09	0.0316288
6.10938e-09	0.0323318
6.11224e-09	0.0330296
6.11511e-09	0.0337221
6.11797e-09	0.0344089
6.12084e-09	0.03509
6.1237e-09	0.0357652
6.12656e-09	0.0364341
6.12943e-09	0.0370967
6.13229e-09	0.0377527
6.13516e-09	0.038402
6.13802e-09	0.0390444
6.14089e-09	0.0396796
6.14375e-09	0.0403076
6.14661e-09	0.040928
6.14948e-09	0.0415407
6.15234e-09	0.0421455
6.15521e-09	0.0427423
6.15807e-09	0.0433309
6.16093e-09	0.043911
6.1638e-09	0.0444825
6.16666e-09	0.0450452
6.16953e-09	0.045599
6.17239e-09	0.0461436
6.17526e-09	0.0466789
6.17812e-09	0.0472048
6.18098e-09	0.0477209
6.18385e-09	0.0482273
6.18671e-09	0.0487236
6.18958e-09	0.0492098
6.19244e-09	0.0496857
6.19531e-09	0.050151
6.19817e-09	0.0506058
6.20103e-09	0.0510497
6.2039e-09	0.0514827
6.20676e-09	0.0519045
6.20963e-09	0.0523151
6.21249e-09	0.0527143
6.21536e-09	0.0531019
6.21822e-09	0.0534778
6.22108e-09	0.0538418
6.22395e-09	0.0541939
6.22681e-09	0.0545339
6.22968e-09	0.0548615
6.23254e-09	0.0551768
6.2354e-09	0.0554796
6.23827e-09	0.0557697
6.24113e-09	0.0560471
6.244e-09	0.0563115
6.24686e-09	0.056563
6.24973e-09	0.0568013
6.25259e-09	0.0570263
6.25545e-09	0.057238
6.25832e-09	0.0574363
6.26118e-09	0.057621
6.26405e-09	0.057792
6.26691e-09	0.0579492
6.26978e-09	0.0580926
6.27264e-09	0.0582221
6.2755e-09	0.0583375
6.27837e-09	0.0584387
6.28123e-09	0.0585258
6.2841e-09	0.0585986
6.28696e-09	0.058657
6.28982e-09	0.058701
6.29269e-09	0.0587304
6.29555e-09	0.0587453
6.29842e-09	0.0587456
6.30128e-09	0.0587311
6.30415e-09	0.0587019
6.30701e-09	0.0586579
6.30987e-09	0.0585991
6.31274e-09	0.0585254
6.3156e-09	0.0584367
6.31847e-09	0.058333
6.32133e-09	0.0582144
6.3242e-09	0.0580807
6.32706e-09	0.0579319
6.32992e-09	0.0577681
6.33279e-09	0.0575891
6.33565e-09	0.057395
6.33852e-09	0.0571858
6.34138e-09	0.0569614
6.34424e-09	0.0567219
6.34711e-09	0.0564672
6.34997e-09	0.0561974
6.35284e-09	0.0559125
6.3557e-09	0.0556124
6.35857e-09	0.0552972
6.36143e-09	0.0549669
6.36429e-09	0.0546216
6.36716e-09	0.0542612
6.37002e-09	0.0538858
6.37289e-09	0.0534954
6.37575e-09	0.0530901
6.37862e-09	0.0526698
6.38148e-09	0.0522347
6.38434e-09	0.0517849
6.38721e-09	0.0513202
6.39007e-09	0.0508409
6.39294e-09	0.0503469
6.3958e-09	0.0498384
6.39867e-09	0.0493154
6.40153e-09	0.048778
6.40439e-09	0.0482262
6.40726e-09	0.0476602
6.41012e-09	0.04708
6.41299e-09	0.0464857
6.41585e-09	0.0458775
6.41871e-09	0.0452553
6.42158e-09	0.0446193
6.42444e-09	0.0439697
6.42731e-09	0.0433065
6.43017e-09	0.0426298
6.43304e-09	0.0419398
6.4359e-09	0.0412365
6.43876e-09	0.0405201
6.44163e-09	0.0397908
6.44449e-09	0.0390486
6.44736e-09	0.0382937
6.45022e-09	0.0375263
6.45309e-09	0.0367464
6.45595e-09	0.0359542
6.45881e-09	0.03515
6.46168e-09	0.0343337
6.46454e-09	0.0335056
6.46741e-09	0.0326659
6.47027e-09	0.0318147
6.47313e-09	0.0309522
6.476e-09	0.0300785
6.47886e-09	0.0291939
6.48173e-09	0.0282984
6.48459e-09	0.0273924
6.48746e-09	0.0264759
6.49032e-09	0.0255492
6.49318e-09	0.0246125
6.49605e-09	0.0236659
6.49891e-09	0.0227096
6.50178e-09	0.0217439
6.50464e-09	0.020769
6.50751e-09	0.0197851
6.51037e-09	0.0187923
6.51323e-09	0.0177909
6.5161e-09	0.0167812
6.51896e-09	0.0157632
6.52183e-09	0.0147374
6.52469e-09	0.0137038
6.52755e-09	0.0126628
6.53042e-09	0.0116144
6.53328e-09	0.0105591
6.53615e-09	0.00949701
6.53901e-09	0.00842837
6.54188e-09	0.00735343
6.54474e-09	0.00627244
6.5476e-09	0.00518565
6.55047e-09	0.00409331
6.55333e-09	0.00299567
6.5562e-09	0.00189299
6.55906e-09	0.000785519
6.56193e-09	-0.000326477
6.56479e-09	-0.00144274
6.56765e-09	-0.002563
6.57052e-09	-0.00368699
6.57338e-09	-0.00481446
6.57625e-09	-0.00594512
6.57911e-09	-0.0070787
6.58198e-09	-0.00821494
6.58484e-09	-0.00935355
6.5877e-09	-0.0104943
6.59057e-09	-0.0116368
6.59343e-09	-0.0127809
6.5963e-09	-0.0139262
6.59916e-09	-0.0150725
6.60202e-09	-0.0162195
6.60489e-09	-0.017367
6.60775e-09	-0.0185145
6.61062e-09	-0.0196619
6.61348e-09	-0.0208088
6.61635e-09	-0.0219549
6.61921e-09	-0.0231001
6.62207e-09	-0.0242439
6.62494e-09	-0.0253861
6.6278e-09	-0.0265263
6.63067e-09	-0.0276644
6.63353e-09	-0.0288
6.6364e-09	-0.0299327
6.63926e-09	-0.0310624
6.64212e-09	-0.0321887
6.64499e-09	-0.0333113
6.64785e-09	-0.0344299
6.65072e-09	-0.0355442
6.65358e-09	-0.036654
6.65644e-09	-0.0377589
6.65931e-09	-0.0388586
6.66217e-09	-0.0399529
6.66504e-09	-0.0410414
6.6679e-09	-0.0421239
6.67077e-09	-0.0432
6.67363e-09	-0.0442695
6.67649e-09	-0.045332
6.67936e-09	-0.0463873
6.68222e-09	-0.0474351
6.68509e-09	-0.048475
6.68795e-09	-0.0495069
6.69082e-09	-0.0505304
6.69368e-09	-0.0515451
6.69654e-09	-0.0525509
6.69941e-09	-0.0535475
6.70227e-09	-0.0545345
6.70514e-09	-0.0555116
6.708e-09	-0.0564787
6.71086e-09	-0.0574353
6.71373e-09	-0.0583813
6.71659e-09	-0.0593163
6.71946e-09	-0.0602401
6.72232e-09	-0.0611524
6.72519e-09	-0.0620529
6.72805e-09	-0.0629414
6.73091e-09	-0.0638175
6.73378e-09	-0.0646811
6.73664e-09	-0.0655318
6.73951e-09	-0.0663694
6.74237e-09	-0.0671936
6.74524e-09	-0.0680042
6.7481e-09	-0.0688009
6.75096e-09	-0.0695834
6.75383e-09	-0.0703516
6.75669e-09	-0.0711051
6.75956e-09	-0.0718438
6.76242e-09	-0.0725673
6.76529e-09	-0.0732755
6.76815e-09	-0.073968
6.77101e-09	-0.0746448
6.77388e-09	-0.0753054
6.77674e-09	-0.0759498
6.77961e-09	-0.0765777
6.78247e-09	-0.0771888
6.78533e-09	-0.077783
6.7882e-09	-0.07836
6.79106e-09	-0.0789197
6.79393e-09	-0.0794617
6.79679e-09	-0.079986
6.79966e-09	-0.0804923
6.80252e-09	-0.0809805
6.80538e-09	-0.0814502
6.80825e-09	-0.0819014
6.81111e-09	-0.0823339
6.81398e-09	-0.0827475
6.81684e-09	-0.083142
6.81971e-09	-0.0835172
6.82257e-09	-0.0838729
6.82543e-09	-0.0842091
6.8283e-09	-0.0845256
6.83116e-09	-0.0848221
6.83403e-09	-0.0850986
6.83689e-09	-0.0853549
6.83975e-09	-0.0855908
6.84262e-09	-0.0858063
6.84548e-09	-0.0860011
6.84835e-09	-0.0861753
6.85121e-09	-0.0863286
6.85408e-09	-0.0864609
6.85694e-09	-0.0865721
6.8598e-09	-0.0866622
6.86267e-09	-0.0867309
6.86553e-09	-0.0867783
6.8684e-09	-0.0868042
6.87126e-09	-0.0868085
6.87413e-09	-0.0867912
6.87699e-09	-0.0867521
6.87985e-09	-0.0866913
6.88272e-09	-0.0866086
6.88558e-09	-0.086504
6.88845e-09	-0.0863773
6.89131e-09	-0.0862287
6.89417e-09	-0.086058
6.89704e-09	-0.0858652
6.8999e-09	-0.0856502
6.90277e-09	-0.0854131
6.90563e-09	-0.0851537
6.9085e-09	-0.0848722
6.91136e-09	-0.0845684
6.91422e-09	-0.0842424
6.91709e-09	-0.0838941
6.91995e-09	-0.0835236
6.92282e-09	-0.0831309
6.92568e-09	-0.082716
6.92855e-09	-0.0822789
6.93141e-09	-0.0818196
6.93427e-09	-0.0813382
6.93714e-09	-0.0808348
6.94e-09	-0.0803093
6.94287e-09	-0.0797618
6.94573e-09	-0.0791923
6.9486e-09	-0.078601
6.95146e-09	-0.0779879
6.95432e-09	-0.0773531
6.95719e-09	-0.0766966
6.96005e-09	-0.0760185
6.96292e-09	-0.075319
6.96578e-09	-0.0745981
6.96864e-09	-0.0738559
6.97151e-09	-0.0730925
6.97437e-09	-0.072308
6.97724e-09	-0.0715027
6.9801e-09	-0.0706765
6.98297e-09	-0.0698296
6.98583e-09	-0.0689622
6.98869e-09	-0.0680743
6.99156e-09	-0.0671662
6.99442e-09	-0.0662381
6.99729e-09	-0.0652899
7.00015e-09	-0.064322
7.00302e-09	-0.0633344
7.00588e-09	-0.0623275
7.00874e-09	-0.0613012
7.01161e-09	-0.0602559
7.01447e-09	-0.0591917
7.01734e-09	-0.0581089
7.0202e-09	-0.0570075
7.02306e-09	-0.0558879
7.02593e-09	-0.0547503
7.02879e-09	-0.0535948
7.03166e-09	-0.0524217
7.03452e-09	-0.0512312
7.03739e-09	-0.0500235
7.04025e-09	-0.048799
7.04311e-09	-0.0475578
7.04598e-09	-0.0463002
7.04884e-09	-0.0450264
7.05171e-09	-0.0437368
7.05457e-09	-0.0424315
7.05744e-09	-0.0411108
7.0603e-09	-0.0397751
7.06316e-09	-0.0384246
7.06603e-09	-0.0370595
7.06889e-09	-0.0356802
7.07176e-09	-0.034287
7.07462e-09	-0.0328801
7.07749e-09	-0.03146
7.08035e-09	-0.0300267
7.08321e-09	-0.0285808
7.08608e-09	-0.0271225
7.08894e-09	-0.0256521
7.09181e-09	-0.0241699
7.09467e-09	-0.0226763
7.09753e-09	-0.0211717
7.1004e-09	-0.0196562
7.10326e-09	-0.0181304
7.10613e-09	-0.0165945
7.10899e-09	-0.0150489
7.11186e-09	-0.0134939
7.11472e-09	-0.0119299
7.11758e-09	-0.0103573
7.12045e-09	-0.00877631
7.12331e-09	-0.00718745
7.12618e-09	-0.00559104
7.12904e-09	-0.00398745
7.13191e-09	-0.00237706
7.13477e-09	-0.000760242
7.13763e-09	0.000862617
7.1405e-09	0.00249113
7.14336e-09	0.00412492
7.14623e-09	0.00576358
7.14909e-09	0.00740672
7.15195e-09	0.00905396
7.15482e-09	0.0107049
7.15768e-09	0.0123591
7.16055e-09	0.0140162
7.16341e-09	0.0156758
7.16628e-09	0.0173375
7.16914e-09	0.0190008
7.172e-09	0.0206654
7.17487e-09	0.0223308
7.17773e-09	0.0239967
7.1806e-09	0.0256625
7.18346e-09	0.027328
7.18633e-09	0.0289926
7.18919e-09	0.030656
7.19205e-09	0.0323177
7.19492e-09	0.0339774
7.19778e-09	0.0356345
7.20065e-09	0.0372887
7.20351e-09	0.0389395
7.20637e-09	0.0405866
7.20924e-09	0.0422294
7.2121e-09	0.0438676
7.21497e-09	0.0455007
7.21783e-09	0.0471283
7.2207e-09	0.04875
7.22356e-09	0.0503654
7.22642e-09	0.051974
7.22929e-09	0.0535753
7.23215e-09	0.0551691
7.23502e-09	0.0567548
7.23788e-09	0.058332
7.24075e-09	0.0599003
7.24361e-09	0.0614592
7.24647e-09	0.0630084
7.24934e-09	0.0645474
7.2522e-09	0.0660758
7.25507e-09	0.0675932
7.25793e-09	0.0690992
7.2608e-09	0.0705933
7.26366e-09	0.0720751
7.26652e-09	0.0735442
7.26939e-09	0.0750002
7.27225e-09	0.0764427
7.27512e-09	0.0778712
7.27798e-09	0.0792855
7.28084e-09	0.080685
7.28371e-09	0.0820693
7.28657e-09	0.0834382
7.28944e-09	0.084791
7.2923e-09	0.0861276
7.29517e-09	0.0874474
7.29803e-09	0.0887501
7.30089e-09	0.0900353
7.30376e-09	0.0913026
7.30662e-09	0.0925516
7.30949e-09	0.093782
7.31235e-09	0.0949934
7.31522e-09	0.0961854
7.31808e-09	0.0973576
7.32094e-09	0.0985097
7.32381e-09	0.0996413
7.32667e-09	0.100752
7.32954e-09	0.101842
7.3324e-09	0.10291
7.33526e-09	0.103956
7.33813e-09	0.10498
7.34099e-09	0.105981
7.34386e-09	0.10696
7.34672e-09	0.107915
7.34959e-09	0.108847
7.35245e-09	0.109755
7.35531e-09	0.110639
7.35818e-09	0.111498
7.36104e-09	0.112333
7.36391e-09	0.113143
7.36677e-09	0.113927
7.36964e-09	0.114685
7.3725e-09	0.115418
7.37536e-09	0.116125
7.37823e-09	0.116805
7.38109e-09	0.117458
7.38396e-09	0.118084
7.38682e-09	0.118683
7.38968e-09	0.119255
7.39255e-09	0.119799
7.39541e-09	0.120315
7.39828e-09	0.120803
7.40114e-09	0.121262
7.40401e-09	0.121693
7.40687e-09	0.122095
7.40973e-09	0.122468
7.4126e-09	0.122812
7.41546e-09	0.123127
7.41833e-09	0.123412
7.42119e-09	0.123667
7.42406e-09	0.123892
7.42692e-09	0.124087
7.42978e-09	0.124252
7.43265e-09	0.124387
7.43551e-09	0.124491
7.43838e-09	0.124564
7.44124e-09	0.124607
7.44411e-09	0.124619
7.44697e-09	0.1246
7.44983e-09	0.124549
7.4527e-09	0.124468
7.45556e-09	0.124355
7.45843e-09	0.124211
7.46129e-09	0.124036
7.46415e-09	0.123829
7.46702e-09	0.12359
7.46988e-09	0.12332
7.47275e-09	0.123018
7.47561e-09	0.122685
7.47848e-09	0.12232
7.48134e-09	0.121923
7.4842e-09	0.121494
7.48707e-09	0.121034
7.48993e-09	0.120542
7.4928e-09	0.120018
7.49566e-09	0.119463
7.49853e-09	0.118876
7.50139e-09	0.118257
7.50425e-09	0.117607
7.50712e-09	0.116925
7.50998e-09	0.116212
7.51285e-09	0.115467
7.51571e-09	0.114691
7.51857e-09	0.113884
7.52144e-09	0.113046
7.5243e-09	0.112177
7.52717e-09	0.111277
7.53003e-09	0.110346
7.5329e-09	0.109385
7.53576e-09	0.108392
7.53862e-09	0.10737
7.54149e-09	0.106317
7.54435e-09	0.105235
7.54722e-09	0.104122
7.55008e-09	0.10298
7.55295e-09	0.101808
7.55581e-09	0.100607
7.55867e-09	0.0993766
7.56154e-09	0.0981174
7.5644e-09	0.0968295
7.56727e-09	0.0955131
7.57013e-09	0.0941684
7.57299e-09	0.0927958
7.57586e-09	0.0913953
7.57872e-09	0.0899674
7.58159e-09	0.0885122
7.58445e-09	0.0870301
7.58732e-09	0.0855213
7.59018e-09	0.0839861
7.59304e-09	0.0824247
7.59591e-09	0.0808376
7.59877e-09	0.079225
7.60164e-09	0.0775872
7.6045e-09	0.0759245
7.60737e-09	0.0742374
7.61023e-09	0.072526
7.61309e-09	0.0707909
7.61596e-09	0.0690322
7.61882e-09	0.0672504
7.62169e-09	0.0654459
7.62455e-09	0.063619
7.62742e-09	0.0617701
7.63028e-09	0.0598996
7.63314e-09	0.0580079
7.63601e-09	0.0560954
7.63887e-09	0.0541625
7.64174e-09	0.0522096
7.6446e-09	0.0502372
7.64746e-09	0.0482456
7.65033e-09	0.0462354
7.65319e-09	0.0442068
7.65606e-09	0.0421605
7.65892e-09	0.0400968
7.66179e-09	0.0380162
7.66465e-09	0.0359191
7.66751e-09	0.0338061
7.67038e-09	0.0316776
7.67324e-09	0.0295341
7.67611e-09	0.0273761
7.67897e-09	0.025204
7.68184e-09	0.0230185
7.6847e-09	0.0208198
7.68756e-09	0.0186087
7.69043e-09	0.0163855
7.69329e-09	0.0141508
7.69616e-09	0.0119052
7.69902e-09	0.00964904
7.70188e-09	0.00738301
7.70475e-09	0.00510758
7.70761e-09	0.0028233
7.71048e-09	0.000530717
7.71334e-09	-0.00176963
7.71621e-09	-0.0040772
7.71907e-09	-0.00639143
7.72193e-09	-0.00871176
7.7248e-09	-0.0110376
7.72766e-09	-0.0133685
7.73053e-09	-0.0157038
7.73339e-09	-0.0180429
7.73626e-09	-0.0203853
7.73912e-09	-0.0227304
7.74198e-09	-0.0250776
7.74485e-09	-0.0274263
7.74771e-09	-0.029776
7.75058e-09	-0.0321261
7.75344e-09	-0.0344759
7.7563e-09	-0.036825
7.75917e-09	-0.0391727
7.76203e-09	-0.0415183
7.7649e-09	-0.0438614
7.76776e-09	-0.0462014
7.77063e-09	-0.0485375
7.77349e-09	-0.0508693
7.77635e-09	-0.0531962
7.77922e-09	-0.0555174
7.78208e-09	-0.0578326
7.78495e-09	-0.0601409
7.78781e-09	-0.0624419
7.79068e-09	-0.0647349
7.79354e-09	-0.0670194
7.7964e-09	-0.0692947
7.79927e-09	-0.0715603
7.80213e-09	-0.0738155
7.805e-09	-0.0760598
7.80786e-09	-0.0782925
7.81073e-09	-0.0805131
7.81359e-09	-0.0827209
7.81645e-09	-0.0849154
7.81932e-09	-0.0870959
7.82218e-09	-0.089262
7.82505e-09	-0.0914129
7.82791e-09	-0.0935481
7.83077e-09	-0.0956671
7.83364e-09	-0.0977692
7.8365e-09	-0.0998539
7.83937e-09	-0.101921
7.84223e-09	-0.103969
7.8451e-09	-0.105997
7.84796e-09	-0.108007
7.85082e-09	-0.109995
7.85369e-09	-0.111963
7.85655e-09	-0.11391
7.85942e-09	-0.115834
7.86228e-09	-0.117736
7.86515e-09	-0.119615
7.86801e-09	-0.121471
7.87087e-09	-0.123302
7.87374e-09	-0.125108
7.8766e-09	-0.126889
7.87947e-09	-0.128645
7.88233e-09	-0.130374
7.88519e-09	-0.132076
7.88806e-09	-0.133751
7.89092e-09	-0.135398
7.89379e-09	-0.137017
7.89665e-09	-0.138607
7.89952e-09	-0.140168
7.90238e-09	-0.141699
7.90524e-09	-0.1432
7.90811e-09	-0.14467
7.91097e-09	-0.146108
7.91384e-09	-0.147515
7.9167e-09	-0.14889
7.91957e-09	-0.150232
7.92243e-09	-0.151542
7.92529e-09	-0.152817
7.92816e-09	-0.154059
7.93102e-09	-0.155267
7.93389e-09	-0.15644
7.93675e-09	-0.157578
7.93961e-09	-0.15868
7.94248e-09	-0.159747
7.94534e-09	-0.160777
7.94821e-09	-0.16177
7.95107e-09	-0.162727
7.95394e-09	-0.163646
7.9568e-09	-0.164527
7.95966e-09	-0.165371
7.96253e-09	-0.166175
7.96539e-09	-0.166942
7.96826e-09	-0.167669
7.97112e-09	-0.168357
7.97399e-09	-0.169005
7.97685e-09	-0.169613
7.97971e-09	-0.170181
7.98258e-09	-0.170709
7.98544e-09	-0.171195
7.98831e-09	-0.171641
7.99117e-09	-0.172046
7.99404e-09	-0.172409
7.9969e-09	-0.17273
7.99976e-09	-0.17301
8.00263e-09	-0.173247
8.00549e-09	-0.173442
8.00836e-09	-0.173595
8.01122e-09	-0.173705
8.01408e-09	-0.173772
8.01695e-09	-0.173796
8.01981e-09	-0.173777
8.02268e-09	-0.173715
8.02554e-09	-0.17361
8.02841e-09	-0.173461
8.03127e-09	-0.173268
8.03413e-09	-0.173032
8.037e-09	-0.172752
8.03986e-09	-0.172428
8.04273e-09	-0.172061
8.04559e-09	-0.171649
8.04846e-09	-0.171193
8.05132e-09	-0.170694
8.05418e-09	-0.170151
8.05705e-09	-0.169563
8.05991e-09	-0.168932
8.06278e-09	-0.168256
8.06564e-09	-0.167537
8.0685e-09	-0.166774
8.07137e-09	-0.165967
8.07423e-09	-0.165116
8.0771e-09	-0.164221
8.07996e-09	-0.163283
8.08283e-09	-0.162301
8.08569e-09	-0.161276
8.08855e-09	-0.160208
8.09142e-09	-0.159097
8.09428e-09	-0.157942
8.09715e-09	-0.156745
8.10001e-09	-0.155505
8.10288e-09	-0.154222
8.10574e-09	-0.152897
8.1086e-09	-0.15153
8.11147e-09	-0.150121
8.11433e-09	-0.14867
8.1172e-09	-0.147178
8.12006e-09	-0.145645
8.12292e-09	-0.144071
8.12579e-09	-0.142456
8.12865e-09	-0.1408
8.13152e-09	-0.139105
8.13438e-09	-0.137369
8.13725e-09	-0.135594
8.14011e-09	-0.13378
8.14297e-09	-0.131927
8.14584e-09	-0.130036
8.1487e-09	-0.128106
8.15157e-09	-0.126138
8.15443e-09	-0.124133
8.1573e-09	-0.122091
8.16016e-09	-0.120013
8.16302e-09	-0.117898
8.16589e-09	-0.115747
8.16875e-09	-0.113561
8.17162e-09	-0.11134
8.17448e-09	-0.109084
8.17735e-09	-0.106794
8.18021e-09	-0.104471
8.18307e-09	-0.102114
8.18594e-09	-0.0997249
8.1888e-09	-0.0973036
8.19167e-09	-0.0948506
8.19453e-09	-0.0923665
8.19739e-09	-0.0898518
8.20026e-09	-0.0873071
8.20312e-09	-0.0847328
8.20599e-09	-0.0821295
8.20885e-09	-0.0794978
8.21172e-09	-0.0768383
8.21458e-09	-0.0741516
8.21744e-09	-0.0714381
8.22031e-09	-0.0686986
8.22317e-09	-0.0659336
8.22604e-09	-0.0631437
8.2289e-09	-0.0603296
8.23177e-09	-0.0574919
8.23463e-09	-0.0546312
8.23749e-09	-0.0517481
8.24036e-09	-0.0488434
8.24322e-09	-0.0459177
8.24609e-09	-0.0429716
8.24895e-09	-0.0400058
8.25181e-09	-0.037021
8.25468e-09	-0.0340179
8.25754e-09	-0.0309972
8.26041e-09	-0.0279596
8.26327e-09	-0.0249058
8.26614e-09	-0.0218364
8.269e-09	-0.0187523
8.27186e-09	-0.0156541
8.27473e-09	-0.0125426
8.27759e-09	-0.00941852
8.28046e-09	-0.00628258
8.28332e-09	-0.00313555
8.28619e-09	2.18285e-05
8.28905e-09	0.0031888
8.29191e-09	0.0063646
8.29478e-09	0.00954845
8.29764e-09	0.0127396
8.30051e-09	0.0159373
8.30337e-09	0.0191407
8.30623e-09	0.022349
8.3091e-09	0.0255616
8.31196e-09	0.0287775
8.31483e-09	0.031996
8.31769e-09	0.0352163
8.32056e-09	0.0384375
8.32342e-09	0.041659
8.32628e-09	0.0448799
8.32915e-09	0.0480993
8.33201e-09	0.0513165
8.33488e-09	0.0545307
8.33774e-09	0.0577411
8.34061e-09	0.0609467
8.34347e-09	0.0641469
8.34633e-09	0.0673409
8.3492e-09	0.0705277
8.35206e-09	0.0737065
8.35493e-09	0.0768767
8.35779e-09	0.0800373
8.36066e-09	0.0831875
8.36352e-09	0.0863265
8.36638e-09	0.0894535
8.36925e-09	0.0925677
8.37211e-09	0.0956682
8.37498e-09	0.0987543
8.37784e-09	0.101825
8.3807e-09	0.10488
8.38357e-09	0.107918
8.38643e-09	0.110938
8.3893e-09	0.113939
8.39216e-09	0.116922
8.39503e-09	0.119884
8.39789e-09	0.122825
8.40075e-09	0.125745
8.40362e-09	0.128642
8.40648e-09	0.131516
8.40935e-09	0.134365
8.41221e-09	0.13719
8.41508e-09	0.13999
8.41794e-09	0.142762
8.4208e-09	0.145508
8.42367e-09	0.148226
8.42653e-09	0.150915
8.4294e-09	0.153574
8.43226e-09	0.156203
8.43512e-09	0.158802
8.43799e-09	0.161368
8.44085e-09	0.163902
8.44372e-09	0.166403
8.44658e-09	0.16887
8.44945e-09	0.171303
8.45231e-09	0.1737
8.45517e-09	0.176061
8.45804e-09	0.178386
8.4609e-09	0.180673
8.46377e-09	0.182922
8.46663e-09	0.185132
8.4695e-09	0.187303
8.47236e-09	0.189434
8.47522e-09	0.191524
8.47809e-09	0.193572
8.48095e-09	0.195579
8.48382e-09	0.197543
8.48668e-09	0.199464
8.48954e-09	0.201341
8.49241e-09	0.203173
8.49527e-09	0.204961
8.49814e-09	0.206702
8.501e-09	0.208398
8.50387e-09	0.210047
8.50673e-09	0.211649
8.50959e-09	0.213203
8.51246e-09	0.214708
8.51532e-09	0.216165
8.51819e-09	0.217572
8.52105e-09	0.218929
8.52392e-09	0.220236
8.52678e-09	0.221493
8.52964e-09	0.222698
8.53251e-09	0.223851
8.53537e-09	0.224952
8.53824e-09	0.226001
8.5411e-09	0.226996
8.54397e-09	0.227938
8.54683e-09	0.228826
8.54969e-09	0.22966
8.55256e-09	0.23044
8.55542e-09	0.231165
8.55829e-09	0.231834
8.56115e-09	0.232448
8.56401e-09	0.233006
8.56688e-09	0.233508
8.56974e-09	0.233953
8.57261e-09	0.234342
8.57547e-09	0.234673
8.57834e-09	0.234948
8.5812e-09	0.235164
8.58406e-09	0.235324
8.58693e-09	0.235425
8.58979e-09	0.235468
8.59266e-09	0.235453
8.59552e-09	0.235379
8.59839e-09	0.235247
8.60125e-09	0.235056
8.60411e-09	0.234807
8.60698e-09	0.234498
8.60984e-09	0.23413
8.61271e-09	0.233703
8.61557e-09	0.233217
8.61843e-09	0.232672
8.6213e-09	0.232068
8.62416e-09	0.231404
8.62703e-09	0.230681
8.62989e-09	0.229898
8.63276e-09	0.229057
8.63562e-09	0.228156
8.63848e-09	0.227196
8.64135e-09	0.226177
8.64421e-09	0.225099
8.64708e-09	0.223962
8.64994e-09	0.222766
8.65281e-09	0.221512
8.65567e-09	0.220199
8.65853e-09	0.218827
8.6614e-09	0.217398
8.66426e-09	0.21591
8.66713e-09	0.214365
8.66999e-09	0.212762
8.67285e-09	0.211102
8.67572e-09	0.209385
8.67858e-09	0.207611
8.68145e-09	0.205781
8.68431e-09	0.203894
8.68718e-09	0.201952
8.69004e-09	0.199953
8.6929e-09	0.1979
8.69577e-09	0.195792
8.69863e-09	0.193629
8.7015e-09	0.191412
8.70436e-09	0.189141
8.70723e-09	0.186817
8.71009e-09	0.18444
8.71295e-09	0.182011
8.71582e-09	0.17953
8.71868e-09	0.176997
8.72155e-09	0.174413
8.72441e-09	0.171779
8.72728e-09	0.169094
8.73014e-09	0.166361
8.733e-09	0.163578
8.73587e-09	0.160747
8.73873e-09	0.157868
8.7416e-09	0.154941
8.74446e-09	0.151969
8.74732e-09	0.14895
8.75019e-09	0.145885
8.75305e-09	0.142776
8.75592e-09	0.139623
8.75878e-09	0.136427
8.76165e-09	0.133187
8.76451e-09	0.129906
8.76737e-09	0.126583
8.77024e-09	0.12322
8.7731e-09	0.119816
8.77597e-09	0.116374
8.77883e-09	0.112892
8.7817e-09	0.109374
8.78456e-09	0.105818
8.78742e-09	0.102226
8.79029e-09	0.0985989
8.79315e-09	0.0949372
8.79602e-09	0.0912417
8.79888e-09	0.0875133
8.80174e-09	0.0837529
8.80461e-09	0.0799613
8.80747e-09	0.0761393
8.81034e-09	0.0722879
8.8132e-09	0.0684078
8.81607e-09	0.0645
8.81893e-09	0.0605654
8.82179e-09	0.0566049
8.82466e-09	0.0526194
8.82752e-09	0.0486098
8.83039e-09	0.0445771
8.83325e-09	0.0405222
8.83612e-09	0.0364461
8.83898e-09	0.0323496
8.84184e-09	0.0282339
8.84471e-09	0.0240997
8.84757e-09	0.0199482
8.85044e-09	0.0157804
8.8533e-09	0.0115971
8.85616e-09	0.00739944
8.85903e-09	0.0031884
8.86189e-09	-0.00103501
8.86476e-09	-0.00526978
8.86762e-09	-0.00951488
8.87049e-09	-0.0137693
8.87335e-09	-0.0180319
8.87621e-09	-0.0223018
8.87908e-09	-0.0265779
8.88194e-09	-0.0308591
8.88481e-09	-0.0351443
8.88767e-09	-0.0394326
8.89054e-09	-0.0437229
8.8934e-09	-0.048014
8.89626e-09	-0.052305
8.89913e-09	-0.0565947
8.90199e-09	-0.0608822
8.90486e-09	-0.0651662
8.90772e-09	-0.0694458
8.91059e-09	-0.0737198
8.91345e-09	-0.0779872
8.91631e-09	-0.0822469
8.91918e-09	-0.0864979
8.92204e-09	-0.0907389
8.92491e-09	-0.094969
8.92777e-09	-0.0991871
8.93063e-09	-0.103392
8.9335e-09	-0.107583
8.93636e-09	-0.111758
8.93923e-09	-0.115917
8.94209e-09	-0.120059
8.94496e-09	-0.124182
8.94782e-09	-0.128286
8.95068e-09	-0.132368
8.95355e-09	-0.136429
8.95641e-09	-0.140468
8.95928e-09	-0.144482
8.96214e-09	-0.148471
8.96501e-09	-0.152435
8.96787e-09	-0.156371
8.97073e-09	-0.160279
8.9736e-09	-0.164158
8.97646e-09	-0.168007
8.97933e-09	-0.171825
8.98219e-09	-0.17561
8.98505e-09	-0.179362
8.98792e-09	-0.183079
8.99078e-09	-0.186761
8.99365e-09	-0.190407
8.99651e-09	-0.194016
8.99938e-09	-0.197586
9.00224e-09	-0.201116
9.0051e-09	-0.204607
9.00797e-09	-0.208056
9.01083e-09	-0.211462
9.0137e-09	-0.214826
9.01656e-09	-0.218145
9.01943e-09	-0.221419
9.02229e-09	-0.224647
9.02515e-09	-0.227827
9.02802e-09	-0.23096
9.03088e-09	-0.234044
9.03375e-09	-0.237079
9.03661e-09	-0.240062
9.03947e-09	-0.242994
9.04234e-09	-0.245874
9.0452e-09	-0.248701
9.04807e-09	-0.251473
9.05093e-09	-0.25419
9.0538e-09	-0.256852
9.05666e-09	-0.259457
9.05952e-09	-0.262005
9.06239e-09	-0.264495
9.06525e-09	-0.266926
9.06812e-09	-0.269297
9.07098e-09	-0.271607
9.07385e-09	-0.273857
9.07671e-09	-0.276045
9.07957e-09	-0.27817
9.08244e-09	-0.280231
9.0853e-09	-0.282229
9.08817e-09	-0.284162
9.09103e-09	-0.28603
9.0939e-09	-0.287832
9.09676e-09	-0.289568
9.09962e-09	-0.291236
9.10249e-09	-0.292837
9.10535e-09	-0.294369
9.10822e-09	-0.295832
9.11108e-09	-0.297226
9.11394e-09	-0.29855
9.11681e-09	-0.299804
9.11967e-09	-0.300987
9.12254e-09	-0.302098
9.1254e-09	-0.303137
9.12827e-09	-0.304104
9.13113e-09	-0.304998
9.13399e-09	-0.305819
9.13686e-09	-0.306567
9.13972e-09	-0.30724
9.14259e-09	-0.307839
9.14545e-09	-0.308364
9.14832e-09	-0.308813
9.15118e-09	-0.309188
9.15404e-09	-0.309486
9.15691e-09	-0.309709
9.15977e-09	-0.309856
9.16264e-09	-0.309926
9.1655e-09	-0.30992
9.16836e-09	-0.309837
9.17123e-09	-0.309677
9.17409e-09	-0.30944
9.17696e-09	-0.309126
9.17982e-09	-0.308735
9.18269e-09	-0.308266
9.18555e-09	-0.307719
9.18841e-09	-0.307095
9.19128e-09	-0.306393
9.19414e-09	-0.305614
9.19701e-09	-0.304757
9.19987e-09	-0.303822
9.20274e-09	-0.30281
9.2056e-09	-0.30172
9.20846e-09	-0.300552
9.21133e-09	-0.299307
9.21419e-09	-0.297985
9.21706e-09	-0.296586
9.21992e-09	-0.29511
9.22278e-09	-0.293557
9.22565e-09	-0.291927
9.22851e-09	-0.29022
9.23138e-09	-0.288438
9.23424e-09	-0.286579
9.23711e-09	-0.284645
9.23997e-09	-0.282636
9.24283e-09	-0.280551
9.2457e-09	-0.278392
9.24856e-09	-0.276158
9.25143e-09	-0.27385
9.25429e-09	-0.271468
9.25716e-09	-0.269013
9.26002e-09	-0.266486
9.26288e-09	-0.263886
9.26575e-09	-0.261214
9.26861e-09	-0.25847
9.27148e-09	-0.255656
9.27434e-09	-0.252771
9.27721e-09	-0.249816
9.28007e-09	-0.246792
9.28293e-09	-0.243699
9.2858e-09	-0.240538
9.28866e-09	-0.237309
9.29153e-09	-0.234014
9.29439e-09	-0.230652
9.29725e-09	-0.227225
9.30012e-09	-0.223732
9.30298e-09	-0.220176
9.30585e-09	-0.216556
9.30871e-09	-0.212873
9.31158e-09	-0.209129
9.31444e-09	-0.205323
9.3173e-09	-0.201456
9.32017e-09	-0.197531
9.32303e-09	-0.193546
9.3259e-09	-0.189503
9.32876e-09	-0.185404
9.33163e-09	-0.181248
9.33449e-09	-0.177037
9.33735e-09	-0.172771
9.34022e-09	-0.168452
9.34308e-09	-0.164081
9.34595e-09	-0.159658
9.34881e-09	-0.155184
9.35167e-09	-0.150661
9.35454e-09	-0.146089
9.3574e-09	-0.14147
9.36027e-09	-0.136804
9.36313e-09	-0.132093
9.366e-09	-0.127337
9.36886e-09	-0.122537
9.37172e-09	-0.117696
9.37459e-09	-0.112813
9.37745e-09	-0.10789
9.38032e-09	-0.102929
9.38318e-09	-0.0979291
9.38605e-09	-0.0928928
9.38891e-09	-0.0878211
9.39177e-09	-0.082715
9.39464e-09	-0.0775759
9.3975e-09	-0.0724047
9.40037e-09	-0.0672029
9.40323e-09	-0.0619715
9.4061e-09	-0.0567118
9.40896e-09	-0.0514251
9.41182e-09	-0.0461126
9.41469e-09	-0.0407756
9.41755e-09	-0.0354152
9.42042e-09	-0.0300329
9.42328e-09	-0.0246299
9.42614e-09	-0.0192075
9.42901e-09	-0.0137669
9.43187e-09	-0.00830953
9.43474e-09	-0.00283668
9.4376e-09	0.00265034
9.44047e-09	0.0081502
9.44333e-09	0.0136615
9.44619e-09	0.0191831
9.44906e-09	0.0247134
9.45192e-09	0.0302511
9.45479e-09	0.035795
9.45765e-09	0.0413436
9.46052e-09	0.0468955
9.46338e-09	0.0524494
9.46624e-09	0.058004
9.46911e-09	0.0635577
9.47197e-09	0.0691094
9.47484e-09	0.0746574
9.4777e-09	0.0802006
9.48056e-09	0.0857374
9.48343e-09	0.0912665
9.48629e-09	0.0967865
9.48916e-09	0.102296
9.49202e-09	0.107794
9.49489e-09	0.113278
9.49775e-09	0.118747
9.50061e-09	0.124201
9.50348e-09	0.129637
9.50634e-09	0.135054
9.50921e-09	0.140451
9.51207e-09	0.145826
9.51494e-09	0.151178
9.5178e-09	0.156506
9.52066e-09	0.161808
9.52353e-09	0.167082
9.52639e-09	0.172329
9.52926e-09	0.177545
9.53212e-09	0.182729
9.53498e-09	0.187881
9.53785e-09	0.193
9.54071e-09	0.198082
9.54358e-09	0.203128
9.54644e-09	0.208136
9.54931e-09	0.213104
9.55217e-09	0.218032
9.55503e-09	0.222917
9.5579e-09	0.227759
9.56076e-09	0.232557
9.56363e-09	0.237308
9.56649e-09	0.242012
9.56936e-09	0.246667
9.57222e-09	0.251273
9.57508e-09	0.255827
9.57795e-09	0.260329
9.58081e-09	0.264778
9.58368e-09	0.269171
9.58654e-09	0.273509
9.58941e-09	0.277789
9.59227e-09	0.282011
9.59513e-09	0.286173
9.598e-09	0.290274
9.60086e-09	0.294313
9.60373e-09	0.298289
9.60659e-09	0.3022
9.60945e-09	0.306046
9.61232e-09	0.309826
9.61518e-09	0.313538
9.61805e-09	0.317181
9.62091e-09	0.320754
9.62378e-09	0.324257
9.62664e-09	0.327688
9.6295e-09	0.331045
9.63237e-09	0.334329
9.63523e-09	0.337538
9.6381e-09	0.340671
9.64096e-09	0.343727
9.64383e-09	0.346705
9.64669e-09	0.349605
9.64955e-09	0.352425
9.65242e-09	0.355165
9.65528e-09	0.357823
9.65815e-09	0.360399
9.66101e-09	0.362891
9.66387e-09	0.3653
9.66674e-09	0.367625
9.6696e-09	0.369864
9.67247e-09	0.372016
9.67533e-09	0.374082
9.6782e-09	0.37606
9.68106e-09	0.37795
9.68392e-09	0.37975
9.68679e-09	0.381461
9.68965e-09	0.383082
9.69252e-09	0.384612
9.69538e-09	0.38605
9.69825e-09	0.387396
9.70111e-09	0.38865
9.70397e-09	0.38981
9.70684e-09	0.390877
9.7097e-09	0.391849
9.71257e-09	0.392727
9.71543e-09	0.39351
9.71829e-09	0.394197
9.72116e-09	0.394789
9.72402e-09	0.395284
9.72689e-09	0.395683
9.72975e-09	0.395984
9.73262e-09	0.396189
9.73548e-09	0.396296
9.73834e-09	0.396306
9.74121e-09	0.396217
9.74407e-09	0.39603
9.74694e-09	0.395746
9.7498e-09	0.395362
9.75267e-09	0.39488
9.75553e-09	0.394299
9.75839e-09	0.39362
9.76126e-09	0.392841
9.76412e-09	0.391964
9.76699e-09	0.390988
9.76985e-09	0.389913
9.77272e-09	0.388739
9.77558e-09	0.387466
9.77844e-09	0.386094
9.78131e-09	0.384624
9.78417e-09	0.383056
9.78704e-09	0.381389
9.7899e-09	0.379625
9.79276e-09	0.377762
9.79563e-09	0.375802
9.79849e-09	0.373744
9.80136e-09	0.37159
9.80422e-09	0.369338
9.80709e-09	0.36699
9.80995e-09	0.364547
9.81281e-09	0.362007
9.81568e-09	0.359373
9.81854e-09	0.356643
9.82141e-09	0.353819
9.82427e-09	0.350902
9.82714e-09	0.347891
9.83e-09	0.344787
9.83286e-09	0.341591
9.83573e-09	0.338303
9.83859e-09	0.334924
9.84146e-09	0.331455
9.84432e-09	0.327897
9.84718e-09	0.324249
9.85005e-09	0.320513
9.85291e-09	0.316689
9.85578e-09	0.312778
9.85864e-09	0.308781
9.86151e-09	0.304699
9.86437e-09	0.300533
9.86723e-09	0.296283
9.8701e-09	0.29195
9.87296e-09	0.287535
9.87583e-09	0.283039
9.87869e-09	0.278464
9.88156e-09	0.273809
9.88442e-09	0.269076
9.88728e-09	0.264266
9.89015e-09	0.25938
9.89301e-09	0.254419
9.89588e-09	0.249385
9.89874e-09	0.244277
9.9016e-09	0.239098
9.90447e-09	0.233848
9.90733e-09	0.228528
9.9102e-09	0.223141
9.91306e-09	0.217686
9.91593e-09	0.212165
9.91879e-09	0.20658
9.92165e-09	0.200931
9.92452e-09	0.19522
9.92738e-09	0.189448
9.93025e-09	0.183617
9.93311e-09	0.177727
9.93598e-09	0.17178
9.93884e-09	0.165778
9.9417e-09	0.159722
9.94457e-09	0.153613
9.94743e-09	0.147452
9.9503e-09	0.141242
9.95316e-09	0.134982
9.95603e-09	0.128676
9.95889e-09	0.122324
9.96175e-09	0.115928
9.96462e-09	0.109489
9.96748e-09	0.103009
9.97035e-09	0.0964899
9.97321e-09	0.0899322
9.97607e-09	0.0833379
9.97894e-09	0.0767086
9.9818e-09	0.0700459
9.98467e-09	0.0633513
9.98753e-09	0.0566265
9.9904e-09	0.049873
9.99326e-09	0.0430924
9.99612e-09	0.0362865
9.99899e-09	0.0294567
1.00019e-08	0.0226048
1.00047e-08	0.0157324
1.00076e-08	0.00884124
1.00104e-08	0.0019329
1.00133e-08	-0.00499091
1.00162e-08	-0.0119285
1.0019e-08	-0.0188782
1.00219e-08	-0.0258383
1.00248e-08	-0.032807
1.00276e-08	-0.0397827
1.00305e-08	-0.0467637
1.00334e-08	-0.0537482
1.00362e-08	-0.0607345
1.00391e-08	-0.0677209
1.0042e-08	-0.0747056
1.00448e-08	-0.0816869
1.00477e-08	-0.088663
1.00505e-08	-0.0956323
1.00534e-08	-0.102593
1.00563e-08	-0.109543
1.00591e-08	-0.116481
1.0062e-08	-0.123405
1.00649e-08	-0.130314
1.00677e-08	-0.137205
1.00706e-08	-0.144077
1.00735e-08	-0.150928
1.00763e-08	-0.157757
1.00792e-08	-0.164561
1.00821e-08	-0.171339
1.00849e-08	-0.178089
1.00878e-08	-0.18481
1.00906e-08	-0.191499
1.00935e-08	-0.198156
1.00964e-08	-0.204777
1.00992e-08	-0.211362
1.01021e-08	-0.217909
1.0105e-08	-0.224416
1.01078e-08	-0.230881
1.01107e-08	-0.237303
1.01136e-08	-0.24368
1.01164e-08	-0.25001
1.01193e-08	-0.256292
1.01221e-08	-0.262524
1.0125e-08	-0.268704
1.01279e-08	-0.274831
1.01307e-08	-0.280903
1.01336e-08	-0.286919
1.01365e-08	-0.292876
1.01393e-08	-0.298774
1.01422e-08	-0.30461
1.01451e-08	-0.310383
1.01479e-08	-0.316092
1.01508e-08	-0.321734
1.01537e-08	-0.327309
1.01565e-08	-0.332815
1.01594e-08	-0.338251
1.01622e-08	-0.343614
1.01651e-08	-0.348903
1.0168e-08	-0.354118
1.01708e-08	-0.359255
1.01737e-08	-0.364315
1.01766e-08	-0.369296
1.01794e-08	-0.374196
1.01823e-08	-0.379013
1.01852e-08	-0.383747
1.0188e-08	-0.388396
1.01909e-08	-0.392959
1.01938e-08	-0.397434
1.01966e-08	-0.401821
1.01995e-08	-0.406117
1.02023e-08	-0.410322
1.02052e-08	-0.414434
1.02081e-08	-0.418453
1.02109e-08	-0.422377
1.02138e-08	-0.426204
1.02167e-08	-0.429934
1.02195e-08	-0.433566
1.02224e-08	-0.437098
1.02253e-08	-0.440529
1.02281e-08	-0.443859
1.0231e-08	-0.447086
1.02339e-08	-0.450209
1.02367e-08	-0.453228
1.02396e-08	-0.456141
1.02424e-08	-0.458947
1.02453e-08	-0.461646
1.02482e-08	-0.464236
1.0251e-08	-0.466717
1.02539e-08	-0.469088
1.02568e-08	-0.471348
1.02596e-08	-0.473496
1.02625e-08	-0.475532
1.02654e-08	-0.477454
1.02682e-08	-0.479262
1.02711e-08	-0.480956
1.0274e-08	-0.482535
1.02768e-08	-0.483997
1.02797e-08	-0.485343
1.02825e-08	-0.486572
1.02854e-08	-0.487684
1.02883e-08	-0.488677
1.02911e-08	-0.489552
1.0294e-08	-0.490307
1.02969e-08	-0.490944
1.02997e-08	-0.49146
1.03026e-08	-0.491856
1.03055e-08	-0.492131
1.03083e-08	-0.492285
1.03112e-08	-0.492318
1.03141e-08	-0.49223
1.03169e-08	-0.49202
1.03198e-08	-0.491688
1.03226e-08	-0.491234
1.03255e-08	-0.490658
1.03284e-08	-0.48996
1.03312e-08	-0.489139
1.03341e-08	-0.488196
1.0337e-08	-0.48713
1.03398e-08	-0.485943
1.03427e-08	-0.484632
1.03456e-08	-0.4832
1.03484e-08	-0.481645
1.03513e-08	-0.479969
1.03542e-08	-0.47817
1.0357e-08	-0.47625
1.03599e-08	-0.474209
1.03627e-08	-0.472046
1.03656e-08	-0.469763
1.03685e-08	-0.467359
1.03713e-08	-0.464835
1.03742e-08	-0.462192
1.03771e-08	-0.459429
1.03799e-08	-0.456547
1.03828e-08	-0.453546
1.03857e-08	-0.450428
1.03885e-08	-0.447193
1.03914e-08	-0.44384
1.03943e-08	-0.440372
1.03971e-08	-0.436788
1.04e-08	-0.433089
1.04028e-08	-0.429276
1.04057e-08	-0.425349
1.04086e-08	-0.42131
1.04114e-08	-0.417159
1.04143e-08	-0.412896
1.04172e-08	-0.408524
1.042e-08	-0.404042
1.04229e-08	-0.399451
1.04258e-08	-0.394753
1.04286e-08	-0.389948
1.04315e-08	-0.385038
1.04343e-08	-0.380023
1.04372e-08	-0.374904
1.04401e-08	-0.369683
1.04429e-08	-0.36436
1.04458e-08	-0.358937
1.04487e-08	-0.353415
1.04515e-08	-0.347795
1.04544e-08	-0.342078
1.04573e-08	-0.336266
1.04601e-08	-0.330359
1.0463e-08	-0.32436
1.04659e-08	-0.318268
1.04687e-08	-0.312086
1.04716e-08	-0.305816
1.04744e-08	-0.299457
1.04773e-08	-0.293013
1.04802e-08	-0.286484
1.0483e-08	-0.279871
1.04859e-08	-0.273176
1.04888e-08	-0.266402
1.04916e-08	-0.259548
1.04945e-08	-0.252617
1.04974e-08	-0.245611
1.05002e-08	-0.23853
1.05031e-08	-0.231377
1.0506e-08	-0.224153
1.05088e-08	-0.21686
1.05117e-08	-0.209499
1.05145e-08	-0.202073
1.05174e-08	-0.194582
1.05203e-08	-0.187029
1.05231e-08	-0.179416
1.0526e-08	-0.171744
1.05289e-08	-0.164014
1.05317e-08	-0.15623
1.05346e-08	-0.148392
1.05375e-08	-0.140502
1.05403e-08	-0.132563
1.05432e-08	-0.124576
1.05461e-08	-0.116543
1.05489e-08	-0.108466
1.05518e-08	-0.100347
1.05546e-08	-0.0921878
1.05575e-08	-0.0839903
1.05604e-08	-0.0757566
1.05632e-08	-0.0674887
1.05661e-08	-0.0591884
1.0569e-08	-0.0508578
1.05718e-08	-0.042499
1.05747e-08	-0.0341139
1.05776e-08	-0.0257046
1.05804e-08	-0.017273
1.05833e-08	-0.00882139
1.05862e-08	-0.000351654
1.0589e-08	0.00813409
1.05919e-08	0.0166338
1.05947e-08	0.0251453
1.05976e-08	0.0336666
1.06005e-08	0.0421956
1.06033e-08	0.0507301
1.06062e-08	0.0592681
1.06091e-08	0.0678075
1.06119e-08	0.076346
1.06148e-08	0.0848817
1.06177e-08	0.0934124
1.06205e-08	0.101936
1.06234e-08	0.11045
1.06263e-08	0.118953
1.06291e-08	0.127442
1.0632e-08	0.135916
1.06348e-08	0.144372
1.06377e-08	0.152808
1.06406e-08	0.161222
1.06434e-08	0.169612
1.06463e-08	0.177975
1.06492e-08	0.18631
1.0652e-08	0.194614
1.06549e-08	0.202886
1.06578e-08	0.211123
1.06606e-08	0.219323
1.06635e-08	0.227484
1.06664e-08	0.235605
1.06692e-08	0.243681
1.06721e-08	0.251713
1.06749e-08	0.259697
1.06778e-08	0.267632
1.06807e-08	0.275516
1.06835e-08	0.283346
1.06864e-08	0.29112
1.06893e-08	0.298837
1.06921e-08	0.306494
1.0695e-08	0.31409
1.06979e-08	0.321621
1.07007e-08	0.329088
1.07036e-08	0.336487
1.07065e-08	0.343816
1.07093e-08	0.351074
1.07122e-08	0.358258
1.0715e-08	0.365368
1.07179e-08	0.3724
1.07208e-08	0.379352
1.07236e-08	0.386224
1.07265e-08	0.393013
1.07294e-08	0.399718
1.07322e-08	0.406336
1.07351e-08	0.412866
1.0738e-08	0.419305
1.07408e-08	0.425653
1.07437e-08	0.431908
1.07465e-08	0.438067
1.07494e-08	0.444129
1.07523e-08	0.450093
1.07551e-08	0.455956
1.0758e-08	0.461717
1.07609e-08	0.467375
1.07637e-08	0.472928
1.07666e-08	0.478374
1.07695e-08	0.483712
1.07723e-08	0.48894
1.07752e-08	0.494057
1.07781e-08	0.499061
1.07809e-08	0.503951
1.07838e-08	0.508725
1.07866e-08	0.513383
1.07895e-08	0.517922
1.07924e-08	0.522341
1.07952e-08	0.52664
1.07981e-08	0.530816
1.0801e-08	0.534869
1.08038e-08	0.538797
1.08067e-08	0.5426
1.08096e-08	0.546275
1.08124e-08	0.549822
1.08153e-08	0.553239
1.08182e-08	0.556527
1.0821e-08	0.559682
1.08239e-08	0.562706
1.08267e-08	0.565596
1.08296e-08	0.568351
1.08325e-08	0.570972
1.08353e-08	0.573456
1.08382e-08	0.575803
1.08411e-08	0.578012
1.08439e-08	0.580083
1.08468e-08	0.582014
1.08497e-08	0.583805
1.08525e-08	0.585455
1.08554e-08	0.586964
1.08583e-08	0.588331
1.08611e-08	0.589554
1.0864e-08	0.590635
1.08668e-08	0.591572
1.08697e-08	0.592365
1.08726e-08	0.593013
1.08754e-08	0.593516
1.08783e-08	0.593874
1.08812e-08	0.594086
1.0884e-08	0.594151
1.08869e-08	0.594071
1.08898e-08	0.593843
1.08926e-08	0.593469
1.08955e-08	0.592948
1.08984e-08	0.59228
1.09012e-08	0.591465
1.09041e-08	0.590502
1.09069e-08	0.589392
1.09098e-08	0.588135
1.09127e-08	0.586731
1.09155e-08	0.58518
1.09184e-08	0.583482
1.09213e-08	0.581637
1.09241e-08	0.579646
1.0927e-08	0.577508
1.09299e-08	0.575224
1.09327e-08	0.572795
1.09356e-08	0.57022
1.09385e-08	0.5675
1.09413e-08	0.564636
1.09442e-08	0.561628
1.0947e-08	0.558476
1.09499e-08	0.555181
1.09528e-08	0.551743
1.09556e-08	0.548164
1.09585e-08	0.544444
1.09614e-08	0.540583
1.09642e-08	0.536582
1.09671e-08	0.532442
1.097e-08	0.528164
1.09728e-08	0.523749
1.09757e-08	0.519197
1.09786e-08	0.514509
1.09814e-08	0.509687
1.09843e-08	0.504731
1.09871e-08	0.499642
1.099e-08	0.494422
1.09929e-08	0.489071
1.09957e-08	0.48359
1.09986e-08	0.477981
1.10015e-08	0.472245
1.10043e-08	0.466383
1.10072e-08	0.460396
1.10101e-08	0.454285
1.10129e-08	0.448053
1.10158e-08	0.441699
1.10187e-08	0.435227
1.10215e-08	0.428636
1.10244e-08	0.421928
1.10272e-08	0.415106
1.10301e-08	0.408169
1.1033e-08	0.401121
1.10358e-08	0.393962
1.10387e-08	0.386695
1.10416e-08	0.379319
1.10444e-08	0.371839
1.10473e-08	0.364254
1.10502e-08	0.356567
1.1053e-08	0.348779
1.10559e-08	0.340893
1.10587e-08	0.33291
1.10616e-08	0.324831
1.10645e-08	0.316659
1.10673e-08	0.308396
1.10702e-08	0.300043
1.10731e-08	0.291603
1.10759e-08	0.283077
1.10788e-08	0.274467
1.10817e-08	0.265776
1.10845e-08	0.257005
1.10874e-08	0.248156
1.10903e-08	0.239232
1.10931e-08	0.230234
1.1096e-08	0.221165
1.10988e-08	0.212026
1.11017e-08	0.202821
1.11046e-08	0.193551
1.11074e-08	0.184218
1.11103e-08	0.174824
1.11132e-08	0.165372
1.1116e-08	0.155864
1.11189e-08	0.146303
1.11218e-08	0.13669
1.11246e-08	0.127028
1.11275e-08	0.117318
1.11304e-08	0.107565
1.11332e-08	0.0977691
1.11361e-08	0.0879336
1.11389e-08	0.0780605
1.11418e-08	0.0681525
1.11447e-08	0.0582118
1.11475e-08	0.0482408
1.11504e-08	0.038242
1.11533e-08	0.0282179
1.11561e-08	0.0181708
1.1159e-08	0.0081032
1.11619e-08	-0.00198241
1.11647e-08	-0.0120836
1.11676e-08	-0.0221978
1.11705e-08	-0.0323226
1.11733e-08	-0.0424555
1.11762e-08	-0.052594
1.1179e-08	-0.0627356
1.11819e-08	-0.0728778
1.11848e-08	-0.083018
1.11876e-08	-0.0931538
1.11905e-08	-0.103283
1.11934e-08	-0.113402
1.11962e-08	-0.123509
1.11991e-08	-0.133602
1.1202e-08	-0.143678
1.12048e-08	-0.153734
1.12077e-08	-0.163768
1.12106e-08	-0.173778
1.12134e-08	-0.18376
1.12163e-08	-0.193713
1.12191e-08	-0.203633
1.1222e-08	-0.213519
1.12249e-08	-0.223367
1.12277e-08	-0.233176
1.12306e-08	-0.242943
1.12335e-08	-0.252665
1.12363e-08	-0.26234
1.12392e-08	-0.271965
1.12421e-08	-0.281539
1.12449e-08	-0.291057
1.12478e-08	-0.300519
1.12507e-08	-0.309922
1.12535e-08	-0.319262
1.12564e-08	-0.328538
1.12592e-08	-0.337748
1.12621e-08	-0.346889
1.1265e-08	-0.355958
1.12678e-08	-0.364954
1.12707e-08	-0.373873
1.12736e-08	-0.382714
1.12764e-08	-0.391474
1.12793e-08	-0.400152
1.12822e-08	-0.408744
1.1285e-08	-0.417248
1.12879e-08	-0.425663
1.12908e-08	-0.433986
1.12936e-08	-0.442214
1.12965e-08	-0.450346
1.12993e-08	-0.458379
1.13022e-08	-0.466312
1.13051e-08	-0.474142
1.13079e-08	-0.481867
1.13108e-08	-0.489485
1.13137e-08	-0.496994
1.13165e-08	-0.504392
1.13194e-08	-0.511677
1.13223e-08	-0.518847
1.13251e-08	-0.5259
1.1328e-08	-0.532834
1.13309e-08	-0.539647
1.13337e-08	-0.546337
1.13366e-08	-0.552903
1.13394e-08	-0.559343
1.13423e-08	-0.565654
1.13452e-08	-0.571836
1.1348e-08	-0.577886
1.13509e-08	-0.583803
1.13538e-08	-0.589584
1.13566e-08	-0.59523
1.13595e-08	-0.600736
1.13624e-08	-0.606104
1.13652e-08	-0.61133
1.13681e-08	-0.616413
1.13709e-08	-0.621351
1.13738e-08	-0.626145
1.13767e-08	-0.630791
1.13795e-08	-0.635288
1.13824e-08	-0.639636
1.13853e-08	-0.643832
1.13881e-08	-0.647876
1.1391e-08	-0.651767
1.13939e-08	-0.655503
1.13967e-08	-0.659083
1.13996e-08	-0.662505
1.14025e-08	-0.66577
1.14053e-08	-0.668875
1.14082e-08	-0.671821
1.1411e-08	-0.674605
1.14139e-08	-0.677227
1.14168e-08	-0.679686
1.14196e-08	-0.681981
1.14225e-08	-0.684112
1.14254e-08	-0.686077
1.14282e-08	-0.687876
1.14311e-08	-0.689508
1.1434e-08	-0.690973
1.14368e-08	-0.69227
1.14397e-08	-0.693398
1.14426e-08	-0.694357
1.14454e-08	-0.695147
1.14483e-08	-0.695766
1.14511e-08	-0.696215
1.1454e-08	-0.696493
1.14569e-08	-0.6966
1.14597e-08	-0.696535
1.14626e-08	-0.696299
1.14655e-08	-0.695891
1.14683e-08	-0.695312
1.14712e-08	-0.69456
1.14741e-08	-0.693636
1.14769e-08	-0.692539
1.14798e-08	-0.691271
1.14827e-08	-0.689831
1.14855e-08	-0.688218
1.14884e-08	-0.686434
1.14912e-08	-0.684478
1.14941e-08	-0.682351
1.1497e-08	-0.680053
1.14998e-08	-0.677584
1.15027e-08	-0.674945
1.15056e-08	-0.672136
1.15084e-08	-0.669157
1.15113e-08	-0.666009
1.15142e-08	-0.662693
1.1517e-08	-0.659209
1.15199e-08	-0.655558
1.15228e-08	-0.65174
1.15256e-08	-0.647756
1.15285e-08	-0.643607
1.15313e-08	-0.639294
1.15342e-08	-0.634817
1.15371e-08	-0.630178
1.15399e-08	-0.625377
1.15428e-08	-0.620415
1.15457e-08	-0.615294
1.15485e-08	-0.610014
1.15514e-08	-0.604576
1.15543e-08	-0.598982
1.15571e-08	-0.593233
1.156e-08	-0.587329
1.15629e-08	-0.581273
1.15657e-08	-0.575065
1.15686e-08	-0.568707
1.15714e-08	-0.5622
1.15743e-08	-0.555546
1.15772e-08	-0.548746
1.158e-08	-0.541801
1.15829e-08	-0.534713
1.15858e-08	-0.527484
1.15886e-08	-0.520114
1.15915e-08	-0.512607
1.15944e-08	-0.504963
1.15972e-08	-0.497185
1.16001e-08	-0.489273
1.1603e-08	-0.48123
1.16058e-08	-0.473057
1.16087e-08	-0.464757
1.16115e-08	-0.456331
1.16144e-08	-0.447781
1.16173e-08	-0.439109
1.16201e-08	-0.430318
1.1623e-08	-0.421408
1.16259e-08	-0.412383
1.16287e-08	-0.403244
1.16316e-08	-0.393993
1.16345e-08	-0.384632
1.16373e-08	-0.375165
1.16402e-08	-0.365592
1.16431e-08	-0.355916
1.16459e-08	-0.346139
1.16488e-08	-0.336265
1.16516e-08	-0.326294
1.16545e-08	-0.316229
1.16574e-08	-0.306073
1.16602e-08	-0.295828
1.16631e-08	-0.285496
1.1666e-08	-0.27508
1.16688e-08	-0.264583
1.16717e-08	-0.254007
1.16746e-08	-0.243353
1.16774e-08	-0.232626
1.16803e-08	-0.221827
1.16831e-08	-0.21096
1.1686e-08	-0.200025
1.16889e-08	-0.189028
1.16917e-08	-0.177968
1.16946e-08	-0.166851
1.16975e-08	-0.155678
1.17003e-08	-0.144451
1.17032e-08	-0.133175
1.17061e-08	-0.12185
1.17089e-08	-0.110481
1.17118e-08	-0.0990698
1.17147e-08	-0.087619
1.17175e-08	-0.0761317
1.17204e-08	-0.0646105
1.17232e-08	-0.0530584
1.17261e-08	-0.041478
1.1729e-08	-0.0298724
1.17318e-08	-0.0182442
1.17347e-08	-0.00659639
1.17376e-08	0.00506821
1.17404e-08	0.0167467
1.17433e-08	0.0284363
1.17462e-08	0.0401341
1.1749e-08	0.0518371
1.17519e-08	0.0635425
1.17548e-08	0.0752474
1.17576e-08	0.086949
1.17605e-08	0.0986442
1.17633e-08	0.11033
1.17662e-08	0.122004
1.17691e-08	0.133663
1.17719e-08	0.145304
1.17748e-08	0.156924
1.17777e-08	0.16852
1.17805e-08	0.18009
1.17834e-08	0.191631
1.17863e-08	0.203138
1.17891e-08	0.214611
1.1792e-08	0.226045
1.17949e-08	0.237438
1.17977e-08	0.248788
1.18006e-08	0.26009
1.18034e-08	0.271343
1.18063e-08	0.282543
1.18092e-08	0.293688
1.1812e-08	0.304775
1.18149e-08	0.3158
1.18178e-08	0.326762
1.18206e-08	0.337657
1.18235e-08	0.348483
1.18264e-08	0.359237
1.18292e-08	0.369916
1.18321e-08	0.380517
1.1835e-08	0.391037
1.18378e-08	0.401475
1.18407e-08	0.411827
1.18435e-08	0.422091
1.18464e-08	0.432263
1.18493e-08	0.442342
1.18521e-08	0.452324
1.1855e-08	0.462207
1.18579e-08	0.471989
1.18607e-08	0.481667
1.18636e-08	0.491238
1.18665e-08	0.500701
1.18693e-08	0.510051
1.18722e-08	0.519288
1.18751e-08	0.528408
1.18779e-08	0.53741
1.18808e-08	0.54629
1.18836e-08	0.555047
1.18865e-08	0.563678
1.18894e-08	0.572181
1.18922e-08	0.580553
1.18951e-08	0.588793
1.1898e-08	0.596898
1.19008e-08	0.604865
1.19037e-08	0.612694
1.19066e-08	0.620382
1.19094e-08	0.627926
1.19123e-08	0.635324
1.19152e-08	0.642576
1.1918e-08	0.649678
1.19209e-08	0.656628
1.19237e-08	0.663426
1.19266e-08	0.670068
1.19295e-08	0.676554
1.19323e-08	0.682881
1.19352e-08	0.689047
1.19381e-08	0.695052
1.19409e-08	0.700892
1.19438e-08	0.706567
1.19467e-08	0.712075
1.19495e-08	0.717414
1.19524e-08	0.722583
1.19552e-08	0.72758
1.19581e-08	0.732405
1.1961e-08	0.737054
1.19638e-08	0.741528
1.19667e-08	0.745825
1.19696e-08	0.749943
1.19724e-08	0.753882
1.19753e-08	0.75764
1.19782e-08	0.761216
1.1981e-08	0.764608
1.19839e-08	0.767817
1.19868e-08	0.77084
1.19896e-08	0.773678
1.19925e-08	0.776328
1.19953e-08	0.77879
1.19982e-08	0.781063
1.20011e-08	0.783147
1.20039e-08	0.785041
1.20068e-08	0.786744
1.20097e-08	0.788255
1.20125e-08	0.789574
1.20154e-08	0.7907
1.20183e-08	0.791633
1.20211e-08	0.792372
1.2024e-08	0.792917
1.20269e-08	0.793268
1.20297e-08	0.793424
1.20326e-08	0.793384
1.20354e-08	0.79315
1.20383e-08	0.79272
1.20412e-08	0.792095
1.2044e-08	0.791273
1.20469e-08	0.790257
1.20498e-08	0.789044
1.20526e-08	0.787637
1.20555e-08	0.786033
1.20584e-08	0.784235
1.20612e-08	0.782241
1.20641e-08	0.780053
1.2067e-08	0.77767
1.20698e-08	0.775094
1.20727e-08	0.772323
1.20755e-08	0.76936
1.20784e-08	0.766204
1.20813e-08	0.762855
1.20841e-08	0.759316
1.2087e-08	0.755585
1.20899e-08	0.751665
1.20927e-08	0.747555
1.20956e-08	0.743256
1.20985e-08	0.73877
1.21013e-08	0.734097
1.21042e-08	0.729238
1.21071e-08	0.724195
1.21099e-08	0.718967
1.21128e-08	0.713557
1.21156e-08	0.707965
1.21185e-08	0.702193
1.21214e-08	0.696242
1.21242e-08	0.690113
1.21271e-08	0.683807
1.213e-08	0.677326
1.21328e-08	0.670671
1.21357e-08	0.663844
1.21386e-08	0.656847
1.21414e-08	0.649679
1.21443e-08	0.642345
1.21472e-08	0.634844
1.215e-08	0.627178
1.21529e-08	0.61935
1.21557e-08	0.611361
1.21586e-08	0.603213
1.21615e-08	0.594908
1.21643e-08	0.586447
1.21672e-08	0.577833
1.21701e-08	0.569068
1.21729e-08	0.560152
1.21758e-08	0.55109
1.21787e-08	0.541882
1.21815e-08	0.532531
1.21844e-08	0.523039
1.21873e-08	0.513407
1.21901e-08	0.50364
1.2193e-08	0.493737
1.21958e-08	0.483703
1.21987e-08	0.473539
1.22016e-08	0.463248
1.22044e-08	0.452832
1.22073e-08	0.442293
1.22102e-08	0.431634
1.2213e-08	0.420858
1.22159e-08	0.409966
1.22188e-08	0.398963
1.22216e-08	0.387849
1.22245e-08	0.376629
1.22274e-08	0.365304
1.22302e-08	0.353877
1.22331e-08	0.342351
1.22359e-08	0.330729
1.22388e-08	0.319013
1.22417e-08	0.307206
1.22445e-08	0.295312
1.22474e-08	0.283332
1.22503e-08	0.27127
1.22531e-08	0.259129
1.2256e-08	0.246911
1.22589e-08	0.23462
1.22617e-08	0.222259
1.22646e-08	0.20983
1.22674e-08	0.197337
1.22703e-08	0.184782
1.22732e-08	0.172168
1.2276e-08	0.1595
1.22789e-08	0.146779
1.22818e-08	0.134009
1.22846e-08	0.121193
1.22875e-08	0.108334
1.22904e-08	0.0954346
1.22932e-08	0.082499
1.22961e-08	0.0695299
1.2299e-08	0.0565304
1.23018e-08	0.0435038
1.23047e-08	0.0304533
1.23075e-08	0.0173821
1.23104e-08	0.00429326
1.23133e-08	-0.00880983
1.23161e-08	-0.021924
1.2319e-08	-0.035046
1.23219e-08	-0.0481727
1.23247e-08	-0.0613007
1.23276e-08	-0.0744268
1.23305e-08	-0.0875478
1.23333e-08	-0.10066
1.23362e-08	-0.113761
1.23391e-08	-0.126847
1.23419e-08	-0.139915
1.23448e-08	-0.152962
1.23476e-08	-0.165984
1.23505e-08	-0.178978
1.23534e-08	-0.191941
1.23562e-08	-0.204869
1.23591e-08	-0.21776
1.2362e-08	-0.23061
1.23648e-08	-0.243416
1.23677e-08	-0.256175
1.23706e-08	-0.268884
1.23734e-08	-0.281538
1.23763e-08	-0.294136
1.23792e-08	-0.306674
1.2382e-08	-0.319149
1.23849e-08	-0.331557
1.23877e-08	-0.343896
1.23906e-08	-0.356163
1.23935e-08	-0.368353
1.23963e-08	-0.380465
1.23992e-08	-0.392495
1.24021e-08	-0.404441
1.24049e-08	-0.416298
1.24078e-08	-0.428064
1.24107e-08	-0.439737
1.24135e-08	-0.451312
1.24164e-08	-0.462788
1.24193e-08	-0.474161
1.24221e-08	-0.485428
1.2425e-08	-0.496587
1.24278e-08	-0.507634
1.24307e-08	-0.518566
1.24336e-08	-0.529382
1.24364e-08	-0.540078
1.24393e-08	-0.550651
1.24422e-08	-0.561098
1.2445e-08	-0.571418
1.24479e-08	-0.581607
1.24508e-08	-0.591662
1.24536e-08	-0.601581
1.24565e-08	-0.611362
1.24594e-08	-0.621001
1.24622e-08	-0.630497
1.24651e-08	-0.639847
1.24679e-08	-0.649048
1.24708e-08	-0.658098
1.24737e-08	-0.666995
1.24765e-08	-0.675735
1.24794e-08	-0.684318
1.24823e-08	-0.692741
1.24851e-08	-0.701001
1.2488e-08	-0.709096
1.24909e-08	-0.717024
1.24937e-08	-0.724784
1.24966e-08	-0.732372
1.24995e-08	-0.739787
1.25023e-08	-0.747027
1.25052e-08	-0.75409
1.2508e-08	-0.760974
1.25109e-08	-0.767677
1.25138e-08	-0.774197
1.25166e-08	-0.780533
1.25195e-08	-0.786683
1.25224e-08	-0.792645
1.25252e-08	-0.798417
1.25281e-08	-0.803998
1.2531e-08	-0.809387
1.25338e-08	-0.814582
1.25367e-08	-0.81958
1.25396e-08	-0.824382
1.25424e-08	-0.828986
1.25453e-08	-0.833389
1.25481e-08	-0.837592
1.2551e-08	-0.841592
1.25539e-08	-0.845389
1.25567e-08	-0.848982
1.25596e-08	-0.852369
1.25625e-08	-0.855549
1.25653e-08	-0.858522
1.25682e-08	-0.861287
1.25711e-08	-0.863842
1.25739e-08	-0.866187
1.25768e-08	-0.868321
1.25796e-08	-0.870243
1.25825e-08	-0.871953
1.25854e-08	-0.87345
1.25882e-08	-0.874734
1.25911e-08	-0.875804
1.2594e-08	-0.876659
1.25968e-08	-0.8773
1.25997e-08	-0.877725
1.26026e-08	-0.877935
1.26054e-08	-0.877929
1.26083e-08	-0.877708
1.26112e-08	-0.87727
1.2614e-08	-0.876616
1.26169e-08	-0.875747
1.26197e-08	-0.874661
1.26226e-08	-0.873359
1.26255e-08	-0.871841
1.26283e-08	-0.870108
1.26312e-08	-0.868159
1.26341e-08	-0.865995
1.26369e-08	-0.863617
1.26398e-08	-0.861024
1.26427e-08	-0.858217
1.26455e-08	-0.855196
1.26484e-08	-0.851963
1.26513e-08	-0.848518
1.26541e-08	-0.844861
1.2657e-08	-0.840994
1.26598e-08	-0.836916
1.26627e-08	-0.832629
1.26656e-08	-0.828134
1.26684e-08	-0.823432
1.26713e-08	-0.818523
1.26742e-08	-0.813409
1.2677e-08	-0.808091
1.26799e-08	-0.802569
1.26828e-08	-0.796846
1.26856e-08	-0.790922
1.26885e-08	-0.784799
1.26914e-08	-0.778477
1.26942e-08	-0.77196
1.26971e-08	-0.765247
1.26999e-08	-0.75834
1.27028e-08	-0.751241
1.27057e-08	-0.743952
1.27085e-08	-0.736474
1.27114e-08	-0.728809
1.27143e-08	-0.720959
1.27171e-08	-0.712925
1.272e-08	-0.704709
1.27229e-08	-0.696313
1.27257e-08	-0.687739
1.27286e-08	-0.67899
1.27315e-08	-0.670066
1.27343e-08	-0.660971
1.27372e-08	-0.651706
1.274e-08	-0.642273
1.27429e-08	-0.632675
1.27458e-08	-0.622913
1.27486e-08	-0.612991
1.27515e-08	-0.60291
1.27544e-08	-0.592673
1.27572e-08	-0.582282
1.27601e-08	-0.57174
1.2763e-08	-0.561049
1.27658e-08	-0.550212
1.27687e-08	-0.539231
1.27716e-08	-0.528108
1.27744e-08	-0.516848
1.27773e-08	-0.505451
1.27801e-08	-0.493922
1.2783e-08	-0.482262
1.27859e-08	-0.470474
1.27887e-08	-0.458562
1.27916e-08	-0.446527
1.27945e-08	-0.434374
1.27973e-08	-0.422105
1.28002e-08	-0.409722
1.28031e-08	-0.397229
1.28059e-08	-0.384629
1.28088e-08	-0.371925
1.28117e-08	-0.359119
1.28145e-08	-0.346216
1.28174e-08	-0.333218
1.28202e-08	-0.320128
1.28231e-08	-0.306949
1.2826e-08	-0.293685
1.28288e-08	-0.280339
1.28317e-08	-0.266914
1.28346e-08	-0.253413
1.28374e-08	-0.23984
1.28403e-08	-0.226198
1.28432e-08	-0.21249
1.2846e-08	-0.198719
1.28489e-08	-0.184889
1.28518e-08	-0.171004
1.28546e-08	-0.157067
1.28575e-08	-0.14308
1.28603e-08	-0.129048
1.28632e-08	-0.114974
1.28661e-08	-0.100861
1.28689e-08	-0.0867136
1.28718e-08	-0.0725342
1.28747e-08	-0.0583265
1.28775e-08	-0.0440942
1.28804e-08	-0.0298407
1.28833e-08	-0.0155695
1.28861e-08	-0.00128419
1.2889e-08	0.0130118
1.28918e-08	0.0273149
1.28947e-08	0.0416216
1.28976e-08	0.0559283
1.29004e-08	0.0702315
1.29033e-08	0.0845278
1.29062e-08	0.0988134
1.2909e-08	0.113085
1.29119e-08	0.127339
1.29148e-08	0.141572
1.29176e-08	0.15578
1.29205e-08	0.169959
1.29234e-08	0.184107
1.29262e-08	0.19822
1.29291e-08	0.212294
1.29319e-08	0.226326
1.29348e-08	0.240311
1.29377e-08	0.254248
1.29405e-08	0.268131
1.29434e-08	0.281959
1.29463e-08	0.295727
1.29491e-08	0.309431
1.2952e-08	0.323069
1.29549e-08	0.336637
1.29577e-08	0.350132
1.29606e-08	0.36355
1.29635e-08	0.376887
1.29663e-08	0.390141
1.29692e-08	0.403309
1.2972e-08	0.416386
1.29749e-08	0.42937
1.29778e-08	0.442256
1.29806e-08	0.455043
1.29835e-08	0.467727
1.29864e-08	0.480305
1.29892e-08	0.492772
1.29921e-08	0.505127
1.2995e-08	0.517367
1.29978e-08	0.529487
1.30007e-08	0.541485
1.30036e-08	0.553358
1.30064e-08	0.565103
1.30093e-08	0.576716
1.30121e-08	0.588196
1.3015e-08	0.599539
1.30179e-08	0.610742
1.30207e-08	0.621802
1.30236e-08	0.632716
1.30265e-08	0.643482
1.30293e-08	0.654097
1.30322e-08	0.664559
1.30351e-08	0.674863
1.30379e-08	0.685009
1.30408e-08	0.694992
1.30437e-08	0.704812
1.30465e-08	0.714464
1.30494e-08	0.723947
1.30522e-08	0.733258
1.30551e-08	0.742395
1.3058e-08	0.751355
1.30608e-08	0.760136
1.30637e-08	0.768737
1.30666e-08	0.777153
1.30694e-08	0.785384
1.30723e-08	0.793427
1.30752e-08	0.80128
1.3078e-08	0.808941
1.30809e-08	0.816409
1.30838e-08	0.82368
1.30866e-08	0.830753
1.30895e-08	0.837627
1.30923e-08	0.844298
1.30952e-08	0.850767
1.30981e-08	0.857031
1.31009e-08	0.863087
1.31038e-08	0.868936
1.31067e-08	0.874574
1.31095e-08	0.880001
1.31124e-08	0.885215
1.31153e-08	0.890214
1.31181e-08	0.894998
1.3121e-08	0.899565
1.31239e-08	0.903914
1.31267e-08	0.908043
1.31296e-08	0.911951
1.31324e-08	0.915637
1.31353e-08	0.919101
1.31382e-08	0.922341
1.3141e-08	0.925356
1.31439e-08	0.928146
1.31468e-08	0.930709
1.31496e-08	0.933045
1.31525e-08	0.935153
1.31554e-08	0.937033
1.31582e-08	0.938683
1.31611e-08	0.940104
1.3164e-08	0.941294
1.31668e-08	0.942254
1.31697e-08	0.942983
1.31725e-08	0.94348
1.31754e-08	0.943746
1.31783e-08	0.94378
1.31811e-08	0.943582
1.3184e-08	0.943153
1.31869e-08	0.942491
1.31897e-08	0.941597
1.31926e-08	0.940472
1.31955e-08	0.939114
1.31983e-08	0.937526
1.32012e-08	0.935705
1.3204e-08	0.933654
1.32069e-08	0.931372
1.32098e-08	0.928861
1.32126e-08	0.926119
1.32155e-08	0.923148
1.32184e-08	0.919949
1.32212e-08	0.916522
1.32241e-08	0.912868
1.3227e-08	0.908988
1.32298e-08	0.904882
1.32327e-08	0.900551
1.32356e-08	0.895997
1.32384e-08	0.89122
1.32413e-08	0.886222
1.32441e-08	0.881003
1.3247e-08	0.875565
1.32499e-08	0.869908
1.32527e-08	0.864035
1.32556e-08	0.857946
1.32585e-08	0.851644
1.32613e-08	0.845128
1.32642e-08	0.838402
1.32671e-08	0.831465
1.32699e-08	0.824321
1.32728e-08	0.816971
1.32757e-08	0.809416
1.32785e-08	0.801658
1.32814e-08	0.793699
1.32842e-08	0.785541
1.32871e-08	0.777185
1.329e-08	0.768634
1.32928e-08	0.75989
1.32957e-08	0.750955
1.32986e-08	0.74183
1.33014e-08	0.732519
1.33043e-08	0.723022
1.33072e-08	0.713344
1.331e-08	0.703484
1.33129e-08	0.693448
1.33158e-08	0.683235
1.33186e-08	0.67285
1.33215e-08	0.662294
1.33243e-08	0.65157
1.33272e-08	0.64068
1.33301e-08	0.629628
1.33329e-08	0.618415
1.33358e-08	0.607045
1.33387e-08	0.59552
1.33415e-08	0.583843
1.33444e-08	0.572016
1.33473e-08	0.560044
1.33501e-08	0.547927
1.3353e-08	0.535671
1.33559e-08	0.523277
1.33587e-08	0.510748
1.33616e-08	0.498087
1.33644e-08	0.485298
1.33673e-08	0.472384
1.33702e-08	0.459347
1.3373e-08	0.446191
1.33759e-08	0.43292
1.33788e-08	0.419535
1.33816e-08	0.406042
1.33845e-08	0.392442
1.33874e-08	0.378739
1.33902e-08	0.364937
1.33931e-08	0.351038
1.3396e-08	0.337047
1.33988e-08	0.322966
1.34017e-08	0.3088
1.34045e-08	0.294551
1.34074e-08	0.280223
1.34103e-08	0.26582
1.34131e-08	0.251345
1.3416e-08	0.236801
1.34189e-08	0.222193
1.34217e-08	0.207523
1.34246e-08	0.192796
1.34275e-08	0.178014
1.34303e-08	0.163183
1.34332e-08	0.148304
1.34361e-08	0.133383
1.34389e-08	0.118422
1.34418e-08	0.103425
1.34446e-08	0.088396
1.34475e-08	0.0733388
1.34504e-08	0.058257
1.34532e-08	0.0431542
1.34561e-08	0.0280342
1.3459e-08	0.0129008
1.34618e-08	-0.00224241
1.34647e-08	-0.0173916
1.34676e-08	-0.0325431
1.34704e-08	-0.0476931
1.34733e-08	-0.0628379
1.34762e-08	-0.0779738
1.3479e-08	-0.0930969
1.34819e-08	-0.108204
1.34847e-08	-0.12329
1.34876e-08	-0.138353
1.34905e-08	-0.153388
1.34933e-08	-0.168391
1.34962e-08	-0.183359
1.34991e-08	-0.198289
1.35019e-08	-0.213176
1.35048e-08	-0.228017
1.35077e-08	-0.242808
1.35105e-08	-0.257545
1.35134e-08	-0.272225
1.35162e-08	-0.286845
1.35191e-08	-0.301399
1.3522e-08	-0.315886
1.35248e-08	-0.330301
1.35277e-08	-0.34464
1.35306e-08	-0.3589
1.35334e-08	-0.373078
1.35363e-08	-0.38717
1.35392e-08	-0.401173
1.3542e-08	-0.415082
1.35449e-08	-0.428895
1.35478e-08	-0.442608
1.35506e-08	-0.456217
1.35535e-08	-0.46972
1.35563e-08	-0.483113
1.35592e-08	-0.496392
1.35621e-08	-0.509554
1.35649e-08	-0.522596
1.35678e-08	-0.535515
1.35707e-08	-0.548307
1.35735e-08	-0.560969
1.35764e-08	-0.573498
1.35793e-08	-0.585891
1.35821e-08	-0.598145
1.3585e-08	-0.610256
1.35879e-08	-0.622222
1.35907e-08	-0.634039
1.35936e-08	-0.645705
1.35964e-08	-0.657217
1.35993e-08	-0.668571
1.36022e-08	-0.679766
1.3605e-08	-0.690797
1.36079e-08	-0.701663
1.36108e-08	-0.71236
1.36136e-08	-0.722886
1.36165e-08	-0.733238
1.36194e-08	-0.743414
1.36222e-08	-0.753411
1.36251e-08	-0.763226
1.3628e-08	-0.772857
1.36308e-08	-0.782302
1.36337e-08	-0.791558
1.36365e-08	-0.800622
1.36394e-08	-0.809493
1.36423e-08	-0.818168
1.36451e-08	-0.826645
1.3648e-08	-0.834922
1.36509e-08	-0.842997
1.36537e-08	-0.850867
1.36566e-08	-0.858531
1.36595e-08	-0.865987
1.36623e-08	-0.873232
1.36652e-08	-0.880266
1.36681e-08	-0.887085
1.36709e-08	-0.893689
1.36738e-08	-0.900075
1.36766e-08	-0.906242
1.36795e-08	-0.912189
1.36824e-08	-0.917914
1.36852e-08	-0.923415
1.36881e-08	-0.928691
1.3691e-08	-0.93374
1.36938e-08	-0.938562
1.36967e-08	-0.943154
1.36996e-08	-0.947517
1.37024e-08	-0.951648
1.37053e-08	-0.955546
1.37082e-08	-0.959211
1.3711e-08	-0.962642
1.37139e-08	-0.965837
1.37167e-08	-0.968795
1.37196e-08	-0.971517
1.37225e-08	-0.974001
1.37253e-08	-0.976246
1.37282e-08	-0.978253
1.37311e-08	-0.980019
1.37339e-08	-0.981546
1.37368e-08	-0.982831
1.37397e-08	-0.983876
1.37425e-08	-0.984679
1.37454e-08	-0.985241
1.37483e-08	-0.985561
1.37511e-08	-0.985639
1.3754e-08	-0.985474
1.37568e-08	-0.985068
1.37597e-08	-0.984419
1.37626e-08	-0.983529
1.37654e-08	-0.982396
1.37683e-08	-0.981022
1.37712e-08	-0.979407
1.3774e-08	-0.977551
1.37769e-08	-0.975454
1.37798e-08	-0.973116
1.37826e-08	-0.97054
1.37855e-08	-0.967724
1.37883e-08	-0.964669
1.37912e-08	-0.961377
1.37941e-08	-0.957848
1.37969e-08	-0.954082
1.37998e-08	-0.950081
1.38027e-08	-0.945846
1.38055e-08	-0.941377
1.38084e-08	-0.936676
1.38113e-08	-0.931744
1.38141e-08	-0.926581
1.3817e-08	-0.92119
1.38199e-08	-0.915571
1.38227e-08	-0.909725
1.38256e-08	-0.903655
1.38284e-08	-0.897361
1.38313e-08	-0.890845
1.38342e-08	-0.884109
1.3837e-08	-0.877154
1.38399e-08	-0.869982
1.38428e-08	-0.862594
1.38456e-08	-0.854993
1.38485e-08	-0.84718
1.38514e-08	-0.839156
1.38542e-08	-0.830925
1.38571e-08	-0.822488
1.386e-08	-0.813847
1.38628e-08	-0.805004
1.38657e-08	-0.795961
1.38685e-08	-0.78672
1.38714e-08	-0.777284
1.38743e-08	-0.767655
1.38771e-08	-0.757836
1.388e-08	-0.747828
1.38829e-08	-0.737634
1.38857e-08	-0.727256
1.38886e-08	-0.716698
1.38915e-08	-0.705962
1.38943e-08	-0.695049
1.38972e-08	-0.683964
1.39001e-08	-0.672708
1.39029e-08	-0.661285
1.39058e-08	-0.649696
1.39086e-08	-0.637946
1.39115e-08	-0.626036
1.39144e-08	-0.613971
1.39172e-08	-0.601752
1.39201e-08	-0.589382
1.3923e-08	-0.576866
1.39258e-08	-0.564205
1.39287e-08	-0.551403
1.39316e-08	-0.538463
1.39344e-08	-0.525389
1.39373e-08	-0.512183
1.39402e-08	-0.498848
1.3943e-08	-0.485388
1.39459e-08	-0.471807
1.39487e-08	-0.458107
1.39516e-08	-0.444292
1.39545e-08	-0.430365
1.39573e-08	-0.41633
1.39602e-08	-0.40219
1.39631e-08	-0.387948
1.39659e-08	-0.373609
1.39688e-08	-0.359176
1.39717e-08	-0.344651
1.39745e-08	-0.33004
1.39774e-08	-0.315345
1.39803e-08	-0.300569
1.39831e-08	-0.285718
1.3986e-08	-0.270794
1.39888e-08	-0.2558
1.39917e-08	-0.240742
1.39946e-08	-0.225621
1.39974e-08	-0.210443
1.40003e-08	-0.195211
1.40032e-08	-0.179928
1.4006e-08	-0.164598
1.40089e-08	-0.149226
1.40118e-08	-0.133814
1.40146e-08	-0.118368
1.40175e-08	-0.102889
1.40204e-08	-0.0873835
1.40232e-08	-0.0718538
1.40261e-08	-0.0563041
1.40289e-08	-0.0407382
1.40318e-08	-0.0251601
1.40347e-08	-0.00957343
1.40375e-08	0.00601782
1.40404e-08	0.0216098
1.40433e-08	0.0371988
1.40461e-08	0.0527808
1.4049e-08	0.068352
1.40519e-08	0.0839086
1.40547e-08	0.0994467
1.40576e-08	0.114962
1.40605e-08	0.130452
1.40633e-08	0.145912
1.40662e-08	0.161337
1.4069e-08	0.176726
1.40719e-08	0.192072
1.40748e-08	0.207374
1.40776e-08	0.222626
1.40805e-08	0.237826
1.40834e-08	0.252969
1.40862e-08	0.268052
1.40891e-08	0.283071
1.4092e-08	0.298022
1.40948e-08	0.312902
1.40977e-08	0.327706
1.41005e-08	0.342432
1.41034e-08	0.357075
1.41063e-08	0.371632
1.41091e-08	0.3861
1.4112e-08	0.400474
1.41149e-08	0.414751
1.41177e-08	0.428928
1.41206e-08	0.443002
1.41235e-08	0.456967
1.41263e-08	0.470822
1.41292e-08	0.484563
1.41321e-08	0.498186
1.41349e-08	0.511688
1.41378e-08	0.525066
1.41406e-08	0.538316
1.41435e-08	0.551435
1.41464e-08	0.564419
1.41492e-08	0.577267
1.41521e-08	0.589973
1.4155e-08	0.602536
1.41578e-08	0.614952
1.41607e-08	0.627218
1.41636e-08	0.639331
1.41664e-08	0.651287
1.41693e-08	0.663085
1.41722e-08	0.674721
1.4175e-08	0.686192
1.41779e-08	0.697495
1.41807e-08	0.708628
1.41836e-08	0.719588
1.41865e-08	0.730372
1.41893e-08	0.740977
1.41922e-08	0.751401
1.41951e-08	0.76164
1.41979e-08	0.771694
1.42008e-08	0.781559
1.42037e-08	0.791232
1.42065e-08	0.800712
1.42094e-08	0.809995
1.42123e-08	0.81908
1.42151e-08	0.827965
1.4218e-08	0.836646
1.42208e-08	0.845123
1.42237e-08	0.853393
1.42266e-08	0.861453
1.42294e-08	0.869302
1.42323e-08	0.876938
1.42352e-08	0.884359
1.4238e-08	0.891563
1.42409e-08	0.898549
1.42438e-08	0.905314
1.42466e-08	0.911857
1.42495e-08	0.918176
1.42524e-08	0.92427
1.42552e-08	0.930138
1.42581e-08	0.935777
1.42609e-08	0.941186
1.42638e-08	0.946365
1.42667e-08	0.951311
1.42695e-08	0.956024
1.42724e-08	0.960502
1.42753e-08	0.964744
1.42781e-08	0.96875
1.4281e-08	0.972517
1.42839e-08	0.976046
1.42867e-08	0.979336
1.42896e-08	0.982385
1.42925e-08	0.985192
1.42953e-08	0.987758
1.42982e-08	0.990081
1.4301e-08	0.992161
1.43039e-08	0.993998
1.43068e-08	0.99559
1.43096e-08	0.996938
1.43125e-08	0.998041
1.43154e-08	0.998899
1.43182e-08	0.999511
1.43211e-08	0.999878
1.4324e-08	1
1.43268e-08	0.999876
1.43297e-08	0.999506
1.43326e-08	0.998891
1.43354e-08	0.998031
1.43383e-08	0.996926
1.43411e-08	0.995575
1.4344e-08	0.993981
1.43469e-08	0.992142
1.43497e-08	0.990059
1.43526e-08	0.987734
1.43555e-08	0.985166
1.43583e-08	0.982356
1.43612e-08	0.979305
1.43641e-08	0.976013
1.43669e-08	0.972482
1.43698e-08	0.968712
1.43727e-08	0.964704
1.43755e-08	0.960459
1.43784e-08	0.955979
1.43812e-08	0.951264
1.43841e-08	0.946315
1.4387e-08	0.941134
1.43898e-08	0.935723
1.43927e-08	0.930081
1.43956e-08	0.924212
1.43984e-08	0.918115
1.44013e-08	0.911794
1.44042e-08	0.905249
1.4407e-08	0.898481
1.44099e-08	0.891494
1.44127e-08	0.884287
1.44156e-08	0.876864
1.44185e-08	0.869226
1.44213e-08	0.861375
1.44242e-08	0.853312
1.44271e-08	0.845041
1.44299e-08	0.836562
1.44328e-08	0.827879
1.44357e-08	0.818992
1.44385e-08	0.809905
1.44414e-08	0.80062
1.44443e-08	0.791138
1.44471e-08	0.781463
1.445e-08	0.771596
1.44528e-08	0.761541
1.44557e-08	0.751299
1.44586e-08	0.740873
1.44614e-08	0.730267
1.44643e-08	0.719481
1.44672e-08	0.70852
1.447e-08	0.697385
1.44729e-08	0.68608
1.44758e-08	0.674608
1.44786e-08	0.66297
1.44815e-08	0.651171
1.44844e-08	0.639212
1.44872e-08	0.627098
1.44901e-08	0.614831
1.44929e-08	0.602413
1.44958e-08	0.589849
1.44987e-08	0.577141
1.45015e-08	0.564293
1.45044e-08	0.551307
1.45073e-08	0.538186
1.45101e-08	0.524935
1.4513e-08	0.511556
1.45159e-08	0.498053
1.45187e-08	0.484429
1.45216e-08	0.470687
1.45245e-08	0.456831
1.45273e-08	0.442864
1.45302e-08	0.42879
1.4533e-08	0.414612
1.45359e-08	0.400333
1.45388e-08	0.385958
1.45416e-08	0.37149
1.45445e-08	0.356932
1.45474e-08	0.342288
1.45502e-08	0.327561
1.45531e-08	0.312756
1.4556e-08	0.297876
1.45588e-08	0.282924
1.45617e-08	0.267904
1.45646e-08	0.252821
1.45674e-08	0.237677
1.45703e-08	0.222477
1.45731e-08	0.207224
1.4576e-08	0.191922
1.45789e-08	0.176575
1.45817e-08	0.161186
1.45846e-08	0.14576
1.45875e-08	0.1303
1.45903e-08	0.11481
1.45932e-08	0.0992943
1.45961e-08	0.083756
1.45989e-08	0.0681992
1.46018e-08	0.0526279
1.46047e-08	0.0370458
1.46075e-08	0.0214568
1.46104e-08	0.00586479
1.46132e-08	-0.00972644
1.46161e-08	-0.025313
1.4619e-08	-0.0408911
1.46218e-08	-0.0564568
1.46247e-08	-0.0720063
1.46276e-08	-0.0875358
1.46304e-08	-0.103041
1.46333e-08	-0.118519
1.46362e-08	-0.133966
1.4639e-08	-0.149377
1.46419e-08	-0.164749
1.46448e-08	-0.180078
1.46476e-08	-0.19536
1.46505e-08	-0.210592
1.46533e-08	-0.22577
1.46562e-08	-0.24089
1.46591e-08	-0.255948
1.46619e-08	-0.27094
1.46648e-08	-0.285864
1.46677e-08	-0.300715
1.46705e-08	-0.315489
1.46734e-08	-0.330184
1.46763e-08	-0.344794
1.46791e-08	-0.359318
1.4682e-08	-0.37375
1.46849e-08	-0.388089
1.46877e-08	-0.402329
1.46906e-08	-0.416468
1.46934e-08	-0.430502
1.46963e-08	-0.444428
1.46992e-08	-0.458242
1.4702e-08	-0.47194
1.47049e-08	-0.485521
1.47078e-08	-0.498979
1.47106e-08	-0.512313
1.47135e-08	-0.525518
1.47164e-08	-0.538591
1.47192e-08	-0.55153
1.47221e-08	-0.56433
1.47249e-08	-0.576989
1.47278e-08	-0.589505
1.47307e-08	-0.601872
1.47335e-08	-0.61409
1.47364e-08	-0.626154
1.47393e-08	-0.638062
1.47421e-08	-0.649811
1.4745e-08	-0.661397
1.47479e-08	-0.672819
1.47507e-08	-0.684073
1.47536e-08	-0.695157
1.47565e-08	-0.706068
1.47593e-08	-0.716803
1.47622e-08	-0.727359
1.4765e-08	-0.737735
1.47679e-08	-0.747927
1.47708e-08	-0.757933
1.47736e-08	-0.767751
1.47765e-08	-0.777378
1.47794e-08	-0.786812
1.47822e-08	-0.79605
1.47851e-08	-0.805091
1.4788e-08	-0.813933
1.47908e-08	-0.822572
1.47937e-08	-0.831007
1.47966e-08	-0.839236
1.47994e-08	-0.847257
1.48023e-08	-0.855068
1.48051e-08	-0.862668
1.4808e-08	-0.870053
1.48109e-08	-0.877223
1.48137e-08	-0.884176
1.48166e-08	-0.89091
1.48195e-08	-0.897424
1.48223e-08	-0.903716
1.48252e-08	-0.909784
1.48281e-08	-0.915627
1.48309e-08	-0.921244
1.48338e-08	-0.926633
1.48367e-08	-0.931793
1.48395e-08	-0.936724
1.48424e-08	-0.941422
1.48452e-08	-0.945889
1.48481e-08	-0.950122
1.4851e-08	-0.95412
1.48538e-08	-0.957883
1.48567e-08	-0.96141
1.48596e-08	-0.9647
1.48624e-08	-0.967752
1.48653e-08	-0.970566
1.48682e-08	-0.973141
1.4871e-08	-0.975475
1.48739e-08	-0.97757
1.48768e-08	-0.979424
1.48796e-08	-0.981037
1.48825e-08	-0.982409
1.48853e-08	-0.983539
1.48882e-08	-0.984427
1.48911e-08	-0.985073
1.48939e-08	-0.985477
1.48968e-08	-0.985639
1.48997e-08	-0.985559
1.49025e-08	-0.985237
1.49054e-08	-0.984673
1.49083e-08	-0.983867
1.49111e-08	-0.98282
1.4914e-08	-0.981532
1.49169e-08	-0.980003
1.49197e-08	-0.978234
1.49226e-08	-0.976226
1.49254e-08	-0.973978
1.49283e-08	-0.971492
1.49312e-08	-0.968768
1.4934e-08	-0.965806
1.49369e-08	-0.962609
1.49398e-08	-0.959176
1.49426e-08	-0.955509
1.49455e-08	-0.951608
1.49484e-08	-0.947475
1.49512e-08	-0.94311
1.49541e-08	-0.938515
1.4957e-08	-0.933692
1.49598e-08	-0.92864
1.49627e-08	-0.923362
1.49655e-08	-0.917859
1.49684e-08	-0.912132
1.49713e-08	-0.906183
1.49741e-08	-0.900014
1.4977e-08	-0.893625
1.49799e-08	-0.887019
1.49827e-08	-0.880198
1.49856e-08	-0.873162
1.49885e-08	-0.865915
1.49913e-08	-0.858457
1.49942e-08	-0.850791
1.49971e-08	-0.842919
1.49999e-08	-0.834842
1.50028e-08	-0.826563
1.50056e-08	-0.818084
1.50085e-08	-0.809407
1.50114e-08	-0.800534
1.50142e-08	-0.791468
1.50171e-08	-0.78221
1.502e-08	-0.772763
1.50228e-08	-0.763131
1.50257e-08	-0.753314
1.50286e-08	-0.743315
1.50314e-08	-0.733137
1.50343e-08	-0.722784
1.50371e-08	-0.712256
1.504e-08	-0.701557
1.50429e-08	-0.69069
1.50457e-08	-0.679657
1.50486e-08	-0.668461
1.50515e-08	-0.657105
1.50543e-08	-0.645592
1.50572e-08	-0.633924
1.50601e-08	-0.622105
1.50629e-08	-0.610138
1.50658e-08	-0.598025
1.50687e-08	-0.58577
1.50715e-08	-0.573376
1.50744e-08	-0.560845
1.50772e-08	-0.548182
1.50801e-08	-0.535389
1.5083e-08	-0.522469
1.50858e-08	-0.509425
1.50887e-08	-0.496262
1.50916e-08	-0.482982
1.50944e-08	-0.469588
1.50973e-08	-0.456084
1.51002e-08	-0.442474
1.5103e-08	-0.42876
1.51059e-08	-0.414946
1.51088e-08	-0.401036
1.51116e-08	-0.387032
1.51145e-08	-0.37294
1.51173e-08	-0.358761
1.51202e-08	-0.3445
1.51231e-08	-0.330159
1.51259e-08	-0.315744
1.51288e-08	-0.301257
1.51317e-08	-0.286701
1.51345e-08	-0.272082
1.51374e-08	-0.257401
1.51403e-08	-0.242663
1.51431e-08	-0.227872
1.5146e-08	-0.21303
1.51489e-08	-0.198143
1.51517e-08	-0.183213
1.51546e-08	-0.168244
1.51574e-08	-0.15324
1.51603e-08	-0.138205
1.51632e-08	-0.123142
1.5166e-08	-0.108055
1.51689e-08	-0.0929485
1.51718e-08	-0.0778253
1.51746e-08	-0.0626893
1.51775e-08	-0.0475445
1.51804e-08	-0.0323944
1.51832e-08	-0.0172429
1.51861e-08	-0.00209375
1.5189e-08	0.0130494
1.51918e-08	0.0281827
1.51947e-08	0.0433025
1.51975e-08	0.0584051
1.52004e-08	0.0734867
1.52033e-08	0.0885436
1.52061e-08	0.103572
1.5209e-08	0.118569
1.52119e-08	0.133529
1.52147e-08	0.14845
1.52176e-08	0.163328
1.52205e-08	0.17816
1.52233e-08	0.19294
1.52262e-08	0.207667
1.52291e-08	0.222336
1.52319e-08	0.236944
1.52348e-08	0.251487
1.52376e-08	0.265962
1.52405e-08	0.280364
1.52434e-08	0.294691
1.52462e-08	0.308939
1.52491e-08	0.323105
1.5252e-08	0.337185
1.52548e-08	0.351175
1.52577e-08	0.365072
1.52606e-08	0.378874
1.52634e-08	0.392576
1.52663e-08	0.406175
1.52692e-08	0.419667
1.5272e-08	0.433051
1.52749e-08	0.446321
1.52777e-08	0.459476
1.52806e-08	0.472511
1.52835e-08	0.485424
1.52863e-08	0.498212
1.52892e-08	0.510871
1.52921e-08	0.523399
1.52949e-08	0.535792
1.52978e-08	0.548047
1.53007e-08	0.560162
1.53035e-08	0.572133
1.53064e-08	0.583958
1.53093e-08	0.595633
1.53121e-08	0.607157
1.5315e-08	0.618526
1.53178e-08	0.629737
1.53207e-08	0.640788
1.53236e-08	0.651676
1.53264e-08	0.662398
1.53293e-08	0.672952
1.53322e-08	0.683336
1.5335e-08	0.693547
1.53379e-08	0.703582
1.53408e-08	0.713439
1.53436e-08	0.723116
1.53465e-08	0.732611
1.53493e-08	0.741921
1.53522e-08	0.751043
1.53551e-08	0.759977
1.53579e-08	0.768719
1.53608e-08	0.777268
1.53637e-08	0.785622
1.53665e-08	0.793778
1.53694e-08	0.801735
1.53723e-08	0.809491
1.53751e-08	0.817044
1.5378e-08	0.824392
1.53809e-08	0.831535
1.53837e-08	0.838469
1.53866e-08	0.845193
1.53894e-08	0.851706
1.53923e-08	0.858007
1.53952e-08	0.864094
1.5398e-08	0.869965
1.54009e-08	0.875619
1.54038e-08	0.881055
1.54066e-08	0.886272
1.54095e-08	0.891268
1.54124e-08	0.896043
1.54152e-08	0.900595
1.54181e-08	0.904923
1.5421e-08	0.909027
1.54238e-08	0.912905
1.54267e-08	0.916557
1.54295e-08	0.919982
1.54324e-08	0.923179
1.54353e-08	0.926147
1.54381e-08	0.928886
1.5441e-08	0.931396
1.54439e-08	0.933675
1.54467e-08	0.935724
1.54496e-08	0.937542
1.54525e-08	0.939129
1.54553e-08	0.940484
1.54582e-08	0.941607
1.54611e-08	0.942499
1.54639e-08	0.943158
1.54668e-08	0.943586
1.54696e-08	0.943781
1.54725e-08	0.943745
1.54754e-08	0.943476
1.54782e-08	0.942977
1.54811e-08	0.942245
1.5484e-08	0.941283
1.54868e-08	0.940091
1.54897e-08	0.938668
1.54926e-08	0.937015
1.54954e-08	0.935134
1.54983e-08	0.933023
1.55012e-08	0.930685
1.5504e-08	0.92812
1.55069e-08	0.925328
1.55097e-08	0.92231
1.55126e-08	0.919068
1.55155e-08	0.915602
1.55183e-08	0.911914
1.55212e-08	0.908003
1.55241e-08	0.903872
1.55269e-08	0.899521
1.55298e-08	0.894952
1.55327e-08	0.890166
1.55355e-08	0.885165
1.55384e-08	0.879949
1.55413e-08	0.87452
1.55441e-08	0.868879
1.5547e-08	0.863029
1.55498e-08	0.85697
1.55527e-08	0.850705
1.55556e-08	0.844234
1.55584e-08	0.83756
1.55613e-08	0.830685
1.55642e-08	0.823609
1.5567e-08	0.816336
1.55699e-08	0.808867
1.55728e-08	0.801204
1.55756e-08	0.793349
1.55785e-08	0.785304
1.55814e-08	0.777071
1.55842e-08	0.768653
1.55871e-08	0.760051
1.55899e-08	0.751268
1.55928e-08	0.742306
1.55957e-08	0.733168
1.55985e-08	0.723855
1.56014e-08	0.71437
1.56043e-08	0.704716
1.56071e-08	0.694895
1.561e-08	0.68491
1.56129e-08	0.674763
1.56157e-08	0.664457
1.56186e-08	0.653994
1.56215e-08	0.643377
1.56243e-08	0.63261
1.56272e-08	0.621694
1.563e-08	0.610632
1.56329e-08	0.599428
1.56358e-08	0.588084
1.56386e-08	0.576603
1.56415e-08	0.564988
1.56444e-08	0.553242
1.56472e-08	0.541368
1.56501e-08	0.529368
1.5653e-08	0.517247
1.56558e-08	0.505007
1.56587e-08	0.492651
1.56615e-08	0.480182
1.56644e-08	0.467603
1.56673e-08	0.454918
1.56701e-08	0.442131
1.5673e-08	0.429243
1.56759e-08	0.416258
1.56787e-08	0.40318
1.56816e-08	0.390012
1.56845e-08	0.376757
1.56873e-08	0.363418
1.56902e-08	0.35
1.56931e-08	0.336504
1.56959e-08	0.322936
1.56988e-08	0.309297
1.57016e-08	0.295592
1.57045e-08	0.281823
1.57074e-08	0.267995
1.57102e-08	0.254111
1.57131e-08	0.240174
1.5716e-08	0.226188
1.57188e-08	0.212156
1.57217e-08	0.198082
1.57246e-08	0.183969
1.57274e-08	0.16982
1.57303e-08	0.15564
1.57332e-08	0.141432
1.5736e-08	0.127199
1.57389e-08	0.112945
1.57417e-08	0.0986733
1.57446e-08	0.0843875
1.57475e-08	0.0700912
1.57503e-08	0.0557879
1.57532e-08	0.0414812
1.57561e-08	0.0271745
1.57589e-08	0.0128714
1.57618e-08	-0.00142446
1.57647e-08	-0.0157097
1.57675e-08	-0.0299807
1.57704e-08	-0.044234
1.57733e-08	-0.0584661
1.57761e-08	-0.0726735
1.5779e-08	-0.0868526
1.57818e-08	-0.101
1.57847e-08	-0.115112
1.57876e-08	-0.129186
1.57904e-08	-0.143218
1.57933e-08	-0.157204
1.57962e-08	-0.171141
1.5799e-08	-0.185025
1.58019e-08	-0.198855
1.58048e-08	-0.212624
1.58076e-08	-0.226332
1.58105e-08	-0.239974
1.58134e-08	-0.253546
1.58162e-08	-0.267046
1.58191e-08	-0.28047
1.58219e-08	-0.293816
1.58248e-08	-0.307079
1.58277e-08	-0.320257
1.58305e-08	-0.333346
1.58334e-08	-0.346343
1.58363e-08	-0.359246
1.58391e-08	-0.37205
1.5842e-08	-0.384753
1.58449e-08	-0.397352
1.58477e-08	-0.409844
1.58506e-08	-0.422225
1.58535e-08	-0.434494
1.58563e-08	-0.446646
1.58592e-08	-0.458679
1.5862e-08	-0.47059
1.58649e-08	-0.482377
1.58678e-08	-0.494035
1.58706e-08	-0.505564
1.58735e-08	-0.516959
1.58764e-08	-0.528218
1.58792e-08	-0.539339
1.58821e-08	-0.550319
1.5885e-08	-0.561155
1.58878e-08	-0.571844
1.58907e-08	-0.582385
1.58936e-08	-0.592774
1.58964e-08	-0.60301
1.58993e-08	-0.613089
1.59021e-08	-0.62301
1.5905e-08	-0.63277
1.59079e-08	-0.642366
1.59107e-08	-0.651797
1.59136e-08	-0.661061
1.59165e-08	-0.670155
1.59193e-08	-0.679077
1.59222e-08	-0.687824
1.59251e-08	-0.696396
1.59279e-08	-0.70479
1.59308e-08	-0.713004
1.59336e-08	-0.721037
1.59365e-08	-0.728885
1.59394e-08	-0.736549
1.59422e-08	-0.744025
1.59451e-08	-0.751312
1.5948e-08	-0.758409
1.59508e-08	-0.765314
1.59537e-08	-0.772025
1.59566e-08	-0.77854
1.59594e-08	-0.78486
1.59623e-08	-0.790981
1.59652e-08	-0.796903
1.5968e-08	-0.802624
1.59709e-08	-0.808144
1.59737e-08	-0.81346
1.59766e-08	-0.818572
1.59795e-08	-0.823479
1.59823e-08	-0.828179
1.59852e-08	-0.832672
1.59881e-08	-0.836957
1.59909e-08	-0.841033
1.59938e-08	-0.844898
1.59967e-08	-0.848553
1.59995e-08	-0.851996
1.60024e-08	-0.855227
1.60053e-08	-0.858245
1.60081e-08	-0.86105
1.6011e-08	-0.863641
1.60138e-08	-0.866017
1.60167e-08	-0.868179
1.60196e-08	-0.870126
1.60224e-08	-0.871857
1.60253e-08	-0.873373
1.60282e-08	-0.874672
1.6031e-08	-0.875756
1.60339e-08	-0.876624
1.60368e-08	-0.877275
1.60396e-08	-0.877711
1.60425e-08	-0.87793
1.60454e-08	-0.877934
1.60482e-08	-0.877722
1.60511e-08	-0.877295
1.60539e-08	-0.876652
1.60568e-08	-0.875794
1.60597e-08	-0.874723
1.60625e-08	-0.873437
1.60654e-08	-0.871938
1.60683e-08	-0.870225
1.60711e-08	-0.868301
1.6074e-08	-0.866165
1.60769e-08	-0.863818
1.60797e-08	-0.861261
1.60826e-08	-0.858494
1.60855e-08	-0.855519
1.60883e-08	-0.852337
1.60912e-08	-0.848948
1.6094e-08	-0.845353
1.60969e-08	-0.841554
1.60998e-08	-0.837552
1.61026e-08	-0.833347
1.61055e-08	-0.828941
1.61084e-08	-0.824336
1.61112e-08	-0.819532
1.61141e-08	-0.814531
1.6117e-08	-0.809335
1.61198e-08	-0.803945
1.61227e-08	-0.798361
1.61256e-08	-0.792587
1.61284e-08	-0.786623
1.61313e-08	-0.780472
1.61341e-08	-0.774134
1.6137e-08	-0.767612
1.61399e-08	-0.760907
1.61427e-08	-0.754021
1.61456e-08	-0.746957
1.61485e-08	-0.739715
1.61513e-08	-0.732298
1.61542e-08	-0.724708
1.61571e-08	-0.716947
1.61599e-08	-0.709017
1.61628e-08	-0.700921
1.61657e-08	-0.692659
1.61685e-08	-0.684235
1.61714e-08	-0.67565
1.61742e-08	-0.666908
1.61771e-08	-0.65801
1.618e-08	-0.648958
1.61828e-08	-0.639756
1.61857e-08	-0.630405
1.61886e-08	-0.620907
1.61914e-08	-0.611266
1.61943e-08	-0.601484
1.61972e-08	-0.591564
1.62e-08	-0.581507
1.62029e-08	-0.571317
1.62058e-08	-0.560996
1.62086e-08	-0.550547
1.62115e-08	-0.539973
1.62143e-08	-0.529276
1.62172e-08	-0.51846
1.62201e-08	-0.507526
1.62229e-08	-0.496478
1.62258e-08	-0.485318
1.62287e-08	-0.47405
1.62315e-08	-0.462676
1.62344e-08	-0.451199
1.62373e-08	-0.439623
1.62401e-08	-0.427949
1.6243e-08	-0.416182
1.62458e-08	-0.404324
1.62487e-08	-0.392378
1.62516e-08	-0.380347
1.62544e-08	-0.368234
1.62573e-08	-0.356043
1.62602e-08	-0.343776
1.6263e-08	-0.331436
1.62659e-08	-0.319027
1.62688e-08	-0.306551
1.62716e-08	-0.294013
1.62745e-08	-0.281414
1.62774e-08	-0.268759
1.62802e-08	-0.25605
1.62831e-08	-0.243291
1.62859e-08	-0.230484
1.62888e-08	-0.217634
1.62917e-08	-0.204743
1.62945e-08	-0.191814
1.62974e-08	-0.178851
1.63003e-08	-0.165856
1.63031e-08	-0.152834
1.6306e-08	-0.139787
1.63089e-08	-0.126719
1.63117e-08	-0.113633
1.63146e-08	-0.100532
1.63175e-08	-0.087419
1.63203e-08	-0.074298
1.63232e-08	-0.0611718
1.6326e-08	-0.0480438
1.63289e-08	-0.0349172
1.63318e-08	-0.0217953
1.63346e-08	-0.00868117
1.63375e-08	0.0044218
1.63404e-08	0.0175104
1.63432e-08	0.0305815
1.63461e-08	0.0436318
1.6349e-08	0.0566581
1.63518e-08	0.0696573
1.63547e-08	0.0826261
1.63576e-08	0.0955614
1.63604e-08	0.10846
1.63633e-08	0.121319
1.63661e-08	0.134134
1.6369e-08	0.146904
1.63719e-08	0.159624
1.63747e-08	0.172293
1.63776e-08	0.184905
1.63805e-08	0.19746
1.63833e-08	0.209952
1.63862e-08	0.222381
1.63891e-08	0.234741
1.63919e-08	0.247032
1.63948e-08	0.259248
1.63977e-08	0.271389
1.64005e-08	0.28345
1.64034e-08	0.295429
1.64062e-08	0.307322
1.64091e-08	0.319128
1.6412e-08	0.330843
1.64148e-08	0.342464
1.64177e-08	0.353989
1.64206e-08	0.365415
1.64234e-08	0.376739
1.64263e-08	0.387959
1.64292e-08	0.399071
1.6432e-08	0.410074
1.64349e-08	0.420964
1.64378e-08	0.431739
1.64406e-08	0.442397
1.64435e-08	0.452934
1.64463e-08	0.463349
1.64492e-08	0.47364
1.64521e-08	0.483802
1.64549e-08	0.493835
1.64578e-08	0.503736
1.64607e-08	0.513503
1.64635e-08	0.523132
1.64664e-08	0.532623
1.64693e-08	0.541973
1.64721e-08	0.55118
1.6475e-08	0.560241
1.64779e-08	0.569154
1.64807e-08	0.577918
1.64836e-08	0.586531
1.64864e-08	0.59499
1.64893e-08	0.603294
1.64922e-08	0.611441
1.6495e-08	0.619428
1.64979e-08	0.627254
1.65008e-08	0.634918
1.65036e-08	0.642417
1.65065e-08	0.649751
1.65094e-08	0.656916
1.65122e-08	0.663912
1.65151e-08	0.670738
1.6518e-08	0.677391
1.65208e-08	0.68387
1.65237e-08	0.690174
1.65265e-08	0.696301
1.65294e-08	0.702251
1.65323e-08	0.708021
1.65351e-08	0.713611
1.6538e-08	0.719019
1.65409e-08	0.724245
1.65437e-08	0.729287
1.65466e-08	0.734144
1.65495e-08	0.738815
1.65523e-08	0.743299
1.65552e-08	0.747596
1.6558e-08	0.751704
1.65609e-08	0.755623
1.65638e-08	0.759351
1.65666e-08	0.762889
1.65695e-08	0.766236
1.65724e-08	0.76939
1.65752e-08	0.772351
1.65781e-08	0.77512
1.6581e-08	0.777695
1.65838e-08	0.780075
1.65867e-08	0.782262
1.65896e-08	0.784253
1.65924e-08	0.78605
1.65953e-08	0.787651
1.65981e-08	0.789057
1.6601e-08	0.790268
1.66039e-08	0.791283
1.66067e-08	0.792102
1.66096e-08	0.792725
1.66125e-08	0.793153
1.66153e-08	0.793386
1.66182e-08	0.793423
1.66211e-08	0.793265
1.66239e-08	0.792913
1.66268e-08	0.792366
1.66297e-08	0.791625
1.66325e-08	0.79069
1.66354e-08	0.789562
1.66382e-08	0.788241
1.66411e-08	0.786728
1.6644e-08	0.785023
1.66468e-08	0.783128
1.66497e-08	0.781042
1.66526e-08	0.778767
1.66554e-08	0.776303
1.66583e-08	0.773651
1.66612e-08	0.770811
1.6664e-08	0.767786
1.66669e-08	0.764576
1.66698e-08	0.761181
1.66726e-08	0.757604
1.66755e-08	0.753844
1.66783e-08	0.749904
1.66812e-08	0.745784
1.66841e-08	0.741485
1.66869e-08	0.73701
1.66898e-08	0.732358
1.66927e-08	0.727532
1.66955e-08	0.722533
1.66984e-08	0.717362
1.67013e-08	0.712022
1.67041e-08	0.706512
1.6707e-08	0.700835
1.67099e-08	0.694993
1.67127e-08	0.688988
1.67156e-08	0.68282
1.67184e-08	0.676491
1.67213e-08	0.670004
1.67242e-08	0.66336
1.6727e-08	0.656561
1.67299e-08	0.649609
1.67328e-08	0.642505
1.67356e-08	0.635253
1.67385e-08	0.627852
1.67414e-08	0.620307
1.67442e-08	0.612618
1.67471e-08	0.604788
1.675e-08	0.596819
1.67528e-08	0.588713
1.67557e-08	0.580472
1.67585e-08	0.572098
1.67614e-08	0.563594
1.67643e-08	0.554962
1.67671e-08	0.546204
1.677e-08	0.537322
1.67729e-08	0.528319
1.67757e-08	0.519198
1.67786e-08	0.50996
1.67815e-08	0.500608
1.67843e-08	0.491145
1.67872e-08	0.481573
1.67901e-08	0.471894
1.67929e-08	0.462111
1.67958e-08	0.452226
1.67986e-08	0.442243
1.68015e-08	0.432163
1.68044e-08	0.42199
1.68072e-08	0.411726
1.68101e-08	0.401373
1.6813e-08	0.390935
1.68158e-08	0.380413
1.68187e-08	0.369811
1.68216e-08	0.359132
1.68244e-08	0.348377
1.68273e-08	0.337551
1.68302e-08	0.326655
1.6833e-08	0.315692
1.68359e-08	0.304666
1.68387e-08	0.293579
1.68416e-08	0.282433
1.68445e-08	0.271233
1.68473e-08	0.259979
1.68502e-08	0.248676
1.68531e-08	0.237327
1.68559e-08	0.225933
1.68588e-08	0.214498
1.68617e-08	0.203026
1.68645e-08	0.191517
1.68674e-08	0.179977
1.68702e-08	0.168407
1.68731e-08	0.15681
1.6876e-08	0.14519
1.68788e-08	0.133549
1.68817e-08	0.12189
1.68846e-08	0.110216
1.68874e-08	0.0985294
1.68903e-08	0.0868341
1.68932e-08	0.0751326
1.6896e-08	0.0634276
1.68989e-08	0.0517222
1.69018e-08	0.0400192
1.69046e-08	0.0283215
1.69075e-08	0.0166321
1.69103e-08	0.00495365
1.69132e-08	-0.0067108
1.69161e-08	-0.0183584
1.69189e-08	-0.0299864
1.69218e-08	-0.0415918
1.69247e-08	-0.0531719
1.69275e-08	-0.0647237
1.69304e-08	-0.0762446
1.69333e-08	-0.0877316
1.69361e-08	-0.099182
1.6939e-08	-0.110593
1.69419e-08	-0.121962
1.69447e-08	-0.133286
1.69476e-08	-0.144562
1.69504e-08	-0.155788
1.69533e-08	-0.16696
1.69562e-08	-0.178077
1.6959e-08	-0.189136
1.69619e-08	-0.200133
1.69648e-08	-0.211067
1.69676e-08	-0.221934
1.69705e-08	-0.232732
1.69734e-08	-0.243458
1.69762e-08	-0.254111
1.69791e-08	-0.264686
1.6982e-08	-0.275183
1.69848e-08	-0.285598
1.69877e-08	-0.295929
1.69905e-08	-0.306173
1.69934e-08	-0.316328
1.69963e-08	-0.326392
1.69991e-08	-0.336362
1.7002e-08	-0.346236
1.70049e-08	-0.356011
1.70077e-08	-0.365686
1.70106e-08	-0.375258
1.70135e-08	-0.384725
1.70163e-08	-0.394084
1.70192e-08	-0.403334
1.70221e-08	-0.412472
1.70249e-08	-0.421496
1.70278e-08	-0.430405
1.70306e-08	-0.439195
1.70335e-08	-0.447866
1.70364e-08	-0.456414
1.70392e-08	-0.464839
1.70421e-08	-0.473138
1.7045e-08	-0.481309
1.70478e-08	-0.489351
1.70507e-08	-0.497262
1.70536e-08	-0.505039
1.70564e-08	-0.512681
1.70593e-08	-0.520187
1.70622e-08	-0.527555
1.7065e-08	-0.534783
1.70679e-08	-0.54187
1.70707e-08	-0.548813
1.70736e-08	-0.555612
1.70765e-08	-0.562265
1.70793e-08	-0.56877
1.70822e-08	-0.575127
1.70851e-08	-0.581333
1.70879e-08	-0.587388
1.70908e-08	-0.59329
1.70937e-08	-0.599038
1.70965e-08	-0.60463
1.70994e-08	-0.610067
1.71023e-08	-0.615345
1.71051e-08	-0.620465
1.7108e-08	-0.625425
1.71108e-08	-0.630224
1.71137e-08	-0.634862
1.71166e-08	-0.639337
1.71194e-08	-0.643649
1.71223e-08	-0.647796
1.71252e-08	-0.651778
1.7128e-08	-0.655595
1.71309e-08	-0.659244
1.71338e-08	-0.662727
1.71366e-08	-0.666041
1.71395e-08	-0.669187
1.71424e-08	-0.672164
1.71452e-08	-0.674972
1.71481e-08	-0.677609
1.71509e-08	-0.680077
1.71538e-08	-0.682373
1.71567e-08	-0.684498
1.71595e-08	-0.686453
1.71624e-08	-0.688235
1.71653e-08	-0.689846
1.71681e-08	-0.691284
1.7171e-08	-0.692551
1.71739e-08	-0.693645
1.71767e-08	-0.694568
1.71796e-08	-0.695318
1.71824e-08	-0.695896
1.71853e-08	-0.696303
1.71882e-08	-0.696537
1.7191e-08	-0.6966
1.71939e-08	-0.696491
1.71968e-08	-0.696211
1.71996e-08	-0.695761
1.72025e-08	-0.69514
1.72054e-08	-0.694349
1.72082e-08	-0.693388
1.72111e-08	-0.692258
1.7214e-08	-0.69096
1.72168e-08	-0.689493
1.72197e-08	-0.687859
1.72225e-08	-0.686058
1.72254e-08	-0.684091
1.72283e-08	-0.681959
1.72311e-08	-0.679662
1.7234e-08	-0.677202
1.72369e-08	-0.674578
1.72397e-08	-0.671792
1.72426e-08	-0.668846
1.72455e-08	-0.665739
1.72483e-08	-0.662473
1.72512e-08	-0.659048
1.72541e-08	-0.655467
1.72569e-08	-0.65173
1.72598e-08	-0.647838
1.72626e-08	-0.643792
1.72655e-08	-0.639594
1.72684e-08	-0.635245
1.72712e-08	-0.630746
1.72741e-08	-0.626098
1.7277e-08	-0.621304
1.72798e-08	-0.616363
1.72827e-08	-0.611279
1.72856e-08	-0.606052
1.72884e-08	-0.600683
1.72913e-08	-0.595175
1.72942e-08	-0.589528
1.7297e-08	-0.583745
1.72999e-08	-0.577827
1.73027e-08	-0.571776
1.73056e-08	-0.565593
1.73085e-08	-0.55928
1.73113e-08	-0.552839
1.73142e-08	-0.546272
1.73171e-08	-0.539581
1.73199e-08	-0.532766
1.73228e-08	-0.525831
1.73257e-08	-0.518777
1.73285e-08	-0.511606
1.73314e-08	-0.50432
1.73343e-08	-0.496921
1.73371e-08	-0.489411
1.734e-08	-0.481792
1.73428e-08	-0.474066
1.73457e-08	-0.466235
1.73486e-08	-0.458301
1.73514e-08	-0.450267
1.73543e-08	-0.442134
1.73572e-08	-0.433904
1.736e-08	-0.425581
1.73629e-08	-0.417165
1.73658e-08	-0.40866
1.73686e-08	-0.400067
1.73715e-08	-0.391389
1.73744e-08	-0.382628
1.73772e-08	-0.373786
1.73801e-08	-0.364866
1.73829e-08	-0.355869
1.73858e-08	-0.346799
1.73887e-08	-0.337658
1.73915e-08	-0.328448
1.73944e-08	-0.319171
1.73973e-08	-0.30983
1.74001e-08	-0.300427
1.7403e-08	-0.290964
1.74059e-08	-0.281445
1.74087e-08	-0.271871
1.74116e-08	-0.262245
1.74145e-08	-0.25257
1.74173e-08	-0.242847
1.74202e-08	-0.23308
1.7423e-08	-0.223271
1.74259e-08	-0.213422
1.74288e-08	-0.203536
1.74316e-08	-0.193615
1.74345e-08	-0.183662
1.74374e-08	-0.17368
1.74402e-08	-0.16367
1.74431e-08	-0.153636
1.7446e-08	-0.143579
1.74488e-08	-0.133503
1.74517e-08	-0.12341
1.74546e-08	-0.113303
1.74574e-08	-0.103183
1.74603e-08	-0.0930544
1.74631e-08	-0.0829185
1.7466e-08	-0.0727783
1.74689e-08	-0.0626361
1.74717e-08	-0.0524945
1.74746e-08	-0.042356
1.74775e-08	-0.0322232
1.74803e-08	-0.0220985
1.74832e-08	-0.0119844
1.74861e-08	-0.00188334
1.74889e-08	0.0082021
1.74918e-08	0.0182695
1.74946e-08	0.0283164
1.74975e-08	0.0383403
1.75004e-08	0.0483388
1.75032e-08	0.0583095
1.75061e-08	0.0682499
1.7509e-08	0.0781576
1.75118e-08	0.0880303
1.75147e-08	0.0978655
1.75176e-08	0.107661
1.75204e-08	0.117414
1.75233e-08	0.127123
1.75262e-08	0.136784
1.7529e-08	0.146397
1.75319e-08	0.155958
1.75347e-08	0.165465
1.75376e-08	0.174917
1.75405e-08	0.18431
1.75433e-08	0.193642
1.75462e-08	0.202912
1.75491e-08	0.212116
1.75519e-08	0.221254
1.75548e-08	0.230323
1.75577e-08	0.23932
1.75605e-08	0.248243
1.75634e-08	0.257091
1.75663e-08	0.265862
1.75691e-08	0.274552
1.7572e-08	0.283161
1.75748e-08	0.291686
1.75777e-08	0.300126
1.75806e-08	0.308478
1.75834e-08	0.31674
1.75863e-08	0.324911
1.75892e-08	0.332989
1.7592e-08	0.340971
1.75949e-08	0.348856
1.75978e-08	0.356643
1.76006e-08	0.364329
1.76035e-08	0.371913
1.76064e-08	0.379392
1.76092e-08	0.386766
1.76121e-08	0.394033
1.76149e-08	0.401191
1.76178e-08	0.408238
1.76207e-08	0.415173
1.76235e-08	0.421995
1.76264e-08	0.428701
1.76293e-08	0.435291
1.76321e-08	0.441762
1.7635e-08	0.448115
1.76379e-08	0.454346
1.76407e-08	0.460455
1.76436e-08	0.466441
1.76465e-08	0.472302
1.76493e-08	0.478037
1.76522e-08	0.483645
1.7655e-08	0.489124
1.76579e-08	0.494474
1.76608e-08	0.499693
1.76636e-08	0.50478
1.76665e-08	0.509735
1.76694e-08	0.514556
1.76722e-08	0.519242
1.76751e-08	0.523793
1.7678e-08	0.528207
1.76808e-08	0.532484
1.76837e-08	0.536622
1.76866e-08	0.540621
1.76894e-08	0.544481
1.76923e-08	0.5482
1.76951e-08	0.551778
1.7698e-08	0.555214
1.77009e-08	0.558507
1.77037e-08	0.561658
1.77066e-08	0.564665
1.77095e-08	0.567528
1.77123e-08	0.570246
1.77152e-08	0.572819
1.77181e-08	0.575247
1.77209e-08	0.57753
1.77238e-08	0.579666
1.77267e-08	0.581656
1.77295e-08	0.583499
1.77324e-08	0.585196
1.77352e-08	0.586746
1.77381e-08	0.588148
1.7741e-08	0.589404
1.77438e-08	0.590512
1.77467e-08	0.591473
1.77496e-08	0.592287
1.77524e-08	0.592954
1.77553e-08	0.593474
1.77582e-08	0.593846
1.7761e-08	0.594072
1.77639e-08	0.594151
1.77668e-08	0.594084
1.77696e-08	0.593871
1.77725e-08	0.593512
1.77753e-08	0.593008
1.77782e-08	0.592358
1.77811e-08	0.591564
1.77839e-08	0.590625
1.77868e-08	0.589543
1.77897e-08	0.588318
1.77925e-08	0.58695
1.77954e-08	0.58544
1.77983e-08	0.583788
1.78011e-08	0.581996
1.7804e-08	0.580063
1.78068e-08	0.577991
1.78097e-08	0.575781
1.78126e-08	0.573432
1.78154e-08	0.570947
1.78183e-08	0.568325
1.78212e-08	0.565568
1.7824e-08	0.562677
1.78269e-08	0.559652
1.78298e-08	0.556495
1.78326e-08	0.553206
1.78355e-08	0.549788
1.78384e-08	0.546239
1.78412e-08	0.542563
1.78441e-08	0.538759
1.78469e-08	0.53483
1.78498e-08	0.530776
1.78527e-08	0.526598
1.78555e-08	0.522299
1.78584e-08	0.517878
1.78613e-08	0.513338
1.78641e-08	0.508679
1.7867e-08	0.503903
1.78699e-08	0.499012
1.78727e-08	0.494007
1.78756e-08	0.488889
1.78785e-08	0.48366
1.78813e-08	0.478321
1.78842e-08	0.472874
1.7887e-08	0.46732
1.78899e-08	0.461661
1.78928e-08	0.455899
1.78956e-08	0.450035
1.78985e-08	0.44407
1.79014e-08	0.438007
1.79042e-08	0.431847
1.79071e-08	0.425591
1.791e-08	0.419243
1.79128e-08	0.412802
1.79157e-08	0.406271
1.79186e-08	0.399653
1.79214e-08	0.392947
1.79243e-08	0.386157
1.79271e-08	0.379285
1.793e-08	0.372331
1.79329e-08	0.365298
1.79357e-08	0.358188
1.79386e-08	0.351003
1.79415e-08	0.343744
1.79443e-08	0.336414
1.79472e-08	0.329015
1.79501e-08	0.321548
1.79529e-08	0.314015
1.79558e-08	0.306419
1.79587e-08	0.298761
1.79615e-08	0.291044
1.79644e-08	0.283269
1.79672e-08	0.275439
1.79701e-08	0.267555
1.7973e-08	0.259619
1.79758e-08	0.251634
1.79787e-08	0.243602
1.79816e-08	0.235525
1.79844e-08	0.227405
1.79873e-08	0.219243
1.79902e-08	0.211043
1.7993e-08	0.202805
1.79959e-08	0.194533
1.79988e-08	0.186228
1.80016e-08	0.177893
1.80045e-08	0.169529
1.80073e-08	0.161139
1.80102e-08	0.152725
1.80131e-08	0.144289
1.80159e-08	0.135833
1.80188e-08	0.127359
1.80217e-08	0.11887
1.80245e-08	0.110367
1.80274e-08	0.101852
1.80303e-08	0.0933287
1.80331e-08	0.0847979
1.8036e-08	0.0762622
1.80389e-08	0.0677236
1.80417e-08	0.0591843
1.80446e-08	0.0506463
1.80474e-08	0.0421118
1.80503e-08	0.0335829
1.80532e-08	0.0250617
1.8056e-08	0.0165503
1.80589e-08	0.00805074
1.80618e-08	-0.000434864
1.80646e-08	-0.00890443
1.80675e-08	-0.0173559
1.80704e-08	-0.0257872
1.80732e-08	-0.0341963
1.80761e-08	-0.0425812
1.80789e-08	-0.0509397
1.80818e-08	-0.05927
1.80847e-08	-0.06757
1.80875e-08	-0.0758376
1.80904e-08	-0.084071
1.80933e-08	-0.092268
1.80961e-08	-0.100427
1.8099e-08	-0.108546
1.81019e-08	-0.116622
1.81047e-08	-0.124655
1.81076e-08	-0.132641
1.81105e-08	-0.14058
1.81133e-08	-0.148469
1.81162e-08	-0.156306
1.8119e-08	-0.16409
1.81219e-08	-0.171819
1.81248e-08	-0.179491
1.81276e-08	-0.187104
1.81305e-08	-0.194656
1.81334e-08	-0.202146
1.81362e-08	-0.209572
1.81391e-08	-0.216932
1.8142e-08	-0.224224
1.81448e-08	-0.231447
1.81477e-08	-0.2386
1.81506e-08	-0.24568
1.81534e-08	-0.252686
1.81563e-08	-0.259616
1.81591e-08	-0.266469
1.8162e-08	-0.273243
1.81649e-08	-0.279936
1.81677e-08	-0.286548
1.81706e-08	-0.293077
1.81735e-08	-0.29952
1.81763e-08	-0.305878
1.81792e-08	-0.312148
1.81821e-08	-0.318328
1.81849e-08	-0.324419
1.81878e-08	-0.330418
1.81907e-08	-0.336323
1.81935e-08	-0.342135
1.81964e-08	-0.347851
1.81992e-08	-0.35347
1.82021e-08	-0.358991
1.8205e-08	-0.364413
1.82078e-08	-0.369734
1.82107e-08	-0.374955
1.82136e-08	-0.380072
1.82164e-08	-0.385086
1.82193e-08	-0.389996
1.82222e-08	-0.394799
1.8225e-08	-0.399497
1.82279e-08	-0.404086
1.82308e-08	-0.408567
1.82336e-08	-0.412939
1.82365e-08	-0.4172
1.82393e-08	-0.42135
1.82422e-08	-0.425388
1.82451e-08	-0.429314
1.82479e-08	-0.433126
1.82508e-08	-0.436823
1.82537e-08	-0.440406
1.82565e-08	-0.443874
1.82594e-08	-0.447225
1.82623e-08	-0.450459
1.82651e-08	-0.453576
1.8268e-08	-0.456576
1.82709e-08	-0.459456
1.82737e-08	-0.462218
1.82766e-08	-0.464861
1.82794e-08	-0.467383
1.82823e-08	-0.469786
1.82852e-08	-0.472068
1.8288e-08	-0.47423
1.82909e-08	-0.47627
1.82938e-08	-0.478189
1.82966e-08	-0.479986
1.82995e-08	-0.481661
1.83024e-08	-0.483215
1.83052e-08	-0.484646
1.83081e-08	-0.485955
1.8311e-08	-0.487142
1.83138e-08	-0.488206
1.83167e-08	-0.489148
1.83195e-08	-0.489967
1.83224e-08	-0.490664
1.83253e-08	-0.491239
1.83281e-08	-0.491692
1.8331e-08	-0.492023
1.83339e-08	-0.492231
1.83367e-08	-0.492319
1.83396e-08	-0.492284
1.83425e-08	-0.492129
1.83453e-08	-0.491852
1.83482e-08	-0.491455
1.83511e-08	-0.490938
1.83539e-08	-0.490301
1.83568e-08	-0.489544
1.83596e-08	-0.488668
1.83625e-08	-0.487674
1.83654e-08	-0.486561
1.83682e-08	-0.485331
1.83711e-08	-0.483984
1.8374e-08	-0.48252
1.83768e-08	-0.48094
1.83797e-08	-0.479245
1.83826e-08	-0.477436
1.83854e-08	-0.475512
1.83883e-08	-0.473475
1.83911e-08	-0.471326
1.8394e-08	-0.469065
1.83969e-08	-0.466693
1.83997e-08	-0.464211
1.84026e-08	-0.46162
1.84055e-08	-0.45892
1.84083e-08	-0.456113
1.84112e-08	-0.453199
1.84141e-08	-0.450179
1.84169e-08	-0.447055
1.84198e-08	-0.443827
1.84227e-08	-0.440496
1.84255e-08	-0.437064
1.84284e-08	-0.433531
1.84312e-08	-0.429898
1.84341e-08	-0.426167
1.8437e-08	-0.422339
1.84398e-08	-0.418414
1.84427e-08	-0.414394
1.84456e-08	-0.410281
1.84484e-08	-0.406075
1.84513e-08	-0.401778
1.84542e-08	-0.397391
1.8457e-08	-0.392915
1.84599e-08	-0.388351
1.84628e-08	-0.383701
1.84656e-08	-0.378966
1.84685e-08	-0.374148
1.84713e-08	-0.369247
1.84742e-08	-0.364266
1.84771e-08	-0.359205
1.84799e-08	-0.354067
1.84828e-08	-0.348852
1.84857e-08	-0.343561
1.84885e-08	-0.338198
1.84914e-08	-0.332762
1.84943e-08	-0.327255
1.84971e-08	-0.321679
1.85e-08	-0.316036
1.85029e-08	-0.310327
1.85057e-08	-0.304553
1.85086e-08	-0.298716
1.85114e-08	-0.292818
1.85143e-08	-0.28686
1.85172e-08	-0.280844
1.852e-08	-0.274772
1.85229e-08	-0.268644
1.85258e-08	-0.262463
1.85286e-08	-0.256231
1.85315e-08	-0.249948
1.85344e-08	-0.243618
1.85372e-08	-0.23724
1.85401e-08	-0.230818
1.8543e-08	-0.224352
1.85458e-08	-0.217845
1.85487e-08	-0.211298
1.85515e-08	-0.204712
1.85544e-08	-0.198091
1.85573e-08	-0.191434
1.85601e-08	-0.184744
1.8563e-08	-0.178023
1.85659e-08	-0.171273
1.85687e-08	-0.164495
1.85716e-08	-0.15769
1.85745e-08	-0.150861
1.85773e-08	-0.14401
1.85802e-08	-0.137138
1.85831e-08	-0.130246
1.85859e-08	-0.123338
1.85888e-08	-0.116413
1.85916e-08	-0.109475
1.85945e-08	-0.102525
1.85974e-08	-0.0955639
1.86002e-08	-0.0885946
1.86031e-08	-0.0816184
1.8606e-08	-0.074637
1.86088e-08	-0.0676523
1.86117e-08	-0.0606659
1.86146e-08	-0.0536797
1.86174e-08	-0.0466952
1.86203e-08	-0.0397142
1.86232e-08	-0.0327386
1.8626e-08	-0.0257699
1.86289e-08	-0.0188099
1.86317e-08	-0.0118604
1.86346e-08	-0.00492289
1.86375e-08	0.00200078
1.86403e-08	0.00890897
1.86432e-08	0.0158
1.86461e-08	0.0226722
1.86489e-08	0.0295238
1.86518e-08	0.0363534
1.86547e-08	0.0431591
1.86575e-08	0.0499394
1.86604e-08	0.0566926
1.86633e-08	0.0634172
1.86661e-08	0.0701115
1.8669e-08	0.0767739
1.86718e-08	0.0834028
1.86747e-08	0.0899967
1.86776e-08	0.0965541
1.86804e-08	0.103073
1.86833e-08	0.109553
1.86862e-08	0.115991
1.8689e-08	0.122387
1.86919e-08	0.128738
1.86948e-08	0.135044
1.86976e-08	0.141303
1.87005e-08	0.147513
1.87033e-08	0.153673
1.87062e-08	0.159782
1.87091e-08	0.165837
1.87119e-08	0.171839
1.87148e-08	0.177785
1.87177e-08	0.183674
1.87205e-08	0.189505
1.87234e-08	0.195276
1.87263e-08	0.200987
1.87291e-08	0.206635
1.8732e-08	0.21222
1.87349e-08	0.21774
1.87377e-08	0.223194
1.87406e-08	0.228581
1.87434e-08	0.2339
1.87463e-08	0.239149
1.87492e-08	0.244328
1.8752e-08	0.249434
1.87549e-08	0.254469
1.87578e-08	0.259429
1.87606e-08	0.264314
1.87635e-08	0.269123
1.87664e-08	0.273855
1.87692e-08	0.278509
1.87721e-08	0.283084
1.8775e-08	0.287579
1.87778e-08	0.291993
1.87807e-08	0.296325
1.87835e-08	0.300574
1.87864e-08	0.30474
1.87893e-08	0.308821
1.87921e-08	0.312817
1.8795e-08	0.316727
1.87979e-08	0.32055
1.88007e-08	0.324285
1.88036e-08	0.327932
1.88065e-08	0.33149
1.88093e-08	0.334958
1.88122e-08	0.338336
1.88151e-08	0.341623
1.88179e-08	0.344818
1.88208e-08	0.347921
1.88236e-08	0.350931
1.88265e-08	0.353847
1.88294e-08	0.35667
1.88322e-08	0.359399
1.88351e-08	0.362033
1.8838e-08	0.364571
1.88408e-08	0.367014
1.88437e-08	0.369361
1.88466e-08	0.371611
1.88494e-08	0.373765
1.88523e-08	0.375822
1.88552e-08	0.377781
1.8858e-08	0.379642
1.88609e-08	0.381406
1.88637e-08	0.383072
1.88666e-08	0.384639
1.88695e-08	0.386108
1.88723e-08	0.387479
1.88752e-08	0.388751
1.88781e-08	0.389924
1.88809e-08	0.390998
1.88838e-08	0.391973
1.88867e-08	0.392849
1.88895e-08	0.393627
1.88924e-08	0.394305
1.88953e-08	0.394885
1.88981e-08	0.395366
1.8901e-08	0.395749
1.89038e-08	0.396033
1.89067e-08	0.396218
1.89096e-08	0.396306
1.89124e-08	0.396296
1.89153e-08	0.396188
1.89182e-08	0.395982
1.8921e-08	0.395679
1.89239e-08	0.395279
1.89268e-08	0.394783
1.89296e-08	0.394191
1.89325e-08	0.393503
1.89354e-08	0.392719
1.89382e-08	0.39184
1.89411e-08	0.390867
1.89439e-08	0.389799
1.89468e-08	0.388638
1.89497e-08	0.387383
1.89525e-08	0.386036
1.89554e-08	0.384597
1.89583e-08	0.383067
1.89611e-08	0.381445
1.8964e-08	0.379733
1.89669e-08	0.377932
1.89697e-08	0.376041
1.89726e-08	0.374062
1.89755e-08	0.371996
1.89783e-08	0.369842
1.89812e-08	0.367602
1.8984e-08	0.365277
1.89869e-08	0.362867
1.89898e-08	0.360374
1.89926e-08	0.357797
1.89955e-08	0.355138
1.89984e-08	0.352398
1.90012e-08	0.349577
1.90041e-08	0.346677
1.9007e-08	0.343698
1.90098e-08	0.340641
1.90127e-08	0.337507
1.90155e-08	0.334297
1.90184e-08	0.331013
1.90213e-08	0.327654
1.90241e-08	0.324223
1.9027e-08	0.32072
1.90299e-08	0.317146
1.90327e-08	0.313502
1.90356e-08	0.309789
1.90385e-08	0.306009
1.90413e-08	0.302162
1.90442e-08	0.29825
1.90471e-08	0.294273
1.90499e-08	0.290234
1.90528e-08	0.286132
1.90556e-08	0.281969
1.90585e-08	0.277747
1.90614e-08	0.273466
1.90642e-08	0.269128
1.90671e-08	0.264734
1.907e-08	0.260285
1.90728e-08	0.255783
1.90757e-08	0.251228
1.90786e-08	0.246622
1.90814e-08	0.241966
1.90843e-08	0.237261
1.90872e-08	0.23251
1.909e-08	0.227712
1.90929e-08	0.222869
1.90957e-08	0.217984
1.90986e-08	0.213056
1.91015e-08	0.208087
1.91043e-08	0.203079
1.91072e-08	0.198032
1.91101e-08	0.192949
1.91129e-08	0.187831
1.91158e-08	0.182679
1.91187e-08	0.177494
1.91215e-08	0.172277
1.91244e-08	0.167031
1.91273e-08	0.161756
1.91301e-08	0.156454
1.9133e-08	0.151126
1.91358e-08	0.145773
1.91387e-08	0.140398
1.91416e-08	0.135001
1.91444e-08	0.129584
1.91473e-08	0.124147
1.91502e-08	0.118694
1.9153e-08	0.113224
1.91559e-08	0.10774
1.91588e-08	0.102242
1.91616e-08	0.0967323
1.91645e-08	0.0912122
1.91674e-08	0.0856831
1.91702e-08	0.0801462
1.91731e-08	0.074603
1.91759e-08	0.0690549
1.91788e-08	0.0635032
1.91817e-08	0.0579495
1.91845e-08	0.0523949
1.91874e-08	0.046841
1.91903e-08	0.0412891
1.91931e-08	0.0357406
1.9196e-08	0.0301968
1.91989e-08	0.0246591
1.92017e-08	0.0191288
1.92046e-08	0.0136074
1.92075e-08	0.00809616
1.92103e-08	0.00259642
1.92132e-08	-0.00289046
1.9216e-08	-0.00836317
1.92189e-08	-0.0138204
1.92218e-08	-0.0192608
1.92246e-08	-0.024683
1.92275e-08	-0.0300859
1.92304e-08	-0.035468
1.92332e-08	-0.0408281
1.92361e-08	-0.0461649
1.9239e-08	-0.0514771
1.92418e-08	-0.0567636
1.92447e-08	-0.062023
1.92476e-08	-0.0672541
1.92504e-08	-0.0724556
1.92533e-08	-0.0776265
1.92561e-08	-0.0827653
1.9259e-08	-0.087871
1.92619e-08	-0.0929424
1.92647e-08	-0.0979783
1.92676e-08	-0.102978
1.92705e-08	-0.107939
1.92733e-08	-0.112861
1.92762e-08	-0.117744
1.92791e-08	-0.122585
1.92819e-08	-0.127384
1.92848e-08	-0.132139
1.92877e-08	-0.13685
1.92905e-08	-0.141516
1.92934e-08	-0.146134
1.92962e-08	-0.150706
1.92991e-08	-0.155229
1.9302e-08	-0.159702
1.93048e-08	-0.164124
1.93077e-08	-0.168495
1.93106e-08	-0.172814
1.93134e-08	-0.177078
1.93163e-08	-0.181289
1.93192e-08	-0.185444
1.9322e-08	-0.189543
1.93249e-08	-0.193585
1.93277e-08	-0.197569
1.93306e-08	-0.201495
1.93335e-08	-0.20536
1.93363e-08	-0.209166
1.93392e-08	-0.21291
1.93421e-08	-0.216592
1.93449e-08	-0.220211
1.93478e-08	-0.223767
1.93507e-08	-0.227259
1.93535e-08	-0.230685
1.93564e-08	-0.234046
1.93593e-08	-0.237341
1.93621e-08	-0.240569
1.9365e-08	-0.24373
1.93678e-08	-0.246822
1.93707e-08	-0.249845
1.93736e-08	-0.252799
1.93764e-08	-0.255684
1.93793e-08	-0.258497
1.93822e-08	-0.26124
1.9385e-08	-0.263911
1.93879e-08	-0.266511
1.93908e-08	-0.269038
1.93936e-08	-0.271492
1.93965e-08	-0.273873
1.93994e-08	-0.27618
1.94022e-08	-0.278413
1.94051e-08	-0.280572
1.94079e-08	-0.282656
1.94108e-08	-0.284665
1.94137e-08	-0.286598
1.94165e-08	-0.288456
1.94194e-08	-0.290238
1.94223e-08	-0.291943
1.94251e-08	-0.293572
1.9428e-08	-0.295125
1.94309e-08	-0.2966
1.94337e-08	-0.297999
1.94366e-08	-0.29932
1.94395e-08	-0.300564
1.94423e-08	-0.301731
1.94452e-08	-0.30282
1.9448e-08	-0.303832
1.94509e-08	-0.304766
1.94538e-08	-0.305622
1.94566e-08	-0.3064
1.94595e-08	-0.307101
1.94624e-08	-0.307725
1.94652e-08	-0.308271
1.94681e-08	-0.308739
1.9471e-08	-0.30913
1.94738e-08	-0.309443
1.94767e-08	-0.309679
1.94796e-08	-0.309838
1.94824e-08	-0.30992
1.94853e-08	-0.309926
1.94881e-08	-0.309855
1.9491e-08	-0.309707
1.94939e-08	-0.309484
1.94967e-08	-0.309184
1.94996e-08	-0.308809
1.95025e-08	-0.308359
1.95053e-08	-0.307834
1.95082e-08	-0.307234
1.95111e-08	-0.30656
1.95139e-08	-0.305812
1.95168e-08	-0.30499
1.95197e-08	-0.304095
1.95225e-08	-0.303127
1.95254e-08	-0.302087
1.95282e-08	-0.300975
1.95311e-08	-0.299792
1.9534e-08	-0.298538
1.95368e-08	-0.297213
1.95397e-08	-0.295818
1.95426e-08	-0.294354
1.95454e-08	-0.292821
1.95483e-08	-0.29122
1.95512e-08	-0.289551
1.9554e-08	-0.287815
1.95569e-08	-0.286012
1.95598e-08	-0.284144
1.95626e-08	-0.28221
1.95655e-08	-0.280212
1.95683e-08	-0.278149
1.95712e-08	-0.276023
1.95741e-08	-0.273835
1.95769e-08	-0.271585
1.95798e-08	-0.269274
1.95827e-08	-0.266902
1.95855e-08	-0.264471
1.95884e-08	-0.26198
1.95913e-08	-0.259432
1.95941e-08	-0.256826
1.9597e-08	-0.254164
1.95999e-08	-0.251446
1.96027e-08	-0.248673
1.96056e-08	-0.245846
1.96084e-08	-0.242966
1.96113e-08	-0.240033
1.96142e-08	-0.237049
1.9617e-08	-0.234014
1.96199e-08	-0.23093
1.96228e-08	-0.227796
1.96256e-08	-0.224615
1.96285e-08	-0.221387
1.96314e-08	-0.218112
1.96342e-08	-0.214793
1.96371e-08	-0.211429
1.96399e-08	-0.208022
1.96428e-08	-0.204573
1.96457e-08	-0.201082
1.96485e-08	-0.197551
1.96514e-08	-0.19398
1.96543e-08	-0.190372
1.96571e-08	-0.186726
1.966e-08	-0.183043
1.96629e-08	-0.179325
1.96657e-08	-0.175573
1.96686e-08	-0.171787
1.96715e-08	-0.16797
1.96743e-08	-0.16412
1.96772e-08	-0.160241
1.968e-08	-0.156333
1.96829e-08	-0.152396
1.96858e-08	-0.148432
1.96886e-08	-0.144443
1.96915e-08	-0.140428
1.96944e-08	-0.13639
1.96972e-08	-0.132328
1.97001e-08	-0.128245
1.9703e-08	-0.124142
1.97058e-08	-0.120018
1.97087e-08	-0.115877
1.97116e-08	-0.111717
1.97144e-08	-0.107542
1.97173e-08	-0.103351
1.97201e-08	-0.0991457
1.9723e-08	-0.0949276
1.97259e-08	-0.0906973
1.97287e-08	-0.0864562
1.97316e-08	-0.0822052
1.97345e-08	-0.0779454
1.97373e-08	-0.0736779
1.97402e-08	-0.0694038
1.97431e-08	-0.0651242
1.97459e-08	-0.0608401
1.97488e-08	-0.0565527
1.97517e-08	-0.0522629
1.97545e-08	-0.0479719
1.97574e-08	-0.0436808
1.97602e-08	-0.0393905
1.97631e-08	-0.0351023
1.9766e-08	-0.030817
1.97688e-08	-0.0265359
1.97717e-08	-0.0222599
1.97746e-08	-0.0179901
1.97774e-08	-0.0137275
1.97803e-08	-0.00947316
1.97832e-08	-0.00522817
1.9786e-08	-0.000993506
1.97889e-08	0.00322979
1.97918e-08	0.00744071
1.97946e-08	0.0116382
1.97975e-08	0.0158214
1.98003e-08	0.0199891
1.98032e-08	0.0241404
1.98061e-08	0.0282743
1.98089e-08	0.0323899
1.98118e-08	0.0364862
1.98147e-08	0.0405621
1.98175e-08	0.0446168
1.98204e-08	0.0486493
1.98233e-08	0.0526586
1.98261e-08	0.0566439
1.9829e-08	0.0606042
1.98319e-08	0.0645385
1.98347e-08	0.068446
1.98376e-08	0.0723258
1.98404e-08	0.076177
1.98433e-08	0.0799987
1.98462e-08	0.08379
1.9849e-08	0.0875501
1.98519e-08	0.0912781
1.98548e-08	0.0949733
1.98576e-08	0.0986347
1.98605e-08	0.102262
1.98634e-08	0.105853
1.98662e-08	0.109408
1.98691e-08	0.112927
1.9872e-08	0.116408
1.98748e-08	0.11985
1.98777e-08	0.123253
1.98805e-08	0.126616
1.98834e-08	0.129938
1.98863e-08	0.133219
1.98891e-08	0.136458
1.9892e-08	0.139654
1.98949e-08	0.142807
1.98977e-08	0.145916
1.99006e-08	0.14898
1.99035e-08	0.151998
1.99063e-08	0.15497
1.99092e-08	0.157896
1.99121e-08	0.160775
1.99149e-08	0.163605
1.99178e-08	0.166388
1.99206e-08	0.169121
1.99235e-08	0.171805
1.99264e-08	0.174439
1.99292e-08	0.177022
1.99321e-08	0.179554
1.9935e-08	0.182035
1.99378e-08	0.184464
1.99407e-08	0.18684
1.99436e-08	0.189164
1.99464e-08	0.191434
1.99493e-08	0.19365
1.99521e-08	0.195813
1.9955e-08	0.19792
1.99579e-08	0.199973
1.99607e-08	0.201971
1.99636e-08	0.203913
1.99665e-08	0.205799
1.99693e-08	0.207629
1.99722e-08	0.209402
1.99751e-08	0.211119
1.99779e-08	0.212778
1.99808e-08	0.214381
1.99837e-08	0.215925
1.99865e-08	0.217412
1.99894e-08	0.218841
1.99922e-08	0.220212
1.99951e-08	0.221524
1.9998e-08	0.222778
2.00008e-08	0.223973
2.00037e-08	0.22511
2.00066e-08	0.226187
2.00094e-08	0.227206
2.00123e-08	0.228165
2.00152e-08	0.229065
2.0018e-08	0.229906
2.00209e-08	0.230688
2.00238e-08	0.231411
2.00266e-08	0.232074
2.00295e-08	0.232678
2.00323e-08	0.233222
2.00352e-08	0.233708
2.00381e-08	0.234134
2.00409e-08	0.234501
2.00438e-08	0.234809
2.00467e-08	0.235058
2.00495e-08	0.235249
2.00524e-08	0.23538
2.00553e-08	0.235453
2.00581e-08	0.235468
2.0061e-08	0.235424
2.00639e-08	0.235322
2.00667e-08	0.235163
2.00696e-08	0.234945
2.00724e-08	0.23467
2.00753e-08	0.234338
2.00782e-08	0.233949
2.0081e-08	0.233503
2.00839e-08	0.233001
2.00868e-08	0.232442
2.00896e-08	0.231828
2.00925e-08	0.231158
2.00954e-08	0.230433
2.00982e-08	0.229653
2.01011e-08	0.228818
2.0104e-08	0.227929
2.01068e-08	0.226986
2.01097e-08	0.225991
2.01125e-08	0.224942
2.01154e-08	0.22384
2.01183e-08	0.222686
2.01211e-08	0.221481
2.0124e-08	0.220224
2.01269e-08	0.218916
2.01297e-08	0.217558
2.01326e-08	0.216151
2.01355e-08	0.214694
2.01383e-08	0.213188
2.01412e-08	0.211633
2.01441e-08	0.210031
2.01469e-08	0.208382
2.01498e-08	0.206686
2.01526e-08	0.204943
2.01555e-08	0.203155
2.01584e-08	0.201322
2.01612e-08	0.199445
2.01641e-08	0.197524
2.0167e-08	0.195559
2.01698e-08	0.193552
2.01727e-08	0.191503
2.01756e-08	0.189413
2.01784e-08	0.187282
2.01813e-08	0.185111
2.01842e-08	0.1829
2.0187e-08	0.180651
2.01899e-08	0.178363
2.01927e-08	0.176038
2.01956e-08	0.173677
2.01985e-08	0.171279
2.02013e-08	0.168846
2.02042e-08	0.166379
2.02071e-08	0.163878
2.02099e-08	0.161343
2.02128e-08	0.158776
2.02157e-08	0.156178
2.02185e-08	0.153548
2.02214e-08	0.150888
2.02242e-08	0.148199
2.02271e-08	0.145481
2.023e-08	0.142735
2.02328e-08	0.139962
2.02357e-08	0.137163
2.02386e-08	0.134338
2.02414e-08	0.131488
2.02443e-08	0.128614
2.02472e-08	0.125716
2.025e-08	0.122797
2.02529e-08	0.119855
2.02558e-08	0.116893
2.02586e-08	0.11391
2.02615e-08	0.110908
2.02643e-08	0.107888
2.02672e-08	0.10485
2.02701e-08	0.101795
2.02729e-08	0.0987241
2.02758e-08	0.0956379
2.02787e-08	0.0925372
2.02815e-08	0.0894229
2.02844e-08	0.0862957
2.02873e-08	0.0831566
2.02901e-08	0.0800063
2.0293e-08	0.0768456
2.02959e-08	0.0736754
2.02987e-08	0.0704964
2.03016e-08	0.0673095
2.03044e-08	0.0641156
2.03073e-08	0.0609153
2.03102e-08	0.0577096
2.0313e-08	0.0544992
2.03159e-08	0.051285
2.03188e-08	0.0480677
2.03216e-08	0.0448483
2.03245e-08	0.0416274
2.03274e-08	0.0384059
2.03302e-08	0.0351846
2.03331e-08	0.0319644
2.0336e-08	0.0287459
2.03388e-08	0.02553
2.03417e-08	0.0223175
2.03445e-08	0.0191092
2.03474e-08	0.0159059
2.03503e-08	0.0127083
2.03531e-08	0.00951717
2.0356e-08	0.00633339
2.03589e-08	0.00315767
2.03617e-08	-9.20807e-06
2.03646e-08	-0.00316649
2.03675e-08	-0.00631342
2.03703e-08	-0.00944924
2.03732e-08	-0.0125732
2.03761e-08	-0.0156846
2.03789e-08	-0.0187826
2.03818e-08	-0.0218666
2.03846e-08	-0.0249358
2.03875e-08	-0.0279895
2.03904e-08	-0.031027
2.03932e-08	-0.0340475
2.03961e-08	-0.0370504
2.0399e-08	-0.040035
2.04018e-08	-0.0430006
2.04047e-08	-0.0459465
2.04076e-08	-0.048872
2.04104e-08	-0.0517765
2.04133e-08	-0.0546593
2.04162e-08	-0.0575198
2.0419e-08	-0.0603573
2.04219e-08	-0.0631712
2.04247e-08	-0.0659608
2.04276e-08	-0.0687256
2.04305e-08	-0.0714649
2.04333e-08	-0.074178
2.04362e-08	-0.0768646
2.04391e-08	-0.0795238
2.04419e-08	-0.0821552
2.04448e-08	-0.0847582
2.04477e-08	-0.0873322
2.04505e-08	-0.0898766
2.04534e-08	-0.092391
2.04563e-08	-0.0948748
2.04591e-08	-0.0973275
2.0462e-08	-0.0997485
2.04648e-08	-0.102137
2.04677e-08	-0.104494
2.04706e-08	-0.106817
2.04734e-08	-0.109106
2.04763e-08	-0.111361
2.04792e-08	-0.113582
2.0482e-08	-0.115768
2.04849e-08	-0.117919
2.04878e-08	-0.120033
2.04906e-08	-0.122112
2.04935e-08	-0.124153
2.04964e-08	-0.126158
2.04992e-08	-0.128125
2.05021e-08	-0.130054
2.05049e-08	-0.131946
2.05078e-08	-0.133798
2.05107e-08	-0.135612
2.05135e-08	-0.137387
2.05164e-08	-0.139122
2.05193e-08	-0.140817
2.05221e-08	-0.142472
2.0525e-08	-0.144086
2.05279e-08	-0.14566
2.05307e-08	-0.147193
2.05336e-08	-0.148685
2.05364e-08	-0.150135
2.05393e-08	-0.151544
2.05422e-08	-0.15291
2.0545e-08	-0.154235
2.05479e-08	-0.155517
2.05508e-08	-0.156757
2.05536e-08	-0.157954
2.05565e-08	-0.159108
2.05594e-08	-0.160219
2.05622e-08	-0.161287
2.05651e-08	-0.162311
2.0568e-08	-0.163292
2.05708e-08	-0.16423
2.05737e-08	-0.165124
2.05765e-08	-0.165975
2.05794e-08	-0.166781
2.05823e-08	-0.167544
2.05851e-08	-0.168263
2.0588e-08	-0.168938
2.05909e-08	-0.169569
2.05937e-08	-0.170156
2.05966e-08	-0.170699
2.05995e-08	-0.171198
2.06023e-08	-0.171653
2.06052e-08	-0.172064
2.06081e-08	-0.172432
2.06109e-08	-0.172755
2.06138e-08	-0.173034
2.06166e-08	-0.17327
2.06195e-08	-0.173462
2.06224e-08	-0.173611
2.06252e-08	-0.173716
2.06281e-08	-0.173778
2.0631e-08	-0.173796
2.06338e-08	-0.173772
2.06367e-08	-0.173704
2.06396e-08	-0.173594
2.06424e-08	-0.173441
2.06453e-08	-0.173245
2.06482e-08	-0.173007
2.0651e-08	-0.172727
2.06539e-08	-0.172405
2.06567e-08	-0.172042
2.06596e-08	-0.171637
2.06625e-08	-0.171191
2.06653e-08	-0.170704
2.06682e-08	-0.170176
2.06711e-08	-0.169607
2.06739e-08	-0.168999
2.06768e-08	-0.16835
2.06797e-08	-0.167662
2.06825e-08	-0.166934
2.06854e-08	-0.166168
2.06883e-08	-0.165362
2.06911e-08	-0.164519
2.0694e-08	-0.163637
2.06968e-08	-0.162718
2.06997e-08	-0.161761
2.07026e-08	-0.160767
2.07054e-08	-0.159736
2.07083e-08	-0.15867
2.07112e-08	-0.157567
2.0714e-08	-0.156429
2.07169e-08	-0.155255
2.07198e-08	-0.154047
2.07226e-08	-0.152805
2.07255e-08	-0.151529
2.07284e-08	-0.150219
2.07312e-08	-0.148877
2.07341e-08	-0.147502
2.07369e-08	-0.146094
2.07398e-08	-0.144655
2.07427e-08	-0.143185
2.07455e-08	-0.141684
2.07484e-08	-0.140153
2.07513e-08	-0.138592
2.07541e-08	-0.137002
2.0757e-08	-0.135382
2.07599e-08	-0.133735
2.07627e-08	-0.13206
2.07656e-08	-0.130357
2.07685e-08	-0.128628
2.07713e-08	-0.126872
2.07742e-08	-0.125091
2.0777e-08	-0.123284
2.07799e-08	-0.121453
2.07828e-08	-0.119597
2.07856e-08	-0.117718
2.07885e-08	-0.115816
2.07914e-08	-0.113891
2.07942e-08	-0.111944
2.07971e-08	-0.109976
2.08e-08	-0.107987
2.08028e-08	-0.105978
2.08057e-08	-0.103949
2.08086e-08	-0.1019
2.08114e-08	-0.0998335
2.08143e-08	-0.0977487
2.08171e-08	-0.0956464
2.082e-08	-0.0935273
2.08229e-08	-0.0913919
2.08257e-08	-0.0892408
2.08286e-08	-0.0870746
2.08315e-08	-0.0848939
2.08343e-08	-0.0826993
2.08372e-08	-0.0804913
2.08401e-08	-0.0782706
2.08429e-08	-0.0760378
2.08458e-08	-0.0737934
2.08486e-08	-0.0715381
2.08515e-08	-0.0692725
2.08544e-08	-0.066997
2.08572e-08	-0.0647125
2.08601e-08	-0.0624194
2.0863e-08	-0.0601183
2.08658e-08	-0.0578099
2.08687e-08	-0.0554947
2.08716e-08	-0.0531734
2.08744e-08	-0.0508465
2.08773e-08	-0.0485146
2.08802e-08	-0.0461784
2.0883e-08	-0.0438385
2.08859e-08	-0.0414953
2.08887e-08	-0.0391496
2.08916e-08	-0.036802
2.08945e-08	-0.0344529
2.08973e-08	-0.032103
2.09002e-08	-0.0297529
2.09031e-08	-0.0274033
2.09059e-08	-0.0250545
2.09088e-08	-0.0227073
2.09117e-08	-0.0203623
2.09145e-08	-0.0180199
2.09174e-08	-0.0156808
2.09203e-08	-0.0133456
2.09231e-08	-0.0110148
2.0926e-08	-0.00868896
2.09288e-08	-0.00636869
2.09317e-08	-0.00405452
2.09346e-08	-0.00174702
2.09374e-08	0.000553257
2.09403e-08	0.00284577
2.09432e-08	0.00512996
2.0946e-08	0.00740529
2.09489e-08	0.00967123
2.09518e-08	0.0119272
2.09546e-08	0.0141728
2.09575e-08	0.0164074
2.09604e-08	0.0186304
2.09632e-08	0.0208415
2.09661e-08	0.02304
2.09689e-08	0.0252254
2.09718e-08	0.0273974
2.09747e-08	0.0295552
2.09775e-08	0.0316986
2.09804e-08	0.033827
2.09833e-08	0.0359398
2.09861e-08	0.0380367
2.0989e-08	0.0401171
2.09919e-08	0.0421806
2.09947e-08	0.0442268
2.09976e-08	0.0462552
2.10005e-08	0.0482653
2.10033e-08	0.0502567
2.10062e-08	0.0522289
2.1009e-08	0.0541816
2.10119e-08	0.0561143
2.10148e-08	0.0580266
2.10176e-08	0.0599181
2.10205e-08	0.0617884
2.10234e-08	0.063637
2.10262e-08	0.0654637
2.10291e-08	0.067268
2.1032e-08	0.0690496
2.10348e-08	0.070808
2.10377e-08	0.0725429
2.10406e-08	0.0742541
2.10434e-08	0.075941
2.10463e-08	0.0776034
2.10491e-08	0.0792409
2.1052e-08	0.0808533
2.10549e-08	0.0824402
2.10577e-08	0.0840013
2.10606e-08	0.0855362
2.10635e-08	0.0870448
2.10663e-08	0.0885267
2.10692e-08	0.0899816
2.10721e-08	0.0914092
2.10749e-08	0.0928094
2.10778e-08	0.0941817
2.10807e-08	0.0955261
2.10835e-08	0.0968422
2.10864e-08	0.0981299
2.10892e-08	0.0993888
2.10921e-08	0.100619
2.1095e-08	0.10182
2.10978e-08	0.102991
2.11007e-08	0.104133
2.11036e-08	0.105246
2.11064e-08	0.106328
2.11093e-08	0.10738
2.11122e-08	0.108402
2.1115e-08	0.109394
2.11179e-08	0.110355
2.11208e-08	0.111286
2.11236e-08	0.112186
2.11265e-08	0.113055
2.11293e-08	0.113892
2.11322e-08	0.114699
2.11351e-08	0.115475
2.11379e-08	0.116219
2.11408e-08	0.116932
2.11437e-08	0.117613
2.11465e-08	0.118263
2.11494e-08	0.118882
2.11523e-08	0.119468
2.11551e-08	0.120023
2.1158e-08	0.120547
2.11608e-08	0.121039
2.11637e-08	0.121499
2.11666e-08	0.121927
2.11694e-08	0.122323
2.11723e-08	0.122688
2.11752e-08	0.123021
2.1178e-08	0.123323
2.11809e-08	0.123593
2.11838e-08	0.123831
2.11866e-08	0.124038
2.11895e-08	0.124213
2.11924e-08	0.124357
2.11952e-08	0.124469
2.11981e-08	0.12455
2.12009e-08	0.1246
2.12038e-08	0.124619
2.12067e-08	0.124607
2.12095e-08	0.124564
2.12124e-08	0.12449
2.12153e-08	0.124386
2.12181e-08	0.124251
2.1221e-08	0.124086
2.12239e-08	0.12389
2.12267e-08	0.123665
2.12296e-08	0.123409
2.12325e-08	0.123124
2.12353e-08	0.122809
2.12382e-08	0.122465
2.1241e-08	0.122092
2.12439e-08	0.121689
2.12468e-08	0.121258
2.12496e-08	0.120798
2.12525e-08	0.12031
2.12554e-08	0.119794
2.12582e-08	0.11925
2.12611e-08	0.118678
2.1264e-08	0.118078
2.12668e-08	0.117452
2.12697e-08	0.116798
2.12726e-08	0.116118
2.12754e-08	0.115411
2.12783e-08	0.114678
2.12811e-08	0.113919
2.1284e-08	0.113135
2.12869e-08	0.112325
2.12897e-08	0.11149
2.12926e-08	0.11063
2.12955e-08	0.109746
2.12983e-08	0.108838
2.13012e-08	0.107906
2.13041e-08	0.106951
2.13069e-08	0.105972
2.13098e-08	0.10497
2.13127e-08	0.103946
2.13155e-08	0.102899
2.13184e-08	0.101831
2.13212e-08	0.100741
2.13241e-08	0.0996303
2.1327e-08	0.0984985
2.13298e-08	0.0973462
2.13327e-08	0.0961738
2.13356e-08	0.0949816
2.13384e-08	0.09377
2.13413e-08	0.0925395
2.13442e-08	0.0912902
2.1347e-08	0.0900227
2.13499e-08	0.0887374
2.13528e-08	0.0874345
2.13556e-08	0.0861145
2.13585e-08	0.0847778
2.13613e-08	0.0834248
2.13642e-08	0.0820558
2.13671e-08	0.0806713
2.13699e-08	0.0792717
2.13728e-08	0.0778573
2.13757e-08	0.0764286
2.13785e-08	0.074986
2.13814e-08	0.0735298
2.13843e-08	0.0720606
2.13871e-08	0.0705786
2.139e-08	0.0690844
2.13929e-08	0.0675784
2.13957e-08	0.0660609
2.13986e-08	0.0645324
2.14014e-08	0.0629932
2.14043e-08	0.061444
2.14072e-08	0.0598849
2.141e-08	0.0583165
2.14129e-08	0.0567392
2.14158e-08	0.0551535
2.14186e-08	0.0535597
2.14215e-08	0.0519582
2.14244e-08	0.0503496
2.14272e-08	0.0487341
2.14301e-08	0.0471124
2.1433e-08	0.0454847
2.14358e-08	0.0438515
2.14387e-08	0.0422133
2.14415e-08	0.0405704
2.14444e-08	0.0389233
2.14473e-08	0.0372725
2.14501e-08	0.0356183
2.1453e-08	0.0339611
2.14559e-08	0.0323014
2.14587e-08	0.0306397
2.14616e-08	0.0289763
2.14645e-08	0.0273116
2.14673e-08	0.0256462
2.14702e-08	0.0239803
2.1473e-08	0.0223144
2.14759e-08	0.020649
2.14788e-08	0.0189845
2.14816e-08	0.0173211
2.14845e-08	0.0156595
2.14874e-08	0.0139999
2.14902e-08	0.0123429
2.14931e-08	0.0106887
2.1496e-08	0.00903777
2.14988e-08	0.00739058
2.15017e-08	0.00574747
2.15046e-08	0.00410886
2.15074e-08	0.00247512
2.15103e-08	0.000846661
2.15131e-08	-0.00077614
2.1516e-08	-0.0023929
2.15189e-08	-0.00400322
2.15217e-08	-0.00560675
2.15246e-08	-0.00720309
2.15275e-08	-0.00879187
2.15303e-08	-0.0103727
2.15332e-08	-0.0119453
2.15361e-08	-0.0135092
2.15389e-08	-0.0150641
2.15418e-08	-0.0166096
2.15447e-08	-0.0181454
2.15475e-08	-0.0196712
2.15504e-08	-0.0211865
2.15532e-08	-0.0226911
2.15561e-08	-0.0241845
2.1559e-08	-0.0256666
2.15618e-08	-0.0271369
2.15647e-08	-0.0285951
2.15676e-08	-0.0300409
2.15704e-08	-0.031474
2.15733e-08	-0.032894
2.15762e-08	-0.0343007
2.1579e-08	-0.0356938
2.15819e-08	-0.037073
2.15848e-08	-0.0384379
2.15876e-08	-0.0397883
2.15905e-08	-0.0411239
2.15933e-08	-0.0424444
2.15962e-08	-0.0437495
2.15991e-08	-0.045039
2.16019e-08	-0.0463126
2.16048e-08	-0.0475701
2.16077e-08	-0.0488111
2.16105e-08	-0.0500355
2.16134e-08	-0.0512429
2.16163e-08	-0.0524333
2.16191e-08	-0.0536062
2.1622e-08	-0.0547615
2.16249e-08	-0.055899
2.16277e-08	-0.0570184
2.16306e-08	-0.0581196
2.16334e-08	-0.0592023
2.16363e-08	-0.0602663
2.16392e-08	-0.0613114
2.1642e-08	-0.0623374
2.16449e-08	-0.0633442
2.16478e-08	-0.0643316
2.16506e-08	-0.0652993
2.16535e-08	-0.0662473
2.16564e-08	-0.0671753
2.16592e-08	-0.0680832
2.16621e-08	-0.0689708
2.1665e-08	-0.069838
2.16678e-08	-0.0706847
2.16707e-08	-0.0715107
2.16735e-08	-0.0723158
2.16764e-08	-0.0731001
2.16793e-08	-0.0738632
2.16821e-08	-0.0746052
2.1685e-08	-0.075326
2.16879e-08	-0.0760253
2.16907e-08	-0.0767031
2.16936e-08	-0.0773594
2.16965e-08	-0.077994
2.16993e-08	-0.0786069
2.17022e-08	-0.079198
2.17051e-08	-0.0797672
2.17079e-08	-0.0803145
2.17108e-08	-0.0808398
2.17136e-08	-0.0813431
2.17165e-08	-0.0818242
2.17194e-08	-0.0822833
2.17222e-08	-0.0827201
2.17251e-08	-0.0831348
2.1728e-08	-0.0835273
2.17308e-08	-0.0838976
2.17337e-08	-0.0842457
2.17366e-08	-0.0845715
2.17394e-08	-0.084875
2.17423e-08	-0.0851564
2.17452e-08	-0.0854155
2.1748e-08	-0.0856524
2.17509e-08	-0.0858672
2.17537e-08	-0.0860598
2.17566e-08	-0.0862303
2.17595e-08	-0.0863787
2.17623e-08	-0.0865051
2.17652e-08	-0.0866095
2.17681e-08	-0.086692
2.17709e-08	-0.0867526
2.17738e-08	-0.0867915
2.17767e-08	-0.0868086
2.17795e-08	-0.086804
2.17824e-08	-0.0867779
2.17852e-08	-0.0867303
2.17881e-08	-0.0866614
2.1791e-08	-0.0865711
2.17938e-08	-0.0864597
2.17967e-08	-0.0863272
2.17996e-08	-0.0861737
2.18024e-08	-0.0859993
2.18053e-08	-0.0858043
2.18082e-08	-0.0855886
2.1811e-08	-0.0853524
2.18139e-08	-0.085096
2.18168e-08	-0.0848193
2.18196e-08	-0.0845226
2.18225e-08	-0.0842059
2.18253e-08	-0.0838695
2.18282e-08	-0.0835136
2.18311e-08	-0.0831382
2.18339e-08	-0.0827435
2.18368e-08	-0.0823298
2.18397e-08	-0.0818971
2.18425e-08	-0.0814457
2.18454e-08	-0.0809758
2.18483e-08	-0.0804875
2.18511e-08	-0.079981
2.1854e-08	-0.0794565
2.18569e-08	-0.0789143
2.18597e-08	-0.0783544
2.18626e-08	-0.0777772
2.18654e-08	-0.0771829
2.18683e-08	-0.0765716
2.18712e-08	-0.0759436
2.1874e-08	-0.075299
2.18769e-08	-0.0746382
2.18798e-08	-0.0739613
2.18826e-08	-0.0732686
2.18855e-08	-0.0725603
2.18884e-08	-0.0718366
2.18912e-08	-0.0710978
2.18941e-08	-0.0703441
2.1897e-08	-0.0695758
2.18998e-08	-0.0687931
2.19027e-08	-0.0679963
2.19055e-08	-0.0671855
2.19084e-08	-0.0663612
2.19113e-08	-0.0655235
2.19141e-08	-0.0646726
2.1917e-08	-0.063809
2.19199e-08	-0.0629327
2.19227e-08	-0.0620441
2.19256e-08	-0.0611435
2.19285e-08	-0.0602311
2.19313e-08	-0.0593072
2.19342e-08	-0.0583721
2.19371e-08	-0.057426
2.19399e-08	-0.0564692
2.19428e-08	-0.0555021
2.19456e-08	-0.0545248
2.19485e-08	-0.0535377
2.19514e-08	-0.0525411
2.19542e-08	-0.0515352
2.19571e-08	-0.0505204
2.196e-08	-0.0494968
2.19628e-08	-0.0484649
2.19657e-08	-0.0474248
2.19686e-08	-0.046377
2.19714e-08	-0.0453216
2.19743e-08	-0.044259
2.19772e-08	-0.0431895
2.198e-08	-0.0421133
2.19829e-08	-0.0410308
2.19857e-08	-0.0399422
2.19886e-08	-0.0388479
2.19915e-08	-0.0377481
2.19943e-08	-0.0366431
2.19972e-08	-0.0355333
2.20001e-08	-0.0344189
2.20029e-08	-0.0333003
2.20058e-08	-0.0321776
2.20087e-08	-0.0310513
2.20115e-08	-0.0299216
2.20144e-08	-0.0287888
2.20173e-08	-0.0276532
2.20201e-08	-0.0265152
2.2023e-08	-0.0253749
2.20258e-08	-0.0242327
2.20287e-08	-0.0230889
2.20316e-08	-0.0219437
2.20344e-08	-0.0207975
2.20373e-08	-0.0196506
2.20402e-08	-0.0185032
2.2043e-08	-0.0173557
2.20459e-08	-0.0162083
2.20488e-08	-0.0150613
2.20516e-08	-0.013915
2.20545e-08	-0.0127696
2.20574e-08	-0.0116256
2.20602e-08	-0.0104831
2.20631e-08	-0.00934237
2.20659e-08	-0.00820378
2.20688e-08	-0.00706756
2.20717e-08	-0.005934
2.20745e-08	-0.00480337
2.20774e-08	-0.00367594
2.20803e-08	-0.00255198
2.20831e-08	-0.00143176
2.2086e-08	-0.000315541
2.20889e-08	0.000796411
2.20917e-08	0.00190383
2.20946e-08	0.00300647
2.20974e-08	0.00410406
2.21003e-08	0.00519635
2.21032e-08	0.00628308
2.2106e-08	0.00736401
2.21089e-08	0.00843889
2.21118e-08	0.00950747
2.21146e-08	0.0105695
2.21175e-08	0.0116248
2.21204e-08	0.012673
2.21232e-08	0.013714
2.21261e-08	0.0147475
2.2129e-08	0.0157733
2.21318e-08	0.0167911
2.21347e-08	0.0178008
2.21375e-08	0.0188021
2.21404e-08	0.0197948
2.21433e-08	0.0207786
2.21461e-08	0.0217535
2.2149e-08	0.022719
2.21519e-08	0.0236752
2.21547e-08	0.0246217
2.21576e-08	0.0255583
2.21605e-08	0.0264849
2.21633e-08	0.0274013
2.21662e-08	0.0283073
2.21691e-08	0.0292026
2.21719e-08	0.0300871
2.21748e-08	0.0309607
2.21776e-08	0.0318231
2.21805e-08	0.0326742
2.21834e-08	0.0335138
2.21862e-08	0.0343418
2.21891e-08	0.0351579
2.2192e-08	0.0359621
2.21948e-08	0.0367541
2.21977e-08	0.0375339
2.22006e-08	0.0383012
2.22034e-08	0.039056
2.22063e-08	0.039798
2.22092e-08	0.0405272
2.2212e-08	0.0412435
2.22149e-08	0.0419466
2.22177e-08	0.0426365
2.22206e-08	0.0433131
2.22235e-08	0.0439761
2.22263e-08	0.0446257
2.22292e-08	0.0452615
2.22321e-08	0.0458835
2.22349e-08	0.0464916
2.22378e-08	0.0470858
2.22407e-08	0.0476658
2.22435e-08	0.0482317
2.22464e-08	0.0487833
2.22493e-08	0.0493206
2.22521e-08	0.0498435
2.2255e-08	0.0503519
2.22578e-08	0.0508457
2.22607e-08	0.0513249
2.22636e-08	0.0517893
2.22664e-08	0.0522391
2.22693e-08	0.052674
2.22722e-08	0.0530941
2.2275e-08	0.0534993
2.22779e-08	0.0538895
2.22808e-08	0.0542648
2.22836e-08	0.054625
2.22865e-08	0.0549702
2.22894e-08	0.0553004
2.22922e-08	0.0556154
2.22951e-08	0.0559154
2.22979e-08	0.0562002
2.23008e-08	0.0564698
2.23037e-08	0.0567243
2.23065e-08	0.0569637
2.23094e-08	0.0571879
2.23123e-08	0.057397
2.23151e-08	0.0575909
2.2318e-08	0.0577697
2.23209e-08	0.0579334
2.23237e-08	0.0580821
2.23266e-08	0.0582156
2.23295e-08	0.0583341
2.23323e-08	0.0584376
2.23352e-08	0.0585262
2.2338e-08	0.0585998
2.23409e-08	0.0586584
2.23438e-08	0.0587023
2.23466e-08	0.0587313
2.23495e-08	0.0587456
2.23524e-08	0.0587452
2.23552e-08	0.0587302
2.23581e-08	0.0587006
2.2361e-08	0.0586565
2.23638e-08	0.0585979
2.23667e-08	0.058525
2.23695e-08	0.0584378
2.23724e-08	0.0583364
2.23753e-08	0.0582209
2.23781e-08	0.0580913
2.2381e-08	0.0579478
2.23839e-08	0.0577904
2.23867e-08	0.0576192
2.23896e-08	0.0574344
2.23925e-08	0.057236
2.23953e-08	0.0570242
2.23982e-08	0.056799
2.24011e-08	0.0565605
2.24039e-08	0.056309
2.24068e-08	0.0560444
2.24096e-08	0.0557669
2.24125e-08	0.0554767
2.24154e-08	0.0551738
2.24182e-08	0.0548584
2.24211e-08	0.0545306
2.2424e-08	0.0541905
2.24268e-08	0.0538383
2.24297e-08	0.0534742
2.24326e-08	0.0530981
2.24354e-08	0.0527104
2.24383e-08	0.0523111
2.24412e-08	0.0519004
2.2444e-08	0.0514785
2.24469e-08	0.0510454
2.24497e-08	0.0506014
2.24526e-08	0.0501465
2.24555e-08	0.049681
2.24583e-08	0.0492051
2.24612e-08	0.0487188
2.24641e-08	0.0482224
2.24669e-08	0.0477159
2.24698e-08	0.0471997
2.24727e-08	0.0466737
2.24755e-08	0.0461383
2.24784e-08	0.0455936
2.24813e-08	0.0450398
2.24841e-08	0.0444769
2.2487e-08	0.0439053
2.24898e-08	0.0433251
2.24927e-08	0.0427365
2.24956e-08	0.0421396
2.24984e-08	0.0415347
2.25013e-08	0.0409219
2.25042e-08	0.0403014
2.2507e-08	0.0396734
2.25099e-08	0.0390381
2.25128e-08	0.0383957
2.25156e-08	0.0377463
2.25185e-08	0.0370902
2.25214e-08	0.0364276
2.25242e-08	0.0357586
2.25271e-08	0.0350834
2.25299e-08	0.0344022
2.25328e-08	0.0337153
2.25357e-08	0.0330228
2.25385e-08	0.0323249
2.25414e-08	0.0316219
2.25443e-08	0.0309138
2.25471e-08	0.030201
2.255e-08	0.0294835
2.25529e-08	0.0287617
2.25557e-08	0.0280357
2.25586e-08	0.0273057
2.25615e-08	0.0265719
2.25643e-08	0.0258345
2.25672e-08	0.0250937
2.257e-08	0.0243497
2.25729e-08	0.0236027
2.25758e-08	0.0228529
2.25786e-08	0.0221006
2.25815e-08	0.0213458
2.25844e-08	0.0205888
2.25872e-08	0.0198299
2.25901e-08	0.0190691
2.2593e-08	0.0183067
2.25958e-08	0.017543
2.25987e-08	0.016778
2.26016e-08	0.016012
2.26044e-08	0.0152452
2.26073e-08	0.0144778
2.26101e-08	0.0137099
2.2613e-08	0.0129419
2.26159e-08	0.0121738
2.26187e-08	0.0114058
2.26216e-08	0.0106382
2.26245e-08	0.00987116
2.26273e-08	0.00910484
2.26302e-08	0.00833943
2.26331e-08	0.00757514
2.26359e-08	0.00681214
2.26388e-08	0.00605062
2.26417e-08	0.00529076
2.26445e-08	0.00453276
2.26474e-08	0.00377679
2.26502e-08	0.00302303
2.26531e-08	0.00227167
2.2656e-08	0.00152288
2.26588e-08	0.000776833
2.26617e-08	3.37153e-05
2.26646e-08	-0.000706304
2.26674e-08	-0.00144305
2.26703e-08	-0.00217636
2.26732e-08	-0.00290605
2.2676e-08	-0.00363196
2.26789e-08	-0.00435393
2.26817e-08	-0.00507178
2.26846e-08	-0.00578536
2.26875e-08	-0.00649451
2.26903e-08	-0.00719906
2.26932e-08	-0.00789886
2.26961e-08	-0.00859375
2.26989e-08	-0.00928358
2.27018e-08	-0.00996819
2.27047e-08	-0.0106474
2.27075e-08	-0.0113212
2.27104e-08	-0.0119893
2.27133e-08	-0.0126516
2.27161e-08	-0.0133079
2.2719e-08	-0.0139581
2.27218e-08	-0.0146022
2.27247e-08	-0.0152399
2.27276e-08	-0.0158711
2.27304e-08	-0.0164956
2.27333e-08	-0.0171135
2.27362e-08	-0.0177244
2.2739e-08	-0.0183283
2.27419e-08	-0.0189252
2.27448e-08	-0.0195148
2.27476e-08	-0.020097
2.27505e-08	-0.0206717
2.27534e-08	-0.0212389
2.27562e-08	-0.0217984
2.27591e-08	-0.02235
2.27619e-08	-0.0228938
2.27648e-08	-0.0234295
2.27677e-08	-0.0239571
2.27705e-08	-0.0244765
2.27734e-08	-0.0249876
2.27763e-08	-0.0254903
2.27791e-08	-0.0259845
2.2782e-08	-0.0264701
2.27849e-08	-0.0269471
2.27877e-08	-0.0274153
2.27906e-08	-0.0278747
2.27935e-08	-0.0283252
2.27963e-08	-0.0287666
2.27992e-08	-0.0291991
2.2802e-08	-0.0296224
2.28049e-08	-0.0300365
2.28078e-08	-0.0304413
2.28106e-08	-0.0308369
2.28135e-08	-0.031223
2.28164e-08	-0.0315998
2.28192e-08	-0.031967
2.28221e-08	-0.0323247
2.2825e-08	-0.0326728
2.28278e-08	-0.0330112
2.28307e-08	-0.03334
2.28336e-08	-0.033659
2.28364e-08	-0.0339683
2.28393e-08	-0.0342678
2.28421e-08	-0.0345574
2.2845e-08	-0.0348372
2.28479e-08	-0.0351071
2.28507e-08	-0.0353671
2.28536e-08	-0.0356171
2.28565e-08	-0.0358572
2.28593e-08	-0.0360872
2.28622e-08	-0.0363073
2.28651e-08	-0.0365174
2.28679e-08	-0.0367175
2.28708e-08	-0.0369076
2.28737e-08	-0.0370876
2.28765e-08	-0.0372576
2.28794e-08	-0.0374175
2.28822e-08	-0.0375675
2.28851e-08	-0.0377074
2.2888e-08	-0.0378373
2.28908e-08	-0.0379571
2.28937e-08	-0.038067
2.28966e-08	-0.0381669
2.28994e-08	-0.0382569
2.29023e-08	-0.0383369
2.29052e-08	-0.038407
2.2908e-08	-0.0384672
2.29109e-08	-0.0385176
2.29138e-08	-0.0385581
2.29166e-08	-0.0385888
2.29195e-08	-0.0386097
2.29223e-08	-0.038621
2.29252e-08	-0.0386225
2.29281e-08	-0.0386143
2.29309e-08	-0.0385966
2.29338e-08	-0.0385693
2.29367e-08	-0.0385325
2.29395e-08	-0.0384862
2.29424e-08	-0.0384305
2.29453e-08	-0.0383654
2.29481e-08	-0.0382911
2.2951e-08	-0.0382075
2.29539e-08	-0.0381147
2.29567e-08	-0.0380129
2.29596e-08	-0.0379019
2.29624e-08	-0.037782
2.29653e-08	-0.0376531
2.29682e-08	-0.0375155
2.2971e-08	-0.037369
2.29739e-08	-0.0372138
2.29768e-08	-0.03705
2.29796e-08	-0.0368777
2.29825e-08	-0.0366969
2.29854e-08	-0.0365078
2.29882e-08	-0.0363103
2.29911e-08	-0.0361046
2.29939e-08	-0.0358908
2.29968e-08	-0.035669
2.29997e-08	-0.0354392
2.30025e-08	-0.0352016
2.30054e-08	-0.0349562
2.30083e-08	-0.0347031
2.30111e-08	-0.0344425
2.3014e-08	-0.0341744
2.30169e-08	-0.0338989
2.30197e-08	-0.0336162
2.30226e-08	-0.0333263
2.30255e-08	-0.0330293
2.30283e-08	-0.0327254
2.30312e-08	-0.0324147
2.3034e-08	-0.0320972
2.30369e-08	-0.031773
2.30398e-08	-0.0314424
2.30426e-08	-0.0311053
2.30455e-08	-0.0307619
2.30484e-08	-0.0304124
2.30512e-08	-0.0300568
2.30541e-08	-0.0296952
2.3057e-08	-0.0293278
2.30598e-08	-0.0289547
2.30627e-08	-0.028576
2.30656e-08	-0.0281918
2.30684e-08	-0.0278022
2.30713e-08	-0.0274074
2.30741e-08	-0.0270075
2.3077e-08	-0.0266026
2.30799e-08	-0.0261928
2.30827e-08	-0.0257782
2.30856e-08	-0.0253591
2.30885e-08	-0.0249354
2.30913e-08	-0.0245074
2.30942e-08	-0.0240752
2.30971e-08	-0.0236388
2.30999e-08	-0.0231984
2.31028e-08	-0.0227542
2.31057e-08	-0.0223063
2.31085e-08	-0.0218547
2.31114e-08	-0.0213997
2.31142e-08	-0.0209413
2.31171e-08	-0.0204798
2.312e-08	-0.0200151
2.31228e-08	-0.0195475
2.31257e-08	-0.019077
2.31286e-08	-0.0186039
2.31314e-08	-0.0181282
2.31343e-08	-0.0176501
2.31372e-08	-0.0171697
2.314e-08	-0.0166871
2.31429e-08	-0.0162025
2.31458e-08	-0.015716
2.31486e-08	-0.0152276
2.31515e-08	-0.0147377
2.31543e-08	-0.0142462
2.31572e-08	-0.0137534
2.31601e-08	-0.0132593
2.31629e-08	-0.012764
2.31658e-08	-0.0122678
2.31687e-08	-0.0117707
2.31715e-08	-0.0112729
2.31744e-08	-0.0107744
2.31773e-08	-0.0102755
2.31801e-08	-0.00977625
2.3183e-08	-0.00927675
2.31859e-08	-0.00877715
2.31887e-08	-0.00827757
2.31916e-08	-0.00777815
2.31944e-08	-0.007279
2.31973e-08	-0.00678025
2.32002e-08	-0.00628203
2.3203e-08	-0.00578445
2.32059e-08	-0.00528765
2.32088e-08	-0.00479173
2.32116e-08	-0.00429683
2.32145e-08	-0.00380305
2.32174e-08	-0.00331053
2.32202e-08	-0.00281937
2.32231e-08	-0.0023297
2.3226e-08	-0.00184164
2.32288e-08	-0.00135529
2.32317e-08	-0.000870775
2.32345e-08	-0.000388207
2.32374e-08	9.2303e-05
2.32403e-08	0.000570642
2.32431e-08	0.0010467
2.3246e-08	0.00152037
2.32489e-08	0.00199153
2.32517e-08	0.0024601
2.32546e-08	0.00292594
2.32575e-08	0.00338897
2.32603e-08	0.00384908
2.32632e-08	0.00430617
2.32661e-08	0.00476013
2.32689e-08	0.00521086
2.32718e-08	0.00565827
2.32746e-08	0.00610225
2.32775e-08	0.00654272
2.32804e-08	0.00697957
2.32832e-08	0.00741272
2.32861e-08	0.00784207
2.3289e-08	0.00826752
2.32918e-08	0.008689
2.32947e-08	0.00910641
2.32976e-08	0.00951966
2.33004e-08	0.00992867
2.33033e-08	0.0103334
2.33061e-08	0.0107336
2.3309e-08	0.0111294
2.33119e-08	0.0115207
2.33147e-08	0.0119072
2.33176e-08	0.0122891
2.33205e-08	0.0126662
2.33233e-08	0.0130384
2.33262e-08	0.0134056
2.33291e-08	0.0137679
2.33319e-08	0.014125
2.33348e-08	0.014477
2.33377e-08	0.0148239
2.33405e-08	0.0151654
2.33434e-08	0.0155016
2.33462e-08	0.0158324
2.33491e-08	0.0161577
2.3352e-08	0.0164775
2.33548e-08	0.0167918
2.33577e-08	0.0171004
2.33606e-08	0.0174034
2.33634e-08	0.0177006
2.33663e-08	0.017992
2.33692e-08	0.0182777
2.3372e-08	0.0185574
2.33749e-08	0.0188313
2.33778e-08	0.0190992
2.33806e-08	0.0193611
2.33835e-08	0.0196169
2.33863e-08	0.0198667
2.33892e-08	0.0201104
2.33921e-08	0.020348
2.33949e-08	0.0205794
2.33978e-08	0.0208045
2.34007e-08	0.0210235
2.34035e-08	0.0212362
2.34064e-08	0.0214426
2.34093e-08	0.0216427
2.34121e-08	0.0218365
2.3415e-08	0.0220239
2.34179e-08	0.022205
2.34207e-08	0.0223797
2.34236e-08	0.0225479
2.34264e-08	0.0227098
2.34293e-08	0.0228653
2.34322e-08	0.0230143
2.3435e-08	0.0231569
2.34379e-08	0.023293
2.34408e-08	0.0234227
2.34436e-08	0.0235459
2.34465e-08	0.0236627
2.34494e-08	0.023773
2.34522e-08	0.0238769
2.34551e-08	0.0239743
2.3458e-08	0.0240652
2.34608e-08	0.0241498
2.34637e-08	0.0242279
2.34665e-08	0.0242995
2.34694e-08	0.0243648
2.34723e-08	0.0244237
2.34751e-08	0.0244762
2.3478e-08	0.0245223
2.34809e-08	0.024562
2.34837e-08	0.0245955
2.34866e-08	0.0246226
2.34895e-08	0.0246434
2.34923e-08	0.024658
2.34952e-08	0.0246663
2.34981e-08	0.0246685
2.35009e-08	0.0246644
2.35038e-08	0.0246542
2.35066e-08	0.0246378
2.35095e-08	0.0246154
2.35124e-08	0.0245869
2.35152e-08	0.0245524
2.35181e-08	0.0245119
2.3521e-08	0.0244654
2.35238e-08	0.024413
2.35267e-08	0.0243548
2.35296e-08	0.0242907
2.35324e-08	0.0242209
2.35353e-08	0.0241453
2.35382e-08	0.024064
2.3541e-08	0.0239771
2.35439e-08	0.0238845
2.35467e-08	0.0237864
2.35496e-08	0.0236828
2.35525e-08	0.0235738
2.35553e-08	0.0234594
2.35582e-08	0.0233396
2.35611e-08	0.0232145
2.35639e-08	0.0230842
2.35668e-08	0.0229487
2.35697e-08	0.0228081
2.35725e-08	0.0226624
2.35754e-08	0.0225118
2.35783e-08	0.0223562
2.35811e-08	0.0221957
2.3584e-08	0.0220304
2.35868e-08	0.0218604
2.35897e-08	0.0216857
2.35926e-08	0.0215063
2.35954e-08	0.0213224
2.35983e-08	0.021134
2.36012e-08	0.0209412
2.3604e-08	0.0207441
2.36069e-08	0.0205427
2.36098e-08	0.020337
2.36126e-08	0.0201273
2.36155e-08	0.0199134
2.36183e-08	0.0196956
2.36212e-08	0.0194739
2.36241e-08	0.0192483
2.36269e-08	0.019019
2.36298e-08	0.0187859
2.36327e-08	0.0185493
2.36355e-08	0.018309
2.36384e-08	0.0180654
2.36413e-08	0.0178183
2.36441e-08	0.017568
2.3647e-08	0.0173144
2.36499e-08	0.0170576
2.36527e-08	0.0167978
2.36556e-08	0.016535
2.36584e-08	0.0162693
2.36613e-08	0.0160007
2.36642e-08	0.0157294
2.3667e-08	0.0154554
2.36699e-08	0.0151789
2.36728e-08	0.0148998
2.36756e-08	0.0146183
2.36785e-08	0.0143345
2.36814e-08	0.0140484
2.36842e-08	0.0137601
2.36871e-08	0.0134697
2.369e-08	0.0131773
2.36928e-08	0.012883
2.36957e-08	0.0125869
2.36985e-08	0.012289
2.37014e-08	0.0119894
2.37043e-08	0.0116882
2.37071e-08	0.0113855
2.371e-08	0.0110813
2.37129e-08	0.0107759
2.37157e-08	0.0104691
2.37186e-08	0.0101612
2.37215e-08	0.0098522
2.37243e-08	0.00954217
2.37272e-08	0.00923122
2.37301e-08	0.00891942
2.37329e-08	0.00860685
2.37358e-08	0.0082936
2.37386e-08	0.00797975
2.37415e-08	0.00766539
2.37444e-08	0.00735058
2.37472e-08	0.00703542
2.37501e-08	0.00671999
2.3753e-08	0.00640436
2.37558e-08	0.00608862
2.37587e-08	0.00577285
2.37616e-08	0.00545713
2.37644e-08	0.00514153
2.37673e-08	0.00482613
2.37702e-08	0.00451102
2.3773e-08	0.00419628
2.37759e-08	0.00388197
2.37787e-08	0.00356818
2.37816e-08	0.00325498
2.37845e-08	0.00294245
2.37873e-08	0.00263066
2.37902e-08	0.0023197
2.37931e-08	0.00200963
2.37959e-08	0.00170052
2.37988e-08	0.00139246
2.38017e-08	0.00108552
2.38045e-08	0.000779759
2.38074e-08	0.000475257
2.38103e-08	0.000172084
2.38131e-08	-0.000129691
2.3816e-08	-0.000429997
2.38188e-08	-0.000728766
2.38217e-08	-0.00102593
2.38246e-08	-0.00132142
2.38274e-08	-0.00161518
2.38303e-08	-0.00190712
2.38332e-08	-0.0021972
2.3836e-08	-0.00248535
2.38389e-08	-0.0027715
2.38418e-08	-0.00305559
2.38446e-08	-0.00333755
2.38475e-08	-0.00361734
2.38504e-08	-0.00389488
2.38532e-08	-0.00417012
2.38561e-08	-0.004443
2.38589e-08	-0.00471346
2.38618e-08	-0.00498144
2.38647e-08	-0.0052469
2.38675e-08	-0.00550977
2.38704e-08	-0.00577
2.38733e-08	-0.00602754
2.38761e-08	-0.00628233
2.3879e-08	-0.00653433
2.38819e-08	-0.00678349
2.38847e-08	-0.00702974
2.38876e-08	-0.00727306
2.38905e-08	-0.00751338
2.38933e-08	-0.00775067
2.38962e-08	-0.00798488
2.3899e-08	-0.00821596
2.39019e-08	-0.00844387
2.39048e-08	-0.00866857
2.39076e-08	-0.00889001
2.39105e-08	-0.00910817
2.39134e-08	-0.00932299
2.39162e-08	-0.00953443
2.39191e-08	-0.00974247
2.3922e-08	-0.00994707
2.39248e-08	-0.0101482
2.39277e-08	-0.0103458
2.39305e-08	-0.0105398
2.39334e-08	-0.0107303
2.39363e-08	-0.0109172
2.39391e-08	-0.0111004
2.3942e-08	-0.01128
2.39449e-08	-0.0114559
2.39477e-08	-0.011628
2.39506e-08	-0.0117964
2.39535e-08	-0.011961
2.39563e-08	-0.0121219
2.39592e-08	-0.0122789
2.39621e-08	-0.0124321
2.39649e-08	-0.0125814
2.39678e-08	-0.0127268
2.39706e-08	-0.0128684
2.39735e-08	-0.013006
2.39764e-08	-0.0131397
2.39792e-08	-0.0132695
2.39821e-08	-0.0133953
2.3985e-08	-0.0135171
2.39878e-08	-0.013635
2.39907e-08	-0.0137488
2.39936e-08	-0.0138587
2.39964e-08	-0.0139646
2.39993e-08	-0.0140664
2.40022e-08	-0.0141642
2.4005e-08	-0.014258
2.40079e-08	-0.0143477
2.40107e-08	-0.0144335
2.40136e-08	-0.0145151
2.40165e-08	-0.0145928
2.40193e-08	-0.0146664
2.40222e-08	-0.0147359
2.40251e-08	-0.0148015
2.40279e-08	-0.014863
2.40308e-08	-0.0149204
2.40337e-08	-0.0149739
2.40365e-08	-0.0150233
2.40394e-08	-0.0150687
2.40423e-08	-0.0151101
2.40451e-08	-0.0151475
2.4048e-08	-0.015181
2.40508e-08	-0.0152104
2.40537e-08	-0.0152359
2.40566e-08	-0.0152575
2.40594e-08	-0.0152751
2.40623e-08	-0.0152888
2.40652e-08	-0.0152986
2.4068e-08	-0.0153045
2.40709e-08	-0.0153066
2.40738e-08	-0.0153048
2.40766e-08	-0.0152991
2.40795e-08	-0.0152897
2.40824e-08	-0.0152764
2.40852e-08	-0.0152594
2.40881e-08	-0.0152386
2.40909e-08	-0.0152142
2.40938e-08	-0.015186
2.40967e-08	-0.0151541
2.40995e-08	-0.0151186
2.41024e-08	-0.0150795
2.41053e-08	-0.0150368
2.41081e-08	-0.0149905
2.4111e-08	-0.0149407
2.41139e-08	-0.0148873
2.41167e-08	-0.0148305
2.41196e-08	-0.0147703
2.41225e-08	-0.0147066
2.41253e-08	-0.0146396
2.41282e-08	-0.0145692
2.4131e-08	-0.0144955
2.41339e-08	-0.0144186
2.41368e-08	-0.0143384
2.41396e-08	-0.0142549
2.41425e-08	-0.0141684
2.41454e-08	-0.0140786
2.41482e-08	-0.0139858
2.41511e-08	-0.01389
2.4154e-08	-0.0137911
2.41568e-08	-0.0136892
2.41597e-08	-0.0135845
2.41626e-08	-0.0134768
2.41654e-08	-0.0133662
2.41683e-08	-0.0132529
2.41711e-08	-0.0131368
2.4174e-08	-0.013018
2.41769e-08	-0.0128964
2.41797e-08	-0.0127723
2.41826e-08	-0.0126455
2.41855e-08	-0.0125162
2.41883e-08	-0.0123844
2.41912e-08	-0.0122502
2.41941e-08	-0.0121135
2.41969e-08	-0.0119745
2.41998e-08	-0.0118331
2.42027e-08	-0.0116895
2.42055e-08	-0.0115436
2.42084e-08	-0.0113956
2.42112e-08	-0.0112454
2.42141e-08	-0.0110932
2.4217e-08	-0.0109389
2.42198e-08	-0.0107827
2.42227e-08	-0.0106245
2.42256e-08	-0.0104644
2.42284e-08	-0.0103025
2.42313e-08	-0.0101388
2.42342e-08	-0.00997341
2.4237e-08	-0.00980631
2.42399e-08	-0.00963758
2.42427e-08	-0.00946726
2.42456e-08	-0.00929541
2.42485e-08	-0.00912209
2.42513e-08	-0.00894733
2.42542e-08	-0.0087712
2.42571e-08	-0.00859374
2.42599e-08	-0.00841501
2.42628e-08	-0.00823505
2.42657e-08	-0.00805392
2.42685e-08	-0.00787167
2.42714e-08	-0.00768835
2.42743e-08	-0.00750401
2.42771e-08	-0.00731871
2.428e-08	-0.00713249
2.42828e-08	-0.00694542
2.42857e-08	-0.00675753
2.42886e-08	-0.00656888
2.42914e-08	-0.00637952
2.42943e-08	-0.00618951
2.42972e-08	-0.00599889
2.43e-08	-0.00580772
2.43029e-08	-0.00561604
2.43058e-08	-0.00542391
2.43086e-08	-0.00523139
2.43115e-08	-0.00503851
2.43144e-08	-0.00484533
2.43172e-08	-0.0046519
2.43201e-08	-0.00445827
2.43229e-08	-0.00426449
2.43258e-08	-0.00407061
2.43287e-08	-0.00387668
2.43315e-08	-0.00368274
2.43344e-08	-0.00348886
2.43373e-08	-0.00329507
2.43401e-08	-0.00310143
2.4343e-08	-0.00290798
2.43459e-08	-0.00271477
2.43487e-08	-0.00252185
2.43516e-08	-0.00232926
2.43545e-08	-0.00213706
2.43573e-08	-0.00194528
2.43602e-08	-0.00175399
2.4363e-08	-0.00156321
2.43659e-08	-0.001373
2.43688e-08	-0.00118341
2.43716e-08	-0.000994467
2.43745e-08	-0.000806229
2.43774e-08	-0.000618738
2.43802e-08	-0.000432035
2.43831e-08	-0.000246166
2.4386e-08	-6.11715e-05
2.43888e-08	0.000122905
2.43917e-08	0.000306022
2.43946e-08	0.000488138
2.43974e-08	0.000669212
2.44003e-08	0.000849203
2.44031e-08	0.00102807
2.4406e-08	0.00120578
2.44089e-08	0.00138228
2.44117e-08	0.00155755
2.44146e-08	0.00173154
2.44175e-08	0.00190421
2.44203e-08	0.00207553
2.44232e-08	0.00224546
2.44261e-08	0.00241397
2.44289e-08	0.00258101
2.44318e-08	0.00274656
2.44347e-08	0.00291059
2.44375e-08	0.00307304
2.44404e-08	0.00323391
2.44432e-08	0.00339314
2.44461e-08	0.00355071
2.4449e-08	0.00370659
2.44518e-08	0.00386075
2.44547e-08	0.00401316
2.44576e-08	0.00416378
2.44604e-08	0.00431259
2.44633e-08	0.00445956
2.44662e-08	0.00460466
2.4469e-08	0.00474786
2.44719e-08	0.00488915
2.44748e-08	0.00502848
2.44776e-08	0.00516584
2.44805e-08	0.00530121
2.44833e-08	0.00543455
2.44862e-08	0.00556584
2.44891e-08	0.00569507
2.44919e-08	0.00582221
2.44948e-08	0.00594723
2.44977e-08	0.00607012
2.45005e-08	0.00619086
2.45034e-08	0.00630943
2.45063e-08	0.0064258
2.45091e-08	0.00653997
2.4512e-08	0.0066519
2.45148e-08	0.00676159
2.45177e-08	0.00686903
2.45206e-08	0.00697418
2.45234e-08	0.00707704
2.45263e-08	0.0071776
2.45292e-08	0.00727584
2.4532e-08	0.00737174
2.45349e-08	0.0074653
2.45378e-08	0.00755651
2.45406e-08	0.00764534
2.45435e-08	0.0077318
2.45464e-08	0.00781587
2.45492e-08	0.00789754
2.45521e-08	0.00797681
2.45549e-08	0.00805367
2.45578e-08	0.0081281
2.45607e-08	0.00820011
2.45635e-08	0.00826969
2.45664e-08	0.00833683
2.45693e-08	0.00840153
2.45721e-08	0.00846378
2.4575e-08	0.00852358
2.45779e-08	0.00858093
2.45807e-08	0.00863583
2.45836e-08	0.00868827
2.45865e-08	0.00873826
2.45893e-08	0.00878579
2.45922e-08	0.00883087
2.4595e-08	0.00887349
2.45979e-08	0.00891366
2.46008e-08	0.00895138
2.46036e-08	0.00898666
2.46065e-08	0.00901949
2.46094e-08	0.00904988
2.46122e-08	0.00907784
2.46151e-08	0.00910337
2.4618e-08	0.00912648
2.46208e-08	0.00914717
2.46237e-08	0.00916546
2.46266e-08	0.00918134
2.46294e-08	0.00919483
2.46323e-08	0.00920594
2.46351e-08	0.00921468
2.4638e-08	0.00922105
2.46409e-08	0.00922506
2.46437e-08	0.00922674
2.46466e-08	0.00922608
2.46495e-08	0.00922311
2.46523e-08	0.00921783
2.46552e-08	0.00921025
2.46581e-08	0.0092004
2.46609e-08	0.00918829
2.46638e-08	0.00917392
2.46667e-08	0.00915732
2.46695e-08	0.0091385
2.46724e-08	0.00911748
2.46752e-08	0.00909427
2.46781e-08	0.0090689
2.4681e-08	0.00904137
2.46838e-08	0.00901171
2.46867e-08	0.00897994
2.46896e-08	0.00894607
2.46924e-08	0.00891012
2.46953e-08	0.00887212
2.46982e-08	0.00883209
2.4701e-08	0.00879003
2.47039e-08	0.00874599
2.47068e-08	0.00869997
2.47096e-08	0.008652
2.47125e-08	0.00860211
2.47153e-08	0.0085503
2.47182e-08	0.00849662
2.47211e-08	0.00844107
2.47239e-08	0.00838369
2.47268e-08	0.0083245
2.47297e-08	0.00826352
2.47325e-08	0.00820078
2.47354e-08	0.0081363
2.47383e-08	0.00807011
2.47411e-08	0.00800224
2.4744e-08	0.0079327
2.47469e-08	0.00786153
2.47497e-08	0.00778875
2.47526e-08	0.00771439
2.47554e-08	0.00763847
2.47583e-08	0.00756103
2.47612e-08	0.0074821
2.4764e-08	0.00740169
2.47669e-08	0.00731983
2.47698e-08	0.00723657
2.47726e-08	0.00715191
2.47755e-08	0.0070659
2.47784e-08	0.00697856
2.47812e-08	0.00688992
2.47841e-08	0.00680001
2.4787e-08	0.00670886
2.47898e-08	0.0066165
2.47927e-08	0.00652295
2.47955e-08	0.00642826
2.47984e-08	0.00633244
2.48013e-08	0.00623553
2.48041e-08	0.00613756
2.4807e-08	0.00603855
2.48099e-08	0.00593855
2.48127e-08	0.00583758
2.48156e-08	0.00573566
2.48185e-08	0.00563284
2.48213e-08	0.00552914
2.48242e-08	0.0054246
2.4827e-08	0.00531923
2.48299e-08	0.00521309
2.48328e-08	0.00510618
2.48356e-08	0.00499856
2.48385e-08	0.00489024
2.48414e-08	0.00478126
2.48442e-08	0.00467166
2.48471e-08	0.00456145
2.485e-08	0.00445067
2.48528e-08	0.00433936
2.48557e-08	0.00422755
2.48586e-08	0.00411525
2.48614e-08	0.00400252
2.48643e-08	0.00388937
2.48671e-08	0.00377584
2.487e-08	0.00366196
2.48729e-08	0.00354775
2.48757e-08	0.00343326
2.48786e-08	0.00331851
2.48815e-08	0.00320353
2.48843e-08	0.00308835
2.48872e-08	0.002973
2.48901e-08	0.00285751
2.48929e-08	0.00274192
2.48958e-08	0.00262624
2.48987e-08	0.00251052
2.49015e-08	0.00239478
2.49044e-08	0.00227905
2.49072e-08	0.00216336
2.49101e-08	0.00204773
2.4913e-08	0.00193221
2.49158e-08	0.00181681
2.49187e-08	0.00170156
2.49216e-08	0.0015865
2.49244e-08	0.00147165
2.49273e-08	0.00135704
2.49302e-08	0.0012427
2.4933e-08	0.00112865
2.49359e-08	0.00101492
2.49388e-08	0.000901542
2.49416e-08	0.00078854
2.49445e-08	0.00067594
2.49473e-08	0.00056377
2.49502e-08	0.000452055
2.49531e-08	0.000340821
2.49559e-08	0.000230093
2.49588e-08	0.000119898
2.49617e-08	1.02597e-05
2.49645e-08	-9.87965e-05
2.49674e-08	-0.000207246
2.49703e-08	-0.000315065
2.49731e-08	-0.000422229
2.4976e-08	-0.000528715
2.49789e-08	-0.000634499
2.49817e-08	-0.000739558
2.49846e-08	-0.00084387
2.49874e-08	-0.000947411
2.49903e-08	-0.00105016
2.49932e-08	-0.0011521
2.4996e-08	-0.00125319
2.49989e-08	-0.00135344
2.50018e-08	-0.0014528
2.50046e-08	-0.00155127
2.50075e-08	-0.00164882
2.50104e-08	-0.00174543
2.50132e-08	-0.00184108
2.50161e-08	-0.00193576
2.5019e-08	-0.00202944
2.50218e-08	-0.00212211
2.50247e-08	-0.00221375
2.50275e-08	-0.00230433
2.50304e-08	-0.00239385
2.50333e-08	-0.00248229
2.50361e-08	-0.00256962
2.5039e-08	-0.00265584
2.50419e-08	-0.00274092
2.50447e-08	-0.00282486
2.50476e-08	-0.00290763
2.50505e-08	-0.00298923
2.50533e-08	-0.00306963
2.50562e-08	-0.00314883
2.50591e-08	-0.0032268
2.50619e-08	-0.00330355
2.50648e-08	-0.00337904
2.50676e-08	-0.00345328
2.50705e-08	-0.00352625
2.50734e-08	-0.00359794
2.50762e-08	-0.00366833
2.50791e-08	-0.00373741
2.5082e-08	-0.00380519
2.50848e-08	-0.00387163
2.50877e-08	-0.00393675
2.50906e-08	-0.00400051
2.50934e-08	-0.00406293
2.50963e-08	-0.00412398
2.50992e-08	-0.00418367
2.5102e-08	-0.00424197
2.51049e-08	-0.00429889
2.51077e-08	-0.00435442
2.51106e-08	-0.00440855
2.51135e-08	-0.00446128
2.51163e-08	-0.00451259
2.51192e-08	-0.00456249
2.51221e-08	-0.00461097
2.51249e-08	-0.00465803
2.51278e-08	-0.00470365
2.51307e-08	-0.00474784
2.51335e-08	-0.00479059
2.51364e-08	-0.0048319
2.51392e-08	-0.00487177
2.51421e-08	-0.0049102
2.5145e-08	-0.00494717
2.51478e-08	-0.0049827
2.51507e-08	-0.00501678
2.51536e-08	-0.00504941
2.51564e-08	-0.00508059
2.51593e-08	-0.00511031
2.51622e-08	-0.00513859
2.5165e-08	-0.00516541
2.51679e-08	-0.00519079
2.51708e-08	-0.00521472
2.51736e-08	-0.0052372
2.51765e-08	-0.00525824
2.51793e-08	-0.00527783
2.51822e-08	-0.00529599
2.51851e-08	-0.00531272
2.51879e-08	-0.00532801
2.51908e-08	-0.00534187
2.51937e-08	-0.00535431
2.51965e-08	-0.00536534
2.51994e-08	-0.00537494
2.52023e-08	-0.00538314
2.52051e-08	-0.00538994
2.5208e-08	-0.00539534
2.52109e-08	-0.00539934
2.52137e-08	-0.00540197
2.52166e-08	-0.00540321
2.52194e-08	-0.00540309
2.52223e-08	-0.0054016
2.52252e-08	-0.00539875
2.5228e-08	-0.00539456
2.52309e-08	-0.00538903
2.52338e-08	-0.00538218
2.52366e-08	-0.00537399
2.52395e-08	-0.0053645
2.52424e-08	-0.00535371
2.52452e-08	-0.00534162
2.52481e-08	-0.00532825
2.5251e-08	-0.00531361
2.52538e-08	-0.00529771
2.52567e-08	-0.00528056
2.52595e-08	-0.00526217
2.52624e-08	-0.00524255
2.52653e-08	-0.00522172
2.52681e-08	-0.00519968
2.5271e-08	-0.00517645
2.52739e-08	-0.00515204
2.52767e-08	-0.00512646
2.52796e-08	-0.00509973
2.52825e-08	-0.00507186
2.52853e-08	-0.00504286
2.52882e-08	-0.00501275
2.52911e-08	-0.00498154
2.52939e-08	-0.00494924
2.52968e-08	-0.00491587
2.52996e-08	-0.00488144
2.53025e-08	-0.00484597
2.53054e-08	-0.00480947
2.53082e-08	-0.00477195
2.53111e-08	-0.00473344
2.5314e-08	-0.00469395
2.53168e-08	-0.00465349
2.53197e-08	-0.00461207
2.53226e-08	-0.00456972
2.53254e-08	-0.00452645
2.53283e-08	-0.00448227
2.53312e-08	-0.00443721
2.5334e-08	-0.00439127
2.53369e-08	-0.00434448
2.53397e-08	-0.00429685
2.53426e-08	-0.00424839
2.53455e-08	-0.00419914
2.53483e-08	-0.00414909
2.53512e-08	-0.00409827
2.53541e-08	-0.0040467
2.53569e-08	-0.00399439
2.53598e-08	-0.00394136
2.53627e-08	-0.00388763
2.53655e-08	-0.00383321
2.53684e-08	-0.00377813
2.53713e-08	-0.0037224
2.53741e-08	-0.00366603
2.5377e-08	-0.00360905
2.53798e-08	-0.00355148
2.53827e-08	-0.00349333
2.53856e-08	-0.00343462
2.53884e-08	-0.00337536
2.53913e-08	-0.00331558
2.53942e-08	-0.0032553
2.5397e-08	-0.00319453
2.53999e-08	-0.00313328
2.54028e-08	-0.00307159
2.54056e-08	-0.00300946
2.54085e-08	-0.00294692
2.54114e-08	-0.00288398
2.54142e-08	-0.00282066
2.54171e-08	-0.00275698
2.54199e-08	-0.00269296
2.54228e-08	-0.00262862
2.54257e-08	-0.00256396
2.54285e-08	-0.00249902
2.54314e-08	-0.00243381
2.54343e-08	-0.00236835
2.54371e-08	-0.00230265
2.544e-08	-0.00223674
2.54429e-08	-0.00217063
2.54457e-08	-0.00210434
2.54486e-08	-0.00203789
2.54514e-08	-0.00197129
2.54543e-08	-0.00190457
2.54572e-08	-0.00183773
2.546e-08	-0.00177081
2.54629e-08	-0.00170381
2.54658e-08	-0.00163676
2.54686e-08	-0.00156966
2.54715e-08	-0.00150255
2.54744e-08	-0.00143543
2.54772e-08	-0.00136832
2.54801e-08	-0.00130124
2.5483e-08	-0.0012342
2.54858e-08	-0.00116723
2.54887e-08	-0.00110034
2.54915e-08	-0.00103355
2.54944e-08	-0.000966867
2.54973e-08	-0.000900314
2.55001e-08	-0.000833907
2.5503e-08	-0.00076766
2.55059e-08	-0.00070159
2.55087e-08	-0.000635714
2.55116e-08	-0.000570046
2.55145e-08	-0.000504602
2.55173e-08	-0.000439397
2.55202e-08	-0.000374447
2.55231e-08	-0.000309767
2.55259e-08	-0.000245372
2.55288e-08	-0.000181276
2.55316e-08	-0.000117494
2.55345e-08	-5.40405e-05
2.55374e-08	9.06994e-06
2.55402e-08	7.18235e-05
2.55431e-08	0.000134206
2.5546e-08	0.000196204
2.55488e-08	0.000257804
2.55517e-08	0.000318992
2.55546e-08	0.000379755
2.55574e-08	0.00044008
2.55603e-08	0.000499954
2.55632e-08	0.000559365
2.5566e-08	0.000618299
2.55689e-08	0.000676746
2.55717e-08	0.000734691
2.55746e-08	0.000792125
2.55775e-08	0.000849034
2.55803e-08	0.000905408
2.55832e-08	0.000961234
2.55861e-08	0.0010165
2.55889e-08	0.0010712
2.55918e-08	0.00112532
2.55947e-08	0.00117885
2.55975e-08	0.00123178
2.56004e-08	0.0012841
2.56033e-08	0.0013358
2.56061e-08	0.00138687
2.5609e-08	0.0014373
2.56118e-08	0.00148708
2.56147e-08	0.0015362
2.56176e-08	0.00158465
2.56204e-08	0.00163244
2.56233e-08	0.00167953
2.56262e-08	0.00172594
2.5629e-08	0.00177165
2.56319e-08	0.00181665
2.56348e-08	0.00186093
2.56376e-08	0.00190449
2.56405e-08	0.00194733
2.56434e-08	0.00198943
2.56462e-08	0.00203078
2.56491e-08	0.00207139
2.56519e-08	0.00211125
2.56548e-08	0.00215034
2.56577e-08	0.00218867
2.56605e-08	0.00222623
2.56634e-08	0.00226301
2.56663e-08	0.00229901
2.56691e-08	0.00233422
2.5672e-08	0.00236864
2.56749e-08	0.00240227
2.56777e-08	0.00243509
2.56806e-08	0.00246712
2.56835e-08	0.00249834
2.56863e-08	0.00252875
2.56892e-08	0.00255834
2.5692e-08	0.00258712
2.56949e-08	0.00261508
2.56978e-08	0.00264222
2.57006e-08	0.00266854
2.57035e-08	0.00269403
2.57064e-08	0.0027187
2.57092e-08	0.00274253
2.57121e-08	0.00276554
2.5715e-08	0.00278771
2.57178e-08	0.00280906
2.57207e-08	0.00282957
2.57236e-08	0.00284924
2.57264e-08	0.00286809
2.57293e-08	0.0028861
2.57321e-08	0.00290327
2.5735e-08	0.00291962
2.57379e-08	0.00293513
2.57407e-08	0.00294981
2.57436e-08	0.00296366
2.57465e-08	0.00297668
2.57493e-08	0.00298887
2.57522e-08	0.00300023
2.57551e-08	0.00301078
2.57579e-08	0.0030205
2.57608e-08	0.00302939
2.57636e-08	0.00303747
2.57665e-08	0.00304474
2.57694e-08	0.00305119
2.57722e-08	0.00305684
2.57751e-08	0.00306168
2.5778e-08	0.00306571
2.57808e-08	0.00306895
2.57837e-08	0.00307139
2.57866e-08	0.00307304
2.57894e-08	0.0030739
2.57923e-08	0.00307398
2.57952e-08	0.00307328
2.5798e-08	0.0030718
2.58009e-08	0.00306956
2.58037e-08	0.00306655
2.58066e-08	0.00306278
2.58095e-08	0.00305826
2.58123e-08	0.00305299
2.58152e-08	0.00304698
2.58181e-08	0.00304023
2.58209e-08	0.00303275
2.58238e-08	0.00302455
2.58267e-08	0.00301563
2.58295e-08	0.00300599
2.58324e-08	0.00299565
2.58353e-08	0.00298461
2.58381e-08	0.00297288
2.5841e-08	0.00296047
2.58438e-08	0.00294737
2.58467e-08	0.00293361
2.58496e-08	0.00291918
2.58524e-08	0.00290409
2.58553e-08	0.00288836
2.58582e-08	0.00287199
2.5861e-08	0.00285498
2.58639e-08	0.00283735
2.58668e-08	0.0028191
2.58696e-08	0.00280025
2.58725e-08	0.00278079
2.58754e-08	0.00276074
2.58782e-08	0.00274011
2.58811e-08	0.00271891
2.58839e-08	0.00269714
2.58868e-08	0.00267481
2.58897e-08	0.00265193
2.58925e-08	0.00262851
2.58954e-08	0.00260457
2.58983e-08	0.0025801
2.59011e-08	0.00255512
2.5904e-08	0.00252964
2.59069e-08	0.00250367
2.59097e-08	0.00247721
2.59126e-08	0.00245028
2.59155e-08	0.00242289
2.59183e-08	0.00239504
2.59212e-08	0.00236674
2.5924e-08	0.00233801
2.59269e-08	0.00230886
2.59298e-08	0.00227929
2.59326e-08	0.00224931
2.59355e-08	0.00221894
2.59384e-08	0.00218818
2.59412e-08	0.00215705
2.59441e-08	0.00212555
2.5947e-08	0.0020937
2.59498e-08	0.0020615
2.59527e-08	0.00202897
2.59556e-08	0.00199611
2.59584e-08	0.00196294
2.59613e-08	0.00192946
2.59641e-08	0.00189569
2.5967e-08	0.00186164
2.59699e-08	0.00182732
2.59727e-08	0.00179273
2.59756e-08	0.00175789
2.59785e-08	0.0017228
2.59813e-08	0.00168749
2.59842e-08	0.00165195
2.59871e-08	0.00161621
2.59899e-08	0.00158026
2.59928e-08	0.00154412
2.59957e-08	0.0015078
2.59985e-08	0.00147131
2.60014e-08	0.00143467
2.60042e-08	0.00139787
2.60071e-08	0.00136094
2.601e-08	0.00132387
2.60128e-08	0.00128669
2.60157e-08	0.0012494
2.60186e-08	0.00121201
2.60214e-08	0.00117453
2.60243e-08	0.00113698
2.60272e-08	0.00109935
2.603e-08	0.00106167
2.60329e-08	0.00102394
2.60358e-08	0.000986174
2.60386e-08	0.000948378
2.60415e-08	0.000910564
2.60443e-08	0.00087274
2.60472e-08	0.000834918
2.60501e-08	0.000797106
2.60529e-08	0.000759314
2.60558e-08	0.000721551
2.60587e-08	0.000683828
2.60615e-08	0.000646153
2.60644e-08	0.000608536
2.60673e-08	0.000570986
2.60701e-08	0.000533512
2.6073e-08	0.000496124
2.60758e-08	0.000458829
2.60787e-08	0.000421638
2.60816e-08	0.00038456
2.60844e-08	0.000347602
2.60873e-08	0.000310773
2.60902e-08	0.000274083
2.6093e-08	0.00023754
2.60959e-08	0.000201152
2.60988e-08	0.000164928
2.61016e-08	0.000128876
2.61045e-08	9.30034e-05
2.61074e-08	5.73193e-05
2.61102e-08	2.18313e-05
2.61131e-08	-1.34526e-05
2.61159e-08	-4.85247e-05
2.61188e-08	-8.33773e-05
2.61217e-08	-0.000118003
2.61245e-08	-0.000152394
2.61274e-08	-0.000186542
2.61303e-08	-0.000220442
2.61331e-08	-0.000254085
2.6136e-08	-0.000287465
2.61389e-08	-0.000320574
2.61417e-08	-0.000353405
2.61446e-08	-0.000385953
2.61475e-08	-0.00041821
2.61503e-08	-0.00045017
2.61532e-08	-0.000481826
2.6156e-08	-0.000513173
2.61589e-08	-0.000544203
2.61618e-08	-0.000574912
2.61646e-08	-0.000605292
2.61675e-08	-0.000635338
2.61704e-08	-0.000665046
2.61732e-08	-0.000694408
2.61761e-08	-0.000723419
2.6179e-08	-0.000752075
2.61818e-08	-0.00078037
2.61847e-08	-0.000808298
2.61876e-08	-0.000835856
2.61904e-08	-0.000863037
2.61933e-08	-0.000889838
2.61961e-08	-0.000916254
2.6199e-08	-0.000942281
2.62019e-08	-0.000967913
2.62047e-08	-0.000993147
2.62076e-08	-0.00101798
2.62105e-08	-0.00104241
2.62133e-08	-0.00106642
2.62162e-08	-0.00109002
2.62191e-08	-0.00111321
2.62219e-08	-0.00113597
2.62248e-08	-0.00115831
2.62277e-08	-0.00118023
2.62305e-08	-0.00120171
2.62334e-08	-0.00122276
2.62362e-08	-0.00124337
2.62391e-08	-0.00126355
2.6242e-08	-0.00128328
2.62448e-08	-0.00130257
2.62477e-08	-0.00132142
2.62506e-08	-0.00133981
2.62534e-08	-0.00135776
2.62563e-08	-0.00137526
2.62592e-08	-0.0013923
2.6262e-08	-0.00140888
2.62649e-08	-0.00142501
2.62678e-08	-0.00144068
2.62706e-08	-0.00145589
2.62735e-08	-0.00147065
2.62763e-08	-0.00148494
2.62792e-08	-0.00149876
2.62821e-08	-0.00151213
2.62849e-08	-0.00152503
2.62878e-08	-0.00153746
2.62907e-08	-0.00154943
2.62935e-08	-0.00156094
2.62964e-08	-0.00157198
2.62993e-08	-0.00158255
2.63021e-08	-0.00159266
2.6305e-08	-0.0016023
2.63079e-08	-0.00161148
2.63107e-08	-0.0016202
2.63136e-08	-0.00162845
2.63164e-08	-0.00163624
2.63193e-08	-0.00164357
2.63222e-08	-0.00165043
2.6325e-08	-0.00165684
2.63279e-08	-0.00166278
2.63308e-08	-0.00166827
2.63336e-08	-0.0016733
2.63365e-08	-0.00167788
2.63394e-08	-0.001682
2.63422e-08	-0.00168567
2.63451e-08	-0.00168889
2.6348e-08	-0.00169166
2.63508e-08	-0.00169399
2.63537e-08	-0.00169587
2.63565e-08	-0.00169731
2.63594e-08	-0.00169831
2.63623e-08	-0.00169887
2.63651e-08	-0.001699
2.6368e-08	-0.00169869
2.63709e-08	-0.00169796
2.63737e-08	-0.0016968
2.63766e-08	-0.00169521
2.63795e-08	-0.00169321
2.63823e-08	-0.00169078
2.63852e-08	-0.00168794
2.6388e-08	-0.00168469
2.63909e-08	-0.00168103
2.63938e-08	-0.00167697
2.63966e-08	-0.0016725
2.63995e-08	-0.00166764
2.64024e-08	-0.00166238
2.64052e-08	-0.00165674
2.64081e-08	-0.0016507
2.6411e-08	-0.00164429
2.64138e-08	-0.00163749
2.64167e-08	-0.00163032
2.64196e-08	-0.00162278
2.64224e-08	-0.00161487
2.64253e-08	-0.0016066
2.64281e-08	-0.00159797
2.6431e-08	-0.00158899
2.64339e-08	-0.00157966
2.64367e-08	-0.00156998
2.64396e-08	-0.00155997
2.64425e-08	-0.00154962
2.64453e-08	-0.00153893
2.64482e-08	-0.00152792
2.64511e-08	-0.00151659
2.64539e-08	-0.00150495
2.64568e-08	-0.00149299
2.64597e-08	-0.00148072
2.64625e-08	-0.00146816
2.64654e-08	-0.0014553
2.64682e-08	-0.00144214
2.64711e-08	-0.0014287
2.6474e-08	-0.00141498
2.64768e-08	-0.00140098
2.64797e-08	-0.00138671
2.64826e-08	-0.00137217
2.64854e-08	-0.00135738
2.64883e-08	-0.00134233
2.64912e-08	-0.00132703
2.6494e-08	-0.00131149
2.64969e-08	-0.00129571
2.64998e-08	-0.00127969
2.65026e-08	-0.00126345
2.65055e-08	-0.00124698
2.65083e-08	-0.0012303
2.65112e-08	-0.00121341
2.65141e-08	-0.00119631
2.65169e-08	-0.00117902
2.65198e-08	-0.00116153
2.65227e-08	-0.00114385
2.65255e-08	-0.00112599
2.65284e-08	-0.00110795
2.65313e-08	-0.00108974
2.65341e-08	-0.00107136
2.6537e-08	-0.00105282
2.65399e-08	-0.00103413
2.65427e-08	-0.0010153
2.65456e-08	-0.000996314
2.65484e-08	-0.000977196
2.65513e-08	-0.000957946
2.65542e-08	-0.00093857
2.6557e-08	-0.000919075
2.65599e-08	-0.000899466
2.65628e-08	-0.000879748
2.65656e-08	-0.000859927
2.65685e-08	-0.000840009
2.65714e-08	-0.00082
2.65742e-08	-0.000799905
2.65771e-08	-0.00077973
2.658e-08	-0.00075948
2.65828e-08	-0.000739162
2.65857e-08	-0.00071878
2.65885e-08	-0.000698341
2.65914e-08	-0.00067785
2.65943e-08	-0.000657313
2.65971e-08	-0.000636735
2.66e-08	-0.000616121
2.66029e-08	-0.000595477
2.66057e-08	-0.000574809
2.66086e-08	-0.000554122
2.66115e-08	-0.000533421
2.66143e-08	-0.000512712
2.66172e-08	-0.000492001
2.66201e-08	-0.000471291
2.66229e-08	-0.00045059
2.66258e-08	-0.000429901
2.66286e-08	-0.00040923
2.66315e-08	-0.000388583
2.66344e-08	-0.000367964
2.66372e-08	-0.000347379
2.66401e-08	-0.000326833
2.6643e-08	-0.00030633
2.66458e-08	-0.000285875
2.66487e-08	-0.000265475
2.66516e-08	-0.000245132
2.66544e-08	-0.000224853
2.66573e-08	-0.000204642
2.66601e-08	-0.000184504
2.6663e-08	-0.000164444
2.66659e-08	-0.000144465
2.66687e-08	-0.000124574
2.66716e-08	-0.000104773
2.66745e-08	-8.50688e-05
2.66773e-08	-6.54645e-05
2.66802e-08	-4.5965e-05
2.66831e-08	-2.65745e-05
2.66859e-08	-7.29726e-06
2.66888e-08	1.18624e-05
2.66917e-08	3.09004e-05
2.66945e-08	4.98126e-05
2.66974e-08	6.85948e-05
2.67002e-08	8.72432e-05
2.67031e-08	0.000105754
2.6706e-08	0.000124123
2.67088e-08	0.000142346
2.67117e-08	0.00016042
2.67146e-08	0.000178341
2.67174e-08	0.000196105
2.67203e-08	0.000213709
2.67232e-08	0.00023115
2.6726e-08	0.000248423
2.67289e-08	0.000265526
2.67318e-08	0.000282455
2.67346e-08	0.000299207
2.67375e-08	0.000315778
2.67403e-08	0.000332166
2.67432e-08	0.000348368
2.67461e-08	0.00036438
2.67489e-08	0.000380199
2.67518e-08	0.000395824
2.67547e-08	0.00041125
2.67575e-08	0.000426476
2.67604e-08	0.000441498
2.67633e-08	0.000456314
2.67661e-08	0.000470922
2.6769e-08	0.000485319
2.67719e-08	0.000499502
2.67747e-08	0.00051347
2.67776e-08	0.00052722
2.67804e-08	0.00054075
2.67833e-08	0.000554058
2.67862e-08	0.000567142
2.6789e-08	0.00058
2.67919e-08	0.00059263
2.67948e-08	0.00060503
2.67976e-08	0.000617198
2.68005e-08	0.000629133
2.68034e-08	0.000640834
2.68062e-08	0.000652298
2.68091e-08	0.000663525
2.6812e-08	0.000674512
2.68148e-08	0.000685259
2.68177e-08	0.000695764
2.68205e-08	0.000706026
2.68234e-08	0.000716044
2.68263e-08	0.000725817
2.68291e-08	0.000735344
2.6832e-08	0.000744624
2.68349e-08	0.000753656
2.68377e-08	0.00076244
2.68406e-08	0.000770974
2.68435e-08	0.000779259
2.68463e-08	0.000787293
2.68492e-08	0.000795076
2.68521e-08	0.000802608
2.68549e-08	0.000809888
2.68578e-08	0.000816916
2.68606e-08	0.000823692
2.68635e-08	0.000830216
2.68664e-08	0.000836487
2.68692e-08	0.000842506
2.68721e-08	0.000848273
2.6875e-08	0.000853787
2.68778e-08	0.000859048
2.68807e-08	0.000864058
2.68836e-08	0.000868817
2.68864e-08	0.000873324
2.68893e-08	0.00087758
2.68922e-08	0.000881586
2.6895e-08	0.000885342
2.68979e-08	0.000888849
2.69007e-08	0.000892107
2.69036e-08	0.000895118
2.69065e-08	0.000897881
2.69093e-08	0.000900398
2.69122e-08	0.00090267
2.69151e-08	0.000904698
2.69179e-08	0.000906483
2.69208e-08	0.000908025
2.69237e-08	0.000909326
2.69265e-08	0.000910387
2.69294e-08	0.00091121
2.69323e-08	0.000911795
2.69351e-08	0.000912144
2.6938e-08	0.000912259
2.69408e-08	0.00091214
2.69437e-08	0.000911789
2.69466e-08	0.000911209
2.69494e-08	0.0009104
2.69523e-08	0.000909364
2.69552e-08	0.000908103
2.6958e-08	0.000906618
2.69609e-08	0.000904912
2.69638e-08	0.000902986
2.69666e-08	0.000900842
2.69695e-08	0.000898482
2.69723e-08	0.000895908
2.69752e-08	0.000893122
2.69781e-08	0.000890126
2.69809e-08	0.000886922
2.69838e-08	0.000883512
2.69867e-08	0.000879898
2.69895e-08	0.000876084
2.69924e-08	0.00087207
2.69953e-08	0.000867859
2.69981e-08	0.000863454
2.7001e-08	0.000858857
2.70039e-08	0.00085407
2.70067e-08	0.000849096
2.70096e-08	0.000843937
2.70124e-08	0.000838595
2.70153e-08	0.000833074
2.70182e-08	0.000827375
2.7021e-08	0.000821502
2.70239e-08	0.000815457
2.70268e-08	0.000809242
2.70296e-08	0.00080286
2.70325e-08	0.000796314
2.70354e-08	0.000789607
2.70382e-08	0.000782742
2.70411e-08	0.00077572
2.7044e-08	0.000768545
2.70468e-08	0.000761221
2.70497e-08	0.000753748
2.70525e-08	0.000746132
2.70554e-08	0.000738373
2.70583e-08	0.000730476
2.70611e-08	0.000722443
2.7064e-08	0.000714276
2.70669e-08	0.00070598
2.70697e-08	0.000697557
2.70726e-08	0.000689009
2.70755e-08	0.000680341
2.70783e-08	0.000671554
2.70812e-08	0.000662652
2.70841e-08	0.000653638
2.70869e-08	0.000644515
2.70898e-08	0.000635286
2.70926e-08	0.000625954
2.70955e-08	0.000616522
2.70984e-08	0.000606993
2.71012e-08	0.00059737
2.71041e-08	0.000587657
2.7107e-08	0.000577856
2.71098e-08	0.00056797
2.71127e-08	0.000558002
2.71156e-08	0.000547956
2.71184e-08	0.000537835
2.71213e-08	0.000527641
2.71242e-08	0.000517378
2.7127e-08	0.000507049
2.71299e-08	0.000496657
2.71327e-08	0.000486204
2.71356e-08	0.000475695
2.71385e-08	0.000465132
2.71413e-08	0.000454518
2.71442e-08	0.000443856
2.71471e-08	0.000433149
2.71499e-08	0.000422401
2.71528e-08	0.000411614
2.71557e-08	0.000400791
2.71585e-08	0.000389935
2.71614e-08	0.00037905
2.71643e-08	0.000368138
2.71671e-08	0.000357203
2.717e-08	0.000346246
2.71728e-08	0.000335272
2.71757e-08	0.000324283
2.71786e-08	0.000313281
2.71814e-08	0.000302271
2.71843e-08	0.000291255
2.71872e-08	0.000280235
2.719e-08	0.000269214
2.71929e-08	0.000258196
2.71958e-08	0.000247183
2.71986e-08	0.000236178
2.72015e-08	0.000225184
2.72044e-08	0.000214203
2.72072e-08	0.000203238
2.72101e-08	0.000192292
2.72129e-08	0.000181368
2.72158e-08	0.000170468
2.72187e-08	0.000159595
2.72215e-08	0.000148751
2.72244e-08	0.00013794
2.72273e-08	0.000127163
2.72301e-08	0.000116423
2.7233e-08	0.000105723
2.72359e-08	9.50652e-05
2.72387e-08	8.4452e-05
2.72416e-08	7.3886e-05
2.72445e-08	6.33695e-05
2.72473e-08	5.29048e-05
2.72502e-08	4.24945e-05
2.7253e-08	3.21406e-05
2.72559e-08	2.18456e-05
2.72588e-08	1.16118e-05
2.72616e-08	1.44124e-06
2.72645e-08	-8.66374e-06
2.72674e-08	-1.8701e-05
2.72702e-08	-2.86684e-05
2.72731e-08	-3.85639e-05
2.7276e-08	-4.83853e-05
2.72788e-08	-5.81306e-05
2.72817e-08	-6.77979e-05
2.72845e-08	-7.73851e-05
2.72874e-08	-8.68903e-05
2.72903e-08	-9.63116e-05
2.72931e-08	-0.000105647
2.7296e-08	-0.000114895
2.72989e-08	-0.000124053
2.73017e-08	-0.000133121
2.73046e-08	-0.000142095
2.73075e-08	-0.000150975
2.73103e-08	-0.000159758
2.73132e-08	-0.000168443
2.73161e-08	-0.000177029
2.73189e-08	-0.000185514
2.73218e-08	-0.000193896
2.73246e-08	-0.000202174
2.73275e-08	-0.000210347
2.73304e-08	-0.000218412
2.73332e-08	-0.000226369
2.73361e-08	-0.000234217
2.7339e-08	-0.000241954
2.73418e-08	-0.000249578
2.73447e-08	-0.000257089
2.73476e-08	-0.000264485
2.73504e-08	-0.000271765
2.73533e-08	-0.000278929
2.73562e-08	-0.000285974
2.7359e-08	-0.0002929
2.73619e-08	-0.000299707
2.73647e-08	-0.000306392
2.73676e-08	-0.000312955
2.73705e-08	-0.000319396
2.73733e-08	-0.000325713
2.73762e-08	-0.000331905
2.73791e-08	-0.000337972
2.73819e-08	-0.000343913
2.73848e-08	-0.000349727
2.73877e-08	-0.000355414
2.73905e-08	-0.000360973
2.73934e-08	-0.000366403
2.73963e-08	-0.000371704
2.73991e-08	-0.000376876
2.7402e-08	-0.000381917
2.74048e-08	-0.000386827
2.74077e-08	-0.000391607
2.74106e-08	-0.000396255
2.74134e-08	-0.000400771
2.74163e-08	-0.000405156
2.74192e-08	-0.000409408
2.7422e-08	-0.000413527
2.74249e-08	-0.000417514
2.74278e-08	-0.000421368
2.74306e-08	-0.000425089
2.74335e-08	-0.000428677
2.74364e-08	-0.000432132
2.74392e-08	-0.000435453
2.74421e-08	-0.000438642
2.74449e-08	-0.000441697
2.74478e-08	-0.00044462
2.74507e-08	-0.000447409
2.74535e-08	-0.000450066
2.74564e-08	-0.00045259
2.74593e-08	-0.000454982
2.74621e-08	-0.000457242
2.7465e-08	-0.000459371
2.74679e-08	-0.000461367
2.74707e-08	-0.000463233
2.74736e-08	-0.000464968
2.74765e-08	-0.000466573
2.74793e-08	-0.000468047
2.74822e-08	-0.000469393
2.7485e-08	-0.000470609
2.74879e-08	-0.000471698
2.74908e-08	-0.000472658
2.74936e-08	-0.000473491
2.74965e-08	-0.000474198
2.74994e-08	-0.000474779
2.75022e-08	-0.000475234
2.75051e-08	-0.000475565
2.7508e-08	-0.000475773
2.75108e-08	-0.000475857
2.75137e-08	-0.000475819
2.75166e-08	-0.000475659
2.75194e-08	-0.000475379
2.75223e-08	-0.000474979
2.75251e-08	-0.000474461
2.7528e-08	-0.000473824
2.75309e-08	-0.000473071
2.75337e-08	-0.000472201
2.75366e-08	-0.000471217
2.75395e-08	-0.000470118
2.75423e-08	-0.000468907
2.75452e-08	-0.000467584
2.75481e-08	-0.000466149
2.75509e-08	-0.000464606
2.75538e-08	-0.000462953
2.75567e-08	-0.000461193
2.75595e-08	-0.000459327
2.75624e-08	-0.000457355
2.75652e-08	-0.00045528
2.75681e-08	-0.000453102
2.7571e-08	-0.000450822
2.75738e-08	-0.000448443
2.75767e-08	-0.000445964
2.75796e-08	-0.000443388
2.75824e-08	-0.000440715
2.75853e-08	-0.000437948
2.75882e-08	-0.000435086
2.7591e-08	-0.000432133
2.75939e-08	-0.000429088
2.75967e-08	-0.000425954
2.75996e-08	-0.000422732
2.76025e-08	-0.000419423
2.76053e-08	-0.000416029
2.76082e-08	-0.000412551
2.76111e-08	-0.000408991
2.76139e-08	-0.000405349
2.76168e-08	-0.000401628
2.76197e-08	-0.000397829
2.76225e-08	-0.000393954
2.76254e-08	-0.000390003
2.76283e-08	-0.000385979
2.76311e-08	-0.000381884
2.7634e-08	-0.000377717
2.76368e-08	-0.000373482
2.76397e-08	-0.00036918
2.76426e-08	-0.000364811
2.76454e-08	-0.000360379
2.76483e-08	-0.000355884
2.76512e-08	-0.000351327
2.7654e-08	-0.000346711
2.76569e-08	-0.000342038
2.76598e-08	-0.000337308
2.76626e-08	-0.000332523
2.76655e-08	-0.000327685
2.76684e-08	-0.000322796
2.76712e-08	-0.000317856
2.76741e-08	-0.000312868
2.76769e-08	-0.000307834
2.76798e-08	-0.000302754
2.76827e-08	-0.000297631
2.76855e-08	-0.000292466
2.76884e-08	-0.000287261
2.76913e-08	-0.000282017
2.76941e-08	-0.000276736
2.7697e-08	-0.000271419
2.76999e-08	-0.000266068
2.77027e-08	-0.000260686
2.77056e-08	-0.000255272
2.77085e-08	-0.00024983
2.77113e-08	-0.00024436
2.77142e-08	-0.000238864
2.7717e-08	-0.000233344
2.77199e-08	-0.000227801
2.77228e-08	-0.000222237
2.77256e-08	-0.000216653
2.77285e-08	-0.000211052
2.77314e-08	-0.000205434
2.77342e-08	-0.000199801
2.77371e-08	-0.000194154
2.774e-08	-0.000188496
2.77428e-08	-0.000182828
2.77457e-08	-0.000177151
2.77486e-08	-0.000171467
2.77514e-08	-0.000165777
2.77543e-08	-0.000160083
2.77571e-08	-0.000154386
2.776e-08	-0.000148688
2.77629e-08	-0.00014299
2.77657e-08	-0.000137294
2.77686e-08	-0.000131602
2.77715e-08	-0.000125913
2.77743e-08	-0.000120231
2.77772e-08	-0.000114557
2.77801e-08	-0.000108891
2.77829e-08	-0.000103235
2.77858e-08	-9.75917e-05
2.77887e-08	-9.1961e-05
2.77915e-08	-8.63447e-05
2.77944e-08	-8.07441e-05
2.77972e-08	-7.51607e-05
2.78001e-08	-6.95957e-05
2.7803e-08	-6.40504e-05
2.78058e-08	-5.85261e-05
2.78087e-08	-5.30242e-05
2.78116e-08	-4.75458e-05
2.78144e-08	-4.20922e-05
2.78173e-08	-3.66648e-05
2.78202e-08	-3.12646e-05
2.7823e-08	-2.58929e-05
2.78259e-08	-2.05508e-05
2.78288e-08	-1.52397e-05
2.78316e-08	-9.96053e-06
2.78345e-08	-4.71455e-06
2.78373e-08	4.97137e-07
2.78402e-08	5.67342e-06
2.78431e-08	1.08132e-05
2.78459e-08	1.59154e-05
2.78488e-08	2.0979e-05
2.78517e-08	2.60029e-05
2.78545e-08	3.09861e-05
2.78574e-08	3.59276e-05
2.78603e-08	4.08264e-05
2.78631e-08	4.56815e-05
2.7866e-08	5.0492e-05
2.78689e-08	5.5257e-05
2.78717e-08	5.99754e-05
2.78746e-08	6.46464e-05
2.78774e-08	6.92692e-05
2.78803e-08	7.38428e-05
2.78832e-08	7.83665e-05
2.7886e-08	8.28394e-05
2.78889e-08	8.72606e-05
2.78918e-08	9.16294e-05
2.78946e-08	9.59451e-05
2.78975e-08	0.000100207
2.79004e-08	0.000104414
2.79032e-08	0.000108566
2.79061e-08	0.000112661
2.79089e-08	0.0001167
2.79118e-08	0.000120682
2.79147e-08	0.000124605
2.79175e-08	0.00012847
2.79204e-08	0.000132275
2.79233e-08	0.000136021
2.79261e-08	0.000139706
2.7929e-08	0.000143331
2.79319e-08	0.000146894
2.79347e-08	0.000150395
2.79376e-08	0.000153833
2.79405e-08	0.000157209
2.79433e-08	0.000160522
2.79462e-08	0.00016377
2.7949e-08	0.000166955
2.79519e-08	0.000170075
2.79548e-08	0.00017313
2.79576e-08	0.000176119
2.79605e-08	0.000179044
2.79634e-08	0.000181902
2.79662e-08	0.000184694
2.79691e-08	0.00018742
2.7972e-08	0.000190079
2.79748e-08	0.000192671
2.79777e-08	0.000195196
2.79806e-08	0.000197653
2.79834e-08	0.000200043
2.79863e-08	0.000202366
2.79891e-08	0.00020462
2.7992e-08	0.000206807
2.79949e-08	0.000208926
2.79977e-08	0.000210976
2.80006e-08	0.000212959
2.80035e-08	0.000214873
2.80063e-08	0.000216719
2.80092e-08	0.000218497
2.80121e-08	0.000220206
2.80149e-08	0.000221848
2.80178e-08	0.000223421
2.80207e-08	0.000224926
2.80235e-08	0.000226363
2.80264e-08	0.000227732
2.80292e-08	0.000229033
2.80321e-08	0.000230267
2.8035e-08	0.000231433
2.80378e-08	0.000232532
2.80407e-08	0.000233563
2.80436e-08	0.000234527
2.80464e-08	0.000235425
2.80493e-08	0.000236256
2.80522e-08	0.000237021
2.8055e-08	0.000237719
2.80579e-08	0.000238352
2.80608e-08	0.00023892
2.80636e-08	0.000239422
2.80665e-08	0.000239859
2.80693e-08	0.000240232
2.80722e-08	0.00024054
2.80751e-08	0.000240785
2.80779e-08	0.000240966
2.80808e-08	0.000241084
2.80837e-08	0.000241139
2.80865e-08	0.000241132
2.80894e-08	0.000241063
2.80923e-08	0.000240933
2.80951e-08	0.000240742
2.8098e-08	0.00024049
2.81009e-08	0.000240179
2.81037e-08	0.000239808
2.81066e-08	0.000239378
2.81094e-08	0.000238889
2.81123e-08	0.000238342
2.81152e-08	0.000237739
2.8118e-08	0.000237078
2.81209e-08	0.000236361
2.81238e-08	0.000235588
2.81266e-08	0.00023476
2.81295e-08	0.000233878
2.81324e-08	0.000232941
2.81352e-08	0.000231951
2.81381e-08	0.000230909
2.8141e-08	0.000229814
2.81438e-08	0.000228668
2.81467e-08	0.000227472
2.81495e-08	0.000226225
2.81524e-08	0.000224929
2.81553e-08	0.000223583
2.81581e-08	0.00022219
2.8161e-08	0.00022075
2.81639e-08	0.000219262
2.81667e-08	0.000217729
2.81696e-08	0.000216151
2.81725e-08	0.000214528
2.81753e-08	0.000212861
2.81782e-08	0.000211151
2.81811e-08	0.000209398
2.81839e-08	0.000207604
2.81868e-08	0.000205769
2.81896e-08	0.000203894
2.81925e-08	0.00020198
2.81954e-08	0.000200027
2.81982e-08	0.000198036
2.82011e-08	0.000196009
2.8204e-08	0.000193945
2.82068e-08	0.000191845
2.82097e-08	0.000189711
2.82126e-08	0.000187543
2.82154e-08	0.000185342
2.82183e-08	0.000183108
2.82211e-08	0.000180843
2.8224e-08	0.000178548
2.82269e-08	0.000176222
2.82297e-08	0.000173868
2.82326e-08	0.000171485
2.82355e-08	0.000169075
2.82383e-08	0.000166638
2.82412e-08	0.000164175
2.82441e-08	0.000161687
2.82469e-08	0.000159175
2.82498e-08	0.00015664
2.82527e-08	0.000154082
2.82555e-08	0.000151502
2.82584e-08	0.000148901
2.82612e-08	0.000146281
2.82641e-08	0.000143641
2.8267e-08	0.000140982
2.82698e-08	0.000138306
2.82727e-08	0.000135613
2.82756e-08	0.000132904
2.82784e-08	0.00013018
2.82813e-08	0.000127441
2.82842e-08	0.000124689
2.8287e-08	0.000121924
2.82899e-08	0.000119147
2.82928e-08	0.000116358
2.82956e-08	0.00011356
2.82985e-08	0.000110751
2.83013e-08	0.000107934
2.83042e-08	0.000105109
2.83071e-08	0.000102277
2.83099e-08	9.94379e-05
2.83128e-08	9.65934e-05
2.83157e-08	9.3744e-05
2.83185e-08	9.08905e-05
2.83214e-08	8.80336e-05
2.83243e-08	8.51741e-05
2.83271e-08	8.23128e-05
2.833e-08	7.94504e-05
2.83329e-08	7.65876e-05
2.83357e-08	7.37252e-05
2.83386e-08	7.0864e-05
2.83414e-08	6.80046e-05
2.83443e-08	6.51478e-05
2.83472e-08	6.22943e-05
2.835e-08	5.94449e-05
2.83529e-08	5.66002e-05
2.83558e-08	5.37609e-05
2.83586e-08	5.09277e-05
2.83615e-08	4.81014e-05
2.83644e-08	4.52825e-05
2.83672e-08	4.24718e-05
2.83701e-08	3.967e-05
2.8373e-08	3.68777e-05
2.83758e-08	3.40956e-05
2.83787e-08	3.13242e-05
2.83815e-08	2.85643e-05
2.83844e-08	2.58165e-05
2.83873e-08	2.30814e-05
2.83901e-08	2.03597e-05
2.8393e-08	1.76518e-05
2.83959e-08	1.49585e-05
2.83987e-08	1.22804e-05
2.84016e-08	9.61792e-06
2.84045e-08	6.97177e-06
2.84073e-08	4.34249e-06
2.84102e-08	1.73063e-06
2.84131e-08	-8.63245e-07
2.84159e-08	-3.4386e-06
2.84188e-08	-5.99489e-06
2.84216e-08	-8.5316e-06
2.84245e-08	-1.10482e-05
2.84274e-08	-1.35442e-05
2.84302e-08	-1.60191e-05
2.84331e-08	-1.84724e-05
2.8436e-08	-2.09036e-05
2.84388e-08	-2.33122e-05
2.84417e-08	-2.56978e-05
2.84446e-08	-2.80599e-05
2.84474e-08	-3.03981e-05
2.84503e-08	-3.2712e-05
2.84532e-08	-3.50011e-05
2.8456e-08	-3.72649e-05
2.84589e-08	-3.95032e-05
2.84617e-08	-4.17155e-05
2.84646e-08	-4.39013e-05
2.84675e-08	-4.60604e-05
2.84703e-08	-4.81923e-05
2.84732e-08	-5.02968e-05
2.84761e-08	-5.23734e-05
2.84789e-08	-5.44218e-05
2.84818e-08	-5.64416e-05
2.84847e-08	-5.84326e-05
2.84875e-08	-6.03945e-05
2.84904e-08	-6.23269e-05
2.84933e-08	-6.42296e-05
2.84961e-08	-6.61022e-05
2.8499e-08	-6.79446e-05
2.85018e-08	-6.97563e-05
2.85047e-08	-7.15373e-05
2.85076e-08	-7.32872e-05
2.85104e-08	-7.50058e-05
2.85133e-08	-7.66929e-05
2.85162e-08	-7.83482e-05
2.8519e-08	-7.99717e-05
2.85219e-08	-8.1563e-05
2.85248e-08	-8.3122e-05
2.85276e-08	-8.46485e-05
2.85305e-08	-8.61424e-05
2.85333e-08	-8.76034e-05
2.85362e-08	-8.90316e-05
2.85391e-08	-9.04266e-05
2.85419e-08	-9.17885e-05
2.85448e-08	-9.3117e-05
2.85477e-08	-9.4412e-05
2.85505e-08	-9.56736e-05
2.85534e-08	-9.69015e-05
2.85563e-08	-9.80958e-05
2.85591e-08	-9.92562e-05
2.8562e-08	-0.000100383
2.85649e-08	-0.000101476
2.85677e-08	-0.000102534
2.85706e-08	-0.000103559
2.85734e-08	-0.00010455
2.85763e-08	-0.000105507
2.85792e-08	-0.00010643
2.8582e-08	-0.000107319
2.85849e-08	-0.000108174
2.85878e-08	-0.000108995
2.85906e-08	-0.000109782
2.85935e-08	-0.000110535
2.85964e-08	-0.000111255
2.85992e-08	-0.00011194
2.86021e-08	-0.000112592
2.8605e-08	-0.00011321
2.86078e-08	-0.000113795
2.86107e-08	-0.000114346
2.86135e-08	-0.000114863
2.86164e-08	-0.000115348
2.86193e-08	-0.000115799
2.86221e-08	-0.000116217
2.8625e-08	-0.000116602
2.86279e-08	-0.000116955
2.86307e-08	-0.000117275
2.86336e-08	-0.000117562
2.86365e-08	-0.000117817
2.86393e-08	-0.00011804
2.86422e-08	-0.000118231
2.86451e-08	-0.00011839
