1.43211e-12	0
4.29633e-12	-0.000118312
7.16055e-12	-0.000118137
1.00248e-11	-0.00011793
1.2889e-11	-0.000117691
1.57532e-11	-0.00011742
1.86174e-11	-0.000117116
2.14816e-11	-0.000116779
2.43459e-11	-0.00011641
2.72101e-11	-0.000116008
3.00743e-11	-0.000115573
3.29385e-11	-0.000115105
3.58027e-11	-0.000114604
3.8667e-11	-0.000114069
4.15312e-11	-0.000113501
4.43954e-11	-0.000112899
4.72596e-11	-0.000112264
5.01238e-11	-0.000111595
5.29881e-11	-0.000110892
5.58523e-11	-0.000110156
5.87165e-11	-0.000109385
6.15807e-11	-0.000108581
6.44449e-11	-0.000107742
6.73091e-11	-0.00010687
7.01734e-11	-0.000105964
7.30376e-11	-0.000105024
7.59018e-11	-0.000104049
7.8766e-11	-0.000103041
8.16302e-11	-0.000101999
8.44945e-11	-0.000100923
8.73587e-11	-9.98127e-05
9.02229e-11	-9.86688e-05
9.30871e-11	-9.74911e-05
9.59513e-11	-9.62797e-05
9.88156e-11	-9.50346e-05
1.0168e-10	-9.3756e-05
1.04544e-10	-9.24438e-05
1.07408e-10	-9.10983e-05
1.10272e-10	-8.97195e-05
1.13137e-10	-8.83076e-05
1.16001e-10	-8.68627e-05
1.18865e-10	-8.53849e-05
1.21729e-10	-8.38743e-05
1.24594e-10	-8.23312e-05
1.27458e-10	-8.07557e-05
1.30322e-10	-7.9148e-05
1.33186e-10	-7.75083e-05
1.3605e-10	-7.58367e-05
1.38915e-10	-7.41335e-05
1.41779e-10	-7.23989e-05
1.44643e-10	-7.06332e-05
1.47507e-10	-6.88365e-05
1.50371e-10	-6.70091e-05
1.53236e-10	-6.51513e-05
1.561e-10	-6.32633e-05
1.58964e-10	-6.13455e-05
1.61828e-10	-5.9398e-05
1.64693e-10	-5.74212e-05
1.67557e-10	-5.54154e-05
1.70421e-10	-5.3381e-05
1.73285e-10	-5.13182e-05
1.76149e-10	-4.92274e-05
1.79014e-10	-4.71089e-05
1.81878e-10	-4.4963e-05
1.84742e-10	-4.27903e-05
1.87606e-10	-4.05909e-05
1.90471e-10	-3.83653e-05
1.93335e-10	-3.6114e-05
1.96199e-10	-3.38372e-05
1.99063e-10	-3.15354e-05
2.01927e-10	-2.92091e-05
2.04792e-10	-2.68586e-05
2.07656e-10	-2.44845e-05
2.1052e-10	-2.20871e-05
2.13384e-10	-1.96669e-05
2.16249e-10	-1.72244e-05
2.19113e-10	-1.476e-05
2.21977e-10	-1.22743e-05
2.24841e-10	-9.76775e-06
2.27705e-10	-7.24083e-06
2.3057e-10	-4.69407e-06
2.33434e-10	-2.12799e-06
2.36298e-10	4.56871e-07
2.39162e-10	3.05998e-06
2.42027e-10	5.68079e-06
2.44891e-10	8.31874e-06
2.47755e-10	1.09733e-05
2.50619e-10	1.36438e-05
2.53483e-10	1.63298e-05
2.56348e-10	1.90305e-05
2.59212e-10	2.17455e-05
2.62076e-10	2.44742e-05
2.6494e-10	2.72158e-05
2.67804e-10	2.99699e-05
2.70669e-10	3.27357e-05
2.73533e-10	3.55126e-05
2.76397e-10	3.83e-05
2.79261e-10	4.10973e-05
2.82126e-10	4.39037e-05
2.8499e-10	4.67186e-05
2.87854e-10	4.95414e-05
2.90718e-10	5.23713e-05
2.93582e-10	5.52077e-05
2.96447e-10	5.80498e-05
2.99311e-10	6.0897e-05
3.02175e-10	6.37486e-05
3.05039e-10	6.66039e-05
3.07904e-10	6.94621e-05
3.10768e-10	7.23225e-05
3.13632e-10	7.51844e-05
3.16496e-10	7.80471e-05
3.1936e-10	8.09098e-05
3.22225e-10	8.37717e-05
3.25089e-10	8.66322e-05
3.27953e-10	8.94905e-05
3.30817e-10	9.23457e-05
3.33682e-10	9.51973e-05
3.36546e-10	9.80442e-05
3.3941e-10	0.000100886
3.42274e-10	0.000103722
3.45138e-10	0.00010655
3.48003e-10	0.000109371
3.50867e-10	0.000112184
3.53731e-10	0.000114988
3.56595e-10	0.000117781
3.59459e-10	0.000120564
3.62324e-10	0.000123335
3.65188e-10	0.000126094
3.68052e-10	0.000128839
3.70916e-10	0.00013157
3.73781e-10	0.000134287
3.76645e-10	0.000136988
3.79509e-10	0.000139673
3.82373e-10	0.00014234
3.85237e-10	0.000144989
3.88102e-10	0.000147619
3.90966e-10	0.00015023
3.9383e-10	0.00015282
3.96694e-10	0.000155389
3.99559e-10	0.000157935
4.02423e-10	0.000160459
4.05287e-10	0.000162958
4.08151e-10	0.000165434
4.11015e-10	0.000167883
4.1388e-10	0.000170307
4.16744e-10	0.000172703
4.19608e-10	0.000175072
4.22472e-10	0.000177412
4.25337e-10	0.000179722
4.28201e-10	0.000182002
4.31065e-10	0.000184251
4.33929e-10	0.000186468
4.36793e-10	0.000188652
4.39658e-10	0.000190803
4.42522e-10	0.00019292
4.45386e-10	0.000195001
4.4825e-10	0.000197047
4.51114e-10	0.000199056
4.53979e-10	0.000201027
4.56843e-10	0.000202961
4.59707e-10	0.000204855
4.62571e-10	0.00020671
4.65436e-10	0.000208524
4.683e-10	0.000210297
4.71164e-10	0.000212028
4.74028e-10	0.000213716
4.76892e-10	0.000215361
4.79757e-10	0.000216961
4.82621e-10	0.000218517
4.85485e-10	0.000220027
4.88349e-10	0.00022149
4.91214e-10	0.000222907
4.94078e-10	0.000224275
4.96942e-10	0.000225596
4.99806e-10	0.000226867
5.0267e-10	0.000228088
5.05535e-10	0.000229259
5.08399e-10	0.000230379
5.11263e-10	0.000231447
5.14127e-10	0.000232463
5.16992e-10	0.000233425
5.19856e-10	0.000234334
5.2272e-10	0.000235189
5.25584e-10	0.000235989
5.28448e-10	0.000236733
5.31313e-10	0.000237422
5.34177e-10	0.000238054
5.37041e-10	0.000238628
5.39905e-10	0.000239145
5.42769e-10	0.000239604
5.45634e-10	0.000240004
5.48498e-10	0.000240345
5.51362e-10	0.000240626
5.54226e-10	0.000240847
5.57091e-10	0.000241007
5.59955e-10	0.000241106
5.62819e-10	0.000241143
5.65683e-10	0.000241119
5.68547e-10	0.000241031
5.71412e-10	0.000240881
5.74276e-10	0.000240668
5.7714e-10	0.000240391
5.80004e-10	0.00024005
5.82869e-10	0.000239644
5.85733e-10	0.000239174
5.88597e-10	0.000238639
5.91461e-10	0.000238038
5.94325e-10	0.000237371
5.9719e-10	0.000236639
6.00054e-10	0.000235841
6.02918e-10	0.000234976
6.05782e-10	0.000234044
6.08647e-10	0.000233046
6.11511e-10	0.00023198
6.14375e-10	0.000230847
6.17239e-10	0.000229646
6.20103e-10	0.000228378
6.22968e-10	0.000227043
6.25832e-10	0.000225639
6.28696e-10	0.000224167
6.3156e-10	0.000222627
6.34424e-10	0.000221019
6.37289e-10	0.000219343
6.40153e-10	0.000217599
6.43017e-10	0.000215786
6.45881e-10	0.000213906
6.48746e-10	0.000211957
6.5161e-10	0.000209939
6.54474e-10	0.000207854
6.57338e-10	0.000205701
6.60202e-10	0.000203479
6.63067e-10	0.00020119
6.65931e-10	0.000198833
6.68795e-10	0.000196409
6.71659e-10	0.000193917
6.74524e-10	0.000191358
6.77388e-10	0.000188731
6.80252e-10	0.000186038
6.83116e-10	0.000183279
6.8598e-10	0.000180453
6.88845e-10	0.000177561
6.91709e-10	0.000174603
6.94573e-10	0.00017158
6.97437e-10	0.000168492
7.00302e-10	0.000165339
7.03166e-10	0.000162122
7.0603e-10	0.000158841
7.08894e-10	0.000155496
7.11758e-10	0.000152088
7.14623e-10	0.000148618
7.17487e-10	0.000145085
7.20351e-10	0.000141491
7.23215e-10	0.000137835
7.2608e-10	0.000134119
7.28944e-10	0.000130343
7.31808e-10	0.000126507
7.34672e-10	0.000122612
7.37536e-10	0.000118659
7.40401e-10	0.000114648
7.43265e-10	0.00011058
7.46129e-10	0.000106456
7.48993e-10	0.000102276
7.51857e-10	9.80409e-05
7.54722e-10	9.37516e-05
7.57586e-10	8.94087e-05
7.6045e-10	8.50131e-05
7.63314e-10	8.05654e-05
7.66179e-10	7.60666e-05
7.69043e-10	7.15173e-05
7.71907e-10	6.69185e-05
7.74771e-10	6.2271e-05
7.77635e-10	5.75757e-05
7.805e-10	5.28335e-05
7.83364e-10	4.80452e-05
7.86228e-10	4.32119e-05
7.89092e-10	3.83343e-05
7.91957e-10	3.34137e-05
7.94821e-10	2.84508e-05
7.97685e-10	2.34467e-05
8.00549e-10	1.84024e-05
8.03413e-10	1.3319e-05
8.06278e-10	8.1975e-06
8.09142e-10	3.03897e-06
8.12006e-10	-2.1555e-06
8.1487e-10	-7.38481e-06
8.17735e-10	-1.26478e-05
8.20599e-10	-1.79435e-05
8.23463e-10	-2.32705e-05
8.26327e-10	-2.86278e-05
8.29191e-10	-3.40142e-05
8.32056e-10	-3.94284e-05
8.3492e-10	-4.48694e-05
8.37784e-10	-5.03357e-05
8.40648e-10	-5.58263e-05
8.43512e-10	-6.13398e-05
8.46377e-10	-6.68749e-05
8.49241e-10	-7.24304e-05
8.52105e-10	-7.8005e-05
8.54969e-10	-8.35973e-05
8.57834e-10	-8.92061e-05
8.60698e-10	-9.48299e-05
8.63562e-10	-0.000100467
8.66426e-10	-0.000106117
8.6929e-10	-0.000111778
8.72155e-10	-0.000117449
8.75019e-10	-0.000123127
8.77883e-10	-0.000128813
8.80747e-10	-0.000134503
8.83612e-10	-0.000140198
8.86476e-10	-0.000145895
8.8934e-10	-0.000151593
8.92204e-10	-0.000157291
8.95068e-10	-0.000162986
8.97933e-10	-0.000168678
9.00797e-10	-0.000174366
9.03661e-10	-0.000180046
9.06525e-10	-0.000185719
9.0939e-10	-0.000191382
9.12254e-10	-0.000197035
9.15118e-10	-0.000202674
9.17982e-10	-0.0002083
9.20846e-10	-0.00021391
9.23711e-10	-0.000219502
9.26575e-10	-0.000225076
9.29439e-10	-0.000230629
9.32303e-10	-0.000236161
9.35167e-10	-0.000241669
9.38032e-10	-0.000247152
9.40896e-10	-0.000252608
9.4376e-10	-0.000258036
9.46624e-10	-0.000263434
9.49489e-10	-0.0002688
9.52353e-10	-0.000274134
9.55217e-10	-0.000279433
9.58081e-10	-0.000284695
9.60945e-10	-0.000289919
9.6381e-10	-0.000295105
9.66674e-10	-0.000300248
9.69538e-10	-0.00030535
9.72402e-10	-0.000310406
9.75267e-10	-0.000315417
9.78131e-10	-0.000320381
9.80995e-10	-0.000325295
9.83859e-10	-0.000330158
9.86723e-10	-0.000334969
9.89588e-10	-0.000339726
9.92452e-10	-0.000344428
9.95316e-10	-0.000349072
9.9818e-10	-0.000353658
1.00104e-09	-0.000358183
1.00391e-09	-0.000362646
1.00677e-09	-0.000367046
1.00964e-09	-0.000371381
1.0125e-09	-0.00037565
1.01537e-09	-0.00037985
1.01823e-09	-0.000383981
1.02109e-09	-0.00038804
1.02396e-09	-0.000392027
1.02682e-09	-0.000395939
1.02969e-09	-0.000399776
1.03255e-09	-0.000403535
1.03542e-09	-0.000407216
1.03828e-09	-0.000410816
1.04114e-09	-0.000414335
1.04401e-09	-0.00041777
1.04687e-09	-0.000421121
1.04974e-09	-0.000424386
1.0526e-09	-0.000427563
1.05546e-09	-0.000430652
1.05833e-09	-0.00043365
1.06119e-09	-0.000436557
1.06406e-09	-0.00043937
1.06692e-09	-0.00044209
1.06979e-09	-0.000444713
1.07265e-09	-0.00044724
1.07551e-09	-0.000449668
1.07838e-09	-0.000451997
1.08124e-09	-0.000454225
1.08411e-09	-0.000456351
1.08697e-09	-0.000458373
1.08984e-09	-0.000460291
1.0927e-09	-0.000462104
1.09556e-09	-0.000463809
1.09843e-09	-0.000465406
1.10129e-09	-0.000466894
1.10416e-09	-0.000468272
1.10702e-09	-0.000469539
1.10988e-09	-0.000470693
1.11275e-09	-0.000471733
1.11561e-09	-0.000472659
1.11848e-09	-0.00047347
1.12134e-09	-0.000474164
1.12421e-09	-0.00047474
1.12707e-09	-0.000475198
1.12993e-09	-0.000475537
1.1328e-09	-0.000475756
1.13566e-09	-0.000475853
1.13853e-09	-0.000475829
1.14139e-09	-0.000475682
1.14426e-09	-0.000475412
1.14712e-09	-0.000475018
1.14998e-09	-0.000474498
1.15285e-09	-0.000473854
1.15571e-09	-0.000473082
1.15858e-09	-0.000472184
1.16144e-09	-0.000471159
1.16431e-09	-0.000470005
1.16717e-09	-0.000468723
1.17003e-09	-0.000467312
1.1729e-09	-0.000465771
1.17576e-09	-0.0004641
1.17863e-09	-0.000462298
1.18149e-09	-0.000460366
1.18435e-09	-0.000458302
1.18722e-09	-0.000456107
1.19008e-09	-0.000453779
1.19295e-09	-0.00045132
1.19581e-09	-0.000448728
1.19868e-09	-0.000446004
1.20154e-09	-0.000443146
1.2044e-09	-0.000440156
1.20727e-09	-0.000437033
1.21013e-09	-0.000433776
1.213e-09	-0.000430387
1.21586e-09	-0.000426864
1.21873e-09	-0.000423209
1.22159e-09	-0.00041942
1.22445e-09	-0.000415498
1.22732e-09	-0.000411444
1.23018e-09	-0.000407257
1.23305e-09	-0.000402937
1.23591e-09	-0.000398485
1.23877e-09	-0.000393902
1.24164e-09	-0.000389187
1.2445e-09	-0.00038434
1.24737e-09	-0.000379363
1.25023e-09	-0.000374255
1.2531e-09	-0.000369018
1.25596e-09	-0.000363651
1.25882e-09	-0.000358155
1.26169e-09	-0.000352531
1.26455e-09	-0.000346779
1.26742e-09	-0.0003409
1.27028e-09	-0.000334895
1.27315e-09	-0.000328764
1.27601e-09	-0.000322508
1.27887e-09	-0.000316128
1.28174e-09	-0.000309625
1.2846e-09	-0.000302999
1.28747e-09	-0.000296252
1.29033e-09	-0.000289384
1.29319e-09	-0.000282397
1.29606e-09	-0.000275291
1.29892e-09	-0.000268068
1.30179e-09	-0.000260729
1.30465e-09	-0.000253274
1.30752e-09	-0.000245705
1.31038e-09	-0.000238023
1.31324e-09	-0.00023023
1.31611e-09	-0.000222326
1.31897e-09	-0.000214314
1.32184e-09	-0.000206193
1.3247e-09	-0.000197967
1.32757e-09	-0.000189636
1.33043e-09	-0.000181201
1.33329e-09	-0.000172664
1.33616e-09	-0.000164028
1.33902e-09	-0.000155292
1.34189e-09	-0.000146459
1.34475e-09	-0.000137531
1.34762e-09	-0.000128509
1.35048e-09	-0.000119396
1.35334e-09	-0.000110191
1.35621e-09	-0.000100899
1.35907e-09	-9.15191e-05
1.36194e-09	-8.20548e-05
1.3648e-09	-7.25075e-05
1.36766e-09	-6.28793e-05
1.37053e-09	-5.3172e-05
1.37339e-09	-4.33876e-05
1.37626e-09	-3.35282e-05
1.37912e-09	-2.35958e-05
1.38199e-09	-1.35925e-05
1.38485e-09	-3.5204e-06
1.38771e-09	6.61827e-06
1.39058e-09	1.68214e-05
1.39344e-09	2.70867e-05
1.39631e-09	3.74119e-05
1.39917e-09	4.77949e-05
1.40204e-09	5.82332e-05
1.4049e-09	6.87246e-05
1.40776e-09	7.92667e-05
1.41063e-09	8.9857e-05
1.41349e-09	0.000100493
1.41636e-09	0.000111173
1.41922e-09	0.000121893
1.42208e-09	0.000132652
1.42495e-09	0.000143447
1.42781e-09	0.000154276
1.43068e-09	0.000165135
1.43354e-09	0.000176022
1.43641e-09	0.000186934
1.43927e-09	0.00019787
1.44213e-09	0.000208826
1.445e-09	0.000219799
1.44786e-09	0.000230787
1.45073e-09	0.000241787
1.45359e-09	0.000252797
1.45646e-09	0.000263813
1.45932e-09	0.000274832
1.46218e-09	0.000285853
1.46505e-09	0.000296872
1.46791e-09	0.000307885
1.47078e-09	0.000318891
1.47364e-09	0.000329887
1.4765e-09	0.000340869
1.47937e-09	0.000351834
1.48223e-09	0.000362781
1.4851e-09	0.000373705
1.48796e-09	0.000384603
1.49083e-09	0.000395474
1.49369e-09	0.000406313
1.49655e-09	0.000417118
1.49942e-09	0.000427886
1.50228e-09	0.000438613
1.50515e-09	0.000449297
1.50801e-09	0.000459935
1.51088e-09	0.000470524
1.51374e-09	0.00048106
1.5166e-09	0.00049154
1.51947e-09	0.000501962
1.52233e-09	0.000512323
1.5252e-09	0.000522619
1.52806e-09	0.000532847
1.53093e-09	0.000543004
1.53379e-09	0.000553087
1.53665e-09	0.000563094
1.53952e-09	0.00057302
1.54238e-09	0.000582863
1.54525e-09	0.00059262
1.54811e-09	0.000602288
1.55097e-09	0.000611863
1.55384e-09	0.000621343
1.5567e-09	0.000630725
1.55957e-09	0.000640004
1.56243e-09	0.00064918
1.5653e-09	0.000658248
1.56816e-09	0.000667205
1.57102e-09	0.000676048
1.57389e-09	0.000684775
1.57675e-09	0.000693382
1.57962e-09	0.000701867
1.58248e-09	0.000710226
1.58535e-09	0.000718456
1.58821e-09	0.000726555
1.59107e-09	0.000734519
1.59394e-09	0.000742346
1.5968e-09	0.000750033
1.59967e-09	0.000757576
1.60253e-09	0.000764974
1.60539e-09	0.000772222
1.60826e-09	0.000779319
1.61112e-09	0.000786262
1.61399e-09	0.000793047
1.61685e-09	0.000799672
1.61972e-09	0.000806134
1.62258e-09	0.000812431
1.62544e-09	0.00081856
1.62831e-09	0.000824518
1.63117e-09	0.000830302
1.63404e-09	0.000835911
1.6369e-09	0.000841341
1.63977e-09	0.00084659
1.64263e-09	0.000851655
1.64549e-09	0.000856534
1.64836e-09	0.000861225
1.65122e-09	0.000865724
1.65409e-09	0.000870031
1.65695e-09	0.000874141
1.65981e-09	0.000878054
1.66268e-09	0.000881766
1.66554e-09	0.000885276
1.66841e-09	0.000888581
1.67127e-09	0.000891679
1.67414e-09	0.000894568
1.677e-09	0.000897247
1.67986e-09	0.000899712
1.68273e-09	0.000901962
1.68559e-09	0.000903995
1.68846e-09	0.000905809
1.69132e-09	0.000907403
1.69419e-09	0.000908774
1.69705e-09	0.00090992
1.69991e-09	0.000910841
1.70278e-09	0.000911533
1.70564e-09	0.000911997
1.70851e-09	0.000912229
1.71137e-09	0.000912229
1.71424e-09	0.000911995
1.7171e-09	0.000911526
1.71996e-09	0.00091082
1.72283e-09	0.000909876
1.72569e-09	0.000908693
1.72856e-09	0.000907269
1.73142e-09	0.000905603
1.73428e-09	0.000903695
1.73715e-09	0.000901543
1.74001e-09	0.000899146
1.74288e-09	0.000896503
1.74574e-09	0.000893614
1.74861e-09	0.000890477
1.75147e-09	0.000887092
1.75433e-09	0.000883458
1.7572e-09	0.000879575
1.76006e-09	0.000875441
1.76293e-09	0.000871057
1.76579e-09	0.000866422
1.76866e-09	0.000861536
1.77152e-09	0.000856397
1.77438e-09	0.000851007
1.77725e-09	0.000845364
1.78011e-09	0.000839469
1.78298e-09	0.000833322
1.78584e-09	0.000826922
1.7887e-09	0.000820269
1.79157e-09	0.000813365
1.79443e-09	0.000806208
1.7973e-09	0.0007988
1.80016e-09	0.000791139
1.80303e-09	0.000783228
1.80589e-09	0.000775066
1.80875e-09	0.000766654
1.81162e-09	0.000757993
1.81448e-09	0.000749082
1.81735e-09	0.000739924
1.82021e-09	0.000730517
1.82308e-09	0.000720865
1.82594e-09	0.000710967
1.8288e-09	0.000700824
1.83167e-09	0.000690438
1.83453e-09	0.00067981
1.8374e-09	0.00066894
1.84026e-09	0.000657831
1.84312e-09	0.000646483
1.84599e-09	0.000634898
1.84885e-09	0.000623078
1.85172e-09	0.000611023
1.85458e-09	0.000598737
1.85745e-09	0.000586219
1.86031e-09	0.000573473
1.86317e-09	0.0005605
1.86604e-09	0.000547302
1.8689e-09	0.00053388
1.87177e-09	0.000520238
1.87463e-09	0.000506376
1.8775e-09	0.000492298
1.88036e-09	0.000478006
1.88322e-09	0.000463501
1.88609e-09	0.000448787
1.88895e-09	0.000433865
1.89182e-09	0.000418739
1.89468e-09	0.00040341
1.89755e-09	0.000387883
1.90041e-09	0.000372158
1.90327e-09	0.00035624
1.90614e-09	0.000340131
1.909e-09	0.000323834
1.91187e-09	0.000307352
1.91473e-09	0.000290689
1.91759e-09	0.000273846
1.92046e-09	0.000256828
1.92332e-09	0.000239638
1.92619e-09	0.000222279
1.92905e-09	0.000204755
1.93192e-09	0.000187069
1.93478e-09	0.000169224
1.93764e-09	0.000151224
1.94051e-09	0.000133074
1.94337e-09	0.000114776
1.94624e-09	9.63343e-05
1.9491e-09	7.7753e-05
1.95197e-09	5.90358e-05
1.95483e-09	4.01868e-05
1.95769e-09	2.121e-05
1.96056e-09	2.10948e-06
1.96342e-09	-1.71107e-05
1.96629e-09	-3.64462e-05
1.96915e-09	-5.58928e-05
1.97201e-09	-7.54463e-05
1.97488e-09	-9.51021e-05
1.97774e-09	-0.000114856
1.98061e-09	-0.000134703
1.98347e-09	-0.00015464
1.98634e-09	-0.000174661
1.9892e-09	-0.000194762
1.99206e-09	-0.000214937
1.99493e-09	-0.000235184
1.99779e-09	-0.000255496
2.00066e-09	-0.000275868
2.00352e-09	-0.000296297
2.00639e-09	-0.000316777
2.00925e-09	-0.000337302
2.01211e-09	-0.000357869
2.01498e-09	-0.000378472
2.01784e-09	-0.000399106
2.02071e-09	-0.000419766
2.02357e-09	-0.000440446
2.02643e-09	-0.000461142
2.0293e-09	-0.000481849
2.03216e-09	-0.00050256
2.03503e-09	-0.000523271
2.03789e-09	-0.000543976
2.04076e-09	-0.000564671
2.04362e-09	-0.000585349
2.04648e-09	-0.000606005
2.04935e-09	-0.000626634
2.05221e-09	-0.000647231
2.05508e-09	-0.000667789
2.05794e-09	-0.000688303
2.06081e-09	-0.000708768
2.06367e-09	-0.000729179
2.06653e-09	-0.000749529
2.0694e-09	-0.000769812
2.07226e-09	-0.000790025
2.07513e-09	-0.00081016
2.07799e-09	-0.000830212
2.08086e-09	-0.000850175
2.08372e-09	-0.000870044
2.08658e-09	-0.000889813
2.08945e-09	-0.000909477
2.09231e-09	-0.000929029
2.09518e-09	-0.000948464
2.09804e-09	-0.000967776
2.1009e-09	-0.000986959
2.10377e-09	-0.00100601
2.10663e-09	-0.00102492
2.1095e-09	-0.00104368
2.11236e-09	-0.00106229
2.11523e-09	-0.00108075
2.11809e-09	-0.00109904
2.12095e-09	-0.00111716
2.12382e-09	-0.00113511
2.12668e-09	-0.00115288
2.12955e-09	-0.00117047
2.13241e-09	-0.00118786
2.13528e-09	-0.00120506
2.13814e-09	-0.00122205
2.141e-09	-0.00123883
2.14387e-09	-0.0012554
2.14673e-09	-0.00127176
2.1496e-09	-0.00128788
2.15246e-09	-0.00130378
2.15532e-09	-0.00131944
2.15819e-09	-0.00133486
2.16105e-09	-0.00135003
2.16392e-09	-0.00136495
2.16678e-09	-0.00137962
2.16965e-09	-0.00139402
2.17251e-09	-0.00140815
2.17537e-09	-0.00142201
2.17824e-09	-0.00143559
2.1811e-09	-0.00144888
2.18397e-09	-0.00146189
2.18683e-09	-0.0014746
2.1897e-09	-0.00148702
2.19256e-09	-0.00149912
2.19542e-09	-0.00151092
2.19829e-09	-0.00152241
2.20115e-09	-0.00153358
2.20402e-09	-0.00154442
2.20688e-09	-0.00155493
2.20974e-09	-0.00156512
2.21261e-09	-0.00157496
2.21547e-09	-0.00158446
2.21834e-09	-0.00159361
2.2212e-09	-0.00160242
2.22407e-09	-0.00161086
2.22693e-09	-0.00161895
2.22979e-09	-0.00162667
2.23266e-09	-0.00163402
2.23552e-09	-0.001641
2.23839e-09	-0.00164761
2.24125e-09	-0.00165383
2.24412e-09	-0.00165966
2.24698e-09	-0.00166511
2.24984e-09	-0.00167017
2.25271e-09	-0.00167483
2.25557e-09	-0.00167909
2.25844e-09	-0.00168295
2.2613e-09	-0.0016864
2.26417e-09	-0.00168944
2.26703e-09	-0.00169207
2.26989e-09	-0.00169428
2.27276e-09	-0.00169607
2.27562e-09	-0.00169744
2.27849e-09	-0.00169839
2.28135e-09	-0.0016989
2.28421e-09	-0.00169899
2.28708e-09	-0.00169864
2.28994e-09	-0.00169785
2.29281e-09	-0.00169663
2.29567e-09	-0.00169496
2.29854e-09	-0.00169286
2.3014e-09	-0.0016903
2.30426e-09	-0.0016873
2.30713e-09	-0.00168385
2.30999e-09	-0.00167995
2.31286e-09	-0.0016756
2.31572e-09	-0.00167079
2.31859e-09	-0.00166553
2.32145e-09	-0.00165981
2.32431e-09	-0.00165363
2.32718e-09	-0.00164699
2.33004e-09	-0.00163989
2.33291e-09	-0.00163233
2.33577e-09	-0.0016243
2.33863e-09	-0.00161581
2.3415e-09	-0.00160686
2.34436e-09	-0.00159745
2.34723e-09	-0.00158756
2.35009e-09	-0.00157722
2.35296e-09	-0.00156641
2.35582e-09	-0.00155513
2.35868e-09	-0.00154339
2.36155e-09	-0.00153118
2.36441e-09	-0.00151851
2.36728e-09	-0.00150537
2.37014e-09	-0.00149177
2.37301e-09	-0.00147771
2.37587e-09	-0.00146318
2.37873e-09	-0.0014482
2.3816e-09	-0.00143275
2.38446e-09	-0.00141685
2.38733e-09	-0.00140048
2.39019e-09	-0.00138367
2.39305e-09	-0.00136639
2.39592e-09	-0.00134867
2.39878e-09	-0.00133049
2.40165e-09	-0.00131187
2.40451e-09	-0.00129279
2.40738e-09	-0.00127328
2.41024e-09	-0.00125332
2.4131e-09	-0.00123292
2.41597e-09	-0.00121208
2.41883e-09	-0.00119081
2.4217e-09	-0.00116911
2.42456e-09	-0.00114698
2.42743e-09	-0.00112442
2.43029e-09	-0.00110144
2.43315e-09	-0.00107804
2.43602e-09	-0.00105423
2.43888e-09	-0.00103
2.44175e-09	-0.00100537
2.44461e-09	-0.000980332
2.44748e-09	-0.000954895
2.45034e-09	-0.000929061
2.4532e-09	-0.000902836
2.45607e-09	-0.000876223
2.45893e-09	-0.000849227
2.4618e-09	-0.000821853
2.46466e-09	-0.000794106
2.46752e-09	-0.00076599
2.47039e-09	-0.000737511
2.47325e-09	-0.000708673
2.47612e-09	-0.000679482
2.47898e-09	-0.000649943
2.48185e-09	-0.000620062
2.48471e-09	-0.000589845
2.48757e-09	-0.000559297
2.49044e-09	-0.000528423
2.4933e-09	-0.000497231
2.49617e-09	-0.000465726
2.49903e-09	-0.000433914
2.5019e-09	-0.000401802
2.50476e-09	-0.000369396
2.50762e-09	-0.000336702
2.51049e-09	-0.000303728
2.51335e-09	-0.00027048
2.51622e-09	-0.000236966
2.51908e-09	-0.000203191
2.52194e-09	-0.000169163
2.52481e-09	-0.00013489
2.52767e-09	-0.000100379
2.53054e-09	-6.56368e-05
2.5334e-09	-3.06714e-05
2.53627e-09	4.50968e-06
2.53913e-09	3.98986e-05
2.54199e-09	7.54876e-05
2.54486e-09	0.000111269
2.54772e-09	0.000147234
2.55059e-09	0.000183375
2.55345e-09	0.000219684
2.55632e-09	0.000256152
2.55918e-09	0.000292771
2.56204e-09	0.000329532
2.56491e-09	0.000366428
2.56777e-09	0.000403448
2.57064e-09	0.000440586
2.5735e-09	0.00047783
2.57636e-09	0.000515174
2.57923e-09	0.000552607
2.58209e-09	0.000590121
2.58496e-09	0.000627706
2.58782e-09	0.000665354
2.59069e-09	0.000703055
2.59355e-09	0.000740799
2.59641e-09	0.000778577
2.59928e-09	0.000816381
2.60214e-09	0.000854199
2.60501e-09	0.000892024
2.60787e-09	0.000929844
2.61074e-09	0.00096765
2.6136e-09	0.00100543
2.61646e-09	0.00104318
2.61933e-09	0.00108089
2.62219e-09	0.00111854
2.62506e-09	0.00115613
2.62792e-09	0.00119365
2.63079e-09	0.00123108
2.63365e-09	0.00126842
2.63651e-09	0.00130566
2.63938e-09	0.00134278
2.64224e-09	0.00137978
2.64511e-09	0.00141665
2.64797e-09	0.00145337
2.65083e-09	0.00148994
2.6537e-09	0.00152634
2.65656e-09	0.00156257
2.65943e-09	0.00159861
2.66229e-09	0.00163446
2.66516e-09	0.0016701
2.66802e-09	0.00170552
2.67088e-09	0.00174072
2.67375e-09	0.00177568
2.67661e-09	0.00181039
2.67948e-09	0.00184485
2.68234e-09	0.00187904
2.68521e-09	0.00191295
2.68807e-09	0.00194657
2.69093e-09	0.00197989
2.6938e-09	0.0020129
2.69666e-09	0.00204559
2.69953e-09	0.00207796
2.70239e-09	0.00210998
2.70525e-09	0.00214165
2.70812e-09	0.00217297
2.71098e-09	0.00220391
2.71385e-09	0.00223447
2.71671e-09	0.00226464
2.71958e-09	0.00229441
2.72244e-09	0.00232377
2.7253e-09	0.00235271
2.72817e-09	0.00238122
2.73103e-09	0.00240929
2.7339e-09	0.00243691
2.73676e-09	0.00246407
2.73963e-09	0.00249076
2.74249e-09	0.00251697
2.74535e-09	0.0025427
2.74822e-09	0.00256792
2.75108e-09	0.00259264
2.75395e-09	0.00261684
2.75681e-09	0.00264052
2.75967e-09	0.00266366
2.76254e-09	0.00268626
2.7654e-09	0.0027083
2.76827e-09	0.00272979
2.77113e-09	0.0027507
2.774e-09	0.00277104
2.77686e-09	0.00279078
2.77972e-09	0.00280993
2.78259e-09	0.00282848
2.78545e-09	0.00284642
2.78832e-09	0.00286373
2.79118e-09	0.00288041
2.79405e-09	0.00289646
2.79691e-09	0.00291186
2.79977e-09	0.00292662
2.80264e-09	0.00294071
2.8055e-09	0.00295413
2.80837e-09	0.00296688
2.81123e-09	0.00297895
2.8141e-09	0.00299033
2.81696e-09	0.00300101
2.81982e-09	0.00301099
2.82269e-09	0.00302027
2.82555e-09	0.00302882
2.82842e-09	0.00303666
2.83128e-09	0.00304377
2.83414e-09	0.00305014
2.83701e-09	0.00305577
2.83987e-09	0.00306066
2.84274e-09	0.0030648
2.8456e-09	0.00306818
2.84847e-09	0.0030708
2.85133e-09	0.00307265
2.85419e-09	0.00307373
2.85706e-09	0.00307403
2.85992e-09	0.00307356
2.86279e-09	0.00307229
2.86565e-09	0.00307024
2.86852e-09	0.0030674
2.87138e-09	0.00306375
2.87424e-09	0.00305931
2.87711e-09	0.00305406
2.87997e-09	0.00304801
2.88284e-09	0.00304114
2.8857e-09	0.00303346
2.88856e-09	0.00302496
2.89143e-09	0.00301564
2.89429e-09	0.00300551
2.89716e-09	0.00299454
2.90002e-09	0.00298276
2.90289e-09	0.00297014
2.90575e-09	0.0029567
2.90861e-09	0.00294243
2.91148e-09	0.00292732
2.91434e-09	0.00291139
2.91721e-09	0.00289462
2.92007e-09	0.00287702
2.92294e-09	0.00285858
2.9258e-09	0.00283932
2.92866e-09	0.00281921
2.93153e-09	0.00279828
2.93439e-09	0.00277651
2.93726e-09	0.00275391
2.94012e-09	0.00273048
2.94298e-09	0.00270622
2.94585e-09	0.00268114
2.94871e-09	0.00265523
2.95158e-09	0.00262849
2.95444e-09	0.00260093
2.95731e-09	0.00257255
2.96017e-09	0.00254336
2.96303e-09	0.00251334
2.9659e-09	0.00248252
2.96876e-09	0.00245089
2.97163e-09	0.00241846
2.97449e-09	0.00238522
2.97736e-09	0.00235119
2.98022e-09	0.00231637
2.98308e-09	0.00228075
2.98595e-09	0.00224435
2.98881e-09	0.00220718
2.99168e-09	0.00216923
2.99454e-09	0.00213051
2.99741e-09	0.00209102
3.00027e-09	0.00205078
3.00313e-09	0.00200979
3.006e-09	0.00196806
3.00886e-09	0.00192558
3.01173e-09	0.00188238
3.01459e-09	0.00183844
3.01745e-09	0.00179379
3.02032e-09	0.00174843
3.02318e-09	0.00170237
3.02605e-09	0.00165561
3.02891e-09	0.00160816
3.03178e-09	0.00156003
3.03464e-09	0.00151124
3.0375e-09	0.00146178
3.04037e-09	0.00141167
3.04323e-09	0.00136091
3.0461e-09	0.00130952
3.04896e-09	0.0012575
3.05183e-09	0.00120487
3.05469e-09	0.00115164
3.05755e-09	0.0010978
3.06042e-09	0.00104339
3.06328e-09	0.000988397
3.06615e-09	0.000932842
3.06901e-09	0.000876735
3.07187e-09	0.000820087
3.07474e-09	0.000762909
3.0776e-09	0.000705213
3.08047e-09	0.000647011
3.08333e-09	0.000588314
3.0862e-09	0.000529135
3.08906e-09	0.000469487
3.09192e-09	0.000409381
3.09479e-09	0.000348831
3.09765e-09	0.00028785
3.10052e-09	0.00022645
3.10338e-09	0.000164646
3.10625e-09	0.00010245
3.10911e-09	3.98763e-05
3.11197e-09	-2.3061e-05
3.11484e-09	-8.6348e-05
3.1177e-09	-0.000149971
3.12057e-09	-0.000213914
3.12343e-09	-0.000278165
3.12629e-09	-0.000342707
3.12916e-09	-0.000407527
3.13202e-09	-0.000472608
3.13489e-09	-0.000537937
3.13775e-09	-0.000603497
3.14062e-09	-0.000669274
3.14348e-09	-0.000735251
3.14634e-09	-0.000801412
3.14921e-09	-0.000867743
3.15207e-09	-0.000934227
3.15494e-09	-0.00100085
3.1578e-09	-0.00106759
3.16067e-09	-0.00113443
3.16353e-09	-0.00120137
3.16639e-09	-0.00126837
3.16926e-09	-0.00133543
3.17212e-09	-0.00140253
3.17499e-09	-0.00146964
3.17785e-09	-0.00153676
3.18072e-09	-0.00160387
3.18358e-09	-0.00167095
3.18644e-09	-0.00173798
3.18931e-09	-0.00180494
3.19217e-09	-0.00187182
3.19504e-09	-0.0019386
3.1979e-09	-0.00200526
3.20076e-09	-0.00207179
3.20363e-09	-0.00213816
3.20649e-09	-0.00220436
3.20936e-09	-0.00227037
3.21222e-09	-0.00233617
3.21509e-09	-0.00240175
3.21795e-09	-0.00246709
3.22081e-09	-0.00253216
3.22368e-09	-0.00259696
3.22654e-09	-0.00266146
3.22941e-09	-0.00272564
3.23227e-09	-0.00278949
3.23514e-09	-0.00285299
3.238e-09	-0.00291612
3.24086e-09	-0.00297886
3.24373e-09	-0.00304119
3.24659e-09	-0.0031031
3.24946e-09	-0.00316456
3.25232e-09	-0.00322557
3.25518e-09	-0.00328609
3.25805e-09	-0.00334612
3.26091e-09	-0.00340564
3.26378e-09	-0.00346462
3.26664e-09	-0.00352305
3.26951e-09	-0.00358091
3.27237e-09	-0.00363818
3.27523e-09	-0.00369484
3.2781e-09	-0.00375089
3.28096e-09	-0.00380629
3.28383e-09	-0.00386104
3.28669e-09	-0.00391511
3.28956e-09	-0.00396848
3.29242e-09	-0.00402115
3.29528e-09	-0.00407308
3.29815e-09	-0.00412427
3.30101e-09	-0.0041747
3.30388e-09	-0.00422435
3.30674e-09	-0.0042732
3.3096e-09	-0.00432123
3.31247e-09	-0.00436844
3.31533e-09	-0.0044148
3.3182e-09	-0.00446029
3.32106e-09	-0.0045049
3.32393e-09	-0.00454862
3.32679e-09	-0.00459143
3.32965e-09	-0.0046333
3.33252e-09	-0.00467423
3.33538e-09	-0.0047142
3.33825e-09	-0.0047532
3.34111e-09	-0.00479121
3.34398e-09	-0.0048282
3.34684e-09	-0.00486418
3.3497e-09	-0.00489912
3.35257e-09	-0.00493301
3.35543e-09	-0.00496584
3.3583e-09	-0.00499759
3.36116e-09	-0.00502824
3.36403e-09	-0.00505779
3.36689e-09	-0.00508621
3.36975e-09	-0.0051135
3.37262e-09	-0.00513965
3.37548e-09	-0.00516463
3.37835e-09	-0.00518844
3.38121e-09	-0.00521106
3.38407e-09	-0.00523249
3.38694e-09	-0.0052527
3.3898e-09	-0.0052717
3.39267e-09	-0.00528946
3.39553e-09	-0.00530597
3.3984e-09	-0.00532123
3.40126e-09	-0.00533523
3.40412e-09	-0.00534794
3.40699e-09	-0.00535937
3.40985e-09	-0.00536951
3.41272e-09	-0.00537833
3.41558e-09	-0.00538584
3.41845e-09	-0.00539202
3.42131e-09	-0.00539687
3.42417e-09	-0.00540037
3.42704e-09	-0.00540253
3.4299e-09	-0.00540332
3.43277e-09	-0.00540275
3.43563e-09	-0.0054008
3.43849e-09	-0.00539747
3.44136e-09	-0.00539276
3.44422e-09	-0.00538665
3.44709e-09	-0.00537914
3.44995e-09	-0.00537022
3.45282e-09	-0.00535989
3.45568e-09	-0.00534815
3.45854e-09	-0.00533498
3.46141e-09	-0.00532039
3.46427e-09	-0.00530437
3.46714e-09	-0.00528692
3.47e-09	-0.00526802
3.47287e-09	-0.00524769
3.47573e-09	-0.00522592
3.47859e-09	-0.0052027
3.48146e-09	-0.00517803
3.48432e-09	-0.00515192
3.48719e-09	-0.00512435
3.49005e-09	-0.00509534
3.49292e-09	-0.00506487
3.49578e-09	-0.00503296
3.49864e-09	-0.00499959
3.50151e-09	-0.00496477
3.50437e-09	-0.0049285
3.50724e-09	-0.00489079
3.5101e-09	-0.00485163
3.51296e-09	-0.00481102
3.51583e-09	-0.00476898
3.51869e-09	-0.00472549
3.52156e-09	-0.00468057
3.52442e-09	-0.00463422
3.52729e-09	-0.00458643
3.53015e-09	-0.00453723
3.53301e-09	-0.00448661
3.53588e-09	-0.00443457
3.53874e-09	-0.00438113
3.54161e-09	-0.00432629
3.54447e-09	-0.00427005
3.54734e-09	-0.00421242
3.5502e-09	-0.00415341
3.55306e-09	-0.00409303
3.55593e-09	-0.00403128
3.55879e-09	-0.00396817
3.56166e-09	-0.00390372
3.56452e-09	-0.00383792
3.56738e-09	-0.0037708
3.57025e-09	-0.00370236
3.57311e-09	-0.0036326
3.57598e-09	-0.00356155
3.57884e-09	-0.00348921
3.58171e-09	-0.00341559
3.58457e-09	-0.00334071
3.58743e-09	-0.00326458
3.5903e-09	-0.0031872
3.59316e-09	-0.0031086
3.59603e-09	-0.00302879
3.59889e-09	-0.00294778
3.60176e-09	-0.00286558
3.60462e-09	-0.00278221
3.60748e-09	-0.00269769
3.61035e-09	-0.00261202
3.61321e-09	-0.00252523
3.61608e-09	-0.00243734
3.61894e-09	-0.00234835
3.6218e-09	-0.00225828
3.62467e-09	-0.00216716
3.62753e-09	-0.00207499
3.6304e-09	-0.00198181
3.63326e-09	-0.00188762
3.63613e-09	-0.00179244
3.63899e-09	-0.00169629
3.64185e-09	-0.0015992
3.64472e-09	-0.00150118
3.64758e-09	-0.00140226
3.65045e-09	-0.00130244
3.65331e-09	-0.00120176
3.65618e-09	-0.00110023
3.65904e-09	-0.000997877
3.6619e-09	-0.000894722
3.66477e-09	-0.000790785
3.66763e-09	-0.000686089
3.6705e-09	-0.000580658
3.67336e-09	-0.000474513
3.67623e-09	-0.000367679
3.67909e-09	-0.000260178
3.68195e-09	-0.000152034
3.68482e-09	-4.32723e-05
3.68768e-09	6.60837e-05
3.69055e-09	0.000176009
3.69341e-09	0.000286479
3.69627e-09	0.000397468
3.69914e-09	0.00050895
3.702e-09	0.000620901
3.70487e-09	0.000733293
3.70773e-09	0.000846101
3.7106e-09	0.000959298
3.71346e-09	0.00107286
3.71632e-09	0.00118675
3.71919e-09	0.00130096
3.72205e-09	0.00141544
3.72492e-09	0.00153017
3.72778e-09	0.00164514
3.73065e-09	0.0017603
3.73351e-09	0.00187562
3.73637e-09	0.00199109
3.73924e-09	0.00210667
3.7421e-09	0.00222233
3.74497e-09	0.00233805
3.74783e-09	0.00245379
3.75069e-09	0.00256952
3.75356e-09	0.00268522
3.75642e-09	0.00280086
3.75929e-09	0.0029164
3.76215e-09	0.00303182
3.76502e-09	0.00314709
3.76788e-09	0.00326217
3.77074e-09	0.00337704
3.77361e-09	0.00349167
3.77647e-09	0.00360601
3.77934e-09	0.00372006
3.7822e-09	0.00383376
3.78507e-09	0.0039471
3.78793e-09	0.00406005
3.79079e-09	0.00417256
3.79366e-09	0.00428461
3.79652e-09	0.00439618
3.79939e-09	0.00450722
3.80225e-09	0.00461771
3.80511e-09	0.00472761
3.80798e-09	0.0048369
3.81084e-09	0.00494555
3.81371e-09	0.00505352
3.81657e-09	0.00516078
3.81944e-09	0.0052673
3.8223e-09	0.00537305
3.82516e-09	0.005478
3.82803e-09	0.00558212
3.83089e-09	0.00568537
3.83376e-09	0.00578774
3.83662e-09	0.00588917
3.83949e-09	0.00598966
3.84235e-09	0.00608915
3.84521e-09	0.00618763
3.84808e-09	0.00628507
3.85094e-09	0.00638143
3.85381e-09	0.00647668
3.85667e-09	0.00657079
3.85954e-09	0.00666374
3.8624e-09	0.00675548
3.86526e-09	0.00684601
3.86813e-09	0.00693527
3.87099e-09	0.00702325
3.87386e-09	0.00710992
3.87672e-09	0.00719524
3.87958e-09	0.00727919
3.88245e-09	0.00736174
3.88531e-09	0.00744286
3.88818e-09	0.00752253
3.89104e-09	0.0076007
3.89391e-09	0.00767737
3.89677e-09	0.00775249
3.89963e-09	0.00782605
3.9025e-09	0.00789801
3.90536e-09	0.00796835
3.90823e-09	0.00803705
3.91109e-09	0.00810407
3.91396e-09	0.00816939
3.91682e-09	0.00823299
3.91968e-09	0.00829483
3.92255e-09	0.0083549
3.92541e-09	0.00841317
3.92828e-09	0.00846962
3.93114e-09	0.00852422
3.934e-09	0.00857695
3.93687e-09	0.00862778
3.93973e-09	0.0086767
3.9426e-09	0.00872368
3.94546e-09	0.00876869
3.94833e-09	0.00881172
3.95119e-09	0.00885275
3.95405e-09	0.00889175
3.95692e-09	0.00892871
3.95978e-09	0.0089636
3.96265e-09	0.0089964
3.96551e-09	0.0090271
3.96838e-09	0.00905567
3.97124e-09	0.0090821
3.9741e-09	0.00910638
3.97697e-09	0.00912847
3.97983e-09	0.00914837
3.9827e-09	0.00916606
3.98556e-09	0.00918152
3.98842e-09	0.00919474
3.99129e-09	0.00920571
3.99415e-09	0.0092144
3.99702e-09	0.00922081
3.99988e-09	0.00922491
4.00275e-09	0.00922671
4.00561e-09	0.00922618
4.00847e-09	0.00922331
4.01134e-09	0.00921809
4.0142e-09	0.00921052
4.01707e-09	0.00920058
4.01993e-09	0.00918825
4.0228e-09	0.00917354
4.02566e-09	0.00915644
4.02852e-09	0.00913692
4.03139e-09	0.009115
4.03425e-09	0.00909066
4.03712e-09	0.00906389
4.03998e-09	0.00903469
4.04285e-09	0.00900305
4.04571e-09	0.00896898
4.04857e-09	0.00893246
4.05144e-09	0.00889349
4.0543e-09	0.00885207
4.05717e-09	0.00880819
4.06003e-09	0.00876186
4.06289e-09	0.00871308
4.06576e-09	0.00866184
4.06862e-09	0.00860815
4.07149e-09	0.008552
4.07435e-09	0.0084934
4.07722e-09	0.00843235
4.08008e-09	0.00836885
4.08294e-09	0.0083029
4.08581e-09	0.00823452
4.08867e-09	0.0081637
4.09154e-09	0.00809046
4.0944e-09	0.00801479
4.09727e-09	0.0079367
4.10013e-09	0.00785621
4.10299e-09	0.00777331
4.10586e-09	0.00768802
4.10872e-09	0.00760035
4.11159e-09	0.0075103
4.11445e-09	0.0074179
4.11731e-09	0.00732314
4.12018e-09	0.00722605
4.12304e-09	0.00712662
4.12591e-09	0.00702489
4.12877e-09	0.00692086
4.13164e-09	0.00681454
4.1345e-09	0.00670595
4.13736e-09	0.00659512
4.14023e-09	0.00648204
4.14309e-09	0.00636675
4.14596e-09	0.00624925
4.14882e-09	0.00612958
4.15169e-09	0.00600774
4.15455e-09	0.00588376
4.15741e-09	0.00575765
4.16028e-09	0.00562945
4.16314e-09	0.00549916
4.16601e-09	0.00536682
4.16887e-09	0.00523245
4.17173e-09	0.00509606
4.1746e-09	0.00495769
4.17746e-09	0.00481736
4.18033e-09	0.00467509
4.18319e-09	0.00453092
4.18606e-09	0.00438486
4.18892e-09	0.00423695
4.19178e-09	0.00408721
4.19465e-09	0.00393568
4.19751e-09	0.00378238
4.20038e-09	0.00362734
4.20324e-09	0.00347059
4.20611e-09	0.00331217
4.20897e-09	0.0031521
4.21183e-09	0.00299042
4.2147e-09	0.00282716
4.21756e-09	0.00266235
4.22043e-09	0.00249603
4.22329e-09	0.00232824
4.22616e-09	0.002159
4.22902e-09	0.00198836
4.23188e-09	0.00181634
4.23475e-09	0.001643
4.23761e-09	0.00146835
4.24048e-09	0.00129245
4.24334e-09	0.00111533
4.2462e-09	0.000937024
4.24907e-09	0.000757578
4.25193e-09	0.00057703
4.2548e-09	0.00039542
4.25766e-09	0.000212789
4.26053e-09	2.91774e-05
4.26339e-09	-0.000155372
4.26625e-09	-0.000340818
4.26912e-09	-0.000527118
4.27198e-09	-0.000714228
4.27485e-09	-0.000902105
4.27771e-09	-0.00109071
4.28058e-09	-0.00127999
4.28344e-09	-0.0014699
4.2863e-09	-0.0016604
4.28917e-09	-0.00185145
4.29203e-09	-0.002043
4.2949e-09	-0.002235
4.29776e-09	-0.0024274
4.30062e-09	-0.00262016
4.30349e-09	-0.00281324
4.30635e-09	-0.00300657
4.30922e-09	-0.00320013
4.31208e-09	-0.00339385
4.31495e-09	-0.0035877
4.31781e-09	-0.00378161
4.32067e-09	-0.00397555
4.32354e-09	-0.00416946
4.3264e-09	-0.00436329
4.32927e-09	-0.004557
4.33213e-09	-0.00475054
4.335e-09	-0.00494385
4.33786e-09	-0.00513688
4.34072e-09	-0.00532959
4.34359e-09	-0.00552192
4.34645e-09	-0.00571382
4.34932e-09	-0.00590525
4.35218e-09	-0.00609614
4.35504e-09	-0.00628646
4.35791e-09	-0.00647614
4.36077e-09	-0.00666515
4.36364e-09	-0.00685341
4.3665e-09	-0.0070409
4.36937e-09	-0.00722754
4.37223e-09	-0.0074133
4.37509e-09	-0.00759811
4.37796e-09	-0.00778194
4.38082e-09	-0.00796472
4.38369e-09	-0.0081464
4.38655e-09	-0.00832694
4.38942e-09	-0.00850628
4.39228e-09	-0.00868437
4.39514e-09	-0.00886116
4.39801e-09	-0.0090366
4.40087e-09	-0.00921063
4.40374e-09	-0.00938321
4.4066e-09	-0.00955428
4.40947e-09	-0.0097238
4.41233e-09	-0.00989171
4.41519e-09	-0.010058
4.41806e-09	-0.0102225
4.42092e-09	-0.0103853
4.42379e-09	-0.0105463
4.42665e-09	-0.0107054
4.42951e-09	-0.0108626
4.43238e-09	-0.0110178
4.43524e-09	-0.0111711
4.43811e-09	-0.0113222
4.44097e-09	-0.0114713
4.44384e-09	-0.0116182
4.4467e-09	-0.011763
4.44956e-09	-0.0119054
4.45243e-09	-0.0120456
4.45529e-09	-0.0121835
4.45816e-09	-0.0123189
4.46102e-09	-0.0124519
4.46389e-09	-0.0125825
4.46675e-09	-0.0127105
4.46961e-09	-0.0128359
4.47248e-09	-0.0129587
4.47534e-09	-0.0130789
4.47821e-09	-0.0131963
4.48107e-09	-0.013311
4.48393e-09	-0.0134229
4.4868e-09	-0.013532
4.48966e-09	-0.0136382
4.49253e-09	-0.0137415
4.49539e-09	-0.0138419
4.49826e-09	-0.0139392
4.50112e-09	-0.0140335
4.50398e-09	-0.0141248
4.50685e-09	-0.0142129
4.50971e-09	-0.0142979
4.51258e-09	-0.0143796
4.51544e-09	-0.0144582
4.51831e-09	-0.0145335
4.52117e-09	-0.0146055
4.52403e-09	-0.0146742
4.5269e-09	-0.0147395
4.52976e-09	-0.0148014
4.53263e-09	-0.0148599
4.53549e-09	-0.014915
4.53835e-09	-0.0149665
4.54122e-09	-0.0150145
4.54408e-09	-0.015059
4.54695e-09	-0.0150999
4.54981e-09	-0.0151372
4.55268e-09	-0.0151708
4.55554e-09	-0.0152008
4.5584e-09	-0.0152271
4.56127e-09	-0.0152497
4.56413e-09	-0.0152686
4.567e-09	-0.0152836
4.56986e-09	-0.015295
4.57273e-09	-0.0153025
4.57559e-09	-0.0153062
4.57845e-09	-0.015306
4.58132e-09	-0.015302
4.58418e-09	-0.0152941
4.58705e-09	-0.0152823
4.58991e-09	-0.0152666
4.59278e-09	-0.015247
4.59564e-09	-0.0152234
4.5985e-09	-0.0151959
4.60137e-09	-0.0151644
4.60423e-09	-0.015129
4.6071e-09	-0.0150895
4.60996e-09	-0.0150461
4.61282e-09	-0.0149986
4.61569e-09	-0.0149471
4.61855e-09	-0.0148916
4.62142e-09	-0.0148321
4.62428e-09	-0.0147686
4.62715e-09	-0.014701
4.63001e-09	-0.0146294
4.63287e-09	-0.0145537
4.63574e-09	-0.014474
4.6386e-09	-0.0143903
4.64147e-09	-0.0143025
4.64433e-09	-0.0142107
4.6472e-09	-0.0141148
4.65006e-09	-0.014015
4.65292e-09	-0.0139111
4.65579e-09	-0.0138032
4.65865e-09	-0.0136913
4.66152e-09	-0.0135754
4.66438e-09	-0.0134555
4.66724e-09	-0.0133316
4.67011e-09	-0.0132038
4.67297e-09	-0.013072
4.67584e-09	-0.0129363
4.6787e-09	-0.0127967
4.68157e-09	-0.0126532
4.68443e-09	-0.0125057
4.68729e-09	-0.0123545
4.69016e-09	-0.0121993
4.69302e-09	-0.0120404
4.69589e-09	-0.0118776
4.69875e-09	-0.011711
4.70162e-09	-0.0115407
4.70448e-09	-0.0113667
4.70734e-09	-0.0111889
4.71021e-09	-0.0110075
4.71307e-09	-0.0108224
4.71594e-09	-0.0106337
4.7188e-09	-0.0104414
4.72166e-09	-0.0102455
4.72453e-09	-0.0100461
4.72739e-09	-0.0098432
4.73026e-09	-0.00963684
4.73312e-09	-0.00942706
4.73599e-09	-0.00921389
4.73885e-09	-0.00899736
4.74171e-09	-0.00877753
4.74458e-09	-0.00855442
4.74744e-09	-0.00832808
4.75031e-09	-0.00809854
4.75317e-09	-0.00786587
4.75604e-09	-0.00763008
4.7589e-09	-0.00739124
4.76176e-09	-0.00714938
4.76463e-09	-0.00690456
4.76749e-09	-0.00665682
4.77036e-09	-0.00640621
4.77322e-09	-0.00615278
4.77609e-09	-0.00589658
4.77895e-09	-0.00563766
4.78181e-09	-0.00537608
4.78468e-09	-0.00511189
4.78754e-09	-0.00484513
4.79041e-09	-0.00457588
4.79327e-09	-0.00430418
4.79613e-09	-0.00403009
4.799e-09	-0.00375367
4.80186e-09	-0.00347498
4.80473e-09	-0.00319407
4.80759e-09	-0.00291101
4.81046e-09	-0.00262587
4.81332e-09	-0.00233869
4.81618e-09	-0.00204955
4.81905e-09	-0.00175851
4.82191e-09	-0.00146564
4.82478e-09	-0.00117099
4.82764e-09	-0.000874636
4.83051e-09	-0.000576645
4.83337e-09	-0.000277084
4.83623e-09	2.39793e-05
4.8391e-09	0.000326476
4.84196e-09	0.000630335
4.84483e-09	0.000935487
4.84769e-09	0.00124186
4.85055e-09	0.00154938
4.85342e-09	0.00185798
4.85628e-09	0.00216759
4.85915e-09	0.00247812
4.86201e-09	0.00278952
4.86488e-09	0.00310169
4.86774e-09	0.00341457
4.8706e-09	0.00372808
4.87347e-09	0.00404215
4.87633e-09	0.00435669
4.8792e-09	0.00467163
4.88206e-09	0.0049869
4.88493e-09	0.0053024
4.88779e-09	0.00561808
4.89065e-09	0.00593384
4.89352e-09	0.0062496
4.89638e-09	0.00656529
4.89925e-09	0.00688083
4.90211e-09	0.00719613
4.90497e-09	0.00751112
4.90784e-09	0.00782571
4.9107e-09	0.00813983
4.91357e-09	0.00845338
4.91643e-09	0.00876629
4.9193e-09	0.00907848
4.92216e-09	0.00938986
4.92502e-09	0.00970035
4.92789e-09	0.0100099
4.93075e-09	0.0103183
4.93362e-09	0.0106257
4.93648e-09	0.0109318
4.93935e-09	0.0112366
4.94221e-09	0.01154
4.94507e-09	0.0118419
4.94794e-09	0.0121423
4.9508e-09	0.0124411
4.95367e-09	0.0127381
4.95653e-09	0.0130333
4.9594e-09	0.0133266
4.96226e-09	0.013618
4.96512e-09	0.0139073
4.96799e-09	0.0141945
4.97085e-09	0.0144795
4.97372e-09	0.0147621
4.97658e-09	0.0150424
4.97944e-09	0.0153202
4.98231e-09	0.0155954
4.98517e-09	0.0158681
4.98804e-09	0.016138
4.9909e-09	0.0164051
4.99377e-09	0.0166693
4.99663e-09	0.0169306
4.99949e-09	0.0171889
5.00236e-09	0.0174441
5.00522e-09	0.017696
5.00809e-09	0.0179447
5.01095e-09	0.01819
5.01382e-09	0.0184319
5.01668e-09	0.0186704
5.01954e-09	0.0189052
5.02241e-09	0.0191364
5.02527e-09	0.0193638
5.02814e-09	0.0195874
5.031e-09	0.0198072
5.03386e-09	0.020023
5.03673e-09	0.0202347
5.03959e-09	0.0204424
5.04246e-09	0.0206459
5.04532e-09	0.0208451
5.04819e-09	0.0210401
5.05105e-09	0.0212306
5.05391e-09	0.0214167
5.05678e-09	0.0215983
5.05964e-09	0.0217753
5.06251e-09	0.0219477
5.06537e-09	0.0221153
5.06824e-09	0.0222781
5.0711e-09	0.0224361
5.07396e-09	0.0225892
5.07683e-09	0.0227373
5.07969e-09	0.0228804
5.08256e-09	0.0230184
5.08542e-09	0.0231513
5.08828e-09	0.0232789
5.09115e-09	0.0234013
5.09401e-09	0.0235184
5.09688e-09	0.0236301
5.09974e-09	0.0237363
5.10261e-09	0.0238371
5.10547e-09	0.0239324
5.10833e-09	0.0240221
5.1112e-09	0.0241062
5.11406e-09	0.0241846
5.11693e-09	0.0242572
5.11979e-09	0.0243241
5.12266e-09	0.0243852
5.12552e-09	0.0244405
5.12838e-09	0.0244898
5.13125e-09	0.0245333
5.13411e-09	0.0245707
5.13698e-09	0.0246022
5.13984e-09	0.0246276
5.14271e-09	0.0246469
5.14557e-09	0.0246601
5.14843e-09	0.0246672
5.1513e-09	0.0246681
5.15416e-09	0.0246629
5.15703e-09	0.0246514
5.15989e-09	0.0246336
5.16275e-09	0.0246095
5.16562e-09	0.0245792
5.16848e-09	0.0245426
5.17135e-09	0.0244996
5.17421e-09	0.0244502
5.17708e-09	0.0243945
5.17994e-09	0.0243323
5.1828e-09	0.0242638
5.18567e-09	0.0241889
5.18853e-09	0.0241075
5.1914e-09	0.0240197
5.19426e-09	0.0239254
5.19713e-09	0.0238247
5.19999e-09	0.0237176
5.20285e-09	0.023604
5.20572e-09	0.0234839
5.20858e-09	0.0233574
5.21145e-09	0.0232244
5.21431e-09	0.023085
5.21717e-09	0.0229391
5.22004e-09	0.0227868
5.2229e-09	0.0226281
5.22577e-09	0.0224629
5.22863e-09	0.0222914
5.2315e-09	0.0221135
5.23436e-09	0.0219291
5.23722e-09	0.0217385
5.24009e-09	0.0215415
5.24295e-09	0.0213381
5.24582e-09	0.0211285
5.24868e-09	0.0209126
5.25155e-09	0.0206905
5.25441e-09	0.0204622
5.25727e-09	0.0202276
5.26014e-09	0.019987
5.263e-09	0.0197402
5.26587e-09	0.0194873
5.26873e-09	0.0192283
5.27159e-09	0.0189633
5.27446e-09	0.0186924
5.27732e-09	0.0184155
5.28019e-09	0.0181328
5.28305e-09	0.0178442
5.28592e-09	0.0175498
5.28878e-09	0.0172496
5.29164e-09	0.0169438
5.29451e-09	0.0166323
5.29737e-09	0.0163152
5.30024e-09	0.0159925
5.3031e-09	0.0156644
5.30597e-09	0.0153308
5.30883e-09	0.0149919
5.31169e-09	0.0146477
5.31456e-09	0.0142982
5.31742e-09	0.0139436
5.32029e-09	0.0135838
5.32315e-09	0.013219
5.32602e-09	0.0128492
5.32888e-09	0.0124745
5.33174e-09	0.012095
5.33461e-09	0.0117107
5.33747e-09	0.0113218
5.34034e-09	0.0109282
5.3432e-09	0.0105301
5.34606e-09	0.0101276
5.34893e-09	0.00972068
5.35179e-09	0.0093095
5.35466e-09	0.00889412
5.35752e-09	0.00847463
5.36039e-09	0.00805111
5.36325e-09	0.00762366
5.36611e-09	0.00719237
5.36898e-09	0.00675732
5.37184e-09	0.00631861
5.37471e-09	0.00587634
5.37757e-09	0.00543059
5.38044e-09	0.00498148
5.3833e-09	0.00452909
5.38616e-09	0.00407352
5.38903e-09	0.00361488
5.39189e-09	0.00315327
5.39476e-09	0.00268879
5.39762e-09	0.00222155
5.40048e-09	0.00175164
5.40335e-09	0.00127919
5.40621e-09	0.00080429
5.40908e-09	0.000327056
5.41194e-09	-0.000152404
5.41481e-09	-0.000633977
5.41767e-09	-0.00111755
5.42053e-09	-0.00160302
5.4234e-09	-0.00209025
5.42626e-09	-0.00257915
5.42913e-09	-0.00306959
5.43199e-09	-0.00356146
5.43486e-09	-0.00405464
5.43772e-09	-0.004549
5.44058e-09	-0.00504444
5.44345e-09	-0.00554082
5.44631e-09	-0.00603804
5.44918e-09	-0.00653596
5.45204e-09	-0.00703447
5.4549e-09	-0.00753343
5.45777e-09	-0.00803274
5.46063e-09	-0.00853225
5.4635e-09	-0.00903186
5.46636e-09	-0.00953143
5.46923e-09	-0.0100308
5.47209e-09	-0.0105299
5.47495e-09	-0.0110286
5.47782e-09	-0.0115268
5.48068e-09	-0.0120242
5.48355e-09	-0.0125209
5.48641e-09	-0.0130166
5.48928e-09	-0.0135113
5.49214e-09	-0.0140048
5.495e-09	-0.014497
5.49787e-09	-0.0149877
5.50073e-09	-0.0154768
5.5036e-09	-0.0159642
5.50646e-09	-0.0164498
5.50933e-09	-0.0169334
5.51219e-09	-0.0174149
5.51505e-09	-0.0178942
5.51792e-09	-0.0183711
5.52078e-09	-0.0188455
5.52365e-09	-0.0193172
5.52651e-09	-0.0197862
5.52937e-09	-0.0202524
5.53224e-09	-0.0207155
5.5351e-09	-0.0211754
5.53797e-09	-0.0216321
5.54083e-09	-0.0220854
5.5437e-09	-0.0225351
5.54656e-09	-0.0229812
5.54942e-09	-0.0234234
5.55229e-09	-0.0238618
5.55515e-09	-0.0242961
5.55802e-09	-0.0247262
5.56088e-09	-0.025152
5.56375e-09	-0.0255734
5.56661e-09	-0.0259902
5.56947e-09	-0.0264023
5.57234e-09	-0.0268096
5.5752e-09	-0.027212
5.57807e-09	-0.0276093
5.58093e-09	-0.0280015
5.58379e-09	-0.0283883
5.58666e-09	-0.0287697
5.58952e-09	-0.0291456
5.59239e-09	-0.0295158
5.59525e-09	-0.0298803
5.59812e-09	-0.0302388
5.60098e-09	-0.0305914
5.60384e-09	-0.0309378
5.60671e-09	-0.0312779
5.60957e-09	-0.0316118
5.61244e-09	-0.0319391
5.6153e-09	-0.0322599
5.61817e-09	-0.0325739
5.62103e-09	-0.0328812
5.62389e-09	-0.0331816
5.62676e-09	-0.033475
5.62962e-09	-0.0337612
5.63249e-09	-0.0340403
5.63535e-09	-0.034312
5.63821e-09	-0.0345763
5.64108e-09	-0.0348331
5.64394e-09	-0.0350822
5.64681e-09	-0.0353237
5.64967e-09	-0.0355573
5.65254e-09	-0.0357831
5.6554e-09	-0.0360008
5.65826e-09	-0.0362105
5.66113e-09	-0.036412
5.66399e-09	-0.0366052
5.66686e-09	-0.0367902
5.66972e-09	-0.0369666
5.67259e-09	-0.0371346
5.67545e-09	-0.037294
5.67831e-09	-0.0374447
5.68118e-09	-0.0375867
5.68404e-09	-0.0377199
5.68691e-09	-0.0378442
5.68977e-09	-0.0379596
5.69264e-09	-0.0380659
5.6955e-09	-0.0381632
5.69836e-09	-0.0382513
5.70123e-09	-0.0383302
5.70409e-09	-0.0383998
5.70696e-09	-0.0384601
5.70982e-09	-0.038511
5.71268e-09	-0.0385524
5.71555e-09	-0.0385844
5.71841e-09	-0.0386068
5.72128e-09	-0.0386197
5.72414e-09	-0.0386229
5.72701e-09	-0.0386165
5.72987e-09	-0.0386003
5.73273e-09	-0.0385744
5.7356e-09	-0.0385387
5.73846e-09	-0.0384931
5.74133e-09	-0.0384378
5.74419e-09	-0.0383725
5.74706e-09	-0.0382974
5.74992e-09	-0.0382123
5.75278e-09	-0.0381173
5.75565e-09	-0.0380123
5.75851e-09	-0.0378973
5.76138e-09	-0.0377723
5.76424e-09	-0.0376373
5.7671e-09	-0.0374923
5.76997e-09	-0.0373372
5.77283e-09	-0.0371722
5.7757e-09	-0.0369971
5.77856e-09	-0.0368119
5.78143e-09	-0.0366168
5.78429e-09	-0.0364116
5.78715e-09	-0.0361964
5.79002e-09	-0.0359712
5.79288e-09	-0.035736
5.79575e-09	-0.0354909
5.79861e-09	-0.0352358
5.80148e-09	-0.0349707
5.80434e-09	-0.0346958
5.8072e-09	-0.034411
5.81007e-09	-0.0341163
5.81293e-09	-0.0338118
5.8158e-09	-0.0334976
5.81866e-09	-0.0331736
5.82153e-09	-0.0328399
5.82439e-09	-0.0324965
5.82725e-09	-0.0321435
5.83012e-09	-0.031781
5.83298e-09	-0.0314089
5.83585e-09	-0.0310273
5.83871e-09	-0.0306364
5.84157e-09	-0.0302361
5.84444e-09	-0.0298265
5.8473e-09	-0.0294077
5.85017e-09	-0.0289797
5.85303e-09	-0.0285427
5.8559e-09	-0.0280966
5.85876e-09	-0.0276416
5.86162e-09	-0.0271777
5.86449e-09	-0.026705
5.86735e-09	-0.0262236
5.87022e-09	-0.0257336
5.87308e-09	-0.0252351
5.87595e-09	-0.0247281
5.87881e-09	-0.0242127
5.88167e-09	-0.0236891
5.88454e-09	-0.0231574
5.8874e-09	-0.0226175
5.89027e-09	-0.0220697
5.89313e-09	-0.0215141
5.89599e-09	-0.0209507
5.89886e-09	-0.0203797
5.90172e-09	-0.0198011
5.90459e-09	-0.0192151
5.90745e-09	-0.0186218
5.91032e-09	-0.0180213
5.91318e-09	-0.0174138
5.91604e-09	-0.0167993
5.91891e-09	-0.016178
5.92177e-09	-0.0155501
5.92464e-09	-0.0149156
5.9275e-09	-0.0142746
5.93037e-09	-0.0136274
5.93323e-09	-0.012974
5.93609e-09	-0.0123146
5.93896e-09	-0.0116494
5.94182e-09	-0.0109784
5.94469e-09	-0.0103018
5.94755e-09	-0.00961983
5.95041e-09	-0.00893253
5.95328e-09	-0.00824011
5.95614e-09	-0.00754269
5.95901e-09	-0.00684045
5.96187e-09	-0.00613354
5.96474e-09	-0.00542211
5.9676e-09	-0.00470633
5.97046e-09	-0.00398636
5.97333e-09	-0.00326236
5.97619e-09	-0.0025345
5.97906e-09	-0.00180295
5.98192e-09	-0.00106787
5.98479e-09	-0.000329429
5.98765e-09	0.000412192
5.99051e-09	0.00115682
5.99338e-09	0.00190429
5.99624e-09	0.00265441
5.99911e-09	0.00340702
6.00197e-09	0.00416193
6.00484e-09	0.00491896
6.0077e-09	0.00567793
6.01056e-09	0.00643865
6.01343e-09	0.00720095
6.01629e-09	0.00796464
6.01916e-09	0.00872952
6.02202e-09	0.00949542
6.02488e-09	0.0102621
6.02775e-09	0.0110295
6.03061e-09	0.0117973
6.03348e-09	0.0125653
6.03634e-09	0.0133335
6.03921e-09	0.0141014
6.04207e-09	0.0148691
6.04493e-09	0.0156362
6.0478e-09	0.0164026
6.05066e-09	0.0171681
6.05353e-09	0.0179325
6.05639e-09	0.0186956
6.05926e-09	0.0194572
6.06212e-09	0.020217
6.06498e-09	0.020975
6.06785e-09	0.0217309
6.07071e-09	0.0224845
6.07358e-09	0.0232355
6.07644e-09	0.0239839
6.0793e-09	0.0247294
6.08217e-09	0.0254718
6.08503e-09	0.0262109
6.0879e-09	0.0269464
6.09076e-09	0.0276783
6.09363e-09	0.0284063
6.09649e-09	0.0291302
6.09935e-09	0.0298499
6.10222e-09	0.030565
6.10508e-09	0.0312754
6.10795e-09	0.0319809
6.11081e-09	0.0326814
6.11368e-09	0.0333765
6.11654e-09	0.0340662
6.1194e-09	0.0347502
6.12227e-09	0.0354284
6.12513e-09	0.0361004
6.128e-09	0.0367662
6.13086e-09	0.0374256
6.13372e-09	0.0380782
6.13659e-09	0.0387241
6.13945e-09	0.0393629
6.14232e-09	0.0399945
6.14518e-09	0.0406187
6.14805e-09	0.0412353
6.15091e-09	0.0418441
6.15377e-09	0.042445
6.15664e-09	0.0430376
6.1595e-09	0.043622
6.16237e-09	0.0441978
6.16523e-09	0.044765
6.1681e-09	0.0453233
6.17096e-09	0.0458725
6.17382e-09	0.0464125
6.17669e-09	0.0469431
6.17955e-09	0.0474641
6.18242e-09	0.0479753
6.18528e-09	0.0484767
6.18815e-09	0.048968
6.19101e-09	0.049449
6.19387e-09	0.0499197
6.19674e-09	0.0503797
6.1996e-09	0.0508291
6.20247e-09	0.0512676
6.20533e-09	0.051695
6.20819e-09	0.0521112
6.21106e-09	0.0525161
6.21392e-09	0.0529095
6.21679e-09	0.0532913
6.21965e-09	0.0536613
6.22252e-09	0.0540194
6.22538e-09	0.0543654
6.22824e-09	0.0546992
6.23111e-09	0.0550207
6.23397e-09	0.0553298
6.23684e-09	0.0556262
6.2397e-09	0.05591
6.24257e-09	0.0561809
6.24543e-09	0.0564389
6.24829e-09	0.0566838
6.25116e-09	0.0569155
6.25402e-09	0.0571339
6.25689e-09	0.0573388
6.25975e-09	0.0575303
6.26261e-09	0.0577082
6.26548e-09	0.0578723
6.26834e-09	0.0580227
6.27121e-09	0.0581591
6.27407e-09	0.0582815
6.27694e-09	0.0583899
6.2798e-09	0.0584841
6.28266e-09	0.058564
6.28553e-09	0.0586296
6.28839e-09	0.0586808
6.29126e-09	0.0587175
6.29412e-09	0.0587397
6.29699e-09	0.0587473
6.29985e-09	0.0587402
6.30271e-09	0.0587184
6.30558e-09	0.0586818
6.30844e-09	0.0586304
6.31131e-09	0.0585641
6.31417e-09	0.0584829
6.31703e-09	0.0583867
6.3199e-09	0.0582756
6.32276e-09	0.0581494
6.32563e-09	0.0580082
6.32849e-09	0.0578519
6.33136e-09	0.0576805
6.33422e-09	0.0574939
6.33708e-09	0.0572923
6.33995e-09	0.0570755
6.34281e-09	0.0568436
6.34568e-09	0.0565965
6.34854e-09	0.0563342
6.35141e-09	0.0560568
6.35427e-09	0.0557643
6.35713e-09	0.0554567
6.36e-09	0.055134
6.36286e-09	0.0547961
6.36573e-09	0.0544433
6.36859e-09	0.0540754
6.37146e-09	0.0536924
6.37432e-09	0.0532946
6.37718e-09	0.0528818
6.38005e-09	0.0524541
6.38291e-09	0.0520116
6.38578e-09	0.0515544
6.38864e-09	0.0510824
6.3915e-09	0.0505957
6.39437e-09	0.0500945
6.39723e-09	0.0495787
6.4001e-09	0.0490485
6.40296e-09	0.0485039
6.40583e-09	0.047945
6.40869e-09	0.0473719
6.41155e-09	0.0467846
6.41442e-09	0.0461833
6.41728e-09	0.0455681
6.42015e-09	0.044939
6.42301e-09	0.0442962
6.42588e-09	0.0436398
6.42874e-09	0.0429698
6.4316e-09	0.0422864
6.43447e-09	0.0415898
6.43733e-09	0.04088
6.4402e-09	0.0401571
6.44306e-09	0.0394213
6.44592e-09	0.0386728
6.44879e-09	0.0379116
6.45165e-09	0.0371379
6.45452e-09	0.0363519
6.45738e-09	0.0355536
6.46025e-09	0.0347433
6.46311e-09	0.0339211
6.46597e-09	0.0330872
6.46884e-09	0.0322417
6.4717e-09	0.0313849
6.47457e-09	0.0305167
6.47743e-09	0.0296375
6.4803e-09	0.0287475
6.48316e-09	0.0278467
6.48602e-09	0.0269354
6.48889e-09	0.0260138
6.49175e-09	0.0250821
6.49462e-09	0.0241404
6.49748e-09	0.0231889
6.50034e-09	0.0222279
6.50321e-09	0.0212576
6.50607e-09	0.0202782
6.50894e-09	0.0192898
6.5118e-09	0.0182927
6.51467e-09	0.0172871
6.51753e-09	0.0162732
6.52039e-09	0.0152513
6.52326e-09	0.0142215
6.52612e-09	0.0131842
6.52899e-09	0.0121395
6.53185e-09	0.0110876
6.53472e-09	0.0100289
6.53758e-09	0.00896349
6.54044e-09	0.00789167
6.54331e-09	0.00681368
6.54617e-09	0.00572976
6.54904e-09	0.00464016
6.5519e-09	0.00354514
6.55477e-09	0.00244494
6.55763e-09	0.00133984
6.56049e-09	0.000230071
6.56336e-09	-0.00088409
6.56622e-09	-0.00200238
6.56909e-09	-0.00312455
6.57195e-09	-0.00425031
6.57481e-09	-0.0053794
6.57768e-09	-0.00651156
6.58054e-09	-0.00764651
6.58341e-09	-0.00878397
6.58627e-09	-0.00992367
6.58914e-09	-0.0110653
6.592e-09	-0.0122087
6.59486e-09	-0.0133534
6.59773e-09	-0.0144993
6.60059e-09	-0.015646
6.60346e-09	-0.0167932
6.60632e-09	-0.0179407
6.60919e-09	-0.0190882
6.61205e-09	-0.0202354
6.61491e-09	-0.021382
6.61778e-09	-0.0225277
6.62064e-09	-0.0236722
6.62351e-09	-0.0248152
6.62637e-09	-0.0259565
6.62923e-09	-0.0270957
6.6321e-09	-0.0282325
6.63496e-09	-0.0293667
6.63783e-09	-0.030498
6.64069e-09	-0.031626
6.64356e-09	-0.0327505
6.64642e-09	-0.0338711
6.64928e-09	-0.0349876
6.65215e-09	-0.0360997
6.65501e-09	-0.0372071
6.65788e-09	-0.0383094
6.66074e-09	-0.0394065
6.66361e-09	-0.0404979
6.66647e-09	-0.0415834
6.66933e-09	-0.0426628
6.6722e-09	-0.0437356
6.67506e-09	-0.0448016
6.67793e-09	-0.0458606
6.68079e-09	-0.0469122
6.68365e-09	-0.0479561
6.68652e-09	-0.048992
6.68938e-09	-0.0500197
6.69225e-09	-0.0510389
6.69511e-09	-0.0520492
6.69798e-09	-0.0530504
6.70084e-09	-0.0540422
6.7037e-09	-0.0550243
6.70657e-09	-0.0559964
6.70943e-09	-0.0569583
6.7123e-09	-0.0579097
6.71516e-09	-0.0588502
6.71803e-09	-0.0597796
6.72089e-09	-0.0606977
6.72375e-09	-0.0616041
6.72662e-09	-0.0624987
6.72948e-09	-0.063381
6.73235e-09	-0.0642509
6.73521e-09	-0.065108
6.73808e-09	-0.0659522
6.74094e-09	-0.0667832
6.7438e-09	-0.0676006
6.74667e-09	-0.0684043
6.74953e-09	-0.0691939
6.7524e-09	-0.0699693
6.75526e-09	-0.0707302
6.75812e-09	-0.0714763
6.76099e-09	-0.0722074
6.76385e-09	-0.0729233
6.76672e-09	-0.0736237
6.76958e-09	-0.0743084
6.77245e-09	-0.0749771
6.77531e-09	-0.0756297
6.77817e-09	-0.0762658
6.78104e-09	-0.0768853
6.7839e-09	-0.077488
6.78677e-09	-0.0780737
6.78963e-09	-0.078642
6.7925e-09	-0.0791929
6.79536e-09	-0.0797261
6.79822e-09	-0.0802414
6.80109e-09	-0.0807387
6.80395e-09	-0.0812177
6.80682e-09	-0.0816782
6.80968e-09	-0.08212
6.81254e-09	-0.0825431
6.81541e-09	-0.0829471
6.81827e-09	-0.083332
6.82114e-09	-0.0836975
6.824e-09	-0.0840435
6.82687e-09	-0.0843698
6.82973e-09	-0.0846763
6.83259e-09	-0.0849629
6.83546e-09	-0.0852293
6.83832e-09	-0.0854754
6.84119e-09	-0.0857011
6.84405e-09	-0.0859063
6.84692e-09	-0.0860908
6.84978e-09	-0.0862545
6.85264e-09	-0.0863973
6.85551e-09	-0.0865191
6.85837e-09	-0.0866198
6.86124e-09	-0.0866992
6.8641e-09	-0.0867573
6.86696e-09	-0.0867939
6.86983e-09	-0.086809
6.87269e-09	-0.0868025
6.87556e-09	-0.0867744
6.87842e-09	-0.0867244
6.88129e-09	-0.0866527
6.88415e-09	-0.086559
6.88701e-09	-0.0864434
6.88988e-09	-0.0863058
6.89274e-09	-0.0861461
6.89561e-09	-0.0859644
6.89847e-09	-0.0857605
6.90134e-09	-0.0855344
6.9042e-09	-0.0852862
6.90706e-09	-0.0850157
6.90993e-09	-0.084723
6.91279e-09	-0.0844081
6.91566e-09	-0.084071
6.91852e-09	-0.0837116
6.92139e-09	-0.08333
6.92425e-09	-0.0829262
6.92711e-09	-0.0825002
6.92998e-09	-0.082052
6.93284e-09	-0.0815817
6.93571e-09	-0.0810893
6.93857e-09	-0.0805748
6.94143e-09	-0.0800382
6.9443e-09	-0.0794798
6.94716e-09	-0.0788994
6.95003e-09	-0.0782972
6.95289e-09	-0.0776732
6.95576e-09	-0.0770275
6.95862e-09	-0.0763602
6.96148e-09	-0.0756714
6.96435e-09	-0.0749612
6.96721e-09	-0.0742296
6.97008e-09	-0.0734768
6.97294e-09	-0.0727029
6.97581e-09	-0.071908
6.97867e-09	-0.0710922
6.98153e-09	-0.0702556
6.9844e-09	-0.0693984
6.98726e-09	-0.0685208
6.99013e-09	-0.0676228
6.99299e-09	-0.0667047
6.99585e-09	-0.0657665
6.99872e-09	-0.0648084
7.00158e-09	-0.0638306
7.00445e-09	-0.0628334
7.00731e-09	-0.0618167
7.01018e-09	-0.0607809
7.01304e-09	-0.0597262
7.0159e-09	-0.0586526
7.01877e-09	-0.0575605
7.02163e-09	-0.05645
7.0245e-09	-0.0553213
7.02736e-09	-0.0541747
7.03023e-09	-0.0530104
7.03309e-09	-0.0518286
7.03595e-09	-0.0506295
7.03882e-09	-0.0494134
7.04168e-09	-0.0481805
7.04455e-09	-0.046931
7.04741e-09	-0.0456653
7.05027e-09	-0.0443836
7.05314e-09	-0.0430861
7.056e-09	-0.041773
7.05887e-09	-0.0404448
7.06173e-09	-0.0391017
7.0646e-09	-0.0377438
7.06746e-09	-0.0363716
7.07032e-09	-0.0349853
7.07319e-09	-0.0335853
7.07605e-09	-0.0321717
7.07892e-09	-0.030745
7.08178e-09	-0.0293053
7.08465e-09	-0.0278532
7.08751e-09	-0.0263888
7.09037e-09	-0.0249124
7.09324e-09	-0.0234245
7.0961e-09	-0.0219254
7.09897e-09	-0.0204153
7.10183e-09	-0.0188946
7.1047e-09	-0.0173637
7.10756e-09	-0.0158229
7.11042e-09	-0.0142725
7.11329e-09	-0.012713
7.11615e-09	-0.0111446
7.11902e-09	-0.0095678
7.12188e-09	-0.00798285
7.12474e-09	-0.00639017
7.12761e-09	-0.00479012
7.13047e-09	-0.00318308
7.13334e-09	-0.00156943
7.1362e-09	5.04563e-05
7.13907e-09	0.00167619
7.14193e-09	0.00330739
7.14479e-09	0.00494366
7.14766e-09	0.00658462
7.15052e-09	0.00822986
7.15339e-09	0.00987899
7.15625e-09	0.0115316
7.15912e-09	0.0131873
7.16198e-09	0.0148457
7.16484e-09	0.0165064
7.16771e-09	0.0181689
7.17057e-09	0.0198329
7.17344e-09	0.021498
7.1763e-09	0.0231637
7.17916e-09	0.0248296
7.18203e-09	0.0264953
7.18489e-09	0.0281604
7.18776e-09	0.0298245
7.19062e-09	0.0314871
7.19349e-09	0.0331478
7.19635e-09	0.0348063
7.19921e-09	0.036462
7.20208e-09	0.0381146
7.20494e-09	0.0397635
7.20781e-09	0.0414085
7.21067e-09	0.0430491
7.21354e-09	0.0446848
7.2164e-09	0.0463152
7.21926e-09	0.0479399
7.22213e-09	0.0495585
7.22499e-09	0.0511706
7.22786e-09	0.0527756
7.23072e-09	0.0543732
7.23358e-09	0.055963
7.23645e-09	0.0575445
7.23931e-09	0.0591172
7.24218e-09	0.0606809
7.24504e-09	0.062235
7.24791e-09	0.0637792
7.25077e-09	0.065313
7.25363e-09	0.0668359
7.2565e-09	0.0683476
7.25936e-09	0.0698477
7.26223e-09	0.0713357
7.26509e-09	0.0728112
7.26796e-09	0.0742738
7.27082e-09	0.0757231
7.27368e-09	0.0771587
7.27655e-09	0.0785802
7.27941e-09	0.0799871
7.28228e-09	0.0813791
7.28514e-09	0.0827557
7.28801e-09	0.0841166
7.29087e-09	0.0854614
7.29373e-09	0.0867896
7.2966e-09	0.0881009
7.29946e-09	0.0893949
7.30233e-09	0.0906712
7.30519e-09	0.0919294
7.30805e-09	0.0931692
7.31092e-09	0.0943901
7.31378e-09	0.0955918
7.31665e-09	0.096774
7.31951e-09	0.0979362
7.32238e-09	0.0990781
7.32524e-09	0.100199
7.3281e-09	0.1013
7.33097e-09	0.102379
7.33383e-09	0.103436
7.3367e-09	0.104471
7.33956e-09	0.105484
7.34243e-09	0.106474
7.34529e-09	0.107441
7.34815e-09	0.108384
7.35102e-09	0.109304
7.35388e-09	0.1102
7.35675e-09	0.111072
7.35961e-09	0.111919
7.36247e-09	0.112741
7.36534e-09	0.113538
7.3682e-09	0.114309
7.37107e-09	0.115055
7.37393e-09	0.115775
7.3768e-09	0.116468
7.37966e-09	0.117135
7.38252e-09	0.117774
7.38539e-09	0.118387
7.38825e-09	0.118973
7.39112e-09	0.119531
7.39398e-09	0.120061
7.39685e-09	0.120563
7.39971e-09	0.121036
7.40257e-09	0.121481
7.40544e-09	0.121898
7.4083e-09	0.122286
7.41117e-09	0.122644
7.41403e-09	0.122973
7.41689e-09	0.123273
7.41976e-09	0.123543
7.42262e-09	0.123783
7.42549e-09	0.123993
7.42835e-09	0.124174
7.43122e-09	0.124323
7.43408e-09	0.124443
7.43694e-09	0.124532
7.43981e-09	0.12459
7.44267e-09	0.124617
7.44554e-09	0.124613
7.4484e-09	0.124578
7.45127e-09	0.124513
7.45413e-09	0.124416
7.45699e-09	0.124287
7.45986e-09	0.124127
7.46272e-09	0.123936
7.46559e-09	0.123713
7.46845e-09	0.123459
7.47132e-09	0.123173
7.47418e-09	0.122855
7.47704e-09	0.122506
7.47991e-09	0.122125
7.48277e-09	0.121712
7.48564e-09	0.121268
7.4885e-09	0.120792
7.49136e-09	0.120284
7.49423e-09	0.119744
7.49709e-09	0.119173
7.49996e-09	0.11857
7.50282e-09	0.117936
7.50569e-09	0.11727
7.50855e-09	0.116572
7.51141e-09	0.115844
7.51428e-09	0.115083
7.51714e-09	0.114292
7.52001e-09	0.113469
7.52287e-09	0.112615
7.52574e-09	0.111731
7.5286e-09	0.110815
7.53146e-09	0.109869
7.53433e-09	0.108892
7.53719e-09	0.107885
7.54006e-09	0.106848
7.54292e-09	0.10578
7.54578e-09	0.104682
7.54865e-09	0.103555
7.55151e-09	0.102398
7.55438e-09	0.101211
7.55724e-09	0.0999954
7.56011e-09	0.0987506
7.56297e-09	0.097477
7.56583e-09	0.0961748
7.5687e-09	0.0948443
7.57156e-09	0.0934856
7.57443e-09	0.092099
7.57729e-09	0.0906848
7.58016e-09	0.0892432
7.58302e-09	0.0877745
7.58588e-09	0.086279
7.58875e-09	0.084757
7.59161e-09	0.0832087
7.59448e-09	0.0816344
7.59734e-09	0.0800345
7.6002e-09	0.0784092
7.60307e-09	0.076759
7.60593e-09	0.075084
7.6088e-09	0.0733847
7.61166e-09	0.0716614
7.61453e-09	0.0699144
7.61739e-09	0.0681442
7.62025e-09	0.066351
7.62312e-09	0.0645352
7.62598e-09	0.0626973
7.62885e-09	0.0608376
7.63171e-09	0.0589564
7.63458e-09	0.0570543
7.63744e-09	0.0551315
7.6403e-09	0.0531886
7.64317e-09	0.0512258
7.64603e-09	0.0492438
7.6489e-09	0.0472428
7.65176e-09	0.0452233
7.65463e-09	0.0431858
7.65749e-09	0.0411308
7.66035e-09	0.0390586
7.66322e-09	0.0369697
7.66608e-09	0.0348646
7.66895e-09	0.0327438
7.67181e-09	0.0306077
7.67467e-09	0.0284569
7.67754e-09	0.0262918
7.6804e-09	0.0241129
7.68327e-09	0.0219207
7.68613e-09	0.0197158
7.689e-09	0.0174985
7.69186e-09	0.0152696
7.69472e-09	0.0130293
7.69759e-09	0.0107784
7.70045e-09	0.00851723
7.70332e-09	0.00624643
7.70618e-09	0.00396652
7.70905e-09	0.00167802
7.71191e-09	-0.000618523
7.71477e-09	-0.00292255
7.71764e-09	-0.00523352
7.7205e-09	-0.00755087
7.72337e-09	-0.00987404
7.72623e-09	-0.0122025
7.72909e-09	-0.0145356
7.73196e-09	-0.0168729
7.73482e-09	-0.0192137
7.73769e-09	-0.0215575
7.74055e-09	-0.0239037
7.74342e-09	-0.0262518
7.74628e-09	-0.0286011
7.74914e-09	-0.030951
7.75201e-09	-0.0333011
7.75487e-09	-0.0356506
7.75774e-09	-0.037999
7.7606e-09	-0.0403458
7.76347e-09	-0.0426903
7.76633e-09	-0.0450318
7.76919e-09	-0.04737
7.77206e-09	-0.049704
7.77492e-09	-0.0520334
7.77779e-09	-0.0543575
7.78065e-09	-0.0566758
7.78351e-09	-0.0589876
7.78638e-09	-0.0612924
7.78924e-09	-0.0635895
7.79211e-09	-0.0658783
7.79497e-09	-0.0681583
7.79784e-09	-0.0704288
7.8007e-09	-0.0726892
7.80356e-09	-0.0749391
7.80643e-09	-0.0771776
7.80929e-09	-0.0794043
7.81216e-09	-0.0816186
7.81502e-09	-0.0838198
7.81789e-09	-0.0860074
7.82075e-09	-0.0881808
7.82361e-09	-0.0903394
7.82648e-09	-0.0924825
7.82934e-09	-0.0946097
7.83221e-09	-0.0967203
7.83507e-09	-0.0988138
7.83794e-09	-0.100889
7.8408e-09	-0.102947
7.84366e-09	-0.104985
7.84653e-09	-0.107005
7.84939e-09	-0.109004
7.85226e-09	-0.110982
7.85512e-09	-0.112939
7.85798e-09	-0.114875
7.86085e-09	-0.116788
7.86371e-09	-0.118679
7.86658e-09	-0.120546
7.86944e-09	-0.122389
7.87231e-09	-0.124208
7.87517e-09	-0.126002
7.87803e-09	-0.12777
7.8809e-09	-0.129513
7.88376e-09	-0.131228
7.88663e-09	-0.132917
7.88949e-09	-0.134578
7.89236e-09	-0.136211
7.89522e-09	-0.137816
7.89808e-09	-0.139391
7.90095e-09	-0.140937
7.90381e-09	-0.142453
7.90668e-09	-0.143938
7.90954e-09	-0.145393
7.9124e-09	-0.146816
7.91527e-09	-0.148207
7.91813e-09	-0.149565
7.921e-09	-0.150891
7.92386e-09	-0.152184
7.92673e-09	-0.153443
7.92959e-09	-0.154668
7.93245e-09	-0.155858
7.93532e-09	-0.157013
7.93818e-09	-0.158134
7.94105e-09	-0.159218
7.94391e-09	-0.160266
7.94678e-09	-0.161278
7.94964e-09	-0.162253
7.9525e-09	-0.163191
7.95537e-09	-0.164091
7.95823e-09	-0.164954
7.9611e-09	-0.165778
7.96396e-09	-0.166563
7.96682e-09	-0.16731
7.96969e-09	-0.168018
7.97255e-09	-0.168686
7.97542e-09	-0.169314
7.97828e-09	-0.169902
7.98115e-09	-0.17045
7.98401e-09	-0.170957
7.98687e-09	-0.171423
7.98974e-09	-0.171849
7.9926e-09	-0.172232
7.99547e-09	-0.172575
7.99833e-09	-0.172875
8.0012e-09	-0.173134
8.00406e-09	-0.17335
8.00692e-09	-0.173524
8.00979e-09	-0.173655
8.01265e-09	-0.173744
8.01552e-09	-0.17379
8.01838e-09	-0.173792
8.02125e-09	-0.173752
8.02411e-09	-0.173668
8.02697e-09	-0.173541
8.02984e-09	-0.17337
8.0327e-09	-0.173156
8.03557e-09	-0.172897
8.03843e-09	-0.172596
8.04129e-09	-0.17225
8.04416e-09	-0.17186
8.04702e-09	-0.171427
8.04989e-09	-0.170949
8.05275e-09	-0.170428
8.05562e-09	-0.169862
8.05848e-09	-0.169253
8.06134e-09	-0.168599
8.06421e-09	-0.167902
8.06707e-09	-0.167161
8.06994e-09	-0.166376
8.0728e-09	-0.165547
8.07567e-09	-0.164674
8.07853e-09	-0.163758
8.08139e-09	-0.162798
8.08426e-09	-0.161794
8.08712e-09	-0.160748
8.08999e-09	-0.159658
8.09285e-09	-0.158525
8.09571e-09	-0.157349
8.09858e-09	-0.15613
8.10144e-09	-0.154869
8.10431e-09	-0.153565
8.10717e-09	-0.152219
8.11004e-09	-0.150831
8.1129e-09	-0.149401
8.11576e-09	-0.14793
8.11863e-09	-0.146417
8.12149e-09	-0.144863
8.12436e-09	-0.143268
8.12722e-09	-0.141633
8.13009e-09	-0.139957
8.13295e-09	-0.138242
8.13581e-09	-0.136487
8.13868e-09	-0.134692
8.14154e-09	-0.132859
8.14441e-09	-0.130986
8.14727e-09	-0.129076
8.15014e-09	-0.127127
8.153e-09	-0.125141
8.15586e-09	-0.123117
8.15873e-09	-0.121057
8.16159e-09	-0.11896
8.16446e-09	-0.116827
8.16732e-09	-0.114658
8.17018e-09	-0.112454
8.17305e-09	-0.110216
8.17591e-09	-0.107943
8.17878e-09	-0.105636
8.18164e-09	-0.103296
8.18451e-09	-0.100924
8.18737e-09	-0.0985182
8.19023e-09	-0.096081
8.1931e-09	-0.0936124
8.19596e-09	-0.091113
8.19883e-09	-0.0885832
8.20169e-09	-0.0860236
8.20456e-09	-0.0834347
8.20742e-09	-0.0808172
8.21028e-09	-0.0781715
8.21315e-09	-0.0754983
8.21601e-09	-0.0727981
8.21888e-09	-0.0700716
8.22174e-09	-0.0673192
8.2246e-09	-0.0645417
8.22747e-09	-0.0617396
8.23033e-09	-0.0589136
8.2332e-09	-0.0560643
8.23606e-09	-0.0531924
8.23893e-09	-0.0502984
8.24179e-09	-0.0473831
8.24465e-09	-0.0444471
8.24752e-09	-0.0414911
8.25038e-09	-0.0385158
8.25325e-09	-0.0355217
8.25611e-09	-0.0325097
8.25898e-09	-0.0294805
8.26184e-09	-0.0264347
8.2647e-09	-0.023373
8.26757e-09	-0.0202962
8.27043e-09	-0.0172049
8.2733e-09	-0.0141
8.27616e-09	-0.0109821
8.27902e-09	-0.00785199
8.28189e-09	-0.00471041
8.28475e-09	-0.00155811
8.28762e-09	0.00160416
8.29048e-09	0.00477564
8.29335e-09	0.00795557
8.29621e-09	0.0111432
8.29907e-09	0.0143377
8.30194e-09	0.0175383
8.3048e-09	0.0207443
8.30767e-09	0.0239548
8.31053e-09	0.0271691
8.3134e-09	0.0303864
8.31626e-09	0.0336059
8.31912e-09	0.0368268
8.32199e-09	0.0400483
8.32485e-09	0.0432696
8.32772e-09	0.0464898
8.33058e-09	0.0497083
8.33345e-09	0.0529241
8.33631e-09	0.0561364
8.33917e-09	0.0593445
8.34204e-09	0.0625476
8.3449e-09	0.0657447
8.34777e-09	0.0689352
8.35063e-09	0.0721181
8.35349e-09	0.0752928
8.35636e-09	0.0784582
8.35922e-09	0.0816137
8.36209e-09	0.0847584
8.36495e-09	0.0878916
8.36782e-09	0.0910123
8.37068e-09	0.0941197
8.37354e-09	0.0972131
8.37641e-09	0.100292
8.37927e-09	0.103355
8.38214e-09	0.106401
8.385e-09	0.10943
8.38787e-09	0.112441
8.39073e-09	0.115433
8.39359e-09	0.118405
8.39646e-09	0.121357
8.39932e-09	0.124288
8.40219e-09	0.127196
8.40505e-09	0.130082
8.40791e-09	0.132944
8.41078e-09	0.135781
8.41364e-09	0.138593
8.41651e-09	0.141379
8.41937e-09	0.144139
8.42224e-09	0.14687
8.4251e-09	0.149574
8.42796e-09	0.152248
8.43083e-09	0.154893
8.43369e-09	0.157506
8.43656e-09	0.160089
8.43942e-09	0.162639
8.44229e-09	0.165157
8.44515e-09	0.167641
8.44801e-09	0.170091
8.45088e-09	0.172506
8.45374e-09	0.174885
8.45661e-09	0.177228
8.45947e-09	0.179534
8.46233e-09	0.181802
8.4652e-09	0.184032
8.46806e-09	0.186222
8.47093e-09	0.188373
8.47379e-09	0.190484
8.47666e-09	0.192553
8.47952e-09	0.194581
8.48238e-09	0.196566
8.48525e-09	0.198509
8.48811e-09	0.200408
8.49098e-09	0.202262
8.49384e-09	0.204072
8.49671e-09	0.205837
8.49957e-09	0.207556
8.50243e-09	0.209228
8.5053e-09	0.210854
8.50816e-09	0.212432
8.51103e-09	0.213961
8.51389e-09	0.215443
8.51676e-09	0.216875
8.51962e-09	0.218257
8.52248e-09	0.219589
8.52535e-09	0.220871
8.52821e-09	0.222102
8.53108e-09	0.223281
8.53394e-09	0.224408
8.5368e-09	0.225483
8.53967e-09	0.226505
8.54253e-09	0.227474
8.5454e-09	0.228389
8.54826e-09	0.22925
8.55113e-09	0.230057
8.55399e-09	0.230809
8.55685e-09	0.231506
8.55972e-09	0.232148
8.56258e-09	0.232734
8.56545e-09	0.233264
8.56831e-09	0.233737
8.57118e-09	0.234154
8.57404e-09	0.234515
8.5769e-09	0.234818
8.57977e-09	0.235063
8.58263e-09	0.235251
8.5855e-09	0.235381
8.58836e-09	0.235454
8.59122e-09	0.235468
8.59409e-09	0.235423
8.59695e-09	0.235321
8.59982e-09	0.235159
8.60268e-09	0.234939
8.60555e-09	0.23466
8.60841e-09	0.234321
8.61127e-09	0.233924
8.61414e-09	0.233468
8.617e-09	0.232952
8.61987e-09	0.232377
8.62273e-09	0.231743
8.6256e-09	0.23105
8.62846e-09	0.230297
8.63132e-09	0.229485
8.63419e-09	0.228614
8.63705e-09	0.227683
8.63992e-09	0.226694
8.64278e-09	0.225645
8.64564e-09	0.224538
8.64851e-09	0.223371
8.65137e-09	0.222146
8.65424e-09	0.220862
8.6571e-09	0.21952
8.65997e-09	0.21812
8.66283e-09	0.216661
8.66569e-09	0.215145
8.66856e-09	0.213571
8.67142e-09	0.21194
8.67429e-09	0.210251
8.67715e-09	0.208505
8.68002e-09	0.206703
8.68288e-09	0.204845
8.68574e-09	0.20293
8.68861e-09	0.200959
8.69147e-09	0.198934
8.69434e-09	0.196853
8.6972e-09	0.194717
8.70007e-09	0.192527
8.70293e-09	0.190283
8.70579e-09	0.187986
8.70866e-09	0.185635
8.71152e-09	0.183232
8.71439e-09	0.180777
8.71725e-09	0.17827
8.72011e-09	0.175711
8.72298e-09	0.173102
8.72584e-09	0.170443
8.72871e-09	0.167734
8.73157e-09	0.164975
8.73444e-09	0.162168
8.7373e-09	0.159313
8.74016e-09	0.15641
8.74303e-09	0.153461
8.74589e-09	0.150465
8.74876e-09	0.147423
8.75162e-09	0.144336
8.75449e-09	0.141205
8.75735e-09	0.13803
8.76021e-09	0.134812
8.76308e-09	0.131552
8.76594e-09	0.12825
8.76881e-09	0.124906
8.77167e-09	0.121523
8.77453e-09	0.1181
8.7774e-09	0.114638
8.78026e-09	0.111138
8.78313e-09	0.1076
8.78599e-09	0.104027
8.78886e-09	0.100417
8.79172e-09	0.0967723
8.79458e-09	0.0930936
8.79745e-09	0.0893816
8.80031e-09	0.0856371
8.80318e-09	0.081861
8.80604e-09	0.078054
8.80891e-09	0.0742172
8.81177e-09	0.0703513
8.81463e-09	0.0664573
8.8175e-09	0.062536
8.82036e-09	0.0585883
8.82323e-09	0.0546152
8.82609e-09	0.0506176
8.82895e-09	0.0465963
8.83182e-09	0.0425524
8.83468e-09	0.0384867
8.83755e-09	0.0344003
8.84041e-09	0.0302941
8.84328e-09	0.026169
8.84614e-09	0.0220261
8.849e-09	0.0178663
8.85187e-09	0.0136906
8.85473e-09	0.00950001
8.8576e-09	0.00529553
8.86046e-09	0.00107818
8.86333e-09	-0.00315104
8.86619e-09	-0.0073911
8.86905e-09	-0.011641
8.87192e-09	-0.0158996
8.87478e-09	-0.020166
8.87765e-09	-0.0244391
8.88051e-09	-0.0287179
8.88338e-09	-0.0330013
8.88624e-09	-0.0372882
8.8891e-09	-0.0415776
8.89197e-09	-0.0458684
8.89483e-09	-0.0501596
8.8977e-09	-0.0544501
8.90056e-09	-0.0587388
8.90342e-09	-0.0630247
8.90629e-09	-0.0673066
8.90915e-09	-0.0715836
8.91202e-09	-0.0758544
8.91488e-09	-0.0801181
8.91775e-09	-0.0843736
8.92061e-09	-0.0886197
8.92347e-09	-0.0928554
8.92634e-09	-0.0970796
8.9292e-09	-0.101291
8.93207e-09	-0.105489
8.93493e-09	-0.109672
8.9378e-09	-0.11384
8.94066e-09	-0.11799
8.94352e-09	-0.122123
8.94639e-09	-0.126236
8.94925e-09	-0.13033
8.95212e-09	-0.134402
8.95498e-09	-0.138452
8.95784e-09	-0.142478
8.96071e-09	-0.14648
8.96357e-09	-0.150456
8.96644e-09	-0.154406
8.9693e-09	-0.158329
8.97217e-09	-0.162223
8.97503e-09	-0.166087
8.97789e-09	-0.16992
8.98076e-09	-0.173721
8.98362e-09	-0.17749
8.98649e-09	-0.181225
8.98935e-09	-0.184925
8.99222e-09	-0.188589
8.99508e-09	-0.192216
8.99794e-09	-0.195806
9.00081e-09	-0.199356
9.00367e-09	-0.202867
9.00654e-09	-0.206336
9.0094e-09	-0.209764
9.01226e-09	-0.213149
9.01513e-09	-0.216491
9.01799e-09	-0.219787
9.02086e-09	-0.223038
9.02372e-09	-0.226243
9.02659e-09	-0.2294
9.02945e-09	-0.232508
9.03231e-09	-0.235568
9.03518e-09	-0.238577
9.03804e-09	-0.241535
9.04091e-09	-0.244441
9.04377e-09	-0.247294
9.04664e-09	-0.250094
9.0495e-09	-0.252839
9.05236e-09	-0.255528
9.05523e-09	-0.258162
9.05809e-09	-0.260738
9.06096e-09	-0.263257
9.06382e-09	-0.265718
9.06669e-09	-0.268119
9.06955e-09	-0.27046
9.07241e-09	-0.27274
9.07528e-09	-0.274959
9.07814e-09	-0.277115
9.08101e-09	-0.279209
9.08387e-09	-0.281238
9.08673e-09	-0.283204
9.0896e-09	-0.285105
9.09246e-09	-0.28694
9.09533e-09	-0.288708
9.09819e-09	-0.29041
9.10106e-09	-0.292045
9.10392e-09	-0.293611
9.10678e-09	-0.295109
9.10965e-09	-0.296538
9.11251e-09	-0.297897
9.11538e-09	-0.299186
9.11824e-09	-0.300404
9.12111e-09	-0.301551
9.12397e-09	-0.302627
9.12683e-09	-0.30363
9.1297e-09	-0.30456
9.13256e-09	-0.305418
9.13543e-09	-0.306202
9.13829e-09	-0.306913
9.14115e-09	-0.307549
9.14402e-09	-0.308111
9.14688e-09	-0.308598
9.14975e-09	-0.30901
9.15261e-09	-0.309346
9.15548e-09	-0.309607
9.15834e-09	-0.309792
9.1612e-09	-0.309901
9.16407e-09	-0.309933
9.16693e-09	-0.309888
9.1698e-09	-0.309767
9.17266e-09	-0.309568
9.17553e-09	-0.309293
9.17839e-09	-0.30894
9.18125e-09	-0.30851
9.18412e-09	-0.308002
9.18698e-09	-0.307417
9.18985e-09	-0.306754
9.19271e-09	-0.306013
9.19557e-09	-0.305195
9.19844e-09	-0.304299
9.2013e-09	-0.303326
9.20417e-09	-0.302274
9.20703e-09	-0.301146
9.2099e-09	-0.29994
9.21276e-09	-0.298656
9.21562e-09	-0.297295
9.21849e-09	-0.295857
9.22135e-09	-0.294343
9.22422e-09	-0.292751
9.22708e-09	-0.291083
9.22995e-09	-0.289339
9.23281e-09	-0.287518
9.23567e-09	-0.285622
9.23854e-09	-0.28365
9.2414e-09	-0.281603
9.24427e-09	-0.279481
9.24713e-09	-0.277284
9.25e-09	-0.275013
9.25286e-09	-0.272668
9.25572e-09	-0.27025
9.25859e-09	-0.267759
9.26145e-09	-0.265195
9.26432e-09	-0.262559
9.26718e-09	-0.259851
9.27004e-09	-0.257072
9.27291e-09	-0.254222
9.27577e-09	-0.251302
9.27864e-09	-0.248312
9.2815e-09	-0.245254
9.28437e-09	-0.242127
9.28723e-09	-0.238932
9.29009e-09	-0.23567
9.29296e-09	-0.232341
9.29582e-09	-0.228946
9.29869e-09	-0.225487
9.30155e-09	-0.221962
9.30442e-09	-0.218374
9.30728e-09	-0.214722
9.31014e-09	-0.211009
9.31301e-09	-0.207233
9.31587e-09	-0.203397
9.31874e-09	-0.199501
9.3216e-09	-0.195546
9.32446e-09	-0.191532
9.32733e-09	-0.187461
9.33019e-09	-0.183333
9.33306e-09	-0.179149
9.33592e-09	-0.174911
9.33879e-09	-0.170619
9.34165e-09	-0.166273
9.34451e-09	-0.161876
9.34738e-09	-0.157427
9.35024e-09	-0.152929
9.35311e-09	-0.148381
9.35597e-09	-0.143786
9.35884e-09	-0.139143
9.3617e-09	-0.134454
9.36456e-09	-0.12972
9.36743e-09	-0.124942
9.37029e-09	-0.120122
9.37316e-09	-0.11526
9.37602e-09	-0.110357
9.37888e-09	-0.105414
9.38175e-09	-0.100433
9.38461e-09	-0.0954155
9.38748e-09	-0.0903613
9.39034e-09	-0.0852723
9.39321e-09	-0.0801495
9.39607e-09	-0.0749942
9.39893e-09	-0.0698076
9.4018e-09	-0.0645908
9.40466e-09	-0.0593451
9.40753e-09	-0.0540718
9.41039e-09	-0.048772
9.41326e-09	-0.0434471
9.41612e-09	-0.0380982
9.41898e-09	-0.0327267
9.42185e-09	-0.0273339
9.42471e-09	-0.021921
9.42758e-09	-0.0164894
9.43044e-09	-0.0110402
9.43331e-09	-0.00557496
9.43617e-09	-9.4856e-05
9.43903e-09	0.00539875
9.4419e-09	0.0109045
9.44476e-09	0.0164211
9.44763e-09	0.0219472
9.45049e-09	0.0274814
9.45335e-09	0.0330224
9.45622e-09	0.0385688
9.45908e-09	0.0441192
9.46195e-09	0.0496723
9.46481e-09	0.0552267
9.46768e-09	0.060781
9.47054e-09	0.0663339
9.4734e-09	0.0718839
9.47627e-09	0.0774297
9.47913e-09	0.0829698
9.482e-09	0.088503
9.48486e-09	0.0940277
9.48773e-09	0.0995426
9.49059e-09	0.105046
9.49345e-09	0.110537
9.49632e-09	0.116015
9.49918e-09	0.121476
9.50205e-09	0.126921
9.50491e-09	0.132348
9.50777e-09	0.137755
9.51064e-09	0.143141
9.5135e-09	0.148505
9.51637e-09	0.153845
9.51923e-09	0.15916
9.5221e-09	0.164449
9.52496e-09	0.169709
9.52782e-09	0.17494
9.53069e-09	0.180141
9.53355e-09	0.18531
9.53642e-09	0.190445
9.53928e-09	0.195545
9.54215e-09	0.20061
9.54501e-09	0.205637
9.54787e-09	0.210625
9.55074e-09	0.215573
9.5536e-09	0.22048
9.55647e-09	0.225344
9.55933e-09	0.230164
9.56219e-09	0.234938
9.56506e-09	0.239666
9.56792e-09	0.244346
9.57079e-09	0.248976
9.57365e-09	0.253557
9.57652e-09	0.258085
9.57938e-09	0.26256
9.58224e-09	0.266981
9.58511e-09	0.271347
9.58797e-09	0.275656
9.59084e-09	0.279907
9.5937e-09	0.284099
9.59657e-09	0.288231
9.59943e-09	0.292301
9.60229e-09	0.296309
9.60516e-09	0.300253
9.60802e-09	0.304132
9.61089e-09	0.307945
9.61375e-09	0.31169
9.61662e-09	0.315368
9.61948e-09	0.318977
9.62234e-09	0.322515
9.62521e-09	0.325981
9.62807e-09	0.329376
9.63094e-09	0.332697
9.6338e-09	0.335943
9.63666e-09	0.339114
9.63953e-09	0.342209
9.64239e-09	0.345226
9.64526e-09	0.348165
9.64812e-09	0.351025
9.65099e-09	0.353805
9.65385e-09	0.356504
9.65671e-09	0.359121
9.65958e-09	0.361656
9.66244e-09	0.364107
9.66531e-09	0.366473
9.66817e-09	0.368755
9.67104e-09	0.370951
9.6739e-09	0.37306
9.67676e-09	0.375082
9.67963e-09	0.377016
9.68249e-09	0.378861
9.68536e-09	0.380617
9.68822e-09	0.382283
9.69108e-09	0.383858
9.69395e-09	0.385342
9.69681e-09	0.386735
9.69968e-09	0.388034
9.70254e-09	0.389241
9.70541e-09	0.390355
9.70827e-09	0.391375
9.71113e-09	0.3923
9.714e-09	0.39313
9.71686e-09	0.393865
9.71973e-09	0.394505
9.72259e-09	0.395048
9.72546e-09	0.395495
9.72832e-09	0.395846
9.73118e-09	0.396099
9.73405e-09	0.396255
9.73691e-09	0.396313
9.73978e-09	0.396274
9.74264e-09	0.396136
9.7455e-09	0.3959
9.74837e-09	0.395566
9.75123e-09	0.395133
9.7541e-09	0.394602
9.75696e-09	0.393972
9.75983e-09	0.393243
9.76269e-09	0.392415
9.76555e-09	0.391488
9.76842e-09	0.390462
9.77128e-09	0.389338
9.77415e-09	0.388115
9.77701e-09	0.386792
9.77988e-09	0.385372
9.78274e-09	0.383853
9.7856e-09	0.382235
9.78847e-09	0.380519
9.79133e-09	0.378706
9.7942e-09	0.376794
9.79706e-09	0.374785
9.79993e-09	0.372679
9.80279e-09	0.370476
9.80565e-09	0.368176
9.80852e-09	0.365781
9.81138e-09	0.363289
9.81425e-09	0.360702
9.81711e-09	0.35802
9.81997e-09	0.355243
9.82284e-09	0.352372
9.8257e-09	0.349408
9.82857e-09	0.34635
9.83143e-09	0.3432
9.8343e-09	0.339958
9.83716e-09	0.336625
9.84002e-09	0.333201
9.84289e-09	0.329687
9.84575e-09	0.326084
9.84862e-09	0.322392
9.85148e-09	0.318612
9.85435e-09	0.314744
9.85721e-09	0.31079
9.86007e-09	0.306751
9.86294e-09	0.302626
9.8658e-09	0.298418
9.86867e-09	0.294126
9.87153e-09	0.289752
9.87439e-09	0.285297
9.87726e-09	0.280761
9.88012e-09	0.276146
9.88299e-09	0.271452
9.88585e-09	0.266681
9.88872e-09	0.261833
9.89158e-09	0.256909
9.89444e-09	0.251911
9.89731e-09	0.24684
9.90017e-09	0.241696
9.90304e-09	0.236481
9.9059e-09	0.231197
9.90877e-09	0.225843
9.91163e-09	0.220421
9.91449e-09	0.214934
9.91736e-09	0.20938
9.92022e-09	0.203763
9.92309e-09	0.198083
9.92595e-09	0.192341
9.92881e-09	0.18654
9.93168e-09	0.180679
9.93454e-09	0.174761
9.93741e-09	0.168786
9.94027e-09	0.162757
9.94314e-09	0.156674
9.946e-09	0.150539
9.94886e-09	0.144353
9.95173e-09	0.138118
9.95459e-09	0.131835
9.95746e-09	0.125506
9.96032e-09	0.119132
9.96319e-09	0.112714
9.96605e-09	0.106254
9.96891e-09	0.0997545
9.97178e-09	0.0932157
9.97464e-09	0.0866395
9.97751e-09	0.0800276
9.98037e-09	0.0733814
9.98324e-09	0.0667025
9.9861e-09	0.0599926
9.98896e-09	0.0532532
9.99183e-09	0.046486
9.99469e-09	0.0396925
9.99756e-09	0.0328745
1.00004e-08	0.0260334
1.00033e-08	0.0191711
1.00061e-08	0.0122891
1.0009e-08	0.00538911
1.00119e-08	-0.00152718
1.00147e-08	-0.00845809
1.00176e-08	-0.0154019
1.00205e-08	-0.022357
1.00233e-08	-0.0293217
1.00262e-08	-0.0362941
1.00291e-08	-0.0432727
1.00319e-08	-0.0502556
1.00348e-08	-0.0572412
1.00377e-08	-0.0642278
1.00405e-08	-0.0712136
1.00434e-08	-0.0781968
1.00462e-08	-0.0851757
1.00491e-08	-0.0921486
1.0052e-08	-0.0991138
1.00548e-08	-0.106069
1.00577e-08	-0.113014
1.00606e-08	-0.119945
1.00634e-08	-0.126862
1.00663e-08	-0.133762
1.00692e-08	-0.140644
1.0072e-08	-0.147506
1.00749e-08	-0.154346
1.00778e-08	-0.161162
1.00806e-08	-0.167954
1.00835e-08	-0.174718
1.00863e-08	-0.181454
1.00892e-08	-0.188159
1.00921e-08	-0.194832
1.00949e-08	-0.201471
1.00978e-08	-0.208074
1.01007e-08	-0.21464
1.01035e-08	-0.221167
1.01064e-08	-0.227654
1.01093e-08	-0.234098
1.01121e-08	-0.240497
1.0115e-08	-0.246851
1.01179e-08	-0.253157
1.01207e-08	-0.259415
1.01236e-08	-0.265621
1.01264e-08	-0.271775
1.01293e-08	-0.277874
1.01322e-08	-0.283918
1.0135e-08	-0.289905
1.01379e-08	-0.295833
1.01408e-08	-0.3017
1.01436e-08	-0.307504
1.01465e-08	-0.313246
1.01494e-08	-0.318921
1.01522e-08	-0.32453
1.01551e-08	-0.330071
1.0158e-08	-0.335542
1.01608e-08	-0.340941
1.01637e-08	-0.346268
1.01665e-08	-0.35152
1.01694e-08	-0.356696
1.01723e-08	-0.361795
1.01751e-08	-0.366816
1.0178e-08	-0.371756
1.01809e-08	-0.376615
1.01837e-08	-0.381391
1.01866e-08	-0.386082
1.01895e-08	-0.390688
1.01923e-08	-0.395208
1.01952e-08	-0.399639
1.01981e-08	-0.40398
1.02009e-08	-0.408231
1.02038e-08	-0.41239
1.02066e-08	-0.416455
1.02095e-08	-0.420427
1.02124e-08	-0.424302
1.02152e-08	-0.428081
1.02181e-08	-0.431762
1.0221e-08	-0.435344
1.02238e-08	-0.438826
1.02267e-08	-0.442207
1.02296e-08	-0.445486
1.02324e-08	-0.448661
1.02353e-08	-0.451732
1.02382e-08	-0.454698
1.0241e-08	-0.457557
1.02439e-08	-0.46031
1.02467e-08	-0.462955
1.02496e-08	-0.46549
1.02525e-08	-0.467916
1.02553e-08	-0.470232
1.02582e-08	-0.472436
1.02611e-08	-0.474528
1.02639e-08	-0.476507
1.02668e-08	-0.478372
1.02697e-08	-0.480124
1.02725e-08	-0.48176
1.02754e-08	-0.483281
1.02782e-08	-0.484685
1.02811e-08	-0.485973
1.0284e-08	-0.487143
1.02868e-08	-0.488195
1.02897e-08	-0.489129
1.02926e-08	-0.489945
1.02954e-08	-0.49064
1.02983e-08	-0.491217
1.03012e-08	-0.491673
1.0304e-08	-0.492008
1.03069e-08	-0.492223
1.03098e-08	-0.492317
1.03126e-08	-0.492289
1.03155e-08	-0.49214
1.03183e-08	-0.491869
1.03212e-08	-0.491476
1.03241e-08	-0.490961
1.03269e-08	-0.490324
1.03298e-08	-0.489565
1.03327e-08	-0.488683
1.03355e-08	-0.487679
1.03384e-08	-0.486552
1.03413e-08	-0.485303
1.03441e-08	-0.483931
1.0347e-08	-0.482438
1.03499e-08	-0.480822
1.03527e-08	-0.479085
1.03556e-08	-0.477226
1.03584e-08	-0.475245
1.03613e-08	-0.473143
1.03642e-08	-0.47092
1.0367e-08	-0.468576
1.03699e-08	-0.466112
1.03728e-08	-0.463528
1.03756e-08	-0.460825
1.03785e-08	-0.458002
1.03814e-08	-0.455061
1.03842e-08	-0.452002
1.03871e-08	-0.448825
1.039e-08	-0.445531
1.03928e-08	-0.44212
1.03957e-08	-0.438594
1.03985e-08	-0.434953
1.04014e-08	-0.431196
1.04043e-08	-0.427327
1.04071e-08	-0.423344
1.041e-08	-0.419248
1.04129e-08	-0.415041
1.04157e-08	-0.410724
1.04186e-08	-0.406296
1.04215e-08	-0.40176
1.04243e-08	-0.397115
1.04272e-08	-0.392364
1.04301e-08	-0.387506
1.04329e-08	-0.382543
1.04358e-08	-0.377476
1.04386e-08	-0.372306
1.04415e-08	-0.367034
1.04444e-08	-0.361661
1.04472e-08	-0.356188
1.04501e-08	-0.350617
1.0453e-08	-0.344949
1.04558e-08	-0.339184
1.04587e-08	-0.333324
1.04616e-08	-0.327371
1.04644e-08	-0.321325
1.04673e-08	-0.315188
1.04702e-08	-0.308962
1.0473e-08	-0.302647
1.04759e-08	-0.296246
1.04787e-08	-0.289759
1.04816e-08	-0.283188
1.04845e-08	-0.276534
1.04873e-08	-0.269799
1.04902e-08	-0.262985
1.04931e-08	-0.256092
1.04959e-08	-0.249123
1.04988e-08	-0.242079
1.05017e-08	-0.234962
1.05045e-08	-0.227774
1.05074e-08	-0.220515
1.05103e-08	-0.213188
1.05131e-08	-0.205794
1.0516e-08	-0.198335
1.05188e-08	-0.190813
1.05217e-08	-0.18323
1.05246e-08	-0.175587
1.05274e-08	-0.167886
1.05303e-08	-0.160129
1.05332e-08	-0.152317
1.0536e-08	-0.144453
1.05389e-08	-0.136539
1.05418e-08	-0.128575
1.05446e-08	-0.120565
1.05475e-08	-0.11251
1.05504e-08	-0.104412
1.05532e-08	-0.0962723
1.05561e-08	-0.0880937
1.05589e-08	-0.0798779
1.05618e-08	-0.0716268
1.05647e-08	-0.0633424
1.05675e-08	-0.0550268
1.05704e-08	-0.0466818
1.05733e-08	-0.0383096
1.05761e-08	-0.0299121
1.0579e-08	-0.0214915
1.05819e-08	-0.0130496
1.05847e-08	-0.00458865
1.05876e-08	0.00388935
1.05904e-08	0.0123823
1.05933e-08	0.0208882
1.05962e-08	0.0294049
1.0599e-08	0.0379303
1.06019e-08	0.0464623
1.06048e-08	0.0549988
1.06076e-08	0.0635377
1.06105e-08	0.072077
1.06134e-08	0.0806144
1.06162e-08	0.0891478
1.06191e-08	0.0976752
1.0622e-08	0.106194
1.06248e-08	0.114703
1.06277e-08	0.1232
1.06305e-08	0.131681
1.06334e-08	0.140146
1.06363e-08	0.148593
1.06391e-08	0.157018
1.0642e-08	0.16542
1.06449e-08	0.173797
1.06477e-08	0.182146
1.06506e-08	0.190466
1.06535e-08	0.198755
1.06563e-08	0.207009
1.06592e-08	0.215228
1.06621e-08	0.223409
1.06649e-08	0.23155
1.06678e-08	0.239648
1.06706e-08	0.247703
1.06735e-08	0.255711
1.06764e-08	0.263671
1.06792e-08	0.27158
1.06821e-08	0.279437
1.0685e-08	0.28724
1.06878e-08	0.294986
1.06907e-08	0.302673
1.06936e-08	0.3103
1.06964e-08	0.317864
1.06993e-08	0.325363
1.07022e-08	0.332796
1.0705e-08	0.34016
1.07079e-08	0.347454
1.07107e-08	0.354675
1.07136e-08	0.361823
1.07165e-08	0.368893
1.07193e-08	0.375886
1.07222e-08	0.382799
1.07251e-08	0.389629
1.07279e-08	0.396376
1.07308e-08	0.403038
1.07337e-08	0.409612
1.07365e-08	0.416097
1.07394e-08	0.422491
1.07423e-08	0.428792
1.07451e-08	0.434999
1.0748e-08	0.44111
1.07508e-08	0.447123
1.07537e-08	0.453037
1.07566e-08	0.458849
1.07594e-08	0.464559
1.07623e-08	0.470165
1.07652e-08	0.475664
1.0768e-08	0.481056
1.07709e-08	0.48634
1.07738e-08	0.491512
1.07766e-08	0.496573
1.07795e-08	0.50152
1.07824e-08	0.506352
1.07852e-08	0.511069
1.07881e-08	0.515667
1.07909e-08	0.520147
1.07938e-08	0.524506
1.07967e-08	0.528744
1.07995e-08	0.532858
1.08024e-08	0.536849
1.08053e-08	0.540714
1.08081e-08	0.544453
1.0811e-08	0.548064
1.08139e-08	0.551547
1.08167e-08	0.554899
1.08196e-08	0.558121
1.08225e-08	0.561211
1.08253e-08	0.564168
1.08282e-08	0.56699
1.0831e-08	0.569679
1.08339e-08	0.572231
1.08368e-08	0.574647
1.08396e-08	0.576925
1.08425e-08	0.579065
1.08454e-08	0.581066
1.08482e-08	0.582927
1.08511e-08	0.584648
1.0854e-08	0.586227
1.08568e-08	0.587665
1.08597e-08	0.58896
1.08626e-08	0.590113
1.08654e-08	0.591122
1.08683e-08	0.591987
1.08711e-08	0.592707
1.0874e-08	0.593283
1.08769e-08	0.593713
1.08797e-08	0.593998
1.08826e-08	0.594137
1.08855e-08	0.594129
1.08883e-08	0.593975
1.08912e-08	0.593675
1.08941e-08	0.593227
1.08969e-08	0.592632
1.08998e-08	0.591891
1.09026e-08	0.591002
1.09055e-08	0.589966
1.09084e-08	0.588782
1.09112e-08	0.587452
1.09141e-08	0.585974
1.0917e-08	0.584349
1.09198e-08	0.582578
1.09227e-08	0.58066
1.09256e-08	0.578595
1.09284e-08	0.576384
1.09313e-08	0.574028
1.09342e-08	0.571526
1.0937e-08	0.568878
1.09399e-08	0.566086
1.09427e-08	0.56315
1.09456e-08	0.56007
1.09485e-08	0.556846
1.09513e-08	0.55348
1.09542e-08	0.549972
1.09571e-08	0.546322
1.09599e-08	0.542531
1.09628e-08	0.5386
1.09657e-08	0.53453
1.09685e-08	0.530321
1.09714e-08	0.525974
1.09743e-08	0.52149
1.09771e-08	0.51687
1.098e-08	0.512115
1.09828e-08	0.507226
1.09857e-08	0.502203
1.09886e-08	0.497048
1.09914e-08	0.491763
1.09943e-08	0.486347
1.09972e-08	0.480802
1.1e-08	0.475129
1.10029e-08	0.469329
1.10058e-08	0.463405
1.10086e-08	0.457356
1.10115e-08	0.451184
1.10144e-08	0.444891
1.10172e-08	0.438478
1.10201e-08	0.431946
1.10229e-08	0.425296
1.10258e-08	0.418531
1.10287e-08	0.411652
1.10315e-08	0.404659
1.10344e-08	0.397555
1.10373e-08	0.390342
1.10401e-08	0.38302
1.1043e-08	0.375592
1.10459e-08	0.368059
1.10487e-08	0.360423
1.10516e-08	0.352686
1.10545e-08	0.344848
1.10573e-08	0.336913
1.10602e-08	0.328882
1.1063e-08	0.320757
1.10659e-08	0.312539
1.10688e-08	0.304231
1.10716e-08	0.295834
1.10745e-08	0.287351
1.10774e-08	0.278783
1.10802e-08	0.270132
1.10831e-08	0.2614
1.1086e-08	0.25259
1.10888e-08	0.243703
1.10917e-08	0.234742
1.10946e-08	0.225708
1.10974e-08	0.216604
1.11003e-08	0.207432
1.11031e-08	0.198194
1.1106e-08	0.188892
1.11089e-08	0.179528
1.11117e-08	0.170105
1.11146e-08	0.160625
1.11175e-08	0.15109
1.11203e-08	0.141503
1.11232e-08	0.131865
1.11261e-08	0.122179
1.11289e-08	0.112447
1.11318e-08	0.102672
1.11347e-08	0.0928562
1.11375e-08	0.0830016
1.11404e-08	0.0731107
1.11432e-08	0.0631861
1.11461e-08	0.0532299
1.1149e-08	0.0432447
1.11518e-08	0.033233
1.11547e-08	0.023197
1.11576e-08	0.0131394
1.11604e-08	0.00306249
1.11633e-08	-0.0070312
1.11662e-08	-0.0171392
1.1169e-08	-0.027259
1.11719e-08	-0.0373882
1.11748e-08	-0.0475242
1.11776e-08	-0.0576646
1.11805e-08	-0.0678068
1.11833e-08	-0.0779483
1.11862e-08	-0.0880867
1.11891e-08	-0.0982193
1.11919e-08	-0.108344
1.11948e-08	-0.118457
1.11977e-08	-0.128558
1.12005e-08	-0.138642
1.12034e-08	-0.148709
1.12063e-08	-0.158754
1.12091e-08	-0.168776
1.1212e-08	-0.178772
1.12148e-08	-0.18874
1.12177e-08	-0.198677
1.12206e-08	-0.20858
1.12234e-08	-0.218448
1.12263e-08	-0.228277
1.12292e-08	-0.238065
1.1232e-08	-0.24781
1.12349e-08	-0.257509
1.12378e-08	-0.267159
1.12406e-08	-0.276759
1.12435e-08	-0.286305
1.12464e-08	-0.295796
1.12492e-08	-0.305228
1.12521e-08	-0.3146
1.12549e-08	-0.323909
1.12578e-08	-0.333152
1.12607e-08	-0.342327
1.12635e-08	-0.351433
1.12664e-08	-0.360465
1.12693e-08	-0.369423
1.12721e-08	-0.378304
1.1275e-08	-0.387105
1.12779e-08	-0.395824
1.12807e-08	-0.404459
1.12836e-08	-0.413007
1.12865e-08	-0.421467
1.12893e-08	-0.429836
1.12922e-08	-0.438112
1.1295e-08	-0.446292
1.12979e-08	-0.454375
1.13008e-08	-0.462359
1.13036e-08	-0.47024
1.13065e-08	-0.478018
1.13094e-08	-0.48569
1.13122e-08	-0.493253
1.13151e-08	-0.500707
1.1318e-08	-0.508049
1.13208e-08	-0.515276
1.13237e-08	-0.522388
1.13266e-08	-0.529382
1.13294e-08	-0.536255
1.13323e-08	-0.543007
1.13351e-08	-0.549636
1.1338e-08	-0.556139
1.13409e-08	-0.562515
1.13437e-08	-0.568761
1.13466e-08	-0.574877
1.13495e-08	-0.580861
1.13523e-08	-0.58671
1.13552e-08	-0.592424
1.13581e-08	-0.598
1.13609e-08	-0.603438
1.13638e-08	-0.608734
1.13667e-08	-0.613889
1.13695e-08	-0.6189
1.13724e-08	-0.623766
1.13752e-08	-0.628486
1.13781e-08	-0.633058
1.1381e-08	-0.637481
1.13838e-08	-0.641753
1.13867e-08	-0.645873
1.13896e-08	-0.649841
1.13924e-08	-0.653654
1.13953e-08	-0.657312
1.13982e-08	-0.660814
1.1401e-08	-0.664157
1.14039e-08	-0.667343
1.14068e-08	-0.670368
1.14096e-08	-0.673233
1.14125e-08	-0.675936
1.14153e-08	-0.678477
1.14182e-08	-0.680854
1.14211e-08	-0.683067
1.14239e-08	-0.685115
1.14268e-08	-0.686997
1.14297e-08	-0.688713
1.14325e-08	-0.690262
1.14354e-08	-0.691643
1.14383e-08	-0.692855
1.14411e-08	-0.693899
1.1444e-08	-0.694773
1.14469e-08	-0.695478
1.14497e-08	-0.696012
1.14526e-08	-0.696375
1.14554e-08	-0.696568
1.14583e-08	-0.696589
1.14612e-08	-0.696439
1.1464e-08	-0.696117
1.14669e-08	-0.695623
1.14698e-08	-0.694957
1.14726e-08	-0.694119
1.14755e-08	-0.693109
1.14784e-08	-0.691927
1.14812e-08	-0.690572
1.14841e-08	-0.689046
1.1487e-08	-0.687348
1.14898e-08	-0.685478
1.14927e-08	-0.683436
1.14955e-08	-0.681224
1.14984e-08	-0.67884
1.15013e-08	-0.676286
1.15041e-08	-0.673562
1.1507e-08	-0.670668
1.15099e-08	-0.667604
1.15127e-08	-0.664372
1.15156e-08	-0.660972
1.15185e-08	-0.657404
1.15213e-08	-0.65367
1.15242e-08	-0.649769
1.1527e-08	-0.645702
1.15299e-08	-0.641471
1.15328e-08	-0.637076
1.15356e-08	-0.632518
1.15385e-08	-0.627798
1.15414e-08	-0.622916
1.15442e-08	-0.617875
1.15471e-08	-0.612674
1.155e-08	-0.607315
1.15528e-08	-0.601799
1.15557e-08	-0.596127
1.15586e-08	-0.5903
1.15614e-08	-0.58432
1.15643e-08	-0.578188
1.15671e-08	-0.571905
1.157e-08	-0.565472
1.15729e-08	-0.558891
1.15757e-08	-0.552164
1.15786e-08	-0.545291
1.15815e-08	-0.538275
1.15843e-08	-0.531116
1.15872e-08	-0.523816
1.15901e-08	-0.516378
1.15929e-08	-0.508802
1.15958e-08	-0.501091
1.15987e-08	-0.493245
1.16015e-08	-0.485268
1.16044e-08	-0.47716
1.16072e-08	-0.468923
1.16101e-08	-0.46056
1.1613e-08	-0.452071
1.16158e-08	-0.44346
1.16187e-08	-0.434729
1.16216e-08	-0.425878
1.16244e-08	-0.41691
1.16273e-08	-0.407827
1.16302e-08	-0.398632
1.1633e-08	-0.389326
1.16359e-08	-0.379912
1.16388e-08	-0.370391
1.16416e-08	-0.360767
1.16445e-08	-0.35104
1.16473e-08	-0.341214
1.16502e-08	-0.331291
1.16531e-08	-0.321273
1.16559e-08	-0.311162
1.16588e-08	-0.300961
1.16617e-08	-0.290673
1.16645e-08	-0.280299
1.16674e-08	-0.269842
1.16703e-08	-0.259305
1.16731e-08	-0.248689
1.1676e-08	-0.237999
1.16789e-08	-0.227236
1.16817e-08	-0.216402
1.16846e-08	-0.205501
1.16874e-08	-0.194534
1.16903e-08	-0.183505
1.16932e-08	-0.172417
1.1696e-08	-0.161271
1.16989e-08	-0.150071
1.17018e-08	-0.138819
1.17046e-08	-0.127518
1.17075e-08	-0.116171
1.17104e-08	-0.104781
1.17132e-08	-0.0933492
1.17161e-08	-0.0818798
1.1719e-08	-0.0703751
1.17218e-08	-0.0588381
1.17247e-08	-0.0472715
1.17275e-08	-0.0356782
1.17304e-08	-0.0240609
1.17333e-08	-0.0124226
1.17361e-08	-0.000766009
1.1739e-08	0.0109059
1.17419e-08	0.0225903
1.17447e-08	0.0342843
1.17476e-08	0.0459851
1.17505e-08	0.0576897
1.17533e-08	0.0693952
1.17562e-08	0.0810988
1.17591e-08	0.0927975
1.17619e-08	0.104489
1.17648e-08	0.116169
1.17676e-08	0.127836
1.17705e-08	0.139486
1.17734e-08	0.151117
1.17762e-08	0.162725
1.17791e-08	0.174309
1.1782e-08	0.185864
1.17848e-08	0.197389
1.17877e-08	0.208879
1.17906e-08	0.220333
1.17934e-08	0.231747
1.17963e-08	0.243119
1.17991e-08	0.254445
1.1802e-08	0.265723
1.18049e-08	0.27695
1.18077e-08	0.288123
1.18106e-08	0.299239
1.18135e-08	0.310295
1.18163e-08	0.321289
1.18192e-08	0.332218
1.18221e-08	0.343079
1.18249e-08	0.353869
1.18278e-08	0.364586
1.18307e-08	0.375226
1.18335e-08	0.385787
1.18364e-08	0.396267
1.18392e-08	0.406662
1.18421e-08	0.41697
1.1845e-08	0.427188
1.18478e-08	0.437314
1.18507e-08	0.447345
1.18536e-08	0.457278
1.18564e-08	0.467111
1.18593e-08	0.476841
1.18622e-08	0.486466
1.1865e-08	0.495983
1.18679e-08	0.50539
1.18708e-08	0.514684
1.18736e-08	0.523863
1.18765e-08	0.532924
1.18793e-08	0.541865
1.18822e-08	0.550684
1.18851e-08	0.559378
1.18879e-08	0.567945
1.18908e-08	0.576383
1.18937e-08	0.58469
1.18965e-08	0.592862
1.18994e-08	0.600899
1.19023e-08	0.608797
1.19051e-08	0.616556
1.1908e-08	0.624172
1.19109e-08	0.631643
1.19137e-08	0.638969
1.19166e-08	0.646146
1.19194e-08	0.653172
1.19223e-08	0.660047
1.19252e-08	0.666767
1.1928e-08	0.673331
1.19309e-08	0.679737
1.19338e-08	0.685984
1.19366e-08	0.69207
1.19395e-08	0.697992
1.19424e-08	0.70375
1.19452e-08	0.709342
1.19481e-08	0.714766
1.1951e-08	0.72002
1.19538e-08	0.725103
1.19567e-08	0.730014
1.19595e-08	0.734751
1.19624e-08	0.739313
1.19653e-08	0.743699
1.19681e-08	0.747907
1.1971e-08	0.751935
1.19739e-08	0.755784
1.19767e-08	0.759451
1.19796e-08	0.762935
1.19825e-08	0.766236
1.19853e-08	0.769352
1.19882e-08	0.772282
1.19911e-08	0.775026
1.19939e-08	0.777582
1.19968e-08	0.77995
1.19996e-08	0.782129
1.20025e-08	0.784118
1.20054e-08	0.785916
1.20082e-08	0.787523
1.20111e-08	0.788939
1.2014e-08	0.790161
1.20168e-08	0.791191
1.20197e-08	0.792027
1.20226e-08	0.792669
1.20254e-08	0.793117
1.20283e-08	0.79337
1.20312e-08	0.793428
1.2034e-08	0.793292
1.20369e-08	0.792959
1.20397e-08	0.792432
1.20426e-08	0.791709
1.20455e-08	0.79079
1.20483e-08	0.789675
1.20512e-08	0.788365
1.20541e-08	0.786859
1.20569e-08	0.785158
1.20598e-08	0.783262
1.20627e-08	0.781172
1.20655e-08	0.778886
1.20684e-08	0.776406
1.20713e-08	0.773733
1.20741e-08	0.770866
1.2077e-08	0.767806
1.20798e-08	0.764553
1.20827e-08	0.761109
1.20856e-08	0.757474
1.20884e-08	0.753649
1.20913e-08	0.749633
1.20942e-08	0.745429
1.2097e-08	0.741036
1.20999e-08	0.736457
1.21028e-08	0.731691
1.21056e-08	0.726739
1.21085e-08	0.721604
1.21113e-08	0.716285
1.21142e-08	0.710784
1.21171e-08	0.705102
1.21199e-08	0.69924
1.21228e-08	0.6932
1.21257e-08	0.686982
1.21285e-08	0.680588
1.21314e-08	0.67402
1.21343e-08	0.667279
1.21371e-08	0.660367
1.214e-08	0.653284
1.21429e-08	0.646033
1.21457e-08	0.638615
1.21486e-08	0.631031
1.21514e-08	0.623285
1.21543e-08	0.615376
1.21572e-08	0.607307
1.216e-08	0.59908
1.21629e-08	0.590697
1.21658e-08	0.582159
1.21686e-08	0.573469
1.21715e-08	0.564629
1.21744e-08	0.555639
1.21772e-08	0.546504
1.21801e-08	0.537224
1.2183e-08	0.527802
1.21858e-08	0.51824
1.21887e-08	0.50854
1.21915e-08	0.498705
1.21944e-08	0.488737
1.21973e-08	0.478637
1.22001e-08	0.468409
1.2203e-08	0.458055
1.22059e-08	0.447577
1.22087e-08	0.436978
1.22116e-08	0.42626
1.22145e-08	0.415426
1.22173e-08	0.404479
1.22202e-08	0.39342
1.22231e-08	0.382252
1.22259e-08	0.370979
1.22288e-08	0.359603
1.22316e-08	0.348126
1.22345e-08	0.336552
1.22374e-08	0.324882
1.22402e-08	0.313121
1.22431e-08	0.30127
1.2246e-08	0.289332
1.22488e-08	0.277311
1.22517e-08	0.265209
1.22546e-08	0.25303
1.22574e-08	0.240775
1.22603e-08	0.228448
1.22632e-08	0.216053
1.2266e-08	0.203591
1.22689e-08	0.191067
1.22717e-08	0.178482
1.22746e-08	0.165841
1.22775e-08	0.153146
1.22803e-08	0.1404
1.22832e-08	0.127606
1.22861e-08	0.114768
1.22889e-08	0.101889
1.22918e-08	0.0889712
1.22947e-08	0.0760184
1.22975e-08	0.0630337
1.23004e-08	0.0500203
1.23033e-08	0.0369814
1.23061e-08	0.0239201
1.2309e-08	0.0108396
1.23118e-08	-0.0022567
1.23147e-08	-0.0153657
1.23176e-08	-0.0284842
1.23204e-08	-0.041609
1.23233e-08	-0.0547367
1.23262e-08	-0.0678642
1.2329e-08	-0.0809881
1.23319e-08	-0.0941053
1.23348e-08	-0.107213
1.23376e-08	-0.120306
1.23405e-08	-0.133384
1.23434e-08	-0.146442
1.23462e-08	-0.159476
1.23491e-08	-0.172485
1.23519e-08	-0.185463
1.23548e-08	-0.19841
1.23577e-08	-0.21132
1.23605e-08	-0.224191
1.23634e-08	-0.237019
1.23663e-08	-0.249802
1.23691e-08	-0.262536
1.2372e-08	-0.275218
1.23749e-08	-0.287845
1.23777e-08	-0.300413
1.23806e-08	-0.31292
1.23835e-08	-0.325362
1.23863e-08	-0.337736
1.23892e-08	-0.350039
1.2392e-08	-0.362268
1.23949e-08	-0.374419
1.23978e-08	-0.386491
1.24006e-08	-0.398479
1.24035e-08	-0.410381
1.24064e-08	-0.422193
1.24092e-08	-0.433913
1.24121e-08	-0.445537
1.2415e-08	-0.457063
1.24178e-08	-0.468488
1.24207e-08	-0.479808
1.24235e-08	-0.491021
1.24264e-08	-0.502124
1.24293e-08	-0.513114
1.24321e-08	-0.523989
1.2435e-08	-0.534745
1.24379e-08	-0.54538
1.24407e-08	-0.55589
1.24436e-08	-0.566274
1.24465e-08	-0.576529
1.24493e-08	-0.586651
1.24522e-08	-0.596639
1.24551e-08	-0.606489
1.24579e-08	-0.616199
1.24608e-08	-0.625767
1.24636e-08	-0.63519
1.24665e-08	-0.644466
1.24694e-08	-0.653592
1.24722e-08	-0.662566
1.24751e-08	-0.671385
1.2478e-08	-0.680047
1.24808e-08	-0.68855
1.24837e-08	-0.696891
1.24866e-08	-0.705069
1.24894e-08	-0.713081
1.24923e-08	-0.720925
1.24952e-08	-0.728599
1.2498e-08	-0.736101
1.25009e-08	-0.743429
1.25037e-08	-0.75058
1.25066e-08	-0.757554
1.25095e-08	-0.764348
1.25123e-08	-0.77096
1.25152e-08	-0.777388
1.25181e-08	-0.783631
1.25209e-08	-0.789687
1.25238e-08	-0.795555
1.25267e-08	-0.801232
1.25295e-08	-0.806717
1.25324e-08	-0.812009
1.25353e-08	-0.817105
1.25381e-08	-0.822006
1.2541e-08	-0.826709
1.25438e-08	-0.831212
1.25467e-08	-0.835516
1.25496e-08	-0.839617
1.25524e-08	-0.843516
1.25553e-08	-0.847211
1.25582e-08	-0.850701
1.2561e-08	-0.853985
1.25639e-08	-0.857062
1.25668e-08	-0.859931
1.25696e-08	-0.862591
1.25725e-08	-0.865041
1.25754e-08	-0.86728
1.25782e-08	-0.869308
1.25811e-08	-0.871125
1.25839e-08	-0.872728
1.25868e-08	-0.874119
1.25897e-08	-0.875296
1.25925e-08	-0.876258
1.25954e-08	-0.877006
1.25983e-08	-0.877539
1.26011e-08	-0.877857
1.2604e-08	-0.877959
1.26069e-08	-0.877846
1.26097e-08	-0.877516
1.26126e-08	-0.87697
1.26155e-08	-0.876209
1.26183e-08	-0.875231
1.26212e-08	-0.874037
1.2624e-08	-0.872627
1.26269e-08	-0.871001
1.26298e-08	-0.86916
1.26326e-08	-0.867104
1.26355e-08	-0.864833
1.26384e-08	-0.862347
1.26412e-08	-0.859647
1.26441e-08	-0.856733
1.2647e-08	-0.853606
1.26498e-08	-0.850267
1.26527e-08	-0.846716
1.26556e-08	-0.842954
1.26584e-08	-0.838981
1.26613e-08	-0.834799
1.26641e-08	-0.830408
1.2667e-08	-0.825809
1.26699e-08	-0.821003
1.26727e-08	-0.815992
1.26756e-08	-0.810775
1.26785e-08	-0.805355
1.26813e-08	-0.799733
1.26842e-08	-0.793909
1.26871e-08	-0.787885
1.26899e-08	-0.781663
1.26928e-08	-0.775243
1.26957e-08	-0.768627
1.26985e-08	-0.761818
1.27014e-08	-0.754815
1.27042e-08	-0.747621
1.27071e-08	-0.740237
1.271e-08	-0.732665
1.27128e-08	-0.724907
1.27157e-08	-0.716965
1.27186e-08	-0.708839
1.27214e-08	-0.700533
1.27243e-08	-0.692048
1.27272e-08	-0.683387
1.273e-08	-0.67455
1.27329e-08	-0.66554
1.27357e-08	-0.656359
1.27386e-08	-0.64701
1.27415e-08	-0.637494
1.27443e-08	-0.627814
1.27472e-08	-0.617972
1.27501e-08	-0.60797
1.27529e-08	-0.597811
1.27558e-08	-0.587497
1.27587e-08	-0.57703
1.27615e-08	-0.566413
1.27644e-08	-0.555649
1.27673e-08	-0.544739
1.27701e-08	-0.533687
1.2773e-08	-0.522495
1.27758e-08	-0.511166
1.27787e-08	-0.499703
1.27816e-08	-0.488108
1.27844e-08	-0.476384
1.27873e-08	-0.464533
1.27902e-08	-0.45256
1.2793e-08	-0.440465
1.27959e-08	-0.428254
1.27988e-08	-0.415927
1.28016e-08	-0.403489
1.28045e-08	-0.390942
1.28074e-08	-0.37829
1.28102e-08	-0.365535
1.28131e-08	-0.35268
1.28159e-08	-0.339729
1.28188e-08	-0.326684
1.28217e-08	-0.313549
1.28245e-08	-0.300328
1.28274e-08	-0.287022
1.28303e-08	-0.273636
1.28331e-08	-0.260173
1.2836e-08	-0.246635
1.28389e-08	-0.233027
1.28417e-08	-0.219352
1.28446e-08	-0.205612
1.28475e-08	-0.191811
1.28503e-08	-0.177954
1.28532e-08	-0.164042
1.2856e-08	-0.150079
1.28589e-08	-0.13607
1.28618e-08	-0.122016
1.28646e-08	-0.107922
1.28675e-08	-0.0937917
1.28704e-08	-0.0796276
1.28732e-08	-0.0654336
1.28761e-08	-0.0512132
1.2879e-08	-0.0369699
1.28818e-08	-0.0227071
1.28847e-08	-0.00842841
1.28876e-08	0.00586269
1.28904e-08	0.0201627
1.28933e-08	0.034468
1.28961e-08	0.0487752
1.2899e-08	0.0630806
1.29019e-08	0.0773808
1.29047e-08	0.0916721
1.29076e-08	0.105951
1.29105e-08	0.120214
1.29133e-08	0.134458
1.29162e-08	0.148679
1.29191e-08	0.162873
1.29219e-08	0.177038
1.29248e-08	0.191168
1.29277e-08	0.205262
1.29305e-08	0.219315
1.29334e-08	0.233324
1.29362e-08	0.247286
1.29391e-08	0.261196
1.2942e-08	0.275052
1.29448e-08	0.28885
1.29477e-08	0.302587
1.29506e-08	0.316259
1.29534e-08	0.329862
1.29563e-08	0.343394
1.29592e-08	0.356851
1.2962e-08	0.370229
1.29649e-08	0.383525
1.29678e-08	0.396736
1.29706e-08	0.409859
1.29735e-08	0.42289
1.29763e-08	0.435825
1.29792e-08	0.448663
1.29821e-08	0.461398
1.29849e-08	0.474029
1.29878e-08	0.486552
1.29907e-08	0.498964
1.29935e-08	0.511262
1.29964e-08	0.523442
1.29993e-08	0.535501
1.30021e-08	0.547437
1.3005e-08	0.559246
1.30079e-08	0.570926
1.30107e-08	0.582473
1.30136e-08	0.593885
1.30164e-08	0.605158
1.30193e-08	0.61629
1.30222e-08	0.627277
1.3025e-08	0.638118
1.30279e-08	0.648809
1.30308e-08	0.659347
1.30336e-08	0.669731
1.30365e-08	0.679956
1.30394e-08	0.690021
1.30422e-08	0.699923
1.30451e-08	0.709659
1.30479e-08	0.719227
1.30508e-08	0.728624
1.30537e-08	0.737848
1.30565e-08	0.746897
1.30594e-08	0.755768
1.30623e-08	0.764459
1.30651e-08	0.772968
1.3068e-08	0.781292
1.30709e-08	0.789429
1.30737e-08	0.797378
1.30766e-08	0.805135
1.30795e-08	0.812699
1.30823e-08	0.820069
1.30852e-08	0.827241
1.3088e-08	0.834215
1.30909e-08	0.840988
1.30938e-08	0.847558
1.30966e-08	0.853925
1.30995e-08	0.860085
1.31024e-08	0.866038
1.31052e-08	0.871781
1.31081e-08	0.877314
1.3111e-08	0.882635
1.31138e-08	0.887742
1.31167e-08	0.892633
1.31196e-08	0.897309
1.31224e-08	0.901767
1.31253e-08	0.906006
1.31281e-08	0.910024
1.3131e-08	0.913822
1.31339e-08	0.917397
1.31367e-08	0.920749
1.31396e-08	0.923877
1.31425e-08	0.926779
1.31453e-08	0.929456
1.31482e-08	0.931906
1.31511e-08	0.934128
1.31539e-08	0.936121
1.31568e-08	0.937886
1.31597e-08	0.939422
1.31625e-08	0.940728
1.31654e-08	0.941803
1.31682e-08	0.942647
1.31711e-08	0.94326
1.3174e-08	0.943642
1.31768e-08	0.943792
1.31797e-08	0.94371
1.31826e-08	0.943397
1.31854e-08	0.942851
1.31883e-08	0.942073
1.31912e-08	0.941064
1.3194e-08	0.939822
1.31969e-08	0.938349
1.31998e-08	0.936644
1.32026e-08	0.934709
1.32055e-08	0.932542
1.32083e-08	0.930145
1.32112e-08	0.927519
1.32141e-08	0.924662
1.32169e-08	0.921577
1.32198e-08	0.918264
1.32227e-08	0.914724
1.32255e-08	0.910956
1.32284e-08	0.906963
1.32313e-08	0.902745
1.32341e-08	0.898302
1.3237e-08	0.893636
1.32399e-08	0.888749
1.32427e-08	0.88364
1.32456e-08	0.878311
1.32484e-08	0.872764
1.32513e-08	0.866999
1.32542e-08	0.861017
1.3257e-08	0.854822
1.32599e-08	0.848412
1.32628e-08	0.841791
1.32656e-08	0.83496
1.32685e-08	0.827919
1.32714e-08	0.820672
1.32742e-08	0.813219
1.32771e-08	0.805562
1.328e-08	0.797703
1.32828e-08	0.789644
1.32857e-08	0.781387
1.32885e-08	0.772934
1.32914e-08	0.764286
1.32943e-08	0.755446
1.32971e-08	0.746416
1.33e-08	0.737198
1.33029e-08	0.727793
1.33057e-08	0.718206
1.33086e-08	0.708436
1.33115e-08	0.698488
1.33143e-08	0.688363
1.33172e-08	0.678064
1.33201e-08	0.667593
1.33229e-08	0.656952
1.33258e-08	0.646145
1.33286e-08	0.635174
1.33315e-08	0.624041
1.33344e-08	0.612749
1.33372e-08	0.601301
1.33401e-08	0.5897
1.3343e-08	0.577948
1.33458e-08	0.566048
1.33487e-08	0.554003
1.33516e-08	0.541817
1.33544e-08	0.529491
1.33573e-08	0.517029
1.33601e-08	0.504434
1.3363e-08	0.491709
1.33659e-08	0.478857
1.33687e-08	0.465881
1.33716e-08	0.452784
1.33745e-08	0.43957
1.33773e-08	0.426241
1.33802e-08	0.412802
1.33831e-08	0.399255
1.33859e-08	0.385603
1.33888e-08	0.37185
1.33917e-08	0.357999
1.33945e-08	0.344054
1.33974e-08	0.330018
1.34002e-08	0.315894
1.34031e-08	0.301685
1.3406e-08	0.287397
1.34088e-08	0.273031
1.34117e-08	0.258591
1.34146e-08	0.244081
1.34174e-08	0.229505
1.34203e-08	0.214865
1.34232e-08	0.200166
1.3426e-08	0.185411
1.34289e-08	0.170605
1.34318e-08	0.155749
1.34346e-08	0.140848
1.34375e-08	0.125907
1.34403e-08	0.110927
1.34432e-08	0.0959142
1.34461e-08	0.0808707
1.34489e-08	0.0658007
1.34518e-08	0.050708
1.34547e-08	0.0355962
1.34575e-08	0.020469
1.34604e-08	0.00533017
1.34633e-08	-0.00981651
1.34661e-08	-0.0249673
1.3469e-08	-0.0401185
1.34719e-08	-0.0552664
1.34747e-08	-0.0704072
1.34776e-08	-0.0855372
1.34804e-08	-0.100653
1.34833e-08	-0.11575
1.34862e-08	-0.130825
1.3489e-08	-0.145874
1.34919e-08	-0.160893
1.34948e-08	-0.17588
1.34976e-08	-0.190829
1.35005e-08	-0.205738
1.35034e-08	-0.220603
1.35062e-08	-0.235419
1.35091e-08	-0.250184
1.3512e-08	-0.264893
1.35148e-08	-0.279543
1.35177e-08	-0.29413
1.35205e-08	-0.308651
1.35234e-08	-0.323102
1.35263e-08	-0.33748
1.35291e-08	-0.35178
1.3532e-08	-0.366
1.35349e-08	-0.380135
1.35377e-08	-0.394183
1.35406e-08	-0.408139
1.35435e-08	-0.422001
1.35463e-08	-0.435764
1.35492e-08	-0.449426
1.35521e-08	-0.462982
1.35549e-08	-0.476431
1.35578e-08	-0.489767
1.35606e-08	-0.502988
1.35635e-08	-0.51609
1.35664e-08	-0.529071
1.35692e-08	-0.541927
1.35721e-08	-0.554654
1.3575e-08	-0.56725
1.35778e-08	-0.579712
1.35807e-08	-0.592035
1.35836e-08	-0.604218
1.35864e-08	-0.616257
1.35893e-08	-0.628149
1.35922e-08	-0.639891
1.3595e-08	-0.651481
1.35979e-08	-0.662914
1.36007e-08	-0.674189
1.36036e-08	-0.685302
1.36065e-08	-0.696251
1.36093e-08	-0.707033
1.36122e-08	-0.717645
1.36151e-08	-0.728084
1.36179e-08	-0.738348
1.36208e-08	-0.748435
1.36237e-08	-0.758341
1.36265e-08	-0.768065
1.36294e-08	-0.777603
1.36323e-08	-0.786953
1.36351e-08	-0.796114
1.3638e-08	-0.805082
1.36408e-08	-0.813855
1.36437e-08	-0.822432
1.36466e-08	-0.830809
1.36494e-08	-0.838985
1.36523e-08	-0.846958
1.36552e-08	-0.854725
1.3658e-08	-0.862285
1.36609e-08	-0.869636
1.36638e-08	-0.876776
1.36666e-08	-0.883702
1.36695e-08	-0.890414
1.36723e-08	-0.896909
1.36752e-08	-0.903186
1.36781e-08	-0.909244
1.36809e-08	-0.915079
1.36838e-08	-0.920692
1.36867e-08	-0.926081
1.36895e-08	-0.931244
1.36924e-08	-0.936179
1.36953e-08	-0.940887
1.36981e-08	-0.945364
1.3701e-08	-0.949611
1.37039e-08	-0.953626
1.37067e-08	-0.957408
1.37096e-08	-0.960956
1.37124e-08	-0.964269
1.37153e-08	-0.967346
1.37182e-08	-0.970186
1.3721e-08	-0.972789
1.37239e-08	-0.975154
1.37268e-08	-0.97728
1.37296e-08	-0.979166
1.37325e-08	-0.980813
1.37354e-08	-0.982219
1.37382e-08	-0.983384
1.37411e-08	-0.984308
1.3744e-08	-0.98499
1.37468e-08	-0.985431
1.37497e-08	-0.98563
1.37525e-08	-0.985587
1.37554e-08	-0.985301
1.37583e-08	-0.984774
1.37611e-08	-0.984004
1.3764e-08	-0.982993
1.37669e-08	-0.98174
1.37697e-08	-0.980245
1.37726e-08	-0.978509
1.37755e-08	-0.976532
1.37783e-08	-0.974315
1.37812e-08	-0.971858
1.37841e-08	-0.969161
1.37869e-08	-0.966226
1.37898e-08	-0.963053
1.37926e-08	-0.959642
1.37955e-08	-0.955994
1.37984e-08	-0.952111
1.38012e-08	-0.947993
1.38041e-08	-0.943641
1.3807e-08	-0.939056
1.38098e-08	-0.934239
1.38127e-08	-0.929191
1.38156e-08	-0.923914
1.38184e-08	-0.918409
1.38213e-08	-0.912676
1.38242e-08	-0.906718
1.3827e-08	-0.900536
1.38299e-08	-0.894131
1.38327e-08	-0.887505
1.38356e-08	-0.880659
1.38385e-08	-0.873595
1.38413e-08	-0.866315
1.38442e-08	-0.85882
1.38471e-08	-0.851112
1.38499e-08	-0.843194
1.38528e-08	-0.835067
1.38557e-08	-0.826732
1.38585e-08	-0.818193
1.38614e-08	-0.80945
1.38643e-08	-0.800507
1.38671e-08	-0.791365
1.387e-08	-0.782027
1.38728e-08	-0.772494
1.38757e-08	-0.762769
1.38786e-08	-0.752855
1.38814e-08	-0.742754
1.38843e-08	-0.732468
1.38872e-08	-0.722
1.389e-08	-0.711352
1.38929e-08	-0.700527
1.38958e-08	-0.689528
1.38986e-08	-0.678357
1.39015e-08	-0.667017
1.39044e-08	-0.655511
1.39072e-08	-0.643841
1.39101e-08	-0.632011
1.39129e-08	-0.620023
1.39158e-08	-0.60788
1.39187e-08	-0.595586
1.39215e-08	-0.583142
1.39244e-08	-0.570553
1.39273e-08	-0.557822
1.39301e-08	-0.54495
1.3933e-08	-0.531943
1.39359e-08	-0.518802
1.39387e-08	-0.505531
1.39416e-08	-0.492133
1.39444e-08	-0.478612
1.39473e-08	-0.464971
1.39502e-08	-0.451213
1.3953e-08	-0.437342
1.39559e-08	-0.42336
1.39588e-08	-0.409273
1.39616e-08	-0.395081
1.39645e-08	-0.380791
1.39674e-08	-0.366404
1.39702e-08	-0.351925
1.39731e-08	-0.337356
1.3976e-08	-0.322702
1.39788e-08	-0.307967
1.39817e-08	-0.293153
1.39845e-08	-0.278265
1.39874e-08	-0.263305
1.39903e-08	-0.248279
1.39931e-08	-0.233189
1.3996e-08	-0.218039
1.39989e-08	-0.202833
1.40017e-08	-0.187575
1.40046e-08	-0.172269
1.40075e-08	-0.156917
1.40103e-08	-0.141525
1.40132e-08	-0.126095
1.40161e-08	-0.110632
1.40189e-08	-0.0951397
1.40218e-08	-0.0796214
1.40246e-08	-0.0640812
1.40275e-08	-0.0485229
1.40304e-08	-0.0329505
1.40332e-08	-0.0173676
1.40361e-08	-0.00177814
1.4039e-08	0.013814
1.40418e-08	0.0294049
1.40447e-08	0.0449909
1.40476e-08	0.060568
1.40504e-08	0.0761323
1.40533e-08	0.0916802
1.40562e-08	0.107208
1.4059e-08	0.122711
1.40619e-08	0.138186
1.40647e-08	0.153629
1.40676e-08	0.169037
1.40705e-08	0.184404
1.40733e-08	0.199729
1.40762e-08	0.215007
1.40791e-08	0.230233
1.40819e-08	0.245405
1.40848e-08	0.260519
1.40877e-08	0.27557
1.40905e-08	0.290555
1.40934e-08	0.305471
1.40963e-08	0.320314
1.40991e-08	0.335079
1.4102e-08	0.349764
1.41048e-08	0.364365
1.41077e-08	0.378878
1.41106e-08	0.393299
1.41134e-08	0.407625
1.41163e-08	0.421853
1.41192e-08	0.435978
1.4122e-08	0.449998
1.41249e-08	0.463909
1.41278e-08	0.477707
1.41306e-08	0.49139
1.41335e-08	0.504953
1.41364e-08	0.518393
1.41392e-08	0.531707
1.41421e-08	0.544892
1.41449e-08	0.557944
1.41478e-08	0.57086
1.41507e-08	0.583638
1.41535e-08	0.596273
1.41564e-08	0.608762
1.41593e-08	0.621104
1.41621e-08	0.633293
1.4165e-08	0.645329
1.41679e-08	0.657206
1.41707e-08	0.668923
1.41736e-08	0.680477
1.41765e-08	0.691865
1.41793e-08	0.703083
1.41822e-08	0.71413
1.4185e-08	0.725002
1.41879e-08	0.735697
1.41908e-08	0.746211
1.41936e-08	0.756544
1.41965e-08	0.766691
1.41994e-08	0.77665
1.42022e-08	0.786419
1.42051e-08	0.795996
1.4208e-08	0.805378
1.42108e-08	0.814563
1.42137e-08	0.823548
1.42166e-08	0.832331
1.42194e-08	0.84091
1.42223e-08	0.849284
1.42251e-08	0.857449
1.4228e-08	0.865404
1.42309e-08	0.873147
1.42337e-08	0.880676
1.42366e-08	0.887988
1.42395e-08	0.895083
1.42423e-08	0.901959
1.42452e-08	0.908613
1.42481e-08	0.915045
1.42509e-08	0.921252
1.42538e-08	0.927233
1.42566e-08	0.932986
1.42595e-08	0.93851
1.42624e-08	0.943805
1.42652e-08	0.948867
1.42681e-08	0.953697
1.4271e-08	0.958292
1.42738e-08	0.962653
1.42767e-08	0.966777
1.42796e-08	0.970663
1.42824e-08	0.974312
1.42853e-08	0.977721
1.42882e-08	0.98089
1.4291e-08	0.983819
1.42939e-08	0.986505
1.42967e-08	0.98895
1.42996e-08	0.991152
1.43025e-08	0.99311
1.43053e-08	0.994824
1.43082e-08	0.996294
1.43111e-08	0.99752
1.43139e-08	0.9985
1.43168e-08	0.999236
1.43197e-08	0.999726
1.43225e-08	0.99997
1.43254e-08	0.999969
1.43283e-08	0.999722
1.43311e-08	0.99923
1.4334e-08	0.998492
1.43368e-08	0.997509
1.43397e-08	0.996281
1.43426e-08	0.994809
1.43454e-08	0.993092
1.43483e-08	0.991131
1.43512e-08	0.988927
1.4354e-08	0.98648
1.43569e-08	0.983791
1.43598e-08	0.98086
1.43626e-08	0.977689
1.43655e-08	0.974277
1.43684e-08	0.970626
1.43712e-08	0.966737
1.43741e-08	0.962611
1.43769e-08	0.958248
1.43798e-08	0.95365
1.43827e-08	0.948819
1.43855e-08	0.943754
1.43884e-08	0.938457
1.43913e-08	0.932931
1.43941e-08	0.927175
1.4397e-08	0.921192
1.43999e-08	0.914983
1.44027e-08	0.908549
1.44056e-08	0.901893
1.44085e-08	0.895015
1.44113e-08	0.887918
1.44142e-08	0.880603
1.4417e-08	0.873072
1.44199e-08	0.865327
1.44228e-08	0.85737
1.44256e-08	0.849203
1.44285e-08	0.840827
1.44314e-08	0.832246
1.44342e-08	0.823461
1.44371e-08	0.814474
1.444e-08	0.805287
1.44428e-08	0.795903
1.44457e-08	0.786325
1.44486e-08	0.776553
1.44514e-08	0.766592
1.44543e-08	0.756443
1.44571e-08	0.746109
1.446e-08	0.735593
1.44629e-08	0.724896
1.44657e-08	0.714022
1.44686e-08	0.702974
1.44715e-08	0.691754
1.44743e-08	0.680365
1.44772e-08	0.668809
1.44801e-08	0.65709
1.44829e-08	0.645211
1.44858e-08	0.633175
1.44887e-08	0.620983
1.44915e-08	0.608641
1.44944e-08	0.596149
1.44972e-08	0.583513
1.45001e-08	0.570734
1.4503e-08	0.557817
1.45058e-08	0.544763
1.45087e-08	0.531577
1.45116e-08	0.518261
1.45144e-08	0.50482
1.45173e-08	0.491256
1.45202e-08	0.477572
1.4523e-08	0.463773
1.45259e-08	0.449861
1.45288e-08	0.43584
1.45316e-08	0.421714
1.45345e-08	0.407485
1.45373e-08	0.393158
1.45402e-08	0.378736
1.45431e-08	0.364222
1.45459e-08	0.34962
1.45488e-08	0.334935
1.45517e-08	0.320168
1.45545e-08	0.305325
1.45574e-08	0.290409
1.45603e-08	0.275422
1.45631e-08	0.26037
1.4566e-08	0.245256
1.45688e-08	0.230084
1.45717e-08	0.214857
1.45746e-08	0.199579
1.45774e-08	0.184254
1.45803e-08	0.168885
1.45832e-08	0.153478
1.4586e-08	0.138034
1.45889e-08	0.122559
1.45918e-08	0.107055
1.45946e-08	0.0915276
1.45975e-08	0.0759797
1.46004e-08	0.0604151
1.46032e-08	0.0448379
1.46061e-08	0.0292519
1.46089e-08	0.0136609
1.46118e-08	-0.00193117
1.46147e-08	-0.0175206
1.46175e-08	-0.0331034
1.46204e-08	-0.0486757
1.46233e-08	-0.0642338
1.46261e-08	-0.0797738
1.4629e-08	-0.0952918
1.46319e-08	-0.110784
1.46347e-08	-0.126247
1.46376e-08	-0.141676
1.46405e-08	-0.157068
1.46433e-08	-0.172419
1.46462e-08	-0.187725
1.4649e-08	-0.202983
1.46519e-08	-0.218188
1.46548e-08	-0.233337
1.46576e-08	-0.248427
1.46605e-08	-0.263452
1.46634e-08	-0.278411
1.46662e-08	-0.293299
1.46691e-08	-0.308112
1.4672e-08	-0.322847
1.46748e-08	-0.3375
1.46777e-08	-0.352067
1.46806e-08	-0.366546
1.46834e-08	-0.380931
1.46863e-08	-0.395221
1.46891e-08	-0.409411
1.4692e-08	-0.423498
1.46949e-08	-0.437479
1.46977e-08	-0.451349
1.47006e-08	-0.465106
1.47035e-08	-0.478746
1.47063e-08	-0.492266
1.47092e-08	-0.505662
1.47121e-08	-0.518932
1.47149e-08	-0.532071
1.47178e-08	-0.545077
1.47207e-08	-0.557947
1.47235e-08	-0.570678
1.47264e-08	-0.583265
1.47292e-08	-0.595707
1.47321e-08	-0.608
1.4735e-08	-0.620141
1.47378e-08	-0.632128
1.47407e-08	-0.643956
1.47436e-08	-0.655625
1.47464e-08	-0.667129
1.47493e-08	-0.678467
1.47522e-08	-0.689637
1.4755e-08	-0.700634
1.47579e-08	-0.711457
1.47608e-08	-0.722103
1.47636e-08	-0.73257
1.47665e-08	-0.742854
1.47693e-08	-0.752953
1.47722e-08	-0.762866
1.47751e-08	-0.772588
1.47779e-08	-0.782119
1.47808e-08	-0.791456
1.47837e-08	-0.800596
1.47865e-08	-0.809537
1.47894e-08	-0.818278
1.47923e-08	-0.826815
1.47951e-08	-0.835147
1.4798e-08	-0.843273
1.48009e-08	-0.851189
1.48037e-08	-0.858895
1.48066e-08	-0.866387
1.48094e-08	-0.873665
1.48123e-08	-0.880727
1.48152e-08	-0.887571
1.4818e-08	-0.894195
1.48209e-08	-0.900598
1.48238e-08	-0.906778
1.48266e-08	-0.912734
1.48295e-08	-0.918464
1.48324e-08	-0.923967
1.48352e-08	-0.929242
1.48381e-08	-0.934287
1.4841e-08	-0.939102
1.48438e-08	-0.943685
1.48467e-08	-0.948035
1.48495e-08	-0.95215
1.48524e-08	-0.956031
1.48553e-08	-0.959677
1.48581e-08	-0.963085
1.4861e-08	-0.966256
1.48639e-08	-0.969189
1.48667e-08	-0.971883
1.48696e-08	-0.974338
1.48725e-08	-0.976553
1.48753e-08	-0.978527
1.48782e-08	-0.980261
1.4881e-08	-0.981753
1.48839e-08	-0.983004
1.48868e-08	-0.984013
1.48896e-08	-0.98478
1.48925e-08	-0.985305
1.48954e-08	-0.985588
1.48982e-08	-0.985629
1.49011e-08	-0.985428
1.4904e-08	-0.984985
1.49068e-08	-0.9843
1.49097e-08	-0.983374
1.49126e-08	-0.982206
1.49154e-08	-0.980798
1.49183e-08	-0.979149
1.49211e-08	-0.97726
1.4924e-08	-0.975132
1.49269e-08	-0.972765
1.49297e-08	-0.970159
1.49326e-08	-0.967317
1.49355e-08	-0.964237
1.49383e-08	-0.960922
1.49412e-08	-0.957372
1.49441e-08	-0.953588
1.49469e-08	-0.949571
1.49498e-08	-0.945321
1.49527e-08	-0.940842
1.49555e-08	-0.936132
1.49584e-08	-0.931194
1.49612e-08	-0.926029
1.49641e-08	-0.920638
1.4967e-08	-0.915023
1.49698e-08	-0.909185
1.49727e-08	-0.903126
1.49756e-08	-0.896847
1.49784e-08	-0.890349
1.49813e-08	-0.883635
1.49842e-08	-0.876707
1.4987e-08	-0.869565
1.49899e-08	-0.862212
1.49928e-08	-0.85465
1.49956e-08	-0.846881
1.49985e-08	-0.838906
1.50013e-08	-0.830728
1.50042e-08	-0.822349
1.50071e-08	-0.81377
1.50099e-08	-0.804995
1.50128e-08	-0.796025
1.50157e-08	-0.786863
1.50185e-08	-0.77751
1.50214e-08	-0.76797
1.50243e-08	-0.758245
1.50271e-08	-0.748337
1.503e-08	-0.738248
1.50329e-08	-0.727982
1.50357e-08	-0.717541
1.50386e-08	-0.706928
1.50414e-08	-0.696144
1.50443e-08	-0.685194
1.50472e-08	-0.674079
1.505e-08	-0.662803
1.50529e-08	-0.651368
1.50558e-08	-0.639777
1.50586e-08	-0.628033
1.50615e-08	-0.61614
1.50644e-08	-0.604099
1.50672e-08	-0.591915
1.50701e-08	-0.57959
1.5073e-08	-0.567127
1.50758e-08	-0.55453
1.50787e-08	-0.541801
1.50815e-08	-0.528944
1.50844e-08	-0.515962
1.50873e-08	-0.502859
1.50901e-08	-0.489636
1.5093e-08	-0.476299
1.50959e-08	-0.46285
1.50987e-08	-0.449292
1.51016e-08	-0.43563
1.51045e-08	-0.421865
1.51073e-08	-0.408003
1.51102e-08	-0.394046
1.51131e-08	-0.379997
1.51159e-08	-0.365861
1.51188e-08	-0.35164
1.51216e-08	-0.337339
1.51245e-08	-0.322961
1.51274e-08	-0.308509
1.51302e-08	-0.293987
1.51331e-08	-0.279399
1.5136e-08	-0.264749
1.51388e-08	-0.250039
1.51417e-08	-0.235274
1.51446e-08	-0.220457
1.51474e-08	-0.205592
1.51503e-08	-0.190683
1.51532e-08	-0.175733
1.5156e-08	-0.160746
1.51589e-08	-0.145726
1.51617e-08	-0.130677
1.51646e-08	-0.115602
1.51675e-08	-0.100504
1.51703e-08	-0.0853887
1.51732e-08	-0.0702586
1.51761e-08	-0.0551178
1.51789e-08	-0.0399699
1.51818e-08	-0.0248186
1.51847e-08	-0.00966782
1.51875e-08	0.0054788
1.51904e-08	0.0206175
1.51932e-08	0.0357446
1.51961e-08	0.0508562
1.5199e-08	0.0659488
1.52018e-08	0.0810185
1.52047e-08	0.0960617
1.52076e-08	0.111075
1.52104e-08	0.126054
1.52133e-08	0.140995
1.52162e-08	0.155895
1.5219e-08	0.17075
1.52219e-08	0.185557
1.52248e-08	0.200311
1.52276e-08	0.215009
1.52305e-08	0.229648
1.52333e-08	0.244224
1.52362e-08	0.258733
1.52391e-08	0.273172
1.52419e-08	0.287537
1.52448e-08	0.301825
1.52477e-08	0.316033
1.52505e-08	0.330156
1.52534e-08	0.344191
1.52563e-08	0.358135
1.52591e-08	0.371985
1.5262e-08	0.385737
1.52649e-08	0.399388
1.52677e-08	0.412934
1.52706e-08	0.426373
1.52734e-08	0.4397
1.52763e-08	0.452913
1.52792e-08	0.466009
1.5282e-08	0.478983
1.52849e-08	0.491834
1.52878e-08	0.504558
1.52906e-08	0.517152
1.52935e-08	0.529612
1.52964e-08	0.541937
1.52992e-08	0.554122
1.53021e-08	0.566166
1.5305e-08	0.578064
1.53078e-08	0.589814
1.53107e-08	0.601414
1.53135e-08	0.612861
1.53164e-08	0.624151
1.53193e-08	0.635282
1.53221e-08	0.646252
1.5325e-08	0.657058
1.53279e-08	0.667696
1.53307e-08	0.678166
1.53336e-08	0.688463
1.53365e-08	0.698587
1.53393e-08	0.708533
1.53422e-08	0.718301
1.53451e-08	0.727887
1.53479e-08	0.737289
1.53508e-08	0.746505
1.53536e-08	0.755534
1.53565e-08	0.764372
1.53594e-08	0.773018
1.53622e-08	0.781469
1.53651e-08	0.789724
1.5368e-08	0.797781
1.53708e-08	0.805638
1.53737e-08	0.813293
1.53766e-08	0.820744
1.53794e-08	0.827989
1.53823e-08	0.835028
1.53852e-08	0.841857
1.5388e-08	0.848476
1.53909e-08	0.854883
1.53937e-08	0.861077
1.53966e-08	0.867056
1.53995e-08	0.872819
1.54023e-08	0.878364
1.54052e-08	0.883691
1.54081e-08	0.888798
1.54109e-08	0.893683
1.54138e-08	0.898347
1.54167e-08	0.902787
1.54195e-08	0.907003
1.54224e-08	0.910994
1.54253e-08	0.91476
1.54281e-08	0.918298
1.5431e-08	0.921609
1.54338e-08	0.924691
1.54367e-08	0.927545
1.54396e-08	0.93017
1.54424e-08	0.932565
1.54453e-08	0.934729
1.54482e-08	0.936662
1.5451e-08	0.938364
1.54539e-08	0.939835
1.54568e-08	0.941075
1.54596e-08	0.942082
1.54625e-08	0.942857
1.54654e-08	0.943401
1.54682e-08	0.943712
1.54711e-08	0.943792
1.54739e-08	0.943639
1.54768e-08	0.943255
1.54797e-08	0.94264
1.54825e-08	0.941793
1.54854e-08	0.940716
1.54883e-08	0.939408
1.54911e-08	0.93787
1.5494e-08	0.936103
1.54969e-08	0.934107
1.54997e-08	0.931883
1.55026e-08	0.929431
1.55054e-08	0.926752
1.55083e-08	0.923847
1.55112e-08	0.920717
1.5514e-08	0.917363
1.55169e-08	0.913786
1.55198e-08	0.909986
1.55226e-08	0.905965
1.55255e-08	0.901724
1.55284e-08	0.897264
1.55312e-08	0.892586
1.55341e-08	0.887692
1.5537e-08	0.882583
1.55398e-08	0.877261
1.55427e-08	0.871726
1.55455e-08	0.86598
1.55484e-08	0.860025
1.55513e-08	0.853863
1.55541e-08	0.847495
1.5557e-08	0.840922
1.55599e-08	0.834147
1.55627e-08	0.827172
1.55656e-08	0.819997
1.55685e-08	0.812626
1.55713e-08	0.80506
1.55742e-08	0.7973
1.55771e-08	0.78935
1.55799e-08	0.781211
1.55828e-08	0.772885
1.55856e-08	0.764375
1.55885e-08	0.755682
1.55914e-08	0.746809
1.55942e-08	0.737759
1.55971e-08	0.728533
1.56e-08	0.719134
1.56028e-08	0.709564
1.56057e-08	0.699826
1.56086e-08	0.689923
1.56114e-08	0.679856
1.56143e-08	0.66963
1.56172e-08	0.659245
1.562e-08	0.648705
1.56229e-08	0.638012
1.56257e-08	0.62717
1.56286e-08	0.616181
1.56315e-08	0.605048
1.56343e-08	0.593774
1.56372e-08	0.582361
1.56401e-08	0.570812
1.56429e-08	0.559131
1.56458e-08	0.547321
1.56487e-08	0.535383
1.56515e-08	0.523323
1.56544e-08	0.511142
1.56573e-08	0.498843
1.56601e-08	0.48643
1.5663e-08	0.473906
1.56658e-08	0.461274
1.56687e-08	0.448537
1.56716e-08	0.435699
1.56744e-08	0.422762
1.56773e-08	0.40973
1.56802e-08	0.396607
1.5683e-08	0.383395
1.56859e-08	0.370098
1.56888e-08	0.356719
1.56916e-08	0.343261
1.56945e-08	0.329729
1.56974e-08	0.316125
1.57002e-08	0.302453
1.57031e-08	0.288715
1.57059e-08	0.274917
1.57088e-08	0.26106
1.57117e-08	0.247149
1.57145e-08	0.233187
1.57174e-08	0.219177
1.57203e-08	0.205124
1.57231e-08	0.19103
1.5726e-08	0.176899
1.57289e-08	0.162734
1.57317e-08	0.148539
1.57346e-08	0.134318
1.57375e-08	0.120074
1.57403e-08	0.105811
1.57432e-08	0.0915319
1.5746e-08	0.0772404
1.57489e-08	0.0629402
1.57518e-08	0.0486347
1.57546e-08	0.0343276
1.57575e-08	0.0200223
1.57604e-08	0.00572238
1.57632e-08	-0.00856862
1.57661e-08	-0.0228472
1.5769e-08	-0.0371098
1.57718e-08	-0.0513529
1.57747e-08	-0.0655731
1.57776e-08	-0.0797668
1.57804e-08	-0.0939305
1.57833e-08	-0.108061
1.57861e-08	-0.122154
1.5789e-08	-0.136207
1.57919e-08	-0.150216
1.57947e-08	-0.164178
1.57976e-08	-0.17809
1.58005e-08	-0.191947
1.58033e-08	-0.205747
1.58062e-08	-0.219486
1.58091e-08	-0.233161
1.58119e-08	-0.246769
1.58148e-08	-0.260305
1.58176e-08	-0.273768
1.58205e-08	-0.287153
1.58234e-08	-0.300458
1.58262e-08	-0.313679
1.58291e-08	-0.326813
1.5832e-08	-0.339856
1.58348e-08	-0.352806
1.58377e-08	-0.36566
1.58406e-08	-0.378414
1.58434e-08	-0.391066
1.58463e-08	-0.403612
1.58492e-08	-0.416049
1.5852e-08	-0.428374
1.58549e-08	-0.440585
1.58577e-08	-0.452678
1.58606e-08	-0.46465
1.58635e-08	-0.476499
1.58663e-08	-0.488222
1.58692e-08	-0.499816
1.58721e-08	-0.511278
1.58749e-08	-0.522606
1.58778e-08	-0.533796
1.58807e-08	-0.544847
1.58835e-08	-0.555755
1.58864e-08	-0.566518
1.58893e-08	-0.577133
1.58921e-08	-0.587599
1.5895e-08	-0.597911
1.58978e-08	-0.608069
1.59007e-08	-0.618069
1.59036e-08	-0.62791
1.59064e-08	-0.637588
1.59093e-08	-0.647103
1.59122e-08	-0.65645
1.5915e-08	-0.665629
1.59179e-08	-0.674637
1.59208e-08	-0.683472
1.59236e-08	-0.692133
1.59265e-08	-0.700616
1.59294e-08	-0.70892
1.59322e-08	-0.717043
1.59351e-08	-0.724984
1.59379e-08	-0.73274
1.59408e-08	-0.74031
1.59437e-08	-0.747692
1.59465e-08	-0.754884
1.59494e-08	-0.761885
1.59523e-08	-0.768693
1.59551e-08	-0.775307
1.5958e-08	-0.781725
1.59609e-08	-0.787945
1.59637e-08	-0.793967
1.59666e-08	-0.799789
1.59695e-08	-0.805409
1.59723e-08	-0.810827
1.59752e-08	-0.816042
1.5978e-08	-0.821051
1.59809e-08	-0.825855
1.59838e-08	-0.830452
1.59866e-08	-0.834841
1.59895e-08	-0.839021
1.59924e-08	-0.842992
1.59952e-08	-0.846752
1.59981e-08	-0.850301
1.6001e-08	-0.853638
1.60038e-08	-0.856763
1.60067e-08	-0.859674
1.60096e-08	-0.862372
1.60124e-08	-0.864856
1.60153e-08	-0.867125
1.60181e-08	-0.869179
1.6021e-08	-0.871018
1.60239e-08	-0.872642
1.60267e-08	-0.87405
1.60296e-08	-0.875241
1.60325e-08	-0.876217
1.60353e-08	-0.876977
1.60382e-08	-0.87752
1.60411e-08	-0.877848
1.60439e-08	-0.877959
1.60468e-08	-0.877855
1.60497e-08	-0.877535
1.60525e-08	-0.877
1.60554e-08	-0.87625
1.60582e-08	-0.875285
1.60611e-08	-0.874106
1.6064e-08	-0.872714
1.60668e-08	-0.871108
1.60697e-08	-0.86929
1.60726e-08	-0.867259
1.60754e-08	-0.865018
1.60783e-08	-0.862565
1.60812e-08	-0.859904
1.6084e-08	-0.857033
1.60869e-08	-0.853954
1.60897e-08	-0.850668
1.60926e-08	-0.847176
1.60955e-08	-0.843479
1.60983e-08	-0.839578
1.61012e-08	-0.835474
1.61041e-08	-0.831169
1.61069e-08	-0.826663
1.61098e-08	-0.821959
1.61127e-08	-0.817056
1.61155e-08	-0.811958
1.61184e-08	-0.806664
1.61213e-08	-0.801177
1.61241e-08	-0.795498
1.6127e-08	-0.789629
1.61298e-08	-0.783571
1.61327e-08	-0.777326
1.61356e-08	-0.770896
1.61384e-08	-0.764282
1.61413e-08	-0.757487
1.61442e-08	-0.750511
1.6147e-08	-0.743358
1.61499e-08	-0.736028
1.61528e-08	-0.728525
1.61556e-08	-0.720849
1.61585e-08	-0.713003
1.61614e-08	-0.70499
1.61642e-08	-0.69681
1.61671e-08	-0.688467
1.61699e-08	-0.679963
1.61728e-08	-0.671299
1.61757e-08	-0.662478
1.61785e-08	-0.653503
1.61814e-08	-0.644376
1.61843e-08	-0.635099
1.61871e-08	-0.625674
1.619e-08	-0.616105
1.61929e-08	-0.606393
1.61957e-08	-0.596541
1.61986e-08	-0.586552
1.62015e-08	-0.576429
1.62043e-08	-0.566173
1.62072e-08	-0.555788
1.621e-08	-0.545276
1.62129e-08	-0.53464
1.62158e-08	-0.523883
1.62186e-08	-0.513007
1.62215e-08	-0.502016
1.62244e-08	-0.490911
1.62272e-08	-0.479697
1.62301e-08	-0.468376
1.6233e-08	-0.45695
1.62358e-08	-0.445423
1.62387e-08	-0.433798
1.62416e-08	-0.422077
1.62444e-08	-0.410264
1.62473e-08	-0.398362
1.62501e-08	-0.386373
1.6253e-08	-0.374301
1.62559e-08	-0.362148
1.62587e-08	-0.349918
1.62616e-08	-0.337615
1.62645e-08	-0.32524
1.62673e-08	-0.312797
1.62702e-08	-0.30029
1.62731e-08	-0.287721
1.62759e-08	-0.275094
1.62788e-08	-0.262411
1.62817e-08	-0.249677
1.62845e-08	-0.236893
1.62874e-08	-0.224065
1.62902e-08	-0.211193
1.62931e-08	-0.198283
1.6296e-08	-0.185336
1.62988e-08	-0.172357
1.63017e-08	-0.159348
1.63046e-08	-0.146313
1.63074e-08	-0.133256
1.63103e-08	-0.120178
1.63132e-08	-0.107084
1.6316e-08	-0.0939766
1.63189e-08	-0.0808593
1.63218e-08	-0.0677353
1.63246e-08	-0.0546079
1.63275e-08	-0.0414801
1.63303e-08	-0.0283555
1.63332e-08	-0.015237
1.63361e-08	-0.0021281
1.63389e-08	0.0109681
1.63418e-08	0.0240484
1.63447e-08	0.0371095
1.63475e-08	0.0501482
1.63504e-08	0.0631613
1.63533e-08	0.0761457
1.63561e-08	0.0890981
1.6359e-08	0.102015
1.63619e-08	0.114894
1.63647e-08	0.127732
1.63676e-08	0.140525
1.63704e-08	0.153271
1.63733e-08	0.165965
1.63762e-08	0.178606
1.6379e-08	0.19119
1.63819e-08	0.203714
1.63848e-08	0.216175
1.63876e-08	0.22857
1.63905e-08	0.240896
1.63934e-08	0.253149
1.63962e-08	0.265328
1.63991e-08	0.277429
1.64019e-08	0.28945
1.64048e-08	0.301386
1.64077e-08	0.313236
1.64105e-08	0.324997
1.64134e-08	0.336666
1.64163e-08	0.348239
1.64191e-08	0.359715
1.6422e-08	0.37109
1.64249e-08	0.382362
1.64277e-08	0.393529
1.64306e-08	0.404587
1.64335e-08	0.415533
1.64363e-08	0.426366
1.64392e-08	0.437083
1.6442e-08	0.447681
1.64449e-08	0.458157
1.64478e-08	0.46851
1.64506e-08	0.478737
1.64535e-08	0.488835
1.64564e-08	0.498802
1.64592e-08	0.508636
1.64621e-08	0.518335
1.6465e-08	0.527895
1.64678e-08	0.537316
1.64707e-08	0.546594
1.64736e-08	0.555728
1.64764e-08	0.564716
1.64793e-08	0.573555
1.64821e-08	0.582244
1.6485e-08	0.59078
1.64879e-08	0.599162
1.64907e-08	0.607387
1.64936e-08	0.615454
1.64965e-08	0.623361
1.64993e-08	0.631107
1.65022e-08	0.638688
1.65051e-08	0.646105
1.65079e-08	0.653354
1.65108e-08	0.660435
1.65137e-08	0.667346
1.65165e-08	0.674086
1.65194e-08	0.680652
1.65222e-08	0.687044
1.65251e-08	0.69326
1.6528e-08	0.699298
1.65308e-08	0.705158
1.65337e-08	0.710839
1.65366e-08	0.716338
1.65394e-08	0.721655
1.65423e-08	0.726789
1.65452e-08	0.731738
1.6548e-08	0.736503
1.65509e-08	0.74108
1.65538e-08	0.745471
1.65566e-08	0.749674
1.65595e-08	0.753687
1.65623e-08	0.757511
1.65652e-08	0.761144
1.65681e-08	0.764586
1.65709e-08	0.767837
1.65738e-08	0.770895
1.65767e-08	0.77376
1.65795e-08	0.776432
1.65824e-08	0.778909
1.65853e-08	0.781193
1.65881e-08	0.783282
1.6591e-08	0.785176
1.65939e-08	0.786875
1.65967e-08	0.788379
1.65996e-08	0.789687
1.66024e-08	0.7908
1.66053e-08	0.791717
1.66082e-08	0.792438
1.6611e-08	0.792964
1.66139e-08	0.793294
1.66168e-08	0.793429
1.66196e-08	0.793369
1.66225e-08	0.793113
1.66254e-08	0.792664
1.66282e-08	0.79202
1.66311e-08	0.791182
1.6634e-08	0.79015
1.66368e-08	0.788926
1.66397e-08	0.787509
1.66425e-08	0.7859
1.66454e-08	0.7841
1.66483e-08	0.782109
1.66511e-08	0.779928
1.6654e-08	0.777558
1.66569e-08	0.775
1.66597e-08	0.772254
1.66626e-08	0.769322
1.66655e-08	0.766204
1.66683e-08	0.762902
1.66712e-08	0.759416
1.66741e-08	0.755747
1.66769e-08	0.751897
1.66798e-08	0.747866
1.66826e-08	0.743657
1.66855e-08	0.73927
1.66884e-08	0.734706
1.66912e-08	0.729967
1.66941e-08	0.725054
1.6697e-08	0.719969
1.66998e-08	0.714713
1.67027e-08	0.709288
1.67056e-08	0.703695
1.67084e-08	0.697935
1.67113e-08	0.692011
1.67141e-08	0.685924
1.6717e-08	0.679675
1.67199e-08	0.673267
1.67227e-08	0.666702
1.67256e-08	0.65998
1.67285e-08	0.653104
1.67313e-08	0.646076
1.67342e-08	0.638897
1.67371e-08	0.631571
1.67399e-08	0.624098
1.67428e-08	0.61648
1.67457e-08	0.60872
1.67485e-08	0.600821
1.67514e-08	0.592783
1.67542e-08	0.584609
1.67571e-08	0.576301
1.676e-08	0.567862
1.67628e-08	0.559294
1.67657e-08	0.550598
1.67686e-08	0.541778
1.67714e-08	0.532836
1.67743e-08	0.523773
1.67772e-08	0.514593
1.678e-08	0.505298
1.67829e-08	0.49589
1.67858e-08	0.486372
1.67886e-08	0.476746
1.67915e-08	0.467015
1.67943e-08	0.457181
1.67972e-08	0.447247
1.68001e-08	0.437215
1.68029e-08	0.427088
1.68058e-08	0.416869
1.68087e-08	0.40656
1.68115e-08	0.396164
1.68144e-08	0.385684
1.68173e-08	0.375122
1.68201e-08	0.364481
1.6823e-08	0.353764
1.68259e-08	0.342973
1.68287e-08	0.332111
1.68316e-08	0.321182
1.68344e-08	0.310187
1.68373e-08	0.29913
1.68402e-08	0.288013
1.6843e-08	0.27684
1.68459e-08	0.265612
1.68488e-08	0.254334
1.68516e-08	0.243007
1.68545e-08	0.231635
1.68574e-08	0.220221
1.68602e-08	0.208767
1.68631e-08	0.197276
1.6866e-08	0.185751
1.68688e-08	0.174195
1.68717e-08	0.162612
1.68745e-08	0.151003
1.68774e-08	0.139372
1.68803e-08	0.127721
1.68831e-08	0.116054
1.6886e-08	0.104374
1.68889e-08	0.0926828
1.68917e-08	0.080984
1.68946e-08	0.0692803
1.68975e-08	0.0575748
1.69003e-08	0.0458702
1.69032e-08	0.0341695
1.69061e-08	0.0224756
1.69089e-08	0.0107913
1.69118e-08	-0.000880494
1.69146e-08	-0.0125369
1.69175e-08	-0.024175
1.69204e-08	-0.0357921
1.69232e-08	-0.0473852
1.69261e-08	-0.0589515
1.6929e-08	-0.0704882
1.69318e-08	-0.0819925
1.69347e-08	-0.0934616
1.69376e-08	-0.104893
1.69404e-08	-0.116283
1.69433e-08	-0.12763
1.69462e-08	-0.13893
1.6949e-08	-0.150181
1.69519e-08	-0.161381
1.69547e-08	-0.172526
1.69576e-08	-0.183614
1.69605e-08	-0.194642
1.69633e-08	-0.205608
1.69662e-08	-0.216509
1.69691e-08	-0.227342
1.69719e-08	-0.238104
1.69748e-08	-0.248794
1.69777e-08	-0.259408
1.69805e-08	-0.269945
1.69834e-08	-0.280401
1.69863e-08	-0.290774
1.69891e-08	-0.301062
1.6992e-08	-0.311262
1.69948e-08	-0.321372
1.69977e-08	-0.331389
1.70006e-08	-0.341311
1.70034e-08	-0.351136
1.70063e-08	-0.360862
1.70092e-08	-0.370485
1.7012e-08	-0.380005
1.70149e-08	-0.389418
1.70178e-08	-0.398723
1.70206e-08	-0.407917
1.70235e-08	-0.416999
1.70263e-08	-0.425965
1.70292e-08	-0.434815
1.70321e-08	-0.443546
1.70349e-08	-0.452155
1.70378e-08	-0.460642
1.70407e-08	-0.469004
1.70435e-08	-0.47724
1.70464e-08	-0.485347
1.70493e-08	-0.493323
1.70521e-08	-0.501167
1.7055e-08	-0.508877
1.70579e-08	-0.516452
1.70607e-08	-0.523889
1.70636e-08	-0.531187
1.70664e-08	-0.538344
1.70693e-08	-0.545359
1.70722e-08	-0.552231
1.7075e-08	-0.558957
1.70779e-08	-0.565536
1.70808e-08	-0.571967
1.70836e-08	-0.578249
1.70865e-08	-0.58438
1.70894e-08	-0.590358
1.70922e-08	-0.596183
1.70951e-08	-0.601854
1.7098e-08	-0.607368
1.71008e-08	-0.612726
1.71037e-08	-0.617925
1.71065e-08	-0.622965
1.71094e-08	-0.627845
1.71123e-08	-0.632564
1.71151e-08	-0.63712
1.7118e-08	-0.641514
1.71209e-08	-0.645743
1.71237e-08	-0.649808
1.71266e-08	-0.653707
1.71295e-08	-0.65744
1.71323e-08	-0.661006
1.71352e-08	-0.664405
1.71381e-08	-0.667635
1.71409e-08	-0.670697
1.71438e-08	-0.673589
1.71466e-08	-0.676312
1.71495e-08	-0.678864
1.71524e-08	-0.681246
1.71552e-08	-0.683457
1.71581e-08	-0.685497
1.7161e-08	-0.687365
1.71638e-08	-0.689062
1.71667e-08	-0.690586
1.71696e-08	-0.691939
1.71724e-08	-0.69312
1.71753e-08	-0.694128
1.71782e-08	-0.694965
1.7181e-08	-0.695629
1.71839e-08	-0.696121
1.71867e-08	-0.696441
1.71896e-08	-0.69659
1.71925e-08	-0.696567
1.71953e-08	-0.696373
1.71982e-08	-0.696007
1.72011e-08	-0.695471
1.72039e-08	-0.694765
1.72068e-08	-0.693889
1.72097e-08	-0.692844
1.72125e-08	-0.69163
1.72154e-08	-0.690247
1.72183e-08	-0.688697
1.72211e-08	-0.686979
1.7224e-08	-0.685096
1.72268e-08	-0.683046
1.72297e-08	-0.680831
1.72326e-08	-0.678452
1.72354e-08	-0.67591
1.72383e-08	-0.673205
1.72412e-08	-0.670339
1.7244e-08	-0.667312
1.72469e-08	-0.664125
1.72498e-08	-0.66078
1.72526e-08	-0.657277
1.72555e-08	-0.653618
1.72584e-08	-0.649803
1.72612e-08	-0.645834
1.72641e-08	-0.641712
1.72669e-08	-0.637438
1.72698e-08	-0.633014
1.72727e-08	-0.62844
1.72755e-08	-0.623719
1.72784e-08	-0.618852
1.72813e-08	-0.613839
1.72841e-08	-0.608683
1.7287e-08	-0.603385
1.72899e-08	-0.597946
1.72927e-08	-0.592369
1.72956e-08	-0.586654
1.72985e-08	-0.580803
1.73013e-08	-0.574818
1.73042e-08	-0.568701
1.7307e-08	-0.562453
1.73099e-08	-0.556076
1.73128e-08	-0.549571
1.73156e-08	-0.542942
1.73185e-08	-0.536189
1.73214e-08	-0.529314
1.73242e-08	-0.522319
1.73271e-08	-0.515206
1.733e-08	-0.507977
1.73328e-08	-0.500635
1.73357e-08	-0.49318
1.73385e-08	-0.485615
1.73414e-08	-0.477942
1.73443e-08	-0.470163
1.73471e-08	-0.462281
1.735e-08	-0.454296
1.73529e-08	-0.446212
1.73557e-08	-0.438031
1.73586e-08	-0.429754
1.73615e-08	-0.421384
1.73643e-08	-0.412924
1.73672e-08	-0.404374
1.73701e-08	-0.395738
1.73729e-08	-0.387019
1.73758e-08	-0.378217
1.73786e-08	-0.369335
1.73815e-08	-0.360377
1.73844e-08	-0.351344
1.73872e-08	-0.342238
1.73901e-08	-0.333061
1.7393e-08	-0.323817
1.73958e-08	-0.314508
1.73987e-08	-0.305136
1.74016e-08	-0.295703
1.74044e-08	-0.286212
1.74073e-08	-0.276665
1.74102e-08	-0.267065
1.7413e-08	-0.257414
1.74159e-08	-0.247714
1.74187e-08	-0.237969
1.74216e-08	-0.228181
1.74245e-08	-0.218351
1.74273e-08	-0.208483
1.74302e-08	-0.19858
1.74331e-08	-0.188642
1.74359e-08	-0.178674
1.74388e-08	-0.168678
1.74417e-08	-0.158656
1.74445e-08	-0.14861
1.74474e-08	-0.138543
1.74503e-08	-0.128459
1.74531e-08	-0.118358
1.7456e-08	-0.108244
1.74588e-08	-0.0981199
1.74617e-08	-0.0879872
1.74646e-08	-0.0778488
1.74674e-08	-0.0677072
1.74703e-08	-0.0575651
1.74732e-08	-0.0474247
1.7476e-08	-0.0372888
1.74789e-08	-0.0271597
1.74818e-08	-0.0170399
1.74846e-08	-0.00693206
1.74875e-08	0.00316148
1.74904e-08	0.0132382
1.74932e-08	0.0232957
1.74961e-08	0.0333314
1.74989e-08	0.0433429
1.75018e-08	0.0533278
1.75047e-08	0.0632836
1.75075e-08	0.073208
1.75104e-08	0.0830985
1.75133e-08	0.0929527
1.75161e-08	0.102768
1.7519e-08	0.112543
1.75219e-08	0.122274
1.75247e-08	0.131959
1.75276e-08	0.141597
1.75305e-08	0.151184
1.75333e-08	0.160719
1.75362e-08	0.170198
1.7539e-08	0.17962
1.75419e-08	0.188983
1.75448e-08	0.198285
1.75476e-08	0.207522
1.75505e-08	0.216694
1.75534e-08	0.225797
1.75562e-08	0.23483
1.75591e-08	0.243791
1.7562e-08	0.252677
1.75648e-08	0.261486
1.75677e-08	0.270217
1.75706e-08	0.278867
1.75734e-08	0.287434
1.75763e-08	0.295917
1.75791e-08	0.304313
1.7582e-08	0.31262
1.75849e-08	0.320837
1.75877e-08	0.328962
1.75906e-08	0.336992
1.75935e-08	0.344926
1.75963e-08	0.352762
1.75992e-08	0.360499
1.76021e-08	0.368134
1.76049e-08	0.375666
1.76078e-08	0.383093
1.76107e-08	0.390413
1.76135e-08	0.397626
1.76164e-08	0.404728
1.76192e-08	0.41172
1.76221e-08	0.418598
1.7625e-08	0.425362
1.76278e-08	0.432011
1.76307e-08	0.438541
1.76336e-08	0.444953
1.76364e-08	0.451245
1.76393e-08	0.457416
1.76422e-08	0.463464
1.7645e-08	0.469387
1.76479e-08	0.475185
1.76507e-08	0.480857
1.76536e-08	0.4864
1.76565e-08	0.491815
1.76593e-08	0.4971
1.76622e-08	0.502253
1.76651e-08	0.507274
1.76679e-08	0.512162
1.76708e-08	0.516916
1.76737e-08	0.521535
1.76765e-08	0.526017
1.76794e-08	0.530363
1.76823e-08	0.53457
1.76851e-08	0.538639
1.7688e-08	0.542569
1.76908e-08	0.546358
1.76937e-08	0.550007
1.76966e-08	0.553514
1.76994e-08	0.556878
1.77023e-08	0.560101
1.77052e-08	0.563179
1.7708e-08	0.566114
1.77109e-08	0.568905
1.77138e-08	0.571551
1.77166e-08	0.574052
1.77195e-08	0.576407
1.77224e-08	0.578616
1.77252e-08	0.580679
1.77281e-08	0.582596
1.77309e-08	0.584366
1.77338e-08	0.585989
1.77367e-08	0.587466
1.77395e-08	0.588795
1.77424e-08	0.589977
1.77453e-08	0.591011
1.77481e-08	0.591899
1.7751e-08	0.592639
1.77539e-08	0.593232
1.77567e-08	0.593678
1.77596e-08	0.593978
1.77625e-08	0.59413
1.77653e-08	0.594136
1.77682e-08	0.593996
1.7771e-08	0.59371
1.77739e-08	0.593278
1.77768e-08	0.592701
1.77796e-08	0.591979
1.77825e-08	0.591113
1.77854e-08	0.590102
1.77882e-08	0.588948
1.77911e-08	0.587652
1.7794e-08	0.586212
1.77968e-08	0.584631
1.77997e-08	0.582909
1.78026e-08	0.581047
1.78054e-08	0.579044
1.78083e-08	0.576903
1.78111e-08	0.574624
1.7814e-08	0.572206
1.78169e-08	0.569653
1.78197e-08	0.566963
1.78226e-08	0.564139
1.78255e-08	0.561181
1.78283e-08	0.55809
1.78312e-08	0.554867
1.78341e-08	0.551513
1.78369e-08	0.548029
1.78398e-08	0.544417
1.78427e-08	0.540677
1.78455e-08	0.53681
1.78484e-08	0.532818
1.78512e-08	0.528702
1.78541e-08	0.524464
1.7857e-08	0.520103
1.78598e-08	0.515623
1.78627e-08	0.511023
1.78656e-08	0.506306
1.78684e-08	0.501472
1.78713e-08	0.496524
1.78742e-08	0.491462
1.7877e-08	0.486288
1.78799e-08	0.481004
1.78828e-08	0.475611
1.78856e-08	0.47011
1.78885e-08	0.464504
1.78913e-08	0.458793
1.78942e-08	0.452979
1.78971e-08	0.447065
1.78999e-08	0.441051
1.79028e-08	0.434939
1.79057e-08	0.428731
1.79085e-08	0.422429
1.79114e-08	0.416034
1.79143e-08	0.409548
1.79171e-08	0.402973
1.792e-08	0.396311
1.79229e-08	0.389563
1.79257e-08	0.382731
1.79286e-08	0.375818
1.79314e-08	0.368824
1.79343e-08	0.361753
1.79372e-08	0.354605
1.794e-08	0.347383
1.79429e-08	0.340088
1.79458e-08	0.332723
1.79486e-08	0.32529
1.79515e-08	0.31779
1.79544e-08	0.310225
1.79572e-08	0.302598
1.79601e-08	0.29491
1.79629e-08	0.287163
1.79658e-08	0.279361
1.79687e-08	0.271503
1.79715e-08	0.263593
1.79744e-08	0.255633
1.79773e-08	0.247624
1.79801e-08	0.239569
1.7983e-08	0.23147
1.79859e-08	0.223329
1.79887e-08	0.215148
1.79916e-08	0.206928
1.79945e-08	0.198673
1.79973e-08	0.190385
1.80002e-08	0.182064
1.8003e-08	0.173715
1.80059e-08	0.165337
1.80088e-08	0.156935
1.80116e-08	0.14851
1.80145e-08	0.140063
1.80174e-08	0.131598
1.80202e-08	0.123116
1.80231e-08	0.11462
1.8026e-08	0.106111
1.80288e-08	0.0975915
1.80317e-08	0.0890641
1.80346e-08	0.0805306
1.80374e-08	0.0719932
1.80403e-08	0.0634539
1.80431e-08	0.054915
1.8046e-08	0.0463785
1.80489e-08	0.0378466
1.80517e-08	0.0293212
1.80546e-08	0.0208047
1.80575e-08	0.0122989
1.80603e-08	0.00380606
1.80632e-08	-0.00467178
1.80661e-08	-0.0131326
1.80689e-08	-0.0215742
1.80718e-08	-0.0299947
1.80747e-08	-0.0383919
1.80775e-08	-0.0467639
1.80804e-08	-0.0551085
1.80832e-08	-0.0634239
1.80861e-08	-0.0717079
1.8089e-08	-0.0799587
1.80918e-08	-0.0881741
1.80947e-08	-0.0963524
1.80976e-08	-0.104491
1.81004e-08	-0.112589
1.81033e-08	-0.120644
1.81062e-08	-0.128654
1.8109e-08	-0.136617
1.81119e-08	-0.144531
1.81148e-08	-0.152394
1.81176e-08	-0.160205
1.81205e-08	-0.167962
1.81233e-08	-0.175662
1.81262e-08	-0.183305
1.81291e-08	-0.190888
1.81319e-08	-0.198409
1.81348e-08	-0.205867
1.81377e-08	-0.21326
1.81405e-08	-0.220587
1.81434e-08	-0.227845
1.81463e-08	-0.235033
1.81491e-08	-0.242149
1.8152e-08	-0.249192
1.81549e-08	-0.25616
1.81577e-08	-0.263052
1.81606e-08	-0.269865
1.81634e-08	-0.2766
1.81663e-08	-0.283252
1.81692e-08	-0.289823
1.8172e-08	-0.296309
1.81749e-08	-0.30271
1.81778e-08	-0.309024
1.81806e-08	-0.315249
1.81835e-08	-0.321385
1.81864e-08	-0.32743
1.81892e-08	-0.333382
1.81921e-08	-0.339241
1.8195e-08	-0.345005
1.81978e-08	-0.350672
1.82007e-08	-0.356243
1.82035e-08	-0.361714
1.82064e-08	-0.367086
1.82093e-08	-0.372357
1.82121e-08	-0.377526
1.8215e-08	-0.382592
1.82179e-08	-0.387554
1.82207e-08	-0.392411
1.82236e-08	-0.397161
1.82265e-08	-0.401805
1.82293e-08	-0.40634
1.82322e-08	-0.410767
1.8235e-08	-0.415083
1.82379e-08	-0.419289
1.82408e-08	-0.423383
1.82436e-08	-0.427365
1.82465e-08	-0.431234
1.82494e-08	-0.434989
1.82522e-08	-0.438629
1.82551e-08	-0.442155
1.8258e-08	-0.445564
1.82608e-08	-0.448857
1.82637e-08	-0.452033
1.82666e-08	-0.455091
1.82694e-08	-0.458031
1.82723e-08	-0.460852
1.82751e-08	-0.463554
1.8278e-08	-0.466137
1.82809e-08	-0.4686
1.82837e-08	-0.470942
1.82866e-08	-0.473164
1.82895e-08	-0.475265
1.82923e-08	-0.477244
1.82952e-08	-0.479102
1.82981e-08	-0.480839
1.83009e-08	-0.482453
1.83038e-08	-0.483946
1.83067e-08	-0.485316
1.83095e-08	-0.486564
1.83124e-08	-0.487689
1.83152e-08	-0.488692
1.83181e-08	-0.489573
1.8321e-08	-0.490331
1.83238e-08	-0.490967
1.83267e-08	-0.491481
1.83296e-08	-0.491873
1.83324e-08	-0.492142
1.83353e-08	-0.49229
1.83382e-08	-0.492317
1.8341e-08	-0.492222
1.83439e-08	-0.492006
1.83468e-08	-0.491669
1.83496e-08	-0.491212
1.83525e-08	-0.490634
1.83553e-08	-0.489937
1.83582e-08	-0.489121
1.83611e-08	-0.488186
1.83639e-08	-0.487132
1.83668e-08	-0.485961
1.83697e-08	-0.484672
1.83725e-08	-0.483266
1.83754e-08	-0.481744
1.83783e-08	-0.480107
1.83811e-08	-0.478355
1.8384e-08	-0.476488
1.83869e-08	-0.474508
1.83897e-08	-0.472415
1.83926e-08	-0.47021
1.83954e-08	-0.467893
1.83983e-08	-0.465466
1.84012e-08	-0.462929
1.8404e-08	-0.460284
1.84069e-08	-0.45753
1.84098e-08	-0.454669
1.84126e-08	-0.451702
1.84155e-08	-0.44863
1.84184e-08	-0.445454
1.84212e-08	-0.442174
1.84241e-08	-0.438792
1.8427e-08	-0.43531
1.84298e-08	-0.431727
1.84327e-08	-0.428045
1.84355e-08	-0.424265
1.84384e-08	-0.420388
1.84413e-08	-0.416416
1.84441e-08	-0.412349
1.8447e-08	-0.40819
1.84499e-08	-0.403938
1.84527e-08	-0.399596
1.84556e-08	-0.395164
1.84585e-08	-0.390644
1.84613e-08	-0.386037
1.84642e-08	-0.381344
1.84671e-08	-0.376567
1.84699e-08	-0.371708
1.84728e-08	-0.366767
1.84756e-08	-0.361746
1.84785e-08	-0.356646
1.84814e-08	-0.351469
1.84842e-08	-0.346216
1.84871e-08	-0.340889
1.849e-08	-0.335489
1.84928e-08	-0.330017
1.84957e-08	-0.324476
1.84986e-08	-0.318866
1.85014e-08	-0.31319
1.85043e-08	-0.307448
1.85072e-08	-0.301642
1.851e-08	-0.295775
1.85129e-08	-0.289846
1.85157e-08	-0.283859
1.85186e-08	-0.277815
1.85215e-08	-0.271715
1.85243e-08	-0.26556
1.85272e-08	-0.259353
1.85301e-08	-0.253096
1.85329e-08	-0.246789
1.85358e-08	-0.240435
1.85387e-08	-0.234035
1.85415e-08	-0.22759
1.85444e-08	-0.221104
1.85472e-08	-0.214576
1.85501e-08	-0.20801
1.8553e-08	-0.201406
1.85558e-08	-0.194766
1.85587e-08	-0.188093
1.85616e-08	-0.181388
1.85644e-08	-0.174652
1.85673e-08	-0.167887
1.85702e-08	-0.161095
1.8573e-08	-0.154279
1.85759e-08	-0.147438
1.85788e-08	-0.140576
1.85816e-08	-0.133694
1.85845e-08	-0.126794
1.85873e-08	-0.119877
1.85902e-08	-0.112946
1.85931e-08	-0.106001
1.85959e-08	-0.0990455
1.85988e-08	-0.0920802
1.86017e-08	-0.0851072
1.86045e-08	-0.0781282
1.86074e-08	-0.071145
1.86103e-08	-0.0641592
1.86131e-08	-0.0571727
1.8616e-08	-0.0501871
1.86189e-08	-0.0432042
1.86217e-08	-0.0362257
1.86246e-08	-0.0292533
1.86274e-08	-0.0222887
1.86303e-08	-0.0153337
1.86332e-08	-0.00839
1.8636e-08	-0.00145922
1.86389e-08	0.00545691
1.86418e-08	0.0123567
1.86446e-08	0.0192385
1.86475e-08	0.0261007
1.86504e-08	0.0329415
1.86532e-08	0.0397593
1.86561e-08	0.0465525
1.8659e-08	0.0533195
1.86618e-08	0.0600586
1.86647e-08	0.0667682
1.86675e-08	0.0734468
1.86704e-08	0.0800926
1.86733e-08	0.0867042
1.86761e-08	0.0932801
1.8679e-08	0.0998185
1.86819e-08	0.106318
1.86847e-08	0.112777
1.86876e-08	0.119194
1.86905e-08	0.125568
1.86933e-08	0.131897
1.86962e-08	0.138179
1.86991e-08	0.144414
1.87019e-08	0.150599
1.87048e-08	0.156734
1.87076e-08	0.162816
1.87105e-08	0.168845
1.87134e-08	0.174819
1.87162e-08	0.180737
1.87191e-08	0.186597
1.8722e-08	0.192398
1.87248e-08	0.198139
1.87277e-08	0.203819
1.87306e-08	0.209435
1.87334e-08	0.214988
1.87363e-08	0.220475
1.87392e-08	0.225896
1.8742e-08	0.231249
1.87449e-08	0.236533
1.87477e-08	0.241747
1.87506e-08	0.24689
1.87535e-08	0.251961
1.87563e-08	0.256958
1.87592e-08	0.261881
1.87621e-08	0.266728
1.87649e-08	0.271499
1.87678e-08	0.276192
1.87707e-08	0.280806
1.87735e-08	0.285341
1.87764e-08	0.289796
1.87793e-08	0.294169
1.87821e-08	0.29846
1.8785e-08	0.302667
1.87878e-08	0.306791
1.87907e-08	0.31083
1.87936e-08	0.314783
1.87964e-08	0.318649
1.87993e-08	0.322428
1.88022e-08	0.32612
1.8805e-08	0.329722
1.88079e-08	0.333235
1.88108e-08	0.336658
1.88136e-08	0.339991
1.88165e-08	0.343232
1.88194e-08	0.346381
1.88222e-08	0.349437
1.88251e-08	0.352401
1.88279e-08	0.355271
1.88308e-08	0.358046
1.88337e-08	0.360728
1.88365e-08	0.363314
1.88394e-08	0.365805
1.88423e-08	0.368199
1.88451e-08	0.370498
1.8848e-08	0.3727
1.88509e-08	0.374805
1.88537e-08	0.376813
1.88566e-08	0.378724
1.88594e-08	0.380537
1.88623e-08	0.382251
1.88652e-08	0.383868
1.8868e-08	0.385386
1.88709e-08	0.386806
1.88738e-08	0.388127
1.88766e-08	0.389349
1.88795e-08	0.390473
1.88824e-08	0.391498
1.88852e-08	0.392423
1.88881e-08	0.39325
1.8891e-08	0.393978
1.88938e-08	0.394608
1.88967e-08	0.395138
1.88995e-08	0.39557
1.89024e-08	0.395903
1.89053e-08	0.396138
1.89081e-08	0.396275
1.8911e-08	0.396313
1.89139e-08	0.396254
1.89167e-08	0.396097
1.89196e-08	0.395843
1.89225e-08	0.395491
1.89253e-08	0.395043
1.89282e-08	0.394499
1.89311e-08	0.393859
1.89339e-08	0.393123
1.89368e-08	0.392291
1.89396e-08	0.391365
1.89425e-08	0.390344
1.89454e-08	0.38923
1.89482e-08	0.388022
1.89511e-08	0.386721
1.8954e-08	0.385328
1.89568e-08	0.383843
1.89597e-08	0.382267
1.89626e-08	0.3806
1.89654e-08	0.378844
1.89683e-08	0.376997
1.89712e-08	0.375063
1.8974e-08	0.37304
1.89769e-08	0.37093
1.89797e-08	0.368733
1.89826e-08	0.36645
1.89855e-08	0.364083
1.89883e-08	0.361631
1.89912e-08	0.359096
1.89941e-08	0.356478
1.89969e-08	0.353778
1.89998e-08	0.350997
1.90027e-08	0.348137
1.90055e-08	0.345197
1.90084e-08	0.342179
1.90113e-08	0.339083
1.90141e-08	0.335912
1.9017e-08	0.332664
1.90198e-08	0.329343
1.90227e-08	0.325948
1.90256e-08	0.32248
1.90284e-08	0.318942
1.90313e-08	0.315332
1.90342e-08	0.311654
1.9037e-08	0.307907
1.90399e-08	0.304094
1.90428e-08	0.300214
1.90456e-08	0.29627
1.90485e-08	0.292261
1.90514e-08	0.288191
1.90542e-08	0.284058
1.90571e-08	0.279866
1.90599e-08	0.275614
1.90628e-08	0.271305
1.90657e-08	0.266938
1.90685e-08	0.262517
1.90714e-08	0.258041
1.90743e-08	0.253512
1.90771e-08	0.248931
1.908e-08	0.2443
1.90829e-08	0.23962
1.90857e-08	0.234891
1.90886e-08	0.230116
1.90915e-08	0.225296
1.90943e-08	0.220432
1.90972e-08	0.215525
1.91e-08	0.210576
1.91029e-08	0.205588
1.91058e-08	0.20056
1.91086e-08	0.195495
1.91115e-08	0.190395
1.91144e-08	0.185259
1.91172e-08	0.18009
1.91201e-08	0.174889
1.9123e-08	0.169658
1.91258e-08	0.164397
1.91287e-08	0.159108
1.91316e-08	0.153793
1.91344e-08	0.148453
1.91373e-08	0.143089
1.91401e-08	0.137702
1.9143e-08	0.132295
1.91459e-08	0.126868
1.91487e-08	0.121423
1.91516e-08	0.115961
1.91545e-08	0.110484
1.91573e-08	0.104992
1.91602e-08	0.0994885
1.91631e-08	0.0939735
1.91659e-08	0.0884487
1.91688e-08	0.0829155
1.91716e-08	0.0773753
1.91745e-08	0.0718295
1.91774e-08	0.0662794
1.91802e-08	0.0607265
1.91831e-08	0.0551722
1.9186e-08	0.0496178
1.91888e-08	0.0440647
1.91917e-08	0.0385143
1.91946e-08	0.032968
1.91974e-08	0.0274271
1.92003e-08	0.0218929
1.92032e-08	0.0163669
1.9206e-08	0.0108504
1.92089e-08	0.00534477
1.92117e-08	-0.000148709
1.92146e-08	-0.00562867
1.92175e-08	-0.0110938
1.92203e-08	-0.0165428
1.92232e-08	-0.0219742
1.92261e-08	-0.0273869
1.92289e-08	-0.0327796
1.92318e-08	-0.0381508
1.92347e-08	-0.0434995
1.92375e-08	-0.0488241
1.92404e-08	-0.0541237
1.92433e-08	-0.0593967
1.92461e-08	-0.0646421
1.9249e-08	-0.0698586
1.92518e-08	-0.075045
1.92547e-08	-0.0802
1.92576e-08	-0.0853224
1.92604e-08	-0.0904111
1.92633e-08	-0.0954649
1.92662e-08	-0.100483
1.9269e-08	-0.105463
1.92719e-08	-0.110405
1.92748e-08	-0.115308
1.92776e-08	-0.120169
1.92805e-08	-0.12499
1.92834e-08	-0.129767
1.92862e-08	-0.1345
1.92891e-08	-0.139189
1.92919e-08	-0.143831
1.92948e-08	-0.148426
1.92977e-08	-0.152973
1.93005e-08	-0.157471
1.93034e-08	-0.161919
1.93063e-08	-0.166316
1.93091e-08	-0.170661
1.9312e-08	-0.174953
1.93149e-08	-0.179191
1.93177e-08	-0.183374
1.93206e-08	-0.187501
1.93235e-08	-0.191572
1.93263e-08	-0.195585
1.93292e-08	-0.199539
1.9332e-08	-0.203435
1.93349e-08	-0.207271
1.93378e-08	-0.211045
1.93406e-08	-0.214759
1.93435e-08	-0.218409
1.93464e-08	-0.221997
1.93492e-08	-0.225521
1.93521e-08	-0.22898
1.9355e-08	-0.232374
1.93578e-08	-0.235702
1.93607e-08	-0.238964
1.93636e-08	-0.242158
1.93664e-08	-0.245284
1.93693e-08	-0.248342
1.93721e-08	-0.251331
1.9375e-08	-0.25425
1.93779e-08	-0.257099
1.93807e-08	-0.259878
1.93836e-08	-0.262585
1.93865e-08	-0.26522
1.93893e-08	-0.267783
1.93922e-08	-0.270274
1.93951e-08	-0.272692
1.93979e-08	-0.275036
1.94008e-08	-0.277306
1.94037e-08	-0.279502
1.94065e-08	-0.281623
1.94094e-08	-0.28367
1.94122e-08	-0.285641
1.94151e-08	-0.287536
1.9418e-08	-0.289356
1.94208e-08	-0.2911
1.94237e-08	-0.292767
1.94266e-08	-0.294358
1.94294e-08	-0.295872
1.94323e-08	-0.297309
1.94352e-08	-0.298669
1.9438e-08	-0.299952
1.94409e-08	-0.301157
1.94438e-08	-0.302285
1.94466e-08	-0.303335
1.94495e-08	-0.304308
1.94523e-08	-0.305203
1.94552e-08	-0.306021
1.94581e-08	-0.306761
1.94609e-08	-0.307423
1.94638e-08	-0.308007
1.94667e-08	-0.308514
1.94695e-08	-0.308944
1.94724e-08	-0.309296
1.94753e-08	-0.309571
1.94781e-08	-0.309768
1.9481e-08	-0.309889
1.94838e-08	-0.309933
1.94867e-08	-0.3099
1.94896e-08	-0.309791
1.94924e-08	-0.309605
1.94953e-08	-0.309344
1.94982e-08	-0.309006
1.9501e-08	-0.308594
1.95039e-08	-0.308106
1.95068e-08	-0.307543
1.95096e-08	-0.306906
1.95125e-08	-0.306195
1.95154e-08	-0.30541
1.95182e-08	-0.304552
1.95211e-08	-0.30362
1.95239e-08	-0.302616
1.95268e-08	-0.30154
1.95297e-08	-0.300393
1.95325e-08	-0.299174
1.95354e-08	-0.297884
1.95383e-08	-0.296524
1.95411e-08	-0.295095
1.9544e-08	-0.293596
1.95469e-08	-0.292029
1.95497e-08	-0.290394
1.95526e-08	-0.288691
1.95555e-08	-0.286922
1.95583e-08	-0.285086
1.95612e-08	-0.283185
1.9564e-08	-0.281219
1.95669e-08	-0.279188
1.95698e-08	-0.277094
1.95726e-08	-0.274937
1.95755e-08	-0.272718
1.95784e-08	-0.270437
1.95812e-08	-0.268095
1.95841e-08	-0.265694
1.9587e-08	-0.263233
1.95898e-08	-0.260713
1.95927e-08	-0.258136
1.95956e-08	-0.255502
1.95984e-08	-0.252812
1.96013e-08	-0.250066
1.96041e-08	-0.247266
1.9607e-08	-0.244413
1.96099e-08	-0.241506
1.96127e-08	-0.238548
1.96156e-08	-0.235538
1.96185e-08	-0.232478
1.96213e-08	-0.229369
1.96242e-08	-0.226212
1.96271e-08	-0.223007
1.96299e-08	-0.219755
1.96328e-08	-0.216458
1.96357e-08	-0.213116
1.96385e-08	-0.209731
1.96414e-08	-0.206302
1.96442e-08	-0.202832
1.96471e-08	-0.199321
1.965e-08	-0.195771
1.96528e-08	-0.192181
1.96557e-08	-0.188553
1.96586e-08	-0.184889
1.96614e-08	-0.181188
1.96643e-08	-0.177453
1.96672e-08	-0.173684
1.967e-08	-0.169882
1.96729e-08	-0.166049
1.96758e-08	-0.162184
1.96786e-08	-0.15829
1.96815e-08	-0.154368
1.96843e-08	-0.150418
1.96872e-08	-0.146441
1.96901e-08	-0.142439
1.96929e-08	-0.138412
1.96958e-08	-0.134362
1.96987e-08	-0.13029
1.97015e-08	-0.126196
1.97044e-08	-0.122082
1.97073e-08	-0.11795
1.97101e-08	-0.113799
1.9713e-08	-0.109631
1.97159e-08	-0.105448
1.97187e-08	-0.10125
1.97216e-08	-0.0970382
1.97244e-08	-0.0928139
1.97273e-08	-0.0885781
1.97302e-08	-0.0843318
1.9733e-08	-0.0800763
1.97359e-08	-0.0758125
1.97388e-08	-0.0715416
1.97416e-08	-0.0672646
1.97445e-08	-0.0629826
1.97474e-08	-0.0586967
1.97502e-08	-0.054408
1.97531e-08	-0.0501175
1.9756e-08	-0.0458263
1.97588e-08	-0.0415355
1.97617e-08	-0.0372461
1.97645e-08	-0.0329592
1.97674e-08	-0.0286759
1.97703e-08	-0.0243972
1.97731e-08	-0.0201241
1.9776e-08	-0.0158578
1.97789e-08	-0.0115992
1.97817e-08	-0.00734944
1.97846e-08	-0.00310948
1.97875e-08	0.00111963
1.97903e-08	0.00533686
1.97932e-08	0.00954121
1.9796e-08	0.0137317
1.97989e-08	0.0179072
1.98018e-08	0.0220668
1.98046e-08	0.0262096
1.98075e-08	0.0303345
1.98104e-08	0.0344405
1.98132e-08	0.0385267
1.98161e-08	0.0425922
1.9819e-08	0.0466359
1.98218e-08	0.0506569
1.98247e-08	0.0546543
1.98276e-08	0.0586272
1.98304e-08	0.0625746
1.98333e-08	0.0664957
1.98361e-08	0.0703894
1.9839e-08	0.074255
1.98419e-08	0.0780916
1.98447e-08	0.0818982
1.98476e-08	0.085674
1.98505e-08	0.0894182
1.98533e-08	0.0931299
1.98562e-08	0.0968082
1.98591e-08	0.100452
1.98619e-08	0.104062
1.98648e-08	0.107635
1.98677e-08	0.111172
1.98705e-08	0.114672
1.98734e-08	0.118134
1.98762e-08	0.121556
1.98791e-08	0.124939
1.9882e-08	0.128282
1.98848e-08	0.131584
1.98877e-08	0.134844
1.98906e-08	0.138062
1.98934e-08	0.141236
1.98963e-08	0.144367
1.98992e-08	0.147453
1.9902e-08	0.150494
1.99049e-08	0.15349
1.99078e-08	0.156439
1.99106e-08	0.159341
1.99135e-08	0.162196
1.99163e-08	0.165003
1.99192e-08	0.16776
1.99221e-08	0.170469
1.99249e-08	0.173128
1.99278e-08	0.175737
1.99307e-08	0.178295
1.99335e-08	0.180801
1.99364e-08	0.183256
1.99393e-08	0.185659
1.99421e-08	0.188009
1.9945e-08	0.190306
1.99479e-08	0.192549
1.99507e-08	0.194738
1.99536e-08	0.196873
1.99564e-08	0.198954
1.99593e-08	0.200979
1.99622e-08	0.202949
1.9965e-08	0.204863
1.99679e-08	0.206721
1.99708e-08	0.208523
1.99736e-08	0.210268
1.99765e-08	0.211956
1.99794e-08	0.213587
1.99822e-08	0.21516
1.99851e-08	0.216676
1.9988e-08	0.218134
1.99908e-08	0.219534
1.99937e-08	0.220875
1.99965e-08	0.222158
1.99994e-08	0.223383
2.00023e-08	0.224549
2.00051e-08	0.225656
2.0008e-08	0.226704
2.00109e-08	0.227693
2.00137e-08	0.228623
2.00166e-08	0.229493
2.00195e-08	0.230305
2.00223e-08	0.231057
2.00252e-08	0.23175
2.00281e-08	0.232383
2.00309e-08	0.232958
2.00338e-08	0.233473
2.00366e-08	0.233928
2.00395e-08	0.234325
2.00424e-08	0.234663
2.00452e-08	0.234941
2.00481e-08	0.235161
2.0051e-08	0.235322
2.00538e-08	0.235424
2.00567e-08	0.235468
2.00596e-08	0.235453
2.00624e-08	0.23538
2.00653e-08	0.23525
2.00682e-08	0.235061
2.0071e-08	0.234815
2.00739e-08	0.234511
2.00767e-08	0.234151
2.00796e-08	0.233733
2.00825e-08	0.233259
2.00853e-08	0.232728
2.00882e-08	0.232142
2.00911e-08	0.2315
2.00939e-08	0.230802
2.00968e-08	0.230049
2.00997e-08	0.229242
2.01025e-08	0.22838
2.01054e-08	0.227464
2.01082e-08	0.226495
2.01111e-08	0.225473
2.0114e-08	0.224397
2.01168e-08	0.22327
2.01197e-08	0.22209
2.01226e-08	0.220859
2.01254e-08	0.219576
2.01283e-08	0.218244
2.01312e-08	0.216861
2.0134e-08	0.215428
2.01369e-08	0.213947
2.01398e-08	0.212416
2.01426e-08	0.210838
2.01455e-08	0.209212
2.01483e-08	0.207539
2.01512e-08	0.20582
2.01541e-08	0.204055
2.01569e-08	0.202244
2.01598e-08	0.200389
2.01627e-08	0.19849
2.01655e-08	0.196547
2.01684e-08	0.194561
2.01713e-08	0.192533
2.01741e-08	0.190463
2.0177e-08	0.188352
2.01799e-08	0.186201
2.01827e-08	0.18401
2.01856e-08	0.18178
2.01884e-08	0.179512
2.01913e-08	0.177205
2.01942e-08	0.174862
2.0197e-08	0.172482
2.01999e-08	0.170067
2.02028e-08	0.167617
2.02056e-08	0.165133
2.02085e-08	0.162615
2.02114e-08	0.160064
2.02142e-08	0.157481
2.02171e-08	0.154867
2.022e-08	0.152222
2.02228e-08	0.149547
2.02257e-08	0.146844
2.02285e-08	0.144112
2.02314e-08	0.141352
2.02343e-08	0.138566
2.02371e-08	0.135753
2.024e-08	0.132916
2.02429e-08	0.130054
2.02457e-08	0.127168
2.02486e-08	0.124259
2.02515e-08	0.121328
2.02543e-08	0.118376
2.02572e-08	0.115404
2.02601e-08	0.112412
2.02629e-08	0.1094
2.02658e-08	0.106371
2.02686e-08	0.103325
2.02715e-08	0.100262
2.02744e-08	0.0971828
2.02772e-08	0.0940893
2.02801e-08	0.0909817
2.0283e-08	0.0878609
2.02858e-08	0.0847276
2.02887e-08	0.0815828
2.02916e-08	0.0784272
2.02944e-08	0.0752616
2.02973e-08	0.0720869
2.03002e-08	0.0689039
2.0303e-08	0.0657134
2.03059e-08	0.0625162
2.03087e-08	0.0593131
2.03116e-08	0.0561049
2.03145e-08	0.0528925
2.03173e-08	0.0496767
2.03202e-08	0.0464582
2.03231e-08	0.043238
2.03259e-08	0.0400167
2.03288e-08	0.0367952
2.03317e-08	0.0335743
2.03345e-08	0.0303549
2.03374e-08	0.0271376
2.03403e-08	0.0239233
2.03431e-08	0.0207128
2.0346e-08	0.0175069
2.03488e-08	0.0143063
2.03517e-08	0.0111118
2.03546e-08	0.00792432
2.03574e-08	0.00474447
2.03603e-08	0.00157308
2.03632e-08	-0.0015891
2.0366e-08	-0.0047413
2.03689e-08	-0.00788276
2.03718e-08	-0.0110128
2.03746e-08	-0.0141305
2.03775e-08	-0.0172353
2.03803e-08	-0.0203264
2.03832e-08	-0.0234031
2.03861e-08	-0.0264646
2.03889e-08	-0.0295103
2.03918e-08	-0.0325394
2.03947e-08	-0.0355512
2.03975e-08	-0.038545
2.04004e-08	-0.0415202
2.04033e-08	-0.044476
2.04061e-08	-0.0474118
2.0409e-08	-0.0503269
2.04119e-08	-0.0532207
2.04147e-08	-0.0560924
2.04176e-08	-0.0589415
2.04204e-08	-0.0617673
2.04233e-08	-0.0645691
2.04262e-08	-0.0673463
2.0429e-08	-0.0700984
2.04319e-08	-0.0728248
2.04348e-08	-0.0755247
2.04376e-08	-0.0781976
2.04405e-08	-0.080843
2.04434e-08	-0.0834603
2.04462e-08	-0.0860488
2.04491e-08	-0.0886081
2.0452e-08	-0.0911376
2.04548e-08	-0.0936368
2.04577e-08	-0.0961051
2.04605e-08	-0.098542
2.04634e-08	-0.100947
2.04663e-08	-0.10332
2.04691e-08	-0.105659
2.0472e-08	-0.107966
2.04749e-08	-0.110238
2.04777e-08	-0.112476
2.04806e-08	-0.11468
2.04835e-08	-0.116848
2.04863e-08	-0.11898
2.04892e-08	-0.121077
2.04921e-08	-0.123137
2.04949e-08	-0.12516
2.04978e-08	-0.127146
2.05006e-08	-0.129094
2.05035e-08	-0.131005
2.05064e-08	-0.132877
2.05092e-08	-0.13471
2.05121e-08	-0.136504
2.0515e-08	-0.138259
2.05178e-08	-0.139974
2.05207e-08	-0.141649
2.05236e-08	-0.143284
2.05264e-08	-0.144878
2.05293e-08	-0.146432
2.05322e-08	-0.147944
2.0535e-08	-0.149415
2.05379e-08	-0.150845
2.05407e-08	-0.152232
2.05436e-08	-0.153578
2.05465e-08	-0.154881
2.05493e-08	-0.156142
2.05522e-08	-0.15736
2.05551e-08	-0.158536
2.05579e-08	-0.159669
2.05608e-08	-0.160758
2.05637e-08	-0.161804
2.05665e-08	-0.162807
2.05694e-08	-0.163767
2.05723e-08	-0.164683
2.05751e-08	-0.165555
2.0578e-08	-0.166384
2.05808e-08	-0.167168
2.05837e-08	-0.167909
2.05866e-08	-0.168606
2.05894e-08	-0.169259
2.05923e-08	-0.169868
2.05952e-08	-0.170433
2.0598e-08	-0.170954
2.06009e-08	-0.171431
2.06038e-08	-0.171864
2.06066e-08	-0.172253
2.06095e-08	-0.172599
2.06124e-08	-0.1729
2.06152e-08	-0.173158
2.06181e-08	-0.173372
2.06209e-08	-0.173542
2.06238e-08	-0.173669
2.06267e-08	-0.173752
2.06295e-08	-0.173792
2.06324e-08	-0.173789
2.06353e-08	-0.173743
2.06381e-08	-0.173654
2.0641e-08	-0.173522
2.06439e-08	-0.173348
2.06467e-08	-0.173131
2.06496e-08	-0.172872
2.06525e-08	-0.172572
2.06553e-08	-0.172229
2.06582e-08	-0.171845
2.0661e-08	-0.171419
2.06639e-08	-0.170952
2.06668e-08	-0.170445
2.06696e-08	-0.169896
2.06725e-08	-0.169308
2.06754e-08	-0.168679
2.06782e-08	-0.168011
2.06811e-08	-0.167303
2.0684e-08	-0.166556
2.06868e-08	-0.16577
2.06897e-08	-0.164945
2.06925e-08	-0.164083
2.06954e-08	-0.163182
2.06983e-08	-0.162244
2.07011e-08	-0.161268
2.0704e-08	-0.160256
2.07069e-08	-0.159207
2.07097e-08	-0.158123
2.07126e-08	-0.157002
2.07155e-08	-0.155846
2.07183e-08	-0.154656
2.07212e-08	-0.153431
2.07241e-08	-0.152171
2.07269e-08	-0.150878
2.07298e-08	-0.149552
2.07326e-08	-0.148193
2.07355e-08	-0.146802
2.07384e-08	-0.145379
2.07412e-08	-0.143924
2.07441e-08	-0.142438
2.0747e-08	-0.140922
2.07498e-08	-0.139376
2.07527e-08	-0.1378
2.07556e-08	-0.136196
2.07584e-08	-0.134562
2.07613e-08	-0.132901
2.07642e-08	-0.131212
2.0767e-08	-0.129496
2.07699e-08	-0.127753
2.07727e-08	-0.125985
2.07756e-08	-0.12419
2.07785e-08	-0.122371
2.07813e-08	-0.120528
2.07842e-08	-0.11866
2.07871e-08	-0.11677
2.07899e-08	-0.114856
2.07928e-08	-0.11292
2.07957e-08	-0.110963
2.07985e-08	-0.108984
2.08014e-08	-0.106985
2.08043e-08	-0.104966
2.08071e-08	-0.102927
2.081e-08	-0.100869
2.08128e-08	-0.0987933
2.08157e-08	-0.0966997
2.08186e-08	-0.0945889
2.08214e-08	-0.0924616
2.08243e-08	-0.0903182
2.08272e-08	-0.0881595
2.083e-08	-0.085986
2.08329e-08	-0.0837983
2.08358e-08	-0.0815969
2.08386e-08	-0.0793825
2.08415e-08	-0.0771557
2.08444e-08	-0.074917
2.08472e-08	-0.0726671
2.08501e-08	-0.0704065
2.08529e-08	-0.0681359
2.08558e-08	-0.0658559
2.08587e-08	-0.0635669
2.08615e-08	-0.0612698
2.08644e-08	-0.058965
2.08673e-08	-0.0566531
2.08701e-08	-0.0543348
2.0873e-08	-0.0520106
2.08759e-08	-0.0496811
2.08787e-08	-0.047347
2.08816e-08	-0.0450089
2.08845e-08	-0.0426673
2.08873e-08	-0.0403228
2.08902e-08	-0.037976
2.0893e-08	-0.0356276
2.08959e-08	-0.033278
2.08988e-08	-0.030928
2.09016e-08	-0.028578
2.09045e-08	-0.0262287
2.09074e-08	-0.0238807
2.09102e-08	-0.0215345
2.09131e-08	-0.0191907
2.0916e-08	-0.0168499
2.09188e-08	-0.0145127
2.09217e-08	-0.0121796
2.09246e-08	-0.00985121
2.09274e-08	-0.00752809
2.09303e-08	-0.0052108
2.09331e-08	-0.0028999
2.0936e-08	-0.000595945
2.09389e-08	0.00170052
2.09417e-08	0.00398894
2.09446e-08	0.00626877
2.09475e-08	0.00853947
2.09503e-08	0.0108005
2.09532e-08	0.0130514
2.09561e-08	0.0152915
2.09589e-08	0.0175204
2.09618e-08	0.0197375
2.09647e-08	0.0219423
2.09675e-08	0.0241344
2.09704e-08	0.0263131
2.09732e-08	0.0284781
2.09761e-08	0.0306288
2.0979e-08	0.0327647
2.09818e-08	0.0348853
2.09847e-08	0.0369903
2.09876e-08	0.039079
2.09904e-08	0.041151
2.09933e-08	0.0432059
2.09962e-08	0.0452432
2.0999e-08	0.0472625
2.10019e-08	0.0492633
2.10047e-08	0.0512452
2.10076e-08	0.0532077
2.10105e-08	0.0551505
2.10133e-08	0.057073
2.10162e-08	0.058975
2.10191e-08	0.0608559
2.10219e-08	0.0627154
2.10248e-08	0.0645532
2.10277e-08	0.0663687
2.10305e-08	0.0681617
2.10334e-08	0.0699317
2.10363e-08	0.0716784
2.10391e-08	0.0734015
2.1042e-08	0.0751006
2.10448e-08	0.0767753
2.10477e-08	0.0784253
2.10506e-08	0.0800503
2.10534e-08	0.08165
2.10563e-08	0.083224
2.10592e-08	0.084772
2.1062e-08	0.0862938
2.10649e-08	0.0877891
2.10678e-08	0.0892575
2.10706e-08	0.0906988
2.10735e-08	0.0921127
2.10764e-08	0.093499
2.10792e-08	0.0948575
2.10821e-08	0.0961877
2.10849e-08	0.0974896
2.10878e-08	0.098763
2.10907e-08	0.100007
2.10935e-08	0.101223
2.10964e-08	0.102409
2.10993e-08	0.103566
2.11021e-08	0.104693
2.1105e-08	0.10579
2.11079e-08	0.106858
2.11107e-08	0.107895
2.11136e-08	0.108902
2.11165e-08	0.109879
2.11193e-08	0.110824
2.11222e-08	0.11174
2.1125e-08	0.112624
2.11279e-08	0.113477
2.11308e-08	0.1143
2.11336e-08	0.115091
2.11365e-08	0.115851
2.11394e-08	0.116579
2.11422e-08	0.117277
2.11451e-08	0.117942
2.1148e-08	0.118576
2.11508e-08	0.119179
2.11537e-08	0.11975
2.11566e-08	0.120289
2.11594e-08	0.120797
2.11623e-08	0.121273
2.11651e-08	0.121717
2.1168e-08	0.122129
2.11709e-08	0.12251
2.11737e-08	0.122859
2.11766e-08	0.123176
2.11795e-08	0.123462
2.11823e-08	0.123716
2.11852e-08	0.123938
2.11881e-08	0.124129
2.11909e-08	0.124289
2.11938e-08	0.124417
2.11967e-08	0.124513
2.11995e-08	0.124579
2.12024e-08	0.124613
2.12052e-08	0.124617
2.12081e-08	0.124589
2.1211e-08	0.124531
2.12138e-08	0.124442
2.12167e-08	0.124322
2.12196e-08	0.124172
2.12224e-08	0.123992
2.12253e-08	0.123781
2.12282e-08	0.12354
2.1231e-08	0.12327
2.12339e-08	0.12297
2.12368e-08	0.122641
2.12396e-08	0.122282
2.12425e-08	0.121894
2.12453e-08	0.121477
2.12482e-08	0.121032
2.12511e-08	0.120558
2.12539e-08	0.120055
2.12568e-08	0.119525
2.12597e-08	0.118967
2.12625e-08	0.118381
2.12654e-08	0.117768
2.12683e-08	0.117128
2.12711e-08	0.116461
2.1274e-08	0.115768
2.12769e-08	0.115048
2.12797e-08	0.114302
2.12826e-08	0.11353
2.12854e-08	0.112733
2.12883e-08	0.111911
2.12912e-08	0.111063
2.1294e-08	0.110191
2.12969e-08	0.109295
2.12998e-08	0.108375
2.13026e-08	0.107431
2.13055e-08	0.106464
2.13084e-08	0.105474
2.13112e-08	0.104461
2.13141e-08	0.103425
2.13169e-08	0.102368
2.13198e-08	0.101289
2.13227e-08	0.100188
2.13255e-08	0.099067
2.13284e-08	0.0979249
2.13313e-08	0.0967625
2.13341e-08	0.0955801
2.1337e-08	0.0943782
2.13399e-08	0.0931571
2.13427e-08	0.0919171
2.13456e-08	0.0906587
2.13485e-08	0.0893823
2.13513e-08	0.0880881
2.13542e-08	0.0867766
2.1357e-08	0.0854482
2.13599e-08	0.0841033
2.13628e-08	0.0827423
2.13656e-08	0.0813655
2.13685e-08	0.0799734
2.13714e-08	0.0785663
2.13742e-08	0.0771447
2.13771e-08	0.075709
2.138e-08	0.0742596
2.13828e-08	0.0727968
2.13857e-08	0.0713212
2.13886e-08	0.0698331
2.13914e-08	0.0683329
2.13943e-08	0.066821
2.13971e-08	0.065298
2.14e-08	0.0637641
2.14029e-08	0.0622198
2.14057e-08	0.0606656
2.14086e-08	0.0591019
2.14115e-08	0.057529
2.14143e-08	0.0559474
2.14172e-08	0.0543575
2.14201e-08	0.0527599
2.14229e-08	0.0511548
2.14258e-08	0.0495427
2.14287e-08	0.047924
2.14315e-08	0.0462993
2.14344e-08	0.0446688
2.14372e-08	0.043033
2.14401e-08	0.0413924
2.1443e-08	0.0397474
2.14458e-08	0.0380984
2.14487e-08	0.0364458
2.14516e-08	0.03479
2.14544e-08	0.0331316
2.14573e-08	0.0314708
2.14602e-08	0.0298082
2.1463e-08	0.0281441
2.14659e-08	0.026479
2.14688e-08	0.0248133
2.14716e-08	0.0231473
2.14745e-08	0.0214817
2.14773e-08	0.0198166
2.14802e-08	0.0181526
2.14831e-08	0.0164901
2.14859e-08	0.0148294
2.14888e-08	0.0131711
2.14917e-08	0.0115154
2.14945e-08	0.00986278
2.14974e-08	0.00821369
2.15003e-08	0.00656849
2.15031e-08	0.00492758
2.1506e-08	0.00329135
2.15089e-08	0.00166021
2.15117e-08	3.45285e-05
2.15146e-08	-0.0015853
2.15174e-08	-0.00319889
2.15203e-08	-0.00480586
2.15232e-08	-0.00640584
2.1526e-08	-0.00799845
2.15289e-08	-0.00958331
2.15318e-08	-0.0111601
2.15346e-08	-0.0127284
2.15375e-08	-0.0142878
2.15404e-08	-0.0158381
2.15432e-08	-0.0173788
2.15461e-08	-0.0189096
2.1549e-08	-0.0204302
2.15518e-08	-0.0219401
2.15547e-08	-0.0234392
2.15575e-08	-0.024927
2.15604e-08	-0.0264032
2.15633e-08	-0.0278675
2.15661e-08	-0.0293195
2.1569e-08	-0.030759
2.15719e-08	-0.0321856
2.15747e-08	-0.0335991
2.15776e-08	-0.034999
2.15805e-08	-0.0363852
2.15833e-08	-0.0377572
2.15862e-08	-0.0391149
2.15891e-08	-0.0404579
2.15919e-08	-0.041786
2.15948e-08	-0.0430989
2.15976e-08	-0.0443962
2.16005e-08	-0.0456778
2.16034e-08	-0.0469434
2.16062e-08	-0.0481926
2.16091e-08	-0.0494254
2.1612e-08	-0.0506413
2.16148e-08	-0.0518403
2.16177e-08	-0.0530219
2.16206e-08	-0.0541861
2.16234e-08	-0.0553325
2.16263e-08	-0.056461
2.16291e-08	-0.0575713
2.1632e-08	-0.0586632
2.16349e-08	-0.0597366
2.16377e-08	-0.0607912
2.16406e-08	-0.0618268
2.16435e-08	-0.0628432
2.16463e-08	-0.0638403
2.16492e-08	-0.0648179
2.16521e-08	-0.0657758
2.16549e-08	-0.0667138
2.16578e-08	-0.0676317
2.16607e-08	-0.0685295
2.16635e-08	-0.069407
2.16664e-08	-0.0702639
2.16692e-08	-0.0711003
2.16721e-08	-0.0719159
2.1675e-08	-0.0727106
2.16778e-08	-0.0734843
2.16807e-08	-0.0742369
2.16836e-08	-0.0749683
2.16864e-08	-0.0756783
2.16893e-08	-0.0763669
2.16922e-08	-0.077034
2.1695e-08	-0.0776794
2.16979e-08	-0.0783032
2.17008e-08	-0.0789052
2.17036e-08	-0.0794854
2.17065e-08	-0.0800436
2.17093e-08	-0.0805799
2.17122e-08	-0.0810942
2.17151e-08	-0.0815864
2.17179e-08	-0.0820565
2.17208e-08	-0.0825045
2.17237e-08	-0.0829303
2.17265e-08	-0.0833339
2.17294e-08	-0.0837153
2.17323e-08	-0.0840744
2.17351e-08	-0.0844113
2.1738e-08	-0.084726
2.17409e-08	-0.0850185
2.17437e-08	-0.0852887
2.17466e-08	-0.0855367
2.17494e-08	-0.0857626
2.17523e-08	-0.0859663
2.17552e-08	-0.0861478
2.1758e-08	-0.0863072
2.17609e-08	-0.0864446
2.17638e-08	-0.08656
2.17666e-08	-0.0866535
2.17695e-08	-0.086725
2.17724e-08	-0.0867748
2.17752e-08	-0.0868027
2.17781e-08	-0.086809
2.1781e-08	-0.0867937
2.17838e-08	-0.0867568
2.17867e-08	-0.0866985
2.17895e-08	-0.0866189
2.17924e-08	-0.086518
2.17953e-08	-0.0863961
2.17981e-08	-0.086253
2.1801e-08	-0.0860891
2.18039e-08	-0.0859044
2.18067e-08	-0.085699
2.18096e-08	-0.0854731
2.18125e-08	-0.0852267
2.18153e-08	-0.0849601
2.18182e-08	-0.0846734
2.18211e-08	-0.0843667
2.18239e-08	-0.0840402
2.18268e-08	-0.083694
2.18296e-08	-0.0833283
2.18325e-08	-0.0829432
2.18354e-08	-0.082539
2.18382e-08	-0.0821158
2.18411e-08	-0.0816737
2.1844e-08	-0.081213
2.18468e-08	-0.0807339
2.18497e-08	-0.0802365
2.18526e-08	-0.079721
2.18554e-08	-0.0791876
2.18583e-08	-0.0786365
2.18612e-08	-0.078068
2.1864e-08	-0.0774822
2.18669e-08	-0.0768793
2.18697e-08	-0.0762597
2.18726e-08	-0.0756233
2.18755e-08	-0.0749706
2.18783e-08	-0.0743017
2.18812e-08	-0.0736169
2.18841e-08	-0.0729164
2.18869e-08	-0.0722003
2.18898e-08	-0.0714691
2.18927e-08	-0.0707228
2.18955e-08	-0.0699618
2.18984e-08	-0.0691862
2.19013e-08	-0.0683964
2.19041e-08	-0.0675926
2.1907e-08	-0.0667751
2.19098e-08	-0.065944
2.19127e-08	-0.0650997
2.19156e-08	-0.0642424
2.19184e-08	-0.0633724
2.19213e-08	-0.0624899
2.19242e-08	-0.0615953
2.1927e-08	-0.0606888
2.19299e-08	-0.0597706
2.19328e-08	-0.058841
2.19356e-08	-0.0579004
2.19385e-08	-0.0569489
2.19413e-08	-0.0559869
2.19442e-08	-0.0550147
2.19471e-08	-0.0540325
2.19499e-08	-0.0530406
2.19528e-08	-0.0520393
2.19557e-08	-0.0510289
2.19585e-08	-0.0500097
2.19614e-08	-0.0489819
2.19643e-08	-0.0479459
2.19671e-08	-0.0469019
2.197e-08	-0.0458502
2.19729e-08	-0.0447912
2.19757e-08	-0.0437251
2.19786e-08	-0.0426522
2.19814e-08	-0.0415728
2.19843e-08	-0.0404872
2.19872e-08	-0.0393957
2.199e-08	-0.0382986
2.19929e-08	-0.0371962
2.19958e-08	-0.0360888
2.19986e-08	-0.0349767
2.20015e-08	-0.0338601
2.20044e-08	-0.0327394
2.20072e-08	-0.0316149
2.20101e-08	-0.0304869
2.2013e-08	-0.0293556
2.20158e-08	-0.0282214
2.20187e-08	-0.0270845
2.20215e-08	-0.0259453
2.20244e-08	-0.024804
2.20273e-08	-0.0236609
2.20301e-08	-0.0225164
2.2033e-08	-0.0213707
2.20359e-08	-0.0202241
2.20387e-08	-0.019077
2.20416e-08	-0.0179295
2.20445e-08	-0.016782
2.20473e-08	-0.0156347
2.20502e-08	-0.014488
2.20531e-08	-0.0133422
2.20559e-08	-0.0121974
2.20588e-08	-0.0110541
2.20616e-08	-0.00991247
2.20645e-08	-0.00877279
2.20674e-08	-0.00763535
2.20702e-08	-0.00650044
2.20731e-08	-0.00536831
2.2076e-08	-0.00423924
2.20788e-08	-0.00311351
2.20817e-08	-0.00199139
2.20846e-08	-0.000873134
2.20874e-08	0.000240985
2.20903e-08	0.00135071
2.20932e-08	0.00245577
2.2096e-08	0.00355591
2.20989e-08	0.00465088
2.21017e-08	0.00574042
2.21046e-08	0.00682429
2.21075e-08	0.00790222
2.21103e-08	0.00897398
2.21132e-08	0.0100393
2.21161e-08	0.011098
2.21189e-08	0.0121498
2.21218e-08	0.0131944
2.21247e-08	0.0142317
2.21275e-08	0.0152614
2.21304e-08	0.0162832
2.21333e-08	0.017297
2.21361e-08	0.0183025
2.2139e-08	0.0192995
2.21418e-08	0.0202878
2.21447e-08	0.0212672
2.21476e-08	0.0222374
2.21504e-08	0.0231983
2.21533e-08	0.0241497
2.21562e-08	0.0250913
2.2159e-08	0.0260229
2.21619e-08	0.0269444
2.21648e-08	0.0278556
2.21676e-08	0.0287563
2.21705e-08	0.0296462
2.21734e-08	0.0305253
2.21762e-08	0.0313933
2.21791e-08	0.0322501
2.21819e-08	0.0330955
2.21848e-08	0.0339293
2.21877e-08	0.0347513
2.21905e-08	0.0355615
2.21934e-08	0.0363596
2.21963e-08	0.0371455
2.21991e-08	0.0379191
2.2202e-08	0.0386802
2.22049e-08	0.0394286
2.22077e-08	0.0401642
2.22106e-08	0.040887
2.22135e-08	0.0415967
2.22163e-08	0.0422932
2.22192e-08	0.0429765
2.2222e-08	0.0436463
2.22249e-08	0.0443026
2.22278e-08	0.0449453
2.22306e-08	0.0455742
2.22335e-08	0.0461893
2.22364e-08	0.0467905
2.22392e-08	0.0473776
2.22421e-08	0.0479506
2.2245e-08	0.0485093
2.22478e-08	0.0490538
2.22507e-08	0.0495839
2.22535e-08	0.0500995
2.22564e-08	0.0506006
2.22593e-08	0.0510871
2.22621e-08	0.0515589
2.2265e-08	0.0520161
2.22679e-08	0.0524584
2.22707e-08	0.0528859
2.22736e-08	0.0532986
2.22765e-08	0.0536963
2.22793e-08	0.054079
2.22822e-08	0.0544468
2.22851e-08	0.0547995
2.22879e-08	0.0551372
2.22908e-08	0.0554598
2.22936e-08	0.0557673
2.22965e-08	0.0560596
2.22994e-08	0.0563369
2.23022e-08	0.056599
2.23051e-08	0.0568459
2.2308e-08	0.0570777
2.23108e-08	0.0572943
2.23137e-08	0.0574959
2.23166e-08	0.0576822
2.23194e-08	0.0578535
2.23223e-08	0.0580096
2.23252e-08	0.0581507
2.2328e-08	0.0582768
2.23309e-08	0.0583878
2.23337e-08	0.0584838
2.23366e-08	0.0585648
2.23395e-08	0.058631
2.23423e-08	0.0586822
2.23452e-08	0.0587187
2.23481e-08	0.0587403
2.23509e-08	0.0587473
2.23538e-08	0.0587395
2.23567e-08	0.0587172
2.23595e-08	0.0586804
2.23624e-08	0.058629
2.23653e-08	0.0585633
2.23681e-08	0.0584832
2.2371e-08	0.0583889
2.23738e-08	0.0582804
2.23767e-08	0.0581578
2.23796e-08	0.0580213
2.23824e-08	0.0578708
2.23853e-08	0.0577065
2.23882e-08	0.0575285
2.2391e-08	0.0573369
2.23939e-08	0.0571318
2.23968e-08	0.0569132
2.23996e-08	0.0566814
2.24025e-08	0.0564364
2.24054e-08	0.0561783
2.24082e-08	0.0559073
2.24111e-08	0.0556234
2.24139e-08	0.0553268
2.24168e-08	0.0550176
2.24197e-08	0.054696
2.24225e-08	0.0543621
2.24254e-08	0.0540159
2.24283e-08	0.0536577
2.24311e-08	0.0532876
2.2434e-08	0.0529057
2.24369e-08	0.0525122
2.24397e-08	0.0521072
2.24426e-08	0.0516908
2.24455e-08	0.0512633
2.24483e-08	0.0508247
2.24512e-08	0.0503753
2.2454e-08	0.0499151
2.24569e-08	0.0494444
2.24598e-08	0.0489632
2.24626e-08	0.0484718
2.24655e-08	0.0479704
2.24684e-08	0.047459
2.24712e-08	0.0469379
2.24741e-08	0.0464072
2.2477e-08	0.0458671
2.24798e-08	0.0453178
2.24827e-08	0.0447595
2.24856e-08	0.0441922
2.24884e-08	0.0436163
2.24913e-08	0.0430319
2.24941e-08	0.0424391
2.2497e-08	0.0418382
2.24999e-08	0.0412293
2.25027e-08	0.0406126
2.25056e-08	0.0399884
2.25085e-08	0.0393567
2.25113e-08	0.0387178
2.25142e-08	0.0380719
2.25171e-08	0.0374191
2.25199e-08	0.0367597
2.25228e-08	0.0360938
2.25256e-08	0.0354217
2.25285e-08	0.0347435
2.25314e-08	0.0340595
2.25342e-08	0.0333697
2.25371e-08	0.0326745
2.254e-08	0.031974
2.25428e-08	0.0312684
2.25457e-08	0.030558
2.25486e-08	0.0298428
2.25514e-08	0.0291232
2.25543e-08	0.0283992
2.25572e-08	0.0276712
2.256e-08	0.0269392
2.25629e-08	0.0262036
2.25657e-08	0.0254645
2.25686e-08	0.0247221
2.25715e-08	0.0239766
2.25743e-08	0.0232282
2.25772e-08	0.0224771
2.25801e-08	0.0217235
2.25829e-08	0.0209676
2.25858e-08	0.0202096
2.25887e-08	0.0194497
2.25915e-08	0.0186881
2.25944e-08	0.017925
2.25973e-08	0.0171606
2.26001e-08	0.0163951
2.2603e-08	0.0156287
2.26058e-08	0.0148616
2.26087e-08	0.0140939
2.26116e-08	0.0133259
2.26144e-08	0.0125578
2.26173e-08	0.0117898
2.26202e-08	0.011022
2.2623e-08	0.0102546
2.26259e-08	0.0094879
2.26288e-08	0.00872201
2.26316e-08	0.00795713
2.26345e-08	0.00719346
2.26374e-08	0.00643118
2.26402e-08	0.00567047
2.26431e-08	0.00491152
2.26459e-08	0.00415451
2.26488e-08	0.00339962
2.26517e-08	0.00264704
2.26545e-08	0.00189694
2.26574e-08	0.0011495
2.26603e-08	0.000404898
2.26631e-08	-0.000336693
2.2666e-08	-0.0010751
2.26689e-08	-0.00181015
2.26717e-08	-0.00254167
2.26746e-08	-0.00326949
2.26775e-08	-0.00399345
2.26803e-08	-0.00471338
2.26832e-08	-0.00542912
2.2686e-08	-0.0061405
2.26889e-08	-0.00684737
2.26918e-08	-0.00754956
2.26946e-08	-0.00824693
2.26975e-08	-0.00893931
2.27004e-08	-0.00962655
2.27032e-08	-0.0103085
2.27061e-08	-0.010985
2.2709e-08	-0.0116559
2.27118e-08	-0.0123211
2.27147e-08	-0.0129805
2.27176e-08	-0.0136338
2.27204e-08	-0.014281
2.27233e-08	-0.0149218
2.27261e-08	-0.0155563
2.2729e-08	-0.0161842
2.27319e-08	-0.0168054
2.27347e-08	-0.0174198
2.27376e-08	-0.0180273
2.27405e-08	-0.0186277
2.27433e-08	-0.0192209
2.27462e-08	-0.0198068
2.27491e-08	-0.0203853
2.27519e-08	-0.0209563
2.27548e-08	-0.0215196
2.27577e-08	-0.0220752
2.27605e-08	-0.0226229
2.27634e-08	-0.0231626
2.27662e-08	-0.0236943
2.27691e-08	-0.0242178
2.2772e-08	-0.0247331
2.27748e-08	-0.02524
2.27777e-08	-0.0257385
2.27806e-08	-0.0262284
2.27834e-08	-0.0267097
2.27863e-08	-0.0271823
2.27892e-08	-0.0276461
2.2792e-08	-0.028101
2.27949e-08	-0.028547
2.27978e-08	-0.028984
2.28006e-08	-0.0294119
2.28035e-08	-0.0298306
2.28063e-08	-0.0302401
2.28092e-08	-0.0306403
2.28121e-08	-0.0310311
2.28149e-08	-0.0314126
2.28178e-08	-0.0317846
2.28207e-08	-0.032147
2.28235e-08	-0.0324999
2.28264e-08	-0.0328432
2.28293e-08	-0.0331768
2.28321e-08	-0.0335007
2.2835e-08	-0.0338149
2.28378e-08	-0.0341193
2.28407e-08	-0.0344138
2.28436e-08	-0.0346985
2.28464e-08	-0.0349734
2.28493e-08	-0.0352383
2.28522e-08	-0.0354933
2.2855e-08	-0.0357384
2.28579e-08	-0.0359734
2.28608e-08	-0.0361985
2.28636e-08	-0.0364136
2.28665e-08	-0.0366187
2.28694e-08	-0.0368138
2.28722e-08	-0.0369988
2.28751e-08	-0.0371738
2.28779e-08	-0.0373388
2.28808e-08	-0.0374937
2.28837e-08	-0.0376387
2.28865e-08	-0.0377736
2.28894e-08	-0.0378984
2.28923e-08	-0.0380133
2.28951e-08	-0.0381182
2.2898e-08	-0.0382132
2.29009e-08	-0.0382982
2.29037e-08	-0.0383732
2.29066e-08	-0.0384384
2.29095e-08	-0.0384936
2.29123e-08	-0.0385391
2.29152e-08	-0.0385747
2.2918e-08	-0.0386005
2.29209e-08	-0.0386166
2.29238e-08	-0.0386229
2.29266e-08	-0.0386196
2.29295e-08	-0.0386067
2.29324e-08	-0.0385841
2.29352e-08	-0.0385521
2.29381e-08	-0.0385105
2.2941e-08	-0.0384595
2.29438e-08	-0.0383991
2.29467e-08	-0.0383294
2.29496e-08	-0.0382505
2.29524e-08	-0.0381623
2.29553e-08	-0.0380649
2.29581e-08	-0.0379585
2.2961e-08	-0.0378431
2.29639e-08	-0.0377187
2.29667e-08	-0.0375854
2.29696e-08	-0.0374433
2.29725e-08	-0.0372925
2.29753e-08	-0.037133
2.29782e-08	-0.0369649
2.29811e-08	-0.0367884
2.29839e-08	-0.0366034
2.29868e-08	-0.0364101
2.29897e-08	-0.0362085
2.29925e-08	-0.0359987
2.29954e-08	-0.0357809
2.29982e-08	-0.0355551
2.30011e-08	-0.0353214
2.3004e-08	-0.0350798
2.30068e-08	-0.0348306
2.30097e-08	-0.0345737
2.30126e-08	-0.0343094
2.30154e-08	-0.0340376
2.30183e-08	-0.0337585
2.30212e-08	-0.0334721
2.3024e-08	-0.0331787
2.30269e-08	-0.0328782
2.30298e-08	-0.0325709
2.30326e-08	-0.0322568
2.30355e-08	-0.0319359
2.30383e-08	-0.0316085
2.30412e-08	-0.0312746
2.30441e-08	-0.0309344
2.30469e-08	-0.0305879
2.30498e-08	-0.0302353
2.30527e-08	-0.0298767
2.30555e-08	-0.0295122
2.30584e-08	-0.029142
2.30613e-08	-0.028766
2.30641e-08	-0.0283845
2.3067e-08	-0.0279976
2.30699e-08	-0.0276054
2.30727e-08	-0.0272081
2.30756e-08	-0.0268056
2.30784e-08	-0.0263983
2.30813e-08	-0.0259861
2.30842e-08	-0.0255692
2.3087e-08	-0.0251478
2.30899e-08	-0.024722
2.30928e-08	-0.0242918
2.30956e-08	-0.0238575
2.30985e-08	-0.0234191
2.31014e-08	-0.0229768
2.31042e-08	-0.0225307
2.31071e-08	-0.0220809
2.311e-08	-0.0216276
2.31128e-08	-0.0211709
2.31157e-08	-0.0207109
2.31185e-08	-0.0202478
2.31214e-08	-0.0197817
2.31243e-08	-0.0193126
2.31271e-08	-0.0188408
2.313e-08	-0.0183664
2.31329e-08	-0.0178895
2.31357e-08	-0.0174102
2.31386e-08	-0.0169287
2.31415e-08	-0.016445
2.31443e-08	-0.0159594
2.31472e-08	-0.015472
2.315e-08	-0.0149829
2.31529e-08	-0.0144921
2.31558e-08	-0.014
2.31586e-08	-0.0135065
2.31615e-08	-0.0130118
2.31644e-08	-0.012516
2.31672e-08	-0.0120194
2.31701e-08	-0.0115219
2.3173e-08	-0.0110237
2.31758e-08	-0.010525
2.31787e-08	-0.0100259
2.31816e-08	-0.00952652
2.31844e-08	-0.00902696
2.31873e-08	-0.00852735
2.31901e-08	-0.00802784
2.3193e-08	-0.00752853
2.31959e-08	-0.00702957
2.31987e-08	-0.00653107
2.32016e-08	-0.00603315
2.32045e-08	-0.00553595
2.32073e-08	-0.00503957
2.32102e-08	-0.00454414
2.32131e-08	-0.00404979
2.32159e-08	-0.00355663
2.32188e-08	-0.00306477
2.32217e-08	-0.00257435
2.32245e-08	-0.00208546
2.32274e-08	-0.00159824
2.32302e-08	-0.0011128
2.32331e-08	-0.000629241
2.3236e-08	-0.000147687
2.32388e-08	0.000331751
2.32417e-08	0.000808963
2.32446e-08	0.00128384
2.32474e-08	0.00175627
2.32503e-08	0.00222615
2.32532e-08	0.00269336
2.3256e-08	0.00315782
2.32589e-08	0.0036194
2.32618e-08	0.00407801
2.32646e-08	0.00453354
2.32675e-08	0.0049859
2.32703e-08	0.00543499
2.32732e-08	0.00588069
2.32761e-08	0.00632293
2.32789e-08	0.00676161
2.32818e-08	0.00719662
2.32847e-08	0.00762788
2.32875e-08	0.00805529
2.32904e-08	0.00847876
2.32933e-08	0.00889822
2.32961e-08	0.00931356
2.3299e-08	0.0097247
2.33019e-08	0.0101316
2.33047e-08	0.0105341
2.33076e-08	0.0109321
2.33104e-08	0.0113256
2.33133e-08	0.0117145
2.33162e-08	0.0120988
2.3319e-08	0.0124782
2.33219e-08	0.0128529
2.33248e-08	0.0132226
2.33276e-08	0.0135874
2.33305e-08	0.0139471
2.33334e-08	0.0143017
2.33362e-08	0.0146511
2.33391e-08	0.0149953
2.3342e-08	0.0153341
2.33448e-08	0.0156677
2.33477e-08	0.0159957
2.33505e-08	0.0163183
2.33534e-08	0.0166354
2.33563e-08	0.0169468
2.33591e-08	0.0172526
2.3362e-08	0.0175527
2.33649e-08	0.017847
2.33677e-08	0.0181356
2.33706e-08	0.0184183
2.33735e-08	0.0186951
2.33763e-08	0.018966
2.33792e-08	0.0192309
2.33821e-08	0.0194898
2.33849e-08	0.0197426
2.33878e-08	0.0199894
2.33906e-08	0.02023
2.33935e-08	0.0204644
2.33964e-08	0.0206927
2.33992e-08	0.0209148
2.34021e-08	0.0211306
2.3405e-08	0.0213402
2.34078e-08	0.0215434
2.34107e-08	0.0217404
2.34136e-08	0.021931
2.34164e-08	0.0221152
2.34193e-08	0.0222931
2.34222e-08	0.0224646
2.3425e-08	0.0226297
2.34279e-08	0.0227883
2.34307e-08	0.0229406
2.34336e-08	0.0230864
2.34365e-08	0.0232257
2.34393e-08	0.0233587
2.34422e-08	0.0234851
2.34451e-08	0.0236051
2.34479e-08	0.0237187
2.34508e-08	0.0238257
2.34537e-08	0.0239264
2.34565e-08	0.0240206
2.34594e-08	0.0241083
2.34622e-08	0.0241896
2.34651e-08	0.0242645
2.3468e-08	0.024333
2.34708e-08	0.024395
2.34737e-08	0.0244507
2.34766e-08	0.0245
2.34794e-08	0.0245429
2.34823e-08	0.0245795
2.34852e-08	0.0246098
2.3488e-08	0.0246338
2.34909e-08	0.0246515
2.34938e-08	0.0246629
2.34966e-08	0.0246682
2.34995e-08	0.0246672
2.35023e-08	0.02466
2.35052e-08	0.0246468
2.35081e-08	0.0246274
2.35109e-08	0.0246019
2.35138e-08	0.0245704
2.35167e-08	0.0245329
2.35195e-08	0.0244894
2.35224e-08	0.02444
2.35253e-08	0.0243847
2.35281e-08	0.0243235
2.3531e-08	0.0242565
2.35339e-08	0.0241838
2.35367e-08	0.0241054
2.35396e-08	0.0240212
2.35424e-08	0.0239315
2.35453e-08	0.0238362
2.35482e-08	0.0237353
2.3551e-08	0.023629
2.35539e-08	0.0235173
2.35568e-08	0.0234001
2.35596e-08	0.0232777
2.35625e-08	0.02315
2.35654e-08	0.0230171
2.35682e-08	0.022879
2.35711e-08	0.0227359
2.3574e-08	0.0225877
2.35768e-08	0.0224346
2.35797e-08	0.0222765
2.35825e-08	0.0221137
2.35854e-08	0.021946
2.35883e-08	0.0217736
2.35911e-08	0.0215966
2.3594e-08	0.0214149
2.35969e-08	0.0212288
2.35997e-08	0.0210382
2.36026e-08	0.0208432
2.36055e-08	0.0206439
2.36083e-08	0.0204404
2.36112e-08	0.0202327
2.36141e-08	0.0200209
2.36169e-08	0.019805
2.36198e-08	0.0195852
2.36226e-08	0.0193616
2.36255e-08	0.0191341
2.36284e-08	0.0189029
2.36312e-08	0.018668
2.36341e-08	0.0184296
2.3637e-08	0.0181876
2.36398e-08	0.0179423
2.36427e-08	0.0176936
2.36456e-08	0.0174416
2.36484e-08	0.0171864
2.36513e-08	0.0169281
2.36542e-08	0.0166668
2.3657e-08	0.0164025
2.36599e-08	0.0161353
2.36627e-08	0.0158654
2.36656e-08	0.0155927
2.36685e-08	0.0153175
2.36713e-08	0.0150396
2.36742e-08	0.0147593
2.36771e-08	0.0144767
2.36799e-08	0.0141917
2.36828e-08	0.0139045
2.36857e-08	0.0136152
2.36885e-08	0.0133238
2.36914e-08	0.0130304
2.36943e-08	0.0127352
2.36971e-08	0.0124381
2.37e-08	0.0121394
2.37028e-08	0.011839
2.37057e-08	0.011537
2.37086e-08	0.0112336
2.37114e-08	0.0109288
2.37143e-08	0.0106226
2.37172e-08	0.0103153
2.372e-08	0.0100068
2.37229e-08	0.00969731
2.37258e-08	0.00938681
2.37286e-08	0.00907542
2.37315e-08	0.00876322
2.37344e-08	0.00845031
2.37372e-08	0.00813675
2.37401e-08	0.00782263
2.37429e-08	0.00750803
2.37458e-08	0.00719304
2.37487e-08	0.00687773
2.37515e-08	0.0065622
2.37544e-08	0.0062465
2.37573e-08	0.00593074
2.37601e-08	0.00561498
2.3763e-08	0.00529931
2.37659e-08	0.0049838
2.37687e-08	0.00466854
2.37716e-08	0.0043536
2.37744e-08	0.00403906
2.37773e-08	0.003725
2.37802e-08	0.0034115
2.3783e-08	0.00309862
2.37859e-08	0.00278646
2.37888e-08	0.00247507
2.37916e-08	0.00216455
2.37945e-08	0.00185495
2.37974e-08	0.00154636
2.38002e-08	0.00123885
2.38031e-08	0.000932486
2.3806e-08	0.000627346
2.38088e-08	0.0003235
2.38117e-08	2.10174e-05
2.38145e-08	-0.000280031
2.38174e-08	-0.000579578
2.38203e-08	-0.000877553
2.38231e-08	-0.00117389
2.3826e-08	-0.00146852
2.38289e-08	-0.00176138
2.38317e-08	-0.0020524
2.38346e-08	-0.00234152
2.38375e-08	-0.00262868
2.38403e-08	-0.0029138
2.38432e-08	-0.00319684
2.38461e-08	-0.00347772
2.38489e-08	-0.00375639
2.38518e-08	-0.00403279
2.38546e-08	-0.00430686
2.38575e-08	-0.00457853
2.38604e-08	-0.00484776
2.38632e-08	-0.00511449
2.38661e-08	-0.00537866
2.3869e-08	-0.00564022
2.38718e-08	-0.00589911
2.38747e-08	-0.00615528
2.38776e-08	-0.00640869
2.38804e-08	-0.00665927
2.38833e-08	-0.00690698
2.38862e-08	-0.00715177
2.3889e-08	-0.0073936
2.38919e-08	-0.00763241
2.38947e-08	-0.00786816
2.38976e-08	-0.00810081
2.39005e-08	-0.00833031
2.39033e-08	-0.00855662
2.39062e-08	-0.0087797
2.39091e-08	-0.0089995
2.39119e-08	-0.00921599
2.39148e-08	-0.00942913
2.39177e-08	-0.00963888
2.39205e-08	-0.0098452
2.39234e-08	-0.0100481
2.39263e-08	-0.0102474
2.39291e-08	-0.0104433
2.3932e-08	-0.0106355
2.39348e-08	-0.0108242
2.39377e-08	-0.0110093
2.39406e-08	-0.0111907
2.39434e-08	-0.0113684
2.39463e-08	-0.0115424
2.39492e-08	-0.0117127
2.3952e-08	-0.0118792
2.39549e-08	-0.0120419
2.39578e-08	-0.0122009
2.39606e-08	-0.012356
2.39635e-08	-0.0125072
2.39664e-08	-0.0126546
2.39692e-08	-0.0127981
2.39721e-08	-0.0129377
2.39749e-08	-0.0130734
2.39778e-08	-0.0132051
2.39807e-08	-0.0133329
2.39835e-08	-0.0134567
2.39864e-08	-0.0135765
2.39893e-08	-0.0136924
2.39921e-08	-0.0138043
2.3995e-08	-0.0139121
2.39979e-08	-0.014016
2.40007e-08	-0.0141158
2.40036e-08	-0.0142116
2.40065e-08	-0.0143034
2.40093e-08	-0.0143911
2.40122e-08	-0.0144748
2.4015e-08	-0.0145545
2.40179e-08	-0.0146301
2.40208e-08	-0.0147017
2.40236e-08	-0.0147692
2.40265e-08	-0.0148327
2.40294e-08	-0.0148922
2.40322e-08	-0.0149477
2.40351e-08	-0.0149991
2.4038e-08	-0.0150465
2.40408e-08	-0.0150899
2.40437e-08	-0.0151293
2.40466e-08	-0.0151648
2.40494e-08	-0.0151962
2.40523e-08	-0.0152237
2.40551e-08	-0.0152472
2.4058e-08	-0.0152668
2.40609e-08	-0.0152825
2.40637e-08	-0.0152942
2.40666e-08	-0.0153021
2.40695e-08	-0.015306
2.40723e-08	-0.0153062
2.40752e-08	-0.0153024
2.40781e-08	-0.0152949
2.40809e-08	-0.0152835
2.40838e-08	-0.0152684
2.40866e-08	-0.0152495
2.40895e-08	-0.0152269
2.40924e-08	-0.0152005
2.40952e-08	-0.0151705
2.40981e-08	-0.0151368
2.4101e-08	-0.0150995
2.41038e-08	-0.0150586
2.41067e-08	-0.0150141
2.41096e-08	-0.014966
2.41124e-08	-0.0149144
2.41153e-08	-0.0148594
2.41182e-08	-0.0148008
2.4121e-08	-0.0147389
2.41239e-08	-0.0146735
2.41267e-08	-0.0146048
2.41296e-08	-0.0145328
2.41325e-08	-0.0144575
2.41353e-08	-0.0143789
2.41382e-08	-0.014297
2.41411e-08	-0.014212
2.41439e-08	-0.0141239
2.41468e-08	-0.0140326
2.41497e-08	-0.0139383
2.41525e-08	-0.0138409
2.41554e-08	-0.0137405
2.41583e-08	-0.0136372
2.41611e-08	-0.013531
2.4164e-08	-0.0134219
2.41668e-08	-0.0133099
2.41697e-08	-0.0131952
2.41726e-08	-0.0130777
2.41754e-08	-0.0129575
2.41783e-08	-0.0128347
2.41812e-08	-0.0127092
2.4184e-08	-0.0125812
2.41869e-08	-0.0124506
2.41898e-08	-0.0123176
2.41926e-08	-0.0121821
2.41955e-08	-0.0120443
2.41984e-08	-0.0119041
2.42012e-08	-0.0117616
2.42041e-08	-0.0116168
2.42069e-08	-0.0114699
2.42098e-08	-0.0113208
2.42127e-08	-0.0111696
2.42155e-08	-0.0110163
2.42184e-08	-0.010861
2.42213e-08	-0.0107038
2.42241e-08	-0.0105447
2.4227e-08	-0.0103837
2.42299e-08	-0.0102209
2.42327e-08	-0.0100563
2.42356e-08	-0.00989007
2.42385e-08	-0.00972214
2.42413e-08	-0.00955261
2.42442e-08	-0.00938153
2.4247e-08	-0.00920893
2.42499e-08	-0.00903489
2.42528e-08	-0.00885944
2.42556e-08	-0.00868263
2.42585e-08	-0.00850453
2.42614e-08	-0.00832518
2.42642e-08	-0.00814463
2.42671e-08	-0.00796293
2.427e-08	-0.00778014
2.42728e-08	-0.0075963
2.42757e-08	-0.00741148
2.42786e-08	-0.00722571
2.42814e-08	-0.00703906
2.42843e-08	-0.00685157
2.42871e-08	-0.00666329
2.429e-08	-0.00647428
2.42929e-08	-0.00628459
2.42957e-08	-0.00609427
2.42986e-08	-0.00590337
2.43015e-08	-0.00571194
2.43043e-08	-0.00552003
2.43072e-08	-0.0053277
2.43101e-08	-0.00513499
2.43129e-08	-0.00494195
2.43158e-08	-0.00474864
2.43187e-08	-0.0045551
2.43215e-08	-0.00436139
2.43244e-08	-0.00416756
2.43272e-08	-0.00397364
2.43301e-08	-0.00377971
2.4333e-08	-0.00358579
2.43358e-08	-0.00339195
2.43387e-08	-0.00319823
2.43416e-08	-0.00300468
2.43444e-08	-0.00281134
2.43473e-08	-0.00261827
2.43502e-08	-0.00242551
2.4353e-08	-0.00223311
2.43559e-08	-0.00204111
2.43588e-08	-0.00184957
2.43616e-08	-0.00165853
2.43645e-08	-0.00146803
2.43673e-08	-0.00127812
2.43702e-08	-0.00108885
2.43731e-08	-0.000900258
2.43759e-08	-0.000712388
2.43788e-08	-0.000525285
2.43817e-08	-0.000338994
2.43845e-08	-0.000153557
2.43874e-08	3.09841e-05
2.43903e-08	0.000214586
2.43931e-08	0.000397208
2.4396e-08	0.000578807
2.43988e-08	0.000759345
2.44017e-08	0.00093878
2.44046e-08	0.00111707
2.44074e-08	0.00129418
2.44103e-08	0.00147007
2.44132e-08	0.0016447
2.4416e-08	0.00181804
2.44189e-08	0.00199004
2.44218e-08	0.00216067
2.44246e-08	0.00232989
2.44275e-08	0.00249767
2.44304e-08	0.00266398
2.44332e-08	0.00282877
2.44361e-08	0.00299201
2.44389e-08	0.00315368
2.44418e-08	0.00331373
2.44447e-08	0.00347214
2.44475e-08	0.00362887
2.44504e-08	0.00378389
2.44533e-08	0.00393718
2.44561e-08	0.00408869
2.4459e-08	0.00423841
2.44619e-08	0.0043863
2.44647e-08	0.00453234
2.44676e-08	0.0046765
2.44705e-08	0.00481875
2.44733e-08	0.00495906
2.44762e-08	0.00509741
2.4479e-08	0.00523378
2.44819e-08	0.00536813
2.44848e-08	0.00550045
2.44876e-08	0.00563072
2.44905e-08	0.0057589
2.44934e-08	0.00588499
2.44962e-08	0.00600895
2.44991e-08	0.00613076
2.4502e-08	0.00625042
2.45048e-08	0.00636789
2.45077e-08	0.00648316
2.45106e-08	0.00659621
2.45134e-08	0.00670703
2.45163e-08	0.00681559
2.45191e-08	0.00692189
2.4522e-08	0.0070259
2.45249e-08	0.00712761
2.45277e-08	0.00722701
2.45306e-08	0.00732408
2.45335e-08	0.00741882
2.45363e-08	0.0075112
2.45392e-08	0.00760122
2.45421e-08	0.00768887
2.45449e-08	0.00777413
2.45478e-08	0.00785701
2.45507e-08	0.00793748
2.45535e-08	0.00801554
2.45564e-08	0.00809119
2.45592e-08	0.00816441
2.45621e-08	0.0082352
2.4565e-08	0.00830356
2.45678e-08	0.00836948
2.45707e-08	0.00843296
2.45736e-08	0.00849398
2.45764e-08	0.00855256
2.45793e-08	0.00860869
2.45822e-08	0.00866236
2.4585e-08	0.00871357
2.45879e-08	0.00876233
2.45908e-08	0.00880863
2.45936e-08	0.00885248
2.45965e-08	0.00889388
2.45993e-08	0.00893283
2.46022e-08	0.00896932
2.46051e-08	0.00900338
2.46079e-08	0.00903499
2.46108e-08	0.00906416
2.46137e-08	0.00909091
2.46165e-08	0.00911523
2.46194e-08	0.00913713
2.46223e-08	0.00915662
2.46251e-08	0.0091737
2.4628e-08	0.00918839
2.46309e-08	0.00920068
2.46337e-08	0.0092106
2.46366e-08	0.00921816
2.46394e-08	0.00922335
2.46423e-08	0.00922619
2.46452e-08	0.0092267
2.4648e-08	0.00922488
2.46509e-08	0.00922075
2.46538e-08	0.00921432
2.46566e-08	0.00920561
2.46595e-08	0.00919463
2.46624e-08	0.00918138
2.46652e-08	0.0091659
2.46681e-08	0.00914819
2.46709e-08	0.00912827
2.46738e-08	0.00910615
2.46767e-08	0.00908186
2.46795e-08	0.0090554
2.46824e-08	0.00902681
2.46853e-08	0.00899609
2.46881e-08	0.00896326
2.4691e-08	0.00892835
2.46939e-08	0.00889138
2.46967e-08	0.00885236
2.46996e-08	0.00881131
2.47025e-08	0.00876826
2.47053e-08	0.00872323
2.47082e-08	0.00867623
2.4711e-08	0.00862729
2.47139e-08	0.00857644
2.47168e-08	0.00852369
2.47196e-08	0.00846908
2.47225e-08	0.00841261
2.47254e-08	0.00835432
2.47282e-08	0.00829423
2.47311e-08	0.00823237
2.4734e-08	0.00816876
2.47368e-08	0.00810342
2.47397e-08	0.00803638
2.47426e-08	0.00796767
2.47454e-08	0.00789732
2.47483e-08	0.00782534
2.47511e-08	0.00775176
2.4754e-08	0.00767662
2.47569e-08	0.00759994
2.47597e-08	0.00752175
2.47626e-08	0.00744207
2.47655e-08	0.00736094
2.47683e-08	0.00727838
2.47712e-08	0.00719441
2.47741e-08	0.00710908
2.47769e-08	0.0070224
2.47798e-08	0.0069344
2.47827e-08	0.00684512
2.47855e-08	0.00675459
2.47884e-08	0.00666283
2.47912e-08	0.00656987
2.47941e-08	0.00647575
2.4797e-08	0.00638049
2.47998e-08	0.00628412
2.48027e-08	0.00618667
2.48056e-08	0.00608818
2.48084e-08	0.00598868
2.48113e-08	0.00588818
2.48142e-08	0.00578674
2.4817e-08	0.00568437
2.48199e-08	0.0055811
2.48228e-08	0.00547697
2.48256e-08	0.00537202
2.48285e-08	0.00526626
2.48313e-08	0.00515973
2.48342e-08	0.00505246
2.48371e-08	0.00494448
2.48399e-08	0.00483583
2.48428e-08	0.00472654
2.48457e-08	0.00461662
2.48485e-08	0.00450613
2.48514e-08	0.00439508
2.48543e-08	0.00428351
2.48571e-08	0.00417146
2.486e-08	0.00405894
2.48629e-08	0.00394599
2.48657e-08	0.00383265
2.48686e-08	0.00371894
2.48714e-08	0.00360489
2.48743e-08	0.00349054
2.48772e-08	0.00337592
2.488e-08	0.00326104
2.48829e-08	0.00314596
2.48858e-08	0.00303069
2.48886e-08	0.00291527
2.48915e-08	0.00279973
2.48944e-08	0.00268409
2.48972e-08	0.00256839
2.49001e-08	0.00245265
2.4903e-08	0.00233691
2.49058e-08	0.0022212
2.49087e-08	0.00210553
2.49115e-08	0.00198996
2.49144e-08	0.00187449
2.49173e-08	0.00175916
2.49201e-08	0.00164401
2.4923e-08	0.00152905
2.49259e-08	0.00141431
2.49287e-08	0.00129983
2.49316e-08	0.00118563
2.49345e-08	0.00107174
2.49373e-08	0.000958185
2.49402e-08	0.000844992
2.49431e-08	0.000732188
2.49459e-08	0.0006198
2.49488e-08	0.000507854
2.49516e-08	0.000396376
2.49545e-08	0.000285392
2.49574e-08	0.000174927
2.49602e-08	6.50076e-05
2.49631e-08	-4.43427e-05
2.4966e-08	-0.000153099
2.49688e-08	-0.000261236
2.49717e-08	-0.000368731
2.49746e-08	-0.000475558
2.49774e-08	-0.000581696
2.49803e-08	-0.000687121
2.49831e-08	-0.000791809
2.4986e-08	-0.000895738
2.49889e-08	-0.000998886
2.49917e-08	-0.00110123
2.49946e-08	-0.00120275
2.49975e-08	-0.00130342
2.50003e-08	-0.00140323
2.50032e-08	-0.00150215
2.50061e-08	-0.00160016
2.50089e-08	-0.00169724
2.50118e-08	-0.00179338
2.50147e-08	-0.00188855
2.50175e-08	-0.00198273
2.50204e-08	-0.0020759
2.50232e-08	-0.00216806
2.50261e-08	-0.00225917
2.5029e-08	-0.00234923
2.50318e-08	-0.0024382
2.50347e-08	-0.00252609
2.50376e-08	-0.00261287
2.50404e-08	-0.00269852
2.50433e-08	-0.00278304
2.50462e-08	-0.00286639
2.5049e-08	-0.00294858
2.50519e-08	-0.00302958
2.50548e-08	-0.00310938
2.50576e-08	-0.00318797
2.50605e-08	-0.00326533
2.50633e-08	-0.00334145
2.50662e-08	-0.00341632
2.50691e-08	-0.00348993
2.50719e-08	-0.00356225
2.50748e-08	-0.00363329
2.50777e-08	-0.00370303
2.50805e-08	-0.00377147
2.50834e-08	-0.00383858
2.50863e-08	-0.00390436
2.50891e-08	-0.0039688
2.5092e-08	-0.00403189
2.50949e-08	-0.00409363
2.50977e-08	-0.004154
2.51006e-08	-0.00421299
2.51034e-08	-0.00427061
2.51063e-08	-0.00432683
2.51092e-08	-0.00438166
2.5112e-08	-0.00443509
2.51149e-08	-0.00448711
2.51178e-08	-0.00453772
2.51206e-08	-0.00458691
2.51235e-08	-0.00463468
2.51264e-08	-0.00468102
2.51292e-08	-0.00472592
2.51321e-08	-0.00476939
2.5135e-08	-0.00481143
2.51378e-08	-0.00485202
2.51407e-08	-0.00489117
2.51435e-08	-0.00492887
2.51464e-08	-0.00496512
2.51493e-08	-0.00499992
2.51521e-08	-0.00503328
2.5155e-08	-0.00506518
2.51579e-08	-0.00509563
2.51607e-08	-0.00512463
2.51636e-08	-0.00515218
2.51665e-08	-0.00517828
2.51693e-08	-0.00520293
2.51722e-08	-0.00522614
2.51751e-08	-0.0052479
2.51779e-08	-0.00526822
2.51808e-08	-0.00528709
2.51836e-08	-0.00530453
2.51865e-08	-0.00532054
2.51894e-08	-0.00533512
2.51922e-08	-0.00534827
2.51951e-08	-0.00536
2.5198e-08	-0.00537032
2.52008e-08	-0.00537922
2.52037e-08	-0.00538672
2.52066e-08	-0.00539281
2.52094e-08	-0.00539751
2.52123e-08	-0.00540083
2.52152e-08	-0.00540276
2.5218e-08	-0.00540332
2.52209e-08	-0.00540251
2.52237e-08	-0.00540035
2.52266e-08	-0.00539683
2.52295e-08	-0.00539197
2.52323e-08	-0.00538577
2.52352e-08	-0.00537825
2.52381e-08	-0.00536941
2.52409e-08	-0.00535927
2.52438e-08	-0.00534783
2.52467e-08	-0.0053351
2.52495e-08	-0.00532109
2.52524e-08	-0.00530582
2.52553e-08	-0.00528929
2.52581e-08	-0.00527152
2.5261e-08	-0.00525251
2.52638e-08	-0.00523228
2.52667e-08	-0.00521085
2.52696e-08	-0.00518821
2.52724e-08	-0.00516439
2.52753e-08	-0.00513939
2.52782e-08	-0.00511324
2.5281e-08	-0.00508594
2.52839e-08	-0.0050575
2.52868e-08	-0.00502794
2.52896e-08	-0.00499728
2.52925e-08	-0.00496552
2.52953e-08	-0.00493269
2.52982e-08	-0.00489879
2.53011e-08	-0.00486383
2.53039e-08	-0.00482785
2.53068e-08	-0.00479084
2.53097e-08	-0.00475282
2.53125e-08	-0.00471382
2.53154e-08	-0.00467384
2.53183e-08	-0.0046329
2.53211e-08	-0.00459101
2.5324e-08	-0.0045482
2.53269e-08	-0.00450447
2.53297e-08	-0.00445985
2.53326e-08	-0.00441435
2.53354e-08	-0.00436798
2.53383e-08	-0.00432077
2.53412e-08	-0.00427272
2.5344e-08	-0.00422386
2.53469e-08	-0.00417421
2.53498e-08	-0.00412377
2.53526e-08	-0.00407258
2.53555e-08	-0.00402063
2.53584e-08	-0.00396796
2.53612e-08	-0.00391458
2.53641e-08	-0.0038605
2.5367e-08	-0.00380575
2.53698e-08	-0.00375034
2.53727e-08	-0.00369429
2.53755e-08	-0.00363762
2.53784e-08	-0.00358034
2.53813e-08	-0.00352247
2.53841e-08	-0.00346404
2.5387e-08	-0.00340505
2.53899e-08	-0.00334554
2.53927e-08	-0.0032855
2.53956e-08	-0.00322497
2.53985e-08	-0.00316396
2.54013e-08	-0.00310249
2.54042e-08	-0.00304058
2.54071e-08	-0.00297824
2.54099e-08	-0.0029155
2.54128e-08	-0.00285237
2.54156e-08	-0.00278887
2.54185e-08	-0.00272501
2.54214e-08	-0.00266083
2.54242e-08	-0.00259633
2.54271e-08	-0.00253153
2.543e-08	-0.00246645
2.54328e-08	-0.00240111
2.54357e-08	-0.00233553
2.54386e-08	-0.00226972
2.54414e-08	-0.00220371
2.54443e-08	-0.00213751
2.54472e-08	-0.00207113
2.545e-08	-0.00200461
2.54529e-08	-0.00193794
2.54557e-08	-0.00187116
2.54586e-08	-0.00180428
2.54615e-08	-0.00173732
2.54643e-08	-0.00167029
2.54672e-08	-0.00160321
2.54701e-08	-0.00153611
2.54729e-08	-0.00146899
2.54758e-08	-0.00140187
2.54787e-08	-0.00133477
2.54815e-08	-0.00126771
2.54844e-08	-0.00120071
2.54873e-08	-0.00113378
2.54901e-08	-0.00106693
2.5493e-08	-0.00100019
2.54958e-08	-0.000933574
2.54987e-08	-0.000867091
2.55016e-08	-0.000800762
2.55044e-08	-0.000734602
2.55073e-08	-0.000668627
2.55102e-08	-0.000602853
2.5513e-08	-0.000537295
2.55159e-08	-0.000471968
2.55188e-08	-0.000406889
2.55216e-08	-0.000342072
2.55245e-08	-0.000277533
2.55274e-08	-0.000213285
2.55302e-08	-0.000149345
2.55331e-08	-8.57252e-05
2.55359e-08	-2.24416e-05
2.55388e-08	4.04922e-05
2.55417e-08	0.000103062
2.55445e-08	0.000165254
2.55474e-08	0.000227055
2.55503e-08	0.00028845
2.55531e-08	0.000349427
2.5556e-08	0.000409973
2.55589e-08	0.000470074
2.55617e-08	0.000529718
2.55646e-08	0.000588892
2.55675e-08	0.000647584
2.55703e-08	0.000705782
2.55732e-08	0.000763473
2.5576e-08	0.000820646
2.55789e-08	0.000877289
2.55818e-08	0.00093339
2.55846e-08	0.000988939
2.55875e-08	0.00104392
2.55904e-08	0.00109834
2.55932e-08	0.00115216
2.55961e-08	0.00120539
2.5599e-08	0.00125802
2.56018e-08	0.00131003
2.56047e-08	0.00136141
2.56075e-08	0.00141216
2.56104e-08	0.00146227
2.56133e-08	0.00151172
2.56161e-08	0.00156051
2.5619e-08	0.00160863
2.56219e-08	0.00165607
2.56247e-08	0.00170282
2.56276e-08	0.00174888
2.56305e-08	0.00179423
2.56333e-08	0.00183888
2.56362e-08	0.0018828
2.56391e-08	0.001926
2.56419e-08	0.00196847
2.56448e-08	0.0020102
2.56476e-08	0.00205118
2.56505e-08	0.00209142
2.56534e-08	0.00213089
2.56562e-08	0.0021696
2.56591e-08	0.00220755
2.5662e-08	0.00224471
2.56648e-08	0.0022811
2.56677e-08	0.00231671
2.56706e-08	0.00235153
2.56734e-08	0.00238555
2.56763e-08	0.00241878
2.56792e-08	0.00245121
2.5682e-08	0.00248283
2.56849e-08	0.00251364
2.56877e-08	0.00254365
2.56906e-08	0.00257283
2.56935e-08	0.0026012
2.56963e-08	0.00262876
2.56992e-08	0.00265548
2.57021e-08	0.00268139
2.57049e-08	0.00270647
2.57078e-08	0.00273072
2.57107e-08	0.00275414
2.57135e-08	0.00277673
2.57164e-08	0.00279849
2.57193e-08	0.00281941
2.57221e-08	0.00283951
2.5725e-08	0.00285877
2.57278e-08	0.0028772
2.57307e-08	0.00289479
2.57336e-08	0.00291155
2.57364e-08	0.00292748
2.57393e-08	0.00294257
2.57422e-08	0.00295684
2.5745e-08	0.00297027
2.57479e-08	0.00298288
2.57508e-08	0.00299466
2.57536e-08	0.00300561
2.57565e-08	0.00301574
2.57594e-08	0.00302505
2.57622e-08	0.00303354
2.57651e-08	0.00304121
2.57679e-08	0.00304807
2.57708e-08	0.00305412
2.57737e-08	0.00305936
2.57765e-08	0.00306379
2.57794e-08	0.00306743
2.57823e-08	0.00307027
2.57851e-08	0.00307231
2.5788e-08	0.00307356
2.57909e-08	0.00307403
2.57937e-08	0.00307372
2.57966e-08	0.00307263
2.57995e-08	0.00307078
2.58023e-08	0.00306815
2.58052e-08	0.00306476
2.5808e-08	0.00306062
2.58109e-08	0.00305572
2.58138e-08	0.00305008
2.58166e-08	0.0030437
2.58195e-08	0.00303659
2.58224e-08	0.00302874
2.58252e-08	0.00302018
2.58281e-08	0.0030109
2.5831e-08	0.00300091
2.58338e-08	0.00299022
2.58367e-08	0.00297883
2.58396e-08	0.00296676
2.58424e-08	0.002954
2.58453e-08	0.00294057
2.58481e-08	0.00292647
2.5851e-08	0.00291172
2.58539e-08	0.00289631
2.58567e-08	0.00288025
2.58596e-08	0.00286356
2.58625e-08	0.00284624
2.58653e-08	0.0028283
2.58682e-08	0.00280975
2.58711e-08	0.00279059
2.58739e-08	0.00277084
2.58768e-08	0.0027505
2.58797e-08	0.00272958
2.58825e-08	0.00270809
2.58854e-08	0.00268604
2.58882e-08	0.00266344
2.58911e-08	0.00264029
2.5894e-08	0.00261661
2.58968e-08	0.0025924
2.58997e-08	0.00256768
2.59026e-08	0.00254245
2.59054e-08	0.00251672
2.59083e-08	0.0024905
2.59112e-08	0.00246381
2.5914e-08	0.00243664
2.59169e-08	0.00240902
2.59197e-08	0.00238095
2.59226e-08	0.00235243
2.59255e-08	0.00232349
2.59283e-08	0.00229412
2.59312e-08	0.00226435
2.59341e-08	0.00223417
2.59369e-08	0.00220361
2.59398e-08	0.00217266
2.59427e-08	0.00214135
2.59455e-08	0.00210967
2.59484e-08	0.00207764
2.59513e-08	0.00204528
2.59541e-08	0.00201258
2.5957e-08	0.00197956
2.59598e-08	0.00194624
2.59627e-08	0.00191262
2.59656e-08	0.0018787
2.59684e-08	0.00184451
2.59713e-08	0.00181005
2.59742e-08	0.00177534
2.5977e-08	0.00174037
2.59799e-08	0.00170517
2.59828e-08	0.00166975
2.59856e-08	0.00163411
2.59885e-08	0.00159826
2.59914e-08	0.00156221
2.59942e-08	0.00152598
2.59971e-08	0.00148958
2.59999e-08	0.00145301
2.60028e-08	0.00141629
2.60057e-08	0.00137942
2.60085e-08	0.00134242
2.60114e-08	0.00130529
2.60143e-08	0.00126806
2.60171e-08	0.00123071
2.602e-08	0.00119328
2.60229e-08	0.00115576
2.60257e-08	0.00111817
2.60286e-08	0.00108052
2.60315e-08	0.00104281
2.60343e-08	0.00100506
2.60372e-08	0.000967279
2.604e-08	0.000929473
2.60429e-08	0.000891652
2.60458e-08	0.000853828
2.60486e-08	0.00081601
2.60515e-08	0.000778207
2.60544e-08	0.000740428
2.60572e-08	0.000702684
2.60601e-08	0.000664984
2.6063e-08	0.000627337
2.60658e-08	0.000589752
2.60687e-08	0.000552239
2.60716e-08	0.000514807
2.60744e-08	0.000477464
2.60773e-08	0.000440221
2.60801e-08	0.000403085
2.6083e-08	0.000366065
2.60859e-08	0.000329171
2.60887e-08	0.000292411
2.60916e-08	0.000255793
2.60945e-08	0.000219326
2.60973e-08	0.000183019
2.61002e-08	0.00014688
2.61031e-08	0.000110917
2.61059e-08	7.51374e-05
2.61088e-08	3.95503e-05
2.61117e-08	4.16337e-06
2.61145e-08	-3.10156e-05
2.61174e-08	-6.59789e-05
2.61202e-08	-0.000100719
2.61231e-08	-0.000135228
2.6126e-08	-0.000169499
2.61288e-08	-0.000203524
2.61317e-08	-0.000237296
2.61346e-08	-0.000270808
2.61374e-08	-0.000304053
2.61403e-08	-0.000337025
2.61432e-08	-0.000369715
2.6146e-08	-0.000402118
2.61489e-08	-0.000434228
2.61518e-08	-0.000466037
2.61546e-08	-0.000497539
2.61575e-08	-0.000528728
2.61603e-08	-0.000559598
2.61632e-08	-0.000590143
2.61661e-08	-0.000620357
2.61689e-08	-0.000650235
2.61718e-08	-0.00067977
2.61747e-08	-0.000708957
2.61775e-08	-0.000737792
2.61804e-08	-0.000766268
2.61833e-08	-0.00079438
2.61861e-08	-0.000822124
2.6189e-08	-0.000849494
2.61919e-08	-0.000876486
2.61947e-08	-0.000903095
2.61976e-08	-0.000929316
2.62004e-08	-0.000955146
2.62033e-08	-0.00098058
2.62062e-08	-0.00100561
2.6209e-08	-0.00103024
2.62119e-08	-0.00105446
2.62148e-08	-0.00107827
2.62176e-08	-0.00110167
2.62205e-08	-0.00112464
2.62234e-08	-0.0011472
2.62262e-08	-0.00116932
2.62291e-08	-0.00119102
2.62319e-08	-0.00121229
2.62348e-08	-0.00123312
2.62377e-08	-0.00125351
2.62405e-08	-0.00127347
2.62434e-08	-0.00129298
2.62463e-08	-0.00131205
2.62491e-08	-0.00133067
2.6252e-08	-0.00134884
2.62549e-08	-0.00136656
2.62577e-08	-0.00138383
2.62606e-08	-0.00140065
2.62635e-08	-0.001417
2.62663e-08	-0.00143291
2.62692e-08	-0.00144835
2.6272e-08	-0.00146333
2.62749e-08	-0.00147785
2.62778e-08	-0.00149191
2.62806e-08	-0.0015055
2.62835e-08	-0.00151863
2.62864e-08	-0.0015313
2.62892e-08	-0.0015435
2.62921e-08	-0.00155524
2.6295e-08	-0.00156651
2.62978e-08	-0.00157732
2.63007e-08	-0.00158766
2.63036e-08	-0.00159754
2.63064e-08	-0.00160695
2.63093e-08	-0.0016159
2.63121e-08	-0.00162438
2.6315e-08	-0.0016324
2.63179e-08	-0.00163996
2.63207e-08	-0.00164706
2.63236e-08	-0.00165369
2.63265e-08	-0.00165987
2.63293e-08	-0.00166558
2.63322e-08	-0.00167084
2.63351e-08	-0.00167565
2.63379e-08	-0.00167999
2.63408e-08	-0.00168389
2.63437e-08	-0.00168733
2.63465e-08	-0.00169033
2.63494e-08	-0.00169288
2.63522e-08	-0.00169498
2.63551e-08	-0.00169664
2.6358e-08	-0.00169786
2.63608e-08	-0.00169864
2.63637e-08	-0.00169899
2.63666e-08	-0.0016989
2.63694e-08	-0.00169838
2.63723e-08	-0.00169743
2.63752e-08	-0.00169606
2.6378e-08	-0.00169426
2.63809e-08	-0.00169205
2.63838e-08	-0.00168941
2.63866e-08	-0.00168637
2.63895e-08	-0.00168291
2.63923e-08	-0.00167905
2.63952e-08	-0.00167479
2.63981e-08	-0.00167012
2.64009e-08	-0.00166506
2.64038e-08	-0.00165961
2.64067e-08	-0.00165377
2.64095e-08	-0.00164754
2.64124e-08	-0.00164094
2.64153e-08	-0.00163395
2.64181e-08	-0.0016266
2.6421e-08	-0.00161887
2.64239e-08	-0.00161078
2.64267e-08	-0.00160233
2.64296e-08	-0.00159352
2.64324e-08	-0.00158437
2.64353e-08	-0.00157486
2.64382e-08	-0.00156502
2.6441e-08	-0.00155483
2.64439e-08	-0.00154432
2.64468e-08	-0.00153347
2.64496e-08	-0.0015223
2.64525e-08	-0.00151081
2.64554e-08	-0.00149901
2.64582e-08	-0.0014869
2.64611e-08	-0.00147448
2.6464e-08	-0.00146176
2.64668e-08	-0.00144875
2.64697e-08	-0.00143546
2.64725e-08	-0.00142187
2.64754e-08	-0.00140801
2.64783e-08	-0.00139388
2.64811e-08	-0.00137947
2.6484e-08	-0.00136481
2.64869e-08	-0.00134989
2.64897e-08	-0.00133471
2.64926e-08	-0.00131929
2.64955e-08	-0.00130363
2.64983e-08	-0.00128773
2.65012e-08	-0.0012716
2.6504e-08	-0.00125524
2.65069e-08	-0.00123867
2.65098e-08	-0.00122188
2.65126e-08	-0.00120489
2.65155e-08	-0.00118769
2.65184e-08	-0.0011703
2.65212e-08	-0.00115271
2.65241e-08	-0.00113494
2.6527e-08	-0.00111699
2.65298e-08	-0.00109886
2.65327e-08	-0.00108057
2.65356e-08	-0.00106211
2.65384e-08	-0.0010435
2.65413e-08	-0.00102473
2.65441e-08	-0.00100582
2.6547e-08	-0.000986772
2.65499e-08	-0.000967587
2.65527e-08	-0.000948273
2.65556e-08	-0.000928837
2.65585e-08	-0.000909284
2.65613e-08	-0.00088962
2.65642e-08	-0.00086985
2.65671e-08	-0.00084998
2.65699e-08	-0.000830015
2.65728e-08	-0.000809962
2.65757e-08	-0.000789827
2.65785e-08	-0.000769614
2.65814e-08	-0.000749329
2.65842e-08	-0.000728979
2.65871e-08	-0.000708568
2.659e-08	-0.000688102
2.65928e-08	-0.000667587
2.65957e-08	-0.000647029
2.65986e-08	-0.000626432
2.66014e-08	-0.000605803
2.66043e-08	-0.000585146
2.66072e-08	-0.000564468
2.661e-08	-0.000543773
2.66129e-08	-0.000523068
2.66158e-08	-0.000502357
2.66186e-08	-0.000481645
2.66215e-08	-0.000460939
2.66243e-08	-0.000440243
2.66272e-08	-0.000419563
2.66301e-08	-0.000398903
2.66329e-08	-0.00037827
2.66358e-08	-0.000357667
2.66387e-08	-0.000337101
2.66415e-08	-0.000316575
2.66444e-08	-0.000296096
2.66473e-08	-0.000275668
2.66501e-08	-0.000255296
2.6653e-08	-0.000234985
2.66559e-08	-0.000214739
2.66587e-08	-0.000194564
2.66616e-08	-0.000174464
2.66644e-08	-0.000154444
2.66673e-08	-0.000134508
2.66702e-08	-0.000114662
2.6673e-08	-9.49087e-05
2.66759e-08	-7.52538e-05
2.66788e-08	-5.57014e-05
2.66816e-08	-3.62558e-05
2.66845e-08	-1.69214e-05
2.66874e-08	2.29753e-06
2.66902e-08	2.13969e-05
2.66931e-08	4.03725e-05
2.6696e-08	5.92202e-05
2.66988e-08	7.7936e-05
2.67017e-08	9.65159e-05
2.67045e-08	0.000114956
2.67074e-08	0.000133253
2.67103e-08	0.000151402
2.67131e-08	0.0001694
2.6716e-08	0.000187243
2.67189e-08	0.000204928
2.67217e-08	0.00022245
2.67246e-08	0.000239808
2.67275e-08	0.000256996
2.67303e-08	0.000274012
2.67332e-08	0.000290853
2.67361e-08	0.000307515
2.67389e-08	0.000323995
2.67418e-08	0.00034029
2.67446e-08	0.000356398
2.67475e-08	0.000372314
2.67504e-08	0.000388036
2.67532e-08	0.000403562
2.67561e-08	0.000418888
2.6759e-08	0.000434012
2.67618e-08	0.000448932
2.67647e-08	0.000463644
2.67676e-08	0.000478147
2.67704e-08	0.000492437
2.67733e-08	0.000506513
2.67762e-08	0.000520373
2.6779e-08	0.000534013
2.67819e-08	0.000547432
2.67847e-08	0.000560628
2.67876e-08	0.000573599
2.67905e-08	0.000586343
2.67933e-08	0.000598858
2.67962e-08	0.000611143
2.67991e-08	0.000623195
2.68019e-08	0.000635013
2.68048e-08	0.000646596
2.68077e-08	0.000657941
2.68105e-08	0.000669048
2.68134e-08	0.000679915
2.68162e-08	0.000690541
2.68191e-08	0.000700925
2.6822e-08	0.000711065
2.68248e-08	0.000720961
2.68277e-08	0.000730611
2.68306e-08	0.000740015
2.68334e-08	0.000749171
2.68363e-08	0.000758079
2.68392e-08	0.000766738
2.6842e-08	0.000775148
2.68449e-08	0.000783307
2.68478e-08	0.000791216
2.68506e-08	0.000798873
2.68535e-08	0.00080628
2.68563e-08	0.000813434
2.68592e-08	0.000820336
2.68621e-08	0.000826986
2.68649e-08	0.000833383
2.68678e-08	0.000839528
2.68707e-08	0.000845421
2.68735e-08	0.000851061
2.68764e-08	0.000856449
2.68793e-08	0.000861585
2.68821e-08	0.000866469
2.6885e-08	0.000871102
2.68879e-08	0.000875483
2.68907e-08	0.000879614
2.68936e-08	0.000883495
2.68964e-08	0.000887126
2.68993e-08	0.000890509
2.69022e-08	0.000893643
2.6905e-08	0.00089653
2.69079e-08	0.00089917
2.69108e-08	0.000901565
2.69136e-08	0.000903715
2.69165e-08	0.000905621
2.69194e-08	0.000907284
2.69222e-08	0.000908705
2.69251e-08	0.000909886
2.6928e-08	0.000910828
2.69308e-08	0.000911532
2.69337e-08	0.000911999
2.69365e-08	0.000912231
2.69394e-08	0.000912228
2.69423e-08	0.000911993
2.69451e-08	0.000911528
2.6948e-08	0.000910833
2.69509e-08	0.00090991
2.69537e-08	0.000908761
2.69566e-08	0.000907388
2.69595e-08	0.000905793
2.69623e-08	0.000903976
2.69652e-08	0.000901941
2.69681e-08	0.000899689
2.69709e-08	0.000897221
2.69738e-08	0.000894541
2.69766e-08	0.00089165
2.69795e-08	0.000888549
2.69824e-08	0.000885242
2.69852e-08	0.00088173
2.69881e-08	0.000878016
2.6991e-08	0.000874102
2.69938e-08	0.000869989
2.69967e-08	0.000865681
2.69996e-08	0.00086118
2.70024e-08	0.000856487
2.70053e-08	0.000851606
2.70082e-08	0.000846539
2.7011e-08	0.000841289
2.70139e-08	0.000835857
2.70167e-08	0.000830247
2.70196e-08	0.00082446
2.70225e-08	0.000818501
2.70253e-08	0.00081237
2.70282e-08	0.000806072
2.70311e-08	0.000799608
2.70339e-08	0.000792981
2.70368e-08	0.000786194
2.70397e-08	0.00077925
2.70425e-08	0.000772152
2.70454e-08	0.000764902
2.70483e-08	0.000757503
2.70511e-08	0.000749958
2.7054e-08	0.00074227
2.70568e-08	0.000734442
2.70597e-08	0.000726476
2.70626e-08	0.000718376
2.70654e-08	0.000710144
2.70683e-08	0.000701784
2.70712e-08	0.000693298
2.7074e-08	0.00068469
2.70769e-08	0.000675962
2.70798e-08	0.000667117
2.70826e-08	0.000658159
2.70855e-08	0.00064909
2.70884e-08	0.000639914
2.70912e-08	0.000630633
2.70941e-08	0.00062125
2.70969e-08	0.00061177
2.70998e-08	0.000602193
2.71027e-08	0.000592525
2.71055e-08	0.000582767
2.71084e-08	0.000572923
2.71113e-08	0.000562996
2.71141e-08	0.000552989
2.7117e-08	0.000542905
2.71199e-08	0.000532747
2.71227e-08	0.000522518
2.71256e-08	0.000512221
2.71284e-08	0.00050186
2.71313e-08	0.000491438
2.71342e-08	0.000480957
2.7137e-08	0.00047042
2.71399e-08	0.000459831
2.71428e-08	0.000449193
2.71456e-08	0.000438508
2.71485e-08	0.00042778
2.71514e-08	0.000417012
2.71542e-08	0.000406207
2.71571e-08	0.000395367
2.716e-08	0.000384496
2.71628e-08	0.000373597
2.71657e-08	0.000362673
2.71685e-08	0.000351727
2.71714e-08	0.000340761
2.71743e-08	0.000329779
2.71771e-08	0.000318783
2.718e-08	0.000307777
2.71829e-08	0.000296763
2.71857e-08	0.000285745
2.71886e-08	0.000274724
2.71915e-08	0.000263705
2.71943e-08	0.000252689
2.71972e-08	0.000241679
2.72001e-08	0.000230679
2.72029e-08	0.000219691
2.72058e-08	0.000208718
2.72086e-08	0.000197763
2.72115e-08	0.000186827
2.72144e-08	0.000175915
2.72172e-08	0.000165028
2.72201e-08	0.000154169
2.7223e-08	0.000143341
2.72258e-08	0.000132547
2.72287e-08	0.000121788
2.72316e-08	0.000111068
2.72344e-08	0.000100389
2.72373e-08	8.97529e-05
2.72402e-08	7.9163e-05
2.7243e-08	6.86214e-05
2.72459e-08	5.81305e-05
2.72487e-08	4.76927e-05
2.72516e-08	3.73103e-05
2.72545e-08	2.69856e-05
2.72573e-08	1.67209e-05
2.72602e-08	6.51844e-06
2.72631e-08	-3.61958e-06
2.72659e-08	-1.3691e-05
2.72688e-08	-2.36936e-05
2.72717e-08	-3.36253e-05
2.72745e-08	-4.3484e-05
2.72774e-08	-5.32676e-05
2.72803e-08	-6.29742e-05
2.72831e-08	-7.26016e-05
2.7286e-08	-8.21481e-05
2.72888e-08	-9.16115e-05
2.72917e-08	-0.00010099
2.72946e-08	-0.000110282
2.72974e-08	-0.000119485
2.73003e-08	-0.000128598
2.73032e-08	-0.000137619
2.7306e-08	-0.000146547
2.73089e-08	-0.000155378
2.73118e-08	-0.000164113
2.73146e-08	-0.000172749
2.73175e-08	-0.000181284
2.73204e-08	-0.000189718
2.73232e-08	-0.000198048
2.73261e-08	-0.000206274
2.73289e-08	-0.000214393
2.73318e-08	-0.000222404
2.73347e-08	-0.000230307
2.73375e-08	-0.000238099
2.73404e-08	-0.00024578
2.73433e-08	-0.000253348
2.73461e-08	-0.000260801
2.7349e-08	-0.00026814
2.73519e-08	-0.000275362
2.73547e-08	-0.000282466
2.73576e-08	-0.000289452
2.73605e-08	-0.000296319
2.73633e-08	-0.000303065
2.73662e-08	-0.000309689
2.7369e-08	-0.000316191
2.73719e-08	-0.00032257
2.73748e-08	-0.000328825
2.73776e-08	-0.000334954
2.73805e-08	-0.000340958
2.73834e-08	-0.000346836
2.73862e-08	-0.000352587
2.73891e-08	-0.00035821
2.7392e-08	-0.000363704
2.73948e-08	-0.00036907
2.73977e-08	-0.000374306
2.74006e-08	-0.000379413
2.74034e-08	-0.000384388
2.74063e-08	-0.000389234
2.74091e-08	-0.000393947
2.7412e-08	-0.00039853
2.74149e-08	-0.00040298
2.74177e-08	-0.000407298
2.74206e-08	-0.000411484
2.74235e-08	-0.000415537
2.74263e-08	-0.000419458
2.74292e-08	-0.000423245
2.74321e-08	-0.0004269
2.74349e-08	-0.000430421
2.74378e-08	-0.000433809
2.74406e-08	-0.000437064
2.74435e-08	-0.000440186
2.74464e-08	-0.000443175
2.74492e-08	-0.000446031
2.74521e-08	-0.000448754
2.7455e-08	-0.000451345
2.74578e-08	-0.000453803
2.74607e-08	-0.000456129
2.74636e-08	-0.000458323
2.74664e-08	-0.000460385
2.74693e-08	-0.000462317
2.74722e-08	-0.000464117
2.7475e-08	-0.000465787
2.74779e-08	-0.000467326
2.74807e-08	-0.000468736
2.74836e-08	-0.000470017
2.74865e-08	-0.00047117
2.74893e-08	-0.000472194
2.74922e-08	-0.000473091
2.74951e-08	-0.000473861
2.74979e-08	-0.000474504
2.75008e-08	-0.000475022
2.75037e-08	-0.000475415
2.75065e-08	-0.000475684
2.75094e-08	-0.00047583
2.75123e-08	-0.000475853
2.75151e-08	-0.000475754
2.7518e-08	-0.000475534
2.75208e-08	-0.000475194
2.75237e-08	-0.000474735
2.75266e-08	-0.000474157
2.75294e-08	-0.000473462
2.75323e-08	-0.000472651
2.75352e-08	-0.000471724
2.7538e-08	-0.000470682
2.75409e-08	-0.000469527
2.75438e-08	-0.000468259
2.75466e-08	-0.00046688
2.75495e-08	-0.000465391
2.75524e-08	-0.000463793
2.75552e-08	-0.000462086
2.75581e-08	-0.000460273
2.75609e-08	-0.000458354
2.75638e-08	-0.000456331
2.75667e-08	-0.000454204
2.75695e-08	-0.000451975
2.75724e-08	-0.000449645
2.75753e-08	-0.000447216
2.75781e-08	-0.000444688
2.7581e-08	-0.000442063
2.75839e-08	-0.000439343
2.75867e-08	-0.000436529
2.75896e-08	-0.000433621
2.75925e-08	-0.000430622
2.75953e-08	-0.000427532
2.75982e-08	-0.000424354
2.7601e-08	-0.000421089
2.76039e-08	-0.000417737
2.76068e-08	-0.0004143
2.76096e-08	-0.000410781
2.76125e-08	-0.00040718
2.76154e-08	-0.000403498
2.76182e-08	-0.000399738
2.76211e-08	-0.000395901
2.7624e-08	-0.000391988
2.76268e-08	-0.000388
2.76297e-08	-0.00038394
2.76326e-08	-0.000379809
2.76354e-08	-0.000375608
2.76383e-08	-0.000371339
2.76411e-08	-0.000367004
2.7644e-08	-0.000362603
2.76469e-08	-0.000358139
2.76497e-08	-0.000353613
2.76526e-08	-0.000349027
2.76555e-08	-0.000344382
2.76583e-08	-0.00033968
2.76612e-08	-0.000334922
2.76641e-08	-0.000330111
2.76669e-08	-0.000325247
2.76698e-08	-0.000320332
2.76727e-08	-0.000315368
2.76755e-08	-0.000310357
2.76784e-08	-0.0003053
2.76812e-08	-0.000300198
2.76841e-08	-0.000295054
2.7687e-08	-0.000289868
2.76898e-08	-0.000284643
2.76927e-08	-0.000279381
2.76956e-08	-0.000274082
2.76984e-08	-0.000268748
2.77013e-08	-0.000263381
2.77042e-08	-0.000257983
2.7707e-08	-0.000252555
2.77099e-08	-0.000247098
2.77128e-08	-0.000241615
2.77156e-08	-0.000236107
2.77185e-08	-0.000230575
2.77213e-08	-0.000225021
2.77242e-08	-0.000219447
2.77271e-08	-0.000213855
2.77299e-08	-0.000208245
2.77328e-08	-0.000202619
2.77357e-08	-0.000196979
2.77385e-08	-0.000191327
2.77414e-08	-0.000185663
2.77443e-08	-0.000179991
2.77471e-08	-0.00017431
2.775e-08	-0.000168623
2.77528e-08	-0.00016293
2.77557e-08	-0.000157235
2.77586e-08	-0.000151537
2.77614e-08	-0.000145839
2.77643e-08	-0.000140142
2.77672e-08	-0.000134448
2.777e-08	-0.000128757
2.77729e-08	-0.000123072
2.77758e-08	-0.000117393
2.77786e-08	-0.000111723
2.77815e-08	-0.000106062
2.77844e-08	-0.000100412
2.77872e-08	-9.47746e-05
2.77901e-08	-8.91509e-05
2.77929e-08	-8.35423e-05
2.77958e-08	-7.79502e-05
2.77987e-08	-7.23758e-05
2.78015e-08	-6.68205e-05
2.78044e-08	-6.12855e-05
2.78073e-08	-5.57723e-05
2.78101e-08	-5.0282e-05
2.7813e-08	-4.48158e-05
2.78159e-08	-3.93752e-05
2.78187e-08	-3.39612e-05
2.78216e-08	-2.85751e-05
2.78245e-08	-2.32181e-05
2.78273e-08	-1.78913e-05
2.78302e-08	-1.2596e-05
2.7833e-08	-7.33332e-06
2.78359e-08	-2.10435e-06
2.78388e-08	3.08977e-06
2.78416e-08	8.24795e-06
2.78445e-08	1.33691e-05
2.78474e-08	1.84521e-05
2.78502e-08	2.3496e-05
2.78531e-08	2.84997e-05
2.7856e-08	3.34622e-05
2.78588e-08	3.83824e-05
2.78617e-08	4.32595e-05
2.78646e-08	4.80924e-05
2.78674e-08	5.28802e-05
2.78703e-08	5.7622e-05
2.78731e-08	6.23169e-05
2.7876e-08	6.69639e-05
2.78789e-08	7.15622e-05
2.78817e-08	7.6111e-05
2.78846e-08	8.06093e-05
2.78875e-08	8.50565e-05
2.78903e-08	8.94516e-05
2.78932e-08	9.37939e-05
2.78961e-08	9.80827e-05
2.78989e-08	0.000102317
2.79018e-08	0.000106497
2.79047e-08	0.00011062
2.79075e-08	0.000114688
2.79104e-08	0.000118698
2.79132e-08	0.000122651
2.79161e-08	0.000126545
2.7919e-08	0.00013038
2.79218e-08	0.000134156
2.79247e-08	0.000137871
2.79276e-08	0.000141526
2.79304e-08	0.00014512
2.79333e-08	0.000148652
2.79362e-08	0.000152122
2.7939e-08	0.000155529
2.79419e-08	0.000158873
2.79448e-08	0.000162154
2.79476e-08	0.00016537
2.79505e-08	0.000168523
2.79533e-08	0.00017161
2.79562e-08	0.000174633
2.79591e-08	0.00017759
2.79619e-08	0.000180481
2.79648e-08	0.000183306
2.79677e-08	0.000186065
2.79705e-08	0.000188757
2.79734e-08	0.000191383
2.79763e-08	0.000193942
2.79791e-08	0.000196433
2.7982e-08	0.000198857
2.79849e-08	0.000201213
2.79877e-08	0.000203501
2.79906e-08	0.000205722
2.79934e-08	0.000207875
2.79963e-08	0.00020996
2.79992e-08	0.000211976
2.8002e-08	0.000213924
2.80049e-08	0.000215805
2.80078e-08	0.000217616
2.80106e-08	0.00021936
2.80135e-08	0.000221036
2.80164e-08	0.000222643
2.80192e-08	0.000224182
2.80221e-08	0.000225653
2.8025e-08	0.000227056
2.80278e-08	0.000228391
2.80307e-08	0.000229659
2.80335e-08	0.000230858
2.80364e-08	0.000231991
2.80393e-08	0.000233056
2.80421e-08	0.000234054
2.8045e-08	0.000234985
2.80479e-08	0.000235849
2.80507e-08	0.000236647
2.80536e-08	0.000237378
2.80565e-08	0.000238044
2.80593e-08	0.000238644
2.80622e-08	0.000239179
2.8065e-08	0.000239648
2.80679e-08	0.000240053
2.80708e-08	0.000240394
2.80736e-08	0.00024067
2.80765e-08	0.000240883
2.80794e-08	0.000241032
2.80822e-08	0.000241119
2.80851e-08	0.000241143
2.8088e-08	0.000241105
2.80908e-08	0.000241006
2.80937e-08	0.000240845
2.80966e-08	0.000240624
2.80994e-08	0.000240342
2.81023e-08	0.000240001
2.81051e-08	0.0002396
2.8108e-08	0.000239141
2.81109e-08	0.000238623
2.81137e-08	0.000238048
2.81166e-08	0.000237415
2.81195e-08	0.000236726
2.81223e-08	0.000235981
2.81252e-08	0.000235181
2.81281e-08	0.000234326
2.81309e-08	0.000233416
2.81338e-08	0.000232453
2.81367e-08	0.000231437
2.81395e-08	0.000230368
2.81424e-08	0.000229248
2.81452e-08	0.000228076
2.81481e-08	0.000226855
2.8151e-08	0.000225583
2.81538e-08	0.000224262
2.81567e-08	0.000222893
2.81596e-08	0.000221476
2.81624e-08	0.000220012
2.81653e-08	0.000218502
2.81682e-08	0.000216946
2.8171e-08	0.000215345
2.81739e-08	0.0002137
2.81768e-08	0.000212011
2.81796e-08	0.00021028
2.81825e-08	0.000208506
2.81853e-08	0.000206692
2.81882e-08	0.000204837
2.81911e-08	0.000202942
2.81939e-08	0.000201008
2.81968e-08	0.000199036
2.81997e-08	0.000197027
2.82025e-08	0.000194981
2.82054e-08	0.000192899
2.82083e-08	0.000190782
2.82111e-08	0.000188631
2.8214e-08	0.000186446
2.82169e-08	0.000184229
2.82197e-08	0.00018198
2.82226e-08	0.000179699
2.82254e-08	0.000177389
2.82283e-08	0.000175049
2.82312e-08	0.00017268
2.8234e-08	0.000170283
2.82369e-08	0.000167859
2.82398e-08	0.000165409
2.82426e-08	0.000162934
2.82455e-08	0.000160434
2.82484e-08	0.00015791
2.82512e-08	0.000155363
2.82541e-08	0.000152795
2.8257e-08	0.000150204
2.82598e-08	0.000147594
2.82627e-08	0.000144963
2.82655e-08	0.000142314
2.82684e-08	0.000139646
2.82713e-08	0.000136962
2.82741e-08	0.00013426
2.8277e-08	0.000131544
2.82799e-08	0.000128812
2.82827e-08	0.000126067
2.82856e-08	0.000123308
2.82885e-08	0.000120537
2.82913e-08	0.000117754
2.82942e-08	0.00011496
2.82971e-08	0.000112157
2.82999e-08	0.000109344
2.83028e-08	0.000106523
2.83056e-08	0.000103694
2.83085e-08	0.000100858
2.83114e-08	9.80163e-05
2.83142e-08	9.51693e-05
2.83171e-08	9.23177e-05
2.832e-08	8.94624e-05
2.83228e-08	8.66042e-05
2.83257e-08	8.37437e-05
2.83286e-08	8.08817e-05
2.83314e-08	7.8019e-05
2.83343e-08	7.51563e-05
2.83372e-08	7.22944e-05
2.834e-08	6.9434e-05
2.83429e-08	6.65758e-05
2.83457e-08	6.37206e-05
2.83486e-08	6.08691e-05
2.83515e-08	5.80219e-05
2.83543e-08	5.51798e-05
2.83572e-08	5.23435e-05
2.83601e-08	4.95136e-05
2.83629e-08	4.6691e-05
2.83658e-08	4.38761e-05
2.83687e-08	4.10698e-05
2.83715e-08	3.82726e-05
2.83744e-08	3.54853e-05
2.83772e-08	3.27085e-05
2.83801e-08	2.99428e-05
2.8383e-08	2.71889e-05
2.83858e-08	2.44473e-05
2.83887e-08	2.17188e-05
2.83916e-08	1.9004e-05
2.83944e-08	1.63033e-05
2.83973e-08	1.36175e-05
2.84002e-08	1.09471e-05
2.8403e-08	8.29277e-06
2.84059e-08	5.65499e-06
2.84088e-08	3.03435e-06
2.84116e-08	4.31412e-07
2.84145e-08	-2.15327e-06
2.84173e-08	-4.71916e-06
2.84202e-08	-7.26573e-06
2.84231e-08	-9.79245e-06
2.84259e-08	-1.22988e-05
2.84288e-08	-1.47843e-05
2.84317e-08	-1.72485e-05
2.84345e-08	-1.96907e-05
2.84374e-08	-2.21107e-05
2.84403e-08	-2.45079e-05
2.84431e-08	-2.68818e-05
2.8446e-08	-2.92321e-05
2.84489e-08	-3.15581e-05
2.84517e-08	-3.38597e-05
2.84546e-08	-3.61362e-05
2.84574e-08	-3.83873e-05
2.84603e-08	-4.06126e-05
2.84632e-08	-4.28117e-05
2.8466e-08	-4.49842e-05
2.84689e-08	-4.71298e-05
2.84718e-08	-4.9248e-05
2.84746e-08	-5.13386e-05
2.84775e-08	-5.34011e-05
2.84804e-08	-5.54353e-05
2.84832e-08	-5.74408e-05
2.84861e-08	-5.94172e-05
2.8489e-08	-6.13644e-05
2.84918e-08	-6.3282e-05
2.84947e-08	-6.51697e-05
2.84975e-08	-6.70272e-05
2.85004e-08	-6.88543e-05
2.85033e-08	-7.06507e-05
2.85061e-08	-7.24161e-05
2.8509e-08	-7.41504e-05
2.85119e-08	-7.58533e-05
2.85147e-08	-7.75245e-05
2.85176e-08	-7.9164e-05
2.85205e-08	-8.07714e-05
2.85233e-08	-8.23465e-05
2.85262e-08	-8.38893e-05
2.85291e-08	-8.53995e-05
2.85319e-08	-8.6877e-05
2.85348e-08	-8.83216e-05
2.85376e-08	-8.97332e-05
2.85405e-08	-9.11117e-05
2.85434e-08	-9.24569e-05
2.85462e-08	-9.37687e-05
2.85491e-08	-9.5047e-05
2.8552e-08	-9.62918e-05
2.85548e-08	-9.75029e-05
2.85577e-08	-9.86802e-05
2.85606e-08	-9.98238e-05
2.85634e-08	-0.000100933
2.85663e-08	-0.000102009
2.85692e-08	-0.000103051
2.8572e-08	-0.000104059
2.85749e-08	-0.000105033
2.85777e-08	-0.000105973
2.85806e-08	-0.000106879
2.85835e-08	-0.000107751
2.85863e-08	-0.000108589
2.85892e-08	-0.000109393
2.85921e-08	-0.000110163
2.85949e-08	-0.000110899
2.85978e-08	-0.000111602
2.86007e-08	-0.00011227
2.86035e-08	-0.000112905
2.86064e-08	-0.000113507
2.86093e-08	-0.000114074
2.86121e-08	-0.000114609
2.8615e-08	-0.00011511
2.86178e-08	-0.000115578
2.86207e-08	-0.000116012
2.86236e-08	-0.000116414
2.86264e-08	-0.000116783
2.86293e-08	-0.000117119
2.86322e-08	-0.000117422
2.8635e-08	-0.000117694
2.86379e-08	-0.000117932
2.86408e-08	-0.000118139
2.86436e-08	-0.000118314
2.86465e-08	-0.000118457
