ISO-10303-21;
HEADER;
/* Generated by software containing ST-Developer
 * from STEP Tools, Inc. (www.steptools.com) 
 */

FILE_DESCRIPTION(
/* description */ (''),
/* implementation_level */ '2;1');

FILE_NAME(
/* name */ 'Rope Fixture.step',
/* time_stamp */ '2026-03-20T15:12:09+01:00',
/* author */ (''),
/* organization */ (''),
/* preprocessor_version */ 'ST-DEVELOPER v20.1',
/* originating_system */ 'Autodesk Translation Framework v14.24.0.0',
/* authorisation */ '');

FILE_SCHEMA (('AUTOMOTIVE_DESIGN { 1 0 10303 214 3 1 1 }'));
ENDSEC;

DATA;
#10=MECHANICAL_DESIGN_GEOMETRIC_PRESENTATION_REPRESENTATION('',(#13),#4294);
#11=SHAPE_REPRESENTATION_RELATIONSHIP('SRR','None',#4301,#12);
#12=ADVANCED_BREP_SHAPE_REPRESENTATION('',(#14),#4293);
#13=STYLED_ITEM('',(#4311),#14);
#14=MANIFOLD_SOLID_BREP('Rope Fixture',#1686);
#15=CONICAL_SURFACE('',#1830,45.,1.40564764938027);
#16=B_SPLINE_SURFACE_WITH_KNOTS('',3,3,((#2730,#2731,#2732,#2733,#2734,
#2735,#2736,#2737,#2738,#2739,#2740,#2741,#2742,#2743),(#2744,#2745,#2746,
#2747,#2748,#2749,#2750,#2751,#2752,#2753,#2754,#2755,#2756,#2757),(#2758,
#2759,#2760,#2761,#2762,#2763,#2764,#2765,#2766,#2767,#2768,#2769,#2770,
#2771),(#2772,#2773,#2774,#2775,#2776,#2777,#2778,#2779,#2780,#2781,#2782,
#2783,#2784,#2785),(#2786,#2787,#2788,#2789,#2790,#2791,#2792,#2793,#2794,
#2795,#2796,#2797,#2798,#2799),(#2800,#2801,#2802,#2803,#2804,#2805,#2806,
#2807,#2808,#2809,#2810,#2811,#2812,#2813)),.UNSPECIFIED.,.F.,.T.,.F.,(4,
1,1,4),(4,1,1,1,1,1,1,1,1,1,1,4),(0.,0.285714285714286,0.571428571428571,
1.),(0.,0.108373936291798,0.216747872583597,0.433495745167193,0.61411897232019,
0.65024361775079,0.866991490334386,1.08373936291798,1.19211329920978,1.30048723550158,
1.40886117179338,1.51723510808518),.UNSPECIFIED.);
#17=B_SPLINE_SURFACE_WITH_KNOTS('',3,3,((#3085,#3086,#3087,#3088,#3089,
#3090,#3091,#3092,#3093,#3094,#3095,#3096,#3097,#3098),(#3099,#3100,#3101,
#3102,#3103,#3104,#3105,#3106,#3107,#3108,#3109,#3110,#3111,#3112),(#3113,
#3114,#3115,#3116,#3117,#3118,#3119,#3120,#3121,#3122,#3123,#3124,#3125,
#3126),(#3127,#3128,#3129,#3130,#3131,#3132,#3133,#3134,#3135,#3136,#3137,
#3138,#3139,#3140),(#3141,#3142,#3143,#3144,#3145,#3146,#3147,#3148,#3149,
#3150,#3151,#3152,#3153,#3154),(#3155,#3156,#3157,#3158,#3159,#3160,#3161,
#3162,#3163,#3164,#3165,#3166,#3167,#3168)),.UNSPECIFIED.,.F.,.T.,.F.,(4,
1,1,4),(4,1,1,1,1,1,1,1,1,1,1,4),(0.,0.285714285714286,0.571428571428571,
1.),(0.,0.108373936291798,0.216747872583597,0.433495745167193,0.61411897232019,
0.65024361775079,0.866991490334386,1.08373936291798,1.19211329920978,1.30048723550158,
1.40886117179338,1.51723510808518),.UNSPECIFIED.);
#18=B_SPLINE_SURFACE_WITH_KNOTS('',3,3,((#3196,#3197,#3198,#3199,#3200,
#3201,#3202,#3203,#3204,#3205,#3206,#3207,#3208,#3209,#3210),(#3211,#3212,
#3213,#3214,#3215,#3216,#3217,#3218,#3219,#3220,#3221,#3222,#3223,#3224,
#3225),(#3226,#3227,#3228,#3229,#3230,#3231,#3232,#3233,#3234,#3235,#3236,
#3237,#3238,#3239,#3240),(#3241,#3242,#3243,#3244,#3245,#3246,#3247,#3248,
#3249,#3250,#3251,#3252,#3253,#3254,#3255),(#3256,#3257,#3258,#3259,#3260,
#3261,#3262,#3263,#3264,#3265,#3266,#3267,#3268,#3269,#3270),(#3271,#3272,
#3273,#3274,#3275,#3276,#3277,#3278,#3279,#3280,#3281,#3282,#3283,#3284,
#3285)),.UNSPECIFIED.,.F.,.T.,.F.,(4,1,1,4),(4,1,1,1,1,1,1,1,1,1,1,1,4),
(0.,0.285714285714286,0.571428571428571,1.),(0.,0.216747872583597,0.325121808875395,
0.433495745167193,0.65024361775079,0.722492908611988,0.866991490334386,
0.975365426626184,1.08373936291798,1.19211329920978,1.30048723550158,1.40886117179338,
1.51723510808518),.UNSPECIFIED.);
#19=B_SPLINE_SURFACE_WITH_KNOTS('',3,3,((#3314,#3315,#3316,#3317,#3318,
#3319,#3320,#3321,#3322,#3323,#3324,#3325,#3326,#3327,#3328),(#3329,#3330,
#3331,#3332,#3333,#3334,#3335,#3336,#3337,#3338,#3339,#3340,#3341,#3342,
#3343),(#3344,#3345,#3346,#3347,#3348,#3349,#3350,#3351,#3352,#3353,#3354,
#3355,#3356,#3357,#3358),(#3359,#3360,#3361,#3362,#3363,#3364,#3365,#3366,
#3367,#3368,#3369,#3370,#3371,#3372,#3373),(#3374,#3375,#3376,#3377,#3378,
#3379,#3380,#3381,#3382,#3383,#3384,#3385,#3386,#3387,#3388),(#3389,#3390,
#3391,#3392,#3393,#3394,#3395,#3396,#3397,#3398,#3399,#3400,#3401,#3402,
#3403)),.UNSPECIFIED.,.F.,.T.,.F.,(4,1,1,4),(4,1,1,1,1,1,1,1,1,1,1,1,4),
(0.,0.285714285714286,0.571428571428571,1.),(0.,0.216747872583597,0.325121808875395,
0.433495745167193,0.65024361775079,0.722492908611988,0.866991490334386,
0.975365426626184,1.08373936291798,1.19211329920978,1.30048723550158,1.40886117179338,
1.51723510808518),.UNSPECIFIED.);
#20=B_SPLINE_SURFACE_WITH_KNOTS('',3,3,((#3432,#3433,#3434,#3435,#3436,
#3437,#3438),(#3439,#3440,#3441,#3442,#3443,#3444,#3445),(#3446,#3447,#3448,
#3449,#3450,#3451,#3452),(#3453,#3454,#3455,#3456,#3457,#3458,#3459),(#3460,
#3461,#3462,#3463,#3464,#3465,#3466)),.UNSPECIFIED.,.F.,.F.,.F.,(4,1,4),
(4,1,1,1,4),(0.,0.571428571428571,1.),(0.100772232895239,0.495449278550473,
0.890126324205708,1.28480336986094,1.48214189268856),.UNSPECIFIED.);
#21=B_SPLINE_SURFACE_WITH_KNOTS('',3,3,((#3477,#3478,#3479,#3480,#3481,
#3482),(#3483,#3484,#3485,#3486,#3487,#3488),(#3489,#3490,#3491,#3492,#3493,
#3494),(#3495,#3496,#3497,#3498,#3499,#3500),(#3501,#3502,#3503,#3504,#3505,
#3506)),.UNSPECIFIED.,.F.,.F.,.F.,(4,1,4),(4,1,1,4),(0.,0.571428571428571,
1.),(8.03456103001841,8.6785612102528,9.10789466374239,9.53722811723198),
 .UNSPECIFIED.);
#22=B_SPLINE_SURFACE_WITH_KNOTS('',3,3,((#3508,#3509,#3510,#3511,#3512,
#3513),(#3514,#3515,#3516,#3517,#3518,#3519),(#3520,#3521,#3522,#3523,#3524,
#3525),(#3526,#3527,#3528,#3529,#3530,#3531),(#3532,#3533,#3534,#3535,#3536,
#3537)),.UNSPECIFIED.,.F.,.F.,.F.,(4,1,4),(4,1,1,4),(0.,0.571428571428571,
1.),(6.53189414882741,7.17589423793773,7.60522763067794,8.03456102341816),
 .UNSPECIFIED.);
#23=B_SPLINE_SURFACE_WITH_KNOTS('',3,3,((#3548,#3549,#3550,#3551,#3552,
#3553,#3554),(#3555,#3556,#3557,#3558,#3559,#3560,#3561),(#3562,#3563,#3564,
#3565,#3566,#3567,#3568),(#3569,#3570,#3571,#3572,#3573,#3574,#3575),(#3576,
#3577,#3578,#3579,#3580,#3581,#3582)),.UNSPECIFIED.,.F.,.F.,.F.,(4,1,4),
(4,1,1,1,4),(0.,0.571428571428571,1.),(0.100772232895235,0.298110755722853,
0.69278780137809,1.08746484703333,1.48214189268856),.UNSPECIFIED.);
#24=B_SPLINE_SURFACE_WITH_KNOTS('',3,3,((#3608,#3609,#3610,#3611,#3612,
#3613),(#3614,#3615,#3616,#3617,#3618,#3619),(#3620,#3621,#3622,#3623,#3624,
#3625),(#3626,#3627,#3628,#3629,#3630,#3631),(#3632,#3633,#3634,#3635,#3636,
#3637)),.UNSPECIFIED.,.F.,.F.,.F.,(4,1,4),(4,1,1,4),(0.,0.571428571428571,
1.),(16.0691220535069,16.7131222337413,17.1424556872309,17.5717891407205),
 .UNSPECIFIED.);
#25=B_SPLINE_SURFACE_WITH_KNOTS('',3,3,((#3650,#3651,#3652,#3653,#3654,
#3655),(#3656,#3657,#3658,#3659,#3660,#3661),(#3662,#3663,#3664,#3665,#3666,
#3667),(#3668,#3669,#3670,#3671,#3672,#3673),(#3674,#3675,#3676,#3677,#3678,
#3679)),.UNSPECIFIED.,.F.,.F.,.F.,(4,1,4),(4,1,1,4),(0.,0.571428571428571,
1.),(6.53189414882741,6.96122754156762,7.39056093430784,8.03456102341816),
 .UNSPECIFIED.);
#26=B_SPLINE_SURFACE_WITH_KNOTS('',3,3,((#3690,#3691,#3692,#3693,#3694,
#3695,#3696),(#3697,#3698,#3699,#3700,#3701,#3702,#3703),(#3704,#3705,#3706,
#3707,#3708,#3709,#3710),(#3711,#3712,#3713,#3714,#3715,#3716,#3717),(#3718,
#3719,#3720,#3721,#3722,#3723,#3724)),.UNSPECIFIED.,.F.,.F.,.F.,(4,1,4),
(4,1,1,1,4),(0.,0.571428571428571,1.),(0.100772232895214,0.49544927855045,
0.692787801378068,1.0874648470333,1.48214189268854),.UNSPECIFIED.);
#27=B_SPLINE_SURFACE_WITH_KNOTS('',3,3,((#3744,#3745,#3746,#3747,#3748,
#3749),(#3750,#3751,#3752,#3753,#3754,#3755),(#3756,#3757,#3758,#3759,#3760,
#3761),(#3762,#3763,#3764,#3765,#3766,#3767),(#3768,#3769,#3770,#3771,#3772,
#3773)),.UNSPECIFIED.,.F.,.F.,.F.,(4,1,4),(4,1,1,4),(0.,0.571428571428571,
1.),(8.03456103001841,8.67856121025279,9.10789466374238,9.53722811723197),
 .UNSPECIFIED.);
#28=B_SPLINE_SURFACE_WITH_KNOTS('',3,3,((#3786,#3787,#3788,#3789,#3790,
#3791),(#3792,#3793,#3794,#3795,#3796,#3797),(#3798,#3799,#3800,#3801,#3802,
#3803),(#3804,#3805,#3806,#3807,#3808,#3809),(#3810,#3811,#3812,#3813,#3814,
#3815)),.UNSPECIFIED.,.F.,.F.,.F.,(4,1,4),(4,1,1,4),(0.,0.571428571428571,
1.),(6.53189414882741,7.17589423793773,7.60522763067795,8.03456102341816),
 .UNSPECIFIED.);
#29=B_SPLINE_SURFACE_WITH_KNOTS('',3,3,((#3817,#3818,#3819,#3820,#3821,
#3822,#3823),(#3824,#3825,#3826,#3827,#3828,#3829,#3830),(#3831,#3832,#3833,
#3834,#3835,#3836,#3837),(#3838,#3839,#3840,#3841,#3842,#3843,#3844),(#3845,
#3846,#3847,#3848,#3849,#3850,#3851)),.UNSPECIFIED.,.F.,.F.,.F.,(4,1,4),
(4,1,1,1,4),(0.,0.571428571428571,1.),(0.100432905523152,0.297771428580326,
0.692448474694674,1.08712552080902,1.48180256692337),.UNSPECIFIED.);
#30=B_SPLINE_SURFACE_WITH_KNOTS('',3,3,((#3858,#3859,#3860,#3861,#3862,
#3863),(#3864,#3865,#3866,#3867,#3868,#3869),(#3870,#3871,#3872,#3873,#3874,
#3875),(#3876,#3877,#3878,#3879,#3880,#3881),(#3882,#3883,#3884,#3885,#3886,
#3887)),.UNSPECIFIED.,.F.,.F.,.F.,(4,1,4),(4,1,1,4),(0.,0.571428571428571,
1.),(8.03456103001859,8.6785612104806,9.10789466412194,9.53722811776329),
 .UNSPECIFIED.);
#31=B_SPLINE_SURFACE_WITH_KNOTS('',3,3,((#3889,#3890,#3891,#3892,#3893,
#3894),(#3895,#3896,#3897,#3898,#3899,#3900),(#3901,#3902,#3903,#3904,#3905,
#3906),(#3907,#3908,#3909,#3910,#3911,#3912),(#3913,#3914,#3915,#3916,#3917,
#3918)),.UNSPECIFIED.,.F.,.F.,.F.,(4,1,4),(4,1,1,4),(0.,0.571428571428571,
1.),(6.53189414882741,7.17589423793773,7.60522763067794,8.03456102341815),
 .UNSPECIFIED.);
#32=B_SPLINE_SURFACE_WITH_KNOTS('',3,3,((#3928,#3929,#3930,#3931),(#3932,
#3933,#3934,#3935),(#3936,#3937,#3938,#3939),(#3940,#3941,#3942,#3943),
(#3944,#3945,#3946,#3947)),.UNSPECIFIED.,.F.,.F.,.F.,(4,1,4),(4,4),(0.,
0.571428571428571,1.),(0.,3.01780895416414),.UNSPECIFIED.);
#33=B_SPLINE_SURFACE_WITH_KNOTS('',3,3,((#3954,#3955,#3956,#3957,#3958,
#3959,#3960),(#3961,#3962,#3963,#3964,#3965,#3966,#3967),(#3968,#3969,#3970,
#3971,#3972,#3973,#3974),(#3975,#3976,#3977,#3978,#3979,#3980,#3981),(#3982,
#3983,#3984,#3985,#3986,#3987,#3988)),.UNSPECIFIED.,.F.,.F.,.F.,(4,1,4),
(4,1,1,1,4),(0.,0.571428571428571,1.),(1.23656802630914E-13,0.39473551546795,
1.1842065464036,1.97367757733925,2.76314860827491),.UNSPECIFIED.);
#34=B_SPLINE_SURFACE_WITH_KNOTS('',3,3,((#3998,#3999,#4000,#4001),(#4002,
#4003,#4004,#4005),(#4006,#4007,#4008,#4009),(#4010,#4011,#4012,#4013),
(#4014,#4015,#4016,#4017)),.UNSPECIFIED.,.F.,.F.,.F.,(4,1,4),(4,4),(0.,
0.571428571428571,1.),(0.,3.01780872058793),.UNSPECIFIED.);
#35=B_SPLINE_SURFACE_WITH_KNOTS('',3,3,((#4029,#4030,#4031,#4032),(#4033,
#4034,#4035,#4036),(#4037,#4038,#4039,#4040),(#4041,#4042,#4043,#4044),
(#4045,#4046,#4047,#4048)),.UNSPECIFIED.,.F.,.F.,.F.,(4,1,4),(4,4),(0.,
0.571428571428571,1.),(0.,3.01780895416415),.UNSPECIFIED.);
#36=B_SPLINE_SURFACE_WITH_KNOTS('',3,3,((#4050,#4051,#4052,#4053,#4054,
#4055,#4056),(#4057,#4058,#4059,#4060,#4061,#4062,#4063),(#4064,#4065,#4066,
#4067,#4068,#4069,#4070),(#4071,#4072,#4073,#4074,#4075,#4076,#4077),(#4078,
#4079,#4080,#4081,#4082,#4083,#4084)),.UNSPECIFIED.,.F.,.F.,.F.,(4,1,4),
(4,1,1,1,4),(0.,0.571428571428571,1.),(1.24189330422053E-13,0.789471030935776,
1.57894206187143,1.97367757733925,2.7631486082749),.UNSPECIFIED.);
#37=B_SPLINE_SURFACE_WITH_KNOTS('',3,3,((#4086,#4087,#4088,#4089),(#4090,
#4091,#4092,#4093),(#4094,#4095,#4096,#4097),(#4098,#4099,#4100,#4101),
(#4102,#4103,#4104,#4105)),.UNSPECIFIED.,.F.,.F.,.F.,(4,1,4),(4,4),(0.,
0.571428571428571,1.),(0.,3.01780872005681),.UNSPECIFIED.);
#38=B_SPLINE_SURFACE_WITH_KNOTS('',3,3,((#4106,#4107,#4108,#4109),(#4110,
#4111,#4112,#4113),(#4114,#4115,#4116,#4117),(#4118,#4119,#4120,#4121),
(#4122,#4123,#4124,#4125)),.UNSPECIFIED.,.F.,.F.,.F.,(4,1,4),(4,4),(0.,
0.571428571428571,1.),(0.,3.01780895416415),.UNSPECIFIED.);
#39=B_SPLINE_SURFACE_WITH_KNOTS('',3,3,((#4127,#4128,#4129,#4130,#4131,
#4132,#4133),(#4134,#4135,#4136,#4137,#4138,#4139,#4140),(#4141,#4142,#4143,
#4144,#4145,#4146,#4147),(#4148,#4149,#4150,#4151,#4152,#4153,#4154),(#4155,
#4156,#4157,#4158,#4159,#4160,#4161)),.UNSPECIFIED.,.F.,.F.,.F.,(4,1,4),
(4,1,1,1,4),(0.,0.571428571428571,1.),(1.24379669959338E-13,0.39473551546795,
1.1842065464036,1.97367757733925,2.76314860827491),.UNSPECIFIED.);
#40=B_SPLINE_SURFACE_WITH_KNOTS('',3,3,((#4163,#4164,#4165,#4166),(#4167,
#4168,#4169,#4170),(#4171,#4172,#4173,#4174),(#4175,#4176,#4177,#4178),
(#4179,#4180,#4181,#4182)),.UNSPECIFIED.,.F.,.F.,.F.,(4,1,4),(4,4),(0.,
0.571428571428571,1.),(0.,3.01780872058793),.UNSPECIFIED.);
#41=B_SPLINE_SURFACE_WITH_KNOTS('',3,3,((#4183,#4184,#4185,#4186),(#4187,
#4188,#4189,#4190),(#4191,#4192,#4193,#4194),(#4195,#4196,#4197,#4198),
(#4199,#4200,#4201,#4202)),.UNSPECIFIED.,.F.,.F.,.F.,(4,1,4),(4,4),(0.,
0.571428571428571,1.),(0.,3.01780895416414),.UNSPECIFIED.);
#42=B_SPLINE_SURFACE_WITH_KNOTS('',3,3,((#4209,#4210,#4211,#4212,#4213,
#4214,#4215),(#4216,#4217,#4218,#4219,#4220,#4221,#4222),(#4223,#4224,#4225,
#4226,#4227,#4228,#4229),(#4230,#4231,#4232,#4233,#4234,#4235,#4236),(#4237,
#4238,#4239,#4240,#4241,#4242,#4243)),.UNSPECIFIED.,.F.,.F.,.F.,(4,1,4),
(4,1,1,1,4),(0.,0.571428571428571,1.),(1.23947308010016E-13,0.39473551546795,
1.1842065464036,1.97367757733925,2.76314860827491),.UNSPECIFIED.);
#43=B_SPLINE_SURFACE_WITH_KNOTS('',3,3,((#4253,#4254,#4255,#4256),(#4257,
#4258,#4259,#4260),(#4261,#4262,#4263,#4264),(#4265,#4266,#4267,#4268),
(#4269,#4270,#4271,#4272)),.UNSPECIFIED.,.F.,.F.,.F.,(4,1,4),(4,4),(0.,
0.571428571428571,1.),(0.,3.01780872058793),.UNSPECIFIED.);
#44=FACE_BOUND('',#448,.T.);
#45=FACE_BOUND('',#449,.T.);
#46=FACE_BOUND('',#450,.T.);
#47=FACE_BOUND('',#451,.T.);
#48=FACE_BOUND('',#454,.T.);
#49=FACE_BOUND('',#455,.T.);
#50=FACE_BOUND('',#456,.T.);
#51=PLANE('',#1807);
#52=PLANE('',#1809);
#53=PLANE('',#1817);
#54=PLANE('',#1819);
#55=PLANE('',#1824);
#56=PLANE('',#1901);
#57=PLANE('',#1903);
#58=PLANE('',#1911);
#59=PLANE('',#1913);
#60=PLANE('',#1917);
#61=B_SPLINE_CURVE_WITH_KNOTS('',3,(#2600,#2601,#2602,#2603,#2604,#2605),
 .UNSPECIFIED.,.F.,.F.,(4,1,1,4),(6.53189414882741,7.17589423793773,7.60522763067795,
8.03456102341816),.UNSPECIFIED.);
#62=B_SPLINE_CURVE_WITH_KNOTS('',3,(#2609,#2610,#2611,#2612),
 .UNSPECIFIED.,.F.,.F.,(4,4),(-3.01780895416415,0.),.UNSPECIFIED.);
#63=B_SPLINE_CURVE_WITH_KNOTS('',3,(#2616,#2617,#2618,#2619,#2620,#2621,
#2622),.UNSPECIFIED.,.F.,.F.,(4,1,1,1,4),(1.24189330422053E-13,0.789471030935776,
1.57894206187143,1.97367757733925,2.7631486082749),.UNSPECIFIED.);
#64=B_SPLINE_CURVE_WITH_KNOTS('',3,(#2626,#2627,#2628,#2629),
 .UNSPECIFIED.,.F.,.F.,(4,4),(-3.01780872005681,0.),.UNSPECIFIED.);
#65=B_SPLINE_CURVE_WITH_KNOTS('',3,(#2633,#2634,#2635,#2636,#2637,#2638,
#2639,#2640,#2641,#2642),.UNSPECIFIED.,.F.,.F.,(4,3,3,4),(8.03456100676738,
8.67856118057965,9.10789464536131,9.53722811014297),.UNSPECIFIED.);
#66=B_SPLINE_CURVE_WITH_KNOTS('',3,(#2650,#2651,#2652,#2653,#2654,#2655,
#2656),.UNSPECIFIED.,.F.,.F.,(4,1,1,1,4),(0.100432905523152,0.297771428580326,
0.692448474694674,1.08712552080902,1.48180256692337),.UNSPECIFIED.);
#67=B_SPLINE_CURVE_WITH_KNOTS('',3,(#2664,#2665,#2666,#2667,#2668,#2669),
 .UNSPECIFIED.,.F.,.F.,(4,1,1,4),(6.53189414882741,7.17589423793773,7.60522763067794,
8.03456102341815),.UNSPECIFIED.);
#68=B_SPLINE_CURVE_WITH_KNOTS('',3,(#2673,#2674,#2675,#2676),
 .UNSPECIFIED.,.F.,.F.,(4,4),(-3.01780895416415,0.),.UNSPECIFIED.);
#69=B_SPLINE_CURVE_WITH_KNOTS('',3,(#2680,#2681,#2682,#2683,#2684,#2685,
#2686),.UNSPECIFIED.,.F.,.F.,(4,1,1,1,4),(1.24379669959338E-13,0.39473551546795,
1.1842065464036,1.97367757733925,2.76314860827491),.UNSPECIFIED.);
#70=B_SPLINE_CURVE_WITH_KNOTS('',3,(#2690,#2691,#2692,#2693),
 .UNSPECIFIED.,.F.,.F.,(4,4),(-3.01780872058793,-2.58683472670226E-10),
 .UNSPECIFIED.);
#71=B_SPLINE_CURVE_WITH_KNOTS('',3,(#2697,#2698,#2699,#2700,#2701,#2702,
#2703,#2704,#2705,#2706),.UNSPECIFIED.,.F.,.F.,(4,3,3,4),(8.03456100706973,
8.67856118074067,9.10789464522571,9.53722810971075),.UNSPECIFIED.);
#72=B_SPLINE_CURVE_WITH_KNOTS('',3,(#2714,#2715,#2716,#2717,#2718,#2719,
#2720),.UNSPECIFIED.,.F.,.F.,(4,1,1,1,4),(0.100772232895239,0.495449278550473,
0.890126324205708,1.28480336986094,1.48214189268856),.UNSPECIFIED.);
#73=B_SPLINE_CURVE_WITH_KNOTS('',3,(#2818,#2819,#2820,#2821,#2822,#2823,
#2824,#2825,#2826),.UNSPECIFIED.,.F.,.F.,(4,1,1,1,1,1,4),(0.,0.108373936291798,
0.216747872583597,0.433495745167193,0.61411897232019,0.65024361775079,0.790708631841549),
 .UNSPECIFIED.);
#74=B_SPLINE_CURVE_WITH_KNOTS('',3,(#2827,#2828,#2829,#2830,#2831,#2832,
#2833,#2834,#2835),.UNSPECIFIED.,.F.,.F.,(4,1,1,1,1,1,4),(0.790708631841549,
0.866991490334386,1.08373936291798,1.19211329920978,1.30048723550158,1.40886117179338,
1.51723510808518),.UNSPECIFIED.);
#75=B_SPLINE_CURVE_WITH_KNOTS('',3,(#2837,#2838,#2839,#2840,#2841,#2842,
#2843),.UNSPECIFIED.,.F.,.F.,(4,1,1,1,4),(-1.51723510808518,-1.40886117179338,
-1.30048723550158,-1.19211329920978,-1.17020337546519),.UNSPECIFIED.);
#76=B_SPLINE_CURVE_WITH_KNOTS('',3,(#2845,#2846,#2847,#2848,#2849,#2850,
#2851,#2852,#2853),.UNSPECIFIED.,.F.,.F.,(4,1,1,1,1,1,4),(-1.17020337546519,
-1.08373936291798,-0.866991490334386,-0.65024361775079,-0.61411897232019,
-0.433495745167193,-0.411585688625118),.UNSPECIFIED.);
#77=B_SPLINE_CURVE_WITH_KNOTS('',3,(#2854,#2855,#2856,#2857,#2858,#2859),
 .UNSPECIFIED.,.F.,.F.,(4,1,1,4),(-0.411585688625118,-0.216747872583597,
-0.108373936291798,0.),.UNSPECIFIED.);
#78=B_SPLINE_CURVE_WITH_KNOTS('',3,(#2869,#2870,#2871,#2872,#2873),
 .UNSPECIFIED.,.F.,.F.,(4,1,4),(-1.48180256692337,-1.08712552080902,-0.791571352903142),
 .UNSPECIFIED.);
#79=B_SPLINE_CURVE_WITH_KNOTS('',3,(#2875,#2876,#2877,#2878,#2879,#2880),
 .UNSPECIFIED.,.F.,.F.,(4,1,1,4),(-8.03456102341815,-7.60522763067794,-7.17589423793773,
-6.53189414882741),.UNSPECIFIED.);
#80=B_SPLINE_CURVE_WITH_KNOTS('',3,(#2882,#2883,#2884,#2885),
 .UNSPECIFIED.,.F.,.F.,(4,4),(0.,3.01780894035092),.UNSPECIFIED.);
#81=B_SPLINE_CURVE_WITH_KNOTS('',3,(#2887,#2888,#2889,#2890,#2891,#2892,
#2893),.UNSPECIFIED.,.F.,.F.,(4,1,1,1,4),(-2.76314860827491,-1.97367757733925,
-1.1842065464036,-0.39473551546795,-1.24379669959338E-13),.UNSPECIFIED.);
#82=B_SPLINE_CURVE_WITH_KNOTS('',3,(#2895,#2896,#2897,#2898),
 .UNSPECIFIED.,.F.,.F.,(4,4),(0.,3.01780872058793),.UNSPECIFIED.);
#83=B_SPLINE_CURVE_WITH_KNOTS('',3,(#2900,#2901,#2902,#2903,#2904,#2905),
 .UNSPECIFIED.,.F.,.F.,(4,1,1,4),(-9.53722811723198,-9.10789466374239,-8.6785612102528,
-8.03456103001841),.UNSPECIFIED.);
#84=B_SPLINE_CURVE_WITH_KNOTS('',3,(#2907,#2908,#2909,#2910,#2911,#2912,
#2913),.UNSPECIFIED.,.F.,.F.,(4,1,1,1,4),(-1.48214189268856,-1.28480336986094,
-0.890126324205708,-0.495449278550473,-0.100772232895239),.UNSPECIFIED.);
#85=B_SPLINE_CURVE_WITH_KNOTS('',3,(#2915,#2916,#2917,#2918,#2919,#2920),
 .UNSPECIFIED.,.F.,.F.,(4,1,1,4),(-8.03456102341816,-7.60522763067794,-7.17589423793773,
-6.53189414882741),.UNSPECIFIED.);
#86=B_SPLINE_CURVE_WITH_KNOTS('',3,(#2922,#2923,#2924,#2925),
 .UNSPECIFIED.,.F.,.F.,(4,4),(0.,3.01780894035092),.UNSPECIFIED.);
#87=B_SPLINE_CURVE_WITH_KNOTS('',3,(#2927,#2928,#2929,#2930,#2931,#2932,
#2933),.UNSPECIFIED.,.F.,.F.,(4,1,1,1,4),(-2.76314860827491,-1.97367757733925,
-1.1842065464036,-0.39473551546795,-1.23947308010016E-13),.UNSPECIFIED.);
#88=B_SPLINE_CURVE_WITH_KNOTS('',3,(#2935,#2936,#2937,#2938),
 .UNSPECIFIED.,.F.,.F.,(4,4),(0.,3.01780872058793),.UNSPECIFIED.);
#89=B_SPLINE_CURVE_WITH_KNOTS('',3,(#2940,#2941,#2942,#2943,#2944,#2945),
 .UNSPECIFIED.,.F.,.F.,(4,1,1,4),(-17.5717891407205,-17.1424556872309,-16.7131222337413,
-16.0691220535069),.UNSPECIFIED.);
#90=B_SPLINE_CURVE_WITH_KNOTS('',3,(#2947,#2948,#2949,#2950,#2951,#2952,
#2953),.UNSPECIFIED.,.F.,.F.,(4,1,1,1,4),(-1.48214189268856,-1.08746484703333,
-0.69278780137809,-0.298110755722853,-0.100772232895235),.UNSPECIFIED.);
#91=B_SPLINE_CURVE_WITH_KNOTS('',3,(#2955,#2956,#2957,#2958,#2959,#2960),
 .UNSPECIFIED.,.F.,.F.,(4,1,1,4),(-8.03456102341816,-7.39056093430784,-6.96122754156762,
-6.53189414882741),.UNSPECIFIED.);
#92=B_SPLINE_CURVE_WITH_KNOTS('',3,(#2962,#2963,#2964,#2965),
 .UNSPECIFIED.,.F.,.F.,(4,4),(0.,3.01780894035092),.UNSPECIFIED.);
#93=B_SPLINE_CURVE_WITH_KNOTS('',3,(#2967,#2968,#2969,#2970,#2971,#2972,
#2973),.UNSPECIFIED.,.F.,.F.,(4,1,1,1,4),(-2.76314860827491,-1.97367757733925,
-1.1842065464036,-0.39473551546795,-1.23656802630914E-13),.UNSPECIFIED.);
#94=B_SPLINE_CURVE_WITH_KNOTS('',3,(#2975,#2976,#2977,#2978),
 .UNSPECIFIED.,.F.,.F.,(4,4),(0.,3.01780872058793),.UNSPECIFIED.);
#95=B_SPLINE_CURVE_WITH_KNOTS('',3,(#2980,#2981,#2982,#2983,#2984,#2985),
 .UNSPECIFIED.,.F.,.F.,(4,1,1,4),(-9.53722811723197,-9.10789466374238,-8.67856121025279,
-8.03456103001841),.UNSPECIFIED.);
#96=B_SPLINE_CURVE_WITH_KNOTS('',3,(#2987,#2988,#2989,#2990,#2991,#2992,
#2993),.UNSPECIFIED.,.F.,.F.,(4,1,1,1,4),(-1.48214189268854,-1.0874648470333,
-0.692787801378068,-0.49544927855045,-0.100772232895214),.UNSPECIFIED.);
#97=B_SPLINE_CURVE_WITH_KNOTS('',3,(#2995,#2996,#2997,#2998,#2999,#3000),
 .UNSPECIFIED.,.F.,.F.,(4,1,1,4),(-8.03456102341816,-7.60522763067795,-7.17589423793773,
-6.53189414882741),.UNSPECIFIED.);
#98=B_SPLINE_CURVE_WITH_KNOTS('',3,(#3002,#3003,#3004,#3005),
 .UNSPECIFIED.,.F.,.F.,(4,4),(0.,3.01780894035092),.UNSPECIFIED.);
#99=B_SPLINE_CURVE_WITH_KNOTS('',3,(#3007,#3008,#3009,#3010,#3011,#3012,
#3013),.UNSPECIFIED.,.F.,.F.,(4,1,1,1,4),(-2.7631486082749,-1.97367757733925,
-1.57894206187143,-0.789471030935776,-1.24189330422053E-13),
 .UNSPECIFIED.);
#100=B_SPLINE_CURVE_WITH_KNOTS('',3,(#3015,#3016,#3017,#3018),
 .UNSPECIFIED.,.F.,.F.,(4,4),(0.,3.01780872005681),.UNSPECIFIED.);
#101=B_SPLINE_CURVE_WITH_KNOTS('',3,(#3020,#3021,#3022,#3023,#3024,#3025),
 .UNSPECIFIED.,.F.,.F.,(4,1,1,4),(-9.53722811776329,-9.10789466412194,-8.6785612104806,
-8.03456103001859),.UNSPECIFIED.);
#102=B_SPLINE_CURVE_WITH_KNOTS('',3,(#3026,#3027,#3028,#3029,#3030,#3031),
 .UNSPECIFIED.,.F.,.F.,(4,1,1,4),(-0.791571352903142,-0.692448474694674,
-0.297771428580326,-0.100432905523152),.UNSPECIFIED.);
#103=B_SPLINE_CURVE_WITH_KNOTS('',3,(#3033,#3034,#3035,#3036,#3037,#3038,
#3039,#3040,#3041,#3042,#3043,#3044,#3045,#3046),.UNSPECIFIED.,.T.,.F.,
(4,1,1,1,1,1,1,1,1,1,1,4),(-1.51723510808518,-1.40886117179338,-1.30048723550158,
-1.19211329920978,-1.08373936291798,-0.866991490334386,-0.65024361775079,
-0.61411897232019,-0.433495745167193,-0.216747872583597,-0.108373936291798,
0.),.UNSPECIFIED.);
#104=B_SPLINE_CURVE_WITH_KNOTS('',3,(#3048,#3049,#3050,#3051,#3052,#3053,
#3054,#3055,#3056,#3057,#3058,#3059,#3060,#3061,#3062),.UNSPECIFIED.,.T.,
 .F.,(4,1,1,1,1,1,1,1,1,1,1,1,4),(-1.51723510808518,-1.40886117179338,-1.30048723550158,
-1.19211329920978,-1.08373936291798,-0.975365426626184,-0.866991490334386,
-0.722492908611988,-0.65024361775079,-0.433495745167193,-0.325121808875395,
-0.216747872583597,0.),.UNSPECIFIED.);
#105=B_SPLINE_CURVE_WITH_KNOTS('',3,(#3064,#3065,#3066,#3067,#3068,#3069,
#3070,#3071,#3072,#3073,#3074,#3075,#3076,#3077,#3078),.UNSPECIFIED.,.T.,
 .F.,(4,1,1,1,1,1,1,1,1,1,1,1,4),(-1.51723510808518,-1.40886117179338,-1.30048723550158,
-1.19211329920978,-1.08373936291798,-0.975365426626184,-0.866991490334386,
-0.722492908611988,-0.65024361775079,-0.433495745167193,-0.325121808875395,
-0.216747872583597,0.),.UNSPECIFIED.);
#106=B_SPLINE_CURVE_WITH_KNOTS('',3,(#3172,#3173,#3174,#3175,#3176,#3177),
 .UNSPECIFIED.,.F.,.F.,(4,1,1,4),(0.,0.108373936291798,0.216747872583597,
0.411585688625118),.UNSPECIFIED.);
#107=B_SPLINE_CURVE_WITH_KNOTS('',3,(#3178,#3179,#3180,#3181,#3182,#3183,
#3184,#3185,#3186,#3187,#3188,#3189),.UNSPECIFIED.,.F.,.F.,(4,1,1,1,1,1,
1,1,1,4),(0.411585688625118,0.433495745167193,0.61411897232019,0.65024361775079,
0.866991490334386,1.08373936291798,1.19211329920978,1.30048723550158,1.40886117179338,
1.51723510808518),.UNSPECIFIED.);
#108=B_SPLINE_CURVE_WITH_KNOTS('',3,(#3289,#3290,#3291,#3292),
 .UNSPECIFIED.,.F.,.F.,(4,4),(0.,0.0324604942786004),.UNSPECIFIED.);
#109=B_SPLINE_CURVE_WITH_KNOTS('',3,(#3293,#3294,#3295,#3296,#3297,#3298,
#3299,#3300,#3301,#3302,#3303,#3304,#3305,#3306,#3307),.UNSPECIFIED.,.F.,
 .F.,(4,1,1,1,1,1,1,1,1,1,1,1,4),(0.0324604942786004,0.216747872583597,
0.325121808875395,0.433495745167193,0.65024361775079,0.722492908611988,
0.866991490334386,0.975365426626184,1.08373936291798,1.19211329920978,1.30048723550158,
1.40886117179338,1.51723510808518),.UNSPECIFIED.);
#110=B_SPLINE_CURVE_WITH_KNOTS('',3,(#3407,#3408,#3409,#3410,#3411,#3412,
#3413,#3414,#3415,#3416,#3417,#3418),.UNSPECIFIED.,.F.,.F.,(4,1,1,1,1,1,
1,1,1,4),(0.,0.216747872583597,0.325121808875395,0.433495745167193,0.65024361775079,
0.722492908611988,0.866991490334386,0.975365426626184,1.08373936291798,
1.17020337546519),.UNSPECIFIED.);
#111=B_SPLINE_CURVE_WITH_KNOTS('',3,(#3419,#3420,#3421,#3422,#3423,#3424,
#3425),.UNSPECIFIED.,.F.,.F.,(4,1,1,1,4),(1.17020337546519,1.19211329920978,
1.30048723550158,1.40886117179338,1.51723510808518),.UNSPECIFIED.);
#112=B_SPLINE_CURVE_WITH_KNOTS('',3,(#3539,#3540,#3541,#3542,#3543,#3544),
 .UNSPECIFIED.,.F.,.F.,(4,1,1,4),(6.53189414882741,7.17589423793773,7.60522763067794,
8.03456102341816),.UNSPECIFIED.);
#113=B_SPLINE_CURVE_WITH_KNOTS('',3,(#3586,#3587,#3588,#3589,#3590,#3591,
#3592),.UNSPECIFIED.,.F.,.F.,(4,1,1,1,4),(0.100772232895235,0.298110755722853,
0.69278780137809,1.08746484703333,1.48214189268856),.UNSPECIFIED.);
#114=B_SPLINE_CURVE_WITH_KNOTS('',3,(#3640,#3641,#3642,#3643,#3644,#3645,
#3646,#3647,#3648,#3649),.UNSPECIFIED.,.F.,.F.,(4,3,3,4),(16.0691220305583,
16.7131222042292,17.1424556687142,17.5717891331993),.UNSPECIFIED.);
#115=B_SPLINE_CURVE_WITH_KNOTS('',3,(#3681,#3682,#3683,#3684,#3685,#3686),
 .UNSPECIFIED.,.F.,.F.,(4,1,1,4),(6.53189414882741,6.96122754156762,7.39056093430784,
8.03456102341816),.UNSPECIFIED.);
#116=B_SPLINE_CURVE_WITH_KNOTS('',3,(#3727,#3728,#3729,#3730,#3731,#3732,
#3733),.UNSPECIFIED.,.F.,.F.,(4,1,1,1,4),(0.100772232895214,0.49544927855045,
0.692787801378068,1.0874648470333,1.48214189268854),.UNSPECIFIED.);
#117=B_SPLINE_CURVE_WITH_KNOTS('',3,(#3776,#3777,#3778,#3779,#3780,#3781,
#3782,#3783,#3784,#3785),.UNSPECIFIED.,.F.,.F.,(4,3,3,4),(8.03456100706972,
8.67856118074066,9.1078946452257,9.53722810971074),.UNSPECIFIED.);
#118=B_SPLINE_CURVE_WITH_KNOTS('',3,(#3949,#3950,#3951,#3952),
 .UNSPECIFIED.,.F.,.F.,(4,4),(-3.01780895416414,0.),.UNSPECIFIED.);
#119=B_SPLINE_CURVE_WITH_KNOTS('',3,(#3991,#3992,#3993,#3994,#3995,#3996,
#3997),.UNSPECIFIED.,.F.,.F.,(4,1,1,1,4),(1.23656802630914E-13,0.39473551546795,
1.1842065464036,1.97367757733925,2.76314860827491),.UNSPECIFIED.);
#120=B_SPLINE_CURVE_WITH_KNOTS('',3,(#4018,#4019,#4020,#4021),
 .UNSPECIFIED.,.F.,.F.,(4,4),(-3.01780872058793,-2.58684385005517E-10),
 .UNSPECIFIED.);
#121=B_SPLINE_CURVE_WITH_KNOTS('',3,(#4204,#4205,#4206,#4207),
 .UNSPECIFIED.,.F.,.F.,(4,4),(-3.01780895416414,0.),.UNSPECIFIED.);
#122=B_SPLINE_CURVE_WITH_KNOTS('',3,(#4246,#4247,#4248,#4249,#4250,#4251,
#4252),.UNSPECIFIED.,.F.,.F.,(4,1,1,1,4),(1.23947308010016E-13,0.39473551546795,
1.1842065464036,1.97367757733925,2.76314860827491),.UNSPECIFIED.);
#123=B_SPLINE_CURVE_WITH_KNOTS('',3,(#4273,#4274,#4275,#4276),
 .UNSPECIFIED.,.F.,.F.,(4,4),(-3.01780872058793,-2.58682596068308E-10),
 .UNSPECIFIED.);
#124=SPHERICAL_SURFACE('',#1722,2.5);
#125=SPHERICAL_SURFACE('',#1746,2.5);
#126=SPHERICAL_SURFACE('',#1765,2.5);
#127=SPHERICAL_SURFACE('',#1767,2.5);
#128=SPHERICAL_SURFACE('',#1774,2.5);
#129=SPHERICAL_SURFACE('',#1793,2.5);
#130=SPHERICAL_SURFACE('',#1800,2.5);
#131=SPHERICAL_SURFACE('',#1802,2.5);
#132=SPHERICAL_SURFACE('',#1850,2.5);
#133=SPHERICAL_SURFACE('',#1852,2.5);
#134=SPHERICAL_SURFACE('',#1861,2.5);
#135=SPHERICAL_SURFACE('',#1865,2.5);
#136=SPHERICAL_SURFACE('',#1874,2.5);
#137=SPHERICAL_SURFACE('',#1878,2.5);
#138=SPHERICAL_SURFACE('',#1884,2.5);
#139=SPHERICAL_SURFACE('',#1886,2.5);
#140=LINE('',#2428,#195);
#141=LINE('',#2429,#196);
#142=LINE('',#2440,#197);
#143=LINE('',#2441,#198);
#144=LINE('',#2471,#199);
#145=LINE('',#2472,#200);
#146=LINE('',#2483,#201);
#147=LINE('',#2484,#202);
#148=LINE('',#2513,#203);
#149=LINE('',#2514,#204);
#150=LINE('',#2525,#205);
#151=LINE('',#2526,#206);
#152=LINE('',#2559,#207);
#153=LINE('',#2560,#208);
#154=LINE('',#2571,#209);
#155=LINE('',#2572,#210);
#156=LINE('',#2593,#211);
#157=LINE('',#2596,#212);
#158=LINE('',#2599,#213);
#159=LINE('',#2608,#214);
#160=LINE('',#2615,#215);
#161=LINE('',#2625,#216);
#162=LINE('',#2632,#217);
#163=LINE('',#2645,#218);
#164=LINE('',#2649,#219);
#165=LINE('',#2659,#220);
#166=LINE('',#2663,#221);
#167=LINE('',#2672,#222);
#168=LINE('',#2679,#223);
#169=LINE('',#2689,#224);
#170=LINE('',#2696,#225);
#171=LINE('',#2709,#226);
#172=LINE('',#2713,#227);
#173=LINE('',#2865,#228);
#174=LINE('',#2867,#229);
#175=LINE('',#3083,#230);
#176=LINE('',#3194,#231);
#177=LINE('',#3312,#232);
#178=LINE('',#3430,#233);
#179=LINE('',#3476,#234);
#180=LINE('',#3547,#235);
#181=LINE('',#3599,#236);
#182=LINE('',#3600,#237);
#183=LINE('',#3606,#238);
#184=LINE('',#3607,#239);
#185=LINE('',#3689,#240);
#186=LINE('',#3740,#241);
#187=LINE('',#3741,#242);
#188=LINE('',#4023,#243);
#189=LINE('',#4025,#244);
#190=LINE('',#4027,#245);
#191=LINE('',#4278,#246);
#192=LINE('',#4280,#247);
#193=LINE('',#4282,#248);
#194=LINE('',#4287,#249);
#195=VECTOR('',#1935,10.);
#196=VECTOR('',#1936,10.);
#197=VECTOR('',#1949,10.);
#198=VECTOR('',#1950,10.);
#199=VECTOR('',#1987,10.);
#200=VECTOR('',#1988,10.);
#201=VECTOR('',#2001,10.);
#202=VECTOR('',#2002,10.);
#203=VECTOR('',#2039,10.);
#204=VECTOR('',#2040,10.);
#205=VECTOR('',#2053,10.);
#206=VECTOR('',#2054,10.);
#207=VECTOR('',#2099,10.);
#208=VECTOR('',#2100,10.);
#209=VECTOR('',#2113,10.);
#210=VECTOR('',#2114,10.);
#211=VECTOR('',#2147,10.);
#212=VECTOR('',#2150,10.);
#213=VECTOR('',#2153,10.);
#214=VECTOR('',#2156,10.);
#215=VECTOR('',#2159,10.);
#216=VECTOR('',#2162,10.);
#217=VECTOR('',#2165,10.);
#218=VECTOR('',#2168,10.);
#219=VECTOR('',#2173,10.);
#220=VECTOR('',#2176,10.);
#221=VECTOR('',#2181,10.);
#222=VECTOR('',#2184,10.);
#223=VECTOR('',#2187,10.);
#224=VECTOR('',#2190,10.);
#225=VECTOR('',#2193,10.);
#226=VECTOR('',#2196,10.);
#227=VECTOR('',#2201,10.);
#228=VECTOR('',#2220,45.);
#229=VECTOR('',#2221,45.);
#230=VECTOR('',#2226,2.5);
#231=VECTOR('',#2235,2.5);
#232=VECTOR('',#2244,2.5);
#233=VECTOR('',#2253,2.5);
#234=VECTOR('',#2272,10.);
#235=VECTOR('',#2279,10.);
#236=VECTOR('',#2292,10.);
#237=VECTOR('',#2293,10.);
#238=VECTOR('',#2302,10.);
#239=VECTOR('',#2303,10.);
#240=VECTOR('',#2310,10.);
#241=VECTOR('',#2323,10.);
#242=VECTOR('',#2324,10.);
#243=VECTOR('',#2371,10.);
#244=VECTOR('',#2374,10.);
#245=VECTOR('',#2377,10.);
#246=VECTOR('',#2394,10.);
#247=VECTOR('',#2397,10.);
#248=VECTOR('',#2400,10.);
#249=VECTOR('',#2407,15.2);
#250=CYLINDRICAL_SURFACE('',#1705,2.5);
#251=CYLINDRICAL_SURFACE('',#1711,2.5);
#252=CYLINDRICAL_SURFACE('',#1729,2.5);
#253=CYLINDRICAL_SURFACE('',#1735,2.5);
#254=CYLINDRICAL_SURFACE('',#1753,2.5);
#255=CYLINDRICAL_SURFACE('',#1759,2.5);
#256=CYLINDRICAL_SURFACE('',#1781,2.5);
#257=CYLINDRICAL_SURFACE('',#1787,2.5);
#258=CYLINDRICAL_SURFACE('',#1804,2.5);
#259=CYLINDRICAL_SURFACE('',#1806,15.2);
#260=CYLINDRICAL_SURFACE('',#1808,15.);
#261=CYLINDRICAL_SURFACE('',#1810,15.2);
#262=CYLINDRICAL_SURFACE('',#1811,2.5);
#263=CYLINDRICAL_SURFACE('',#1813,2.50000162497162);
#264=CYLINDRICAL_SURFACE('',#1814,2.5);
#265=CYLINDRICAL_SURFACE('',#1816,15.2);
#266=CYLINDRICAL_SURFACE('',#1818,15.);
#267=CYLINDRICAL_SURFACE('',#1820,15.2);
#268=CYLINDRICAL_SURFACE('',#1821,2.5);
#269=CYLINDRICAL_SURFACE('',#1823,2.50000162497162);
#270=CYLINDRICAL_SURFACE('',#1833,2.5);
#271=CYLINDRICAL_SURFACE('',#1837,2.5);
#272=CYLINDRICAL_SURFACE('',#1841,2.5);
#273=CYLINDRICAL_SURFACE('',#1845,2.5);
#274=CYLINDRICAL_SURFACE('',#1855,2.5);
#275=CYLINDRICAL_SURFACE('',#1858,15.2);
#276=CYLINDRICAL_SURFACE('',#1864,2.5);
#277=CYLINDRICAL_SURFACE('',#1868,2.5);
#278=CYLINDRICAL_SURFACE('',#1871,15.2);
#279=CYLINDRICAL_SURFACE('',#1877,2.5);
#280=CYLINDRICAL_SURFACE('',#1900,15.2);
#281=CYLINDRICAL_SURFACE('',#1902,15.);
#282=CYLINDRICAL_SURFACE('',#1910,15.2);
#283=CYLINDRICAL_SURFACE('',#1912,15.);
#284=CYLINDRICAL_SURFACE('',#1914,2.50000162497162);
#285=CYLINDRICAL_SURFACE('',#1915,15.2);
#286=CYLINDRICAL_SURFACE('',#1918,2.50000162497162);
#287=FACE_OUTER_BOUND('',#399,.T.);
#288=FACE_OUTER_BOUND('',#400,.T.);
#289=FACE_OUTER_BOUND('',#401,.T.);
#290=FACE_OUTER_BOUND('',#402,.T.);
#291=FACE_OUTER_BOUND('',#403,.T.);
#292=FACE_OUTER_BOUND('',#404,.T.);
#293=FACE_OUTER_BOUND('',#405,.T.);
#294=FACE_OUTER_BOUND('',#406,.T.);
#295=FACE_OUTER_BOUND('',#407,.T.);
#296=FACE_OUTER_BOUND('',#408,.T.);
#297=FACE_OUTER_BOUND('',#409,.T.);
#298=FACE_OUTER_BOUND('',#410,.T.);
#299=FACE_OUTER_BOUND('',#411,.T.);
#300=FACE_OUTER_BOUND('',#412,.T.);
#301=FACE_OUTER_BOUND('',#413,.T.);
#302=FACE_OUTER_BOUND('',#414,.T.);
#303=FACE_OUTER_BOUND('',#415,.T.);
#304=FACE_OUTER_BOUND('',#416,.T.);
#305=FACE_OUTER_BOUND('',#417,.T.);
#306=FACE_OUTER_BOUND('',#418,.T.);
#307=FACE_OUTER_BOUND('',#419,.T.);
#308=FACE_OUTER_BOUND('',#420,.T.);
#309=FACE_OUTER_BOUND('',#421,.T.);
#310=FACE_OUTER_BOUND('',#422,.T.);
#311=FACE_OUTER_BOUND('',#423,.T.);
#312=FACE_OUTER_BOUND('',#424,.T.);
#313=FACE_OUTER_BOUND('',#425,.T.);
#314=FACE_OUTER_BOUND('',#426,.T.);
#315=FACE_OUTER_BOUND('',#427,.T.);
#316=FACE_OUTER_BOUND('',#428,.T.);
#317=FACE_OUTER_BOUND('',#429,.T.);
#318=FACE_OUTER_BOUND('',#430,.T.);
#319=FACE_OUTER_BOUND('',#431,.T.);
#320=FACE_OUTER_BOUND('',#432,.T.);
#321=FACE_OUTER_BOUND('',#433,.T.);
#322=FACE_OUTER_BOUND('',#434,.T.);
#323=FACE_OUTER_BOUND('',#435,.T.);
#324=FACE_OUTER_BOUND('',#436,.T.);
#325=FACE_OUTER_BOUND('',#437,.T.);
#326=FACE_OUTER_BOUND('',#438,.T.);
#327=FACE_OUTER_BOUND('',#439,.T.);
#328=FACE_OUTER_BOUND('',#440,.T.);
#329=FACE_OUTER_BOUND('',#441,.T.);
#330=FACE_OUTER_BOUND('',#442,.T.);
#331=FACE_OUTER_BOUND('',#443,.T.);
#332=FACE_OUTER_BOUND('',#444,.T.);
#333=FACE_OUTER_BOUND('',#445,.T.);
#334=FACE_OUTER_BOUND('',#446,.T.);
#335=FACE_OUTER_BOUND('',#447,.T.);
#336=FACE_OUTER_BOUND('',#452,.T.);
#337=FACE_OUTER_BOUND('',#453,.T.);
#338=FACE_OUTER_BOUND('',#457,.T.);
#339=FACE_OUTER_BOUND('',#458,.T.);
#340=FACE_OUTER_BOUND('',#459,.T.);
#341=FACE_OUTER_BOUND('',#460,.T.);
#342=FACE_OUTER_BOUND('',#461,.T.);
#343=FACE_OUTER_BOUND('',#462,.T.);
#344=FACE_OUTER_BOUND('',#463,.T.);
#345=FACE_OUTER_BOUND('',#464,.T.);
#346=FACE_OUTER_BOUND('',#465,.T.);
#347=FACE_OUTER_BOUND('',#466,.T.);
#348=FACE_OUTER_BOUND('',#467,.T.);
#349=FACE_OUTER_BOUND('',#468,.T.);
#350=FACE_OUTER_BOUND('',#469,.T.);
#351=FACE_OUTER_BOUND('',#470,.T.);
#352=FACE_OUTER_BOUND('',#471,.T.);
#353=FACE_OUTER_BOUND('',#472,.T.);
#354=FACE_OUTER_BOUND('',#473,.T.);
#355=FACE_OUTER_BOUND('',#474,.T.);
#356=FACE_OUTER_BOUND('',#475,.T.);
#357=FACE_OUTER_BOUND('',#476,.T.);
#358=FACE_OUTER_BOUND('',#477,.T.);
#359=FACE_OUTER_BOUND('',#478,.T.);
#360=FACE_OUTER_BOUND('',#479,.T.);
#361=FACE_OUTER_BOUND('',#480,.T.);
#362=FACE_OUTER_BOUND('',#481,.T.);
#363=FACE_OUTER_BOUND('',#482,.T.);
#364=FACE_OUTER_BOUND('',#483,.T.);
#365=FACE_OUTER_BOUND('',#484,.T.);
#366=FACE_OUTER_BOUND('',#485,.T.);
#367=FACE_OUTER_BOUND('',#486,.T.);
#368=FACE_OUTER_BOUND('',#487,.T.);
#369=FACE_OUTER_BOUND('',#488,.T.);
#370=FACE_OUTER_BOUND('',#489,.T.);
#371=FACE_OUTER_BOUND('',#490,.T.);
#372=FACE_OUTER_BOUND('',#491,.T.);
#373=FACE_OUTER_BOUND('',#492,.T.);
#374=FACE_OUTER_BOUND('',#493,.T.);
#375=FACE_OUTER_BOUND('',#494,.T.);
#376=FACE_OUTER_BOUND('',#495,.T.);
#377=FACE_OUTER_BOUND('',#496,.T.);
#378=FACE_OUTER_BOUND('',#497,.T.);
#379=FACE_OUTER_BOUND('',#498,.T.);
#380=FACE_OUTER_BOUND('',#499,.T.);
#381=FACE_OUTER_BOUND('',#500,.T.);
#382=FACE_OUTER_BOUND('',#501,.T.);
#383=FACE_OUTER_BOUND('',#502,.T.);
#384=FACE_OUTER_BOUND('',#503,.T.);
#385=FACE_OUTER_BOUND('',#504,.T.);
#386=FACE_OUTER_BOUND('',#505,.T.);
#387=FACE_OUTER_BOUND('',#506,.T.);
#388=FACE_OUTER_BOUND('',#507,.T.);
#389=FACE_OUTER_BOUND('',#508,.T.);
#390=FACE_OUTER_BOUND('',#509,.T.);
#391=FACE_OUTER_BOUND('',#510,.T.);
#392=FACE_OUTER_BOUND('',#511,.T.);
#393=FACE_OUTER_BOUND('',#512,.T.);
#394=FACE_OUTER_BOUND('',#513,.T.);
#395=FACE_OUTER_BOUND('',#514,.T.);
#396=FACE_OUTER_BOUND('',#515,.T.);
#397=FACE_OUTER_BOUND('',#516,.T.);
#398=FACE_OUTER_BOUND('',#517,.T.);
#399=EDGE_LOOP('',(#1048,#1049,#1050,#1051));
#400=EDGE_LOOP('',(#1052,#1053,#1054,#1055));
#401=EDGE_LOOP('',(#1056,#1057,#1058,#1059));
#402=EDGE_LOOP('',(#1060,#1061,#1062,#1063));
#403=EDGE_LOOP('',(#1064,#1065,#1066,#1067));
#404=EDGE_LOOP('',(#1068,#1069,#1070,#1071));
#405=EDGE_LOOP('',(#1072,#1073,#1074));
#406=EDGE_LOOP('',(#1075,#1076,#1077,#1078));
#407=EDGE_LOOP('',(#1079,#1080,#1081,#1082));
#408=EDGE_LOOP('',(#1083,#1084,#1085,#1086));
#409=EDGE_LOOP('',(#1087,#1088,#1089,#1090));
#410=EDGE_LOOP('',(#1091,#1092,#1093,#1094));
#411=EDGE_LOOP('',(#1095,#1096,#1097,#1098));
#412=EDGE_LOOP('',(#1099,#1100,#1101));
#413=EDGE_LOOP('',(#1102,#1103,#1104,#1105));
#414=EDGE_LOOP('',(#1106,#1107,#1108,#1109));
#415=EDGE_LOOP('',(#1110,#1111,#1112,#1113));
#416=EDGE_LOOP('',(#1114,#1115,#1116,#1117));
#417=EDGE_LOOP('',(#1118,#1119,#1120,#1121));
#418=EDGE_LOOP('',(#1122,#1123,#1124));
#419=EDGE_LOOP('',(#1125,#1126,#1127));
#420=EDGE_LOOP('',(#1128,#1129,#1130,#1131));
#421=EDGE_LOOP('',(#1132,#1133,#1134));
#422=EDGE_LOOP('',(#1135,#1136,#1137,#1138));
#423=EDGE_LOOP('',(#1139,#1140,#1141,#1142));
#424=EDGE_LOOP('',(#1143,#1144,#1145,#1146));
#425=EDGE_LOOP('',(#1147,#1148,#1149,#1150));
#426=EDGE_LOOP('',(#1151,#1152,#1153,#1154));
#427=EDGE_LOOP('',(#1155,#1156,#1157));
#428=EDGE_LOOP('',(#1158,#1159,#1160,#1161));
#429=EDGE_LOOP('',(#1162,#1163,#1164));
#430=EDGE_LOOP('',(#1165,#1166,#1167));
#431=EDGE_LOOP('',(#1168,#1169,#1170,#1171));
#432=EDGE_LOOP('',(#1172,#1173,#1174,#1175));
#433=EDGE_LOOP('',(#1176,#1177,#1178,#1179));
#434=EDGE_LOOP('',(#1180,#1181,#1182,#1183));
#435=EDGE_LOOP('',(#1184,#1185,#1186,#1187));
#436=EDGE_LOOP('',(#1188,#1189,#1190,#1191));
#437=EDGE_LOOP('',(#1192,#1193,#1194,#1195));
#438=EDGE_LOOP('',(#1196,#1197,#1198,#1199));
#439=EDGE_LOOP('',(#1200,#1201,#1202,#1203));
#440=EDGE_LOOP('',(#1204,#1205,#1206,#1207));
#441=EDGE_LOOP('',(#1208,#1209,#1210,#1211));
#442=EDGE_LOOP('',(#1212,#1213,#1214,#1215));
#443=EDGE_LOOP('',(#1216,#1217,#1218,#1219));
#444=EDGE_LOOP('',(#1220,#1221,#1222,#1223));
#445=EDGE_LOOP('',(#1224,#1225,#1226,#1227));
#446=EDGE_LOOP('',(#1228,#1229,#1230,#1231));
#447=EDGE_LOOP('',(#1232,#1233,#1234,#1235,#1236,#1237,#1238,#1239,#1240,
#1241,#1242,#1243,#1244,#1245,#1246,#1247,#1248,#1249,#1250,#1251,#1252,
#1253,#1254,#1255));
#448=EDGE_LOOP('',(#1256));
#449=EDGE_LOOP('',(#1257));
#450=EDGE_LOOP('',(#1258));
#451=EDGE_LOOP('',(#1259));
#452=EDGE_LOOP('',(#1260,#1261,#1262,#1263,#1264,#1265,#1266));
#453=EDGE_LOOP('',(#1267,#1268,#1269,#1270,#1271,#1272,#1273,#1274,#1275,
#1276,#1277,#1278,#1279,#1280,#1281,#1282,#1283,#1284,#1285,#1286,#1287,
#1288,#1289,#1290,#1291,#1292,#1293,#1294,#1295,#1296,#1297,#1298,#1299,
#1300));
#454=EDGE_LOOP('',(#1301));
#455=EDGE_LOOP('',(#1302));
#456=EDGE_LOOP('',(#1303));
#457=EDGE_LOOP('',(#1304,#1305,#1306,#1307,#1308,#1309));
#458=EDGE_LOOP('',(#1310,#1311,#1312,#1313,#1314));
#459=EDGE_LOOP('',(#1315,#1316,#1317,#1318,#1319,#1320));
#460=EDGE_LOOP('',(#1321,#1322,#1323,#1324,#1325));
#461=EDGE_LOOP('',(#1326,#1327,#1328,#1329,#1330,#1331));
#462=EDGE_LOOP('',(#1332,#1333,#1334,#1335,#1336));
#463=EDGE_LOOP('',(#1337,#1338,#1339,#1340,#1341,#1342));
#464=EDGE_LOOP('',(#1343,#1344,#1345,#1346));
#465=EDGE_LOOP('',(#1347,#1348,#1349));
#466=EDGE_LOOP('',(#1350,#1351,#1352));
#467=EDGE_LOOP('',(#1353,#1354,#1355,#1356));
#468=EDGE_LOOP('',(#1357,#1358,#1359,#1360));
#469=EDGE_LOOP('',(#1361,#1362,#1363,#1364));
#470=EDGE_LOOP('',(#1365,#1366,#1367,#1368));
#471=EDGE_LOOP('',(#1369,#1370,#1371,#1372));
#472=EDGE_LOOP('',(#1373,#1374,#1375));
#473=EDGE_LOOP('',(#1376,#1377,#1378,#1379));
#474=EDGE_LOOP('',(#1380,#1381,#1382));
#475=EDGE_LOOP('',(#1383,#1384,#1385,#1386));
#476=EDGE_LOOP('',(#1387,#1388,#1389,#1390));
#477=EDGE_LOOP('',(#1391,#1392,#1393,#1394));
#478=EDGE_LOOP('',(#1395,#1396,#1397,#1398));
#479=EDGE_LOOP('',(#1399,#1400,#1401,#1402));
#480=EDGE_LOOP('',(#1403,#1404,#1405));
#481=EDGE_LOOP('',(#1406,#1407,#1408,#1409));
#482=EDGE_LOOP('',(#1410,#1411,#1412));
#483=EDGE_LOOP('',(#1413,#1414,#1415,#1416));
#484=EDGE_LOOP('',(#1417,#1418,#1419,#1420));
#485=EDGE_LOOP('',(#1421,#1422,#1423,#1424,#1425));
#486=EDGE_LOOP('',(#1426,#1427,#1428));
#487=EDGE_LOOP('',(#1429,#1430,#1431));
#488=EDGE_LOOP('',(#1432,#1433,#1434,#1435));
#489=EDGE_LOOP('',(#1436,#1437,#1438,#1439));
#490=EDGE_LOOP('',(#1440,#1441,#1442,#1443,#1444));
#491=EDGE_LOOP('',(#1445,#1446,#1447,#1448,#1449));
#492=EDGE_LOOP('',(#1450,#1451,#1452,#1453,#1454));
#493=EDGE_LOOP('',(#1455,#1456,#1457,#1458,#1459));
#494=EDGE_LOOP('',(#1460,#1461,#1462,#1463));
#495=EDGE_LOOP('',(#1464,#1465,#1466,#1467));
#496=EDGE_LOOP('',(#1468,#1469,#1470,#1471));
#497=EDGE_LOOP('',(#1472,#1473,#1474,#1475));
#498=EDGE_LOOP('',(#1476,#1477,#1478,#1479));
#499=EDGE_LOOP('',(#1480,#1481,#1482,#1483));
#500=EDGE_LOOP('',(#1484,#1485,#1486,#1487));
#501=EDGE_LOOP('',(#1488,#1489,#1490,#1491));
#502=EDGE_LOOP('',(#1492,#1493,#1494,#1495));
#503=EDGE_LOOP('',(#1496,#1497,#1498,#1499));
#504=EDGE_LOOP('',(#1500,#1501,#1502,#1503));
#505=EDGE_LOOP('',(#1504,#1505,#1506,#1507));
#506=EDGE_LOOP('',(#1508,#1509,#1510,#1511));
#507=EDGE_LOOP('',(#1512,#1513,#1514,#1515));
#508=EDGE_LOOP('',(#1516,#1517,#1518,#1519));
#509=EDGE_LOOP('',(#1520,#1521,#1522,#1523));
#510=EDGE_LOOP('',(#1524,#1525,#1526,#1527));
#511=EDGE_LOOP('',(#1528,#1529,#1530,#1531));
#512=EDGE_LOOP('',(#1532,#1533,#1534,#1535));
#513=EDGE_LOOP('',(#1536,#1537,#1538,#1539));
#514=EDGE_LOOP('',(#1540,#1541,#1542,#1543));
#515=EDGE_LOOP('',(#1544,#1545,#1546,#1547,#1548));
#516=EDGE_LOOP('',(#1549));
#517=EDGE_LOOP('',(#1550,#1551,#1552,#1553));
#518=CIRCLE('',#1701,2.5);
#519=CIRCLE('',#1702,15.2);
#520=CIRCLE('',#1703,2.5);
#521=CIRCLE('',#1704,12.7);
#522=CIRCLE('',#1706,2.5);
#523=CIRCLE('',#1708,2.5);
#524=CIRCLE('',#1709,17.5);
#525=CIRCLE('',#1710,15.);
#526=CIRCLE('',#1712,2.5);
#527=CIRCLE('',#1714,2.49999999999999);
#528=CIRCLE('',#1715,12.7);
#529=CIRCLE('',#1716,15.2);
#530=CIRCLE('',#1718,2.5);
#531=CIRCLE('',#1719,2.50000162497162);
#532=CIRCLE('',#1720,2.5);
#533=CIRCLE('',#1721,5.00000162497162);
#534=CIRCLE('',#1723,2.5);
#535=CIRCLE('',#1725,2.5);
#536=CIRCLE('',#1726,15.2);
#537=CIRCLE('',#1727,2.5);
#538=CIRCLE('',#1728,12.7);
#539=CIRCLE('',#1730,2.5);
#540=CIRCLE('',#1732,2.5);
#541=CIRCLE('',#1733,17.5);
#542=CIRCLE('',#1734,15.);
#543=CIRCLE('',#1736,2.5);
#544=CIRCLE('',#1738,2.5);
#545=CIRCLE('',#1739,12.7);
#546=CIRCLE('',#1740,15.2);
#547=CIRCLE('',#1742,2.5);
#548=CIRCLE('',#1743,2.50000162497162);
#549=CIRCLE('',#1744,2.5);
#550=CIRCLE('',#1745,5.00000162497162);
#551=CIRCLE('',#1747,2.5);
#552=CIRCLE('',#1749,2.5);
#553=CIRCLE('',#1750,15.2);
#554=CIRCLE('',#1751,2.49999966025359);
#555=CIRCLE('',#1752,12.7);
#556=CIRCLE('',#1754,2.5);
#557=CIRCLE('',#1756,2.50000000000001);
#558=CIRCLE('',#1757,17.5);
#559=CIRCLE('',#1758,15.);
#560=CIRCLE('',#1760,2.5);
#561=CIRCLE('',#1762,2.5);
#562=CIRCLE('',#1763,12.7);
#563=CIRCLE('',#1764,15.2);
#564=CIRCLE('',#1766,2.5);
#565=CIRCLE('',#1768,2.5);
#566=CIRCLE('',#1770,2.5);
#567=CIRCLE('',#1771,2.50000162497162);
#568=CIRCLE('',#1772,2.5);
#569=CIRCLE('',#1773,5.00000162497162);
#570=CIRCLE('',#1775,2.5);
#571=CIRCLE('',#1777,2.5);
#572=CIRCLE('',#1778,15.2);
#573=CIRCLE('',#1779,2.5);
#574=CIRCLE('',#1780,12.7);
#575=CIRCLE('',#1782,2.5);
#576=CIRCLE('',#1784,2.5);
#577=CIRCLE('',#1785,17.5);
#578=CIRCLE('',#1786,15.);
#579=CIRCLE('',#1788,2.5);
#580=CIRCLE('',#1790,2.49999999999999);
#581=CIRCLE('',#1791,12.7);
#582=CIRCLE('',#1792,15.2);
#583=CIRCLE('',#1794,2.5);
#584=CIRCLE('',#1796,2.5);
#585=CIRCLE('',#1797,2.50000162497162);
#586=CIRCLE('',#1798,2.5);
#587=CIRCLE('',#1799,5.00000162497162);
#588=CIRCLE('',#1801,2.5);
#589=CIRCLE('',#1803,2.5);
#590=CIRCLE('',#1805,2.5);
#591=CIRCLE('',#1812,2.5);
#592=CIRCLE('',#1815,2.50000000000001);
#593=CIRCLE('',#1822,2.50000000000001);
#594=CIRCLE('',#1825,5.);
#595=CIRCLE('',#1826,5.);
#596=CIRCLE('',#1827,5.);
#597=CIRCLE('',#1828,5.);
#598=CIRCLE('',#1829,2.5);
#599=CIRCLE('',#1831,15.2);
#600=CIRCLE('',#1832,15.2);
#601=CIRCLE('',#1834,2.5);
#602=CIRCLE('',#1835,2.5);
#603=CIRCLE('',#1836,2.5);
#604=CIRCLE('',#1838,2.5);
#605=CIRCLE('',#1839,2.5);
#606=CIRCLE('',#1840,2.5);
#607=CIRCLE('',#1842,2.5);
#608=CIRCLE('',#1843,2.5);
#609=CIRCLE('',#1844,2.5);
#610=CIRCLE('',#1846,2.5);
#611=CIRCLE('',#1847,2.5);
#612=CIRCLE('',#1848,2.5);
#613=CIRCLE('',#1849,2.5);
#614=CIRCLE('',#1851,2.50000000000001);
#615=CIRCLE('',#1853,2.49999999999999);
#616=CIRCLE('',#1854,2.5);
#617=CIRCLE('',#1856,2.5);
#618=CIRCLE('',#1857,2.5);
#619=CIRCLE('',#1859,2.5);
#620=CIRCLE('',#1860,2.5);
#621=CIRCLE('',#1862,2.5);
#622=CIRCLE('',#1863,2.5);
#623=CIRCLE('',#1866,2.49999999999999);
#624=CIRCLE('',#1867,2.50000000000001);
#625=CIRCLE('',#1869,2.5);
#626=CIRCLE('',#1870,2.5);
#627=CIRCLE('',#1872,2.5);
#628=CIRCLE('',#1873,2.5);
#629=CIRCLE('',#1875,2.5);
#630=CIRCLE('',#1876,2.5);
#631=CIRCLE('',#1879,2.5);
#632=CIRCLE('',#1880,2.5);
#633=CIRCLE('',#1881,2.5);
#634=CIRCLE('',#1882,2.5);
#635=CIRCLE('',#1883,2.5);
#636=CIRCLE('',#1885,2.5);
#637=CIRCLE('',#1887,2.5);
#638=CIRCLE('',#1888,2.5);
#639=CIRCLE('',#1889,2.5);
#640=CIRCLE('',#1891,2.5);
#641=CIRCLE('',#1893,2.5);
#642=CIRCLE('',#1895,2.5);
#643=CIRCLE('',#1897,2.5);
#644=CIRCLE('',#1898,2.5);
#645=CIRCLE('',#1899,2.5);
#646=CIRCLE('',#1904,2.5);
#647=CIRCLE('',#1905,2.5);
#648=CIRCLE('',#1906,2.5);
#649=CIRCLE('',#1907,2.5);
#650=CIRCLE('',#1908,2.5);
#651=CIRCLE('',#1909,2.5);
#652=CIRCLE('',#1916,15.2);
#653=VERTEX_POINT('',#2416);
#654=VERTEX_POINT('',#2417);
#655=VERTEX_POINT('',#2419);
#656=VERTEX_POINT('',#2421);
#657=VERTEX_POINT('',#2425);
#658=VERTEX_POINT('',#2426);
#659=VERTEX_POINT('',#2431);
#660=VERTEX_POINT('',#2432);
#661=VERTEX_POINT('',#2437);
#662=VERTEX_POINT('',#2438);
#663=VERTEX_POINT('',#2443);
#664=VERTEX_POINT('',#2444);
#665=VERTEX_POINT('',#2449);
#666=VERTEX_POINT('',#2450);
#667=VERTEX_POINT('',#2452);
#668=VERTEX_POINT('',#2459);
#669=VERTEX_POINT('',#2460);
#670=VERTEX_POINT('',#2462);
#671=VERTEX_POINT('',#2464);
#672=VERTEX_POINT('',#2468);
#673=VERTEX_POINT('',#2469);
#674=VERTEX_POINT('',#2474);
#675=VERTEX_POINT('',#2475);
#676=VERTEX_POINT('',#2480);
#677=VERTEX_POINT('',#2481);
#678=VERTEX_POINT('',#2486);
#679=VERTEX_POINT('',#2491);
#680=VERTEX_POINT('',#2492);
#681=VERTEX_POINT('',#2494);
#682=VERTEX_POINT('',#2501);
#683=VERTEX_POINT('',#2502);
#684=VERTEX_POINT('',#2504);
#685=VERTEX_POINT('',#2506);
#686=VERTEX_POINT('',#2510);
#687=VERTEX_POINT('',#2511);
#688=VERTEX_POINT('',#2516);
#689=VERTEX_POINT('',#2517);
#690=VERTEX_POINT('',#2522);
#691=VERTEX_POINT('',#2523);
#692=VERTEX_POINT('',#2528);
#693=VERTEX_POINT('',#2537);
#694=VERTEX_POINT('',#2538);
#695=VERTEX_POINT('',#2540);
#696=VERTEX_POINT('',#2547);
#697=VERTEX_POINT('',#2548);
#698=VERTEX_POINT('',#2550);
#699=VERTEX_POINT('',#2552);
#700=VERTEX_POINT('',#2556);
#701=VERTEX_POINT('',#2557);
#702=VERTEX_POINT('',#2562);
#703=VERTEX_POINT('',#2563);
#704=VERTEX_POINT('',#2568);
#705=VERTEX_POINT('',#2569);
#706=VERTEX_POINT('',#2574);
#707=VERTEX_POINT('',#2581);
#708=VERTEX_POINT('',#2583);
#709=VERTEX_POINT('',#2592);
#710=VERTEX_POINT('',#2594);
#711=VERTEX_POINT('',#2598);
#712=VERTEX_POINT('',#2607);
#713=VERTEX_POINT('',#2614);
#714=VERTEX_POINT('',#2624);
#715=VERTEX_POINT('',#2631);
#716=VERTEX_POINT('',#2644);
#717=VERTEX_POINT('',#2648);
#718=VERTEX_POINT('',#2658);
#719=VERTEX_POINT('',#2662);
#720=VERTEX_POINT('',#2671);
#721=VERTEX_POINT('',#2678);
#722=VERTEX_POINT('',#2688);
#723=VERTEX_POINT('',#2695);
#724=VERTEX_POINT('',#2708);
#725=VERTEX_POINT('',#2712);
#726=VERTEX_POINT('',#2722);
#727=VERTEX_POINT('',#2724);
#728=VERTEX_POINT('',#2726);
#729=VERTEX_POINT('',#2728);
#730=VERTEX_POINT('',#2814);
#731=VERTEX_POINT('',#2815);
#732=VERTEX_POINT('',#2817);
#733=VERTEX_POINT('',#2836);
#734=VERTEX_POINT('',#2844);
#735=VERTEX_POINT('',#2861);
#736=VERTEX_POINT('',#2862);
#737=VERTEX_POINT('',#2866);
#738=VERTEX_POINT('',#2868);
#739=VERTEX_POINT('',#2874);
#740=VERTEX_POINT('',#2881);
#741=VERTEX_POINT('',#2886);
#742=VERTEX_POINT('',#2894);
#743=VERTEX_POINT('',#2899);
#744=VERTEX_POINT('',#2906);
#745=VERTEX_POINT('',#2914);
#746=VERTEX_POINT('',#2921);
#747=VERTEX_POINT('',#2926);
#748=VERTEX_POINT('',#2934);
#749=VERTEX_POINT('',#2939);
#750=VERTEX_POINT('',#2946);
#751=VERTEX_POINT('',#2954);
#752=VERTEX_POINT('',#2961);
#753=VERTEX_POINT('',#2966);
#754=VERTEX_POINT('',#2974);
#755=VERTEX_POINT('',#2979);
#756=VERTEX_POINT('',#2986);
#757=VERTEX_POINT('',#2994);
#758=VERTEX_POINT('',#3001);
#759=VERTEX_POINT('',#3006);
#760=VERTEX_POINT('',#3014);
#761=VERTEX_POINT('',#3019);
#762=VERTEX_POINT('',#3032);
#763=VERTEX_POINT('',#3047);
#764=VERTEX_POINT('',#3063);
#765=VERTEX_POINT('',#3080);
#766=VERTEX_POINT('',#3081);
#767=VERTEX_POINT('',#3169);
#768=VERTEX_POINT('',#3171);
#769=VERTEX_POINT('',#3191);
#770=VERTEX_POINT('',#3192);
#771=VERTEX_POINT('',#3286);
#772=VERTEX_POINT('',#3288);
#773=VERTEX_POINT('',#3309);
#774=VERTEX_POINT('',#3310);
#775=VERTEX_POINT('',#3404);
#776=VERTEX_POINT('',#3406);
#777=VERTEX_POINT('',#3427);
#778=VERTEX_POINT('',#3428);
#779=VERTEX_POINT('',#3472);
#780=VERTEX_POINT('',#3538);
#781=VERTEX_POINT('',#3583);
#782=VERTEX_POINT('',#3585);
#783=VERTEX_POINT('',#3595);
#784=VERTEX_POINT('',#3602);
#785=VERTEX_POINT('',#3638);
#786=VERTEX_POINT('',#3680);
#787=VERTEX_POINT('',#3725);
#788=VERTEX_POINT('',#3736);
#789=VERTEX_POINT('',#3774);
#790=VERTEX_POINT('',#3948);
#791=VERTEX_POINT('',#3989);
#792=VERTEX_POINT('',#4203);
#793=VERTEX_POINT('',#4244);
#794=VERTEX_POINT('',#4286);
#795=EDGE_CURVE('',#653,#654,#518,.T.);
#796=EDGE_CURVE('',#654,#655,#519,.T.);
#797=EDGE_CURVE('',#655,#656,#520,.T.);
#798=EDGE_CURVE('',#656,#653,#521,.T.);
#799=EDGE_CURVE('',#657,#658,#522,.T.);
#800=EDGE_CURVE('',#658,#656,#140,.T.);
#801=EDGE_CURVE('',#655,#657,#141,.T.);
#802=EDGE_CURVE('',#659,#660,#523,.T.);
#803=EDGE_CURVE('',#660,#658,#524,.T.);
#804=EDGE_CURVE('',#657,#659,#525,.T.);
#805=EDGE_CURVE('',#661,#662,#526,.T.);
#806=EDGE_CURVE('',#662,#660,#142,.T.);
#807=EDGE_CURVE('',#659,#661,#143,.T.);
#808=EDGE_CURVE('',#663,#664,#527,.T.);
#809=EDGE_CURVE('',#664,#662,#528,.T.);
#810=EDGE_CURVE('',#661,#663,#529,.T.);
#811=EDGE_CURVE('',#665,#666,#530,.T.);
#812=EDGE_CURVE('',#666,#667,#531,.T.);
#813=EDGE_CURVE('',#667,#653,#532,.T.);
#814=EDGE_CURVE('',#653,#665,#533,.T.);
#815=EDGE_CURVE('',#667,#654,#534,.T.);
#816=EDGE_CURVE('',#668,#669,#535,.T.);
#817=EDGE_CURVE('',#669,#670,#536,.T.);
#818=EDGE_CURVE('',#670,#671,#537,.T.);
#819=EDGE_CURVE('',#671,#668,#538,.T.);
#820=EDGE_CURVE('',#672,#673,#539,.T.);
#821=EDGE_CURVE('',#673,#671,#144,.T.);
#822=EDGE_CURVE('',#670,#672,#145,.T.);
#823=EDGE_CURVE('',#674,#675,#540,.T.);
#824=EDGE_CURVE('',#675,#673,#541,.T.);
#825=EDGE_CURVE('',#672,#674,#542,.T.);
#826=EDGE_CURVE('',#676,#677,#543,.T.);
#827=EDGE_CURVE('',#677,#675,#146,.T.);
#828=EDGE_CURVE('',#674,#676,#147,.T.);
#829=EDGE_CURVE('',#678,#665,#544,.T.);
#830=EDGE_CURVE('',#665,#677,#545,.T.);
#831=EDGE_CURVE('',#676,#678,#546,.T.);
#832=EDGE_CURVE('',#679,#680,#547,.T.);
#833=EDGE_CURVE('',#680,#681,#548,.T.);
#834=EDGE_CURVE('',#681,#668,#549,.T.);
#835=EDGE_CURVE('',#668,#679,#550,.T.);
#836=EDGE_CURVE('',#681,#669,#551,.T.);
#837=EDGE_CURVE('',#682,#683,#552,.T.);
#838=EDGE_CURVE('',#683,#684,#553,.T.);
#839=EDGE_CURVE('',#684,#685,#554,.T.);
#840=EDGE_CURVE('',#685,#682,#555,.T.);
#841=EDGE_CURVE('',#686,#687,#556,.T.);
#842=EDGE_CURVE('',#687,#685,#148,.T.);
#843=EDGE_CURVE('',#684,#686,#149,.T.);
#844=EDGE_CURVE('',#688,#689,#557,.T.);
#845=EDGE_CURVE('',#689,#687,#558,.T.);
#846=EDGE_CURVE('',#686,#688,#559,.T.);
#847=EDGE_CURVE('',#690,#691,#560,.T.);
#848=EDGE_CURVE('',#691,#689,#150,.T.);
#849=EDGE_CURVE('',#688,#690,#151,.T.);
#850=EDGE_CURVE('',#692,#679,#561,.T.);
#851=EDGE_CURVE('',#679,#691,#562,.T.);
#852=EDGE_CURVE('',#690,#692,#563,.T.);
#853=EDGE_CURVE('',#692,#680,#564,.T.);
#854=EDGE_CURVE('',#678,#666,#565,.T.);
#855=EDGE_CURVE('',#693,#694,#566,.T.);
#856=EDGE_CURVE('',#694,#695,#567,.T.);
#857=EDGE_CURVE('',#695,#682,#568,.T.);
#858=EDGE_CURVE('',#682,#693,#569,.T.);
#859=EDGE_CURVE('',#695,#683,#570,.T.);
#860=EDGE_CURVE('',#696,#697,#571,.T.);
#861=EDGE_CURVE('',#697,#698,#572,.T.);
#862=EDGE_CURVE('',#698,#699,#573,.T.);
#863=EDGE_CURVE('',#699,#696,#574,.T.);
#864=EDGE_CURVE('',#700,#701,#575,.T.);
#865=EDGE_CURVE('',#701,#699,#152,.T.);
#866=EDGE_CURVE('',#698,#700,#153,.T.);
#867=EDGE_CURVE('',#702,#703,#576,.T.);
#868=EDGE_CURVE('',#703,#701,#577,.T.);
#869=EDGE_CURVE('',#700,#702,#578,.T.);
#870=EDGE_CURVE('',#704,#705,#579,.T.);
#871=EDGE_CURVE('',#705,#703,#154,.T.);
#872=EDGE_CURVE('',#702,#704,#155,.T.);
#873=EDGE_CURVE('',#706,#693,#580,.T.);
#874=EDGE_CURVE('',#693,#705,#581,.T.);
#875=EDGE_CURVE('',#704,#706,#582,.T.);
#876=EDGE_CURVE('',#706,#694,#583,.T.);
#877=EDGE_CURVE('',#664,#707,#584,.T.);
#878=EDGE_CURVE('',#707,#708,#585,.T.);
#879=EDGE_CURVE('',#708,#696,#586,.T.);
#880=EDGE_CURVE('',#696,#664,#587,.T.);
#881=EDGE_CURVE('',#708,#697,#588,.T.);
#882=EDGE_CURVE('',#663,#707,#589,.T.);
#883=EDGE_CURVE('',#692,#709,#156,.T.);
#884=EDGE_CURVE('',#710,#709,#590,.T.);
#885=EDGE_CURVE('',#710,#680,#157,.T.);
#886=EDGE_CURVE('',#711,#690,#158,.T.);
#887=EDGE_CURVE('',#709,#711,#61,.T.);
#888=EDGE_CURVE('',#712,#688,#159,.T.);
#889=EDGE_CURVE('',#711,#712,#62,.T.);
#890=EDGE_CURVE('',#686,#713,#160,.T.);
#891=EDGE_CURVE('',#712,#713,#63,.T.);
#892=EDGE_CURVE('',#714,#684,#161,.T.);
#893=EDGE_CURVE('',#713,#714,#64,.T.);
#894=EDGE_CURVE('',#715,#683,#162,.T.);
#895=EDGE_CURVE('',#714,#715,#65,.T.);
#896=EDGE_CURVE('',#695,#716,#163,.T.);
#897=EDGE_CURVE('',#715,#716,#591,.T.);
#898=EDGE_CURVE('',#717,#694,#164,.T.);
#899=EDGE_CURVE('',#716,#717,#66,.T.);
#900=EDGE_CURVE('',#706,#718,#165,.T.);
#901=EDGE_CURVE('',#717,#718,#592,.T.);
#902=EDGE_CURVE('',#719,#704,#166,.T.);
#903=EDGE_CURVE('',#718,#719,#67,.T.);
#904=EDGE_CURVE('',#720,#702,#167,.T.);
#905=EDGE_CURVE('',#719,#720,#68,.T.);
#906=EDGE_CURVE('',#700,#721,#168,.T.);
#907=EDGE_CURVE('',#720,#721,#69,.T.);
#908=EDGE_CURVE('',#722,#698,#169,.T.);
#909=EDGE_CURVE('',#721,#722,#70,.T.);
#910=EDGE_CURVE('',#723,#697,#170,.T.);
#911=EDGE_CURVE('',#722,#723,#71,.T.);
#912=EDGE_CURVE('',#708,#724,#171,.T.);
#913=EDGE_CURVE('',#723,#724,#593,.T.);
#914=EDGE_CURVE('',#725,#707,#172,.T.);
#915=EDGE_CURVE('',#724,#725,#72,.T.);
#916=EDGE_CURVE('',#726,#726,#594,.T.);
#917=EDGE_CURVE('',#727,#727,#595,.T.);
#918=EDGE_CURVE('',#728,#728,#596,.T.);
#919=EDGE_CURVE('',#729,#729,#597,.T.);
#920=EDGE_CURVE('',#730,#731,#598,.T.);
#921=EDGE_CURVE('',#731,#732,#73,.T.);
#922=EDGE_CURVE('',#732,#731,#74,.T.);
#923=EDGE_CURVE('',#730,#733,#75,.T.);
#924=EDGE_CURVE('',#733,#734,#76,.T.);
#925=EDGE_CURVE('',#734,#730,#77,.T.);
#926=EDGE_CURVE('',#735,#736,#599,.T.);
#927=EDGE_CURVE('',#736,#735,#600,.T.);
#928=EDGE_CURVE('',#736,#733,#173,.T.);
#929=EDGE_CURVE('',#734,#737,#174,.T.);
#930=EDGE_CURVE('',#738,#737,#78,.T.);
#931=EDGE_CURVE('',#739,#738,#79,.T.);
#932=EDGE_CURVE('',#740,#739,#80,.T.);
#933=EDGE_CURVE('',#741,#740,#81,.T.);
#934=EDGE_CURVE('',#742,#741,#82,.T.);
#935=EDGE_CURVE('',#743,#742,#83,.T.);
#936=EDGE_CURVE('',#744,#743,#84,.T.);
#937=EDGE_CURVE('',#745,#744,#85,.T.);
#938=EDGE_CURVE('',#746,#745,#86,.T.);
#939=EDGE_CURVE('',#747,#746,#87,.T.);
#940=EDGE_CURVE('',#748,#747,#88,.T.);
#941=EDGE_CURVE('',#749,#748,#89,.T.);
#942=EDGE_CURVE('',#750,#749,#90,.T.);
#943=EDGE_CURVE('',#751,#750,#91,.T.);
#944=EDGE_CURVE('',#752,#751,#92,.T.);
#945=EDGE_CURVE('',#753,#752,#93,.T.);
#946=EDGE_CURVE('',#754,#753,#94,.T.);
#947=EDGE_CURVE('',#755,#754,#95,.T.);
#948=EDGE_CURVE('',#756,#755,#96,.T.);
#949=EDGE_CURVE('',#757,#756,#97,.T.);
#950=EDGE_CURVE('',#758,#757,#98,.T.);
#951=EDGE_CURVE('',#759,#758,#99,.T.);
#952=EDGE_CURVE('',#760,#759,#100,.T.);
#953=EDGE_CURVE('',#761,#760,#101,.T.);
#954=EDGE_CURVE('',#737,#761,#102,.T.);
#955=EDGE_CURVE('',#762,#762,#103,.T.);
#956=EDGE_CURVE('',#763,#763,#104,.T.);
#957=EDGE_CURVE('',#764,#764,#105,.T.);
#958=EDGE_CURVE('',#765,#766,#601,.T.);
#959=EDGE_CURVE('',#765,#732,#175,.T.);
#960=EDGE_CURVE('',#766,#765,#602,.T.);
#961=EDGE_CURVE('',#762,#767,#603,.T.);
#962=EDGE_CURVE('',#767,#768,#106,.T.);
#963=EDGE_CURVE('',#768,#767,#107,.T.);
#964=EDGE_CURVE('',#769,#770,#604,.T.);
#965=EDGE_CURVE('',#769,#768,#176,.T.);
#966=EDGE_CURVE('',#770,#769,#605,.T.);
#967=EDGE_CURVE('',#764,#771,#606,.T.);
#968=EDGE_CURVE('',#771,#772,#108,.T.);
#969=EDGE_CURVE('',#772,#771,#109,.T.);
#970=EDGE_CURVE('',#773,#774,#607,.T.);
#971=EDGE_CURVE('',#773,#772,#177,.T.);
#972=EDGE_CURVE('',#774,#773,#608,.T.);
#973=EDGE_CURVE('',#763,#775,#609,.T.);
#974=EDGE_CURVE('',#775,#776,#110,.T.);
#975=EDGE_CURVE('',#776,#775,#111,.T.);
#976=EDGE_CURVE('',#777,#778,#610,.T.);
#977=EDGE_CURVE('',#777,#776,#178,.T.);
#978=EDGE_CURVE('',#778,#777,#611,.T.);
#979=EDGE_CURVE('',#743,#724,#612,.T.);
#980=EDGE_CURVE('',#725,#744,#613,.T.);
#981=EDGE_CURVE('',#743,#723,#614,.T.);
#982=EDGE_CURVE('',#725,#779,#615,.T.);
#983=EDGE_CURVE('',#779,#744,#616,.T.);
#984=EDGE_CURVE('',#663,#779,#179,.T.);
#985=EDGE_CURVE('',#722,#742,#617,.T.);
#986=EDGE_CURVE('',#779,#780,#112,.T.);
#987=EDGE_CURVE('',#780,#745,#618,.T.);
#988=EDGE_CURVE('',#780,#661,#180,.T.);
#989=EDGE_CURVE('',#749,#781,#619,.T.);
#990=EDGE_CURVE('',#781,#782,#113,.T.);
#991=EDGE_CURVE('',#782,#750,#620,.T.);
#992=EDGE_CURVE('',#783,#781,#621,.T.);
#993=EDGE_CURVE('',#749,#783,#622,.T.);
#994=EDGE_CURVE('',#667,#781,#181,.T.);
#995=EDGE_CURVE('',#783,#654,#182,.T.);
#996=EDGE_CURVE('',#782,#784,#623,.T.);
#997=EDGE_CURVE('',#784,#750,#624,.T.);
#998=EDGE_CURVE('',#678,#784,#183,.T.);
#999=EDGE_CURVE('',#782,#666,#184,.T.);
#1000=EDGE_CURVE('',#785,#748,#625,.T.);
#1001=EDGE_CURVE('',#785,#783,#114,.T.);
#1002=EDGE_CURVE('',#784,#786,#115,.T.);
#1003=EDGE_CURVE('',#786,#751,#626,.T.);
#1004=EDGE_CURVE('',#786,#676,#185,.T.);
#1005=EDGE_CURVE('',#755,#787,#627,.T.);
#1006=EDGE_CURVE('',#787,#710,#116,.T.);
#1007=EDGE_CURVE('',#710,#756,#628,.T.);
#1008=EDGE_CURVE('',#788,#787,#629,.T.);
#1009=EDGE_CURVE('',#755,#788,#630,.T.);
#1010=EDGE_CURVE('',#681,#787,#186,.T.);
#1011=EDGE_CURVE('',#788,#669,#187,.T.);
#1012=EDGE_CURVE('',#709,#756,#631,.T.);
#1013=EDGE_CURVE('',#789,#754,#632,.T.);
#1014=EDGE_CURVE('',#789,#788,#117,.T.);
#1015=EDGE_CURVE('',#711,#757,#633,.T.);
#1016=EDGE_CURVE('',#761,#716,#634,.T.);
#1017=EDGE_CURVE('',#717,#738,#635,.T.);
#1018=EDGE_CURVE('',#761,#715,#636,.T.);
#1019=EDGE_CURVE('',#718,#738,#637,.T.);
#1020=EDGE_CURVE('',#714,#760,#638,.T.);
#1021=EDGE_CURVE('',#719,#739,#639,.T.);
#1022=EDGE_CURVE('',#726,#778,#640,.T.);
#1023=EDGE_CURVE('',#729,#766,#641,.T.);
#1024=EDGE_CURVE('',#727,#770,#642,.T.);
#1025=EDGE_CURVE('',#728,#774,#643,.T.);
#1026=EDGE_CURVE('',#786,#790,#118,.T.);
#1027=EDGE_CURVE('',#790,#752,#644,.T.);
#1028=EDGE_CURVE('',#791,#753,#645,.T.);
#1029=EDGE_CURVE('',#790,#791,#119,.T.);
#1030=EDGE_CURVE('',#791,#789,#120,.T.);
#1031=EDGE_CURVE('',#789,#670,#188,.T.);
#1032=EDGE_CURVE('',#672,#791,#189,.T.);
#1033=EDGE_CURVE('',#790,#674,#190,.T.);
#1034=EDGE_CURVE('',#712,#758,#646,.T.);
#1035=EDGE_CURVE('',#713,#759,#647,.T.);
#1036=EDGE_CURVE('',#720,#740,#648,.T.);
#1037=EDGE_CURVE('',#721,#741,#649,.T.);
#1038=EDGE_CURVE('',#780,#792,#121,.T.);
#1039=EDGE_CURVE('',#792,#746,#650,.T.);
#1040=EDGE_CURVE('',#793,#747,#651,.T.);
#1041=EDGE_CURVE('',#792,#793,#122,.T.);
#1042=EDGE_CURVE('',#793,#785,#123,.T.);
#1043=EDGE_CURVE('',#785,#655,#191,.T.);
#1044=EDGE_CURVE('',#657,#793,#192,.T.);
#1045=EDGE_CURVE('',#792,#659,#193,.T.);
#1046=EDGE_CURVE('',#735,#794,#194,.T.);
#1047=EDGE_CURVE('',#794,#794,#652,.T.);
#1048=ORIENTED_EDGE('',*,*,#795,.T.);
#1049=ORIENTED_EDGE('',*,*,#796,.T.);
#1050=ORIENTED_EDGE('',*,*,#797,.T.);
#1051=ORIENTED_EDGE('',*,*,#798,.T.);
#1052=ORIENTED_EDGE('',*,*,#799,.T.);
#1053=ORIENTED_EDGE('',*,*,#800,.T.);
#1054=ORIENTED_EDGE('',*,*,#797,.F.);
#1055=ORIENTED_EDGE('',*,*,#801,.T.);
#1056=ORIENTED_EDGE('',*,*,#802,.T.);
#1057=ORIENTED_EDGE('',*,*,#803,.T.);
#1058=ORIENTED_EDGE('',*,*,#799,.F.);
#1059=ORIENTED_EDGE('',*,*,#804,.T.);
#1060=ORIENTED_EDGE('',*,*,#805,.T.);
#1061=ORIENTED_EDGE('',*,*,#806,.T.);
#1062=ORIENTED_EDGE('',*,*,#802,.F.);
#1063=ORIENTED_EDGE('',*,*,#807,.T.);
#1064=ORIENTED_EDGE('',*,*,#808,.T.);
#1065=ORIENTED_EDGE('',*,*,#809,.T.);
#1066=ORIENTED_EDGE('',*,*,#805,.F.);
#1067=ORIENTED_EDGE('',*,*,#810,.T.);
#1068=ORIENTED_EDGE('',*,*,#811,.T.);
#1069=ORIENTED_EDGE('',*,*,#812,.T.);
#1070=ORIENTED_EDGE('',*,*,#813,.T.);
#1071=ORIENTED_EDGE('',*,*,#814,.T.);
#1072=ORIENTED_EDGE('',*,*,#813,.F.);
#1073=ORIENTED_EDGE('',*,*,#815,.T.);
#1074=ORIENTED_EDGE('',*,*,#795,.F.);
#1075=ORIENTED_EDGE('',*,*,#816,.T.);
#1076=ORIENTED_EDGE('',*,*,#817,.T.);
#1077=ORIENTED_EDGE('',*,*,#818,.T.);
#1078=ORIENTED_EDGE('',*,*,#819,.T.);
#1079=ORIENTED_EDGE('',*,*,#820,.T.);
#1080=ORIENTED_EDGE('',*,*,#821,.T.);
#1081=ORIENTED_EDGE('',*,*,#818,.F.);
#1082=ORIENTED_EDGE('',*,*,#822,.T.);
#1083=ORIENTED_EDGE('',*,*,#823,.T.);
#1084=ORIENTED_EDGE('',*,*,#824,.T.);
#1085=ORIENTED_EDGE('',*,*,#820,.F.);
#1086=ORIENTED_EDGE('',*,*,#825,.T.);
#1087=ORIENTED_EDGE('',*,*,#826,.T.);
#1088=ORIENTED_EDGE('',*,*,#827,.T.);
#1089=ORIENTED_EDGE('',*,*,#823,.F.);
#1090=ORIENTED_EDGE('',*,*,#828,.T.);
#1091=ORIENTED_EDGE('',*,*,#829,.T.);
#1092=ORIENTED_EDGE('',*,*,#830,.T.);
#1093=ORIENTED_EDGE('',*,*,#826,.F.);
#1094=ORIENTED_EDGE('',*,*,#831,.T.);
#1095=ORIENTED_EDGE('',*,*,#832,.T.);
#1096=ORIENTED_EDGE('',*,*,#833,.T.);
#1097=ORIENTED_EDGE('',*,*,#834,.T.);
#1098=ORIENTED_EDGE('',*,*,#835,.T.);
#1099=ORIENTED_EDGE('',*,*,#834,.F.);
#1100=ORIENTED_EDGE('',*,*,#836,.T.);
#1101=ORIENTED_EDGE('',*,*,#816,.F.);
#1102=ORIENTED_EDGE('',*,*,#837,.T.);
#1103=ORIENTED_EDGE('',*,*,#838,.T.);
#1104=ORIENTED_EDGE('',*,*,#839,.T.);
#1105=ORIENTED_EDGE('',*,*,#840,.T.);
#1106=ORIENTED_EDGE('',*,*,#841,.T.);
#1107=ORIENTED_EDGE('',*,*,#842,.T.);
#1108=ORIENTED_EDGE('',*,*,#839,.F.);
#1109=ORIENTED_EDGE('',*,*,#843,.T.);
#1110=ORIENTED_EDGE('',*,*,#844,.T.);
#1111=ORIENTED_EDGE('',*,*,#845,.T.);
#1112=ORIENTED_EDGE('',*,*,#841,.F.);
#1113=ORIENTED_EDGE('',*,*,#846,.T.);
#1114=ORIENTED_EDGE('',*,*,#847,.T.);
#1115=ORIENTED_EDGE('',*,*,#848,.T.);
#1116=ORIENTED_EDGE('',*,*,#844,.F.);
#1117=ORIENTED_EDGE('',*,*,#849,.T.);
#1118=ORIENTED_EDGE('',*,*,#850,.T.);
#1119=ORIENTED_EDGE('',*,*,#851,.T.);
#1120=ORIENTED_EDGE('',*,*,#847,.F.);
#1121=ORIENTED_EDGE('',*,*,#852,.T.);
#1122=ORIENTED_EDGE('',*,*,#850,.F.);
#1123=ORIENTED_EDGE('',*,*,#853,.T.);
#1124=ORIENTED_EDGE('',*,*,#832,.F.);
#1125=ORIENTED_EDGE('',*,*,#829,.F.);
#1126=ORIENTED_EDGE('',*,*,#854,.T.);
#1127=ORIENTED_EDGE('',*,*,#811,.F.);
#1128=ORIENTED_EDGE('',*,*,#855,.T.);
#1129=ORIENTED_EDGE('',*,*,#856,.T.);
#1130=ORIENTED_EDGE('',*,*,#857,.T.);
#1131=ORIENTED_EDGE('',*,*,#858,.T.);
#1132=ORIENTED_EDGE('',*,*,#857,.F.);
#1133=ORIENTED_EDGE('',*,*,#859,.T.);
#1134=ORIENTED_EDGE('',*,*,#837,.F.);
#1135=ORIENTED_EDGE('',*,*,#860,.T.);
#1136=ORIENTED_EDGE('',*,*,#861,.T.);
#1137=ORIENTED_EDGE('',*,*,#862,.T.);
#1138=ORIENTED_EDGE('',*,*,#863,.T.);
#1139=ORIENTED_EDGE('',*,*,#864,.T.);
#1140=ORIENTED_EDGE('',*,*,#865,.T.);
#1141=ORIENTED_EDGE('',*,*,#862,.F.);
#1142=ORIENTED_EDGE('',*,*,#866,.T.);
#1143=ORIENTED_EDGE('',*,*,#867,.T.);
#1144=ORIENTED_EDGE('',*,*,#868,.T.);
#1145=ORIENTED_EDGE('',*,*,#864,.F.);
#1146=ORIENTED_EDGE('',*,*,#869,.T.);
#1147=ORIENTED_EDGE('',*,*,#870,.T.);
#1148=ORIENTED_EDGE('',*,*,#871,.T.);
#1149=ORIENTED_EDGE('',*,*,#867,.F.);
#1150=ORIENTED_EDGE('',*,*,#872,.T.);
#1151=ORIENTED_EDGE('',*,*,#873,.T.);
#1152=ORIENTED_EDGE('',*,*,#874,.T.);
#1153=ORIENTED_EDGE('',*,*,#870,.F.);
#1154=ORIENTED_EDGE('',*,*,#875,.T.);
#1155=ORIENTED_EDGE('',*,*,#873,.F.);
#1156=ORIENTED_EDGE('',*,*,#876,.T.);
#1157=ORIENTED_EDGE('',*,*,#855,.F.);
#1158=ORIENTED_EDGE('',*,*,#877,.T.);
#1159=ORIENTED_EDGE('',*,*,#878,.T.);
#1160=ORIENTED_EDGE('',*,*,#879,.T.);
#1161=ORIENTED_EDGE('',*,*,#880,.T.);
#1162=ORIENTED_EDGE('',*,*,#879,.F.);
#1163=ORIENTED_EDGE('',*,*,#881,.T.);
#1164=ORIENTED_EDGE('',*,*,#860,.F.);
#1165=ORIENTED_EDGE('',*,*,#808,.F.);
#1166=ORIENTED_EDGE('',*,*,#882,.T.);
#1167=ORIENTED_EDGE('',*,*,#877,.F.);
#1168=ORIENTED_EDGE('',*,*,#853,.F.);
#1169=ORIENTED_EDGE('',*,*,#883,.T.);
#1170=ORIENTED_EDGE('',*,*,#884,.F.);
#1171=ORIENTED_EDGE('',*,*,#885,.T.);
#1172=ORIENTED_EDGE('',*,*,#852,.F.);
#1173=ORIENTED_EDGE('',*,*,#886,.F.);
#1174=ORIENTED_EDGE('',*,*,#887,.F.);
#1175=ORIENTED_EDGE('',*,*,#883,.F.);
#1176=ORIENTED_EDGE('',*,*,#849,.F.);
#1177=ORIENTED_EDGE('',*,*,#888,.F.);
#1178=ORIENTED_EDGE('',*,*,#889,.F.);
#1179=ORIENTED_EDGE('',*,*,#886,.T.);
#1180=ORIENTED_EDGE('',*,*,#846,.F.);
#1181=ORIENTED_EDGE('',*,*,#890,.T.);
#1182=ORIENTED_EDGE('',*,*,#891,.F.);
#1183=ORIENTED_EDGE('',*,*,#888,.T.);
#1184=ORIENTED_EDGE('',*,*,#843,.F.);
#1185=ORIENTED_EDGE('',*,*,#892,.F.);
#1186=ORIENTED_EDGE('',*,*,#893,.F.);
#1187=ORIENTED_EDGE('',*,*,#890,.F.);
#1188=ORIENTED_EDGE('',*,*,#838,.F.);
#1189=ORIENTED_EDGE('',*,*,#894,.F.);
#1190=ORIENTED_EDGE('',*,*,#895,.F.);
#1191=ORIENTED_EDGE('',*,*,#892,.T.);
#1192=ORIENTED_EDGE('',*,*,#859,.F.);
#1193=ORIENTED_EDGE('',*,*,#896,.T.);
#1194=ORIENTED_EDGE('',*,*,#897,.F.);
#1195=ORIENTED_EDGE('',*,*,#894,.T.);
#1196=ORIENTED_EDGE('',*,*,#856,.F.);
#1197=ORIENTED_EDGE('',*,*,#898,.F.);
#1198=ORIENTED_EDGE('',*,*,#899,.F.);
#1199=ORIENTED_EDGE('',*,*,#896,.F.);
#1200=ORIENTED_EDGE('',*,*,#876,.F.);
#1201=ORIENTED_EDGE('',*,*,#900,.T.);
#1202=ORIENTED_EDGE('',*,*,#901,.F.);
#1203=ORIENTED_EDGE('',*,*,#898,.T.);
#1204=ORIENTED_EDGE('',*,*,#875,.F.);
#1205=ORIENTED_EDGE('',*,*,#902,.F.);
#1206=ORIENTED_EDGE('',*,*,#903,.F.);
#1207=ORIENTED_EDGE('',*,*,#900,.F.);
#1208=ORIENTED_EDGE('',*,*,#872,.F.);
#1209=ORIENTED_EDGE('',*,*,#904,.F.);
#1210=ORIENTED_EDGE('',*,*,#905,.F.);
#1211=ORIENTED_EDGE('',*,*,#902,.T.);
#1212=ORIENTED_EDGE('',*,*,#869,.F.);
#1213=ORIENTED_EDGE('',*,*,#906,.T.);
#1214=ORIENTED_EDGE('',*,*,#907,.F.);
#1215=ORIENTED_EDGE('',*,*,#904,.T.);
#1216=ORIENTED_EDGE('',*,*,#866,.F.);
#1217=ORIENTED_EDGE('',*,*,#908,.F.);
#1218=ORIENTED_EDGE('',*,*,#909,.F.);
#1219=ORIENTED_EDGE('',*,*,#906,.F.);
#1220=ORIENTED_EDGE('',*,*,#861,.F.);
#1221=ORIENTED_EDGE('',*,*,#910,.F.);
#1222=ORIENTED_EDGE('',*,*,#911,.F.);
#1223=ORIENTED_EDGE('',*,*,#908,.T.);
#1224=ORIENTED_EDGE('',*,*,#881,.F.);
#1225=ORIENTED_EDGE('',*,*,#912,.T.);
#1226=ORIENTED_EDGE('',*,*,#913,.F.);
#1227=ORIENTED_EDGE('',*,*,#910,.T.);
#1228=ORIENTED_EDGE('',*,*,#878,.F.);
#1229=ORIENTED_EDGE('',*,*,#914,.F.);
#1230=ORIENTED_EDGE('',*,*,#915,.F.);
#1231=ORIENTED_EDGE('',*,*,#912,.F.);
#1232=ORIENTED_EDGE('',*,*,#863,.F.);
#1233=ORIENTED_EDGE('',*,*,#865,.F.);
#1234=ORIENTED_EDGE('',*,*,#868,.F.);
#1235=ORIENTED_EDGE('',*,*,#871,.F.);
#1236=ORIENTED_EDGE('',*,*,#874,.F.);
#1237=ORIENTED_EDGE('',*,*,#858,.F.);
#1238=ORIENTED_EDGE('',*,*,#840,.F.);
#1239=ORIENTED_EDGE('',*,*,#842,.F.);
#1240=ORIENTED_EDGE('',*,*,#845,.F.);
#1241=ORIENTED_EDGE('',*,*,#848,.F.);
#1242=ORIENTED_EDGE('',*,*,#851,.F.);
#1243=ORIENTED_EDGE('',*,*,#835,.F.);
#1244=ORIENTED_EDGE('',*,*,#819,.F.);
#1245=ORIENTED_EDGE('',*,*,#821,.F.);
#1246=ORIENTED_EDGE('',*,*,#824,.F.);
#1247=ORIENTED_EDGE('',*,*,#827,.F.);
#1248=ORIENTED_EDGE('',*,*,#830,.F.);
#1249=ORIENTED_EDGE('',*,*,#814,.F.);
#1250=ORIENTED_EDGE('',*,*,#798,.F.);
#1251=ORIENTED_EDGE('',*,*,#800,.F.);
#1252=ORIENTED_EDGE('',*,*,#803,.F.);
#1253=ORIENTED_EDGE('',*,*,#806,.F.);
#1254=ORIENTED_EDGE('',*,*,#809,.F.);
#1255=ORIENTED_EDGE('',*,*,#880,.F.);
#1256=ORIENTED_EDGE('',*,*,#916,.F.);
#1257=ORIENTED_EDGE('',*,*,#917,.F.);
#1258=ORIENTED_EDGE('',*,*,#918,.F.);
#1259=ORIENTED_EDGE('',*,*,#919,.F.);
#1260=ORIENTED_EDGE('',*,*,#920,.T.);
#1261=ORIENTED_EDGE('',*,*,#921,.T.);
#1262=ORIENTED_EDGE('',*,*,#922,.T.);
#1263=ORIENTED_EDGE('',*,*,#920,.F.);
#1264=ORIENTED_EDGE('',*,*,#923,.T.);
#1265=ORIENTED_EDGE('',*,*,#924,.T.);
#1266=ORIENTED_EDGE('',*,*,#925,.T.);
#1267=ORIENTED_EDGE('',*,*,#926,.F.);
#1268=ORIENTED_EDGE('',*,*,#927,.F.);
#1269=ORIENTED_EDGE('',*,*,#928,.T.);
#1270=ORIENTED_EDGE('',*,*,#923,.F.);
#1271=ORIENTED_EDGE('',*,*,#925,.F.);
#1272=ORIENTED_EDGE('',*,*,#929,.T.);
#1273=ORIENTED_EDGE('',*,*,#930,.F.);
#1274=ORIENTED_EDGE('',*,*,#931,.F.);
#1275=ORIENTED_EDGE('',*,*,#932,.F.);
#1276=ORIENTED_EDGE('',*,*,#933,.F.);
#1277=ORIENTED_EDGE('',*,*,#934,.F.);
#1278=ORIENTED_EDGE('',*,*,#935,.F.);
#1279=ORIENTED_EDGE('',*,*,#936,.F.);
#1280=ORIENTED_EDGE('',*,*,#937,.F.);
#1281=ORIENTED_EDGE('',*,*,#938,.F.);
#1282=ORIENTED_EDGE('',*,*,#939,.F.);
#1283=ORIENTED_EDGE('',*,*,#940,.F.);
#1284=ORIENTED_EDGE('',*,*,#941,.F.);
#1285=ORIENTED_EDGE('',*,*,#942,.F.);
#1286=ORIENTED_EDGE('',*,*,#943,.F.);
#1287=ORIENTED_EDGE('',*,*,#944,.F.);
#1288=ORIENTED_EDGE('',*,*,#945,.F.);
#1289=ORIENTED_EDGE('',*,*,#946,.F.);
#1290=ORIENTED_EDGE('',*,*,#947,.F.);
#1291=ORIENTED_EDGE('',*,*,#948,.F.);
#1292=ORIENTED_EDGE('',*,*,#949,.F.);
#1293=ORIENTED_EDGE('',*,*,#950,.F.);
#1294=ORIENTED_EDGE('',*,*,#951,.F.);
#1295=ORIENTED_EDGE('',*,*,#952,.F.);
#1296=ORIENTED_EDGE('',*,*,#953,.F.);
#1297=ORIENTED_EDGE('',*,*,#954,.F.);
#1298=ORIENTED_EDGE('',*,*,#929,.F.);
#1299=ORIENTED_EDGE('',*,*,#924,.F.);
#1300=ORIENTED_EDGE('',*,*,#928,.F.);
#1301=ORIENTED_EDGE('',*,*,#955,.F.);
#1302=ORIENTED_EDGE('',*,*,#956,.F.);
#1303=ORIENTED_EDGE('',*,*,#957,.F.);
#1304=ORIENTED_EDGE('',*,*,#958,.F.);
#1305=ORIENTED_EDGE('',*,*,#959,.T.);
#1306=ORIENTED_EDGE('',*,*,#921,.F.);
#1307=ORIENTED_EDGE('',*,*,#922,.F.);
#1308=ORIENTED_EDGE('',*,*,#959,.F.);
#1309=ORIENTED_EDGE('',*,*,#960,.F.);
#1310=ORIENTED_EDGE('',*,*,#961,.T.);
#1311=ORIENTED_EDGE('',*,*,#962,.T.);
#1312=ORIENTED_EDGE('',*,*,#963,.T.);
#1313=ORIENTED_EDGE('',*,*,#961,.F.);
#1314=ORIENTED_EDGE('',*,*,#955,.T.);
#1315=ORIENTED_EDGE('',*,*,#964,.F.);
#1316=ORIENTED_EDGE('',*,*,#965,.T.);
#1317=ORIENTED_EDGE('',*,*,#962,.F.);
#1318=ORIENTED_EDGE('',*,*,#963,.F.);
#1319=ORIENTED_EDGE('',*,*,#965,.F.);
#1320=ORIENTED_EDGE('',*,*,#966,.F.);
#1321=ORIENTED_EDGE('',*,*,#967,.T.);
#1322=ORIENTED_EDGE('',*,*,#968,.T.);
#1323=ORIENTED_EDGE('',*,*,#969,.T.);
#1324=ORIENTED_EDGE('',*,*,#967,.F.);
#1325=ORIENTED_EDGE('',*,*,#957,.T.);
#1326=ORIENTED_EDGE('',*,*,#970,.F.);
#1327=ORIENTED_EDGE('',*,*,#971,.T.);
#1328=ORIENTED_EDGE('',*,*,#968,.F.);
#1329=ORIENTED_EDGE('',*,*,#969,.F.);
#1330=ORIENTED_EDGE('',*,*,#971,.F.);
#1331=ORIENTED_EDGE('',*,*,#972,.F.);
#1332=ORIENTED_EDGE('',*,*,#973,.T.);
#1333=ORIENTED_EDGE('',*,*,#974,.T.);
#1334=ORIENTED_EDGE('',*,*,#975,.T.);
#1335=ORIENTED_EDGE('',*,*,#973,.F.);
#1336=ORIENTED_EDGE('',*,*,#956,.T.);
#1337=ORIENTED_EDGE('',*,*,#976,.F.);
#1338=ORIENTED_EDGE('',*,*,#977,.T.);
#1339=ORIENTED_EDGE('',*,*,#974,.F.);
#1340=ORIENTED_EDGE('',*,*,#975,.F.);
#1341=ORIENTED_EDGE('',*,*,#977,.F.);
#1342=ORIENTED_EDGE('',*,*,#978,.F.);
#1343=ORIENTED_EDGE('',*,*,#979,.T.);
#1344=ORIENTED_EDGE('',*,*,#915,.T.);
#1345=ORIENTED_EDGE('',*,*,#980,.T.);
#1346=ORIENTED_EDGE('',*,*,#936,.T.);
#1347=ORIENTED_EDGE('',*,*,#913,.T.);
#1348=ORIENTED_EDGE('',*,*,#979,.F.);
#1349=ORIENTED_EDGE('',*,*,#981,.T.);
#1350=ORIENTED_EDGE('',*,*,#980,.F.);
#1351=ORIENTED_EDGE('',*,*,#982,.T.);
#1352=ORIENTED_EDGE('',*,*,#983,.T.);
#1353=ORIENTED_EDGE('',*,*,#882,.F.);
#1354=ORIENTED_EDGE('',*,*,#984,.T.);
#1355=ORIENTED_EDGE('',*,*,#982,.F.);
#1356=ORIENTED_EDGE('',*,*,#914,.T.);
#1357=ORIENTED_EDGE('',*,*,#981,.F.);
#1358=ORIENTED_EDGE('',*,*,#935,.T.);
#1359=ORIENTED_EDGE('',*,*,#985,.F.);
#1360=ORIENTED_EDGE('',*,*,#911,.T.);
#1361=ORIENTED_EDGE('',*,*,#983,.F.);
#1362=ORIENTED_EDGE('',*,*,#986,.T.);
#1363=ORIENTED_EDGE('',*,*,#987,.T.);
#1364=ORIENTED_EDGE('',*,*,#937,.T.);
#1365=ORIENTED_EDGE('',*,*,#810,.F.);
#1366=ORIENTED_EDGE('',*,*,#988,.F.);
#1367=ORIENTED_EDGE('',*,*,#986,.F.);
#1368=ORIENTED_EDGE('',*,*,#984,.F.);
#1369=ORIENTED_EDGE('',*,*,#989,.T.);
#1370=ORIENTED_EDGE('',*,*,#990,.T.);
#1371=ORIENTED_EDGE('',*,*,#991,.T.);
#1372=ORIENTED_EDGE('',*,*,#942,.T.);
#1373=ORIENTED_EDGE('',*,*,#992,.T.);
#1374=ORIENTED_EDGE('',*,*,#989,.F.);
#1375=ORIENTED_EDGE('',*,*,#993,.T.);
#1376=ORIENTED_EDGE('',*,*,#815,.F.);
#1377=ORIENTED_EDGE('',*,*,#994,.T.);
#1378=ORIENTED_EDGE('',*,*,#992,.F.);
#1379=ORIENTED_EDGE('',*,*,#995,.T.);
#1380=ORIENTED_EDGE('',*,*,#991,.F.);
#1381=ORIENTED_EDGE('',*,*,#996,.T.);
#1382=ORIENTED_EDGE('',*,*,#997,.T.);
#1383=ORIENTED_EDGE('',*,*,#854,.F.);
#1384=ORIENTED_EDGE('',*,*,#998,.T.);
#1385=ORIENTED_EDGE('',*,*,#996,.F.);
#1386=ORIENTED_EDGE('',*,*,#999,.T.);
#1387=ORIENTED_EDGE('',*,*,#993,.F.);
#1388=ORIENTED_EDGE('',*,*,#941,.T.);
#1389=ORIENTED_EDGE('',*,*,#1000,.F.);
#1390=ORIENTED_EDGE('',*,*,#1001,.T.);
#1391=ORIENTED_EDGE('',*,*,#997,.F.);
#1392=ORIENTED_EDGE('',*,*,#1002,.T.);
#1393=ORIENTED_EDGE('',*,*,#1003,.T.);
#1394=ORIENTED_EDGE('',*,*,#943,.T.);
#1395=ORIENTED_EDGE('',*,*,#831,.F.);
#1396=ORIENTED_EDGE('',*,*,#1004,.F.);
#1397=ORIENTED_EDGE('',*,*,#1002,.F.);
#1398=ORIENTED_EDGE('',*,*,#998,.F.);
#1399=ORIENTED_EDGE('',*,*,#1005,.T.);
#1400=ORIENTED_EDGE('',*,*,#1006,.T.);
#1401=ORIENTED_EDGE('',*,*,#1007,.T.);
#1402=ORIENTED_EDGE('',*,*,#948,.T.);
#1403=ORIENTED_EDGE('',*,*,#1008,.T.);
#1404=ORIENTED_EDGE('',*,*,#1005,.F.);
#1405=ORIENTED_EDGE('',*,*,#1009,.T.);
#1406=ORIENTED_EDGE('',*,*,#836,.F.);
#1407=ORIENTED_EDGE('',*,*,#1010,.T.);
#1408=ORIENTED_EDGE('',*,*,#1008,.F.);
#1409=ORIENTED_EDGE('',*,*,#1011,.T.);
#1410=ORIENTED_EDGE('',*,*,#1007,.F.);
#1411=ORIENTED_EDGE('',*,*,#884,.T.);
#1412=ORIENTED_EDGE('',*,*,#1012,.T.);
#1413=ORIENTED_EDGE('',*,*,#1009,.F.);
#1414=ORIENTED_EDGE('',*,*,#947,.T.);
#1415=ORIENTED_EDGE('',*,*,#1013,.F.);
#1416=ORIENTED_EDGE('',*,*,#1014,.T.);
#1417=ORIENTED_EDGE('',*,*,#1012,.F.);
#1418=ORIENTED_EDGE('',*,*,#887,.T.);
#1419=ORIENTED_EDGE('',*,*,#1015,.T.);
#1420=ORIENTED_EDGE('',*,*,#949,.T.);
#1421=ORIENTED_EDGE('',*,*,#1016,.T.);
#1422=ORIENTED_EDGE('',*,*,#899,.T.);
#1423=ORIENTED_EDGE('',*,*,#1017,.T.);
#1424=ORIENTED_EDGE('',*,*,#930,.T.);
#1425=ORIENTED_EDGE('',*,*,#954,.T.);
#1426=ORIENTED_EDGE('',*,*,#897,.T.);
#1427=ORIENTED_EDGE('',*,*,#1016,.F.);
#1428=ORIENTED_EDGE('',*,*,#1018,.T.);
#1429=ORIENTED_EDGE('',*,*,#1017,.F.);
#1430=ORIENTED_EDGE('',*,*,#901,.T.);
#1431=ORIENTED_EDGE('',*,*,#1019,.T.);
#1432=ORIENTED_EDGE('',*,*,#1018,.F.);
#1433=ORIENTED_EDGE('',*,*,#953,.T.);
#1434=ORIENTED_EDGE('',*,*,#1020,.F.);
#1435=ORIENTED_EDGE('',*,*,#895,.T.);
#1436=ORIENTED_EDGE('',*,*,#1019,.F.);
#1437=ORIENTED_EDGE('',*,*,#903,.T.);
#1438=ORIENTED_EDGE('',*,*,#1021,.T.);
#1439=ORIENTED_EDGE('',*,*,#931,.T.);
#1440=ORIENTED_EDGE('',*,*,#916,.T.);
#1441=ORIENTED_EDGE('',*,*,#1022,.T.);
#1442=ORIENTED_EDGE('',*,*,#978,.T.);
#1443=ORIENTED_EDGE('',*,*,#976,.T.);
#1444=ORIENTED_EDGE('',*,*,#1022,.F.);
#1445=ORIENTED_EDGE('',*,*,#919,.T.);
#1446=ORIENTED_EDGE('',*,*,#1023,.T.);
#1447=ORIENTED_EDGE('',*,*,#960,.T.);
#1448=ORIENTED_EDGE('',*,*,#958,.T.);
#1449=ORIENTED_EDGE('',*,*,#1023,.F.);
#1450=ORIENTED_EDGE('',*,*,#917,.T.);
#1451=ORIENTED_EDGE('',*,*,#1024,.T.);
#1452=ORIENTED_EDGE('',*,*,#966,.T.);
#1453=ORIENTED_EDGE('',*,*,#964,.T.);
#1454=ORIENTED_EDGE('',*,*,#1024,.F.);
#1455=ORIENTED_EDGE('',*,*,#918,.T.);
#1456=ORIENTED_EDGE('',*,*,#1025,.T.);
#1457=ORIENTED_EDGE('',*,*,#972,.T.);
#1458=ORIENTED_EDGE('',*,*,#970,.T.);
#1459=ORIENTED_EDGE('',*,*,#1025,.F.);
#1460=ORIENTED_EDGE('',*,*,#1003,.F.);
#1461=ORIENTED_EDGE('',*,*,#1026,.T.);
#1462=ORIENTED_EDGE('',*,*,#1027,.T.);
#1463=ORIENTED_EDGE('',*,*,#944,.T.);
#1464=ORIENTED_EDGE('',*,*,#1028,.T.);
#1465=ORIENTED_EDGE('',*,*,#945,.T.);
#1466=ORIENTED_EDGE('',*,*,#1027,.F.);
#1467=ORIENTED_EDGE('',*,*,#1029,.T.);
#1468=ORIENTED_EDGE('',*,*,#1028,.F.);
#1469=ORIENTED_EDGE('',*,*,#1030,.T.);
#1470=ORIENTED_EDGE('',*,*,#1013,.T.);
#1471=ORIENTED_EDGE('',*,*,#946,.T.);
#1472=ORIENTED_EDGE('',*,*,#817,.F.);
#1473=ORIENTED_EDGE('',*,*,#1011,.F.);
#1474=ORIENTED_EDGE('',*,*,#1014,.F.);
#1475=ORIENTED_EDGE('',*,*,#1031,.T.);
#1476=ORIENTED_EDGE('',*,*,#822,.F.);
#1477=ORIENTED_EDGE('',*,*,#1031,.F.);
#1478=ORIENTED_EDGE('',*,*,#1030,.F.);
#1479=ORIENTED_EDGE('',*,*,#1032,.F.);
#1480=ORIENTED_EDGE('',*,*,#825,.F.);
#1481=ORIENTED_EDGE('',*,*,#1032,.T.);
#1482=ORIENTED_EDGE('',*,*,#1029,.F.);
#1483=ORIENTED_EDGE('',*,*,#1033,.T.);
#1484=ORIENTED_EDGE('',*,*,#828,.F.);
#1485=ORIENTED_EDGE('',*,*,#1033,.F.);
#1486=ORIENTED_EDGE('',*,*,#1026,.F.);
#1487=ORIENTED_EDGE('',*,*,#1004,.T.);
#1488=ORIENTED_EDGE('',*,*,#1015,.F.);
#1489=ORIENTED_EDGE('',*,*,#889,.T.);
#1490=ORIENTED_EDGE('',*,*,#1034,.T.);
#1491=ORIENTED_EDGE('',*,*,#950,.T.);
#1492=ORIENTED_EDGE('',*,*,#1035,.T.);
#1493=ORIENTED_EDGE('',*,*,#951,.T.);
#1494=ORIENTED_EDGE('',*,*,#1034,.F.);
#1495=ORIENTED_EDGE('',*,*,#891,.T.);
#1496=ORIENTED_EDGE('',*,*,#1035,.F.);
#1497=ORIENTED_EDGE('',*,*,#893,.T.);
#1498=ORIENTED_EDGE('',*,*,#1020,.T.);
#1499=ORIENTED_EDGE('',*,*,#952,.T.);
#1500=ORIENTED_EDGE('',*,*,#1021,.F.);
#1501=ORIENTED_EDGE('',*,*,#905,.T.);
#1502=ORIENTED_EDGE('',*,*,#1036,.T.);
#1503=ORIENTED_EDGE('',*,*,#932,.T.);
#1504=ORIENTED_EDGE('',*,*,#1037,.T.);
#1505=ORIENTED_EDGE('',*,*,#933,.T.);
#1506=ORIENTED_EDGE('',*,*,#1036,.F.);
#1507=ORIENTED_EDGE('',*,*,#907,.T.);
#1508=ORIENTED_EDGE('',*,*,#1037,.F.);
#1509=ORIENTED_EDGE('',*,*,#909,.T.);
#1510=ORIENTED_EDGE('',*,*,#985,.T.);
#1511=ORIENTED_EDGE('',*,*,#934,.T.);
#1512=ORIENTED_EDGE('',*,*,#987,.F.);
#1513=ORIENTED_EDGE('',*,*,#1038,.T.);
#1514=ORIENTED_EDGE('',*,*,#1039,.T.);
#1515=ORIENTED_EDGE('',*,*,#938,.T.);
#1516=ORIENTED_EDGE('',*,*,#1040,.T.);
#1517=ORIENTED_EDGE('',*,*,#939,.T.);
#1518=ORIENTED_EDGE('',*,*,#1039,.F.);
#1519=ORIENTED_EDGE('',*,*,#1041,.T.);
#1520=ORIENTED_EDGE('',*,*,#1040,.F.);
#1521=ORIENTED_EDGE('',*,*,#1042,.T.);
#1522=ORIENTED_EDGE('',*,*,#1000,.T.);
#1523=ORIENTED_EDGE('',*,*,#940,.T.);
#1524=ORIENTED_EDGE('',*,*,#796,.F.);
#1525=ORIENTED_EDGE('',*,*,#995,.F.);
#1526=ORIENTED_EDGE('',*,*,#1001,.F.);
#1527=ORIENTED_EDGE('',*,*,#1043,.T.);
#1528=ORIENTED_EDGE('',*,*,#801,.F.);
#1529=ORIENTED_EDGE('',*,*,#1043,.F.);
#1530=ORIENTED_EDGE('',*,*,#1042,.F.);
#1531=ORIENTED_EDGE('',*,*,#1044,.F.);
#1532=ORIENTED_EDGE('',*,*,#804,.F.);
#1533=ORIENTED_EDGE('',*,*,#1044,.T.);
#1534=ORIENTED_EDGE('',*,*,#1041,.F.);
#1535=ORIENTED_EDGE('',*,*,#1045,.T.);
#1536=ORIENTED_EDGE('',*,*,#807,.F.);
#1537=ORIENTED_EDGE('',*,*,#1045,.F.);
#1538=ORIENTED_EDGE('',*,*,#1038,.F.);
#1539=ORIENTED_EDGE('',*,*,#988,.T.);
#1540=ORIENTED_EDGE('',*,*,#812,.F.);
#1541=ORIENTED_EDGE('',*,*,#999,.F.);
#1542=ORIENTED_EDGE('',*,*,#990,.F.);
#1543=ORIENTED_EDGE('',*,*,#994,.F.);
#1544=ORIENTED_EDGE('',*,*,#926,.T.);
#1545=ORIENTED_EDGE('',*,*,#927,.T.);
#1546=ORIENTED_EDGE('',*,*,#1046,.T.);
#1547=ORIENTED_EDGE('',*,*,#1047,.T.);
#1548=ORIENTED_EDGE('',*,*,#1046,.F.);
#1549=ORIENTED_EDGE('',*,*,#1047,.F.);
#1550=ORIENTED_EDGE('',*,*,#833,.F.);
#1551=ORIENTED_EDGE('',*,*,#885,.F.);
#1552=ORIENTED_EDGE('',*,*,#1006,.F.);
#1553=ORIENTED_EDGE('',*,*,#1010,.F.);
#1554=TOROIDAL_SURFACE('',#1700,12.7,2.5);
#1555=TOROIDAL_SURFACE('',#1707,17.5,2.5);
#1556=TOROIDAL_SURFACE('',#1713,12.7,2.5);
#1557=TOROIDAL_SURFACE('',#1717,5.00000162497162,2.5);
#1558=TOROIDAL_SURFACE('',#1724,12.7,2.5);
#1559=TOROIDAL_SURFACE('',#1731,17.5,2.5);
#1560=TOROIDAL_SURFACE('',#1737,12.7,2.5);
#1561=TOROIDAL_SURFACE('',#1741,5.00000162497162,2.5);
#1562=TOROIDAL_SURFACE('',#1748,12.7,2.5);
#1563=TOROIDAL_SURFACE('',#1755,17.5,2.5);
#1564=TOROIDAL_SURFACE('',#1761,12.7,2.5);
#1565=TOROIDAL_SURFACE('',#1769,5.00000162497162,2.5);
#1566=TOROIDAL_SURFACE('',#1776,12.7,2.5);
#1567=TOROIDAL_SURFACE('',#1783,17.5,2.5);
#1568=TOROIDAL_SURFACE('',#1789,12.7,2.5);
#1569=TOROIDAL_SURFACE('',#1795,5.00000162497162,2.5);
#1570=TOROIDAL_SURFACE('',#1890,5.,2.5);
#1571=TOROIDAL_SURFACE('',#1892,5.,2.5);
#1572=TOROIDAL_SURFACE('',#1894,5.,2.5);
#1573=TOROIDAL_SURFACE('',#1896,5.,2.5);
#1574=ADVANCED_FACE('',(#287),#1554,.T.);
#1575=ADVANCED_FACE('',(#288),#250,.T.);
#1576=ADVANCED_FACE('',(#289),#1555,.T.);
#1577=ADVANCED_FACE('',(#290),#251,.T.);
#1578=ADVANCED_FACE('',(#291),#1556,.T.);
#1579=ADVANCED_FACE('',(#292),#1557,.T.);
#1580=ADVANCED_FACE('',(#293),#124,.T.);
#1581=ADVANCED_FACE('',(#294),#1558,.T.);
#1582=ADVANCED_FACE('',(#295),#252,.T.);
#1583=ADVANCED_FACE('',(#296),#1559,.T.);
#1584=ADVANCED_FACE('',(#297),#253,.T.);
#1585=ADVANCED_FACE('',(#298),#1560,.T.);
#1586=ADVANCED_FACE('',(#299),#1561,.T.);
#1587=ADVANCED_FACE('',(#300),#125,.T.);
#1588=ADVANCED_FACE('',(#301),#1562,.T.);
#1589=ADVANCED_FACE('',(#302),#254,.T.);
#1590=ADVANCED_FACE('',(#303),#1563,.T.);
#1591=ADVANCED_FACE('',(#304),#255,.T.);
#1592=ADVANCED_FACE('',(#305),#1564,.T.);
#1593=ADVANCED_FACE('',(#306),#126,.T.);
#1594=ADVANCED_FACE('',(#307),#127,.T.);
#1595=ADVANCED_FACE('',(#308),#1565,.T.);
#1596=ADVANCED_FACE('',(#309),#128,.T.);
#1597=ADVANCED_FACE('',(#310),#1566,.T.);
#1598=ADVANCED_FACE('',(#311),#256,.T.);
#1599=ADVANCED_FACE('',(#312),#1567,.T.);
#1600=ADVANCED_FACE('',(#313),#257,.T.);
#1601=ADVANCED_FACE('',(#314),#1568,.T.);
#1602=ADVANCED_FACE('',(#315),#129,.T.);
#1603=ADVANCED_FACE('',(#316),#1569,.T.);
#1604=ADVANCED_FACE('',(#317),#130,.T.);
#1605=ADVANCED_FACE('',(#318),#131,.T.);
#1606=ADVANCED_FACE('',(#319),#258,.T.);
#1607=ADVANCED_FACE('',(#320),#259,.T.);
#1608=ADVANCED_FACE('',(#321),#51,.T.);
#1609=ADVANCED_FACE('',(#322),#260,.F.);
#1610=ADVANCED_FACE('',(#323),#52,.T.);
#1611=ADVANCED_FACE('',(#324),#261,.T.);
#1612=ADVANCED_FACE('',(#325),#262,.T.);
#1613=ADVANCED_FACE('',(#326),#263,.F.);
#1614=ADVANCED_FACE('',(#327),#264,.T.);
#1615=ADVANCED_FACE('',(#328),#265,.T.);
#1616=ADVANCED_FACE('',(#329),#53,.T.);
#1617=ADVANCED_FACE('',(#330),#266,.F.);
#1618=ADVANCED_FACE('',(#331),#54,.T.);
#1619=ADVANCED_FACE('',(#332),#267,.T.);
#1620=ADVANCED_FACE('',(#333),#268,.T.);
#1621=ADVANCED_FACE('',(#334),#269,.F.);
#1622=ADVANCED_FACE('',(#335,#44,#45,#46,#47),#55,.T.);
#1623=ADVANCED_FACE('',(#336),#16,.F.);
#1624=ADVANCED_FACE('',(#337,#48,#49,#50),#15,.T.);
#1625=ADVANCED_FACE('',(#338),#270,.F.);
#1626=ADVANCED_FACE('',(#339),#17,.F.);
#1627=ADVANCED_FACE('',(#340),#271,.F.);
#1628=ADVANCED_FACE('',(#341),#18,.F.);
#1629=ADVANCED_FACE('',(#342),#272,.F.);
#1630=ADVANCED_FACE('',(#343),#19,.F.);
#1631=ADVANCED_FACE('',(#344),#273,.F.);
#1632=ADVANCED_FACE('',(#345),#20,.F.);
#1633=ADVANCED_FACE('',(#346),#132,.T.);
#1634=ADVANCED_FACE('',(#347),#133,.T.);
#1635=ADVANCED_FACE('',(#348),#274,.T.);
#1636=ADVANCED_FACE('',(#349),#21,.F.);
#1637=ADVANCED_FACE('',(#350),#22,.F.);
#1638=ADVANCED_FACE('',(#351),#275,.T.);
#1639=ADVANCED_FACE('',(#352),#23,.F.);
#1640=ADVANCED_FACE('',(#353),#134,.T.);
#1641=ADVANCED_FACE('',(#354),#276,.T.);
#1642=ADVANCED_FACE('',(#355),#135,.T.);
#1643=ADVANCED_FACE('',(#356),#277,.T.);
#1644=ADVANCED_FACE('',(#357),#24,.F.);
#1645=ADVANCED_FACE('',(#358),#25,.F.);
#1646=ADVANCED_FACE('',(#359),#278,.T.);
#1647=ADVANCED_FACE('',(#360),#26,.F.);
#1648=ADVANCED_FACE('',(#361),#136,.T.);
#1649=ADVANCED_FACE('',(#362),#279,.T.);
#1650=ADVANCED_FACE('',(#363),#137,.T.);
#1651=ADVANCED_FACE('',(#364),#27,.F.);
#1652=ADVANCED_FACE('',(#365),#28,.F.);
#1653=ADVANCED_FACE('',(#366),#29,.F.);
#1654=ADVANCED_FACE('',(#367),#138,.T.);
#1655=ADVANCED_FACE('',(#368),#139,.T.);
#1656=ADVANCED_FACE('',(#369),#30,.F.);
#1657=ADVANCED_FACE('',(#370),#31,.F.);
#1658=ADVANCED_FACE('',(#371),#1570,.T.);
#1659=ADVANCED_FACE('',(#372),#1571,.T.);
#1660=ADVANCED_FACE('',(#373),#1572,.T.);
#1661=ADVANCED_FACE('',(#374),#1573,.T.);
#1662=ADVANCED_FACE('',(#375),#32,.F.);
#1663=ADVANCED_FACE('',(#376),#33,.F.);
#1664=ADVANCED_FACE('',(#377),#34,.F.);
#1665=ADVANCED_FACE('',(#378),#280,.T.);
#1666=ADVANCED_FACE('',(#379),#56,.T.);
#1667=ADVANCED_FACE('',(#380),#281,.F.);
#1668=ADVANCED_FACE('',(#381),#57,.T.);
#1669=ADVANCED_FACE('',(#382),#35,.F.);
#1670=ADVANCED_FACE('',(#383),#36,.F.);
#1671=ADVANCED_FACE('',(#384),#37,.F.);
#1672=ADVANCED_FACE('',(#385),#38,.F.);
#1673=ADVANCED_FACE('',(#386),#39,.F.);
#1674=ADVANCED_FACE('',(#387),#40,.F.);
#1675=ADVANCED_FACE('',(#388),#41,.F.);
#1676=ADVANCED_FACE('',(#389),#42,.F.);
#1677=ADVANCED_FACE('',(#390),#43,.F.);
#1678=ADVANCED_FACE('',(#391),#282,.T.);
#1679=ADVANCED_FACE('',(#392),#58,.T.);
#1680=ADVANCED_FACE('',(#393),#283,.F.);
#1681=ADVANCED_FACE('',(#394),#59,.T.);
#1682=ADVANCED_FACE('',(#395),#284,.F.);
#1683=ADVANCED_FACE('',(#396),#285,.F.);
#1684=ADVANCED_FACE('',(#397),#60,.F.);
#1685=ADVANCED_FACE('',(#398),#286,.F.);
#1686=CLOSED_SHELL('',(#1574,#1575,#1576,#1577,#1578,#1579,#1580,#1581,
#1582,#1583,#1584,#1585,#1586,#1587,#1588,#1589,#1590,#1591,#1592,#1593,
#1594,#1595,#1596,#1597,#1598,#1599,#1600,#1601,#1602,#1603,#1604,#1605,
#1606,#1607,#1608,#1609,#1610,#1611,#1612,#1613,#1614,#1615,#1616,#1617,
#1618,#1619,#1620,#1621,#1622,#1623,#1624,#1625,#1626,#1627,#1628,#1629,
#1630,#1631,#1632,#1633,#1634,#1635,#1636,#1637,#1638,#1639,#1640,#1641,
#1642,#1643,#1644,#1645,#1646,#1647,#1648,#1649,#1650,#1651,#1652,#1653,
#1654,#1655,#1656,#1657,#1658,#1659,#1660,#1661,#1662,#1663,#1664,#1665,
#1666,#1667,#1668,#1669,#1670,#1671,#1672,#1673,#1674,#1675,#1676,#1677,
#1678,#1679,#1680,#1681,#1682,#1683,#1684,#1685));
#1687=DERIVED_UNIT_ELEMENT(#1689,1.);
#1688=DERIVED_UNIT_ELEMENT(#4296,-3.);
#1689=(
MASS_UNIT()
NAMED_UNIT(*)
SI_UNIT(.KILO.,.GRAM.)
);
#1690=DERIVED_UNIT((#1687,#1688));
#1691=MEASURE_REPRESENTATION_ITEM('density measure',
POSITIVE_RATIO_MEASURE(7850.),#1690);
#1692=PROPERTY_DEFINITION_REPRESENTATION(#1697,#1694);
#1693=PROPERTY_DEFINITION_REPRESENTATION(#1698,#1695);
#1694=REPRESENTATION('material name',(#1696),#4293);
#1695=REPRESENTATION('density',(#1691),#4293);
#1696=DESCRIPTIVE_REPRESENTATION_ITEM('Stahl','Stahl');
#1697=PROPERTY_DEFINITION('material property','material name',#4303);
#1698=PROPERTY_DEFINITION('material property','density of part',#4303);
#1699=AXIS2_PLACEMENT_3D('',#2414,#1919,#1920);
#1700=AXIS2_PLACEMENT_3D('',#2415,#1921,#1922);
#1701=AXIS2_PLACEMENT_3D('',#2418,#1923,#1924);
#1702=AXIS2_PLACEMENT_3D('',#2420,#1925,#1926);
#1703=AXIS2_PLACEMENT_3D('',#2422,#1927,#1928);
#1704=AXIS2_PLACEMENT_3D('',#2423,#1929,#1930);
#1705=AXIS2_PLACEMENT_3D('',#2424,#1931,#1932);
#1706=AXIS2_PLACEMENT_3D('',#2427,#1933,#1934);
#1707=AXIS2_PLACEMENT_3D('',#2430,#1937,#1938);
#1708=AXIS2_PLACEMENT_3D('',#2433,#1939,#1940);
#1709=AXIS2_PLACEMENT_3D('',#2434,#1941,#1942);
#1710=AXIS2_PLACEMENT_3D('',#2435,#1943,#1944);
#1711=AXIS2_PLACEMENT_3D('',#2436,#1945,#1946);
#1712=AXIS2_PLACEMENT_3D('',#2439,#1947,#1948);
#1713=AXIS2_PLACEMENT_3D('',#2442,#1951,#1952);
#1714=AXIS2_PLACEMENT_3D('',#2445,#1953,#1954);
#1715=AXIS2_PLACEMENT_3D('',#2446,#1955,#1956);
#1716=AXIS2_PLACEMENT_3D('',#2447,#1957,#1958);
#1717=AXIS2_PLACEMENT_3D('',#2448,#1959,#1960);
#1718=AXIS2_PLACEMENT_3D('',#2451,#1961,#1962);
#1719=AXIS2_PLACEMENT_3D('',#2453,#1963,#1964);
#1720=AXIS2_PLACEMENT_3D('',#2454,#1965,#1966);
#1721=AXIS2_PLACEMENT_3D('',#2455,#1967,#1968);
#1722=AXIS2_PLACEMENT_3D('',#2456,#1969,#1970);
#1723=AXIS2_PLACEMENT_3D('',#2457,#1971,#1972);
#1724=AXIS2_PLACEMENT_3D('',#2458,#1973,#1974);
#1725=AXIS2_PLACEMENT_3D('',#2461,#1975,#1976);
#1726=AXIS2_PLACEMENT_3D('',#2463,#1977,#1978);
#1727=AXIS2_PLACEMENT_3D('',#2465,#1979,#1980);
#1728=AXIS2_PLACEMENT_3D('',#2466,#1981,#1982);
#1729=AXIS2_PLACEMENT_3D('',#2467,#1983,#1984);
#1730=AXIS2_PLACEMENT_3D('',#2470,#1985,#1986);
#1731=AXIS2_PLACEMENT_3D('',#2473,#1989,#1990);
#1732=AXIS2_PLACEMENT_3D('',#2476,#1991,#1992);
#1733=AXIS2_PLACEMENT_3D('',#2477,#1993,#1994);
#1734=AXIS2_PLACEMENT_3D('',#2478,#1995,#1996);
#1735=AXIS2_PLACEMENT_3D('',#2479,#1997,#1998);
#1736=AXIS2_PLACEMENT_3D('',#2482,#1999,#2000);
#1737=AXIS2_PLACEMENT_3D('',#2485,#2003,#2004);
#1738=AXIS2_PLACEMENT_3D('',#2487,#2005,#2006);
#1739=AXIS2_PLACEMENT_3D('',#2488,#2007,#2008);
#1740=AXIS2_PLACEMENT_3D('',#2489,#2009,#2010);
#1741=AXIS2_PLACEMENT_3D('',#2490,#2011,#2012);
#1742=AXIS2_PLACEMENT_3D('',#2493,#2013,#2014);
#1743=AXIS2_PLACEMENT_3D('',#2495,#2015,#2016);
#1744=AXIS2_PLACEMENT_3D('',#2496,#2017,#2018);
#1745=AXIS2_PLACEMENT_3D('',#2497,#2019,#2020);
#1746=AXIS2_PLACEMENT_3D('',#2498,#2021,#2022);
#1747=AXIS2_PLACEMENT_3D('',#2499,#2023,#2024);
#1748=AXIS2_PLACEMENT_3D('',#2500,#2025,#2026);
#1749=AXIS2_PLACEMENT_3D('',#2503,#2027,#2028);
#1750=AXIS2_PLACEMENT_3D('',#2505,#2029,#2030);
#1751=AXIS2_PLACEMENT_3D('',#2507,#2031,#2032);
#1752=AXIS2_PLACEMENT_3D('',#2508,#2033,#2034);
#1753=AXIS2_PLACEMENT_3D('',#2509,#2035,#2036);
#1754=AXIS2_PLACEMENT_3D('',#2512,#2037,#2038);
#1755=AXIS2_PLACEMENT_3D('',#2515,#2041,#2042);
#1756=AXIS2_PLACEMENT_3D('',#2518,#2043,#2044);
#1757=AXIS2_PLACEMENT_3D('',#2519,#2045,#2046);
#1758=AXIS2_PLACEMENT_3D('',#2520,#2047,#2048);
#1759=AXIS2_PLACEMENT_3D('',#2521,#2049,#2050);
#1760=AXIS2_PLACEMENT_3D('',#2524,#2051,#2052);
#1761=AXIS2_PLACEMENT_3D('',#2527,#2055,#2056);
#1762=AXIS2_PLACEMENT_3D('',#2529,#2057,#2058);
#1763=AXIS2_PLACEMENT_3D('',#2530,#2059,#2060);
#1764=AXIS2_PLACEMENT_3D('',#2531,#2061,#2062);
#1765=AXIS2_PLACEMENT_3D('',#2532,#2063,#2064);
#1766=AXIS2_PLACEMENT_3D('',#2533,#2065,#2066);
#1767=AXIS2_PLACEMENT_3D('',#2534,#2067,#2068);
#1768=AXIS2_PLACEMENT_3D('',#2535,#2069,#2070);
#1769=AXIS2_PLACEMENT_3D('',#2536,#2071,#2072);
#1770=AXIS2_PLACEMENT_3D('',#2539,#2073,#2074);
#1771=AXIS2_PLACEMENT_3D('',#2541,#2075,#2076);
#1772=AXIS2_PLACEMENT_3D('',#2542,#2077,#2078);
#1773=AXIS2_PLACEMENT_3D('',#2543,#2079,#2080);
#1774=AXIS2_PLACEMENT_3D('',#2544,#2081,#2082);
#1775=AXIS2_PLACEMENT_3D('',#2545,#2083,#2084);
#1776=AXIS2_PLACEMENT_3D('',#2546,#2085,#2086);
#1777=AXIS2_PLACEMENT_3D('',#2549,#2087,#2088);
#1778=AXIS2_PLACEMENT_3D('',#2551,#2089,#2090);
#1779=AXIS2_PLACEMENT_3D('',#2553,#2091,#2092);
#1780=AXIS2_PLACEMENT_3D('',#2554,#2093,#2094);
#1781=AXIS2_PLACEMENT_3D('',#2555,#2095,#2096);
#1782=AXIS2_PLACEMENT_3D('',#2558,#2097,#2098);
#1783=AXIS2_PLACEMENT_3D('',#2561,#2101,#2102);
#1784=AXIS2_PLACEMENT_3D('',#2564,#2103,#2104);
#1785=AXIS2_PLACEMENT_3D('',#2565,#2105,#2106);
#1786=AXIS2_PLACEMENT_3D('',#2566,#2107,#2108);
#1787=AXIS2_PLACEMENT_3D('',#2567,#2109,#2110);
#1788=AXIS2_PLACEMENT_3D('',#2570,#2111,#2112);
#1789=AXIS2_PLACEMENT_3D('',#2573,#2115,#2116);
#1790=AXIS2_PLACEMENT_3D('',#2575,#2117,#2118);
#1791=AXIS2_PLACEMENT_3D('',#2576,#2119,#2120);
#1792=AXIS2_PLACEMENT_3D('',#2577,#2121,#2122);
#1793=AXIS2_PLACEMENT_3D('',#2578,#2123,#2124);
#1794=AXIS2_PLACEMENT_3D('',#2579,#2125,#2126);
#1795=AXIS2_PLACEMENT_3D('',#2580,#2127,#2128);
#1796=AXIS2_PLACEMENT_3D('',#2582,#2129,#2130);
#1797=AXIS2_PLACEMENT_3D('',#2584,#2131,#2132);
#1798=AXIS2_PLACEMENT_3D('',#2585,#2133,#2134);
#1799=AXIS2_PLACEMENT_3D('',#2586,#2135,#2136);
#1800=AXIS2_PLACEMENT_3D('',#2587,#2137,#2138);
#1801=AXIS2_PLACEMENT_3D('',#2588,#2139,#2140);
#1802=AXIS2_PLACEMENT_3D('',#2589,#2141,#2142);
#1803=AXIS2_PLACEMENT_3D('',#2590,#2143,#2144);
#1804=AXIS2_PLACEMENT_3D('',#2591,#2145,#2146);
#1805=AXIS2_PLACEMENT_3D('',#2595,#2148,#2149);
#1806=AXIS2_PLACEMENT_3D('',#2597,#2151,#2152);
#1807=AXIS2_PLACEMENT_3D('',#2606,#2154,#2155);
#1808=AXIS2_PLACEMENT_3D('',#2613,#2157,#2158);
#1809=AXIS2_PLACEMENT_3D('',#2623,#2160,#2161);
#1810=AXIS2_PLACEMENT_3D('',#2630,#2163,#2164);
#1811=AXIS2_PLACEMENT_3D('',#2643,#2166,#2167);
#1812=AXIS2_PLACEMENT_3D('',#2646,#2169,#2170);
#1813=AXIS2_PLACEMENT_3D('',#2647,#2171,#2172);
#1814=AXIS2_PLACEMENT_3D('',#2657,#2174,#2175);
#1815=AXIS2_PLACEMENT_3D('',#2660,#2177,#2178);
#1816=AXIS2_PLACEMENT_3D('',#2661,#2179,#2180);
#1817=AXIS2_PLACEMENT_3D('',#2670,#2182,#2183);
#1818=AXIS2_PLACEMENT_3D('',#2677,#2185,#2186);
#1819=AXIS2_PLACEMENT_3D('',#2687,#2188,#2189);
#1820=AXIS2_PLACEMENT_3D('',#2694,#2191,#2192);
#1821=AXIS2_PLACEMENT_3D('',#2707,#2194,#2195);
#1822=AXIS2_PLACEMENT_3D('',#2710,#2197,#2198);
#1823=AXIS2_PLACEMENT_3D('',#2711,#2199,#2200);
#1824=AXIS2_PLACEMENT_3D('',#2721,#2202,#2203);
#1825=AXIS2_PLACEMENT_3D('',#2723,#2204,#2205);
#1826=AXIS2_PLACEMENT_3D('',#2725,#2206,#2207);
#1827=AXIS2_PLACEMENT_3D('',#2727,#2208,#2209);
#1828=AXIS2_PLACEMENT_3D('',#2729,#2210,#2211);
#1829=AXIS2_PLACEMENT_3D('',#2816,#2212,#2213);
#1830=AXIS2_PLACEMENT_3D('',#2860,#2214,#2215);
#1831=AXIS2_PLACEMENT_3D('',#2863,#2216,#2217);
#1832=AXIS2_PLACEMENT_3D('',#2864,#2218,#2219);
#1833=AXIS2_PLACEMENT_3D('',#3079,#2222,#2223);
#1834=AXIS2_PLACEMENT_3D('',#3082,#2224,#2225);
#1835=AXIS2_PLACEMENT_3D('',#3084,#2227,#2228);
#1836=AXIS2_PLACEMENT_3D('',#3170,#2229,#2230);
#1837=AXIS2_PLACEMENT_3D('',#3190,#2231,#2232);
#1838=AXIS2_PLACEMENT_3D('',#3193,#2233,#2234);
#1839=AXIS2_PLACEMENT_3D('',#3195,#2236,#2237);
#1840=AXIS2_PLACEMENT_3D('',#3287,#2238,#2239);
#1841=AXIS2_PLACEMENT_3D('',#3308,#2240,#2241);
#1842=AXIS2_PLACEMENT_3D('',#3311,#2242,#2243);
#1843=AXIS2_PLACEMENT_3D('',#3313,#2245,#2246);
#1844=AXIS2_PLACEMENT_3D('',#3405,#2247,#2248);
#1845=AXIS2_PLACEMENT_3D('',#3426,#2249,#2250);
#1846=AXIS2_PLACEMENT_3D('',#3429,#2251,#2252);
#1847=AXIS2_PLACEMENT_3D('',#3431,#2254,#2255);
#1848=AXIS2_PLACEMENT_3D('',#3467,#2256,#2257);
#1849=AXIS2_PLACEMENT_3D('',#3468,#2258,#2259);
#1850=AXIS2_PLACEMENT_3D('',#3469,#2260,#2261);
#1851=AXIS2_PLACEMENT_3D('',#3470,#2262,#2263);
#1852=AXIS2_PLACEMENT_3D('',#3471,#2264,#2265);
#1853=AXIS2_PLACEMENT_3D('',#3473,#2266,#2267);
#1854=AXIS2_PLACEMENT_3D('',#3474,#2268,#2269);
#1855=AXIS2_PLACEMENT_3D('',#3475,#2270,#2271);
#1856=AXIS2_PLACEMENT_3D('',#3507,#2273,#2274);
#1857=AXIS2_PLACEMENT_3D('',#3545,#2275,#2276);
#1858=AXIS2_PLACEMENT_3D('',#3546,#2277,#2278);
#1859=AXIS2_PLACEMENT_3D('',#3584,#2280,#2281);
#1860=AXIS2_PLACEMENT_3D('',#3593,#2282,#2283);
#1861=AXIS2_PLACEMENT_3D('',#3594,#2284,#2285);
#1862=AXIS2_PLACEMENT_3D('',#3596,#2286,#2287);
#1863=AXIS2_PLACEMENT_3D('',#3597,#2288,#2289);
#1864=AXIS2_PLACEMENT_3D('',#3598,#2290,#2291);
#1865=AXIS2_PLACEMENT_3D('',#3601,#2294,#2295);
#1866=AXIS2_PLACEMENT_3D('',#3603,#2296,#2297);
#1867=AXIS2_PLACEMENT_3D('',#3604,#2298,#2299);
#1868=AXIS2_PLACEMENT_3D('',#3605,#2300,#2301);
#1869=AXIS2_PLACEMENT_3D('',#3639,#2304,#2305);
#1870=AXIS2_PLACEMENT_3D('',#3687,#2306,#2307);
#1871=AXIS2_PLACEMENT_3D('',#3688,#2308,#2309);
#1872=AXIS2_PLACEMENT_3D('',#3726,#2311,#2312);
#1873=AXIS2_PLACEMENT_3D('',#3734,#2313,#2314);
#1874=AXIS2_PLACEMENT_3D('',#3735,#2315,#2316);
#1875=AXIS2_PLACEMENT_3D('',#3737,#2317,#2318);
#1876=AXIS2_PLACEMENT_3D('',#3738,#2319,#2320);
#1877=AXIS2_PLACEMENT_3D('',#3739,#2321,#2322);
#1878=AXIS2_PLACEMENT_3D('',#3742,#2325,#2326);
#1879=AXIS2_PLACEMENT_3D('',#3743,#2327,#2328);
#1880=AXIS2_PLACEMENT_3D('',#3775,#2329,#2330);
#1881=AXIS2_PLACEMENT_3D('',#3816,#2331,#2332);
#1882=AXIS2_PLACEMENT_3D('',#3852,#2333,#2334);
#1883=AXIS2_PLACEMENT_3D('',#3853,#2335,#2336);
#1884=AXIS2_PLACEMENT_3D('',#3854,#2337,#2338);
#1885=AXIS2_PLACEMENT_3D('',#3855,#2339,#2340);
#1886=AXIS2_PLACEMENT_3D('',#3856,#2341,#2342);
#1887=AXIS2_PLACEMENT_3D('',#3857,#2343,#2344);
#1888=AXIS2_PLACEMENT_3D('',#3888,#2345,#2346);
#1889=AXIS2_PLACEMENT_3D('',#3919,#2347,#2348);
#1890=AXIS2_PLACEMENT_3D('',#3920,#2349,#2350);
#1891=AXIS2_PLACEMENT_3D('',#3921,#2351,#2352);
#1892=AXIS2_PLACEMENT_3D('',#3922,#2353,#2354);
#1893=AXIS2_PLACEMENT_3D('',#3923,#2355,#2356);
#1894=AXIS2_PLACEMENT_3D('',#3924,#2357,#2358);
#1895=AXIS2_PLACEMENT_3D('',#3925,#2359,#2360);
#1896=AXIS2_PLACEMENT_3D('',#3926,#2361,#2362);
#1897=AXIS2_PLACEMENT_3D('',#3927,#2363,#2364);
#1898=AXIS2_PLACEMENT_3D('',#3953,#2365,#2366);
#1899=AXIS2_PLACEMENT_3D('',#3990,#2367,#2368);
#1900=AXIS2_PLACEMENT_3D('',#4022,#2369,#2370);
#1901=AXIS2_PLACEMENT_3D('',#4024,#2372,#2373);
#1902=AXIS2_PLACEMENT_3D('',#4026,#2375,#2376);
#1903=AXIS2_PLACEMENT_3D('',#4028,#2378,#2379);
#1904=AXIS2_PLACEMENT_3D('',#4049,#2380,#2381);
#1905=AXIS2_PLACEMENT_3D('',#4085,#2382,#2383);
#1906=AXIS2_PLACEMENT_3D('',#4126,#2384,#2385);
#1907=AXIS2_PLACEMENT_3D('',#4162,#2386,#2387);
#1908=AXIS2_PLACEMENT_3D('',#4208,#2388,#2389);
#1909=AXIS2_PLACEMENT_3D('',#4245,#2390,#2391);
#1910=AXIS2_PLACEMENT_3D('',#4277,#2392,#2393);
#1911=AXIS2_PLACEMENT_3D('',#4279,#2395,#2396);
#1912=AXIS2_PLACEMENT_3D('',#4281,#2398,#2399);
#1913=AXIS2_PLACEMENT_3D('',#4283,#2401,#2402);
#1914=AXIS2_PLACEMENT_3D('',#4284,#2403,#2404);
#1915=AXIS2_PLACEMENT_3D('',#4285,#2405,#2406);
#1916=AXIS2_PLACEMENT_3D('',#4288,#2408,#2409);
#1917=AXIS2_PLACEMENT_3D('',#4289,#2410,#2411);
#1918=AXIS2_PLACEMENT_3D('',#4290,#2412,#2413);
#1919=DIRECTION('axis',(0.,0.,1.));
#1920=DIRECTION('refdir',(1.,0.,0.));
#1921=DIRECTION('center_axis',(0.,0.,1.));
#1922=DIRECTION('ref_axis',(1.,0.,0.));
#1923=DIRECTION('center_axis',(0.922499784709275,0.385997600007229,0.));
#1924=DIRECTION('ref_axis',(0.,0.,1.));
#1925=DIRECTION('center_axis',(0.,0.,1.));
#1926=DIRECTION('ref_axis',(0.832465519225841,-0.554076853243348,0.));
#1927=DIRECTION('center_axis',(8.82305606353383E-8,-0.999999999999996,0.));
#1928=DIRECTION('ref_axis',(0.999999999999996,8.82305606353383E-8,0.));
#1929=DIRECTION('center_axis',(0.,0.,-1.));
#1930=DIRECTION('ref_axis',(0.832465519225841,-0.554076853243348,0.));
#1931=DIRECTION('center_axis',(5.66244150233312E-9,1.,0.));
#1932=DIRECTION('ref_axis',(0.707106781186547,-4.00394930221801E-9,0.707106781186547));
#1933=DIRECTION('center_axis',(-5.66244118260784E-9,-1.,0.));
#1934=DIRECTION('ref_axis',(1.,-5.66244118260784E-9,0.));
#1935=DIRECTION('',(-5.66244150233312E-9,-1.,0.));
#1936=DIRECTION('',(5.66244150233312E-9,1.,0.));
#1937=DIRECTION('center_axis',(0.,0.,1.));
#1938=DIRECTION('ref_axis',(1.,0.,0.));
#1939=DIRECTION('center_axis',(-1.,0.,0.));
#1940=DIRECTION('ref_axis',(0.,-1.,0.));
#1941=DIRECTION('center_axis',(0.,0.,1.));
#1942=DIRECTION('ref_axis',(-0.707106779184572,0.707106783188523,0.));
#1943=DIRECTION('center_axis',(0.,0.,-1.));
#1944=DIRECTION('ref_axis',(-0.707106779184572,0.707106783188523,0.));
#1945=DIRECTION('center_axis',(1.,-2.22044601616309E-16,0.));
#1946=DIRECTION('ref_axis',(0.,-0.707106781186547,0.707106781186547));
#1947=DIRECTION('center_axis',(-1.,0.,0.));
#1948=DIRECTION('ref_axis',(0.,-1.,0.));
#1949=DIRECTION('',(-1.,2.22044601616309E-16,0.));
#1950=DIRECTION('',(1.,-2.22044601616309E-16,0.));
#1951=DIRECTION('center_axis',(0.,0.,1.));
#1952=DIRECTION('ref_axis',(1.,0.,0.));
#1953=DIRECTION('center_axis',(-0.385997600007228,-0.922499784709276,0.));
#1954=DIRECTION('ref_axis',(0.922499784709276,-0.385997600007228,0.));
#1955=DIRECTION('center_axis',(0.,0.,-1.));
#1956=DIRECTION('ref_axis',(0.554076914450762,-0.83246547848708,0.));
#1957=DIRECTION('center_axis',(0.,0.,1.));
#1958=DIRECTION('ref_axis',(0.554076914450762,-0.83246547848708,0.));
#1959=DIRECTION('center_axis',(0.,0.,-1.));
#1960=DIRECTION('ref_axis',(-1.,0.,0.));
#1961=DIRECTION('center_axis',(0.196850157868926,0.980433585383008,0.));
#1962=DIRECTION('ref_axis',(0.,0.,1.));
#1963=DIRECTION('center_axis',(0.,0.,-1.));
#1964=DIRECTION('ref_axis',(6.12323399573675E-17,1.,0.));
#1965=DIRECTION('center_axis',(-0.196850157868926,0.980433585383008,0.));
#1966=DIRECTION('ref_axis',(-0.980433585383007,-0.196850157868926,0.));
#1967=DIRECTION('center_axis',(0.,0.,1.));
#1968=DIRECTION('ref_axis',(6.12323399573675E-17,1.,0.));
#1969=DIRECTION('center_axis',(-0.929743509338681,0.2745893413749,-0.245311435619893));
#1970=DIRECTION('ref_axis',(-0.368207831044637,-0.693352059223179,0.619423857409756));
#1971=DIRECTION('center_axis',(0.,0.,1.));
#1972=DIRECTION('ref_axis',(-0.469020660963675,-0.883187193968072,0.));
#1973=DIRECTION('center_axis',(0.,0.,1.));
#1974=DIRECTION('ref_axis',(1.,0.,0.));
#1975=DIRECTION('center_axis',(0.385997600007226,-0.922499784709276,0.));
#1976=DIRECTION('ref_axis',(0.,0.,1.));
#1977=DIRECTION('center_axis',(0.,0.,1.));
#1978=DIRECTION('ref_axis',(-0.554076853243348,-0.832465519225841,0.));
#1979=DIRECTION('center_axis',(-0.999999999999996,-8.82305606353385E-8,
0.));
#1980=DIRECTION('ref_axis',(8.82305606353385E-8,-0.999999999999996,0.));
#1981=DIRECTION('center_axis',(0.,0.,-1.));
#1982=DIRECTION('ref_axis',(-0.554076853243348,-0.832465519225841,0.));
#1983=DIRECTION('center_axis',(1.,-5.66244116926621E-9,0.));
#1984=DIRECTION('ref_axis',(-4.00394930221801E-9,-0.707106781186547,0.707106781186547));
#1985=DIRECTION('center_axis',(-1.,5.66244118260784E-9,0.));
#1986=DIRECTION('ref_axis',(-5.66244118260784E-9,-1.,0.));
#1987=DIRECTION('',(-1.,5.66244116926621E-9,0.));
#1988=DIRECTION('',(1.,-5.66244116926621E-9,0.));
#1989=DIRECTION('center_axis',(0.,0.,1.));
#1990=DIRECTION('ref_axis',(1.,0.,0.));
#1991=DIRECTION('center_axis',(0.,1.,0.));
#1992=DIRECTION('ref_axis',(-1.,0.,0.));
#1993=DIRECTION('center_axis',(0.,0.,1.));
#1994=DIRECTION('ref_axis',(0.707106783188523,0.707106779184572,0.));
#1995=DIRECTION('center_axis',(0.,0.,-1.));
#1996=DIRECTION('ref_axis',(0.707106783188523,0.707106779184572,0.));
#1997=DIRECTION('center_axis',(-1.11022300808154E-16,-1.,0.));
#1998=DIRECTION('ref_axis',(-0.707106781186547,0.,0.707106781186547));
#1999=DIRECTION('center_axis',(0.,1.,0.));
#2000=DIRECTION('ref_axis',(-1.,0.,0.));
#2001=DIRECTION('',(1.11022300808154E-16,1.,0.));
#2002=DIRECTION('',(-1.11022300808154E-16,-1.,0.));
#2003=DIRECTION('center_axis',(0.,0.,1.));
#2004=DIRECTION('ref_axis',(1.,0.,0.));
#2005=DIRECTION('center_axis',(-0.922499784709276,0.385997600007227,0.));
#2006=DIRECTION('ref_axis',(-0.385997600007227,-0.922499784709276,0.));
#2007=DIRECTION('center_axis',(0.,0.,-1.));
#2008=DIRECTION('ref_axis',(-0.83246547848708,-0.554076914450762,0.));
#2009=DIRECTION('center_axis',(0.,0.,1.));
#2010=DIRECTION('ref_axis',(-0.83246547848708,-0.554076914450762,0.));
#2011=DIRECTION('center_axis',(0.,0.,-1.));
#2012=DIRECTION('ref_axis',(1.,1.22464679914735E-16,0.));
#2013=DIRECTION('center_axis',(0.980433585383007,-0.19685015786893,0.));
#2014=DIRECTION('ref_axis',(0.,0.,1.));
#2015=DIRECTION('center_axis',(0.,0.,-1.));
#2016=DIRECTION('ref_axis',(1.,0.,0.));
#2017=DIRECTION('center_axis',(0.980433585383007,0.19685015786893,0.));
#2018=DIRECTION('ref_axis',(-0.19685015786893,0.980433585383007,0.));
#2019=DIRECTION('center_axis',(0.,0.,1.));
#2020=DIRECTION('ref_axis',(1.,0.,0.));
#2021=DIRECTION('center_axis',(-0.547067218502604,0.290522587018993,-0.785056739905859));
#2022=DIRECTION('ref_axis',(-0.693352059223179,0.368207831044635,0.619423857409757));
#2023=DIRECTION('center_axis',(0.,0.,1.));
#2024=DIRECTION('ref_axis',(-0.883187193968073,0.469020660963674,0.));
#2025=DIRECTION('center_axis',(0.,0.,1.));
#2026=DIRECTION('ref_axis',(-0.832465519225841,0.554076853243348,0.));
#2027=DIRECTION('center_axis',(-0.922499784709276,-0.385997600007227,0.));
#2028=DIRECTION('ref_axis',(0.,0.,1.));
#2029=DIRECTION('center_axis',(0.,0.,1.));
#2030=DIRECTION('ref_axis',(-0.832465519225841,0.554076853243348,0.));
#2031=DIRECTION('center_axis',(-8.82305619676042E-8,0.999999999999996,0.));
#2032=DIRECTION('ref_axis',(-0.999999999999996,-8.82305619676042E-8,0.));
#2033=DIRECTION('center_axis',(0.,0.,-1.));
#2034=DIRECTION('ref_axis',(-0.832465519225841,0.554076853243348,0.));
#2035=DIRECTION('center_axis',(-5.66244139131082E-9,-1.,0.));
#2036=DIRECTION('ref_axis',(-0.707106781186547,4.00394930221801E-9,0.707106781186547));
#2037=DIRECTION('center_axis',(5.66244118260784E-9,1.,0.));
#2038=DIRECTION('ref_axis',(-1.,5.66244118260784E-9,0.));
#2039=DIRECTION('',(5.66244139131082E-9,1.,0.));
#2040=DIRECTION('',(-5.66244139131082E-9,-1.,0.));
#2041=DIRECTION('center_axis',(0.,0.,1.));
#2042=DIRECTION('ref_axis',(1.,0.,0.));
#2043=DIRECTION('center_axis',(1.,0.,0.));
#2044=DIRECTION('ref_axis',(0.,1.,0.));
#2045=DIRECTION('center_axis',(0.,0.,1.));
#2046=DIRECTION('ref_axis',(0.707106779184572,-0.707106783188523,0.));
#2047=DIRECTION('center_axis',(0.,0.,-1.));
#2048=DIRECTION('ref_axis',(0.707106779184572,-0.707106783188523,0.));
#2049=DIRECTION('center_axis',(-1.,-2.22044601616309E-16,0.));
#2050=DIRECTION('ref_axis',(0.,0.707106781186547,0.707106781186547));
#2051=DIRECTION('center_axis',(1.,0.,0.));
#2052=DIRECTION('ref_axis',(0.,1.,0.));
#2053=DIRECTION('',(1.,2.22044601616309E-16,0.));
#2054=DIRECTION('',(-1.,-2.22044601616309E-16,0.));
#2055=DIRECTION('center_axis',(0.,0.,1.));
#2056=DIRECTION('ref_axis',(1.,0.,0.));
#2057=DIRECTION('center_axis',(0.385997600007227,0.922499784709276,0.));
#2058=DIRECTION('ref_axis',(-0.922499784709276,0.385997600007227,0.));
#2059=DIRECTION('center_axis',(0.,0.,-1.));
#2060=DIRECTION('ref_axis',(-0.554076914450762,0.83246547848708,0.));
#2061=DIRECTION('center_axis',(0.,0.,1.));
#2062=DIRECTION('ref_axis',(-0.554076914450762,0.83246547848708,0.));
#2063=DIRECTION('center_axis',(-0.5470672185026,-0.290522587018992,-0.785056739905862));
#2064=DIRECTION('ref_axis',(-0.69335205922318,-0.368207831044635,0.619423857409756));
#2065=DIRECTION('center_axis',(0.,0.,1.));
#2066=DIRECTION('ref_axis',(-0.883187193968073,-0.469020660963674,0.));
#2067=DIRECTION('center_axis',(-0.929743509338682,-0.2745893413749,0.24531143561989));
#2068=DIRECTION('ref_axis',(0.368207831044634,-0.69335205922318,0.619423857409756));
#2069=DIRECTION('center_axis',(0.,0.,1.));
#2070=DIRECTION('ref_axis',(0.469020660963675,-0.883187193968072,0.));
#2071=DIRECTION('center_axis',(0.,0.,-1.));
#2072=DIRECTION('ref_axis',(-1.,0.,0.));
#2073=DIRECTION('center_axis',(-0.196850157868926,-0.980433585383008,0.));
#2074=DIRECTION('ref_axis',(0.,0.,1.));
#2075=DIRECTION('center_axis',(0.,0.,-1.));
#2076=DIRECTION('ref_axis',(-1.83697019872103E-16,-1.,0.));
#2077=DIRECTION('center_axis',(0.196850157868926,-0.980433585383008,0.));
#2078=DIRECTION('ref_axis',(0.980433585383007,0.196850157868926,0.));
#2079=DIRECTION('center_axis',(0.,0.,1.));
#2080=DIRECTION('ref_axis',(-1.83697019872103E-16,-1.,0.));
#2081=DIRECTION('center_axis',(-0.929743509338681,0.2745893413749,0.245311435619893));
#2082=DIRECTION('ref_axis',(0.368207831044636,0.693352059223179,0.619423857409757));
#2083=DIRECTION('center_axis',(0.,0.,1.));
#2084=DIRECTION('ref_axis',(0.469020660963675,0.883187193968072,0.));
#2085=DIRECTION('center_axis',(0.,0.,1.));
#2086=DIRECTION('ref_axis',(1.,0.,0.));
#2087=DIRECTION('center_axis',(-0.385997600007227,0.922499784709276,0.));
#2088=DIRECTION('ref_axis',(0.,0.,1.));
#2089=DIRECTION('center_axis',(0.,0.,1.));
#2090=DIRECTION('ref_axis',(0.554076853243348,0.832465519225841,0.));
#2091=DIRECTION('center_axis',(0.999999999999996,8.82305606353384E-8,0.));
#2092=DIRECTION('ref_axis',(-8.82305606353384E-8,0.999999999999996,0.));
#2093=DIRECTION('center_axis',(0.,0.,-1.));
#2094=DIRECTION('ref_axis',(0.554076853243348,0.832465519225841,0.));
#2095=DIRECTION('center_axis',(-1.,5.66244161335543E-9,0.));
#2096=DIRECTION('ref_axis',(4.00395181436594E-9,0.707106781186547,0.707106781186547));
#2097=DIRECTION('center_axis',(1.,-5.66244118260784E-9,0.));
#2098=DIRECTION('ref_axis',(5.66244118260784E-9,1.,0.));
#2099=DIRECTION('',(1.,-5.66244161335543E-9,0.));
#2100=DIRECTION('',(-1.,5.66244161335543E-9,0.));
#2101=DIRECTION('center_axis',(0.,0.,1.));
#2102=DIRECTION('ref_axis',(1.,0.,0.));
#2103=DIRECTION('center_axis',(0.,-1.,0.));
#2104=DIRECTION('ref_axis',(1.,0.,0.));
#2105=DIRECTION('center_axis',(0.,0.,1.));
#2106=DIRECTION('ref_axis',(-0.707106783188523,-0.707106779184572,0.));
#2107=DIRECTION('center_axis',(0.,0.,-1.));
#2108=DIRECTION('ref_axis',(-0.707106783188523,-0.707106779184572,0.));
#2109=DIRECTION('center_axis',(0.,1.,0.));
#2110=DIRECTION('ref_axis',(0.707106781186547,0.,0.707106781186547));
#2111=DIRECTION('center_axis',(0.,-1.,0.));
#2112=DIRECTION('ref_axis',(1.,0.,0.));
#2113=DIRECTION('',(0.,-1.,0.));
#2114=DIRECTION('',(0.,1.,0.));
#2115=DIRECTION('center_axis',(0.,0.,1.));
#2116=DIRECTION('ref_axis',(1.,0.,0.));
#2117=DIRECTION('center_axis',(0.922499784709276,-0.385997600007228,0.));
#2118=DIRECTION('ref_axis',(0.385997600007228,0.922499784709276,0.));
#2119=DIRECTION('center_axis',(0.,0.,-1.));
#2120=DIRECTION('ref_axis',(0.83246547848708,0.554076914450762,0.));
#2121=DIRECTION('center_axis',(0.,0.,1.));
#2122=DIRECTION('ref_axis',(0.83246547848708,0.554076914450762,0.));
#2123=DIRECTION('center_axis',(-0.929743509338682,-0.2745893413749,-0.24531143561989));
#2124=DIRECTION('ref_axis',(-0.368207831044635,0.69335205922318,0.619423857409756));
#2125=DIRECTION('center_axis',(0.,0.,1.));
#2126=DIRECTION('ref_axis',(-0.469020660963675,0.883187193968072,0.));
#2127=DIRECTION('center_axis',(0.,0.,-1.));
#2128=DIRECTION('ref_axis',(-1.,0.,0.));
#2129=DIRECTION('center_axis',(-0.980433585383007,0.19685015786893,0.));
#2130=DIRECTION('ref_axis',(0.,0.,1.));
#2131=DIRECTION('center_axis',(0.,0.,-1.));
#2132=DIRECTION('ref_axis',(-1.,1.22464679914735E-16,0.));
#2133=DIRECTION('center_axis',(-0.980433585383007,-0.19685015786893,0.));
#2134=DIRECTION('ref_axis',(0.19685015786893,-0.980433585383007,0.));
#2135=DIRECTION('center_axis',(0.,0.,1.));
#2136=DIRECTION('ref_axis',(-1.,1.22464679914735E-16,0.));
#2137=DIRECTION('center_axis',(0.5470672185026,-0.290522587018992,-0.785056739905862));
#2138=DIRECTION('ref_axis',(0.69335205922318,-0.368207831044635,0.619423857409756));
#2139=DIRECTION('center_axis',(0.,0.,1.));
#2140=DIRECTION('ref_axis',(0.883187193968073,-0.469020660963674,0.));
#2141=DIRECTION('center_axis',(0.547067218502604,0.290522587018993,-0.785056739905859));
#2142=DIRECTION('ref_axis',(0.693352059223179,0.368207831044635,0.619423857409757));
#2143=DIRECTION('center_axis',(0.,0.,1.));
#2144=DIRECTION('ref_axis',(0.883187193968073,0.469020660963674,0.));
#2145=DIRECTION('center_axis',(0.,0.,-1.));
#2146=DIRECTION('ref_axis',(-0.883187193968072,-0.469020660963675,0.));
#2147=DIRECTION('',(0.,0.,-1.));
#2148=DIRECTION('center_axis',(0.,0.,-1.));
#2149=DIRECTION('ref_axis',(-0.19685015786893,-0.980433585383007,0.));
#2150=DIRECTION('',(0.,0.,1.));
#2151=DIRECTION('center_axis',(0.,0.,1.));
#2152=DIRECTION('ref_axis',(1.,0.,0.));
#2153=DIRECTION('',(0.,0.,1.));
#2154=DIRECTION('center_axis',(-2.22044601616309E-16,1.,0.));
#2155=DIRECTION('ref_axis',(-1.,-2.22044601616309E-16,0.));
#2156=DIRECTION('',(0.,0.,1.));
#2157=DIRECTION('center_axis',(0.,0.,1.));
#2158=DIRECTION('ref_axis',(0.707106779184572,-0.707106783188523,0.));
#2159=DIRECTION('',(0.,0.,-1.));
#2160=DIRECTION('center_axis',(-1.,5.66244139131082E-9,0.));
#2161=DIRECTION('ref_axis',(-5.66244139131082E-9,-1.,0.));
#2162=DIRECTION('',(0.,0.,1.));
#2163=DIRECTION('center_axis',(0.,0.,1.));
#2164=DIRECTION('ref_axis',(-0.832465519347731,0.554076853060215,0.));
#2165=DIRECTION('',(0.,0.,1.));
#2166=DIRECTION('center_axis',(0.,0.,1.));
#2167=DIRECTION('ref_axis',(0.469020660963676,0.883187193968072,0.));
#2168=DIRECTION('',(0.,0.,-1.));
#2169=DIRECTION('center_axis',(0.,0.,-1.));
#2170=DIRECTION('ref_axis',(-0.385997600007227,0.922499784709276,0.));
#2171=DIRECTION('center_axis',(0.,0.,1.));
#2172=DIRECTION('ref_axis',(1.,0.,0.));
#2173=DIRECTION('',(0.,0.,1.));
#2174=DIRECTION('center_axis',(0.,0.,-1.));
#2175=DIRECTION('ref_axis',(-0.469020660963676,0.883187193968072,0.));
#2176=DIRECTION('',(0.,0.,-1.));
#2177=DIRECTION('center_axis',(0.,0.,-1.));
#2178=DIRECTION('ref_axis',(-0.980433585383007,0.196850157868929,0.));
#2179=DIRECTION('center_axis',(0.,0.,1.));
#2180=DIRECTION('ref_axis',(1.,0.,0.));
#2181=DIRECTION('',(0.,0.,1.));
#2182=DIRECTION('center_axis',(1.,0.,0.));
#2183=DIRECTION('ref_axis',(0.,1.,0.));
#2184=DIRECTION('',(0.,0.,1.));
#2185=DIRECTION('center_axis',(0.,0.,1.));
#2186=DIRECTION('ref_axis',(-0.707106783188523,-0.707106779184572,0.));
#2187=DIRECTION('',(0.,0.,-1.));
#2188=DIRECTION('center_axis',(5.66244161335543E-9,1.,0.));
#2189=DIRECTION('ref_axis',(-1.,5.66244161335543E-9,0.));
#2190=DIRECTION('',(0.,0.,1.));
#2191=DIRECTION('center_axis',(0.,0.,1.));
#2192=DIRECTION('ref_axis',(1.,0.,0.));
#2193=DIRECTION('',(0.,0.,1.));
#2194=DIRECTION('center_axis',(0.,0.,1.));
#2195=DIRECTION('ref_axis',(0.883187193968072,-0.469020660963675,0.));
#2196=DIRECTION('',(0.,0.,-1.));
#2197=DIRECTION('center_axis',(0.,0.,-1.));
#2198=DIRECTION('ref_axis',(0.922499784709277,0.385997600007225,0.));
#2199=DIRECTION('center_axis',(0.,0.,1.));
#2200=DIRECTION('ref_axis',(-1.,1.22464679914735E-16,0.));
#2201=DIRECTION('',(0.,0.,1.));
#2202=DIRECTION('center_axis',(0.,0.,1.));
#2203=DIRECTION('ref_axis',(1.,0.,0.));
#2204=DIRECTION('center_axis',(0.,0.,1.));
#2205=DIRECTION('ref_axis',(1.,0.,0.));
#2206=DIRECTION('center_axis',(0.,0.,1.));
#2207=DIRECTION('ref_axis',(1.,0.,0.));
#2208=DIRECTION('center_axis',(0.,0.,1.));
#2209=DIRECTION('ref_axis',(1.,0.,0.));
#2210=DIRECTION('center_axis',(0.,0.,1.));
#2211=DIRECTION('ref_axis',(1.,0.,0.));
#2212=DIRECTION('center_axis',(0.131308983397112,0.977648764835107,0.164197574572847));
#2213=DIRECTION('ref_axis',(0.0136826658614224,0.163828604590137,-0.986393923832144));
#2214=DIRECTION('center_axis',(0.,0.,1.));
#2215=DIRECTION('ref_axis',(0.,-1.,0.));
#2216=DIRECTION('center_axis',(0.,0.,-1.));
#2217=DIRECTION('ref_axis',(1.,0.,0.));
#2218=DIRECTION('center_axis',(0.,0.,-1.));
#2219=DIRECTION('ref_axis',(1.,0.,0.));
#2220=DIRECTION('',(-1.20798416151943E-16,0.986393923832144,0.164398987305357));
#2221=DIRECTION('',(-1.20798416151943E-16,0.986393923832144,0.164398987305357));
#2222=DIRECTION('center_axis',(0.,0.,1.));
#2223=DIRECTION('ref_axis',(1.,0.,0.));
#2224=DIRECTION('center_axis',(0.,0.,-1.));
#2225=DIRECTION('ref_axis',(1.,0.,0.));
#2226=DIRECTION('',(0.,0.,-1.));
#2227=DIRECTION('center_axis',(0.,0.,-1.));
#2228=DIRECTION('ref_axis',(1.,0.,0.));
#2229=DIRECTION('center_axis',(-0.977648764835106,0.131308983397119,0.164197574572848));
#2230=DIRECTION('ref_axis',(-0.163828604590137,0.0136826658614231,-0.986393923832144));
#2231=DIRECTION('center_axis',(0.,0.,1.));
#2232=DIRECTION('ref_axis',(1.,0.,0.));
#2233=DIRECTION('center_axis',(0.,0.,-1.));
#2234=DIRECTION('ref_axis',(1.,0.,0.));
#2235=DIRECTION('',(0.,0.,-1.));
#2236=DIRECTION('center_axis',(0.,0.,-1.));
#2237=DIRECTION('ref_axis',(1.,0.,0.));
#2238=DIRECTION('center_axis',(-0.131308983397115,-0.977648764835107,0.164197574572848));
#2239=DIRECTION('ref_axis',(-0.0136826658614233,-0.163828604590137,-0.986393923832144));
#2240=DIRECTION('center_axis',(0.,0.,1.));
#2241=DIRECTION('ref_axis',(1.,0.,0.));
#2242=DIRECTION('center_axis',(0.,0.,-1.));
#2243=DIRECTION('ref_axis',(1.,0.,0.));
#2244=DIRECTION('',(0.,0.,-1.));
#2245=DIRECTION('center_axis',(0.,0.,-1.));
#2246=DIRECTION('ref_axis',(1.,0.,0.));
#2247=DIRECTION('center_axis',(0.977648764835107,-0.131308983397119,0.164197574572848));
#2248=DIRECTION('ref_axis',(0.163828604590137,-0.0136826658614226,-0.986393923832144));
#2249=DIRECTION('center_axis',(0.,0.,1.));
#2250=DIRECTION('ref_axis',(1.,0.,0.));
#2251=DIRECTION('center_axis',(0.,0.,-1.));
#2252=DIRECTION('ref_axis',(1.,0.,0.));
#2253=DIRECTION('',(0.,0.,-1.));
#2254=DIRECTION('center_axis',(0.,0.,-1.));
#2255=DIRECTION('ref_axis',(1.,0.,0.));
#2256=DIRECTION('center_axis',(-0.967313074501432,-0.194215839056453,-0.163050985149387));
#2257=DIRECTION('ref_axis',(0.164016252408629,0.0112114215358787,-0.986393923832144));
#2258=DIRECTION('center_axis',(-0.967313074501433,0.194215839056449,-0.163050985149386));
#2259=DIRECTION('ref_axis',(0.196850157868926,0.980433585383007,0.));
#2260=DIRECTION('center_axis',(0.,0.,1.));
#2261=DIRECTION('ref_axis',(1.,0.,0.));
#2262=DIRECTION('center_axis',(0.385442294108577,-0.921172653214303,0.0536207131847343));
#2263=DIRECTION('ref_axis',(0.922499784709277,0.385997600007225,0.));
#2264=DIRECTION('center_axis',(0.,0.,1.));
#2265=DIRECTION('ref_axis',(1.,0.,0.));
#2266=DIRECTION('center_axis',(0.,0.,-1.));
#2267=DIRECTION('ref_axis',(0.196850157868931,0.980433585383007,0.));
#2268=DIRECTION('center_axis',(0.385442294108576,0.921172653214303,0.0536207131847341));
#2269=DIRECTION('ref_axis',(0.922499784709275,-0.38599760000723,0.));
#2270=DIRECTION('center_axis',(0.,0.,-1.));
#2271=DIRECTION('ref_axis',(0.883187193968072,0.469020660963675,0.));
#2272=DIRECTION('',(0.,0.,-1.));
#2273=DIRECTION('center_axis',(-0.986966017321184,4.55390474190934E-9,-0.160928806163351));
#2274=DIRECTION('ref_axis',(4.614044257778E-9,1.,-8.88178419700125E-16));
#2275=DIRECTION('center_axis',(0.986966017605468,5.80537090150362E-8,0.160928804419845));
#2276=DIRECTION('ref_axis',(5.88203725726544E-8,-0.999999999999998,8.88178419700126E-16));
#2277=DIRECTION('center_axis',(0.,0.,1.));
#2278=DIRECTION('ref_axis',(1.,0.,0.));
#2279=DIRECTION('',(0.,0.,1.));
#2280=DIRECTION('center_axis',(-0.194215839056449,0.967313074501432,-0.163050985149388));
#2281=DIRECTION('ref_axis',(0.011211421535869,-0.164016252408633,-0.986393923832144));
#2282=DIRECTION('center_axis',(0.194215839056453,0.967313074501431,-0.163050985149389));
#2283=DIRECTION('ref_axis',(0.980433585383007,-0.19685015786893,0.));
#2284=DIRECTION('center_axis',(0.,0.,1.));
#2285=DIRECTION('ref_axis',(1.,0.,0.));
#2286=DIRECTION('center_axis',(0.,0.,-1.));
#2287=DIRECTION('ref_axis',(0.385997600007227,-0.922499784709276,0.));
#2288=DIRECTION('center_axis',(-0.921172653214303,-0.385442294108576,0.0536207131847342));
#2289=DIRECTION('ref_axis',(0.385997600007227,-0.922499784709276,0.));
#2290=DIRECTION('center_axis',(0.,0.,1.));
#2291=DIRECTION('ref_axis',(-0.469020660963676,-0.883187193968072,0.));
#2292=DIRECTION('',(0.,0.,-1.));
#2293=DIRECTION('',(0.,0.,1.));
#2294=DIRECTION('center_axis',(0.,0.,1.));
#2295=DIRECTION('ref_axis',(1.,0.,0.));
#2296=DIRECTION('center_axis',(0.,0.,-1.));
#2297=DIRECTION('ref_axis',(0.980433585383007,-0.19685015786893,0.));
#2298=DIRECTION('center_axis',(0.921172653214303,-0.385442294108576,0.0536207131847341));
#2299=DIRECTION('ref_axis',(-0.385997600007229,-0.922499784709275,0.));
#2300=DIRECTION('center_axis',(0.,0.,-1.));
#2301=DIRECTION('ref_axis',(0.469020660963675,-0.883187193968072,0.));
#2302=DIRECTION('',(0.,0.,-1.));
#2303=DIRECTION('',(0.,0.,1.));
#2304=DIRECTION('center_axis',(4.5539083912505E-9,0.986966017321183,-0.160928806163354));
#2305=DIRECTION('ref_axis',(1.,-4.61404781049168E-9,0.));
#2306=DIRECTION('center_axis',(5.80537091579696E-8,-0.986966017605468,0.160928804419841));
#2307=DIRECTION('ref_axis',(-0.999999999999998,-5.88203725726543E-8,1.77635683940025E-15));
#2308=DIRECTION('center_axis',(0.,0.,1.));
#2309=DIRECTION('ref_axis',(1.,0.,0.));
#2310=DIRECTION('',(0.,0.,1.));
#2311=DIRECTION('center_axis',(0.967313074501431,0.194215839056456,-0.163050985149386));
#2312=DIRECTION('ref_axis',(-0.164016252408629,-0.011211421535877,-0.986393923832144));
#2313=DIRECTION('center_axis',(0.967313074501431,-0.194215839056456,-0.163050985149389));
#2314=DIRECTION('ref_axis',(-0.196850157868933,-0.980433585383006,0.));
#2315=DIRECTION('center_axis',(0.,0.,1.));
#2316=DIRECTION('ref_axis',(-0.883187193968074,0.469020660963673,0.));
#2317=DIRECTION('center_axis',(-8.8817853334303E-16,-1.78327310601128E-16,
-1.));
#2318=DIRECTION('ref_axis',(-0.922499784709276,-0.385997600007227,8.88178419700124E-16));
#2319=DIRECTION('center_axis',(-0.385442294108577,0.921172653214302,0.0536207131847343));
#2320=DIRECTION('ref_axis',(-0.922499784709276,-0.385997600007227,8.88178419700124E-16));
#2321=DIRECTION('center_axis',(0.,0.,1.));
#2322=DIRECTION('ref_axis',(-0.883187193968072,0.469020660963675,0.));
#2323=DIRECTION('',(0.,0.,-1.));
#2324=DIRECTION('',(0.,0.,1.));
#2325=DIRECTION('center_axis',(0.,0.,1.));
#2326=DIRECTION('ref_axis',(-0.883187193968073,-0.469020660963674,0.));
#2327=DIRECTION('center_axis',(-0.385442294108575,-0.921172653214303,0.0536207131847341));
#2328=DIRECTION('ref_axis',(-0.922499784709277,0.385997600007225,0.));
#2329=DIRECTION('center_axis',(0.986966017321182,-4.55390123550167E-9,-0.160928806163358));
#2330=DIRECTION('ref_axis',(-4.61404070506433E-9,-1.,-8.88178419700125E-16));
#2331=DIRECTION('center_axis',(-0.986966017605469,-5.80537093009033E-8,
0.160928804419838));
#2332=DIRECTION('ref_axis',(-5.88203725726544E-8,0.999999999999998,2.66453525910038E-15));
#2333=DIRECTION('center_axis',(0.194215839056446,-0.967313074501433,-0.163050985149386));
#2334=DIRECTION('ref_axis',(-0.0112114215358734,0.164016252408629,-0.986393923832144));
#2335=DIRECTION('center_axis',(-0.194215839056453,-0.967313074501431,-0.16305098514939));
#2336=DIRECTION('ref_axis',(-0.980433585383007,0.19685015786893,0.));
#2337=DIRECTION('center_axis',(0.,0.,1.));
#2338=DIRECTION('ref_axis',(1.,0.,0.));
#2339=DIRECTION('center_axis',(0.921172653214303,0.385442294108576,0.0536207131847341));
#2340=DIRECTION('ref_axis',(-0.385997600007227,0.922499784709276,0.));
#2341=DIRECTION('center_axis',(0.,0.,1.));
#2342=DIRECTION('ref_axis',(1.,0.,0.));
#2343=DIRECTION('center_axis',(-0.921172653214303,0.385442294108577,0.0536207131847343));
#2344=DIRECTION('ref_axis',(0.385997600007226,0.922499784709277,0.));
#2345=DIRECTION('center_axis',(-5.58863176273507E-9,-0.986966017326952,
-0.160928806127972));
#2346=DIRECTION('ref_axis',(-1.,5.66243585353732E-9,0.));
#2347=DIRECTION('center_axis',(-5.80537093009032E-8,0.986966017605468,0.160928804419841));
#2348=DIRECTION('ref_axis',(0.999999999999998,5.88203725726544E-8,2.66453525910038E-15));
#2349=DIRECTION('center_axis',(0.,0.,-1.));
#2350=DIRECTION('ref_axis',(-1.,0.,0.));
#2351=DIRECTION('center_axis',(-1.22464679914735E-16,-1.,0.));
#2352=DIRECTION('ref_axis',(1.,-1.22464679914735E-16,0.));
#2353=DIRECTION('center_axis',(0.,0.,-1.));
#2354=DIRECTION('ref_axis',(-1.,0.,0.));
#2355=DIRECTION('center_axis',(0.,-1.,0.));
#2356=DIRECTION('ref_axis',(1.,0.,0.));
#2357=DIRECTION('center_axis',(0.,0.,-1.));
#2358=DIRECTION('ref_axis',(-1.,0.,0.));
#2359=DIRECTION('center_axis',(-1.22464679914735E-16,-1.,0.));
#2360=DIRECTION('ref_axis',(1.,-1.22464679914735E-16,0.));
#2361=DIRECTION('center_axis',(0.,0.,-1.));
#2362=DIRECTION('ref_axis',(-1.,0.,0.));
#2363=DIRECTION('center_axis',(0.,-1.,0.));
#2364=DIRECTION('ref_axis',(1.,0.,0.));
#2365=DIRECTION('center_axis',(-1.20087008374044E-12,-0.988403100785943,
0.151852923438216));
#2366=DIRECTION('ref_axis',(-1.,1.21502807814977E-12,4.44089209850063E-16));
#2367=DIRECTION('center_axis',(0.988403100785841,-5.58554109212799E-9,-0.151852923438879));
#2368=DIRECTION('ref_axis',(-5.65107605154935E-9,-1.,0.));
#2369=DIRECTION('center_axis',(0.,0.,1.));
#2370=DIRECTION('ref_axis',(1.,0.,0.));
#2371=DIRECTION('',(0.,0.,1.));
#2372=DIRECTION('center_axis',(-5.66244116926621E-9,-1.,0.));
#2373=DIRECTION('ref_axis',(1.,-5.66244116926621E-9,0.));
#2374=DIRECTION('',(0.,0.,-1.));
#2375=DIRECTION('center_axis',(0.,0.,1.));
#2376=DIRECTION('ref_axis',(0.707106783188523,0.707106779184572,0.));
#2377=DIRECTION('',(0.,0.,1.));
#2378=DIRECTION('center_axis',(-1.,1.11022300808154E-16,0.));
#2379=DIRECTION('ref_axis',(-1.11022300808154E-16,-1.,0.));
#2380=DIRECTION('center_axis',(-0.988403100785943,1.19911432713227E-12,
0.151852923438216));
#2381=DIRECTION('ref_axis',(1.21325172131037E-12,1.,4.44089209850063E-16));
#2382=DIRECTION('center_axis',(-5.58554109212799E-9,-0.988403100785841,
-0.151852923438881));
#2383=DIRECTION('ref_axis',(-1.,5.65107605154935E-9,0.));
#2384=DIRECTION('center_axis',(1.20269327659338E-12,0.988403100785943,0.151852923438216));
#2385=DIRECTION('ref_axis',(1.,-1.21680443498917E-12,0.));
#2386=DIRECTION('center_axis',(-0.988403100785841,5.58554460364121E-9,-0.151852923438882));
#2387=DIRECTION('ref_axis',(5.65107960426304E-9,1.,0.));
#2388=DIRECTION('center_axis',(0.988403100785944,-1.20087008374044E-12,
0.151852923438214));
#2389=DIRECTION('ref_axis',(-1.21502807814977E-12,-1.,4.44089209850063E-16));
#2390=DIRECTION('center_axis',(5.58553933637138E-9,0.988403100785841,-0.151852923438881));
#2391=DIRECTION('ref_axis',(1.,-5.65107427519252E-9,0.));
#2392=DIRECTION('center_axis',(0.,0.,1.));
#2393=DIRECTION('ref_axis',(1.,0.,0.));
#2394=DIRECTION('',(0.,0.,1.));
#2395=DIRECTION('center_axis',(1.,-5.66244150233312E-9,0.));
#2396=DIRECTION('ref_axis',(5.66244150233312E-9,1.,0.));
#2397=DIRECTION('',(0.,0.,-1.));
#2398=DIRECTION('center_axis',(0.,0.,1.));
#2399=DIRECTION('ref_axis',(-0.707106779184572,0.707106783188523,0.));
#2400=DIRECTION('',(0.,0.,1.));
#2401=DIRECTION('center_axis',(-2.22044601616309E-16,-1.,0.));
#2402=DIRECTION('ref_axis',(1.,-2.22044601616309E-16,0.));
#2403=DIRECTION('center_axis',(0.,0.,1.));
#2404=DIRECTION('ref_axis',(1.,0.,0.));
#2405=DIRECTION('center_axis',(0.,0.,1.));
#2406=DIRECTION('ref_axis',(1.,0.,0.));
#2407=DIRECTION('',(0.,0.,1.));
#2408=DIRECTION('center_axis',(0.,0.,1.));
#2409=DIRECTION('ref_axis',(1.,0.,0.));
#2410=DIRECTION('center_axis',(0.,0.,1.));
#2411=DIRECTION('ref_axis',(1.,0.,0.));
#2412=DIRECTION('center_axis',(0.,0.,1.));
#2413=DIRECTION('ref_axis',(1.,0.,0.));
#2414=CARTESIAN_POINT('',(0.,0.,0.));
#2415=CARTESIAN_POINT('Origin',(-7.34788079488412E-15,-60.,17.5));
#2416=CARTESIAN_POINT('',(4.90216952009177,-71.7157472658078,20.));
#2417=CARTESIAN_POINT('',(5.86716352010985,-74.021996727581,17.5));
#2418=CARTESIAN_POINT('Origin',(4.90216952009177,-71.7157472658078,17.5));
#2419=CARTESIAN_POINT('',(15.1999999999999,-59.9999986588955,17.5));
#2420=CARTESIAN_POINT('Origin',(-7.34788079488412E-15,-60.,17.5));
#2421=CARTESIAN_POINT('',(12.6999999999999,-59.9999988794719,20.));
#2422=CARTESIAN_POINT('Origin',(12.6999999999999,-59.9999988794719,17.5));
#2423=CARTESIAN_POINT('Origin',(-7.34788079488412E-15,-60.,20.));
#2424=CARTESIAN_POINT('Origin',(12.6999998301268,-29.9999993583262,17.5));
#2425=CARTESIAN_POINT('',(15.1999998289943,-30.1999999150634,17.5));
#2426=CARTESIAN_POINT('',(12.6999998289943,-30.1999999009073,20.));
#2427=CARTESIAN_POINT('Origin',(12.6999998289943,-30.1999999009073,17.5));
#2428=CARTESIAN_POINT('',(12.6999998301268,-29.9999993583262,20.));
#2429=CARTESIAN_POINT('',(15.1999998301268,-29.9999993724823,17.5));
#2430=CARTESIAN_POINT('Origin',(30.1999998289943,-30.2,17.5));
#2431=CARTESIAN_POINT('',(30.1999998289943,-15.2,17.5));
#2432=CARTESIAN_POINT('',(30.1999998289943,-12.7,20.));
#2433=CARTESIAN_POINT('Origin',(30.1999998289943,-12.7,17.5));
#2434=CARTESIAN_POINT('Origin',(30.1999998289943,-30.2,20.));
#2435=CARTESIAN_POINT('Origin',(30.1999998289943,-30.2,17.5));
#2436=CARTESIAN_POINT('Origin',(7.59999995696544,-12.7,17.5));
#2437=CARTESIAN_POINT('',(60.0000008940697,-15.2,17.5));
#2438=CARTESIAN_POINT('',(60.0000008940697,-12.7,20.));
#2439=CARTESIAN_POINT('Origin',(60.0000008940697,-12.7,17.5));
#2440=CARTESIAN_POINT('',(7.59999995696544,-12.7,20.));
#2441=CARTESIAN_POINT('',(7.59999995696544,-15.2,17.5));
#2442=CARTESIAN_POINT('Origin',(60.,-1.33226762955019E-14,17.5));
#2443=CARTESIAN_POINT('',(74.021996727581,-5.86716352010987,17.5));
#2444=CARTESIAN_POINT('',(71.7157472658078,-4.9021695200918,20.));
#2445=CARTESIAN_POINT('Origin',(71.7157472658078,-4.9021695200918,17.5));
#2446=CARTESIAN_POINT('Origin',(60.,-1.33226762955019E-14,20.));
#2447=CARTESIAN_POINT('Origin',(60.,-1.33226762955019E-14,17.5));
#2448=CARTESIAN_POINT('Origin',(-8.90318203079963E-15,-72.6999983750284,
17.5));
#2449=CARTESIAN_POINT('',(-4.9021695200918,-71.7157472658078,20.));
#2450=CARTESIAN_POINT('',(-2.45108555663428,-72.2078726604801,17.5));
#2451=CARTESIAN_POINT('Origin',(-4.9021695200918,-71.7157472658078,17.5));
#2452=CARTESIAN_POINT('',(2.45108555663426,-72.2078726604801,17.5));
#2453=CARTESIAN_POINT('Origin',(-8.90318203079963E-15,-72.6999983750284,
17.5));
#2454=CARTESIAN_POINT('Origin',(4.90216952009178,-71.7157472658078,17.5));
#2455=CARTESIAN_POINT('Origin',(-8.90318203079963E-15,-72.6999983750284,
20.));
#2456=CARTESIAN_POINT('Origin',(4.90216952009178,-71.7157472658078,17.5));
#2457=CARTESIAN_POINT('Origin',(4.90216952009178,-71.7157472658078,17.5));
#2458=CARTESIAN_POINT('Origin',(-60.,-1.33226762955019E-14,17.5));
#2459=CARTESIAN_POINT('',(-71.7157472658078,-4.90216952009181,20.));
#2460=CARTESIAN_POINT('',(-74.021996727581,-5.86716352010987,17.5));
#2461=CARTESIAN_POINT('Origin',(-71.7157472658078,-4.90216952009181,17.5));
#2462=CARTESIAN_POINT('',(-59.9999986588955,-15.1999999999999,17.5));
#2463=CARTESIAN_POINT('Origin',(-60.,-1.33226762955019E-14,17.5));
#2464=CARTESIAN_POINT('',(-59.9999988794719,-12.7,20.));
#2465=CARTESIAN_POINT('Origin',(-59.9999988794719,-12.7,17.5));
#2466=CARTESIAN_POINT('Origin',(-60.,-1.33226762955019E-14,20.));
#2467=CARTESIAN_POINT('Origin',(-29.9999993583262,-12.6999998301268,17.5));
#2468=CARTESIAN_POINT('',(-30.1999999150634,-15.1999998289943,17.5));
#2469=CARTESIAN_POINT('',(-30.1999999009073,-12.6999998289943,20.));
#2470=CARTESIAN_POINT('Origin',(-30.1999999009073,-12.6999998289943,17.5));
#2471=CARTESIAN_POINT('',(-29.9999993583262,-12.6999998301268,20.));
#2472=CARTESIAN_POINT('',(-29.9999993724823,-15.1999998301268,17.5));
#2473=CARTESIAN_POINT('Origin',(-30.2,-30.1999998289943,17.5));
#2474=CARTESIAN_POINT('',(-15.2,-30.1999998289943,17.5));
#2475=CARTESIAN_POINT('',(-12.7,-30.1999998289943,20.));
#2476=CARTESIAN_POINT('Origin',(-12.7,-30.1999998289943,17.5));
#2477=CARTESIAN_POINT('Origin',(-30.2,-30.1999998289943,20.));
#2478=CARTESIAN_POINT('Origin',(-30.2,-30.1999998289943,17.5));
#2479=CARTESIAN_POINT('Origin',(-12.7,-7.59999995696545,17.5));
#2480=CARTESIAN_POINT('',(-15.2,-60.0000008940697,17.5));
#2481=CARTESIAN_POINT('',(-12.7,-60.0000008940697,20.));
#2482=CARTESIAN_POINT('Origin',(-12.7,-60.0000008940697,17.5));
#2483=CARTESIAN_POINT('',(-12.7,-7.59999995696545,20.));
#2484=CARTESIAN_POINT('',(-15.2,-7.59999995696545,17.5));
#2485=CARTESIAN_POINT('Origin',(-7.34788079488412E-15,-60.,17.5));
#2486=CARTESIAN_POINT('',(-5.86716352010987,-74.021996727581,17.5));
#2487=CARTESIAN_POINT('Origin',(-4.9021695200918,-71.7157472658078,17.5));
#2488=CARTESIAN_POINT('Origin',(-7.34788079488412E-15,-60.,20.));
#2489=CARTESIAN_POINT('Origin',(-7.34788079488412E-15,-60.,17.5));
#2490=CARTESIAN_POINT('Origin',(-72.6999983750284,-1.61426424172336E-14,
17.5));
#2491=CARTESIAN_POINT('',(-71.7157472658078,4.90216952009177,20.));
#2492=CARTESIAN_POINT('',(-72.2078726604801,2.45108555663426,17.5));
#2493=CARTESIAN_POINT('Origin',(-71.7157472658078,4.90216952009177,17.5));
#2494=CARTESIAN_POINT('',(-72.2078726604801,-2.45108555663429,17.5));
#2495=CARTESIAN_POINT('Origin',(-72.6999983750284,-1.61426424172336E-14,
17.5));
#2496=CARTESIAN_POINT('Origin',(-71.7157472658078,-4.9021695200918,17.5));
#2497=CARTESIAN_POINT('Origin',(-72.6999983750284,-1.61426424172336E-14,
20.));
#2498=CARTESIAN_POINT('Origin',(-71.7157472658078,-4.9021695200918,17.5));
#2499=CARTESIAN_POINT('Origin',(-71.7157472658078,-4.9021695200918,17.5));
#2500=CARTESIAN_POINT('Origin',(0.,60.,17.5));
#2501=CARTESIAN_POINT('',(-4.90216952009179,71.7157472658078,20.));
#2502=CARTESIAN_POINT('',(-5.86716352010986,74.021996727581,17.5));
#2503=CARTESIAN_POINT('Origin',(-4.90216952009179,71.7157472658078,17.5));
#2504=CARTESIAN_POINT('',(-15.1999996602535,59.9999986588955,17.5));
#2505=CARTESIAN_POINT('Origin',(0.,60.,17.5));
#2506=CARTESIAN_POINT('',(-12.6999999999999,59.9999988794719,20.));
#2507=CARTESIAN_POINT('Origin',(-12.6999999999999,59.9999988794719,17.5));
#2508=CARTESIAN_POINT('Origin',(0.,60.,20.));
#2509=CARTESIAN_POINT('Origin',(-12.6999998301268,29.9999993583262,17.5));
#2510=CARTESIAN_POINT('',(-15.1999998289943,30.1999999150634,17.5));
#2511=CARTESIAN_POINT('',(-12.6999998289943,30.1999999009073,20.));
#2512=CARTESIAN_POINT('Origin',(-12.6999998289943,30.1999999009073,17.5));
#2513=CARTESIAN_POINT('',(-12.6999998301268,29.9999993583262,20.));
#2514=CARTESIAN_POINT('',(-15.1999998301268,29.9999993724823,17.5));
#2515=CARTESIAN_POINT('Origin',(-30.1999998289943,30.2,17.5));
#2516=CARTESIAN_POINT('',(-30.1999998289943,15.2,17.5));
#2517=CARTESIAN_POINT('',(-30.1999998289943,12.7,20.));
#2518=CARTESIAN_POINT('Origin',(-30.1999998289943,12.7,17.5));
#2519=CARTESIAN_POINT('Origin',(-30.1999998289943,30.2,20.));
#2520=CARTESIAN_POINT('Origin',(-30.1999998289943,30.2,17.5));
#2521=CARTESIAN_POINT('Origin',(-7.59999995696545,12.7,17.5));
#2522=CARTESIAN_POINT('',(-60.0000008940697,15.2,17.5));
#2523=CARTESIAN_POINT('',(-60.0000008940697,12.7,20.));
#2524=CARTESIAN_POINT('Origin',(-60.0000008940697,12.7,17.5));
#2525=CARTESIAN_POINT('',(-7.59999995696545,12.7,20.));
#2526=CARTESIAN_POINT('',(-7.59999995696545,15.2,17.5));
#2527=CARTESIAN_POINT('Origin',(-60.,-1.33226762955019E-14,17.5));
#2528=CARTESIAN_POINT('',(-74.021996727581,5.86716352010984,17.5));
#2529=CARTESIAN_POINT('Origin',(-71.7157472658078,4.90216952009177,17.5));
#2530=CARTESIAN_POINT('Origin',(-60.,-1.33226762955019E-14,20.));
#2531=CARTESIAN_POINT('Origin',(-60.,-1.33226762955019E-14,17.5));
#2532=CARTESIAN_POINT('Origin',(-71.7157472658078,4.90216952009177,17.5));
#2533=CARTESIAN_POINT('Origin',(-71.7157472658078,4.90216952009177,17.5));
#2534=CARTESIAN_POINT('Origin',(-4.9021695200918,-71.7157472658078,17.5));
#2535=CARTESIAN_POINT('Origin',(-4.9021695200918,-71.7157472658078,17.5));
#2536=CARTESIAN_POINT('Origin',(0.,72.6999983750284,17.5));
#2537=CARTESIAN_POINT('',(4.90216952009179,71.7157472658078,20.));
#2538=CARTESIAN_POINT('',(2.45108555663427,72.2078726604801,17.5));
#2539=CARTESIAN_POINT('Origin',(4.90216952009179,71.7157472658078,17.5));
#2540=CARTESIAN_POINT('',(-2.45108555663427,72.2078726604801,17.5));
#2541=CARTESIAN_POINT('Origin',(0.,72.6999983750284,17.5));
#2542=CARTESIAN_POINT('Origin',(-4.90216952009179,71.7157472658078,17.5));
#2543=CARTESIAN_POINT('Origin',(0.,72.6999983750284,20.));
#2544=CARTESIAN_POINT('Origin',(-4.90216952009179,71.7157472658078,17.5));
#2545=CARTESIAN_POINT('Origin',(-4.90216952009179,71.7157472658078,17.5));
#2546=CARTESIAN_POINT('Origin',(60.,-1.33226762955019E-14,17.5));
#2547=CARTESIAN_POINT('',(71.7157472658078,4.90216952009177,20.));
#2548=CARTESIAN_POINT('',(74.021996727581,5.86716352010984,17.5));
#2549=CARTESIAN_POINT('Origin',(71.7157472658078,4.90216952009177,17.5));
#2550=CARTESIAN_POINT('',(59.9999986588955,15.1999999999999,17.5));
#2551=CARTESIAN_POINT('Origin',(60.,-1.33226762955019E-14,17.5));
#2552=CARTESIAN_POINT('',(59.9999988794719,12.6999999999999,20.));
#2553=CARTESIAN_POINT('Origin',(59.9999988794719,12.6999999999999,17.5));
#2554=CARTESIAN_POINT('Origin',(60.,-1.33226762955019E-14,20.));
#2555=CARTESIAN_POINT('Origin',(29.9999993583262,12.6999998301268,17.5));
#2556=CARTESIAN_POINT('',(30.1999999150634,15.1999998289943,17.5));
#2557=CARTESIAN_POINT('',(30.1999999009073,12.6999998289943,20.));
#2558=CARTESIAN_POINT('Origin',(30.1999999009073,12.6999998289943,17.5));
#2559=CARTESIAN_POINT('',(29.9999993583262,12.6999998301268,20.));
#2560=CARTESIAN_POINT('',(29.9999993724823,15.1999998301268,17.5));
#2561=CARTESIAN_POINT('Origin',(30.2,30.1999998289943,17.5));
#2562=CARTESIAN_POINT('',(15.2,30.1999998289943,17.5));
#2563=CARTESIAN_POINT('',(12.7,30.1999998289943,20.));
#2564=CARTESIAN_POINT('Origin',(12.7,30.1999998289943,17.5));
#2565=CARTESIAN_POINT('Origin',(30.2,30.1999998289943,20.));
#2566=CARTESIAN_POINT('Origin',(30.2,30.1999998289943,17.5));
#2567=CARTESIAN_POINT('Origin',(12.7,7.59999995696544,17.5));
#2568=CARTESIAN_POINT('',(15.2,60.0000008940697,17.5));
#2569=CARTESIAN_POINT('',(12.7,60.0000008940697,20.));
#2570=CARTESIAN_POINT('Origin',(12.7,60.0000008940697,17.5));
#2571=CARTESIAN_POINT('',(12.7,7.59999995696544,20.));
#2572=CARTESIAN_POINT('',(15.2,7.59999995696544,17.5));
#2573=CARTESIAN_POINT('Origin',(0.,60.,17.5));
#2574=CARTESIAN_POINT('',(5.86716352010986,74.021996727581,17.5));
#2575=CARTESIAN_POINT('Origin',(4.90216952009179,71.7157472658078,17.5));
#2576=CARTESIAN_POINT('Origin',(0.,60.,20.));
#2577=CARTESIAN_POINT('Origin',(0.,60.,17.5));
#2578=CARTESIAN_POINT('Origin',(4.90216952009179,71.7157472658078,17.5));
#2579=CARTESIAN_POINT('Origin',(4.90216952009179,71.7157472658078,17.5));
#2580=CARTESIAN_POINT('Origin',(72.6999983750284,-1.61426424172336E-14,
17.5));
#2581=CARTESIAN_POINT('',(72.2078726604801,-2.45108555663429,17.5));
#2582=CARTESIAN_POINT('Origin',(71.7157472658078,-4.9021695200918,17.5));
#2583=CARTESIAN_POINT('',(72.2078726604801,2.45108555663426,17.5));
#2584=CARTESIAN_POINT('Origin',(72.6999983750284,-1.61426424172336E-14,
17.5));
#2585=CARTESIAN_POINT('Origin',(71.7157472658078,4.90216952009177,17.5));
#2586=CARTESIAN_POINT('Origin',(72.6999983750284,-1.61426424172336E-14,
20.));
#2587=CARTESIAN_POINT('Origin',(71.7157472658078,4.90216952009177,17.5));
#2588=CARTESIAN_POINT('Origin',(71.7157472658078,4.90216952009177,17.5));
#2589=CARTESIAN_POINT('Origin',(71.7157472658078,-4.9021695200918,17.5));
#2590=CARTESIAN_POINT('Origin',(71.7157472658078,-4.9021695200918,17.5));
#2591=CARTESIAN_POINT('Origin',(-71.7157472658078,4.90216952009177,0.));
#2592=CARTESIAN_POINT('',(-74.021996727581,5.86716352010983,12.0150005978634));
#2593=CARTESIAN_POINT('',(-74.021996727581,5.86716352010984,0.));
#2594=CARTESIAN_POINT('',(-72.2078726604801,2.45108555663426,12.0150005978634));
#2595=CARTESIAN_POINT('Origin',(-71.7157472658078,4.90216952009177,12.0150005978634));
#2596=CARTESIAN_POINT('',(-72.2078726604801,2.45108555663426,0.));
#2597=CARTESIAN_POINT('Origin',(-60.,-1.33226762955019E-14,0.));
#2598=CARTESIAN_POINT('',(-60.0000008940697,15.2,10.2560439686197));
#2599=CARTESIAN_POINT('',(-60.0000008940697,15.2,0.));
#2600=CARTESIAN_POINT('Ctrl Pts',(-74.021996727581,5.86716352010983,12.0150005978634));
#2601=CARTESIAN_POINT('Ctrl Pts',(-73.0317044482156,8.23387360974956,11.8998949205547));
#2602=CARTESIAN_POINT('Ctrl Pts',(-70.3638594078773,11.7369726376861,11.5876807693907));
#2603=CARTESIAN_POINT('Ctrl Pts',(-65.0731990744351,14.6295708181236,10.9312636458346));
#2604=CARTESIAN_POINT('Ctrl Pts',(-61.690502082164,15.199999900564,10.4863510005904));
#2605=CARTESIAN_POINT('Ctrl Pts',(-60.0000008940697,15.2,10.2560439686197));
#2606=CARTESIAN_POINT('Origin',(-15.1999999139309,15.2,0.));
#2607=CARTESIAN_POINT('',(-30.1999998289973,15.2,5.49477027165293));
#2608=CARTESIAN_POINT('',(-30.1999998289943,15.2,0.));
#2609=CARTESIAN_POINT('Ctrl Pts',(-60.0000008833507,15.2,10.2560439908492));
#2610=CARTESIAN_POINT('Ctrl Pts',(-50.0717512686253,15.2,8.63720268119202));
#2611=CARTESIAN_POINT('Ctrl Pts',(-40.1427055885852,15.2,7.02231397854499));
#2612=CARTESIAN_POINT('Ctrl Pts',(-30.1999998290003,15.2,5.49477027165293));
#2613=CARTESIAN_POINT('Origin',(-30.1999998289943,30.2,0.));
#2614=CARTESIAN_POINT('',(-15.1999998289943,30.1999999150847,5.49477027165964));
#2615=CARTESIAN_POINT('',(-15.1999998289943,30.1999999150634,0.));
#2616=CARTESIAN_POINT('Ctrl Pts',(-30.1999998289984,15.2,5.49477027165274));
#2617=CARTESIAN_POINT('Ctrl Pts',(-27.9705266434056,15.1999999999994,5.0951586582617));
#2618=CARTESIAN_POINT('Ctrl Pts',(-23.4955268462852,16.2068139501245,4.37064195588769));
#2619=CARTESIAN_POINT('Ctrl Pts',(-18.9668314996105,19.8124751881737,4.1377112749107));
#2620=CARTESIAN_POINT('Ctrl Pts',(-15.9596754497053,24.6186523873293,4.56001209202394));
#2621=CARTESIAN_POINT('Ctrl Pts',(-15.1999998416122,27.9705267295133,5.09515865826809));
#2622=CARTESIAN_POINT('Ctrl Pts',(-15.1999998289943,30.199999915106,5.49477027165964));
#2623=CARTESIAN_POINT('Origin',(-15.1999996602535,59.9999986588955,0.));
#2624=CARTESIAN_POINT('',(-15.1999996602535,59.9999986588955,10.2560436141089));
#2625=CARTESIAN_POINT('',(-15.1999996602535,59.9999986588955,0.));
#2626=CARTESIAN_POINT('Ctrl Pts',(-15.1999998289943,30.1999999150992,5.4947702716575));
#2627=CARTESIAN_POINT('Ctrl Pts',(-15.1999997726943,40.142704903376,7.02231386005017));
#2628=CARTESIAN_POINT('Ctrl Pts',(-15.1999997164717,50.0717498139321,8.63720243263771));
#2629=CARTESIAN_POINT('Ctrl Pts',(-15.1999996602535,59.9999986588955,10.2560436141089));
#2630=CARTESIAN_POINT('Origin',(0.,60.,0.));
#2631=CARTESIAN_POINT('',(-5.86716352010985,74.021996727581,12.0150005978634));
#2632=CARTESIAN_POINT('',(-5.86716352010986,74.021996727581,0.));
#2633=CARTESIAN_POINT('Ctrl Pts',(-15.1999999999999,59.9999986522078,10.2560436631975));
#2634=CARTESIAN_POINT('Ctrl Pts',(-15.2000002238184,62.5357507000214,10.601504257599));
#2635=CARTESIAN_POINT('Ctrl Pts',(-14.5512860606572,65.0736657017288,10.9287673204523));
#2636=CARTESIAN_POINT('Ctrl Pts',(-13.3276503500831,67.3074850997007,11.2072906097094));
#2637=CARTESIAN_POINT('Ctrl Pts',(-12.5118931801099,68.7966980857011,11.3929728092828));
#2638=CARTESIAN_POINT('Ctrl Pts',(-11.4406153038603,70.1507574602362,11.5569928856864));
#2639=CARTESIAN_POINT('Ctrl Pts',(-10.1738846264167,71.2920333840678,11.6933155505589));
#2640=CARTESIAN_POINT('Ctrl Pts',(-8.90715394897313,72.4333093078993,11.8296382154315));
#2641=CARTESIAN_POINT('Ctrl Pts',(-7.44497047033551,73.3618017810274,11.9382634687731));
#2642=CARTESIAN_POINT('Ctrl Pts',(-5.86716352010983,74.021996727581,12.0150005978634));
#2643=CARTESIAN_POINT('Origin',(-4.90216952009179,71.7157472658078,0.));
#2644=CARTESIAN_POINT('',(-2.45108555663427,72.2078726604801,12.0150005978634));
#2645=CARTESIAN_POINT('',(-2.45108555663427,72.2078726604801,0.));
#2646=CARTESIAN_POINT('Origin',(-4.90216952009178,71.7157472658078,12.0150005978634));
#2647=CARTESIAN_POINT('Origin',(0.,72.6999983750284,0.));
#2648=CARTESIAN_POINT('',(2.45108555663427,72.2078726604801,12.0150005978634));
#2649=CARTESIAN_POINT('',(2.45108555663427,72.2078726604801,0.));
#2650=CARTESIAN_POINT('Ctrl Pts',(-2.45108555663427,72.2078726604801,12.0150005978634));
#2651=CARTESIAN_POINT('Ctrl Pts',(-2.38720835968024,71.8897253452234,11.9077463537437));
#2652=CARTESIAN_POINT('Ctrl Pts',(-2.01381418780888,70.9696474197392,11.5931883641686));
#2653=CARTESIAN_POINT('Ctrl Pts',(-0.547268676109808,69.9778753859599,11.2375843397125));
#2654=CARTESIAN_POINT('Ctrl Pts',(1.54811611114794,70.400238723563,11.3909563256602));
#2655=CARTESIAN_POINT('Ctrl Pts',(2.32333108480214,71.5715776418574,11.800491978784));
#2656=CARTESIAN_POINT('Ctrl Pts',(2.45108555663427,72.2078726604801,12.0150005978634));
#2657=CARTESIAN_POINT('Origin',(4.90216952009179,71.7157472658078,0.));
#2658=CARTESIAN_POINT('',(5.86716352010986,74.021996727581,12.0150005978634));
#2659=CARTESIAN_POINT('',(5.86716352010986,74.021996727581,0.));
#2660=CARTESIAN_POINT('Origin',(4.90216952009179,71.7157472658078,12.0150005978634));
#2661=CARTESIAN_POINT('Origin',(0.,60.,0.));
#2662=CARTESIAN_POINT('',(15.2,60.0000008940697,10.2560439686197));
#2663=CARTESIAN_POINT('',(15.2,60.0000008940697,0.));
#2664=CARTESIAN_POINT('Ctrl Pts',(5.86716352010986,74.021996727581,12.0150005978634));
#2665=CARTESIAN_POINT('Ctrl Pts',(8.23387360974955,73.0317044482156,11.8998949205547));
#2666=CARTESIAN_POINT('Ctrl Pts',(11.7369726376861,70.3638594078773,11.5876807693907));
#2667=CARTESIAN_POINT('Ctrl Pts',(14.6295708181236,65.0731990744352,10.9312636458346));
#2668=CARTESIAN_POINT('Ctrl Pts',(15.1999999005641,61.690502082164,10.4863510005904));
#2669=CARTESIAN_POINT('Ctrl Pts',(15.2,60.0000008940697,10.2560439686197));
#2670=CARTESIAN_POINT('Origin',(15.2,15.1999999139309,0.));
#2671=CARTESIAN_POINT('',(15.2,30.1999998289973,5.49477027165293));
#2672=CARTESIAN_POINT('',(15.2,30.1999998289943,0.));
#2673=CARTESIAN_POINT('Ctrl Pts',(15.2,60.0000008833507,10.2560439908492));
#2674=CARTESIAN_POINT('Ctrl Pts',(15.2,50.0717512686252,8.63720268119201));
#2675=CARTESIAN_POINT('Ctrl Pts',(15.2,40.1427055885852,7.02231397854499));
#2676=CARTESIAN_POINT('Ctrl Pts',(15.2,30.1999998290003,5.49477027165293));
#2677=CARTESIAN_POINT('Origin',(30.2,30.1999998289943,0.));
#2678=CARTESIAN_POINT('',(30.1999999150847,15.1999998289943,5.49477027165964));
#2679=CARTESIAN_POINT('',(30.1999999150634,15.1999998289943,0.));
#2680=CARTESIAN_POINT('Ctrl Pts',(15.2,30.1999998289984,5.49477027165274));
#2681=CARTESIAN_POINT('Ctrl Pts',(15.1999999999997,29.085263236202,5.29496446495722));
#2682=CARTESIAN_POINT('Ctrl Pts',(15.569839888184,25.7380357016533,4.72945818127977));
#2683=CARTESIAN_POINT('Ctrl Pts',(18.0566531745176,20.5341677737172,4.09183691108738));
#2684=CARTESIAN_POINT('Ctrl Pts',(23.4976413661194,16.2063079680508,4.37002577970286));
#2685=CARTESIAN_POINT('Ctrl Pts',(27.9705267295133,15.1999998416122,5.09515865826809));
#2686=CARTESIAN_POINT('Ctrl Pts',(30.199999915106,15.1999998289943,5.49477027165964));
#2687=CARTESIAN_POINT('Origin',(59.9999986588955,15.1999996602535,0.));
#2688=CARTESIAN_POINT('',(59.9999986615165,15.1999996602535,10.2560436149636));
#2689=CARTESIAN_POINT('',(59.9999986588955,15.1999999999999,0.));
#2690=CARTESIAN_POINT('Ctrl Pts',(30.1999999150992,15.1999998289943,5.49477027165751));
#2691=CARTESIAN_POINT('Ctrl Pts',(40.1427049042736,15.1999997726943,7.02231386018808));
#2692=CARTESIAN_POINT('Ctrl Pts',(50.0717498157255,15.1999997164716,8.63720243292476));
#2693=CARTESIAN_POINT('Ctrl Pts',(59.9999986615844,15.1999996602535,10.2560436145473));
#2694=CARTESIAN_POINT('Origin',(60.,-1.33226762955019E-14,0.));
#2695=CARTESIAN_POINT('',(74.021996727581,5.86716352010985,12.0150005978634));
#2696=CARTESIAN_POINT('',(74.021996727581,5.86716352010984,0.));
#2697=CARTESIAN_POINT('Ctrl Pts',(59.9999986548954,15.1999999999999,10.2560436635637));
#2698=CARTESIAN_POINT('Ctrl Pts',(62.5357507030115,15.2000002233834,10.601504257995));
#2699=CARTESIAN_POINT('Ctrl Pts',(65.0736657049067,14.5512860596042,10.9287673208584));
#2700=CARTESIAN_POINT('Ctrl Pts',(67.3074851028586,13.3276503483518,11.207290610103));
#2701=CARTESIAN_POINT('Ctrl Pts',(68.7966980881437,12.511893178311,11.3929728095806));
#2702=CARTESIAN_POINT('Ctrl Pts',(70.1507574619985,11.4406153022078,11.5569928858987));
#2703=CARTESIAN_POINT('Ctrl Pts',(71.2920333852778,10.1738846250746,11.6933155507036));
#2704=CARTESIAN_POINT('Ctrl Pts',(72.4333093085571,8.9071539479413,11.8296382155085));
#2705=CARTESIAN_POINT('Ctrl Pts',(73.3618017812607,7.44497046977786,11.9382634688002));
#2706=CARTESIAN_POINT('Ctrl Pts',(74.021996727581,5.86716352010984,12.0150005978634));
#2707=CARTESIAN_POINT('Origin',(71.7157472658078,4.90216952009177,0.));
#2708=CARTESIAN_POINT('',(72.2078726604801,2.45108555663426,12.0150005978634));
#2709=CARTESIAN_POINT('',(72.2078726604801,2.45108555663426,0.));
#2710=CARTESIAN_POINT('Origin',(71.7157472658078,4.90216952009178,12.0150005978634));
#2711=CARTESIAN_POINT('Origin',(72.6999983750284,-1.61426424172336E-14,
0.));
#2712=CARTESIAN_POINT('',(72.2078726604801,-2.45108555663429,12.0150005978634));
#2713=CARTESIAN_POINT('',(72.2078726604801,-2.45108555663429,0.));
#2714=CARTESIAN_POINT('Ctrl Pts',(72.2078726604801,2.45108555663426,12.0150005978634));
#2715=CARTESIAN_POINT('Ctrl Pts',(71.5715776123454,2.32333107887673,11.8004919688348));
#2716=CARTESIAN_POINT('Ctrl Pts',(70.4002387193266,1.54811610551266,11.3909563241459));
#2717=CARTESIAN_POINT('Ctrl Pts',(69.9778753814223,-0.547268682679389,11.2375843382396));
#2718=CARTESIAN_POINT('Ctrl Pts',(70.9696474214412,-2.01381418898993,11.5931883647623));
#2719=CARTESIAN_POINT('Ctrl Pts',(71.8897253455279,-2.38720835974139,11.9077463538463));
#2720=CARTESIAN_POINT('Ctrl Pts',(72.2078726604801,-2.45108555663429,12.0150005978634));
#2721=CARTESIAN_POINT('Origin',(-8.88178419700125E-15,0.,20.));
#2722=CARTESIAN_POINT('',(65.,-1.39349996950756E-14,20.));
#2723=CARTESIAN_POINT('Origin',(60.,-1.33226762955019E-14,20.));
#2724=CARTESIAN_POINT('',(-55.,-1.39349996950756E-14,20.));
#2725=CARTESIAN_POINT('Origin',(-60.,-1.33226762955019E-14,20.));
#2726=CARTESIAN_POINT('',(4.99999999999999,-60.,20.));
#2727=CARTESIAN_POINT('Origin',(-7.34788079488412E-15,-60.,20.));
#2728=CARTESIAN_POINT('',(5.,60.,20.));
#2729=CARTESIAN_POINT('Origin',(0.,60.,20.));
#2730=CARTESIAN_POINT('Ctrl Pts',(2.4777512617356,59.6672107499217,9.95798424623879));
#2731=CARTESIAN_POINT('Ctrl Pts',(2.52719833184947,60.0353642895416,10.0816481231858));
#2732=CARTESIAN_POINT('Ctrl Pts',(2.45702209568094,60.7904898863906,10.3306228936933));
#2733=CARTESIAN_POINT('Ctrl Pts',(1.68684569242646,62.1194190807223,10.7522810177298));
#2734=CARTESIAN_POINT('Ctrl Pts',(-0.129838562979198,62.8015315833566,10.9599383654371));
#2735=CARTESIAN_POINT('Ctrl Pts',(-1.57200220727988,62.0678196509345,10.7352610296286));
#2736=CARTESIAN_POINT('Ctrl Pts',(-2.48228838470698,60.8781552985374,10.3593621611161));
#2737=CARTESIAN_POINT('Ctrl Pts',(-2.7166512511522,59.1224402040787,9.78413229657867));
#2738=CARTESIAN_POINT('Ctrl Pts',(-1.30170322905751,57.6249265547997,9.24725449112576));
#2739=CARTESIAN_POINT('Ctrl Pts',(0.23723889277807,57.425207959999,9.17375643922754));
#2740=CARTESIAN_POINT('Ctrl Pts',(1.33498654766855,57.7841368470169,9.30471245886877));
#2741=CARTESIAN_POINT('Ctrl Pts',(2.16319285716058,58.5853441012296,9.5896469317749));
#2742=CARTESIAN_POINT('Ctrl Pts',(2.42830419162173,59.2990572103018,9.83432036929175));
#2743=CARTESIAN_POINT('Ctrl Pts',(2.4777512617356,59.6672107499217,9.95798424623879));
#2744=CARTESIAN_POINT('Ctrl Pts',(2.48588294332806,59.7277544252989,9.59099823897837));
#2745=CARTESIAN_POINT('Ctrl Pts',(2.52649150860162,60.0984582932022,9.70897501080419));
#2746=CARTESIAN_POINT('Ctrl Pts',(2.43700217586651,60.8509968594366,9.94607586368617));
#2747=CARTESIAN_POINT('Ctrl Pts',(1.64319432451773,62.1420992381765,10.3457059675596));
#2748=CARTESIAN_POINT('Ctrl Pts',(-0.124572880915821,62.7845150360415,10.5412848342204));
#2749=CARTESIAN_POINT('Ctrl Pts',(-1.53543789400047,62.0905224245575,10.3294893407684));
#2750=CARTESIAN_POINT('Ctrl Pts',(-2.45678445860886,60.9384887170292,9.97345797102199));
#2751=CARTESIAN_POINT('Ctrl Pts',(-2.74598360768825,59.1938663911966,9.42593513553955));
#2752=CARTESIAN_POINT('Ctrl Pts',(-1.33690662013267,57.6315276062285,8.91077456025391));
#2753=CARTESIAN_POINT('Ctrl Pts',(0.24402119673095,57.4214899185763,8.84018069758711));
#2754=CARTESIAN_POINT('Ctrl Pts',(1.36529367069925,57.7982659167785,8.96594012154669));
#2755=CARTESIAN_POINT('Ctrl Pts',(2.19533112725631,58.6299564362176,9.23912832094977));
#2756=CARTESIAN_POINT('Ctrl Pts',(2.4452743780545,59.3570505573957,9.47302146715255));
#2757=CARTESIAN_POINT('Ctrl Pts',(2.48588294332806,59.7277544252989,9.59099823897837));
#2758=CARTESIAN_POINT('Ctrl Pts',(2.66972211118234,59.8261604922188,8.85806229684224));
#2759=CARTESIAN_POINT('Ctrl Pts',(2.70143157117651,60.2262687830564,8.96472266211904));
#2760=CARTESIAN_POINT('Ctrl Pts',(2.57989074273832,61.0280795184621,9.178224235266));
#2761=CARTESIAN_POINT('Ctrl Pts',(1.69829085226726,62.3583049711642,9.53407530675699));
#2762=CARTESIAN_POINT('Ctrl Pts',(-0.125994659130854,62.9908821614807,9.70567381226957));
#2763=CARTESIAN_POINT('Ctrl Pts',(-1.59271973409172,62.3029615965619,9.51946881225916));
#2764=CARTESIAN_POINT('Ctrl Pts',(-2.59395144660854,61.1213144164404,9.20293250151252));
#2765=CARTESIAN_POINT('Ctrl Pts',(-2.97676914382521,59.2688200890209,8.71047729190501));
#2766=CARTESIAN_POINT('Ctrl Pts',(-1.47612428391941,57.5123404454335,8.23852902052244));
#2767=CARTESIAN_POINT('Ctrl Pts',(0.269867361922239,57.2745839309803,8.17370480641068));
#2768=CARTESIAN_POINT('Ctrl Pts',(1.50017888048011,57.7006720976795,8.28912605253114));
#2769=CARTESIAN_POINT('Ctrl Pts',(2.39071824127494,58.6303641171981,8.5389422991971));
#2770=CARTESIAN_POINT('Ctrl Pts',(2.63801265118816,59.4260522013813,8.75140193156544));
#2771=CARTESIAN_POINT('Ctrl Pts',(2.66972211118234,59.8261604922188,8.85806229684224));
#2772=CARTESIAN_POINT('Ctrl Pts',(3.51354018426059,59.8864894495798,7.8240554033944));
#2773=CARTESIAN_POINT('Ctrl Pts',(3.56105182282334,60.4113212421214,7.92244831420169));
#2774=CARTESIAN_POINT('Ctrl Pts',(3.41320479852883,61.4683144529685,8.11876941866551));
#2775=CARTESIAN_POINT('Ctrl Pts',(2.26558049537096,63.2430704857214,8.44347650596069));
#2776=CARTESIAN_POINT('Ctrl Pts',(-0.169374576796628,64.1002769766966,8.59834667349548));
#2777=CARTESIAN_POINT('Ctrl Pts',(-2.12201796690546,63.1702278039754,8.42999305275804));
#2778=CARTESIAN_POINT('Ctrl Pts',(-3.43510997111198,61.5913074717029,8.1414372165374));
#2779=CARTESIAN_POINT('Ctrl Pts',(-3.9045808888334,59.1456111250929,7.68896140844574));
#2780=CARTESIAN_POINT('Ctrl Pts',(-1.92210048827164,56.8779224836945,7.2498025004909));
#2781=CARTESIAN_POINT('Ctrl Pts',(0.351176557155445,56.5722792532545,7.18943221742314));
#2782=CARTESIAN_POINT('Ctrl Pts',(1.95720649070736,57.1206571372667,7.29694637723109));
#2783=CARTESIAN_POINT('Ctrl Pts',(3.13001189595997,58.323413032556,7.52912485429687));
#2784=CARTESIAN_POINT('Ctrl Pts',(3.46602854569785,59.3616576570381,7.72566249258709));
#2785=CARTESIAN_POINT('Ctrl Pts',(3.5135401842606,59.8864894495798,7.82405540339439));
#2786=CARTESIAN_POINT('Ctrl Pts',(4.43654058997946,59.8175271484524,7.49653938147631));
#2787=CARTESIAN_POINT('Ctrl Pts',(4.51621724547989,60.4749505189129,7.60660184085566));
#2788=CARTESIAN_POINT('Ctrl Pts',(4.3716469998094,61.8162092938671,7.82772932506161));
#2789=CARTESIAN_POINT('Ctrl Pts',(2.97091095319737,64.1443952849909,8.19876266343602));
#2790=CARTESIAN_POINT('Ctrl Pts',(-0.226788570839319,65.319135113763,8.37953573557158));
#2791=CARTESIAN_POINT('Ctrl Pts',(-2.77281344503432,64.0525852152057,8.18377953164314));
#2792=CARTESIAN_POINT('Ctrl Pts',(-4.41126843763307,61.9722021060662,7.85353554071686));
#2793=CARTESIAN_POINT('Ctrl Pts',(-4.88448736969881,58.858132708254,7.34312956674054));
#2794=CARTESIAN_POINT('Ctrl Pts',(-2.36053006571332,56.1342427058646,6.85984908773613));
#2795=CARTESIAN_POINT('Ctrl Pts',(0.430568659591096,55.7697961420144,6.79346898595032));
#2796=CARTESIAN_POINT('Ctrl Pts',(2.4154177138055,56.4244115657472,6.91155017604852));
#2797=CARTESIAN_POINT('Ctrl Pts',(3.89770754196017,57.8777806407106,7.16764263330533));
#2798=CARTESIAN_POINT('Ctrl Pts',(4.35686393447903,59.1601037779919,7.38647692209695));
#2799=CARTESIAN_POINT('Ctrl Pts',(4.43654058997946,59.8175271484524,7.4965393814763));
#2800=CARTESIAN_POINT('Ctrl Pts',(4.98970918812475,59.7439930113188,7.49199943665843));
#2801=CARTESIAN_POINT('Ctrl Pts',(5.08885969739007,60.4802786790848,7.61566331360547));
#2802=CARTESIAN_POINT('Ctrl Pts',(4.94668759514617,61.9906814942757,7.86463808411295));
#2803=CARTESIAN_POINT('Ctrl Pts',(3.39498254769552,64.6494125487479,8.2862962081495));
#2804=CARTESIAN_POINT('Ctrl Pts',(-0.26123916635701,66.014377694533,8.49395355585671));
#2805=CARTESIAN_POINT('Ctrl Pts',(-3.16400588242174,64.5462010368346,8.26927622004821));
#2806=CARTESIAN_POINT('Ctrl Pts',(-4.99733124683166,62.166042995144,7.89337735153579));
#2807=CARTESIAN_POINT('Ctrl Pts',(-5.47169676812912,58.6540803502743,7.31814748699831));
#2808=CARTESIAN_POINT('Ctrl Pts',(-2.62307498975274,55.6606326326626,6.78126968154539));
#2809=CARTESIAN_POINT('Ctrl Pts',(0.478084091367849,55.2615276793083,6.70777162964718));
#2810=CARTESIAN_POINT('Ctrl Pts',(2.68979033205957,55.9788696881443,6.83872764928841));
#2811=CARTESIAN_POINT('Ctrl Pts',(4.35750520640202,57.580529346145,7.12366212219454));
#2812=CARTESIAN_POINT('Ctrl Pts',(4.89055867885944,59.0077073435528,7.36833555971139));
#2813=CARTESIAN_POINT('Ctrl Pts',(4.98970918812476,59.7439930113188,7.49199943665843));
#2814=CARTESIAN_POINT('',(4.98970918812476,59.7439930113188,7.49199943665843));
#2815=CARTESIAN_POINT('',(2.4777512617356,59.6672107499217,9.95798424623879));
#2816=CARTESIAN_POINT('Origin',(4.95550252347119,59.3344214998435,9.95798424623879));
#2817=CARTESIAN_POINT('',(-2.49773887701618,59.9987156619247,10.068452475954));
#2818=CARTESIAN_POINT('Ctrl Pts',(2.4777512617356,59.6672107499217,9.95798424623879));
#2819=CARTESIAN_POINT('Ctrl Pts',(2.52719833184947,60.0353642895416,10.0816481231858));
#2820=CARTESIAN_POINT('Ctrl Pts',(2.45702209568094,60.7904898863906,10.3306228936933));
#2821=CARTESIAN_POINT('Ctrl Pts',(1.68684569242646,62.1194190807223,10.7522810177298));
#2822=CARTESIAN_POINT('Ctrl Pts',(-0.129838562979198,62.8015315833566,10.9599383654371));
#2823=CARTESIAN_POINT('Ctrl Pts',(-1.57200220727988,62.0678196509345,10.7352610296286));
#2824=CARTESIAN_POINT('Ctrl Pts',(-2.32210404048954,61.0875022147635,10.4255096158813));
#2825=CARTESIAN_POINT('Ctrl Pts',(-2.49550821022047,60.4802707583862,10.2282656277789));
#2826=CARTESIAN_POINT('Ctrl Pts',(-2.49773887701618,59.9987156619247,10.068452475954));
#2827=CARTESIAN_POINT('Ctrl Pts',(-2.49773887701618,59.9987156619247,10.068452475954));
#2828=CARTESIAN_POINT('Ctrl Pts',(-2.49895029354308,59.7371957416964,9.98166215222208));
#2829=CARTESIAN_POINT('Ctrl Pts',(-2.34986436371077,58.7342504177804,9.64496129091378));
#2830=CARTESIAN_POINT('Ctrl Pts',(-1.30170322905751,57.6249265547997,9.24725449112576));
#2831=CARTESIAN_POINT('Ctrl Pts',(0.23723889277807,57.425207959999,9.17375643922754));
#2832=CARTESIAN_POINT('Ctrl Pts',(1.33498654766855,57.7841368470169,9.30471245886877));
#2833=CARTESIAN_POINT('Ctrl Pts',(2.16319285716058,58.5853441012296,9.5896469317749));
#2834=CARTESIAN_POINT('Ctrl Pts',(2.42830419162173,59.2990572103018,9.83432036929175));
#2835=CARTESIAN_POINT('Ctrl Pts',(2.4777512617356,59.6672107499217,9.95798424623879));
#2836=CARTESIAN_POINT('',(-0.00123281494324619,55.4094690184335,6.7349110267293));
#2837=CARTESIAN_POINT('Ctrl Pts',(4.98970918812476,59.7439930113188,7.49199943665843));
#2838=CARTESIAN_POINT('Ctrl Pts',(4.89055867885944,59.0077073435528,7.36833555971139));
#2839=CARTESIAN_POINT('Ctrl Pts',(4.35750520640202,57.580529346145,7.12366212219454));
#2840=CARTESIAN_POINT('Ctrl Pts',(2.68979033205957,55.9788696881443,6.83872764928841));
#2841=CARTESIAN_POINT('Ctrl Pts',(1.06627285916345,55.4523000814033,6.74259852411039));
#2842=CARTESIAN_POINT('Ctrl Pts',(0.15249249460932,55.4097285880143,6.73494213857914));
#2843=CARTESIAN_POINT('Ctrl Pts',(-0.00123281494324638,55.4094690184335,
6.7349110267293));
#2844=CARTESIAN_POINT('',(-0.00196613169474875,65.4113461162192,8.40194505009313));
#2845=CARTESIAN_POINT('Ctrl Pts',(-0.00123281494324638,55.4094690184335,
6.7349110267293));
#2846=CARTESIAN_POINT('Ctrl Pts',(-0.607885181647823,55.4084446685659,6.73478824878601));
#2847=CARTESIAN_POINT('Ctrl Pts',(-2.73825597897762,55.7816695045719,6.80297776409758));
#2848=CARTESIAN_POINT('Ctrl Pts',(-5.47169676812912,58.6540803502743,7.31814748699831));
#2849=CARTESIAN_POINT('Ctrl Pts',(-4.99733124683166,62.166042995144,7.89337735153579));
#2850=CARTESIAN_POINT('Ctrl Pts',(-3.16400588242174,64.5462010368346,8.26927622004821));
#2851=CARTESIAN_POINT('Ctrl Pts',(-1.56590878247502,65.3544950157797,8.39297069290826));
#2852=CARTESIAN_POINT('Ctrl Pts',(-0.154668416604464,65.4122225491008,8.40205493718536));
#2853=CARTESIAN_POINT('Ctrl Pts',(-0.00196613169474913,65.4113461162192,
8.40194505009313));
#2854=CARTESIAN_POINT('Ctrl Pts',(-0.00196613169474913,65.4113461162192,
8.40194505009313));
#2855=CARTESIAN_POINT('Ctrl Pts',(1.35595732410392,65.4035523312869,8.40096786589369));
#2856=CARTESIAN_POINT('Ctrl Pts',(3.47340995028318,64.5150330343395,8.26498445724523));
#2857=CARTESIAN_POINT('Ctrl Pts',(4.94668759514617,61.9906814942757,7.86463808411295));
#2858=CARTESIAN_POINT('Ctrl Pts',(5.08885969739007,60.4802786790848,7.61566331360547));
#2859=CARTESIAN_POINT('Ctrl Pts',(4.98970918812475,59.7439930113188,7.49199943665843));
#2860=CARTESIAN_POINT('Origin',(0.,0.,5.));
#2861=CARTESIAN_POINT('',(-15.2,1.86146313470398E-15,0.0333333333333336));
#2862=CARTESIAN_POINT('',(-1.86146313470398E-15,15.2,0.0333333333333335));
#2863=CARTESIAN_POINT('Origin',(0.,0.,0.0333333333333336));
#2864=CARTESIAN_POINT('Origin',(0.,0.,0.0333333333333336));
#2865=CARTESIAN_POINT('',(-5.51091059616309E-15,45.,5.));
#2866=CARTESIAN_POINT('',(-4.31284896268425E-6,68.1116670790728,8.85193660419272));
#2867=CARTESIAN_POINT('',(-5.51091059616309E-15,45.,5.));
#2868=CARTESIAN_POINT('',(4.93019807393148,72.1257878968294,9.54901578828308));
#2869=CARTESIAN_POINT('Ctrl Pts',(4.93019807393149,72.1257878968294,9.54901578828309));
#2870=CARTESIAN_POINT('Ctrl Pts',(4.67373016591963,70.8532638293822,9.3345071692036));
#2871=CARTESIAN_POINT('Ctrl Pts',(3.31090646026896,68.8053390191654,8.97639881982895));
#2872=CARTESIAN_POINT('Ctrl Pts',(0.990401795197326,68.1178120512902,8.85324865875613));
#2873=CARTESIAN_POINT('Ctrl Pts',(-4.31284896265649E-6,68.1116670790728,
8.85193660419273));
#2874=CARTESIAN_POINT('',(12.7851087971717,60.4020895575606,7.79005915903937));
#2875=CARTESIAN_POINT('Ctrl Pts',(12.7851087971717,60.4020895575606,7.79005915903937));
#2876=CARTESIAN_POINT('Ctrl Pts',(12.7831910849843,61.8149536852425,8.02036619101003));
#2877=CARTESIAN_POINT('Ctrl Pts',(12.2999794011954,64.6426607371136,8.46527883625422));
#2878=CARTESIAN_POINT('Ctrl Pts',(9.86425922563837,69.0664280672776,9.12169595981033));
#2879=CARTESIAN_POINT('Ctrl Pts',(6.91922215005699,71.2975813864162,9.43391011097432));
#2880=CARTESIAN_POINT('Ctrl Pts',(4.93019807393148,72.1257878968294,9.54901578828308));
#2881=CARTESIAN_POINT('',(12.8593221782951,30.5788604398089,3.02878546207257));
#2882=CARTESIAN_POINT('Ctrl Pts',(12.8593221782951,30.5788604398089,3.02878546207257));
#2883=CARTESIAN_POINT('Ctrl Pts',(12.8147509608025,40.5403096792267,4.5563291619727));
#2884=CARTESIAN_POINT('Ctrl Pts',(12.7985879179073,50.4709869077745,6.17121785682819));
#2885=CARTESIAN_POINT('Ctrl Pts',(12.7851087971717,60.4020895575605,7.79005915903937));
#2886=CARTESIAN_POINT('',(30.5788605126678,12.8593220051439,3.02878546207928));
#2887=CARTESIAN_POINT('Ctrl Pts',(30.5788605126678,12.8593220051439,3.02878546207928));
#2888=CARTESIAN_POINT('Ctrl Pts',(27.9729050807967,12.8709820307545,2.62917384868773));
#2889=CARTESIAN_POINT('Ctrl Pts',(22.738404461325,14.0876264650564,1.9040409701225));
#2890=CARTESIAN_POINT('Ctrl Pts',(16.3014638582543,19.2445154274638,1.62585210150702));
#2891=CARTESIAN_POINT('Ctrl Pts',(13.3190452902784,25.3609915328244,2.26347337169941));
#2892=CARTESIAN_POINT('Ctrl Pts',(12.8651521837258,29.275882723839,2.82897965537686));
#2893=CARTESIAN_POINT('Ctrl Pts',(12.8593221782951,30.5788604398076,3.02878546207238));
#2894=CARTESIAN_POINT('',(60.4020874603818,12.7851084580931,7.79005880538322));
#2895=CARTESIAN_POINT('Ctrl Pts',(60.4020874603818,12.7851084580931,7.79005880538322));
#2896=CARTESIAN_POINT('Ctrl Pts',(50.4709855331328,12.7985876350265,6.17121762362126));
#2897=CARTESIAN_POINT('Ctrl Pts',(40.5403090264062,12.814750734491,4.55632905073865));
#2898=CARTESIAN_POINT('Ctrl Pts',(30.5788605126539,12.859322005144,3.02878546207715));
#2899=CARTESIAN_POINT('',(72.1257878968294,4.93019807393147,9.54901578828308));
#2900=CARTESIAN_POINT('Ctrl Pts',(72.1257878968294,4.93019807393145,9.54901578828307));
#2901=CARTESIAN_POINT('Ctrl Pts',(71.5736501450995,6.25621431229786,9.47227865921981));
#2902=CARTESIAN_POINT('Ctrl Pts',(70.0206328096765,8.7144001640227,9.25502815263637));
#2903=CARTESIAN_POINT('Ctrl Pts',(66.0576214501322,11.8689009634233,8.68095788552315));
#2904=CARTESIAN_POINT('Ctrl Pts',(62.5213839476549,12.7822325834677,8.13551942498112));
#2905=CARTESIAN_POINT('Ctrl Pts',(60.4020874585074,12.7851088000206,7.79005881687857));
#2906=CARTESIAN_POINT('',(72.1257878968294,-4.93019807393149,9.54901578828308));
#2907=CARTESIAN_POINT('Ctrl Pts',(72.1257878968294,-4.9301980739315,9.54901578828308));
#2908=CARTESIAN_POINT('Ctrl Pts',(71.4895262518039,-4.80196419826482,9.44176154426594));
#2909=CARTESIAN_POINT('Ctrl Pts',(69.6496148966431,-4.05166976241137,9.1272035551819));
#2910=CARTESIAN_POINT('Ctrl Pts',(67.6669782848017,-1.10135070427394,8.77159952865923));
#2911=CARTESIAN_POINT('Ctrl Pts',(68.5112401675552,3.11519375809571,8.92497151456551));
#2912=CARTESIAN_POINT('Ctrl Pts',(70.8532637703611,4.67373015402433,9.33450715925444));
#2913=CARTESIAN_POINT('Ctrl Pts',(72.1257878968294,4.93019807393146,9.54901578828308));
#2914=CARTESIAN_POINT('',(60.4020895575605,-12.7851087971717,7.79005915903937));
#2915=CARTESIAN_POINT('Ctrl Pts',(60.4020895575605,-12.7851087971717,7.79005915903937));
#2916=CARTESIAN_POINT('Ctrl Pts',(61.8149536852424,-12.7831910849843,8.02036619101002));
#2917=CARTESIAN_POINT('Ctrl Pts',(64.6426607371136,-12.2999794011954,8.46527883625422));
#2918=CARTESIAN_POINT('Ctrl Pts',(69.0664280672777,-9.86425922563837,9.12169595981034));
#2919=CARTESIAN_POINT('Ctrl Pts',(71.2975813864162,-6.91922215005701,9.43391011097432));
#2920=CARTESIAN_POINT('Ctrl Pts',(72.1257878968294,-4.93019807393149,9.54901578828309));
#2921=CARTESIAN_POINT('',(30.5788604398089,-12.8593221782951,3.02878546207257));
#2922=CARTESIAN_POINT('Ctrl Pts',(30.5788604398089,-12.8593221782951,3.02878546207257));
#2923=CARTESIAN_POINT('Ctrl Pts',(40.5403096792267,-12.8147509608025,4.5563291619727));
#2924=CARTESIAN_POINT('Ctrl Pts',(50.4709869077745,-12.7985879179073,6.17121785682819));
#2925=CARTESIAN_POINT('Ctrl Pts',(60.4020895575605,-12.7851087971717,7.79005915903937));
#2926=CARTESIAN_POINT('',(12.8593220051439,-30.5788605126678,3.02878546207928));
#2927=CARTESIAN_POINT('Ctrl Pts',(12.8593220051439,-30.5788605126678,3.02878546207928));
#2928=CARTESIAN_POINT('Ctrl Pts',(12.8709820307545,-27.9729050807967,2.62917384868773));
#2929=CARTESIAN_POINT('Ctrl Pts',(14.0876264650564,-22.738404461325,1.9040409701225));
#2930=CARTESIAN_POINT('Ctrl Pts',(19.2445154274638,-16.3014638582543,1.62585210150703));
#2931=CARTESIAN_POINT('Ctrl Pts',(25.3609915328244,-13.3190452902785,2.26347337169941));
#2932=CARTESIAN_POINT('Ctrl Pts',(29.275882723839,-12.8651521837258,2.82897965537687));
#2933=CARTESIAN_POINT('Ctrl Pts',(30.5788604398076,-12.8593221782951,3.02878546207239));
#2934=CARTESIAN_POINT('',(12.7851084580931,-60.4020874603818,7.79005880538322));
#2935=CARTESIAN_POINT('Ctrl Pts',(12.7851084580931,-60.4020874603818,7.79005880538322));
#2936=CARTESIAN_POINT('Ctrl Pts',(12.7985876350265,-50.4709855331328,6.17121762362126));
#2937=CARTESIAN_POINT('Ctrl Pts',(12.814750734491,-40.5403090264062,4.55632905073866));
#2938=CARTESIAN_POINT('Ctrl Pts',(12.859322005144,-30.5788605126539,3.02878546207715));
#2939=CARTESIAN_POINT('',(4.93019807393145,-72.1257878968294,9.54901578828308));
#2940=CARTESIAN_POINT('Ctrl Pts',(4.93019807393147,-72.1257878968294,9.54901578828308));
#2941=CARTESIAN_POINT('Ctrl Pts',(6.25621431229788,-71.5736501450995,9.47227865921982));
#2942=CARTESIAN_POINT('Ctrl Pts',(8.71440016402273,-70.0206328096764,9.25502815263638));
#2943=CARTESIAN_POINT('Ctrl Pts',(11.8689009634233,-66.0576214501322,8.68095788552314));
#2944=CARTESIAN_POINT('Ctrl Pts',(12.7822325834677,-62.5213839476549,8.13551942498112));
#2945=CARTESIAN_POINT('Ctrl Pts',(12.7851088000206,-60.4020874585074,7.79005881687857));
#2946=CARTESIAN_POINT('',(-4.93019807393148,-72.1257878968294,9.54901578828308));
#2947=CARTESIAN_POINT('Ctrl Pts',(-4.93019807393149,-72.1257878968294,9.54901578828308));
#2948=CARTESIAN_POINT('Ctrl Pts',(-4.67373032259812,-70.8532646067783,9.33450730024879));
#2949=CARTESIAN_POINT('Ctrl Pts',(-3.11520981988393,-68.5112823427333,8.92497902635906));
#2950=CARTESIAN_POINT('Ctrl Pts',(1.10125311465581,-67.666953798896,8.77159517162553));
#2951=CARTESIAN_POINT('Ctrl Pts',(4.05169629066001,-69.6496152607453,9.12720363676695));
#2952=CARTESIAN_POINT('Ctrl Pts',(4.80196411397789,-71.4895258335952,9.44176147376875));
#2953=CARTESIAN_POINT('Ctrl Pts',(4.93019807393147,-72.1257878968294,9.54901578828308));
#2954=CARTESIAN_POINT('',(-12.7851087971717,-60.4020895575606,7.79005915903937));
#2955=CARTESIAN_POINT('Ctrl Pts',(-12.7851087971717,-60.4020895575606,7.79005915903937));
#2956=CARTESIAN_POINT('Ctrl Pts',(-12.7822322288906,-62.5213857490835,8.13551970699536));
#2957=CARTESIAN_POINT('Ctrl Pts',(-11.8689002831119,-66.0576226093039,8.68095805607345));
#2958=CARTESIAN_POINT('Ctrl Pts',(-8.71439965721012,-70.0206331719613,9.2550282033997));
#2959=CARTESIAN_POINT('Ctrl Pts',(-6.25621412468182,-71.5736502232206,9.47227867007724));
#2960=CARTESIAN_POINT('Ctrl Pts',(-4.93019807393148,-72.1257878968294,9.54901578828308));
#2961=CARTESIAN_POINT('',(-12.8593221782951,-30.5788604398089,3.02878546207257));
#2962=CARTESIAN_POINT('Ctrl Pts',(-12.8593221782951,-30.5788604398089,3.02878546207257));
#2963=CARTESIAN_POINT('Ctrl Pts',(-12.8147509608025,-40.5403096792267,4.5563291619727));
#2964=CARTESIAN_POINT('Ctrl Pts',(-12.7985879179073,-50.4709869077745,6.1712178568282));
#2965=CARTESIAN_POINT('Ctrl Pts',(-12.7851087971717,-60.4020895575606,7.79005915903937));
#2966=CARTESIAN_POINT('',(-30.5788605126678,-12.8593220051439,3.02878546207928));
#2967=CARTESIAN_POINT('Ctrl Pts',(-30.5788605126678,-12.8593220051439,3.02878546207928));
#2968=CARTESIAN_POINT('Ctrl Pts',(-27.9729050807966,-12.8709820307545,2.62917384868772));
#2969=CARTESIAN_POINT('Ctrl Pts',(-22.738404461325,-14.0876264650564,1.9040409701225));
#2970=CARTESIAN_POINT('Ctrl Pts',(-16.3014638582543,-19.2445154274638,1.62585210150703));
#2971=CARTESIAN_POINT('Ctrl Pts',(-13.3190452902785,-25.3609915328244,2.26347337169941));
#2972=CARTESIAN_POINT('Ctrl Pts',(-12.8651521837258,-29.275882723839,2.82897965537686));
#2973=CARTESIAN_POINT('Ctrl Pts',(-12.8593221782951,-30.5788604398077,3.02878546207238));
#2974=CARTESIAN_POINT('',(-60.4020874603818,-12.7851084580931,7.79005880538323));
#2975=CARTESIAN_POINT('Ctrl Pts',(-60.4020874603818,-12.7851084580931,7.79005880538323));
#2976=CARTESIAN_POINT('Ctrl Pts',(-50.4709855331328,-12.7985876350266,6.17121762362126));
#2977=CARTESIAN_POINT('Ctrl Pts',(-40.5403090264062,-12.8147507344911,4.55632905073866));
#2978=CARTESIAN_POINT('Ctrl Pts',(-30.5788605126539,-12.859322005144,3.02878546207715));
#2979=CARTESIAN_POINT('',(-72.1257878968294,-4.9301980739315,9.54901578828308));
#2980=CARTESIAN_POINT('Ctrl Pts',(-72.1257878968294,-4.93019807393149,9.54901578828308));
#2981=CARTESIAN_POINT('Ctrl Pts',(-71.5736501450995,-6.2562143122979,9.47227865921982));
#2982=CARTESIAN_POINT('Ctrl Pts',(-70.0206328096765,-8.71440016402274,9.25502815263638));
#2983=CARTESIAN_POINT('Ctrl Pts',(-66.0576214501322,-11.8689009634233,8.68095788552315));
#2984=CARTESIAN_POINT('Ctrl Pts',(-62.5213839476549,-12.7822325834677,8.13551942498112));
#2985=CARTESIAN_POINT('Ctrl Pts',(-60.4020874585074,-12.7851088000206,7.79005881687858));
#2986=CARTESIAN_POINT('',(-72.1257878968294,4.93019807393146,9.54901578828308));
#2987=CARTESIAN_POINT('Ctrl Pts',(-72.1257878968294,4.93019807393147,9.54901578828309));
#2988=CARTESIAN_POINT('Ctrl Pts',(-70.8532646067783,4.6737303225981,9.3345073002488));
#2989=CARTESIAN_POINT('Ctrl Pts',(-68.509560091858,3.11006102852781,8.92480657152331));
#2990=CARTESIAN_POINT('Ctrl Pts',(-67.8142716923545,-0.388067533185016,
8.7981423584766));
#2991=CARTESIAN_POINT('Ctrl Pts',(-69.1137856112279,-3.5018936163458,9.03129756630072));
#2992=CARTESIAN_POINT('Ctrl Pts',(-70.8532637703609,-4.67373015402433,9.33450715925442));
#2993=CARTESIAN_POINT('Ctrl Pts',(-72.1257878968294,-4.93019807393149,9.54901578828308));
#2994=CARTESIAN_POINT('',(-60.4020895575606,12.7851087971717,7.79005915903937));
#2995=CARTESIAN_POINT('Ctrl Pts',(-60.4020895575605,12.7851087971717,7.79005915903937));
#2996=CARTESIAN_POINT('Ctrl Pts',(-61.8149536852424,12.7831910849843,8.02036619101002));
#2997=CARTESIAN_POINT('Ctrl Pts',(-64.6426607371136,12.2999794011954,8.46527883625421));
#2998=CARTESIAN_POINT('Ctrl Pts',(-69.0664280672776,9.86425922563835,9.12169595981034));
#2999=CARTESIAN_POINT('Ctrl Pts',(-71.2975813864163,6.91922215005699,9.43391011097432));
#3000=CARTESIAN_POINT('Ctrl Pts',(-72.1257878968294,4.93019807393146,9.54901578828308));
#3001=CARTESIAN_POINT('',(-30.5788604398089,12.8593221782951,3.02878546207257));
#3002=CARTESIAN_POINT('Ctrl Pts',(-30.5788604398089,12.8593221782951,3.02878546207257));
#3003=CARTESIAN_POINT('Ctrl Pts',(-40.5403096792267,12.8147509608025,4.5563291619727));
#3004=CARTESIAN_POINT('Ctrl Pts',(-50.4709869077745,12.7985879179073,6.1712178568282));
#3005=CARTESIAN_POINT('Ctrl Pts',(-60.4020895575605,12.7851087971717,7.79005915903937));
#3006=CARTESIAN_POINT('',(-12.8593220051439,30.5788605126678,3.02878546207928));
#3007=CARTESIAN_POINT('Ctrl Pts',(-12.8593220051439,30.5788605126678,3.02878546207928));
#3008=CARTESIAN_POINT('Ctrl Pts',(-12.8709820307545,27.9729050807966,2.62917384868772));
#3009=CARTESIAN_POINT('Ctrl Pts',(-13.7888600318637,24.048794650031,2.09402728244358));
#3010=CARTESIAN_POINT('Ctrl Pts',(-17.379046415855,18.3842381581407,1.67172646533034));
#3011=CARTESIAN_POINT('Ctrl Pts',(-22.7352983514957,14.0884595841907,1.90465714630733));
#3012=CARTESIAN_POINT('Ctrl Pts',(-27.9729050078704,12.8709821891564,2.62917384868134));
#3013=CARTESIAN_POINT('Ctrl Pts',(-30.5788604398076,12.8593221782951,3.02878546207238));
#3014=CARTESIAN_POINT('',(-12.7851084581002,60.4020874551383,7.7900588045285));
#3015=CARTESIAN_POINT('Ctrl Pts',(-12.7851084581002,60.4020874551383,7.7900588045285));
#3016=CARTESIAN_POINT('Ctrl Pts',(-12.7985876350335,50.4709855296354,6.17121762305735));
#3017=CARTESIAN_POINT('Ctrl Pts',(-12.8147507344989,40.5403090246531,4.55632905046982));
#3018=CARTESIAN_POINT('Ctrl Pts',(-12.859322005144,30.5788605126539,3.02878546207714));
#3019=CARTESIAN_POINT('',(-4.93019807393147,72.1257878968294,9.54901578828308));
#3020=CARTESIAN_POINT('Ctrl Pts',(-4.93019807393145,72.1257878968294,9.54901578828308));
#3021=CARTESIAN_POINT('Ctrl Pts',(-6.25621431276653,71.5736501449043,9.47227865919269));
#3022=CARTESIAN_POINT('Ctrl Pts',(-8.71440016528875,70.0206328087714,9.25502815250957));
#3023=CARTESIAN_POINT('Ctrl Pts',(-11.8689009651227,66.0576214472365,8.6809578850971));
#3024=CARTESIAN_POINT('Ctrl Pts',(-12.7822325843535,62.5213839431548,8.13551942427664));
#3025=CARTESIAN_POINT('Ctrl Pts',(-12.7851088000277,60.4020874532639,7.79005881602385));
#3026=CARTESIAN_POINT('Ctrl Pts',(-4.31284896265649E-6,68.1116670790728,
8.85193660419273));
#3027=CARTESIAN_POINT('Ctrl Pts',(-0.332166449896066,68.1096061799252,8.85149656768228));
#3028=CARTESIAN_POINT('Ctrl Pts',(-1.98509004816049,68.2608577871534,8.87811725401481));
#3029=CARTESIAN_POINT('Ctrl Pts',(-4.05166976003751,69.6496148932401,9.1272035545882));
#3030=CARTESIAN_POINT('Ctrl Pts',(-4.80196419814208,71.4895262511949,9.4417615441633));
#3031=CARTESIAN_POINT('Ctrl Pts',(-4.93019807393148,72.1257878968294,9.54901578828308));
#3032=CARTESIAN_POINT('',(-59.7439930113188,4.98970918812473,7.49199943665843));
#3033=CARTESIAN_POINT('Ctrl Pts',(-59.7439930113188,4.98970918812473,7.49199943665843));
#3034=CARTESIAN_POINT('Ctrl Pts',(-59.0077073435527,4.89055867885941,7.36833555971138));
#3035=CARTESIAN_POINT('Ctrl Pts',(-57.580529346145,4.35750520640202,7.12366212219455));
#3036=CARTESIAN_POINT('Ctrl Pts',(-55.9788696881444,2.68979033205955,6.83872764928841));
#3037=CARTESIAN_POINT('Ctrl Pts',(-55.2615276793083,0.478084091367799,6.70777162964718));
#3038=CARTESIAN_POINT('Ctrl Pts',(-55.6606326326626,-2.62307498975277,6.7812696815454));
#3039=CARTESIAN_POINT('Ctrl Pts',(-58.6540803502744,-5.47169676812912,7.31814748699832));
#3040=CARTESIAN_POINT('Ctrl Pts',(-62.1660429951441,-4.99733124683167,7.8933773515358));
#3041=CARTESIAN_POINT('Ctrl Pts',(-64.5462010368346,-3.16400588242175,8.2692762200482));
#3042=CARTESIAN_POINT('Ctrl Pts',(-66.0143776945331,-0.261239166357012,
8.49395355585672));
#3043=CARTESIAN_POINT('Ctrl Pts',(-64.6494125487478,3.39498254769553,8.28629620814949));
#3044=CARTESIAN_POINT('Ctrl Pts',(-61.9906814942757,4.94668759514615,7.86463808411295));
#3045=CARTESIAN_POINT('Ctrl Pts',(-60.4802786790847,5.08885969739004,7.61566331360546));
#3046=CARTESIAN_POINT('Ctrl Pts',(-59.7439930113188,4.98970918812474,7.49199943665843));
#3047=CARTESIAN_POINT('',(59.7439930113188,-4.98970918812477,7.49199943665843));
#3048=CARTESIAN_POINT('Ctrl Pts',(59.7439930113188,-4.98970918812477,7.49199943665843));
#3049=CARTESIAN_POINT('Ctrl Pts',(59.0077073435528,-4.89055867885945,7.36833555971139));
#3050=CARTESIAN_POINT('Ctrl Pts',(57.579872111722,-4.35693829253631,7.12355441157078));
#3051=CARTESIAN_POINT('Ctrl Pts',(55.9824595293767,-2.69187321293617,6.83930881814118));
#3052=CARTESIAN_POINT('Ctrl Pts',(55.2591709854166,-0.475998174852618,6.70738384668738));
#3053=CARTESIAN_POINT('Ctrl Pts',(55.5715709951241,1.84128836882021,6.76462782264927));
#3054=CARTESIAN_POINT('Ctrl Pts',(56.8471045334748,3.77214243606291,6.99430326778565));
#3055=CARTESIAN_POINT('Ctrl Pts',(59.0370773730509,5.08761880866451,7.37587548615508));
#3056=CARTESIAN_POINT('Ctrl Pts',(61.3557883369324,5.11904635111594,7.76135280833461));
#3057=CARTESIAN_POINT('Ctrl Pts',(64.1130889934387,3.86515062790273,8.20302793169834));
#3058=CARTESIAN_POINT('Ctrl Pts',(65.6805963625401,1.25458743464497,8.4430508220905));
#3059=CARTESIAN_POINT('Ctrl Pts',(65.2441533573615,-1.83875149708507,8.37627568699819));
#3060=CARTESIAN_POINT('Ctrl Pts',(63.5503998664916,-4.42412964074551,8.11428070646101));
#3061=CARTESIAN_POINT('Ctrl Pts',(61.2165643468507,-5.18801020665539,7.7393271905525));
#3062=CARTESIAN_POINT('Ctrl Pts',(59.7439930113188,-4.98970918812476,7.49199943665843));
#3063=CARTESIAN_POINT('',(-4.98970918812476,-59.7439930113188,7.49199943665843));
#3064=CARTESIAN_POINT('Ctrl Pts',(-4.98970918812476,-59.7439930113188,7.49199943665843));
#3065=CARTESIAN_POINT('Ctrl Pts',(-4.89055867885946,-59.0077073435529,7.36833555971141));
#3066=CARTESIAN_POINT('Ctrl Pts',(-4.35693829253627,-57.5798721117219,7.12355441157077));
#3067=CARTESIAN_POINT('Ctrl Pts',(-2.69187321293619,-55.9824595293767,6.83930881814118));
#3068=CARTESIAN_POINT('Ctrl Pts',(-0.475998174852608,-55.2591709854166,
6.70738384668737));
#3069=CARTESIAN_POINT('Ctrl Pts',(1.84128836882024,-55.5715709951241,6.76462782264927));
#3070=CARTESIAN_POINT('Ctrl Pts',(3.77214243606293,-56.8471045334749,6.99430326778566));
#3071=CARTESIAN_POINT('Ctrl Pts',(5.08761880866452,-59.0370773730509,7.37587548615508));
#3072=CARTESIAN_POINT('Ctrl Pts',(5.11904635111594,-61.3557883369324,7.76135280833461));
#3073=CARTESIAN_POINT('Ctrl Pts',(3.86515062790274,-64.1130889934387,8.20302793169835));
#3074=CARTESIAN_POINT('Ctrl Pts',(1.25458743464495,-65.6805963625401,8.4430508220905));
#3075=CARTESIAN_POINT('Ctrl Pts',(-1.83875149708505,-65.2441533573615,8.37627568699819));
#3076=CARTESIAN_POINT('Ctrl Pts',(-4.42412964074555,-63.5503998664916,8.114280706461));
#3077=CARTESIAN_POINT('Ctrl Pts',(-5.18801020665538,-61.2165643468507,7.73932719055249));
#3078=CARTESIAN_POINT('Ctrl Pts',(-4.98970918812476,-59.7439930113188,7.49199943665843));
#3079=CARTESIAN_POINT('Origin',(0.,60.,0.));
#3080=CARTESIAN_POINT('',(-2.5,60.,17.5));
#3081=CARTESIAN_POINT('',(2.5,60.,17.5));
#3082=CARTESIAN_POINT('Origin',(0.,60.,17.5));
#3083=CARTESIAN_POINT('',(-2.5,60.,0.));
#3084=CARTESIAN_POINT('Origin',(0.,60.,17.5));
#3085=CARTESIAN_POINT('Ctrl Pts',(-59.6672107499217,2.47775126173558,9.95798424623879));
#3086=CARTESIAN_POINT('Ctrl Pts',(-60.0353642895416,2.52719833184945,10.0816481231858));
#3087=CARTESIAN_POINT('Ctrl Pts',(-60.7904898863906,2.45702209568094,10.3306228936933));
#3088=CARTESIAN_POINT('Ctrl Pts',(-62.1194190807223,1.68684569242645,10.7522810177298));
#3089=CARTESIAN_POINT('Ctrl Pts',(-62.8015315833566,-0.129838562979208,
10.9599383654371));
#3090=CARTESIAN_POINT('Ctrl Pts',(-62.0678196509345,-1.57200220727989,10.7352610296286));
#3091=CARTESIAN_POINT('Ctrl Pts',(-60.8781552985375,-2.482288384707,10.3593621611162));
#3092=CARTESIAN_POINT('Ctrl Pts',(-59.1224402040787,-2.71665125115221,9.78413229657868));
#3093=CARTESIAN_POINT('Ctrl Pts',(-57.6249265547998,-1.30170322905753,9.24725449112576));
#3094=CARTESIAN_POINT('Ctrl Pts',(-57.425207959999,0.237238892778038,9.17375643922754));
#3095=CARTESIAN_POINT('Ctrl Pts',(-57.784136847017,1.33498654766853,9.30471245886877));
#3096=CARTESIAN_POINT('Ctrl Pts',(-58.5853441012297,2.16319285716058,9.58964693177491));
#3097=CARTESIAN_POINT('Ctrl Pts',(-59.2990572103018,2.42830419162171,9.83432036929174));
#3098=CARTESIAN_POINT('Ctrl Pts',(-59.6672107499217,2.47775126173558,9.95798424623879));
#3099=CARTESIAN_POINT('Ctrl Pts',(-59.727754425299,2.48588294332805,9.59099823897837));
#3100=CARTESIAN_POINT('Ctrl Pts',(-60.0984582932021,2.52649150860161,9.70897501080417));
#3101=CARTESIAN_POINT('Ctrl Pts',(-60.8509968594366,2.43700217586651,9.94607586368617));
#3102=CARTESIAN_POINT('Ctrl Pts',(-62.1420992381764,1.64319432451771,10.3457059675596));
#3103=CARTESIAN_POINT('Ctrl Pts',(-62.7845150360416,-0.124572880915831,
10.5412848342204));
#3104=CARTESIAN_POINT('Ctrl Pts',(-62.0905224245576,-1.53543789400048,10.3294893407684));
#3105=CARTESIAN_POINT('Ctrl Pts',(-60.9384887170293,-2.45678445860887,9.97345797102201));
#3106=CARTESIAN_POINT('Ctrl Pts',(-59.1938663911966,-2.74598360768826,9.42593513553956));
#3107=CARTESIAN_POINT('Ctrl Pts',(-57.6315276062286,-1.3369066201327,8.91077456025391));
#3108=CARTESIAN_POINT('Ctrl Pts',(-57.4214899185764,0.244021196730918,8.84018069758711));
#3109=CARTESIAN_POINT('Ctrl Pts',(-57.7982659167785,1.36529367069923,8.96594012154669));
#3110=CARTESIAN_POINT('Ctrl Pts',(-58.6299564362176,2.19533112725631,9.23912832094978));
#3111=CARTESIAN_POINT('Ctrl Pts',(-59.3570505573957,2.44527437805448,9.47302146715254));
#3112=CARTESIAN_POINT('Ctrl Pts',(-59.727754425299,2.48588294332805,9.59099823897837));
#3113=CARTESIAN_POINT('Ctrl Pts',(-59.8261604922188,2.66972211118232,8.85806229684224));
#3114=CARTESIAN_POINT('Ctrl Pts',(-60.2262687830563,2.7014315711765,8.96472266211903));
#3115=CARTESIAN_POINT('Ctrl Pts',(-61.0280795184621,2.57989074273831,9.178224235266));
#3116=CARTESIAN_POINT('Ctrl Pts',(-62.3583049711641,1.69829085226726,9.53407530675698));
#3117=CARTESIAN_POINT('Ctrl Pts',(-62.9908821614808,-0.125994659130861,
9.70567381226959));
#3118=CARTESIAN_POINT('Ctrl Pts',(-62.3029615965619,-1.59271973409173,9.51946881225916));
#3119=CARTESIAN_POINT('Ctrl Pts',(-61.1213144164405,-2.59395144660855,9.20293250151253));
#3120=CARTESIAN_POINT('Ctrl Pts',(-59.2688200890209,-2.97676914382522,8.71047729190502));
#3121=CARTESIAN_POINT('Ctrl Pts',(-57.5123404454336,-1.47612428391944,8.23852902052245));
#3122=CARTESIAN_POINT('Ctrl Pts',(-57.2745839309803,0.269867361922207,8.17370480641068));
#3123=CARTESIAN_POINT('Ctrl Pts',(-57.7006720976795,1.50017888048009,8.28912605253114));
#3124=CARTESIAN_POINT('Ctrl Pts',(-58.6303641171982,2.39071824127494,8.53894229919711));
#3125=CARTESIAN_POINT('Ctrl Pts',(-59.4260522013813,2.63801265118814,8.75140193156543));
#3126=CARTESIAN_POINT('Ctrl Pts',(-59.8261604922188,2.66972211118232,8.85806229684224));
#3127=CARTESIAN_POINT('Ctrl Pts',(-59.8864894495798,3.51354018426058,7.82405540339439));
#3128=CARTESIAN_POINT('Ctrl Pts',(-60.4113212421214,3.56105182282332,7.92244831420168));
#3129=CARTESIAN_POINT('Ctrl Pts',(-61.4683144529686,3.41320479852881,8.11876941866551));
#3130=CARTESIAN_POINT('Ctrl Pts',(-63.2430704857213,2.26558049537097,8.44347650596068));
#3131=CARTESIAN_POINT('Ctrl Pts',(-64.1002769766967,-0.169374576796635,
8.59834667349548));
#3132=CARTESIAN_POINT('Ctrl Pts',(-63.1702278039754,-2.12201796690547,8.42999305275804));
#3133=CARTESIAN_POINT('Ctrl Pts',(-61.591307471703,-3.43510997111199,8.14143721653741));
#3134=CARTESIAN_POINT('Ctrl Pts',(-59.145611125093,-3.9045808888334,7.68896140844574));
#3135=CARTESIAN_POINT('Ctrl Pts',(-56.8779224836945,-1.92210048827167,7.2498025004909));
#3136=CARTESIAN_POINT('Ctrl Pts',(-56.5722792532545,0.351176557155406,7.18943221742314));
#3137=CARTESIAN_POINT('Ctrl Pts',(-57.1206571372667,1.95720649070734,7.29694637723109));
#3138=CARTESIAN_POINT('Ctrl Pts',(-58.3234130325561,3.13001189595997,7.52912485429688));
#3139=CARTESIAN_POINT('Ctrl Pts',(-59.3616576570381,3.46602854569783,7.72566249258709));
#3140=CARTESIAN_POINT('Ctrl Pts',(-59.8864894495798,3.51354018426058,7.82405540339439));
#3141=CARTESIAN_POINT('Ctrl Pts',(-59.8175271484524,4.43654058997945,7.4965393814763));
#3142=CARTESIAN_POINT('Ctrl Pts',(-60.4749505189128,4.51621724547987,7.60660184085565));
#3143=CARTESIAN_POINT('Ctrl Pts',(-61.8162092938671,4.37164699980938,7.82772932506161));
#3144=CARTESIAN_POINT('Ctrl Pts',(-64.1443952849908,2.97091095319738,8.198762663436));
#3145=CARTESIAN_POINT('Ctrl Pts',(-65.3191351137631,-0.22678857083932,8.37953573557159));
#3146=CARTESIAN_POINT('Ctrl Pts',(-64.0525852152057,-2.77281344503433,8.18377953164314));
#3147=CARTESIAN_POINT('Ctrl Pts',(-61.9722021060663,-4.41126843763307,7.85353554071687));
#3148=CARTESIAN_POINT('Ctrl Pts',(-58.858132708254,-4.88448736969882,7.34312956674055));
#3149=CARTESIAN_POINT('Ctrl Pts',(-56.1342427058647,-2.36053006571336,6.85984908773614));
#3150=CARTESIAN_POINT('Ctrl Pts',(-55.7697961420144,0.430568659591048,6.79346898595032));
#3151=CARTESIAN_POINT('Ctrl Pts',(-56.4244115657472,2.41541771380548,6.91155017604852));
#3152=CARTESIAN_POINT('Ctrl Pts',(-57.8777806407106,3.89770754196017,7.16764263330535));
#3153=CARTESIAN_POINT('Ctrl Pts',(-59.1601037779918,4.356863934479,7.38647692209694));
#3154=CARTESIAN_POINT('Ctrl Pts',(-59.8175271484524,4.43654058997944,7.49653938147631));
#3155=CARTESIAN_POINT('Ctrl Pts',(-59.7439930113188,4.98970918812474,7.49199943665843));
#3156=CARTESIAN_POINT('Ctrl Pts',(-60.4802786790847,5.08885969739004,7.61566331360546));
#3157=CARTESIAN_POINT('Ctrl Pts',(-61.9906814942757,4.94668759514615,7.86463808411295));
#3158=CARTESIAN_POINT('Ctrl Pts',(-64.6494125487478,3.39498254769553,8.28629620814949));
#3159=CARTESIAN_POINT('Ctrl Pts',(-66.0143776945331,-0.261239166357012,
8.49395355585672));
#3160=CARTESIAN_POINT('Ctrl Pts',(-64.5462010368346,-3.16400588242175,8.2692762200482));
#3161=CARTESIAN_POINT('Ctrl Pts',(-62.1660429951441,-4.99733124683167,7.8933773515358));
#3162=CARTESIAN_POINT('Ctrl Pts',(-58.6540803502744,-5.47169676812912,7.31814748699832));
#3163=CARTESIAN_POINT('Ctrl Pts',(-55.6606326326626,-2.62307498975277,6.7812696815454));
#3164=CARTESIAN_POINT('Ctrl Pts',(-55.2615276793083,0.478084091367799,6.70777162964718));
#3165=CARTESIAN_POINT('Ctrl Pts',(-55.9788696881444,2.68979033205955,6.83872764928841));
#3166=CARTESIAN_POINT('Ctrl Pts',(-57.580529346145,4.35750520640202,7.12366212219455));
#3167=CARTESIAN_POINT('Ctrl Pts',(-59.0077073435527,4.89055867885941,7.36833555971138));
#3168=CARTESIAN_POINT('Ctrl Pts',(-59.7439930113188,4.98970918812473,7.49199943665843));
#3169=CARTESIAN_POINT('',(-59.6672107499217,2.47775126173558,9.95798424623879));
#3170=CARTESIAN_POINT('Origin',(-59.3344214998435,4.95550252347118,9.95798424623879));
#3171=CARTESIAN_POINT('',(-62.5001749003992,-0.000983334650284939,10.8679298596735));
#3172=CARTESIAN_POINT('Ctrl Pts',(-59.6672107499217,2.47775126173558,9.95798424623879));
#3173=CARTESIAN_POINT('Ctrl Pts',(-60.0353642895416,2.52719833184945,10.0816481231858));
#3174=CARTESIAN_POINT('Ctrl Pts',(-60.7904898863906,2.45702209568094,10.3306228936933));
#3175=CARTESIAN_POINT('Ctrl Pts',(-62.0522513769724,1.72577250712026,10.7309692668256));
#3176=CARTESIAN_POINT('Ctrl Pts',(-62.4962835400662,0.673702725593746,10.866952675474));
#3177=CARTESIAN_POINT('Ctrl Pts',(-62.5001749003991,-0.000983334650285035,
10.8679298596735));
#3178=CARTESIAN_POINT('Ctrl Pts',(-62.5001749003991,-0.000983334650285035,
10.8679298596735));
#3179=CARTESIAN_POINT('Ctrl Pts',(-62.5006124947361,-0.0768536663365436,
10.8680397467657));
#3180=CARTESIAN_POINT('Ctrl Pts',(-62.4717594180921,-0.778029503634586,
10.8589555024886));
#3181=CARTESIAN_POINT('Ctrl Pts',(-62.0678196509345,-1.57200220727989,10.7352610296286));
#3182=CARTESIAN_POINT('Ctrl Pts',(-60.8781552985375,-2.482288384707,10.3593621611162));
#3183=CARTESIAN_POINT('Ctrl Pts',(-59.1224402040787,-2.71665125115221,9.78413229657868));
#3184=CARTESIAN_POINT('Ctrl Pts',(-57.6249265547998,-1.30170322905753,9.24725449112576));
#3185=CARTESIAN_POINT('Ctrl Pts',(-57.425207959999,0.237238892778038,9.17375643922754));
#3186=CARTESIAN_POINT('Ctrl Pts',(-57.784136847017,1.33498654766853,9.30471245886877));
#3187=CARTESIAN_POINT('Ctrl Pts',(-58.5853441012297,2.16319285716058,9.58964693177491));
#3188=CARTESIAN_POINT('Ctrl Pts',(-59.2990572103018,2.42830419162171,9.83432036929174));
#3189=CARTESIAN_POINT('Ctrl Pts',(-59.6672107499217,2.47775126173558,9.95798424623879));
#3190=CARTESIAN_POINT('Origin',(-60.,-1.33226762955019E-14,0.));
#3191=CARTESIAN_POINT('',(-62.5,-1.3016514595715E-14,17.5));
#3192=CARTESIAN_POINT('',(-57.5,-1.36288379952887E-14,17.5));
#3193=CARTESIAN_POINT('Origin',(-60.,-1.33226762955019E-14,17.5));
#3194=CARTESIAN_POINT('',(-62.5,-1.36288379952887E-14,0.));
#3195=CARTESIAN_POINT('Origin',(-60.,-1.33226762955019E-14,17.5));
#3196=CARTESIAN_POINT('Ctrl Pts',(-2.4777512617356,-59.6672107499217,9.95798424623879));
#3197=CARTESIAN_POINT('Ctrl Pts',(-2.57664540196334,-60.4035178291615,10.2053120001329));
#3198=CARTESIAN_POINT('Ctrl Pts',(-2.19789983081928,-61.5701303910859,10.5802655160414));
#3199=CARTESIAN_POINT('Ctrl Pts',(-0.913619344481281,-62.4166204823325,
10.8422604965785));
#3200=CARTESIAN_POINT('Ctrl Pts',(0.623389238414992,-62.63472922108,10.9090356316709));
#3201=CARTESIAN_POINT('Ctrl Pts',(1.92030519044079,-61.851376215979,10.6690127412787));
#3202=CARTESIAN_POINT('Ctrl Pts',(2.54246919878314,-60.4731011615679,10.227337617915));
#3203=CARTESIAN_POINT('Ctrl Pts',(2.52613843777854,-59.313799461512,9.84186029573544));
#3204=CARTESIAN_POINT('Ctrl Pts',(1.87240312159891,-58.218486231406,9.46028807736602));
#3205=CARTESIAN_POINT('Ctrl Pts',(0.913793547053697,-57.5803477728747,9.23061263222963));
#3206=CARTESIAN_POINT('Ctrl Pts',(-0.236216238635465,-57.4240311124559,
9.17336865626773));
#3207=CARTESIAN_POINT('Ctrl Pts',(-1.33600362326189,-57.785929649994,9.30529362772154));
#3208=CARTESIAN_POINT('Ctrl Pts',(-2.16291500536904,-58.5850159090008,9.58953922115113));
#3209=CARTESIAN_POINT('Ctrl Pts',(-2.42830419162174,-59.2990572103019,9.83432036929177));
#3210=CARTESIAN_POINT('Ctrl Pts',(-2.4777512617356,-59.6672107499217,9.95798424623879));
#3211=CARTESIAN_POINT('Ctrl Pts',(-2.48588294332807,-59.7277544252989,9.59099823897837));
#3212=CARTESIAN_POINT('Ctrl Pts',(-2.56710007387519,-60.4691621611053,9.82695178262998));
#3213=CARTESIAN_POINT('Ctrl Pts',(-2.15757556595382,-61.6138334208073,10.1830103741934));
#3214=CARTESIAN_POINT('Ctrl Pts',(-0.888885826995101,-62.4208380483654,
10.4303787483006));
#3215=CARTESIAN_POINT('Ctrl Pts',(0.605019164651267,-62.6272170053894,10.4933314151979));
#3216=CARTESIAN_POINT('Ctrl Pts',(1.87935230196618,-61.8856016571403,10.2670243719012));
#3217=CARTESIAN_POINT('Ctrl Pts',(2.52941414590397,-60.5373518387681,9.84786993177409));
#3218=CARTESIAN_POINT('Ctrl Pts',(2.54468073192219,-59.3760871129321,9.4804408233835));
#3219=CARTESIAN_POINT('Ctrl Pts',(1.90727203529989,-58.2507358962754,9.11518327151286));
#3220=CARTESIAN_POINT('Ctrl Pts',(0.936690919594143,-57.5846993391958,8.8947990090138));
#3221=CARTESIAN_POINT('Ctrl Pts',(-0.242521798110075,-57.4202106251564,
8.83980453288098));
#3222=CARTESIAN_POINT('Ctrl Pts',(-1.36690760821689,-57.8001659921179,8.96650072967377));
#3223=CARTESIAN_POINT('Ctrl Pts',(-2.19492109218294,-58.6295988228644,9.23902360822654));
#3224=CARTESIAN_POINT('Ctrl Pts',(-2.44527437805452,-59.3570505573958,9.47302146715257));
#3225=CARTESIAN_POINT('Ctrl Pts',(-2.48588294332807,-59.7277544252989,9.59099823897837));
#3226=CARTESIAN_POINT('Ctrl Pts',(-2.66972211170362,-59.8261604920093,8.85806229767311));
#3227=CARTESIAN_POINT('Ctrl Pts',(-2.73314103169197,-60.6263770736843,9.07138302822669));
#3228=CARTESIAN_POINT('Ctrl Pts',(-2.25350561544722,-61.8214522621105,9.38993459604545));
#3229=CARTESIAN_POINT('Ctrl Pts',(-0.916983103403098,-62.631004896433,9.60821684925122));
#3230=CARTESIAN_POINT('Ctrl Pts',(0.621994191505382,-62.835650896759,9.66358208710292));
#3231=CARTESIAN_POINT('Ctrl Pts',(1.954809001523,-62.0995570805934,9.46451186929175));
#3232=CARTESIAN_POINT('Ctrl Pts',(2.68831909203215,-60.6973051455515,9.0901295477001));
#3233=CARTESIAN_POINT('Ctrl Pts',(2.74685537682634,-59.4519206465344,8.75858314647013));
#3234=CARTESIAN_POINT('Ctrl Pts',(2.08606823385542,-58.208312451555,8.4257776580525));
#3235=CARTESIAN_POINT('Ctrl Pts',(1.03192419749182,-57.4595410476615,8.22387551449686));
#3236=CARTESIAN_POINT('Ctrl Pts',(-0.2677017007424,-57.2730520141539,8.17335176070664));
#3237=CARTESIAN_POINT('Ctrl Pts',(-1.50269411333094,-57.7028940717182,8.28964429715657));
#3238=CARTESIAN_POINT('Ctrl Pts',(-2.39012274647696,-58.6299385449843,8.53884299390695));
#3239=CARTESIAN_POINT('Ctrl Pts',(-2.63801265170945,-59.4260522011718,8.75140193239633));
#3240=CARTESIAN_POINT('Ctrl Pts',(-2.66972211170362,-59.8261604920093,8.85806229767311));
#3241=CARTESIAN_POINT('Ctrl Pts',(-3.51354018500403,-59.8864894491987,7.82405540506895));
#3242=CARTESIAN_POINT('Ctrl Pts',(-3.60856346212952,-60.9361530342819,8.02084122668353));
#3243=CARTESIAN_POINT('Ctrl Pts',(-2.99549558360907,-62.5234459455792,8.31229459124449));
#3244=CARTESIAN_POINT('Ctrl Pts',(-1.22393950471023,-63.6134396595628,8.51027629179161));
#3245=CARTESIAN_POINT('Ctrl Pts',(0.831148348858995,-63.8901012998538,8.56032341694617));
#3246=CARTESIAN_POINT('Ctrl Pts',(2.60214771607499,-62.8952914331245,8.38030877913967));
#3247=CARTESIAN_POINT('Ctrl Pts',(3.55162727570341,-61.0306181014845,8.03791607119009));
#3248=CARTESIAN_POINT('Ctrl Pts',(3.60838667013581,-59.3928208187078,7.73257523301921));
#3249=CARTESIAN_POINT('Ctrl Pts',(2.72654216753838,-57.7763889756611,7.42402505473224));
#3250=CARTESIAN_POINT('Ctrl Pts',(1.34487839761545,-56.8101053394026,7.23617416323953));
#3251=CARTESIAN_POINT('Ctrl Pts',(-0.348624950303523,-56.570309821103,7.18909801396294));
#3252=CARTESIAN_POINT('Ctrl Pts',(-1.96010682260147,-57.1235318125379,7.29743763681406));
#3253=CARTESIAN_POINT('Ctrl Pts',(-3.12931153921672,-58.3228646879631,7.52903241280539));
#3254=CARTESIAN_POINT('Ctrl Pts',(-3.46602854644129,-59.3616576566571,7.72566249426167));
#3255=CARTESIAN_POINT('Ctrl Pts',(-3.51354018500403,-59.8864894491987,7.82405540506895));
#3256=CARTESIAN_POINT('Ctrl Pts',(-4.43654058997947,-59.8175271484524,7.49653938147631));
#3257=CARTESIAN_POINT('Ctrl Pts',(-4.59589390098033,-61.1323738893733,7.716664300235));
#3258=CARTESIAN_POINT('Ctrl Pts',(-3.88790113129086,-63.1875508211908,8.04836263750768));
#3259=CARTESIAN_POINT('Ctrl Pts',(-1.60792088001814,-64.6550744977079,8.27701331096668));
#3260=CARTESIAN_POINT('Ctrl Pts',(1.09558024261888,-65.0316891164933,8.33527149157658));
#3261=CARTESIAN_POINT('Ctrl Pts',(3.39106041658507,-63.6786951199234,8.12594501662345));
#3262=CARTESIAN_POINT('Ctrl Pts',(4.53126171441525,-61.2550591383402,7.7364483752613));
#3263=CARTESIAN_POINT('Ctrl Pts',(4.53322163195448,-59.190315608564,7.39360835888672));
#3264=CARTESIAN_POINT('Ctrl Pts',(3.38050768853972,-57.2137350323076,7.05161678115653));
#3265=CARTESIAN_POINT('Ctrl Pts',(1.65537340550647,-56.0530558261408,6.84481879450698));
#3266=CARTESIAN_POINT('Ctrl Pts',(-0.428270585606207,-55.7675798662465,
6.79311194311718));
#3267=CARTESIAN_POINT('Ctrl Pts',(-2.41779656900648,-56.4277328734377,6.91206300228143));
#3268=CARTESIAN_POINT('Ctrl Pts',(-3.89708053098241,-57.8771615286955,7.16753657046884));
#3269=CARTESIAN_POINT('Ctrl Pts',(-4.35686393447904,-59.160103777992,7.38647692209697));
#3270=CARTESIAN_POINT('Ctrl Pts',(-4.43654058997946,-59.8175271484524,7.4965393814763));
#3271=CARTESIAN_POINT('Ctrl Pts',(-4.98970918812476,-59.7439930113188,7.49199943665843));
#3272=CARTESIAN_POINT('Ctrl Pts',(-5.18801020665538,-61.2165643468507,7.73932719055249));
#3273=CARTESIAN_POINT('Ctrl Pts',(-4.42412964074555,-63.5503998664916,8.114280706461));
#3274=CARTESIAN_POINT('Ctrl Pts',(-1.83875149708505,-65.2441533573615,8.37627568699819));
#3275=CARTESIAN_POINT('Ctrl Pts',(1.25458743464495,-65.6805963625401,8.4430508220905));
#3276=CARTESIAN_POINT('Ctrl Pts',(3.86515062790274,-64.1130889934387,8.20302793169835));
#3277=CARTESIAN_POINT('Ctrl Pts',(5.11904635111594,-61.3557883369324,7.76135280833461));
#3278=CARTESIAN_POINT('Ctrl Pts',(5.08761880866452,-59.0370773730509,7.37587548615508));
#3279=CARTESIAN_POINT('Ctrl Pts',(3.77214243606293,-56.8471045334749,6.99430326778566));
#3280=CARTESIAN_POINT('Ctrl Pts',(1.84128836882024,-55.5715709951241,6.76462782264927));
#3281=CARTESIAN_POINT('Ctrl Pts',(-0.475998174852608,-55.2591709854166,
6.70738384668737));
#3282=CARTESIAN_POINT('Ctrl Pts',(-2.69187321293619,-55.9824595293767,6.83930881814118));
#3283=CARTESIAN_POINT('Ctrl Pts',(-4.35693829253627,-57.5798721117219,7.12355441157077));
#3284=CARTESIAN_POINT('Ctrl Pts',(-4.89055867885946,-59.0077073435529,7.36833555971141));
#3285=CARTESIAN_POINT('Ctrl Pts',(-4.98970918812476,-59.7439930113188,7.49199943665843));
#3286=CARTESIAN_POINT('',(-2.4777512617356,-59.6672107499217,9.95798424623879));
#3287=CARTESIAN_POINT('Origin',(-4.9555025234712,-59.3344214998435,9.95798424623879));
#3288=CARTESIAN_POINT('',(-2.49884710190557,-59.9998771433767,10.0690072343876));
#3289=CARTESIAN_POINT('Ctrl Pts',(-2.4777512617356,-59.6672107499217,9.95798424623879));
#3290=CARTESIAN_POINT('Ctrl Pts',(-2.49256180005732,-59.777481228926,9.9950244305069));
#3291=CARTESIAN_POINT('Ctrl Pts',(-2.4994911549408,-59.8886810252297,10.0321238542477));
#3292=CARTESIAN_POINT('Ctrl Pts',(-2.49884710190557,-59.9998771433767,10.0690072343876));
#3293=CARTESIAN_POINT('Ctrl Pts',(-2.49884710190557,-59.9998771433767,10.0690072343876));
#3294=CARTESIAN_POINT('Ctrl Pts',(-2.49519063123286,-60.6311688580105,10.2784045827667));
#3295=CARTESIAN_POINT('Ctrl Pts',(-2.10173192180598,-61.6335162191364,10.5998839013694));
#3296=CARTESIAN_POINT('Ctrl Pts',(-0.913619344481281,-62.4166204823325,
10.8422604965785));
#3297=CARTESIAN_POINT('Ctrl Pts',(0.623389238414992,-62.63472922108,10.9090356316709));
#3298=CARTESIAN_POINT('Ctrl Pts',(1.92030519044079,-61.851376215979,10.6690127412787));
#3299=CARTESIAN_POINT('Ctrl Pts',(2.54246919878314,-60.4731011615679,10.227337617915));
#3300=CARTESIAN_POINT('Ctrl Pts',(2.52613843777854,-59.313799461512,9.84186029573544));
#3301=CARTESIAN_POINT('Ctrl Pts',(1.87240312159891,-58.218486231406,9.46028807736602));
#3302=CARTESIAN_POINT('Ctrl Pts',(0.913793547053697,-57.5803477728747,9.23061263222963));
#3303=CARTESIAN_POINT('Ctrl Pts',(-0.236216238635465,-57.4240311124559,
9.17336865626773));
#3304=CARTESIAN_POINT('Ctrl Pts',(-1.33600362326189,-57.785929649994,9.30529362772154));
#3305=CARTESIAN_POINT('Ctrl Pts',(-2.16291500536904,-58.5850159090008,9.58953922115113));
#3306=CARTESIAN_POINT('Ctrl Pts',(-2.42830419162174,-59.2990572103019,9.83432036929177));
#3307=CARTESIAN_POINT('Ctrl Pts',(-2.4777512617356,-59.6672107499217,9.95798424623879));
#3308=CARTESIAN_POINT('Origin',(-7.34788079488412E-15,-60.,0.));
#3309=CARTESIAN_POINT('',(-2.50000000000001,-60.,17.5));
#3310=CARTESIAN_POINT('',(2.49999999999999,-60.,17.5));
#3311=CARTESIAN_POINT('Origin',(-7.34788079488412E-15,-60.,17.5));
#3312=CARTESIAN_POINT('',(-2.50000000000001,-60.,0.));
#3313=CARTESIAN_POINT('Origin',(-7.34788079488412E-15,-60.,17.5));
#3314=CARTESIAN_POINT('Ctrl Pts',(59.6672107499217,-2.47775126173561,9.95798424623879));
#3315=CARTESIAN_POINT('Ctrl Pts',(60.4035178291615,-2.57664540196335,10.2053120001329));
#3316=CARTESIAN_POINT('Ctrl Pts',(61.5701303910859,-2.19789983081927,10.5802655160414));
#3317=CARTESIAN_POINT('Ctrl Pts',(62.4166204823326,-0.913619344481291,10.8422604965786));
#3318=CARTESIAN_POINT('Ctrl Pts',(62.63472922108,0.623389238414988,10.9090356316709));
#3319=CARTESIAN_POINT('Ctrl Pts',(61.851376215979,1.92030519044078,10.6690127412787));
#3320=CARTESIAN_POINT('Ctrl Pts',(60.4731011615678,2.54246919878314,10.227337617915));
#3321=CARTESIAN_POINT('Ctrl Pts',(59.3137994615119,2.52613843777854,9.84186029573544));
#3322=CARTESIAN_POINT('Ctrl Pts',(58.2184862314059,1.87240312159889,9.46028807736601));
#3323=CARTESIAN_POINT('Ctrl Pts',(57.5803477728746,0.913793547053683,9.23061263222962));
#3324=CARTESIAN_POINT('Ctrl Pts',(57.4240311124559,-0.236216238635475,9.17336865626774));
#3325=CARTESIAN_POINT('Ctrl Pts',(57.7859296499939,-1.3360036232619,9.30529362772153));
#3326=CARTESIAN_POINT('Ctrl Pts',(58.5850159090008,-2.16291500536906,9.58953922115114));
#3327=CARTESIAN_POINT('Ctrl Pts',(59.2990572103018,-2.42830419162174,9.83432036929175));
#3328=CARTESIAN_POINT('Ctrl Pts',(59.6672107499217,-2.47775126173561,9.95798424623879));
#3329=CARTESIAN_POINT('Ctrl Pts',(59.7277544252989,-2.48588294332808,9.59099823897837));
#3330=CARTESIAN_POINT('Ctrl Pts',(60.4691621611054,-2.5671000738752,9.82695178262999));
#3331=CARTESIAN_POINT('Ctrl Pts',(61.6138334208073,-2.15757556595381,10.1830103741934));
#3332=CARTESIAN_POINT('Ctrl Pts',(62.4208380483655,-0.888885826995111,10.4303787483006));
#3333=CARTESIAN_POINT('Ctrl Pts',(62.6272170053894,0.605019164651264,10.4933314151979));
#3334=CARTESIAN_POINT('Ctrl Pts',(61.8856016571403,1.87935230196617,10.2670243719012));
#3335=CARTESIAN_POINT('Ctrl Pts',(60.5373518387681,2.52941414590397,9.84786993177408));
#3336=CARTESIAN_POINT('Ctrl Pts',(59.376087112932,2.54468073192218,9.4804408233835));
#3337=CARTESIAN_POINT('Ctrl Pts',(58.2507358962754,1.90727203529987,9.11518327151284));
#3338=CARTESIAN_POINT('Ctrl Pts',(57.5846993391957,0.936690919594128,8.89479900901379));
#3339=CARTESIAN_POINT('Ctrl Pts',(57.4202106251564,-0.242521798110082,8.83980453288098));
#3340=CARTESIAN_POINT('Ctrl Pts',(57.8001659921179,-1.36690760821689,8.96650072967376));
#3341=CARTESIAN_POINT('Ctrl Pts',(58.6295988228645,-2.19492109218295,9.23902360822655));
#3342=CARTESIAN_POINT('Ctrl Pts',(59.3570505573957,-2.44527437805451,9.47302146715255));
#3343=CARTESIAN_POINT('Ctrl Pts',(59.7277544252989,-2.48588294332808,9.59099823897837));
#3344=CARTESIAN_POINT('Ctrl Pts',(59.8261604920093,-2.66972211170363,8.85806229767311));
#3345=CARTESIAN_POINT('Ctrl Pts',(60.6263770736843,-2.73314103169198,9.0713830282267));
#3346=CARTESIAN_POINT('Ctrl Pts',(61.8214522621106,-2.2535056154472,9.38993459604545));
#3347=CARTESIAN_POINT('Ctrl Pts',(62.6310048964331,-0.916983103403111,9.60821684925122));
#3348=CARTESIAN_POINT('Ctrl Pts',(62.835650896759,0.621994191505387,9.66358208710292));
#3349=CARTESIAN_POINT('Ctrl Pts',(62.0995570805934,1.95480900152299,9.46451186929175));
#3350=CARTESIAN_POINT('Ctrl Pts',(60.6973051455514,2.68831909203215,9.0901295477001));
#3351=CARTESIAN_POINT('Ctrl Pts',(59.4519206465343,2.74685537682633,8.75858314647013));
#3352=CARTESIAN_POINT('Ctrl Pts',(58.2083124515549,2.08606823385541,8.42577765805249));
#3353=CARTESIAN_POINT('Ctrl Pts',(57.4595410476615,1.0319241974918,8.22387551449686));
#3354=CARTESIAN_POINT('Ctrl Pts',(57.2730520141539,-0.267701700742412,8.17335176070664));
#3355=CARTESIAN_POINT('Ctrl Pts',(57.7028940717182,-1.50269411333093,8.28964429715656));
#3356=CARTESIAN_POINT('Ctrl Pts',(58.6299385449844,-2.39012274647697,8.53884299390695));
#3357=CARTESIAN_POINT('Ctrl Pts',(59.4260522011717,-2.63801265170945,8.75140193239631));
#3358=CARTESIAN_POINT('Ctrl Pts',(59.8261604920093,-2.66972211170363,8.85806229767311));
#3359=CARTESIAN_POINT('Ctrl Pts',(59.8864894491987,-3.51354018500404,7.82405540506895));
#3360=CARTESIAN_POINT('Ctrl Pts',(60.936153034282,-3.60856346212953,8.02084122668354));
#3361=CARTESIAN_POINT('Ctrl Pts',(62.5234459455793,-2.99549558360904,8.31229459124449));
#3362=CARTESIAN_POINT('Ctrl Pts',(63.6134396595628,-1.22393950471024,8.51027629179162));
#3363=CARTESIAN_POINT('Ctrl Pts',(63.8901012998538,0.831148348859007,8.56032341694617));
#3364=CARTESIAN_POINT('Ctrl Pts',(62.8952914331245,2.60214771607498,8.38030877913967));
#3365=CARTESIAN_POINT('Ctrl Pts',(61.0306181014844,3.55162727570341,8.03791607119008));
#3366=CARTESIAN_POINT('Ctrl Pts',(59.3928208187079,3.6083866701358,7.73257523301921));
#3367=CARTESIAN_POINT('Ctrl Pts',(57.776388975661,2.72654216753836,7.42402505473223));
#3368=CARTESIAN_POINT('Ctrl Pts',(56.8101053394026,1.34487839761542,7.23617416323953));
#3369=CARTESIAN_POINT('Ctrl Pts',(56.5703098211031,-0.34862495030353,7.18909801396295));
#3370=CARTESIAN_POINT('Ctrl Pts',(57.1235318125379,-1.96010682260146,7.29743763681406));
#3371=CARTESIAN_POINT('Ctrl Pts',(58.3228646879632,-3.12931153921675,7.5290324128054));
#3372=CARTESIAN_POINT('Ctrl Pts',(59.361657656657,-3.46602854644129,7.72566249426165));
#3373=CARTESIAN_POINT('Ctrl Pts',(59.8864894491987,-3.51354018500404,7.82405540506895));
#3374=CARTESIAN_POINT('Ctrl Pts',(59.8175271484524,-4.43654058997947,7.4965393814763));
#3375=CARTESIAN_POINT('Ctrl Pts',(61.1323738893734,-4.59589390098034,7.716664300235));
#3376=CARTESIAN_POINT('Ctrl Pts',(63.1875508211908,-3.88790113129082,8.04836263750768));
#3377=CARTESIAN_POINT('Ctrl Pts',(64.6550744977079,-1.60792088001816,8.27701331096668));
#3378=CARTESIAN_POINT('Ctrl Pts',(65.0316891164932,1.0955802426189,8.33527149157658));
#3379=CARTESIAN_POINT('Ctrl Pts',(63.6786951199234,3.39106041658507,8.12594501662344));
#3380=CARTESIAN_POINT('Ctrl Pts',(61.2550591383402,4.53126171441525,7.73644837526129));
#3381=CARTESIAN_POINT('Ctrl Pts',(59.190315608564,4.53322163195446,7.39360835888672));
#3382=CARTESIAN_POINT('Ctrl Pts',(57.2137350323075,3.3805076885397,7.05161678115652));
#3383=CARTESIAN_POINT('Ctrl Pts',(56.0530558261408,1.65537340550644,6.84481879450698));
#3384=CARTESIAN_POINT('Ctrl Pts',(55.7675798662465,-0.428270585606218,6.79311194311719));
#3385=CARTESIAN_POINT('Ctrl Pts',(56.4277328734376,-2.41779656900647,6.91206300228142));
#3386=CARTESIAN_POINT('Ctrl Pts',(57.8771615286956,-3.89708053098244,7.16753657046885));
#3387=CARTESIAN_POINT('Ctrl Pts',(59.1601037779919,-4.35686393447904,7.38647692209694));
#3388=CARTESIAN_POINT('Ctrl Pts',(59.8175271484524,-4.43654058997947,7.4965393814763));
#3389=CARTESIAN_POINT('Ctrl Pts',(59.7439930113188,-4.98970918812476,7.49199943665843));
#3390=CARTESIAN_POINT('Ctrl Pts',(61.2165643468507,-5.18801020665539,7.7393271905525));
#3391=CARTESIAN_POINT('Ctrl Pts',(63.5503998664916,-4.42412964074551,8.11428070646101));
#3392=CARTESIAN_POINT('Ctrl Pts',(65.2441533573615,-1.83875149708507,8.37627568699819));
#3393=CARTESIAN_POINT('Ctrl Pts',(65.6805963625401,1.25458743464497,8.4430508220905));
#3394=CARTESIAN_POINT('Ctrl Pts',(64.1130889934387,3.86515062790273,8.20302793169834));
#3395=CARTESIAN_POINT('Ctrl Pts',(61.3557883369324,5.11904635111594,7.76135280833461));
#3396=CARTESIAN_POINT('Ctrl Pts',(59.0370773730509,5.08761880866451,7.37587548615508));
#3397=CARTESIAN_POINT('Ctrl Pts',(56.8471045334748,3.77214243606291,6.99430326778565));
#3398=CARTESIAN_POINT('Ctrl Pts',(55.5715709951241,1.84128836882021,6.76462782264927));
#3399=CARTESIAN_POINT('Ctrl Pts',(55.2591709854166,-0.475998174852618,6.70738384668738));
#3400=CARTESIAN_POINT('Ctrl Pts',(55.9824595293767,-2.69187321293617,6.83930881814118));
#3401=CARTESIAN_POINT('Ctrl Pts',(57.579872111722,-4.35693829253631,7.12355441157078));
#3402=CARTESIAN_POINT('Ctrl Pts',(59.0077073435528,-4.89055867885945,7.36833555971139));
#3403=CARTESIAN_POINT('Ctrl Pts',(59.7439930113188,-4.98970918812477,7.49199943665843));
#3404=CARTESIAN_POINT('',(59.6672107499217,-2.47775126173561,9.95798424623879));
#3405=CARTESIAN_POINT('Origin',(59.3344214998434,-4.95550252347121,9.95798424623879));
#3406=CARTESIAN_POINT('',(57.50015937593,0.000268142685811157,9.20119055826597));
#3407=CARTESIAN_POINT('Ctrl Pts',(59.6672107499217,-2.47775126173561,9.95798424623879));
#3408=CARTESIAN_POINT('Ctrl Pts',(60.4035178291615,-2.57664540196335,10.2053120001329));
#3409=CARTESIAN_POINT('Ctrl Pts',(61.5701303910859,-2.19789983081927,10.5802655160414));
#3410=CARTESIAN_POINT('Ctrl Pts',(62.4166204823326,-0.913619344481291,10.8422604965786));
#3411=CARTESIAN_POINT('Ctrl Pts',(62.63472922108,0.623389238414988,10.9090356316709));
#3412=CARTESIAN_POINT('Ctrl Pts',(61.851376215979,1.92030519044078,10.6690127412787));
#3413=CARTESIAN_POINT('Ctrl Pts',(60.4731011615678,2.54246919878314,10.227337617915));
#3414=CARTESIAN_POINT('Ctrl Pts',(59.3137994615119,2.52613843777854,9.84186029573544));
#3415=CARTESIAN_POINT('Ctrl Pts',(58.2184862314059,1.87240312159889,9.46028807736601));
#3416=CARTESIAN_POINT('Ctrl Pts',(57.6233518549855,0.978394143217239,9.24609043578378));
#3417=CARTESIAN_POINT('Ctrl Pts',(57.5004872083502,0.300814591530586,9.20133993215209));
#3418=CARTESIAN_POINT('Ctrl Pts',(57.50015937593,0.000268142685811252,9.20119055826597));
#3419=CARTESIAN_POINT('Ctrl Pts',(57.50015937593,0.000268142685811252,9.20119055826597));
#3420=CARTESIAN_POINT('Ctrl Pts',(57.500076303411,-0.0758901291998823,9.20115270702176));
#3421=CARTESIAN_POINT('Ctrl Pts',(57.5202756547668,-0.528697479904772,9.20845323711));
#3422=CARTESIAN_POINT('Ctrl Pts',(57.7859296499939,-1.3360036232619,9.30529362772153));
#3423=CARTESIAN_POINT('Ctrl Pts',(58.5850159090008,-2.16291500536906,9.58953922115114));
#3424=CARTESIAN_POINT('Ctrl Pts',(59.2990572103018,-2.42830419162174,9.83432036929175));
#3425=CARTESIAN_POINT('Ctrl Pts',(59.6672107499217,-2.47775126173561,9.95798424623879));
#3426=CARTESIAN_POINT('Origin',(60.,-1.33226762955019E-14,0.));
#3427=CARTESIAN_POINT('',(57.5,-1.3016514595715E-14,17.5));
#3428=CARTESIAN_POINT('',(62.5,-1.36288379952887E-14,17.5));
#3429=CARTESIAN_POINT('Origin',(60.,-1.33226762955019E-14,17.5));
#3430=CARTESIAN_POINT('',(57.5,-1.36288379952887E-14,0.));
#3431=CARTESIAN_POINT('Origin',(60.,-1.33226762955019E-14,17.5));
#3432=CARTESIAN_POINT('Ctrl Pts',(72.2078726604801,2.45108555663426,12.0150005978634));
#3433=CARTESIAN_POINT('Ctrl Pts',(71.5715776123454,2.32333107887673,11.8004919688348));
#3434=CARTESIAN_POINT('Ctrl Pts',(70.4002387193266,1.54811610551266,11.3909563241459));
#3435=CARTESIAN_POINT('Ctrl Pts',(69.9778753814223,-0.547268682679389,11.2375843382396));
#3436=CARTESIAN_POINT('Ctrl Pts',(70.9696474214412,-2.01381418898993,11.5931883647623));
#3437=CARTESIAN_POINT('Ctrl Pts',(71.8897253455279,-2.38720835974139,11.9077463538463));
#3438=CARTESIAN_POINT('Ctrl Pts',(72.2078726604801,-2.45108555663429,12.0150005978634));
#3439=CARTESIAN_POINT('Ctrl Pts',(72.3258270029009,2.47476827341694,11.2870176530184));
#3440=CARTESIAN_POINT('Ctrl Pts',(71.6778857877001,2.37749587960058,11.0923319781638));
#3441=CARTESIAN_POINT('Ctrl Pts',(70.4263144067247,1.63039805275651,10.7167903349088));
#3442=CARTESIAN_POINT('Ctrl Pts',(69.9563297840861,-0.581890555351167,10.5752726550179));
#3443=CARTESIAN_POINT('Ctrl Pts',(71.0454748459125,-2.09106330278968,10.9028018527807));
#3444=CARTESIAN_POINT('Ctrl Pts',(72.0018566082431,-2.42613210847687,11.1896748795736));
#3445=CARTESIAN_POINT('Ctrl Pts',(72.3258270029009,-2.47476827341697,11.2870176530184));
#3446=CARTESIAN_POINT('Ctrl Pts',(72.4099468692794,3.11435018873401,10.0261409725527));
#3447=CARTESIAN_POINT('Ctrl Pts',(71.5888753132404,2.99999744836958,9.86308838858058));
#3448=CARTESIAN_POINT('Ctrl Pts',(69.9911773005021,2.07225769960172,9.5435599519383));
#3449=CARTESIAN_POINT('Ctrl Pts',(69.38693186547,-0.74069939244294,9.42121358307873));
#3450=CARTESIAN_POINT('Ctrl Pts',(70.7837647868672,-2.64882590552495,9.70284521038669));
#3451=CARTESIAN_POINT('Ctrl Pts',(71.9994113611009,-3.05717385613328,9.94461473415306));
#3452=CARTESIAN_POINT('Ctrl Pts',(72.4099468692794,-3.11435018873404,10.0261409725527));
#3453=CARTESIAN_POINT('Ctrl Pts',(72.2328148363841,4.3873778741103,9.56064235164389));
#3454=CARTESIAN_POINT('Ctrl Pts',(71.0940868854934,4.17316732610808,9.369334995768));
#3455=CARTESIAN_POINT('Ctrl Pts',(68.9728569052328,2.80338083514308,9.00098195008962));
#3456=CARTESIAN_POINT('Ctrl Pts',(68.1996623911891,-0.993490335830949,8.86222392703542));
#3457=CARTESIAN_POINT('Ctrl Pts',(70.0086924675171,-3.63219214128595,9.18337079267459));
#3458=CARTESIAN_POINT('Ctrl Pts',(71.663451235176,-4.28027267050844,9.46498873657814));
#3459=CARTESIAN_POINT('Ctrl Pts',(72.2328148363841,-4.38737787411034,9.56064235164389));
#3460=CARTESIAN_POINT('Ctrl Pts',(72.1257878968294,4.93019807393146,9.54901578828308));
#3461=CARTESIAN_POINT('Ctrl Pts',(70.8532637703611,4.67373015402433,9.33450715925444));
#3462=CARTESIAN_POINT('Ctrl Pts',(68.5112401675552,3.11519375809571,8.92497151456551));
#3463=CARTESIAN_POINT('Ctrl Pts',(67.6669782848017,-1.10135070427394,8.77159952865923));
#3464=CARTESIAN_POINT('Ctrl Pts',(69.6496148966431,-4.05166976241137,9.1272035551819));
#3465=CARTESIAN_POINT('Ctrl Pts',(71.4895262518039,-4.80196419826482,9.44176154426594));
#3466=CARTESIAN_POINT('Ctrl Pts',(72.1257878968294,-4.9301980739315,9.54901578828308));
#3467=CARTESIAN_POINT('Origin',(71.7157472658078,4.90216952009177,12.0150005978634));
#3468=CARTESIAN_POINT('Origin',(71.7157472658078,-4.9021695200918,12.0150005978634));
#3469=CARTESIAN_POINT('Origin',(71.7157472658078,4.90216952009178,12.0150005978634));
#3470=CARTESIAN_POINT('Origin',(71.7157472658078,4.90216952009178,12.0150005978634));
#3471=CARTESIAN_POINT('Origin',(71.7157472658078,-4.90216952009179,12.0150005978634));
#3472=CARTESIAN_POINT('',(74.021996727581,-5.86716352010987,12.0150005978634));
#3473=CARTESIAN_POINT('Origin',(71.7157472658078,-4.90216952009179,12.0150005978634));
#3474=CARTESIAN_POINT('Origin',(71.7157472658078,-4.90216952009179,12.0150005978634));
#3475=CARTESIAN_POINT('Origin',(71.7157472658078,-4.9021695200918,0.));
#3476=CARTESIAN_POINT('',(74.021996727581,-5.86716352010987,0.));
#3477=CARTESIAN_POINT('Ctrl Pts',(59.9999983825388,15.1999999999999,10.2560436264589));
#3478=CARTESIAN_POINT('Ctrl Pts',(62.5357505212856,15.2000002698341,10.6015042345615));
#3479=CARTESIAN_POINT('Ctrl Pts',(66.7656090273614,14.1188099924656,11.1469426951035));
#3480=CARTESIAN_POINT('Ctrl Pts',(71.5048168358534,10.3693374261047,11.7210129622167));
#3481=CARTESIAN_POINT('Ctrl Pts',(73.3618017812608,7.44497046977785,11.9382634688002));
#3482=CARTESIAN_POINT('Ctrl Pts',(74.021996727581,5.86716352010982,12.0150005978634));
#3483=CARTESIAN_POINT('Ctrl Pts',(60.1177634986857,15.2000000125315,9.53379775988091));
#3484=CARTESIAN_POINT('Ctrl Pts',(62.6488535087012,15.1797947183495,9.89094632816208));
#3485=CARTESIAN_POINT('Ctrl Pts',(66.8523568176917,14.0734231319965,10.4520892126047));
#3486=CARTESIAN_POINT('Ctrl Pts',(71.5481334547529,10.3171248354392,11.0414134135973));
#3487=CARTESIAN_POINT('Ctrl Pts',(73.3832266246244,7.40451942849659,11.2637573378263));
#3488=CARTESIAN_POINT('Ctrl Pts',(74.0359382312497,5.83384457166916,11.3423846039189));
#3489=CARTESIAN_POINT('Ctrl Pts',(60.3217991935344,14.6000542732781,8.28246038637621));
#3490=CARTESIAN_POINT('Ctrl Pts',(62.7414657906616,14.5677016594967,8.65828919040103));
#3491=CARTESIAN_POINT('Ctrl Pts',(66.7551615286601,13.4851928805812,9.24648238922253));
#3492=CARTESIAN_POINT('Ctrl Pts',(71.2271259464771,9.8759060620068,9.86052937415923));
#3493=CARTESIAN_POINT('Ctrl Pts',(72.9746282165316,7.0844658306486,10.0920391809652));
#3494=CARTESIAN_POINT('Ctrl Pts',(73.5955247780628,5.58153785529602,10.1737303307706));
#3495=CARTESIAN_POINT('Ctrl Pts',(60.3990805473341,13.3336286113708,7.80849965131505));
#3496=CARTESIAN_POINT('Ctrl Pts',(62.6075226591411,13.3216926295205,8.16769516729907));
#3497=CARTESIAN_POINT('Ctrl Pts',(66.2861800714719,12.3567352382692,8.73228965353215));
#3498=CARTESIAN_POINT('Ctrl Pts',(70.4007052015663,9.06495578625356,9.3248062493135));
#3499=CARTESIAN_POINT('Ctrl Pts',(72.0118976951248,6.50604191492739,9.54848463230498));
#3500=CARTESIAN_POINT('Ctrl Pts',(72.5845184711585,5.12671277083953,9.62752648963745));
#3501=CARTESIAN_POINT('Ctrl Pts',(60.4020874585074,12.7851088000206,7.79005881687857));
#3502=CARTESIAN_POINT('Ctrl Pts',(62.5213839476549,12.7822325834677,8.13551942498112));
#3503=CARTESIAN_POINT('Ctrl Pts',(66.0576214501322,11.8689009634233,8.68095788552315));
#3504=CARTESIAN_POINT('Ctrl Pts',(70.0206328096765,8.7144001640227,9.25502815263637));
#3505=CARTESIAN_POINT('Ctrl Pts',(71.5736501450995,6.25621431229786,9.47227865921981));
#3506=CARTESIAN_POINT('Ctrl Pts',(72.1257878968294,4.93019807393145,9.54901578828307));
#3507=CARTESIAN_POINT('Origin',(59.9999986499814,12.6999996602535,10.2560436149636));
#3508=CARTESIAN_POINT('Ctrl Pts',(74.021996727581,-5.86716352010987,12.0150005978634));
#3509=CARTESIAN_POINT('Ctrl Pts',(73.0317044482156,-8.23387360974958,11.8998949205547));
#3510=CARTESIAN_POINT('Ctrl Pts',(70.3638594078774,-11.7369726376861,11.5876807693907));
#3511=CARTESIAN_POINT('Ctrl Pts',(65.0731990744351,-14.6295708181237,10.9312636458346));
#3512=CARTESIAN_POINT('Ctrl Pts',(61.690502082164,-15.1999999005641,10.4863510005904));
#3513=CARTESIAN_POINT('Ctrl Pts',(60.0000008940697,-15.2,10.2560439686197));
#3514=CARTESIAN_POINT('Ctrl Pts',(74.0359382312496,-5.8338445716692,11.3423846039189));
#3515=CARTESIAN_POINT('Ctrl Pts',(73.0568709598386,-8.18985652356168,11.2244437214673));
#3516=CARTESIAN_POINT('Ctrl Pts',(70.4205356098979,-11.6809690488191,10.9049363417569));
#3517=CARTESIAN_POINT('Ctrl Pts',(65.17149240284,-14.5938079075809,10.2303103355075));
#3518=CARTESIAN_POINT('Ctrl Pts',(61.805159103171,-15.1865295207196,9.77189711688743));
#3519=CARTESIAN_POINT('Ctrl Pts',(60.1177660044262,-15.199999993073,9.53379811337685));
#3520=CARTESIAN_POINT('Ctrl Pts',(73.5955247780627,-5.58153785529606,10.1737303307706));
#3521=CARTESIAN_POINT('Ctrl Pts',(72.6641800675405,-7.83592949935436,10.0511936234));
#3522=CARTESIAN_POINT('Ctrl Pts',(70.1535849437931,-11.1840946505025,9.71850185049622));
#3523=CARTESIAN_POINT('Ctrl Pts',(65.1510474985833,-13.9922126530842,9.01429966165494));
#3524=CARTESIAN_POINT('Ctrl Pts',(61.934912422307,-14.5784855690031,8.53301324966649));
#3525=CARTESIAN_POINT('Ctrl Pts',(60.321801590248,-14.6000542411549,8.28246075867857));
#3526=CARTESIAN_POINT('Ctrl Pts',(72.5845184711585,-5.12671277083957,9.62752648963746));
#3527=CARTESIAN_POINT('Ctrl Pts',(71.7255874286368,-7.19570619423252,9.50896372041403));
#3528=CARTESIAN_POINT('Ctrl Pts',(69.4108310209513,-10.2626874332181,9.18752971737859));
#3529=CARTESIAN_POINT('Ctrl Pts',(64.8148160244477,-12.8109267338181,8.50917697560322));
#3530=CARTESIAN_POINT('Ctrl Pts',(61.8713772675946,-13.3256710351796,8.04796364201514));
#3531=CARTESIAN_POINT('Ctrl Pts',(60.3990827349217,-13.3336285994591,7.80850000696452));
#3532=CARTESIAN_POINT('Ctrl Pts',(72.1257878968294,-4.93019807393149,9.54901578828309));
#3533=CARTESIAN_POINT('Ctrl Pts',(71.2975813864162,-6.91922215005701,9.43391011097432));
#3534=CARTESIAN_POINT('Ctrl Pts',(69.0664280672777,-9.86425922563837,9.12169595981034));
#3535=CARTESIAN_POINT('Ctrl Pts',(64.6426607371136,-12.2999794011954,8.46527883625422));
#3536=CARTESIAN_POINT('Ctrl Pts',(61.8149536852424,-12.7831910849843,8.02036619101002));
#3537=CARTESIAN_POINT('Ctrl Pts',(60.4020895575605,-12.7851087971717,7.79005915903937));
#3538=CARTESIAN_POINT('',(60.0000008940697,-15.2,10.2560439686197));
#3539=CARTESIAN_POINT('Ctrl Pts',(74.021996727581,-5.86716352010987,12.0150005978634));
#3540=CARTESIAN_POINT('Ctrl Pts',(73.0317044482156,-8.23387360974958,11.8998949205547));
#3541=CARTESIAN_POINT('Ctrl Pts',(70.3638594078774,-11.7369726376861,11.5876807693907));
#3542=CARTESIAN_POINT('Ctrl Pts',(65.0731990744351,-14.6295708181237,10.9312636458346));
#3543=CARTESIAN_POINT('Ctrl Pts',(61.690502082164,-15.1999999005641,10.4863510005904));
#3544=CARTESIAN_POINT('Ctrl Pts',(60.0000008940697,-15.2,10.2560439686197));
#3545=CARTESIAN_POINT('Origin',(60.0000007470188,-12.7,10.2560439686197));
#3546=CARTESIAN_POINT('Origin',(60.,-1.33226762955019E-14,0.));
#3547=CARTESIAN_POINT('',(60.0000008940697,-15.2,0.));
#3548=CARTESIAN_POINT('Ctrl Pts',(2.45108555663426,-72.2078726604801,12.0150005978634));
#3549=CARTESIAN_POINT('Ctrl Pts',(2.38720831775549,-71.8897251364127,11.9077462833491));
#3550=CARTESIAN_POINT('Ctrl Pts',(2.01382737144506,-70.9696476038852,11.5931884463473));
#3551=CARTESIAN_POINT('Ctrl Pts',(0.547220182214882,-69.9778631335341,11.2375799812059));
#3552=CARTESIAN_POINT('Ctrl Pts',(-1.54812409071465,-70.4002598155492,11.3909638359394));
#3553=CARTESIAN_POINT('Ctrl Pts',(-2.32333116284848,-71.5715780305757,11.8004921098292));
#3554=CARTESIAN_POINT('Ctrl Pts',(-2.45108555663428,-72.2078726604801,12.0150005978634));
#3555=CARTESIAN_POINT('Ctrl Pts',(2.47476827341695,-72.3258270029009,11.2870176530184));
#3556=CARTESIAN_POINT('Ctrl Pts',(2.42613207650876,-72.0018563953005,11.1896748155911));
#3557=CARTESIAN_POINT('Ctrl Pts',(2.09107725651601,-71.0454751049156,10.9028019308805));
#3558=CARTESIAN_POINT('Ctrl Pts',(0.581839810110937,-69.9563164594284,10.5752686497042));
#3559=CARTESIAN_POINT('Ctrl Pts',(-1.63040614176797,-70.4263373843392,10.716797241956));
#3560=CARTESIAN_POINT('Ctrl Pts',(-2.37749594353677,-71.6778862135853,11.0923321061287));
#3561=CARTESIAN_POINT('Ctrl Pts',(-2.47476827341697,-72.3258270029009,11.2870176530184));
#3562=CARTESIAN_POINT('Ctrl Pts',(3.11435018873402,-72.4099468692794,10.0261409725527));
#3563=CARTESIAN_POINT('Ctrl Pts',(3.0571738185518,-71.9994110912598,9.94461468056664));
#3564=CARTESIAN_POINT('Ctrl Pts',(2.64884370210587,-70.7837651315671,9.70284528309148));
#3565=CARTESIAN_POINT('Ctrl Pts',(0.74063487552894,-69.3869147959345,9.4212101486444));
#3566=CARTESIAN_POINT('Ctrl Pts',(-2.07226790707728,-69.9912067408996,9.54356587667466));
#3567=CARTESIAN_POINT('Ctrl Pts',(-2.99999752353251,-71.5888758529224,9.86308849575339));
#3568=CARTESIAN_POINT('Ctrl Pts',(-3.11435018873404,-72.4099468692794,10.0261409725527));
#3569=CARTESIAN_POINT('Ctrl Pts',(4.38737787411031,-72.2328148363841,9.56064235164389));
#3570=CARTESIAN_POINT('Ctrl Pts',(4.28027260010919,-71.6634508609387,9.46498867370593));
#3571=CARTESIAN_POINT('Ctrl Pts',(3.63221606244547,-70.0086928260534,9.18337086895649));
#3572=CARTESIAN_POINT('Ctrl Pts',(0.993402624595338,-68.1996401028014,8.86221999839154));
#3573=CARTESIAN_POINT('Ctrl Pts',(-2.80339514788044,-68.9728953069712,9.00098872464868));
#3574=CARTESIAN_POINT('Ctrl Pts',(-4.17316746690653,-71.0940876339678,9.36933512151239));
#3575=CARTESIAN_POINT('Ctrl Pts',(-4.38737787411033,-72.2328148363842,9.56064235164389));
#3576=CARTESIAN_POINT('Ctrl Pts',(4.93019807393147,-72.1257878968294,9.54901578828308));
#3577=CARTESIAN_POINT('Ctrl Pts',(4.80196411397789,-71.4895258335952,9.44176147376875));
#3578=CARTESIAN_POINT('Ctrl Pts',(4.05169629066001,-69.6496152607453,9.12720363676695));
#3579=CARTESIAN_POINT('Ctrl Pts',(1.10125311465581,-67.666953798896,8.77159517162553));
#3580=CARTESIAN_POINT('Ctrl Pts',(-3.11520981988393,-68.5112823427333,8.92497902635906));
#3581=CARTESIAN_POINT('Ctrl Pts',(-4.67373032259812,-70.8532646067783,9.33450730024879));
#3582=CARTESIAN_POINT('Ctrl Pts',(-4.93019807393149,-72.1257878968294,9.54901578828308));
#3583=CARTESIAN_POINT('',(2.45108555663426,-72.2078726604801,12.0150005978634));
#3584=CARTESIAN_POINT('Origin',(4.90216952009178,-71.7157472658078,12.0150005978634));
#3585=CARTESIAN_POINT('',(-2.45108555663428,-72.2078726604801,12.0150005978634));
#3586=CARTESIAN_POINT('Ctrl Pts',(2.45108555663426,-72.2078726604801,12.0150005978634));
#3587=CARTESIAN_POINT('Ctrl Pts',(2.38720831775549,-71.8897251364127,11.9077462833491));
#3588=CARTESIAN_POINT('Ctrl Pts',(2.01382737144506,-70.9696476038852,11.5931884463473));
#3589=CARTESIAN_POINT('Ctrl Pts',(0.547220182214882,-69.9778631335341,11.2375799812059));
#3590=CARTESIAN_POINT('Ctrl Pts',(-1.54812409071465,-70.4002598155492,11.3909638359394));
#3591=CARTESIAN_POINT('Ctrl Pts',(-2.32333116284848,-71.5715780305757,11.8004921098292));
#3592=CARTESIAN_POINT('Ctrl Pts',(-2.45108555663428,-72.2078726604801,12.0150005978634));
#3593=CARTESIAN_POINT('Origin',(-4.9021695200918,-71.7157472658078,12.0150005978634));
#3594=CARTESIAN_POINT('Origin',(4.90216952009178,-71.7157472658078,12.0150005978634));
#3595=CARTESIAN_POINT('',(5.86716352010985,-74.021996727581,12.0150005978634));
#3596=CARTESIAN_POINT('Origin',(4.90216952009178,-71.7157472658078,12.0150005978634));
#3597=CARTESIAN_POINT('Origin',(4.90216952009178,-71.7157472658078,12.0150005978634));
#3598=CARTESIAN_POINT('Origin',(4.90216952009178,-71.7157472658078,0.));
#3599=CARTESIAN_POINT('',(2.45108555663426,-72.2078726604801,0.));
#3600=CARTESIAN_POINT('',(5.86716352010985,-74.021996727581,0.));
#3601=CARTESIAN_POINT('Origin',(-4.90216952009179,-71.7157472658078,12.0150005978634));
#3602=CARTESIAN_POINT('',(-5.86716352010987,-74.021996727581,12.0150005978634));
#3603=CARTESIAN_POINT('Origin',(-4.90216952009179,-71.7157472658078,12.0150005978634));
#3604=CARTESIAN_POINT('Origin',(-4.90216952009179,-71.7157472658078,12.0150005978634));
#3605=CARTESIAN_POINT('Origin',(-4.9021695200918,-71.7157472658078,0.));
#3606=CARTESIAN_POINT('',(-5.86716352010987,-74.021996727581,0.));
#3607=CARTESIAN_POINT('',(-2.45108555663428,-72.2078726604801,0.));
#3608=CARTESIAN_POINT('Ctrl Pts',(15.1999999999999,-59.9999983825388,10.2560436264589));
#3609=CARTESIAN_POINT('Ctrl Pts',(15.2000002698342,-62.5357505212856,10.6015042345615));
#3610=CARTESIAN_POINT('Ctrl Pts',(14.1188099924657,-66.7656090273613,11.1469426951035));
#3611=CARTESIAN_POINT('Ctrl Pts',(10.3693374261048,-71.5048168358534,11.7210129622167));
#3612=CARTESIAN_POINT('Ctrl Pts',(7.44497046977787,-73.3618017812607,11.9382634688002));
#3613=CARTESIAN_POINT('Ctrl Pts',(5.86716352010985,-74.021996727581,12.0150005978634));
#3614=CARTESIAN_POINT('Ctrl Pts',(15.2000000125315,-60.1177634986857,9.53379775988091));
#3615=CARTESIAN_POINT('Ctrl Pts',(15.1797947183496,-62.6488535087011,9.89094632816208));
#3616=CARTESIAN_POINT('Ctrl Pts',(14.0734231319965,-66.8523568176917,10.4520892126047));
#3617=CARTESIAN_POINT('Ctrl Pts',(10.3171248354392,-71.5481334547529,11.0414134135973));
#3618=CARTESIAN_POINT('Ctrl Pts',(7.40451942849661,-73.3832266246244,11.2637573378263));
#3619=CARTESIAN_POINT('Ctrl Pts',(5.83384457166919,-74.0359382312497,11.3423846039189));
#3620=CARTESIAN_POINT('Ctrl Pts',(14.6000542732781,-60.3217991935344,8.28246038637621));
#3621=CARTESIAN_POINT('Ctrl Pts',(14.5677016594967,-62.7414657906616,8.65828919040103));
#3622=CARTESIAN_POINT('Ctrl Pts',(13.4851928805813,-66.75516152866,9.24648238922251));
#3623=CARTESIAN_POINT('Ctrl Pts',(9.87590606200684,-71.2271259464771,9.86052937415924));
#3624=CARTESIAN_POINT('Ctrl Pts',(7.08446583064862,-72.9746282165316,10.0920391809652));
#3625=CARTESIAN_POINT('Ctrl Pts',(5.58153785529605,-73.5955247780628,10.1737303307706));
#3626=CARTESIAN_POINT('Ctrl Pts',(13.3336286113708,-60.3990805473341,7.80849965131505));
#3627=CARTESIAN_POINT('Ctrl Pts',(13.3216926295205,-62.6075226591411,8.16769516729907));
#3628=CARTESIAN_POINT('Ctrl Pts',(12.3567352382692,-66.2861800714719,8.73228965353215));
#3629=CARTESIAN_POINT('Ctrl Pts',(9.06495578625359,-70.4007052015662,9.32480624931351));
#3630=CARTESIAN_POINT('Ctrl Pts',(6.50604191492741,-72.0118976951248,9.54848463230499));
#3631=CARTESIAN_POINT('Ctrl Pts',(5.12671277083955,-72.5845184711585,9.62752648963746));
#3632=CARTESIAN_POINT('Ctrl Pts',(12.7851088000206,-60.4020874585074,7.79005881687857));
#3633=CARTESIAN_POINT('Ctrl Pts',(12.7822325834677,-62.5213839476549,8.13551942498112));
#3634=CARTESIAN_POINT('Ctrl Pts',(11.8689009634233,-66.0576214501322,8.68095788552314));
#3635=CARTESIAN_POINT('Ctrl Pts',(8.71440016402273,-70.0206328096764,9.25502815263638));
#3636=CARTESIAN_POINT('Ctrl Pts',(6.25621431229788,-71.5736501450995,9.47227865921982));
#3637=CARTESIAN_POINT('Ctrl Pts',(4.93019807393147,-72.1257878968294,9.54901578828308));
#3638=CARTESIAN_POINT('',(15.1999996602535,-59.9999986615165,10.2560436149636));
#3639=CARTESIAN_POINT('Origin',(12.6999996602535,-59.9999986499814,10.2560436149636));
#3640=CARTESIAN_POINT('Ctrl Pts',(15.1999999999999,-59.9999986548954,10.2560436635637));
#3641=CARTESIAN_POINT('Ctrl Pts',(15.2000002233834,-62.5357507030115,10.601504257995));
#3642=CARTESIAN_POINT('Ctrl Pts',(14.5512860596042,-65.0736657049067,10.9287673208584));
#3643=CARTESIAN_POINT('Ctrl Pts',(13.3276503483518,-67.3074851028586,11.207290610103));
#3644=CARTESIAN_POINT('Ctrl Pts',(12.511893178311,-68.7966980881436,11.3929728095806));
#3645=CARTESIAN_POINT('Ctrl Pts',(11.4406153022079,-70.1507574619985,11.5569928858987));
#3646=CARTESIAN_POINT('Ctrl Pts',(10.1738846250746,-71.2920333852778,11.6933155507036));
#3647=CARTESIAN_POINT('Ctrl Pts',(8.90715394794131,-72.4333093085571,11.8296382155085));
#3648=CARTESIAN_POINT('Ctrl Pts',(7.44497046977787,-73.3618017812607,11.9382634688002));
#3649=CARTESIAN_POINT('Ctrl Pts',(5.86716352010985,-74.021996727581,12.0150005978634));
#3650=CARTESIAN_POINT('Ctrl Pts',(-5.86716352010986,-74.021996727581,12.0150005978634));
#3651=CARTESIAN_POINT('Ctrl Pts',(-7.44497024653632,-73.3618018746707,11.9382634796576));
#3652=CARTESIAN_POINT('Ctrl Pts',(-10.3693368232319,-71.5048172690491,11.7210130129801));
#3653=CARTESIAN_POINT('Ctrl Pts',(-14.1188091843892,-66.7656104136411,11.1469428656538));
#3654=CARTESIAN_POINT('Ctrl Pts',(-15.1999998508461,-62.5357526762113,10.6015045165757));
#3655=CARTESIAN_POINT('Ctrl Pts',(-15.2,-60.0000008940697,10.2560439686197));
#3656=CARTESIAN_POINT('Ctrl Pts',(-5.83384457166919,-74.0359382312497,11.3423846039189));
#3657=CARTESIAN_POINT('Ctrl Pts',(-7.40451920626417,-73.3832267169756,11.2637573489512));
#3658=CARTESIAN_POINT('Ctrl Pts',(-10.3171242344937,-71.5481338828975,11.041413465561));
#3659=CARTESIAN_POINT('Ctrl Pts',(-14.0734223194491,-66.8523581921691,10.4520893877569));
#3660=CARTESIAN_POINT('Ctrl Pts',(-15.1797942845429,-62.6488556525435,9.89094661864273));
#3661=CARTESIAN_POINT('Ctrl Pts',(-15.199999993073,-60.1177660044262,9.53379811337685));
#3662=CARTESIAN_POINT('Ctrl Pts',(-5.58153785529605,-73.5955247780627,10.1737303307706));
#3663=CARTESIAN_POINT('Ctrl Pts',(-7.08446561800158,-72.9746283043813,10.0920391925235));
#3664=CARTESIAN_POINT('Ctrl Pts',(-9.87590548605453,-71.2271263541769,9.86052942825942));
#3665=CARTESIAN_POINT('Ctrl Pts',(-13.4851920975351,-66.7551628385079,9.24648257199769));
#3666=CARTESIAN_POINT('Ctrl Pts',(-14.5677012329272,-62.7414678383366,8.65828949516047));
#3667=CARTESIAN_POINT('Ctrl Pts',(-14.6000542411549,-60.3218015902481,8.28246075867857));
#3668=CARTESIAN_POINT('Ctrl Pts',(-5.12671277083956,-72.5845184711585,9.62752648963746));
#3669=CARTESIAN_POINT('Ctrl Pts',(-6.50604171976819,-72.011897776144,9.5484846434885));
#3670=CARTESIAN_POINT('Ctrl Pts',(-9.06495525856447,-70.4007055774307,9.32480630158707));
#3671=CARTESIAN_POINT('Ctrl Pts',(-12.3567345268893,-66.2861812755331,8.73228982967217));
#3672=CARTESIAN_POINT('Ctrl Pts',(-13.3216922530399,-62.6075245339312,8.16769545954048));
#3673=CARTESIAN_POINT('Ctrl Pts',(-13.3336285994591,-60.3990827349217,7.80850000696452));
#3674=CARTESIAN_POINT('Ctrl Pts',(-4.93019807393148,-72.1257878968294,9.54901578828308));
#3675=CARTESIAN_POINT('Ctrl Pts',(-6.25621412468182,-71.5736502232206,9.47227867007724));
#3676=CARTESIAN_POINT('Ctrl Pts',(-8.71439965721012,-70.0206331719613,9.2550282033997));
#3677=CARTESIAN_POINT('Ctrl Pts',(-11.8689002831119,-66.0576226093039,8.68095805607345));
#3678=CARTESIAN_POINT('Ctrl Pts',(-12.7822322288906,-62.5213857490835,8.13551970699536));
#3679=CARTESIAN_POINT('Ctrl Pts',(-12.7851087971717,-60.4020895575606,7.79005915903937));
#3680=CARTESIAN_POINT('',(-15.2,-60.0000008940697,10.2560439686197));
#3681=CARTESIAN_POINT('Ctrl Pts',(-5.86716352010986,-74.021996727581,12.0150005978634));
#3682=CARTESIAN_POINT('Ctrl Pts',(-7.44497024653632,-73.3618018746707,11.9382634796576));
#3683=CARTESIAN_POINT('Ctrl Pts',(-10.3693368232319,-71.5048172690491,11.7210130129801));
#3684=CARTESIAN_POINT('Ctrl Pts',(-14.1188091843892,-66.7656104136411,11.1469428656538));
#3685=CARTESIAN_POINT('Ctrl Pts',(-15.1999998508461,-62.5357526762113,10.6015045165757));
#3686=CARTESIAN_POINT('Ctrl Pts',(-15.2,-60.0000008940697,10.2560439686197));
#3687=CARTESIAN_POINT('Origin',(-12.7,-60.0000007470188,10.2560439686197));
#3688=CARTESIAN_POINT('Origin',(-7.34788079488412E-15,-60.,0.));
#3689=CARTESIAN_POINT('',(-15.2,-60.0000008940697,0.));
#3690=CARTESIAN_POINT('Ctrl Pts',(-72.2078726604801,-2.45108555663429,12.0150005978634));
#3691=CARTESIAN_POINT('Ctrl Pts',(-71.5715776123453,-2.32333107887674,11.8004919688348));
#3692=CARTESIAN_POINT('Ctrl Pts',(-70.7016155585252,-1.74047507722387,11.4972823758811));
#3693=CARTESIAN_POINT('Ctrl Pts',(-70.0515573394741,-0.192828511511795,
11.264127168057));
#3694=CARTESIAN_POINT('Ctrl Pts',(-70.3994016470323,1.54557883117667,11.3907913811037));
#3695=CARTESIAN_POINT('Ctrl Pts',(-71.5715780305757,2.32333116284846,11.8004921098292));
#3696=CARTESIAN_POINT('Ctrl Pts',(-72.2078726604801,2.45108555663426,12.0150005978634));
#3697=CARTESIAN_POINT('Ctrl Pts',(-72.3258270029009,-2.47476827341697,11.2870176530184));
#3698=CARTESIAN_POINT('Ctrl Pts',(-71.6778857877,-2.3774958796006,11.0923319781638));
#3699=CARTESIAN_POINT('Ctrl Pts',(-70.7510168624155,-1.81381330351924,10.8143398470498));
#3700=CARTESIAN_POINT('Ctrl Pts',(-70.0379280295167,-0.206299230768078,
10.5997613888561));
#3701=CARTESIAN_POINT('Ctrl Pts',(-70.4255632530191,1.62682331814131,10.7166092398322));
#3702=CARTESIAN_POINT('Ctrl Pts',(-71.6778862135853,2.37749594353674,11.0923321061287));
#3703=CARTESIAN_POINT('Ctrl Pts',(-72.325827002901,2.47476827341694,11.2870176530184));
#3704=CARTESIAN_POINT('Ctrl Pts',(-72.4099468692794,-3.11435018873404,10.0261409725527));
#3705=CARTESIAN_POINT('Ctrl Pts',(-71.5888753132403,-2.9999974483696,9.86308838858056));
#3706=CARTESIAN_POINT('Ctrl Pts',(-70.4066391030516,-2.30116822054001,9.62695729494861));
#3707=CARTESIAN_POINT('Ctrl Pts',(-69.4917971117056,-0.261613009451304,
9.44233408062314));
#3708=CARTESIAN_POINT('Ctrl Pts',(-69.99039249794,2.06711134805634,9.54347570613536));
#3709=CARTESIAN_POINT('Ctrl Pts',(-71.5888758529224,2.99999752353248,9.8630884957534));
#3710=CARTESIAN_POINT('Ctrl Pts',(-72.4099468692794,3.11435018873401,10.0261409725527));
#3711=CARTESIAN_POINT('Ctrl Pts',(-72.2328148363841,-4.38737787411034,9.56064235164389));
#3712=CARTESIAN_POINT('Ctrl Pts',(-71.0940868854933,-4.17316732610809,9.36933499576798));
#3713=CARTESIAN_POINT('Ctrl Pts',(-69.5199750727642,-3.14300510742937,9.09669779520105));
#3714=CARTESIAN_POINT('Ctrl Pts',(-68.3343816946536,-0.350134420140983,
8.88623013461946));
#3715=CARTESIAN_POINT('Ctrl Pts',(-68.971467222878,2.79821021633019,9.00082303885585));
#3716=CARTESIAN_POINT('Ctrl Pts',(-71.0940876339678,4.17316746690651,9.3693351215124));
#3717=CARTESIAN_POINT('Ctrl Pts',(-72.2328148363842,4.38737787411031,9.56064235164389));
#3718=CARTESIAN_POINT('Ctrl Pts',(-72.1257878968294,-4.93019807393149,9.54901578828308));
#3719=CARTESIAN_POINT('Ctrl Pts',(-70.8532637703609,-4.67373015402433,9.33450715925442));
#3720=CARTESIAN_POINT('Ctrl Pts',(-69.1137856112279,-3.5018936163458,9.03129756630072));
#3721=CARTESIAN_POINT('Ctrl Pts',(-67.8142716923545,-0.388067533185016,
8.7981423584766));
#3722=CARTESIAN_POINT('Ctrl Pts',(-68.509560091858,3.11006102852781,8.92480657152331));
#3723=CARTESIAN_POINT('Ctrl Pts',(-70.8532646067783,4.6737303225981,9.3345073002488));
#3724=CARTESIAN_POINT('Ctrl Pts',(-72.1257878968294,4.93019807393147,9.54901578828309));
#3725=CARTESIAN_POINT('',(-72.2078726604801,-2.45108555663429,12.0150005978634));
#3726=CARTESIAN_POINT('Origin',(-71.7157472658078,-4.9021695200918,12.0150005978634));
#3727=CARTESIAN_POINT('Ctrl Pts',(-72.2078726604801,-2.45108555663429,12.0150005978634));
#3728=CARTESIAN_POINT('Ctrl Pts',(-71.5715776123453,-2.32333107887674,11.8004919688348));
#3729=CARTESIAN_POINT('Ctrl Pts',(-70.7016155585252,-1.74047507722387,11.4972823758811));
#3730=CARTESIAN_POINT('Ctrl Pts',(-70.0515573394741,-0.192828511511795,
11.264127168057));
#3731=CARTESIAN_POINT('Ctrl Pts',(-70.3994016470323,1.54557883117667,11.3907913811037));
#3732=CARTESIAN_POINT('Ctrl Pts',(-71.5715780305757,2.32333116284846,11.8004921098292));
#3733=CARTESIAN_POINT('Ctrl Pts',(-72.2078726604801,2.45108555663426,12.0150005978634));
#3734=CARTESIAN_POINT('Origin',(-71.7157472658078,4.90216952009177,12.0150005978634));
#3735=CARTESIAN_POINT('Origin',(-71.7157472658078,-4.90216952009181,12.0150005978634));
#3736=CARTESIAN_POINT('',(-74.021996727581,-5.86716352010988,12.0150005978634));
#3737=CARTESIAN_POINT('Origin',(-71.7157472658078,-4.90216952009181,12.0150005978634));
#3738=CARTESIAN_POINT('Origin',(-71.7157472658078,-4.90216952009181,12.0150005978634));
#3739=CARTESIAN_POINT('Origin',(-71.7157472658078,-4.9021695200918,0.));
#3740=CARTESIAN_POINT('',(-72.2078726604801,-2.45108555663429,0.));
#3741=CARTESIAN_POINT('',(-74.021996727581,-5.86716352010987,0.));
#3742=CARTESIAN_POINT('Origin',(-71.7157472658078,4.90216952009177,12.0150005978634));
#3743=CARTESIAN_POINT('Origin',(-71.7157472658078,4.90216952009177,12.0150005978634));
#3744=CARTESIAN_POINT('Ctrl Pts',(-59.9999983825389,-15.1999999999999,10.2560436264589));
#3745=CARTESIAN_POINT('Ctrl Pts',(-62.5357505212857,-15.2000002698342,10.6015042345615));
#3746=CARTESIAN_POINT('Ctrl Pts',(-66.7656090273614,-14.1188099924657,11.1469426951035));
#3747=CARTESIAN_POINT('Ctrl Pts',(-71.5048168358534,-10.3693374261048,11.7210129622167));
#3748=CARTESIAN_POINT('Ctrl Pts',(-73.3618017812608,-7.44497046977791,11.9382634688002));
#3749=CARTESIAN_POINT('Ctrl Pts',(-74.021996727581,-5.86716352010988,12.0150005978634));
#3750=CARTESIAN_POINT('Ctrl Pts',(-60.1177634986857,-15.2000000125315,9.53379775988092));
#3751=CARTESIAN_POINT('Ctrl Pts',(-62.6488535087012,-15.1797947183496,9.89094632816209));
#3752=CARTESIAN_POINT('Ctrl Pts',(-66.8523568176917,-14.0734231319965,10.4520892126047));
#3753=CARTESIAN_POINT('Ctrl Pts',(-71.5481334547529,-10.3171248354393,11.0414134135973));
#3754=CARTESIAN_POINT('Ctrl Pts',(-73.3832266246244,-7.40451942849664,11.2637573378263));
#3755=CARTESIAN_POINT('Ctrl Pts',(-74.0359382312497,-5.83384457166922,11.3423846039189));
#3756=CARTESIAN_POINT('Ctrl Pts',(-60.3217991935344,-14.6000542732781,8.28246038637621));
#3757=CARTESIAN_POINT('Ctrl Pts',(-62.7414657906616,-14.5677016594967,8.65828919040103));
#3758=CARTESIAN_POINT('Ctrl Pts',(-66.75516152866,-13.4851928805813,9.24648238922252));
#3759=CARTESIAN_POINT('Ctrl Pts',(-71.2271259464771,-9.87590606200685,9.86052937415924));
#3760=CARTESIAN_POINT('Ctrl Pts',(-72.9746282165316,-7.08446583064865,10.0920391809651));
#3761=CARTESIAN_POINT('Ctrl Pts',(-73.5955247780627,-5.58153785529608,10.1737303307706));
#3762=CARTESIAN_POINT('Ctrl Pts',(-60.3990805473342,-13.3336286113708,7.80849965131506));
#3763=CARTESIAN_POINT('Ctrl Pts',(-62.6075226591412,-13.3216926295205,8.16769516729908));
#3764=CARTESIAN_POINT('Ctrl Pts',(-66.2861800714719,-12.3567352382692,8.73228965353215));
#3765=CARTESIAN_POINT('Ctrl Pts',(-70.4007052015663,-9.0649557862536,9.32480624931351));
#3766=CARTESIAN_POINT('Ctrl Pts',(-72.0118976951248,-6.50604191492743,9.54848463230499));
#3767=CARTESIAN_POINT('Ctrl Pts',(-72.5845184711585,-5.12671277083958,9.62752648963746));
#3768=CARTESIAN_POINT('Ctrl Pts',(-60.4020874585074,-12.7851088000206,7.79005881687858));
#3769=CARTESIAN_POINT('Ctrl Pts',(-62.5213839476549,-12.7822325834677,8.13551942498112));
#3770=CARTESIAN_POINT('Ctrl Pts',(-66.0576214501322,-11.8689009634233,8.68095788552315));
#3771=CARTESIAN_POINT('Ctrl Pts',(-70.0206328096765,-8.71440016402274,9.25502815263638));
#3772=CARTESIAN_POINT('Ctrl Pts',(-71.5736501450995,-6.2562143122979,9.47227865921982));
#3773=CARTESIAN_POINT('Ctrl Pts',(-72.1257878968294,-4.93019807393149,9.54901578828308));
#3774=CARTESIAN_POINT('',(-59.9999986615165,-15.1999996602535,10.2560436149636));
#3775=CARTESIAN_POINT('Origin',(-59.9999986499814,-12.6999996602535,10.2560436149636));
#3776=CARTESIAN_POINT('Ctrl Pts',(-59.9999986548954,-15.1999999999999,10.2560436635637));
#3777=CARTESIAN_POINT('Ctrl Pts',(-62.5357507030115,-15.2000002233834,10.601504257995));
#3778=CARTESIAN_POINT('Ctrl Pts',(-65.0736657049067,-14.5512860596042,10.9287673208584));
#3779=CARTESIAN_POINT('Ctrl Pts',(-67.3074851028586,-13.3276503483518,11.207290610103));
#3780=CARTESIAN_POINT('Ctrl Pts',(-68.7966980881437,-12.511893178311,11.3929728095806));
#3781=CARTESIAN_POINT('Ctrl Pts',(-70.1507574619985,-11.4406153022079,11.5569928858987));
#3782=CARTESIAN_POINT('Ctrl Pts',(-71.2920333852778,-10.1738846250746,11.6933155507036));
#3783=CARTESIAN_POINT('Ctrl Pts',(-72.4333093085571,-8.90715394794134,11.8296382155085));
#3784=CARTESIAN_POINT('Ctrl Pts',(-73.3618017812608,-7.44497046977791,11.9382634688002));
#3785=CARTESIAN_POINT('Ctrl Pts',(-74.021996727581,-5.86716352010988,12.0150005978634));
#3786=CARTESIAN_POINT('Ctrl Pts',(-74.021996727581,5.86716352010983,12.0150005978634));
#3787=CARTESIAN_POINT('Ctrl Pts',(-73.0317044482156,8.23387360974956,11.8998949205547));
#3788=CARTESIAN_POINT('Ctrl Pts',(-70.3638594078773,11.7369726376861,11.5876807693907));
#3789=CARTESIAN_POINT('Ctrl Pts',(-65.0731990744351,14.6295708181236,10.9312636458346));
#3790=CARTESIAN_POINT('Ctrl Pts',(-61.690502082164,15.199999900564,10.4863510005904));
#3791=CARTESIAN_POINT('Ctrl Pts',(-60.0000008940697,15.2,10.2560439686197));
#3792=CARTESIAN_POINT('Ctrl Pts',(-74.0359382312497,5.83384457166917,11.3423846039189));
#3793=CARTESIAN_POINT('Ctrl Pts',(-73.0568709598386,8.18985652356166,11.2244437214673));
#3794=CARTESIAN_POINT('Ctrl Pts',(-70.4205356098978,11.6809690488191,10.9049363417569));
#3795=CARTESIAN_POINT('Ctrl Pts',(-65.17149240284,14.5938079075809,10.2303103355075));
#3796=CARTESIAN_POINT('Ctrl Pts',(-61.805159103171,15.1865295207196,9.77189711688743));
#3797=CARTESIAN_POINT('Ctrl Pts',(-60.1177660044262,15.199999993073,9.53379811337685));
#3798=CARTESIAN_POINT('Ctrl Pts',(-73.5955247780627,5.58153785529603,10.1737303307706));
#3799=CARTESIAN_POINT('Ctrl Pts',(-72.6641800675406,7.83592949935434,10.0511936234));
#3800=CARTESIAN_POINT('Ctrl Pts',(-70.153584943793,11.1840946505025,9.71850185049622));
#3801=CARTESIAN_POINT('Ctrl Pts',(-65.1510474985833,13.9922126530842,9.01429966165493));
#3802=CARTESIAN_POINT('Ctrl Pts',(-61.934912422307,14.5784855690031,8.53301324966648));
#3803=CARTESIAN_POINT('Ctrl Pts',(-60.321801590248,14.6000542411549,8.28246075867856));
#3804=CARTESIAN_POINT('Ctrl Pts',(-72.5845184711585,5.12671277083954,9.62752648963746));
#3805=CARTESIAN_POINT('Ctrl Pts',(-71.7255874286368,7.1957061942325,9.50896372041403));
#3806=CARTESIAN_POINT('Ctrl Pts',(-69.4108310209513,10.2626874332181,9.18752971737859));
#3807=CARTESIAN_POINT('Ctrl Pts',(-64.8148160244477,12.810926733818,8.50917697560322));
#3808=CARTESIAN_POINT('Ctrl Pts',(-61.8713772675946,13.3256710351796,8.04796364201515));
#3809=CARTESIAN_POINT('Ctrl Pts',(-60.3990827349217,13.333628599459,7.80850000696452));
#3810=CARTESIAN_POINT('Ctrl Pts',(-72.1257878968294,4.93019807393146,9.54901578828308));
#3811=CARTESIAN_POINT('Ctrl Pts',(-71.2975813864163,6.91922215005699,9.43391011097432));
#3812=CARTESIAN_POINT('Ctrl Pts',(-69.0664280672776,9.86425922563835,9.12169595981034));
#3813=CARTESIAN_POINT('Ctrl Pts',(-64.6426607371136,12.2999794011954,8.46527883625421));
#3814=CARTESIAN_POINT('Ctrl Pts',(-61.8149536852424,12.7831910849843,8.02036619101002));
#3815=CARTESIAN_POINT('Ctrl Pts',(-60.4020895575605,12.7851087971717,7.79005915903937));
#3816=CARTESIAN_POINT('Origin',(-60.0000007470188,12.7,10.2560439686197));
#3817=CARTESIAN_POINT('Ctrl Pts',(-2.45108555663427,72.2078726604801,12.0150005978634));
#3818=CARTESIAN_POINT('Ctrl Pts',(-2.38720835968024,71.8897253452234,11.9077463537437));
#3819=CARTESIAN_POINT('Ctrl Pts',(-2.01381418780888,70.9696474197392,11.5931883641686));
#3820=CARTESIAN_POINT('Ctrl Pts',(-0.547268676109808,69.9778753859599,11.2375843397125));
#3821=CARTESIAN_POINT('Ctrl Pts',(1.54811611114794,70.400238723563,11.3909563256602));
#3822=CARTESIAN_POINT('Ctrl Pts',(2.32333108480214,71.5715776418574,11.800491978784));
#3823=CARTESIAN_POINT('Ctrl Pts',(2.45108555663427,72.2078726604801,12.0150005978634));
#3824=CARTESIAN_POINT('Ctrl Pts',(-2.47476827341696,72.3258270029009,11.2870176530184));
#3825=CARTESIAN_POINT('Ctrl Pts',(-2.42613210843031,72.0018566079331,11.1896748794804));
#3826=CARTESIAN_POINT('Ctrl Pts',(-2.09106330168536,71.0454748440955,10.9028018522361));
#3827=CARTESIAN_POINT('Ctrl Pts',(-0.581890548802783,69.9563297884879,10.5752726563405));
#3828=CARTESIAN_POINT('Ctrl Pts',(1.63039805857611,70.4263144113484,10.7167903363007));
#3829=CARTESIAN_POINT('Ctrl Pts',(2.3774958841122,71.6778858177523,11.0923319871936));
#3830=CARTESIAN_POINT('Ctrl Pts',(2.47476827341696,72.3258270029009,11.2870176530184));
#3831=CARTESIAN_POINT('Ctrl Pts',(-3.11435018873403,72.4099468692794,10.0261409725527));
#3832=CARTESIAN_POINT('Ctrl Pts',(-3.05717385607855,71.999411360708,9.94461473407504));
#3833=CARTESIAN_POINT('Ctrl Pts',(-2.64882590415309,70.7837647845492,9.70284520992389));
#3834=CARTESIAN_POINT('Ctrl Pts',(-0.740699384207142,69.3869318710057,9.42121358416769));
#3835=CARTESIAN_POINT('Ctrl Pts',(2.07225770697927,69.9911773064311,9.54355995313454));
#3836=CARTESIAN_POINT('Ctrl Pts',(2.99999745367341,71.5888753513226,9.86308839614314));
#3837=CARTESIAN_POINT('Ctrl Pts',(3.11435018873403,72.4099468692794,10.0261409725527));
#3838=CARTESIAN_POINT('Ctrl Pts',(-4.38737787411032,72.2328148363841,9.56064235164389));
#3839=CARTESIAN_POINT('Ctrl Pts',(-4.28027267040592,71.6634512346311,9.4649887364866));
#3840=CARTESIAN_POINT('Ctrl Pts',(-3.63219213921099,70.0086924644362,9.18337079214051));
#3841=CARTESIAN_POINT('Ctrl Pts',(-0.993490324102412,68.199662399217,8.86222392833755));
#3842=CARTESIAN_POINT('Ctrl Pts',(2.80338084529761,68.9728569129499,9.00098195145533));
#3843=CARTESIAN_POINT('Ctrl Pts',(4.17316733604343,71.0940869383089,9.36933500464105));
#3844=CARTESIAN_POINT('Ctrl Pts',(4.38737787411033,72.2328148363842,9.56064235164389));
#3845=CARTESIAN_POINT('Ctrl Pts',(-4.93019807393148,72.1257878968294,9.54901578828308));
#3846=CARTESIAN_POINT('Ctrl Pts',(-4.80196419814208,71.4895262511949,9.4417615441633));
#3847=CARTESIAN_POINT('Ctrl Pts',(-4.05166976003751,69.6496148932401,9.1272035545882));
#3848=CARTESIAN_POINT('Ctrl Pts',(-1.10135069106005,67.6669782938784,8.77159953013214));
#3849=CARTESIAN_POINT('Ctrl Pts',(3.11519376943307,68.5112401760243,8.92497151607989));
#3850=CARTESIAN_POINT('Ctrl Pts',(4.67373016591963,70.8532638293822,9.3345071692036));
#3851=CARTESIAN_POINT('Ctrl Pts',(4.93019807393149,72.1257878968294,9.54901578828309));
#3852=CARTESIAN_POINT('Origin',(-4.90216952009179,71.7157472658078,12.0150005978634));
#3853=CARTESIAN_POINT('Origin',(4.90216952009179,71.7157472658078,12.0150005978634));
#3854=CARTESIAN_POINT('Origin',(-4.90216952009178,71.7157472658078,12.0150005978634));
#3855=CARTESIAN_POINT('Origin',(-4.90216952009178,71.7157472658078,12.0150005978634));
#3856=CARTESIAN_POINT('Origin',(4.90216952009179,71.7157472658078,12.0150005978634));
#3857=CARTESIAN_POINT('Origin',(4.90216952009179,71.7157472658078,12.0150005978634));
#3858=CARTESIAN_POINT('Ctrl Pts',(-15.1999999999999,59.999998376265,10.2560436256042));
#3859=CARTESIAN_POINT('Ctrl Pts',(-15.2000002708808,62.5357505159026,10.601504233857));
#3860=CARTESIAN_POINT('Ctrl Pts',(-14.1188099944843,66.7656090238984,11.1469426946775));
#3861=CARTESIAN_POINT('Ctrl Pts',(-10.3693374276107,71.5048168347713,11.7210129620899));
#3862=CARTESIAN_POINT('Ctrl Pts',(-7.44497047033551,73.3618017810274,11.9382634687731));
#3863=CARTESIAN_POINT('Ctrl Pts',(-5.86716352010983,74.021996727581,12.0150005978634));
#3864=CARTESIAN_POINT('Ctrl Pts',(-15.2000000125801,60.1177634924263,9.53379775899787));
#3865=CARTESIAN_POINT('Ctrl Pts',(-15.1797947194332,62.6488535033458,9.89094632743646));
#3866=CARTESIAN_POINT('Ctrl Pts',(-14.0734231340263,66.8523568142582,10.4520892121671));
#3867=CARTESIAN_POINT('Ctrl Pts',(-10.3171248369404,71.5481334536834,11.0414134134675));
#3868=CARTESIAN_POINT('Ctrl Pts',(-7.40451942905173,73.3832266243938,11.2637573377985));
#3869=CARTESIAN_POINT('Ctrl Pts',(-5.83384457166916,74.0359382312497,11.3423846039189));
#3870=CARTESIAN_POINT('Ctrl Pts',(-14.6000542733583,60.3217991875474,8.28246038544619));
#3871=CARTESIAN_POINT('Ctrl Pts',(-14.5677016605623,62.7414657855464,8.65828918963974));
#3872=CARTESIAN_POINT('Ctrl Pts',(-13.4851928825374,66.755161525388,9.24648238876594));
#3873=CARTESIAN_POINT('Ctrl Pts',(-9.87590606344557,71.2271259454586,9.8605293740241));
#3874=CARTESIAN_POINT('Ctrl Pts',(-7.08446583117979,72.9746282163122,10.0920391809363));
#3875=CARTESIAN_POINT('Ctrl Pts',(-5.58153785529603,73.5955247780628,10.1737303307706));
#3876=CARTESIAN_POINT('Ctrl Pts',(-13.3336286114006,60.3990805418695,7.80849965042663));
#3877=CARTESIAN_POINT('Ctrl Pts',(-13.3216926304609,62.6075226544579,8.16769516656905));
#3878=CARTESIAN_POINT('Ctrl Pts',(-12.3567352400463,66.2861800684641,8.73228965309215));
#3879=CARTESIAN_POINT('Ctrl Pts',(-9.06495578757175,70.4007052006273,9.32480624918293));
#3880=CARTESIAN_POINT('Ctrl Pts',(-6.5060419154149,72.0118976949224,9.54848463227705));
#3881=CARTESIAN_POINT('Ctrl Pts',(-5.12671277083953,72.5845184711585,9.62752648963745));
#3882=CARTESIAN_POINT('Ctrl Pts',(-12.7851088000277,60.4020874532639,7.79005881602385));
#3883=CARTESIAN_POINT('Ctrl Pts',(-12.7822325843535,62.5213839431548,8.13551942427664));
#3884=CARTESIAN_POINT('Ctrl Pts',(-11.8689009651227,66.0576214472365,8.6809578850971));
#3885=CARTESIAN_POINT('Ctrl Pts',(-8.71440016528875,70.0206328087714,9.25502815250957));
#3886=CARTESIAN_POINT('Ctrl Pts',(-6.25621431276653,71.5736501449043,9.47227865919269));
#3887=CARTESIAN_POINT('Ctrl Pts',(-4.93019807393145,72.1257878968294,9.54901578828308));
#3888=CARTESIAN_POINT('Origin',(-12.6999996602535,59.9999986447394,10.2560436141089));
#3889=CARTESIAN_POINT('Ctrl Pts',(5.86716352010986,74.021996727581,12.0150005978634));
#3890=CARTESIAN_POINT('Ctrl Pts',(8.23387360974955,73.0317044482156,11.8998949205547));
#3891=CARTESIAN_POINT('Ctrl Pts',(11.7369726376861,70.3638594078773,11.5876807693907));
#3892=CARTESIAN_POINT('Ctrl Pts',(14.6295708181236,65.0731990744352,10.9312636458346));
#3893=CARTESIAN_POINT('Ctrl Pts',(15.1999999005641,61.690502082164,10.4863510005904));
#3894=CARTESIAN_POINT('Ctrl Pts',(15.2,60.0000008940697,10.2560439686197));
#3895=CARTESIAN_POINT('Ctrl Pts',(5.8338445716692,74.0359382312497,11.3423846039189));
#3896=CARTESIAN_POINT('Ctrl Pts',(8.18985652356166,73.0568709598386,11.2244437214673));
#3897=CARTESIAN_POINT('Ctrl Pts',(11.6809690488191,70.4205356098978,10.9049363417569));
#3898=CARTESIAN_POINT('Ctrl Pts',(14.5938079075809,65.17149240284,10.2303103355075));
#3899=CARTESIAN_POINT('Ctrl Pts',(15.1865295207196,61.805159103171,9.77189711688743));
#3900=CARTESIAN_POINT('Ctrl Pts',(15.199999993073,60.1177660044262,9.53379811337685));
#3901=CARTESIAN_POINT('Ctrl Pts',(5.58153785529605,73.5955247780627,10.1737303307706));
#3902=CARTESIAN_POINT('Ctrl Pts',(7.83592949935434,72.6641800675405,10.0511936234));
#3903=CARTESIAN_POINT('Ctrl Pts',(11.1840946505025,70.153584943793,9.71850185049622));
#3904=CARTESIAN_POINT('Ctrl Pts',(13.9922126530842,65.1510474985834,9.01429966165494));
#3905=CARTESIAN_POINT('Ctrl Pts',(14.5784855690031,61.934912422307,8.53301324966649));
#3906=CARTESIAN_POINT('Ctrl Pts',(14.6000542411549,60.3218015902481,8.28246075867857));
#3907=CARTESIAN_POINT('Ctrl Pts',(5.12671277083956,72.5845184711585,9.62752648963745));
#3908=CARTESIAN_POINT('Ctrl Pts',(7.1957061942325,71.7255874286368,9.50896372041402));
#3909=CARTESIAN_POINT('Ctrl Pts',(10.2626874332181,69.4108310209513,9.18752971737859));
#3910=CARTESIAN_POINT('Ctrl Pts',(12.810926733818,64.8148160244477,8.50917697560323));
#3911=CARTESIAN_POINT('Ctrl Pts',(13.3256710351796,61.8713772675947,8.04796364201515));
#3912=CARTESIAN_POINT('Ctrl Pts',(13.3336285994591,60.3990827349217,7.80850000696452));
#3913=CARTESIAN_POINT('Ctrl Pts',(4.93019807393148,72.1257878968294,9.54901578828308));
#3914=CARTESIAN_POINT('Ctrl Pts',(6.91922215005699,71.2975813864162,9.43391011097432));
#3915=CARTESIAN_POINT('Ctrl Pts',(9.86425922563837,69.0664280672776,9.12169595981033));
#3916=CARTESIAN_POINT('Ctrl Pts',(12.2999794011954,64.6426607371136,8.46527883625422));
#3917=CARTESIAN_POINT('Ctrl Pts',(12.7831910849843,61.8149536852425,8.02036619101003));
#3918=CARTESIAN_POINT('Ctrl Pts',(12.7851087971717,60.4020895575606,7.79005915903937));
#3919=CARTESIAN_POINT('Origin',(12.7,60.0000007470188,10.2560439686197));
#3920=CARTESIAN_POINT('Origin',(60.,-1.33226762955019E-14,17.5));
#3921=CARTESIAN_POINT('Origin',(65.,-1.39349996950756E-14,17.5));
#3922=CARTESIAN_POINT('Origin',(0.,60.,17.5));
#3923=CARTESIAN_POINT('Origin',(5.,60.,17.5));
#3924=CARTESIAN_POINT('Origin',(-60.,-1.33226762955019E-14,17.5));
#3925=CARTESIAN_POINT('Origin',(-55.,-1.39349996950756E-14,17.5));
#3926=CARTESIAN_POINT('Origin',(-7.34788079488412E-15,-60.,17.5));
#3927=CARTESIAN_POINT('Origin',(4.99999999999999,-60.,17.5));
#3928=CARTESIAN_POINT('Ctrl Pts',(-12.8593221782951,-30.5788604398089,3.02878546207257));
#3929=CARTESIAN_POINT('Ctrl Pts',(-12.8147509605985,-40.5403097248227,4.55632916896463));
#3930=CARTESIAN_POINT('Ctrl Pts',(-12.7985879177593,-50.4709869986846,6.17121787161165));
#3931=CARTESIAN_POINT('Ctrl Pts',(-12.7851087969866,-60.4020896939316,7.79005918126884));
#3932=CARTESIAN_POINT('Ctrl Pts',(-13.575494004172,-30.5719156304748,3.07398887946306));
#3933=CARTESIAN_POINT('Ctrl Pts',(-13.5402899129686,-40.5349937928803,4.58902189969751));
#3934=CARTESIAN_POINT('Ctrl Pts',(-13.5272295962165,-50.4663578439196,6.19973133397129));
#3935=CARTESIAN_POINT('Ctrl Pts',(-13.5164685379118,-60.3980805551099,7.8146469717608));
#3936=CARTESIAN_POINT('Ctrl Pts',(-14.7805881415395,-30.472643686419,3.72014500938334));
#3937=CARTESIAN_POINT('Ctrl Pts',(-14.770228916074,-40.4317496581534,5.22868944623333));
#3938=CARTESIAN_POINT('Ctrl Pts',(-14.7664036774996,-50.3633304249944,6.83615172129864));
#3939=CARTESIAN_POINT('Ctrl Pts',(-14.763203008637,-60.2946489040355,8.44898663421217));
#3940=CARTESIAN_POINT('Ctrl Pts',(-15.2,-30.2817305562643,4.96278904647687));
#3941=CARTESIAN_POINT('Ctrl Pts',(-15.2000952285108,-40.22933667016,6.48469521428532));
#3942=CARTESIAN_POINT('Ctrl Pts',(-15.1999687233743,-50.159159348452,8.09730035299514));
#3943=CARTESIAN_POINT('Ctrl Pts',(-15.2,-60.0883247177459,9.71435959623034));
#3944=CARTESIAN_POINT('Ctrl Pts',(-15.2,-30.1999998290004,5.49477027165293));
#3945=CARTESIAN_POINT('Ctrl Pts',(-15.2,-40.1427055885852,7.02231397854499));
#3946=CARTESIAN_POINT('Ctrl Pts',(-15.2,-50.0717512686252,8.63720268119202));
#3947=CARTESIAN_POINT('Ctrl Pts',(-15.2,-60.0000008833506,10.2560439908492));
#3948=CARTESIAN_POINT('',(-15.2,-30.1999998289973,5.49477027165294));
#3949=CARTESIAN_POINT('Ctrl Pts',(-15.2,-60.0000008833506,10.2560439908492));
#3950=CARTESIAN_POINT('Ctrl Pts',(-15.2,-50.0717512686252,8.63720268119202));
#3951=CARTESIAN_POINT('Ctrl Pts',(-15.2,-40.1427055885852,7.02231397854499));
#3952=CARTESIAN_POINT('Ctrl Pts',(-15.2,-30.1999998290004,5.49477027165293));
#3953=CARTESIAN_POINT('Origin',(-12.7,-30.1999998290004,5.49477027165293));
#3954=CARTESIAN_POINT('Ctrl Pts',(-15.2,-30.1999998289984,5.49477027165275));
#3955=CARTESIAN_POINT('Ctrl Pts',(-15.1999999999997,-29.085263236202,5.29496446495722));
#3956=CARTESIAN_POINT('Ctrl Pts',(-15.569839888184,-25.7380357016533,4.72945818127977));
#3957=CARTESIAN_POINT('Ctrl Pts',(-18.0566531745176,-20.5341677737173,4.09183691108739));
#3958=CARTESIAN_POINT('Ctrl Pts',(-23.4976413661194,-16.2063079680508,4.37002577970286));
#3959=CARTESIAN_POINT('Ctrl Pts',(-27.9705267295133,-15.1999998416122,5.09515865826809));
#3960=CARTESIAN_POINT('Ctrl Pts',(-30.199999915106,-15.1999998289943,5.49477027165964));
#3961=CARTESIAN_POINT('Ctrl Pts',(-15.2,-30.3089741320171,4.78546197141797));
#3962=CARTESIAN_POINT('Ctrl Pts',(-15.1916288922381,-29.1897175899211,4.59156928412893));
#3963=CARTESIAN_POINT('Ctrl Pts',(-15.5399625765061,-25.8213034946693,4.0428809955017));
#3964=CARTESIAN_POINT('Ctrl Pts',(-18.0298546164923,-20.544538730121,3.42796322481324));
#3965=CARTESIAN_POINT('Ctrl Pts',(-23.5548705020316,-16.1655330541873,3.69562955231575));
#3966=CARTESIAN_POINT('Ctrl Pts',(-28.0704611338382,-15.1832576255234,4.39767659684607));
#3967=CARTESIAN_POINT('Ctrl Pts',(-30.3089742181248,-15.1999998283775,4.78546197142466));
#3968=CARTESIAN_POINT('Ctrl Pts',(-14.6253929704101,-30.4979907492806,3.5551622420929));
#3969=CARTESIAN_POINT('Ctrl Pts',(-14.6142997434822,-29.3267911339182,3.3707522707978));
#3970=CARTESIAN_POINT('Ctrl Pts',(-14.9719392821279,-25.8003094698231,2.85030694445205));
#3971=CARTESIAN_POINT('Ctrl Pts',(-17.592428861149,-20.2481301955311,2.27272824201796));
#3972=CARTESIAN_POINT('Ctrl Pts',(-23.4214550556749,-15.6256513054312,2.52350109079536));
#3973=CARTESIAN_POINT('Ctrl Pts',(-28.1555916012862,-14.6032063571192,3.18634229950857));
#3974=CARTESIAN_POINT('Ctrl Pts',(-30.4979908321364,-14.6253927977174,3.55516224209926));
#3975=CARTESIAN_POINT('Ctrl Pts',(-13.3964510477028,-30.573651832807,3.06268802511523));
#3976=CARTESIAN_POINT('Ctrl Pts',(-13.3973909570402,-29.3096218046534,2.86989558812402));
#3977=CARTESIAN_POINT('Ctrl Pts',(-13.8231595569247,-25.5095879446071,2.32471733336523));
#3978=CARTESIAN_POINT('Ctrl Pts',(-16.6998172832563,-19.558914618802,1.71495863692036));
#3979=CARTESIAN_POINT('Ctrl Pts',(-22.9588795364572,-14.5581282192476,1.9802622732764));
#3980=CARTESIAN_POINT('Ctrl Pts',(-28.0455918524108,-13.3983307075645,2.67710315113896));
#3981=CARTESIAN_POINT('Ctrl Pts',(-30.5736519087072,-13.3964508745813,3.06268802512188));
#3982=CARTESIAN_POINT('Ctrl Pts',(-12.8593221782951,-30.5788604398077,3.02878546207238));
#3983=CARTESIAN_POINT('Ctrl Pts',(-12.8651521837258,-29.275882723839,2.82897965537686));
#3984=CARTESIAN_POINT('Ctrl Pts',(-13.3190452902785,-25.3609915328244,2.26347337169941));
#3985=CARTESIAN_POINT('Ctrl Pts',(-16.3014638582543,-19.2445154274638,1.62585210150703));
#3986=CARTESIAN_POINT('Ctrl Pts',(-22.738404461325,-14.0876264650564,1.9040409701225));
#3987=CARTESIAN_POINT('Ctrl Pts',(-27.9729050807966,-12.8709820307545,2.62917384868772));
#3988=CARTESIAN_POINT('Ctrl Pts',(-30.5788605126678,-12.8593220051439,3.02878546207928));
#3989=CARTESIAN_POINT('',(-30.1999999150847,-15.1999998289943,5.49477027165964));
#3990=CARTESIAN_POINT('Origin',(-30.199999900957,-12.6999998289943,5.49477027165964));
#3991=CARTESIAN_POINT('Ctrl Pts',(-15.2,-30.1999998289984,5.49477027165275));
#3992=CARTESIAN_POINT('Ctrl Pts',(-15.1999999999997,-29.085263236202,5.29496446495722));
#3993=CARTESIAN_POINT('Ctrl Pts',(-15.569839888184,-25.7380357016533,4.72945818127977));
#3994=CARTESIAN_POINT('Ctrl Pts',(-18.0566531745176,-20.5341677737173,4.09183691108739));
#3995=CARTESIAN_POINT('Ctrl Pts',(-23.4976413661194,-16.2063079680508,4.37002577970286));
#3996=CARTESIAN_POINT('Ctrl Pts',(-27.9705267295133,-15.1999998416122,5.09515865826809));
#3997=CARTESIAN_POINT('Ctrl Pts',(-30.199999915106,-15.1999998289943,5.49477027165964));
#3998=CARTESIAN_POINT('Ctrl Pts',(-60.4020874603818,-12.7851084580931,7.79005880538323));
#3999=CARTESIAN_POINT('Ctrl Pts',(-50.4709855331328,-12.7985876350266,6.17121762362126));
#4000=CARTESIAN_POINT('Ctrl Pts',(-40.5403090264062,-12.8147507344911,4.55632905073866));
#4001=CARTESIAN_POINT('Ctrl Pts',(-30.5788605126539,-12.859322005144,3.02878546207715));
#4002=CARTESIAN_POINT('Ctrl Pts',(-60.3980783255637,-13.5164681984137,7.81464659676039));
#4003=CARTESIAN_POINT('Ctrl Pts',(-50.4663563823632,-13.5272293128925,6.19973108683847));
#4004=CARTESIAN_POINT('Ctrl Pts',(-40.5349930984461,-13.5402896861663,4.58902178243983));
#4005=CARTESIAN_POINT('Ctrl Pts',(-30.5719157073751,-13.5754938310602,3.07398887946759));
#4006=CARTESIAN_POINT('Ctrl Pts',(-60.2946466816384,-14.763202667976,8.44898625970738));
#4007=CARTESIAN_POINT('Ctrl Pts',(-50.3633289705726,-14.7664033930536,6.83615147464489));
#4008=CARTESIAN_POINT('Ctrl Pts',(-40.4317489709936,-14.7702286879455,5.22868932946166));
#4009=CARTESIAN_POINT('Ctrl Pts',(-30.4726437701455,-14.780587969002,3.72014500937165));
#4010=CARTESIAN_POINT('Ctrl Pts',(-60.088322498319,-15.1999996597534,9.71435922076316));
#4011=CARTESIAN_POINT('Ctrl Pts',(-50.159157897023,-15.1999684393513,8.09730010541008));
#4012=CARTESIAN_POINT('Ctrl Pts',(-40.2293359863219,-15.2000950007072,6.48469509649568));
#4013=CARTESIAN_POINT('Ctrl Pts',(-30.2817306423632,-15.1999998285315,4.96278904648142));
#4014=CARTESIAN_POINT('Ctrl Pts',(-59.9999986641375,-15.1999996602535,10.2560436149636));
#4015=CARTESIAN_POINT('Ctrl Pts',(-50.0717498174277,-15.1999997164717,8.63720243320162));
#4016=CARTESIAN_POINT('Ctrl Pts',(-40.1427049051259,-15.1999997726943,7.02231386031902));
#4017=CARTESIAN_POINT('Ctrl Pts',(-30.1999999150992,-15.1999998289943,5.49477027165751));
#4018=CARTESIAN_POINT('Ctrl Pts',(-30.1999999150992,-15.1999998289943,5.49477027165751));
#4019=CARTESIAN_POINT('Ctrl Pts',(-40.1427049042736,-15.1999997726943,7.02231386018808));
#4020=CARTESIAN_POINT('Ctrl Pts',(-50.0717498157255,-15.1999997164717,8.63720243292476));
#4021=CARTESIAN_POINT('Ctrl Pts',(-59.9999986615844,-15.1999996602535,10.2560436145473));
#4022=CARTESIAN_POINT('Origin',(-60.,-1.33226762955019E-14,0.));
#4023=CARTESIAN_POINT('',(-59.9999986588955,-15.1999999999999,0.));
#4024=CARTESIAN_POINT('Origin',(-59.9999986588955,-15.1999996602535,0.));
#4025=CARTESIAN_POINT('',(-30.1999999150634,-15.1999998289943,0.));
#4026=CARTESIAN_POINT('Origin',(-30.2,-30.1999998289943,0.));
#4027=CARTESIAN_POINT('',(-15.2,-30.1999998289943,0.));
#4028=CARTESIAN_POINT('Origin',(-15.2,-15.1999999139309,0.));
#4029=CARTESIAN_POINT('Ctrl Pts',(-30.5788604398089,12.8593221782951,3.02878546207257));
#4030=CARTESIAN_POINT('Ctrl Pts',(-40.5403097248227,12.8147509605984,4.55632916896463));
#4031=CARTESIAN_POINT('Ctrl Pts',(-50.4709869986847,12.7985879177593,6.17121787161166));
#4032=CARTESIAN_POINT('Ctrl Pts',(-60.4020896939316,12.7851087969866,7.79005918126884));
#4033=CARTESIAN_POINT('Ctrl Pts',(-30.5719156304748,13.575494004172,3.07398887946305));
#4034=CARTESIAN_POINT('Ctrl Pts',(-40.5349937928803,13.5402899129686,4.58902189969751));
#4035=CARTESIAN_POINT('Ctrl Pts',(-50.4663578439196,13.5272295962165,6.19973133397129));
#4036=CARTESIAN_POINT('Ctrl Pts',(-60.39808055511,13.5164685379118,7.81464697176081));
#4037=CARTESIAN_POINT('Ctrl Pts',(-30.472643686419,14.7805881415395,3.72014500938334));
#4038=CARTESIAN_POINT('Ctrl Pts',(-40.4317496581534,14.770228916074,5.22868944623333));
#4039=CARTESIAN_POINT('Ctrl Pts',(-50.3633304249944,14.7664036774996,6.83615172129863));
#4040=CARTESIAN_POINT('Ctrl Pts',(-60.2946489040355,14.763203008637,8.44898663421217));
#4041=CARTESIAN_POINT('Ctrl Pts',(-30.2817305562643,15.2,4.96278904647686));
#4042=CARTESIAN_POINT('Ctrl Pts',(-40.22933667016,15.2000952285108,6.48469521428532));
#4043=CARTESIAN_POINT('Ctrl Pts',(-50.159159348452,15.1999687233743,8.09730035299515));
#4044=CARTESIAN_POINT('Ctrl Pts',(-60.0883247177459,15.2,9.71435959623034));
#4045=CARTESIAN_POINT('Ctrl Pts',(-30.1999998290003,15.2,5.49477027165293));
#4046=CARTESIAN_POINT('Ctrl Pts',(-40.1427055885852,15.2,7.02231397854499));
#4047=CARTESIAN_POINT('Ctrl Pts',(-50.0717512686253,15.2,8.63720268119202));
#4048=CARTESIAN_POINT('Ctrl Pts',(-60.0000008833507,15.2,10.2560439908492));
#4049=CARTESIAN_POINT('Origin',(-30.1999998290003,12.7,5.49477027165293));
#4050=CARTESIAN_POINT('Ctrl Pts',(-30.1999998289984,15.2,5.49477027165274));
#4051=CARTESIAN_POINT('Ctrl Pts',(-27.9705266434056,15.1999999999994,5.0951586582617));
#4052=CARTESIAN_POINT('Ctrl Pts',(-23.4955268462852,16.2068139501245,4.37064195588769));
#4053=CARTESIAN_POINT('Ctrl Pts',(-18.9668314996105,19.8124751881737,4.1377112749107));
#4054=CARTESIAN_POINT('Ctrl Pts',(-15.9596754497053,24.6186523873293,4.56001209202394));
#4055=CARTESIAN_POINT('Ctrl Pts',(-15.1999998416122,27.9705267295133,5.09515865826809));
#4056=CARTESIAN_POINT('Ctrl Pts',(-15.1999998289943,30.199999915106,5.49477027165964));
#4057=CARTESIAN_POINT('Ctrl Pts',(-30.308974132017,15.2,4.78546197141796));
#4058=CARTESIAN_POINT('Ctrl Pts',(-28.0704610478251,15.1832577844763,4.39767659683987));
#4059=CARTESIAN_POINT('Ctrl Pts',(-23.5525735671544,16.1664419859762,3.69612570242318));
#4060=CARTESIAN_POINT('Ctrl Pts',(-18.9542221757586,19.8138969614162,3.47223434441504));
#4061=CARTESIAN_POINT('Ctrl Pts',(-15.9267272715202,24.6866815361763,3.87919521802749));
#4062=CARTESIAN_POINT('Ctrl Pts',(-15.1832576255234,28.0704611338382,4.39767659684607));
#4063=CARTESIAN_POINT('Ctrl Pts',(-15.1999998283775,30.3089742181248,4.78546197142466));
#4064=CARTESIAN_POINT('Ctrl Pts',(-30.4979907492806,14.6253929704101,3.55516224209289));
#4065=CARTESIAN_POINT('Ctrl Pts',(-28.1555915185557,14.6032065165542,3.1863422995027));
#4066=CARTESIAN_POINT('Ctrl Pts',(-23.4185837088849,15.6270786711876,2.52392116847702));
#4067=CARTESIAN_POINT('Ctrl Pts',(-18.5684387298045,19.4760754174832,2.31426076566878));
#4068=CARTESIAN_POINT('Ctrl Pts',(-15.377151640225,24.6084218711763,2.6965528861623));
#4069=CARTESIAN_POINT('Ctrl Pts',(-14.6032063571192,28.1555916012862,3.18634229950857));
#4070=CARTESIAN_POINT('Ctrl Pts',(-14.6253927977174,30.4979908321364,3.55516224209925));
#4071=CARTESIAN_POINT('Ctrl Pts',(-30.573651832807,13.3964510477028,3.06268802511522));
#4072=CARTESIAN_POINT('Ctrl Pts',(-28.0455917764997,13.3983308663776,2.67710315113281));
#4073=CARTESIAN_POINT('Ctrl Pts',(-22.9558258459269,14.5591637945165,1.98075134925348));
#4074=CARTESIAN_POINT('Ctrl Pts',(-17.7477151944064,18.7243545222079,1.75884108486985));
#4075=CARTESIAN_POINT('Ctrl Pts',(-14.2740607434122,24.2328639818228,2.16243025978954));
#4076=CARTESIAN_POINT('Ctrl Pts',(-13.3983307075645,28.0455918524108,2.67710315113897));
#4077=CARTESIAN_POINT('Ctrl Pts',(-13.3964508745813,30.5736519087072,3.06268802512188));
#4078=CARTESIAN_POINT('Ctrl Pts',(-30.5788604398076,12.8593221782951,3.02878546207238));
#4079=CARTESIAN_POINT('Ctrl Pts',(-27.9729050078704,12.8709821891564,2.62917384868134));
#4080=CARTESIAN_POINT('Ctrl Pts',(-22.7352983514957,14.0884595841907,1.90465714630733));
#4081=CARTESIAN_POINT('Ctrl Pts',(-17.379046415855,18.3842381581407,1.67172646533034));
#4082=CARTESIAN_POINT('Ctrl Pts',(-13.7888600318637,24.048794650031,2.09402728244358));
#4083=CARTESIAN_POINT('Ctrl Pts',(-12.8709820307545,27.9729050807966,2.62917384868772));
#4084=CARTESIAN_POINT('Ctrl Pts',(-12.8593220051439,30.5788605126678,3.02878546207928));
#4085=CARTESIAN_POINT('Origin',(-12.6999998289943,30.199999900957,5.49477027165964));
#4086=CARTESIAN_POINT('Ctrl Pts',(-12.7851084581002,60.4020874551383,7.7900588045285));
#4087=CARTESIAN_POINT('Ctrl Pts',(-12.7985876350335,50.4709855296354,6.17121762305735));
#4088=CARTESIAN_POINT('Ctrl Pts',(-12.8147507344989,40.5403090246531,4.55632905046982));
#4089=CARTESIAN_POINT('Ctrl Pts',(-12.859322005144,30.5788605126539,3.02878546207714));
#4090=CARTESIAN_POINT('Ctrl Pts',(-13.5164681984194,60.3980783203199,7.81464659590767));
#4091=CARTESIAN_POINT('Ctrl Pts',(-13.527229312898,50.4663563788655,6.19973108627651));
#4092=CARTESIAN_POINT('Ctrl Pts',(-13.5402896861725,40.5349930966927,4.5890217821732));
#4093=CARTESIAN_POINT('Ctrl Pts',(-13.5754938310602,30.5719157073751,3.07398887946759));
#4094=CARTESIAN_POINT('Ctrl Pts',(-14.7632026679777,60.2946466763948,8.4489862588558));
#4095=CARTESIAN_POINT('Ctrl Pts',(-14.7664033930553,50.3633289670752,6.83615147408401));
#4096=CARTESIAN_POINT('Ctrl Pts',(-14.7702286879473,40.4317489692408,5.22868932919612));
#4097=CARTESIAN_POINT('Ctrl Pts',(-14.780587969002,30.4726437701455,3.72014500937161));
#4098=CARTESIAN_POINT('Ctrl Pts',(-15.1999996597534,60.0883224930765,9.71435921990938));
#4099=CARTESIAN_POINT('Ctrl Pts',(-15.1999684393513,50.1591578935268,8.09730010484709));
#4100=CARTESIAN_POINT('Ctrl Pts',(-15.2000950007071,40.2293359845712,6.48469509622783));
#4101=CARTESIAN_POINT('Ctrl Pts',(-15.1999998285315,30.2817306423632,4.96278904648142));
#4102=CARTESIAN_POINT('Ctrl Pts',(-15.1999996602535,59.9999986588955,10.2560436141089));
#4103=CARTESIAN_POINT('Ctrl Pts',(-15.1999997164717,50.0717498139321,8.63720243263771));
#4104=CARTESIAN_POINT('Ctrl Pts',(-15.1999997726943,40.142704903376,7.02231386005017));
#4105=CARTESIAN_POINT('Ctrl Pts',(-15.1999998289943,30.1999999150992,5.4947702716575));
#4106=CARTESIAN_POINT('Ctrl Pts',(12.8593221782951,30.5788604398089,3.02878546207257));
#4107=CARTESIAN_POINT('Ctrl Pts',(12.8147509605985,40.5403097248226,4.55632916896463));
#4108=CARTESIAN_POINT('Ctrl Pts',(12.7985879177593,50.4709869986847,6.17121787161165));
#4109=CARTESIAN_POINT('Ctrl Pts',(12.7851087969866,60.4020896939316,7.79005918126884));
#4110=CARTESIAN_POINT('Ctrl Pts',(13.575494004172,30.5719156304748,3.07398887946306));
#4111=CARTESIAN_POINT('Ctrl Pts',(13.5402899129686,40.5349937928803,4.58902189969751));
#4112=CARTESIAN_POINT('Ctrl Pts',(13.5272295962165,50.4663578439196,6.19973133397129));
#4113=CARTESIAN_POINT('Ctrl Pts',(13.5164685379118,60.39808055511,7.81464697176081));
#4114=CARTESIAN_POINT('Ctrl Pts',(14.7805881415395,30.472643686419,3.72014500938334));
#4115=CARTESIAN_POINT('Ctrl Pts',(14.770228916074,40.4317496581533,5.22868944623333));
#4116=CARTESIAN_POINT('Ctrl Pts',(14.7664036774996,50.3633304249944,6.83615172129863));
#4117=CARTESIAN_POINT('Ctrl Pts',(14.763203008637,60.2946489040355,8.44898663421217));
#4118=CARTESIAN_POINT('Ctrl Pts',(15.2,30.2817305562643,4.96278904647686));
#4119=CARTESIAN_POINT('Ctrl Pts',(15.2000952285108,40.22933667016,6.48469521428532));
#4120=CARTESIAN_POINT('Ctrl Pts',(15.1999687233743,50.1591593484519,8.09730035299514));
#4121=CARTESIAN_POINT('Ctrl Pts',(15.2,60.0883247177459,9.71435959623034));
#4122=CARTESIAN_POINT('Ctrl Pts',(15.2,30.1999998290003,5.49477027165293));
#4123=CARTESIAN_POINT('Ctrl Pts',(15.2,40.1427055885852,7.02231397854499));
#4124=CARTESIAN_POINT('Ctrl Pts',(15.2,50.0717512686252,8.63720268119201));
#4125=CARTESIAN_POINT('Ctrl Pts',(15.2,60.0000008833507,10.2560439908492));
#4126=CARTESIAN_POINT('Origin',(12.7,30.1999998290003,5.49477027165293));
#4127=CARTESIAN_POINT('Ctrl Pts',(15.2,30.1999998289984,5.49477027165274));
#4128=CARTESIAN_POINT('Ctrl Pts',(15.1999999999997,29.085263236202,5.29496446495722));
#4129=CARTESIAN_POINT('Ctrl Pts',(15.569839888184,25.7380357016533,4.72945818127977));
#4130=CARTESIAN_POINT('Ctrl Pts',(18.0566531745176,20.5341677737172,4.09183691108738));
#4131=CARTESIAN_POINT('Ctrl Pts',(23.4976413661194,16.2063079680508,4.37002577970286));
#4132=CARTESIAN_POINT('Ctrl Pts',(27.9705267295133,15.1999998416122,5.09515865826809));
#4133=CARTESIAN_POINT('Ctrl Pts',(30.199999915106,15.1999998289943,5.49477027165964));
#4134=CARTESIAN_POINT('Ctrl Pts',(15.2,30.3089741320171,4.78546197141797));
#4135=CARTESIAN_POINT('Ctrl Pts',(15.1916288922381,29.1897175899211,4.59156928412892));
#4136=CARTESIAN_POINT('Ctrl Pts',(15.5399625765061,25.8213034946693,4.0428809955017));
#4137=CARTESIAN_POINT('Ctrl Pts',(18.0298546164923,20.544538730121,3.42796322481324));
#4138=CARTESIAN_POINT('Ctrl Pts',(23.5548705020316,16.1655330541872,3.69562955231575));
#4139=CARTESIAN_POINT('Ctrl Pts',(28.0704611338382,15.1832576255234,4.39767659684607));
#4140=CARTESIAN_POINT('Ctrl Pts',(30.3089742181248,15.1999998283775,4.78546197142466));
#4141=CARTESIAN_POINT('Ctrl Pts',(14.6253929704101,30.4979907492806,3.55516224209289));
#4142=CARTESIAN_POINT('Ctrl Pts',(14.6142997434822,29.3267911339182,3.3707522707978));
#4143=CARTESIAN_POINT('Ctrl Pts',(14.9719392821279,25.8003094698232,2.85030694445204));
#4144=CARTESIAN_POINT('Ctrl Pts',(17.592428861149,20.248130195531,2.27272824201797));
#4145=CARTESIAN_POINT('Ctrl Pts',(23.4214550556749,15.6256513054312,2.52350109079535));
#4146=CARTESIAN_POINT('Ctrl Pts',(28.1555916012862,14.6032063571191,3.18634229950857));
#4147=CARTESIAN_POINT('Ctrl Pts',(30.4979908321364,14.6253927977174,3.55516224209926));
#4148=CARTESIAN_POINT('Ctrl Pts',(13.3964510477028,30.573651832807,3.06268802511522));
#4149=CARTESIAN_POINT('Ctrl Pts',(13.3973909570402,29.3096218046534,2.86989558812402));
#4150=CARTESIAN_POINT('Ctrl Pts',(13.8231595569247,25.5095879446071,2.32471733336523));
#4151=CARTESIAN_POINT('Ctrl Pts',(16.6998172832563,19.558914618802,1.71495863692036));
#4152=CARTESIAN_POINT('Ctrl Pts',(22.9588795364572,14.5581282192476,1.9802622732764));
#4153=CARTESIAN_POINT('Ctrl Pts',(28.0455918524108,13.3983307075645,2.67710315113897));
#4154=CARTESIAN_POINT('Ctrl Pts',(30.5736519087072,13.3964508745813,3.06268802512188));
#4155=CARTESIAN_POINT('Ctrl Pts',(12.8593221782951,30.5788604398076,3.02878546207238));
#4156=CARTESIAN_POINT('Ctrl Pts',(12.8651521837258,29.275882723839,2.82897965537686));
#4157=CARTESIAN_POINT('Ctrl Pts',(13.3190452902784,25.3609915328244,2.26347337169941));
#4158=CARTESIAN_POINT('Ctrl Pts',(16.3014638582543,19.2445154274638,1.62585210150702));
#4159=CARTESIAN_POINT('Ctrl Pts',(22.738404461325,14.0876264650564,1.9040409701225));
#4160=CARTESIAN_POINT('Ctrl Pts',(27.9729050807967,12.8709820307545,2.62917384868773));
#4161=CARTESIAN_POINT('Ctrl Pts',(30.5788605126678,12.8593220051439,3.02878546207928));
#4162=CARTESIAN_POINT('Origin',(30.199999900957,12.6999998289943,5.49477027165964));
#4163=CARTESIAN_POINT('Ctrl Pts',(60.4020874603818,12.7851084580931,7.79005880538322));
#4164=CARTESIAN_POINT('Ctrl Pts',(50.4709855331328,12.7985876350265,6.17121762362126));
#4165=CARTESIAN_POINT('Ctrl Pts',(40.5403090264062,12.814750734491,4.55632905073865));
#4166=CARTESIAN_POINT('Ctrl Pts',(30.5788605126539,12.859322005144,3.02878546207715));
#4167=CARTESIAN_POINT('Ctrl Pts',(60.3980783255637,13.5164681984137,7.81464659676038));
#4168=CARTESIAN_POINT('Ctrl Pts',(50.4663563823632,13.5272293128925,6.19973108683847));
#4169=CARTESIAN_POINT('Ctrl Pts',(40.5349930984461,13.5402896861663,4.58902178243983));
#4170=CARTESIAN_POINT('Ctrl Pts',(30.5719157073751,13.5754938310602,3.07398887946759));
#4171=CARTESIAN_POINT('Ctrl Pts',(60.2946466816384,14.7632026679759,8.44898625970738));
#4172=CARTESIAN_POINT('Ctrl Pts',(50.3633289705726,14.7664033930536,6.83615147464489));
#4173=CARTESIAN_POINT('Ctrl Pts',(40.4317489709936,14.7702286879455,5.22868932946165));
#4174=CARTESIAN_POINT('Ctrl Pts',(30.4726437701455,14.780587969002,3.72014500937165));
#4175=CARTESIAN_POINT('Ctrl Pts',(60.088322498319,15.1999996597534,9.71435922076315));
#4176=CARTESIAN_POINT('Ctrl Pts',(50.159157897023,15.1999684393513,8.09730010541008));
#4177=CARTESIAN_POINT('Ctrl Pts',(40.2293359863219,15.2000950007071,6.48469509649568));
#4178=CARTESIAN_POINT('Ctrl Pts',(30.2817306423632,15.1999998285315,4.96278904648142));
#4179=CARTESIAN_POINT('Ctrl Pts',(59.9999986641375,15.1999996602535,10.2560436149636));
#4180=CARTESIAN_POINT('Ctrl Pts',(50.0717498174277,15.1999997164716,8.63720243320162));
#4181=CARTESIAN_POINT('Ctrl Pts',(40.1427049051259,15.1999997726943,7.02231386031902));
#4182=CARTESIAN_POINT('Ctrl Pts',(30.1999999150992,15.1999998289943,5.49477027165751));
#4183=CARTESIAN_POINT('Ctrl Pts',(30.5788604398089,-12.8593221782951,3.02878546207257));
#4184=CARTESIAN_POINT('Ctrl Pts',(40.5403097248226,-12.8147509605985,4.55632916896463));
#4185=CARTESIAN_POINT('Ctrl Pts',(50.4709869986846,-12.7985879177593,6.17121787161165));
#4186=CARTESIAN_POINT('Ctrl Pts',(60.4020896939316,-12.7851087969866,7.79005918126884));
#4187=CARTESIAN_POINT('Ctrl Pts',(30.5719156304748,-13.575494004172,3.07398887946306));
#4188=CARTESIAN_POINT('Ctrl Pts',(40.5349937928803,-13.5402899129686,4.58902189969751));
#4189=CARTESIAN_POINT('Ctrl Pts',(50.4663578439196,-13.5272295962165,6.19973133397129));
#4190=CARTESIAN_POINT('Ctrl Pts',(60.3980805551099,-13.5164685379118,7.8146469717608));
#4191=CARTESIAN_POINT('Ctrl Pts',(30.472643686419,-14.7805881415395,3.72014500938334));
#4192=CARTESIAN_POINT('Ctrl Pts',(40.4317496581534,-14.770228916074,5.22868944623334));
#4193=CARTESIAN_POINT('Ctrl Pts',(50.3633304249944,-14.7664036774996,6.83615172129863));
#4194=CARTESIAN_POINT('Ctrl Pts',(60.2946489040355,-14.763203008637,8.44898663421217));
#4195=CARTESIAN_POINT('Ctrl Pts',(30.2817305562643,-15.2,4.96278904647686));
#4196=CARTESIAN_POINT('Ctrl Pts',(40.22933667016,-15.2000952285108,6.48469521428532));
#4197=CARTESIAN_POINT('Ctrl Pts',(50.1591593484519,-15.1999687233743,8.09730035299514));
#4198=CARTESIAN_POINT('Ctrl Pts',(60.0883247177459,-15.2,9.71435959623034));
#4199=CARTESIAN_POINT('Ctrl Pts',(30.1999998290003,-15.2,5.49477027165293));
#4200=CARTESIAN_POINT('Ctrl Pts',(40.1427055885852,-15.2,7.02231397854499));
#4201=CARTESIAN_POINT('Ctrl Pts',(50.0717512686252,-15.2,8.63720268119201));
#4202=CARTESIAN_POINT('Ctrl Pts',(60.0000008833506,-15.2,10.2560439908492));
#4203=CARTESIAN_POINT('',(30.1999998289973,-15.2,5.49477027165293));
#4204=CARTESIAN_POINT('Ctrl Pts',(60.0000008833506,-15.2,10.2560439908492));
#4205=CARTESIAN_POINT('Ctrl Pts',(50.0717512686252,-15.2,8.63720268119201));
#4206=CARTESIAN_POINT('Ctrl Pts',(40.1427055885852,-15.2,7.02231397854499));
#4207=CARTESIAN_POINT('Ctrl Pts',(30.1999998290003,-15.2,5.49477027165293));
#4208=CARTESIAN_POINT('Origin',(30.1999998290003,-12.7,5.49477027165293));
#4209=CARTESIAN_POINT('Ctrl Pts',(30.1999998289984,-15.2,5.49477027165274));
#4210=CARTESIAN_POINT('Ctrl Pts',(29.085263236202,-15.1999999999997,5.29496446495722));
#4211=CARTESIAN_POINT('Ctrl Pts',(25.7380357016533,-15.569839888184,4.72945818127977));
#4212=CARTESIAN_POINT('Ctrl Pts',(20.5341677737173,-18.0566531745176,4.09183691108739));
#4213=CARTESIAN_POINT('Ctrl Pts',(16.2063079680508,-23.4976413661194,4.37002577970286));
#4214=CARTESIAN_POINT('Ctrl Pts',(15.1999998416122,-27.9705267295133,5.09515865826809));
#4215=CARTESIAN_POINT('Ctrl Pts',(15.1999998289943,-30.199999915106,5.49477027165964));
#4216=CARTESIAN_POINT('Ctrl Pts',(30.3089741320171,-15.2,4.78546197141797));
#4217=CARTESIAN_POINT('Ctrl Pts',(29.1897175899211,-15.1916288922381,4.59156928412892));
#4218=CARTESIAN_POINT('Ctrl Pts',(25.8213034946693,-15.5399625765061,4.04288099550169));
#4219=CARTESIAN_POINT('Ctrl Pts',(20.544538730121,-18.0298546164923,3.42796322481324));
#4220=CARTESIAN_POINT('Ctrl Pts',(16.1655330541872,-23.5548705020316,3.69562955231575));
#4221=CARTESIAN_POINT('Ctrl Pts',(15.1832576255234,-28.0704611338383,4.39767659684607));
#4222=CARTESIAN_POINT('Ctrl Pts',(15.1999998283775,-30.3089742181248,4.78546197142466));
#4223=CARTESIAN_POINT('Ctrl Pts',(30.4979907492806,-14.6253929704101,3.5551622420929));
#4224=CARTESIAN_POINT('Ctrl Pts',(29.3267911339182,-14.6142997434822,3.3707522707978));
#4225=CARTESIAN_POINT('Ctrl Pts',(25.8003094698231,-14.9719392821279,2.85030694445205));
#4226=CARTESIAN_POINT('Ctrl Pts',(20.2481301955311,-17.592428861149,2.27272824201797));
#4227=CARTESIAN_POINT('Ctrl Pts',(15.6256513054312,-23.4214550556749,2.52350109079535));
#4228=CARTESIAN_POINT('Ctrl Pts',(14.6032063571192,-28.1555916012863,3.18634229950857));
#4229=CARTESIAN_POINT('Ctrl Pts',(14.6253927977174,-30.4979908321364,3.55516224209926));
#4230=CARTESIAN_POINT('Ctrl Pts',(30.573651832807,-13.3964510477028,3.06268802511523));
#4231=CARTESIAN_POINT('Ctrl Pts',(29.3096218046534,-13.3973909570402,2.86989558812402));
#4232=CARTESIAN_POINT('Ctrl Pts',(25.5095879446071,-13.8231595569247,2.32471733336523));
#4233=CARTESIAN_POINT('Ctrl Pts',(19.558914618802,-16.6998172832563,1.71495863692037));
#4234=CARTESIAN_POINT('Ctrl Pts',(14.5581282192476,-22.9588795364572,1.98026227327639));
#4235=CARTESIAN_POINT('Ctrl Pts',(13.3983307075645,-28.0455918524108,2.67710315113897));
#4236=CARTESIAN_POINT('Ctrl Pts',(13.3964508745813,-30.5736519087072,3.06268802512188));
#4237=CARTESIAN_POINT('Ctrl Pts',(30.5788604398076,-12.8593221782951,3.02878546207239));
#4238=CARTESIAN_POINT('Ctrl Pts',(29.275882723839,-12.8651521837258,2.82897965537687));
#4239=CARTESIAN_POINT('Ctrl Pts',(25.3609915328244,-13.3190452902785,2.26347337169941));
#4240=CARTESIAN_POINT('Ctrl Pts',(19.2445154274638,-16.3014638582543,1.62585210150703));
#4241=CARTESIAN_POINT('Ctrl Pts',(14.0876264650564,-22.738404461325,1.9040409701225));
#4242=CARTESIAN_POINT('Ctrl Pts',(12.8709820307545,-27.9729050807967,2.62917384868773));
#4243=CARTESIAN_POINT('Ctrl Pts',(12.8593220051439,-30.5788605126678,3.02878546207928));
#4244=CARTESIAN_POINT('',(15.1999998289943,-30.1999999150847,5.49477027165964));
#4245=CARTESIAN_POINT('Origin',(12.6999998289943,-30.199999900957,5.49477027165964));
#4246=CARTESIAN_POINT('Ctrl Pts',(30.1999998289984,-15.2,5.49477027165274));
#4247=CARTESIAN_POINT('Ctrl Pts',(29.085263236202,-15.1999999999997,5.29496446495722));
#4248=CARTESIAN_POINT('Ctrl Pts',(25.7380357016533,-15.569839888184,4.72945818127977));
#4249=CARTESIAN_POINT('Ctrl Pts',(20.5341677737173,-18.0566531745176,4.09183691108739));
#4250=CARTESIAN_POINT('Ctrl Pts',(16.2063079680508,-23.4976413661194,4.37002577970286));
#4251=CARTESIAN_POINT('Ctrl Pts',(15.1999998416122,-27.9705267295133,5.09515865826809));
#4252=CARTESIAN_POINT('Ctrl Pts',(15.1999998289943,-30.199999915106,5.49477027165964));
#4253=CARTESIAN_POINT('Ctrl Pts',(12.7851084580931,-60.4020874603818,7.79005880538322));
#4254=CARTESIAN_POINT('Ctrl Pts',(12.7985876350265,-50.4709855331328,6.17121762362126));
#4255=CARTESIAN_POINT('Ctrl Pts',(12.814750734491,-40.5403090264062,4.55632905073866));
#4256=CARTESIAN_POINT('Ctrl Pts',(12.859322005144,-30.5788605126539,3.02878546207715));
#4257=CARTESIAN_POINT('Ctrl Pts',(13.5164681984137,-60.3980783255637,7.81464659676038));
#4258=CARTESIAN_POINT('Ctrl Pts',(13.5272293128925,-50.4663563823632,6.19973108683847));
#4259=CARTESIAN_POINT('Ctrl Pts',(13.5402896861663,-40.5349930984461,4.58902178243984));
#4260=CARTESIAN_POINT('Ctrl Pts',(13.5754938310602,-30.5719157073751,3.0739888794676));
#4261=CARTESIAN_POINT('Ctrl Pts',(14.7632026679759,-60.2946466816384,8.44898625970738));
#4262=CARTESIAN_POINT('Ctrl Pts',(14.7664033930536,-50.3633289705726,6.83615147464489));
#4263=CARTESIAN_POINT('Ctrl Pts',(14.7702286879455,-40.4317489709936,5.22868932946165));
#4264=CARTESIAN_POINT('Ctrl Pts',(14.780587969002,-30.4726437701455,3.72014500937165));
#4265=CARTESIAN_POINT('Ctrl Pts',(15.1999996597534,-60.088322498319,9.71435922076315));
#4266=CARTESIAN_POINT('Ctrl Pts',(15.1999684393513,-50.159157897023,8.09730010541008));
#4267=CARTESIAN_POINT('Ctrl Pts',(15.2000950007071,-40.2293359863219,6.48469509649568));
#4268=CARTESIAN_POINT('Ctrl Pts',(15.1999998285315,-30.2817306423632,4.96278904648142));
#4269=CARTESIAN_POINT('Ctrl Pts',(15.1999996602535,-59.9999986641375,10.2560436149636));
#4270=CARTESIAN_POINT('Ctrl Pts',(15.1999997164716,-50.0717498174277,8.63720243320162));
#4271=CARTESIAN_POINT('Ctrl Pts',(15.1999997726943,-40.1427049051259,7.02231386031902));
#4272=CARTESIAN_POINT('Ctrl Pts',(15.1999998289943,-30.1999999150992,5.49477027165751));
#4273=CARTESIAN_POINT('Ctrl Pts',(15.1999998289943,-30.1999999150992,5.49477027165751));
#4274=CARTESIAN_POINT('Ctrl Pts',(15.1999997726943,-40.1427049042736,7.02231386018808));
#4275=CARTESIAN_POINT('Ctrl Pts',(15.1999997164716,-50.0717498157255,8.63720243292476));
#4276=CARTESIAN_POINT('Ctrl Pts',(15.1999996602535,-59.9999986615844,10.2560436145473));
#4277=CARTESIAN_POINT('Origin',(-7.34788079488412E-15,-60.,0.));
#4278=CARTESIAN_POINT('',(15.1999999999999,-59.9999986588955,0.));
#4279=CARTESIAN_POINT('Origin',(15.1999996602535,-59.9999986588955,0.));
#4280=CARTESIAN_POINT('',(15.1999998289943,-30.1999999150634,0.));
#4281=CARTESIAN_POINT('Origin',(30.1999998289943,-30.2,0.));
#4282=CARTESIAN_POINT('',(30.1999998289943,-15.2,0.));
#4283=CARTESIAN_POINT('Origin',(15.1999999139309,-15.2,0.));
#4284=CARTESIAN_POINT('Origin',(-8.90318203079963E-15,-72.6999983750284,
0.));
#4285=CARTESIAN_POINT('Origin',(0.,0.,0.));
#4286=CARTESIAN_POINT('',(-15.2,-1.86146313470398E-15,15.));
#4287=CARTESIAN_POINT('',(-15.2,-1.86146313470398E-15,0.));
#4288=CARTESIAN_POINT('Origin',(0.,0.,15.));
#4289=CARTESIAN_POINT('Origin',(0.,0.,15.));
#4290=CARTESIAN_POINT('Origin',(-72.6999983750284,-1.61426424172336E-14,
0.));
#4291=UNCERTAINTY_MEASURE_WITH_UNIT(LENGTH_MEASURE(0.01),#4295,
'DISTANCE_ACCURACY_VALUE',
'Maximum model space distance between geometric entities at asserted c
onnectivities');
#4292=UNCERTAINTY_MEASURE_WITH_UNIT(LENGTH_MEASURE(0.01),#4295,
'DISTANCE_ACCURACY_VALUE',
'Maximum model space distance between geometric entities at asserted c
onnectivities');
#4293=(
GEOMETRIC_REPRESENTATION_CONTEXT(3)
GLOBAL_UNCERTAINTY_ASSIGNED_CONTEXT((#4291))
GLOBAL_UNIT_ASSIGNED_CONTEXT((#4295,#4297,#4298))
REPRESENTATION_CONTEXT('','3D')
);
#4294=(
GEOMETRIC_REPRESENTATION_CONTEXT(3)
GLOBAL_UNCERTAINTY_ASSIGNED_CONTEXT((#4292))
GLOBAL_UNIT_ASSIGNED_CONTEXT((#4295,#4297,#4298))
REPRESENTATION_CONTEXT('','3D')
);
#4295=(
LENGTH_UNIT()
NAMED_UNIT(*)
SI_UNIT(.MILLI.,.METRE.)
);
#4296=(
LENGTH_UNIT()
NAMED_UNIT(*)
SI_UNIT($,.METRE.)
);
#4297=(
NAMED_UNIT(*)
PLANE_ANGLE_UNIT()
SI_UNIT($,.RADIAN.)
);
#4298=(
NAMED_UNIT(*)
SI_UNIT($,.STERADIAN.)
SOLID_ANGLE_UNIT()
);
#4299=SHAPE_DEFINITION_REPRESENTATION(#4300,#4301);
#4300=PRODUCT_DEFINITION_SHAPE('',$,#4303);
#4301=SHAPE_REPRESENTATION('',(#1699),#4293);
#4302=PRODUCT_DEFINITION_CONTEXT('part definition',#4307,'design');
#4303=PRODUCT_DEFINITION('2026-03-20-12-28-33-378','Rope Fixture',#4304,
#4302);
#4304=PRODUCT_DEFINITION_FORMATION('',$,#4309);
#4305=PRODUCT_RELATED_PRODUCT_CATEGORY('Rope Fixture','Rope Fixture',(#4309));
#4306=APPLICATION_PROTOCOL_DEFINITION('international standard',
'automotive_design',2009,#4307);
#4307=APPLICATION_CONTEXT(
'Core Data for Automotive Mechanical Design Process');
#4308=PRODUCT_CONTEXT('part definition',#4307,'mechanical');
#4309=PRODUCT('2026-03-20-12-28-33-378','Rope Fixture',$,(#4308));
#4310=PRESENTATION_STYLE_ASSIGNMENT((#4312));
#4311=PRESENTATION_STYLE_ASSIGNMENT((#4313));
#4312=SURFACE_STYLE_USAGE(.BOTH.,#4314);
#4313=SURFACE_STYLE_USAGE(.BOTH.,#4315);
#4314=SURFACE_SIDE_STYLE('',(#4316));
#4315=SURFACE_SIDE_STYLE('',(#4317));
#4316=SURFACE_STYLE_FILL_AREA(#4318);
#4317=SURFACE_STYLE_FILL_AREA(#4319);
#4318=FILL_AREA_STYLE('Stahl - satiniert',(#4320));
#4319=FILL_AREA_STYLE('ABS (Schwarz)',(#4321));
#4320=FILL_AREA_STYLE_COLOUR('Stahl - satiniert',#4322);
#4321=FILL_AREA_STYLE_COLOUR('ABS (Schwarz)',#4323);
#4322=COLOUR_RGB('Stahl - satiniert',0.627450980392157,0.627450980392157,
0.627450980392157);
#4323=COLOUR_RGB('ABS (Schwarz)',0.0627450980392157,0.0627450980392157,
0.0627450980392157);
ENDSEC;
END-ISO-10303-21;
