ISO-10303-21;
HEADER;
FILE_DESCRIPTION(('STEP AP242'),'1');
FILE_NAME('cp2102n-a02-gqfn20.stp','2020-07-29T02:01:59',('TraceParts'),('TraceParts S.A.'),'Spatial InterOp 3D',' ',' ');
FILE_SCHEMA(('AP242_MANAGED_MODEL_BASED_3D_ENGINEERING_MIM_LF  {1 0 10303 442 1 1 4}'));
ENDSEC;
DATA;
#1=MECHANICAL_DESIGN_GEOMETRIC_PRESENTATION_REPRESENTATION(' ',(#10,#11,#12,#13,#14,#15,#16,#17,#18,#19,#20,#21,#22,#23,#24,#25,#26,#27,#28,#29,#30,#31,#32,#33,#34,#35,#36,#37,#38,#39,#40,#41,#42,#43,#44,#45,#46,#47,#48,#49,#50,#51,#52,#53,#54,#55,#56,#57,#58,#59,#60,#61,#62,#63,#64,#65,#66,#67,#68,#69,#70,#71,#72,#73,#74,#75,#76,#77,#78,#79,#80,#81,#82,#83,#84,#85,#86,#87,#88,#89,#90,#91,#92,#93,#94,#95,#96,#97,#98,#99,#100,#101,#102,#103,#104,#105,#106,#107,#108,#109,#110,#111,#112,#113,#114,#115,#116,#117,#118,#119,#120,#121,#122,#123,#124,#125,#126,#127,#128,#129,#130,#131,#132,#133,#134,#135,#136,#137,#138,#139,#140,#141,#142,#143,#144,#145,#146,#147,#148,#149,#150,#151,#152,#153,#154,#155,#156,#157,#158,#159),#6);
#2=PRODUCT_DEFINITION_CONTEXT('',#160,'design');
#3=APPLICATION_PROTOCOL_DEFINITION('INTERNATIONAL STANDARD','ap242_managed_model_based_3d_engineering',2014,#160);
#4=PRODUCT_CATEGORY_RELATIONSHIP('NONE','NONE',#161,#162);
#5=SHAPE_DEFINITION_REPRESENTATION(#163,#164);
#6= (GEOMETRIC_REPRESENTATION_CONTEXT(3)GLOBAL_UNCERTAINTY_ASSIGNED_CONTEXT((#167))GLOBAL_UNIT_ASSIGNED_CONTEXT((#169,#170,#171))REPRESENTATION_CONTEXT('NONE','WORKSPACE'));
#10=STYLED_ITEM('',(#173),#174);
#11=STYLED_ITEM('',(#175),#176);
#12=STYLED_ITEM('',(#177),#178);
#13=STYLED_ITEM('',(#179),#180);
#14=STYLED_ITEM('',(#181),#182);
#15=STYLED_ITEM('',(#183),#184);
#16=STYLED_ITEM('',(#185),#186);
#17=STYLED_ITEM('',(#187),#188);
#18=STYLED_ITEM('',(#189),#190);
#19=STYLED_ITEM('',(#191),#192);
#20=STYLED_ITEM('',(#193),#194);
#21=STYLED_ITEM('',(#195),#196);
#22=STYLED_ITEM('',(#197),#198);
#23=STYLED_ITEM('',(#199),#200);
#24=STYLED_ITEM('',(#201),#202);
#25=STYLED_ITEM('',(#203),#204);
#26=STYLED_ITEM('',(#205),#206);
#27=STYLED_ITEM('',(#207),#208);
#28=STYLED_ITEM('',(#209),#210);
#29=STYLED_ITEM('',(#211),#212);
#30=STYLED_ITEM('',(#213),#214);
#31=STYLED_ITEM('',(#215),#216);
#32=STYLED_ITEM('',(#217),#218);
#33=STYLED_ITEM('',(#219),#220);
#34=STYLED_ITEM('',(#221),#222);
#35=STYLED_ITEM('',(#223),#224);
#36=STYLED_ITEM('',(#225),#226);
#37=STYLED_ITEM('',(#227),#228);
#38=STYLED_ITEM('',(#229),#230);
#39=STYLED_ITEM('',(#231),#232);
#40=STYLED_ITEM('',(#233),#234);
#41=STYLED_ITEM('',(#235),#236);
#42=STYLED_ITEM('',(#237),#238);
#43=STYLED_ITEM('',(#239),#240);
#44=STYLED_ITEM('',(#241),#242);
#45=STYLED_ITEM('',(#243),#244);
#46=STYLED_ITEM('',(#245),#246);
#47=STYLED_ITEM('',(#247),#248);
#48=STYLED_ITEM('',(#249),#250);
#49=STYLED_ITEM('',(#251),#252);
#50=STYLED_ITEM('',(#253),#254);
#51=STYLED_ITEM('',(#255),#256);
#52=STYLED_ITEM('',(#257),#258);
#53=STYLED_ITEM('',(#259),#260);
#54=STYLED_ITEM('',(#261),#262);
#55=STYLED_ITEM('',(#263),#264);
#56=STYLED_ITEM('',(#265),#266);
#57=STYLED_ITEM('',(#267),#268);
#58=STYLED_ITEM('',(#269),#270);
#59=STYLED_ITEM('',(#271),#272);
#60=STYLED_ITEM('',(#273),#274);
#61=STYLED_ITEM('',(#275),#276);
#62=STYLED_ITEM('',(#277),#278);
#63=STYLED_ITEM('',(#279),#280);
#64=STYLED_ITEM('',(#281),#282);
#65=STYLED_ITEM('',(#283),#284);
#66=STYLED_ITEM('',(#285),#286);
#67=STYLED_ITEM('',(#287),#288);
#68=STYLED_ITEM('',(#289),#290);
#69=STYLED_ITEM('',(#291),#292);
#70=STYLED_ITEM('',(#293),#294);
#71=STYLED_ITEM('',(#295),#296);
#72=STYLED_ITEM('',(#297),#298);
#73=STYLED_ITEM('',(#299),#300);
#74=STYLED_ITEM('',(#301),#302);
#75=STYLED_ITEM('',(#303),#304);
#76=STYLED_ITEM('',(#305),#306);
#77=STYLED_ITEM('',(#307),#308);
#78=STYLED_ITEM('',(#309),#310);
#79=STYLED_ITEM('',(#311),#312);
#80=STYLED_ITEM('',(#313),#314);
#81=STYLED_ITEM('',(#315),#316);
#82=STYLED_ITEM('',(#317),#318);
#83=STYLED_ITEM('',(#319),#320);
#84=STYLED_ITEM('',(#321),#322);
#85=STYLED_ITEM('',(#323),#324);
#86=STYLED_ITEM('',(#325),#326);
#87=STYLED_ITEM('',(#327),#328);
#88=STYLED_ITEM('',(#329),#330);
#89=STYLED_ITEM('',(#331),#332);
#90=STYLED_ITEM('',(#333),#334);
#91=STYLED_ITEM('',(#335),#336);
#92=STYLED_ITEM('',(#337),#338);
#93=STYLED_ITEM('',(#339),#340);
#94=STYLED_ITEM('',(#341),#342);
#95=STYLED_ITEM('',(#343),#344);
#96=STYLED_ITEM('',(#345),#346);
#97=STYLED_ITEM('',(#347),#348);
#98=STYLED_ITEM('',(#349),#350);
#99=STYLED_ITEM('',(#351),#352);
#100=STYLED_ITEM('',(#353),#354);
#101=STYLED_ITEM('',(#355),#356);
#102=STYLED_ITEM('',(#357),#358);
#103=STYLED_ITEM('',(#359),#360);
#104=STYLED_ITEM('',(#361),#362);
#105=STYLED_ITEM('',(#363),#364);
#106=STYLED_ITEM('',(#365),#366);
#107=STYLED_ITEM('',(#367),#368);
#108=STYLED_ITEM('',(#369),#370);
#109=STYLED_ITEM('',(#371),#372);
#110=STYLED_ITEM('',(#373),#374);
#111=STYLED_ITEM('',(#375),#376);
#112=STYLED_ITEM('',(#377),#378);
#113=STYLED_ITEM('',(#379),#380);
#114=STYLED_ITEM('',(#381),#382);
#115=STYLED_ITEM('',(#383),#384);
#116=STYLED_ITEM('',(#385),#386);
#117=STYLED_ITEM('',(#387),#388);
#118=STYLED_ITEM('',(#389),#390);
#119=STYLED_ITEM('',(#391),#392);
#120=STYLED_ITEM('',(#393),#394);
#121=STYLED_ITEM('',(#395),#396);
#122=STYLED_ITEM('',(#397),#398);
#123=STYLED_ITEM('',(#399),#400);
#124=STYLED_ITEM('',(#401),#402);
#125=STYLED_ITEM('',(#403),#404);
#126=STYLED_ITEM('',(#405),#406);
#127=STYLED_ITEM('',(#407),#408);
#128=STYLED_ITEM('',(#409),#410);
#129=STYLED_ITEM('',(#411),#412);
#130=STYLED_ITEM('',(#413),#414);
#131=STYLED_ITEM('',(#415),#416);
#132=STYLED_ITEM('',(#417),#418);
#133=STYLED_ITEM('',(#419),#420);
#134=STYLED_ITEM('',(#421),#422);
#135=STYLED_ITEM('',(#423),#424);
#136=STYLED_ITEM('',(#425),#426);
#137=STYLED_ITEM('',(#427),#428);
#138=STYLED_ITEM('',(#429),#430);
#139=STYLED_ITEM('',(#431),#432);
#140=STYLED_ITEM('',(#433),#434);
#141=STYLED_ITEM('',(#435),#436);
#142=STYLED_ITEM('',(#437),#438);
#143=STYLED_ITEM('',(#439),#440);
#144=STYLED_ITEM('',(#441),#442);
#145=STYLED_ITEM('',(#443),#444);
#146=STYLED_ITEM('',(#445),#446);
#147=STYLED_ITEM('',(#447),#448);
#148=STYLED_ITEM('',(#449),#450);
#149=STYLED_ITEM('',(#451),#452);
#150=STYLED_ITEM('',(#453),#454);
#151=STYLED_ITEM('',(#455),#456);
#152=STYLED_ITEM('',(#457),#458);
#153=STYLED_ITEM('',(#459),#460);
#154=STYLED_ITEM('',(#461),#462);
#155=STYLED_ITEM('',(#463),#464);
#156=STYLED_ITEM('',(#465),#466);
#157=STYLED_ITEM('',(#467),#468);
#158=STYLED_ITEM('',(#469),#470);
#159=STYLED_ITEM('',(#471),#472);
#160=APPLICATION_CONTEXT('managed model based 3d engineering');
#161=PRODUCT_CATEGORY('part','NONE');
#162=PRODUCT_RELATED_PRODUCT_CATEGORY('detail',' ',(#473));
#163=PRODUCT_DEFINITION_SHAPE('NONE','NONE',#474);
#164=ADVANCED_BREP_SHAPE_REPRESENTATION('cp2102n-a02-gqfn20',(#475,#476),#6);
#167=UNCERTAINTY_MEASURE_WITH_UNIT(LENGTH_MEASURE(1.0E-06),#169,'','');
#169= (CONVERSION_BASED_UNIT('MILLIMETRE',#479)LENGTH_UNIT()NAMED_UNIT(#482));
#170= (NAMED_UNIT(#484)PLANE_ANGLE_UNIT()SI_UNIT($,.RADIAN.));
#171= (NAMED_UNIT(#484)SOLID_ANGLE_UNIT()SI_UNIT($,.STERADIAN.));
#173=PRESENTATION_STYLE_ASSIGNMENT((#490));
#174=ADVANCED_FACE('',(#491),#492,.F.);
#175=PRESENTATION_STYLE_ASSIGNMENT((#493));
#176=ADVANCED_FACE('',(#494),#495,.T.);
#177=PRESENTATION_STYLE_ASSIGNMENT((#496));
#178=ADVANCED_FACE('',(#497),#498,.T.);
#179=PRESENTATION_STYLE_ASSIGNMENT((#499));
#180=ADVANCED_FACE('',(#500),#501,.T.);
#181=PRESENTATION_STYLE_ASSIGNMENT((#502));
#182=ADVANCED_FACE('',(#503),#504,.T.);
#183=PRESENTATION_STYLE_ASSIGNMENT((#505));
#184=ADVANCED_FACE('',(#506),#507,.T.);
#185=PRESENTATION_STYLE_ASSIGNMENT((#508));
#186=ADVANCED_FACE('',(#509),#510,.T.);
#187=PRESENTATION_STYLE_ASSIGNMENT((#511));
#188=ADVANCED_FACE('',(#512),#513,.T.);
#189=PRESENTATION_STYLE_ASSIGNMENT((#514));
#190=ADVANCED_FACE('',(#515),#516,.T.);
#191=PRESENTATION_STYLE_ASSIGNMENT((#517));
#192=ADVANCED_FACE('',(#518),#519,.T.);
#193=PRESENTATION_STYLE_ASSIGNMENT((#520));
#194=ADVANCED_FACE('',(#521),#522,.T.);
#195=PRESENTATION_STYLE_ASSIGNMENT((#523));
#196=ADVANCED_FACE('',(#524),#525,.T.);
#197=PRESENTATION_STYLE_ASSIGNMENT((#526));
#198=ADVANCED_FACE('',(#527),#528,.T.);
#199=PRESENTATION_STYLE_ASSIGNMENT((#529));
#200=ADVANCED_FACE('',(#530),#531,.T.);
#201=PRESENTATION_STYLE_ASSIGNMENT((#532));
#202=ADVANCED_FACE('',(#533),#534,.T.);
#203=PRESENTATION_STYLE_ASSIGNMENT((#535));
#204=ADVANCED_FACE('',(#536),#537,.T.);
#205=PRESENTATION_STYLE_ASSIGNMENT((#538));
#206=ADVANCED_FACE('',(#539),#540,.T.);
#207=PRESENTATION_STYLE_ASSIGNMENT((#541));
#208=ADVANCED_FACE('',(#542),#543,.T.);
#209=PRESENTATION_STYLE_ASSIGNMENT((#544));
#210=ADVANCED_FACE('',(#545),#546,.T.);
#211=PRESENTATION_STYLE_ASSIGNMENT((#547));
#212=ADVANCED_FACE('',(#548),#549,.T.);
#213=PRESENTATION_STYLE_ASSIGNMENT((#550));
#214=ADVANCED_FACE('',(#551),#552,.T.);
#215=PRESENTATION_STYLE_ASSIGNMENT((#553));
#216=ADVANCED_FACE('',(#554),#555,.T.);
#217=PRESENTATION_STYLE_ASSIGNMENT((#556));
#218=ADVANCED_FACE('',(#557),#558,.T.);
#219=PRESENTATION_STYLE_ASSIGNMENT((#559));
#220=ADVANCED_FACE('',(#560),#561,.T.);
#221=PRESENTATION_STYLE_ASSIGNMENT((#562));
#222=ADVANCED_FACE('',(#563),#564,.T.);
#223=PRESENTATION_STYLE_ASSIGNMENT((#565));
#224=ADVANCED_FACE('',(#566),#567,.T.);
#225=PRESENTATION_STYLE_ASSIGNMENT((#568));
#226=ADVANCED_FACE('',(#569),#570,.T.);
#227=PRESENTATION_STYLE_ASSIGNMENT((#571));
#228=ADVANCED_FACE('',(#572),#573,.T.);
#229=PRESENTATION_STYLE_ASSIGNMENT((#574));
#230=ADVANCED_FACE('',(#575),#576,.T.);
#231=PRESENTATION_STYLE_ASSIGNMENT((#577));
#232=ADVANCED_FACE('',(#578),#579,.T.);
#233=PRESENTATION_STYLE_ASSIGNMENT((#580));
#234=ADVANCED_FACE('',(#581),#582,.T.);
#235=PRESENTATION_STYLE_ASSIGNMENT((#583));
#236=ADVANCED_FACE('',(#584),#585,.T.);
#237=PRESENTATION_STYLE_ASSIGNMENT((#586));
#238=ADVANCED_FACE('',(#587),#588,.T.);
#239=PRESENTATION_STYLE_ASSIGNMENT((#589));
#240=ADVANCED_FACE('',(#590),#591,.T.);
#241=PRESENTATION_STYLE_ASSIGNMENT((#592));
#242=ADVANCED_FACE('',(#593),#594,.T.);
#243=PRESENTATION_STYLE_ASSIGNMENT((#595));
#244=ADVANCED_FACE('',(#596),#597,.T.);
#245=PRESENTATION_STYLE_ASSIGNMENT((#598));
#246=ADVANCED_FACE('',(#599),#600,.T.);
#247=PRESENTATION_STYLE_ASSIGNMENT((#601));
#248=ADVANCED_FACE('',(#602),#603,.T.);
#249=PRESENTATION_STYLE_ASSIGNMENT((#604));
#250=ADVANCED_FACE('',(#605),#606,.F.);
#251=PRESENTATION_STYLE_ASSIGNMENT((#607));
#252=ADVANCED_FACE('',(#608),#609,.T.);
#253=PRESENTATION_STYLE_ASSIGNMENT((#610));
#254=ADVANCED_FACE('',(#611),#612,.T.);
#255=PRESENTATION_STYLE_ASSIGNMENT((#613));
#256=ADVANCED_FACE('',(#614),#615,.T.);
#257=PRESENTATION_STYLE_ASSIGNMENT((#616));
#258=ADVANCED_FACE('',(#617),#618,.T.);
#259=PRESENTATION_STYLE_ASSIGNMENT((#619));
#260=ADVANCED_FACE('',(#620,#621,#622,#623,#624,#625),#626,.F.);
#261=PRESENTATION_STYLE_ASSIGNMENT((#627));
#262=ADVANCED_FACE('',(#628),#629,.T.);
#263=PRESENTATION_STYLE_ASSIGNMENT((#630));
#264=ADVANCED_FACE('',(#631),#632,.T.);
#265=PRESENTATION_STYLE_ASSIGNMENT((#633));
#266=ADVANCED_FACE('',(#634),#635,.T.);
#267=PRESENTATION_STYLE_ASSIGNMENT((#636));
#268=ADVANCED_FACE('',(#637),#638,.T.);
#269=PRESENTATION_STYLE_ASSIGNMENT((#639));
#270=ADVANCED_FACE('',(#640),#641,.T.);
#271=PRESENTATION_STYLE_ASSIGNMENT((#642));
#272=ADVANCED_FACE('',(#643),#644,.F.);
#273=PRESENTATION_STYLE_ASSIGNMENT((#645));
#274=ADVANCED_FACE('',(#646),#647,.F.);
#275=PRESENTATION_STYLE_ASSIGNMENT((#648));
#276=ADVANCED_FACE('',(#649),#650,.T.);
#277=PRESENTATION_STYLE_ASSIGNMENT((#651));
#278=ADVANCED_FACE('',(#652),#653,.F.);
#279=PRESENTATION_STYLE_ASSIGNMENT((#654));
#280=ADVANCED_FACE('',(#655),#656,.T.);
#281=PRESENTATION_STYLE_ASSIGNMENT((#657));
#282=ADVANCED_FACE('',(#658),#659,.T.);
#283=PRESENTATION_STYLE_ASSIGNMENT((#660));
#284=ADVANCED_FACE('',(#661),#662,.T.);
#285=PRESENTATION_STYLE_ASSIGNMENT((#663));
#286=ADVANCED_FACE('',(#664),#665,.T.);
#287=PRESENTATION_STYLE_ASSIGNMENT((#666));
#288=ADVANCED_FACE('',(#667),#668,.T.);
#289=PRESENTATION_STYLE_ASSIGNMENT((#669));
#290=ADVANCED_FACE('',(#670),#671,.T.);
#291=PRESENTATION_STYLE_ASSIGNMENT((#672));
#292=ADVANCED_FACE('',(#673),#674,.T.);
#293=PRESENTATION_STYLE_ASSIGNMENT((#675));
#294=ADVANCED_FACE('',(#676),#677,.T.);
#295=PRESENTATION_STYLE_ASSIGNMENT((#678));
#296=ADVANCED_FACE('',(#679),#680,.T.);
#297=PRESENTATION_STYLE_ASSIGNMENT((#681));
#298=ADVANCED_FACE('',(#682),#683,.F.);
#299=PRESENTATION_STYLE_ASSIGNMENT((#684));
#300=ADVANCED_FACE('',(#685),#686,.T.);
#301=PRESENTATION_STYLE_ASSIGNMENT((#687));
#302=ADVANCED_FACE('',(#688),#689,.F.);
#303=PRESENTATION_STYLE_ASSIGNMENT((#690));
#304=ADVANCED_FACE('',(#691),#692,.T.);
#305=PRESENTATION_STYLE_ASSIGNMENT((#693));
#306=ADVANCED_FACE('',(#694),#695,.T.);
#307=PRESENTATION_STYLE_ASSIGNMENT((#696));
#308=ADVANCED_FACE('',(#697),#698,.T.);
#309=PRESENTATION_STYLE_ASSIGNMENT((#699));
#310=ADVANCED_FACE('',(#700),#701,.T.);
#311=PRESENTATION_STYLE_ASSIGNMENT((#702));
#312=ADVANCED_FACE('',(#703),#704,.T.);
#313=PRESENTATION_STYLE_ASSIGNMENT((#705));
#314=ADVANCED_FACE('',(#706),#707,.T.);
#315=PRESENTATION_STYLE_ASSIGNMENT((#708));
#316=ADVANCED_FACE('',(#709),#710,.T.);
#317=PRESENTATION_STYLE_ASSIGNMENT((#711));
#318=ADVANCED_FACE('',(#712),#713,.T.);
#319=PRESENTATION_STYLE_ASSIGNMENT((#714));
#320=ADVANCED_FACE('',(#715),#716,.T.);
#321=PRESENTATION_STYLE_ASSIGNMENT((#717));
#322=ADVANCED_FACE('',(#718),#719,.F.);
#323=PRESENTATION_STYLE_ASSIGNMENT((#720));
#324=ADVANCED_FACE('',(#721),#722,.T.);
#325=PRESENTATION_STYLE_ASSIGNMENT((#723));
#326=ADVANCED_FACE('',(#724),#725,.T.);
#327=PRESENTATION_STYLE_ASSIGNMENT((#726));
#328=ADVANCED_FACE('',(#727),#728,.F.);
#329=PRESENTATION_STYLE_ASSIGNMENT((#729));
#330=ADVANCED_FACE('',(#730),#731,.T.);
#331=PRESENTATION_STYLE_ASSIGNMENT((#732));
#332=ADVANCED_FACE('',(#733),#734,.T.);
#333=PRESENTATION_STYLE_ASSIGNMENT((#735));
#334=ADVANCED_FACE('',(#736),#737,.T.);
#335=PRESENTATION_STYLE_ASSIGNMENT((#738));
#336=ADVANCED_FACE('',(#739),#740,.T.);
#337=PRESENTATION_STYLE_ASSIGNMENT((#741));
#338=ADVANCED_FACE('',(#742),#743,.T.);
#339=PRESENTATION_STYLE_ASSIGNMENT((#744));
#340=ADVANCED_FACE('',(#745),#746,.T.);
#341=PRESENTATION_STYLE_ASSIGNMENT((#747));
#342=ADVANCED_FACE('',(#748),#749,.T.);
#343=PRESENTATION_STYLE_ASSIGNMENT((#750));
#344=ADVANCED_FACE('',(#751),#752,.T.);
#345=PRESENTATION_STYLE_ASSIGNMENT((#753));
#346=ADVANCED_FACE('',(#754),#755,.T.);
#347=PRESENTATION_STYLE_ASSIGNMENT((#756));
#348=ADVANCED_FACE('',(#757),#758,.F.);
#349=PRESENTATION_STYLE_ASSIGNMENT((#759));
#350=ADVANCED_FACE('',(#760),#761,.T.);
#351=PRESENTATION_STYLE_ASSIGNMENT((#762));
#352=ADVANCED_FACE('',(#763),#764,.F.);
#353=PRESENTATION_STYLE_ASSIGNMENT((#765));
#354=ADVANCED_FACE('',(#766),#767,.T.);
#355=PRESENTATION_STYLE_ASSIGNMENT((#768));
#356=ADVANCED_FACE('',(#769),#770,.T.);
#357=PRESENTATION_STYLE_ASSIGNMENT((#771));
#358=ADVANCED_FACE('',(#772),#773,.T.);
#359=PRESENTATION_STYLE_ASSIGNMENT((#774));
#360=ADVANCED_FACE('',(#775),#776,.T.);
#361=PRESENTATION_STYLE_ASSIGNMENT((#777));
#362=ADVANCED_FACE('',(#778),#779,.T.);
#363=PRESENTATION_STYLE_ASSIGNMENT((#780));
#364=ADVANCED_FACE('',(#781),#782,.T.);
#365=PRESENTATION_STYLE_ASSIGNMENT((#783));
#366=ADVANCED_FACE('',(#784),#785,.T.);
#367=PRESENTATION_STYLE_ASSIGNMENT((#786));
#368=ADVANCED_FACE('',(#787),#788,.T.);
#369=PRESENTATION_STYLE_ASSIGNMENT((#789));
#370=ADVANCED_FACE('',(#790),#791,.T.);
#371=PRESENTATION_STYLE_ASSIGNMENT((#792));
#372=ADVANCED_FACE('',(#793),#794,.F.);
#373=PRESENTATION_STYLE_ASSIGNMENT((#795));
#374=ADVANCED_FACE('',(#796),#797,.F.);
#375=PRESENTATION_STYLE_ASSIGNMENT((#798));
#376=ADVANCED_FACE('',(#799),#800,.T.);
#377=PRESENTATION_STYLE_ASSIGNMENT((#801));
#378=ADVANCED_FACE('',(#802),#803,.F.);
#379=PRESENTATION_STYLE_ASSIGNMENT((#804));
#380=ADVANCED_FACE('',(#805),#806,.T.);
#381=PRESENTATION_STYLE_ASSIGNMENT((#807));
#382=ADVANCED_FACE('',(#808),#809,.T.);
#383=PRESENTATION_STYLE_ASSIGNMENT((#810));
#384=ADVANCED_FACE('',(#811),#812,.T.);
#385=PRESENTATION_STYLE_ASSIGNMENT((#813));
#386=ADVANCED_FACE('',(#814),#815,.T.);
#387=PRESENTATION_STYLE_ASSIGNMENT((#816));
#388=ADVANCED_FACE('',(#817),#818,.T.);
#389=PRESENTATION_STYLE_ASSIGNMENT((#819));
#390=ADVANCED_FACE('',(#820),#821,.T.);
#391=PRESENTATION_STYLE_ASSIGNMENT((#822));
#392=ADVANCED_FACE('',(#823),#824,.T.);
#393=PRESENTATION_STYLE_ASSIGNMENT((#825));
#394=ADVANCED_FACE('',(#826),#827,.T.);
#395=PRESENTATION_STYLE_ASSIGNMENT((#828));
#396=ADVANCED_FACE('',(#829),#830,.T.);
#397=PRESENTATION_STYLE_ASSIGNMENT((#831));
#398=ADVANCED_FACE('',(#832),#833,.F.);
#399=PRESENTATION_STYLE_ASSIGNMENT((#834));
#400=ADVANCED_FACE('',(#835),#836,.T.);
#401=PRESENTATION_STYLE_ASSIGNMENT((#837));
#402=ADVANCED_FACE('',(#838),#839,.T.);
#403=PRESENTATION_STYLE_ASSIGNMENT((#840));
#404=ADVANCED_FACE('',(#841),#842,.T.);
#405=PRESENTATION_STYLE_ASSIGNMENT((#843));
#406=ADVANCED_FACE('',(#844),#845,.T.);
#407=PRESENTATION_STYLE_ASSIGNMENT((#846));
#408=ADVANCED_FACE('',(#847),#848,.T.);
#409=PRESENTATION_STYLE_ASSIGNMENT((#849));
#410=ADVANCED_FACE('',(#850),#851,.F.);
#411=PRESENTATION_STYLE_ASSIGNMENT((#852));
#412=ADVANCED_FACE('',(#853),#854,.F.);
#413=PRESENTATION_STYLE_ASSIGNMENT((#855));
#414=ADVANCED_FACE('',(#856),#857,.T.);
#415=PRESENTATION_STYLE_ASSIGNMENT((#858));
#416=ADVANCED_FACE('',(#859),#860,.F.);
#417=PRESENTATION_STYLE_ASSIGNMENT((#861));
#418=ADVANCED_FACE('',(#862),#863,.T.);
#419=PRESENTATION_STYLE_ASSIGNMENT((#864));
#420=ADVANCED_FACE('',(#865),#866,.T.);
#421=PRESENTATION_STYLE_ASSIGNMENT((#867));
#422=ADVANCED_FACE('',(#868),#869,.T.);
#423=PRESENTATION_STYLE_ASSIGNMENT((#870));
#424=ADVANCED_FACE('',(#871),#872,.T.);
#425=PRESENTATION_STYLE_ASSIGNMENT((#873));
#426=ADVANCED_FACE('',(#874),#875,.T.);
#427=PRESENTATION_STYLE_ASSIGNMENT((#876));
#428=ADVANCED_FACE('',(#877),#878,.T.);
#429=PRESENTATION_STYLE_ASSIGNMENT((#879));
#430=ADVANCED_FACE('',(#880),#881,.T.);
#431=PRESENTATION_STYLE_ASSIGNMENT((#882));
#432=ADVANCED_FACE('',(#883),#884,.T.);
#433=PRESENTATION_STYLE_ASSIGNMENT((#885));
#434=ADVANCED_FACE('',(#886),#887,.T.);
#435=PRESENTATION_STYLE_ASSIGNMENT((#888));
#436=ADVANCED_FACE('',(#889),#890,.F.);
#437=PRESENTATION_STYLE_ASSIGNMENT((#891));
#438=ADVANCED_FACE('',(#892),#893,.T.);
#439=PRESENTATION_STYLE_ASSIGNMENT((#894));
#440=ADVANCED_FACE('',(#895),#896,.F.);
#441=PRESENTATION_STYLE_ASSIGNMENT((#897));
#442=ADVANCED_FACE('',(#898),#899,.T.);
#443=PRESENTATION_STYLE_ASSIGNMENT((#900));
#444=ADVANCED_FACE('',(#901),#902,.T.);
#445=PRESENTATION_STYLE_ASSIGNMENT((#903));
#446=ADVANCED_FACE('',(#904),#905,.T.);
#447=PRESENTATION_STYLE_ASSIGNMENT((#906));
#448=ADVANCED_FACE('',(#907),#908,.T.);
#449=PRESENTATION_STYLE_ASSIGNMENT((#909));
#450=ADVANCED_FACE('',(#910),#911,.T.);
#451=PRESENTATION_STYLE_ASSIGNMENT((#912));
#452=ADVANCED_FACE('',(#913),#914,.T.);
#453=PRESENTATION_STYLE_ASSIGNMENT((#915));
#454=ADVANCED_FACE('',(#916),#917,.T.);
#455=PRESENTATION_STYLE_ASSIGNMENT((#918));
#456=ADVANCED_FACE('',(#919),#920,.T.);
#457=PRESENTATION_STYLE_ASSIGNMENT((#921));
#458=ADVANCED_FACE('',(#922),#923,.T.);
#459=PRESENTATION_STYLE_ASSIGNMENT((#924));
#460=ADVANCED_FACE('',(#925),#926,.T.);
#461=PRESENTATION_STYLE_ASSIGNMENT((#927));
#462=ADVANCED_FACE('',(#928),#929,.T.);
#463=PRESENTATION_STYLE_ASSIGNMENT((#930));
#464=ADVANCED_FACE('',(#931),#932,.T.);
#465=PRESENTATION_STYLE_ASSIGNMENT((#933));
#466=ADVANCED_FACE('',(#934),#935,.T.);
#467=PRESENTATION_STYLE_ASSIGNMENT((#936));
#468=ADVANCED_FACE('',(#937),#938,.F.);
#469=PRESENTATION_STYLE_ASSIGNMENT((#939));
#470=ADVANCED_FACE('',(#940),#941,.F.);
#471=PRESENTATION_STYLE_ASSIGNMENT((#942));
#472=ADVANCED_FACE('',(#943,#944),#945,.F.);
#473=PRODUCT('cp2102n-a02-gqfn20','cp2102n-a02-gqfn20','PART-cp2102n-a02-gqfn20-DESC',(#946));
#474=PRODUCT_DEFINITION('','NONE',#947,#2);
#475=MANIFOLD_SOLID_BREP('cp2102n-a02-gqfn20',#948);
#476=AXIS2_PLACEMENT_3D('',#949,#950,#951);
#479=LENGTH_MEASURE_WITH_UNIT(LENGTH_MEASURE(1.0),#952);
#482=DIMENSIONAL_EXPONENTS(1.0,0.0,0.0,0.0,0.0,0.0,0.0);
#484=DIMENSIONAL_EXPONENTS(0.0,0.0,0.0,0.0,0.0,0.0,0.0);
#490=SURFACE_STYLE_USAGE(.BOTH.,#953);
#491=FACE_OUTER_BOUND('',#954,.T.);
#492=CYLINDRICAL_SURFACE('',#955,0.2);
#493=SURFACE_STYLE_USAGE(.BOTH.,#956);
#494=FACE_OUTER_BOUND('',#957,.T.);
#495=PLANE('',#958);
#496=SURFACE_STYLE_USAGE(.BOTH.,#959);
#497=FACE_OUTER_BOUND('',#960,.T.);
#498=CYLINDRICAL_SURFACE('',#961,0.05);
#499=SURFACE_STYLE_USAGE(.BOTH.,#962);
#500=FACE_OUTER_BOUND('',#963,.T.);
#501=PLANE('',#964);
#502=SURFACE_STYLE_USAGE(.BOTH.,#965);
#503=FACE_OUTER_BOUND('',#966,.T.);
#504=CYLINDRICAL_SURFACE('',#967,0.05);
#505=SURFACE_STYLE_USAGE(.BOTH.,#968);
#506=FACE_OUTER_BOUND('',#969,.T.);
#507=CYLINDRICAL_SURFACE('',#970,0.05);
#508=SURFACE_STYLE_USAGE(.BOTH.,#971);
#509=FACE_OUTER_BOUND('',#972,.T.);
#510=PLANE('',#973);
#511=SURFACE_STYLE_USAGE(.BOTH.,#974);
#512=FACE_OUTER_BOUND('',#975,.T.);
#513=CYLINDRICAL_SURFACE('',#976,0.05);
#514=SURFACE_STYLE_USAGE(.BOTH.,#977);
#515=FACE_OUTER_BOUND('',#978,.T.);
#516=PLANE('',#979);
#517=SURFACE_STYLE_USAGE(.BOTH.,#980);
#518=FACE_OUTER_BOUND('',#981,.T.);
#519=PLANE('',#982);
#520=SURFACE_STYLE_USAGE(.BOTH.,#983);
#521=FACE_OUTER_BOUND('',#984,.T.);
#522=PLANE('',#985);
#523=SURFACE_STYLE_USAGE(.BOTH.,#986);
#524=FACE_OUTER_BOUND('',#987,.T.);
#525=CYLINDRICAL_SURFACE('',#988,0.05);
#526=SURFACE_STYLE_USAGE(.BOTH.,#989);
#527=FACE_OUTER_BOUND('',#990,.T.);
#528=PLANE('',#991);
#529=SURFACE_STYLE_USAGE(.BOTH.,#992);
#530=FACE_OUTER_BOUND('',#993,.T.);
#531=CYLINDRICAL_SURFACE('',#994,0.05);
#532=SURFACE_STYLE_USAGE(.BOTH.,#995);
#533=FACE_OUTER_BOUND('',#996,.T.);
#534=CYLINDRICAL_SURFACE('',#997,0.05);
#535=SURFACE_STYLE_USAGE(.BOTH.,#998);
#536=FACE_OUTER_BOUND('',#999,.T.);
#537=PLANE('',#1000);
#538=SURFACE_STYLE_USAGE(.BOTH.,#1001);
#539=FACE_OUTER_BOUND('',#1002,.T.);
#540=CYLINDRICAL_SURFACE('',#1003,0.05);
#541=SURFACE_STYLE_USAGE(.BOTH.,#1004);
#542=FACE_OUTER_BOUND('',#1005,.T.);
#543=PLANE('',#1006);
#544=SURFACE_STYLE_USAGE(.BOTH.,#1007);
#545=FACE_OUTER_BOUND('',#1008,.T.);
#546=PLANE('',#1009);
#547=SURFACE_STYLE_USAGE(.BOTH.,#1010);
#548=FACE_OUTER_BOUND('',#1011,.T.);
#549=PLANE('',#1012);
#550=SURFACE_STYLE_USAGE(.BOTH.,#1013);
#551=FACE_OUTER_BOUND('',#1014,.T.);
#552=CYLINDRICAL_SURFACE('',#1015,0.05);
#553=SURFACE_STYLE_USAGE(.BOTH.,#1016);
#554=FACE_OUTER_BOUND('',#1017,.T.);
#555=PLANE('',#1018);
#556=SURFACE_STYLE_USAGE(.BOTH.,#1019);
#557=FACE_OUTER_BOUND('',#1020,.T.);
#558=CYLINDRICAL_SURFACE('',#1021,0.05);
#559=SURFACE_STYLE_USAGE(.BOTH.,#1022);
#560=FACE_OUTER_BOUND('',#1023,.T.);
#561=CYLINDRICAL_SURFACE('',#1024,0.05);
#562=SURFACE_STYLE_USAGE(.BOTH.,#1025);
#563=FACE_OUTER_BOUND('',#1026,.T.);
#564=PLANE('',#1027);
#565=SURFACE_STYLE_USAGE(.BOTH.,#1028);
#566=FACE_OUTER_BOUND('',#1029,.T.);
#567=CYLINDRICAL_SURFACE('',#1030,0.05);
#568=SURFACE_STYLE_USAGE(.BOTH.,#1031);
#569=FACE_OUTER_BOUND('',#1032,.T.);
#570=PLANE('',#1033);
#571=SURFACE_STYLE_USAGE(.BOTH.,#1034);
#572=FACE_OUTER_BOUND('',#1035,.T.);
#573=PLANE('',#1036);
#574=SURFACE_STYLE_USAGE(.BOTH.,#1037);
#575=FACE_OUTER_BOUND('',#1038,.T.);
#576=PLANE('',#1039);
#577=SURFACE_STYLE_USAGE(.BOTH.,#1040);
#578=FACE_OUTER_BOUND('',#1041,.T.);
#579=CYLINDRICAL_SURFACE('',#1042,0.05);
#580=SURFACE_STYLE_USAGE(.BOTH.,#1043);
#581=FACE_OUTER_BOUND('',#1044,.T.);
#582=PLANE('',#1045);
#583=SURFACE_STYLE_USAGE(.BOTH.,#1046);
#584=FACE_OUTER_BOUND('',#1047,.T.);
#585=CYLINDRICAL_SURFACE('',#1048,0.05);
#586=SURFACE_STYLE_USAGE(.BOTH.,#1049);
#587=FACE_OUTER_BOUND('',#1050,.T.);
#588=CYLINDRICAL_SURFACE('',#1051,0.05);
#589=SURFACE_STYLE_USAGE(.BOTH.,#1052);
#590=FACE_OUTER_BOUND('',#1053,.T.);
#591=PLANE('',#1054);
#592=SURFACE_STYLE_USAGE(.BOTH.,#1055);
#593=FACE_OUTER_BOUND('',#1056,.T.);
#594=CYLINDRICAL_SURFACE('',#1057,0.05);
#595=SURFACE_STYLE_USAGE(.BOTH.,#1058);
#596=FACE_OUTER_BOUND('',#1059,.T.);
#597=PLANE('',#1060);
#598=SURFACE_STYLE_USAGE(.BOTH.,#1061);
#599=FACE_OUTER_BOUND('',#1062,.T.);
#600=PLANE('',#1063);
#601=SURFACE_STYLE_USAGE(.BOTH.,#1064);
#602=FACE_OUTER_BOUND('',#1065,.T.);
#603=PLANE('',#1066);
#604=SURFACE_STYLE_USAGE(.BOTH.,#1067);
#605=FACE_OUTER_BOUND('',#1068,.T.);
#606=PLANE('',#1069);
#607=SURFACE_STYLE_USAGE(.BOTH.,#1070);
#608=FACE_OUTER_BOUND('',#1071,.T.);
#609=PLANE('',#1072);
#610=SURFACE_STYLE_USAGE(.BOTH.,#1073);
#611=FACE_OUTER_BOUND('',#1074,.T.);
#612=CYLINDRICAL_SURFACE('',#1075,0.125);
#613=SURFACE_STYLE_USAGE(.BOTH.,#1076);
#614=FACE_OUTER_BOUND('',#1077,.T.);
#615=PLANE('',#1078);
#616=SURFACE_STYLE_USAGE(.BOTH.,#1079);
#617=FACE_OUTER_BOUND('',#1080,.T.);
#618=PLANE('',#1081);
#619=SURFACE_STYLE_USAGE(.BOTH.,#1082);
#620=FACE_BOUND('',#1083,.T.);
#621=FACE_BOUND('',#1084,.T.);
#622=FACE_BOUND('',#1085,.T.);
#623=FACE_BOUND('',#1086,.T.);
#624=FACE_BOUND('',#1087,.T.);
#625=FACE_OUTER_BOUND('',#1088,.T.);
#626=PLANE('',#1089);
#627=SURFACE_STYLE_USAGE(.BOTH.,#1090);
#628=FACE_OUTER_BOUND('',#1091,.T.);
#629=PLANE('',#1092);
#630=SURFACE_STYLE_USAGE(.BOTH.,#1093);
#631=FACE_OUTER_BOUND('',#1094,.T.);
#632=CYLINDRICAL_SURFACE('',#1095,0.125);
#633=SURFACE_STYLE_USAGE(.BOTH.,#1096);
#634=FACE_OUTER_BOUND('',#1097,.T.);
#635=PLANE('',#1098);
#636=SURFACE_STYLE_USAGE(.BOTH.,#1099);
#637=FACE_OUTER_BOUND('',#1100,.T.);
#638=PLANE('',#1101);
#639=SURFACE_STYLE_USAGE(.BOTH.,#1102);
#640=FACE_OUTER_BOUND('',#1103,.T.);
#641=PLANE('',#1104);
#642=SURFACE_STYLE_USAGE(.BOTH.,#1105);
#643=FACE_OUTER_BOUND('',#1106,.T.);
#644=PLANE('',#1107);
#645=SURFACE_STYLE_USAGE(.BOTH.,#1108);
#646=FACE_OUTER_BOUND('',#1109,.T.);
#647=PLANE('',#1110);
#648=SURFACE_STYLE_USAGE(.BOTH.,#1111);
#649=FACE_OUTER_BOUND('',#1112,.T.);
#650=PLANE('',#1113);
#651=SURFACE_STYLE_USAGE(.BOTH.,#1114);
#652=FACE_OUTER_BOUND('',#1115,.T.);
#653=PLANE('',#1116);
#654=SURFACE_STYLE_USAGE(.BOTH.,#1117);
#655=FACE_OUTER_BOUND('',#1118,.T.);
#656=PLANE('',#1119);
#657=SURFACE_STYLE_USAGE(.BOTH.,#1120);
#658=FACE_OUTER_BOUND('',#1121,.T.);
#659=CYLINDRICAL_SURFACE('',#1122,0.125);
#660=SURFACE_STYLE_USAGE(.BOTH.,#1123);
#661=FACE_OUTER_BOUND('',#1124,.T.);
#662=PLANE('',#1125);
#663=SURFACE_STYLE_USAGE(.BOTH.,#1126);
#664=FACE_OUTER_BOUND('',#1127,.T.);
#665=PLANE('',#1128);
#666=SURFACE_STYLE_USAGE(.BOTH.,#1129);
#667=FACE_OUTER_BOUND('',#1130,.T.);
#668=PLANE('',#1131);
#669=SURFACE_STYLE_USAGE(.BOTH.,#1132);
#670=FACE_OUTER_BOUND('',#1133,.T.);
#671=CYLINDRICAL_SURFACE('',#1134,0.125);
#672=SURFACE_STYLE_USAGE(.BOTH.,#1135);
#673=FACE_OUTER_BOUND('',#1136,.T.);
#674=PLANE('',#1137);
#675=SURFACE_STYLE_USAGE(.BOTH.,#1138);
#676=FACE_OUTER_BOUND('',#1139,.T.);
#677=PLANE('',#1140);
#678=SURFACE_STYLE_USAGE(.BOTH.,#1141);
#679=FACE_OUTER_BOUND('',#1142,.T.);
#680=PLANE('',#1143);
#681=SURFACE_STYLE_USAGE(.BOTH.,#1144);
#682=FACE_OUTER_BOUND('',#1145,.T.);
#683=PLANE('',#1146);
#684=SURFACE_STYLE_USAGE(.BOTH.,#1147);
#685=FACE_OUTER_BOUND('',#1148,.T.);
#686=PLANE('',#1149);
#687=SURFACE_STYLE_USAGE(.BOTH.,#1150);
#688=FACE_OUTER_BOUND('',#1151,.T.);
#689=PLANE('',#1152);
#690=SURFACE_STYLE_USAGE(.BOTH.,#1153);
#691=FACE_OUTER_BOUND('',#1154,.T.);
#692=PLANE('',#1155);
#693=SURFACE_STYLE_USAGE(.BOTH.,#1156);
#694=FACE_OUTER_BOUND('',#1157,.T.);
#695=CYLINDRICAL_SURFACE('',#1158,0.125);
#696=SURFACE_STYLE_USAGE(.BOTH.,#1159);
#697=FACE_OUTER_BOUND('',#1160,.T.);
#698=PLANE('',#1161);
#699=SURFACE_STYLE_USAGE(.BOTH.,#1162);
#700=FACE_OUTER_BOUND('',#1163,.T.);
#701=PLANE('',#1164);
#702=SURFACE_STYLE_USAGE(.BOTH.,#1165);
#703=FACE_OUTER_BOUND('',#1166,.T.);
#704=PLANE('',#1167);
#705=SURFACE_STYLE_USAGE(.BOTH.,#1168);
#706=FACE_OUTER_BOUND('',#1169,.T.);
#707=CYLINDRICAL_SURFACE('',#1170,0.125);
#708=SURFACE_STYLE_USAGE(.BOTH.,#1171);
#709=FACE_OUTER_BOUND('',#1172,.T.);
#710=PLANE('',#1173);
#711=SURFACE_STYLE_USAGE(.BOTH.,#1174);
#712=FACE_OUTER_BOUND('',#1175,.T.);
#713=PLANE('',#1176);
#714=SURFACE_STYLE_USAGE(.BOTH.,#1177);
#715=FACE_OUTER_BOUND('',#1178,.T.);
#716=PLANE('',#1179);
#717=SURFACE_STYLE_USAGE(.BOTH.,#1180);
#718=FACE_OUTER_BOUND('',#1181,.T.);
#719=PLANE('',#1182);
#720=SURFACE_STYLE_USAGE(.BOTH.,#1183);
#721=FACE_OUTER_BOUND('',#1184,.T.);
#722=PLANE('',#1185);
#723=SURFACE_STYLE_USAGE(.BOTH.,#1186);
#724=FACE_OUTER_BOUND('',#1187,.T.);
#725=PLANE('',#1188);
#726=SURFACE_STYLE_USAGE(.BOTH.,#1189);
#727=FACE_OUTER_BOUND('',#1190,.T.);
#728=PLANE('',#1191);
#729=SURFACE_STYLE_USAGE(.BOTH.,#1192);
#730=FACE_OUTER_BOUND('',#1193,.T.);
#731=PLANE('',#1194);
#732=SURFACE_STYLE_USAGE(.BOTH.,#1195);
#733=FACE_OUTER_BOUND('',#1196,.T.);
#734=CYLINDRICAL_SURFACE('',#1197,0.125);
#735=SURFACE_STYLE_USAGE(.BOTH.,#1198);
#736=FACE_OUTER_BOUND('',#1199,.T.);
#737=PLANE('',#1200);
#738=SURFACE_STYLE_USAGE(.BOTH.,#1201);
#739=FACE_OUTER_BOUND('',#1202,.T.);
#740=PLANE('',#1203);
#741=SURFACE_STYLE_USAGE(.BOTH.,#1204);
#742=FACE_OUTER_BOUND('',#1205,.T.);
#743=PLANE('',#1206);
#744=SURFACE_STYLE_USAGE(.BOTH.,#1207);
#745=FACE_OUTER_BOUND('',#1208,.T.);
#746=CYLINDRICAL_SURFACE('',#1209,0.125);
#747=SURFACE_STYLE_USAGE(.BOTH.,#1210);
#748=FACE_OUTER_BOUND('',#1211,.T.);
#749=PLANE('',#1212);
#750=SURFACE_STYLE_USAGE(.BOTH.,#1213);
#751=FACE_OUTER_BOUND('',#1214,.T.);
#752=PLANE('',#1215);
#753=SURFACE_STYLE_USAGE(.BOTH.,#1216);
#754=FACE_OUTER_BOUND('',#1217,.T.);
#755=PLANE('',#1218);
#756=SURFACE_STYLE_USAGE(.BOTH.,#1219);
#757=FACE_OUTER_BOUND('',#1220,.T.);
#758=PLANE('',#1221);
#759=SURFACE_STYLE_USAGE(.BOTH.,#1222);
#760=FACE_OUTER_BOUND('',#1223,.T.);
#761=PLANE('',#1224);
#762=SURFACE_STYLE_USAGE(.BOTH.,#1225);
#763=FACE_OUTER_BOUND('',#1226,.T.);
#764=PLANE('',#1227);
#765=SURFACE_STYLE_USAGE(.BOTH.,#1228);
#766=FACE_OUTER_BOUND('',#1229,.T.);
#767=PLANE('',#1230);
#768=SURFACE_STYLE_USAGE(.BOTH.,#1231);
#769=FACE_OUTER_BOUND('',#1232,.T.);
#770=CYLINDRICAL_SURFACE('',#1233,0.125);
#771=SURFACE_STYLE_USAGE(.BOTH.,#1234);
#772=FACE_OUTER_BOUND('',#1235,.T.);
#773=PLANE('',#1236);
#774=SURFACE_STYLE_USAGE(.BOTH.,#1237);
#775=FACE_OUTER_BOUND('',#1238,.T.);
#776=PLANE('',#1239);
#777=SURFACE_STYLE_USAGE(.BOTH.,#1240);
#778=FACE_OUTER_BOUND('',#1241,.T.);
#779=PLANE('',#1242);
#780=SURFACE_STYLE_USAGE(.BOTH.,#1243);
#781=FACE_OUTER_BOUND('',#1244,.T.);
#782=CYLINDRICAL_SURFACE('',#1245,0.125);
#783=SURFACE_STYLE_USAGE(.BOTH.,#1246);
#784=FACE_OUTER_BOUND('',#1247,.T.);
#785=PLANE('',#1248);
#786=SURFACE_STYLE_USAGE(.BOTH.,#1249);
#787=FACE_OUTER_BOUND('',#1250,.T.);
#788=PLANE('',#1251);
#789=SURFACE_STYLE_USAGE(.BOTH.,#1252);
#790=FACE_OUTER_BOUND('',#1253,.T.);
#791=PLANE('',#1254);
#792=SURFACE_STYLE_USAGE(.BOTH.,#1255);
#793=FACE_OUTER_BOUND('',#1256,.T.);
#794=PLANE('',#1257);
#795=SURFACE_STYLE_USAGE(.BOTH.,#1258);
#796=FACE_OUTER_BOUND('',#1259,.T.);
#797=PLANE('',#1260);
#798=SURFACE_STYLE_USAGE(.BOTH.,#1261);
#799=FACE_OUTER_BOUND('',#1262,.T.);
#800=PLANE('',#1263);
#801=SURFACE_STYLE_USAGE(.BOTH.,#1264);
#802=FACE_OUTER_BOUND('',#1265,.T.);
#803=PLANE('',#1266);
#804=SURFACE_STYLE_USAGE(.BOTH.,#1267);
#805=FACE_OUTER_BOUND('',#1268,.T.);
#806=PLANE('',#1269);
#807=SURFACE_STYLE_USAGE(.BOTH.,#1270);
#808=FACE_OUTER_BOUND('',#1271,.T.);
#809=CYLINDRICAL_SURFACE('',#1272,0.125);
#810=SURFACE_STYLE_USAGE(.BOTH.,#1273);
#811=FACE_OUTER_BOUND('',#1274,.T.);
#812=PLANE('',#1275);
#813=SURFACE_STYLE_USAGE(.BOTH.,#1276);
#814=FACE_OUTER_BOUND('',#1277,.T.);
#815=PLANE('',#1278);
#816=SURFACE_STYLE_USAGE(.BOTH.,#1279);
#817=FACE_OUTER_BOUND('',#1280,.T.);
#818=PLANE('',#1281);
#819=SURFACE_STYLE_USAGE(.BOTH.,#1282);
#820=FACE_OUTER_BOUND('',#1283,.T.);
#821=CYLINDRICAL_SURFACE('',#1284,0.125);
#822=SURFACE_STYLE_USAGE(.BOTH.,#1285);
#823=FACE_OUTER_BOUND('',#1286,.T.);
#824=PLANE('',#1287);
#825=SURFACE_STYLE_USAGE(.BOTH.,#1288);
#826=FACE_OUTER_BOUND('',#1289,.T.);
#827=PLANE('',#1290);
#828=SURFACE_STYLE_USAGE(.BOTH.,#1291);
#829=FACE_OUTER_BOUND('',#1292,.T.);
#830=PLANE('',#1293);
#831=SURFACE_STYLE_USAGE(.BOTH.,#1294);
#832=FACE_OUTER_BOUND('',#1295,.T.);
#833=PLANE('',#1296);
#834=SURFACE_STYLE_USAGE(.BOTH.,#1297);
#835=FACE_OUTER_BOUND('',#1298,.T.);
#836=PLANE('',#1299);
#837=SURFACE_STYLE_USAGE(.BOTH.,#1300);
#838=FACE_OUTER_BOUND('',#1301,.T.);
#839=CYLINDRICAL_SURFACE('',#1302,0.125);
#840=SURFACE_STYLE_USAGE(.BOTH.,#1303);
#841=FACE_OUTER_BOUND('',#1304,.T.);
#842=PLANE('',#1305);
#843=SURFACE_STYLE_USAGE(.BOTH.,#1306);
#844=FACE_OUTER_BOUND('',#1307,.T.);
#845=PLANE('',#1308);
#846=SURFACE_STYLE_USAGE(.BOTH.,#1309);
#847=FACE_OUTER_BOUND('',#1310,.T.);
#848=PLANE('',#1311);
#849=SURFACE_STYLE_USAGE(.BOTH.,#1312);
#850=FACE_OUTER_BOUND('',#1313,.T.);
#851=PLANE('',#1314);
#852=SURFACE_STYLE_USAGE(.BOTH.,#1315);
#853=FACE_OUTER_BOUND('',#1316,.T.);
#854=PLANE('',#1317);
#855=SURFACE_STYLE_USAGE(.BOTH.,#1318);
#856=FACE_OUTER_BOUND('',#1319,.T.);
#857=PLANE('',#1320);
#858=SURFACE_STYLE_USAGE(.BOTH.,#1321);
#859=FACE_OUTER_BOUND('',#1322,.T.);
#860=PLANE('',#1323);
#861=SURFACE_STYLE_USAGE(.BOTH.,#1324);
#862=FACE_OUTER_BOUND('',#1325,.T.);
#863=PLANE('',#1326);
#864=SURFACE_STYLE_USAGE(.BOTH.,#1327);
#865=FACE_OUTER_BOUND('',#1328,.T.);
#866=CYLINDRICAL_SURFACE('',#1329,0.125);
#867=SURFACE_STYLE_USAGE(.BOTH.,#1330);
#868=FACE_OUTER_BOUND('',#1331,.T.);
#869=PLANE('',#1332);
#870=SURFACE_STYLE_USAGE(.BOTH.,#1333);
#871=FACE_OUTER_BOUND('',#1334,.T.);
#872=PLANE('',#1335);
#873=SURFACE_STYLE_USAGE(.BOTH.,#1336);
#874=FACE_OUTER_BOUND('',#1337,.T.);
#875=PLANE('',#1338);
#876=SURFACE_STYLE_USAGE(.BOTH.,#1339);
#877=FACE_OUTER_BOUND('',#1340,.T.);
#878=CYLINDRICAL_SURFACE('',#1341,0.125);
#879=SURFACE_STYLE_USAGE(.BOTH.,#1342);
#880=FACE_OUTER_BOUND('',#1343,.T.);
#881=PLANE('',#1344);
#882=SURFACE_STYLE_USAGE(.BOTH.,#1345);
#883=FACE_OUTER_BOUND('',#1346,.T.);
#884=PLANE('',#1347);
#885=SURFACE_STYLE_USAGE(.BOTH.,#1348);
#886=FACE_OUTER_BOUND('',#1349,.T.);
#887=PLANE('',#1350);
#888=SURFACE_STYLE_USAGE(.BOTH.,#1351);
#889=FACE_OUTER_BOUND('',#1352,.T.);
#890=PLANE('',#1353);
#891=SURFACE_STYLE_USAGE(.BOTH.,#1354);
#892=FACE_OUTER_BOUND('',#1355,.T.);
#893=PLANE('',#1356);
#894=SURFACE_STYLE_USAGE(.BOTH.,#1357);
#895=FACE_OUTER_BOUND('',#1358,.T.);
#896=PLANE('',#1359);
#897=SURFACE_STYLE_USAGE(.BOTH.,#1360);
#898=FACE_OUTER_BOUND('',#1361,.T.);
#899=PLANE('',#1362);
#900=SURFACE_STYLE_USAGE(.BOTH.,#1363);
#901=FACE_OUTER_BOUND('',#1364,.T.);
#902=CYLINDRICAL_SURFACE('',#1365,0.125);
#903=SURFACE_STYLE_USAGE(.BOTH.,#1366);
#904=FACE_OUTER_BOUND('',#1367,.T.);
#905=PLANE('',#1368);
#906=SURFACE_STYLE_USAGE(.BOTH.,#1369);
#907=FACE_OUTER_BOUND('',#1370,.T.);
#908=PLANE('',#1371);
#909=SURFACE_STYLE_USAGE(.BOTH.,#1372);
#910=FACE_OUTER_BOUND('',#1373,.T.);
#911=PLANE('',#1374);
#912=SURFACE_STYLE_USAGE(.BOTH.,#1375);
#913=FACE_OUTER_BOUND('',#1376,.T.);
#914=CYLINDRICAL_SURFACE('',#1377,0.05);
#915=SURFACE_STYLE_USAGE(.BOTH.,#1378);
#916=FACE_OUTER_BOUND('',#1379,.T.);
#917=PLANE('',#1380);
#918=SURFACE_STYLE_USAGE(.BOTH.,#1381);
#919=FACE_OUTER_BOUND('',#1382,.T.);
#920=CYLINDRICAL_SURFACE('',#1383,0.05);
#921=SURFACE_STYLE_USAGE(.BOTH.,#1384);
#922=FACE_OUTER_BOUND('',#1385,.T.);
#923=CYLINDRICAL_SURFACE('',#1386,0.05);
#924=SURFACE_STYLE_USAGE(.BOTH.,#1387);
#925=FACE_OUTER_BOUND('',#1388,.T.);
#926=PLANE('',#1389);
#927=SURFACE_STYLE_USAGE(.BOTH.,#1390);
#928=FACE_OUTER_BOUND('',#1391,.T.);
#929=CYLINDRICAL_SURFACE('',#1392,0.05);
#930=SURFACE_STYLE_USAGE(.BOTH.,#1393);
#931=FACE_OUTER_BOUND('',#1394,.T.);
#932=PLANE('',#1395);
#933=SURFACE_STYLE_USAGE(.BOTH.,#1396);
#934=FACE_OUTER_BOUND('',#1397,.T.);
#935=PLANE('',#1398);
#936=SURFACE_STYLE_USAGE(.BOTH.,#1399);
#937=FACE_OUTER_BOUND('',#1400,.T.);
#938=CYLINDRICAL_SURFACE('',#1401,0.2);
#939=SURFACE_STYLE_USAGE(.BOTH.,#1402);
#940=FACE_OUTER_BOUND('',#1403,.T.);
#941=PLANE('',#1404);
#942=SURFACE_STYLE_USAGE(.BOTH.,#1405);
#943=FACE_BOUND('',#1406,.T.);
#944=FACE_OUTER_BOUND('',#1407,.T.);
#945=PLANE('',#1408);
#946=PRODUCT_CONTEXT('',#160,'mechanical');
#947=PRODUCT_DEFINITION_FORMATION_WITH_SPECIFIED_SOURCE(' ','NONE',#473,.NOT_KNOWN.);
#948=CLOSED_SHELL('',(#174,#176,#178,#180,#182,#184,#186,#188,#190,#192,#194,#196,#198,#200,#202,#204,#206,#208,#210,#212,#214,#216,#218,#220,#222,#224,#226,#228,#230,#232,#234,#236,#238,#240,#242,#244,#246,#248,#250,#252,#254,#256,#258,#260,#262,#264,#266,#268,#270,#272,#274,#276,#278,#280,#282,#284,#286,#288,#290,#292,#294,#296,#298,#300,#302,#304,#306,#308,#310,#312,#314,#316,#318,#320,#322,#324,#326,#328,#330,#332,#334,#336,#338,#340,#342,#344,#346,#348,#350,#352,#354,#356,#358,#360,#362,#364,#366,#368,#370,#372,#374,#376,#378,#380,#382,#384,#386,#388,#390,#392,#394,#396,#398,#400,#402,#404,#406,#408,#410,#412,#414,#416,#418,#420,#422,#424,#426,#428,#430,#432,#434,#436,#438,#440,#442,#444,#446,#448,#450,#452,#454,#456,#458,#460,#462,#464,#466,#468,#470,#472));
#949=CARTESIAN_POINT('',(0.0,0.0,0.0));
#950=DIRECTION('',(0.0,0.0,1.0));
#951=DIRECTION('',(1.0,0.0,0.0));
#952= (NAMED_UNIT(#482)LENGTH_UNIT()SI_UNIT(.MILLI.,.METRE.));
#953=SURFACE_SIDE_STYLE('',(#1410));
#954=EDGE_LOOP('',(#1411,#1412,#1413,#1414));
#955=AXIS2_PLACEMENT_3D('',#1415,#1416,#1417);
#956=SURFACE_SIDE_STYLE('',(#1418));
#957=EDGE_LOOP('',(#1419,#1420,#1421,#1422));
#958=AXIS2_PLACEMENT_3D('',#1423,#1424,#1425);
#959=SURFACE_SIDE_STYLE('',(#1426));
#960=EDGE_LOOP('',(#1427,#1428,#1429,#1430));
#961=AXIS2_PLACEMENT_3D('',#1431,#1432,#1433);
#962=SURFACE_SIDE_STYLE('',(#1434));
#963=EDGE_LOOP('',(#1435,#1436,#1437,#1438));
#964=AXIS2_PLACEMENT_3D('',#1439,#1440,#1441);
#965=SURFACE_SIDE_STYLE('',(#1442));
#966=EDGE_LOOP('',(#1443,#1444,#1445,#1446));
#967=AXIS2_PLACEMENT_3D('',#1447,#1448,#1449);
#968=SURFACE_SIDE_STYLE('',(#1450));
#969=EDGE_LOOP('',(#1451,#1452,#1453,#1454));
#970=AXIS2_PLACEMENT_3D('',#1455,#1456,#1457);
#971=SURFACE_SIDE_STYLE('',(#1458));
#972=EDGE_LOOP('',(#1459,#1460,#1461,#1462));
#973=AXIS2_PLACEMENT_3D('',#1463,#1464,#1465);
#974=SURFACE_SIDE_STYLE('',(#1466));
#975=EDGE_LOOP('',(#1467,#1468,#1469,#1470));
#976=AXIS2_PLACEMENT_3D('',#1471,#1472,#1473);
#977=SURFACE_SIDE_STYLE('',(#1474));
#978=EDGE_LOOP('',(#1475,#1476,#1477,#1478));
#979=AXIS2_PLACEMENT_3D('',#1479,#1480,#1481);
#980=SURFACE_SIDE_STYLE('',(#1482));
#981=EDGE_LOOP('',(#1483,#1484,#1485,#1486,#1487,#1488,#1489,#1490));
#982=AXIS2_PLACEMENT_3D('',#1491,#1492,#1493);
#983=SURFACE_SIDE_STYLE('',(#1494));
#984=EDGE_LOOP('',(#1495,#1496,#1497,#1498));
#985=AXIS2_PLACEMENT_3D('',#1499,#1500,#1501);
#986=SURFACE_SIDE_STYLE('',(#1502));
#987=EDGE_LOOP('',(#1503,#1504,#1505,#1506));
#988=AXIS2_PLACEMENT_3D('',#1507,#1508,#1509);
#989=SURFACE_SIDE_STYLE('',(#1510));
#990=EDGE_LOOP('',(#1511,#1512,#1513,#1514));
#991=AXIS2_PLACEMENT_3D('',#1515,#1516,#1517);
#992=SURFACE_SIDE_STYLE('',(#1518));
#993=EDGE_LOOP('',(#1519,#1520,#1521,#1522));
#994=AXIS2_PLACEMENT_3D('',#1523,#1524,#1525);
#995=SURFACE_SIDE_STYLE('',(#1526));
#996=EDGE_LOOP('',(#1527,#1528,#1529,#1530));
#997=AXIS2_PLACEMENT_3D('',#1531,#1532,#1533);
#998=SURFACE_SIDE_STYLE('',(#1534));
#999=EDGE_LOOP('',(#1535,#1536,#1537,#1538));
#1000=AXIS2_PLACEMENT_3D('',#1539,#1540,#1541);
#1001=SURFACE_SIDE_STYLE('',(#1542));
#1002=EDGE_LOOP('',(#1543,#1544,#1545,#1546));
#1003=AXIS2_PLACEMENT_3D('',#1547,#1548,#1549);
#1004=SURFACE_SIDE_STYLE('',(#1550));
#1005=EDGE_LOOP('',(#1551,#1552,#1553,#1554));
#1006=AXIS2_PLACEMENT_3D('',#1555,#1556,#1557);
#1007=SURFACE_SIDE_STYLE('',(#1558));
#1008=EDGE_LOOP('',(#1559,#1560,#1561,#1562,#1563,#1564,#1565,#1566));
#1009=AXIS2_PLACEMENT_3D('',#1567,#1568,#1569);
#1010=SURFACE_SIDE_STYLE('',(#1570));
#1011=EDGE_LOOP('',(#1571,#1572,#1573,#1574));
#1012=AXIS2_PLACEMENT_3D('',#1575,#1576,#1577);
#1013=SURFACE_SIDE_STYLE('',(#1578));
#1014=EDGE_LOOP('',(#1579,#1580,#1581,#1582));
#1015=AXIS2_PLACEMENT_3D('',#1583,#1584,#1585);
#1016=SURFACE_SIDE_STYLE('',(#1586));
#1017=EDGE_LOOP('',(#1587,#1588,#1589,#1590));
#1018=AXIS2_PLACEMENT_3D('',#1591,#1592,#1593);
#1019=SURFACE_SIDE_STYLE('',(#1594));
#1020=EDGE_LOOP('',(#1595,#1596,#1597,#1598));
#1021=AXIS2_PLACEMENT_3D('',#1599,#1600,#1601);
#1022=SURFACE_SIDE_STYLE('',(#1602));
#1023=EDGE_LOOP('',(#1603,#1604,#1605,#1606));
#1024=AXIS2_PLACEMENT_3D('',#1607,#1608,#1609);
#1025=SURFACE_SIDE_STYLE('',(#1610));
#1026=EDGE_LOOP('',(#1611,#1612,#1613,#1614));
#1027=AXIS2_PLACEMENT_3D('',#1615,#1616,#1617);
#1028=SURFACE_SIDE_STYLE('',(#1618));
#1029=EDGE_LOOP('',(#1619,#1620,#1621,#1622));
#1030=AXIS2_PLACEMENT_3D('',#1623,#1624,#1625);
#1031=SURFACE_SIDE_STYLE('',(#1626));
#1032=EDGE_LOOP('',(#1627,#1628,#1629,#1630));
#1033=AXIS2_PLACEMENT_3D('',#1631,#1632,#1633);
#1034=SURFACE_SIDE_STYLE('',(#1634));
#1035=EDGE_LOOP('',(#1635,#1636,#1637,#1638,#1639,#1640,#1641,#1642));
#1036=AXIS2_PLACEMENT_3D('',#1643,#1644,#1645);
#1037=SURFACE_SIDE_STYLE('',(#1646));
#1038=EDGE_LOOP('',(#1647,#1648,#1649,#1650));
#1039=AXIS2_PLACEMENT_3D('',#1651,#1652,#1653);
#1040=SURFACE_SIDE_STYLE('',(#1654));
#1041=EDGE_LOOP('',(#1655,#1656,#1657,#1658));
#1042=AXIS2_PLACEMENT_3D('',#1659,#1660,#1661);
#1043=SURFACE_SIDE_STYLE('',(#1662));
#1044=EDGE_LOOP('',(#1663,#1664,#1665,#1666));
#1045=AXIS2_PLACEMENT_3D('',#1667,#1668,#1669);
#1046=SURFACE_SIDE_STYLE('',(#1670));
#1047=EDGE_LOOP('',(#1671,#1672,#1673,#1674));
#1048=AXIS2_PLACEMENT_3D('',#1675,#1676,#1677);
#1049=SURFACE_SIDE_STYLE('',(#1678));
#1050=EDGE_LOOP('',(#1679,#1680,#1681,#1682));
#1051=AXIS2_PLACEMENT_3D('',#1683,#1684,#1685);
#1052=SURFACE_SIDE_STYLE('',(#1686));
#1053=EDGE_LOOP('',(#1687,#1688,#1689,#1690));
#1054=AXIS2_PLACEMENT_3D('',#1691,#1692,#1693);
#1055=SURFACE_SIDE_STYLE('',(#1694));
#1056=EDGE_LOOP('',(#1695,#1696,#1697,#1698));
#1057=AXIS2_PLACEMENT_3D('',#1699,#1700,#1701);
#1058=SURFACE_SIDE_STYLE('',(#1702));
#1059=EDGE_LOOP('',(#1703,#1704,#1705,#1706));
#1060=AXIS2_PLACEMENT_3D('',#1707,#1708,#1709);
#1061=SURFACE_SIDE_STYLE('',(#1710));
#1062=EDGE_LOOP('',(#1711,#1712,#1713,#1714,#1715,#1716,#1717,#1718));
#1063=AXIS2_PLACEMENT_3D('',#1719,#1720,#1721);
#1064=SURFACE_SIDE_STYLE('',(#1722));
#1065=EDGE_LOOP('',(#1723,#1724,#1725,#1726,#1727,#1728));
#1066=AXIS2_PLACEMENT_3D('',#1729,#1730,#1731);
#1067=SURFACE_SIDE_STYLE('',(#1732));
#1068=EDGE_LOOP('',(#1733,#1734,#1735,#1736));
#1069=AXIS2_PLACEMENT_3D('',#1737,#1738,#1739);
#1070=SURFACE_SIDE_STYLE('',(#1740));
#1071=EDGE_LOOP('',(#1741,#1742,#1743,#1744));
#1072=AXIS2_PLACEMENT_3D('',#1745,#1746,#1747);
#1073=SURFACE_SIDE_STYLE('',(#1748));
#1074=EDGE_LOOP('',(#1749,#1750,#1751,#1752));
#1075=AXIS2_PLACEMENT_3D('',#1753,#1754,#1755);
#1076=SURFACE_SIDE_STYLE('',(#1756));
#1077=EDGE_LOOP('',(#1757,#1758,#1759,#1760,#1761,#1762));
#1078=AXIS2_PLACEMENT_3D('',#1763,#1764,#1765);
#1079=SURFACE_SIDE_STYLE('',(#1766));
#1080=EDGE_LOOP('',(#1767,#1768,#1769,#1770));
#1081=AXIS2_PLACEMENT_3D('',#1771,#1772,#1773);
#1082=SURFACE_SIDE_STYLE('',(#1774));
#1083=EDGE_LOOP('',(#1775,#1776,#1777,#1778,#1779,#1780,#1781,#1782));
#1084=EDGE_LOOP('',(#1783,#1784,#1785,#1786,#1787,#1788,#1789,#1790));
#1085=EDGE_LOOP('',(#1791,#1792,#1793,#1794,#1795,#1796,#1797,#1798));
#1086=EDGE_LOOP('',(#1799,#1800,#1801,#1802,#1803,#1804,#1805,#1806));
#1087=EDGE_LOOP('',(#1807,#1808,#1809,#1810,#1811,#1812,#1813,#1814));
#1088=EDGE_LOOP('',(#1815,#1816,#1817,#1818,#1819,#1820,#1821,#1822,#1823,#1824,#1825,#1826,#1827,#1828,#1829,#1830,#1831,#1832,#1833,#1834,#1835,#1836,#1837,#1838,#1839,#1840,#1841,#1842,#1843,#1844,#1845,#1846,#1847,#1848,#1849,#1850,#1851,#1852,#1853,#1854,#1855,#1856,#1857,#1858,#1859,#1860,#1861,#1862,#1863,#1864,#1865,#1866,#1867,#1868,#1869,#1870,#1871,#1872,#1873,#1874,#1875,#1876,#1877,#1878,#1879,#1880,#1881,#1882));
#1089=AXIS2_PLACEMENT_3D('',#1883,#1884,#1885);
#1090=SURFACE_SIDE_STYLE('',(#1886));
#1091=EDGE_LOOP('',(#1887,#1888,#1889,#1890,#1891,#1892));
#1092=AXIS2_PLACEMENT_3D('',#1893,#1894,#1895);
#1093=SURFACE_SIDE_STYLE('',(#1896));
#1094=EDGE_LOOP('',(#1897,#1898,#1899,#1900));
#1095=AXIS2_PLACEMENT_3D('',#1901,#1902,#1903);
#1096=SURFACE_SIDE_STYLE('',(#1904));
#1097=EDGE_LOOP('',(#1905,#1906,#1907,#1908));
#1098=AXIS2_PLACEMENT_3D('',#1909,#1910,#1911);
#1099=SURFACE_SIDE_STYLE('',(#1912));
#1100=EDGE_LOOP('',(#1913,#1914,#1915,#1916,#1917,#1918));
#1101=AXIS2_PLACEMENT_3D('',#1919,#1920,#1921);
#1102=SURFACE_SIDE_STYLE('',(#1922));
#1103=EDGE_LOOP('',(#1923,#1924,#1925,#1926));
#1104=AXIS2_PLACEMENT_3D('',#1927,#1928,#1929);
#1105=SURFACE_SIDE_STYLE('',(#1930));
#1106=EDGE_LOOP('',(#1931,#1932,#1933,#1934));
#1107=AXIS2_PLACEMENT_3D('',#1935,#1936,#1937);
#1108=SURFACE_SIDE_STYLE('',(#1938));
#1109=EDGE_LOOP('',(#1939,#1940,#1941,#1942,#1943,#1944,#1945,#1946,#1947,#1948,#1949,#1950,#1951,#1952,#1953,#1954,#1955,#1956,#1957,#1958));
#1110=AXIS2_PLACEMENT_3D('',#1959,#1960,#1961);
#1111=SURFACE_SIDE_STYLE('',(#1962));
#1112=EDGE_LOOP('',(#1963,#1964,#1965,#1966,#1967,#1968));
#1113=AXIS2_PLACEMENT_3D('',#1969,#1970,#1971);
#1114=SURFACE_SIDE_STYLE('',(#1972));
#1115=EDGE_LOOP('',(#1973,#1974,#1975,#1976));
#1116=AXIS2_PLACEMENT_3D('',#1977,#1978,#1979);
#1117=SURFACE_SIDE_STYLE('',(#1980));
#1118=EDGE_LOOP('',(#1981,#1982,#1983,#1984));
#1119=AXIS2_PLACEMENT_3D('',#1985,#1986,#1987);
#1120=SURFACE_SIDE_STYLE('',(#1988));
#1121=EDGE_LOOP('',(#1989,#1990,#1991,#1992));
#1122=AXIS2_PLACEMENT_3D('',#1993,#1994,#1995);
#1123=SURFACE_SIDE_STYLE('',(#1996));
#1124=EDGE_LOOP('',(#1997,#1998,#1999,#2000,#2001,#2002));
#1125=AXIS2_PLACEMENT_3D('',#2003,#2004,#2005);
#1126=SURFACE_SIDE_STYLE('',(#2006));
#1127=EDGE_LOOP('',(#2007,#2008,#2009,#2010));
#1128=AXIS2_PLACEMENT_3D('',#2011,#2012,#2013);
#1129=SURFACE_SIDE_STYLE('',(#2014));
#1130=EDGE_LOOP('',(#2015,#2016,#2017,#2018,#2019,#2020));
#1131=AXIS2_PLACEMENT_3D('',#2021,#2022,#2023);
#1132=SURFACE_SIDE_STYLE('',(#2024));
#1133=EDGE_LOOP('',(#2025,#2026,#2027,#2028));
#1134=AXIS2_PLACEMENT_3D('',#2029,#2030,#2031);
#1135=SURFACE_SIDE_STYLE('',(#2032));
#1136=EDGE_LOOP('',(#2033,#2034,#2035,#2036));
#1137=AXIS2_PLACEMENT_3D('',#2037,#2038,#2039);
#1138=SURFACE_SIDE_STYLE('',(#2040));
#1139=EDGE_LOOP('',(#2041,#2042,#2043,#2044,#2045,#2046));
#1140=AXIS2_PLACEMENT_3D('',#2047,#2048,#2049);
#1141=SURFACE_SIDE_STYLE('',(#2050));
#1142=EDGE_LOOP('',(#2051,#2052,#2053,#2054));
#1143=AXIS2_PLACEMENT_3D('',#2055,#2056,#2057);
#1144=SURFACE_SIDE_STYLE('',(#2058));
#1145=EDGE_LOOP('',(#2059,#2060,#2061,#2062));
#1146=AXIS2_PLACEMENT_3D('',#2063,#2064,#2065);
#1147=SURFACE_SIDE_STYLE('',(#2066));
#1148=EDGE_LOOP('',(#2067,#2068,#2069,#2070,#2071,#2072));
#1149=AXIS2_PLACEMENT_3D('',#2073,#2074,#2075);
#1150=SURFACE_SIDE_STYLE('',(#2076));
#1151=EDGE_LOOP('',(#2077,#2078,#2079,#2080));
#1152=AXIS2_PLACEMENT_3D('',#2081,#2082,#2083);
#1153=SURFACE_SIDE_STYLE('',(#2084));
#1154=EDGE_LOOP('',(#2085,#2086,#2087,#2088));
#1155=AXIS2_PLACEMENT_3D('',#2089,#2090,#2091);
#1156=SURFACE_SIDE_STYLE('',(#2092));
#1157=EDGE_LOOP('',(#2093,#2094,#2095,#2096));
#1158=AXIS2_PLACEMENT_3D('',#2097,#2098,#2099);
#1159=SURFACE_SIDE_STYLE('',(#2100));
#1160=EDGE_LOOP('',(#2101,#2102,#2103,#2104,#2105,#2106));
#1161=AXIS2_PLACEMENT_3D('',#2107,#2108,#2109);
#1162=SURFACE_SIDE_STYLE('',(#2110));
#1163=EDGE_LOOP('',(#2111,#2112,#2113,#2114));
#1164=AXIS2_PLACEMENT_3D('',#2115,#2116,#2117);
#1165=SURFACE_SIDE_STYLE('',(#2118));
#1166=EDGE_LOOP('',(#2119,#2120,#2121,#2122,#2123,#2124));
#1167=AXIS2_PLACEMENT_3D('',#2125,#2126,#2127);
#1168=SURFACE_SIDE_STYLE('',(#2128));
#1169=EDGE_LOOP('',(#2129,#2130,#2131,#2132));
#1170=AXIS2_PLACEMENT_3D('',#2133,#2134,#2135);
#1171=SURFACE_SIDE_STYLE('',(#2136));
#1172=EDGE_LOOP('',(#2137,#2138,#2139,#2140));
#1173=AXIS2_PLACEMENT_3D('',#2141,#2142,#2143);
#1174=SURFACE_SIDE_STYLE('',(#2144));
#1175=EDGE_LOOP('',(#2145,#2146,#2147,#2148,#2149,#2150));
#1176=AXIS2_PLACEMENT_3D('',#2151,#2152,#2153);
#1177=SURFACE_SIDE_STYLE('',(#2154));
#1178=EDGE_LOOP('',(#2155,#2156,#2157,#2158));
#1179=AXIS2_PLACEMENT_3D('',#2159,#2160,#2161);
#1180=SURFACE_SIDE_STYLE('',(#2162));
#1181=EDGE_LOOP('',(#2163,#2164,#2165,#2166));
#1182=AXIS2_PLACEMENT_3D('',#2167,#2168,#2169);
#1183=SURFACE_SIDE_STYLE('',(#2170));
#1184=EDGE_LOOP('',(#2171,#2172,#2173,#2174,#2175,#2176,#2177,#2178,#2179,#2180,#2181,#2182,#2183,#2184,#2185,#2186,#2187,#2188,#2189,#2190));
#1185=AXIS2_PLACEMENT_3D('',#2191,#2192,#2193);
#1186=SURFACE_SIDE_STYLE('',(#2194));
#1187=EDGE_LOOP('',(#2195,#2196,#2197,#2198,#2199,#2200));
#1188=AXIS2_PLACEMENT_3D('',#2201,#2202,#2203);
#1189=SURFACE_SIDE_STYLE('',(#2204));
#1190=EDGE_LOOP('',(#2205,#2206,#2207,#2208));
#1191=AXIS2_PLACEMENT_3D('',#2209,#2210,#2211);
#1192=SURFACE_SIDE_STYLE('',(#2212));
#1193=EDGE_LOOP('',(#2213,#2214,#2215,#2216));
#1194=AXIS2_PLACEMENT_3D('',#2217,#2218,#2219);
#1195=SURFACE_SIDE_STYLE('',(#2220));
#1196=EDGE_LOOP('',(#2221,#2222,#2223,#2224));
#1197=AXIS2_PLACEMENT_3D('',#2225,#2226,#2227);
#1198=SURFACE_SIDE_STYLE('',(#2228));
#1199=EDGE_LOOP('',(#2229,#2230,#2231,#2232,#2233,#2234));
#1200=AXIS2_PLACEMENT_3D('',#2235,#2236,#2237);
#1201=SURFACE_SIDE_STYLE('',(#2238));
#1202=EDGE_LOOP('',(#2239,#2240,#2241,#2242));
#1203=AXIS2_PLACEMENT_3D('',#2243,#2244,#2245);
#1204=SURFACE_SIDE_STYLE('',(#2246));
#1205=EDGE_LOOP('',(#2247,#2248,#2249,#2250,#2251,#2252));
#1206=AXIS2_PLACEMENT_3D('',#2253,#2254,#2255);
#1207=SURFACE_SIDE_STYLE('',(#2256));
#1208=EDGE_LOOP('',(#2257,#2258,#2259,#2260));
#1209=AXIS2_PLACEMENT_3D('',#2261,#2262,#2263);
#1210=SURFACE_SIDE_STYLE('',(#2264));
#1211=EDGE_LOOP('',(#2265,#2266,#2267,#2268));
#1212=AXIS2_PLACEMENT_3D('',#2269,#2270,#2271);
#1213=SURFACE_SIDE_STYLE('',(#2272));
#1214=EDGE_LOOP('',(#2273,#2274,#2275,#2276,#2277,#2278));
#1215=AXIS2_PLACEMENT_3D('',#2279,#2280,#2281);
#1216=SURFACE_SIDE_STYLE('',(#2282));
#1217=EDGE_LOOP('',(#2283,#2284,#2285,#2286));
#1218=AXIS2_PLACEMENT_3D('',#2287,#2288,#2289);
#1219=SURFACE_SIDE_STYLE('',(#2290));
#1220=EDGE_LOOP('',(#2291,#2292,#2293,#2294));
#1221=AXIS2_PLACEMENT_3D('',#2295,#2296,#2297);
#1222=SURFACE_SIDE_STYLE('',(#2298));
#1223=EDGE_LOOP('',(#2299,#2300,#2301,#2302,#2303,#2304));
#1224=AXIS2_PLACEMENT_3D('',#2305,#2306,#2307);
#1225=SURFACE_SIDE_STYLE('',(#2308));
#1226=EDGE_LOOP('',(#2309,#2310,#2311,#2312));
#1227=AXIS2_PLACEMENT_3D('',#2313,#2314,#2315);
#1228=SURFACE_SIDE_STYLE('',(#2316));
#1229=EDGE_LOOP('',(#2317,#2318,#2319,#2320));
#1230=AXIS2_PLACEMENT_3D('',#2321,#2322,#2323);
#1231=SURFACE_SIDE_STYLE('',(#2324));
#1232=EDGE_LOOP('',(#2325,#2326,#2327,#2328));
#1233=AXIS2_PLACEMENT_3D('',#2329,#2330,#2331);
#1234=SURFACE_SIDE_STYLE('',(#2332));
#1235=EDGE_LOOP('',(#2333,#2334,#2335,#2336,#2337,#2338));
#1236=AXIS2_PLACEMENT_3D('',#2339,#2340,#2341);
#1237=SURFACE_SIDE_STYLE('',(#2342));
#1238=EDGE_LOOP('',(#2343,#2344,#2345,#2346));
#1239=AXIS2_PLACEMENT_3D('',#2347,#2348,#2349);
#1240=SURFACE_SIDE_STYLE('',(#2350));
#1241=EDGE_LOOP('',(#2351,#2352,#2353,#2354,#2355,#2356));
#1242=AXIS2_PLACEMENT_3D('',#2357,#2358,#2359);
#1243=SURFACE_SIDE_STYLE('',(#2360));
#1244=EDGE_LOOP('',(#2361,#2362,#2363,#2364));
#1245=AXIS2_PLACEMENT_3D('',#2365,#2366,#2367);
#1246=SURFACE_SIDE_STYLE('',(#2368));
#1247=EDGE_LOOP('',(#2369,#2370,#2371,#2372));
#1248=AXIS2_PLACEMENT_3D('',#2373,#2374,#2375);
#1249=SURFACE_SIDE_STYLE('',(#2376));
#1250=EDGE_LOOP('',(#2377,#2378,#2379,#2380,#2381,#2382));
#1251=AXIS2_PLACEMENT_3D('',#2383,#2384,#2385);
#1252=SURFACE_SIDE_STYLE('',(#2386));
#1253=EDGE_LOOP('',(#2387,#2388,#2389,#2390));
#1254=AXIS2_PLACEMENT_3D('',#2391,#2392,#2393);
#1255=SURFACE_SIDE_STYLE('',(#2394));
#1256=EDGE_LOOP('',(#2395,#2396,#2397,#2398));
#1257=AXIS2_PLACEMENT_3D('',#2399,#2400,#2401);
#1258=SURFACE_SIDE_STYLE('',(#2402));
#1259=EDGE_LOOP('',(#2403,#2404,#2405,#2406,#2407,#2408,#2409,#2410,#2411,#2412,#2413,#2414,#2415,#2416,#2417,#2418,#2419,#2420,#2421,#2422));
#1260=AXIS2_PLACEMENT_3D('',#2423,#2424,#2425);
#1261=SURFACE_SIDE_STYLE('',(#2426));
#1262=EDGE_LOOP('',(#2427,#2428,#2429,#2430,#2431,#2432));
#1263=AXIS2_PLACEMENT_3D('',#2433,#2434,#2435);
#1264=SURFACE_SIDE_STYLE('',(#2436));
#1265=EDGE_LOOP('',(#2437,#2438,#2439,#2440));
#1266=AXIS2_PLACEMENT_3D('',#2441,#2442,#2443);
#1267=SURFACE_SIDE_STYLE('',(#2444));
#1268=EDGE_LOOP('',(#2445,#2446,#2447,#2448));
#1269=AXIS2_PLACEMENT_3D('',#2449,#2450,#2451);
#1270=SURFACE_SIDE_STYLE('',(#2452));
#1271=EDGE_LOOP('',(#2453,#2454,#2455,#2456));
#1272=AXIS2_PLACEMENT_3D('',#2457,#2458,#2459);
#1273=SURFACE_SIDE_STYLE('',(#2460));
#1274=EDGE_LOOP('',(#2461,#2462,#2463,#2464,#2465,#2466));
#1275=AXIS2_PLACEMENT_3D('',#2467,#2468,#2469);
#1276=SURFACE_SIDE_STYLE('',(#2470));
#1277=EDGE_LOOP('',(#2471,#2472,#2473,#2474));
#1278=AXIS2_PLACEMENT_3D('',#2475,#2476,#2477);
#1279=SURFACE_SIDE_STYLE('',(#2478));
#1280=EDGE_LOOP('',(#2479,#2480,#2481,#2482,#2483,#2484));
#1281=AXIS2_PLACEMENT_3D('',#2485,#2486,#2487);
#1282=SURFACE_SIDE_STYLE('',(#2488));
#1283=EDGE_LOOP('',(#2489,#2490,#2491,#2492));
#1284=AXIS2_PLACEMENT_3D('',#2493,#2494,#2495);
#1285=SURFACE_SIDE_STYLE('',(#2496));
#1286=EDGE_LOOP('',(#2497,#2498,#2499,#2500));
#1287=AXIS2_PLACEMENT_3D('',#2501,#2502,#2503);
#1288=SURFACE_SIDE_STYLE('',(#2504));
#1289=EDGE_LOOP('',(#2505,#2506,#2507,#2508,#2509,#2510));
#1290=AXIS2_PLACEMENT_3D('',#2511,#2512,#2513);
#1291=SURFACE_SIDE_STYLE('',(#2514));
#1292=EDGE_LOOP('',(#2515,#2516,#2517,#2518));
#1293=AXIS2_PLACEMENT_3D('',#2519,#2520,#2521);
#1294=SURFACE_SIDE_STYLE('',(#2522));
#1295=EDGE_LOOP('',(#2523,#2524,#2525,#2526));
#1296=AXIS2_PLACEMENT_3D('',#2527,#2528,#2529);
#1297=SURFACE_SIDE_STYLE('',(#2530));
#1298=EDGE_LOOP('',(#2531,#2532,#2533,#2534,#2535,#2536));
#1299=AXIS2_PLACEMENT_3D('',#2537,#2538,#2539);
#1300=SURFACE_SIDE_STYLE('',(#2540));
#1301=EDGE_LOOP('',(#2541,#2542,#2543,#2544));
#1302=AXIS2_PLACEMENT_3D('',#2545,#2546,#2547);
#1303=SURFACE_SIDE_STYLE('',(#2548));
#1304=EDGE_LOOP('',(#2549,#2550,#2551,#2552));
#1305=AXIS2_PLACEMENT_3D('',#2553,#2554,#2555);
#1306=SURFACE_SIDE_STYLE('',(#2556));
#1307=EDGE_LOOP('',(#2557,#2558,#2559,#2560,#2561,#2562));
#1308=AXIS2_PLACEMENT_3D('',#2563,#2564,#2565);
#1309=SURFACE_SIDE_STYLE('',(#2566));
#1310=EDGE_LOOP('',(#2567,#2568,#2569,#2570));
#1311=AXIS2_PLACEMENT_3D('',#2571,#2572,#2573);
#1312=SURFACE_SIDE_STYLE('',(#2574));
#1313=EDGE_LOOP('',(#2575,#2576,#2577,#2578));
#1314=AXIS2_PLACEMENT_3D('',#2579,#2580,#2581);
#1315=SURFACE_SIDE_STYLE('',(#2582));
#1316=EDGE_LOOP('',(#2583,#2584,#2585,#2586,#2587,#2588,#2589,#2590,#2591,#2592,#2593,#2594,#2595,#2596,#2597,#2598,#2599,#2600,#2601,#2602));
#1317=AXIS2_PLACEMENT_3D('',#2603,#2604,#2605);
#1318=SURFACE_SIDE_STYLE('',(#2606));
#1319=EDGE_LOOP('',(#2607,#2608,#2609,#2610,#2611,#2612));
#1320=AXIS2_PLACEMENT_3D('',#2613,#2614,#2615);
#1321=SURFACE_SIDE_STYLE('',(#2616));
#1322=EDGE_LOOP('',(#2617,#2618,#2619,#2620));
#1323=AXIS2_PLACEMENT_3D('',#2621,#2622,#2623);
#1324=SURFACE_SIDE_STYLE('',(#2624));
#1325=EDGE_LOOP('',(#2625,#2626,#2627,#2628));
#1326=AXIS2_PLACEMENT_3D('',#2629,#2630,#2631);
#1327=SURFACE_SIDE_STYLE('',(#2632));
#1328=EDGE_LOOP('',(#2633,#2634,#2635,#2636));
#1329=AXIS2_PLACEMENT_3D('',#2637,#2638,#2639);
#1330=SURFACE_SIDE_STYLE('',(#2640));
#1331=EDGE_LOOP('',(#2641,#2642,#2643,#2644,#2645,#2646));
#1332=AXIS2_PLACEMENT_3D('',#2647,#2648,#2649);
#1333=SURFACE_SIDE_STYLE('',(#2650));
#1334=EDGE_LOOP('',(#2651,#2652,#2653,#2654));
#1335=AXIS2_PLACEMENT_3D('',#2655,#2656,#2657);
#1336=SURFACE_SIDE_STYLE('',(#2658));
#1337=EDGE_LOOP('',(#2659,#2660,#2661,#2662,#2663,#2664));
#1338=AXIS2_PLACEMENT_3D('',#2665,#2666,#2667);
#1339=SURFACE_SIDE_STYLE('',(#2668));
#1340=EDGE_LOOP('',(#2669,#2670,#2671,#2672));
#1341=AXIS2_PLACEMENT_3D('',#2673,#2674,#2675);
#1342=SURFACE_SIDE_STYLE('',(#2676));
#1343=EDGE_LOOP('',(#2677,#2678,#2679,#2680));
#1344=AXIS2_PLACEMENT_3D('',#2681,#2682,#2683);
#1345=SURFACE_SIDE_STYLE('',(#2684));
#1346=EDGE_LOOP('',(#2685,#2686,#2687,#2688,#2689,#2690));
#1347=AXIS2_PLACEMENT_3D('',#2691,#2692,#2693);
#1348=SURFACE_SIDE_STYLE('',(#2694));
#1349=EDGE_LOOP('',(#2695,#2696,#2697,#2698));
#1350=AXIS2_PLACEMENT_3D('',#2699,#2700,#2701);
#1351=SURFACE_SIDE_STYLE('',(#2702));
#1352=EDGE_LOOP('',(#2703,#2704,#2705,#2706));
#1353=AXIS2_PLACEMENT_3D('',#2707,#2708,#2709);
#1354=SURFACE_SIDE_STYLE('',(#2710));
#1355=EDGE_LOOP('',(#2711,#2712,#2713,#2714,#2715,#2716));
#1356=AXIS2_PLACEMENT_3D('',#2717,#2718,#2719);
#1357=SURFACE_SIDE_STYLE('',(#2720));
#1358=EDGE_LOOP('',(#2721,#2722,#2723,#2724));
#1359=AXIS2_PLACEMENT_3D('',#2725,#2726,#2727);
#1360=SURFACE_SIDE_STYLE('',(#2728));
#1361=EDGE_LOOP('',(#2729,#2730,#2731,#2732));
#1362=AXIS2_PLACEMENT_3D('',#2733,#2734,#2735);
#1363=SURFACE_SIDE_STYLE('',(#2736));
#1364=EDGE_LOOP('',(#2737,#2738,#2739,#2740));
#1365=AXIS2_PLACEMENT_3D('',#2741,#2742,#2743);
#1366=SURFACE_SIDE_STYLE('',(#2744));
#1367=EDGE_LOOP('',(#2745,#2746,#2747,#2748,#2749,#2750));
#1368=AXIS2_PLACEMENT_3D('',#2751,#2752,#2753);
#1369=SURFACE_SIDE_STYLE('',(#2754));
#1370=EDGE_LOOP('',(#2755,#2756,#2757,#2758));
#1371=AXIS2_PLACEMENT_3D('',#2759,#2760,#2761);
#1372=SURFACE_SIDE_STYLE('',(#2762));
#1373=EDGE_LOOP('',(#2763,#2764,#2765,#2766));
#1374=AXIS2_PLACEMENT_3D('',#2767,#2768,#2769);
#1375=SURFACE_SIDE_STYLE('',(#2770));
#1376=EDGE_LOOP('',(#2771,#2772,#2773,#2774));
#1377=AXIS2_PLACEMENT_3D('',#2775,#2776,#2777);
#1378=SURFACE_SIDE_STYLE('',(#2778));
#1379=EDGE_LOOP('',(#2779,#2780,#2781,#2782));
#1380=AXIS2_PLACEMENT_3D('',#2783,#2784,#2785);
#1381=SURFACE_SIDE_STYLE('',(#2786));
#1382=EDGE_LOOP('',(#2787,#2788,#2789,#2790));
#1383=AXIS2_PLACEMENT_3D('',#2791,#2792,#2793);
#1384=SURFACE_SIDE_STYLE('',(#2794));
#1385=EDGE_LOOP('',(#2795,#2796,#2797,#2798));
#1386=AXIS2_PLACEMENT_3D('',#2799,#2800,#2801);
#1387=SURFACE_SIDE_STYLE('',(#2802));
#1388=EDGE_LOOP('',(#2803,#2804,#2805,#2806));
#1389=AXIS2_PLACEMENT_3D('',#2807,#2808,#2809);
#1390=SURFACE_SIDE_STYLE('',(#2810));
#1391=EDGE_LOOP('',(#2811,#2812,#2813,#2814));
#1392=AXIS2_PLACEMENT_3D('',#2815,#2816,#2817);
#1393=SURFACE_SIDE_STYLE('',(#2818));
#1394=EDGE_LOOP('',(#2819,#2820,#2821,#2822));
#1395=AXIS2_PLACEMENT_3D('',#2823,#2824,#2825);
#1396=SURFACE_SIDE_STYLE('',(#2826));
#1397=EDGE_LOOP('',(#2827,#2828,#2829,#2830,#2831,#2832,#2833,#2834));
#1398=AXIS2_PLACEMENT_3D('',#2835,#2836,#2837);
#1399=SURFACE_SIDE_STYLE('',(#2838));
#1400=EDGE_LOOP('',(#2839,#2840,#2841,#2842));
#1401=AXIS2_PLACEMENT_3D('',#2843,#2844,#2845);
#1402=SURFACE_SIDE_STYLE('',(#2846));
#1403=EDGE_LOOP('',(#2847,#2848));
#1404=AXIS2_PLACEMENT_3D('',#2849,#2850,#2851);
#1405=SURFACE_SIDE_STYLE('',(#2852));
#1406=EDGE_LOOP('',(#2853,#2854));
#1407=EDGE_LOOP('',(#2855,#2856,#2857,#2858));
#1408=AXIS2_PLACEMENT_3D('',#2859,#2860,#2861);
#1410=SURFACE_STYLE_FILL_AREA(#2862);
#1411=ORIENTED_EDGE('',*,*,#2863,.F.);
#1412=ORIENTED_EDGE('',*,*,#2864,.F.);
#1413=ORIENTED_EDGE('',*,*,#2865,.F.);
#1414=ORIENTED_EDGE('',*,*,#2866,.T.);
#1415=CARTESIAN_POINT('',(0.5,0.7875,1.0));
#1416=DIRECTION('',(0.0,1.0,0.0));
#1417=DIRECTION('',(6.12303176911189E-17,0.0,-1.0));
#1418=SURFACE_STYLE_FILL_AREA(#2867);
#1419=ORIENTED_EDGE('',*,*,#2868,.F.);
#1420=ORIENTED_EDGE('',*,*,#2869,.T.);
#1421=ORIENTED_EDGE('',*,*,#2870,.T.);
#1422=ORIENTED_EDGE('',*,*,#2871,.F.);
#1423=CARTESIAN_POINT('',(0.4,0.0875,-1.25));
#1424=DIRECTION('',(1.0,0.0,2.44921270764475E-16));
#1425=DIRECTION('',(-2.44921270764475E-16,6.12303176911189E-17,1.0));
#1426=SURFACE_STYLE_FILL_AREA(#2872);
#1427=ORIENTED_EDGE('',*,*,#2873,.F.);
#1428=ORIENTED_EDGE('',*,*,#2874,.T.);
#1429=ORIENTED_EDGE('',*,*,#2875,.T.);
#1430=ORIENTED_EDGE('',*,*,#2869,.F.);
#1431=CARTESIAN_POINT('',(0.35,0.0875,-1.15));
#1432=DIRECTION('',(-1.49966072182214E-32,-1.0,6.12303176911189E-17));
#1433=DIRECTION('',(1.0,0.0,2.44921270764475E-16));
#1434=SURFACE_STYLE_FILL_AREA(#2876);
#1435=ORIENTED_EDGE('',*,*,#2877,.F.);
#1436=ORIENTED_EDGE('',*,*,#2878,.T.);
#1437=ORIENTED_EDGE('',*,*,#2879,.T.);
#1438=ORIENTED_EDGE('',*,*,#2874,.F.);
#1439=CARTESIAN_POINT('',(0.25,0.0875,-1.1));
#1440=DIRECTION('',(-2.44921270764475E-16,6.12303176911189E-17,1.0));
#1441=DIRECTION('',(-1.0,0.0,-2.44921270764475E-16));
#1442=SURFACE_STYLE_FILL_AREA(#2880);
#1443=ORIENTED_EDGE('',*,*,#2881,.F.);
#1444=ORIENTED_EDGE('',*,*,#2882,.T.);
#1445=ORIENTED_EDGE('',*,*,#2883,.T.);
#1446=ORIENTED_EDGE('',*,*,#2878,.F.);
#1447=CARTESIAN_POINT('',(0.15,0.0875,-1.15));
#1448=DIRECTION('',(-1.49966072182214E-32,-1.0,6.12303176911189E-17));
#1449=DIRECTION('',(1.0,0.0,2.44921270764475E-16));
#1450=SURFACE_STYLE_FILL_AREA(#2884);
#1451=ORIENTED_EDGE('',*,*,#2885,.F.);
#1452=ORIENTED_EDGE('',*,*,#2871,.T.);
#1453=ORIENTED_EDGE('',*,*,#2886,.T.);
#1454=ORIENTED_EDGE('',*,*,#2887,.F.);
#1455=CARTESIAN_POINT('',(0.35,0.0875,-1.35));
#1456=DIRECTION('',(-1.49966072182214E-32,-1.0,6.12303176911189E-17));
#1457=DIRECTION('',(1.0,0.0,2.44921270764475E-16));
#1458=SURFACE_STYLE_FILL_AREA(#2888);
#1459=ORIENTED_EDGE('',*,*,#2889,.F.);
#1460=ORIENTED_EDGE('',*,*,#2887,.T.);
#1461=ORIENTED_EDGE('',*,*,#2890,.T.);
#1462=ORIENTED_EDGE('',*,*,#2891,.F.);
#1463=CARTESIAN_POINT('',(0.25,0.0875,-1.4));
#1464=DIRECTION('',(2.44921270764475E-16,-6.12303176911189E-17,-1.0));
#1465=DIRECTION('',(1.0,0.0,2.44921270764475E-16));
#1466=SURFACE_STYLE_FILL_AREA(#2892);
#1467=ORIENTED_EDGE('',*,*,#2893,.F.);
#1468=ORIENTED_EDGE('',*,*,#2891,.T.);
#1469=ORIENTED_EDGE('',*,*,#2894,.T.);
#1470=ORIENTED_EDGE('',*,*,#2895,.F.);
#1471=CARTESIAN_POINT('',(0.15,0.0875,-1.35));
#1472=DIRECTION('',(-1.49966072182214E-32,-1.0,6.12303176911189E-17));
#1473=DIRECTION('',(1.0,0.0,2.44921270764475E-16));
#1474=SURFACE_STYLE_FILL_AREA(#2896);
#1475=ORIENTED_EDGE('',*,*,#2897,.F.);
#1476=ORIENTED_EDGE('',*,*,#2895,.T.);
#1477=ORIENTED_EDGE('',*,*,#2898,.T.);
#1478=ORIENTED_EDGE('',*,*,#2882,.F.);
#1479=CARTESIAN_POINT('',(0.1,0.0875,-1.25));
#1480=DIRECTION('',(-1.0,0.0,-2.44921270764475E-16));
#1481=DIRECTION('',(2.44921270764475E-16,-6.12303176911189E-17,-1.0));
#1482=SURFACE_STYLE_FILL_AREA(#2899);
#1483=ORIENTED_EDGE('',*,*,#2883,.F.);
#1484=ORIENTED_EDGE('',*,*,#2898,.F.);
#1485=ORIENTED_EDGE('',*,*,#2894,.F.);
#1486=ORIENTED_EDGE('',*,*,#2890,.F.);
#1487=ORIENTED_EDGE('',*,*,#2886,.F.);
#1488=ORIENTED_EDGE('',*,*,#2870,.F.);
#1489=ORIENTED_EDGE('',*,*,#2875,.F.);
#1490=ORIENTED_EDGE('',*,*,#2879,.F.);
#1491=CARTESIAN_POINT('',(0.25,0.0125,-1.25));
#1492=DIRECTION('',(-1.49966072182214E-32,-1.0,6.12303176911189E-17));
#1493=DIRECTION('',(1.0,0.0,2.44921270764475E-16));
#1494=SURFACE_STYLE_FILL_AREA(#2900);
#1495=ORIENTED_EDGE('',*,*,#2901,.F.);
#1496=ORIENTED_EDGE('',*,*,#2902,.T.);
#1497=ORIENTED_EDGE('',*,*,#2903,.T.);
#1498=ORIENTED_EDGE('',*,*,#2904,.F.);
#1499=CARTESIAN_POINT('',(2.75,0.0875,-1.1));
#1500=DIRECTION('',(-1.83690953073357E-16,0.0,1.0));
#1501=DIRECTION('',(-1.0,6.12303176911189E-17,-1.83690953073357E-16));
#1502=SURFACE_STYLE_FILL_AREA(#2905);
#1503=ORIENTED_EDGE('',*,*,#2906,.F.);
#1504=ORIENTED_EDGE('',*,*,#2907,.T.);
#1505=ORIENTED_EDGE('',*,*,#2908,.T.);
#1506=ORIENTED_EDGE('',*,*,#2902,.F.);
#1507=CARTESIAN_POINT('',(2.65,0.0875,-1.15));
#1508=DIRECTION('',(-6.12303176911189E-17,-1.0,-1.1247455413666E-32));
#1509=DIRECTION('',(-1.83690953073357E-16,0.0,1.0));
#1510=SURFACE_STYLE_FILL_AREA(#2909);
#1511=ORIENTED_EDGE('',*,*,#2910,.F.);
#1512=ORIENTED_EDGE('',*,*,#2911,.T.);
#1513=ORIENTED_EDGE('',*,*,#2912,.T.);
#1514=ORIENTED_EDGE('',*,*,#2907,.F.);
#1515=CARTESIAN_POINT('',(2.6,0.0875,-1.25));
#1516=DIRECTION('',(-1.0,6.12303176911189E-17,-1.83690953073357E-16));
#1517=DIRECTION('',(1.83690953073357E-16,0.0,-1.0));
#1518=SURFACE_STYLE_FILL_AREA(#2913);
#1519=ORIENTED_EDGE('',*,*,#2914,.F.);
#1520=ORIENTED_EDGE('',*,*,#2915,.T.);
#1521=ORIENTED_EDGE('',*,*,#2916,.T.);
#1522=ORIENTED_EDGE('',*,*,#2911,.F.);
#1523=CARTESIAN_POINT('',(2.65,0.0875,-1.35));
#1524=DIRECTION('',(-6.12303176911189E-17,-1.0,-1.1247455413666E-32));
#1525=DIRECTION('',(-1.83690953073357E-16,0.0,1.0));
#1526=SURFACE_STYLE_FILL_AREA(#2917);
#1527=ORIENTED_EDGE('',*,*,#2918,.F.);
#1528=ORIENTED_EDGE('',*,*,#2904,.T.);
#1529=ORIENTED_EDGE('',*,*,#2919,.T.);
#1530=ORIENTED_EDGE('',*,*,#2920,.F.);
#1531=CARTESIAN_POINT('',(2.85,0.0875,-1.15));
#1532=DIRECTION('',(-6.12303176911189E-17,-1.0,-1.1247455413666E-32));
#1533=DIRECTION('',(-1.83690953073357E-16,0.0,1.0));
#1534=SURFACE_STYLE_FILL_AREA(#2921);
#1535=ORIENTED_EDGE('',*,*,#2922,.F.);
#1536=ORIENTED_EDGE('',*,*,#2920,.T.);
#1537=ORIENTED_EDGE('',*,*,#2923,.T.);
#1538=ORIENTED_EDGE('',*,*,#2924,.F.);
#1539=CARTESIAN_POINT('',(2.9,0.0875,-1.25));
#1540=DIRECTION('',(1.0,-6.12303176911189E-17,1.83690953073357E-16));
#1541=DIRECTION('',(-1.83690953073357E-16,0.0,1.0));
#1542=SURFACE_STYLE_FILL_AREA(#2925);
#1543=ORIENTED_EDGE('',*,*,#2926,.F.);
#1544=ORIENTED_EDGE('',*,*,#2924,.T.);
#1545=ORIENTED_EDGE('',*,*,#2927,.T.);
#1546=ORIENTED_EDGE('',*,*,#2928,.F.);
#1547=CARTESIAN_POINT('',(2.85,0.0875,-1.35));
#1548=DIRECTION('',(-6.12303176911189E-17,-1.0,-1.1247455413666E-32));
#1549=DIRECTION('',(-1.83690953073357E-16,0.0,1.0));
#1550=SURFACE_STYLE_FILL_AREA(#2929);
#1551=ORIENTED_EDGE('',*,*,#2930,.F.);
#1552=ORIENTED_EDGE('',*,*,#2928,.T.);
#1553=ORIENTED_EDGE('',*,*,#2931,.T.);
#1554=ORIENTED_EDGE('',*,*,#2915,.F.);
#1555=CARTESIAN_POINT('',(2.75,0.0875,-1.4));
#1556=DIRECTION('',(1.83690953073357E-16,0.0,-1.0));
#1557=DIRECTION('',(1.0,-6.12303176911189E-17,1.83690953073357E-16));
#1558=SURFACE_STYLE_FILL_AREA(#2932);
#1559=ORIENTED_EDGE('',*,*,#2916,.F.);
#1560=ORIENTED_EDGE('',*,*,#2931,.F.);
#1561=ORIENTED_EDGE('',*,*,#2927,.F.);
#1562=ORIENTED_EDGE('',*,*,#2923,.F.);
#1563=ORIENTED_EDGE('',*,*,#2919,.F.);
#1564=ORIENTED_EDGE('',*,*,#2903,.F.);
#1565=ORIENTED_EDGE('',*,*,#2908,.F.);
#1566=ORIENTED_EDGE('',*,*,#2912,.F.);
#1567=CARTESIAN_POINT('',(2.75,0.0125,-1.25));
#1568=DIRECTION('',(-6.12303176911189E-17,-1.0,-1.1247455413666E-32));
#1569=DIRECTION('',(-1.83690953073357E-16,0.0,1.0));
#1570=SURFACE_STYLE_FILL_AREA(#2933);
#1571=ORIENTED_EDGE('',*,*,#2934,.F.);
#1572=ORIENTED_EDGE('',*,*,#2935,.T.);
#1573=ORIENTED_EDGE('',*,*,#2936,.T.);
#1574=ORIENTED_EDGE('',*,*,#2937,.F.);
#1575=CARTESIAN_POINT('',(2.6,0.0875,1.25));
#1576=DIRECTION('',(-1.0,0.0,-1.22460635382238E-16));
#1577=DIRECTION('',(1.22460635382238E-16,6.12303176911189E-17,-1.0));
#1578=SURFACE_STYLE_FILL_AREA(#2938);
#1579=ORIENTED_EDGE('',*,*,#2939,.F.);
#1580=ORIENTED_EDGE('',*,*,#2940,.T.);
#1581=ORIENTED_EDGE('',*,*,#2941,.T.);
#1582=ORIENTED_EDGE('',*,*,#2935,.F.);
#1583=CARTESIAN_POINT('',(2.65,0.0875,1.15));
#1584=DIRECTION('',(7.49830360911069E-33,-1.0,-6.12303176911189E-17));
#1585=DIRECTION('',(-1.0,0.0,-1.22460635382238E-16));
#1586=SURFACE_STYLE_FILL_AREA(#2942);
#1587=ORIENTED_EDGE('',*,*,#2943,.F.);
#1588=ORIENTED_EDGE('',*,*,#2944,.T.);
#1589=ORIENTED_EDGE('',*,*,#2945,.T.);
#1590=ORIENTED_EDGE('',*,*,#2940,.F.);
#1591=CARTESIAN_POINT('',(2.75,0.0875,1.1));
#1592=DIRECTION('',(1.22460635382238E-16,6.12303176911189E-17,-1.0));
#1593=DIRECTION('',(1.0,0.0,1.22460635382238E-16));
#1594=SURFACE_STYLE_FILL_AREA(#2946);
#1595=ORIENTED_EDGE('',*,*,#2947,.F.);
#1596=ORIENTED_EDGE('',*,*,#2948,.T.);
#1597=ORIENTED_EDGE('',*,*,#2949,.T.);
#1598=ORIENTED_EDGE('',*,*,#2944,.F.);
#1599=CARTESIAN_POINT('',(2.85,0.0875,1.15));
#1600=DIRECTION('',(7.49830360911069E-33,-1.0,-6.12303176911189E-17));
#1601=DIRECTION('',(-1.0,0.0,-1.22460635382238E-16));
#1602=SURFACE_STYLE_FILL_AREA(#2950);
#1603=ORIENTED_EDGE('',*,*,#2951,.F.);
#1604=ORIENTED_EDGE('',*,*,#2937,.T.);
#1605=ORIENTED_EDGE('',*,*,#2952,.T.);
#1606=ORIENTED_EDGE('',*,*,#2953,.F.);
#1607=CARTESIAN_POINT('',(2.65,0.0875,1.35));
#1608=DIRECTION('',(7.49830360911069E-33,-1.0,-6.12303176911189E-17));
#1609=DIRECTION('',(-1.0,0.0,-1.22460635382238E-16));
#1610=SURFACE_STYLE_FILL_AREA(#2954);
#1611=ORIENTED_EDGE('',*,*,#2955,.F.);
#1612=ORIENTED_EDGE('',*,*,#2953,.T.);
#1613=ORIENTED_EDGE('',*,*,#2956,.T.);
#1614=ORIENTED_EDGE('',*,*,#2957,.F.);
#1615=CARTESIAN_POINT('',(2.75,0.0875,1.4));
#1616=DIRECTION('',(-1.22460635382238E-16,-6.12303176911189E-17,1.0));
#1617=DIRECTION('',(-1.0,0.0,-1.22460635382238E-16));
#1618=SURFACE_STYLE_FILL_AREA(#2958);
#1619=ORIENTED_EDGE('',*,*,#2959,.F.);
#1620=ORIENTED_EDGE('',*,*,#2957,.T.);
#1621=ORIENTED_EDGE('',*,*,#2960,.T.);
#1622=ORIENTED_EDGE('',*,*,#2961,.F.);
#1623=CARTESIAN_POINT('',(2.85,0.0875,1.35));
#1624=DIRECTION('',(7.49830360911069E-33,-1.0,-6.12303176911189E-17));
#1625=DIRECTION('',(-1.0,0.0,-1.22460635382238E-16));
#1626=SURFACE_STYLE_FILL_AREA(#2962);
#1627=ORIENTED_EDGE('',*,*,#2963,.F.);
#1628=ORIENTED_EDGE('',*,*,#2961,.T.);
#1629=ORIENTED_EDGE('',*,*,#2964,.T.);
#1630=ORIENTED_EDGE('',*,*,#2948,.F.);
#1631=CARTESIAN_POINT('',(2.9,0.0875,1.25));
#1632=DIRECTION('',(1.0,0.0,1.22460635382238E-16));
#1633=DIRECTION('',(-1.22460635382238E-16,-6.12303176911189E-17,1.0));
#1634=SURFACE_STYLE_FILL_AREA(#2965);
#1635=ORIENTED_EDGE('',*,*,#2949,.F.);
#1636=ORIENTED_EDGE('',*,*,#2964,.F.);
#1637=ORIENTED_EDGE('',*,*,#2960,.F.);
#1638=ORIENTED_EDGE('',*,*,#2956,.F.);
#1639=ORIENTED_EDGE('',*,*,#2952,.F.);
#1640=ORIENTED_EDGE('',*,*,#2936,.F.);
#1641=ORIENTED_EDGE('',*,*,#2941,.F.);
#1642=ORIENTED_EDGE('',*,*,#2945,.F.);
#1643=CARTESIAN_POINT('',(2.75,0.0125,1.25));
#1644=DIRECTION('',(7.49830360911069E-33,-1.0,-6.12303176911189E-17));
#1645=DIRECTION('',(-1.0,0.0,-1.22460635382238E-16));
#1646=SURFACE_STYLE_FILL_AREA(#2966);
#1647=ORIENTED_EDGE('',*,*,#2967,.F.);
#1648=ORIENTED_EDGE('',*,*,#2968,.T.);
#1649=ORIENTED_EDGE('',*,*,#2969,.T.);
#1650=ORIENTED_EDGE('',*,*,#2970,.F.);
#1651=CARTESIAN_POINT('',(0.25,0.0875,1.1));
#1652=DIRECTION('',(6.12303176911189E-17,0.0,-1.0));
#1653=DIRECTION('',(1.0,6.12303176911189E-17,6.12303176911189E-17));
#1654=SURFACE_STYLE_FILL_AREA(#2971);
#1655=ORIENTED_EDGE('',*,*,#2972,.F.);
#1656=ORIENTED_EDGE('',*,*,#2973,.T.);
#1657=ORIENTED_EDGE('',*,*,#2974,.T.);
#1658=ORIENTED_EDGE('',*,*,#2968,.F.);
#1659=CARTESIAN_POINT('',(0.35,0.0875,1.15));
#1660=DIRECTION('',(6.12303176911189E-17,-1.0,3.74915180455534E-33));
#1661=DIRECTION('',(6.12303176911189E-17,0.0,-1.0));
#1662=SURFACE_STYLE_FILL_AREA(#2975);
#1663=ORIENTED_EDGE('',*,*,#2976,.F.);
#1664=ORIENTED_EDGE('',*,*,#2977,.T.);
#1665=ORIENTED_EDGE('',*,*,#2978,.T.);
#1666=ORIENTED_EDGE('',*,*,#2973,.F.);
#1667=CARTESIAN_POINT('',(0.4,0.0875,1.25));
#1668=DIRECTION('',(1.0,6.12303176911189E-17,6.12303176911189E-17));
#1669=DIRECTION('',(-6.12303176911189E-17,0.0,1.0));
#1670=SURFACE_STYLE_FILL_AREA(#2979);
#1671=ORIENTED_EDGE('',*,*,#2980,.F.);
#1672=ORIENTED_EDGE('',*,*,#2981,.T.);
#1673=ORIENTED_EDGE('',*,*,#2982,.T.);
#1674=ORIENTED_EDGE('',*,*,#2977,.F.);
#1675=CARTESIAN_POINT('',(0.35,0.0875,1.35));
#1676=DIRECTION('',(6.12303176911189E-17,-1.0,3.74915180455534E-33));
#1677=DIRECTION('',(6.12303176911189E-17,0.0,-1.0));
#1678=SURFACE_STYLE_FILL_AREA(#2983);
#1679=ORIENTED_EDGE('',*,*,#2984,.F.);
#1680=ORIENTED_EDGE('',*,*,#2970,.T.);
#1681=ORIENTED_EDGE('',*,*,#2985,.T.);
#1682=ORIENTED_EDGE('',*,*,#2986,.F.);
#1683=CARTESIAN_POINT('',(0.15,0.0875,1.15));
#1684=DIRECTION('',(6.12303176911189E-17,-1.0,3.74915180455534E-33));
#1685=DIRECTION('',(6.12303176911189E-17,0.0,-1.0));
#1686=SURFACE_STYLE_FILL_AREA(#2987);
#1687=ORIENTED_EDGE('',*,*,#2988,.F.);
#1688=ORIENTED_EDGE('',*,*,#2986,.T.);
#1689=ORIENTED_EDGE('',*,*,#2989,.T.);
#1690=ORIENTED_EDGE('',*,*,#2990,.F.);
#1691=CARTESIAN_POINT('',(0.1,0.0875,1.25));
#1692=DIRECTION('',(-1.0,-6.12303176911189E-17,-6.12303176911189E-17));
#1693=DIRECTION('',(6.12303176911189E-17,0.0,-1.0));
#1694=SURFACE_STYLE_FILL_AREA(#2991);
#1695=ORIENTED_EDGE('',*,*,#2992,.F.);
#1696=ORIENTED_EDGE('',*,*,#2990,.T.);
#1697=ORIENTED_EDGE('',*,*,#2993,.T.);
#1698=ORIENTED_EDGE('',*,*,#2994,.F.);
#1699=CARTESIAN_POINT('',(0.15,0.0875,1.35));
#1700=DIRECTION('',(6.12303176911189E-17,-1.0,3.74915180455534E-33));
#1701=DIRECTION('',(6.12303176911189E-17,0.0,-1.0));
#1702=SURFACE_STYLE_FILL_AREA(#2995);
#1703=ORIENTED_EDGE('',*,*,#2996,.F.);
#1704=ORIENTED_EDGE('',*,*,#2994,.T.);
#1705=ORIENTED_EDGE('',*,*,#2997,.T.);
#1706=ORIENTED_EDGE('',*,*,#2981,.F.);
#1707=CARTESIAN_POINT('',(0.25,0.0875,1.4));
#1708=DIRECTION('',(-6.12303176911189E-17,0.0,1.0));
#1709=DIRECTION('',(-1.0,-6.12303176911189E-17,-6.12303176911189E-17));
#1710=SURFACE_STYLE_FILL_AREA(#2998);
#1711=ORIENTED_EDGE('',*,*,#2982,.F.);
#1712=ORIENTED_EDGE('',*,*,#2997,.F.);
#1713=ORIENTED_EDGE('',*,*,#2993,.F.);
#1714=ORIENTED_EDGE('',*,*,#2989,.F.);
#1715=ORIENTED_EDGE('',*,*,#2985,.F.);
#1716=ORIENTED_EDGE('',*,*,#2969,.F.);
#1717=ORIENTED_EDGE('',*,*,#2974,.F.);
#1718=ORIENTED_EDGE('',*,*,#2978,.F.);
#1719=CARTESIAN_POINT('',(0.25,0.0125,1.25));
#1720=DIRECTION('',(6.12303176911189E-17,-1.0,3.74915180455534E-33));
#1721=DIRECTION('',(6.12303176911189E-17,0.0,-1.0));
#1722=SURFACE_STYLE_FILL_AREA(#2999);
#1723=ORIENTED_EDGE('',*,*,#3000,.F.);
#1724=ORIENTED_EDGE('',*,*,#3001,.F.);
#1725=ORIENTED_EDGE('',*,*,#3002,.F.);
#1726=ORIENTED_EDGE('',*,*,#3003,.T.);
#1727=ORIENTED_EDGE('',*,*,#3004,.T.);
#1728=ORIENTED_EDGE('',*,*,#3005,.F.);
#1729=CARTESIAN_POINT('',(2.125,0.2,-1.3635));
#1730=DIRECTION('',(-1.0,3.08996856844515E-33,-1.94456587826968E-16));
#1731=DIRECTION('',(1.94456587826968E-16,-6.12303176911189E-17,-1.0));
#1732=SURFACE_STYLE_FILL_AREA(#3006);
#1733=ORIENTED_EDGE('',*,*,#3007,.F.);
#1734=ORIENTED_EDGE('',*,*,#3008,.T.);
#1735=ORIENTED_EDGE('',*,*,#3009,.F.);
#1736=ORIENTED_EDGE('',*,*,#3002,.T.);
#1737=CARTESIAN_POINT('',(2.25,0.2,-1.32342604109813));
#1738=DIRECTION('',(-1.49966072182214E-32,-1.0,6.12303176911189E-17));
#1739=DIRECTION('',(1.0,0.0,2.44921270764475E-16));
#1740=SURFACE_STYLE_FILL_AREA(#3010);
#1741=ORIENTED_EDGE('',*,*,#3011,.T.);
#1742=ORIENTED_EDGE('',*,*,#3003,.F.);
#1743=ORIENTED_EDGE('',*,*,#3009,.T.);
#1744=ORIENTED_EDGE('',*,*,#3012,.T.);
#1745=CARTESIAN_POINT('',(2.25,0.2,-1.501));
#1746=DIRECTION('',(2.44921270764475E-16,-6.12303176911189E-17,-1.0));
#1747=DIRECTION('',(1.0,0.0,2.44921270764475E-16));
#1748=SURFACE_STYLE_FILL_AREA(#3013);
#1749=ORIENTED_EDGE('',*,*,#3014,.F.);
#1750=ORIENTED_EDGE('',*,*,#3005,.T.);
#1751=ORIENTED_EDGE('',*,*,#3015,.T.);
#1752=ORIENTED_EDGE('',*,*,#3016,.F.);
#1753=CARTESIAN_POINT('',(2.25,0.2,-1.226));
#1754=DIRECTION('',(-1.49966072182214E-32,-1.0,6.12303176911189E-17));
#1755=DIRECTION('',(1.0,0.0,2.44921270764475E-16));
#1756=SURFACE_STYLE_FILL_AREA(#3017);
#1757=ORIENTED_EDGE('',*,*,#3018,.F.);
#1758=ORIENTED_EDGE('',*,*,#3016,.T.);
#1759=ORIENTED_EDGE('',*,*,#3019,.T.);
#1760=ORIENTED_EDGE('',*,*,#3012,.F.);
#1761=ORIENTED_EDGE('',*,*,#3008,.F.);
#1762=ORIENTED_EDGE('',*,*,#3020,.F.);
#1763=CARTESIAN_POINT('',(2.375,0.2,-1.3635));
#1764=DIRECTION('',(1.0,-6.17993713689029E-33,1.43991904889461E-16));
#1765=DIRECTION('',(-1.43991904889461E-16,6.12303176911189E-17,1.0));
#1766=SURFACE_STYLE_FILL_AREA(#3021);
#1767=ORIENTED_EDGE('',*,*,#3011,.F.);
#1768=ORIENTED_EDGE('',*,*,#3019,.F.);
#1769=ORIENTED_EDGE('',*,*,#3015,.F.);
#1770=ORIENTED_EDGE('',*,*,#3004,.F.);
#1771=CARTESIAN_POINT('',(2.25,5.55111512312578E-17,-1.32342604109813));
#1772=DIRECTION('',(-1.49966072182214E-32,-1.0,6.12303176911189E-17));
#1773=DIRECTION('',(1.0,0.0,2.44921270764475E-16));
#1774=SURFACE_STYLE_FILL_AREA(#3022);
#1775=ORIENTED_EDGE('',*,*,#2881,.T.);
#1776=ORIENTED_EDGE('',*,*,#2877,.T.);
#1777=ORIENTED_EDGE('',*,*,#2873,.T.);
#1778=ORIENTED_EDGE('',*,*,#2868,.T.);
#1779=ORIENTED_EDGE('',*,*,#2885,.T.);
#1780=ORIENTED_EDGE('',*,*,#2889,.T.);
#1781=ORIENTED_EDGE('',*,*,#2893,.T.);
#1782=ORIENTED_EDGE('',*,*,#2897,.T.);
#1783=ORIENTED_EDGE('',*,*,#2914,.T.);
#1784=ORIENTED_EDGE('',*,*,#2910,.T.);
#1785=ORIENTED_EDGE('',*,*,#2906,.T.);
#1786=ORIENTED_EDGE('',*,*,#2901,.T.);
#1787=ORIENTED_EDGE('',*,*,#2918,.T.);
#1788=ORIENTED_EDGE('',*,*,#2922,.T.);
#1789=ORIENTED_EDGE('',*,*,#2926,.T.);
#1790=ORIENTED_EDGE('',*,*,#2930,.T.);
#1791=ORIENTED_EDGE('',*,*,#2947,.T.);
#1792=ORIENTED_EDGE('',*,*,#2943,.T.);
#1793=ORIENTED_EDGE('',*,*,#2939,.T.);
#1794=ORIENTED_EDGE('',*,*,#2934,.T.);
#1795=ORIENTED_EDGE('',*,*,#2951,.T.);
#1796=ORIENTED_EDGE('',*,*,#2955,.T.);
#1797=ORIENTED_EDGE('',*,*,#2959,.T.);
#1798=ORIENTED_EDGE('',*,*,#2963,.T.);
#1799=ORIENTED_EDGE('',*,*,#2980,.T.);
#1800=ORIENTED_EDGE('',*,*,#2976,.T.);
#1801=ORIENTED_EDGE('',*,*,#2972,.T.);
#1802=ORIENTED_EDGE('',*,*,#2967,.T.);
#1803=ORIENTED_EDGE('',*,*,#2984,.T.);
#1804=ORIENTED_EDGE('',*,*,#2988,.T.);
#1805=ORIENTED_EDGE('',*,*,#2992,.T.);
#1806=ORIENTED_EDGE('',*,*,#2996,.T.);
#1807=ORIENTED_EDGE('',*,*,#3023,.T.);
#1808=ORIENTED_EDGE('',*,*,#3024,.T.);
#1809=ORIENTED_EDGE('',*,*,#3025,.T.);
#1810=ORIENTED_EDGE('',*,*,#3026,.T.);
#1811=ORIENTED_EDGE('',*,*,#3027,.T.);
#1812=ORIENTED_EDGE('',*,*,#3028,.T.);
#1813=ORIENTED_EDGE('',*,*,#3029,.T.);
#1814=ORIENTED_EDGE('',*,*,#3030,.T.);
#1815=ORIENTED_EDGE('',*,*,#3000,.T.);
#1816=ORIENTED_EDGE('',*,*,#3014,.T.);
#1817=ORIENTED_EDGE('',*,*,#3018,.T.);
#1818=ORIENTED_EDGE('',*,*,#3031,.F.);
#1819=ORIENTED_EDGE('',*,*,#3032,.F.);
#1820=ORIENTED_EDGE('',*,*,#3033,.T.);
#1821=ORIENTED_EDGE('',*,*,#3034,.T.);
#1822=ORIENTED_EDGE('',*,*,#3035,.T.);
#1823=ORIENTED_EDGE('',*,*,#3036,.F.);
#1824=ORIENTED_EDGE('',*,*,#3037,.T.);
#1825=ORIENTED_EDGE('',*,*,#3038,.T.);
#1826=ORIENTED_EDGE('',*,*,#3039,.T.);
#1827=ORIENTED_EDGE('',*,*,#3040,.F.);
#1828=ORIENTED_EDGE('',*,*,#3041,.T.);
#1829=ORIENTED_EDGE('',*,*,#3042,.T.);
#1830=ORIENTED_EDGE('',*,*,#3043,.T.);
#1831=ORIENTED_EDGE('',*,*,#3044,.F.);
#1832=ORIENTED_EDGE('',*,*,#3045,.T.);
#1833=ORIENTED_EDGE('',*,*,#3046,.T.);
#1834=ORIENTED_EDGE('',*,*,#3047,.T.);
#1835=ORIENTED_EDGE('',*,*,#3048,.F.);
#1836=ORIENTED_EDGE('',*,*,#3049,.T.);
#1837=ORIENTED_EDGE('',*,*,#3050,.T.);
#1838=ORIENTED_EDGE('',*,*,#3051,.T.);
#1839=ORIENTED_EDGE('',*,*,#3052,.T.);
#1840=ORIENTED_EDGE('',*,*,#3053,.T.);
#1841=ORIENTED_EDGE('',*,*,#3054,.T.);
#1842=ORIENTED_EDGE('',*,*,#3055,.T.);
#1843=ORIENTED_EDGE('',*,*,#3056,.T.);
#1844=ORIENTED_EDGE('',*,*,#3057,.T.);
#1845=ORIENTED_EDGE('',*,*,#3058,.T.);
#1846=ORIENTED_EDGE('',*,*,#3059,.T.);
#1847=ORIENTED_EDGE('',*,*,#3060,.T.);
#1848=ORIENTED_EDGE('',*,*,#3061,.T.);
#1849=ORIENTED_EDGE('',*,*,#3062,.T.);
#1850=ORIENTED_EDGE('',*,*,#3063,.T.);
#1851=ORIENTED_EDGE('',*,*,#3064,.T.);
#1852=ORIENTED_EDGE('',*,*,#3065,.T.);
#1853=ORIENTED_EDGE('',*,*,#3066,.F.);
#1854=ORIENTED_EDGE('',*,*,#3067,.T.);
#1855=ORIENTED_EDGE('',*,*,#3068,.T.);
#1856=ORIENTED_EDGE('',*,*,#3069,.T.);
#1857=ORIENTED_EDGE('',*,*,#3070,.F.);
#1858=ORIENTED_EDGE('',*,*,#3071,.T.);
#1859=ORIENTED_EDGE('',*,*,#3072,.T.);
#1860=ORIENTED_EDGE('',*,*,#3073,.T.);
#1861=ORIENTED_EDGE('',*,*,#3074,.F.);
#1862=ORIENTED_EDGE('',*,*,#3075,.T.);
#1863=ORIENTED_EDGE('',*,*,#3076,.T.);
#1864=ORIENTED_EDGE('',*,*,#3077,.T.);
#1865=ORIENTED_EDGE('',*,*,#3078,.F.);
#1866=ORIENTED_EDGE('',*,*,#3079,.T.);
#1867=ORIENTED_EDGE('',*,*,#3080,.T.);
#1868=ORIENTED_EDGE('',*,*,#3081,.T.);
#1869=ORIENTED_EDGE('',*,*,#3082,.F.);
#1870=ORIENTED_EDGE('',*,*,#3083,.F.);
#1871=ORIENTED_EDGE('',*,*,#3084,.T.);
#1872=ORIENTED_EDGE('',*,*,#3085,.T.);
#1873=ORIENTED_EDGE('',*,*,#3086,.T.);
#1874=ORIENTED_EDGE('',*,*,#3087,.F.);
#1875=ORIENTED_EDGE('',*,*,#3088,.T.);
#1876=ORIENTED_EDGE('',*,*,#3089,.T.);
#1877=ORIENTED_EDGE('',*,*,#3090,.T.);
#1878=ORIENTED_EDGE('',*,*,#3091,.F.);
#1879=ORIENTED_EDGE('',*,*,#3092,.T.);
#1880=ORIENTED_EDGE('',*,*,#3093,.T.);
#1881=ORIENTED_EDGE('',*,*,#3094,.T.);
#1882=ORIENTED_EDGE('',*,*,#3095,.F.);
#1883=CARTESIAN_POINT('',(1.5,0.0225,0.0));
#1884=DIRECTION('',(-0.0,1.0,0.0));
#1885=DIRECTION('',(1.0,0.0,6.12303176911189E-17));
#1886=SURFACE_STYLE_FILL_AREA(#3096);
#1887=ORIENTED_EDGE('',*,*,#3097,.F.);
#1888=ORIENTED_EDGE('',*,*,#3094,.F.);
#1889=ORIENTED_EDGE('',*,*,#3098,.T.);
#1890=ORIENTED_EDGE('',*,*,#3099,.T.);
#1891=ORIENTED_EDGE('',*,*,#3100,.F.);
#1892=ORIENTED_EDGE('',*,*,#3101,.F.);
#1893=CARTESIAN_POINT('',(1.875,0.2,-1.3635));
#1894=DIRECTION('',(1.0,-6.17993713689029E-33,1.43991904889461E-16));
#1895=DIRECTION('',(-1.43991904889461E-16,6.12303176911189E-17,1.0));
#1896=SURFACE_STYLE_FILL_AREA(#3102);
#1897=ORIENTED_EDGE('',*,*,#3093,.F.);
#1898=ORIENTED_EDGE('',*,*,#3103,.T.);
#1899=ORIENTED_EDGE('',*,*,#3104,.T.);
#1900=ORIENTED_EDGE('',*,*,#3098,.F.);
#1901=CARTESIAN_POINT('',(1.75,0.2,-1.226));
#1902=DIRECTION('',(-1.49966072182214E-32,-1.0,6.12303176911189E-17));
#1903=DIRECTION('',(1.0,0.0,2.44921270764475E-16));
#1904=SURFACE_STYLE_FILL_AREA(#3105);
#1905=ORIENTED_EDGE('',*,*,#3106,.T.);
#1906=ORIENTED_EDGE('',*,*,#3107,.F.);
#1907=ORIENTED_EDGE('',*,*,#3108,.T.);
#1908=ORIENTED_EDGE('',*,*,#3100,.T.);
#1909=CARTESIAN_POINT('',(1.75,0.2,-1.501));
#1910=DIRECTION('',(2.44921270764475E-16,-6.12303176911189E-17,-1.0));
#1911=DIRECTION('',(1.0,0.0,2.44921270764475E-16));
#1912=SURFACE_STYLE_FILL_AREA(#3109);
#1913=ORIENTED_EDGE('',*,*,#3110,.F.);
#1914=ORIENTED_EDGE('',*,*,#3111,.F.);
#1915=ORIENTED_EDGE('',*,*,#3107,.T.);
#1916=ORIENTED_EDGE('',*,*,#3112,.T.);
#1917=ORIENTED_EDGE('',*,*,#3103,.F.);
#1918=ORIENTED_EDGE('',*,*,#3092,.F.);
#1919=CARTESIAN_POINT('',(1.625,0.2,-1.3635));
#1920=DIRECTION('',(-1.0,3.08996856844515E-33,-1.94456587826968E-16));
#1921=DIRECTION('',(1.94456587826968E-16,-6.12303176911189E-17,-1.0));
#1922=SURFACE_STYLE_FILL_AREA(#3113);
#1923=ORIENTED_EDGE('',*,*,#3106,.F.);
#1924=ORIENTED_EDGE('',*,*,#3099,.F.);
#1925=ORIENTED_EDGE('',*,*,#3104,.F.);
#1926=ORIENTED_EDGE('',*,*,#3112,.F.);
#1927=CARTESIAN_POINT('',(1.75,5.55111512312578E-17,-1.32342604109813));
#1928=DIRECTION('',(-1.49966072182214E-32,-1.0,6.12303176911189E-17));
#1929=DIRECTION('',(1.0,0.0,2.44921270764475E-16));
#1930=SURFACE_STYLE_FILL_AREA(#3114);
#1931=ORIENTED_EDGE('',*,*,#3115,.F.);
#1932=ORIENTED_EDGE('',*,*,#3101,.T.);
#1933=ORIENTED_EDGE('',*,*,#3108,.F.);
#1934=ORIENTED_EDGE('',*,*,#3111,.T.);
#1935=CARTESIAN_POINT('',(1.75,0.2,-1.32342604109813));
#1936=DIRECTION('',(-1.49966072182214E-32,-1.0,6.12303176911189E-17));
#1937=DIRECTION('',(1.0,0.0,2.44921270764475E-16));
#1938=SURFACE_STYLE_FILL_AREA(#3116);
#1939=ORIENTED_EDGE('',*,*,#3001,.T.);
#1940=ORIENTED_EDGE('',*,*,#3095,.T.);
#1941=ORIENTED_EDGE('',*,*,#3097,.T.);
#1942=ORIENTED_EDGE('',*,*,#3115,.T.);
#1943=ORIENTED_EDGE('',*,*,#3110,.T.);
#1944=ORIENTED_EDGE('',*,*,#3091,.T.);
#1945=ORIENTED_EDGE('',*,*,#3117,.T.);
#1946=ORIENTED_EDGE('',*,*,#3118,.T.);
#1947=ORIENTED_EDGE('',*,*,#3119,.T.);
#1948=ORIENTED_EDGE('',*,*,#3087,.T.);
#1949=ORIENTED_EDGE('',*,*,#3120,.T.);
#1950=ORIENTED_EDGE('',*,*,#3121,.T.);
#1951=ORIENTED_EDGE('',*,*,#3122,.T.);
#1952=ORIENTED_EDGE('',*,*,#3083,.T.);
#1953=ORIENTED_EDGE('',*,*,#3123,.F.);
#1954=ORIENTED_EDGE('',*,*,#3124,.F.);
#1955=ORIENTED_EDGE('',*,*,#3125,.F.);
#1956=ORIENTED_EDGE('',*,*,#3031,.T.);
#1957=ORIENTED_EDGE('',*,*,#3020,.T.);
#1958=ORIENTED_EDGE('',*,*,#3007,.T.);
#1959=CARTESIAN_POINT('',(1.5,0.3875,-1.5));
#1960=DIRECTION('',(-6.12303176911189E-17,0.0,1.0));
#1961=DIRECTION('',(1.0,0.0,6.12303176911189E-17));
#1962=SURFACE_STYLE_FILL_AREA(#3126);
#1963=ORIENTED_EDGE('',*,*,#3088,.F.);
#1964=ORIENTED_EDGE('',*,*,#3119,.F.);
#1965=ORIENTED_EDGE('',*,*,#3127,.F.);
#1966=ORIENTED_EDGE('',*,*,#3128,.T.);
#1967=ORIENTED_EDGE('',*,*,#3129,.T.);
#1968=ORIENTED_EDGE('',*,*,#3130,.F.);
#1969=CARTESIAN_POINT('',(1.125,0.2,-1.3635));
#1970=DIRECTION('',(-1.0,3.08996856844515E-33,-1.94456587826968E-16));
#1971=DIRECTION('',(1.94456587826968E-16,-6.12303176911189E-17,-1.0));
#1972=SURFACE_STYLE_FILL_AREA(#3131);
#1973=ORIENTED_EDGE('',*,*,#3118,.F.);
#1974=ORIENTED_EDGE('',*,*,#3132,.T.);
#1975=ORIENTED_EDGE('',*,*,#3133,.F.);
#1976=ORIENTED_EDGE('',*,*,#3127,.T.);
#1977=CARTESIAN_POINT('',(1.25,0.2,-1.32342604109813));
#1978=DIRECTION('',(-1.49966072182214E-32,-1.0,6.12303176911189E-17));
#1979=DIRECTION('',(1.0,0.0,2.44921270764475E-16));
#1980=SURFACE_STYLE_FILL_AREA(#3134);
#1981=ORIENTED_EDGE('',*,*,#3135,.T.);
#1982=ORIENTED_EDGE('',*,*,#3128,.F.);
#1983=ORIENTED_EDGE('',*,*,#3133,.T.);
#1984=ORIENTED_EDGE('',*,*,#3136,.T.);
#1985=CARTESIAN_POINT('',(1.25,0.2,-1.501));
#1986=DIRECTION('',(2.44921270764475E-16,-6.12303176911189E-17,-1.0));
#1987=DIRECTION('',(1.0,0.0,2.44921270764475E-16));
#1988=SURFACE_STYLE_FILL_AREA(#3137);
#1989=ORIENTED_EDGE('',*,*,#3089,.F.);
#1990=ORIENTED_EDGE('',*,*,#3130,.T.);
#1991=ORIENTED_EDGE('',*,*,#3138,.T.);
#1992=ORIENTED_EDGE('',*,*,#3139,.F.);
#1993=CARTESIAN_POINT('',(1.25,0.2,-1.226));
#1994=DIRECTION('',(-1.49966072182214E-32,-1.0,6.12303176911189E-17));
#1995=DIRECTION('',(1.0,0.0,2.44921270764475E-16));
#1996=SURFACE_STYLE_FILL_AREA(#3140);
#1997=ORIENTED_EDGE('',*,*,#3090,.F.);
#1998=ORIENTED_EDGE('',*,*,#3139,.T.);
#1999=ORIENTED_EDGE('',*,*,#3141,.T.);
#2000=ORIENTED_EDGE('',*,*,#3136,.F.);
#2001=ORIENTED_EDGE('',*,*,#3132,.F.);
#2002=ORIENTED_EDGE('',*,*,#3117,.F.);
#2003=CARTESIAN_POINT('',(1.375,0.2,-1.3635));
#2004=DIRECTION('',(1.0,-6.17993713689029E-33,1.43991904889461E-16));
#2005=DIRECTION('',(-1.43991904889461E-16,6.12303176911189E-17,1.0));
#2006=SURFACE_STYLE_FILL_AREA(#3142);
#2007=ORIENTED_EDGE('',*,*,#3135,.F.);
#2008=ORIENTED_EDGE('',*,*,#3141,.F.);
#2009=ORIENTED_EDGE('',*,*,#3138,.F.);
#2010=ORIENTED_EDGE('',*,*,#3129,.F.);
#2011=CARTESIAN_POINT('',(1.25,5.55111512312578E-17,-1.32342604109813));
#2012=DIRECTION('',(-1.49966072182214E-32,-1.0,6.12303176911189E-17));
#2013=DIRECTION('',(1.0,0.0,2.44921270764475E-16));
#2014=SURFACE_STYLE_FILL_AREA(#3143);
#2015=ORIENTED_EDGE('',*,*,#3120,.F.);
#2016=ORIENTED_EDGE('',*,*,#3086,.F.);
#2017=ORIENTED_EDGE('',*,*,#3144,.T.);
#2018=ORIENTED_EDGE('',*,*,#3145,.T.);
#2019=ORIENTED_EDGE('',*,*,#3146,.F.);
#2020=ORIENTED_EDGE('',*,*,#3147,.F.);
#2021=CARTESIAN_POINT('',(0.875,0.2,-1.3635));
#2022=DIRECTION('',(1.0,-6.17993713689029E-33,1.43991904889461E-16));
#2023=DIRECTION('',(-1.43991904889461E-16,6.12303176911189E-17,1.0));
#2024=SURFACE_STYLE_FILL_AREA(#3148);
#2025=ORIENTED_EDGE('',*,*,#3085,.F.);
#2026=ORIENTED_EDGE('',*,*,#3149,.T.);
#2027=ORIENTED_EDGE('',*,*,#3150,.T.);
#2028=ORIENTED_EDGE('',*,*,#3144,.F.);
#2029=CARTESIAN_POINT('',(0.75,0.2,-1.226));
#2030=DIRECTION('',(-1.49966072182214E-32,-1.0,6.12303176911189E-17));
#2031=DIRECTION('',(1.0,0.0,2.44921270764475E-16));
#2032=SURFACE_STYLE_FILL_AREA(#3151);
#2033=ORIENTED_EDGE('',*,*,#3152,.T.);
#2034=ORIENTED_EDGE('',*,*,#3153,.F.);
#2035=ORIENTED_EDGE('',*,*,#3154,.T.);
#2036=ORIENTED_EDGE('',*,*,#3146,.T.);
#2037=CARTESIAN_POINT('',(0.75,0.2,-1.501));
#2038=DIRECTION('',(2.44921270764475E-16,-6.12303176911189E-17,-1.0));
#2039=DIRECTION('',(1.0,0.0,2.44921270764475E-16));
#2040=SURFACE_STYLE_FILL_AREA(#3155);
#2041=ORIENTED_EDGE('',*,*,#3122,.F.);
#2042=ORIENTED_EDGE('',*,*,#3156,.F.);
#2043=ORIENTED_EDGE('',*,*,#3153,.T.);
#2044=ORIENTED_EDGE('',*,*,#3157,.T.);
#2045=ORIENTED_EDGE('',*,*,#3149,.F.);
#2046=ORIENTED_EDGE('',*,*,#3084,.F.);
#2047=CARTESIAN_POINT('',(0.625,0.2,-1.3635));
#2048=DIRECTION('',(-1.0,3.08996856844515E-33,-1.94456587826968E-16));
#2049=DIRECTION('',(1.94456587826968E-16,-6.12303176911189E-17,-1.0));
#2050=SURFACE_STYLE_FILL_AREA(#3158);
#2051=ORIENTED_EDGE('',*,*,#3152,.F.);
#2052=ORIENTED_EDGE('',*,*,#3145,.F.);
#2053=ORIENTED_EDGE('',*,*,#3150,.F.);
#2054=ORIENTED_EDGE('',*,*,#3157,.F.);
#2055=CARTESIAN_POINT('',(0.75,5.55111512312578E-17,-1.32342604109813));
#2056=DIRECTION('',(-1.49966072182214E-32,-1.0,6.12303176911189E-17));
#2057=DIRECTION('',(1.0,0.0,2.44921270764475E-16));
#2058=SURFACE_STYLE_FILL_AREA(#3159);
#2059=ORIENTED_EDGE('',*,*,#3121,.F.);
#2060=ORIENTED_EDGE('',*,*,#3147,.T.);
#2061=ORIENTED_EDGE('',*,*,#3154,.F.);
#2062=ORIENTED_EDGE('',*,*,#3156,.T.);
#2063=CARTESIAN_POINT('',(0.75,0.2,-1.32342604109813));
#2064=DIRECTION('',(-1.49966072182214E-32,-1.0,6.12303176911189E-17));
#2065=DIRECTION('',(1.0,0.0,2.44921270764475E-16));
#2066=SURFACE_STYLE_FILL_AREA(#3160);
#2067=ORIENTED_EDGE('',*,*,#3033,.F.);
#2068=ORIENTED_EDGE('',*,*,#3161,.F.);
#2069=ORIENTED_EDGE('',*,*,#3162,.F.);
#2070=ORIENTED_EDGE('',*,*,#3163,.T.);
#2071=ORIENTED_EDGE('',*,*,#3164,.T.);
#2072=ORIENTED_EDGE('',*,*,#3165,.F.);
#2073=CARTESIAN_POINT('',(2.8635,0.2,-0.875));
#2074=DIRECTION('',(1.33226270135849E-16,3.08996856844515E-33,-1.0));
#2075=DIRECTION('',(1.0,-6.12303176911189E-17,1.33226270135849E-16));
#2076=SURFACE_STYLE_FILL_AREA(#3166);
#2077=ORIENTED_EDGE('',*,*,#3167,.F.);
#2078=ORIENTED_EDGE('',*,*,#3168,.T.);
#2079=ORIENTED_EDGE('',*,*,#3169,.F.);
#2080=ORIENTED_EDGE('',*,*,#3162,.T.);
#2081=CARTESIAN_POINT('',(2.82342604109813,0.2,-0.75));
#2082=DIRECTION('',(-6.12303176911189E-17,-1.0,-1.1247455413666E-32));
#2083=DIRECTION('',(-1.83690953073357E-16,0.0,1.0));
#2084=SURFACE_STYLE_FILL_AREA(#3170);
#2085=ORIENTED_EDGE('',*,*,#3171,.T.);
#2086=ORIENTED_EDGE('',*,*,#3163,.F.);
#2087=ORIENTED_EDGE('',*,*,#3169,.T.);
#2088=ORIENTED_EDGE('',*,*,#3172,.T.);
#2089=CARTESIAN_POINT('',(3.001,0.2,-0.75));
#2090=DIRECTION('',(1.0,-6.12303176911189E-17,1.83690953073357E-16));
#2091=DIRECTION('',(-1.83690953073357E-16,0.0,1.0));
#2092=SURFACE_STYLE_FILL_AREA(#3173);
#2093=ORIENTED_EDGE('',*,*,#3034,.F.);
#2094=ORIENTED_EDGE('',*,*,#3165,.T.);
#2095=ORIENTED_EDGE('',*,*,#3174,.T.);
#2096=ORIENTED_EDGE('',*,*,#3175,.F.);
#2097=CARTESIAN_POINT('',(2.726,0.2,-0.75));
#2098=DIRECTION('',(-6.12303176911189E-17,-1.0,-1.1247455413666E-32));
#2099=DIRECTION('',(-1.83690953073357E-16,0.0,1.0));
#2100=SURFACE_STYLE_FILL_AREA(#3176);
#2101=ORIENTED_EDGE('',*,*,#3035,.F.);
#2102=ORIENTED_EDGE('',*,*,#3175,.T.);
#2103=ORIENTED_EDGE('',*,*,#3177,.T.);
#2104=ORIENTED_EDGE('',*,*,#3172,.F.);
#2105=ORIENTED_EDGE('',*,*,#3168,.F.);
#2106=ORIENTED_EDGE('',*,*,#3178,.F.);
#2107=CARTESIAN_POINT('',(2.8635,0.2,-0.625));
#2108=DIRECTION('',(-8.27615871983424E-17,-6.17993713689029E-33,1.0));
#2109=DIRECTION('',(-1.0,6.12303176911189E-17,-8.27615871983424E-17));
#2110=SURFACE_STYLE_FILL_AREA(#3179);
#2111=ORIENTED_EDGE('',*,*,#3171,.F.);
#2112=ORIENTED_EDGE('',*,*,#3177,.F.);
#2113=ORIENTED_EDGE('',*,*,#3174,.F.);
#2114=ORIENTED_EDGE('',*,*,#3164,.F.);
#2115=CARTESIAN_POINT('',(2.82342604109813,5.55111512312578E-17,-0.75));
#2116=DIRECTION('',(-6.12303176911189E-17,-1.0,-1.1247455413666E-32));
#2117=DIRECTION('',(-1.83690953073357E-16,0.0,1.0));
#2118=SURFACE_STYLE_FILL_AREA(#3180);
#2119=ORIENTED_EDGE('',*,*,#3181,.F.);
#2120=ORIENTED_EDGE('',*,*,#3039,.F.);
#2121=ORIENTED_EDGE('',*,*,#3182,.T.);
#2122=ORIENTED_EDGE('',*,*,#3183,.T.);
#2123=ORIENTED_EDGE('',*,*,#3184,.F.);
#2124=ORIENTED_EDGE('',*,*,#3185,.F.);
#2125=CARTESIAN_POINT('',(2.8635,0.2,-0.125));
#2126=DIRECTION('',(-8.27615871983424E-17,-6.17993713689029E-33,1.0));
#2127=DIRECTION('',(-1.0,6.12303176911189E-17,-8.27615871983424E-17));
#2128=SURFACE_STYLE_FILL_AREA(#3186);
#2129=ORIENTED_EDGE('',*,*,#3038,.F.);
#2130=ORIENTED_EDGE('',*,*,#3187,.T.);
#2131=ORIENTED_EDGE('',*,*,#3188,.T.);
#2132=ORIENTED_EDGE('',*,*,#3182,.F.);
#2133=CARTESIAN_POINT('',(2.726,0.2,-0.25));
#2134=DIRECTION('',(-6.12303176911189E-17,-1.0,-1.1247455413666E-32));
#2135=DIRECTION('',(-1.83690953073357E-16,0.0,1.0));
#2136=SURFACE_STYLE_FILL_AREA(#3189);
#2137=ORIENTED_EDGE('',*,*,#3190,.T.);
#2138=ORIENTED_EDGE('',*,*,#3191,.F.);
#2139=ORIENTED_EDGE('',*,*,#3192,.T.);
#2140=ORIENTED_EDGE('',*,*,#3184,.T.);
#2141=CARTESIAN_POINT('',(3.001,0.2,-0.25));
#2142=DIRECTION('',(1.0,-6.12303176911189E-17,1.83690953073357E-16));
#2143=DIRECTION('',(-1.83690953073357E-16,0.0,1.0));
#2144=SURFACE_STYLE_FILL_AREA(#3193);
#2145=ORIENTED_EDGE('',*,*,#3194,.F.);
#2146=ORIENTED_EDGE('',*,*,#3195,.F.);
#2147=ORIENTED_EDGE('',*,*,#3191,.T.);
#2148=ORIENTED_EDGE('',*,*,#3196,.T.);
#2149=ORIENTED_EDGE('',*,*,#3187,.F.);
#2150=ORIENTED_EDGE('',*,*,#3037,.F.);
#2151=CARTESIAN_POINT('',(2.8635,0.2,-0.375));
#2152=DIRECTION('',(1.33226270135849E-16,3.08996856844515E-33,-1.0));
#2153=DIRECTION('',(1.0,-6.12303176911189E-17,1.33226270135849E-16));
#2154=SURFACE_STYLE_FILL_AREA(#3197);
#2155=ORIENTED_EDGE('',*,*,#3190,.F.);
#2156=ORIENTED_EDGE('',*,*,#3183,.F.);
#2157=ORIENTED_EDGE('',*,*,#3188,.F.);
#2158=ORIENTED_EDGE('',*,*,#3196,.F.);
#2159=CARTESIAN_POINT('',(2.82342604109813,5.55111512312578E-17,-0.25));
#2160=DIRECTION('',(-6.12303176911189E-17,-1.0,-1.1247455413666E-32));
#2161=DIRECTION('',(-1.83690953073357E-16,0.0,1.0));
#2162=SURFACE_STYLE_FILL_AREA(#3198);
#2163=ORIENTED_EDGE('',*,*,#3199,.F.);
#2164=ORIENTED_EDGE('',*,*,#3185,.T.);
#2165=ORIENTED_EDGE('',*,*,#3192,.F.);
#2166=ORIENTED_EDGE('',*,*,#3195,.T.);
#2167=CARTESIAN_POINT('',(2.82342604109813,0.2,-0.25));
#2168=DIRECTION('',(-6.12303176911189E-17,-1.0,-1.1247455413666E-32));
#2169=DIRECTION('',(-1.83690953073357E-16,0.0,1.0));
#2170=SURFACE_STYLE_FILL_AREA(#3200);
#2171=ORIENTED_EDGE('',*,*,#3161,.T.);
#2172=ORIENTED_EDGE('',*,*,#3032,.T.);
#2173=ORIENTED_EDGE('',*,*,#3125,.T.);
#2174=ORIENTED_EDGE('',*,*,#3201,.T.);
#2175=ORIENTED_EDGE('',*,*,#3202,.T.);
#2176=ORIENTED_EDGE('',*,*,#3048,.T.);
#2177=ORIENTED_EDGE('',*,*,#3203,.T.);
#2178=ORIENTED_EDGE('',*,*,#3204,.T.);
#2179=ORIENTED_EDGE('',*,*,#3205,.T.);
#2180=ORIENTED_EDGE('',*,*,#3044,.T.);
#2181=ORIENTED_EDGE('',*,*,#3206,.T.);
#2182=ORIENTED_EDGE('',*,*,#3207,.T.);
#2183=ORIENTED_EDGE('',*,*,#3208,.T.);
#2184=ORIENTED_EDGE('',*,*,#3040,.T.);
#2185=ORIENTED_EDGE('',*,*,#3181,.T.);
#2186=ORIENTED_EDGE('',*,*,#3199,.T.);
#2187=ORIENTED_EDGE('',*,*,#3194,.T.);
#2188=ORIENTED_EDGE('',*,*,#3036,.T.);
#2189=ORIENTED_EDGE('',*,*,#3178,.T.);
#2190=ORIENTED_EDGE('',*,*,#3167,.T.);
#2191=CARTESIAN_POINT('',(3.0,0.3875,9.18454765366783E-17));
#2192=DIRECTION('',(1.0,0.0,6.12303176911189E-17));
#2193=DIRECTION('',(6.12303176911189E-17,0.0,-1.0));
#2194=SURFACE_STYLE_FILL_AREA(#3209);
#2195=ORIENTED_EDGE('',*,*,#3041,.F.);
#2196=ORIENTED_EDGE('',*,*,#3208,.F.);
#2197=ORIENTED_EDGE('',*,*,#3210,.F.);
#2198=ORIENTED_EDGE('',*,*,#3211,.T.);
#2199=ORIENTED_EDGE('',*,*,#3212,.T.);
#2200=ORIENTED_EDGE('',*,*,#3213,.F.);
#2201=CARTESIAN_POINT('',(2.8635,0.2,0.125));
#2202=DIRECTION('',(1.33226270135849E-16,3.08996856844515E-33,-1.0));
#2203=DIRECTION('',(1.0,-6.12303176911189E-17,1.33226270135849E-16));
#2204=SURFACE_STYLE_FILL_AREA(#3214);
#2205=ORIENTED_EDGE('',*,*,#3207,.F.);
#2206=ORIENTED_EDGE('',*,*,#3215,.T.);
#2207=ORIENTED_EDGE('',*,*,#3216,.F.);
#2208=ORIENTED_EDGE('',*,*,#3210,.T.);
#2209=CARTESIAN_POINT('',(2.82342604109813,0.2,0.25));
#2210=DIRECTION('',(-6.12303176911189E-17,-1.0,-1.1247455413666E-32));
#2211=DIRECTION('',(-1.83690953073357E-16,0.0,1.0));
#2212=SURFACE_STYLE_FILL_AREA(#3217);
#2213=ORIENTED_EDGE('',*,*,#3218,.T.);
#2214=ORIENTED_EDGE('',*,*,#3211,.F.);
#2215=ORIENTED_EDGE('',*,*,#3216,.T.);
#2216=ORIENTED_EDGE('',*,*,#3219,.T.);
#2217=CARTESIAN_POINT('',(3.001,0.2,0.25));
#2218=DIRECTION('',(1.0,-6.12303176911189E-17,1.83690953073357E-16));
#2219=DIRECTION('',(-1.83690953073357E-16,0.0,1.0));
#2220=SURFACE_STYLE_FILL_AREA(#3220);
#2221=ORIENTED_EDGE('',*,*,#3042,.F.);
#2222=ORIENTED_EDGE('',*,*,#3213,.T.);
#2223=ORIENTED_EDGE('',*,*,#3221,.T.);
#2224=ORIENTED_EDGE('',*,*,#3222,.F.);
#2225=CARTESIAN_POINT('',(2.726,0.2,0.25));
#2226=DIRECTION('',(-6.12303176911189E-17,-1.0,-1.1247455413666E-32));
#2227=DIRECTION('',(-1.83690953073357E-16,0.0,1.0));
#2228=SURFACE_STYLE_FILL_AREA(#3223);
#2229=ORIENTED_EDGE('',*,*,#3043,.F.);
#2230=ORIENTED_EDGE('',*,*,#3222,.T.);
#2231=ORIENTED_EDGE('',*,*,#3224,.T.);
#2232=ORIENTED_EDGE('',*,*,#3219,.F.);
#2233=ORIENTED_EDGE('',*,*,#3215,.F.);
#2234=ORIENTED_EDGE('',*,*,#3206,.F.);
#2235=CARTESIAN_POINT('',(2.8635,0.2,0.375));
#2236=DIRECTION('',(-8.27615871983424E-17,-6.17993713689029E-33,1.0));
#2237=DIRECTION('',(-1.0,6.12303176911189E-17,-8.27615871983424E-17));
#2238=SURFACE_STYLE_FILL_AREA(#3225);
#2239=ORIENTED_EDGE('',*,*,#3218,.F.);
#2240=ORIENTED_EDGE('',*,*,#3224,.F.);
#2241=ORIENTED_EDGE('',*,*,#3221,.F.);
#2242=ORIENTED_EDGE('',*,*,#3212,.F.);
#2243=CARTESIAN_POINT('',(2.82342604109813,5.55111512312578E-17,0.25));
#2244=DIRECTION('',(-6.12303176911189E-17,-1.0,-1.1247455413666E-32));
#2245=DIRECTION('',(-1.83690953073357E-16,0.0,1.0));
#2246=SURFACE_STYLE_FILL_AREA(#3226);
#2247=ORIENTED_EDGE('',*,*,#3203,.F.);
#2248=ORIENTED_EDGE('',*,*,#3047,.F.);
#2249=ORIENTED_EDGE('',*,*,#3227,.T.);
#2250=ORIENTED_EDGE('',*,*,#3228,.T.);
#2251=ORIENTED_EDGE('',*,*,#3229,.F.);
#2252=ORIENTED_EDGE('',*,*,#3230,.F.);
#2253=CARTESIAN_POINT('',(2.8635,0.2,0.875));
#2254=DIRECTION('',(-8.27615871983424E-17,-6.17993713689029E-33,1.0));
#2255=DIRECTION('',(-1.0,6.12303176911189E-17,-8.27615871983424E-17));
#2256=SURFACE_STYLE_FILL_AREA(#3231);
#2257=ORIENTED_EDGE('',*,*,#3046,.F.);
#2258=ORIENTED_EDGE('',*,*,#3232,.T.);
#2259=ORIENTED_EDGE('',*,*,#3233,.T.);
#2260=ORIENTED_EDGE('',*,*,#3227,.F.);
#2261=CARTESIAN_POINT('',(2.726,0.2,0.75));
#2262=DIRECTION('',(-6.12303176911189E-17,-1.0,-1.1247455413666E-32));
#2263=DIRECTION('',(-1.83690953073357E-16,0.0,1.0));
#2264=SURFACE_STYLE_FILL_AREA(#3234);
#2265=ORIENTED_EDGE('',*,*,#3235,.T.);
#2266=ORIENTED_EDGE('',*,*,#3236,.F.);
#2267=ORIENTED_EDGE('',*,*,#3237,.T.);
#2268=ORIENTED_EDGE('',*,*,#3229,.T.);
#2269=CARTESIAN_POINT('',(3.001,0.2,0.75));
#2270=DIRECTION('',(1.0,-6.12303176911189E-17,1.83690953073357E-16));
#2271=DIRECTION('',(-1.83690953073357E-16,0.0,1.0));
#2272=SURFACE_STYLE_FILL_AREA(#3238);
#2273=ORIENTED_EDGE('',*,*,#3205,.F.);
#2274=ORIENTED_EDGE('',*,*,#3239,.F.);
#2275=ORIENTED_EDGE('',*,*,#3236,.T.);
#2276=ORIENTED_EDGE('',*,*,#3240,.T.);
#2277=ORIENTED_EDGE('',*,*,#3232,.F.);
#2278=ORIENTED_EDGE('',*,*,#3045,.F.);
#2279=CARTESIAN_POINT('',(2.8635,0.2,0.625));
#2280=DIRECTION('',(1.33226270135849E-16,3.08996856844515E-33,-1.0));
#2281=DIRECTION('',(1.0,-6.12303176911189E-17,1.33226270135849E-16));
#2282=SURFACE_STYLE_FILL_AREA(#3241);
#2283=ORIENTED_EDGE('',*,*,#3235,.F.);
#2284=ORIENTED_EDGE('',*,*,#3228,.F.);
#2285=ORIENTED_EDGE('',*,*,#3233,.F.);
#2286=ORIENTED_EDGE('',*,*,#3240,.F.);
#2287=CARTESIAN_POINT('',(2.82342604109813,5.55111512312578E-17,0.75));
#2288=DIRECTION('',(-6.12303176911189E-17,-1.0,-1.1247455413666E-32));
#2289=DIRECTION('',(-1.83690953073357E-16,0.0,1.0));
#2290=SURFACE_STYLE_FILL_AREA(#3242);
#2291=ORIENTED_EDGE('',*,*,#3204,.F.);
#2292=ORIENTED_EDGE('',*,*,#3230,.T.);
#2293=ORIENTED_EDGE('',*,*,#3237,.F.);
#2294=ORIENTED_EDGE('',*,*,#3239,.T.);
#2295=CARTESIAN_POINT('',(2.82342604109813,0.2,0.75));
#2296=DIRECTION('',(-6.12303176911189E-17,-1.0,-1.1247455413666E-32));
#2297=DIRECTION('',(-1.83690953073357E-16,0.0,1.0));
#2298=SURFACE_STYLE_FILL_AREA(#3243);
#2299=ORIENTED_EDGE('',*,*,#3050,.F.);
#2300=ORIENTED_EDGE('',*,*,#3244,.F.);
#2301=ORIENTED_EDGE('',*,*,#3245,.F.);
#2302=ORIENTED_EDGE('',*,*,#3246,.T.);
#2303=ORIENTED_EDGE('',*,*,#3247,.T.);
#2304=ORIENTED_EDGE('',*,*,#3248,.F.);
#2305=CARTESIAN_POINT('',(2.375,0.2,1.3635));
#2306=DIRECTION('',(1.0,3.08996856844515E-33,7.19959524447306E-17));
#2307=DIRECTION('',(-7.19959524447306E-17,-6.12303176911189E-17,1.0));
#2308=SURFACE_STYLE_FILL_AREA(#3249);
#2309=ORIENTED_EDGE('',*,*,#3250,.F.);
#2310=ORIENTED_EDGE('',*,*,#3251,.T.);
#2311=ORIENTED_EDGE('',*,*,#3252,.F.);
#2312=ORIENTED_EDGE('',*,*,#3245,.T.);
#2313=CARTESIAN_POINT('',(2.25,0.2,1.32342604109813));
#2314=DIRECTION('',(7.49830360911069E-33,-1.0,-6.12303176911189E-17));
#2315=DIRECTION('',(-1.0,0.0,-1.22460635382238E-16));
#2316=SURFACE_STYLE_FILL_AREA(#3253);
#2317=ORIENTED_EDGE('',*,*,#3254,.T.);
#2318=ORIENTED_EDGE('',*,*,#3246,.F.);
#2319=ORIENTED_EDGE('',*,*,#3252,.T.);
#2320=ORIENTED_EDGE('',*,*,#3255,.T.);
#2321=CARTESIAN_POINT('',(2.25,0.2,1.501));
#2322=DIRECTION('',(-1.22460635382238E-16,-6.12303176911189E-17,1.0));
#2323=DIRECTION('',(-1.0,0.0,-1.22460635382238E-16));
#2324=SURFACE_STYLE_FILL_AREA(#3256);
#2325=ORIENTED_EDGE('',*,*,#3051,.F.);
#2326=ORIENTED_EDGE('',*,*,#3248,.T.);
#2327=ORIENTED_EDGE('',*,*,#3257,.T.);
#2328=ORIENTED_EDGE('',*,*,#3258,.F.);
#2329=CARTESIAN_POINT('',(2.25,0.2,1.226));
#2330=DIRECTION('',(7.49830360911069E-33,-1.0,-6.12303176911189E-17));
#2331=DIRECTION('',(-1.0,0.0,-1.22460635382238E-16));
#2332=SURFACE_STYLE_FILL_AREA(#3259);
#2333=ORIENTED_EDGE('',*,*,#3052,.F.);
#2334=ORIENTED_EDGE('',*,*,#3258,.T.);
#2335=ORIENTED_EDGE('',*,*,#3260,.T.);
#2336=ORIENTED_EDGE('',*,*,#3255,.F.);
#2337=ORIENTED_EDGE('',*,*,#3251,.F.);
#2338=ORIENTED_EDGE('',*,*,#3261,.F.);
#2339=CARTESIAN_POINT('',(2.125,0.2,1.3635));
#2340=DIRECTION('',(-1.0,-6.17993713689029E-33,-2.15312695072235E-17));
#2341=DIRECTION('',(2.15312695072235E-17,6.12303176911189E-17,-1.0));
#2342=SURFACE_STYLE_FILL_AREA(#3262);
#2343=ORIENTED_EDGE('',*,*,#3254,.F.);
#2344=ORIENTED_EDGE('',*,*,#3260,.F.);
#2345=ORIENTED_EDGE('',*,*,#3257,.F.);
#2346=ORIENTED_EDGE('',*,*,#3247,.F.);
#2347=CARTESIAN_POINT('',(2.25,5.55111512312578E-17,1.32342604109813));
#2348=DIRECTION('',(7.49830360911069E-33,-1.0,-6.12303176911189E-17));
#2349=DIRECTION('',(-1.0,0.0,-1.22460635382238E-16));
#2350=SURFACE_STYLE_FILL_AREA(#3263);
#2351=ORIENTED_EDGE('',*,*,#3264,.F.);
#2352=ORIENTED_EDGE('',*,*,#3056,.F.);
#2353=ORIENTED_EDGE('',*,*,#3265,.T.);
#2354=ORIENTED_EDGE('',*,*,#3266,.T.);
#2355=ORIENTED_EDGE('',*,*,#3267,.F.);
#2356=ORIENTED_EDGE('',*,*,#3268,.F.);
#2357=CARTESIAN_POINT('',(1.625,0.2,1.3635));
#2358=DIRECTION('',(-1.0,-6.17993713689029E-33,-2.15312695072235E-17));
#2359=DIRECTION('',(2.15312695072235E-17,6.12303176911189E-17,-1.0));
#2360=SURFACE_STYLE_FILL_AREA(#3269);
#2361=ORIENTED_EDGE('',*,*,#3055,.F.);
#2362=ORIENTED_EDGE('',*,*,#3270,.T.);
#2363=ORIENTED_EDGE('',*,*,#3271,.T.);
#2364=ORIENTED_EDGE('',*,*,#3265,.F.);
#2365=CARTESIAN_POINT('',(1.75,0.2,1.226));
#2366=DIRECTION('',(7.49830360911069E-33,-1.0,-6.12303176911189E-17));
#2367=DIRECTION('',(-1.0,0.0,-1.22460635382238E-16));
#2368=SURFACE_STYLE_FILL_AREA(#3272);
#2369=ORIENTED_EDGE('',*,*,#3273,.T.);
#2370=ORIENTED_EDGE('',*,*,#3274,.F.);
#2371=ORIENTED_EDGE('',*,*,#3275,.T.);
#2372=ORIENTED_EDGE('',*,*,#3267,.T.);
#2373=CARTESIAN_POINT('',(1.75,0.2,1.501));
#2374=DIRECTION('',(-1.22460635382238E-16,-6.12303176911189E-17,1.0));
#2375=DIRECTION('',(-1.0,0.0,-1.22460635382238E-16));
#2376=SURFACE_STYLE_FILL_AREA(#3276);
#2377=ORIENTED_EDGE('',*,*,#3277,.F.);
#2378=ORIENTED_EDGE('',*,*,#3278,.F.);
#2379=ORIENTED_EDGE('',*,*,#3274,.T.);
#2380=ORIENTED_EDGE('',*,*,#3279,.T.);
#2381=ORIENTED_EDGE('',*,*,#3270,.F.);
#2382=ORIENTED_EDGE('',*,*,#3054,.F.);
#2383=CARTESIAN_POINT('',(1.875,0.2,1.3635));
#2384=DIRECTION('',(1.0,3.08996856844515E-33,7.19959524447306E-17));
#2385=DIRECTION('',(-7.19959524447306E-17,-6.12303176911189E-17,1.0));
#2386=SURFACE_STYLE_FILL_AREA(#3280);
#2387=ORIENTED_EDGE('',*,*,#3273,.F.);
#2388=ORIENTED_EDGE('',*,*,#3266,.F.);
#2389=ORIENTED_EDGE('',*,*,#3271,.F.);
#2390=ORIENTED_EDGE('',*,*,#3279,.F.);
#2391=CARTESIAN_POINT('',(1.75,5.55111512312578E-17,1.32342604109813));
#2392=DIRECTION('',(7.49830360911069E-33,-1.0,-6.12303176911189E-17));
#2393=DIRECTION('',(-1.0,0.0,-1.22460635382238E-16));
#2394=SURFACE_STYLE_FILL_AREA(#3281);
#2395=ORIENTED_EDGE('',*,*,#3282,.F.);
#2396=ORIENTED_EDGE('',*,*,#3268,.T.);
#2397=ORIENTED_EDGE('',*,*,#3275,.F.);
#2398=ORIENTED_EDGE('',*,*,#3278,.T.);
#2399=CARTESIAN_POINT('',(1.75,0.2,1.32342604109813));
#2400=DIRECTION('',(7.49830360911069E-33,-1.0,-6.12303176911189E-17));
#2401=DIRECTION('',(-1.0,0.0,-1.22460635382238E-16));
#2402=SURFACE_STYLE_FILL_AREA(#3283);
#2403=ORIENTED_EDGE('',*,*,#3244,.T.);
#2404=ORIENTED_EDGE('',*,*,#3049,.F.);
#2405=ORIENTED_EDGE('',*,*,#3202,.F.);
#2406=ORIENTED_EDGE('',*,*,#3284,.T.);
#2407=ORIENTED_EDGE('',*,*,#3285,.F.);
#2408=ORIENTED_EDGE('',*,*,#3065,.F.);
#2409=ORIENTED_EDGE('',*,*,#3286,.T.);
#2410=ORIENTED_EDGE('',*,*,#3287,.T.);
#2411=ORIENTED_EDGE('',*,*,#3288,.T.);
#2412=ORIENTED_EDGE('',*,*,#3061,.F.);
#2413=ORIENTED_EDGE('',*,*,#3289,.T.);
#2414=ORIENTED_EDGE('',*,*,#3290,.T.);
#2415=ORIENTED_EDGE('',*,*,#3291,.T.);
#2416=ORIENTED_EDGE('',*,*,#3057,.F.);
#2417=ORIENTED_EDGE('',*,*,#3264,.T.);
#2418=ORIENTED_EDGE('',*,*,#3282,.T.);
#2419=ORIENTED_EDGE('',*,*,#3277,.T.);
#2420=ORIENTED_EDGE('',*,*,#3053,.F.);
#2421=ORIENTED_EDGE('',*,*,#3261,.T.);
#2422=ORIENTED_EDGE('',*,*,#3250,.T.);
#2423=CARTESIAN_POINT('',(1.5,0.3875,1.5));
#2424=DIRECTION('',(6.12303176911189E-17,0.0,-1.0));
#2425=DIRECTION('',(-1.0,0.0,-6.12303176911189E-17));
#2426=SURFACE_STYLE_FILL_AREA(#3292);
#2427=ORIENTED_EDGE('',*,*,#3058,.F.);
#2428=ORIENTED_EDGE('',*,*,#3291,.F.);
#2429=ORIENTED_EDGE('',*,*,#3293,.F.);
#2430=ORIENTED_EDGE('',*,*,#3294,.T.);
#2431=ORIENTED_EDGE('',*,*,#3295,.T.);
#2432=ORIENTED_EDGE('',*,*,#3296,.F.);
#2433=CARTESIAN_POINT('',(1.375,0.2,1.3635));
#2434=DIRECTION('',(1.0,3.08996856844515E-33,7.19959524447306E-17));
#2435=DIRECTION('',(-7.19959524447306E-17,-6.12303176911189E-17,1.0));
#2436=SURFACE_STYLE_FILL_AREA(#3297);
#2437=ORIENTED_EDGE('',*,*,#3290,.F.);
#2438=ORIENTED_EDGE('',*,*,#3298,.T.);
#2439=ORIENTED_EDGE('',*,*,#3299,.F.);
#2440=ORIENTED_EDGE('',*,*,#3293,.T.);
#2441=CARTESIAN_POINT('',(1.25,0.2,1.32342604109813));
#2442=DIRECTION('',(7.49830360911069E-33,-1.0,-6.12303176911189E-17));
#2443=DIRECTION('',(-1.0,0.0,-1.22460635382238E-16));
#2444=SURFACE_STYLE_FILL_AREA(#3300);
#2445=ORIENTED_EDGE('',*,*,#3301,.T.);
#2446=ORIENTED_EDGE('',*,*,#3294,.F.);
#2447=ORIENTED_EDGE('',*,*,#3299,.T.);
#2448=ORIENTED_EDGE('',*,*,#3302,.T.);
#2449=CARTESIAN_POINT('',(1.25,0.2,1.501));
#2450=DIRECTION('',(-1.22460635382238E-16,-6.12303176911189E-17,1.0));
#2451=DIRECTION('',(-1.0,0.0,-1.22460635382238E-16));
#2452=SURFACE_STYLE_FILL_AREA(#3303);
#2453=ORIENTED_EDGE('',*,*,#3059,.F.);
#2454=ORIENTED_EDGE('',*,*,#3296,.T.);
#2455=ORIENTED_EDGE('',*,*,#3304,.T.);
#2456=ORIENTED_EDGE('',*,*,#3305,.F.);
#2457=CARTESIAN_POINT('',(1.25,0.2,1.226));
#2458=DIRECTION('',(7.49830360911069E-33,-1.0,-6.12303176911189E-17));
#2459=DIRECTION('',(-1.0,0.0,-1.22460635382238E-16));
#2460=SURFACE_STYLE_FILL_AREA(#3306);
#2461=ORIENTED_EDGE('',*,*,#3060,.F.);
#2462=ORIENTED_EDGE('',*,*,#3305,.T.);
#2463=ORIENTED_EDGE('',*,*,#3307,.T.);
#2464=ORIENTED_EDGE('',*,*,#3302,.F.);
#2465=ORIENTED_EDGE('',*,*,#3298,.F.);
#2466=ORIENTED_EDGE('',*,*,#3289,.F.);
#2467=CARTESIAN_POINT('',(1.125,0.2,1.3635));
#2468=DIRECTION('',(-1.0,-6.17993713689029E-33,-2.15312695072235E-17));
#2469=DIRECTION('',(2.15312695072235E-17,6.12303176911189E-17,-1.0));
#2470=SURFACE_STYLE_FILL_AREA(#3308);
#2471=ORIENTED_EDGE('',*,*,#3301,.F.);
#2472=ORIENTED_EDGE('',*,*,#3307,.F.);
#2473=ORIENTED_EDGE('',*,*,#3304,.F.);
#2474=ORIENTED_EDGE('',*,*,#3295,.F.);
#2475=CARTESIAN_POINT('',(1.25,5.55111512312578E-17,1.32342604109813));
#2476=DIRECTION('',(7.49830360911069E-33,-1.0,-6.12303176911189E-17));
#2477=DIRECTION('',(-1.0,0.0,-1.22460635382238E-16));
#2478=SURFACE_STYLE_FILL_AREA(#3309);
#2479=ORIENTED_EDGE('',*,*,#3286,.F.);
#2480=ORIENTED_EDGE('',*,*,#3064,.F.);
#2481=ORIENTED_EDGE('',*,*,#3310,.T.);
#2482=ORIENTED_EDGE('',*,*,#3311,.T.);
#2483=ORIENTED_EDGE('',*,*,#3312,.F.);
#2484=ORIENTED_EDGE('',*,*,#3313,.F.);
#2485=CARTESIAN_POINT('',(0.625,0.2,1.3635));
#2486=DIRECTION('',(-1.0,-6.17993713689029E-33,-2.15312695072235E-17));
#2487=DIRECTION('',(2.15312695072235E-17,6.12303176911189E-17,-1.0));
#2488=SURFACE_STYLE_FILL_AREA(#3314);
#2489=ORIENTED_EDGE('',*,*,#3063,.F.);
#2490=ORIENTED_EDGE('',*,*,#3315,.T.);
#2491=ORIENTED_EDGE('',*,*,#3316,.T.);
#2492=ORIENTED_EDGE('',*,*,#3310,.F.);
#2493=CARTESIAN_POINT('',(0.75,0.2,1.226));
#2494=DIRECTION('',(7.49830360911069E-33,-1.0,-6.12303176911189E-17));
#2495=DIRECTION('',(-1.0,0.0,-1.22460635382238E-16));
#2496=SURFACE_STYLE_FILL_AREA(#3317);
#2497=ORIENTED_EDGE('',*,*,#3318,.T.);
#2498=ORIENTED_EDGE('',*,*,#3319,.F.);
#2499=ORIENTED_EDGE('',*,*,#3320,.T.);
#2500=ORIENTED_EDGE('',*,*,#3312,.T.);
#2501=CARTESIAN_POINT('',(0.75,0.2,1.501));
#2502=DIRECTION('',(-1.22460635382238E-16,-6.12303176911189E-17,1.0));
#2503=DIRECTION('',(-1.0,0.0,-1.22460635382238E-16));
#2504=SURFACE_STYLE_FILL_AREA(#3321);
#2505=ORIENTED_EDGE('',*,*,#3288,.F.);
#2506=ORIENTED_EDGE('',*,*,#3322,.F.);
#2507=ORIENTED_EDGE('',*,*,#3319,.T.);
#2508=ORIENTED_EDGE('',*,*,#3323,.T.);
#2509=ORIENTED_EDGE('',*,*,#3315,.F.);
#2510=ORIENTED_EDGE('',*,*,#3062,.F.);
#2511=CARTESIAN_POINT('',(0.875,0.2,1.3635));
#2512=DIRECTION('',(1.0,3.08996856844515E-33,7.19959524447306E-17));
#2513=DIRECTION('',(-7.19959524447306E-17,-6.12303176911189E-17,1.0));
#2514=SURFACE_STYLE_FILL_AREA(#3324);
#2515=ORIENTED_EDGE('',*,*,#3318,.F.);
#2516=ORIENTED_EDGE('',*,*,#3311,.F.);
#2517=ORIENTED_EDGE('',*,*,#3316,.F.);
#2518=ORIENTED_EDGE('',*,*,#3323,.F.);
#2519=CARTESIAN_POINT('',(0.75,5.55111512312578E-17,1.32342604109813));
#2520=DIRECTION('',(7.49830360911069E-33,-1.0,-6.12303176911189E-17));
#2521=DIRECTION('',(-1.0,0.0,-1.22460635382238E-16));
#2522=SURFACE_STYLE_FILL_AREA(#3325);
#2523=ORIENTED_EDGE('',*,*,#3287,.F.);
#2524=ORIENTED_EDGE('',*,*,#3313,.T.);
#2525=ORIENTED_EDGE('',*,*,#3320,.F.);
#2526=ORIENTED_EDGE('',*,*,#3322,.T.);
#2527=CARTESIAN_POINT('',(0.75,0.2,1.32342604109813));
#2528=DIRECTION('',(7.49830360911069E-33,-1.0,-6.12303176911189E-17));
#2529=DIRECTION('',(-1.0,0.0,-1.22460635382238E-16));
#2530=SURFACE_STYLE_FILL_AREA(#3326);
#2531=ORIENTED_EDGE('',*,*,#3327,.F.);
#2532=ORIENTED_EDGE('',*,*,#3081,.F.);
#2533=ORIENTED_EDGE('',*,*,#3328,.T.);
#2534=ORIENTED_EDGE('',*,*,#3329,.T.);
#2535=ORIENTED_EDGE('',*,*,#3330,.F.);
#2536=ORIENTED_EDGE('',*,*,#3331,.F.);
#2537=CARTESIAN_POINT('',(0.1365,0.2,-0.875));
#2538=DIRECTION('',(-3.96990481838954E-17,-6.17993713689029E-33,-1.0));
#2539=DIRECTION('',(1.0,6.12303176911189E-17,-3.96990481838954E-17));
#2540=SURFACE_STYLE_FILL_AREA(#3332);
#2541=ORIENTED_EDGE('',*,*,#3080,.F.);
#2542=ORIENTED_EDGE('',*,*,#3333,.T.);
#2543=ORIENTED_EDGE('',*,*,#3334,.T.);
#2544=ORIENTED_EDGE('',*,*,#3328,.F.);
#2545=CARTESIAN_POINT('',(0.274,0.2,-0.75));
#2546=DIRECTION('',(6.12303176911189E-17,-1.0,3.74915180455534E-33));
#2547=DIRECTION('',(6.12303176911189E-17,0.0,-1.0));
#2548=SURFACE_STYLE_FILL_AREA(#3335);
#2549=ORIENTED_EDGE('',*,*,#3336,.T.);
#2550=ORIENTED_EDGE('',*,*,#3337,.F.);
#2551=ORIENTED_EDGE('',*,*,#3338,.T.);
#2552=ORIENTED_EDGE('',*,*,#3330,.T.);
#2553=CARTESIAN_POINT('',(-0.00099999999999989,0.2,-0.75));
#2554=DIRECTION('',(-1.0,-6.12303176911189E-17,-6.12303176911189E-17));
#2555=DIRECTION('',(6.12303176911189E-17,0.0,-1.0));
#2556=SURFACE_STYLE_FILL_AREA(#3339);
#2557=ORIENTED_EDGE('',*,*,#3340,.F.);
#2558=ORIENTED_EDGE('',*,*,#3341,.F.);
#2559=ORIENTED_EDGE('',*,*,#3337,.T.);
#2560=ORIENTED_EDGE('',*,*,#3342,.T.);
#2561=ORIENTED_EDGE('',*,*,#3333,.F.);
#2562=ORIENTED_EDGE('',*,*,#3079,.F.);
#2563=CARTESIAN_POINT('',(0.1365,0.2,-0.625));
#2564=DIRECTION('',(-1.07656347536117E-17,3.08996856844515E-33,1.0));
#2565=DIRECTION('',(-1.0,-6.12303176911189E-17,-1.07656347536117E-17));
#2566=SURFACE_STYLE_FILL_AREA(#3343);
#2567=ORIENTED_EDGE('',*,*,#3336,.F.);
#2568=ORIENTED_EDGE('',*,*,#3329,.F.);
#2569=ORIENTED_EDGE('',*,*,#3334,.F.);
#2570=ORIENTED_EDGE('',*,*,#3342,.F.);
#2571=CARTESIAN_POINT('',(0.176573958901866,5.55111512312578E-17,-0.75));
#2572=DIRECTION('',(6.12303176911189E-17,-1.0,3.74915180455534E-33));
#2573=DIRECTION('',(6.12303176911189E-17,0.0,-1.0));
#2574=SURFACE_STYLE_FILL_AREA(#3344);
#2575=ORIENTED_EDGE('',*,*,#3345,.F.);
#2576=ORIENTED_EDGE('',*,*,#3331,.T.);
#2577=ORIENTED_EDGE('',*,*,#3338,.F.);
#2578=ORIENTED_EDGE('',*,*,#3341,.T.);
#2579=CARTESIAN_POINT('',(0.176573958901866,0.2,-0.75));
#2580=DIRECTION('',(6.12303176911189E-17,-1.0,3.74915180455534E-33));
#2581=DIRECTION('',(6.12303176911189E-17,0.0,-1.0));
#2582=SURFACE_STYLE_FILL_AREA(#3346);
#2583=ORIENTED_EDGE('',*,*,#3327,.T.);
#2584=ORIENTED_EDGE('',*,*,#3345,.T.);
#2585=ORIENTED_EDGE('',*,*,#3340,.T.);
#2586=ORIENTED_EDGE('',*,*,#3078,.T.);
#2587=ORIENTED_EDGE('',*,*,#3347,.T.);
#2588=ORIENTED_EDGE('',*,*,#3348,.T.);
#2589=ORIENTED_EDGE('',*,*,#3349,.T.);
#2590=ORIENTED_EDGE('',*,*,#3074,.T.);
#2591=ORIENTED_EDGE('',*,*,#3350,.T.);
#2592=ORIENTED_EDGE('',*,*,#3351,.T.);
#2593=ORIENTED_EDGE('',*,*,#3352,.T.);
#2594=ORIENTED_EDGE('',*,*,#3070,.T.);
#2595=ORIENTED_EDGE('',*,*,#3353,.T.);
#2596=ORIENTED_EDGE('',*,*,#3354,.T.);
#2597=ORIENTED_EDGE('',*,*,#3355,.T.);
#2598=ORIENTED_EDGE('',*,*,#3066,.T.);
#2599=ORIENTED_EDGE('',*,*,#3285,.T.);
#2600=ORIENTED_EDGE('',*,*,#3356,.T.);
#2601=ORIENTED_EDGE('',*,*,#3123,.T.);
#2602=ORIENTED_EDGE('',*,*,#3082,.T.);
#2603=CARTESIAN_POINT('',(0.0,0.3875,-9.18454765366783E-17));
#2604=DIRECTION('',(1.0,0.0,6.12303176911189E-17));
#2605=DIRECTION('',(6.12303176911189E-17,0.0,-1.0));
#2606=SURFACE_STYLE_FILL_AREA(#3357);
#2607=ORIENTED_EDGE('',*,*,#3075,.F.);
#2608=ORIENTED_EDGE('',*,*,#3349,.F.);
#2609=ORIENTED_EDGE('',*,*,#3358,.F.);
#2610=ORIENTED_EDGE('',*,*,#3359,.T.);
#2611=ORIENTED_EDGE('',*,*,#3360,.T.);
#2612=ORIENTED_EDGE('',*,*,#3361,.F.);
#2613=CARTESIAN_POINT('',(0.1365,0.2,-0.125));
#2614=DIRECTION('',(-1.07656347536117E-17,3.08996856844515E-33,1.0));
#2615=DIRECTION('',(-1.0,-6.12303176911189E-17,-1.07656347536117E-17));
#2616=SURFACE_STYLE_FILL_AREA(#3362);
#2617=ORIENTED_EDGE('',*,*,#3348,.F.);
#2618=ORIENTED_EDGE('',*,*,#3363,.T.);
#2619=ORIENTED_EDGE('',*,*,#3364,.F.);
#2620=ORIENTED_EDGE('',*,*,#3358,.T.);
#2621=CARTESIAN_POINT('',(0.176573958901866,0.2,-0.25));
#2622=DIRECTION('',(6.12303176911189E-17,-1.0,3.74915180455534E-33));
#2623=DIRECTION('',(6.12303176911189E-17,0.0,-1.0));
#2624=SURFACE_STYLE_FILL_AREA(#3365);
#2625=ORIENTED_EDGE('',*,*,#3366,.T.);
#2626=ORIENTED_EDGE('',*,*,#3359,.F.);
#2627=ORIENTED_EDGE('',*,*,#3364,.T.);
#2628=ORIENTED_EDGE('',*,*,#3367,.T.);
#2629=CARTESIAN_POINT('',(-0.00099999999999989,0.2,-0.25));
#2630=DIRECTION('',(-1.0,-6.12303176911189E-17,-6.12303176911189E-17));
#2631=DIRECTION('',(6.12303176911189E-17,0.0,-1.0));
#2632=SURFACE_STYLE_FILL_AREA(#3368);
#2633=ORIENTED_EDGE('',*,*,#3076,.F.);
#2634=ORIENTED_EDGE('',*,*,#3361,.T.);
#2635=ORIENTED_EDGE('',*,*,#3369,.T.);
#2636=ORIENTED_EDGE('',*,*,#3370,.F.);
#2637=CARTESIAN_POINT('',(0.274,0.2,-0.25));
#2638=DIRECTION('',(6.12303176911189E-17,-1.0,3.74915180455534E-33));
#2639=DIRECTION('',(6.12303176911189E-17,0.0,-1.0));
#2640=SURFACE_STYLE_FILL_AREA(#3371);
#2641=ORIENTED_EDGE('',*,*,#3077,.F.);
#2642=ORIENTED_EDGE('',*,*,#3370,.T.);
#2643=ORIENTED_EDGE('',*,*,#3372,.T.);
#2644=ORIENTED_EDGE('',*,*,#3367,.F.);
#2645=ORIENTED_EDGE('',*,*,#3363,.F.);
#2646=ORIENTED_EDGE('',*,*,#3347,.F.);
#2647=CARTESIAN_POINT('',(0.1365,0.2,-0.375));
#2648=DIRECTION('',(-3.96990481838954E-17,-6.17993713689029E-33,-1.0));
#2649=DIRECTION('',(1.0,6.12303176911189E-17,-3.96990481838954E-17));
#2650=SURFACE_STYLE_FILL_AREA(#3373);
#2651=ORIENTED_EDGE('',*,*,#3366,.F.);
#2652=ORIENTED_EDGE('',*,*,#3372,.F.);
#2653=ORIENTED_EDGE('',*,*,#3369,.F.);
#2654=ORIENTED_EDGE('',*,*,#3360,.F.);
#2655=CARTESIAN_POINT('',(0.176573958901866,5.55111512312578E-17,-0.25));
#2656=DIRECTION('',(6.12303176911189E-17,-1.0,3.74915180455534E-33));
#2657=DIRECTION('',(6.12303176911189E-17,0.0,-1.0));
#2658=SURFACE_STYLE_FILL_AREA(#3374);
#2659=ORIENTED_EDGE('',*,*,#3350,.F.);
#2660=ORIENTED_EDGE('',*,*,#3073,.F.);
#2661=ORIENTED_EDGE('',*,*,#3375,.T.);
#2662=ORIENTED_EDGE('',*,*,#3376,.T.);
#2663=ORIENTED_EDGE('',*,*,#3377,.F.);
#2664=ORIENTED_EDGE('',*,*,#3378,.F.);
#2665=CARTESIAN_POINT('',(0.1365,0.2,0.125));
#2666=DIRECTION('',(-3.96990481838954E-17,-6.17993713689029E-33,-1.0));
#2667=DIRECTION('',(1.0,6.12303176911189E-17,-3.96990481838954E-17));
#2668=SURFACE_STYLE_FILL_AREA(#3379);
#2669=ORIENTED_EDGE('',*,*,#3072,.F.);
#2670=ORIENTED_EDGE('',*,*,#3380,.T.);
#2671=ORIENTED_EDGE('',*,*,#3381,.T.);
#2672=ORIENTED_EDGE('',*,*,#3375,.F.);
#2673=CARTESIAN_POINT('',(0.274,0.2,0.25));
#2674=DIRECTION('',(6.12303176911189E-17,-1.0,3.74915180455534E-33));
#2675=DIRECTION('',(6.12303176911189E-17,0.0,-1.0));
#2676=SURFACE_STYLE_FILL_AREA(#3382);
#2677=ORIENTED_EDGE('',*,*,#3383,.T.);
#2678=ORIENTED_EDGE('',*,*,#3384,.F.);
#2679=ORIENTED_EDGE('',*,*,#3385,.T.);
#2680=ORIENTED_EDGE('',*,*,#3377,.T.);
#2681=CARTESIAN_POINT('',(-0.00099999999999989,0.2,0.25));
#2682=DIRECTION('',(-1.0,-6.12303176911189E-17,-6.12303176911189E-17));
#2683=DIRECTION('',(6.12303176911189E-17,0.0,-1.0));
#2684=SURFACE_STYLE_FILL_AREA(#3386);
#2685=ORIENTED_EDGE('',*,*,#3352,.F.);
#2686=ORIENTED_EDGE('',*,*,#3387,.F.);
#2687=ORIENTED_EDGE('',*,*,#3384,.T.);
#2688=ORIENTED_EDGE('',*,*,#3388,.T.);
#2689=ORIENTED_EDGE('',*,*,#3380,.F.);
#2690=ORIENTED_EDGE('',*,*,#3071,.F.);
#2691=CARTESIAN_POINT('',(0.1365,0.2,0.375));
#2692=DIRECTION('',(-1.07656347536117E-17,3.08996856844515E-33,1.0));
#2693=DIRECTION('',(-1.0,-6.12303176911189E-17,-1.07656347536117E-17));
#2694=SURFACE_STYLE_FILL_AREA(#3389);
#2695=ORIENTED_EDGE('',*,*,#3383,.F.);
#2696=ORIENTED_EDGE('',*,*,#3376,.F.);
#2697=ORIENTED_EDGE('',*,*,#3381,.F.);
#2698=ORIENTED_EDGE('',*,*,#3388,.F.);
#2699=CARTESIAN_POINT('',(0.176573958901866,5.55111512312578E-17,0.25));
#2700=DIRECTION('',(6.12303176911189E-17,-1.0,3.74915180455534E-33));
#2701=DIRECTION('',(6.12303176911189E-17,0.0,-1.0));
#2702=SURFACE_STYLE_FILL_AREA(#3390);
#2703=ORIENTED_EDGE('',*,*,#3351,.F.);
#2704=ORIENTED_EDGE('',*,*,#3378,.T.);
#2705=ORIENTED_EDGE('',*,*,#3385,.F.);
#2706=ORIENTED_EDGE('',*,*,#3387,.T.);
#2707=CARTESIAN_POINT('',(0.176573958901866,0.2,0.25));
#2708=DIRECTION('',(6.12303176911189E-17,-1.0,3.74915180455534E-33));
#2709=DIRECTION('',(6.12303176911189E-17,0.0,-1.0));
#2710=SURFACE_STYLE_FILL_AREA(#3391);
#2711=ORIENTED_EDGE('',*,*,#3067,.F.);
#2712=ORIENTED_EDGE('',*,*,#3355,.F.);
#2713=ORIENTED_EDGE('',*,*,#3392,.F.);
#2714=ORIENTED_EDGE('',*,*,#3393,.T.);
#2715=ORIENTED_EDGE('',*,*,#3394,.T.);
#2716=ORIENTED_EDGE('',*,*,#3395,.F.);
#2717=CARTESIAN_POINT('',(0.1365,0.2,0.875));
#2718=DIRECTION('',(-1.07656347536117E-17,3.08996856844515E-33,1.0));
#2719=DIRECTION('',(-1.0,-6.12303176911189E-17,-1.07656347536117E-17));
#2720=SURFACE_STYLE_FILL_AREA(#3396);
#2721=ORIENTED_EDGE('',*,*,#3354,.F.);
#2722=ORIENTED_EDGE('',*,*,#3397,.T.);
#2723=ORIENTED_EDGE('',*,*,#3398,.F.);
#2724=ORIENTED_EDGE('',*,*,#3392,.T.);
#2725=CARTESIAN_POINT('',(0.176573958901866,0.2,0.75));
#2726=DIRECTION('',(6.12303176911189E-17,-1.0,3.74915180455534E-33));
#2727=DIRECTION('',(6.12303176911189E-17,0.0,-1.0));
#2728=SURFACE_STYLE_FILL_AREA(#3399);
#2729=ORIENTED_EDGE('',*,*,#3400,.T.);
#2730=ORIENTED_EDGE('',*,*,#3393,.F.);
#2731=ORIENTED_EDGE('',*,*,#3398,.T.);
#2732=ORIENTED_EDGE('',*,*,#3401,.T.);
#2733=CARTESIAN_POINT('',(-0.00099999999999989,0.2,0.75));
#2734=DIRECTION('',(-1.0,-6.12303176911189E-17,-6.12303176911189E-17));
#2735=DIRECTION('',(6.12303176911189E-17,0.0,-1.0));
#2736=SURFACE_STYLE_FILL_AREA(#3402);
#2737=ORIENTED_EDGE('',*,*,#3068,.F.);
#2738=ORIENTED_EDGE('',*,*,#3395,.T.);
#2739=ORIENTED_EDGE('',*,*,#3403,.T.);
#2740=ORIENTED_EDGE('',*,*,#3404,.F.);
#2741=CARTESIAN_POINT('',(0.274,0.2,0.75));
#2742=DIRECTION('',(6.12303176911189E-17,-1.0,3.74915180455534E-33));
#2743=DIRECTION('',(6.12303176911189E-17,0.0,-1.0));
#2744=SURFACE_STYLE_FILL_AREA(#3405);
#2745=ORIENTED_EDGE('',*,*,#3069,.F.);
#2746=ORIENTED_EDGE('',*,*,#3404,.T.);
#2747=ORIENTED_EDGE('',*,*,#3406,.T.);
#2748=ORIENTED_EDGE('',*,*,#3401,.F.);
#2749=ORIENTED_EDGE('',*,*,#3397,.F.);
#2750=ORIENTED_EDGE('',*,*,#3353,.F.);
#2751=CARTESIAN_POINT('',(0.1365,0.2,0.625));
#2752=DIRECTION('',(-3.96990481838954E-17,-6.17993713689029E-33,-1.0));
#2753=DIRECTION('',(1.0,6.12303176911189E-17,-3.96990481838954E-17));
#2754=SURFACE_STYLE_FILL_AREA(#3407);
#2755=ORIENTED_EDGE('',*,*,#3400,.F.);
#2756=ORIENTED_EDGE('',*,*,#3406,.F.);
#2757=ORIENTED_EDGE('',*,*,#3403,.F.);
#2758=ORIENTED_EDGE('',*,*,#3394,.F.);
#2759=CARTESIAN_POINT('',(0.176573958901866,5.55111512312578E-17,0.75));
#2760=DIRECTION('',(6.12303176911189E-17,-1.0,3.74915180455534E-33));
#2761=DIRECTION('',(6.12303176911189E-17,0.0,-1.0));
#2762=SURFACE_STYLE_FILL_AREA(#3408);
#2763=ORIENTED_EDGE('',*,*,#3026,.F.);
#2764=ORIENTED_EDGE('',*,*,#3409,.T.);
#2765=ORIENTED_EDGE('',*,*,#3410,.T.);
#2766=ORIENTED_EDGE('',*,*,#3411,.F.);
#2767=CARTESIAN_POINT('',(1.5,0.0275,-0.85));
#2768=DIRECTION('',(-8.15862134795342E-18,-4.24870678161208E-33,-1.0));
#2769=DIRECTION('',(1.0,6.12303176911189E-17,-8.15862134795342E-18));
#2770=SURFACE_STYLE_FILL_AREA(#3412);
#2771=ORIENTED_EDGE('',*,*,#3025,.F.);
#2772=ORIENTED_EDGE('',*,*,#3413,.T.);
#2773=ORIENTED_EDGE('',*,*,#3414,.T.);
#2774=ORIENTED_EDGE('',*,*,#3409,.F.);
#2775=CARTESIAN_POINT('',(2.3,0.0275000000000001,-0.8));
#2776=DIRECTION('',(6.12303176911189E-17,-1.0,3.74915180455534E-33));
#2777=DIRECTION('',(6.12303176911189E-17,0.0,-1.0));
#2778=SURFACE_STYLE_FILL_AREA(#3415);
#2779=ORIENTED_EDGE('',*,*,#3024,.F.);
#2780=ORIENTED_EDGE('',*,*,#3416,.T.);
#2781=ORIENTED_EDGE('',*,*,#3417,.T.);
#2782=ORIENTED_EDGE('',*,*,#3413,.F.);
#2783=CARTESIAN_POINT('',(2.35,0.0275000000000001,1.63068072499967E-16));
#2784=DIRECTION('',(1.0,6.12303176911189E-17,6.12303176911189E-17));
#2785=DIRECTION('',(-6.12303176911189E-17,0.0,1.0));
#2786=SURFACE_STYLE_FILL_AREA(#3418);
#2787=ORIENTED_EDGE('',*,*,#3023,.F.);
#2788=ORIENTED_EDGE('',*,*,#3419,.T.);
#2789=ORIENTED_EDGE('',*,*,#3420,.T.);
#2790=ORIENTED_EDGE('',*,*,#3416,.F.);
#2791=CARTESIAN_POINT('',(2.3,0.0275000000000001,0.8));
#2792=DIRECTION('',(6.12303176911189E-17,-1.0,3.74915180455534E-33));
#2793=DIRECTION('',(6.12303176911189E-17,0.0,-1.0));
#2794=SURFACE_STYLE_FILL_AREA(#3421);
#2795=ORIENTED_EDGE('',*,*,#3027,.F.);
#2796=ORIENTED_EDGE('',*,*,#3411,.T.);
#2797=ORIENTED_EDGE('',*,*,#3422,.T.);
#2798=ORIENTED_EDGE('',*,*,#3423,.F.);
#2799=CARTESIAN_POINT('',(0.7,0.0275,-0.8));
#2800=DIRECTION('',(6.12303176911189E-17,-1.0,3.74915180455534E-33));
#2801=DIRECTION('',(6.12303176911189E-17,0.0,-1.0));
#2802=SURFACE_STYLE_FILL_AREA(#3424);
#2803=ORIENTED_EDGE('',*,*,#3028,.F.);
#2804=ORIENTED_EDGE('',*,*,#3423,.T.);
#2805=ORIENTED_EDGE('',*,*,#3425,.T.);
#2806=ORIENTED_EDGE('',*,*,#3426,.F.);
#2807=CARTESIAN_POINT('',(0.65,0.0275,-5.2045770037451E-17));
#2808=DIRECTION('',(-1.0,-6.12303176911189E-17,-6.12303176911189E-17));
#2809=DIRECTION('',(6.12303176911189E-17,0.0,-1.0));
#2810=SURFACE_STYLE_FILL_AREA(#3427);
#2811=ORIENTED_EDGE('',*,*,#3029,.F.);
#2812=ORIENTED_EDGE('',*,*,#3426,.T.);
#2813=ORIENTED_EDGE('',*,*,#3428,.T.);
#2814=ORIENTED_EDGE('',*,*,#3429,.F.);
#2815=CARTESIAN_POINT('',(0.7,0.0275,0.8));
#2816=DIRECTION('',(6.12303176911189E-17,-1.0,3.74915180455534E-33));
#2817=DIRECTION('',(6.12303176911189E-17,0.0,-1.0));
#2818=SURFACE_STYLE_FILL_AREA(#3430);
#2819=ORIENTED_EDGE('',*,*,#3030,.F.);
#2820=ORIENTED_EDGE('',*,*,#3429,.T.);
#2821=ORIENTED_EDGE('',*,*,#3431,.T.);
#2822=ORIENTED_EDGE('',*,*,#3419,.F.);
#2823=CARTESIAN_POINT('',(1.5,0.0275,0.85));
#2824=DIRECTION('',(8.15862134795342E-18,4.24870678161208E-33,1.0));
#2825=DIRECTION('',(-1.0,-6.12303176911189E-17,8.15862134795342E-18));
#2826=SURFACE_STYLE_FILL_AREA(#3432);
#2827=ORIENTED_EDGE('',*,*,#3420,.F.);
#2828=ORIENTED_EDGE('',*,*,#3431,.F.);
#2829=ORIENTED_EDGE('',*,*,#3428,.F.);
#2830=ORIENTED_EDGE('',*,*,#3425,.F.);
#2831=ORIENTED_EDGE('',*,*,#3422,.F.);
#2832=ORIENTED_EDGE('',*,*,#3410,.F.);
#2833=ORIENTED_EDGE('',*,*,#3414,.F.);
#2834=ORIENTED_EDGE('',*,*,#3417,.F.);
#2835=CARTESIAN_POINT('',(1.5,-0.0025,4.16333634234434E-17));
#2836=DIRECTION('',(6.12303176911189E-17,-1.0,3.74915180455534E-33));
#2837=DIRECTION('',(6.12303176911189E-17,0.0,-1.0));
#2838=SURFACE_STYLE_FILL_AREA(#3433);
#2839=ORIENTED_EDGE('',*,*,#2863,.T.);
#2840=ORIENTED_EDGE('',*,*,#3434,.T.);
#2841=ORIENTED_EDGE('',*,*,#2865,.T.);
#2842=ORIENTED_EDGE('',*,*,#3435,.F.);
#2843=CARTESIAN_POINT('',(0.5,0.7875,1.0));
#2844=DIRECTION('',(0.0,1.0,0.0));
#2845=DIRECTION('',(6.12303176911189E-17,0.0,-1.0));
#2846=SURFACE_STYLE_FILL_AREA(#3436);
#2847=ORIENTED_EDGE('',*,*,#3434,.F.);
#2848=ORIENTED_EDGE('',*,*,#2866,.F.);
#2849=CARTESIAN_POINT('',(0.5,0.6875,1.0));
#2850=DIRECTION('',(0.0,-1.0,0.0));
#2851=DIRECTION('',(-6.12303176911189E-17,0.0,1.0));
#2852=SURFACE_STYLE_FILL_AREA(#3437);
#2853=ORIENTED_EDGE('',*,*,#2864,.T.);
#2854=ORIENTED_EDGE('',*,*,#3435,.T.);
#2855=ORIENTED_EDGE('',*,*,#3124,.T.);
#2856=ORIENTED_EDGE('',*,*,#3356,.F.);
#2857=ORIENTED_EDGE('',*,*,#3284,.F.);
#2858=ORIENTED_EDGE('',*,*,#3201,.F.);
#2859=CARTESIAN_POINT('',(1.5,0.7525,0.0));
#2860=DIRECTION('',(0.0,-1.0,-0.0));
#2861=DIRECTION('',(-1.0,0.0,-6.12303176911189E-17));
#2862=FILL_AREA_STYLE('',(#3438));
#2863=EDGE_CURVE('',#3439,#3440,#3441,.T.);
#2864=EDGE_CURVE('',#3442,#3439,#3443,.T.);
#2865=EDGE_CURVE('',#3444,#3442,#3445,.T.);
#2866=EDGE_CURVE('',#3444,#3440,#3446,.T.);
#2867=FILL_AREA_STYLE('',(#3447));
#2868=EDGE_CURVE('',#3448,#3449,#3450,.T.);
#2869=EDGE_CURVE('',#3448,#3451,#3452,.T.);
#2870=EDGE_CURVE('',#3451,#3453,#3454,.T.);
#2871=EDGE_CURVE('',#3449,#3453,#3455,.T.);
#2872=FILL_AREA_STYLE('',(#3456));
#2873=EDGE_CURVE('',#3457,#3448,#3458,.T.);
#2874=EDGE_CURVE('',#3457,#3459,#3460,.T.);
#2875=EDGE_CURVE('',#3459,#3451,#3461,.T.);
#2876=FILL_AREA_STYLE('',(#3462));
#2877=EDGE_CURVE('',#3463,#3457,#3464,.T.);
#2878=EDGE_CURVE('',#3463,#3465,#3466,.T.);
#2879=EDGE_CURVE('',#3465,#3459,#3467,.T.);
#2880=FILL_AREA_STYLE('',(#3468));
#2881=EDGE_CURVE('',#3469,#3463,#3470,.T.);
#2882=EDGE_CURVE('',#3469,#3471,#3472,.T.);
#2883=EDGE_CURVE('',#3471,#3465,#3473,.T.);
#2884=FILL_AREA_STYLE('',(#3474));
#2885=EDGE_CURVE('',#3449,#3475,#3476,.T.);
#2886=EDGE_CURVE('',#3453,#3477,#3478,.T.);
#2887=EDGE_CURVE('',#3475,#3477,#3479,.T.);
#2888=FILL_AREA_STYLE('',(#3480));
#2889=EDGE_CURVE('',#3475,#3481,#3482,.T.);
#2890=EDGE_CURVE('',#3477,#3483,#3484,.T.);
#2891=EDGE_CURVE('',#3481,#3483,#3485,.T.);
#2892=FILL_AREA_STYLE('',(#3486));
#2893=EDGE_CURVE('',#3481,#3487,#3488,.T.);
#2894=EDGE_CURVE('',#3483,#3489,#3490,.T.);
#2895=EDGE_CURVE('',#3487,#3489,#3491,.T.);
#2896=FILL_AREA_STYLE('',(#3492));
#2897=EDGE_CURVE('',#3487,#3469,#3493,.T.);
#2898=EDGE_CURVE('',#3489,#3471,#3494,.T.);
#2899=FILL_AREA_STYLE('',(#3495));
#2900=FILL_AREA_STYLE('',(#3496));
#2901=EDGE_CURVE('',#3497,#3498,#3499,.T.);
#2902=EDGE_CURVE('',#3497,#3500,#3501,.T.);
#2903=EDGE_CURVE('',#3500,#3502,#3503,.T.);
#2904=EDGE_CURVE('',#3498,#3502,#3504,.T.);
#2905=FILL_AREA_STYLE('',(#3505));
#2906=EDGE_CURVE('',#3506,#3497,#3507,.T.);
#2907=EDGE_CURVE('',#3506,#3508,#3509,.T.);
#2908=EDGE_CURVE('',#3508,#3500,#3510,.T.);
#2909=FILL_AREA_STYLE('',(#3511));
#2910=EDGE_CURVE('',#3512,#3506,#3513,.T.);
#2911=EDGE_CURVE('',#3512,#3514,#3515,.T.);
#2912=EDGE_CURVE('',#3514,#3508,#3516,.T.);
#2913=FILL_AREA_STYLE('',(#3517));
#2914=EDGE_CURVE('',#3518,#3512,#3519,.T.);
#2915=EDGE_CURVE('',#3518,#3520,#3521,.T.);
#2916=EDGE_CURVE('',#3520,#3514,#3522,.T.);
#2917=FILL_AREA_STYLE('',(#3523));
#2918=EDGE_CURVE('',#3498,#3524,#3525,.T.);
#2919=EDGE_CURVE('',#3502,#3526,#3527,.T.);
#2920=EDGE_CURVE('',#3524,#3526,#3528,.T.);
#2921=FILL_AREA_STYLE('',(#3529));
#2922=EDGE_CURVE('',#3524,#3530,#3531,.T.);
#2923=EDGE_CURVE('',#3526,#3532,#3533,.T.);
#2924=EDGE_CURVE('',#3530,#3532,#3534,.T.);
#2925=FILL_AREA_STYLE('',(#3535));
#2926=EDGE_CURVE('',#3530,#3536,#3537,.T.);
#2927=EDGE_CURVE('',#3532,#3538,#3539,.T.);
#2928=EDGE_CURVE('',#3536,#3538,#3540,.T.);
#2929=FILL_AREA_STYLE('',(#3541));
#2930=EDGE_CURVE('',#3536,#3518,#3542,.T.);
#2931=EDGE_CURVE('',#3538,#3520,#3543,.T.);
#2932=FILL_AREA_STYLE('',(#3544));
#2933=FILL_AREA_STYLE('',(#3545));
#2934=EDGE_CURVE('',#3546,#3547,#3548,.T.);
#2935=EDGE_CURVE('',#3546,#3549,#3550,.T.);
#2936=EDGE_CURVE('',#3549,#3551,#3552,.T.);
#2937=EDGE_CURVE('',#3547,#3551,#3553,.T.);
#2938=FILL_AREA_STYLE('',(#3554));
#2939=EDGE_CURVE('',#3555,#3546,#3556,.T.);
#2940=EDGE_CURVE('',#3555,#3557,#3558,.T.);
#2941=EDGE_CURVE('',#3557,#3549,#3559,.T.);
#2942=FILL_AREA_STYLE('',(#3560));
#2943=EDGE_CURVE('',#3561,#3555,#3562,.T.);
#2944=EDGE_CURVE('',#3561,#3563,#3564,.T.);
#2945=EDGE_CURVE('',#3563,#3557,#3565,.T.);
#2946=FILL_AREA_STYLE('',(#3566));
#2947=EDGE_CURVE('',#3567,#3561,#3568,.T.);
#2948=EDGE_CURVE('',#3567,#3569,#3570,.T.);
#2949=EDGE_CURVE('',#3569,#3563,#3571,.T.);
#2950=FILL_AREA_STYLE('',(#3572));
#2951=EDGE_CURVE('',#3547,#3573,#3574,.T.);
#2952=EDGE_CURVE('',#3551,#3575,#3576,.T.);
#2953=EDGE_CURVE('',#3573,#3575,#3577,.T.);
#2954=FILL_AREA_STYLE('',(#3578));
#2955=EDGE_CURVE('',#3573,#3579,#3580,.T.);
#2956=EDGE_CURVE('',#3575,#3581,#3582,.T.);
#2957=EDGE_CURVE('',#3579,#3581,#3583,.T.);
#2958=FILL_AREA_STYLE('',(#3584));
#2959=EDGE_CURVE('',#3579,#3585,#3586,.T.);
#2960=EDGE_CURVE('',#3581,#3587,#3588,.T.);
#2961=EDGE_CURVE('',#3585,#3587,#3589,.T.);
#2962=FILL_AREA_STYLE('',(#3590));
#2963=EDGE_CURVE('',#3585,#3567,#3591,.T.);
#2964=EDGE_CURVE('',#3587,#3569,#3592,.T.);
#2965=FILL_AREA_STYLE('',(#3593));
#2966=FILL_AREA_STYLE('',(#3594));
#2967=EDGE_CURVE('',#3595,#3596,#3597,.T.);
#2968=EDGE_CURVE('',#3595,#3598,#3599,.T.);
#2969=EDGE_CURVE('',#3598,#3600,#3601,.T.);
#2970=EDGE_CURVE('',#3596,#3600,#3602,.T.);
#2971=FILL_AREA_STYLE('',(#3603));
#2972=EDGE_CURVE('',#3604,#3595,#3605,.T.);
#2973=EDGE_CURVE('',#3604,#3606,#3607,.T.);
#2974=EDGE_CURVE('',#3606,#3598,#3608,.T.);
#2975=FILL_AREA_STYLE('',(#3609));
#2976=EDGE_CURVE('',#3610,#3604,#3611,.T.);
#2977=EDGE_CURVE('',#3610,#3612,#3613,.T.);
#2978=EDGE_CURVE('',#3612,#3606,#3614,.T.);
#2979=FILL_AREA_STYLE('',(#3615));
#2980=EDGE_CURVE('',#3616,#3610,#3617,.T.);
#2981=EDGE_CURVE('',#3616,#3618,#3619,.T.);
#2982=EDGE_CURVE('',#3618,#3612,#3620,.T.);
#2983=FILL_AREA_STYLE('',(#3621));
#2984=EDGE_CURVE('',#3596,#3622,#3623,.T.);
#2985=EDGE_CURVE('',#3600,#3624,#3625,.T.);
#2986=EDGE_CURVE('',#3622,#3624,#3626,.T.);
#2987=FILL_AREA_STYLE('',(#3627));
#2988=EDGE_CURVE('',#3622,#3628,#3629,.T.);
#2989=EDGE_CURVE('',#3624,#3630,#3631,.T.);
#2990=EDGE_CURVE('',#3628,#3630,#3632,.T.);
#2991=FILL_AREA_STYLE('',(#3633));
#2992=EDGE_CURVE('',#3628,#3634,#3635,.T.);
#2993=EDGE_CURVE('',#3630,#3636,#3637,.T.);
#2994=EDGE_CURVE('',#3634,#3636,#3638,.T.);
#2995=FILL_AREA_STYLE('',(#3639));
#2996=EDGE_CURVE('',#3634,#3616,#3640,.T.);
#2997=EDGE_CURVE('',#3636,#3618,#3641,.T.);
#2998=FILL_AREA_STYLE('',(#3642));
#2999=FILL_AREA_STYLE('',(#3643));
#3000=EDGE_CURVE('',#3644,#3645,#3646,.T.);
#3001=EDGE_CURVE('',#3647,#3644,#3648,.T.);
#3002=EDGE_CURVE('',#3649,#3647,#3650,.T.);
#3003=EDGE_CURVE('',#3649,#3651,#3652,.T.);
#3004=EDGE_CURVE('',#3651,#3653,#3654,.T.);
#3005=EDGE_CURVE('',#3645,#3653,#3655,.T.);
#3006=FILL_AREA_STYLE('',(#3656));
#3007=EDGE_CURVE('',#3657,#3647,#3658,.T.);
#3008=EDGE_CURVE('',#3657,#3659,#3660,.T.);
#3009=EDGE_CURVE('',#3649,#3659,#3661,.T.);
#3010=FILL_AREA_STYLE('',(#3662));
#3011=EDGE_CURVE('',#3663,#3651,#3664,.T.);
#3012=EDGE_CURVE('',#3659,#3663,#3665,.T.);
#3013=FILL_AREA_STYLE('',(#3666));
#3014=EDGE_CURVE('',#3645,#3667,#3668,.T.);
#3015=EDGE_CURVE('',#3653,#3669,#3670,.T.);
#3016=EDGE_CURVE('',#3667,#3669,#3671,.T.);
#3017=FILL_AREA_STYLE('',(#3672));
#3018=EDGE_CURVE('',#3667,#3673,#3674,.T.);
#3019=EDGE_CURVE('',#3669,#3663,#3675,.T.);
#3020=EDGE_CURVE('',#3673,#3657,#3676,.T.);
#3021=FILL_AREA_STYLE('',(#3677));
#3022=FILL_AREA_STYLE('',(#3678));
#3023=EDGE_CURVE('',#3679,#3680,#3681,.T.);
#3024=EDGE_CURVE('',#3680,#3682,#3683,.T.);
#3025=EDGE_CURVE('',#3682,#3684,#3685,.T.);
#3026=EDGE_CURVE('',#3684,#3686,#3687,.T.);
#3027=EDGE_CURVE('',#3686,#3688,#3689,.T.);
#3028=EDGE_CURVE('',#3688,#3690,#3691,.T.);
#3029=EDGE_CURVE('',#3690,#3692,#3693,.T.);
#3030=EDGE_CURVE('',#3692,#3679,#3694,.T.);
#3031=EDGE_CURVE('',#3695,#3673,#3696,.T.);
#3032=EDGE_CURVE('',#3697,#3695,#3698,.T.);
#3033=EDGE_CURVE('',#3697,#3699,#3700,.T.);
#3034=EDGE_CURVE('',#3699,#3701,#3702,.T.);
#3035=EDGE_CURVE('',#3701,#3703,#3704,.T.);
#3036=EDGE_CURVE('',#3705,#3703,#3706,.T.);
#3037=EDGE_CURVE('',#3705,#3707,#3708,.T.);
#3038=EDGE_CURVE('',#3707,#3709,#3710,.T.);
#3039=EDGE_CURVE('',#3709,#3711,#3712,.T.);
#3040=EDGE_CURVE('',#3713,#3711,#3714,.T.);
#3041=EDGE_CURVE('',#3713,#3715,#3716,.T.);
#3042=EDGE_CURVE('',#3715,#3717,#3718,.T.);
#3043=EDGE_CURVE('',#3717,#3719,#3720,.T.);
#3044=EDGE_CURVE('',#3721,#3719,#3722,.T.);
#3045=EDGE_CURVE('',#3721,#3723,#3724,.T.);
#3046=EDGE_CURVE('',#3723,#3725,#3726,.T.);
#3047=EDGE_CURVE('',#3725,#3727,#3728,.T.);
#3048=EDGE_CURVE('',#3729,#3727,#3730,.T.);
#3049=EDGE_CURVE('',#3729,#3731,#3732,.T.);
#3050=EDGE_CURVE('',#3731,#3733,#3734,.T.);
#3051=EDGE_CURVE('',#3733,#3735,#3736,.T.);
#3052=EDGE_CURVE('',#3735,#3737,#3738,.T.);
#3053=EDGE_CURVE('',#3737,#3739,#3740,.T.);
#3054=EDGE_CURVE('',#3739,#3741,#3742,.T.);
#3055=EDGE_CURVE('',#3741,#3743,#3744,.T.);
#3056=EDGE_CURVE('',#3743,#3745,#3746,.T.);
#3057=EDGE_CURVE('',#3745,#3747,#3748,.T.);
#3058=EDGE_CURVE('',#3747,#3749,#3750,.T.);
#3059=EDGE_CURVE('',#3749,#3751,#3752,.T.);
#3060=EDGE_CURVE('',#3751,#3753,#3754,.T.);
#3061=EDGE_CURVE('',#3753,#3755,#3756,.T.);
#3062=EDGE_CURVE('',#3755,#3757,#3758,.T.);
#3063=EDGE_CURVE('',#3757,#3759,#3760,.T.);
#3064=EDGE_CURVE('',#3759,#3761,#3762,.T.);
#3065=EDGE_CURVE('',#3761,#3763,#3764,.T.);
#3066=EDGE_CURVE('',#3765,#3763,#3766,.T.);
#3067=EDGE_CURVE('',#3765,#3767,#3768,.T.);
#3068=EDGE_CURVE('',#3767,#3769,#3770,.T.);
#3069=EDGE_CURVE('',#3769,#3771,#3772,.T.);
#3070=EDGE_CURVE('',#3773,#3771,#3774,.T.);
#3071=EDGE_CURVE('',#3773,#3775,#3776,.T.);
#3072=EDGE_CURVE('',#3775,#3777,#3778,.T.);
#3073=EDGE_CURVE('',#3777,#3779,#3780,.T.);
#3074=EDGE_CURVE('',#3781,#3779,#3782,.T.);
#3075=EDGE_CURVE('',#3781,#3783,#3784,.T.);
#3076=EDGE_CURVE('',#3783,#3785,#3786,.T.);
#3077=EDGE_CURVE('',#3785,#3787,#3788,.T.);
#3078=EDGE_CURVE('',#3789,#3787,#3790,.T.);
#3079=EDGE_CURVE('',#3789,#3791,#3792,.T.);
#3080=EDGE_CURVE('',#3791,#3793,#3794,.T.);
#3081=EDGE_CURVE('',#3793,#3795,#3796,.T.);
#3082=EDGE_CURVE('',#3797,#3795,#3798,.T.);
#3083=EDGE_CURVE('',#3799,#3797,#3800,.T.);
#3084=EDGE_CURVE('',#3799,#3801,#3802,.T.);
#3085=EDGE_CURVE('',#3801,#3803,#3804,.T.);
#3086=EDGE_CURVE('',#3803,#3805,#3806,.T.);
#3087=EDGE_CURVE('',#3807,#3805,#3808,.T.);
#3088=EDGE_CURVE('',#3807,#3809,#3810,.T.);
#3089=EDGE_CURVE('',#3809,#3811,#3812,.T.);
#3090=EDGE_CURVE('',#3811,#3813,#3814,.T.);
#3091=EDGE_CURVE('',#3815,#3813,#3816,.T.);
#3092=EDGE_CURVE('',#3815,#3817,#3818,.T.);
#3093=EDGE_CURVE('',#3817,#3819,#3820,.T.);
#3094=EDGE_CURVE('',#3819,#3821,#3822,.T.);
#3095=EDGE_CURVE('',#3644,#3821,#3823,.T.);
#3096=FILL_AREA_STYLE('',(#3824));
#3097=EDGE_CURVE('',#3821,#3825,#3826,.T.);
#3098=EDGE_CURVE('',#3819,#3827,#3828,.T.);
#3099=EDGE_CURVE('',#3827,#3829,#3830,.T.);
#3100=EDGE_CURVE('',#3831,#3829,#3832,.T.);
#3101=EDGE_CURVE('',#3825,#3831,#3833,.T.);
#3102=FILL_AREA_STYLE('',(#3834));
#3103=EDGE_CURVE('',#3817,#3835,#3836,.T.);
#3104=EDGE_CURVE('',#3835,#3827,#3837,.T.);
#3105=FILL_AREA_STYLE('',(#3838));
#3106=EDGE_CURVE('',#3829,#3839,#3840,.T.);
#3107=EDGE_CURVE('',#3841,#3839,#3842,.T.);
#3108=EDGE_CURVE('',#3841,#3831,#3843,.T.);
#3109=FILL_AREA_STYLE('',(#3844));
#3110=EDGE_CURVE('',#3845,#3815,#3846,.T.);
#3111=EDGE_CURVE('',#3841,#3845,#3847,.T.);
#3112=EDGE_CURVE('',#3839,#3835,#3848,.T.);
#3113=FILL_AREA_STYLE('',(#3849));
#3114=FILL_AREA_STYLE('',(#3850));
#3115=EDGE_CURVE('',#3825,#3845,#3851,.T.);
#3116=FILL_AREA_STYLE('',(#3852));
#3117=EDGE_CURVE('',#3813,#3853,#3854,.T.);
#3118=EDGE_CURVE('',#3853,#3855,#3856,.T.);
#3119=EDGE_CURVE('',#3855,#3807,#3857,.T.);
#3120=EDGE_CURVE('',#3805,#3858,#3859,.T.);
#3121=EDGE_CURVE('',#3858,#3860,#3861,.T.);
#3122=EDGE_CURVE('',#3860,#3799,#3862,.T.);
#3123=EDGE_CURVE('',#3863,#3797,#3864,.T.);
#3124=EDGE_CURVE('',#3865,#3863,#3866,.T.);
#3125=EDGE_CURVE('',#3695,#3865,#3867,.T.);
#3126=FILL_AREA_STYLE('',(#3868));
#3127=EDGE_CURVE('',#3869,#3855,#3870,.T.);
#3128=EDGE_CURVE('',#3869,#3871,#3872,.T.);
#3129=EDGE_CURVE('',#3871,#3873,#3874,.T.);
#3130=EDGE_CURVE('',#3809,#3873,#3875,.T.);
#3131=FILL_AREA_STYLE('',(#3876));
#3132=EDGE_CURVE('',#3853,#3877,#3878,.T.);
#3133=EDGE_CURVE('',#3869,#3877,#3879,.T.);
#3134=FILL_AREA_STYLE('',(#3880));
#3135=EDGE_CURVE('',#3881,#3871,#3882,.T.);
#3136=EDGE_CURVE('',#3877,#3881,#3883,.T.);
#3137=FILL_AREA_STYLE('',(#3884));
#3138=EDGE_CURVE('',#3873,#3885,#3886,.T.);
#3139=EDGE_CURVE('',#3811,#3885,#3887,.T.);
#3140=FILL_AREA_STYLE('',(#3888));
#3141=EDGE_CURVE('',#3885,#3881,#3889,.T.);
#3142=FILL_AREA_STYLE('',(#3890));
#3143=FILL_AREA_STYLE('',(#3891));
#3144=EDGE_CURVE('',#3803,#3892,#3893,.T.);
#3145=EDGE_CURVE('',#3892,#3894,#3895,.T.);
#3146=EDGE_CURVE('',#3896,#3894,#3897,.T.);
#3147=EDGE_CURVE('',#3858,#3896,#3898,.T.);
#3148=FILL_AREA_STYLE('',(#3899));
#3149=EDGE_CURVE('',#3801,#3900,#3901,.T.);
#3150=EDGE_CURVE('',#3900,#3892,#3902,.T.);
#3151=FILL_AREA_STYLE('',(#3903));
#3152=EDGE_CURVE('',#3894,#3904,#3905,.T.);
#3153=EDGE_CURVE('',#3906,#3904,#3907,.T.);
#3154=EDGE_CURVE('',#3906,#3896,#3908,.T.);
#3155=FILL_AREA_STYLE('',(#3909));
#3156=EDGE_CURVE('',#3906,#3860,#3910,.T.);
#3157=EDGE_CURVE('',#3904,#3900,#3911,.T.);
#3158=FILL_AREA_STYLE('',(#3912));
#3159=FILL_AREA_STYLE('',(#3913));
#3160=FILL_AREA_STYLE('',(#3914));
#3161=EDGE_CURVE('',#3915,#3697,#3916,.T.);
#3162=EDGE_CURVE('',#3917,#3915,#3918,.T.);
#3163=EDGE_CURVE('',#3917,#3919,#3920,.T.);
#3164=EDGE_CURVE('',#3919,#3921,#3922,.T.);
#3165=EDGE_CURVE('',#3699,#3921,#3923,.T.);
#3166=FILL_AREA_STYLE('',(#3924));
#3167=EDGE_CURVE('',#3925,#3915,#3926,.T.);
#3168=EDGE_CURVE('',#3925,#3927,#3928,.T.);
#3169=EDGE_CURVE('',#3917,#3927,#3929,.T.);
#3170=FILL_AREA_STYLE('',(#3930));
#3171=EDGE_CURVE('',#3931,#3919,#3932,.T.);
#3172=EDGE_CURVE('',#3927,#3931,#3933,.T.);
#3173=FILL_AREA_STYLE('',(#3934));
#3174=EDGE_CURVE('',#3921,#3935,#3936,.T.);
#3175=EDGE_CURVE('',#3701,#3935,#3937,.T.);
#3176=FILL_AREA_STYLE('',(#3938));
#3177=EDGE_CURVE('',#3935,#3931,#3939,.T.);
#3178=EDGE_CURVE('',#3703,#3925,#3940,.T.);
#3179=FILL_AREA_STYLE('',(#3941));
#3180=FILL_AREA_STYLE('',(#3942));
#3181=EDGE_CURVE('',#3711,#3943,#3944,.T.);
#3182=EDGE_CURVE('',#3709,#3945,#3946,.T.);
#3183=EDGE_CURVE('',#3945,#3947,#3948,.T.);
#3184=EDGE_CURVE('',#3949,#3947,#3950,.T.);
#3185=EDGE_CURVE('',#3943,#3949,#3951,.T.);
#3186=FILL_AREA_STYLE('',(#3952));
#3187=EDGE_CURVE('',#3707,#3953,#3954,.T.);
#3188=EDGE_CURVE('',#3953,#3945,#3955,.T.);
#3189=FILL_AREA_STYLE('',(#3956));
#3190=EDGE_CURVE('',#3947,#3957,#3958,.T.);
#3191=EDGE_CURVE('',#3959,#3957,#3960,.T.);
#3192=EDGE_CURVE('',#3959,#3949,#3961,.T.);
#3193=FILL_AREA_STYLE('',(#3962));
#3194=EDGE_CURVE('',#3963,#3705,#3964,.T.);
#3195=EDGE_CURVE('',#3959,#3963,#3965,.T.);
#3196=EDGE_CURVE('',#3957,#3953,#3966,.T.);
#3197=FILL_AREA_STYLE('',(#3967));
#3198=FILL_AREA_STYLE('',(#3968));
#3199=EDGE_CURVE('',#3943,#3963,#3969,.T.);
#3200=FILL_AREA_STYLE('',(#3970));
#3201=EDGE_CURVE('',#3865,#3971,#3972,.T.);
#3202=EDGE_CURVE('',#3971,#3729,#3973,.T.);
#3203=EDGE_CURVE('',#3727,#3974,#3975,.T.);
#3204=EDGE_CURVE('',#3974,#3976,#3977,.T.);
#3205=EDGE_CURVE('',#3976,#3721,#3978,.T.);
#3206=EDGE_CURVE('',#3719,#3979,#3980,.T.);
#3207=EDGE_CURVE('',#3979,#3981,#3982,.T.);
#3208=EDGE_CURVE('',#3981,#3713,#3983,.T.);
#3209=FILL_AREA_STYLE('',(#3984));
#3210=EDGE_CURVE('',#3985,#3981,#3986,.T.);
#3211=EDGE_CURVE('',#3985,#3987,#3988,.T.);
#3212=EDGE_CURVE('',#3987,#3989,#3990,.T.);
#3213=EDGE_CURVE('',#3715,#3989,#3991,.T.);
#3214=FILL_AREA_STYLE('',(#3992));
#3215=EDGE_CURVE('',#3979,#3993,#3994,.T.);
#3216=EDGE_CURVE('',#3985,#3993,#3995,.T.);
#3217=FILL_AREA_STYLE('',(#3996));
#3218=EDGE_CURVE('',#3997,#3987,#3998,.T.);
#3219=EDGE_CURVE('',#3993,#3997,#3999,.T.);
#3220=FILL_AREA_STYLE('',(#4000));
#3221=EDGE_CURVE('',#3989,#4001,#4002,.T.);
#3222=EDGE_CURVE('',#3717,#4001,#4003,.T.);
#3223=FILL_AREA_STYLE('',(#4004));
#3224=EDGE_CURVE('',#4001,#3997,#4005,.T.);
#3225=FILL_AREA_STYLE('',(#4006));
#3226=FILL_AREA_STYLE('',(#4007));
#3227=EDGE_CURVE('',#3725,#4008,#4009,.T.);
#3228=EDGE_CURVE('',#4008,#4010,#4011,.T.);
#3229=EDGE_CURVE('',#4012,#4010,#4013,.T.);
#3230=EDGE_CURVE('',#3974,#4012,#4014,.T.);
#3231=FILL_AREA_STYLE('',(#4015));
#3232=EDGE_CURVE('',#3723,#4016,#4017,.T.);
#3233=EDGE_CURVE('',#4016,#4008,#4018,.T.);
#3234=FILL_AREA_STYLE('',(#4019));
#3235=EDGE_CURVE('',#4010,#4020,#4021,.T.);
#3236=EDGE_CURVE('',#4022,#4020,#4023,.T.);
#3237=EDGE_CURVE('',#4022,#4012,#4024,.T.);
#3238=FILL_AREA_STYLE('',(#4025));
#3239=EDGE_CURVE('',#4022,#3976,#4026,.T.);
#3240=EDGE_CURVE('',#4020,#4016,#4027,.T.);
#3241=FILL_AREA_STYLE('',(#4028));
#3242=FILL_AREA_STYLE('',(#4029));
#3243=FILL_AREA_STYLE('',(#4030));
#3244=EDGE_CURVE('',#4031,#3731,#4032,.T.);
#3245=EDGE_CURVE('',#4033,#4031,#4034,.T.);
#3246=EDGE_CURVE('',#4033,#4035,#4036,.T.);
#3247=EDGE_CURVE('',#4035,#4037,#4038,.T.);
#3248=EDGE_CURVE('',#3733,#4037,#4039,.T.);
#3249=FILL_AREA_STYLE('',(#4040));
#3250=EDGE_CURVE('',#4041,#4031,#4042,.T.);
#3251=EDGE_CURVE('',#4041,#4043,#4044,.T.);
#3252=EDGE_CURVE('',#4033,#4043,#4045,.T.);
#3253=FILL_AREA_STYLE('',(#4046));
#3254=EDGE_CURVE('',#4047,#4035,#4048,.T.);
#3255=EDGE_CURVE('',#4043,#4047,#4049,.T.);
#3256=FILL_AREA_STYLE('',(#4050));
#3257=EDGE_CURVE('',#4037,#4051,#4052,.T.);
#3258=EDGE_CURVE('',#3735,#4051,#4053,.T.);
#3259=FILL_AREA_STYLE('',(#4054));
#3260=EDGE_CURVE('',#4051,#4047,#4055,.T.);
#3261=EDGE_CURVE('',#3737,#4041,#4056,.T.);
#3262=FILL_AREA_STYLE('',(#4057));
#3263=FILL_AREA_STYLE('',(#4058));
#3264=EDGE_CURVE('',#3745,#4059,#4060,.T.);
#3265=EDGE_CURVE('',#3743,#4061,#4062,.T.);
#3266=EDGE_CURVE('',#4061,#4063,#4064,.T.);
#3267=EDGE_CURVE('',#4065,#4063,#4066,.T.);
#3268=EDGE_CURVE('',#4059,#4065,#4067,.T.);
#3269=FILL_AREA_STYLE('',(#4068));
#3270=EDGE_CURVE('',#3741,#4069,#4070,.T.);
#3271=EDGE_CURVE('',#4069,#4061,#4071,.T.);
#3272=FILL_AREA_STYLE('',(#4072));
#3273=EDGE_CURVE('',#4063,#4073,#4074,.T.);
#3274=EDGE_CURVE('',#4075,#4073,#4076,.T.);
#3275=EDGE_CURVE('',#4075,#4065,#4077,.T.);
#3276=FILL_AREA_STYLE('',(#4078));
#3277=EDGE_CURVE('',#4079,#3739,#4080,.T.);
#3278=EDGE_CURVE('',#4075,#4079,#4081,.T.);
#3279=EDGE_CURVE('',#4073,#4069,#4082,.T.);
#3280=FILL_AREA_STYLE('',(#4083));
#3281=FILL_AREA_STYLE('',(#4084));
#3282=EDGE_CURVE('',#4059,#4079,#4085,.T.);
#3283=FILL_AREA_STYLE('',(#4086));
#3284=EDGE_CURVE('',#3971,#4087,#4088,.T.);
#3285=EDGE_CURVE('',#3763,#4087,#4089,.T.);
#3286=EDGE_CURVE('',#3761,#4090,#4091,.T.);
#3287=EDGE_CURVE('',#4090,#4092,#4093,.T.);
#3288=EDGE_CURVE('',#4092,#3755,#4094,.T.);
#3289=EDGE_CURVE('',#3753,#4095,#4096,.T.);
#3290=EDGE_CURVE('',#4095,#4097,#4098,.T.);
#3291=EDGE_CURVE('',#4097,#3747,#4099,.T.);
#3292=FILL_AREA_STYLE('',(#4100));
#3293=EDGE_CURVE('',#4101,#4097,#4102,.T.);
#3294=EDGE_CURVE('',#4101,#4103,#4104,.T.);
#3295=EDGE_CURVE('',#4103,#4105,#4106,.T.);
#3296=EDGE_CURVE('',#3749,#4105,#4107,.T.);
#3297=FILL_AREA_STYLE('',(#4108));
#3298=EDGE_CURVE('',#4095,#4109,#4110,.T.);
#3299=EDGE_CURVE('',#4101,#4109,#4111,.T.);
#3300=FILL_AREA_STYLE('',(#4112));
#3301=EDGE_CURVE('',#4113,#4103,#4114,.T.);
#3302=EDGE_CURVE('',#4109,#4113,#4115,.T.);
#3303=FILL_AREA_STYLE('',(#4116));
#3304=EDGE_CURVE('',#4105,#4117,#4118,.T.);
#3305=EDGE_CURVE('',#3751,#4117,#4119,.T.);
#3306=FILL_AREA_STYLE('',(#4120));
#3307=EDGE_CURVE('',#4117,#4113,#4121,.T.);
#3308=FILL_AREA_STYLE('',(#4122));
#3309=FILL_AREA_STYLE('',(#4123));
#3310=EDGE_CURVE('',#3759,#4124,#4125,.T.);
#3311=EDGE_CURVE('',#4124,#4126,#4127,.T.);
#3312=EDGE_CURVE('',#4128,#4126,#4129,.T.);
#3313=EDGE_CURVE('',#4090,#4128,#4130,.T.);
#3314=FILL_AREA_STYLE('',(#4131));
#3315=EDGE_CURVE('',#3757,#4132,#4133,.T.);
#3316=EDGE_CURVE('',#4132,#4124,#4134,.T.);
#3317=FILL_AREA_STYLE('',(#4135));
#3318=EDGE_CURVE('',#4126,#4136,#4137,.T.);
#3319=EDGE_CURVE('',#4138,#4136,#4139,.T.);
#3320=EDGE_CURVE('',#4138,#4128,#4140,.T.);
#3321=FILL_AREA_STYLE('',(#4141));
#3322=EDGE_CURVE('',#4138,#4092,#4142,.T.);
#3323=EDGE_CURVE('',#4136,#4132,#4143,.T.);
#3324=FILL_AREA_STYLE('',(#4144));
#3325=FILL_AREA_STYLE('',(#4145));
#3326=FILL_AREA_STYLE('',(#4146));
#3327=EDGE_CURVE('',#3795,#4147,#4148,.T.);
#3328=EDGE_CURVE('',#3793,#4149,#4150,.T.);
#3329=EDGE_CURVE('',#4149,#4151,#4152,.T.);
#3330=EDGE_CURVE('',#4153,#4151,#4154,.T.);
#3331=EDGE_CURVE('',#4147,#4153,#4155,.T.);
#3332=FILL_AREA_STYLE('',(#4156));
#3333=EDGE_CURVE('',#3791,#4157,#4158,.T.);
#3334=EDGE_CURVE('',#4157,#4149,#4159,.T.);
#3335=FILL_AREA_STYLE('',(#4160));
#3336=EDGE_CURVE('',#4151,#4161,#4162,.T.);
#3337=EDGE_CURVE('',#4163,#4161,#4164,.T.);
#3338=EDGE_CURVE('',#4163,#4153,#4165,.T.);
#3339=FILL_AREA_STYLE('',(#4166));
#3340=EDGE_CURVE('',#4167,#3789,#4168,.T.);
#3341=EDGE_CURVE('',#4163,#4167,#4169,.T.);
#3342=EDGE_CURVE('',#4161,#4157,#4170,.T.);
#3343=FILL_AREA_STYLE('',(#4171));
#3344=FILL_AREA_STYLE('',(#4172));
#3345=EDGE_CURVE('',#4147,#4167,#4173,.T.);
#3346=FILL_AREA_STYLE('',(#4174));
#3347=EDGE_CURVE('',#3787,#4175,#4176,.T.);
#3348=EDGE_CURVE('',#4175,#4177,#4178,.T.);
#3349=EDGE_CURVE('',#4177,#3781,#4179,.T.);
#3350=EDGE_CURVE('',#3779,#4180,#4181,.T.);
#3351=EDGE_CURVE('',#4180,#4182,#4183,.T.);
#3352=EDGE_CURVE('',#4182,#3773,#4184,.T.);
#3353=EDGE_CURVE('',#3771,#4185,#4186,.T.);
#3354=EDGE_CURVE('',#4185,#4187,#4188,.T.);
#3355=EDGE_CURVE('',#4187,#3765,#4189,.T.);
#3356=EDGE_CURVE('',#4087,#3863,#4190,.T.);
#3357=FILL_AREA_STYLE('',(#4191));
#3358=EDGE_CURVE('',#4192,#4177,#4193,.T.);
#3359=EDGE_CURVE('',#4192,#4194,#4195,.T.);
#3360=EDGE_CURVE('',#4194,#4196,#4197,.T.);
#3361=EDGE_CURVE('',#3783,#4196,#4198,.T.);
#3362=FILL_AREA_STYLE('',(#4199));
#3363=EDGE_CURVE('',#4175,#4200,#4201,.T.);
#3364=EDGE_CURVE('',#4192,#4200,#4202,.T.);
#3365=FILL_AREA_STYLE('',(#4203));
#3366=EDGE_CURVE('',#4204,#4194,#4205,.T.);
#3367=EDGE_CURVE('',#4200,#4204,#4206,.T.);
#3368=FILL_AREA_STYLE('',(#4207));
#3369=EDGE_CURVE('',#4196,#4208,#4209,.T.);
#3370=EDGE_CURVE('',#3785,#4208,#4210,.T.);
#3371=FILL_AREA_STYLE('',(#4211));
#3372=EDGE_CURVE('',#4208,#4204,#4212,.T.);
#3373=FILL_AREA_STYLE('',(#4213));
#3374=FILL_AREA_STYLE('',(#4214));
#3375=EDGE_CURVE('',#3777,#4215,#4216,.T.);
#3376=EDGE_CURVE('',#4215,#4217,#4218,.T.);
#3377=EDGE_CURVE('',#4219,#4217,#4220,.T.);
#3378=EDGE_CURVE('',#4180,#4219,#4221,.T.);
#3379=FILL_AREA_STYLE('',(#4222));
#3380=EDGE_CURVE('',#3775,#4223,#4224,.T.);
#3381=EDGE_CURVE('',#4223,#4215,#4225,.T.);
#3382=FILL_AREA_STYLE('',(#4226));
#3383=EDGE_CURVE('',#4217,#4227,#4228,.T.);
#3384=EDGE_CURVE('',#4229,#4227,#4230,.T.);
#3385=EDGE_CURVE('',#4229,#4219,#4231,.T.);
#3386=FILL_AREA_STYLE('',(#4232));
#3387=EDGE_CURVE('',#4229,#4182,#4233,.T.);
#3388=EDGE_CURVE('',#4227,#4223,#4234,.T.);
#3389=FILL_AREA_STYLE('',(#4235));
#3390=FILL_AREA_STYLE('',(#4236));
#3391=FILL_AREA_STYLE('',(#4237));
#3392=EDGE_CURVE('',#4238,#4187,#4239,.T.);
#3393=EDGE_CURVE('',#4238,#4240,#4241,.T.);
#3394=EDGE_CURVE('',#4240,#4242,#4243,.T.);
#3395=EDGE_CURVE('',#3767,#4242,#4244,.T.);
#3396=FILL_AREA_STYLE('',(#4245));
#3397=EDGE_CURVE('',#4185,#4246,#4247,.T.);
#3398=EDGE_CURVE('',#4238,#4246,#4248,.T.);
#3399=FILL_AREA_STYLE('',(#4249));
#3400=EDGE_CURVE('',#4250,#4240,#4251,.T.);
#3401=EDGE_CURVE('',#4246,#4250,#4252,.T.);
#3402=FILL_AREA_STYLE('',(#4253));
#3403=EDGE_CURVE('',#4242,#4254,#4255,.T.);
#3404=EDGE_CURVE('',#3769,#4254,#4256,.T.);
#3405=FILL_AREA_STYLE('',(#4257));
#3406=EDGE_CURVE('',#4254,#4250,#4258,.T.);
#3407=FILL_AREA_STYLE('',(#4259));
#3408=FILL_AREA_STYLE('',(#4260));
#3409=EDGE_CURVE('',#3684,#4261,#4262,.T.);
#3410=EDGE_CURVE('',#4261,#4263,#4264,.T.);
#3411=EDGE_CURVE('',#3686,#4263,#4265,.T.);
#3412=FILL_AREA_STYLE('',(#4266));
#3413=EDGE_CURVE('',#3682,#4267,#4268,.T.);
#3414=EDGE_CURVE('',#4267,#4261,#4269,.T.);
#3415=FILL_AREA_STYLE('',(#4270));
#3416=EDGE_CURVE('',#3680,#4271,#4272,.T.);
#3417=EDGE_CURVE('',#4271,#4267,#4273,.T.);
#3418=FILL_AREA_STYLE('',(#4274));
#3419=EDGE_CURVE('',#3679,#4275,#4276,.T.);
#3420=EDGE_CURVE('',#4275,#4271,#4277,.T.);
#3421=FILL_AREA_STYLE('',(#4278));
#3422=EDGE_CURVE('',#4263,#4279,#4280,.T.);
#3423=EDGE_CURVE('',#3688,#4279,#4281,.T.);
#3424=FILL_AREA_STYLE('',(#4282));
#3425=EDGE_CURVE('',#4279,#4283,#4284,.T.);
#3426=EDGE_CURVE('',#3690,#4283,#4285,.T.);
#3427=FILL_AREA_STYLE('',(#4286));
#3428=EDGE_CURVE('',#4283,#4287,#4288,.T.);
#3429=EDGE_CURVE('',#3692,#4287,#4289,.T.);
#3430=FILL_AREA_STYLE('',(#4290));
#3431=EDGE_CURVE('',#4287,#4275,#4291,.T.);
#3432=FILL_AREA_STYLE('',(#4292));
#3433=FILL_AREA_STYLE('',(#4293));
#3434=EDGE_CURVE('',#3440,#3444,#4294,.T.);
#3435=EDGE_CURVE('',#3439,#3442,#4295,.T.);
#3436=FILL_AREA_STYLE('',(#4296));
#3437=FILL_AREA_STYLE('',(#4297));
#3438=FILL_AREA_STYLE_COLOUR('',#4298);
#3439=VERTEX_POINT('',#4299);
#3440=VERTEX_POINT('',#4300);
#3441=LINE('',#4301,#4302);
#3442=VERTEX_POINT('',#4303);
#3443=CIRCLE('',#4304,0.2);
#3444=VERTEX_POINT('',#4305);
#3445=LINE('',#4306,#4307);
#3446=CIRCLE('',#4308,0.2);
#3447=FILL_AREA_STYLE_COLOUR('',#4309);
#3448=VERTEX_POINT('',#4310);
#3449=VERTEX_POINT('',#4311);
#3450=LINE('',#4312,#4313);
#3451=VERTEX_POINT('',#4314);
#3452=LINE('',#4315,#4316);
#3453=VERTEX_POINT('',#4317);
#3454=LINE('',#4318,#4319);
#3455=LINE('',#4320,#4321);
#3456=FILL_AREA_STYLE_COLOUR('',#4322);
#3457=VERTEX_POINT('',#4323);
#3458=CIRCLE('',#4324,0.05);
#3459=VERTEX_POINT('',#4325);
#3460=LINE('',#4326,#4327);
#3461=CIRCLE('',#4328,0.05);
#3462=FILL_AREA_STYLE_COLOUR('',#4329);
#3463=VERTEX_POINT('',#4330);
#3464=LINE('',#4331,#4332);
#3465=VERTEX_POINT('',#4333);
#3466=LINE('',#4334,#4335);
#3467=LINE('',#4336,#4337);
#3468=FILL_AREA_STYLE_COLOUR('',#4338);
#3469=VERTEX_POINT('',#4339);
#3470=CIRCLE('',#4340,0.05);
#3471=VERTEX_POINT('',#4341);
#3472=LINE('',#4342,#4343);
#3473=CIRCLE('',#4344,0.05);
#3474=FILL_AREA_STYLE_COLOUR('',#4345);
#3475=VERTEX_POINT('',#4346);
#3476=CIRCLE('',#4347,0.05);
#3477=VERTEX_POINT('',#4348);
#3478=CIRCLE('',#4349,0.05);
#3479=LINE('',#4350,#4351);
#3480=FILL_AREA_STYLE_COLOUR('',#4352);
#3481=VERTEX_POINT('',#4353);
#3482=LINE('',#4354,#4355);
#3483=VERTEX_POINT('',#4356);
#3484=LINE('',#4357,#4358);
#3485=LINE('',#4359,#4360);
#3486=FILL_AREA_STYLE_COLOUR('',#4361);
#3487=VERTEX_POINT('',#4362);
#3488=CIRCLE('',#4363,0.05);
#3489=VERTEX_POINT('',#4364);
#3490=CIRCLE('',#4365,0.05);
#3491=LINE('',#4366,#4367);
#3492=FILL_AREA_STYLE_COLOUR('',#4368);
#3493=LINE('',#4369,#4370);
#3494=LINE('',#4371,#4372);
#3495=FILL_AREA_STYLE_COLOUR('',#4373);
#3496=FILL_AREA_STYLE_COLOUR('',#4374);
#3497=VERTEX_POINT('',#4375);
#3498=VERTEX_POINT('',#4376);
#3499=LINE('',#4377,#4378);
#3500=VERTEX_POINT('',#4379);
#3501=LINE('',#4380,#4381);
#3502=VERTEX_POINT('',#4382);
#3503=LINE('',#4383,#4384);
#3504=LINE('',#4385,#4386);
#3505=FILL_AREA_STYLE_COLOUR('',#4387);
#3506=VERTEX_POINT('',#4388);
#3507=CIRCLE('',#4389,0.05);
#3508=VERTEX_POINT('',#4390);
#3509=LINE('',#4391,#4392);
#3510=CIRCLE('',#4393,0.05);
#3511=FILL_AREA_STYLE_COLOUR('',#4394);
#3512=VERTEX_POINT('',#4395);
#3513=LINE('',#4396,#4397);
#3514=VERTEX_POINT('',#4398);
#3515=LINE('',#4399,#4400);
#3516=LINE('',#4401,#4402);
#3517=FILL_AREA_STYLE_COLOUR('',#4403);
#3518=VERTEX_POINT('',#4404);
#3519=CIRCLE('',#4405,0.05);
#3520=VERTEX_POINT('',#4406);
#3521=LINE('',#4407,#4408);
#3522=CIRCLE('',#4409,0.05);
#3523=FILL_AREA_STYLE_COLOUR('',#4410);
#3524=VERTEX_POINT('',#4411);
#3525=CIRCLE('',#4412,0.05);
#3526=VERTEX_POINT('',#4413);
#3527=CIRCLE('',#4414,0.05);
#3528=LINE('',#4415,#4416);
#3529=FILL_AREA_STYLE_COLOUR('',#4417);
#3530=VERTEX_POINT('',#4418);
#3531=LINE('',#4419,#4420);
#3532=VERTEX_POINT('',#4421);
#3533=LINE('',#4422,#4423);
#3534=LINE('',#4424,#4425);
#3535=FILL_AREA_STYLE_COLOUR('',#4426);
#3536=VERTEX_POINT('',#4427);
#3537=CIRCLE('',#4428,0.05);
#3538=VERTEX_POINT('',#4429);
#3539=CIRCLE('',#4430,0.05);
#3540=LINE('',#4431,#4432);
#3541=FILL_AREA_STYLE_COLOUR('',#4433);
#3542=LINE('',#4434,#4435);
#3543=LINE('',#4436,#4437);
#3544=FILL_AREA_STYLE_COLOUR('',#4438);
#3545=FILL_AREA_STYLE_COLOUR('',#4439);
#3546=VERTEX_POINT('',#4440);
#3547=VERTEX_POINT('',#4441);
#3548=LINE('',#4442,#4443);
#3549=VERTEX_POINT('',#4444);
#3550=LINE('',#4445,#4446);
#3551=VERTEX_POINT('',#4447);
#3552=LINE('',#4448,#4449);
#3553=LINE('',#4450,#4451);
#3554=FILL_AREA_STYLE_COLOUR('',#4452);
#3555=VERTEX_POINT('',#4453);
#3556=CIRCLE('',#4454,0.05);
#3557=VERTEX_POINT('',#4455);
#3558=LINE('',#4456,#4457);
#3559=CIRCLE('',#4458,0.05);
#3560=FILL_AREA_STYLE_COLOUR('',#4459);
#3561=VERTEX_POINT('',#4460);
#3562=LINE('',#4461,#4462);
#3563=VERTEX_POINT('',#4463);
#3564=LINE('',#4464,#4465);
#3565=LINE('',#4466,#4467);
#3566=FILL_AREA_STYLE_COLOUR('',#4468);
#3567=VERTEX_POINT('',#4469);
#3568=CIRCLE('',#4470,0.05);
#3569=VERTEX_POINT('',#4471);
#3570=LINE('',#4472,#4473);
#3571=CIRCLE('',#4474,0.05);
#3572=FILL_AREA_STYLE_COLOUR('',#4475);
#3573=VERTEX_POINT('',#4476);
#3574=CIRCLE('',#4477,0.05);
#3575=VERTEX_POINT('',#4478);
#3576=CIRCLE('',#4479,0.05);
#3577=LINE('',#4480,#4481);
#3578=FILL_AREA_STYLE_COLOUR('',#4482);
#3579=VERTEX_POINT('',#4483);
#3580=LINE('',#4484,#4485);
#3581=VERTEX_POINT('',#4486);
#3582=LINE('',#4487,#4488);
#3583=LINE('',#4489,#4490);
#3584=FILL_AREA_STYLE_COLOUR('',#4491);
#3585=VERTEX_POINT('',#4492);
#3586=CIRCLE('',#4493,0.05);
#3587=VERTEX_POINT('',#4494);
#3588=CIRCLE('',#4495,0.05);
#3589=LINE('',#4496,#4497);
#3590=FILL_AREA_STYLE_COLOUR('',#4498);
#3591=LINE('',#4499,#4500);
#3592=LINE('',#4501,#4502);
#3593=FILL_AREA_STYLE_COLOUR('',#4503);
#3594=FILL_AREA_STYLE_COLOUR('',#4504);
#3595=VERTEX_POINT('',#4505);
#3596=VERTEX_POINT('',#4506);
#3597=LINE('',#4507,#4508);
#3598=VERTEX_POINT('',#4509);
#3599=LINE('',#4510,#4511);
#3600=VERTEX_POINT('',#4512);
#3601=LINE('',#4513,#4514);
#3602=LINE('',#4515,#4516);
#3603=FILL_AREA_STYLE_COLOUR('',#4517);
#3604=VERTEX_POINT('',#4518);
#3605=CIRCLE('',#4519,0.05);
#3606=VERTEX_POINT('',#4520);
#3607=LINE('',#4521,#4522);
#3608=CIRCLE('',#4523,0.05);
#3609=FILL_AREA_STYLE_COLOUR('',#4524);
#3610=VERTEX_POINT('',#4525);
#3611=LINE('',#4526,#4527);
#3612=VERTEX_POINT('',#4528);
#3613=LINE('',#4529,#4530);
#3614=LINE('',#4531,#4532);
#3615=FILL_AREA_STYLE_COLOUR('',#4533);
#3616=VERTEX_POINT('',#4534);
#3617=CIRCLE('',#4535,0.05);
#3618=VERTEX_POINT('',#4536);
#3619=LINE('',#4537,#4538);
#3620=CIRCLE('',#4539,0.05);
#3621=FILL_AREA_STYLE_COLOUR('',#4540);
#3622=VERTEX_POINT('',#4541);
#3623=CIRCLE('',#4542,0.05);
#3624=VERTEX_POINT('',#4543);
#3625=CIRCLE('',#4544,0.05);
#3626=LINE('',#4545,#4546);
#3627=FILL_AREA_STYLE_COLOUR('',#4547);
#3628=VERTEX_POINT('',#4548);
#3629=LINE('',#4549,#4550);
#3630=VERTEX_POINT('',#4551);
#3631=LINE('',#4552,#4553);
#3632=LINE('',#4554,#4555);
#3633=FILL_AREA_STYLE_COLOUR('',#4556);
#3634=VERTEX_POINT('',#4557);
#3635=CIRCLE('',#4558,0.05);
#3636=VERTEX_POINT('',#4559);
#3637=CIRCLE('',#4560,0.05);
#3638=LINE('',#4561,#4562);
#3639=FILL_AREA_STYLE_COLOUR('',#4563);
#3640=LINE('',#4564,#4565);
#3641=LINE('',#4566,#4567);
#3642=FILL_AREA_STYLE_COLOUR('',#4568);
#3643=FILL_AREA_STYLE_COLOUR('',#4569);
#3644=VERTEX_POINT('',#4570);
#3645=VERTEX_POINT('',#4571);
#3646=LINE('',#4572,#4573);
#3647=VERTEX_POINT('',#4574);
#3648=LINE('',#4575,#4576);
#3649=VERTEX_POINT('',#4577);
#3650=LINE('',#4578,#4579);
#3651=VERTEX_POINT('',#4580);
#3652=LINE('',#4581,#4582);
#3653=VERTEX_POINT('',#4583);
#3654=LINE('',#4584,#4585);
#3655=LINE('',#4586,#4587);
#3656=FILL_AREA_STYLE_COLOUR('',#4588);
#3657=VERTEX_POINT('',#4589);
#3658=LINE('',#4590,#4591);
#3659=VERTEX_POINT('',#4592);
#3660=LINE('',#4593,#4594);
#3661=LINE('',#4595,#4596);
#3662=FILL_AREA_STYLE_COLOUR('',#4597);
#3663=VERTEX_POINT('',#4598);
#3664=LINE('',#4599,#4600);
#3665=LINE('',#4601,#4602);
#3666=FILL_AREA_STYLE_COLOUR('',#4603);
#3667=VERTEX_POINT('',#4604);
#3668=CIRCLE('',#4605,0.125);
#3669=VERTEX_POINT('',#4606);
#3670=CIRCLE('',#4607,0.125);
#3671=LINE('',#4608,#4609);
#3672=FILL_AREA_STYLE_COLOUR('',#4610);
#3673=VERTEX_POINT('',#4611);
#3674=LINE('',#4612,#4613);
#3675=LINE('',#4614,#4615);
#3676=LINE('',#4616,#4617);
#3677=FILL_AREA_STYLE_COLOUR('',#4618);
#3678=FILL_AREA_STYLE_COLOUR('',#4619);
#3679=VERTEX_POINT('',#4620);
#3680=VERTEX_POINT('',#4621);
#3681=CIRCLE('',#4622,0.05);
#3682=VERTEX_POINT('',#4623);
#3683=LINE('',#4624,#4625);
#3684=VERTEX_POINT('',#4626);
#3685=CIRCLE('',#4627,0.05);
#3686=VERTEX_POINT('',#4628);
#3687=LINE('',#4629,#4630);
#3688=VERTEX_POINT('',#4631);
#3689=CIRCLE('',#4632,0.05);
#3690=VERTEX_POINT('',#4633);
#3691=LINE('',#4634,#4635);
#3692=VERTEX_POINT('',#4636);
#3693=CIRCLE('',#4637,0.05);
#3694=LINE('',#4638,#4639);
#3695=VERTEX_POINT('',#4640);
#3696=LINE('',#4641,#4642);
#3697=VERTEX_POINT('',#4643);
#3698=LINE('',#4644,#4645);
#3699=VERTEX_POINT('',#4646);
#3700=LINE('',#4647,#4648);
#3701=VERTEX_POINT('',#4649);
#3702=CIRCLE('',#4650,0.125);
#3703=VERTEX_POINT('',#4651);
#3704=LINE('',#4652,#4653);
#3705=VERTEX_POINT('',#4654);
#3706=LINE('',#4655,#4656);
#3707=VERTEX_POINT('',#4657);
#3708=LINE('',#4658,#4659);
#3709=VERTEX_POINT('',#4660);
#3710=CIRCLE('',#4661,0.125);
#3711=VERTEX_POINT('',#4662);
#3712=LINE('',#4663,#4664);
#3713=VERTEX_POINT('',#4665);
#3714=LINE('',#4666,#4667);
#3715=VERTEX_POINT('',#4668);
#3716=LINE('',#4669,#4670);
#3717=VERTEX_POINT('',#4671);
#3718=CIRCLE('',#4672,0.125);
#3719=VERTEX_POINT('',#4673);
#3720=LINE('',#4674,#4675);
#3721=VERTEX_POINT('',#4676);
#3722=LINE('',#4677,#4678);
#3723=VERTEX_POINT('',#4679);
#3724=LINE('',#4680,#4681);
#3725=VERTEX_POINT('',#4682);
#3726=CIRCLE('',#4683,0.125);
#3727=VERTEX_POINT('',#4684);
#3728=LINE('',#4685,#4686);
#3729=VERTEX_POINT('',#4687);
#3730=LINE('',#4688,#4689);
#3731=VERTEX_POINT('',#4690);
#3732=LINE('',#4691,#4692);
#3733=VERTEX_POINT('',#4693);
#3734=LINE('',#4694,#4695);
#3735=VERTEX_POINT('',#4696);
#3736=CIRCLE('',#4697,0.125);
#3737=VERTEX_POINT('',#4698);
#3738=LINE('',#4699,#4700);
#3739=VERTEX_POINT('',#4701);
#3740=LINE('',#4702,#4703);
#3741=VERTEX_POINT('',#4704);
#3742=LINE('',#4705,#4706);
#3743=VERTEX_POINT('',#4707);
#3744=CIRCLE('',#4708,0.125);
#3745=VERTEX_POINT('',#4709);
#3746=LINE('',#4710,#4711);
#3747=VERTEX_POINT('',#4712);
#3748=LINE('',#4713,#4714);
#3749=VERTEX_POINT('',#4715);
#3750=LINE('',#4716,#4717);
#3751=VERTEX_POINT('',#4718);
#3752=CIRCLE('',#4719,0.125);
#3753=VERTEX_POINT('',#4720);
#3754=LINE('',#4721,#4722);
#3755=VERTEX_POINT('',#4723);
#3756=LINE('',#4724,#4725);
#3757=VERTEX_POINT('',#4726);
#3758=LINE('',#4727,#4728);
#3759=VERTEX_POINT('',#4729);
#3760=CIRCLE('',#4730,0.125);
#3761=VERTEX_POINT('',#4731);
#3762=LINE('',#4732,#4733);
#3763=VERTEX_POINT('',#4734);
#3764=LINE('',#4735,#4736);
#3765=VERTEX_POINT('',#4737);
#3766=LINE('',#4738,#4739);
#3767=VERTEX_POINT('',#4740);
#3768=LINE('',#4741,#4742);
#3769=VERTEX_POINT('',#4743);
#3770=CIRCLE('',#4744,0.125);
#3771=VERTEX_POINT('',#4745);
#3772=LINE('',#4746,#4747);
#3773=VERTEX_POINT('',#4748);
#3774=LINE('',#4749,#4750);
#3775=VERTEX_POINT('',#4751);
#3776=LINE('',#4752,#4753);
#3777=VERTEX_POINT('',#4754);
#3778=CIRCLE('',#4755,0.125);
#3779=VERTEX_POINT('',#4756);
#3780=LINE('',#4757,#4758);
#3781=VERTEX_POINT('',#4759);
#3782=LINE('',#4760,#4761);
#3783=VERTEX_POINT('',#4762);
#3784=LINE('',#4763,#4764);
#3785=VERTEX_POINT('',#4765);
#3786=CIRCLE('',#4766,0.125);
#3787=VERTEX_POINT('',#4767);
#3788=LINE('',#4768,#4769);
#3789=VERTEX_POINT('',#4770);
#3790=LINE('',#4771,#4772);
#3791=VERTEX_POINT('',#4773);
#3792=LINE('',#4774,#4775);
#3793=VERTEX_POINT('',#4776);
#3794=CIRCLE('',#4777,0.125);
#3795=VERTEX_POINT('',#4778);
#3796=LINE('',#4779,#4780);
#3797=VERTEX_POINT('',#4781);
#3798=LINE('',#4782,#4783);
#3799=VERTEX_POINT('',#4784);
#3800=LINE('',#4785,#4786);
#3801=VERTEX_POINT('',#4787);
#3802=LINE('',#4788,#4789);
#3803=VERTEX_POINT('',#4790);
#3804=CIRCLE('',#4791,0.125);
#3805=VERTEX_POINT('',#4792);
#3806=LINE('',#4793,#4794);
#3807=VERTEX_POINT('',#4795);
#3808=LINE('',#4796,#4797);
#3809=VERTEX_POINT('',#4798);
#3810=LINE('',#4799,#4800);
#3811=VERTEX_POINT('',#4801);
#3812=CIRCLE('',#4802,0.125);
#3813=VERTEX_POINT('',#4803);
#3814=LINE('',#4804,#4805);
#3815=VERTEX_POINT('',#4806);
#3816=LINE('',#4807,#4808);
#3817=VERTEX_POINT('',#4809);
#3818=LINE('',#4810,#4811);
#3819=VERTEX_POINT('',#4812);
#3820=CIRCLE('',#4813,0.125);
#3821=VERTEX_POINT('',#4814);
#3822=LINE('',#4815,#4816);
#3823=LINE('',#4817,#4818);
#3824=FILL_AREA_STYLE_COLOUR('',#4819);
#3825=VERTEX_POINT('',#4820);
#3826=LINE('',#4821,#4822);
#3827=VERTEX_POINT('',#4823);
#3828=LINE('',#4824,#4825);
#3829=VERTEX_POINT('',#4826);
#3830=LINE('',#4827,#4828);
#3831=VERTEX_POINT('',#4829);
#3832=LINE('',#4830,#4831);
#3833=LINE('',#4832,#4833);
#3834=FILL_AREA_STYLE_COLOUR('',#4834);
#3835=VERTEX_POINT('',#4835);
#3836=LINE('',#4836,#4837);
#3837=CIRCLE('',#4838,0.125);
#3838=FILL_AREA_STYLE_COLOUR('',#4839);
#3839=VERTEX_POINT('',#4840);
#3840=LINE('',#4841,#4842);
#3841=VERTEX_POINT('',#4843);
#3842=LINE('',#4844,#4845);
#3843=LINE('',#4846,#4847);
#3844=FILL_AREA_STYLE_COLOUR('',#4848);
#3845=VERTEX_POINT('',#4849);
#3846=LINE('',#4850,#4851);
#3847=LINE('',#4852,#4853);
#3848=LINE('',#4854,#4855);
#3849=FILL_AREA_STYLE_COLOUR('',#4856);
#3850=FILL_AREA_STYLE_COLOUR('',#4857);
#3851=LINE('',#4858,#4859);
#3852=FILL_AREA_STYLE_COLOUR('',#4860);
#3853=VERTEX_POINT('',#4861);
#3854=LINE('',#4862,#4863);
#3855=VERTEX_POINT('',#4864);
#3856=LINE('',#4865,#4866);
#3857=LINE('',#4867,#4868);
#3858=VERTEX_POINT('',#4869);
#3859=LINE('',#4870,#4871);
#3860=VERTEX_POINT('',#4872);
#3861=LINE('',#4873,#4874);
#3862=LINE('',#4875,#4876);
#3863=VERTEX_POINT('',#4877);
#3864=LINE('',#4878,#4879);
#3865=VERTEX_POINT('',#4880);
#3866=LINE('',#4881,#4882);
#3867=LINE('',#4883,#4884);
#3868=FILL_AREA_STYLE_COLOUR('',#4885);
#3869=VERTEX_POINT('',#4886);
#3870=LINE('',#4887,#4888);
#3871=VERTEX_POINT('',#4889);
#3872=LINE('',#4890,#4891);
#3873=VERTEX_POINT('',#4892);
#3874=LINE('',#4893,#4894);
#3875=LINE('',#4895,#4896);
#3876=FILL_AREA_STYLE_COLOUR('',#4897);
#3877=VERTEX_POINT('',#4898);
#3878=LINE('',#4899,#4900);
#3879=LINE('',#4901,#4902);
#3880=FILL_AREA_STYLE_COLOUR('',#4903);
#3881=VERTEX_POINT('',#4904);
#3882=LINE('',#4905,#4906);
#3883=LINE('',#4907,#4908);
#3884=FILL_AREA_STYLE_COLOUR('',#4909);
#3885=VERTEX_POINT('',#4910);
#3886=CIRCLE('',#4911,0.125);
#3887=LINE('',#4912,#4913);
#3888=FILL_AREA_STYLE_COLOUR('',#4914);
#3889=LINE('',#4915,#4916);
#3890=FILL_AREA_STYLE_COLOUR('',#4917);
#3891=FILL_AREA_STYLE_COLOUR('',#4918);
#3892=VERTEX_POINT('',#4919);
#3893=LINE('',#4920,#4921);
#3894=VERTEX_POINT('',#4922);
#3895=LINE('',#4923,#4924);
#3896=VERTEX_POINT('',#4925);
#3897=LINE('',#4926,#4927);
#3898=LINE('',#4928,#4929);
#3899=FILL_AREA_STYLE_COLOUR('',#4930);
#3900=VERTEX_POINT('',#4931);
#3901=LINE('',#4932,#4933);
#3902=CIRCLE('',#4934,0.125);
#3903=FILL_AREA_STYLE_COLOUR('',#4935);
#3904=VERTEX_POINT('',#4936);
#3905=LINE('',#4937,#4938);
#3906=VERTEX_POINT('',#4939);
#3907=LINE('',#4940,#4941);
#3908=LINE('',#4942,#4943);
#3909=FILL_AREA_STYLE_COLOUR('',#4944);
#3910=LINE('',#4945,#4946);
#3911=LINE('',#4947,#4948);
#3912=FILL_AREA_STYLE_COLOUR('',#4949);
#3913=FILL_AREA_STYLE_COLOUR('',#4950);
#3914=FILL_AREA_STYLE_COLOUR('',#4951);
#3915=VERTEX_POINT('',#4952);
#3916=LINE('',#4953,#4954);
#3917=VERTEX_POINT('',#4955);
#3918=LINE('',#4956,#4957);
#3919=VERTEX_POINT('',#4958);
#3920=LINE('',#4959,#4960);
#3921=VERTEX_POINT('',#4961);
#3922=LINE('',#4962,#4963);
#3923=LINE('',#4964,#4965);
#3924=FILL_AREA_STYLE_COLOUR('',#4966);
#3925=VERTEX_POINT('',#4967);
#3926=LINE('',#4968,#4969);
#3927=VERTEX_POINT('',#4970);
#3928=LINE('',#4971,#4972);
#3929=LINE('',#4973,#4974);
#3930=FILL_AREA_STYLE_COLOUR('',#4975);
#3931=VERTEX_POINT('',#4976);
#3932=LINE('',#4977,#4978);
#3933=LINE('',#4979,#4980);
#3934=FILL_AREA_STYLE_COLOUR('',#4981);
#3935=VERTEX_POINT('',#4982);
#3936=CIRCLE('',#4983,0.125);
#3937=LINE('',#4984,#4985);
#3938=FILL_AREA_STYLE_COLOUR('',#4986);
#3939=LINE('',#4987,#4988);
#3940=LINE('',#4989,#4990);
#3941=FILL_AREA_STYLE_COLOUR('',#4991);
#3942=FILL_AREA_STYLE_COLOUR('',#4992);
#3943=VERTEX_POINT('',#4993);
#3944=LINE('',#4994,#4995);
#3945=VERTEX_POINT('',#4996);
#3946=LINE('',#4997,#4998);
#3947=VERTEX_POINT('',#4999);
#3948=LINE('',#5000,#5001);
#3949=VERTEX_POINT('',#5002);
#3950=LINE('',#5003,#5004);
#3951=LINE('',#5005,#5006);
#3952=FILL_AREA_STYLE_COLOUR('',#5007);
#3953=VERTEX_POINT('',#5008);
#3954=LINE('',#5009,#5010);
#3955=CIRCLE('',#5011,0.125);
#3956=FILL_AREA_STYLE_COLOUR('',#5012);
#3957=VERTEX_POINT('',#5013);
#3958=LINE('',#5014,#5015);
#3959=VERTEX_POINT('',#5016);
#3960=LINE('',#5017,#5018);
#3961=LINE('',#5019,#5020);
#3962=FILL_AREA_STYLE_COLOUR('',#5021);
#3963=VERTEX_POINT('',#5022);
#3964=LINE('',#5023,#5024);
#3965=LINE('',#5025,#5026);
#3966=LINE('',#5027,#5028);
#3967=FILL_AREA_STYLE_COLOUR('',#5029);
#3968=FILL_AREA_STYLE_COLOUR('',#5030);
#3969=LINE('',#5031,#5032);
#3970=FILL_AREA_STYLE_COLOUR('',#5033);
#3971=VERTEX_POINT('',#5034);
#3972=LINE('',#5035,#5036);
#3973=LINE('',#5037,#5038);
#3974=VERTEX_POINT('',#5039);
#3975=LINE('',#5040,#5041);
#3976=VERTEX_POINT('',#5042);
#3977=LINE('',#5043,#5044);
#3978=LINE('',#5045,#5046);
#3979=VERTEX_POINT('',#5047);
#3980=LINE('',#5048,#5049);
#3981=VERTEX_POINT('',#5050);
#3982=LINE('',#5051,#5052);
#3983=LINE('',#5053,#5054);
#3984=FILL_AREA_STYLE_COLOUR('',#5055);
#3985=VERTEX_POINT('',#5056);
#3986=LINE('',#5057,#5058);
#3987=VERTEX_POINT('',#5059);
#3988=LINE('',#5060,#5061);
#3989=VERTEX_POINT('',#5062);
#3990=LINE('',#5063,#5064);
#3991=LINE('',#5065,#5066);
#3992=FILL_AREA_STYLE_COLOUR('',#5067);
#3993=VERTEX_POINT('',#5068);
#3994=LINE('',#5069,#5070);
#3995=LINE('',#5071,#5072);
#3996=FILL_AREA_STYLE_COLOUR('',#5073);
#3997=VERTEX_POINT('',#5074);
#3998=LINE('',#5075,#5076);
#3999=LINE('',#5077,#5078);
#4000=FILL_AREA_STYLE_COLOUR('',#5079);
#4001=VERTEX_POINT('',#5080);
#4002=CIRCLE('',#5081,0.125);
#4003=LINE('',#5082,#5083);
#4004=FILL_AREA_STYLE_COLOUR('',#5084);
#4005=LINE('',#5085,#5086);
#4006=FILL_AREA_STYLE_COLOUR('',#5087);
#4007=FILL_AREA_STYLE_COLOUR('',#5088);
#4008=VERTEX_POINT('',#5089);
#4009=LINE('',#5090,#5091);
#4010=VERTEX_POINT('',#5092);
#4011=LINE('',#5093,#5094);
#4012=VERTEX_POINT('',#5095);
#4013=LINE('',#5096,#5097);
#4014=LINE('',#5098,#5099);
#4015=FILL_AREA_STYLE_COLOUR('',#5100);
#4016=VERTEX_POINT('',#5101);
#4017=LINE('',#5102,#5103);
#4018=CIRCLE('',#5104,0.125);
#4019=FILL_AREA_STYLE_COLOUR('',#5105);
#4020=VERTEX_POINT('',#5106);
#4021=LINE('',#5107,#5108);
#4022=VERTEX_POINT('',#5109);
#4023=LINE('',#5110,#5111);
#4024=LINE('',#5112,#5113);
#4025=FILL_AREA_STYLE_COLOUR('',#5114);
#4026=LINE('',#5115,#5116);
#4027=LINE('',#5117,#5118);
#4028=FILL_AREA_STYLE_COLOUR('',#5119);
#4029=FILL_AREA_STYLE_COLOUR('',#5120);
#4030=FILL_AREA_STYLE_COLOUR('',#5121);
#4031=VERTEX_POINT('',#5122);
#4032=LINE('',#5123,#5124);
#4033=VERTEX_POINT('',#5125);
#4034=LINE('',#5126,#5127);
#4035=VERTEX_POINT('',#5128);
#4036=LINE('',#5129,#5130);
#4037=VERTEX_POINT('',#5131);
#4038=LINE('',#5132,#5133);
#4039=LINE('',#5134,#5135);
#4040=FILL_AREA_STYLE_COLOUR('',#5136);
#4041=VERTEX_POINT('',#5137);
#4042=LINE('',#5138,#5139);
#4043=VERTEX_POINT('',#5140);
#4044=LINE('',#5141,#5142);
#4045=LINE('',#5143,#5144);
#4046=FILL_AREA_STYLE_COLOUR('',#5145);
#4047=VERTEX_POINT('',#5146);
#4048=LINE('',#5147,#5148);
#4049=LINE('',#5149,#5150);
#4050=FILL_AREA_STYLE_COLOUR('',#5151);
#4051=VERTEX_POINT('',#5152);
#4052=CIRCLE('',#5153,0.125);
#4053=LINE('',#5154,#5155);
#4054=FILL_AREA_STYLE_COLOUR('',#5156);
#4055=LINE('',#5157,#5158);
#4056=LINE('',#5159,#5160);
#4057=FILL_AREA_STYLE_COLOUR('',#5161);
#4058=FILL_AREA_STYLE_COLOUR('',#5162);
#4059=VERTEX_POINT('',#5163);
#4060=LINE('',#5164,#5165);
#4061=VERTEX_POINT('',#5166);
#4062=LINE('',#5167,#5168);
#4063=VERTEX_POINT('',#5169);
#4064=LINE('',#5170,#5171);
#4065=VERTEX_POINT('',#5172);
#4066=LINE('',#5173,#5174);
#4067=LINE('',#5175,#5176);
#4068=FILL_AREA_STYLE_COLOUR('',#5177);
#4069=VERTEX_POINT('',#5178);
#4070=LINE('',#5179,#5180);
#4071=CIRCLE('',#5181,0.125);
#4072=FILL_AREA_STYLE_COLOUR('',#5182);
#4073=VERTEX_POINT('',#5183);
#4074=LINE('',#5184,#5185);
#4075=VERTEX_POINT('',#5186);
#4076=LINE('',#5187,#5188);
#4077=LINE('',#5189,#5190);
#4078=FILL_AREA_STYLE_COLOUR('',#5191);
#4079=VERTEX_POINT('',#5192);
#4080=LINE('',#5193,#5194);
#4081=LINE('',#5195,#5196);
#4082=LINE('',#5197,#5198);
#4083=FILL_AREA_STYLE_COLOUR('',#5199);
#4084=FILL_AREA_STYLE_COLOUR('',#5200);
#4085=LINE('',#5201,#5202);
#4086=FILL_AREA_STYLE_COLOUR('',#5203);
#4087=VERTEX_POINT('',#5204);
#4088=LINE('',#5205,#5206);
#4089=LINE('',#5207,#5208);
#4090=VERTEX_POINT('',#5209);
#4091=LINE('',#5210,#5211);
#4092=VERTEX_POINT('',#5212);
#4093=LINE('',#5213,#5214);
#4094=LINE('',#5215,#5216);
#4095=VERTEX_POINT('',#5217);
#4096=LINE('',#5218,#5219);
#4097=VERTEX_POINT('',#5220);
#4098=LINE('',#5221,#5222);
#4099=LINE('',#5223,#5224);
#4100=FILL_AREA_STYLE_COLOUR('',#5225);
#4101=VERTEX_POINT('',#5226);
#4102=LINE('',#5227,#5228);
#4103=VERTEX_POINT('',#5229);
#4104=LINE('',#5230,#5231);
#4105=VERTEX_POINT('',#5232);
#4106=LINE('',#5233,#5234);
#4107=LINE('',#5235,#5236);
#4108=FILL_AREA_STYLE_COLOUR('',#5237);
#4109=VERTEX_POINT('',#5238);
#4110=LINE('',#5239,#5240);
#4111=LINE('',#5241,#5242);
#4112=FILL_AREA_STYLE_COLOUR('',#5243);
#4113=VERTEX_POINT('',#5244);
#4114=LINE('',#5245,#5246);
#4115=LINE('',#5247,#5248);
#4116=FILL_AREA_STYLE_COLOUR('',#5249);
#4117=VERTEX_POINT('',#5250);
#4118=CIRCLE('',#5251,0.125);
#4119=LINE('',#5252,#5253);
#4120=FILL_AREA_STYLE_COLOUR('',#5254);
#4121=LINE('',#5255,#5256);
#4122=FILL_AREA_STYLE_COLOUR('',#5257);
#4123=FILL_AREA_STYLE_COLOUR('',#5258);
#4124=VERTEX_POINT('',#5259);
#4125=LINE('',#5260,#5261);
#4126=VERTEX_POINT('',#5262);
#4127=LINE('',#5263,#5264);
#4128=VERTEX_POINT('',#5265);
#4129=LINE('',#5266,#5267);
#4130=LINE('',#5268,#5269);
#4131=FILL_AREA_STYLE_COLOUR('',#5270);
#4132=VERTEX_POINT('',#5271);
#4133=LINE('',#5272,#5273);
#4134=CIRCLE('',#5274,0.125);
#4135=FILL_AREA_STYLE_COLOUR('',#5275);
#4136=VERTEX_POINT('',#5276);
#4137=LINE('',#5277,#5278);
#4138=VERTEX_POINT('',#5279);
#4139=LINE('',#5280,#5281);
#4140=LINE('',#5282,#5283);
#4141=FILL_AREA_STYLE_COLOUR('',#5284);
#4142=LINE('',#5285,#5286);
#4143=LINE('',#5287,#5288);
#4144=FILL_AREA_STYLE_COLOUR('',#5289);
#4145=FILL_AREA_STYLE_COLOUR('',#5290);
#4146=FILL_AREA_STYLE_COLOUR('',#5291);
#4147=VERTEX_POINT('',#5292);
#4148=LINE('',#5293,#5294);
#4149=VERTEX_POINT('',#5295);
#4150=LINE('',#5296,#5297);
#4151=VERTEX_POINT('',#5298);
#4152=LINE('',#5299,#5300);
#4153=VERTEX_POINT('',#5301);
#4154=LINE('',#5302,#5303);
#4155=LINE('',#5304,#5305);
#4156=FILL_AREA_STYLE_COLOUR('',#5306);
#4157=VERTEX_POINT('',#5307);
#4158=LINE('',#5308,#5309);
#4159=CIRCLE('',#5310,0.125);
#4160=FILL_AREA_STYLE_COLOUR('',#5311);
#4161=VERTEX_POINT('',#5312);
#4162=LINE('',#5313,#5314);
#4163=VERTEX_POINT('',#5315);
#4164=LINE('',#5316,#5317);
#4165=LINE('',#5318,#5319);
#4166=FILL_AREA_STYLE_COLOUR('',#5320);
#4167=VERTEX_POINT('',#5321);
#4168=LINE('',#5322,#5323);
#4169=LINE('',#5324,#5325);
#4170=LINE('',#5326,#5327);
#4171=FILL_AREA_STYLE_COLOUR('',#5328);
#4172=FILL_AREA_STYLE_COLOUR('',#5329);
#4173=LINE('',#5330,#5331);
#4174=FILL_AREA_STYLE_COLOUR('',#5332);
#4175=VERTEX_POINT('',#5333);
#4176=LINE('',#5334,#5335);
#4177=VERTEX_POINT('',#5336);
#4178=LINE('',#5337,#5338);
#4179=LINE('',#5339,#5340);
#4180=VERTEX_POINT('',#5341);
#4181=LINE('',#5342,#5343);
#4182=VERTEX_POINT('',#5344);
#4183=LINE('',#5345,#5346);
#4184=LINE('',#5347,#5348);
#4185=VERTEX_POINT('',#5349);
#4186=LINE('',#5350,#5351);
#4187=VERTEX_POINT('',#5352);
#4188=LINE('',#5353,#5354);
#4189=LINE('',#5355,#5356);
#4190=LINE('',#5357,#5358);
#4191=FILL_AREA_STYLE_COLOUR('',#5359);
#4192=VERTEX_POINT('',#5360);
#4193=LINE('',#5361,#5362);
#4194=VERTEX_POINT('',#5363);
#4195=LINE('',#5364,#5365);
#4196=VERTEX_POINT('',#5366);
#4197=LINE('',#5367,#5368);
#4198=LINE('',#5369,#5370);
#4199=FILL_AREA_STYLE_COLOUR('',#5371);
#4200=VERTEX_POINT('',#5372);
#4201=LINE('',#5373,#5374);
#4202=LINE('',#5375,#5376);
#4203=FILL_AREA_STYLE_COLOUR('',#5377);
#4204=VERTEX_POINT('',#5378);
#4205=LINE('',#5379,#5380);
#4206=LINE('',#5381,#5382);
#4207=FILL_AREA_STYLE_COLOUR('',#5383);
#4208=VERTEX_POINT('',#5384);
#4209=CIRCLE('',#5385,0.125);
#4210=LINE('',#5386,#5387);
#4211=FILL_AREA_STYLE_COLOUR('',#5388);
#4212=LINE('',#5389,#5390);
#4213=FILL_AREA_STYLE_COLOUR('',#5391);
#4214=FILL_AREA_STYLE_COLOUR('',#5392);
#4215=VERTEX_POINT('',#5393);
#4216=LINE('',#5394,#5395);
#4217=VERTEX_POINT('',#5396);
#4218=LINE('',#5397,#5398);
#4219=VERTEX_POINT('',#5399);
#4220=LINE('',#5400,#5401);
#4221=LINE('',#5402,#5403);
#4222=FILL_AREA_STYLE_COLOUR('',#5404);
#4223=VERTEX_POINT('',#5405);
#4224=LINE('',#5406,#5407);
#4225=CIRCLE('',#5408,0.125);
#4226=FILL_AREA_STYLE_COLOUR('',#5409);
#4227=VERTEX_POINT('',#5410);
#4228=LINE('',#5411,#5412);
#4229=VERTEX_POINT('',#5413);
#4230=LINE('',#5414,#5415);
#4231=LINE('',#5416,#5417);
#4232=FILL_AREA_STYLE_COLOUR('',#5418);
#4233=LINE('',#5419,#5420);
#4234=LINE('',#5421,#5422);
#4235=FILL_AREA_STYLE_COLOUR('',#5423);
#4236=FILL_AREA_STYLE_COLOUR('',#5424);
#4237=FILL_AREA_STYLE_COLOUR('',#5425);
#4238=VERTEX_POINT('',#5426);
#4239=LINE('',#5427,#5428);
#4240=VERTEX_POINT('',#5429);
#4241=LINE('',#5430,#5431);
#4242=VERTEX_POINT('',#5432);
#4243=LINE('',#5433,#5434);
#4244=LINE('',#5435,#5436);
#4245=FILL_AREA_STYLE_COLOUR('',#5437);
#4246=VERTEX_POINT('',#5438);
#4247=LINE('',#5439,#5440);
#4248=LINE('',#5441,#5442);
#4249=FILL_AREA_STYLE_COLOUR('',#5443);
#4250=VERTEX_POINT('',#5444);
#4251=LINE('',#5445,#5446);
#4252=LINE('',#5447,#5448);
#4253=FILL_AREA_STYLE_COLOUR('',#5449);
#4254=VERTEX_POINT('',#5450);
#4255=CIRCLE('',#5451,0.125);
#4256=LINE('',#5452,#5453);
#4257=FILL_AREA_STYLE_COLOUR('',#5454);
#4258=LINE('',#5455,#5456);
#4259=FILL_AREA_STYLE_COLOUR('',#5457);
#4260=FILL_AREA_STYLE_COLOUR('',#5458);
#4261=VERTEX_POINT('',#5459);
#4262=LINE('',#5460,#5461);
#4263=VERTEX_POINT('',#5462);
#4264=LINE('',#5463,#5464);
#4265=LINE('',#5465,#5466);
#4266=FILL_AREA_STYLE_COLOUR('',#5467);
#4267=VERTEX_POINT('',#5468);
#4268=LINE('',#5469,#5470);
#4269=CIRCLE('',#5471,0.05);
#4270=FILL_AREA_STYLE_COLOUR('',#5472);
#4271=VERTEX_POINT('',#5473);
#4272=LINE('',#5474,#5475);
#4273=LINE('',#5476,#5477);
#4274=FILL_AREA_STYLE_COLOUR('',#5478);
#4275=VERTEX_POINT('',#5479);
#4276=LINE('',#5480,#5481);
#4277=CIRCLE('',#5482,0.05);
#4278=FILL_AREA_STYLE_COLOUR('',#5483);
#4279=VERTEX_POINT('',#5484);
#4280=CIRCLE('',#5485,0.05);
#4281=LINE('',#5486,#5487);
#4282=FILL_AREA_STYLE_COLOUR('',#5488);
#4283=VERTEX_POINT('',#5489);
#4284=LINE('',#5490,#5491);
#4285=LINE('',#5492,#5493);
#4286=FILL_AREA_STYLE_COLOUR('',#5494);
#4287=VERTEX_POINT('',#5495);
#4288=CIRCLE('',#5496,0.05);
#4289=LINE('',#5497,#5498);
#4290=FILL_AREA_STYLE_COLOUR('',#5499);
#4291=LINE('',#5500,#5501);
#4292=FILL_AREA_STYLE_COLOUR('',#5502);
#4293=FILL_AREA_STYLE_COLOUR('',#5503);
#4294=CIRCLE('',#5504,0.2);
#4295=CIRCLE('',#5505,0.2);
#4296=FILL_AREA_STYLE_COLOUR('',#5506);
#4297=FILL_AREA_STYLE_COLOUR('',#5507);
#4298=COLOUR_RGB('',0.0,0.0,0.0);
#4299=CARTESIAN_POINT('',(0.5,0.7525,0.8));
#4300=CARTESIAN_POINT('',(0.5,0.6875,0.8));
#4301=CARTESIAN_POINT('',(0.5,0.72,0.8));
#4302=VECTOR('',#5508,1.0);
#4303=CARTESIAN_POINT('',(0.5,0.7525,1.2));
#4304=AXIS2_PLACEMENT_3D('',#5509,#5510,#5511);
#4305=CARTESIAN_POINT('',(0.5,0.6875,1.2));
#4306=CARTESIAN_POINT('',(0.5,0.72,1.2));
#4307=VECTOR('',#5512,1.0);
#4308=AXIS2_PLACEMENT_3D('',#5513,#5514,#5515);
#4309=COLOUR_RGB('',0.752941191196442,0.752941191196442,0.752941191196442);
#4310=CARTESIAN_POINT('',(0.4,0.0225,-1.15));
#4311=CARTESIAN_POINT('',(0.4,0.0225,-1.35));
#4312=CARTESIAN_POINT('',(0.4,0.0225,-0.625));
#4313=VECTOR('',#5516,1.0);
#4314=CARTESIAN_POINT('',(0.4,0.0125,-1.15));
#4315=CARTESIAN_POINT('',(0.4,0.0875,-1.15));
#4316=VECTOR('',#5517,1.0);
#4317=CARTESIAN_POINT('',(0.4,0.0125,-1.35));
#4318=CARTESIAN_POINT('',(0.4,0.0125,-1.35));
#4319=VECTOR('',#5518,1.0);
#4320=CARTESIAN_POINT('',(0.4,0.0875,-1.35));
#4321=VECTOR('',#5519,1.0);
#4322=COLOUR_RGB('',0.752941191196442,0.752941191196442,0.752941191196442);
#4323=CARTESIAN_POINT('',(0.35,0.0225,-1.1));
#4324=AXIS2_PLACEMENT_3D('',#5520,#5521,#5522);
#4325=CARTESIAN_POINT('',(0.35,0.0125,-1.1));
#4326=CARTESIAN_POINT('',(0.35,0.0875,-1.1));
#4327=VECTOR('',#5523,1.0);
#4328=AXIS2_PLACEMENT_3D('',#5524,#5525,#5526);
#4329=COLOUR_RGB('',0.752941191196442,0.752941191196442,0.752941191196442);
#4330=CARTESIAN_POINT('',(0.15,0.0225,-1.1));
#4331=CARTESIAN_POINT('',(0.875,0.0225,-1.1));
#4332=VECTOR('',#5527,1.0);
#4333=CARTESIAN_POINT('',(0.15,0.0125,-1.1));
#4334=CARTESIAN_POINT('',(0.15,0.0875,-1.1));
#4335=VECTOR('',#5528,1.0);
#4336=CARTESIAN_POINT('',(0.15,0.0125,-1.1));
#4337=VECTOR('',#5529,1.0);
#4338=COLOUR_RGB('',0.752941191196442,0.752941191196442,0.752941191196442);
#4339=CARTESIAN_POINT('',(0.1,0.0225,-1.15));
#4340=AXIS2_PLACEMENT_3D('',#5530,#5531,#5532);
#4341=CARTESIAN_POINT('',(0.1,0.0125,-1.15));
#4342=CARTESIAN_POINT('',(0.1,0.0875,-1.15));
#4343=VECTOR('',#5533,1.0);
#4344=AXIS2_PLACEMENT_3D('',#5534,#5535,#5536);
#4345=COLOUR_RGB('',0.752941191196442,0.752941191196442,0.752941191196442);
#4346=CARTESIAN_POINT('',(0.35,0.0225,-1.4));
#4347=AXIS2_PLACEMENT_3D('',#5537,#5538,#5539);
#4348=CARTESIAN_POINT('',(0.35,0.0125,-1.4));
#4349=AXIS2_PLACEMENT_3D('',#5540,#5541,#5542);
#4350=CARTESIAN_POINT('',(0.35,0.0875,-1.4));
#4351=VECTOR('',#5543,1.0);
#4352=COLOUR_RGB('',0.752941191196442,0.752941191196442,0.752941191196442);
#4353=CARTESIAN_POINT('',(0.15,0.0225,-1.4));
#4354=CARTESIAN_POINT('',(0.875,0.0225,-1.4));
#4355=VECTOR('',#5544,1.0);
#4356=CARTESIAN_POINT('',(0.15,0.0125,-1.4));
#4357=CARTESIAN_POINT('',(0.15,0.0125,-1.4));
#4358=VECTOR('',#5545,1.0);
#4359=CARTESIAN_POINT('',(0.15,0.0875,-1.4));
#4360=VECTOR('',#5546,1.0);
#4361=COLOUR_RGB('',0.752941191196442,0.752941191196442,0.752941191196442);
#4362=CARTESIAN_POINT('',(0.1,0.0225,-1.35));
#4363=AXIS2_PLACEMENT_3D('',#5547,#5548,#5549);
#4364=CARTESIAN_POINT('',(0.1,0.0125,-1.35));
#4365=AXIS2_PLACEMENT_3D('',#5550,#5551,#5552);
#4366=CARTESIAN_POINT('',(0.1,0.0875,-1.35));
#4367=VECTOR('',#5553,1.0);
#4368=COLOUR_RGB('',0.752941191196442,0.752941191196442,0.752941191196442);
#4369=CARTESIAN_POINT('',(0.1,0.0225,-0.625));
#4370=VECTOR('',#5554,1.0);
#4371=CARTESIAN_POINT('',(0.1,0.0125,-1.35));
#4372=VECTOR('',#5555,1.0);
#4373=COLOUR_RGB('',0.752941191196442,0.752941191196442,0.752941191196442);
#4374=COLOUR_RGB('',0.752941191196442,0.752941191196442,0.752941191196442);
#4375=CARTESIAN_POINT('',(2.65,0.0225,-1.1));
#4376=CARTESIAN_POINT('',(2.85,0.0225,-1.1));
#4377=CARTESIAN_POINT('',(2.125,0.0225,-1.1));
#4378=VECTOR('',#5556,1.0);
#4379=CARTESIAN_POINT('',(2.65,0.0125,-1.1));
#4380=CARTESIAN_POINT('',(2.65,0.0875,-1.1));
#4381=VECTOR('',#5557,1.0);
#4382=CARTESIAN_POINT('',(2.85,0.0125,-1.1));
#4383=CARTESIAN_POINT('',(2.85,0.0125,-1.1));
#4384=VECTOR('',#5558,1.0);
#4385=CARTESIAN_POINT('',(2.85,0.0875,-1.1));
#4386=VECTOR('',#5559,1.0);
#4387=COLOUR_RGB('',0.752941191196442,0.752941191196442,0.752941191196442);
#4388=CARTESIAN_POINT('',(2.6,0.0225,-1.15));
#4389=AXIS2_PLACEMENT_3D('',#5560,#5561,#5562);
#4390=CARTESIAN_POINT('',(2.6,0.0125,-1.15));
#4391=CARTESIAN_POINT('',(2.6,0.0875,-1.15));
#4392=VECTOR('',#5563,1.0);
#4393=AXIS2_PLACEMENT_3D('',#5564,#5565,#5566);
#4394=COLOUR_RGB('',0.752941191196442,0.752941191196442,0.752941191196442);
#4395=CARTESIAN_POINT('',(2.6,0.0225,-1.35));
#4396=CARTESIAN_POINT('',(2.6,0.0225,-0.625));
#4397=VECTOR('',#5567,1.0);
#4398=CARTESIAN_POINT('',(2.6,0.0125,-1.35));
#4399=CARTESIAN_POINT('',(2.6,0.0875,-1.35));
#4400=VECTOR('',#5568,1.0);
#4401=CARTESIAN_POINT('',(2.6,0.0125,-1.35));
#4402=VECTOR('',#5569,1.0);
#4403=COLOUR_RGB('',0.752941191196442,0.752941191196442,0.752941191196442);
#4404=CARTESIAN_POINT('',(2.65,0.0225,-1.4));
#4405=AXIS2_PLACEMENT_3D('',#5570,#5571,#5572);
#4406=CARTESIAN_POINT('',(2.65,0.0125,-1.4));
#4407=CARTESIAN_POINT('',(2.65,0.0875,-1.4));
#4408=VECTOR('',#5573,1.0);
#4409=AXIS2_PLACEMENT_3D('',#5574,#5575,#5576);
#4410=COLOUR_RGB('',0.752941191196442,0.752941191196442,0.752941191196442);
#4411=CARTESIAN_POINT('',(2.9,0.0225,-1.15));
#4412=AXIS2_PLACEMENT_3D('',#5577,#5578,#5579);
#4413=CARTESIAN_POINT('',(2.9,0.0125,-1.15));
#4414=AXIS2_PLACEMENT_3D('',#5580,#5581,#5582);
#4415=CARTESIAN_POINT('',(2.9,0.0875,-1.15));
#4416=VECTOR('',#5583,1.0);
#4417=COLOUR_RGB('',0.752941191196442,0.752941191196442,0.752941191196442);
#4418=CARTESIAN_POINT('',(2.9,0.0225,-1.35));
#4419=CARTESIAN_POINT('',(2.9,0.0225,-0.625));
#4420=VECTOR('',#5584,1.0);
#4421=CARTESIAN_POINT('',(2.9,0.0125,-1.35));
#4422=CARTESIAN_POINT('',(2.9,0.0125,-1.35));
#4423=VECTOR('',#5585,1.0);
#4424=CARTESIAN_POINT('',(2.9,0.0875,-1.35));
#4425=VECTOR('',#5586,1.0);
#4426=COLOUR_RGB('',0.752941191196442,0.752941191196442,0.752941191196442);
#4427=CARTESIAN_POINT('',(2.85,0.0225,-1.4));
#4428=AXIS2_PLACEMENT_3D('',#5587,#5588,#5589);
#4429=CARTESIAN_POINT('',(2.85,0.0125,-1.4));
#4430=AXIS2_PLACEMENT_3D('',#5590,#5591,#5592);
#4431=CARTESIAN_POINT('',(2.85,0.0875,-1.4));
#4432=VECTOR('',#5593,1.0);
#4433=COLOUR_RGB('',0.752941191196442,0.752941191196442,0.752941191196442);
#4434=CARTESIAN_POINT('',(2.125,0.0225,-1.4));
#4435=VECTOR('',#5594,1.0);
#4436=CARTESIAN_POINT('',(2.85,0.0125,-1.4));
#4437=VECTOR('',#5595,1.0);
#4438=COLOUR_RGB('',0.752941191196442,0.752941191196442,0.752941191196442);
#4439=COLOUR_RGB('',0.752941191196442,0.752941191196442,0.752941191196442);
#4440=CARTESIAN_POINT('',(2.6,0.0225,1.15));
#4441=CARTESIAN_POINT('',(2.6,0.0225,1.35));
#4442=CARTESIAN_POINT('',(2.6,0.0225,0.625));
#4443=VECTOR('',#5596,1.0);
#4444=CARTESIAN_POINT('',(2.6,0.0125,1.15));
#4445=CARTESIAN_POINT('',(2.6,0.0875,1.15));
#4446=VECTOR('',#5597,1.0);
#4447=CARTESIAN_POINT('',(2.6,0.0125,1.35));
#4448=CARTESIAN_POINT('',(2.6,0.0125,1.35));
#4449=VECTOR('',#5598,1.0);
#4450=CARTESIAN_POINT('',(2.6,0.0875,1.35));
#4451=VECTOR('',#5599,1.0);
#4452=COLOUR_RGB('',0.752941191196442,0.752941191196442,0.752941191196442);
#4453=CARTESIAN_POINT('',(2.65,0.0225,1.1));
#4454=AXIS2_PLACEMENT_3D('',#5600,#5601,#5602);
#4455=CARTESIAN_POINT('',(2.65,0.0125,1.1));
#4456=CARTESIAN_POINT('',(2.65,0.0875,1.1));
#4457=VECTOR('',#5603,1.0);
#4458=AXIS2_PLACEMENT_3D('',#5604,#5605,#5606);
#4459=COLOUR_RGB('',0.752941191196442,0.752941191196442,0.752941191196442);
#4460=CARTESIAN_POINT('',(2.85,0.0225,1.1));
#4461=CARTESIAN_POINT('',(2.125,0.0225,1.1));
#4462=VECTOR('',#5607,1.0);
#4463=CARTESIAN_POINT('',(2.85,0.0125,1.1));
#4464=CARTESIAN_POINT('',(2.85,0.0875,1.1));
#4465=VECTOR('',#5608,1.0);
#4466=CARTESIAN_POINT('',(2.85,0.0125,1.1));
#4467=VECTOR('',#5609,1.0);
#4468=COLOUR_RGB('',0.752941191196442,0.752941191196442,0.752941191196442);
#4469=CARTESIAN_POINT('',(2.9,0.0225,1.15));
#4470=AXIS2_PLACEMENT_3D('',#5610,#5611,#5612);
#4471=CARTESIAN_POINT('',(2.9,0.0125,1.15));
#4472=CARTESIAN_POINT('',(2.9,0.0875,1.15));
#4473=VECTOR('',#5613,1.0);
#4474=AXIS2_PLACEMENT_3D('',#5614,#5615,#5616);
#4475=COLOUR_RGB('',0.752941191196442,0.752941191196442,0.752941191196442);
#4476=CARTESIAN_POINT('',(2.65,0.0225,1.4));
#4477=AXIS2_PLACEMENT_3D('',#5617,#5618,#5619);
#4478=CARTESIAN_POINT('',(2.65,0.0125,1.4));
#4479=AXIS2_PLACEMENT_3D('',#5620,#5621,#5622);
#4480=CARTESIAN_POINT('',(2.65,0.0875,1.4));
#4481=VECTOR('',#5623,1.0);
#4482=COLOUR_RGB('',0.752941191196442,0.752941191196442,0.752941191196442);
#4483=CARTESIAN_POINT('',(2.85,0.0225,1.4));
#4484=CARTESIAN_POINT('',(2.125,0.0225,1.4));
#4485=VECTOR('',#5624,1.0);
#4486=CARTESIAN_POINT('',(2.85,0.0125,1.4));
#4487=CARTESIAN_POINT('',(2.85,0.0125,1.4));
#4488=VECTOR('',#5625,1.0);
#4489=CARTESIAN_POINT('',(2.85,0.0875,1.4));
#4490=VECTOR('',#5626,1.0);
#4491=COLOUR_RGB('',0.752941191196442,0.752941191196442,0.752941191196442);
#4492=CARTESIAN_POINT('',(2.9,0.0225,1.35));
#4493=AXIS2_PLACEMENT_3D('',#5627,#5628,#5629);
#4494=CARTESIAN_POINT('',(2.9,0.0125,1.35));
#4495=AXIS2_PLACEMENT_3D('',#5630,#5631,#5632);
#4496=CARTESIAN_POINT('',(2.9,0.0875,1.35));
#4497=VECTOR('',#5633,1.0);
#4498=COLOUR_RGB('',0.752941191196442,0.752941191196442,0.752941191196442);
#4499=CARTESIAN_POINT('',(2.9,0.0225,0.625));
#4500=VECTOR('',#5634,1.0);
#4501=CARTESIAN_POINT('',(2.9,0.0125,1.35));
#4502=VECTOR('',#5635,1.0);
#4503=COLOUR_RGB('',0.752941191196442,0.752941191196442,0.752941191196442);
#4504=COLOUR_RGB('',0.752941191196442,0.752941191196442,0.752941191196442);
#4505=CARTESIAN_POINT('',(0.35,0.0225,1.1));
#4506=CARTESIAN_POINT('',(0.15,0.0225,1.1));
#4507=CARTESIAN_POINT('',(0.875,0.0225,1.1));
#4508=VECTOR('',#5636,1.0);
#4509=CARTESIAN_POINT('',(0.35,0.0125,1.1));
#4510=CARTESIAN_POINT('',(0.35,0.0875,1.1));
#4511=VECTOR('',#5637,1.0);
#4512=CARTESIAN_POINT('',(0.15,0.0125,1.1));
#4513=CARTESIAN_POINT('',(0.15,0.0125,1.1));
#4514=VECTOR('',#5638,1.0);
#4515=CARTESIAN_POINT('',(0.15,0.0875,1.1));
#4516=VECTOR('',#5639,1.0);
#4517=COLOUR_RGB('',0.752941191196442,0.752941191196442,0.752941191196442);
#4518=CARTESIAN_POINT('',(0.4,0.0225,1.15));
#4519=AXIS2_PLACEMENT_3D('',#5640,#5641,#5642);
#4520=CARTESIAN_POINT('',(0.4,0.0125,1.15));
#4521=CARTESIAN_POINT('',(0.4,0.0875,1.15));
#4522=VECTOR('',#5643,1.0);
#4523=AXIS2_PLACEMENT_3D('',#5644,#5645,#5646);
#4524=COLOUR_RGB('',0.752941191196442,0.752941191196442,0.752941191196442);
#4525=CARTESIAN_POINT('',(0.4,0.0225,1.35));
#4526=CARTESIAN_POINT('',(0.4,0.0225,0.625));
#4527=VECTOR('',#5647,1.0);
#4528=CARTESIAN_POINT('',(0.4,0.0125,1.35));
#4529=CARTESIAN_POINT('',(0.4,0.0875,1.35));
#4530=VECTOR('',#5648,1.0);
#4531=CARTESIAN_POINT('',(0.4,0.0125,1.35));
#4532=VECTOR('',#5649,1.0);
#4533=COLOUR_RGB('',0.752941191196442,0.752941191196442,0.752941191196442);
#4534=CARTESIAN_POINT('',(0.35,0.0225,1.4));
#4535=AXIS2_PLACEMENT_3D('',#5650,#5651,#5652);
#4536=CARTESIAN_POINT('',(0.35,0.0125,1.4));
#4537=CARTESIAN_POINT('',(0.35,0.0875,1.4));
#4538=VECTOR('',#5653,1.0);
#4539=AXIS2_PLACEMENT_3D('',#5654,#5655,#5656);
#4540=COLOUR_RGB('',0.752941191196442,0.752941191196442,0.752941191196442);
#4541=CARTESIAN_POINT('',(0.1,0.0225,1.15));
#4542=AXIS2_PLACEMENT_3D('',#5657,#5658,#5659);
#4543=CARTESIAN_POINT('',(0.1,0.0125,1.15));
#4544=AXIS2_PLACEMENT_3D('',#5660,#5661,#5662);
#4545=CARTESIAN_POINT('',(0.1,0.0875,1.15));
#4546=VECTOR('',#5663,1.0);
#4547=COLOUR_RGB('',0.752941191196442,0.752941191196442,0.752941191196442);
#4548=CARTESIAN_POINT('',(0.1,0.0225,1.35));
#4549=CARTESIAN_POINT('',(0.1,0.0225,0.625));
#4550=VECTOR('',#5664,1.0);
#4551=CARTESIAN_POINT('',(0.1,0.0125,1.35));
#4552=CARTESIAN_POINT('',(0.1,0.0125,1.35));
#4553=VECTOR('',#5665,1.0);
#4554=CARTESIAN_POINT('',(0.1,0.0875,1.35));
#4555=VECTOR('',#5666,1.0);
#4556=COLOUR_RGB('',0.752941191196442,0.752941191196442,0.752941191196442);
#4557=CARTESIAN_POINT('',(0.15,0.0225,1.4));
#4558=AXIS2_PLACEMENT_3D('',#5667,#5668,#5669);
#4559=CARTESIAN_POINT('',(0.15,0.0125,1.4));
#4560=AXIS2_PLACEMENT_3D('',#5670,#5671,#5672);
#4561=CARTESIAN_POINT('',(0.15,0.0875,1.4));
#4562=VECTOR('',#5673,1.0);
#4563=COLOUR_RGB('',0.752941191196442,0.752941191196442,0.752941191196442);
#4564=CARTESIAN_POINT('',(0.875,0.0225,1.4));
#4565=VECTOR('',#5674,1.0);
#4566=CARTESIAN_POINT('',(0.15,0.0125,1.4));
#4567=VECTOR('',#5675,1.0);
#4568=COLOUR_RGB('',0.752941191196442,0.752941191196442,0.752941191196442);
#4569=COLOUR_RGB('',0.752941191196442,0.752941191196442,0.752941191196442);
#4570=CARTESIAN_POINT('',(2.125,0.0225,-1.5));
#4571=CARTESIAN_POINT('',(2.125,0.0225,-1.226));
#4572=CARTESIAN_POINT('',(2.125,0.0225,-0.68175));
#4573=VECTOR('',#5676,1.0);
#4574=CARTESIAN_POINT('',(2.125,0.2,-1.5));
#4575=CARTESIAN_POINT('',(2.125,0.29375,-1.5));
#4576=VECTOR('',#5677,1.0);
#4577=CARTESIAN_POINT('',(2.125,0.2,-1.501));
#4578=CARTESIAN_POINT('',(2.125,0.2,-1.501));
#4579=VECTOR('',#5678,1.0);
#4580=CARTESIAN_POINT('',(2.125,5.55111512312578E-17,-1.501));
#4581=CARTESIAN_POINT('',(2.125,0.2,-1.501));
#4582=VECTOR('',#5679,1.0);
#4583=CARTESIAN_POINT('',(2.125,5.55111512312578E-17,-1.226));
#4584=CARTESIAN_POINT('',(2.125,5.55111512312578E-17,-1.501));
#4585=VECTOR('',#5680,1.0);
#4586=CARTESIAN_POINT('',(2.125,0.2,-1.226));
#4587=VECTOR('',#5681,1.0);
#4588=COLOUR_RGB('',0.752941191196442,0.752941191196442,0.752941191196442);
#4589=CARTESIAN_POINT('',(2.375,0.2,-1.5));
#4590=CARTESIAN_POINT('',(1.875,0.2,-1.5));
#4591=VECTOR('',#5682,1.0);
#4592=CARTESIAN_POINT('',(2.375,0.2,-1.501));
#4593=CARTESIAN_POINT('',(2.375,0.2,-1.226));
#4594=VECTOR('',#5683,1.0);
#4595=CARTESIAN_POINT('',(2.125,0.2,-1.501));
#4596=VECTOR('',#5684,1.0);
#4597=COLOUR_RGB('',0.752941191196442,0.752941191196442,0.752941191196442);
#4598=CARTESIAN_POINT('',(2.375,5.55111512312578E-17,-1.501));
#4599=CARTESIAN_POINT('',(2.125,5.55111512312578E-17,-1.501));
#4600=VECTOR('',#5685,1.0);
#4601=CARTESIAN_POINT('',(2.375,0.2,-1.501));
#4602=VECTOR('',#5686,1.0);
#4603=COLOUR_RGB('',0.752941191196442,0.752941191196442,0.752941191196442);
#4604=CARTESIAN_POINT('',(2.375,0.0225,-1.226));
#4605=AXIS2_PLACEMENT_3D('',#5687,#5688,#5689);
#4606=CARTESIAN_POINT('',(2.375,5.55111512312578E-17,-1.226));
#4607=AXIS2_PLACEMENT_3D('',#5690,#5691,#5692);
#4608=CARTESIAN_POINT('',(2.375,0.2,-1.226));
#4609=VECTOR('',#5693,1.0);
#4610=COLOUR_RGB('',0.752941191196442,0.752941191196442,0.752941191196442);
#4611=CARTESIAN_POINT('',(2.375,0.0225,-1.5));
#4612=CARTESIAN_POINT('',(2.375,0.0225,-0.68175));
#4613=VECTOR('',#5694,1.0);
#4614=CARTESIAN_POINT('',(2.375,5.55111512312578E-17,-1.226));
#4615=VECTOR('',#5695,1.0);
#4616=CARTESIAN_POINT('',(2.375,0.29375,-1.5));
#4617=VECTOR('',#5696,1.0);
#4618=COLOUR_RGB('',0.752941191196442,0.752941191196442,0.752941191196442);
#4619=COLOUR_RGB('',0.0,0.0,0.0);
#4620=CARTESIAN_POINT('',(2.3,0.0225,0.85));
#4621=CARTESIAN_POINT('',(2.35,0.0225,0.8));
#4622=AXIS2_PLACEMENT_3D('',#5697,#5698,#5699);
#4623=CARTESIAN_POINT('',(2.35,0.0225,-0.8));
#4624=CARTESIAN_POINT('',(2.35,0.0225,1.07556921268709E-16));
#4625=VECTOR('',#5700,1.0);
#4626=CARTESIAN_POINT('',(2.3,0.0225,-0.85));
#4627=AXIS2_PLACEMENT_3D('',#5701,#5702,#5703);
#4628=CARTESIAN_POINT('',(0.7,0.0225,-0.85));
#4629=CARTESIAN_POINT('',(1.5,0.0225,-0.85));
#4630=VECTOR('',#5704,1.0);
#4631=CARTESIAN_POINT('',(0.65,0.0225,-0.8));
#4632=AXIS2_PLACEMENT_3D('',#5705,#5706,#5707);
#4633=CARTESIAN_POINT('',(0.65,0.0225,0.8));
#4634=CARTESIAN_POINT('',(0.65,0.0225,-5.2045770037451E-17));
#4635=VECTOR('',#5708,1.0);
#4636=CARTESIAN_POINT('',(0.7,0.0225,0.85));
#4637=AXIS2_PLACEMENT_3D('',#5709,#5710,#5711);
#4638=CARTESIAN_POINT('',(1.5,0.0225,0.85));
#4639=VECTOR('',#5712,1.0);
#4640=CARTESIAN_POINT('',(3.0,0.0225,-1.5));
#4641=CARTESIAN_POINT('',(1.5,0.0225,-1.5));
#4642=VECTOR('',#5713,1.0);
#4643=CARTESIAN_POINT('',(3.0,0.0225,-0.875));
#4644=CARTESIAN_POINT('',(3.0,0.0225,9.18454765366783E-17));
#4645=VECTOR('',#5714,1.0);
#4646=CARTESIAN_POINT('',(2.726,0.0225,-0.875));
#4647=CARTESIAN_POINT('',(2.18175,0.0225,-0.875));
#4648=VECTOR('',#5715,1.0);
#4649=CARTESIAN_POINT('',(2.726,0.0225,-0.625));
#4650=AXIS2_PLACEMENT_3D('',#5716,#5717,#5718);
#4651=CARTESIAN_POINT('',(3.0,0.0225,-0.625));
#4652=CARTESIAN_POINT('',(2.18175,0.0225,-0.625));
#4653=VECTOR('',#5719,1.0);
#4654=CARTESIAN_POINT('',(3.0,0.0225,-0.375));
#4655=CARTESIAN_POINT('',(3.0,0.0225,9.18454765366783E-17));
#4656=VECTOR('',#5720,1.0);
#4657=CARTESIAN_POINT('',(2.726,0.0225,-0.375));
#4658=CARTESIAN_POINT('',(2.18175,0.0225,-0.375));
#4659=VECTOR('',#5721,1.0);
#4660=CARTESIAN_POINT('',(2.726,0.0225,-0.125));
#4661=AXIS2_PLACEMENT_3D('',#5722,#5723,#5724);
#4662=CARTESIAN_POINT('',(3.0,0.0225,-0.125));
#4663=CARTESIAN_POINT('',(2.18175,0.0225,-0.125));
#4664=VECTOR('',#5725,1.0);
#4665=CARTESIAN_POINT('',(3.0,0.0225,0.125));
#4666=CARTESIAN_POINT('',(3.0,0.0225,9.18454765366783E-17));
#4667=VECTOR('',#5726,1.0);
#4668=CARTESIAN_POINT('',(2.726,0.0225,0.125));
#4669=CARTESIAN_POINT('',(2.18175,0.0225,0.125));
#4670=VECTOR('',#5727,1.0);
#4671=CARTESIAN_POINT('',(2.726,0.0225,0.375));
#4672=AXIS2_PLACEMENT_3D('',#5728,#5729,#5730);
#4673=CARTESIAN_POINT('',(3.0,0.0225,0.375));
#4674=CARTESIAN_POINT('',(2.18175,0.0225,0.375));
#4675=VECTOR('',#5731,1.0);
#4676=CARTESIAN_POINT('',(3.0,0.0225,0.625));
#4677=CARTESIAN_POINT('',(3.0,0.0225,9.18454765366783E-17));
#4678=VECTOR('',#5732,1.0);
#4679=CARTESIAN_POINT('',(2.726,0.0225,0.625));
#4680=CARTESIAN_POINT('',(2.18175,0.0225,0.625));
#4681=VECTOR('',#5733,1.0);
#4682=CARTESIAN_POINT('',(2.726,0.0225,0.875));
#4683=AXIS2_PLACEMENT_3D('',#5734,#5735,#5736);
#4684=CARTESIAN_POINT('',(3.0,0.0225,0.875));
#4685=CARTESIAN_POINT('',(2.18175,0.0225,0.875));
#4686=VECTOR('',#5737,1.0);
#4687=CARTESIAN_POINT('',(3.0,0.0225,1.5));
#4688=CARTESIAN_POINT('',(3.0,0.0225,9.18454765366783E-17));
#4689=VECTOR('',#5738,1.0);
#4690=CARTESIAN_POINT('',(2.375,0.0225,1.5));
#4691=CARTESIAN_POINT('',(1.5,0.0225,1.5));
#4692=VECTOR('',#5739,1.0);
#4693=CARTESIAN_POINT('',(2.375,0.0225,1.226));
#4694=CARTESIAN_POINT('',(2.375,0.0225,0.68175));
#4695=VECTOR('',#5740,1.0);
#4696=CARTESIAN_POINT('',(2.125,0.0225,1.226));
#4697=AXIS2_PLACEMENT_3D('',#5741,#5742,#5743);
#4698=CARTESIAN_POINT('',(2.125,0.0225,1.5));
#4699=CARTESIAN_POINT('',(2.125,0.0225,0.68175));
#4700=VECTOR('',#5744,1.0);
#4701=CARTESIAN_POINT('',(1.875,0.0225,1.5));
#4702=CARTESIAN_POINT('',(1.5,0.0225,1.5));
#4703=VECTOR('',#5745,1.0);
#4704=CARTESIAN_POINT('',(1.875,0.0225,1.226));
#4705=CARTESIAN_POINT('',(1.875,0.0225,0.68175));
#4706=VECTOR('',#5746,1.0);
#4707=CARTESIAN_POINT('',(1.625,0.0225,1.226));
#4708=AXIS2_PLACEMENT_3D('',#5747,#5748,#5749);
#4709=CARTESIAN_POINT('',(1.625,0.0225,1.5));
#4710=CARTESIAN_POINT('',(1.625,0.0225,0.68175));
#4711=VECTOR('',#5750,1.0);
#4712=CARTESIAN_POINT('',(1.375,0.0225,1.5));
#4713=CARTESIAN_POINT('',(1.5,0.0225,1.5));
#4714=VECTOR('',#5751,1.0);
#4715=CARTESIAN_POINT('',(1.375,0.0225,1.226));
#4716=CARTESIAN_POINT('',(1.375,0.0225,0.68175));
#4717=VECTOR('',#5752,1.0);
#4718=CARTESIAN_POINT('',(1.125,0.0225,1.226));
#4719=AXIS2_PLACEMENT_3D('',#5753,#5754,#5755);
#4720=CARTESIAN_POINT('',(1.125,0.0225,1.5));
#4721=CARTESIAN_POINT('',(1.125,0.0225,0.68175));
#4722=VECTOR('',#5756,1.0);
#4723=CARTESIAN_POINT('',(0.875,0.0225,1.5));
#4724=CARTESIAN_POINT('',(1.5,0.0225,1.5));
#4725=VECTOR('',#5757,1.0);
#4726=CARTESIAN_POINT('',(0.875,0.0225,1.226));
#4727=CARTESIAN_POINT('',(0.875,0.0225,0.68175));
#4728=VECTOR('',#5758,1.0);
#4729=CARTESIAN_POINT('',(0.625,0.0225,1.226));
#4730=AXIS2_PLACEMENT_3D('',#5759,#5760,#5761);
#4731=CARTESIAN_POINT('',(0.625,0.0225,1.5));
#4732=CARTESIAN_POINT('',(0.625,0.0225,0.68175));
#4733=VECTOR('',#5762,1.0);
#4734=CARTESIAN_POINT('',(0.0,0.0225,1.5));
#4735=CARTESIAN_POINT('',(1.5,0.0225,1.5));
#4736=VECTOR('',#5763,1.0);
#4737=CARTESIAN_POINT('',(0.0,0.0225,0.875));
#4738=CARTESIAN_POINT('',(0.0,0.0225,-9.18454765366783E-17));
#4739=VECTOR('',#5764,1.0);
#4740=CARTESIAN_POINT('',(0.274,0.0225,0.875));
#4741=CARTESIAN_POINT('',(0.81825,0.0225,0.875));
#4742=VECTOR('',#5765,1.0);
#4743=CARTESIAN_POINT('',(0.274,0.0225,0.625));
#4744=AXIS2_PLACEMENT_3D('',#5766,#5767,#5768);
#4745=CARTESIAN_POINT('',(0.0,0.0225,0.625));
#4746=CARTESIAN_POINT('',(0.81825,0.0225,0.625));
#4747=VECTOR('',#5769,1.0);
#4748=CARTESIAN_POINT('',(0.0,0.0225,0.375));
#4749=CARTESIAN_POINT('',(0.0,0.0225,-9.18454765366783E-17));
#4750=VECTOR('',#5770,1.0);
#4751=CARTESIAN_POINT('',(0.274,0.0225,0.375));
#4752=CARTESIAN_POINT('',(0.81825,0.0225,0.375));
#4753=VECTOR('',#5771,1.0);
#4754=CARTESIAN_POINT('',(0.274,0.0225,0.125));
#4755=AXIS2_PLACEMENT_3D('',#5772,#5773,#5774);
#4756=CARTESIAN_POINT('',(0.0,0.0225,0.125));
#4757=CARTESIAN_POINT('',(0.81825,0.0225,0.125));
#4758=VECTOR('',#5775,1.0);
#4759=CARTESIAN_POINT('',(0.0,0.0225,-0.125));
#4760=CARTESIAN_POINT('',(0.0,0.0225,-9.18454765366783E-17));
#4761=VECTOR('',#5776,1.0);
#4762=CARTESIAN_POINT('',(0.274,0.0225,-0.125));
#4763=CARTESIAN_POINT('',(0.81825,0.0225,-0.125));
#4764=VECTOR('',#5777,1.0);
#4765=CARTESIAN_POINT('',(0.274,0.0225,-0.375));
#4766=AXIS2_PLACEMENT_3D('',#5778,#5779,#5780);
#4767=CARTESIAN_POINT('',(0.0,0.0225,-0.375));
#4768=CARTESIAN_POINT('',(0.81825,0.0225,-0.375));
#4769=VECTOR('',#5781,1.0);
#4770=CARTESIAN_POINT('',(0.0,0.0225,-0.625));
#4771=CARTESIAN_POINT('',(0.0,0.0225,-9.18454765366783E-17));
#4772=VECTOR('',#5782,1.0);
#4773=CARTESIAN_POINT('',(0.274,0.0225,-0.625));
#4774=CARTESIAN_POINT('',(0.81825,0.0225,-0.625));
#4775=VECTOR('',#5783,1.0);
#4776=CARTESIAN_POINT('',(0.274,0.0225,-0.875));
#4777=AXIS2_PLACEMENT_3D('',#5784,#5785,#5786);
#4778=CARTESIAN_POINT('',(0.0,0.0225,-0.875));
#4779=CARTESIAN_POINT('',(0.81825,0.0225,-0.875));
#4780=VECTOR('',#5787,1.0);
#4781=CARTESIAN_POINT('',(0.0,0.0225,-1.5));
#4782=CARTESIAN_POINT('',(0.0,0.0225,-9.18454765366783E-17));
#4783=VECTOR('',#5788,1.0);
#4784=CARTESIAN_POINT('',(0.625,0.0225,-1.5));
#4785=CARTESIAN_POINT('',(1.5,0.0225,-1.5));
#4786=VECTOR('',#5789,1.0);
#4787=CARTESIAN_POINT('',(0.625,0.0225,-1.226));
#4788=CARTESIAN_POINT('',(0.625,0.0225,-0.68175));
#4789=VECTOR('',#5790,1.0);
#4790=CARTESIAN_POINT('',(0.875,0.0225,-1.226));
#4791=AXIS2_PLACEMENT_3D('',#5791,#5792,#5793);
#4792=CARTESIAN_POINT('',(0.875,0.0225,-1.5));
#4793=CARTESIAN_POINT('',(0.875,0.0225,-0.68175));
#4794=VECTOR('',#5794,1.0);
#4795=CARTESIAN_POINT('',(1.125,0.0225,-1.5));
#4796=CARTESIAN_POINT('',(1.5,0.0225,-1.5));
#4797=VECTOR('',#5795,1.0);
#4798=CARTESIAN_POINT('',(1.125,0.0225,-1.226));
#4799=CARTESIAN_POINT('',(1.125,0.0225,-0.68175));
#4800=VECTOR('',#5796,1.0);
#4801=CARTESIAN_POINT('',(1.375,0.0225,-1.226));
#4802=AXIS2_PLACEMENT_3D('',#5797,#5798,#5799);
#4803=CARTESIAN_POINT('',(1.375,0.0225,-1.5));
#4804=CARTESIAN_POINT('',(1.375,0.0225,-0.68175));
#4805=VECTOR('',#5800,1.0);
#4806=CARTESIAN_POINT('',(1.625,0.0225,-1.5));
#4807=CARTESIAN_POINT('',(1.5,0.0225,-1.5));
#4808=VECTOR('',#5801,1.0);
#4809=CARTESIAN_POINT('',(1.625,0.0225,-1.226));
#4810=CARTESIAN_POINT('',(1.625,0.0225,-0.68175));
#4811=VECTOR('',#5802,1.0);
#4812=CARTESIAN_POINT('',(1.875,0.0225,-1.226));
#4813=AXIS2_PLACEMENT_3D('',#5803,#5804,#5805);
#4814=CARTESIAN_POINT('',(1.875,0.0225,-1.5));
#4815=CARTESIAN_POINT('',(1.875,0.0225,-0.68175));
#4816=VECTOR('',#5806,1.0);
#4817=CARTESIAN_POINT('',(1.5,0.0225,-1.5));
#4818=VECTOR('',#5807,1.0);
#4819=COLOUR_RGB('',0.752941191196442,0.752941191196442,0.752941191196442);
#4820=CARTESIAN_POINT('',(1.875,0.2,-1.5));
#4821=CARTESIAN_POINT('',(1.875,0.29375,-1.5));
#4822=VECTOR('',#5808,1.0);
#4823=CARTESIAN_POINT('',(1.875,5.55111512312578E-17,-1.226));
#4824=CARTESIAN_POINT('',(1.875,0.2,-1.226));
#4825=VECTOR('',#5809,1.0);
#4826=CARTESIAN_POINT('',(1.875,5.55111512312578E-17,-1.501));
#4827=CARTESIAN_POINT('',(1.875,5.55111512312578E-17,-1.226));
#4828=VECTOR('',#5810,1.0);
#4829=CARTESIAN_POINT('',(1.875,0.2,-1.501));
#4830=CARTESIAN_POINT('',(1.875,0.2,-1.501));
#4831=VECTOR('',#5811,1.0);
#4832=CARTESIAN_POINT('',(1.875,0.2,-1.226));
#4833=VECTOR('',#5812,1.0);
#4834=COLOUR_RGB('',0.752941191196442,0.752941191196442,0.752941191196442);
#4835=CARTESIAN_POINT('',(1.625,5.55111512312578E-17,-1.226));
#4836=CARTESIAN_POINT('',(1.625,0.2,-1.226));
#4837=VECTOR('',#5813,1.0);
#4838=AXIS2_PLACEMENT_3D('',#5814,#5815,#5816);
#4839=COLOUR_RGB('',0.752941191196442,0.752941191196442,0.752941191196442);
#4840=CARTESIAN_POINT('',(1.625,5.55111512312578E-17,-1.501));
#4841=CARTESIAN_POINT('',(1.625,5.55111512312578E-17,-1.501));
#4842=VECTOR('',#5817,1.0);
#4843=CARTESIAN_POINT('',(1.625,0.2,-1.501));
#4844=CARTESIAN_POINT('',(1.625,0.2,-1.501));
#4845=VECTOR('',#5818,1.0);
#4846=CARTESIAN_POINT('',(1.625,0.2,-1.501));
#4847=VECTOR('',#5819,1.0);
#4848=COLOUR_RGB('',0.752941191196442,0.752941191196442,0.752941191196442);
#4849=CARTESIAN_POINT('',(1.625,0.2,-1.5));
#4850=CARTESIAN_POINT('',(1.625,0.29375,-1.5));
#4851=VECTOR('',#5820,1.0);
#4852=CARTESIAN_POINT('',(1.625,0.2,-1.501));
#4853=VECTOR('',#5821,1.0);
#4854=CARTESIAN_POINT('',(1.625,5.55111512312578E-17,-1.501));
#4855=VECTOR('',#5822,1.0);
#4856=COLOUR_RGB('',0.752941191196442,0.752941191196442,0.752941191196442);
#4857=COLOUR_RGB('',0.752941191196442,0.752941191196442,0.752941191196442);
#4858=CARTESIAN_POINT('',(1.625,0.2,-1.5));
#4859=VECTOR('',#5823,1.0);
#4860=COLOUR_RGB('',0.0,0.0,0.0);
#4861=CARTESIAN_POINT('',(1.375,0.2,-1.5));
#4862=CARTESIAN_POINT('',(1.375,0.29375,-1.5));
#4863=VECTOR('',#5824,1.0);
#4864=CARTESIAN_POINT('',(1.125,0.2,-1.5));
#4865=CARTESIAN_POINT('',(1.375,0.2,-1.5));
#4866=VECTOR('',#5825,1.0);
#4867=CARTESIAN_POINT('',(1.125,0.29375,-1.5));
#4868=VECTOR('',#5826,1.0);
#4869=CARTESIAN_POINT('',(0.875,0.2,-1.5));
#4870=CARTESIAN_POINT('',(0.875,0.29375,-1.5));
#4871=VECTOR('',#5827,1.0);
#4872=CARTESIAN_POINT('',(0.625,0.2,-1.5));
#4873=CARTESIAN_POINT('',(1.125,0.2,-1.5));
#4874=VECTOR('',#5828,1.0);
#4875=CARTESIAN_POINT('',(0.625,0.29375,-1.5));
#4876=VECTOR('',#5829,1.0);
#4877=CARTESIAN_POINT('',(0.0,0.7525,-1.5));
#4878=CARTESIAN_POINT('',(0.0,0.3875,-1.5));
#4879=VECTOR('',#5830,1.0);
#4880=CARTESIAN_POINT('',(3.0,0.7525,-1.5));
#4881=CARTESIAN_POINT('',(1.5,0.7525,-1.5));
#4882=VECTOR('',#5831,1.0);
#4883=CARTESIAN_POINT('',(3.0,0.3875,-1.5));
#4884=VECTOR('',#5832,1.0);
#4885=COLOUR_RGB('',0.752941191196442,0.752941191196442,0.752941191196442);
#4886=CARTESIAN_POINT('',(1.125,0.2,-1.501));
#4887=CARTESIAN_POINT('',(1.125,0.2,-1.501));
#4888=VECTOR('',#5833,1.0);
#4889=CARTESIAN_POINT('',(1.125,5.55111512312578E-17,-1.501));
#4890=CARTESIAN_POINT('',(1.125,0.2,-1.501));
#4891=VECTOR('',#5834,1.0);
#4892=CARTESIAN_POINT('',(1.125,5.55111512312578E-17,-1.226));
#4893=CARTESIAN_POINT('',(1.125,5.55111512312578E-17,-1.501));
#4894=VECTOR('',#5835,1.0);
#4895=CARTESIAN_POINT('',(1.125,0.2,-1.226));
#4896=VECTOR('',#5836,1.0);
#4897=COLOUR_RGB('',0.752941191196442,0.752941191196442,0.752941191196442);
#4898=CARTESIAN_POINT('',(1.375,0.2,-1.501));
#4899=CARTESIAN_POINT('',(1.375,0.2,-1.226));
#4900=VECTOR('',#5837,1.0);
#4901=CARTESIAN_POINT('',(1.125,0.2,-1.501));
#4902=VECTOR('',#5838,1.0);
#4903=COLOUR_RGB('',0.752941191196442,0.752941191196442,0.752941191196442);
#4904=CARTESIAN_POINT('',(1.375,5.55111512312578E-17,-1.501));
#4905=CARTESIAN_POINT('',(1.125,5.55111512312578E-17,-1.501));
#4906=VECTOR('',#5839,1.0);
#4907=CARTESIAN_POINT('',(1.375,0.2,-1.501));
#4908=VECTOR('',#5840,1.0);
#4909=COLOUR_RGB('',0.752941191196442,0.752941191196442,0.752941191196442);
#4910=CARTESIAN_POINT('',(1.375,5.55111512312578E-17,-1.226));
#4911=AXIS2_PLACEMENT_3D('',#5841,#5842,#5843);
#4912=CARTESIAN_POINT('',(1.375,0.2,-1.226));
#4913=VECTOR('',#5844,1.0);
#4914=COLOUR_RGB('',0.752941191196442,0.752941191196442,0.752941191196442);
#4915=CARTESIAN_POINT('',(1.375,5.55111512312578E-17,-1.226));
#4916=VECTOR('',#5845,1.0);
#4917=COLOUR_RGB('',0.752941191196442,0.752941191196442,0.752941191196442);
#4918=COLOUR_RGB('',0.752941191196442,0.752941191196442,0.752941191196442);
#4919=CARTESIAN_POINT('',(0.875,5.55111512312578E-17,-1.226));
#4920=CARTESIAN_POINT('',(0.875,0.2,-1.226));
#4921=VECTOR('',#5846,1.0);
#4922=CARTESIAN_POINT('',(0.875,5.55111512312578E-17,-1.501));
#4923=CARTESIAN_POINT('',(0.875,5.55111512312578E-17,-1.226));
#4924=VECTOR('',#5847,1.0);
#4925=CARTESIAN_POINT('',(0.875,0.2,-1.501));
#4926=CARTESIAN_POINT('',(0.875,0.2,-1.501));
#4927=VECTOR('',#5848,1.0);
#4928=CARTESIAN_POINT('',(0.875,0.2,-1.226));
#4929=VECTOR('',#5849,1.0);
#4930=COLOUR_RGB('',0.752941191196442,0.752941191196442,0.752941191196442);
#4931=CARTESIAN_POINT('',(0.625,5.55111512312578E-17,-1.226));
#4932=CARTESIAN_POINT('',(0.625,0.2,-1.226));
#4933=VECTOR('',#5850,1.0);
#4934=AXIS2_PLACEMENT_3D('',#5851,#5852,#5853);
#4935=COLOUR_RGB('',0.752941191196442,0.752941191196442,0.752941191196442);
#4936=CARTESIAN_POINT('',(0.625,5.55111512312578E-17,-1.501));
#4937=CARTESIAN_POINT('',(0.625,5.55111512312578E-17,-1.501));
#4938=VECTOR('',#5854,1.0);
#4939=CARTESIAN_POINT('',(0.625,0.2,-1.501));
#4940=CARTESIAN_POINT('',(0.625,0.2,-1.501));
#4941=VECTOR('',#5855,1.0);
#4942=CARTESIAN_POINT('',(0.625,0.2,-1.501));
#4943=VECTOR('',#5856,1.0);
#4944=COLOUR_RGB('',0.752941191196442,0.752941191196442,0.752941191196442);
#4945=CARTESIAN_POINT('',(0.625,0.2,-1.501));
#4946=VECTOR('',#5857,1.0);
#4947=CARTESIAN_POINT('',(0.625,5.55111512312578E-17,-1.501));
#4948=VECTOR('',#5858,1.0);
#4949=COLOUR_RGB('',0.752941191196442,0.752941191196442,0.752941191196442);
#4950=COLOUR_RGB('',0.752941191196442,0.752941191196442,0.752941191196442);
#4951=COLOUR_RGB('',0.752941191196442,0.752941191196442,0.752941191196442);
#4952=CARTESIAN_POINT('',(3.0,0.2,-0.875));
#4953=CARTESIAN_POINT('',(3.0,0.29375,-0.875));
#4954=VECTOR('',#5859,1.0);
#4955=CARTESIAN_POINT('',(3.001,0.2,-0.875));
#4956=CARTESIAN_POINT('',(3.001,0.2,-0.875));
#4957=VECTOR('',#5860,1.0);
#4958=CARTESIAN_POINT('',(3.001,5.55111512312578E-17,-0.875));
#4959=CARTESIAN_POINT('',(3.001,0.2,-0.875));
#4960=VECTOR('',#5861,1.0);
#4961=CARTESIAN_POINT('',(2.726,5.55111512312578E-17,-0.875));
#4962=CARTESIAN_POINT('',(3.001,5.55111512312578E-17,-0.875));
#4963=VECTOR('',#5862,1.0);
#4964=CARTESIAN_POINT('',(2.726,0.2,-0.875));
#4965=VECTOR('',#5863,1.0);
#4966=COLOUR_RGB('',0.752941191196442,0.752941191196442,0.752941191196442);
#4967=CARTESIAN_POINT('',(3.0,0.2,-0.625));
#4968=CARTESIAN_POINT('',(3.0,0.2,-0.375));
#4969=VECTOR('',#5864,1.0);
#4970=CARTESIAN_POINT('',(3.001,0.2,-0.625));
#4971=CARTESIAN_POINT('',(2.726,0.2,-0.625));
#4972=VECTOR('',#5865,1.0);
#4973=CARTESIAN_POINT('',(3.001,0.2,-0.875));
#4974=VECTOR('',#5866,1.0);
#4975=COLOUR_RGB('',0.752941191196442,0.752941191196442,0.752941191196442);
#4976=CARTESIAN_POINT('',(3.001,5.55111512312578E-17,-0.625));
#4977=CARTESIAN_POINT('',(3.001,5.55111512312578E-17,-0.875));
#4978=VECTOR('',#5867,1.0);
#4979=CARTESIAN_POINT('',(3.001,0.2,-0.625));
#4980=VECTOR('',#5868,1.0);
#4981=COLOUR_RGB('',0.752941191196442,0.752941191196442,0.752941191196442);
#4982=CARTESIAN_POINT('',(2.726,5.55111512312578E-17,-0.625));
#4983=AXIS2_PLACEMENT_3D('',#5869,#5870,#5871);
#4984=CARTESIAN_POINT('',(2.726,0.2,-0.625));
#4985=VECTOR('',#5872,1.0);
#4986=COLOUR_RGB('',0.752941191196442,0.752941191196442,0.752941191196442);
#4987=CARTESIAN_POINT('',(2.726,5.55111512312578E-17,-0.625));
#4988=VECTOR('',#5873,1.0);
#4989=CARTESIAN_POINT('',(3.0,0.29375,-0.625));
#4990=VECTOR('',#5874,1.0);
#4991=COLOUR_RGB('',0.752941191196442,0.752941191196442,0.752941191196442);
#4992=COLOUR_RGB('',0.752941191196442,0.752941191196442,0.752941191196442);
#4993=CARTESIAN_POINT('',(3.0,0.2,-0.125));
#4994=CARTESIAN_POINT('',(3.0,0.29375,-0.125));
#4995=VECTOR('',#5875,1.0);
#4996=CARTESIAN_POINT('',(2.726,5.55111512312578E-17,-0.125));
#4997=CARTESIAN_POINT('',(2.726,0.2,-0.125));
#4998=VECTOR('',#5876,1.0);
#4999=CARTESIAN_POINT('',(3.001,5.55111512312578E-17,-0.125));
#5000=CARTESIAN_POINT('',(2.726,5.55111512312578E-17,-0.125));
#5001=VECTOR('',#5877,1.0);
#5002=CARTESIAN_POINT('',(3.001,0.2,-0.125));
#5003=CARTESIAN_POINT('',(3.001,0.2,-0.125));
#5004=VECTOR('',#5878,1.0);
#5005=CARTESIAN_POINT('',(2.726,0.2,-0.125));
#5006=VECTOR('',#5879,1.0);
#5007=COLOUR_RGB('',0.752941191196442,0.752941191196442,0.752941191196442);
#5008=CARTESIAN_POINT('',(2.726,5.55111512312578E-17,-0.375));
#5009=CARTESIAN_POINT('',(2.726,0.2,-0.375));
#5010=VECTOR('',#5880,1.0);
#5011=AXIS2_PLACEMENT_3D('',#5881,#5882,#5883);
#5012=COLOUR_RGB('',0.752941191196442,0.752941191196442,0.752941191196442);
#5013=CARTESIAN_POINT('',(3.001,5.55111512312578E-17,-0.375));
#5014=CARTESIAN_POINT('',(3.001,5.55111512312578E-17,-0.375));
#5015=VECTOR('',#5884,1.0);
#5016=CARTESIAN_POINT('',(3.001,0.2,-0.375));
#5017=CARTESIAN_POINT('',(3.001,0.2,-0.375));
#5018=VECTOR('',#5885,1.0);
#5019=CARTESIAN_POINT('',(3.001,0.2,-0.375));
#5020=VECTOR('',#5886,1.0);
#5021=COLOUR_RGB('',0.752941191196442,0.752941191196442,0.752941191196442);
#5022=CARTESIAN_POINT('',(3.0,0.2,-0.375));
#5023=CARTESIAN_POINT('',(3.0,0.29375,-0.375));
#5024=VECTOR('',#5887,1.0);
#5025=CARTESIAN_POINT('',(3.001,0.2,-0.375));
#5026=VECTOR('',#5888,1.0);
#5027=CARTESIAN_POINT('',(3.001,5.55111512312578E-17,-0.375));
#5028=VECTOR('',#5889,1.0);
#5029=COLOUR_RGB('',0.752941191196442,0.752941191196442,0.752941191196442);
#5030=COLOUR_RGB('',0.752941191196442,0.752941191196442,0.752941191196442);
#5031=CARTESIAN_POINT('',(3.0,0.2,-0.125));
#5032=VECTOR('',#5890,1.0);
#5033=COLOUR_RGB('',0.0,0.0,0.0);
#5034=CARTESIAN_POINT('',(3.0,0.7525,1.5));
#5035=CARTESIAN_POINT('',(3.0,0.7525,9.18454765366783E-17));
#5036=VECTOR('',#5891,1.0);
#5037=CARTESIAN_POINT('',(3.0,0.3875,1.5));
#5038=VECTOR('',#5892,1.0);
#5039=CARTESIAN_POINT('',(3.0,0.2,0.875));
#5040=CARTESIAN_POINT('',(3.0,0.29375,0.875));
#5041=VECTOR('',#5893,1.0);
#5042=CARTESIAN_POINT('',(3.0,0.2,0.625));
#5043=CARTESIAN_POINT('',(3.0,0.2,0.375));
#5044=VECTOR('',#5894,1.0);
#5045=CARTESIAN_POINT('',(3.0,0.29375,0.625));
#5046=VECTOR('',#5895,1.0);
#5047=CARTESIAN_POINT('',(3.0,0.2,0.375));
#5048=CARTESIAN_POINT('',(3.0,0.29375,0.375));
#5049=VECTOR('',#5896,1.0);
#5050=CARTESIAN_POINT('',(3.0,0.2,0.125));
#5051=CARTESIAN_POINT('',(3.0,0.2,0.125));
#5052=VECTOR('',#5897,1.0);
#5053=CARTESIAN_POINT('',(3.0,0.29375,0.125));
#5054=VECTOR('',#5898,1.0);
#5055=COLOUR_RGB('',0.752941191196442,0.752941191196442,0.752941191196442);
#5056=CARTESIAN_POINT('',(3.001,0.2,0.125));
#5057=CARTESIAN_POINT('',(3.001,0.2,0.125));
#5058=VECTOR('',#5899,1.0);
#5059=CARTESIAN_POINT('',(3.001,5.55111512312578E-17,0.125));
#5060=CARTESIAN_POINT('',(3.001,0.2,0.125));
#5061=VECTOR('',#5900,1.0);
#5062=CARTESIAN_POINT('',(2.726,5.55111512312578E-17,0.125));
#5063=CARTESIAN_POINT('',(3.001,5.55111512312578E-17,0.125));
#5064=VECTOR('',#5901,1.0);
#5065=CARTESIAN_POINT('',(2.726,0.2,0.125));
#5066=VECTOR('',#5902,1.0);
#5067=COLOUR_RGB('',0.752941191196442,0.752941191196442,0.752941191196442);
#5068=CARTESIAN_POINT('',(3.001,0.2,0.375));
#5069=CARTESIAN_POINT('',(2.726,0.2,0.375));
#5070=VECTOR('',#5903,1.0);
#5071=CARTESIAN_POINT('',(3.001,0.2,0.125));
#5072=VECTOR('',#5904,1.0);
#5073=COLOUR_RGB('',0.752941191196442,0.752941191196442,0.752941191196442);
#5074=CARTESIAN_POINT('',(3.001,5.55111512312578E-17,0.375));
#5075=CARTESIAN_POINT('',(3.001,5.55111512312578E-17,0.125));
#5076=VECTOR('',#5905,1.0);
#5077=CARTESIAN_POINT('',(3.001,0.2,0.375));
#5078=VECTOR('',#5906,1.0);
#5079=COLOUR_RGB('',0.752941191196442,0.752941191196442,0.752941191196442);
#5080=CARTESIAN_POINT('',(2.726,5.55111512312578E-17,0.375));
#5081=AXIS2_PLACEMENT_3D('',#5907,#5908,#5909);
#5082=CARTESIAN_POINT('',(2.726,0.2,0.375));
#5083=VECTOR('',#5910,1.0);
#5084=COLOUR_RGB('',0.752941191196442,0.752941191196442,0.752941191196442);
#5085=CARTESIAN_POINT('',(2.726,5.55111512312578E-17,0.375));
#5086=VECTOR('',#5911,1.0);
#5087=COLOUR_RGB('',0.752941191196442,0.752941191196442,0.752941191196442);
#5088=COLOUR_RGB('',0.752941191196442,0.752941191196442,0.752941191196442);
#5089=CARTESIAN_POINT('',(2.726,5.55111512312578E-17,0.875));
#5090=CARTESIAN_POINT('',(2.726,0.2,0.875));
#5091=VECTOR('',#5912,1.0);
#5092=CARTESIAN_POINT('',(3.001,5.55111512312578E-17,0.875));
#5093=CARTESIAN_POINT('',(2.726,5.55111512312578E-17,0.875));
#5094=VECTOR('',#5913,1.0);
#5095=CARTESIAN_POINT('',(3.001,0.2,0.875));
#5096=CARTESIAN_POINT('',(3.001,0.2,0.875));
#5097=VECTOR('',#5914,1.0);
#5098=CARTESIAN_POINT('',(2.726,0.2,0.875));
#5099=VECTOR('',#5915,1.0);
#5100=COLOUR_RGB('',0.752941191196442,0.752941191196442,0.752941191196442);
#5101=CARTESIAN_POINT('',(2.726,5.55111512312578E-17,0.625));
#5102=CARTESIAN_POINT('',(2.726,0.2,0.625));
#5103=VECTOR('',#5916,1.0);
#5104=AXIS2_PLACEMENT_3D('',#5917,#5918,#5919);
#5105=COLOUR_RGB('',0.752941191196442,0.752941191196442,0.752941191196442);
#5106=CARTESIAN_POINT('',(3.001,5.55111512312578E-17,0.625));
#5107=CARTESIAN_POINT('',(3.001,5.55111512312578E-17,0.625));
#5108=VECTOR('',#5920,1.0);
#5109=CARTESIAN_POINT('',(3.001,0.2,0.625));
#5110=CARTESIAN_POINT('',(3.001,0.2,0.625));
#5111=VECTOR('',#5921,1.0);
#5112=CARTESIAN_POINT('',(3.001,0.2,0.625));
#5113=VECTOR('',#5922,1.0);
#5114=COLOUR_RGB('',0.752941191196442,0.752941191196442,0.752941191196442);
#5115=CARTESIAN_POINT('',(3.001,0.2,0.625));
#5116=VECTOR('',#5923,1.0);
#5117=CARTESIAN_POINT('',(3.001,5.55111512312578E-17,0.625));
#5118=VECTOR('',#5924,1.0);
#5119=COLOUR_RGB('',0.752941191196442,0.752941191196442,0.752941191196442);
#5120=COLOUR_RGB('',0.752941191196442,0.752941191196442,0.752941191196442);
#5121=COLOUR_RGB('',0.752941191196442,0.752941191196442,0.752941191196442);
#5122=CARTESIAN_POINT('',(2.375,0.2,1.5));
#5123=CARTESIAN_POINT('',(2.375,0.29375,1.5));
#5124=VECTOR('',#5925,1.0);
#5125=CARTESIAN_POINT('',(2.375,0.2,1.501));
#5126=CARTESIAN_POINT('',(2.375,0.2,1.501));
#5127=VECTOR('',#5926,1.0);
#5128=CARTESIAN_POINT('',(2.375,5.55111512312578E-17,1.501));
#5129=CARTESIAN_POINT('',(2.375,0.2,1.501));
#5130=VECTOR('',#5927,1.0);
#5131=CARTESIAN_POINT('',(2.375,5.55111512312578E-17,1.226));
#5132=CARTESIAN_POINT('',(2.375,5.55111512312578E-17,1.501));
#5133=VECTOR('',#5928,1.0);
#5134=CARTESIAN_POINT('',(2.375,0.2,1.226));
#5135=VECTOR('',#5929,1.0);
#5136=COLOUR_RGB('',0.752941191196442,0.752941191196442,0.752941191196442);
#5137=CARTESIAN_POINT('',(2.125,0.2,1.5));
#5138=CARTESIAN_POINT('',(1.875,0.2,1.5));
#5139=VECTOR('',#5930,1.0);
#5140=CARTESIAN_POINT('',(2.125,0.2,1.501));
#5141=CARTESIAN_POINT('',(2.125,0.2,1.226));
#5142=VECTOR('',#5931,1.0);
#5143=CARTESIAN_POINT('',(2.375,0.2,1.501));
#5144=VECTOR('',#5932,1.0);
#5145=COLOUR_RGB('',0.752941191196442,0.752941191196442,0.752941191196442);
#5146=CARTESIAN_POINT('',(2.125,5.55111512312578E-17,1.501));
#5147=CARTESIAN_POINT('',(2.375,5.55111512312578E-17,1.501));
#5148=VECTOR('',#5933,1.0);
#5149=CARTESIAN_POINT('',(2.125,0.2,1.501));
#5150=VECTOR('',#5934,1.0);
#5151=COLOUR_RGB('',0.752941191196442,0.752941191196442,0.752941191196442);
#5152=CARTESIAN_POINT('',(2.125,5.55111512312578E-17,1.226));
#5153=AXIS2_PLACEMENT_3D('',#5935,#5936,#5937);
#5154=CARTESIAN_POINT('',(2.125,0.2,1.226));
#5155=VECTOR('',#5938,1.0);
#5156=COLOUR_RGB('',0.752941191196442,0.752941191196442,0.752941191196442);
#5157=CARTESIAN_POINT('',(2.125,5.55111512312578E-17,1.226));
#5158=VECTOR('',#5939,1.0);
#5159=CARTESIAN_POINT('',(2.125,0.29375,1.5));
#5160=VECTOR('',#5940,1.0);
#5161=COLOUR_RGB('',0.752941191196442,0.752941191196442,0.752941191196442);
#5162=COLOUR_RGB('',0.752941191196442,0.752941191196442,0.752941191196442);
#5163=CARTESIAN_POINT('',(1.625,0.2,1.5));
#5164=CARTESIAN_POINT('',(1.625,0.29375,1.5));
#5165=VECTOR('',#5941,1.0);
#5166=CARTESIAN_POINT('',(1.625,5.55111512312578E-17,1.226));
#5167=CARTESIAN_POINT('',(1.625,0.2,1.226));
#5168=VECTOR('',#5942,1.0);
#5169=CARTESIAN_POINT('',(1.625,5.55111512312578E-17,1.501));
#5170=CARTESIAN_POINT('',(1.625,5.55111512312578E-17,1.226));
#5171=VECTOR('',#5943,1.0);
#5172=CARTESIAN_POINT('',(1.625,0.2,1.501));
#5173=CARTESIAN_POINT('',(1.625,0.2,1.501));
#5174=VECTOR('',#5944,1.0);
#5175=CARTESIAN_POINT('',(1.625,0.2,1.226));
#5176=VECTOR('',#5945,1.0);
#5177=COLOUR_RGB('',0.752941191196442,0.752941191196442,0.752941191196442);
#5178=CARTESIAN_POINT('',(1.875,5.55111512312578E-17,1.226));
#5179=CARTESIAN_POINT('',(1.875,0.2,1.226));
#5180=VECTOR('',#5946,1.0);
#5181=AXIS2_PLACEMENT_3D('',#5947,#5948,#5949);
#5182=COLOUR_RGB('',0.752941191196442,0.752941191196442,0.752941191196442);
#5183=CARTESIAN_POINT('',(1.875,5.55111512312578E-17,1.501));
#5184=CARTESIAN_POINT('',(1.875,5.55111512312578E-17,1.501));
#5185=VECTOR('',#5950,1.0);
#5186=CARTESIAN_POINT('',(1.875,0.2,1.501));
#5187=CARTESIAN_POINT('',(1.875,0.2,1.501));
#5188=VECTOR('',#5951,1.0);
#5189=CARTESIAN_POINT('',(1.875,0.2,1.501));
#5190=VECTOR('',#5952,1.0);
#5191=COLOUR_RGB('',0.752941191196442,0.752941191196442,0.752941191196442);
#5192=CARTESIAN_POINT('',(1.875,0.2,1.5));
#5193=CARTESIAN_POINT('',(1.875,0.29375,1.5));
#5194=VECTOR('',#5953,1.0);
#5195=CARTESIAN_POINT('',(1.875,0.2,1.501));
#5196=VECTOR('',#5954,1.0);
#5197=CARTESIAN_POINT('',(1.875,5.55111512312578E-17,1.501));
#5198=VECTOR('',#5955,1.0);
#5199=COLOUR_RGB('',0.752941191196442,0.752941191196442,0.752941191196442);
#5200=COLOUR_RGB('',0.752941191196442,0.752941191196442,0.752941191196442);
#5201=CARTESIAN_POINT('',(1.625,0.2,1.5));
#5202=VECTOR('',#5956,1.0);
#5203=COLOUR_RGB('',0.0,0.0,0.0);
#5204=CARTESIAN_POINT('',(0.0,0.7525,1.5));
#5205=CARTESIAN_POINT('',(1.5,0.7525,1.5));
#5206=VECTOR('',#5957,1.0);
#5207=CARTESIAN_POINT('',(0.0,0.3875,1.5));
#5208=VECTOR('',#5958,1.0);
#5209=CARTESIAN_POINT('',(0.625,0.2,1.5));
#5210=CARTESIAN_POINT('',(0.625,0.29375,1.5));
#5211=VECTOR('',#5959,1.0);
#5212=CARTESIAN_POINT('',(0.875,0.2,1.5));
#5213=CARTESIAN_POINT('',(1.125,0.2,1.5));
#5214=VECTOR('',#5960,1.0);
#5215=CARTESIAN_POINT('',(0.875,0.29375,1.5));
#5216=VECTOR('',#5961,1.0);
#5217=CARTESIAN_POINT('',(1.125,0.2,1.5));
#5218=CARTESIAN_POINT('',(1.125,0.29375,1.5));
#5219=VECTOR('',#5962,1.0);
#5220=CARTESIAN_POINT('',(1.375,0.2,1.5));
#5221=CARTESIAN_POINT('',(1.375,0.2,1.5));
#5222=VECTOR('',#5963,1.0);
#5223=CARTESIAN_POINT('',(1.375,0.29375,1.5));
#5224=VECTOR('',#5964,1.0);
#5225=COLOUR_RGB('',0.752941191196442,0.752941191196442,0.752941191196442);
#5226=CARTESIAN_POINT('',(1.375,0.2,1.501));
#5227=CARTESIAN_POINT('',(1.375,0.2,1.501));
#5228=VECTOR('',#5965,1.0);
#5229=CARTESIAN_POINT('',(1.375,5.55111512312578E-17,1.501));
#5230=CARTESIAN_POINT('',(1.375,0.2,1.501));
#5231=VECTOR('',#5966,1.0);
#5232=CARTESIAN_POINT('',(1.375,5.55111512312578E-17,1.226));
#5233=CARTESIAN_POINT('',(1.375,5.55111512312578E-17,1.501));
#5234=VECTOR('',#5967,1.0);
#5235=CARTESIAN_POINT('',(1.375,0.2,1.226));
#5236=VECTOR('',#5968,1.0);
#5237=COLOUR_RGB('',0.752941191196442,0.752941191196442,0.752941191196442);
#5238=CARTESIAN_POINT('',(1.125,0.2,1.501));
#5239=CARTESIAN_POINT('',(1.125,0.2,1.226));
#5240=VECTOR('',#5969,1.0);
#5241=CARTESIAN_POINT('',(1.375,0.2,1.501));
#5242=VECTOR('',#5970,1.0);
#5243=COLOUR_RGB('',0.752941191196442,0.752941191196442,0.752941191196442);
#5244=CARTESIAN_POINT('',(1.125,5.55111512312578E-17,1.501));
#5245=CARTESIAN_POINT('',(1.375,5.55111512312578E-17,1.501));
#5246=VECTOR('',#5971,1.0);
#5247=CARTESIAN_POINT('',(1.125,0.2,1.501));
#5248=VECTOR('',#5972,1.0);
#5249=COLOUR_RGB('',0.752941191196442,0.752941191196442,0.752941191196442);
#5250=CARTESIAN_POINT('',(1.125,5.55111512312578E-17,1.226));
#5251=AXIS2_PLACEMENT_3D('',#5973,#5974,#5975);
#5252=CARTESIAN_POINT('',(1.125,0.2,1.226));
#5253=VECTOR('',#5976,1.0);
#5254=COLOUR_RGB('',0.752941191196442,0.752941191196442,0.752941191196442);
#5255=CARTESIAN_POINT('',(1.125,5.55111512312578E-17,1.226));
#5256=VECTOR('',#5977,1.0);
#5257=COLOUR_RGB('',0.752941191196442,0.752941191196442,0.752941191196442);
#5258=COLOUR_RGB('',0.752941191196442,0.752941191196442,0.752941191196442);
#5259=CARTESIAN_POINT('',(0.625,5.55111512312578E-17,1.226));
#5260=CARTESIAN_POINT('',(0.625,0.2,1.226));
#5261=VECTOR('',#5978,1.0);
#5262=CARTESIAN_POINT('',(0.625,5.55111512312578E-17,1.501));
#5263=CARTESIAN_POINT('',(0.625,5.55111512312578E-17,1.226));
#5264=VECTOR('',#5979,1.0);
#5265=CARTESIAN_POINT('',(0.625,0.2,1.501));
#5266=CARTESIAN_POINT('',(0.625,0.2,1.501));
#5267=VECTOR('',#5980,1.0);
#5268=CARTESIAN_POINT('',(0.625,0.2,1.226));
#5269=VECTOR('',#5981,1.0);
#5270=COLOUR_RGB('',0.752941191196442,0.752941191196442,0.752941191196442);
#5271=CARTESIAN_POINT('',(0.875,5.55111512312578E-17,1.226));
#5272=CARTESIAN_POINT('',(0.875,0.2,1.226));
#5273=VECTOR('',#5982,1.0);
#5274=AXIS2_PLACEMENT_3D('',#5983,#5984,#5985);
#5275=COLOUR_RGB('',0.752941191196442,0.752941191196442,0.752941191196442);
#5276=CARTESIAN_POINT('',(0.875,5.55111512312578E-17,1.501));
#5277=CARTESIAN_POINT('',(0.875,5.55111512312578E-17,1.501));
#5278=VECTOR('',#5986,1.0);
#5279=CARTESIAN_POINT('',(0.875,0.2,1.501));
#5280=CARTESIAN_POINT('',(0.875,0.2,1.501));
#5281=VECTOR('',#5987,1.0);
#5282=CARTESIAN_POINT('',(0.875,0.2,1.501));
#5283=VECTOR('',#5988,1.0);
#5284=COLOUR_RGB('',0.752941191196442,0.752941191196442,0.752941191196442);
#5285=CARTESIAN_POINT('',(0.875,0.2,1.501));
#5286=VECTOR('',#5989,1.0);
#5287=CARTESIAN_POINT('',(0.875,5.55111512312578E-17,1.501));
#5288=VECTOR('',#5990,1.0);
#5289=COLOUR_RGB('',0.752941191196442,0.752941191196442,0.752941191196442);
#5290=COLOUR_RGB('',0.752941191196442,0.752941191196442,0.752941191196442);
#5291=COLOUR_RGB('',0.752941191196442,0.752941191196442,0.752941191196442);
#5292=CARTESIAN_POINT('',(0.0,0.2,-0.875));
#5293=CARTESIAN_POINT('',(0.0,0.29375,-0.875));
#5294=VECTOR('',#5991,1.0);
#5295=CARTESIAN_POINT('',(0.274,5.55111512312578E-17,-0.875));
#5296=CARTESIAN_POINT('',(0.274,0.2,-0.875));
#5297=VECTOR('',#5992,1.0);
#5298=CARTESIAN_POINT('',(-0.00099999999999989,5.55111512312578E-17,-0.875));
#5299=CARTESIAN_POINT('',(0.274,5.55111512312578E-17,-0.875));
#5300=VECTOR('',#5993,1.0);
#5301=CARTESIAN_POINT('',(-0.00099999999999989,0.2,-0.875));
#5302=CARTESIAN_POINT('',(-0.00099999999999989,0.2,-0.875));
#5303=VECTOR('',#5994,1.0);
#5304=CARTESIAN_POINT('',(0.274,0.2,-0.875));
#5305=VECTOR('',#5995,1.0);
#5306=COLOUR_RGB('',0.752941191196442,0.752941191196442,0.752941191196442);
#5307=CARTESIAN_POINT('',(0.274,5.55111512312578E-17,-0.625));
#5308=CARTESIAN_POINT('',(0.274,0.2,-0.625));
#5309=VECTOR('',#5996,1.0);
#5310=AXIS2_PLACEMENT_3D('',#5997,#5998,#5999);
#5311=COLOUR_RGB('',0.752941191196442,0.752941191196442,0.752941191196442);
#5312=CARTESIAN_POINT('',(-0.00099999999999989,5.55111512312578E-17,-0.625));
#5313=CARTESIAN_POINT('',(-0.00099999999999989,5.55111512312578E-17,-0.625));
#5314=VECTOR('',#6000,1.0);
#5315=CARTESIAN_POINT('',(-0.00099999999999989,0.2,-0.625));
#5316=CARTESIAN_POINT('',(-0.00099999999999989,0.2,-0.625));
#5317=VECTOR('',#6001,1.0);
#5318=CARTESIAN_POINT('',(-0.00099999999999989,0.2,-0.625));
#5319=VECTOR('',#6002,1.0);
#5320=COLOUR_RGB('',0.752941191196442,0.752941191196442,0.752941191196442);
#5321=CARTESIAN_POINT('',(0.0,0.2,-0.625));
#5322=CARTESIAN_POINT('',(0.0,0.29375,-0.625));
#5323=VECTOR('',#6003,1.0);
#5324=CARTESIAN_POINT('',(-0.00099999999999989,0.2,-0.625));
#5325=VECTOR('',#6004,1.0);
#5326=CARTESIAN_POINT('',(-0.00099999999999989,5.55111512312578E-17,-0.625));
#5327=VECTOR('',#6005,1.0);
#5328=COLOUR_RGB('',0.752941191196442,0.752941191196442,0.752941191196442);
#5329=COLOUR_RGB('',0.752941191196442,0.752941191196442,0.752941191196442);
#5330=CARTESIAN_POINT('',(0.0,0.2,-0.375));
#5331=VECTOR('',#6006,1.0);
#5332=COLOUR_RGB('',0.0,0.0,0.0);
#5333=CARTESIAN_POINT('',(0.0,0.2,-0.375));
#5334=CARTESIAN_POINT('',(0.0,0.29375,-0.375));
#5335=VECTOR('',#6007,1.0);
#5336=CARTESIAN_POINT('',(0.0,0.2,-0.125));
#5337=CARTESIAN_POINT('',(0.0,0.2,-0.125));
#5338=VECTOR('',#6008,1.0);
#5339=CARTESIAN_POINT('',(0.0,0.29375,-0.125));
#5340=VECTOR('',#6009,1.0);
#5341=CARTESIAN_POINT('',(0.0,0.2,0.125));
#5342=CARTESIAN_POINT('',(0.0,0.29375,0.125));
#5343=VECTOR('',#6010,1.0);
#5344=CARTESIAN_POINT('',(0.0,0.2,0.375));
#5345=CARTESIAN_POINT('',(0.0,0.2,0.125));
#5346=VECTOR('',#6011,1.0);
#5347=CARTESIAN_POINT('',(0.0,0.29375,0.375));
#5348=VECTOR('',#6012,1.0);
#5349=CARTESIAN_POINT('',(0.0,0.2,0.625));
#5350=CARTESIAN_POINT('',(0.0,0.29375,0.625));
#5351=VECTOR('',#6013,1.0);
#5352=CARTESIAN_POINT('',(0.0,0.2,0.875));
#5353=CARTESIAN_POINT('',(0.0,0.2,0.375));
#5354=VECTOR('',#6014,1.0);
#5355=CARTESIAN_POINT('',(0.0,0.29375,0.875));
#5356=VECTOR('',#6015,1.0);
#5357=CARTESIAN_POINT('',(0.0,0.7525,-9.18454765366783E-17));
#5358=VECTOR('',#6016,1.0);
#5359=COLOUR_RGB('',0.752941191196442,0.752941191196442,0.752941191196442);
#5360=CARTESIAN_POINT('',(-0.00099999999999989,0.2,-0.125));
#5361=CARTESIAN_POINT('',(-0.00099999999999989,0.2,-0.125));
#5362=VECTOR('',#6017,1.0);
#5363=CARTESIAN_POINT('',(-0.00099999999999989,5.55111512312578E-17,-0.125));
#5364=CARTESIAN_POINT('',(-0.00099999999999989,0.2,-0.125));
#5365=VECTOR('',#6018,1.0);
#5366=CARTESIAN_POINT('',(0.274,5.55111512312578E-17,-0.125));
#5367=CARTESIAN_POINT('',(-0.00099999999999989,5.55111512312578E-17,-0.125));
#5368=VECTOR('',#6019,1.0);
#5369=CARTESIAN_POINT('',(0.274,0.2,-0.125));
#5370=VECTOR('',#6020,1.0);
#5371=COLOUR_RGB('',0.752941191196442,0.752941191196442,0.752941191196442);
#5372=CARTESIAN_POINT('',(-0.00099999999999989,0.2,-0.375));
#5373=CARTESIAN_POINT('',(0.274,0.2,-0.375));
#5374=VECTOR('',#6021,1.0);
#5375=CARTESIAN_POINT('',(-0.00099999999999989,0.2,-0.125));
#5376=VECTOR('',#6022,1.0);
#5377=COLOUR_RGB('',0.752941191196442,0.752941191196442,0.752941191196442);
#5378=CARTESIAN_POINT('',(-0.00099999999999989,5.55111512312578E-17,-0.375));
#5379=CARTESIAN_POINT('',(-0.00099999999999989,5.55111512312578E-17,-0.125));
#5380=VECTOR('',#6023,1.0);
#5381=CARTESIAN_POINT('',(-0.00099999999999989,0.2,-0.375));
#5382=VECTOR('',#6024,1.0);
#5383=COLOUR_RGB('',0.752941191196442,0.752941191196442,0.752941191196442);
#5384=CARTESIAN_POINT('',(0.274,5.55111512312578E-17,-0.375));
#5385=AXIS2_PLACEMENT_3D('',#6025,#6026,#6027);
#5386=CARTESIAN_POINT('',(0.274,0.2,-0.375));
#5387=VECTOR('',#6028,1.0);
#5388=COLOUR_RGB('',0.752941191196442,0.752941191196442,0.752941191196442);
#5389=CARTESIAN_POINT('',(0.274,5.55111512312578E-17,-0.375));
#5390=VECTOR('',#6029,1.0);
#5391=COLOUR_RGB('',0.752941191196442,0.752941191196442,0.752941191196442);
#5392=COLOUR_RGB('',0.752941191196442,0.752941191196442,0.752941191196442);
#5393=CARTESIAN_POINT('',(0.274,5.55111512312578E-17,0.125));
#5394=CARTESIAN_POINT('',(0.274,0.2,0.125));
#5395=VECTOR('',#6030,1.0);
#5396=CARTESIAN_POINT('',(-0.00099999999999989,5.55111512312578E-17,0.125));
#5397=CARTESIAN_POINT('',(0.274,5.55111512312578E-17,0.125));
#5398=VECTOR('',#6031,1.0);
#5399=CARTESIAN_POINT('',(-0.00099999999999989,0.2,0.125));
#5400=CARTESIAN_POINT('',(-0.00099999999999989,0.2,0.125));
#5401=VECTOR('',#6032,1.0);
#5402=CARTESIAN_POINT('',(0.274,0.2,0.125));
#5403=VECTOR('',#6033,1.0);
#5404=COLOUR_RGB('',0.752941191196442,0.752941191196442,0.752941191196442);
#5405=CARTESIAN_POINT('',(0.274,5.55111512312578E-17,0.375));
#5406=CARTESIAN_POINT('',(0.274,0.2,0.375));
#5407=VECTOR('',#6034,1.0);
#5408=AXIS2_PLACEMENT_3D('',#6035,#6036,#6037);
#5409=COLOUR_RGB('',0.752941191196442,0.752941191196442,0.752941191196442);
#5410=CARTESIAN_POINT('',(-0.00099999999999989,5.55111512312578E-17,0.375));
#5411=CARTESIAN_POINT('',(-0.00099999999999989,5.55111512312578E-17,0.375));
#5412=VECTOR('',#6038,1.0);
#5413=CARTESIAN_POINT('',(-0.00099999999999989,0.2,0.375));
#5414=CARTESIAN_POINT('',(-0.00099999999999989,0.2,0.375));
#5415=VECTOR('',#6039,1.0);
#5416=CARTESIAN_POINT('',(-0.00099999999999989,0.2,0.375));
#5417=VECTOR('',#6040,1.0);
#5418=COLOUR_RGB('',0.752941191196442,0.752941191196442,0.752941191196442);
#5419=CARTESIAN_POINT('',(-0.00099999999999989,0.2,0.375));
#5420=VECTOR('',#6041,1.0);
#5421=CARTESIAN_POINT('',(-0.00099999999999989,5.55111512312578E-17,0.375));
#5422=VECTOR('',#6042,1.0);
#5423=COLOUR_RGB('',0.752941191196442,0.752941191196442,0.752941191196442);
#5424=COLOUR_RGB('',0.752941191196442,0.752941191196442,0.752941191196442);
#5425=COLOUR_RGB('',0.752941191196442,0.752941191196442,0.752941191196442);
#5426=CARTESIAN_POINT('',(-0.00099999999999989,0.2,0.875));
#5427=CARTESIAN_POINT('',(-0.00099999999999989,0.2,0.875));
#5428=VECTOR('',#6043,1.0);
#5429=CARTESIAN_POINT('',(-0.00099999999999989,5.55111512312578E-17,0.875));
#5430=CARTESIAN_POINT('',(-0.00099999999999989,0.2,0.875));
#5431=VECTOR('',#6044,1.0);
#5432=CARTESIAN_POINT('',(0.274,5.55111512312578E-17,0.875));
#5433=CARTESIAN_POINT('',(-0.00099999999999989,5.55111512312578E-17,0.875));
#5434=VECTOR('',#6045,1.0);
#5435=CARTESIAN_POINT('',(0.274,0.2,0.875));
#5436=VECTOR('',#6046,1.0);
#5437=COLOUR_RGB('',0.752941191196442,0.752941191196442,0.752941191196442);
#5438=CARTESIAN_POINT('',(-0.00099999999999989,0.2,0.625));
#5439=CARTESIAN_POINT('',(0.274,0.2,0.625));
#5440=VECTOR('',#6047,1.0);
#5441=CARTESIAN_POINT('',(-0.00099999999999989,0.2,0.875));
#5442=VECTOR('',#6048,1.0);
#5443=COLOUR_RGB('',0.752941191196442,0.752941191196442,0.752941191196442);
#5444=CARTESIAN_POINT('',(-0.00099999999999989,5.55111512312578E-17,0.625));
#5445=CARTESIAN_POINT('',(-0.00099999999999989,5.55111512312578E-17,0.875));
#5446=VECTOR('',#6049,1.0);
#5447=CARTESIAN_POINT('',(-0.00099999999999989,0.2,0.625));
#5448=VECTOR('',#6050,1.0);
#5449=COLOUR_RGB('',0.752941191196442,0.752941191196442,0.752941191196442);
#5450=CARTESIAN_POINT('',(0.274,5.55111512312578E-17,0.625));
#5451=AXIS2_PLACEMENT_3D('',#6051,#6052,#6053);
#5452=CARTESIAN_POINT('',(0.274,0.2,0.625));
#5453=VECTOR('',#6054,1.0);
#5454=COLOUR_RGB('',0.752941191196442,0.752941191196442,0.752941191196442);
#5455=CARTESIAN_POINT('',(0.274,5.55111512312578E-17,0.625));
#5456=VECTOR('',#6055,1.0);
#5457=COLOUR_RGB('',0.752941191196442,0.752941191196442,0.752941191196442);
#5458=COLOUR_RGB('',0.752941191196442,0.752941191196442,0.752941191196442);
#5459=CARTESIAN_POINT('',(2.3,-0.00249999999999995,-0.85));
#5460=CARTESIAN_POINT('',(2.3,0.0275000000000001,-0.85));
#5461=VECTOR('',#6056,1.0);
#5462=CARTESIAN_POINT('',(0.7,-0.0025,-0.85));
#5463=CARTESIAN_POINT('',(0.7,-0.0025,-0.85));
#5464=VECTOR('',#6057,1.0);
#5465=CARTESIAN_POINT('',(0.7,0.0275,-0.85));
#5466=VECTOR('',#6058,1.0);
#5467=COLOUR_RGB('',0.752941191196442,0.752941191196442,0.752941191196442);
#5468=CARTESIAN_POINT('',(2.35,-0.00249999999999995,-0.8));
#5469=CARTESIAN_POINT('',(2.35,0.0275000000000001,-0.8));
#5470=VECTOR('',#6059,1.0);
#5471=AXIS2_PLACEMENT_3D('',#6060,#6061,#6062);
#5472=COLOUR_RGB('',0.752941191196442,0.752941191196442,0.752941191196442);
#5473=CARTESIAN_POINT('',(2.35,-0.00249999999999995,0.8));
#5474=CARTESIAN_POINT('',(2.35,0.0275000000000001,0.8));
#5475=VECTOR('',#6063,1.0);
#5476=CARTESIAN_POINT('',(2.35,-0.00249999999999995,0.8));
#5477=VECTOR('',#6064,1.0);
#5478=COLOUR_RGB('',0.752941191196442,0.752941191196442,0.752941191196442);
#5479=CARTESIAN_POINT('',(2.3,-0.00249999999999995,0.85));
#5480=CARTESIAN_POINT('',(2.3,0.0275000000000001,0.85));
#5481=VECTOR('',#6065,1.0);
#5482=AXIS2_PLACEMENT_3D('',#6066,#6067,#6068);
#5483=COLOUR_RGB('',0.752941191196442,0.752941191196442,0.752941191196442);
#5484=CARTESIAN_POINT('',(0.65,-0.0025,-0.8));
#5485=AXIS2_PLACEMENT_3D('',#6069,#6070,#6071);
#5486=CARTESIAN_POINT('',(0.65,0.0275,-0.8));
#5487=VECTOR('',#6072,1.0);
#5488=COLOUR_RGB('',0.752941191196442,0.752941191196442,0.752941191196442);
#5489=CARTESIAN_POINT('',(0.65,-0.0025,0.8));
#5490=CARTESIAN_POINT('',(0.65,-0.0025,0.8));
#5491=VECTOR('',#6073,1.0);
#5492=CARTESIAN_POINT('',(0.65,0.0275,0.8));
#5493=VECTOR('',#6074,1.0);
#5494=COLOUR_RGB('',0.752941191196442,0.752941191196442,0.752941191196442);
#5495=CARTESIAN_POINT('',(0.7,-0.0025,0.85));
#5496=AXIS2_PLACEMENT_3D('',#6075,#6076,#6077);
#5497=CARTESIAN_POINT('',(0.7,0.0275,0.85));
#5498=VECTOR('',#6078,1.0);
#5499=COLOUR_RGB('',0.752941191196442,0.752941191196442,0.752941191196442);
#5500=CARTESIAN_POINT('',(0.7,-0.0025,0.85));
#5501=VECTOR('',#6079,1.0);
#5502=COLOUR_RGB('',0.752941191196442,0.752941191196442,0.752941191196442);
#5503=COLOUR_RGB('',0.0,0.0,0.0);
#5504=AXIS2_PLACEMENT_3D('',#6080,#6081,#6082);
#5505=AXIS2_PLACEMENT_3D('',#6083,#6084,#6085);
#5506=COLOUR_RGB('',0.0,0.0,0.0);
#5507=COLOUR_RGB('',0.0,0.0,0.0);
#5508=DIRECTION('',(-0.0,-1.0,0.0));
#5509=CARTESIAN_POINT('',(0.5,0.7525,1.0));
#5510=DIRECTION('',(0.0,-1.0,0.0));
#5511=DIRECTION('',(6.12303176911189E-17,0.0,-1.0));
#5512=DIRECTION('',(-0.0,1.0,0.0));
#5513=CARTESIAN_POINT('',(0.5,0.6875,1.0));
#5514=DIRECTION('',(0.0,-1.0,0.0));
#5515=DIRECTION('',(6.12303176911189E-17,0.0,-1.0));
#5516=DIRECTION('',(2.44921270764475E-16,0.0,-1.0));
#5517=DIRECTION('',(-1.49966072182214E-32,-1.0,6.12303176911189E-17));
#5518=DIRECTION('',(2.44921270764475E-16,-6.12303176911189E-17,-1.0));
#5519=DIRECTION('',(-1.49966072182214E-32,-1.0,6.12303176911189E-17));
#5520=CARTESIAN_POINT('',(0.35,0.0225,-1.15));
#5521=DIRECTION('',(-0.0,1.0,0.0));
#5522=DIRECTION('',(1.0,0.0,2.44921270764475E-16));
#5523=DIRECTION('',(-1.49966072182214E-32,-1.0,6.12303176911189E-17));
#5524=CARTESIAN_POINT('',(0.35,0.0125,-1.15));
#5525=DIRECTION('',(1.49966072182214E-32,1.0,-6.12303176911189E-17));
#5526=DIRECTION('',(1.0,0.0,2.44921270764475E-16));
#5527=DIRECTION('',(1.0,0.0,2.44921270764475E-16));
#5528=DIRECTION('',(-1.49966072182214E-32,-1.0,6.12303176911189E-17));
#5529=DIRECTION('',(1.0,0.0,2.44921270764475E-16));
#5530=CARTESIAN_POINT('',(0.15,0.0225,-1.15));
#5531=DIRECTION('',(-0.0,1.0,0.0));
#5532=DIRECTION('',(1.0,0.0,2.44921270764475E-16));
#5533=DIRECTION('',(-1.49966072182214E-32,-1.0,6.12303176911189E-17));
#5534=CARTESIAN_POINT('',(0.15,0.0125,-1.15));
#5535=DIRECTION('',(1.49966072182214E-32,1.0,-6.12303176911189E-17));
#5536=DIRECTION('',(1.0,0.0,2.44921270764475E-16));
#5537=CARTESIAN_POINT('',(0.35,0.0224999999999999,-1.35));
#5538=DIRECTION('',(-0.0,1.0,0.0));
#5539=DIRECTION('',(1.0,0.0,2.44921270764475E-16));
#5540=CARTESIAN_POINT('',(0.35,0.0125,-1.35));
#5541=DIRECTION('',(1.49966072182214E-32,1.0,-6.12303176911189E-17));
#5542=DIRECTION('',(1.0,0.0,2.44921270764475E-16));
#5543=DIRECTION('',(-1.49966072182214E-32,-1.0,6.12303176911189E-17));
#5544=DIRECTION('',(-1.0,0.0,-2.44921270764475E-16));
#5545=DIRECTION('',(-1.0,0.0,-2.44921270764475E-16));
#5546=DIRECTION('',(-1.49966072182214E-32,-1.0,6.12303176911189E-17));
#5547=CARTESIAN_POINT('',(0.15,0.0224999999999999,-1.35));
#5548=DIRECTION('',(-0.0,1.0,0.0));
#5549=DIRECTION('',(1.0,0.0,2.44921270764475E-16));
#5550=CARTESIAN_POINT('',(0.15,0.0125,-1.35));
#5551=DIRECTION('',(1.49966072182214E-32,1.0,-6.12303176911189E-17));
#5552=DIRECTION('',(1.0,0.0,2.44921270764475E-16));
#5553=DIRECTION('',(-1.49966072182214E-32,-1.0,6.12303176911189E-17));
#5554=DIRECTION('',(-2.44921270764475E-16,0.0,1.0));
#5555=DIRECTION('',(-2.44921270764475E-16,6.12303176911189E-17,1.0));
#5556=DIRECTION('',(1.0,0.0,1.83690953073357E-16));
#5557=DIRECTION('',(-6.12303176911189E-17,-1.0,-1.1247455413666E-32));
#5558=DIRECTION('',(1.0,-6.12303176911189E-17,1.83690953073357E-16));
#5559=DIRECTION('',(-6.12303176911189E-17,-1.0,-1.1247455413666E-32));
#5560=CARTESIAN_POINT('',(2.65,0.0225,-1.15));
#5561=DIRECTION('',(0.0,1.0,0.0));
#5562=DIRECTION('',(-1.83690953073357E-16,0.0,1.0));
#5563=DIRECTION('',(-6.12303176911189E-17,-1.0,-1.1247455413666E-32));
#5564=CARTESIAN_POINT('',(2.65,0.0125,-1.15));
#5565=DIRECTION('',(6.12303176911189E-17,1.0,1.1247455413666E-32));
#5566=DIRECTION('',(-1.83690953073357E-16,0.0,1.0));
#5567=DIRECTION('',(-1.83690953073357E-16,0.0,1.0));
#5568=DIRECTION('',(-6.12303176911189E-17,-1.0,-1.1247455413666E-32));
#5569=DIRECTION('',(-1.83690953073357E-16,0.0,1.0));
#5570=CARTESIAN_POINT('',(2.65,0.0225,-1.35));
#5571=DIRECTION('',(0.0,1.0,0.0));
#5572=DIRECTION('',(-1.83690953073357E-16,0.0,1.0));
#5573=DIRECTION('',(-6.12303176911189E-17,-1.0,-1.1247455413666E-32));
#5574=CARTESIAN_POINT('',(2.65,0.0125,-1.35));
#5575=DIRECTION('',(6.12303176911189E-17,1.0,1.1247455413666E-32));
#5576=DIRECTION('',(-1.83690953073357E-16,0.0,1.0));
#5577=CARTESIAN_POINT('',(2.85,0.0224999999999999,-1.15));
#5578=DIRECTION('',(0.0,1.0,0.0));
#5579=DIRECTION('',(-1.83690953073357E-16,0.0,1.0));
#5580=CARTESIAN_POINT('',(2.85,0.0125,-1.15));
#5581=DIRECTION('',(6.12303176911189E-17,1.0,1.1247455413666E-32));
#5582=DIRECTION('',(-1.83690953073357E-16,0.0,1.0));
#5583=DIRECTION('',(-6.12303176911189E-17,-1.0,-1.1247455413666E-32));
#5584=DIRECTION('',(1.83690953073357E-16,0.0,-1.0));
#5585=DIRECTION('',(1.83690953073357E-16,0.0,-1.0));
#5586=DIRECTION('',(-6.12303176911189E-17,-1.0,-1.1247455413666E-32));
#5587=CARTESIAN_POINT('',(2.85,0.0224999999999999,-1.35));
#5588=DIRECTION('',(0.0,1.0,0.0));
#5589=DIRECTION('',(-1.83690953073357E-16,0.0,1.0));
#5590=CARTESIAN_POINT('',(2.85,0.0125,-1.35));
#5591=DIRECTION('',(6.12303176911189E-17,1.0,1.1247455413666E-32));
#5592=DIRECTION('',(-1.83690953073357E-16,0.0,1.0));
#5593=DIRECTION('',(-6.12303176911189E-17,-1.0,-1.1247455413666E-32));
#5594=DIRECTION('',(-1.0,0.0,-1.83690953073357E-16));
#5595=DIRECTION('',(-1.0,6.12303176911189E-17,-1.83690953073357E-16));
#5596=DIRECTION('',(-1.22460635382238E-16,0.0,1.0));
#5597=DIRECTION('',(7.49830360911069E-33,-1.0,-6.12303176911189E-17));
#5598=DIRECTION('',(-1.22460635382238E-16,-6.12303176911189E-17,1.0));
#5599=DIRECTION('',(7.49830360911069E-33,-1.0,-6.12303176911189E-17));
#5600=CARTESIAN_POINT('',(2.65,0.0225,1.15));
#5601=DIRECTION('',(0.0,1.0,0.0));
#5602=DIRECTION('',(-1.0,0.0,-1.22460635382238E-16));
#5603=DIRECTION('',(7.49830360911069E-33,-1.0,-6.12303176911189E-17));
#5604=CARTESIAN_POINT('',(2.65,0.0125,1.15));
#5605=DIRECTION('',(-7.49830360911069E-33,1.0,6.12303176911189E-17));
#5606=DIRECTION('',(-1.0,0.0,-1.22460635382238E-16));
#5607=DIRECTION('',(-1.0,0.0,-1.22460635382238E-16));
#5608=DIRECTION('',(7.49830360911069E-33,-1.0,-6.12303176911189E-17));
#5609=DIRECTION('',(-1.0,0.0,-1.22460635382238E-16));
#5610=CARTESIAN_POINT('',(2.85,0.0225,1.15));
#5611=DIRECTION('',(0.0,1.0,0.0));
#5612=DIRECTION('',(-1.0,0.0,-1.22460635382238E-16));
#5613=DIRECTION('',(7.49830360911069E-33,-1.0,-6.12303176911189E-17));
#5614=CARTESIAN_POINT('',(2.85,0.0125,1.15));
#5615=DIRECTION('',(-7.49830360911069E-33,1.0,6.12303176911189E-17));
#5616=DIRECTION('',(-1.0,0.0,-1.22460635382238E-16));
#5617=CARTESIAN_POINT('',(2.65,0.0224999999999999,1.35));
#5618=DIRECTION('',(0.0,1.0,0.0));
#5619=DIRECTION('',(-1.0,0.0,-1.22460635382238E-16));
#5620=CARTESIAN_POINT('',(2.65,0.0125,1.35));
#5621=DIRECTION('',(-7.49830360911069E-33,1.0,6.12303176911189E-17));
#5622=DIRECTION('',(-1.0,0.0,-1.22460635382238E-16));
#5623=DIRECTION('',(7.49830360911069E-33,-1.0,-6.12303176911189E-17));
#5624=DIRECTION('',(1.0,0.0,1.22460635382238E-16));
#5625=DIRECTION('',(1.0,0.0,1.22460635382238E-16));
#5626=DIRECTION('',(7.49830360911069E-33,-1.0,-6.12303176911189E-17));
#5627=CARTESIAN_POINT('',(2.85,0.0224999999999999,1.35));
#5628=DIRECTION('',(0.0,1.0,0.0));
#5629=DIRECTION('',(-1.0,0.0,-1.22460635382238E-16));
#5630=CARTESIAN_POINT('',(2.85,0.0125,1.35));
#5631=DIRECTION('',(-7.49830360911069E-33,1.0,6.12303176911189E-17));
#5632=DIRECTION('',(-1.0,0.0,-1.22460635382238E-16));
#5633=DIRECTION('',(7.49830360911069E-33,-1.0,-6.12303176911189E-17));
#5634=DIRECTION('',(1.22460635382238E-16,0.0,-1.0));
#5635=DIRECTION('',(1.22460635382238E-16,6.12303176911189E-17,-1.0));
#5636=DIRECTION('',(-1.0,0.0,-6.12303176911189E-17));
#5637=DIRECTION('',(6.12303176911189E-17,-1.0,3.74915180455534E-33));
#5638=DIRECTION('',(-1.0,-6.12303176911189E-17,-6.12303176911189E-17));
#5639=DIRECTION('',(6.12303176911189E-17,-1.0,3.74915180455534E-33));
#5640=CARTESIAN_POINT('',(0.35,0.0225,1.15));
#5641=DIRECTION('',(0.0,1.0,0.0));
#5642=DIRECTION('',(6.12303176911189E-17,0.0,-1.0));
#5643=DIRECTION('',(6.12303176911189E-17,-1.0,3.74915180455534E-33));
#5644=CARTESIAN_POINT('',(0.35,0.0125,1.15));
#5645=DIRECTION('',(-6.12303176911189E-17,1.0,-3.74915180455534E-33));
#5646=DIRECTION('',(6.12303176911189E-17,0.0,-1.0));
#5647=DIRECTION('',(6.12303176911189E-17,0.0,-1.0));
#5648=DIRECTION('',(6.12303176911189E-17,-1.0,3.74915180455534E-33));
#5649=DIRECTION('',(6.12303176911189E-17,0.0,-1.0));
#5650=CARTESIAN_POINT('',(0.35,0.0225,1.35));
#5651=DIRECTION('',(0.0,1.0,0.0));
#5652=DIRECTION('',(6.12303176911189E-17,0.0,-1.0));
#5653=DIRECTION('',(6.12303176911189E-17,-1.0,3.74915180455534E-33));
#5654=CARTESIAN_POINT('',(0.35,0.0125,1.35));
#5655=DIRECTION('',(-6.12303176911189E-17,1.0,-3.74915180455534E-33));
#5656=DIRECTION('',(6.12303176911189E-17,0.0,-1.0));
#5657=CARTESIAN_POINT('',(0.15,0.0224999999999999,1.15));
#5658=DIRECTION('',(0.0,1.0,0.0));
#5659=DIRECTION('',(6.12303176911189E-17,0.0,-1.0));
#5660=CARTESIAN_POINT('',(0.15,0.0125,1.15));
#5661=DIRECTION('',(-6.12303176911189E-17,1.0,-3.74915180455534E-33));
#5662=DIRECTION('',(6.12303176911189E-17,0.0,-1.0));
#5663=DIRECTION('',(6.12303176911189E-17,-1.0,3.74915180455534E-33));
#5664=DIRECTION('',(-6.12303176911189E-17,0.0,1.0));
#5665=DIRECTION('',(-6.12303176911189E-17,0.0,1.0));
#5666=DIRECTION('',(6.12303176911189E-17,-1.0,3.74915180455534E-33));
#5667=CARTESIAN_POINT('',(0.15,0.0224999999999999,1.35));
#5668=DIRECTION('',(0.0,1.0,0.0));
#5669=DIRECTION('',(6.12303176911189E-17,0.0,-1.0));
#5670=CARTESIAN_POINT('',(0.15,0.0125,1.35));
#5671=DIRECTION('',(-6.12303176911189E-17,1.0,-3.74915180455534E-33));
#5672=DIRECTION('',(6.12303176911189E-17,0.0,-1.0));
#5673=DIRECTION('',(6.12303176911189E-17,-1.0,3.74915180455534E-33));
#5674=DIRECTION('',(1.0,0.0,6.12303176911189E-17));
#5675=DIRECTION('',(1.0,6.12303176911189E-17,6.12303176911189E-17));
#5676=DIRECTION('',(-1.94456587826968E-16,0.0,1.0));
#5677=DIRECTION('',(-3.08996856844515E-33,-1.0,-1.89199757101468E-49));
#5678=DIRECTION('',(-1.94456587826968E-16,6.12303176911189E-17,1.0));
#5679=DIRECTION('',(-1.49966072182214E-32,-1.0,6.12303176911189E-17));
#5680=DIRECTION('',(-1.94456587826968E-16,6.12303176911189E-17,1.0));
#5681=DIRECTION('',(-1.49966072182214E-32,-1.0,6.12303176911189E-17));
#5682=DIRECTION('',(-1.0,1.1247455413666E-32,-6.12303176911189E-17));
#5683=DIRECTION('',(1.43991904889461E-16,-6.12303176911189E-17,-1.0));
#5684=DIRECTION('',(1.0,0.0,2.44921270764475E-16));
#5685=DIRECTION('',(-1.0,0.0,-2.44921270764475E-16));
#5686=DIRECTION('',(-1.49966072182214E-32,-1.0,6.12303176911189E-17));
#5687=CARTESIAN_POINT('',(2.25,0.0224999999999999,-1.226));
#5688=DIRECTION('',(-0.0,1.0,0.0));
#5689=DIRECTION('',(1.0,0.0,2.44921270764475E-16));
#5690=CARTESIAN_POINT('',(2.25,5.55111512312578E-17,-1.226));
#5691=DIRECTION('',(1.49966072182214E-32,1.0,-6.12303176911189E-17));
#5692=DIRECTION('',(1.0,0.0,2.44921270764475E-16));
#5693=DIRECTION('',(-1.49966072182214E-32,-1.0,6.12303176911189E-17));
#5694=DIRECTION('',(1.43991904889461E-16,0.0,-1.0));
#5695=DIRECTION('',(1.43991904889461E-16,-6.12303176911189E-17,-1.0));
#5696=DIRECTION('',(6.17993713689029E-33,1.0,3.78399514202936E-49));
#5697=CARTESIAN_POINT('',(2.3,0.0225000000000001,0.8));
#5698=DIRECTION('',(0.0,1.0,0.0));
#5699=DIRECTION('',(6.12303176911189E-17,0.0,-1.0));
#5700=DIRECTION('',(6.12303176911189E-17,0.0,-1.0));
#5701=CARTESIAN_POINT('',(2.3,0.0225000000000001,-0.8));
#5702=DIRECTION('',(0.0,1.0,0.0));
#5703=DIRECTION('',(6.12303176911189E-17,0.0,-1.0));
#5704=DIRECTION('',(-1.0,0.0,8.15862134795342E-18));
#5705=CARTESIAN_POINT('',(0.7,0.0225,-0.8));
#5706=DIRECTION('',(0.0,1.0,0.0));
#5707=DIRECTION('',(6.12303176911189E-17,0.0,-1.0));
#5708=DIRECTION('',(-6.12303176911189E-17,0.0,1.0));
#5709=CARTESIAN_POINT('',(0.7,0.0225,0.8));
#5710=DIRECTION('',(0.0,1.0,0.0));
#5711=DIRECTION('',(6.12303176911189E-17,0.0,-1.0));
#5712=DIRECTION('',(1.0,0.0,-8.15862134795342E-18));
#5713=DIRECTION('',(-1.0,0.0,-6.12303176911189E-17));
#5714=DIRECTION('',(6.12303176911189E-17,0.0,-1.0));
#5715=DIRECTION('',(-1.0,0.0,-1.33226270135849E-16));
#5716=CARTESIAN_POINT('',(2.726,0.0224999999999999,-0.75));
#5717=DIRECTION('',(0.0,1.0,0.0));
#5718=DIRECTION('',(-1.83690953073357E-16,0.0,1.0));
#5719=DIRECTION('',(1.0,0.0,8.27615871983424E-17));
#5720=DIRECTION('',(6.12303176911189E-17,0.0,-1.0));
#5721=DIRECTION('',(-1.0,0.0,-1.33226270135849E-16));
#5722=CARTESIAN_POINT('',(2.726,0.0224999999999999,-0.25));
#5723=DIRECTION('',(0.0,1.0,0.0));
#5724=DIRECTION('',(-1.83690953073357E-16,0.0,1.0));
#5725=DIRECTION('',(1.0,0.0,8.27615871983424E-17));
#5726=DIRECTION('',(6.12303176911189E-17,0.0,-1.0));
#5727=DIRECTION('',(-1.0,0.0,-1.33226270135849E-16));
#5728=CARTESIAN_POINT('',(2.726,0.0224999999999999,0.25));
#5729=DIRECTION('',(0.0,1.0,0.0));
#5730=DIRECTION('',(-1.83690953073357E-16,0.0,1.0));
#5731=DIRECTION('',(1.0,0.0,8.27615871983424E-17));
#5732=DIRECTION('',(6.12303176911189E-17,0.0,-1.0));
#5733=DIRECTION('',(-1.0,0.0,-1.33226270135849E-16));
#5734=CARTESIAN_POINT('',(2.726,0.0224999999999999,0.75));
#5735=DIRECTION('',(0.0,1.0,0.0));
#5736=DIRECTION('',(-1.83690953073357E-16,0.0,1.0));
#5737=DIRECTION('',(1.0,0.0,8.27615871983424E-17));
#5738=DIRECTION('',(6.12303176911189E-17,0.0,-1.0));
#5739=DIRECTION('',(-1.0,0.0,-6.12303176911189E-17));
#5740=DIRECTION('',(7.19959524447306E-17,0.0,-1.0));
#5741=CARTESIAN_POINT('',(2.25,0.0224999999999999,1.226));
#5742=DIRECTION('',(0.0,1.0,0.0));
#5743=DIRECTION('',(-1.0,0.0,-1.22460635382238E-16));
#5744=DIRECTION('',(-2.15312695072235E-17,0.0,1.0));
#5745=DIRECTION('',(-1.0,0.0,-6.12303176911189E-17));
#5746=DIRECTION('',(7.19959524447306E-17,0.0,-1.0));
#5747=CARTESIAN_POINT('',(1.75,0.0224999999999999,1.226));
#5748=DIRECTION('',(0.0,1.0,0.0));
#5749=DIRECTION('',(-1.0,0.0,-1.22460635382238E-16));
#5750=DIRECTION('',(-2.15312695072235E-17,0.0,1.0));
#5751=DIRECTION('',(-1.0,0.0,-6.12303176911189E-17));
#5752=DIRECTION('',(7.19959524447306E-17,0.0,-1.0));
#5753=CARTESIAN_POINT('',(1.25,0.0224999999999999,1.226));
#5754=DIRECTION('',(0.0,1.0,0.0));
#5755=DIRECTION('',(-1.0,0.0,-1.22460635382238E-16));
#5756=DIRECTION('',(-2.15312695072235E-17,0.0,1.0));
#5757=DIRECTION('',(-1.0,0.0,-6.12303176911189E-17));
#5758=DIRECTION('',(7.19959524447306E-17,0.0,-1.0));
#5759=CARTESIAN_POINT('',(0.75,0.0224999999999999,1.226));
#5760=DIRECTION('',(0.0,1.0,0.0));
#5761=DIRECTION('',(-1.0,0.0,-1.22460635382238E-16));
#5762=DIRECTION('',(-2.15312695072235E-17,0.0,1.0));
#5763=DIRECTION('',(-1.0,0.0,-6.12303176911189E-17));
#5764=DIRECTION('',(-6.12303176911189E-17,0.0,1.0));
#5765=DIRECTION('',(1.0,0.0,1.07656347536117E-17));
#5766=CARTESIAN_POINT('',(0.274,0.0224999999999999,0.75));
#5767=DIRECTION('',(0.0,1.0,0.0));
#5768=DIRECTION('',(6.12303176911189E-17,0.0,-1.0));
#5769=DIRECTION('',(-1.0,0.0,3.96990481838954E-17));
#5770=DIRECTION('',(-6.12303176911189E-17,0.0,1.0));
#5771=DIRECTION('',(1.0,0.0,1.07656347536117E-17));
#5772=CARTESIAN_POINT('',(0.274,0.0224999999999999,0.25));
#5773=DIRECTION('',(0.0,1.0,0.0));
#5774=DIRECTION('',(6.12303176911189E-17,0.0,-1.0));
#5775=DIRECTION('',(-1.0,0.0,3.96990481838954E-17));
#5776=DIRECTION('',(-6.12303176911189E-17,0.0,1.0));
#5777=DIRECTION('',(1.0,0.0,1.07656347536117E-17));
#5778=CARTESIAN_POINT('',(0.274,0.0224999999999999,-0.25));
#5779=DIRECTION('',(0.0,1.0,0.0));
#5780=DIRECTION('',(6.12303176911189E-17,0.0,-1.0));
#5781=DIRECTION('',(-1.0,0.0,3.96990481838954E-17));
#5782=DIRECTION('',(-6.12303176911189E-17,0.0,1.0));
#5783=DIRECTION('',(1.0,0.0,1.07656347536117E-17));
#5784=CARTESIAN_POINT('',(0.274,0.0224999999999999,-0.75));
#5785=DIRECTION('',(0.0,1.0,0.0));
#5786=DIRECTION('',(6.12303176911189E-17,0.0,-1.0));
#5787=DIRECTION('',(-1.0,0.0,3.96990481838954E-17));
#5788=DIRECTION('',(-6.12303176911189E-17,0.0,1.0));
#5789=DIRECTION('',(-1.0,0.0,-6.12303176911189E-17));
#5790=DIRECTION('',(-1.94456587826968E-16,0.0,1.0));
#5791=CARTESIAN_POINT('',(0.75,0.0224999999999999,-1.226));
#5792=DIRECTION('',(-0.0,1.0,0.0));
#5793=DIRECTION('',(1.0,0.0,2.44921270764475E-16));
#5794=DIRECTION('',(1.43991904889461E-16,0.0,-1.0));
#5795=DIRECTION('',(-1.0,0.0,-6.12303176911189E-17));
#5796=DIRECTION('',(-1.94456587826968E-16,0.0,1.0));
#5797=CARTESIAN_POINT('',(1.25,0.0224999999999999,-1.226));
#5798=DIRECTION('',(-0.0,1.0,0.0));
#5799=DIRECTION('',(1.0,0.0,2.44921270764475E-16));
#5800=DIRECTION('',(1.43991904889461E-16,0.0,-1.0));
#5801=DIRECTION('',(-1.0,0.0,-6.12303176911189E-17));
#5802=DIRECTION('',(-1.94456587826968E-16,0.0,1.0));
#5803=CARTESIAN_POINT('',(1.75,0.0224999999999999,-1.226));
#5804=DIRECTION('',(-0.0,1.0,0.0));
#5805=DIRECTION('',(1.0,0.0,2.44921270764475E-16));
#5806=DIRECTION('',(1.43991904889461E-16,0.0,-1.0));
#5807=DIRECTION('',(-1.0,0.0,-6.12303176911189E-17));
#5808=DIRECTION('',(6.17993713689029E-33,1.0,3.78399514202936E-49));
#5809=DIRECTION('',(-1.49966072182214E-32,-1.0,6.12303176911189E-17));
#5810=DIRECTION('',(1.43991904889461E-16,-6.12303176911189E-17,-1.0));
#5811=DIRECTION('',(-1.49966072182214E-32,-1.0,6.12303176911189E-17));
#5812=DIRECTION('',(1.43991904889461E-16,-6.12303176911189E-17,-1.0));
#5813=DIRECTION('',(-1.49966072182214E-32,-1.0,6.12303176911189E-17));
#5814=CARTESIAN_POINT('',(1.75,5.55111512312578E-17,-1.226));
#5815=DIRECTION('',(1.49966072182214E-32,1.0,-6.12303176911189E-17));
#5816=DIRECTION('',(1.0,0.0,2.44921270764475E-16));
#5817=DIRECTION('',(-1.0,0.0,-2.44921270764475E-16));
#5818=DIRECTION('',(-1.49966072182214E-32,-1.0,6.12303176911189E-17));
#5819=DIRECTION('',(1.0,0.0,2.44921270764475E-16));
#5820=DIRECTION('',(-3.08996856844515E-33,-1.0,-1.89199757101468E-49));
#5821=DIRECTION('',(-1.94456587826968E-16,6.12303176911189E-17,1.0));
#5822=DIRECTION('',(-1.94456587826968E-16,6.12303176911189E-17,1.0));
#5823=DIRECTION('',(-1.0,1.1247455413666E-32,-6.12303176911189E-17));
#5824=DIRECTION('',(6.17993713689029E-33,1.0,3.78399514202936E-49));
#5825=DIRECTION('',(-1.0,1.1247455413666E-32,-6.12303176911189E-17));
#5826=DIRECTION('',(-3.08996856844515E-33,-1.0,-1.89199757101468E-49));
#5827=DIRECTION('',(6.17993713689029E-33,1.0,3.78399514202936E-49));
#5828=DIRECTION('',(-1.0,1.1247455413666E-32,-6.12303176911189E-17));
#5829=DIRECTION('',(-3.08996856844515E-33,-1.0,-1.89199757101468E-49));
#5830=DIRECTION('',(0.0,-1.0,0.0));
#5831=DIRECTION('',(-1.0,0.0,-6.12303176911189E-17));
#5832=DIRECTION('',(0.0,1.0,0.0));
#5833=DIRECTION('',(-1.94456587826968E-16,6.12303176911189E-17,1.0));
#5834=DIRECTION('',(-1.49966072182214E-32,-1.0,6.12303176911189E-17));
#5835=DIRECTION('',(-1.94456587826968E-16,6.12303176911189E-17,1.0));
#5836=DIRECTION('',(-1.49966072182214E-32,-1.0,6.12303176911189E-17));
#5837=DIRECTION('',(1.43991904889461E-16,-6.12303176911189E-17,-1.0));
#5838=DIRECTION('',(1.0,0.0,2.44921270764475E-16));
#5839=DIRECTION('',(-1.0,0.0,-2.44921270764475E-16));
#5840=DIRECTION('',(-1.49966072182214E-32,-1.0,6.12303176911189E-17));
#5841=CARTESIAN_POINT('',(1.25,5.55111512312578E-17,-1.226));
#5842=DIRECTION('',(1.49966072182214E-32,1.0,-6.12303176911189E-17));
#5843=DIRECTION('',(1.0,0.0,2.44921270764475E-16));
#5844=DIRECTION('',(-1.49966072182214E-32,-1.0,6.12303176911189E-17));
#5845=DIRECTION('',(1.43991904889461E-16,-6.12303176911189E-17,-1.0));
#5846=DIRECTION('',(-1.49966072182214E-32,-1.0,6.12303176911189E-17));
#5847=DIRECTION('',(1.43991904889461E-16,-6.12303176911189E-17,-1.0));
#5848=DIRECTION('',(-1.49966072182214E-32,-1.0,6.12303176911189E-17));
#5849=DIRECTION('',(1.43991904889461E-16,-6.12303176911189E-17,-1.0));
#5850=DIRECTION('',(-1.49966072182214E-32,-1.0,6.12303176911189E-17));
#5851=CARTESIAN_POINT('',(0.75,5.55111512312578E-17,-1.226));
#5852=DIRECTION('',(1.49966072182214E-32,1.0,-6.12303176911189E-17));
#5853=DIRECTION('',(1.0,0.0,2.44921270764475E-16));
#5854=DIRECTION('',(-1.0,0.0,-2.44921270764475E-16));
#5855=DIRECTION('',(-1.49966072182214E-32,-1.0,6.12303176911189E-17));
#5856=DIRECTION('',(1.0,0.0,2.44921270764475E-16));
#5857=DIRECTION('',(-1.94456587826968E-16,6.12303176911189E-17,1.0));
#5858=DIRECTION('',(-1.94456587826968E-16,6.12303176911189E-17,1.0));
#5859=DIRECTION('',(1.89199757101468E-49,-1.0,-3.08996856844515E-33));
#5860=DIRECTION('',(-1.0,6.12303176911189E-17,-1.33226270135849E-16));
#5861=DIRECTION('',(-6.12303176911189E-17,-1.0,-1.1247455413666E-32));
#5862=DIRECTION('',(-1.0,6.12303176911189E-17,-1.33226270135849E-16));
#5863=DIRECTION('',(-6.12303176911189E-17,-1.0,-1.1247455413666E-32));
#5864=DIRECTION('',(6.12303176911189E-17,7.49830360911069E-33,-1.0));
#5865=DIRECTION('',(1.0,-6.12303176911189E-17,8.27615871983424E-17));
#5866=DIRECTION('',(-1.83690953073357E-16,0.0,1.0));
#5867=DIRECTION('',(1.83690953073357E-16,0.0,-1.0));
#5868=DIRECTION('',(-6.12303176911189E-17,-1.0,-1.1247455413666E-32));
#5869=CARTESIAN_POINT('',(2.726,5.55111512312578E-17,-0.75));
#5870=DIRECTION('',(6.12303176911189E-17,1.0,1.1247455413666E-32));
#5871=DIRECTION('',(-1.83690953073357E-16,0.0,1.0));
#5872=DIRECTION('',(-6.12303176911189E-17,-1.0,-1.1247455413666E-32));
#5873=DIRECTION('',(1.0,-6.12303176911189E-17,8.27615871983424E-17));
#5874=DIRECTION('',(-3.78399514202936E-49,1.0,6.17993713689029E-33));
#5875=DIRECTION('',(-3.78399514202936E-49,1.0,6.17993713689029E-33));
#5876=DIRECTION('',(-6.12303176911189E-17,-1.0,-1.1247455413666E-32));
#5877=DIRECTION('',(1.0,-6.12303176911189E-17,8.27615871983424E-17));
#5878=DIRECTION('',(-6.12303176911189E-17,-1.0,-1.1247455413666E-32));
#5879=DIRECTION('',(1.0,-6.12303176911189E-17,8.27615871983424E-17));
#5880=DIRECTION('',(-6.12303176911189E-17,-1.0,-1.1247455413666E-32));
#5881=CARTESIAN_POINT('',(2.726,5.55111512312578E-17,-0.25));
#5882=DIRECTION('',(6.12303176911189E-17,1.0,1.1247455413666E-32));
#5883=DIRECTION('',(-1.83690953073357E-16,0.0,1.0));
#5884=DIRECTION('',(1.83690953073357E-16,0.0,-1.0));
#5885=DIRECTION('',(-6.12303176911189E-17,-1.0,-1.1247455413666E-32));
#5886=DIRECTION('',(-1.83690953073357E-16,0.0,1.0));
#5887=DIRECTION('',(1.89199757101468E-49,-1.0,-3.08996856844515E-33));
#5888=DIRECTION('',(-1.0,6.12303176911189E-17,-1.33226270135849E-16));
#5889=DIRECTION('',(-1.0,6.12303176911189E-17,-1.33226270135849E-16));
#5890=DIRECTION('',(6.12303176911189E-17,7.49830360911069E-33,-1.0));
#5891=DIRECTION('',(-6.12303176911189E-17,0.0,1.0));
#5892=DIRECTION('',(0.0,-1.0,0.0));
#5893=DIRECTION('',(-3.78399514202936E-49,1.0,6.17993713689029E-33));
#5894=DIRECTION('',(6.12303176911189E-17,7.49830360911069E-33,-1.0));
#5895=DIRECTION('',(1.89199757101468E-49,-1.0,-3.08996856844515E-33));
#5896=DIRECTION('',(-3.78399514202936E-49,1.0,6.17993713689029E-33));
#5897=DIRECTION('',(6.12303176911189E-17,7.49830360911069E-33,-1.0));
#5898=DIRECTION('',(1.89199757101468E-49,-1.0,-3.08996856844515E-33));
#5899=DIRECTION('',(-1.0,6.12303176911189E-17,-1.33226270135849E-16));
#5900=DIRECTION('',(-6.12303176911189E-17,-1.0,-1.1247455413666E-32));
#5901=DIRECTION('',(-1.0,6.12303176911189E-17,-1.33226270135849E-16));
#5902=DIRECTION('',(-6.12303176911189E-17,-1.0,-1.1247455413666E-32));
#5903=DIRECTION('',(1.0,-6.12303176911189E-17,8.27615871983424E-17));
#5904=DIRECTION('',(-1.83690953073357E-16,0.0,1.0));
#5905=DIRECTION('',(1.83690953073357E-16,0.0,-1.0));
#5906=DIRECTION('',(-6.12303176911189E-17,-1.0,-1.1247455413666E-32));
#5907=CARTESIAN_POINT('',(2.726,5.55111512312578E-17,0.25));
#5908=DIRECTION('',(6.12303176911189E-17,1.0,1.1247455413666E-32));
#5909=DIRECTION('',(-1.83690953073357E-16,0.0,1.0));
#5910=DIRECTION('',(-6.12303176911189E-17,-1.0,-1.1247455413666E-32));
#5911=DIRECTION('',(1.0,-6.12303176911189E-17,8.27615871983424E-17));
#5912=DIRECTION('',(-6.12303176911189E-17,-1.0,-1.1247455413666E-32));
#5913=DIRECTION('',(1.0,-6.12303176911189E-17,8.27615871983424E-17));
#5914=DIRECTION('',(-6.12303176911189E-17,-1.0,-1.1247455413666E-32));
#5915=DIRECTION('',(1.0,-6.12303176911189E-17,8.27615871983424E-17));
#5916=DIRECTION('',(-6.12303176911189E-17,-1.0,-1.1247455413666E-32));
#5917=CARTESIAN_POINT('',(2.726,5.55111512312578E-17,0.75));
#5918=DIRECTION('',(6.12303176911189E-17,1.0,1.1247455413666E-32));
#5919=DIRECTION('',(-1.83690953073357E-16,0.0,1.0));
#5920=DIRECTION('',(1.83690953073357E-16,0.0,-1.0));
#5921=DIRECTION('',(-6.12303176911189E-17,-1.0,-1.1247455413666E-32));
#5922=DIRECTION('',(-1.83690953073357E-16,0.0,1.0));
#5923=DIRECTION('',(-1.0,6.12303176911189E-17,-1.33226270135849E-16));
#5924=DIRECTION('',(-1.0,6.12303176911189E-17,-1.33226270135849E-16));
#5925=DIRECTION('',(3.08996856844515E-33,-1.0,1.89199757101468E-49));
#5926=DIRECTION('',(7.19959524447306E-17,6.12303176911189E-17,-1.0));
#5927=DIRECTION('',(7.49830360911069E-33,-1.0,-6.12303176911189E-17));
#5928=DIRECTION('',(7.19959524447306E-17,6.12303176911189E-17,-1.0));
#5929=DIRECTION('',(7.49830360911069E-33,-1.0,-6.12303176911189E-17));
#5930=DIRECTION('',(1.0,3.74915180455534E-33,6.12303176911189E-17));
#5931=DIRECTION('',(-2.15312695072235E-17,-6.12303176911189E-17,1.0));
#5932=DIRECTION('',(-1.0,0.0,-1.22460635382238E-16));
#5933=DIRECTION('',(1.0,0.0,1.22460635382238E-16));
#5934=DIRECTION('',(7.49830360911069E-33,-1.0,-6.12303176911189E-17));
#5935=CARTESIAN_POINT('',(2.25,5.55111512312578E-17,1.226));
#5936=DIRECTION('',(-7.49830360911069E-33,1.0,6.12303176911189E-17));
#5937=DIRECTION('',(-1.0,0.0,-1.22460635382238E-16));
#5938=DIRECTION('',(7.49830360911069E-33,-1.0,-6.12303176911189E-17));
#5939=DIRECTION('',(-2.15312695072235E-17,-6.12303176911189E-17,1.0));
#5940=DIRECTION('',(-6.17993713689029E-33,1.0,-3.78399514202936E-49));
#5941=DIRECTION('',(-6.17993713689029E-33,1.0,-3.78399514202936E-49));
#5942=DIRECTION('',(7.49830360911069E-33,-1.0,-6.12303176911189E-17));
#5943=DIRECTION('',(-2.15312695072235E-17,-6.12303176911189E-17,1.0));
#5944=DIRECTION('',(7.49830360911069E-33,-1.0,-6.12303176911189E-17));
#5945=DIRECTION('',(-2.15312695072235E-17,-6.12303176911189E-17,1.0));
#5946=DIRECTION('',(7.49830360911069E-33,-1.0,-6.12303176911189E-17));
#5947=CARTESIAN_POINT('',(1.75,5.55111512312578E-17,1.226));
#5948=DIRECTION('',(-7.49830360911069E-33,1.0,6.12303176911189E-17));
#5949=DIRECTION('',(-1.0,0.0,-1.22460635382238E-16));
#5950=DIRECTION('',(1.0,0.0,1.22460635382238E-16));
#5951=DIRECTION('',(7.49830360911069E-33,-1.0,-6.12303176911189E-17));
#5952=DIRECTION('',(-1.0,0.0,-1.22460635382238E-16));
#5953=DIRECTION('',(3.08996856844515E-33,-1.0,1.89199757101468E-49));
#5954=DIRECTION('',(7.19959524447306E-17,6.12303176911189E-17,-1.0));
#5955=DIRECTION('',(7.19959524447306E-17,6.12303176911189E-17,-1.0));
#5956=DIRECTION('',(1.0,3.74915180455534E-33,6.12303176911189E-17));
#5957=DIRECTION('',(-1.0,0.0,-6.12303176911189E-17));
#5958=DIRECTION('',(0.0,1.0,0.0));
#5959=DIRECTION('',(-6.17993713689029E-33,1.0,-3.78399514202936E-49));
#5960=DIRECTION('',(1.0,3.74915180455534E-33,6.12303176911189E-17));
#5961=DIRECTION('',(3.08996856844515E-33,-1.0,1.89199757101468E-49));
#5962=DIRECTION('',(-6.17993713689029E-33,1.0,-3.78399514202936E-49));
#5963=DIRECTION('',(1.0,3.74915180455534E-33,6.12303176911189E-17));
#5964=DIRECTION('',(3.08996856844515E-33,-1.0,1.89199757101468E-49));
#5965=DIRECTION('',(7.19959524447306E-17,6.12303176911189E-17,-1.0));
#5966=DIRECTION('',(7.49830360911069E-33,-1.0,-6.12303176911189E-17));
#5967=DIRECTION('',(7.19959524447306E-17,6.12303176911189E-17,-1.0));
#5968=DIRECTION('',(7.49830360911069E-33,-1.0,-6.12303176911189E-17));
#5969=DIRECTION('',(-2.15312695072235E-17,-6.12303176911189E-17,1.0));
#5970=DIRECTION('',(-1.0,0.0,-1.22460635382238E-16));
#5971=DIRECTION('',(1.0,0.0,1.22460635382238E-16));
#5972=DIRECTION('',(7.49830360911069E-33,-1.0,-6.12303176911189E-17));
#5973=CARTESIAN_POINT('',(1.25,5.55111512312578E-17,1.226));
#5974=DIRECTION('',(-7.49830360911069E-33,1.0,6.12303176911189E-17));
#5975=DIRECTION('',(-1.0,0.0,-1.22460635382238E-16));
#5976=DIRECTION('',(7.49830360911069E-33,-1.0,-6.12303176911189E-17));
#5977=DIRECTION('',(-2.15312695072235E-17,-6.12303176911189E-17,1.0));
#5978=DIRECTION('',(7.49830360911069E-33,-1.0,-6.12303176911189E-17));
#5979=DIRECTION('',(-2.15312695072235E-17,-6.12303176911189E-17,1.0));
#5980=DIRECTION('',(7.49830360911069E-33,-1.0,-6.12303176911189E-17));
#5981=DIRECTION('',(-2.15312695072235E-17,-6.12303176911189E-17,1.0));
#5982=DIRECTION('',(7.49830360911069E-33,-1.0,-6.12303176911189E-17));
#5983=CARTESIAN_POINT('',(0.75,5.55111512312578E-17,1.226));
#5984=DIRECTION('',(-7.49830360911069E-33,1.0,6.12303176911189E-17));
#5985=DIRECTION('',(-1.0,0.0,-1.22460635382238E-16));
#5986=DIRECTION('',(1.0,0.0,1.22460635382238E-16));
#5987=DIRECTION('',(7.49830360911069E-33,-1.0,-6.12303176911189E-17));
#5988=DIRECTION('',(-1.0,0.0,-1.22460635382238E-16));
#5989=DIRECTION('',(7.19959524447306E-17,6.12303176911189E-17,-1.0));
#5990=DIRECTION('',(7.19959524447306E-17,6.12303176911189E-17,-1.0));
#5991=DIRECTION('',(3.78399514202936E-49,1.0,-6.17993713689029E-33));
#5992=DIRECTION('',(6.12303176911189E-17,-1.0,3.74915180455534E-33));
#5993=DIRECTION('',(-1.0,-6.12303176911189E-17,3.96990481838954E-17));
#5994=DIRECTION('',(6.12303176911189E-17,-1.0,3.74915180455534E-33));
#5995=DIRECTION('',(-1.0,-6.12303176911189E-17,3.96990481838954E-17));
#5996=DIRECTION('',(6.12303176911189E-17,-1.0,3.74915180455534E-33));
#5997=CARTESIAN_POINT('',(0.274,5.55111512312578E-17,-0.75));
#5998=DIRECTION('',(-6.12303176911189E-17,1.0,-3.74915180455534E-33));
#5999=DIRECTION('',(6.12303176911189E-17,0.0,-1.0));
#6000=DIRECTION('',(-6.12303176911189E-17,0.0,1.0));
#6001=DIRECTION('',(6.12303176911189E-17,-1.0,3.74915180455534E-33));
#6002=DIRECTION('',(6.12303176911189E-17,0.0,-1.0));
#6003=DIRECTION('',(-1.89199757101468E-49,-1.0,3.08996856844515E-33));
#6004=DIRECTION('',(1.0,6.12303176911189E-17,1.07656347536117E-17));
#6005=DIRECTION('',(1.0,6.12303176911189E-17,1.07656347536117E-17));
#6006=DIRECTION('',(-6.12303176911189E-17,0.0,1.0));
#6007=DIRECTION('',(3.78399514202936E-49,1.0,-6.17993713689029E-33));
#6008=DIRECTION('',(-6.12303176911189E-17,0.0,1.0));
#6009=DIRECTION('',(-1.89199757101468E-49,-1.0,3.08996856844515E-33));
#6010=DIRECTION('',(3.78399514202936E-49,1.0,-6.17993713689029E-33));
#6011=DIRECTION('',(-6.12303176911189E-17,0.0,1.0));
#6012=DIRECTION('',(-1.89199757101468E-49,-1.0,3.08996856844515E-33));
#6013=DIRECTION('',(3.78399514202936E-49,1.0,-6.17993713689029E-33));
#6014=DIRECTION('',(-6.12303176911189E-17,0.0,1.0));
#6015=DIRECTION('',(-1.89199757101468E-49,-1.0,3.08996856844515E-33));
#6016=DIRECTION('',(6.12303176911189E-17,0.0,-1.0));
#6017=DIRECTION('',(1.0,6.12303176911189E-17,1.07656347536117E-17));
#6018=DIRECTION('',(6.12303176911189E-17,-1.0,3.74915180455534E-33));
#6019=DIRECTION('',(1.0,6.12303176911189E-17,1.07656347536117E-17));
#6020=DIRECTION('',(6.12303176911189E-17,-1.0,3.74915180455534E-33));
#6021=DIRECTION('',(-1.0,-6.12303176911189E-17,3.96990481838954E-17));
#6022=DIRECTION('',(6.12303176911189E-17,0.0,-1.0));
#6023=DIRECTION('',(-6.12303176911189E-17,0.0,1.0));
#6024=DIRECTION('',(6.12303176911189E-17,-1.0,3.74915180455534E-33));
#6025=CARTESIAN_POINT('',(0.274,5.55111512312578E-17,-0.25));
#6026=DIRECTION('',(-6.12303176911189E-17,1.0,-3.74915180455534E-33));
#6027=DIRECTION('',(6.12303176911189E-17,0.0,-1.0));
#6028=DIRECTION('',(6.12303176911189E-17,-1.0,3.74915180455534E-33));
#6029=DIRECTION('',(-1.0,-6.12303176911189E-17,3.96990481838954E-17));
#6030=DIRECTION('',(6.12303176911189E-17,-1.0,3.74915180455534E-33));
#6031=DIRECTION('',(-1.0,-6.12303176911189E-17,3.96990481838954E-17));
#6032=DIRECTION('',(6.12303176911189E-17,-1.0,3.74915180455534E-33));
#6033=DIRECTION('',(-1.0,-6.12303176911189E-17,3.96990481838954E-17));
#6034=DIRECTION('',(6.12303176911189E-17,-1.0,3.74915180455534E-33));
#6035=CARTESIAN_POINT('',(0.274,5.55111512312578E-17,0.25));
#6036=DIRECTION('',(-6.12303176911189E-17,1.0,-3.74915180455534E-33));
#6037=DIRECTION('',(6.12303176911189E-17,0.0,-1.0));
#6038=DIRECTION('',(-6.12303176911189E-17,0.0,1.0));
#6039=DIRECTION('',(6.12303176911189E-17,-1.0,3.74915180455534E-33));
#6040=DIRECTION('',(6.12303176911189E-17,0.0,-1.0));
#6041=DIRECTION('',(1.0,6.12303176911189E-17,1.07656347536117E-17));
#6042=DIRECTION('',(1.0,6.12303176911189E-17,1.07656347536117E-17));
#6043=DIRECTION('',(1.0,6.12303176911189E-17,1.07656347536117E-17));
#6044=DIRECTION('',(6.12303176911189E-17,-1.0,3.74915180455534E-33));
#6045=DIRECTION('',(1.0,6.12303176911189E-17,1.07656347536117E-17));
#6046=DIRECTION('',(6.12303176911189E-17,-1.0,3.74915180455534E-33));
#6047=DIRECTION('',(-1.0,-6.12303176911189E-17,3.96990481838954E-17));
#6048=DIRECTION('',(6.12303176911189E-17,0.0,-1.0));
#6049=DIRECTION('',(-6.12303176911189E-17,0.0,1.0));
#6050=DIRECTION('',(6.12303176911189E-17,-1.0,3.74915180455534E-33));
#6051=CARTESIAN_POINT('',(0.274,5.55111512312578E-17,0.75));
#6052=DIRECTION('',(-6.12303176911189E-17,1.0,-3.74915180455534E-33));
#6053=DIRECTION('',(6.12303176911189E-17,0.0,-1.0));
#6054=DIRECTION('',(6.12303176911189E-17,-1.0,3.74915180455534E-33));
#6055=DIRECTION('',(-1.0,-6.12303176911189E-17,3.96990481838954E-17));
#6056=DIRECTION('',(6.12303176911189E-17,-1.0,3.74915180455534E-33));
#6057=DIRECTION('',(-1.0,-6.12303176911189E-17,8.15862134795342E-18));
#6058=DIRECTION('',(6.12303176911189E-17,-1.0,3.74915180455534E-33));
#6059=DIRECTION('',(6.12303176911189E-17,-1.0,3.74915180455534E-33));
#6060=CARTESIAN_POINT('',(2.3,-0.00249999999999995,-0.8));
#6061=DIRECTION('',(-6.12303176911189E-17,1.0,-3.74915180455534E-33));
#6062=DIRECTION('',(6.12303176911189E-17,0.0,-1.0));
#6063=DIRECTION('',(6.12303176911189E-17,-1.0,3.74915180455534E-33));
#6064=DIRECTION('',(6.12303176911189E-17,0.0,-1.0));
#6065=DIRECTION('',(6.12303176911189E-17,-1.0,3.74915180455534E-33));
#6066=CARTESIAN_POINT('',(2.3,-0.00249999999999995,0.8));
#6067=DIRECTION('',(-6.12303176911189E-17,1.0,-3.74915180455534E-33));
#6068=DIRECTION('',(6.12303176911189E-17,0.0,-1.0));
#6069=CARTESIAN_POINT('',(0.7,-0.0025,-0.8));
#6070=DIRECTION('',(-6.12303176911189E-17,1.0,-3.74915180455534E-33));
#6071=DIRECTION('',(6.12303176911189E-17,0.0,-1.0));
#6072=DIRECTION('',(6.12303176911189E-17,-1.0,3.74915180455534E-33));
#6073=DIRECTION('',(-6.12303176911189E-17,0.0,1.0));
#6074=DIRECTION('',(6.12303176911189E-17,-1.0,3.74915180455534E-33));
#6075=CARTESIAN_POINT('',(0.7,-0.0025,0.8));
#6076=DIRECTION('',(-6.12303176911189E-17,1.0,-3.74915180455534E-33));
#6077=DIRECTION('',(6.12303176911189E-17,0.0,-1.0));
#6078=DIRECTION('',(6.12303176911189E-17,-1.0,3.74915180455534E-33));
#6079=DIRECTION('',(1.0,6.12303176911189E-17,-8.15862134795342E-18));
#6080=CARTESIAN_POINT('',(0.5,0.6875,1.0));
#6081=DIRECTION('',(0.0,-1.0,0.0));
#6082=DIRECTION('',(6.12303176911189E-17,0.0,-1.0));
#6083=CARTESIAN_POINT('',(0.5,0.7525,1.0));
#6084=DIRECTION('',(0.0,-1.0,0.0));
#6085=DIRECTION('',(6.12303176911189E-17,0.0,-1.0));
ENDSEC;
END-ISO-10303-21;
