timestamp,temperature,subsystem_status,flight_mode,low_power_mode,status_events,acceleration,height_pressure,height_gnss,lat_gnss,lon_gnss,battery_voltage,rssi,time_since_last_packet
2026-03-12T19:50:17.902820,0,3,0,0,9,-1.0,194.5,0.0,0.0,0.0,6.6,-22,22929
2026-03-12T19:50:22.778557,0,3,0,0,9,-1.0,195.0,0.0,0.0,0.0,6.6,-22,4887
2026-03-12T19:50:25.044517,0,3,0,0,9,-1.0,194.75,0.0,0.0,0.0,6.6,-22,2258
2026-03-12T19:50:30.922593,0,3,1,0,9,-1.0,194.75,0.0,0.0,0.0,6.4,-22,5887
2026-03-12T19:50:31.059669,0,3,1,0,9,-1.0,194.5,0.0,0.0,0.0,6.6,-22,130
2026-03-12T19:50:31.175138,0,3,1,0,9,-1.0,194.5,0.0,0.0,0.0,6.4,-22,121
2026-03-12T19:50:31.309028,0,3,1,0,9,-1.0,195.0,0.0,0.0,0.0,6.6,-22,124
2026-03-12T19:50:31.430884,0,3,1,0,9,-1.0,194.5,0.0,0.0,0.0,6.6,-22,124
2026-03-12T19:50:31.557297,0,3,1,0,9,-1.0,194.75,0.0,0.0,0.0,6.6,-22,125
2026-03-12T19:50:31.682097,0,3,1,0,9,-1.0,195.0,0.0,0.0,0.0,6.6,-22,126
2026-03-12T19:50:31.801680,0,3,1,0,9,-1.0,195.25,189.25,51.3649673,8.2020521,6.6,-22,125
2026-03-12T19:50:31.927173,0,3,1,0,9,-1.0,194.5,189.25,51.3649673,8.2020521,6.6,-22,124
2026-03-12T19:50:32.052243,0,3,1,0,9,-1.0,194.75,189.25,51.3649673,8.2020521,6.4,-22,124
2026-03-12T19:50:32.178975,0,3,1,0,9,-1.0,194.75,189.25,51.3649673,8.2020521,6.6,-22,124
2026-03-12T19:50:32.303995,0,3,1,0,9,-1.0,194.75,189.25,51.3649673,8.2020521,6.4,-22,126
2026-03-12T19:50:32.429139,0,3,1,0,9,-1.0,194.75,189.25,51.3649673,8.2020521,6.4,-22,125
2026-03-12T19:50:32.554074,0,3,1,0,9,-1.0,194.75,189.25,51.3649673,8.2020521,6.6,-22,125
2026-03-12T19:50:32.678317,0,3,1,0,9,-1.0,195.25,189.25,51.3649673,8.2020521,6.6,-22,125
2026-03-12T19:50:33.045498,0,3,1,0,9,-1.0,194.75,189.25,51.3649673,8.2020521,6.6,-22,125
2026-03-12T19:50:33.058311,0,3,1,0,9,-1.0,195.0,189.25,51.3649673,8.2020521,6.6,-22,124
2026-03-12T19:50:33.069736,0,3,1,0,9,-1.0,195.0,0.0,0.0,0.0,6.4,-22,125
2026-03-12T19:50:33.189746,0,3,1,0,9,-1.0,194.75,0.0,0.0,0.0,6.6,-22,125
2026-03-12T19:50:33.311152,0,3,1,0,9,-1.0,194.75,0.0,0.0,0.0,6.6,-22,124
2026-03-12T19:50:33.449966,0,3,1,0,9,-1.0,195.0,0.0,0.0,0.0,6.6,-22,124
2026-03-12T19:50:33.563808,0,3,1,0,9,-1.0,195.0,0.0,0.0,0.0,6.4,-22,125
2026-03-12T19:50:33.720749,0,3,1,0,9,-1.0,195.0,0.0,0.0,0.0,6.4,-22,125
2026-03-12T19:50:33.820799,0,3,1,0,9,-1.0,195.0,0.0,0.0,0.0,6.6,-22,125
2026-03-12T19:50:34.070534,0,3,1,0,9,-1.0,194.75,0.0,0.0,0.0,6.6,-22,125
2026-03-12T19:50:34.079170,0,3,1,0,9,-1.0,194.75,0.0,0.0,0.0,6.6,-22,126
2026-03-12T19:50:34.181589,0,3,1,0,9,-1.0,194.75,0.0,0.0,0.0,6.6,-22,125
2026-03-12T19:50:34.308479,0,3,1,0,9,-1.0,194.75,0.0,0.0,0.0,6.6,-22,125
2026-03-12T19:50:35.763216,0,3,1,0,9,-1.0,194.75,0.0,0.0,0.0,6.4,-22,125
2026-03-12T19:50:35.771597,0,3,1,0,9,-1.0,194.75,0.0,0.0,0.0,6.6,-22,125
2026-03-12T19:50:35.779818,0,3,1,0,9,-1.0,194.5,0.0,0.0,0.0,6.4,-22,125
2026-03-12T19:50:35.788984,0,3,1,0,9,-1.0,194.5,0.0,0.0,0.0,6.4,-22,124
2026-03-12T19:50:35.797005,0,3,1,0,9,-1.0,194.5,0.0,0.0,0.0,6.6,-22,124
2026-03-12T19:50:35.805413,0,3,1,0,9,-1.0,194.5,0.0,0.0,0.0,6.6,-22,124
2026-03-12T19:50:35.813868,0,3,1,0,9,-1.0,194.75,0.0,0.0,0.0,6.6,-22,126
2026-03-12T19:50:35.822810,0,3,1,0,9,-1.0,195.0,0.0,0.0,0.0,6.6,-22,125
2026-03-12T19:50:35.831502,0,3,1,0,9,-1.0,194.75,0.0,0.0,0.0,6.4,-22,125
2026-03-12T19:50:35.840029,0,3,1,0,9,-1.0,195.0,0.0,0.0,0.0,6.6,-22,125
2026-03-12T19:50:35.848191,0,3,1,0,9,-1.0,195.0,0.0,0.0,0.0,6.4,-22,126
2026-03-12T19:50:35.856639,0,3,1,0,9,-1.0,194.5,0.0,0.0,0.0,6.4,-22,125
2026-03-12T19:50:35.941786,0,3,1,0,9,-1.0,194.5,0.0,0.0,0.0,6.4,-22,125
2026-03-12T19:50:36.067670,0,3,1,0,9,-1.0,194.5,0.0,0.0,0.0,6.4,-22,124
2026-03-12T19:50:36.192452,0,3,1,0,9,-1.0,194.75,0.0,0.0,0.0,6.4,-22,125
2026-03-12T19:50:36.317880,0,3,1,0,9,-1.0,194.75,0.0,0.0,0.0,6.4,-22,125
2026-03-12T19:50:36.442902,0,3,1,0,9,-1.0,194.75,0.0,0.0,0.0,6.4,-22,125
2026-03-12T19:50:36.561394,0,3,1,0,9,-1.0,195.0,0.0,0.0,0.0,6.4,-22,125
2026-03-12T19:50:36.695164,0,3,1,0,9,-1.0,194.25,0.0,0.0,0.0,6.4,-22,125
2026-03-12T19:50:36.818669,0,3,1,0,9,-1.0,194.5,0.0,0.0,0.0,6.6,-22,126
2026-03-12T19:50:36.944051,0,3,1,0,9,-1.0,194.5,0.0,0.0,0.0,6.4,-22,125
2026-03-12T19:50:37.069567,0,3,1,0,9,-1.0,194.5,0.0,0.0,0.0,6.6,-22,125
2026-03-12T19:50:37.194548,0,3,1,0,9,-1.0,194.25,0.0,0.0,0.0,6.4,-22,125
2026-03-12T19:50:37.319969,0,3,1,0,9,-1.0,194.25,0.0,0.0,0.0,6.4,-22,125
2026-03-12T19:50:37.445451,0,3,1,0,9,-1.0,194.25,0.0,0.0,0.0,6.6,-22,124
2026-03-12T19:50:37.570443,0,3,1,0,9,-1.0,194.5,0.0,0.0,0.0,6.6,-22,124
2026-03-12T19:50:37.694872,0,3,1,0,9,-1.0,194.75,0.0,0.0,0.0,6.6,-22,124
2026-03-12T19:50:37.821162,0,3,1,0,9,-1.0,194.75,0.0,0.0,0.0,6.6,-22,126
2026-03-12T19:50:37.939981,0,3,1,0,9,-1.0,195.0,0.0,0.0,0.0,6.6,-22,125
2026-03-12T19:50:38.072614,0,3,1,0,9,-1.0,194.5,0.0,0.0,0.0,6.4,-22,125
2026-03-12T19:50:38.196193,0,3,1,0,9,-1.0,194.5,0.0,0.0,0.0,6.4,-22,125
2026-03-12T19:50:38.322100,0,3,1,0,9,-1.0,194.5,0.0,0.0,0.0,6.4,-22,126
2026-03-12T19:50:38.448593,0,3,1,0,9,-1.0,194.5,0.0,0.0,0.0,6.4,-22,126
2026-03-12T19:50:38.567647,0,3,1,0,9,-1.0,194.5,0.0,0.0,0.0,6.4,-22,125
2026-03-12T19:50:38.698532,0,3,1,0,9,-1.0,194.75,0.0,0.0,0.0,6.4,-22,125
2026-03-12T19:50:38.823616,0,3,1,0,9,-1.0,194.75,0.0,0.0,0.0,6.4,-22,124
2026-03-12T19:50:38.950058,0,3,1,0,9,-1.0,194.25,0.0,0.0,0.0,6.4,-22,125
2026-03-12T19:50:39.567103,0,3,1,0,9,-1.0,194.5,0.0,0.0,0.0,6.4,-22,124
2026-03-12T19:50:39.575506,0,3,1,0,9,-1.0,194.5,0.0,0.0,0.0,6.6,-22,125
2026-03-12T19:50:39.584113,0,3,1,0,9,-1.0,194.5,0.0,0.0,0.0,6.4,-22,125
2026-03-12T19:50:39.593431,0,3,1,0,9,-1.0,194.5,0.0,0.0,0.0,6.4,-22,126
2026-03-12T19:50:39.601755,0,3,1,0,9,-1.0,194.5,0.0,0.0,0.0,6.4,-22,125
2026-03-12T19:50:39.700830,0,3,1,0,9,-1.0,194.5,0.0,0.0,0.0,6.4,-22,125
2026-03-12T19:50:39.826047,0,3,1,0,9,-1.0,194.5,0.0,0.0,0.0,6.4,-22,125
2026-03-12T19:50:39.951698,0,3,1,0,9,-1.0,194.5,0.0,0.0,0.0,6.4,-22,126
2026-03-12T19:50:40.077051,0,3,1,0,9,-1.0,194.75,0.0,0.0,0.0,6.4,-22,125
2026-03-12T19:50:40.201551,0,3,1,0,9,-1.0,194.5,0.0,0.0,0.0,6.6,-22,125
2026-03-12T19:50:40.327689,0,3,1,0,9,-1.0,194.5,0.0,0.0,0.0,6.6,-22,124
2026-03-12T19:50:40.985898,0,3,1,0,9,-1.0,194.75,0.0,0.0,0.0,6.6,-22,125
2026-03-12T19:50:40.995023,0,3,1,0,9,-1.0,194.5,0.0,0.0,0.0,6.6,-22,124
2026-03-12T19:50:41.003950,0,3,1,0,9,-1.0,194.75,0.0,0.0,0.0,6.4,-22,124
2026-03-12T19:50:41.013245,0,3,1,0,9,-1.0,194.75,0.0,0.0,0.0,6.4,-22,125
2026-03-12T19:50:41.021657,0,3,1,0,9,-1.0,194.5,0.0,0.0,0.0,6.4,-22,126
2026-03-12T19:50:41.082300,0,3,1,0,9,-1.0,194.5,0.0,0.0,0.0,6.4,-22,126
2026-03-12T19:50:41.206334,0,3,1,0,9,-1.0,194.5,0.0,0.0,0.0,6.6,-22,125
2026-03-12T19:50:41.332001,0,3,1,0,9,-1.0,194.5,0.0,0.0,0.0,6.4,-22,125
2026-03-12T19:50:41.458146,0,3,1,0,9,-1.0,194.5,0.0,0.0,0.0,6.6,-22,125
2026-03-12T19:50:41.582195,0,3,1,0,9,-1.0,195.0,0.0,0.0,0.0,6.4,-22,126
2026-03-12T19:50:41.707948,0,3,1,0,9,-1.0,195.0,0.0,0.0,0.0,6.4,-22,125
2026-03-12T19:50:41.832674,0,3,1,0,9,-1.0,194.75,0.0,0.0,0.0,6.6,-22,124
2026-03-12T19:50:41.956909,0,3,1,0,9,-1.0,194.5,0.0,0.0,0.0,6.4,-22,124
2026-03-12T19:50:42.076418,0,3,1,0,9,-1.0,194.5,0.0,0.0,0.0,6.6,-22,125
2026-03-12T19:50:42.210263,0,3,1,0,9,-1.0,194.75,0.0,0.0,0.0,6.4,-22,124
2026-03-12T19:50:42.334887,0,3,1,0,9,-1.0,194.75,0.0,0.0,0.0,6.4,-22,124
2026-03-12T19:50:42.460105,0,3,1,0,9,-1.0,194.75,0.0,0.0,0.0,6.4,-22,125
2026-03-12T19:50:42.583445,0,3,1,0,9,-1.0,194.75,0.0,0.0,0.0,6.6,-22,126
2026-03-12T19:50:42.709863,0,3,1,0,9,-1.0,194.75,0.0,0.0,0.0,6.6,-22,125
2026-03-12T19:50:42.833502,0,3,1,0,9,-1.0,194.5,0.0,0.0,0.0,6.6,-22,125
2026-03-12T19:50:42.959211,0,3,1,0,9,-1.0,194.5,0.0,0.0,0.0,6.4,-22,125
2026-03-12T19:50:43.084857,0,3,1,0,9,-1.0,194.5,0.0,0.0,0.0,6.4,-22,126
2026-03-12T19:50:43.214166,0,3,1,0,9,-1.0,194.5,0.0,0.0,0.0,6.4,-22,125
2026-03-12T19:50:43.338636,0,3,1,0,9,-1.0,194.75,0.0,0.0,0.0,6.4,-22,124
2026-03-12T19:50:43.462596,0,3,1,0,9,-1.0,194.75,0.0,0.0,0.0,6.4,-22,124
2026-03-12T19:50:43.579997,0,3,1,0,9,-1.0,194.75,0.0,0.0,0.0,6.4,-22,124
2026-03-12T19:50:43.714009,0,3,1,0,9,-1.0,194.5,0.0,0.0,0.0,6.4,-22,125
2026-03-12T19:50:43.831246,0,3,1,0,9,-1.0,195.0,0.0,0.0,0.0,6.4,-22,125
2026-03-12T19:50:43.963586,0,3,1,0,9,-1.0,194.5,0.0,0.0,0.0,6.4,-22,125
2026-03-12T19:50:44.087249,0,3,1,0,9,-1.0,194.5,0.0,0.0,0.0,6.4,-22,125
2026-03-12T19:50:44.213000,0,3,1,0,9,-1.0,194.75,0.0,0.0,0.0,6.4,-22,126
2026-03-12T19:50:44.338649,0,3,1,0,9,-1.0,195.0,0.0,0.0,0.0,6.4,-22,125
2026-03-12T19:50:44.463827,0,3,1,0,9,-1.0,195.0,0.0,0.0,0.0,6.4,-22,125
2026-03-12T19:50:44.582449,0,3,1,0,9,-1.0,194.5,0.0,0.0,0.0,6.4,-22,125
2026-03-12T19:50:44.715976,0,3,1,0,9,-1.0,194.5,0.0,0.0,0.0,6.4,-22,125
2026-03-12T19:50:44.841459,0,3,1,0,9,-1.0,194.5,0.0,0.0,0.0,6.6,-22,124
2026-03-12T19:50:44.964919,0,3,1,0,9,-1.0,194.5,0.0,0.0,0.0,6.4,-22,124
2026-03-12T19:50:45.089621,0,3,1,0,9,-1.0,194.75,0.0,0.0,0.0,6.4,-22,124
2026-03-12T19:50:45.208697,0,3,1,0,9,-1.0,194.75,0.0,0.0,0.0,6.4,-22,125
2026-03-12T19:50:45.342790,0,3,1,0,9,-1.0,194.25,0.0,0.0,0.0,6.6,-22,126
2026-03-12T19:50:45.465662,0,3,1,0,9,-1.0,194.75,0.0,0.0,0.0,6.4,-22,125
2026-03-12T19:50:45.590540,0,3,1,0,9,-1.0,194.75,0.0,0.0,0.0,6.4,-22,125
2026-03-12T19:50:45.716730,0,3,1,0,9,-1.0,194.5,0.0,0.0,0.0,6.6,-22,125
2026-03-12T19:50:45.842597,0,3,1,0,9,-1.0,194.5,0.0,0.0,0.0,6.4,-22,125
2026-03-12T19:50:45.967674,0,3,1,0,9,-1.0,194.5,0.0,0.0,0.0,6.4,-22,124
2026-03-12T19:50:46.093059,0,3,1,0,9,-1.0,194.75,0.0,0.0,0.0,6.4,-22,125
2026-03-12T19:50:46.217061,0,3,1,0,9,-1.0,194.5,0.0,0.0,0.0,6.4,-22,124
2026-03-12T19:50:46.343517,0,3,1,0,9,-1.0,194.75,0.0,0.0,0.0,6.4,-22,125
2026-03-12T19:50:46.468203,0,3,1,0,9,-1.0,194.75,0.0,0.0,0.0,6.4,-22,125
2026-03-12T19:50:46.593081,0,3,1,0,9,-1.0625,194.75,0.0,0.0,0.0,6.6,-22,125
2026-03-12T19:50:46.719752,0,3,1,0,9,-1.0625,194.5,0.0,0.0,0.0,6.4,-22,125
2026-03-12T19:50:46.844199,0,3,1,0,9,-1.0625,194.5,0.0,0.0,0.0,6.6,-22,126
2026-03-12T19:50:46.971512,0,3,1,0,9,-1.0625,195.0,0.0,0.0,0.0,6.4,-22,126
2026-03-12T19:50:47.095453,0,3,1,0,9,-1.0,195.0,0.0,0.0,0.0,6.4,-22,125
2026-03-12T19:50:47.214468,0,3,1,0,9,-0.9375,195.0,0.0,0.0,0.0,6.4,-22,125
2026-03-12T19:50:47.346143,0,3,1,0,9,-0.9375,194.75,0.0,0.0,0.0,6.4,-22,125
2026-03-12T19:50:47.472707,0,3,1,0,9,-1.0,194.5,0.0,0.0,0.0,6.4,-23,125
2026-03-12T19:50:47.597884,0,3,1,0,9,-1.0,194.5,0.0,0.0,0.0,6.6,-27,124
2026-03-12T19:50:47.716195,0,3,1,0,9,-1.0,194.5,0.0,0.0,0.0,6.4,-23,124
2026-03-12T19:50:47.849936,0,3,1,0,9,-1.0,194.75,0.0,0.0,0.0,6.4,-22,124
2026-03-12T19:50:47.973794,0,3,1,0,9,-1.0,194.5,0.0,0.0,0.0,6.4,-22,126
2026-03-12T19:50:48.098670,0,3,1,0,9,-1.0,194.5,0.0,0.0,0.0,6.4,-26,125
2026-03-12T19:50:48.224534,0,3,1,0,9,-1.0625,195.25,0.0,0.0,0.0,6.4,-22,125
2026-03-12T19:50:48.349266,0,3,1,0,9,-1.0,195.25,0.0,0.0,0.0,6.4,-22,125
2026-03-12T19:50:48.475710,0,3,1,0,9,-1.0625,195.25,0.0,0.0,0.0,6.4,-24,126
2026-03-12T19:50:48.598635,0,3,1,0,9,-1.0,195.25,0.0,0.0,0.0,6.4,-36,125
2026-03-12T19:50:48.724769,0,3,1,0,9,-1.0,195.5,0.0,0.0,0.0,6.4,-24,125
2026-03-12T19:50:48.850361,0,3,1,0,9,-1.0,195.0,0.0,0.0,0.0,6.4,-23,125
2026-03-12T19:50:48.975737,0,3,1,0,9,-1.0625,195.25,0.0,0.0,0.0,6.4,-26,125
2026-03-12T19:50:49.095338,0,3,1,0,9,-1.0,195.0,0.0,0.0,0.0,6.4,-22,125
2026-03-12T19:50:49.228139,0,3,1,0,9,-0.9375,194.75,0.0,0.0,0.0,6.4,-22,124
2026-03-12T19:50:49.351857,0,3,1,0,9,-1.0,194.75,0.0,0.0,0.0,6.4,-29,125
2026-03-12T19:50:49.477075,0,3,1,0,9,-1.0,195.25,0.0,0.0,0.0,6.4,-35,124
2026-03-12T19:50:49.602931,0,3,1,0,9,-1.0,195.25,0.0,0.0,0.0,6.4,-34,126
2026-03-12T19:50:49.727366,0,3,1,0,9,-0.9375,195.25,0.0,0.0,0.0,6.4,-34,125
2026-03-12T19:50:49.852901,0,3,1,0,9,-1.0,195.0,0.0,0.0,0.0,6.6,-31,125
2026-03-12T19:50:49.978134,0,3,1,0,9,-1.0,195.0,0.0,0.0,0.0,6.6,-30,125
2026-03-12T19:50:50.103590,0,3,1,0,9,-1.0625,194.75,0.0,0.0,0.0,6.4,-22,126
2026-03-12T19:50:50.228792,0,3,1,0,9,-1.0625,195.0,0.0,0.0,0.0,6.4,-22,125
2026-03-12T19:50:50.354103,0,3,1,0,9,-1.0,195.0,0.0,0.0,0.0,6.4,-22,124
2026-03-12T19:50:50.479213,0,3,1,0,9,-0.9375,195.0,0.0,0.0,0.0,6.4,-22,124
2026-03-12T19:50:50.604504,0,3,1,0,9,-1.0,194.75,0.0,0.0,0.0,6.4,-28,125
2026-03-12T19:50:50.729682,0,3,1,0,9,-1.0,194.75,0.0,0.0,0.0,6.4,-37,124
2026-03-12T19:50:50.854963,0,3,1,0,9,-1.0625,194.75,0.0,0.0,0.0,6.4,-22,124
2026-03-12T19:50:50.980342,0,3,1,0,9,-1.125,194.75,0.0,0.0,0.0,6.6,-22,124
2026-03-12T19:50:51.105050,0,3,1,0,9,-1.0625,194.75,0.0,0.0,0.0,6.4,-22,125
2026-03-12T19:50:51.224844,0,3,1,0,9,-0.9375,195.0,0.0,0.0,0.0,6.4,-22,126
2026-03-12T19:50:51.349919,0,3,1,0,9,-1.0,195.0,0.0,0.0,0.0,6.4,-29,125
2026-03-12T19:50:51.482292,0,3,1,0,9,-0.9375,195.0,0.0,0.0,0.0,6.4,-30,125
2026-03-12T19:50:51.606083,0,3,1,0,9,-1.0,195.0,0.0,0.0,0.0,6.4,-30,125
2026-03-12T19:50:51.732800,0,3,1,0,9,-1.0625,195.0,0.0,0.0,0.0,6.4,-31,126
2026-03-12T19:50:51.857414,0,3,1,0,9,-1.0,195.0,0.0,0.0,0.0,6.4,-23,124
2026-03-12T19:50:51.983095,0,3,1,0,9,-1.125,195.0,0.0,0.0,0.0,6.4,-22,124
2026-03-12T19:50:52.107600,0,3,1,0,9,-0.9375,195.0,0.0,0.0,0.0,6.4,-22,124
2026-03-12T19:50:52.233083,0,3,1,0,9,-0.9375,195.0,0.0,0.0,0.0,6.4,-26,125
2026-03-12T19:50:52.358604,0,3,1,0,9,-0.9375,194.5,0.0,0.0,0.0,6.4,-22,125
2026-03-12T19:50:52.483438,0,3,1,0,9,-1.0,195.0,0.0,0.0,0.0,6.6,-22,125
2026-03-12T19:50:52.608638,0,3,1,0,9,-1.0,194.75,0.0,0.0,0.0,6.4,-22,125
2026-03-12T19:50:52.734779,0,3,1,0,9,-1.0,194.75,0.0,0.0,0.0,6.6,-22,126
2026-03-12T19:50:52.853503,0,3,1,0,9,-1.0,194.75,0.0,0.0,0.0,6.4,-22,125
2026-03-12T19:50:52.985402,0,3,1,0,9,-0.9375,194.75,0.0,0.0,0.0,6.4,-22,125
2026-03-12T19:50:53.109226,0,3,1,0,9,-0.9375,194.75,0.0,0.0,0.0,6.6,-22,125
2026-03-12T19:50:53.228954,0,3,1,0,9,-1.0,194.75,0.0,0.0,0.0,6.4,-22,125
2026-03-12T19:50:53.783598,0,3,1,0,9,-1.0,194.75,0.0,0.0,0.0,6.4,-22,125
2026-03-12T19:50:53.792332,0,3,1,0,9,-1.0,194.75,0.0,0.0,0.0,6.4,-22,124
2026-03-12T19:50:53.802655,0,3,1,0,9,-1.0,195.0,0.0,0.0,0.0,6.4,-22,124
2026-03-12T19:50:53.811733,0,3,1,0,9,-1.0625,195.0,0.0,0.0,0.0,6.4,-22,124
2026-03-12T19:50:53.863584,0,3,1,0,9,-1.0625,195.0,0.0,0.0,0.0,6.4,-22,126
2026-03-12T19:50:53.987855,0,3,1,0,9,-1.0,194.75,0.0,0.0,0.0,6.4,-22,125
2026-03-12T19:50:54.112053,0,3,1,0,9,-1.0,194.75,0.0,0.0,0.0,6.4,-22,125
2026-03-12T19:50:54.231022,0,3,1,0,9,-1.0,194.75,0.0,0.0,0.0,6.4,-22,125
2026-03-12T19:50:54.366905,0,3,1,0,9,-1.0,195.0,0.0,0.0,0.0,6.4,-22,126
2026-03-12T19:50:54.939339,0,3,1,0,9,-1.0,195.0,0.0,0.0,0.0,6.4,-22,125
2026-03-12T19:50:54.948397,0,3,1,0,9,-1.0,195.0,0.0,0.0,0.0,6.4,-22,124
2026-03-12T19:50:54.957596,0,3,1,0,9,-1.0,195.0,0.0,0.0,0.0,6.4,-22,124
2026-03-12T19:50:54.966373,0,3,1,0,9,-1.0,195.0,0.0,0.0,0.0,6.4,-22,125
2026-03-12T19:50:54.990994,0,3,1,0,9,-1.0,194.75,0.0,0.0,0.0,6.4,-22,124
2026-03-12T19:50:55.115851,0,3,1,0,9,-1.0,194.75,0.0,0.0,0.0,6.4,-22,125
2026-03-12T19:50:55.239693,0,3,1,0,9,-1.0,195.0,0.0,0.0,0.0,6.4,-22,125
2026-03-12T19:50:55.364631,0,3,1,0,9,-1.0,194.25,0.0,0.0,0.0,6.4,-22,125
2026-03-12T19:50:55.490603,0,3,1,0,9,-1.0,194.25,0.0,0.0,0.0,6.4,-22,126
2026-03-12T19:50:55.615104,0,3,1,0,9,-1.0,195.0,0.0,0.0,0.0,6.4,-22,125
2026-03-12T19:50:55.740360,0,3,1,0,9,-1.0,195.0,0.0,0.0,0.0,6.4,-22,125
2026-03-12T19:50:55.866280,0,3,1,0,9,-1.0,195.0,0.0,0.0,0.0,6.4,-22,125
2026-03-12T19:50:55.992049,0,3,1,0,9,-1.0,194.75,0.0,0.0,0.0,6.6,-22,126
2026-03-12T19:50:56.116629,0,3,1,0,9,-1.0,194.75,0.0,0.0,0.0,6.4,-22,124
2026-03-12T19:50:56.243111,0,3,1,0,9,-1.0,194.5,0.0,0.0,0.0,6.4,-22,124
2026-03-12T19:50:56.367071,0,3,1,0,9,-1.0,194.75,0.0,0.0,0.0,6.4,-22,124
2026-03-12T19:50:56.494720,0,3,1,0,9,-1.0,195.0,0.0,0.0,0.0,6.4,-22,126
2026-03-12T19:50:56.618844,0,3,1,0,9,-1.0,195.0,0.0,0.0,0.0,6.4,-22,124
2026-03-12T19:50:56.743432,0,3,1,0,9,-1.0,194.75,0.0,0.0,0.0,6.4,-22,125
2026-03-12T19:50:56.867922,0,3,1,0,9,-1.0,194.75,0.0,0.0,0.0,6.4,-22,125
2026-03-12T19:50:56.988136,0,3,1,0,9,-1.0,194.75,0.0,0.0,0.0,6.6,-22,126
2026-03-12T19:50:57.113025,0,3,1,0,9,-1.0,194.75,0.0,0.0,0.0,6.4,-22,125
2026-03-12T19:50:57.245117,0,3,1,0,9,-1.0,195.0,0.0,0.0,0.0,6.4,-22,125
2026-03-12T19:50:57.369493,0,3,1,0,9,-1.0,195.25,0.0,0.0,0.0,6.4,-22,125
2026-03-12T19:50:57.494899,0,3,1,0,9,-1.0,194.75,0.0,0.0,0.0,6.4,-22,125
2026-03-12T19:50:57.620990,0,3,1,0,9,-1.0,195.0,0.0,0.0,0.0,6.4,-22,125
2026-03-12T19:50:57.739684,0,3,1,0,9,-1.0,195.0,0.0,0.0,0.0,6.6,-22,124
2026-03-12T19:50:57.872990,0,3,1,0,9,-1.0,195.0,0.0,0.0,0.0,6.4,-22,124
2026-03-12T19:50:57.998450,0,3,1,0,9,-1.0,195.0,0.0,0.0,0.0,6.4,-22,124
2026-03-12T19:50:58.122667,0,3,1,0,9,-1.0,195.0,0.0,0.0,0.0,6.4,-22,126
2026-03-12T19:50:58.246943,0,3,1,0,9,-1.0,195.0,0.0,0.0,0.0,6.4,-22,125
2026-03-12T19:50:58.372341,0,3,1,0,9,-1.0,195.0,0.0,0.0,0.0,6.4,-22,125
2026-03-12T19:50:58.501699,0,3,1,0,9,-1.0,194.75,0.0,0.0,0.0,6.4,-22,125
2026-03-12T19:50:58.623788,0,3,1,0,9,-1.0,195.0,0.0,0.0,0.0,6.4,-22,126
2026-03-12T19:50:58.748934,0,3,1,0,9,-1.0,194.5,0.0,0.0,0.0,6.4,-22,125
2026-03-12T19:50:58.873675,0,3,1,0,9,-1.0,194.5,0.0,0.0,0.0,6.4,-22,125
2026-03-12T19:50:58.998483,0,3,1,0,9,-1.0,194.75,0.0,0.0,0.0,6.4,-22,125
2026-03-12T19:50:59.122898,0,3,1,0,9,-1.0,194.75,0.0,0.0,0.0,6.4,-22,124
2026-03-12T19:50:59.249080,0,3,1,0,9,-1.0,194.5,0.0,0.0,0.0,6.4,-22,125
2026-03-12T19:50:59.367862,0,3,1,0,9,-1.0,194.5,0.0,0.0,0.0,6.4,-22,125
2026-03-12T19:50:59.492793,0,3,1,0,9,-1.0,194.5,0.0,0.0,0.0,6.4,-22,124
2026-03-12T19:50:59.625970,0,3,1,0,9,-1.0,194.75,0.0,0.0,0.0,6.4,-22,124
2026-03-12T19:50:59.750651,0,3,1,0,9,-1.0,195.0,0.0,0.0,0.0,6.4,-22,125
2026-03-12T19:50:59.874965,0,3,1,0,9,-1.0,194.75,0.0,0.0,0.0,6.4,-22,125
2026-03-12T19:51:00.000056,0,3,1,0,9,-1.0,194.75,0.0,0.0,0.0,6.4,-22,124
2026-03-12T19:51:00.125705,0,3,1,0,9,-1.0,194.75,0.0,0.0,0.0,6.6,-22,125
2026-03-12T19:51:00.251430,0,3,1,0,9,-1.0,194.5,0.0,0.0,0.0,6.4,-22,126
2026-03-12T19:51:00.377359,0,3,1,0,9,-1.0,194.5,0.0,0.0,0.0,6.6,-22,125
2026-03-12T19:51:00.501805,0,3,1,0,9,-1.0,194.75,0.0,0.0,0.0,6.4,-22,125
2026-03-12T19:51:00.626603,0,3,1,0,9,-1.0,194.75,0.0,0.0,0.0,6.4,-24,125
2026-03-12T19:51:00.746233,0,3,1,0,9,-1.0,194.75,0.0,0.0,0.0,6.4,-24,126
2026-03-12T19:51:00.879787,0,3,1,0,9,-1.0,194.75,0.0,0.0,0.0,6.6,-25,125
2026-03-12T19:51:01.003652,0,3,1,0,9,-1.0,194.75,0.0,0.0,0.0,6.4,-24,125
2026-03-12T19:51:01.127966,0,3,1,0,9,-1.0,194.75,0.0,0.0,0.0,6.4,-22,124
2026-03-12T19:51:01.252780,0,3,1,0,9,-1.0,194.75,0.0,0.0,0.0,6.4,-22,124
2026-03-12T19:51:01.379096,0,3,1,0,9,-1.0,194.5,0.0,0.0,0.0,6.4,-22,125
2026-03-12T19:51:01.502859,0,3,1,0,9,-1.0,194.5,0.0,0.0,0.0,6.4,-22,124
2026-03-12T19:51:01.628154,0,3,1,0,9,-1.0,194.75,0.0,0.0,0.0,6.4,-22,125
2026-03-12T19:51:01.753977,0,3,1,0,9,-1.0,194.75,0.0,0.0,0.0,6.4,-22,125
2026-03-12T19:51:01.879123,0,3,1,0,9,-1.0,194.75,0.0,0.0,0.0,6.4,-22,126
2026-03-12T19:51:02.004023,0,3,1,0,9,-1.0,194.75,0.0,0.0,0.0,6.4,-22,125
2026-03-12T19:51:02.129542,0,3,1,0,9,-1.0,194.75,0.0,0.0,0.0,6.4,-22,125
2026-03-12T19:51:02.254562,0,3,1,0,9,-1.0,195.0,0.0,0.0,0.0,6.6,-22,125
2026-03-12T19:51:02.380994,0,3,1,0,9,-1.0,194.5,0.0,0.0,0.0,6.6,-22,126
2026-03-12T19:51:02.505986,0,3,1,0,9,-1.0,194.75,0.0,0.0,0.0,6.4,-22,125
2026-03-12T19:51:02.630599,0,3,1,0,9,-1.0,194.5,0.0,0.0,0.0,6.4,-22,124
2026-03-12T19:51:02.755338,0,3,1,0,9,-1.0,194.5,0.0,0.0,0.0,6.4,-22,124
2026-03-12T19:51:02.881420,0,3,1,0,9,-1.0,194.5,0.0,0.0,0.0,6.4,-22,125
2026-03-12T19:51:03.007951,0,3,1,0,9,-1.0,194.5,0.0,0.0,0.0,6.4,-22,124
2026-03-12T19:51:03.567841,0,3,1,0,9,-1.0,194.5,0.0,0.0,0.0,6.4,-22,124
2026-03-12T19:51:03.577236,0,3,1,0,9,-1.0,194.5,0.0,0.0,0.0,6.4,-22,124
2026-03-12T19:51:03.587043,0,3,1,0,9,-1.0,194.75,0.0,0.0,0.0,6.4,-22,126
2026-03-12T19:51:03.596040,0,3,1,0,9,-1.0,194.75,0.0,0.0,0.0,6.4,-22,125
2026-03-12T19:51:03.633394,0,3,1,0,9,-1.0,194.5,0.0,0.0,0.0,6.4,-22,125
2026-03-12T19:51:03.758933,0,3,1,0,9,-1.0,194.5,0.0,0.0,0.0,6.4,-22,125
2026-03-12T19:51:03.887280,0,3,1,0,9,-1.0,194.75,0.0,0.0,0.0,6.4,-22,125
2026-03-12T19:51:04.011915,0,3,1,0,9,-1.0,194.75,0.0,0.0,0.0,6.4,-22,126
2026-03-12T19:51:04.134894,0,3,1,0,9,-1.0,195.0,0.0,0.0,0.0,6.4,-22,125
2026-03-12T19:51:04.253216,0,3,1,0,9,-1.0,195.0,0.0,0.0,0.0,6.4,-22,125
2026-03-12T19:51:04.384052,0,3,1,0,9,-1.0,195.0,0.0,0.0,0.0,6.4,-23,125
2026-03-12T19:51:04.509700,0,3,1,0,9,-1.0,194.5,0.0,0.0,0.0,6.4,-25,125
2026-03-12T19:51:04.635825,0,3,1,0,9,-1.0,195.0,0.0,0.0,0.0,6.4,-25,124
2026-03-12T19:51:04.760955,0,3,1,0,9,-1.0,195.25,0.0,0.0,0.0,6.4,-24,124
2026-03-12T19:51:04.879648,0,3,1,0,9,-1.0,194.5,0.0,0.0,0.0,6.4,-24,124
2026-03-12T19:51:05.011847,0,3,1,0,9,-1.0,194.5,0.0,0.0,0.0,6.4,-22,125
2026-03-12T19:51:05.137086,0,3,1,0,9,-1.0,195.0,0.0,0.0,0.0,6.4,-22,124
2026-03-12T19:51:05.262402,0,3,1,0,9,-1.0,195.0,0.0,0.0,0.0,6.4,-22,124
2026-03-12T19:51:05.386364,0,3,1,0,9,-1.0,194.5,0.0,0.0,0.0,6.4,-22,125
2026-03-12T19:51:05.513159,0,3,1,0,9,-1.0,194.5,0.0,0.0,0.0,6.4,-22,126
2026-03-12T19:51:05.638149,0,3,1,0,9,-1.0,194.5,0.0,0.0,0.0,6.4,-22,125
2026-03-12T19:51:05.762705,0,3,1,0,9,-1.0,194.75,0.0,0.0,0.0,6.4,-22,125
2026-03-12T19:51:05.888113,0,3,1,0,9,-1.0,194.75,0.0,0.0,0.0,6.4,-27,125
2026-03-12T19:51:06.013227,0,3,1,0,9,-1.0,194.75,0.0,0.0,0.0,6.4,-27,125
2026-03-12T19:51:06.140308,0,3,1,0,9,-1.0,194.5,0.0,0.0,0.0,6.4,-22,126
2026-03-12T19:51:06.263718,0,3,1,0,9,-1.0,194.5,0.0,0.0,0.0,6.4,-22,125
2026-03-12T19:51:06.389521,0,3,1,0,9,-1.0,194.5,0.0,0.0,0.0,6.4,-22,125
2026-03-12T19:51:06.508177,0,3,1,0,9,-1.0,194.5,0.0,0.0,0.0,6.4,-22,124
2026-03-12T19:51:06.641536,0,3,1,0,9,-1.0,194.5,0.0,0.0,0.0,6.4,-22,125
2026-03-12T19:51:06.768291,0,3,1,0,9,-1.0,194.5,0.0,0.0,0.0,6.4,-23,124
2026-03-12T19:51:06.892871,0,3,1,0,9,-1.0,194.5,0.0,0.0,0.0,6.4,-23,124
2026-03-12T19:51:07.009059,0,3,1,0,9,-1.0,194.5,0.0,0.0,0.0,6.4,-24,125
2026-03-12T19:51:07.142618,0,3,1,0,9,-1.0,194.5,0.0,0.0,0.0,6.4,-26,126
2026-03-12T19:51:07.266903,0,3,1,0,9,-1.0,194.5,0.0,0.0,0.0,6.4,-28,125
2026-03-12T19:51:07.385403,0,3,1,0,9,-1.0,194.75,0.0,0.0,0.0,6.4,-29,125
2026-03-12T19:51:07.518804,0,3,1,0,9,-1.0,194.25,0.0,0.0,0.0,6.4,-30,125
2026-03-12T19:51:07.643070,0,3,1,0,9,-1.0,194.5,0.0,0.0,0.0,6.4,-30,125
2026-03-12T19:51:07.767426,0,3,1,0,9,-1.0,194.5,0.0,0.0,0.0,6.4,-28,126
2026-03-12T19:51:07.893357,0,3,1,0,9,-1.0,194.75,0.0,0.0,0.0,6.4,-28,125
2026-03-12T19:51:08.017802,0,3,1,0,9,-1.0,194.75,0.0,0.0,0.0,6.4,-28,124
2026-03-12T19:51:08.144307,0,3,1,0,9,-1.0,194.75,0.0,0.0,0.0,6.4,-27,124
2026-03-12T19:51:08.269217,0,3,1,0,9,-1.0,195.0,0.0,0.0,0.0,6.4,-26,125
2026-03-12T19:51:08.394750,0,3,1,0,9,-1.0,194.75,0.0,0.0,0.0,6.4,-27,124
2026-03-12T19:51:08.520088,0,3,1,0,9,-1.0,194.5,0.0,0.0,0.0,6.6,-28,124
2026-03-12T19:51:08.644758,0,3,1,0,9,-1.0,194.5,0.0,0.0,0.0,6.4,-28,124
2026-03-12T19:51:08.769552,0,3,1,0,9,-1.0,194.5,0.0,0.0,0.0,6.4,-30,126
2026-03-12T19:51:08.895254,0,3,1,0,9,-1.0,194.5,0.0,0.0,0.0,6.4,-31,125
2026-03-12T19:51:09.019767,0,3,1,0,9,-1.0,194.5,0.0,0.0,0.0,6.4,-32,125
2026-03-12T19:51:09.146115,0,3,1,0,9,-1.0,194.5,0.0,0.0,0.0,6.4,-31,125
2026-03-12T19:51:09.271043,0,3,1,0,9,-1.0,194.5,0.0,0.0,0.0,6.4,-31,126
2026-03-12T19:51:09.396274,0,3,1,0,9,-1.0,194.5,0.0,0.0,0.0,6.4,-31,125
2026-03-12T19:51:09.521385,0,3,1,0,9,-1.0,195.0,0.0,0.0,0.0,6.4,-32,125
2026-03-12T19:51:09.646754,0,3,1,0,9,-1.0,194.75,0.0,0.0,0.0,6.4,-33,125
2026-03-12T19:51:09.771937,0,3,1,0,9,-1.0,194.5,0.0,0.0,0.0,6.4,-35,124
2026-03-12T19:51:09.897384,0,3,1,0,9,-1.0,195.0,0.0,0.0,0.0,6.4,-36,125
2026-03-12T19:51:10.021823,0,3,1,0,9,-1.0,194.75,0.0,0.0,0.0,6.4,-36,124
2026-03-12T19:51:10.141095,0,3,1,0,9,-1.0,194.5,0.0,0.0,0.0,6.4,-37,124
2026-03-12T19:51:10.723152,0,3,1,0,9,-1.0,194.5,0.0,0.0,0.0,6.4,-36,125
2026-03-12T19:51:10.732527,0,3,1,0,9,-1.0,195.0,0.0,0.0,0.0,6.4,-33,126
2026-03-12T19:51:10.742129,0,3,1,0,9,-1.0,195.0,0.0,0.0,0.0,6.4,-33,125
2026-03-12T19:51:10.752338,0,3,1,0,9,-1.0,195.0,0.0,0.0,0.0,6.4,-33,125
2026-03-12T19:51:10.767138,0,3,1,0,9,-1.0,194.75,0.0,0.0,0.0,6.4,-33,125
2026-03-12T19:51:10.893102,0,3,1,0,9,-1.0,194.75,0.0,0.0,0.0,6.4,-34,126
2026-03-12T19:51:11.024737,0,3,1,0,9,-1.0,194.5,0.0,0.0,0.0,6.4,-34,125
2026-03-12T19:51:11.143518,0,3,1,0,9,-1.0,194.75,0.0,0.0,0.0,6.4,-32,125
2026-03-12T19:51:11.268389,0,3,1,0,9,-1.0,194.5,0.0,0.0,0.0,6.4,-32,125
2026-03-12T19:51:11.401457,0,3,1,0,9,-1.0,194.5,0.0,0.0,0.0,6.4,-32,125
2026-03-12T19:51:11.525206,0,3,1,0,9,-1.0,194.5,0.0,0.0,0.0,6.4,-32,124
2026-03-12T19:51:11.649848,0,3,1,0,9,-1.0,194.75,0.0,0.0,0.0,6.4,-32,124
2026-03-12T19:51:11.775532,0,3,1,0,9,-1.0,194.75,0.0,0.0,0.0,6.4,-31,124
2026-03-12T19:51:11.900512,0,3,1,0,9,-1.0,194.75,0.0,0.0,0.0,6.6,-30,124
2026-03-12T19:51:12.027284,0,3,1,0,9,-1.0,194.5,0.0,0.0,0.0,6.4,-28,126
2026-03-12T19:51:12.151769,0,3,1,0,9,-1.0,194.75,0.0,0.0,0.0,6.4,-24,125
2026-03-12T19:51:12.276854,0,3,1,0,9,-1.0,194.5,0.0,0.0,0.0,6.4,-25,125
2026-03-12T19:51:12.402193,0,3,1,0,9,-1.0,194.5,0.0,0.0,0.0,6.4,-28,125
2026-03-12T19:51:12.527724,0,3,1,0,9,-1.0,194.75,0.0,0.0,0.0,6.4,-34,126
2026-03-12T19:51:12.652166,0,3,1,0,9,-1.0,194.75,0.0,0.0,0.0,6.4,-30,125
2026-03-12T19:51:12.771703,0,3,1,0,9,-1.0,194.25,0.0,0.0,0.0,6.4,-28,125
2026-03-12T19:51:12.903862,0,3,1,0,9,-1.0,194.25,0.0,0.0,0.0,6.4,-31,125
2026-03-12T19:51:13.029154,0,3,1,0,9,-1.0,194.25,0.0,0.0,0.0,6.4,-40,126
2026-03-12T19:51:13.154451,0,3,1,0,9,-1.0,194.75,0.0,0.0,0.0,6.4,-40,124
2026-03-12T19:51:13.278727,0,3,1,0,9,-1.0,194.75,0.0,0.0,0.0,6.4,-34,124
2026-03-12T19:51:13.397709,0,3,1,0,9,-1.0,194.75,0.0,0.0,0.0,6.4,-30,124
2026-03-12T19:51:13.528992,0,3,1,0,9,-1.0,194.75,0.0,0.0,0.0,6.4,-27,124
2026-03-12T19:51:13.654663,0,3,1,0,9,-1.0,194.5,0.0,0.0,0.0,6.4,-30,126
2026-03-12T19:51:13.780267,0,3,1,0,9,-1.0,194.5,0.0,0.0,0.0,6.4,-38,125
2026-03-12T19:51:13.905389,0,3,1,0,9,-1.0,194.75,0.0,0.0,0.0,6.4,-30,125
2026-03-12T19:51:14.033013,0,3,1,0,9,-1.0,194.5,0.0,0.0,0.0,6.4,-29,125
2026-03-12T19:51:14.157670,0,3,1,0,9,-1.0,194.5,0.0,0.0,0.0,6.4,-26,126
2026-03-12T19:51:14.282787,0,3,1,0,9,-1.0,194.5,0.0,0.0,0.0,6.4,-23,125
2026-03-12T19:51:14.406158,0,3,1,0,9,-1.0,194.5,0.0,0.0,0.0,6.4,-22,125
2026-03-12T19:51:14.530445,0,3,1,0,9,-1.0,194.5,0.0,0.0,0.0,6.4,-22,125
2026-03-12T19:51:14.658009,0,3,1,0,9,-1.0,195.0,0.0,0.0,0.0,6.4,-22,126
2026-03-12T19:51:14.783249,0,3,1,0,9,-1.0,194.75,0.0,0.0,0.0,6.4,-22,124
2026-03-12T19:51:14.901214,0,3,1,0,9,-1.0,194.75,0.0,0.0,0.0,6.4,-22,124
2026-03-12T19:51:15.032403,0,3,1,0,9,-1.0,194.75,0.0,0.0,0.0,6.4,-24,124
2026-03-12T19:51:15.157671,0,3,1,0,9,-1.0,194.75,0.0,0.0,0.0,6.4,-26,124
2026-03-12T19:51:15.283532,0,3,1,0,9,-1.0,194.75,0.0,0.0,0.0,6.4,-29,125
2026-03-12T19:51:15.409460,0,3,1,0,9,-1.0,194.75,0.0,0.0,0.0,6.4,-31,125
2026-03-12T19:51:15.533680,0,3,1,0,9,-1.0,194.75,0.0,0.0,0.0,6.4,-33,125
2026-03-12T19:51:15.652527,0,3,1,0,9,-1.0,194.75,0.0,0.0,0.0,6.4,-35,125
2026-03-12T19:51:15.786066,0,3,1,0,9,-1.0,194.5,0.0,0.0,0.0,6.4,-33,126
2026-03-12T19:51:15.910940,0,3,1,0,9,-1.0,194.75,0.0,0.0,0.0,6.4,-30,125
2026-03-12T19:51:16.035148,0,3,1,0,9,-1.0,194.75,0.0,0.0,0.0,6.4,-29,125
2026-03-12T19:51:16.161748,0,3,1,0,9,-1.0,194.75,0.0,0.0,0.0,6.4,-28,125
2026-03-12T19:51:16.286988,0,3,1,0,9,-1.0,194.75,0.0,0.0,0.0,6.4,-29,126
2026-03-12T19:51:16.410951,0,3,1,0,9,-1.0,194.75,0.0,0.0,0.0,6.4,-30,125
2026-03-12T19:51:16.535461,0,3,1,0,9,-1.0,194.75,0.0,0.0,0.0,6.4,-30,124
2026-03-12T19:51:16.662841,0,3,1,0,9,-1.0,194.75,0.0,0.0,0.0,6.4,-31,124
2026-03-12T19:51:16.787681,0,3,1,0,9,-1.0,194.75,0.0,0.0,0.0,6.4,-32,125
2026-03-12T19:51:16.912247,0,3,1,0,9,-1.0,194.75,0.0,0.0,0.0,6.4,-30,124
2026-03-12T19:51:17.030809,0,3,1,0,9,-1.0,194.75,0.0,0.0,0.0,6.4,-30,124
2026-03-12T19:51:17.162432,0,3,1,0,9,-1.0,194.5,0.0,0.0,0.0,6.4,-32,125
2026-03-12T19:51:17.288087,0,3,1,0,9,-1.0,194.75,0.0,0.0,0.0,6.4,-38,125
2026-03-12T19:51:17.414634,0,3,1,0,9,-1.0,194.5,0.0,0.0,0.0,6.4,-52,126
2026-03-12T19:51:17.538229,0,3,1,0,9,-1.0,194.5,0.0,0.0,0.0,6.4,-41,125
2026-03-12T19:51:17.664541,0,3,1,0,9,-1.0,194.75,0.0,0.0,0.0,6.4,-34,125
2026-03-12T19:51:17.791937,0,3,1,0,9,-1.0,194.75,0.0,0.0,0.0,6.4,-31,125
2026-03-12T19:51:17.916250,0,3,1,0,9,-1.0,194.75,0.0,0.0,0.0,6.4,-32,126
2026-03-12T19:51:18.041381,0,3,1,0,9,-1.0,194.5,0.0,0.0,0.0,6.4,-22,125
2026-03-12T19:51:18.166512,0,3,1,0,9,-1.0,195.0,0.0,0.0,0.0,6.4,-22,124
2026-03-12T19:51:18.290996,0,3,1,0,9,-1.0,194.5,0.0,0.0,0.0,6.4,-22,124
2026-03-12T19:51:18.415607,0,3,1,0,9,-1.0,194.75,0.0,0.0,0.0,6.4,-22,125
2026-03-12T19:51:18.541220,0,3,1,0,9,-1.0,194.5,0.0,0.0,0.0,6.4,-22,124
2026-03-12T19:51:18.665179,0,3,1,0,9,-1.0,195.0,0.0,0.0,0.0,6.4,-22,124
2026-03-12T19:51:18.792002,0,3,1,0,9,-1.0,194.75,0.0,0.0,0.0,6.4,-22,125
2026-03-12T19:51:18.917604,0,3,1,0,9,-1.0,194.75,0.0,0.0,0.0,6.4,-22,126
2026-03-12T19:51:19.042316,0,3,1,0,9,-1.0,194.75,0.0,0.0,0.0,6.4,-22,125
2026-03-12T19:51:19.166677,0,3,1,0,9,-1.0,194.75,0.0,0.0,0.0,6.4,-22,125
2026-03-12T19:51:19.293041,0,3,1,0,9,-1.0,194.5,0.0,0.0,0.0,6.4,-22,125
2026-03-12T19:51:19.417724,0,3,1,0,9,-1.0,194.5,0.0,0.0,0.0,6.4,-22,126
2026-03-12T19:51:19.543285,0,3,1,0,9,-1.0,194.75,0.0,0.0,0.0,6.4,-22,126
2026-03-12T19:51:19.668419,0,3,1,0,9,-1.0,194.5,0.0,0.0,0.0,6.4,-22,125
2026-03-12T19:51:19.793835,0,3,1,0,9,-1.0,194.5,0.0,0.0,0.0,6.4,-22,124
2026-03-12T19:51:19.918870,0,3,1,0,9,-1.0,194.5,0.0,0.0,0.0,6.4,-22,124
2026-03-12T19:51:20.044453,0,3,1,0,9,-1.0,194.5,0.0,0.0,0.0,6.4,-22,125
2026-03-12T19:51:20.163605,0,3,1,0,9,-1.0,194.5,0.0,0.0,0.0,6.4,-22,124
2026-03-12T19:51:20.294948,0,3,1,0,9,-1.0,194.5,0.0,0.0,0.0,6.4,-22,124
2026-03-12T19:51:20.419846,0,3,1,0,9,-1.0,194.5,0.0,0.0,0.0,6.4,-22,124
2026-03-12T19:51:20.546318,0,3,1,0,9,-1.0,194.25,0.0,0.0,0.0,6.4,-22,126
2026-03-12T19:51:20.665264,0,3,1,0,9,-1.0,194.5,0.0,0.0,0.0,6.4,-25,125
2026-03-12T19:51:20.795815,0,3,1,0,9,-1.0,194.75,0.0,0.0,0.0,6.4,-28,125
2026-03-12T19:51:20.922793,0,3,1,0,9,-1.0,194.75,0.0,0.0,0.0,6.4,-25,125
2026-03-12T19:51:21.040006,0,3,1,0,9,-1.0,194.5,0.0,0.0,0.0,6.4,-25,125
2026-03-12T19:51:21.173965,0,3,1,0,9,-1.0,194.75,0.0,0.0,0.0,6.4,-27,126
2026-03-12T19:51:21.299714,0,3,1,0,9,-1.0,194.75,0.0,0.0,0.0,6.4,-26,125
2026-03-12T19:51:21.424554,0,3,1,0,9,-1.0,195.0,0.0,0.0,0.0,6.4,-26,124
2026-03-12T19:51:21.548991,0,3,1,0,9,-1.0,195.0,0.0,0.0,0.0,6.4,-24,124
2026-03-12T19:51:21.672909,0,3,1,0,9,-1.0,195.0,0.0,0.0,0.0,6.4,-22,125
2026-03-12T19:51:21.792330,0,3,1,0,9,-1.0,194.5,0.0,0.0,0.0,6.4,-22,124
2026-03-12T19:51:21.923581,0,3,1,0,9,-1.0,194.5,0.0,0.0,0.0,6.4,-22,124
2026-03-12T19:51:22.048899,0,3,1,0,9,-1.0,194.75,0.0,0.0,0.0,6.4,-22,125
2026-03-12T19:51:22.174703,0,3,1,0,9,-1.0,194.5,0.0,0.0,0.0,6.4,-22,126
2026-03-12T19:51:22.299283,0,3,1,0,9,-1.0,194.5,0.0,0.0,0.0,6.4,-22,125
2026-03-12T19:51:22.424481,0,3,1,0,9,-1.0,194.5,0.0,0.0,0.0,6.4,-25,125
2026-03-12T19:51:22.549394,0,3,1,0,9,-1.0,194.75,0.0,0.0,0.0,6.4,-25,125
2026-03-12T19:51:22.675428,0,3,1,0,9,-1.0,194.75,0.0,0.0,0.0,6.4,-26,126
2026-03-12T19:51:22.800419,0,3,1,0,9,-1.0,194.75,0.0,0.0,0.0,6.4,-26,124
2026-03-12T19:51:22.919484,0,3,1,0,9,-1.0,194.5,0.0,0.0,0.0,6.4,-25,125
2026-03-12T19:51:23.050591,0,3,1,0,9,-1.0,194.5,0.0,0.0,0.0,6.4,-24,124
2026-03-12T19:51:23.176097,0,3,1,0,9,-1.0,194.75,0.0,0.0,0.0,6.4,-25,124
2026-03-12T19:51:23.301667,0,3,1,0,9,-1.0,194.25,0.0,0.0,0.0,6.4,-26,125
2026-03-12T19:51:23.426214,0,3,1,0,9,-1.0,194.5,0.0,0.0,0.0,6.4,-26,125
2026-03-12T19:51:23.552011,0,3,1,0,9,-1.0,194.5,0.0,0.0,0.0,6.4,-28,125
2026-03-12T19:51:23.676665,0,3,1,0,9,-1.0,194.5,0.0,0.0,0.0,6.4,-31,125
2026-03-12T19:51:23.803914,0,3,1,0,9,-1.0,194.5,0.0,0.0,0.0,6.4,-32,126
2026-03-12T19:51:23.927489,0,3,1,0,9,-1.0,194.5,0.0,0.0,0.0,6.4,-34,125
2026-03-12T19:51:24.053104,0,3,1,0,9,-1.0,194.5,0.0,0.0,0.0,6.4,-36,125
2026-03-12T19:51:24.178469,0,3,1,0,9,-1.0,194.75,0.0,0.0,0.0,6.4,-40,125
2026-03-12T19:51:24.297337,0,3,1,0,9,-1.0,194.5,0.0,0.0,0.0,6.4,-40,125
2026-03-12T19:51:24.430047,0,3,1,0,9,-1.0,194.5,0.0,0.0,0.0,6.4,-37,125
2026-03-12T19:51:24.554052,0,3,1,0,9,-1.0,194.25,0.0,0.0,0.0,6.4,-31,124
2026-03-12T19:51:24.673984,0,3,1,0,9,-1.0,194.25,0.0,0.0,0.0,6.4,-30,124
2026-03-12T19:51:24.804413,0,3,1,0,9,-1.0,194.5,0.0,0.0,0.0,6.4,-28,124
2026-03-12T19:51:24.930874,0,3,1,0,9,-1.0,194.5,0.0,0.0,0.0,6.4,-28,125
2026-03-12T19:51:25.056086,0,3,1,0,9,-1.0,194.5,0.0,0.0,0.0,6.4,-30,125
2026-03-12T19:51:25.179848,0,3,1,0,9,-1.0,194.5,0.0,0.0,0.0,6.4,-30,125
2026-03-12T19:51:25.304933,0,3,1,0,9,-1.0,194.5,0.0,0.0,0.0,6.4,-27,125
2026-03-12T19:51:25.431502,0,3,1,0,9,-1.0,194.25,0.0,0.0,0.0,6.4,-24,126
2026-03-12T19:51:25.557379,0,3,1,0,9,-1.0,194.75,0.0,0.0,0.0,6.4,-24,125
2026-03-12T19:51:25.682158,0,3,1,0,9,-1.0,194.5,0.0,0.0,0.0,6.4,-28,125
2026-03-12T19:51:25.800376,0,3,1,0,9,-1.0,194.5,0.0,0.0,0.0,6.4,-34,125
2026-03-12T19:51:25.932902,0,3,1,0,9,-1.0,194.5,0.0,0.0,0.0,6.4,-27,126
2026-03-12T19:51:26.057821,0,3,1,0,9,-1.0,194.75,0.0,0.0,0.0,6.4,-22,124
2026-03-12T19:51:26.182893,0,3,1,0,9,-1.0,194.75,0.0,0.0,0.0,6.6,-22,124
2026-03-12T19:51:26.308078,0,3,1,0,9,-1.0,194.5,0.0,0.0,0.0,6.4,-25,124
2026-03-12T19:51:26.434417,0,3,1,0,9,-1.0,194.5,0.0,0.0,0.0,6.4,-25,124
2026-03-12T19:51:26.559357,0,3,1,0,9,-1.0,194.5,0.0,0.0,0.0,6.4,-22,125
2026-03-12T19:51:26.684810,0,3,1,0,9,-1.0,194.75,0.0,0.0,0.0,6.4,-22,125
2026-03-12T19:51:26.811199,0,3,1,0,9,-1.0,194.75,0.0,0.0,0.0,6.4,-22,125
2026-03-12T19:51:26.935760,0,3,1,0,9,-1.0,194.5,0.0,0.0,0.0,6.4,-22,125
2026-03-12T19:51:27.061771,0,3,1,0,9,-1.0,194.5,0.0,0.0,0.0,6.4,-22,126
2026-03-12T19:51:27.185799,0,3,1,0,9,-1.0,194.5,0.0,0.0,0.0,6.4,-22,125
2026-03-12T19:51:27.311612,0,3,1,0,9,-1.0,194.5,0.0,0.0,0.0,6.4,-22,125
2026-03-12T19:51:27.436323,0,3,1,0,9,-1.0,194.25,0.0,0.0,0.0,6.4,-22,125
2026-03-12T19:51:27.561423,0,3,1,0,9,-1.0,194.25,0.0,0.0,0.0,6.4,-22,126
2026-03-12T19:51:27.687281,0,3,1,0,9,-1.0,194.25,0.0,0.0,0.0,6.4,-22,125
2026-03-12T19:51:27.811562,0,3,1,0,9,-1.0,194.75,0.0,0.0,0.0,6.4,-22,125
2026-03-12T19:51:27.935967,0,3,1,0,9,-1.0,194.5,0.0,0.0,0.0,6.4,-22,124
2026-03-12T19:51:28.062376,0,3,1,0,9,-1.0,194.25,0.0,0.0,0.0,6.4,-22,125
2026-03-12T19:51:28.187787,0,3,1,0,9,-1.0,194.75,0.0,0.0,0.0,6.4,-22,124
2026-03-12T19:51:28.313128,0,3,1,0,9,-1.0,195.0,0.0,0.0,0.0,6.4,-22,124
2026-03-12T19:51:28.437592,0,3,1,0,9,-1.0,194.75,0.0,0.0,0.0,6.4,-22,124
2026-03-12T19:51:28.563804,0,3,1,0,9,-1.0,194.75,0.0,0.0,0.0,6.4,-22,124
2026-03-12T19:51:28.688709,0,3,1,0,9,-1.0,194.5,0.0,0.0,0.0,6.4,-22,126
2026-03-12T19:51:28.814558,0,3,1,0,9,-1.0,194.5,0.0,0.0,0.0,6.4,-22,125
2026-03-12T19:51:28.940078,0,3,1,0,9,-1.0,194.5,0.0,0.0,0.0,6.4,-22,125
2026-03-12T19:51:29.065132,0,3,1,0,9,-1.0,194.5,0.0,0.0,0.0,6.4,-22,125
2026-03-12T19:51:29.190094,0,3,1,0,9,-1.0,194.5,0.0,0.0,0.0,6.4,-22,126
2026-03-12T19:51:29.315378,0,3,1,0,9,-1.0,194.75,0.0,0.0,0.0,6.4,-22,125
2026-03-12T19:51:29.439926,0,3,1,0,9,-1.0,194.5,0.0,0.0,0.0,6.4,-22,125
2026-03-12T19:51:29.565921,0,3,1,0,9,-1.0,194.75,0.0,0.0,0.0,6.4,-22,124
2026-03-12T19:51:29.691139,0,3,1,0,9,-1.0,194.5,0.0,0.0,0.0,6.4,-22,125
2026-03-12T19:51:29.816209,0,3,1,0,9,-1.0,194.5,0.0,0.0,0.0,6.4,-22,124
2026-03-12T19:51:29.941328,0,3,1,0,9,-1.0,194.5,0.0,0.0,0.0,6.4,-22,125
2026-03-12T19:51:30.066427,0,3,1,0,9,-1.0,194.5,0.0,0.0,0.0,6.4,-22,125
2026-03-12T19:51:30.191735,0,3,1,0,9,-1.0,194.5,0.0,0.0,0.0,6.4,-22,125
2026-03-12T19:51:30.316601,0,3,1,0,9,-1.0,194.75,0.0,0.0,0.0,6.4,-22,126
2026-03-12T19:51:30.441574,0,3,1,0,9,-1.0,194.5,0.0,0.0,0.0,6.4,-22,125
2026-03-12T19:51:30.567085,0,3,1,0,9,-1.0,194.5,0.0,0.0,0.0,6.4,-22,125
2026-03-12T19:51:30.691603,0,3,1,0,9,-1.0,194.5,0.0,0.0,0.0,6.4,-22,125
2026-03-12T19:51:30.817600,0,3,1,0,9,-1.0,194.75,0.0,0.0,0.0,6.4,-22,126
2026-03-12T19:51:30.942963,0,3,1,0,9,-1.0,194.5,0.0,0.0,0.0,6.4,-22,124
2026-03-12T19:51:31.068940,0,3,1,0,9,-1.0,194.5,0.0,0.0,0.0,6.4,-22,124
2026-03-12T19:51:31.186466,0,3,1,0,9,-1.0,194.5,0.0,0.0,0.0,6.4,-22,124
2026-03-12T19:51:31.320155,0,3,1,0,9,-1.0,194.5,0.0,0.0,0.0,6.4,-22,125
2026-03-12T19:51:31.437982,0,3,1,0,9,-1.0,194.5,0.0,0.0,0.0,6.4,-22,125
2026-03-12T19:51:31.568920,0,3,1,0,9,-1.0,194.5,0.0,0.0,0.0,6.4,-22,125
2026-03-12T19:51:31.693636,0,3,1,0,9,-1.0,194.75,0.0,0.0,0.0,6.4,-22,125
2026-03-12T19:51:31.819099,0,3,1,0,9,-1.0,194.75,0.0,0.0,0.0,6.4,-22,125
2026-03-12T19:51:31.944695,0,3,1,0,9,-1.0,194.75,0.0,0.0,0.0,6.4,-22,126
2026-03-12T19:51:32.069546,0,3,1,0,9,-1.0,194.75,0.0,0.0,0.0,6.4,-22,125
2026-03-12T19:51:32.194626,0,3,1,0,9,-1.0,194.75,0.0,0.0,0.0,6.4,-22,124
2026-03-12T19:51:32.319936,0,3,1,0,9,-1.0,194.25,0.0,0.0,0.0,6.4,-22,124
2026-03-12T19:51:32.446987,0,3,1,0,9,-1.0,194.25,0.0,0.0,0.0,6.4,-22,125
2026-03-12T19:51:32.571096,0,3,1,0,9,-1.0,194.75,0.0,0.0,0.0,6.4,-22,124
2026-03-12T19:51:32.695490,0,3,1,0,9,-1.0,194.75,0.0,0.0,0.0,6.4,-22,124
2026-03-12T19:51:32.820960,0,3,1,0,9,-1.0,194.75,0.0,0.0,0.0,6.4,-22,125
2026-03-12T19:51:32.946836,0,3,1,0,9,-1.0,194.5,0.0,0.0,0.0,6.4,-22,126
2026-03-12T19:51:33.072004,0,3,1,0,9,-1.0,194.75,0.0,0.0,0.0,6.4,-22,125
2026-03-12T19:51:33.196968,0,3,1,0,9,-1.0,194.25,0.0,0.0,0.0,6.4,-22,125
2026-03-12T19:51:33.322325,0,3,1,0,9,-1.0,194.75,0.0,0.0,0.0,6.4,-22,125
2026-03-12T19:51:33.446944,0,3,1,0,9,-1.0,194.5,0.0,0.0,0.0,6.4,-22,125
2026-03-12T19:51:33.567281,0,3,1,0,9,-1.0,194.5,0.0,0.0,0.0,6.4,-22,126
2026-03-12T19:51:33.698097,0,3,1,0,9,-1.0,194.5,0.0,0.0,0.0,6.4,-22,124
2026-03-12T19:51:33.822637,0,3,1,0,9,-1.0,194.5,0.0,0.0,0.0,6.4,-22,124
2026-03-12T19:51:33.949153,0,3,1,0,9,-1.0,194.5,0.0,0.0,0.0,6.4,-22,124
2026-03-12T19:51:34.074207,0,3,1,0,9,-1.0,194.0,0.0,0.0,0.0,6.4,-22,125
2026-03-12T19:51:34.199810,0,3,1,0,9,-1.0,194.5,0.0,0.0,0.0,6.4,-22,125
2026-03-12T19:51:34.325679,0,3,1,0,9,-1.0,194.5,0.0,0.0,0.0,6.4,-22,125
2026-03-12T19:51:34.451658,0,3,1,0,9,-1.0,194.5,0.0,0.0,0.0,6.4,-22,125
2026-03-12T19:51:34.576753,0,3,1,0,9,-1.0,194.75,0.0,0.0,0.0,6.4,-22,126
2026-03-12T19:51:34.700135,0,3,1,0,9,-1.0,194.5,0.0,0.0,0.0,6.4,-22,125
2026-03-12T19:51:34.819786,0,3,1,0,9,-1.0,194.5,0.0,0.0,0.0,6.4,-22,125
2026-03-12T19:51:34.951015,0,3,1,0,9,-1.0,194.5,0.0,0.0,0.0,6.4,-22,125
2026-03-12T19:51:35.077387,0,3,1,0,9,-1.0,194.5,0.0,0.0,0.0,6.4,-22,125
2026-03-12T19:51:35.203544,0,3,1,0,9,-1.0,194.5,0.0,0.0,0.0,6.4,-22,124
2026-03-12T19:51:35.330042,0,3,1,0,9,-1.0,194.75,0.0,0.0,0.0,6.4,-22,124
2026-03-12T19:51:35.456175,0,3,1,0,9,-1.0,194.5,0.0,0.0,0.0,6.4,-22,125
2026-03-12T19:51:35.577573,0,3,1,0,9,-1.0,195.0,0.0,0.0,0.0,6.4,-22,125
2026-03-12T19:51:35.702766,0,3,1,0,9,-1.0,194.5,0.0,0.0,0.0,6.4,-22,126
2026-03-12T19:51:35.828131,0,3,1,0,9,-1.0,194.25,0.0,0.0,0.0,6.4,-22,125
2026-03-12T19:51:35.956502,0,3,1,0,9,-1.0,194.5,0.0,0.0,0.0,6.4,-22,125
2026-03-12T19:51:36.078377,0,3,1,0,9,-1.0,194.5,0.0,0.0,0.0,6.4,-22,125
2026-03-12T19:51:36.204452,0,3,1,0,9,-1.0,194.25,0.0,0.0,0.0,6.4,-22,126
2026-03-12T19:51:36.323486,0,3,1,0,9,-1.0,194.25,0.0,0.0,0.0,6.4,-22,125
2026-03-12T19:51:36.453986,0,3,1,0,9,-1.0,194.25,0.0,0.0,0.0,6.4,-22,125
2026-03-12T19:51:36.582659,0,3,1,0,9,-1.0,194.25,0.0,0.0,0.0,6.4,-22,125
2026-03-12T19:51:36.706844,0,3,1,0,9,-1.0,194.25,0.0,0.0,0.0,6.4,-22,126
2026-03-12T19:51:36.831780,0,3,1,0,9,-1.0,194.75,0.0,0.0,0.0,6.4,-22,124
2026-03-12T19:51:36.956805,0,3,1,0,9,-1.0,194.5,0.0,0.0,0.0,6.4,-22,124
2026-03-12T19:51:37.074072,0,3,1,0,9,-1.0,194.5,0.0,0.0,0.0,6.4,-22,124
2026-03-12T19:51:37.208040,0,3,1,0,9,-1.0,194.25,0.0,0.0,0.0,6.4,-22,126
2026-03-12T19:51:37.333048,0,3,1,0,9,-1.0,194.5,0.0,0.0,0.0,6.4,-22,125
2026-03-12T19:51:37.458526,0,3,1,0,9,-1.0,194.5,0.0,0.0,0.0,6.4,-22,125
2026-03-12T19:51:37.583795,0,3,1,0,9,-1.0,194.5,0.0,0.0,0.0,6.4,-22,125
2026-03-12T19:51:37.709540,0,3,1,0,9,-1.0,194.5,0.0,0.0,0.0,6.4,-22,126
2026-03-12T19:51:37.834960,0,3,1,0,9,-1.0,194.25,0.0,0.0,0.0,6.4,-22,125
2026-03-12T19:51:37.951566,0,3,1,0,9,-1.0,194.0,0.0,0.0,0.0,6.4,-22,125
2026-03-12T19:51:38.083316,0,3,1,0,9,-1.0,194.5,0.0,0.0,0.0,6.4,-22,124
2026-03-12T19:51:38.201708,0,3,1,0,9,-1.0,194.25,0.0,0.0,0.0,6.4,-22,124
2026-03-12T19:51:38.334373,0,3,1,0,9,-1.0,194.25,0.0,0.0,0.0,6.4,-22,125
2026-03-12T19:51:38.460340,0,3,1,0,9,-1.0,194.25,0.0,0.0,0.0,6.4,-22,124
2026-03-12T19:51:38.586242,0,3,1,0,9,-1.0,194.5,0.0,0.0,0.0,6.4,-22,124
2026-03-12T19:51:38.710439,0,3,1,0,9,-1.0,194.5,0.0,0.0,0.0,6.4,-22,125
2026-03-12T19:51:38.836816,0,3,1,0,9,-1.0,194.5,0.0,0.0,0.0,6.4,-22,126
2026-03-12T19:51:38.961265,0,3,1,0,9,-1.0,194.5,0.0,0.0,0.0,6.4,-22,125
2026-03-12T19:51:39.086523,0,3,1,0,9,-1.0,194.5,0.0,0.0,0.0,6.4,-22,125
2026-03-12T19:51:39.203534,0,3,1,0,9,-1.0,194.25,0.0,0.0,0.0,6.4,-22,125
2026-03-12T19:51:39.337996,0,3,1,0,9,-1.0,194.5,0.0,0.0,0.0,6.4,-22,126
2026-03-12T19:51:39.462161,0,3,1,0,9,-1.0,194.5,0.0,0.0,0.0,6.4,-22,125
2026-03-12T19:51:39.588313,0,3,1,0,9,-1.0,194.5,0.0,0.0,0.0,6.4,-22,124
2026-03-12T19:51:39.711209,0,3,1,0,9,-1.0,194.5,0.0,0.0,0.0,6.4,-22,124
2026-03-12T19:51:39.836020,0,3,1,0,9,-1.0,194.25,0.0,0.0,0.0,6.4,-22,124
2026-03-12T19:51:39.961669,0,3,1,0,9,-1.0,194.25,0.0,0.0,0.0,6.4,-22,126
2026-03-12T19:51:40.088241,0,3,1,0,9,-1.0,194.25,0.0,0.0,0.0,6.4,-22,125
2026-03-12T19:51:40.213403,0,3,1,0,9,-1.0,194.0,0.0,0.0,0.0,6.4,-22,125
2026-03-12T19:51:40.338479,0,3,1,0,9,-1.0,194.5,0.0,0.0,0.0,6.4,-22,125
2026-03-12T19:51:40.456870,0,3,1,0,9,-1.0,194.25,0.0,0.0,0.0,6.4,-22,126
2026-03-12T19:51:40.588738,0,3,1,0,9,-1.0,194.25,0.0,0.0,0.0,6.4,-22,125
2026-03-12T19:51:40.713844,0,3,1,0,9,-1.0,194.25,0.0,0.0,0.0,6.4,-22,125
2026-03-12T19:51:40.840820,0,3,1,0,9,-1.0,194.5,0.0,0.0,0.0,6.4,-22,124
2026-03-12T19:51:40.966157,0,3,1,0,9,-1.0,194.5,0.0,0.0,0.0,6.4,-22,125
2026-03-12T19:51:41.091792,0,3,1,0,9,-1.0,194.5,0.0,0.0,0.0,6.4,-22,124
2026-03-12T19:51:41.214194,0,3,1,0,9,-1.0,194.5,0.0,0.0,0.0,6.4,-22,124
2026-03-12T19:51:41.340641,0,3,1,0,9,-1.0,194.5,0.0,0.0,0.0,6.4,-22,124
2026-03-12T19:51:41.458281,0,3,1,0,9,-1.0,194.75,0.0,0.0,0.0,6.4,-22,124
2026-03-12T19:51:41.590650,0,3,1,0,9,-1.0,194.5,0.0,0.0,0.0,6.4,-22,126
2026-03-12T19:51:41.709233,0,3,1,0,9,-1.0,194.5,0.0,0.0,0.0,6.4,-22,125
2026-03-12T19:51:41.840670,0,3,1,0,9,-1.0,194.5,0.0,0.0,0.0,6.4,-22,125
2026-03-12T19:51:41.965411,0,3,1,0,9,-1.0,194.5,0.0,0.0,0.0,6.4,-22,125
2026-03-12T19:51:42.091638,0,3,1,0,9,-1.0,194.5,0.0,0.0,0.0,6.4,-22,126
2026-03-12T19:51:42.216433,0,3,1,0,9,-1.0,194.5,0.0,0.0,0.0,6.4,-22,124
2026-03-12T19:51:42.341666,0,3,1,0,9,-1.0,194.5,0.0,0.0,0.0,6.4,-22,124
2026-03-12T19:51:42.467353,0,3,1,0,9,-1.0,194.5,0.0,0.0,0.0,6.4,-22,124
2026-03-12T19:51:42.592868,0,3,1,0,9,-1.0,194.25,0.0,0.0,0.0,6.4,-22,125
2026-03-12T19:51:42.711670,0,3,1,0,9,-1.0,194.25,0.0,0.0,0.0,6.4,-22,124
2026-03-12T19:51:42.843149,0,3,1,0,9,-1.0,194.25,0.0,0.0,0.0,6.4,-22,124
2026-03-12T19:51:42.969216,0,3,1,0,9,-1.0,194.75,0.0,0.0,0.0,6.4,-22,125
2026-03-12T19:51:43.088356,0,3,1,0,9,-1.0,194.25,0.0,0.0,0.0,6.4,-22,126
2026-03-12T19:51:43.219338,0,3,1,0,9,-1.0,194.25,0.0,0.0,0.0,6.4,-22,126
2026-03-12T19:51:43.344389,0,3,1,0,9,-1.0,194.25,0.0,0.0,0.0,6.4,-22,125
2026-03-12T19:51:43.469309,0,3,1,0,9,-1.0,194.5,0.0,0.0,0.0,6.4,-22,125
2026-03-12T19:51:43.597067,0,3,1,0,9,-1.0,194.5,0.0,0.0,0.0,6.4,-22,125
2026-03-12T19:51:43.714405,0,3,1,0,9,-1.0,194.5,0.0,0.0,0.0,6.4,-22,126
2026-03-12T19:51:43.845300,0,3,1,0,9,-1.0,194.5,0.0,0.0,0.0,6.4,-22,124
2026-03-12T19:51:43.970699,0,3,1,0,9,-1.0,194.5,0.0,0.0,0.0,6.4,-22,125
2026-03-12T19:51:44.095877,0,3,1,0,9,-1.0,194.25,0.0,0.0,0.0,6.4,-22,124
2026-03-12T19:51:44.222056,0,3,1,0,9,-1.0,194.0,0.0,0.0,0.0,6.4,-22,125
2026-03-12T19:51:44.347161,0,3,1,0,9,-1.0,194.5,0.0,0.0,0.0,6.4,-22,124
2026-03-12T19:51:44.473808,0,3,1,0,9,-1.0,194.5,0.0,0.0,0.0,6.4,-22,125
2026-03-12T19:51:44.599775,0,3,1,0,9,-1.0,194.5,0.0,0.0,0.0,6.4,-22,125
2026-03-12T19:51:44.716522,0,3,1,0,9,-1.0,194.5,0.0,0.0,0.0,6.4,-22,126
2026-03-12T19:51:44.848245,0,3,1,0,9,-1.0,194.5,0.0,0.0,0.0,6.4,-22,125
2026-03-12T19:51:44.972635,0,3,1,0,9,-1.0,194.5,0.0,0.0,0.0,6.4,-22,125
2026-03-12T19:51:45.099677,0,3,1,0,9,-1.0,194.75,0.0,0.0,0.0,6.4,-22,125
2026-03-12T19:51:45.226305,0,3,1,0,9,-1.0,194.5,0.0,0.0,0.0,6.4,-22,125
2026-03-12T19:51:45.352484,0,3,1,0,9,-1.0,194.25,0.0,0.0,0.0,6.4,-22,126
2026-03-12T19:51:45.473845,0,3,1,0,9,-1.0,194.75,0.0,0.0,0.0,6.4,-22,124
2026-03-12T19:51:45.601559,0,3,1,0,9,-1.0,194.5,0.0,0.0,0.0,6.4,-22,124
2026-03-12T19:51:45.727188,0,3,1,0,9,-1.0,194.5,0.0,0.0,0.0,6.4,-22,124
2026-03-12T19:51:45.853507,0,3,1,0,9,-1.0,194.5,0.0,0.0,0.0,6.4,-22,125
2026-03-12T19:51:45.975297,0,3,1,0,9,-1.0,194.5,0.0,0.0,0.0,6.4,-22,124
2026-03-12T19:51:46.102366,0,3,1,0,9,-1.0,194.5,0.0,0.0,0.0,6.4,-22,124
2026-03-12T19:51:46.225889,0,3,1,0,9,-1.0,194.5,0.0,0.0,0.0,6.4,-22,125
2026-03-12T19:51:46.351298,0,3,1,0,9,-1.0,194.25,0.0,0.0,0.0,6.4,-22,126
2026-03-12T19:51:46.479090,0,3,1,0,9,-1.0,194.25,0.0,0.0,0.0,6.4,-22,125
2026-03-12T19:51:46.601663,0,3,1,0,9,-1.0,194.25,0.0,0.0,0.0,6.4,-22,125
2026-03-12T19:51:46.726076,0,3,1,0,9,-1.0,194.25,0.0,0.0,0.0,6.4,-22,125
2026-03-12T19:51:46.852028,0,3,1,0,9,-1.0,194.5,0.0,0.0,0.0,6.4,-22,126
2026-03-12T19:51:46.977634,0,3,1,0,9,-1.0,194.5,0.0,0.0,0.0,6.4,-22,125
2026-03-12T19:51:47.102854,0,3,1,0,9,-1.0,194.5,0.0,0.0,0.0,6.4,-22,125
2026-03-12T19:51:47.228657,0,3,1,0,9,-1.0,194.0,0.0,0.0,0.0,6.4,-22,125
2026-03-12T19:51:47.346633,0,3,1,0,9,-1.0,194.0,0.0,0.0,0.0,6.4,-22,124
2026-03-12T19:51:47.478004,0,3,1,0,9,-1.0,194.0,0.0,0.0,0.0,6.4,-22,125
2026-03-12T19:51:47.604634,0,3,1,0,9,-1.0,194.25,0.0,0.0,0.0,6.4,-22,124
2026-03-12T19:51:47.731649,0,3,1,0,9,-1.0,194.25,0.0,0.0,0.0,6.4,-22,124
2026-03-12T19:51:47.847611,0,3,1,0,9,-1.0,194.25,0.0,0.0,0.0,6.4,-22,125
2026-03-12T19:51:47.979965,0,3,1,0,9,-1.0,194.25,0.0,0.0,0.0,6.4,-22,126
2026-03-12T19:51:48.105964,0,3,1,0,9,-1.0,194.5,0.0,0.0,0.0,6.4,-22,125
2026-03-12T19:51:48.231664,0,3,1,0,9,-1.0,194.5,0.0,0.0,0.0,6.4,-22,125
2026-03-12T19:51:48.357818,0,3,1,0,9,-1.0,194.25,0.0,0.0,0.0,6.4,-22,125
2026-03-12T19:51:48.483913,0,3,1,0,9,-1.0,194.25,0.0,0.0,0.0,6.4,-22,126
2026-03-12T19:51:48.599671,0,3,1,0,9,-1.0,194.25,0.0,0.0,0.0,6.4,-22,125
2026-03-12T19:51:48.731139,0,3,1,0,9,-1.0,194.5,0.0,0.0,0.0,6.4,-22,125
2026-03-12T19:51:48.858191,0,3,1,0,9,-1.0,194.25,0.0,0.0,0.0,6.4,-22,124
2026-03-12T19:51:48.983437,0,3,1,0,9,-1.0,194.25,0.0,0.0,0.0,6.4,-22,125
2026-03-12T19:51:49.109452,0,3,1,0,9,-1.0,194.25,0.0,0.0,0.0,6.4,-22,124
2026-03-12T19:51:49.231273,0,3,1,0,9,-1.0,194.25,0.0,0.0,0.0,6.4,-22,124
2026-03-12T19:51:49.356391,0,3,1,0,9,-1.0,194.25,0.0,0.0,0.0,6.4,-22,124
2026-03-12T19:51:49.483233,0,3,1,0,9,-1.0,194.25,0.0,0.0,0.0,6.4,-22,125
2026-03-12T19:51:49.609913,0,3,1,0,9,-1.0,194.0,0.0,0.0,0.0,6.4,-22,125
2026-03-12T19:51:49.735127,0,3,1,0,9,-1.0,194.0,0.0,0.0,0.0,6.4,-22,125
2026-03-12T19:51:49.860361,0,3,1,0,9,-1.0,194.0,0.0,0.0,0.0,6.4,-22,125
2026-03-12T19:51:49.985189,0,3,1,0,9,-1.0,194.0,0.0,0.0,0.0,6.4,-22,125
2026-03-12T19:51:50.102560,0,3,1,0,9,-1.0,194.5,0.0,0.0,0.0,6.4,-22,126
2026-03-12T19:51:50.234655,0,3,1,0,9,-1.0,194.25,0.0,0.0,0.0,6.4,-22,125
2026-03-12T19:51:50.359511,0,3,1,0,9,-1.0,194.25,0.0,0.0,0.0,6.4,-22,125
2026-03-12T19:51:50.485548,0,3,1,0,9,-1.0,194.0,0.0,0.0,0.0,6.4,-22,125
2026-03-12T19:51:50.611005,0,3,1,0,9,-1.0,194.0,0.0,0.0,0.0,6.4,-22,125
2026-03-12T19:51:50.736919,0,3,1,0,9,-1.0,194.0,0.0,0.0,0.0,6.4,-22,124
2026-03-12T19:51:50.861191,0,3,1,0,9,-1.0,194.25,0.0,0.0,0.0,6.4,-22,124
2026-03-12T19:51:50.986535,0,3,1,0,9,-1.0,194.25,0.0,0.0,0.0,6.4,-22,124
2026-03-12T19:51:51.112925,0,3,1,0,9,-1.0,194.25,0.0,0.0,0.0,6.4,-22,125
2026-03-12T19:51:51.235512,0,3,1,0,9,-1.0,194.25,0.0,0.0,0.0,6.4,-22,125
2026-03-12T19:51:51.362205,0,3,1,0,9,-1.0,194.5,0.0,0.0,0.0,6.4,-22,125
2026-03-12T19:51:51.487642,0,3,1,0,9,-1.0,194.25,0.0,0.0,0.0,6.4,-22,125
2026-03-12T19:51:51.613290,0,3,1,0,9,-1.0,194.25,0.0,0.0,0.0,6.4,-22,126
2026-03-12T19:51:51.738729,0,3,1,0,9,-1.0,194.75,0.0,0.0,0.0,6.4,-22,125
2026-03-12T19:51:51.863766,0,3,1,0,9,-1.0,195.0,0.0,0.0,0.0,6.4,-22,125
2026-03-12T19:51:51.988680,0,3,1,0,9,-1.0,195.0,0.0,0.0,0.0,6.4,-22,125
2026-03-12T19:51:52.113681,0,3,1,0,9,-1.0,194.75,0.0,0.0,0.0,6.4,-22,125
2026-03-12T19:51:52.238712,0,3,1,0,9,-1.0,194.75,0.0,0.0,0.0,6.4,-22,125
2026-03-12T19:51:52.365002,0,3,1,0,9,-1.0,194.75,0.0,0.0,0.0,6.4,-22,124
2026-03-12T19:51:52.489548,0,3,1,0,9,-1.0,194.5,0.0,0.0,0.0,6.4,-22,124
2026-03-12T19:51:52.615657,0,3,1,0,9,-1.0,194.5,0.0,0.0,0.0,6.4,-22,124
2026-03-12T19:51:52.741109,0,3,1,0,9,-1.0,194.0,0.0,0.0,0.0,6.4,-22,125
2026-03-12T19:51:52.866426,0,3,1,0,9,-1.0,194.5,0.0,0.0,0.0,6.4,-22,125
2026-03-12T19:51:52.991532,0,3,1,0,9,-1.0,194.25,0.0,0.0,0.0,6.4,-22,125
2026-03-12T19:51:53.115973,0,3,1,0,9,-1.0,194.25,0.0,0.0,0.0,6.4,-22,125
2026-03-12T19:51:53.242619,0,3,1,0,9,-1.0,194.25,0.0,0.0,0.0,6.4,-22,126
2026-03-12T19:51:53.366026,0,3,1,0,9,-1.0,194.25,0.0,0.0,0.0,6.4,-22,125
2026-03-12T19:51:53.483991,0,3,1,0,9,-1.0,194.25,0.0,0.0,0.0,6.4,-22,125
2026-03-12T19:51:53.615685,0,3,1,0,9,-1.0,194.5,0.0,0.0,0.0,6.4,-22,125
2026-03-12T19:51:53.741023,0,3,1,0,9,-1.0,194.75,0.0,0.0,0.0,6.4,-22,126
2026-03-12T19:51:53.867528,0,3,1,0,9,-1.0,194.75,0.0,0.0,0.0,6.4,-22,125
2026-03-12T19:51:53.993117,0,3,1,0,9,-1.0,194.75,0.0,0.0,0.0,6.4,-22,124
2026-03-12T19:51:54.118751,0,3,1,0,9,-1.0,194.5,0.0,0.0,0.0,6.4,-22,124
2026-03-12T19:51:54.240975,0,3,1,0,9,-1.0,194.75,0.0,0.0,0.0,6.4,-22,124
2026-03-12T19:51:54.367387,0,3,1,0,9,-1.0,194.5,0.0,0.0,0.0,6.4,-22,125
2026-03-12T19:51:54.492051,0,3,1,0,9,-1.0,194.5,0.0,0.0,0.0,6.4,-22,125
2026-03-12T19:51:54.611001,0,3,1,0,9,-1.0,194.25,0.0,0.0,0.0,6.4,-22,125
2026-03-12T19:51:54.742394,0,3,1,0,9,-1.0,194.25,0.0,0.0,0.0,6.4,-22,125
2026-03-12T19:51:54.867884,0,3,1,0,9,-1.0,194.25,0.0,0.0,0.0,6.4,-22,126
2026-03-12T19:51:54.993675,0,3,1,0,9,-1.0,194.5,0.0,0.0,0.0,6.4,-22,125
2026-03-12T19:51:55.112129,0,3,1,0,9,-1.0,194.75,0.0,0.0,0.0,6.4,-22,125
2026-03-12T19:51:55.243407,0,3,1,0,9,-1.0,194.5,0.0,0.0,0.0,6.4,-22,125
2026-03-12T19:51:55.369448,0,3,1,0,9,-1.0,194.25,0.0,0.0,0.0,6.4,-22,126
2026-03-12T19:51:55.494824,0,3,1,0,9,-1.0,194.5,0.0,0.0,0.0,6.4,-22,125
2026-03-12T19:51:55.620329,0,3,1,0,9,-1.0,194.5,0.0,0.0,0.0,6.4,-22,124
2026-03-12T19:51:55.744901,0,3,1,0,9,-1.0,194.75,0.0,0.0,0.0,6.4,-22,124
2026-03-12T19:51:55.871568,0,3,1,0,9,-1.0,194.75,0.0,0.0,0.0,6.4,-22,124
2026-03-12T19:51:55.999040,0,3,1,0,9,-1.0,194.75,0.0,0.0,0.0,6.4,-22,125
2026-03-12T19:51:56.125906,0,3,1,0,9,-1.0,194.75,0.0,0.0,0.0,6.4,-22,124
2026-03-12T19:51:56.246410,0,3,1,0,9,-1.0,194.5,0.0,0.0,0.0,6.4,-22,124
2026-03-12T19:51:56.371799,0,3,1,0,9,-1.0,194.75,0.0,0.0,0.0,6.4,-22,125
2026-03-12T19:51:56.491519,0,3,1,0,9,-1.0,194.75,0.0,0.0,0.0,6.4,-22,126
2026-03-12T19:51:56.617188,0,3,1,0,9,-1.0,194.5,0.0,0.0,0.0,6.4,-22,125
2026-03-12T19:51:56.748183,0,3,1,0,9,-1.0,194.25,0.0,0.0,0.0,6.4,-22,125
2026-03-12T19:51:56.875457,0,3,1,0,9,-1.0,194.75,0.0,0.0,0.0,6.4,-22,125
2026-03-12T19:51:57.000532,0,3,1,0,9,-1.0,194.75,0.0,0.0,0.0,6.4,-22,126
2026-03-12T19:51:57.124094,0,3,1,0,9,-1.0,194.75,0.0,0.0,0.0,6.4,-22,125
2026-03-12T19:51:57.250296,0,3,1,0,9,-1.0,194.75,0.0,0.0,0.0,6.4,-22,125
2026-03-12T19:51:57.377504,0,3,1,0,9,-1.0,194.75,0.0,0.0,0.0,6.4,-22,124
2026-03-12T19:51:57.499955,0,3,1,0,9,-1.0,194.75,0.0,0.0,0.0,6.4,-22,125
2026-03-12T19:51:57.627763,0,3,1,0,9,-1.0,194.5,0.0,0.0,0.0,6.4,-22,124
2026-03-12T19:51:57.750734,0,3,1,0,9,-1.0,194.75,0.0,0.0,0.0,6.4,-22,125
2026-03-12T19:51:57.877261,0,3,1,0,9,-1.0,194.75,0.0,0.0,0.0,6.4,-22,125
2026-03-12T19:51:58.003591,0,3,1,0,9,-1.0,194.75,0.0,0.0,0.0,6.4,-22,125
2026-03-12T19:51:58.129499,0,3,1,0,9,-1.0,194.75,0.0,0.0,0.0,6.4,-22,126
2026-03-12T19:51:58.250964,0,3,1,0,9,-1.0,194.75,0.0,0.0,0.0,6.4,-22,125
2026-03-12T19:51:58.378542,0,3,1,0,9,-1.0,194.75,0.0,0.0,0.0,6.4,-22,125
2026-03-12T19:51:58.499353,0,3,1,0,9,-1.0,194.5,0.0,0.0,0.0,6.4,-22,125
2026-03-12T19:51:58.630893,0,3,1,0,9,-1.0,194.75,0.0,0.0,0.0,6.4,-22,126
2026-03-12T19:51:58.753427,0,3,1,0,9,-1.0,194.75,0.0,0.0,0.0,6.4,-22,125
2026-03-12T19:51:58.879253,0,3,1,0,9,-1.0,194.25,0.0,0.0,0.0,6.4,-22,125
2026-03-12T19:51:59.005787,0,3,1,0,9,-1.0,194.75,0.0,0.0,0.0,6.6,-22,124
2026-03-12T19:51:59.130007,0,3,1,0,9,-1.0,194.75,0.0,0.0,0.0,6.4,-22,125
2026-03-12T19:51:59.255886,0,3,1,0,9,-1.0,194.75,0.0,0.0,0.0,6.4,-22,124
2026-03-12T19:51:59.378832,0,3,1,0,9,-1.0,194.75,0.0,0.0,0.0,6.4,-22,124
2026-03-12T19:51:59.503555,0,3,1,0,9,-1.0,194.5,0.0,0.0,0.0,6.4,-22,125
2026-03-12T19:51:59.631407,0,3,1,0,9,-1.0,194.5,0.0,0.0,0.0,6.4,-22,126
2026-03-12T19:51:59.755439,0,3,1,0,9,-1.0,194.5,0.0,0.0,0.0,6.4,-22,125
2026-03-12T19:51:59.881412,0,3,1,0,9,-1.0,194.25,0.0,0.0,0.0,6.4,-22,125
2026-03-12T19:52:00.004774,0,3,1,0,9,-1.0,194.75,0.0,0.0,0.0,6.4,-22,125
2026-03-12T19:52:00.130428,0,3,1,0,9,-1.0,194.5,0.0,0.0,0.0,6.4,-22,125
2026-03-12T19:52:00.257250,0,3,1,0,9,-1.0,194.25,0.0,0.0,0.0,6.4,-22,126
2026-03-12T19:52:00.381274,0,3,1,0,9,-1.0,194.5,0.0,0.0,0.0,6.4,-22,125
2026-03-12T19:52:00.498857,0,3,1,0,9,-1.0,194.5,0.0,0.0,0.0,6.4,-22,124
2026-03-12T19:52:00.630379,0,3,1,0,9,-1.0,194.5,0.0,0.0,0.0,6.4,-22,124
2026-03-12T19:52:00.757522,0,3,1,0,9,-1.0,194.5,0.0,0.0,0.0,6.4,-22,125
2026-03-12T19:52:00.883187,0,3,1,0,9,-1.0,194.5,0.0,0.0,0.0,6.4,-22,124
2026-03-12T19:52:01.008708,0,3,1,0,9,-1.0,194.5,0.0,0.0,0.0,6.4,-22,124
2026-03-12T19:52:01.131500,0,3,1,0,9,-1.0,194.5,0.0,0.0,0.0,6.4,-22,124
2026-03-12T19:52:01.256474,0,3,1,0,9,-1.0,195.0,0.0,0.0,0.0,6.4,-22,126
2026-03-12T19:52:01.382094,0,3,1,0,9,-1.0,195.0,0.0,0.0,0.0,6.4,-22,125
2026-03-12T19:52:01.508394,0,3,1,0,9,-1.0,194.75,0.0,0.0,0.0,6.4,-22,125
2026-03-12T19:52:01.634488,0,3,1,0,9,-1.0,194.75,0.0,0.0,0.0,6.4,-22,125
2026-03-12T19:52:01.760086,0,3,1,0,9,-1.0,194.75,0.0,0.0,0.0,6.4,-22,126
2026-03-12T19:52:01.884163,0,3,1,0,9,-1.0,194.75,0.0,0.0,0.0,6.4,-22,125
2026-03-12T19:52:02.001942,0,3,1,0,9,-1.0,194.5,0.0,0.0,0.0,6.4,-22,125
2026-03-12T19:52:02.134043,0,3,1,0,9,-1.0,194.5,0.0,0.0,0.0,6.4,-22,125
2026-03-12T19:52:02.258421,0,3,1,0,9,-1.0,194.5,0.0,0.0,0.0,6.4,-22,125
2026-03-12T19:52:02.378317,0,3,1,0,9,-1.0,194.5,0.0,0.0,0.0,6.4,-22,126
2026-03-12T19:52:02.509844,0,3,1,0,9,-1.0,194.75,0.0,0.0,0.0,6.4,-22,124
2026-03-12T19:52:02.635785,0,3,1,0,9,-1.0,194.5,0.0,0.0,0.0,6.4,-22,124
2026-03-12T19:52:02.761087,0,3,1,0,9,-1.0,194.5,0.0,0.0,0.0,6.4,-22,124
2026-03-12T19:52:02.886548,0,3,1,0,9,-1.0,194.75,0.0,0.0,0.0,6.4,-22,126
2026-03-12T19:52:03.011880,0,3,1,0,9,-1.0,194.75,0.0,0.0,0.0,6.4,-22,125
2026-03-12T19:52:03.137648,0,3,1,0,9,-1.0,194.5,0.0,0.0,0.0,6.4,-22,125
2026-03-12T19:52:03.261333,0,3,1,0,9,-1.0,194.5,0.0,0.0,0.0,6.4,-22,125
2026-03-12T19:52:03.388983,0,3,1,0,9,-1.0,194.5,0.0,0.0,0.0,6.4,-22,126
2026-03-12T19:52:03.511002,0,3,1,0,9,-1.0,194.75,0.0,0.0,0.0,6.4,-22,125
2026-03-12T19:52:03.635680,0,3,1,0,9,-1.0,194.5,0.0,0.0,0.0,6.4,-22,125
2026-03-12T19:52:03.761663,0,3,1,0,9,-1.0,194.75,0.0,0.0,0.0,6.4,-22,124
2026-03-12T19:52:03.887572,0,3,1,0,9,-1.0,194.5,0.0,0.0,0.0,6.4,-22,124
2026-03-12T19:52:04.013143,0,3,1,0,9,-1.0,194.75,0.0,0.0,0.0,6.4,-22,125
2026-03-12T19:52:04.138979,0,3,1,0,9,-1.0,194.5,0.0,0.0,0.0,6.4,-22,124
2026-03-12T19:52:04.265523,0,3,1,0,9,-1.0,194.5,0.0,0.0,0.0,6.4,-22,124
2026-03-12T19:52:04.388136,0,3,1,0,9,-1.0,194.5,0.0,0.0,0.0,6.4,-22,125
2026-03-12T19:52:04.513302,0,3,1,0,9,-1.0,194.5,0.0,0.0,0.0,6.4,-22,126
2026-03-12T19:52:04.639589,0,3,1,0,9,-1.0,194.5,0.0,0.0,0.0,6.4,-22,125
2026-03-12T19:52:04.765387,0,3,1,0,9,-1.0,195.0,0.0,0.0,0.0,6.4,-22,125
2026-03-12T19:52:04.890526,0,3,1,0,9,-1.0,194.5,0.0,0.0,0.0,6.4,-22,125
2026-03-12T19:52:05.014536,0,3,1,0,9,-1.0,194.5,0.0,0.0,0.0,6.4,-22,126
2026-03-12T19:52:05.140041,0,3,1,0,9,-1.0,194.75,0.0,0.0,0.0,6.4,-22,125
2026-03-12T19:52:05.258152,0,3,1,0,9,-1.0,194.75,0.0,0.0,0.0,6.4,-22,125
2026-03-12T19:52:05.389919,0,3,1,0,9,-1.0,194.5,0.0,0.0,0.0,6.4,-22,124
2026-03-12T19:52:05.508488,0,3,1,0,9,-1.0,194.5,0.0,0.0,0.0,6.4,-22,124
2026-03-12T19:52:05.640915,0,3,1,0,9,-1.0,194.5,0.0,0.0,0.0,6.4,-22,125
2026-03-12T19:52:05.766798,0,3,1,0,9,-1.0,194.5,0.0,0.0,0.0,6.4,-22,124
2026-03-12T19:52:05.890743,0,3,1,0,9,-1.0,194.5,0.0,0.0,0.0,6.4,-22,124
2026-03-12T19:52:06.016140,0,3,1,0,9,-1.0,194.75,0.0,0.0,0.0,6.4,-22,124
2026-03-12T19:52:06.142295,0,3,1,0,9,-1.0,194.5,0.0,0.0,0.0,6.4,-22,125
2026-03-12T19:52:06.260578,0,3,1,0,9,-1.0,194.5,0.0,0.0,0.0,6.4,-22,125
2026-03-12T19:52:06.385765,0,3,1,0,9,-1.0,194.5,0.0,0.0,0.0,6.4,-22,125
2026-03-12T19:52:06.516939,0,3,1,0,9,-1.0,194.75,0.0,0.0,0.0,6.4,-22,125
2026-03-12T19:52:06.641950,0,3,1,0,9,-1.0,194.75,0.0,0.0,0.0,6.4,-22,126
2026-03-12T19:52:06.767588,0,3,1,0,9,-1.0,194.75,0.0,0.0,0.0,6.4,-22,125
2026-03-12T19:52:06.893019,0,3,1,0,9,-1.0,194.75,0.0,0.0,0.0,6.4,-22,125
2026-03-12T19:52:07.018528,0,3,1,0,9,-1.0,194.75,0.0,0.0,0.0,6.4,-22,125
2026-03-12T19:52:07.145603,0,3,1,0,9,-1.0,194.75,0.0,0.0,0.0,6.4,-22,126
2026-03-12T19:52:07.268529,0,3,1,0,9,-1.0,194.75,0.0,0.0,0.0,6.4,-22,125
2026-03-12T19:52:07.394483,0,3,1,0,9,-1.0,194.5,0.0,0.0,0.0,6.4,-22,124
2026-03-12T19:52:07.520147,0,3,1,0,9,-1.0,194.75,0.0,0.0,0.0,6.4,-22,124
2026-03-12T19:52:07.645782,0,3,1,0,9,-1.0,194.5,0.0,0.0,0.0,6.4,-22,125
2026-03-12T19:52:07.770888,0,3,1,0,9,-1.0,194.5,0.0,0.0,0.0,6.4,-22,125
2026-03-12T19:52:07.895973,0,3,1,0,9,-1.0,194.75,0.0,0.0,0.0,6.4,-22,125
2026-03-12T19:52:08.021360,0,3,1,0,9,-1.0,194.75,0.0,0.0,0.0,6.4,-22,125
2026-03-12T19:52:08.146019,0,3,1,0,9,-1.0,194.25,0.0,0.0,0.0,6.4,-22,125
2026-03-12T19:52:08.271412,0,3,1,0,9,-1.0,194.25,0.0,0.0,0.0,6.4,-22,126
2026-03-12T19:52:08.397148,0,3,1,0,9,-1.0,194.25,0.0,0.0,0.0,6.4,-22,125
2026-03-12T19:52:08.524363,0,3,1,0,9,-1.0,194.75,0.0,0.0,0.0,6.4,-22,125
2026-03-12T19:52:08.646919,0,3,1,0,9,-1.0,195.0,0.0,0.0,0.0,6.4,-22,125
2026-03-12T19:52:08.775852,0,3,1,0,9,-1.0,194.5,0.0,0.0,0.0,6.4,-22,126
2026-03-12T19:52:08.898130,0,3,1,0,9,-1.0,194.75,0.0,0.0,0.0,6.4,-22,125
2026-03-12T19:52:09.022557,0,3,1,0,9,-1.0,194.5,0.0,0.0,0.0,6.4,-22,124
2026-03-12T19:52:09.147502,0,3,1,0,9,-1.0,194.5,0.0,0.0,0.0,6.4,-22,124
2026-03-12T19:52:09.267566,0,3,1,0,9,-1.0,194.5,0.0,0.0,0.0,6.4,-22,125
2026-03-12T19:52:09.398847,0,3,1,0,9,-1.0,194.5,0.0,0.0,0.0,6.4,-22,124
2026-03-12T19:52:09.525837,0,3,1,0,9,-1.0,194.5,0.0,0.0,0.0,6.4,-22,124
2026-03-12T19:52:09.649307,0,3,1,0,9,-1.0,194.75,0.0,0.0,0.0,6.4,-22,125
2026-03-12T19:52:09.776237,0,3,1,0,9,-1.0,194.25,0.0,0.0,0.0,6.4,-22,125
2026-03-12T19:52:09.900112,0,3,1,0,9,-1.0,194.5,0.0,0.0,0.0,6.4,-22,126
2026-03-12T19:52:10.018724,0,3,1,0,9,-1.0,194.75,0.0,0.0,0.0,6.4,-22,125
2026-03-12T19:52:10.150482,0,3,1,0,9,-1.0,194.5,0.0,0.0,0.0,6.4,-22,125
2026-03-12T19:52:10.276496,0,3,1,0,9,-1.0,194.5,0.0,0.0,0.0,6.4,-22,125
2026-03-12T19:52:10.402356,0,3,1,0,9,-1.0,194.5,0.0,0.0,0.0,6.4,-22,126
2026-03-12T19:52:10.527732,0,3,1,0,9,-1.0,194.5,0.0,0.0,0.0,6.4,-22,125
2026-03-12T19:52:10.653769,0,3,1,0,9,-1.0,194.5,0.0,0.0,0.0,6.4,-22,125
2026-03-12T19:52:10.776115,0,3,1,0,9,-1.0,194.5,0.0,0.0,0.0,6.4,-22,124
2026-03-12T19:52:10.903019,0,3,1,0,9,-1.0,194.5,0.0,0.0,0.0,6.4,-22,125
2026-03-12T19:52:11.028828,0,3,1,0,9,-1.0,194.75,0.0,0.0,0.0,6.4,-22,124
2026-03-12T19:52:11.151849,0,3,1,0,9,-1.0,194.5,0.0,0.0,0.0,6.4,-22,124
2026-03-12T19:52:11.271314,0,3,1,0,9,-1.0,194.5,0.0,0.0,0.0,6.4,-22,125
2026-03-12T19:52:11.401579,0,3,1,0,9,-1.0,194.5,0.0,0.0,0.0,6.4,-22,125
2026-03-12T19:52:11.527586,0,3,1,0,9,-1.0,194.5,0.0,0.0,0.0,6.4,-22,126
2026-03-12T19:52:11.653464,0,3,1,0,9,-1.0,194.5,0.0,0.0,0.0,6.4,-22,125
2026-03-12T19:52:11.779147,0,3,1,0,9,-1.0,195.0,0.0,0.0,0.0,6.4,-22,125
2026-03-12T19:52:11.905758,0,3,1,0,9,-1.0,195.0,0.0,0.0,0.0,6.4,-22,125
2026-03-12T19:52:12.029560,0,3,1,0,9,-1.0,195.0,0.0,0.0,0.0,6.4,-22,126
2026-03-12T19:52:12.156196,0,3,1,0,9,-1.0,194.75,0.0,0.0,0.0,6.4,-22,125
2026-03-12T19:52:12.282478,0,3,1,0,9,-1.0,194.5,0.0,0.0,0.0,6.4,-22,124
2026-03-12T19:52:12.404342,0,3,1,0,9,-1.0,194.5,0.0,0.0,0.0,6.4,-22,124
2026-03-12T19:52:12.530270,0,3,1,0,9,-1.0,195.0,0.0,0.0,0.0,6.4,-22,125
2026-03-12T19:52:12.657982,0,3,1,0,9,-1.0,195.0,0.0,0.0,0.0,6.4,-22,125
2026-03-12T19:52:12.782044,0,3,1,0,9,-1.0,194.5,0.0,0.0,0.0,6.4,-22,125
2026-03-12T19:52:12.907156,0,3,1,0,9,-1.0,194.5,0.0,0.0,0.0,6.4,-22,125
2026-03-12T19:52:13.032528,0,3,1,0,9,-1.0,194.5,0.0,0.0,0.0,6.4,-22,125
2026-03-12T19:52:13.157208,0,3,1,0,9,-1.0,194.5,0.0,0.0,0.0,6.4,-22,126
2026-03-12T19:52:13.281320,0,3,1,0,9,-1.0,194.5,0.0,0.0,0.0,6.4,-22,125
2026-03-12T19:52:13.407033,0,3,1,0,9,-1.0,194.75,0.0,0.0,0.0,6.4,-22,125
2026-03-12T19:52:13.525556,0,3,1,0,9,-1.0,194.5,0.0,0.0,0.0,6.4,-22,125
2026-03-12T19:52:13.660062,0,3,1,0,9,-1.0,194.5,0.0,0.0,0.0,6.4,-22,126
2026-03-12T19:52:13.782490,0,3,1,0,9,-1.0,194.25,0.0,0.0,0.0,6.4,-22,124
2026-03-12T19:52:13.910490,0,3,1,0,9,-1.0,194.5,0.0,0.0,0.0,6.4,-22,124
2026-03-12T19:52:14.026250,0,3,1,0,9,-1.0,194.5,0.0,0.0,0.0,6.4,-22,124
2026-03-12T19:52:14.161688,0,3,1,0,9,-1.0,194.5,0.0,0.0,0.0,6.4,-22,125
2026-03-12T19:52:14.284605,0,3,1,0,9,-1.0,194.5,0.0,0.0,0.0,6.4,-22,125
2026-03-12T19:52:14.410635,0,3,1,0,9,-1.0,194.5,0.0,0.0,0.0,6.4,-22,125
2026-03-12T19:52:14.535534,0,3,1,0,9,-1.0,194.5,0.0,0.0,0.0,6.4,-22,125
2026-03-12T19:52:14.661863,0,3,1,0,9,-1.0,194.75,0.0,0.0,0.0,6.4,-22,126
2026-03-12T19:52:14.784875,0,3,1,0,9,-1.0,194.5,0.0,0.0,0.0,6.4,-22,125
2026-03-12T19:52:14.910142,0,3,1,0,9,-1.0,194.75,0.0,0.0,0.0,6.4,-22,125
2026-03-12T19:52:15.028681,0,3,1,0,9,-1.0,194.75,0.0,0.0,0.0,6.4,-22,125
2026-03-12T19:52:15.161299,0,3,1,0,9,-1.0,194.75,0.0,0.0,0.0,6.4,-22,124
2026-03-12T19:52:15.287110,0,3,1,0,9,-1.0,195.0,0.0,0.0,0.0,6.4,-22,126
2026-03-12T19:52:15.411865,0,3,1,0,9,-1.0,195.0,0.0,0.0,0.0,6.4,-22,124
2026-03-12T19:52:15.538317,0,3,1,0,9,-1.0,194.5,0.0,0.0,0.0,6.4,-22,124
2026-03-12T19:52:15.661493,0,3,1,0,9,-1.0,194.5,0.0,0.0,0.0,6.4,-22,124
2026-03-12T19:52:15.787130,0,3,1,0,9,-1.0,194.5,0.0,0.0,0.0,6.4,-22,125
2026-03-12T19:52:15.912674,0,3,1,0,9,-1.0,194.5,0.0,0.0,0.0,6.4,-22,124
2026-03-12T19:52:16.038825,0,3,1,0,9,-1.0,194.75,0.0,0.0,0.0,6.4,-22,125
2026-03-12T19:52:16.162001,0,3,1,0,9,-1.0,194.75,0.0,0.0,0.0,6.6,-22,125
2026-03-12T19:52:16.288445,0,3,1,0,9,-1.0,194.5,0.0,0.0,0.0,6.4,-22,126
2026-03-12T19:52:16.414930,0,3,1,0,9,-1.0,194.5,0.0,0.0,0.0,6.4,-22,125
2026-03-12T19:52:16.537418,0,3,1,0,9,-1.0,195.0,0.0,0.0,0.0,6.4,-22,125
2026-03-12T19:52:16.663595,0,3,1,0,9,-1.0,195.0,0.0,0.0,0.0,6.4,-22,125
2026-03-12T19:52:16.788949,0,3,1,0,9,-1.0,194.5,0.0,0.0,0.0,6.4,-22,126
2026-03-12T19:52:16.915471,0,3,1,0,9,-1.0,194.5,0.0,0.0,0.0,6.4,-22,124
2026-03-12T19:52:17.040514,0,3,1,0,9,-1.0,194.5,0.0,0.0,0.0,6.4,-22,124
2026-03-12T19:52:17.164571,0,3,1,0,9,-1.0,194.5,0.0,0.0,0.0,6.4,-22,124
2026-03-12T19:52:17.290687,0,3,1,0,9,-1.0,195.0,0.0,0.0,0.0,6.4,-22,124
2026-03-12T19:52:17.416768,0,3,1,0,9,-1.0,194.75,0.0,0.0,0.0,6.4,-22,126
2026-03-12T19:52:17.540203,0,3,1,0,9,-1.0,194.75,0.0,0.0,0.0,6.4,-22,125
2026-03-12T19:52:17.666222,0,3,1,0,9,-1.0,194.75,0.0,0.0,0.0,6.4,-22,125
2026-03-12T19:52:17.793471,0,3,1,0,9,-1.0,194.75,0.0,0.0,0.0,6.4,-22,125
2026-03-12T19:52:17.916000,0,3,1,0,9,-1.0,194.75,0.0,0.0,0.0,6.4,-22,126
2026-03-12T19:52:18.041892,0,3,1,0,9,-1.0,194.75,0.0,0.0,0.0,6.4,-22,125
2026-03-12T19:52:18.166734,0,3,1,0,9,-1.0,194.75,0.0,0.0,0.0,6.4,-22,125
2026-03-12T19:52:18.292047,0,3,1,0,9,-1.0,194.5,0.0,0.0,0.0,6.4,-22,124
2026-03-12T19:52:18.417921,0,3,1,0,9,-1.0,194.5,0.0,0.0,0.0,6.4,-22,125
2026-03-12T19:52:18.542489,0,3,1,0,9,-1.0,194.5,0.0,0.0,0.0,6.4,-22,124
2026-03-12T19:52:18.668139,0,3,1,0,9,-1.0,195.0,0.0,0.0,0.0,6.4,-22,124
2026-03-12T19:52:18.793810,0,3,1,0,9,-1.0,194.75,0.0,0.0,0.0,6.4,-22,124
2026-03-12T19:52:18.918500,0,3,1,0,9,-1.0,194.25,0.0,0.0,0.0,6.4,-22,126
2026-03-12T19:52:19.043890,0,3,1,0,9,-1.0,194.25,0.0,0.0,0.0,6.4,-22,125
2026-03-12T19:52:19.169790,0,3,1,0,9,-1.0,194.5,0.0,0.0,0.0,6.4,-22,125
2026-03-12T19:52:19.294988,0,3,1,0,9,-1.0,194.5,0.0,0.0,0.0,6.4,-22,125
2026-03-12T19:52:19.418183,0,3,1,0,9,-1.0,194.5,0.0,0.0,0.0,6.4,-22,125
2026-03-12T19:52:19.544459,0,3,1,0,9,-1.0,194.5,0.0,0.0,0.0,6.4,-22,126
2026-03-12T19:52:19.671192,0,3,1,0,9,-1.0,194.5,0.0,0.0,0.0,6.4,-22,125
2026-03-12T19:52:19.794326,0,3,1,0,9,-1.0,194.5,0.0,0.0,0.0,6.4,-22,124
2026-03-12T19:52:19.921386,0,3,1,0,9,-1.0,194.75,0.0,0.0,0.0,6.4,-22,124
2026-03-12T19:52:20.044776,0,3,1,0,9,-1.0,194.75,0.0,0.0,0.0,6.4,-22,125
2026-03-12T19:52:20.170807,0,3,1,0,9,-1.0,194.75,0.0,0.0,0.0,6.4,-22,125
2026-03-12T19:52:20.295756,0,3,1,0,9,-1.0,194.75,0.0,0.0,0.0,6.4,-22,125
2026-03-12T19:52:20.421123,0,3,1,0,9,-1.0,194.75,0.0,0.0,0.0,6.4,-22,125
2026-03-12T19:52:20.546304,0,3,1,0,9,-1.0,194.75,0.0,0.0,0.0,6.4,-22,126
2026-03-12T19:52:20.672182,0,3,1,0,9,-1.0,194.5,0.0,0.0,0.0,6.4,-22,125
2026-03-12T19:52:20.790083,0,3,1,0,9,-1.0,194.5,0.0,0.0,0.0,6.4,-22,125
2026-03-12T19:52:20.920963,0,3,1,0,9,-1.0,194.5,0.0,0.0,0.0,6.4,-22,125
2026-03-12T19:52:21.041174,0,3,1,0,9,-1.0,194.5,0.0,0.0,0.0,6.4,-22,126
2026-03-12T19:52:21.173429,0,3,1,0,9,-1.0,194.75,0.0,0.0,0.0,6.4,-22,124
2026-03-12T19:52:21.297676,0,3,1,0,9,-1.0,194.5,0.0,0.0,0.0,6.4,-22,124
2026-03-12T19:52:21.422696,0,3,1,0,9,-1.0,194.75,0.0,0.0,0.0,6.4,-22,124
2026-03-12T19:52:21.548445,0,3,1,0,9,-1.0,194.75,0.0,0.0,0.0,6.4,-22,124
2026-03-12T19:52:21.674956,0,3,1,0,9,-1.0,194.5,0.0,0.0,0.0,6.4,-22,126
2026-03-12T19:52:21.798475,0,3,1,0,9,-1.0,194.5,0.0,0.0,0.0,6.4,-22,125
2026-03-12T19:52:21.917417,0,3,1,0,9,-1.0,194.5,0.0,0.0,0.0,6.4,-22,125
2026-03-12T19:52:22.047852,0,3,1,0,9,-1.0,194.5,0.0,0.0,0.0,6.4,-22,125
2026-03-12T19:52:22.174250,0,3,1,0,9,-1.0,194.75,0.0,0.0,0.0,6.4,-22,126
2026-03-12T19:52:22.300364,0,3,1,0,9,-1.0,194.5,0.0,0.0,0.0,6.4,-22,125
2026-03-12T19:52:22.426066,0,3,1,0,9,-1.0,194.5,0.0,0.0,0.0,6.4,-22,124
2026-03-12T19:52:22.549504,0,3,1,0,9,-1.0,194.5,0.0,0.0,0.0,6.4,-22,124
2026-03-12T19:52:22.675690,0,3,1,0,9,-1.0,194.5,0.0,0.0,0.0,6.4,-22,125
2026-03-12T19:52:22.802735,0,3,1,0,9,-1.0,194.5,0.0,0.0,0.0,6.4,-22,124
2026-03-12T19:52:22.919636,0,3,1,0,9,-1.0,194.5,0.0,0.0,0.0,6.4,-22,125
2026-03-12T19:52:23.050944,0,3,1,0,9,-1.0,194.5,0.0,0.0,0.0,6.4,-22,124
2026-03-12T19:52:23.177103,0,3,1,0,9,-1.0,194.5,0.0,0.0,0.0,6.4,-22,126
2026-03-12T19:52:23.302417,0,3,1,0,9,-1.0,194.75,0.0,0.0,0.0,6.4,-22,125
2026-03-12T19:52:23.430080,0,3,1,0,9,-1.0,195.0,0.0,0.0,0.0,6.4,-22,125
2026-03-12T19:52:23.552219,0,3,1,0,9,-1.0,194.75,0.0,0.0,0.0,6.4,-22,125
2026-03-12T19:52:23.680405,0,3,1,0,9,-1.0,194.5,0.0,0.0,0.0,6.4,-22,125
2026-03-12T19:52:23.802969,0,3,1,0,9,-1.0,194.5,0.0,0.0,0.0,6.4,-22,126
2026-03-12T19:52:23.930852,0,3,1,0,9,-1.0,194.5,0.0,0.0,0.0,6.4,-22,125
2026-03-12T19:52:24.053279,0,3,1,0,9,-1.0,194.75,0.0,0.0,0.0,6.4,-22,124
2026-03-12T19:52:24.180117,0,3,1,0,9,-1.0,194.75,0.0,0.0,0.0,6.4,-22,124
2026-03-12T19:52:24.303937,0,3,1,0,9,-1.0,194.75,0.0,0.0,0.0,6.4,-22,125
2026-03-12T19:52:24.432640,0,3,1,0,9,-1.0,194.5,0.0,0.0,0.0,6.4,-22,124
2026-03-12T19:52:24.553939,0,3,1,0,9,-1.0,194.5,0.0,0.0,0.0,6.4,-22,124
2026-03-12T19:52:24.679726,0,3,1,0,9,-1.0,194.5,0.0,0.0,0.0,6.4,-22,125
2026-03-12T19:52:24.805304,0,3,1,0,9,-1.0,194.5,0.0,0.0,0.0,6.4,-22,126
2026-03-12T19:52:24.931354,0,3,1,0,9,-1.0,194.75,0.0,0.0,0.0,6.4,-22,125
2026-03-12T19:52:25.056391,0,3,1,0,9,-1.0,194.25,0.0,0.0,0.0,6.4,-22,125
2026-03-12T19:52:25.179675,0,3,1,0,9,-1.0,194.25,0.0,0.0,0.0,6.4,-22,125
2026-03-12T19:52:25.307272,0,3,1,0,9,-1.0,194.5,0.0,0.0,0.0,6.4,-22,125
2026-03-12T19:52:25.434381,0,3,1,0,9,-1.0,194.5,0.0,0.0,0.0,6.4,-22,126
2026-03-12T19:52:25.556154,0,3,1,0,9,-1.0,194.5,0.0,0.0,0.0,6.4,-22,125
2026-03-12T19:52:25.681520,0,3,1,0,9,-1.0,194.75,0.0,0.0,0.0,6.4,-22,124
2026-03-12T19:52:25.808617,0,3,1,0,9,-1.0,194.5,0.0,0.0,0.0,6.4,-22,124
2026-03-12T19:52:25.933619,0,3,1,0,9,-1.0,194.5,0.0,0.0,0.0,6.4,-22,125
2026-03-12T19:52:26.060185,0,3,1,0,9,-1.0,194.75,0.0,0.0,0.0,6.4,-22,124
2026-03-12T19:52:26.182488,0,3,1,0,9,-1.0,194.75,0.0,0.0,0.0,6.4,-22,124
2026-03-12T19:52:26.309895,0,3,1,0,9,-1.0,194.5,0.0,0.0,0.0,6.4,-22,125
2026-03-12T19:52:26.433630,0,3,1,0,9,-1.0,194.5,0.0,0.0,0.0,6.4,-22,126
2026-03-12T19:52:26.560692,0,3,1,0,9,-1.0,194.5,0.0,0.0,0.0,6.4,-22,125
2026-03-12T19:52:26.686061,0,3,1,0,9,-1.0,194.75,0.0,0.0,0.0,6.4,-22,125
2026-03-12T19:52:26.808739,0,3,1,0,9,-1.0,194.75,0.0,0.0,0.0,6.4,-22,125
2026-03-12T19:52:26.936519,0,3,1,0,9,-1.0,194.75,0.0,0.0,0.0,6.4,-22,126
2026-03-12T19:52:27.062490,0,3,1,0,9,-1.0,194.5,0.0,0.0,0.0,6.4,-22,126
2026-03-12T19:52:27.186580,0,3,1,0,9,-1.0,194.25,0.0,0.0,0.0,6.4,-22,124
2026-03-12T19:52:27.311186,0,3,1,0,9,-1.0,194.5,0.0,0.0,0.0,6.4,-22,124
2026-03-12T19:52:27.437781,0,3,1,0,9,-1.0,194.75,0.0,0.0,0.0,6.4,-22,124
2026-03-12T19:52:27.563198,0,3,1,0,9,-1.0,194.5,0.0,0.0,0.0,6.4,-22,125
2026-03-12T19:52:27.680202,0,3,1,0,9,-1.0,194.5,0.0,0.0,0.0,6.4,-22,125
2026-03-12T19:52:27.810972,0,3,1,0,9,-1.0,195.0,0.0,0.0,0.0,6.4,-22,125
2026-03-12T19:52:27.938091,0,3,1,0,9,-1.0,195.0,0.0,0.0,0.0,6.4,-22,125
2026-03-12T19:52:28.056176,0,3,1,0,9,-1.0,195.0,0.0,0.0,0.0,6.4,-22,126
2026-03-12T19:52:28.188109,0,3,1,0,9,-1.0,194.75,0.0,0.0,0.0,6.4,-22,125
2026-03-12T19:52:28.314624,0,3,1,0,9,-1.0,194.75,0.0,0.0,0.0,6.4,-22,125
2026-03-12T19:52:28.431587,0,3,1,0,9,-1.0,194.5,0.0,0.0,0.0,6.4,-22,125
2026-03-12T19:52:28.564192,0,3,1,0,9,-1.0,194.5,0.0,0.0,0.0,6.4,-22,125
2026-03-12T19:52:28.691758,0,3,1,0,9,-1.0,194.75,0.0,0.0,0.0,6.4,-22,124
2026-03-12T19:52:28.813895,0,3,1,0,9,-1.0,194.5,0.0,0.0,0.0,6.4,-22,124
2026-03-12T19:52:28.940931,0,3,1,0,9,-1.0,194.5,0.0,0.0,0.0,6.4,-22,124
2026-03-12T19:52:29.063618,0,3,1,0,9,-1.0,194.5,0.0,0.0,0.0,6.4,-22,124
2026-03-12T19:52:29.190291,0,3,1,0,9,-1.0,194.5,0.0,0.0,0.0,6.4,-22,126
2026-03-12T19:52:29.316394,0,3,1,0,9,-1.0,194.5,0.0,0.0,0.0,6.4,-22,125
2026-03-12T19:52:29.441677,0,3,1,0,9,-1.0,194.5,0.0,0.0,0.0,6.4,-22,125
2026-03-12T19:52:29.564734,0,3,1,0,9,-1.0,194.75,0.0,0.0,0.0,6.4,-22,125
2026-03-12T19:52:29.691435,0,3,1,0,9,-1.0,194.5,0.0,0.0,0.0,6.4,-22,126
2026-03-12T19:52:29.816608,0,3,1,0,9,-1.0,194.5,0.0,0.0,0.0,6.4,-22,125
2026-03-12T19:52:29.943115,0,3,1,0,9,-1.0,194.75,0.0,0.0,0.0,6.4,-22,125
2026-03-12T19:52:30.066094,0,3,1,0,9,-1.0,194.75,0.0,0.0,0.0,6.4,-22,125
2026-03-12T19:52:30.192276,0,3,1,0,9,-1.0,194.75,0.0,0.0,0.0,6.4,-22,125
2026-03-12T19:52:30.318104,0,3,1,0,9,-1.0,194.75,0.0,0.0,0.0,6.4,-22,124
2026-03-12T19:52:30.443764,0,3,1,0,9,-1.0,194.75,0.0,0.0,0.0,6.4,-22,124
2026-03-12T19:52:30.568167,0,3,1,0,9,-1.0,194.75,0.0,0.0,0.0,6.4,-22,125
2026-03-12T19:52:30.692948,0,3,1,0,9,-1.0,194.75,0.0,0.0,0.0,6.4,-22,126
2026-03-12T19:52:30.817969,0,3,1,0,9,-1.0,194.75,0.0,0.0,0.0,6.4,-22,125
2026-03-12T19:52:30.943831,0,3,1,0,9,-1.0,194.75,0.0,0.0,0.0,6.4,-22,125
2026-03-12T19:52:31.068930,0,3,1,0,9,-1.0,194.5,0.0,0.0,0.0,6.4,-22,125
2026-03-12T19:52:31.194699,0,3,1,0,9,-1.0,194.5,0.0,0.0,0.0,6.4,-22,125
2026-03-12T19:52:31.319297,0,3,1,0,9,-1.0,194.5,0.0,0.0,0.0,6.4,-22,126
2026-03-12T19:52:31.444596,0,3,1,0,9,-1.0,194.5,0.0,0.0,0.0,6.4,-22,125
2026-03-12T19:52:31.562724,0,3,1,0,9,-1.0,194.5,0.0,0.0,0.0,6.4,-22,124
2026-03-12T19:52:31.694114,0,3,1,0,9,-1.0,194.5,0.0,0.0,0.0,6.4,-22,125
2026-03-12T19:52:31.813921,0,3,1,0,9,-1.0,194.5,0.0,0.0,0.0,6.4,-22,125
2026-03-12T19:52:31.946442,0,3,1,0,9,-1.0,194.75,0.0,0.0,0.0,6.4,-22,124
2026-03-12T19:52:32.069897,0,3,1,0,9,-1.0,194.0,0.0,0.0,0.0,6.4,-22,124
2026-03-12T19:52:32.197217,0,3,1,0,9,-1.0,194.75,0.0,0.0,0.0,6.4,-22,124
2026-03-12T19:52:32.324764,0,3,1,0,9,-1.0,194.5,0.0,0.0,0.0,6.4,-22,126
2026-03-12T19:52:32.440202,0,3,1,0,9,-1.0,194.25,0.0,0.0,0.0,6.4,-22,125
2026-03-12T19:52:32.571570,0,3,1,0,9,-1.0,194.25,0.0,0.0,0.0,6.4,-22,125
2026-03-12T19:52:32.697727,0,3,1,0,9,-1.0,194.75,0.0,0.0,0.0,6.4,-22,125
2026-03-12T19:52:32.821085,0,3,1,0,9,-1.0,194.75,0.0,0.0,0.0,6.4,-22,125
2026-03-12T19:52:32.948085,0,3,1,0,9,-1.0,194.75,0.0,0.0,0.0,6.4,-22,126
2026-03-12T19:52:33.074001,0,3,1,0,9,-1.0,194.75,0.0,0.0,0.0,6.4,-22,125
2026-03-12T19:52:33.191067,0,3,1,0,9,-1.0,194.75,0.0,0.0,0.0,6.4,-22,124
2026-03-12T19:52:33.322801,0,3,1,0,9,-1.0,194.5,0.0,0.0,0.0,6.4,-22,124
2026-03-12T19:52:33.449106,0,3,1,0,9,-1.0,194.5,0.0,0.0,0.0,6.4,-22,125
2026-03-12T19:52:33.573075,0,3,1,0,9,-1.0,194.5,0.0,0.0,0.0,6.4,-22,124
2026-03-12T19:52:33.698143,0,3,1,0,9,-1.0,194.75,0.0,0.0,0.0,6.4,-22,125
2026-03-12T19:52:33.824598,0,3,1,0,9,-1.0,194.75,0.0,0.0,0.0,6.4,-22,125
2026-03-12T19:52:33.951390,0,3,1,0,9,-1.0,194.75,0.0,0.0,0.0,6.4,-22,126
2026-03-12T19:52:34.077475,0,3,1,0,9,-1.0,194.75,0.0,0.0,0.0,6.4,-22,125
2026-03-12T19:52:34.200015,0,3,1,0,9,-1.0,194.75,0.0,0.0,0.0,6.4,-22,125
2026-03-12T19:52:34.325224,0,3,1,0,9,-1.0,194.5,0.0,0.0,0.0,6.4,-22,125
2026-03-12T19:52:34.454186,0,3,1,0,9,-1.0,194.5,0.0,0.0,0.0,6.4,-22,126
2026-03-12T19:52:34.575932,0,3,1,0,9,-1.0,194.5,0.0,0.0,0.0,6.4,-22,125
2026-03-12T19:52:34.700761,0,3,1,0,9,-1.0,194.5,0.0,0.0,0.0,6.4,-22,124
2026-03-12T19:52:34.829548,0,3,1,0,9,-1.0,194.5,0.0,0.0,0.0,6.4,-22,124
2026-03-12T19:52:34.951460,0,3,1,0,9,-1.0,194.75,0.0,0.0,0.0,6.4,-22,125
2026-03-12T19:52:35.079411,0,3,1,0,9,-1.0,194.25,0.0,0.0,0.0,6.4,-22,126
2026-03-12T19:52:35.202859,0,3,1,0,9,-1.0,194.25,0.0,0.0,0.0,6.4,-22,125
2026-03-12T19:52:35.329412,0,3,1,0,9,-1.0,194.25,0.0,0.0,0.0,6.4,-22,125
2026-03-12T19:52:35.452285,0,3,1,0,9,-1.0,194.75,0.0,0.0,0.0,6.4,-22,125
2026-03-12T19:52:35.577804,0,3,1,0,9,-1.0,194.5,0.0,0.0,0.0,6.4,-22,126
2026-03-12T19:52:35.705485,0,3,1,0,9,-1.0,194.5,0.0,0.0,0.0,6.4,-22,125
2026-03-12T19:52:35.828569,0,3,1,0,9,-1.0,194.5,0.0,0.0,0.0,6.4,-22,124
2026-03-12T19:52:35.954069,0,3,1,0,9,-1.0,194.5,0.0,0.0,0.0,6.4,-22,124
2026-03-12T19:52:36.080766,0,3,1,0,9,-1.0,194.5,0.0,0.0,0.0,6.4,-22,125
2026-03-12T19:52:36.207352,0,3,1,0,9,-1.0,194.5,0.0,0.0,0.0,6.4,-22,125
2026-03-12T19:52:36.330671,0,3,1,0,9,-1.0,194.5,0.0,0.0,0.0,6.4,-22,125
2026-03-12T19:52:36.457819,0,3,1,0,9,-1.0,194.5,0.0,0.0,0.0,6.4,-22,125
2026-03-12T19:52:36.580710,0,3,1,0,9,-1.0,194.5,0.0,0.0,0.0,6.4,-22,125
2026-03-12T19:52:36.707764,0,3,1,0,9,-1.0,194.5,0.0,0.0,0.0,6.4,-22,126
2026-03-12T19:52:36.831737,0,3,1,0,9,-1.0,194.5,0.0,0.0,0.0,6.4,-22,125
2026-03-12T19:52:36.957729,0,3,1,0,9,-1.0,194.75,0.0,0.0,0.0,6.4,-22,125
2026-03-12T19:52:37.081946,0,3,1,0,9,-1.0,194.75,0.0,0.0,0.0,6.4,-22,125
2026-03-12T19:52:37.209109,0,3,1,0,9,-1.0,194.5,0.0,0.0,0.0,6.4,-22,125
2026-03-12T19:52:37.332990,0,3,1,0,9,-1.0,194.5,0.0,0.0,0.0,6.4,-22,124
2026-03-12T19:52:37.460165,0,3,1,0,9,-1.0,194.5,0.0,0.0,0.0,6.4,-22,124
2026-03-12T19:52:37.582273,0,3,1,0,9,-1.0,194.5,0.0,0.0,0.0,6.4,-22,124
2026-03-12T19:52:37.709503,0,3,1,0,9,-1.0,194.5,0.0,0.0,0.0,6.4,-22,125
2026-03-12T19:52:37.833478,0,3,1,0,9,-1.0,194.5,0.0,0.0,0.0,6.4,-22,125
2026-03-12T19:52:37.958727,0,3,1,0,9,-1.0,194.5,0.0,0.0,0.0,6.4,-22,125
2026-03-12T19:52:38.077090,0,3,1,0,9,-1.0,194.5,0.0,0.0,0.0,6.4,-22,125
2026-03-12T19:52:38.209241,0,3,1,0,9,-1.0,194.75,0.0,0.0,0.0,6.4,-22,125
2026-03-12T19:52:38.335316,0,3,1,0,9,-1.0,194.75,0.0,0.0,0.0,6.4,-22,126
2026-03-12T19:52:38.461641,0,3,1,0,9,-1.0,194.5,0.0,0.0,0.0,6.4,-22,125
2026-03-12T19:52:38.578100,0,3,1,0,9,-1.0,194.5,0.0,0.0,0.0,6.4,-22,125
2026-03-12T19:52:38.709698,0,3,1,0,9,-1.0,194.5,0.0,0.0,0.0,6.4,-22,124
2026-03-12T19:52:38.835925,0,3,1,0,9,-1.0,194.75,0.0,0.0,0.0,6.4,-22,125
2026-03-12T19:52:38.962675,0,3,1,0,9,-1.0,194.75,0.0,0.0,0.0,6.4,-22,124
2026-03-12T19:52:39.085822,0,3,1,0,9,-1.0,194.75,0.0,0.0,0.0,6.4,-22,124
2026-03-12T19:52:39.212081,0,3,1,0,9,-1.0,194.75,0.0,0.0,0.0,6.4,-22,124
2026-03-12T19:52:39.337895,0,3,1,0,9,-1.0,194.5,0.0,0.0,0.0,6.4,-22,126
2026-03-12T19:52:39.463941,0,3,1,0,9,-1.0,194.5,0.0,0.0,0.0,6.4,-22,125
2026-03-12T19:52:39.586649,0,3,1,0,9,-1.0,194.75,0.0,0.0,0.0,6.4,-22,125
2026-03-12T19:52:39.712600,0,3,1,0,9,-1.0,194.5,0.0,0.0,0.0,6.4,-22,125
2026-03-12T19:52:39.838498,0,3,1,0,9,-1.0,194.5,0.0,0.0,0.0,6.4,-22,125
2026-03-12T19:52:39.964242,0,3,1,0,9,-1.0,194.75,0.0,0.0,0.0,6.4,-22,126
2026-03-12T19:52:40.089299,0,3,1,0,9,-1.0,194.75,0.0,0.0,0.0,6.4,-22,125
2026-03-12T19:52:40.212973,0,3,1,0,9,-1.0,194.75,0.0,0.0,0.0,6.4,-22,124
2026-03-12T19:52:40.338552,0,3,1,0,9,-1.0,194.5,0.0,0.0,0.0,6.4,-22,124
2026-03-12T19:52:40.465283,0,3,1,0,9,-1.0,194.75,0.0,0.0,0.0,6.4,-22,125
2026-03-12T19:52:40.582568,0,3,1,0,9,-1.0,194.75,0.0,0.0,0.0,6.4,-22,124
2026-03-12T19:52:40.714173,0,3,1,0,9,-1.0,194.5,0.0,0.0,0.0,6.4,-22,125
2026-03-12T19:52:40.839820,0,3,1,0,9,-1.0,195.0,0.0,0.0,0.0,6.4,-22,125
2026-03-12T19:52:40.958523,0,3,1,0,9,-1.0,195.0,0.0,0.0,0.0,6.4,-22,126
2026-03-12T19:52:41.089660,0,3,1,0,9,-1.0,194.75,0.0,0.0,0.0,6.4,-22,125
2026-03-12T19:52:41.216278,0,3,1,0,9,-1.0,194.75,0.0,0.0,0.0,6.4,-22,125
2026-03-12T19:52:41.341045,0,3,1,0,9,-1.0,195.0,0.0,0.0,0.0,6.4,-22,125
2026-03-12T19:52:41.465406,0,3,1,0,9,-1.0,195.0,0.0,0.0,0.0,6.4,-22,125
2026-03-12T19:52:41.591678,0,3,1,0,9,-1.0,195.0,0.0,0.0,0.0,6.4,-22,125
2026-03-12T19:52:41.717346,0,3,1,0,9,-1.0,194.75,0.0,0.0,0.0,6.4,-22,124
2026-03-12T19:52:41.840765,0,3,1,0,9,-1.0,195.0,0.0,0.0,0.0,6.4,-22,124
2026-03-12T19:52:41.967081,0,3,1,0,9,-1.0,194.5,0.0,0.0,0.0,6.4,-22,124
2026-03-12T19:52:42.094629,0,3,1,0,9,-1.0,194.75,0.0,0.0,0.0,6.4,-22,125
2026-03-12T19:52:42.216908,0,3,1,0,9,-1.0,194.75,0.0,0.0,0.0,6.4,-22,124
2026-03-12T19:52:42.342820,0,3,1,0,9,-1.0,194.75,0.0,0.0,0.0,6.4,-22,125
2026-03-12T19:52:42.467237,0,3,1,0,9,-1.0,194.5,0.0,0.0,0.0,6.4,-22,125
2026-03-12T19:52:42.593683,0,3,1,0,9,-1.0,194.5,0.0,0.0,0.0,6.4,-22,126
2026-03-12T19:52:42.719867,0,3,1,0,9,-1.0,194.5,0.0,0.0,0.0,6.4,-22,125
2026-03-12T19:52:42.836680,0,3,1,0,9,-1.0,194.25,0.0,0.0,0.0,6.4,-22,125
2026-03-12T19:52:42.962034,0,3,1,0,9,-1.0,194.5,0.0,0.0,0.0,6.4,-22,125
2026-03-12T19:52:43.094134,0,3,1,0,9,-1.0,194.5,0.0,0.0,0.0,6.4,-22,125
2026-03-12T19:52:43.222331,0,3,1,0,9,-1.0,194.75,0.0,0.0,0.0,6.4,-22,125
2026-03-12T19:52:43.344658,0,3,1,0,9,-1.0,194.5,0.0,0.0,0.0,6.4,-22,124
2026-03-12T19:52:43.471509,0,3,1,0,9,-1.0,194.5,0.0,0.0,0.0,6.4,-22,124
2026-03-12T19:52:43.595949,0,3,1,0,9,-1.0,194.5,0.0,0.0,0.0,6.4,-22,124
2026-03-12T19:52:43.722272,0,3,1,0,9,-1.0,194.5,0.0,0.0,0.0,6.4,-22,125
2026-03-12T19:52:43.846713,0,3,1,0,9,-1.0,194.5,0.0,0.0,0.0,6.4,-22,125
2026-03-12T19:52:43.971321,0,3,1,0,9,-1.0,194.5,0.0,0.0,0.0,6.4,-22,125
2026-03-12T19:52:44.096577,0,3,1,0,9,-1.0,194.75,0.0,0.0,0.0,6.4,-22,125
2026-03-12T19:52:44.222833,0,3,1,0,9,-1.0,194.5,0.0,0.0,0.0,6.4,-22,126
2026-03-12T19:52:44.340952,0,3,1,0,9,-1.0,194.5,0.0,0.0,0.0,6.4,-22,125
2026-03-12T19:52:44.472851,0,3,1,0,9,-1.0,194.5,0.0,0.0,0.0,6.4,-22,125
2026-03-12T19:52:44.599416,0,3,1,0,9,-1.0,194.75,0.0,0.0,0.0,6.4,-22,125
2026-03-12T19:52:44.725631,0,3,1,0,9,-1.0,194.75,0.0,0.0,0.0,6.4,-22,126
2026-03-12T19:52:44.851751,0,3,1,0,9,-1.0,194.75,0.0,0.0,0.0,6.4,-22,125
2026-03-12T19:52:44.974519,0,3,1,0,9,-1.0,194.75,0.0,0.0,0.0,6.4,-22,124
2026-03-12T19:52:45.102478,0,3,1,0,9,-1.0,194.75,0.0,0.0,0.0,6.4,-22,124
2026-03-12T19:52:45.223936,0,3,1,0,9,-1.0,194.75,0.0,0.0,0.0,6.4,-22,124
2026-03-12T19:52:45.353140,0,3,1,0,9,-1.0,194.75,0.0,0.0,0.0,6.4,-22,125
2026-03-12T19:52:45.476496,0,3,1,0,9,-1.0,194.75,0.0,0.0,0.0,6.4,-22,125
2026-03-12T19:52:45.603121,0,3,1,0,9,-1.0,194.75,0.0,0.0,0.0,6.4,-22,125
2026-03-12T19:52:45.725541,0,3,1,0,9,-1.0,195.0,0.0,0.0,0.0,6.4,-22,125
2026-03-12T19:52:45.853886,0,3,1,0,9,-1.0,194.75,0.0,0.0,0.0,6.4,-22,126
2026-03-12T19:52:45.977590,0,3,1,0,9,-1.0,194.75,0.0,0.0,0.0,6.4,-22,125
2026-03-12T19:52:46.095798,0,3,1,0,9,-1.0,194.75,0.0,0.0,0.0,6.4,-22,125
2026-03-12T19:52:46.226983,0,3,1,0,9,-1.0,195.0,0.0,0.0,0.0,6.4,-22,125
2026-03-12T19:52:46.354687,0,3,1,0,9,-1.0,195.0,0.0,0.0,0.0,6.4,-22,126
2026-03-12T19:52:46.479256,0,3,1,0,9,-1.0,195.0,0.0,0.0,0.0,6.4,-22,125
2026-03-12T19:52:46.603759,0,3,1,0,9,-1.0,195.0,0.0,0.0,0.0,6.4,-22,124
2026-03-12T19:52:46.730608,0,3,1,0,9,-1.0,194.75,0.0,0.0,0.0,6.4,-22,124
2026-03-12T19:52:46.848178,0,3,1,0,9,-1.0,194.75,0.0,0.0,0.0,6.4,-22,125
2026-03-12T19:52:46.979890,0,3,1,0,9,-1.0,194.75,0.0,0.0,0.0,6.4,-22,125
2026-03-12T19:52:47.103755,0,3,1,0,9,-1.0,194.75,0.0,0.0,0.0,6.4,-22,125
2026-03-12T19:52:47.230875,0,3,1,0,9,-1.0,194.75,0.0,0.0,0.0,6.4,-22,125
2026-03-12T19:52:47.355341,0,3,1,0,9,-1.0,194.5,0.0,0.0,0.0,6.4,-22,125
2026-03-12T19:52:47.482318,0,3,1,0,9,-1.0,194.5,0.0,0.0,0.0,6.4,-22,126
2026-03-12T19:52:47.606016,0,3,1,0,9,-1.0,194.5,0.0,0.0,0.0,6.4,-22,125
2026-03-12T19:52:47.723762,0,3,1,0,9,-1.0,194.5,0.0,0.0,0.0,6.4,-22,125
2026-03-12T19:52:47.855204,0,3,1,0,9,-1.0,194.75,0.0,0.0,0.0,6.4,-22,125
2026-03-12T19:52:47.981269,0,3,1,0,9,-1.0,194.75,0.0,0.0,0.0,6.4,-22,126
2026-03-12T19:52:48.099860,0,3,1,0,9,-1.0,194.5,0.0,0.0,0.0,6.4,-22,125
2026-03-12T19:52:48.225790,0,3,1,0,9,-1.0,194.5,0.0,0.0,0.0,6.4,-22,124
2026-03-12T19:52:48.355829,0,3,1,0,9,-1.0,194.75,0.0,0.0,0.0,6.4,-22,124
2026-03-12T19:52:48.483347,0,3,1,0,9,-1.0,194.75,0.0,0.0,0.0,6.4,-22,125
2026-03-12T19:52:48.600644,0,3,1,0,9,-1.0,194.25,0.0,0.0,0.0,6.4,-22,124
2026-03-12T19:52:48.733128,0,3,1,0,9,-1.0,194.25,0.0,0.0,0.0,6.4,-22,125
2026-03-12T19:52:48.859119,0,3,1,0,9,-1.0,194.25,0.0,0.0,0.0,6.4,-22,124
2026-03-12T19:52:48.982880,0,3,1,0,9,-1.0,194.5,0.0,0.0,0.0,6.4,-22,126
2026-03-12T19:52:49.108961,0,3,1,0,9,-1.0,194.75,0.0,0.0,0.0,6.4,-22,125
2026-03-12T19:52:49.233100,0,3,1,0,9,-1.0,195.0,0.0,0.0,0.0,6.4,-22,125
2026-03-12T19:52:49.359932,0,3,1,0,9,-1.0,194.5,0.0,0.0,0.0,6.4,-22,125
2026-03-12T19:52:49.482841,0,3,1,0,9,-1.0,194.5,0.0,0.0,0.0,6.4,-22,125
2026-03-12T19:52:49.610261,0,3,1,0,9,-1.0,194.5,0.0,0.0,0.0,6.4,-22,126
2026-03-12T19:52:49.736512,0,3,1,0,9,-1.0,195.0,0.0,0.0,0.0,6.4,-22,125
2026-03-12T19:52:49.860229,0,3,1,0,9,-1.0,195.0,0.0,0.0,0.0,6.4,-22,124
2026-03-12T19:52:49.984085,0,3,1,0,9,-1.0,195.0,0.0,0.0,0.0,6.4,-22,124
2026-03-12T19:52:50.111379,0,3,1,0,9,-1.0,194.75,0.0,0.0,0.0,6.4,-22,125
2026-03-12T19:52:50.235666,0,3,1,0,9,-1.0,194.5,0.0,0.0,0.0,6.4,-22,124
2026-03-12T19:52:50.363447,0,3,1,0,9,-1.0,194.75,0.0,0.0,0.0,6.4,-22,124
2026-03-12T19:52:50.486287,0,3,1,0,9,-1.0,194.75,0.0,0.0,0.0,6.4,-22,124
2026-03-12T19:52:50.612974,0,3,1,0,9,-1.0,194.75,0.0,0.0,0.0,6.4,-22,125
2026-03-12T19:52:50.737919,0,3,1,0,9,-1.0,194.5,0.0,0.0,0.0,6.4,-22,125
2026-03-12T19:52:50.861805,0,3,1,0,9,-1.0,194.5,0.0,0.0,0.0,6.4,-22,125
2026-03-12T19:52:50.987730,0,3,1,0,9,-1.0,194.75,0.0,0.0,0.0,6.4,-22,125
2026-03-12T19:52:51.113080,0,3,1,0,9,-1.0,194.75,0.0,0.0,0.0,6.4,-22,126
2026-03-12T19:52:51.232276,0,3,1,0,9,-1.0,194.75,0.0,0.0,0.0,6.4,-22,126
2026-03-12T19:52:51.363921,0,3,1,0,9,-1.0,194.75,0.0,0.0,0.0,6.4,-22,125
2026-03-12T19:52:51.487978,0,3,1,0,9,-1.0,194.75,0.0,0.0,0.0,6.4,-22,125
2026-03-12T19:52:51.616061,0,3,1,0,9,-1.0,194.75,0.0,0.0,0.0,6.4,-22,125
2026-03-12T19:52:51.738850,0,3,1,0,9,-1.0,194.75,0.0,0.0,0.0,6.4,-22,126
2026-03-12T19:52:51.865691,0,3,1,0,9,-1.0,194.75,0.0,0.0,0.0,6.4,-22,124
2026-03-12T19:52:51.989978,0,3,1,0,9,-1.0,194.75,0.0,0.0,0.0,6.4,-22,124
2026-03-12T19:52:52.114184,0,3,1,0,9,-1.0,194.75,0.0,0.0,0.0,6.4,-22,124
2026-03-12T19:52:52.240481,0,3,1,0,9,-1.0,194.75,0.0,0.0,0.0,6.4,-22,125
2026-03-12T19:52:52.367263,0,3,1,0,9,-1.0,194.75,0.0,0.0,0.0,6.4,-22,125
2026-03-12T19:52:52.483995,0,3,1,0,9,-1.0,194.75,0.0,0.0,0.0,6.4,-22,125
2026-03-12T19:52:52.614838,0,3,1,0,9,-1.0,194.75,0.0,0.0,0.0,6.4,-22,125
2026-03-12T19:52:52.741592,0,3,1,0,9,-1.0,195.0,0.0,0.0,0.0,6.4,-22,126
2026-03-12T19:52:52.869120,0,3,1,0,9,-1.0,194.75,0.0,0.0,0.0,6.4,-22,125
2026-03-12T19:52:52.992393,0,3,1,0,9,-1.0,194.75,0.0,0.0,0.0,6.4,-22,125
2026-03-12T19:52:53.116953,0,3,1,0,9,-1.0,195.25,0.0,0.0,0.0,6.4,-22,125
2026-03-12T19:52:53.234992,0,3,1,0,9,-1.0,195.25,0.0,0.0,0.0,6.4,-22,124
2026-03-12T19:52:53.368164,0,3,1,0,9,-1.0,194.75,0.0,0.0,0.0,6.4,-22,125
2026-03-12T19:52:53.486153,0,3,1,0,9,-1.0,194.75,0.0,0.0,0.0,6.4,-22,124
2026-03-12T19:52:53.617732,0,3,1,0,9,-1.0,194.75,0.0,0.0,0.0,6.4,-22,124
2026-03-12T19:52:53.744672,0,3,1,0,9,-1.0,194.75,0.0,0.0,0.0,6.4,-22,124
2026-03-12T19:52:53.869123,0,3,1,0,9,-1.0,194.75,0.0,0.0,0.0,6.4,-22,126
2026-03-12T19:52:53.993719,0,3,1,0,9,-1.0,194.75,0.0,0.0,0.0,6.4,-22,125
2026-03-12T19:52:54.118742,0,3,1,0,9,-1.0,195.0,0.0,0.0,0.0,6.4,-22,125
2026-03-12T19:52:54.247168,0,3,1,0,9,-1.0,194.75,0.0,0.0,0.0,6.4,-22,125
2026-03-12T19:52:54.369560,0,3,1,0,9,-1.0,195.0,0.0,0.0,0.0,6.4,-22,126
2026-03-12T19:52:54.494420,0,3,1,0,9,-1.0,195.0,0.0,0.0,0.0,6.4,-22,125
2026-03-12T19:52:54.620467,0,3,1,0,9,-1.0,195.0,0.0,0.0,0.0,6.4,-22,125
2026-03-12T19:52:54.744594,0,3,1,0,9,-1.0,195.25,0.0,0.0,0.0,6.4,-22,124
2026-03-12T19:52:54.863413,0,3,1,0,9,-1.0,195.25,0.0,0.0,0.0,6.4,-22,124
2026-03-12T19:52:54.996485,0,3,1,0,9,-1.0,195.25,0.0,0.0,0.0,6.4,-22,125
2026-03-12T19:52:55.124494,0,3,1,0,9,-1.0,195.0,0.0,0.0,0.0,6.4,-22,124
2026-03-12T19:52:55.246879,0,3,1,0,9,-1.0,195.0,0.0,0.0,0.0,6.4,-22,124
2026-03-12T19:52:55.371337,0,3,1,0,9,-1.0,195.0,0.0,0.0,0.0,6.4,-22,125
2026-03-12T19:52:55.499392,0,3,1,0,9,-1.0,194.75,0.0,0.0,0.0,6.4,-22,126
2026-03-12T19:52:55.622012,0,3,1,0,9,-1.0,194.75,0.0,0.0,0.0,6.4,-22,125
2026-03-12T19:52:55.746644,0,3,1,0,9,-1.0,195.0,0.0,0.0,0.0,6.4,-22,125
2026-03-12T19:52:55.865900,0,3,1,0,9,-1.0,195.0,0.0,0.0,0.0,6.4,-22,125
2026-03-12T19:52:55.997760,0,3,1,0,9,-1.0,195.0,0.0,0.0,0.0,6.4,-22,126
2026-03-12T19:52:56.125724,0,3,1,0,9,-1.0,194.75,0.0,0.0,0.0,6.4,-22,125
2026-03-12T19:52:56.248017,0,3,1,0,9,-1.0,194.75,0.0,0.0,0.0,6.4,-22,125
2026-03-12T19:52:56.376255,0,3,1,0,9,-1.0,194.75,0.0,0.0,0.0,6.4,-22,124
2026-03-12T19:52:56.499327,0,3,1,0,9,-1.0,194.75,0.0,0.0,0.0,6.4,-22,125
2026-03-12T19:52:56.626531,0,3,1,0,9,-1.0,194.75,0.0,0.0,0.0,6.4,-22,124
2026-03-12T19:52:56.749894,0,3,1,0,9,-1.0,195.0,0.0,0.0,0.0,6.4,-22,124
2026-03-12T19:52:56.873477,0,3,1,0,9,-1.0,194.75,0.0,0.0,0.0,6.4,-22,124
2026-03-12T19:52:56.992534,0,3,1,0,9,-1.0,195.0,0.0,0.0,0.0,6.4,-22,125
2026-03-12T19:52:57.118749,0,3,1,0,9,-1.0,195.0,0.0,0.0,0.0,6.4,-22,126
2026-03-12T19:52:57.250573,0,3,1,0,9,-1.0,194.75,0.0,0.0,0.0,6.4,-22,125
2026-03-12T19:52:57.376274,0,3,1,0,9,-1.0,194.75,0.0,0.0,0.0,6.4,-22,125
2026-03-12T19:52:57.501406,0,3,1,0,9,-1.0,194.75,0.0,0.0,0.0,6.4,-22,125
2026-03-12T19:52:57.627389,0,3,1,0,9,-1.0,194.75,0.0,0.0,0.0,6.4,-22,126
2026-03-12T19:52:57.750848,0,3,1,0,9,-1.0,195.0,0.0,0.0,0.0,6.4,-22,125
2026-03-12T19:52:57.878377,0,3,1,0,9,-1.0,195.0,0.0,0.0,0.0,6.4,-22,125
2026-03-12T19:52:58.001602,0,3,1,0,9,-1.0,195.25,0.0,0.0,0.0,6.4,-22,124
2026-03-12T19:52:58.130062,0,3,1,0,9,-1.0,194.75,0.0,0.0,0.0,6.4,-22,125
2026-03-12T19:52:58.252588,0,3,1,0,9,-1.0,195.0,0.0,0.0,0.0,6.4,-22,124
2026-03-12T19:52:58.379048,0,3,1,0,9,-1.0,195.0,0.0,0.0,0.0,6.4,-22,125
2026-03-12T19:52:58.503329,0,3,1,0,9,-1.0,194.75,0.0,0.0,0.0,6.4,-22,125
2026-03-12T19:52:58.630275,0,3,1,0,9,-1.0,194.75,0.0,0.0,0.0,6.4,-22,125
2026-03-12T19:52:58.754553,0,3,1,0,9,-1.0,194.75,0.0,0.0,0.0,6.4,-22,126
2026-03-12T19:52:58.879144,0,3,1,0,9,-1.0,195.0,0.0,0.0,0.0,6.4,-22,125
2026-03-12T19:52:59.003275,0,3,1,0,9,-1.0,195.0,0.0,0.0,0.0,6.4,-22,125
2026-03-12T19:52:59.130057,0,3,1,0,9,-1.0,194.5,0.0,0.0,0.0,6.4,-22,125
2026-03-12T19:52:59.254469,0,3,1,0,9,-1.0,194.75,0.0,0.0,0.0,6.4,-22,126
2026-03-12T19:52:59.381317,0,3,1,0,9,-1.0,194.75,0.0,0.0,0.0,6.4,-22,125
2026-03-12T19:52:59.505513,0,3,1,0,9,-1.0,194.75,0.0,0.0,0.0,6.4,-22,124
2026-03-12T19:52:59.630723,0,3,1,0,9,-1.0,194.75,0.0,0.0,0.0,6.4,-22,124
2026-03-12T19:52:59.757452,0,3,1,0,9,-1.0,194.75,0.0,0.0,0.0,6.4,-22,125
2026-03-12T19:52:59.881118,0,3,1,0,9,-1.0,194.75,0.0,0.0,0.0,6.4,-22,124
2026-03-12T19:53:00.007878,0,3,1,0,9,-1.0,194.75,0.0,0.0,0.0,6.4,-22,125
2026-03-12T19:53:00.131372,0,3,1,0,9,-1.0,195.0,0.0,0.0,0.0,6.4,-22,125
2026-03-12T19:53:00.250001,0,3,1,0,9,-1.0,194.5,0.0,0.0,0.0,6.4,-22,126
2026-03-12T19:53:00.381738,0,3,1,0,9,-1.0,194.75,0.0,0.0,0.0,6.4,-22,125
2026-03-12T19:53:00.506704,0,3,1,0,9,-1.0,194.75,0.0,0.0,0.0,6.4,-22,125
2026-03-12T19:53:00.633508,0,3,1,0,9,-1.0,194.75,0.0,0.0,0.0,6.4,-22,125
2026-03-12T19:53:00.757155,0,3,1,0,9,-1.0,194.75,0.0,0.0,0.0,6.4,-22,125
2026-03-12T19:53:00.883787,0,3,1,0,9,-1.0,194.75,0.0,0.0,0.0,6.4,-22,126
2026-03-12T19:53:01.007077,0,3,1,0,9,-1.0,194.75,0.0,0.0,0.0,6.4,-22,124
2026-03-12T19:53:01.126040,0,3,1,0,9,-1.0,194.75,0.0,0.0,0.0,6.4,-22,124
2026-03-12T19:53:01.257319,0,3,1,0,9,-1.0,194.5,0.0,0.0,0.0,6.4,-22,124
2026-03-12T19:53:01.384998,0,3,1,0,9,-1.0,195.0,0.0,0.0,0.0,6.4,-22,126
2026-03-12T19:53:01.502708,0,3,1,0,9,-1.0,194.75,0.0,0.0,0.0,6.4,-22,125
2026-03-12T19:53:01.633526,0,3,1,0,9,-1.0,194.5,0.0,0.0,0.0,6.4,-22,125
2026-03-12T19:53:01.760343,0,3,1,0,9,-1.0,195.0,0.0,0.0,0.0,6.4,-22,125
2026-03-12T19:53:01.878092,0,3,1,0,9,-1.0,194.75,0.0,0.0,0.0,6.4,-22,126
2026-03-12T19:53:02.009581,0,3,1,0,9,-1.0,194.75,0.0,0.0,0.0,6.4,-22,125
2026-03-12T19:53:02.128180,0,3,1,0,9,-1.0,194.75,0.0,0.0,0.0,6.4,-22,125
2026-03-12T19:53:02.260620,0,3,1,0,9,-1.0,194.75,0.0,0.0,0.0,6.4,-22,125
2026-03-12T19:53:02.386701,0,3,1,0,9,-1.0,194.75,0.0,0.0,0.0,6.4,-22,124
2026-03-12T19:53:02.513164,0,3,1,0,9,-1.0,194.75,0.0,0.0,0.0,6.4,-22,125
2026-03-12T19:53:02.629275,0,3,1,0,9,-1.0,194.75,0.0,0.0,0.0,6.4,-22,124
2026-03-12T19:53:02.760598,0,3,1,0,9,-1.0,194.75,0.0,0.0,0.0,6.4,-22,124
2026-03-12T19:53:02.887940,0,3,1,0,9,-1.0,194.5,0.0,0.0,0.0,6.4,-22,125
2026-03-12T19:53:03.011619,0,3,1,0,9,-1.0,194.75,0.0,0.0,0.0,6.4,-22,126
2026-03-12T19:53:03.138538,0,3,1,0,9,-1.0,195.25,0.0,0.0,0.0,6.4,-22,125
2026-03-12T19:53:03.262127,0,3,1,0,9,-1.0,195.25,0.0,0.0,0.0,6.4,-22,125
2026-03-12T19:53:03.387870,0,3,1,0,9,-1.0,194.5,0.0,0.0,0.0,6.4,-22,125
2026-03-12T19:53:03.514572,0,3,1,0,9,-1.0,194.5,0.0,0.0,0.0,6.4,-22,126
2026-03-12T19:53:03.637576,0,3,1,0,9,-1.0,194.5,0.0,0.0,0.0,6.4,-22,125
2026-03-12T19:53:03.763750,0,3,1,0,9,-1.0,195.0,0.0,0.0,0.0,6.4,-22,125
2026-03-12T19:53:03.888156,0,3,1,0,9,-1.0,194.5,0.0,0.0,0.0,6.4,-22,124
2026-03-12T19:53:04.015829,0,3,1,0,9,-1.0,194.75,0.0,0.0,0.0,6.4,-22,125
2026-03-12T19:53:04.139607,0,3,1,0,9,-1.0,194.75,0.0,0.0,0.0,6.4,-22,125
2026-03-12T19:53:04.264137,0,3,1,0,9,-1.0,194.75,0.0,0.0,0.0,6.4,-22,125
2026-03-12T19:53:04.391167,0,3,1,0,9,-1.0,194.75,0.0,0.0,0.0,6.4,-22,125
2026-03-12T19:53:04.513876,0,3,1,0,9,-1.0,194.75,0.0,0.0,0.0,6.4,-22,125
2026-03-12T19:53:04.641445,0,3,1,0,9,-1.0,194.5,0.0,0.0,0.0,6.4,-22,126
2026-03-12T19:53:04.764714,0,3,1,0,9,-1.0,194.5,0.0,0.0,0.0,6.4,-22,125
2026-03-12T19:53:04.891809,0,3,1,0,9,-1.0,194.5,0.0,0.0,0.0,6.4,-22,125
2026-03-12T19:53:05.014692,0,3,1,0,9,-1.0,194.75,0.0,0.0,0.0,6.4,-22,125
2026-03-12T19:53:05.141973,0,3,1,0,9,-1.0,194.75,0.0,0.0,0.0,6.4,-22,126
2026-03-12T19:53:05.266141,0,3,1,0,9,-1.0,195.0,0.0,0.0,0.0,6.4,-22,124
2026-03-12T19:53:05.393891,0,3,1,0,9,-1.0,194.75,0.0,0.0,0.0,6.4,-22,124
2026-03-12T19:53:05.516086,0,3,1,0,9,-1.0,194.75,0.0,0.0,0.0,6.4,-22,124
2026-03-12T19:53:05.642242,0,3,1,0,9,-1.0,194.75,0.0,0.0,0.0,6.4,-22,126
2026-03-12T19:53:05.768295,0,3,1,0,9,-1.0,194.75,0.0,0.0,0.0,6.4,-22,125
2026-03-12T19:53:05.892222,0,3,1,0,9,-1.0,194.75,0.0,0.0,0.0,6.4,-22,125
2026-03-12T19:53:06.019548,0,3,1,0,9,-1.0,194.75,0.0,0.0,0.0,6.4,-22,125
2026-03-12T19:53:06.143605,0,3,1,0,9,-1.0,194.75,0.0,0.0,0.0,6.4,-22,126
2026-03-12T19:53:06.268512,0,3,1,0,9,-1.0,194.5,0.0,0.0,0.0,6.4,-22,125
2026-03-12T19:53:06.393971,0,3,1,0,9,-1.0,194.5,0.0,0.0,0.0,6.4,-22,124
2026-03-12T19:53:06.518021,0,3,1,0,9,-1.0,194.75,0.0,0.0,0.0,6.4,-22,124
2026-03-12T19:53:06.644299,0,3,1,0,9,-1.0,194.75,0.0,0.0,0.0,6.4,-22,124
2026-03-12T19:53:06.769704,0,3,1,0,9,-1.0,195.0,0.0,0.0,0.0,6.4,-22,125
2026-03-12T19:53:06.895722,0,3,1,0,9,-1.0,194.75,0.0,0.0,0.0,6.4,-22,125
2026-03-12T19:53:07.019387,0,3,1,0,9,-1.0,194.75,0.0,0.0,0.0,6.4,-22,125
2026-03-12T19:53:07.144534,0,3,1,0,9,-1.0,194.75,0.0,0.0,0.0,6.4,-22,125
2026-03-12T19:53:07.272786,0,3,1,0,9,-1.0,194.75,0.0,0.0,0.0,6.4,-22,126
2026-03-12T19:53:07.395385,0,3,1,0,9,-1.0,194.75,0.0,0.0,0.0,6.4,-22,125
2026-03-12T19:53:07.519799,0,3,1,0,9,-1.0,195.0,0.0,0.0,0.0,6.4,-22,125
2026-03-12T19:53:07.645896,0,3,1,0,9,-1.0,194.75,0.0,0.0,0.0,6.4,-22,125
2026-03-12T19:53:07.771368,0,3,1,0,9,-1.0,194.75,0.0,0.0,0.0,6.4,-22,126
2026-03-12T19:53:07.897050,0,3,1,0,9,-1.0,195.0,0.0,0.0,0.0,6.4,-22,124
2026-03-12T19:53:08.015698,0,3,1,0,9,-1.0,194.75,0.0,0.0,0.0,6.4,-22,124
2026-03-12T19:53:08.146808,0,3,1,0,9,-1.0,194.75,0.0,0.0,0.0,6.4,-22,124
2026-03-12T19:53:08.271309,0,3,1,0,9,-1.0,195.0,0.0,0.0,0.0,6.4,-22,125
2026-03-12T19:53:08.398704,0,3,1,0,9,-1.0,195.0,0.0,0.0,0.0,6.4,-22,126
2026-03-12T19:53:08.522442,0,3,1,0,9,-1.0,195.0,0.0,0.0,0.0,6.4,-22,125
2026-03-12T19:53:08.646947,0,3,1,0,9,-1.0,194.75,0.0,0.0,0.0,6.4,-22,125
2026-03-12T19:53:08.774479,0,3,1,0,9,-1.0,194.75,0.0,0.0,0.0,6.4,-22,125
2026-03-12T19:53:08.892876,0,3,1,0,9,-1.0,194.5,0.0,0.0,0.0,6.4,-22,126
2026-03-12T19:53:09.023098,0,3,1,0,9,-1.0,195.0,0.0,0.0,0.0,6.4,-22,125
2026-03-12T19:53:09.148853,0,3,1,0,9,-1.0,195.0,0.0,0.0,0.0,6.4,-22,125
2026-03-12T19:53:09.273657,0,3,1,0,9,-1.0,195.0,0.0,0.0,0.0,6.4,-22,124
2026-03-12T19:53:09.399647,0,3,1,0,9,-1.0,195.0,0.0,0.0,0.0,6.4,-22,125
2026-03-12T19:53:09.524447,0,3,1,0,9,-1.0,194.75,0.0,0.0,0.0,6.4,-22,124
2026-03-12T19:53:09.650586,0,3,1,0,9,-1.0,194.75,0.0,0.0,0.0,6.4,-22,124
2026-03-12T19:53:09.774843,0,3,1,0,9,-1.0,194.75,0.0,0.0,0.0,6.4,-22,124
2026-03-12T19:53:09.900406,0,3,1,0,9,-1.0,194.75,0.0,0.0,0.0,6.4,-22,126
2026-03-12T19:53:10.026180,0,3,1,0,9,-1.0,194.5,0.0,0.0,0.0,6.4,-22,125
2026-03-12T19:53:10.150405,0,3,1,0,9,-1.0,194.75,0.0,0.0,0.0,6.4,-22,125
2026-03-12T19:53:10.275370,0,3,1,0,9,-1.0,194.5,0.0,0.0,0.0,6.4,-22,125
2026-03-12T19:53:10.403063,0,3,1,0,9,-1.0,194.5,0.0,0.0,0.0,6.4,-22,126
2026-03-12T19:53:10.526617,0,3,1,0,9,-1.0,194.5,0.0,0.0,0.0,6.4,-22,125
2026-03-12T19:53:10.654957,0,3,1,0,9,-1.0,194.75,0.0,0.0,0.0,6.4,-22,124
2026-03-12T19:53:10.777496,0,3,1,0,9,-1.0,194.75,0.0,0.0,0.0,6.4,-22,124
2026-03-12T19:53:10.903076,0,3,1,0,9,-1.0,194.75,0.0,0.0,0.0,6.4,-22,124
2026-03-12T19:53:11.021949,0,3,1,0,9,-1.0,195.0,0.0,0.0,0.0,6.4,-22,125
2026-03-12T19:53:11.153640,0,3,1,0,9,-1.0,194.5,0.0,0.0,0.0,6.4,-22,125
2026-03-12T19:53:11.278530,0,3,1,0,9,-1.0,194.75,0.0,0.0,0.0,6.4,-22,125
2026-03-12T19:53:11.403014,0,3,1,0,9,-1.0,195.0,0.0,0.0,0.0,6.4,-22,125
2026-03-12T19:53:11.532016,0,3,1,0,9,-1.0,195.0,0.0,0.0,0.0,6.4,-22,126
2026-03-12T19:53:11.654434,0,3,1,0,9,-1.0,194.75,0.0,0.0,0.0,6.4,-22,125
2026-03-12T19:53:11.781815,0,3,1,0,9,-1.0,194.5,0.0,0.0,0.0,6.4,-22,125
2026-03-12T19:53:11.904268,0,3,1,0,9,-1.0,194.5,0.0,0.0,0.0,6.4,-22,125
2026-03-12T19:53:12.023766,0,3,1,0,9,-1.0,194.5,0.0,0.0,0.0,6.4,-22,126
2026-03-12T19:53:12.156000,0,3,1,0,9,-1.0,194.5,0.0,0.0,0.0,6.4,-22,124
2026-03-12T19:53:12.279490,0,3,1,0,9,-1.0,194.5,0.0,0.0,0.0,6.4,-22,124
2026-03-12T19:53:12.408524,0,3,1,0,9,-1.0,194.75,0.0,0.0,0.0,6.4,-22,124
2026-03-12T19:53:12.530177,0,3,1,0,9,-1.0,194.75,0.0,0.0,0.0,6.4,-22,124
2026-03-12T19:53:12.659367,0,3,1,0,9,-1.0,195.0,0.0,0.0,0.0,6.4,-22,125
2026-03-12T19:53:12.781436,0,3,1,0,9,-1.0,195.0,0.0,0.0,0.0,6.4,-22,125
2026-03-12T19:53:12.899826,0,3,1,0,9,-1.0,194.5,0.0,0.0,0.0,6.4,-22,125
2026-03-12T19:53:13.024873,0,3,1,0,9,-1.0,194.5,0.0,0.0,0.0,6.4,-22,125
2026-03-12T19:53:13.157369,0,3,1,0,9,-1.0,194.75,0.0,0.0,0.0,6.4,-22,126
2026-03-12T19:53:13.284715,0,3,1,0,9,-1.0,194.75,0.0,0.0,0.0,6.4,-22,125
2026-03-12T19:53:13.407335,0,3,1,0,9,-1.0,194.75,0.0,0.0,0.0,6.4,-22,125
2026-03-12T19:53:13.534254,0,3,1,0,9,-1.0,194.75,0.0,0.0,0.0,6.4,-22,125
2026-03-12T19:53:13.659164,0,3,1,0,9,-1.0,195.0,0.0,0.0,0.0,6.4,-22,125
2026-03-12T19:53:13.783529,0,3,1,0,9,-1.0,194.75,0.0,0.0,0.0,6.4,-22,124
2026-03-12T19:53:13.908456,0,3,1,0,9,-1.0,194.5,0.0,0.0,0.0,6.4,-22,124
2026-03-12T19:53:14.034053,0,3,1,0,9,-1.0,194.75,0.0,0.0,0.0,6.4,-22,125
2026-03-12T19:53:14.161749,0,3,1,0,9,-1.0,194.75,0.0,0.0,0.0,6.4,-22,126
2026-03-12T19:53:14.285658,0,3,1,0,9,-1.0,194.75,0.0,0.0,0.0,6.4,-22,125
2026-03-12T19:53:14.410279,0,3,1,0,9,-1.0,194.75,0.0,0.0,0.0,6.4,-22,125
2026-03-12T19:53:14.535310,0,3,1,0,9,-1.0,194.75,0.0,0.0,0.0,6.4,-22,125
2026-03-12T19:53:14.660483,0,3,1,0,9,-1.0,194.75,0.0,0.0,0.0,6.4,-22,126
2026-03-12T19:53:14.788029,0,3,1,0,9,-1.0,194.5,0.0,0.0,0.0,6.4,-22,126
2026-03-12T19:53:14.911798,0,3,1,0,9,-1.0,195.0,0.0,0.0,0.0,6.4,-22,125
2026-03-12T19:53:15.038505,0,3,1,0,9,-1.0,195.0,0.0,0.0,0.0,6.4,-22,125
2026-03-12T19:53:15.160950,0,3,1,0,9,-1.0,195.0,0.0,0.0,0.0,6.4,-22,124
2026-03-12T19:53:15.287784,0,3,1,0,9,-1.0,194.75,0.0,0.0,0.0,6.4,-22,125
2026-03-12T19:53:15.412202,0,3,1,0,9,-1.0,194.75,0.0,0.0,0.0,6.4,-22,124
2026-03-12T19:53:15.538845,0,3,1,0,9,-1.0,194.75,0.0,0.0,0.0,6.4,-22,124
2026-03-12T19:53:15.662489,0,3,1,0,9,-1.0,194.75,0.0,0.0,0.0,6.4,-22,125
2026-03-12T19:53:15.788898,0,3,1,0,9,-1.0,194.75,0.0,0.0,0.0,6.4,-22,126
2026-03-12T19:53:15.913142,0,3,1,0,9,-1.0,194.75,0.0,0.0,0.0,6.4,-22,125
2026-03-12T19:53:16.040697,0,3,1,0,9,-1.0,194.5,0.0,0.0,0.0,6.4,-22,125
2026-03-12T19:53:16.157218,0,3,1,0,9,-1.0,194.75,0.0,0.0,0.0,6.4,-22,125
2026-03-12T19:53:16.289252,0,3,1,0,9,-1.0,194.75,0.0,0.0,0.0,6.4,-22,126
2026-03-12T19:53:16.416511,0,3,1,0,9,-1.0,195.0,0.0,0.0,0.0,6.4,-22,125
2026-03-12T19:53:16.539456,0,3,1,0,9,-1.0,194.75,0.0,0.0,0.0,6.4,-22,124
2026-03-12T19:53:16.664537,0,3,1,0,9,-1.0,194.75,0.0,0.0,0.0,6.4,-22,124
2026-03-12T19:53:16.792175,0,3,1,0,9,-1.0,194.75,0.0,0.0,0.0,6.4,-22,124
2026-03-12T19:53:16.914879,0,3,1,0,9,-1.0,194.75,0.0,0.0,0.0,6.4,-22,125
2026-03-12T19:53:17.040590,0,3,1,0,9,-1.0,194.75,0.0,0.0,0.0,6.4,-22,124
2026-03-12T19:53:17.165194,0,3,1,0,9,-1.0,194.75,0.0,0.0,0.0,6.4,-22,124
2026-03-12T19:53:17.292565,0,3,1,0,9,-1.0,194.75,0.0,0.0,0.0,6.4,-22,126
2026-03-12T19:53:17.417487,0,3,1,0,9,-1.0,194.5,0.0,0.0,0.0,6.4,-22,126
2026-03-12T19:53:17.543235,0,3,1,0,9,-1.0,194.75,0.0,0.0,0.0,6.4,-22,125
2026-03-12T19:53:17.666962,0,3,1,0,9,-1.0,194.75,0.0,0.0,0.0,6.4,-22,125
2026-03-12T19:53:17.786306,0,3,1,0,9,-1.0,194.5,0.0,0.0,0.0,6.4,-22,125
2026-03-12T19:53:17.918882,0,3,1,0,9,-1.0,194.75,0.0,0.0,0.0,6.4,-22,126
2026-03-12T19:53:18.042944,0,3,1,0,9,-1.0,194.75,0.0,0.0,0.0,6.4,-22,125
2026-03-12T19:53:18.168092,0,3,1,0,9,-1.0,194.75,0.0,0.0,0.0,6.4,-22,124
2026-03-12T19:53:18.294856,0,3,1,0,9,-1.0,194.75,0.0,0.0,0.0,6.4,-22,124
2026-03-12T19:53:18.422055,0,3,1,0,9,-1.0,194.75,0.0,0.0,0.0,6.4,-22,125
2026-03-12T19:53:18.544899,0,3,1,0,9,-1.0,194.5,0.0,0.0,0.0,6.4,-22,125
2026-03-12T19:53:18.669306,0,3,1,0,9,-1.0,194.5,0.0,0.0,0.0,6.4,-22,125
2026-03-12T19:53:18.794586,0,3,1,0,9,-1.0,194.75,0.0,0.0,0.0,6.4,-22,125
2026-03-12T19:53:18.921951,0,3,1,0,9,-1.0,194.5,0.0,0.0,0.0,6.4,-22,126
2026-03-12T19:53:19.050841,0,3,1,0,9,-1.0,194.5,0.0,0.0,0.0,6.4,-22,126
2026-03-12T19:53:19.172704,0,3,1,0,9,-1.0,194.75,0.0,0.0,0.0,6.4,-22,125
2026-03-12T19:53:19.296513,0,3,1,0,9,-1.0,194.75,0.0,0.0,0.0,6.4,-22,125
2026-03-12T19:53:19.424998,0,3,1,0,9,-1.0,194.5,0.0,0.0,0.0,6.4,-22,125
2026-03-12T19:53:19.548267,0,3,1,0,9,-1.0,194.5,0.0,0.0,0.0,6.4,-22,125
2026-03-12T19:53:19.675258,0,3,1,0,9,-1.0,194.5,0.0,0.0,0.0,6.4,-22,124
2026-03-12T19:53:19.797760,0,3,1,0,9,-1.0,195.0,0.0,0.0,0.0,6.4,-22,124
2026-03-12T19:53:19.923441,0,3,1,0,9,-1.0,195.0,0.0,0.0,0.0,6.4,-22,124
2026-03-12T19:53:20.050422,0,3,1,0,9,-1.0,195.0,0.0,0.0,0.0,6.4,-22,125
2026-03-12T19:53:20.174492,0,3,1,0,9,-1.0,195.0,0.0,0.0,0.0,6.4,-22,125
2026-03-12T19:53:20.298922,0,3,1,0,9,-1.0,194.75,0.0,0.0,0.0,6.4,-22,125
2026-03-12T19:53:20.424546,0,3,1,0,9,-1.0,194.75,0.0,0.0,0.0,6.4,-22,125
2026-03-12T19:53:20.549689,0,3,1,0,9,-1.0,194.75,0.0,0.0,0.0,6.4,-22,126
2026-03-12T19:53:20.676239,0,3,1,0,9,-1.0,194.75,0.0,0.0,0.0,6.4,-22,125
2026-03-12T19:53:20.799926,0,3,1,0,9,-1.0,194.75,0.0,0.0,0.0,6.4,-22,125
2026-03-12T19:53:20.925699,0,3,1,0,9,-1.0,194.5,0.0,0.0,0.0,6.4,-22,125
2026-03-12T19:53:21.052217,0,3,1,0,9,-1.0,194.75,0.0,0.0,0.0,6.4,-22,126
2026-03-12T19:53:21.176000,0,3,1,0,9,-1.0,194.75,0.0,0.0,0.0,6.4,-22,124
2026-03-12T19:53:21.300946,0,3,1,0,9,-1.0,194.25,0.0,0.0,0.0,6.4,-22,124
2026-03-12T19:53:21.427516,0,3,1,0,9,-1.0,194.75,0.0,0.0,0.0,6.4,-22,124
2026-03-12T19:53:21.551324,0,3,1,0,9,-1.0,194.75,0.0,0.0,0.0,6.4,-22,124
2026-03-12T19:53:21.670796,0,3,1,0,9,-1.0,194.5,0.0,0.0,0.0,6.4,-22,126
2026-03-12T19:53:21.802420,0,3,1,0,9,-1.0,194.5,0.0,0.0,0.0,6.4,-22,125
2026-03-12T19:53:21.920873,0,3,1,0,9,-1.0,194.75,0.0,0.0,0.0,6.4,-22,125
2026-03-12T19:53:22.045893,0,3,1,0,9,-1.0,194.75,0.0,0.0,0.0,6.4,-22,125
2026-03-12T19:53:22.178829,0,3,1,0,9,-1.0,194.75,0.0,0.0,0.0,6.4,-22,126
2026-03-12T19:53:22.303433,0,3,1,0,9,-1.0,194.75,0.0,0.0,0.0,6.4,-22,125
2026-03-12T19:53:22.429357,0,3,1,0,9,-1.0,194.75,0.0,0.0,0.0,6.4,-22,125
2026-03-12T19:53:22.553521,0,3,1,0,9,-1.0,194.75,0.0,0.0,0.0,6.4,-22,125
2026-03-12T19:53:22.672826,0,3,1,0,9,-1.0,194.75,0.0,0.0,0.0,6.4,-22,125
2026-03-12T19:53:22.797946,0,3,1,0,9,-1.0,195.0,0.0,0.0,0.0,6.4,-22,124
2026-03-12T19:53:22.929791,0,3,1,0,9,-1.0,195.0,0.0,0.0,0.0,6.4,-22,124
2026-03-12T19:53:23.054446,0,3,1,0,9,-1.0,194.75,0.0,0.0,0.0,6.4,-22,124
2026-03-12T19:53:23.194137,0,3,1,0,9,-1.0,194.75,0.0,0.0,0.0,6.4,-22,125
2026-03-12T19:53:23.306504,0,3,1,0,9,-1.0,194.75,0.0,0.0,0.0,6.4,-22,125
2026-03-12T19:53:23.433502,0,3,1,0,9,-1.0,194.5,0.0,0.0,0.0,6.4,-22,125
2026-03-12T19:53:23.556830,0,3,1,0,9,-1.0,194.75,0.0,0.0,0.0,6.4,-22,125
2026-03-12T19:53:23.684279,0,3,1,0,9,-1.0,194.75,0.0,0.0,0.0,6.4,-22,126
2026-03-12T19:53:23.809047,0,3,1,0,9,-1.0,194.75,0.0,0.0,0.0,6.4,-22,126
2026-03-12T19:53:23.933529,0,3,1,0,9,-1.0,194.5,0.0,0.0,0.0,6.4,-22,125
2026-03-12T19:53:24.058557,0,3,1,0,9,-1.0,194.75,0.0,0.0,0.0,6.4,-24,125
2026-03-12T19:53:24.183061,0,3,1,0,9,-1.0,194.75,0.0,0.0,0.0,6.4,-22,125
2026-03-12T19:53:24.312204,0,3,1,0,9,-1.0,194.5,0.0,0.0,0.0,6.4,-28,126
2026-03-12T19:53:24.434345,0,3,1,0,9,-1.0,194.5,0.0,0.0,0.0,6.4,-29,124
2026-03-12T19:53:24.559761,0,3,1,0,9,-1.0,194.5,0.0,0.0,0.0,6.4,-22,124
2026-03-12T19:53:24.677888,0,3,1,0,9,-1.0,195.0,0.0,0.0,0.0,6.4,-22,124
2026-03-12T19:53:24.810333,0,3,1,0,9,-1.0,194.75,0.0,0.0,0.0,6.4,-22,125
2026-03-12T19:53:24.935573,0,3,1,0,9,-1.0,194.75,0.0,0.0,0.0,6.4,-22,125
2026-03-12T19:53:25.060412,0,3,1,0,9,-1.0,194.5,0.0,0.0,0.0,6.4,-22,125
2026-03-12T19:53:25.185093,0,3,1,0,9,-1.0,194.5,0.0,0.0,0.0,6.4,-22,125
2026-03-12T19:53:25.312635,0,3,1,0,9,-1.0,194.5,0.0,0.0,0.0,6.4,-22,126
2026-03-12T19:53:25.436185,0,3,1,0,9,-1.0,194.75,0.0,0.0,0.0,6.4,-22,125
2026-03-12T19:53:25.563368,0,3,1,0,9,-1.0,194.75,0.0,0.0,0.0,6.4,-22,125
2026-03-12T19:53:25.686531,0,3,1,0,9,-1.0,194.75,0.0,0.0,0.0,6.4,-22,125
2026-03-12T19:53:25.811026,0,3,1,0,9,-1.0,194.75,0.0,0.0,0.0,6.4,-22,125
2026-03-12T19:53:25.940178,0,3,1,0,9,-1.0,194.75,0.0,0.0,0.0,6.4,-22,126
2026-03-12T19:53:26.061892,0,3,1,0,9,-1.0,195.0,0.0,0.0,0.0,6.4,-22,124
2026-03-12T19:53:26.190383,0,3,1,0,9,-1.0,195.0,0.0,0.0,0.0,6.4,-22,124
2026-03-12T19:53:26.312228,0,3,1,0,9,-1.0,194.75,0.0,0.0,0.0,6.4,-22,124
2026-03-12T19:53:26.441190,0,3,1,0,9,-1.0,194.75,0.0,0.0,0.0,6.4,-22,126
2026-03-12T19:53:26.563374,0,3,1,0,9,-1.0,194.75,0.0,0.0,0.0,6.4,-25,125
2026-03-12T19:53:26.688015,0,3,1,0,9,-1.0,194.75,0.0,0.0,0.0,6.4,-28,125
2026-03-12T19:53:26.807263,0,3,1,0,9,-1.0,194.75,0.0,0.0,0.0,6.4,-24,125
2026-03-12T19:53:26.933271,0,3,1,0,9,-1.0,194.75,0.0,0.0,0.0,6.4,-26,126
2026-03-12T19:53:27.058328,0,3,1,0,9,-1.0,194.5,0.0,0.0,0.0,6.4,-26,125
2026-03-12T19:53:27.189980,0,3,1,0,9,-1.0,194.75,0.0,0.0,0.0,6.4,-24,125
2026-03-12T19:53:27.314575,0,3,1,0,9,-1.0,194.75,0.0,0.0,0.0,6.4,-22,125
2026-03-12T19:53:27.440105,0,3,1,0,9,-1.0,194.5,0.0,0.0,0.0,6.4,-22,125
2026-03-12T19:53:27.566322,0,3,1,0,9,-1.0,194.5,0.0,0.0,0.0,6.4,-22,124
2026-03-12T19:53:27.691038,0,3,1,0,9,-1.0,194.5,0.0,0.0,0.0,6.4,-22,124
2026-03-12T19:53:27.815315,0,3,1,0,9,-1.0,194.5,0.0,0.0,0.0,6.4,-22,125
2026-03-12T19:53:27.940998,0,3,1,0,9,-1.0,194.75,0.0,0.0,0.0,6.4,-22,125
2026-03-12T19:53:28.060454,0,3,1,0,9,-1.0,194.75,0.0,0.0,0.0,6.4,-22,126
2026-03-12T19:53:28.192199,0,3,1,0,9,-1.0,194.75,0.0,0.0,0.0,6.4,-22,125
2026-03-12T19:53:28.316834,0,3,1,0,9,-1.0,194.5,0.0,0.0,0.0,6.4,-22,125
2026-03-12T19:53:28.443317,0,3,1,0,9,-1.0,194.75,0.0,0.0,0.0,6.4,-22,125
2026-03-12T19:53:28.569534,0,3,1,0,9,-1.0,195.0,0.0,0.0,0.0,6.4,-22,125
2026-03-12T19:53:28.694274,0,3,1,0,9,-1.0,194.75,0.0,0.0,0.0,6.4,-22,124
2026-03-12T19:53:28.820806,0,3,1,0,9,-1.0,194.75,0.0,0.0,0.0,6.4,-22,124
2026-03-12T19:53:28.943778,0,3,1,0,9,-1.0,194.75,0.0,0.0,0.0,6.4,-22,124
2026-03-12T19:53:29.069932,0,3,1,0,9,-1.0,194.75,0.0,0.0,0.0,6.4,-22,126
2026-03-12T19:53:29.195837,0,3,1,0,9,-1.0,194.75,0.0,0.0,0.0,6.4,-22,125
2026-03-12T19:53:29.318939,0,3,1,0,9,-1.0,194.75,0.0,0.0,0.0,6.4,-22,125
2026-03-12T19:53:29.444640,0,3,1,0,9,-1.0,195.0,0.0,0.0,0.0,6.4,-22,125
2026-03-12T19:53:29.570128,0,3,1,0,9,-1.0,194.75,0.0,0.0,0.0,6.4,-22,125
2026-03-12T19:53:29.689158,0,3,1,0,9,-1.0,195.0,0.0,0.0,0.0,6.4,-22,126
2026-03-12T19:53:29.813924,0,3,1,0,9,-1.0,194.75,0.0,0.0,0.0,6.4,-22,125
2026-03-12T19:53:29.939633,0,3,1,0,9,-1.0,194.5,0.0,0.0,0.0,6.4,-22,125
2026-03-12T19:53:30.070183,0,3,1,0,9,-1.0,194.75,0.0,0.0,0.0,6.4,-22,124
2026-03-12T19:53:30.190003,0,3,1,0,9,-1.0,194.75,0.0,0.0,0.0,6.4,-22,125
2026-03-12T19:53:30.321048,0,3,1,0,9,-1.0,194.75,0.0,0.0,0.0,6.4,-22,125
2026-03-12T19:53:30.445959,0,3,1,0,9,-1.0,194.75,0.0,0.0,0.0,6.4,-22,125
2026-03-12T19:53:30.571529,0,3,1,0,9,-1.0,194.75,0.0,0.0,0.0,6.4,-22,125
2026-03-12T19:53:30.697276,0,3,1,0,9,-1.0,195.0,0.0,0.0,0.0,6.4,-22,126
2026-03-12T19:53:30.823082,0,3,1,0,9,-1.0,194.75,0.0,0.0,0.0,6.4,-22,125
2026-03-12T19:53:30.948419,0,3,1,0,9,-1.0,194.75,0.0,0.0,0.0,6.4,-22,125
2026-03-12T19:53:31.073156,0,3,1,0,9,-1.0,195.0,0.0,0.0,0.0,6.4,-22,125
2026-03-12T19:53:31.199427,0,3,1,0,9,-1.0,195.0,0.0,0.0,0.0,6.4,-22,126
2026-03-12T19:53:31.323065,0,3,1,0,9,-1.0,194.5,0.0,0.0,0.0,6.4,-22,125
2026-03-12T19:53:31.449041,0,3,1,0,9,-1.0,194.75,0.0,0.0,0.0,6.4,-22,124
2026-03-12T19:53:31.574538,0,3,1,0,9,-1.0,194.75,0.0,0.0,0.0,6.4,-22,124
2026-03-12T19:53:31.699378,0,3,1,0,9,-1.0,194.75,0.0,0.0,0.0,6.4,-22,124
2026-03-12T19:53:31.826529,0,3,1,0,9,-1.0,194.75,0.0,0.0,0.0,6.4,-22,125
2026-03-12T19:53:31.949335,0,3,1,0,9,-1.0,194.75,0.0,0.0,0.0,6.4,-22,125
2026-03-12T19:53:32.075600,0,3,1,0,9,-1.0,194.75,0.0,0.0,0.0,6.4,-22,125
2026-03-12T19:53:32.200906,0,3,1,0,9,-1.0,194.75,0.0,0.0,0.0,6.4,-22,125
2026-03-12T19:53:32.326255,0,3,1,0,9,-1.0,195.0,0.0,0.0,0.0,6.4,-22,126
2026-03-12T19:53:32.450838,0,3,1,0,9,-1.0,195.0,0.0,0.0,0.0,6.4,-22,125
2026-03-12T19:53:32.576348,0,3,1,0,9,-1.0,194.75,0.0,0.0,0.0,6.4,-22,124
2026-03-12T19:53:32.701946,0,3,1,0,9,-1.0,194.75,0.0,0.0,0.0,6.4,-22,124
2026-03-12T19:53:32.827164,0,3,1,0,9,-1.0,195.0,0.0,0.0,0.0,6.4,-22,125
2026-03-12T19:53:32.952126,0,3,1,0,9,-1.0,195.0,0.0,0.0,0.0,6.4,-22,124
2026-03-12T19:53:33.077327,0,3,1,0,9,-1.0,195.0,0.0,0.0,0.0,6.4,-22,124
2026-03-12T19:53:33.202329,0,3,1,0,9,-1.0,194.75,0.0,0.0,0.0,6.4,-22,125
2026-03-12T19:53:33.329934,0,3,1,0,9,-1.0,194.75,0.0,0.0,0.0,6.4,-22,126
2026-03-12T19:53:33.446408,0,3,1,0,9,-1.0,194.75,0.0,0.0,0.0,6.4,-22,125
2026-03-12T19:53:33.577552,0,3,1,0,9,-1.0,195.0,0.0,0.0,0.0,6.4,-22,125
2026-03-12T19:53:33.703143,0,3,1,0,9,-1.0,194.75,0.0,0.0,0.0,6.4,-22,125
2026-03-12T19:53:33.827871,0,3,1,0,9,-1.0,194.75,0.0,0.0,0.0,6.4,-22,125
2026-03-12T19:53:33.955853,0,3,1,0,9,-1.0,195.0,0.0,0.0,0.0,6.4,-22,126
2026-03-12T19:53:34.078873,0,3,1,0,9,-1.0,195.0,0.0,0.0,0.0,6.4,-22,124
2026-03-12T19:53:34.205274,0,3,1,0,9,-1.0,195.0,0.0,0.0,0.0,6.4,-22,124
2026-03-12T19:53:34.322391,0,3,1,0,9,-1.0,194.75,0.0,0.0,0.0,6.4,-22,124
2026-03-12T19:53:34.454521,0,3,1,0,9,-1.0,194.75,0.0,0.0,0.0,6.4,-22,126
2026-03-12T19:53:34.579548,0,3,1,0,9,-1.0,195.0,0.0,0.0,0.0,6.4,-22,125
2026-03-12T19:53:34.705359,0,3,1,0,9,-1.0,194.5,0.0,0.0,0.0,6.4,-22,125
2026-03-12T19:53:34.830408,0,3,1,0,9,-1.0,194.75,0.0,0.0,0.0,6.4,-22,125
2026-03-12T19:53:34.955828,0,3,1,0,9,-1.0,194.75,0.0,0.0,0.0,6.4,-22,126
2026-03-12T19:53:35.082754,0,3,1,0,9,-1.0,194.75,0.0,0.0,0.0,6.4,-22,126
2026-03-12T19:53:35.200648,0,3,1,0,9,-1.0,194.75,0.0,0.0,0.0,6.4,-22,125
2026-03-12T19:53:35.332174,0,3,1,0,9,-1.0,194.75,0.0,0.0,0.0,6.4,-22,125
2026-03-12T19:53:35.457353,0,3,1,0,9,-1.0,194.75,0.0,0.0,0.0,6.4,-22,125
2026-03-12T19:53:35.583938,0,3,1,0,9,-1.0,194.75,0.0,0.0,0.0,6.4,-22,125
2026-03-12T19:53:35.708357,0,3,1,0,9,-1.0,194.75,0.0,0.0,0.0,6.4,-22,124
2026-03-12T19:53:35.832623,0,3,1,0,9,-1.0,195.0,0.0,0.0,0.0,6.4,-22,124
2026-03-12T19:53:35.957392,0,3,1,0,9,-1.0,194.75,0.0,0.0,0.0,6.4,-22,124
2026-03-12T19:53:36.088364,0,3,1,0,9,-1.0,195.0,0.0,0.0,0.0,6.4,-22,126
2026-03-12T19:53:36.208526,0,3,1,0,9,-1.0,195.0,0.0,0.0,0.0,6.4,-22,125
2026-03-12T19:53:36.333776,0,3,1,0,9,-1.0,195.0,0.0,0.0,0.0,6.4,-22,125
2026-03-12T19:53:36.459252,0,3,1,0,9,-1.0,194.5,0.0,0.0,0.0,6.4,-22,125
2026-03-12T19:53:36.585977,0,3,1,0,9,-1.0,194.5,0.0,0.0,0.0,6.4,-22,126
2026-03-12T19:53:36.711109,0,3,1,0,9,-1.0,194.5,0.0,0.0,0.0,6.4,-22,125
2026-03-12T19:53:36.835085,0,3,1,0,9,-1.0,195.0,0.0,0.0,0.0,6.4,-22,125
2026-03-12T19:53:36.960099,0,3,1,0,9,-1.0,194.75,0.0,0.0,0.0,6.4,-22,125
2026-03-12T19:53:37.085197,0,3,1,0,9,-1.0,194.75,0.0,0.0,0.0,6.4,-22,125
2026-03-12T19:53:37.213107,0,3,1,0,9,-1.0,195.0,0.0,0.0,0.0,6.4,-22,125
2026-03-12T19:53:37.335949,0,3,1,0,9,-1.0,195.0,0.0,0.0,0.0,6.4,-22,124
2026-03-12T19:53:37.461972,0,3,1,0,9,-1.0,194.75,0.0,0.0,0.0,6.4,-22,124
2026-03-12T19:53:37.585956,0,3,1,0,9,-1.0,194.75,0.0,0.0,0.0,6.4,-22,124
2026-03-12T19:53:37.715669,0,3,1,0,9,-1.0,195.0,0.0,0.0,0.0,6.4,-22,126
2026-03-12T19:53:37.831156,0,3,1,0,9,-1.0,195.0,0.0,0.0,0.0,6.4,-22,125
2026-03-12T19:53:37.961871,0,3,1,0,9,-1.0,195.0,0.0,0.0,0.0,6.4,-22,124
2026-03-12T19:53:38.087491,0,3,1,0,9,-1.0,194.75,0.0,0.0,0.0,6.4,-22,125
2026-03-12T19:53:38.207324,0,3,1,0,9,-1.0,194.75,0.0,0.0,0.0,6.4,-22,126
2026-03-12T19:53:38.332413,0,3,1,0,9,-1.0,194.75,0.0,0.0,0.0,6.4,-22,125
2026-03-12T19:53:38.462679,0,3,1,0,9,-1.0,194.75,0.0,0.0,0.0,6.4,-22,125
2026-03-12T19:53:38.587421,0,3,1,0,9,-1.0,195.0,0.0,0.0,0.0,6.4,-22,125
2026-03-12T19:53:38.714723,0,3,1,0,9,-1.0,195.0,0.0,0.0,0.0,6.4,-22,126
2026-03-12T19:53:38.840334,0,3,1,0,9,-1.0,195.0,0.0,0.0,0.0,6.4,-22,125
2026-03-12T19:53:38.964595,0,3,1,0,9,-1.0,195.0,0.0,0.0,0.0,6.4,-22,125
2026-03-12T19:53:39.083117,0,3,1,0,9,-1.0,195.0,0.0,0.0,0.0,6.4,-22,125
2026-03-12T19:53:39.214116,0,3,1,0,9,-1.0,194.75,0.0,0.0,0.0,6.4,-22,125
2026-03-12T19:53:39.343677,0,3,1,0,9,-1.0,195.0,0.0,0.0,0.0,6.4,-22,126
2026-03-12T19:53:39.459158,0,3,1,0,9,-1.0,194.75,0.0,0.0,0.0,6.4,-22,124
2026-03-12T19:53:39.584215,0,3,1,0,9,-1.0,194.5,0.0,0.0,0.0,6.4,-22,124
2026-03-12T19:53:39.715460,0,3,1,0,9,-1.0,194.5,0.0,0.0,0.0,6.4,-22,124
2026-03-12T19:53:39.840992,0,3,1,0,9,-1.0,195.0,0.0,0.0,0.0,6.4,-22,125
2026-03-12T19:53:39.966818,0,3,1,0,9,-1.0,195.0,0.0,0.0,0.0,6.4,-22,124
2026-03-12T19:53:40.091416,0,3,1,0,9,-1.0,194.75,0.0,0.0,0.0,6.4,-22,124
2026-03-12T19:53:40.210379,0,3,1,0,9,-1.0,194.75,0.0,0.0,0.0,6.4,-22,124
2026-03-12T19:53:40.342826,0,3,1,0,9,-1.0,194.75,0.0,0.0,0.0,6.4,-22,126
2026-03-12T19:53:40.469262,0,3,1,0,9,-1.0,194.5,0.0,0.0,0.0,6.4,-22,125
2026-03-12T19:53:40.592003,0,3,1,0,9,-1.0,195.0,0.0,0.0,0.0,6.4,-22,125
2026-03-12T19:53:40.717153,0,3,1,0,9,-1.0,194.75,0.0,0.0,0.0,6.4,-22,125
2026-03-12T19:53:40.842870,0,3,1,0,9,-1.0,195.0,0.0,0.0,0.0,6.4,-22,125
2026-03-12T19:53:40.968421,0,3,1,0,9,-1.0,195.0,0.0,0.0,0.0,6.4,-22,126
2026-03-12T19:53:41.094442,0,3,1,0,9,-1.0,195.0,0.0,0.0,0.0,6.4,-22,125
2026-03-12T19:53:41.219199,0,3,1,0,9,-1.0,194.75,0.0,0.0,0.0,6.4,-22,125
2026-03-12T19:53:41.343943,0,3,1,0,9,-1.0,194.75,0.0,0.0,0.0,6.4,-22,125
2026-03-12T19:53:41.470399,0,3,1,0,9,-1.0,194.75,0.0,0.0,0.0,6.4,-22,126
2026-03-12T19:53:41.595814,0,3,1,0,9,-1.0,194.75,0.0,0.0,0.0,6.4,-22,125
2026-03-12T19:53:41.720926,0,3,1,0,9,-1.0,194.75,0.0,0.0,0.0,6.4,-22,125
2026-03-12T19:53:41.845056,0,3,1,0,9,-1.0,194.75,0.0,0.0,0.0,6.4,-22,124
2026-03-12T19:53:41.971446,0,3,1,0,9,-1.0,195.0,0.0,0.0,0.0,6.4,-22,125
2026-03-12T19:53:42.096693,0,3,1,0,9,-1.0,195.0,0.0,0.0,0.0,6.4,-22,124
2026-03-12T19:53:42.222334,0,3,1,0,9,-1.0,194.5,0.0,0.0,0.0,6.4,-22,124
2026-03-12T19:53:42.345883,0,3,1,0,9,-1.0,195.0,0.0,0.0,0.0,6.4,-22,125
2026-03-12T19:53:42.472697,0,3,1,0,9,-1.0,195.0,0.0,0.0,0.0,6.4,-22,125
2026-03-12T19:53:42.590526,0,3,1,0,9,-1.0,195.0,0.0,0.0,0.0,6.4,-22,126
2026-03-12T19:53:42.723478,0,3,1,0,9,-1.0,195.0,0.0,0.0,0.0,6.4,-22,125
2026-03-12T19:53:42.846762,0,3,1,0,9,-1.0,195.0,0.0,0.0,0.0,6.4,-22,125
2026-03-12T19:53:42.974732,0,3,1,0,9,-1.0,195.0,0.0,0.0,0.0,6.4,-22,125
2026-03-12T19:53:43.098448,0,3,1,0,9,-1.0,195.0,0.0,0.0,0.0,6.4,-22,126
2026-03-12T19:53:43.223523,0,3,1,0,9,-1.0,194.75,0.0,0.0,0.0,6.4,-22,125
2026-03-12T19:53:43.347791,0,3,1,0,9,-1.0,195.0,0.0,0.0,0.0,6.4,-22,125
2026-03-12T19:53:43.474538,0,3,1,0,9,-1.0,195.0,0.0,0.0,0.0,6.4,-22,125
2026-03-12T19:53:43.599800,0,3,1,0,9,-1.0,194.5,0.0,0.0,0.0,6.4,-22,126
2026-03-12T19:53:43.725420,0,3,1,0,9,-1.0,194.75,0.0,0.0,0.0,6.4,-22,124
2026-03-12T19:53:43.849577,0,3,1,0,9,-1.0,194.75,0.0,0.0,0.0,6.4,-22,124
2026-03-12T19:53:43.975216,0,3,1,0,9,-1.0,194.5,0.0,0.0,0.0,6.4,-22,124
2026-03-12T19:53:44.100537,0,3,1,0,9,-1.0,194.5,0.0,0.0,0.0,6.4,-22,125
2026-03-12T19:53:44.225938,0,3,1,0,9,-1.0,194.5,0.0,0.0,0.0,6.4,-22,125
2026-03-12T19:53:44.350152,0,3,1,0,9,-1.0,194.75,0.0,0.0,0.0,6.4,-22,125
2026-03-12T19:53:44.477954,0,3,1,0,9,-1.0,194.75,0.0,0.0,0.0,6.4,-22,125
2026-03-12T19:53:44.600202,0,3,1,0,9,-1.0,194.75,0.0,0.0,0.0,6.4,-22,125
2026-03-12T19:53:44.726264,0,3,1,0,9,-1.0,194.75,0.0,0.0,0.0,6.4,-22,126
2026-03-12T19:53:44.850926,0,3,1,0,9,-1.0,195.0,0.0,0.0,0.0,6.4,-22,125
2026-03-12T19:53:44.976912,0,3,1,0,9,-1.0,195.0,0.0,0.0,0.0,6.4,-22,125
2026-03-12T19:53:45.101470,0,3,1,0,9,-1.0,194.75,0.0,0.0,0.0,6.4,-22,124
2026-03-12T19:53:45.229518,0,3,1,0,9,-1.0,194.75,0.0,0.0,0.0,6.4,-22,125
2026-03-12T19:53:45.345664,0,3,1,0,9,-1.0,194.75,0.0,0.0,0.0,6.4,-22,124
2026-03-12T19:53:45.477230,0,3,1,0,9,-1.0,195.0,0.0,0.0,0.0,6.4,-22,124
2026-03-12T19:53:45.603112,0,3,1,0,9,-1.0,195.0,0.0,0.0,0.0,6.4,-22,124
2026-03-12T19:53:45.729214,0,3,1,0,9,-1.0,194.75,0.0,0.0,0.0,6.4,-22,125
2026-03-12T19:53:45.853847,0,3,1,0,9,-1.0,195.0,0.0,0.0,0.0,6.4,-22,125
2026-03-12T19:53:45.978346,0,3,1,0,9,-1.0,194.75,0.0,0.0,0.0,6.4,-22,125
2026-03-12T19:53:46.103665,0,3,1,0,9,-1.0,194.75,0.0,0.0,0.0,6.4,-22,125
2026-03-12T19:53:46.229823,0,3,1,0,9,-1.0,194.75,0.0,0.0,0.0,6.4,-22,126
2026-03-12T19:53:46.354088,0,3,1,0,9,-1.0,195.25,0.0,0.0,0.0,6.4,-22,125
2026-03-12T19:53:46.479774,0,3,1,0,9,-1.0,195.25,0.0,0.0,0.0,6.4,-22,125
2026-03-12T19:53:46.605168,0,3,1,0,9,-1.0,195.25,0.0,0.0,0.0,6.4,-22,125
2026-03-12T19:53:46.729959,0,3,1,0,9,-1.0,195.0,0.0,0.0,0.0,6.4,-22,125
2026-03-12T19:53:46.856875,0,3,1,0,9,-1.0,195.0,0.0,0.0,0.0,6.4,-22,126
2026-03-12T19:53:46.980443,0,3,1,0,9,-1.0,194.75,0.0,0.0,0.0,6.4,-22,124
2026-03-12T19:53:47.105897,0,3,1,0,9,-1.0,195.0,0.0,0.0,0.0,6.4,-22,124
2026-03-12T19:53:47.230636,0,3,1,0,9,-1.0,195.25,0.0,0.0,0.0,6.4,-22,124
2026-03-12T19:53:47.349959,0,3,1,0,9,-1.0,195.0,0.0,0.0,0.0,6.4,-22,125
2026-03-12T19:53:47.481364,0,3,1,0,9,-1.0,195.0,0.0,0.0,0.0,6.4,-22,124
2026-03-12T19:53:47.606104,0,3,1,0,9,-1.0,194.75,0.0,0.0,0.0,6.4,-22,124
2026-03-12T19:53:47.731528,0,3,1,0,9,-1.0,194.75,0.0,0.0,0.0,6.4,-22,124
2026-03-12T19:53:47.857338,0,3,1,0,9,-1.0,194.75,0.0,0.0,0.0,6.4,-22,125
2026-03-12T19:53:47.982522,0,3,1,0,9,-1.0,194.75,0.0,0.0,0.0,6.4,-22,125
2026-03-12T19:53:48.107717,0,3,1,0,9,-1.0,194.75,0.0,0.0,0.0,6.4,-22,125
2026-03-12T19:53:48.232485,0,3,1,0,9,-1.0,194.75,0.0,0.0,0.0,6.4,-22,125
2026-03-12T19:53:48.357342,0,3,1,0,9,-1.0,194.75,0.0,0.0,0.0,6.4,-22,125
2026-03-12T19:53:48.483891,0,3,1,0,9,-1.0,194.75,0.0,0.0,0.0,6.4,-22,126
2026-03-12T19:53:48.608330,0,3,1,0,9,-1.0,194.75,0.0,0.0,0.0,6.4,-22,125
2026-03-12T19:53:48.733072,0,3,1,0,9,-1.0,194.5,0.0,0.0,0.0,6.4,-22,125
2026-03-12T19:53:48.859458,0,3,1,0,9,-1.0,194.5,0.0,0.0,0.0,6.4,-22,125
2026-03-12T19:53:48.984118,0,3,1,0,9,-1.0,194.5,0.0,0.0,0.0,6.4,-22,125
2026-03-12T19:53:49.109852,0,3,1,0,9,-1.0,194.75,0.0,0.0,0.0,6.4,-22,124
2026-03-12T19:53:49.234662,0,3,1,0,9,-1.0,194.75,0.0,0.0,0.0,6.4,-22,124
2026-03-12T19:53:49.359299,0,3,1,0,9,-1.0,194.75,0.0,0.0,0.0,6.4,-22,124
2026-03-12T19:53:49.484933,0,3,1,0,9,-1.0,195.0,0.0,0.0,0.0,6.4,-22,125
2026-03-12T19:53:49.610079,0,3,1,0,9,-1.0,194.75,0.0,0.0,0.0,6.4,-22,124
2026-03-12T19:53:49.735440,0,3,1,0,9,-1.0,194.75,0.0,0.0,0.0,6.4,-22,125
2026-03-12T19:53:49.854345,0,3,1,0,9,-1.0,194.75,0.0,0.0,0.0,6.4,-22,125
2026-03-12T19:53:49.986458,0,3,1,0,9,-1.0,195.0,0.0,0.0,0.0,6.4,-22,126
2026-03-12T19:53:50.111534,0,3,1,0,9,-1.0,195.0,0.0,0.0,0.0,6.4,-22,126
2026-03-12T19:53:50.237448,0,3,1,0,9,-1.0,195.0,0.0,0.0,0.0,6.4,-22,125
2026-03-12T19:53:50.362084,0,3,1,0,9,-1.0,194.75,0.0,0.0,0.0,6.4,-22,125
2026-03-12T19:53:50.487263,0,3,1,0,9,-1.0,194.75,0.0,0.0,0.0,6.4,-22,125
2026-03-12T19:53:50.615602,0,3,1,0,9,-1.0,194.25,0.0,0.0,0.0,6.4,-22,125
2026-03-12T19:53:50.739525,0,3,1,0,9,-1.0,194.75,0.0,0.0,0.0,6.4,-22,125
2026-03-12T19:53:50.864524,0,3,1,0,9,-1.0,195.0,0.0,0.0,0.0,6.4,-22,124
2026-03-12T19:53:50.982842,0,3,1,0,9,-1.0,194.5,0.0,0.0,0.0,6.4,-22,124
2026-03-12T19:53:51.114394,0,3,1,0,9,-1.0,195.0,0.0,0.0,0.0,6.4,-22,125
2026-03-12T19:53:51.239575,0,3,1,0,9,-1.0,195.0,0.0,0.0,0.0,6.4,-22,124
2026-03-12T19:53:51.364674,0,3,1,0,9,-1.0,195.0,0.0,0.0,0.0,6.4,-22,125
2026-03-12T19:53:51.489026,0,3,1,0,9,-1.0,194.75,0.0,0.0,0.0,6.4,-22,125
2026-03-12T19:53:51.618928,0,3,1,0,9,-1.0,194.75,0.0,0.0,0.0,6.4,-22,126
2026-03-12T19:53:51.740804,0,3,1,0,9,-1.0,194.5,0.0,0.0,0.0,6.4,-22,125
2026-03-12T19:53:51.865608,0,3,1,0,9,-1.0,194.75,0.0,0.0,0.0,6.4,-22,125
2026-03-12T19:53:51.991504,0,3,1,0,9,-1.0,194.5,0.0,0.0,0.0,6.4,-22,125
2026-03-12T19:53:52.116694,0,3,1,0,9,-1.0,194.75,0.0,0.0,0.0,6.4,-22,125
2026-03-12T19:53:52.242244,0,3,1,0,9,-1.0,194.5,0.0,0.0,0.0,6.4,-22,126
2026-03-12T19:53:52.360610,0,3,1,0,9,-1.0,194.5,0.0,0.0,0.0,6.4,-22,125
2026-03-12T19:53:52.491587,0,3,1,0,9,-1.0,194.75,0.0,0.0,0.0,6.4,-22,125
2026-03-12T19:53:52.617902,0,3,1,0,9,-1.0,194.75,0.0,0.0,0.0,6.4,-22,124
2026-03-12T19:53:52.743401,0,3,1,0,9,-1.0,194.75,0.0,0.0,0.0,6.4,-22,125
2026-03-12T19:53:52.868738,0,3,1,0,9,-1.0,194.5,0.0,0.0,0.0,6.4,-22,124
2026-03-12T19:53:52.993881,0,3,1,0,9,-1.0,194.5,0.0,0.0,0.0,6.4,-22,124
2026-03-12T19:53:53.112250,0,3,1,0,9,-1.0,194.75,0.0,0.0,0.0,6.4,-22,124
2026-03-12T19:53:53.243902,0,3,1,0,9,-1.0,194.5,0.0,0.0,0.0,6.4,-22,125
2026-03-12T19:53:53.363159,0,3,1,0,9,-1.0,194.5,0.0,0.0,0.0,6.4,-22,126
2026-03-12T19:53:53.487620,0,3,1,0,9,-1.0,194.5,0.0,0.0,0.0,6.4,-22,125
2026-03-12T19:53:53.618547,0,3,1,0,9,-1.0,194.5,0.0,0.0,0.0,6.4,-22,125
2026-03-12T19:53:53.744415,0,3,1,0,9,-1.0,194.5,0.0,0.0,0.0,6.4,-22,125
2026-03-12T19:53:53.870182,0,3,1,0,9,-1.0,194.5,0.0,0.0,0.0,6.4,-22,126
2026-03-12T19:53:53.996123,0,3,1,0,9,-1.0,194.5,0.0,0.0,0.0,6.4,-22,125
2026-03-12T19:53:54.120229,0,3,1,0,9,-1.0,194.75,0.0,0.0,0.0,6.4,-22,125
2026-03-12T19:53:54.245975,0,3,1,0,9,-1.0,195.0,0.0,0.0,0.0,6.4,-22,124
2026-03-12T19:53:54.371490,0,3,1,0,9,-1.0,194.25,0.0,0.0,0.0,6.4,-22,125
2026-03-12T19:53:54.496021,0,3,1,0,9,-1.0,194.5,0.0,0.0,0.0,6.4,-22,124
2026-03-12T19:53:54.620898,0,3,1,0,9,-1.0,194.75,0.0,0.0,0.0,6.4,-22,124
2026-03-12T19:53:54.746702,0,3,1,0,9,-1.0,194.75,0.0,0.0,0.0,6.4,-22,125
2026-03-12T19:53:54.871550,0,3,1,0,9,-1.0,194.75,0.0,0.0,0.0,6.4,-22,125
2026-03-12T19:53:54.998593,0,3,1,0,9,-1.0,194.75,0.0,0.0,0.0,6.4,-22,126
2026-03-12T19:53:55.122961,0,3,1,0,9,-1.0,194.75,0.0,0.0,0.0,6.4,-22,125
2026-03-12T19:53:55.247830,0,3,1,0,9,-1.0,194.75,0.0,0.0,0.0,6.4,-22,125
2026-03-12T19:53:55.372429,0,3,1,0,9,-1.0,194.5,0.0,0.0,0.0,6.4,-22,125
2026-03-12T19:53:55.499524,0,3,1,0,9,-1.0,194.75,0.0,0.0,0.0,6.4,-22,126
2026-03-12T19:53:55.625073,0,3,1,0,9,-1.0,194.75,0.0,0.0,0.0,6.4,-22,125
2026-03-12T19:53:55.748940,0,3,1,0,9,-1.0,194.5,0.0,0.0,0.0,6.4,-22,125
2026-03-12T19:53:55.867558,0,3,1,0,9,-1.0,194.5,0.0,0.0,0.0,6.4,-22,125
2026-03-12T19:53:55.994229,0,3,1,0,9,-1.0,194.5,0.0,0.0,0.0,6.4,-22,125
2026-03-12T19:53:56.124006,0,3,1,0,9,-1.0,194.5,0.0,0.0,0.0,6.4,-22,124
2026-03-12T19:53:56.250016,0,3,1,0,9,-1.0,194.5,0.0,0.0,0.0,6.4,-22,124
2026-03-12T19:53:56.368208,0,3,1,0,9,-1.0,195.0,0.0,0.0,0.0,6.4,-22,124
2026-03-12T19:53:56.500749,0,3,1,0,9,-1.0,195.0,0.0,0.0,0.0,6.4,-22,126
2026-03-12T19:53:56.626374,0,3,1,0,9,-1.0,194.5,0.0,0.0,0.0,6.4,-22,125
2026-03-12T19:53:56.751854,0,3,1,0,9,-1.0,194.5,0.0,0.0,0.0,6.4,-22,125
2026-03-12T19:53:56.869148,0,3,1,0,9,-1.0,194.75,0.0,0.0,0.0,6.4,-22,125
2026-03-12T19:53:56.994276,0,3,1,0,9,-1.0,194.75,0.0,0.0,0.0,6.4,-22,125
2026-03-12T19:53:57.127671,0,3,1,0,9,-1.0,194.5,0.0,0.0,0.0,6.4,-22,126
2026-03-12T19:53:57.252423,0,3,1,0,9,-1.0,194.5,0.0,0.0,0.0,6.4,-22,125
2026-03-12T19:53:57.376592,0,3,1,0,9,-1.0,194.5,0.0,0.0,0.0,6.4,-22,125
2026-03-12T19:53:57.502712,0,3,1,0,9,-1.0,194.5,0.0,0.0,0.0,6.4,-22,125
2026-03-12T19:53:57.621195,0,3,1,0,9,-1.0,194.5,0.0,0.0,0.0,6.4,-22,125
2026-03-12T19:53:57.753612,0,3,1,0,9,-1.0,194.5,0.0,0.0,0.0,6.4,-22,124
2026-03-12T19:53:57.871301,0,3,1,0,9,-1.0,195.0,0.0,0.0,0.0,6.4,-22,124
2026-03-12T19:53:58.003299,0,3,1,0,9,-1.0,194.75,0.0,0.0,0.0,6.4,-22,124
2026-03-12T19:53:58.122274,0,3,1,0,9,-1.0,194.75,0.0,0.0,0.0,6.4,-22,126
2026-03-12T19:53:58.254763,0,3,1,0,9,-1.0,194.75,0.0,0.0,0.0,6.4,-22,125
2026-03-12T19:53:58.379167,0,3,1,0,9,-1.0,194.75,0.0,0.0,0.0,6.4,-22,125
2026-03-12T19:53:58.503969,0,3,1,0,9,-1.0,194.75,0.0,0.0,0.0,6.4,-22,125
2026-03-12T19:53:58.629426,0,3,1,0,9,-1.0,194.75,0.0,0.0,0.0,6.4,-22,125
2026-03-12T19:53:58.755590,0,3,1,0,9,-1.0,194.75,0.0,0.0,0.0,6.4,-22,126
2026-03-12T19:53:58.873495,0,3,1,0,9,-1.0,194.75,0.0,0.0,0.0,6.4,-22,125
2026-03-12T19:53:59.005447,0,3,1,0,9,-1.0,194.75,0.0,0.0,0.0,6.4,-22,125
2026-03-12T19:53:59.129910,0,3,1,0,9,-1.0,194.75,0.0,0.0,0.0,6.4,-22,125
2026-03-12T19:53:59.255866,0,3,1,0,9,-1.0,194.5,0.0,0.0,0.0,6.4,-22,125
2026-03-12T19:53:59.380822,0,3,1,0,9,-1.0,194.75,0.0,0.0,0.0,6.4,-22,124
2026-03-12T19:53:59.506752,0,3,1,0,9,-1.0,194.75,0.0,0.0,0.0,6.4,-22,124
2026-03-12T19:53:59.624555,0,3,1,0,9,-1.0,194.75,0.0,0.0,0.0,6.4,-22,124
2026-03-12T19:53:59.756558,0,3,1,0,9,-1.0,194.5,0.0,0.0,0.0,6.4,-22,125
2026-03-12T19:53:59.882029,0,3,1,0,9,-1.0,194.5,0.0,0.0,0.0,6.4,-22,125
2026-03-12T19:54:00.007435,0,3,1,0,9,-1.0,194.5,0.0,0.0,0.0,6.4,-22,125
2026-03-12T19:54:00.132317,0,3,1,0,9,-1.0,194.5,0.0,0.0,0.0,6.4,-22,125
2026-03-12T19:54:00.251422,0,3,1,0,9,-1.0,194.5,0.0,0.0,0.0,6.4,-22,126
2026-03-12T19:54:00.383011,0,3,1,0,9,-1.0,194.75,0.0,0.0,0.0,6.4,-22,125
2026-03-12T19:54:00.508200,0,3,1,0,9,-1.0,194.75,0.0,0.0,0.0,6.4,-22,125
2026-03-12T19:54:00.626395,0,3,1,0,9,-1.0,194.5,0.0,0.0,0.0,6.4,-22,125
2026-03-12T19:54:00.758359,0,3,1,0,9,-1.0,194.5,0.0,0.0,0.0,6.4,-22,125
2026-03-12T19:54:00.884017,0,3,1,0,9,-1.0,194.5,0.0,0.0,0.0,6.4,-22,125
2026-03-12T19:54:01.008906,0,3,1,0,9,-1.0,194.5,0.0,0.0,0.0,6.4,-22,124
2026-03-12T19:54:01.133615,0,3,1,0,9,-1.0,194.5,0.0,0.0,0.0,6.4,-22,124
2026-03-12T19:54:01.259327,0,3,1,0,9,-1.0,194.75,0.0,0.0,0.0,6.4,-22,124
2026-03-12T19:54:01.385056,0,3,1,0,9,-1.0,194.5,0.0,0.0,0.0,6.4,-22,125
2026-03-12T19:54:01.509890,0,3,1,0,9,-1.0,194.5,0.0,0.0,0.0,6.4,-22,125
2026-03-12T19:54:01.635613,0,3,1,0,9,-1.0,194.75,0.0,0.0,0.0,6.4,-22,125
2026-03-12T19:54:01.759978,0,3,1,0,9,-1.0,195.0,0.0,0.0,0.0,6.4,-22,125
2026-03-12T19:54:01.885143,0,3,1,0,9,-1.0,194.75,0.0,0.0,0.0,6.4,-22,126
2026-03-12T19:54:02.012090,0,3,1,0,9,-1.0,194.75,0.0,0.0,0.0,6.4,-22,125
2026-03-12T19:54:02.136151,0,3,1,0,9,-1.0,194.75,0.0,0.0,0.0,6.4,-22,125
2026-03-12T19:54:02.261306,0,3,1,0,9,-1.0,194.75,0.0,0.0,0.0,6.4,-22,125
2026-03-12T19:54:02.386521,0,3,1,0,9,-1.0,194.75,0.0,0.0,0.0,6.4,-22,125
2026-03-12T19:54:02.512277,0,3,1,0,9,-1.0,194.75,0.0,0.0,0.0,6.4,-22,126
2026-03-12T19:54:02.636877,0,3,1,0,9,-1.0,194.75,0.0,0.0,0.0,6.4,-22,125
2026-03-12T19:54:02.761456,0,3,1,0,9,-1.0,194.75,0.0,0.0,0.0,6.4,-22,125
2026-03-12T19:54:02.888136,0,3,1,0,9,-1.0,195.0,0.0,0.0,0.0,6.4,-22,124
2026-03-12T19:54:03.013450,0,3,1,0,9,-1.0,194.75,0.0,0.0,0.0,6.4,-22,125
2026-03-12T19:54:03.138055,0,3,1,0,9,-1.0,194.5,0.0,0.0,0.0,6.4,-22,124
2026-03-12T19:54:03.263542,0,3,1,0,9,-1.0,194.5,0.0,0.0,0.0,6.4,-22,124
2026-03-12T19:54:03.388897,0,3,1,0,9,-1.0,194.75,0.0,0.0,0.0,6.4,-22,125
2026-03-12T19:54:03.507849,0,3,1,0,9,-1.0,194.75,0.0,0.0,0.0,6.4,-22,125
2026-03-12T19:54:03.639527,0,3,1,0,9,-1.0,194.75,0.0,0.0,0.0,6.4,-22,124
2026-03-12T19:54:03.765230,0,3,1,0,9,-1.0,194.75,0.0,0.0,0.0,6.4,-22,125
2026-03-12T19:54:03.889070,0,3,1,0,9,-1.0,194.75,0.0,0.0,0.0,6.4,-22,125
2026-03-12T19:54:04.008948,0,3,1,0,9,-1.0,194.75,0.0,0.0,0.0,6.4,-22,126
2026-03-12T19:54:04.139447,0,3,1,0,9,-1.0,194.5,0.0,0.0,0.0,6.4,-22,125
2026-03-12T19:54:04.265709,0,3,1,0,9,-1.0,195.0,0.0,0.0,0.0,6.4,-22,125
2026-03-12T19:54:04.389833,0,3,1,0,9,-1.0,195.0,0.0,0.0,0.0,6.4,-22,125
2026-03-12T19:54:04.510282,0,3,1,0,9,-1.0,194.75,0.0,0.0,0.0,6.4,-22,126
2026-03-12T19:54:04.641755,0,3,1,0,9,-1.0,194.75,0.0,0.0,0.0,6.4,-22,125
2026-03-12T19:54:04.766323,0,3,1,0,9,-1.0,194.75,0.0,0.0,0.0,6.4,-22,125
2026-03-12T19:54:04.890743,0,3,1,0,9,-1.0,194.75,0.0,0.0,0.0,6.4,-22,124
2026-03-12T19:54:05.015923,0,3,1,0,9,-1.0,194.75,0.0,0.0,0.0,6.4,-22,124
2026-03-12T19:54:05.142534,0,3,1,0,9,-1.0,194.75,0.0,0.0,0.0,6.4,-22,125
2026-03-12T19:54:05.267248,0,3,1,0,9,-1.0,194.75,0.0,0.0,0.0,6.4,-22,124
2026-03-12T19:54:05.392258,0,3,1,0,9,-1.0,194.75,0.0,0.0,0.0,6.4,-22,125
2026-03-12T19:54:05.516881,0,3,1,0,9,-1.0,194.75,0.0,0.0,0.0,6.4,-22,125
2026-03-12T19:54:05.642802,0,3,1,0,9,-1.0,194.75,0.0,0.0,0.0,6.4,-22,126
2026-03-12T19:54:05.762062,0,3,1,0,9,-1.0,194.75,0.0,0.0,0.0,6.4,-22,125
2026-03-12T19:54:05.892578,0,3,1,0,9,-1.0,194.75,0.0,0.0,0.0,6.4,-22,125
2026-03-12T19:54:06.018148,0,3,1,0,9,-1.0,194.75,0.0,0.0,0.0,6.4,-22,125
2026-03-12T19:54:06.144704,0,3,1,0,9,-1.0,194.5,0.0,0.0,0.0,6.4,-22,126
2026-03-12T19:54:06.270451,0,3,1,0,9,-1.0,194.75,0.0,0.0,0.0,6.4,-22,125
2026-03-12T19:54:06.394926,0,3,1,0,9,-1.0,194.75,0.0,0.0,0.0,6.4,-22,125
2026-03-12T19:54:06.513194,0,3,1,0,9,-1.0,194.5,0.0,0.0,0.0,6.4,-22,125
2026-03-12T19:54:06.643874,0,3,1,0,9,-1.0,195.0,0.0,0.0,0.0,6.4,-22,125
2026-03-12T19:54:06.770721,0,3,1,0,9,-1.0,194.75,0.0,0.0,0.0,6.4,-22,125
2026-03-12T19:54:06.896110,0,3,1,0,9,-1.0,194.75,0.0,0.0,0.0,6.4,-22,124
2026-03-12T19:54:07.020478,0,3,1,0,9,-1.0,194.75,0.0,0.0,0.0,6.4,-22,124
2026-03-12T19:54:07.145284,0,3,1,0,9,-1.0,194.75,0.0,0.0,0.0,6.4,-22,124
2026-03-12T19:54:07.273277,0,3,1,0,9,-1.0,194.75,0.0,0.0,0.0,6.4,-22,126
2026-03-12T19:54:07.390264,0,3,1,0,9,-1.0,194.75,0.0,0.0,0.0,6.4,-22,124
2026-03-12T19:54:07.522019,0,3,1,0,9,-1.0,194.75,0.0,0.0,0.0,6.4,-22,125
2026-03-12T19:54:07.646356,0,3,1,0,9,-1.0,194.75,0.0,0.0,0.0,6.4,-22,125
2026-03-12T19:54:07.773549,0,3,1,0,9,-1.0,194.75,0.0,0.0,0.0,6.4,-22,126
2026-03-12T19:54:07.891725,0,3,1,0,9,-1.0,194.75,0.0,0.0,0.0,6.4,-22,125
2026-03-12T19:54:08.022184,0,3,1,0,9,-1.0,194.75,0.0,0.0,0.0,6.4,-22,125
2026-03-12T19:54:08.148078,0,3,1,0,9,-1.0,194.75,0.0,0.0,0.0,6.4,-22,125
2026-03-12T19:54:08.272728,0,3,1,0,9,-1.0,194.75,0.0,0.0,0.0,6.4,-22,125
2026-03-12T19:54:08.399846,0,3,1,0,9,-1.0,194.75,0.0,0.0,0.0,6.4,-22,126
2026-03-12T19:54:08.524066,0,3,1,0,9,-1.0,194.75,0.0,0.0,0.0,6.4,-22,124
2026-03-12T19:54:08.642935,0,3,1,0,9,-1.0,194.75,0.0,0.0,0.0,6.4,-22,124
2026-03-12T19:54:08.773656,0,3,1,0,9,-1.0,194.75,0.0,0.0,0.0,6.4,-22,124
2026-03-12T19:54:08.900960,0,3,1,0,9,-1.0,194.75,0.0,0.0,0.0,6.4,-22,125
2026-03-12T19:54:09.025880,0,3,1,0,9,-1.0,195.0,0.0,0.0,0.0,6.4,-22,124
2026-03-12T19:54:09.150040,0,3,1,0,9,-1.0,195.0,0.0,0.0,0.0,6.4,-22,125
2026-03-12T19:54:09.276301,0,3,1,0,9,-1.0,194.75,0.0,0.0,0.0,6.4,-22,125
2026-03-12T19:54:09.401456,0,3,1,0,9,-1.0,194.75,0.0,0.0,0.0,6.4,-22,126
2026-03-12T19:54:09.527116,0,3,1,0,9,-1.0,194.75,0.0,0.0,0.0,6.4,-22,125
2026-03-12T19:54:09.651837,0,3,1,0,9,-1.0,195.0,0.0,0.0,0.0,6.4,-22,125
2026-03-12T19:54:09.777288,0,3,1,0,9,-1.0,195.0,0.0,0.0,0.0,6.4,-22,125
2026-03-12T19:54:09.902851,0,3,1,0,9,-1.0,195.0,0.0,0.0,0.0,6.4,-22,126
2026-03-12T19:54:10.028164,0,3,1,0,9,-1.0,194.75,0.0,0.0,0.0,6.4,-22,125
2026-03-12T19:54:10.153549,0,3,1,0,9,-1.0,194.75,0.0,0.0,0.0,6.4,-22,124
2026-03-12T19:54:10.278491,0,3,1,0,9,-1.0,194.5,0.0,0.0,0.0,6.4,-22,124
2026-03-12T19:54:10.403243,0,3,1,0,9,-1.0,195.0,0.0,0.0,0.0,6.4,-22,125
2026-03-12T19:54:10.528466,0,3,1,0,9,-1.0,194.75,0.0,0.0,0.0,6.4,-22,124
2026-03-12T19:54:10.654315,0,3,1,0,9,-1.0,194.75,0.0,0.0,0.0,6.4,-22,124
2026-03-12T19:54:10.779654,0,3,1,0,9,-1.0,195.0,0.0,0.0,0.0,6.4,-22,124
2026-03-12T19:54:10.903700,0,3,1,0,9,-1.0,195.0,0.0,0.0,0.0,6.4,-22,125
2026-03-12T19:54:11.022868,0,3,1,0,9,-1.0,195.0,0.0,0.0,0.0,6.4,-22,126
2026-03-12T19:54:11.153726,0,3,1,0,9,-1.0,194.75,0.0,0.0,0.0,6.4,-22,125
2026-03-12T19:54:11.279282,0,3,1,0,9,-1.0,195.0,0.0,0.0,0.0,6.4,-22,125
2026-03-12T19:54:11.405213,0,3,1,0,9,-1.0,195.0,0.0,0.0,0.0,6.4,-22,125
2026-03-12T19:54:11.524141,0,3,1,0,9,-1.0,194.75,0.0,0.0,0.0,6.4,-22,126
2026-03-12T19:54:11.654683,0,3,1,0,9,-1.0,194.75,0.0,0.0,0.0,6.4,-22,125
2026-03-12T19:54:11.773933,0,3,1,0,9,-1.0,194.75,0.0,0.0,0.0,6.4,-22,125
2026-03-12T19:54:11.906708,0,3,1,0,9,-1.0,194.75,0.0,0.0,0.0,6.4,-22,124
2026-03-12T19:54:12.032044,0,3,1,0,9,-1.0,195.0,0.0,0.0,0.0,6.4,-22,125
2026-03-12T19:54:12.156746,0,3,1,0,9,-1.0,195.0,0.0,0.0,0.0,6.4,-22,124
2026-03-12T19:54:12.275550,0,3,1,0,9,-1.0,195.0,0.0,0.0,0.0,6.4,-22,124
2026-03-12T19:54:12.406373,0,3,1,0,9,-1.0,194.5,0.0,0.0,0.0,6.4,-22,124
2026-03-12T19:54:12.532091,0,3,1,0,9,-1.0,195.0,0.0,0.0,0.0,6.4,-22,125
2026-03-12T19:54:12.658022,0,3,1,0,9,-1.0,195.0,0.0,0.0,0.0,6.4,-22,126
2026-03-12T19:54:12.782839,0,3,1,0,9,-1.0,194.75,0.0,0.0,0.0,6.4,-22,125
2026-03-12T19:54:12.907818,0,3,1,0,9,-1.0,194.75,0.0,0.0,0.0,6.4,-22,125
2026-03-12T19:54:13.026185,0,3,1,0,9,-1.0,195.25,0.0,0.0,0.0,6.4,-22,125
2026-03-12T19:54:13.159432,0,3,1,0,9,-1.0,195.25,0.0,0.0,0.0,6.4,-22,126
2026-03-12T19:54:13.284611,0,3,1,0,9,-1.0,195.25,0.0,0.0,0.0,6.4,-22,125
2026-03-12T19:54:13.408741,0,3,1,0,9,-1.0,195.25,0.0,0.0,0.0,6.4,-22,125
2026-03-12T19:54:13.534557,0,3,1,0,9,-1.0,195.25,0.0,0.0,0.0,6.4,-22,124
2026-03-12T19:54:13.659513,0,3,1,0,9,-1.0,194.75,0.0,0.0,0.0,6.4,-22,125
2026-03-12T19:54:13.785324,0,3,1,0,9,-1.0,194.5,0.0,0.0,0.0,6.4,-22,124
2026-03-12T19:54:13.910166,0,3,1,0,9,-1.0,195.0,0.0,0.0,0.0,6.4,-22,124
2026-03-12T19:54:14.035000,0,3,1,0,9,-1.0,194.75,0.0,0.0,0.0,6.4,-22,124
2026-03-12T19:54:14.153616,0,3,1,0,9,-1.0,194.75,0.0,0.0,0.0,6.4,-22,124
2026-03-12T19:54:14.279994,0,3,1,0,9,-1.0,194.75,0.0,0.0,0.0,6.4,-22,125
2026-03-12T19:54:14.410780,0,3,1,0,9,-1.0,194.75,0.0,0.0,0.0,6.4,-22,125
2026-03-12T19:54:14.536042,0,3,1,0,9,-1.0,195.0,0.0,0.0,0.0,6.4,-23,125
2026-03-12T19:54:14.660645,0,3,1,0,9,-1.0,195.0,0.0,0.0,0.0,6.4,-24,125
2026-03-12T19:54:14.786838,0,3,1,0,9,-1.0,195.0,0.0,0.0,0.0,6.4,-24,126
2026-03-12T19:54:14.911857,0,3,1,0,9,-1.0,195.0,0.0,0.0,0.0,6.4,-22,125
2026-03-12T19:54:15.037439,0,3,1,0,9,-1.0,194.75,0.0,0.0,0.0,6.4,-22,125
2026-03-12T19:54:15.161990,0,3,1,0,9,-1.0,195.0,0.0,0.0,0.0,6.4,-22,125
2026-03-12T19:54:15.287472,0,3,1,0,9,-1.0,194.75,0.0,0.0,0.0,6.4,-22,126
2026-03-12T19:54:15.415081,0,3,1,0,9,-1.0,194.5,0.0,0.0,0.0,6.4,-22,125
2026-03-12T19:54:15.538300,0,3,1,0,9,-1.0,194.5,0.0,0.0,0.0,6.4,-22,124
2026-03-12T19:54:15.663245,0,3,1,0,9,-1.0,194.5,0.0,0.0,0.0,6.4,-22,124
2026-03-12T19:54:15.782580,0,3,1,0,9,-1.0,194.5,0.0,0.0,0.0,6.4,-22,125
2026-03-12T19:54:15.913480,0,3,1,0,9,-1.0,194.5,0.0,0.0,0.0,6.4,-22,124
2026-03-12T19:54:16.038965,0,3,1,0,9,-1.0,194.75,0.0,0.0,0.0,6.4,-22,124
2026-03-12T19:54:16.164258,0,3,1,0,9,-1.0,195.25,0.0,0.0,0.0,6.4,-22,125
2026-03-12T19:54:16.289154,0,3,1,0,9,-1.0,194.75,0.0,0.0,0.0,6.4,-22,125
2026-03-12T19:54:16.415038,0,3,1,0,9,-1.0,194.5,0.0,0.0,0.0,6.4,-22,126
2026-03-12T19:54:16.539839,0,3,1,0,9,-1.0,194.75,0.0,0.0,0.0,6.4,-22,125
2026-03-12T19:54:16.664521,0,3,1,0,9,-1.0,195.0,0.0,0.0,0.0,6.4,-22,125
2026-03-12T19:54:16.784044,0,3,1,0,9,-1.0,195.0,0.0,0.0,0.0,6.4,-22,125
2026-03-12T19:54:16.915856,0,3,1,0,9,-1.0,195.0,0.0,0.0,0.0,6.4,-22,126
2026-03-12T19:54:17.041313,0,3,1,0,9,-1.0,195.0,0.0,0.0,0.0,6.4,-22,125
2026-03-12T19:54:17.166537,0,3,1,0,9,-1.0,195.0,0.0,0.0,0.0,6.4,-22,125
2026-03-12T19:54:17.291084,0,3,1,0,9,-1.0,195.0,0.0,0.0,0.0,6.4,-22,124
2026-03-12T19:54:17.417813,0,3,1,0,9,-1.0,195.25,0.0,0.0,0.0,6.4,-22,125
2026-03-12T19:54:17.542149,0,3,1,0,9,-1.0,194.75,0.0,0.0,0.0,6.4,-22,124
2026-03-12T19:54:17.666506,0,3,1,0,9,-1.0,194.75,0.0,0.0,0.0,6.4,-22,124
2026-03-12T19:54:17.792820,0,3,1,0,9,-1.0,195.0,0.0,0.0,0.0,6.4,-22,124
2026-03-12T19:54:17.917447,0,3,1,0,9,-1.0,195.0,0.0,0.0,0.0,6.4,-22,124
2026-03-12T19:54:18.043938,0,3,1,0,9,-1.0,195.0,0.0,0.0,0.0,6.4,-22,126
2026-03-12T19:54:18.168204,0,3,1,0,9,-1.0,195.0,0.0,0.0,0.0,6.4,-22,125
2026-03-12T19:54:18.287146,0,3,1,0,9,-1.0,195.0,0.0,0.0,0.0,6.4,-22,125
2026-03-12T19:54:18.418166,0,3,1,0,9,-1.0,195.0,0.0,0.0,0.0,6.4,-22,125
2026-03-12T19:54:18.545029,0,3,1,0,9,-1.0,194.75,0.0,0.0,0.0,6.4,-22,126
2026-03-12T19:54:18.669768,0,3,1,0,9,-1.0,194.75,0.0,0.0,0.0,6.4,-22,125
2026-03-12T19:54:18.794695,0,3,1,0,9,-1.0,195.25,0.0,0.0,0.0,6.4,-22,125
2026-03-12T19:54:18.919398,0,3,1,0,9,-1.0,194.75,0.0,0.0,0.0,6.4,-22,125
2026-03-12T19:54:19.045232,0,3,1,0,9,-1.0,194.5,0.0,0.0,0.0,6.4,-22,126
2026-03-12T19:54:19.170483,0,3,1,0,9,-1.0,195.25,0.0,0.0,0.0,6.4,-22,124
2026-03-12T19:54:19.295037,0,3,1,0,9,-1.0,195.25,0.0,0.0,0.0,6.4,-22,124
2026-03-12T19:54:19.420031,0,3,1,0,9,-1.0,194.75,0.0,0.0,0.0,6.4,-22,124
2026-03-12T19:54:19.547712,0,3,1,0,9,-1.0,194.75,0.0,0.0,0.0,6.4,-22,125
2026-03-12T19:54:19.672178,0,3,1,0,9,-1.0,194.75,0.0,0.0,0.0,6.4,-22,124
2026-03-12T19:54:19.798613,0,3,1,0,9,-1.0,194.75,0.0,0.0,0.0,6.4,-22,125
2026-03-12T19:54:19.921553,0,3,1,0,9,-1.0,194.75,0.0,0.0,0.0,6.4,-22,125
2026-03-12T19:54:20.047104,0,3,1,0,9,-1.0,195.0,0.0,0.0,0.0,6.4,-22,125
2026-03-12T19:54:20.172657,0,3,1,0,9,-1.0,194.75,0.0,0.0,0.0,6.4,-22,126
2026-03-12T19:54:20.296975,0,3,1,0,9,-1.0,195.0,0.0,0.0,0.0,6.4,-22,125
2026-03-12T19:54:20.422960,0,3,1,0,9,-1.0,194.75,0.0,0.0,0.0,6.4,-22,125
2026-03-12T19:54:20.548151,0,3,1,0,9,-1.0,194.75,0.0,0.0,0.0,6.4,-22,125
2026-03-12T19:54:20.674020,0,3,1,0,9,-1.0,194.75,0.0,0.0,0.0,6.4,-22,126
2026-03-12T19:54:20.799695,0,3,1,0,9,-1.0,194.75,0.0,0.0,0.0,6.4,-22,125
2026-03-12T19:54:20.924587,0,3,1,0,9,-1.0,194.75,0.0,0.0,0.0,6.4,-22,125
2026-03-12T19:54:21.048290,0,3,1,0,9,-1.0,195.0,0.0,0.0,0.0,6.4,-22,125
2026-03-12T19:54:21.175744,0,3,1,0,9,-1.0,195.0,0.0,0.0,0.0,6.4,-22,125
2026-03-12T19:54:21.300077,0,3,1,0,9,-1.0,195.25,0.0,0.0,0.0,6.4,-22,124
2026-03-12T19:54:21.425922,0,3,1,0,9,-1.0,195.0,0.0,0.0,0.0,6.4,-22,124
2026-03-12T19:54:21.551018,0,3,1,0,9,-1.0,194.75,0.0,0.0,0.0,6.4,-22,124
2026-03-12T19:54:21.675028,0,3,1,0,9,-1.0,194.75,0.0,0.0,0.0,6.4,-22,125
2026-03-12T19:54:21.801457,0,3,1,0,9,-1.0,195.25,0.0,0.0,0.0,6.4,-22,126
2026-03-12T19:54:21.926926,0,3,1,0,9,-1.0,195.25,0.0,0.0,0.0,6.4,-22,125
2026-03-12T19:54:22.051859,0,3,1,0,9,-1.0,195.25,0.0,0.0,0.0,6.4,-22,125
2026-03-12T19:54:22.176368,0,3,1,0,9,-1.0,195.25,0.0,0.0,0.0,6.4,-22,125
2026-03-12T19:54:22.302364,0,3,1,0,9,-1.0,195.0,0.0,0.0,0.0,6.4,-22,126
2026-03-12T19:54:22.421429,0,3,1,0,9,-1.0,195.25,0.0,0.0,0.0,6.4,-22,125
2026-03-12T19:54:22.554120,0,3,1,0,9,-1.0,195.0,0.0,0.0,0.0,6.4,-22,125
2026-03-12T19:54:22.677489,0,3,1,0,9,-1.0,195.0,0.0,0.0,0.0,6.4,-22,125
2026-03-12T19:54:22.796957,0,3,1,0,9,-1.0,194.75,0.0,0.0,0.0,6.4,-22,125
2026-03-12T19:54:22.929254,0,3,1,0,9,-1.0,194.75,0.0,0.0,0.0,6.4,-22,124
2026-03-12T19:54:23.053380,0,3,1,0,9,-1.0,195.0,0.0,0.0,0.0,6.4,-22,124
2026-03-12T19:54:23.177897,0,3,1,0,9,-1.0,195.0,0.0,0.0,0.0,6.4,-22,124
2026-03-12T19:54:23.302834,0,3,1,0,9,-1.0,195.0,0.0,0.0,0.0,6.4,-22,125
2026-03-12T19:54:23.429935,0,3,1,0,9,-1.0,195.0,0.0,0.0,0.0,6.4,-22,126
2026-03-12T19:54:23.556514,0,3,1,0,9,-1.0,195.0,0.0,0.0,0.0,6.4,-22,125
2026-03-12T19:54:23.679437,0,3,1,0,9,-1.0,194.75,0.0,0.0,0.0,6.4,-22,125
2026-03-12T19:54:23.806218,0,3,1,0,9,-1.0,194.75,0.0,0.0,0.0,6.4,-22,125
2026-03-12T19:54:23.930538,0,3,1,0,9,-1.0,195.0,0.0,0.0,0.0,6.4,-22,126
2026-03-12T19:54:24.057171,0,3,1,0,9,-1.0,195.0,0.0,0.0,0.0,6.4,-22,125
2026-03-12T19:54:24.181169,0,3,1,0,9,-1.0,195.0,0.0,0.0,0.0,6.4,-22,124
2026-03-12T19:54:24.306619,0,3,1,0,9,-1.0,194.75,0.0,0.0,0.0,6.4,-22,124
2026-03-12T19:54:24.431790,0,3,1,0,9,-1.0,194.75,0.0,0.0,0.0,6.4,-22,125
2026-03-12T19:54:24.557014,0,3,1,0,9,-1.0,194.75,0.0,0.0,0.0,6.4,-22,124
2026-03-12T19:54:24.681676,0,3,1,0,9,-1.0,194.5,0.0,0.0,0.0,6.4,-22,124
2026-03-12T19:54:24.807608,0,3,1,0,9,-1.0,194.75,0.0,0.0,0.0,6.4,-22,124
2026-03-12T19:54:24.931988,0,3,1,0,9,-1.0,194.75,0.0,0.0,0.0,6.4,-22,125
2026-03-12T19:54:25.051670,0,3,1,0,9,-1.0,194.75,0.0,0.0,0.0,6.4,-22,125
2026-03-12T19:54:25.182239,0,3,1,0,9,-1.0,194.5,0.0,0.0,0.0,6.4,-22,125
2026-03-12T19:54:25.308170,0,3,1,0,9,-1.0,195.0,0.0,0.0,0.0,6.4,-22,125
2026-03-12T19:54:25.433336,0,3,1,0,9,-1.0,194.75,0.0,0.0,0.0,6.4,-22,125
2026-03-12T19:54:25.558862,0,3,1,0,9,-1.0,194.75,0.0,0.0,0.0,6.4,-22,126
2026-03-12T19:54:25.683495,0,3,1,0,9,-1.0,194.75,0.0,0.0,0.0,6.4,-22,125
2026-03-12T19:54:25.808378,0,3,1,0,9,-1.0,194.75,0.0,0.0,0.0,6.4,-22,125
2026-03-12T19:54:25.933895,0,3,1,0,9,-1.0,194.75,0.0,0.0,0.0,6.4,-22,124
2026-03-12T19:54:26.059705,0,3,1,0,9,-1.0,195.0,0.0,0.0,0.0,6.4,-22,125
2026-03-12T19:54:26.184298,0,3,1,0,9,-1.0,195.0,0.0,0.0,0.0,6.4,-22,124
2026-03-12T19:54:26.310207,0,3,1,0,9,-1.0,194.75,0.0,0.0,0.0,6.4,-22,124
2026-03-12T19:54:26.434105,0,3,1,0,9,-1.0,195.0,0.0,0.0,0.0,6.4,-22,124
2026-03-12T19:54:26.564048,0,3,1,0,9,-1.0,195.0,0.0,0.0,0.0,6.4,-22,126
2026-03-12T19:54:26.687092,0,3,1,0,9,-1.0,195.0,0.0,0.0,0.0,6.4,-22,126
2026-03-12T19:54:26.811230,0,3,1,0,9,-1.0,195.0,0.0,0.0,0.0,6.4,-22,125
2026-03-12T19:54:26.936533,0,3,1,0,9,-1.0,195.0,0.0,0.0,0.0,6.4,-22,125
2026-03-12T19:54:27.062549,0,3,1,0,9,-1.0,195.0,0.0,0.0,0.0,6.4,-22,126
2026-03-12T19:54:27.187837,0,3,1,0,9,-1.0,194.75,0.0,0.0,0.0,6.4,-22,125
2026-03-12T19:54:27.312661,0,3,1,0,9,-1.0,194.75,0.0,0.0,0.0,6.4,-22,125
2026-03-12T19:54:27.437951,0,3,1,0,9,-1.0,195.25,0.0,0.0,0.0,6.4,-22,125
2026-03-12T19:54:27.562783,0,3,1,0,9,-1.0,195.0,0.0,0.0,0.0,6.4,-22,125
2026-03-12T19:54:27.688717,0,3,1,0,9,-1.0,195.0,0.0,0.0,0.0,6.4,-22,125
2026-03-12T19:54:27.813068,0,3,1,0,9,-1.0,194.75,0.0,0.0,0.0,6.4,-22,124
2026-03-12T19:54:27.938415,0,3,1,0,9,-1.0,194.75,0.0,0.0,0.0,6.4,-22,124
2026-03-12T19:54:28.063324,0,3,1,0,9,-1.0,195.25,0.0,0.0,0.0,6.4,-22,124
2026-03-12T19:54:28.189558,0,3,1,0,9,-1.0,195.25,0.0,0.0,0.0,6.4,-22,125
2026-03-12T19:54:28.314215,0,3,1,0,9,-1.0,195.25,0.0,0.0,0.0,6.4,-22,124
2026-03-12T19:54:28.439927,0,3,1,0,9,-1.0,195.0,0.0,0.0,0.0,6.4,-22,124
2026-03-12T19:54:28.566460,0,3,1,0,9,-1.0,194.75,0.0,0.0,0.0,6.4,-22,125
2026-03-12T19:54:28.691654,0,3,1,0,9,-1.0,195.0,0.0,0.0,0.0,6.4,-22,126
2026-03-12T19:54:28.816053,0,3,1,0,9,-1.0,195.25,0.0,0.0,0.0,6.4,-22,125
2026-03-12T19:54:28.940661,0,3,1,0,9,-1.0,194.75,0.0,0.0,0.0,6.4,-22,125
2026-03-12T19:54:29.065697,0,3,1,0,9,-1.0,194.75,0.0,0.0,0.0,6.4,-22,125
2026-03-12T19:54:29.190849,0,3,1,0,9,-1.0,195.0,0.0,0.0,0.0,6.4,-22,125
2026-03-12T19:54:29.317368,0,3,1,0,9,-1.0,195.0,0.0,0.0,0.0,6.4,-22,126
2026-03-12T19:54:29.441553,0,3,1,0,9,-1.0,195.0,0.0,0.0,0.0,6.4,-22,125
2026-03-12T19:54:29.567145,0,3,1,0,9,-1.0,195.0,0.0,0.0,0.0,6.4,-22,125
2026-03-12T19:54:29.691923,0,3,1,0,9,-1.0,195.0,0.0,0.0,0.0,6.4,-22,124
2026-03-12T19:54:29.817477,0,3,1,0,9,-1.0,194.75,0.0,0.0,0.0,6.4,-22,125
2026-03-12T19:54:29.943574,0,3,1,0,9,-1.0,194.75,0.0,0.0,0.0,6.4,-22,124
2026-03-12T19:54:30.067742,0,3,1,0,9,-1.0,195.25,0.0,0.0,0.0,6.4,-22,124
2026-03-12T19:54:30.192691,0,3,1,0,9,-1.0,195.25,0.0,0.0,0.0,6.4,-22,124
2026-03-12T19:54:30.319186,0,3,1,0,9,-1.0,195.0,0.0,0.0,0.0,6.4,-22,126
2026-03-12T19:54:30.437654,0,3,1,0,9,-1.0,195.0,0.0,0.0,0.0,6.4,-22,125
2026-03-12T19:54:30.571225,0,3,1,0,9,-1.0,195.0,0.0,0.0,0.0,6.4,-22,125
2026-03-12T19:54:30.687509,0,3,1,0,9,-1.0,195.0,0.0,0.0,0.0,6.4,-22,125
2026-03-12T19:54:30.813573,0,3,1,0,9,-1.0,195.0,0.0,0.0,0.0,6.4,-22,126
2026-03-12T19:54:30.938709,0,3,1,0,9,-1.0,195.25,0.0,0.0,0.0,6.4,-22,125
2026-03-12T19:54:31.070352,0,3,1,0,9,-1.0,195.0,0.0,0.0,0.0,6.4,-22,125
2026-03-12T19:54:31.194655,0,3,1,0,9,-1.0,195.0,0.0,0.0,0.0,6.4,-22,125
2026-03-12T19:54:31.320320,0,3,1,0,9,-1.0,195.0,0.0,0.0,0.0,6.4,-22,125
2026-03-12T19:54:31.446182,0,3,1,0,9,-1.0,195.0,0.0,0.0,0.0,6.4,-22,126
2026-03-12T19:54:31.571068,0,3,1,0,9,-1.0,194.75,0.0,0.0,0.0,6.4,-22,125
2026-03-12T19:54:31.695979,0,3,1,0,9,-1.0,194.75,0.0,0.0,0.0,6.4,-22,125
2026-03-12T19:54:31.820602,0,3,1,0,9,-1.0,194.75,0.0,0.0,0.0,6.4,-22,125
2026-03-12T19:54:31.946332,0,3,1,0,9,-1.0,195.0,0.0,0.0,0.0,6.4,-22,125
2026-03-12T19:54:32.071255,0,3,1,0,9,-1.0,194.5,0.0,0.0,0.0,6.4,-22,124
2026-03-12T19:54:32.196313,0,3,1,0,9,-1.0,194.75,0.0,0.0,0.0,6.4,-22,124
2026-03-12T19:54:32.316264,0,3,1,0,9,-1.0,195.0,0.0,0.0,0.0,6.4,-22,124
2026-03-12T19:54:32.441712,0,3,1,0,9,-1.0,194.75,0.0,0.0,0.0,6.4,-22,125
2026-03-12T19:54:32.573310,0,3,1,0,9,-1.0,194.75,0.0,0.0,0.0,6.4,-22,125
2026-03-12T19:54:32.697662,0,3,1,0,9,-1.0,194.75,0.0,0.0,0.0,6.4,-22,125
2026-03-12T19:54:32.823064,0,3,1,0,9,-1.0,194.75,0.0,0.0,0.0,6.4,-22,125
2026-03-12T19:54:32.950371,0,3,1,0,9,-1.0,194.75,0.0,0.0,0.0,6.4,-22,126
2026-03-12T19:54:33.068330,0,3,1,0,9,-1.0,194.75,0.0,0.0,0.0,6.4,-22,125
2026-03-12T19:54:33.198610,0,3,1,0,9,-1.0,195.0,0.0,0.0,0.0,6.4,-22,125
2026-03-12T19:54:33.324544,0,3,1,0,9,-1.0,194.75,0.0,0.0,0.0,6.4,-22,125
2026-03-12T19:54:33.442734,0,3,1,0,9,-1.0,195.0,0.0,0.0,0.0,6.4,-22,125
2026-03-12T19:54:33.569076,0,3,1,0,9,-1.0,195.0,0.0,0.0,0.0,6.4,-22,125
2026-03-12T19:54:33.700308,0,3,1,0,9,-1.0,195.0,0.0,0.0,0.0,6.4,-22,124
2026-03-12T19:54:33.824909,0,3,1,0,9,-1.0,194.75,0.0,0.0,0.0,6.4,-22,124
2026-03-12T19:54:33.950301,0,3,1,0,9,-1.0,194.75,0.0,0.0,0.0,6.4,-22,124
2026-03-12T19:54:34.076553,0,3,1,0,9,-1.0,195.0,0.0,0.0,0.0,6.4,-22,125
2026-03-12T19:54:34.201768,0,3,1,0,9,-1.0,195.0,0.0,0.0,0.0,6.4,-22,125
2026-03-12T19:54:34.326604,0,3,1,0,9,-1.0,195.0,0.0,0.0,0.0,6.4,-22,125
2026-03-12T19:54:34.451142,0,3,1,0,9,-1.0,194.75,0.0,0.0,0.0,6.4,-22,125
2026-03-12T19:54:34.577310,0,3,1,0,9,-1.0,195.0,0.0,0.0,0.0,6.4,-22,126
2026-03-12T19:54:34.702953,0,3,1,0,9,-1.0,194.75,0.0,0.0,0.0,6.4,-22,125
2026-03-12T19:54:34.826900,0,3,1,0,9,-1.0,194.75,0.0,0.0,0.0,6.4,-22,125
2026-03-12T19:54:34.952193,0,3,1,0,9,-1.0,195.0,0.0,0.0,0.0,6.4,-22,125
2026-03-12T19:54:35.072050,0,3,1,0,9,-1.0,194.75,0.0,0.0,0.0,6.4,-22,126
2026-03-12T19:54:35.203823,0,3,1,0,9,-1.0,194.75,0.0,0.0,0.0,6.4,-22,126
2026-03-12T19:54:35.330457,0,3,1,0,9,-1.0,194.75,0.0,0.0,0.0,6.4,-22,125
2026-03-12T19:54:35.454803,0,3,1,0,9,-1.0,194.75,0.0,0.0,0.0,6.4,-22,124
2026-03-12T19:54:35.580941,0,3,1,0,9,-1.0,194.75,0.0,0.0,0.0,6.4,-22,126
2026-03-12T19:54:35.706579,0,3,1,0,9,-1.0,194.75,0.0,0.0,0.0,6.4,-22,126
2026-03-12T19:54:35.832013,0,3,1,0,9,-1.0,195.0,0.0,0.0,0.0,6.4,-22,124
2026-03-12T19:54:35.956076,0,3,1,0,9,-1.0,194.25,0.0,0.0,0.0,6.4,-22,124
2026-03-12T19:54:36.081071,0,3,1,0,9,-1.0,194.5,0.0,0.0,0.0,6.4,-22,124
2026-03-12T19:54:36.206937,0,3,1,0,9,-1.0,195.0,0.0,0.0,0.0,6.4,-22,126
2026-03-12T19:54:36.332739,0,3,1,0,9,-1.0,194.75,0.0,0.0,0.0,6.4,-22,125
2026-03-12T19:54:36.473358,0,3,1,0,9,-1.0,194.75,0.0,0.0,0.0,6.4,-22,125
2026-03-12T19:54:36.582843,0,3,1,0,9,-1.0,194.75,0.0,0.0,0.0,6.4,-22,125
2026-03-12T19:54:36.708526,0,3,1,0,9,-1.0,194.75,0.0,0.0,0.0,6.4,-22,126
2026-03-12T19:54:36.833801,0,3,1,0,9,-1.0,194.75,0.0,0.0,0.0,6.4,-22,125
2026-03-12T19:54:36.958000,0,3,1,0,9,-1.0,194.5,0.0,0.0,0.0,6.4,-22,125
2026-03-12T19:54:37.083332,0,3,1,0,9,-1.0,195.0,0.0,0.0,0.0,6.4,-22,125
2026-03-12T19:54:37.209786,0,3,1,0,9,-1.0,195.25,0.0,0.0,0.0,6.4,-22,126
2026-03-12T19:54:37.334218,0,3,1,0,9,-1.0,194.75,0.0,0.0,0.0,6.4,-22,125
2026-03-12T19:54:37.459494,0,3,1,0,9,-1.0,195.0,0.0,0.0,0.0,6.4,-22,125
2026-03-12T19:54:37.584676,0,3,1,0,9,-1.0,195.0,0.0,0.0,0.0,6.4,-22,124
2026-03-12T19:54:37.709136,0,3,1,0,9,-1.0,194.75,0.0,0.0,0.0,6.4,-22,124
2026-03-12T19:54:37.835312,0,3,1,0,9,-1.0,194.75,0.0,0.0,0.0,6.4,-22,125
2026-03-12T19:54:37.960104,0,3,1,0,9,-1.0,194.75,0.0,0.0,0.0,6.4,-22,124
2026-03-12T19:54:38.085343,0,3,1,0,9,-1.0,194.75,0.0,0.0,0.0,6.4,-22,125
2026-03-12T19:54:38.210293,0,3,1,0,9,-1.0,194.5,0.0,0.0,0.0,6.4,-22,125
2026-03-12T19:54:38.335971,0,3,1,0,9,-1.0,195.0,0.0,0.0,0.0,6.4,-22,126
2026-03-12T19:54:38.461157,0,3,1,0,9,-1.0,195.0,0.0,0.0,0.0,6.4,-22,125
2026-03-12T19:54:38.586276,0,3,1,0,9,-1.0,194.5,0.0,0.0,0.0,6.4,-22,125
2026-03-12T19:54:38.704831,0,3,1,0,9,-1.0,195.0,0.0,0.0,0.0,6.4,-22,125
2026-03-12T19:54:38.837241,0,3,1,0,9,-1.0,195.0,0.0,0.0,0.0,6.4,-22,126
2026-03-12T19:54:38.963336,0,3,1,0,9,-1.0,195.0,0.0,0.0,0.0,6.4,-22,124
2026-03-12T19:54:39.087197,0,3,1,0,9,-1.0,194.75,0.0,0.0,0.0,6.4,-22,124
2026-03-12T19:54:39.212138,0,3,1,0,9,-1.0,194.75,0.0,0.0,0.0,6.4,-22,124
2026-03-12T19:54:39.338479,0,3,1,0,9,-1.0,194.75,0.0,0.0,0.0,6.4,-22,125
2026-03-12T19:54:39.464859,0,3,1,0,9,-1.0,194.5,0.0,0.0,0.0,6.4,-22,126
2026-03-12T19:54:39.589537,0,3,1,0,9,-1.0,194.75,0.0,0.0,0.0,6.4,-22,125
2026-03-12T19:54:39.714352,0,3,1,0,9,-1.0,195.0,0.0,0.0,0.0,6.4,-22,125
2026-03-12T19:54:39.839507,0,3,1,0,9,-1.0,195.0,0.0,0.0,0.0,6.4,-22,125
2026-03-12T19:54:39.965286,0,3,1,0,9,-1.0,194.5,0.0,0.0,0.0,6.4,-22,126
2026-03-12T19:54:40.090486,0,3,1,0,9,-1.0,194.75,0.0,0.0,0.0,6.4,-22,125
2026-03-12T19:54:40.215394,0,3,1,0,9,-1.0,194.75,0.0,0.0,0.0,6.4,-22,125
2026-03-12T19:54:40.340556,0,3,1,0,9,-1.0,194.75,0.0,0.0,0.0,6.4,-22,125
2026-03-12T19:54:40.466670,0,3,1,0,9,-1.0,194.75,0.0,0.0,0.0,6.4,-22,126
2026-03-12T19:54:40.591973,0,3,1,0,9,-1.0,194.75,0.0,0.0,0.0,6.4,-22,125
2026-03-12T19:54:40.716624,0,3,1,0,9,-1.0,194.75,0.0,0.0,0.0,6.4,-22,124
2026-03-12T19:54:40.841294,0,3,1,0,9,-1.0,194.75,0.0,0.0,0.0,6.4,-22,124
2026-03-12T19:54:40.967375,0,3,1,0,9,-1.0,195.0,0.0,0.0,0.0,6.4,-22,125
2026-03-12T19:54:41.093191,0,3,1,0,9,-1.0,194.75,0.0,0.0,0.0,6.4,-22,125
2026-03-12T19:54:41.211246,0,3,1,0,9,-1.0,194.75,0.0,0.0,0.0,6.4,-22,125
2026-03-12T19:54:41.342441,0,3,1,0,9,-1.0,194.75,0.0,0.0,0.0,6.4,-22,125
2026-03-12T19:54:41.467357,0,3,1,0,9,-1.0,195.0,0.0,0.0,0.0,6.4,-22,125
2026-03-12T19:54:41.594210,0,3,1,0,9,-1.0,195.0,0.0,0.0,0.0,6.4,-22,126
2026-03-12T19:54:41.712059,0,3,1,0,9,-1.0,195.0,0.0,0.0,0.0,6.4,-22,125
2026-03-12T19:54:41.843292,0,3,1,0,9,-1.0,194.75,0.0,0.0,0.0,6.4,-22,125
2026-03-12T19:54:41.968787,0,3,1,0,9,-1.0,195.0,0.0,0.0,0.0,6.4,-22,125
2026-03-12T19:54:42.096493,0,3,1,0,9,-1.0,194.75,0.0,0.0,0.0,6.4,-22,126
2026-03-12T19:54:42.219983,0,3,1,0,9,-1.0,195.0,0.0,0.0,0.0,6.4,-22,125
2026-03-12T19:54:42.344484,0,3,1,0,9,-1.0,194.75,0.0,0.0,0.0,6.4,-22,124
2026-03-12T19:54:42.463034,0,3,1,0,9,-1.0,194.75,0.0,0.0,0.0,6.4,-22,124
2026-03-12T19:54:42.597220,0,3,1,0,9,-1.0,194.75,0.0,0.0,0.0,6.4,-22,125
2026-03-12T19:54:42.720113,0,3,1,0,9,-1.0,194.75,0.0,0.0,0.0,6.4,-22,124
2026-03-12T19:54:42.839193,0,3,1,0,9,-1.0,194.75,0.0,0.0,0.0,6.4,-22,125
2026-03-12T19:54:42.971414,0,3,1,0,9,-1.0,194.75,0.0,0.0,0.0,6.4,-22,125
2026-03-12T19:54:43.091094,0,3,1,0,9,-1.0,194.75,0.0,0.0,0.0,6.4,-22,126
2026-03-12T19:54:43.224520,0,3,1,0,9,-1.0,194.75,0.0,0.0,0.0,6.4,-22,125
2026-03-12T19:54:43.340676,0,3,1,0,9,-1.0,194.75,0.0,0.0,0.0,6.4,-22,125
2026-03-12T19:54:43.470978,0,3,1,0,9,-1.0,194.5,0.0,0.0,0.0,6.4,-22,125
2026-03-12T19:54:43.597772,0,3,1,0,9,-1.0,194.75,0.0,0.0,0.0,6.4,-22,125
2026-03-12T19:54:43.716901,0,3,1,0,9,-1.0,195.0,0.0,0.0,0.0,6.4,-22,125
2026-03-12T19:54:43.849295,0,3,1,0,9,-1.0,195.0,0.0,0.0,0.0,6.4,-22,124
2026-03-12T19:54:43.973482,0,3,1,0,9,-1.0,194.75,0.0,0.0,0.0,6.4,-22,124
2026-03-12T19:54:44.098034,0,3,1,0,9,-1.0,194.75,0.0,0.0,0.0,6.4,-22,124
2026-03-12T19:54:44.223828,0,3,1,0,9,-1.0,194.75,0.0,0.0,0.0,6.4,-22,125
2026-03-12T19:54:44.349518,0,3,1,0,9,-1.0,194.5,0.0,0.0,0.0,6.4,-22,124
2026-03-12T19:54:44.474556,0,3,1,0,9,-1.0,195.0,0.0,0.0,0.0,6.4,-22,125
2026-03-12T19:54:44.600095,0,3,1,0,9,-1.0,194.75,0.0,0.0,0.0,6.4,-22,125
2026-03-12T19:54:44.724541,0,3,1,0,9,-1.0,194.75,0.0,0.0,0.0,6.4,-22,126
2026-03-12T19:54:44.850281,0,3,1,0,9,-1.0,194.5,0.0,0.0,0.0,6.4,-22,125
2026-03-12T19:54:44.974656,0,3,1,0,9,-1.0,194.75,0.0,0.0,0.0,6.4,-22,125
2026-03-12T19:54:45.099670,0,3,1,0,9,-1.0,194.75,0.0,0.0,0.0,6.4,-22,125
2026-03-12T19:54:45.225475,0,3,1,0,9,-1.0,194.5,0.0,0.0,0.0,6.4,-22,126
2026-03-12T19:54:45.353217,0,3,1,0,9,-1.0,194.5,0.0,0.0,0.0,6.4,-22,125
2026-03-12T19:54:45.476075,0,3,1,0,9,-1.0,194.75,0.0,0.0,0.0,6.4,-22,125
2026-03-12T19:54:45.594723,0,3,1,0,9,-1.0,194.75,0.0,0.0,0.0,6.4,-22,124
2026-03-12T19:54:45.726049,0,3,1,0,9,-1.0,195.0,0.0,0.0,0.0,6.4,-22,124
2026-03-12T19:54:45.852251,0,3,1,0,9,-1.0,195.0,0.0,0.0,0.0,6.4,-22,125
2026-03-12T19:54:45.977111,0,3,1,0,9,-1.0,194.75,0.0,0.0,0.0,6.4,-22,124
2026-03-12T19:54:46.102152,0,3,1,0,9,-1.0,195.0,0.0,0.0,0.0,6.4,-22,125
2026-03-12T19:54:46.226869,0,3,1,0,9,-1.0,195.0,0.0,0.0,0.0,6.4,-22,125
2026-03-12T19:54:46.352868,0,3,1,0,9,-1.0,195.0,0.0,0.0,0.0,6.4,-22,126
2026-03-12T19:54:46.478598,0,3,1,0,9,-1.0,195.0,0.0,0.0,0.0,6.4,-22,125
2026-03-12T19:54:46.603463,0,3,1,0,9,-1.0,195.0,0.0,0.0,0.0,6.4,-22,125
2026-03-12T19:54:46.728010,0,3,1,0,9,-1.0,194.5,0.0,0.0,0.0,6.4,-22,125
2026-03-12T19:54:46.853741,0,3,1,0,9,-1.0,195.0,0.0,0.0,0.0,6.4,-22,126
2026-03-12T19:54:46.979903,0,3,1,0,9,-1.0,194.75,0.0,0.0,0.0,6.4,-22,125
2026-03-12T19:54:47.105027,0,3,1,0,9,-1.0,195.0,0.0,0.0,0.0,6.4,-22,124
2026-03-12T19:54:47.228576,0,3,1,0,9,-1.0,194.75,0.0,0.0,0.0,6.4,-22,124
2026-03-12T19:54:47.355135,0,3,1,0,9,-1.0,194.75,0.0,0.0,0.0,6.4,-22,125
2026-03-12T19:54:47.479302,0,3,1,0,9,-1.0,194.75,0.0,0.0,0.0,6.4,-22,124
2026-03-12T19:54:47.604872,0,3,1,0,9,-1.0,194.75,0.0,0.0,0.0,6.4,-22,124
2026-03-12T19:54:47.730338,0,3,1,0,9,-1.0,195.0,0.0,0.0,0.0,6.4,-22,125
2026-03-12T19:54:47.855559,0,3,1,0,9,-1.0,195.0,0.0,0.0,0.0,6.4,-22,125
2026-03-12T19:54:47.981345,0,3,1,0,9,-1.0,195.0,0.0,0.0,0.0,6.4,-22,126
2026-03-12T19:54:48.106526,0,3,1,0,9,-1.0,195.0,0.0,0.0,0.0,6.4,-22,125
2026-03-12T19:54:48.224740,0,3,1,0,9,-1.0,194.5,0.0,0.0,0.0,6.4,-22,125
2026-03-12T19:54:48.356044,0,3,1,0,9,-1.0,195.0,0.0,0.0,0.0,6.4,-22,125
2026-03-12T19:54:48.481631,0,3,1,0,9,-1.0,194.75,0.0,0.0,0.0,6.4,-22,126
2026-03-12T19:54:48.607061,0,3,1,0,9,-1.0,194.75,0.0,0.0,0.0,6.4,-22,125
2026-03-12T19:54:48.732764,0,3,1,0,9,-1.0,194.75,0.0,0.0,0.0,6.4,-22,125
2026-03-12T19:54:48.857798,0,3,1,0,9,-1.0,195.0,0.0,0.0,0.0,6.4,-22,124
2026-03-12T19:54:48.982830,0,3,1,0,9,-1.0,195.0,0.0,0.0,0.0,6.4,-22,125
2026-03-12T19:54:49.108199,0,3,1,0,9,-1.0,195.0,0.0,0.0,0.0,6.4,-22,124
2026-03-12T19:54:49.232482,0,3,1,0,9,-1.0,194.75,0.0,0.0,0.0,6.4,-22,124
2026-03-12T19:54:49.358174,0,3,1,0,9,-1.0,194.75,0.0,0.0,0.0,6.4,-22,124
2026-03-12T19:54:49.477550,0,3,1,0,9,-1.0,194.75,0.0,0.0,0.0,6.4,-22,126
2026-03-12T19:54:49.609654,0,3,1,0,9,-1.0,194.5,0.0,0.0,0.0,6.4,-22,125
2026-03-12T19:54:49.733984,0,3,1,0,9,-1.0,195.0,0.0,0.0,0.0,6.4,-22,125
2026-03-12T19:54:49.859010,0,3,1,0,9,-1.0,194.75,0.0,0.0,0.0,6.4,-22,125
2026-03-12T19:54:49.984114,0,3,1,0,9,-1.0,194.75,0.0,0.0,0.0,6.4,-22,125
2026-03-12T19:54:50.110111,0,3,1,0,9,-1.0,194.5,0.0,0.0,0.0,6.4,-22,126
2026-03-12T19:54:50.234680,0,3,1,0,9,-1.0,194.5,0.0,0.0,0.0,6.4,-22,125
2026-03-12T19:54:50.359625,0,3,1,0,9,-1.0,194.5,0.0,0.0,0.0,6.4,-22,125
2026-03-12T19:54:50.484443,0,3,1,0,9,-1.0,194.5,0.0,0.0,0.0,6.4,-22,125
2026-03-12T19:54:50.610835,0,3,1,0,9,-1.0,195.0,0.0,0.0,0.0,6.4,-22,126
2026-03-12T19:54:50.736969,0,3,1,0,9,-1.0,194.75,0.0,0.0,0.0,6.4,-22,124
2026-03-12T19:54:50.861504,0,3,1,0,9,-1.0,194.75,0.0,0.0,0.0,6.4,-22,124
2026-03-12T19:54:50.986212,0,3,1,0,9,-1.0,194.5,0.0,0.0,0.0,6.4,-22,124
2026-03-12T19:54:51.113307,0,3,1,0,9,-1.0,194.5,0.0,0.0,0.0,6.4,-22,125
2026-03-12T19:54:51.236435,0,3,1,0,9,-1.0,194.5,0.0,0.0,0.0,6.4,-22,124
2026-03-12T19:54:51.355518,0,3,1,0,9,-1.0,194.5,0.0,0.0,0.0,6.4,-22,125
2026-03-12T19:54:51.487960,0,3,1,0,9,-1.0,194.5,0.0,0.0,0.0,6.4,-22,125
2026-03-12T19:54:51.612741,0,3,1,0,9,-1.0,194.5,0.0,0.0,0.0,6.4,-22,126
2026-03-12T19:54:51.737840,0,3,1,0,9,-1.0,194.5,0.0,0.0,0.0,6.4,-22,125
2026-03-12T19:54:51.863024,0,3,1,0,9,-1.0,194.5,0.0,0.0,0.0,6.4,-22,125
2026-03-12T19:54:51.988006,0,3,1,0,9,-1.0,194.5,0.0,0.0,0.0,6.4,-22,125
2026-03-12T19:54:52.106641,0,3,1,0,9,-1.0,194.75,0.0,0.0,0.0,6.4,-22,125
2026-03-12T19:54:52.238526,0,3,1,0,9,-1.0,194.75,0.0,0.0,0.0,6.4,-22,125
2026-03-12T19:54:52.363773,0,3,1,0,9,-1.0,194.75,0.0,0.0,0.0,6.4,-22,124
2026-03-12T19:54:52.488966,0,3,1,0,9,-1.0,194.75,0.0,0.0,0.0,6.4,-22,124
2026-03-12T19:54:52.613800,0,3,1,0,9,-1.0,194.75,0.0,0.0,0.0,6.4,-22,124
2026-03-12T19:54:52.733703,0,3,1,0,9,-1.0,194.75,0.0,0.0,0.0,6.4,-22,125
2026-03-12T19:54:52.864682,0,3,1,0,9,-1.0,194.75,0.0,0.0,0.0,6.4,-22,124
2026-03-12T19:54:52.990010,0,3,1,0,9,-1.0,194.75,0.0,0.0,0.0,6.4,-22,125
2026-03-12T19:54:53.108880,0,3,1,0,9,-1.0,194.75,0.0,0.0,0.0,6.4,-22,125
2026-03-12T19:54:53.241215,0,3,1,0,9,-1.0,195.0,0.0,0.0,0.0,6.4,-22,126
2026-03-12T19:54:53.365469,0,3,1,0,9,-1.0,194.75,0.0,0.0,0.0,6.4,-22,125
2026-03-12T19:54:53.490845,0,3,1,0,9,-1.0,194.5,0.0,0.0,0.0,6.4,-22,125
2026-03-12T19:54:53.615916,0,3,1,0,9,-1.0,194.5,0.0,0.0,0.0,6.4,-22,124
2026-03-12T19:54:53.741084,0,3,1,0,9,-1.0,195.0,0.0,0.0,0.0,6.4,-22,125
2026-03-12T19:54:53.866896,0,3,1,0,9,-1.0,195.0,0.0,0.0,0.0,6.4,-22,125
2026-03-12T19:54:53.991843,0,3,1,0,9,-1.0,195.0,0.0,0.0,0.0,6.4,-22,124
2026-03-12T19:54:54.116866,0,3,1,0,9,-1.0,195.0,0.0,0.0,0.0,6.4,-22,124
2026-03-12T19:54:54.241820,0,3,1,0,9,-1.0,195.0,0.0,0.0,0.0,6.4,-22,124
2026-03-12T19:54:54.367796,0,3,1,0,9,-1.0,194.75,0.0,0.0,0.0,6.4,-22,126
2026-03-12T19:54:54.493441,0,3,1,0,9,-1.0,194.75,0.0,0.0,0.0,6.4,-22,125
2026-03-12T19:54:54.617935,0,3,1,0,9,-1.0,195.0,0.0,0.0,0.0,6.4,-22,125
2026-03-12T19:54:54.742762,0,3,1,0,9,-1.0,194.5,0.0,0.0,0.0,6.4,-22,125
2026-03-12T19:54:54.870975,0,3,1,0,9,-1.0,194.5,0.0,0.0,0.0,6.4,-22,126
2026-03-12T19:54:54.993913,0,3,1,0,9,-1.0,195.0,0.0,0.0,0.0,6.4,-22,125
2026-03-12T19:54:55.118784,0,3,1,0,9,-1.0,195.0,0.0,0.0,0.0,6.4,-22,125
2026-03-12T19:54:55.243650,0,3,1,0,9,-1.0,195.0,0.0,0.0,0.0,6.4,-22,125
2026-03-12T19:54:55.370459,0,3,1,0,9,-1.0,194.75,0.0,0.0,0.0,6.4,-22,125
2026-03-12T19:54:55.496072,0,3,1,0,9,-1.0,194.75,0.0,0.0,0.0,6.4,-22,124
2026-03-12T19:54:55.620572,0,3,1,0,9,-1.0,194.5,0.0,0.0,0.0,6.4,-22,124
2026-03-12T19:54:55.745967,0,3,1,0,9,-1.0,194.75,0.0,0.0,0.0,6.4,-22,124
2026-03-12T19:54:55.870511,0,3,1,0,9,-1.0,195.0,0.0,0.0,0.0,6.4,-22,125
2026-03-12T19:54:55.996277,0,3,1,0,9,-1.0,195.0,0.0,0.0,0.0,6.4,-22,126
2026-03-12T19:54:56.121771,0,3,1,0,9,-1.0,194.5,0.0,0.0,0.0,6.4,-22,125
2026-03-12T19:54:56.246540,0,3,1,0,9,-1.0,194.5,0.0,0.0,0.0,6.4,-22,125
2026-03-12T19:54:56.371482,0,3,1,0,9,-1.0,194.5,0.0,0.0,0.0,6.4,-22,125
2026-03-12T19:54:56.490899,0,3,1,0,9,-1.0,194.5,0.0,0.0,0.0,6.4,-22,126
2026-03-12T19:54:56.621569,0,3,1,0,9,-1.0,194.5,0.0,0.0,0.0,6.4,-22,125
2026-03-12T19:54:56.747649,0,3,1,0,9,-1.0,194.75,0.0,0.0,0.0,6.4,-22,125
2026-03-12T19:54:56.873456,0,3,1,0,9,-1.0,195.0,0.0,0.0,0.0,6.4,-22,125
2026-03-12T19:54:56.998081,0,3,1,0,9,-1.0,194.75,0.0,0.0,0.0,6.4,-22,126
2026-03-12T19:54:57.123165,0,3,1,0,9,-1.0,195.0,0.0,0.0,0.0,6.4,-22,124
2026-03-12T19:54:57.247677,0,3,1,0,9,-1.0,195.0,0.0,0.0,0.0,6.4,-22,124
2026-03-12T19:54:57.372740,0,3,1,0,9,-1.0,194.5,0.0,0.0,0.0,6.4,-22,124
2026-03-12T19:54:57.498616,0,3,1,0,9,-1.0,194.5,0.0,0.0,0.0,6.4,-22,124
2026-03-12T19:54:57.625122,0,3,1,0,9,-1.0,194.5,0.0,0.0,0.0,6.4,-22,125
2026-03-12T19:54:57.750026,0,3,1,0,9,-1.0,194.75,0.0,0.0,0.0,6.4,-22,125
2026-03-12T19:54:57.868637,0,3,1,0,9,-1.0,194.75,0.0,0.0,0.0,6.4,-22,125
2026-03-12T19:54:58.000647,0,3,1,0,9,-1.0,194.75,0.0,0.0,0.0,6.4,-22,125
2026-03-12T19:54:58.126026,0,3,1,0,9,-1.0,195.0,0.0,0.0,0.0,6.4,-22,126
2026-03-12T19:54:58.250480,0,3,1,0,9,-1.0,195.0,0.0,0.0,0.0,6.4,-22,125
2026-03-12T19:54:58.375355,0,3,1,0,9,-1.0,194.75,0.0,0.0,0.0,6.4,-22,125
2026-03-12T19:54:58.499604,0,3,1,0,9,-1.0,194.75,0.0,0.0,0.0,6.4,-22,125
2026-03-12T19:54:58.627306,0,3,1,0,9,-1.0,195.0,0.0,0.0,0.0,6.4,-22,126
2026-03-12T19:54:58.752569,0,3,1,0,9,-1.0,195.0,0.0,0.0,0.0,6.4,-22,124
2026-03-12T19:54:58.876343,0,3,1,0,9,-1.0,195.0,0.0,0.0,0.0,6.4,-22,124
2026-03-12T19:54:59.000765,0,3,1,0,9,-1.0,195.25,0.0,0.0,0.0,6.4,-22,124
2026-03-12T19:54:59.128355,0,3,1,0,9,-1.0,194.75,0.0,0.0,0.0,6.4,-22,125
2026-03-12T19:54:59.252479,0,3,1,0,9,-1.0,195.0,0.0,0.0,0.0,6.4,-22,124
2026-03-12T19:54:59.377696,0,3,1,0,9,-1.0,194.75,0.0,0.0,0.0,6.4,-22,124
2026-03-12T19:54:59.496719,0,3,1,0,9,-1.0,195.0,0.0,0.0,0.0,6.4,-22,124
2026-03-12T19:54:59.627685,0,3,1,0,9,-1.0,194.75,0.0,0.0,0.0,6.4,-22,125
2026-03-12T19:54:59.748167,0,3,1,0,9,-1.0,194.75,0.0,0.0,0.0,6.4,-22,126
2026-03-12T19:54:59.880933,0,3,1,0,9,-1.0,195.0,0.0,0.0,0.0,6.4,-22,125
2026-03-12T19:55:00.003599,0,3,1,0,9,-1.0,195.0,0.0,0.0,0.0,6.4,-22,125
2026-03-12T19:55:00.129138,0,3,1,0,9,-1.0,195.0,0.0,0.0,0.0,6.4,-22,125
2026-03-12T19:55:00.249047,0,3,1,0,9,-1.0,195.25,0.0,0.0,0.0,6.4,-22,126
2026-03-12T19:55:00.379825,0,3,1,0,9,-1.0,195.25,0.0,0.0,0.0,6.4,-22,125
2026-03-12T19:55:00.504310,0,3,1,0,9,-1.0,195.0,0.0,0.0,0.0,6.4,-22,125
2026-03-12T19:55:00.630688,0,3,1,0,9,-1.0,195.25,0.0,0.0,0.0,6.4,-22,125
2026-03-12T19:55:00.756768,0,3,1,0,9,-1.0,195.0,0.0,0.0,0.0,6.4,-22,125
2026-03-12T19:55:00.874777,0,3,1,0,9,-1.0,195.0,0.0,0.0,0.0,6.4,-22,124
2026-03-12T19:55:01.006992,0,3,1,0,9,-1.0,195.0,0.0,0.0,0.0,6.4,-22,124
2026-03-12T19:55:01.131352,0,3,1,0,9,-1.0,195.0,0.0,0.0,0.0,6.4,-22,124
2026-03-12T19:55:01.255991,0,3,1,0,9,-1.0,195.0,0.0,0.0,0.0,6.4,-22,124
2026-03-12T19:55:01.383115,0,3,1,0,9,-1.0,195.25,0.0,0.0,0.0,6.4,-22,126
2026-03-12T19:55:01.508435,0,3,1,0,9,-1.0,195.25,0.0,0.0,0.0,6.4,-22,125
2026-03-12T19:55:01.633809,0,3,1,0,9,-1.0,195.25,0.0,0.0,0.0,6.4,-22,125
2026-03-12T19:55:01.757026,0,3,1,0,9,-1.0,195.25,0.0,0.0,0.0,6.4,-22,125
2026-03-12T19:55:01.876536,0,3,1,0,9,-1.0,195.25,0.0,0.0,0.0,6.4,-22,126
2026-03-12T19:55:02.008764,0,3,1,0,9,-1.0,195.0,0.0,0.0,0.0,6.4,-22,125
2026-03-12T19:55:02.133699,0,3,1,0,9,-1.0,195.0,0.0,0.0,0.0,6.4,-22,125
2026-03-12T19:55:02.259040,0,3,1,0,9,-1.0,195.0,0.0,0.0,0.0,6.4,-22,125
2026-03-12T19:55:02.384741,0,3,1,0,9,-1.0,195.0,0.0,0.0,0.0,6.4,-22,126
2026-03-12T19:55:02.508931,0,3,1,0,9,-1.0,195.0,0.0,0.0,0.0,6.4,-22,124
2026-03-12T19:55:02.636362,0,3,1,0,9,-1.0,195.0,0.0,0.0,0.0,6.4,-22,125
2026-03-12T19:55:02.753134,0,3,1,0,9,-1.0,194.75,0.0,0.0,0.0,6.4,-22,124
2026-03-12T19:55:02.884386,0,3,1,0,9,-1.0,195.25,0.0,0.0,0.0,6.4,-22,125
2026-03-12T19:55:03.011443,0,3,1,0,9,-1.0,195.5,0.0,0.0,0.0,6.4,-22,124
2026-03-12T19:55:03.136709,0,3,1,0,9,-1.0,194.75,0.0,0.0,0.0,6.4,-22,124
2026-03-12T19:55:03.260526,0,3,1,0,9,-1.0,195.0,0.0,0.0,0.0,6.4,-22,125
2026-03-12T19:55:03.385501,0,3,1,0,9,-1.0,195.0,0.0,0.0,0.0,6.4,-22,125
2026-03-12T19:55:03.510850,0,3,1,0,9,-1.0,195.0,0.0,0.0,0.0,6.4,-22,126
2026-03-12T19:55:03.637462,0,3,1,0,9,-1.0,194.75,0.0,0.0,0.0,6.4,-22,125
2026-03-12T19:55:03.760444,0,3,1,0,9,-1.0,194.75,0.0,0.0,0.0,6.4,-22,125
2026-03-12T19:55:03.887455,0,3,1,0,9,-1.0,194.75,0.0,0.0,0.0,6.4,-22,125
2026-03-12T19:55:04.012040,0,3,1,0,9,-1.0,194.75,0.0,0.0,0.0,6.4,-22,126
2026-03-12T19:55:04.138328,0,3,1,0,9,-1.0,195.0,0.0,0.0,0.0,6.4,-22,125
2026-03-12T19:55:04.262380,0,3,1,0,9,-1.0,195.0,0.0,0.0,0.0,6.4,-22,125
2026-03-12T19:55:04.387954,0,3,1,0,9,-1.0,195.0,0.0,0.0,0.0,6.4,-22,125
2026-03-12T19:55:04.512853,0,3,1,0,9,-1.0,195.0,0.0,0.0,0.0,6.4,-22,126
2026-03-12T19:55:04.638613,0,3,1,0,9,-1.0,195.25,0.0,0.0,0.0,6.4,-22,124
2026-03-12T19:55:04.762954,0,3,1,0,9,-1.0,195.25,0.0,0.0,0.0,6.4,-22,124
2026-03-12T19:55:04.888823,0,3,1,0,9,-1.0,194.75,0.0,0.0,0.0,6.4,-22,124
2026-03-12T19:55:05.013340,0,3,1,0,9,-1.0,194.75,0.0,0.0,0.0,6.4,-22,124
2026-03-12T19:55:05.139932,0,3,1,0,9,-1.0,194.75,0.0,0.0,0.0,6.4,-22,126
2026-03-12T19:55:05.264130,0,3,1,0,9,-1.0,194.75,0.0,0.0,0.0,6.4,-22,125
2026-03-12T19:55:05.389026,0,3,1,0,9,-1.0,195.25,0.0,0.0,0.0,6.4,-22,125
2026-03-12T19:55:05.513735,0,3,1,0,9,-1.0,195.0,0.0,0.0,0.0,6.4,-22,125
2026-03-12T19:55:05.641049,0,3,1,0,9,-1.0,194.75,0.0,0.0,0.0,6.4,-22,126
2026-03-12T19:55:05.765161,0,3,1,0,9,-1.0,194.75,0.0,0.0,0.0,6.4,-22,125
2026-03-12T19:55:05.890511,0,3,1,0,9,-1.0,194.75,0.0,0.0,0.0,6.4,-22,125
2026-03-12T19:55:06.015179,0,3,1,0,9,-1.0,195.25,0.0,0.0,0.0,6.4,-22,125
2026-03-12T19:55:06.141208,0,3,1,0,9,-1.0,195.25,0.0,0.0,0.0,6.4,-22,126
2026-03-12T19:55:06.266054,0,3,1,0,9,-1.0,195.25,0.0,0.0,0.0,6.4,-22,124
2026-03-12T19:55:06.391254,0,3,1,0,9,-1.0,195.0,0.0,0.0,0.0,6.4,-22,124
2026-03-12T19:55:06.516009,0,3,1,0,9,-1.0,195.0,0.0,0.0,0.0,6.4,-22,124
2026-03-12T19:55:06.635762,0,3,1,0,9,-1.0,194.75,0.0,0.0,0.0,6.4,-22,125
2026-03-12T19:55:06.761060,0,3,1,0,9,-1.0,195.0,0.0,0.0,0.0,6.4,-22,124
2026-03-12T19:55:06.893388,0,3,1,0,9,-1.0,195.0,0.0,0.0,0.0,6.4,-22,124
2026-03-12T19:55:07.016755,0,3,1,0,9,-1.0,195.0,0.0,0.0,0.0,6.4,-22,124
2026-03-12T19:55:07.143585,0,3,1,0,9,-1.0,195.0,0.0,0.0,0.0,6.4,-22,125
2026-03-12T19:55:07.268376,0,3,1,0,9,-1.0,194.75,0.0,0.0,0.0,6.4,-22,126
2026-03-12T19:55:07.394367,0,3,1,0,9,-1.0,194.75,0.0,0.0,0.0,6.4,-22,125
2026-03-12T19:55:07.518330,0,3,1,0,9,-1.0,194.75,0.0,0.0,0.0,6.4,-22,125
2026-03-12T19:55:07.643405,0,3,1,0,9,-1.0,195.0,0.0,0.0,0.0,6.4,-22,125
2026-03-12T19:55:07.768706,0,3,1,0,9,-1.0,195.25,0.0,0.0,0.0,6.4,-22,126
2026-03-12T19:55:07.894286,0,3,1,0,9,-1.0,195.0,0.0,0.0,0.0,6.4,-22,125
2026-03-12T19:55:08.019627,0,3,1,0,9,-1.0,195.0,0.0,0.0,0.0,6.4,-22,125
2026-03-12T19:55:08.144607,0,3,1,0,9,-1.0,195.25,0.0,0.0,0.0,6.4,-22,125
2026-03-12T19:55:08.270503,0,3,1,0,9,-1.0,195.25,0.0,0.0,0.0,6.4,-22,126
2026-03-12T19:55:08.388996,0,3,1,0,9,-1.0,195.25,0.0,0.0,0.0,6.4,-22,124
2026-03-12T19:55:08.513757,0,3,1,0,9,-1.0,195.0,0.0,0.0,0.0,6.4,-22,124
2026-03-12T19:55:08.645991,0,3,1,0,9,-1.0,195.0,0.0,0.0,0.0,6.4,-22,124
2026-03-12T19:55:08.764102,0,3,1,0,9,-1.0,195.0,0.0,0.0,0.0,6.4,-22,124
2026-03-12T19:55:08.895541,0,3,1,0,9,-1.0,195.0,0.0,0.0,0.0,6.4,-22,125
2026-03-12T19:55:09.014761,0,3,1,0,9,-1.0,195.25,0.0,0.0,0.0,6.4,-22,124
2026-03-12T19:55:09.147680,0,3,1,0,9,-1.0,195.25,0.0,0.0,0.0,6.4,-22,125
2026-03-12T19:55:09.270865,0,3,1,0,9,-1.0,195.25,0.0,0.0,0.0,6.4,-22,125
2026-03-12T19:55:09.397755,0,3,1,0,9,-1.0,195.25,0.0,0.0,0.0,6.4,-22,126
2026-03-12T19:55:09.522760,0,3,1,0,9,-1.0,195.5,0.0,0.0,0.0,6.4,-22,125
2026-03-12T19:55:09.648048,0,3,1,0,9,-1.0,195.5,0.0,0.0,0.0,6.4,-22,125
2026-03-12T19:55:09.765949,0,3,1,0,9,-1.0,195.25,0.0,0.0,0.0,6.4,-22,125
2026-03-12T19:55:09.898625,0,3,1,0,9,-1.0,195.25,0.0,0.0,0.0,6.4,-22,126
2026-03-12T19:55:10.023214,0,3,1,0,9,-1.0,195.25,0.0,0.0,0.0,6.4,-22,125
2026-03-12T19:55:10.148155,0,3,1,0,9,-1.0,195.25,0.0,0.0,0.0,6.4,-22,125
2026-03-12T19:55:10.272802,0,3,1,0,9,-1.0,195.25,0.0,0.0,0.0,6.4,-22,125
2026-03-12T19:55:10.399404,0,3,1,0,9,-1.0,195.25,0.0,0.0,0.0,6.4,-22,126
2026-03-12T19:55:10.524413,0,3,1,0,9,-1.0,195.25,0.0,0.0,0.0,6.4,-22,125
2026-03-12T19:55:10.648792,0,3,1,0,9,-1.0,195.0,0.0,0.0,0.0,6.4,-22,124
2026-03-12T19:55:10.774117,0,3,1,0,9,-1.0,195.0,0.0,0.0,0.0,6.4,-22,124
2026-03-12T19:55:10.898813,0,3,1,0,9,-1.0,195.0,0.0,0.0,0.0,6.4,-22,124
2026-03-12T19:55:11.025871,0,3,1,0,9,-1.0,195.0,0.0,0.0,0.0,6.4,-22,125
2026-03-12T19:55:11.150143,0,3,1,0,9,-1.0,195.0,0.0,0.0,0.0,6.4,-22,124
2026-03-12T19:55:11.275384,0,3,1,0,9,-1.0,195.25,0.0,0.0,0.0,6.4,-22,125
2026-03-12T19:55:11.399763,0,3,1,0,9,-1.0,195.25,0.0,0.0,0.0,6.4,-22,125
2026-03-12T19:55:11.526078,0,3,1,0,9,-1.0,195.0,0.0,0.0,0.0,6.4,-22,126
2026-03-12T19:55:11.644877,0,3,1,0,9,-1.0,195.25,0.0,0.0,0.0,6.4,-22,125
2026-03-12T19:55:11.775832,0,3,1,0,9,-1.0,195.5,0.0,0.0,0.0,6.4,-22,125
2026-03-12T19:55:11.900583,0,3,1,0,9,-1.0,195.0,0.0,0.0,0.0,6.4,-22,125
2026-03-12T19:55:12.026202,0,3,1,0,9,-1.0,195.0,0.0,0.0,0.0,6.4,-22,125
2026-03-12T19:55:12.152254,0,3,1,0,9,-1.0,195.5,0.0,0.0,0.0,6.4,-22,126
2026-03-12T19:55:12.277702,0,3,1,0,9,-1.0,195.5,0.0,0.0,0.0,6.4,-22,124
2026-03-12T19:55:12.401841,0,3,1,0,9,-1.0,195.5,0.0,0.0,0.0,6.4,-22,124
2026-03-12T19:55:12.526514,0,3,1,0,9,-1.0,195.0,0.0,0.0,0.0,6.4,-22,124
2026-03-12T19:55:12.654419,0,3,1,0,9,-1.0,195.5,0.0,0.0,0.0,6.4,-22,125
2026-03-12T19:55:12.778670,0,3,1,0,9,-1.0,195.5,0.0,0.0,0.0,6.4,-22,124
2026-03-12T19:55:12.904112,0,3,1,0,9,-1.0,195.25,0.0,0.0,0.0,6.4,-22,124
2026-03-12T19:55:13.027681,0,3,1,0,9,-1.0,195.25,0.0,0.0,0.0,6.4,-22,124
2026-03-12T19:55:13.154905,0,3,1,0,9,-1.0,195.25,0.0,0.0,0.0,6.4,-22,126
2026-03-12T19:55:13.273157,0,3,1,0,9,-1.0,195.25,0.0,0.0,0.0,6.4,-22,125
2026-03-12T19:55:13.405647,0,3,1,0,9,-1.0,195.5,0.0,0.0,0.0,6.4,-22,125
2026-03-12T19:55:13.528533,0,3,1,0,9,-1.0,195.5,0.0,0.0,0.0,6.4,-22,125
2026-03-12T19:55:13.656465,0,3,1,0,9,-1.0,195.5,0.0,0.0,0.0,6.4,-22,126
2026-03-12T19:55:13.774605,0,3,1,0,9,-1.0,195.25,0.0,0.0,0.0,6.4,-22,125
2026-03-12T19:55:13.899665,0,3,1,0,9,-1.0,195.25,0.0,0.0,0.0,6.4,-22,125
2026-03-12T19:55:14.031090,0,3,1,0,9,-1.0,195.25,0.0,0.0,0.0,6.4,-22,125
2026-03-12T19:55:14.157213,0,3,1,0,9,-1.0,195.0,0.0,0.0,0.0,6.4,-22,126
2026-03-12T19:55:14.275037,0,3,1,0,9,-1.0,195.5,0.0,0.0,0.0,6.4,-22,125
2026-03-12T19:55:14.408590,0,3,1,0,9,-1.0,195.0,0.0,0.0,0.0,6.4,-22,125
2026-03-12T19:55:14.531260,0,3,1,0,9,-1.0,195.0,0.0,0.0,0.0,6.4,-22,124
2026-03-12T19:55:14.656056,0,3,1,0,9,-1.0,195.0,0.0,0.0,0.0,6.4,-22,124
2026-03-12T19:55:14.782838,0,3,1,0,9,-1.0,195.0,0.0,0.0,0.0,6.4,-22,125
2026-03-12T19:55:14.907503,0,3,1,0,9,-1.0,195.25,0.0,0.0,0.0,6.4,-22,124
2026-03-12T19:55:15.032720,0,3,1,0,9,-1.0,194.75,0.0,0.0,0.0,6.4,-22,124
2026-03-12T19:55:15.157533,0,3,1,0,9,-1.0,195.25,0.0,0.0,0.0,6.4,-22,124
2026-03-12T19:55:15.284050,0,3,1,0,9,-1.0,195.25,0.0,0.0,0.0,6.4,-22,126
2026-03-12T19:55:15.408613,0,3,1,0,9,-1.0,195.25,0.0,0.0,0.0,6.4,-22,125
2026-03-12T19:55:15.533413,0,3,1,0,9,-1.0,195.0,0.0,0.0,0.0,6.4,-22,125
2026-03-12T19:55:15.658227,0,3,1,0,9,-1.0,195.25,0.0,0.0,0.0,6.4,-22,125
2026-03-12T19:55:15.784149,0,3,1,0,9,-1.0,195.25,0.0,0.0,0.0,6.4,-22,126
2026-03-12T19:55:15.910635,0,3,1,0,9,-1.0,195.0,0.0,0.0,0.0,6.4,-22,125
2026-03-12T19:55:16.035391,0,3,1,0,9,-1.0,195.0,0.0,0.0,0.0,6.4,-22,125
2026-03-12T19:55:16.160422,0,3,1,0,9,-1.0,195.0,0.0,0.0,0.0,6.4,-22,125
2026-03-12T19:55:16.287814,0,3,1,0,9,-1.0,195.25,0.0,0.0,0.0,6.4,-22,126
2026-03-12T19:55:16.409934,0,3,1,0,9,-1.0,195.25,0.0,0.0,0.0,6.4,-22,125
2026-03-12T19:55:16.535813,0,3,1,0,9,-1.0,195.0,0.0,0.0,0.0,6.4,-22,125
2026-03-12T19:55:16.654529,0,3,1,0,9,-1.0,195.0,0.0,0.0,0.0,6.4,-22,125
2026-03-12T19:55:16.787099,0,3,1,0,9,-1.0,195.0,0.0,0.0,0.0,6.4,-22,125
2026-03-12T19:55:16.910767,0,3,1,0,9,-1.0,195.0,0.0,0.0,0.0,6.4,-22,125
2026-03-12T19:55:17.036816,0,3,1,0,9,-1.0,195.0,0.0,0.0,0.0,6.4,-22,124
2026-03-12T19:55:17.163193,0,3,1,0,9,-1.0,195.0,0.0,0.0,0.0,6.4,-22,124
2026-03-12T19:55:17.280180,0,3,1,0,9,-1.0,195.0,0.0,0.0,0.0,6.4,-22,124
2026-03-12T19:55:17.413019,0,3,1,0,9,-1.0,195.0,0.0,0.0,0.0,6.4,-22,125
2026-03-12T19:55:17.537408,0,3,1,0,9,-1.0,195.0,0.0,0.0,0.0,6.4,-22,125
2026-03-12T19:55:17.663746,0,3,1,0,9,-1.0,195.0,0.0,0.0,0.0,6.4,-22,125
2026-03-12T19:55:17.788474,0,3,1,0,9,-1.0,195.25,0.0,0.0,0.0,6.4,-22,125
2026-03-12T19:55:17.913623,0,3,1,0,9,-1.0,195.25,0.0,0.0,0.0,6.4,-22,126
2026-03-12T19:55:18.038911,0,3,1,0,9,-1.0,195.25,0.0,0.0,0.0,6.4,-22,125
2026-03-12T19:55:18.164277,0,3,1,0,9,-1.0,195.5,0.0,0.0,0.0,6.4,-22,125
2026-03-12T19:55:18.289159,0,3,1,0,9,-1.0,195.25,0.0,0.0,0.0,6.4,-22,125
2026-03-12T19:55:18.415213,0,3,1,0,9,-1.0,195.25,0.0,0.0,0.0,6.4,-22,126
2026-03-12T19:55:18.540751,0,3,1,0,9,-1.0,195.25,0.0,0.0,0.0,6.4,-22,125
2026-03-12T19:55:18.665347,0,3,1,0,9,-1.0,195.25,0.0,0.0,0.0,6.4,-22,125
2026-03-12T19:55:18.783346,0,3,1,0,9,-1.0,195.0,0.0,0.0,0.0,6.4,-22,125
2026-03-12T19:55:18.916117,0,3,1,0,9,-1.0,195.25,0.0,0.0,0.0,6.4,-22,126
2026-03-12T19:55:19.042246,0,3,1,0,9,-1.0,195.0,0.0,0.0,0.0,6.4,-22,126
2026-03-12T19:55:19.167663,0,3,1,0,9,-1.0,195.25,0.0,0.0,0.0,6.4,-22,124
2026-03-12T19:55:19.292302,0,3,1,0,9,-1.0,195.0,0.0,0.0,0.0,6.4,-22,125
2026-03-12T19:55:19.417715,0,3,1,0,9,-1.0,195.0,0.0,0.0,0.0,6.4,-22,124
2026-03-12T19:55:19.543246,0,3,1,0,9,-1.0,195.25,0.0,0.0,0.0,6.4,-22,125
2026-03-12T19:55:19.668638,0,3,1,0,9,-1.0,195.25,0.0,0.0,0.0,6.4,-22,124
2026-03-12T19:55:19.792237,0,3,1,0,9,-1.0,195.25,0.0,0.0,0.0,6.4,-22,124
2026-03-12T19:55:19.918360,0,3,1,0,9,-1.0,195.25,0.0,0.0,0.0,6.4,-22,124
2026-03-12T19:55:20.043559,0,3,1,0,9,-1.0,195.25,0.0,0.0,0.0,6.4,-22,125
2026-03-12T19:55:20.168771,0,3,1,0,9,-1.0,195.0,0.0,0.0,0.0,6.4,-22,124
2026-03-12T19:55:20.294157,0,3,1,0,9,-1.0,195.0,0.0,0.0,0.0,6.4,-22,125
2026-03-12T19:55:20.419299,0,3,1,0,9,-1.0,195.0,0.0,0.0,0.0,6.4,-22,125
2026-03-12T19:55:20.545166,0,3,1,0,9,-1.0,195.0,0.0,0.0,0.0,6.4,-22,126
2026-03-12T19:55:20.670039,0,3,1,0,9,-1.0,195.0,0.0,0.0,0.0,6.4,-22,125
2026-03-12T19:55:20.794736,0,3,1,0,9,-1.0,195.0,0.0,0.0,0.0,6.4,-22,125
2026-03-12T19:55:20.919370,0,3,1,0,9,-1.0,195.0,0.0,0.0,0.0,6.4,-22,125
2026-03-12T19:55:21.044935,0,3,1,0,9,-1.0,194.75,0.0,0.0,0.0,6.4,-22,125
2026-03-12T19:55:21.170791,0,3,1,0,9,-1.0,195.0,0.0,0.0,0.0,6.4,-22,126
2026-03-12T19:55:21.289265,0,3,1,0,9,-1.0,195.25,0.0,0.0,0.0,6.4,-22,125
2026-03-12T19:55:21.422910,0,3,1,0,9,-1.0,195.25,0.0,0.0,0.0,6.4,-22,125
2026-03-12T19:55:21.546358,0,3,1,0,9,-1.0,195.0,0.0,0.0,0.0,6.4,-22,125
2026-03-12T19:55:21.672312,0,3,1,0,9,-1.0,195.0,0.0,0.0,0.0,6.4,-22,126
2026-03-12T19:55:21.796333,0,3,1,0,9,-1.0,195.0,0.0,0.0,0.0,6.4,-22,124
2026-03-12T19:55:21.921953,0,3,1,0,9,-1.0,195.25,0.0,0.0,0.0,6.4,-22,124
2026-03-12T19:55:22.047365,0,3,1,0,9,-1.0,195.25,0.0,0.0,0.0,6.4,-22,124
2026-03-12T19:55:22.166456,0,3,1,0,9,-1.0,195.25,0.0,0.0,0.0,6.4,-22,125
2026-03-12T19:55:22.291441,0,3,1,0,9,-1.0,195.0,0.0,0.0,0.0,6.4,-22,124
2026-03-12T19:55:22.423155,0,3,1,0,9,-1.0,195.0,0.0,0.0,0.0,6.4,-22,124
2026-03-12T19:55:22.541329,0,3,1,0,9,-1.0,195.25,0.0,0.0,0.0,6.4,-22,124
2026-03-12T19:55:22.673274,0,3,1,0,9,-1.0,195.25,0.0,0.0,0.0,6.6,-22,126
2026-03-12T19:55:22.799145,0,3,1,0,9,-1.0,195.25,0.0,0.0,0.0,6.4,-22,126
2026-03-12T19:55:22.924193,0,3,1,0,9,-1.0,195.25,0.0,0.0,0.0,6.4,-22,125
2026-03-12T19:55:23.049336,0,3,1,0,9,-1.0,195.25,0.0,0.0,0.0,6.4,-22,125
2026-03-12T19:55:23.174667,0,3,1,0,9,-1.0,195.25,0.0,0.0,0.0,6.4,-22,125
2026-03-12T19:55:23.300066,0,3,1,0,9,-1.0,195.25,0.0,0.0,0.0,6.4,-22,126
2026-03-12T19:55:23.427393,0,3,1,0,9,-1.0,195.25,0.0,0.0,0.0,6.4,-22,125
2026-03-12T19:55:23.550436,0,3,1,0,9,-1.0,195.25,0.0,0.0,0.0,6.4,-22,125
2026-03-12T19:55:23.675865,0,3,1,0,9,-1.0,195.0,0.0,0.0,0.0,6.4,-22,124
2026-03-12T19:55:23.801721,0,3,1,0,9,-1.0,195.25,0.0,0.0,0.0,6.4,-22,125
2026-03-12T19:55:23.926904,0,3,1,0,9,-1.0,195.5,0.0,0.0,0.0,6.4,-22,124
2026-03-12T19:55:24.051575,0,3,1,0,9,-1.0,195.5,0.0,0.0,0.0,6.4,-22,124
2026-03-12T19:55:24.176775,0,3,1,0,9,-1.0,195.25,0.0,0.0,0.0,6.4,-22,124
2026-03-12T19:55:24.302908,0,3,1,0,9,-1.0,195.25,0.0,0.0,0.0,6.4,-22,126
2026-03-12T19:55:24.429057,0,3,1,0,9,-1.0,195.25,0.0,0.0,0.0,6.4,-22,126
2026-03-12T19:55:24.554193,0,3,1,0,9,-1.0,195.25,0.0,0.0,0.0,6.4,-22,125
2026-03-12T19:55:24.679200,0,3,1,0,9,-1.0,195.25,0.0,0.0,0.0,6.4,-22,125
2026-03-12T19:55:24.803551,0,3,1,0,9,-1.0,195.25,0.0,0.0,0.0,6.4,-22,125
2026-03-12T19:55:24.929996,0,3,1,0,9,-1.0,195.0,0.0,0.0,0.0,6.4,-22,126
2026-03-12T19:55:25.049226,0,3,1,0,9,-1.0,194.75,0.0,0.0,0.0,6.4,-22,125
2026-03-12T19:55:25.181786,0,3,1,0,9,-1.0,195.0,0.0,0.0,0.0,6.4,-22,125
2026-03-12T19:55:25.304116,0,3,1,0,9,-1.0,195.25,0.0,0.0,0.0,6.4,-22,125
2026-03-12T19:55:25.431783,0,3,1,0,9,-1.0,195.0,0.0,0.0,0.0,6.4,-22,126
2026-03-12T19:55:25.555846,0,3,1,0,9,-1.0,195.25,0.0,0.0,0.0,6.4,-22,124
2026-03-12T19:55:25.681558,0,3,1,0,9,-1.0,195.25,0.0,0.0,0.0,6.4,-22,124
2026-03-12T19:55:25.806164,0,3,1,0,9,-1.0,195.25,0.0,0.0,0.0,6.4,-22,124
2026-03-12T19:55:25.932160,0,3,1,0,9,-1.0,195.25,0.0,0.0,0.0,6.4,-22,125
2026-03-12T19:55:26.057169,0,3,1,0,9,-1.0,195.25,0.0,0.0,0.0,6.4,-22,125
2026-03-12T19:55:26.181970,0,3,1,0,9,-1.0,195.0,0.0,0.0,0.0,6.4,-22,125
2026-03-12T19:55:26.307327,0,3,1,0,9,-1.0,195.0,0.0,0.0,0.0,6.4,-22,125
2026-03-12T19:55:26.431749,0,3,1,0,9,-1.0,195.25,0.0,0.0,0.0,6.4,-22,125
2026-03-12T19:55:26.557964,0,3,1,0,9,-1.0,195.25,0.0,0.0,0.0,6.4,-22,126
2026-03-12T19:55:26.683546,0,3,1,0,9,-1.0,195.25,0.0,0.0,0.0,6.4,-22,125
2026-03-12T19:55:26.808018,0,3,1,0,9,-1.0,195.25,0.0,0.0,0.0,6.4,-22,125
2026-03-12T19:55:26.927067,0,3,1,0,9,-1.0,195.25,0.0,0.0,0.0,6.4,-22,125
2026-03-12T19:55:27.060569,0,3,1,0,9,-1.0,195.25,0.0,0.0,0.0,6.4,-22,125
2026-03-12T19:55:27.185145,0,3,1,0,9,-1.0,195.0,0.0,0.0,0.0,6.4,-22,124
2026-03-12T19:55:27.309885,0,3,1,0,9,-1.0,195.0,0.0,0.0,0.0,6.4,-22,124
2026-03-12T19:55:27.434496,0,3,1,0,9,-1.0,195.25,0.0,0.0,0.0,6.4,-22,124
2026-03-12T19:55:27.560868,0,3,1,0,9,-1.0,195.25,0.0,0.0,0.0,6.4,-22,126
2026-03-12T19:55:27.685181,0,3,1,0,9,-1.0,195.25,0.0,0.0,0.0,6.4,-22,125
2026-03-12T19:55:27.810310,0,3,1,0,9,-1.0,195.0,0.0,0.0,0.0,6.4,-22,125
2026-03-12T19:55:27.936711,0,3,1,0,9,-1.0,195.0,0.0,0.0,0.0,6.4,-22,125
2026-03-12T19:55:28.060861,0,3,1,0,9,-1.0,195.0,0.0,0.0,0.0,6.4,-22,125
2026-03-12T19:55:28.186806,0,3,1,0,9,-1.0,195.25,0.0,0.0,0.0,6.4,-22,126
2026-03-12T19:55:28.311911,0,3,1,0,9,-1.0,195.25,0.0,0.0,0.0,6.4,-22,125
2026-03-12T19:55:28.436363,0,3,1,0,9,-1.0,195.25,0.0,0.0,0.0,6.4,-22,124
2026-03-12T19:55:28.563802,0,3,1,0,9,-1.0,195.0,0.0,0.0,0.0,6.4,-22,124
2026-03-12T19:55:28.687304,0,3,1,0,9,-1.0,195.25,0.0,0.0,0.0,6.4,-22,125
2026-03-12T19:55:28.812804,0,3,1,0,9,-1.0,195.0,0.0,0.0,0.0,6.4,-22,124
2026-03-12T19:55:28.938163,0,3,1,0,9,-1.0,195.0,0.0,0.0,0.0,6.4,-22,125
2026-03-12T19:55:29.063484,0,3,1,0,9,-1.0,195.0,0.0,0.0,0.0,6.4,-22,125
2026-03-12T19:55:29.189982,0,3,1,0,9,-1.0,195.5,0.0,0.0,0.0,6.4,-22,126
2026-03-12T19:55:29.313849,0,3,1,0,9,-1.0,195.5,0.0,0.0,0.0,6.4,-22,125
2026-03-12T19:55:29.439769,0,3,1,0,9,-1.0,195.0,0.0,0.0,0.0,6.4,-22,125
2026-03-12T19:55:29.563054,0,3,1,0,9,-1.0,195.0,0.0,0.0,0.0,6.4,-22,125
2026-03-12T19:55:29.683140,0,3,1,0,9,-1.0,195.0,0.0,0.0,0.0,6.4,-22,126
2026-03-12T19:55:29.815679,0,3,1,0,9,-1.0,195.0,0.0,0.0,0.0,6.4,-22,126
2026-03-12T19:55:29.941185,0,3,1,0,9,-1.0,195.25,0.0,0.0,0.0,6.4,-22,124
2026-03-12T19:55:30.065632,0,3,1,0,9,-1.0,195.0,0.0,0.0,0.0,6.4,-22,124
2026-03-12T19:55:30.184374,0,3,1,0,9,-1.0,195.25,0.0,0.0,0.0,6.4,-22,124
2026-03-12T19:55:30.316514,0,3,1,0,9,-1.0,194.75,0.0,0.0,0.0,6.4,-22,126
2026-03-12T19:55:30.442222,0,3,1,0,9,-1.0,195.0,0.0,0.0,0.0,6.4,-22,125
2026-03-12T19:55:30.560402,0,3,1,0,9,-1.0,195.0,0.0,0.0,0.0,6.4,-22,125
2026-03-12T19:55:30.693344,0,3,1,0,9,-1.0,194.75,0.0,0.0,0.0,6.4,-22,125
2026-03-12T19:55:30.818598,0,3,1,0,9,-1.0,194.75,0.0,0.0,0.0,6.4,-22,126
2026-03-12T19:55:30.942886,0,3,1,0,9,-1.0,194.75,0.0,0.0,0.0,6.4,-22,125
2026-03-12T19:55:31.068187,0,3,1,0,9,-1.0,195.25,0.0,0.0,0.0,6.4,-22,125
2026-03-12T19:55:31.193617,0,3,1,0,9,-1.0,194.75,0.0,0.0,0.0,6.4,-22,124
2026-03-12T19:55:31.312661,0,3,1,0,9,-1.0,195.0,0.0,0.0,0.0,6.4,-22,125
2026-03-12T19:55:31.444326,0,3,1,0,9,-1.0,195.25,0.0,0.0,0.0,6.4,-22,124
2026-03-12T19:55:31.569525,0,3,1,0,9,-1.0,194.75,0.0,0.0,0.0,6.4,-22,124
2026-03-12T19:55:31.694062,0,3,1,0,9,-1.0,194.75,0.0,0.0,0.0,6.4,-22,125
2026-03-12T19:55:31.819855,0,3,1,0,9,-1.0,195.25,0.0,0.0,0.0,6.4,-22,126
2026-03-12T19:55:31.939696,0,3,1,0,9,-1.0,195.25,0.0,0.0,0.0,6.4,-22,126
2026-03-12T19:55:32.071409,0,3,1,0,9,-1.0,195.25,0.0,0.0,0.0,6.4,-22,125
2026-03-12T19:55:32.196007,0,3,1,0,9,-1.0,195.25,0.0,0.0,0.0,6.4,-22,125
2026-03-12T19:55:32.320886,0,3,1,0,9,-1.0,195.0,0.0,0.0,0.0,6.4,-22,125
2026-03-12T19:55:32.447069,0,3,1,0,9,-1.0,195.0,0.0,0.0,0.0,6.4,-22,126
2026-03-12T19:55:32.571769,0,3,1,0,9,-1.0,195.0,0.0,0.0,0.0,6.4,-22,125
2026-03-12T19:55:32.696406,0,3,1,0,9,-1.0,195.0,0.0,0.0,0.0,6.4,-22,124
2026-03-12T19:55:32.816182,0,3,1,0,9,-1.0,195.0,0.0,0.0,0.0,6.4,-22,124
2026-03-12T19:55:32.948535,0,3,1,0,9,-1.0,195.0,0.0,0.0,0.0,6.4,-22,125
2026-03-12T19:55:33.066703,0,3,1,0,9,-1.0,195.0,0.0,0.0,0.0,6.4,-22,124
2026-03-12T19:55:33.200613,0,3,1,0,9,-1.0,195.0,0.0,0.0,0.0,6.4,-22,125
2026-03-12T19:55:33.323536,0,3,1,0,9,-1.0,195.0,0.0,0.0,0.0,6.4,-22,125
2026-03-12T19:55:33.448641,0,3,1,0,9,-1.0,195.0,0.0,0.0,0.0,6.4,-22,126
2026-03-12T19:55:33.574133,0,3,1,0,9,-1.0,195.25,0.0,0.0,0.0,6.4,-22,125
2026-03-12T19:55:33.699961,0,3,1,0,9,-1.0,195.0,0.0,0.0,0.0,6.4,-22,125
2026-03-12T19:55:33.824983,0,3,1,0,9,-1.0,195.25,0.0,0.0,0.0,6.4,-22,125
2026-03-12T19:55:33.948448,0,3,1,0,9,-1.0,195.0,0.0,0.0,0.0,6.4,-22,124
2026-03-12T19:55:34.076005,0,3,1,0,9,-1.0,195.25,0.0,0.0,0.0,6.4,-22,125
2026-03-12T19:55:34.200356,0,3,1,0,9,-1.0,195.25,0.0,0.0,0.0,6.4,-22,124
2026-03-12T19:55:34.325708,0,3,1,0,9,-1.0,194.75,0.0,0.0,0.0,6.4,-22,124
2026-03-12T19:55:34.450336,0,3,1,0,9,-1.0,194.75,0.0,0.0,0.0,6.4,-22,125
2026-03-12T19:55:34.576391,0,3,1,0,9,-1.0,194.75,0.0,0.0,0.0,6.4,-22,126
2026-03-12T19:55:34.701715,0,3,1,0,9,-1.0,195.0,0.0,0.0,0.0,6.4,-22,125
2026-03-12T19:55:34.826549,0,3,1,0,9,-1.0,195.0,0.0,0.0,0.0,6.4,-22,125
2026-03-12T19:55:34.952078,0,3,1,0,9,-1.0,194.75,0.0,0.0,0.0,6.4,-22,125
2026-03-12T19:55:35.078079,0,3,1,0,9,-1.0,194.75,0.0,0.0,0.0,6.4,-22,126
2026-03-12T19:55:35.202417,0,3,1,0,9,-1.0,194.75,0.0,0.0,0.0,6.4,-22,125
2026-03-12T19:55:35.327316,0,3,1,0,9,-1.0,194.75,0.0,0.0,0.0,6.4,-22,125
2026-03-12T19:55:35.452669,0,3,1,0,9,-1.0,194.75,0.0,0.0,0.0,6.4,-22,124
2026-03-12T19:55:35.578204,0,3,1,0,9,-1.0,194.75,0.0,0.0,0.0,6.4,-22,124
2026-03-12T19:55:35.704639,0,3,1,0,9,-1.0,194.75,0.0,0.0,0.0,6.4,-22,125
2026-03-12T19:55:35.829161,0,3,1,0,9,-1.0,194.75,0.0,0.0,0.0,6.4,-22,125
2026-03-12T19:55:35.955708,0,3,1,0,9,-1.0,195.0,0.0,0.0,0.0,6.4,-22,125
2026-03-12T19:55:36.072470,0,3,1,0,9,-1.0,195.25,0.0,0.0,0.0,6.4,-22,125
2026-03-12T19:55:36.204984,0,3,1,0,9,-1.0,195.25,0.0,0.0,0.0,6.4,-22,126
2026-03-12T19:55:36.329432,0,3,1,0,9,-1.0,195.0,0.0,0.0,0.0,6.4,-22,125
2026-03-12T19:55:36.455260,0,3,1,0,9,-1.0,195.0,0.0,0.0,0.0,6.4,-22,125
2026-03-12T19:55:36.580060,0,3,1,0,9,-1.0,195.0,0.0,0.0,0.0,6.4,-22,125
2026-03-12T19:55:36.706240,0,3,1,0,9,-1.0,195.0,0.0,0.0,0.0,6.4,-22,126
2026-03-12T19:55:36.831422,0,3,1,0,9,-1.0,195.0,0.0,0.0,0.0,6.4,-22,124
2026-03-12T19:55:36.949650,0,3,1,0,9,-1.0,195.0,0.0,0.0,0.0,6.4,-22,124
2026-03-12T19:55:37.081091,0,3,1,0,9,-1.0,195.25,0.0,0.0,0.0,6.4,-22,124
2026-03-12T19:55:37.207696,0,3,1,0,9,-1.0,195.0,0.0,0.0,0.0,6.4,-22,125
2026-03-12T19:55:37.332407,0,3,1,0,9,-1.0,195.0,0.0,0.0,0.0,6.4,-22,125
2026-03-12T19:55:37.457752,0,3,1,0,9,-1.0,195.0,0.0,0.0,0.0,6.4,-22,125
2026-03-12T19:55:37.583676,0,3,1,0,9,-1.0,195.0,0.0,0.0,0.0,6.4,-22,125
2026-03-12T19:55:37.708615,0,3,1,0,9,-1.0,195.0,0.0,0.0,0.0,6.4,-22,125
2026-03-12T19:55:37.826980,0,3,1,0,9,-1.0,195.0,0.0,0.0,0.0,6.4,-22,126
2026-03-12T19:55:37.952462,0,3,1,0,9,-1.0,195.0,0.0,0.0,0.0,6.4,-22,125
2026-03-12T19:55:38.084300,0,3,1,0,9,-1.0,195.0,0.0,0.0,0.0,6.4,-22,125
2026-03-12T19:55:38.208689,0,3,1,0,9,-1.0,195.0,0.0,0.0,0.0,6.4,-22,125
2026-03-12T19:55:38.334785,0,3,1,0,9,-1.0,195.25,0.0,0.0,0.0,6.4,-22,125
2026-03-12T19:55:38.459306,0,3,1,0,9,-1.0,194.75,0.0,0.0,0.0,6.4,-22,125
2026-03-12T19:55:38.577653,0,3,1,0,9,-1.0,194.75,0.0,0.0,0.0,6.4,-22,124
2026-03-12T19:55:38.709361,0,3,1,0,9,-1.0,194.75,0.0,0.0,0.0,6.4,-22,124
2026-03-12T19:55:38.835047,0,3,1,0,9,-1.0,195.0,0.0,0.0,0.0,6.4,-22,125
2026-03-12T19:55:38.960946,0,3,1,0,9,-1.0,195.0,0.0,0.0,0.0,6.4,-22,124
2026-03-12T19:55:39.085893,0,3,1,0,9,-1.0,195.0,0.0,0.0,0.0,6.4,-22,125
2026-03-12T19:55:39.211626,0,3,1,0,9,-1.0,195.0,0.0,0.0,0.0,6.4,-22,125
2026-03-12T19:55:39.336712,0,3,1,0,9,-1.0,195.0,0.0,0.0,0.0,6.4,-22,126
2026-03-12T19:55:39.461920,0,3,1,0,9,-1.0,195.0,0.0,0.0,0.0,6.4,-22,126
2026-03-12T19:55:39.587770,0,3,1,0,9,-1.0,194.75,0.0,0.0,0.0,6.4,-22,125
2026-03-12T19:55:39.712408,0,3,1,0,9,-1.0,195.0,0.0,0.0,0.0,6.4,-22,125
2026-03-12T19:55:39.836824,0,3,1,0,9,-1.0,195.0,0.0,0.0,0.0,6.4,-22,125
2026-03-12T19:55:39.963460,0,3,1,0,9,-1.0,195.0,0.0,0.0,0.0,6.4,-22,126
2026-03-12T19:55:40.088655,0,3,1,0,9,-1.0,195.0,0.0,0.0,0.0,6.4,-22,125
2026-03-12T19:55:40.213251,0,3,1,0,9,-1.0,195.0,0.0,0.0,0.0,6.4,-22,125
2026-03-12T19:55:40.338591,0,3,1,0,9,-1.0,194.5,0.0,0.0,0.0,6.4,-22,125
2026-03-12T19:55:40.458218,0,3,1,0,9,-1.0,194.5,0.0,0.0,0.0,6.4,-22,125
2026-03-12T19:55:40.588893,0,3,1,0,9,-1.0,194.5,0.0,0.0,0.0,6.4,-22,124
2026-03-12T19:55:40.714261,0,3,1,0,9,-1.0,194.75,0.0,0.0,0.0,6.4,-22,124
2026-03-12T19:55:40.839511,0,3,1,0,9,-1.0,194.75,0.0,0.0,0.0,6.4,-22,124
2026-03-12T19:55:40.964564,0,3,1,0,9,-1.0,195.0,0.0,0.0,0.0,6.4,-22,125
2026-03-12T19:55:41.090624,0,3,1,0,9,-1.0,194.75,0.0,0.0,0.0,6.4,-22,124
2026-03-12T19:55:41.209137,0,3,1,0,9,-1.0,194.75,0.0,0.0,0.0,6.4,-22,124
2026-03-12T19:55:41.342379,0,3,1,0,9,-1.0,194.75,0.0,0.0,0.0,6.4,-22,125
2026-03-12T19:55:41.465625,0,3,1,0,9,-1.0,194.75,0.0,0.0,0.0,6.4,-22,125
2026-03-12T19:55:41.591291,0,3,1,0,9,-1.0,195.0,0.0,0.0,0.0,6.4,-22,126
2026-03-12T19:55:41.716692,0,3,1,0,9,-1.0,195.0,0.0,0.0,0.0,6.4,-22,125
2026-03-12T19:55:41.834907,0,3,1,0,9,-1.0,195.0,0.0,0.0,0.0,6.4,-22,125
2026-03-12T19:55:41.967023,0,3,1,0,9,-1.0,195.25,0.0,0.0,0.0,6.4,-22,125
2026-03-12T19:55:42.091478,0,3,1,0,9,-1.0,195.0,0.0,0.0,0.0,6.4,-22,126
2026-03-12T19:55:42.216852,0,3,1,0,9,-1.0,195.0,0.0,0.0,0.0,6.4,-22,125
2026-03-12T19:55:42.342398,0,3,1,0,9,-1.0,195.0,0.0,0.0,0.0,6.4,-22,125
2026-03-12T19:55:42.467121,0,3,1,0,9,-1.0,195.0,0.0,0.0,0.0,6.4,-22,125
2026-03-12T19:55:42.593895,0,3,1,0,9,-1.0,195.0,0.0,0.0,0.0,6.4,-22,126
2026-03-12T19:55:42.718173,0,3,1,0,9,-1.0,194.75,0.0,0.0,0.0,6.4,-22,125
2026-03-12T19:55:42.843365,0,3,1,0,9,-1.0,194.75,0.0,0.0,0.0,6.4,-22,124
2026-03-12T19:55:42.967764,0,3,1,0,9,-1.0,195.0,0.0,0.0,0.0,6.4,-22,124
2026-03-12T19:55:43.095011,0,3,1,0,9,-1.0,195.0,0.0,0.0,0.0,6.4,-22,125
2026-03-12T19:55:43.219135,0,3,1,0,9,-1.0,195.0,0.0,0.0,0.0,6.4,-22,124
2026-03-12T19:55:43.344395,0,3,1,0,9,-1.0,195.0,0.0,0.0,0.0,6.4,-22,124
2026-03-12T19:55:43.470080,0,3,1,0,9,-1.0,194.75,0.0,0.0,0.0,6.4,-22,124
2026-03-12T19:55:43.594003,0,3,1,0,9,-1.0,195.25,0.0,0.0,0.0,6.4,-22,124
2026-03-12T19:55:43.719821,0,3,1,0,9,-1.0,195.0,0.0,0.0,0.0,6.4,-22,126
2026-03-12T19:55:43.838988,0,3,1,0,9,-1.0,195.0,0.0,0.0,0.0,6.4,-22,125
2026-03-12T19:55:43.972976,0,3,1,0,9,-1.0,195.0,0.0,0.0,0.0,6.4,-22,125
2026-03-12T19:55:44.095996,0,3,1,0,9,-1.0,195.0,0.0,0.0,0.0,6.4,-22,125
2026-03-12T19:55:44.221265,0,3,1,0,9,-1.0,195.0,0.0,0.0,0.0,6.4,-22,126
2026-03-12T19:55:44.346912,0,3,1,0,9,-1.0,195.0,0.0,0.0,0.0,6.4,-22,125
2026-03-12T19:55:44.471035,0,3,1,0,9,-1.0,195.0,0.0,0.0,0.0,6.4,-22,125
2026-03-12T19:55:44.596345,0,3,1,0,9,-1.0,195.25,0.0,0.0,0.0,6.4,-22,125
2026-03-12T19:55:44.722892,0,3,1,0,9,-1.0,195.0,0.0,0.0,0.0,6.4,-22,126
2026-03-12T19:55:44.847918,0,3,1,0,9,-1.0,195.0,0.0,0.0,0.0,6.4,-22,125
2026-03-12T19:55:44.966014,0,3,1,0,9,-1.0,195.0,0.0,0.0,0.0,6.4,-22,124
2026-03-12T19:55:45.099853,0,3,1,0,9,-1.0,195.25,0.0,0.0,0.0,6.4,-22,124
2026-03-12T19:55:45.217024,0,3,1,0,9,-1.0,195.25,0.0,0.0,0.0,6.4,-22,125
2026-03-12T19:55:45.349377,0,3,1,0,9,-1.0,195.0,0.0,0.0,0.0,6.4,-22,124
2026-03-12T19:55:45.467092,0,3,1,0,9,-1.0,195.0,0.0,0.0,0.0,6.4,-22,124
2026-03-12T19:55:45.599991,0,3,1,0,9,-1.0,195.0,0.0,0.0,0.0,6.4,-22,124
2026-03-12T19:55:45.722715,0,3,1,0,9,-1.0,194.75,0.0,0.0,0.0,6.4,-22,124
2026-03-12T19:55:45.849764,0,3,1,0,9,-1.0,195.25,0.0,0.0,0.0,6.4,-22,126
2026-03-12T19:55:45.973979,0,3,1,0,9,-1.0,195.25,0.0,0.0,0.0,6.4,-22,125
2026-03-12T19:55:46.100375,0,3,1,0,9,-1.0,195.0,0.0,0.0,0.0,6.4,-22,125
2026-03-12T19:55:46.223923,0,3,1,0,9,-1.0,195.0,0.0,0.0,0.0,6.4,-22,125
2026-03-12T19:55:46.350959,0,3,1,0,9,-1.0,195.0,0.0,0.0,0.0,6.4,-22,126
2026-03-12T19:55:46.469478,0,3,1,0,9,-1.0,194.75,0.0,0.0,0.0,6.4,-22,125
2026-03-12T19:55:46.601771,0,3,1,0,9,-1.0,194.75,0.0,0.0,0.0,6.4,-22,125
2026-03-12T19:55:46.725371,0,3,1,0,9,-1.0,194.75,0.0,0.0,0.0,6.4,-22,125
2026-03-12T19:55:46.851607,0,3,1,0,9,-1.0,195.0,0.0,0.0,0.0,6.4,-22,126
2026-03-12T19:55:46.970410,0,3,1,0,9,-1.0,194.75,0.0,0.0,0.0,6.4,-22,125
2026-03-12T19:55:47.103772,0,3,1,0,9,-1.0,195.0,0.0,0.0,0.0,6.4,-22,124
2026-03-12T19:55:47.226257,0,3,1,0,9,-1.0,195.0,0.0,0.0,0.0,6.4,-22,124
2026-03-12T19:55:47.346880,0,3,1,0,9,-1.0,195.5,0.0,0.0,0.0,6.4,-22,125
2026-03-12T19:55:47.479882,0,3,1,0,9,-1.0,194.75,0.0,0.0,0.0,6.4,-22,124
2026-03-12T19:55:47.602166,0,3,1,0,9,-1.0,195.25,0.0,0.0,0.0,6.4,-22,124
2026-03-12T19:55:47.727746,0,3,1,0,9,-1.0,195.25,0.0,0.0,0.0,6.4,-22,124
2026-03-12T19:55:47.852722,0,3,1,0,9,-1.0,194.75,0.0,0.0,0.0,6.4,-22,124
2026-03-12T19:55:47.980141,0,3,1,0,9,-1.0,194.75,0.0,0.0,0.0,6.4,-22,125
2026-03-12T19:55:48.103357,0,3,1,0,9,-1.0,194.75,0.0,0.0,0.0,6.4,-22,125
2026-03-12T19:55:48.229193,0,3,1,0,9,-1.0,194.75,0.0,0.0,0.0,6.4,-22,125
2026-03-12T19:55:48.353996,0,3,1,0,9,-1.0,194.75,0.0,0.0,0.0,6.4,-22,125
2026-03-12T19:55:48.480149,0,3,1,0,9,-1.0,195.0,0.0,0.0,0.0,6.4,-22,126
2026-03-12T19:55:48.604715,0,3,1,0,9,-1.0,195.0,0.0,0.0,0.0,6.4,-22,125
2026-03-12T19:55:48.723344,0,3,1,0,9,-1.0,194.75,0.0,0.0,0.0,6.4,-22,125
2026-03-12T19:55:48.857645,0,3,1,0,9,-1.0,194.75,0.0,0.0,0.0,6.4,-22,125
2026-03-12T19:55:48.980570,0,3,1,0,9,-1.0,195.25,0.0,0.0,0.0,6.4,-22,126
2026-03-12T19:55:49.106075,0,3,1,0,9,-1.0,195.25,0.0,0.0,0.0,6.4,-22,125
2026-03-12T19:55:49.224631,0,3,1,0,9,-1.0,195.25,0.0,0.0,0.0,6.4,-22,125
2026-03-12T19:55:49.357659,0,3,1,0,9,-1.0,195.0,0.0,0.0,0.0,6.4,-22,125
2026-03-12T19:55:49.481616,0,3,1,0,9,-1.0,195.25,0.0,0.0,0.0,6.4,-22,125
2026-03-12T19:55:49.607137,0,3,1,0,9,-1.0,195.0,0.0,0.0,0.0,6.4,-22,124
2026-03-12T19:55:49.731475,0,3,1,0,9,-1.0,194.75,0.0,0.0,0.0,6.4,-22,124
2026-03-12T19:55:49.857182,0,3,1,0,9,-1.0,195.0,0.0,0.0,0.0,6.4,-22,124
2026-03-12T19:55:49.981589,0,3,1,0,9,-1.0,195.0,0.0,0.0,0.0,6.4,-22,124
2026-03-12T19:55:50.108661,0,3,1,0,9,-1.0,195.0,0.0,0.0,0.0,6.4,-22,125
2026-03-12T19:55:50.232368,0,3,1,0,9,-1.0,195.0,0.0,0.0,0.0,6.4,-22,124
2026-03-12T19:55:50.357573,0,3,1,0,9,-1.0,195.0,0.0,0.0,0.0,6.4,-22,125
2026-03-12T19:55:50.476984,0,3,1,0,9,-1.0,195.0,0.0,0.0,0.0,6.4,-22,125
2026-03-12T19:55:50.609925,0,3,1,0,9,-1.0,195.0,0.0,0.0,0.0,6.4,-22,126
2026-03-12T19:55:50.733349,0,3,1,0,9,-1.0,195.25,0.0,0.0,0.0,6.4,-22,125
2026-03-12T19:55:50.859733,0,3,1,0,9,-1.0,194.75,0.0,0.0,0.0,6.4,-22,125
2026-03-12T19:55:50.984282,0,3,1,0,9,-1.0,195.0,0.0,0.0,0.0,6.4,-22,125
2026-03-12T19:55:51.110151,0,3,1,0,9,-1.0,195.25,0.0,0.0,0.0,6.4,-22,126
2026-03-12T19:55:51.235949,0,3,1,0,9,-1.0,195.25,0.0,0.0,0.0,6.4,-22,125
2026-03-12T19:55:51.360622,0,3,1,0,9,-1.0,195.0,0.0,0.0,0.0,6.4,-22,125
2026-03-12T19:55:51.484491,0,3,1,0,9,-1.0,195.0,0.0,0.0,0.0,6.4,-22,124
2026-03-12T19:55:51.609397,0,3,1,0,9,-1.0,195.0,0.0,0.0,0.0,6.4,-22,124
2026-03-12T19:55:51.729856,0,3,1,0,9,-1.0,195.0,0.0,0.0,0.0,6.4,-22,125
2026-03-12T19:55:51.854784,0,3,1,0,9,-1.0,195.25,0.0,0.0,0.0,6.4,-22,124
2026-03-12T19:55:51.988058,0,3,1,0,9,-1.0,195.25,0.0,0.0,0.0,6.4,-22,124
2026-03-12T19:55:52.110881,0,3,1,0,9,-1.0,195.0,0.0,0.0,0.0,6.4,-22,124
2026-03-12T19:55:52.237707,0,3,1,0,9,-1.0,195.25,0.0,0.0,0.0,6.4,-22,125
2026-03-12T19:55:52.362168,0,3,1,0,9,-1.0,195.25,0.0,0.0,0.0,6.4,-22,125
2026-03-12T19:55:52.488309,0,3,1,0,9,-1.0,195.0,0.0,0.0,0.0,6.4,-22,125
2026-03-12T19:55:52.612111,0,3,1,0,9,-1.0,195.0,0.0,0.0,0.0,6.4,-22,125
2026-03-12T19:55:52.737820,0,3,1,0,9,-1.0,195.0,0.0,0.0,0.0,6.4,-22,126
2026-03-12T19:55:52.856905,0,3,1,0,9,-1.0,195.0,0.0,0.0,0.0,6.4,-22,125
2026-03-12T19:55:52.989316,0,3,1,0,9,-1.0,195.0,0.0,0.0,0.0,6.4,-22,125
2026-03-12T19:55:53.112308,0,3,1,0,9,-1.0,195.0,0.0,0.0,0.0,6.4,-22,125
2026-03-12T19:55:53.240000,0,3,1,0,9,-1.0,195.0,0.0,0.0,0.0,6.4,-22,126
2026-03-12T19:55:53.364561,0,3,1,0,9,-1.0,195.0,0.0,0.0,0.0,6.4,-22,125
2026-03-12T19:55:53.488973,0,3,1,0,9,-1.0,194.75,0.0,0.0,0.0,6.4,-22,124
2026-03-12T19:55:53.614494,0,3,1,0,9,-1.0,195.0,0.0,0.0,0.0,6.4,-22,124
2026-03-12T19:55:53.741143,0,3,1,0,9,-1.0,195.0,0.0,0.0,0.0,6.4,-22,124
2026-03-12T19:55:53.865128,0,3,1,0,9,-1.0,195.0,0.0,0.0,0.0,6.4,-22,125
2026-03-12T19:55:53.990365,0,3,1,0,9,-1.0,195.0,0.0,0.0,0.0,6.4,-22,124
2026-03-12T19:55:54.115365,0,3,1,0,9,-1.0,195.0,0.0,0.0,0.0,6.4,-22,124
2026-03-12T19:55:54.233570,0,3,1,0,9,-1.0,195.0,0.0,0.0,0.0,6.4,-22,124
2026-03-12T19:55:54.366178,0,3,1,0,9,-1.0,195.25,0.0,0.0,0.0,6.4,-22,125
2026-03-12T19:55:54.491300,0,3,1,0,9,-1.0,195.25,0.0,0.0,0.0,6.4,-22,125
2026-03-12T19:55:54.616228,0,3,1,0,9,-1.0,195.25,0.0,0.0,0.0,6.4,-22,125
2026-03-12T19:55:54.742008,0,3,1,0,9,-1.0,195.5,0.0,0.0,0.0,6.4,-22,125
2026-03-12T19:55:54.867026,0,3,1,0,9,-1.0,195.0,0.0,0.0,0.0,6.4,-22,126
2026-03-12T19:55:54.985746,0,3,1,0,9,-1.0,195.0,0.0,0.0,0.0,6.4,-22,125
2026-03-12T19:55:55.117930,0,3,1,0,9,-1.0,195.0,0.0,0.0,0.0,6.4,-22,125
2026-03-12T19:55:55.242424,0,3,1,0,9,-1.0,195.0,0.0,0.0,0.0,6.4,-22,125
2026-03-12T19:55:55.367887,0,3,1,0,9,-1.0,195.0,0.0,0.0,0.0,6.4,-22,126
2026-03-12T19:55:55.493926,0,3,1,0,9,-1.0,195.0,0.0,0.0,0.0,6.4,-22,126
2026-03-12T19:55:55.618655,0,3,1,0,9,-1.0,195.25,0.0,0.0,0.0,6.4,-22,124
2026-03-12T19:55:55.744014,0,3,1,0,9,-1.0,195.25,0.0,0.0,0.0,6.4,-22,124
2026-03-12T19:55:55.868593,0,3,1,0,9,-1.0,195.25,0.0,0.0,0.0,6.4,-22,124
2026-03-12T19:55:55.994949,0,3,1,0,9,-1.0,195.25,0.0,0.0,0.0,6.4,-22,125
2026-03-12T19:55:56.119928,0,3,1,0,9,-1.0,195.0,0.0,0.0,0.0,6.4,-22,125
2026-03-12T19:55:56.245348,0,3,1,0,9,-1.0,195.0,0.0,0.0,0.0,6.4,-22,125
2026-03-12T19:55:56.369880,0,3,1,0,9,-1.0,195.25,0.0,0.0,0.0,6.4,-22,125
2026-03-12T19:55:56.489672,0,3,1,0,9,-1.0,195.25,0.0,0.0,0.0,6.4,-22,126
2026-03-12T19:55:56.622263,0,3,1,0,9,-1.0,195.25,0.0,0.0,0.0,6.4,-22,125
2026-03-12T19:55:56.745842,0,3,1,0,9,-1.0,195.0,0.0,0.0,0.0,6.4,-22,125
2026-03-12T19:55:56.870871,0,3,1,0,9,-1.0,195.25,0.0,0.0,0.0,6.4,-22,125
2026-03-12T19:55:56.998001,0,3,1,0,9,-1.0,195.25,0.0,0.0,0.0,6.4,-22,126
2026-03-12T19:55:57.121609,0,3,1,0,9,-1.0,195.0,0.0,0.0,0.0,6.4,-22,125
2026-03-12T19:55:57.246728,0,3,1,0,9,-1.0,195.0,0.0,0.0,0.0,6.4,-22,125
2026-03-12T19:55:57.372130,0,3,1,0,9,-1.0,195.25,0.0,0.0,0.0,6.4,-22,125
2026-03-12T19:55:57.498240,0,3,1,0,9,-1.0,195.0,0.0,0.0,0.0,6.4,-22,126
2026-03-12T19:55:57.623641,0,3,1,0,9,-1.0,195.0,0.0,0.0,0.0,6.4,-22,126
2026-03-12T19:55:57.749079,0,3,1,0,9,-1.0,195.5,0.0,0.0,0.0,6.4,-22,124
2026-03-12T19:55:57.874546,0,3,1,0,9,-1.0,195.5,0.0,0.0,0.0,6.4,-22,124
2026-03-12T19:55:57.999014,0,3,1,0,9,-1.0,195.5,0.0,0.0,0.0,6.4,-22,124
2026-03-12T19:55:58.124969,0,3,1,0,9,-1.0,195.25,0.0,0.0,0.0,6.4,-22,125
2026-03-12T19:55:58.250127,0,3,1,0,9,-1.0,195.0,0.0,0.0,0.0,6.4,-22,124
2026-03-12T19:55:58.375042,0,3,1,0,9,-1.0,195.25,0.0,0.0,0.0,6.4,-22,125
2026-03-12T19:55:58.499464,0,3,1,0,9,-1.0,195.25,0.0,0.0,0.0,6.4,-22,125
2026-03-12T19:55:58.622487,0,3,1,0,9,-1.0,195.0,0.0,0.0,0.0,6.4,-22,126
2026-03-12T19:55:58.753741,0,3,1,0,9,-1.0,195.0,0.0,0.0,0.0,6.4,-22,125
2026-03-12T19:55:58.869864,0,3,1,0,9,-1.0,195.0,0.0,0.0,0.0,6.4,-22,125
2026-03-12T19:55:59.001420,0,3,1,0,9,-1.0,195.0,0.0,0.0,0.0,6.4,-22,125
2026-03-12T19:55:59.126422,0,3,1,0,9,-1.0,195.0,0.0,0.0,0.0,6.4,-22,126
2026-03-12T19:55:59.252523,0,3,1,0,9,-1.0,195.0,0.0,0.0,0.0,6.4,-22,125
2026-03-12T19:55:59.376821,0,3,1,0,9,-1.0,195.0,0.0,0.0,0.0,6.4,-22,125
2026-03-12T19:55:59.502162,0,3,1,0,9,-1.0,195.0,0.0,0.0,0.0,6.4,-22,125
2026-03-12T19:55:59.622505,0,3,1,0,9,-1.0,195.25,0.0,0.0,0.0,6.4,-22,126
2026-03-12T19:55:59.755408,0,3,1,0,9,-1.0,195.25,0.0,0.0,0.0,6.4,-22,124
2026-03-12T19:55:59.878110,0,3,1,0,9,-1.0,195.25,0.0,0.0,0.0,6.4,-22,124
2026-03-12T19:56:00.003114,0,3,1,0,9,-1.0,195.25,0.0,0.0,0.0,6.4,-22,124
2026-03-12T19:56:00.128070,0,3,1,0,9,-1.0,195.0,0.0,0.0,0.0,6.4,-22,124
2026-03-12T19:56:00.254477,0,3,1,0,9,-1.0,195.0,0.0,0.0,0.0,6.4,-22,125
2026-03-12T19:56:00.379295,0,3,1,0,9,-1.0,195.0,0.0,0.0,0.0,6.4,-22,125
2026-03-12T19:56:00.498233,0,3,1,0,9,-1.0,195.0,0.0,0.0,0.0,6.4,-22,125
2026-03-12T19:56:00.629575,0,3,1,0,9,-1.0,195.0,0.0,0.0,0.0,6.4,-22,125
2026-03-12T19:56:00.757144,0,3,1,0,9,-1.0,195.0,0.0,0.0,0.0,6.4,-22,126
2026-03-12T19:56:00.880820,0,3,1,0,9,-1.0,195.0,0.0,0.0,0.0,6.4,-22,125
2026-03-12T19:56:01.005574,0,3,1,0,9,-1.0,195.25,0.0,0.0,0.0,6.4,-22,125
2026-03-12T19:56:01.130121,0,3,1,0,9,-1.0,195.25,0.0,0.0,0.0,6.4,-22,125
2026-03-12T19:56:01.255614,0,3,1,0,9,-1.0,195.0,0.0,0.0,0.0,6.4,-22,126
2026-03-12T19:56:01.380937,0,3,1,0,9,-1.0,195.0,0.0,0.0,0.0,6.4,-22,125
2026-03-12T19:56:01.505621,0,3,1,0,9,-1.0,195.0,0.0,0.0,0.0,6.4,-22,125
2026-03-12T19:56:01.631997,0,3,0,0,9,-1.0,195.0,0.0,0.0,0.0,6.4,-22,125
2026-03-12T19:56:15.785010,0,3,0,0,9,-1.0,195.0,0.0,0.0,0.0,6.6,-22,14158
2026-03-12T19:56:30.810741,0,3,0,0,9,-1.0,195.0,0.0,0.0,0.0,6.4,-22,15033
2026-03-12T19:56:45.840820,0,3,0,0,9,-1.0,194.75,0.0,0.0,0.0,6.6,-22,15034
2026-03-12T19:57:00.870758,0,3,0,0,9,-1.0,195.0,0.0,0.0,0.0,6.6,-22,15036
2026-03-12T19:57:15.891914,0,3,0,0,9,-1.0,194.75,0.0,0.0,0.0,6.6,-22,15034
2026-03-12T19:57:30.928016,0,3,0,0,9,-1.0,194.5,0.0,0.0,0.0,6.6,-22,15037
2026-03-12T19:57:45.960185,0,3,0,0,9,-1.0,195.0,0.0,0.0,0.0,6.6,-22,15038
2026-03-12T19:58:00.991445,0,3,0,0,9,-1.0,194.75,0.0,0.0,0.0,6.6,-22,15038
