timestamp,temperature,subsystem_status,flight_mode,low_power_mode,status_events,acceleration,height_pressure,height_gnss,lat_gnss,lon_gnss,battery_voltage,rssi,time_since_last_packet
2026-03-12T19:33:31.868043,0,3,0,0,9,-1.0,193.75,190.5,50.5916366,8.7041749,6.6,-22,9888
2026-03-12T19:33:37.006541,0,3,0,0,9,-1.0,193.75,187.5,50.5916252,8.7041482,6.6,-22,5136
2026-03-12T19:33:39.633762,0,3,0,0,9,-1.0,193.75,186.0,50.5915946,8.7041425,6.6,-22,2625
2026-03-12T19:33:50.781562,0,3,0,0,9,-1.0,194.0,183.0,50.5916061,8.7041425,6.6,-22,11144
2026-03-12T19:33:52.036363,0,3,0,0,9,-1.0,193.75,182.5,50.5915985,8.7041482,6.6,-22,1255
2026-03-12T19:34:04.433461,0,3,0,0,9,-0.8125,194.0,180.0,50.5915565,8.704153,6.6,-22,12393
2026-03-12T19:34:07.066466,0,3,0,0,9,-0.25,193.75,178.25,50.5915451,8.7041482,6.6,-26,2632
2026-03-12T19:34:14.454901,0,3,1,0,9,-0.1875,193.25,178.5,50.5915565,8.7041425,6.6,-22,7386
2026-03-12T19:34:14.585007,0,3,1,0,9,-0.1875,193.75,179.75,50.5915565,8.7041425,6.6,-22,129
2026-03-12T19:34:14.706821,0,3,1,0,9,-0.1875,193.75,179.75,50.5915565,8.7041425,6.6,-22,121
2026-03-12T19:34:14.832100,0,3,1,0,9,-0.1875,193.75,179.75,50.5915641,8.7041425,6.6,-22,124
2026-03-12T19:34:14.956852,0,3,1,0,9,-0.1875,193.75,179.75,50.5915641,8.7041425,6.6,-22,124
2026-03-12T19:34:15.082191,0,3,1,0,9,-0.1875,193.75,179.75,50.5915641,8.7041425,6.6,-22,124
2026-03-12T19:34:15.207039,0,3,1,0,9,-0.1875,193.75,179.75,50.5915641,8.7041425,6.6,-22,124
2026-03-12T19:34:15.333160,0,3,1,0,9,-0.1875,193.75,179.75,50.5915641,8.7041425,6.6,-22,125
2026-03-12T19:34:15.459279,0,3,1,0,9,-0.1875,193.75,179.75,50.5915641,8.7041425,6.6,-22,125
2026-03-12T19:34:15.583221,0,3,1,0,9,-0.1875,193.5,179.75,50.5915641,8.7041425,6.6,-22,124
2026-03-12T19:34:15.708819,0,3,1,0,9,-0.1875,193.75,181.25,50.5915641,8.7041425,6.6,-22,125
2026-03-12T19:34:15.833395,0,3,1,0,9,-0.1875,193.75,181.25,50.5915679,8.7041425,6.6,-23,125
2026-03-12T19:34:15.958541,0,3,1,0,9,-0.1875,193.75,181.25,50.5915679,8.7041425,6.6,-24,125
2026-03-12T19:34:16.084475,0,3,1,0,9,-0.125,193.75,181.25,50.5915679,8.7041425,6.6,-25,126
2026-03-12T19:34:16.209640,0,3,1,0,9,-0.1875,193.75,181.25,50.5915679,8.7041425,6.6,-25,125
2026-03-12T19:34:16.334572,0,3,1,0,9,-0.1875,193.75,181.5,50.5915679,8.7041425,6.6,-25,125
2026-03-12T19:34:16.459836,0,3,1,0,9,-0.1875,193.5,181.5,50.5915679,8.7041425,6.6,-23,125
2026-03-12T19:34:16.584666,0,3,1,0,9,-0.1875,193.5,181.5,50.5915679,8.7041425,6.6,-24,125
2026-03-12T19:34:16.710744,0,3,1,0,9,-0.1875,193.5,181.5,50.5915679,8.7041425,6.6,-25,126
2026-03-12T19:34:16.835827,0,3,1,0,9,-0.1875,194.0,181.5,50.5915679,8.7041425,6.6,-25,125
2026-03-12T19:34:16.960972,0,3,1,0,9,-0.1875,194.25,181.5,50.5915679,8.7041425,6.6,-26,125
2026-03-12T19:34:17.086021,0,3,1,0,9,-0.1875,194.25,181.5,50.5915718,8.7041425,6.6,-26,125
2026-03-12T19:34:17.211289,0,3,1,0,9,-0.1875,194.0,181.5,50.5915718,8.7041425,6.6,-27,125
2026-03-12T19:34:17.337607,0,3,1,0,9,-0.1875,194.0,181.5,50.5915718,8.7041425,6.6,-28,126
2026-03-12T19:34:17.462799,0,3,1,0,9,-0.1875,194.0,182.0,50.5915718,8.7041425,6.6,-27,125
2026-03-12T19:34:17.587315,0,3,1,0,9,-0.1875,194.0,182.0,50.5915718,8.7041425,6.4,-27,125
2026-03-12T19:34:17.712448,0,3,1,0,9,-0.25,194.0,182.0,50.5915718,8.7041425,6.6,-28,125
2026-03-12T19:34:17.837290,0,3,1,0,9,-0.375,194.0,182.0,50.5915718,8.7041425,6.6,-36,125
2026-03-12T19:34:17.963465,0,3,1,0,9,-0.4375,194.0,182.0,50.5915718,8.7041425,6.6,-24,126
2026-03-12T19:34:18.089113,0,3,1,0,9,-0.5,193.75,182.0,50.5915718,8.7041425,6.6,-22,125
2026-03-12T19:34:18.213911,0,3,1,0,9,-0.625,194.0,182.0,50.5915718,8.7041425,6.6,-22,124
2026-03-12T19:34:18.338624,0,3,1,0,9,-0.625,194.0,182.0,50.5915832,8.7041425,6.6,-22,125
2026-03-12T19:34:18.463709,0,3,1,0,9,-0.5625,194.0,182.0,50.5915832,8.7041425,6.6,-22,124
2026-03-12T19:34:18.589230,0,3,1,0,9,-0.5,194.0,182.0,50.5915832,8.7041425,6.6,-28,124
2026-03-12T19:34:18.715336,0,3,1,0,9,-0.375,193.75,183.0,50.5915832,8.7041425,6.4,-40,125
2026-03-12T19:34:18.840441,0,3,1,0,9,-0.25,193.75,183.0,50.5915832,8.7041425,6.6,-26,124
2026-03-12T19:34:18.965247,0,3,1,0,9,-0.125,194.0,183.0,50.5915832,8.7041425,6.6,-25,124
2026-03-12T19:34:19.089905,0,3,1,0,9,-0.1875,194.0,183.0,50.5915832,8.7041425,6.4,-29,124
2026-03-12T19:34:19.215342,0,3,1,0,9,-0.125,194.0,183.0,50.5915832,8.7041425,6.6,-22,124
2026-03-12T19:34:19.341147,0,3,1,0,9,-0.1875,193.75,183.0,50.5915946,8.7041425,6.6,-22,125
2026-03-12T19:34:19.467085,0,3,1,0,9,-0.125,193.5,183.0,50.5915946,8.7041425,6.6,-22,124
2026-03-12T19:34:19.591717,0,3,1,0,9,-0.125,193.5,183.0,50.5915946,8.7041425,6.6,-22,124
2026-03-12T19:34:19.716751,0,3,1,0,9,-0.0625,193.75,183.0,50.5915946,8.7041425,6.6,-22,124
2026-03-12T19:34:19.841466,0,3,1,0,9,-0.125,194.0,183.0,50.5915985,8.7041425,6.6,-26,124
2026-03-12T19:34:19.967761,0,3,1,0,9,-0.0625,193.75,183.0,50.5915985,8.7041425,6.4,-34,126
2026-03-12T19:34:20.093264,0,3,1,0,9,-0.125,193.75,183.0,50.5915985,8.7041425,6.6,-22,125
2026-03-12T19:34:20.217528,0,3,1,0,9,-0.1875,194.25,183.0,50.5915985,8.7041425,6.4,-23,125
2026-03-12T19:34:20.342694,0,3,1,0,9,-0.125,194.25,183.0,50.5915985,8.7041425,6.4,-22,125
2026-03-12T19:34:20.467975,0,3,1,0,9,-0.0625,194.25,184.5,50.5915985,8.7041425,6.6,-23,125
2026-03-12T19:34:20.593828,0,3,1,0,9,-0.125,194.25,184.5,50.5915985,8.7041425,6.6,-25,125
2026-03-12T19:34:20.719205,0,3,1,0,9,-0.125,194.5,184.5,50.5915985,8.7041425,6.6,-22,126
2026-03-12T19:34:20.843810,0,3,1,0,9,-0.125,194.25,184.5,50.5915985,8.7041425,6.6,-22,125
2026-03-12T19:34:20.968893,0,3,1,0,9,-0.1875,194.5,184.5,50.5915985,8.7041425,6.6,-28,125
2026-03-12T19:34:21.093947,0,3,1,0,9,0.0,194.5,184.5,50.5915985,8.7041425,6.6,-22,125
2026-03-12T19:34:21.219402,0,3,1,0,9,-0.0625,194.25,184.5,50.5916175,8.7041482,6.6,-28,125
2026-03-12T19:34:21.344946,0,3,1,0,9,0.0,194.25,184.5,50.5916175,8.7041482,6.6,-22,126
2026-03-12T19:34:21.470252,0,3,1,0,9,0.0,194.0,184.5,50.5916175,8.7041482,6.6,-22,125
2026-03-12T19:34:21.595218,0,3,1,0,9,-0.0625,194.0,184.5,50.5916175,8.7041482,6.4,-22,125
2026-03-12T19:34:21.720449,0,3,1,0,9,0.0,194.0,184.5,50.5916175,8.7041482,6.6,-22,125
2026-03-12T19:34:21.845628,0,3,1,0,9,0.0,193.75,185.5,50.5916175,8.7041482,6.6,-22,125
2026-03-12T19:34:21.971353,0,3,1,0,9,-0.0625,193.75,185.5,50.5916175,8.7041482,6.6,-23,126
2026-03-12T19:34:22.096680,0,3,1,0,9,0.0,194.0,185.5,50.5916175,8.7041482,6.6,-30,124
2026-03-12T19:34:22.221655,0,3,1,0,9,-0.0625,193.75,185.5,50.5916175,8.7041482,6.6,-22,125
2026-03-12T19:34:22.346534,0,3,1,0,9,-0.125,194.25,185.5,50.5916252,8.704153,6.6,-24,124
2026-03-12T19:34:22.471664,0,3,1,0,9,-0.1875,194.25,185.5,50.5916252,8.704153,6.4,-34,124
2026-03-12T19:34:22.597697,0,3,1,0,9,-0.125,194.25,185.5,50.5916252,8.704153,6.6,-22,125
2026-03-12T19:34:22.722721,0,3,1,0,9,-0.125,194.25,185.5,50.5916252,8.704153,6.4,-22,124
2026-03-12T19:34:22.847647,0,3,1,0,9,-0.125,194.25,185.5,50.5916252,8.704153,6.4,-22,124
2026-03-12T19:34:22.973324,0,3,1,0,9,-0.1875,194.25,185.5,50.5916252,8.704153,6.6,-22,124
2026-03-12T19:34:23.097930,0,3,1,0,9,-0.125,194.5,185.5,50.5916252,8.704153,6.6,-24,124
2026-03-12T19:34:23.222883,0,3,1,0,9,-0.1875,194.5,185.5,50.5916252,8.704153,6.6,-26,124
2026-03-12T19:34:23.349020,0,3,1,0,9,-0.125,194.25,185.5,50.5916252,8.704153,6.6,-22,126
2026-03-12T19:34:23.474067,0,3,1,0,9,-0.125,194.25,187.5,50.5916252,8.704153,6.6,-22,125
2026-03-12T19:34:23.599261,0,3,1,0,9,-0.125,194.0,187.5,50.5916252,8.704153,6.6,-35,125
2026-03-12T19:34:23.724187,0,3,1,0,9,-0.125,194.25,187.5,50.5916366,8.7041587,6.4,-26,125
2026-03-12T19:34:23.849468,0,3,1,0,9,-0.125,193.75,187.5,50.5916366,8.7041587,6.6,-23,125
2026-03-12T19:34:23.975434,0,3,1,0,9,-0.1875,193.75,187.5,50.5916366,8.7041587,6.6,-22,126
2026-03-12T19:34:24.100730,0,3,1,0,9,-0.1875,194.0,187.5,50.5916366,8.7041587,6.4,-24,125
2026-03-12T19:34:24.225449,0,3,1,0,9,-0.1875,194.0,187.5,50.5916366,8.7041587,6.6,-26,125
2026-03-12T19:34:24.350574,0,3,1,0,9,-0.1875,194.0,187.5,50.5916366,8.7041587,6.6,-26,125
2026-03-12T19:34:24.475540,0,3,1,0,9,-0.1875,194.0,188.75,50.5916366,8.7041587,6.6,-25,125
2026-03-12T19:34:24.600689,0,3,1,0,9,-0.1875,194.0,188.75,50.5916366,8.7041587,6.6,-26,125
2026-03-12T19:34:24.726626,0,3,1,0,9,-0.1875,194.0,188.75,50.5916366,8.7041587,6.6,-25,126
2026-03-12T19:34:24.851991,0,3,1,0,9,-0.1875,193.75,188.75,50.5916328,8.7041587,6.6,-24,125
2026-03-12T19:34:24.976766,0,3,1,0,9,-0.1875,194.0,188.75,50.5916328,8.7041587,6.6,-24,125
2026-03-12T19:34:25.102185,0,3,1,0,9,-0.1875,193.75,188.75,50.5916328,8.7041587,6.6,-24,125
2026-03-12T19:34:25.226772,0,3,1,0,9,-0.125,193.75,188.75,50.5916328,8.7041587,6.6,-24,125
2026-03-12T19:34:25.352895,0,3,1,0,9,-0.125,194.0,188.75,50.5916328,8.7041587,6.4,-24,126
2026-03-12T19:34:25.478606,0,3,1,0,9,-0.125,194.0,188.75,50.5916328,8.7041587,6.4,-24,125
2026-03-12T19:34:25.602952,0,3,1,0,9,-0.125,194.0,188.75,50.5916328,8.7041587,6.6,-25,125
2026-03-12T19:34:25.728110,0,3,1,0,9,-0.1875,194.0,189.5,50.5916328,8.7041587,6.6,-28,125
2026-03-12T19:34:25.853135,0,3,1,0,9,-0.3125,194.0,189.5,50.5916328,8.7041587,6.6,-27,125
2026-03-12T19:34:25.979120,0,3,1,0,9,-0.4375,194.0,189.5,50.5916328,8.7041587,6.6,-27,126
2026-03-12T19:34:26.104221,0,3,1,0,9,-0.5625,194.0,189.5,50.5916442,8.7041635,6.6,-22,125
2026-03-12T19:34:26.229464,0,3,1,0,9,-0.625,194.0,189.5,50.5916442,8.7041635,6.6,-22,125
2026-03-12T19:34:26.354519,0,3,1,0,9,-0.75,194.25,189.5,50.5916442,8.7041635,6.6,-22,124
2026-03-12T19:34:26.479380,0,3,1,0,9,-0.875,194.25,189.5,50.5916442,8.7041635,6.6,-22,125
2026-03-12T19:34:26.605572,0,3,1,0,9,-0.9375,194.0,191.0,50.5916442,8.7041635,6.4,-22,126
2026-03-12T19:34:26.730584,0,3,1,0,9,-0.9375,194.0,191.0,50.5916442,8.7041635,6.4,-22,125
2026-03-12T19:34:26.855490,0,3,1,0,9,-0.9375,194.0,191.0,50.5916442,8.7041635,6.4,-22,124
2026-03-12T19:34:26.980544,0,3,1,0,9,-0.9375,194.25,191.0,50.5916442,8.7041635,6.6,-22,125
2026-03-12T19:34:27.105619,0,3,1,0,9,-1.0,194.0,191.0,50.5916442,8.7041692,6.6,-22,124
2026-03-12T19:34:27.231673,0,3,1,0,9,-1.0,194.5,191.0,50.5916442,8.7041692,6.6,-22,126
2026-03-12T19:34:27.356662,0,3,1,0,9,-1.0,194.25,191.0,50.5916442,8.7041692,6.6,-22,124
2026-03-12T19:34:27.481676,0,3,1,0,9,-1.0,194.0,190.25,50.5916442,8.7041692,6.6,-22,125
2026-03-12T19:34:27.606734,0,3,1,0,9,-1.0,194.5,190.25,50.5916442,8.7041692,6.6,-22,124
2026-03-12T19:34:27.731818,0,3,1,0,9,-1.0,194.5,190.25,50.5916442,8.7041692,6.4,-22,124
2026-03-12T19:34:27.856775,0,3,1,0,9,-1.0,194.0,190.25,50.5916519,8.7041749,6.4,-22,125
2026-03-12T19:34:27.982893,0,3,1,0,9,-1.0,194.0,190.25,50.5916519,8.7041749,6.4,-22,125
2026-03-12T19:34:28.108291,0,3,1,0,9,-1.0,194.0,190.25,50.5916519,8.7041749,6.4,-22,125
2026-03-12T19:34:28.233032,0,3,1,0,9,-1.0,194.25,190.25,50.5916519,8.7041749,6.6,-22,124
2026-03-12T19:34:28.357892,0,3,1,0,9,-1.0,194.25,190.25,50.5916519,8.7041749,6.6,-22,124
2026-03-12T19:34:28.482980,0,3,1,0,9,-1.0,194.25,191.25,50.5916519,8.7041749,6.6,-22,124
2026-03-12T19:34:28.609024,0,3,1,0,9,-1.0,194.25,191.25,50.5916519,8.7041749,6.6,-22,125
2026-03-12T19:34:28.734108,0,3,1,0,9,-1.0,194.0,191.25,50.5916786,8.7041912,6.6,-22,124
2026-03-12T19:34:28.859172,0,3,1,0,9,-1.0,194.0,191.25,50.5916786,8.7041912,6.4,-22,124
2026-03-12T19:34:28.984409,0,3,1,0,9,-1.0,194.0,191.25,50.5916786,8.7041912,6.4,-22,124
2026-03-12T19:34:29.109274,0,3,1,0,9,-1.0,194.0,191.25,50.5916786,8.7041912,6.4,-22,124
2026-03-12T19:34:29.235531,0,3,1,0,9,-0.9375,194.0,191.25,50.5916786,8.7041912,6.6,-22,125
2026-03-12T19:34:29.360419,0,3,1,0,9,-1.0,194.0,191.25,50.5916786,8.7041912,6.4,-22,124
2026-03-12T19:34:29.486049,0,3,1,0,9,-0.9375,194.0,191.25,50.5916786,8.7041912,6.4,-22,124
2026-03-12T19:34:29.610663,0,3,1,0,9,-0.9375,194.0,195.0,50.5916786,8.7041912,6.6,-22,124
2026-03-12T19:34:29.735563,0,3,1,0,9,-1.0,194.0,195.0,50.5916786,8.7041912,6.6,-22,124
2026-03-12T19:34:29.861715,0,3,1,0,9,-0.9375,194.25,195.0,50.5916786,8.7041912,6.6,-22,125
2026-03-12T19:34:29.986816,0,3,1,0,9,-0.875,194.25,195.0,50.5916786,8.7041912,6.6,-22,124
2026-03-12T19:34:30.111780,0,3,1,0,9,-0.75,194.0,195.0,50.5916862,8.7042016,6.6,-22,124
2026-03-12T19:34:30.236818,0,3,1,0,9,-0.5625,194.0,195.0,50.5916862,8.7042016,6.6,-22,124
2026-03-12T19:34:30.361888,0,3,1,0,9,-0.4375,194.0,195.0,50.5916862,8.7042016,6.4,-22,124
2026-03-12T19:34:30.487114,0,3,1,0,9,-0.4375,194.0,195.0,50.5916862,8.7042016,6.6,-22,124
2026-03-12T19:34:30.612911,0,3,1,0,9,-0.375,194.0,195.0,50.5916862,8.7042016,6.6,-23,125
2026-03-12T19:34:30.737946,0,3,1,0,9,-0.25,194.0,195.0,50.5916862,8.7042016,6.6,-25,124
2026-03-12T19:34:30.863358,0,3,1,0,9,-0.125,194.0,196.75,50.5916862,8.7042016,6.6,-27,124
2026-03-12T19:34:30.988049,0,3,1,0,9,-0.125,193.75,196.75,50.5916862,8.7042016,6.6,-28,124
2026-03-12T19:34:31.113370,0,3,1,0,9,-0.0625,194.25,196.75,50.5916862,8.7042016,6.6,-28,124
2026-03-12T19:34:31.239157,0,3,1,0,9,-0.0625,194.0,196.75,50.5916862,8.7042016,6.6,-28,126
2026-03-12T19:34:31.364145,0,3,1,0,9,-0.0625,194.0,196.75,50.5917091,8.7042064,6.6,-26,124
2026-03-12T19:34:31.489897,0,3,1,0,9,-0.0625,194.0,196.75,50.5917091,8.7042064,6.6,-26,125
2026-03-12T19:34:31.614320,0,3,1,0,9,-0.0625,194.0,200.25,50.5917091,8.7042064,6.6,-28,125
2026-03-12T19:34:31.739279,0,3,1,0,9,-0.0625,194.0,200.25,50.5917091,8.7042064,6.4,-32,124
2026-03-12T19:34:31.865995,0,3,1,0,9,-0.125,194.0,200.25,50.5917091,8.7042064,6.4,-29,126
2026-03-12T19:34:31.990358,0,3,1,0,9,-0.125,193.75,200.25,50.5917091,8.7042064,6.6,-22,125
2026-03-12T19:34:32.115407,0,3,1,0,9,-0.0625,193.75,200.25,50.5917091,8.7042064,6.4,-24,125
2026-03-12T19:34:32.241059,0,3,1,0,9,-0.0625,194.0,200.25,50.5917091,8.7042064,6.6,-22,125
2026-03-12T19:34:32.365548,0,3,1,0,9,-0.0625,193.75,200.25,50.5917091,8.7042064,6.6,-24,125
2026-03-12T19:34:32.491808,0,3,1,0,9,-0.0625,194.0,200.25,50.5917091,8.7042064,6.6,-28,126
2026-03-12T19:34:32.616900,0,3,1,0,9,-0.0625,194.0,200.25,50.5917091,8.7042064,6.4,-28,125
2026-03-12T19:34:32.742298,0,3,1,0,9,-0.0625,194.0,199.5,50.5917091,8.7042064,6.6,-26,125
2026-03-12T19:34:32.866840,0,3,1,0,9,0.0,194.0,199.5,50.5917167,8.7042064,6.6,-23,125
2026-03-12T19:34:32.991921,0,3,1,0,9,-0.0625,194.0,199.5,50.5917167,8.7042064,6.4,-22,125
2026-03-12T19:34:33.116764,0,3,1,0,9,0.0,194.0,199.5,50.5917167,8.7042064,6.6,-22,125
2026-03-12T19:34:33.242856,0,3,1,0,9,0.0,194.0,199.5,50.5917167,8.7042064,6.4,-22,126
2026-03-12T19:34:33.367838,0,3,1,0,9,0.0,194.0,199.5,50.5917167,8.7042064,6.6,-28,125
2026-03-12T19:34:33.493760,0,3,1,0,9,-0.0625,194.0,199.5,50.5917167,8.7042064,6.6,-38,125
2026-03-12T19:34:33.618468,0,3,1,0,9,-0.125,193.75,199.5,50.5917167,8.7042064,6.6,-22,125
2026-03-12T19:34:33.743363,0,3,1,0,9,-0.1875,194.0,200.25,50.5917167,8.7042064,6.6,-22,125
2026-03-12T19:34:33.869436,0,3,1,0,9,-0.1875,193.75,200.25,50.5917167,8.7042064,6.6,-22,126
2026-03-12T19:34:33.994337,0,3,1,0,9,-0.1875,194.0,200.25,50.5917167,8.7042064,6.6,-22,125
2026-03-12T19:34:34.119932,0,3,1,0,9,-0.25,194.0,200.25,50.5917167,8.7042064,6.6,-22,125
2026-03-12T19:34:34.244397,0,3,1,0,9,-0.25,194.0,200.25,50.5917167,8.7042064,6.4,-22,125
2026-03-12T19:34:34.369620,0,3,1,0,9,-0.25,194.0,200.25,50.5917167,8.7042064,6.6,-22,125
2026-03-12T19:34:34.495638,0,3,1,0,9,-0.25,194.0,200.25,50.5917167,8.7042064,6.4,-23,126
2026-03-12T19:34:34.620693,0,3,1,0,9,-0.25,194.0,200.25,50.5917167,8.7042064,6.4,-29,124
2026-03-12T19:34:34.747332,0,3,1,0,9,-0.1875,194.0,200.25,50.5917167,8.7042064,6.6,-45,125
2026-03-12T19:34:34.871753,0,3,1,0,9,-0.25,194.0,200.25,50.5917167,8.7042064,6.6,-36,124
2026-03-12T19:34:34.996182,0,3,1,0,9,-0.1875,194.0,200.25,50.5917167,8.7042064,6.6,-33,124
2026-03-12T19:34:35.122379,0,3,1,0,9,-0.1875,194.0,200.25,50.5917167,8.7042064,6.4,-34,125
2026-03-12T19:34:35.247626,0,3,1,0,9,-0.25,194.0,200.25,50.5917243,8.7042121,6.6,-30,124
2026-03-12T19:34:35.372170,0,3,1,0,9,-0.3125,193.75,200.25,50.5917243,8.7042121,6.6,-28,124
2026-03-12T19:34:35.497081,0,3,1,0,9,-0.3125,193.5,200.25,50.5917243,8.7042121,6.4,-29,124
2026-03-12T19:34:35.622207,0,3,1,0,9,-0.4375,193.5,200.25,50.5917243,8.7042121,6.6,-30,124
2026-03-12T19:34:35.747225,0,3,1,0,9,-0.4375,194.0,200.25,50.5917243,8.7042121,6.6,-24,124
2026-03-12T19:34:35.873401,0,3,1,0,9,-0.4375,194.0,200.25,50.5917243,8.7042121,6.4,-22,125
2026-03-12T19:34:35.998351,0,3,1,0,9,-0.5,194.0,200.75,50.5917243,8.7042121,6.6,-22,124
2026-03-12T19:34:36.123703,0,3,1,0,9,-0.5,193.75,200.75,50.5917243,8.7042121,6.6,-22,124
2026-03-12T19:34:36.248518,0,3,1,0,9,-0.5,193.5,200.75,50.5917282,8.7042121,6.6,-22,125
2026-03-12T19:34:36.373670,0,3,1,0,9,-0.375,194.25,200.75,50.5917282,8.7042121,6.6,-22,125
2026-03-12T19:34:36.499483,0,3,1,0,9,-0.4375,193.75,200.75,50.5917282,8.7042121,6.4,-22,126
2026-03-12T19:34:36.624609,0,3,1,0,9,-0.4375,193.75,201.25,50.5917282,8.7042121,6.4,-24,125
2026-03-12T19:34:36.749676,0,3,1,0,9,-0.375,194.0,201.25,50.5917282,8.7042121,6.6,-28,125
2026-03-12T19:34:36.874724,0,3,1,0,9,-0.3125,194.0,201.25,50.5917282,8.7042121,6.4,-28,125
2026-03-12T19:34:36.999851,0,3,1,0,9,-0.3125,194.0,201.25,50.5917282,8.7042064,6.6,-32,125
2026-03-12T19:34:37.125238,0,3,1,0,9,-0.375,194.0,201.25,50.5917282,8.7042064,6.4,-34,125
2026-03-12T19:34:37.250853,0,3,1,0,9,-0.3125,194.0,201.25,50.5917282,8.7042064,6.4,-30,126
2026-03-12T19:34:37.375858,0,3,1,0,9,-0.4375,194.0,201.25,50.5917282,8.7042064,6.6,-30,125
2026-03-12T19:34:37.501042,0,3,1,0,9,-0.4375,194.25,201.25,50.5917282,8.7042064,6.6,-29,125
2026-03-12T19:34:37.626030,0,3,1,0,9,-0.4375,194.0,202.25,50.5917282,8.7042064,6.6,-29,125
2026-03-12T19:34:37.751179,0,3,1,0,9,-0.4375,194.25,202.25,50.5917282,8.7042064,6.6,-33,125
2026-03-12T19:34:37.877174,0,3,1,0,9,-0.5,194.25,202.25,50.5917282,8.7042064,6.4,-27,125
2026-03-12T19:34:38.002254,0,3,1,0,9,-0.4375,194.0,202.25,50.5917282,8.7042064,6.6,-23,125
2026-03-12T19:34:38.127410,0,3,1,0,9,-0.4375,194.25,202.25,50.5917358,8.7042016,6.6,-25,124
2026-03-12T19:34:38.252331,0,3,1,0,9,-0.4375,194.25,202.25,50.5917358,8.7042016,6.6,-31,124
2026-03-12T19:34:38.377463,0,3,1,0,9,-0.5625,193.75,202.25,50.5917358,8.7042016,6.4,-22,124
2026-03-12T19:34:38.503916,0,3,1,0,9,-0.6875,193.75,202.25,50.5917358,8.7042016,6.4,-22,125
2026-03-12T19:34:38.628396,0,3,1,0,9,-0.75,193.75,202.25,50.5917358,8.7042016,6.6,-27,124
2026-03-12T19:34:38.753759,0,3,1,0,9,-0.8125,194.0,202.5,50.5917358,8.7042016,6.6,-29,124
2026-03-12T19:34:38.878888,0,3,1,0,9,-0.8125,193.75,202.5,50.5917358,8.7042016,6.6,-33,124
2026-03-12T19:34:39.003711,0,3,1,0,9,-0.75,194.0,202.5,50.5917358,8.7042016,6.6,-28,124
2026-03-12T19:34:39.129679,0,3,1,0,9,-0.8125,194.0,202.5,50.5917358,8.7042016,6.6,-31,125
2026-03-12T19:34:39.254800,0,3,1,0,9,-0.8125,194.0,202.5,50.5917358,8.7042016,6.6,-36,124
2026-03-12T19:34:39.379910,0,3,1,0,9,-0.9375,194.0,202.5,50.5917358,8.7042016,6.6,-30,125
2026-03-12T19:34:39.504956,0,3,1,0,9,-0.9375,194.0,202.5,50.5917358,8.7042016,6.4,-27,125
2026-03-12T19:34:39.630345,0,3,1,0,9,-0.9375,194.0,202.5,50.5917358,8.7042016,6.6,-27,125
2026-03-12T19:34:39.754987,0,3,1,0,9,-0.9375,193.75,202.5,50.5917358,8.7042016,6.4,-28,125
2026-03-12T19:34:39.881009,0,3,1,0,9,-1.0,193.75,202.5,50.5917358,8.7042016,6.4,-30,126
2026-03-12T19:34:40.006398,0,3,1,0,9,-1.0,193.75,202.5,50.5917358,8.7042016,6.6,-32,125
2026-03-12T19:34:40.131160,0,3,1,0,9,-1.0,194.0,202.5,50.5917358,8.7042016,6.6,-34,125
2026-03-12T19:34:40.256229,0,3,1,0,9,-1.0,194.0,202.5,50.5917282,8.7042016,6.4,-34,125
2026-03-12T19:34:40.381355,0,3,1,0,9,-1.0,194.0,202.5,50.5917282,8.7042016,6.4,-34,125
2026-03-12T19:34:40.507326,0,3,1,0,9,-1.0,193.75,202.5,50.5917282,8.7042016,6.6,-36,126
2026-03-12T19:34:40.632432,0,3,1,0,9,-1.0,193.75,201.75,50.5917282,8.7042016,6.6,-36,125
2026-03-12T19:34:40.757602,0,3,1,0,9,-1.0,194.0,201.75,50.5917282,8.7042016,6.4,-35,125
2026-03-12T19:34:40.882622,0,3,1,0,9,-1.0,194.0,201.75,50.5917282,8.7042016,6.6,-35,125
2026-03-12T19:34:41.007538,0,3,1,0,9,-1.0,194.25,201.75,50.5917282,8.7042016,6.4,-34,125
2026-03-12T19:34:41.133720,0,3,1,0,9,-1.0,194.25,201.75,50.5917282,8.7042016,6.4,-34,126
2026-03-12T19:34:41.259760,0,3,1,0,9,-1.0,194.25,201.75,50.5917015,8.7042064,6.6,-34,126
2026-03-12T19:34:41.385008,0,3,1,0,9,-1.0,194.0,201.75,50.5917015,8.7042064,6.6,-33,125
2026-03-12T19:34:41.510246,0,3,1,0,9,-1.0,194.0,201.75,50.5917015,8.7042064,6.4,-34,125
2026-03-12T19:34:41.635043,0,3,1,0,9,-1.0,194.25,200.75,50.5917015,8.7042064,6.6,-34,124
2026-03-12T19:34:41.760353,0,3,1,0,9,-1.0,194.25,200.75,50.5917015,8.7042064,6.6,-34,124
2026-03-12T19:34:41.886072,0,3,1,0,9,-1.0,194.0,200.75,50.5916976,8.7042016,6.6,-34,125
2026-03-12T19:34:42.011267,0,3,1,0,9,-1.0,194.0,200.75,50.5916976,8.7042016,6.4,-34,124
2026-03-12T19:34:42.136120,0,3,1,0,9,-1.0,194.0,200.75,50.5916976,8.7042016,6.4,-34,124
2026-03-12T19:34:42.261469,0,3,1,0,9,-1.0,194.0,200.75,50.5916976,8.7042016,6.4,-34,124
2026-03-12T19:34:42.386669,0,3,1,0,9,-1.0,194.0,200.75,50.5916976,8.7042016,6.4,-35,124
2026-03-12T19:34:42.512294,0,3,1,0,9,-1.0,194.0,200.75,50.5916976,8.7042016,6.4,-36,125
2026-03-12T19:34:42.637357,0,3,1,0,9,-1.0,194.25,200.75,50.5916976,8.7042016,6.6,-36,124
2026-03-12T19:34:42.762565,0,3,1,0,9,-1.0,193.75,200.75,50.5916976,8.7042016,6.6,-37,124
2026-03-12T19:34:42.887461,0,3,1,0,9,-1.0,194.0,200.0,50.5916976,8.7042016,6.6,-39,124
2026-03-12T19:34:43.012751,0,3,1,0,9,-0.9375,194.25,200.0,50.5916976,8.7042016,6.6,-41,124
2026-03-12T19:34:43.138661,0,3,1,0,9,-1.0,194.0,200.0,50.5916976,8.7042016,6.6,-35,126
2026-03-12T19:34:43.263762,0,3,1,0,9,-1.0,193.75,200.0,50.5916862,8.7041959,6.4,-28,125
2026-03-12T19:34:43.388773,0,3,1,0,9,-0.9375,193.75,200.0,50.5916862,8.7041959,6.4,-24,125
2026-03-12T19:34:43.514114,0,3,1,0,9,-1.0625,194.0,200.0,50.5916862,8.7041959,6.4,-22,125
2026-03-12T19:34:43.639488,0,3,1,0,9,-1.0,194.0,200.0,50.5916862,8.7041959,6.4,-22,125
2026-03-12T19:34:43.765440,0,3,1,0,9,-0.9375,194.0,200.0,50.5916862,8.7041959,6.4,-22,126
2026-03-12T19:34:43.890059,0,3,1,0,9,-1.0,194.0,200.0,50.5916862,8.7041959,6.6,-22,125
2026-03-12T19:34:44.014982,0,3,1,0,9,-0.9375,194.0,199.25,50.5916862,8.7041959,6.6,-22,125
2026-03-12T19:34:44.140233,0,3,1,0,9,-0.9375,194.0,199.25,50.5916862,8.7041959,6.6,-31,125
2026-03-12T19:34:44.265204,0,3,1,0,9,-1.0,194.0,199.25,50.5916709,8.7041959,6.6,-22,125
2026-03-12T19:34:44.391638,0,3,1,0,9,-0.875,194.0,199.25,50.5916709,8.7041959,6.6,-22,126
2026-03-12T19:34:44.516895,0,3,1,0,9,-1.0,193.75,199.25,50.5916709,8.7041959,6.4,-25,125
2026-03-12T19:34:44.641279,0,3,1,0,9,-1.0625,193.75,199.25,50.5916748,8.7041854,6.4,-26,125
2026-03-12T19:34:44.766752,0,3,1,0,9,-1.0,193.75,199.25,50.5916748,8.7041854,6.4,-22,125
2026-03-12T19:34:44.891611,0,3,1,0,9,-1.125,194.0,199.25,50.5916748,8.7041854,6.4,-22,125
2026-03-12T19:34:45.016551,0,3,1,0,9,-1.0,194.0,199.25,50.5916748,8.7041854,6.4,-22,124
2026-03-12T19:34:45.142712,0,3,1,0,9,-1.0625,194.0,199.25,50.5916748,8.7041854,6.6,-22,125
2026-03-12T19:34:45.268236,0,3,1,0,9,-1.0625,194.0,199.25,50.5916748,8.7041854,6.6,-22,124
2026-03-12T19:34:45.393114,0,3,1,0,9,-1.0,193.75,197.5,50.5916748,8.7041854,6.6,-22,124
2026-03-12T19:34:45.517991,0,3,1,0,9,-1.0,194.0,197.5,50.5916748,8.7041854,6.6,-22,124
2026-03-12T19:34:45.642890,0,3,1,0,9,-1.0625,194.25,197.5,50.5916748,8.7041854,6.6,-22,124
2026-03-12T19:34:45.769000,0,3,1,0,9,-1.0,194.0,197.5,50.5916748,8.7041854,6.4,-22,125
2026-03-12T19:34:45.894391,0,3,1,0,9,-1.0,194.0,197.5,50.5916748,8.7041854,6.6,-22,124
2026-03-12T19:34:46.019323,0,3,1,0,9,-1.0,194.0,197.5,50.5916748,8.7041854,6.6,-22,124
2026-03-12T19:34:46.144499,0,3,1,0,9,-1.0,194.0,197.5,50.5916748,8.7041749,6.4,-22,125
2026-03-12T19:34:46.269226,0,3,1,0,9,-1.0,194.0,197.5,50.5916748,8.7041749,6.4,-22,124
2026-03-12T19:34:46.395896,0,3,1,0,9,-1.0,194.0,197.5,50.5916748,8.7041749,6.4,-22,125
2026-03-12T19:34:46.520694,0,3,1,0,9,-1.0,193.75,197.5,50.5916748,8.7041749,6.4,-22,125
2026-03-12T19:34:46.645416,0,3,1,0,9,-1.0,194.25,197.5,50.5916748,8.7041749,6.6,-22,125
2026-03-12T19:34:46.770950,0,3,1,0,9,-1.0,193.75,196.0,50.5916748,8.7041749,6.4,-22,125
2026-03-12T19:34:46.896308,0,3,1,0,9,-1.0,194.0,196.0,50.5916748,8.7041749,6.6,-22,125
2026-03-12T19:34:47.021702,0,3,1,0,9,-1.0,194.0,196.0,50.5916786,8.7041797,6.6,-22,126
2026-03-12T19:34:47.147126,0,3,1,0,9,-1.0,194.0,196.0,50.5916786,8.7041797,6.4,-22,125
2026-03-12T19:34:47.271781,0,3,1,0,9,-1.0,193.75,196.0,50.5916786,8.7041797,6.4,-22,125
2026-03-12T19:34:47.397012,0,3,1,0,9,-1.0,193.75,196.0,50.5916786,8.7041797,6.4,-22,125
2026-03-12T19:34:47.521932,0,3,1,0,9,-1.0,194.25,196.0,50.5916786,8.7041797,6.4,-22,125
2026-03-12T19:34:47.647200,0,3,1,0,9,-1.0,194.25,196.0,50.5916786,8.7041797,6.4,-22,125
2026-03-12T19:34:47.773274,0,3,1,0,9,-1.0,194.25,196.0,50.5916786,8.7041797,6.6,-22,126
2026-03-12T19:34:47.898245,0,3,1,0,9,-1.0,194.0,196.5,50.5916786,8.7041797,6.6,-22,125
2026-03-12T19:34:48.023525,0,3,1,0,9,-1.0,193.75,196.5,50.5916786,8.7041797,6.6,-22,124
2026-03-12T19:34:48.148392,0,3,1,0,9,-1.0,194.0,196.5,50.5916786,8.7041749,6.6,-22,124
2026-03-12T19:34:48.273407,0,3,1,0,9,-1.0,194.0,196.5,50.5916786,8.7041749,6.4,-22,124
2026-03-12T19:34:48.399468,0,3,1,0,9,-1.0,194.0,196.5,50.5916786,8.7041749,6.4,-22,125
2026-03-12T19:34:48.524385,0,3,1,0,9,-1.0,194.0,196.5,50.5916786,8.7041749,6.4,-22,124
2026-03-12T19:34:48.649493,0,3,1,0,9,-1.0,194.0,196.5,50.5916786,8.7041749,6.4,-22,124
2026-03-12T19:34:48.775364,0,3,1,0,9,-1.0,194.0,196.0,50.5916786,8.7041749,6.6,-22,124
2026-03-12T19:34:48.899558,0,3,1,0,9,-1.0,194.0,196.0,50.5916786,8.7041749,6.4,-22,124
2026-03-12T19:34:49.026879,0,3,1,0,9,-1.0,194.0,196.0,50.5916786,8.7041749,6.4,-22,125
2026-03-12T19:34:49.151537,0,3,1,0,9,-1.0,194.25,196.0,50.5916786,8.7041749,6.6,-22,125
2026-03-12T19:34:49.276616,0,3,1,0,9,-1.0,194.0,196.0,50.5916748,8.7041749,6.4,-22,125
2026-03-12T19:34:49.401677,0,3,1,0,9,-1.0,194.0,196.0,50.5916748,8.7041749,6.6,-22,125
2026-03-12T19:34:49.527128,0,3,1,0,9,-1.0,194.25,195.25,50.5916748,8.7041749,6.6,-22,125
2026-03-12T19:34:49.651814,0,3,1,0,9,-1.0,194.5,195.25,50.5916748,8.7041749,6.6,-22,125
2026-03-12T19:34:49.777760,0,3,1,0,9,-1.0,193.75,195.25,50.5916748,8.7041749,6.6,-22,126
2026-03-12T19:34:49.902934,0,3,1,0,9,-1.0,193.75,195.25,50.5916709,8.7041749,6.4,-22,125
2026-03-12T19:34:50.028151,0,3,1,0,9,-1.0,193.75,195.25,50.5916709,8.7041749,6.4,-22,125
2026-03-12T19:34:50.153270,0,3,1,0,9,-1.0,194.0,195.25,50.5916709,8.7041749,6.4,-22,125
2026-03-12T19:34:50.278514,0,3,1,0,9,-1.0,194.0,195.25,50.5916709,8.7041749,6.4,-22,125
2026-03-12T19:34:50.404290,0,3,1,0,9,-1.0,194.0,195.25,50.5916709,8.7041749,6.4,-22,126
2026-03-12T19:34:50.529257,0,3,1,0,9,-1.0,194.0,195.25,50.5916709,8.7041749,6.4,-22,125
2026-03-12T19:34:50.654204,0,3,1,0,9,-1.0,193.75,195.25,50.5916709,8.7041749,6.4,-22,125
2026-03-12T19:34:50.780571,0,3,1,0,9,-1.0,194.0,195.25,50.5916709,8.7041749,6.6,-22,125
2026-03-12T19:34:50.904457,0,3,1,0,9,-1.0,194.0,195.25,50.5916709,8.7041749,6.6,-22,125
2026-03-12T19:34:51.030729,0,3,1,0,9,-1.0,194.0,195.25,50.5916519,8.7041749,6.6,-22,126
2026-03-12T19:34:51.155610,0,3,1,0,9,-1.0,194.0,195.25,50.5916519,8.7041749,6.6,-22,124
2026-03-12T19:34:51.280474,0,3,1,0,9,-1.0,194.0,195.25,50.5916519,8.7041749,6.4,-22,124
2026-03-12T19:34:51.405555,0,3,1,0,9,-1.0,194.0,195.25,50.5916519,8.7041749,6.4,-22,124
2026-03-12T19:34:51.530980,0,3,1,0,9,-1.0,194.0,195.25,50.5916519,8.7041749,6.4,-22,124
2026-03-12T19:34:51.655650,0,3,1,0,9,-1.0,194.0,195.25,50.5916519,8.7041749,6.4,-31,124
2026-03-12T19:34:51.782103,0,3,1,0,9,-1.0,194.25,195.25,50.5916519,8.7041749,6.4,-22,125
2026-03-12T19:34:51.906783,0,3,1,0,9,-1.0,194.0,195.25,50.5916519,8.7041749,6.4,-22,124
2026-03-12T19:34:52.031797,0,3,1,0,9,-1.0,194.0,195.25,50.5916519,8.7041749,6.6,-23,124
2026-03-12T19:34:52.156891,0,3,1,0,9,-1.0,194.25,195.25,50.5916481,8.7041692,6.6,-22,124
2026-03-12T19:34:52.282408,0,3,1,0,9,-1.0,194.25,195.25,50.5916481,8.7041692,6.6,-22,124
2026-03-12T19:34:52.408013,0,3,1,0,9,-1.0,193.75,194.5,50.5916481,8.7041692,6.4,-22,125
2026-03-12T19:34:52.533752,0,3,1,0,9,-1.0,194.5,194.5,50.5916481,8.7041692,6.4,-22,125
2026-03-12T19:34:52.658062,0,3,1,0,9,-1.0,194.5,194.5,50.5916481,8.7041692,6.4,-22,124
2026-03-12T19:34:52.783290,0,3,1,0,9,-1.0,193.75,194.5,50.5916481,8.7041692,6.4,-22,125
2026-03-12T19:34:52.908456,0,3,1,0,9,-1.0,193.75,194.5,50.5916481,8.7041692,6.4,-22,125
2026-03-12T19:34:53.034302,0,3,1,0,9,-1.0,193.75,194.5,50.5916481,8.7041692,6.4,-22,126
2026-03-12T19:34:53.159367,0,3,1,0,9,-1.0,194.25,194.5,50.5916519,8.7041587,6.6,-22,125
2026-03-12T19:34:53.284351,0,3,1,0,9,-1.0,194.25,194.5,50.5916519,8.7041587,6.6,-22,125
2026-03-12T19:34:53.409436,0,3,1,0,9,-1.0,194.0,193.5,50.5916519,8.7041587,6.4,-22,125
2026-03-12T19:34:53.534462,0,3,1,0,9,-1.0,194.25,193.5,50.5916519,8.7041587,6.6,-22,125
2026-03-12T19:34:53.660517,0,3,1,0,9,-1.0,194.5,193.5,50.5916633,8.704153,6.6,-22,126
2026-03-12T19:34:53.785853,0,3,1,0,9,-1.0,194.0,193.5,50.5916633,8.704153,6.4,-22,125
2026-03-12T19:34:53.911082,0,3,1,0,9,-1.0,194.0,193.5,50.5916633,8.704153,6.4,-22,125
2026-03-12T19:34:54.036169,0,3,1,0,9,-1.0,194.25,193.5,50.5916633,8.704153,6.4,-22,125
2026-03-12T19:34:54.160963,0,3,1,0,9,-1.0,194.25,193.5,50.5916633,8.704153,6.4,-22,125
2026-03-12T19:34:54.285872,0,3,1,0,9,-1.0,194.25,193.5,50.5916633,8.704153,6.4,-22,125
2026-03-12T19:34:54.411994,0,3,1,0,9,-1.0,194.0,193.5,50.5916633,8.704153,6.6,-22,126
2026-03-12T19:34:54.537296,0,3,1,0,9,-1.0,194.25,193.5,50.5916633,8.704153,6.4,-22,124
2026-03-12T19:34:54.662080,0,3,1,0,9,-1.0,194.0,193.5,50.5916633,8.704153,6.4,-22,124
2026-03-12T19:34:54.787110,0,3,1,0,9,-1.0,194.25,193.5,50.5916633,8.704153,6.6,-22,124
2026-03-12T19:34:54.912480,0,3,1,0,9,-1.0,194.75,193.5,50.5916633,8.704153,6.4,-22,124
2026-03-12T19:34:55.044034,0,3,1,0,9,-1.0,194.0,0.0,0.0,0.0,6.6,-22,125
2026-03-12T19:34:55.163428,0,3,1,0,9,-1.0,194.0,0.0,0.0,0.0,6.6,-22,125
2026-03-12T19:34:55.295319,0,3,1,0,9,-1.0,194.25,0.0,0.0,0.0,6.4,-22,124
2026-03-12T19:34:55.421934,0,3,1,0,9,-1.0,194.25,0.0,0.0,0.0,6.6,-22,125
2026-03-12T19:34:55.546048,0,3,1,0,9,-1.0,194.0,0.0,0.0,0.0,6.4,-22,125
2026-03-12T19:34:55.671064,0,3,1,0,9,-1.0,194.0,0.0,0.0,0.0,6.4,-22,124
2026-03-12T19:34:55.799275,0,3,1,0,9,-1.0,194.0,0.0,0.0,0.0,6.6,-22,125
2026-03-12T19:34:56.104893,0,3,1,0,9,-1.0,194.25,0.0,0.0,0.0,6.6,-22,124
2026-03-12T19:34:56.118446,0,3,1,0,9,-1.0,193.75,0.0,0.0,0.0,6.4,-22,125
2026-03-12T19:34:56.175339,0,3,1,0,9,-1.0,194.25,0.0,0.0,0.0,6.4,-22,125
2026-03-12T19:34:56.297686,0,3,1,0,9,-1.0,194.25,0.0,0.0,0.0,6.6,-22,124
2026-03-12T19:34:56.416372,0,3,1,0,9,-1.0,194.0,0.0,0.0,0.0,6.6,-22,125
2026-03-12T19:34:56.598676,0,3,1,0,9,-1.0,194.0,0.0,0.0,0.0,6.4,-22,124
2026-03-12T19:34:56.674127,0,3,1,0,9,-1.0,194.0,0.0,0.0,0.0,6.6,-22,126
2026-03-12T19:34:56.939528,0,3,1,0,9,-1.0,194.0,0.0,0.0,0.0,6.4,-22,125
2026-03-12T19:34:56.952500,0,3,1,0,9,-1.0,194.0,0.0,0.0,0.0,6.4,-22,125
2026-03-12T19:34:57.102125,0,3,1,0,9,-1.0,194.0,0.0,0.0,0.0,6.6,-22,125
2026-03-12T19:34:57.190445,0,3,1,0,9,-1.0,194.5,0.0,0.0,0.0,6.6,-22,126
2026-03-12T19:34:57.299370,0,3,1,0,9,-1.0,194.0,0.0,0.0,0.0,6.4,-22,125
2026-03-12T19:34:57.443568,0,3,1,0,9,-1.0,194.25,0.0,0.0,0.0,6.4,-22,125
2026-03-12T19:34:57.763236,0,3,1,0,9,-1.0,194.25,0.0,0.0,0.0,6.4,-22,125
2026-03-12T19:34:57.831924,0,3,1,0,9,-1.0,194.0,0.0,0.0,0.0,6.6,-22,125
2026-03-12T19:34:57.845618,0,3,1,0,9,-1.0,194.25,0.0,0.0,0.0,6.4,-22,126
2026-03-12T19:34:57.926982,0,3,1,0,9,-1.0,194.25,0.0,0.0,0.0,6.6,-22,125
2026-03-12T19:34:58.074516,0,3,1,0,9,-1.0,194.25,0.0,0.0,0.0,6.4,-22,125
2026-03-12T19:34:58.168696,0,3,1,0,9,-1.0,194.25,0.0,0.0,0.0,6.4,-22,125
2026-03-12T19:34:58.389189,0,3,1,0,9,-1.0,194.25,0.0,0.0,0.0,6.4,-22,126
2026-03-12T19:34:58.426409,0,3,1,0,9,-1.0,194.0,0.0,0.0,0.0,6.6,-22,125
2026-03-12T19:34:58.550443,0,3,1,0,9,-1.0,194.0,0.0,0.0,0.0,6.4,-22,125
2026-03-12T19:34:58.675352,0,3,1,0,9,-1.0,194.25,0.0,0.0,0.0,6.4,-22,125
2026-03-12T19:34:58.795846,0,3,1,0,9,-1.0,194.25,0.0,0.0,0.0,6.4,-22,126
2026-03-12T19:34:58.926495,0,3,1,0,9,-1.0,193.75,0.0,0.0,0.0,6.4,-22,125
2026-03-12T19:34:59.052038,0,3,1,0,9,-1.0,193.75,0.0,0.0,0.0,6.4,-22,125
2026-03-12T19:34:59.177512,0,3,1,0,9,-1.0,193.75,0.0,0.0,0.0,6.4,-22,125
2026-03-12T19:34:59.302376,0,3,1,0,9,-1.0,193.75,0.0,0.0,0.0,6.4,-22,125
2026-03-12T19:34:59.427618,0,3,1,0,9,-1.0,193.75,0.0,0.0,0.0,6.4,-22,126
2026-03-12T19:34:59.546884,0,3,1,0,9,-1.0,193.75,0.0,0.0,0.0,6.6,-22,125
2026-03-12T19:34:59.677520,0,3,1,0,9,-1.0,194.0,0.0,0.0,0.0,6.6,-22,125
2026-03-12T19:34:59.796791,0,3,1,0,9,-1.0,194.0,0.0,0.0,0.0,6.4,-22,125
2026-03-12T19:34:59.929741,0,3,1,0,9,-1.0,193.75,0.0,0.0,0.0,6.6,-22,126
2026-03-12T19:35:00.053916,0,3,1,0,9,-1.0,194.0,0.0,0.0,0.0,6.6,-22,125
2026-03-12T19:35:00.173509,0,3,1,0,9,-1.0,194.0,0.0,0.0,0.0,6.6,-22,125
2026-03-12T19:35:00.304145,0,3,1,0,9,-1.0,194.0,0.0,0.0,0.0,6.6,-22,125
2026-03-12T19:35:00.430349,0,3,1,0,9,-1.0,194.0,0.0,0.0,0.0,6.4,-22,126
2026-03-12T19:35:00.555827,0,3,1,0,9,-1.0,194.0,0.0,0.0,0.0,6.6,-22,125
2026-03-12T19:35:00.680722,0,3,1,0,9,-1.0,194.25,0.0,0.0,0.0,6.4,-22,125
2026-03-12T19:35:00.804861,0,3,1,0,9,-1.0,194.25,0.0,0.0,0.0,6.4,-22,125
2026-03-12T19:35:00.931093,0,3,1,0,9,-1.0,194.25,0.0,0.0,0.0,6.4,-22,126
2026-03-12T19:35:01.050641,0,3,1,0,9,-1.0,194.0,188.5,50.5919609,8.7044801,6.6,-22,125
2026-03-12T19:35:02.085012,0,3,1,0,9,-1.0,194.25,188.5,50.5919609,8.7044801,6.6,-22,124
2026-03-12T19:35:02.095623,0,3,1,0,9,-1.0,193.75,188.5,50.5919609,8.7044801,6.6,-22,124
2026-03-12T19:35:02.106142,0,3,1,0,9,-1.0,194.0,188.5,50.5919609,8.7044801,6.4,-22,124
2026-03-12T19:35:02.116722,0,3,1,0,9,-1.0,193.75,188.5,50.5919609,8.7044801,6.6,-22,125
2026-03-12T19:35:02.127695,0,3,1,0,9,-1.0,193.75,0.0,0.0,0.0,6.4,-22,125
2026-03-12T19:35:03.191917,0,3,1,0,9,-1.0,193.75,0.0,0.0,0.0,6.4,-22,125
2026-03-12T19:35:03.201982,0,3,1,0,9,-1.0,194.0,0.0,0.0,0.0,6.4,-22,125
2026-03-12T19:35:03.212353,0,3,1,0,9,-1.0,194.0,0.0,0.0,0.0,6.4,-22,125
2026-03-12T19:35:03.222928,0,3,1,0,9,-1.0,194.0,0.0,0.0,0.0,6.4,-22,126
2026-03-12T19:35:03.233467,0,3,1,0,9,-1.0,194.0,0.0,0.0,0.0,6.4,-22,125
2026-03-12T19:35:03.244005,0,3,1,0,9,-1.0,194.0,0.0,0.0,0.0,6.4,-22,125
2026-03-12T19:35:03.254483,0,3,1,0,9,-1.0,193.75,0.0,0.0,0.0,6.6,-22,125
2026-03-12T19:35:03.264905,0,3,1,0,9,-1.0,193.75,0.0,0.0,0.0,6.4,-22,126
2026-03-12T19:35:03.275344,0,3,1,0,9,-1.0,194.25,0.0,0.0,0.0,6.4,-22,125
2026-03-12T19:35:03.285385,0,3,1,0,9,-1.0,194.0,0.0,0.0,0.0,6.4,-22,125
2026-03-12T19:35:03.296212,0,3,1,0,9,-1.0,194.0,0.0,0.0,0.0,6.4,-22,125
2026-03-12T19:35:03.306448,0,3,1,0,9,-1.0,194.0,0.0,0.0,0.0,6.4,-22,126
2026-03-12T19:35:03.316679,0,3,1,0,9,-1.0,194.0,0.0,0.0,0.0,6.4,-22,125
2026-03-12T19:35:03.437380,0,3,1,0,9,-1.0,194.0,0.0,0.0,0.0,6.4,-22,125
2026-03-12T19:35:03.562682,0,3,1,0,9,-1.0,194.25,0.0,0.0,0.0,6.4,-22,125
2026-03-12T19:35:03.687905,0,3,1,0,9,-1.0,194.75,0.0,0.0,0.0,6.4,-22,126
2026-03-12T19:35:03.813052,0,3,1,0,9,-1.0,194.25,0.0,0.0,0.0,6.6,-22,125
2026-03-12T19:35:03.938107,0,3,1,0,9,-1.0,193.75,0.0,0.0,0.0,6.6,-22,124
2026-03-12T19:35:04.063634,0,3,1,0,9,-1.0,194.25,0.0,0.0,0.0,6.4,-22,125
2026-03-12T19:35:04.188610,0,3,1,0,9,-1.0,194.0,0.0,0.0,0.0,6.4,-22,124
2026-03-12T19:35:04.313846,0,3,1,0,9,-1.0,194.0,0.0,0.0,0.0,6.4,-22,126
2026-03-12T19:35:04.438691,0,3,1,0,9,-1.0,194.0,0.0,0.0,0.0,6.4,-22,125
2026-03-12T19:35:04.563977,0,3,1,0,9,-1.0,194.0,0.0,0.0,0.0,6.4,-22,124
2026-03-12T19:35:04.688644,0,3,1,0,9,-1.0,194.0,0.0,0.0,0.0,6.6,-22,124
2026-03-12T19:35:04.816943,0,3,1,0,9,-1.0,194.0,0.0,0.0,0.0,6.4,-22,125
2026-03-12T19:35:04.939463,0,3,1,0,9,-1.0,194.25,0.0,0.0,0.0,6.6,-22,124
2026-03-12T19:35:05.064617,0,3,1,0,9,-1.0,194.25,0.0,0.0,0.0,6.4,-22,124
2026-03-12T19:35:05.189669,0,3,1,0,9,-1.0,194.0,0.0,0.0,0.0,6.6,-22,124
2026-03-12T19:35:05.315052,0,3,1,0,9,-1.0,194.0,0.0,0.0,0.0,6.6,-22,125
2026-03-12T19:35:05.440298,0,3,1,0,9,-1.0,194.0,0.0,0.0,0.0,6.4,-22,124
2026-03-12T19:35:05.559016,0,3,1,0,9,-1.0,193.5,0.0,0.0,0.0,6.4,-22,124
2026-03-12T19:35:05.690489,0,3,1,0,9,-1.0,193.5,0.0,0.0,0.0,6.4,-22,124
2026-03-12T19:35:05.816500,0,3,1,0,9,-1.0,194.0,0.0,0.0,0.0,6.4,-22,125
2026-03-12T19:35:05.941979,0,3,1,0,9,-1.0,194.0,0.0,0.0,0.0,6.4,-22,125
2026-03-12T19:35:06.066763,0,3,1,0,9,-1.0,194.0,0.0,0.0,0.0,6.4,-22,124
2026-03-12T19:35:06.192672,0,3,1,0,9,-1.0,193.5,0.0,0.0,0.0,6.4,-22,124
2026-03-12T19:35:06.317459,0,3,1,0,9,-1.0,194.25,0.0,0.0,0.0,6.4,-22,124
2026-03-12T19:35:06.437429,0,3,1,0,9,-1.0,194.0,0.0,0.0,0.0,6.6,-22,125
2026-03-12T19:35:06.568498,0,3,1,0,9,-1.0,193.5,0.0,0.0,0.0,6.6,-22,124
2026-03-12T19:35:06.687356,0,3,1,0,9,-1.0,194.0,0.0,0.0,0.0,6.4,-22,124
2026-03-12T19:35:06.818282,0,3,1,0,9,-1.0,194.0,0.0,0.0,0.0,6.6,-22,124
2026-03-12T19:35:06.937995,0,3,1,0,9,-1.0,193.75,0.0,0.0,0.0,6.6,-22,125
2026-03-12T19:35:07.069172,0,3,1,0,9,-1.0,193.5,0.0,0.0,0.0,6.4,-22,124
2026-03-12T19:35:07.193803,0,3,1,0,9,-1.0,193.75,0.0,0.0,0.0,6.4,-22,124
2026-03-12T19:35:07.313123,0,3,1,0,9,-1.0,193.75,0.0,0.0,0.0,6.4,-22,124
2026-03-12T19:35:07.447226,0,3,1,0,9,-1.0,193.75,0.0,0.0,0.0,6.4,-22,125
2026-03-12T19:35:07.573600,0,3,1,0,9,-1.0,194.0,0.0,0.0,0.0,6.4,-22,124
2026-03-12T19:35:07.696887,0,3,1,0,9,-1.0,193.75,0.0,0.0,0.0,6.4,-22,124
2026-03-12T19:35:07.821565,0,3,1,0,9,-1.0,194.0,0.0,0.0,0.0,6.4,-22,124
2026-03-12T19:35:07.946633,0,3,1,0,9,-1.0,194.0,0.0,0.0,0.0,6.6,-22,124
2026-03-12T19:35:08.071288,0,3,1,0,9,-1.0,194.25,0.0,0.0,0.0,6.4,-22,125
2026-03-12T19:35:08.196338,0,3,1,0,9,-1.0,194.0,0.0,0.0,0.0,6.6,-22,124
2026-03-12T19:35:08.315128,0,3,1,0,9,-1.0,193.75,0.0,0.0,0.0,6.4,-22,124
2026-03-12T19:35:08.447607,0,3,1,0,9,-1.0,193.75,0.0,0.0,0.0,6.6,-22,124
2026-03-12T19:35:08.573749,0,3,1,0,9,-1.0,193.75,0.0,0.0,0.0,6.4,-22,125
2026-03-12T19:35:08.698287,0,3,1,0,9,-1.0,193.75,0.0,0.0,0.0,6.4,-22,124
2026-03-12T19:35:08.822630,0,3,1,0,9,-1.0,193.75,0.0,0.0,0.0,6.6,-22,124
2026-03-12T19:35:08.947115,0,3,1,0,9,-1.0,194.25,0.0,0.0,0.0,6.6,-22,124
2026-03-12T19:35:09.073313,0,3,1,0,9,-1.0,193.75,0.0,0.0,0.0,6.4,-22,125
2026-03-12T19:35:09.198439,0,3,1,0,9,-1.0,193.75,0.0,0.0,0.0,6.4,-22,124
2026-03-12T19:35:09.322859,0,3,1,0,9,-1.0,194.0,0.0,0.0,0.0,6.4,-22,124
2026-03-12T19:35:09.447644,0,3,1,0,9,-1.0,194.25,0.0,0.0,0.0,6.6,-22,124
2026-03-12T19:35:09.573846,0,3,1,0,9,-1.0,194.0,0.0,0.0,0.0,6.4,-22,125
2026-03-12T19:35:09.699585,0,3,1,0,9,-1.0,194.0,0.0,0.0,0.0,6.6,-22,124
2026-03-12T19:35:09.825357,0,3,1,0,9,-1.0,194.0,0.0,0.0,0.0,6.4,-22,124
2026-03-12T19:35:09.952524,0,3,1,0,9,-1.0,194.0,0.0,0.0,0.0,6.4,-22,124
2026-03-12T19:35:10.076753,0,3,1,0,9,-1.0,194.0,0.0,0.0,0.0,6.6,-22,125
2026-03-12T19:35:10.200652,0,3,1,0,9,-1.0,194.0,0.0,0.0,0.0,6.6,-22,124
2026-03-12T19:35:10.326292,0,3,1,0,9,-1.0,194.25,0.0,0.0,0.0,6.6,-22,124
2026-03-12T19:35:10.451894,0,3,1,0,9,-1.0,193.75,0.0,0.0,0.0,6.6,-22,124
2026-03-12T19:35:10.576891,0,3,1,0,9,-1.0,194.0,0.0,0.0,0.0,6.4,-22,124
2026-03-12T19:35:10.695133,0,3,1,0,9,-1.0,194.0,0.0,0.0,0.0,6.4,-22,125
2026-03-12T19:35:10.826475,0,3,1,0,9,-1.0,193.75,0.0,0.0,0.0,6.4,-22,124
2026-03-12T19:35:10.952224,0,3,1,0,9,-1.0,193.75,0.0,0.0,0.0,6.4,-22,124
2026-03-12T19:35:11.076653,0,3,1,0,9,-1.0,193.75,0.0,0.0,0.0,6.6,-22,124
2026-03-12T19:35:11.202466,0,3,1,0,9,-1.0,194.0,0.0,0.0,0.0,6.4,-22,126
2026-03-12T19:35:11.328477,0,3,1,0,9,-1.0,194.0,0.0,0.0,0.0,6.4,-22,124
2026-03-12T19:35:11.446136,0,3,1,0,9,-1.0,194.0,0.0,0.0,0.0,6.6,-22,125
2026-03-12T19:35:11.578607,0,3,1,0,9,-1.0,194.0,0.0,0.0,0.0,6.4,-22,125
2026-03-12T19:35:11.703099,0,3,1,0,9,-1.0,193.75,0.0,0.0,0.0,6.6,-22,125
2026-03-12T19:35:11.828149,0,3,1,0,9,-1.0,193.75,0.0,0.0,0.0,6.4,-22,125
2026-03-12T19:35:11.955380,0,3,1,0,9,-1.0,194.25,0.0,0.0,0.0,6.4,-22,125
2026-03-12T19:35:12.079808,0,3,1,0,9,-1.0,194.0,0.0,0.0,0.0,6.6,-22,125
2026-03-12T19:35:12.207044,0,3,1,0,9,-1.0,193.5,0.0,0.0,0.0,6.4,-22,125
2026-03-12T19:35:12.330991,0,3,1,0,9,-1.0,193.5,0.0,0.0,0.0,6.4,-22,125
2026-03-12T19:35:12.456523,0,3,1,0,9,-1.0,194.0,0.0,0.0,0.0,6.4,-22,125
2026-03-12T19:35:12.581279,0,3,1,0,9,-1.0,194.0,0.0,0.0,0.0,6.4,-22,125
2026-03-12T19:35:12.698305,0,3,1,0,9,-1.0,194.0,0.0,0.0,0.0,6.6,-22,125
2026-03-12T19:35:12.831321,0,3,1,0,9,-1.0,193.75,0.0,0.0,0.0,6.6,-22,126
2026-03-12T19:35:12.957063,0,3,1,0,9,-1.0,193.75,0.0,0.0,0.0,6.4,-22,125
2026-03-12T19:35:13.080907,0,3,1,0,9,-1.0,193.75,0.0,0.0,0.0,6.4,-22,125
2026-03-12T19:35:13.205973,0,3,1,0,9,-1.0,194.0,0.0,0.0,0.0,6.4,-22,125
2026-03-12T19:35:13.331535,0,3,1,0,9,-1.0,194.25,0.0,0.0,0.0,6.4,-22,126
2026-03-12T19:35:13.456573,0,3,1,0,9,-1.0,193.75,0.0,0.0,0.0,6.4,-22,125
2026-03-12T19:35:13.581651,0,3,1,0,9,-1.0,193.75,0.0,0.0,0.0,6.4,-22,125
2026-03-12T19:35:13.708294,0,3,1,0,9,-1.0,194.0,0.0,0.0,0.0,6.4,-22,125
2026-03-12T19:35:13.832409,0,3,1,0,9,-1.0,194.0,0.0,0.0,0.0,6.4,-22,125
2026-03-12T19:35:13.957585,0,3,1,0,9,-1.0,194.0,0.0,0.0,0.0,6.6,-22,126
2026-03-12T19:35:14.082749,0,3,1,0,9,-1.0,194.0,0.0,0.0,0.0,6.6,-22,125
2026-03-12T19:35:14.208563,0,3,1,0,9,-1.0,194.25,0.0,0.0,0.0,6.6,-22,125
2026-03-12T19:35:14.332265,0,3,1,0,9,-1.0,193.75,0.0,0.0,0.0,6.4,-22,125
2026-03-12T19:35:14.459620,0,3,1,0,9,-1.0,193.75,0.0,0.0,0.0,6.4,-22,126
2026-03-12T19:35:14.584934,0,3,1,0,9,-1.0,194.25,0.0,0.0,0.0,6.4,-22,125
2026-03-12T19:35:14.708735,0,3,1,0,9,-1.0,193.75,0.0,0.0,0.0,6.4,-22,125
2026-03-12T19:35:14.834215,0,3,1,0,9,-1.0,193.75,0.0,0.0,0.0,6.4,-22,125
2026-03-12T19:35:14.960185,0,3,1,0,9,-1.0,194.0,0.0,0.0,0.0,6.4,-22,126
2026-03-12T19:35:15.085078,0,3,1,0,9,-1.0,194.0,0.0,0.0,0.0,6.4,-22,125
2026-03-12T19:35:15.209828,0,3,1,0,9,-1.0,194.0,0.0,0.0,0.0,6.4,-22,125
2026-03-12T19:35:15.328350,0,3,1,0,9,-1.0,193.5,0.0,0.0,0.0,6.4,-22,125
2026-03-12T19:35:15.454961,0,3,1,0,9,-1.0,193.75,0.0,0.0,0.0,6.4,-22,126
2026-03-12T19:35:15.585497,0,3,1,0,9,-1.0,194.0,0.0,0.0,0.0,6.6,-22,125
2026-03-12T19:35:15.710350,0,3,1,0,9,-1.0,193.75,0.0,0.0,0.0,6.4,-22,124
2026-03-12T19:35:15.836426,0,3,1,0,9,-1.0,193.75,0.0,0.0,0.0,6.4,-22,125
2026-03-12T19:35:15.961485,0,3,1,0,9,-1.0,194.0,0.0,0.0,0.0,6.4,-22,126
2026-03-12T19:35:16.087690,0,3,1,0,9,-1.0,193.75,0.0,0.0,0.0,6.4,-22,125
2026-03-12T19:35:16.213260,0,3,1,0,9,-1.0,193.75,0.0,0.0,0.0,6.4,-22,124
2026-03-12T19:35:16.337889,0,3,1,0,9,-1.0,194.0,0.0,0.0,0.0,6.4,-22,124
2026-03-12T19:35:16.462994,0,3,1,0,9,-1.0,194.0,0.0,0.0,0.0,6.4,-22,124
2026-03-12T19:35:16.588261,0,3,1,0,9,-1.0,194.0,0.0,0.0,0.0,6.4,-22,125
2026-03-12T19:35:16.707436,0,3,1,0,9,-1.0,194.0,0.0,0.0,0.0,6.4,-22,124
2026-03-12T19:35:16.838706,0,3,1,0,9,-1.0,194.5,0.0,0.0,0.0,6.4,-22,124
2026-03-12T19:35:16.963310,0,3,1,0,9,-1.0,194.0,0.0,0.0,0.0,6.6,-22,124
2026-03-12T19:35:17.089699,0,3,1,0,9,-1.0,193.75,0.0,0.0,0.0,6.6,-22,125
2026-03-12T19:35:17.214857,0,3,1,0,9,-1.0,194.0,0.0,0.0,0.0,6.4,-22,124
2026-03-12T19:35:17.339492,0,3,1,0,9,-1.0,193.75,0.0,0.0,0.0,6.4,-22,124
2026-03-12T19:35:17.464943,0,3,1,0,9,-1.0,193.75,0.0,0.0,0.0,6.4,-24,124
2026-03-12T19:35:17.590666,0,3,1,0,9,-1.0,194.0,0.0,0.0,0.0,6.4,-27,125
2026-03-12T19:35:17.715542,0,3,1,0,9,-1.0,194.0,0.0,0.0,0.0,6.4,-28,124
2026-03-12T19:35:17.840494,0,3,1,0,9,-1.0,194.0,0.0,0.0,0.0,6.4,-28,124
2026-03-12T19:35:17.965736,0,3,1,0,9,-1.0,193.75,0.0,0.0,0.0,6.4,-27,124
2026-03-12T19:35:18.092136,0,3,1,0,9,-1.0,194.0,0.0,0.0,0.0,6.4,-25,125
2026-03-12T19:35:18.210264,0,3,1,0,9,-1.0,194.0,0.0,0.0,0.0,6.6,-24,124
2026-03-12T19:35:18.342733,0,3,1,0,9,-1.0,193.75,0.0,0.0,0.0,6.4,-24,124
2026-03-12T19:35:18.460622,0,3,1,0,9,-1.0,194.0,0.0,0.0,0.0,6.4,-24,124
2026-03-12T19:35:18.592147,0,3,1,0,9,-1.0,194.5,0.0,0.0,0.0,6.4,-23,124
2026-03-12T19:35:18.717936,0,3,1,0,9,-1.0,193.75,0.0,0.0,0.0,6.4,-24,126
2026-03-12T19:35:18.843288,0,3,1,0,9,-1.0,193.75,0.0,0.0,0.0,6.4,-26,124
2026-03-12T19:35:18.968791,0,3,1,0,9,-1.0,194.25,0.0,0.0,0.0,6.4,-27,124
2026-03-12T19:35:19.087322,0,3,1,0,9,-1.0,194.25,0.0,0.0,0.0,6.4,-26,125
2026-03-12T19:35:19.219646,0,3,1,0,9,-1.0,194.25,0.0,0.0,0.0,6.4,-27,125
2026-03-12T19:35:19.344649,0,3,1,0,9,-1.0,194.0,0.0,0.0,0.0,6.4,-27,125
2026-03-12T19:35:19.468401,0,3,1,0,9,-1.0,194.5,0.0,0.0,0.0,6.4,-28,124
2026-03-12T19:35:19.593468,0,3,1,0,9,-1.0,194.0,0.0,0.0,0.0,6.4,-28,125
2026-03-12T19:35:19.716833,0,3,1,0,9,-1.0,194.0,0.0,0.0,0.0,6.4,-28,125
2026-03-12T19:35:19.845716,0,3,1,0,9,-1.0,194.5,0.0,0.0,0.0,6.4,-28,125
2026-03-12T19:35:19.970200,0,3,1,0,9,-1.0,194.0,0.0,0.0,0.0,6.4,-30,124
2026-03-12T19:35:20.096250,0,3,1,0,9,-1.0,194.0,0.0,0.0,0.0,6.4,-31,125
2026-03-12T19:35:20.214993,0,3,1,0,9,-1.0,194.0,188.5,50.5920219,8.7041854,6.4,-28,125
2026-03-12T19:35:21.269879,0,3,1,0,9,-1.0,194.0,188.5,50.5920219,8.7041854,6.4,-26,125
2026-03-12T19:35:21.280036,0,3,1,0,9,-1.0,194.0,188.5,50.5920219,8.7041854,6.4,-26,124
2026-03-12T19:35:21.291004,0,3,1,0,9,-1.0,193.75,188.5,50.5920219,8.7041854,6.4,-26,124
2026-03-12T19:35:21.300922,0,3,1,0,9,-1.0,194.25,188.5,50.5920219,8.7041854,6.4,-27,125
2026-03-12T19:35:21.311741,0,3,1,0,9,-1.0,194.5,188.5,50.5920219,8.7041854,6.4,-24,125
2026-03-12T19:35:21.322318,0,3,1,0,9,-1.0,193.75,188.5,50.5920219,8.7041854,6.4,-25,126
2026-03-12T19:35:21.332690,0,3,1,0,9,-1.0,193.75,188.5,50.5920219,8.7041854,6.6,-25,125
2026-03-12T19:35:21.342959,0,3,1,0,9,-1.0,194.0,0.0,0.0,0.0,6.4,-23,124
2026-03-12T19:35:22.367971,0,3,1,0,9,-1.0,194.0,0.0,0.0,0.0,6.4,-24,124
2026-03-12T19:35:22.378018,0,3,1,0,9,-1.0,193.75,0.0,0.0,0.0,6.4,-28,124
2026-03-12T19:35:22.389511,0,3,1,0,9,-1.0,193.75,0.0,0.0,0.0,6.4,-22,125
2026-03-12T19:35:22.400354,0,3,1,0,9,-1.0,193.75,0.0,0.0,0.0,6.4,-22,124
2026-03-12T19:35:22.411414,0,3,1,0,9,-1.0,193.75,0.0,0.0,0.0,6.4,-25,124
2026-03-12T19:35:22.421935,0,3,1,0,9,-1.0,194.0,0.0,0.0,0.0,6.4,-26,124
2026-03-12T19:35:22.432325,0,3,1,0,9,-1.0,194.0,0.0,0.0,0.0,6.4,-24,125
2026-03-12T19:35:22.442501,0,3,1,0,9,-1.0,194.25,0.0,0.0,0.0,6.6,-24,124
2026-03-12T19:35:22.453129,0,3,1,0,9,-1.0,193.75,0.0,0.0,0.0,6.6,-25,124
2026-03-12T19:35:22.475075,0,3,1,0,9,-1.0,194.0,0.0,0.0,0.0,6.4,-24,124
2026-03-12T19:35:22.602212,0,3,1,0,9,-1.0,194.0,0.0,0.0,0.0,6.4,-22,125
2026-03-12T19:35:22.728115,0,3,1,0,9,-1.0,193.5,0.0,0.0,0.0,6.4,-24,124
2026-03-12T19:35:22.854158,0,3,1,0,9,-1.0,193.5,0.0,0.0,0.0,6.4,-24,124
2026-03-12T19:35:22.979296,0,3,1,0,9,-1.0,193.5,0.0,0.0,0.0,6.4,-24,124
2026-03-12T19:35:23.103512,0,3,1,0,9,-1.0,193.75,0.0,0.0,0.0,6.4,-22,125
2026-03-12T19:35:23.227658,0,3,1,0,9,-1.0,193.5,0.0,0.0,0.0,6.4,-22,124
2026-03-12T19:35:23.352959,0,3,1,0,9,-1.0,193.75,0.0,0.0,0.0,6.4,-23,125
2026-03-12T19:35:23.476968,0,3,1,0,9,-1.0,194.0,0.0,0.0,0.0,6.4,-24,124
2026-03-12T19:35:23.601906,0,3,1,0,9,-1.0,194.0,0.0,0.0,0.0,6.4,-24,125
2026-03-12T19:35:23.728674,0,3,1,0,9,-1.0,193.75,0.0,0.0,0.0,6.6,-22,126
2026-03-12T19:35:23.853119,0,3,1,0,9,-1.0,193.75,0.0,0.0,0.0,6.4,-22,124
2026-03-12T19:35:23.977709,0,3,1,0,9,-1.0,193.75,0.0,0.0,0.0,6.4,-22,125
2026-03-12T19:35:24.103860,0,3,1,0,9,-1.0,193.75,0.0,0.0,0.0,6.4,-22,125
2026-03-12T19:35:24.229205,0,3,1,0,9,-1.0,193.75,0.0,0.0,0.0,6.4,-22,126
2026-03-12T19:35:24.354854,0,3,1,0,9,-1.0,193.75,0.0,0.0,0.0,6.4,-22,125
2026-03-12T19:35:24.480528,0,3,1,0,9,-1.0,193.5,0.0,0.0,0.0,6.4,-22,125
2026-03-12T19:35:24.598286,0,3,1,0,9,-1.0,193.75,0.0,0.0,0.0,6.4,-23,125
2026-03-12T19:35:24.730641,0,3,1,0,9,-1.0,193.75,0.0,0.0,0.0,6.4,-24,126
2026-03-12T19:35:24.849654,0,3,1,0,9,-1.0,194.0,0.0,0.0,0.0,6.6,-22,125
2026-03-12T19:35:24.980351,0,3,1,0,9,-1.0,193.75,0.0,0.0,0.0,6.4,-24,125
2026-03-12T19:35:25.106572,0,3,1,0,9,-1.0,193.75,0.0,0.0,0.0,6.4,-22,125
2026-03-12T19:35:25.231339,0,3,1,0,9,-1.0,194.25,0.0,0.0,0.0,6.4,-22,126
2026-03-12T19:35:25.350479,0,3,1,0,9,-1.0,193.5,0.0,0.0,0.0,6.4,-22,125
2026-03-12T19:35:25.481223,0,3,1,0,9,-1.0,193.5,0.0,0.0,0.0,6.4,-22,125
2026-03-12T19:35:25.606398,0,3,1,0,9,-1.0,193.5,0.0,0.0,0.0,6.4,-22,125
2026-03-12T19:35:25.731502,0,3,1,0,9,-1.0,193.75,0.0,0.0,0.0,6.4,-22,125
2026-03-12T19:35:25.857570,0,3,1,0,9,-1.0,193.75,0.0,0.0,0.0,6.4,-22,126
2026-03-12T19:35:25.983451,0,3,1,0,9,-1.0,194.0,0.0,0.0,0.0,6.4,-23,125
2026-03-12T19:35:26.101390,0,3,1,0,9,-1.0,194.0,0.0,0.0,0.0,6.6,-22,125
2026-03-12T19:35:26.233577,0,3,1,0,9,-1.0,194.0,0.0,0.0,0.0,6.4,-22,125
2026-03-12T19:35:26.359537,0,3,1,0,9,-1.0,193.75,0.0,0.0,0.0,6.4,-22,126
2026-03-12T19:35:26.485268,0,3,1,0,9,-1.0,193.75,0.0,0.0,0.0,6.4,-22,124
2026-03-12T19:35:26.611140,0,3,1,0,9,-1.0,193.75,0.0,0.0,0.0,6.4,-22,125
2026-03-12T19:35:26.727304,0,3,1,0,9,-1.0,193.75,0.0,0.0,0.0,6.4,-22,124
2026-03-12T19:35:26.860483,0,3,1,0,9,-1.0,193.75,0.0,0.0,0.0,6.4,-22,125
2026-03-12T19:35:26.977865,0,3,1,0,9,-1.0,193.75,0.0,0.0,0.0,6.4,-22,124
2026-03-12T19:35:27.110613,0,3,1,0,9,-1.0,193.75,0.0,0.0,0.0,6.4,-22,124
2026-03-12T19:35:27.234691,0,3,1,0,9,-1.0,193.75,0.0,0.0,0.0,6.4,-22,124
2026-03-12T19:35:27.360319,0,3,1,0,9,-1.0,193.75,0.0,0.0,0.0,6.6,-22,124
2026-03-12T19:35:27.485603,0,3,1,0,9,-1.0,194.0,0.0,0.0,0.0,6.4,-22,125
2026-03-12T19:35:27.612002,0,3,1,0,9,-1.0,193.75,0.0,0.0,0.0,6.4,-24,124
2026-03-12T19:35:27.737827,0,3,1,0,9,-1.0,194.0,0.0,0.0,0.0,6.4,-27,124
2026-03-12T19:35:27.862354,0,3,1,0,9,-1.0,194.0,0.0,0.0,0.0,6.6,-22,124
2026-03-12T19:35:27.987631,0,3,1,0,9,-1.0,193.75,0.0,0.0,0.0,6.4,-30,125
2026-03-12T19:35:28.112126,0,3,1,0,9,-1.0,193.75,0.0,0.0,0.0,6.4,-29,124
2026-03-12T19:35:28.236603,0,3,1,0,9,-1.0,193.75,0.0,0.0,0.0,6.6,-22,124
2026-03-12T19:35:28.360624,0,3,1,0,9,-1.0,193.5,0.0,0.0,0.0,6.4,-22,124
2026-03-12T19:35:28.480870,0,3,1,0,9,-1.0,193.75,0.0,0.0,0.0,6.4,-22,126
2026-03-12T19:35:28.612656,0,3,1,0,9,-1.0,193.75,0.0,0.0,0.0,6.6,-22,125
2026-03-12T19:35:28.737457,0,3,1,0,9,-1.0,194.0,0.0,0.0,0.0,6.4,-22,124
2026-03-12T19:35:28.863326,0,3,1,0,9,-1.0,193.5,0.0,0.0,0.0,6.4,-24,125
2026-03-12T19:35:28.988903,0,3,1,0,9,-1.0,193.75,0.0,0.0,0.0,6.4,-31,124
2026-03-12T19:35:29.114933,0,3,1,0,9,-1.0,193.75,0.0,0.0,0.0,6.6,-28,126
2026-03-12T19:35:29.239618,0,3,1,0,9,-1.0,193.75,0.0,0.0,0.0,6.4,-25,125
2026-03-12T19:35:29.365088,0,3,1,0,9,-1.0,193.75,0.0,0.0,0.0,6.4,-23,125
2026-03-12T19:35:29.489114,0,3,1,0,9,-1.0,193.75,0.0,0.0,0.0,6.6,-22,125
2026-03-12T19:35:29.607972,0,3,1,0,9,-1.0,193.75,0.0,0.0,0.0,6.4,-27,126
2026-03-12T19:35:29.739537,0,3,1,0,9,-1.0,193.5,0.0,0.0,0.0,6.4,-23,125
2026-03-12T19:35:29.865180,0,3,1,0,9,-1.0,193.75,0.0,0.0,0.0,6.4,-22,125
2026-03-12T19:35:29.990688,0,3,1,0,9,-1.0,194.0,0.0,0.0,0.0,6.4,-22,125
2026-03-12T19:35:30.109002,0,3,1,0,9,-1.0,193.5,0.0,0.0,0.0,6.4,-22,126
2026-03-12T19:35:30.233962,0,3,1,0,9,-1.0,193.5,0.0,0.0,0.0,6.4,-22,125
2026-03-12T19:35:30.365418,0,3,1,0,9,-1.0,193.5,0.0,0.0,0.0,6.4,-22,125
2026-03-12T19:35:30.490853,0,3,1,0,9,-1.0,194.0,0.0,0.0,0.0,6.4,-22,125
2026-03-12T19:35:30.616029,0,3,1,0,9,-1.0,194.0,0.0,0.0,0.0,6.4,-22,125
2026-03-12T19:35:30.734942,0,3,1,0,9,-1.0,194.0,0.0,0.0,0.0,6.4,-22,126
2026-03-12T19:35:30.867247,0,3,1,0,9,-1.0,193.75,0.0,0.0,0.0,6.6,-22,125
2026-03-12T19:35:30.993319,0,3,1,0,9,-1.0,194.0,0.0,0.0,0.0,6.6,-22,125
2026-03-12T19:35:31.116392,0,3,1,0,9,-1.0,193.75,0.0,0.0,0.0,6.4,-22,125
2026-03-12T19:35:31.235959,0,3,1,0,9,-1.0,194.0,0.0,0.0,0.0,6.4,-22,126
2026-03-12T19:35:31.368002,0,3,1,0,9,-1.0,194.0,0.0,0.0,0.0,6.4,-22,125
2026-03-12T19:35:31.493078,0,3,1,0,9,-1.0,193.75,0.0,0.0,0.0,6.4,-22,125
2026-03-12T19:35:31.618112,0,3,1,0,9,-1.0,193.75,0.0,0.0,0.0,6.4,-22,125
2026-03-12T19:35:31.743173,0,3,1,0,9,-1.0,194.0,0.0,0.0,0.0,6.4,-22,126
2026-03-12T19:35:31.870268,0,3,1,0,9,-1.0,194.0,0.0,0.0,0.0,6.4,-22,125
2026-03-12T19:35:31.987348,0,3,1,0,9,-1.0,193.5,188.5,50.5920219,8.7041854,6.4,-22,125
2026-03-12T19:35:33.023838,0,3,1,0,9,-1.0,193.5,188.5,50.5920219,8.7041854,6.4,-22,125
2026-03-12T19:35:33.034532,0,3,1,0,9,-1.0,193.5,188.5,50.5920219,8.7041854,6.4,-22,125
2026-03-12T19:35:33.045190,0,3,1,0,9,-1.0,193.5,188.5,50.5920219,8.7041854,6.4,-25,126
2026-03-12T19:35:33.055877,0,3,1,0,9,-1.0,193.75,188.5,50.5920219,8.7041854,6.6,-32,125
2026-03-12T19:35:33.066649,0,3,1,0,9,-1.0,194.0,188.5,50.5920219,8.7041854,6.6,-23,124
2026-03-12T19:35:33.077108,0,3,1,0,9,-1.0,194.25,188.5,50.5920219,8.7041854,6.6,-22,124
2026-03-12T19:35:33.088531,0,3,1,0,9,-1.0,193.75,0.0,0.0,0.0,6.4,-22,124
2026-03-12T19:35:34.228171,0,3,1,0,9,-1.0,193.75,0.0,0.0,0.0,6.4,-22,126
2026-03-12T19:35:34.239577,0,3,1,0,9,-1.0,193.75,0.0,0.0,0.0,6.4,-22,125
2026-03-12T19:35:34.251034,0,3,1,0,9,-1.0,193.75,0.0,0.0,0.0,6.4,-22,125
2026-03-12T19:35:34.262397,0,3,1,0,9,-1.0,193.75,0.0,0.0,0.0,6.4,-22,125
2026-03-12T19:35:34.273075,0,3,1,0,9,-1.0,193.75,0.0,0.0,0.0,6.4,-22,126
2026-03-12T19:35:34.283354,0,3,1,0,9,-1.0,193.75,0.0,0.0,0.0,6.4,-22,125
2026-03-12T19:35:34.293723,0,3,1,0,9,-1.0,193.5,0.0,0.0,0.0,6.6,-22,125
2026-03-12T19:35:34.305210,0,3,1,0,9,-1.0,194.0,0.0,0.0,0.0,6.4,-22,125
2026-03-12T19:35:34.316021,0,3,1,0,9,-1.0,194.25,0.0,0.0,0.0,6.4,-22,126
2026-03-12T19:35:34.326109,0,3,1,0,9,-1.0,194.0,0.0,0.0,0.0,6.6,-22,125
2026-03-12T19:35:34.337023,0,3,1,0,9,-1.0,193.75,0.0,0.0,0.0,6.4,-22,125
2026-03-12T19:35:34.372426,0,3,1,0,9,-1.0,194.0,0.0,0.0,0.0,6.4,-22,124
2026-03-12T19:35:34.498539,0,3,1,0,9,-1.0,194.0,0.0,0.0,0.0,6.4,-22,125
2026-03-12T19:35:34.624110,0,3,1,0,9,-1.0,193.75,0.0,0.0,0.0,6.4,-22,124
2026-03-12T19:35:34.749625,0,3,1,0,9,-1.0,193.75,0.0,0.0,0.0,6.4,-22,124
2026-03-12T19:35:34.867292,0,3,1,0,9,-1.0,193.75,0.0,0.0,0.0,6.4,-22,124
2026-03-12T19:35:34.999447,0,3,1,0,9,-1.0,193.75,0.0,0.0,0.0,6.4,-22,125
2026-03-12T19:35:35.124969,0,3,1,0,9,-1.0,193.75,0.0,0.0,0.0,6.4,-22,124
2026-03-12T19:35:35.250860,0,3,1,0,9,-1.0,194.0,0.0,0.0,0.0,6.4,-22,124
2026-03-12T19:35:35.377181,0,3,1,0,9,-1.0,194.0,0.0,0.0,0.0,6.4,-22,124
2026-03-12T19:35:35.499623,0,3,1,0,9,-1.0,193.75,0.0,0.0,0.0,6.6,-22,124
2026-03-12T19:35:35.624865,0,3,1,0,9,-1.0,193.5,0.0,0.0,0.0,6.4,-22,125
2026-03-12T19:35:35.750887,0,3,1,0,9,-1.0,193.5,0.0,0.0,0.0,6.4,-22,124
2026-03-12T19:35:35.869389,0,3,1,0,9,-1.0,193.75,0.0,0.0,0.0,6.4,-22,124
2026-03-12T19:35:35.993923,0,3,1,0,9,-1.0,193.75,0.0,0.0,0.0,6.4,-23,124
2026-03-12T19:35:36.126261,0,3,1,0,9,-1.0,193.75,0.0,0.0,0.0,6.4,-24,126
2026-03-12T19:35:36.251192,0,3,1,0,9,-1.0,193.5,0.0,0.0,0.0,6.4,-24,125
2026-03-12T19:35:36.375923,0,3,1,0,9,-1.0,193.75,0.0,0.0,0.0,6.4,-25,124
2026-03-12T19:35:36.500888,0,3,1,0,9,-1.0,194.0,0.0,0.0,0.0,6.6,-25,125
2026-03-12T19:35:36.626320,0,3,1,0,9,-1.0,194.0,0.0,0.0,0.0,6.4,-24,125
2026-03-12T19:35:36.751709,0,3,1,0,9,-1.0,194.0,0.0,0.0,0.0,6.4,-24,126
2026-03-12T19:35:36.876713,0,3,1,0,9,-1.0,193.75,0.0,0.0,0.0,6.6,-24,125
2026-03-12T19:35:37.002345,0,3,1,0,9,-1.0,193.75,0.0,0.0,0.0,6.4,-22,125
2026-03-12T19:35:37.121224,0,3,1,0,9,-1.0,193.75,0.0,0.0,0.0,6.4,-22,125
2026-03-12T19:35:37.252999,0,3,1,0,9,-1.0,193.75,0.0,0.0,0.0,6.4,-22,126
2026-03-12T19:35:37.378401,0,3,1,0,9,-1.0,193.75,0.0,0.0,0.0,6.4,-22,125
2026-03-12T19:35:37.503419,0,3,1,0,9,-1.0,193.75,0.0,0.0,0.0,6.4,-24,125
2026-03-12T19:35:37.628275,0,3,1,0,9,-1.0,193.5,0.0,0.0,0.0,6.4,-23,125
2026-03-12T19:35:37.753709,0,3,1,0,9,-1.0,193.5,0.0,0.0,0.0,6.4,-24,126
2026-03-12T19:35:37.879690,0,3,1,0,9,-1.0,194.0,0.0,0.0,0.0,6.4,-24,125
2026-03-12T19:35:38.005813,0,3,1,0,9,-1.0,194.0,0.0,0.0,0.0,6.6,-27,125
2026-03-12T19:35:38.129061,0,3,1,0,9,-1.0,193.75,0.0,0.0,0.0,6.6,-22,125
2026-03-12T19:35:38.254593,0,3,1,0,9,-1.0,193.75,0.0,0.0,0.0,6.4,-22,126
2026-03-12T19:35:38.379788,0,3,1,0,9,-1.0,193.75,0.0,0.0,0.0,6.6,-22,125
2026-03-12T19:35:38.504747,0,3,1,0,9,-1.0,194.0,0.0,0.0,0.0,6.4,-22,124
2026-03-12T19:35:38.629304,0,3,1,0,9,-1.0,194.0,0.0,0.0,0.0,6.4,-22,124
2026-03-12T19:35:38.755570,0,3,1,0,9,-1.0,194.0,0.0,0.0,0.0,6.4,-22,124
2026-03-12T19:35:38.880800,0,3,1,0,9,-1.0,193.75,0.0,0.0,0.0,6.4,-22,125
2026-03-12T19:35:39.005748,0,3,1,0,9,-1.0,193.75,0.0,0.0,0.0,6.4,-22,124
2026-03-12T19:35:39.130838,0,3,1,0,9,-1.0,194.25,0.0,0.0,0.0,6.4,-22,124
2026-03-12T19:35:39.250144,0,3,1,0,9,-1.0,194.25,0.0,0.0,0.0,6.4,-22,124
2026-03-12T19:35:39.381775,0,3,1,0,9,-1.0,194.0,0.0,0.0,0.0,6.4,-22,125
2026-03-12T19:35:39.506279,0,3,1,0,9,-1.0,193.75,0.0,0.0,0.0,6.6,-22,124
2026-03-12T19:35:39.625926,0,3,1,0,9,-1.0,193.75,0.0,0.0,0.0,6.4,-22,124
2026-03-12T19:35:39.756928,0,3,1,0,9,-1.0,193.75,0.0,0.0,0.0,6.4,-22,124
2026-03-12T19:35:39.882319,0,3,1,0,9,-1.0,193.75,0.0,0.0,0.0,6.4,-22,125
2026-03-12T19:35:40.001815,0,3,1,0,9,-1.0,193.75,0.0,0.0,0.0,6.4,-22,124
2026-03-12T19:35:40.133733,0,3,1,0,9,-1.0,193.75,0.0,0.0,0.0,6.6,-22,124
2026-03-12T19:35:40.260865,0,3,1,0,9,-1.0,193.75,0.0,0.0,0.0,6.6,-22,124
2026-03-12T19:35:40.382901,0,3,1,0,9,-1.0,193.75,0.0,0.0,0.0,6.4,-22,124
2026-03-12T19:35:40.502939,0,3,1,0,9,-1.0,194.0,0.0,0.0,0.0,6.4,-22,126
2026-03-12T19:35:40.627837,0,3,1,0,9,-1.0,194.0,0.0,0.0,0.0,6.4,-22,124
2026-03-12T19:35:40.759915,0,3,1,0,9,-1.0,193.5,0.0,0.0,0.0,6.6,-22,125
2026-03-12T19:35:40.885155,0,3,1,0,9,-1.0,193.75,0.0,0.0,0.0,6.4,-22,125
2026-03-12T19:35:41.010824,0,3,1,0,9,-1.0,193.75,0.0,0.0,0.0,6.4,-22,126
2026-03-12T19:35:41.135057,0,3,1,0,9,-1.0,194.0,0.0,0.0,0.0,6.4,-22,125
2026-03-12T19:35:41.253962,0,3,1,0,9,-1.0,194.0,0.0,0.0,0.0,6.4,-22,125
2026-03-12T19:35:41.385043,0,3,1,0,9,-1.0,194.0,0.0,0.0,0.0,6.6,-22,125
2026-03-12T19:35:41.510683,0,3,1,0,9,-1.0,194.25,0.0,0.0,0.0,6.4,-22,126
2026-03-12T19:35:41.635651,0,3,1,0,9,-1.0,193.75,0.0,0.0,0.0,6.4,-22,125
2026-03-12T19:35:41.762723,0,3,1,0,9,-1.0,194.25,0.0,0.0,0.0,6.4,-22,125
2026-03-12T19:35:41.889051,0,3,1,0,9,-1.0,194.0,0.0,0.0,0.0,6.4,-22,125
2026-03-12T19:35:42.011487,0,3,1,0,9,-1.0,193.75,0.0,0.0,0.0,6.4,-22,125
2026-03-12T19:35:42.136541,0,3,1,0,9,-1.0,193.75,0.0,0.0,0.0,6.4,-22,126
2026-03-12T19:35:42.262146,0,3,1,0,9,-1.0,193.75,0.0,0.0,0.0,6.4,-22,125
2026-03-12T19:35:42.388536,0,3,1,0,9,-1.0,193.75,0.0,0.0,0.0,6.4,-22,125
2026-03-12T19:35:42.514660,0,3,1,0,9,-1.0,193.75,0.0,0.0,0.0,6.4,-22,125
2026-03-12T19:35:42.640312,0,3,1,0,9,-1.0,193.75,0.0,0.0,0.0,6.4,-22,126
2026-03-12T19:35:42.766510,0,3,1,0,9,-1.0,193.75,0.0,0.0,0.0,6.6,-22,125
2026-03-12T19:35:42.888743,0,3,1,0,9,-1.0,194.0,0.0,0.0,0.0,6.6,-22,125
2026-03-12T19:35:43.013907,0,3,1,0,9,-1.0,194.0,0.0,0.0,0.0,6.6,-22,125
2026-03-12T19:35:43.141009,0,3,1,0,9,-1.0,194.5,0.0,0.0,0.0,6.4,-22,126
2026-03-12T19:35:43.267460,0,3,1,0,9,-1.0,194.0,0.0,0.0,0.0,6.4,-22,125
2026-03-12T19:35:43.389620,0,3,1,0,9,-1.0,194.25,0.0,0.0,0.0,6.4,-22,125
2026-03-12T19:35:43.515660,0,3,1,0,9,-1.0,194.25,0.0,0.0,0.0,6.4,-22,125
2026-03-12T19:35:43.641638,0,3,1,0,9,-1.0,194.25,0.0,0.0,0.0,6.4,-22,124
2026-03-12T19:35:43.766241,0,3,1,0,9,-1.0,194.25,0.0,0.0,0.0,6.4,-22,125
2026-03-12T19:35:43.892851,0,3,1,0,9,-1.0,194.25,0.0,0.0,0.0,6.4,-22,125
2026-03-12T19:35:44.009551,0,3,1,0,9,-1.0,194.25,0.0,0.0,0.0,6.4,-22,124
2026-03-12T19:35:44.141249,0,3,1,0,9,-1.0,194.25,0.0,0.0,0.0,6.6,-22,124
2026-03-12T19:35:44.267027,0,3,1,0,9,-1.0,194.5,0.0,0.0,0.0,6.4,-22,125
2026-03-12T19:35:44.392954,0,3,1,0,9,-1.0,194.0,0.0,0.0,0.0,6.6,-22,124
2026-03-12T19:35:44.509736,0,3,1,0,9,-1.0,194.5,0.0,0.0,0.0,6.4,-22,124
2026-03-12T19:35:44.640860,0,3,1,0,9,-1.0,194.0,0.0,0.0,0.0,6.4,-22,124
2026-03-12T19:35:44.760978,0,3,1,0,9,-1.0,194.0,0.0,0.0,0.0,6.4,-22,125
2026-03-12T19:35:44.892105,0,3,1,0,9,-1.0,194.0,0.0,0.0,0.0,6.4,-22,124
2026-03-12T19:35:45.019482,0,3,1,0,9,-1.0,194.25,0.0,0.0,0.0,6.4,-22,124
2026-03-12T19:35:45.143730,0,3,1,0,9,-1.0,194.25,0.0,0.0,0.0,6.4,-22,124
2026-03-12T19:35:45.269192,0,3,1,0,9,-1.0,194.25,0.0,0.0,0.0,6.4,-22,125
2026-03-12T19:35:45.393443,0,3,1,0,9,-1.0,194.25,0.0,0.0,0.0,6.4,-22,124
2026-03-12T19:35:45.518772,0,3,1,0,9,-1.0,194.5,0.0,0.0,0.0,6.6,-22,124
2026-03-12T19:35:45.643445,0,3,1,0,9,-1.0,194.0,0.0,0.0,0.0,6.4,-22,124
2026-03-12T19:35:45.769734,0,3,1,0,9,-1.0,194.25,0.0,0.0,0.0,6.6,-22,126
2026-03-12T19:35:45.895021,0,3,1,0,9,-1.0,194.0,0.0,0.0,0.0,6.4,-22,125
2026-03-12T19:35:46.012797,0,3,1,0,9,-1.0,194.0,0.0,0.0,0.0,6.4,-22,125
2026-03-12T19:35:46.143740,0,3,1,0,9,-1.0,194.0,0.0,0.0,0.0,6.4,-22,125
2026-03-12T19:35:46.271924,0,3,1,0,9,-1.0,194.25,0.0,0.0,0.0,6.4,-22,126
2026-03-12T19:35:46.398275,0,3,1,0,9,-1.0,194.25,0.0,0.0,0.0,6.4,-22,126
2026-03-12T19:35:46.520878,0,3,1,0,9,-1.0,194.25,0.0,0.0,0.0,6.4,-22,125
2026-03-12T19:35:46.646499,0,3,1,0,9,-1.0,194.0,0.0,0.0,0.0,6.4,-22,125
2026-03-12T19:35:46.772163,0,3,1,0,9,-1.0,194.25,0.0,0.0,0.0,6.6,-22,125
2026-03-12T19:35:46.897817,0,3,1,0,9,-1.0,193.75,0.0,0.0,0.0,6.4,-22,126
2026-03-12T19:35:47.024153,0,3,1,0,9,-1.0,193.75,0.0,0.0,0.0,6.6,-22,125
2026-03-12T19:35:47.140511,0,3,1,0,9,-1.0,194.0,0.0,0.0,0.0,6.6,-22,125
2026-03-12T19:35:47.272257,0,3,1,0,9,-1.0,194.0,0.0,0.0,0.0,6.4,-22,125
2026-03-12T19:35:47.398316,0,3,1,0,9,-1.0,193.75,0.0,0.0,0.0,6.4,-22,126
2026-03-12T19:35:47.516348,0,3,1,0,9,-1.0,193.75,0.0,0.0,0.0,6.4,-22,125
2026-03-12T19:35:47.650596,0,3,1,0,9,-1.0,194.0,0.0,0.0,0.0,6.4,-22,125
2026-03-12T19:35:47.772812,0,3,1,0,9,-1.0,194.0,0.0,0.0,0.0,6.4,-22,125
2026-03-12T19:35:47.899132,0,3,1,0,9,-1.0,194.0,0.0,0.0,0.0,6.4,-22,126
2026-03-12T19:35:48.025195,0,3,1,0,9,-1.0,194.0,0.0,0.0,0.0,6.4,-22,124
2026-03-12T19:35:48.150014,0,3,1,0,9,-1.0,193.75,0.0,0.0,0.0,6.4,-22,125
2026-03-12T19:35:48.267618,0,3,1,0,9,-1.0,194.0,0.0,0.0,0.0,6.6,-22,124
2026-03-12T19:35:48.399911,0,3,1,0,9,-1.0,194.0,0.0,0.0,0.0,6.4,-22,125
2026-03-12T19:35:48.525886,0,3,1,0,9,-1.0,194.0,0.0,0.0,0.0,6.4,-22,124
2026-03-12T19:35:48.651829,0,3,1,0,9,-1.0,193.75,0.0,0.0,0.0,6.4,-22,124
2026-03-12T19:35:48.775667,0,3,1,0,9,-1.0,193.75,0.0,0.0,0.0,6.4,-22,124
2026-03-12T19:35:48.901108,0,3,1,0,9,-1.0,194.0,0.0,0.0,0.0,6.4,-22,124
2026-03-12T19:35:49.026545,0,3,1,0,9,-1.0,194.0,0.0,0.0,0.0,6.4,-22,125
2026-03-12T19:35:49.152084,0,3,1,0,9,-1.0,194.0,0.0,0.0,0.0,6.4,-22,124
2026-03-12T19:35:49.277511,0,3,1,0,9,-1.0,193.75,0.0,0.0,0.0,6.6,-22,124
2026-03-12T19:35:49.400872,0,3,1,0,9,-1.0,194.0,0.0,0.0,0.0,6.6,-22,124
2026-03-12T19:35:49.527746,0,3,1,0,9,-1.0,194.0,0.0,0.0,0.0,6.6,-22,125
2026-03-12T19:35:49.652360,0,3,1,0,9,-1.0,193.75,0.0,0.0,0.0,6.4,-22,124
2026-03-12T19:35:49.777887,0,3,1,0,9,-1.0,194.0,0.0,0.0,0.0,6.4,-22,124
2026-03-12T19:35:49.903904,0,3,1,0,9,-1.0,193.75,0.0,0.0,0.0,6.4,-22,125
2026-03-12T19:35:58.291726,0,3,0,0,9,-1.0,194.0,0.0,0.0,0.0,6.4,-23,8388
2026-03-12T19:36:13.320379,0,3,0,0,9,-1.0,193.5,0.0,0.0,0.0,6.6,-22,15025
2026-03-12T19:36:28.349325,0,3,0,0,9,-1.0,194.0,0.0,0.0,0.0,6.6,-23,15026
2026-03-12T19:36:43.376317,0,3,0,0,9,-1.0,193.5,0.0,0.0,0.0,6.6,-22,15025
2026-03-12T19:36:58.405877,0,3,0,0,9,-1.0,193.5,0.0,0.0,0.0,6.6,-22,15023
2026-03-12T19:37:08.295047,0,3,0,0,9,-1.0,193.75,0.0,0.0,0.0,6.6,-22,9888
2026-03-12T19:37:13.437085,0,3,0,0,9,-1.0,193.75,0.0,0.0,0.0,6.6,-22,5137
2026-03-12T19:37:28.461395,0,3,0,0,9,-1.0,194.0,0.0,0.0,0.0,6.6,-22,15026
2026-03-12T19:37:32.717554,0,3,1,0,9,-1.0,193.75,0.0,0.0,0.0,6.6,-22,4255
2026-03-12T19:37:32.848267,0,3,1,0,9,-1.0,193.75,0.0,0.0,0.0,6.6,-22,131
2026-03-12T19:37:32.963602,0,3,1,0,9,-1.0,193.75,188.5,50.5856437,8.6946582,6.6,-22,121
2026-03-12T19:37:34.289161,0,3,1,0,9,-1.0,193.5,188.5,50.5856437,8.6946582,6.6,-22,125
2026-03-12T19:37:34.300416,0,3,1,0,9,-1.0,193.5,188.5,50.5856437,8.6946582,6.6,-22,126
2026-03-12T19:37:34.311612,0,3,1,0,9,-1.0,193.5,188.5,50.5856437,8.6946582,6.4,-22,125
2026-03-12T19:37:34.323464,0,3,1,0,9,-1.0,193.75,188.5,50.5856437,8.6946582,6.4,-22,125
2026-03-12T19:37:34.335765,0,3,1,0,9,-1.0,193.75,188.5,50.5856437,8.6946582,6.4,-22,125
2026-03-12T19:37:34.347509,0,3,1,0,9,-1.0,193.75,188.5,50.5856437,8.6946582,6.6,-22,124
2026-03-12T19:37:34.359527,0,3,1,0,9,-1.0,193.75,188.5,50.5856437,8.6946582,6.6,-22,126
2026-03-12T19:37:34.371989,0,3,1,0,9,-1.0,194.0,188.5,50.5856437,8.6946582,6.6,-22,125
2026-03-12T19:37:34.383902,0,3,1,0,9,-1.0,193.5,188.5,50.5856437,8.6946582,6.6,-22,124
2026-03-12T19:37:34.395281,0,3,1,0,9,-1.0,193.75,188.5,50.5856437,8.6946582,6.6,-22,125
2026-03-12T19:37:34.406653,0,3,1,0,9,-1.0,193.75,188.5,50.5856437,8.6946582,6.6,-22,124
2026-03-12T19:37:34.465925,0,3,1,0,9,-1.0,193.75,188.5,50.5856437,8.6946582,6.6,-22,125
2026-03-12T19:37:34.592744,0,3,1,0,9,-1.0,193.5,188.5,50.5856437,8.6946582,6.6,-22,125
2026-03-12T19:37:34.716990,0,3,1,0,9,-1.0,193.75,188.5,50.5856437,8.6946582,6.6,-22,124
2026-03-12T19:37:34.842380,0,3,1,0,9,-1.0,193.75,188.5,50.5856437,8.6946582,6.4,-22,124
2026-03-12T19:37:34.967277,0,3,1,0,9,-1.0,193.75,188.5,50.5856437,8.6946582,6.6,-22,124
2026-03-12T19:37:35.091960,0,3,1,0,9,-1.0,194.0,188.5,50.5856437,8.6946582,6.6,-22,124
2026-03-12T19:37:35.218395,0,3,1,0,9,-1.0,194.0,188.5,50.5856437,8.6946582,6.6,-22,125
2026-03-12T19:37:35.343679,0,3,1,0,9,-1.0,193.75,188.5,50.5856437,8.6946582,6.6,-22,124
2026-03-12T19:37:35.468079,0,3,1,0,9,-1.0,193.75,188.5,50.5856437,8.6946582,6.6,-22,124
2026-03-12T19:37:35.593453,0,3,1,0,9,-1.0,193.75,188.5,50.5856437,8.6946582,6.6,-22,124
2026-03-12T19:37:35.718182,0,3,1,0,9,-1.0,193.75,188.5,50.5856437,8.6946582,6.6,-22,124
2026-03-12T19:37:35.851014,0,3,1,0,9,-1.0,193.75,0.0,0.0,0.0,6.6,-22,125
2026-03-12T19:37:36.960975,0,3,1,0,9,-1.0,193.5,0.0,0.0,0.0,6.6,-22,126
2026-03-12T19:37:36.972414,0,3,1,0,9,-1.0,193.75,0.0,0.0,0.0,6.6,-22,125
2026-03-12T19:37:36.983963,0,3,1,0,9,-1.0,193.75,0.0,0.0,0.0,6.4,-22,125
2026-03-12T19:37:36.996784,0,3,1,0,9,-1.0,193.75,0.0,0.0,0.0,6.6,-22,125
2026-03-12T19:37:37.009326,0,3,1,0,9,-1.0,193.75,0.0,0.0,0.0,6.6,-22,126
2026-03-12T19:37:37.020544,0,3,1,0,9,-1.0,193.75,0.0,0.0,0.0,6.6,-22,125
2026-03-12T19:37:37.031699,0,3,1,0,9,-1.0,193.5,0.0,0.0,0.0,6.6,-22,125
2026-03-12T19:37:37.043864,0,3,1,0,9,-1.0,193.5,0.0,0.0,0.0,6.6,-22,125
2026-03-12T19:37:37.054630,0,3,1,0,9,-1.0,194.0,188.5,50.5856437,8.6946582,6.6,-22,126
2026-03-12T19:37:38.172042,0,3,1,0,9,-1.0,193.75,188.5,50.5856437,8.6946582,6.6,-22,125
2026-03-12T19:37:38.184431,0,3,1,0,9,-1.0,193.5,188.5,50.5856437,8.6946582,6.6,-22,125
2026-03-12T19:37:38.195864,0,3,1,0,9,-1.0,194.0,188.5,50.5856437,8.6946582,6.6,-22,125
2026-03-12T19:37:38.207152,0,3,1,0,9,-1.0,194.0,188.5,50.5856437,8.6946582,6.6,-22,125
2026-03-12T19:37:38.220114,0,3,1,0,9,-1.0,194.0,188.5,50.5856437,8.6946582,6.4,-22,126
2026-03-12T19:37:38.232821,0,3,1,0,9,-1.0,193.25,188.5,50.5856437,8.6946582,6.6,-22,125
2026-03-12T19:37:38.244093,0,3,1,0,9,-1.0,193.25,188.5,50.5856437,8.6946582,6.4,-22,124
2026-03-12T19:37:38.255919,0,3,1,0,9,-1.0,193.25,188.5,50.5856437,8.6946582,6.6,-22,125
2026-03-12T19:37:38.268103,0,3,1,0,9,-1.0,193.5,188.5,50.5856437,8.6946582,6.4,-22,124
2026-03-12T19:37:38.279404,0,3,1,0,9,-1.0,193.75,188.5,50.5856437,8.6946582,6.6,-22,125
2026-03-12T19:37:38.351052,0,3,1,0,9,-1.0,194.0,188.5,50.5856437,8.6946582,6.6,-22,125
2026-03-12T19:37:38.483063,0,3,1,0,9,-1.0,193.5,0.0,0.0,0.0,6.6,-22,125
2026-03-12T19:37:39.599911,0,3,1,0,9,-1.0,193.75,0.0,0.0,0.0,6.6,-22,125
2026-03-12T19:37:39.611321,0,3,1,0,9,-1.0,193.75,0.0,0.0,0.0,6.4,-22,125
2026-03-12T19:37:39.622562,0,3,1,0,9,-1.0,193.75,0.0,0.0,0.0,6.4,-22,126
2026-03-12T19:37:39.634286,0,3,1,0,9,-1.0,193.75,0.0,0.0,0.0,6.6,-22,125
2026-03-12T19:37:39.645990,0,3,1,0,9,-1.0,194.0,0.0,0.0,0.0,6.4,-22,125
2026-03-12T19:37:39.657413,0,3,1,0,9,-1.0,194.0,0.0,0.0,0.0,6.6,-22,125
2026-03-12T19:37:39.668536,0,3,1,0,9,-1.0,193.25,0.0,0.0,0.0,6.4,-22,126
2026-03-12T19:37:39.680797,0,3,1,0,9,-1.0,193.5,0.0,0.0,0.0,6.6,-22,125
2026-03-12T19:37:39.692717,0,3,1,0,9,-1.0,194.0,0.0,0.0,0.0,6.6,-22,125
2026-03-12T19:37:39.736002,0,3,1,0,9,-1.0,193.5,0.0,0.0,0.0,6.6,-22,125
2026-03-12T19:37:39.853038,0,3,1,0,9,-1.0,193.75,0.0,0.0,0.0,6.6,-22,125
2026-03-12T19:37:39.984965,0,3,1,0,9,-1.0625,194.25,0.0,0.0,0.0,6.6,-22,126
2026-03-12T19:37:40.110896,0,3,1,0,9,-1.0625,194.0,0.0,0.0,0.0,6.4,-22,125
2026-03-12T19:37:40.235256,0,3,1,0,9,-1.0,194.0,0.0,0.0,0.0,6.6,-22,124
2026-03-12T19:37:40.360615,0,3,1,0,9,-1.0,194.0,0.0,0.0,0.0,6.6,-22,125
2026-03-12T19:37:40.486809,0,3,1,0,9,-0.9375,194.0,0.0,0.0,0.0,6.4,-22,125
2026-03-12T19:37:40.613047,0,3,1,0,9,-1.0,194.0,0.0,0.0,0.0,6.6,-22,125
2026-03-12T19:37:40.735630,0,3,1,0,9,-1.0,193.75,0.0,0.0,0.0,6.6,-22,124
2026-03-12T19:37:40.861643,0,3,1,0,9,-1.0,193.75,0.0,0.0,0.0,6.6,-22,125
2026-03-12T19:37:40.988037,0,3,1,0,9,-0.9375,193.75,0.0,0.0,0.0,6.6,-22,126
2026-03-12T19:37:41.113445,0,3,1,0,9,-1.0,193.5,0.0,0.0,0.0,6.6,-22,124
2026-03-12T19:37:41.230499,0,3,1,0,9,-1.0,193.75,0.0,0.0,0.0,6.6,-22,125
2026-03-12T19:37:41.362563,0,3,1,0,9,-1.0,194.0,0.0,0.0,0.0,6.4,-22,124
2026-03-12T19:37:41.488140,0,3,1,0,9,-1.0,194.0,0.0,0.0,0.0,6.4,-22,125
2026-03-12T19:37:41.607997,0,3,1,0,9,-1.0,194.0,0.0,0.0,0.0,6.6,-22,126
2026-03-12T19:37:41.738991,0,3,1,0,9,-1.0,193.75,0.0,0.0,0.0,6.4,-22,124
2026-03-12T19:37:41.864578,0,3,1,0,9,-1.0,193.75,0.0,0.0,0.0,6.6,-22,124
2026-03-12T19:37:41.990396,0,3,1,0,9,-1.0,193.5,0.0,0.0,0.0,6.6,-22,124
2026-03-12T19:37:42.116604,0,3,1,0,9,-1.0,193.75,0.0,0.0,0.0,6.6,-22,125
2026-03-12T19:37:42.239665,0,3,1,0,9,-1.0,193.75,0.0,0.0,0.0,6.6,-22,124
2026-03-12T19:37:42.365522,0,3,1,0,9,-1.0,193.5,0.0,0.0,0.0,6.6,-22,124
2026-03-12T19:37:42.491810,0,3,1,0,9,-1.0,193.75,0.0,0.0,0.0,6.6,-22,124
2026-03-12T19:37:42.616086,0,3,1,0,9,-1.0,194.0,0.0,0.0,0.0,6.6,-22,125
2026-03-12T19:37:42.742434,0,3,1,0,9,-1.0,194.0,0.0,0.0,0.0,6.6,-22,124
2026-03-12T19:37:42.867229,0,3,1,0,9,-1.0,194.0,0.0,0.0,0.0,6.6,-22,124
2026-03-12T19:37:42.990624,0,3,1,0,9,-1.0,194.0,0.0,0.0,0.0,6.6,-22,124
2026-03-12T19:37:43.117588,0,3,1,0,9,-1.0,194.0,0.0,0.0,0.0,6.4,-22,125
2026-03-12T19:37:43.243445,0,3,1,0,9,-1.0,194.0,0.0,0.0,0.0,6.6,-22,124
2026-03-12T19:37:43.370138,0,3,1,0,9,-1.0,193.5,0.0,0.0,0.0,6.6,-22,124
2026-03-12T19:37:43.492621,0,3,1,0,9,-1.0,194.25,0.0,0.0,0.0,6.6,-22,124
2026-03-12T19:37:43.619220,0,3,1,0,9,-1.0,194.0,0.0,0.0,0.0,6.6,-22,124
2026-03-12T19:37:43.746395,0,3,1,0,9,-1.0,193.5,0.0,0.0,0.0,6.6,-22,125
2026-03-12T19:37:43.867780,0,3,1,0,9,-1.0,193.75,0.0,0.0,0.0,6.4,-22,124
2026-03-12T19:37:43.993550,0,3,1,0,9,-1.0,193.75,0.0,0.0,0.0,6.4,-22,124
2026-03-12T19:37:44.118637,0,3,1,0,9,-1.0,193.75,0.0,0.0,0.0,6.4,-22,124
2026-03-12T19:37:44.247455,0,3,1,0,9,-1.0,193.75,0.0,0.0,0.0,6.4,-22,125
2026-03-12T19:37:44.368682,0,3,1,0,9,-1.0,194.0,0.0,0.0,0.0,6.4,-22,124
2026-03-12T19:37:44.495637,0,3,1,0,9,-1.0,194.0,0.0,0.0,0.0,6.4,-24,124
2026-03-12T19:37:44.621900,0,3,1,0,9,-1.0,193.5,0.0,0.0,0.0,6.6,-25,124
2026-03-12T19:37:44.745273,0,3,1,0,9,-1.0,193.75,0.0,0.0,0.0,6.6,-31,125
2026-03-12T19:37:44.871165,0,3,1,0,9,-1.0,194.0,0.0,0.0,0.0,6.6,-41,124
2026-03-12T19:37:44.995577,0,3,1,0,9,-1.0,194.0,0.0,0.0,0.0,6.6,-24,124
2026-03-12T19:37:45.121802,0,3,1,0,9,-1.0,193.5,0.0,0.0,0.0,6.6,-22,124
2026-03-12T19:37:45.239954,0,3,1,0,9,-1.0,194.0,0.0,0.0,0.0,6.6,-22,125
2026-03-12T19:37:45.366031,0,3,1,0,9,-1.0,193.75,188.5,50.5856437,8.6946582,6.4,-22,125
2026-03-12T19:37:46.516985,0,3,1,0,9,-1.0,193.75,188.5,50.5856437,8.6946582,6.4,-22,124
2026-03-12T19:37:46.529085,0,3,1,0,9,-1.0,193.75,188.5,50.5856437,8.6946582,6.4,-22,125
2026-03-12T19:37:46.540511,0,3,1,0,9,-1.0,194.25,188.5,50.5856437,8.6946582,6.4,-22,125
2026-03-12T19:37:46.552507,0,3,1,0,9,-1.0,194.25,188.5,50.5856437,8.6946582,6.6,-24,126
2026-03-12T19:37:46.565040,0,3,1,0,9,-1.0,193.5,188.5,50.5856437,8.6946582,6.4,-22,125
2026-03-12T19:37:46.576956,0,3,1,0,9,-1.0,193.75,188.5,50.5856437,8.6946582,6.6,-22,125
2026-03-12T19:37:46.588502,0,3,1,0,9,-1.0,193.75,188.5,50.5856437,8.6946582,6.4,-22,125
2026-03-12T19:37:46.601053,0,3,1,0,9,-1.0,193.75,188.5,50.5856437,8.6946582,6.6,-27,125
2026-03-12T19:37:46.612741,0,3,1,0,9,-1.0,193.5,188.5,50.5856437,8.6946582,6.6,-32,126
2026-03-12T19:37:46.624913,0,3,1,0,9,-1.0,193.75,188.5,50.5856437,8.6946582,6.6,-36,125
2026-03-12T19:37:46.742965,0,3,1,0,9,-1.0,194.0,188.5,50.5856437,8.6946582,6.6,-38,125
2026-03-12T19:37:46.867950,0,3,1,0,9,-1.0,193.5,188.5,50.5856437,8.6946582,6.4,-36,125
2026-03-12T19:37:46.993326,0,3,1,0,9,-1.0,193.5,188.5,50.5856437,8.6946582,6.6,-34,125
2026-03-12T19:37:47.117812,0,3,1,0,9,-1.0,193.5,188.5,50.5856437,8.6946582,6.6,-31,125
2026-03-12T19:37:47.244336,0,3,1,0,9,-1.0,194.0,188.5,50.5856437,8.6946582,6.4,-30,126
2026-03-12T19:37:47.368986,0,3,1,0,9,-1.0,193.5,188.5,50.5856437,8.6946582,6.6,-30,125
2026-03-12T19:37:47.494360,0,3,1,0,9,-1.0,193.75,188.5,50.5856437,8.6946582,6.6,-29,125
2026-03-12T19:37:47.619241,0,3,1,0,9,-1.0,193.75,188.5,50.5856437,8.6946582,6.4,-29,125
2026-03-12T19:37:47.744190,0,3,1,0,9,-1.0,193.5,188.5,50.5856437,8.6946582,6.4,-30,124
2026-03-12T19:37:47.870196,0,3,1,0,9,-1.0,193.75,188.5,50.5856437,8.6946582,6.6,-30,125
2026-03-12T19:37:47.995629,0,3,1,0,9,-1.0,193.75,188.5,50.5856437,8.6946582,6.6,-29,124
2026-03-12T19:37:48.120307,0,3,1,0,9,-1.0,193.5,188.5,50.5856437,8.6946582,6.6,-28,124
2026-03-12T19:37:48.245708,0,3,1,0,9,-1.0,193.5,188.5,50.5856437,8.6946582,6.4,-28,124
2026-03-12T19:37:48.370533,0,3,1,0,9,-1.0,193.5,188.5,50.5856437,8.6946582,6.4,-28,124
2026-03-12T19:37:48.496331,0,3,1,0,9,-1.0,193.5,188.5,50.5856437,8.6946582,6.6,-28,125
2026-03-12T19:37:48.621646,0,3,1,0,9,-1.0,193.5,188.5,50.5856437,8.6946582,6.4,-27,125
2026-03-12T19:37:48.752538,0,3,1,0,9,-1.0,193.5,0.0,0.0,0.0,6.6,-27,124
2026-03-12T19:37:49.916102,0,3,1,0,9,-1.0,194.0,0.0,0.0,0.0,6.6,-26,124
2026-03-12T19:37:49.932085,0,3,1,0,9,-1.0,193.5,0.0,0.0,0.0,6.6,-26,124
2026-03-12T19:37:49.947516,0,3,1,0,9,-1.0,193.5,0.0,0.0,0.0,6.6,-26,125
2026-03-12T19:37:49.962033,0,3,1,0,9,-1.0,194.0,0.0,0.0,0.0,6.6,-26,124
2026-03-12T19:37:49.975855,0,3,1,0,9,-1.0,193.5,0.0,0.0,0.0,6.6,-27,124
2026-03-12T19:37:49.989599,0,3,1,0,9,-1.0,193.75,0.0,0.0,0.0,6.6,-26,124
2026-03-12T19:37:50.002458,0,3,1,0,9,-1.0,193.75,0.0,0.0,0.0,6.4,-26,124
2026-03-12T19:37:50.016033,0,3,1,0,9,-1.0,193.75,0.0,0.0,0.0,6.6,-27,125
2026-03-12T19:37:50.028526,0,3,1,0,9,-1.0,193.75,0.0,0.0,0.0,6.4,-27,125
2026-03-12T19:37:50.041234,0,3,1,0,9,-1.0,193.75,0.0,0.0,0.0,6.6,-27,124
2026-03-12T19:37:50.131235,0,3,1,0,9,-1.0,194.0,0.0,0.0,0.0,6.6,-28,124
2026-03-12T19:37:50.258194,0,3,1,0,9,-1.0,193.75,0.0,0.0,0.0,6.6,-28,126
2026-03-12T19:37:50.382151,0,3,1,0,9,-1.0,193.75,0.0,0.0,0.0,6.6,-28,125
2026-03-12T19:37:50.505595,0,3,1,0,9,-1.0,193.75,0.0,0.0,0.0,6.6,-29,124
2026-03-12T19:37:50.632861,0,3,1,0,9,-1.0,193.75,0.0,0.0,0.0,6.4,-29,125
2026-03-12T19:37:50.757840,0,3,1,0,9,-1.0,193.5,0.0,0.0,0.0,6.6,-28,125
2026-03-12T19:37:50.875423,0,3,1,0,9,-1.0,193.5,0.0,0.0,0.0,6.4,-28,124
2026-03-12T19:37:51.000475,0,3,1,0,9,-1.0,193.5,0.0,0.0,0.0,6.6,-36,125
2026-03-12T19:37:51.131810,0,3,1,0,9,-1.0,193.5,0.0,0.0,0.0,6.4,-38,124
2026-03-12T19:37:51.251080,0,3,1,0,9,-1.0,193.5,0.0,0.0,0.0,6.4,-32,126
2026-03-12T19:37:51.383282,0,3,1,0,9,-1.0,193.5,0.0,0.0,0.0,6.6,-34,125
2026-03-12T19:37:51.509207,0,3,1,0,9,-1.0,194.0,0.0,0.0,0.0,6.6,-33,125
2026-03-12T19:37:51.633525,0,3,1,0,9,-1.0,193.75,0.0,0.0,0.0,6.6,-33,125
2026-03-12T19:37:51.759902,0,3,1,0,9,-1.0,193.75,0.0,0.0,0.0,6.6,-32,126
2026-03-12T19:37:51.886122,0,3,1,0,9,-1.0,194.0,0.0,0.0,0.0,6.6,-33,126
2026-03-12T19:37:52.009492,0,3,1,0,9,-1.0,193.5,0.0,0.0,0.0,6.4,-36,125
2026-03-12T19:37:52.136169,0,3,1,0,9,-1.0,193.5,0.0,0.0,0.0,6.4,-30,125
2026-03-12T19:37:52.261291,0,3,1,0,9,-1.0,193.5,0.0,0.0,0.0,6.4,-26,125
2026-03-12T19:37:52.387407,0,3,1,0,9,-1.0,193.5,0.0,0.0,0.0,6.4,-24,126
2026-03-12T19:37:52.512033,0,3,1,0,9,-1.0,193.75,0.0,0.0,0.0,6.4,-36,125
2026-03-12T19:37:52.637762,0,3,1,0,9,-1.0,193.75,0.0,0.0,0.0,6.4,-33,125
2026-03-12T19:37:52.754029,0,3,1,0,9,-1.0,193.75,0.0,0.0,0.0,6.4,-29,125
2026-03-12T19:37:52.880393,0,3,1,0,9,-1.0,194.0,188.5,50.5856437,8.6946582,6.6,-29,126
2026-03-12T19:37:54.002622,0,3,1,0,9,-1.0,193.5,188.5,50.5856437,8.6946582,6.6,-31,124
2026-03-12T19:37:54.016109,0,3,1,0,9,-1.0,193.5,188.5,50.5856437,8.6946582,6.6,-28,125
2026-03-12T19:37:54.029172,0,3,1,0,9,-1.0,194.0,188.5,50.5856437,8.6946582,6.6,-26,124
2026-03-12T19:37:54.045083,0,3,1,0,9,-1.0,193.5,188.5,50.5856437,8.6946582,6.6,-25,124
2026-03-12T19:37:54.058800,0,3,1,0,9,-1.0,193.75,188.5,50.5856437,8.6946582,6.6,-24,125
2026-03-12T19:37:54.071067,0,3,1,0,9,-1.0,193.75,188.5,50.5856437,8.6946582,6.4,-25,124
2026-03-12T19:37:54.083545,0,3,1,0,9,-1.0,193.75,188.5,50.5856437,8.6946582,6.4,-26,124
2026-03-12T19:37:54.096640,0,3,1,0,9,-1.0,193.5,188.5,50.5856437,8.6946582,6.4,-28,124
2026-03-12T19:37:54.110276,0,3,1,0,9,-1.0,193.5,188.5,50.5856437,8.6946582,6.4,-29,124
2026-03-12T19:37:54.133023,0,3,1,0,9,-1.0,193.75,188.5,50.5856437,8.6946582,6.4,-32,125
2026-03-12T19:37:54.259187,0,3,1,0,9,-1.0,193.5,188.5,50.5856437,8.6946582,6.6,-34,125
2026-03-12T19:37:54.383946,0,3,1,0,9,-1.0,193.75,188.5,50.5856437,8.6946582,6.6,-36,125
2026-03-12T19:37:54.509176,0,3,1,0,9,-1.0,194.0,188.5,50.5856437,8.6946582,6.4,-38,125
2026-03-12T19:37:54.634071,0,3,1,0,9,-1.0,194.0,188.5,50.5856437,8.6946582,6.6,-38,125
2026-03-12T19:37:54.759151,0,3,1,0,9,-1.0,194.0,188.5,50.5856437,8.6946582,6.6,-36,125
2026-03-12T19:37:54.885343,0,3,1,0,9,-1.0,193.5,188.5,50.5856437,8.6946582,6.4,-37,126
2026-03-12T19:37:55.010266,0,3,1,0,9,-1.0,193.5,188.5,50.5856437,8.6946582,6.6,-36,125
2026-03-12T19:37:55.135240,0,3,1,0,9,-1.0,193.5,188.5,50.5856437,8.6946582,6.6,-36,125
2026-03-12T19:37:55.260266,0,3,1,0,9,-1.0,193.75,188.5,50.5856437,8.6946582,6.6,-36,125
2026-03-12T19:37:55.385323,0,3,1,0,9,-1.0,193.75,188.5,50.5856437,8.6946582,6.6,-34,125
2026-03-12T19:37:55.511301,0,3,1,0,9,-1.0,194.0,188.5,50.5856437,8.6946582,6.4,-34,126
2026-03-12T19:37:55.636492,0,3,1,0,9,-1.0,193.75,188.5,50.5856437,8.6946582,6.6,-35,125
2026-03-12T19:37:55.761910,0,3,1,0,9,-1.0,193.75,188.5,50.5856437,8.6946582,6.6,-39,125
2026-03-12T19:37:55.886663,0,3,1,0,9,-1.0,194.0,188.5,50.5856437,8.6946582,6.4,-31,125
2026-03-12T19:37:56.011578,0,3,1,0,9,-1.0,194.0,188.5,50.5856437,8.6946582,6.6,-31,124
2026-03-12T19:37:56.136669,0,3,1,0,9,-1.0,193.5,188.5,50.5856437,8.6946582,6.4,-31,125
2026-03-12T19:37:56.262666,0,3,1,0,9,-1.0,193.5,188.5,50.5856437,8.6946582,6.6,-33,126
2026-03-12T19:37:56.388206,0,3,1,0,9,-1.0,194.25,188.5,50.5856437,8.6946582,6.4,-35,125
2026-03-12T19:37:56.513012,0,3,1,0,9,-1.0,194.25,188.5,50.5856437,8.6946582,6.4,-37,124
2026-03-12T19:37:56.643864,0,3,1,0,9,-1.0,194.25,0.0,0.0,0.0,6.6,-35,124
2026-03-12T19:37:57.932431,0,3,1,0,9,-1.0,194.0,0.0,0.0,0.0,6.6,-33,125
2026-03-12T19:37:57.945388,0,3,1,0,9,-1.0,194.0,0.0,0.0,0.0,6.6,-32,126
2026-03-12T19:37:57.959693,0,3,1,0,9,-1.0,193.5,0.0,0.0,0.0,6.4,-32,125
2026-03-12T19:37:57.975842,0,3,1,0,9,-1.0,194.0,0.0,0.0,0.0,6.4,-32,125
2026-03-12T19:37:57.989579,0,3,1,0,9,-1.0,194.25,188.5,50.5856437,8.6946582,6.4,-31,125
2026-03-12T19:37:59.107930,0,3,1,0,9,-1.0,193.5,188.5,50.5856437,8.6946582,6.4,-31,125
2026-03-12T19:37:59.122519,0,3,1,0,9,-1.0,193.5,188.5,50.5856437,8.6946582,6.4,-30,124
2026-03-12T19:37:59.135872,0,3,1,0,9,-1.0,193.5,188.5,50.5856437,8.6946582,6.4,-31,124
2026-03-12T19:37:59.149343,0,3,1,0,9,-1.0,193.75,188.5,50.5856437,8.6946582,6.4,-31,124
2026-03-12T19:37:59.162936,0,3,1,0,9,-1.0,193.75,188.5,50.5856437,8.6946582,6.6,-30,124
2026-03-12T19:37:59.176939,0,3,1,0,9,-1.0,193.75,188.5,50.5856437,8.6946582,6.6,-29,126
2026-03-12T19:37:59.194016,0,3,1,0,9,-1.0,194.0,188.5,50.5856437,8.6946582,6.6,-29,124
2026-03-12T19:37:59.209388,0,3,1,0,9,-1.0,193.75,188.5,50.5856437,8.6946582,6.6,-28,125
2026-03-12T19:37:59.223215,0,3,1,0,9,-1.0,193.75,188.5,50.5856437,8.6946582,6.6,-28,125
2026-03-12T19:37:59.242977,0,3,1,0,9,-1.0,194.0,188.5,50.5856437,8.6946582,6.6,-28,125
2026-03-12T19:37:59.259787,0,3,1,0,9,-1.0,193.75,188.5,50.5856437,8.6946582,6.6,-28,125
2026-03-12T19:37:59.277519,0,3,1,0,9,-1.0,193.5,188.5,50.5856437,8.6946582,6.4,-28,126
2026-03-12T19:37:59.292133,0,3,1,0,9,-1.0,193.5,188.5,50.5856437,8.6946582,6.4,-28,125
2026-03-12T19:37:59.306318,0,3,1,0,9,-1.0,193.5,188.5,50.5856437,8.6946582,6.6,-28,125
2026-03-12T19:37:59.320953,0,3,1,0,9,-1.0,194.25,188.5,50.5856437,8.6946582,6.4,-29,125
2026-03-12T19:37:59.335094,0,3,1,0,9,-1.0,194.25,188.5,50.5856437,8.6946582,6.6,-30,125
2026-03-12T19:37:59.395330,0,3,1,0,9,-1.0,194.25,188.5,50.5856437,8.6946582,6.6,-30,126
2026-03-12T19:37:59.519713,0,3,1,0,9,-1.0,193.75,188.5,50.5856437,8.6946582,6.4,-30,125
2026-03-12T19:37:59.649930,0,3,1,0,9,-1.0,193.75,0.0,0.0,0.0,6.4,-31,125
2026-03-12T19:38:00.762690,0,3,1,0,9,-1.0,194.0,0.0,0.0,0.0,6.6,-31,125
2026-03-12T19:38:00.776794,0,3,1,0,9,-1.0,194.25,0.0,0.0,0.0,6.6,-30,125
2026-03-12T19:38:00.790728,0,3,1,0,9,-1.0,194.25,0.0,0.0,0.0,6.4,-31,126
2026-03-12T19:38:00.803624,0,3,1,0,9,-1.0,194.0,0.0,0.0,0.0,6.4,-31,125
2026-03-12T19:38:00.816233,0,3,1,0,9,-1.0,194.0,0.0,0.0,0.0,6.4,-31,125
2026-03-12T19:38:00.828457,0,3,1,0,9,-1.0,194.0,0.0,0.0,0.0,6.6,-32,125
2026-03-12T19:38:00.840387,0,3,1,0,9,-1.0,194.0,0.0,0.0,0.0,6.4,-32,126
2026-03-12T19:38:00.852297,0,3,1,0,9,-1.0,194.0,0.0,0.0,0.0,6.6,-33,125
2026-03-12T19:38:00.865233,0,3,1,0,9,-1.0,194.25,0.0,0.0,0.0,6.6,-33,125
2026-03-12T19:38:00.902052,0,3,1,0,9,-1.0,194.0,0.0,0.0,0.0,6.6,-32,125
2026-03-12T19:38:01.029163,0,3,1,0,9,-1.0,193.5,0.0,0.0,0.0,6.6,-32,126
2026-03-12T19:38:01.153682,0,3,1,0,9,-1.0,194.0,0.0,0.0,0.0,6.6,-31,125
2026-03-12T19:38:01.280964,0,3,1,0,9,-1.0,193.75,0.0,0.0,0.0,6.6,-30,125
2026-03-12T19:38:01.397246,0,3,1,0,9,-1.0,193.75,0.0,0.0,0.0,6.4,-29,125
2026-03-12T19:38:01.529211,0,3,1,0,9,-1.0,193.75,0.0,0.0,0.0,6.4,-28,125
2026-03-12T19:38:01.657244,0,3,1,0,9,-1.0,193.75,0.0,0.0,0.0,6.4,-28,126
2026-03-12T19:38:01.780141,0,3,1,0,9,-1.0,194.0,0.0,0.0,0.0,6.4,-28,125
2026-03-12T19:38:01.904311,0,3,1,0,9,-1.0,194.0,0.0,0.0,0.0,6.4,-28,125
2026-03-12T19:38:02.023374,0,3,1,0,9,-1.0,194.0,0.0,0.0,0.0,6.6,-27,125
2026-03-12T19:38:02.155748,0,3,1,0,9,-1.0,194.0,0.0,0.0,0.0,6.4,-26,126
2026-03-12T19:38:02.280790,0,3,1,0,9,-1.0,193.75,0.0,0.0,0.0,6.6,-24,125
2026-03-12T19:38:02.406741,0,3,1,0,9,-1.0,194.0,0.0,0.0,0.0,6.6,-23,125
2026-03-12T19:38:02.533473,0,3,1,0,9,-1.0,194.25,0.0,0.0,0.0,6.6,-22,125
2026-03-12T19:38:02.655555,0,3,1,0,9,-1.0,194.0,0.0,0.0,0.0,6.4,-22,126
2026-03-12T19:38:02.782875,0,3,1,0,9,-1.0,194.0,0.0,0.0,0.0,6.4,-25,125
2026-03-12T19:38:02.907822,0,3,1,0,9,-1.0,194.0,0.0,0.0,0.0,6.4,-28,125
2026-03-12T19:38:03.034099,0,3,1,0,9,-1.0,194.0,0.0,0.0,0.0,6.4,-28,125
2026-03-12T19:38:03.159603,0,3,1,0,9,-1.0,194.0,0.0,0.0,0.0,6.4,-27,125
2026-03-12T19:38:03.283446,0,3,1,0,9,-1.0,194.0,0.0,0.0,0.0,6.4,-24,124
2026-03-12T19:38:03.409109,0,3,1,0,9,-1.0,194.25,0.0,0.0,0.0,6.4,-25,124
2026-03-12T19:38:03.532945,0,3,1,0,9,-1.0,194.0,0.0,0.0,0.0,6.6,-27,124
2026-03-12T19:38:03.651770,0,3,1,0,9,-1.0,193.75,0.0,0.0,0.0,6.6,-29,125
2026-03-12T19:38:03.783537,0,3,1,0,9,-1.0,194.25,0.0,0.0,0.0,6.6,-28,124
2026-03-12T19:38:03.910774,0,3,1,0,9,-1.0,194.25,0.0,0.0,0.0,6.6,-22,124
2026-03-12T19:38:04.033501,0,3,1,0,9,-1.0,194.0,0.0,0.0,0.0,6.4,-22,124
2026-03-12T19:38:04.159904,0,3,1,0,9,-1.0,194.0,0.0,0.0,0.0,6.4,-22,124
2026-03-12T19:38:04.286939,0,3,1,0,9,-1.0,194.0,0.0,0.0,0.0,6.4,-29,125
2026-03-12T19:38:04.410748,0,3,1,0,9,-1.0,193.75,0.0,0.0,0.0,6.4,-36,124
2026-03-12T19:38:04.535133,0,3,1,0,9,-1.0,193.75,0.0,0.0,0.0,6.4,-37,124
2026-03-12T19:38:04.661006,0,3,1,0,9,-1.0,194.0,0.0,0.0,0.0,6.4,-27,124
2026-03-12T19:38:04.786877,0,3,1,0,9,-1.0,194.0,0.0,0.0,0.0,6.4,-22,125
2026-03-12T19:38:04.911523,0,3,1,0,9,-1.0,194.0,0.0,0.0,0.0,6.6,-22,124
2026-03-12T19:38:05.036659,0,3,1,0,9,-1.0,194.0,0.0,0.0,0.0,6.6,-22,124
2026-03-12T19:38:05.162102,0,3,1,0,9,-1.0,194.25,0.0,0.0,0.0,6.6,-22,124
2026-03-12T19:38:05.286333,0,3,1,0,9,-1.0,194.0,0.0,0.0,0.0,6.6,-22,125
2026-03-12T19:38:05.411723,0,3,1,0,9,-1.0,194.0,0.0,0.0,0.0,6.6,-23,124
2026-03-12T19:38:05.536446,0,3,1,0,9,-1.0,194.0,0.0,0.0,0.0,6.4,-27,124
2026-03-12T19:38:05.663091,0,3,1,0,9,-1.0,194.0,0.0,0.0,0.0,6.4,-22,124
2026-03-12T19:38:05.780757,0,3,1,0,9,-1.0,194.0,0.0,0.0,0.0,6.6,-22,125
2026-03-12T19:38:05.911826,0,3,1,0,9,-1.0,193.75,0.0,0.0,0.0,6.4,-22,124
2026-03-12T19:38:06.031024,0,3,1,0,9,-1.0,194.25,0.0,0.0,0.0,6.4,-22,124
2026-03-12T19:38:06.162575,0,3,1,0,9,-1.0,193.75,0.0,0.0,0.0,6.4,-22,124
2026-03-12T19:38:06.288650,0,3,1,0,9,-1.0,194.0,0.0,0.0,0.0,6.6,-22,124
2026-03-12T19:38:06.415844,0,3,1,0,9,-1.0,194.0,0.0,0.0,0.0,6.6,-22,125
2026-03-12T19:38:06.538516,0,3,1,0,9,-1.0,194.25,0.0,0.0,0.0,6.6,-22,124
2026-03-12T19:38:06.657021,0,3,1,0,9,-1.0,194.0,0.0,0.0,0.0,6.6,-22,124
2026-03-12T19:38:06.789271,0,3,1,0,9,-1.0,193.75,0.0,0.0,0.0,6.4,-22,124
2026-03-12T19:38:06.915336,0,3,1,0,9,-1.0,193.75,0.0,0.0,0.0,6.4,-22,125
2026-03-12T19:38:07.041055,0,3,1,0,9,-1.0,193.75,0.0,0.0,0.0,6.6,-22,124
2026-03-12T19:38:07.164414,0,3,1,0,9,-1.0,193.75,0.0,0.0,0.0,6.4,-22,124
2026-03-12T19:38:07.291607,0,3,1,0,9,-1.0,193.75,0.0,0.0,0.0,6.6,-22,124
2026-03-12T19:38:07.415343,0,3,1,0,9,-1.0,193.5,0.0,0.0,0.0,6.4,-22,125
2026-03-12T19:38:07.541855,0,3,1,0,9,-1.0,193.75,0.0,0.0,0.0,6.4,-22,124
2026-03-12T19:38:07.666616,0,3,1,0,9,-1.0,193.75,0.0,0.0,0.0,6.4,-22,124
2026-03-12T19:38:07.790376,0,3,1,0,9,-1.0,194.25,0.0,0.0,0.0,6.6,-22,124
2026-03-12T19:38:07.917190,0,3,1,0,9,-1.0,194.0,0.0,0.0,0.0,6.6,-22,124
2026-03-12T19:38:08.044636,0,3,1,0,9,-1.0,193.75,0.0,0.0,0.0,6.4,-22,125
2026-03-12T19:38:08.166366,0,3,1,0,9,-1.0,193.5,0.0,0.0,0.0,6.4,-22,124
2026-03-12T19:38:08.292662,0,3,1,0,9,-1.0,193.5,0.0,0.0,0.0,6.4,-22,124
2026-03-12T19:38:08.416321,0,3,1,0,9,-1.0,193.5,0.0,0.0,0.0,6.4,-22,125
2026-03-12T19:38:08.542686,0,3,1,0,9,-1.0,193.5,0.0,0.0,0.0,6.4,-22,125
2026-03-12T19:38:08.668294,0,3,1,0,9,-1.0,193.5,0.0,0.0,0.0,6.4,-22,124
2026-03-12T19:38:08.792131,0,3,1,0,9,-1.0,194.0,0.0,0.0,0.0,6.4,-22,125
2026-03-12T19:38:08.919889,0,3,1,0,9,-1.0,193.75,0.0,0.0,0.0,6.6,-22,124
2026-03-12T19:38:09.043379,0,3,1,0,9,-1.0,194.0,0.0,0.0,0.0,6.6,-22,126
2026-03-12T19:38:09.161719,0,3,1,0,9,-1.0,194.0,0.0,0.0,0.0,6.4,-22,125
2026-03-12T19:38:09.286705,0,3,1,0,9,-1.0,193.75,0.0,0.0,0.0,6.4,-22,124
2026-03-12T19:38:09.418141,0,3,1,0,9,-1.0,193.75,0.0,0.0,0.0,6.4,-22,125
2026-03-12T19:38:09.544338,0,3,1,0,9,-1.0,193.75,0.0,0.0,0.0,6.4,-22,125
2026-03-12T19:38:09.670259,0,3,1,0,9,-1.0,193.75,0.0,0.0,0.0,6.6,-22,125
2026-03-12T19:38:09.795714,0,3,1,0,9,-1.0,193.5,0.0,0.0,0.0,6.4,-22,125
2026-03-12T19:38:09.912686,0,3,1,0,9,-1.0,193.5,0.0,0.0,0.0,6.6,-22,125
2026-03-12T19:38:10.044424,0,3,1,0,9,-1.0,194.0,0.0,0.0,0.0,6.6,-22,125
2026-03-12T19:38:10.164116,0,3,1,0,9,-1.0,194.0,0.0,0.0,0.0,6.6,-22,126
2026-03-12T19:38:10.295316,0,3,1,0,9,-1.0,194.0,0.0,0.0,0.0,6.6,-22,125
2026-03-12T19:38:10.421355,0,3,1,0,9,-1.0,194.25,0.0,0.0,0.0,6.4,-22,125
2026-03-12T19:38:10.545085,0,3,1,0,9,-1.0,194.0,0.0,0.0,0.0,6.4,-22,125
2026-03-12T19:38:10.671302,0,3,1,0,9,-1.0,194.0,0.0,0.0,0.0,6.4,-22,126
2026-03-12T19:38:10.797405,0,3,1,0,9,-1.0,194.0,0.0,0.0,0.0,6.4,-22,125
2026-03-12T19:38:10.920909,0,3,1,0,9,-1.0,194.0,0.0,0.0,0.0,6.4,-22,125
2026-03-12T19:38:11.047077,0,3,1,0,9,-1.0,194.0,0.0,0.0,0.0,6.4,-22,125
2026-03-12T19:38:11.173390,0,3,1,0,9,-1.0,194.0,0.0,0.0,0.0,6.6,-22,126
2026-03-12T19:38:11.298396,0,3,1,0,9,-1.0,194.0,0.0,0.0,0.0,6.6,-22,125
2026-03-12T19:38:11.421852,0,3,1,0,9,-1.0,194.0,0.0,0.0,0.0,6.6,-22,125
2026-03-12T19:38:11.548609,0,3,1,0,9,-1.0,193.75,0.0,0.0,0.0,6.6,-22,125
2026-03-12T19:38:11.673534,0,3,1,0,9,-1.0,194.0,0.0,0.0,0.0,6.6,-22,126
2026-03-12T19:38:11.800299,0,3,1,0,9,-1.0,194.25,0.0,0.0,0.0,6.6,-22,125
2026-03-12T19:38:11.922690,0,3,1,0,9,-1.0,193.75,0.0,0.0,0.0,6.4,-22,125
2026-03-12T19:38:12.048952,0,3,1,0,9,-1.0,193.75,0.0,0.0,0.0,6.4,-22,125
2026-03-12T19:38:12.173075,0,3,1,0,9,-1.0,194.25,0.0,0.0,0.0,6.4,-22,125
2026-03-12T19:38:12.299745,0,3,1,0,9,-1.0,194.25,0.0,0.0,0.0,6.4,-22,126
2026-03-12T19:38:12.424460,0,3,1,0,9,-1.0,194.25,0.0,0.0,0.0,6.4,-22,125
2026-03-12T19:38:12.550674,0,3,1,0,9,-1.0,193.75,0.0,0.0,0.0,6.4,-22,125
2026-03-12T19:38:12.667600,0,3,1,0,9,-1.0,193.75,0.0,0.0,0.0,6.4,-22,125
2026-03-12T19:38:12.799688,0,3,1,0,9,-1.0,194.25,0.0,0.0,0.0,6.6,-22,126
2026-03-12T19:38:12.927400,0,3,1,0,9,-1.0,193.75,0.0,0.0,0.0,6.6,-22,125
2026-03-12T19:38:13.049364,0,3,1,0,9,-1.0,194.0,0.0,0.0,0.0,6.6,-22,125
2026-03-12T19:38:13.175300,0,3,1,0,9,-1.0,194.0,0.0,0.0,0.0,6.6,-22,125
2026-03-12T19:38:13.301711,0,3,1,0,9,-1.0,193.75,0.0,0.0,0.0,6.6,-22,126
2026-03-12T19:38:13.426532,0,3,1,0,9,-1.0,193.75,0.0,0.0,0.0,6.4,-22,124
2026-03-12T19:38:13.551152,0,3,1,0,9,-1.0,194.0,0.0,0.0,0.0,6.4,-22,125
2026-03-12T19:38:13.677548,0,3,1,0,9,-1.0,194.0,0.0,0.0,0.0,6.4,-22,124
2026-03-12T19:38:13.801651,0,3,1,0,9,-1.0,194.0,0.0,0.0,0.0,6.4,-22,125
2026-03-12T19:38:13.929035,0,3,1,0,9,-1.0,194.0,0.0,0.0,0.0,6.4,-22,124
2026-03-12T19:38:14.051908,0,3,1,0,9,-1.0,194.0,0.0,0.0,0.0,6.4,-22,124
2026-03-12T19:38:14.177596,0,3,1,0,9,-1.0,193.75,0.0,0.0,0.0,6.4,-22,124
2026-03-12T19:38:14.304740,0,3,1,0,9,-1.0,194.0,0.0,0.0,0.0,6.6,-22,125
2026-03-12T19:38:14.427830,0,3,1,0,9,-1.0,194.25,0.0,0.0,0.0,6.6,-22,124
2026-03-12T19:38:14.546374,0,3,1,0,9,-1.0,194.25,0.0,0.0,0.0,6.6,-22,124
2026-03-12T19:38:14.678089,0,3,1,0,9,-1.0,194.0,0.0,0.0,0.0,6.4,-22,124
2026-03-12T19:38:14.802318,0,3,1,0,9,-1.0,194.0,0.0,0.0,0.0,6.4,-22,124
2026-03-12T19:38:14.929004,0,3,1,0,9,-1.0,194.0,0.0,0.0,0.0,6.4,-22,125
2026-03-12T19:38:15.053561,0,3,1,0,9,-1.0,194.0,0.0,0.0,0.0,6.4,-22,124
2026-03-12T19:38:15.179103,0,3,1,0,9,-1.0,193.75,0.0,0.0,0.0,6.4,-22,124
2026-03-12T19:38:15.303059,0,3,1,0,9,-1.0,193.75,0.0,0.0,0.0,6.4,-22,124
2026-03-12T19:38:15.429641,0,3,1,0,9,-1.0,193.75,0.0,0.0,0.0,6.4,-22,125
2026-03-12T19:38:15.557665,0,3,1,0,9,-1.0,193.75,0.0,0.0,0.0,6.6,-22,124
2026-03-12T19:38:15.679904,0,3,1,0,9,-1.0,194.0,0.0,0.0,0.0,6.4,-22,124
2026-03-12T19:38:15.808609,0,3,1,0,9,-1.0,194.25,0.0,0.0,0.0,6.6,-22,124
2026-03-12T19:38:15.930437,0,3,1,0,9,-1.0,194.0,0.0,0.0,0.0,6.6,-22,126
2026-03-12T19:38:16.055865,0,3,1,0,9,-1.0,193.75,0.0,0.0,0.0,6.6,-22,125
2026-03-12T19:38:16.179831,0,3,1,0,9,-1.0,194.5,0.0,0.0,0.0,6.4,-22,124
2026-03-12T19:38:16.299056,0,3,1,0,9,-1.0,194.5,0.0,0.0,0.0,6.4,-22,125
2026-03-12T19:38:16.429680,0,3,1,0,9,-1.0,194.5,0.0,0.0,0.0,6.4,-22,125
2026-03-12T19:38:16.555513,0,3,1,0,9,-1.0,194.0,0.0,0.0,0.0,6.4,-22,126
2026-03-12T19:38:16.683415,0,3,1,0,9,-1.0,194.0,0.0,0.0,0.0,6.4,-22,125
2026-03-12T19:38:16.808248,0,3,1,0,9,-1.0,193.5,0.0,0.0,0.0,6.4,-22,125
2026-03-12T19:38:16.931127,0,3,1,0,9,-1.0,194.0,0.0,0.0,0.0,6.4,-22,125
2026-03-12T19:38:17.057151,0,3,1,0,9,-1.0,194.25,0.0,0.0,0.0,6.6,-22,126
2026-03-12T19:38:17.185100,0,3,1,0,9,-1.0,194.25,0.0,0.0,0.0,6.6,-22,125
2026-03-12T19:38:17.307705,0,3,1,0,9,-1.0,193.75,0.0,0.0,0.0,6.6,-22,125
2026-03-12T19:38:17.431915,0,3,1,0,9,-1.0,194.25,0.0,0.0,0.0,6.4,-22,125
2026-03-12T19:38:17.559458,0,3,1,0,9,-1.0,194.25,0.0,0.0,0.0,6.4,-22,126
2026-03-12T19:38:17.683787,0,3,1,0,9,-1.0,194.25,0.0,0.0,0.0,6.4,-22,125
2026-03-12T19:38:17.809004,0,3,1,0,9,-1.0,194.0,0.0,0.0,0.0,6.4,-22,125
2026-03-12T19:38:17.932627,0,3,1,0,9,-1.0,194.0,0.0,0.0,0.0,6.4,-22,125
2026-03-12T19:38:18.059544,0,3,1,0,9,-1.0,193.75,0.0,0.0,0.0,6.4,-22,125
2026-03-12T19:38:18.185263,0,3,1,0,9,-1.0,193.5,0.0,0.0,0.0,6.4,-22,126
2026-03-12T19:38:18.309249,0,3,1,0,9,-1.0,193.75,0.0,0.0,0.0,6.4,-22,125
2026-03-12T19:38:18.435996,0,3,1,0,9,-1.0,194.0,0.0,0.0,0.0,6.4,-22,125
2026-03-12T19:38:18.559215,0,3,1,0,9,-1.0,194.0,0.0,0.0,0.0,6.4,-22,125
2026-03-12T19:38:18.686763,0,3,1,0,9,-1.0,193.75,0.0,0.0,0.0,6.6,-22,126
2026-03-12T19:38:18.811513,0,3,1,0,9,-1.0,194.0,0.0,0.0,0.0,6.4,-22,125
2026-03-12T19:38:18.928914,0,3,1,0,9,-1.0,194.25,0.0,0.0,0.0,6.4,-22,125
2026-03-12T19:38:19.060729,0,3,1,0,9,-1.0,194.25,0.0,0.0,0.0,6.4,-22,125
2026-03-12T19:38:19.186205,0,3,1,0,9,-1.0,194.25,0.0,0.0,0.0,6.4,-22,126
2026-03-12T19:38:19.313768,0,3,1,0,9,-1.0,194.25,0.0,0.0,0.0,6.4,-22,125
2026-03-12T19:38:19.437008,0,3,1,0,9,-1.0,194.25,0.0,0.0,0.0,6.4,-22,125
2026-03-12T19:38:19.562786,0,3,1,0,9,-1.0,193.75,0.0,0.0,0.0,6.4,-22,125
2026-03-12T19:38:19.687544,0,3,1,0,9,-1.0,194.0,0.0,0.0,0.0,6.6,-22,126
2026-03-12T19:38:19.815249,0,3,1,0,9,-1.0,194.0,0.0,0.0,0.0,6.4,-22,125
2026-03-12T19:38:19.937753,0,3,1,0,9,-1.0,194.0,0.0,0.0,0.0,6.4,-22,125
2026-03-12T19:38:20.065478,0,3,1,0,9,-1.0,194.0,0.0,0.0,0.0,6.4,-22,125
2026-03-12T19:38:20.188583,0,3,1,0,9,-1.0,194.25,0.0,0.0,0.0,6.4,-22,125
2026-03-12T19:38:20.315229,0,3,1,0,9,-1.0,194.25,0.0,0.0,0.0,6.4,-22,126
2026-03-12T19:38:20.441064,0,3,1,0,9,-1.0,194.25,0.0,0.0,0.0,6.4,-22,125
2026-03-12T19:38:20.565307,0,3,1,0,9,-1.0,194.0,0.0,0.0,0.0,6.4,-22,125
2026-03-12T19:38:20.682110,0,3,1,0,9,-1.0,194.0,0.0,0.0,0.0,6.6,-22,125
2026-03-12T19:38:20.814218,0,3,1,0,9,-1.0,193.5,0.0,0.0,0.0,6.6,-38,126
2026-03-12T19:38:20.940388,0,3,1,0,9,-1.0,194.0,0.0,0.0,0.0,6.6,-22,125
2026-03-12T19:38:21.064815,0,3,1,0,9,-1.0,194.25,0.0,0.0,0.0,6.6,-22,125
2026-03-12T19:38:21.192681,0,3,1,0,9,-1.0,193.75,0.0,0.0,0.0,6.4,-22,125
2026-03-12T19:38:21.316070,0,3,1,0,9,-1.0,193.75,0.0,0.0,0.0,6.6,-22,126
2026-03-12T19:38:21.440321,0,3,1,0,9,-1.0,194.25,0.0,0.0,0.0,6.6,-22,125
2026-03-12T19:38:21.565708,0,3,1,0,9,-1.0,194.25,0.0,0.0,0.0,6.4,-22,125
2026-03-12T19:38:21.689851,0,3,1,0,9,-1.0,193.75,0.0,0.0,0.0,6.4,-22,125
2026-03-12T19:38:21.817855,0,3,1,0,9,-1.0,193.75,0.0,0.0,0.0,6.4,-22,126
2026-03-12T19:38:21.942175,0,3,1,0,9,-1.0,193.75,0.0,0.0,0.0,6.4,-22,125
2026-03-12T19:38:22.069313,0,3,1,0,9,-1.0,193.75,0.0,0.0,0.0,6.4,-22,124
2026-03-12T19:38:22.186183,0,3,1,0,9,-1.0,193.75,0.0,0.0,0.0,6.4,-22,125
2026-03-12T19:38:22.311320,0,3,1,0,9,-1.0,194.0,0.0,0.0,0.0,6.4,-22,124
2026-03-12T19:38:22.444041,0,3,1,0,9,-1.0,193.75,0.0,0.0,0.0,6.6,-22,125
2026-03-12T19:38:22.571738,0,3,1,0,9,-1.0,193.75,0.0,0.0,0.0,6.4,-41,125
2026-03-12T19:38:22.695151,0,3,1,0,9,-1.0,194.0,0.0,0.0,0.0,6.4,-24,124
2026-03-12T19:38:22.819728,0,3,1,0,9,-1.0,194.0,0.0,0.0,0.0,6.4,-24,125
2026-03-12T19:38:22.946998,0,3,1,0,9,-1.0,194.0,0.0,0.0,0.0,6.4,-22,126
2026-03-12T19:38:23.062963,0,3,1,0,9,-1.0,193.75,0.0,0.0,0.0,6.4,-22,124
2026-03-12T19:38:23.194972,0,3,1,0,9,-1.0,193.75,0.0,0.0,0.0,6.4,-22,125
2026-03-12T19:38:23.321012,0,3,1,0,9,-1.0,193.5,0.0,0.0,0.0,6.4,-22,125
2026-03-12T19:38:23.447301,0,3,1,0,9,-1.0,193.5,0.0,0.0,0.0,6.4,-22,125
2026-03-12T19:38:23.570270,0,3,1,0,9,-1.0,193.75,0.0,0.0,0.0,6.4,-22,125
2026-03-12T19:38:23.697029,0,3,1,0,9,-1.0,194.25,0.0,0.0,0.0,6.4,-22,125
2026-03-12T19:38:23.820956,0,3,1,0,9,-1.0,194.0,0.0,0.0,0.0,6.6,-22,124
2026-03-12T19:38:23.946230,0,3,1,0,9,-1.0,193.75,0.0,0.0,0.0,6.4,-22,125
2026-03-12T19:38:24.065092,0,3,1,0,9,-1.0,193.75,0.0,0.0,0.0,6.4,-22,126
2026-03-12T19:38:24.196031,0,3,1,0,9,-1.0,193.75,0.0,0.0,0.0,6.4,-22,125
2026-03-12T19:38:24.322434,0,3,1,0,9,-1.0,193.75,0.0,0.0,0.0,6.4,-22,125
2026-03-12T19:38:24.446999,0,3,1,0,9,-1.0,193.5,0.0,0.0,0.0,6.4,-22,125
2026-03-12T19:38:24.574343,0,3,1,0,9,-1.0,193.5,0.0,0.0,0.0,6.6,-22,126
2026-03-12T19:38:24.697377,0,3,1,0,9,-1.0,194.0,0.0,0.0,0.0,6.6,-22,124
2026-03-12T19:38:24.824775,0,3,1,0,9,-1.0,193.5,0.0,0.0,0.0,6.4,-22,125
2026-03-12T19:38:24.947114,0,3,1,0,9,-1.0,194.0,0.0,0.0,0.0,6.4,-22,125
2026-03-12T19:38:25.073962,0,3,1,0,9,-1.0,193.75,0.0,0.0,0.0,6.4,-22,126
2026-03-12T19:38:25.192048,0,3,1,0,9,-1.0,193.5,0.0,0.0,0.0,6.6,-22,125
2026-03-12T19:38:25.317082,0,3,1,0,9,-1.0,193.75,0.0,0.0,0.0,6.6,-22,125
2026-03-12T19:38:25.448774,0,3,1,0,9,-1.0,194.25,0.0,0.0,0.0,6.4,-22,125
2026-03-12T19:38:25.575115,0,3,1,0,9,-1.0,194.25,0.0,0.0,0.0,6.4,-22,125
2026-03-12T19:38:25.702145,0,3,1,0,9,-1.0,194.25,0.0,0.0,0.0,6.6,-22,125
2026-03-12T19:38:25.825039,0,3,1,0,9,-1.0,194.0,0.0,0.0,0.0,6.4,-22,125
2026-03-12T19:38:25.943235,0,3,1,0,9,-1.0,194.0,0.0,0.0,0.0,6.4,-22,125
2026-03-12T19:38:26.074107,0,3,1,0,9,-1.0,194.0,0.0,0.0,0.0,6.6,-22,124
2026-03-12T19:38:26.201302,0,3,1,0,9,-1.0,193.75,0.0,0.0,0.0,6.4,-22,126
2026-03-12T19:38:26.319097,0,3,1,0,9,-1.0,194.0,0.0,0.0,0.0,6.4,-22,125
2026-03-12T19:38:26.450003,0,3,1,0,9,-1.0,193.75,0.0,0.0,0.0,6.4,-22,125
2026-03-12T19:38:26.577112,0,3,1,0,9,-1.0,193.5,0.0,0.0,0.0,6.4,-22,125
2026-03-12T19:38:26.701743,0,3,1,0,9,-1.0,193.75,0.0,0.0,0.0,6.4,-22,126
2026-03-12T19:38:26.829544,0,3,1,0,9,-1.0,193.75,0.0,0.0,0.0,6.4,-22,125
2026-03-12T19:38:26.951449,0,3,1,0,9,-1.0,193.75,0.0,0.0,0.0,6.4,-22,124
2026-03-12T19:38:27.078801,0,3,1,0,9,-1.0,193.75,0.0,0.0,0.0,6.4,-22,125
2026-03-12T19:38:27.203054,0,3,1,0,9,-1.0,193.75,0.0,0.0,0.0,6.6,-23,126
2026-03-12T19:38:27.327518,0,3,1,0,9,-1.0,194.25,0.0,0.0,0.0,6.6,-22,125
2026-03-12T19:38:27.453680,0,3,1,0,9,-1.0,194.0,0.0,0.0,0.0,6.6,-23,125
2026-03-12T19:38:27.577897,0,3,1,0,9,-1.0,194.0,0.0,0.0,0.0,6.6,-22,125
2026-03-12T19:38:27.704096,0,3,1,0,9,-1.0,194.25,0.0,0.0,0.0,6.4,-22,124
2026-03-12T19:38:27.828226,0,3,1,0,9,-1.0,193.75,0.0,0.0,0.0,6.4,-23,126
2026-03-12T19:38:27.956166,0,3,1,0,9,-1.0,193.5,0.0,0.0,0.0,6.4,-23,125
2026-03-12T19:38:28.072110,0,3,1,0,9,-1.0,194.0,0.0,0.0,0.0,6.4,-22,125
2026-03-12T19:38:28.203744,0,3,1,0,9,-1.0,194.0,0.0,0.0,0.0,6.4,-22,124
2026-03-12T19:38:28.330415,0,3,1,0,9,-1.0,194.0,0.0,0.0,0.0,6.4,-22,125
2026-03-12T19:38:28.448200,0,3,1,0,9,-1.0,194.0,0.0,0.0,0.0,6.4,-22,125
2026-03-12T19:38:28.572946,0,3,1,0,9,-1.0,194.0,0.0,0.0,0.0,6.6,-22,124
2026-03-12T19:38:28.704368,0,3,1,0,9,-1.0,194.0,0.0,0.0,0.0,6.4,-22,124
2026-03-12T19:38:28.831312,0,3,1,0,9,-1.0,193.75,0.0,0.0,0.0,6.4,-22,126
2026-03-12T19:38:28.955218,0,3,1,0,9,-1.0,194.25,0.0,0.0,0.0,6.4,-22,125
2026-03-12T19:38:29.080392,0,3,1,0,9,-1.0,194.25,0.0,0.0,0.0,6.6,-22,124
2026-03-12T19:38:29.206917,0,3,1,0,9,-1.0,193.75,0.0,0.0,0.0,6.4,-22,125
2026-03-12T19:38:29.332242,0,3,1,0,9,-1.0,193.75,0.0,0.0,0.0,6.6,-22,126
2026-03-12T19:38:29.456651,0,3,1,0,9,-1.0,194.25,0.0,0.0,0.0,6.4,-22,124
2026-03-12T19:38:29.582804,0,3,1,0,9,-1.0,194.25,0.0,0.0,0.0,6.4,-22,125
2026-03-12T19:38:29.706072,0,3,1,0,9,-1.0,194.25,0.0,0.0,0.0,6.6,-22,125
2026-03-12T19:38:29.833390,0,3,1,0,9,-1.0,194.0,0.0,0.0,0.0,6.4,-22,124
2026-03-12T19:38:29.957495,0,3,1,0,9,-1.0,193.75,0.0,0.0,0.0,6.4,-22,125
2026-03-12T19:38:30.081845,0,3,1,0,9,-1.0,193.75,0.0,0.0,0.0,6.4,-22,125
2026-03-12T19:38:30.207668,0,3,1,0,9,-1.0,194.0,0.0,0.0,0.0,6.4,-22,124
2026-03-12T19:38:30.334383,0,3,1,0,9,-1.0,194.0,0.0,0.0,0.0,6.6,-22,125
2026-03-12T19:38:30.458493,0,3,1,0,9,-1.0625,193.75,0.0,0.0,0.0,6.4,-22,125
2026-03-12T19:38:30.584013,0,3,1,0,9,-1.0625,193.5,0.0,0.0,0.0,6.4,-22,124
2026-03-12T19:38:30.711575,0,3,1,0,9,-1.0625,194.0,0.0,0.0,0.0,6.4,-22,125
2026-03-12T19:38:30.833610,0,3,1,0,9,-1.0,194.0,0.0,0.0,0.0,6.4,-22,124
2026-03-12T19:38:30.960855,0,3,1,0,9,-1.0,194.0,0.0,0.0,0.0,6.4,-22,125
2026-03-12T19:38:31.084721,0,3,1,0,9,-1.0,194.0,0.0,0.0,0.0,6.6,-22,124
2026-03-12T19:38:31.208750,0,3,1,0,9,-1.0,194.25,0.0,0.0,0.0,6.4,-22,124
2026-03-12T19:38:31.334211,0,3,1,0,9,-1.0,194.25,0.0,0.0,0.0,6.4,-24,124
2026-03-12T19:38:31.462392,0,3,1,0,9,-0.9375,194.0,0.0,0.0,0.0,6.6,-30,124
2026-03-12T19:38:31.585146,0,3,1,0,9,-0.9375,193.75,0.0,0.0,0.0,6.4,-32,125
2026-03-12T19:38:31.712025,0,3,1,0,9,-0.9375,193.75,0.0,0.0,0.0,6.4,-28,125
2026-03-12T19:38:31.834963,0,3,1,0,9,-1.0,194.0,0.0,0.0,0.0,6.4,-27,124
2026-03-12T19:38:31.960242,0,3,1,0,9,-1.0,194.0,0.0,0.0,0.0,6.6,-25,125
2026-03-12T19:38:32.088762,0,3,1,0,9,-1.0,194.0,0.0,0.0,0.0,6.4,-23,125
2026-03-12T19:38:32.212051,0,3,1,0,9,-1.0,194.0,0.0,0.0,0.0,6.6,-22,124
2026-03-12T19:38:32.336834,0,3,1,0,9,-1.0,193.75,0.0,0.0,0.0,6.4,-22,124
2026-03-12T19:38:32.462024,0,3,1,0,9,-1.0,193.75,0.0,0.0,0.0,6.4,-22,124
2026-03-12T19:38:32.588307,0,3,1,0,9,-1.0,193.75,0.0,0.0,0.0,6.6,-22,125
2026-03-12T19:38:32.712901,0,3,1,0,9,-0.875,193.75,0.0,0.0,0.0,6.4,-22,125
2026-03-12T19:38:32.837417,0,3,1,0,9,-0.9375,194.0,0.0,0.0,0.0,6.6,-22,124
2026-03-12T19:38:32.962656,0,3,1,0,9,-1.0,194.25,0.0,0.0,0.0,6.4,-22,124
2026-03-12T19:38:33.087947,0,3,1,0,9,-1.0625,193.75,0.0,0.0,0.0,6.4,-22,124
2026-03-12T19:38:33.214478,0,3,1,0,9,-1.0625,193.75,0.0,0.0,0.0,6.4,-22,125
2026-03-12T19:38:33.338034,0,3,1,0,9,-1.0,194.25,0.0,0.0,0.0,6.4,-22,124
2026-03-12T19:38:33.465861,0,3,1,0,9,-0.9375,194.25,0.0,0.0,0.0,6.4,-22,124
2026-03-12T19:38:33.589657,0,3,1,0,9,-1.0,194.25,0.0,0.0,0.0,6.4,-22,124
2026-03-12T19:38:33.714352,0,3,1,0,9,-0.9375,193.75,0.0,0.0,0.0,6.4,-22,125
2026-03-12T19:38:33.839506,0,3,1,0,9,-1.0,193.75,0.0,0.0,0.0,6.4,-22,124
2026-03-12T19:38:33.964299,0,3,1,0,9,-1.0,194.0,0.0,0.0,0.0,6.6,-22,124
2026-03-12T19:38:34.092119,0,3,1,0,9,-0.9375,193.75,0.0,0.0,0.0,6.4,-22,124
2026-03-12T19:38:34.216420,0,3,1,0,9,-0.8125,194.0,0.0,0.0,0.0,6.6,-22,125
2026-03-12T19:38:34.340201,0,3,1,0,9,-0.8125,194.0,0.0,0.0,0.0,6.6,-22,125
2026-03-12T19:38:34.466062,0,3,1,0,9,-0.8125,193.75,0.0,0.0,0.0,6.4,-22,124
2026-03-12T19:38:34.590355,0,3,1,0,9,-0.75,193.75,0.0,0.0,0.0,6.4,-22,124
2026-03-12T19:38:34.719375,0,3,1,0,9,-0.6875,193.75,0.0,0.0,0.0,6.4,-22,126
2026-03-12T19:38:34.843202,0,3,1,0,9,-0.625,193.75,0.0,0.0,0.0,6.4,-22,124
2026-03-12T19:38:34.960902,0,3,1,0,9,-0.625,193.75,0.0,0.0,0.0,6.4,-22,124
2026-03-12T19:38:35.091919,0,3,1,0,9,-0.5625,193.75,0.0,0.0,0.0,6.4,-22,124
2026-03-12T19:38:35.217078,0,3,1,0,9,-0.5,193.75,0.0,0.0,0.0,6.4,-22,124
2026-03-12T19:38:35.343638,0,3,1,0,9,-0.4375,193.75,0.0,0.0,0.0,6.4,-22,125
2026-03-12T19:38:35.468133,0,3,1,0,9,-0.375,193.75,0.0,0.0,0.0,6.4,-22,124
2026-03-12T19:38:35.593323,0,3,1,0,9,-0.375,193.75,0.0,0.0,0.0,6.4,-22,124
2026-03-12T19:38:35.717760,0,3,1,0,9,-0.375,193.75,0.0,0.0,0.0,6.6,-22,124
2026-03-12T19:38:35.844279,0,3,1,0,9,-0.375,193.75,0.0,0.0,0.0,6.6,-22,125
2026-03-12T19:38:35.962527,0,3,1,0,9,-0.3125,194.0,0.0,0.0,0.0,6.4,-22,124
2026-03-12T19:38:36.094264,0,3,1,0,9,-0.3125,193.75,0.0,0.0,0.0,6.4,-22,124
2026-03-12T19:38:36.219014,0,3,1,0,9,-0.25,193.75,0.0,0.0,0.0,6.4,-22,124
2026-03-12T19:38:36.345465,0,3,1,0,9,-0.25,193.75,0.0,0.0,0.0,6.4,-22,125
2026-03-12T19:38:36.470315,0,3,1,0,9,-0.25,193.75,0.0,0.0,0.0,6.4,-23,124
2026-03-12T19:38:36.595480,0,3,1,0,9,-0.1875,193.75,0.0,0.0,0.0,6.4,-24,124
2026-03-12T19:38:36.720573,0,3,1,0,9,-0.1875,193.5,0.0,0.0,0.0,6.4,-22,124
2026-03-12T19:38:36.844704,0,3,1,0,9,-0.1875,193.75,0.0,0.0,0.0,6.4,-22,125
2026-03-12T19:38:36.973924,0,3,1,0,9,-0.125,193.5,0.0,0.0,0.0,6.4,-22,125
2026-03-12T19:38:37.096956,0,3,1,0,9,-0.125,193.5,0.0,0.0,0.0,6.6,-22,124
2026-03-12T19:38:37.221551,0,3,1,0,9,-0.125,193.5,0.0,0.0,0.0,6.6,-22,125
2026-03-12T19:38:37.347660,0,3,1,0,9,-0.125,193.75,0.0,0.0,0.0,6.6,-22,124
2026-03-12T19:38:37.472708,0,3,1,0,9,-0.125,193.75,0.0,0.0,0.0,6.4,-22,125
2026-03-12T19:38:37.597507,0,3,1,0,9,-0.125,193.75,0.0,0.0,0.0,6.4,-22,124
2026-03-12T19:38:37.721910,0,3,1,0,9,-0.0625,193.75,0.0,0.0,0.0,6.6,-22,124
2026-03-12T19:38:37.848827,0,3,1,0,9,-0.0625,193.75,0.0,0.0,0.0,6.4,-22,124
2026-03-12T19:38:37.972875,0,3,1,0,9,-0.0625,193.75,0.0,0.0,0.0,6.4,-22,125
2026-03-12T19:38:38.100465,0,3,1,0,9,-0.0625,194.0,0.0,0.0,0.0,6.4,-22,124
2026-03-12T19:38:38.223438,0,3,1,0,9,-0.0625,193.75,0.0,0.0,0.0,6.4,-23,124
2026-03-12T19:38:38.349201,0,3,1,0,9,-0.125,194.0,0.0,0.0,0.0,6.4,-23,125
2026-03-12T19:38:38.473939,0,3,1,0,9,-0.0625,194.0,0.0,0.0,0.0,6.4,-23,125
2026-03-12T19:38:38.601338,0,3,1,0,9,-0.0625,193.75,0.0,0.0,0.0,6.6,-22,125
2026-03-12T19:38:38.724905,0,3,1,0,9,-0.125,193.5,0.0,0.0,0.0,6.6,-22,124
2026-03-12T19:38:38.850872,0,3,1,0,9,-0.0625,193.5,0.0,0.0,0.0,6.4,-22,124
2026-03-12T19:38:38.974746,0,3,1,0,9,-0.125,193.5,0.0,0.0,0.0,6.4,-22,124
2026-03-12T19:38:39.102432,0,3,1,0,9,-0.0625,193.5,0.0,0.0,0.0,6.6,-22,125
2026-03-12T19:38:39.225935,0,3,1,0,9,-0.125,193.75,0.0,0.0,0.0,6.4,-23,124
2026-03-12T19:38:39.344853,0,3,1,0,9,-0.125,193.75,0.0,0.0,0.0,6.6,-23,124
2026-03-12T19:38:39.469570,0,3,1,0,9,-0.1875,194.0,0.0,0.0,0.0,6.4,-24,124
2026-03-12T19:38:39.602646,0,3,1,0,9,-0.25,193.75,0.0,0.0,0.0,6.4,-22,125
2026-03-12T19:38:39.727715,0,3,1,0,9,-0.25,193.75,0.0,0.0,0.0,6.4,-22,124
2026-03-12T19:38:39.852969,0,3,1,0,9,-0.1875,193.75,0.0,0.0,0.0,6.4,-22,125
2026-03-12T19:38:39.977238,0,3,1,0,9,-0.125,193.75,0.0,0.0,0.0,6.4,-22,124
2026-03-12T19:38:40.105241,0,3,1,0,9,-0.125,193.75,0.0,0.0,0.0,6.4,-33,125
2026-03-12T19:38:40.221725,0,3,1,0,9,-0.1875,193.75,0.0,0.0,0.0,6.4,-22,124
2026-03-12T19:38:40.353238,0,3,1,0,9,-0.1875,193.75,0.0,0.0,0.0,6.4,-22,124
2026-03-12T19:38:40.477719,0,3,1,0,9,-0.1875,193.5,0.0,0.0,0.0,6.4,-29,124
2026-03-12T19:38:40.605025,0,3,1,0,9,-0.1875,193.5,0.0,0.0,0.0,6.4,-22,125
2026-03-12T19:38:40.728800,0,3,1,0,9,-0.1875,193.5,0.0,0.0,0.0,6.4,-25,124
2026-03-12T19:38:40.847775,0,3,1,0,9,-0.25,193.75,0.0,0.0,0.0,6.4,-27,124
2026-03-12T19:38:40.979368,0,3,1,0,9,-0.1875,193.5,0.0,0.0,0.0,6.6,-22,124
2026-03-12T19:38:41.104358,0,3,1,0,9,-0.3125,194.0,0.0,0.0,0.0,6.4,-23,124
2026-03-12T19:38:41.230038,0,3,1,0,9,-0.25,193.75,0.0,0.0,0.0,6.4,-29,125
2026-03-12T19:38:41.349195,0,3,1,0,9,-0.1875,194.0,0.0,0.0,0.0,6.4,-22,124
2026-03-12T19:38:41.480410,0,3,1,0,9,-0.1875,194.0,0.0,0.0,0.0,6.4,-23,124
2026-03-12T19:38:41.607366,0,3,1,0,9,-0.1875,193.75,0.0,0.0,0.0,6.4,-28,124
2026-03-12T19:38:41.731216,0,3,1,0,9,-0.1875,193.75,0.0,0.0,0.0,6.4,-28,125
2026-03-12T19:38:41.856189,0,3,1,0,9,-0.25,193.75,0.0,0.0,0.0,6.4,-24,124
2026-03-12T19:38:41.982414,0,3,1,0,9,-0.25,193.75,0.0,0.0,0.0,6.4,-23,124
2026-03-12T19:38:42.106138,0,3,1,0,9,-0.25,193.75,0.0,0.0,0.0,6.4,-22,124
2026-03-12T19:38:42.226126,0,3,1,0,9,-0.25,193.5,0.0,0.0,0.0,6.6,-28,125
2026-03-12T19:38:42.351281,0,3,1,0,9,-0.3125,194.0,0.0,0.0,0.0,6.6,-36,124
2026-03-12T19:38:42.475701,0,3,1,0,9,-0.375,193.75,0.0,0.0,0.0,6.4,-30,124
2026-03-12T19:38:42.607393,0,3,1,0,9,-0.3125,194.0,0.0,0.0,0.0,6.6,-22,124
2026-03-12T19:38:42.733918,0,3,1,0,9,-0.1875,194.0,0.0,0.0,0.0,6.4,-22,125
2026-03-12T19:38:42.858265,0,3,1,0,9,-0.1875,194.0,0.0,0.0,0.0,6.4,-32,124
2026-03-12T19:38:42.976811,0,3,1,0,9,-0.25,193.5,0.0,0.0,0.0,6.4,-25,124
2026-03-12T19:38:43.107950,0,3,1,0,9,-0.25,193.5,0.0,0.0,0.0,6.4,-28,124
2026-03-12T19:38:43.234568,0,3,1,0,9,-0.375,193.75,0.0,0.0,0.0,6.4,-24,124
2026-03-12T19:38:43.359610,0,3,1,0,9,-0.4375,193.5,0.0,0.0,0.0,6.4,-28,125
2026-03-12T19:38:43.486711,0,3,1,0,9,-0.4375,193.75,0.0,0.0,0.0,6.4,-33,124
2026-03-12T19:38:43.608974,0,3,1,0,9,-0.4375,193.75,0.0,0.0,0.0,6.6,-22,124
2026-03-12T19:38:43.735842,0,3,1,0,9,-0.5,193.75,0.0,0.0,0.0,6.6,-22,124
2026-03-12T19:38:43.860280,0,3,1,0,9,-0.5,193.5,0.0,0.0,0.0,6.6,-22,125
2026-03-12T19:38:43.978689,0,3,1,0,9,-0.625,193.75,0.0,0.0,0.0,6.4,-24,124
2026-03-12T19:38:44.104232,0,3,1,0,9,-0.6875,193.75,0.0,0.0,0.0,6.4,-22,125
2026-03-12T19:38:44.234587,0,3,1,0,9,-0.6875,193.75,0.0,0.0,0.0,6.6,-22,124
2026-03-12T19:38:44.362624,0,3,1,0,9,-0.625,193.75,0.0,0.0,0.0,6.4,-24,125
2026-03-12T19:38:44.486239,0,3,1,0,9,-0.625,193.75,0.0,0.0,0.0,6.4,-26,125
2026-03-12T19:38:44.611380,0,3,1,0,9,-0.625,193.75,0.0,0.0,0.0,6.4,-28,125
2026-03-12T19:38:44.735864,0,3,1,0,9,-0.6875,193.75,0.0,0.0,0.0,6.4,-28,124
2026-03-12T19:38:44.863168,0,3,1,0,9,-0.625,194.0,0.0,0.0,0.0,6.4,-27,126
2026-03-12T19:38:44.988449,0,3,1,0,9,-0.6875,194.0,0.0,0.0,0.0,6.4,-24,126
2026-03-12T19:38:45.113409,0,3,1,0,9,-0.75,194.0,0.0,0.0,0.0,6.6,-28,125
2026-03-12T19:38:45.238258,0,3,1,0,9,-0.875,193.75,0.0,0.0,0.0,6.4,-28,125
2026-03-12T19:38:45.363191,0,3,1,0,9,-1.0,194.0,0.0,0.0,0.0,6.4,-27,125
2026-03-12T19:38:45.488856,0,3,1,0,9,-1.0,194.0,0.0,0.0,0.0,6.4,-24,126
2026-03-12T19:38:45.618785,0,3,1,0,9,-0.9375,194.0,0.0,0.0,0.0,6.6,-22,125
2026-03-12T19:38:45.739707,0,3,1,0,9,-1.0,193.75,0.0,0.0,0.0,6.4,-22,125
2026-03-12T19:38:45.864359,0,3,1,0,9,-1.0,193.75,0.0,0.0,0.0,6.4,-22,125
2026-03-12T19:38:45.989877,0,3,1,0,9,-1.0625,194.0,0.0,0.0,0.0,6.4,-22,126
2026-03-12T19:38:46.114694,0,3,1,0,9,-1.125,193.75,0.0,0.0,0.0,6.4,-22,125
2026-03-12T19:38:46.240246,0,3,1,0,9,-0.875,194.0,0.0,0.0,0.0,6.4,-22,125
2026-03-12T19:38:46.366093,0,3,1,0,9,-0.875,193.75,0.0,0.0,0.0,6.4,-22,125
2026-03-12T19:38:46.491043,0,3,1,0,9,-0.9375,194.0,0.0,0.0,0.0,6.6,-39,126
2026-03-12T19:38:46.617165,0,3,1,0,9,-0.9375,193.75,0.0,0.0,0.0,6.4,-26,125
2026-03-12T19:38:46.741808,0,3,1,0,9,-1.0,193.75,0.0,0.0,0.0,6.4,-24,125
2026-03-12T19:38:46.867133,0,3,1,0,9,-1.0625,193.75,0.0,0.0,0.0,6.6,-22,125
2026-03-12T19:38:46.991556,0,3,1,0,9,-0.875,193.75,0.0,0.0,0.0,6.4,-22,125
2026-03-12T19:38:47.117729,0,3,1,0,9,-0.8125,193.75,0.0,0.0,0.0,6.4,-22,126
2026-03-12T19:38:47.242845,0,3,1,0,9,-0.9375,193.75,0.0,0.0,0.0,6.4,-22,125
2026-03-12T19:38:47.368030,0,3,1,0,9,-1.0,193.75,0.0,0.0,0.0,6.4,-22,125
2026-03-12T19:38:47.492095,0,3,1,0,9,-1.125,194.0,0.0,0.0,0.0,6.4,-22,125
2026-03-12T19:38:47.620858,0,3,1,0,9,-1.125,194.0,0.0,0.0,0.0,6.4,-22,126
2026-03-12T19:38:47.742561,0,3,1,0,9,-0.875,194.0,0.0,0.0,0.0,6.4,-24,125
2026-03-12T19:38:47.868682,0,3,1,0,9,-1.0,194.0,0.0,0.0,0.0,6.6,-22,125
2026-03-12T19:38:47.993914,0,3,1,0,9,-0.9375,193.75,0.0,0.0,0.0,6.4,-22,125
2026-03-12T19:38:48.119476,0,3,1,0,9,-0.875,193.75,0.0,0.0,0.0,6.4,-24,125
2026-03-12T19:38:48.244543,0,3,1,0,9,-0.9375,193.75,0.0,0.0,0.0,6.4,-25,126
2026-03-12T19:38:48.369451,0,3,1,0,9,-1.0,193.75,0.0,0.0,0.0,6.6,-22,125
2026-03-12T19:38:48.495278,0,3,1,0,9,-0.9375,194.0,0.0,0.0,0.0,6.4,-22,125
2026-03-12T19:38:48.619229,0,3,1,0,9,-0.875,194.0,0.0,0.0,0.0,6.4,-25,125
2026-03-12T19:38:48.749100,0,3,1,0,9,-1.0,194.0,0.0,0.0,0.0,6.4,-22,126
2026-03-12T19:38:48.864695,0,3,1,0,9,-0.9375,193.75,0.0,0.0,0.0,6.4,-22,125
2026-03-12T19:38:48.996421,0,3,1,0,9,-0.9375,193.75,0.0,0.0,0.0,6.4,-22,125
2026-03-12T19:38:49.121387,0,3,1,0,9,-1.125,193.5,0.0,0.0,0.0,6.6,-22,125
2026-03-12T19:38:49.248252,0,3,1,0,9,-1.125,193.5,0.0,0.0,0.0,6.4,-22,126
2026-03-12T19:38:49.372678,0,3,1,0,9,-1.0,194.25,0.0,0.0,0.0,6.4,-22,124
2026-03-12T19:38:49.491122,0,3,1,0,9,-0.875,194.25,0.0,0.0,0.0,6.4,-22,124
2026-03-12T19:38:49.621978,0,3,1,0,9,-0.9375,194.25,0.0,0.0,0.0,6.4,-22,125
2026-03-12T19:38:49.742104,0,3,1,0,9,-0.9375,193.75,0.0,0.0,0.0,6.4,-22,125
2026-03-12T19:38:49.872743,0,3,1,0,9,-1.0,193.75,0.0,0.0,0.0,6.6,-22,124
2026-03-12T19:38:49.992059,0,3,1,0,9,-1.0625,194.0,0.0,0.0,0.0,6.4,-22,124
2026-03-12T19:38:50.124410,0,3,1,0,9,-0.9375,193.75,0.0,0.0,0.0,6.6,-22,124
2026-03-12T19:38:50.241617,0,3,1,0,9,-1.0,194.0,0.0,0.0,0.0,6.4,-22,124
2026-03-12T19:38:50.375620,0,3,1,0,9,-1.0,193.5,0.0,0.0,0.0,6.6,-22,125
2026-03-12T19:38:50.499325,0,3,1,0,9,-1.0,194.0,0.0,0.0,0.0,6.4,-22,124
2026-03-12T19:38:50.626510,0,3,1,0,9,-1.125,194.0,0.0,0.0,0.0,6.4,-22,124
2026-03-12T19:38:50.749648,0,3,1,0,9,-1.0,194.0,0.0,0.0,0.0,6.4,-22,124
2026-03-12T19:38:50.877589,0,3,1,0,9,-0.9375,194.0,0.0,0.0,0.0,6.4,-22,125
2026-03-12T19:38:51.000756,0,3,1,0,9,-1.0,194.0,0.0,0.0,0.0,6.4,-22,124
2026-03-12T19:38:51.126087,0,3,1,0,9,-0.9375,194.0,0.0,0.0,0.0,6.4,-22,124
2026-03-12T19:38:51.249662,0,3,1,0,9,-0.875,194.0,0.0,0.0,0.0,6.4,-22,124
2026-03-12T19:38:51.378391,0,3,1,0,9,-0.9375,193.75,0.0,0.0,0.0,6.4,-28,125
2026-03-12T19:38:51.501699,0,3,1,0,9,-0.9375,194.0,0.0,0.0,0.0,6.4,-32,124
2026-03-12T19:38:51.626999,0,3,1,0,9,-1.0625,193.75,0.0,0.0,0.0,6.6,-22,124
2026-03-12T19:38:51.751081,0,3,1,0,9,-1.0625,193.75,0.0,0.0,0.0,6.4,-22,124
2026-03-12T19:38:51.878932,0,3,1,0,9,-1.0,193.75,0.0,0.0,0.0,6.4,-22,125
2026-03-12T19:38:52.002904,0,3,1,0,9,-1.0,193.75,0.0,0.0,0.0,6.4,-22,125
2026-03-12T19:38:52.121804,0,3,1,0,9,-1.0625,193.75,0.0,0.0,0.0,6.4,-22,124
2026-03-12T19:38:52.253021,0,3,1,0,9,-0.9375,193.75,0.0,0.0,0.0,6.4,-22,124
2026-03-12T19:38:52.378831,0,3,1,0,9,-0.9375,194.0,0.0,0.0,0.0,6.4,-22,124
2026-03-12T19:38:52.505995,0,3,1,0,9,-1.0,194.0,0.0,0.0,0.0,6.4,-27,126
2026-03-12T19:38:52.629134,0,3,1,0,9,-0.9375,193.5,0.0,0.0,0.0,6.4,-33,125
2026-03-12T19:38:52.754530,0,3,1,0,9,-0.9375,194.0,0.0,0.0,0.0,6.4,-22,125
2026-03-12T19:38:52.879249,0,3,1,0,9,-0.9375,194.0,0.0,0.0,0.0,6.6,-22,125
2026-03-12T19:38:52.998939,0,3,1,0,9,-0.9375,194.0,0.0,0.0,0.0,6.6,-22,126
2026-03-12T19:38:53.130160,0,3,1,0,9,-1.0,193.75,0.0,0.0,0.0,6.4,-22,125
2026-03-12T19:38:53.255322,0,3,1,0,9,-1.0625,194.0,0.0,0.0,0.0,6.4,-22,125
2026-03-12T19:38:53.382215,0,3,1,0,9,-0.9375,193.75,0.0,0.0,0.0,6.6,-22,125
2026-03-12T19:38:53.505633,0,3,1,0,9,-0.9375,193.75,0.0,0.0,0.0,6.4,-31,126
2026-03-12T19:38:53.635285,0,3,1,0,9,-1.0,193.75,0.0,0.0,0.0,6.4,-27,125
2026-03-12T19:38:53.755687,0,3,1,0,9,-1.0625,193.75,0.0,0.0,0.0,6.4,-22,125
2026-03-12T19:38:53.874924,0,3,1,0,9,-1.0,193.75,0.0,0.0,0.0,6.4,-22,125
2026-03-12T19:38:54.007049,0,3,1,0,9,-0.875,194.0,0.0,0.0,0.0,6.4,-22,126
2026-03-12T19:38:54.126243,0,3,1,0,9,-0.9375,194.0,0.0,0.0,0.0,6.6,-22,125
2026-03-12T19:38:54.257030,0,3,1,0,9,-1.0,194.0,0.0,0.0,0.0,6.4,-22,125
2026-03-12T19:38:54.383748,0,3,1,0,9,-0.875,194.0,0.0,0.0,0.0,6.6,-22,125
2026-03-12T19:38:54.507093,0,3,1,0,9,-0.9375,193.75,0.0,0.0,0.0,6.4,-22,125
2026-03-12T19:38:54.633897,0,3,1,0,9,-1.0625,193.75,0.0,0.0,0.0,6.6,-22,126
2026-03-12T19:38:54.759249,0,3,1,0,9,-0.9375,193.75,0.0,0.0,0.0,6.4,-22,125
2026-03-12T19:38:54.882913,0,3,1,0,9,-0.875,193.75,0.0,0.0,0.0,6.4,-22,125
2026-03-12T19:38:55.010425,0,3,1,0,9,-0.9375,193.75,0.0,0.0,0.0,6.4,-22,125
2026-03-12T19:38:55.133679,0,3,1,0,9,-1.0,193.75,0.0,0.0,0.0,6.4,-22,126
2026-03-12T19:38:55.259367,0,3,1,0,9,-0.9375,193.75,0.0,0.0,0.0,6.4,-22,125
2026-03-12T19:38:55.384012,0,3,1,0,9,-0.875,194.0,0.0,0.0,0.0,6.4,-22,125
2026-03-12T19:38:55.509207,0,3,1,0,9,-1.0,194.0,0.0,0.0,0.0,6.4,-22,125
2026-03-12T19:38:55.638060,0,3,1,0,9,-1.0625,194.0,0.0,0.0,0.0,6.4,-22,126
2026-03-12T19:38:55.760538,0,3,1,0,9,-1.0,193.75,0.0,0.0,0.0,6.4,-22,125
2026-03-12T19:38:55.885486,0,3,1,0,9,-1.0625,194.0,0.0,0.0,0.0,6.4,-22,125
2026-03-12T19:38:56.009866,0,3,1,0,9,-1.125,194.0,0.0,0.0,0.0,6.6,-22,125
2026-03-12T19:38:56.136812,0,3,1,0,9,-1.0625,193.5,0.0,0.0,0.0,6.4,-22,126
2026-03-12T19:38:56.261579,0,3,1,0,9,-0.8125,193.5,0.0,0.0,0.0,6.4,-22,125
2026-03-12T19:38:56.386994,0,3,1,0,9,-0.875,193.5,0.0,0.0,0.0,6.4,-22,125
2026-03-12T19:38:56.511426,0,3,1,0,9,-0.875,194.0,0.0,0.0,0.0,6.4,-22,125
2026-03-12T19:38:56.636797,0,3,1,0,9,-0.9375,194.0,0.0,0.0,0.0,6.4,-22,125
2026-03-12T19:38:56.755948,0,3,1,0,9,-0.9375,194.25,0.0,0.0,0.0,6.4,-22,126
2026-03-12T19:38:56.887282,0,3,1,0,9,-1.0,194.0,0.0,0.0,0.0,6.4,-22,125
2026-03-12T19:38:57.012058,0,3,1,0,9,-1.0,193.5,0.0,0.0,0.0,6.4,-22,125
2026-03-12T19:38:57.137298,0,3,1,0,9,-1.0,194.25,0.0,0.0,0.0,6.4,-22,125
2026-03-12T19:38:57.265897,0,3,1,0,9,-0.9375,194.0,0.0,0.0,0.0,6.4,-22,126
2026-03-12T19:38:57.388768,0,3,1,0,9,-1.0,194.0,0.0,0.0,0.0,6.4,-22,125
2026-03-12T19:38:57.513485,0,3,1,0,9,-1.0,194.0,0.0,0.0,0.0,6.4,-22,124
2026-03-12T19:38:57.639209,0,3,1,0,9,-1.0,194.0,0.0,0.0,0.0,6.4,-22,125
2026-03-12T19:38:57.764583,0,3,1,0,9,-1.0,194.0,0.0,0.0,0.0,6.4,-22,126
2026-03-12T19:38:57.890584,0,3,1,0,9,-0.9375,194.0,0.0,0.0,0.0,6.6,-22,125
2026-03-12T19:38:58.015004,0,3,1,0,9,-0.9375,194.0,0.0,0.0,0.0,6.6,-22,124
2026-03-12T19:38:58.140118,0,3,1,0,9,-1.0,194.25,0.0,0.0,0.0,6.4,-22,125
2026-03-12T19:38:58.266122,0,3,1,0,9,-1.0,194.0,0.0,0.0,0.0,6.4,-22,125
2026-03-12T19:38:58.390317,0,3,1,0,9,-1.0,194.0,0.0,0.0,0.0,6.4,-22,124
2026-03-12T19:38:58.516104,0,3,1,0,9,-1.0,194.25,0.0,0.0,0.0,6.6,-22,124
2026-03-12T19:38:58.640522,0,3,1,0,9,-1.0,194.25,0.0,0.0,0.0,6.4,-22,124
2026-03-12T19:38:58.766287,0,3,1,0,9,-0.9375,194.0,0.0,0.0,0.0,6.4,-22,124
2026-03-12T19:38:58.891329,0,3,1,0,9,-1.0,194.0,0.0,0.0,0.0,6.4,-22,125
2026-03-12T19:38:59.016937,0,3,1,0,9,-1.0,194.0,0.0,0.0,0.0,6.4,-22,124
2026-03-12T19:38:59.145515,0,3,1,0,9,-1.0,194.25,0.0,0.0,0.0,6.4,-22,124
2026-03-12T19:38:59.266418,0,3,1,0,9,-0.9375,194.25,0.0,0.0,0.0,6.4,-22,124
2026-03-12T19:38:59.393422,0,3,1,0,9,-0.9375,194.25,0.0,0.0,0.0,6.4,-22,125
2026-03-12T19:38:59.517946,0,3,1,0,9,-1.0,193.75,0.0,0.0,0.0,6.6,-22,124
2026-03-12T19:38:59.642028,0,3,1,0,9,-0.9375,193.75,0.0,0.0,0.0,6.4,-22,124
2026-03-12T19:38:59.770622,0,3,1,0,9,-1.0,194.0,0.0,0.0,0.0,6.6,-22,124
2026-03-12T19:38:59.894764,0,3,1,0,9,-0.9375,194.25,0.0,0.0,0.0,6.4,-22,125
2026-03-12T19:39:00.021210,0,3,1,0,9,-1.0,194.0,0.0,0.0,0.0,6.4,-22,125
2026-03-12T19:39:00.145696,0,3,1,0,9,-1.0,194.0,0.0,0.0,0.0,6.4,-22,124
2026-03-12T19:39:00.271657,0,3,1,0,9,-1.0,194.0,0.0,0.0,0.0,6.4,-22,124
2026-03-12T19:39:00.395278,0,3,1,0,9,-0.9375,194.25,0.0,0.0,0.0,6.4,-22,124
2026-03-12T19:39:00.521766,0,3,1,0,9,-0.9375,194.25,0.0,0.0,0.0,6.4,-22,125
2026-03-12T19:39:00.639574,0,3,1,0,9,-1.0,194.25,0.0,0.0,0.0,6.4,-22,125
2026-03-12T19:39:00.771188,0,3,1,0,9,-1.0,194.25,0.0,0.0,0.0,6.4,-22,124
2026-03-12T19:39:00.897155,0,3,1,0,9,-0.9375,194.25,0.0,0.0,0.0,6.4,-22,124
2026-03-12T19:39:01.022673,0,3,1,0,9,-1.0,194.0,0.0,0.0,0.0,6.4,-22,125
2026-03-12T19:39:01.147214,0,3,1,0,9,-1.0,194.25,0.0,0.0,0.0,6.6,-22,125
2026-03-12T19:39:01.272395,0,3,1,0,9,-1.0,194.0,0.0,0.0,0.0,6.4,-22,124
2026-03-12T19:39:01.397232,0,3,1,0,9,-1.0,194.0,0.0,0.0,0.0,6.4,-22,125
2026-03-12T19:39:01.516680,0,3,1,0,9,-0.9375,194.0,0.0,0.0,0.0,6.4,-22,126
2026-03-12T19:39:01.641394,0,3,1,0,9,-0.9375,194.0,0.0,0.0,0.0,6.4,-22,124
2026-03-12T19:39:01.772811,0,3,1,0,9,-0.9375,194.0,0.0,0.0,0.0,6.4,-22,125
2026-03-12T19:39:01.898933,0,3,1,0,9,-1.0,194.0,0.0,0.0,0.0,6.4,-22,125
2026-03-12T19:39:02.024395,0,3,1,0,9,-1.0,194.0,0.0,0.0,0.0,6.4,-22,126
2026-03-12T19:39:02.149751,0,3,1,0,9,-0.9375,194.25,0.0,0.0,0.0,6.6,-22,125
2026-03-12T19:39:02.274114,0,3,1,0,9,-0.9375,194.0,0.0,0.0,0.0,6.4,-22,125
2026-03-12T19:39:02.400568,0,3,1,0,9,-1.0,194.0,0.0,0.0,0.0,6.6,-22,125
2026-03-12T19:39:02.524202,0,3,1,0,9,-1.0,194.25,0.0,0.0,0.0,6.4,-22,125
2026-03-12T19:39:02.643455,0,3,1,0,9,-0.9375,194.0,0.0,0.0,0.0,6.4,-22,126
2026-03-12T19:39:02.774533,0,3,1,0,9,-0.9375,194.0,0.0,0.0,0.0,6.4,-22,125
2026-03-12T19:39:02.901227,0,3,1,0,9,-1.0,194.0,0.0,0.0,0.0,6.4,-22,125
2026-03-12T19:39:03.026264,0,3,1,0,9,-0.875,194.25,0.0,0.0,0.0,6.4,-22,125
2026-03-12T19:39:03.151101,0,3,1,0,9,-1.0,194.25,0.0,0.0,0.0,6.4,-22,126
2026-03-12T19:39:03.276282,0,3,1,0,9,-1.0,194.25,0.0,0.0,0.0,6.4,-22,125
2026-03-12T19:39:03.401508,0,3,1,0,9,-0.9375,194.0,0.0,0.0,0.0,6.4,-22,125
2026-03-12T19:39:03.526027,0,3,1,0,9,-1.0,194.0,0.0,0.0,0.0,6.4,-22,125
2026-03-12T19:39:03.650885,0,3,1,0,9,-1.0,194.0,0.0,0.0,0.0,6.4,-22,125
2026-03-12T19:39:03.776694,0,3,1,0,9,-0.9375,194.25,0.0,0.0,0.0,6.4,-22,126
2026-03-12T19:39:03.902021,0,3,1,0,9,-1.0,194.25,0.0,0.0,0.0,6.4,-22,125
2026-03-12T19:39:04.026866,0,3,1,0,9,-1.0,194.0,0.0,0.0,0.0,6.4,-22,125
2026-03-12T19:39:04.152675,0,3,1,0,9,-0.9375,194.25,0.0,0.0,0.0,6.4,-22,125
2026-03-12T19:39:04.278331,0,3,1,0,9,-1.0,194.25,0.0,0.0,0.0,6.4,-22,126
2026-03-12T19:39:04.403331,0,3,1,0,9,-1.0,194.0,0.0,0.0,0.0,6.4,-22,125
2026-03-12T19:39:04.528379,0,3,1,0,9,-0.9375,194.0,0.0,0.0,0.0,6.4,-22,125
2026-03-12T19:39:04.654319,0,3,1,0,9,-1.0,194.25,0.0,0.0,0.0,6.4,-22,125
2026-03-12T19:39:04.779016,0,3,1,0,9,-1.0,194.0,0.0,0.0,0.0,6.4,-22,126
2026-03-12T19:39:04.906585,0,3,1,0,9,-1.0,194.25,0.0,0.0,0.0,6.4,-22,125
2026-03-12T19:39:05.031001,0,3,1,0,9,-1.0,194.0,0.0,0.0,0.0,6.4,-22,125
2026-03-12T19:39:05.154543,0,3,1,0,9,-1.0,194.25,0.0,0.0,0.0,6.4,-22,125
2026-03-12T19:39:05.279968,0,3,1,0,9,-1.0,194.25,0.0,0.0,0.0,6.4,-22,125
2026-03-12T19:39:05.404990,0,3,1,0,9,-0.9375,194.25,0.0,0.0,0.0,6.4,-22,126
2026-03-12T19:39:05.530226,0,3,1,0,9,-1.0,194.25,0.0,0.0,0.0,6.4,-22,125
2026-03-12T19:39:05.655975,0,3,1,0,9,-1.0,194.25,0.0,0.0,0.0,6.4,-22,125
2026-03-12T19:39:05.780180,0,3,1,0,9,-1.0,194.25,0.0,0.0,0.0,6.4,-22,125
2026-03-12T19:39:05.906167,0,3,1,0,9,-1.0,194.25,0.0,0.0,0.0,6.4,-22,126
2026-03-12T19:39:06.031014,0,3,1,0,9,-1.0,194.25,0.0,0.0,0.0,6.4,-22,125
2026-03-12T19:39:06.149586,0,3,1,0,9,-1.0,194.0,0.0,0.0,0.0,6.4,-22,125
2026-03-12T19:39:06.281228,0,3,1,0,9,-0.9375,194.0,0.0,0.0,0.0,6.4,-22,125
2026-03-12T19:39:06.407016,0,3,1,0,9,-1.0,194.5,0.0,0.0,0.0,6.6,-22,126
2026-03-12T19:39:06.525694,0,3,1,0,9,-1.0,194.25,0.0,0.0,0.0,6.4,-22,125
2026-03-12T19:39:06.656866,0,3,1,0,9,-1.0,194.25,0.0,0.0,0.0,6.4,-22,125
2026-03-12T19:39:06.775780,0,3,1,0,9,-1.0,194.0,0.0,0.0,0.0,6.4,-22,125
2026-03-12T19:39:06.906903,0,3,1,0,9,-1.0,194.0,0.0,0.0,0.0,6.4,-22,125
2026-03-12T19:39:07.035662,0,3,1,0,9,-1.0,194.0,0.0,0.0,0.0,6.4,-22,126
2026-03-12T19:39:07.158469,0,3,1,0,9,-1.0,194.25,0.0,0.0,0.0,6.4,-22,125
2026-03-12T19:39:07.283158,0,3,1,0,9,-1.0,194.25,0.0,0.0,0.0,6.4,-22,125
2026-03-12T19:39:07.410659,0,3,1,0,9,-1.0,194.5,0.0,0.0,0.0,6.4,-22,125
2026-03-12T19:39:07.533960,0,3,1,0,9,-1.0,194.5,0.0,0.0,0.0,6.4,-22,126
2026-03-12T19:39:07.659345,0,3,1,0,9,-1.0,194.25,0.0,0.0,0.0,6.4,-22,125
2026-03-12T19:39:07.784218,0,3,1,0,9,-1.0,194.25,0.0,0.0,0.0,6.4,-22,125
2026-03-12T19:39:07.908806,0,3,1,0,9,-1.0,194.0,0.0,0.0,0.0,6.4,-22,125
2026-03-12T19:39:08.034892,0,3,1,0,9,-1.0,194.25,0.0,0.0,0.0,6.4,-22,126
2026-03-12T19:39:08.161060,0,3,1,0,9,-1.0,194.25,0.0,0.0,0.0,6.4,-22,125
2026-03-12T19:39:08.284869,0,3,1,0,9,-1.0,194.25,0.0,0.0,0.0,6.4,-22,125
2026-03-12T19:39:08.409856,0,3,1,0,9,-1.0,194.25,0.0,0.0,0.0,6.4,-22,125
2026-03-12T19:39:08.535811,0,3,1,0,9,-1.0,194.25,0.0,0.0,0.0,6.4,-22,126
2026-03-12T19:39:08.661513,0,3,1,0,9,-0.9375,194.25,0.0,0.0,0.0,6.6,-22,125
2026-03-12T19:39:08.785979,0,3,1,0,9,-1.0,194.25,0.0,0.0,0.0,6.4,-22,125
2026-03-12T19:39:08.910517,0,3,1,0,9,-1.0,194.0,0.0,0.0,0.0,6.6,-22,125
2026-03-12T19:39:09.037006,0,3,1,0,9,-1.0,194.0,0.0,0.0,0.0,6.4,-22,125
2026-03-12T19:39:09.161989,0,3,1,0,9,-0.9375,194.25,0.0,0.0,0.0,6.4,-22,126
2026-03-12T19:39:09.286970,0,3,1,0,9,-1.0,194.0,0.0,0.0,0.0,6.4,-22,125
2026-03-12T19:39:09.412835,0,3,1,0,9,-1.0,194.0,0.0,0.0,0.0,6.4,-22,125
2026-03-12T19:39:09.536890,0,3,1,0,9,-1.0,194.0,0.0,0.0,0.0,6.4,-22,125
2026-03-12T19:39:09.656807,0,3,1,0,9,-0.9375,194.0,0.0,0.0,0.0,6.4,-22,126
2026-03-12T19:39:09.787283,0,3,1,0,9,-0.9375,194.0,0.0,0.0,0.0,6.4,-22,125
2026-03-12T19:39:09.915003,0,3,1,0,9,-1.0,193.5,0.0,0.0,0.0,6.4,-22,125
2026-03-12T19:39:10.038092,0,3,1,0,9,-0.9375,194.25,0.0,0.0,0.0,6.4,-22,125
2026-03-12T19:39:10.164005,0,3,1,0,9,-1.0,194.0,0.0,0.0,0.0,6.4,-22,126
2026-03-12T19:39:10.291530,0,3,1,0,9,-0.9375,193.75,0.0,0.0,0.0,6.6,-22,125
2026-03-12T19:39:10.413797,0,3,1,0,9,-1.0,194.0,0.0,0.0,0.0,6.4,-22,125
2026-03-12T19:39:10.538984,0,3,1,0,9,-1.0,194.25,0.0,0.0,0.0,6.4,-22,125
2026-03-12T19:39:10.663812,0,3,1,0,9,-1.0,194.0,0.0,0.0,0.0,6.4,-22,125
2026-03-12T19:39:10.789436,0,3,1,0,9,-0.9375,194.0,0.0,0.0,0.0,6.4,-22,126
2026-03-12T19:39:10.915741,0,3,1,0,9,-0.9375,194.0,0.0,0.0,0.0,6.6,-22,125
2026-03-12T19:39:11.039947,0,3,1,0,9,-0.9375,194.5,0.0,0.0,0.0,6.4,-22,125
2026-03-12T19:39:11.164905,0,3,1,0,9,-1.0,194.25,0.0,0.0,0.0,6.4,-22,125
2026-03-12T19:39:11.292750,0,3,1,0,9,-1.0,194.25,0.0,0.0,0.0,6.4,-22,126
2026-03-12T19:39:11.416774,0,3,1,0,9,-1.0,194.0,0.0,0.0,0.0,6.4,-22,125
2026-03-12T19:39:11.540880,0,3,1,0,9,-1.0,194.25,0.0,0.0,0.0,6.4,-22,125
2026-03-12T19:39:11.665882,0,3,1,0,9,-1.0,194.25,0.0,0.0,0.0,6.4,-22,125
2026-03-12T19:39:11.792387,0,3,1,0,9,-1.0,194.5,0.0,0.0,0.0,6.4,-22,126
2026-03-12T19:39:11.916495,0,3,1,0,9,-1.0,194.25,0.0,0.0,0.0,6.4,-22,125
2026-03-12T19:39:12.042174,0,3,1,0,9,-1.0,194.25,0.0,0.0,0.0,6.4,-22,124
2026-03-12T19:39:12.160812,0,3,1,0,9,-1.0,194.25,0.0,0.0,0.0,6.4,-22,125
2026-03-12T19:39:12.291457,0,3,1,0,9,-0.9375,194.0,0.0,0.0,0.0,6.4,-22,124
2026-03-12T19:39:12.418929,0,3,1,0,9,-0.9375,194.0,0.0,0.0,0.0,6.6,-22,125
2026-03-12T19:39:12.543114,0,3,1,0,9,-0.9375,194.0,0.0,0.0,0.0,6.4,-22,124
2026-03-12T19:39:12.668419,0,3,1,0,9,-0.9375,194.25,0.0,0.0,0.0,6.4,-22,124
2026-03-12T19:39:12.792711,0,3,1,0,9,-0.9375,194.25,0.0,0.0,0.0,6.4,-22,124
2026-03-12T19:39:12.912604,0,3,1,0,9,-0.9375,194.25,0.0,0.0,0.0,6.4,-22,125
2026-03-12T19:39:13.043183,0,3,1,0,9,-1.0625,194.25,0.0,0.0,0.0,6.4,-22,124
2026-03-12T19:39:13.168368,0,3,1,0,9,-1.0,194.5,0.0,0.0,0.0,6.6,-22,124
2026-03-12T19:39:13.293755,0,3,1,0,9,-1.0,194.25,0.0,0.0,0.0,6.4,-22,124
2026-03-12T19:39:13.423513,0,3,1,0,9,-1.0,194.25,0.0,0.0,0.0,6.4,-22,125
2026-03-12T19:39:13.544587,0,3,1,0,9,-0.9375,194.25,0.0,0.0,0.0,6.4,-22,124
2026-03-12T19:39:13.669583,0,3,1,0,9,-1.0,194.25,0.0,0.0,0.0,6.6,-22,124
2026-03-12T19:39:13.795373,0,3,1,0,9,-1.0,194.0,0.0,0.0,0.0,6.4,-22,124
2026-03-12T19:39:13.921227,0,3,1,0,9,-1.0,194.0,0.0,0.0,0.0,6.4,-22,126
2026-03-12T19:39:14.045810,0,3,1,0,9,-1.0,194.0,0.0,0.0,0.0,6.6,-22,124
2026-03-12T19:39:14.171244,0,3,1,0,9,-1.0,194.25,0.0,0.0,0.0,6.6,-22,125
2026-03-12T19:39:14.296543,0,3,1,0,9,-1.0,194.0,0.0,0.0,0.0,6.4,-22,124
2026-03-12T19:39:14.421458,0,3,1,0,9,-1.0,194.25,0.0,0.0,0.0,6.6,-22,124
2026-03-12T19:39:14.547458,0,3,1,0,9,-1.0,194.25,0.0,0.0,0.0,6.4,-22,125
2026-03-12T19:39:14.672040,0,3,1,0,9,-1.0,194.5,0.0,0.0,0.0,6.4,-22,124
2026-03-12T19:39:14.797056,0,3,1,0,9,-1.0,194.5,0.0,0.0,0.0,6.4,-22,124
2026-03-12T19:39:14.922555,0,3,1,0,9,-1.0,194.5,0.0,0.0,0.0,6.4,-22,124
2026-03-12T19:39:15.048065,0,3,1,0,9,-1.0,194.25,0.0,0.0,0.0,6.4,-22,125
2026-03-12T19:39:15.173371,0,3,1,0,9,-1.0,194.25,0.0,0.0,0.0,6.4,-22,124
2026-03-12T19:39:15.291745,0,3,1,0,9,-1.0,194.25,0.0,0.0,0.0,6.4,-22,124
2026-03-12T19:39:15.423522,0,3,1,0,9,-1.0,194.0,0.0,0.0,0.0,6.4,-22,124
2026-03-12T19:39:15.548875,0,3,1,0,9,-1.0,194.0,0.0,0.0,0.0,6.4,-22,125
2026-03-12T19:39:15.675630,0,3,1,0,9,-1.0,194.25,0.0,0.0,0.0,6.4,-22,125
2026-03-12T19:39:15.800607,0,3,1,0,9,-1.0,194.5,0.0,0.0,0.0,6.4,-22,125
2026-03-12T19:39:15.926131,0,3,1,0,9,-1.0,194.25,0.0,0.0,0.0,6.4,-22,124
2026-03-12T19:39:16.049454,0,3,1,0,9,-1.0,194.5,0.0,0.0,0.0,6.4,-22,124
2026-03-12T19:39:16.176695,0,3,1,0,9,-1.0,194.5,0.0,0.0,0.0,6.4,-22,125
2026-03-12T19:39:16.301287,0,3,1,0,9,-1.0,194.5,0.0,0.0,0.0,6.4,-22,124
2026-03-12T19:39:16.426647,0,3,1,0,9,-1.0,194.25,0.0,0.0,0.0,6.4,-22,124
2026-03-12T19:39:16.550932,0,3,1,0,9,-1.0,194.25,0.0,0.0,0.0,6.4,-22,124
2026-03-12T19:39:16.678039,0,3,1,0,9,-1.0,194.25,0.0,0.0,0.0,6.6,-22,125
2026-03-12T19:39:16.802751,0,3,1,0,9,-1.0,194.0,0.0,0.0,0.0,6.4,-22,124
2026-03-12T19:39:16.927562,0,3,1,0,9,-1.0,194.25,0.0,0.0,0.0,6.6,-22,124
2026-03-12T19:39:17.052637,0,3,1,0,9,-1.0,194.0,0.0,0.0,0.0,6.4,-22,124
2026-03-12T19:39:17.178827,0,3,1,0,9,-1.0,194.25,0.0,0.0,0.0,6.4,-22,125
2026-03-12T19:39:17.303356,0,3,1,0,9,-1.0,194.25,0.0,0.0,0.0,6.4,-22,124
2026-03-12T19:39:17.429234,0,3,1,0,9,-1.0,194.25,0.0,0.0,0.0,6.4,-22,124
2026-03-12T19:39:17.555776,0,3,1,0,9,-1.0,194.25,0.0,0.0,0.0,6.4,-22,124
2026-03-12T19:39:17.678834,0,3,1,0,9,-1.0,194.0,0.0,0.0,0.0,6.4,-22,124
2026-03-12T19:39:17.797669,0,3,1,0,9,-1.0,194.0,0.0,0.0,0.0,6.4,-22,125
2026-03-12T19:39:17.929774,0,3,1,0,9,-0.9375,194.0,0.0,0.0,0.0,6.4,-22,124
2026-03-12T19:39:18.053896,0,3,1,0,9,-0.875,194.25,0.0,0.0,0.0,6.4,-22,124
2026-03-12T19:39:18.179937,0,3,1,0,9,-0.8125,194.25,0.0,0.0,0.0,6.6,-22,124
2026-03-12T19:39:18.305252,0,3,1,0,9,-0.8125,194.25,0.0,0.0,0.0,6.4,-24,125
2026-03-12T19:39:18.430897,0,3,1,0,9,-0.8125,194.0,0.0,0.0,0.0,6.4,-24,124
2026-03-12T19:39:18.555493,0,3,1,0,9,-0.75,194.0,0.0,0.0,0.0,6.4,-49,124
2026-03-12T19:39:18.681519,0,3,1,0,9,-0.6875,194.25,0.0,0.0,0.0,6.4,-22,124
2026-03-12T19:39:18.806107,0,3,1,0,9,-0.6875,194.25,0.0,0.0,0.0,6.4,-22,125
2026-03-12T19:39:18.931427,0,3,1,0,9,-0.5625,194.25,0.0,0.0,0.0,6.4,-22,124
2026-03-12T19:39:19.055821,0,3,1,0,9,-0.5625,194.25,0.0,0.0,0.0,6.4,-22,124
2026-03-12T19:39:19.181554,0,3,1,0,9,-0.4375,194.25,0.0,0.0,0.0,6.4,-22,124
2026-03-12T19:39:19.306698,0,3,1,0,9,-0.5,194.0,0.0,0.0,0.0,6.4,-22,126
2026-03-12T19:39:19.431896,0,3,1,0,9,-0.375,194.0,0.0,0.0,0.0,6.4,-22,125
2026-03-12T19:39:19.556820,0,3,1,0,9,-0.4375,193.75,0.0,0.0,0.0,6.4,-22,125
2026-03-12T19:39:19.675949,0,3,1,0,9,-0.4375,193.75,0.0,0.0,0.0,6.6,-22,125
2026-03-12T19:39:19.808240,0,3,1,0,9,-0.375,193.75,0.0,0.0,0.0,6.4,-22,126
2026-03-12T19:39:19.933198,0,3,1,0,9,-0.375,193.75,0.0,0.0,0.0,6.4,-22,125
2026-03-12T19:39:20.058287,0,3,1,0,9,-0.3125,193.75,0.0,0.0,0.0,6.4,-22,125
2026-03-12T19:39:20.183465,0,3,1,0,9,-0.25,193.75,0.0,0.0,0.0,6.4,-22,125
2026-03-12T19:39:20.301762,0,3,1,0,9,-0.1875,194.0,0.0,0.0,0.0,6.4,-22,125
2026-03-12T19:39:20.434109,0,3,1,0,9,-0.1875,194.0,0.0,0.0,0.0,6.4,-22,126
2026-03-12T19:39:20.559318,0,3,1,0,9,-0.1875,194.0,0.0,0.0,0.0,6.4,-22,125
2026-03-12T19:39:20.684026,0,3,1,0,9,-0.1875,193.75,0.0,0.0,0.0,6.4,-22,125
2026-03-12T19:39:20.808780,0,3,1,0,9,-0.0625,193.75,0.0,0.0,0.0,6.4,-22,125
2026-03-12T19:39:20.936843,0,3,1,0,9,-0.1875,194.0,0.0,0.0,0.0,6.4,-22,126
2026-03-12T19:39:21.053728,0,3,1,0,9,-0.1875,194.0,0.0,0.0,0.0,6.6,-22,125
2026-03-12T19:39:21.184791,0,3,1,0,9,-0.1875,193.75,0.0,0.0,0.0,6.4,-22,125
2026-03-12T19:39:21.309427,0,3,1,0,9,-0.1875,194.0,0.0,0.0,0.0,6.4,-22,125
2026-03-12T19:39:21.429634,0,3,1,0,9,-0.1875,194.0,0.0,0.0,0.0,6.4,-22,126
2026-03-12T19:39:21.560769,0,3,1,0,9,-0.1875,194.0,0.0,0.0,0.0,6.4,-22,125
2026-03-12T19:39:21.685947,0,3,1,0,9,-0.1875,194.0,0.0,0.0,0.0,6.4,-22,124
2026-03-12T19:39:21.811116,0,3,1,0,9,-0.1875,194.0,0.0,0.0,0.0,6.4,-22,125
2026-03-12T19:39:21.936673,0,3,1,0,9,-0.1875,193.75,0.0,0.0,0.0,6.4,-22,125
2026-03-12T19:39:22.062563,0,3,1,0,9,-0.1875,194.0,0.0,0.0,0.0,6.4,-22,125
2026-03-12T19:39:22.180789,0,3,1,0,9,-0.1875,194.0,0.0,0.0,0.0,6.4,-22,124
2026-03-12T19:39:22.313338,0,3,1,0,9,-0.1875,194.0,0.0,0.0,0.0,6.4,-22,124
2026-03-12T19:39:22.437342,0,3,1,0,9,-0.25,194.0,0.0,0.0,0.0,6.6,-22,124
2026-03-12T19:39:22.562364,0,3,1,0,9,-0.25,193.75,0.0,0.0,0.0,6.4,-22,125
2026-03-12T19:39:22.688057,0,3,1,0,9,-0.25,194.0,0.0,0.0,0.0,6.4,-22,124
2026-03-12T19:39:22.812811,0,3,1,0,9,-0.25,194.0,0.0,0.0,0.0,6.4,-22,124
2026-03-12T19:39:22.937938,0,3,1,0,9,-0.25,194.0,0.0,0.0,0.0,6.4,-22,124
2026-03-12T19:39:23.057395,0,3,1,0,9,-0.25,194.0,0.0,0.0,0.0,6.4,-22,125
2026-03-12T19:39:23.189423,0,3,1,0,9,-0.25,194.0,0.0,0.0,0.0,6.4,-22,124
2026-03-12T19:39:23.313731,0,3,1,0,9,-0.25,194.25,0.0,0.0,0.0,6.4,-22,124
2026-03-12T19:39:23.438825,0,3,1,0,9,-0.25,194.25,0.0,0.0,0.0,6.4,-22,124
2026-03-12T19:39:23.566591,0,3,1,0,9,-0.25,194.5,0.0,0.0,0.0,6.4,-22,125
2026-03-12T19:39:23.691542,0,3,1,0,9,-0.3125,194.25,0.0,0.0,0.0,6.4,-22,125
2026-03-12T19:39:23.816573,0,3,1,0,9,-0.25,194.5,0.0,0.0,0.0,6.4,-22,124
2026-03-12T19:39:23.940651,0,3,1,0,9,-0.3125,194.5,0.0,0.0,0.0,6.4,-22,125
2026-03-12T19:39:24.065760,0,3,1,0,9,-0.3125,194.25,0.0,0.0,0.0,6.4,-22,124
2026-03-12T19:39:24.192277,0,3,1,0,9,-0.3125,194.25,0.0,0.0,0.0,6.4,-22,126
2026-03-12T19:39:24.317055,0,3,1,0,9,-0.3125,194.25,0.0,0.0,0.0,6.6,-22,125
2026-03-12T19:39:24.442349,0,3,1,0,9,-0.3125,194.0,0.0,0.0,0.0,6.4,-22,125
2026-03-12T19:39:24.566439,0,3,1,0,9,-0.3125,194.0,0.0,0.0,0.0,6.6,-22,125
2026-03-12T19:39:24.692962,0,3,1,0,9,-0.3125,194.0,0.0,0.0,0.0,6.6,-22,126
2026-03-12T19:39:24.817466,0,3,1,0,9,-0.3125,194.0,0.0,0.0,0.0,6.4,-22,125
2026-03-12T19:39:24.942442,0,3,1,0,9,-0.3125,194.0,0.0,0.0,0.0,6.4,-22,125
2026-03-12T19:39:25.067732,0,3,1,0,9,-0.3125,194.0,0.0,0.0,0.0,6.4,-22,125
2026-03-12T19:39:25.194547,0,3,1,0,9,-0.25,194.25,0.0,0.0,0.0,6.4,-22,126
2026-03-12T19:39:25.319219,0,3,1,0,9,-0.25,194.0,0.0,0.0,0.0,6.4,-22,126
2026-03-12T19:39:25.445593,0,3,1,0,9,-0.25,194.0,0.0,0.0,0.0,6.4,-22,125
2026-03-12T19:39:25.570201,0,3,1,0,9,-0.25,194.0,0.0,0.0,0.0,6.4,-22,125
2026-03-12T19:39:25.695046,0,3,1,0,9,-0.4375,194.0,0.0,0.0,0.0,6.4,-22,125
2026-03-12T19:39:25.820879,0,3,1,0,9,-0.4375,194.0,0.0,0.0,0.0,6.4,-22,126
2026-03-12T19:39:25.944837,0,3,1,0,9,-0.5,194.0,0.0,0.0,0.0,6.4,-26,124
2026-03-12T19:39:26.071362,0,3,1,0,9,-0.625,194.25,0.0,0.0,0.0,6.4,-31,125
2026-03-12T19:39:26.196001,0,3,1,0,9,-0.625,194.25,0.0,0.0,0.0,6.4,-22,124
2026-03-12T19:39:26.321339,0,3,1,0,9,-0.75,194.25,0.0,0.0,0.0,6.4,-22,126
2026-03-12T19:39:26.447420,0,3,1,0,9,-0.8125,194.25,0.0,0.0,0.0,6.4,-27,125
2026-03-12T19:39:26.572134,0,3,1,0,9,-0.6875,194.5,0.0,0.0,0.0,6.4,-22,124
2026-03-12T19:39:26.697468,0,3,1,0,9,-0.6875,194.5,0.0,0.0,0.0,6.4,-22,125
2026-03-12T19:39:26.822302,0,3,1,0,9,-0.8125,194.5,0.0,0.0,0.0,6.4,-22,126
2026-03-12T19:39:26.949202,0,3,1,0,9,-0.9375,194.5,0.0,0.0,0.0,6.4,-22,124
2026-03-12T19:39:27.073234,0,3,1,0,9,-1.0,194.0,0.0,0.0,0.0,6.4,-22,125
2026-03-12T19:39:27.198799,0,3,1,0,9,-0.9375,194.0,0.0,0.0,0.0,6.4,-22,124
2026-03-12T19:39:27.323555,0,3,1,0,9,-1.0,194.25,0.0,0.0,0.0,6.4,-22,125
2026-03-12T19:39:27.448859,0,3,1,0,9,-0.9375,194.0,0.0,0.0,0.0,6.4,-22,125
2026-03-12T19:39:27.574129,0,3,1,0,9,-0.9375,194.0,0.0,0.0,0.0,6.4,-27,124
2026-03-12T19:39:27.699042,0,3,1,0,9,-1.0,193.75,0.0,0.0,0.0,6.4,-25,124
2026-03-12T19:39:27.823545,0,3,1,0,9,-0.9375,193.75,0.0,0.0,0.0,6.4,-22,124
2026-03-12T19:39:27.950489,0,3,1,0,9,-1.0625,194.0,0.0,0.0,0.0,6.4,-22,125
2026-03-12T19:39:28.076267,0,3,1,0,9,-1.0,194.0,0.0,0.0,0.0,6.4,-22,124
2026-03-12T19:39:28.201134,0,3,1,0,9,-1.0625,194.0,0.0,0.0,0.0,6.4,-22,124
2026-03-12T19:39:28.325176,0,3,1,0,9,-1.125,194.25,0.0,0.0,0.0,6.4,-22,124
2026-03-12T19:39:28.452622,0,3,1,0,9,-0.9375,194.25,0.0,0.0,0.0,6.4,-22,125
2026-03-12T19:39:28.575980,0,3,1,0,9,-1.0625,194.0,0.0,0.0,0.0,6.4,-22,124
2026-03-12T19:39:28.700887,0,3,1,0,9,-1.0625,194.25,0.0,0.0,0.0,6.4,-22,124
2026-03-12T19:39:28.826180,0,3,1,0,9,-0.9375,194.25,0.0,0.0,0.0,6.6,-22,124
2026-03-12T19:39:28.953062,0,3,1,0,9,-1.0,194.25,0.0,0.0,0.0,6.6,-22,125
2026-03-12T19:39:29.077994,0,3,1,0,9,-1.0,194.25,0.0,0.0,0.0,6.4,-22,125
2026-03-12T19:39:29.204291,0,3,1,0,9,-1.0,194.5,0.0,0.0,0.0,6.4,-22,124
2026-03-12T19:39:29.329560,0,3,1,0,9,-1.0,194.25,0.0,0.0,0.0,6.4,-22,124
2026-03-12T19:39:29.454337,0,3,1,0,9,-1.0,194.25,0.0,0.0,0.0,6.4,-22,124
2026-03-12T19:39:29.579732,0,3,1,0,9,-1.0,194.25,0.0,0.0,0.0,6.4,-22,125
2026-03-12T19:39:29.704428,0,3,1,0,9,-1.0,194.25,0.0,0.0,0.0,6.4,-22,124
2026-03-12T19:39:29.829562,0,3,1,0,9,-1.0,194.25,0.0,0.0,0.0,6.4,-22,124
2026-03-12T19:39:29.947600,0,3,1,0,9,-1.0,194.0,0.0,0.0,0.0,6.4,-22,124
2026-03-12T19:39:30.080156,0,3,1,0,9,-1.0,194.0,0.0,0.0,0.0,6.4,-22,126
2026-03-12T19:39:30.206115,0,3,1,0,9,-1.0,194.25,0.0,0.0,0.0,6.4,-22,125
2026-03-12T19:39:30.323416,0,3,1,0,9,-1.0,194.25,0.0,0.0,0.0,6.4,-24,124
2026-03-12T19:39:30.455463,0,3,1,0,9,-1.0,194.0,0.0,0.0,0.0,6.6,-28,125
2026-03-12T19:39:30.574851,0,3,1,0,9,-1.0,194.25,0.0,0.0,0.0,6.4,-22,125
2026-03-12T19:39:30.706544,0,3,1,0,9,-1.0,194.25,0.0,0.0,0.0,6.4,-27,125
2026-03-12T19:39:30.831546,0,3,1,0,9,-1.0,194.25,0.0,0.0,0.0,6.4,-29,125
2026-03-12T19:39:30.957384,0,3,1,0,9,-1.0,194.25,0.0,0.0,0.0,6.4,-30,125
2026-03-12T19:39:31.081775,0,3,1,0,9,-1.0,194.25,0.0,0.0,0.0,6.4,-29,125
2026-03-12T19:39:31.207153,0,3,1,0,9,-1.0,194.25,0.0,0.0,0.0,6.4,-29,126
2026-03-12T19:39:31.332066,0,3,1,0,9,-1.0,193.75,0.0,0.0,0.0,6.4,-28,125
2026-03-12T19:39:31.450587,0,3,1,0,9,-1.0,194.25,0.0,0.0,0.0,6.4,-25,125
2026-03-12T19:39:31.575426,0,3,1,0,9,-1.0,194.0,0.0,0.0,0.0,6.4,-24,125
2026-03-12T19:39:31.708375,0,3,1,0,9,-1.0,193.75,0.0,0.0,0.0,6.4,-22,126
2026-03-12T19:39:31.826412,0,3,1,0,9,-1.0,194.25,0.0,0.0,0.0,6.4,-22,125
2026-03-12T19:39:31.958540,0,3,1,0,9,-1.0,194.25,0.0,0.0,0.0,6.4,-22,125
2026-03-12T19:39:32.082620,0,3,1,0,9,-1.0,194.0,0.0,0.0,0.0,6.4,-22,125
2026-03-12T19:39:32.211002,0,3,1,0,9,-1.0,194.0,0.0,0.0,0.0,6.4,-22,126
2026-03-12T19:39:32.334232,0,3,1,0,9,-1.0,194.0,0.0,0.0,0.0,6.6,-22,125
2026-03-12T19:39:32.459204,0,3,1,0,9,-1.0,194.0,0.0,0.0,0.0,6.4,-22,125
2026-03-12T19:39:32.583626,0,3,1,0,9,-1.0,194.0,0.0,0.0,0.0,6.4,-22,125
2026-03-12T19:39:32.713285,0,3,1,0,9,-1.0,194.5,0.0,0.0,0.0,6.4,-22,126
2026-03-12T19:39:32.834979,0,3,1,0,9,-1.0,194.25,0.0,0.0,0.0,6.4,-22,125
2026-03-12T19:39:32.960280,0,3,1,0,9,-1.0,194.0,0.0,0.0,0.0,6.4,-22,125
2026-03-12T19:39:33.085058,0,3,1,0,9,-1.0,194.0,0.0,0.0,0.0,6.4,-22,125
2026-03-12T19:39:33.210355,0,3,1,0,9,-1.0,194.25,0.0,0.0,0.0,6.4,-22,125
2026-03-12T19:39:33.336104,0,3,1,0,9,-1.0,194.5,0.0,0.0,0.0,6.4,-22,126
2026-03-12T19:39:33.461149,0,3,1,0,9,-1.0,194.5,0.0,0.0,0.0,6.4,-22,125
2026-03-12T19:39:33.579534,0,3,1,0,9,-1.0,194.5,0.0,0.0,0.0,6.4,-22,125
2026-03-12T19:39:33.711028,0,3,1,0,9,-1.0,194.25,0.0,0.0,0.0,6.4,-22,125
2026-03-12T19:39:33.837043,0,3,1,0,9,-1.0,194.25,0.0,0.0,0.0,6.4,-22,126
2026-03-12T19:39:33.962022,0,3,1,0,9,-1.0,194.0,0.0,0.0,0.0,6.4,-22,125
2026-03-12T19:39:34.086673,0,3,1,0,9,-1.0,194.25,0.0,0.0,0.0,6.4,-22,125
2026-03-12T19:39:34.211889,0,3,1,0,9,-1.0,194.0,0.0,0.0,0.0,6.4,-22,125
2026-03-12T19:39:34.337670,0,3,1,0,9,-1.0,194.0,0.0,0.0,0.0,6.4,-22,126
2026-03-12T19:39:34.462654,0,3,1,0,9,-1.0,194.25,0.0,0.0,0.0,6.4,-22,125
2026-03-12T19:39:34.587941,0,3,1,0,9,-1.0,194.5,0.0,0.0,0.0,6.4,-22,125
2026-03-12T19:39:34.706510,0,3,1,0,9,-1.0,194.25,0.0,0.0,0.0,6.4,-22,125
2026-03-12T19:39:34.838097,0,3,1,0,9,-1.0,194.25,0.0,0.0,0.0,6.4,-22,125
2026-03-12T19:39:34.965051,0,3,1,0,9,-1.0,194.25,0.0,0.0,0.0,6.4,-22,126
2026-03-12T19:39:35.089242,0,3,1,0,9,-1.0,194.5,0.0,0.0,0.0,6.4,-22,125
2026-03-12T19:39:35.207481,0,3,1,0,9,-1.0,194.5,0.0,0.0,0.0,6.4,-22,125
2026-03-12T19:39:35.332493,0,3,1,0,9,-1.0,194.25,0.0,0.0,0.0,6.4,-22,125
2026-03-12T19:39:35.464547,0,3,1,0,9,-1.0,194.25,0.0,0.0,0.0,6.6,-22,126
2026-03-12T19:39:35.589950,0,3,1,0,9,-1.0,194.0,0.0,0.0,0.0,6.4,-22,125
2026-03-12T19:39:35.715264,0,3,1,0,9,-1.0,194.25,0.0,0.0,0.0,6.4,-22,125
2026-03-12T19:39:35.841366,0,3,1,0,9,-1.0,194.25,0.0,0.0,0.0,6.4,-22,125
2026-03-12T19:39:35.959530,0,3,1,0,9,-1.0,194.25,0.0,0.0,0.0,6.4,-22,126
2026-03-12T19:39:36.084557,0,3,1,0,9,-1.0,194.25,0.0,0.0,0.0,6.4,-22,125
2026-03-12T19:39:36.215395,0,3,1,0,9,-1.0,194.25,0.0,0.0,0.0,6.4,-22,124
2026-03-12T19:39:36.334492,0,3,1,0,9,-1.0,194.25,0.0,0.0,0.0,6.4,-22,125
2026-03-12T19:39:36.460459,0,3,1,0,9,-1.0,194.25,0.0,0.0,0.0,6.4,-22,126
2026-03-12T19:39:36.591974,0,3,1,0,9,-1.0,194.0,0.0,0.0,0.0,6.4,-22,124
2026-03-12T19:39:36.717492,0,3,1,0,9,-1.0,194.5,0.0,0.0,0.0,6.4,-22,125
2026-03-12T19:39:36.841796,0,3,1,0,9,-1.0,194.5,0.0,0.0,0.0,6.4,-22,125
2026-03-12T19:39:36.967300,0,3,1,0,9,-1.0,194.5,0.0,0.0,0.0,6.4,-22,125
2026-03-12T19:39:37.092919,0,3,1,0,9,-1.0,194.0,0.0,0.0,0.0,6.4,-24,125
2026-03-12T19:39:37.217619,0,3,1,0,9,-1.0,194.25,0.0,0.0,0.0,6.4,-22,125
2026-03-12T19:39:37.343011,0,3,1,0,9,-1.0,194.25,0.0,0.0,0.0,6.4,-22,125
2026-03-12T19:39:37.468173,0,3,1,0,9,-1.0,194.0,0.0,0.0,0.0,6.4,-22,125
2026-03-12T19:39:37.593481,0,3,1,0,9,-1.0,194.0,0.0,0.0,0.0,6.4,-22,126
2026-03-12T19:39:37.719104,0,3,1,0,9,-1.0,194.0,0.0,0.0,0.0,6.4,-22,124
2026-03-12T19:39:37.843803,0,3,1,0,9,-1.0,194.0,0.0,0.0,0.0,6.4,-22,125
2026-03-12T19:39:37.968663,0,3,1,0,9,-1.0,194.0,0.0,0.0,0.0,6.4,-22,124
2026-03-12T19:39:38.095015,0,3,1,0,9,-1.0,194.25,0.0,0.0,0.0,6.4,-22,126
2026-03-12T19:39:38.224623,0,3,1,0,9,-1.0,194.25,0.0,0.0,0.0,6.4,-22,125
2026-03-12T19:39:38.345011,0,3,1,0,9,-1.0,194.0,0.0,0.0,0.0,6.4,-22,125
2026-03-12T19:39:38.469364,0,3,1,0,9,-1.0,194.25,0.0,0.0,0.0,6.4,-22,125
2026-03-12T19:39:38.596942,0,3,1,0,9,-1.0,194.25,0.0,0.0,0.0,6.6,-22,126
2026-03-12T19:39:38.721422,0,3,1,0,9,-1.0,194.25,0.0,0.0,0.0,6.6,-22,125
2026-03-12T19:39:38.846607,0,3,1,0,9,-1.0,194.0,0.0,0.0,0.0,6.4,-22,125
2026-03-12T19:39:38.970876,0,3,1,0,9,-1.0,194.0,0.0,0.0,0.0,6.4,-22,124
2026-03-12T19:39:39.090669,0,3,1,0,9,-1.0,194.0,0.0,0.0,0.0,6.4,-22,126
2026-03-12T19:39:39.222252,0,3,1,0,9,-1.0,194.25,0.0,0.0,0.0,6.4,-22,125
2026-03-12T19:39:39.346314,0,3,1,0,9,-1.0,194.5,0.0,0.0,0.0,6.4,-22,125
2026-03-12T19:39:39.472722,0,3,1,0,9,-1.0,194.25,0.0,0.0,0.0,6.4,-22,125
2026-03-12T19:39:39.597953,0,3,1,0,9,-1.0,194.25,0.0,0.0,0.0,6.4,-22,125
2026-03-12T19:39:39.723621,0,3,1,0,9,-1.0,194.0,0.0,0.0,0.0,6.4,-22,126
2026-03-12T19:39:39.849598,0,3,1,0,9,-1.0,194.25,0.0,0.0,0.0,6.4,-22,125
2026-03-12T19:39:39.973098,0,3,1,0,9,-1.0,194.0,0.0,0.0,0.0,6.4,-22,125
2026-03-12T19:39:40.098412,0,3,1,0,9,-1.0,194.0,0.0,0.0,0.0,6.4,-22,125
2026-03-12T19:39:40.224170,0,3,1,0,9,-1.0,194.5,0.0,0.0,0.0,6.4,-22,126
2026-03-12T19:39:40.349360,0,3,1,0,9,-1.0,194.5,0.0,0.0,0.0,6.4,-22,125
2026-03-12T19:39:40.474675,0,3,1,0,9,-1.0,194.5,0.0,0.0,0.0,6.6,-22,125
2026-03-12T19:39:40.593259,0,3,1,0,9,-1.0,194.0,0.0,0.0,0.0,6.4,-22,125
2026-03-12T19:39:40.724984,0,3,1,0,9,-1.0,194.0,0.0,0.0,0.0,6.4,-22,126
2026-03-12T19:39:40.850571,0,3,1,0,9,-1.0,194.0,0.0,0.0,0.0,6.4,-22,125
2026-03-12T19:39:40.975035,0,3,1,0,9,-1.0,194.25,0.0,0.0,0.0,6.4,-22,125
2026-03-12T19:39:41.100006,0,3,1,0,9,-1.0,194.25,0.0,0.0,0.0,6.4,-22,125
2026-03-12T19:39:41.224520,0,3,1,0,9,-1.0,194.25,0.0,0.0,0.0,6.4,-22,125
2026-03-12T19:39:41.351711,0,3,1,0,9,-1.0,194.0,0.0,0.0,0.0,6.4,-22,126
2026-03-12T19:39:41.470029,0,3,1,0,9,-1.0,194.0,0.0,0.0,0.0,6.4,-22,125
2026-03-12T19:39:41.601798,0,3,1,0,9,-1.0,194.0,0.0,0.0,0.0,6.4,-22,125
2026-03-12T19:39:41.720319,0,3,1,0,9,-1.0,194.0,0.0,0.0,0.0,6.4,-22,125
2026-03-12T19:39:41.852805,0,3,1,0,9,-1.0,194.0,0.0,0.0,0.0,6.4,-22,126
2026-03-12T19:39:41.976797,0,3,1,0,9,-1.0,194.0,0.0,0.0,0.0,6.4,-22,125
2026-03-12T19:39:42.102082,0,3,1,0,9,-1.0,194.25,0.0,0.0,0.0,6.4,-22,125
2026-03-12T19:39:42.227931,0,3,1,0,9,-1.0,194.25,0.0,0.0,0.0,6.4,-22,125
2026-03-12T19:39:42.353188,0,3,1,0,9,-1.0,194.0,0.0,0.0,0.0,6.6,-22,126
2026-03-12T19:39:42.478822,0,3,1,0,9,-1.0,194.25,0.0,0.0,0.0,6.4,-22,125
2026-03-12T19:39:42.602441,0,3,1,0,9,-1.0,193.75,0.0,0.0,0.0,6.4,-22,125
2026-03-12T19:39:42.728398,0,3,1,0,9,-1.0,194.0,0.0,0.0,0.0,6.4,-22,125
2026-03-12T19:39:42.852892,0,3,1,0,9,-1.0,194.5,0.0,0.0,0.0,6.4,-22,125
2026-03-12T19:39:42.979639,0,3,1,0,9,-1.0,194.5,0.0,0.0,0.0,6.4,-22,126
2026-03-12T19:39:43.103887,0,3,1,0,9,-1.0,194.5,0.0,0.0,0.0,6.4,-22,125
2026-03-12T19:39:43.229583,0,3,1,0,9,-1.0,194.0,0.0,0.0,0.0,6.4,-22,125
2026-03-12T19:39:43.354416,0,3,1,0,9,-1.0,194.0,0.0,0.0,0.0,6.4,-22,125
2026-03-12T19:39:43.481269,0,3,1,0,9,-1.0,194.25,0.0,0.0,0.0,6.4,-22,126
2026-03-12T19:39:43.599504,0,3,1,0,9,-1.0,194.0,0.0,0.0,0.0,6.4,-22,125
2026-03-12T19:39:43.731008,0,3,1,0,9,-1.0,194.5,0.0,0.0,0.0,6.4,-22,125
2026-03-12T19:39:43.855736,0,3,1,0,9,-1.0,194.0,0.0,0.0,0.0,6.4,-22,125
2026-03-12T19:39:43.975393,0,3,1,0,9,-1.0,193.75,0.0,0.0,0.0,6.4,-22,126
2026-03-12T19:39:44.106100,0,3,1,0,9,-1.0,194.0,0.0,0.0,0.0,6.4,-22,125
2026-03-12T19:39:44.231348,0,3,1,0,9,-1.0,194.0,0.0,0.0,0.0,6.4,-22,125
2026-03-12T19:39:44.350393,0,3,1,0,9,-1.0,194.0,0.0,0.0,0.0,6.6,-22,125
2026-03-12T19:39:44.481234,0,3,1,0,9,-1.0,194.0,0.0,0.0,0.0,6.4,-22,125
2026-03-12T19:39:44.608187,0,3,1,0,9,-1.0,194.0,0.0,0.0,0.0,6.4,-22,126
2026-03-12T19:39:44.733251,0,3,1,0,9,-1.0,194.25,0.0,0.0,0.0,6.4,-22,125
2026-03-12T19:39:44.851458,0,3,1,0,9,-1.0,194.25,0.0,0.0,0.0,6.4,-22,125
2026-03-12T19:39:44.976075,0,3,1,0,9,-1.0,194.0,0.0,0.0,0.0,6.6,-22,125
2026-03-12T19:39:45.102103,0,3,1,0,9,-1.0,194.25,0.0,0.0,0.0,6.4,-22,126
2026-03-12T19:39:45.227633,0,3,1,0,9,-1.0,193.75,0.0,0.0,0.0,6.4,-22,125
2026-03-12T19:39:45.358618,0,3,1,0,9,-1.0,193.75,0.0,0.0,0.0,6.4,-22,125
2026-03-12T19:39:45.485197,0,3,1,0,9,-1.0,194.25,0.0,0.0,0.0,6.4,-22,125
2026-03-12T19:39:45.610103,0,3,1,0,9,-1.0,194.25,0.0,0.0,0.0,6.4,-22,126
2026-03-12T19:39:45.735944,0,3,1,0,9,-1.0,194.25,0.0,0.0,0.0,6.4,-22,125
2026-03-12T19:39:45.860094,0,3,1,0,9,-1.0,193.75,0.0,0.0,0.0,6.4,-22,125
2026-03-12T19:39:45.985367,0,3,1,0,9,-1.0,193.75,0.0,0.0,0.0,6.4,-22,125
2026-03-12T19:39:46.110011,0,3,1,0,9,-1.0,194.25,0.0,0.0,0.0,6.4,-22,126
2026-03-12T19:39:46.236595,0,3,1,0,9,-1.0,193.75,0.0,0.0,0.0,6.6,-22,125
2026-03-12T19:39:46.360493,0,3,1,0,9,-1.0,194.0,0.0,0.0,0.0,6.4,-22,125
2026-03-12T19:39:46.486992,0,3,1,0,9,-1.0,194.25,0.0,0.0,0.0,6.4,-24,125
2026-03-12T19:39:46.611070,0,3,1,0,9,-1.0,193.75,0.0,0.0,0.0,6.4,-30,125
2026-03-12T19:39:46.737306,0,3,1,0,9,-1.0,194.0,0.0,0.0,0.0,6.4,-28,126
2026-03-12T19:39:46.861953,0,3,1,0,9,-1.0,194.0,0.0,0.0,0.0,6.4,-23,125
2026-03-12T19:39:46.987943,0,3,1,0,9,-1.0,194.0,0.0,0.0,0.0,6.4,-22,125
2026-03-12T19:39:47.111037,0,3,1,0,9,-1.0,193.75,0.0,0.0,0.0,6.4,-22,125
2026-03-12T19:39:47.238252,0,3,1,0,9,-1.0,193.75,0.0,0.0,0.0,6.6,-23,126
2026-03-12T19:39:47.356023,0,3,1,0,9,-1.0,194.0,0.0,0.0,0.0,6.4,-22,125
2026-03-12T19:39:47.488692,0,3,1,0,9,-1.0,194.0,0.0,0.0,0.0,6.4,-22,125
2026-03-12T19:39:47.612972,0,3,1,0,9,-1.0,193.75,0.0,0.0,0.0,6.4,-23,125
2026-03-12T19:39:47.739339,0,3,1,0,9,-1.0,194.25,0.0,0.0,0.0,6.4,-22,126
2026-03-12T19:39:47.864096,0,3,1,0,9,-1.0,194.25,0.0,0.0,0.0,6.4,-22,125
2026-03-12T19:39:47.989657,0,3,1,0,9,-1.0,193.75,0.0,0.0,0.0,6.4,-22,125
2026-03-12T19:39:48.113429,0,3,1,0,9,-1.0,194.0,0.0,0.0,0.0,6.4,-22,125
2026-03-12T19:39:48.240313,0,3,1,0,9,-1.0,194.0,0.0,0.0,0.0,6.4,-22,126
2026-03-12T19:39:48.364822,0,3,1,0,9,-1.0,194.0,0.0,0.0,0.0,6.4,-23,124
2026-03-12T19:39:48.490514,0,3,1,0,9,-1.0,194.0,0.0,0.0,0.0,6.4,-23,125
2026-03-12T19:39:48.614088,0,3,1,0,9,-1.0,194.0,0.0,0.0,0.0,6.4,-23,124
2026-03-12T19:39:48.741471,0,3,1,0,9,-1.0,194.0,0.0,0.0,0.0,6.4,-23,125
2026-03-12T19:39:48.866077,0,3,1,0,9,-1.0,193.75,0.0,0.0,0.0,6.4,-23,125
2026-03-12T19:39:48.991534,0,3,1,0,9,-1.0,193.75,0.0,0.0,0.0,6.6,-22,124
2026-03-12T19:39:49.116046,0,3,1,0,9,-1.0,194.25,0.0,0.0,0.0,6.4,-22,124
2026-03-12T19:39:49.242128,0,3,1,0,9,-1.0,194.0,0.0,0.0,0.0,6.6,-22,124
2026-03-12T19:39:49.361055,0,3,1,0,9,-1.0,194.0,0.0,0.0,0.0,6.4,-22,125
2026-03-12T19:39:49.492936,0,3,1,0,9,-1.0,193.75,0.0,0.0,0.0,6.4,-22,124
2026-03-12T19:39:49.617423,0,3,1,0,9,-1.0,193.75,0.0,0.0,0.0,6.4,-23,124
2026-03-12T19:39:49.742714,0,3,1,0,9,-1.0,193.75,0.0,0.0,0.0,6.4,-22,124
2026-03-12T19:39:49.868788,0,3,1,0,9,-1.0,193.75,0.0,0.0,0.0,6.4,-22,125
2026-03-12T19:39:49.993547,0,3,1,0,9,-1.0,193.75,0.0,0.0,0.0,6.4,-22,124
2026-03-12T19:39:50.118871,0,3,1,0,9,-1.0,193.75,0.0,0.0,0.0,6.4,-22,124
2026-03-12T19:39:50.243610,0,3,1,0,9,-1.0,193.75,0.0,0.0,0.0,6.4,-22,124
2026-03-12T19:39:50.369276,0,3,1,0,9,-1.0,194.25,0.0,0.0,0.0,6.4,-22,124
2026-03-12T19:39:50.494049,0,3,1,0,9,-1.0,193.75,0.0,0.0,0.0,6.4,-22,125
2026-03-12T19:39:50.619291,0,3,1,0,9,-1.0,193.75,0.0,0.0,0.0,6.4,-22,124
2026-03-12T19:39:50.744903,0,3,1,0,9,-1.0,194.0,0.0,0.0,0.0,6.4,-22,124
2026-03-12T19:39:50.870113,0,3,1,0,9,-1.0,194.0,0.0,0.0,0.0,6.4,-22,124
2026-03-12T19:39:50.995840,0,3,1,0,9,-1.0,194.0,0.0,0.0,0.0,6.4,-22,125
2026-03-12T19:39:51.120111,0,3,1,0,9,-1.0,194.0,0.0,0.0,0.0,6.4,-22,124
2026-03-12T19:39:51.246880,0,3,1,0,9,-1.0,194.0,0.0,0.0,0.0,6.4,-22,124
2026-03-12T19:39:51.370294,0,3,1,0,9,-1.0,194.0,0.0,0.0,0.0,6.4,-22,124
2026-03-12T19:39:51.490252,0,3,1,0,9,-1.0,193.5,0.0,0.0,0.0,6.4,-22,125
2026-03-12T19:39:51.621324,0,3,1,0,9,-1.0,193.75,0.0,0.0,0.0,6.6,-22,124
2026-03-12T19:39:51.740239,0,3,1,0,9,-1.0,194.0,0.0,0.0,0.0,6.6,-22,124
2026-03-12T19:39:51.871865,0,3,1,0,9,-1.0,193.5,0.0,0.0,0.0,6.4,-22,124
2026-03-12T19:39:51.997523,0,3,1,0,9,-1.0,193.75,0.0,0.0,0.0,6.4,-22,125
2026-03-12T19:39:52.123615,0,3,1,0,9,-1.0,194.25,0.0,0.0,0.0,6.4,-22,124
2026-03-12T19:39:52.247495,0,3,1,0,9,-1.0,194.25,0.0,0.0,0.0,6.4,-22,124
2026-03-12T19:39:52.373507,0,3,1,0,9,-1.0,194.25,0.0,0.0,0.0,6.4,-22,124
2026-03-12T19:39:52.497757,0,3,1,0,9,-1.0,193.75,0.0,0.0,0.0,6.4,-22,124
2026-03-12T19:39:52.623098,0,3,1,0,9,-1.0,193.75,0.0,0.0,0.0,6.4,-22,125
2026-03-12T19:39:52.749387,0,3,1,0,9,-1.0,193.75,0.0,0.0,0.0,6.4,-22,124
2026-03-12T19:39:52.873260,0,3,1,0,9,-1.0,194.0,0.0,0.0,0.0,6.4,-22,124
2026-03-12T19:39:52.998146,0,3,1,0,9,-1.0,193.75,0.0,0.0,0.0,6.6,-22,124
2026-03-12T19:39:53.124861,0,3,1,0,9,-1.0,193.75,0.0,0.0,0.0,6.4,-22,125
2026-03-12T19:39:53.249959,0,3,1,0,9,-1.0,193.75,0.0,0.0,0.0,6.4,-22,124
2026-03-12T19:39:53.374498,0,3,1,0,9,-1.0,193.75,0.0,0.0,0.0,6.4,-22,124
2026-03-12T19:39:53.500287,0,3,1,0,9,-1.0,193.75,0.0,0.0,0.0,6.4,-22,124
2026-03-12T19:39:53.625186,0,3,1,0,9,-1.0,193.75,0.0,0.0,0.0,6.4,-22,125
2026-03-12T19:39:53.749918,0,3,1,0,9,-1.0,193.75,0.0,0.0,0.0,6.4,-22,124
2026-03-12T19:39:53.869000,0,3,1,0,9,-1.0,194.0,0.0,0.0,0.0,6.4,-22,125
2026-03-12T19:39:53.994552,0,3,1,0,9,-1.0,194.0,0.0,0.0,0.0,6.4,-22,125
2026-03-12T19:39:54.120520,0,3,1,0,9,-1.0,193.5,0.0,0.0,0.0,6.4,-22,126
2026-03-12T19:39:54.251844,0,3,1,0,9,-1.0,193.5,0.0,0.0,0.0,6.4,-22,125
2026-03-12T19:39:54.377325,0,3,1,0,9,-1.0,193.75,0.0,0.0,0.0,6.4,-22,125
2026-03-12T19:39:54.495057,0,3,1,0,9,-1.0,193.75,0.0,0.0,0.0,6.4,-22,125
2026-03-12T19:39:54.625529,0,3,1,0,9,-1.0,193.5,0.0,0.0,0.0,6.4,-22,125
2026-03-12T19:39:54.752148,0,3,1,0,9,-1.0,193.5,0.0,0.0,0.0,6.4,-22,126
2026-03-12T19:39:54.878566,0,3,1,0,9,-1.0,193.5,0.0,0.0,0.0,6.4,-22,125
2026-03-12T19:39:55.002464,0,3,1,0,9,-1.0,193.5,0.0,0.0,0.0,6.4,-22,125
2026-03-12T19:39:55.127515,0,3,1,0,9,-1.0,194.0,0.0,0.0,0.0,6.4,-22,125
2026-03-12T19:39:55.253282,0,3,1,0,9,-1.0,194.0,0.0,0.0,0.0,6.4,-22,126
2026-03-12T19:39:55.378641,0,3,1,0,9,-1.0,193.5,0.0,0.0,0.0,6.4,-22,125
2026-03-12T19:39:55.504498,0,3,1,0,9,-1.0,193.75,0.0,0.0,0.0,6.4,-22,125
2026-03-12T19:39:55.628371,0,3,1,0,9,-1.0,194.0,0.0,0.0,0.0,6.4,-22,125
2026-03-12T19:39:55.754749,0,3,1,0,9,-1.0,194.0,0.0,0.0,0.0,6.6,-22,126
2026-03-12T19:39:55.879785,0,3,1,0,9,-1.0,193.75,0.0,0.0,0.0,6.4,-22,125
2026-03-12T19:39:56.004640,0,3,1,0,9,-1.0,194.0,0.0,0.0,0.0,6.4,-22,125
2026-03-12T19:39:56.129712,0,3,1,0,9,-1.0,194.25,0.0,0.0,0.0,6.4,-22,125
2026-03-12T19:39:56.254849,0,3,1,0,9,-1.0,194.0,0.0,0.0,0.0,6.4,-22,125
2026-03-12T19:39:56.380031,0,3,1,0,9,-1.0,194.0,0.0,0.0,0.0,6.4,-22,126
2026-03-12T19:39:56.505220,0,3,1,0,9,-1.0,194.0,0.0,0.0,0.0,6.4,-22,124
2026-03-12T19:39:56.632455,0,3,1,0,9,-1.0,194.0,0.0,0.0,0.0,6.4,-22,125
2026-03-12T19:39:56.755797,0,3,1,0,9,-1.0,194.0,0.0,0.0,0.0,6.4,-22,125
2026-03-12T19:39:56.881438,0,3,1,0,9,-1.0,194.0,0.0,0.0,0.0,6.4,-22,125
2026-03-12T19:39:57.006626,0,3,1,0,9,-1.0,194.0,0.0,0.0,0.0,6.4,-22,125
2026-03-12T19:39:57.131685,0,3,1,0,9,-1.0,193.75,0.0,0.0,0.0,6.4,-22,124
2026-03-12T19:39:57.256001,0,3,1,0,9,-1.0,193.75,0.0,0.0,0.0,6.4,-22,124
2026-03-12T19:39:57.383664,0,3,1,0,9,-1.0,194.25,0.0,0.0,0.0,6.4,-22,125
2026-03-12T19:39:57.507904,0,3,1,0,9,-1.0,194.0,0.0,0.0,0.0,6.4,-22,124
2026-03-12T19:39:57.632380,0,3,1,0,9,-1.0,194.0,0.0,0.0,0.0,6.4,-22,124
2026-03-12T19:39:57.757506,0,3,1,0,9,-1.0,194.0,0.0,0.0,0.0,6.4,-22,124
2026-03-12T19:39:57.883391,0,3,1,0,9,-1.0,193.75,0.0,0.0,0.0,6.4,-22,125
2026-03-12T19:39:58.008489,0,3,1,0,9,-1.0,193.75,0.0,0.0,0.0,6.4,-22,124
2026-03-12T19:39:58.134370,0,3,1,0,9,-1.0,193.5,0.0,0.0,0.0,6.4,-22,124
2026-03-12T19:39:58.257803,0,3,1,0,9,-1.0,194.0,0.0,0.0,0.0,6.4,-22,124
2026-03-12T19:39:58.383657,0,3,1,0,9,-1.0,193.75,0.0,0.0,0.0,6.4,-22,124
2026-03-12T19:39:58.503030,0,3,1,0,9,-1.0,193.5,0.0,0.0,0.0,6.4,-22,125
2026-03-12T19:39:58.633862,0,3,1,0,9,-1.0,193.75,0.0,0.0,0.0,6.4,-22,124
2026-03-12T19:39:58.759302,0,3,1,0,9,-1.0,194.0,0.0,0.0,0.0,6.4,-22,124
2026-03-12T19:39:58.884756,0,3,1,0,9,-1.0,194.0,0.0,0.0,0.0,6.4,-22,124
2026-03-12T19:39:59.010995,0,3,1,0,9,-1.0,193.75,0.0,0.0,0.0,6.4,-22,125
2026-03-12T19:39:59.135996,0,3,1,0,9,-1.0,193.75,0.0,0.0,0.0,6.4,-22,124
2026-03-12T19:39:59.260553,0,3,1,0,9,-1.0,193.75,0.0,0.0,0.0,6.6,-22,125
2026-03-12T19:39:59.385106,0,3,1,0,9,-1.0,193.75,0.0,0.0,0.0,6.4,-22,125
2026-03-12T19:39:59.512597,0,3,1,0,9,-1.0,194.0,0.0,0.0,0.0,6.4,-22,126
2026-03-12T19:39:59.636343,0,3,1,0,9,-1.0,194.0,0.0,0.0,0.0,6.4,-22,125
2026-03-12T19:39:59.761975,0,3,1,0,9,-1.0,193.75,0.0,0.0,0.0,6.4,-22,125
2026-03-12T19:39:59.885941,0,3,1,0,9,-1.0,193.75,0.0,0.0,0.0,6.4,-22,125
2026-03-12T19:40:00.011900,0,3,1,0,9,-1.0,194.25,0.0,0.0,0.0,6.4,-22,125
2026-03-12T19:40:00.137321,0,3,1,0,9,-1.0,194.25,0.0,0.0,0.0,6.4,-22,126
2026-03-12T19:40:00.262686,0,3,1,0,9,-1.0,194.25,0.0,0.0,0.0,6.4,-22,125
2026-03-12T19:40:00.387562,0,3,1,0,9,-1.0,193.75,0.0,0.0,0.0,6.4,-22,125
2026-03-12T19:40:00.512729,0,3,1,0,9,-1.0,193.75,0.0,0.0,0.0,6.4,-22,125
2026-03-12T19:40:00.638788,0,3,1,0,9,-1.0,193.75,0.0,0.0,0.0,6.4,-22,126
2026-03-12T19:40:00.764816,0,3,1,0,9,-1.0,194.0,0.0,0.0,0.0,6.4,-22,125
2026-03-12T19:40:00.888279,0,3,1,0,9,-1.0,194.25,0.0,0.0,0.0,6.6,-22,125
2026-03-12T19:40:01.014529,0,3,1,0,9,-1.0,193.75,0.0,0.0,0.0,6.4,-22,125
2026-03-12T19:40:01.139755,0,3,1,0,9,-1.0,193.75,0.0,0.0,0.0,6.4,-22,126
2026-03-12T19:40:01.264130,0,3,1,0,9,-1.0,193.75,0.0,0.0,0.0,6.4,-22,125
2026-03-12T19:40:01.391464,0,3,1,0,9,-1.0,194.0,0.0,0.0,0.0,6.4,-22,125
2026-03-12T19:40:01.515431,0,3,1,0,9,-1.0,194.0,0.0,0.0,0.0,6.4,-22,125
2026-03-12T19:40:01.639781,0,3,1,0,9,-1.0,194.0,0.0,0.0,0.0,6.4,-22,125
2026-03-12T19:40:01.766817,0,3,1,0,9,-1.0,194.0,0.0,0.0,0.0,6.4,-22,126
2026-03-12T19:40:01.890519,0,3,1,0,9,-1.0,194.0,0.0,0.0,0.0,6.4,-22,124
2026-03-12T19:40:02.015167,0,3,1,0,9,-1.0,193.75,0.0,0.0,0.0,6.4,-22,125
2026-03-12T19:40:02.140711,0,3,1,0,9,-1.0,193.75,0.0,0.0,0.0,6.4,-22,124
2026-03-12T19:40:02.266560,0,3,1,0,9,-1.0,194.0,0.0,0.0,0.0,6.4,-22,125
2026-03-12T19:40:02.392622,0,3,1,0,9,-1.0,194.0,0.0,0.0,0.0,6.4,-22,124
2026-03-12T19:40:02.516510,0,3,1,0,9,-1.0,193.75,0.0,0.0,0.0,6.4,-22,124
2026-03-12T19:40:02.642623,0,3,1,0,9,-1.0,193.75,0.0,0.0,0.0,6.4,-22,124
2026-03-12T19:40:02.768100,0,3,1,0,9,-1.0,194.0,0.0,0.0,0.0,6.4,-22,125
2026-03-12T19:40:02.891985,0,3,1,0,9,-1.0,193.75,0.0,0.0,0.0,6.4,-22,124
2026-03-12T19:40:03.018487,0,3,1,0,9,-1.0,193.75,0.0,0.0,0.0,6.6,-22,124
2026-03-12T19:40:03.142515,0,3,1,0,9,-1.0,193.75,0.0,0.0,0.0,6.4,-22,124
2026-03-12T19:40:03.269515,0,3,1,0,9,-1.0,193.75,0.0,0.0,0.0,6.4,-22,125
2026-03-12T19:40:03.386990,0,3,1,0,9,-1.0,193.75,0.0,0.0,0.0,6.4,-22,124
2026-03-12T19:40:03.519305,0,3,1,0,9,-1.0,194.0,0.0,0.0,0.0,6.4,-22,124
2026-03-12T19:40:03.643752,0,3,1,0,9,-1.0,194.0,0.0,0.0,0.0,6.4,-22,124
2026-03-12T19:40:03.768003,0,3,1,0,9,-1.0,193.75,0.0,0.0,0.0,6.4,-22,124
2026-03-12T19:40:03.893897,0,3,1,0,9,-1.0,193.75,0.0,0.0,0.0,6.4,-22,125
2026-03-12T19:40:04.020484,0,3,1,0,9,-1.0,194.0,0.0,0.0,0.0,6.4,-22,124
2026-03-12T19:40:04.144577,0,3,1,0,9,-1.0,194.0,0.0,0.0,0.0,6.4,-22,124
2026-03-12T19:40:04.269714,0,3,1,0,9,-1.0,194.0,0.0,0.0,0.0,6.4,-22,124
2026-03-12T19:40:04.395855,0,3,1,0,9,-1.0,194.0,0.0,0.0,0.0,6.4,-22,125
2026-03-12T19:40:04.513801,0,3,1,0,9,-1.0,194.0,0.0,0.0,0.0,6.4,-22,124
2026-03-12T19:40:04.646233,0,3,1,0,9,-1.0,194.0,0.0,0.0,0.0,6.4,-22,124
2026-03-12T19:40:04.771147,0,3,1,0,9,-1.0,193.5,0.0,0.0,0.0,6.4,-22,124
2026-03-12T19:40:04.895760,0,3,1,0,9,-1.0,194.0,0.0,0.0,0.0,6.4,-22,126
2026-03-12T19:40:05.021431,0,3,1,0,9,-1.0,193.75,0.0,0.0,0.0,6.4,-22,125
2026-03-12T19:40:05.147196,0,3,1,0,9,-1.0,193.5,0.0,0.0,0.0,6.4,-22,124
2026-03-12T19:40:05.272502,0,3,1,0,9,-1.0,193.75,0.0,0.0,0.0,6.4,-22,125
2026-03-12T19:40:05.397471,0,3,1,0,9,-1.0,194.0,0.0,0.0,0.0,6.4,-22,124
2026-03-12T19:40:05.522735,0,3,1,0,9,-1.0,193.75,0.0,0.0,0.0,6.4,-22,125
2026-03-12T19:40:05.647194,0,3,1,0,9,-1.0,193.75,0.0,0.0,0.0,6.4,-22,125
2026-03-12T19:40:05.765754,0,3,1,0,9,-1.0,193.75,0.0,0.0,0.0,6.6,-22,125
2026-03-12T19:40:05.897273,0,3,1,0,9,-1.0,194.0,0.0,0.0,0.0,6.4,-22,124
2026-03-12T19:40:06.023541,0,3,1,0,9,-1.0,194.0,0.0,0.0,0.0,6.4,-22,126
2026-03-12T19:40:06.148906,0,3,1,0,9,-1.0,194.0,0.0,0.0,0.0,6.4,-24,125
2026-03-12T19:40:06.273540,0,3,1,0,9,-1.0,194.25,0.0,0.0,0.0,6.4,-22,124
2026-03-12T19:40:06.399006,0,3,1,0,9,-1.0,193.75,0.0,0.0,0.0,6.4,-23,125
2026-03-12T19:40:06.524705,0,3,1,0,9,-1.0,193.75,0.0,0.0,0.0,6.4,-24,126
2026-03-12T19:40:06.649354,0,3,1,0,9,-1.0,194.0,0.0,0.0,0.0,6.4,-23,125
2026-03-12T19:40:06.774803,0,3,1,0,9,-1.0,193.75,0.0,0.0,0.0,6.4,-23,125
2026-03-12T19:40:06.898957,0,3,1,0,9,-1.0,193.75,0.0,0.0,0.0,6.4,-22,125
2026-03-12T19:40:07.026433,0,3,1,0,9,-1.0,193.75,0.0,0.0,0.0,6.4,-22,125
2026-03-12T19:40:07.150457,0,3,1,0,9,-1.0,194.25,0.0,0.0,0.0,6.4,-22,126
2026-03-12T19:40:07.275684,0,3,1,0,9,-1.0,194.25,0.0,0.0,0.0,6.4,-22,125
2026-03-12T19:40:07.399944,0,3,1,0,9,-1.0,193.5,0.0,0.0,0.0,6.4,-22,125
2026-03-12T19:40:07.525453,0,3,1,0,9,-1.0,193.75,0.0,0.0,0.0,6.4,-22,125
2026-03-12T19:40:07.651792,0,3,1,0,9,-1.0,194.0,0.0,0.0,0.0,6.4,-22,126
2026-03-12T19:40:07.769791,0,3,1,0,9,-1.0,193.75,0.0,0.0,0.0,6.4,-22,125
2026-03-12T19:40:07.901803,0,3,1,0,9,-1.0,193.75,0.0,0.0,0.0,6.4,-23,125
2026-03-12T19:40:08.026833,0,3,1,0,9,-1.0,193.75,0.0,0.0,0.0,6.4,-22,125
2026-03-12T19:40:08.151597,0,3,1,0,9,-1.0,194.0,0.0,0.0,0.0,6.4,-22,126
2026-03-12T19:40:08.277260,0,3,1,0,9,-1.0,194.0,0.0,0.0,0.0,6.4,-22,125
2026-03-12T19:40:08.402333,0,3,1,0,9,-1.0,194.0,0.0,0.0,0.0,6.4,-22,125
2026-03-12T19:40:08.521049,0,3,1,0,9,-1.0,193.75,0.0,0.0,0.0,6.4,-22,125
2026-03-12T19:40:08.652742,0,3,1,0,9,-1.0,193.75,0.0,0.0,0.0,6.4,-22,126
2026-03-12T19:40:08.778438,0,3,1,0,9,-1.0,194.0,0.0,0.0,0.0,6.4,-22,125
2026-03-12T19:40:08.903345,0,3,1,0,9,-1.0,194.0,0.0,0.0,0.0,6.4,-22,125
2026-03-12T19:40:09.028264,0,3,1,0,9,-1.0,194.0,0.0,0.0,0.0,6.4,-22,125
2026-03-12T19:40:09.152985,0,3,1,0,9,-1.0,193.75,0.0,0.0,0.0,6.4,-22,125
2026-03-12T19:40:09.278755,0,3,1,0,9,-1.0,194.25,0.0,0.0,0.0,6.4,-22,126
2026-03-12T19:40:09.397541,0,3,1,0,9,-1.0,194.25,0.0,0.0,0.0,6.6,-22,125
2026-03-12T19:40:09.528754,0,3,1,0,9,-1.0,193.75,0.0,0.0,0.0,6.4,-22,125
2026-03-12T19:40:09.653966,0,3,1,0,9,-1.0,193.75,0.0,0.0,0.0,6.4,-22,125
2026-03-12T19:40:09.779940,0,3,1,0,9,-1.0,193.75,0.0,0.0,0.0,6.6,-23,126
2026-03-12T19:40:09.905280,0,3,1,0,9,-1.0,194.0,0.0,0.0,0.0,6.4,-25,124
2026-03-12T19:40:10.030376,0,3,1,0,9,-1.0,194.0,0.0,0.0,0.0,6.4,-22,125
2026-03-12T19:40:10.155236,0,3,1,0,9,-1.0,194.25,0.0,0.0,0.0,6.4,-22,124
2026-03-12T19:40:10.281247,0,3,1,0,9,-1.0,194.0,0.0,0.0,0.0,6.4,-22,125
2026-03-12T19:40:10.405945,0,3,1,0,9,-1.0,193.75,0.0,0.0,0.0,6.4,-22,125
2026-03-12T19:40:10.531030,0,3,1,0,9,-1.0,193.75,0.0,0.0,0.0,6.6,-22,124
2026-03-12T19:40:10.656111,0,3,1,0,9,-1.0,194.0,0.0,0.0,0.0,6.4,-22,124
2026-03-12T19:40:10.781159,0,3,1,0,9,-1.0,194.0,0.0,0.0,0.0,6.4,-22,124
2026-03-12T19:40:10.906448,0,3,1,0,9,-1.0,193.5,0.0,0.0,0.0,6.4,-22,125
2026-03-12T19:40:11.031802,0,3,1,0,9,-1.0,193.5,0.0,0.0,0.0,6.4,-22,124
2026-03-12T19:40:11.156881,0,3,1,0,9,-1.0,193.5,0.0,0.0,0.0,6.4,-22,124
2026-03-12T19:40:11.282081,0,3,1,0,9,-1.0,193.75,0.0,0.0,0.0,6.4,-24,124
2026-03-12T19:40:11.407696,0,3,1,0,9,-1.0,193.75,0.0,0.0,0.0,6.4,-26,125
2026-03-12T19:40:11.532786,0,3,1,0,9,-1.0,193.75,0.0,0.0,0.0,6.4,-24,124
2026-03-12T19:40:11.658457,0,3,1,0,9,-1.0,193.75,0.0,0.0,0.0,6.4,-23,124
2026-03-12T19:40:11.783099,0,3,1,0,9,-1.0,193.75,0.0,0.0,0.0,6.4,-22,124
2026-03-12T19:40:11.908701,0,3,1,0,9,-1.0,194.25,0.0,0.0,0.0,6.4,-22,125
2026-03-12T19:40:12.033656,0,3,1,0,9,-1.0,194.25,0.0,0.0,0.0,6.4,-22,124
2026-03-12T19:40:12.152566,0,3,1,0,9,-1.0,193.75,0.0,0.0,0.0,6.4,-22,124
2026-03-12T19:40:12.284800,0,3,1,0,9,-1.0,193.75,0.0,0.0,0.0,6.4,-22,125
2026-03-12T19:40:12.402317,0,3,1,0,9,-1.0,193.75,0.0,0.0,0.0,6.4,-22,125
2026-03-12T19:40:12.534335,0,3,1,0,9,-1.0,193.75,0.0,0.0,0.0,6.4,-22,126
2026-03-12T19:40:12.659561,0,3,1,0,9,-1.0,193.75,0.0,0.0,0.0,6.4,-22,125
2026-03-12T19:40:12.778413,0,3,1,0,9,-1.0,194.0,0.0,0.0,0.0,6.6,-22,125
2026-03-12T19:40:12.910408,0,3,1,0,9,-1.0,194.25,0.0,0.0,0.0,6.4,-22,125
2026-03-12T19:40:13.035168,0,3,1,0,9,-1.0,193.75,0.0,0.0,0.0,6.4,-22,126
2026-03-12T19:40:13.160839,0,3,1,0,9,-1.0,194.0,0.0,0.0,0.0,6.4,-22,125
2026-03-12T19:40:13.286294,0,3,1,0,9,-1.0,194.25,0.0,0.0,0.0,6.4,-22,125
2026-03-12T19:40:13.410693,0,3,1,0,9,-1.0,194.25,0.0,0.0,0.0,6.4,-22,125
2026-03-12T19:40:13.537132,0,3,1,0,9,-1.0,193.75,0.0,0.0,0.0,6.4,-22,126
2026-03-12T19:40:13.655183,0,3,1,0,9,-1.0,193.75,0.0,0.0,0.0,6.4,-22,125
2026-03-12T19:40:13.787389,0,3,1,0,9,-1.0,193.75,0.0,0.0,0.0,6.4,-22,125
2026-03-12T19:40:13.911240,0,3,1,0,9,-1.0,193.5,0.0,0.0,0.0,6.4,-22,125
2026-03-12T19:40:14.037576,0,3,1,0,9,-1.0,193.5,0.0,0.0,0.0,6.4,-22,126
2026-03-12T19:40:14.161792,0,3,1,0,9,-1.0,194.25,0.0,0.0,0.0,6.4,-22,125
2026-03-12T19:40:14.287354,0,3,1,0,9,-1.0,194.0,0.0,0.0,0.0,6.4,-22,125
2026-03-12T19:40:14.412230,0,3,1,0,9,-1.0,193.75,0.0,0.0,0.0,6.4,-22,125
2026-03-12T19:40:14.531317,0,3,1,0,9,-1.0,193.75,0.0,0.0,0.0,6.4,-22,125
2026-03-12T19:40:14.663742,0,3,1,0,9,-1.0,193.75,0.0,0.0,0.0,6.4,-22,126
2026-03-12T19:40:14.788523,0,3,1,0,9,-1.0,193.5,0.0,0.0,0.0,6.4,-22,125
2026-03-12T19:40:14.913872,0,3,1,0,9,-1.0,193.5,0.0,0.0,0.0,6.4,-22,125
2026-03-12T19:40:15.038568,0,3,1,0,9,-1.0,193.5,0.0,0.0,0.0,6.4,-22,125
2026-03-12T19:40:15.164631,0,3,1,0,9,-1.0,193.5,0.0,0.0,0.0,6.4,-22,125
2026-03-12T19:40:15.289138,0,3,1,0,9,-1.0,193.5,0.0,0.0,0.0,6.4,-22,124
2026-03-12T19:40:15.413925,0,3,1,0,9,-1.0,193.75,0.0,0.0,0.0,6.4,-22,125
2026-03-12T19:40:15.539155,0,3,1,0,9,-1.0,193.75,0.0,0.0,0.0,6.6,-22,124
2026-03-12T19:40:15.665721,0,3,1,0,9,-1.0,194.0,0.0,0.0,0.0,6.4,-22,125
2026-03-12T19:40:15.790778,0,3,1,0,9,-1.0,193.5,0.0,0.0,0.0,6.4,-22,124
2026-03-12T19:40:15.914467,0,3,1,0,9,-1.0,194.0,0.0,0.0,0.0,6.6,-22,124
2026-03-12T19:40:16.034061,0,3,1,0,9,-1.0,193.25,0.0,0.0,0.0,6.4,-22,124
2026-03-12T19:40:16.164568,0,3,1,0,9,-1.0,193.75,0.0,0.0,0.0,6.4,-22,124
2026-03-12T19:40:16.291695,0,3,1,0,9,-1.0,193.75,0.0,0.0,0.0,6.4,-22,125
2026-03-12T19:40:16.417069,0,3,1,0,9,-1.0,193.75,0.0,0.0,0.0,6.4,-22,124
2026-03-12T19:40:16.544969,0,3,1,0,9,-1.0,193.75,0.0,0.0,0.0,6.4,-22,125
2026-03-12T19:40:16.665949,0,3,1,0,9,-1.0,193.75,0.0,0.0,0.0,6.4,-22,124
2026-03-12T19:40:16.792773,0,3,1,0,9,-1.0,194.0,0.0,0.0,0.0,6.4,-22,126
2026-03-12T19:40:16.918747,0,3,1,0,9,-1.0,194.0,0.0,0.0,0.0,6.4,-22,125
2026-03-12T19:40:17.042197,0,3,1,0,9,-1.0,193.75,0.0,0.0,0.0,6.4,-22,125
2026-03-12T19:40:17.166749,0,3,1,0,9,-1.0,193.75,0.0,0.0,0.0,6.4,-22,125
2026-03-12T19:40:17.286696,0,3,1,0,9,-1.0,193.75,0.0,0.0,0.0,6.4,-22,126
2026-03-12T19:40:17.418219,0,3,1,0,9,-1.0,193.75,0.0,0.0,0.0,6.6,-22,125
2026-03-12T19:40:17.543228,0,3,1,0,9,-1.0,193.75,0.0,0.0,0.0,6.4,-22,125
2026-03-12T19:40:17.668766,0,3,1,0,9,-1.0,193.75,0.0,0.0,0.0,6.4,-22,125
2026-03-12T19:40:17.794353,0,3,1,0,9,-1.0,193.75,0.0,0.0,0.0,6.4,-22,126
2026-03-12T19:40:17.919559,0,3,1,0,9,-1.0,193.75,0.0,0.0,0.0,6.4,-22,125
2026-03-12T19:40:18.044252,0,3,1,0,9,-1.0,193.75,0.0,0.0,0.0,6.4,-22,125
2026-03-12T19:40:18.169086,0,3,1,0,9,-1.0,194.0,0.0,0.0,0.0,6.4,-22,124
2026-03-12T19:40:18.295209,0,3,1,0,9,-1.0,193.75,0.0,0.0,0.0,6.4,-22,125
2026-03-12T19:40:18.420873,0,3,1,0,9,-1.0,193.75,0.0,0.0,0.0,6.4,-22,125
2026-03-12T19:40:18.545016,0,3,1,0,9,-1.0,194.0,0.0,0.0,0.0,6.6,-22,124
2026-03-12T19:40:18.670646,0,3,1,0,9,-1.0,194.0,0.0,0.0,0.0,6.4,-22,124
2026-03-12T19:40:18.788613,0,3,1,0,9,-1.0,193.75,0.0,0.0,0.0,6.4,-22,124
2026-03-12T19:40:18.920834,0,3,1,0,9,-1.0,193.75,0.0,0.0,0.0,6.4,-22,125
2026-03-12T19:40:19.046949,0,3,1,0,9,-1.0,193.75,0.0,0.0,0.0,6.4,-22,124
2026-03-12T19:40:19.171594,0,3,1,0,9,-1.0,193.5,0.0,0.0,0.0,6.4,-22,124
2026-03-12T19:40:19.296087,0,3,1,0,9,-1.0,193.5,0.0,0.0,0.0,6.4,-22,124
2026-03-12T19:40:19.415560,0,3,1,0,9,-1.0,193.75,0.0,0.0,0.0,6.4,-22,125
2026-03-12T19:40:19.546246,0,3,1,0,9,-1.0,193.5,0.0,0.0,0.0,6.4,-22,124
2026-03-12T19:40:19.671878,0,3,1,0,9,-1.0,193.75,0.0,0.0,0.0,6.6,-22,124
2026-03-12T19:40:19.797428,0,3,1,0,9,-1.0,193.75,0.0,0.0,0.0,6.4,-22,124
2026-03-12T19:40:19.925591,0,3,1,0,9,-1.0,194.0,0.0,0.0,0.0,6.4,-22,125
2026-03-12T19:40:20.047484,0,3,1,0,9,-1.0,194.0,0.0,0.0,0.0,6.4,-22,124
2026-03-12T19:40:20.171297,0,3,1,0,9,-1.0,193.5,0.0,0.0,0.0,6.4,-22,124
2026-03-12T19:40:20.298409,0,3,1,0,9,-1.0,193.5,0.0,0.0,0.0,6.4,-22,124
2026-03-12T19:40:20.423221,0,3,1,0,9,-1.0,193.5,0.0,0.0,0.0,6.4,-22,124
2026-03-12T19:40:20.548631,0,3,1,0,9,-1.0,193.75,0.0,0.0,0.0,6.4,-22,125
2026-03-12T19:40:20.674207,0,3,1,0,9,-1.0,193.75,0.0,0.0,0.0,6.4,-22,125
2026-03-12T19:40:20.799459,0,3,1,0,9,-1.0,194.0,0.0,0.0,0.0,6.4,-22,124
2026-03-12T19:40:20.924116,0,3,1,0,9,-1.0,193.75,0.0,0.0,0.0,6.4,-22,124
2026-03-12T19:40:21.050746,0,3,1,0,9,-1.0,193.5,0.0,0.0,0.0,6.4,-22,126
2026-03-12T19:40:21.175315,0,3,1,0,9,-1.0,194.0,0.0,0.0,0.0,6.4,-22,125
2026-03-12T19:40:21.300529,0,3,1,0,9,-1.0,194.0,0.0,0.0,0.0,6.4,-22,124
2026-03-12T19:40:21.424457,0,3,1,0,9,-1.0,193.75,0.0,0.0,0.0,6.6,-22,125
2026-03-12T19:40:21.551030,0,3,1,0,9,-1.0,193.5,0.0,0.0,0.0,6.4,-22,126
2026-03-12T19:40:21.676163,0,3,1,0,9,-1.0,193.5,0.0,0.0,0.0,6.4,-22,125
2026-03-12T19:40:21.800488,0,3,1,0,9,-1.0,193.5,0.0,0.0,0.0,6.4,-22,125
2026-03-12T19:40:21.925541,0,3,1,0,9,-1.0,193.5,0.0,0.0,0.0,6.4,-22,125
2026-03-12T19:40:22.051514,0,3,1,0,9,-1.0,193.5,0.0,0.0,0.0,6.4,-22,126
2026-03-12T19:40:22.177405,0,3,1,0,9,-1.0,193.5,0.0,0.0,0.0,6.4,-22,125
2026-03-12T19:40:22.301585,0,3,1,0,9,-1.0,193.25,0.0,0.0,0.0,6.4,-22,125
2026-03-12T19:40:22.427223,0,3,1,0,9,-1.0,193.5,0.0,0.0,0.0,6.4,-22,125
2026-03-12T19:40:22.551972,0,3,1,0,9,-1.0,193.75,0.0,0.0,0.0,6.4,-22,125
2026-03-12T19:40:22.677832,0,3,1,0,9,-1.0,193.5,0.0,0.0,0.0,6.4,-22,126
2026-03-12T19:40:22.802338,0,3,1,0,9,-1.0,193.25,0.0,0.0,0.0,6.4,-22,125
2026-03-12T19:40:22.927654,0,3,1,0,9,-1.0,193.25,0.0,0.0,0.0,6.4,-22,125
2026-03-12T19:40:23.052195,0,3,1,0,9,-1.0,193.25,0.0,0.0,0.0,6.4,-22,125
2026-03-12T19:40:23.178619,0,3,1,0,9,-1.0,193.5,0.0,0.0,0.0,6.4,-22,126
2026-03-12T19:40:23.303192,0,3,1,0,9,-1.0,193.5,0.0,0.0,0.0,6.4,-22,125
2026-03-12T19:40:23.422482,0,3,1,0,9,-1.0,193.75,0.0,0.0,0.0,6.4,-22,125
2026-03-12T19:40:23.553638,0,3,1,0,9,-1.0,193.75,0.0,0.0,0.0,6.4,-22,125
2026-03-12T19:40:23.679569,0,3,1,0,9,-1.0,193.75,0.0,0.0,0.0,6.4,-22,126
2026-03-12T19:40:23.805278,0,3,1,0,9,-1.0,193.5,0.0,0.0,0.0,6.4,-22,125
2026-03-12T19:40:23.929867,0,3,1,0,9,-1.0,193.5,0.0,0.0,0.0,6.4,-22,124
2026-03-12T19:40:24.053853,0,3,1,0,9,-1.0,193.25,0.0,0.0,0.0,6.4,-22,124
2026-03-12T19:40:24.179120,0,3,1,0,9,-1.0,193.25,0.0,0.0,0.0,6.4,-22,124
2026-03-12T19:40:24.307186,0,3,1,0,9,-1.0,193.75,0.0,0.0,0.0,6.4,-22,125
2026-03-12T19:40:24.424537,0,3,1,0,9,-1.0,193.75,0.0,0.0,0.0,6.4,-22,124
2026-03-12T19:40:24.555385,0,3,1,0,9,-1.0,193.75,0.0,0.0,0.0,6.4,-22,124
2026-03-12T19:40:24.680731,0,3,1,0,9,-1.0,193.5,0.0,0.0,0.0,6.4,-22,124
2026-03-12T19:40:24.806742,0,3,1,0,9,-1.0,194.0,0.0,0.0,0.0,6.4,-22,125
2026-03-12T19:40:24.930844,0,3,1,0,9,-1.0,193.75,0.0,0.0,0.0,6.4,-22,124
2026-03-12T19:40:25.056506,0,3,1,0,9,-1.0,193.75,0.0,0.0,0.0,6.4,-22,124
2026-03-12T19:40:25.182259,0,3,1,0,9,-1.0,193.75,0.0,0.0,0.0,6.4,-22,124
2026-03-12T19:40:25.308388,0,3,1,0,9,-1.0,193.5,0.0,0.0,0.0,6.4,-22,125
2026-03-12T19:40:27.561207,0,3,1,0,9,-1.0,193.5,0.0,0.0,0.0,6.4,-22,440
2026-03-12T19:40:27.687045,0,3,1,0,9,-1.0,193.5,0.0,0.0,0.0,6.4,-22,125
2026-03-12T19:40:27.811853,0,3,1,0,9,-1.0,194.0,0.0,0.0,0.0,6.4,-22,125
2026-03-12T19:40:27.937337,0,3,1,0,9,-1.0,193.75,0.0,0.0,0.0,6.4,-22,126
2026-03-12T19:40:28.063062,0,3,1,0,9,-1.0,193.75,0.0,0.0,0.0,6.4,-22,125
2026-03-12T19:40:28.187319,0,3,1,0,9,-1.0,193.75,0.0,0.0,0.0,6.4,-22,125
2026-03-12T19:40:28.313227,0,3,1,0,9,-1.0,193.75,0.0,0.0,0.0,6.4,-22,125
2026-03-12T19:40:28.431132,0,3,1,0,9,-1.0,193.5,0.0,0.0,0.0,6.4,-22,125
2026-03-12T19:40:28.563353,0,3,1,0,9,-1.0,193.5,0.0,0.0,0.0,6.4,-22,126
2026-03-12T19:40:28.688271,0,3,1,0,9,-1.0,194.0,0.0,0.0,0.0,6.4,-24,125
2026-03-12T19:40:28.814372,0,3,1,0,9,-1.0,194.25,0.0,0.0,0.0,6.4,-28,125
2026-03-12T19:40:28.932172,0,3,1,0,9,-1.0,193.5,0.0,0.0,0.0,6.4,-34,125
2026-03-12T19:40:29.065785,0,3,1,0,9,-1.0,194.0,0.0,0.0,0.0,6.4,-33,126
2026-03-12T19:40:29.183104,0,3,1,0,9,-1.0,194.0,0.0,0.0,0.0,6.4,-30,125
2026-03-12T19:40:29.315413,0,3,1,0,9,-1.0,194.0,0.0,0.0,0.0,6.4,-24,125
2026-03-12T19:40:29.440283,0,3,1,0,9,-1.0,194.0,0.0,0.0,0.0,6.4,-22,125
2026-03-12T19:40:29.566483,0,3,1,0,9,-1.0,194.0,0.0,0.0,0.0,6.4,-22,126
2026-03-12T19:40:29.689981,0,3,1,0,9,-1.0,193.75,0.0,0.0,0.0,6.4,-22,125
2026-03-12T19:40:29.816037,0,3,1,0,9,-1.0,193.75,0.0,0.0,0.0,6.4,-22,125
2026-03-12T19:40:29.941083,0,3,1,0,9,-1.0,193.75,0.0,0.0,0.0,6.4,-24,125
2026-03-12T19:40:30.065659,0,3,1,0,9,-1.0,194.0,0.0,0.0,0.0,6.4,-27,124
2026-03-12T19:40:30.192062,0,3,1,0,9,-1.0,193.75,0.0,0.0,0.0,6.4,-22,126
2026-03-12T19:40:30.317704,0,3,1,0,9,-1.0,193.75,0.0,0.0,0.0,6.4,-22,125
2026-03-12T19:40:30.441469,0,3,1,0,9,-1.0,194.0,0.0,0.0,0.0,6.6,-24,124
2026-03-12T19:40:30.560188,0,3,1,0,9,-1.0,194.25,0.0,0.0,0.0,6.6,-37,124
2026-03-12T19:40:30.692534,0,3,1,0,9,-1.0,193.75,0.0,0.0,0.0,6.4,-33,126
2026-03-12T19:40:30.817844,0,3,1,0,9,-1.0,194.0,0.0,0.0,0.0,6.4,-28,125
2026-03-12T19:40:30.942743,0,3,1,0,9,-1.0,194.0,0.0,0.0,0.0,6.4,-28,124
2026-03-12T19:40:31.067974,0,3,1,0,9,-1.0,194.0,0.0,0.0,0.0,6.4,-22,125
2026-03-12T19:40:31.193793,0,3,1,0,9,-1.0,194.0,0.0,0.0,0.0,6.4,-22,125
2026-03-12T19:40:31.318360,0,3,1,0,9,-1.0,194.25,0.0,0.0,0.0,6.4,-22,125
2026-03-12T19:40:31.443142,0,3,1,0,9,-1.0,194.0,0.0,0.0,0.0,6.4,-22,124
2026-03-12T19:40:31.568708,0,3,1,0,9,-1.0,193.75,0.0,0.0,0.0,6.4,-22,124
2026-03-12T19:40:31.693991,0,3,1,0,9,-1.0,194.0,0.0,0.0,0.0,6.4,-22,125
2026-03-12T19:40:31.819511,0,3,1,0,9,-1.0,194.25,0.0,0.0,0.0,6.6,-22,126
2026-03-12T19:40:31.944701,0,3,1,0,9,-1.0,194.0,0.0,0.0,0.0,6.4,-22,125
2026-03-12T19:40:32.070853,0,3,1,0,9,-1.0,193.75,0.0,0.0,0.0,6.4,-22,124
2026-03-12T19:40:32.194372,0,3,1,0,9,-1.0,193.75,0.0,0.0,0.0,6.4,-22,125
2026-03-12T19:40:32.320420,0,3,1,0,9,-1.0,193.75,0.0,0.0,0.0,6.4,-22,126
2026-03-12T19:40:32.445509,0,3,1,0,9,-1.0,193.75,0.0,0.0,0.0,6.4,-22,125
2026-03-12T19:40:32.570927,0,3,1,0,9,-1.0,193.75,0.0,0.0,0.0,6.4,-22,124
2026-03-12T19:40:32.695619,0,3,1,0,9,-1.0,194.25,0.0,0.0,0.0,6.4,-22,124
2026-03-12T19:40:32.821525,0,3,1,0,9,-1.0,193.75,0.0,0.0,0.0,6.4,-22,126
2026-03-12T19:40:32.946493,0,3,1,0,9,-1.0,193.75,0.0,0.0,0.0,6.4,-22,125
2026-03-12T19:40:33.065397,0,3,1,0,9,-1.0,194.25,0.0,0.0,0.0,6.4,-22,124
2026-03-12T19:40:33.196634,0,3,1,0,9,-1.0,193.75,0.0,0.0,0.0,6.4,-22,124
2026-03-12T19:40:33.322611,0,3,1,0,9,-1.0,193.75,0.0,0.0,0.0,6.4,-22,126
2026-03-12T19:40:33.448688,0,3,1,0,9,-1.0,193.75,0.0,0.0,0.0,6.4,-22,125
2026-03-12T19:40:33.573217,0,3,1,0,9,-1.0,193.75,0.0,0.0,0.0,6.4,-22,124
2026-03-12T19:40:33.697967,0,3,1,0,9,-1.0,193.75,0.0,0.0,0.0,6.4,-22,124
2026-03-12T19:40:33.823237,0,3,1,0,9,-1.0,193.75,0.0,0.0,0.0,6.4,-22,125
2026-03-12T19:40:33.949078,0,3,1,0,9,-1.0,193.75,0.0,0.0,0.0,6.4,-23,125
2026-03-12T19:40:34.075179,0,3,1,0,9,-1.0,194.0,0.0,0.0,0.0,6.6,-22,124
2026-03-12T19:40:34.198998,0,3,1,0,9,-1.0,193.75,0.0,0.0,0.0,6.4,-22,124
2026-03-12T19:40:34.324427,0,3,1,0,9,-1.0,194.0,0.0,0.0,0.0,6.4,-22,125
2026-03-12T19:40:34.449986,0,3,1,0,9,-1.0,193.75,0.0,0.0,0.0,6.4,-22,125
2026-03-12T19:40:34.575392,0,3,1,0,9,-1.0,193.75,0.0,0.0,0.0,6.4,-22,124
2026-03-12T19:40:34.694097,0,3,1,0,9,-1.0,193.75,0.0,0.0,0.0,6.4,-22,124
2026-03-12T19:40:34.819070,0,3,1,0,9,-1.0,193.75,0.0,0.0,0.0,6.4,-22,125
2026-03-12T19:40:34.951285,0,3,1,0,9,-1.0,193.75,0.0,0.0,0.0,6.4,-22,125
2026-03-12T19:40:35.076966,0,3,1,0,9,-1.0,193.75,0.0,0.0,0.0,6.4,-22,124
2026-03-12T19:40:35.200989,0,3,1,0,9,-1.0,193.75,0.0,0.0,0.0,6.4,-22,125
2026-03-12T19:40:35.320464,0,3,1,0,9,-1.0,194.0,0.0,0.0,0.0,6.4,-22,124
2026-03-12T19:40:35.452239,0,3,1,0,9,-1.0,194.0,0.0,0.0,0.0,6.6,-22,126
2026-03-12T19:40:35.571707,0,3,1,0,9,-1.0,194.25,0.0,0.0,0.0,6.4,-22,125
2026-03-12T19:40:35.703708,0,3,1,0,9,-1.0,194.0,0.0,0.0,0.0,6.6,-24,125
2026-03-12T19:40:35.827760,0,3,1,0,9,-1.0,194.0,0.0,0.0,0.0,6.6,-22,124
2026-03-12T19:40:35.953273,0,3,1,0,9,-1.0,193.75,0.0,0.0,0.0,6.4,-22,124
2026-03-12T19:40:36.079196,0,3,1,0,9,-1.0,194.25,0.0,0.0,0.0,6.4,-28,125
2026-03-12T19:40:36.203059,0,3,1,0,9,-1.0,194.25,0.0,0.0,0.0,6.4,-30,124
2026-03-12T19:40:36.329382,0,3,1,0,9,-1.0,194.25,0.0,0.0,0.0,6.4,-28,124
2026-03-12T19:40:36.447726,0,3,1,0,9,-1.0,194.25,0.0,0.0,0.0,6.4,-23,124
2026-03-12T19:40:36.580131,0,3,1,0,9,-1.0,194.25,0.0,0.0,0.0,6.4,-22,125
2026-03-12T19:40:36.706082,0,3,1,0,9,-1.0,194.0,0.0,0.0,0.0,6.4,-22,124
2026-03-12T19:40:36.829765,0,3,1,0,9,-1.0,193.75,0.0,0.0,0.0,6.4,-22,124
2026-03-12T19:40:36.955100,0,3,1,0,9,-1.0,194.0,0.0,0.0,0.0,6.4,-22,124
2026-03-12T19:40:37.080988,0,3,1,0,9,-1.0,194.0,0.0,0.0,0.0,6.6,-22,125
2026-03-12T19:40:37.206418,0,3,1,0,9,-1.0,194.0,0.0,0.0,0.0,6.4,-22,124
2026-03-12T19:40:37.331116,0,3,1,0,9,-1.0,194.0,0.0,0.0,0.0,6.4,-22,124
2026-03-12T19:40:37.456271,0,3,1,0,9,-1.0,194.0,0.0,0.0,0.0,6.4,-22,124
2026-03-12T19:40:37.581939,0,3,1,0,9,-1.0,194.0,0.0,0.0,0.0,6.4,-22,124
2026-03-12T19:40:37.707346,0,3,1,0,9,-1.0,193.75,0.0,0.0,0.0,6.4,-28,125
2026-03-12T19:40:37.831923,0,3,1,0,9,-1.0,193.75,0.0,0.0,0.0,6.4,-25,124
2026-03-12T19:40:37.957362,0,3,1,0,9,-1.0,194.25,0.0,0.0,0.0,6.4,-22,124
2026-03-12T19:40:38.083024,0,3,1,0,9,-1.0,194.0,0.0,0.0,0.0,6.4,-22,124
2026-03-12T19:40:38.208292,0,3,1,0,9,-1.0,193.75,0.0,0.0,0.0,6.4,-22,125
2026-03-12T19:40:38.334258,0,3,1,0,9,-1.0,194.25,0.0,0.0,0.0,6.6,-22,124
2026-03-12T19:40:38.458133,0,3,1,0,9,-1.0,194.0,0.0,0.0,0.0,6.4,-22,124
2026-03-12T19:40:38.584071,0,3,1,0,9,-1.0,194.0,0.0,0.0,0.0,6.4,-22,124
2026-03-12T19:40:38.708888,0,3,1,0,9,-1.0,193.5,0.0,0.0,0.0,6.4,-22,125
2026-03-12T19:40:38.835529,0,3,1,0,9,-1.0,193.75,0.0,0.0,0.0,6.4,-22,124
2026-03-12T19:40:38.959664,0,3,1,0,9,-1.0,193.75,0.0,0.0,0.0,6.4,-22,124
2026-03-12T19:40:39.083898,0,3,1,0,9,-1.0,193.75,0.0,0.0,0.0,6.4,-22,124
2026-03-12T19:40:39.203867,0,3,1,0,9,-1.0,193.5,0.0,0.0,0.0,6.4,-22,125
2026-03-12T19:40:39.336966,0,3,1,0,9,-1.0,193.75,0.0,0.0,0.0,6.4,-22,124
2026-03-12T19:40:39.459902,0,3,1,0,9,-1.0,193.75,0.0,0.0,0.0,6.4,-22,124
2026-03-12T19:40:39.585680,0,3,1,0,9,-1.0,193.75,0.0,0.0,0.0,6.4,-22,124
2026-03-12T19:40:39.710600,0,3,1,0,9,-1.0,194.25,0.0,0.0,0.0,6.4,-22,124
2026-03-12T19:40:39.836465,0,3,1,0,9,-1.0,194.0,0.0,0.0,0.0,6.4,-22,125
2026-03-12T19:40:39.961492,0,3,1,0,9,-1.0,193.75,0.0,0.0,0.0,6.6,-22,124
2026-03-12T19:40:40.086762,0,3,1,0,9,-1.0,193.75,0.0,0.0,0.0,6.4,-22,124
2026-03-12T19:40:40.210776,0,3,1,0,9,-1.0,193.75,0.0,0.0,0.0,6.4,-22,124
2026-03-12T19:40:40.330874,0,3,1,0,9,-1.0,193.75,0.0,0.0,0.0,6.4,-22,125
2026-03-12T19:40:40.461951,0,3,1,0,9,-1.0,193.75,0.0,0.0,0.0,6.4,-22,124
2026-03-12T19:40:40.580758,0,3,1,0,9,-1.0,193.75,0.0,0.0,0.0,6.4,-22,124
2026-03-12T19:40:40.711492,0,3,1,0,9,-1.0,194.0,0.0,0.0,0.0,6.4,-22,124
2026-03-12T19:40:40.832015,0,3,1,0,9,-1.0,194.25,0.0,0.0,0.0,6.4,-22,125
2026-03-12T19:40:40.962451,0,3,1,0,9,-1.0,193.75,0.0,0.0,0.0,6.4,-22,124
2026-03-12T19:40:41.088175,0,3,1,0,9,-1.0,193.75,0.0,0.0,0.0,6.4,-22,124
2026-03-12T19:40:41.212950,0,3,1,0,9,-1.0,193.75,0.0,0.0,0.0,6.4,-22,124
2026-03-12T19:40:41.337831,0,3,1,0,9,-1.0,193.75,0.0,0.0,0.0,6.4,-22,124
2026-03-12T19:40:41.464122,0,3,1,0,9,-1.0,194.0,0.0,0.0,0.0,6.4,-22,125
2026-03-12T19:40:41.590051,0,3,1,0,9,-1.0,194.0,0.0,0.0,0.0,6.4,-22,124
2026-03-12T19:40:41.714988,0,3,1,0,9,-1.0,194.0,0.0,0.0,0.0,6.4,-22,124
2026-03-12T19:40:41.839974,0,3,1,0,9,-1.0,194.0,0.0,0.0,0.0,6.4,-22,124
2026-03-12T19:40:41.965948,0,3,1,0,9,-1.0,194.0,0.0,0.0,0.0,6.4,-22,125
2026-03-12T19:40:42.091561,0,3,1,0,9,-1.0,193.75,0.0,0.0,0.0,6.6,-22,124
2026-03-12T19:40:42.214761,0,3,1,0,9,-1.0,194.0,0.0,0.0,0.0,6.4,-22,124
2026-03-12T19:40:42.340333,0,3,1,0,9,-1.0,194.0,0.0,0.0,0.0,6.4,-22,124
2026-03-12T19:40:42.466673,0,3,1,0,9,-1.0,194.0,0.0,0.0,0.0,6.4,-22,125
2026-03-12T19:40:42.584937,0,3,1,0,9,-1.0,194.0,0.0,0.0,0.0,6.4,-22,124
2026-03-12T19:40:42.715543,0,3,1,0,9,-1.0,194.0,0.0,0.0,0.0,6.4,-22,124
2026-03-12T19:40:42.841437,0,3,1,0,9,-1.0,194.0,0.0,0.0,0.0,6.4,-22,124
2026-03-12T19:40:42.966493,0,3,1,0,9,-1.0,194.0,0.0,0.0,0.0,6.4,-22,125
2026-03-12T19:40:43.092034,0,3,1,0,9,-1.0,193.75,0.0,0.0,0.0,6.4,-22,124
2026-03-12T19:40:43.217401,0,3,1,0,9,-1.0,193.75,0.0,0.0,0.0,6.4,-22,125
2026-03-12T19:40:43.335955,0,3,1,0,9,-1.0,194.25,0.0,0.0,0.0,6.4,-22,124
2026-03-12T19:40:43.471415,0,3,1,0,9,-1.0,194.0,0.0,0.0,0.0,6.4,-22,125
2026-03-12T19:40:43.593262,0,3,1,0,9,-1.0,194.25,0.0,0.0,0.0,6.4,-22,124
2026-03-12T19:40:43.718427,0,3,1,0,9,-1.0,194.25,0.0,0.0,0.0,6.4,-22,125
2026-03-12T19:40:43.844387,0,3,1,0,9,-1.0,193.75,0.0,0.0,0.0,6.4,-22,124
2026-03-12T19:40:43.967994,0,3,1,0,9,-1.0,194.0,0.0,0.0,0.0,6.4,-22,124
2026-03-12T19:40:44.094890,0,3,1,0,9,-1.0,194.25,0.0,0.0,0.0,6.4,-22,126
2026-03-12T19:40:44.220256,0,3,1,0,9,-1.0,194.25,0.0,0.0,0.0,6.4,-22,124
2026-03-12T19:40:44.344926,0,3,1,0,9,-1.0,194.25,0.0,0.0,0.0,6.4,-22,125
2026-03-12T19:40:44.470053,0,3,1,0,9,-1.0,193.75,0.0,0.0,0.0,6.4,-22,124
2026-03-12T19:40:44.588444,0,3,1,0,9,-1.0,193.75,0.0,0.0,0.0,6.4,-22,126
2026-03-12T19:40:44.721275,0,3,1,0,9,-1.0,194.25,0.0,0.0,0.0,6.4,-22,125
2026-03-12T19:40:44.845131,0,3,1,0,9,-1.0,193.75,0.0,0.0,0.0,6.4,-22,125
2026-03-12T19:40:44.970587,0,3,1,0,9,-1.0,194.25,0.0,0.0,0.0,6.4,-22,124
2026-03-12T19:40:45.096457,0,3,1,0,9,-1.0,193.5,0.0,0.0,0.0,6.4,-22,126
2026-03-12T19:40:45.220210,0,3,1,0,9,-1.0,193.75,0.0,0.0,0.0,6.4,-22,125
2026-03-12T19:40:45.347218,0,3,1,0,9,-1.0,194.0,0.0,0.0,0.0,6.4,-22,125
2026-03-12T19:40:45.470637,0,3,1,0,9,-1.0,194.0,0.0,0.0,0.0,6.4,-22,124
2026-03-12T19:40:45.596346,0,3,1,0,9,-1.0,194.0,0.0,0.0,0.0,6.4,-22,125
2026-03-12T19:40:45.722088,0,3,1,0,9,-1.0,193.75,0.0,0.0,0.0,6.4,-22,126
2026-03-12T19:40:45.847523,0,3,1,0,9,-1.0,193.75,0.0,0.0,0.0,6.4,-22,125
2026-03-12T19:40:45.972334,0,3,1,0,9,-1.0,193.75,0.0,0.0,0.0,6.4,-22,125
2026-03-12T19:40:46.097151,0,3,1,0,9,-1.0,194.0,0.0,0.0,0.0,6.4,-22,125
2026-03-12T19:40:46.223336,0,3,1,0,9,-1.0,193.75,0.0,0.0,0.0,6.4,-22,126
2026-03-12T19:40:46.347764,0,3,1,0,9,-1.0,194.25,0.0,0.0,0.0,6.6,-22,125
2026-03-12T19:40:46.466251,0,3,1,0,9,-1.0,194.0,0.0,0.0,0.0,6.4,-22,125
2026-03-12T19:40:46.598989,0,3,1,0,9,-1.0,194.0,0.0,0.0,0.0,6.4,-22,125
2026-03-12T19:40:46.717215,0,3,1,0,9,-1.0,194.0,0.0,0.0,0.0,6.4,-22,126
2026-03-12T19:40:46.842360,0,3,1,0,9,-1.0,194.0,0.0,0.0,0.0,6.4,-22,125
2026-03-12T19:40:46.974410,0,3,1,0,9,-1.0,194.0,0.0,0.0,0.0,6.4,-22,125
2026-03-12T19:40:47.520038,0,3,1,0,9,-1.0,194.0,0.0,0.0,0.0,6.4,-22,125
2026-03-12T19:40:47.538477,0,3,1,0,9,-1.0,194.0,0.0,0.0,0.0,6.4,-22,126
2026-03-12T19:40:47.556820,0,3,1,0,9,-1.0,193.5,0.0,0.0,0.0,6.4,-22,125
2026-03-12T19:40:47.574468,0,3,1,0,9,-1.0,194.0,0.0,0.0,0.0,6.4,-22,125
2026-03-12T19:40:47.593792,0,3,1,0,9,-1.0,194.0,0.0,0.0,0.0,6.4,-22,125
2026-03-12T19:40:47.726290,0,3,1,0,9,-1.0,194.0,0.0,0.0,0.0,6.4,-22,125
2026-03-12T19:40:47.844252,0,3,1,0,9,-1.0,194.0,0.0,0.0,0.0,6.4,-22,126
2026-03-12T19:40:47.975798,0,3,1,0,9,-1.0,193.75,0.0,0.0,0.0,6.4,-22,125
2026-03-12T19:40:48.094560,0,3,1,0,9,-1.0,193.75,0.0,0.0,0.0,6.4,-22,125
2026-03-12T19:40:48.226369,0,3,1,0,9,-1.0,193.75,0.0,0.0,0.0,6.4,-22,125
2026-03-12T19:40:48.352232,0,3,1,0,9,-1.0,193.75,0.0,0.0,0.0,6.4,-22,126
2026-03-12T19:40:48.476771,0,3,1,0,9,-1.0,193.75,0.0,0.0,0.0,6.4,-22,125
2026-03-12T19:40:48.601887,0,3,1,0,9,-1.0,194.0,0.0,0.0,0.0,6.4,-22,125
2026-03-12T19:40:48.726585,0,3,1,0,9,-1.0,193.75,0.0,0.0,0.0,6.4,-22,125
2026-03-12T19:40:48.845304,0,3,1,0,9,-1.0,193.75,0.0,0.0,0.0,6.4,-22,124
2026-03-12T19:40:48.977811,0,3,1,0,9,-1.0,194.0,0.0,0.0,0.0,6.4,-22,126
2026-03-12T19:40:49.102737,0,3,1,0,9,-1.0,194.25,0.0,0.0,0.0,6.4,-22,125
2026-03-12T19:40:49.221429,0,3,1,0,9,-1.0,194.0,0.0,0.0,0.0,6.4,-22,124
2026-03-12T19:40:49.353594,0,3,1,0,9,-1.0,194.0,0.0,0.0,0.0,6.4,-22,124
2026-03-12T19:40:49.479585,0,3,1,0,9,-1.0,194.0,0.0,0.0,0.0,6.4,-22,126
2026-03-12T19:40:49.603567,0,3,1,0,9,-1.0,193.75,0.0,0.0,0.0,6.4,-22,125
2026-03-12T19:40:49.730188,0,3,1,0,9,-1.0,193.75,0.0,0.0,0.0,6.4,-22,124
2026-03-12T19:40:49.853565,0,3,1,0,9,-1.0,194.0,0.0,0.0,0.0,6.6,-22,125
2026-03-12T19:40:49.979607,0,3,1,0,9,-1.0,193.75,0.0,0.0,0.0,6.4,-22,126
2026-03-12T19:40:50.104679,0,3,1,0,9,-1.0,193.75,0.0,0.0,0.0,6.4,-22,125
2026-03-12T19:40:50.229325,0,3,1,0,9,-1.0,194.0,0.0,0.0,0.0,6.4,-25,124
2026-03-12T19:40:50.354621,0,3,1,0,9,-1.0,194.0,0.0,0.0,0.0,6.4,-28,124
2026-03-12T19:40:50.480158,0,3,1,0,9,-1.0,193.75,0.0,0.0,0.0,6.4,-33,125
2026-03-12T19:40:50.605506,0,3,1,0,9,-1.0,193.75,0.0,0.0,0.0,6.4,-36,125
2026-03-12T19:40:50.730428,0,3,1,0,9,-1.0,194.0,0.0,0.0,0.0,6.4,-36,124
2026-03-12T19:40:50.855775,0,3,1,0,9,-1.0,194.0,0.0,0.0,0.0,6.4,-37,125
2026-03-12T19:40:50.980552,0,3,1,0,9,-1.0,194.0,0.0,0.0,0.0,6.4,-36,125
2026-03-12T19:40:51.100416,0,3,1,0,9,-1.0,194.0,0.0,0.0,0.0,6.4,-36,125
2026-03-12T19:40:51.232118,0,3,1,0,9,-1.0,194.0,0.0,0.0,0.0,6.4,-36,125
2026-03-12T19:40:51.356550,0,3,1,0,9,-1.0,193.75,0.0,0.0,0.0,6.4,-36,125
2026-03-12T19:40:51.481350,0,3,1,0,9,-1.0,194.0,0.0,0.0,0.0,6.4,-36,124
2026-03-12T19:40:51.607753,0,3,1,0,9,-1.0,194.25,0.0,0.0,0.0,6.4,-37,126
2026-03-12T19:40:51.732352,0,3,1,0,9,-1.0,194.25,0.0,0.0,0.0,6.4,-37,125
2026-03-12T19:40:51.857583,0,3,1,0,9,-1.0,193.5,0.0,0.0,0.0,6.4,-32,124
2026-03-12T19:40:51.982984,0,3,1,0,9,-1.0,194.0,0.0,0.0,0.0,6.4,-31,124
2026-03-12T19:40:52.107318,0,3,1,0,9,-1.0,194.0,0.0,0.0,0.0,6.4,-32,124
2026-03-12T19:40:52.233118,0,3,1,0,9,-1.0,194.0,0.0,0.0,0.0,6.4,-33,125
2026-03-12T19:40:52.359396,0,3,1,0,9,-1.0,193.5,0.0,0.0,0.0,6.4,-35,124
2026-03-12T19:40:52.483622,0,3,1,0,9,-1.0,193.5,0.0,0.0,0.0,6.4,-36,125
2026-03-12T19:40:52.608571,0,3,1,0,9,-1.0,194.0,0.0,0.0,0.0,6.4,-37,125
2026-03-12T19:40:52.734888,0,3,1,0,9,-1.0,193.5,0.0,0.0,0.0,6.4,-38,125
2026-03-12T19:40:52.859130,0,3,1,0,9,-1.0,194.0,0.0,0.0,0.0,6.4,-36,124
2026-03-12T19:40:52.984510,0,3,1,0,9,-1.0,194.0,0.0,0.0,0.0,6.4,-34,124
2026-03-12T19:40:53.109273,0,3,1,0,9,-1.0,194.0,0.0,0.0,0.0,6.4,-33,124
2026-03-12T19:40:53.236291,0,3,1,0,9,-1.0,193.5,0.0,0.0,0.0,6.4,-34,125
2026-03-12T19:40:53.360150,0,3,1,0,9,-1.0,194.0,0.0,0.0,0.0,6.4,-34,124
2026-03-12T19:40:53.485112,0,3,1,0,9,-1.0,194.0,0.0,0.0,0.0,6.4,-35,124
2026-03-12T19:40:53.610455,0,3,1,0,9,-1.0,194.0,0.0,0.0,0.0,6.4,-46,124
2026-03-12T19:40:53.736405,0,3,1,0,9,-1.0,193.75,0.0,0.0,0.0,6.4,-37,125
2026-03-12T19:40:53.861559,0,3,1,0,9,-1.0,193.75,0.0,0.0,0.0,6.4,-34,124
2026-03-12T19:40:53.980309,0,3,1,0,9,-1.0,193.5,0.0,0.0,0.0,6.4,-29,124
2026-03-12T19:40:54.105198,0,3,1,0,9,-1.0,193.75,0.0,0.0,0.0,6.4,-30,124
2026-03-12T19:40:54.237255,0,3,1,0,9,-1.0,194.0,0.0,0.0,0.0,6.4,-34,124
2026-03-12T19:40:54.363789,0,3,1,0,9,-1.0,194.0,0.0,0.0,0.0,6.4,-34,125
2026-03-12T19:40:54.481430,0,3,1,0,9,-1.0,193.75,0.0,0.0,0.0,6.4,-35,124
2026-03-12T19:40:54.613564,0,3,1,0,9,-1.0,194.0,0.0,0.0,0.0,6.6,-28,124
2026-03-12T19:40:54.738063,0,3,1,0,9,-1.0,194.0,0.0,0.0,0.0,6.4,-24,124
2026-03-12T19:40:54.863010,0,3,1,0,9,-1.0,194.0,0.0,0.0,0.0,6.4,-26,125
2026-03-12T19:40:54.988874,0,3,1,0,9,-1.0,194.0,0.0,0.0,0.0,6.4,-30,124
2026-03-12T19:40:55.113500,0,3,1,0,9,-1.0,194.25,0.0,0.0,0.0,6.4,-31,124
2026-03-12T19:40:55.232170,0,3,1,0,9,-1.0,194.25,0.0,0.0,0.0,6.4,-30,124
2026-03-12T19:40:55.365585,0,3,1,0,9,-1.0,194.0,0.0,0.0,0.0,6.4,-28,125
2026-03-12T19:40:55.488424,0,3,1,0,9,-1.0,194.0,0.0,0.0,0.0,6.4,-27,124
2026-03-12T19:40:55.615093,0,3,1,0,9,-1.0,194.25,0.0,0.0,0.0,6.4,-27,124
2026-03-12T19:40:55.738766,0,3,1,0,9,-1.0,193.75,0.0,0.0,0.0,6.4,-27,124
2026-03-12T19:40:55.864511,0,3,1,0,9,-1.0,193.75,0.0,0.0,0.0,6.4,-27,124
2026-03-12T19:40:55.990931,0,3,1,0,9,-1.0,194.0,0.0,0.0,0.0,6.4,-27,125
2026-03-12T19:40:56.109175,0,3,1,0,9,-1.0,194.0,0.0,0.0,0.0,6.4,-27,124
2026-03-12T19:40:56.240717,0,3,1,0,9,-1.0,194.0,0.0,0.0,0.0,6.4,-25,124
2026-03-12T19:40:56.359244,0,3,1,0,9,-1.0,194.0,0.0,0.0,0.0,6.4,-24,124
2026-03-12T19:40:56.493176,0,3,1,0,9,-1.0,194.0,0.0,0.0,0.0,6.4,-24,125
2026-03-12T19:40:56.610150,0,3,1,0,9,-1.0,194.0,0.0,0.0,0.0,6.6,-25,124
2026-03-12T19:40:56.741155,0,3,1,0,9,-1.0,194.0,0.0,0.0,0.0,6.4,-25,124
2026-03-12T19:40:56.866508,0,3,1,0,9,-1.0,194.0,0.0,0.0,0.0,6.4,-24,124
2026-03-12T19:40:56.992900,0,3,1,0,9,-1.0,194.0,0.0,0.0,0.0,6.4,-24,125
2026-03-12T19:40:57.117317,0,3,1,0,9,-1.0,193.75,0.0,0.0,0.0,6.4,-24,124
2026-03-12T19:40:57.242300,0,3,1,0,9,-1.0,194.0,0.0,0.0,0.0,6.4,-24,124
2026-03-12T19:40:57.367435,0,3,1,0,9,-1.0,194.25,0.0,0.0,0.0,6.4,-24,124
2026-03-12T19:40:57.485999,0,3,1,0,9,-1.0,194.25,0.0,0.0,0.0,6.4,-24,124
2026-03-12T19:40:57.620696,0,3,1,0,9,-1.0,194.25,0.0,0.0,0.0,6.4,-22,125
2026-03-12T19:40:57.742991,0,3,1,0,9,-1.0,194.0,0.0,0.0,0.0,6.4,-23,124
2026-03-12T19:40:57.862278,0,3,1,0,9,-1.0,194.0,0.0,0.0,0.0,6.6,-25,124
2026-03-12T19:40:57.995950,0,3,1,0,9,-1.0,194.0,0.0,0.0,0.0,6.4,-24,124
2026-03-12T19:40:58.112966,0,3,1,0,9,-1.0,194.0,0.0,0.0,0.0,6.6,-22,125
2026-03-12T19:40:58.245272,0,3,1,0,9,-1.0,194.0,0.0,0.0,0.0,6.4,-22,124
2026-03-12T19:40:58.369276,0,3,1,0,9,-1.0,193.75,0.0,0.0,0.0,6.4,-22,124
2026-03-12T19:40:58.493983,0,3,1,0,9,-1.0,193.75,0.0,0.0,0.0,6.4,-22,124
2026-03-12T19:40:58.620489,0,3,1,0,9,-1.0,194.25,0.0,0.0,0.0,6.4,-22,125
2026-03-12T19:40:58.745585,0,3,1,0,9,-1.0,194.25,0.0,0.0,0.0,6.4,-22,124
2026-03-12T19:40:58.869798,0,3,1,0,9,-1.0,194.25,0.0,0.0,0.0,6.4,-24,124
2026-03-12T19:40:58.995135,0,3,1,0,9,-1.0,194.25,0.0,0.0,0.0,6.4,-28,124
2026-03-12T19:40:59.121584,0,3,1,0,9,-1.0,194.0,0.0,0.0,0.0,6.4,-28,125
2026-03-12T19:40:59.247912,0,3,1,0,9,-1.0,194.0,0.0,0.0,0.0,6.4,-25,125
2026-03-12T19:40:59.374196,0,3,1,0,9,-1.0,193.75,0.0,0.0,0.0,6.4,-24,124
2026-03-12T19:40:59.491354,0,3,1,0,9,-1.0,194.0,0.0,0.0,0.0,6.4,-25,124
2026-03-12T19:40:59.623241,0,3,1,0,9,-1.0,194.0,0.0,0.0,0.0,6.4,-27,124
2026-03-12T19:40:59.748385,0,3,1,0,9,-1.0,193.75,0.0,0.0,0.0,6.4,-28,125
2026-03-12T19:40:59.873486,0,3,1,0,9,-1.0,194.0,0.0,0.0,0.0,6.4,-28,124
2026-03-12T19:40:59.999457,0,3,1,0,9,-1.0,194.25,0.0,0.0,0.0,6.4,-25,124
2026-03-12T19:41:00.117036,0,3,1,0,9,-1.0,194.25,0.0,0.0,0.0,6.4,-22,124
2026-03-12T19:41:00.242954,0,3,1,0,9,-1.0,194.25,0.0,0.0,0.0,6.4,-22,125
2026-03-12T19:41:00.376511,0,3,1,0,9,-1.0,194.5,0.0,0.0,0.0,6.4,-22,124
2026-03-12T19:41:00.499854,0,3,1,0,9,-1.0,194.5,0.0,0.0,0.0,6.4,-22,124
2026-03-12T19:41:00.624704,0,3,1,0,9,-1.0,194.25,0.0,0.0,0.0,6.4,-24,124
2026-03-12T19:41:00.751426,0,3,1,0,9,-1.0,193.75,0.0,0.0,0.0,6.4,-25,125
2026-03-12T19:41:00.875821,0,3,1,0,9,-1.0,194.25,0.0,0.0,0.0,6.4,-26,124
2026-03-12T19:41:01.001796,0,3,1,0,9,-1.0,194.25,0.0,0.0,0.0,6.4,-27,125
2026-03-12T19:41:01.125046,0,3,1,0,9,-1.0,194.0,0.0,0.0,0.0,6.4,-28,124
2026-03-12T19:41:01.250899,0,3,1,0,9,-1.0,194.0,0.0,0.0,0.0,6.4,-28,124
2026-03-12T19:41:01.377703,0,3,1,0,9,-1.0,194.25,0.0,0.0,0.0,6.4,-28,126
2026-03-12T19:41:01.502407,0,3,1,0,9,-1.0,194.25,0.0,0.0,0.0,6.4,-29,125
2026-03-12T19:41:01.627496,0,3,1,0,9,-1.0,194.25,0.0,0.0,0.0,6.4,-30,124
2026-03-12T19:41:01.752146,0,3,1,0,9,-1.0,194.0,0.0,0.0,0.0,6.4,-31,124
2026-03-12T19:41:01.870855,0,3,1,0,9,-1.0,194.0,0.0,0.0,0.0,6.4,-32,125
2026-03-12T19:41:02.002999,0,3,1,0,9,-1.0,193.75,0.0,0.0,0.0,6.4,-32,124
2026-03-12T19:41:02.127924,0,3,1,0,9,-1.0,194.0,0.0,0.0,0.0,6.4,-32,124
2026-03-12T19:41:02.253363,0,3,1,0,9,-1.0,194.25,0.0,0.0,0.0,6.4,-32,125
2026-03-12T19:41:02.378689,0,3,1,0,9,-1.0,194.0,0.0,0.0,0.0,6.6,-32,125
2026-03-12T19:41:02.503826,0,3,1,0,9,-1.0,194.25,0.0,0.0,0.0,6.4,-33,124
2026-03-12T19:41:02.629023,0,3,1,0,9,-1.0,194.25,0.0,0.0,0.0,6.4,-34,125
2026-03-12T19:41:02.753953,0,3,1,0,9,-1.0,194.25,0.0,0.0,0.0,6.4,-34,124
2026-03-12T19:41:02.878379,0,3,1,0,9,-1.0,194.25,0.0,0.0,0.0,6.4,-35,124
2026-03-12T19:41:03.004862,0,3,1,0,9,-1.0,194.25,0.0,0.0,0.0,6.4,-35,126
2026-03-12T19:41:03.129307,0,3,1,0,9,-1.0,194.25,0.0,0.0,0.0,6.4,-36,124
2026-03-12T19:41:03.255610,0,3,1,0,9,-1.0,194.25,0.0,0.0,0.0,6.4,-34,125
2026-03-12T19:41:03.379285,0,3,1,0,9,-1.0,193.75,0.0,0.0,0.0,6.4,-34,124
2026-03-12T19:41:03.506282,0,3,1,0,9,-1.0,194.0,0.0,0.0,0.0,6.4,-36,125
2026-03-12T19:41:03.631123,0,3,1,0,9,-1.0,193.75,0.0,0.0,0.0,6.4,-37,125
2026-03-12T19:41:03.756134,0,3,1,0,9,-1.0,193.75,0.0,0.0,0.0,6.4,-36,125
2026-03-12T19:41:03.879578,0,3,1,0,9,-1.0,194.0,0.0,0.0,0.0,6.4,-36,124
2026-03-12T19:41:04.006318,0,3,1,0,9,-1.0,194.0,0.0,0.0,0.0,6.4,-35,126
2026-03-12T19:41:04.131731,0,3,1,0,9,-1.0,194.0,0.0,0.0,0.0,6.4,-36,124
2026-03-12T19:41:04.256872,0,3,1,0,9,-1.0,194.0,0.0,0.0,0.0,6.4,-35,124
2026-03-12T19:41:04.381146,0,3,1,0,9,-1.0,194.0,0.0,0.0,0.0,6.4,-36,124
2026-03-12T19:41:04.507630,0,3,1,0,9,-1.0,194.25,0.0,0.0,0.0,6.4,-35,126
2026-03-12T19:41:04.632058,0,3,1,0,9,-1.0,194.25,0.0,0.0,0.0,6.4,-36,125
2026-03-12T19:41:04.757753,0,3,1,0,9,-1.0,194.0,0.0,0.0,0.0,6.4,-35,124
2026-03-12T19:41:04.883751,0,3,1,0,9,-1.0,194.0,0.0,0.0,0.0,6.4,-34,124
2026-03-12T19:41:05.002915,0,3,1,0,9,-1.0,194.0,0.0,0.0,0.0,6.4,-32,125
2026-03-12T19:41:05.133674,0,3,1,0,9,-1.0,194.0,0.0,0.0,0.0,6.4,-32,125
2026-03-12T19:41:05.259686,0,3,1,0,9,-1.0,194.25,0.0,0.0,0.0,6.4,-32,124
2026-03-12T19:41:05.384324,0,3,1,0,9,-1.0,194.0,0.0,0.0,0.0,6.4,-34,125
2026-03-12T19:41:05.508664,0,3,1,0,9,-1.0,194.0,0.0,0.0,0.0,6.4,-29,124
2026-03-12T19:41:05.633937,0,3,1,0,9,-1.0,194.0,0.0,0.0,0.0,6.4,-28,125
2026-03-12T19:41:05.759724,0,3,1,0,9,-1.0,194.0,0.0,0.0,0.0,6.4,-31,124
2026-03-12T19:41:05.883904,0,3,1,0,9,-1.0,194.0,0.0,0.0,0.0,6.4,-26,125
2026-03-12T19:41:06.010321,0,3,1,0,9,-1.0,194.0,0.0,0.0,0.0,6.4,-30,124
2026-03-12T19:41:06.135374,0,3,1,0,9,-1.0,194.25,0.0,0.0,0.0,6.4,-27,125
2026-03-12T19:41:06.254850,0,3,1,0,9,-1.0,194.25,0.0,0.0,0.0,6.4,-25,124
2026-03-12T19:41:06.386911,0,3,1,0,9,-1.0,194.0,0.0,0.0,0.0,6.4,-24,125
2026-03-12T19:41:06.509629,0,3,1,0,9,-1.0,194.0,0.0,0.0,0.0,6.6,-24,124
2026-03-12T19:41:06.635795,0,3,1,0,9,-1.0,194.0,0.0,0.0,0.0,6.4,-23,125
2026-03-12T19:41:06.760983,0,3,1,0,9,-1.0,193.75,0.0,0.0,0.0,6.4,-24,124
2026-03-12T19:41:06.885753,0,3,1,0,9,-1.0,193.75,0.0,0.0,0.0,6.4,-24,125
2026-03-12T19:41:07.011083,0,3,1,0,9,-1.0,193.75,0.0,0.0,0.0,6.4,-24,124
2026-03-12T19:41:07.136353,0,3,1,0,9,-1.0,193.75,0.0,0.0,0.0,6.4,-22,125
2026-03-12T19:41:07.262237,0,3,1,0,9,-1.0,193.75,0.0,0.0,0.0,6.4,-24,126
2026-03-12T19:41:07.387686,0,3,1,0,9,-1.0,193.75,0.0,0.0,0.0,6.4,-24,125
2026-03-12T19:41:07.512564,0,3,1,0,9,-1.0,194.25,0.0,0.0,0.0,6.4,-22,124
2026-03-12T19:41:07.636994,0,3,1,0,9,-1.0,194.25,0.0,0.0,0.0,6.4,-23,125
2026-03-12T19:41:07.763102,0,3,1,0,9,-1.0,194.0,0.0,0.0,0.0,6.4,-25,125
2026-03-12T19:41:07.888268,0,3,1,0,9,-1.0,194.0,0.0,0.0,0.0,6.4,-24,124
2026-03-12T19:41:08.013366,0,3,1,0,9,-1.0,194.0,0.0,0.0,0.0,6.6,-22,124
2026-03-12T19:41:08.137549,0,3,1,0,9,-1.0,193.75,0.0,0.0,0.0,6.4,-22,124
2026-03-12T19:41:08.264058,0,3,1,0,9,-1.0,193.75,0.0,0.0,0.0,6.4,-22,125
2026-03-12T19:41:08.388729,0,3,1,0,9,-1.0,194.25,0.0,0.0,0.0,6.4,-22,124
2026-03-12T19:41:08.513727,0,3,1,0,9,-1.0,194.25,0.0,0.0,0.0,6.4,-22,124
2026-03-12T19:41:08.638507,0,3,1,0,9,-1.0,194.0,0.0,0.0,0.0,6.4,-22,124
2026-03-12T19:41:08.757644,0,3,1,0,9,-1.0,194.25,0.0,0.0,0.0,6.4,-22,124
2026-03-12T19:41:08.889807,0,3,1,0,9,-1.0,194.25,0.0,0.0,0.0,6.4,-22,125
2026-03-12T19:41:09.015524,0,3,1,0,9,-1.0,194.0,0.0,0.0,0.0,6.4,-22,124
2026-03-12T19:41:09.139912,0,3,1,0,9,-1.0,193.75,0.0,0.0,0.0,6.4,-22,124
2026-03-12T19:41:09.264862,0,3,1,0,9,-1.0,194.0,0.0,0.0,0.0,6.4,-22,124
2026-03-12T19:41:09.390672,0,3,1,0,9,-1.0,193.75,0.0,0.0,0.0,6.4,-22,125
2026-03-12T19:41:09.515788,0,3,1,0,9,-1.0,193.75,0.0,0.0,0.0,6.4,-22,124
2026-03-12T19:41:09.641208,0,3,1,0,9,-1.0,193.75,0.0,0.0,0.0,6.4,-22,124
2026-03-12T19:41:09.765775,0,3,1,0,9,-1.0,193.75,0.0,0.0,0.0,6.4,-22,124
2026-03-12T19:41:09.891772,0,3,1,0,9,-1.0,194.0,0.0,0.0,0.0,6.4,-22,125
2026-03-12T19:41:10.016382,0,3,1,0,9,-1.0,194.0,0.0,0.0,0.0,6.4,-22,124
2026-03-12T19:41:10.142226,0,3,1,0,9,-1.0,194.0,0.0,0.0,0.0,6.4,-22,124
2026-03-12T19:41:10.266879,0,3,1,0,9,-1.0,193.75,0.0,0.0,0.0,6.4,-22,124
2026-03-12T19:41:10.385694,0,3,1,0,9,-1.0,194.0,0.0,0.0,0.0,6.4,-22,124
2026-03-12T19:41:10.518356,0,3,1,0,9,-1.0,194.25,0.0,0.0,0.0,6.4,-22,125
2026-03-12T19:41:10.643291,0,3,1,0,9,-1.0,194.25,0.0,0.0,0.0,6.4,-22,124
2026-03-12T19:41:10.768065,0,3,1,0,9,-1.0,193.75,0.0,0.0,0.0,6.4,-22,124
2026-03-12T19:41:10.886626,0,3,1,0,9,-1.0,193.75,0.0,0.0,0.0,6.4,-22,124
2026-03-12T19:41:11.018401,0,3,1,0,9,-1.0,193.75,0.0,0.0,0.0,6.4,-22,125
2026-03-12T19:41:11.143114,0,3,1,0,9,-1.0,194.0,0.0,0.0,0.0,6.4,-22,124
2026-03-12T19:41:11.268529,0,3,1,0,9,-1.0,194.0,0.0,0.0,0.0,6.4,-22,124
2026-03-12T19:41:11.394280,0,3,1,0,9,-1.0,194.0,0.0,0.0,0.0,6.4,-22,124
2026-03-12T19:41:11.520507,0,3,1,0,9,-1.0,194.0,0.0,0.0,0.0,6.4,-22,125
2026-03-12T19:41:11.643839,0,3,1,0,9,-1.0,194.0,0.0,0.0,0.0,6.4,-22,124
2026-03-12T19:41:11.771181,0,3,1,0,9,-1.0,193.75,0.0,0.0,0.0,6.4,-22,124
2026-03-12T19:41:11.895008,0,3,1,0,9,-1.0,194.0,0.0,0.0,0.0,6.4,-22,124
2026-03-12T19:41:12.019942,0,3,1,0,9,-1.0,194.25,0.0,0.0,0.0,6.4,-22,124
2026-03-12T19:41:12.145731,0,3,1,0,9,-1.0,194.0,0.0,0.0,0.0,6.4,-22,125
2026-03-12T19:41:12.270819,0,3,1,0,9,-1.0,194.0,0.0,0.0,0.0,6.4,-22,124
2026-03-12T19:41:12.397068,0,3,1,0,9,-1.0,194.0,0.0,0.0,0.0,6.4,-22,124
2026-03-12T19:41:12.514587,0,3,1,0,9,-1.0,194.0,0.0,0.0,0.0,6.4,-22,124
2026-03-12T19:41:12.647322,0,3,1,0,9,-1.0,194.0,0.0,0.0,0.0,6.4,-22,125
2026-03-12T19:41:12.772272,0,3,1,0,9,-1.0,194.0,0.0,0.0,0.0,6.4,-22,124
2026-03-12T19:41:12.895980,0,3,1,0,9,-1.0,193.75,0.0,0.0,0.0,6.4,-22,124
2026-03-12T19:41:13.021992,0,3,1,0,9,-1.0,193.75,0.0,0.0,0.0,6.4,-22,124
2026-03-12T19:41:13.148430,0,3,1,0,9,-1.0,194.0,0.0,0.0,0.0,6.4,-22,125
2026-03-12T19:41:13.266581,0,3,1,0,9,-1.0,194.0,0.0,0.0,0.0,6.4,-22,124
2026-03-12T19:41:13.398949,0,3,1,0,9,-1.0,194.0,0.0,0.0,0.0,6.4,-22,124
2026-03-12T19:41:13.522843,0,3,1,0,9,-1.0,194.0,0.0,0.0,0.0,6.4,-22,124
2026-03-12T19:41:13.647424,0,3,1,0,9,-1.0,194.0,0.0,0.0,0.0,6.4,-22,124
2026-03-12T19:41:13.773798,0,3,1,0,9,-1.0,194.25,0.0,0.0,0.0,6.4,-22,125
2026-03-12T19:41:13.898199,0,3,1,0,9,-1.0,194.25,0.0,0.0,0.0,6.6,-22,124
2026-03-12T19:41:14.025704,0,3,1,0,9,-1.0,194.25,0.0,0.0,0.0,6.6,-22,124
2026-03-12T19:41:14.148199,0,3,1,0,9,-1.0,194.0,0.0,0.0,0.0,6.4,-22,124
2026-03-12T19:41:14.274541,0,3,1,0,9,-1.0,194.25,0.0,0.0,0.0,6.4,-22,125
2026-03-12T19:41:14.393359,0,3,1,0,9,-1.0,193.75,0.0,0.0,0.0,6.4,-22,124
2026-03-12T19:41:14.518462,0,3,1,0,9,-1.0,194.25,0.0,0.0,0.0,6.4,-22,124
2026-03-12T19:41:14.652369,0,3,1,0,9,-1.0,193.75,0.0,0.0,0.0,6.4,-22,124
2026-03-12T19:41:14.769653,0,3,1,0,9,-1.0,193.5,0.0,0.0,0.0,6.4,-22,125
2026-03-12T19:41:14.903862,0,3,1,0,9,-1.0,193.5,0.0,0.0,0.0,6.4,-22,124
2026-03-12T19:41:15.025127,0,3,1,0,9,-1.0,193.5,0.0,0.0,0.0,6.4,-22,124
2026-03-12T19:41:15.151109,0,3,1,0,9,-1.0,193.75,0.0,0.0,0.0,6.4,-22,124
2026-03-12T19:41:15.276590,0,3,1,0,9,-1.0,193.75,0.0,0.0,0.0,6.4,-22,125
2026-03-12T19:41:15.402868,0,3,1,0,9,-1.0,194.25,0.0,0.0,0.0,6.4,-22,125
2026-03-12T19:41:15.529161,0,3,1,0,9,-1.0,194.25,0.0,0.0,0.0,6.4,-22,124
2026-03-12T19:41:15.652452,0,3,1,0,9,-1.0,193.75,0.0,0.0,0.0,6.4,-22,124
2026-03-12T19:41:15.771401,0,3,1,0,9,-1.0,194.25,0.0,0.0,0.0,6.4,-22,124
2026-03-12T19:41:15.904461,0,3,1,0,9,-1.0,194.0,0.0,0.0,0.0,6.4,-22,125
2026-03-12T19:41:16.029653,0,3,1,0,9,-1.0,194.0,0.0,0.0,0.0,6.4,-22,124
2026-03-12T19:41:16.155703,0,3,1,0,9,-1.0,193.75,0.0,0.0,0.0,6.4,-22,124
2026-03-12T19:41:16.279185,0,3,1,0,9,-1.0,193.75,0.0,0.0,0.0,6.4,-22,124
2026-03-12T19:41:16.406301,0,3,1,0,9,-1.0,193.75,0.0,0.0,0.0,6.6,-22,125
2026-03-12T19:41:16.523998,0,3,1,0,9,-1.0,193.75,0.0,0.0,0.0,6.4,-22,124
2026-03-12T19:41:16.656574,0,3,1,0,9,-1.0,193.75,0.0,0.0,0.0,6.4,-22,124
2026-03-12T19:41:16.780284,0,3,1,0,9,-1.0,194.0,0.0,0.0,0.0,6.4,-22,124
2026-03-12T19:41:16.906694,0,3,1,0,9,-1.0,193.75,0.0,0.0,0.0,6.4,-22,125
2026-03-12T19:41:17.030443,0,3,1,0,9,-1.0,193.5,0.0,0.0,0.0,6.4,-22,124
2026-03-12T19:41:17.156237,0,3,1,0,9,-1.0,193.75,0.0,0.0,0.0,6.4,-22,124
2026-03-12T19:41:17.282430,0,3,1,0,9,-1.0,194.0,0.0,0.0,0.0,6.6,-22,124
2026-03-12T19:41:17.406105,0,3,1,0,9,-1.0,194.0,0.0,0.0,0.0,6.4,-22,124
2026-03-12T19:41:17.534475,0,3,1,0,9,-1.0,194.0,0.0,0.0,0.0,6.4,-22,125
2026-03-12T19:41:17.658469,0,3,1,0,9,-1.0,194.0,0.0,0.0,0.0,6.4,-22,124
2026-03-12T19:41:17.781606,0,3,1,0,9,-1.0,194.0,0.0,0.0,0.0,6.4,-22,124
2026-03-12T19:41:17.907992,0,3,1,0,9,-1.0,193.75,0.0,0.0,0.0,6.4,-22,124
2026-03-12T19:41:18.026512,0,3,1,0,9,-1.0,193.75,0.0,0.0,0.0,6.4,-22,125
2026-03-12T19:41:18.151433,0,3,1,0,9,-1.0,193.75,0.0,0.0,0.0,6.4,-22,124
2026-03-12T19:41:18.285463,0,3,1,0,9,-1.0,193.75,0.0,0.0,0.0,6.4,-22,124
2026-03-12T19:41:18.408667,0,3,1,0,9,-1.0,193.75,0.0,0.0,0.0,6.4,-22,124
2026-03-12T19:41:18.534769,0,3,1,0,9,-1.0,194.25,0.0,0.0,0.0,6.4,-22,125
2026-03-12T19:41:18.659608,0,3,1,0,9,-1.0,194.25,0.0,0.0,0.0,6.4,-22,124
2026-03-12T19:41:18.785002,0,3,1,0,9,-1.0,193.5,0.0,0.0,0.0,6.4,-22,124
2026-03-12T19:41:18.909672,0,3,1,0,9,-1.0,193.5,0.0,0.0,0.0,6.4,-22,124
2026-03-12T19:41:19.036020,0,3,1,0,9,-1.0,193.5,0.0,0.0,0.0,6.4,-22,125
2026-03-12T19:41:19.159497,0,3,1,0,9,-1.0,193.75,0.0,0.0,0.0,6.4,-22,124
2026-03-12T19:41:19.285890,0,3,1,0,9,-1.0,193.75,0.0,0.0,0.0,6.4,-22,124
2026-03-12T19:41:19.410102,0,3,1,0,9,-1.0,194.0,0.0,0.0,0.0,6.4,-22,124
2026-03-12T19:41:19.535022,0,3,1,0,9,-1.0,193.75,0.0,0.0,0.0,6.4,-22,124
2026-03-12T19:41:19.965017,0,3,1,0,9,-1.0,193.75,0.0,0.0,0.0,6.4,-22,125
2026-03-12T19:41:19.985129,0,3,1,0,9,-1.0,194.0,0.0,0.0,0.0,6.4,-22,124
2026-03-12T19:41:20.006297,0,3,1,0,9,-1.0,194.0,0.0,0.0,0.0,6.4,-22,124
2026-03-12T19:41:20.034669,0,3,1,0,9,-1.0,193.5,0.0,0.0,0.0,6.4,-22,124
2026-03-12T19:41:20.163143,0,3,1,0,9,-1.0,193.5,0.0,0.0,0.0,6.4,-22,125
2026-03-12T19:41:20.288080,0,3,1,0,9,-1.0,194.0,0.0,0.0,0.0,6.4,-22,124
2026-03-12T19:41:20.412039,0,3,1,0,9,-1.0,194.0,0.0,0.0,0.0,6.4,-22,124
2026-03-12T19:41:20.538285,0,3,1,0,9,-1.0,194.0,0.0,0.0,0.0,6.4,-22,124
2026-03-12T19:41:20.663496,0,3,1,0,9,-1.0,194.0,0.0,0.0,0.0,6.4,-22,125
2026-03-12T19:41:20.788243,0,3,1,0,9,-1.0,194.0,0.0,0.0,0.0,6.4,-22,124
2026-03-12T19:41:20.912979,0,3,1,0,9,-1.0,194.0,0.0,0.0,0.0,6.4,-22,124
2026-03-12T19:41:21.039185,0,3,1,0,9,-1.0,194.0,0.0,0.0,0.0,6.4,-22,124
2026-03-12T19:41:21.163970,0,3,1,0,9,-1.0,194.0,0.0,0.0,0.0,6.4,-22,124
2026-03-12T19:41:21.289149,0,3,1,0,9,-1.0,193.5,0.0,0.0,0.0,6.4,-22,125
2026-03-12T19:41:21.413719,0,3,1,0,9,-1.0,193.5,0.0,0.0,0.0,6.4,-22,124
2026-03-12T19:41:21.532207,0,3,1,0,9,-1.0,193.5,0.0,0.0,0.0,6.4,-22,124
2026-03-12T19:41:21.664796,0,3,1,0,9,-1.0,194.0,0.0,0.0,0.0,6.4,-22,124
2026-03-12T19:41:21.789131,0,3,1,0,9,-1.0,194.0,0.0,0.0,0.0,6.4,-22,125
2026-03-12T19:41:21.915577,0,3,1,0,9,-1.0,193.75,0.0,0.0,0.0,6.4,-22,124
2026-03-12T19:41:22.040514,0,3,1,0,9,-1.0,194.0,0.0,0.0,0.0,6.4,-22,125
2026-03-12T19:41:22.164876,0,3,1,0,9,-1.0,194.0,0.0,0.0,0.0,6.4,-22,124
2026-03-12T19:41:22.291370,0,3,1,0,9,-1.0,193.75,0.0,0.0,0.0,6.4,-22,126
2026-03-12T19:41:22.415461,0,3,1,0,9,-1.0,193.75,0.0,0.0,0.0,6.4,-22,125
2026-03-12T19:41:22.541984,0,3,1,0,9,-1.0,193.75,0.0,0.0,0.0,6.4,-22,125
2026-03-12T19:41:22.665716,0,3,1,0,9,-1.0,194.0,0.0,0.0,0.0,6.4,-22,125
2026-03-12T19:41:22.785213,0,3,1,0,9,-1.0,194.0,0.0,0.0,0.0,6.4,-22,126
2026-03-12T19:41:22.910506,0,3,1,0,9,-1.0,194.0,0.0,0.0,0.0,6.4,-22,125
2026-03-12T19:41:23.035365,0,3,1,0,9,-1.0,194.0,0.0,0.0,0.0,6.4,-22,125
2026-03-12T19:41:23.167703,0,3,1,0,9,-1.0,193.75,0.0,0.0,0.0,6.4,-22,125
2026-03-12T19:41:23.291344,0,3,1,0,9,-1.0,194.0,0.0,0.0,0.0,6.4,-22,125
2026-03-12T19:41:23.411105,0,3,1,0,9,-1.0,194.0,0.0,0.0,0.0,6.4,-22,126
2026-03-12T19:41:23.536032,0,3,1,0,9,-1.0,193.75,0.0,0.0,0.0,6.4,-22,125
2026-03-12T19:41:23.669305,0,3,1,0,9,-1.0,194.0,0.0,0.0,0.0,6.4,-22,125
2026-03-12T19:41:23.791879,0,3,1,0,9,-1.0,194.25,0.0,0.0,0.0,6.4,-22,125
2026-03-12T19:41:23.918653,0,3,1,0,9,-1.0,194.0,0.0,0.0,0.0,6.4,-22,126
2026-03-12T19:41:24.044048,0,3,1,0,9,-1.0,194.0,0.0,0.0,0.0,6.4,-22,125
2026-03-12T19:41:24.162453,0,3,1,0,9,-1.0,194.0,0.0,0.0,0.0,6.4,-22,125
2026-03-12T19:41:24.295380,0,3,1,0,9,-1.0,194.0,0.0,0.0,0.0,6.6,-22,125
2026-03-12T19:41:24.418978,0,3,1,0,9,-1.0,193.75,0.0,0.0,0.0,6.4,-22,126
2026-03-12T19:41:24.543960,0,3,1,0,9,-1.0,193.75,0.0,0.0,0.0,6.4,-22,125
2026-03-12T19:41:24.669043,0,3,1,0,9,-1.0,194.0,0.0,0.0,0.0,6.4,-22,125
2026-03-12T19:41:24.787974,0,3,1,0,9,-1.0,193.75,0.0,0.0,0.0,6.4,-22,125
2026-03-12T19:41:24.921123,0,3,1,0,9,-1.0,193.75,0.0,0.0,0.0,6.4,-22,125
2026-03-12T19:41:25.045137,0,3,1,0,9,-1.0,194.25,0.0,0.0,0.0,6.4,-22,126
2026-03-12T19:41:25.170339,0,3,1,0,9,-1.0,194.0,0.0,0.0,0.0,6.4,-22,125
2026-03-12T19:41:25.295974,0,3,1,0,9,-1.0,194.25,0.0,0.0,0.0,6.4,-22,125
2026-03-12T19:41:25.419454,0,3,1,0,9,-1.0,194.25,0.0,0.0,0.0,6.4,-22,125
2026-03-12T19:41:25.546494,0,3,1,0,9,-1.0,194.25,0.0,0.0,0.0,6.4,-22,126
2026-03-12T19:41:25.671133,0,3,1,0,9,-1.0,194.0,0.0,0.0,0.0,6.4,-22,125
2026-03-12T19:41:25.796155,0,3,1,0,9,-1.0,194.0,0.0,0.0,0.0,6.4,-22,125
2026-03-12T19:41:25.920994,0,3,1,0,9,-1.0,194.0,0.0,0.0,0.0,6.4,-22,125
2026-03-12T19:41:26.047424,0,3,1,0,9,-1.0,194.5,0.0,0.0,0.0,6.4,-22,126
2026-03-12T19:41:26.172528,0,3,1,0,9,-1.0,193.75,0.0,0.0,0.0,6.4,-22,125
2026-03-12T19:41:26.297800,0,3,1,0,9,-1.0,194.0,0.0,0.0,0.0,6.4,-22,125
2026-03-12T19:41:26.422617,0,3,1,0,9,-1.0,194.0,0.0,0.0,0.0,6.4,-22,125
2026-03-12T19:41:26.547220,0,3,1,0,9,-1.0,194.25,0.0,0.0,0.0,6.4,-22,125
2026-03-12T19:41:26.673127,0,3,1,0,9,-1.0,193.5,0.0,0.0,0.0,6.4,-22,126
2026-03-12T19:41:26.792321,0,3,1,0,9,-1.0,193.5,0.0,0.0,0.0,6.4,-22,125
2026-03-12T19:41:26.924482,0,3,1,0,9,-1.0,193.5,0.0,0.0,0.0,6.4,-22,125
2026-03-12T19:41:27.049195,0,3,1,0,9,-1.0,194.25,0.0,0.0,0.0,6.4,-22,124
2026-03-12T19:41:27.174639,0,3,1,0,9,-1.0,194.25,0.0,0.0,0.0,6.4,-22,125
2026-03-12T19:41:27.299089,0,3,1,0,9,-1.0,194.0,0.0,0.0,0.0,6.4,-22,125
2026-03-12T19:41:27.424607,0,3,1,0,9,-1.0,194.0,0.0,0.0,0.0,6.4,-22,125
2026-03-12T19:41:27.549024,0,3,1,0,9,-1.0,193.75,0.0,0.0,0.0,6.4,-22,124
2026-03-12T19:41:27.675927,0,3,1,0,9,-1.0,193.75,0.0,0.0,0.0,6.4,-22,125
2026-03-12T19:41:27.800563,0,3,1,0,9,-1.0,194.25,0.0,0.0,0.0,6.4,-22,125
2026-03-12T19:41:28.216682,0,3,1,0,9,-1.0,194.0,0.0,0.0,0.0,6.4,-22,124
2026-03-12T19:41:28.237616,0,3,1,0,9,-1.0,194.0,0.0,0.0,0.0,6.4,-22,124
2026-03-12T19:41:28.257243,0,3,1,0,9,-1.0,194.0,0.0,0.0,0.0,6.4,-22,124
2026-03-12T19:41:28.301208,0,3,1,0,9,-1.0,194.0,0.0,0.0,0.0,6.4,-22,125
2026-03-12T19:41:28.426375,0,3,1,0,9,-1.0,193.75,0.0,0.0,0.0,6.4,-22,124
2026-03-12T19:41:28.544770,0,3,1,0,9,-1.0,193.75,0.0,0.0,0.0,6.4,-22,124
2026-03-12T19:41:28.678591,0,3,1,0,9,-1.0,193.75,0.0,0.0,0.0,6.4,-22,124
2026-03-12T19:41:28.795614,0,3,1,0,9,-1.0,194.0,0.0,0.0,0.0,6.6,-22,125
2026-03-12T19:41:28.927471,0,3,1,0,9,-1.0,193.75,0.0,0.0,0.0,6.4,-22,124
2026-03-12T19:41:29.052608,0,3,1,0,9,-1.0,194.0,0.0,0.0,0.0,6.4,-22,124
2026-03-12T19:41:29.170620,0,3,1,0,9,-1.0,193.75,0.0,0.0,0.0,6.4,-22,124
2026-03-12T19:41:29.303197,0,3,1,0,9,-1.0,194.0,0.0,0.0,0.0,6.4,-22,125
2026-03-12T19:41:29.428337,0,3,1,0,9,-1.0,194.0,0.0,0.0,0.0,6.4,-22,124
2026-03-12T19:41:29.553422,0,3,1,0,9,-1.0,194.0,0.0,0.0,0.0,6.4,-22,124
2026-03-12T19:41:29.672621,0,3,1,0,9,-1.0,194.0,0.0,0.0,0.0,6.4,-22,124
2026-03-12T19:41:29.803889,0,3,1,0,9,-1.0,193.75,0.0,0.0,0.0,6.4,-22,125
2026-03-12T19:41:29.928732,0,3,1,0,9,-1.0,193.75,0.0,0.0,0.0,6.4,-22,124
2026-03-12T19:41:30.053821,0,3,1,0,9,-1.0,193.75,0.0,0.0,0.0,6.4,-22,124
2026-03-12T19:41:30.179336,0,3,1,0,9,-1.0,194.0,0.0,0.0,0.0,6.4,-22,124
2026-03-12T19:41:30.303776,0,3,1,0,9,-1.0,193.75,0.0,0.0,0.0,6.4,-22,124
2026-03-12T19:41:30.430782,0,3,1,0,9,-1.0,193.75,0.0,0.0,0.0,6.4,-22,125
2026-03-12T19:41:30.549151,0,3,1,0,9,-1.0,194.0,0.0,0.0,0.0,6.4,-22,124
2026-03-12T19:41:30.682491,0,3,1,0,9,-1.0,193.75,0.0,0.0,0.0,6.6,-22,124
2026-03-12T19:41:30.805507,0,3,1,0,9,-1.0,193.75,0.0,0.0,0.0,6.4,-22,124
2026-03-12T19:41:30.930854,0,3,1,0,9,-1.0,193.75,0.0,0.0,0.0,6.4,-22,125
2026-03-12T19:41:31.049854,0,3,1,0,9,-1.0,193.75,0.0,0.0,0.0,6.4,-22,124
2026-03-12T19:41:31.180745,0,3,1,0,9,-1.0,193.75,0.0,0.0,0.0,6.4,-22,124
2026-03-12T19:41:31.306090,0,3,1,0,9,-1.0,194.0,0.0,0.0,0.0,6.4,-22,124
2026-03-12T19:41:31.431036,0,3,1,0,9,-1.0,193.75,0.0,0.0,0.0,6.4,-22,125
2026-03-12T19:41:31.557056,0,3,1,0,9,-1.0,193.75,0.0,0.0,0.0,6.4,-22,124
2026-03-12T19:41:31.682167,0,3,1,0,9,-1.0,194.0,0.0,0.0,0.0,6.4,-22,125
2026-03-12T19:41:31.806953,0,3,1,0,9,-1.0,194.0,0.0,0.0,0.0,6.4,-22,124
2026-03-12T19:41:31.931370,0,3,1,0,9,-1.0,194.0,0.0,0.0,0.0,6.6,-22,125
2026-03-12T19:41:32.057611,0,3,1,0,9,-1.0,193.75,0.0,0.0,0.0,6.4,-22,126
2026-03-12T19:41:32.182476,0,3,1,0,9,-1.0,193.75,0.0,0.0,0.0,6.4,-22,124
2026-03-12T19:41:32.307688,0,3,1,0,9,-1.0,193.75,0.0,0.0,0.0,6.4,-22,125
2026-03-12T19:41:32.426560,0,3,1,0,9,-1.0,193.75,0.0,0.0,0.0,6.4,-22,125
2026-03-12T19:41:32.559739,0,3,1,0,9,-1.0,193.75,0.0,0.0,0.0,6.6,-22,126
2026-03-12T19:41:32.684308,0,3,1,0,9,-1.0,194.0,0.0,0.0,0.0,6.4,-22,125
2026-03-12T19:41:32.808351,0,3,1,0,9,-1.0,194.0,0.0,0.0,0.0,6.4,-22,125
2026-03-12T19:41:32.927558,0,3,1,0,9,-1.0,194.0,0.0,0.0,0.0,6.4,-22,125
2026-03-12T19:41:33.053470,0,3,1,0,9,-1.0,194.0,0.0,0.0,0.0,6.4,-22,126
2026-03-12T19:41:33.185197,0,3,1,0,9,-1.0,194.0,0.0,0.0,0.0,6.4,-22,125
2026-03-12T19:41:33.309294,0,3,1,0,9,-1.0,193.75,0.0,0.0,0.0,6.4,-22,125
2026-03-12T19:41:33.434133,0,3,1,0,9,-1.0,193.75,0.0,0.0,0.0,6.4,-22,125
2026-03-12T19:41:33.561791,0,3,1,0,9,-1.0,193.75,0.0,0.0,0.0,6.6,-22,126
2026-03-12T19:41:33.687312,0,3,1,0,9,-1.0,194.0,0.0,0.0,0.0,6.4,-22,126
2026-03-12T19:41:33.812115,0,3,1,0,9,-1.0,194.0,0.0,0.0,0.0,6.4,-22,125
2026-03-12T19:41:33.936913,0,3,1,0,9,-1.0,194.25,0.0,0.0,0.0,6.4,-22,125
2026-03-12T19:41:34.061565,0,3,1,0,9,-1.0,194.25,0.0,0.0,0.0,6.4,-23,125
2026-03-12T19:41:34.188260,0,3,1,0,9,-1.0,193.75,0.0,0.0,0.0,6.4,-24,126
2026-03-12T19:41:34.312666,0,3,1,0,9,-1.0,193.75,0.0,0.0,0.0,6.4,-22,125
2026-03-12T19:41:34.431513,0,3,1,0,9,-1.0,193.75,0.0,0.0,0.0,6.4,-22,125
2026-03-12T19:41:34.556448,0,3,1,0,9,-1.0,193.75,0.0,0.0,0.0,6.4,-22,125
2026-03-12T19:41:34.690451,0,3,1,0,9,-1.0,194.0,0.0,0.0,0.0,6.4,-22,126
2026-03-12T19:41:34.813558,0,3,1,0,9,-1.0,194.0,0.0,0.0,0.0,6.4,-22,125
2026-03-12T19:41:34.939072,0,3,1,0,9,-1.0,194.0,0.0,0.0,0.0,6.4,-22,125
2026-03-12T19:41:35.068202,0,3,1,0,9,-1.0,193.75,0.0,0.0,0.0,6.4,-22,125
2026-03-12T19:41:35.190885,0,3,1,0,9,-1.0,193.75,0.0,0.0,0.0,6.6,-22,126
2026-03-12T19:41:35.319229,0,3,1,0,9,-1.0,194.25,0.0,0.0,0.0,6.4,-22,125
2026-03-12T19:41:35.440368,0,3,1,0,9,-1.0,194.0,0.0,0.0,0.0,6.4,-22,125
2026-03-12T19:41:35.558791,0,3,1,0,9,-1.0,193.75,0.0,0.0,0.0,6.4,-22,125
2026-03-12T19:41:35.692302,0,3,1,0,9,-1.0,194.25,0.0,0.0,0.0,6.4,-22,125
2026-03-12T19:41:35.815999,0,3,1,0,9,-1.0,193.75,0.0,0.0,0.0,6.4,-22,126
2026-03-12T19:41:35.941235,0,3,1,0,9,-1.0,193.75,0.0,0.0,0.0,6.4,-22,125
2026-03-12T19:41:36.065957,0,3,1,0,9,-1.0,193.75,0.0,0.0,0.0,6.4,-22,125
2026-03-12T19:41:36.184485,0,3,1,0,9,-1.0,193.75,0.0,0.0,0.0,6.4,-22,125
2026-03-12T19:41:36.599113,0,3,1,0,9,-1.0,194.25,0.0,0.0,0.0,6.4,-22,126
2026-03-12T19:41:36.620002,0,3,1,0,9,-1.0,194.25,0.0,0.0,0.0,6.6,-22,125
2026-03-12T19:41:36.640967,0,3,1,0,9,-1.0,193.75,0.0,0.0,0.0,6.4,-22,125
2026-03-12T19:41:36.693442,0,3,1,0,9,-1.0,194.0,0.0,0.0,0.0,6.4,-22,125
2026-03-12T19:41:36.818902,0,3,1,0,9,-1.0,193.75,0.0,0.0,0.0,6.4,-22,126
2026-03-12T19:41:36.942806,0,3,1,0,9,-1.0,193.75,0.0,0.0,0.0,6.4,-22,125
2026-03-12T19:41:37.068915,0,3,1,0,9,-1.0,194.0,0.0,0.0,0.0,6.4,-22,125
2026-03-12T19:41:37.191920,0,3,1,0,9,-1.0,193.75,0.0,0.0,0.0,6.4,-22,125
2026-03-12T19:41:37.320132,0,3,1,0,9,-1.0,194.0,0.0,0.0,0.0,6.4,-22,126
2026-03-12T19:41:37.444721,0,3,1,0,9,-1.0,194.0,0.0,0.0,0.0,6.4,-22,126
2026-03-12T19:41:37.570234,0,3,1,0,9,-1.0,194.0,0.0,0.0,0.0,6.4,-22,125
2026-03-12T19:41:37.695363,0,3,1,0,9,-1.0,193.75,0.0,0.0,0.0,6.4,-22,125
2026-03-12T19:41:37.819872,0,3,1,0,9,-1.0,193.75,0.0,0.0,0.0,6.4,-22,125
2026-03-12T19:41:37.945185,0,3,1,0,9,-1.0,194.0,0.0,0.0,0.0,6.4,-22,126
2026-03-12T19:41:38.064850,0,3,1,0,9,-1.0,193.75,0.0,0.0,0.0,6.4,-22,125
2026-03-12T19:41:38.197386,0,3,1,0,9,-1.0,194.0,0.0,0.0,0.0,6.4,-22,125
2026-03-12T19:41:38.322246,0,3,1,0,9,-1.0,194.0,0.0,0.0,0.0,6.4,-22,125
2026-03-12T19:41:38.446839,0,3,1,0,9,-1.0,193.75,0.0,0.0,0.0,6.4,-22,126
2026-03-12T19:41:38.565449,0,3,1,0,9,-1.0,193.75,0.0,0.0,0.0,6.4,-24,125
2026-03-12T19:41:38.699274,0,3,1,0,9,-1.0,193.75,0.0,0.0,0.0,6.4,-24,125
2026-03-12T19:41:38.823904,0,3,1,0,9,-1.0,193.75,0.0,0.0,0.0,6.4,-22,125
2026-03-12T19:41:38.947786,0,3,1,0,9,-1.0,194.0,0.0,0.0,0.0,6.4,-22,126
2026-03-12T19:41:39.074820,0,3,1,0,9,-1.0,194.0,0.0,0.0,0.0,6.4,-22,125
2026-03-12T19:41:39.200484,0,3,1,0,9,-1.0,194.0,0.0,0.0,0.0,6.4,-22,125
2026-03-12T19:41:39.325055,0,3,1,0,9,-1.0,194.0,0.0,0.0,0.0,6.4,-22,125
2026-03-12T19:41:39.448644,0,3,1,0,9,-1.0,193.75,0.0,0.0,0.0,6.4,-22,125
2026-03-12T19:41:39.574053,0,3,1,0,9,-1.0,194.0,0.0,0.0,0.0,6.4,-22,126
2026-03-12T19:41:39.698287,0,3,1,0,9,-1.0,194.25,0.0,0.0,0.0,6.4,-22,125
2026-03-12T19:41:39.824377,0,3,1,0,9,-1.0,194.0,0.0,0.0,0.0,6.4,-22,125
2026-03-12T19:41:39.948492,0,3,1,0,9,-1.0,193.75,0.0,0.0,0.0,6.4,-22,125
2026-03-12T19:41:40.074965,0,3,1,0,9,-1.0,194.0,0.0,0.0,0.0,6.4,-22,126
2026-03-12T19:41:40.199886,0,3,1,0,9,-1.0,194.0,0.0,0.0,0.0,6.4,-22,125
2026-03-12T19:41:40.325534,0,3,1,0,9,-1.0,194.0,0.0,0.0,0.0,6.4,-22,125
2026-03-12T19:41:40.449592,0,3,1,0,9,-1.0,193.75,0.0,0.0,0.0,6.4,-22,125
2026-03-12T19:41:40.576211,0,3,1,0,9,-1.0,193.75,0.0,0.0,0.0,6.4,-22,126
2026-03-12T19:41:40.694341,0,3,1,0,9,-1.0,193.75,0.0,0.0,0.0,6.4,-22,125
2026-03-12T19:41:40.827494,0,3,1,0,9,-1.0,193.75,0.0,0.0,0.0,6.4,-22,125
2026-03-12T19:41:40.951460,0,3,1,0,9,-1.0,194.25,0.0,0.0,0.0,6.4,-22,125
2026-03-12T19:41:41.075740,0,3,1,0,9,-1.0,194.25,0.0,0.0,0.0,6.4,-22,125
2026-03-12T19:41:41.202162,0,3,1,0,9,-1.0,194.0,0.0,0.0,0.0,6.4,-22,126
2026-03-12T19:41:41.320422,0,3,1,0,9,-1.0,194.0,0.0,0.0,0.0,6.4,-22,125
2026-03-12T19:41:41.454734,0,3,1,0,9,-1.0,194.0,0.0,0.0,0.0,6.4,-22,125
2026-03-12T19:41:41.578268,0,3,1,0,9,-1.0,194.0,0.0,0.0,0.0,6.4,-22,125
2026-03-12T19:41:41.702685,0,3,1,0,9,-1.0,193.5,0.0,0.0,0.0,6.4,-22,126
2026-03-12T19:41:41.827941,0,3,1,0,9,-1.0,193.5,0.0,0.0,0.0,6.4,-22,125
2026-03-12T19:41:41.946508,0,3,1,0,9,-1.0,194.0,0.0,0.0,0.0,6.4,-22,125
2026-03-12T19:41:42.079625,0,3,1,0,9,-1.0,194.0,0.0,0.0,0.0,6.4,-22,125
2026-03-12T19:41:42.203531,0,3,1,0,9,-1.0,193.75,0.0,0.0,0.0,6.4,-22,126
2026-03-12T19:41:42.329021,0,3,1,0,9,-1.0,194.0,0.0,0.0,0.0,6.6,-22,125
2026-03-12T19:41:42.447494,0,3,1,0,9,-1.0,193.5,0.0,0.0,0.0,6.4,-22,125
2026-03-12T19:41:42.579880,0,3,1,0,9,-1.0,194.0,0.0,0.0,0.0,6.4,-22,125
2026-03-12T19:41:42.697515,0,3,1,0,9,-1.0,194.0,0.0,0.0,0.0,6.4,-22,125
2026-03-12T19:41:42.830434,0,3,1,0,9,-1.0,194.0,0.0,0.0,0.0,6.4,-22,126
2026-03-12T19:41:42.955364,0,3,1,0,9,-1.0,194.0,0.0,0.0,0.0,6.4,-22,125
2026-03-12T19:41:43.079921,0,3,1,0,9,-1.0,193.75,0.0,0.0,0.0,6.4,-22,125
2026-03-12T19:41:43.204566,0,3,1,0,9,-1.0,193.75,0.0,0.0,0.0,6.6,-22,125
2026-03-12T19:41:43.330897,0,3,1,0,9,-1.0,194.25,0.0,0.0,0.0,6.4,-22,126
2026-03-12T19:41:43.455603,0,3,1,0,9,-1.0,193.75,0.0,0.0,0.0,6.4,-22,125
2026-03-12T19:41:43.580475,0,3,1,0,9,-1.0,193.75,0.0,0.0,0.0,6.4,-22,125
2026-03-12T19:41:43.705698,0,3,1,0,9,-1.0,194.0,0.0,0.0,0.0,6.4,-22,125
2026-03-12T19:41:43.831157,0,3,1,0,9,-1.0,193.75,0.0,0.0,0.0,6.4,-22,125
2026-03-12T19:41:43.956880,0,3,1,0,9,-1.0,194.0,0.0,0.0,0.0,6.4,-22,124
2026-03-12T19:41:44.081547,0,3,1,0,9,-1.0,194.0,0.0,0.0,0.0,6.4,-22,124
2026-03-12T19:41:44.206655,0,3,1,0,9,-1.0,194.0,0.0,0.0,0.0,6.4,-22,124
2026-03-12T19:41:44.332614,0,3,1,0,9,-1.0,193.5,0.0,0.0,0.0,6.4,-22,125
2026-03-12T19:41:44.458073,0,3,1,0,9,-1.0,193.5,0.0,0.0,0.0,6.4,-22,124
2026-03-12T19:41:44.871131,0,3,1,0,9,-1.0,193.75,0.0,0.0,0.0,6.4,-22,124
2026-03-12T19:41:44.890811,0,3,1,0,9,-1.0,193.75,0.0,0.0,0.0,6.4,-22,124
2026-03-12T19:41:44.912424,0,3,1,0,9,-1.0,193.75,0.0,0.0,0.0,6.4,-22,124
2026-03-12T19:41:44.958640,0,3,1,0,9,-1.0,193.75,0.0,0.0,0.0,6.4,-22,125
2026-03-12T19:41:45.083619,0,3,1,0,9,-1.0,194.0,0.0,0.0,0.0,6.4,-22,124
2026-03-12T19:41:45.208635,0,3,1,0,9,-1.0,193.75,0.0,0.0,0.0,6.6,-22,124
2026-03-12T19:41:45.333396,0,3,1,0,9,-1.0,194.0,0.0,0.0,0.0,6.4,-22,124
2026-03-12T19:41:45.459410,0,3,1,0,9,-1.0,193.75,0.0,0.0,0.0,6.4,-22,125
2026-03-12T19:41:45.583912,0,3,1,0,9,-1.0,193.75,0.0,0.0,0.0,6.4,-22,124
2026-03-12T19:41:45.708922,0,3,1,0,9,-1.0,193.75,0.0,0.0,0.0,6.4,-22,124
2026-03-12T19:41:45.834271,0,3,1,0,9,-1.0,194.25,0.0,0.0,0.0,6.4,-22,124
2026-03-12T19:41:45.960719,0,3,1,0,9,-1.0,194.0,0.0,0.0,0.0,6.4,-22,125
2026-03-12T19:41:46.079382,0,3,1,0,9,-1.0,194.0,0.0,0.0,0.0,6.4,-22,124
2026-03-12T19:41:46.210013,0,3,1,0,9,-1.0,194.0,0.0,0.0,0.0,6.4,-22,124
2026-03-12T19:41:46.335512,0,3,1,0,9,-1.0,194.0,0.0,0.0,0.0,6.4,-22,124
2026-03-12T19:41:46.461031,0,3,1,0,9,-1.0,194.0,0.0,0.0,0.0,6.4,-22,124
2026-03-12T19:41:46.586925,0,3,1,0,9,-1.0,194.0,0.0,0.0,0.0,6.4,-22,125
2026-03-12T19:41:46.711135,0,3,1,0,9,-1.0,194.0,0.0,0.0,0.0,6.4,-22,124
2026-03-12T19:41:46.837601,0,3,1,0,9,-1.0,194.0,0.0,0.0,0.0,6.4,-22,124
2026-03-12T19:41:46.961340,0,3,1,0,9,-1.0,193.75,0.0,0.0,0.0,6.4,-22,124
2026-03-12T19:41:47.087641,0,3,1,0,9,-1.0,193.75,0.0,0.0,0.0,6.4,-22,125
2026-03-12T19:41:47.211713,0,3,1,0,9,-1.0,193.75,0.0,0.0,0.0,6.4,-22,124
2026-03-12T19:41:47.338362,0,3,1,0,9,-1.0,193.75,0.0,0.0,0.0,6.4,-22,124
2026-03-12T19:41:47.462325,0,3,1,0,9,-1.0,194.0,0.0,0.0,0.0,6.4,-22,124
2026-03-12T19:41:47.588546,0,3,1,0,9,-1.0,193.75,0.0,0.0,0.0,6.4,-22,125
2026-03-12T19:41:47.707036,0,3,1,0,9,-1.0,194.0,0.0,0.0,0.0,6.6,-22,124
2026-03-12T19:41:47.838905,0,3,1,0,9,-1.0,193.75,0.0,0.0,0.0,6.4,-22,124
2026-03-12T19:41:47.957235,0,3,1,0,9,-1.0,193.75,0.0,0.0,0.0,6.4,-22,124
2026-03-12T19:41:48.093325,0,3,1,0,9,-1.0,193.75,0.0,0.0,0.0,6.4,-22,125
2026-03-12T19:41:48.216905,0,3,1,0,9,-1.0,194.0,0.0,0.0,0.0,6.4,-22,125
2026-03-12T19:41:48.340724,0,3,1,0,9,-1.0,194.0,0.0,0.0,0.0,6.4,-22,124
2026-03-12T19:41:48.464842,0,3,1,0,9,-1.0,194.0,0.0,0.0,0.0,6.4,-22,124
2026-03-12T19:41:48.589733,0,3,1,0,9,-1.0,193.75,0.0,0.0,0.0,6.4,-22,124
2026-03-12T19:41:48.716490,0,3,1,0,9,-1.0,193.75,0.0,0.0,0.0,6.4,-22,125
2026-03-12T19:41:48.840696,0,3,1,0,9,-1.0,194.0,0.0,0.0,0.0,6.4,-22,124
2026-03-12T19:41:48.966452,0,3,1,0,9,-1.0,194.0,0.0,0.0,0.0,6.4,-22,124
2026-03-12T19:41:49.091250,0,3,1,0,9,-1.0,194.0,0.0,0.0,0.0,6.4,-22,124
2026-03-12T19:41:49.211103,0,3,1,0,9,-1.0,194.0,0.0,0.0,0.0,6.4,-22,125
2026-03-12T19:41:49.344142,0,3,1,0,9,-1.0,194.0,0.0,0.0,0.0,6.4,-22,124
2026-03-12T19:41:49.467769,0,3,1,0,9,-1.0,194.0,0.0,0.0,0.0,6.4,-22,124
2026-03-12T19:41:49.591903,0,3,1,0,9,-1.0,193.75,0.0,0.0,0.0,6.4,-22,124
2026-03-12T19:41:49.711469,0,3,1,0,9,-1.0,193.75,0.0,0.0,0.0,6.4,-22,124
2026-03-12T19:41:49.844518,0,3,1,0,9,-1.0,194.25,0.0,0.0,0.0,6.6,-22,125
2026-03-12T19:41:49.962012,0,3,1,0,9,-1.0,194.0,0.0,0.0,0.0,6.4,-22,124
2026-03-12T19:41:50.096736,0,3,1,0,9,-1.0,193.75,0.0,0.0,0.0,6.4,-22,124
2026-03-12T19:41:50.212626,0,3,1,0,9,-1.0,194.0,0.0,0.0,0.0,6.4,-22,124
2026-03-12T19:41:50.345825,0,3,1,0,9,-1.0,194.0,0.0,0.0,0.0,6.4,-22,125
2026-03-12T19:41:50.463150,0,3,1,0,9,-1.0,194.0,0.0,0.0,0.0,6.4,-22,124
2026-03-12T19:41:50.588076,0,3,1,0,9,-1.0,194.0,0.0,0.0,0.0,6.4,-22,124
2026-03-12T19:41:50.719871,0,3,1,0,9,-1.0,194.0,0.0,0.0,0.0,6.4,-22,124
2026-03-12T19:41:50.845354,0,3,1,0,9,-1.0,194.0,0.0,0.0,0.0,6.4,-22,125
2026-03-12T19:41:50.971022,0,3,1,0,9,-1.0,194.0,0.0,0.0,0.0,6.4,-22,124
2026-03-12T19:41:51.096558,0,3,1,0,9,-1.0,194.0,0.0,0.0,0.0,6.4,-22,124
2026-03-12T19:41:51.222030,0,3,1,0,9,-1.0,194.0,0.0,0.0,0.0,6.4,-22,124
2026-03-12T19:41:51.345913,0,3,1,0,9,-1.0,194.25,0.0,0.0,0.0,6.4,-22,124
2026-03-12T19:41:51.470714,0,3,1,0,9,-1.0,193.75,0.0,0.0,0.0,6.4,-22,125
2026-03-12T19:41:51.596729,0,3,1,0,9,-1.0,194.0,0.0,0.0,0.0,6.4,-22,124
2026-03-12T19:41:51.722538,0,3,1,0,9,-1.0,193.75,0.0,0.0,0.0,6.4,-22,124
2026-03-12T19:41:51.849047,0,3,1,0,9,-1.0,194.0,0.0,0.0,0.0,6.4,-22,124
2026-03-12T19:41:51.973650,0,3,1,0,9,-1.0,194.0,0.0,0.0,0.0,6.4,-22,125
2026-03-12T19:41:52.097913,0,3,1,0,9,-1.0,194.0,0.0,0.0,0.0,6.4,-22,124
2026-03-12T19:41:52.222616,0,3,1,0,9,-1.0,194.0,0.0,0.0,0.0,6.4,-22,124
2026-03-12T19:41:52.350092,0,3,1,0,9,-1.0,194.0,0.0,0.0,0.0,6.4,-22,124
2026-03-12T19:41:52.473510,0,3,1,0,9,-1.0,194.0,0.0,0.0,0.0,6.4,-22,125
2026-03-12T19:41:52.599242,0,3,1,0,9,-1.0,193.75,0.0,0.0,0.0,6.4,-22,124
2026-03-12T19:41:52.723805,0,3,1,0,9,-1.0,193.75,0.0,0.0,0.0,6.4,-22,124
2026-03-12T19:41:52.849245,0,3,1,0,9,-1.0,194.0,0.0,0.0,0.0,6.4,-22,125
2026-03-12T19:41:53.263411,0,3,1,0,9,-1.0,193.75,0.0,0.0,0.0,6.4,-22,126
2026-03-12T19:41:53.284797,0,3,1,0,9,-1.0,193.75,0.0,0.0,0.0,6.4,-22,126
2026-03-12T19:41:53.310003,0,3,1,0,9,-1.0,193.75,0.0,0.0,0.0,6.4,-22,125
2026-03-12T19:41:53.351732,0,3,1,0,9,-1.0,194.0,0.0,0.0,0.0,6.4,-22,125
2026-03-12T19:41:53.475372,0,3,1,0,9,-1.0,194.0,0.0,0.0,0.0,6.4,-22,125
2026-03-12T19:41:53.601363,0,3,1,0,9,-1.0,193.75,0.0,0.0,0.0,6.4,-22,126
2026-03-12T19:41:53.727336,0,3,1,0,9,-1.0,193.75,0.0,0.0,0.0,6.4,-22,125
2026-03-12T19:41:53.852951,0,3,1,0,9,-1.0,194.0,0.0,0.0,0.0,6.4,-22,125
2026-03-12T19:41:53.977418,0,3,1,0,9,-1.0,193.75,0.0,0.0,0.0,6.4,-22,125
2026-03-12T19:41:54.103216,0,3,1,0,9,-1.0,193.75,0.0,0.0,0.0,6.4,-26,126
2026-03-12T19:41:54.228227,0,3,1,0,9,-1.0,194.0,0.0,0.0,0.0,6.4,-30,125
2026-03-12T19:41:54.353052,0,3,1,0,9,-1.0,194.0,0.0,0.0,0.0,6.4,-38,125
2026-03-12T19:41:54.477252,0,3,1,0,9,-1.0,193.5,0.0,0.0,0.0,6.4,-39,125
2026-03-12T19:41:54.603542,0,3,1,0,9,-1.0,194.0,0.0,0.0,0.0,6.4,-36,126
2026-03-12T19:41:54.729757,0,3,1,0,9,-1.0,194.0,0.0,0.0,0.0,6.4,-34,126
2026-03-12T19:41:54.854737,0,3,1,0,9,-1.0,194.0,0.0,0.0,0.0,6.4,-35,125
2026-03-12T19:41:54.973420,0,3,1,0,9,-1.0,194.0,0.0,0.0,0.0,6.4,-34,125
2026-03-12T19:41:55.106059,0,3,1,0,9,-1.0,193.75,0.0,0.0,0.0,6.4,-35,125
2026-03-12T19:41:55.230954,0,3,1,0,9,-1.0,193.75,0.0,0.0,0.0,6.4,-35,126
2026-03-12T19:41:55.356061,0,3,1,0,9,-1.0,193.75,0.0,0.0,0.0,6.4,-35,125
2026-03-12T19:41:55.480872,0,3,1,0,9,-1.0,194.0,0.0,0.0,0.0,6.4,-36,125
2026-03-12T19:41:55.599501,0,3,1,0,9,-1.0,193.75,0.0,0.0,0.0,6.4,-36,125
2026-03-12T19:41:55.733154,0,3,1,0,9,-1.0,193.75,0.0,0.0,0.0,6.4,-36,125
2026-03-12T19:41:55.857977,0,3,1,0,9,-1.0,193.75,0.0,0.0,0.0,6.4,-28,125
2026-03-12T19:41:55.982741,0,3,1,0,9,-1.0,194.0,0.0,0.0,0.0,6.4,-22,125
2026-03-12T19:41:56.107380,0,3,1,0,9,-1.0,194.0,0.0,0.0,0.0,6.4,-22,124
2026-03-12T19:41:56.232646,0,3,1,0,9,-1.0,194.0,0.0,0.0,0.0,6.4,-22,126
2026-03-12T19:41:56.351637,0,3,1,0,9,-1.0,194.0,0.0,0.0,0.0,6.4,-22,125
2026-03-12T19:41:56.476629,0,3,1,0,9,-1.0,194.0,0.0,0.0,0.0,6.4,-22,124
2026-03-12T19:41:56.607650,0,3,1,0,9,-1.0,194.0,0.0,0.0,0.0,6.4,-22,124
2026-03-12T19:41:56.732706,0,3,1,0,9,-1.0,193.75,0.0,0.0,0.0,6.4,-22,125
2026-03-12T19:41:56.858151,0,3,1,0,9,-1.0,194.0,0.0,0.0,0.0,6.4,-22,125
2026-03-12T19:41:56.982977,0,3,1,0,9,-1.0,193.75,0.0,0.0,0.0,6.4,-22,124
2026-03-12T19:41:57.108885,0,3,1,0,9,-1.0,193.75,0.0,0.0,0.0,6.4,-22,124
2026-03-12T19:41:57.233412,0,3,1,0,9,-1.0,194.0,0.0,0.0,0.0,6.4,-22,124
2026-03-12T19:41:57.360360,0,3,1,0,9,-1.0,194.0,0.0,0.0,0.0,6.4,-22,125
2026-03-12T19:41:57.484875,0,3,1,0,9,-1.0,194.0,0.0,0.0,0.0,6.4,-22,124
2026-03-12T19:41:57.609432,0,3,1,0,9,-1.0,194.0,0.0,0.0,0.0,6.4,-22,124
2026-03-12T19:41:57.735263,0,3,1,0,9,-1.0,194.0,0.0,0.0,0.0,6.4,-22,124
2026-03-12T19:41:57.860247,0,3,1,0,9,-1.0,194.0,0.0,0.0,0.0,6.4,-22,125
2026-03-12T19:41:57.985647,0,3,1,0,9,-1.0,194.0,0.0,0.0,0.0,6.4,-24,124
2026-03-12T19:41:58.110689,0,3,1,0,9,-1.0,194.0,0.0,0.0,0.0,6.4,-33,124
2026-03-12T19:41:58.236258,0,3,1,0,9,-1.0,193.75,0.0,0.0,0.0,6.4,-34,124
2026-03-12T19:41:58.360656,0,3,1,0,9,-1.0,193.75,0.0,0.0,0.0,6.4,-25,124
2026-03-12T19:41:58.487396,0,3,1,0,9,-1.0,194.0,0.0,0.0,0.0,6.4,-22,125
2026-03-12T19:41:58.605664,0,3,1,0,9,-1.0,194.0,0.0,0.0,0.0,6.4,-22,124
2026-03-12T19:41:58.736660,0,3,1,0,9,-1.0,194.0,0.0,0.0,0.0,6.4,-22,124
2026-03-12T19:41:58.861339,0,3,1,0,9,-1.0,194.0,0.0,0.0,0.0,6.4,-22,124
2026-03-12T19:41:58.988735,0,3,1,0,9,-1.0,194.0,0.0,0.0,0.0,6.4,-22,125
2026-03-12T19:41:59.114142,0,3,1,0,9,-1.0,194.0,0.0,0.0,0.0,6.4,-22,124
2026-03-12T19:41:59.237877,0,3,1,0,9,-1.0,193.5,0.0,0.0,0.0,6.4,-22,124
2026-03-12T19:41:59.361925,0,3,1,0,9,-1.0,194.0,0.0,0.0,0.0,6.4,-22,124
2026-03-12T19:41:59.489762,0,3,1,0,9,-1.0,194.0,0.0,0.0,0.0,6.6,-22,125
2026-03-12T19:41:59.614102,0,3,1,0,9,-1.0,194.25,0.0,0.0,0.0,6.4,-22,124
2026-03-12T19:41:59.738729,0,3,1,0,9,-1.0,193.5,0.0,0.0,0.0,6.4,-22,124
2026-03-12T19:41:59.863331,0,3,1,0,9,-1.0,194.0,0.0,0.0,0.0,6.4,-22,124
2026-03-12T19:41:59.983689,0,3,1,0,9,-1.0,194.0,0.0,0.0,0.0,6.4,-22,125
2026-03-12T19:42:00.114966,0,3,1,0,9,-1.0,194.0,0.0,0.0,0.0,6.4,-22,124
2026-03-12T19:42:00.239872,0,3,1,0,9,-1.0,194.0,0.0,0.0,0.0,6.4,-22,124
2026-03-12T19:42:00.365290,0,3,1,0,9,-1.0,194.0,0.0,0.0,0.0,6.4,-22,124
2026-03-12T19:42:00.489709,0,3,1,0,9,-1.0,194.0,0.0,0.0,0.0,6.4,-22,124
2026-03-12T19:42:00.615310,0,3,1,0,9,-1.0,193.5,0.0,0.0,0.0,6.4,-22,125
2026-03-12T19:42:00.740827,0,3,1,0,9,-1.0,193.75,0.0,0.0,0.0,6.4,-22,124
2026-03-12T19:42:00.859729,0,3,1,0,9,-1.0,194.0,0.0,0.0,0.0,6.4,-22,124
2026-03-12T19:42:00.991689,0,3,1,0,9,-1.0,194.0,0.0,0.0,0.0,6.4,-22,124
2026-03-12T19:42:01.116702,0,3,1,0,9,-1.0,193.5,0.0,0.0,0.0,6.4,-22,125
2026-03-12T19:42:01.531543,0,3,1,0,9,-1.0,194.0,0.0,0.0,0.0,6.6,-22,124
2026-03-12T19:42:01.553650,0,3,1,0,9,-1.0,194.0,0.0,0.0,0.0,6.4,-22,125
2026-03-12T19:42:01.574732,0,3,1,0,9,-1.0,194.0,0.0,0.0,0.0,6.4,-22,124
2026-03-12T19:42:01.617443,0,3,1,0,9,-1.0,194.0,0.0,0.0,0.0,6.4,-22,125
2026-03-12T19:42:01.742009,0,3,1,0,9,-1.0,193.75,0.0,0.0,0.0,6.4,-22,124
2026-03-12T19:42:01.867731,0,3,1,0,9,-1.0,193.5,0.0,0.0,0.0,6.4,-22,124
2026-03-12T19:42:01.992838,0,3,1,0,9,-1.0,193.5,0.0,0.0,0.0,6.4,-22,124
2026-03-12T19:42:02.117949,0,3,1,0,9,-1.0,194.0,0.0,0.0,0.0,6.4,-22,125
2026-03-12T19:42:02.237815,0,3,1,0,9,-1.0,193.75,0.0,0.0,0.0,6.4,-22,124
2026-03-12T19:42:02.369380,0,3,1,0,9,-1.0,193.75,0.0,0.0,0.0,6.4,-22,124
2026-03-12T19:42:02.494296,0,3,1,0,9,-1.0,193.75,0.0,0.0,0.0,6.4,-22,124
2026-03-12T19:42:02.612681,0,3,1,0,9,-1.0,194.0,0.0,0.0,0.0,6.4,-22,124
2026-03-12T19:42:02.744437,0,3,1,0,9,-1.0,194.0,0.0,0.0,0.0,6.4,-22,125
2026-03-12T19:42:02.869458,0,3,1,0,9,-1.0,194.0,0.0,0.0,0.0,6.4,-22,124
2026-03-12T19:42:02.994445,0,3,1,0,9,-1.0,194.0,0.0,0.0,0.0,6.4,-22,125
2026-03-12T19:42:03.119554,0,3,1,0,9,-1.0,194.0,0.0,0.0,0.0,6.4,-22,124
2026-03-12T19:42:03.247142,0,3,1,0,9,-1.0,194.0,0.0,0.0,0.0,6.4,-22,125
2026-03-12T19:42:03.371507,0,3,1,0,9,-1.0,193.75,0.0,0.0,0.0,6.4,-22,124
2026-03-12T19:42:03.490066,0,3,1,0,9,-1.0,193.75,0.0,0.0,0.0,6.4,-22,125
2026-03-12T19:42:03.621121,0,3,1,0,9,-1.0,193.5,0.0,0.0,0.0,6.4,-22,124
2026-03-12T19:42:03.747199,0,3,1,0,9,-1.0,193.75,0.0,0.0,0.0,6.4,-22,126
2026-03-12T19:42:03.867623,0,3,1,0,9,-1.0,193.75,0.0,0.0,0.0,6.4,-22,125
2026-03-12T19:42:03.996645,0,3,1,0,9,-1.0,193.75,0.0,0.0,0.0,6.4,-22,124
2026-03-12T19:42:04.115572,0,3,1,0,9,-1.0,193.75,0.0,0.0,0.0,6.4,-22,124
2026-03-12T19:42:04.240500,0,3,1,0,9,-1.0,193.75,0.0,0.0,0.0,6.4,-22,124
2026-03-12T19:42:04.372976,0,3,1,0,9,-1.0,194.0,0.0,0.0,0.0,6.4,-22,125
2026-03-12T19:42:04.497824,0,3,1,0,9,-1.0,194.0,0.0,0.0,0.0,6.6,-22,124
2026-03-12T19:42:04.623440,0,3,1,0,9,-1.0,193.75,0.0,0.0,0.0,6.4,-22,124
2026-03-12T19:42:04.747652,0,3,1,0,9,-1.0,193.75,0.0,0.0,0.0,6.4,-22,124
2026-03-12T19:42:04.867947,0,3,1,0,9,-1.0,193.75,0.0,0.0,0.0,6.4,-22,125
2026-03-12T19:42:05.000768,0,3,1,0,9,-1.0,193.75,0.0,0.0,0.0,6.4,-22,124
2026-03-12T19:42:05.127361,0,3,1,0,9,-1.0,193.75,0.0,0.0,0.0,6.4,-22,124
2026-03-12T19:42:05.249635,0,3,1,0,9,-1.0,193.75,0.0,0.0,0.0,6.4,-22,124
2026-03-12T19:42:05.368982,0,3,1,0,9,-1.0,193.75,0.0,0.0,0.0,6.4,-22,125
2026-03-12T19:42:05.501399,0,3,1,0,9,-1.0,193.75,0.0,0.0,0.0,6.4,-22,125
2026-03-12T19:42:05.625701,0,3,1,0,9,-1.0,193.75,0.0,0.0,0.0,6.4,-22,124
2026-03-12T19:42:05.751596,0,3,1,0,9,-1.0,193.75,0.0,0.0,0.0,6.4,-22,124
2026-03-12T19:42:05.869757,0,3,1,0,9,-1.0,193.75,0.0,0.0,0.0,6.4,-22,124
2026-03-12T19:42:06.003456,0,3,1,0,9,-1.0,193.75,0.0,0.0,0.0,6.4,-22,125
2026-03-12T19:42:06.126851,0,3,1,0,9,-1.0,194.0,0.0,0.0,0.0,6.4,-22,124
2026-03-12T19:42:06.252935,0,3,1,0,9,-1.0,194.0,0.0,0.0,0.0,6.4,-22,124
2026-03-12T19:42:06.378225,0,3,1,0,9,-1.0,193.5,0.0,0.0,0.0,6.4,-22,124
2026-03-12T19:42:06.496669,0,3,1,0,9,-1.0,194.0,0.0,0.0,0.0,6.4,-22,125
2026-03-12T19:42:06.630555,0,3,1,0,9,-1.0,193.75,0.0,0.0,0.0,6.4,-22,124
2026-03-12T19:42:06.755200,0,3,1,0,9,-1.0,193.75,0.0,0.0,0.0,6.4,-22,124
2026-03-12T19:42:06.879352,0,3,1,0,9,-1.0,193.75,0.0,0.0,0.0,6.4,-22,124
2026-03-12T19:42:07.003647,0,3,1,0,9,-1.0,194.0,0.0,0.0,0.0,6.4,-22,125
2026-03-12T19:42:07.129599,0,3,1,0,9,-1.0,194.0,0.0,0.0,0.0,6.4,-22,124
2026-03-12T19:42:07.254901,0,3,1,0,9,-1.0,193.75,0.0,0.0,0.0,6.4,-22,124
2026-03-12T19:42:07.379357,0,3,1,0,9,-1.0,194.0,0.0,0.0,0.0,6.4,-22,124
2026-03-12T19:42:07.498557,0,3,1,0,9,-1.0,194.25,0.0,0.0,0.0,6.4,-22,125
2026-03-12T19:42:07.631455,0,3,1,0,9,-1.0,194.0,0.0,0.0,0.0,6.4,-22,124
2026-03-12T19:42:07.755283,0,3,1,0,9,-1.0,194.0,0.0,0.0,0.0,6.4,-22,124
2026-03-12T19:42:07.881150,0,3,1,0,9,-1.0,194.25,0.0,0.0,0.0,6.4,-22,124
2026-03-12T19:42:08.006153,0,3,1,0,9,-1.0,194.0,0.0,0.0,0.0,6.6,-22,124
2026-03-12T19:42:08.131036,0,3,1,0,9,-1.0,193.75,0.0,0.0,0.0,6.4,-22,125
2026-03-12T19:42:08.256668,0,3,1,0,9,-1.0,193.75,0.0,0.0,0.0,6.4,-22,124
2026-03-12T19:42:08.380891,0,3,1,0,9,-1.0,193.75,0.0,0.0,0.0,6.4,-22,124
2026-03-12T19:42:08.506774,0,3,1,0,9,-1.0,193.75,0.0,0.0,0.0,6.4,-22,124
2026-03-12T19:42:08.631486,0,3,1,0,9,-1.0,193.75,0.0,0.0,0.0,6.4,-22,125
2026-03-12T19:42:08.757380,0,3,1,0,9,-1.0,194.0,0.0,0.0,0.0,6.4,-22,124
2026-03-12T19:42:08.881512,0,3,1,0,9,-1.0,193.75,0.0,0.0,0.0,6.4,-22,124
2026-03-12T19:42:09.007516,0,3,1,0,9,-1.0,193.75,0.0,0.0,0.0,6.4,-22,124
2026-03-12T19:42:09.133194,0,3,1,0,9,-1.0,194.0,0.0,0.0,0.0,6.4,-22,125
2026-03-12T19:42:09.258180,0,3,1,0,9,-1.0,194.0,0.0,0.0,0.0,6.4,-22,124
2026-03-12T19:42:09.383375,0,3,1,0,9,-1.0,193.75,0.0,0.0,0.0,6.4,-22,124
2026-03-12T19:42:09.508224,0,3,1,0,9,-1.0,193.75,0.0,0.0,0.0,6.4,-22,124
2026-03-12T19:42:09.920805,0,3,1,0,9,-1.0,193.75,0.0,0.0,0.0,6.4,-22,125
2026-03-12T19:42:09.943668,0,3,1,0,9,-1.0,193.75,0.0,0.0,0.0,6.4,-22,124
2026-03-12T19:42:09.965089,0,3,1,0,9,-1.0,193.75,0.0,0.0,0.0,6.4,-22,124
2026-03-12T19:42:10.008552,0,3,1,0,9,-1.0,194.0,0.0,0.0,0.0,6.4,-22,124
2026-03-12T19:42:10.134015,0,3,1,0,9,-1.0,193.75,0.0,0.0,0.0,6.4,-22,125
2026-03-12T19:42:10.259705,0,3,1,0,9,-1.0,193.75,0.0,0.0,0.0,6.4,-22,125
2026-03-12T19:42:10.384800,0,3,1,0,9,-1.0,193.75,0.0,0.0,0.0,6.4,-22,125
2026-03-12T19:42:10.503576,0,3,1,0,9,-1.0,194.25,0.0,0.0,0.0,6.4,-22,124
2026-03-12T19:42:10.628562,0,3,1,0,9,-1.0,194.0,0.0,0.0,0.0,6.4,-22,124
2026-03-12T19:42:10.762271,0,3,1,0,9,-1.0,193.75,0.0,0.0,0.0,6.4,-22,126
2026-03-12T19:42:10.886707,0,3,1,0,9,-1.0,193.75,0.0,0.0,0.0,6.4,-22,124
2026-03-12T19:42:11.012564,0,3,1,0,9,-1.0,193.75,0.0,0.0,0.0,6.4,-22,124
2026-03-12T19:42:11.136622,0,3,1,0,9,-1.0,194.0,0.0,0.0,0.0,6.4,-22,125
2026-03-12T19:42:11.262077,0,3,1,0,9,-1.0,194.0,0.0,0.0,0.0,6.4,-22,125
2026-03-12T19:42:11.381972,0,3,1,0,9,-1.0,194.0,0.0,0.0,0.0,6.4,-22,125
2026-03-12T19:42:11.512068,0,3,1,0,9,-1.0,194.0,0.0,0.0,0.0,6.4,-22,124
2026-03-12T19:42:11.637800,0,3,1,0,9,-1.0,193.75,0.0,0.0,0.0,6.4,-22,125
2026-03-12T19:42:11.762601,0,3,1,0,9,-1.0,193.75,0.0,0.0,0.0,6.4,-22,124
2026-03-12T19:42:11.888207,0,3,1,0,9,-1.0,194.0,0.0,0.0,0.0,6.4,-22,126
2026-03-12T19:42:12.014908,0,3,1,0,9,-1.0,193.75,0.0,0.0,0.0,6.4,-22,125
2026-03-12T19:42:12.132678,0,3,1,0,9,-1.0,193.75,0.0,0.0,0.0,6.4,-22,125
2026-03-12T19:42:12.257743,0,3,1,0,9,-1.0,193.75,0.0,0.0,0.0,6.4,-22,125
2026-03-12T19:42:12.393595,0,3,1,0,9,-1.0,194.0,0.0,0.0,0.0,6.4,-22,126
2026-03-12T19:42:12.516793,0,3,1,0,9,-1.0,194.0,0.0,0.0,0.0,6.4,-22,125
2026-03-12T19:42:12.641043,0,3,1,0,9,-1.0,194.0,0.0,0.0,0.0,6.4,-22,125
2026-03-12T19:42:12.758593,0,3,1,0,9,-1.0,194.25,0.0,0.0,0.0,6.4,-22,125
2026-03-12T19:42:12.891517,0,3,1,0,9,-1.0,194.0,0.0,0.0,0.0,6.4,-22,126
2026-03-12T19:42:13.017061,0,3,1,0,9,-1.0,193.75,0.0,0.0,0.0,6.4,-23,125
2026-03-12T19:42:13.142777,0,3,1,0,9,-1.0,194.25,0.0,0.0,0.0,6.4,-39,125
2026-03-12T19:42:13.267815,0,3,1,0,9,-1.0,194.0,0.0,0.0,0.0,6.4,-27,125
2026-03-12T19:42:13.391476,0,3,1,0,9,-1.0,193.75,0.0,0.0,0.0,6.4,-22,125
2026-03-12T19:42:13.517325,0,3,1,0,9,-1.0,193.75,0.0,0.0,0.0,6.4,-22,126
2026-03-12T19:42:13.641462,0,3,1,0,9,-1.0,193.75,0.0,0.0,0.0,6.4,-22,125
2026-03-12T19:42:13.766346,0,3,1,0,9,-1.0,193.75,0.0,0.0,0.0,6.4,-22,125
2026-03-12T19:42:13.893260,0,3,1,0,9,-1.0,193.75,0.0,0.0,0.0,6.4,-22,125
2026-03-12T19:42:14.012109,0,3,1,0,9,-1.0,193.75,0.0,0.0,0.0,6.4,-22,126
2026-03-12T19:42:14.136809,0,3,1,0,9,-1.0,193.75,0.0,0.0,0.0,6.4,-22,125
2026-03-12T19:42:14.268669,0,3,1,0,9,-1.0,193.5,0.0,0.0,0.0,6.4,-22,125
2026-03-12T19:42:14.393182,0,3,1,0,9,-1.0,193.75,0.0,0.0,0.0,6.6,-22,125
2026-03-12T19:42:14.519062,0,3,1,0,9,-1.0625,194.0,0.0,0.0,0.0,6.4,-22,126
2026-03-12T19:42:14.643903,0,3,1,0,9,-1.0625,193.75,0.0,0.0,0.0,6.4,-22,125
2026-03-12T19:42:14.769011,0,3,1,0,9,-1.0625,193.75,0.0,0.0,0.0,6.4,-22,125
2026-03-12T19:42:14.893600,0,3,1,0,9,-1.0,193.75,0.0,0.0,0.0,6.4,-22,125
2026-03-12T19:42:15.019905,0,3,1,0,9,-1.0,193.75,0.0,0.0,0.0,6.4,-22,126
2026-03-12T19:42:15.145676,0,3,1,0,9,-0.9375,193.75,0.0,0.0,0.0,6.4,-22,125
2026-03-12T19:42:15.269875,0,3,1,0,9,-0.9375,194.0,0.0,0.0,0.0,6.4,-22,125
2026-03-12T19:42:15.394714,0,3,1,0,9,-1.0,194.0,0.0,0.0,0.0,6.4,-22,125
2026-03-12T19:42:15.520651,0,3,1,0,9,-1.0,193.75,0.0,0.0,0.0,6.4,-22,125
2026-03-12T19:42:15.646607,0,3,1,0,9,-1.0,194.0,0.0,0.0,0.0,6.4,-25,126
2026-03-12T19:42:15.773228,0,3,1,0,9,-1.0,194.0,0.0,0.0,0.0,6.4,-22,125
2026-03-12T19:42:15.897117,0,3,1,0,9,-1.0,194.0,0.0,0.0,0.0,6.4,-22,125
2026-03-12T19:42:16.023769,0,3,1,0,9,-1.0,193.75,0.0,0.0,0.0,6.4,-22,125
2026-03-12T19:42:16.149930,0,3,1,0,9,-1.0,193.75,0.0,0.0,0.0,6.4,-22,126
2026-03-12T19:42:16.273122,0,3,1,0,9,-1.0625,193.75,0.0,0.0,0.0,6.4,-22,125
2026-03-12T19:42:16.397633,0,3,1,0,9,-1.0625,193.75,0.0,0.0,0.0,6.4,-22,125
2026-03-12T19:42:16.522692,0,3,1,0,9,-1.0,193.75,0.0,0.0,0.0,6.4,-22,125
2026-03-12T19:42:16.648372,0,3,1,0,9,-1.0,194.0,0.0,0.0,0.0,6.4,-22,126
2026-03-12T19:42:16.772968,0,3,1,0,9,-1.0,194.0,0.0,0.0,0.0,6.4,-22,125
2026-03-12T19:42:16.898569,0,3,1,0,9,-1.0625,194.0,0.0,0.0,0.0,6.4,-22,125
2026-03-12T19:42:17.022396,0,3,1,0,9,-1.0,193.75,0.0,0.0,0.0,6.4,-22,125
2026-03-12T19:42:17.147516,0,3,1,0,9,-1.0,193.5,0.0,0.0,0.0,6.4,-22,125
2026-03-12T19:42:17.274565,0,3,1,0,9,-0.9375,193.75,0.0,0.0,0.0,6.4,-22,126
2026-03-12T19:42:17.398847,0,3,1,0,9,-1.0,193.5,0.0,0.0,0.0,6.4,-22,125
2026-03-12T19:42:17.524465,0,3,1,0,9,-1.0,193.5,0.0,0.0,0.0,6.4,-22,125
2026-03-12T19:42:17.649793,0,3,1,0,9,-1.0,193.5,0.0,0.0,0.0,6.4,-22,125
2026-03-12T19:42:17.775032,0,3,1,0,9,-0.875,193.5,0.0,0.0,0.0,6.4,-22,126
2026-03-12T19:42:18.189526,0,3,1,0,9,-1.0,193.5,0.0,0.0,0.0,6.4,-22,125
2026-03-12T19:42:18.213064,0,3,1,0,9,-1.0,193.75,0.0,0.0,0.0,6.4,-22,125
2026-03-12T19:42:18.234643,0,3,1,0,9,-1.0625,193.75,0.0,0.0,0.0,6.4,-22,125
2026-03-12T19:42:18.276884,0,3,1,0,9,-1.0,193.5,0.0,0.0,0.0,6.4,-22,126
2026-03-12T19:42:18.402537,0,3,1,0,9,-1.0625,193.75,0.0,0.0,0.0,6.4,-22,125
2026-03-12T19:42:18.527104,0,3,1,0,9,-1.0,193.5,0.0,0.0,0.0,6.4,-22,125
2026-03-12T19:42:18.653237,0,3,1,0,9,-0.9375,193.5,0.0,0.0,0.0,6.4,-22,125
2026-03-12T19:42:18.769811,0,3,1,0,9,-1.0,193.5,0.0,0.0,0.0,6.4,-22,125
2026-03-12T19:42:18.904063,0,3,1,0,9,-1.0,193.5,0.0,0.0,0.0,6.4,-22,126
2026-03-12T19:42:19.027109,0,3,1,0,9,-1.0625,193.5,0.0,0.0,0.0,6.4,-22,125
2026-03-12T19:42:19.152476,0,3,1,0,9,-1.0625,193.5,0.0,0.0,0.0,6.4,-22,125
2026-03-12T19:42:19.279496,0,3,1,0,9,-0.9375,193.75,0.0,0.0,0.0,6.4,-22,125
2026-03-12T19:42:19.403430,0,3,1,0,9,-0.9375,193.5,0.0,0.0,0.0,6.4,-22,126
2026-03-12T19:42:19.529792,0,3,1,0,9,-0.9375,193.5,0.0,0.0,0.0,6.4,-22,125
2026-03-12T19:42:19.654632,0,3,1,0,9,-0.9375,193.5,0.0,0.0,0.0,6.4,-22,125
2026-03-12T19:42:19.779869,0,3,1,0,9,-1.0,193.5,0.0,0.0,0.0,6.4,-22,125
2026-03-12T19:42:19.904287,0,3,1,0,9,-1.0625,193.5,0.0,0.0,0.0,6.4,-22,126
2026-03-12T19:42:20.028891,0,3,1,0,9,-1.0,193.5,0.0,0.0,0.0,6.4,-22,125
2026-03-12T19:42:20.157266,0,3,1,0,9,-1.0,193.75,0.0,0.0,0.0,6.4,-22,125
2026-03-12T19:42:20.273431,0,3,1,0,9,-1.0,193.75,0.0,0.0,0.0,6.4,-22,125
2026-03-12T19:42:20.405845,0,3,1,0,9,-1.125,193.5,0.0,0.0,0.0,6.4,-22,126
2026-03-12T19:42:20.530550,0,3,1,0,9,-1.0,193.5,0.0,0.0,0.0,6.4,-22,125
2026-03-12T19:42:20.655645,0,3,1,0,9,-0.9375,193.5,0.0,0.0,0.0,6.4,-22,125
2026-03-12T19:42:20.780579,0,3,1,0,9,-0.9375,193.75,0.0,0.0,0.0,6.4,-22,125
2026-03-12T19:42:20.906130,0,3,1,0,9,-0.9375,193.75,0.0,0.0,0.0,6.4,-22,125
2026-03-12T19:42:21.031141,0,3,1,0,9,-1.0,193.75,0.0,0.0,0.0,6.4,-22,126
2026-03-12T19:42:21.150375,0,3,1,0,9,-1.0625,193.75,0.0,0.0,0.0,6.4,-22,125
2026-03-12T19:42:21.281783,0,3,1,0,9,-1.0625,193.75,0.0,0.0,0.0,6.4,-22,125
2026-03-12T19:42:21.407136,0,3,1,0,9,-1.0625,193.5,0.0,0.0,0.0,6.4,-22,125
2026-03-12T19:42:21.532712,0,3,1,0,9,-1.0625,193.5,0.0,0.0,0.0,6.4,-22,126
2026-03-12T19:42:21.658105,0,3,1,0,9,-1.0,193.5,0.0,0.0,0.0,6.4,-22,125
2026-03-12T19:42:21.784185,0,3,1,0,9,-1.0,193.5,0.0,0.0,0.0,6.4,-24,125
2026-03-12T19:42:21.907541,0,3,1,0,9,-1.0,193.5,0.0,0.0,0.0,6.6,-22,125
2026-03-12T19:42:22.033960,0,3,1,0,9,-1.0625,193.5,0.0,0.0,0.0,6.4,-22,126
2026-03-12T19:42:22.158179,0,3,1,0,9,-1.0625,193.5,0.0,0.0,0.0,6.4,-22,125
2026-03-12T19:42:22.277449,0,3,1,0,9,-0.9375,193.5,0.0,0.0,0.0,6.4,-22,125
2026-03-12T19:42:22.409146,0,3,1,0,9,-0.9375,194.0,0.0,0.0,0.0,6.4,-22,125
2026-03-12T19:42:22.532878,0,3,1,0,9,-1.0625,193.75,0.0,0.0,0.0,6.4,-22,125
2026-03-12T19:42:22.659534,0,3,1,0,9,-1.0,193.25,0.0,0.0,0.0,6.4,-22,126
2026-03-12T19:42:22.785233,0,3,1,0,9,-1.0,193.75,0.0,0.0,0.0,6.4,-22,124
2026-03-12T19:42:22.910714,0,3,1,0,9,-1.0,193.75,0.0,0.0,0.0,6.4,-22,125
2026-03-12T19:42:23.035632,0,3,1,0,9,-1.0,193.75,0.0,0.0,0.0,6.4,-22,125
2026-03-12T19:42:23.160392,0,3,1,0,9,-1.0,193.75,0.0,0.0,0.0,6.4,-22,125
2026-03-12T19:42:23.278600,0,3,1,0,9,-1.0,193.75,0.0,0.0,0.0,6.6,-22,124
2026-03-12T19:42:23.403657,0,3,1,0,9,-1.0,193.75,0.0,0.0,0.0,6.4,-22,125
2026-03-12T19:42:23.535425,0,3,1,0,9,-1.0,193.75,0.0,0.0,0.0,6.4,-22,124
2026-03-12T19:42:23.654662,0,3,1,0,9,-1.0,194.0,0.0,0.0,0.0,6.4,-22,125
2026-03-12T19:42:23.786669,0,3,1,0,9,-1.0625,193.75,0.0,0.0,0.0,6.4,-22,125
2026-03-12T19:42:23.911395,0,3,1,0,9,-1.0,193.5,0.0,0.0,0.0,6.4,-22,124
2026-03-12T19:42:24.037160,0,3,1,0,9,-1.0,193.75,0.0,0.0,0.0,6.4,-22,124
2026-03-12T19:42:24.155986,0,3,1,0,9,-1.0,193.75,0.0,0.0,0.0,6.4,-28,125
2026-03-12T19:42:24.287417,0,3,1,0,9,-1.0,193.75,0.0,0.0,0.0,6.4,-26,125
2026-03-12T19:42:24.412149,0,3,1,0,9,-1.0,193.5,0.0,0.0,0.0,6.4,-24,124
2026-03-12T19:42:24.537558,0,3,1,0,9,-1.0,193.5,0.0,0.0,0.0,6.4,-22,124
2026-03-12T19:42:24.662019,0,3,1,0,9,-1.0,193.75,0.0,0.0,0.0,6.4,-22,124
2026-03-12T19:42:24.788095,0,3,1,0,9,-0.9375,194.0,0.0,0.0,0.0,6.4,-22,125
2026-03-12T19:42:24.913976,0,3,1,0,9,-1.0,193.75,0.0,0.0,0.0,6.4,-22,124
2026-03-12T19:42:25.039102,0,3,1,0,9,-1.0,193.75,0.0,0.0,0.0,6.4,-22,124
2026-03-12T19:42:25.164221,0,3,1,0,9,-1.0,193.75,0.0,0.0,0.0,6.4,-22,124
2026-03-12T19:42:25.289566,0,3,1,0,9,-1.0,193.75,0.0,0.0,0.0,6.4,-22,125
2026-03-12T19:42:25.415174,0,3,1,0,9,-1.0,194.0,0.0,0.0,0.0,6.4,-22,124
2026-03-12T19:42:25.539879,0,3,1,0,9,-1.0,194.0,0.0,0.0,0.0,6.4,-22,124
2026-03-12T19:42:25.658515,0,3,1,0,9,-1.0,194.0,0.0,0.0,0.0,6.4,-22,124
2026-03-12T19:42:25.784119,0,3,1,0,9,-1.0,193.5,0.0,0.0,0.0,6.4,-22,125
2026-03-12T19:42:25.915857,0,3,1,0,9,-1.0,193.5,0.0,0.0,0.0,6.4,-22,124
2026-03-12T19:42:26.040371,0,3,1,0,9,-1.0,193.75,0.0,0.0,0.0,6.6,-22,124
2026-03-12T19:42:26.165903,0,3,1,0,9,-1.0,193.5,0.0,0.0,0.0,6.4,-22,124
2026-03-12T19:42:26.580532,0,3,1,0,9,-1.0,193.75,0.0,0.0,0.0,6.4,-22,125
2026-03-12T19:42:26.602037,0,3,1,0,9,-1.0,193.75,0.0,0.0,0.0,6.6,-22,125
2026-03-12T19:42:26.623904,0,3,1,0,9,-1.0,193.5,0.0,0.0,0.0,6.4,-22,124
2026-03-12T19:42:26.666468,0,3,1,0,9,-1.0,193.75,0.0,0.0,0.0,6.4,-22,124
2026-03-12T19:42:26.791704,0,3,1,0,9,-1.0,193.75,0.0,0.0,0.0,6.4,-22,124
2026-03-12T19:42:26.917559,0,3,1,0,9,-1.0,193.75,0.0,0.0,0.0,6.4,-22,125
2026-03-12T19:42:27.045250,0,3,1,0,9,-1.0,193.5,0.0,0.0,0.0,6.4,-22,124
2026-03-12T19:42:27.171585,0,3,1,0,9,-1.0,193.5,0.0,0.0,0.0,6.4,-22,124
2026-03-12T19:42:27.292958,0,3,1,0,9,-1.0,193.5,0.0,0.0,0.0,6.4,-22,124
2026-03-12T19:42:27.419718,0,3,1,0,9,-1.0,193.5,0.0,0.0,0.0,6.6,-22,126
2026-03-12T19:42:27.545719,0,3,1,0,9,-1.0,193.5,0.0,0.0,0.0,6.4,-22,124
2026-03-12T19:42:27.663003,0,3,1,0,9,-1.0,193.5,0.0,0.0,0.0,6.4,-22,124
2026-03-12T19:42:27.795300,0,3,1,0,9,-1.0,193.75,0.0,0.0,0.0,6.4,-22,125
2026-03-12T19:42:27.921225,0,3,1,0,9,-1.0,193.75,0.0,0.0,0.0,6.4,-22,125
2026-03-12T19:42:28.038876,0,3,1,0,9,-1.0,193.75,0.0,0.0,0.0,6.4,-22,125
2026-03-12T19:42:28.171112,0,3,1,0,9,-0.9375,193.75,0.0,0.0,0.0,6.4,-22,125
2026-03-12T19:42:28.297103,0,3,1,0,9,-1.0,193.75,0.0,0.0,0.0,6.4,-25,124
2026-03-12T19:42:28.421298,0,3,1,0,9,-1.0,193.5,0.0,0.0,0.0,6.4,-22,125
2026-03-12T19:42:28.546676,0,3,1,0,9,-1.125,193.5,0.0,0.0,0.0,6.4,-22,126
2026-03-12T19:42:28.671659,0,3,1,0,9,-1.0625,194.0,0.0,0.0,0.0,6.4,-22,124
2026-03-12T19:42:28.796157,0,3,1,0,9,-1.0,193.75,0.0,0.0,0.0,6.4,-24,125
2026-03-12T19:42:28.914695,0,3,1,0,9,-0.9375,194.0,0.0,0.0,0.0,6.4,-26,125
2026-03-12T19:42:29.046617,0,3,1,0,9,-0.875,194.0,0.0,0.0,0.0,6.4,-30,126
2026-03-12T19:42:29.173513,0,3,1,0,9,-1.0,193.75,0.0,0.0,0.0,6.4,-24,124
2026-03-12T19:42:29.298813,0,3,1,0,9,-1.0,193.75,0.0,0.0,0.0,6.6,-23,125
2026-03-12T19:42:29.425204,0,3,1,0,9,-1.0625,194.0,0.0,0.0,0.0,6.4,-25,125
2026-03-12T19:42:29.550102,0,3,1,0,9,-1.0,194.0,0.0,0.0,0.0,6.4,-26,125
2026-03-12T19:42:29.674544,0,3,1,0,9,-1.0625,194.0,0.0,0.0,0.0,6.4,-22,124
2026-03-12T19:42:29.791758,0,3,1,0,9,-0.9375,193.5,0.0,0.0,0.0,6.4,-22,125
2026-03-12T19:42:29.924217,0,3,1,0,9,-1.0,193.5,0.0,0.0,0.0,6.6,-22,124
2026-03-12T19:42:30.052533,0,3,1,0,9,-1.0625,193.5,0.0,0.0,0.0,6.4,-22,125
2026-03-12T19:42:30.176209,0,3,1,0,9,-1.0625,193.5,0.0,0.0,0.0,6.4,-22,125
2026-03-12T19:42:30.301163,0,3,1,0,9,-0.9375,194.0,0.0,0.0,0.0,6.4,-22,125
2026-03-12T19:42:30.425687,0,3,1,0,9,-0.875,194.0,0.0,0.0,0.0,6.4,-22,125
2026-03-12T19:42:30.552014,0,3,1,0,9,-1.0,193.75,0.0,0.0,0.0,6.4,-22,125
2026-03-12T19:42:30.676756,0,3,1,0,9,-1.125,193.5,0.0,0.0,0.0,6.6,-29,126
2026-03-12T19:42:30.793732,0,3,1,0,9,-1.0625,194.0,0.0,0.0,0.0,6.4,-24,125
2026-03-12T19:42:30.925138,0,3,1,0,9,-1.0625,194.0,0.0,0.0,0.0,6.4,-22,124
2026-03-12T19:42:31.051130,0,3,1,0,9,-0.9375,194.0,0.0,0.0,0.0,6.4,-22,124
2026-03-12T19:42:31.169861,0,3,1,0,9,-1.0,193.75,0.0,0.0,0.0,6.4,-22,126
2026-03-12T19:42:31.300401,0,3,1,0,9,-1.125,193.75,0.0,0.0,0.0,6.4,-22,125
2026-03-12T19:42:31.425948,0,3,1,0,9,-1.0625,193.5,0.0,0.0,0.0,6.4,-49,125
2026-03-12T19:42:31.551202,0,3,1,0,9,-1.0,193.75,0.0,0.0,0.0,6.4,-32,125
2026-03-12T19:42:31.671098,0,3,1,0,9,-0.875,193.75,0.0,0.0,0.0,6.4,-30,126
2026-03-12T19:42:31.802481,0,3,1,0,9,-1.0,193.75,0.0,0.0,0.0,6.4,-30,125
2026-03-12T19:42:31.926991,0,3,1,0,9,-1.125,193.75,0.0,0.0,0.0,6.4,-22,125
2026-03-12T19:42:32.053395,0,3,1,0,9,-1.125,193.75,0.0,0.0,0.0,6.4,-22,125
2026-03-12T19:42:32.178699,0,3,1,0,9,-1.0625,193.75,0.0,0.0,0.0,6.4,-22,126
2026-03-12T19:42:32.303524,0,3,1,0,9,-1.0,193.75,0.0,0.0,0.0,6.4,-22,125
2026-03-12T19:42:32.429846,0,3,1,0,9,-1.0,193.75,0.0,0.0,0.0,6.4,-23,125
2026-03-12T19:42:32.556940,0,3,1,0,9,-1.0625,193.75,0.0,0.0,0.0,6.4,-30,125
2026-03-12T19:42:32.678090,0,3,1,0,9,-1.0,193.75,0.0,0.0,0.0,6.4,-31,125
2026-03-12T19:42:32.803836,0,3,1,0,9,-1.0,193.5,0.0,0.0,0.0,6.4,-25,126
2026-03-12T19:42:32.929890,0,3,1,0,9,-0.875,194.0,0.0,0.0,0.0,6.4,-22,125
2026-03-12T19:42:33.055946,0,3,1,0,9,-0.9375,193.75,0.0,0.0,0.0,6.4,-22,125
2026-03-12T19:42:33.179950,0,3,1,0,9,-1.125,194.0,0.0,0.0,0.0,6.4,-22,125
2026-03-12T19:42:33.307923,0,3,1,0,9,-1.0625,194.0,0.0,0.0,0.0,6.4,-30,126
2026-03-12T19:42:33.432997,0,3,1,0,9,-1.0625,194.0,0.0,0.0,0.0,6.4,-33,125
2026-03-12T19:42:33.558150,0,3,1,0,9,-1.0,194.0,0.0,0.0,0.0,6.4,-29,125
2026-03-12T19:42:33.682636,0,3,1,0,9,-1.0,194.0,0.0,0.0,0.0,6.4,-25,125
2026-03-12T19:42:33.805873,0,3,1,0,9,-1.0,194.0,0.0,0.0,0.0,6.4,-41,126
2026-03-12T19:42:33.931251,0,3,1,0,9,-1.0,194.0,0.0,0.0,0.0,6.4,-25,125
2026-03-12T19:42:34.057823,0,3,1,0,9,-1.0,194.0,0.0,0.0,0.0,6.4,-22,125
2026-03-12T19:42:34.175160,0,3,1,0,9,-1.0,194.0,0.0,0.0,0.0,6.4,-22,125
2026-03-12T19:42:34.307960,0,3,1,0,9,-1.0625,194.0,0.0,0.0,0.0,6.4,-22,125
2026-03-12T19:42:34.433319,0,3,1,0,9,-1.0,193.75,0.0,0.0,0.0,6.4,-24,126
2026-03-12T19:42:34.863937,0,3,1,0,9,-1.0,194.0,0.0,0.0,0.0,6.4,-26,125
2026-03-12T19:42:34.889963,0,3,1,0,9,-1.0,194.0,0.0,0.0,0.0,6.4,-28,124
2026-03-12T19:42:34.918399,0,3,1,0,9,-1.0,194.0,0.0,0.0,0.0,6.4,-27,125
2026-03-12T19:42:34.944241,0,3,1,0,9,-1.0,194.0,0.0,0.0,0.0,6.4,-26,126
2026-03-12T19:42:35.060367,0,3,1,0,9,-1.0,194.0,0.0,0.0,0.0,6.4,-28,125
2026-03-12T19:42:35.185861,0,3,1,0,9,-1.0625,194.0,0.0,0.0,0.0,6.4,-36,124
2026-03-12T19:42:35.308782,0,3,1,0,9,-1.0625,193.75,0.0,0.0,0.0,6.4,-44,124
2026-03-12T19:42:35.434408,0,3,1,0,9,-1.0,193.75,0.0,0.0,0.0,6.4,-35,125
2026-03-12T19:42:35.560624,0,3,1,0,9,-0.9375,193.75,0.0,0.0,0.0,6.4,-33,125
2026-03-12T19:42:35.686914,0,3,1,0,9,-1.0,193.75,0.0,0.0,0.0,6.4,-31,124
2026-03-12T19:42:35.812040,0,3,1,0,9,-0.9375,193.5,0.0,0.0,0.0,6.4,-30,124
2026-03-12T19:42:35.937050,0,3,1,0,9,-1.0,193.75,0.0,0.0,0.0,6.4,-31,124
2026-03-12T19:42:36.062587,0,3,1,0,9,-1.0,193.75,0.0,0.0,0.0,6.4,-28,125
2026-03-12T19:42:36.186880,0,3,1,0,9,-1.0625,193.75,0.0,0.0,0.0,6.4,-26,124
2026-03-12T19:42:36.312300,0,3,1,0,9,-1.0,193.75,0.0,0.0,0.0,6.4,-29,124
2026-03-12T19:42:36.438749,0,3,1,0,9,-0.9375,193.75,0.0,0.0,0.0,6.4,-43,124
2026-03-12T19:42:36.563959,0,3,1,0,9,-1.0625,193.5,0.0,0.0,0.0,6.4,-34,125
2026-03-12T19:42:36.687078,0,3,1,0,9,-1.0625,193.5,0.0,0.0,0.0,6.4,-33,124
2026-03-12T19:42:36.812942,0,3,1,0,9,-1.0,193.75,0.0,0.0,0.0,6.4,-35,125
2026-03-12T19:42:36.938700,0,3,1,0,9,-1.0625,193.75,0.0,0.0,0.0,6.4,-59,125
2026-03-12T19:42:37.063827,0,3,1,0,9,-1.0,193.75,0.0,0.0,0.0,6.4,-35,126
2026-03-12T19:42:37.189784,0,3,1,0,9,-1.0,194.0,0.0,0.0,0.0,6.4,-33,125
2026-03-12T19:42:37.313692,0,3,1,0,9,-1.0,193.75,0.0,0.0,0.0,6.4,-34,125
2026-03-12T19:42:37.438257,0,3,1,0,9,-1.0,193.75,0.0,0.0,0.0,6.4,-42,125
2026-03-12T19:42:37.557866,0,3,1,0,9,-1.0625,193.75,0.0,0.0,0.0,6.4,-40,126
2026-03-12T19:42:37.690740,0,3,1,0,9,-0.9375,193.5,0.0,0.0,0.0,6.4,-39,126
2026-03-12T19:42:37.816848,0,3,1,0,9,-0.9375,193.5,0.0,0.0,0.0,6.4,-42,125
2026-03-12T19:42:37.941872,0,3,1,0,9,-1.0,193.75,0.0,0.0,0.0,6.4,-33,125
2026-03-12T19:42:38.065180,0,3,1,0,9,-1.0625,193.75,0.0,0.0,0.0,6.4,-30,125
2026-03-12T19:42:38.184960,0,3,1,0,9,-1.0625,194.0,0.0,0.0,0.0,6.4,-29,126
2026-03-12T19:42:38.316200,0,3,1,0,9,-1.0625,193.75,0.0,0.0,0.0,6.4,-27,125
2026-03-12T19:42:38.441045,0,3,1,0,9,-1.0625,193.75,0.0,0.0,0.0,6.4,-24,125
2026-03-12T19:42:38.566017,0,3,1,0,9,-1.0,193.5,0.0,0.0,0.0,6.4,-24,125
2026-03-12T19:42:38.691475,0,3,1,0,9,-0.9375,193.5,0.0,0.0,0.0,6.4,-24,126
2026-03-12T19:42:38.816807,0,3,1,0,9,-1.0,193.5,0.0,0.0,0.0,6.4,-25,125
2026-03-12T19:42:38.942914,0,3,1,0,9,-1.0,193.75,0.0,0.0,0.0,6.4,-25,125
2026-03-12T19:42:39.068445,0,3,1,0,9,-1.0625,193.75,0.0,0.0,0.0,6.4,-24,125
2026-03-12T19:42:39.194574,0,3,1,0,9,-1.0,193.75,0.0,0.0,0.0,6.4,-24,126
2026-03-12T19:42:39.320785,0,3,1,0,9,-1.0,193.5,0.0,0.0,0.0,6.4,-24,126
2026-03-12T19:42:39.447804,0,3,1,0,9,-1.0,193.75,0.0,0.0,0.0,6.4,-25,125
2026-03-12T19:42:39.569216,0,3,1,0,9,-1.0,194.0,0.0,0.0,0.0,6.4,-25,125
2026-03-12T19:42:39.694521,0,3,1,0,9,-0.9375,193.75,0.0,0.0,0.0,6.4,-24,125
2026-03-12T19:42:39.820260,0,3,1,0,9,-1.0625,193.5,0.0,0.0,0.0,6.4,-24,126
2026-03-12T19:42:39.946484,0,3,1,0,9,-1.0625,193.75,0.0,0.0,0.0,6.4,-24,125
2026-03-12T19:42:40.074232,0,3,1,0,9,-1.0,193.75,0.0,0.0,0.0,6.4,-25,125
2026-03-12T19:42:40.194924,0,3,1,0,9,-1.0,193.75,0.0,0.0,0.0,6.4,-24,124
2026-03-12T19:42:40.321555,0,3,1,0,9,-1.0,193.75,0.0,0.0,0.0,6.4,-24,126
2026-03-12T19:42:40.450205,0,3,1,0,9,-1.0,193.75,0.0,0.0,0.0,6.4,-24,125
2026-03-12T19:42:40.571372,0,3,1,0,9,-1.0,193.5,0.0,0.0,0.0,6.4,-24,124
2026-03-12T19:42:40.697383,0,3,1,0,9,-1.0,193.5,0.0,0.0,0.0,6.4,-24,124
2026-03-12T19:42:40.824929,0,3,1,0,9,-1.0,193.75,0.0,0.0,0.0,6.4,-23,125
2026-03-12T19:42:40.950813,0,3,1,0,9,-1.0,193.5,0.0,0.0,0.0,6.4,-22,124
2026-03-12T19:42:41.072905,0,3,1,0,9,-1.0,193.25,0.0,0.0,0.0,6.4,-22,124
2026-03-12T19:42:41.198807,0,3,1,0,9,-1.0625,193.25,0.0,0.0,0.0,6.4,-23,124
2026-03-12T19:42:41.322597,0,3,1,0,9,-1.0,194.0,0.0,0.0,0.0,6.4,-23,124
2026-03-12T19:42:41.449273,0,3,1,0,9,-1.0,194.0,0.0,0.0,0.0,6.4,-23,125
2026-03-12T19:42:41.576527,0,3,1,0,9,-1.0,194.0,0.0,0.0,0.0,6.4,-23,124
2026-03-12T19:42:41.699572,0,3,1,0,9,-1.0625,193.5,0.0,0.0,0.0,6.4,-22,124
2026-03-12T19:42:41.817514,0,3,1,0,9,-1.0,193.5,0.0,0.0,0.0,6.4,-22,124
2026-03-12T19:42:41.949948,0,3,1,0,9,-1.0,193.5,0.0,0.0,0.0,6.4,-22,125
2026-03-12T19:42:42.076959,0,3,1,0,9,-1.0,193.25,0.0,0.0,0.0,6.4,-22,124
2026-03-12T19:42:42.193889,0,3,1,0,9,-1.0,193.5,0.0,0.0,0.0,6.4,-22,124
2026-03-12T19:42:42.324071,0,3,1,0,9,-1.0,193.75,0.0,0.0,0.0,6.4,-23,124
2026-03-12T19:42:42.451395,0,3,1,0,9,-1.0,193.5,0.0,0.0,0.0,6.4,-23,125
2026-03-12T19:42:42.576484,0,3,1,0,9,-1.0625,193.75,0.0,0.0,0.0,6.4,-22,124
2026-03-12T19:42:42.701173,0,3,1,0,9,-1.0,193.75,0.0,0.0,0.0,6.4,-22,124
2026-03-12T19:42:42.828012,0,3,1,0,9,-1.0,193.75,0.0,0.0,0.0,6.4,-23,124
2026-03-12T19:42:43.260132,0,3,1,0,9,-1.0,193.75,0.0,0.0,0.0,6.4,-23,124
2026-03-12T19:42:43.284159,0,3,1,0,9,-1.0,193.5,0.0,0.0,0.0,6.4,-23,125
2026-03-12T19:42:43.309637,0,3,1,0,9,-1.0,193.5,0.0,0.0,0.0,6.4,-23,124
2026-03-12T19:42:43.333557,0,3,1,0,9,-1.0,193.5,0.0,0.0,0.0,6.4,-23,124
2026-03-12T19:42:43.451897,0,3,1,0,9,-1.0,193.75,0.0,0.0,0.0,6.4,-23,124
2026-03-12T19:42:43.571475,0,3,1,0,9,-1.0625,194.0,0.0,0.0,0.0,6.4,-23,125
2026-03-12T19:42:43.703144,0,3,1,0,9,-1.0,194.0,0.0,0.0,0.0,6.4,-23,124
2026-03-12T19:42:43.827175,0,3,1,0,9,-1.0,193.5,0.0,0.0,0.0,6.4,-23,125
2026-03-12T19:42:43.953463,0,3,1,0,9,-1.0,193.75,0.0,0.0,0.0,6.4,-23,124
2026-03-12T19:42:44.080368,0,3,1,0,9,-1.0625,193.75,0.0,0.0,0.0,6.4,-23,125
2026-03-12T19:42:44.205215,0,3,1,0,9,-1.0625,193.75,0.0,0.0,0.0,6.4,-22,125
2026-03-12T19:42:44.330421,0,3,1,0,9,-0.9375,193.75,0.0,0.0,0.0,6.4,-22,125
2026-03-12T19:42:44.456286,0,3,1,0,9,-1.0,193.5,0.0,0.0,0.0,6.4,-22,125
2026-03-12T19:42:44.582782,0,3,1,0,9,-1.0,193.75,0.0,0.0,0.0,6.4,-22,126
2026-03-12T19:42:44.698903,0,3,1,0,9,-1.0,193.75,0.0,0.0,0.0,6.4,-22,125
2026-03-12T19:42:44.832745,0,3,1,0,9,-1.0,194.0,0.0,0.0,0.0,6.4,-22,125
2026-03-12T19:42:44.956504,0,3,1,0,9,-1.0625,194.0,0.0,0.0,0.0,6.4,-22,125
2026-03-12T19:42:45.081419,0,3,1,0,9,-0.9375,193.5,0.0,0.0,0.0,6.4,-22,125
2026-03-12T19:42:45.199837,0,3,1,0,9,-1.0,193.75,0.0,0.0,0.0,6.4,-22,126
2026-03-12T19:42:45.332237,0,3,1,0,9,-1.0625,193.75,0.0,0.0,0.0,6.4,-22,125
2026-03-12T19:42:45.458391,0,3,1,0,9,-1.0,193.75,0.0,0.0,0.0,6.4,-22,125
2026-03-12T19:42:45.582549,0,3,1,0,9,-1.0,193.75,0.0,0.0,0.0,6.4,-22,125
2026-03-12T19:42:45.708915,0,3,1,0,9,-1.0625,193.75,0.0,0.0,0.0,6.4,-22,126
2026-03-12T19:42:45.834054,0,3,1,0,9,-0.9375,193.75,0.0,0.0,0.0,6.4,-24,125
2026-03-12T19:42:45.958844,0,3,1,0,9,-0.9375,193.75,0.0,0.0,0.0,6.6,-27,125
2026-03-12T19:42:46.075565,0,3,1,0,9,-1.0,193.5,0.0,0.0,0.0,6.4,-28,125
2026-03-12T19:42:46.202130,0,3,1,0,9,-1.0625,193.75,0.0,0.0,0.0,6.4,-28,126
2026-03-12T19:42:46.333410,0,3,1,0,9,-1.0,193.75,0.0,0.0,0.0,6.4,-26,125
2026-03-12T19:42:46.458269,0,3,1,0,9,-1.0,193.75,0.0,0.0,0.0,6.4,-25,125
2026-03-12T19:42:46.584903,0,3,1,0,9,-1.0,194.0,0.0,0.0,0.0,6.4,-25,125
2026-03-12T19:42:46.711244,0,3,1,0,9,-1.0,194.0,0.0,0.0,0.0,6.4,-26,126
2026-03-12T19:42:46.835529,0,3,1,0,9,-1.0625,194.0,0.0,0.0,0.0,6.4,-27,125
2026-03-12T19:42:46.960789,0,3,1,0,9,-1.0625,194.0,0.0,0.0,0.0,6.6,-30,125
2026-03-12T19:42:47.084621,0,3,1,0,9,-1.0,193.75,0.0,0.0,0.0,6.4,-30,125
2026-03-12T19:42:47.209976,0,3,1,0,9,-1.0,193.75,0.0,0.0,0.0,6.4,-28,125
2026-03-12T19:42:47.337162,0,3,1,0,9,-1.0,193.5,0.0,0.0,0.0,6.4,-30,126
2026-03-12T19:42:47.460733,0,3,1,0,9,-1.0,193.5,0.0,0.0,0.0,6.4,-29,125
2026-03-12T19:42:47.585625,0,3,1,0,9,-1.0,193.75,0.0,0.0,0.0,6.4,-29,125
2026-03-12T19:42:47.710957,0,3,1,0,9,-1.0,193.5,0.0,0.0,0.0,6.6,-28,124
2026-03-12T19:42:47.836483,0,3,1,0,9,-1.0,193.75,0.0,0.0,0.0,6.4,-27,125
2026-03-12T19:42:47.962336,0,3,1,0,9,-1.0,193.75,0.0,0.0,0.0,6.4,-27,124
2026-03-12T19:42:48.089614,0,3,1,0,9,-1.0,193.75,0.0,0.0,0.0,6.4,-25,124
2026-03-12T19:42:48.210764,0,3,1,0,9,-1.0,193.5,0.0,0.0,0.0,6.4,-24,124
2026-03-12T19:42:48.330667,0,3,1,0,9,-1.0,193.5,0.0,0.0,0.0,6.4,-25,125
2026-03-12T19:42:48.462530,0,3,1,0,9,-1.0,193.5,0.0,0.0,0.0,6.4,-26,124
2026-03-12T19:42:48.588204,0,3,1,0,9,-1.0,193.75,0.0,0.0,0.0,6.4,-26,124
2026-03-12T19:42:48.713467,0,3,1,0,9,-1.0,193.75,0.0,0.0,0.0,6.4,-26,124
2026-03-12T19:42:48.830727,0,3,1,0,9,-1.0,193.75,0.0,0.0,0.0,6.4,-25,124
2026-03-12T19:42:48.963328,0,3,1,0,9,-1.0,193.75,0.0,0.0,0.0,6.4,-25,125
2026-03-12T19:42:49.081687,0,3,1,0,9,-1.0,193.75,0.0,0.0,0.0,6.4,-24,124
2026-03-12T19:42:49.213402,0,3,1,0,9,-1.0,194.0,0.0,0.0,0.0,6.4,-24,124
2026-03-12T19:42:49.339878,0,3,1,0,9,-1.0,194.0,0.0,0.0,0.0,6.4,-24,124
2026-03-12T19:42:49.464919,0,3,1,0,9,-1.0,194.0,0.0,0.0,0.0,6.4,-24,125
2026-03-12T19:42:49.582783,0,3,1,0,9,-0.9375,193.75,0.0,0.0,0.0,6.4,-24,125
2026-03-12T19:42:49.714954,0,3,1,0,9,-1.0,193.75,0.0,0.0,0.0,6.4,-24,125
2026-03-12T19:42:49.840267,0,3,1,0,9,-1.0,193.5,0.0,0.0,0.0,6.6,-24,124
2026-03-12T19:42:49.967465,0,3,1,0,9,-1.0,193.75,0.0,0.0,0.0,6.4,-25,125
2026-03-12T19:42:50.096508,0,3,1,0,9,-1.0,194.25,0.0,0.0,0.0,6.4,-25,125
2026-03-12T19:42:50.217412,0,3,1,0,9,-1.0,194.0,0.0,0.0,0.0,6.4,-24,124
2026-03-12T19:42:50.341753,0,3,1,0,9,-1.0,193.75,0.0,0.0,0.0,6.4,-24,125
2026-03-12T19:42:50.466225,0,3,1,0,9,-1.0,193.75,0.0,0.0,0.0,6.4,-24,126
2026-03-12T19:42:50.591200,0,3,1,0,9,-1.0,193.75,0.0,0.0,0.0,6.4,-24,125
2026-03-12T19:42:50.717081,0,3,1,0,9,-1.0,193.75,0.0,0.0,0.0,6.4,-24,125
2026-03-12T19:42:50.842343,0,3,1,0,9,-1.0625,194.0,0.0,0.0,0.0,6.4,-24,125
2026-03-12T19:42:50.960035,0,3,1,0,9,-1.0,194.0,0.0,0.0,0.0,6.4,-24,125
2026-03-12T19:42:51.092636,0,3,1,0,9,-1.0,193.75,0.0,0.0,0.0,6.4,-24,126
2026-03-12T19:42:51.508624,0,3,1,0,9,-1.0,193.5,0.0,0.0,0.0,6.4,-24,125
2026-03-12T19:42:51.530993,0,3,1,0,9,-1.0,193.75,0.0,0.0,0.0,6.4,-24,125
2026-03-12T19:42:51.552333,0,3,1,0,9,-1.0,193.75,0.0,0.0,0.0,6.6,-24,125
2026-03-12T19:42:51.592624,0,3,1,0,9,-1.0,194.0,0.0,0.0,0.0,6.4,-24,126
2026-03-12T19:42:51.718271,0,3,1,0,9,-1.0,193.75,0.0,0.0,0.0,6.4,-24,125
2026-03-12T19:42:51.843483,0,3,1,0,9,-1.0,194.0,0.0,0.0,0.0,6.6,-24,125
2026-03-12T19:42:51.968787,0,3,1,0,9,-1.0,194.0,0.0,0.0,0.0,6.4,-24,125
2026-03-12T19:42:52.093530,0,3,1,0,9,-1.0,194.0,0.0,0.0,0.0,6.4,-24,126
2026-03-12T19:42:52.212964,0,3,1,0,9,-1.0,193.75,0.0,0.0,0.0,6.4,-24,125
2026-03-12T19:42:52.343584,0,3,1,0,9,-1.0,193.75,0.0,0.0,0.0,6.4,-25,125
2026-03-12T19:42:52.469014,0,3,1,0,9,-1.0,193.75,0.0,0.0,0.0,6.4,-26,125
2026-03-12T19:42:52.594516,0,3,1,0,9,-1.0,193.75,0.0,0.0,0.0,6.4,-28,126
2026-03-12T19:42:52.722060,0,3,1,0,9,-1.0,194.0,0.0,0.0,0.0,6.4,-28,126
2026-03-12T19:42:52.849345,0,3,1,0,9,-1.0,194.25,0.0,0.0,0.0,6.4,-29,125
2026-03-12T19:42:52.965224,0,3,1,0,9,-1.0,194.25,0.0,0.0,0.0,6.4,-30,124
2026-03-12T19:42:53.096418,0,3,1,0,9,-1.0,193.75,0.0,0.0,0.0,6.4,-30,125
2026-03-12T19:42:53.224547,0,3,1,0,9,-1.0,193.75,0.0,0.0,0.0,6.4,-31,126
2026-03-12T19:42:53.350903,0,3,1,0,9,-1.0,193.75,0.0,0.0,0.0,6.4,-32,124
2026-03-12T19:42:53.473030,0,3,1,0,9,-1.0,193.75,0.0,0.0,0.0,6.4,-34,124
2026-03-12T19:42:53.598436,0,3,1,0,9,-1.0,193.75,0.0,0.0,0.0,6.4,-35,124
2026-03-12T19:42:53.717345,0,3,1,0,9,-1.0,193.75,0.0,0.0,0.0,6.4,-35,125
2026-03-12T19:42:53.848446,0,3,1,0,9,-1.0,193.75,0.0,0.0,0.0,6.6,-34,124
2026-03-12T19:42:53.975233,0,3,1,0,9,-1.0,193.75,0.0,0.0,0.0,6.4,-34,124
2026-03-12T19:42:54.100096,0,3,1,0,9,-1.0,194.0,0.0,0.0,0.0,6.4,-34,124
2026-03-12T19:42:54.226582,0,3,1,0,9,-1.0625,193.75,0.0,0.0,0.0,6.4,-35,125
2026-03-12T19:42:54.352171,0,3,1,0,9,-1.0,193.75,0.0,0.0,0.0,6.4,-34,124
2026-03-12T19:42:54.476714,0,3,1,0,9,-1.0,194.0,0.0,0.0,0.0,6.4,-32,124
2026-03-12T19:42:54.601921,0,3,1,0,9,-1.0,194.0,0.0,0.0,0.0,6.4,-32,124
2026-03-12T19:42:54.724505,0,3,1,0,9,-1.0,194.0,0.0,0.0,0.0,6.4,-33,124
2026-03-12T19:42:54.849836,0,3,1,0,9,-1.0,194.0,0.0,0.0,0.0,6.4,-34,125
2026-03-12T19:42:54.975895,0,3,1,0,9,-1.0625,194.0,0.0,0.0,0.0,6.4,-33,124
2026-03-12T19:42:55.102054,0,3,1,0,9,-1.0625,194.0,0.0,0.0,0.0,6.4,-32,124
2026-03-12T19:42:55.219085,0,3,1,0,9,-1.0,193.75,0.0,0.0,0.0,6.4,-31,124
2026-03-12T19:42:55.352204,0,3,1,0,9,-0.9375,193.75,0.0,0.0,0.0,6.6,-34,125
2026-03-12T19:42:55.478888,0,3,1,0,9,-1.0,194.0,0.0,0.0,0.0,6.4,-34,124
2026-03-12T19:42:55.603256,0,3,1,0,9,-1.0,193.75,0.0,0.0,0.0,6.4,-35,125
2026-03-12T19:42:55.729075,0,3,1,0,9,-1.0,194.0,0.0,0.0,0.0,6.4,-38,124
2026-03-12T19:42:55.854170,0,3,1,0,9,-1.0,194.0,0.0,0.0,0.0,6.4,-42,126
2026-03-12T19:42:55.971881,0,3,1,0,9,-1.0,194.0,0.0,0.0,0.0,6.4,-43,125
2026-03-12T19:42:56.101776,0,3,1,0,9,-1.0,194.0,0.0,0.0,0.0,6.4,-42,125
2026-03-12T19:42:56.228236,0,3,1,0,9,-1.0,193.75,0.0,0.0,0.0,6.4,-40,125
2026-03-12T19:42:56.353247,0,3,1,0,9,-1.0,193.75,0.0,0.0,0.0,6.4,-43,125
2026-03-12T19:42:56.479000,0,3,1,0,9,-1.0,193.75,0.0,0.0,0.0,6.4,-44,126
2026-03-12T19:42:56.604153,0,3,1,0,9,-1.0,193.75,0.0,0.0,0.0,6.4,-40,125
2026-03-12T19:42:56.729877,0,3,1,0,9,-1.0,194.0,0.0,0.0,0.0,6.4,-38,125
2026-03-12T19:42:56.847249,0,3,1,0,9,-1.0,194.0,0.0,0.0,0.0,6.4,-39,125
2026-03-12T19:42:56.980780,0,3,1,0,9,-1.0,193.75,0.0,0.0,0.0,6.4,-40,126
2026-03-12T19:42:57.107459,0,3,1,0,9,-1.0,194.0,0.0,0.0,0.0,6.6,-39,125
2026-03-12T19:42:57.223888,0,3,1,0,9,-1.0,194.0,0.0,0.0,0.0,6.4,-39,125
2026-03-12T19:42:57.355356,0,3,1,0,9,-1.0,193.75,0.0,0.0,0.0,6.4,-39,125
2026-03-12T19:42:57.474618,0,3,1,0,9,-1.0,193.75,0.0,0.0,0.0,6.4,-39,126
2026-03-12T19:42:57.605441,0,3,1,0,9,-1.0,193.75,0.0,0.0,0.0,6.4,-39,125
2026-03-12T19:42:57.730199,0,3,1,0,9,-1.0625,193.75,0.0,0.0,0.0,6.4,-39,125
2026-03-12T19:42:57.849591,0,3,1,0,9,-1.0,193.75,0.0,0.0,0.0,6.4,-40,125
2026-03-12T19:42:57.982172,0,3,1,0,9,-1.0,193.75,0.0,0.0,0.0,6.4,-45,126
2026-03-12T19:42:58.107130,0,3,1,0,9,-1.0,193.75,0.0,0.0,0.0,6.4,-42,125
2026-03-12T19:42:58.225536,0,3,1,0,9,-1.0,194.0,0.0,0.0,0.0,6.4,-39,125
2026-03-12T19:42:58.356390,0,3,1,0,9,-0.9375,193.5,0.0,0.0,0.0,6.4,-36,125
2026-03-12T19:42:58.481950,0,3,1,0,9,-1.0,193.75,0.0,0.0,0.0,6.4,-36,125
2026-03-12T19:42:58.607173,0,3,1,0,9,-1.0,193.75,0.0,0.0,0.0,6.4,-35,126
2026-03-12T19:42:58.734904,0,3,1,0,9,-1.0625,193.75,0.0,0.0,0.0,6.4,-34,125
2026-03-12T19:42:58.860545,0,3,1,0,9,-1.0,193.75,0.0,0.0,0.0,6.4,-33,125
2026-03-12T19:42:58.983424,0,3,1,0,9,-1.0625,193.5,0.0,0.0,0.0,6.4,-32,125
2026-03-12T19:42:59.109052,0,3,1,0,9,-1.0,193.5,0.0,0.0,0.0,6.4,-31,126
2026-03-12T19:42:59.235733,0,3,1,0,9,-1.0625,193.5,0.0,0.0,0.0,6.4,-31,124
2026-03-12T19:42:59.361198,0,3,1,0,9,-1.0,193.5,0.0,0.0,0.0,6.4,-31,124
2026-03-12T19:42:59.484701,0,3,1,0,9,-1.0,193.75,0.0,0.0,0.0,6.4,-31,124
2026-03-12T19:42:59.899004,0,3,1,0,9,-1.0625,193.5,0.0,0.0,0.0,6.4,-31,125
2026-03-12T19:42:59.924066,0,3,1,0,9,-1.0,193.5,0.0,0.0,0.0,6.4,-30,125
2026-03-12T19:42:59.946266,0,3,1,0,9,-1.0,193.5,0.0,0.0,0.0,6.4,-29,124
2026-03-12T19:42:59.979358,0,3,1,0,9,-1.0,193.75,0.0,0.0,0.0,6.4,-30,124
2026-03-12T19:43:00.111079,0,3,1,0,9,-0.9375,193.75,0.0,0.0,0.0,6.4,-30,124
2026-03-12T19:43:00.230504,0,3,1,0,9,-1.0,193.75,0.0,0.0,0.0,6.4,-33,125
2026-03-12T19:43:00.363039,0,3,1,0,9,-1.0625,193.5,0.0,0.0,0.0,6.4,-34,124
2026-03-12T19:43:00.488037,0,3,1,0,9,-1.0625,193.5,0.0,0.0,0.0,6.4,-35,124
2026-03-12T19:43:00.613002,0,3,1,0,9,-1.0,193.5,0.0,0.0,0.0,6.4,-39,124
2026-03-12T19:43:00.739665,0,3,1,0,9,-1.0,193.75,0.0,0.0,0.0,6.4,-40,125
2026-03-12T19:43:00.864858,0,3,1,0,9,-1.0,193.75,0.0,0.0,0.0,6.4,-39,124
2026-03-12T19:43:00.987797,0,3,1,0,9,-1.0625,193.5,0.0,0.0,0.0,6.4,-40,124
2026-03-12T19:43:01.116090,0,3,1,0,9,-1.0,193.5,0.0,0.0,0.0,6.4,-40,124
2026-03-12T19:43:01.238725,0,3,1,0,9,-1.0,193.75,0.0,0.0,0.0,6.4,-45,124
2026-03-12T19:43:01.357590,0,3,1,0,9,-1.0,193.75,0.0,0.0,0.0,6.4,-35,125
2026-03-12T19:43:01.488836,0,3,1,0,9,-1.0,193.75,0.0,0.0,0.0,6.4,-32,124
2026-03-12T19:43:01.615387,0,3,1,0,9,-1.0,193.5,0.0,0.0,0.0,6.4,-32,124
2026-03-12T19:43:01.740276,0,3,1,0,9,-1.0,193.5,0.0,0.0,0.0,6.4,-31,124
2026-03-12T19:43:01.865633,0,3,1,0,9,-1.0,193.5,0.0,0.0,0.0,6.6,-30,125
2026-03-12T19:43:01.990705,0,3,1,0,9,-1.0,193.75,0.0,0.0,0.0,6.4,-30,124
2026-03-12T19:43:02.108680,0,3,1,0,9,-1.0,194.0,0.0,0.0,0.0,6.4,-28,124
2026-03-12T19:43:02.233545,0,3,1,0,9,-1.0,193.5,0.0,0.0,0.0,6.4,-28,124
2026-03-12T19:43:02.365721,0,3,1,0,9,-1.0,193.75,0.0,0.0,0.0,6.4,-28,125
2026-03-12T19:43:02.494146,0,3,1,0,9,-1.0,193.75,0.0,0.0,0.0,6.4,-28,124
2026-03-12T19:43:02.616468,0,3,1,0,9,-1.0,193.75,0.0,0.0,0.0,6.4,-28,124
2026-03-12T19:43:02.741827,0,3,1,0,9,-1.0,193.75,0.0,0.0,0.0,6.4,-28,124
2026-03-12T19:43:02.867556,0,3,1,0,9,-1.0,193.75,0.0,0.0,0.0,6.4,-30,125
2026-03-12T19:43:02.994573,0,3,1,0,9,-1.0,193.75,0.0,0.0,0.0,6.4,-31,124
2026-03-12T19:43:03.117072,0,3,1,0,9,-1.0,193.75,0.0,0.0,0.0,6.4,-33,124
2026-03-12T19:43:03.242508,0,3,1,0,9,-1.0,193.75,0.0,0.0,0.0,6.4,-36,124
2026-03-12T19:43:03.368442,0,3,0,0,9,-1.0,193.75,0.0,0.0,0.0,6.4,-43,124
2026-03-12T19:43:04.118849,0,3,0,0,9,-1.0,193.5,0.0,0.0,0.0,6.4,-37,751
2026-03-12T19:43:19.146710,0,3,0,0,9,-1.0,193.75,0.0,0.0,0.0,6.6,-22,15029
2026-03-12T19:43:32.922718,0,3,1,0,9,-0.9375,193.75,0.0,0.0,0.0,6.6,-22,13776
2026-03-12T19:43:33.052644,0,3,1,0,9,-1.0,194.0,0.0,0.0,0.0,6.6,-22,130
2026-03-12T19:43:33.175510,0,3,1,0,9,-0.9375,193.75,0.0,0.0,0.0,6.6,-22,121
2026-03-12T19:43:33.301671,0,3,1,0,9,-1.0,194.25,0.0,0.0,0.0,6.6,-22,124
2026-03-12T19:43:33.428698,0,3,1,0,9,-1.0,194.25,0.0,0.0,0.0,6.4,-22,124
2026-03-12T19:43:33.550280,0,3,1,0,9,-0.9375,194.25,0.0,0.0,0.0,6.6,-22,124
2026-03-12T19:43:33.677505,0,3,1,0,9,-1.0,194.25,0.0,0.0,0.0,6.4,-22,125
2026-03-12T19:43:33.801241,0,3,1,0,9,-0.9375,194.25,0.0,0.0,0.0,6.6,-22,124
2026-03-12T19:43:33.928854,0,3,1,0,9,-1.0,194.0,0.0,0.0,0.0,6.6,-22,124
2026-03-12T19:43:34.052066,0,3,1,0,9,-0.9375,194.25,0.0,0.0,0.0,6.6,-22,125
2026-03-12T19:43:34.171491,0,3,1,0,9,-0.9375,194.25,0.0,0.0,0.0,6.6,-22,125
2026-03-12T19:43:34.302054,0,3,1,0,9,-1.0,193.75,0.0,0.0,0.0,6.6,-22,124
2026-03-12T19:43:34.429054,0,3,1,0,9,-0.9375,194.0,0.0,0.0,0.0,6.6,-22,125
2026-03-12T19:43:34.553026,0,3,1,0,9,-1.0,194.25,0.0,0.0,0.0,6.6,-22,125
2026-03-12T19:43:34.671121,0,3,1,0,9,-0.9375,194.25,0.0,0.0,0.0,6.4,-22,125
2026-03-12T19:43:34.796699,0,3,1,0,9,-1.0,194.25,0.0,0.0,0.0,6.4,-22,126
2026-03-12T19:43:34.928494,0,3,1,0,9,-1.0,194.25,0.0,0.0,0.0,6.6,-22,125
2026-03-12T19:43:35.055021,0,3,1,0,9,-1.0,194.25,0.0,0.0,0.0,6.4,-22,125
2026-03-12T19:43:35.178739,0,3,1,0,9,-0.9375,194.0,0.0,0.0,0.0,6.6,-22,125
2026-03-12T19:43:35.298201,0,3,1,0,9,-1.0,194.0,0.0,0.0,0.0,6.6,-22,126
2026-03-12T19:43:35.429168,0,3,1,0,9,-0.9375,194.0,0.0,0.0,0.0,6.6,-22,125
2026-03-12T19:43:35.555395,0,3,1,0,9,-0.9375,194.0,0.0,0.0,0.0,6.6,-22,125
2026-03-12T19:43:35.672993,0,3,1,0,9,-0.9375,194.0,0.0,0.0,0.0,6.6,-22,125
2026-03-12T19:43:35.804859,0,3,1,0,9,-0.9375,194.25,0.0,0.0,0.0,6.6,-22,126
2026-03-12T19:43:35.923634,0,3,1,0,9,-1.0,194.25,0.0,0.0,0.0,6.4,-22,125
2026-03-12T19:43:36.054953,0,3,1,0,9,-1.0,194.25,0.0,0.0,0.0,6.6,-22,125
2026-03-12T19:43:36.181854,0,3,1,0,9,-1.0,194.25,0.0,0.0,0.0,6.4,-22,125
2026-03-12T19:43:36.305765,0,3,1,0,9,-1.0,194.0,0.0,0.0,0.0,6.4,-22,126
2026-03-12T19:43:36.434667,0,3,1,0,9,-1.0,194.0,0.0,0.0,0.0,6.4,-22,125
2026-03-12T19:43:36.556275,0,3,1,0,9,-0.9375,193.75,0.0,0.0,0.0,6.6,-22,125
2026-03-12T19:43:36.683297,0,3,1,0,9,-0.9375,194.0,0.0,0.0,0.0,6.6,-22,125
2026-03-12T19:43:36.806551,0,3,1,0,9,-1.0,194.0,0.0,0.0,0.0,6.6,-22,126
2026-03-12T19:43:36.931672,0,3,1,0,9,-1.0,194.0,0.0,0.0,0.0,6.6,-22,125
2026-03-12T19:43:37.368323,0,3,1,0,9,-1.0,194.0,0.0,0.0,0.0,6.6,-22,125
2026-03-12T19:43:37.391256,0,3,1,0,9,-1.0,194.0,0.0,0.0,0.0,6.6,-22,125
2026-03-12T19:43:37.415037,0,3,1,0,9,-1.0,194.0,0.0,0.0,0.0,6.4,-22,125
2026-03-12T19:43:37.438503,0,3,1,0,9,-1.0625,194.0,0.0,0.0,0.0,6.4,-22,126
2026-03-12T19:43:37.557895,0,3,1,0,9,-1.0625,194.0,0.0,0.0,0.0,6.6,-22,125
2026-03-12T19:43:37.685307,0,3,1,0,9,-1.0,194.5,0.0,0.0,0.0,6.4,-22,125
2026-03-12T19:43:37.808149,0,3,1,0,9,-1.0625,194.5,0.0,0.0,0.0,6.6,-22,124
2026-03-12T19:43:37.937474,0,3,1,0,9,-1.0,194.0,0.0,0.0,0.0,6.4,-22,126
2026-03-12T19:43:38.060005,0,3,1,0,9,-0.9375,194.0,0.0,0.0,0.0,6.4,-22,124
2026-03-12T19:43:38.183784,0,3,1,0,9,-0.9375,194.0,0.0,0.0,0.0,6.4,-22,124
2026-03-12T19:43:38.310185,0,3,1,0,9,-1.0,193.75,0.0,0.0,0.0,6.6,-22,124
2026-03-12T19:43:38.434210,0,3,1,0,9,-1.0625,194.0,0.0,0.0,0.0,6.6,-22,125
2026-03-12T19:43:38.560060,0,3,1,0,9,-1.0625,194.25,0.0,0.0,0.0,6.6,-22,124
2026-03-12T19:43:38.678955,0,3,1,0,9,-1.0625,194.0,0.0,0.0,0.0,6.4,-22,124
2026-03-12T19:43:38.809763,0,3,1,0,9,-1.0625,194.0,0.0,0.0,0.0,6.4,-22,124
2026-03-12T19:43:38.935442,0,3,1,0,9,-1.125,194.0,0.0,0.0,0.0,6.6,-29,125
2026-03-12T19:43:39.063025,0,3,1,0,9,-1.0625,194.0,0.0,0.0,0.0,6.4,-22,124
2026-03-12T19:43:39.185850,0,3,1,0,9,-0.875,194.0,0.0,0.0,0.0,6.6,-22,124
2026-03-12T19:43:39.313471,0,3,1,0,9,-0.875,194.0,0.0,0.0,0.0,6.4,-22,124
2026-03-12T19:43:39.436185,0,3,1,0,9,-0.9375,193.75,0.0,0.0,0.0,6.6,-22,124
2026-03-12T19:43:39.561592,0,3,1,0,9,-1.0,194.0,0.0,0.0,0.0,6.4,-22,125
2026-03-12T19:43:39.687044,0,3,1,0,9,-1.0625,193.75,0.0,0.0,0.0,6.4,-22,124
2026-03-12T19:43:39.811857,0,3,1,0,9,-1.0625,194.25,0.0,0.0,0.0,6.6,-26,125
2026-03-12T19:43:39.937638,0,3,1,0,9,-1.0625,194.0,0.0,0.0,0.0,6.4,-22,124
2026-03-12T19:43:40.065176,0,3,1,0,9,-1.0,194.0,0.0,0.0,0.0,6.4,-22,126
2026-03-12T19:43:40.187576,0,3,1,0,9,-0.9375,194.0,0.0,0.0,0.0,6.6,-22,124
2026-03-12T19:43:40.306959,0,3,1,0,9,-1.0,194.0,0.0,0.0,0.0,6.4,-22,125
2026-03-12T19:43:40.438329,0,3,1,0,9,-1.0625,194.0,0.0,0.0,0.0,6.6,-22,125
2026-03-12T19:43:40.557693,0,3,1,0,9,-1.0,194.0,0.0,0.0,0.0,6.6,-22,126
2026-03-12T19:43:40.689706,0,3,1,0,9,-1.0,194.0,0.0,0.0,0.0,6.6,-22,125
2026-03-12T19:43:40.813509,0,3,1,0,9,-1.0,194.0,0.0,0.0,0.0,6.6,-22,125
2026-03-12T19:43:40.932848,0,3,1,0,9,-1.0,194.0,0.0,0.0,0.0,6.6,-22,125
2026-03-12T19:43:41.064932,0,3,1,0,9,-1.0,194.0,0.0,0.0,0.0,6.4,-22,125
2026-03-12T19:43:41.192157,0,3,1,0,9,-1.0,194.25,0.0,0.0,0.0,6.6,-22,126
2026-03-12T19:43:41.314983,0,3,1,0,9,-1.0,194.25,0.0,0.0,0.0,6.4,-22,125
2026-03-12T19:43:41.433728,0,3,1,0,9,-1.0625,194.25,0.0,0.0,0.0,6.4,-22,125
2026-03-12T19:43:41.565301,0,3,1,0,9,-1.0,194.25,0.0,0.0,0.0,6.6,-22,125
2026-03-12T19:43:41.691185,0,3,1,0,9,-1.0,194.0,0.0,0.0,0.0,6.4,-22,126
2026-03-12T19:43:41.818124,0,3,1,0,9,-1.0,194.0,0.0,0.0,0.0,6.6,-22,125
2026-03-12T19:43:41.943646,0,3,1,0,9,-1.0625,193.75,0.0,0.0,0.0,6.6,-22,125
2026-03-12T19:43:42.066415,0,3,1,0,9,-1.0,194.0,0.0,0.0,0.0,6.4,-22,125
2026-03-12T19:43:42.194850,0,3,1,0,9,-1.0,194.0,0.0,0.0,0.0,6.4,-22,126
2026-03-12T19:43:42.317439,0,3,1,0,9,-1.0,194.0,0.0,0.0,0.0,6.6,-22,125
2026-03-12T19:43:42.444206,0,3,1,0,9,-1.0,194.0,0.0,0.0,0.0,6.4,-22,125
2026-03-12T19:43:42.567284,0,3,1,0,9,-1.0,194.0,0.0,0.0,0.0,6.4,-22,124
2026-03-12T19:43:42.693840,0,3,1,0,9,-1.125,194.0,0.0,0.0,0.0,6.6,-22,124
2026-03-12T19:43:42.820035,0,3,1,0,9,-1.0625,194.0,0.0,0.0,0.0,6.4,-22,125
2026-03-12T19:43:42.943033,0,3,1,0,9,-1.0,194.0,0.0,0.0,0.0,6.4,-24,124
2026-03-12T19:43:43.061774,0,3,1,0,9,-0.9375,194.25,0.0,0.0,0.0,6.4,-22,124
2026-03-12T19:43:43.193425,0,3,1,0,9,-0.875,194.25,0.0,0.0,0.0,6.4,-22,124
2026-03-12T19:43:43.322692,0,3,1,0,9,-0.9375,194.25,0.0,0.0,0.0,6.4,-22,125
2026-03-12T19:43:43.437886,0,3,1,0,9,-1.0,194.25,0.0,0.0,0.0,6.6,-26,124
2026-03-12T19:43:43.569118,0,3,1,0,9,-1.0,194.0,0.0,0.0,0.0,6.6,-24,124
2026-03-12T19:43:43.696927,0,3,1,0,9,-1.0625,194.0,0.0,0.0,0.0,6.6,-22,124
2026-03-12T19:43:43.822198,0,3,1,0,9,-1.0,194.0,0.0,0.0,0.0,6.6,-22,125
2026-03-12T19:43:43.939030,0,3,1,0,9,-1.0625,194.0,0.0,0.0,0.0,6.4,-22,124
2026-03-12T19:43:44.070044,0,3,1,0,9,-1.0,193.75,0.0,0.0,0.0,6.4,-22,124
2026-03-12T19:43:44.198417,0,3,1,0,9,-1.0625,193.75,0.0,0.0,0.0,6.4,-22,124
2026-03-12T19:43:44.321388,0,3,1,0,9,-1.0,193.75,0.0,0.0,0.0,6.4,-22,125
2026-03-12T19:43:44.449559,0,3,1,0,9,-1.0,193.75,0.0,0.0,0.0,6.4,-22,125
2026-03-12T19:43:44.572843,0,3,1,0,9,-1.0625,193.75,0.0,0.0,0.0,6.4,-22,124
2026-03-12T19:43:44.700490,0,3,1,0,9,-1.0,194.0,0.0,0.0,0.0,6.4,-22,125
2026-03-12T19:43:44.823387,0,3,1,0,9,-0.9375,193.75,0.0,0.0,0.0,6.4,-22,125
2026-03-12T19:43:44.950832,0,3,1,0,9,-1.125,193.75,0.0,0.0,0.0,6.6,-22,125
2026-03-12T19:43:45.073586,0,3,1,0,9,-1.0,194.0,0.0,0.0,0.0,6.4,-22,124
2026-03-12T19:43:45.199367,0,3,1,0,9,-1.0,194.0,0.0,0.0,0.0,6.6,-22,125
2026-03-12T19:43:45.323614,0,3,1,0,9,-1.0,194.0,0.0,0.0,0.0,6.6,-22,125
2026-03-12T19:43:45.745466,0,3,1,0,9,-1.0625,193.75,0.0,0.0,0.0,6.4,-22,126
2026-03-12T19:43:45.769370,0,3,1,0,9,-1.0625,193.75,0.0,0.0,0.0,6.4,-23,125
2026-03-12T19:43:45.791103,0,3,1,0,9,-1.0,193.75,0.0,0.0,0.0,6.6,-23,125
2026-03-12T19:43:45.823664,0,3,1,0,9,-1.0,194.5,0.0,0.0,0.0,6.4,-22,125
2026-03-12T19:43:45.952524,0,3,1,0,9,-1.0,194.5,0.0,0.0,0.0,6.4,-22,126
2026-03-12T19:43:46.187621,0,3,1,0,9,-0.9375,194.0,189.25,51.3991508,8.4731903,6.4,-22,125
2026-03-12T19:43:46.315395,0,3,1,0,9,-0.9375,194.0,189.25,51.3991508,8.4731903,6.4,-22,125
2026-03-12T19:43:46.441375,0,3,1,0,9,-0.9375,194.0,189.25,51.3991508,8.4731903,6.4,-22,125
2026-03-12T19:43:46.563675,0,3,1,0,9,-1.0,194.0,189.25,51.3991508,8.4731903,6.6,-22,125
2026-03-12T19:43:46.682133,0,3,1,0,9,-1.0,194.0,0.0,0.0,0.0,6.6,-22,125
2026-03-12T19:43:46.807087,0,3,1,0,9,-1.0625,194.0,0.0,0.0,0.0,6.6,-22,125
2026-03-12T19:43:46.938172,0,3,1,0,9,-1.0,194.0,0.0,0.0,0.0,6.4,-22,125
2026-03-12T19:43:47.224113,0,3,1,0,9,-1.0,194.0,0.0,0.0,0.0,6.4,-22,125
2026-03-12T19:43:47.308923,0,3,1,0,9,-1.0,194.0,0.0,0.0,0.0,6.4,-22,126
2026-03-12T19:43:47.343452,0,3,1,0,9,-1.0625,193.75,0.0,0.0,0.0,6.4,-22,125
2026-03-12T19:43:47.433195,0,3,1,0,9,-1.0,193.75,0.0,0.0,0.0,6.6,-22,125
2026-03-12T19:43:47.559576,0,3,1,0,9,-1.0,194.0,0.0,0.0,0.0,6.6,-22,125
2026-03-12T19:43:47.699761,0,3,1,0,9,-0.9375,194.0,0.0,0.0,0.0,6.4,-22,125
2026-03-12T19:43:47.810023,0,3,1,0,9,-1.0,194.0,0.0,0.0,0.0,6.6,-32,126
2026-03-12T19:43:48.004148,0,3,1,0,9,-1.0625,194.25,0.0,0.0,0.0,6.4,-22,125
2026-03-12T19:43:48.059431,0,3,1,0,9,-1.0,194.25,0.0,0.0,0.0,6.4,-22,124
2026-03-12T19:43:48.203584,0,3,1,0,9,-0.9375,194.25,0.0,0.0,0.0,6.4,-23,124
2026-03-12T19:43:48.316200,0,3,1,0,9,-1.0,194.25,0.0,0.0,0.0,6.4,-22,126
2026-03-12T19:43:48.459882,0,3,1,0,9,-1.0,194.25,0.0,0.0,0.0,6.4,-22,125
2026-03-12T19:43:48.573721,0,3,1,0,9,-0.9375,194.25,0.0,0.0,0.0,6.4,-22,124
2026-03-12T19:43:48.685838,0,3,1,0,9,-0.9375,194.25,0.0,0.0,0.0,6.6,-22,124
2026-03-12T19:43:48.816417,0,3,1,0,9,-0.875,194.25,0.0,0.0,0.0,6.6,-22,125
2026-03-12T19:43:48.940867,0,3,1,0,9,-0.9375,194.5,0.0,0.0,0.0,6.6,-28,124
2026-03-12T19:43:49.078168,0,3,1,0,9,-0.9375,194.25,0.0,0.0,0.0,6.6,-22,124
2026-03-12T19:43:49.234298,0,3,1,0,9,-1.0,194.25,0.0,0.0,0.0,6.4,-22,124
2026-03-12T19:43:50.615046,0,3,1,0,9,-1.0,194.25,0.0,0.0,0.0,6.4,-22,125
2026-03-12T19:43:50.722315,0,3,1,0,9,-0.9375,194.0,0.0,0.0,0.0,6.4,-22,124
2026-03-12T19:43:50.747760,0,3,1,0,9,-1.0,194.25,0.0,0.0,0.0,6.4,-22,124
2026-03-12T19:43:50.878990,0,3,1,0,9,-0.9375,194.25,0.0,0.0,0.0,6.4,-22,124
2026-03-12T19:43:50.904256,0,3,1,0,9,-0.875,194.25,0.0,0.0,0.0,6.4,-22,124
2026-03-12T19:43:50.926634,0,3,1,0,9,-1.0625,194.25,0.0,0.0,0.0,6.4,-22,125
2026-03-12T19:43:50.949182,0,3,1,0,9,-0.9375,194.25,0.0,0.0,0.0,6.6,-22,124
2026-03-12T19:43:50.972197,0,3,1,0,9,-0.9375,194.25,0.0,0.0,0.0,6.4,-22,124
2026-03-12T19:43:50.994213,0,3,1,0,9,-0.9375,194.25,0.0,0.0,0.0,6.6,-22,124
2026-03-12T19:43:51.019292,0,3,1,0,9,-0.9375,194.5,0.0,0.0,0.0,6.4,-22,125
2026-03-12T19:43:51.041730,0,3,1,0,9,-0.9375,194.5,0.0,0.0,0.0,6.4,-22,124
2026-03-12T19:43:51.064401,0,3,1,0,9,-0.9375,194.0,0.0,0.0,0.0,6.4,-22,124
2026-03-12T19:43:51.086815,0,3,1,0,9,-0.9375,194.0,0.0,0.0,0.0,6.6,-22,124
2026-03-12T19:43:51.110785,0,3,1,0,9,-0.9375,194.25,0.0,0.0,0.0,6.4,-22,125
2026-03-12T19:43:51.134340,0,3,1,0,9,-0.9375,194.25,0.0,0.0,0.0,6.4,-22,124
2026-03-12T19:43:51.190308,0,3,1,0,9,-0.9375,194.25,0.0,0.0,0.0,6.4,-22,124
2026-03-12T19:43:51.316572,0,3,1,0,9,-0.9375,194.25,0.0,0.0,0.0,6.4,-22,124
2026-03-12T19:43:51.443431,0,3,1,0,9,-0.9375,194.5,0.0,0.0,0.0,6.4,-22,124
2026-03-12T19:43:51.570805,0,3,1,0,9,-1.0,194.25,0.0,0.0,0.0,6.4,-22,125
2026-03-12T19:43:51.695958,0,3,1,0,9,-1.0,194.25,0.0,0.0,0.0,6.4,-22,124
2026-03-12T19:43:51.822302,0,3,1,0,9,-1.0,194.25,0.0,0.0,0.0,6.4,-22,125
2026-03-12T19:43:51.941901,0,3,1,0,9,-1.0,194.5,0.0,0.0,0.0,6.4,-22,124
2026-03-12T19:43:52.068205,0,3,1,0,9,-1.0,194.25,0.0,0.0,0.0,6.6,-22,125
2026-03-12T19:43:52.195405,0,3,1,0,9,-0.9375,194.25,0.0,0.0,0.0,6.4,-22,125
2026-03-12T19:43:52.321808,0,3,1,0,9,-1.0,194.25,0.0,0.0,0.0,6.4,-22,125
2026-03-12T19:43:52.447706,0,3,1,0,9,-1.0,194.25,0.0,0.0,0.0,6.4,-22,125
2026-03-12T19:43:52.573843,0,3,1,0,9,-0.9375,194.25,0.0,0.0,0.0,6.4,-22,126
2026-03-12T19:43:52.693314,0,3,1,0,9,-1.0,194.25,0.0,0.0,0.0,6.4,-22,125
2026-03-12T19:43:52.820156,0,3,1,0,9,-1.0,194.5,0.0,0.0,0.0,6.4,-22,125
2026-03-12T19:43:52.946748,0,3,1,0,9,-1.0,194.25,0.0,0.0,0.0,6.4,-22,125
2026-03-12T19:43:53.073383,0,3,1,0,9,-1.0,194.5,0.0,0.0,0.0,6.6,-22,126
2026-03-12T19:43:53.198811,0,3,1,0,9,-0.9375,194.5,0.0,0.0,0.0,6.6,-22,126
2026-03-12T19:43:53.325923,0,3,1,0,9,-1.0,194.5,0.0,0.0,0.0,6.6,-22,125
2026-03-12T19:43:53.445093,0,3,1,0,9,-0.9375,194.5,0.0,0.0,0.0,6.6,-22,125
2026-03-12T19:43:53.574493,0,3,1,0,9,-0.9375,194.25,0.0,0.0,0.0,6.4,-22,125
2026-03-12T19:43:53.702324,0,3,1,0,9,-0.9375,194.25,0.0,0.0,0.0,6.4,-22,126
2026-03-12T19:43:53.821003,0,3,1,0,9,-1.0,194.25,0.0,0.0,0.0,6.4,-22,125
2026-03-12T19:43:53.948793,0,3,1,0,9,-0.9375,194.25,0.0,0.0,0.0,6.4,-22,125
2026-03-12T19:43:54.075051,0,3,1,0,9,-0.9375,194.25,0.0,0.0,0.0,6.6,-22,125
2026-03-12T19:43:54.200704,0,3,1,0,9,-1.0,194.25,0.0,0.0,0.0,6.4,-22,126
2026-03-12T19:43:54.792897,0,3,1,0,9,-0.9375,194.25,0.0,0.0,0.0,6.4,-22,125
2026-03-12T19:43:54.818341,0,3,1,0,9,-0.9375,194.25,0.0,0.0,0.0,6.6,-22,125
2026-03-12T19:43:54.841678,0,3,1,0,9,-0.9375,194.5,0.0,0.0,0.0,6.6,-22,125
2026-03-12T19:43:54.865647,0,3,1,0,9,-1.0,194.25,0.0,0.0,0.0,6.6,-22,126
2026-03-12T19:43:54.888768,0,3,1,0,9,-1.0,194.5,0.0,0.0,0.0,6.6,-22,125
2026-03-12T19:43:54.952020,0,3,1,0,9,-1.0,194.5,0.0,0.0,0.0,6.4,-22,125
2026-03-12T19:43:55.080037,0,3,1,0,9,-0.9375,194.5,0.0,0.0,0.0,6.4,-22,125
2026-03-12T19:43:55.200042,0,3,1,0,9,-0.9375,194.5,0.0,0.0,0.0,6.4,-22,126
2026-03-12T19:43:55.325619,0,3,1,0,9,-1.0,194.5,0.0,0.0,0.0,6.4,-22,126
2026-03-12T19:43:55.452371,0,3,1,0,9,-0.9375,194.5,0.0,0.0,0.0,6.6,-22,125
2026-03-12T19:43:55.579282,0,3,1,0,9,-0.9375,194.25,0.0,0.0,0.0,6.6,-22,125
2026-03-12T19:43:55.706039,0,3,1,0,9,-0.9375,194.0,0.0,0.0,0.0,6.6,-22,125
2026-03-12T19:43:55.826181,0,3,1,0,9,-0.9375,194.25,0.0,0.0,0.0,6.4,-22,126
2026-03-12T19:43:55.952726,0,3,1,0,9,-0.9375,194.25,0.0,0.0,0.0,6.4,-22,125
2026-03-12T19:43:56.078881,0,3,1,0,9,-0.9375,194.25,0.0,0.0,0.0,6.4,-22,125
2026-03-12T19:43:56.204748,0,3,1,0,9,-0.9375,194.75,0.0,0.0,0.0,6.4,-22,125
2026-03-12T19:43:56.332094,0,3,1,0,9,-0.9375,194.75,0.0,0.0,0.0,6.4,-22,126
2026-03-12T19:43:56.451845,0,3,1,0,9,-0.9375,194.75,0.0,0.0,0.0,6.4,-22,125
2026-03-12T19:43:56.579100,0,3,1,0,9,-1.0,194.25,0.0,0.0,0.0,6.4,-22,125
2026-03-12T19:43:56.704190,0,3,1,0,9,-1.0,194.25,0.0,0.0,0.0,6.4,-22,125
2026-03-12T19:43:56.832902,0,3,1,0,9,-1.0,194.5,0.0,0.0,0.0,6.6,-22,126
2026-03-12T19:43:56.952951,0,3,1,0,9,-0.9375,194.5,0.0,0.0,0.0,6.6,-22,125
2026-03-12T19:43:57.079417,0,3,1,0,9,-0.9375,194.5,0.0,0.0,0.0,6.6,-22,125
2026-03-12T19:43:57.205497,0,3,1,0,9,-1.0,194.5,0.0,0.0,0.0,6.6,-22,125
2026-03-12T19:43:57.330344,0,3,1,0,9,-0.9375,194.25,0.0,0.0,0.0,6.6,-22,125
2026-03-12T19:43:57.456094,0,3,1,0,9,-0.9375,194.0,0.0,0.0,0.0,6.4,-22,126
2026-03-12T19:43:57.581360,0,3,1,0,9,-1.0,194.25,0.0,0.0,0.0,6.6,-22,125
2026-03-12T19:43:57.703865,0,3,1,0,9,-0.875,194.25,0.0,0.0,0.0,6.4,-22,125
2026-03-12T19:43:57.831146,0,3,1,0,9,-0.8125,194.25,0.0,0.0,0.0,6.4,-22,125
2026-03-12T19:43:57.956765,0,3,1,0,9,-0.875,194.25,0.0,0.0,0.0,6.4,-22,126
2026-03-12T19:43:58.082521,0,3,1,0,9,-0.8125,194.25,0.0,0.0,0.0,6.4,-22,125
2026-03-12T19:43:58.211192,0,3,1,0,9,-0.8125,194.0,0.0,0.0,0.0,6.4,-22,125
2026-03-12T19:43:58.337374,0,3,1,0,9,-0.9375,194.25,0.0,0.0,0.0,6.4,-22,125
2026-03-12T19:43:58.455831,0,3,1,0,9,-1.0,194.25,0.0,0.0,0.0,6.4,-24,126
2026-03-12T19:43:58.581577,0,3,1,0,9,-0.875,194.0,0.0,0.0,0.0,6.4,-31,125
2026-03-12T19:43:58.708579,0,3,1,0,9,-0.9375,194.0,0.0,0.0,0.0,6.4,-26,125
2026-03-12T19:43:58.835061,0,3,1,0,9,-0.9375,194.0,0.0,0.0,0.0,6.6,-28,124
2026-03-12T19:43:58.962858,0,3,1,0,9,-0.9375,194.5,0.0,0.0,0.0,6.4,-23,126
2026-03-12T19:43:59.089457,0,3,1,0,9,-0.9375,194.5,0.0,0.0,0.0,6.4,-22,126
2026-03-12T19:43:59.207747,0,3,1,0,9,-0.9375,194.5,0.0,0.0,0.0,6.6,-22,125
2026-03-12T19:43:59.333565,0,3,1,0,9,-1.0,194.25,0.0,0.0,0.0,6.4,-22,124
2026-03-12T19:43:59.461668,0,3,1,0,9,-0.875,194.25,0.0,0.0,0.0,6.6,-24,124
2026-03-12T19:43:59.587619,0,3,1,0,9,-0.9375,194.25,0.0,0.0,0.0,6.4,-30,125
2026-03-12T19:43:59.713684,0,3,1,0,9,-1.0,194.5,0.0,0.0,0.0,6.4,-36,124
2026-03-12T19:43:59.833661,0,3,1,0,9,-0.9375,194.25,0.0,0.0,0.0,6.4,-26,124
2026-03-12T19:43:59.959923,0,3,1,0,9,-1.0,194.5,0.0,0.0,0.0,6.4,-24,124
2026-03-12T19:44:00.088708,0,3,1,0,9,-1.0,194.25,0.0,0.0,0.0,6.4,-27,125
2026-03-12T19:44:00.215642,0,3,1,0,9,-0.9375,194.75,0.0,0.0,0.0,6.4,-28,124
2026-03-12T19:44:00.341783,0,3,1,0,9,-0.9375,194.75,189.25,51.3991508,8.4731903,6.4,-24,125
2026-03-12T19:44:01.318159,0,3,1,0,9,-0.9375,194.75,189.25,51.3991508,8.4731903,6.4,-23,125
2026-03-12T19:44:01.339040,0,3,1,0,9,-0.9375,194.75,189.25,51.3991508,8.4731903,6.6,-22,125
2026-03-12T19:44:01.359592,0,3,1,0,9,-0.9375,194.25,189.25,51.3991508,8.4731903,6.4,-22,126
2026-03-12T19:44:01.381102,0,3,1,0,9,-0.9375,194.25,189.25,51.3991508,8.4731903,6.4,-22,125
2026-03-12T19:44:01.404152,0,3,1,0,9,-0.875,194.5,189.25,51.3991508,8.4731903,6.4,-22,125
2026-03-12T19:44:01.424290,0,3,1,0,9,-0.875,194.5,189.25,51.3991508,8.4731903,6.6,-22,125
2026-03-12T19:44:01.444868,0,3,1,0,9,-0.9375,194.5,189.25,51.3991508,8.4731903,6.4,-22,125
2026-03-12T19:44:01.464941,0,3,1,0,9,-0.875,194.25,189.25,51.3991508,8.4731903,6.4,-22,125
2026-03-12T19:44:01.486624,0,3,1,0,9,-0.8125,194.5,189.25,51.3991508,8.4731903,6.4,-22,124
2026-03-12T19:44:01.590070,0,3,1,0,9,-0.875,194.5,189.25,51.3991508,8.4731903,6.4,-22,124
2026-03-12T19:44:01.715299,0,3,1,0,9,-0.8125,194.5,189.25,51.3991508,8.4731903,6.4,-22,124
2026-03-12T19:44:01.839719,0,3,1,0,9,-0.8125,194.5,189.25,51.3991508,8.4731903,6.4,-22,124
2026-03-12T19:44:01.965503,0,3,1,0,9,-0.8125,194.75,189.25,51.3991508,8.4731903,6.4,-22,125
2026-03-12T19:44:02.092092,0,3,1,0,9,-0.8125,194.75,189.25,51.3991508,8.4731903,6.4,-22,124
2026-03-12T19:44:02.218646,0,3,1,0,9,-0.8125,194.25,0.0,0.0,0.0,6.4,-22,124
2026-03-12T19:44:03.368275,0,3,1,0,9,-0.8125,194.5,0.0,0.0,0.0,6.6,-22,124
2026-03-12T19:44:03.438651,0,3,1,0,9,-0.8125,194.5,0.0,0.0,0.0,6.6,-22,124
2026-03-12T19:44:03.464929,0,3,1,0,9,-0.8125,194.5,0.0,0.0,0.0,6.6,-22,125
2026-03-12T19:44:03.489408,0,3,1,0,9,-0.8125,194.25,0.0,0.0,0.0,6.4,-22,124
2026-03-12T19:44:03.514115,0,3,1,0,9,-0.8125,194.5,0.0,0.0,0.0,6.4,-22,124
2026-03-12T19:44:03.633180,0,3,1,0,9,-0.8125,194.25,0.0,0.0,0.0,6.4,-22,124
2026-03-12T19:44:03.660545,0,3,1,0,9,-0.8125,194.25,0.0,0.0,0.0,6.4,-22,125
2026-03-12T19:44:03.686061,0,3,1,0,9,-0.8125,194.25,0.0,0.0,0.0,6.4,-22,124
2026-03-12T19:44:03.710905,0,3,1,0,9,-0.8125,194.5,0.0,0.0,0.0,6.4,-22,124
2026-03-12T19:44:03.736565,0,3,1,0,9,-0.8125,194.5,0.0,0.0,0.0,6.4,-22,124
2026-03-12T19:44:03.762787,0,3,1,0,9,-0.8125,194.25,0.0,0.0,0.0,6.4,-22,125
2026-03-12T19:44:03.787047,0,3,1,0,9,-0.8125,194.5,0.0,0.0,0.0,6.4,-22,124
2026-03-12T19:44:03.842910,0,3,1,0,9,-0.8125,194.5,0.0,0.0,0.0,6.6,-22,124
2026-03-12T19:44:03.972288,0,3,1,0,9,-0.8125,194.5,0.0,0.0,0.0,6.6,-22,124
2026-03-12T19:44:04.098478,0,3,1,0,9,-0.8125,194.5,0.0,0.0,0.0,6.4,-22,124
2026-03-12T19:44:04.219082,0,3,1,0,9,-0.8125,194.5,0.0,0.0,0.0,6.6,-22,125
2026-03-12T19:44:04.342653,0,3,1,0,9,-0.8125,194.5,0.0,0.0,0.0,6.4,-22,125
2026-03-12T19:44:05.519094,0,3,1,0,9,-0.8125,194.5,0.0,0.0,0.0,6.4,-22,124
2026-03-12T19:44:05.547578,0,3,1,0,9,-0.8125,194.5,0.0,0.0,0.0,6.6,-22,124
2026-03-12T19:44:05.573425,0,3,1,0,9,-0.8125,194.5,0.0,0.0,0.0,6.4,-22,125
2026-03-12T19:44:05.598895,0,3,1,0,9,-0.8125,194.5,0.0,0.0,0.0,6.6,-22,124
2026-03-12T19:44:05.623560,0,3,1,0,9,-0.8125,194.75,0.0,0.0,0.0,6.6,-22,124
2026-03-12T19:44:05.649562,0,3,1,0,9,-0.8125,194.75,0.0,0.0,0.0,6.6,-22,124
2026-03-12T19:44:05.675618,0,3,1,0,9,-0.8125,194.25,0.0,0.0,0.0,6.6,-22,125
2026-03-12T19:44:05.699054,0,3,1,0,9,-0.8125,194.25,0.0,0.0,0.0,6.4,-22,125
2026-03-12T19:44:05.723564,0,3,1,0,9,-0.8125,194.5,0.0,0.0,0.0,6.4,-22,124
2026-03-12T19:44:05.748440,0,3,1,0,9,-0.8125,194.25,0.0,0.0,0.0,6.4,-22,124
2026-03-12T19:44:05.775259,0,3,1,0,9,-0.8125,194.25,0.0,0.0,0.0,6.4,-22,125
2026-03-12T19:44:05.845734,0,3,1,0,9,-0.8125,194.25,0.0,0.0,0.0,6.4,-22,126
2026-03-12T19:44:05.973792,0,3,1,0,9,-0.75,194.25,0.0,0.0,0.0,6.4,-22,124
2026-03-12T19:44:06.099713,0,3,1,0,9,-0.8125,194.5,0.0,0.0,0.0,6.4,-22,125
2026-03-12T19:44:06.227606,0,3,1,0,9,-0.8125,194.5,0.0,0.0,0.0,6.4,-22,125
2026-03-12T19:44:06.346702,0,3,1,0,9,-0.8125,194.75,0.0,0.0,0.0,6.6,-22,125
2026-03-12T19:44:06.475048,0,3,1,0,9,-0.8125,194.75,0.0,0.0,0.0,6.4,-22,125
2026-03-12T19:44:06.596398,0,3,1,0,9,-0.8125,194.5,0.0,0.0,0.0,6.6,-22,125
2026-03-12T19:44:06.725379,0,3,1,0,9,-0.8125,194.5,0.0,0.0,0.0,6.4,-22,125
2026-03-12T19:44:06.851850,0,3,1,0,9,-0.8125,194.25,0.0,0.0,0.0,6.4,-22,126
2026-03-12T19:44:06.977584,0,3,1,0,9,-0.8125,194.5,0.0,0.0,0.0,6.4,-22,125
2026-03-12T19:44:07.097962,0,3,1,0,9,-0.8125,194.5,0.0,0.0,0.0,6.4,-22,125
2026-03-12T19:44:07.225822,0,3,1,0,9,-0.75,194.5,0.0,0.0,0.0,6.4,-22,125
2026-03-12T19:44:07.352072,0,3,1,0,9,-0.8125,194.25,0.0,0.0,0.0,6.4,-22,126
2026-03-12T19:44:07.477757,0,3,1,0,9,-0.8125,194.25,0.0,0.0,0.0,6.4,-22,125
2026-03-12T19:44:07.604734,0,3,1,0,9,-0.75,194.25,0.0,0.0,0.0,6.4,-22,125
2026-03-12T19:44:07.723839,0,3,1,0,9,-0.8125,194.25,0.0,0.0,0.0,6.4,-22,125
2026-03-12T19:44:07.853208,0,3,1,0,9,-0.75,194.25,0.0,0.0,0.0,6.4,-22,125
2026-03-12T19:44:07.981146,0,3,1,0,9,-0.8125,194.5,0.0,0.0,0.0,6.4,-22,126
2026-03-12T19:44:08.099736,0,3,1,0,9,-0.8125,194.5,0.0,0.0,0.0,6.4,-22,125
2026-03-12T19:44:08.228355,0,3,1,0,9,-0.8125,194.5,0.0,0.0,0.0,6.4,-22,125
2026-03-12T19:44:08.354513,0,3,1,0,9,-0.75,194.5,0.0,0.0,0.0,6.4,-22,125
2026-03-12T19:44:08.482412,0,3,1,0,9,-0.75,194.25,0.0,0.0,0.0,6.4,-22,126
2026-03-12T19:44:08.601072,0,3,1,0,9,-0.75,194.5,0.0,0.0,0.0,6.4,-22,125
2026-03-12T19:44:08.728560,0,3,1,0,9,-0.75,194.5,0.0,0.0,0.0,6.4,-22,125
2026-03-12T19:44:08.855883,0,3,1,0,9,-0.8125,194.25,0.0,0.0,0.0,6.4,-22,125
2026-03-12T19:44:08.977044,0,3,1,0,9,-0.75,194.25,0.0,0.0,0.0,6.4,-22,126
2026-03-12T19:44:09.104133,0,3,1,0,9,-0.75,194.25,0.0,0.0,0.0,6.4,-22,125
2026-03-12T19:44:09.230387,0,3,1,0,9,-0.8125,194.25,0.0,0.0,0.0,6.6,-22,125
2026-03-12T19:44:09.355565,0,3,1,0,9,-0.75,194.25,0.0,0.0,0.0,6.6,-22,125
2026-03-12T19:44:09.481846,0,3,1,0,9,-0.75,194.75,0.0,0.0,0.0,6.6,-22,125
2026-03-12T19:44:09.602841,0,3,1,0,9,-0.75,194.25,0.0,0.0,0.0,6.6,-22,126
2026-03-12T19:44:09.730375,0,3,1,0,9,-0.75,194.5,0.0,0.0,0.0,6.4,-22,125
2026-03-12T19:44:09.856567,0,3,1,0,9,-0.75,194.5,0.0,0.0,0.0,6.4,-22,124
2026-03-12T19:44:09.986044,0,3,1,0,9,-0.75,194.25,0.0,0.0,0.0,6.4,-22,125
2026-03-12T19:44:10.691961,0,3,1,0,9,-0.75,194.25,0.0,0.0,0.0,6.4,-22,125
2026-03-12T19:44:10.716801,0,3,1,0,9,-0.75,194.25,0.0,0.0,0.0,6.4,-22,124
2026-03-12T19:44:10.741772,0,3,1,0,9,-0.75,194.75,0.0,0.0,0.0,6.4,-22,125
2026-03-12T19:44:10.766365,0,3,1,0,9,-0.75,194.25,0.0,0.0,0.0,6.4,-22,124
2026-03-12T19:44:10.790769,0,3,1,0,9,-0.75,194.25,0.0,0.0,0.0,6.4,-22,125
2026-03-12T19:44:10.816652,0,3,1,0,9,-0.75,194.5,0.0,0.0,0.0,6.4,-22,124
2026-03-12T19:44:10.855189,0,3,1,0,9,-0.75,194.5,0.0,0.0,0.0,6.6,-22,124
2026-03-12T19:44:10.983758,0,3,1,0,9,-0.75,194.25,0.0,0.0,0.0,6.4,-22,124
2026-03-12T19:44:11.113367,0,3,1,0,9,-0.75,194.25,0.0,0.0,0.0,6.6,-22,125
2026-03-12T19:44:11.232369,0,3,1,0,9,-0.75,194.5,0.0,0.0,0.0,6.4,-22,125
2026-03-12T19:44:11.360982,0,3,1,0,9,-0.75,194.5,0.0,0.0,0.0,6.4,-22,124
2026-03-12T19:44:11.482446,0,3,1,0,9,-0.75,194.5,0.0,0.0,0.0,6.6,-22,124
2026-03-12T19:44:11.610812,0,3,1,0,9,-0.6875,194.5,0.0,0.0,0.0,6.6,-22,124
2026-03-12T19:44:11.732862,0,3,1,0,9,-0.6875,194.25,0.0,0.0,0.0,6.4,-22,125
2026-03-12T19:44:11.859987,0,3,1,0,9,-0.75,194.25,0.0,0.0,0.0,6.6,-22,124
2026-03-12T19:44:11.988971,0,3,1,0,9,-0.75,194.75,0.0,0.0,0.0,6.4,-22,124
2026-03-12T19:44:12.109192,0,3,1,0,9,-0.75,194.5,0.0,0.0,0.0,6.4,-22,124
2026-03-12T19:44:12.236789,0,3,1,0,9,-0.75,194.25,0.0,0.0,0.0,6.4,-22,125
2026-03-12T19:44:12.359081,0,3,1,0,9,-0.75,194.25,0.0,0.0,0.0,6.4,-22,124
2026-03-12T19:44:12.485551,0,3,1,0,9,-0.6875,194.5,0.0,0.0,0.0,6.4,-22,124
2026-03-12T19:44:12.613233,0,3,1,0,9,-0.75,194.5,0.0,0.0,0.0,6.4,-22,124
2026-03-12T19:44:13.256950,0,3,1,0,9,-0.75,194.5,0.0,0.0,0.0,6.4,-22,125
2026-03-12T19:44:13.281614,0,3,1,0,9,-0.75,194.5,0.0,0.0,0.0,6.4,-22,124
2026-03-12T19:44:13.307691,0,3,1,0,9,-0.75,194.5,0.0,0.0,0.0,6.4,-22,124
2026-03-12T19:44:13.334313,0,3,1,0,9,-0.75,194.25,0.0,0.0,0.0,6.6,-22,124
2026-03-12T19:44:13.358033,0,3,1,0,9,-0.75,194.75,0.0,0.0,0.0,6.4,-22,125
2026-03-12T19:44:13.384257,0,3,1,0,9,-0.75,194.75,0.0,0.0,0.0,6.6,-22,125
2026-03-12T19:44:13.492524,0,3,1,0,9,-0.75,194.75,0.0,0.0,0.0,6.4,-22,124
2026-03-12T19:44:13.611889,0,3,1,0,9,-0.75,194.75,0.0,0.0,0.0,6.6,-22,124
2026-03-12T19:44:13.739439,0,3,1,0,9,-0.75,194.25,0.0,0.0,0.0,6.4,-22,124
2026-03-12T19:44:13.868662,0,3,1,0,9,-0.75,194.25,0.0,0.0,0.0,6.4,-22,125
2026-03-12T19:44:13.987687,0,3,1,0,9,-0.75,194.25,0.0,0.0,0.0,6.4,-22,124
2026-03-12T19:44:14.115064,0,3,1,0,9,-0.75,194.5,0.0,0.0,0.0,6.6,-22,125
2026-03-12T19:44:14.244144,0,3,1,0,9,-0.75,194.75,0.0,0.0,0.0,6.4,-22,125
2026-03-12T19:44:14.364011,0,3,1,0,9,-0.75,194.75,0.0,0.0,0.0,6.4,-22,126
2026-03-12T19:44:14.492427,0,3,1,0,9,-0.75,194.5,0.0,0.0,0.0,6.4,-22,125
2026-03-12T19:44:14.619860,0,3,1,0,9,-0.75,194.75,0.0,0.0,0.0,6.4,-22,125
2026-03-12T19:44:14.739924,0,3,1,0,9,-0.75,194.75,0.0,0.0,0.0,6.4,-22,125
2026-03-12T19:44:14.870483,0,3,1,0,9,-0.75,194.5,0.0,0.0,0.0,6.4,-22,126
2026-03-12T19:44:14.989939,0,3,1,0,9,-0.75,194.5,0.0,0.0,0.0,6.4,-22,125
2026-03-12T19:44:15.118623,0,3,1,0,9,-0.75,194.5,0.0,0.0,0.0,6.4,-22,125
2026-03-12T19:44:15.246180,0,3,1,0,9,-0.75,194.5,0.0,0.0,0.0,6.4,-22,125
2026-03-12T19:44:15.366054,0,3,1,0,9,-0.75,194.5,0.0,0.0,0.0,6.4,-22,125
2026-03-12T19:44:15.494926,0,3,1,0,9,-0.75,194.75,0.0,0.0,0.0,6.6,-22,126
2026-03-12T19:44:15.621988,0,3,1,0,9,-0.75,194.75,0.0,0.0,0.0,6.6,-22,125
2026-03-12T19:44:15.741053,0,3,1,0,9,-0.75,194.5,0.0,0.0,0.0,6.6,-22,125
2026-03-12T19:44:15.870414,0,3,1,0,9,-0.75,194.5,0.0,0.0,0.0,6.6,-22,125
2026-03-12T19:44:15.997718,0,3,1,0,9,-0.75,194.5,0.0,0.0,0.0,6.4,-22,126
2026-03-12T19:44:16.117189,0,3,1,0,9,-0.75,194.5,0.0,0.0,0.0,6.4,-22,125
2026-03-12T19:44:16.247379,0,3,1,0,9,-0.75,194.5,0.0,0.0,0.0,6.4,-22,125
2026-03-12T19:44:16.368305,0,3,1,0,9,-0.75,194.5,0.0,0.0,0.0,6.4,-22,125
2026-03-12T19:44:16.497875,0,3,1,0,9,-0.75,194.5,0.0,0.0,0.0,6.4,-22,126
2026-03-12T19:44:16.618137,0,3,1,0,9,-0.75,194.5,0.0,0.0,0.0,6.4,-22,125
2026-03-12T19:44:16.748020,0,3,1,0,9,-0.75,194.5,0.0,0.0,0.0,6.4,-22,125
2026-03-12T19:44:16.869093,0,3,1,0,9,-0.75,194.5,0.0,0.0,0.0,6.4,-22,125
2026-03-12T19:44:16.998528,0,3,1,0,9,-0.75,194.5,0.0,0.0,0.0,6.4,-22,126
2026-03-12T19:44:17.118709,0,3,1,0,9,-0.75,194.5,0.0,0.0,0.0,6.4,-22,125
2026-03-12T19:44:17.247280,0,3,1,0,9,-0.75,194.5,0.0,0.0,0.0,6.4,-22,125
2026-03-12T19:44:17.374349,0,3,1,0,9,-0.75,194.75,0.0,0.0,0.0,6.4,-22,125
2026-03-12T19:44:17.494872,0,3,1,0,9,-0.75,194.75,0.0,0.0,0.0,6.4,-22,125
2026-03-12T19:44:17.620147,0,3,1,0,9,-0.75,194.75,0.0,0.0,0.0,6.4,-22,126
2026-03-12T19:44:17.744772,0,3,1,0,9,-0.75,194.5,0.0,0.0,0.0,6.4,-22,125
2026-03-12T19:44:17.869907,0,3,1,0,9,-0.75,194.75,0.0,0.0,0.0,6.4,-22,125
2026-03-12T19:44:17.995992,0,3,1,0,9,-0.75,194.25,0.0,0.0,0.0,6.6,-22,125
2026-03-12T19:44:18.121025,0,3,1,0,9,-0.75,194.75,0.0,0.0,0.0,6.4,-22,126
2026-03-12T19:44:18.246282,0,3,1,0,9,-0.75,194.5,0.0,0.0,0.0,6.4,-22,125
2026-03-12T19:44:18.370880,0,3,1,0,9,-0.75,194.5,0.0,0.0,0.0,6.4,-22,125
2026-03-12T19:44:18.504124,0,3,1,0,9,-0.75,194.5,0.0,0.0,0.0,6.6,-22,125
2026-03-12T19:44:18.626436,0,3,1,0,9,-0.75,194.5,0.0,0.0,0.0,6.4,-22,126
2026-03-12T19:44:18.746977,0,3,1,0,9,-0.75,194.5,0.0,0.0,0.0,6.4,-22,125
2026-03-12T19:44:18.876128,0,3,1,0,9,-0.75,194.5,0.0,0.0,0.0,6.6,-22,125
2026-03-12T19:44:19.004455,0,3,1,0,9,-0.75,194.5,0.0,0.0,0.0,6.4,-22,125
2026-03-12T19:44:19.123323,0,3,1,0,9,-0.75,194.5,0.0,0.0,0.0,6.6,-22,126
2026-03-12T19:44:19.252360,0,3,1,0,9,-0.75,194.5,0.0,0.0,0.0,6.4,-22,124
2026-03-12T19:44:19.373090,0,3,1,0,9,-0.75,194.5,0.0,0.0,0.0,6.4,-22,124
2026-03-12T19:44:19.502318,0,3,1,0,9,-0.75,194.5,0.0,0.0,0.0,6.4,-22,124
2026-03-12T19:44:19.629671,0,3,1,0,9,-0.75,194.5,0.0,0.0,0.0,6.4,-22,124
2026-03-12T19:44:19.749146,0,3,1,0,9,-0.75,194.0,0.0,0.0,0.0,6.4,-22,125
2026-03-12T19:44:19.878628,0,3,1,0,9,-0.75,194.0,0.0,0.0,0.0,6.4,-22,124
2026-03-12T19:44:19.999196,0,3,1,0,9,-0.75,194.0,0.0,0.0,0.0,6.4,-22,124
2026-03-12T19:44:20.128168,0,3,1,0,9,-0.75,194.5,0.0,0.0,0.0,6.4,-22,124
2026-03-12T19:44:20.249990,0,3,1,0,9,-0.75,194.5,0.0,0.0,0.0,6.4,-22,125
2026-03-12T19:44:20.376232,0,3,1,0,9,-0.75,194.5,0.0,0.0,0.0,6.6,-22,124
2026-03-12T19:44:20.500417,0,3,1,0,9,-0.6875,194.5,0.0,0.0,0.0,6.4,-22,124
2026-03-12T19:44:20.626118,0,3,1,0,9,-0.75,194.25,0.0,0.0,0.0,6.6,-22,124
2026-03-12T19:44:20.755679,0,3,1,0,9,-0.75,194.25,0.0,0.0,0.0,6.4,-22,125
2026-03-12T19:44:20.876387,0,3,1,0,9,-0.75,194.5,0.0,0.0,0.0,6.4,-22,124
2026-03-12T19:44:21.005547,0,3,1,0,9,-0.75,194.5,0.0,0.0,0.0,6.6,-22,124
2026-03-12T19:44:21.510702,0,3,1,0,9,-0.75,194.5,0.0,0.0,0.0,6.4,-22,124
2026-03-12T19:44:21.534529,0,3,1,0,9,-0.75,194.5,0.0,0.0,0.0,6.4,-22,124
2026-03-12T19:44:21.561720,0,3,1,0,9,-0.75,194.5,0.0,0.0,0.0,6.4,-22,125
2026-03-12T19:44:21.587326,0,3,1,0,9,-0.75,194.25,0.0,0.0,0.0,6.4,-22,124
2026-03-12T19:44:21.626771,0,3,1,0,9,-0.75,194.75,0.0,0.0,0.0,6.4,-22,124
2026-03-12T19:44:21.757706,0,3,1,0,9,-0.75,194.25,0.0,0.0,0.0,6.4,-22,124
2026-03-12T19:44:21.878634,0,3,1,0,9,-0.75,194.25,0.0,0.0,0.0,6.4,-22,125
2026-03-12T19:44:22.006508,0,3,1,0,9,-0.75,194.25,0.0,0.0,0.0,6.4,-22,124
2026-03-12T19:44:22.128281,0,3,1,0,9,-0.75,194.25,0.0,0.0,0.0,6.4,-22,124
2026-03-12T19:44:22.257283,0,3,1,0,9,-0.75,194.75,0.0,0.0,0.0,6.4,-22,124
2026-03-12T19:44:22.379357,0,3,1,0,9,-0.75,194.75,0.0,0.0,0.0,6.4,-22,125
2026-03-12T19:44:22.507535,0,3,1,0,9,-0.75,194.75,0.0,0.0,0.0,6.4,-22,124
2026-03-12T19:44:22.636000,0,3,1,0,9,-0.75,194.5,0.0,0.0,0.0,6.4,-22,124
2026-03-12T19:44:22.756127,0,3,1,0,9,-0.75,194.25,0.0,0.0,0.0,6.4,-22,124
2026-03-12T19:44:22.884357,0,3,1,0,9,-0.75,194.5,0.0,0.0,0.0,6.6,-22,125
2026-03-12T19:44:23.011868,0,3,1,0,9,-0.75,194.75,0.0,0.0,0.0,6.4,-22,125
2026-03-12T19:44:23.131277,0,3,1,0,9,-0.75,194.5,0.0,0.0,0.0,6.6,-22,125
2026-03-12T19:44:23.259892,0,3,1,0,9,-0.75,194.5,0.0,0.0,0.0,6.4,-22,124
2026-03-12T19:44:23.382007,0,3,1,0,9,-0.75,194.5,0.0,0.0,0.0,6.4,-22,125
2026-03-12T19:44:23.509483,0,3,1,0,9,-0.75,194.5,0.0,0.0,0.0,6.4,-22,126
2026-03-12T19:44:23.632474,0,3,1,0,9,-0.75,194.5,0.0,0.0,0.0,6.4,-22,124
2026-03-12T19:44:23.762493,0,3,1,0,9,-0.75,194.5,0.0,0.0,0.0,6.4,-22,124
2026-03-12T19:44:23.882882,0,3,1,0,9,-0.75,194.75,0.0,0.0,0.0,6.4,-22,125
2026-03-12T19:44:24.009824,0,3,1,0,9,-0.75,194.25,0.0,0.0,0.0,6.4,-22,125
2026-03-12T19:44:24.138985,0,3,1,0,9,-0.75,194.25,0.0,0.0,0.0,6.4,-22,124
2026-03-12T19:44:24.258231,0,3,1,0,9,-0.75,194.75,0.0,0.0,0.0,6.4,-22,125
2026-03-12T19:44:24.388864,0,3,1,0,9,-0.75,194.5,0.0,0.0,0.0,6.6,-22,124
2026-03-12T19:44:24.508917,0,3,1,0,9,-0.75,194.5,0.0,0.0,0.0,6.4,-22,124
2026-03-12T19:44:24.637639,0,3,1,0,9,-0.75,194.5,0.0,0.0,0.0,6.4,-22,126
2026-03-12T19:44:24.758994,0,3,1,0,9,-0.75,194.5,0.0,0.0,0.0,6.4,-22,125
2026-03-12T19:44:24.886318,0,3,1,0,9,-0.75,194.5,0.0,0.0,0.0,6.4,-22,124
2026-03-12T19:44:25.015787,0,3,1,0,9,-0.75,194.5,0.0,0.0,0.0,6.4,-22,124
2026-03-12T19:44:25.139950,0,3,1,0,9,-0.6875,194.25,0.0,0.0,0.0,6.4,-22,125
2026-03-12T19:44:25.259811,0,3,1,0,9,-0.8125,194.75,0.0,0.0,0.0,6.6,-22,125
2026-03-12T19:44:25.388881,0,3,1,0,9,-0.75,194.5,0.0,0.0,0.0,6.4,-22,124
2026-03-12T19:44:25.510603,0,3,1,0,9,-0.75,194.5,0.0,0.0,0.0,6.4,-22,124
2026-03-12T19:44:25.639335,0,3,1,0,9,-0.8125,194.75,0.0,0.0,0.0,6.6,-22,125
2026-03-12T19:44:25.760704,0,3,1,0,9,-0.75,194.75,0.0,0.0,0.0,6.4,-22,125
2026-03-12T19:44:25.887479,0,3,1,0,9,-0.75,194.25,0.0,0.0,0.0,6.6,-22,125
2026-03-12T19:44:26.015409,0,3,1,0,9,-0.75,194.25,0.0,0.0,0.0,6.4,-22,125
2026-03-12T19:44:26.136598,0,3,1,0,9,-0.75,194.25,0.0,0.0,0.0,6.4,-22,126
2026-03-12T19:44:26.266132,0,3,1,0,9,-0.75,194.5,0.0,0.0,0.0,6.4,-22,124
2026-03-12T19:44:26.386577,0,3,1,0,9,-0.8125,194.5,0.0,0.0,0.0,6.4,-22,125
2026-03-12T19:44:26.515085,0,3,1,0,9,-0.75,194.75,0.0,0.0,0.0,6.4,-22,125
2026-03-12T19:44:26.637653,0,3,1,0,9,-0.8125,194.5,0.0,0.0,0.0,6.6,-22,125
2026-03-12T19:44:26.765142,0,3,1,0,9,-0.8125,194.25,0.0,0.0,0.0,6.4,-22,126
2026-03-12T19:44:26.894519,0,3,1,0,9,-0.8125,194.5,0.0,0.0,0.0,6.4,-22,125
2026-03-12T19:44:27.012549,0,3,1,0,9,-0.8125,194.5,0.0,0.0,0.0,6.4,-24,125
2026-03-12T19:44:27.141324,0,3,1,0,9,-0.8125,194.25,0.0,0.0,0.0,6.4,-24,125
2026-03-12T19:44:27.271517,0,3,1,0,9,-0.8125,194.25,0.0,0.0,0.0,6.4,-25,126
2026-03-12T19:44:27.392361,0,3,1,0,9,-0.8125,194.25,0.0,0.0,0.0,6.6,-26,125
2026-03-12T19:44:27.520501,0,3,1,0,9,-0.875,194.25,0.0,0.0,0.0,6.6,-22,125
2026-03-12T19:44:27.639813,0,3,1,0,9,-0.8125,194.25,0.0,0.0,0.0,6.4,-22,125
2026-03-12T19:44:27.767838,0,3,1,0,9,-0.875,194.5,0.0,0.0,0.0,6.4,-22,126
2026-03-12T19:44:27.889499,0,3,1,0,9,-0.9375,194.25,0.0,0.0,0.0,6.4,-22,125
2026-03-12T19:44:28.017447,0,3,1,0,9,-0.9375,194.25,0.0,0.0,0.0,6.4,-22,125
2026-03-12T19:44:28.139460,0,3,1,0,9,-1.0,194.25,0.0,0.0,0.0,6.4,-22,125
2026-03-12T19:44:28.269266,0,3,1,0,9,-1.0,194.25,0.0,0.0,0.0,6.4,-22,125
2026-03-12T19:44:28.390550,0,3,1,0,9,-1.0,194.25,0.0,0.0,0.0,6.4,-22,126
2026-03-12T19:44:28.520132,0,3,1,0,9,-1.0,194.25,0.0,0.0,0.0,6.4,-22,125
2026-03-12T19:44:28.640501,0,3,1,0,9,-1.0625,194.25,0.0,0.0,0.0,6.4,-22,125
2026-03-12T19:44:28.769473,0,3,1,0,9,-0.9375,194.25,0.0,0.0,0.0,6.4,-22,125
2026-03-12T19:44:28.891538,0,3,1,0,9,-0.875,194.25,0.0,0.0,0.0,6.4,-22,126
2026-03-12T19:44:29.019355,0,3,1,0,9,-0.9375,194.5,0.0,0.0,0.0,6.4,-22,125
2026-03-12T19:44:29.141584,0,3,1,0,9,-1.0,194.5,0.0,0.0,0.0,6.4,-22,125
2026-03-12T19:44:29.271273,0,3,1,0,9,-1.0,194.5,0.0,0.0,0.0,6.6,-22,125
2026-03-12T19:44:29.772690,0,3,1,0,9,-1.0,194.25,0.0,0.0,0.0,6.4,-22,126
2026-03-12T19:44:29.799215,0,3,1,0,9,-1.0,194.25,0.0,0.0,0.0,6.6,-22,125
2026-03-12T19:44:29.826616,0,3,1,0,9,-0.9375,194.5,0.0,0.0,0.0,6.4,-22,125
2026-03-12T19:44:29.852101,0,3,1,0,9,-0.9375,194.5,0.0,0.0,0.0,6.4,-22,124
2026-03-12T19:44:29.900371,0,3,1,0,9,-0.9375,194.5,0.0,0.0,0.0,6.4,-22,125
2026-03-12T19:44:30.020183,0,3,1,0,9,-1.0,194.5,0.0,0.0,0.0,6.6,-22,124
2026-03-12T19:44:30.144010,0,3,1,0,9,-0.9375,194.5,0.0,0.0,0.0,6.6,-22,125
2026-03-12T19:44:30.271807,0,3,1,0,9,-0.9375,194.25,0.0,0.0,0.0,6.4,-22,124
2026-03-12T19:44:30.401798,0,3,1,0,9,-1.0,194.5,0.0,0.0,0.0,6.4,-22,125
2026-03-12T19:44:30.521977,0,3,1,0,9,-1.0,194.5,0.0,0.0,0.0,6.4,-28,124
2026-03-12T19:44:30.644645,0,3,1,0,9,-1.0,194.5,0.0,0.0,0.0,6.4,-29,124
2026-03-12T19:44:30.776130,0,3,1,0,9,-1.0,194.5,0.0,0.0,0.0,6.4,-26,124
2026-03-12T19:44:30.895436,0,3,1,0,9,-1.0,194.5,0.0,0.0,0.0,6.4,-24,124
2026-03-12T19:44:31.025768,0,3,1,0,9,-0.9375,194.5,0.0,0.0,0.0,6.4,-22,125
2026-03-12T19:44:31.145559,0,3,1,0,9,-1.0,194.25,0.0,0.0,0.0,6.4,-22,124
2026-03-12T19:44:31.274605,0,3,1,0,9,-0.9375,194.5,0.0,0.0,0.0,6.4,-27,124
2026-03-12T19:44:31.396672,0,3,1,0,9,-1.0,194.25,0.0,0.0,0.0,6.4,-24,124
2026-03-12T19:44:31.527774,0,3,1,0,9,-1.0,194.5,0.0,0.0,0.0,6.6,-24,125
2026-03-12T19:44:31.646389,0,3,1,0,9,-1.0,194.25,0.0,0.0,0.0,6.6,-28,124
2026-03-12T19:44:31.774710,0,3,1,0,9,-1.0,194.5,0.0,0.0,0.0,6.4,-24,124
2026-03-12T19:44:31.897711,0,3,1,0,9,-1.0,194.5,0.0,0.0,0.0,6.6,-22,125
2026-03-12T19:44:32.026725,0,3,1,0,9,-0.9375,194.5,0.0,0.0,0.0,6.4,-22,126
2026-03-12T19:44:32.147811,0,3,1,0,9,-1.0,194.5,0.0,0.0,0.0,6.4,-22,124
2026-03-12T19:44:32.277904,0,3,1,0,9,-1.0,194.5,0.0,0.0,0.0,6.6,-22,125
2026-03-12T19:44:32.398430,0,3,1,0,9,-0.9375,194.25,0.0,0.0,0.0,6.4,-22,124
2026-03-12T19:44:32.528606,0,3,1,0,9,-1.0625,194.0,0.0,0.0,0.0,6.4,-22,126
2026-03-12T19:44:32.648347,0,3,1,0,9,-1.0625,194.25,0.0,0.0,0.0,6.4,-22,125
2026-03-12T19:44:32.778246,0,3,1,0,9,-0.9375,194.5,0.0,0.0,0.0,6.4,-22,125
2026-03-12T19:44:32.898817,0,3,1,0,9,-0.9375,194.25,0.0,0.0,0.0,6.4,-22,125
2026-03-12T19:44:33.029976,0,3,1,0,9,-0.9375,194.25,0.0,0.0,0.0,6.4,-22,125
2026-03-12T19:44:33.149300,0,3,1,0,9,-1.0625,194.25,0.0,0.0,0.0,6.4,-22,126
2026-03-12T19:44:33.279145,0,3,1,0,9,-1.0,194.5,0.0,0.0,0.0,6.4,-22,125
2026-03-12T19:44:33.399708,0,3,1,0,9,-1.0,194.5,0.0,0.0,0.0,6.4,-22,125
2026-03-12T19:44:33.529946,0,3,1,0,9,-1.0,194.5,0.0,0.0,0.0,6.4,-22,125
2026-03-12T19:44:33.650703,0,3,1,0,9,-0.9375,194.5,0.0,0.0,0.0,6.4,-22,126
2026-03-12T19:44:33.781589,0,3,1,0,9,-1.0,194.5,0.0,0.0,0.0,6.4,-30,125
2026-03-12T19:44:33.904022,0,3,1,0,9,-1.0625,194.25,0.0,0.0,0.0,6.4,-30,125
2026-03-12T19:44:34.032567,0,3,1,0,9,-1.0625,194.25,0.0,0.0,0.0,6.6,-23,125
2026-03-12T19:44:34.152446,0,3,1,0,9,-1.0625,194.5,0.0,0.0,0.0,6.4,-28,126
2026-03-12T19:44:34.282311,0,3,1,0,9,-0.9375,194.25,0.0,0.0,0.0,6.6,-25,125
2026-03-12T19:44:34.401628,0,3,1,0,9,-0.9375,194.25,0.0,0.0,0.0,6.4,-23,125
2026-03-12T19:44:34.531674,0,3,1,0,9,-1.125,194.25,0.0,0.0,0.0,6.6,-24,125
2026-03-12T19:44:34.652628,0,3,1,0,9,-1.0625,194.25,0.0,0.0,0.0,6.4,-23,126
2026-03-12T19:44:34.783898,0,3,1,0,9,-0.9375,194.25,0.0,0.0,0.0,6.4,-22,125
2026-03-12T19:44:34.902383,0,3,1,0,9,-0.875,194.25,0.0,0.0,0.0,6.6,-22,125
2026-03-12T19:44:35.033104,0,3,1,0,9,-1.0,194.5,0.0,0.0,0.0,6.6,-22,125
2026-03-12T19:44:35.157619,0,3,1,0,9,-1.125,194.5,0.0,0.0,0.0,6.4,-22,126
2026-03-12T19:44:35.281949,0,3,1,0,9,-1.25,194.25,0.0,0.0,0.0,6.4,-22,125
2026-03-12T19:44:35.403560,0,3,1,0,9,-1.0,194.0,0.0,0.0,0.0,6.6,-23,125
2026-03-12T19:44:35.533742,0,3,1,0,9,-0.875,194.25,0.0,0.0,0.0,6.4,-24,125
2026-03-12T19:44:35.654628,0,3,1,0,9,-0.9375,194.25,0.0,0.0,0.0,6.4,-25,125
2026-03-12T19:44:35.784845,0,3,1,0,9,-1.0,194.5,0.0,0.0,0.0,6.4,-28,126
2026-03-12T19:44:35.904411,0,3,1,0,9,-1.125,194.5,0.0,0.0,0.0,6.4,-25,125
2026-03-12T19:44:36.035173,0,3,1,0,9,-1.125,194.5,0.0,0.0,0.0,6.4,-30,125
2026-03-12T19:44:36.155558,0,3,1,0,9,-0.9375,194.5,0.0,0.0,0.0,6.4,-34,125
2026-03-12T19:44:36.285633,0,3,1,0,9,-0.875,194.25,0.0,0.0,0.0,6.4,-24,126
2026-03-12T19:44:36.405328,0,3,1,0,9,-0.9375,194.25,0.0,0.0,0.0,6.4,-22,125
2026-03-12T19:44:36.535821,0,3,1,0,9,-0.9375,194.5,0.0,0.0,0.0,6.6,-22,125
2026-03-12T19:44:36.656605,0,3,1,0,9,-1.0625,194.0,0.0,0.0,0.0,6.4,-22,124
2026-03-12T19:44:36.786957,0,3,1,0,9,-1.1875,194.25,0.0,0.0,0.0,6.6,-22,125
2026-03-12T19:44:36.907833,0,3,1,0,9,-1.125,194.25,0.0,0.0,0.0,6.4,-22,124
2026-03-12T19:44:37.037111,0,3,1,0,9,-0.9375,194.25,0.0,0.0,0.0,6.4,-22,124
2026-03-12T19:44:37.156386,0,3,1,0,9,-1.0,194.25,0.0,0.0,0.0,6.4,-22,124
2026-03-12T19:44:37.286409,0,3,1,0,9,-1.0625,194.25,0.0,0.0,0.0,6.4,-24,124
2026-03-12T19:44:37.413917,0,3,1,0,9,-1.0625,194.25,0.0,0.0,0.0,6.6,-27,125
2026-03-12T19:44:37.534501,0,3,1,0,9,-0.9375,194.5,0.0,0.0,0.0,6.4,-22,124
2026-03-12T19:44:37.662760,0,3,1,0,9,-0.875,194.5,0.0,0.0,0.0,6.4,-22,124
2026-03-12T19:44:38.165926,0,3,1,0,9,-0.875,194.5,0.0,0.0,0.0,6.4,-22,124
2026-03-12T19:44:38.190916,0,3,1,0,9,-1.0,194.5,0.0,0.0,0.0,6.4,-22,125
2026-03-12T19:44:38.218024,0,3,1,0,9,-1.1875,194.5,0.0,0.0,0.0,6.4,-22,124
2026-03-12T19:44:38.243567,0,3,1,0,9,-1.0,194.5,0.0,0.0,0.0,6.4,-22,124
2026-03-12T19:44:38.284680,0,3,1,0,9,-0.9375,194.0,0.0,0.0,0.0,6.4,-22,125
2026-03-12T19:44:38.415650,0,3,1,0,9,-0.9375,194.0,0.0,0.0,0.0,6.4,-22,125
2026-03-12T19:44:38.537368,0,3,1,0,9,-1.0,194.0,0.0,0.0,0.0,6.4,-22,124
2026-03-12T19:44:38.659190,0,3,1,0,9,-1.1875,194.25,0.0,0.0,0.0,6.4,-26,125
2026-03-12T19:44:38.789595,0,3,1,0,9,-0.9375,194.5,0.0,0.0,0.0,6.4,-22,125
2026-03-12T19:44:38.910784,0,3,1,0,9,-0.875,194.5,0.0,0.0,0.0,6.4,-26,126
2026-03-12T19:44:39.039840,0,3,1,0,9,-0.9375,194.5,189.25,51.3991508,8.4731903,6.4,-25,125
2026-03-12T19:44:40.126464,0,3,1,0,9,-1.0625,194.5,189.25,51.3991508,8.4731903,6.6,-22,125
2026-03-12T19:44:40.149294,0,3,1,0,9,-1.1875,194.5,189.25,51.3991508,8.4731903,6.4,-33,125
2026-03-12T19:44:40.170828,0,3,1,0,9,-0.875,194.5,189.25,51.3991508,8.4731903,6.6,-22,124
2026-03-12T19:44:40.192783,0,3,1,0,9,-0.875,193.75,189.25,51.3991508,8.4731903,6.4,-25,125
2026-03-12T19:44:40.214829,0,3,1,0,9,-1.0625,193.75,189.25,51.3991508,8.4731903,6.4,-24,124
2026-03-12T19:44:40.237739,0,3,1,0,9,-1.25,193.75,189.25,51.3991508,8.4731903,6.4,-30,124
2026-03-12T19:44:40.260846,0,3,1,0,9,-1.0,194.25,189.25,51.3991508,8.4731903,6.4,-26,125
2026-03-12T19:44:40.282668,0,3,1,0,9,-0.8125,194.25,189.25,51.3991508,8.4731903,6.4,-24,125
2026-03-12T19:44:40.304427,0,3,1,0,9,-0.8125,194.25,189.25,51.3991508,8.4731903,6.4,-22,125
2026-03-12T19:44:40.326644,0,3,1,0,9,-1.0625,194.25,189.25,51.3991508,8.4731903,6.4,-40,126
2026-03-12T19:44:40.413179,0,3,1,0,9,-1.3125,194.25,189.25,51.3991508,8.4731903,6.4,-32,125
2026-03-12T19:44:40.541442,0,3,1,0,9,-0.9375,194.25,189.25,51.3991508,8.4731903,6.4,-28,125
2026-03-12T19:44:40.667013,0,3,1,0,9,-0.8125,194.25,189.25,51.3991508,8.4731903,6.4,-35,125
2026-03-12T19:44:40.794356,0,3,1,0,9,-1.0,194.25,189.25,51.3991508,8.4731903,6.4,-28,125
2026-03-12T19:44:40.914623,0,3,1,0,9,-1.25,194.25,189.25,51.3991508,8.4731903,6.4,-40,126
2026-03-12T19:44:41.040924,0,3,1,0,9,-0.9375,194.25,189.25,51.3991508,8.4731903,6.4,-34,124
2026-03-12T19:44:41.166978,0,3,1,0,9,-0.8125,194.25,189.25,51.3991508,8.4731903,6.4,-29,125
2026-03-12T19:44:41.293378,0,3,1,0,9,-0.8125,194.0,0.0,0.0,0.0,6.4,-32,124
2026-03-12T19:44:42.515436,0,3,1,0,9,-1.25,194.25,0.0,0.0,0.0,6.4,-28,125
2026-03-12T19:44:42.542893,0,3,1,0,9,-1.125,194.25,0.0,0.0,0.0,6.4,-36,126
2026-03-12T19:44:42.567125,0,3,1,0,9,-0.9375,194.0,0.0,0.0,0.0,6.4,-48,125
2026-03-12T19:44:42.593642,0,3,1,0,9,-0.875,194.0,0.0,0.0,0.0,6.4,-36,125
2026-03-12T19:44:42.619297,0,3,1,0,9,-1.125,194.0,0.0,0.0,0.0,6.4,-33,124
2026-03-12T19:44:42.644313,0,3,1,0,9,-1.1875,194.0,0.0,0.0,0.0,6.4,-36,125
2026-03-12T19:44:42.670956,0,3,1,0,9,-0.9375,194.0,0.0,0.0,0.0,6.4,-42,124
2026-03-12T19:44:42.696802,0,3,1,0,9,-0.8125,194.25,0.0,0.0,0.0,6.4,-28,124
2026-03-12T19:44:42.721691,0,3,1,0,9,-1.0,194.0,0.0,0.0,0.0,6.4,-33,124
2026-03-12T19:44:42.748810,0,3,1,0,9,-1.1875,194.0,0.0,0.0,0.0,6.4,-34,125
2026-03-12T19:44:42.777379,0,3,1,0,9,-1.0,194.0,0.0,0.0,0.0,6.4,-34,124
2026-03-12T19:44:42.804987,0,3,1,0,9,-0.875,194.25,0.0,0.0,0.0,6.4,-38,124
2026-03-12T19:44:42.917593,0,3,1,0,9,-0.9375,194.0,0.0,0.0,0.0,6.4,-37,124
2026-03-12T19:44:43.046449,0,3,1,0,9,-1.125,194.0,0.0,0.0,0.0,6.4,-34,124
2026-03-12T19:44:43.174656,0,3,1,0,9,-1.0,194.25,0.0,0.0,0.0,6.4,-37,125
2026-03-12T19:44:43.295619,0,3,1,0,9,-0.8125,194.25,0.0,0.0,0.0,6.4,-45,124
2026-03-12T19:44:43.418265,0,3,1,0,9,-1.0,194.25,0.0,0.0,0.0,6.4,-34,124
2026-03-12T19:44:43.548133,0,3,1,0,9,-1.0,193.5,0.0,0.0,0.0,6.4,-34,124
2026-03-12T19:44:43.669370,0,3,1,0,9,-1.0625,194.25,0.0,0.0,0.0,6.6,-34,125
2026-03-12T19:44:43.798149,0,3,1,0,9,-1.0625,194.25,0.0,0.0,0.0,6.6,-32,125
2026-03-12T19:44:43.919690,0,3,1,0,9,-1.0625,194.25,0.0,0.0,0.0,6.6,-36,125
2026-03-12T19:44:44.049650,0,3,1,0,9,-0.875,194.5,0.0,0.0,0.0,6.6,-37,124
2026-03-12T19:44:44.170184,0,3,1,0,9,-0.8125,194.25,0.0,0.0,0.0,6.4,-44,125
2026-03-12T19:44:44.299903,0,3,1,0,9,-0.8125,193.75,0.0,0.0,0.0,6.4,-40,125
2026-03-12T19:44:44.420245,0,3,1,0,9,-0.9375,193.75,0.0,0.0,0.0,6.4,-42,125
2026-03-12T19:44:44.549165,0,3,1,0,9,-1.0625,193.75,0.0,0.0,0.0,6.4,-37,125
2026-03-12T19:44:44.671200,0,3,1,0,9,-0.9375,194.0,0.0,0.0,0.0,6.4,-39,126
2026-03-12T19:44:44.800797,0,3,1,0,9,-0.875,194.0,0.0,0.0,0.0,6.4,-48,125
2026-03-12T19:44:44.921184,0,3,1,0,9,-0.875,194.0,0.0,0.0,0.0,6.4,-37,125
2026-03-12T19:44:45.051597,0,3,1,0,9,-0.9375,194.0,0.0,0.0,0.0,6.4,-36,125
2026-03-12T19:44:45.172037,0,3,1,0,9,-1.0625,194.0,0.0,0.0,0.0,6.4,-37,126
2026-03-12T19:44:45.300945,0,3,1,0,9,-0.875,194.25,0.0,0.0,0.0,6.4,-40,125
2026-03-12T19:44:45.422753,0,3,1,0,9,-0.8125,194.25,0.0,0.0,0.0,6.4,-42,125
2026-03-12T19:44:45.547707,0,3,1,0,9,-0.8125,194.0,0.0,0.0,0.0,6.4,-42,125
2026-03-12T19:44:45.677037,0,3,1,0,9,-0.875,194.0,0.0,0.0,0.0,6.4,-43,125
2026-03-12T19:44:45.797967,0,3,1,0,9,-0.875,194.0,0.0,0.0,0.0,6.6,-40,126
2026-03-12T19:44:45.926055,0,3,1,0,9,-1.0625,194.0,0.0,0.0,0.0,6.4,-40,125
2026-03-12T19:44:46.048111,0,3,1,0,9,-1.0,193.75,0.0,0.0,0.0,6.4,-40,125
2026-03-12T19:44:46.177527,0,3,1,0,9,-0.75,193.75,0.0,0.0,0.0,6.6,-43,125
2026-03-12T19:44:46.299095,0,3,1,0,9,-0.8125,194.0,0.0,0.0,0.0,6.4,-44,126
2026-03-12T19:44:46.429654,0,3,1,0,9,-0.9375,194.0,0.0,0.0,0.0,6.4,-42,125
2026-03-12T19:44:46.550608,0,3,1,0,9,-0.9375,194.0,0.0,0.0,0.0,6.4,-49,125
2026-03-12T19:44:46.679153,0,3,1,0,9,-0.8125,194.0,0.0,0.0,0.0,6.4,-54,125
2026-03-12T19:44:46.800196,0,3,1,0,9,-0.6875,194.0,0.0,0.0,0.0,6.4,-50,125
2026-03-12T19:44:46.931058,0,3,1,0,9,-0.75,194.0,0.0,0.0,0.0,6.4,-47,124
2026-03-12T19:44:47.050076,0,3,1,0,9,-0.875,194.0,0.0,0.0,0.0,6.4,-45,125
2026-03-12T19:44:47.179351,0,3,1,0,9,-0.5625,194.0,0.0,0.0,0.0,6.4,-51,125
2026-03-12T19:44:47.301376,0,3,1,0,9,-0.625,194.0,0.0,0.0,0.0,6.4,-52,125
2026-03-12T19:44:47.428417,0,3,1,0,9,-0.625,193.5,0.0,0.0,0.0,6.4,-45,124
2026-03-12T19:44:48.037134,0,3,1,0,9,-0.5625,193.5,0.0,0.0,0.0,6.4,-51,124
2026-03-12T19:44:48.061906,0,3,1,0,9,-0.6875,194.0,0.0,0.0,0.0,6.4,-61,124
2026-03-12T19:44:48.089765,0,3,1,0,9,-0.6875,193.75,0.0,0.0,0.0,6.4,-46,124
2026-03-12T19:44:48.117573,0,3,1,0,9,-0.5,193.75,0.0,0.0,0.0,6.4,-44,125
2026-03-12T19:44:48.143307,0,3,1,0,9,-0.5,194.0,0.0,0.0,0.0,6.4,-46,124
2026-03-12T19:44:48.180170,0,3,1,0,9,-0.5625,194.0,0.0,0.0,0.0,6.4,-49,124
2026-03-12T19:44:48.303065,0,3,1,0,9,-0.5625,194.0,0.0,0.0,0.0,6.6,-46,124
2026-03-12T19:44:48.433948,0,3,1,0,9,-0.5625,194.0,0.0,0.0,0.0,6.4,-46,125
2026-03-12T19:44:48.553250,0,3,1,0,9,-0.4375,194.0,0.0,0.0,0.0,6.6,-48,124
2026-03-12T19:44:48.681538,0,3,1,0,9,-0.5,193.75,0.0,0.0,0.0,6.4,-50,125
2026-03-12T19:44:48.804548,0,3,1,0,9,-0.4375,193.75,0.0,0.0,0.0,6.4,-50,124
2026-03-12T19:44:48.929198,0,3,1,0,9,-0.5,193.75,0.0,0.0,0.0,6.4,-48,126
2026-03-12T19:44:49.058493,0,3,1,0,9,-0.4375,193.75,0.0,0.0,0.0,6.4,-48,125
2026-03-12T19:44:49.179292,0,3,1,0,9,-0.4375,193.5,0.0,0.0,0.0,6.4,-52,125
2026-03-12T19:44:49.307939,0,3,1,0,9,-0.4375,193.5,0.0,0.0,0.0,6.4,-71,125
2026-03-12T19:44:49.431192,0,3,1,0,9,-0.4375,193.5,0.0,0.0,0.0,6.4,-58,126
2026-03-12T19:44:49.562613,0,3,1,0,9,-0.4375,194.0,0.0,0.0,0.0,6.4,-51,126
2026-03-12T19:44:49.681952,0,3,1,0,9,-0.5,194.0,0.0,0.0,0.0,6.4,-48,125
2026-03-12T19:44:49.812424,0,3,1,0,9,-0.5,193.75,0.0,0.0,0.0,6.4,-48,125
2026-03-12T19:44:49.932228,0,3,1,0,9,-0.4375,194.0,0.0,0.0,0.0,6.4,-48,125
2026-03-12T19:44:50.062413,0,3,1,0,9,-0.4375,193.75,0.0,0.0,0.0,6.4,-48,126
2026-03-12T19:44:50.182372,0,3,1,0,9,-0.4375,193.75,0.0,0.0,0.0,6.4,-50,125
2026-03-12T19:44:50.307357,0,3,1,0,9,-0.375,193.75,0.0,0.0,0.0,6.4,-52,125
2026-03-12T19:44:50.433292,0,3,1,0,9,-0.375,193.75,0.0,0.0,0.0,6.4,-52,125
2026-03-12T19:44:50.558423,0,3,1,0,9,-0.375,193.75,0.0,0.0,0.0,6.4,-50,126
2026-03-12T19:44:50.683622,0,3,1,0,9,-0.375,193.75,0.0,0.0,0.0,6.6,-48,125
2026-03-12T19:44:50.809651,0,3,1,0,9,-0.375,193.75,0.0,0.0,0.0,6.6,-48,124
2026-03-12T19:44:50.940469,0,3,1,0,9,-0.375,193.5,0.0,0.0,0.0,6.4,-48,125
2026-03-12T19:44:51.060057,0,3,1,0,9,-0.3125,194.0,0.0,0.0,0.0,6.6,-48,126
2026-03-12T19:44:51.184223,0,3,1,0,9,-0.375,194.0,0.0,0.0,0.0,6.6,-47,125
2026-03-12T19:44:51.314497,0,3,1,0,9,-0.375,193.75,0.0,0.0,0.0,6.4,-46,124
2026-03-12T19:44:51.434305,0,3,1,0,9,-0.3125,193.75,0.0,0.0,0.0,6.4,-46,124
2026-03-12T19:44:51.565024,0,3,1,0,9,-0.375,193.75,0.0,0.0,0.0,6.4,-46,124
2026-03-12T19:44:51.686054,0,3,1,0,9,-0.375,194.0,0.0,0.0,0.0,6.4,-45,125
2026-03-12T19:44:51.814976,0,3,1,0,9,-0.375,194.0,0.0,0.0,0.0,6.4,-45,124
2026-03-12T19:44:51.935623,0,3,1,0,9,-0.375,194.0,0.0,0.0,0.0,6.4,-44,124
2026-03-12T19:44:52.065472,0,3,1,0,9,-0.375,194.0,0.0,0.0,0.0,6.4,-45,124
2026-03-12T19:44:52.193031,0,3,1,0,9,-0.375,193.75,0.0,0.0,0.0,6.4,-45,125
2026-03-12T19:44:52.315310,0,3,1,0,9,-0.375,194.0,0.0,0.0,0.0,6.6,-45,124
2026-03-12T19:44:52.436646,0,3,1,0,9,-0.375,194.0,0.0,0.0,0.0,6.4,-45,124
2026-03-12T19:44:52.567105,0,3,1,0,9,-0.375,194.0,0.0,0.0,0.0,6.4,-45,124
2026-03-12T19:44:52.687593,0,3,1,0,9,-0.375,194.0,0.0,0.0,0.0,6.4,-45,126
2026-03-12T19:44:52.817442,0,3,1,0,9,-0.3125,194.0,0.0,0.0,0.0,6.4,-45,124
2026-03-12T19:44:52.937178,0,3,1,0,9,-0.375,194.25,0.0,0.0,0.0,6.4,-45,124
2026-03-12T19:44:53.069438,0,3,1,0,9,-0.375,194.25,0.0,0.0,0.0,6.4,-44,124
2026-03-12T19:44:53.189255,0,3,1,0,9,-0.3125,194.25,0.0,0.0,0.0,6.6,-44,125
2026-03-12T19:44:53.313331,0,3,1,0,9,-0.3125,194.0,0.0,0.0,0.0,6.4,-44,125
2026-03-12T19:44:53.445301,0,3,1,0,9,-0.3125,193.75,0.0,0.0,0.0,6.4,-44,125
2026-03-12T19:44:53.565752,0,3,1,0,9,-0.3125,193.5,0.0,0.0,0.0,6.4,-44,125
2026-03-12T19:44:53.695640,0,3,1,0,9,-0.3125,194.0,0.0,0.0,0.0,6.4,-44,125
2026-03-12T19:44:53.817860,0,3,1,0,9,-0.3125,194.0,0.0,0.0,0.0,6.4,-44,126
2026-03-12T19:44:53.939789,0,3,1,0,9,-0.3125,194.0,0.0,0.0,0.0,6.4,-44,125
2026-03-12T19:44:54.069929,0,3,1,0,9,-0.3125,194.0,0.0,0.0,0.0,6.4,-44,125
2026-03-12T19:44:54.190292,0,3,1,0,9,-0.3125,194.0,0.0,0.0,0.0,6.4,-44,125
2026-03-12T19:44:54.319636,0,3,1,0,9,-0.3125,194.0,0.0,0.0,0.0,6.4,-45,126
2026-03-12T19:44:54.440243,0,3,1,0,9,-0.3125,193.5,0.0,0.0,0.0,6.4,-45,125
2026-03-12T19:44:54.565582,0,3,1,0,9,-0.3125,193.5,0.0,0.0,0.0,6.4,-45,125
2026-03-12T19:44:54.696520,0,3,1,0,9,-0.3125,194.0,0.0,0.0,0.0,6.4,-45,125
2026-03-12T19:44:54.817029,0,3,1,0,9,-0.3125,193.75,0.0,0.0,0.0,6.4,-45,126
2026-03-12T19:44:54.946354,0,3,1,0,9,-0.3125,193.75,0.0,0.0,0.0,6.4,-46,125
2026-03-12T19:44:55.066696,0,3,1,0,9,-0.3125,193.5,0.0,0.0,0.0,6.6,-46,125
2026-03-12T19:44:55.197084,0,3,1,0,9,-0.3125,193.75,0.0,0.0,0.0,6.4,-46,125
2026-03-12T19:44:55.318336,0,3,1,0,9,-0.3125,193.75,0.0,0.0,0.0,6.4,-46,126
2026-03-12T19:44:55.447526,0,3,1,0,9,-0.3125,193.5,0.0,0.0,0.0,6.4,-48,125
2026-03-12T19:44:55.568867,0,3,1,0,9,-0.25,193.5,0.0,0.0,0.0,6.4,-48,125
2026-03-12T19:44:55.698481,0,3,1,0,9,-0.3125,193.5,0.0,0.0,0.0,6.4,-47,125
2026-03-12T19:44:56.245480,0,3,1,0,9,-0.3125,193.75,0.0,0.0,0.0,6.4,-46,126
2026-03-12T19:44:56.273002,0,3,1,0,9,-0.25,193.75,0.0,0.0,0.0,6.4,-46,126
2026-03-12T19:44:56.298026,0,3,1,0,9,-0.25,193.5,0.0,0.0,0.0,6.4,-45,124
2026-03-12T19:44:56.325671,0,3,1,0,9,-0.25,193.5,0.0,0.0,0.0,6.4,-45,124
2026-03-12T19:44:56.351043,0,3,1,0,9,-0.25,193.75,0.0,0.0,0.0,6.4,-45,124
2026-03-12T19:44:56.452222,0,3,1,0,9,-0.25,193.75,0.0,0.0,0.0,6.4,-45,125
2026-03-12T19:44:56.572678,0,3,1,0,9,-0.1875,193.5,0.0,0.0,0.0,6.4,-44,124
2026-03-12T19:44:56.695660,0,3,1,0,9,-0.1875,193.5,0.0,0.0,0.0,6.4,-44,124
2026-03-12T19:44:56.826525,0,3,1,0,9,-0.25,193.5,0.0,0.0,0.0,6.4,-45,124
2026-03-12T19:44:56.946963,0,3,1,0,9,-0.1875,193.5,0.0,0.0,0.0,6.4,-45,125
2026-03-12T19:44:57.074544,0,3,1,0,9,-0.1875,193.5,0.0,0.0,0.0,6.4,-45,124
2026-03-12T19:44:57.196569,0,3,1,0,9,-0.125,193.75,0.0,0.0,0.0,6.4,-46,124
2026-03-12T19:44:57.326251,0,3,1,0,9,-0.125,194.0,0.0,0.0,0.0,6.4,-46,124
2026-03-12T19:44:57.448411,0,3,1,0,9,-0.1875,193.5,0.0,0.0,0.0,6.4,-46,125
2026-03-12T19:44:57.579036,0,3,1,0,9,-0.125,193.75,0.0,0.0,0.0,6.4,-46,124
2026-03-12T19:44:57.698378,0,3,1,0,9,-0.125,193.75,0.0,0.0,0.0,6.6,-46,124
2026-03-12T19:44:57.827410,0,3,1,0,9,-0.25,193.75,0.0,0.0,0.0,6.4,-48,124
2026-03-12T19:44:57.948461,0,3,1,0,9,-0.1875,193.75,0.0,0.0,0.0,6.4,-49,124
2026-03-12T19:44:58.077151,0,3,1,0,9,-0.1875,193.75,0.0,0.0,0.0,6.4,-51,125
2026-03-12T19:44:58.199085,0,3,1,0,9,-0.1875,193.75,0.0,0.0,0.0,6.6,-53,124
2026-03-12T19:44:58.327784,0,3,1,0,9,-0.25,193.5,0.0,0.0,0.0,6.6,-51,125
2026-03-12T19:44:58.449927,0,3,1,0,9,-0.3125,194.0,0.0,0.0,0.0,6.4,-52,125
2026-03-12T19:44:58.578585,0,3,1,0,9,-0.1875,193.75,0.0,0.0,0.0,6.4,-56,125
2026-03-12T19:44:58.699465,0,3,1,0,9,-0.125,193.75,0.0,0.0,0.0,6.4,-52,125
2026-03-12T19:44:58.828005,0,3,1,0,9,-0.1875,193.75,0.0,0.0,0.0,6.4,-54,125
2026-03-12T19:44:58.950627,0,3,1,0,9,-0.1875,193.5,0.0,0.0,0.0,6.4,-57,125
2026-03-12T19:44:59.079186,0,3,1,0,9,-0.1875,193.5,0.0,0.0,0.0,6.4,-54,126
2026-03-12T19:44:59.201778,0,3,1,0,9,-0.25,193.5,0.0,0.0,0.0,6.4,-51,125
2026-03-12T19:44:59.325557,0,3,1,0,9,-0.1875,194.0,0.0,0.0,0.0,6.4,-46,124
2026-03-12T19:44:59.455180,0,3,1,0,9,-0.125,193.75,0.0,0.0,0.0,6.4,-50,125
2026-03-12T19:44:59.576333,0,3,1,0,9,-0.0625,194.0,0.0,0.0,0.0,6.4,-48,126
2026-03-12T19:44:59.705751,0,3,1,0,9,-0.1875,193.5,0.0,0.0,0.0,6.4,-48,125
2026-03-12T19:44:59.826464,0,3,1,0,9,-0.1875,193.5,0.0,0.0,0.0,6.4,-47,125
2026-03-12T19:44:59.957070,0,3,1,0,9,-0.1875,193.5,0.0,0.0,0.0,6.4,-45,125
2026-03-12T19:45:00.077479,0,3,1,0,9,-0.125,193.75,0.0,0.0,0.0,6.4,-46,125
2026-03-12T19:45:00.208880,0,3,1,0,9,-0.125,193.5,0.0,0.0,0.0,6.4,-46,126
2026-03-12T19:45:00.328242,0,3,1,0,9,-0.125,193.5,0.0,0.0,0.0,6.4,-48,125
2026-03-12T19:45:00.457336,0,3,1,0,9,-0.125,193.75,0.0,0.0,0.0,6.4,-48,125
2026-03-12T19:45:00.578484,0,3,1,0,9,-0.25,193.75,0.0,0.0,0.0,6.4,-46,125
2026-03-12T19:45:00.708275,0,3,1,0,9,-0.1875,193.75,0.0,0.0,0.0,6.6,-49,126
2026-03-12T19:45:00.828442,0,3,1,0,9,-0.1875,193.75,0.0,0.0,0.0,6.4,-52,125
2026-03-12T19:45:00.957718,0,3,1,0,9,-0.25,193.75,0.0,0.0,0.0,6.6,-49,125
2026-03-12T19:45:01.079325,0,3,1,0,9,-0.1875,193.75,0.0,0.0,0.0,6.4,-48,125
2026-03-12T19:45:01.208127,0,3,1,0,9,-0.1875,193.5,0.0,0.0,0.0,6.4,-46,126
2026-03-12T19:45:01.329878,0,3,1,0,9,-0.1875,193.75,0.0,0.0,0.0,6.4,-46,125
2026-03-12T19:45:01.462998,0,3,1,0,9,-0.1875,193.75,0.0,0.0,0.0,6.4,-46,125
2026-03-12T19:45:01.586186,0,3,1,0,9,-0.0625,194.0,0.0,0.0,0.0,6.4,-45,125
2026-03-12T19:45:01.705455,0,3,1,0,9,-0.0625,194.0,0.0,0.0,0.0,6.4,-43,125
2026-03-12T19:45:01.837469,0,3,1,0,9,-0.3125,194.0,0.0,0.0,0.0,6.4,-43,126
2026-03-12T19:45:01.957869,0,3,1,0,9,-0.125,193.75,0.0,0.0,0.0,6.4,-45,125
2026-03-12T19:45:02.080548,0,3,1,0,9,-0.125,193.75,0.0,0.0,0.0,6.4,-48,125
2026-03-12T19:45:02.213382,0,3,1,0,9,-0.125,193.75,0.0,0.0,0.0,6.4,-50,125
2026-03-12T19:45:02.333672,0,3,1,0,9,-0.0625,193.75,0.0,0.0,0.0,6.4,-45,126
2026-03-12T19:45:02.456914,0,3,1,0,9,-0.125,194.0,0.0,0.0,0.0,6.6,-45,125
2026-03-12T19:45:02.588891,0,3,1,0,9,-0.125,194.0,0.0,0.0,0.0,6.4,-45,125
2026-03-12T19:45:02.708290,0,3,1,0,9,-0.0625,194.0,0.0,0.0,0.0,6.6,-45,125
2026-03-12T19:45:02.838779,0,3,1,0,9,-0.0625,194.0,0.0,0.0,0.0,6.4,-45,125
2026-03-12T19:45:02.957649,0,3,1,0,9,-0.0625,194.0,0.0,0.0,0.0,6.4,-44,125
2026-03-12T19:45:03.088608,0,3,1,0,9,0.0,194.0,0.0,0.0,0.0,6.4,-45,125
2026-03-12T19:45:03.208704,0,3,1,0,9,-0.0625,194.0,0.0,0.0,0.0,6.6,-47,125
2026-03-12T19:45:03.339144,0,3,1,0,9,-0.125,194.0,0.0,0.0,0.0,6.4,-50,125
2026-03-12T19:45:03.458475,0,3,1,0,9,-0.0625,194.0,0.0,0.0,0.0,6.4,-50,124
2026-03-12T19:45:03.589756,0,3,1,0,9,0.0,194.0,0.0,0.0,0.0,6.4,-50,125
2026-03-12T19:45:03.708517,0,3,1,0,9,0.0,194.25,0.0,0.0,0.0,6.4,-50,125
2026-03-12T19:45:03.837442,0,3,1,0,9,0.0,194.25,0.0,0.0,0.0,6.4,-53,125
2026-03-12T19:45:03.959858,0,3,1,0,9,-0.1875,194.0,0.0,0.0,0.0,6.4,-56,125
2026-03-12T19:45:04.090938,0,3,1,0,9,0.0625,194.0,0.0,0.0,0.0,6.4,-52,124
2026-03-12T19:45:04.639859,0,3,1,0,9,0.0625,194.0,0.0,0.0,0.0,6.4,-53,124
2026-03-12T19:45:04.667875,0,3,1,0,9,-0.1875,194.25,0.0,0.0,0.0,6.4,-55,125
2026-03-12T19:45:04.695649,0,3,1,0,9,0.0625,194.25,0.0,0.0,0.0,6.4,-57,125
2026-03-12T19:45:04.721380,0,3,1,0,9,-0.0625,194.0,0.0,0.0,0.0,6.4,-64,124
2026-03-12T19:45:04.748698,0,3,1,0,9,-0.0625,194.0,0.0,0.0,0.0,6.6,-58,124
2026-03-12T19:45:04.838045,0,3,1,0,9,-0.0625,194.25,0.0,0.0,0.0,6.6,-57,124
2026-03-12T19:45:04.961963,0,3,1,0,9,-0.0625,193.75,0.0,0.0,0.0,6.4,-57,125
2026-03-12T19:45:05.086863,0,3,1,0,9,-0.0625,194.0,0.0,0.0,0.0,6.4,-56,124
2026-03-12T19:45:05.211767,0,3,1,0,9,-0.0625,194.0,0.0,0.0,0.0,6.4,-58,124
2026-03-12T19:45:05.337860,0,3,1,0,9,-0.0625,194.0,0.0,0.0,0.0,6.4,-57,124
2026-03-12T19:45:05.462579,0,3,1,0,9,-0.0625,194.0,0.0,0.0,0.0,6.4,-54,125
2026-03-12T19:45:05.587818,0,3,1,0,9,-0.0625,194.0,0.0,0.0,0.0,6.6,-53,124
2026-03-12T19:45:05.718328,0,3,1,0,9,-0.0625,194.0,0.0,0.0,0.0,6.4,-52,124
2026-03-12T19:45:05.839279,0,3,1,0,9,0.0,194.0,0.0,0.0,0.0,6.4,-48,124
2026-03-12T19:45:05.969752,0,3,1,0,9,0.0,194.0,0.0,0.0,0.0,6.4,-48,125
2026-03-12T19:45:06.090088,0,3,1,0,9,-0.0625,194.0,0.0,0.0,0.0,6.4,-51,125
2026-03-12T19:45:06.213465,0,3,1,0,9,-0.0625,194.25,0.0,0.0,0.0,6.4,-49,125
2026-03-12T19:45:06.344147,0,3,1,0,9,-0.0625,194.25,0.0,0.0,0.0,6.4,-49,125
2026-03-12T19:45:06.464856,0,3,1,0,9,-0.0625,194.0,0.0,0.0,0.0,6.4,-49,125
2026-03-12T19:45:06.594832,0,3,1,0,9,-0.0625,194.0,0.0,0.0,0.0,6.4,-50,126
2026-03-12T19:45:06.716444,0,3,1,0,9,-0.0625,194.0,0.0,0.0,0.0,6.4,-50,125
2026-03-12T19:45:06.839746,0,3,1,0,9,-0.0625,194.25,0.0,0.0,0.0,6.4,-50,125
2026-03-12T19:45:06.965914,0,3,1,0,9,-0.0625,194.25,0.0,0.0,0.0,6.4,-49,125
2026-03-12T19:45:07.090583,0,3,1,0,9,-0.0625,194.0,0.0,0.0,0.0,6.4,-49,126
2026-03-12T19:45:07.221101,0,3,1,0,9,-0.0625,194.5,0.0,0.0,0.0,6.4,-48,125
2026-03-12T19:45:07.341634,0,3,1,0,9,-0.0625,194.25,0.0,0.0,0.0,6.6,-48,125
2026-03-12T19:45:07.471719,0,3,1,0,9,-0.0625,194.25,0.0,0.0,0.0,6.4,-49,125
2026-03-12T19:45:07.591470,0,3,1,0,9,-0.0625,194.25,0.0,0.0,0.0,6.6,-48,126
2026-03-12T19:45:07.721812,0,3,1,0,9,0.0,194.25,0.0,0.0,0.0,6.4,-49,125
2026-03-12T19:45:07.841828,0,3,1,0,9,-0.0625,194.25,0.0,0.0,0.0,6.4,-49,125
2026-03-12T19:45:07.972321,0,3,1,0,9,-0.0625,194.25,0.0,0.0,0.0,6.6,-49,125
2026-03-12T19:45:08.093464,0,3,1,0,9,-0.0625,194.5,0.0,0.0,0.0,6.4,-49,126
2026-03-12T19:45:08.217978,0,3,1,0,9,-0.0625,194.0,0.0,0.0,0.0,6.4,-49,125
2026-03-12T19:45:08.349014,0,3,1,0,9,-0.0625,194.25,0.0,0.0,0.0,6.4,-51,125
2026-03-12T19:45:08.470696,0,3,1,0,9,-0.0625,194.25,0.0,0.0,0.0,6.4,-52,125
2026-03-12T19:45:08.599645,0,3,1,0,9,-0.0625,194.25,0.0,0.0,0.0,6.4,-54,125
2026-03-12T19:45:08.721555,0,3,1,0,9,-0.0625,194.25,0.0,0.0,0.0,6.4,-56,126
2026-03-12T19:45:08.844175,0,3,1,0,9,-0.0625,194.25,0.0,0.0,0.0,6.4,-57,125
2026-03-12T19:45:08.968902,0,3,1,0,9,-0.0625,194.25,0.0,0.0,0.0,6.4,-56,125
2026-03-12T19:45:09.099777,0,3,1,0,9,-0.0625,194.25,0.0,0.0,0.0,6.4,-54,125
2026-03-12T19:45:09.220173,0,3,1,0,9,-0.0625,194.0,0.0,0.0,0.0,6.6,-54,126
2026-03-12T19:45:09.345133,0,3,1,0,9,-0.0625,194.0,0.0,0.0,0.0,6.4,-53,125
2026-03-12T19:45:09.474729,0,3,1,0,9,-0.0625,194.25,0.0,0.0,0.0,6.4,-52,125
2026-03-12T19:45:09.595911,0,3,1,0,9,-0.0625,194.25,0.0,0.0,0.0,6.4,-51,125
2026-03-12T19:45:09.726979,0,3,1,0,9,-0.0625,194.25,0.0,0.0,0.0,6.6,-49,126
2026-03-12T19:45:09.846319,0,3,1,0,9,-0.0625,194.25,189.25,51.3991508,8.4731903,6.4,-48,125
2026-03-12T19:45:10.973705,0,3,1,0,9,-0.0625,194.25,189.25,51.3991508,8.4731903,6.4,-46,124
2026-03-12T19:45:10.995825,0,3,1,0,9,0.0,194.25,189.25,51.3991508,8.4731903,6.6,-46,124
2026-03-12T19:45:11.017440,0,3,1,0,9,-0.0625,194.25,189.25,51.3991508,8.4731903,6.4,-47,125
2026-03-12T19:45:11.041187,0,3,1,0,9,-0.0625,194.25,189.25,51.3991508,8.4731903,6.4,-46,126
2026-03-12T19:45:11.065554,0,3,1,0,9,-0.0625,194.25,189.25,51.3991508,8.4731903,6.4,-46,125
2026-03-12T19:45:11.088808,0,3,1,0,9,0.0,193.75,189.25,51.3991508,8.4731903,6.6,-46,125
2026-03-12T19:45:11.113134,0,3,1,0,9,0.0,194.0,189.25,51.3991508,8.4731903,6.6,-46,125
2026-03-12T19:45:11.135764,0,3,1,0,9,-0.0625,193.75,189.25,51.3991508,8.4731903,6.4,-46,125
2026-03-12T19:45:11.158527,0,3,1,0,9,-0.0625,194.0,0.0,0.0,0.0,6.4,-46,126
2026-03-12T19:45:12.474286,0,3,1,0,9,-0.0625,194.0,0.0,0.0,0.0,6.4,-48,125
2026-03-12T19:45:12.502119,0,3,1,0,9,-0.0625,194.0,0.0,0.0,0.0,6.4,-50,125
2026-03-12T19:45:12.530701,0,3,1,0,9,-0.0625,194.0,0.0,0.0,0.0,6.4,-49,125
2026-03-12T19:45:12.559118,0,3,1,0,9,0.0,194.0,0.0,0.0,0.0,6.4,-48,125
2026-03-12T19:45:12.586786,0,3,1,0,9,0.0,194.0,0.0,0.0,0.0,6.4,-48,126
2026-03-12T19:45:12.623827,0,3,1,0,9,0.0,194.0,0.0,0.0,0.0,6.4,-49,125
2026-03-12T19:45:12.649822,0,3,1,0,9,0.0,194.0,0.0,0.0,0.0,6.4,-51,125
2026-03-12T19:45:12.675979,0,3,1,0,9,0.0,194.0,0.0,0.0,0.0,6.6,-52,125
2026-03-12T19:45:12.703914,0,3,1,0,9,-0.0625,194.0,0.0,0.0,0.0,6.4,-51,126
2026-03-12T19:45:12.738646,0,3,1,0,9,0.0,194.25,0.0,0.0,0.0,6.6,-51,125
2026-03-12T19:45:12.766451,0,3,1,0,9,0.0,194.0,0.0,0.0,0.0,6.4,-50,125
2026-03-12T19:45:13.479893,0,3,1,0,9,0.0,194.0,0.0,0.0,0.0,6.6,-50,125
2026-03-12T19:45:13.509417,0,3,1,0,9,0.0,193.75,0.0,0.0,0.0,6.4,-51,126
2026-03-12T19:45:13.540062,0,3,1,0,9,0.0,193.75,0.0,0.0,0.0,6.4,-51,125
2026-03-12T19:45:13.569287,0,3,1,0,9,0.0,193.75,0.0,0.0,0.0,6.4,-51,125
2026-03-12T19:45:13.598942,0,3,1,0,9,0.0,193.75,0.0,0.0,0.0,6.6,-50,125
2026-03-12T19:45:13.625977,0,3,1,0,9,0.0,193.5,0.0,0.0,0.0,6.4,-50,126
2026-03-12T19:45:13.653149,0,3,1,0,9,0.0,193.75,0.0,0.0,0.0,6.4,-50,125
2026-03-12T19:45:13.679109,0,3,1,0,9,0.0,194.0,0.0,0.0,0.0,6.4,-51,124
2026-03-12T19:45:13.708111,0,3,1,0,9,0.0,194.0,0.0,0.0,0.0,6.4,-51,124
2026-03-12T19:45:13.735910,0,3,1,0,9,0.0,194.0,0.0,0.0,0.0,6.4,-51,124
2026-03-12T19:45:13.762966,0,3,1,0,9,0.0,194.0,0.0,0.0,0.0,6.4,-51,125
2026-03-12T19:45:13.853739,0,3,1,0,9,0.0,194.0,0.0,0.0,0.0,6.4,-52,124
2026-03-12T19:45:13.983867,0,3,1,0,9,-0.0625,194.0,0.0,0.0,0.0,6.4,-54,124
2026-03-12T19:45:14.105611,0,3,1,0,9,0.0,194.0,0.0,0.0,0.0,6.4,-55,124
2026-03-12T19:45:14.235080,0,3,1,0,9,0.0,194.0,0.0,0.0,0.0,6.4,-57,125
2026-03-12T19:45:14.354845,0,3,1,0,9,-0.0625,193.5,0.0,0.0,0.0,6.6,-55,124
2026-03-12T19:45:14.484620,0,3,1,0,9,-0.0625,193.75,189.25,51.3991508,8.4731903,6.4,-53,125
2026-03-12T19:45:15.689978,0,3,1,0,9,0.0,194.0,189.25,51.3991508,8.4731903,6.6,-53,125
2026-03-12T19:45:15.717042,0,3,1,0,9,0.0,194.0,189.25,51.3991508,8.4731903,6.6,-55,125
2026-03-12T19:45:15.743899,0,3,1,0,9,-0.0625,193.75,189.25,51.3991508,8.4731903,6.4,-56,126
2026-03-12T19:45:15.767651,0,3,1,0,9,0.0,193.75,189.25,51.3991508,8.4731903,6.4,-57,125
2026-03-12T19:45:15.795690,0,3,1,0,9,0.0,193.75,189.25,51.3991508,8.4731903,6.4,-56,125
2026-03-12T19:45:15.825260,0,3,1,0,9,0.0,193.75,189.25,51.3991508,8.4731903,6.4,-54,125
2026-03-12T19:45:15.855483,0,3,1,0,9,0.0,193.75,0.0,0.0,0.0,6.4,-52,125
2026-03-12T19:45:17.244369,0,3,1,0,9,0.0,194.0,0.0,0.0,0.0,6.4,-52,126
2026-03-12T19:45:17.272074,0,3,1,0,9,-0.0625,193.75,0.0,0.0,0.0,6.6,-52,125
2026-03-12T19:45:17.299632,0,3,1,0,9,0.0,193.5,0.0,0.0,0.0,6.4,-52,125
2026-03-12T19:45:17.326448,0,3,1,0,9,0.0,193.5,0.0,0.0,0.0,6.4,-53,125
2026-03-12T19:45:17.361656,0,3,1,0,9,0.0,193.5,0.0,0.0,0.0,6.4,-54,126
2026-03-12T19:45:17.388433,0,3,1,0,9,-0.0625,193.5,0.0,0.0,0.0,6.4,-52,125
2026-03-12T19:45:17.415673,0,3,1,0,9,-0.0625,193.5,0.0,0.0,0.0,6.4,-52,125
2026-03-12T19:45:17.442107,0,3,1,0,9,-0.0625,193.5,0.0,0.0,0.0,6.4,-52,124
2026-03-12T19:45:17.471071,0,3,1,0,9,-0.0625,193.5,0.0,0.0,0.0,6.4,-53,124
2026-03-12T19:45:17.497722,0,3,1,0,9,-0.0625,193.75,0.0,0.0,0.0,6.4,-53,125
2026-03-12T19:45:17.526186,0,3,1,0,9,-0.0625,193.75,0.0,0.0,0.0,6.4,-53,124
2026-03-12T19:45:17.556461,0,3,1,0,9,-0.0625,194.0,0.0,0.0,0.0,6.4,-53,124
2026-03-12T19:45:17.585954,0,3,1,0,9,-0.0625,194.25,0.0,0.0,0.0,6.4,-54,124
2026-03-12T19:45:17.613795,0,3,1,0,9,-0.0625,193.75,0.0,0.0,0.0,6.4,-54,125
2026-03-12T19:45:17.641492,0,3,1,0,9,-0.0625,194.25,0.0,0.0,0.0,6.4,-53,124
2026-03-12T19:45:17.670047,0,3,1,0,9,-0.0625,194.25,0.0,0.0,0.0,6.4,-52,124
2026-03-12T19:45:17.697687,0,3,1,0,9,-0.0625,194.25,0.0,0.0,0.0,6.4,-51,124
2026-03-12T19:45:17.725751,0,3,1,0,9,-0.0625,194.25,0.0,0.0,0.0,6.4,-50,125
2026-03-12T19:45:17.753121,0,3,1,0,9,-0.0625,194.25,0.0,0.0,0.0,6.4,-49,125
2026-03-12T19:45:17.863663,0,3,1,0,9,-0.0625,194.0,0.0,0.0,0.0,6.4,-50,124
2026-03-12T19:45:17.987078,0,3,1,0,9,0.0,194.25,0.0,0.0,0.0,6.4,-49,124
2026-03-12T19:45:18.118866,0,3,1,0,9,0.0,194.25,0.0,0.0,0.0,6.4,-49,125
2026-03-12T19:45:18.237617,0,3,1,0,9,0.0,194.25,0.0,0.0,0.0,6.4,-49,125
2026-03-12T19:45:18.369305,0,3,1,0,9,0.0,194.25,0.0,0.0,0.0,6.4,-48,124
2026-03-12T19:45:18.492982,0,3,1,0,9,0.0,194.25,0.0,0.0,0.0,6.4,-48,125
2026-03-12T19:45:18.613660,0,3,1,0,9,0.0,194.25,0.0,0.0,0.0,6.4,-46,125
2026-03-12T19:45:18.744945,0,3,1,0,9,0.0625,194.25,0.0,0.0,0.0,6.4,-46,126
2026-03-12T19:45:18.864049,0,3,1,0,9,0.0625,194.25,0.0,0.0,0.0,6.4,-46,125
2026-03-12T19:45:18.994803,0,3,1,0,9,0.0625,194.0,0.0,0.0,0.0,6.4,-46,125
2026-03-12T19:45:19.115070,0,3,1,0,9,0.0625,194.0,0.0,0.0,0.0,6.4,-48,125
2026-03-12T19:45:19.245085,0,3,1,0,9,0.0,194.0,0.0,0.0,0.0,6.4,-49,126
2026-03-12T19:45:19.364895,0,3,1,0,9,0.0,193.75,0.0,0.0,0.0,6.4,-51,125
2026-03-12T19:45:19.490058,0,3,1,0,9,0.0,194.0,0.0,0.0,0.0,6.4,-52,125
2026-03-12T19:45:19.616315,0,3,1,0,9,-0.0625,193.75,0.0,0.0,0.0,6.4,-56,125
2026-03-12T19:45:19.747564,0,3,1,0,9,0.0,194.0,0.0,0.0,0.0,6.4,-60,126
2026-03-12T19:45:19.872000,0,3,1,0,9,-0.0625,194.0,0.0,0.0,0.0,6.4,-63,125
2026-03-12T19:45:19.995069,0,3,1,0,9,-0.0625,194.0,0.0,0.0,0.0,6.4,-61,125
2026-03-12T19:45:20.115873,0,3,1,0,9,-0.0625,194.0,0.0,0.0,0.0,6.4,-60,124
2026-03-12T19:45:20.247410,0,3,1,0,9,-0.0625,194.0,0.0,0.0,0.0,6.4,-60,125
2026-03-12T19:45:20.372368,0,3,1,0,9,-0.125,194.0,0.0,0.0,0.0,6.4,-65,126
2026-03-12T19:45:21.213534,0,3,1,0,9,-0.125,194.25,0.0,0.0,0.0,6.4,-71,124
2026-03-12T19:45:21.240977,0,3,1,0,9,-0.125,194.0,0.0,0.0,0.0,6.4,-59,124
2026-03-12T19:45:21.268105,0,3,1,0,9,-0.125,193.75,0.0,0.0,0.0,6.4,-67,124
2026-03-12T19:45:21.295165,0,3,1,0,9,-0.0625,194.25,0.0,0.0,0.0,6.4,-50,125
2026-03-12T19:45:21.321193,0,3,1,0,9,0.0,194.25,0.0,0.0,0.0,6.4,-45,124
2026-03-12T19:45:21.348207,0,3,1,0,9,0.0625,194.0,0.0,0.0,0.0,6.4,-42,124
2026-03-12T19:45:21.376107,0,3,1,0,9,0.0,194.0,0.0,0.0,0.0,6.4,-42,124
2026-03-12T19:45:21.404288,0,3,1,0,9,0.0625,194.0,0.0,0.0,0.0,6.4,-42,125
2026-03-12T19:45:21.495183,0,3,1,0,9,0.0,193.75,0.0,0.0,0.0,6.4,-45,124
2026-03-12T19:45:21.619053,0,3,1,0,9,0.0,194.0,0.0,0.0,0.0,6.6,-46,124
2026-03-12T19:45:21.750739,0,3,1,0,9,0.0,193.75,0.0,0.0,0.0,6.6,-48,124
2026-03-12T19:45:21.871984,0,3,1,0,9,0.0,193.75,0.0,0.0,0.0,6.4,-49,125
2026-03-12T19:45:22.001478,0,3,1,0,9,-0.0625,194.25,0.0,0.0,0.0,6.4,-56,125
2026-03-12T19:45:22.121401,0,3,1,0,9,0.0,194.25,0.0,0.0,0.0,6.4,-53,124
2026-03-12T19:45:22.246204,0,3,1,0,9,-0.0625,193.75,0.0,0.0,0.0,6.4,-52,124
2026-03-12T19:45:22.377492,0,3,1,0,9,-0.0625,193.75,0.0,0.0,0.0,6.4,-54,125
2026-03-12T19:45:22.498860,0,3,1,0,9,-0.0625,193.75,0.0,0.0,0.0,6.4,-57,126
2026-03-12T19:45:22.622596,0,3,1,0,9,0.0625,194.0,0.0,0.0,0.0,6.4,-60,125
2026-03-12T19:45:22.752032,0,3,1,0,9,0.0625,194.0,0.0,0.0,0.0,6.4,-59,125
2026-03-12T19:45:22.873308,0,3,1,0,9,0.0,194.0,0.0,0.0,0.0,6.4,-58,124
2026-03-12T19:45:23.004393,0,3,1,0,9,0.0625,193.75,0.0,0.0,0.0,6.4,-60,125
2026-03-12T19:45:23.125932,0,3,1,0,9,0.0,194.0,0.0,0.0,0.0,6.4,-61,125
2026-03-12T19:45:23.255070,0,3,1,0,9,0.0,194.0,0.0,0.0,0.0,6.4,-59,125
2026-03-12T19:45:23.376184,0,3,1,0,9,0.0,194.0,0.0,0.0,0.0,6.4,-54,125
2026-03-12T19:45:23.499573,0,3,1,0,9,0.0,193.75,0.0,0.0,0.0,6.4,-52,126
2026-03-12T19:45:23.630504,0,3,1,0,9,0.0,193.75,0.0,0.0,0.0,6.4,-52,125
2026-03-12T19:45:23.752958,0,3,1,0,9,0.0,193.75,0.0,0.0,0.0,6.6,-55,125
2026-03-12T19:45:23.875488,0,3,1,0,9,-0.0625,193.5,0.0,0.0,0.0,6.4,-58,125
2026-03-12T19:45:24.152980,0,3,1,0,9,-0.0625,194.0,0.0,0.0,0.0,6.4,-57,125
2026-03-12T19:45:24.180985,0,3,1,0,9,-0.0625,194.0,0.0,0.0,0.0,6.4,-56,126
2026-03-12T19:45:24.251838,0,3,1,0,9,-0.0625,194.25,0.0,0.0,0.0,6.4,-54,125
2026-03-12T19:45:24.375271,0,3,1,0,9,0.0,194.0,0.0,0.0,0.0,6.4,-52,125
2026-03-12T19:45:24.718783,0,3,1,0,9,0.0,194.0,0.0,0.0,0.0,6.6,-52,125
2026-03-12T19:45:24.745641,0,3,1,0,9,-0.0625,194.0,0.0,0.0,0.0,6.4,-52,126
2026-03-12T19:45:24.771723,0,3,1,0,9,0.0,194.25,0.0,0.0,0.0,6.4,-52,125
2026-03-12T19:45:24.878651,0,3,1,0,9,0.0,194.25,0.0,0.0,0.0,6.4,-50,125
2026-03-12T19:45:25.008132,0,3,1,0,9,0.0,194.25,0.0,0.0,0.0,6.4,-49,125
2026-03-12T19:45:25.276910,0,3,1,0,9,0.0,194.0,0.0,0.0,0.0,6.4,-49,126
2026-03-12T19:45:25.322944,0,3,1,0,9,0.0625,193.75,0.0,0.0,0.0,6.4,-48,125
2026-03-12T19:45:25.389892,0,3,1,0,9,0.0,194.0,0.0,0.0,0.0,6.4,-48,125
2026-03-12T19:45:25.507505,0,3,1,0,9,0.0,194.25,0.0,0.0,0.0,6.4,-48,125
2026-03-12T19:45:25.653356,0,3,1,0,9,0.0,194.0,0.0,0.0,0.0,6.4,-47,126
2026-03-12T19:45:25.798568,0,3,1,0,9,0.0,193.75,0.0,0.0,0.0,6.4,-46,126
2026-03-12T19:45:25.879405,0,3,1,0,9,0.0,193.75,0.0,0.0,0.0,6.4,-46,125
2026-03-12T19:45:26.004457,0,3,1,0,9,0.0,193.75,0.0,0.0,0.0,6.4,-46,125
2026-03-12T19:45:26.136002,0,3,1,0,9,0.0,193.75,0.0,0.0,0.0,6.4,-47,125
2026-03-12T19:45:26.297796,0,3,1,0,9,0.0,194.25,0.0,0.0,0.0,6.4,-47,126
2026-03-12T19:45:26.380635,0,3,1,0,9,0.0,194.0,0.0,0.0,0.0,6.6,-47,125
2026-03-12T19:45:27.169990,0,3,1,0,9,-0.0625,194.0,0.0,0.0,0.0,6.4,-47,124
2026-03-12T19:45:27.200127,0,3,1,0,9,0.0,193.75,0.0,0.0,0.0,6.6,-47,124
2026-03-12T19:45:27.388947,0,3,1,0,9,-0.0625,194.0,0.0,0.0,0.0,6.6,-48,125
2026-03-12T19:45:27.424633,0,3,1,0,9,-0.0625,193.75,0.0,0.0,0.0,6.6,-47,124
2026-03-12T19:45:27.453199,0,3,1,0,9,-0.0625,193.75,0.0,0.0,0.0,6.4,-48,124
2026-03-12T19:45:27.482412,0,3,1,0,9,-0.0625,193.5,0.0,0.0,0.0,6.4,-48,124
2026-03-12T19:45:27.512705,0,3,1,0,9,-0.0625,193.5,0.0,0.0,0.0,6.4,-48,125
2026-03-12T19:45:27.541028,0,3,1,0,9,-0.125,193.5,0.0,0.0,0.0,6.4,-47,124
2026-03-12T19:45:27.605536,0,3,1,0,9,-0.0625,193.75,0.0,0.0,0.0,6.4,-48,124
2026-03-12T19:45:27.641141,0,3,1,0,9,-0.0625,193.75,0.0,0.0,0.0,6.4,-47,124
2026-03-12T19:45:27.765960,0,3,1,0,9,-0.0625,193.75,0.0,0.0,0.0,6.4,-47,126
2026-03-12T19:45:27.930739,0,3,1,0,9,-0.0625,193.5,0.0,0.0,0.0,6.4,-46,126
2026-03-12T19:45:28.035295,0,3,1,0,9,-0.0625,193.75,0.0,0.0,0.0,6.4,-46,125
2026-03-12T19:45:28.136822,0,3,1,0,9,-0.0625,193.75,0.0,0.0,0.0,6.4,-46,125
2026-03-12T19:45:28.267369,0,3,1,0,9,-0.0625,193.75,0.0,0.0,0.0,6.4,-46,125
2026-03-12T19:45:28.385729,0,3,1,0,9,-0.0625,193.75,0.0,0.0,0.0,6.4,-46,126
2026-03-12T19:45:28.520505,0,3,1,0,9,0.0,193.75,0.0,0.0,0.0,6.4,-45,125
2026-03-12T19:45:28.635770,0,3,1,0,9,0.0,193.75,0.0,0.0,0.0,6.4,-45,125
2026-03-12T19:45:28.771945,0,3,1,0,9,-0.0625,193.75,0.0,0.0,0.0,6.6,-46,125
2026-03-12T19:45:28.887473,0,3,1,0,9,0.0,193.75,0.0,0.0,0.0,6.4,-46,126
2026-03-12T19:45:29.013001,0,3,1,0,9,-0.0625,194.0,0.0,0.0,0.0,6.4,-46,125
2026-03-12T19:45:29.142251,0,3,1,0,9,0.0,193.75,0.0,0.0,0.0,6.6,-47,125
2026-03-12T19:45:29.267941,0,3,1,0,9,0.0,194.0,0.0,0.0,0.0,6.4,-47,125
2026-03-12T19:45:29.387829,0,3,1,0,9,0.0,193.75,0.0,0.0,0.0,6.4,-48,126
2026-03-12T19:45:29.517753,0,3,1,0,9,-0.0625,193.75,0.0,0.0,0.0,6.4,-48,125
2026-03-12T19:45:29.663581,0,3,1,0,9,-0.0625,194.0,0.0,0.0,0.0,6.4,-48,125
2026-03-12T19:45:29.763984,0,3,1,0,9,-0.0625,194.0,0.0,0.0,0.0,6.4,-48,125
2026-03-12T19:45:29.894241,0,3,1,0,9,-0.0625,194.0,0.0,0.0,0.0,6.4,-48,125
2026-03-12T19:45:30.015317,0,3,1,0,9,0.0,193.75,0.0,0.0,0.0,6.4,-49,126
2026-03-12T19:45:30.139706,0,3,1,0,9,-0.0625,193.75,0.0,0.0,0.0,6.4,-49,125
2026-03-12T19:45:30.293888,0,3,1,0,9,-0.0625,194.0,0.0,0.0,0.0,6.4,-49,125
2026-03-12T19:45:30.406337,0,3,1,0,9,-0.0625,194.0,0.0,0.0,0.0,6.6,-49,125
2026-03-12T19:45:30.618210,0,3,1,0,9,-0.0625,193.5,0.0,0.0,0.0,6.6,-48,125
2026-03-12T19:45:30.650397,0,3,1,0,9,0.0,193.75,0.0,0.0,0.0,6.4,-48,124
2026-03-12T19:45:30.769067,0,3,1,0,9,-0.0625,193.75,0.0,0.0,0.0,6.4,-47,125
2026-03-12T19:45:30.894384,0,3,1,0,9,-0.0625,194.0,0.0,0.0,0.0,6.4,-48,124
2026-03-12T19:45:31.017829,0,3,1,0,9,-0.0625,194.0,0.0,0.0,0.0,6.4,-47,125
2026-03-12T19:45:31.160695,0,3,1,0,9,-0.0625,194.0,0.0,0.0,0.0,6.4,-46,124
2026-03-12T19:45:31.267674,0,3,1,0,9,-0.0625,194.0,0.0,0.0,0.0,6.4,-47,124
2026-03-12T19:45:31.398941,0,3,1,0,9,-0.0625,193.5,0.0,0.0,0.0,6.6,-48,124
2026-03-12T19:45:31.559296,0,3,1,0,9,-0.0625,193.75,0.0,0.0,0.0,6.6,-48,125
2026-03-12T19:45:31.646338,0,3,1,0,9,-0.0625,193.75,0.0,0.0,0.0,6.4,-48,124
2026-03-12T19:45:31.794946,0,3,1,0,9,0.0,193.75,0.0,0.0,0.0,6.4,-48,124
2026-03-12T19:45:32.452445,0,3,1,0,9,0.0,193.75,0.0,0.0,0.0,6.4,-48,124
2026-03-12T19:45:32.597475,0,3,1,0,9,0.0,193.75,0.0,0.0,0.0,6.4,-48,124
2026-03-12T19:45:32.627860,0,3,1,0,9,-0.0625,193.75,0.0,0.0,0.0,6.4,-48,125
2026-03-12T19:45:32.661812,0,3,1,0,9,-0.0625,193.75,0.0,0.0,0.0,6.4,-49,124
2026-03-12T19:45:32.690645,0,3,1,0,9,-0.0625,194.0,0.0,0.0,0.0,6.4,-49,124
2026-03-12T19:45:32.722488,0,3,1,0,9,-0.0625,194.0,0.0,0.0,0.0,6.4,-50,124
2026-03-12T19:45:32.753188,0,3,1,0,9,-0.0625,193.75,0.0,0.0,0.0,6.4,-50,126
2026-03-12T19:45:32.820992,0,3,1,0,9,0.0,194.0,0.0,0.0,0.0,6.6,-51,124
2026-03-12T19:45:32.901004,0,3,1,0,9,-0.0625,193.75,0.0,0.0,0.0,6.4,-51,124
2026-03-12T19:45:33.080691,0,3,1,0,9,0.0,193.75,0.0,0.0,0.0,6.4,-51,125
2026-03-12T19:45:33.147622,0,3,1,0,9,-0.0625,193.75,0.0,0.0,0.0,6.4,-51,126
2026-03-12T19:45:33.276307,0,3,1,0,9,0.0,193.75,0.0,0.0,0.0,6.4,-51,124
2026-03-12T19:45:33.395744,0,3,1,0,9,0.0,194.0,0.0,0.0,0.0,6.4,-51,125
2026-03-12T19:45:33.537974,0,3,1,0,9,0.0,194.0,0.0,0.0,0.0,6.4,-51,125
2026-03-12T19:45:33.646397,0,3,1,0,9,0.0,194.0,0.0,0.0,0.0,6.6,-50,126
2026-03-12T19:45:33.771552,0,3,1,0,9,0.0,194.0,0.0,0.0,0.0,6.4,-49,125
2026-03-12T19:45:33.977127,0,3,1,0,9,0.0,194.0,0.0,0.0,0.0,6.4,-49,125
2026-03-12T19:45:34.041108,0,3,1,0,9,0.0,194.0,0.0,0.0,0.0,6.4,-48,125
2026-03-12T19:45:34.147702,0,3,1,0,9,0.0,194.0,0.0,0.0,0.0,6.4,-48,125
2026-03-12T19:45:34.300224,0,3,1,0,9,0.0,193.75,0.0,0.0,0.0,6.4,-48,126
2026-03-12T19:45:34.400064,0,3,1,0,9,0.0,193.75,0.0,0.0,0.0,6.4,-48,125
2026-03-12T19:45:34.564974,0,3,1,0,9,0.0,193.75,0.0,0.0,0.0,6.4,-48,125
2026-03-12T19:45:34.649023,0,3,1,0,9,0.0,193.75,0.0,0.0,0.0,6.4,-48,125
2026-03-12T19:45:34.776682,0,3,1,0,9,0.0,193.75,0.0,0.0,0.0,6.4,-48,126
2026-03-12T19:45:34.976393,0,3,1,0,9,0.0,193.75,0.0,0.0,0.0,6.4,-48,125
2026-03-12T19:45:35.080080,0,3,1,0,9,0.0,193.75,0.0,0.0,0.0,6.4,-49,125
2026-03-12T19:45:35.149736,0,3,1,0,9,0.0,194.0,0.0,0.0,0.0,6.4,-50,125
2026-03-12T19:45:35.278632,0,3,1,0,9,0.0,194.0,0.0,0.0,0.0,6.4,-50,126
2026-03-12T19:45:35.406582,0,3,1,0,9,0.0,194.0,0.0,0.0,0.0,6.4,-49,125
2026-03-12T19:45:35.580291,0,3,1,0,9,0.0,194.0,0.0,0.0,0.0,6.4,-48,125
2026-03-12T19:45:35.681771,0,3,1,0,9,0.0,194.0,0.0,0.0,0.0,6.4,-46,124
2026-03-12T19:45:35.831413,0,3,1,0,9,0.0,194.0,0.0,0.0,0.0,6.4,-47,126
2026-03-12T19:45:35.941250,0,3,1,0,9,0.0,194.0,0.0,0.0,0.0,6.4,-48,124
2026-03-12T19:45:36.075054,0,3,1,0,9,0.0,194.0,0.0,0.0,0.0,6.4,-48,124
2026-03-12T19:45:36.765683,0,3,1,0,9,0.0,194.25,0.0,0.0,0.0,6.4,-46,124
2026-03-12T19:45:36.796401,0,3,1,0,9,0.0,194.0,0.0,0.0,0.0,6.4,-47,125
2026-03-12T19:45:36.966853,0,3,1,0,9,0.0,194.25,0.0,0.0,0.0,6.4,-48,124
2026-03-12T19:45:37.001783,0,3,1,0,9,0.0,193.75,0.0,0.0,0.0,6.4,-48,124
2026-03-12T19:45:37.030936,0,3,1,0,9,0.0,193.75,0.0,0.0,0.0,6.4,-49,124
2026-03-12T19:45:37.066367,0,3,1,0,9,0.0,193.75,0.0,0.0,0.0,6.4,-49,124
2026-03-12T19:45:37.099021,0,3,1,0,9,0.0,194.25,0.0,0.0,0.0,6.4,-49,126
2026-03-12T19:45:37.208138,0,3,1,0,9,0.0,194.25,0.0,0.0,0.0,6.4,-48,125
2026-03-12T19:45:37.246657,0,3,1,0,9,0.0,194.25,0.0,0.0,0.0,6.4,-47,124
2026-03-12T19:45:37.279904,0,3,1,0,9,0.0,194.0,0.0,0.0,0.0,6.4,-48,125
2026-03-12T19:45:37.518386,0,3,1,0,9,0.0,194.0,0.0,0.0,0.0,6.4,-52,126
2026-03-12T19:45:37.552517,0,3,1,0,9,-0.0625,193.75,0.0,0.0,0.0,6.4,-60,125
2026-03-12T19:45:37.668666,0,3,1,0,9,-0.125,194.25,0.0,0.0,0.0,6.4,-51,125
2026-03-12T19:45:37.779891,0,3,1,0,9,-0.125,194.25,0.0,0.0,0.0,6.6,-49,125
2026-03-12T19:45:37.906985,0,3,1,0,9,-0.0625,194.0,0.0,0.0,0.0,6.6,-62,126
2026-03-12T19:45:38.065425,0,3,1,0,9,0.0625,193.75,0.0,0.0,0.0,6.4,-52,125
2026-03-12T19:45:38.161946,0,3,1,0,9,0.125,193.75,0.0,0.0,0.0,6.4,-59,125
2026-03-12T19:45:38.282726,0,3,1,0,9,0.0625,193.5,0.0,0.0,0.0,6.4,-55,125
2026-03-12T19:45:38.407068,0,3,1,0,9,0.0625,193.5,0.0,0.0,0.0,6.4,-50,126
2026-03-12T19:45:38.531033,0,3,1,0,9,0.0,193.5,0.0,0.0,0.0,6.4,-60,125
2026-03-12T19:45:38.687896,0,3,1,0,9,0.0,194.0,0.0,0.0,0.0,6.4,-56,125
2026-03-12T19:45:38.784487,0,3,1,0,9,-0.0625,193.75,0.0,0.0,0.0,6.4,-58,125
2026-03-12T19:45:38.913608,0,3,1,0,9,-0.0625,193.75,0.0,0.0,0.0,6.4,-56,125
2026-03-12T19:45:39.040956,0,3,1,0,9,0.0,193.75,0.0,0.0,0.0,6.6,-48,125
2026-03-12T19:45:39.163771,0,3,1,0,9,0.0,193.5,0.0,0.0,0.0,6.4,-49,125
2026-03-12T19:45:39.292263,0,3,1,0,9,0.125,193.75,0.0,0.0,0.0,6.4,-46,124
2026-03-12T19:45:39.415289,0,3,1,0,9,0.0625,193.75,0.0,0.0,0.0,6.4,-57,124
2026-03-12T19:45:39.534549,0,3,1,0,9,0.1875,193.5,0.0,0.0,0.0,6.4,-52,125
2026-03-12T19:45:39.659259,0,3,1,0,9,0.0625,193.5,0.0,0.0,0.0,6.4,-60,124
2026-03-12T19:45:40.489030,0,3,1,0,9,0.0625,193.5,0.0,0.0,0.0,6.4,-50,124
2026-03-12T19:45:40.524190,0,3,1,0,9,0.0625,193.5,0.0,0.0,0.0,6.4,-48,124
2026-03-12T19:45:40.551515,0,3,1,0,9,0.0,193.75,0.0,0.0,0.0,6.4,-52,125
2026-03-12T19:45:40.579415,0,3,1,0,9,0.0,193.75,0.0,0.0,0.0,6.4,-46,125
2026-03-12T19:45:40.614495,0,3,1,0,9,0.0,193.5,0.0,0.0,0.0,6.4,-46,125
2026-03-12T19:45:40.646648,0,3,1,0,9,0.0,193.75,0.0,0.0,0.0,6.4,-48,125
2026-03-12T19:45:40.722317,0,3,1,0,9,0.0,193.75,0.0,0.0,0.0,6.4,-46,126
2026-03-12T19:45:40.758519,0,3,1,0,9,0.0625,193.75,0.0,0.0,0.0,6.4,-48,125
2026-03-12T19:45:40.918311,0,3,1,0,9,0.125,193.5,0.0,0.0,0.0,6.4,-50,125
2026-03-12T19:45:41.038397,0,3,1,0,9,0.125,193.5,0.0,0.0,0.0,6.4,-49,125
2026-03-12T19:45:41.069315,0,3,1,0,9,0.125,193.5,0.0,0.0,0.0,6.4,-48,125
2026-03-12T19:45:41.173885,0,3,1,0,9,0.125,194.0,0.0,0.0,0.0,6.4,-48,126
2026-03-12T19:45:41.288761,0,3,1,0,9,0.0625,194.0,0.0,0.0,0.0,6.6,-48,125
2026-03-12T19:45:41.423830,0,3,1,0,9,0.0625,194.0,0.0,0.0,0.0,6.4,-48,125
2026-03-12T19:45:41.538944,0,3,1,0,9,0.0625,194.0,0.0,0.0,0.0,6.4,-48,125
2026-03-12T19:45:41.668122,0,3,1,0,9,0.0625,194.25,0.0,0.0,0.0,6.4,-48,126
2026-03-12T19:45:41.821408,0,3,1,0,9,0.0625,194.25,0.0,0.0,0.0,6.4,-47,125
2026-03-12T19:45:41.914007,0,3,1,0,9,0.0625,194.0,189.25,51.4182739,8.3368511,6.4,-48,125
2026-03-12T19:45:42.115438,0,3,1,0,9,0.0625,194.0,189.25,51.4182739,8.3368511,6.4,-47,124
2026-03-12T19:45:42.173042,0,3,1,0,9,0.0625,194.0,189.25,51.4182739,8.3368511,6.4,-47,125
2026-03-12T19:45:42.326652,0,3,1,0,9,0.0625,193.75,189.25,51.4182739,8.3368511,6.4,-47,126
2026-03-12T19:45:42.434069,0,3,1,0,9,0.0,194.0,189.25,51.4182739,8.3368511,6.4,-47,125
2026-03-12T19:45:42.545606,0,3,1,0,9,0.0625,194.0,189.25,51.4182739,8.3368511,6.4,-48,125
2026-03-12T19:45:42.679027,0,3,1,0,9,0.0625,193.75,189.25,51.4182739,8.3368511,6.4,-49,125
2026-03-12T19:45:43.077579,0,3,1,0,9,0.0625,193.75,0.0,0.0,0.0,6.4,-49,125
2026-03-12T19:45:43.115583,0,3,1,0,9,0.0625,194.0,0.0,0.0,0.0,6.4,-50,126
2026-03-12T19:45:43.845063,0,3,1,0,9,0.0625,193.75,0.0,0.0,0.0,6.4,-50,125
2026-03-12T19:45:43.880420,0,3,1,0,9,0.0625,193.75,0.0,0.0,0.0,6.4,-50,125
2026-03-12T19:45:43.996055,0,3,1,0,9,0.0625,194.25,0.0,0.0,0.0,6.4,-51,125
2026-03-12T19:45:44.165975,0,3,1,0,9,0.0625,194.25,0.0,0.0,0.0,6.4,-49,126
2026-03-12T19:45:44.199022,0,3,1,0,9,0.0625,194.25,0.0,0.0,0.0,6.6,-48,125
2026-03-12T19:45:44.234823,0,3,1,0,9,0.0625,193.75,0.0,0.0,0.0,6.4,-47,125
2026-03-12T19:45:44.424309,0,3,1,0,9,0.0625,193.75,0.0,0.0,0.0,6.4,-47,125
2026-03-12T19:45:44.459076,0,3,1,0,9,0.0625,193.75,0.0,0.0,0.0,6.4,-48,126
2026-03-12T19:45:44.583563,0,3,1,0,9,0.125,194.0,0.0,0.0,0.0,6.4,-46,125
2026-03-12T19:45:44.799818,0,3,1,0,9,0.0625,193.75,0.0,0.0,0.0,6.4,-46,125
2026-03-12T19:45:44.873212,0,3,1,0,9,0.0,193.75,0.0,0.0,0.0,6.4,-46,125
2026-03-12T19:45:44.940036,0,3,1,0,9,0.0,193.75,0.0,0.0,0.0,6.4,-46,125
2026-03-12T19:45:45.115027,0,3,1,0,9,0.0,193.75,0.0,0.0,0.0,6.4,-46,126
2026-03-12T19:45:45.201429,0,3,1,0,9,0.0,193.75,0.0,0.0,0.0,6.4,-46,125
2026-03-12T19:45:45.239504,0,3,1,0,9,0.0,193.75,0.0,0.0,0.0,6.4,-46,124
2026-03-12T19:45:45.270347,0,3,1,0,9,0.0,193.75,0.0,0.0,0.0,6.4,-46,124
2026-03-12T19:45:45.300583,0,3,1,0,9,0.0,193.75,0.0,0.0,0.0,6.4,-47,125
2026-03-12T19:45:45.335303,0,3,1,0,9,0.0,194.0,0.0,0.0,0.0,6.4,-46,124
2026-03-12T19:45:45.436749,0,3,1,0,9,0.0,193.75,0.0,0.0,0.0,6.4,-47,124
2026-03-12T19:45:46.540090,0,3,1,0,9,0.0,193.75,0.0,0.0,0.0,6.4,-47,124
2026-03-12T19:45:46.570426,0,3,1,0,9,0.0,193.75,0.0,0.0,0.0,6.4,-47,125
2026-03-12T19:45:46.610839,0,3,1,0,9,0.0,194.0,0.0,0.0,0.0,6.4,-47,125
2026-03-12T19:45:46.680310,0,3,1,0,9,0.0,194.0,0.0,0.0,0.0,6.4,-47,124
2026-03-12T19:45:46.751093,0,3,1,0,9,0.0,194.0,0.0,0.0,0.0,6.4,-47,124
2026-03-12T19:45:46.783844,0,3,1,0,9,0.0,194.0,0.0,0.0,0.0,6.4,-47,125
2026-03-12T19:45:46.815723,0,3,1,0,9,0.0625,194.0,0.0,0.0,0.0,6.4,-46,125
2026-03-12T19:45:46.848645,0,3,1,0,9,0.0,194.0,0.0,0.0,0.0,6.4,-47,125
2026-03-12T19:45:46.877985,0,3,1,0,9,0.0,194.0,0.0,0.0,0.0,6.4,-47,125
2026-03-12T19:45:46.909184,0,3,1,0,9,0.0,194.0,0.0,0.0,0.0,6.4,-47,125
2026-03-12T19:45:46.991165,0,3,1,0,9,0.0,194.0,0.0,0.0,0.0,6.4,-47,126
2026-03-12T19:45:48.594676,0,3,1,0,9,0.0,194.0,0.0,0.0,0.0,6.4,-46,125
2026-03-12T19:45:48.627342,0,3,1,0,9,0.0,194.0,0.0,0.0,0.0,6.4,-46,125
2026-03-12T19:45:48.665904,0,3,1,0,9,0.0,194.0,0.0,0.0,0.0,6.4,-46,125
2026-03-12T19:45:48.695844,0,3,1,0,9,0.0,194.0,0.0,0.0,0.0,6.4,-45,126
2026-03-12T19:45:48.725046,0,3,1,0,9,0.0625,194.0,0.0,0.0,0.0,6.4,-44,125
2026-03-12T19:45:48.755923,0,3,1,0,9,0.0,194.0,0.0,0.0,0.0,6.4,-44,125
2026-03-12T19:45:48.828005,0,3,1,0,9,-0.0625,194.0,0.0,0.0,0.0,6.4,-46,125
2026-03-12T19:45:48.867469,0,3,1,0,9,-0.0625,194.0,0.0,0.0,0.0,6.6,-48,125
2026-03-12T19:45:48.900665,0,3,1,0,9,-0.0625,193.75,0.0,0.0,0.0,6.4,-48,124
2026-03-12T19:45:48.932009,0,3,1,0,9,0.0,194.0,0.0,0.0,0.0,6.4,-48,124
2026-03-12T19:45:49.151168,0,3,1,0,9,0.0625,194.0,0.0,0.0,0.0,6.4,-47,124
2026-03-12T19:45:49.183105,0,3,1,0,9,0.0,194.0,0.0,0.0,0.0,6.4,-49,125
2026-03-12T19:45:49.212054,0,3,1,0,9,-0.0625,194.0,0.0,0.0,0.0,6.4,-52,124
2026-03-12T19:45:49.242734,0,3,1,0,9,-0.0625,194.0,0.0,0.0,0.0,6.4,-49,124
2026-03-12T19:45:49.316119,0,3,1,0,9,-0.0625,193.75,0.0,0.0,0.0,6.4,-47,124
2026-03-12T19:45:49.350119,0,3,1,0,9,-0.125,193.75,0.0,0.0,0.0,6.4,-50,125
2026-03-12T19:45:49.378935,0,3,1,0,9,-0.0625,194.0,0.0,0.0,0.0,6.4,-54,125
2026-03-12T19:45:49.410642,0,3,1,0,9,0.0,193.75,0.0,0.0,0.0,6.4,-48,124
2026-03-12T19:45:49.448258,0,3,1,0,9,0.0,194.0,0.0,0.0,0.0,6.4,-49,125
2026-03-12T19:45:49.482143,0,3,1,0,9,0.0,194.0,0.0,0.0,0.0,6.4,-55,124
2026-03-12T19:45:49.551236,0,3,1,0,9,0.0625,193.5,0.0,0.0,0.0,6.4,-49,126
2026-03-12T19:45:49.725745,0,3,1,0,9,0.0625,193.5,0.0,0.0,0.0,6.4,-58,125
2026-03-12T19:45:49.755311,0,3,1,0,9,0.125,193.5,0.0,0.0,0.0,6.4,-51,125
2026-03-12T19:45:49.784969,0,3,1,0,9,0.125,193.75,0.0,0.0,0.0,6.6,-52,125
2026-03-12T19:45:49.854246,0,3,1,0,9,0.125,193.75,0.0,0.0,0.0,6.4,-64,126
2026-03-12T19:45:49.932076,0,3,1,0,9,0.0625,194.25,0.0,0.0,0.0,6.4,-59,125
2026-03-12T19:45:50.059648,0,3,1,0,9,0.0625,193.75,0.0,0.0,0.0,6.4,-54,125
2026-03-12T19:45:50.215060,0,3,1,0,9,0.0,193.75,0.0,0.0,0.0,6.4,-52,125
2026-03-12T19:45:50.370922,0,3,1,0,9,0.0,193.75,0.0,0.0,0.0,6.4,-51,126
2026-03-12T19:45:50.431482,0,3,1,0,9,0.0,194.0,0.0,0.0,0.0,6.4,-50,125
2026-03-12T19:45:50.559445,0,3,1,0,9,0.0,194.0,0.0,0.0,0.0,6.4,-52,125
2026-03-12T19:45:51.331793,0,3,1,0,9,0.0625,194.0,0.0,0.0,0.0,6.4,-55,125
2026-03-12T19:45:51.555608,0,3,1,0,9,0.0,193.75,0.0,0.0,0.0,6.4,-58,126
2026-03-12T19:45:51.589278,0,3,1,0,9,0.0,194.0,0.0,0.0,0.0,6.4,-61,125
2026-03-12T19:45:51.619308,0,3,1,0,9,0.0,194.0,0.0,0.0,0.0,6.4,-64,124
2026-03-12T19:45:51.652333,0,3,1,0,9,0.0,193.75,0.0,0.0,0.0,6.4,-64,124
2026-03-12T19:45:51.682731,0,3,1,0,9,0.0,193.75,0.0,0.0,0.0,6.4,-61,124
2026-03-12T19:45:51.714686,0,3,1,0,9,0.0,194.0,0.0,0.0,0.0,6.4,-58,125
2026-03-12T19:45:51.790381,0,3,1,0,9,0.0,194.0,0.0,0.0,0.0,6.4,-56,124
2026-03-12T19:45:51.826230,0,3,1,0,9,0.0,194.0,0.0,0.0,0.0,6.4,-54,124
2026-03-12T19:45:51.858483,0,3,1,0,9,0.0,194.0,0.0,0.0,0.0,6.4,-54,124
2026-03-12T19:45:51.945747,0,3,1,0,9,0.0,194.0,0.0,0.0,0.0,6.4,-55,125
2026-03-12T19:45:52.132567,0,3,1,0,9,0.0,194.0,0.0,0.0,0.0,6.4,-55,124
2026-03-12T19:45:52.184258,0,3,1,0,9,0.0,193.75,0.0,0.0,0.0,6.4,-55,124
2026-03-12T19:45:52.316295,0,3,1,0,9,0.0,193.75,0.0,0.0,0.0,6.4,-55,124
2026-03-12T19:45:52.467501,0,3,1,0,9,0.0,194.0,0.0,0.0,0.0,6.4,-55,126
2026-03-12T19:45:52.688328,0,3,1,0,9,0.0,194.0,0.0,0.0,0.0,6.4,-56,125
2026-03-12T19:45:52.724053,0,3,1,0,9,0.0,194.0,189.25,51.4182739,8.3368511,6.4,-58,125
2026-03-12T19:45:53.594896,0,3,1,0,9,0.0,193.75,189.25,51.4182739,8.3368511,6.6,-58,125
2026-03-12T19:45:53.641636,0,3,1,0,9,0.0,193.75,189.25,51.4182739,8.3368511,6.4,-55,124
2026-03-12T19:45:53.671976,0,3,1,0,9,0.0,193.75,189.25,51.4182739,8.3368511,6.4,-58,125
2026-03-12T19:45:53.706291,0,3,1,0,9,0.0,193.75,189.25,51.4182739,8.3368511,6.4,-56,124
2026-03-12T19:45:53.733668,0,3,1,0,9,0.0,193.75,189.25,51.4182739,8.3368511,6.4,-56,124
2026-03-12T19:45:53.772128,0,3,1,0,9,0.0,193.75,189.25,51.4182739,8.3368511,6.4,-58,125
2026-03-12T19:45:53.803258,0,3,1,0,9,0.0,194.0,189.25,51.4182739,8.3368511,6.4,-60,125
2026-03-12T19:45:53.834551,0,3,1,0,9,0.0,193.75,189.25,51.4182739,8.3368511,6.4,-61,126
2026-03-12T19:45:53.865491,0,3,1,0,9,0.0,193.75,0.0,0.0,0.0,6.4,-61,124
2026-03-12T19:45:54.784186,0,3,1,0,9,0.0,193.75,0.0,0.0,0.0,6.4,-60,125
2026-03-12T19:45:54.873167,0,3,1,0,9,0.0,193.75,0.0,0.0,0.0,6.4,-62,125
2026-03-12T19:45:56.146666,0,3,1,0,9,0.0,193.75,0.0,0.0,0.0,6.4,-65,124
2026-03-12T19:45:56.176716,0,3,1,0,9,0.0,193.75,0.0,0.0,0.0,6.4,-66,126
2026-03-12T19:45:56.387856,0,3,1,0,9,0.0,193.75,0.0,0.0,0.0,6.4,-60,125
2026-03-12T19:45:56.421197,0,3,1,0,9,0.0,193.75,0.0,0.0,0.0,6.4,-58,125
2026-03-12T19:45:56.498568,0,3,1,0,9,0.0,193.75,0.0,0.0,0.0,6.4,-61,125
2026-03-12T19:45:56.531742,0,3,1,0,9,0.0,193.75,0.0,0.0,0.0,6.4,-66,126
2026-03-12T19:45:56.569839,0,3,1,0,9,0.0,194.25,0.0,0.0,0.0,6.4,-67,125
2026-03-12T19:45:56.602242,0,3,1,0,9,0.0,194.0,0.0,0.0,0.0,6.4,-68,125
2026-03-12T19:45:56.644547,0,3,1,0,9,0.0,194.0,0.0,0.0,0.0,6.4,-64,125
2026-03-12T19:45:56.677869,0,3,1,0,9,0.0,194.0,0.0,0.0,0.0,6.4,-59,126
2026-03-12T19:45:56.713767,0,3,1,0,9,0.0,194.0,0.0,0.0,0.0,6.4,-59,125
2026-03-12T19:45:56.757885,0,3,1,0,9,0.0,194.0,0.0,0.0,0.0,6.4,-60,125
2026-03-12T19:45:56.791851,0,3,1,0,9,0.0,194.0,0.0,0.0,0.0,6.4,-61,125
2026-03-12T19:45:56.872159,0,3,1,0,9,0.0,194.25,0.0,0.0,0.0,6.4,-62,126
2026-03-12T19:45:57.063521,0,3,1,0,9,0.0,194.0,0.0,0.0,0.0,6.4,-65,125
2026-03-12T19:45:57.128031,0,3,1,0,9,0.0,194.0,0.0,0.0,0.0,6.4,-67,125
2026-03-12T19:45:57.165063,0,3,1,0,9,0.0,194.0,0.0,0.0,0.0,6.4,-66,124
2026-03-12T19:45:57.199364,0,3,1,0,9,0.0,194.0,0.0,0.0,0.0,6.4,-63,124
2026-03-12T19:45:57.229371,0,3,1,0,9,0.0,194.0,0.0,0.0,0.0,6.4,-62,124
2026-03-12T19:45:57.260327,0,3,1,0,9,0.0,194.0,0.0,0.0,0.0,6.4,-58,125
2026-03-12T19:45:57.333435,0,3,1,0,9,0.0,193.75,0.0,0.0,0.0,6.6,-54,124
2026-03-12T19:45:57.369271,0,3,1,0,9,-0.0625,194.0,0.0,0.0,0.0,6.4,-55,125
2026-03-12T19:45:57.440927,0,3,1,0,9,-0.0625,193.5,0.0,0.0,0.0,6.4,-54,125
2026-03-12T19:45:57.625443,0,3,1,0,9,-0.125,193.75,0.0,0.0,0.0,6.4,-55,125
2026-03-12T19:45:57.656641,0,3,1,0,9,-0.1875,194.0,0.0,0.0,0.0,6.4,-61,126
2026-03-12T19:45:57.699265,0,3,1,0,9,-0.25,194.0,189.25,51.4182739,8.3368511,6.4,-59,125
2026-03-12T19:45:58.583152,0,3,1,0,9,-0.3125,194.0,189.25,51.4182739,8.3368511,6.4,-54,125
2026-03-12T19:45:58.611997,0,3,1,0,9,-0.3125,193.75,189.25,51.4182739,8.3368511,6.4,-55,125
2026-03-12T19:45:58.642132,0,3,1,0,9,-0.3125,193.75,189.25,51.4182739,8.3368511,6.4,-66,125
2026-03-12T19:45:58.684386,0,3,1,0,9,-0.375,193.75,189.25,51.4182739,8.3368511,6.4,-63,124
2026-03-12T19:45:58.758374,0,3,1,0,9,-0.375,193.75,189.25,51.4182739,8.3368511,6.4,-58,124
2026-03-12T19:45:58.791047,0,3,1,0,9,-0.375,194.0,189.25,51.4182739,8.3368511,6.4,-57,124
2026-03-12T19:45:58.833531,0,3,1,0,9,-0.375,193.75,189.25,51.4182739,8.3368511,6.4,-56,125
2026-03-12T19:45:58.871342,0,3,1,0,9,-0.375,194.0,189.25,51.4182739,8.3368511,6.4,-56,126
2026-03-12T19:45:58.903178,0,3,1,0,9,-0.4375,193.75,0.0,0.0,0.0,6.4,-55,124
2026-03-12T19:46:00.995155,0,3,1,0,9,-0.4375,193.75,0.0,0.0,0.0,6.4,-55,124
2026-03-12T19:46:01.027850,0,3,1,0,9,-0.4375,193.75,0.0,0.0,0.0,6.4,-54,125
2026-03-12T19:46:01.080786,0,3,1,0,9,-0.5,194.0,0.0,0.0,0.0,6.4,-54,125
2026-03-12T19:46:01.109992,0,3,1,0,9,-0.5,194.0,0.0,0.0,0.0,6.4,-54,126
2026-03-12T19:46:01.140344,0,3,1,0,9,-0.5,194.0,0.0,0.0,0.0,6.4,-54,125
2026-03-12T19:46:01.168438,0,3,1,0,9,-0.5,193.75,0.0,0.0,0.0,6.6,-54,125
2026-03-12T19:46:01.204062,0,3,1,0,9,-0.5,193.75,0.0,0.0,0.0,6.4,-54,125
2026-03-12T19:46:01.247008,0,3,1,0,9,-0.5,193.75,0.0,0.0,0.0,6.6,-55,126
2026-03-12T19:46:01.457691,0,3,1,0,9,-0.4375,193.5,0.0,0.0,0.0,6.4,-56,125
2026-03-12T19:46:01.493985,0,3,1,0,9,-0.4375,193.5,0.0,0.0,0.0,6.4,-58,125
2026-03-12T19:46:01.523706,0,3,1,0,9,-0.4375,193.5,0.0,0.0,0.0,6.4,-60,125
2026-03-12T19:46:01.554020,0,3,1,0,9,-0.4375,193.75,0.0,0.0,0.0,6.4,-63,126
2026-03-12T19:46:01.584949,0,3,1,0,9,-0.4375,193.75,0.0,0.0,0.0,6.4,-63,126
2026-03-12T19:46:01.616333,0,3,1,0,9,-0.4375,193.75,0.0,0.0,0.0,6.4,-61,125
2026-03-12T19:46:01.649392,0,3,1,0,9,-0.4375,193.75,0.0,0.0,0.0,6.4,-60,124
2026-03-12T19:46:01.696197,0,3,1,0,9,-0.4375,194.0,0.0,0.0,0.0,6.4,-61,124
2026-03-12T19:46:01.734174,0,3,1,0,9,-0.375,194.25,0.0,0.0,0.0,6.4,-61,124
2026-03-12T19:46:01.772863,0,3,1,0,9,-0.375,193.75,0.0,0.0,0.0,6.4,-62,124
2026-03-12T19:46:01.849458,0,3,1,0,9,-0.375,193.75,0.0,0.0,0.0,6.6,-62,125
2026-03-12T19:46:01.961675,0,3,1,0,9,-0.375,193.75,0.0,0.0,0.0,6.4,-61,124
2026-03-12T19:46:01.994327,0,3,1,0,9,-0.375,193.75,0.0,0.0,0.0,6.4,-60,124
2026-03-12T19:46:02.023891,0,3,1,0,9,-0.4375,193.75,0.0,0.0,0.0,6.4,-60,125
2026-03-12T19:46:02.054564,0,3,1,0,9,-0.375,193.75,0.0,0.0,0.0,6.4,-59,126
2026-03-12T19:46:02.085184,0,3,1,0,9,-0.375,193.75,0.0,0.0,0.0,6.4,-58,125
2026-03-12T19:46:02.206725,0,3,1,0,9,-0.4375,193.75,0.0,0.0,0.0,6.4,-58,125
2026-03-12T19:46:02.332121,0,3,1,0,9,-0.4375,194.0,0.0,0.0,0.0,6.4,-58,125
2026-03-12T19:46:02.459209,0,3,1,0,9,-0.4375,193.5,0.0,0.0,0.0,6.4,-58,125
2026-03-12T19:46:02.584880,0,3,1,0,9,-0.375,193.5,0.0,0.0,0.0,6.4,-58,126
2026-03-12T19:46:02.708214,0,3,1,0,9,-0.4375,193.5,0.0,0.0,0.0,6.4,-58,125
2026-03-12T19:46:02.832952,0,3,1,0,9,-0.375,193.75,0.0,0.0,0.0,6.4,-58,125
2026-03-12T19:46:02.964272,0,3,1,0,9,-0.375,193.75,0.0,0.0,0.0,6.4,-58,125
2026-03-12T19:46:03.087272,0,3,1,0,9,-0.375,193.75,0.0,0.0,0.0,6.4,-59,126
2026-03-12T19:46:03.209844,0,3,1,0,9,-0.375,193.75,0.0,0.0,0.0,6.4,-59,125
2026-03-12T19:46:03.334121,0,3,1,0,9,-0.375,193.75,0.0,0.0,0.0,6.4,-59,125
2026-03-12T19:46:03.459893,0,3,1,0,9,-0.375,194.0,0.0,0.0,0.0,6.4,-60,124
2026-03-12T19:46:03.584968,0,3,1,0,9,-0.375,193.75,0.0,0.0,0.0,6.4,-60,126
2026-03-12T19:46:03.709962,0,3,1,0,9,-0.375,193.75,0.0,0.0,0.0,6.4,-60,125
2026-03-12T19:46:04.675922,0,3,1,0,9,-0.375,193.75,0.0,0.0,0.0,6.4,-60,124
2026-03-12T19:46:04.708225,0,3,1,0,9,-0.375,193.75,0.0,0.0,0.0,6.4,-59,124
2026-03-12T19:46:04.736989,0,3,1,0,9,-0.375,194.0,0.0,0.0,0.0,6.4,-60,125
2026-03-12T19:46:04.765617,0,3,1,0,9,-0.375,194.0,0.0,0.0,0.0,6.4,-60,124
2026-03-12T19:46:04.803148,0,3,1,0,9,-0.375,194.0,0.0,0.0,0.0,6.4,-59,124
2026-03-12T19:46:04.835133,0,3,1,0,9,-0.375,193.5,0.0,0.0,0.0,6.4,-59,124
2026-03-12T19:46:04.865732,0,3,1,0,9,-0.375,193.75,0.0,0.0,0.0,6.4,-59,124
2026-03-12T19:46:04.898168,0,3,1,0,9,-0.375,193.5,0.0,0.0,0.0,6.4,-58,125
2026-03-12T19:46:04.930574,0,3,1,0,9,-0.375,193.75,0.0,0.0,0.0,6.4,-59,125
2026-03-12T19:46:04.967655,0,3,1,0,9,-0.375,194.0,0.0,0.0,0.0,6.4,-59,125
2026-03-12T19:46:05.095438,0,3,1,0,9,-0.375,194.0,0.0,0.0,0.0,6.4,-60,124
2026-03-12T19:46:05.219718,0,3,1,0,9,-0.375,194.0,0.0,0.0,0.0,6.4,-60,125
2026-03-12T19:46:05.338545,0,3,1,0,9,-0.375,194.0,0.0,0.0,0.0,6.4,-60,125
2026-03-12T19:46:05.466006,0,3,1,0,9,-0.375,194.0,0.0,0.0,0.0,6.4,-60,125
2026-03-12T19:46:05.589266,0,3,1,0,9,-0.375,193.75,0.0,0.0,0.0,6.4,-60,125
2026-03-12T19:46:05.714036,0,3,1,0,9,-0.375,193.5,0.0,0.0,0.0,6.4,-61,126
2026-03-12T19:46:05.839386,0,3,1,0,9,-0.375,193.5,0.0,0.0,0.0,6.4,-63,125
2026-03-12T19:46:05.964212,0,3,1,0,9,-0.375,193.5,0.0,0.0,0.0,6.4,-65,125
2026-03-12T19:46:06.090711,0,3,1,0,9,-0.375,193.75,0.0,0.0,0.0,6.4,-69,125
2026-03-12T19:46:06.226516,0,3,1,0,9,-0.375,193.75,0.0,0.0,0.0,6.4,-73,126
2026-03-12T19:46:06.342672,0,3,1,0,9,-0.375,193.75,0.0,0.0,0.0,6.4,-73,126
2026-03-12T19:46:06.470469,0,3,1,0,9,-0.375,193.75,0.0,0.0,0.0,6.4,-67,125
2026-03-12T19:46:06.592563,0,3,1,0,9,-0.375,193.75,0.0,0.0,0.0,6.4,-61,125
2026-03-12T19:46:06.718753,0,3,1,0,9,-0.375,193.75,0.0,0.0,0.0,6.4,-58,126
2026-03-12T19:46:06.851034,0,3,1,0,9,-0.3125,193.5,189.25,51.4182739,8.3368511,6.4,-55,126
2026-03-12T19:46:07.483814,0,3,1,0,9,-0.3125,193.5,189.25,51.4182739,8.3368511,6.4,-53,124
2026-03-12T19:46:07.514851,0,3,1,0,9,-0.3125,193.75,189.25,51.4182739,8.3368511,6.6,-52,124
2026-03-12T19:46:07.545056,0,3,1,0,9,-0.3125,193.5,189.25,51.4182739,8.3368511,6.4,-52,124
2026-03-12T19:46:07.573242,0,3,1,0,9,-0.3125,194.0,189.25,51.4182739,8.3368511,6.4,-51,125
2026-03-12T19:46:07.631839,0,3,1,0,9,-0.3125,194.0,189.25,51.4182739,8.3368511,6.4,-52,126
2026-03-12T19:46:07.663580,0,3,1,0,9,-0.3125,193.75,0.0,0.0,0.0,6.4,-52,124
2026-03-12T19:46:08.275953,0,3,1,0,9,-0.25,193.75,0.0,0.0,0.0,6.4,-52,124
2026-03-12T19:46:08.348244,0,3,1,0,9,-0.25,193.75,0.0,0.0,0.0,6.4,-52,125
2026-03-12T19:46:08.410960,0,3,1,0,9,-0.25,193.75,0.0,0.0,0.0,6.4,-52,125
2026-03-12T19:46:08.450035,0,3,1,0,9,-0.3125,194.0,0.0,0.0,0.0,6.4,-52,125
2026-03-12T19:46:08.489388,0,3,1,0,9,-0.3125,193.75,0.0,0.0,0.0,6.4,-52,125
2026-03-12T19:46:08.529404,0,3,1,0,9,-0.25,193.75,0.0,0.0,0.0,6.4,-52,125
2026-03-12T19:46:08.582891,0,3,1,0,9,-0.3125,193.5,0.0,0.0,0.0,6.4,-52,125
2026-03-12T19:46:08.617687,0,3,1,0,9,-0.3125,193.75,0.0,0.0,0.0,6.4,-52,126
2026-03-12T19:46:10.393520,0,3,1,0,9,-0.25,193.75,0.0,0.0,0.0,6.4,-54,125
2026-03-12T19:46:10.427372,0,3,1,0,9,-0.25,193.75,0.0,0.0,0.0,6.4,-55,125
2026-03-12T19:46:10.461122,0,3,1,0,9,-0.25,193.75,0.0,0.0,0.0,6.4,-58,125
2026-03-12T19:46:10.496505,0,3,1,0,9,-0.25,193.75,0.0,0.0,0.0,6.4,-65,126
2026-03-12T19:46:10.533318,0,3,1,0,9,-0.25,193.75,0.0,0.0,0.0,6.4,-64,125
2026-03-12T19:46:10.566057,0,3,1,0,9,-0.3125,193.5,0.0,0.0,0.0,6.4,-59,125
2026-03-12T19:46:10.600525,0,3,1,0,9,-0.3125,193.75,0.0,0.0,0.0,6.4,-58,125
2026-03-12T19:46:10.635003,0,3,1,0,9,-0.3125,193.75,0.0,0.0,0.0,6.4,-57,126
2026-03-12T19:46:10.666462,0,3,1,0,9,-0.25,194.0,0.0,0.0,0.0,6.4,-58,125
2026-03-12T19:46:10.712347,0,3,1,0,9,-0.3125,193.75,0.0,0.0,0.0,6.4,-61,125
2026-03-12T19:46:10.743873,0,3,1,0,9,-0.3125,193.75,0.0,0.0,0.0,6.4,-63,124
2026-03-12T19:46:10.776672,0,3,1,0,9,-0.3125,193.5,0.0,0.0,0.0,6.4,-64,125
2026-03-12T19:46:10.807784,0,3,1,0,9,-0.3125,193.5,0.0,0.0,0.0,6.4,-64,126
2026-03-12T19:46:10.840708,0,3,1,0,9,-0.25,193.5,0.0,0.0,0.0,6.4,-64,124
2026-03-12T19:46:10.871237,0,3,1,0,9,-0.25,193.75,0.0,0.0,0.0,6.4,-64,124
2026-03-12T19:46:10.901362,0,3,1,0,9,-0.25,194.0,0.0,0.0,0.0,6.4,-64,124
2026-03-12T19:46:10.931302,0,3,1,0,9,-0.25,194.0,0.0,0.0,0.0,6.4,-62,125
2026-03-12T19:46:10.962417,0,3,1,0,9,-0.25,193.75,0.0,0.0,0.0,6.4,-60,124
2026-03-12T19:46:10.992517,0,3,1,0,9,-0.25,193.75,189.25,51.4182739,8.3368511,6.4,-60,124
2026-03-12T19:46:11.505921,0,3,1,0,9,-0.25,194.0,189.25,51.4182739,8.3368511,6.4,-58,125
2026-03-12T19:46:11.559533,0,3,1,0,9,-0.25,194.0,189.25,51.4182739,8.3368511,6.4,-58,125
2026-03-12T19:46:11.588372,0,3,1,0,9,-0.25,193.75,189.25,51.4182739,8.3368511,6.4,-58,126
2026-03-12T19:46:11.617502,0,3,1,0,9,-0.25,193.75,189.25,51.4182739,8.3368511,6.4,-58,125
2026-03-12T19:46:11.672675,0,3,1,0,9,-0.25,193.75,189.25,51.4182739,8.3368511,6.4,-58,125
2026-03-12T19:46:11.727497,0,3,1,0,9,-0.25,193.75,189.25,51.4182739,8.3368511,6.6,-58,125
2026-03-12T19:46:11.853709,0,3,1,0,9,-0.25,193.75,189.25,51.4182739,8.3368511,6.4,-58,125
2026-03-12T19:46:11.978433,0,3,1,0,9,-0.25,193.75,0.0,0.0,0.0,6.4,-58,126
2026-03-12T19:46:12.597172,0,3,1,0,9,-0.25,193.75,0.0,0.0,0.0,6.4,-58,125
2026-03-12T19:46:12.659113,0,3,1,0,9,-0.25,193.75,0.0,0.0,0.0,6.4,-58,125
2026-03-12T19:46:12.694399,0,3,1,0,9,-0.25,193.75,0.0,0.0,0.0,6.4,-58,125
2026-03-12T19:46:12.724507,0,3,1,0,9,-0.25,193.75,0.0,0.0,0.0,6.4,-58,126
2026-03-12T19:46:12.756303,0,3,1,0,9,-0.25,193.75,0.0,0.0,0.0,6.4,-58,125
2026-03-12T19:46:12.786497,0,3,1,0,9,-0.25,193.75,0.0,0.0,0.0,6.4,-58,125
2026-03-12T19:46:12.859616,0,3,1,0,9,-0.25,193.75,0.0,0.0,0.0,6.4,-59,125
2026-03-12T19:46:12.986577,0,3,1,0,9,-0.25,193.5,0.0,0.0,0.0,6.4,-60,125
2026-03-12T19:46:13.105718,0,3,1,0,9,-0.25,193.75,0.0,0.0,0.0,6.4,-60,126
2026-03-12T19:46:13.233823,0,3,1,0,9,-0.25,194.0,0.0,0.0,0.0,6.4,-60,125
2026-03-12T19:46:16.417085,0,3,1,0,9,-0.25,194.0,0.0,0.0,0.0,6.4,-61,125
2026-03-12T19:46:16.451182,0,3,1,0,9,-0.25,193.5,0.0,0.0,0.0,6.6,-60,125
2026-03-12T19:46:16.483199,0,3,1,0,9,-0.25,193.75,0.0,0.0,0.0,6.4,-61,126
2026-03-12T19:46:16.516515,0,3,1,0,9,-0.25,193.75,0.0,0.0,0.0,6.4,-64,125
2026-03-12T19:46:16.546932,0,3,1,0,9,-0.25,193.5,0.0,0.0,0.0,6.4,-57,124
2026-03-12T19:46:16.578098,0,3,1,0,9,-0.25,193.5,0.0,0.0,0.0,6.4,-55,124
2026-03-12T19:46:16.616382,0,3,1,0,9,-0.25,193.5,0.0,0.0,0.0,6.4,-60,125
2026-03-12T19:46:16.655389,0,3,1,0,9,-0.25,193.75,0.0,0.0,0.0,6.4,-60,124
2026-03-12T19:46:16.689703,0,3,1,0,9,-0.25,193.75,0.0,0.0,0.0,6.4,-59,124
2026-03-12T19:46:16.720472,0,3,1,0,9,-0.25,194.0,0.0,0.0,0.0,6.4,-59,124
2026-03-12T19:46:16.750303,0,3,1,0,9,-0.25,193.5,0.0,0.0,0.0,6.4,-58,124
2026-03-12T19:46:16.779563,0,3,1,0,9,-0.1875,193.25,0.0,0.0,0.0,6.4,-56,125
2026-03-12T19:46:16.809300,0,3,1,0,9,-0.1875,193.25,0.0,0.0,0.0,6.4,-54,125
2026-03-12T19:46:16.838723,0,3,1,0,9,-0.25,193.75,0.0,0.0,0.0,6.4,-52,124
2026-03-12T19:46:16.869476,0,3,1,0,9,-0.25,193.75,0.0,0.0,0.0,6.4,-50,125
2026-03-12T19:46:16.907141,0,3,1,0,9,-0.1875,193.5,189.25,51.4182739,8.3368511,6.4,-50,126
2026-03-12T19:46:17.414174,0,3,1,0,9,-0.125,193.75,189.25,51.4182739,8.3368511,6.4,-51,125
2026-03-12T19:46:17.439577,0,3,1,0,9,-0.125,193.5,189.25,51.4182739,8.3368511,6.4,-53,125
2026-03-12T19:46:17.467758,0,3,1,0,9,-0.125,193.5,189.25,51.4182739,8.3368511,6.4,-56,125
2026-03-12T19:46:17.494387,0,3,1,0,9,-0.125,193.5,189.25,51.4182739,8.3368511,6.4,-58,125
2026-03-12T19:46:17.520477,0,3,1,0,9,-0.125,193.5,189.25,51.4182739,8.3368511,6.4,-58,126
2026-03-12T19:46:17.545520,0,3,1,0,9,-0.125,193.5,189.25,51.4182739,8.3368511,6.4,-59,125
2026-03-12T19:46:17.572793,0,3,1,0,9,-0.1875,193.75,189.25,51.4182739,8.3368511,6.4,-59,124
2026-03-12T19:46:17.599396,0,3,1,0,9,-0.1875,193.75,189.25,51.4182739,8.3368511,6.4,-60,124
2026-03-12T19:46:17.627364,0,3,1,0,9,-0.1875,193.75,189.25,51.4182739,8.3368511,6.4,-59,124
2026-03-12T19:46:17.741561,0,3,1,0,9,-0.1875,194.0,189.25,51.4182739,8.3368511,6.4,-58,125
2026-03-12T19:46:17.866713,0,3,1,0,9,-0.1875,194.0,189.25,51.4182739,8.3368511,6.4,-58,125
2026-03-12T19:46:17.998779,0,3,1,0,9,-0.1875,194.0,189.25,51.4182739,8.3368511,6.4,-57,125
2026-03-12T19:46:18.122178,0,3,1,0,9,-0.1875,193.75,0.0,0.0,0.0,6.4,-57,124
2026-03-12T19:46:18.697168,0,3,1,0,9,-0.1875,193.75,0.0,0.0,0.0,6.4,-58,124
2026-03-12T19:46:18.757493,0,3,1,0,9,-0.1875,194.0,0.0,0.0,0.0,6.4,-58,125
2026-03-12T19:46:18.855886,0,3,1,0,9,-0.1875,194.0,0.0,0.0,0.0,6.4,-58,125
2026-03-12T19:46:18.888062,0,3,1,0,9,-0.1875,194.0,0.0,0.0,0.0,6.4,-58,125
2026-03-12T19:46:18.920529,0,3,1,0,9,-0.1875,194.0,0.0,0.0,0.0,6.4,-58,125
2026-03-12T19:46:18.955547,0,3,1,0,9,-0.1875,194.0,0.0,0.0,0.0,6.4,-58,126
2026-03-12T19:46:18.993697,0,3,1,0,9,-0.1875,194.0,0.0,0.0,0.0,6.4,-58,125
2026-03-12T19:46:19.124326,0,3,1,0,9,-0.1875,194.0,0.0,0.0,0.0,6.4,-58,125
2026-03-12T19:46:19.246288,0,3,1,0,9,-0.1875,194.25,0.0,0.0,0.0,6.4,-58,125
2026-03-12T19:46:19.369802,0,3,1,0,9,-0.25,194.0,0.0,0.0,0.0,6.4,-58,126
2026-03-12T19:46:19.494970,0,3,1,0,9,-0.25,194.0,0.0,0.0,0.0,6.4,-57,125
2026-03-12T19:46:27.418050,0,3,1,0,9,-0.25,193.75,189.25,51.4182739,8.3368511,6.4,-56,125
2026-03-12T19:46:28.274934,0,3,1,0,9,-0.25,193.75,189.25,51.4182739,8.3368511,6.4,-56,125
2026-03-12T19:46:28.310460,0,3,1,0,9,-0.25,193.75,189.25,51.4182739,8.3368511,6.4,-56,125
2026-03-12T19:46:28.346095,0,3,1,0,9,-0.25,193.75,189.25,51.4182739,8.3368511,6.4,-56,126
2026-03-12T19:46:28.378602,0,3,1,0,9,-0.25,193.75,189.25,51.4182739,8.3368511,6.4,-56,125
2026-03-12T19:46:28.410952,0,3,1,0,9,-0.25,193.75,189.25,51.4182739,8.3368511,6.4,-56,125
2026-03-12T19:46:28.442559,0,3,1,0,9,-0.25,193.75,189.25,51.4182739,8.3368511,6.4,-56,125
2026-03-12T19:46:28.475794,0,3,1,0,9,-0.25,194.0,189.25,51.4182739,8.3368511,6.4,-56,125
2026-03-12T19:46:28.507369,0,3,1,0,9,-0.25,194.0,0.0,0.0,0.0,6.4,-56,124
2026-03-12T19:46:29.069997,0,3,1,0,9,-0.25,193.75,0.0,0.0,0.0,6.4,-56,126
2026-03-12T19:46:29.133935,0,3,1,0,9,-0.25,194.0,0.0,0.0,0.0,6.4,-56,125
2026-03-12T19:46:29.378742,0,3,1,0,9,-0.25,194.0,0.0,0.0,0.0,6.4,-57,125
2026-03-12T19:46:29.634499,0,3,1,0,9,-0.25,194.0,0.0,0.0,0.0,6.4,-57,125
2026-03-12T19:46:29.906121,0,3,1,0,9,-0.25,193.75,0.0,0.0,0.0,6.4,-57,126
2026-03-12T19:46:29.962068,0,3,1,0,9,-0.1875,193.75,0.0,0.0,0.0,6.4,-52,125
2026-03-12T19:46:30.000615,0,3,1,0,9,-0.1875,193.75,0.0,0.0,0.0,6.4,-51,125
2026-03-12T19:46:30.035743,0,3,1,0,9,-0.1875,193.75,0.0,0.0,0.0,6.4,-52,125
2026-03-12T19:46:30.067919,0,3,1,0,9,-0.1875,193.75,0.0,0.0,0.0,6.4,-51,126
2026-03-12T19:46:30.104236,0,3,1,0,9,-0.1875,193.75,0.0,0.0,0.0,6.4,-51,125
2026-03-12T19:46:30.141849,0,3,1,0,9,-0.1875,193.75,0.0,0.0,0.0,6.4,-50,125
2026-03-12T19:46:30.179098,0,3,1,0,9,-0.1875,193.75,0.0,0.0,0.0,6.4,-50,125
2026-03-12T19:46:30.214498,0,3,1,0,9,-0.1875,193.75,0.0,0.0,0.0,6.4,-49,125
2026-03-12T19:46:30.247420,0,3,1,0,9,-0.1875,194.0,0.0,0.0,0.0,6.4,-50,124
2026-03-12T19:46:30.278357,0,3,1,0,9,-0.25,193.75,0.0,0.0,0.0,6.4,-50,124
2026-03-12T19:46:30.311396,0,3,1,0,9,-0.25,193.75,0.0,0.0,0.0,6.4,-50,124
2026-03-12T19:46:30.341450,0,3,1,0,9,-0.25,194.0,0.0,0.0,0.0,6.4,-50,124
2026-03-12T19:46:30.372551,0,3,1,0,9,-0.1875,193.75,0.0,0.0,0.0,6.4,-49,125
2026-03-12T19:46:30.403153,0,3,1,0,9,-0.25,193.75,0.0,0.0,0.0,6.4,-49,125
2026-03-12T19:46:30.436187,0,3,1,0,9,-0.25,193.75,0.0,0.0,0.0,6.4,-49,126
2026-03-12T19:46:30.520046,0,3,1,0,9,-0.25,193.75,0.0,0.0,0.0,6.4,-48,125
2026-03-12T19:46:30.644851,0,3,1,0,9,-0.25,193.5,0.0,0.0,0.0,6.4,-47,125
2026-03-12T19:46:30.770530,0,3,1,0,9,-0.25,193.5,0.0,0.0,0.0,6.4,-46,125
2026-03-12T19:46:30.895642,0,3,1,0,9,-0.25,194.0,0.0,0.0,0.0,6.4,-46,126
2026-03-12T19:46:31.020622,0,3,1,0,9,-0.25,194.0,0.0,0.0,0.0,6.4,-46,125
2026-03-12T19:46:45.198715,0,3,1,0,9,-0.25,194.0,0.0,0.0,0.0,6.4,-46,125
2026-03-12T19:46:48.306366,0,3,1,0,9,-0.25,193.75,0.0,0.0,0.0,6.4,-46,125
2026-03-12T19:46:49.469806,0,3,1,0,9,-0.25,193.75,0.0,0.0,0.0,6.4,-46,126
2026-03-12T19:46:49.501046,0,3,1,0,9,-0.25,193.75,0.0,0.0,0.0,6.4,-46,124
2026-03-12T19:46:49.531657,0,3,1,0,9,-0.25,193.75,0.0,0.0,0.0,6.4,-46,124
2026-03-12T19:46:49.569893,0,3,1,0,9,-0.25,193.5,0.0,0.0,0.0,6.4,-46,124
2026-03-12T19:46:49.603076,0,3,1,0,9,-0.25,193.75,0.0,0.0,0.0,6.4,-46,124
2026-03-12T19:46:53.914907,0,3,1,0,9,-0.25,193.75,0.0,0.0,0.0,6.4,-46,125
2026-03-12T19:46:53.948640,0,3,1,0,9,-0.25,193.5,0.0,0.0,0.0,6.4,-46,124
2026-03-12T19:46:53.984570,0,3,1,0,9,-0.1875,193.5,0.0,0.0,0.0,6.4,-46,124
2026-03-12T19:46:54.022137,0,3,1,0,9,-0.1875,193.5,0.0,0.0,0.0,6.4,-46,124
2026-03-12T19:46:54.059669,0,3,1,0,9,-0.25,194.0,0.0,0.0,0.0,6.4,-46,125
2026-03-12T19:46:54.092536,0,3,1,0,9,-0.25,193.5,0.0,0.0,0.0,6.4,-47,124
2026-03-12T19:46:54.125991,0,3,1,0,9,-0.25,194.0,0.0,0.0,0.0,6.4,-48,124
2026-03-12T19:46:54.161149,0,3,1,0,9,-0.25,194.0,0.0,0.0,0.0,6.4,-50,125
2026-03-12T19:46:54.630216,0,3,1,0,9,0.75,194.25,0.0,0.0,0.0,6.4,-48,126
2026-03-12T19:46:54.696838,0,3,1,0,9,0.75,194.0,0.0,0.0,0.0,6.4,-49,125
2026-03-12T19:46:54.818597,0,3,1,0,9,0.75,194.25,0.0,0.0,0.0,6.4,-49,124
2026-03-12T19:46:54.953478,0,3,1,0,9,0.8125,194.25,0.0,0.0,0.0,6.4,-48,125
2026-03-12T19:46:55.084718,0,3,1,0,9,0.8125,194.25,0.0,0.0,0.0,6.4,-48,125
2026-03-12T19:46:55.193284,0,3,1,0,9,0.8125,194.25,0.0,0.0,0.0,6.4,-48,124
2026-03-12T19:46:55.319823,0,3,1,0,9,0.8125,194.25,0.0,0.0,0.0,6.4,-49,124
2026-03-12T19:46:55.451959,0,3,1,0,9,0.8125,194.0,0.0,0.0,0.0,6.4,-51,124
2026-03-12T19:46:56.065300,0,3,1,0,9,0.8125,194.0,0.0,0.0,0.0,6.4,-52,124
2026-03-12T19:46:56.167093,0,3,1,0,9,0.8125,194.0,0.0,0.0,0.0,6.4,-52,125
2026-03-12T19:46:56.265651,0,3,1,0,9,0.8125,194.0,190.0,51.4231033,8.3181295,6.4,-53,125
2026-03-12T19:46:57.690609,0,3,1,0,9,0.8125,194.25,190.0,51.4231033,8.3181295,6.4,-54,125
2026-03-12T19:46:58.807723,0,3,1,0,9,0.8125,194.5,190.0,51.4231033,8.3181295,6.4,-54,125
2026-03-12T19:46:58.835842,0,3,1,0,9,0.8125,194.25,190.0,51.4231033,8.3181295,6.4,-54,124
2026-03-12T19:46:58.865310,0,3,1,0,9,0.8125,194.0,190.0,51.4231033,8.3181295,6.4,-54,125
2026-03-12T19:46:58.892768,0,3,1,0,9,0.8125,194.25,0.0,0.0,0.0,6.4,-53,124
2026-03-12T19:46:59.768982,0,3,1,0,9,0.8125,194.25,0.0,0.0,0.0,6.4,-52,125
2026-03-12T19:46:59.801824,0,3,1,0,9,0.8125,194.0,0.0,0.0,0.0,6.4,-51,125
2026-03-12T19:46:59.859889,0,3,1,0,9,0.8125,194.0,0.0,0.0,0.0,6.4,-50,125
2026-03-12T19:46:59.895036,0,3,1,0,9,0.8125,194.0,0.0,0.0,0.0,6.4,-49,124
2026-03-12T19:46:59.930963,0,3,1,0,9,0.8125,194.25,0.0,0.0,0.0,6.4,-48,125
2026-03-12T19:47:24.064901,0,3,1,0,9,0.8125,194.25,0.0,0.0,0.0,6.4,-48,124
2026-03-12T19:47:24.129779,0,3,1,0,9,0.8125,194.5,0.0,0.0,0.0,6.4,-49,124
2026-03-12T19:47:24.176593,0,3,1,0,9,0.8125,194.25,0.0,0.0,0.0,6.4,-50,125
2026-03-12T19:47:24.220804,0,3,1,0,9,0.8125,193.75,0.0,0.0,0.0,6.4,-50,124
2026-03-12T19:47:24.271319,0,3,1,0,9,0.8125,194.25,0.0,0.0,0.0,6.4,-51,124
2026-03-12T19:47:24.321196,0,3,1,0,9,0.75,194.25,0.0,0.0,0.0,6.4,-51,124
2026-03-12T19:47:24.364048,0,3,1,0,9,0.8125,194.0,0.0,0.0,0.0,6.4,-51,125
2026-03-12T19:47:24.409857,0,3,1,0,9,0.8125,194.0,0.0,0.0,0.0,6.4,-51,126
2026-03-12T19:47:24.462965,0,3,1,0,9,0.8125,194.0,0.0,0.0,0.0,6.4,-50,125
2026-03-12T19:47:24.516561,0,3,1,0,9,0.8125,194.25,0.0,0.0,0.0,6.4,-51,125
2026-03-12T19:47:24.559996,0,3,1,0,9,0.8125,194.0,0.0,0.0,0.0,6.4,-51,125
2026-03-12T19:47:24.599027,0,3,1,0,9,0.8125,194.0,0.0,0.0,0.0,6.4,-52,125
2026-03-12T19:47:24.637496,0,3,1,0,9,0.8125,194.0,0.0,0.0,0.0,6.4,-52,126
2026-03-12T19:47:24.672050,0,3,1,0,9,0.8125,194.0,0.0,0.0,0.0,6.4,-51,124
2026-03-12T19:47:24.734409,0,3,1,0,9,0.25,193.75,939.5,51.4182624,8.2821168,6.4,-49,124
2026-03-12T19:47:24.774170,0,3,1,0,9,0.25,193.75,0.0,0.0,0.0,6.4,-48,124
2026-03-12T19:47:24.809087,0,3,1,0,9,0.25,193.5,0.0,0.0,0.0,6.4,-49,125
2026-03-12T19:47:25.112971,0,3,1,0,9,0.25,193.5,0.0,0.0,0.0,6.4,-49,124
2026-03-12T19:47:25.168348,0,3,1,0,9,0.25,193.5,0.0,0.0,0.0,6.4,-50,125
2026-03-12T19:47:25.214874,0,3,1,0,9,0.25,193.5,0.0,0.0,0.0,6.4,-51,124
2026-03-12T19:47:25.264660,0,3,1,0,9,0.1875,193.5,0.0,0.0,0.0,6.4,-52,124
2026-03-12T19:47:25.305622,0,3,1,0,9,0.1875,193.5,0.0,0.0,0.0,6.4,-52,124
2026-03-12T19:47:25.350024,0,3,1,0,9,0.1875,193.5,0.0,0.0,0.0,6.4,-52,126
2026-03-12T19:47:25.387371,0,3,1,0,9,0.1875,193.75,0.0,0.0,0.0,6.4,-54,125
2026-03-12T19:47:25.675065,0,3,1,0,9,0.25,193.5,0.0,0.0,0.0,6.4,-54,125
2026-03-12T19:47:27.094531,0,3,1,0,9,0.25,193.75,0.0,0.0,0.0,6.4,-55,125
2026-03-12T19:47:27.161704,0,3,1,0,9,0.25,193.5,951.0,51.4192199,8.279725,6.4,-56,125
2026-03-12T19:47:27.737926,0,3,1,0,9,0.3125,193.75,951.0,51.4192199,8.279725,6.4,-64,125
2026-03-12T19:47:27.950864,0,3,1,0,9,0.3125,193.75,951.0,51.4192199,8.279725,6.4,-58,124
2026-03-12T19:47:27.986053,0,3,1,0,9,0.3125,193.5,951.0,51.4192199,8.279725,6.4,-54,125
2026-03-12T19:47:28.013790,0,3,1,0,9,0.3125,193.5,951.0,51.4192199,8.279725,6.4,-51,125
2026-03-12T19:47:28.051896,0,3,1,0,9,0.3125,193.5,951.0,51.4192199,8.279725,6.4,-54,125
2026-03-12T19:47:28.080470,0,3,1,0,9,0.25,193.5,0.0,0.0,0.0,6.4,-56,126
2026-03-12T19:48:10.789375,0,3,1,0,9,0.25,193.75,0.0,0.0,0.0,6.4,-59,125
2026-03-12T19:48:10.832794,0,3,1,0,9,0.25,193.5,0.0,0.0,0.0,6.4,-52,125
2026-03-12T19:48:10.870603,0,3,1,0,9,0.25,193.5,0.0,0.0,0.0,6.4,-49,125
2026-03-12T19:48:10.900785,0,3,1,0,9,0.1875,193.5,0.0,0.0,0.0,6.4,-48,126
2026-03-12T19:48:10.932551,0,3,1,0,9,0.1875,193.5,0.0,0.0,0.0,6.4,-46,125
2026-03-12T19:48:10.963094,0,3,1,0,9,0.25,193.5,0.0,0.0,0.0,6.4,-45,125
2026-03-12T19:48:11.001013,0,3,1,0,9,0.1875,193.5,0.0,0.0,0.0,6.4,-45,124
2026-03-12T19:48:11.034385,0,3,1,0,9,0.25,193.5,0.0,0.0,0.0,6.4,-47,124
2026-03-12T19:48:11.087881,0,3,1,0,9,0.25,193.5,0.0,0.0,0.0,6.4,-46,125
2026-03-12T19:48:11.126483,0,3,1,0,9,0.375,193.5,0.0,0.0,0.0,6.4,-46,124
2026-03-12T19:48:12.822658,0,3,1,0,9,0.3125,193.25,0.0,0.0,0.0,6.4,-48,125
2026-03-12T19:48:12.875868,0,3,1,0,9,0.3125,193.75,0.0,0.0,0.0,6.4,-49,126
2026-03-12T19:48:12.909935,0,3,1,0,9,0.3125,193.5,0.0,0.0,0.0,6.4,-52,125
2026-03-12T19:48:12.942291,0,3,1,0,9,0.3125,193.5,0.0,0.0,0.0,6.4,-48,125
2026-03-12T19:48:12.991603,0,3,1,0,9,-1.0,194.5,0.0,0.0,0.0,6.4,-22,124
2026-03-12T19:48:13.023020,0,3,1,0,9,-1.0,194.0,0.0,0.0,0.0,6.6,-22,124
2026-03-12T19:48:13.056019,0,3,1,0,9,-1.0,194.5,0.0,0.0,0.0,6.4,-22,125
2026-03-12T19:48:13.089844,0,3,1,0,9,-1.0,194.5,0.0,0.0,0.0,6.4,-22,124
2026-03-12T19:48:13.127390,0,3,1,0,9,-1.0,194.5,0.0,0.0,0.0,6.4,-22,124
2026-03-12T19:48:59.234608,0,3,1,0,9,-1.0,194.0,0.0,0.0,0.0,6.4,-22,124
2026-03-12T19:48:59.336664,0,3,1,0,9,-1.0,194.0,0.0,0.0,0.0,6.4,-22,126
2026-03-12T19:48:59.372677,0,3,1,0,9,-1.0,194.0,0.0,0.0,0.0,6.4,-22,125
2026-03-12T19:48:59.407985,0,3,1,0,9,-1.0,194.5,0.0,0.0,0.0,6.4,-22,125
2026-03-12T19:48:59.600304,0,3,1,0,9,-1.0,194.0,0.0,0.0,0.0,6.4,-22,126
2026-03-12T19:48:59.759064,0,3,1,0,9,-1.0,194.75,0.0,0.0,0.0,6.4,-22,125
2026-03-12T19:48:59.797004,0,3,1,0,9,-1.0,194.25,0.0,0.0,0.0,6.4,-22,124
2026-03-12T19:48:59.889947,0,3,1,0,9,-1.0,195.0,0.0,0.0,0.0,6.4,-22,124
2026-03-12T19:49:00.183382,0,3,1,0,9,-1.0,195.0,0.0,0.0,0.0,6.4,-22,125
2026-03-12T19:49:00.222310,0,3,1,0,9,-1.0,194.5,0.0,0.0,0.0,6.4,-22,125
2026-03-12T19:49:00.261652,0,3,1,0,9,-1.0,194.5,0.0,0.0,0.0,6.4,-22,125
2026-03-12T19:49:00.348590,0,3,1,0,9,-1.0,195.0,0.0,0.0,0.0,6.4,-22,125
2026-03-12T19:49:00.473498,0,3,1,0,9,-1.0,195.0,0.0,0.0,0.0,6.4,-22,126
2026-03-12T19:49:00.598479,0,3,1,0,9,-1.0,195.0,0.0,0.0,0.0,6.4,-22,125
2026-03-12T19:49:00.836870,0,3,1,0,9,-1.0,195.0,0.0,0.0,0.0,6.4,-22,125
2026-03-12T19:49:00.878441,0,3,1,0,9,-1.0,195.0,0.0,0.0,0.0,6.4,-22,125
2026-03-12T19:49:00.974650,0,3,1,0,9,-1.0,194.5,0.0,0.0,0.0,6.4,-22,125
2026-03-12T19:49:01.099906,0,3,1,0,9,-1.0,194.75,0.0,0.0,0.0,6.4,-22,126
2026-03-12T19:49:01.225171,0,3,1,0,9,-1.0,195.0,0.0,0.0,0.0,6.4,-22,125
2026-03-12T19:49:01.349416,0,3,1,0,9,-1.0,194.5,0.0,0.0,0.0,6.4,-22,124
2026-03-12T19:49:02.220520,0,3,1,0,9,-1.0,194.5,0.0,0.0,0.0,6.4,-22,124
2026-03-12T19:49:02.255090,0,3,1,0,9,-1.0,195.0,0.0,0.0,0.0,6.4,-22,125
2026-03-12T19:49:02.297805,0,3,1,0,9,-1.0,195.0,0.0,0.0,0.0,6.4,-22,124
2026-03-12T19:49:02.330590,0,3,1,0,9,-1.0,195.0,0.0,0.0,0.0,6.4,-22,124
2026-03-12T19:49:02.365952,0,3,1,0,9,-1.0,195.0,0.0,0.0,0.0,6.4,-22,125
2026-03-12T19:49:02.402705,0,3,1,0,9,-1.0,195.0,0.0,0.0,0.0,6.4,-22,126
2026-03-12T19:49:02.445110,0,3,1,0,9,-1.0,194.5,0.0,0.0,0.0,6.4,-22,125
2026-03-12T19:49:02.487019,0,3,1,0,9,-1.0,194.5,0.0,0.0,0.0,6.4,-22,125
2026-03-12T19:49:02.539604,0,3,1,0,9,-1.0,194.75,0.0,0.0,0.0,6.4,-22,125
