ISO-10303-21;
HEADER;
FILE_DESCRIPTION(('STEP AP242'),'1');
FILE_NAME('esq-106-13-t-s.stp','2025-10-01T14:41:25',('TraceParts'),('TraceParts S.A.S.'),'Spatial InterOp 3D',' ',' ');
FILE_SCHEMA(('AP242_MANAGED_MODEL_BASED_3D_ENGINEERING_MIM_LF  {1 0 10303 442 1 1 4}'));
ENDSEC;
DATA;
#1=MECHANICAL_DESIGN_GEOMETRIC_PRESENTATION_REPRESENTATION(' ',(#10,#11,#12,#13,#14,#15,#16,#17,#18,#19,#20,#21,#22,#23,#24,#25,#26,#27,#28,#29,#30,#31,#32,#33,#34,#35,#36,#37,#38,#39,#40,#41,#42,#43,#44,#45,#46,#47,#48,#49,#50,#51,#52,#53,#54,#55,#56,#57,#58,#59,#60,#61,#62,#63,#64,#65,#66,#67,#68,#69,#70,#71,#72,#73,#74,#75,#76,#77,#78,#79,#80,#81,#82,#83,#84,#85,#86,#87,#88,#89,#90,#91,#92,#93,#94,#95,#96,#97,#98,#99,#100,#101,#102,#103,#104,#105,#106,#107,#108,#109,#110,#111,#112,#113,#114,#115,#116,#117,#118,#119,#120,#121,#122,#123,#124,#125,#126,#127,#128,#129,#130,#131,#132,#133,#134,#135,#136,#137,#138,#139,#140,#141,#142,#143,#144,#145,#146,#147,#148,#149,#150,#151,#152,#153,#154,#155,#156,#157,#158,#159,#160,#161,#162,#163,#164,#165,#166,#167,#168,#169,#170,#171,#172,#173,#174,#175,#176,#177,#178,#179,#180,#181,#182,#183,#184,#185,#186,#187,#188,#189,#190,#191,#192,#193,#194,#195,#196,#197,#198,#199,#200,#201,#202,#203,#204,#205,#206,#207,#208,#209,#210,#211,#212,#213,#214,#215,#216,#217,#218,#219,#220,#221,#222,#223,#224,#225,#226,#227,#228,#229,#230,#231,#232,#233,#234,#235,#236,#237,#238,#239,#240,#241,#242,#243,#244,#245,#246,#247,#248,#249,#250,#251,#252,#253,#254,#255,#256,#257,#258,#259,#260,#261,#262,#263,#264,#265,#266,#267,#268,#269,#270,#271,#272,#273,#274,#275,#276,#277,#278,#279,#280,#281,#282,#283,#284,#285,#286,#287,#288,#289,#290,#291,#292,#293,#294,#295,#296,#297,#298,#299,#300,#301,#302,#303,#304,#305,#306,#307,#308,#309,#310,#311,#312,#313,#314,#315,#316,#317,#318,#319,#320,#321,#322,#323,#324,#325,#326,#327,#328,#329,#330,#331,#332,#333,#334,#335,#336,#337,#338,#339,#340,#341,#342,#343,#344,#345,#346,#347,#348,#349,#350,#351,#352,#353,#354,#355,#356,#357,#358,#359,#360,#361,#362,#363,#364,#365,#366,#367,#368,#369),#6);
#2=PRODUCT_DEFINITION_CONTEXT('',#370,'design');
#3=APPLICATION_PROTOCOL_DEFINITION('INTERNATIONAL STANDARD','ap242_managed_model_based_3d_engineering',2014,#370);
#4=PRODUCT_CATEGORY_RELATIONSHIP('NONE','NONE',#371,#372);
#5=SHAPE_DEFINITION_REPRESENTATION(#373,#374);
#6= (GEOMETRIC_REPRESENTATION_CONTEXT(3)GLOBAL_UNCERTAINTY_ASSIGNED_CONTEXT((#377))GLOBAL_UNIT_ASSIGNED_CONTEXT((#379,#380,#381))REPRESENTATION_CONTEXT('NONE','WORKSPACE'));
#10=STYLED_ITEM('',(#383),#384);
#11=STYLED_ITEM('',(#385),#386);
#12=STYLED_ITEM('',(#387),#388);
#13=STYLED_ITEM('',(#389),#390);
#14=STYLED_ITEM('',(#391),#392);
#15=STYLED_ITEM('',(#393),#394);
#16=STYLED_ITEM('',(#395),#396);
#17=STYLED_ITEM('',(#397),#398);
#18=STYLED_ITEM('',(#399),#400);
#19=STYLED_ITEM('',(#401),#402);
#20=STYLED_ITEM('',(#403),#404);
#21=STYLED_ITEM('',(#405),#406);
#22=STYLED_ITEM('',(#407),#408);
#23=STYLED_ITEM('',(#409),#410);
#24=STYLED_ITEM('',(#411),#412);
#25=STYLED_ITEM('',(#413),#414);
#26=STYLED_ITEM('',(#415),#416);
#27=STYLED_ITEM('',(#417),#418);
#28=STYLED_ITEM('',(#419),#420);
#29=STYLED_ITEM('',(#421),#422);
#30=STYLED_ITEM('',(#423),#424);
#31=STYLED_ITEM('',(#425),#426);
#32=STYLED_ITEM('',(#427),#428);
#33=STYLED_ITEM('',(#429),#430);
#34=STYLED_ITEM('',(#431),#432);
#35=STYLED_ITEM('',(#433),#434);
#36=STYLED_ITEM('',(#435),#436);
#37=STYLED_ITEM('',(#437),#438);
#38=STYLED_ITEM('',(#439),#440);
#39=STYLED_ITEM('',(#441),#442);
#40=STYLED_ITEM('',(#443),#444);
#41=STYLED_ITEM('',(#445),#446);
#42=STYLED_ITEM('',(#447),#448);
#43=STYLED_ITEM('',(#449),#450);
#44=STYLED_ITEM('',(#451),#452);
#45=STYLED_ITEM('',(#453),#454);
#46=STYLED_ITEM('',(#455),#456);
#47=STYLED_ITEM('',(#457),#458);
#48=STYLED_ITEM('',(#459),#460);
#49=STYLED_ITEM('',(#461),#462);
#50=STYLED_ITEM('',(#463),#464);
#51=STYLED_ITEM('',(#465),#466);
#52=STYLED_ITEM('',(#467),#468);
#53=STYLED_ITEM('',(#469),#470);
#54=STYLED_ITEM('',(#471),#472);
#55=STYLED_ITEM('',(#473),#474);
#56=STYLED_ITEM('',(#475),#476);
#57=STYLED_ITEM('',(#477),#478);
#58=STYLED_ITEM('',(#479),#480);
#59=STYLED_ITEM('',(#481),#482);
#60=STYLED_ITEM('',(#483),#484);
#61=STYLED_ITEM('',(#485),#486);
#62=STYLED_ITEM('',(#487),#488);
#63=STYLED_ITEM('',(#489),#490);
#64=STYLED_ITEM('',(#491),#492);
#65=STYLED_ITEM('',(#493),#494);
#66=STYLED_ITEM('',(#495),#496);
#67=STYLED_ITEM('',(#497),#498);
#68=STYLED_ITEM('',(#499),#500);
#69=STYLED_ITEM('',(#501),#502);
#70=STYLED_ITEM('',(#503),#504);
#71=STYLED_ITEM('',(#505),#506);
#72=STYLED_ITEM('',(#507),#508);
#73=STYLED_ITEM('',(#509),#510);
#74=STYLED_ITEM('',(#511),#512);
#75=STYLED_ITEM('',(#513),#514);
#76=STYLED_ITEM('',(#515),#516);
#77=STYLED_ITEM('',(#517),#518);
#78=STYLED_ITEM('',(#519),#520);
#79=STYLED_ITEM('',(#521),#522);
#80=STYLED_ITEM('',(#523),#524);
#81=STYLED_ITEM('',(#525),#526);
#82=STYLED_ITEM('',(#527),#528);
#83=STYLED_ITEM('',(#529),#530);
#84=STYLED_ITEM('',(#531),#532);
#85=STYLED_ITEM('',(#533),#534);
#86=STYLED_ITEM('',(#535),#536);
#87=STYLED_ITEM('',(#537),#538);
#88=STYLED_ITEM('',(#539),#540);
#89=STYLED_ITEM('',(#541),#542);
#90=STYLED_ITEM('',(#543),#544);
#91=STYLED_ITEM('',(#545),#546);
#92=STYLED_ITEM('',(#547),#548);
#93=STYLED_ITEM('',(#549),#550);
#94=STYLED_ITEM('',(#551),#552);
#95=STYLED_ITEM('',(#553),#554);
#96=STYLED_ITEM('',(#555),#556);
#97=STYLED_ITEM('',(#557),#558);
#98=STYLED_ITEM('',(#559),#560);
#99=STYLED_ITEM('',(#561),#562);
#100=STYLED_ITEM('',(#563),#564);
#101=STYLED_ITEM('',(#565),#566);
#102=STYLED_ITEM('',(#567),#568);
#103=STYLED_ITEM('',(#569),#570);
#104=STYLED_ITEM('',(#571),#572);
#105=STYLED_ITEM('',(#573),#574);
#106=STYLED_ITEM('',(#575),#576);
#107=STYLED_ITEM('',(#577),#578);
#108=STYLED_ITEM('',(#579),#580);
#109=STYLED_ITEM('',(#581),#582);
#110=STYLED_ITEM('',(#583),#584);
#111=STYLED_ITEM('',(#585),#586);
#112=STYLED_ITEM('',(#587),#588);
#113=STYLED_ITEM('',(#589),#590);
#114=STYLED_ITEM('',(#591),#592);
#115=STYLED_ITEM('',(#593),#594);
#116=STYLED_ITEM('',(#595),#596);
#117=STYLED_ITEM('',(#597),#598);
#118=STYLED_ITEM('',(#599),#600);
#119=STYLED_ITEM('',(#601),#602);
#120=STYLED_ITEM('',(#603),#604);
#121=STYLED_ITEM('',(#605),#606);
#122=STYLED_ITEM('',(#607),#608);
#123=STYLED_ITEM('',(#609),#610);
#124=STYLED_ITEM('',(#611),#612);
#125=STYLED_ITEM('',(#613),#614);
#126=STYLED_ITEM('',(#615),#616);
#127=STYLED_ITEM('',(#617),#618);
#128=STYLED_ITEM('',(#619),#620);
#129=STYLED_ITEM('',(#621),#622);
#130=STYLED_ITEM('',(#623),#624);
#131=STYLED_ITEM('',(#625),#626);
#132=STYLED_ITEM('',(#627),#628);
#133=STYLED_ITEM('',(#629),#630);
#134=STYLED_ITEM('',(#631),#632);
#135=STYLED_ITEM('',(#633),#634);
#136=STYLED_ITEM('',(#635),#636);
#137=STYLED_ITEM('',(#637),#638);
#138=STYLED_ITEM('',(#639),#640);
#139=STYLED_ITEM('',(#641),#642);
#140=STYLED_ITEM('',(#643),#644);
#141=STYLED_ITEM('',(#645),#646);
#142=STYLED_ITEM('',(#647),#648);
#143=STYLED_ITEM('',(#649),#650);
#144=STYLED_ITEM('',(#651),#652);
#145=STYLED_ITEM('',(#653),#654);
#146=STYLED_ITEM('',(#655),#656);
#147=STYLED_ITEM('',(#657),#658);
#148=STYLED_ITEM('',(#659),#660);
#149=STYLED_ITEM('',(#661),#662);
#150=STYLED_ITEM('',(#663),#664);
#151=STYLED_ITEM('',(#665),#666);
#152=STYLED_ITEM('',(#667),#668);
#153=STYLED_ITEM('',(#669),#670);
#154=STYLED_ITEM('',(#671),#672);
#155=STYLED_ITEM('',(#673),#674);
#156=STYLED_ITEM('',(#675),#676);
#157=STYLED_ITEM('',(#677),#678);
#158=STYLED_ITEM('',(#679),#680);
#159=STYLED_ITEM('',(#681),#682);
#160=STYLED_ITEM('',(#683),#684);
#161=STYLED_ITEM('',(#685),#686);
#162=STYLED_ITEM('',(#687),#688);
#163=STYLED_ITEM('',(#689),#690);
#164=STYLED_ITEM('',(#691),#692);
#165=STYLED_ITEM('',(#693),#694);
#166=STYLED_ITEM('',(#695),#696);
#167=STYLED_ITEM('',(#697),#698);
#168=STYLED_ITEM('',(#699),#700);
#169=STYLED_ITEM('',(#701),#702);
#170=STYLED_ITEM('',(#703),#704);
#171=STYLED_ITEM('',(#705),#706);
#172=STYLED_ITEM('',(#707),#708);
#173=STYLED_ITEM('',(#709),#710);
#174=STYLED_ITEM('',(#711),#712);
#175=STYLED_ITEM('',(#713),#714);
#176=STYLED_ITEM('',(#715),#716);
#177=STYLED_ITEM('',(#717),#718);
#178=STYLED_ITEM('',(#719),#720);
#179=STYLED_ITEM('',(#721),#722);
#180=STYLED_ITEM('',(#723),#724);
#181=STYLED_ITEM('',(#725),#726);
#182=STYLED_ITEM('',(#727),#728);
#183=STYLED_ITEM('',(#729),#730);
#184=STYLED_ITEM('',(#731),#732);
#185=STYLED_ITEM('',(#733),#734);
#186=STYLED_ITEM('',(#735),#736);
#187=STYLED_ITEM('',(#737),#738);
#188=STYLED_ITEM('',(#739),#740);
#189=STYLED_ITEM('',(#741),#742);
#190=STYLED_ITEM('',(#743),#744);
#191=STYLED_ITEM('',(#745),#746);
#192=STYLED_ITEM('',(#747),#748);
#193=STYLED_ITEM('',(#749),#750);
#194=STYLED_ITEM('',(#751),#752);
#195=STYLED_ITEM('',(#753),#754);
#196=STYLED_ITEM('',(#755),#756);
#197=STYLED_ITEM('',(#757),#758);
#198=STYLED_ITEM('',(#759),#760);
#199=STYLED_ITEM('',(#761),#762);
#200=STYLED_ITEM('',(#763),#764);
#201=STYLED_ITEM('',(#765),#766);
#202=STYLED_ITEM('',(#767),#768);
#203=STYLED_ITEM('',(#769),#770);
#204=STYLED_ITEM('',(#771),#772);
#205=STYLED_ITEM('',(#773),#774);
#206=STYLED_ITEM('',(#775),#776);
#207=STYLED_ITEM('',(#777),#778);
#208=STYLED_ITEM('',(#779),#780);
#209=STYLED_ITEM('',(#781),#782);
#210=STYLED_ITEM('',(#783),#784);
#211=STYLED_ITEM('',(#785),#786);
#212=STYLED_ITEM('',(#787),#788);
#213=STYLED_ITEM('',(#789),#790);
#214=STYLED_ITEM('',(#791),#792);
#215=STYLED_ITEM('',(#793),#794);
#216=STYLED_ITEM('',(#795),#796);
#217=STYLED_ITEM('',(#797),#798);
#218=STYLED_ITEM('',(#799),#800);
#219=STYLED_ITEM('',(#801),#802);
#220=STYLED_ITEM('',(#803),#804);
#221=STYLED_ITEM('',(#805),#806);
#222=STYLED_ITEM('',(#807),#808);
#223=STYLED_ITEM('',(#809),#810);
#224=STYLED_ITEM('',(#811),#812);
#225=STYLED_ITEM('',(#813),#814);
#226=STYLED_ITEM('',(#815),#816);
#227=STYLED_ITEM('',(#817),#818);
#228=STYLED_ITEM('',(#819),#820);
#229=STYLED_ITEM('',(#821),#822);
#230=STYLED_ITEM('',(#823),#824);
#231=STYLED_ITEM('',(#825),#826);
#232=STYLED_ITEM('',(#827),#828);
#233=STYLED_ITEM('',(#829),#830);
#234=STYLED_ITEM('',(#831),#832);
#235=STYLED_ITEM('',(#833),#834);
#236=STYLED_ITEM('',(#835),#836);
#237=STYLED_ITEM('',(#837),#838);
#238=STYLED_ITEM('',(#839),#840);
#239=STYLED_ITEM('',(#841),#842);
#240=STYLED_ITEM('',(#843),#844);
#241=STYLED_ITEM('',(#845),#846);
#242=STYLED_ITEM('',(#847),#848);
#243=STYLED_ITEM('',(#849),#850);
#244=STYLED_ITEM('',(#851),#852);
#245=STYLED_ITEM('',(#853),#854);
#246=STYLED_ITEM('',(#855),#856);
#247=STYLED_ITEM('',(#857),#858);
#248=STYLED_ITEM('',(#859),#860);
#249=STYLED_ITEM('',(#861),#862);
#250=STYLED_ITEM('',(#863),#864);
#251=STYLED_ITEM('',(#865),#866);
#252=STYLED_ITEM('',(#867),#868);
#253=STYLED_ITEM('',(#869),#870);
#254=STYLED_ITEM('',(#871),#872);
#255=STYLED_ITEM('',(#873),#874);
#256=STYLED_ITEM('',(#875),#876);
#257=STYLED_ITEM('',(#877),#878);
#258=STYLED_ITEM('',(#879),#880);
#259=STYLED_ITEM('',(#881),#882);
#260=STYLED_ITEM('',(#883),#884);
#261=STYLED_ITEM('',(#885),#886);
#262=STYLED_ITEM('',(#887),#888);
#263=STYLED_ITEM('',(#889),#890);
#264=STYLED_ITEM('',(#891),#892);
#265=STYLED_ITEM('',(#893),#894);
#266=STYLED_ITEM('',(#895),#896);
#267=STYLED_ITEM('',(#897),#898);
#268=STYLED_ITEM('',(#899),#900);
#269=STYLED_ITEM('',(#901),#902);
#270=STYLED_ITEM('',(#903),#904);
#271=STYLED_ITEM('',(#905),#906);
#272=STYLED_ITEM('',(#907),#908);
#273=STYLED_ITEM('',(#909),#910);
#274=STYLED_ITEM('',(#911),#912);
#275=STYLED_ITEM('',(#913),#914);
#276=STYLED_ITEM('',(#915),#916);
#277=STYLED_ITEM('',(#917),#918);
#278=STYLED_ITEM('',(#919),#920);
#279=STYLED_ITEM('',(#921),#922);
#280=STYLED_ITEM('',(#923),#924);
#281=STYLED_ITEM('',(#925),#926);
#282=STYLED_ITEM('',(#927),#928);
#283=STYLED_ITEM('',(#929),#930);
#284=STYLED_ITEM('',(#931),#932);
#285=STYLED_ITEM('',(#933),#934);
#286=STYLED_ITEM('',(#935),#936);
#287=STYLED_ITEM('',(#937),#938);
#288=STYLED_ITEM('',(#939),#940);
#289=STYLED_ITEM('',(#941),#942);
#290=STYLED_ITEM('',(#943),#944);
#291=STYLED_ITEM('',(#945),#946);
#292=STYLED_ITEM('',(#947),#948);
#293=STYLED_ITEM('',(#949),#950);
#294=STYLED_ITEM('',(#951),#952);
#295=STYLED_ITEM('',(#953),#954);
#296=STYLED_ITEM('',(#955),#956);
#297=STYLED_ITEM('',(#957),#958);
#298=STYLED_ITEM('',(#959),#960);
#299=STYLED_ITEM('',(#961),#962);
#300=STYLED_ITEM('',(#963),#964);
#301=STYLED_ITEM('',(#965),#966);
#302=STYLED_ITEM('',(#967),#968);
#303=STYLED_ITEM('',(#969),#970);
#304=STYLED_ITEM('',(#971),#972);
#305=STYLED_ITEM('',(#973),#974);
#306=STYLED_ITEM('',(#975),#976);
#307=STYLED_ITEM('',(#977),#978);
#308=STYLED_ITEM('',(#979),#980);
#309=STYLED_ITEM('',(#981),#982);
#310=STYLED_ITEM('',(#983),#984);
#311=STYLED_ITEM('',(#985),#986);
#312=STYLED_ITEM('',(#987),#988);
#313=STYLED_ITEM('',(#989),#990);
#314=STYLED_ITEM('',(#991),#992);
#315=STYLED_ITEM('',(#993),#994);
#316=STYLED_ITEM('',(#995),#996);
#317=STYLED_ITEM('',(#997),#998);
#318=STYLED_ITEM('',(#999),#1000);
#319=STYLED_ITEM('',(#1001),#1002);
#320=STYLED_ITEM('',(#1003),#1004);
#321=STYLED_ITEM('',(#1005),#1006);
#322=STYLED_ITEM('',(#1007),#1008);
#323=STYLED_ITEM('',(#1009),#1010);
#324=STYLED_ITEM('',(#1011),#1012);
#325=STYLED_ITEM('',(#1013),#1014);
#326=STYLED_ITEM('',(#1015),#1016);
#327=STYLED_ITEM('',(#1017),#1018);
#328=STYLED_ITEM('',(#1019),#1020);
#329=STYLED_ITEM('',(#1021),#1022);
#330=STYLED_ITEM('',(#1023),#1024);
#331=STYLED_ITEM('',(#1025),#1026);
#332=STYLED_ITEM('',(#1027),#1028);
#333=STYLED_ITEM('',(#1029),#1030);
#334=STYLED_ITEM('',(#1031),#1032);
#335=STYLED_ITEM('',(#1033),#1034);
#336=STYLED_ITEM('',(#1035),#1036);
#337=STYLED_ITEM('',(#1037),#1038);
#338=STYLED_ITEM('',(#1039),#1040);
#339=STYLED_ITEM('',(#1041),#1042);
#340=STYLED_ITEM('',(#1043),#1044);
#341=STYLED_ITEM('',(#1045),#1046);
#342=STYLED_ITEM('',(#1047),#1048);
#343=STYLED_ITEM('',(#1049),#1050);
#344=STYLED_ITEM('',(#1051),#1052);
#345=STYLED_ITEM('',(#1053),#1054);
#346=STYLED_ITEM('',(#1055),#1056);
#347=STYLED_ITEM('',(#1057),#1058);
#348=STYLED_ITEM('',(#1059),#1060);
#349=STYLED_ITEM('',(#1061),#1062);
#350=STYLED_ITEM('',(#1063),#1064);
#351=STYLED_ITEM('',(#1065),#1066);
#352=STYLED_ITEM('',(#1067),#1068);
#353=STYLED_ITEM('',(#1069),#1070);
#354=STYLED_ITEM('',(#1071),#1072);
#355=STYLED_ITEM('',(#1073),#1074);
#356=STYLED_ITEM('',(#1075),#1076);
#357=STYLED_ITEM('',(#1077),#1078);
#358=STYLED_ITEM('',(#1079),#1080);
#359=STYLED_ITEM('',(#1081),#1082);
#360=STYLED_ITEM('',(#1083),#1084);
#361=STYLED_ITEM('',(#1085),#1086);
#362=STYLED_ITEM('',(#1087),#1088);
#363=STYLED_ITEM('',(#1089),#1090);
#364=STYLED_ITEM('',(#1091),#1092);
#365=STYLED_ITEM('',(#1093),#1094);
#366=STYLED_ITEM('',(#1095),#1096);
#367=STYLED_ITEM('',(#1097),#1098);
#368=STYLED_ITEM('',(#1099),#1100);
#369=STYLED_ITEM('',(#1101),#1102);
#370=APPLICATION_CONTEXT('managed model based 3d engineering');
#371=PRODUCT_CATEGORY('part','NONE');
#372=PRODUCT_RELATED_PRODUCT_CATEGORY('detail',' ',(#1103));
#373=PRODUCT_DEFINITION_SHAPE('NONE','NONE',#1104);
#374=ADVANCED_BREP_SHAPE_REPRESENTATION('1',(#1105,#1106),#6);
#377=UNCERTAINTY_MEASURE_WITH_UNIT(LENGTH_MEASURE(1.0E-06),#379,'','');
#379= (CONVERSION_BASED_UNIT('MILLIMETRE',#1109)LENGTH_UNIT()NAMED_UNIT(#1112));
#380= (NAMED_UNIT(#1114)PLANE_ANGLE_UNIT()SI_UNIT($,.RADIAN.));
#381= (NAMED_UNIT(#1114)SOLID_ANGLE_UNIT()SI_UNIT($,.STERADIAN.));
#383=PRESENTATION_STYLE_ASSIGNMENT((#1120));
#384=ADVANCED_FACE('',(#1121),#1122,.F.);
#385=PRESENTATION_STYLE_ASSIGNMENT((#1123));
#386=ADVANCED_FACE('',(#1124),#1125,.F.);
#387=PRESENTATION_STYLE_ASSIGNMENT((#1126));
#388=ADVANCED_FACE('',(#1127),#1128,.F.);
#389=PRESENTATION_STYLE_ASSIGNMENT((#1129));
#390=ADVANCED_FACE('',(#1130),#1131,.F.);
#391=PRESENTATION_STYLE_ASSIGNMENT((#1132));
#392=ADVANCED_FACE('',(#1133),#1134,.F.);
#393=PRESENTATION_STYLE_ASSIGNMENT((#1135));
#394=ADVANCED_FACE('',(#1136),#1137,.F.);
#395=PRESENTATION_STYLE_ASSIGNMENT((#1138));
#396=ADVANCED_FACE('',(#1139),#1140,.F.);
#397=PRESENTATION_STYLE_ASSIGNMENT((#1141));
#398=ADVANCED_FACE('',(#1142),#1143,.F.);
#399=PRESENTATION_STYLE_ASSIGNMENT((#1144));
#400=ADVANCED_FACE('',(#1145),#1146,.F.);
#401=PRESENTATION_STYLE_ASSIGNMENT((#1147));
#402=ADVANCED_FACE('',(#1148),#1149,.F.);
#403=PRESENTATION_STYLE_ASSIGNMENT((#1150));
#404=ADVANCED_FACE('',(#1151),#1152,.F.);
#405=PRESENTATION_STYLE_ASSIGNMENT((#1153));
#406=ADVANCED_FACE('',(#1154),#1155,.F.);
#407=PRESENTATION_STYLE_ASSIGNMENT((#1156));
#408=ADVANCED_FACE('',(#1157),#1158,.F.);
#409=PRESENTATION_STYLE_ASSIGNMENT((#1159));
#410=ADVANCED_FACE('',(#1160),#1161,.F.);
#411=PRESENTATION_STYLE_ASSIGNMENT((#1162));
#412=ADVANCED_FACE('',(#1163),#1164,.F.);
#413=PRESENTATION_STYLE_ASSIGNMENT((#1165));
#414=ADVANCED_FACE('',(#1166),#1167,.T.);
#415=PRESENTATION_STYLE_ASSIGNMENT((#1168));
#416=ADVANCED_FACE('',(#1169),#1170,.F.);
#417=PRESENTATION_STYLE_ASSIGNMENT((#1171));
#418=ADVANCED_FACE('',(#1172),#1173,.F.);
#419=PRESENTATION_STYLE_ASSIGNMENT((#1174));
#420=ADVANCED_FACE('',(#1175),#1176,.T.);
#421=PRESENTATION_STYLE_ASSIGNMENT((#1177));
#422=ADVANCED_FACE('',(#1178),#1179,.F.);
#423=PRESENTATION_STYLE_ASSIGNMENT((#1180));
#424=ADVANCED_FACE('',(#1181),#1182,.T.);
#425=PRESENTATION_STYLE_ASSIGNMENT((#1183));
#426=ADVANCED_FACE('',(#1184),#1185,.T.);
#427=PRESENTATION_STYLE_ASSIGNMENT((#1186));
#428=ADVANCED_FACE('',(#1187),#1188,.T.);
#429=PRESENTATION_STYLE_ASSIGNMENT((#1189));
#430=ADVANCED_FACE('',(#1190),#1191,.T.);
#431=PRESENTATION_STYLE_ASSIGNMENT((#1192));
#432=ADVANCED_FACE('',(#1193),#1194,.T.);
#433=PRESENTATION_STYLE_ASSIGNMENT((#1195));
#434=ADVANCED_FACE('',(#1196),#1197,.F.);
#435=PRESENTATION_STYLE_ASSIGNMENT((#1198));
#436=ADVANCED_FACE('',(#1199),#1200,.T.);
#437=PRESENTATION_STYLE_ASSIGNMENT((#1201));
#438=ADVANCED_FACE('',(#1202),#1203,.T.);
#439=PRESENTATION_STYLE_ASSIGNMENT((#1204));
#440=ADVANCED_FACE('',(#1205),#1206,.T.);
#441=PRESENTATION_STYLE_ASSIGNMENT((#1207));
#442=ADVANCED_FACE('',(#1208),#1209,.T.);
#443=PRESENTATION_STYLE_ASSIGNMENT((#1210));
#444=ADVANCED_FACE('',(#1211),#1212,.F.);
#445=PRESENTATION_STYLE_ASSIGNMENT((#1213));
#446=ADVANCED_FACE('',(#1214),#1215,.T.);
#447=PRESENTATION_STYLE_ASSIGNMENT((#1216));
#448=ADVANCED_FACE('',(#1217),#1218,.T.);
#449=PRESENTATION_STYLE_ASSIGNMENT((#1219));
#450=ADVANCED_FACE('',(#1220),#1221,.T.);
#451=PRESENTATION_STYLE_ASSIGNMENT((#1222));
#452=ADVANCED_FACE('',(#1223),#1224,.T.);
#453=PRESENTATION_STYLE_ASSIGNMENT((#1225));
#454=ADVANCED_FACE('',(#1226),#1227,.T.);
#455=PRESENTATION_STYLE_ASSIGNMENT((#1228));
#456=ADVANCED_FACE('',(#1229),#1230,.F.);
#457=PRESENTATION_STYLE_ASSIGNMENT((#1231));
#458=ADVANCED_FACE('',(#1232),#1233,.F.);
#459=PRESENTATION_STYLE_ASSIGNMENT((#1234));
#460=ADVANCED_FACE('',(#1235),#1236,.F.);
#461=PRESENTATION_STYLE_ASSIGNMENT((#1237));
#462=ADVANCED_FACE('',(#1238),#1239,.T.);
#463=PRESENTATION_STYLE_ASSIGNMENT((#1240));
#464=ADVANCED_FACE('',(#1241),#1242,.F.);
#465=PRESENTATION_STYLE_ASSIGNMENT((#1243));
#466=ADVANCED_FACE('',(#1244),#1245,.F.);
#467=PRESENTATION_STYLE_ASSIGNMENT((#1246));
#468=ADVANCED_FACE('',(#1247),#1248,.T.);
#469=PRESENTATION_STYLE_ASSIGNMENT((#1249));
#470=ADVANCED_FACE('',(#1250),#1251,.F.);
#471=PRESENTATION_STYLE_ASSIGNMENT((#1252));
#472=ADVANCED_FACE('',(#1253),#1254,.T.);
#473=PRESENTATION_STYLE_ASSIGNMENT((#1255));
#474=ADVANCED_FACE('',(#1256),#1257,.T.);
#475=PRESENTATION_STYLE_ASSIGNMENT((#1258));
#476=ADVANCED_FACE('',(#1259),#1260,.T.);
#477=PRESENTATION_STYLE_ASSIGNMENT((#1261));
#478=ADVANCED_FACE('',(#1262),#1263,.T.);
#479=PRESENTATION_STYLE_ASSIGNMENT((#1264));
#480=ADVANCED_FACE('',(#1265),#1266,.T.);
#481=PRESENTATION_STYLE_ASSIGNMENT((#1267));
#482=ADVANCED_FACE('',(#1268),#1269,.F.);
#483=PRESENTATION_STYLE_ASSIGNMENT((#1270));
#484=ADVANCED_FACE('',(#1271),#1272,.T.);
#485=PRESENTATION_STYLE_ASSIGNMENT((#1273));
#486=ADVANCED_FACE('',(#1274),#1275,.T.);
#487=PRESENTATION_STYLE_ASSIGNMENT((#1276));
#488=ADVANCED_FACE('',(#1277),#1278,.T.);
#489=PRESENTATION_STYLE_ASSIGNMENT((#1279));
#490=ADVANCED_FACE('',(#1280),#1281,.T.);
#491=PRESENTATION_STYLE_ASSIGNMENT((#1282));
#492=ADVANCED_FACE('',(#1283),#1284,.F.);
#493=PRESENTATION_STYLE_ASSIGNMENT((#1285));
#494=ADVANCED_FACE('',(#1286),#1287,.T.);
#495=PRESENTATION_STYLE_ASSIGNMENT((#1288));
#496=ADVANCED_FACE('',(#1289),#1290,.T.);
#497=PRESENTATION_STYLE_ASSIGNMENT((#1291));
#498=ADVANCED_FACE('',(#1292),#1293,.T.);
#499=PRESENTATION_STYLE_ASSIGNMENT((#1294));
#500=ADVANCED_FACE('',(#1295),#1296,.T.);
#501=PRESENTATION_STYLE_ASSIGNMENT((#1297));
#502=ADVANCED_FACE('',(#1298),#1299,.T.);
#503=PRESENTATION_STYLE_ASSIGNMENT((#1300));
#504=ADVANCED_FACE('',(#1301),#1302,.F.);
#505=PRESENTATION_STYLE_ASSIGNMENT((#1303));
#506=ADVANCED_FACE('',(#1304),#1305,.F.);
#507=PRESENTATION_STYLE_ASSIGNMENT((#1306));
#508=ADVANCED_FACE('',(#1307),#1308,.F.);
#509=PRESENTATION_STYLE_ASSIGNMENT((#1309));
#510=ADVANCED_FACE('',(#1310),#1311,.T.);
#511=PRESENTATION_STYLE_ASSIGNMENT((#1312));
#512=ADVANCED_FACE('',(#1313),#1314,.F.);
#513=PRESENTATION_STYLE_ASSIGNMENT((#1315));
#514=ADVANCED_FACE('',(#1316),#1317,.F.);
#515=PRESENTATION_STYLE_ASSIGNMENT((#1318));
#516=ADVANCED_FACE('',(#1319),#1320,.T.);
#517=PRESENTATION_STYLE_ASSIGNMENT((#1321));
#518=ADVANCED_FACE('',(#1322),#1323,.F.);
#519=PRESENTATION_STYLE_ASSIGNMENT((#1324));
#520=ADVANCED_FACE('',(#1325),#1326,.T.);
#521=PRESENTATION_STYLE_ASSIGNMENT((#1327));
#522=ADVANCED_FACE('',(#1328),#1329,.T.);
#523=PRESENTATION_STYLE_ASSIGNMENT((#1330));
#524=ADVANCED_FACE('',(#1331),#1332,.T.);
#525=PRESENTATION_STYLE_ASSIGNMENT((#1333));
#526=ADVANCED_FACE('',(#1334),#1335,.T.);
#527=PRESENTATION_STYLE_ASSIGNMENT((#1336));
#528=ADVANCED_FACE('',(#1337),#1338,.T.);
#529=PRESENTATION_STYLE_ASSIGNMENT((#1339));
#530=ADVANCED_FACE('',(#1340),#1341,.F.);
#531=PRESENTATION_STYLE_ASSIGNMENT((#1342));
#532=ADVANCED_FACE('',(#1343),#1344,.T.);
#533=PRESENTATION_STYLE_ASSIGNMENT((#1345));
#534=ADVANCED_FACE('',(#1346),#1347,.T.);
#535=PRESENTATION_STYLE_ASSIGNMENT((#1348));
#536=ADVANCED_FACE('',(#1349),#1350,.T.);
#537=PRESENTATION_STYLE_ASSIGNMENT((#1351));
#538=ADVANCED_FACE('',(#1352),#1353,.T.);
#539=PRESENTATION_STYLE_ASSIGNMENT((#1354));
#540=ADVANCED_FACE('',(#1355),#1356,.F.);
#541=PRESENTATION_STYLE_ASSIGNMENT((#1357));
#542=ADVANCED_FACE('',(#1358),#1359,.T.);
#543=PRESENTATION_STYLE_ASSIGNMENT((#1360));
#544=ADVANCED_FACE('',(#1361),#1362,.T.);
#545=PRESENTATION_STYLE_ASSIGNMENT((#1363));
#546=ADVANCED_FACE('',(#1364),#1365,.T.);
#547=PRESENTATION_STYLE_ASSIGNMENT((#1366));
#548=ADVANCED_FACE('',(#1367),#1368,.T.);
#549=PRESENTATION_STYLE_ASSIGNMENT((#1369));
#550=ADVANCED_FACE('',(#1370),#1371,.T.);
#551=PRESENTATION_STYLE_ASSIGNMENT((#1372));
#552=ADVANCED_FACE('',(#1373),#1374,.F.);
#553=PRESENTATION_STYLE_ASSIGNMENT((#1375));
#554=ADVANCED_FACE('',(#1376),#1377,.F.);
#555=PRESENTATION_STYLE_ASSIGNMENT((#1378));
#556=ADVANCED_FACE('',(#1379),#1380,.F.);
#557=PRESENTATION_STYLE_ASSIGNMENT((#1381));
#558=ADVANCED_FACE('',(#1382),#1383,.T.);
#559=PRESENTATION_STYLE_ASSIGNMENT((#1384));
#560=ADVANCED_FACE('',(#1385),#1386,.F.);
#561=PRESENTATION_STYLE_ASSIGNMENT((#1387));
#562=ADVANCED_FACE('',(#1388),#1389,.F.);
#563=PRESENTATION_STYLE_ASSIGNMENT((#1390));
#564=ADVANCED_FACE('',(#1391),#1392,.T.);
#565=PRESENTATION_STYLE_ASSIGNMENT((#1393));
#566=ADVANCED_FACE('',(#1394),#1395,.F.);
#567=PRESENTATION_STYLE_ASSIGNMENT((#1396));
#568=ADVANCED_FACE('',(#1397),#1398,.T.);
#569=PRESENTATION_STYLE_ASSIGNMENT((#1399));
#570=ADVANCED_FACE('',(#1400),#1401,.T.);
#571=PRESENTATION_STYLE_ASSIGNMENT((#1402));
#572=ADVANCED_FACE('',(#1403),#1404,.T.);
#573=PRESENTATION_STYLE_ASSIGNMENT((#1405));
#574=ADVANCED_FACE('',(#1406),#1407,.T.);
#575=PRESENTATION_STYLE_ASSIGNMENT((#1408));
#576=ADVANCED_FACE('',(#1409),#1410,.T.);
#577=PRESENTATION_STYLE_ASSIGNMENT((#1411));
#578=ADVANCED_FACE('',(#1412),#1413,.F.);
#579=PRESENTATION_STYLE_ASSIGNMENT((#1414));
#580=ADVANCED_FACE('',(#1415),#1416,.T.);
#581=PRESENTATION_STYLE_ASSIGNMENT((#1417));
#582=ADVANCED_FACE('',(#1418),#1419,.T.);
#583=PRESENTATION_STYLE_ASSIGNMENT((#1420));
#584=ADVANCED_FACE('',(#1421),#1422,.T.);
#585=PRESENTATION_STYLE_ASSIGNMENT((#1423));
#586=ADVANCED_FACE('',(#1424),#1425,.T.);
#587=PRESENTATION_STYLE_ASSIGNMENT((#1426));
#588=ADVANCED_FACE('',(#1427),#1428,.F.);
#589=PRESENTATION_STYLE_ASSIGNMENT((#1429));
#590=ADVANCED_FACE('',(#1430),#1431,.T.);
#591=PRESENTATION_STYLE_ASSIGNMENT((#1432));
#592=ADVANCED_FACE('',(#1433),#1434,.T.);
#593=PRESENTATION_STYLE_ASSIGNMENT((#1435));
#594=ADVANCED_FACE('',(#1436),#1437,.T.);
#595=PRESENTATION_STYLE_ASSIGNMENT((#1438));
#596=ADVANCED_FACE('',(#1439),#1440,.T.);
#597=PRESENTATION_STYLE_ASSIGNMENT((#1441));
#598=ADVANCED_FACE('',(#1442),#1443,.T.);
#599=PRESENTATION_STYLE_ASSIGNMENT((#1444));
#600=ADVANCED_FACE('',(#1445),#1446,.F.);
#601=PRESENTATION_STYLE_ASSIGNMENT((#1447));
#602=ADVANCED_FACE('',(#1448),#1449,.F.);
#603=PRESENTATION_STYLE_ASSIGNMENT((#1450));
#604=ADVANCED_FACE('',(#1451),#1452,.F.);
#605=PRESENTATION_STYLE_ASSIGNMENT((#1453));
#606=ADVANCED_FACE('',(#1454),#1455,.T.);
#607=PRESENTATION_STYLE_ASSIGNMENT((#1456));
#608=ADVANCED_FACE('',(#1457),#1458,.F.);
#609=PRESENTATION_STYLE_ASSIGNMENT((#1459));
#610=ADVANCED_FACE('',(#1460),#1461,.F.);
#611=PRESENTATION_STYLE_ASSIGNMENT((#1462));
#612=ADVANCED_FACE('',(#1463),#1464,.T.);
#613=PRESENTATION_STYLE_ASSIGNMENT((#1465));
#614=ADVANCED_FACE('',(#1466),#1467,.F.);
#615=PRESENTATION_STYLE_ASSIGNMENT((#1468));
#616=ADVANCED_FACE('',(#1469),#1470,.T.);
#617=PRESENTATION_STYLE_ASSIGNMENT((#1471));
#618=ADVANCED_FACE('',(#1472),#1473,.T.);
#619=PRESENTATION_STYLE_ASSIGNMENT((#1474));
#620=ADVANCED_FACE('',(#1475),#1476,.T.);
#621=PRESENTATION_STYLE_ASSIGNMENT((#1477));
#622=ADVANCED_FACE('',(#1478),#1479,.T.);
#623=PRESENTATION_STYLE_ASSIGNMENT((#1480));
#624=ADVANCED_FACE('',(#1481),#1482,.T.);
#625=PRESENTATION_STYLE_ASSIGNMENT((#1483));
#626=ADVANCED_FACE('',(#1484),#1485,.F.);
#627=PRESENTATION_STYLE_ASSIGNMENT((#1486));
#628=ADVANCED_FACE('',(#1487),#1488,.T.);
#629=PRESENTATION_STYLE_ASSIGNMENT((#1489));
#630=ADVANCED_FACE('',(#1490),#1491,.T.);
#631=PRESENTATION_STYLE_ASSIGNMENT((#1492));
#632=ADVANCED_FACE('',(#1493),#1494,.T.);
#633=PRESENTATION_STYLE_ASSIGNMENT((#1495));
#634=ADVANCED_FACE('',(#1496),#1497,.T.);
#635=PRESENTATION_STYLE_ASSIGNMENT((#1498));
#636=ADVANCED_FACE('',(#1499),#1500,.F.);
#637=PRESENTATION_STYLE_ASSIGNMENT((#1501));
#638=ADVANCED_FACE('',(#1502),#1503,.T.);
#639=PRESENTATION_STYLE_ASSIGNMENT((#1504));
#640=ADVANCED_FACE('',(#1505),#1506,.T.);
#641=PRESENTATION_STYLE_ASSIGNMENT((#1507));
#642=ADVANCED_FACE('',(#1508),#1509,.T.);
#643=PRESENTATION_STYLE_ASSIGNMENT((#1510));
#644=ADVANCED_FACE('',(#1511),#1512,.T.);
#645=PRESENTATION_STYLE_ASSIGNMENT((#1513));
#646=ADVANCED_FACE('',(#1514),#1515,.T.);
#647=PRESENTATION_STYLE_ASSIGNMENT((#1516));
#648=ADVANCED_FACE('',(#1517),#1518,.F.);
#649=PRESENTATION_STYLE_ASSIGNMENT((#1519));
#650=ADVANCED_FACE('',(#1520),#1521,.F.);
#651=PRESENTATION_STYLE_ASSIGNMENT((#1522));
#652=ADVANCED_FACE('',(#1523),#1524,.F.);
#653=PRESENTATION_STYLE_ASSIGNMENT((#1525));
#654=ADVANCED_FACE('',(#1526),#1527,.T.);
#655=PRESENTATION_STYLE_ASSIGNMENT((#1528));
#656=ADVANCED_FACE('',(#1529),#1530,.F.);
#657=PRESENTATION_STYLE_ASSIGNMENT((#1531));
#658=ADVANCED_FACE('',(#1532),#1533,.F.);
#659=PRESENTATION_STYLE_ASSIGNMENT((#1534));
#660=ADVANCED_FACE('',(#1535),#1536,.T.);
#661=PRESENTATION_STYLE_ASSIGNMENT((#1537));
#662=ADVANCED_FACE('',(#1538),#1539,.F.);
#663=PRESENTATION_STYLE_ASSIGNMENT((#1540));
#664=ADVANCED_FACE('',(#1541),#1542,.T.);
#665=PRESENTATION_STYLE_ASSIGNMENT((#1543));
#666=ADVANCED_FACE('',(#1544),#1545,.T.);
#667=PRESENTATION_STYLE_ASSIGNMENT((#1546));
#668=ADVANCED_FACE('',(#1547),#1548,.T.);
#669=PRESENTATION_STYLE_ASSIGNMENT((#1549));
#670=ADVANCED_FACE('',(#1550),#1551,.T.);
#671=PRESENTATION_STYLE_ASSIGNMENT((#1552));
#672=ADVANCED_FACE('',(#1553),#1554,.T.);
#673=PRESENTATION_STYLE_ASSIGNMENT((#1555));
#674=ADVANCED_FACE('',(#1556),#1557,.F.);
#675=PRESENTATION_STYLE_ASSIGNMENT((#1558));
#676=ADVANCED_FACE('',(#1559),#1560,.T.);
#677=PRESENTATION_STYLE_ASSIGNMENT((#1561));
#678=ADVANCED_FACE('',(#1562),#1563,.T.);
#679=PRESENTATION_STYLE_ASSIGNMENT((#1564));
#680=ADVANCED_FACE('',(#1565),#1566,.T.);
#681=PRESENTATION_STYLE_ASSIGNMENT((#1567));
#682=ADVANCED_FACE('',(#1568),#1569,.T.);
#683=PRESENTATION_STYLE_ASSIGNMENT((#1570));
#684=ADVANCED_FACE('',(#1571),#1572,.F.);
#685=PRESENTATION_STYLE_ASSIGNMENT((#1573));
#686=ADVANCED_FACE('',(#1574),#1575,.T.);
#687=PRESENTATION_STYLE_ASSIGNMENT((#1576));
#688=ADVANCED_FACE('',(#1577),#1578,.T.);
#689=PRESENTATION_STYLE_ASSIGNMENT((#1579));
#690=ADVANCED_FACE('',(#1580),#1581,.T.);
#691=PRESENTATION_STYLE_ASSIGNMENT((#1582));
#692=ADVANCED_FACE('',(#1583),#1584,.T.);
#693=PRESENTATION_STYLE_ASSIGNMENT((#1585));
#694=ADVANCED_FACE('',(#1586),#1587,.T.);
#695=PRESENTATION_STYLE_ASSIGNMENT((#1588));
#696=ADVANCED_FACE('',(#1589),#1590,.T.);
#697=PRESENTATION_STYLE_ASSIGNMENT((#1591));
#698=ADVANCED_FACE('',(#1592),#1593,.T.);
#699=PRESENTATION_STYLE_ASSIGNMENT((#1594));
#700=ADVANCED_FACE('',(#1595,#1596),#1597,.T.);
#701=PRESENTATION_STYLE_ASSIGNMENT((#1598));
#702=ADVANCED_FACE('',(#1599),#1600,.F.);
#703=PRESENTATION_STYLE_ASSIGNMENT((#1601));
#704=ADVANCED_FACE('',(#1602),#1603,.T.);
#705=PRESENTATION_STYLE_ASSIGNMENT((#1604));
#706=ADVANCED_FACE('',(#1605),#1606,.T.);
#707=PRESENTATION_STYLE_ASSIGNMENT((#1607));
#708=ADVANCED_FACE('',(#1608),#1609,.T.);
#709=PRESENTATION_STYLE_ASSIGNMENT((#1610));
#710=ADVANCED_FACE('',(#1611),#1612,.F.);
#711=PRESENTATION_STYLE_ASSIGNMENT((#1613));
#712=ADVANCED_FACE('',(#1614),#1615,.T.);
#713=PRESENTATION_STYLE_ASSIGNMENT((#1616));
#714=ADVANCED_FACE('',(#1617),#1618,.T.);
#715=PRESENTATION_STYLE_ASSIGNMENT((#1619));
#716=ADVANCED_FACE('',(#1620),#1621,.T.);
#717=PRESENTATION_STYLE_ASSIGNMENT((#1622));
#718=ADVANCED_FACE('',(#1623,#1624),#1625,.T.);
#719=PRESENTATION_STYLE_ASSIGNMENT((#1626));
#720=ADVANCED_FACE('',(#1627),#1628,.F.);
#721=PRESENTATION_STYLE_ASSIGNMENT((#1629));
#722=ADVANCED_FACE('',(#1630),#1631,.T.);
#723=PRESENTATION_STYLE_ASSIGNMENT((#1632));
#724=ADVANCED_FACE('',(#1633),#1634,.T.);
#725=PRESENTATION_STYLE_ASSIGNMENT((#1635));
#726=ADVANCED_FACE('',(#1636),#1637,.T.);
#727=PRESENTATION_STYLE_ASSIGNMENT((#1638));
#728=ADVANCED_FACE('',(#1639),#1640,.F.);
#729=PRESENTATION_STYLE_ASSIGNMENT((#1641));
#730=ADVANCED_FACE('',(#1642),#1643,.T.);
#731=PRESENTATION_STYLE_ASSIGNMENT((#1644));
#732=ADVANCED_FACE('',(#1645),#1646,.T.);
#733=PRESENTATION_STYLE_ASSIGNMENT((#1647));
#734=ADVANCED_FACE('',(#1648),#1649,.T.);
#735=PRESENTATION_STYLE_ASSIGNMENT((#1650));
#736=ADVANCED_FACE('',(#1651,#1652),#1653,.T.);
#737=PRESENTATION_STYLE_ASSIGNMENT((#1654));
#738=ADVANCED_FACE('',(#1655),#1656,.F.);
#739=PRESENTATION_STYLE_ASSIGNMENT((#1657));
#740=ADVANCED_FACE('',(#1658),#1659,.T.);
#741=PRESENTATION_STYLE_ASSIGNMENT((#1660));
#742=ADVANCED_FACE('',(#1661),#1662,.T.);
#743=PRESENTATION_STYLE_ASSIGNMENT((#1663));
#744=ADVANCED_FACE('',(#1664),#1665,.T.);
#745=PRESENTATION_STYLE_ASSIGNMENT((#1666));
#746=ADVANCED_FACE('',(#1667),#1668,.F.);
#747=PRESENTATION_STYLE_ASSIGNMENT((#1669));
#748=ADVANCED_FACE('',(#1670),#1671,.T.);
#749=PRESENTATION_STYLE_ASSIGNMENT((#1672));
#750=ADVANCED_FACE('',(#1673),#1674,.T.);
#751=PRESENTATION_STYLE_ASSIGNMENT((#1675));
#752=ADVANCED_FACE('',(#1676),#1677,.T.);
#753=PRESENTATION_STYLE_ASSIGNMENT((#1678));
#754=ADVANCED_FACE('',(#1679,#1680),#1681,.T.);
#755=PRESENTATION_STYLE_ASSIGNMENT((#1682));
#756=ADVANCED_FACE('',(#1683),#1684,.F.);
#757=PRESENTATION_STYLE_ASSIGNMENT((#1685));
#758=ADVANCED_FACE('',(#1686),#1687,.T.);
#759=PRESENTATION_STYLE_ASSIGNMENT((#1688));
#760=ADVANCED_FACE('',(#1689),#1690,.T.);
#761=PRESENTATION_STYLE_ASSIGNMENT((#1691));
#762=ADVANCED_FACE('',(#1692),#1693,.T.);
#763=PRESENTATION_STYLE_ASSIGNMENT((#1694));
#764=ADVANCED_FACE('',(#1695),#1696,.F.);
#765=PRESENTATION_STYLE_ASSIGNMENT((#1697));
#766=ADVANCED_FACE('',(#1698),#1699,.T.);
#767=PRESENTATION_STYLE_ASSIGNMENT((#1700));
#768=ADVANCED_FACE('',(#1701),#1702,.T.);
#769=PRESENTATION_STYLE_ASSIGNMENT((#1703));
#770=ADVANCED_FACE('',(#1704),#1705,.T.);
#771=PRESENTATION_STYLE_ASSIGNMENT((#1706));
#772=ADVANCED_FACE('',(#1707,#1708),#1709,.T.);
#773=PRESENTATION_STYLE_ASSIGNMENT((#1710));
#774=ADVANCED_FACE('',(#1711),#1712,.F.);
#775=PRESENTATION_STYLE_ASSIGNMENT((#1713));
#776=ADVANCED_FACE('',(#1714),#1715,.T.);
#777=PRESENTATION_STYLE_ASSIGNMENT((#1716));
#778=ADVANCED_FACE('',(#1717),#1718,.T.);
#779=PRESENTATION_STYLE_ASSIGNMENT((#1719));
#780=ADVANCED_FACE('',(#1720),#1721,.T.);
#781=PRESENTATION_STYLE_ASSIGNMENT((#1722));
#782=ADVANCED_FACE('',(#1723),#1724,.F.);
#783=PRESENTATION_STYLE_ASSIGNMENT((#1725));
#784=ADVANCED_FACE('',(#1726),#1727,.T.);
#785=PRESENTATION_STYLE_ASSIGNMENT((#1728));
#786=ADVANCED_FACE('',(#1729),#1730,.T.);
#787=PRESENTATION_STYLE_ASSIGNMENT((#1731));
#788=ADVANCED_FACE('',(#1732),#1733,.T.);
#789=PRESENTATION_STYLE_ASSIGNMENT((#1734));
#790=ADVANCED_FACE('',(#1735,#1736),#1737,.T.);
#791=PRESENTATION_STYLE_ASSIGNMENT((#1738));
#792=ADVANCED_FACE('',(#1739),#1740,.F.);
#793=PRESENTATION_STYLE_ASSIGNMENT((#1741));
#794=ADVANCED_FACE('',(#1742),#1743,.T.);
#795=PRESENTATION_STYLE_ASSIGNMENT((#1744));
#796=ADVANCED_FACE('',(#1745),#1746,.T.);
#797=PRESENTATION_STYLE_ASSIGNMENT((#1747));
#798=ADVANCED_FACE('',(#1748),#1749,.T.);
#799=PRESENTATION_STYLE_ASSIGNMENT((#1750));
#800=ADVANCED_FACE('',(#1751),#1752,.F.);
#801=PRESENTATION_STYLE_ASSIGNMENT((#1753));
#802=ADVANCED_FACE('',(#1754),#1755,.T.);
#803=PRESENTATION_STYLE_ASSIGNMENT((#1756));
#804=ADVANCED_FACE('',(#1757),#1758,.F.);
#805=PRESENTATION_STYLE_ASSIGNMENT((#1759));
#806=ADVANCED_FACE('',(#1760),#1761,.T.);
#807=PRESENTATION_STYLE_ASSIGNMENT((#1762));
#808=ADVANCED_FACE('',(#1763),#1764,.T.);
#809=PRESENTATION_STYLE_ASSIGNMENT((#1765));
#810=ADVANCED_FACE('',(#1766),#1767,.F.);
#811=PRESENTATION_STYLE_ASSIGNMENT((#1768));
#812=ADVANCED_FACE('',(#1769),#1770,.T.);
#813=PRESENTATION_STYLE_ASSIGNMENT((#1771));
#814=ADVANCED_FACE('',(#1772),#1773,.T.);
#815=PRESENTATION_STYLE_ASSIGNMENT((#1774));
#816=ADVANCED_FACE('',(#1775),#1776,.T.);
#817=PRESENTATION_STYLE_ASSIGNMENT((#1777));
#818=ADVANCED_FACE('',(#1778),#1779,.T.);
#819=PRESENTATION_STYLE_ASSIGNMENT((#1780));
#820=ADVANCED_FACE('',(#1781),#1782,.T.);
#821=PRESENTATION_STYLE_ASSIGNMENT((#1783));
#822=ADVANCED_FACE('',(#1784),#1785,.T.);
#823=PRESENTATION_STYLE_ASSIGNMENT((#1786));
#824=ADVANCED_FACE('',(#1787),#1788,.T.);
#825=PRESENTATION_STYLE_ASSIGNMENT((#1789));
#826=ADVANCED_FACE('',(#1790),#1791,.T.);
#827=PRESENTATION_STYLE_ASSIGNMENT((#1792));
#828=ADVANCED_FACE('',(#1793),#1794,.T.);
#829=PRESENTATION_STYLE_ASSIGNMENT((#1795));
#830=ADVANCED_FACE('',(#1796),#1797,.T.);
#831=PRESENTATION_STYLE_ASSIGNMENT((#1798));
#832=ADVANCED_FACE('',(#1799),#1800,.T.);
#833=PRESENTATION_STYLE_ASSIGNMENT((#1801));
#834=ADVANCED_FACE('',(#1802),#1803,.T.);
#835=PRESENTATION_STYLE_ASSIGNMENT((#1804));
#836=ADVANCED_FACE('',(#1805),#1806,.T.);
#837=PRESENTATION_STYLE_ASSIGNMENT((#1807));
#838=ADVANCED_FACE('',(#1808),#1809,.F.);
#839=PRESENTATION_STYLE_ASSIGNMENT((#1810));
#840=ADVANCED_FACE('',(#1811,#1812,#1813,#1814,#1815,#1816,#1817),#1818,.T.);
#841=PRESENTATION_STYLE_ASSIGNMENT((#1819));
#842=ADVANCED_FACE('',(#1820),#1821,.T.);
#843=PRESENTATION_STYLE_ASSIGNMENT((#1822));
#844=ADVANCED_FACE('',(#1823,#1824,#1825,#1826,#1827,#1828,#1829,#1830,#1831,#1832,#1833,#1834,#1835,#1836,#1837,#1838,#1839),#1840,.T.);
#845=PRESENTATION_STYLE_ASSIGNMENT((#1841));
#846=ADVANCED_FACE('',(#1842),#1843,.F.);
#847=PRESENTATION_STYLE_ASSIGNMENT((#1844));
#848=ADVANCED_FACE('',(#1845),#1846,.T.);
#849=PRESENTATION_STYLE_ASSIGNMENT((#1847));
#850=ADVANCED_FACE('',(#1848),#1849,.T.);
#851=PRESENTATION_STYLE_ASSIGNMENT((#1850));
#852=ADVANCED_FACE('',(#1851),#1852,.F.);
#853=PRESENTATION_STYLE_ASSIGNMENT((#1853));
#854=ADVANCED_FACE('',(#1854),#1855,.T.);
#855=PRESENTATION_STYLE_ASSIGNMENT((#1856));
#856=ADVANCED_FACE('',(#1857),#1858,.T.);
#857=PRESENTATION_STYLE_ASSIGNMENT((#1859));
#858=ADVANCED_FACE('',(#1860),#1861,.T.);
#859=PRESENTATION_STYLE_ASSIGNMENT((#1862));
#860=ADVANCED_FACE('',(#1863),#1864,.T.);
#861=PRESENTATION_STYLE_ASSIGNMENT((#1865));
#862=ADVANCED_FACE('',(#1866),#1867,.T.);
#863=PRESENTATION_STYLE_ASSIGNMENT((#1868));
#864=ADVANCED_FACE('',(#1869),#1870,.T.);
#865=PRESENTATION_STYLE_ASSIGNMENT((#1871));
#866=ADVANCED_FACE('',(#1872),#1873,.T.);
#867=PRESENTATION_STYLE_ASSIGNMENT((#1874));
#868=ADVANCED_FACE('',(#1875),#1876,.T.);
#869=PRESENTATION_STYLE_ASSIGNMENT((#1877));
#870=ADVANCED_FACE('',(#1878),#1879,.T.);
#871=PRESENTATION_STYLE_ASSIGNMENT((#1880));
#872=ADVANCED_FACE('',(#1881),#1882,.T.);
#873=PRESENTATION_STYLE_ASSIGNMENT((#1883));
#874=ADVANCED_FACE('',(#1884),#1885,.T.);
#875=PRESENTATION_STYLE_ASSIGNMENT((#1886));
#876=ADVANCED_FACE('',(#1887),#1888,.T.);
#877=PRESENTATION_STYLE_ASSIGNMENT((#1889));
#878=ADVANCED_FACE('',(#1890),#1891,.F.);
#879=PRESENTATION_STYLE_ASSIGNMENT((#1892));
#880=ADVANCED_FACE('',(#1893),#1894,.T.);
#881=PRESENTATION_STYLE_ASSIGNMENT((#1895));
#882=ADVANCED_FACE('',(#1896),#1897,.T.);
#883=PRESENTATION_STYLE_ASSIGNMENT((#1898));
#884=ADVANCED_FACE('',(#1899),#1900,.F.);
#885=PRESENTATION_STYLE_ASSIGNMENT((#1901));
#886=ADVANCED_FACE('',(#1902),#1903,.T.);
#887=PRESENTATION_STYLE_ASSIGNMENT((#1904));
#888=ADVANCED_FACE('',(#1905),#1906,.T.);
#889=PRESENTATION_STYLE_ASSIGNMENT((#1907));
#890=ADVANCED_FACE('',(#1908),#1909,.T.);
#891=PRESENTATION_STYLE_ASSIGNMENT((#1910));
#892=ADVANCED_FACE('',(#1911),#1912,.T.);
#893=PRESENTATION_STYLE_ASSIGNMENT((#1913));
#894=ADVANCED_FACE('',(#1914),#1915,.T.);
#895=PRESENTATION_STYLE_ASSIGNMENT((#1916));
#896=ADVANCED_FACE('',(#1917),#1918,.T.);
#897=PRESENTATION_STYLE_ASSIGNMENT((#1919));
#898=ADVANCED_FACE('',(#1920),#1921,.T.);
#899=PRESENTATION_STYLE_ASSIGNMENT((#1922));
#900=ADVANCED_FACE('',(#1923),#1924,.T.);
#901=PRESENTATION_STYLE_ASSIGNMENT((#1925));
#902=ADVANCED_FACE('',(#1926),#1927,.T.);
#903=PRESENTATION_STYLE_ASSIGNMENT((#1928));
#904=ADVANCED_FACE('',(#1929),#1930,.T.);
#905=PRESENTATION_STYLE_ASSIGNMENT((#1931));
#906=ADVANCED_FACE('',(#1932),#1933,.T.);
#907=PRESENTATION_STYLE_ASSIGNMENT((#1934));
#908=ADVANCED_FACE('',(#1935),#1936,.T.);
#909=PRESENTATION_STYLE_ASSIGNMENT((#1937));
#910=ADVANCED_FACE('',(#1938),#1939,.F.);
#911=PRESENTATION_STYLE_ASSIGNMENT((#1940));
#912=ADVANCED_FACE('',(#1941),#1942,.T.);
#913=PRESENTATION_STYLE_ASSIGNMENT((#1943));
#914=ADVANCED_FACE('',(#1944),#1945,.T.);
#915=PRESENTATION_STYLE_ASSIGNMENT((#1946));
#916=ADVANCED_FACE('',(#1947),#1948,.F.);
#917=PRESENTATION_STYLE_ASSIGNMENT((#1949));
#918=ADVANCED_FACE('',(#1950),#1951,.T.);
#919=PRESENTATION_STYLE_ASSIGNMENT((#1952));
#920=ADVANCED_FACE('',(#1953),#1954,.T.);
#921=PRESENTATION_STYLE_ASSIGNMENT((#1955));
#922=ADVANCED_FACE('',(#1956),#1957,.T.);
#923=PRESENTATION_STYLE_ASSIGNMENT((#1958));
#924=ADVANCED_FACE('',(#1959),#1960,.T.);
#925=PRESENTATION_STYLE_ASSIGNMENT((#1961));
#926=ADVANCED_FACE('',(#1962),#1963,.T.);
#927=PRESENTATION_STYLE_ASSIGNMENT((#1964));
#928=ADVANCED_FACE('',(#1965),#1966,.T.);
#929=PRESENTATION_STYLE_ASSIGNMENT((#1967));
#930=ADVANCED_FACE('',(#1968),#1969,.T.);
#931=PRESENTATION_STYLE_ASSIGNMENT((#1970));
#932=ADVANCED_FACE('',(#1971),#1972,.T.);
#933=PRESENTATION_STYLE_ASSIGNMENT((#1973));
#934=ADVANCED_FACE('',(#1974),#1975,.T.);
#935=PRESENTATION_STYLE_ASSIGNMENT((#1976));
#936=ADVANCED_FACE('',(#1977),#1978,.T.);
#937=PRESENTATION_STYLE_ASSIGNMENT((#1979));
#938=ADVANCED_FACE('',(#1980),#1981,.T.);
#939=PRESENTATION_STYLE_ASSIGNMENT((#1982));
#940=ADVANCED_FACE('',(#1983),#1984,.T.);
#941=PRESENTATION_STYLE_ASSIGNMENT((#1985));
#942=ADVANCED_FACE('',(#1986),#1987,.F.);
#943=PRESENTATION_STYLE_ASSIGNMENT((#1988));
#944=ADVANCED_FACE('',(#1989),#1990,.T.);
#945=PRESENTATION_STYLE_ASSIGNMENT((#1991));
#946=ADVANCED_FACE('',(#1992),#1993,.T.);
#947=PRESENTATION_STYLE_ASSIGNMENT((#1994));
#948=ADVANCED_FACE('',(#1995),#1996,.F.);
#949=PRESENTATION_STYLE_ASSIGNMENT((#1997));
#950=ADVANCED_FACE('',(#1998),#1999,.T.);
#951=PRESENTATION_STYLE_ASSIGNMENT((#2000));
#952=ADVANCED_FACE('',(#2001),#2002,.T.);
#953=PRESENTATION_STYLE_ASSIGNMENT((#2003));
#954=ADVANCED_FACE('',(#2004),#2005,.T.);
#955=PRESENTATION_STYLE_ASSIGNMENT((#2006));
#956=ADVANCED_FACE('',(#2007),#2008,.T.);
#957=PRESENTATION_STYLE_ASSIGNMENT((#2009));
#958=ADVANCED_FACE('',(#2010),#2011,.T.);
#959=PRESENTATION_STYLE_ASSIGNMENT((#2012));
#960=ADVANCED_FACE('',(#2013),#2014,.T.);
#961=PRESENTATION_STYLE_ASSIGNMENT((#2015));
#962=ADVANCED_FACE('',(#2016),#2017,.T.);
#963=PRESENTATION_STYLE_ASSIGNMENT((#2018));
#964=ADVANCED_FACE('',(#2019),#2020,.T.);
#965=PRESENTATION_STYLE_ASSIGNMENT((#2021));
#966=ADVANCED_FACE('',(#2022),#2023,.T.);
#967=PRESENTATION_STYLE_ASSIGNMENT((#2024));
#968=ADVANCED_FACE('',(#2025),#2026,.T.);
#969=PRESENTATION_STYLE_ASSIGNMENT((#2027));
#970=ADVANCED_FACE('',(#2028),#2029,.T.);
#971=PRESENTATION_STYLE_ASSIGNMENT((#2030));
#972=ADVANCED_FACE('',(#2031),#2032,.T.);
#973=PRESENTATION_STYLE_ASSIGNMENT((#2033));
#974=ADVANCED_FACE('',(#2034),#2035,.T.);
#975=PRESENTATION_STYLE_ASSIGNMENT((#2036));
#976=ADVANCED_FACE('',(#2037),#2038,.F.);
#977=PRESENTATION_STYLE_ASSIGNMENT((#2039));
#978=ADVANCED_FACE('',(#2040),#2041,.T.);
#979=PRESENTATION_STYLE_ASSIGNMENT((#2042));
#980=ADVANCED_FACE('',(#2043),#2044,.T.);
#981=PRESENTATION_STYLE_ASSIGNMENT((#2045));
#982=ADVANCED_FACE('',(#2046),#2047,.F.);
#983=PRESENTATION_STYLE_ASSIGNMENT((#2048));
#984=ADVANCED_FACE('',(#2049),#2050,.T.);
#985=PRESENTATION_STYLE_ASSIGNMENT((#2051));
#986=ADVANCED_FACE('',(#2052),#2053,.T.);
#987=PRESENTATION_STYLE_ASSIGNMENT((#2054));
#988=ADVANCED_FACE('',(#2055),#2056,.T.);
#989=PRESENTATION_STYLE_ASSIGNMENT((#2057));
#990=ADVANCED_FACE('',(#2058),#2059,.T.);
#991=PRESENTATION_STYLE_ASSIGNMENT((#2060));
#992=ADVANCED_FACE('',(#2061),#2062,.T.);
#993=PRESENTATION_STYLE_ASSIGNMENT((#2063));
#994=ADVANCED_FACE('',(#2064),#2065,.T.);
#995=PRESENTATION_STYLE_ASSIGNMENT((#2066));
#996=ADVANCED_FACE('',(#2067),#2068,.T.);
#997=PRESENTATION_STYLE_ASSIGNMENT((#2069));
#998=ADVANCED_FACE('',(#2070),#2071,.T.);
#999=PRESENTATION_STYLE_ASSIGNMENT((#2072));
#1000=ADVANCED_FACE('',(#2073),#2074,.T.);
#1001=PRESENTATION_STYLE_ASSIGNMENT((#2075));
#1002=ADVANCED_FACE('',(#2076),#2077,.T.);
#1003=PRESENTATION_STYLE_ASSIGNMENT((#2078));
#1004=ADVANCED_FACE('',(#2079),#2080,.T.);
#1005=PRESENTATION_STYLE_ASSIGNMENT((#2081));
#1006=ADVANCED_FACE('',(#2082),#2083,.T.);
#1007=PRESENTATION_STYLE_ASSIGNMENT((#2084));
#1008=ADVANCED_FACE('',(#2085),#2086,.T.);
#1009=PRESENTATION_STYLE_ASSIGNMENT((#2087));
#1010=ADVANCED_FACE('',(#2088),#2089,.T.);
#1011=PRESENTATION_STYLE_ASSIGNMENT((#2090));
#1012=ADVANCED_FACE('',(#2091),#2092,.T.);
#1013=PRESENTATION_STYLE_ASSIGNMENT((#2093));
#1014=ADVANCED_FACE('',(#2094),#2095,.F.);
#1015=PRESENTATION_STYLE_ASSIGNMENT((#2096));
#1016=ADVANCED_FACE('',(#2097),#2098,.T.);
#1017=PRESENTATION_STYLE_ASSIGNMENT((#2099));
#1018=ADVANCED_FACE('',(#2100),#2101,.T.);
#1019=PRESENTATION_STYLE_ASSIGNMENT((#2102));
#1020=ADVANCED_FACE('',(#2103),#2104,.T.);
#1021=PRESENTATION_STYLE_ASSIGNMENT((#2105));
#1022=ADVANCED_FACE('',(#2106),#2107,.T.);
#1023=PRESENTATION_STYLE_ASSIGNMENT((#2108));
#1024=ADVANCED_FACE('',(#2109),#2110,.T.);
#1025=PRESENTATION_STYLE_ASSIGNMENT((#2111));
#1026=ADVANCED_FACE('',(#2112),#2113,.T.);
#1027=PRESENTATION_STYLE_ASSIGNMENT((#2114));
#1028=ADVANCED_FACE('',(#2115),#2116,.T.);
#1029=PRESENTATION_STYLE_ASSIGNMENT((#2117));
#1030=ADVANCED_FACE('',(#2118),#2119,.T.);
#1031=PRESENTATION_STYLE_ASSIGNMENT((#2120));
#1032=ADVANCED_FACE('',(#2121),#2122,.F.);
#1033=PRESENTATION_STYLE_ASSIGNMENT((#2123));
#1034=ADVANCED_FACE('',(#2124),#2125,.T.);
#1035=PRESENTATION_STYLE_ASSIGNMENT((#2126));
#1036=ADVANCED_FACE('',(#2127),#2128,.T.);
#1037=PRESENTATION_STYLE_ASSIGNMENT((#2129));
#1038=ADVANCED_FACE('',(#2130),#2131,.T.);
#1039=PRESENTATION_STYLE_ASSIGNMENT((#2132));
#1040=ADVANCED_FACE('',(#2133),#2134,.T.);
#1041=PRESENTATION_STYLE_ASSIGNMENT((#2135));
#1042=ADVANCED_FACE('',(#2136),#2137,.T.);
#1043=PRESENTATION_STYLE_ASSIGNMENT((#2138));
#1044=ADVANCED_FACE('',(#2139),#2140,.F.);
#1045=PRESENTATION_STYLE_ASSIGNMENT((#2141));
#1046=ADVANCED_FACE('',(#2142),#2143,.T.);
#1047=PRESENTATION_STYLE_ASSIGNMENT((#2144));
#1048=ADVANCED_FACE('',(#2145),#2146,.T.);
#1049=PRESENTATION_STYLE_ASSIGNMENT((#2147));
#1050=ADVANCED_FACE('',(#2148),#2149,.T.);
#1051=PRESENTATION_STYLE_ASSIGNMENT((#2150));
#1052=ADVANCED_FACE('',(#2151),#2152,.T.);
#1053=PRESENTATION_STYLE_ASSIGNMENT((#2153));
#1054=ADVANCED_FACE('',(#2154),#2155,.T.);
#1055=PRESENTATION_STYLE_ASSIGNMENT((#2156));
#1056=ADVANCED_FACE('',(#2157),#2158,.F.);
#1057=PRESENTATION_STYLE_ASSIGNMENT((#2159));
#1058=ADVANCED_FACE('',(#2160),#2161,.T.);
#1059=PRESENTATION_STYLE_ASSIGNMENT((#2162));
#1060=ADVANCED_FACE('',(#2163),#2164,.T.);
#1061=PRESENTATION_STYLE_ASSIGNMENT((#2165));
#1062=ADVANCED_FACE('',(#2166),#2167,.T.);
#1063=PRESENTATION_STYLE_ASSIGNMENT((#2168));
#1064=ADVANCED_FACE('',(#2169),#2170,.T.);
#1065=PRESENTATION_STYLE_ASSIGNMENT((#2171));
#1066=ADVANCED_FACE('',(#2172),#2173,.T.);
#1067=PRESENTATION_STYLE_ASSIGNMENT((#2174));
#1068=ADVANCED_FACE('',(#2175),#2176,.F.);
#1069=PRESENTATION_STYLE_ASSIGNMENT((#2177));
#1070=ADVANCED_FACE('',(#2178),#2179,.T.);
#1071=PRESENTATION_STYLE_ASSIGNMENT((#2180));
#1072=ADVANCED_FACE('',(#2181),#2182,.T.);
#1073=PRESENTATION_STYLE_ASSIGNMENT((#2183));
#1074=ADVANCED_FACE('',(#2184),#2185,.T.);
#1075=PRESENTATION_STYLE_ASSIGNMENT((#2186));
#1076=ADVANCED_FACE('',(#2187),#2188,.T.);
#1077=PRESENTATION_STYLE_ASSIGNMENT((#2189));
#1078=ADVANCED_FACE('',(#2190),#2191,.T.);
#1079=PRESENTATION_STYLE_ASSIGNMENT((#2192));
#1080=ADVANCED_FACE('',(#2193),#2194,.T.);
#1081=PRESENTATION_STYLE_ASSIGNMENT((#2195));
#1082=ADVANCED_FACE('',(#2196),#2197,.F.);
#1083=PRESENTATION_STYLE_ASSIGNMENT((#2198));
#1084=ADVANCED_FACE('',(#2199),#2200,.F.);
#1085=PRESENTATION_STYLE_ASSIGNMENT((#2201));
#1086=ADVANCED_FACE('',(#2202),#2203,.T.);
#1087=PRESENTATION_STYLE_ASSIGNMENT((#2204));
#1088=ADVANCED_FACE('',(#2205),#2206,.T.);
#1089=PRESENTATION_STYLE_ASSIGNMENT((#2207));
#1090=ADVANCED_FACE('',(#2208,#2209,#2210,#2211,#2212,#2213,#2214),#2215,.T.);
#1091=PRESENTATION_STYLE_ASSIGNMENT((#2216));
#1092=ADVANCED_FACE('',(#2217),#2218,.F.);
#1093=PRESENTATION_STYLE_ASSIGNMENT((#2219));
#1094=ADVANCED_FACE('',(#2220),#2221,.T.);
#1095=PRESENTATION_STYLE_ASSIGNMENT((#2222));
#1096=ADVANCED_FACE('',(#2223),#2224,.T.);
#1097=PRESENTATION_STYLE_ASSIGNMENT((#2225));
#1098=ADVANCED_FACE('',(#2226),#2227,.T.);
#1099=PRESENTATION_STYLE_ASSIGNMENT((#2228));
#1100=ADVANCED_FACE('',(#2229,#2230,#2231,#2232,#2233,#2234,#2235),#2236,.T.);
#1101=PRESENTATION_STYLE_ASSIGNMENT((#2237));
#1102=ADVANCED_FACE('',(#2238),#2239,.T.);
#1103=PRODUCT('1','','PART--DESC',(#2240));
#1104=PRODUCT_DEFINITION('','NONE',#2241,#2);
#1105=MANIFOLD_SOLID_BREP('1',#2242);
#1106=AXIS2_PLACEMENT_3D('',#2243,#2244,#2245);
#1109=LENGTH_MEASURE_WITH_UNIT(LENGTH_MEASURE(1.0),#2246);
#1112=DIMENSIONAL_EXPONENTS(1.0,0.0,0.0,0.0,0.0,0.0,0.0);
#1114=DIMENSIONAL_EXPONENTS(0.0,0.0,0.0,0.0,0.0,0.0,0.0);
#1120=SURFACE_STYLE_USAGE(.BOTH.,#2247);
#1121=FACE_OUTER_BOUND('',#2248,.T.);
#1122=CYLINDRICAL_SURFACE('',#2249,0.190500000000002);
#1123=SURFACE_STYLE_USAGE(.BOTH.,#2250);
#1124=FACE_OUTER_BOUND('',#2251,.T.);
#1125=CYLINDRICAL_SURFACE('',#2252,0.190500000000002);
#1126=SURFACE_STYLE_USAGE(.BOTH.,#2253);
#1127=FACE_OUTER_BOUND('',#2254,.T.);
#1128=CYLINDRICAL_SURFACE('',#2255,0.190500000000002);
#1129=SURFACE_STYLE_USAGE(.BOTH.,#2256);
#1130=FACE_OUTER_BOUND('',#2257,.T.);
#1131=CYLINDRICAL_SURFACE('',#2258,0.190500000000002);
#1132=SURFACE_STYLE_USAGE(.BOTH.,#2259);
#1133=FACE_OUTER_BOUND('',#2260,.T.);
#1134=CYLINDRICAL_SURFACE('',#2261,0.190500000000002);
#1135=SURFACE_STYLE_USAGE(.BOTH.,#2262);
#1136=FACE_OUTER_BOUND('',#2263,.T.);
#1137=CYLINDRICAL_SURFACE('',#2264,0.190500000000002);
#1138=SURFACE_STYLE_USAGE(.BOTH.,#2265);
#1139=FACE_OUTER_BOUND('',#2266,.T.);
#1140=CYLINDRICAL_SURFACE('',#2267,0.190500000000002);
#1141=SURFACE_STYLE_USAGE(.BOTH.,#2268);
#1142=FACE_OUTER_BOUND('',#2269,.T.);
#1143=CYLINDRICAL_SURFACE('',#2270,0.190500000000002);
#1144=SURFACE_STYLE_USAGE(.BOTH.,#2271);
#1145=FACE_OUTER_BOUND('',#2272,.T.);
#1146=CYLINDRICAL_SURFACE('',#2273,0.190500000000002);
#1147=SURFACE_STYLE_USAGE(.BOTH.,#2274);
#1148=FACE_OUTER_BOUND('',#2275,.T.);
#1149=CYLINDRICAL_SURFACE('',#2276,0.190500000000002);
#1150=SURFACE_STYLE_USAGE(.BOTH.,#2277);
#1151=FACE_OUTER_BOUND('',#2278,.T.);
#1152=CYLINDRICAL_SURFACE('',#2279,0.190500000000002);
#1153=SURFACE_STYLE_USAGE(.BOTH.,#2280);
#1154=FACE_OUTER_BOUND('',#2281,.T.);
#1155=CYLINDRICAL_SURFACE('',#2282,0.190500000000002);
#1156=SURFACE_STYLE_USAGE(.BOTH.,#2283);
#1157=FACE_OUTER_BOUND('',#2284,.T.);
#1158=PLANE('',#2285);
#1159=SURFACE_STYLE_USAGE(.BOTH.,#2286);
#1160=FACE_OUTER_BOUND('',#2287,.T.);
#1161=PLANE('',#2288);
#1162=SURFACE_STYLE_USAGE(.BOTH.,#2289);
#1163=FACE_OUTER_BOUND('',#2290,.T.);
#1164=PLANE('',#2291);
#1165=SURFACE_STYLE_USAGE(.BOTH.,#2292);
#1166=FACE_OUTER_BOUND('',#2293,.T.);
#1167=PLANE('',#2294);
#1168=SURFACE_STYLE_USAGE(.BOTH.,#2295);
#1169=FACE_OUTER_BOUND('',#2296,.T.);
#1170=PLANE('',#2297);
#1171=SURFACE_STYLE_USAGE(.BOTH.,#2298);
#1172=FACE_OUTER_BOUND('',#2299,.T.);
#1173=PLANE('',#2300);
#1174=SURFACE_STYLE_USAGE(.BOTH.,#2301);
#1175=FACE_OUTER_BOUND('',#2302,.T.);
#1176=PLANE('',#2303);
#1177=SURFACE_STYLE_USAGE(.BOTH.,#2304);
#1178=FACE_OUTER_BOUND('',#2305,.T.);
#1179=PLANE('',#2306);
#1180=SURFACE_STYLE_USAGE(.BOTH.,#2307);
#1181=FACE_OUTER_BOUND('',#2308,.T.);
#1182=PLANE('',#2309);
#1183=SURFACE_STYLE_USAGE(.BOTH.,#2310);
#1184=FACE_OUTER_BOUND('',#2311,.T.);
#1185=PLANE('',#2312);
#1186=SURFACE_STYLE_USAGE(.BOTH.,#2313);
#1187=FACE_OUTER_BOUND('',#2314,.T.);
#1188=PLANE('',#2315);
#1189=SURFACE_STYLE_USAGE(.BOTH.,#2316);
#1190=FACE_OUTER_BOUND('',#2317,.T.);
#1191=PLANE('',#2318);
#1192=SURFACE_STYLE_USAGE(.BOTH.,#2319);
#1193=FACE_OUTER_BOUND('',#2320,.T.);
#1194=PLANE('',#2321);
#1195=SURFACE_STYLE_USAGE(.BOTH.,#2322);
#1196=FACE_OUTER_BOUND('',#2323,.T.);
#1197=PLANE('',#2324);
#1198=SURFACE_STYLE_USAGE(.BOTH.,#2325);
#1199=FACE_OUTER_BOUND('',#2326,.T.);
#1200=PLANE('',#2327);
#1201=SURFACE_STYLE_USAGE(.BOTH.,#2328);
#1202=FACE_OUTER_BOUND('',#2329,.T.);
#1203=PLANE('',#2330);
#1204=SURFACE_STYLE_USAGE(.BOTH.,#2331);
#1205=FACE_OUTER_BOUND('',#2332,.T.);
#1206=PLANE('',#2333);
#1207=SURFACE_STYLE_USAGE(.BOTH.,#2334);
#1208=FACE_OUTER_BOUND('',#2335,.T.);
#1209=PLANE('',#2336);
#1210=SURFACE_STYLE_USAGE(.BOTH.,#2337);
#1211=FACE_OUTER_BOUND('',#2338,.T.);
#1212=CYLINDRICAL_SURFACE('',#2339,0.190500000000002);
#1213=SURFACE_STYLE_USAGE(.BOTH.,#2340);
#1214=FACE_OUTER_BOUND('',#2341,.T.);
#1215=PLANE('',#2342);
#1216=SURFACE_STYLE_USAGE(.BOTH.,#2343);
#1217=FACE_OUTER_BOUND('',#2344,.T.);
#1218=PLANE('',#2345);
#1219=SURFACE_STYLE_USAGE(.BOTH.,#2346);
#1220=FACE_OUTER_BOUND('',#2347,.T.);
#1221=PLANE('',#2348);
#1222=SURFACE_STYLE_USAGE(.BOTH.,#2349);
#1223=FACE_OUTER_BOUND('',#2350,.T.);
#1224=PLANE('',#2351);
#1225=SURFACE_STYLE_USAGE(.BOTH.,#2352);
#1226=FACE_OUTER_BOUND('',#2353,.T.);
#1227=PLANE('',#2354);
#1228=SURFACE_STYLE_USAGE(.BOTH.,#2355);
#1229=FACE_OUTER_BOUND('',#2356,.T.);
#1230=PLANE('',#2357);
#1231=SURFACE_STYLE_USAGE(.BOTH.,#2358);
#1232=FACE_OUTER_BOUND('',#2359,.T.);
#1233=PLANE('',#2360);
#1234=SURFACE_STYLE_USAGE(.BOTH.,#2361);
#1235=FACE_OUTER_BOUND('',#2362,.T.);
#1236=PLANE('',#2363);
#1237=SURFACE_STYLE_USAGE(.BOTH.,#2364);
#1238=FACE_OUTER_BOUND('',#2365,.T.);
#1239=PLANE('',#2366);
#1240=SURFACE_STYLE_USAGE(.BOTH.,#2367);
#1241=FACE_OUTER_BOUND('',#2368,.T.);
#1242=PLANE('',#2369);
#1243=SURFACE_STYLE_USAGE(.BOTH.,#2370);
#1244=FACE_OUTER_BOUND('',#2371,.T.);
#1245=PLANE('',#2372);
#1246=SURFACE_STYLE_USAGE(.BOTH.,#2373);
#1247=FACE_OUTER_BOUND('',#2374,.T.);
#1248=PLANE('',#2375);
#1249=SURFACE_STYLE_USAGE(.BOTH.,#2376);
#1250=FACE_OUTER_BOUND('',#2377,.T.);
#1251=PLANE('',#2378);
#1252=SURFACE_STYLE_USAGE(.BOTH.,#2379);
#1253=FACE_OUTER_BOUND('',#2380,.T.);
#1254=PLANE('',#2381);
#1255=SURFACE_STYLE_USAGE(.BOTH.,#2382);
#1256=FACE_OUTER_BOUND('',#2383,.T.);
#1257=PLANE('',#2384);
#1258=SURFACE_STYLE_USAGE(.BOTH.,#2385);
#1259=FACE_OUTER_BOUND('',#2386,.T.);
#1260=PLANE('',#2387);
#1261=SURFACE_STYLE_USAGE(.BOTH.,#2388);
#1262=FACE_OUTER_BOUND('',#2389,.T.);
#1263=PLANE('',#2390);
#1264=SURFACE_STYLE_USAGE(.BOTH.,#2391);
#1265=FACE_OUTER_BOUND('',#2392,.T.);
#1266=PLANE('',#2393);
#1267=SURFACE_STYLE_USAGE(.BOTH.,#2394);
#1268=FACE_OUTER_BOUND('',#2395,.T.);
#1269=PLANE('',#2396);
#1270=SURFACE_STYLE_USAGE(.BOTH.,#2397);
#1271=FACE_OUTER_BOUND('',#2398,.T.);
#1272=PLANE('',#2399);
#1273=SURFACE_STYLE_USAGE(.BOTH.,#2400);
#1274=FACE_OUTER_BOUND('',#2401,.T.);
#1275=PLANE('',#2402);
#1276=SURFACE_STYLE_USAGE(.BOTH.,#2403);
#1277=FACE_OUTER_BOUND('',#2404,.T.);
#1278=PLANE('',#2405);
#1279=SURFACE_STYLE_USAGE(.BOTH.,#2406);
#1280=FACE_OUTER_BOUND('',#2407,.T.);
#1281=PLANE('',#2408);
#1282=SURFACE_STYLE_USAGE(.BOTH.,#2409);
#1283=FACE_OUTER_BOUND('',#2410,.T.);
#1284=CYLINDRICAL_SURFACE('',#2411,0.190500000000002);
#1285=SURFACE_STYLE_USAGE(.BOTH.,#2412);
#1286=FACE_OUTER_BOUND('',#2413,.T.);
#1287=PLANE('',#2414);
#1288=SURFACE_STYLE_USAGE(.BOTH.,#2415);
#1289=FACE_OUTER_BOUND('',#2416,.T.);
#1290=PLANE('',#2417);
#1291=SURFACE_STYLE_USAGE(.BOTH.,#2418);
#1292=FACE_OUTER_BOUND('',#2419,.T.);
#1293=PLANE('',#2420);
#1294=SURFACE_STYLE_USAGE(.BOTH.,#2421);
#1295=FACE_OUTER_BOUND('',#2422,.T.);
#1296=PLANE('',#2423);
#1297=SURFACE_STYLE_USAGE(.BOTH.,#2424);
#1298=FACE_OUTER_BOUND('',#2425,.T.);
#1299=PLANE('',#2426);
#1300=SURFACE_STYLE_USAGE(.BOTH.,#2427);
#1301=FACE_OUTER_BOUND('',#2428,.T.);
#1302=PLANE('',#2429);
#1303=SURFACE_STYLE_USAGE(.BOTH.,#2430);
#1304=FACE_OUTER_BOUND('',#2431,.T.);
#1305=PLANE('',#2432);
#1306=SURFACE_STYLE_USAGE(.BOTH.,#2433);
#1307=FACE_OUTER_BOUND('',#2434,.T.);
#1308=PLANE('',#2435);
#1309=SURFACE_STYLE_USAGE(.BOTH.,#2436);
#1310=FACE_OUTER_BOUND('',#2437,.T.);
#1311=PLANE('',#2438);
#1312=SURFACE_STYLE_USAGE(.BOTH.,#2439);
#1313=FACE_OUTER_BOUND('',#2440,.T.);
#1314=PLANE('',#2441);
#1315=SURFACE_STYLE_USAGE(.BOTH.,#2442);
#1316=FACE_OUTER_BOUND('',#2443,.T.);
#1317=PLANE('',#2444);
#1318=SURFACE_STYLE_USAGE(.BOTH.,#2445);
#1319=FACE_OUTER_BOUND('',#2446,.T.);
#1320=PLANE('',#2447);
#1321=SURFACE_STYLE_USAGE(.BOTH.,#2448);
#1322=FACE_OUTER_BOUND('',#2449,.T.);
#1323=PLANE('',#2450);
#1324=SURFACE_STYLE_USAGE(.BOTH.,#2451);
#1325=FACE_OUTER_BOUND('',#2452,.T.);
#1326=PLANE('',#2453);
#1327=SURFACE_STYLE_USAGE(.BOTH.,#2454);
#1328=FACE_OUTER_BOUND('',#2455,.T.);
#1329=PLANE('',#2456);
#1330=SURFACE_STYLE_USAGE(.BOTH.,#2457);
#1331=FACE_OUTER_BOUND('',#2458,.T.);
#1332=PLANE('',#2459);
#1333=SURFACE_STYLE_USAGE(.BOTH.,#2460);
#1334=FACE_OUTER_BOUND('',#2461,.T.);
#1335=PLANE('',#2462);
#1336=SURFACE_STYLE_USAGE(.BOTH.,#2463);
#1337=FACE_OUTER_BOUND('',#2464,.T.);
#1338=PLANE('',#2465);
#1339=SURFACE_STYLE_USAGE(.BOTH.,#2466);
#1340=FACE_OUTER_BOUND('',#2467,.T.);
#1341=PLANE('',#2468);
#1342=SURFACE_STYLE_USAGE(.BOTH.,#2469);
#1343=FACE_OUTER_BOUND('',#2470,.T.);
#1344=PLANE('',#2471);
#1345=SURFACE_STYLE_USAGE(.BOTH.,#2472);
#1346=FACE_OUTER_BOUND('',#2473,.T.);
#1347=PLANE('',#2474);
#1348=SURFACE_STYLE_USAGE(.BOTH.,#2475);
#1349=FACE_OUTER_BOUND('',#2476,.T.);
#1350=PLANE('',#2477);
#1351=SURFACE_STYLE_USAGE(.BOTH.,#2478);
#1352=FACE_OUTER_BOUND('',#2479,.T.);
#1353=PLANE('',#2480);
#1354=SURFACE_STYLE_USAGE(.BOTH.,#2481);
#1355=FACE_OUTER_BOUND('',#2482,.T.);
#1356=CYLINDRICAL_SURFACE('',#2483,0.190500000000002);
#1357=SURFACE_STYLE_USAGE(.BOTH.,#2484);
#1358=FACE_OUTER_BOUND('',#2485,.T.);
#1359=PLANE('',#2486);
#1360=SURFACE_STYLE_USAGE(.BOTH.,#2487);
#1361=FACE_OUTER_BOUND('',#2488,.T.);
#1362=PLANE('',#2489);
#1363=SURFACE_STYLE_USAGE(.BOTH.,#2490);
#1364=FACE_OUTER_BOUND('',#2491,.T.);
#1365=PLANE('',#2492);
#1366=SURFACE_STYLE_USAGE(.BOTH.,#2493);
#1367=FACE_OUTER_BOUND('',#2494,.T.);
#1368=PLANE('',#2495);
#1369=SURFACE_STYLE_USAGE(.BOTH.,#2496);
#1370=FACE_OUTER_BOUND('',#2497,.T.);
#1371=PLANE('',#2498);
#1372=SURFACE_STYLE_USAGE(.BOTH.,#2499);
#1373=FACE_OUTER_BOUND('',#2500,.T.);
#1374=PLANE('',#2501);
#1375=SURFACE_STYLE_USAGE(.BOTH.,#2502);
#1376=FACE_OUTER_BOUND('',#2503,.T.);
#1377=PLANE('',#2504);
#1378=SURFACE_STYLE_USAGE(.BOTH.,#2505);
#1379=FACE_OUTER_BOUND('',#2506,.T.);
#1380=PLANE('',#2507);
#1381=SURFACE_STYLE_USAGE(.BOTH.,#2508);
#1382=FACE_OUTER_BOUND('',#2509,.T.);
#1383=PLANE('',#2510);
#1384=SURFACE_STYLE_USAGE(.BOTH.,#2511);
#1385=FACE_OUTER_BOUND('',#2512,.T.);
#1386=PLANE('',#2513);
#1387=SURFACE_STYLE_USAGE(.BOTH.,#2514);
#1388=FACE_OUTER_BOUND('',#2515,.T.);
#1389=PLANE('',#2516);
#1390=SURFACE_STYLE_USAGE(.BOTH.,#2517);
#1391=FACE_OUTER_BOUND('',#2518,.T.);
#1392=PLANE('',#2519);
#1393=SURFACE_STYLE_USAGE(.BOTH.,#2520);
#1394=FACE_OUTER_BOUND('',#2521,.T.);
#1395=PLANE('',#2522);
#1396=SURFACE_STYLE_USAGE(.BOTH.,#2523);
#1397=FACE_OUTER_BOUND('',#2524,.T.);
#1398=PLANE('',#2525);
#1399=SURFACE_STYLE_USAGE(.BOTH.,#2526);
#1400=FACE_OUTER_BOUND('',#2527,.T.);
#1401=PLANE('',#2528);
#1402=SURFACE_STYLE_USAGE(.BOTH.,#2529);
#1403=FACE_OUTER_BOUND('',#2530,.T.);
#1404=PLANE('',#2531);
#1405=SURFACE_STYLE_USAGE(.BOTH.,#2532);
#1406=FACE_OUTER_BOUND('',#2533,.T.);
#1407=PLANE('',#2534);
#1408=SURFACE_STYLE_USAGE(.BOTH.,#2535);
#1409=FACE_OUTER_BOUND('',#2536,.T.);
#1410=PLANE('',#2537);
#1411=SURFACE_STYLE_USAGE(.BOTH.,#2538);
#1412=FACE_OUTER_BOUND('',#2539,.T.);
#1413=PLANE('',#2540);
#1414=SURFACE_STYLE_USAGE(.BOTH.,#2541);
#1415=FACE_OUTER_BOUND('',#2542,.T.);
#1416=PLANE('',#2543);
#1417=SURFACE_STYLE_USAGE(.BOTH.,#2544);
#1418=FACE_OUTER_BOUND('',#2545,.T.);
#1419=PLANE('',#2546);
#1420=SURFACE_STYLE_USAGE(.BOTH.,#2547);
#1421=FACE_OUTER_BOUND('',#2548,.T.);
#1422=PLANE('',#2549);
#1423=SURFACE_STYLE_USAGE(.BOTH.,#2550);
#1424=FACE_OUTER_BOUND('',#2551,.T.);
#1425=PLANE('',#2552);
#1426=SURFACE_STYLE_USAGE(.BOTH.,#2553);
#1427=FACE_OUTER_BOUND('',#2554,.T.);
#1428=CYLINDRICAL_SURFACE('',#2555,0.190500000000002);
#1429=SURFACE_STYLE_USAGE(.BOTH.,#2556);
#1430=FACE_OUTER_BOUND('',#2557,.T.);
#1431=PLANE('',#2558);
#1432=SURFACE_STYLE_USAGE(.BOTH.,#2559);
#1433=FACE_OUTER_BOUND('',#2560,.T.);
#1434=PLANE('',#2561);
#1435=SURFACE_STYLE_USAGE(.BOTH.,#2562);
#1436=FACE_OUTER_BOUND('',#2563,.T.);
#1437=PLANE('',#2564);
#1438=SURFACE_STYLE_USAGE(.BOTH.,#2565);
#1439=FACE_OUTER_BOUND('',#2566,.T.);
#1440=PLANE('',#2567);
#1441=SURFACE_STYLE_USAGE(.BOTH.,#2568);
#1442=FACE_OUTER_BOUND('',#2569,.T.);
#1443=PLANE('',#2570);
#1444=SURFACE_STYLE_USAGE(.BOTH.,#2571);
#1445=FACE_OUTER_BOUND('',#2572,.T.);
#1446=PLANE('',#2573);
#1447=SURFACE_STYLE_USAGE(.BOTH.,#2574);
#1448=FACE_OUTER_BOUND('',#2575,.T.);
#1449=PLANE('',#2576);
#1450=SURFACE_STYLE_USAGE(.BOTH.,#2577);
#1451=FACE_OUTER_BOUND('',#2578,.T.);
#1452=PLANE('',#2579);
#1453=SURFACE_STYLE_USAGE(.BOTH.,#2580);
#1454=FACE_OUTER_BOUND('',#2581,.T.);
#1455=PLANE('',#2582);
#1456=SURFACE_STYLE_USAGE(.BOTH.,#2583);
#1457=FACE_OUTER_BOUND('',#2584,.T.);
#1458=PLANE('',#2585);
#1459=SURFACE_STYLE_USAGE(.BOTH.,#2586);
#1460=FACE_OUTER_BOUND('',#2587,.T.);
#1461=PLANE('',#2588);
#1462=SURFACE_STYLE_USAGE(.BOTH.,#2589);
#1463=FACE_OUTER_BOUND('',#2590,.T.);
#1464=PLANE('',#2591);
#1465=SURFACE_STYLE_USAGE(.BOTH.,#2592);
#1466=FACE_OUTER_BOUND('',#2593,.T.);
#1467=PLANE('',#2594);
#1468=SURFACE_STYLE_USAGE(.BOTH.,#2595);
#1469=FACE_OUTER_BOUND('',#2596,.T.);
#1470=PLANE('',#2597);
#1471=SURFACE_STYLE_USAGE(.BOTH.,#2598);
#1472=FACE_OUTER_BOUND('',#2599,.T.);
#1473=PLANE('',#2600);
#1474=SURFACE_STYLE_USAGE(.BOTH.,#2601);
#1475=FACE_OUTER_BOUND('',#2602,.T.);
#1476=PLANE('',#2603);
#1477=SURFACE_STYLE_USAGE(.BOTH.,#2604);
#1478=FACE_OUTER_BOUND('',#2605,.T.);
#1479=PLANE('',#2606);
#1480=SURFACE_STYLE_USAGE(.BOTH.,#2607);
#1481=FACE_OUTER_BOUND('',#2608,.T.);
#1482=PLANE('',#2609);
#1483=SURFACE_STYLE_USAGE(.BOTH.,#2610);
#1484=FACE_OUTER_BOUND('',#2611,.T.);
#1485=PLANE('',#2612);
#1486=SURFACE_STYLE_USAGE(.BOTH.,#2613);
#1487=FACE_OUTER_BOUND('',#2614,.T.);
#1488=PLANE('',#2615);
#1489=SURFACE_STYLE_USAGE(.BOTH.,#2616);
#1490=FACE_OUTER_BOUND('',#2617,.T.);
#1491=PLANE('',#2618);
#1492=SURFACE_STYLE_USAGE(.BOTH.,#2619);
#1493=FACE_OUTER_BOUND('',#2620,.T.);
#1494=PLANE('',#2621);
#1495=SURFACE_STYLE_USAGE(.BOTH.,#2622);
#1496=FACE_OUTER_BOUND('',#2623,.T.);
#1497=PLANE('',#2624);
#1498=SURFACE_STYLE_USAGE(.BOTH.,#2625);
#1499=FACE_OUTER_BOUND('',#2626,.T.);
#1500=CYLINDRICAL_SURFACE('',#2627,0.190500000000002);
#1501=SURFACE_STYLE_USAGE(.BOTH.,#2628);
#1502=FACE_OUTER_BOUND('',#2629,.T.);
#1503=PLANE('',#2630);
#1504=SURFACE_STYLE_USAGE(.BOTH.,#2631);
#1505=FACE_OUTER_BOUND('',#2632,.T.);
#1506=PLANE('',#2633);
#1507=SURFACE_STYLE_USAGE(.BOTH.,#2634);
#1508=FACE_OUTER_BOUND('',#2635,.T.);
#1509=PLANE('',#2636);
#1510=SURFACE_STYLE_USAGE(.BOTH.,#2637);
#1511=FACE_OUTER_BOUND('',#2638,.T.);
#1512=PLANE('',#2639);
#1513=SURFACE_STYLE_USAGE(.BOTH.,#2640);
#1514=FACE_OUTER_BOUND('',#2641,.T.);
#1515=PLANE('',#2642);
#1516=SURFACE_STYLE_USAGE(.BOTH.,#2643);
#1517=FACE_OUTER_BOUND('',#2644,.T.);
#1518=PLANE('',#2645);
#1519=SURFACE_STYLE_USAGE(.BOTH.,#2646);
#1520=FACE_OUTER_BOUND('',#2647,.T.);
#1521=PLANE('',#2648);
#1522=SURFACE_STYLE_USAGE(.BOTH.,#2649);
#1523=FACE_OUTER_BOUND('',#2650,.T.);
#1524=PLANE('',#2651);
#1525=SURFACE_STYLE_USAGE(.BOTH.,#2652);
#1526=FACE_OUTER_BOUND('',#2653,.T.);
#1527=PLANE('',#2654);
#1528=SURFACE_STYLE_USAGE(.BOTH.,#2655);
#1529=FACE_OUTER_BOUND('',#2656,.T.);
#1530=PLANE('',#2657);
#1531=SURFACE_STYLE_USAGE(.BOTH.,#2658);
#1532=FACE_OUTER_BOUND('',#2659,.T.);
#1533=PLANE('',#2660);
#1534=SURFACE_STYLE_USAGE(.BOTH.,#2661);
#1535=FACE_OUTER_BOUND('',#2662,.T.);
#1536=PLANE('',#2663);
#1537=SURFACE_STYLE_USAGE(.BOTH.,#2664);
#1538=FACE_OUTER_BOUND('',#2665,.T.);
#1539=PLANE('',#2666);
#1540=SURFACE_STYLE_USAGE(.BOTH.,#2667);
#1541=FACE_OUTER_BOUND('',#2668,.T.);
#1542=PLANE('',#2669);
#1543=SURFACE_STYLE_USAGE(.BOTH.,#2670);
#1544=FACE_OUTER_BOUND('',#2671,.T.);
#1545=PLANE('',#2672);
#1546=SURFACE_STYLE_USAGE(.BOTH.,#2673);
#1547=FACE_OUTER_BOUND('',#2674,.T.);
#1548=PLANE('',#2675);
#1549=SURFACE_STYLE_USAGE(.BOTH.,#2676);
#1550=FACE_OUTER_BOUND('',#2677,.T.);
#1551=PLANE('',#2678);
#1552=SURFACE_STYLE_USAGE(.BOTH.,#2679);
#1553=FACE_OUTER_BOUND('',#2680,.T.);
#1554=PLANE('',#2681);
#1555=SURFACE_STYLE_USAGE(.BOTH.,#2682);
#1556=FACE_OUTER_BOUND('',#2683,.T.);
#1557=PLANE('',#2684);
#1558=SURFACE_STYLE_USAGE(.BOTH.,#2685);
#1559=FACE_OUTER_BOUND('',#2686,.T.);
#1560=PLANE('',#2687);
#1561=SURFACE_STYLE_USAGE(.BOTH.,#2688);
#1562=FACE_OUTER_BOUND('',#2689,.T.);
#1563=PLANE('',#2690);
#1564=SURFACE_STYLE_USAGE(.BOTH.,#2691);
#1565=FACE_OUTER_BOUND('',#2692,.T.);
#1566=PLANE('',#2693);
#1567=SURFACE_STYLE_USAGE(.BOTH.,#2694);
#1568=FACE_OUTER_BOUND('',#2695,.T.);
#1569=PLANE('',#2696);
#1570=SURFACE_STYLE_USAGE(.BOTH.,#2697);
#1571=FACE_OUTER_BOUND('',#2698,.T.);
#1572=CYLINDRICAL_SURFACE('',#2699,0.190500000000002);
#1573=SURFACE_STYLE_USAGE(.BOTH.,#2700);
#1574=FACE_OUTER_BOUND('',#2701,.T.);
#1575=PLANE('',#2702);
#1576=SURFACE_STYLE_USAGE(.BOTH.,#2703);
#1577=FACE_OUTER_BOUND('',#2704,.T.);
#1578=PLANE('',#2705);
#1579=SURFACE_STYLE_USAGE(.BOTH.,#2706);
#1580=FACE_OUTER_BOUND('',#2707,.T.);
#1581=PLANE('',#2708);
#1582=SURFACE_STYLE_USAGE(.BOTH.,#2709);
#1583=FACE_OUTER_BOUND('',#2710,.T.);
#1584=PLANE('',#2711);
#1585=SURFACE_STYLE_USAGE(.BOTH.,#2712);
#1586=FACE_OUTER_BOUND('',#2713,.T.);
#1587=PLANE('',#2714);
#1588=SURFACE_STYLE_USAGE(.BOTH.,#2715);
#1589=FACE_OUTER_BOUND('',#2716,.T.);
#1590=PLANE('',#2717);
#1591=SURFACE_STYLE_USAGE(.BOTH.,#2718);
#1592=FACE_OUTER_BOUND('',#2719,.T.);
#1593=PLANE('',#2720);
#1594=SURFACE_STYLE_USAGE(.BOTH.,#2721);
#1595=FACE_OUTER_BOUND('',#2722,.T.);
#1596=FACE_BOUND('',#2723,.T.);
#1597=PLANE('',#2724);
#1598=SURFACE_STYLE_USAGE(.BOTH.,#2725);
#1599=FACE_OUTER_BOUND('',#2726,.T.);
#1600=PLANE('',#2727);
#1601=SURFACE_STYLE_USAGE(.BOTH.,#2728);
#1602=FACE_OUTER_BOUND('',#2729,.T.);
#1603=PLANE('',#2730);
#1604=SURFACE_STYLE_USAGE(.BOTH.,#2731);
#1605=FACE_OUTER_BOUND('',#2732,.T.);
#1606=PLANE('',#2733);
#1607=SURFACE_STYLE_USAGE(.BOTH.,#2734);
#1608=FACE_OUTER_BOUND('',#2735,.T.);
#1609=PLANE('',#2736);
#1610=SURFACE_STYLE_USAGE(.BOTH.,#2737);
#1611=FACE_OUTER_BOUND('',#2738,.T.);
#1612=PLANE('',#2739);
#1613=SURFACE_STYLE_USAGE(.BOTH.,#2740);
#1614=FACE_OUTER_BOUND('',#2741,.T.);
#1615=PLANE('',#2742);
#1616=SURFACE_STYLE_USAGE(.BOTH.,#2743);
#1617=FACE_OUTER_BOUND('',#2744,.T.);
#1618=PLANE('',#2745);
#1619=SURFACE_STYLE_USAGE(.BOTH.,#2746);
#1620=FACE_OUTER_BOUND('',#2747,.T.);
#1621=PLANE('',#2748);
#1622=SURFACE_STYLE_USAGE(.BOTH.,#2749);
#1623=FACE_OUTER_BOUND('',#2750,.T.);
#1624=FACE_BOUND('',#2751,.T.);
#1625=PLANE('',#2752);
#1626=SURFACE_STYLE_USAGE(.BOTH.,#2753);
#1627=FACE_OUTER_BOUND('',#2754,.T.);
#1628=PLANE('',#2755);
#1629=SURFACE_STYLE_USAGE(.BOTH.,#2756);
#1630=FACE_OUTER_BOUND('',#2757,.T.);
#1631=PLANE('',#2758);
#1632=SURFACE_STYLE_USAGE(.BOTH.,#2759);
#1633=FACE_OUTER_BOUND('',#2760,.T.);
#1634=PLANE('',#2761);
#1635=SURFACE_STYLE_USAGE(.BOTH.,#2762);
#1636=FACE_OUTER_BOUND('',#2763,.T.);
#1637=PLANE('',#2764);
#1638=SURFACE_STYLE_USAGE(.BOTH.,#2765);
#1639=FACE_OUTER_BOUND('',#2766,.T.);
#1640=PLANE('',#2767);
#1641=SURFACE_STYLE_USAGE(.BOTH.,#2768);
#1642=FACE_OUTER_BOUND('',#2769,.T.);
#1643=PLANE('',#2770);
#1644=SURFACE_STYLE_USAGE(.BOTH.,#2771);
#1645=FACE_OUTER_BOUND('',#2772,.T.);
#1646=PLANE('',#2773);
#1647=SURFACE_STYLE_USAGE(.BOTH.,#2774);
#1648=FACE_OUTER_BOUND('',#2775,.T.);
#1649=PLANE('',#2776);
#1650=SURFACE_STYLE_USAGE(.BOTH.,#2777);
#1651=FACE_OUTER_BOUND('',#2778,.T.);
#1652=FACE_BOUND('',#2779,.T.);
#1653=PLANE('',#2780);
#1654=SURFACE_STYLE_USAGE(.BOTH.,#2781);
#1655=FACE_OUTER_BOUND('',#2782,.T.);
#1656=PLANE('',#2783);
#1657=SURFACE_STYLE_USAGE(.BOTH.,#2784);
#1658=FACE_OUTER_BOUND('',#2785,.T.);
#1659=PLANE('',#2786);
#1660=SURFACE_STYLE_USAGE(.BOTH.,#2787);
#1661=FACE_OUTER_BOUND('',#2788,.T.);
#1662=PLANE('',#2789);
#1663=SURFACE_STYLE_USAGE(.BOTH.,#2790);
#1664=FACE_OUTER_BOUND('',#2791,.T.);
#1665=PLANE('',#2792);
#1666=SURFACE_STYLE_USAGE(.BOTH.,#2793);
#1667=FACE_OUTER_BOUND('',#2794,.T.);
#1668=PLANE('',#2795);
#1669=SURFACE_STYLE_USAGE(.BOTH.,#2796);
#1670=FACE_OUTER_BOUND('',#2797,.T.);
#1671=PLANE('',#2798);
#1672=SURFACE_STYLE_USAGE(.BOTH.,#2799);
#1673=FACE_OUTER_BOUND('',#2800,.T.);
#1674=PLANE('',#2801);
#1675=SURFACE_STYLE_USAGE(.BOTH.,#2802);
#1676=FACE_OUTER_BOUND('',#2803,.T.);
#1677=PLANE('',#2804);
#1678=SURFACE_STYLE_USAGE(.BOTH.,#2805);
#1679=FACE_OUTER_BOUND('',#2806,.T.);
#1680=FACE_BOUND('',#2807,.T.);
#1681=PLANE('',#2808);
#1682=SURFACE_STYLE_USAGE(.BOTH.,#2809);
#1683=FACE_OUTER_BOUND('',#2810,.T.);
#1684=PLANE('',#2811);
#1685=SURFACE_STYLE_USAGE(.BOTH.,#2812);
#1686=FACE_OUTER_BOUND('',#2813,.T.);
#1687=PLANE('',#2814);
#1688=SURFACE_STYLE_USAGE(.BOTH.,#2815);
#1689=FACE_OUTER_BOUND('',#2816,.T.);
#1690=PLANE('',#2817);
#1691=SURFACE_STYLE_USAGE(.BOTH.,#2818);
#1692=FACE_OUTER_BOUND('',#2819,.T.);
#1693=PLANE('',#2820);
#1694=SURFACE_STYLE_USAGE(.BOTH.,#2821);
#1695=FACE_OUTER_BOUND('',#2822,.T.);
#1696=PLANE('',#2823);
#1697=SURFACE_STYLE_USAGE(.BOTH.,#2824);
#1698=FACE_OUTER_BOUND('',#2825,.T.);
#1699=PLANE('',#2826);
#1700=SURFACE_STYLE_USAGE(.BOTH.,#2827);
#1701=FACE_OUTER_BOUND('',#2828,.T.);
#1702=PLANE('',#2829);
#1703=SURFACE_STYLE_USAGE(.BOTH.,#2830);
#1704=FACE_OUTER_BOUND('',#2831,.T.);
#1705=PLANE('',#2832);
#1706=SURFACE_STYLE_USAGE(.BOTH.,#2833);
#1707=FACE_OUTER_BOUND('',#2834,.T.);
#1708=FACE_BOUND('',#2835,.T.);
#1709=PLANE('',#2836);
#1710=SURFACE_STYLE_USAGE(.BOTH.,#2837);
#1711=FACE_OUTER_BOUND('',#2838,.T.);
#1712=PLANE('',#2839);
#1713=SURFACE_STYLE_USAGE(.BOTH.,#2840);
#1714=FACE_OUTER_BOUND('',#2841,.T.);
#1715=PLANE('',#2842);
#1716=SURFACE_STYLE_USAGE(.BOTH.,#2843);
#1717=FACE_OUTER_BOUND('',#2844,.T.);
#1718=PLANE('',#2845);
#1719=SURFACE_STYLE_USAGE(.BOTH.,#2846);
#1720=FACE_OUTER_BOUND('',#2847,.T.);
#1721=PLANE('',#2848);
#1722=SURFACE_STYLE_USAGE(.BOTH.,#2849);
#1723=FACE_OUTER_BOUND('',#2850,.T.);
#1724=PLANE('',#2851);
#1725=SURFACE_STYLE_USAGE(.BOTH.,#2852);
#1726=FACE_OUTER_BOUND('',#2853,.T.);
#1727=PLANE('',#2854);
#1728=SURFACE_STYLE_USAGE(.BOTH.,#2855);
#1729=FACE_OUTER_BOUND('',#2856,.T.);
#1730=PLANE('',#2857);
#1731=SURFACE_STYLE_USAGE(.BOTH.,#2858);
#1732=FACE_OUTER_BOUND('',#2859,.T.);
#1733=PLANE('',#2860);
#1734=SURFACE_STYLE_USAGE(.BOTH.,#2861);
#1735=FACE_OUTER_BOUND('',#2862,.T.);
#1736=FACE_BOUND('',#2863,.T.);
#1737=PLANE('',#2864);
#1738=SURFACE_STYLE_USAGE(.BOTH.,#2865);
#1739=FACE_OUTER_BOUND('',#2866,.T.);
#1740=PLANE('',#2867);
#1741=SURFACE_STYLE_USAGE(.BOTH.,#2868);
#1742=FACE_OUTER_BOUND('',#2869,.T.);
#1743=PLANE('',#2870);
#1744=SURFACE_STYLE_USAGE(.BOTH.,#2871);
#1745=FACE_OUTER_BOUND('',#2872,.T.);
#1746=PLANE('',#2873);
#1747=SURFACE_STYLE_USAGE(.BOTH.,#2874);
#1748=FACE_OUTER_BOUND('',#2875,.T.);
#1749=PLANE('',#2876);
#1750=SURFACE_STYLE_USAGE(.BOTH.,#2877);
#1751=FACE_OUTER_BOUND('',#2878,.T.);
#1752=PLANE('',#2879);
#1753=SURFACE_STYLE_USAGE(.BOTH.,#2880);
#1754=FACE_OUTER_BOUND('',#2881,.T.);
#1755=PLANE('',#2882);
#1756=SURFACE_STYLE_USAGE(.BOTH.,#2883);
#1757=FACE_OUTER_BOUND('',#2884,.T.);
#1758=PLANE('',#2885);
#1759=SURFACE_STYLE_USAGE(.BOTH.,#2886);
#1760=FACE_OUTER_BOUND('',#2887,.T.);
#1761=PLANE('',#2888);
#1762=SURFACE_STYLE_USAGE(.BOTH.,#2889);
#1763=FACE_OUTER_BOUND('',#2890,.T.);
#1764=PLANE('',#2891);
#1765=SURFACE_STYLE_USAGE(.BOTH.,#2892);
#1766=FACE_OUTER_BOUND('',#2893,.T.);
#1767=PLANE('',#2894);
#1768=SURFACE_STYLE_USAGE(.BOTH.,#2895);
#1769=FACE_OUTER_BOUND('',#2896,.T.);
#1770=PLANE('',#2897);
#1771=SURFACE_STYLE_USAGE(.BOTH.,#2898);
#1772=FACE_OUTER_BOUND('',#2899,.T.);
#1773=PLANE('',#2900);
#1774=SURFACE_STYLE_USAGE(.BOTH.,#2901);
#1775=FACE_OUTER_BOUND('',#2902,.T.);
#1776=PLANE('',#2903);
#1777=SURFACE_STYLE_USAGE(.BOTH.,#2904);
#1778=FACE_OUTER_BOUND('',#2905,.T.);
#1779=PLANE('',#2906);
#1780=SURFACE_STYLE_USAGE(.BOTH.,#2907);
#1781=FACE_OUTER_BOUND('',#2908,.T.);
#1782=PLANE('',#2909);
#1783=SURFACE_STYLE_USAGE(.BOTH.,#2910);
#1784=FACE_OUTER_BOUND('',#2911,.T.);
#1785=PLANE('',#2912);
#1786=SURFACE_STYLE_USAGE(.BOTH.,#2913);
#1787=FACE_OUTER_BOUND('',#2914,.T.);
#1788=PLANE('',#2915);
#1789=SURFACE_STYLE_USAGE(.BOTH.,#2916);
#1790=FACE_OUTER_BOUND('',#2917,.T.);
#1791=PLANE('',#2918);
#1792=SURFACE_STYLE_USAGE(.BOTH.,#2919);
#1793=FACE_OUTER_BOUND('',#2920,.T.);
#1794=PLANE('',#2921);
#1795=SURFACE_STYLE_USAGE(.BOTH.,#2922);
#1796=FACE_OUTER_BOUND('',#2923,.T.);
#1797=PLANE('',#2924);
#1798=SURFACE_STYLE_USAGE(.BOTH.,#2925);
#1799=FACE_OUTER_BOUND('',#2926,.T.);
#1800=PLANE('',#2927);
#1801=SURFACE_STYLE_USAGE(.BOTH.,#2928);
#1802=FACE_OUTER_BOUND('',#2929,.T.);
#1803=PLANE('',#2930);
#1804=SURFACE_STYLE_USAGE(.BOTH.,#2931);
#1805=FACE_OUTER_BOUND('',#2932,.T.);
#1806=PLANE('',#2933);
#1807=SURFACE_STYLE_USAGE(.BOTH.,#2934);
#1808=FACE_OUTER_BOUND('',#2935,.T.);
#1809=PLANE('',#2936);
#1810=SURFACE_STYLE_USAGE(.BOTH.,#2937);
#1811=FACE_BOUND('',#2938,.T.);
#1812=FACE_BOUND('',#2939,.T.);
#1813=FACE_BOUND('',#2940,.T.);
#1814=FACE_BOUND('',#2941,.T.);
#1815=FACE_BOUND('',#2942,.T.);
#1816=FACE_BOUND('',#2943,.T.);
#1817=FACE_OUTER_BOUND('',#2944,.T.);
#1818=PLANE('',#2945);
#1819=SURFACE_STYLE_USAGE(.BOTH.,#2946);
#1820=FACE_OUTER_BOUND('',#2947,.T.);
#1821=PLANE('',#2948);
#1822=SURFACE_STYLE_USAGE(.BOTH.,#2949);
#1823=FACE_BOUND('',#2950,.T.);
#1824=FACE_BOUND('',#2951,.T.);
#1825=FACE_BOUND('',#2952,.T.);
#1826=FACE_BOUND('',#2953,.T.);
#1827=FACE_BOUND('',#2954,.T.);
#1828=FACE_BOUND('',#2955,.T.);
#1829=FACE_OUTER_BOUND('',#2956,.T.);
#1830=FACE_BOUND('',#2957,.T.);
#1831=FACE_BOUND('',#2958,.T.);
#1832=FACE_BOUND('',#2959,.T.);
#1833=FACE_BOUND('',#2960,.T.);
#1834=FACE_BOUND('',#2961,.T.);
#1835=FACE_BOUND('',#2962,.T.);
#1836=FACE_BOUND('',#2963,.T.);
#1837=FACE_BOUND('',#2964,.T.);
#1838=FACE_BOUND('',#2965,.T.);
#1839=FACE_BOUND('',#2966,.T.);
#1840=PLANE('',#2967);
#1841=SURFACE_STYLE_USAGE(.BOTH.,#2968);
#1842=FACE_OUTER_BOUND('',#2969,.T.);
#1843=PLANE('',#2970);
#1844=SURFACE_STYLE_USAGE(.BOTH.,#2971);
#1845=FACE_OUTER_BOUND('',#2972,.T.);
#1846=PLANE('',#2973);
#1847=SURFACE_STYLE_USAGE(.BOTH.,#2974);
#1848=FACE_OUTER_BOUND('',#2975,.T.);
#1849=PLANE('',#2976);
#1850=SURFACE_STYLE_USAGE(.BOTH.,#2977);
#1851=FACE_OUTER_BOUND('',#2978,.T.);
#1852=PLANE('',#2979);
#1853=SURFACE_STYLE_USAGE(.BOTH.,#2980);
#1854=FACE_OUTER_BOUND('',#2981,.T.);
#1855=PLANE('',#2982);
#1856=SURFACE_STYLE_USAGE(.BOTH.,#2983);
#1857=FACE_OUTER_BOUND('',#2984,.T.);
#1858=PLANE('',#2985);
#1859=SURFACE_STYLE_USAGE(.BOTH.,#2986);
#1860=FACE_OUTER_BOUND('',#2987,.T.);
#1861=PLANE('',#2988);
#1862=SURFACE_STYLE_USAGE(.BOTH.,#2989);
#1863=FACE_OUTER_BOUND('',#2990,.T.);
#1864=PLANE('',#2991);
#1865=SURFACE_STYLE_USAGE(.BOTH.,#2992);
#1866=FACE_OUTER_BOUND('',#2993,.T.);
#1867=PLANE('',#2994);
#1868=SURFACE_STYLE_USAGE(.BOTH.,#2995);
#1869=FACE_OUTER_BOUND('',#2996,.T.);
#1870=PLANE('',#2997);
#1871=SURFACE_STYLE_USAGE(.BOTH.,#2998);
#1872=FACE_OUTER_BOUND('',#2999,.T.);
#1873=PLANE('',#3000);
#1874=SURFACE_STYLE_USAGE(.BOTH.,#3001);
#1875=FACE_OUTER_BOUND('',#3002,.T.);
#1876=PLANE('',#3003);
#1877=SURFACE_STYLE_USAGE(.BOTH.,#3004);
#1878=FACE_OUTER_BOUND('',#3005,.T.);
#1879=PLANE('',#3006);
#1880=SURFACE_STYLE_USAGE(.BOTH.,#3007);
#1881=FACE_OUTER_BOUND('',#3008,.T.);
#1882=PLANE('',#3009);
#1883=SURFACE_STYLE_USAGE(.BOTH.,#3010);
#1884=FACE_OUTER_BOUND('',#3011,.T.);
#1885=PLANE('',#3012);
#1886=SURFACE_STYLE_USAGE(.BOTH.,#3013);
#1887=FACE_OUTER_BOUND('',#3014,.T.);
#1888=PLANE('',#3015);
#1889=SURFACE_STYLE_USAGE(.BOTH.,#3016);
#1890=FACE_OUTER_BOUND('',#3017,.T.);
#1891=PLANE('',#3018);
#1892=SURFACE_STYLE_USAGE(.BOTH.,#3019);
#1893=FACE_OUTER_BOUND('',#3020,.T.);
#1894=PLANE('',#3021);
#1895=SURFACE_STYLE_USAGE(.BOTH.,#3022);
#1896=FACE_OUTER_BOUND('',#3023,.T.);
#1897=PLANE('',#3024);
#1898=SURFACE_STYLE_USAGE(.BOTH.,#3025);
#1899=FACE_OUTER_BOUND('',#3026,.T.);
#1900=PLANE('',#3027);
#1901=SURFACE_STYLE_USAGE(.BOTH.,#3028);
#1902=FACE_OUTER_BOUND('',#3029,.T.);
#1903=PLANE('',#3030);
#1904=SURFACE_STYLE_USAGE(.BOTH.,#3031);
#1905=FACE_OUTER_BOUND('',#3032,.T.);
#1906=PLANE('',#3033);
#1907=SURFACE_STYLE_USAGE(.BOTH.,#3034);
#1908=FACE_OUTER_BOUND('',#3035,.T.);
#1909=PLANE('',#3036);
#1910=SURFACE_STYLE_USAGE(.BOTH.,#3037);
#1911=FACE_OUTER_BOUND('',#3038,.T.);
#1912=PLANE('',#3039);
#1913=SURFACE_STYLE_USAGE(.BOTH.,#3040);
#1914=FACE_OUTER_BOUND('',#3041,.T.);
#1915=PLANE('',#3042);
#1916=SURFACE_STYLE_USAGE(.BOTH.,#3043);
#1917=FACE_OUTER_BOUND('',#3044,.T.);
#1918=PLANE('',#3045);
#1919=SURFACE_STYLE_USAGE(.BOTH.,#3046);
#1920=FACE_OUTER_BOUND('',#3047,.T.);
#1921=PLANE('',#3048);
#1922=SURFACE_STYLE_USAGE(.BOTH.,#3049);
#1923=FACE_OUTER_BOUND('',#3050,.T.);
#1924=PLANE('',#3051);
#1925=SURFACE_STYLE_USAGE(.BOTH.,#3052);
#1926=FACE_OUTER_BOUND('',#3053,.T.);
#1927=PLANE('',#3054);
#1928=SURFACE_STYLE_USAGE(.BOTH.,#3055);
#1929=FACE_OUTER_BOUND('',#3056,.T.);
#1930=PLANE('',#3057);
#1931=SURFACE_STYLE_USAGE(.BOTH.,#3058);
#1932=FACE_OUTER_BOUND('',#3059,.T.);
#1933=PLANE('',#3060);
#1934=SURFACE_STYLE_USAGE(.BOTH.,#3061);
#1935=FACE_OUTER_BOUND('',#3062,.T.);
#1936=PLANE('',#3063);
#1937=SURFACE_STYLE_USAGE(.BOTH.,#3064);
#1938=FACE_OUTER_BOUND('',#3065,.T.);
#1939=PLANE('',#3066);
#1940=SURFACE_STYLE_USAGE(.BOTH.,#3067);
#1941=FACE_OUTER_BOUND('',#3068,.T.);
#1942=PLANE('',#3069);
#1943=SURFACE_STYLE_USAGE(.BOTH.,#3070);
#1944=FACE_OUTER_BOUND('',#3071,.T.);
#1945=PLANE('',#3072);
#1946=SURFACE_STYLE_USAGE(.BOTH.,#3073);
#1947=FACE_OUTER_BOUND('',#3074,.T.);
#1948=PLANE('',#3075);
#1949=SURFACE_STYLE_USAGE(.BOTH.,#3076);
#1950=FACE_OUTER_BOUND('',#3077,.T.);
#1951=PLANE('',#3078);
#1952=SURFACE_STYLE_USAGE(.BOTH.,#3079);
#1953=FACE_OUTER_BOUND('',#3080,.T.);
#1954=PLANE('',#3081);
#1955=SURFACE_STYLE_USAGE(.BOTH.,#3082);
#1956=FACE_OUTER_BOUND('',#3083,.T.);
#1957=PLANE('',#3084);
#1958=SURFACE_STYLE_USAGE(.BOTH.,#3085);
#1959=FACE_OUTER_BOUND('',#3086,.T.);
#1960=PLANE('',#3087);
#1961=SURFACE_STYLE_USAGE(.BOTH.,#3088);
#1962=FACE_OUTER_BOUND('',#3089,.T.);
#1963=PLANE('',#3090);
#1964=SURFACE_STYLE_USAGE(.BOTH.,#3091);
#1965=FACE_OUTER_BOUND('',#3092,.T.);
#1966=PLANE('',#3093);
#1967=SURFACE_STYLE_USAGE(.BOTH.,#3094);
#1968=FACE_OUTER_BOUND('',#3095,.T.);
#1969=PLANE('',#3096);
#1970=SURFACE_STYLE_USAGE(.BOTH.,#3097);
#1971=FACE_OUTER_BOUND('',#3098,.T.);
#1972=PLANE('',#3099);
#1973=SURFACE_STYLE_USAGE(.BOTH.,#3100);
#1974=FACE_OUTER_BOUND('',#3101,.T.);
#1975=PLANE('',#3102);
#1976=SURFACE_STYLE_USAGE(.BOTH.,#3103);
#1977=FACE_OUTER_BOUND('',#3104,.T.);
#1978=PLANE('',#3105);
#1979=SURFACE_STYLE_USAGE(.BOTH.,#3106);
#1980=FACE_OUTER_BOUND('',#3107,.T.);
#1981=PLANE('',#3108);
#1982=SURFACE_STYLE_USAGE(.BOTH.,#3109);
#1983=FACE_OUTER_BOUND('',#3110,.T.);
#1984=PLANE('',#3111);
#1985=SURFACE_STYLE_USAGE(.BOTH.,#3112);
#1986=FACE_OUTER_BOUND('',#3113,.T.);
#1987=PLANE('',#3114);
#1988=SURFACE_STYLE_USAGE(.BOTH.,#3115);
#1989=FACE_OUTER_BOUND('',#3116,.T.);
#1990=PLANE('',#3117);
#1991=SURFACE_STYLE_USAGE(.BOTH.,#3118);
#1992=FACE_OUTER_BOUND('',#3119,.T.);
#1993=PLANE('',#3120);
#1994=SURFACE_STYLE_USAGE(.BOTH.,#3121);
#1995=FACE_OUTER_BOUND('',#3122,.T.);
#1996=PLANE('',#3123);
#1997=SURFACE_STYLE_USAGE(.BOTH.,#3124);
#1998=FACE_OUTER_BOUND('',#3125,.T.);
#1999=PLANE('',#3126);
#2000=SURFACE_STYLE_USAGE(.BOTH.,#3127);
#2001=FACE_OUTER_BOUND('',#3128,.T.);
#2002=PLANE('',#3129);
#2003=SURFACE_STYLE_USAGE(.BOTH.,#3130);
#2004=FACE_OUTER_BOUND('',#3131,.T.);
#2005=PLANE('',#3132);
#2006=SURFACE_STYLE_USAGE(.BOTH.,#3133);
#2007=FACE_OUTER_BOUND('',#3134,.T.);
#2008=PLANE('',#3135);
#2009=SURFACE_STYLE_USAGE(.BOTH.,#3136);
#2010=FACE_OUTER_BOUND('',#3137,.T.);
#2011=PLANE('',#3138);
#2012=SURFACE_STYLE_USAGE(.BOTH.,#3139);
#2013=FACE_OUTER_BOUND('',#3140,.T.);
#2014=PLANE('',#3141);
#2015=SURFACE_STYLE_USAGE(.BOTH.,#3142);
#2016=FACE_OUTER_BOUND('',#3143,.T.);
#2017=PLANE('',#3144);
#2018=SURFACE_STYLE_USAGE(.BOTH.,#3145);
#2019=FACE_OUTER_BOUND('',#3146,.T.);
#2020=PLANE('',#3147);
#2021=SURFACE_STYLE_USAGE(.BOTH.,#3148);
#2022=FACE_OUTER_BOUND('',#3149,.T.);
#2023=PLANE('',#3150);
#2024=SURFACE_STYLE_USAGE(.BOTH.,#3151);
#2025=FACE_OUTER_BOUND('',#3152,.T.);
#2026=PLANE('',#3153);
#2027=SURFACE_STYLE_USAGE(.BOTH.,#3154);
#2028=FACE_OUTER_BOUND('',#3155,.T.);
#2029=PLANE('',#3156);
#2030=SURFACE_STYLE_USAGE(.BOTH.,#3157);
#2031=FACE_OUTER_BOUND('',#3158,.T.);
#2032=PLANE('',#3159);
#2033=SURFACE_STYLE_USAGE(.BOTH.,#3160);
#2034=FACE_OUTER_BOUND('',#3161,.T.);
#2035=PLANE('',#3162);
#2036=SURFACE_STYLE_USAGE(.BOTH.,#3163);
#2037=FACE_OUTER_BOUND('',#3164,.T.);
#2038=PLANE('',#3165);
#2039=SURFACE_STYLE_USAGE(.BOTH.,#3166);
#2040=FACE_OUTER_BOUND('',#3167,.T.);
#2041=PLANE('',#3168);
#2042=SURFACE_STYLE_USAGE(.BOTH.,#3169);
#2043=FACE_OUTER_BOUND('',#3170,.T.);
#2044=PLANE('',#3171);
#2045=SURFACE_STYLE_USAGE(.BOTH.,#3172);
#2046=FACE_OUTER_BOUND('',#3173,.T.);
#2047=PLANE('',#3174);
#2048=SURFACE_STYLE_USAGE(.BOTH.,#3175);
#2049=FACE_OUTER_BOUND('',#3176,.T.);
#2050=PLANE('',#3177);
#2051=SURFACE_STYLE_USAGE(.BOTH.,#3178);
#2052=FACE_OUTER_BOUND('',#3179,.T.);
#2053=PLANE('',#3180);
#2054=SURFACE_STYLE_USAGE(.BOTH.,#3181);
#2055=FACE_OUTER_BOUND('',#3182,.T.);
#2056=PLANE('',#3183);
#2057=SURFACE_STYLE_USAGE(.BOTH.,#3184);
#2058=FACE_OUTER_BOUND('',#3185,.T.);
#2059=PLANE('',#3186);
#2060=SURFACE_STYLE_USAGE(.BOTH.,#3187);
#2061=FACE_OUTER_BOUND('',#3188,.T.);
#2062=PLANE('',#3189);
#2063=SURFACE_STYLE_USAGE(.BOTH.,#3190);
#2064=FACE_OUTER_BOUND('',#3191,.T.);
#2065=PLANE('',#3192);
#2066=SURFACE_STYLE_USAGE(.BOTH.,#3193);
#2067=FACE_OUTER_BOUND('',#3194,.T.);
#2068=PLANE('',#3195);
#2069=SURFACE_STYLE_USAGE(.BOTH.,#3196);
#2070=FACE_OUTER_BOUND('',#3197,.T.);
#2071=PLANE('',#3198);
#2072=SURFACE_STYLE_USAGE(.BOTH.,#3199);
#2073=FACE_OUTER_BOUND('',#3200,.T.);
#2074=PLANE('',#3201);
#2075=SURFACE_STYLE_USAGE(.BOTH.,#3202);
#2076=FACE_OUTER_BOUND('',#3203,.T.);
#2077=PLANE('',#3204);
#2078=SURFACE_STYLE_USAGE(.BOTH.,#3205);
#2079=FACE_OUTER_BOUND('',#3206,.T.);
#2080=PLANE('',#3207);
#2081=SURFACE_STYLE_USAGE(.BOTH.,#3208);
#2082=FACE_OUTER_BOUND('',#3209,.T.);
#2083=PLANE('',#3210);
#2084=SURFACE_STYLE_USAGE(.BOTH.,#3211);
#2085=FACE_OUTER_BOUND('',#3212,.T.);
#2086=PLANE('',#3213);
#2087=SURFACE_STYLE_USAGE(.BOTH.,#3214);
#2088=FACE_OUTER_BOUND('',#3215,.T.);
#2089=PLANE('',#3216);
#2090=SURFACE_STYLE_USAGE(.BOTH.,#3217);
#2091=FACE_OUTER_BOUND('',#3218,.T.);
#2092=PLANE('',#3219);
#2093=SURFACE_STYLE_USAGE(.BOTH.,#3220);
#2094=FACE_OUTER_BOUND('',#3221,.T.);
#2095=PLANE('',#3222);
#2096=SURFACE_STYLE_USAGE(.BOTH.,#3223);
#2097=FACE_OUTER_BOUND('',#3224,.T.);
#2098=PLANE('',#3225);
#2099=SURFACE_STYLE_USAGE(.BOTH.,#3226);
#2100=FACE_OUTER_BOUND('',#3227,.T.);
#2101=PLANE('',#3228);
#2102=SURFACE_STYLE_USAGE(.BOTH.,#3229);
#2103=FACE_OUTER_BOUND('',#3230,.T.);
#2104=PLANE('',#3231);
#2105=SURFACE_STYLE_USAGE(.BOTH.,#3232);
#2106=FACE_OUTER_BOUND('',#3233,.T.);
#2107=PLANE('',#3234);
#2108=SURFACE_STYLE_USAGE(.BOTH.,#3235);
#2109=FACE_OUTER_BOUND('',#3236,.T.);
#2110=PLANE('',#3237);
#2111=SURFACE_STYLE_USAGE(.BOTH.,#3238);
#2112=FACE_OUTER_BOUND('',#3239,.T.);
#2113=PLANE('',#3240);
#2114=SURFACE_STYLE_USAGE(.BOTH.,#3241);
#2115=FACE_OUTER_BOUND('',#3242,.T.);
#2116=PLANE('',#3243);
#2117=SURFACE_STYLE_USAGE(.BOTH.,#3244);
#2118=FACE_OUTER_BOUND('',#3245,.T.);
#2119=PLANE('',#3246);
#2120=SURFACE_STYLE_USAGE(.BOTH.,#3247);
#2121=FACE_OUTER_BOUND('',#3248,.T.);
#2122=PLANE('',#3249);
#2123=SURFACE_STYLE_USAGE(.BOTH.,#3250);
#2124=FACE_OUTER_BOUND('',#3251,.T.);
#2125=PLANE('',#3252);
#2126=SURFACE_STYLE_USAGE(.BOTH.,#3253);
#2127=FACE_OUTER_BOUND('',#3254,.T.);
#2128=PLANE('',#3255);
#2129=SURFACE_STYLE_USAGE(.BOTH.,#3256);
#2130=FACE_OUTER_BOUND('',#3257,.T.);
#2131=PLANE('',#3258);
#2132=SURFACE_STYLE_USAGE(.BOTH.,#3259);
#2133=FACE_OUTER_BOUND('',#3260,.T.);
#2134=PLANE('',#3261);
#2135=SURFACE_STYLE_USAGE(.BOTH.,#3262);
#2136=FACE_OUTER_BOUND('',#3263,.T.);
#2137=PLANE('',#3264);
#2138=SURFACE_STYLE_USAGE(.BOTH.,#3265);
#2139=FACE_OUTER_BOUND('',#3266,.T.);
#2140=PLANE('',#3267);
#2141=SURFACE_STYLE_USAGE(.BOTH.,#3268);
#2142=FACE_OUTER_BOUND('',#3269,.T.);
#2143=PLANE('',#3270);
#2144=SURFACE_STYLE_USAGE(.BOTH.,#3271);
#2145=FACE_OUTER_BOUND('',#3272,.T.);
#2146=PLANE('',#3273);
#2147=SURFACE_STYLE_USAGE(.BOTH.,#3274);
#2148=FACE_OUTER_BOUND('',#3275,.T.);
#2149=PLANE('',#3276);
#2150=SURFACE_STYLE_USAGE(.BOTH.,#3277);
#2151=FACE_OUTER_BOUND('',#3278,.T.);
#2152=PLANE('',#3279);
#2153=SURFACE_STYLE_USAGE(.BOTH.,#3280);
#2154=FACE_OUTER_BOUND('',#3281,.T.);
#2155=PLANE('',#3282);
#2156=SURFACE_STYLE_USAGE(.BOTH.,#3283);
#2157=FACE_OUTER_BOUND('',#3284,.T.);
#2158=PLANE('',#3285);
#2159=SURFACE_STYLE_USAGE(.BOTH.,#3286);
#2160=FACE_OUTER_BOUND('',#3287,.T.);
#2161=PLANE('',#3288);
#2162=SURFACE_STYLE_USAGE(.BOTH.,#3289);
#2163=FACE_OUTER_BOUND('',#3290,.T.);
#2164=PLANE('',#3291);
#2165=SURFACE_STYLE_USAGE(.BOTH.,#3292);
#2166=FACE_OUTER_BOUND('',#3293,.T.);
#2167=PLANE('',#3294);
#2168=SURFACE_STYLE_USAGE(.BOTH.,#3295);
#2169=FACE_OUTER_BOUND('',#3296,.T.);
#2170=PLANE('',#3297);
#2171=SURFACE_STYLE_USAGE(.BOTH.,#3298);
#2172=FACE_OUTER_BOUND('',#3299,.T.);
#2173=PLANE('',#3300);
#2174=SURFACE_STYLE_USAGE(.BOTH.,#3301);
#2175=FACE_OUTER_BOUND('',#3302,.T.);
#2176=PLANE('',#3303);
#2177=SURFACE_STYLE_USAGE(.BOTH.,#3304);
#2178=FACE_OUTER_BOUND('',#3305,.T.);
#2179=PLANE('',#3306);
#2180=SURFACE_STYLE_USAGE(.BOTH.,#3307);
#2181=FACE_OUTER_BOUND('',#3308,.T.);
#2182=PLANE('',#3309);
#2183=SURFACE_STYLE_USAGE(.BOTH.,#3310);
#2184=FACE_OUTER_BOUND('',#3311,.T.);
#2185=PLANE('',#3312);
#2186=SURFACE_STYLE_USAGE(.BOTH.,#3313);
#2187=FACE_OUTER_BOUND('',#3314,.T.);
#2188=PLANE('',#3315);
#2189=SURFACE_STYLE_USAGE(.BOTH.,#3316);
#2190=FACE_OUTER_BOUND('',#3317,.T.);
#2191=PLANE('',#3318);
#2192=SURFACE_STYLE_USAGE(.BOTH.,#3319);
#2193=FACE_OUTER_BOUND('',#3320,.T.);
#2194=PLANE('',#3321);
#2195=SURFACE_STYLE_USAGE(.BOTH.,#3322);
#2196=FACE_OUTER_BOUND('',#3323,.T.);
#2197=PLANE('',#3324);
#2198=SURFACE_STYLE_USAGE(.BOTH.,#3325);
#2199=FACE_OUTER_BOUND('',#3326,.T.);
#2200=PLANE('',#3327);
#2201=SURFACE_STYLE_USAGE(.BOTH.,#3328);
#2202=FACE_OUTER_BOUND('',#3329,.T.);
#2203=PLANE('',#3330);
#2204=SURFACE_STYLE_USAGE(.BOTH.,#3331);
#2205=FACE_OUTER_BOUND('',#3332,.T.);
#2206=PLANE('',#3333);
#2207=SURFACE_STYLE_USAGE(.BOTH.,#3334);
#2208=FACE_BOUND('',#3335,.T.);
#2209=FACE_BOUND('',#3336,.T.);
#2210=FACE_BOUND('',#3337,.T.);
#2211=FACE_BOUND('',#3338,.T.);
#2212=FACE_BOUND('',#3339,.T.);
#2213=FACE_BOUND('',#3340,.T.);
#2214=FACE_OUTER_BOUND('',#3341,.T.);
#2215=PLANE('',#3342);
#2216=SURFACE_STYLE_USAGE(.BOTH.,#3343);
#2217=FACE_OUTER_BOUND('',#3344,.T.);
#2218=PLANE('',#3345);
#2219=SURFACE_STYLE_USAGE(.BOTH.,#3346);
#2220=FACE_OUTER_BOUND('',#3347,.T.);
#2221=PLANE('',#3348);
#2222=SURFACE_STYLE_USAGE(.BOTH.,#3349);
#2223=FACE_OUTER_BOUND('',#3350,.T.);
#2224=PLANE('',#3351);
#2225=SURFACE_STYLE_USAGE(.BOTH.,#3352);
#2226=FACE_OUTER_BOUND('',#3353,.T.);
#2227=PLANE('',#3354);
#2228=SURFACE_STYLE_USAGE(.BOTH.,#3355);
#2229=FACE_BOUND('',#3356,.T.);
#2230=FACE_BOUND('',#3357,.T.);
#2231=FACE_BOUND('',#3358,.T.);
#2232=FACE_BOUND('',#3359,.T.);
#2233=FACE_BOUND('',#3360,.T.);
#2234=FACE_BOUND('',#3361,.T.);
#2235=FACE_OUTER_BOUND('',#3362,.T.);
#2236=PLANE('',#3363);
#2237=SURFACE_STYLE_USAGE(.BOTH.,#3364);
#2238=FACE_OUTER_BOUND('',#3365,.T.);
#2239=PLANE('',#3366);
#2240=PRODUCT_CONTEXT('',#370,'mechanical');
#2241=PRODUCT_DEFINITION_FORMATION_WITH_SPECIFIED_SOURCE(' ','NONE',#1103,.NOT_KNOWN.);
#2242=CLOSED_SHELL('',(#384,#386,#388,#390,#392,#394,#396,#398,#400,#402,#404,#406,#408,#410,#412,#414,#416,#418,#420,#422,#424,#426,#428,#430,#432,#434,#436,#438,#440,#442,#444,#446,#448,#450,#452,#454,#456,#458,#460,#462,#464,#466,#468,#470,#472,#474,#476,#478,#480,#482,#484,#486,#488,#490,#492,#494,#496,#498,#500,#502,#504,#506,#508,#510,#512,#514,#516,#518,#520,#522,#524,#526,#528,#530,#532,#534,#536,#538,#540,#542,#544,#546,#548,#550,#552,#554,#556,#558,#560,#562,#564,#566,#568,#570,#572,#574,#576,#578,#580,#582,#584,#586,#588,#590,#592,#594,#596,#598,#600,#602,#604,#606,#608,#610,#612,#614,#616,#618,#620,#622,#624,#626,#628,#630,#632,#634,#636,#638,#640,#642,#644,#646,#648,#650,#652,#654,#656,#658,#660,#662,#664,#666,#668,#670,#672,#674,#676,#678,#680,#682,#684,#686,#688,#690,#692,#694,#696,#698,#700,#702,#704,#706,#708,#710,#712,#714,#716,#718,#720,#722,#724,#726,#728,#730,#732,#734,#736,#738,#740,#742,#744,#746,#748,#750,#752,#754,#756,#758,#760,#762,#764,#766,#768,#770,#772,#774,#776,#778,#780,#782,#784,#786,#788,#790,#792,#794,#796,#798,#800,#802,#804,#806,#808,#810,#812,#814,#816,#818,#820,#822,#824,#826,#828,#830,#832,#834,#836,#838,#840,#842,#844,#846,#848,#850,#852,#854,#856,#858,#860,#862,#864,#866,#868,#870,#872,#874,#876,#878,#880,#882,#884,#886,#888,#890,#892,#894,#896,#898,#900,#902,#904,#906,#908,#910,#912,#914,#916,#918,#920,#922,#924,#926,#928,#930,#932,#934,#936,#938,#940,#942,#944,#946,#948,#950,#952,#954,#956,#958,#960,#962,#964,#966,#968,#970,#972,#974,#976,#978,#980,#982,#984,#986,#988,#990,#992,#994,#996,#998,#1000,#1002,#1004,#1006,#1008,#1010,#1012,#1014,#1016,#1018,#1020,#1022,#1024,#1026,#1028,#1030,#1032,#1034,#1036,#1038,#1040,#1042,#1044,#1046,#1048,#1050,#1052,#1054,#1056,#1058,#1060,#1062,#1064,#1066,#1068,#1070,#1072,#1074,#1076,#1078,#1080,#1082,#1084,#1086,#1088,#1090,#1092,#1094,#1096,#1098,#1100,#1102));
#2243=CARTESIAN_POINT('',(0.0,0.0,0.0));
#2244=DIRECTION('',(0.0,0.0,1.0));
#2245=DIRECTION('',(1.0,0.0,0.0));
#2246= (NAMED_UNIT(#1112)LENGTH_UNIT()SI_UNIT(.MILLI.,.METRE.));
#2247=SURFACE_SIDE_STYLE('',(#3368));
#2248=EDGE_LOOP('',(#3369,#3370,#3371,#3372));
#2249=AXIS2_PLACEMENT_3D('',#3373,#3374,#3375);
#2250=SURFACE_SIDE_STYLE('',(#3376));
#2251=EDGE_LOOP('',(#3377,#3378,#3379,#3380));
#2252=AXIS2_PLACEMENT_3D('',#3381,#3382,#3383);
#2253=SURFACE_SIDE_STYLE('',(#3384));
#2254=EDGE_LOOP('',(#3385,#3386,#3387,#3388));
#2255=AXIS2_PLACEMENT_3D('',#3389,#3390,#3391);
#2256=SURFACE_SIDE_STYLE('',(#3392));
#2257=EDGE_LOOP('',(#3393,#3394,#3395,#3396));
#2258=AXIS2_PLACEMENT_3D('',#3397,#3398,#3399);
#2259=SURFACE_SIDE_STYLE('',(#3400));
#2260=EDGE_LOOP('',(#3401,#3402,#3403,#3404));
#2261=AXIS2_PLACEMENT_3D('',#3405,#3406,#3407);
#2262=SURFACE_SIDE_STYLE('',(#3408));
#2263=EDGE_LOOP('',(#3409,#3410,#3411,#3412));
#2264=AXIS2_PLACEMENT_3D('',#3413,#3414,#3415);
#2265=SURFACE_SIDE_STYLE('',(#3416));
#2266=EDGE_LOOP('',(#3417,#3418,#3419,#3420));
#2267=AXIS2_PLACEMENT_3D('',#3421,#3422,#3423);
#2268=SURFACE_SIDE_STYLE('',(#3424));
#2269=EDGE_LOOP('',(#3425,#3426,#3427,#3428));
#2270=AXIS2_PLACEMENT_3D('',#3429,#3430,#3431);
#2271=SURFACE_SIDE_STYLE('',(#3432));
#2272=EDGE_LOOP('',(#3433,#3434,#3435,#3436));
#2273=AXIS2_PLACEMENT_3D('',#3437,#3438,#3439);
#2274=SURFACE_SIDE_STYLE('',(#3440));
#2275=EDGE_LOOP('',(#3441,#3442,#3443,#3444));
#2276=AXIS2_PLACEMENT_3D('',#3445,#3446,#3447);
#2277=SURFACE_SIDE_STYLE('',(#3448));
#2278=EDGE_LOOP('',(#3449,#3450,#3451,#3452));
#2279=AXIS2_PLACEMENT_3D('',#3453,#3454,#3455);
#2280=SURFACE_SIDE_STYLE('',(#3456));
#2281=EDGE_LOOP('',(#3457,#3458,#3459,#3460));
#2282=AXIS2_PLACEMENT_3D('',#3461,#3462,#3463);
#2283=SURFACE_SIDE_STYLE('',(#3464));
#2284=EDGE_LOOP('',(#3465,#3466,#3467,#3468));
#2285=AXIS2_PLACEMENT_3D('',#3469,#3470,#3471);
#2286=SURFACE_SIDE_STYLE('',(#3472));
#2287=EDGE_LOOP('',(#3473,#3474,#3475,#3476));
#2288=AXIS2_PLACEMENT_3D('',#3477,#3478,#3479);
#2289=SURFACE_SIDE_STYLE('',(#3480));
#2290=EDGE_LOOP('',(#3481,#3482,#3483,#3484));
#2291=AXIS2_PLACEMENT_3D('',#3485,#3486,#3487);
#2292=SURFACE_SIDE_STYLE('',(#3488));
#2293=EDGE_LOOP('',(#3489,#3490,#3491,#3492));
#2294=AXIS2_PLACEMENT_3D('',#3493,#3494,#3495);
#2295=SURFACE_SIDE_STYLE('',(#3496));
#2296=EDGE_LOOP('',(#3497,#3498,#3499,#3500));
#2297=AXIS2_PLACEMENT_3D('',#3501,#3502,#3503);
#2298=SURFACE_SIDE_STYLE('',(#3504));
#2299=EDGE_LOOP('',(#3505,#3506,#3507,#3508));
#2300=AXIS2_PLACEMENT_3D('',#3509,#3510,#3511);
#2301=SURFACE_SIDE_STYLE('',(#3512));
#2302=EDGE_LOOP('',(#3513,#3514,#3515,#3516,#3517,#3518,#3519,#3520,#3521,#3522,#3523,#3524));
#2303=AXIS2_PLACEMENT_3D('',#3525,#3526,#3527);
#2304=SURFACE_SIDE_STYLE('',(#3528));
#2305=EDGE_LOOP('',(#3529,#3530,#3531,#3532,#3533,#3534,#3535,#3536,#3537,#3538,#3539,#3540));
#2306=AXIS2_PLACEMENT_3D('',#3541,#3542,#3543);
#2307=SURFACE_SIDE_STYLE('',(#3544));
#2308=EDGE_LOOP('',(#3545,#3546,#3547,#3548));
#2309=AXIS2_PLACEMENT_3D('',#3549,#3550,#3551);
#2310=SURFACE_SIDE_STYLE('',(#3552));
#2311=EDGE_LOOP('',(#3553,#3554,#3555,#3556));
#2312=AXIS2_PLACEMENT_3D('',#3557,#3558,#3559);
#2313=SURFACE_SIDE_STYLE('',(#3560));
#2314=EDGE_LOOP('',(#3561,#3562,#3563,#3564));
#2315=AXIS2_PLACEMENT_3D('',#3565,#3566,#3567);
#2316=SURFACE_SIDE_STYLE('',(#3568));
#2317=EDGE_LOOP('',(#3569,#3570,#3571,#3572));
#2318=AXIS2_PLACEMENT_3D('',#3573,#3574,#3575);
#2319=SURFACE_SIDE_STYLE('',(#3576));
#2320=EDGE_LOOP('',(#3577,#3578,#3579,#3580));
#2321=AXIS2_PLACEMENT_3D('',#3581,#3582,#3583);
#2322=SURFACE_SIDE_STYLE('',(#3584));
#2323=EDGE_LOOP('',(#3585,#3586,#3587,#3588));
#2324=AXIS2_PLACEMENT_3D('',#3589,#3590,#3591);
#2325=SURFACE_SIDE_STYLE('',(#3592));
#2326=EDGE_LOOP('',(#3593,#3594,#3595,#3596));
#2327=AXIS2_PLACEMENT_3D('',#3597,#3598,#3599);
#2328=SURFACE_SIDE_STYLE('',(#3600));
#2329=EDGE_LOOP('',(#3601,#3602,#3603,#3604));
#2330=AXIS2_PLACEMENT_3D('',#3605,#3606,#3607);
#2331=SURFACE_SIDE_STYLE('',(#3608));
#2332=EDGE_LOOP('',(#3609,#3610,#3611,#3612));
#2333=AXIS2_PLACEMENT_3D('',#3613,#3614,#3615);
#2334=SURFACE_SIDE_STYLE('',(#3616));
#2335=EDGE_LOOP('',(#3617,#3618,#3619,#3620));
#2336=AXIS2_PLACEMENT_3D('',#3621,#3622,#3623);
#2337=SURFACE_SIDE_STYLE('',(#3624));
#2338=EDGE_LOOP('',(#3625,#3626,#3627,#3628));
#2339=AXIS2_PLACEMENT_3D('',#3629,#3630,#3631);
#2340=SURFACE_SIDE_STYLE('',(#3632));
#2341=EDGE_LOOP('',(#3633,#3634,#3635,#3636));
#2342=AXIS2_PLACEMENT_3D('',#3637,#3638,#3639);
#2343=SURFACE_SIDE_STYLE('',(#3640));
#2344=EDGE_LOOP('',(#3641,#3642,#3643,#3644));
#2345=AXIS2_PLACEMENT_3D('',#3645,#3646,#3647);
#2346=SURFACE_SIDE_STYLE('',(#3648));
#2347=EDGE_LOOP('',(#3649,#3650,#3651,#3652));
#2348=AXIS2_PLACEMENT_3D('',#3653,#3654,#3655);
#2349=SURFACE_SIDE_STYLE('',(#3656));
#2350=EDGE_LOOP('',(#3657,#3658,#3659,#3660,#3661,#3662,#3663,#3664));
#2351=AXIS2_PLACEMENT_3D('',#3665,#3666,#3667);
#2352=SURFACE_SIDE_STYLE('',(#3668));
#2353=EDGE_LOOP('',(#3669,#3670,#3671,#3672));
#2354=AXIS2_PLACEMENT_3D('',#3673,#3674,#3675);
#2355=SURFACE_SIDE_STYLE('',(#3676));
#2356=EDGE_LOOP('',(#3677,#3678,#3679,#3680));
#2357=AXIS2_PLACEMENT_3D('',#3681,#3682,#3683);
#2358=SURFACE_SIDE_STYLE('',(#3684));
#2359=EDGE_LOOP('',(#3685,#3686,#3687,#3688));
#2360=AXIS2_PLACEMENT_3D('',#3689,#3690,#3691);
#2361=SURFACE_SIDE_STYLE('',(#3692));
#2362=EDGE_LOOP('',(#3693,#3694,#3695,#3696));
#2363=AXIS2_PLACEMENT_3D('',#3697,#3698,#3699);
#2364=SURFACE_SIDE_STYLE('',(#3700));
#2365=EDGE_LOOP('',(#3701,#3702,#3703,#3704));
#2366=AXIS2_PLACEMENT_3D('',#3705,#3706,#3707);
#2367=SURFACE_SIDE_STYLE('',(#3708));
#2368=EDGE_LOOP('',(#3709,#3710,#3711,#3712));
#2369=AXIS2_PLACEMENT_3D('',#3713,#3714,#3715);
#2370=SURFACE_SIDE_STYLE('',(#3716));
#2371=EDGE_LOOP('',(#3717,#3718,#3719,#3720));
#2372=AXIS2_PLACEMENT_3D('',#3721,#3722,#3723);
#2373=SURFACE_SIDE_STYLE('',(#3724));
#2374=EDGE_LOOP('',(#3725,#3726,#3727,#3728,#3729,#3730,#3731,#3732,#3733,#3734,#3735,#3736));
#2375=AXIS2_PLACEMENT_3D('',#3737,#3738,#3739);
#2376=SURFACE_SIDE_STYLE('',(#3740));
#2377=EDGE_LOOP('',(#3741,#3742,#3743,#3744,#3745,#3746,#3747,#3748,#3749,#3750,#3751,#3752));
#2378=AXIS2_PLACEMENT_3D('',#3753,#3754,#3755);
#2379=SURFACE_SIDE_STYLE('',(#3756));
#2380=EDGE_LOOP('',(#3757,#3758,#3759,#3760));
#2381=AXIS2_PLACEMENT_3D('',#3761,#3762,#3763);
#2382=SURFACE_SIDE_STYLE('',(#3764));
#2383=EDGE_LOOP('',(#3765,#3766,#3767,#3768));
#2384=AXIS2_PLACEMENT_3D('',#3769,#3770,#3771);
#2385=SURFACE_SIDE_STYLE('',(#3772));
#2386=EDGE_LOOP('',(#3773,#3774,#3775,#3776));
#2387=AXIS2_PLACEMENT_3D('',#3777,#3778,#3779);
#2388=SURFACE_SIDE_STYLE('',(#3780));
#2389=EDGE_LOOP('',(#3781,#3782,#3783,#3784));
#2390=AXIS2_PLACEMENT_3D('',#3785,#3786,#3787);
#2391=SURFACE_SIDE_STYLE('',(#3788));
#2392=EDGE_LOOP('',(#3789,#3790,#3791,#3792));
#2393=AXIS2_PLACEMENT_3D('',#3793,#3794,#3795);
#2394=SURFACE_SIDE_STYLE('',(#3796));
#2395=EDGE_LOOP('',(#3797,#3798,#3799,#3800));
#2396=AXIS2_PLACEMENT_3D('',#3801,#3802,#3803);
#2397=SURFACE_SIDE_STYLE('',(#3804));
#2398=EDGE_LOOP('',(#3805,#3806,#3807,#3808));
#2399=AXIS2_PLACEMENT_3D('',#3809,#3810,#3811);
#2400=SURFACE_SIDE_STYLE('',(#3812));
#2401=EDGE_LOOP('',(#3813,#3814,#3815,#3816));
#2402=AXIS2_PLACEMENT_3D('',#3817,#3818,#3819);
#2403=SURFACE_SIDE_STYLE('',(#3820));
#2404=EDGE_LOOP('',(#3821,#3822,#3823,#3824));
#2405=AXIS2_PLACEMENT_3D('',#3825,#3826,#3827);
#2406=SURFACE_SIDE_STYLE('',(#3828));
#2407=EDGE_LOOP('',(#3829,#3830,#3831,#3832));
#2408=AXIS2_PLACEMENT_3D('',#3833,#3834,#3835);
#2409=SURFACE_SIDE_STYLE('',(#3836));
#2410=EDGE_LOOP('',(#3837,#3838,#3839,#3840));
#2411=AXIS2_PLACEMENT_3D('',#3841,#3842,#3843);
#2412=SURFACE_SIDE_STYLE('',(#3844));
#2413=EDGE_LOOP('',(#3845,#3846,#3847,#3848));
#2414=AXIS2_PLACEMENT_3D('',#3849,#3850,#3851);
#2415=SURFACE_SIDE_STYLE('',(#3852));
#2416=EDGE_LOOP('',(#3853,#3854,#3855,#3856));
#2417=AXIS2_PLACEMENT_3D('',#3857,#3858,#3859);
#2418=SURFACE_SIDE_STYLE('',(#3860));
#2419=EDGE_LOOP('',(#3861,#3862,#3863,#3864));
#2420=AXIS2_PLACEMENT_3D('',#3865,#3866,#3867);
#2421=SURFACE_SIDE_STYLE('',(#3868));
#2422=EDGE_LOOP('',(#3869,#3870,#3871,#3872,#3873,#3874,#3875,#3876));
#2423=AXIS2_PLACEMENT_3D('',#3877,#3878,#3879);
#2424=SURFACE_SIDE_STYLE('',(#3880));
#2425=EDGE_LOOP('',(#3881,#3882,#3883,#3884));
#2426=AXIS2_PLACEMENT_3D('',#3885,#3886,#3887);
#2427=SURFACE_SIDE_STYLE('',(#3888));
#2428=EDGE_LOOP('',(#3889,#3890,#3891,#3892));
#2429=AXIS2_PLACEMENT_3D('',#3893,#3894,#3895);
#2430=SURFACE_SIDE_STYLE('',(#3896));
#2431=EDGE_LOOP('',(#3897,#3898,#3899,#3900));
#2432=AXIS2_PLACEMENT_3D('',#3901,#3902,#3903);
#2433=SURFACE_SIDE_STYLE('',(#3904));
#2434=EDGE_LOOP('',(#3905,#3906,#3907,#3908));
#2435=AXIS2_PLACEMENT_3D('',#3909,#3910,#3911);
#2436=SURFACE_SIDE_STYLE('',(#3912));
#2437=EDGE_LOOP('',(#3913,#3914,#3915,#3916));
#2438=AXIS2_PLACEMENT_3D('',#3917,#3918,#3919);
#2439=SURFACE_SIDE_STYLE('',(#3920));
#2440=EDGE_LOOP('',(#3921,#3922,#3923,#3924));
#2441=AXIS2_PLACEMENT_3D('',#3925,#3926,#3927);
#2442=SURFACE_SIDE_STYLE('',(#3928));
#2443=EDGE_LOOP('',(#3929,#3930,#3931,#3932));
#2444=AXIS2_PLACEMENT_3D('',#3933,#3934,#3935);
#2445=SURFACE_SIDE_STYLE('',(#3936));
#2446=EDGE_LOOP('',(#3937,#3938,#3939,#3940,#3941,#3942,#3943,#3944,#3945,#3946,#3947,#3948));
#2447=AXIS2_PLACEMENT_3D('',#3949,#3950,#3951);
#2448=SURFACE_SIDE_STYLE('',(#3952));
#2449=EDGE_LOOP('',(#3953,#3954,#3955,#3956,#3957,#3958,#3959,#3960,#3961,#3962,#3963,#3964));
#2450=AXIS2_PLACEMENT_3D('',#3965,#3966,#3967);
#2451=SURFACE_SIDE_STYLE('',(#3968));
#2452=EDGE_LOOP('',(#3969,#3970,#3971,#3972));
#2453=AXIS2_PLACEMENT_3D('',#3973,#3974,#3975);
#2454=SURFACE_SIDE_STYLE('',(#3976));
#2455=EDGE_LOOP('',(#3977,#3978,#3979,#3980));
#2456=AXIS2_PLACEMENT_3D('',#3981,#3982,#3983);
#2457=SURFACE_SIDE_STYLE('',(#3984));
#2458=EDGE_LOOP('',(#3985,#3986,#3987,#3988));
#2459=AXIS2_PLACEMENT_3D('',#3989,#3990,#3991);
#2460=SURFACE_SIDE_STYLE('',(#3992));
#2461=EDGE_LOOP('',(#3993,#3994,#3995,#3996));
#2462=AXIS2_PLACEMENT_3D('',#3997,#3998,#3999);
#2463=SURFACE_SIDE_STYLE('',(#4000));
#2464=EDGE_LOOP('',(#4001,#4002,#4003,#4004));
#2465=AXIS2_PLACEMENT_3D('',#4005,#4006,#4007);
#2466=SURFACE_SIDE_STYLE('',(#4008));
#2467=EDGE_LOOP('',(#4009,#4010,#4011,#4012));
#2468=AXIS2_PLACEMENT_3D('',#4013,#4014,#4015);
#2469=SURFACE_SIDE_STYLE('',(#4016));
#2470=EDGE_LOOP('',(#4017,#4018,#4019,#4020));
#2471=AXIS2_PLACEMENT_3D('',#4021,#4022,#4023);
#2472=SURFACE_SIDE_STYLE('',(#4024));
#2473=EDGE_LOOP('',(#4025,#4026,#4027,#4028));
#2474=AXIS2_PLACEMENT_3D('',#4029,#4030,#4031);
#2475=SURFACE_SIDE_STYLE('',(#4032));
#2476=EDGE_LOOP('',(#4033,#4034,#4035,#4036));
#2477=AXIS2_PLACEMENT_3D('',#4037,#4038,#4039);
#2478=SURFACE_SIDE_STYLE('',(#4040));
#2479=EDGE_LOOP('',(#4041,#4042,#4043,#4044));
#2480=AXIS2_PLACEMENT_3D('',#4045,#4046,#4047);
#2481=SURFACE_SIDE_STYLE('',(#4048));
#2482=EDGE_LOOP('',(#4049,#4050,#4051,#4052));
#2483=AXIS2_PLACEMENT_3D('',#4053,#4054,#4055);
#2484=SURFACE_SIDE_STYLE('',(#4056));
#2485=EDGE_LOOP('',(#4057,#4058,#4059,#4060));
#2486=AXIS2_PLACEMENT_3D('',#4061,#4062,#4063);
#2487=SURFACE_SIDE_STYLE('',(#4064));
#2488=EDGE_LOOP('',(#4065,#4066,#4067,#4068));
#2489=AXIS2_PLACEMENT_3D('',#4069,#4070,#4071);
#2490=SURFACE_SIDE_STYLE('',(#4072));
#2491=EDGE_LOOP('',(#4073,#4074,#4075,#4076));
#2492=AXIS2_PLACEMENT_3D('',#4077,#4078,#4079);
#2493=SURFACE_SIDE_STYLE('',(#4080));
#2494=EDGE_LOOP('',(#4081,#4082,#4083,#4084,#4085,#4086,#4087,#4088));
#2495=AXIS2_PLACEMENT_3D('',#4089,#4090,#4091);
#2496=SURFACE_SIDE_STYLE('',(#4092));
#2497=EDGE_LOOP('',(#4093,#4094,#4095,#4096));
#2498=AXIS2_PLACEMENT_3D('',#4097,#4098,#4099);
#2499=SURFACE_SIDE_STYLE('',(#4100));
#2500=EDGE_LOOP('',(#4101,#4102,#4103,#4104));
#2501=AXIS2_PLACEMENT_3D('',#4105,#4106,#4107);
#2502=SURFACE_SIDE_STYLE('',(#4108));
#2503=EDGE_LOOP('',(#4109,#4110,#4111,#4112));
#2504=AXIS2_PLACEMENT_3D('',#4113,#4114,#4115);
#2505=SURFACE_SIDE_STYLE('',(#4116));
#2506=EDGE_LOOP('',(#4117,#4118,#4119,#4120));
#2507=AXIS2_PLACEMENT_3D('',#4121,#4122,#4123);
#2508=SURFACE_SIDE_STYLE('',(#4124));
#2509=EDGE_LOOP('',(#4125,#4126,#4127,#4128));
#2510=AXIS2_PLACEMENT_3D('',#4129,#4130,#4131);
#2511=SURFACE_SIDE_STYLE('',(#4132));
#2512=EDGE_LOOP('',(#4133,#4134,#4135,#4136));
#2513=AXIS2_PLACEMENT_3D('',#4137,#4138,#4139);
#2514=SURFACE_SIDE_STYLE('',(#4140));
#2515=EDGE_LOOP('',(#4141,#4142,#4143,#4144));
#2516=AXIS2_PLACEMENT_3D('',#4145,#4146,#4147);
#2517=SURFACE_SIDE_STYLE('',(#4148));
#2518=EDGE_LOOP('',(#4149,#4150,#4151,#4152,#4153,#4154,#4155,#4156,#4157,#4158,#4159,#4160));
#2519=AXIS2_PLACEMENT_3D('',#4161,#4162,#4163);
#2520=SURFACE_SIDE_STYLE('',(#4164));
#2521=EDGE_LOOP('',(#4165,#4166,#4167,#4168,#4169,#4170,#4171,#4172,#4173,#4174,#4175,#4176));
#2522=AXIS2_PLACEMENT_3D('',#4177,#4178,#4179);
#2523=SURFACE_SIDE_STYLE('',(#4180));
#2524=EDGE_LOOP('',(#4181,#4182,#4183,#4184));
#2525=AXIS2_PLACEMENT_3D('',#4185,#4186,#4187);
#2526=SURFACE_SIDE_STYLE('',(#4188));
#2527=EDGE_LOOP('',(#4189,#4190,#4191,#4192));
#2528=AXIS2_PLACEMENT_3D('',#4193,#4194,#4195);
#2529=SURFACE_SIDE_STYLE('',(#4196));
#2530=EDGE_LOOP('',(#4197,#4198,#4199,#4200));
#2531=AXIS2_PLACEMENT_3D('',#4201,#4202,#4203);
#2532=SURFACE_SIDE_STYLE('',(#4204));
#2533=EDGE_LOOP('',(#4205,#4206,#4207,#4208));
#2534=AXIS2_PLACEMENT_3D('',#4209,#4210,#4211);
#2535=SURFACE_SIDE_STYLE('',(#4212));
#2536=EDGE_LOOP('',(#4213,#4214,#4215,#4216));
#2537=AXIS2_PLACEMENT_3D('',#4217,#4218,#4219);
#2538=SURFACE_SIDE_STYLE('',(#4220));
#2539=EDGE_LOOP('',(#4221,#4222,#4223,#4224));
#2540=AXIS2_PLACEMENT_3D('',#4225,#4226,#4227);
#2541=SURFACE_SIDE_STYLE('',(#4228));
#2542=EDGE_LOOP('',(#4229,#4230,#4231,#4232));
#2543=AXIS2_PLACEMENT_3D('',#4233,#4234,#4235);
#2544=SURFACE_SIDE_STYLE('',(#4236));
#2545=EDGE_LOOP('',(#4237,#4238,#4239,#4240));
#2546=AXIS2_PLACEMENT_3D('',#4241,#4242,#4243);
#2547=SURFACE_SIDE_STYLE('',(#4244));
#2548=EDGE_LOOP('',(#4245,#4246,#4247,#4248));
#2549=AXIS2_PLACEMENT_3D('',#4249,#4250,#4251);
#2550=SURFACE_SIDE_STYLE('',(#4252));
#2551=EDGE_LOOP('',(#4253,#4254,#4255,#4256));
#2552=AXIS2_PLACEMENT_3D('',#4257,#4258,#4259);
#2553=SURFACE_SIDE_STYLE('',(#4260));
#2554=EDGE_LOOP('',(#4261,#4262,#4263,#4264));
#2555=AXIS2_PLACEMENT_3D('',#4265,#4266,#4267);
#2556=SURFACE_SIDE_STYLE('',(#4268));
#2557=EDGE_LOOP('',(#4269,#4270,#4271,#4272));
#2558=AXIS2_PLACEMENT_3D('',#4273,#4274,#4275);
#2559=SURFACE_SIDE_STYLE('',(#4276));
#2560=EDGE_LOOP('',(#4277,#4278,#4279,#4280));
#2561=AXIS2_PLACEMENT_3D('',#4281,#4282,#4283);
#2562=SURFACE_SIDE_STYLE('',(#4284));
#2563=EDGE_LOOP('',(#4285,#4286,#4287,#4288));
#2564=AXIS2_PLACEMENT_3D('',#4289,#4290,#4291);
#2565=SURFACE_SIDE_STYLE('',(#4292));
#2566=EDGE_LOOP('',(#4293,#4294,#4295,#4296,#4297,#4298,#4299,#4300));
#2567=AXIS2_PLACEMENT_3D('',#4301,#4302,#4303);
#2568=SURFACE_SIDE_STYLE('',(#4304));
#2569=EDGE_LOOP('',(#4305,#4306,#4307,#4308));
#2570=AXIS2_PLACEMENT_3D('',#4309,#4310,#4311);
#2571=SURFACE_SIDE_STYLE('',(#4312));
#2572=EDGE_LOOP('',(#4313,#4314,#4315,#4316));
#2573=AXIS2_PLACEMENT_3D('',#4317,#4318,#4319);
#2574=SURFACE_SIDE_STYLE('',(#4320));
#2575=EDGE_LOOP('',(#4321,#4322,#4323,#4324));
#2576=AXIS2_PLACEMENT_3D('',#4325,#4326,#4327);
#2577=SURFACE_SIDE_STYLE('',(#4328));
#2578=EDGE_LOOP('',(#4329,#4330,#4331,#4332));
#2579=AXIS2_PLACEMENT_3D('',#4333,#4334,#4335);
#2580=SURFACE_SIDE_STYLE('',(#4336));
#2581=EDGE_LOOP('',(#4337,#4338,#4339,#4340));
#2582=AXIS2_PLACEMENT_3D('',#4341,#4342,#4343);
#2583=SURFACE_SIDE_STYLE('',(#4344));
#2584=EDGE_LOOP('',(#4345,#4346,#4347,#4348));
#2585=AXIS2_PLACEMENT_3D('',#4349,#4350,#4351);
#2586=SURFACE_SIDE_STYLE('',(#4352));
#2587=EDGE_LOOP('',(#4353,#4354,#4355,#4356));
#2588=AXIS2_PLACEMENT_3D('',#4357,#4358,#4359);
#2589=SURFACE_SIDE_STYLE('',(#4360));
#2590=EDGE_LOOP('',(#4361,#4362,#4363,#4364,#4365,#4366,#4367,#4368,#4369,#4370,#4371,#4372));
#2591=AXIS2_PLACEMENT_3D('',#4373,#4374,#4375);
#2592=SURFACE_SIDE_STYLE('',(#4376));
#2593=EDGE_LOOP('',(#4377,#4378,#4379,#4380,#4381,#4382,#4383,#4384,#4385,#4386,#4387,#4388));
#2594=AXIS2_PLACEMENT_3D('',#4389,#4390,#4391);
#2595=SURFACE_SIDE_STYLE('',(#4392));
#2596=EDGE_LOOP('',(#4393,#4394,#4395,#4396));
#2597=AXIS2_PLACEMENT_3D('',#4397,#4398,#4399);
#2598=SURFACE_SIDE_STYLE('',(#4400));
#2599=EDGE_LOOP('',(#4401,#4402,#4403,#4404));
#2600=AXIS2_PLACEMENT_3D('',#4405,#4406,#4407);
#2601=SURFACE_SIDE_STYLE('',(#4408));
#2602=EDGE_LOOP('',(#4409,#4410,#4411,#4412));
#2603=AXIS2_PLACEMENT_3D('',#4413,#4414,#4415);
#2604=SURFACE_SIDE_STYLE('',(#4416));
#2605=EDGE_LOOP('',(#4417,#4418,#4419,#4420));
#2606=AXIS2_PLACEMENT_3D('',#4421,#4422,#4423);
#2607=SURFACE_SIDE_STYLE('',(#4424));
#2608=EDGE_LOOP('',(#4425,#4426,#4427,#4428));
#2609=AXIS2_PLACEMENT_3D('',#4429,#4430,#4431);
#2610=SURFACE_SIDE_STYLE('',(#4432));
#2611=EDGE_LOOP('',(#4433,#4434,#4435,#4436));
#2612=AXIS2_PLACEMENT_3D('',#4437,#4438,#4439);
#2613=SURFACE_SIDE_STYLE('',(#4440));
#2614=EDGE_LOOP('',(#4441,#4442,#4443,#4444));
#2615=AXIS2_PLACEMENT_3D('',#4445,#4446,#4447);
#2616=SURFACE_SIDE_STYLE('',(#4448));
#2617=EDGE_LOOP('',(#4449,#4450,#4451,#4452));
#2618=AXIS2_PLACEMENT_3D('',#4453,#4454,#4455);
#2619=SURFACE_SIDE_STYLE('',(#4456));
#2620=EDGE_LOOP('',(#4457,#4458,#4459,#4460));
#2621=AXIS2_PLACEMENT_3D('',#4461,#4462,#4463);
#2622=SURFACE_SIDE_STYLE('',(#4464));
#2623=EDGE_LOOP('',(#4465,#4466,#4467,#4468));
#2624=AXIS2_PLACEMENT_3D('',#4469,#4470,#4471);
#2625=SURFACE_SIDE_STYLE('',(#4472));
#2626=EDGE_LOOP('',(#4473,#4474,#4475,#4476));
#2627=AXIS2_PLACEMENT_3D('',#4477,#4478,#4479);
#2628=SURFACE_SIDE_STYLE('',(#4480));
#2629=EDGE_LOOP('',(#4481,#4482,#4483,#4484));
#2630=AXIS2_PLACEMENT_3D('',#4485,#4486,#4487);
#2631=SURFACE_SIDE_STYLE('',(#4488));
#2632=EDGE_LOOP('',(#4489,#4490,#4491,#4492));
#2633=AXIS2_PLACEMENT_3D('',#4493,#4494,#4495);
#2634=SURFACE_SIDE_STYLE('',(#4496));
#2635=EDGE_LOOP('',(#4497,#4498,#4499,#4500));
#2636=AXIS2_PLACEMENT_3D('',#4501,#4502,#4503);
#2637=SURFACE_SIDE_STYLE('',(#4504));
#2638=EDGE_LOOP('',(#4505,#4506,#4507,#4508,#4509,#4510,#4511,#4512));
#2639=AXIS2_PLACEMENT_3D('',#4513,#4514,#4515);
#2640=SURFACE_SIDE_STYLE('',(#4516));
#2641=EDGE_LOOP('',(#4517,#4518,#4519,#4520));
#2642=AXIS2_PLACEMENT_3D('',#4521,#4522,#4523);
#2643=SURFACE_SIDE_STYLE('',(#4524));
#2644=EDGE_LOOP('',(#4525,#4526,#4527,#4528));
#2645=AXIS2_PLACEMENT_3D('',#4529,#4530,#4531);
#2646=SURFACE_SIDE_STYLE('',(#4532));
#2647=EDGE_LOOP('',(#4533,#4534,#4535,#4536));
#2648=AXIS2_PLACEMENT_3D('',#4537,#4538,#4539);
#2649=SURFACE_SIDE_STYLE('',(#4540));
#2650=EDGE_LOOP('',(#4541,#4542,#4543,#4544));
#2651=AXIS2_PLACEMENT_3D('',#4545,#4546,#4547);
#2652=SURFACE_SIDE_STYLE('',(#4548));
#2653=EDGE_LOOP('',(#4549,#4550,#4551,#4552));
#2654=AXIS2_PLACEMENT_3D('',#4553,#4554,#4555);
#2655=SURFACE_SIDE_STYLE('',(#4556));
#2656=EDGE_LOOP('',(#4557,#4558,#4559,#4560));
#2657=AXIS2_PLACEMENT_3D('',#4561,#4562,#4563);
#2658=SURFACE_SIDE_STYLE('',(#4564));
#2659=EDGE_LOOP('',(#4565,#4566,#4567,#4568));
#2660=AXIS2_PLACEMENT_3D('',#4569,#4570,#4571);
#2661=SURFACE_SIDE_STYLE('',(#4572));
#2662=EDGE_LOOP('',(#4573,#4574,#4575,#4576,#4577,#4578,#4579,#4580,#4581,#4582,#4583,#4584));
#2663=AXIS2_PLACEMENT_3D('',#4585,#4586,#4587);
#2664=SURFACE_SIDE_STYLE('',(#4588));
#2665=EDGE_LOOP('',(#4589,#4590,#4591,#4592,#4593,#4594,#4595,#4596,#4597,#4598,#4599,#4600));
#2666=AXIS2_PLACEMENT_3D('',#4601,#4602,#4603);
#2667=SURFACE_SIDE_STYLE('',(#4604));
#2668=EDGE_LOOP('',(#4605,#4606,#4607,#4608));
#2669=AXIS2_PLACEMENT_3D('',#4609,#4610,#4611);
#2670=SURFACE_SIDE_STYLE('',(#4612));
#2671=EDGE_LOOP('',(#4613,#4614,#4615,#4616));
#2672=AXIS2_PLACEMENT_3D('',#4617,#4618,#4619);
#2673=SURFACE_SIDE_STYLE('',(#4620));
#2674=EDGE_LOOP('',(#4621,#4622,#4623,#4624));
#2675=AXIS2_PLACEMENT_3D('',#4625,#4626,#4627);
#2676=SURFACE_SIDE_STYLE('',(#4628));
#2677=EDGE_LOOP('',(#4629,#4630,#4631,#4632));
#2678=AXIS2_PLACEMENT_3D('',#4633,#4634,#4635);
#2679=SURFACE_SIDE_STYLE('',(#4636));
#2680=EDGE_LOOP('',(#4637,#4638,#4639,#4640));
#2681=AXIS2_PLACEMENT_3D('',#4641,#4642,#4643);
#2682=SURFACE_SIDE_STYLE('',(#4644));
#2683=EDGE_LOOP('',(#4645,#4646,#4647,#4648));
#2684=AXIS2_PLACEMENT_3D('',#4649,#4650,#4651);
#2685=SURFACE_SIDE_STYLE('',(#4652));
#2686=EDGE_LOOP('',(#4653,#4654,#4655,#4656));
#2687=AXIS2_PLACEMENT_3D('',#4657,#4658,#4659);
#2688=SURFACE_SIDE_STYLE('',(#4660));
#2689=EDGE_LOOP('',(#4661,#4662,#4663,#4664));
#2690=AXIS2_PLACEMENT_3D('',#4665,#4666,#4667);
#2691=SURFACE_SIDE_STYLE('',(#4668));
#2692=EDGE_LOOP('',(#4669,#4670,#4671,#4672));
#2693=AXIS2_PLACEMENT_3D('',#4673,#4674,#4675);
#2694=SURFACE_SIDE_STYLE('',(#4676));
#2695=EDGE_LOOP('',(#4677,#4678,#4679,#4680));
#2696=AXIS2_PLACEMENT_3D('',#4681,#4682,#4683);
#2697=SURFACE_SIDE_STYLE('',(#4684));
#2698=EDGE_LOOP('',(#4685,#4686,#4687,#4688));
#2699=AXIS2_PLACEMENT_3D('',#4689,#4690,#4691);
#2700=SURFACE_SIDE_STYLE('',(#4692));
#2701=EDGE_LOOP('',(#4693,#4694,#4695,#4696));
#2702=AXIS2_PLACEMENT_3D('',#4697,#4698,#4699);
#2703=SURFACE_SIDE_STYLE('',(#4700));
#2704=EDGE_LOOP('',(#4701,#4702,#4703,#4704));
#2705=AXIS2_PLACEMENT_3D('',#4705,#4706,#4707);
#2706=SURFACE_SIDE_STYLE('',(#4708));
#2707=EDGE_LOOP('',(#4709,#4710,#4711,#4712));
#2708=AXIS2_PLACEMENT_3D('',#4713,#4714,#4715);
#2709=SURFACE_SIDE_STYLE('',(#4716));
#2710=EDGE_LOOP('',(#4717,#4718,#4719,#4720,#4721,#4722,#4723,#4724));
#2711=AXIS2_PLACEMENT_3D('',#4725,#4726,#4727);
#2712=SURFACE_SIDE_STYLE('',(#4728));
#2713=EDGE_LOOP('',(#4729,#4730,#4731,#4732));
#2714=AXIS2_PLACEMENT_3D('',#4733,#4734,#4735);
#2715=SURFACE_SIDE_STYLE('',(#4736));
#2716=EDGE_LOOP('',(#4737,#4738,#4739,#4740));
#2717=AXIS2_PLACEMENT_3D('',#4741,#4742,#4743);
#2718=SURFACE_SIDE_STYLE('',(#4744));
#2719=EDGE_LOOP('',(#4745,#4746,#4747,#4748));
#2720=AXIS2_PLACEMENT_3D('',#4749,#4750,#4751);
#2721=SURFACE_SIDE_STYLE('',(#4752));
#2722=EDGE_LOOP('',(#4753,#4754,#4755,#4756));
#2723=EDGE_LOOP('',(#4757,#4758,#4759,#4760));
#2724=AXIS2_PLACEMENT_3D('',#4761,#4762,#4763);
#2725=SURFACE_SIDE_STYLE('',(#4764));
#2726=EDGE_LOOP('',(#4765,#4766,#4767,#4768));
#2727=AXIS2_PLACEMENT_3D('',#4769,#4770,#4771);
#2728=SURFACE_SIDE_STYLE('',(#4772));
#2729=EDGE_LOOP('',(#4773,#4774,#4775,#4776));
#2730=AXIS2_PLACEMENT_3D('',#4777,#4778,#4779);
#2731=SURFACE_SIDE_STYLE('',(#4780));
#2732=EDGE_LOOP('',(#4781,#4782,#4783,#4784));
#2733=AXIS2_PLACEMENT_3D('',#4785,#4786,#4787);
#2734=SURFACE_SIDE_STYLE('',(#4788));
#2735=EDGE_LOOP('',(#4789,#4790,#4791,#4792,#4793,#4794,#4795,#4796));
#2736=AXIS2_PLACEMENT_3D('',#4797,#4798,#4799);
#2737=SURFACE_SIDE_STYLE('',(#4800));
#2738=EDGE_LOOP('',(#4801,#4802,#4803,#4804));
#2739=AXIS2_PLACEMENT_3D('',#4805,#4806,#4807);
#2740=SURFACE_SIDE_STYLE('',(#4808));
#2741=EDGE_LOOP('',(#4809,#4810,#4811,#4812));
#2742=AXIS2_PLACEMENT_3D('',#4813,#4814,#4815);
#2743=SURFACE_SIDE_STYLE('',(#4816));
#2744=EDGE_LOOP('',(#4817,#4818,#4819,#4820));
#2745=AXIS2_PLACEMENT_3D('',#4821,#4822,#4823);
#2746=SURFACE_SIDE_STYLE('',(#4824));
#2747=EDGE_LOOP('',(#4825,#4826,#4827,#4828));
#2748=AXIS2_PLACEMENT_3D('',#4829,#4830,#4831);
#2749=SURFACE_SIDE_STYLE('',(#4832));
#2750=EDGE_LOOP('',(#4833,#4834,#4835,#4836));
#2751=EDGE_LOOP('',(#4837,#4838,#4839,#4840));
#2752=AXIS2_PLACEMENT_3D('',#4841,#4842,#4843);
#2753=SURFACE_SIDE_STYLE('',(#4844));
#2754=EDGE_LOOP('',(#4845,#4846,#4847,#4848));
#2755=AXIS2_PLACEMENT_3D('',#4849,#4850,#4851);
#2756=SURFACE_SIDE_STYLE('',(#4852));
#2757=EDGE_LOOP('',(#4853,#4854,#4855,#4856));
#2758=AXIS2_PLACEMENT_3D('',#4857,#4858,#4859);
#2759=SURFACE_SIDE_STYLE('',(#4860));
#2760=EDGE_LOOP('',(#4861,#4862,#4863,#4864));
#2761=AXIS2_PLACEMENT_3D('',#4865,#4866,#4867);
#2762=SURFACE_SIDE_STYLE('',(#4868));
#2763=EDGE_LOOP('',(#4869,#4870,#4871,#4872,#4873,#4874,#4875,#4876));
#2764=AXIS2_PLACEMENT_3D('',#4877,#4878,#4879);
#2765=SURFACE_SIDE_STYLE('',(#4880));
#2766=EDGE_LOOP('',(#4881,#4882,#4883,#4884));
#2767=AXIS2_PLACEMENT_3D('',#4885,#4886,#4887);
#2768=SURFACE_SIDE_STYLE('',(#4888));
#2769=EDGE_LOOP('',(#4889,#4890,#4891,#4892));
#2770=AXIS2_PLACEMENT_3D('',#4893,#4894,#4895);
#2771=SURFACE_SIDE_STYLE('',(#4896));
#2772=EDGE_LOOP('',(#4897,#4898,#4899,#4900));
#2773=AXIS2_PLACEMENT_3D('',#4901,#4902,#4903);
#2774=SURFACE_SIDE_STYLE('',(#4904));
#2775=EDGE_LOOP('',(#4905,#4906,#4907,#4908));
#2776=AXIS2_PLACEMENT_3D('',#4909,#4910,#4911);
#2777=SURFACE_SIDE_STYLE('',(#4912));
#2778=EDGE_LOOP('',(#4913,#4914,#4915,#4916));
#2779=EDGE_LOOP('',(#4917,#4918,#4919,#4920));
#2780=AXIS2_PLACEMENT_3D('',#4921,#4922,#4923);
#2781=SURFACE_SIDE_STYLE('',(#4924));
#2782=EDGE_LOOP('',(#4925,#4926,#4927,#4928));
#2783=AXIS2_PLACEMENT_3D('',#4929,#4930,#4931);
#2784=SURFACE_SIDE_STYLE('',(#4932));
#2785=EDGE_LOOP('',(#4933,#4934,#4935,#4936));
#2786=AXIS2_PLACEMENT_3D('',#4937,#4938,#4939);
#2787=SURFACE_SIDE_STYLE('',(#4940));
#2788=EDGE_LOOP('',(#4941,#4942,#4943,#4944));
#2789=AXIS2_PLACEMENT_3D('',#4945,#4946,#4947);
#2790=SURFACE_SIDE_STYLE('',(#4948));
#2791=EDGE_LOOP('',(#4949,#4950,#4951,#4952,#4953,#4954,#4955,#4956));
#2792=AXIS2_PLACEMENT_3D('',#4957,#4958,#4959);
#2793=SURFACE_SIDE_STYLE('',(#4960));
#2794=EDGE_LOOP('',(#4961,#4962,#4963,#4964));
#2795=AXIS2_PLACEMENT_3D('',#4965,#4966,#4967);
#2796=SURFACE_SIDE_STYLE('',(#4968));
#2797=EDGE_LOOP('',(#4969,#4970,#4971,#4972));
#2798=AXIS2_PLACEMENT_3D('',#4973,#4974,#4975);
#2799=SURFACE_SIDE_STYLE('',(#4976));
#2800=EDGE_LOOP('',(#4977,#4978,#4979,#4980));
#2801=AXIS2_PLACEMENT_3D('',#4981,#4982,#4983);
#2802=SURFACE_SIDE_STYLE('',(#4984));
#2803=EDGE_LOOP('',(#4985,#4986,#4987,#4988));
#2804=AXIS2_PLACEMENT_3D('',#4989,#4990,#4991);
#2805=SURFACE_SIDE_STYLE('',(#4992));
#2806=EDGE_LOOP('',(#4993,#4994,#4995,#4996));
#2807=EDGE_LOOP('',(#4997,#4998,#4999,#5000));
#2808=AXIS2_PLACEMENT_3D('',#5001,#5002,#5003);
#2809=SURFACE_SIDE_STYLE('',(#5004));
#2810=EDGE_LOOP('',(#5005,#5006,#5007,#5008));
#2811=AXIS2_PLACEMENT_3D('',#5009,#5010,#5011);
#2812=SURFACE_SIDE_STYLE('',(#5012));
#2813=EDGE_LOOP('',(#5013,#5014,#5015,#5016));
#2814=AXIS2_PLACEMENT_3D('',#5017,#5018,#5019);
#2815=SURFACE_SIDE_STYLE('',(#5020));
#2816=EDGE_LOOP('',(#5021,#5022,#5023,#5024));
#2817=AXIS2_PLACEMENT_3D('',#5025,#5026,#5027);
#2818=SURFACE_SIDE_STYLE('',(#5028));
#2819=EDGE_LOOP('',(#5029,#5030,#5031,#5032,#5033,#5034,#5035,#5036));
#2820=AXIS2_PLACEMENT_3D('',#5037,#5038,#5039);
#2821=SURFACE_SIDE_STYLE('',(#5040));
#2822=EDGE_LOOP('',(#5041,#5042,#5043,#5044));
#2823=AXIS2_PLACEMENT_3D('',#5045,#5046,#5047);
#2824=SURFACE_SIDE_STYLE('',(#5048));
#2825=EDGE_LOOP('',(#5049,#5050,#5051,#5052));
#2826=AXIS2_PLACEMENT_3D('',#5053,#5054,#5055);
#2827=SURFACE_SIDE_STYLE('',(#5056));
#2828=EDGE_LOOP('',(#5057,#5058,#5059,#5060));
#2829=AXIS2_PLACEMENT_3D('',#5061,#5062,#5063);
#2830=SURFACE_SIDE_STYLE('',(#5064));
#2831=EDGE_LOOP('',(#5065,#5066,#5067,#5068));
#2832=AXIS2_PLACEMENT_3D('',#5069,#5070,#5071);
#2833=SURFACE_SIDE_STYLE('',(#5072));
#2834=EDGE_LOOP('',(#5073,#5074,#5075,#5076));
#2835=EDGE_LOOP('',(#5077,#5078,#5079,#5080));
#2836=AXIS2_PLACEMENT_3D('',#5081,#5082,#5083);
#2837=SURFACE_SIDE_STYLE('',(#5084));
#2838=EDGE_LOOP('',(#5085,#5086,#5087,#5088));
#2839=AXIS2_PLACEMENT_3D('',#5089,#5090,#5091);
#2840=SURFACE_SIDE_STYLE('',(#5092));
#2841=EDGE_LOOP('',(#5093,#5094,#5095,#5096));
#2842=AXIS2_PLACEMENT_3D('',#5097,#5098,#5099);
#2843=SURFACE_SIDE_STYLE('',(#5100));
#2844=EDGE_LOOP('',(#5101,#5102,#5103,#5104));
#2845=AXIS2_PLACEMENT_3D('',#5105,#5106,#5107);
#2846=SURFACE_SIDE_STYLE('',(#5108));
#2847=EDGE_LOOP('',(#5109,#5110,#5111,#5112,#5113,#5114,#5115,#5116));
#2848=AXIS2_PLACEMENT_3D('',#5117,#5118,#5119);
#2849=SURFACE_SIDE_STYLE('',(#5120));
#2850=EDGE_LOOP('',(#5121,#5122,#5123,#5124));
#2851=AXIS2_PLACEMENT_3D('',#5125,#5126,#5127);
#2852=SURFACE_SIDE_STYLE('',(#5128));
#2853=EDGE_LOOP('',(#5129,#5130,#5131,#5132));
#2854=AXIS2_PLACEMENT_3D('',#5133,#5134,#5135);
#2855=SURFACE_SIDE_STYLE('',(#5136));
#2856=EDGE_LOOP('',(#5137,#5138,#5139,#5140));
#2857=AXIS2_PLACEMENT_3D('',#5141,#5142,#5143);
#2858=SURFACE_SIDE_STYLE('',(#5144));
#2859=EDGE_LOOP('',(#5145,#5146,#5147,#5148));
#2860=AXIS2_PLACEMENT_3D('',#5149,#5150,#5151);
#2861=SURFACE_SIDE_STYLE('',(#5152));
#2862=EDGE_LOOP('',(#5153,#5154,#5155,#5156));
#2863=EDGE_LOOP('',(#5157,#5158,#5159,#5160));
#2864=AXIS2_PLACEMENT_3D('',#5161,#5162,#5163);
#2865=SURFACE_SIDE_STYLE('',(#5164));
#2866=EDGE_LOOP('',(#5165,#5166,#5167,#5168));
#2867=AXIS2_PLACEMENT_3D('',#5169,#5170,#5171);
#2868=SURFACE_SIDE_STYLE('',(#5172));
#2869=EDGE_LOOP('',(#5173,#5174,#5175,#5176));
#2870=AXIS2_PLACEMENT_3D('',#5177,#5178,#5179);
#2871=SURFACE_SIDE_STYLE('',(#5180));
#2872=EDGE_LOOP('',(#5181,#5182,#5183,#5184));
#2873=AXIS2_PLACEMENT_3D('',#5185,#5186,#5187);
#2874=SURFACE_SIDE_STYLE('',(#5188));
#2875=EDGE_LOOP('',(#5189,#5190,#5191,#5192,#5193,#5194,#5195,#5196));
#2876=AXIS2_PLACEMENT_3D('',#5197,#5198,#5199);
#2877=SURFACE_SIDE_STYLE('',(#5200));
#2878=EDGE_LOOP('',(#5201,#5202,#5203,#5204));
#2879=AXIS2_PLACEMENT_3D('',#5205,#5206,#5207);
#2880=SURFACE_SIDE_STYLE('',(#5208));
#2881=EDGE_LOOP('',(#5209,#5210,#5211,#5212));
#2882=AXIS2_PLACEMENT_3D('',#5213,#5214,#5215);
#2883=SURFACE_SIDE_STYLE('',(#5216));
#2884=EDGE_LOOP('',(#5217,#5218,#5219,#5220));
#2885=AXIS2_PLACEMENT_3D('',#5221,#5222,#5223);
#2886=SURFACE_SIDE_STYLE('',(#5224));
#2887=EDGE_LOOP('',(#5225,#5226,#5227,#5228));
#2888=AXIS2_PLACEMENT_3D('',#5229,#5230,#5231);
#2889=SURFACE_SIDE_STYLE('',(#5232));
#2890=EDGE_LOOP('',(#5233,#5234,#5235,#5236));
#2891=AXIS2_PLACEMENT_3D('',#5237,#5238,#5239);
#2892=SURFACE_SIDE_STYLE('',(#5240));
#2893=EDGE_LOOP('',(#5241,#5242,#5243,#5244));
#2894=AXIS2_PLACEMENT_3D('',#5245,#5246,#5247);
#2895=SURFACE_SIDE_STYLE('',(#5248));
#2896=EDGE_LOOP('',(#5249,#5250,#5251,#5252));
#2897=AXIS2_PLACEMENT_3D('',#5253,#5254,#5255);
#2898=SURFACE_SIDE_STYLE('',(#5256));
#2899=EDGE_LOOP('',(#5257,#5258,#5259,#5260));
#2900=AXIS2_PLACEMENT_3D('',#5261,#5262,#5263);
#2901=SURFACE_SIDE_STYLE('',(#5264));
#2902=EDGE_LOOP('',(#5265,#5266,#5267,#5268));
#2903=AXIS2_PLACEMENT_3D('',#5269,#5270,#5271);
#2904=SURFACE_SIDE_STYLE('',(#5272));
#2905=EDGE_LOOP('',(#5273,#5274,#5275,#5276));
#2906=AXIS2_PLACEMENT_3D('',#5277,#5278,#5279);
#2907=SURFACE_SIDE_STYLE('',(#5280));
#2908=EDGE_LOOP('',(#5281,#5282,#5283,#5284));
#2909=AXIS2_PLACEMENT_3D('',#5285,#5286,#5287);
#2910=SURFACE_SIDE_STYLE('',(#5288));
#2911=EDGE_LOOP('',(#5289,#5290,#5291,#5292));
#2912=AXIS2_PLACEMENT_3D('',#5293,#5294,#5295);
#2913=SURFACE_SIDE_STYLE('',(#5296));
#2914=EDGE_LOOP('',(#5297,#5298,#5299,#5300));
#2915=AXIS2_PLACEMENT_3D('',#5301,#5302,#5303);
#2916=SURFACE_SIDE_STYLE('',(#5304));
#2917=EDGE_LOOP('',(#5305,#5306,#5307,#5308));
#2918=AXIS2_PLACEMENT_3D('',#5309,#5310,#5311);
#2919=SURFACE_SIDE_STYLE('',(#5312));
#2920=EDGE_LOOP('',(#5313,#5314,#5315,#5316));
#2921=AXIS2_PLACEMENT_3D('',#5317,#5318,#5319);
#2922=SURFACE_SIDE_STYLE('',(#5320));
#2923=EDGE_LOOP('',(#5321,#5322,#5323,#5324));
#2924=AXIS2_PLACEMENT_3D('',#5325,#5326,#5327);
#2925=SURFACE_SIDE_STYLE('',(#5328));
#2926=EDGE_LOOP('',(#5329,#5330,#5331,#5332));
#2927=AXIS2_PLACEMENT_3D('',#5333,#5334,#5335);
#2928=SURFACE_SIDE_STYLE('',(#5336));
#2929=EDGE_LOOP('',(#5337,#5338,#5339,#5340));
#2930=AXIS2_PLACEMENT_3D('',#5341,#5342,#5343);
#2931=SURFACE_SIDE_STYLE('',(#5344));
#2932=EDGE_LOOP('',(#5345,#5346,#5347,#5348,#5349,#5350,#5351,#5352));
#2933=AXIS2_PLACEMENT_3D('',#5353,#5354,#5355);
#2934=SURFACE_SIDE_STYLE('',(#5356));
#2935=EDGE_LOOP('',(#5357,#5358,#5359,#5360,#5361,#5362,#5363,#5364,#5365,#5366,#5367,#5368,#5369,#5370,#5371,#5372,#5373,#5374,#5375,#5376,#5377,#5378,#5379,#5380,#5381,#5382,#5383,#5384,#5385,#5386,#5387,#5388,#5389,#5390,#5391,#5392,#5393,#5394,#5395,#5396,#5397,#5398,#5399,#5400,#5401,#5402,#5403,#5404,#5405,#5406,#5407,#5408));
#2936=AXIS2_PLACEMENT_3D('',#5409,#5410,#5411);
#2937=SURFACE_SIDE_STYLE('',(#5412));
#2938=EDGE_LOOP('',(#5413,#5414,#5415,#5416));
#2939=EDGE_LOOP('',(#5417,#5418,#5419,#5420));
#2940=EDGE_LOOP('',(#5421,#5422,#5423,#5424));
#2941=EDGE_LOOP('',(#5425,#5426,#5427,#5428));
#2942=EDGE_LOOP('',(#5429,#5430,#5431,#5432));
#2943=EDGE_LOOP('',(#5433,#5434,#5435,#5436));
#2944=EDGE_LOOP('',(#5437,#5438,#5439,#5440,#5441,#5442,#5443,#5444,#5445,#5446,#5447,#5448,#5449,#5450,#5451,#5452,#5453,#5454,#5455,#5456,#5457,#5458,#5459,#5460,#5461,#5462,#5463,#5464,#5465,#5466,#5467,#5468,#5469,#5470,#5471,#5472,#5473,#5474,#5475,#5476,#5477,#5478,#5479,#5480,#5481,#5482,#5483,#5484,#5485,#5486,#5487,#5488,#5489,#5490,#5491,#5492,#5493,#5494,#5495,#5496,#5497,#5498,#5499,#5500,#5501,#5502,#5503,#5504,#5505,#5506,#5507,#5508,#5509,#5510,#5511,#5512,#5513,#5514,#5515,#5516,#5517,#5518,#5519,#5520,#5521,#5522,#5523,#5524,#5525,#5526,#5527,#5528,#5529,#5530,#5531,#5532,#5533,#5534,#5535,#5536));
#2945=AXIS2_PLACEMENT_3D('',#5537,#5538,#5539);
#2946=SURFACE_SIDE_STYLE('',(#5540));
#2947=EDGE_LOOP('',(#5541,#5542,#5543,#5544,#5545,#5546,#5547,#5548,#5549,#5550,#5551,#5552,#5553,#5554,#5555,#5556,#5557,#5558,#5559,#5560,#5561,#5562,#5563,#5564,#5565,#5566,#5567,#5568,#5569,#5570,#5571,#5572,#5573,#5574,#5575,#5576,#5577,#5578,#5579,#5580,#5581,#5582,#5583,#5584,#5585,#5586,#5587,#5588,#5589,#5590,#5591,#5592));
#2948=AXIS2_PLACEMENT_3D('',#5593,#5594,#5595);
#2949=SURFACE_SIDE_STYLE('',(#5596));
#2950=EDGE_LOOP('',(#5597,#5598,#5599,#5600));
#2951=EDGE_LOOP('',(#5601,#5602,#5603,#5604));
#2952=EDGE_LOOP('',(#5605,#5606,#5607,#5608));
#2953=EDGE_LOOP('',(#5609,#5610,#5611,#5612));
#2954=EDGE_LOOP('',(#5613,#5614,#5615,#5616));
#2955=EDGE_LOOP('',(#5617,#5618,#5619,#5620));
#2956=EDGE_LOOP('',(#5621,#5622,#5623,#5624,#5625,#5626,#5627,#5628,#5629,#5630,#5631,#5632,#5633,#5634,#5635,#5636,#5637,#5638,#5639,#5640));
#2957=EDGE_LOOP('',(#5641,#5642,#5643,#5644));
#2958=EDGE_LOOP('',(#5645,#5646,#5647,#5648));
#2959=EDGE_LOOP('',(#5649,#5650,#5651,#5652));
#2960=EDGE_LOOP('',(#5653,#5654,#5655,#5656));
#2961=EDGE_LOOP('',(#5657,#5658,#5659,#5660));
#2962=EDGE_LOOP('',(#5661,#5662,#5663,#5664));
#2963=EDGE_LOOP('',(#5665,#5666,#5667,#5668));
#2964=EDGE_LOOP('',(#5669,#5670,#5671,#5672));
#2965=EDGE_LOOP('',(#5673,#5674,#5675,#5676));
#2966=EDGE_LOOP('',(#5677,#5678,#5679,#5680));
#2967=AXIS2_PLACEMENT_3D('',#5681,#5682,#5683);
#2968=SURFACE_SIDE_STYLE('',(#5684));
#2969=EDGE_LOOP('',(#5685,#5686,#5687,#5688));
#2970=AXIS2_PLACEMENT_3D('',#5689,#5690,#5691);
#2971=SURFACE_SIDE_STYLE('',(#5692));
#2972=EDGE_LOOP('',(#5693,#5694,#5695,#5696));
#2973=AXIS2_PLACEMENT_3D('',#5697,#5698,#5699);
#2974=SURFACE_SIDE_STYLE('',(#5700));
#2975=EDGE_LOOP('',(#5701,#5702,#5703,#5704));
#2976=AXIS2_PLACEMENT_3D('',#5705,#5706,#5707);
#2977=SURFACE_SIDE_STYLE('',(#5708));
#2978=EDGE_LOOP('',(#5709,#5710,#5711,#5712));
#2979=AXIS2_PLACEMENT_3D('',#5713,#5714,#5715);
#2980=SURFACE_SIDE_STYLE('',(#5716));
#2981=EDGE_LOOP('',(#5717,#5718,#5719,#5720));
#2982=AXIS2_PLACEMENT_3D('',#5721,#5722,#5723);
#2983=SURFACE_SIDE_STYLE('',(#5724));
#2984=EDGE_LOOP('',(#5725,#5726,#5727,#5728));
#2985=AXIS2_PLACEMENT_3D('',#5729,#5730,#5731);
#2986=SURFACE_SIDE_STYLE('',(#5732));
#2987=EDGE_LOOP('',(#5733,#5734,#5735,#5736));
#2988=AXIS2_PLACEMENT_3D('',#5737,#5738,#5739);
#2989=SURFACE_SIDE_STYLE('',(#5740));
#2990=EDGE_LOOP('',(#5741,#5742,#5743,#5744));
#2991=AXIS2_PLACEMENT_3D('',#5745,#5746,#5747);
#2992=SURFACE_SIDE_STYLE('',(#5748));
#2993=EDGE_LOOP('',(#5749,#5750,#5751,#5752));
#2994=AXIS2_PLACEMENT_3D('',#5753,#5754,#5755);
#2995=SURFACE_SIDE_STYLE('',(#5756));
#2996=EDGE_LOOP('',(#5757,#5758,#5759,#5760));
#2997=AXIS2_PLACEMENT_3D('',#5761,#5762,#5763);
#2998=SURFACE_SIDE_STYLE('',(#5764));
#2999=EDGE_LOOP('',(#5765,#5766,#5767,#5768));
#3000=AXIS2_PLACEMENT_3D('',#5769,#5770,#5771);
#3001=SURFACE_SIDE_STYLE('',(#5772));
#3002=EDGE_LOOP('',(#5773,#5774,#5775,#5776));
#3003=AXIS2_PLACEMENT_3D('',#5777,#5778,#5779);
#3004=SURFACE_SIDE_STYLE('',(#5780));
#3005=EDGE_LOOP('',(#5781,#5782,#5783,#5784));
#3006=AXIS2_PLACEMENT_3D('',#5785,#5786,#5787);
#3007=SURFACE_SIDE_STYLE('',(#5788));
#3008=EDGE_LOOP('',(#5789,#5790,#5791,#5792));
#3009=AXIS2_PLACEMENT_3D('',#5793,#5794,#5795);
#3010=SURFACE_SIDE_STYLE('',(#5796));
#3011=EDGE_LOOP('',(#5797,#5798,#5799,#5800));
#3012=AXIS2_PLACEMENT_3D('',#5801,#5802,#5803);
#3013=SURFACE_SIDE_STYLE('',(#5804));
#3014=EDGE_LOOP('',(#5805,#5806,#5807,#5808));
#3015=AXIS2_PLACEMENT_3D('',#5809,#5810,#5811);
#3016=SURFACE_SIDE_STYLE('',(#5812));
#3017=EDGE_LOOP('',(#5813,#5814,#5815,#5816));
#3018=AXIS2_PLACEMENT_3D('',#5817,#5818,#5819);
#3019=SURFACE_SIDE_STYLE('',(#5820));
#3020=EDGE_LOOP('',(#5821,#5822,#5823,#5824));
#3021=AXIS2_PLACEMENT_3D('',#5825,#5826,#5827);
#3022=SURFACE_SIDE_STYLE('',(#5828));
#3023=EDGE_LOOP('',(#5829,#5830,#5831,#5832));
#3024=AXIS2_PLACEMENT_3D('',#5833,#5834,#5835);
#3025=SURFACE_SIDE_STYLE('',(#5836));
#3026=EDGE_LOOP('',(#5837,#5838,#5839,#5840));
#3027=AXIS2_PLACEMENT_3D('',#5841,#5842,#5843);
#3028=SURFACE_SIDE_STYLE('',(#5844));
#3029=EDGE_LOOP('',(#5845,#5846,#5847,#5848));
#3030=AXIS2_PLACEMENT_3D('',#5849,#5850,#5851);
#3031=SURFACE_SIDE_STYLE('',(#5852));
#3032=EDGE_LOOP('',(#5853,#5854,#5855,#5856));
#3033=AXIS2_PLACEMENT_3D('',#5857,#5858,#5859);
#3034=SURFACE_SIDE_STYLE('',(#5860));
#3035=EDGE_LOOP('',(#5861,#5862,#5863,#5864));
#3036=AXIS2_PLACEMENT_3D('',#5865,#5866,#5867);
#3037=SURFACE_SIDE_STYLE('',(#5868));
#3038=EDGE_LOOP('',(#5869,#5870,#5871,#5872));
#3039=AXIS2_PLACEMENT_3D('',#5873,#5874,#5875);
#3040=SURFACE_SIDE_STYLE('',(#5876));
#3041=EDGE_LOOP('',(#5877,#5878,#5879,#5880));
#3042=AXIS2_PLACEMENT_3D('',#5881,#5882,#5883);
#3043=SURFACE_SIDE_STYLE('',(#5884));
#3044=EDGE_LOOP('',(#5885,#5886,#5887,#5888));
#3045=AXIS2_PLACEMENT_3D('',#5889,#5890,#5891);
#3046=SURFACE_SIDE_STYLE('',(#5892));
#3047=EDGE_LOOP('',(#5893,#5894,#5895,#5896));
#3048=AXIS2_PLACEMENT_3D('',#5897,#5898,#5899);
#3049=SURFACE_SIDE_STYLE('',(#5900));
#3050=EDGE_LOOP('',(#5901,#5902,#5903,#5904));
#3051=AXIS2_PLACEMENT_3D('',#5905,#5906,#5907);
#3052=SURFACE_SIDE_STYLE('',(#5908));
#3053=EDGE_LOOP('',(#5909,#5910,#5911,#5912));
#3054=AXIS2_PLACEMENT_3D('',#5913,#5914,#5915);
#3055=SURFACE_SIDE_STYLE('',(#5916));
#3056=EDGE_LOOP('',(#5917,#5918,#5919,#5920));
#3057=AXIS2_PLACEMENT_3D('',#5921,#5922,#5923);
#3058=SURFACE_SIDE_STYLE('',(#5924));
#3059=EDGE_LOOP('',(#5925,#5926,#5927,#5928));
#3060=AXIS2_PLACEMENT_3D('',#5929,#5930,#5931);
#3061=SURFACE_SIDE_STYLE('',(#5932));
#3062=EDGE_LOOP('',(#5933,#5934,#5935,#5936));
#3063=AXIS2_PLACEMENT_3D('',#5937,#5938,#5939);
#3064=SURFACE_SIDE_STYLE('',(#5940));
#3065=EDGE_LOOP('',(#5941,#5942,#5943,#5944));
#3066=AXIS2_PLACEMENT_3D('',#5945,#5946,#5947);
#3067=SURFACE_SIDE_STYLE('',(#5948));
#3068=EDGE_LOOP('',(#5949,#5950,#5951,#5952));
#3069=AXIS2_PLACEMENT_3D('',#5953,#5954,#5955);
#3070=SURFACE_SIDE_STYLE('',(#5956));
#3071=EDGE_LOOP('',(#5957,#5958,#5959,#5960));
#3072=AXIS2_PLACEMENT_3D('',#5961,#5962,#5963);
#3073=SURFACE_SIDE_STYLE('',(#5964));
#3074=EDGE_LOOP('',(#5965,#5966,#5967,#5968));
#3075=AXIS2_PLACEMENT_3D('',#5969,#5970,#5971);
#3076=SURFACE_SIDE_STYLE('',(#5972));
#3077=EDGE_LOOP('',(#5973,#5974,#5975,#5976));
#3078=AXIS2_PLACEMENT_3D('',#5977,#5978,#5979);
#3079=SURFACE_SIDE_STYLE('',(#5980));
#3080=EDGE_LOOP('',(#5981,#5982,#5983,#5984));
#3081=AXIS2_PLACEMENT_3D('',#5985,#5986,#5987);
#3082=SURFACE_SIDE_STYLE('',(#5988));
#3083=EDGE_LOOP('',(#5989,#5990,#5991,#5992));
#3084=AXIS2_PLACEMENT_3D('',#5993,#5994,#5995);
#3085=SURFACE_SIDE_STYLE('',(#5996));
#3086=EDGE_LOOP('',(#5997,#5998,#5999,#6000));
#3087=AXIS2_PLACEMENT_3D('',#6001,#6002,#6003);
#3088=SURFACE_SIDE_STYLE('',(#6004));
#3089=EDGE_LOOP('',(#6005,#6006,#6007,#6008));
#3090=AXIS2_PLACEMENT_3D('',#6009,#6010,#6011);
#3091=SURFACE_SIDE_STYLE('',(#6012));
#3092=EDGE_LOOP('',(#6013,#6014,#6015,#6016));
#3093=AXIS2_PLACEMENT_3D('',#6017,#6018,#6019);
#3094=SURFACE_SIDE_STYLE('',(#6020));
#3095=EDGE_LOOP('',(#6021,#6022,#6023,#6024));
#3096=AXIS2_PLACEMENT_3D('',#6025,#6026,#6027);
#3097=SURFACE_SIDE_STYLE('',(#6028));
#3098=EDGE_LOOP('',(#6029,#6030,#6031,#6032));
#3099=AXIS2_PLACEMENT_3D('',#6033,#6034,#6035);
#3100=SURFACE_SIDE_STYLE('',(#6036));
#3101=EDGE_LOOP('',(#6037,#6038,#6039,#6040));
#3102=AXIS2_PLACEMENT_3D('',#6041,#6042,#6043);
#3103=SURFACE_SIDE_STYLE('',(#6044));
#3104=EDGE_LOOP('',(#6045,#6046,#6047,#6048));
#3105=AXIS2_PLACEMENT_3D('',#6049,#6050,#6051);
#3106=SURFACE_SIDE_STYLE('',(#6052));
#3107=EDGE_LOOP('',(#6053,#6054,#6055,#6056));
#3108=AXIS2_PLACEMENT_3D('',#6057,#6058,#6059);
#3109=SURFACE_SIDE_STYLE('',(#6060));
#3110=EDGE_LOOP('',(#6061,#6062,#6063,#6064));
#3111=AXIS2_PLACEMENT_3D('',#6065,#6066,#6067);
#3112=SURFACE_SIDE_STYLE('',(#6068));
#3113=EDGE_LOOP('',(#6069,#6070,#6071,#6072));
#3114=AXIS2_PLACEMENT_3D('',#6073,#6074,#6075);
#3115=SURFACE_SIDE_STYLE('',(#6076));
#3116=EDGE_LOOP('',(#6077,#6078,#6079,#6080));
#3117=AXIS2_PLACEMENT_3D('',#6081,#6082,#6083);
#3118=SURFACE_SIDE_STYLE('',(#6084));
#3119=EDGE_LOOP('',(#6085,#6086,#6087,#6088));
#3120=AXIS2_PLACEMENT_3D('',#6089,#6090,#6091);
#3121=SURFACE_SIDE_STYLE('',(#6092));
#3122=EDGE_LOOP('',(#6093,#6094,#6095,#6096));
#3123=AXIS2_PLACEMENT_3D('',#6097,#6098,#6099);
#3124=SURFACE_SIDE_STYLE('',(#6100));
#3125=EDGE_LOOP('',(#6101,#6102,#6103,#6104));
#3126=AXIS2_PLACEMENT_3D('',#6105,#6106,#6107);
#3127=SURFACE_SIDE_STYLE('',(#6108));
#3128=EDGE_LOOP('',(#6109,#6110,#6111,#6112));
#3129=AXIS2_PLACEMENT_3D('',#6113,#6114,#6115);
#3130=SURFACE_SIDE_STYLE('',(#6116));
#3131=EDGE_LOOP('',(#6117,#6118,#6119,#6120));
#3132=AXIS2_PLACEMENT_3D('',#6121,#6122,#6123);
#3133=SURFACE_SIDE_STYLE('',(#6124));
#3134=EDGE_LOOP('',(#6125,#6126,#6127,#6128));
#3135=AXIS2_PLACEMENT_3D('',#6129,#6130,#6131);
#3136=SURFACE_SIDE_STYLE('',(#6132));
#3137=EDGE_LOOP('',(#6133,#6134,#6135,#6136));
#3138=AXIS2_PLACEMENT_3D('',#6137,#6138,#6139);
#3139=SURFACE_SIDE_STYLE('',(#6140));
#3140=EDGE_LOOP('',(#6141,#6142,#6143,#6144));
#3141=AXIS2_PLACEMENT_3D('',#6145,#6146,#6147);
#3142=SURFACE_SIDE_STYLE('',(#6148));
#3143=EDGE_LOOP('',(#6149,#6150,#6151,#6152));
#3144=AXIS2_PLACEMENT_3D('',#6153,#6154,#6155);
#3145=SURFACE_SIDE_STYLE('',(#6156));
#3146=EDGE_LOOP('',(#6157,#6158,#6159,#6160));
#3147=AXIS2_PLACEMENT_3D('',#6161,#6162,#6163);
#3148=SURFACE_SIDE_STYLE('',(#6164));
#3149=EDGE_LOOP('',(#6165,#6166,#6167,#6168));
#3150=AXIS2_PLACEMENT_3D('',#6169,#6170,#6171);
#3151=SURFACE_SIDE_STYLE('',(#6172));
#3152=EDGE_LOOP('',(#6173,#6174,#6175,#6176));
#3153=AXIS2_PLACEMENT_3D('',#6177,#6178,#6179);
#3154=SURFACE_SIDE_STYLE('',(#6180));
#3155=EDGE_LOOP('',(#6181,#6182,#6183,#6184));
#3156=AXIS2_PLACEMENT_3D('',#6185,#6186,#6187);
#3157=SURFACE_SIDE_STYLE('',(#6188));
#3158=EDGE_LOOP('',(#6189,#6190,#6191,#6192));
#3159=AXIS2_PLACEMENT_3D('',#6193,#6194,#6195);
#3160=SURFACE_SIDE_STYLE('',(#6196));
#3161=EDGE_LOOP('',(#6197,#6198,#6199,#6200,#6201,#6202,#6203,#6204));
#3162=AXIS2_PLACEMENT_3D('',#6205,#6206,#6207);
#3163=SURFACE_SIDE_STYLE('',(#6208));
#3164=EDGE_LOOP('',(#6209,#6210,#6211,#6212));
#3165=AXIS2_PLACEMENT_3D('',#6213,#6214,#6215);
#3166=SURFACE_SIDE_STYLE('',(#6216));
#3167=EDGE_LOOP('',(#6217,#6218,#6219,#6220));
#3168=AXIS2_PLACEMENT_3D('',#6221,#6222,#6223);
#3169=SURFACE_SIDE_STYLE('',(#6224));
#3170=EDGE_LOOP('',(#6225,#6226,#6227,#6228));
#3171=AXIS2_PLACEMENT_3D('',#6229,#6230,#6231);
#3172=SURFACE_SIDE_STYLE('',(#6232));
#3173=EDGE_LOOP('',(#6233,#6234,#6235,#6236));
#3174=AXIS2_PLACEMENT_3D('',#6237,#6238,#6239);
#3175=SURFACE_SIDE_STYLE('',(#6240));
#3176=EDGE_LOOP('',(#6241,#6242,#6243,#6244));
#3177=AXIS2_PLACEMENT_3D('',#6245,#6246,#6247);
#3178=SURFACE_SIDE_STYLE('',(#6248));
#3179=EDGE_LOOP('',(#6249,#6250,#6251,#6252));
#3180=AXIS2_PLACEMENT_3D('',#6253,#6254,#6255);
#3181=SURFACE_SIDE_STYLE('',(#6256));
#3182=EDGE_LOOP('',(#6257,#6258,#6259,#6260));
#3183=AXIS2_PLACEMENT_3D('',#6261,#6262,#6263);
#3184=SURFACE_SIDE_STYLE('',(#6264));
#3185=EDGE_LOOP('',(#6265,#6266,#6267,#6268));
#3186=AXIS2_PLACEMENT_3D('',#6269,#6270,#6271);
#3187=SURFACE_SIDE_STYLE('',(#6272));
#3188=EDGE_LOOP('',(#6273,#6274,#6275,#6276));
#3189=AXIS2_PLACEMENT_3D('',#6277,#6278,#6279);
#3190=SURFACE_SIDE_STYLE('',(#6280));
#3191=EDGE_LOOP('',(#6281,#6282,#6283,#6284));
#3192=AXIS2_PLACEMENT_3D('',#6285,#6286,#6287);
#3193=SURFACE_SIDE_STYLE('',(#6288));
#3194=EDGE_LOOP('',(#6289,#6290,#6291,#6292));
#3195=AXIS2_PLACEMENT_3D('',#6293,#6294,#6295);
#3196=SURFACE_SIDE_STYLE('',(#6296));
#3197=EDGE_LOOP('',(#6297,#6298,#6299,#6300));
#3198=AXIS2_PLACEMENT_3D('',#6301,#6302,#6303);
#3199=SURFACE_SIDE_STYLE('',(#6304));
#3200=EDGE_LOOP('',(#6305,#6306,#6307,#6308));
#3201=AXIS2_PLACEMENT_3D('',#6309,#6310,#6311);
#3202=SURFACE_SIDE_STYLE('',(#6312));
#3203=EDGE_LOOP('',(#6313,#6314,#6315,#6316));
#3204=AXIS2_PLACEMENT_3D('',#6317,#6318,#6319);
#3205=SURFACE_SIDE_STYLE('',(#6320));
#3206=EDGE_LOOP('',(#6321,#6322,#6323,#6324));
#3207=AXIS2_PLACEMENT_3D('',#6325,#6326,#6327);
#3208=SURFACE_SIDE_STYLE('',(#6328));
#3209=EDGE_LOOP('',(#6329,#6330,#6331,#6332));
#3210=AXIS2_PLACEMENT_3D('',#6333,#6334,#6335);
#3211=SURFACE_SIDE_STYLE('',(#6336));
#3212=EDGE_LOOP('',(#6337,#6338,#6339,#6340,#6341));
#3213=AXIS2_PLACEMENT_3D('',#6342,#6343,#6344);
#3214=SURFACE_SIDE_STYLE('',(#6345));
#3215=EDGE_LOOP('',(#6346,#6347,#6348,#6349));
#3216=AXIS2_PLACEMENT_3D('',#6350,#6351,#6352);
#3217=SURFACE_SIDE_STYLE('',(#6353));
#3218=EDGE_LOOP('',(#6354,#6355,#6356,#6357));
#3219=AXIS2_PLACEMENT_3D('',#6358,#6359,#6360);
#3220=SURFACE_SIDE_STYLE('',(#6361));
#3221=EDGE_LOOP('',(#6362,#6363,#6364,#6365,#6366));
#3222=AXIS2_PLACEMENT_3D('',#6367,#6368,#6369);
#3223=SURFACE_SIDE_STYLE('',(#6370));
#3224=EDGE_LOOP('',(#6371,#6372,#6373,#6374));
#3225=AXIS2_PLACEMENT_3D('',#6375,#6376,#6377);
#3226=SURFACE_SIDE_STYLE('',(#6378));
#3227=EDGE_LOOP('',(#6379,#6380,#6381,#6382));
#3228=AXIS2_PLACEMENT_3D('',#6383,#6384,#6385);
#3229=SURFACE_SIDE_STYLE('',(#6386));
#3230=EDGE_LOOP('',(#6387,#6388,#6389,#6390));
#3231=AXIS2_PLACEMENT_3D('',#6391,#6392,#6393);
#3232=SURFACE_SIDE_STYLE('',(#6394));
#3233=EDGE_LOOP('',(#6395,#6396,#6397,#6398));
#3234=AXIS2_PLACEMENT_3D('',#6399,#6400,#6401);
#3235=SURFACE_SIDE_STYLE('',(#6402));
#3236=EDGE_LOOP('',(#6403,#6404,#6405,#6406,#6407,#6408,#6409,#6410));
#3237=AXIS2_PLACEMENT_3D('',#6411,#6412,#6413);
#3238=SURFACE_SIDE_STYLE('',(#6414));
#3239=EDGE_LOOP('',(#6415,#6416,#6417,#6418));
#3240=AXIS2_PLACEMENT_3D('',#6419,#6420,#6421);
#3241=SURFACE_SIDE_STYLE('',(#6422));
#3242=EDGE_LOOP('',(#6423,#6424,#6425,#6426));
#3243=AXIS2_PLACEMENT_3D('',#6427,#6428,#6429);
#3244=SURFACE_SIDE_STYLE('',(#6430));
#3245=EDGE_LOOP('',(#6431,#6432,#6433,#6434));
#3246=AXIS2_PLACEMENT_3D('',#6435,#6436,#6437);
#3247=SURFACE_SIDE_STYLE('',(#6438));
#3248=EDGE_LOOP('',(#6439,#6440,#6441,#6442));
#3249=AXIS2_PLACEMENT_3D('',#6443,#6444,#6445);
#3250=SURFACE_SIDE_STYLE('',(#6446));
#3251=EDGE_LOOP('',(#6447,#6448,#6449,#6450));
#3252=AXIS2_PLACEMENT_3D('',#6451,#6452,#6453);
#3253=SURFACE_SIDE_STYLE('',(#6454));
#3254=EDGE_LOOP('',(#6455,#6456,#6457,#6458));
#3255=AXIS2_PLACEMENT_3D('',#6459,#6460,#6461);
#3256=SURFACE_SIDE_STYLE('',(#6462));
#3257=EDGE_LOOP('',(#6463,#6464,#6465,#6466));
#3258=AXIS2_PLACEMENT_3D('',#6467,#6468,#6469);
#3259=SURFACE_SIDE_STYLE('',(#6470));
#3260=EDGE_LOOP('',(#6471,#6472,#6473,#6474));
#3261=AXIS2_PLACEMENT_3D('',#6475,#6476,#6477);
#3262=SURFACE_SIDE_STYLE('',(#6478));
#3263=EDGE_LOOP('',(#6479,#6480,#6481,#6482));
#3264=AXIS2_PLACEMENT_3D('',#6483,#6484,#6485);
#3265=SURFACE_SIDE_STYLE('',(#6486));
#3266=EDGE_LOOP('',(#6487,#6488,#6489,#6490));
#3267=AXIS2_PLACEMENT_3D('',#6491,#6492,#6493);
#3268=SURFACE_SIDE_STYLE('',(#6494));
#3269=EDGE_LOOP('',(#6495,#6496,#6497,#6498));
#3270=AXIS2_PLACEMENT_3D('',#6499,#6500,#6501);
#3271=SURFACE_SIDE_STYLE('',(#6502));
#3272=EDGE_LOOP('',(#6503,#6504,#6505,#6506));
#3273=AXIS2_PLACEMENT_3D('',#6507,#6508,#6509);
#3274=SURFACE_SIDE_STYLE('',(#6510));
#3275=EDGE_LOOP('',(#6511,#6512,#6513,#6514));
#3276=AXIS2_PLACEMENT_3D('',#6515,#6516,#6517);
#3277=SURFACE_SIDE_STYLE('',(#6518));
#3278=EDGE_LOOP('',(#6519,#6520,#6521,#6522));
#3279=AXIS2_PLACEMENT_3D('',#6523,#6524,#6525);
#3280=SURFACE_SIDE_STYLE('',(#6526));
#3281=EDGE_LOOP('',(#6527,#6528,#6529,#6530));
#3282=AXIS2_PLACEMENT_3D('',#6531,#6532,#6533);
#3283=SURFACE_SIDE_STYLE('',(#6534));
#3284=EDGE_LOOP('',(#6535,#6536,#6537,#6538));
#3285=AXIS2_PLACEMENT_3D('',#6539,#6540,#6541);
#3286=SURFACE_SIDE_STYLE('',(#6542));
#3287=EDGE_LOOP('',(#6543,#6544,#6545,#6546));
#3288=AXIS2_PLACEMENT_3D('',#6547,#6548,#6549);
#3289=SURFACE_SIDE_STYLE('',(#6550));
#3290=EDGE_LOOP('',(#6551,#6552,#6553,#6554));
#3291=AXIS2_PLACEMENT_3D('',#6555,#6556,#6557);
#3292=SURFACE_SIDE_STYLE('',(#6558));
#3293=EDGE_LOOP('',(#6559,#6560,#6561,#6562));
#3294=AXIS2_PLACEMENT_3D('',#6563,#6564,#6565);
#3295=SURFACE_SIDE_STYLE('',(#6566));
#3296=EDGE_LOOP('',(#6567,#6568,#6569,#6570));
#3297=AXIS2_PLACEMENT_3D('',#6571,#6572,#6573);
#3298=SURFACE_SIDE_STYLE('',(#6574));
#3299=EDGE_LOOP('',(#6575,#6576,#6577,#6578));
#3300=AXIS2_PLACEMENT_3D('',#6579,#6580,#6581);
#3301=SURFACE_SIDE_STYLE('',(#6582));
#3302=EDGE_LOOP('',(#6583,#6584,#6585,#6586));
#3303=AXIS2_PLACEMENT_3D('',#6587,#6588,#6589);
#3304=SURFACE_SIDE_STYLE('',(#6590));
#3305=EDGE_LOOP('',(#6591,#6592,#6593,#6594));
#3306=AXIS2_PLACEMENT_3D('',#6595,#6596,#6597);
#3307=SURFACE_SIDE_STYLE('',(#6598));
#3308=EDGE_LOOP('',(#6599,#6600,#6601,#6602));
#3309=AXIS2_PLACEMENT_3D('',#6603,#6604,#6605);
#3310=SURFACE_SIDE_STYLE('',(#6606));
#3311=EDGE_LOOP('',(#6607,#6608,#6609,#6610));
#3312=AXIS2_PLACEMENT_3D('',#6611,#6612,#6613);
#3313=SURFACE_SIDE_STYLE('',(#6614));
#3314=EDGE_LOOP('',(#6615,#6616,#6617,#6618));
#3315=AXIS2_PLACEMENT_3D('',#6619,#6620,#6621);
#3316=SURFACE_SIDE_STYLE('',(#6622));
#3317=EDGE_LOOP('',(#6623,#6624,#6625,#6626));
#3318=AXIS2_PLACEMENT_3D('',#6627,#6628,#6629);
#3319=SURFACE_SIDE_STYLE('',(#6630));
#3320=EDGE_LOOP('',(#6631,#6632,#6633,#6634,#6635));
#3321=AXIS2_PLACEMENT_3D('',#6636,#6637,#6638);
#3322=SURFACE_SIDE_STYLE('',(#6639));
#3323=EDGE_LOOP('',(#6640,#6641,#6642,#6643));
#3324=AXIS2_PLACEMENT_3D('',#6644,#6645,#6646);
#3325=SURFACE_SIDE_STYLE('',(#6647));
#3326=EDGE_LOOP('',(#6648,#6649,#6650,#6651,#6652));
#3327=AXIS2_PLACEMENT_3D('',#6653,#6654,#6655);
#3328=SURFACE_SIDE_STYLE('',(#6656));
#3329=EDGE_LOOP('',(#6657,#6658,#6659,#6660));
#3330=AXIS2_PLACEMENT_3D('',#6661,#6662,#6663);
#3331=SURFACE_SIDE_STYLE('',(#6664));
#3332=EDGE_LOOP('',(#6665,#6666,#6667,#6668));
#3333=AXIS2_PLACEMENT_3D('',#6669,#6670,#6671);
#3334=SURFACE_SIDE_STYLE('',(#6672));
#3335=EDGE_LOOP('',(#6673,#6674,#6675,#6676));
#3336=EDGE_LOOP('',(#6677,#6678,#6679,#6680));
#3337=EDGE_LOOP('',(#6681,#6682,#6683,#6684));
#3338=EDGE_LOOP('',(#6685,#6686,#6687,#6688));
#3339=EDGE_LOOP('',(#6689,#6690,#6691,#6692));
#3340=EDGE_LOOP('',(#6693,#6694,#6695,#6696));
#3341=EDGE_LOOP('',(#6697,#6698,#6699,#6700,#6701,#6702,#6703,#6704,#6705,#6706,#6707,#6708,#6709,#6710,#6711,#6712,#6713,#6714,#6715,#6716,#6717,#6718,#6719,#6720,#6721,#6722,#6723,#6724,#6725,#6726,#6727,#6728,#6729,#6730,#6731,#6732,#6733,#6734,#6735,#6736,#6737,#6738,#6739,#6740,#6741,#6742,#6743,#6744,#6745,#6746,#6747,#6748));
#3342=AXIS2_PLACEMENT_3D('',#6749,#6750,#6751);
#3343=SURFACE_SIDE_STYLE('',(#6752));
#3344=EDGE_LOOP('',(#6753,#6754,#6755,#6756,#6757,#6758,#6759,#6760,#6761,#6762,#6763,#6764,#6765,#6766,#6767,#6768,#6769,#6770,#6771,#6772,#6773,#6774,#6775,#6776,#6777,#6778,#6779,#6780,#6781,#6782));
#3345=AXIS2_PLACEMENT_3D('',#6783,#6784,#6785);
#3346=SURFACE_SIDE_STYLE('',(#6786));
#3347=EDGE_LOOP('',(#6787,#6788,#6789,#6790));
#3348=AXIS2_PLACEMENT_3D('',#6791,#6792,#6793);
#3349=SURFACE_SIDE_STYLE('',(#6794));
#3350=EDGE_LOOP('',(#6795,#6796,#6797,#6798));
#3351=AXIS2_PLACEMENT_3D('',#6799,#6800,#6801);
#3352=SURFACE_SIDE_STYLE('',(#6802));
#3353=EDGE_LOOP('',(#6803,#6804,#6805,#6806,#6807,#6808,#6809,#6810));
#3354=AXIS2_PLACEMENT_3D('',#6811,#6812,#6813);
#3355=SURFACE_SIDE_STYLE('',(#6814));
#3356=EDGE_LOOP('',(#6815,#6816,#6817,#6818));
#3357=EDGE_LOOP('',(#6819,#6820,#6821,#6822));
#3358=EDGE_LOOP('',(#6823,#6824,#6825,#6826));
#3359=EDGE_LOOP('',(#6827,#6828,#6829,#6830));
#3360=EDGE_LOOP('',(#6831,#6832,#6833,#6834));
#3361=EDGE_LOOP('',(#6835,#6836,#6837,#6838));
#3362=EDGE_LOOP('',(#6839,#6840,#6841,#6842));
#3363=AXIS2_PLACEMENT_3D('',#6843,#6844,#6845);
#3364=SURFACE_SIDE_STYLE('',(#6846));
#3365=EDGE_LOOP('',(#6847,#6848,#6849,#6850,#6851,#6852,#6853,#6854,#6855,#6856,#6857,#6858,#6859,#6860,#6861,#6862,#6863,#6864,#6865,#6866,#6867,#6868,#6869,#6870,#6871,#6872,#6873,#6874,#6875,#6876));
#3366=AXIS2_PLACEMENT_3D('',#6877,#6878,#6879);
#3368=SURFACE_STYLE_FILL_AREA(#6880);
#3369=ORIENTED_EDGE('',*,*,#6881,.T.);
#3370=ORIENTED_EDGE('',*,*,#6882,.F.);
#3371=ORIENTED_EDGE('',*,*,#6883,.T.);
#3372=ORIENTED_EDGE('',*,*,#6884,.T.);
#3373=CARTESIAN_POINT('',(1.524,1.46050000000002,1.143));
#3374=DIRECTION('',(0.0,0.0,1.0));
#3375=DIRECTION('',(1.0,0.0,0.0));
#3376=SURFACE_STYLE_FILL_AREA(#6885);
#3377=ORIENTED_EDGE('',*,*,#6886,.F.);
#3378=ORIENTED_EDGE('',*,*,#6887,.F.);
#3379=ORIENTED_EDGE('',*,*,#6881,.F.);
#3380=ORIENTED_EDGE('',*,*,#6888,.T.);
#3381=CARTESIAN_POINT('',(1.524,1.46050000000002,1.143));
#3382=DIRECTION('',(0.0,0.0,1.0));
#3383=DIRECTION('',(1.0,0.0,0.0));
#3384=SURFACE_STYLE_FILL_AREA(#6889);
#3385=ORIENTED_EDGE('',*,*,#6890,.T.);
#3386=ORIENTED_EDGE('',*,*,#6891,.F.);
#3387=ORIENTED_EDGE('',*,*,#6892,.T.);
#3388=ORIENTED_EDGE('',*,*,#6893,.T.);
#3389=CARTESIAN_POINT('',(4.064,1.46050000000002,1.143));
#3390=DIRECTION('',(0.0,0.0,1.0));
#3391=DIRECTION('',(1.0,0.0,0.0));
#3392=SURFACE_STYLE_FILL_AREA(#6894);
#3393=ORIENTED_EDGE('',*,*,#6895,.F.);
#3394=ORIENTED_EDGE('',*,*,#6896,.F.);
#3395=ORIENTED_EDGE('',*,*,#6890,.F.);
#3396=ORIENTED_EDGE('',*,*,#6897,.T.);
#3397=CARTESIAN_POINT('',(4.064,1.46050000000002,1.143));
#3398=DIRECTION('',(0.0,0.0,1.0));
#3399=DIRECTION('',(1.0,0.0,0.0));
#3400=SURFACE_STYLE_FILL_AREA(#6898);
#3401=ORIENTED_EDGE('',*,*,#6899,.T.);
#3402=ORIENTED_EDGE('',*,*,#6900,.F.);
#3403=ORIENTED_EDGE('',*,*,#6901,.T.);
#3404=ORIENTED_EDGE('',*,*,#6902,.T.);
#3405=CARTESIAN_POINT('',(6.604,1.46050000000002,1.143));
#3406=DIRECTION('',(0.0,0.0,1.0));
#3407=DIRECTION('',(1.0,0.0,0.0));
#3408=SURFACE_STYLE_FILL_AREA(#6903);
#3409=ORIENTED_EDGE('',*,*,#6904,.F.);
#3410=ORIENTED_EDGE('',*,*,#6905,.F.);
#3411=ORIENTED_EDGE('',*,*,#6899,.F.);
#3412=ORIENTED_EDGE('',*,*,#6906,.T.);
#3413=CARTESIAN_POINT('',(6.604,1.46050000000002,1.143));
#3414=DIRECTION('',(0.0,0.0,1.0));
#3415=DIRECTION('',(1.0,0.0,0.0));
#3416=SURFACE_STYLE_FILL_AREA(#6907);
#3417=ORIENTED_EDGE('',*,*,#6908,.T.);
#3418=ORIENTED_EDGE('',*,*,#6909,.F.);
#3419=ORIENTED_EDGE('',*,*,#6910,.T.);
#3420=ORIENTED_EDGE('',*,*,#6911,.T.);
#3421=CARTESIAN_POINT('',(9.144,1.46050000000002,1.143));
#3422=DIRECTION('',(0.0,0.0,1.0));
#3423=DIRECTION('',(1.0,0.0,0.0));
#3424=SURFACE_STYLE_FILL_AREA(#6912);
#3425=ORIENTED_EDGE('',*,*,#6913,.F.);
#3426=ORIENTED_EDGE('',*,*,#6914,.F.);
#3427=ORIENTED_EDGE('',*,*,#6908,.F.);
#3428=ORIENTED_EDGE('',*,*,#6915,.T.);
#3429=CARTESIAN_POINT('',(9.144,1.46050000000002,1.143));
#3430=DIRECTION('',(0.0,0.0,1.0));
#3431=DIRECTION('',(1.0,0.0,0.0));
#3432=SURFACE_STYLE_FILL_AREA(#6916);
#3433=ORIENTED_EDGE('',*,*,#6917,.T.);
#3434=ORIENTED_EDGE('',*,*,#6918,.F.);
#3435=ORIENTED_EDGE('',*,*,#6919,.T.);
#3436=ORIENTED_EDGE('',*,*,#6920,.T.);
#3437=CARTESIAN_POINT('',(11.684,1.46050000000002,1.143));
#3438=DIRECTION('',(0.0,0.0,1.0));
#3439=DIRECTION('',(1.0,0.0,0.0));
#3440=SURFACE_STYLE_FILL_AREA(#6921);
#3441=ORIENTED_EDGE('',*,*,#6922,.F.);
#3442=ORIENTED_EDGE('',*,*,#6923,.F.);
#3443=ORIENTED_EDGE('',*,*,#6917,.F.);
#3444=ORIENTED_EDGE('',*,*,#6924,.T.);
#3445=CARTESIAN_POINT('',(11.684,1.46050000000002,1.143));
#3446=DIRECTION('',(0.0,0.0,1.0));
#3447=DIRECTION('',(1.0,0.0,0.0));
#3448=SURFACE_STYLE_FILL_AREA(#6925);
#3449=ORIENTED_EDGE('',*,*,#6926,.T.);
#3450=ORIENTED_EDGE('',*,*,#6927,.F.);
#3451=ORIENTED_EDGE('',*,*,#6928,.T.);
#3452=ORIENTED_EDGE('',*,*,#6929,.T.);
#3453=CARTESIAN_POINT('',(14.224,1.46050000000002,1.143));
#3454=DIRECTION('',(0.0,0.0,1.0));
#3455=DIRECTION('',(1.0,0.0,0.0));
#3456=SURFACE_STYLE_FILL_AREA(#6930);
#3457=ORIENTED_EDGE('',*,*,#6931,.F.);
#3458=ORIENTED_EDGE('',*,*,#6932,.F.);
#3459=ORIENTED_EDGE('',*,*,#6926,.F.);
#3460=ORIENTED_EDGE('',*,*,#6933,.T.);
#3461=CARTESIAN_POINT('',(14.224,1.46050000000002,1.143));
#3462=DIRECTION('',(0.0,0.0,1.0));
#3463=DIRECTION('',(1.0,0.0,0.0));
#3464=SURFACE_STYLE_FILL_AREA(#6934);
#3465=ORIENTED_EDGE('',*,*,#6935,.F.);
#3466=ORIENTED_EDGE('',*,*,#6936,.F.);
#3467=ORIENTED_EDGE('',*,*,#6937,.F.);
#3468=ORIENTED_EDGE('',*,*,#6938,.F.);
#3469=CARTESIAN_POINT('',(13.9065,0.3556,1.27));
#3470=DIRECTION('',(1.0,0.0,0.0));
#3471=DIRECTION('',(0.0,0.0,-1.0));
#3472=SURFACE_STYLE_FILL_AREA(#6939);
#3473=ORIENTED_EDGE('',*,*,#6940,.F.);
#3474=ORIENTED_EDGE('',*,*,#6938,.T.);
#3475=ORIENTED_EDGE('',*,*,#6941,.F.);
#3476=ORIENTED_EDGE('',*,*,#6942,.T.);
#3477=CARTESIAN_POINT('',(14.224,0.3556,0.9525));
#3478=DIRECTION('',(0.0,0.0,1.0));
#3479=DIRECTION('',(1.0,0.0,0.0));
#3480=SURFACE_STYLE_FILL_AREA(#6943);
#3481=ORIENTED_EDGE('',*,*,#6944,.F.);
#3482=ORIENTED_EDGE('',*,*,#6945,.T.);
#3483=ORIENTED_EDGE('',*,*,#6946,.F.);
#3484=ORIENTED_EDGE('',*,*,#6947,.T.);
#3485=CARTESIAN_POINT('',(14.224,0.3556,0.9525));
#3486=DIRECTION('',(0.0,0.0,1.0));
#3487=DIRECTION('',(1.0,0.0,0.0));
#3488=SURFACE_STYLE_FILL_AREA(#6948);
#3489=ORIENTED_EDGE('',*,*,#6949,.F.);
#3490=ORIENTED_EDGE('',*,*,#6950,.T.);
#3491=ORIENTED_EDGE('',*,*,#6951,.F.);
#3492=ORIENTED_EDGE('',*,*,#6936,.T.);
#3493=CARTESIAN_POINT('',(14.224,0.3556,1.5875));
#3494=DIRECTION('',(0.0,0.0,1.0));
#3495=DIRECTION('',(1.0,0.0,0.0));
#3496=SURFACE_STYLE_FILL_AREA(#6952);
#3497=ORIENTED_EDGE('',*,*,#6953,.F.);
#3498=ORIENTED_EDGE('',*,*,#6942,.F.);
#3499=ORIENTED_EDGE('',*,*,#6954,.F.);
#3500=ORIENTED_EDGE('',*,*,#6950,.F.);
#3501=CARTESIAN_POINT('',(14.5415,0.3556,1.27));
#3502=DIRECTION('',(-1.0,0.0,0.0));
#3503=DIRECTION('',(0.0,0.0,1.0));
#3504=SURFACE_STYLE_FILL_AREA(#6955);
#3505=ORIENTED_EDGE('',*,*,#6956,.F.);
#3506=ORIENTED_EDGE('',*,*,#6957,.F.);
#3507=ORIENTED_EDGE('',*,*,#6958,.F.);
#3508=ORIENTED_EDGE('',*,*,#6945,.F.);
#3509=CARTESIAN_POINT('',(14.5415,0.3556,1.27));
#3510=DIRECTION('',(-1.0,0.0,0.0));
#3511=DIRECTION('',(0.0,0.0,1.0));
#3512=SURFACE_STYLE_FILL_AREA(#6959);
#3513=ORIENTED_EDGE('',*,*,#6960,.F.);
#3514=ORIENTED_EDGE('',*,*,#6961,.F.);
#3515=ORIENTED_EDGE('',*,*,#6962,.F.);
#3516=ORIENTED_EDGE('',*,*,#6963,.F.);
#3517=ORIENTED_EDGE('',*,*,#6964,.F.);
#3518=ORIENTED_EDGE('',*,*,#6965,.F.);
#3519=ORIENTED_EDGE('',*,*,#6933,.F.);
#3520=ORIENTED_EDGE('',*,*,#6929,.F.);
#3521=ORIENTED_EDGE('',*,*,#6966,.F.);
#3522=ORIENTED_EDGE('',*,*,#6967,.F.);
#3523=ORIENTED_EDGE('',*,*,#6968,.F.);
#3524=ORIENTED_EDGE('',*,*,#6969,.F.);
#3525=CARTESIAN_POINT('',(14.2239768527237,2.47104847921772,1.397));
#3526=DIRECTION('',(0.0,0.0,1.0));
#3527=DIRECTION('',(1.0,0.0,0.0));
#3528=SURFACE_STYLE_FILL_AREA(#6970);
#3529=ORIENTED_EDGE('',*,*,#6971,.F.);
#3530=ORIENTED_EDGE('',*,*,#6972,.F.);
#3531=ORIENTED_EDGE('',*,*,#6973,.F.);
#3532=ORIENTED_EDGE('',*,*,#6974,.T.);
#3533=ORIENTED_EDGE('',*,*,#6975,.F.);
#3534=ORIENTED_EDGE('',*,*,#6927,.T.);
#3535=ORIENTED_EDGE('',*,*,#6932,.T.);
#3536=ORIENTED_EDGE('',*,*,#6976,.T.);
#3537=ORIENTED_EDGE('',*,*,#6977,.F.);
#3538=ORIENTED_EDGE('',*,*,#6978,.F.);
#3539=ORIENTED_EDGE('',*,*,#6979,.T.);
#3540=ORIENTED_EDGE('',*,*,#6980,.F.);
#3541=CARTESIAN_POINT('',(14.2239768527237,2.47104847921772,1.143));
#3542=DIRECTION('',(0.0,0.0,1.0));
#3543=DIRECTION('',(1.0,0.0,0.0));
#3544=SURFACE_STYLE_FILL_AREA(#6981);
#3545=ORIENTED_EDGE('',*,*,#6982,.T.);
#3546=ORIENTED_EDGE('',*,*,#6983,.T.);
#3547=ORIENTED_EDGE('',*,*,#6984,.T.);
#3548=ORIENTED_EDGE('',*,*,#6985,.T.);
#3549=CARTESIAN_POINT('',(13.9065,-9.8044,1.4859));
#3550=DIRECTION('',(-4.32978028117746E-17,-0.707106781186548,0.707106781186547));
#3551=DIRECTION('',(4.32978028117747E-17,-0.707106781186547,-0.707106781186548));
#3552=SURFACE_STYLE_FILL_AREA(#6986);
#3553=ORIENTED_EDGE('',*,*,#6987,.T.);
#3554=ORIENTED_EDGE('',*,*,#6988,.T.);
#3555=ORIENTED_EDGE('',*,*,#6989,.T.);
#3556=ORIENTED_EDGE('',*,*,#6946,.T.);
#3557=CARTESIAN_POINT('',(13.9065,-9.8044,1.0541));
#3558=DIRECTION('',(4.32978028117746E-17,-0.707106781186548,-0.707106781186547));
#3559=DIRECTION('',(4.32978028117747E-17,0.707106781186547,-0.707106781186548));
#3560=SURFACE_STYLE_FILL_AREA(#6990);
#3561=ORIENTED_EDGE('',*,*,#6985,.F.);
#3562=ORIENTED_EDGE('',*,*,#6991,.F.);
#3563=ORIENTED_EDGE('',*,*,#6988,.F.);
#3564=ORIENTED_EDGE('',*,*,#6992,.T.);
#3565=CARTESIAN_POINT('',(14.224,-9.906,0.9525));
#3566=DIRECTION('',(7.77058984864491E-15,-1.0,0.0));
#3567=DIRECTION('',(1.0,7.77058984864491E-15,0.0));
#3568=SURFACE_STYLE_FILL_AREA(#6993);
#3569=ORIENTED_EDGE('',*,*,#6984,.F.);
#3570=ORIENTED_EDGE('',*,*,#6994,.F.);
#3571=ORIENTED_EDGE('',*,*,#6989,.F.);
#3572=ORIENTED_EDGE('',*,*,#6991,.T.);
#3573=CARTESIAN_POINT('',(14.0081,-9.8044,0.9525));
#3574=DIRECTION('',(-0.707106781186547,-0.707106781186548,0.0));
#3575=DIRECTION('',(0.707106781186548,-0.707106781186547,0.0));
#3576=SURFACE_STYLE_FILL_AREA(#6995);
#3577=ORIENTED_EDGE('',*,*,#6982,.F.);
#3578=ORIENTED_EDGE('',*,*,#6992,.F.);
#3579=ORIENTED_EDGE('',*,*,#6987,.F.);
#3580=ORIENTED_EDGE('',*,*,#6958,.T.);
#3581=CARTESIAN_POINT('',(14.4399,-9.8044,0.9525));
#3582=DIRECTION('',(0.707106781186547,-0.707106781186548,0.0));
#3583=DIRECTION('',(0.707106781186548,0.707106781186547,0.0));
#3584=SURFACE_STYLE_FILL_AREA(#6996);
#3585=ORIENTED_EDGE('',*,*,#6997,.F.);
#3586=ORIENTED_EDGE('',*,*,#6947,.F.);
#3587=ORIENTED_EDGE('',*,*,#6994,.T.);
#3588=ORIENTED_EDGE('',*,*,#6998,.F.);
#3589=CARTESIAN_POINT('',(13.9065,0.3556,1.27));
#3590=DIRECTION('',(1.0,0.0,0.0));
#3591=DIRECTION('',(0.0,0.0,-1.0));
#3592=SURFACE_STYLE_FILL_AREA(#6999);
#3593=ORIENTED_EDGE('',*,*,#7000,.F.);
#3594=ORIENTED_EDGE('',*,*,#6998,.T.);
#3595=ORIENTED_EDGE('',*,*,#6983,.F.);
#3596=ORIENTED_EDGE('',*,*,#6957,.T.);
#3597=CARTESIAN_POINT('',(14.224,0.3556,1.5875));
#3598=DIRECTION('',(0.0,0.0,1.0));
#3599=DIRECTION('',(1.0,0.0,0.0));
#3600=SURFACE_STYLE_FILL_AREA(#7001);
#3601=ORIENTED_EDGE('',*,*,#6968,.T.);
#3602=ORIENTED_EDGE('',*,*,#7002,.F.);
#3603=ORIENTED_EDGE('',*,*,#6973,.T.);
#3604=ORIENTED_EDGE('',*,*,#7003,.F.);
#3605=CARTESIAN_POINT('',(13.88745,3.40317443852636,1.143));
#3606=DIRECTION('',(-0.994760053749085,0.102237153056592,0.0));
#3607=DIRECTION('',(-0.102237153056592,-0.994760053749085,0.0));
#3608=SURFACE_STYLE_FILL_AREA(#7004);
#3609=ORIENTED_EDGE('',*,*,#6967,.T.);
#3610=ORIENTED_EDGE('',*,*,#7005,.F.);
#3611=ORIENTED_EDGE('',*,*,#6974,.F.);
#3612=ORIENTED_EDGE('',*,*,#7002,.T.);
#3613=CARTESIAN_POINT('',(14.1224,4.96138522628063,1.143));
#3614=DIRECTION('',(0.866025403784433,0.500000000000011,0.0));
#3615=DIRECTION('',(-0.500000000000011,0.866025403784433,0.0));
#3616=SURFACE_STYLE_FILL_AREA(#7006);
#3617=ORIENTED_EDGE('',*,*,#6966,.T.);
#3618=ORIENTED_EDGE('',*,*,#6928,.F.);
#3619=ORIENTED_EDGE('',*,*,#6975,.T.);
#3620=ORIENTED_EDGE('',*,*,#7005,.T.);
#3621=CARTESIAN_POINT('',(14.1097962972878,3.16023198086842,1.143));
#3622=DIRECTION('',(0.998989004852543,-0.0449551797207582,0.0));
#3623=DIRECTION('',(0.0449551797207582,0.998989004852543,0.0));
#3624=SURFACE_STYLE_FILL_AREA(#7007);
#3625=ORIENTED_EDGE('',*,*,#6931,.T.);
#3626=ORIENTED_EDGE('',*,*,#6965,.T.);
#3627=ORIENTED_EDGE('',*,*,#7008,.F.);
#3628=ORIENTED_EDGE('',*,*,#6976,.F.);
#3629=CARTESIAN_POINT('',(14.224,1.46050000000002,1.143));
#3630=DIRECTION('',(0.0,0.0,1.0));
#3631=DIRECTION('',(1.0,0.0,0.0));
#3632=SURFACE_STYLE_FILL_AREA(#7009);
#3633=ORIENTED_EDGE('',*,*,#6964,.T.);
#3634=ORIENTED_EDGE('',*,*,#7010,.F.);
#3635=ORIENTED_EDGE('',*,*,#6977,.T.);
#3636=ORIENTED_EDGE('',*,*,#7008,.T.);
#3637=CARTESIAN_POINT('',(14.3379159758095,3.16449453823865,1.143));
#3638=DIRECTION('',(-0.998991554010469,-0.0448984968094593,0.0));
#3639=DIRECTION('',(0.0448984968094593,-0.998991554010469,0.0));
#3640=SURFACE_STYLE_FILL_AREA(#7011);
#3641=ORIENTED_EDGE('',*,*,#6963,.T.);
#3642=ORIENTED_EDGE('',*,*,#7012,.F.);
#3643=ORIENTED_EDGE('',*,*,#6978,.T.);
#3644=ORIENTED_EDGE('',*,*,#7010,.T.);
#3645=CARTESIAN_POINT('',(14.3256,4.96138522628063,1.143));
#3646=DIRECTION('',(-0.866025403784433,0.500000000000011,0.0));
#3647=DIRECTION('',(-0.500000000000011,-0.866025403784433,0.0));
#3648=SURFACE_STYLE_FILL_AREA(#7013);
#3649=ORIENTED_EDGE('',*,*,#6962,.T.);
#3650=ORIENTED_EDGE('',*,*,#7014,.F.);
#3651=ORIENTED_EDGE('',*,*,#6979,.F.);
#3652=ORIENTED_EDGE('',*,*,#7012,.T.);
#3653=CARTESIAN_POINT('',(14.56055,3.40317443852636,1.143));
#3654=DIRECTION('',(0.994760053749085,0.102237153056592,0.0));
#3655=DIRECTION('',(-0.102237153056592,0.994760053749085,0.0));
#3656=SURFACE_STYLE_FILL_AREA(#7015);
#3657=ORIENTED_EDGE('',*,*,#6969,.T.);
#3658=ORIENTED_EDGE('',*,*,#7003,.T.);
#3659=ORIENTED_EDGE('',*,*,#6972,.T.);
#3660=ORIENTED_EDGE('',*,*,#7016,.T.);
#3661=ORIENTED_EDGE('',*,*,#7017,.T.);
#3662=ORIENTED_EDGE('',*,*,#7018,.F.);
#3663=ORIENTED_EDGE('',*,*,#7019,.T.);
#3664=ORIENTED_EDGE('',*,*,#7020,.T.);
#3665=CARTESIAN_POINT('',(13.716,3.1115,1.27));
#3666=DIRECTION('',(1.0,0.0,0.0));
#3667=DIRECTION('',(0.0,0.0,-1.0));
#3668=SURFACE_STYLE_FILL_AREA(#7021);
#3669=ORIENTED_EDGE('',*,*,#6971,.T.);
#3670=ORIENTED_EDGE('',*,*,#7022,.T.);
#3671=ORIENTED_EDGE('',*,*,#7023,.T.);
#3672=ORIENTED_EDGE('',*,*,#7016,.F.);
#3673=CARTESIAN_POINT('',(14.224,1.143,1.27));
#3674=DIRECTION('',(0.0,1.0,0.0));
#3675=DIRECTION('',(0.0,0.0,1.0));
#3676=SURFACE_STYLE_FILL_AREA(#7024);
#3677=ORIENTED_EDGE('',*,*,#7025,.F.);
#3678=ORIENTED_EDGE('',*,*,#7026,.F.);
#3679=ORIENTED_EDGE('',*,*,#7027,.F.);
#3680=ORIENTED_EDGE('',*,*,#7028,.F.);
#3681=CARTESIAN_POINT('',(11.3665,0.3556,1.27));
#3682=DIRECTION('',(1.0,0.0,0.0));
#3683=DIRECTION('',(0.0,0.0,-1.0));
#3684=SURFACE_STYLE_FILL_AREA(#7029);
#3685=ORIENTED_EDGE('',*,*,#7030,.F.);
#3686=ORIENTED_EDGE('',*,*,#7028,.T.);
#3687=ORIENTED_EDGE('',*,*,#7031,.F.);
#3688=ORIENTED_EDGE('',*,*,#7032,.T.);
#3689=CARTESIAN_POINT('',(11.684,0.3556,0.9525));
#3690=DIRECTION('',(0.0,0.0,1.0));
#3691=DIRECTION('',(1.0,0.0,0.0));
#3692=SURFACE_STYLE_FILL_AREA(#7033);
#3693=ORIENTED_EDGE('',*,*,#7034,.F.);
#3694=ORIENTED_EDGE('',*,*,#7035,.T.);
#3695=ORIENTED_EDGE('',*,*,#7036,.F.);
#3696=ORIENTED_EDGE('',*,*,#7037,.T.);
#3697=CARTESIAN_POINT('',(11.684,0.3556,0.9525));
#3698=DIRECTION('',(0.0,0.0,1.0));
#3699=DIRECTION('',(1.0,0.0,0.0));
#3700=SURFACE_STYLE_FILL_AREA(#7038);
#3701=ORIENTED_EDGE('',*,*,#7039,.F.);
#3702=ORIENTED_EDGE('',*,*,#7040,.T.);
#3703=ORIENTED_EDGE('',*,*,#7041,.F.);
#3704=ORIENTED_EDGE('',*,*,#7026,.T.);
#3705=CARTESIAN_POINT('',(11.684,0.3556,1.5875));
#3706=DIRECTION('',(0.0,0.0,1.0));
#3707=DIRECTION('',(1.0,0.0,0.0));
#3708=SURFACE_STYLE_FILL_AREA(#7042);
#3709=ORIENTED_EDGE('',*,*,#7043,.F.);
#3710=ORIENTED_EDGE('',*,*,#7032,.F.);
#3711=ORIENTED_EDGE('',*,*,#7044,.F.);
#3712=ORIENTED_EDGE('',*,*,#7040,.F.);
#3713=CARTESIAN_POINT('',(12.0015,0.3556,1.27));
#3714=DIRECTION('',(-1.0,0.0,0.0));
#3715=DIRECTION('',(0.0,0.0,1.0));
#3716=SURFACE_STYLE_FILL_AREA(#7045);
#3717=ORIENTED_EDGE('',*,*,#7046,.F.);
#3718=ORIENTED_EDGE('',*,*,#7047,.F.);
#3719=ORIENTED_EDGE('',*,*,#7048,.F.);
#3720=ORIENTED_EDGE('',*,*,#7035,.F.);
#3721=CARTESIAN_POINT('',(12.0015,0.3556,1.27));
#3722=DIRECTION('',(-1.0,0.0,0.0));
#3723=DIRECTION('',(0.0,0.0,1.0));
#3724=SURFACE_STYLE_FILL_AREA(#7049);
#3725=ORIENTED_EDGE('',*,*,#7050,.F.);
#3726=ORIENTED_EDGE('',*,*,#7051,.F.);
#3727=ORIENTED_EDGE('',*,*,#7052,.F.);
#3728=ORIENTED_EDGE('',*,*,#7053,.F.);
#3729=ORIENTED_EDGE('',*,*,#7054,.F.);
#3730=ORIENTED_EDGE('',*,*,#7055,.F.);
#3731=ORIENTED_EDGE('',*,*,#6924,.F.);
#3732=ORIENTED_EDGE('',*,*,#6920,.F.);
#3733=ORIENTED_EDGE('',*,*,#7056,.F.);
#3734=ORIENTED_EDGE('',*,*,#7057,.F.);
#3735=ORIENTED_EDGE('',*,*,#7058,.F.);
#3736=ORIENTED_EDGE('',*,*,#7059,.F.);
#3737=CARTESIAN_POINT('',(11.6839768527237,2.47104847921772,1.397));
#3738=DIRECTION('',(0.0,0.0,1.0));
#3739=DIRECTION('',(1.0,0.0,0.0));
#3740=SURFACE_STYLE_FILL_AREA(#7060);
#3741=ORIENTED_EDGE('',*,*,#7061,.F.);
#3742=ORIENTED_EDGE('',*,*,#7062,.F.);
#3743=ORIENTED_EDGE('',*,*,#7063,.F.);
#3744=ORIENTED_EDGE('',*,*,#7064,.T.);
#3745=ORIENTED_EDGE('',*,*,#7065,.F.);
#3746=ORIENTED_EDGE('',*,*,#6918,.T.);
#3747=ORIENTED_EDGE('',*,*,#6923,.T.);
#3748=ORIENTED_EDGE('',*,*,#7066,.T.);
#3749=ORIENTED_EDGE('',*,*,#7067,.F.);
#3750=ORIENTED_EDGE('',*,*,#7068,.F.);
#3751=ORIENTED_EDGE('',*,*,#7069,.T.);
#3752=ORIENTED_EDGE('',*,*,#7070,.F.);
#3753=CARTESIAN_POINT('',(11.6839768527237,2.47104847921772,1.143));
#3754=DIRECTION('',(0.0,0.0,1.0));
#3755=DIRECTION('',(1.0,0.0,0.0));
#3756=SURFACE_STYLE_FILL_AREA(#7071);
#3757=ORIENTED_EDGE('',*,*,#7072,.T.);
#3758=ORIENTED_EDGE('',*,*,#7073,.T.);
#3759=ORIENTED_EDGE('',*,*,#7074,.T.);
#3760=ORIENTED_EDGE('',*,*,#7075,.T.);
#3761=CARTESIAN_POINT('',(11.3665,-9.8044,1.4859));
#3762=DIRECTION('',(-4.32978028117746E-17,-0.707106781186548,0.707106781186547));
#3763=DIRECTION('',(4.32978028117747E-17,-0.707106781186547,-0.707106781186548));
#3764=SURFACE_STYLE_FILL_AREA(#7076);
#3765=ORIENTED_EDGE('',*,*,#7077,.T.);
#3766=ORIENTED_EDGE('',*,*,#7078,.T.);
#3767=ORIENTED_EDGE('',*,*,#7079,.T.);
#3768=ORIENTED_EDGE('',*,*,#7036,.T.);
#3769=CARTESIAN_POINT('',(11.3665,-9.8044,1.0541));
#3770=DIRECTION('',(4.32978028117746E-17,-0.707106781186548,-0.707106781186547));
#3771=DIRECTION('',(4.32978028117747E-17,0.707106781186547,-0.707106781186548));
#3772=SURFACE_STYLE_FILL_AREA(#7080);
#3773=ORIENTED_EDGE('',*,*,#7075,.F.);
#3774=ORIENTED_EDGE('',*,*,#7081,.F.);
#3775=ORIENTED_EDGE('',*,*,#7078,.F.);
#3776=ORIENTED_EDGE('',*,*,#7082,.T.);
#3777=CARTESIAN_POINT('',(11.684,-9.906,0.9525));
#3778=DIRECTION('',(7.77058984864491E-15,-1.0,0.0));
#3779=DIRECTION('',(1.0,7.77058984864491E-15,0.0));
#3780=SURFACE_STYLE_FILL_AREA(#7083);
#3781=ORIENTED_EDGE('',*,*,#7074,.F.);
#3782=ORIENTED_EDGE('',*,*,#7084,.F.);
#3783=ORIENTED_EDGE('',*,*,#7079,.F.);
#3784=ORIENTED_EDGE('',*,*,#7081,.T.);
#3785=CARTESIAN_POINT('',(11.4681,-9.8044,0.9525));
#3786=DIRECTION('',(-0.707106781186547,-0.707106781186548,0.0));
#3787=DIRECTION('',(0.707106781186548,-0.707106781186547,0.0));
#3788=SURFACE_STYLE_FILL_AREA(#7085);
#3789=ORIENTED_EDGE('',*,*,#7072,.F.);
#3790=ORIENTED_EDGE('',*,*,#7082,.F.);
#3791=ORIENTED_EDGE('',*,*,#7077,.F.);
#3792=ORIENTED_EDGE('',*,*,#7048,.T.);
#3793=CARTESIAN_POINT('',(11.8999,-9.8044,0.9525));
#3794=DIRECTION('',(0.707106781186547,-0.707106781186548,0.0));
#3795=DIRECTION('',(0.707106781186548,0.707106781186547,0.0));
#3796=SURFACE_STYLE_FILL_AREA(#7086);
#3797=ORIENTED_EDGE('',*,*,#7087,.F.);
#3798=ORIENTED_EDGE('',*,*,#7037,.F.);
#3799=ORIENTED_EDGE('',*,*,#7084,.T.);
#3800=ORIENTED_EDGE('',*,*,#7088,.F.);
#3801=CARTESIAN_POINT('',(11.3665,0.3556,1.27));
#3802=DIRECTION('',(1.0,0.0,0.0));
#3803=DIRECTION('',(0.0,0.0,-1.0));
#3804=SURFACE_STYLE_FILL_AREA(#7089);
#3805=ORIENTED_EDGE('',*,*,#7090,.F.);
#3806=ORIENTED_EDGE('',*,*,#7088,.T.);
#3807=ORIENTED_EDGE('',*,*,#7073,.F.);
#3808=ORIENTED_EDGE('',*,*,#7047,.T.);
#3809=CARTESIAN_POINT('',(11.684,0.3556,1.5875));
#3810=DIRECTION('',(0.0,0.0,1.0));
#3811=DIRECTION('',(1.0,0.0,0.0));
#3812=SURFACE_STYLE_FILL_AREA(#7091);
#3813=ORIENTED_EDGE('',*,*,#7058,.T.);
#3814=ORIENTED_EDGE('',*,*,#7092,.F.);
#3815=ORIENTED_EDGE('',*,*,#7063,.T.);
#3816=ORIENTED_EDGE('',*,*,#7093,.F.);
#3817=CARTESIAN_POINT('',(11.34745,3.40317443852636,1.143));
#3818=DIRECTION('',(-0.994760053749085,0.102237153056592,0.0));
#3819=DIRECTION('',(-0.102237153056592,-0.994760053749085,0.0));
#3820=SURFACE_STYLE_FILL_AREA(#7094);
#3821=ORIENTED_EDGE('',*,*,#7057,.T.);
#3822=ORIENTED_EDGE('',*,*,#7095,.F.);
#3823=ORIENTED_EDGE('',*,*,#7064,.F.);
#3824=ORIENTED_EDGE('',*,*,#7092,.T.);
#3825=CARTESIAN_POINT('',(11.5824,4.96138522628063,1.143));
#3826=DIRECTION('',(0.866025403784433,0.500000000000011,0.0));
#3827=DIRECTION('',(-0.500000000000011,0.866025403784433,0.0));
#3828=SURFACE_STYLE_FILL_AREA(#7096);
#3829=ORIENTED_EDGE('',*,*,#7056,.T.);
#3830=ORIENTED_EDGE('',*,*,#6919,.F.);
#3831=ORIENTED_EDGE('',*,*,#7065,.T.);
#3832=ORIENTED_EDGE('',*,*,#7095,.T.);
#3833=CARTESIAN_POINT('',(11.5697962972878,3.16023198086842,1.143));
#3834=DIRECTION('',(0.998989004852543,-0.0449551797207582,0.0));
#3835=DIRECTION('',(0.0449551797207582,0.998989004852543,0.0));
#3836=SURFACE_STYLE_FILL_AREA(#7097);
#3837=ORIENTED_EDGE('',*,*,#6922,.T.);
#3838=ORIENTED_EDGE('',*,*,#7055,.T.);
#3839=ORIENTED_EDGE('',*,*,#7098,.F.);
#3840=ORIENTED_EDGE('',*,*,#7066,.F.);
#3841=CARTESIAN_POINT('',(11.684,1.46050000000002,1.143));
#3842=DIRECTION('',(0.0,0.0,1.0));
#3843=DIRECTION('',(1.0,0.0,0.0));
#3844=SURFACE_STYLE_FILL_AREA(#7099);
#3845=ORIENTED_EDGE('',*,*,#7054,.T.);
#3846=ORIENTED_EDGE('',*,*,#7100,.F.);
#3847=ORIENTED_EDGE('',*,*,#7067,.T.);
#3848=ORIENTED_EDGE('',*,*,#7098,.T.);
#3849=CARTESIAN_POINT('',(11.7979159758095,3.16449453823865,1.143));
#3850=DIRECTION('',(-0.998991554010469,-0.0448984968094593,0.0));
#3851=DIRECTION('',(0.0448984968094593,-0.998991554010469,0.0));
#3852=SURFACE_STYLE_FILL_AREA(#7101);
#3853=ORIENTED_EDGE('',*,*,#7053,.T.);
#3854=ORIENTED_EDGE('',*,*,#7102,.F.);
#3855=ORIENTED_EDGE('',*,*,#7068,.T.);
#3856=ORIENTED_EDGE('',*,*,#7100,.T.);
#3857=CARTESIAN_POINT('',(11.7856,4.96138522628063,1.143));
#3858=DIRECTION('',(-0.866025403784433,0.500000000000011,0.0));
#3859=DIRECTION('',(-0.500000000000011,-0.866025403784433,0.0));
#3860=SURFACE_STYLE_FILL_AREA(#7103);
#3861=ORIENTED_EDGE('',*,*,#7052,.T.);
#3862=ORIENTED_EDGE('',*,*,#7104,.F.);
#3863=ORIENTED_EDGE('',*,*,#7069,.F.);
#3864=ORIENTED_EDGE('',*,*,#7102,.T.);
#3865=CARTESIAN_POINT('',(12.02055,3.40317443852636,1.143));
#3866=DIRECTION('',(0.994760053749085,0.102237153056592,0.0));
#3867=DIRECTION('',(-0.102237153056592,0.994760053749085,0.0));
#3868=SURFACE_STYLE_FILL_AREA(#7105);
#3869=ORIENTED_EDGE('',*,*,#7059,.T.);
#3870=ORIENTED_EDGE('',*,*,#7093,.T.);
#3871=ORIENTED_EDGE('',*,*,#7062,.T.);
#3872=ORIENTED_EDGE('',*,*,#7106,.T.);
#3873=ORIENTED_EDGE('',*,*,#7107,.T.);
#3874=ORIENTED_EDGE('',*,*,#7108,.F.);
#3875=ORIENTED_EDGE('',*,*,#7109,.T.);
#3876=ORIENTED_EDGE('',*,*,#7110,.T.);
#3877=CARTESIAN_POINT('',(11.176,3.1115,1.27));
#3878=DIRECTION('',(1.0,0.0,0.0));
#3879=DIRECTION('',(0.0,0.0,-1.0));
#3880=SURFACE_STYLE_FILL_AREA(#7111);
#3881=ORIENTED_EDGE('',*,*,#7061,.T.);
#3882=ORIENTED_EDGE('',*,*,#7112,.T.);
#3883=ORIENTED_EDGE('',*,*,#7113,.T.);
#3884=ORIENTED_EDGE('',*,*,#7106,.F.);
#3885=CARTESIAN_POINT('',(11.684,1.143,1.27));
#3886=DIRECTION('',(0.0,1.0,0.0));
#3887=DIRECTION('',(0.0,0.0,1.0));
#3888=SURFACE_STYLE_FILL_AREA(#7114);
#3889=ORIENTED_EDGE('',*,*,#7115,.F.);
#3890=ORIENTED_EDGE('',*,*,#7116,.F.);
#3891=ORIENTED_EDGE('',*,*,#7117,.F.);
#3892=ORIENTED_EDGE('',*,*,#7118,.F.);
#3893=CARTESIAN_POINT('',(8.8265,0.3556,1.27));
#3894=DIRECTION('',(1.0,0.0,0.0));
#3895=DIRECTION('',(0.0,0.0,-1.0));
#3896=SURFACE_STYLE_FILL_AREA(#7119);
#3897=ORIENTED_EDGE('',*,*,#7120,.F.);
#3898=ORIENTED_EDGE('',*,*,#7118,.T.);
#3899=ORIENTED_EDGE('',*,*,#7121,.F.);
#3900=ORIENTED_EDGE('',*,*,#7122,.T.);
#3901=CARTESIAN_POINT('',(9.144,0.3556,0.9525));
#3902=DIRECTION('',(0.0,0.0,1.0));
#3903=DIRECTION('',(1.0,0.0,0.0));
#3904=SURFACE_STYLE_FILL_AREA(#7123);
#3905=ORIENTED_EDGE('',*,*,#7124,.F.);
#3906=ORIENTED_EDGE('',*,*,#7125,.T.);
#3907=ORIENTED_EDGE('',*,*,#7126,.F.);
#3908=ORIENTED_EDGE('',*,*,#7127,.T.);
#3909=CARTESIAN_POINT('',(9.144,0.3556,0.9525));
#3910=DIRECTION('',(0.0,0.0,1.0));
#3911=DIRECTION('',(1.0,0.0,0.0));
#3912=SURFACE_STYLE_FILL_AREA(#7128);
#3913=ORIENTED_EDGE('',*,*,#7129,.F.);
#3914=ORIENTED_EDGE('',*,*,#7130,.T.);
#3915=ORIENTED_EDGE('',*,*,#7131,.F.);
#3916=ORIENTED_EDGE('',*,*,#7116,.T.);
#3917=CARTESIAN_POINT('',(9.144,0.3556,1.5875));
#3918=DIRECTION('',(0.0,0.0,1.0));
#3919=DIRECTION('',(1.0,0.0,0.0));
#3920=SURFACE_STYLE_FILL_AREA(#7132);
#3921=ORIENTED_EDGE('',*,*,#7133,.F.);
#3922=ORIENTED_EDGE('',*,*,#7122,.F.);
#3923=ORIENTED_EDGE('',*,*,#7134,.F.);
#3924=ORIENTED_EDGE('',*,*,#7130,.F.);
#3925=CARTESIAN_POINT('',(9.4615,0.3556,1.27));
#3926=DIRECTION('',(-1.0,0.0,0.0));
#3927=DIRECTION('',(0.0,0.0,1.0));
#3928=SURFACE_STYLE_FILL_AREA(#7135);
#3929=ORIENTED_EDGE('',*,*,#7136,.F.);
#3930=ORIENTED_EDGE('',*,*,#7137,.F.);
#3931=ORIENTED_EDGE('',*,*,#7138,.F.);
#3932=ORIENTED_EDGE('',*,*,#7125,.F.);
#3933=CARTESIAN_POINT('',(9.4615,0.3556,1.27));
#3934=DIRECTION('',(-1.0,0.0,0.0));
#3935=DIRECTION('',(0.0,0.0,1.0));
#3936=SURFACE_STYLE_FILL_AREA(#7139);
#3937=ORIENTED_EDGE('',*,*,#7140,.F.);
#3938=ORIENTED_EDGE('',*,*,#7141,.F.);
#3939=ORIENTED_EDGE('',*,*,#7142,.F.);
#3940=ORIENTED_EDGE('',*,*,#7143,.F.);
#3941=ORIENTED_EDGE('',*,*,#7144,.F.);
#3942=ORIENTED_EDGE('',*,*,#7145,.F.);
#3943=ORIENTED_EDGE('',*,*,#6915,.F.);
#3944=ORIENTED_EDGE('',*,*,#6911,.F.);
#3945=ORIENTED_EDGE('',*,*,#7146,.F.);
#3946=ORIENTED_EDGE('',*,*,#7147,.F.);
#3947=ORIENTED_EDGE('',*,*,#7148,.F.);
#3948=ORIENTED_EDGE('',*,*,#7149,.F.);
#3949=CARTESIAN_POINT('',(9.14397685272369,2.47104847921772,1.397));
#3950=DIRECTION('',(0.0,0.0,1.0));
#3951=DIRECTION('',(1.0,0.0,0.0));
#3952=SURFACE_STYLE_FILL_AREA(#7150);
#3953=ORIENTED_EDGE('',*,*,#7151,.F.);
#3954=ORIENTED_EDGE('',*,*,#7152,.F.);
#3955=ORIENTED_EDGE('',*,*,#7153,.F.);
#3956=ORIENTED_EDGE('',*,*,#7154,.T.);
#3957=ORIENTED_EDGE('',*,*,#7155,.F.);
#3958=ORIENTED_EDGE('',*,*,#6909,.T.);
#3959=ORIENTED_EDGE('',*,*,#6914,.T.);
#3960=ORIENTED_EDGE('',*,*,#7156,.T.);
#3961=ORIENTED_EDGE('',*,*,#7157,.F.);
#3962=ORIENTED_EDGE('',*,*,#7158,.F.);
#3963=ORIENTED_EDGE('',*,*,#7159,.T.);
#3964=ORIENTED_EDGE('',*,*,#7160,.F.);
#3965=CARTESIAN_POINT('',(9.14397685272369,2.47104847921772,1.143));
#3966=DIRECTION('',(0.0,0.0,1.0));
#3967=DIRECTION('',(1.0,0.0,0.0));
#3968=SURFACE_STYLE_FILL_AREA(#7161);
#3969=ORIENTED_EDGE('',*,*,#7162,.T.);
#3970=ORIENTED_EDGE('',*,*,#7163,.T.);
#3971=ORIENTED_EDGE('',*,*,#7164,.T.);
#3972=ORIENTED_EDGE('',*,*,#7165,.T.);
#3973=CARTESIAN_POINT('',(8.8265,-9.8044,1.4859));
#3974=DIRECTION('',(-4.32978028117746E-17,-0.707106781186548,0.707106781186547));
#3975=DIRECTION('',(4.32978028117747E-17,-0.707106781186547,-0.707106781186548));
#3976=SURFACE_STYLE_FILL_AREA(#7166);
#3977=ORIENTED_EDGE('',*,*,#7167,.T.);
#3978=ORIENTED_EDGE('',*,*,#7168,.T.);
#3979=ORIENTED_EDGE('',*,*,#7169,.T.);
#3980=ORIENTED_EDGE('',*,*,#7126,.T.);
#3981=CARTESIAN_POINT('',(8.8265,-9.8044,1.0541));
#3982=DIRECTION('',(4.32978028117746E-17,-0.707106781186548,-0.707106781186547));
#3983=DIRECTION('',(4.32978028117747E-17,0.707106781186547,-0.707106781186548));
#3984=SURFACE_STYLE_FILL_AREA(#7170);
#3985=ORIENTED_EDGE('',*,*,#7165,.F.);
#3986=ORIENTED_EDGE('',*,*,#7171,.F.);
#3987=ORIENTED_EDGE('',*,*,#7168,.F.);
#3988=ORIENTED_EDGE('',*,*,#7172,.T.);
#3989=CARTESIAN_POINT('',(9.144,-9.906,0.9525));
#3990=DIRECTION('',(7.77058984864491E-15,-1.0,0.0));
#3991=DIRECTION('',(1.0,7.77058984864491E-15,0.0));
#3992=SURFACE_STYLE_FILL_AREA(#7173);
#3993=ORIENTED_EDGE('',*,*,#7164,.F.);
#3994=ORIENTED_EDGE('',*,*,#7174,.F.);
#3995=ORIENTED_EDGE('',*,*,#7169,.F.);
#3996=ORIENTED_EDGE('',*,*,#7171,.T.);
#3997=CARTESIAN_POINT('',(8.9281,-9.8044,0.9525));
#3998=DIRECTION('',(-0.707106781186547,-0.707106781186548,0.0));
#3999=DIRECTION('',(0.707106781186548,-0.707106781186547,0.0));
#4000=SURFACE_STYLE_FILL_AREA(#7175);
#4001=ORIENTED_EDGE('',*,*,#7162,.F.);
#4002=ORIENTED_EDGE('',*,*,#7172,.F.);
#4003=ORIENTED_EDGE('',*,*,#7167,.F.);
#4004=ORIENTED_EDGE('',*,*,#7138,.T.);
#4005=CARTESIAN_POINT('',(9.3599,-9.8044,0.9525));
#4006=DIRECTION('',(0.707106781186547,-0.707106781186548,0.0));
#4007=DIRECTION('',(0.707106781186548,0.707106781186547,0.0));
#4008=SURFACE_STYLE_FILL_AREA(#7176);
#4009=ORIENTED_EDGE('',*,*,#7177,.F.);
#4010=ORIENTED_EDGE('',*,*,#7127,.F.);
#4011=ORIENTED_EDGE('',*,*,#7174,.T.);
#4012=ORIENTED_EDGE('',*,*,#7178,.F.);
#4013=CARTESIAN_POINT('',(8.8265,0.3556,1.27));
#4014=DIRECTION('',(1.0,0.0,0.0));
#4015=DIRECTION('',(0.0,0.0,-1.0));
#4016=SURFACE_STYLE_FILL_AREA(#7179);
#4017=ORIENTED_EDGE('',*,*,#7180,.F.);
#4018=ORIENTED_EDGE('',*,*,#7178,.T.);
#4019=ORIENTED_EDGE('',*,*,#7163,.F.);
#4020=ORIENTED_EDGE('',*,*,#7137,.T.);
#4021=CARTESIAN_POINT('',(9.144,0.3556,1.5875));
#4022=DIRECTION('',(0.0,0.0,1.0));
#4023=DIRECTION('',(1.0,0.0,0.0));
#4024=SURFACE_STYLE_FILL_AREA(#7181);
#4025=ORIENTED_EDGE('',*,*,#7148,.T.);
#4026=ORIENTED_EDGE('',*,*,#7182,.F.);
#4027=ORIENTED_EDGE('',*,*,#7153,.T.);
#4028=ORIENTED_EDGE('',*,*,#7183,.F.);
#4029=CARTESIAN_POINT('',(8.80745,3.40317443852636,1.143));
#4030=DIRECTION('',(-0.994760053749085,0.102237153056592,0.0));
#4031=DIRECTION('',(-0.102237153056592,-0.994760053749085,0.0));
#4032=SURFACE_STYLE_FILL_AREA(#7184);
#4033=ORIENTED_EDGE('',*,*,#7147,.T.);
#4034=ORIENTED_EDGE('',*,*,#7185,.F.);
#4035=ORIENTED_EDGE('',*,*,#7154,.F.);
#4036=ORIENTED_EDGE('',*,*,#7182,.T.);
#4037=CARTESIAN_POINT('',(9.0424,4.96138522628063,1.143));
#4038=DIRECTION('',(0.866025403784433,0.500000000000011,0.0));
#4039=DIRECTION('',(-0.500000000000011,0.866025403784433,0.0));
#4040=SURFACE_STYLE_FILL_AREA(#7186);
#4041=ORIENTED_EDGE('',*,*,#7146,.T.);
#4042=ORIENTED_EDGE('',*,*,#6910,.F.);
#4043=ORIENTED_EDGE('',*,*,#7155,.T.);
#4044=ORIENTED_EDGE('',*,*,#7185,.T.);
#4045=CARTESIAN_POINT('',(9.0297962972878,3.16023198086842,1.143));
#4046=DIRECTION('',(0.998989004852543,-0.0449551797207582,0.0));
#4047=DIRECTION('',(0.0449551797207582,0.998989004852543,0.0));
#4048=SURFACE_STYLE_FILL_AREA(#7187);
#4049=ORIENTED_EDGE('',*,*,#6913,.T.);
#4050=ORIENTED_EDGE('',*,*,#7145,.T.);
#4051=ORIENTED_EDGE('',*,*,#7188,.F.);
#4052=ORIENTED_EDGE('',*,*,#7156,.F.);
#4053=CARTESIAN_POINT('',(9.144,1.46050000000002,1.143));
#4054=DIRECTION('',(0.0,0.0,1.0));
#4055=DIRECTION('',(1.0,0.0,0.0));
#4056=SURFACE_STYLE_FILL_AREA(#7189);
#4057=ORIENTED_EDGE('',*,*,#7144,.T.);
#4058=ORIENTED_EDGE('',*,*,#7190,.F.);
#4059=ORIENTED_EDGE('',*,*,#7157,.T.);
#4060=ORIENTED_EDGE('',*,*,#7188,.T.);
#4061=CARTESIAN_POINT('',(9.2579159758095,3.16449453823865,1.143));
#4062=DIRECTION('',(-0.998991554010469,-0.0448984968094593,0.0));
#4063=DIRECTION('',(0.0448984968094593,-0.998991554010469,0.0));
#4064=SURFACE_STYLE_FILL_AREA(#7191);
#4065=ORIENTED_EDGE('',*,*,#7143,.T.);
#4066=ORIENTED_EDGE('',*,*,#7192,.F.);
#4067=ORIENTED_EDGE('',*,*,#7158,.T.);
#4068=ORIENTED_EDGE('',*,*,#7190,.T.);
#4069=CARTESIAN_POINT('',(9.2456,4.96138522628063,1.143));
#4070=DIRECTION('',(-0.866025403784433,0.500000000000011,0.0));
#4071=DIRECTION('',(-0.500000000000011,-0.866025403784433,0.0));
#4072=SURFACE_STYLE_FILL_AREA(#7193);
#4073=ORIENTED_EDGE('',*,*,#7142,.T.);
#4074=ORIENTED_EDGE('',*,*,#7194,.F.);
#4075=ORIENTED_EDGE('',*,*,#7159,.F.);
#4076=ORIENTED_EDGE('',*,*,#7192,.T.);
#4077=CARTESIAN_POINT('',(9.48055,3.40317443852636,1.143));
#4078=DIRECTION('',(0.994760053749085,0.102237153056592,0.0));
#4079=DIRECTION('',(-0.102237153056592,0.994760053749085,0.0));
#4080=SURFACE_STYLE_FILL_AREA(#7195);
#4081=ORIENTED_EDGE('',*,*,#7149,.T.);
#4082=ORIENTED_EDGE('',*,*,#7183,.T.);
#4083=ORIENTED_EDGE('',*,*,#7152,.T.);
#4084=ORIENTED_EDGE('',*,*,#7196,.T.);
#4085=ORIENTED_EDGE('',*,*,#7197,.T.);
#4086=ORIENTED_EDGE('',*,*,#7198,.F.);
#4087=ORIENTED_EDGE('',*,*,#7199,.T.);
#4088=ORIENTED_EDGE('',*,*,#7200,.T.);
#4089=CARTESIAN_POINT('',(8.636,3.1115,1.27));
#4090=DIRECTION('',(1.0,0.0,0.0));
#4091=DIRECTION('',(0.0,0.0,-1.0));
#4092=SURFACE_STYLE_FILL_AREA(#7201);
#4093=ORIENTED_EDGE('',*,*,#7151,.T.);
#4094=ORIENTED_EDGE('',*,*,#7202,.T.);
#4095=ORIENTED_EDGE('',*,*,#7203,.T.);
#4096=ORIENTED_EDGE('',*,*,#7196,.F.);
#4097=CARTESIAN_POINT('',(9.144,1.143,1.27));
#4098=DIRECTION('',(0.0,1.0,0.0));
#4099=DIRECTION('',(0.0,0.0,1.0));
#4100=SURFACE_STYLE_FILL_AREA(#7204);
#4101=ORIENTED_EDGE('',*,*,#7205,.F.);
#4102=ORIENTED_EDGE('',*,*,#7206,.F.);
#4103=ORIENTED_EDGE('',*,*,#7207,.F.);
#4104=ORIENTED_EDGE('',*,*,#7208,.F.);
#4105=CARTESIAN_POINT('',(6.2865,0.3556,1.27));
#4106=DIRECTION('',(1.0,0.0,0.0));
#4107=DIRECTION('',(0.0,0.0,-1.0));
#4108=SURFACE_STYLE_FILL_AREA(#7209);
#4109=ORIENTED_EDGE('',*,*,#7210,.F.);
#4110=ORIENTED_EDGE('',*,*,#7208,.T.);
#4111=ORIENTED_EDGE('',*,*,#7211,.F.);
#4112=ORIENTED_EDGE('',*,*,#7212,.T.);
#4113=CARTESIAN_POINT('',(6.604,0.3556,0.9525));
#4114=DIRECTION('',(0.0,0.0,1.0));
#4115=DIRECTION('',(1.0,0.0,0.0));
#4116=SURFACE_STYLE_FILL_AREA(#7213);
#4117=ORIENTED_EDGE('',*,*,#7214,.F.);
#4118=ORIENTED_EDGE('',*,*,#7215,.T.);
#4119=ORIENTED_EDGE('',*,*,#7216,.F.);
#4120=ORIENTED_EDGE('',*,*,#7217,.T.);
#4121=CARTESIAN_POINT('',(6.604,0.3556,0.9525));
#4122=DIRECTION('',(0.0,0.0,1.0));
#4123=DIRECTION('',(1.0,0.0,0.0));
#4124=SURFACE_STYLE_FILL_AREA(#7218);
#4125=ORIENTED_EDGE('',*,*,#7219,.F.);
#4126=ORIENTED_EDGE('',*,*,#7220,.T.);
#4127=ORIENTED_EDGE('',*,*,#7221,.F.);
#4128=ORIENTED_EDGE('',*,*,#7206,.T.);
#4129=CARTESIAN_POINT('',(6.604,0.3556,1.5875));
#4130=DIRECTION('',(0.0,0.0,1.0));
#4131=DIRECTION('',(1.0,0.0,0.0));
#4132=SURFACE_STYLE_FILL_AREA(#7222);
#4133=ORIENTED_EDGE('',*,*,#7223,.F.);
#4134=ORIENTED_EDGE('',*,*,#7212,.F.);
#4135=ORIENTED_EDGE('',*,*,#7224,.F.);
#4136=ORIENTED_EDGE('',*,*,#7220,.F.);
#4137=CARTESIAN_POINT('',(6.9215,0.3556,1.27));
#4138=DIRECTION('',(-1.0,0.0,0.0));
#4139=DIRECTION('',(0.0,0.0,1.0));
#4140=SURFACE_STYLE_FILL_AREA(#7225);
#4141=ORIENTED_EDGE('',*,*,#7226,.F.);
#4142=ORIENTED_EDGE('',*,*,#7227,.F.);
#4143=ORIENTED_EDGE('',*,*,#7228,.F.);
#4144=ORIENTED_EDGE('',*,*,#7215,.F.);
#4145=CARTESIAN_POINT('',(6.9215,0.3556,1.27));
#4146=DIRECTION('',(-1.0,0.0,0.0));
#4147=DIRECTION('',(0.0,0.0,1.0));
#4148=SURFACE_STYLE_FILL_AREA(#7229);
#4149=ORIENTED_EDGE('',*,*,#7230,.F.);
#4150=ORIENTED_EDGE('',*,*,#7231,.F.);
#4151=ORIENTED_EDGE('',*,*,#7232,.F.);
#4152=ORIENTED_EDGE('',*,*,#7233,.F.);
#4153=ORIENTED_EDGE('',*,*,#7234,.F.);
#4154=ORIENTED_EDGE('',*,*,#7235,.F.);
#4155=ORIENTED_EDGE('',*,*,#6906,.F.);
#4156=ORIENTED_EDGE('',*,*,#6902,.F.);
#4157=ORIENTED_EDGE('',*,*,#7236,.F.);
#4158=ORIENTED_EDGE('',*,*,#7237,.F.);
#4159=ORIENTED_EDGE('',*,*,#7238,.F.);
#4160=ORIENTED_EDGE('',*,*,#7239,.F.);
#4161=CARTESIAN_POINT('',(6.60397685272369,2.47104847921772,1.397));
#4162=DIRECTION('',(0.0,0.0,1.0));
#4163=DIRECTION('',(1.0,0.0,0.0));
#4164=SURFACE_STYLE_FILL_AREA(#7240);
#4165=ORIENTED_EDGE('',*,*,#7241,.F.);
#4166=ORIENTED_EDGE('',*,*,#7242,.F.);
#4167=ORIENTED_EDGE('',*,*,#7243,.F.);
#4168=ORIENTED_EDGE('',*,*,#7244,.T.);
#4169=ORIENTED_EDGE('',*,*,#7245,.F.);
#4170=ORIENTED_EDGE('',*,*,#6900,.T.);
#4171=ORIENTED_EDGE('',*,*,#6905,.T.);
#4172=ORIENTED_EDGE('',*,*,#7246,.T.);
#4173=ORIENTED_EDGE('',*,*,#7247,.F.);
#4174=ORIENTED_EDGE('',*,*,#7248,.F.);
#4175=ORIENTED_EDGE('',*,*,#7249,.T.);
#4176=ORIENTED_EDGE('',*,*,#7250,.F.);
#4177=CARTESIAN_POINT('',(6.60397685272369,2.47104847921772,1.143));
#4178=DIRECTION('',(0.0,0.0,1.0));
#4179=DIRECTION('',(1.0,0.0,0.0));
#4180=SURFACE_STYLE_FILL_AREA(#7251);
#4181=ORIENTED_EDGE('',*,*,#7252,.T.);
#4182=ORIENTED_EDGE('',*,*,#7253,.T.);
#4183=ORIENTED_EDGE('',*,*,#7254,.T.);
#4184=ORIENTED_EDGE('',*,*,#7255,.T.);
#4185=CARTESIAN_POINT('',(6.2865,-9.8044,1.4859));
#4186=DIRECTION('',(-4.32978028117746E-17,-0.707106781186548,0.707106781186547));
#4187=DIRECTION('',(4.32978028117747E-17,-0.707106781186547,-0.707106781186548));
#4188=SURFACE_STYLE_FILL_AREA(#7256);
#4189=ORIENTED_EDGE('',*,*,#7257,.T.);
#4190=ORIENTED_EDGE('',*,*,#7258,.T.);
#4191=ORIENTED_EDGE('',*,*,#7259,.T.);
#4192=ORIENTED_EDGE('',*,*,#7216,.T.);
#4193=CARTESIAN_POINT('',(6.2865,-9.8044,1.0541));
#4194=DIRECTION('',(4.32978028117746E-17,-0.707106781186548,-0.707106781186547));
#4195=DIRECTION('',(4.32978028117747E-17,0.707106781186547,-0.707106781186548));
#4196=SURFACE_STYLE_FILL_AREA(#7260);
#4197=ORIENTED_EDGE('',*,*,#7255,.F.);
#4198=ORIENTED_EDGE('',*,*,#7261,.F.);
#4199=ORIENTED_EDGE('',*,*,#7258,.F.);
#4200=ORIENTED_EDGE('',*,*,#7262,.T.);
#4201=CARTESIAN_POINT('',(6.604,-9.906,0.9525));
#4202=DIRECTION('',(7.77058984864491E-15,-1.0,0.0));
#4203=DIRECTION('',(1.0,7.77058984864491E-15,0.0));
#4204=SURFACE_STYLE_FILL_AREA(#7263);
#4205=ORIENTED_EDGE('',*,*,#7254,.F.);
#4206=ORIENTED_EDGE('',*,*,#7264,.F.);
#4207=ORIENTED_EDGE('',*,*,#7259,.F.);
#4208=ORIENTED_EDGE('',*,*,#7261,.T.);
#4209=CARTESIAN_POINT('',(6.3881,-9.8044,0.9525));
#4210=DIRECTION('',(-0.707106781186547,-0.707106781186548,0.0));
#4211=DIRECTION('',(0.707106781186548,-0.707106781186547,0.0));
#4212=SURFACE_STYLE_FILL_AREA(#7265);
#4213=ORIENTED_EDGE('',*,*,#7252,.F.);
#4214=ORIENTED_EDGE('',*,*,#7262,.F.);
#4215=ORIENTED_EDGE('',*,*,#7257,.F.);
#4216=ORIENTED_EDGE('',*,*,#7228,.T.);
#4217=CARTESIAN_POINT('',(6.8199,-9.8044,0.9525));
#4218=DIRECTION('',(0.707106781186547,-0.707106781186548,0.0));
#4219=DIRECTION('',(0.707106781186548,0.707106781186547,0.0));
#4220=SURFACE_STYLE_FILL_AREA(#7266);
#4221=ORIENTED_EDGE('',*,*,#7267,.F.);
#4222=ORIENTED_EDGE('',*,*,#7217,.F.);
#4223=ORIENTED_EDGE('',*,*,#7264,.T.);
#4224=ORIENTED_EDGE('',*,*,#7268,.F.);
#4225=CARTESIAN_POINT('',(6.2865,0.3556,1.27));
#4226=DIRECTION('',(1.0,0.0,0.0));
#4227=DIRECTION('',(0.0,0.0,-1.0));
#4228=SURFACE_STYLE_FILL_AREA(#7269);
#4229=ORIENTED_EDGE('',*,*,#7270,.F.);
#4230=ORIENTED_EDGE('',*,*,#7268,.T.);
#4231=ORIENTED_EDGE('',*,*,#7253,.F.);
#4232=ORIENTED_EDGE('',*,*,#7227,.T.);
#4233=CARTESIAN_POINT('',(6.604,0.3556,1.5875));
#4234=DIRECTION('',(0.0,0.0,1.0));
#4235=DIRECTION('',(1.0,0.0,0.0));
#4236=SURFACE_STYLE_FILL_AREA(#7271);
#4237=ORIENTED_EDGE('',*,*,#7238,.T.);
#4238=ORIENTED_EDGE('',*,*,#7272,.F.);
#4239=ORIENTED_EDGE('',*,*,#7243,.T.);
#4240=ORIENTED_EDGE('',*,*,#7273,.F.);
#4241=CARTESIAN_POINT('',(6.26745,3.40317443852636,1.143));
#4242=DIRECTION('',(-0.994760053749085,0.102237153056592,0.0));
#4243=DIRECTION('',(-0.102237153056592,-0.994760053749085,0.0));
#4244=SURFACE_STYLE_FILL_AREA(#7274);
#4245=ORIENTED_EDGE('',*,*,#7237,.T.);
#4246=ORIENTED_EDGE('',*,*,#7275,.F.);
#4247=ORIENTED_EDGE('',*,*,#7244,.F.);
#4248=ORIENTED_EDGE('',*,*,#7272,.T.);
#4249=CARTESIAN_POINT('',(6.5024,4.96138522628063,1.143));
#4250=DIRECTION('',(0.866025403784433,0.500000000000011,0.0));
#4251=DIRECTION('',(-0.500000000000011,0.866025403784433,0.0));
#4252=SURFACE_STYLE_FILL_AREA(#7276);
#4253=ORIENTED_EDGE('',*,*,#7236,.T.);
#4254=ORIENTED_EDGE('',*,*,#6901,.F.);
#4255=ORIENTED_EDGE('',*,*,#7245,.T.);
#4256=ORIENTED_EDGE('',*,*,#7275,.T.);
#4257=CARTESIAN_POINT('',(6.48979629728779,3.16023198086842,1.143));
#4258=DIRECTION('',(0.998989004852543,-0.0449551797207582,0.0));
#4259=DIRECTION('',(0.0449551797207582,0.998989004852543,0.0));
#4260=SURFACE_STYLE_FILL_AREA(#7277);
#4261=ORIENTED_EDGE('',*,*,#6904,.T.);
#4262=ORIENTED_EDGE('',*,*,#7235,.T.);
#4263=ORIENTED_EDGE('',*,*,#7278,.F.);
#4264=ORIENTED_EDGE('',*,*,#7246,.F.);
#4265=CARTESIAN_POINT('',(6.604,1.46050000000002,1.143));
#4266=DIRECTION('',(0.0,0.0,1.0));
#4267=DIRECTION('',(1.0,0.0,0.0));
#4268=SURFACE_STYLE_FILL_AREA(#7279);
#4269=ORIENTED_EDGE('',*,*,#7234,.T.);
#4270=ORIENTED_EDGE('',*,*,#7280,.F.);
#4271=ORIENTED_EDGE('',*,*,#7247,.T.);
#4272=ORIENTED_EDGE('',*,*,#7278,.T.);
#4273=CARTESIAN_POINT('',(6.7179159758095,3.16449453823865,1.143));
#4274=DIRECTION('',(-0.998991554010469,-0.0448984968094593,0.0));
#4275=DIRECTION('',(0.0448984968094593,-0.998991554010469,0.0));
#4276=SURFACE_STYLE_FILL_AREA(#7281);
#4277=ORIENTED_EDGE('',*,*,#7233,.T.);
#4278=ORIENTED_EDGE('',*,*,#7282,.F.);
#4279=ORIENTED_EDGE('',*,*,#7248,.T.);
#4280=ORIENTED_EDGE('',*,*,#7280,.T.);
#4281=CARTESIAN_POINT('',(6.7056,4.96138522628063,1.143));
#4282=DIRECTION('',(-0.866025403784433,0.500000000000011,0.0));
#4283=DIRECTION('',(-0.500000000000011,-0.866025403784433,0.0));
#4284=SURFACE_STYLE_FILL_AREA(#7283);
#4285=ORIENTED_EDGE('',*,*,#7232,.T.);
#4286=ORIENTED_EDGE('',*,*,#7284,.F.);
#4287=ORIENTED_EDGE('',*,*,#7249,.F.);
#4288=ORIENTED_EDGE('',*,*,#7282,.T.);
#4289=CARTESIAN_POINT('',(6.94055,3.40317443852636,1.143));
#4290=DIRECTION('',(0.994760053749085,0.102237153056592,0.0));
#4291=DIRECTION('',(-0.102237153056592,0.994760053749085,0.0));
#4292=SURFACE_STYLE_FILL_AREA(#7285);
#4293=ORIENTED_EDGE('',*,*,#7239,.T.);
#4294=ORIENTED_EDGE('',*,*,#7273,.T.);
#4295=ORIENTED_EDGE('',*,*,#7242,.T.);
#4296=ORIENTED_EDGE('',*,*,#7286,.T.);
#4297=ORIENTED_EDGE('',*,*,#7287,.T.);
#4298=ORIENTED_EDGE('',*,*,#7288,.F.);
#4299=ORIENTED_EDGE('',*,*,#7289,.T.);
#4300=ORIENTED_EDGE('',*,*,#7290,.T.);
#4301=CARTESIAN_POINT('',(6.096,3.1115,1.27));
#4302=DIRECTION('',(1.0,0.0,0.0));
#4303=DIRECTION('',(0.0,0.0,-1.0));
#4304=SURFACE_STYLE_FILL_AREA(#7291);
#4305=ORIENTED_EDGE('',*,*,#7241,.T.);
#4306=ORIENTED_EDGE('',*,*,#7292,.T.);
#4307=ORIENTED_EDGE('',*,*,#7293,.T.);
#4308=ORIENTED_EDGE('',*,*,#7286,.F.);
#4309=CARTESIAN_POINT('',(6.604,1.143,1.27));
#4310=DIRECTION('',(0.0,1.0,0.0));
#4311=DIRECTION('',(0.0,0.0,1.0));
#4312=SURFACE_STYLE_FILL_AREA(#7294);
#4313=ORIENTED_EDGE('',*,*,#7295,.F.);
#4314=ORIENTED_EDGE('',*,*,#7296,.F.);
#4315=ORIENTED_EDGE('',*,*,#7297,.F.);
#4316=ORIENTED_EDGE('',*,*,#7298,.F.);
#4317=CARTESIAN_POINT('',(3.7465,0.3556,1.27));
#4318=DIRECTION('',(1.0,0.0,0.0));
#4319=DIRECTION('',(0.0,0.0,-1.0));
#4320=SURFACE_STYLE_FILL_AREA(#7299);
#4321=ORIENTED_EDGE('',*,*,#7300,.F.);
#4322=ORIENTED_EDGE('',*,*,#7298,.T.);
#4323=ORIENTED_EDGE('',*,*,#7301,.F.);
#4324=ORIENTED_EDGE('',*,*,#7302,.T.);
#4325=CARTESIAN_POINT('',(4.064,0.3556,0.9525));
#4326=DIRECTION('',(0.0,0.0,1.0));
#4327=DIRECTION('',(1.0,0.0,0.0));
#4328=SURFACE_STYLE_FILL_AREA(#7303);
#4329=ORIENTED_EDGE('',*,*,#7304,.F.);
#4330=ORIENTED_EDGE('',*,*,#7305,.T.);
#4331=ORIENTED_EDGE('',*,*,#7306,.F.);
#4332=ORIENTED_EDGE('',*,*,#7307,.T.);
#4333=CARTESIAN_POINT('',(4.064,0.3556,0.9525));
#4334=DIRECTION('',(0.0,0.0,1.0));
#4335=DIRECTION('',(1.0,0.0,0.0));
#4336=SURFACE_STYLE_FILL_AREA(#7308);
#4337=ORIENTED_EDGE('',*,*,#7309,.F.);
#4338=ORIENTED_EDGE('',*,*,#7310,.T.);
#4339=ORIENTED_EDGE('',*,*,#7311,.F.);
#4340=ORIENTED_EDGE('',*,*,#7296,.T.);
#4341=CARTESIAN_POINT('',(4.064,0.3556,1.5875));
#4342=DIRECTION('',(0.0,0.0,1.0));
#4343=DIRECTION('',(1.0,0.0,0.0));
#4344=SURFACE_STYLE_FILL_AREA(#7312);
#4345=ORIENTED_EDGE('',*,*,#7313,.F.);
#4346=ORIENTED_EDGE('',*,*,#7302,.F.);
#4347=ORIENTED_EDGE('',*,*,#7314,.F.);
#4348=ORIENTED_EDGE('',*,*,#7310,.F.);
#4349=CARTESIAN_POINT('',(4.3815,0.3556,1.27));
#4350=DIRECTION('',(-1.0,0.0,0.0));
#4351=DIRECTION('',(0.0,0.0,1.0));
#4352=SURFACE_STYLE_FILL_AREA(#7315);
#4353=ORIENTED_EDGE('',*,*,#7316,.F.);
#4354=ORIENTED_EDGE('',*,*,#7317,.F.);
#4355=ORIENTED_EDGE('',*,*,#7318,.F.);
#4356=ORIENTED_EDGE('',*,*,#7305,.F.);
#4357=CARTESIAN_POINT('',(4.3815,0.3556,1.27));
#4358=DIRECTION('',(-1.0,0.0,0.0));
#4359=DIRECTION('',(0.0,0.0,1.0));
#4360=SURFACE_STYLE_FILL_AREA(#7319);
#4361=ORIENTED_EDGE('',*,*,#7320,.F.);
#4362=ORIENTED_EDGE('',*,*,#7321,.F.);
#4363=ORIENTED_EDGE('',*,*,#7322,.F.);
#4364=ORIENTED_EDGE('',*,*,#7323,.F.);
#4365=ORIENTED_EDGE('',*,*,#7324,.F.);
#4366=ORIENTED_EDGE('',*,*,#7325,.F.);
#4367=ORIENTED_EDGE('',*,*,#6897,.F.);
#4368=ORIENTED_EDGE('',*,*,#6893,.F.);
#4369=ORIENTED_EDGE('',*,*,#7326,.F.);
#4370=ORIENTED_EDGE('',*,*,#7327,.F.);
#4371=ORIENTED_EDGE('',*,*,#7328,.F.);
#4372=ORIENTED_EDGE('',*,*,#7329,.F.);
#4373=CARTESIAN_POINT('',(4.06397685272369,2.47104847921772,1.397));
#4374=DIRECTION('',(0.0,0.0,1.0));
#4375=DIRECTION('',(1.0,0.0,0.0));
#4376=SURFACE_STYLE_FILL_AREA(#7330);
#4377=ORIENTED_EDGE('',*,*,#7331,.F.);
#4378=ORIENTED_EDGE('',*,*,#7332,.F.);
#4379=ORIENTED_EDGE('',*,*,#7333,.F.);
#4380=ORIENTED_EDGE('',*,*,#7334,.T.);
#4381=ORIENTED_EDGE('',*,*,#7335,.F.);
#4382=ORIENTED_EDGE('',*,*,#6891,.T.);
#4383=ORIENTED_EDGE('',*,*,#6896,.T.);
#4384=ORIENTED_EDGE('',*,*,#7336,.T.);
#4385=ORIENTED_EDGE('',*,*,#7337,.F.);
#4386=ORIENTED_EDGE('',*,*,#7338,.F.);
#4387=ORIENTED_EDGE('',*,*,#7339,.T.);
#4388=ORIENTED_EDGE('',*,*,#7340,.F.);
#4389=CARTESIAN_POINT('',(4.06397685272369,2.47104847921772,1.143));
#4390=DIRECTION('',(0.0,0.0,1.0));
#4391=DIRECTION('',(1.0,0.0,0.0));
#4392=SURFACE_STYLE_FILL_AREA(#7341);
#4393=ORIENTED_EDGE('',*,*,#7342,.T.);
#4394=ORIENTED_EDGE('',*,*,#7343,.T.);
#4395=ORIENTED_EDGE('',*,*,#7344,.T.);
#4396=ORIENTED_EDGE('',*,*,#7345,.T.);
#4397=CARTESIAN_POINT('',(3.7465,-9.8044,1.4859));
#4398=DIRECTION('',(-4.32978028117746E-17,-0.707106781186548,0.707106781186547));
#4399=DIRECTION('',(4.32978028117747E-17,-0.707106781186547,-0.707106781186548));
#4400=SURFACE_STYLE_FILL_AREA(#7346);
#4401=ORIENTED_EDGE('',*,*,#7347,.T.);
#4402=ORIENTED_EDGE('',*,*,#7348,.T.);
#4403=ORIENTED_EDGE('',*,*,#7349,.T.);
#4404=ORIENTED_EDGE('',*,*,#7306,.T.);
#4405=CARTESIAN_POINT('',(3.7465,-9.8044,1.0541));
#4406=DIRECTION('',(4.32978028117746E-17,-0.707106781186548,-0.707106781186547));
#4407=DIRECTION('',(4.32978028117747E-17,0.707106781186547,-0.707106781186548));
#4408=SURFACE_STYLE_FILL_AREA(#7350);
#4409=ORIENTED_EDGE('',*,*,#7345,.F.);
#4410=ORIENTED_EDGE('',*,*,#7351,.F.);
#4411=ORIENTED_EDGE('',*,*,#7348,.F.);
#4412=ORIENTED_EDGE('',*,*,#7352,.T.);
#4413=CARTESIAN_POINT('',(4.064,-9.906,0.9525));
#4414=DIRECTION('',(7.77058984864491E-15,-1.0,0.0));
#4415=DIRECTION('',(1.0,7.77058984864491E-15,0.0));
#4416=SURFACE_STYLE_FILL_AREA(#7353);
#4417=ORIENTED_EDGE('',*,*,#7344,.F.);
#4418=ORIENTED_EDGE('',*,*,#7354,.F.);
#4419=ORIENTED_EDGE('',*,*,#7349,.F.);
#4420=ORIENTED_EDGE('',*,*,#7351,.T.);
#4421=CARTESIAN_POINT('',(3.8481,-9.8044,0.9525));
#4422=DIRECTION('',(-0.707106781186547,-0.707106781186548,0.0));
#4423=DIRECTION('',(0.707106781186548,-0.707106781186547,0.0));
#4424=SURFACE_STYLE_FILL_AREA(#7355);
#4425=ORIENTED_EDGE('',*,*,#7342,.F.);
#4426=ORIENTED_EDGE('',*,*,#7352,.F.);
#4427=ORIENTED_EDGE('',*,*,#7347,.F.);
#4428=ORIENTED_EDGE('',*,*,#7318,.T.);
#4429=CARTESIAN_POINT('',(4.2799,-9.8044,0.9525));
#4430=DIRECTION('',(0.707106781186547,-0.707106781186548,0.0));
#4431=DIRECTION('',(0.707106781186548,0.707106781186547,0.0));
#4432=SURFACE_STYLE_FILL_AREA(#7356);
#4433=ORIENTED_EDGE('',*,*,#7357,.F.);
#4434=ORIENTED_EDGE('',*,*,#7307,.F.);
#4435=ORIENTED_EDGE('',*,*,#7354,.T.);
#4436=ORIENTED_EDGE('',*,*,#7358,.F.);
#4437=CARTESIAN_POINT('',(3.7465,0.3556,1.27));
#4438=DIRECTION('',(1.0,0.0,0.0));
#4439=DIRECTION('',(0.0,0.0,-1.0));
#4440=SURFACE_STYLE_FILL_AREA(#7359);
#4441=ORIENTED_EDGE('',*,*,#7360,.F.);
#4442=ORIENTED_EDGE('',*,*,#7358,.T.);
#4443=ORIENTED_EDGE('',*,*,#7343,.F.);
#4444=ORIENTED_EDGE('',*,*,#7317,.T.);
#4445=CARTESIAN_POINT('',(4.064,0.3556,1.5875));
#4446=DIRECTION('',(0.0,0.0,1.0));
#4447=DIRECTION('',(1.0,0.0,0.0));
#4448=SURFACE_STYLE_FILL_AREA(#7361);
#4449=ORIENTED_EDGE('',*,*,#7328,.T.);
#4450=ORIENTED_EDGE('',*,*,#7362,.F.);
#4451=ORIENTED_EDGE('',*,*,#7333,.T.);
#4452=ORIENTED_EDGE('',*,*,#7363,.F.);
#4453=CARTESIAN_POINT('',(3.72745,3.40317443852636,1.143));
#4454=DIRECTION('',(-0.994760053749085,0.102237153056592,0.0));
#4455=DIRECTION('',(-0.102237153056592,-0.994760053749085,0.0));
#4456=SURFACE_STYLE_FILL_AREA(#7364);
#4457=ORIENTED_EDGE('',*,*,#7327,.T.);
#4458=ORIENTED_EDGE('',*,*,#7365,.F.);
#4459=ORIENTED_EDGE('',*,*,#7334,.F.);
#4460=ORIENTED_EDGE('',*,*,#7362,.T.);
#4461=CARTESIAN_POINT('',(3.9624,4.96138522628063,1.143));
#4462=DIRECTION('',(0.866025403784433,0.500000000000011,0.0));
#4463=DIRECTION('',(-0.500000000000011,0.866025403784433,0.0));
#4464=SURFACE_STYLE_FILL_AREA(#7366);
#4465=ORIENTED_EDGE('',*,*,#7326,.T.);
#4466=ORIENTED_EDGE('',*,*,#6892,.F.);
#4467=ORIENTED_EDGE('',*,*,#7335,.T.);
#4468=ORIENTED_EDGE('',*,*,#7365,.T.);
#4469=CARTESIAN_POINT('',(3.94979629728779,3.16023198086842,1.143));
#4470=DIRECTION('',(0.998989004852543,-0.0449551797207582,0.0));
#4471=DIRECTION('',(0.0449551797207582,0.998989004852543,0.0));
#4472=SURFACE_STYLE_FILL_AREA(#7367);
#4473=ORIENTED_EDGE('',*,*,#6895,.T.);
#4474=ORIENTED_EDGE('',*,*,#7325,.T.);
#4475=ORIENTED_EDGE('',*,*,#7368,.F.);
#4476=ORIENTED_EDGE('',*,*,#7336,.F.);
#4477=CARTESIAN_POINT('',(4.064,1.46050000000002,1.143));
#4478=DIRECTION('',(0.0,0.0,1.0));
#4479=DIRECTION('',(1.0,0.0,0.0));
#4480=SURFACE_STYLE_FILL_AREA(#7369);
#4481=ORIENTED_EDGE('',*,*,#7324,.T.);
#4482=ORIENTED_EDGE('',*,*,#7370,.F.);
#4483=ORIENTED_EDGE('',*,*,#7337,.T.);
#4484=ORIENTED_EDGE('',*,*,#7368,.T.);
#4485=CARTESIAN_POINT('',(4.1779159758095,3.16449453823865,1.143));
#4486=DIRECTION('',(-0.998991554010469,-0.0448984968094593,0.0));
#4487=DIRECTION('',(0.0448984968094593,-0.998991554010469,0.0));
#4488=SURFACE_STYLE_FILL_AREA(#7371);
#4489=ORIENTED_EDGE('',*,*,#7323,.T.);
#4490=ORIENTED_EDGE('',*,*,#7372,.F.);
#4491=ORIENTED_EDGE('',*,*,#7338,.T.);
#4492=ORIENTED_EDGE('',*,*,#7370,.T.);
#4493=CARTESIAN_POINT('',(4.1656,4.96138522628063,1.143));
#4494=DIRECTION('',(-0.866025403784433,0.500000000000011,0.0));
#4495=DIRECTION('',(-0.500000000000011,-0.866025403784433,0.0));
#4496=SURFACE_STYLE_FILL_AREA(#7373);
#4497=ORIENTED_EDGE('',*,*,#7322,.T.);
#4498=ORIENTED_EDGE('',*,*,#7374,.F.);
#4499=ORIENTED_EDGE('',*,*,#7339,.F.);
#4500=ORIENTED_EDGE('',*,*,#7372,.T.);
#4501=CARTESIAN_POINT('',(4.40055,3.40317443852636,1.143));
#4502=DIRECTION('',(0.994760053749085,0.102237153056592,0.0));
#4503=DIRECTION('',(-0.102237153056592,0.994760053749085,0.0));
#4504=SURFACE_STYLE_FILL_AREA(#7375);
#4505=ORIENTED_EDGE('',*,*,#7329,.T.);
#4506=ORIENTED_EDGE('',*,*,#7363,.T.);
#4507=ORIENTED_EDGE('',*,*,#7332,.T.);
#4508=ORIENTED_EDGE('',*,*,#7376,.T.);
#4509=ORIENTED_EDGE('',*,*,#7377,.T.);
#4510=ORIENTED_EDGE('',*,*,#7378,.F.);
#4511=ORIENTED_EDGE('',*,*,#7379,.T.);
#4512=ORIENTED_EDGE('',*,*,#7380,.T.);
#4513=CARTESIAN_POINT('',(3.556,3.1115,1.27));
#4514=DIRECTION('',(1.0,0.0,0.0));
#4515=DIRECTION('',(0.0,0.0,-1.0));
#4516=SURFACE_STYLE_FILL_AREA(#7381);
#4517=ORIENTED_EDGE('',*,*,#7331,.T.);
#4518=ORIENTED_EDGE('',*,*,#7382,.T.);
#4519=ORIENTED_EDGE('',*,*,#7383,.T.);
#4520=ORIENTED_EDGE('',*,*,#7376,.F.);
#4521=CARTESIAN_POINT('',(4.064,1.143,1.27));
#4522=DIRECTION('',(0.0,1.0,0.0));
#4523=DIRECTION('',(0.0,0.0,1.0));
#4524=SURFACE_STYLE_FILL_AREA(#7384);
#4525=ORIENTED_EDGE('',*,*,#7385,.F.);
#4526=ORIENTED_EDGE('',*,*,#7386,.F.);
#4527=ORIENTED_EDGE('',*,*,#7387,.F.);
#4528=ORIENTED_EDGE('',*,*,#7388,.F.);
#4529=CARTESIAN_POINT('',(1.2065,0.3556,1.27));
#4530=DIRECTION('',(1.0,0.0,0.0));
#4531=DIRECTION('',(0.0,0.0,-1.0));
#4532=SURFACE_STYLE_FILL_AREA(#7389);
#4533=ORIENTED_EDGE('',*,*,#7390,.F.);
#4534=ORIENTED_EDGE('',*,*,#7388,.T.);
#4535=ORIENTED_EDGE('',*,*,#7391,.F.);
#4536=ORIENTED_EDGE('',*,*,#7392,.T.);
#4537=CARTESIAN_POINT('',(1.524,0.3556,0.9525));
#4538=DIRECTION('',(0.0,0.0,1.0));
#4539=DIRECTION('',(1.0,0.0,0.0));
#4540=SURFACE_STYLE_FILL_AREA(#7393);
#4541=ORIENTED_EDGE('',*,*,#7394,.F.);
#4542=ORIENTED_EDGE('',*,*,#7395,.T.);
#4543=ORIENTED_EDGE('',*,*,#7396,.F.);
#4544=ORIENTED_EDGE('',*,*,#7397,.T.);
#4545=CARTESIAN_POINT('',(1.524,0.3556,0.9525));
#4546=DIRECTION('',(0.0,0.0,1.0));
#4547=DIRECTION('',(1.0,0.0,0.0));
#4548=SURFACE_STYLE_FILL_AREA(#7398);
#4549=ORIENTED_EDGE('',*,*,#7399,.F.);
#4550=ORIENTED_EDGE('',*,*,#7400,.T.);
#4551=ORIENTED_EDGE('',*,*,#7401,.F.);
#4552=ORIENTED_EDGE('',*,*,#7386,.T.);
#4553=CARTESIAN_POINT('',(1.524,0.3556,1.5875));
#4554=DIRECTION('',(0.0,0.0,1.0));
#4555=DIRECTION('',(1.0,0.0,0.0));
#4556=SURFACE_STYLE_FILL_AREA(#7402);
#4557=ORIENTED_EDGE('',*,*,#7403,.F.);
#4558=ORIENTED_EDGE('',*,*,#7392,.F.);
#4559=ORIENTED_EDGE('',*,*,#7404,.F.);
#4560=ORIENTED_EDGE('',*,*,#7400,.F.);
#4561=CARTESIAN_POINT('',(1.8415,0.3556,1.27));
#4562=DIRECTION('',(-1.0,0.0,0.0));
#4563=DIRECTION('',(0.0,0.0,1.0));
#4564=SURFACE_STYLE_FILL_AREA(#7405);
#4565=ORIENTED_EDGE('',*,*,#7406,.F.);
#4566=ORIENTED_EDGE('',*,*,#7407,.F.);
#4567=ORIENTED_EDGE('',*,*,#7408,.F.);
#4568=ORIENTED_EDGE('',*,*,#7395,.F.);
#4569=CARTESIAN_POINT('',(1.8415,0.3556,1.27));
#4570=DIRECTION('',(-1.0,0.0,0.0));
#4571=DIRECTION('',(0.0,0.0,1.0));
#4572=SURFACE_STYLE_FILL_AREA(#7409);
#4573=ORIENTED_EDGE('',*,*,#7410,.F.);
#4574=ORIENTED_EDGE('',*,*,#7411,.F.);
#4575=ORIENTED_EDGE('',*,*,#7412,.F.);
#4576=ORIENTED_EDGE('',*,*,#7413,.F.);
#4577=ORIENTED_EDGE('',*,*,#7414,.F.);
#4578=ORIENTED_EDGE('',*,*,#7415,.F.);
#4579=ORIENTED_EDGE('',*,*,#6888,.F.);
#4580=ORIENTED_EDGE('',*,*,#6884,.F.);
#4581=ORIENTED_EDGE('',*,*,#7416,.F.);
#4582=ORIENTED_EDGE('',*,*,#7417,.F.);
#4583=ORIENTED_EDGE('',*,*,#7418,.F.);
#4584=ORIENTED_EDGE('',*,*,#7419,.F.);
#4585=CARTESIAN_POINT('',(1.52397685272369,2.47104847921772,1.397));
#4586=DIRECTION('',(0.0,0.0,1.0));
#4587=DIRECTION('',(1.0,0.0,0.0));
#4588=SURFACE_STYLE_FILL_AREA(#7420);
#4589=ORIENTED_EDGE('',*,*,#7421,.F.);
#4590=ORIENTED_EDGE('',*,*,#7422,.F.);
#4591=ORIENTED_EDGE('',*,*,#7423,.F.);
#4592=ORIENTED_EDGE('',*,*,#7424,.T.);
#4593=ORIENTED_EDGE('',*,*,#7425,.F.);
#4594=ORIENTED_EDGE('',*,*,#6882,.T.);
#4595=ORIENTED_EDGE('',*,*,#6887,.T.);
#4596=ORIENTED_EDGE('',*,*,#7426,.T.);
#4597=ORIENTED_EDGE('',*,*,#7427,.F.);
#4598=ORIENTED_EDGE('',*,*,#7428,.F.);
#4599=ORIENTED_EDGE('',*,*,#7429,.T.);
#4600=ORIENTED_EDGE('',*,*,#7430,.F.);
#4601=CARTESIAN_POINT('',(1.52397685272369,2.47104847921772,1.143));
#4602=DIRECTION('',(0.0,0.0,1.0));
#4603=DIRECTION('',(1.0,0.0,0.0));
#4604=SURFACE_STYLE_FILL_AREA(#7431);
#4605=ORIENTED_EDGE('',*,*,#7432,.T.);
#4606=ORIENTED_EDGE('',*,*,#7433,.T.);
#4607=ORIENTED_EDGE('',*,*,#7434,.T.);
#4608=ORIENTED_EDGE('',*,*,#7435,.T.);
#4609=CARTESIAN_POINT('',(1.2065,-9.8044,1.4859));
#4610=DIRECTION('',(-4.32978028117746E-17,-0.707106781186548,0.707106781186547));
#4611=DIRECTION('',(4.32978028117747E-17,-0.707106781186547,-0.707106781186548));
#4612=SURFACE_STYLE_FILL_AREA(#7436);
#4613=ORIENTED_EDGE('',*,*,#7437,.T.);
#4614=ORIENTED_EDGE('',*,*,#7438,.T.);
#4615=ORIENTED_EDGE('',*,*,#7439,.T.);
#4616=ORIENTED_EDGE('',*,*,#7396,.T.);
#4617=CARTESIAN_POINT('',(1.2065,-9.8044,1.0541));
#4618=DIRECTION('',(4.32978028117746E-17,-0.707106781186548,-0.707106781186547));
#4619=DIRECTION('',(4.32978028117747E-17,0.707106781186547,-0.707106781186548));
#4620=SURFACE_STYLE_FILL_AREA(#7440);
#4621=ORIENTED_EDGE('',*,*,#7435,.F.);
#4622=ORIENTED_EDGE('',*,*,#7441,.F.);
#4623=ORIENTED_EDGE('',*,*,#7438,.F.);
#4624=ORIENTED_EDGE('',*,*,#7442,.T.);
#4625=CARTESIAN_POINT('',(1.524,-9.906,0.9525));
#4626=DIRECTION('',(7.77058984864491E-15,-1.0,0.0));
#4627=DIRECTION('',(1.0,7.77058984864491E-15,0.0));
#4628=SURFACE_STYLE_FILL_AREA(#7443);
#4629=ORIENTED_EDGE('',*,*,#7434,.F.);
#4630=ORIENTED_EDGE('',*,*,#7444,.F.);
#4631=ORIENTED_EDGE('',*,*,#7439,.F.);
#4632=ORIENTED_EDGE('',*,*,#7441,.T.);
#4633=CARTESIAN_POINT('',(1.3081,-9.8044,0.9525));
#4634=DIRECTION('',(-0.707106781186547,-0.707106781186548,0.0));
#4635=DIRECTION('',(0.707106781186548,-0.707106781186547,0.0));
#4636=SURFACE_STYLE_FILL_AREA(#7445);
#4637=ORIENTED_EDGE('',*,*,#7432,.F.);
#4638=ORIENTED_EDGE('',*,*,#7442,.F.);
#4639=ORIENTED_EDGE('',*,*,#7437,.F.);
#4640=ORIENTED_EDGE('',*,*,#7408,.T.);
#4641=CARTESIAN_POINT('',(1.7399,-9.8044,0.9525));
#4642=DIRECTION('',(0.707106781186547,-0.707106781186548,0.0));
#4643=DIRECTION('',(0.707106781186548,0.707106781186547,0.0));
#4644=SURFACE_STYLE_FILL_AREA(#7446);
#4645=ORIENTED_EDGE('',*,*,#7447,.F.);
#4646=ORIENTED_EDGE('',*,*,#7397,.F.);
#4647=ORIENTED_EDGE('',*,*,#7444,.T.);
#4648=ORIENTED_EDGE('',*,*,#7448,.F.);
#4649=CARTESIAN_POINT('',(1.2065,0.3556,1.27));
#4650=DIRECTION('',(1.0,0.0,0.0));
#4651=DIRECTION('',(0.0,0.0,-1.0));
#4652=SURFACE_STYLE_FILL_AREA(#7449);
#4653=ORIENTED_EDGE('',*,*,#7450,.F.);
#4654=ORIENTED_EDGE('',*,*,#7448,.T.);
#4655=ORIENTED_EDGE('',*,*,#7433,.F.);
#4656=ORIENTED_EDGE('',*,*,#7407,.T.);
#4657=CARTESIAN_POINT('',(1.524,0.3556,1.5875));
#4658=DIRECTION('',(0.0,0.0,1.0));
#4659=DIRECTION('',(1.0,0.0,0.0));
#4660=SURFACE_STYLE_FILL_AREA(#7451);
#4661=ORIENTED_EDGE('',*,*,#7418,.T.);
#4662=ORIENTED_EDGE('',*,*,#7452,.F.);
#4663=ORIENTED_EDGE('',*,*,#7423,.T.);
#4664=ORIENTED_EDGE('',*,*,#7453,.F.);
#4665=CARTESIAN_POINT('',(1.18745,3.40317443852636,1.143));
#4666=DIRECTION('',(-0.994760053749085,0.102237153056592,0.0));
#4667=DIRECTION('',(-0.102237153056592,-0.994760053749085,0.0));
#4668=SURFACE_STYLE_FILL_AREA(#7454);
#4669=ORIENTED_EDGE('',*,*,#7417,.T.);
#4670=ORIENTED_EDGE('',*,*,#7455,.F.);
#4671=ORIENTED_EDGE('',*,*,#7424,.F.);
#4672=ORIENTED_EDGE('',*,*,#7452,.T.);
#4673=CARTESIAN_POINT('',(1.4224,4.96138522628063,1.143));
#4674=DIRECTION('',(0.866025403784433,0.500000000000011,0.0));
#4675=DIRECTION('',(-0.500000000000011,0.866025403784433,0.0));
#4676=SURFACE_STYLE_FILL_AREA(#7456);
#4677=ORIENTED_EDGE('',*,*,#7416,.T.);
#4678=ORIENTED_EDGE('',*,*,#6883,.F.);
#4679=ORIENTED_EDGE('',*,*,#7425,.T.);
#4680=ORIENTED_EDGE('',*,*,#7455,.T.);
#4681=CARTESIAN_POINT('',(1.40979629728779,3.16023198086842,1.143));
#4682=DIRECTION('',(0.998989004852543,-0.0449551797207582,0.0));
#4683=DIRECTION('',(0.0449551797207582,0.998989004852543,0.0));
#4684=SURFACE_STYLE_FILL_AREA(#7457);
#4685=ORIENTED_EDGE('',*,*,#6886,.T.);
#4686=ORIENTED_EDGE('',*,*,#7415,.T.);
#4687=ORIENTED_EDGE('',*,*,#7458,.F.);
#4688=ORIENTED_EDGE('',*,*,#7426,.F.);
#4689=CARTESIAN_POINT('',(1.524,1.46050000000002,1.143));
#4690=DIRECTION('',(0.0,0.0,1.0));
#4691=DIRECTION('',(1.0,0.0,0.0));
#4692=SURFACE_STYLE_FILL_AREA(#7459);
#4693=ORIENTED_EDGE('',*,*,#7414,.T.);
#4694=ORIENTED_EDGE('',*,*,#7460,.F.);
#4695=ORIENTED_EDGE('',*,*,#7427,.T.);
#4696=ORIENTED_EDGE('',*,*,#7458,.T.);
#4697=CARTESIAN_POINT('',(1.6379159758095,3.16449453823865,1.143));
#4698=DIRECTION('',(-0.998991554010469,-0.0448984968094593,0.0));
#4699=DIRECTION('',(0.0448984968094593,-0.998991554010469,0.0));
#4700=SURFACE_STYLE_FILL_AREA(#7461);
#4701=ORIENTED_EDGE('',*,*,#7413,.T.);
#4702=ORIENTED_EDGE('',*,*,#7462,.F.);
#4703=ORIENTED_EDGE('',*,*,#7428,.T.);
#4704=ORIENTED_EDGE('',*,*,#7460,.T.);
#4705=CARTESIAN_POINT('',(1.6256,4.96138522628063,1.143));
#4706=DIRECTION('',(-0.866025403784433,0.500000000000011,0.0));
#4707=DIRECTION('',(-0.500000000000011,-0.866025403784433,0.0));
#4708=SURFACE_STYLE_FILL_AREA(#7463);
#4709=ORIENTED_EDGE('',*,*,#7412,.T.);
#4710=ORIENTED_EDGE('',*,*,#7464,.F.);
#4711=ORIENTED_EDGE('',*,*,#7429,.F.);
#4712=ORIENTED_EDGE('',*,*,#7462,.T.);
#4713=CARTESIAN_POINT('',(1.86055,3.40317443852636,1.143));
#4714=DIRECTION('',(0.994760053749085,0.102237153056592,0.0));
#4715=DIRECTION('',(-0.102237153056592,0.994760053749085,0.0));
#4716=SURFACE_STYLE_FILL_AREA(#7465);
#4717=ORIENTED_EDGE('',*,*,#7419,.T.);
#4718=ORIENTED_EDGE('',*,*,#7453,.T.);
#4719=ORIENTED_EDGE('',*,*,#7422,.T.);
#4720=ORIENTED_EDGE('',*,*,#7466,.T.);
#4721=ORIENTED_EDGE('',*,*,#7467,.T.);
#4722=ORIENTED_EDGE('',*,*,#7468,.F.);
#4723=ORIENTED_EDGE('',*,*,#7469,.T.);
#4724=ORIENTED_EDGE('',*,*,#7470,.T.);
#4725=CARTESIAN_POINT('',(1.016,3.1115,1.27));
#4726=DIRECTION('',(1.0,0.0,0.0));
#4727=DIRECTION('',(0.0,0.0,-1.0));
#4728=SURFACE_STYLE_FILL_AREA(#7471);
#4729=ORIENTED_EDGE('',*,*,#7421,.T.);
#4730=ORIENTED_EDGE('',*,*,#7472,.T.);
#4731=ORIENTED_EDGE('',*,*,#7473,.T.);
#4732=ORIENTED_EDGE('',*,*,#7466,.F.);
#4733=CARTESIAN_POINT('',(1.524,1.143,1.27));
#4734=DIRECTION('',(0.0,1.0,0.0));
#4735=DIRECTION('',(0.0,0.0,1.0));
#4736=SURFACE_STYLE_FILL_AREA(#7474);
#4737=ORIENTED_EDGE('',*,*,#7475,.F.);
#4738=ORIENTED_EDGE('',*,*,#7476,.F.);
#4739=ORIENTED_EDGE('',*,*,#7477,.F.);
#4740=ORIENTED_EDGE('',*,*,#7478,.F.);
#4741=CARTESIAN_POINT('',(14.224,6.7945,0.889));
#4742=DIRECTION('',(0.0,0.0,1.0));
#4743=DIRECTION('',(1.0,0.0,0.0));
#4744=SURFACE_STYLE_FILL_AREA(#7479);
#4745=ORIENTED_EDGE('',*,*,#7480,.F.);
#4746=ORIENTED_EDGE('',*,*,#7478,.T.);
#4747=ORIENTED_EDGE('',*,*,#7481,.F.);
#4748=ORIENTED_EDGE('',*,*,#7482,.T.);
#4749=CARTESIAN_POINT('',(14.605,6.7945,1.27));
#4750=DIRECTION('',(-1.0,0.0,0.0));
#4751=DIRECTION('',(0.0,0.0,1.0));
#4752=SURFACE_STYLE_FILL_AREA(#7483);
#4753=ORIENTED_EDGE('',*,*,#7484,.F.);
#4754=ORIENTED_EDGE('',*,*,#7485,.T.);
#4755=ORIENTED_EDGE('',*,*,#7018,.T.);
#4756=ORIENTED_EDGE('',*,*,#7486,.T.);
#4757=ORIENTED_EDGE('',*,*,#7477,.T.);
#4758=ORIENTED_EDGE('',*,*,#7487,.T.);
#4759=ORIENTED_EDGE('',*,*,#7488,.T.);
#4760=ORIENTED_EDGE('',*,*,#7481,.T.);
#4761=CARTESIAN_POINT('',(14.224,5.08,1.27));
#4762=DIRECTION('',(0.0,-1.0,0.0));
#4763=DIRECTION('',(0.0,0.0,-1.0));
#4764=SURFACE_STYLE_FILL_AREA(#7489);
#4765=ORIENTED_EDGE('',*,*,#7490,.F.);
#4766=ORIENTED_EDGE('',*,*,#7491,.F.);
#4767=ORIENTED_EDGE('',*,*,#7019,.F.);
#4768=ORIENTED_EDGE('',*,*,#7485,.F.);
#4769=CARTESIAN_POINT('',(14.224,3.1115,1.778));
#4770=DIRECTION('',(0.0,0.0,1.0));
#4771=DIRECTION('',(1.0,0.0,0.0));
#4772=SURFACE_STYLE_FILL_AREA(#7492);
#4773=ORIENTED_EDGE('',*,*,#7493,.F.);
#4774=ORIENTED_EDGE('',*,*,#7486,.F.);
#4775=ORIENTED_EDGE('',*,*,#7017,.F.);
#4776=ORIENTED_EDGE('',*,*,#7023,.F.);
#4777=CARTESIAN_POINT('',(14.224,3.1115,0.762));
#4778=DIRECTION('',(0.0,0.0,1.0));
#4779=DIRECTION('',(1.0,0.0,0.0));
#4780=SURFACE_STYLE_FILL_AREA(#7494);
#4781=ORIENTED_EDGE('',*,*,#6960,.T.);
#4782=ORIENTED_EDGE('',*,*,#7020,.F.);
#4783=ORIENTED_EDGE('',*,*,#7491,.T.);
#4784=ORIENTED_EDGE('',*,*,#7495,.T.);
#4785=CARTESIAN_POINT('',(14.224,1.143,1.27));
#4786=DIRECTION('',(0.0,1.0,0.0));
#4787=DIRECTION('',(0.0,0.0,1.0));
#4788=SURFACE_STYLE_FILL_AREA(#7496);
#4789=ORIENTED_EDGE('',*,*,#6961,.T.);
#4790=ORIENTED_EDGE('',*,*,#7495,.F.);
#4791=ORIENTED_EDGE('',*,*,#7490,.T.);
#4792=ORIENTED_EDGE('',*,*,#7484,.T.);
#4793=ORIENTED_EDGE('',*,*,#7493,.T.);
#4794=ORIENTED_EDGE('',*,*,#7022,.F.);
#4795=ORIENTED_EDGE('',*,*,#6980,.T.);
#4796=ORIENTED_EDGE('',*,*,#7014,.T.);
#4797=CARTESIAN_POINT('',(14.732,3.1115,1.27));
#4798=DIRECTION('',(-1.0,0.0,0.0));
#4799=DIRECTION('',(0.0,0.0,1.0));
#4800=SURFACE_STYLE_FILL_AREA(#7497);
#4801=ORIENTED_EDGE('',*,*,#7498,.F.);
#4802=ORIENTED_EDGE('',*,*,#7482,.F.);
#4803=ORIENTED_EDGE('',*,*,#7488,.F.);
#4804=ORIENTED_EDGE('',*,*,#7499,.F.);
#4805=CARTESIAN_POINT('',(14.224,6.7945,1.651));
#4806=DIRECTION('',(0.0,0.0,1.0));
#4807=DIRECTION('',(1.0,0.0,0.0));
#4808=SURFACE_STYLE_FILL_AREA(#7500);
#4809=ORIENTED_EDGE('',*,*,#7501,.F.);
#4810=ORIENTED_EDGE('',*,*,#7499,.T.);
#4811=ORIENTED_EDGE('',*,*,#7487,.F.);
#4812=ORIENTED_EDGE('',*,*,#7476,.T.);
#4813=CARTESIAN_POINT('',(13.843,6.7945,1.27));
#4814=DIRECTION('',(1.0,0.0,0.0));
#4815=DIRECTION('',(0.0,0.0,-1.0));
#4816=SURFACE_STYLE_FILL_AREA(#7502);
#4817=ORIENTED_EDGE('',*,*,#7503,.F.);
#4818=ORIENTED_EDGE('',*,*,#7504,.F.);
#4819=ORIENTED_EDGE('',*,*,#7505,.F.);
#4820=ORIENTED_EDGE('',*,*,#7506,.F.);
#4821=CARTESIAN_POINT('',(11.684,6.7945,0.889));
#4822=DIRECTION('',(0.0,0.0,1.0));
#4823=DIRECTION('',(1.0,0.0,0.0));
#4824=SURFACE_STYLE_FILL_AREA(#7507);
#4825=ORIENTED_EDGE('',*,*,#7508,.F.);
#4826=ORIENTED_EDGE('',*,*,#7506,.T.);
#4827=ORIENTED_EDGE('',*,*,#7509,.F.);
#4828=ORIENTED_EDGE('',*,*,#7510,.T.);
#4829=CARTESIAN_POINT('',(12.065,6.7945,1.27));
#4830=DIRECTION('',(-1.0,0.0,0.0));
#4831=DIRECTION('',(0.0,0.0,1.0));
#4832=SURFACE_STYLE_FILL_AREA(#7511);
#4833=ORIENTED_EDGE('',*,*,#7512,.F.);
#4834=ORIENTED_EDGE('',*,*,#7513,.T.);
#4835=ORIENTED_EDGE('',*,*,#7108,.T.);
#4836=ORIENTED_EDGE('',*,*,#7514,.T.);
#4837=ORIENTED_EDGE('',*,*,#7505,.T.);
#4838=ORIENTED_EDGE('',*,*,#7515,.T.);
#4839=ORIENTED_EDGE('',*,*,#7516,.T.);
#4840=ORIENTED_EDGE('',*,*,#7509,.T.);
#4841=CARTESIAN_POINT('',(11.684,5.08,1.27));
#4842=DIRECTION('',(0.0,-1.0,0.0));
#4843=DIRECTION('',(0.0,0.0,-1.0));
#4844=SURFACE_STYLE_FILL_AREA(#7517);
#4845=ORIENTED_EDGE('',*,*,#7518,.F.);
#4846=ORIENTED_EDGE('',*,*,#7519,.F.);
#4847=ORIENTED_EDGE('',*,*,#7109,.F.);
#4848=ORIENTED_EDGE('',*,*,#7513,.F.);
#4849=CARTESIAN_POINT('',(11.684,3.1115,1.778));
#4850=DIRECTION('',(0.0,0.0,1.0));
#4851=DIRECTION('',(1.0,0.0,0.0));
#4852=SURFACE_STYLE_FILL_AREA(#7520);
#4853=ORIENTED_EDGE('',*,*,#7521,.F.);
#4854=ORIENTED_EDGE('',*,*,#7514,.F.);
#4855=ORIENTED_EDGE('',*,*,#7107,.F.);
#4856=ORIENTED_EDGE('',*,*,#7113,.F.);
#4857=CARTESIAN_POINT('',(11.684,3.1115,0.762));
#4858=DIRECTION('',(0.0,0.0,1.0));
#4859=DIRECTION('',(1.0,0.0,0.0));
#4860=SURFACE_STYLE_FILL_AREA(#7522);
#4861=ORIENTED_EDGE('',*,*,#7050,.T.);
#4862=ORIENTED_EDGE('',*,*,#7110,.F.);
#4863=ORIENTED_EDGE('',*,*,#7519,.T.);
#4864=ORIENTED_EDGE('',*,*,#7523,.T.);
#4865=CARTESIAN_POINT('',(11.684,1.143,1.27));
#4866=DIRECTION('',(0.0,1.0,0.0));
#4867=DIRECTION('',(0.0,0.0,1.0));
#4868=SURFACE_STYLE_FILL_AREA(#7524);
#4869=ORIENTED_EDGE('',*,*,#7051,.T.);
#4870=ORIENTED_EDGE('',*,*,#7523,.F.);
#4871=ORIENTED_EDGE('',*,*,#7518,.T.);
#4872=ORIENTED_EDGE('',*,*,#7512,.T.);
#4873=ORIENTED_EDGE('',*,*,#7521,.T.);
#4874=ORIENTED_EDGE('',*,*,#7112,.F.);
#4875=ORIENTED_EDGE('',*,*,#7070,.T.);
#4876=ORIENTED_EDGE('',*,*,#7104,.T.);
#4877=CARTESIAN_POINT('',(12.192,3.1115,1.27));
#4878=DIRECTION('',(-1.0,0.0,0.0));
#4879=DIRECTION('',(0.0,0.0,1.0));
#4880=SURFACE_STYLE_FILL_AREA(#7525);
#4881=ORIENTED_EDGE('',*,*,#7526,.F.);
#4882=ORIENTED_EDGE('',*,*,#7510,.F.);
#4883=ORIENTED_EDGE('',*,*,#7516,.F.);
#4884=ORIENTED_EDGE('',*,*,#7527,.F.);
#4885=CARTESIAN_POINT('',(11.684,6.7945,1.651));
#4886=DIRECTION('',(0.0,0.0,1.0));
#4887=DIRECTION('',(1.0,0.0,0.0));
#4888=SURFACE_STYLE_FILL_AREA(#7528);
#4889=ORIENTED_EDGE('',*,*,#7529,.F.);
#4890=ORIENTED_EDGE('',*,*,#7527,.T.);
#4891=ORIENTED_EDGE('',*,*,#7515,.F.);
#4892=ORIENTED_EDGE('',*,*,#7504,.T.);
#4893=CARTESIAN_POINT('',(11.303,6.7945,1.27));
#4894=DIRECTION('',(1.0,0.0,0.0));
#4895=DIRECTION('',(0.0,0.0,-1.0));
#4896=SURFACE_STYLE_FILL_AREA(#7530);
#4897=ORIENTED_EDGE('',*,*,#7531,.F.);
#4898=ORIENTED_EDGE('',*,*,#7532,.F.);
#4899=ORIENTED_EDGE('',*,*,#7533,.F.);
#4900=ORIENTED_EDGE('',*,*,#7534,.F.);
#4901=CARTESIAN_POINT('',(9.144,6.7945,0.889));
#4902=DIRECTION('',(0.0,0.0,1.0));
#4903=DIRECTION('',(1.0,0.0,0.0));
#4904=SURFACE_STYLE_FILL_AREA(#7535);
#4905=ORIENTED_EDGE('',*,*,#7536,.F.);
#4906=ORIENTED_EDGE('',*,*,#7534,.T.);
#4907=ORIENTED_EDGE('',*,*,#7537,.F.);
#4908=ORIENTED_EDGE('',*,*,#7538,.T.);
#4909=CARTESIAN_POINT('',(9.525,6.7945,1.27));
#4910=DIRECTION('',(-1.0,0.0,0.0));
#4911=DIRECTION('',(0.0,0.0,1.0));
#4912=SURFACE_STYLE_FILL_AREA(#7539);
#4913=ORIENTED_EDGE('',*,*,#7540,.F.);
#4914=ORIENTED_EDGE('',*,*,#7541,.T.);
#4915=ORIENTED_EDGE('',*,*,#7198,.T.);
#4916=ORIENTED_EDGE('',*,*,#7542,.T.);
#4917=ORIENTED_EDGE('',*,*,#7533,.T.);
#4918=ORIENTED_EDGE('',*,*,#7543,.T.);
#4919=ORIENTED_EDGE('',*,*,#7544,.T.);
#4920=ORIENTED_EDGE('',*,*,#7537,.T.);
#4921=CARTESIAN_POINT('',(9.144,5.08,1.27));
#4922=DIRECTION('',(0.0,-1.0,0.0));
#4923=DIRECTION('',(0.0,0.0,-1.0));
#4924=SURFACE_STYLE_FILL_AREA(#7545);
#4925=ORIENTED_EDGE('',*,*,#7546,.F.);
#4926=ORIENTED_EDGE('',*,*,#7547,.F.);
#4927=ORIENTED_EDGE('',*,*,#7199,.F.);
#4928=ORIENTED_EDGE('',*,*,#7541,.F.);
#4929=CARTESIAN_POINT('',(9.144,3.1115,1.778));
#4930=DIRECTION('',(0.0,0.0,1.0));
#4931=DIRECTION('',(1.0,0.0,0.0));
#4932=SURFACE_STYLE_FILL_AREA(#7548);
#4933=ORIENTED_EDGE('',*,*,#7549,.F.);
#4934=ORIENTED_EDGE('',*,*,#7542,.F.);
#4935=ORIENTED_EDGE('',*,*,#7197,.F.);
#4936=ORIENTED_EDGE('',*,*,#7203,.F.);
#4937=CARTESIAN_POINT('',(9.144,3.1115,0.762));
#4938=DIRECTION('',(0.0,0.0,1.0));
#4939=DIRECTION('',(1.0,0.0,0.0));
#4940=SURFACE_STYLE_FILL_AREA(#7550);
#4941=ORIENTED_EDGE('',*,*,#7140,.T.);
#4942=ORIENTED_EDGE('',*,*,#7200,.F.);
#4943=ORIENTED_EDGE('',*,*,#7547,.T.);
#4944=ORIENTED_EDGE('',*,*,#7551,.T.);
#4945=CARTESIAN_POINT('',(9.144,1.143,1.27));
#4946=DIRECTION('',(0.0,1.0,0.0));
#4947=DIRECTION('',(0.0,0.0,1.0));
#4948=SURFACE_STYLE_FILL_AREA(#7552);
#4949=ORIENTED_EDGE('',*,*,#7141,.T.);
#4950=ORIENTED_EDGE('',*,*,#7551,.F.);
#4951=ORIENTED_EDGE('',*,*,#7546,.T.);
#4952=ORIENTED_EDGE('',*,*,#7540,.T.);
#4953=ORIENTED_EDGE('',*,*,#7549,.T.);
#4954=ORIENTED_EDGE('',*,*,#7202,.F.);
#4955=ORIENTED_EDGE('',*,*,#7160,.T.);
#4956=ORIENTED_EDGE('',*,*,#7194,.T.);
#4957=CARTESIAN_POINT('',(9.652,3.1115,1.27));
#4958=DIRECTION('',(-1.0,0.0,0.0));
#4959=DIRECTION('',(0.0,0.0,1.0));
#4960=SURFACE_STYLE_FILL_AREA(#7553);
#4961=ORIENTED_EDGE('',*,*,#7554,.F.);
#4962=ORIENTED_EDGE('',*,*,#7538,.F.);
#4963=ORIENTED_EDGE('',*,*,#7544,.F.);
#4964=ORIENTED_EDGE('',*,*,#7555,.F.);
#4965=CARTESIAN_POINT('',(9.144,6.7945,1.651));
#4966=DIRECTION('',(0.0,0.0,1.0));
#4967=DIRECTION('',(1.0,0.0,0.0));
#4968=SURFACE_STYLE_FILL_AREA(#7556);
#4969=ORIENTED_EDGE('',*,*,#7557,.F.);
#4970=ORIENTED_EDGE('',*,*,#7555,.T.);
#4971=ORIENTED_EDGE('',*,*,#7543,.F.);
#4972=ORIENTED_EDGE('',*,*,#7532,.T.);
#4973=CARTESIAN_POINT('',(8.763,6.7945,1.27));
#4974=DIRECTION('',(1.0,0.0,0.0));
#4975=DIRECTION('',(0.0,0.0,-1.0));
#4976=SURFACE_STYLE_FILL_AREA(#7558);
#4977=ORIENTED_EDGE('',*,*,#7559,.F.);
#4978=ORIENTED_EDGE('',*,*,#7560,.F.);
#4979=ORIENTED_EDGE('',*,*,#7561,.F.);
#4980=ORIENTED_EDGE('',*,*,#7562,.F.);
#4981=CARTESIAN_POINT('',(6.604,6.7945,0.889));
#4982=DIRECTION('',(0.0,0.0,1.0));
#4983=DIRECTION('',(1.0,0.0,0.0));
#4984=SURFACE_STYLE_FILL_AREA(#7563);
#4985=ORIENTED_EDGE('',*,*,#7564,.F.);
#4986=ORIENTED_EDGE('',*,*,#7562,.T.);
#4987=ORIENTED_EDGE('',*,*,#7565,.F.);
#4988=ORIENTED_EDGE('',*,*,#7566,.T.);
#4989=CARTESIAN_POINT('',(6.985,6.7945,1.27));
#4990=DIRECTION('',(-1.0,0.0,0.0));
#4991=DIRECTION('',(0.0,0.0,1.0));
#4992=SURFACE_STYLE_FILL_AREA(#7567);
#4993=ORIENTED_EDGE('',*,*,#7568,.F.);
#4994=ORIENTED_EDGE('',*,*,#7569,.T.);
#4995=ORIENTED_EDGE('',*,*,#7288,.T.);
#4996=ORIENTED_EDGE('',*,*,#7570,.T.);
#4997=ORIENTED_EDGE('',*,*,#7561,.T.);
#4998=ORIENTED_EDGE('',*,*,#7571,.T.);
#4999=ORIENTED_EDGE('',*,*,#7572,.T.);
#5000=ORIENTED_EDGE('',*,*,#7565,.T.);
#5001=CARTESIAN_POINT('',(6.604,5.08,1.27));
#5002=DIRECTION('',(0.0,-1.0,0.0));
#5003=DIRECTION('',(0.0,0.0,-1.0));
#5004=SURFACE_STYLE_FILL_AREA(#7573);
#5005=ORIENTED_EDGE('',*,*,#7574,.F.);
#5006=ORIENTED_EDGE('',*,*,#7575,.F.);
#5007=ORIENTED_EDGE('',*,*,#7289,.F.);
#5008=ORIENTED_EDGE('',*,*,#7569,.F.);
#5009=CARTESIAN_POINT('',(6.604,3.1115,1.778));
#5010=DIRECTION('',(0.0,0.0,1.0));
#5011=DIRECTION('',(1.0,0.0,0.0));
#5012=SURFACE_STYLE_FILL_AREA(#7576);
#5013=ORIENTED_EDGE('',*,*,#7577,.F.);
#5014=ORIENTED_EDGE('',*,*,#7570,.F.);
#5015=ORIENTED_EDGE('',*,*,#7287,.F.);
#5016=ORIENTED_EDGE('',*,*,#7293,.F.);
#5017=CARTESIAN_POINT('',(6.604,3.1115,0.762));
#5018=DIRECTION('',(0.0,0.0,1.0));
#5019=DIRECTION('',(1.0,0.0,0.0));
#5020=SURFACE_STYLE_FILL_AREA(#7578);
#5021=ORIENTED_EDGE('',*,*,#7230,.T.);
#5022=ORIENTED_EDGE('',*,*,#7290,.F.);
#5023=ORIENTED_EDGE('',*,*,#7575,.T.);
#5024=ORIENTED_EDGE('',*,*,#7579,.T.);
#5025=CARTESIAN_POINT('',(6.604,1.143,1.27));
#5026=DIRECTION('',(0.0,1.0,0.0));
#5027=DIRECTION('',(0.0,0.0,1.0));
#5028=SURFACE_STYLE_FILL_AREA(#7580);
#5029=ORIENTED_EDGE('',*,*,#7231,.T.);
#5030=ORIENTED_EDGE('',*,*,#7579,.F.);
#5031=ORIENTED_EDGE('',*,*,#7574,.T.);
#5032=ORIENTED_EDGE('',*,*,#7568,.T.);
#5033=ORIENTED_EDGE('',*,*,#7577,.T.);
#5034=ORIENTED_EDGE('',*,*,#7292,.F.);
#5035=ORIENTED_EDGE('',*,*,#7250,.T.);
#5036=ORIENTED_EDGE('',*,*,#7284,.T.);
#5037=CARTESIAN_POINT('',(7.112,3.1115,1.27));
#5038=DIRECTION('',(-1.0,0.0,0.0));
#5039=DIRECTION('',(0.0,0.0,1.0));
#5040=SURFACE_STYLE_FILL_AREA(#7581);
#5041=ORIENTED_EDGE('',*,*,#7582,.F.);
#5042=ORIENTED_EDGE('',*,*,#7566,.F.);
#5043=ORIENTED_EDGE('',*,*,#7572,.F.);
#5044=ORIENTED_EDGE('',*,*,#7583,.F.);
#5045=CARTESIAN_POINT('',(6.604,6.7945,1.651));
#5046=DIRECTION('',(0.0,0.0,1.0));
#5047=DIRECTION('',(1.0,0.0,0.0));
#5048=SURFACE_STYLE_FILL_AREA(#7584);
#5049=ORIENTED_EDGE('',*,*,#7585,.F.);
#5050=ORIENTED_EDGE('',*,*,#7583,.T.);
#5051=ORIENTED_EDGE('',*,*,#7571,.F.);
#5052=ORIENTED_EDGE('',*,*,#7560,.T.);
#5053=CARTESIAN_POINT('',(6.223,6.7945,1.27));
#5054=DIRECTION('',(1.0,0.0,0.0));
#5055=DIRECTION('',(0.0,0.0,-1.0));
#5056=SURFACE_STYLE_FILL_AREA(#7586);
#5057=ORIENTED_EDGE('',*,*,#7587,.F.);
#5058=ORIENTED_EDGE('',*,*,#7588,.F.);
#5059=ORIENTED_EDGE('',*,*,#7589,.F.);
#5060=ORIENTED_EDGE('',*,*,#7590,.F.);
#5061=CARTESIAN_POINT('',(4.064,6.7945,0.889));
#5062=DIRECTION('',(0.0,0.0,1.0));
#5063=DIRECTION('',(1.0,0.0,0.0));
#5064=SURFACE_STYLE_FILL_AREA(#7591);
#5065=ORIENTED_EDGE('',*,*,#7592,.F.);
#5066=ORIENTED_EDGE('',*,*,#7590,.T.);
#5067=ORIENTED_EDGE('',*,*,#7593,.F.);
#5068=ORIENTED_EDGE('',*,*,#7594,.T.);
#5069=CARTESIAN_POINT('',(4.445,6.7945,1.27));
#5070=DIRECTION('',(-1.0,0.0,0.0));
#5071=DIRECTION('',(0.0,0.0,1.0));
#5072=SURFACE_STYLE_FILL_AREA(#7595);
#5073=ORIENTED_EDGE('',*,*,#7596,.F.);
#5074=ORIENTED_EDGE('',*,*,#7597,.T.);
#5075=ORIENTED_EDGE('',*,*,#7378,.T.);
#5076=ORIENTED_EDGE('',*,*,#7598,.T.);
#5077=ORIENTED_EDGE('',*,*,#7589,.T.);
#5078=ORIENTED_EDGE('',*,*,#7599,.T.);
#5079=ORIENTED_EDGE('',*,*,#7600,.T.);
#5080=ORIENTED_EDGE('',*,*,#7593,.T.);
#5081=CARTESIAN_POINT('',(4.064,5.08,1.27));
#5082=DIRECTION('',(0.0,-1.0,0.0));
#5083=DIRECTION('',(0.0,0.0,-1.0));
#5084=SURFACE_STYLE_FILL_AREA(#7601);
#5085=ORIENTED_EDGE('',*,*,#7602,.F.);
#5086=ORIENTED_EDGE('',*,*,#7603,.F.);
#5087=ORIENTED_EDGE('',*,*,#7379,.F.);
#5088=ORIENTED_EDGE('',*,*,#7597,.F.);
#5089=CARTESIAN_POINT('',(4.064,3.1115,1.778));
#5090=DIRECTION('',(0.0,0.0,1.0));
#5091=DIRECTION('',(1.0,0.0,0.0));
#5092=SURFACE_STYLE_FILL_AREA(#7604);
#5093=ORIENTED_EDGE('',*,*,#7605,.F.);
#5094=ORIENTED_EDGE('',*,*,#7598,.F.);
#5095=ORIENTED_EDGE('',*,*,#7377,.F.);
#5096=ORIENTED_EDGE('',*,*,#7383,.F.);
#5097=CARTESIAN_POINT('',(4.064,3.1115,0.762));
#5098=DIRECTION('',(0.0,0.0,1.0));
#5099=DIRECTION('',(1.0,0.0,0.0));
#5100=SURFACE_STYLE_FILL_AREA(#7606);
#5101=ORIENTED_EDGE('',*,*,#7320,.T.);
#5102=ORIENTED_EDGE('',*,*,#7380,.F.);
#5103=ORIENTED_EDGE('',*,*,#7603,.T.);
#5104=ORIENTED_EDGE('',*,*,#7607,.T.);
#5105=CARTESIAN_POINT('',(4.064,1.143,1.27));
#5106=DIRECTION('',(0.0,1.0,0.0));
#5107=DIRECTION('',(0.0,0.0,1.0));
#5108=SURFACE_STYLE_FILL_AREA(#7608);
#5109=ORIENTED_EDGE('',*,*,#7321,.T.);
#5110=ORIENTED_EDGE('',*,*,#7607,.F.);
#5111=ORIENTED_EDGE('',*,*,#7602,.T.);
#5112=ORIENTED_EDGE('',*,*,#7596,.T.);
#5113=ORIENTED_EDGE('',*,*,#7605,.T.);
#5114=ORIENTED_EDGE('',*,*,#7382,.F.);
#5115=ORIENTED_EDGE('',*,*,#7340,.T.);
#5116=ORIENTED_EDGE('',*,*,#7374,.T.);
#5117=CARTESIAN_POINT('',(4.572,3.1115,1.27));
#5118=DIRECTION('',(-1.0,0.0,0.0));
#5119=DIRECTION('',(0.0,0.0,1.0));
#5120=SURFACE_STYLE_FILL_AREA(#7609);
#5121=ORIENTED_EDGE('',*,*,#7610,.F.);
#5122=ORIENTED_EDGE('',*,*,#7594,.F.);
#5123=ORIENTED_EDGE('',*,*,#7600,.F.);
#5124=ORIENTED_EDGE('',*,*,#7611,.F.);
#5125=CARTESIAN_POINT('',(4.064,6.7945,1.651));
#5126=DIRECTION('',(0.0,0.0,1.0));
#5127=DIRECTION('',(1.0,0.0,0.0));
#5128=SURFACE_STYLE_FILL_AREA(#7612);
#5129=ORIENTED_EDGE('',*,*,#7613,.F.);
#5130=ORIENTED_EDGE('',*,*,#7611,.T.);
#5131=ORIENTED_EDGE('',*,*,#7599,.F.);
#5132=ORIENTED_EDGE('',*,*,#7588,.T.);
#5133=CARTESIAN_POINT('',(3.683,6.7945,1.27));
#5134=DIRECTION('',(1.0,0.0,0.0));
#5135=DIRECTION('',(0.0,0.0,-1.0));
#5136=SURFACE_STYLE_FILL_AREA(#7614);
#5137=ORIENTED_EDGE('',*,*,#7615,.F.);
#5138=ORIENTED_EDGE('',*,*,#7616,.F.);
#5139=ORIENTED_EDGE('',*,*,#7617,.F.);
#5140=ORIENTED_EDGE('',*,*,#7618,.F.);
#5141=CARTESIAN_POINT('',(1.524,6.7945,0.889));
#5142=DIRECTION('',(0.0,0.0,1.0));
#5143=DIRECTION('',(1.0,0.0,0.0));
#5144=SURFACE_STYLE_FILL_AREA(#7619);
#5145=ORIENTED_EDGE('',*,*,#7620,.F.);
#5146=ORIENTED_EDGE('',*,*,#7618,.T.);
#5147=ORIENTED_EDGE('',*,*,#7621,.F.);
#5148=ORIENTED_EDGE('',*,*,#7622,.T.);
#5149=CARTESIAN_POINT('',(1.905,6.7945,1.27));
#5150=DIRECTION('',(-1.0,0.0,0.0));
#5151=DIRECTION('',(0.0,0.0,1.0));
#5152=SURFACE_STYLE_FILL_AREA(#7623);
#5153=ORIENTED_EDGE('',*,*,#7624,.F.);
#5154=ORIENTED_EDGE('',*,*,#7625,.T.);
#5155=ORIENTED_EDGE('',*,*,#7468,.T.);
#5156=ORIENTED_EDGE('',*,*,#7626,.T.);
#5157=ORIENTED_EDGE('',*,*,#7617,.T.);
#5158=ORIENTED_EDGE('',*,*,#7627,.T.);
#5159=ORIENTED_EDGE('',*,*,#7628,.T.);
#5160=ORIENTED_EDGE('',*,*,#7621,.T.);
#5161=CARTESIAN_POINT('',(1.524,5.08,1.27));
#5162=DIRECTION('',(0.0,-1.0,0.0));
#5163=DIRECTION('',(0.0,0.0,-1.0));
#5164=SURFACE_STYLE_FILL_AREA(#7629);
#5165=ORIENTED_EDGE('',*,*,#7630,.F.);
#5166=ORIENTED_EDGE('',*,*,#7631,.F.);
#5167=ORIENTED_EDGE('',*,*,#7469,.F.);
#5168=ORIENTED_EDGE('',*,*,#7625,.F.);
#5169=CARTESIAN_POINT('',(1.524,3.1115,1.778));
#5170=DIRECTION('',(0.0,0.0,1.0));
#5171=DIRECTION('',(1.0,0.0,0.0));
#5172=SURFACE_STYLE_FILL_AREA(#7632);
#5173=ORIENTED_EDGE('',*,*,#7633,.F.);
#5174=ORIENTED_EDGE('',*,*,#7626,.F.);
#5175=ORIENTED_EDGE('',*,*,#7467,.F.);
#5176=ORIENTED_EDGE('',*,*,#7473,.F.);
#5177=CARTESIAN_POINT('',(1.524,3.1115,0.762));
#5178=DIRECTION('',(0.0,0.0,1.0));
#5179=DIRECTION('',(1.0,0.0,0.0));
#5180=SURFACE_STYLE_FILL_AREA(#7634);
#5181=ORIENTED_EDGE('',*,*,#7410,.T.);
#5182=ORIENTED_EDGE('',*,*,#7470,.F.);
#5183=ORIENTED_EDGE('',*,*,#7631,.T.);
#5184=ORIENTED_EDGE('',*,*,#7635,.T.);
#5185=CARTESIAN_POINT('',(1.524,1.143,1.27));
#5186=DIRECTION('',(0.0,1.0,0.0));
#5187=DIRECTION('',(0.0,0.0,1.0));
#5188=SURFACE_STYLE_FILL_AREA(#7636);
#5189=ORIENTED_EDGE('',*,*,#7411,.T.);
#5190=ORIENTED_EDGE('',*,*,#7635,.F.);
#5191=ORIENTED_EDGE('',*,*,#7630,.T.);
#5192=ORIENTED_EDGE('',*,*,#7624,.T.);
#5193=ORIENTED_EDGE('',*,*,#7633,.T.);
#5194=ORIENTED_EDGE('',*,*,#7472,.F.);
#5195=ORIENTED_EDGE('',*,*,#7430,.T.);
#5196=ORIENTED_EDGE('',*,*,#7464,.T.);
#5197=CARTESIAN_POINT('',(2.032,3.1115,1.27));
#5198=DIRECTION('',(-1.0,0.0,0.0));
#5199=DIRECTION('',(0.0,0.0,1.0));
#5200=SURFACE_STYLE_FILL_AREA(#7637);
#5201=ORIENTED_EDGE('',*,*,#7638,.F.);
#5202=ORIENTED_EDGE('',*,*,#7622,.F.);
#5203=ORIENTED_EDGE('',*,*,#7628,.F.);
#5204=ORIENTED_EDGE('',*,*,#7639,.F.);
#5205=CARTESIAN_POINT('',(1.524,6.7945,1.651));
#5206=DIRECTION('',(0.0,0.0,1.0));
#5207=DIRECTION('',(1.0,0.0,0.0));
#5208=SURFACE_STYLE_FILL_AREA(#7640);
#5209=ORIENTED_EDGE('',*,*,#7641,.F.);
#5210=ORIENTED_EDGE('',*,*,#7639,.T.);
#5211=ORIENTED_EDGE('',*,*,#7627,.F.);
#5212=ORIENTED_EDGE('',*,*,#7616,.T.);
#5213=CARTESIAN_POINT('',(1.143,6.7945,1.27));
#5214=DIRECTION('',(1.0,0.0,0.0));
#5215=DIRECTION('',(0.0,0.0,-1.0));
#5216=SURFACE_STYLE_FILL_AREA(#7642);
#5217=ORIENTED_EDGE('',*,*,#7643,.F.);
#5218=ORIENTED_EDGE('',*,*,#7644,.F.);
#5219=ORIENTED_EDGE('',*,*,#7645,.F.);
#5220=ORIENTED_EDGE('',*,*,#7646,.F.);
#5221=CARTESIAN_POINT('',(14.224,-2.413,2.032));
#5222=DIRECTION('',(0.0,0.0,1.0));
#5223=DIRECTION('',(1.0,0.0,0.0));
#5224=SURFACE_STYLE_FILL_AREA(#7647);
#5225=ORIENTED_EDGE('',*,*,#7648,.F.);
#5226=ORIENTED_EDGE('',*,*,#7649,.F.);
#5227=ORIENTED_EDGE('',*,*,#7650,.F.);
#5228=ORIENTED_EDGE('',*,*,#7651,.F.);
#5229=CARTESIAN_POINT('',(14.224,-2.413,0.508));
#5230=DIRECTION('',(0.0,0.0,1.0));
#5231=DIRECTION('',(1.0,0.0,0.0));
#5232=SURFACE_STYLE_FILL_AREA(#7652);
#5233=ORIENTED_EDGE('',*,*,#7653,.F.);
#5234=ORIENTED_EDGE('',*,*,#7654,.F.);
#5235=ORIENTED_EDGE('',*,*,#7655,.F.);
#5236=ORIENTED_EDGE('',*,*,#7656,.F.);
#5237=CARTESIAN_POINT('',(14.224,-2.413,0.508));
#5238=DIRECTION('',(0.0,0.0,1.0));
#5239=DIRECTION('',(1.0,0.0,0.0));
#5240=SURFACE_STYLE_FILL_AREA(#7657);
#5241=ORIENTED_EDGE('',*,*,#7658,.F.);
#5242=ORIENTED_EDGE('',*,*,#7659,.F.);
#5243=ORIENTED_EDGE('',*,*,#7660,.F.);
#5244=ORIENTED_EDGE('',*,*,#7661,.F.);
#5245=CARTESIAN_POINT('',(14.224,-2.413,2.032));
#5246=DIRECTION('',(0.0,0.0,1.0));
#5247=DIRECTION('',(1.0,0.0,0.0));
#5248=SURFACE_STYLE_FILL_AREA(#7662);
#5249=ORIENTED_EDGE('',*,*,#7653,.T.);
#5250=ORIENTED_EDGE('',*,*,#7663,.F.);
#5251=ORIENTED_EDGE('',*,*,#7664,.F.);
#5252=ORIENTED_EDGE('',*,*,#7665,.F.);
#5253=CARTESIAN_POINT('',(15.2273,-2.413,1.27));
#5254=DIRECTION('',(1.0,0.0,0.0));
#5255=DIRECTION('',(0.0,0.0,-1.0));
#5256=SURFACE_STYLE_FILL_AREA(#7666);
#5257=ORIENTED_EDGE('',*,*,#7656,.T.);
#5258=ORIENTED_EDGE('',*,*,#7667,.T.);
#5259=ORIENTED_EDGE('',*,*,#7668,.T.);
#5260=ORIENTED_EDGE('',*,*,#7663,.T.);
#5261=CARTESIAN_POINT('',(14.224,-2.54,0.0));
#5262=DIRECTION('',(0.0,-1.0,0.0));
#5263=DIRECTION('',(1.0,0.0,0.0));
#5264=SURFACE_STYLE_FILL_AREA(#7669);
#5265=ORIENTED_EDGE('',*,*,#7648,.T.);
#5266=ORIENTED_EDGE('',*,*,#7670,.T.);
#5267=ORIENTED_EDGE('',*,*,#7671,.F.);
#5268=ORIENTED_EDGE('',*,*,#7672,.F.);
#5269=CARTESIAN_POINT('',(13.2207,-2.413,1.27));
#5270=DIRECTION('',(-1.0,0.0,0.0));
#5271=DIRECTION('',(0.0,0.0,1.0));
#5272=SURFACE_STYLE_FILL_AREA(#7673);
#5273=ORIENTED_EDGE('',*,*,#7643,.T.);
#5274=ORIENTED_EDGE('',*,*,#7674,.F.);
#5275=ORIENTED_EDGE('',*,*,#7675,.F.);
#5276=ORIENTED_EDGE('',*,*,#7676,.T.);
#5277=CARTESIAN_POINT('',(13.2207,-2.413,1.27));
#5278=DIRECTION('',(-1.0,0.0,0.0));
#5279=DIRECTION('',(0.0,0.0,1.0));
#5280=SURFACE_STYLE_FILL_AREA(#7677);
#5281=ORIENTED_EDGE('',*,*,#7655,.T.);
#5282=ORIENTED_EDGE('',*,*,#7678,.T.);
#5283=ORIENTED_EDGE('',*,*,#7679,.F.);
#5284=ORIENTED_EDGE('',*,*,#7667,.F.);
#5285=CARTESIAN_POINT('',(14.8463,-2.413,1.27));
#5286=DIRECTION('',(-1.0,0.0,0.0));
#5287=DIRECTION('',(0.0,0.0,1.0));
#5288=SURFACE_STYLE_FILL_AREA(#7680);
#5289=ORIENTED_EDGE('',*,*,#7649,.T.);
#5290=ORIENTED_EDGE('',*,*,#7672,.T.);
#5291=ORIENTED_EDGE('',*,*,#7681,.T.);
#5292=ORIENTED_EDGE('',*,*,#7682,.T.);
#5293=CARTESIAN_POINT('',(14.224,-2.54,0.0));
#5294=DIRECTION('',(0.0,-1.0,0.0));
#5295=DIRECTION('',(1.0,0.0,0.0));
#5296=SURFACE_STYLE_FILL_AREA(#7683);
#5297=ORIENTED_EDGE('',*,*,#7646,.T.);
#5298=ORIENTED_EDGE('',*,*,#7684,.T.);
#5299=ORIENTED_EDGE('',*,*,#7685,.T.);
#5300=ORIENTED_EDGE('',*,*,#7674,.T.);
#5301=CARTESIAN_POINT('',(14.224,-2.54,0.0));
#5302=DIRECTION('',(0.0,-1.0,0.0));
#5303=DIRECTION('',(1.0,0.0,0.0));
#5304=SURFACE_STYLE_FILL_AREA(#7686);
#5305=ORIENTED_EDGE('',*,*,#7650,.T.);
#5306=ORIENTED_EDGE('',*,*,#7682,.F.);
#5307=ORIENTED_EDGE('',*,*,#7687,.F.);
#5308=ORIENTED_EDGE('',*,*,#7688,.F.);
#5309=CARTESIAN_POINT('',(13.6017,-2.413,1.27));
#5310=DIRECTION('',(1.0,0.0,0.0));
#5311=DIRECTION('',(0.0,0.0,-1.0));
#5312=SURFACE_STYLE_FILL_AREA(#7689);
#5313=ORIENTED_EDGE('',*,*,#7660,.T.);
#5314=ORIENTED_EDGE('',*,*,#7690,.F.);
#5315=ORIENTED_EDGE('',*,*,#7691,.F.);
#5316=ORIENTED_EDGE('',*,*,#7692,.T.);
#5317=CARTESIAN_POINT('',(14.8463,-2.413,1.27));
#5318=DIRECTION('',(-1.0,0.0,0.0));
#5319=DIRECTION('',(0.0,0.0,1.0));
#5320=SURFACE_STYLE_FILL_AREA(#7693);
#5321=ORIENTED_EDGE('',*,*,#7645,.T.);
#5322=ORIENTED_EDGE('',*,*,#7694,.F.);
#5323=ORIENTED_EDGE('',*,*,#7695,.F.);
#5324=ORIENTED_EDGE('',*,*,#7684,.F.);
#5325=CARTESIAN_POINT('',(13.6017,-2.413,1.27));
#5326=DIRECTION('',(1.0,0.0,0.0));
#5327=DIRECTION('',(0.0,0.0,-1.0));
#5328=SURFACE_STYLE_FILL_AREA(#7696);
#5329=ORIENTED_EDGE('',*,*,#7659,.T.);
#5330=ORIENTED_EDGE('',*,*,#7697,.T.);
#5331=ORIENTED_EDGE('',*,*,#7698,.T.);
#5332=ORIENTED_EDGE('',*,*,#7690,.T.);
#5333=CARTESIAN_POINT('',(14.224,-2.54,0.0));
#5334=DIRECTION('',(0.0,-1.0,0.0));
#5335=DIRECTION('',(1.0,0.0,0.0));
#5336=SURFACE_STYLE_FILL_AREA(#7699);
#5337=ORIENTED_EDGE('',*,*,#7658,.T.);
#5338=ORIENTED_EDGE('',*,*,#7700,.F.);
#5339=ORIENTED_EDGE('',*,*,#7701,.F.);
#5340=ORIENTED_EDGE('',*,*,#7697,.F.);
#5341=CARTESIAN_POINT('',(15.2273,-2.413,1.27));
#5342=DIRECTION('',(1.0,0.0,0.0));
#5343=DIRECTION('',(0.0,0.0,-1.0));
#5344=SURFACE_STYLE_FILL_AREA(#7702);
#5345=ORIENTED_EDGE('',*,*,#7703,.T.);
#5346=ORIENTED_EDGE('',*,*,#7704,.T.);
#5347=ORIENTED_EDGE('',*,*,#7705,.T.);
#5348=ORIENTED_EDGE('',*,*,#7706,.F.);
#5349=ORIENTED_EDGE('',*,*,#7707,.T.);
#5350=ORIENTED_EDGE('',*,*,#7708,.F.);
#5351=ORIENTED_EDGE('',*,*,#7709,.T.);
#5352=ORIENTED_EDGE('',*,*,#7710,.T.);
#5353=CARTESIAN_POINT('',(15.494,-1.27,0.0));
#5354=DIRECTION('',(1.0,0.0,0.0));
#5355=DIRECTION('',(0.0,1.0,0.0));
#5356=SURFACE_STYLE_FILL_AREA(#7711);
#5357=ORIENTED_EDGE('',*,*,#7712,.F.);
#5358=ORIENTED_EDGE('',*,*,#7704,.F.);
#5359=ORIENTED_EDGE('',*,*,#7713,.T.);
#5360=ORIENTED_EDGE('',*,*,#7664,.T.);
#5361=ORIENTED_EDGE('',*,*,#7668,.F.);
#5362=ORIENTED_EDGE('',*,*,#7679,.T.);
#5363=ORIENTED_EDGE('',*,*,#7714,.T.);
#5364=ORIENTED_EDGE('',*,*,#7687,.T.);
#5365=ORIENTED_EDGE('',*,*,#7681,.F.);
#5366=ORIENTED_EDGE('',*,*,#7671,.T.);
#5367=ORIENTED_EDGE('',*,*,#7715,.T.);
#5368=ORIENTED_EDGE('',*,*,#7716,.T.);
#5369=ORIENTED_EDGE('',*,*,#7717,.F.);
#5370=ORIENTED_EDGE('',*,*,#7718,.T.);
#5371=ORIENTED_EDGE('',*,*,#7719,.T.);
#5372=ORIENTED_EDGE('',*,*,#7720,.T.);
#5373=ORIENTED_EDGE('',*,*,#7721,.F.);
#5374=ORIENTED_EDGE('',*,*,#7722,.T.);
#5375=ORIENTED_EDGE('',*,*,#7723,.T.);
#5376=ORIENTED_EDGE('',*,*,#7724,.T.);
#5377=ORIENTED_EDGE('',*,*,#7725,.F.);
#5378=ORIENTED_EDGE('',*,*,#7726,.T.);
#5379=ORIENTED_EDGE('',*,*,#7727,.T.);
#5380=ORIENTED_EDGE('',*,*,#7728,.T.);
#5381=ORIENTED_EDGE('',*,*,#7729,.F.);
#5382=ORIENTED_EDGE('',*,*,#7730,.T.);
#5383=ORIENTED_EDGE('',*,*,#7731,.T.);
#5384=ORIENTED_EDGE('',*,*,#7732,.T.);
#5385=ORIENTED_EDGE('',*,*,#7733,.F.);
#5386=ORIENTED_EDGE('',*,*,#7734,.T.);
#5387=ORIENTED_EDGE('',*,*,#7735,.T.);
#5388=ORIENTED_EDGE('',*,*,#7736,.T.);
#5389=ORIENTED_EDGE('',*,*,#7737,.F.);
#5390=ORIENTED_EDGE('',*,*,#7738,.T.);
#5391=ORIENTED_EDGE('',*,*,#7739,.T.);
#5392=ORIENTED_EDGE('',*,*,#7740,.T.);
#5393=ORIENTED_EDGE('',*,*,#7741,.F.);
#5394=ORIENTED_EDGE('',*,*,#7742,.T.);
#5395=ORIENTED_EDGE('',*,*,#7743,.T.);
#5396=ORIENTED_EDGE('',*,*,#7744,.T.);
#5397=ORIENTED_EDGE('',*,*,#7745,.F.);
#5398=ORIENTED_EDGE('',*,*,#7746,.T.);
#5399=ORIENTED_EDGE('',*,*,#7747,.T.);
#5400=ORIENTED_EDGE('',*,*,#7748,.T.);
#5401=ORIENTED_EDGE('',*,*,#7749,.F.);
#5402=ORIENTED_EDGE('',*,*,#7750,.T.);
#5403=ORIENTED_EDGE('',*,*,#7751,.T.);
#5404=ORIENTED_EDGE('',*,*,#7752,.T.);
#5405=ORIENTED_EDGE('',*,*,#7753,.F.);
#5406=ORIENTED_EDGE('',*,*,#7754,.T.);
#5407=ORIENTED_EDGE('',*,*,#7755,.T.);
#5408=ORIENTED_EDGE('',*,*,#7756,.F.);
#5409=CARTESIAN_POINT('',(4.064,-1.27,0.0));
#5410=DIRECTION('',(0.0,0.0,1.0));
#5411=DIRECTION('',(1.0,0.0,0.0));
#5412=SURFACE_STYLE_FILL_AREA(#7757);
#5413=ORIENTED_EDGE('',*,*,#6956,.T.);
#5414=ORIENTED_EDGE('',*,*,#6944,.T.);
#5415=ORIENTED_EDGE('',*,*,#6997,.T.);
#5416=ORIENTED_EDGE('',*,*,#7000,.T.);
#5417=ORIENTED_EDGE('',*,*,#7046,.T.);
#5418=ORIENTED_EDGE('',*,*,#7034,.T.);
#5419=ORIENTED_EDGE('',*,*,#7087,.T.);
#5420=ORIENTED_EDGE('',*,*,#7090,.T.);
#5421=ORIENTED_EDGE('',*,*,#7136,.T.);
#5422=ORIENTED_EDGE('',*,*,#7124,.T.);
#5423=ORIENTED_EDGE('',*,*,#7177,.T.);
#5424=ORIENTED_EDGE('',*,*,#7180,.T.);
#5425=ORIENTED_EDGE('',*,*,#7226,.T.);
#5426=ORIENTED_EDGE('',*,*,#7214,.T.);
#5427=ORIENTED_EDGE('',*,*,#7267,.T.);
#5428=ORIENTED_EDGE('',*,*,#7270,.T.);
#5429=ORIENTED_EDGE('',*,*,#7316,.T.);
#5430=ORIENTED_EDGE('',*,*,#7304,.T.);
#5431=ORIENTED_EDGE('',*,*,#7357,.T.);
#5432=ORIENTED_EDGE('',*,*,#7360,.T.);
#5433=ORIENTED_EDGE('',*,*,#7406,.T.);
#5434=ORIENTED_EDGE('',*,*,#7394,.T.);
#5435=ORIENTED_EDGE('',*,*,#7447,.T.);
#5436=ORIENTED_EDGE('',*,*,#7450,.T.);
#5437=ORIENTED_EDGE('',*,*,#7723,.F.);
#5438=ORIENTED_EDGE('',*,*,#7758,.F.);
#5439=ORIENTED_EDGE('',*,*,#7759,.T.);
#5440=ORIENTED_EDGE('',*,*,#7760,.T.);
#5441=ORIENTED_EDGE('',*,*,#7719,.F.);
#5442=ORIENTED_EDGE('',*,*,#7761,.F.);
#5443=ORIENTED_EDGE('',*,*,#7762,.T.);
#5444=ORIENTED_EDGE('',*,*,#7763,.T.);
#5445=ORIENTED_EDGE('',*,*,#7715,.F.);
#5446=ORIENTED_EDGE('',*,*,#7670,.F.);
#5447=ORIENTED_EDGE('',*,*,#7651,.T.);
#5448=ORIENTED_EDGE('',*,*,#7688,.T.);
#5449=ORIENTED_EDGE('',*,*,#7714,.F.);
#5450=ORIENTED_EDGE('',*,*,#7678,.F.);
#5451=ORIENTED_EDGE('',*,*,#7654,.T.);
#5452=ORIENTED_EDGE('',*,*,#7665,.T.);
#5453=ORIENTED_EDGE('',*,*,#7713,.F.);
#5454=ORIENTED_EDGE('',*,*,#7703,.F.);
#5455=ORIENTED_EDGE('',*,*,#7764,.F.);
#5456=ORIENTED_EDGE('',*,*,#7700,.T.);
#5457=ORIENTED_EDGE('',*,*,#7661,.T.);
#5458=ORIENTED_EDGE('',*,*,#7692,.F.);
#5459=ORIENTED_EDGE('',*,*,#7765,.F.);
#5460=ORIENTED_EDGE('',*,*,#7694,.T.);
#5461=ORIENTED_EDGE('',*,*,#7644,.T.);
#5462=ORIENTED_EDGE('',*,*,#7676,.F.);
#5463=ORIENTED_EDGE('',*,*,#7766,.F.);
#5464=ORIENTED_EDGE('',*,*,#7767,.T.);
#5465=ORIENTED_EDGE('',*,*,#7768,.T.);
#5466=ORIENTED_EDGE('',*,*,#7769,.F.);
#5467=ORIENTED_EDGE('',*,*,#7770,.F.);
#5468=ORIENTED_EDGE('',*,*,#7771,.T.);
#5469=ORIENTED_EDGE('',*,*,#7772,.T.);
#5470=ORIENTED_EDGE('',*,*,#7773,.F.);
#5471=ORIENTED_EDGE('',*,*,#7774,.F.);
#5472=ORIENTED_EDGE('',*,*,#7775,.T.);
#5473=ORIENTED_EDGE('',*,*,#7776,.T.);
#5474=ORIENTED_EDGE('',*,*,#7777,.F.);
#5475=ORIENTED_EDGE('',*,*,#7778,.F.);
#5476=ORIENTED_EDGE('',*,*,#7779,.T.);
#5477=ORIENTED_EDGE('',*,*,#7780,.T.);
#5478=ORIENTED_EDGE('',*,*,#7781,.F.);
#5479=ORIENTED_EDGE('',*,*,#7782,.F.);
#5480=ORIENTED_EDGE('',*,*,#7783,.T.);
#5481=ORIENTED_EDGE('',*,*,#7784,.T.);
#5482=ORIENTED_EDGE('',*,*,#7785,.F.);
#5483=ORIENTED_EDGE('',*,*,#7786,.F.);
#5484=ORIENTED_EDGE('',*,*,#7787,.T.);
#5485=ORIENTED_EDGE('',*,*,#7788,.T.);
#5486=ORIENTED_EDGE('',*,*,#7789,.F.);
#5487=ORIENTED_EDGE('',*,*,#7790,.F.);
#5488=ORIENTED_EDGE('',*,*,#7791,.T.);
#5489=ORIENTED_EDGE('',*,*,#7792,.T.);
#5490=ORIENTED_EDGE('',*,*,#7793,.F.);
#5491=ORIENTED_EDGE('',*,*,#7794,.F.);
#5492=ORIENTED_EDGE('',*,*,#7795,.T.);
#5493=ORIENTED_EDGE('',*,*,#7796,.T.);
#5494=ORIENTED_EDGE('',*,*,#7797,.F.);
#5495=ORIENTED_EDGE('',*,*,#7798,.F.);
#5496=ORIENTED_EDGE('',*,*,#7799,.T.);
#5497=ORIENTED_EDGE('',*,*,#7800,.T.);
#5498=ORIENTED_EDGE('',*,*,#7801,.F.);
#5499=ORIENTED_EDGE('',*,*,#7802,.F.);
#5500=ORIENTED_EDGE('',*,*,#7803,.T.);
#5501=ORIENTED_EDGE('',*,*,#7804,.T.);
#5502=ORIENTED_EDGE('',*,*,#7805,.F.);
#5503=ORIENTED_EDGE('',*,*,#7806,.F.);
#5504=ORIENTED_EDGE('',*,*,#7807,.F.);
#5505=ORIENTED_EDGE('',*,*,#7755,.F.);
#5506=ORIENTED_EDGE('',*,*,#7808,.F.);
#5507=ORIENTED_EDGE('',*,*,#7809,.T.);
#5508=ORIENTED_EDGE('',*,*,#7810,.T.);
#5509=ORIENTED_EDGE('',*,*,#7751,.F.);
#5510=ORIENTED_EDGE('',*,*,#7811,.F.);
#5511=ORIENTED_EDGE('',*,*,#7812,.T.);
#5512=ORIENTED_EDGE('',*,*,#7813,.T.);
#5513=ORIENTED_EDGE('',*,*,#7747,.F.);
#5514=ORIENTED_EDGE('',*,*,#7814,.F.);
#5515=ORIENTED_EDGE('',*,*,#7815,.T.);
#5516=ORIENTED_EDGE('',*,*,#7816,.T.);
#5517=ORIENTED_EDGE('',*,*,#7743,.F.);
#5518=ORIENTED_EDGE('',*,*,#7817,.F.);
#5519=ORIENTED_EDGE('',*,*,#7818,.T.);
#5520=ORIENTED_EDGE('',*,*,#7819,.T.);
#5521=ORIENTED_EDGE('',*,*,#7739,.F.);
#5522=ORIENTED_EDGE('',*,*,#7820,.F.);
#5523=ORIENTED_EDGE('',*,*,#7821,.T.);
#5524=ORIENTED_EDGE('',*,*,#7822,.T.);
#5525=ORIENTED_EDGE('',*,*,#7735,.F.);
#5526=ORIENTED_EDGE('',*,*,#7823,.F.);
#5527=ORIENTED_EDGE('',*,*,#7824,.T.);
#5528=ORIENTED_EDGE('',*,*,#7825,.T.);
#5529=ORIENTED_EDGE('',*,*,#7731,.F.);
#5530=ORIENTED_EDGE('',*,*,#7826,.F.);
#5531=ORIENTED_EDGE('',*,*,#7827,.T.);
#5532=ORIENTED_EDGE('',*,*,#7828,.T.);
#5533=ORIENTED_EDGE('',*,*,#7727,.F.);
#5534=ORIENTED_EDGE('',*,*,#7829,.F.);
#5535=ORIENTED_EDGE('',*,*,#7830,.T.);
#5536=ORIENTED_EDGE('',*,*,#7831,.T.);
#5537=CARTESIAN_POINT('',(5.20065,-2.286,1.27));
#5538=DIRECTION('',(0.0,-1.0,0.0));
#5539=DIRECTION('',(0.0,0.0,-1.0));
#5540=SURFACE_STYLE_FILL_AREA(#7832);
#5541=ORIENTED_EDGE('',*,*,#7774,.T.);
#5542=ORIENTED_EDGE('',*,*,#7833,.T.);
#5543=ORIENTED_EDGE('',*,*,#7834,.F.);
#5544=ORIENTED_EDGE('',*,*,#7835,.T.);
#5545=ORIENTED_EDGE('',*,*,#7770,.T.);
#5546=ORIENTED_EDGE('',*,*,#7836,.T.);
#5547=ORIENTED_EDGE('',*,*,#7837,.F.);
#5548=ORIENTED_EDGE('',*,*,#7838,.T.);
#5549=ORIENTED_EDGE('',*,*,#7766,.T.);
#5550=ORIENTED_EDGE('',*,*,#7675,.T.);
#5551=ORIENTED_EDGE('',*,*,#7685,.F.);
#5552=ORIENTED_EDGE('',*,*,#7695,.T.);
#5553=ORIENTED_EDGE('',*,*,#7765,.T.);
#5554=ORIENTED_EDGE('',*,*,#7691,.T.);
#5555=ORIENTED_EDGE('',*,*,#7698,.F.);
#5556=ORIENTED_EDGE('',*,*,#7701,.T.);
#5557=ORIENTED_EDGE('',*,*,#7764,.T.);
#5558=ORIENTED_EDGE('',*,*,#7710,.F.);
#5559=ORIENTED_EDGE('',*,*,#7839,.F.);
#5560=ORIENTED_EDGE('',*,*,#7840,.F.);
#5561=ORIENTED_EDGE('',*,*,#7806,.T.);
#5562=ORIENTED_EDGE('',*,*,#7841,.T.);
#5563=ORIENTED_EDGE('',*,*,#7842,.F.);
#5564=ORIENTED_EDGE('',*,*,#7843,.T.);
#5565=ORIENTED_EDGE('',*,*,#7802,.T.);
#5566=ORIENTED_EDGE('',*,*,#7844,.T.);
#5567=ORIENTED_EDGE('',*,*,#7845,.F.);
#5568=ORIENTED_EDGE('',*,*,#7846,.T.);
#5569=ORIENTED_EDGE('',*,*,#7798,.T.);
#5570=ORIENTED_EDGE('',*,*,#7847,.T.);
#5571=ORIENTED_EDGE('',*,*,#7848,.F.);
#5572=ORIENTED_EDGE('',*,*,#7849,.T.);
#5573=ORIENTED_EDGE('',*,*,#7794,.T.);
#5574=ORIENTED_EDGE('',*,*,#7850,.T.);
#5575=ORIENTED_EDGE('',*,*,#7851,.F.);
#5576=ORIENTED_EDGE('',*,*,#7852,.T.);
#5577=ORIENTED_EDGE('',*,*,#7790,.T.);
#5578=ORIENTED_EDGE('',*,*,#7853,.T.);
#5579=ORIENTED_EDGE('',*,*,#7854,.F.);
#5580=ORIENTED_EDGE('',*,*,#7855,.T.);
#5581=ORIENTED_EDGE('',*,*,#7786,.T.);
#5582=ORIENTED_EDGE('',*,*,#7856,.T.);
#5583=ORIENTED_EDGE('',*,*,#7857,.F.);
#5584=ORIENTED_EDGE('',*,*,#7858,.T.);
#5585=ORIENTED_EDGE('',*,*,#7782,.T.);
#5586=ORIENTED_EDGE('',*,*,#7859,.T.);
#5587=ORIENTED_EDGE('',*,*,#7860,.F.);
#5588=ORIENTED_EDGE('',*,*,#7861,.T.);
#5589=ORIENTED_EDGE('',*,*,#7778,.T.);
#5590=ORIENTED_EDGE('',*,*,#7862,.T.);
#5591=ORIENTED_EDGE('',*,*,#7863,.F.);
#5592=ORIENTED_EDGE('',*,*,#7864,.T.);
#5593=CARTESIAN_POINT('',(4.064,-1.27,2.54));
#5594=DIRECTION('',(0.0,0.0,1.0));
#5595=DIRECTION('',(1.0,0.0,0.0));
#5596=SURFACE_STYLE_FILL_AREA(#7865);
#5597=ORIENTED_EDGE('',*,*,#6953,.T.);
#5598=ORIENTED_EDGE('',*,*,#6949,.T.);
#5599=ORIENTED_EDGE('',*,*,#6935,.T.);
#5600=ORIENTED_EDGE('',*,*,#6940,.T.);
#5601=ORIENTED_EDGE('',*,*,#7043,.T.);
#5602=ORIENTED_EDGE('',*,*,#7039,.T.);
#5603=ORIENTED_EDGE('',*,*,#7025,.T.);
#5604=ORIENTED_EDGE('',*,*,#7030,.T.);
#5605=ORIENTED_EDGE('',*,*,#7133,.T.);
#5606=ORIENTED_EDGE('',*,*,#7129,.T.);
#5607=ORIENTED_EDGE('',*,*,#7115,.T.);
#5608=ORIENTED_EDGE('',*,*,#7120,.T.);
#5609=ORIENTED_EDGE('',*,*,#7223,.T.);
#5610=ORIENTED_EDGE('',*,*,#7219,.T.);
#5611=ORIENTED_EDGE('',*,*,#7205,.T.);
#5612=ORIENTED_EDGE('',*,*,#7210,.T.);
#5613=ORIENTED_EDGE('',*,*,#7313,.T.);
#5614=ORIENTED_EDGE('',*,*,#7309,.T.);
#5615=ORIENTED_EDGE('',*,*,#7295,.T.);
#5616=ORIENTED_EDGE('',*,*,#7300,.T.);
#5617=ORIENTED_EDGE('',*,*,#7403,.T.);
#5618=ORIENTED_EDGE('',*,*,#7399,.T.);
#5619=ORIENTED_EDGE('',*,*,#7385,.T.);
#5620=ORIENTED_EDGE('',*,*,#7390,.T.);
#5621=ORIENTED_EDGE('',*,*,#7712,.T.);
#5622=ORIENTED_EDGE('',*,*,#7866,.T.);
#5623=ORIENTED_EDGE('',*,*,#7867,.T.);
#5624=ORIENTED_EDGE('',*,*,#7868,.T.);
#5625=ORIENTED_EDGE('',*,*,#7869,.T.);
#5626=ORIENTED_EDGE('',*,*,#7870,.T.);
#5627=ORIENTED_EDGE('',*,*,#7871,.T.);
#5628=ORIENTED_EDGE('',*,*,#7872,.T.);
#5629=ORIENTED_EDGE('',*,*,#7873,.T.);
#5630=ORIENTED_EDGE('',*,*,#7874,.T.);
#5631=ORIENTED_EDGE('',*,*,#7839,.T.);
#5632=ORIENTED_EDGE('',*,*,#7709,.F.);
#5633=ORIENTED_EDGE('',*,*,#7875,.T.);
#5634=ORIENTED_EDGE('',*,*,#7876,.T.);
#5635=ORIENTED_EDGE('',*,*,#7877,.T.);
#5636=ORIENTED_EDGE('',*,*,#7707,.F.);
#5637=ORIENTED_EDGE('',*,*,#7878,.T.);
#5638=ORIENTED_EDGE('',*,*,#7879,.T.);
#5639=ORIENTED_EDGE('',*,*,#7880,.T.);
#5640=ORIENTED_EDGE('',*,*,#7705,.F.);
#5641=ORIENTED_EDGE('',*,*,#7881,.T.);
#5642=ORIENTED_EDGE('',*,*,#7882,.T.);
#5643=ORIENTED_EDGE('',*,*,#7883,.T.);
#5644=ORIENTED_EDGE('',*,*,#7884,.T.);
#5645=ORIENTED_EDGE('',*,*,#7885,.T.);
#5646=ORIENTED_EDGE('',*,*,#7886,.T.);
#5647=ORIENTED_EDGE('',*,*,#7887,.T.);
#5648=ORIENTED_EDGE('',*,*,#7888,.T.);
#5649=ORIENTED_EDGE('',*,*,#7889,.T.);
#5650=ORIENTED_EDGE('',*,*,#7890,.T.);
#5651=ORIENTED_EDGE('',*,*,#7891,.T.);
#5652=ORIENTED_EDGE('',*,*,#7892,.T.);
#5653=ORIENTED_EDGE('',*,*,#7893,.T.);
#5654=ORIENTED_EDGE('',*,*,#7894,.T.);
#5655=ORIENTED_EDGE('',*,*,#7895,.T.);
#5656=ORIENTED_EDGE('',*,*,#7896,.T.);
#5657=ORIENTED_EDGE('',*,*,#7897,.T.);
#5658=ORIENTED_EDGE('',*,*,#7898,.T.);
#5659=ORIENTED_EDGE('',*,*,#7899,.T.);
#5660=ORIENTED_EDGE('',*,*,#7900,.T.);
#5661=ORIENTED_EDGE('',*,*,#7901,.T.);
#5662=ORIENTED_EDGE('',*,*,#7902,.T.);
#5663=ORIENTED_EDGE('',*,*,#7903,.T.);
#5664=ORIENTED_EDGE('',*,*,#7904,.T.);
#5665=ORIENTED_EDGE('',*,*,#7905,.T.);
#5666=ORIENTED_EDGE('',*,*,#7906,.T.);
#5667=ORIENTED_EDGE('',*,*,#7907,.T.);
#5668=ORIENTED_EDGE('',*,*,#7908,.T.);
#5669=ORIENTED_EDGE('',*,*,#7909,.T.);
#5670=ORIENTED_EDGE('',*,*,#7910,.T.);
#5671=ORIENTED_EDGE('',*,*,#7911,.T.);
#5672=ORIENTED_EDGE('',*,*,#7912,.T.);
#5673=ORIENTED_EDGE('',*,*,#7913,.T.);
#5674=ORIENTED_EDGE('',*,*,#7914,.T.);
#5675=ORIENTED_EDGE('',*,*,#7915,.T.);
#5676=ORIENTED_EDGE('',*,*,#7916,.T.);
#5677=ORIENTED_EDGE('',*,*,#7917,.T.);
#5678=ORIENTED_EDGE('',*,*,#7918,.T.);
#5679=ORIENTED_EDGE('',*,*,#7919,.T.);
#5680=ORIENTED_EDGE('',*,*,#7920,.T.);
#5681=CARTESIAN_POINT('',(4.064,0.0,0.0));
#5682=DIRECTION('',(0.0,1.0,0.0));
#5683=DIRECTION('',(-1.0,0.0,0.0));
#5684=SURFACE_STYLE_FILL_AREA(#7921);
#5685=ORIENTED_EDGE('',*,*,#7922,.F.);
#5686=ORIENTED_EDGE('',*,*,#7772,.F.);
#5687=ORIENTED_EDGE('',*,*,#7923,.F.);
#5688=ORIENTED_EDGE('',*,*,#7924,.F.);
#5689=CARTESIAN_POINT('',(11.684,-2.413,2.032));
#5690=DIRECTION('',(0.0,0.0,1.0));
#5691=DIRECTION('',(1.0,0.0,0.0));
#5692=SURFACE_STYLE_FILL_AREA(#7925);
#5693=ORIENTED_EDGE('',*,*,#7926,.F.);
#5694=ORIENTED_EDGE('',*,*,#7927,.F.);
#5695=ORIENTED_EDGE('',*,*,#7928,.F.);
#5696=ORIENTED_EDGE('',*,*,#7759,.F.);
#5697=CARTESIAN_POINT('',(11.684,-2.413,0.508));
#5698=DIRECTION('',(0.0,0.0,1.0));
#5699=DIRECTION('',(1.0,0.0,0.0));
#5700=SURFACE_STYLE_FILL_AREA(#7929);
#5701=ORIENTED_EDGE('',*,*,#7930,.F.);
#5702=ORIENTED_EDGE('',*,*,#7762,.F.);
#5703=ORIENTED_EDGE('',*,*,#7931,.F.);
#5704=ORIENTED_EDGE('',*,*,#7932,.F.);
#5705=CARTESIAN_POINT('',(11.684,-2.413,0.508));
#5706=DIRECTION('',(0.0,0.0,1.0));
#5707=DIRECTION('',(1.0,0.0,0.0));
#5708=SURFACE_STYLE_FILL_AREA(#7933);
#5709=ORIENTED_EDGE('',*,*,#7934,.F.);
#5710=ORIENTED_EDGE('',*,*,#7935,.F.);
#5711=ORIENTED_EDGE('',*,*,#7936,.F.);
#5712=ORIENTED_EDGE('',*,*,#7768,.F.);
#5713=CARTESIAN_POINT('',(11.684,-2.413,2.032));
#5714=DIRECTION('',(0.0,0.0,1.0));
#5715=DIRECTION('',(1.0,0.0,0.0));
#5716=SURFACE_STYLE_FILL_AREA(#7937);
#5717=ORIENTED_EDGE('',*,*,#7930,.T.);
#5718=ORIENTED_EDGE('',*,*,#7938,.F.);
#5719=ORIENTED_EDGE('',*,*,#7716,.F.);
#5720=ORIENTED_EDGE('',*,*,#7763,.F.);
#5721=CARTESIAN_POINT('',(12.6873,-2.413,1.27));
#5722=DIRECTION('',(1.0,0.0,0.0));
#5723=DIRECTION('',(0.0,0.0,-1.0));
#5724=SURFACE_STYLE_FILL_AREA(#7939);
#5725=ORIENTED_EDGE('',*,*,#7932,.T.);
#5726=ORIENTED_EDGE('',*,*,#7940,.T.);
#5727=ORIENTED_EDGE('',*,*,#7717,.T.);
#5728=ORIENTED_EDGE('',*,*,#7938,.T.);
#5729=CARTESIAN_POINT('',(11.684,-2.54,0.0));
#5730=DIRECTION('',(0.0,-1.0,0.0));
#5731=DIRECTION('',(1.0,0.0,0.0));
#5732=SURFACE_STYLE_FILL_AREA(#7941);
#5733=ORIENTED_EDGE('',*,*,#7926,.T.);
#5734=ORIENTED_EDGE('',*,*,#7758,.T.);
#5735=ORIENTED_EDGE('',*,*,#7722,.F.);
#5736=ORIENTED_EDGE('',*,*,#7942,.F.);
#5737=CARTESIAN_POINT('',(10.6807,-2.413,1.27));
#5738=DIRECTION('',(-1.0,0.0,0.0));
#5739=DIRECTION('',(0.0,0.0,1.0));
#5740=SURFACE_STYLE_FILL_AREA(#7943);
#5741=ORIENTED_EDGE('',*,*,#7922,.T.);
#5742=ORIENTED_EDGE('',*,*,#7944,.F.);
#5743=ORIENTED_EDGE('',*,*,#7833,.F.);
#5744=ORIENTED_EDGE('',*,*,#7773,.T.);
#5745=CARTESIAN_POINT('',(10.6807,-2.413,1.27));
#5746=DIRECTION('',(-1.0,0.0,0.0));
#5747=DIRECTION('',(0.0,0.0,1.0));
#5748=SURFACE_STYLE_FILL_AREA(#7945);
#5749=ORIENTED_EDGE('',*,*,#7931,.T.);
#5750=ORIENTED_EDGE('',*,*,#7761,.T.);
#5751=ORIENTED_EDGE('',*,*,#7718,.F.);
#5752=ORIENTED_EDGE('',*,*,#7940,.F.);
#5753=CARTESIAN_POINT('',(12.3063,-2.413,1.27));
#5754=DIRECTION('',(-1.0,0.0,0.0));
#5755=DIRECTION('',(0.0,0.0,1.0));
#5756=SURFACE_STYLE_FILL_AREA(#7946);
#5757=ORIENTED_EDGE('',*,*,#7927,.T.);
#5758=ORIENTED_EDGE('',*,*,#7942,.T.);
#5759=ORIENTED_EDGE('',*,*,#7721,.T.);
#5760=ORIENTED_EDGE('',*,*,#7947,.T.);
#5761=CARTESIAN_POINT('',(11.684,-2.54,0.0));
#5762=DIRECTION('',(0.0,-1.0,0.0));
#5763=DIRECTION('',(1.0,0.0,0.0));
#5764=SURFACE_STYLE_FILL_AREA(#7948);
#5765=ORIENTED_EDGE('',*,*,#7924,.T.);
#5766=ORIENTED_EDGE('',*,*,#7949,.T.);
#5767=ORIENTED_EDGE('',*,*,#7834,.T.);
#5768=ORIENTED_EDGE('',*,*,#7944,.T.);
#5769=CARTESIAN_POINT('',(11.684,-2.54,0.0));
#5770=DIRECTION('',(0.0,-1.0,0.0));
#5771=DIRECTION('',(1.0,0.0,0.0));
#5772=SURFACE_STYLE_FILL_AREA(#7950);
#5773=ORIENTED_EDGE('',*,*,#7928,.T.);
#5774=ORIENTED_EDGE('',*,*,#7947,.F.);
#5775=ORIENTED_EDGE('',*,*,#7720,.F.);
#5776=ORIENTED_EDGE('',*,*,#7760,.F.);
#5777=CARTESIAN_POINT('',(11.0617,-2.413,1.27));
#5778=DIRECTION('',(1.0,0.0,0.0));
#5779=DIRECTION('',(0.0,0.0,-1.0));
#5780=SURFACE_STYLE_FILL_AREA(#7951);
#5781=ORIENTED_EDGE('',*,*,#7936,.T.);
#5782=ORIENTED_EDGE('',*,*,#7952,.F.);
#5783=ORIENTED_EDGE('',*,*,#7836,.F.);
#5784=ORIENTED_EDGE('',*,*,#7769,.T.);
#5785=CARTESIAN_POINT('',(12.3063,-2.413,1.27));
#5786=DIRECTION('',(-1.0,0.0,0.0));
#5787=DIRECTION('',(0.0,0.0,1.0));
#5788=SURFACE_STYLE_FILL_AREA(#7953);
#5789=ORIENTED_EDGE('',*,*,#7923,.T.);
#5790=ORIENTED_EDGE('',*,*,#7771,.F.);
#5791=ORIENTED_EDGE('',*,*,#7835,.F.);
#5792=ORIENTED_EDGE('',*,*,#7949,.F.);
#5793=CARTESIAN_POINT('',(11.0617,-2.413,1.27));
#5794=DIRECTION('',(1.0,0.0,0.0));
#5795=DIRECTION('',(0.0,0.0,-1.0));
#5796=SURFACE_STYLE_FILL_AREA(#7954);
#5797=ORIENTED_EDGE('',*,*,#7935,.T.);
#5798=ORIENTED_EDGE('',*,*,#7955,.T.);
#5799=ORIENTED_EDGE('',*,*,#7837,.T.);
#5800=ORIENTED_EDGE('',*,*,#7952,.T.);
#5801=CARTESIAN_POINT('',(11.684,-2.54,0.0));
#5802=DIRECTION('',(0.0,-1.0,0.0));
#5803=DIRECTION('',(1.0,0.0,0.0));
#5804=SURFACE_STYLE_FILL_AREA(#7956);
#5805=ORIENTED_EDGE('',*,*,#7934,.T.);
#5806=ORIENTED_EDGE('',*,*,#7767,.F.);
#5807=ORIENTED_EDGE('',*,*,#7838,.F.);
#5808=ORIENTED_EDGE('',*,*,#7955,.F.);
#5809=CARTESIAN_POINT('',(12.6873,-2.413,1.27));
#5810=DIRECTION('',(1.0,0.0,0.0));
#5811=DIRECTION('',(0.0,0.0,-1.0));
#5812=SURFACE_STYLE_FILL_AREA(#7957);
#5813=ORIENTED_EDGE('',*,*,#7958,.F.);
#5814=ORIENTED_EDGE('',*,*,#7780,.F.);
#5815=ORIENTED_EDGE('',*,*,#7959,.F.);
#5816=ORIENTED_EDGE('',*,*,#7960,.F.);
#5817=CARTESIAN_POINT('',(9.144,-2.413,2.032));
#5818=DIRECTION('',(0.0,0.0,1.0));
#5819=DIRECTION('',(1.0,0.0,0.0));
#5820=SURFACE_STYLE_FILL_AREA(#7961);
#5821=ORIENTED_EDGE('',*,*,#7962,.F.);
#5822=ORIENTED_EDGE('',*,*,#7963,.F.);
#5823=ORIENTED_EDGE('',*,*,#7964,.F.);
#5824=ORIENTED_EDGE('',*,*,#7827,.F.);
#5825=CARTESIAN_POINT('',(9.144,-2.413,0.508));
#5826=DIRECTION('',(0.0,0.0,1.0));
#5827=DIRECTION('',(1.0,0.0,0.0));
#5828=SURFACE_STYLE_FILL_AREA(#7965);
#5829=ORIENTED_EDGE('',*,*,#7966,.F.);
#5830=ORIENTED_EDGE('',*,*,#7830,.F.);
#5831=ORIENTED_EDGE('',*,*,#7967,.F.);
#5832=ORIENTED_EDGE('',*,*,#7968,.F.);
#5833=CARTESIAN_POINT('',(9.144,-2.413,0.508));
#5834=DIRECTION('',(0.0,0.0,1.0));
#5835=DIRECTION('',(1.0,0.0,0.0));
#5836=SURFACE_STYLE_FILL_AREA(#7969);
#5837=ORIENTED_EDGE('',*,*,#7970,.F.);
#5838=ORIENTED_EDGE('',*,*,#7971,.F.);
#5839=ORIENTED_EDGE('',*,*,#7972,.F.);
#5840=ORIENTED_EDGE('',*,*,#7776,.F.);
#5841=CARTESIAN_POINT('',(9.144,-2.413,2.032));
#5842=DIRECTION('',(0.0,0.0,1.0));
#5843=DIRECTION('',(1.0,0.0,0.0));
#5844=SURFACE_STYLE_FILL_AREA(#7973);
#5845=ORIENTED_EDGE('',*,*,#7966,.T.);
#5846=ORIENTED_EDGE('',*,*,#7974,.F.);
#5847=ORIENTED_EDGE('',*,*,#7724,.F.);
#5848=ORIENTED_EDGE('',*,*,#7831,.F.);
#5849=CARTESIAN_POINT('',(10.1473,-2.413,1.27));
#5850=DIRECTION('',(1.0,0.0,0.0));
#5851=DIRECTION('',(0.0,0.0,-1.0));
#5852=SURFACE_STYLE_FILL_AREA(#7975);
#5853=ORIENTED_EDGE('',*,*,#7968,.T.);
#5854=ORIENTED_EDGE('',*,*,#7976,.T.);
#5855=ORIENTED_EDGE('',*,*,#7725,.T.);
#5856=ORIENTED_EDGE('',*,*,#7974,.T.);
#5857=CARTESIAN_POINT('',(9.144,-2.54,0.0));
#5858=DIRECTION('',(0.0,-1.0,0.0));
#5859=DIRECTION('',(1.0,0.0,0.0));
#5860=SURFACE_STYLE_FILL_AREA(#7977);
#5861=ORIENTED_EDGE('',*,*,#7962,.T.);
#5862=ORIENTED_EDGE('',*,*,#7826,.T.);
#5863=ORIENTED_EDGE('',*,*,#7730,.F.);
#5864=ORIENTED_EDGE('',*,*,#7978,.F.);
#5865=CARTESIAN_POINT('',(8.1407,-2.413,1.27));
#5866=DIRECTION('',(-1.0,0.0,0.0));
#5867=DIRECTION('',(0.0,0.0,1.0));
#5868=SURFACE_STYLE_FILL_AREA(#7979);
#5869=ORIENTED_EDGE('',*,*,#7958,.T.);
#5870=ORIENTED_EDGE('',*,*,#7980,.F.);
#5871=ORIENTED_EDGE('',*,*,#7859,.F.);
#5872=ORIENTED_EDGE('',*,*,#7781,.T.);
#5873=CARTESIAN_POINT('',(8.1407,-2.413,1.27));
#5874=DIRECTION('',(-1.0,0.0,0.0));
#5875=DIRECTION('',(0.0,0.0,1.0));
#5876=SURFACE_STYLE_FILL_AREA(#7981);
#5877=ORIENTED_EDGE('',*,*,#7967,.T.);
#5878=ORIENTED_EDGE('',*,*,#7829,.T.);
#5879=ORIENTED_EDGE('',*,*,#7726,.F.);
#5880=ORIENTED_EDGE('',*,*,#7976,.F.);
#5881=CARTESIAN_POINT('',(9.7663,-2.413,1.27));
#5882=DIRECTION('',(-1.0,0.0,0.0));
#5883=DIRECTION('',(0.0,0.0,1.0));
#5884=SURFACE_STYLE_FILL_AREA(#7982);
#5885=ORIENTED_EDGE('',*,*,#7963,.T.);
#5886=ORIENTED_EDGE('',*,*,#7978,.T.);
#5887=ORIENTED_EDGE('',*,*,#7729,.T.);
#5888=ORIENTED_EDGE('',*,*,#7983,.T.);
#5889=CARTESIAN_POINT('',(9.144,-2.54,0.0));
#5890=DIRECTION('',(0.0,-1.0,0.0));
#5891=DIRECTION('',(1.0,0.0,0.0));
#5892=SURFACE_STYLE_FILL_AREA(#7984);
#5893=ORIENTED_EDGE('',*,*,#7960,.T.);
#5894=ORIENTED_EDGE('',*,*,#7985,.T.);
#5895=ORIENTED_EDGE('',*,*,#7860,.T.);
#5896=ORIENTED_EDGE('',*,*,#7980,.T.);
#5897=CARTESIAN_POINT('',(9.144,-2.54,0.0));
#5898=DIRECTION('',(0.0,-1.0,0.0));
#5899=DIRECTION('',(1.0,0.0,0.0));
#5900=SURFACE_STYLE_FILL_AREA(#7986);
#5901=ORIENTED_EDGE('',*,*,#7964,.T.);
#5902=ORIENTED_EDGE('',*,*,#7983,.F.);
#5903=ORIENTED_EDGE('',*,*,#7728,.F.);
#5904=ORIENTED_EDGE('',*,*,#7828,.F.);
#5905=CARTESIAN_POINT('',(8.5217,-2.413,1.27));
#5906=DIRECTION('',(1.0,0.0,0.0));
#5907=DIRECTION('',(0.0,0.0,-1.0));
#5908=SURFACE_STYLE_FILL_AREA(#7987);
#5909=ORIENTED_EDGE('',*,*,#7972,.T.);
#5910=ORIENTED_EDGE('',*,*,#7988,.F.);
#5911=ORIENTED_EDGE('',*,*,#7862,.F.);
#5912=ORIENTED_EDGE('',*,*,#7777,.T.);
#5913=CARTESIAN_POINT('',(9.7663,-2.413,1.27));
#5914=DIRECTION('',(-1.0,0.0,0.0));
#5915=DIRECTION('',(0.0,0.0,1.0));
#5916=SURFACE_STYLE_FILL_AREA(#7989);
#5917=ORIENTED_EDGE('',*,*,#7959,.T.);
#5918=ORIENTED_EDGE('',*,*,#7779,.F.);
#5919=ORIENTED_EDGE('',*,*,#7861,.F.);
#5920=ORIENTED_EDGE('',*,*,#7985,.F.);
#5921=CARTESIAN_POINT('',(8.5217,-2.413,1.27));
#5922=DIRECTION('',(1.0,0.0,0.0));
#5923=DIRECTION('',(0.0,0.0,-1.0));
#5924=SURFACE_STYLE_FILL_AREA(#7990);
#5925=ORIENTED_EDGE('',*,*,#7971,.T.);
#5926=ORIENTED_EDGE('',*,*,#7991,.T.);
#5927=ORIENTED_EDGE('',*,*,#7863,.T.);
#5928=ORIENTED_EDGE('',*,*,#7988,.T.);
#5929=CARTESIAN_POINT('',(9.144,-2.54,0.0));
#5930=DIRECTION('',(0.0,-1.0,0.0));
#5931=DIRECTION('',(1.0,0.0,0.0));
#5932=SURFACE_STYLE_FILL_AREA(#7992);
#5933=ORIENTED_EDGE('',*,*,#7970,.T.);
#5934=ORIENTED_EDGE('',*,*,#7775,.F.);
#5935=ORIENTED_EDGE('',*,*,#7864,.F.);
#5936=ORIENTED_EDGE('',*,*,#7991,.F.);
#5937=CARTESIAN_POINT('',(10.1473,-2.413,1.27));
#5938=DIRECTION('',(1.0,0.0,0.0));
#5939=DIRECTION('',(0.0,0.0,-1.0));
#5940=SURFACE_STYLE_FILL_AREA(#7993);
#5941=ORIENTED_EDGE('',*,*,#7994,.F.);
#5942=ORIENTED_EDGE('',*,*,#7788,.F.);
#5943=ORIENTED_EDGE('',*,*,#7995,.F.);
#5944=ORIENTED_EDGE('',*,*,#7996,.F.);
#5945=CARTESIAN_POINT('',(6.604,-2.413,2.032));
#5946=DIRECTION('',(0.0,0.0,1.0));
#5947=DIRECTION('',(1.0,0.0,0.0));
#5948=SURFACE_STYLE_FILL_AREA(#7997);
#5949=ORIENTED_EDGE('',*,*,#7998,.F.);
#5950=ORIENTED_EDGE('',*,*,#7999,.F.);
#5951=ORIENTED_EDGE('',*,*,#8000,.F.);
#5952=ORIENTED_EDGE('',*,*,#7821,.F.);
#5953=CARTESIAN_POINT('',(6.604,-2.413,0.508));
#5954=DIRECTION('',(0.0,0.0,1.0));
#5955=DIRECTION('',(1.0,0.0,0.0));
#5956=SURFACE_STYLE_FILL_AREA(#8001);
#5957=ORIENTED_EDGE('',*,*,#8002,.F.);
#5958=ORIENTED_EDGE('',*,*,#7824,.F.);
#5959=ORIENTED_EDGE('',*,*,#8003,.F.);
#5960=ORIENTED_EDGE('',*,*,#8004,.F.);
#5961=CARTESIAN_POINT('',(6.604,-2.413,0.508));
#5962=DIRECTION('',(0.0,0.0,1.0));
#5963=DIRECTION('',(1.0,0.0,0.0));
#5964=SURFACE_STYLE_FILL_AREA(#8005);
#5965=ORIENTED_EDGE('',*,*,#8006,.F.);
#5966=ORIENTED_EDGE('',*,*,#8007,.F.);
#5967=ORIENTED_EDGE('',*,*,#8008,.F.);
#5968=ORIENTED_EDGE('',*,*,#7784,.F.);
#5969=CARTESIAN_POINT('',(6.604,-2.413,2.032));
#5970=DIRECTION('',(0.0,0.0,1.0));
#5971=DIRECTION('',(1.0,0.0,0.0));
#5972=SURFACE_STYLE_FILL_AREA(#8009);
#5973=ORIENTED_EDGE('',*,*,#8002,.T.);
#5974=ORIENTED_EDGE('',*,*,#8010,.F.);
#5975=ORIENTED_EDGE('',*,*,#7732,.F.);
#5976=ORIENTED_EDGE('',*,*,#7825,.F.);
#5977=CARTESIAN_POINT('',(7.6073,-2.413,1.27));
#5978=DIRECTION('',(1.0,0.0,0.0));
#5979=DIRECTION('',(0.0,0.0,-1.0));
#5980=SURFACE_STYLE_FILL_AREA(#8011);
#5981=ORIENTED_EDGE('',*,*,#8004,.T.);
#5982=ORIENTED_EDGE('',*,*,#8012,.T.);
#5983=ORIENTED_EDGE('',*,*,#7733,.T.);
#5984=ORIENTED_EDGE('',*,*,#8010,.T.);
#5985=CARTESIAN_POINT('',(6.604,-2.54,0.0));
#5986=DIRECTION('',(0.0,-1.0,0.0));
#5987=DIRECTION('',(1.0,0.0,0.0));
#5988=SURFACE_STYLE_FILL_AREA(#8013);
#5989=ORIENTED_EDGE('',*,*,#7998,.T.);
#5990=ORIENTED_EDGE('',*,*,#7820,.T.);
#5991=ORIENTED_EDGE('',*,*,#7738,.F.);
#5992=ORIENTED_EDGE('',*,*,#8014,.F.);
#5993=CARTESIAN_POINT('',(5.6007,-2.413,1.27));
#5994=DIRECTION('',(-1.0,0.0,0.0));
#5995=DIRECTION('',(0.0,0.0,1.0));
#5996=SURFACE_STYLE_FILL_AREA(#8015);
#5997=ORIENTED_EDGE('',*,*,#7994,.T.);
#5998=ORIENTED_EDGE('',*,*,#8016,.F.);
#5999=ORIENTED_EDGE('',*,*,#7853,.F.);
#6000=ORIENTED_EDGE('',*,*,#7789,.T.);
#6001=CARTESIAN_POINT('',(5.6007,-2.413,1.27));
#6002=DIRECTION('',(-1.0,0.0,0.0));
#6003=DIRECTION('',(0.0,0.0,1.0));
#6004=SURFACE_STYLE_FILL_AREA(#8017);
#6005=ORIENTED_EDGE('',*,*,#8003,.T.);
#6006=ORIENTED_EDGE('',*,*,#7823,.T.);
#6007=ORIENTED_EDGE('',*,*,#7734,.F.);
#6008=ORIENTED_EDGE('',*,*,#8012,.F.);
#6009=CARTESIAN_POINT('',(7.2263,-2.413,1.27));
#6010=DIRECTION('',(-1.0,0.0,0.0));
#6011=DIRECTION('',(0.0,0.0,1.0));
#6012=SURFACE_STYLE_FILL_AREA(#8018);
#6013=ORIENTED_EDGE('',*,*,#7999,.T.);
#6014=ORIENTED_EDGE('',*,*,#8014,.T.);
#6015=ORIENTED_EDGE('',*,*,#7737,.T.);
#6016=ORIENTED_EDGE('',*,*,#8019,.T.);
#6017=CARTESIAN_POINT('',(6.604,-2.54,0.0));
#6018=DIRECTION('',(0.0,-1.0,0.0));
#6019=DIRECTION('',(1.0,0.0,0.0));
#6020=SURFACE_STYLE_FILL_AREA(#8020);
#6021=ORIENTED_EDGE('',*,*,#7996,.T.);
#6022=ORIENTED_EDGE('',*,*,#8021,.T.);
#6023=ORIENTED_EDGE('',*,*,#7854,.T.);
#6024=ORIENTED_EDGE('',*,*,#8016,.T.);
#6025=CARTESIAN_POINT('',(6.604,-2.54,0.0));
#6026=DIRECTION('',(0.0,-1.0,0.0));
#6027=DIRECTION('',(1.0,0.0,0.0));
#6028=SURFACE_STYLE_FILL_AREA(#8022);
#6029=ORIENTED_EDGE('',*,*,#8000,.T.);
#6030=ORIENTED_EDGE('',*,*,#8019,.F.);
#6031=ORIENTED_EDGE('',*,*,#7736,.F.);
#6032=ORIENTED_EDGE('',*,*,#7822,.F.);
#6033=CARTESIAN_POINT('',(5.9817,-2.413,1.27));
#6034=DIRECTION('',(1.0,0.0,0.0));
#6035=DIRECTION('',(0.0,0.0,-1.0));
#6036=SURFACE_STYLE_FILL_AREA(#8023);
#6037=ORIENTED_EDGE('',*,*,#8008,.T.);
#6038=ORIENTED_EDGE('',*,*,#8024,.F.);
#6039=ORIENTED_EDGE('',*,*,#7856,.F.);
#6040=ORIENTED_EDGE('',*,*,#7785,.T.);
#6041=CARTESIAN_POINT('',(7.2263,-2.413,1.27));
#6042=DIRECTION('',(-1.0,0.0,0.0));
#6043=DIRECTION('',(0.0,0.0,1.0));
#6044=SURFACE_STYLE_FILL_AREA(#8025);
#6045=ORIENTED_EDGE('',*,*,#7995,.T.);
#6046=ORIENTED_EDGE('',*,*,#7787,.F.);
#6047=ORIENTED_EDGE('',*,*,#7855,.F.);
#6048=ORIENTED_EDGE('',*,*,#8021,.F.);
#6049=CARTESIAN_POINT('',(5.9817,-2.413,1.27));
#6050=DIRECTION('',(1.0,0.0,0.0));
#6051=DIRECTION('',(0.0,0.0,-1.0));
#6052=SURFACE_STYLE_FILL_AREA(#8026);
#6053=ORIENTED_EDGE('',*,*,#8007,.T.);
#6054=ORIENTED_EDGE('',*,*,#8027,.T.);
#6055=ORIENTED_EDGE('',*,*,#7857,.T.);
#6056=ORIENTED_EDGE('',*,*,#8024,.T.);
#6057=CARTESIAN_POINT('',(6.604,-2.54,0.0));
#6058=DIRECTION('',(0.0,-1.0,0.0));
#6059=DIRECTION('',(1.0,0.0,0.0));
#6060=SURFACE_STYLE_FILL_AREA(#8028);
#6061=ORIENTED_EDGE('',*,*,#8006,.T.);
#6062=ORIENTED_EDGE('',*,*,#7783,.F.);
#6063=ORIENTED_EDGE('',*,*,#7858,.F.);
#6064=ORIENTED_EDGE('',*,*,#8027,.F.);
#6065=CARTESIAN_POINT('',(7.6073,-2.413,1.27));
#6066=DIRECTION('',(1.0,0.0,0.0));
#6067=DIRECTION('',(0.0,0.0,-1.0));
#6068=SURFACE_STYLE_FILL_AREA(#8029);
#6069=ORIENTED_EDGE('',*,*,#8030,.F.);
#6070=ORIENTED_EDGE('',*,*,#7804,.F.);
#6071=ORIENTED_EDGE('',*,*,#8031,.F.);
#6072=ORIENTED_EDGE('',*,*,#8032,.F.);
#6073=CARTESIAN_POINT('',(1.524,-2.413,2.032));
#6074=DIRECTION('',(0.0,0.0,1.0));
#6075=DIRECTION('',(1.0,0.0,0.0));
#6076=SURFACE_STYLE_FILL_AREA(#8033);
#6077=ORIENTED_EDGE('',*,*,#8034,.F.);
#6078=ORIENTED_EDGE('',*,*,#8035,.F.);
#6079=ORIENTED_EDGE('',*,*,#8036,.F.);
#6080=ORIENTED_EDGE('',*,*,#7809,.F.);
#6081=CARTESIAN_POINT('',(1.524,-2.413,0.508));
#6082=DIRECTION('',(0.0,0.0,1.0));
#6083=DIRECTION('',(1.0,0.0,0.0));
#6084=SURFACE_STYLE_FILL_AREA(#8037);
#6085=ORIENTED_EDGE('',*,*,#8038,.F.);
#6086=ORIENTED_EDGE('',*,*,#7812,.F.);
#6087=ORIENTED_EDGE('',*,*,#8039,.F.);
#6088=ORIENTED_EDGE('',*,*,#8040,.F.);
#6089=CARTESIAN_POINT('',(1.524,-2.413,0.508));
#6090=DIRECTION('',(0.0,0.0,1.0));
#6091=DIRECTION('',(1.0,0.0,0.0));
#6092=SURFACE_STYLE_FILL_AREA(#8041);
#6093=ORIENTED_EDGE('',*,*,#8042,.F.);
#6094=ORIENTED_EDGE('',*,*,#8043,.F.);
#6095=ORIENTED_EDGE('',*,*,#8044,.F.);
#6096=ORIENTED_EDGE('',*,*,#7800,.F.);
#6097=CARTESIAN_POINT('',(1.524,-2.413,2.032));
#6098=DIRECTION('',(0.0,0.0,1.0));
#6099=DIRECTION('',(1.0,0.0,0.0));
#6100=SURFACE_STYLE_FILL_AREA(#8045);
#6101=ORIENTED_EDGE('',*,*,#8038,.T.);
#6102=ORIENTED_EDGE('',*,*,#8046,.F.);
#6103=ORIENTED_EDGE('',*,*,#7748,.F.);
#6104=ORIENTED_EDGE('',*,*,#7813,.F.);
#6105=CARTESIAN_POINT('',(2.5273,-2.413,1.27));
#6106=DIRECTION('',(1.0,0.0,0.0));
#6107=DIRECTION('',(0.0,0.0,-1.0));
#6108=SURFACE_STYLE_FILL_AREA(#8047);
#6109=ORIENTED_EDGE('',*,*,#8040,.T.);
#6110=ORIENTED_EDGE('',*,*,#8048,.T.);
#6111=ORIENTED_EDGE('',*,*,#7749,.T.);
#6112=ORIENTED_EDGE('',*,*,#8046,.T.);
#6113=CARTESIAN_POINT('',(1.524,-2.54,0.0));
#6114=DIRECTION('',(0.0,-1.0,0.0));
#6115=DIRECTION('',(1.0,0.0,0.0));
#6116=SURFACE_STYLE_FILL_AREA(#8049);
#6117=ORIENTED_EDGE('',*,*,#8034,.T.);
#6118=ORIENTED_EDGE('',*,*,#7808,.T.);
#6119=ORIENTED_EDGE('',*,*,#7754,.F.);
#6120=ORIENTED_EDGE('',*,*,#8050,.F.);
#6121=CARTESIAN_POINT('',(0.5207,-2.413,1.27));
#6122=DIRECTION('',(-1.0,0.0,0.0));
#6123=DIRECTION('',(0.0,0.0,1.0));
#6124=SURFACE_STYLE_FILL_AREA(#8051);
#6125=ORIENTED_EDGE('',*,*,#8030,.T.);
#6126=ORIENTED_EDGE('',*,*,#8052,.F.);
#6127=ORIENTED_EDGE('',*,*,#7841,.F.);
#6128=ORIENTED_EDGE('',*,*,#7805,.T.);
#6129=CARTESIAN_POINT('',(0.5207,-2.413,1.27));
#6130=DIRECTION('',(-1.0,0.0,0.0));
#6131=DIRECTION('',(0.0,0.0,1.0));
#6132=SURFACE_STYLE_FILL_AREA(#8053);
#6133=ORIENTED_EDGE('',*,*,#8039,.T.);
#6134=ORIENTED_EDGE('',*,*,#7811,.T.);
#6135=ORIENTED_EDGE('',*,*,#7750,.F.);
#6136=ORIENTED_EDGE('',*,*,#8048,.F.);
#6137=CARTESIAN_POINT('',(2.1463,-2.413,1.27));
#6138=DIRECTION('',(-1.0,0.0,0.0));
#6139=DIRECTION('',(0.0,0.0,1.0));
#6140=SURFACE_STYLE_FILL_AREA(#8054);
#6141=ORIENTED_EDGE('',*,*,#8035,.T.);
#6142=ORIENTED_EDGE('',*,*,#8050,.T.);
#6143=ORIENTED_EDGE('',*,*,#7753,.T.);
#6144=ORIENTED_EDGE('',*,*,#8055,.T.);
#6145=CARTESIAN_POINT('',(1.524,-2.54,0.0));
#6146=DIRECTION('',(0.0,-1.0,0.0));
#6147=DIRECTION('',(1.0,0.0,0.0));
#6148=SURFACE_STYLE_FILL_AREA(#8056);
#6149=ORIENTED_EDGE('',*,*,#8032,.T.);
#6150=ORIENTED_EDGE('',*,*,#8057,.T.);
#6151=ORIENTED_EDGE('',*,*,#7842,.T.);
#6152=ORIENTED_EDGE('',*,*,#8052,.T.);
#6153=CARTESIAN_POINT('',(1.524,-2.54,0.0));
#6154=DIRECTION('',(0.0,-1.0,0.0));
#6155=DIRECTION('',(1.0,0.0,0.0));
#6156=SURFACE_STYLE_FILL_AREA(#8058);
#6157=ORIENTED_EDGE('',*,*,#8036,.T.);
#6158=ORIENTED_EDGE('',*,*,#8055,.F.);
#6159=ORIENTED_EDGE('',*,*,#7752,.F.);
#6160=ORIENTED_EDGE('',*,*,#7810,.F.);
#6161=CARTESIAN_POINT('',(0.9017,-2.413,1.27));
#6162=DIRECTION('',(1.0,0.0,0.0));
#6163=DIRECTION('',(0.0,0.0,-1.0));
#6164=SURFACE_STYLE_FILL_AREA(#8059);
#6165=ORIENTED_EDGE('',*,*,#8044,.T.);
#6166=ORIENTED_EDGE('',*,*,#8060,.F.);
#6167=ORIENTED_EDGE('',*,*,#7844,.F.);
#6168=ORIENTED_EDGE('',*,*,#7801,.T.);
#6169=CARTESIAN_POINT('',(2.1463,-2.413,1.27));
#6170=DIRECTION('',(-1.0,0.0,0.0));
#6171=DIRECTION('',(0.0,0.0,1.0));
#6172=SURFACE_STYLE_FILL_AREA(#8061);
#6173=ORIENTED_EDGE('',*,*,#8031,.T.);
#6174=ORIENTED_EDGE('',*,*,#7803,.F.);
#6175=ORIENTED_EDGE('',*,*,#7843,.F.);
#6176=ORIENTED_EDGE('',*,*,#8057,.F.);
#6177=CARTESIAN_POINT('',(0.9017,-2.413,1.27));
#6178=DIRECTION('',(1.0,0.0,0.0));
#6179=DIRECTION('',(0.0,0.0,-1.0));
#6180=SURFACE_STYLE_FILL_AREA(#8062);
#6181=ORIENTED_EDGE('',*,*,#8043,.T.);
#6182=ORIENTED_EDGE('',*,*,#8063,.T.);
#6183=ORIENTED_EDGE('',*,*,#7845,.T.);
#6184=ORIENTED_EDGE('',*,*,#8060,.T.);
#6185=CARTESIAN_POINT('',(1.524,-2.54,0.0));
#6186=DIRECTION('',(0.0,-1.0,0.0));
#6187=DIRECTION('',(1.0,0.0,0.0));
#6188=SURFACE_STYLE_FILL_AREA(#8064);
#6189=ORIENTED_EDGE('',*,*,#8042,.T.);
#6190=ORIENTED_EDGE('',*,*,#7799,.F.);
#6191=ORIENTED_EDGE('',*,*,#7846,.F.);
#6192=ORIENTED_EDGE('',*,*,#8063,.F.);
#6193=CARTESIAN_POINT('',(2.5273,-2.413,1.27));
#6194=DIRECTION('',(1.0,0.0,0.0));
#6195=DIRECTION('',(0.0,0.0,-1.0));
#6196=SURFACE_STYLE_FILL_AREA(#8065);
#6197=ORIENTED_EDGE('',*,*,#7807,.T.);
#6198=ORIENTED_EDGE('',*,*,#7840,.T.);
#6199=ORIENTED_EDGE('',*,*,#7874,.F.);
#6200=ORIENTED_EDGE('',*,*,#8066,.F.);
#6201=ORIENTED_EDGE('',*,*,#7870,.F.);
#6202=ORIENTED_EDGE('',*,*,#8067,.F.);
#6203=ORIENTED_EDGE('',*,*,#7866,.F.);
#6204=ORIENTED_EDGE('',*,*,#7756,.T.);
#6205=CARTESIAN_POINT('',(0.254,-1.27,0.0));
#6206=DIRECTION('',(-1.0,-6.12303176911189E-17,0.0));
#6207=DIRECTION('',(6.12303176911189E-17,-1.0,0.0));
#6208=SURFACE_STYLE_FILL_AREA(#8068);
#6209=ORIENTED_EDGE('',*,*,#8069,.F.);
#6210=ORIENTED_EDGE('',*,*,#7796,.F.);
#6211=ORIENTED_EDGE('',*,*,#8070,.F.);
#6212=ORIENTED_EDGE('',*,*,#8071,.F.);
#6213=CARTESIAN_POINT('',(4.064,-2.413,2.032));
#6214=DIRECTION('',(0.0,0.0,1.0));
#6215=DIRECTION('',(1.0,0.0,0.0));
#6216=SURFACE_STYLE_FILL_AREA(#8072);
#6217=ORIENTED_EDGE('',*,*,#8073,.F.);
#6218=ORIENTED_EDGE('',*,*,#8074,.F.);
#6219=ORIENTED_EDGE('',*,*,#8075,.F.);
#6220=ORIENTED_EDGE('',*,*,#7815,.F.);
#6221=CARTESIAN_POINT('',(4.064,-2.413,0.508));
#6222=DIRECTION('',(0.0,0.0,1.0));
#6223=DIRECTION('',(1.0,0.0,0.0));
#6224=SURFACE_STYLE_FILL_AREA(#8076);
#6225=ORIENTED_EDGE('',*,*,#8077,.F.);
#6226=ORIENTED_EDGE('',*,*,#7818,.F.);
#6227=ORIENTED_EDGE('',*,*,#8078,.F.);
#6228=ORIENTED_EDGE('',*,*,#8079,.F.);
#6229=CARTESIAN_POINT('',(4.064,-2.413,0.508));
#6230=DIRECTION('',(0.0,0.0,1.0));
#6231=DIRECTION('',(1.0,0.0,0.0));
#6232=SURFACE_STYLE_FILL_AREA(#8080);
#6233=ORIENTED_EDGE('',*,*,#8081,.F.);
#6234=ORIENTED_EDGE('',*,*,#8082,.F.);
#6235=ORIENTED_EDGE('',*,*,#8083,.F.);
#6236=ORIENTED_EDGE('',*,*,#7792,.F.);
#6237=CARTESIAN_POINT('',(4.064,-2.413,2.032));
#6238=DIRECTION('',(0.0,0.0,1.0));
#6239=DIRECTION('',(1.0,0.0,0.0));
#6240=SURFACE_STYLE_FILL_AREA(#8084);
#6241=ORIENTED_EDGE('',*,*,#8077,.T.);
#6242=ORIENTED_EDGE('',*,*,#8085,.F.);
#6243=ORIENTED_EDGE('',*,*,#7740,.F.);
#6244=ORIENTED_EDGE('',*,*,#7819,.F.);
#6245=CARTESIAN_POINT('',(5.0673,-2.413,1.27));
#6246=DIRECTION('',(1.0,0.0,0.0));
#6247=DIRECTION('',(0.0,0.0,-1.0));
#6248=SURFACE_STYLE_FILL_AREA(#8086);
#6249=ORIENTED_EDGE('',*,*,#8079,.T.);
#6250=ORIENTED_EDGE('',*,*,#8087,.T.);
#6251=ORIENTED_EDGE('',*,*,#7741,.T.);
#6252=ORIENTED_EDGE('',*,*,#8085,.T.);
#6253=CARTESIAN_POINT('',(4.064,-2.54,0.0));
#6254=DIRECTION('',(0.0,-1.0,0.0));
#6255=DIRECTION('',(1.0,0.0,0.0));
#6256=SURFACE_STYLE_FILL_AREA(#8088);
#6257=ORIENTED_EDGE('',*,*,#8073,.T.);
#6258=ORIENTED_EDGE('',*,*,#7814,.T.);
#6259=ORIENTED_EDGE('',*,*,#7746,.F.);
#6260=ORIENTED_EDGE('',*,*,#8089,.F.);
#6261=CARTESIAN_POINT('',(3.0607,-2.413,1.27));
#6262=DIRECTION('',(-1.0,0.0,0.0));
#6263=DIRECTION('',(0.0,0.0,1.0));
#6264=SURFACE_STYLE_FILL_AREA(#8090);
#6265=ORIENTED_EDGE('',*,*,#8069,.T.);
#6266=ORIENTED_EDGE('',*,*,#8091,.F.);
#6267=ORIENTED_EDGE('',*,*,#7847,.F.);
#6268=ORIENTED_EDGE('',*,*,#7797,.T.);
#6269=CARTESIAN_POINT('',(3.0607,-2.413,1.27));
#6270=DIRECTION('',(-1.0,0.0,0.0));
#6271=DIRECTION('',(0.0,0.0,1.0));
#6272=SURFACE_STYLE_FILL_AREA(#8092);
#6273=ORIENTED_EDGE('',*,*,#8078,.T.);
#6274=ORIENTED_EDGE('',*,*,#7817,.T.);
#6275=ORIENTED_EDGE('',*,*,#7742,.F.);
#6276=ORIENTED_EDGE('',*,*,#8087,.F.);
#6277=CARTESIAN_POINT('',(4.6863,-2.413,1.27));
#6278=DIRECTION('',(-1.0,0.0,0.0));
#6279=DIRECTION('',(0.0,0.0,1.0));
#6280=SURFACE_STYLE_FILL_AREA(#8093);
#6281=ORIENTED_EDGE('',*,*,#8074,.T.);
#6282=ORIENTED_EDGE('',*,*,#8089,.T.);
#6283=ORIENTED_EDGE('',*,*,#7745,.T.);
#6284=ORIENTED_EDGE('',*,*,#8094,.T.);
#6285=CARTESIAN_POINT('',(4.064,-2.54,0.0));
#6286=DIRECTION('',(0.0,-1.0,0.0));
#6287=DIRECTION('',(1.0,0.0,0.0));
#6288=SURFACE_STYLE_FILL_AREA(#8095);
#6289=ORIENTED_EDGE('',*,*,#8071,.T.);
#6290=ORIENTED_EDGE('',*,*,#8096,.T.);
#6291=ORIENTED_EDGE('',*,*,#7848,.T.);
#6292=ORIENTED_EDGE('',*,*,#8091,.T.);
#6293=CARTESIAN_POINT('',(4.064,-2.54,0.0));
#6294=DIRECTION('',(0.0,-1.0,0.0));
#6295=DIRECTION('',(1.0,0.0,0.0));
#6296=SURFACE_STYLE_FILL_AREA(#8097);
#6297=ORIENTED_EDGE('',*,*,#8075,.T.);
#6298=ORIENTED_EDGE('',*,*,#8094,.F.);
#6299=ORIENTED_EDGE('',*,*,#7744,.F.);
#6300=ORIENTED_EDGE('',*,*,#7816,.F.);
#6301=CARTESIAN_POINT('',(3.4417,-2.413,1.27));
#6302=DIRECTION('',(1.0,0.0,0.0));
#6303=DIRECTION('',(0.0,0.0,-1.0));
#6304=SURFACE_STYLE_FILL_AREA(#8098);
#6305=ORIENTED_EDGE('',*,*,#8083,.T.);
#6306=ORIENTED_EDGE('',*,*,#8099,.F.);
#6307=ORIENTED_EDGE('',*,*,#7850,.F.);
#6308=ORIENTED_EDGE('',*,*,#7793,.T.);
#6309=CARTESIAN_POINT('',(4.6863,-2.413,1.27));
#6310=DIRECTION('',(-1.0,0.0,0.0));
#6311=DIRECTION('',(0.0,0.0,1.0));
#6312=SURFACE_STYLE_FILL_AREA(#8100);
#6313=ORIENTED_EDGE('',*,*,#8070,.T.);
#6314=ORIENTED_EDGE('',*,*,#7795,.F.);
#6315=ORIENTED_EDGE('',*,*,#7849,.F.);
#6316=ORIENTED_EDGE('',*,*,#8096,.F.);
#6317=CARTESIAN_POINT('',(3.4417,-2.413,1.27));
#6318=DIRECTION('',(1.0,0.0,0.0));
#6319=DIRECTION('',(0.0,0.0,-1.0));
#6320=SURFACE_STYLE_FILL_AREA(#8101);
#6321=ORIENTED_EDGE('',*,*,#8082,.T.);
#6322=ORIENTED_EDGE('',*,*,#8102,.T.);
#6323=ORIENTED_EDGE('',*,*,#7851,.T.);
#6324=ORIENTED_EDGE('',*,*,#8099,.T.);
#6325=CARTESIAN_POINT('',(4.064,-2.54,0.0));
#6326=DIRECTION('',(0.0,-1.0,0.0));
#6327=DIRECTION('',(1.0,0.0,0.0));
#6328=SURFACE_STYLE_FILL_AREA(#8103);
#6329=ORIENTED_EDGE('',*,*,#8081,.T.);
#6330=ORIENTED_EDGE('',*,*,#7791,.F.);
#6331=ORIENTED_EDGE('',*,*,#7852,.F.);
#6332=ORIENTED_EDGE('',*,*,#8102,.F.);
#6333=CARTESIAN_POINT('',(5.0673,-2.413,1.27));
#6334=DIRECTION('',(1.0,0.0,0.0));
#6335=DIRECTION('',(0.0,0.0,-1.0));
#6336=SURFACE_STYLE_FILL_AREA(#8104);
#6337=ORIENTED_EDGE('',*,*,#8105,.F.);
#6338=ORIENTED_EDGE('',*,*,#8106,.F.);
#6339=ORIENTED_EDGE('',*,*,#8107,.T.);
#6340=ORIENTED_EDGE('',*,*,#7878,.F.);
#6341=ORIENTED_EDGE('',*,*,#8108,.F.);
#6342=CARTESIAN_POINT('',(14.224,0.127,0.5715));
#6343=DIRECTION('',(0.0,0.0,1.0));
#6344=DIRECTION('',(1.0,0.0,0.0));
#6345=SURFACE_STYLE_FILL_AREA(#8109);
#6346=ORIENTED_EDGE('',*,*,#8110,.F.);
#6347=ORIENTED_EDGE('',*,*,#8111,.T.);
#6348=ORIENTED_EDGE('',*,*,#8112,.F.);
#6349=ORIENTED_EDGE('',*,*,#7876,.F.);
#6350=CARTESIAN_POINT('',(14.986,0.127,1.27));
#6351=DIRECTION('',(-1.0,0.0,0.0));
#6352=DIRECTION('',(0.0,0.0,1.0));
#6353=SURFACE_STYLE_FILL_AREA(#8113);
#6354=ORIENTED_EDGE('',*,*,#8114,.F.);
#6355=ORIENTED_EDGE('',*,*,#8115,.F.);
#6356=ORIENTED_EDGE('',*,*,#8116,.F.);
#6357=ORIENTED_EDGE('',*,*,#7884,.F.);
#6358=CARTESIAN_POINT('',(13.462,0.127,1.27));
#6359=DIRECTION('',(1.0,0.0,0.0));
#6360=DIRECTION('',(0.0,0.0,-1.0));
#6361=SURFACE_STYLE_FILL_AREA(#8117);
#6362=ORIENTED_EDGE('',*,*,#8118,.F.);
#6363=ORIENTED_EDGE('',*,*,#8119,.F.);
#6364=ORIENTED_EDGE('',*,*,#7877,.F.);
#6365=ORIENTED_EDGE('',*,*,#8112,.T.);
#6366=ORIENTED_EDGE('',*,*,#8120,.F.);
#6367=CARTESIAN_POINT('',(14.224,0.127,1.9685));
#6368=DIRECTION('',(0.0,0.0,1.0));
#6369=DIRECTION('',(1.0,0.0,0.0));
#6370=SURFACE_STYLE_FILL_AREA(#8121);
#6371=ORIENTED_EDGE('',*,*,#8122,.F.);
#6372=ORIENTED_EDGE('',*,*,#7886,.F.);
#6373=ORIENTED_EDGE('',*,*,#8123,.F.);
#6374=ORIENTED_EDGE('',*,*,#8124,.F.);
#6375=CARTESIAN_POINT('',(13.462,0.127,1.27));
#6376=DIRECTION('',(1.0,0.0,0.0));
#6377=DIRECTION('',(0.0,0.0,-1.0));
#6378=SURFACE_STYLE_FILL_AREA(#8125);
#6379=ORIENTED_EDGE('',*,*,#8126,.F.);
#6380=ORIENTED_EDGE('',*,*,#7879,.F.);
#6381=ORIENTED_EDGE('',*,*,#8107,.F.);
#6382=ORIENTED_EDGE('',*,*,#8127,.T.);
#6383=CARTESIAN_POINT('',(14.986,0.127,1.27));
#6384=DIRECTION('',(-1.0,0.0,0.0));
#6385=DIRECTION('',(0.0,0.0,1.0));
#6386=SURFACE_STYLE_FILL_AREA(#8128);
#6387=ORIENTED_EDGE('',*,*,#7708,.T.);
#6388=ORIENTED_EDGE('',*,*,#8119,.T.);
#6389=ORIENTED_EDGE('',*,*,#8129,.T.);
#6390=ORIENTED_EDGE('',*,*,#8130,.T.);
#6391=CARTESIAN_POINT('',(14.478,0.0,0.0635));
#6392=DIRECTION('',(0.0,-1.0,0.0));
#6393=DIRECTION('',(1.0,0.0,0.0));
#6394=SURFACE_STYLE_FILL_AREA(#8131);
#6395=ORIENTED_EDGE('',*,*,#7706,.T.);
#6396=ORIENTED_EDGE('',*,*,#8132,.T.);
#6397=ORIENTED_EDGE('',*,*,#8133,.T.);
#6398=ORIENTED_EDGE('',*,*,#8108,.T.);
#6399=CARTESIAN_POINT('',(14.478,0.0,0.0635));
#6400=DIRECTION('',(0.0,-1.0,0.0));
#6401=DIRECTION('',(1.0,0.0,0.0));
#6402=SURFACE_STYLE_FILL_AREA(#8134);
#6403=ORIENTED_EDGE('',*,*,#8105,.T.);
#6404=ORIENTED_EDGE('',*,*,#8133,.F.);
#6405=ORIENTED_EDGE('',*,*,#8135,.T.);
#6406=ORIENTED_EDGE('',*,*,#8136,.T.);
#6407=ORIENTED_EDGE('',*,*,#8137,.T.);
#6408=ORIENTED_EDGE('',*,*,#8129,.F.);
#6409=ORIENTED_EDGE('',*,*,#8118,.T.);
#6410=ORIENTED_EDGE('',*,*,#8138,.T.);
#6411=CARTESIAN_POINT('',(15.748,4.2545,0.0635));
#6412=DIRECTION('',(1.0,-5.21905288341829E-17,0.0));
#6413=DIRECTION('',(5.21905288341829E-17,1.0,0.0));
#6414=SURFACE_STYLE_FILL_AREA(#8139);
#6415=ORIENTED_EDGE('',*,*,#7881,.F.);
#6416=ORIENTED_EDGE('',*,*,#8116,.T.);
#6417=ORIENTED_EDGE('',*,*,#8140,.F.);
#6418=ORIENTED_EDGE('',*,*,#8141,.T.);
#6419=CARTESIAN_POINT('',(11.684,0.127,0.5715));
#6420=DIRECTION('',(0.0,0.0,1.0));
#6421=DIRECTION('',(1.0,0.0,0.0));
#6422=SURFACE_STYLE_FILL_AREA(#8142);
#6423=ORIENTED_EDGE('',*,*,#8143,.F.);
#6424=ORIENTED_EDGE('',*,*,#8144,.T.);
#6425=ORIENTED_EDGE('',*,*,#8145,.F.);
#6426=ORIENTED_EDGE('',*,*,#7888,.F.);
#6427=CARTESIAN_POINT('',(12.446,0.127,1.27));
#6428=DIRECTION('',(-1.0,0.0,0.0));
#6429=DIRECTION('',(0.0,0.0,1.0));
#6430=SURFACE_STYLE_FILL_AREA(#8146);
#6431=ORIENTED_EDGE('',*,*,#8147,.F.);
#6432=ORIENTED_EDGE('',*,*,#8148,.F.);
#6433=ORIENTED_EDGE('',*,*,#8149,.F.);
#6434=ORIENTED_EDGE('',*,*,#7892,.F.);
#6435=CARTESIAN_POINT('',(10.922,0.127,1.27));
#6436=DIRECTION('',(1.0,0.0,0.0));
#6437=DIRECTION('',(0.0,0.0,-1.0));
#6438=SURFACE_STYLE_FILL_AREA(#8150);
#6439=ORIENTED_EDGE('',*,*,#8151,.F.);
#6440=ORIENTED_EDGE('',*,*,#8123,.T.);
#6441=ORIENTED_EDGE('',*,*,#7885,.F.);
#6442=ORIENTED_EDGE('',*,*,#8145,.T.);
#6443=CARTESIAN_POINT('',(11.684,0.127,1.9685));
#6444=DIRECTION('',(0.0,0.0,1.0));
#6445=DIRECTION('',(1.0,0.0,0.0));
#6446=SURFACE_STYLE_FILL_AREA(#8152);
#6447=ORIENTED_EDGE('',*,*,#8153,.F.);
#6448=ORIENTED_EDGE('',*,*,#7918,.F.);
#6449=ORIENTED_EDGE('',*,*,#8154,.F.);
#6450=ORIENTED_EDGE('',*,*,#8155,.F.);
#6451=CARTESIAN_POINT('',(10.922,0.127,1.27));
#6452=DIRECTION('',(1.0,0.0,0.0));
#6453=DIRECTION('',(0.0,0.0,-1.0));
#6454=SURFACE_STYLE_FILL_AREA(#8156);
#6455=ORIENTED_EDGE('',*,*,#8157,.F.);
#6456=ORIENTED_EDGE('',*,*,#7882,.F.);
#6457=ORIENTED_EDGE('',*,*,#8141,.F.);
#6458=ORIENTED_EDGE('',*,*,#8158,.T.);
#6459=CARTESIAN_POINT('',(12.446,0.127,1.27));
#6460=DIRECTION('',(-1.0,0.0,0.0));
#6461=DIRECTION('',(0.0,0.0,1.0));
#6462=SURFACE_STYLE_FILL_AREA(#8159);
#6463=ORIENTED_EDGE('',*,*,#7889,.F.);
#6464=ORIENTED_EDGE('',*,*,#8149,.T.);
#6465=ORIENTED_EDGE('',*,*,#8160,.F.);
#6466=ORIENTED_EDGE('',*,*,#8161,.T.);
#6467=CARTESIAN_POINT('',(9.144,0.127,0.5715));
#6468=DIRECTION('',(0.0,0.0,1.0));
#6469=DIRECTION('',(1.0,0.0,0.0));
#6470=SURFACE_STYLE_FILL_AREA(#8162);
#6471=ORIENTED_EDGE('',*,*,#8163,.F.);
#6472=ORIENTED_EDGE('',*,*,#8164,.T.);
#6473=ORIENTED_EDGE('',*,*,#8165,.F.);
#6474=ORIENTED_EDGE('',*,*,#7920,.F.);
#6475=CARTESIAN_POINT('',(9.906,0.127,1.27));
#6476=DIRECTION('',(-1.0,0.0,0.0));
#6477=DIRECTION('',(0.0,0.0,1.0));
#6478=SURFACE_STYLE_FILL_AREA(#8166);
#6479=ORIENTED_EDGE('',*,*,#8167,.F.);
#6480=ORIENTED_EDGE('',*,*,#8168,.F.);
#6481=ORIENTED_EDGE('',*,*,#8169,.F.);
#6482=ORIENTED_EDGE('',*,*,#7916,.F.);
#6483=CARTESIAN_POINT('',(8.382,0.127,1.27));
#6484=DIRECTION('',(1.0,0.0,0.0));
#6485=DIRECTION('',(0.0,0.0,-1.0));
#6486=SURFACE_STYLE_FILL_AREA(#8170);
#6487=ORIENTED_EDGE('',*,*,#8171,.F.);
#6488=ORIENTED_EDGE('',*,*,#8154,.T.);
#6489=ORIENTED_EDGE('',*,*,#7917,.F.);
#6490=ORIENTED_EDGE('',*,*,#8165,.T.);
#6491=CARTESIAN_POINT('',(9.144,0.127,1.9685));
#6492=DIRECTION('',(0.0,0.0,1.0));
#6493=DIRECTION('',(1.0,0.0,0.0));
#6494=SURFACE_STYLE_FILL_AREA(#8172);
#6495=ORIENTED_EDGE('',*,*,#8173,.F.);
#6496=ORIENTED_EDGE('',*,*,#7894,.F.);
#6497=ORIENTED_EDGE('',*,*,#8174,.F.);
#6498=ORIENTED_EDGE('',*,*,#8175,.F.);
#6499=CARTESIAN_POINT('',(8.382,0.127,1.27));
#6500=DIRECTION('',(1.0,0.0,0.0));
#6501=DIRECTION('',(0.0,0.0,-1.0));
#6502=SURFACE_STYLE_FILL_AREA(#8176);
#6503=ORIENTED_EDGE('',*,*,#8177,.F.);
#6504=ORIENTED_EDGE('',*,*,#7890,.F.);
#6505=ORIENTED_EDGE('',*,*,#8161,.F.);
#6506=ORIENTED_EDGE('',*,*,#8178,.T.);
#6507=CARTESIAN_POINT('',(9.906,0.127,1.27));
#6508=DIRECTION('',(-1.0,0.0,0.0));
#6509=DIRECTION('',(0.0,0.0,1.0));
#6510=SURFACE_STYLE_FILL_AREA(#8179);
#6511=ORIENTED_EDGE('',*,*,#7913,.F.);
#6512=ORIENTED_EDGE('',*,*,#8169,.T.);
#6513=ORIENTED_EDGE('',*,*,#8180,.F.);
#6514=ORIENTED_EDGE('',*,*,#8181,.T.);
#6515=CARTESIAN_POINT('',(6.604,0.127,0.5715));
#6516=DIRECTION('',(0.0,0.0,1.0));
#6517=DIRECTION('',(1.0,0.0,0.0));
#6518=SURFACE_STYLE_FILL_AREA(#8182);
#6519=ORIENTED_EDGE('',*,*,#8183,.F.);
#6520=ORIENTED_EDGE('',*,*,#8184,.T.);
#6521=ORIENTED_EDGE('',*,*,#8185,.F.);
#6522=ORIENTED_EDGE('',*,*,#7896,.F.);
#6523=CARTESIAN_POINT('',(7.366,0.127,1.27));
#6524=DIRECTION('',(-1.0,0.0,0.0));
#6525=DIRECTION('',(0.0,0.0,1.0));
#6526=SURFACE_STYLE_FILL_AREA(#8186);
#6527=ORIENTED_EDGE('',*,*,#8187,.F.);
#6528=ORIENTED_EDGE('',*,*,#8188,.F.);
#6529=ORIENTED_EDGE('',*,*,#8189,.F.);
#6530=ORIENTED_EDGE('',*,*,#7900,.F.);
#6531=CARTESIAN_POINT('',(5.842,0.127,1.27));
#6532=DIRECTION('',(1.0,0.0,0.0));
#6533=DIRECTION('',(0.0,0.0,-1.0));
#6534=SURFACE_STYLE_FILL_AREA(#8190);
#6535=ORIENTED_EDGE('',*,*,#8191,.F.);
#6536=ORIENTED_EDGE('',*,*,#8174,.T.);
#6537=ORIENTED_EDGE('',*,*,#7893,.F.);
#6538=ORIENTED_EDGE('',*,*,#8185,.T.);
#6539=CARTESIAN_POINT('',(6.604,0.127,1.9685));
#6540=DIRECTION('',(0.0,0.0,1.0));
#6541=DIRECTION('',(1.0,0.0,0.0));
#6542=SURFACE_STYLE_FILL_AREA(#8192);
#6543=ORIENTED_EDGE('',*,*,#8193,.F.);
#6544=ORIENTED_EDGE('',*,*,#7910,.F.);
#6545=ORIENTED_EDGE('',*,*,#8194,.F.);
#6546=ORIENTED_EDGE('',*,*,#8195,.F.);
#6547=CARTESIAN_POINT('',(5.842,0.127,1.27));
#6548=DIRECTION('',(1.0,0.0,0.0));
#6549=DIRECTION('',(0.0,0.0,-1.0));
#6550=SURFACE_STYLE_FILL_AREA(#8196);
#6551=ORIENTED_EDGE('',*,*,#8197,.F.);
#6552=ORIENTED_EDGE('',*,*,#7914,.F.);
#6553=ORIENTED_EDGE('',*,*,#8181,.F.);
#6554=ORIENTED_EDGE('',*,*,#8198,.T.);
#6555=CARTESIAN_POINT('',(7.366,0.127,1.27));
#6556=DIRECTION('',(-1.0,0.0,0.0));
#6557=DIRECTION('',(0.0,0.0,1.0));
#6558=SURFACE_STYLE_FILL_AREA(#8199);
#6559=ORIENTED_EDGE('',*,*,#7897,.F.);
#6560=ORIENTED_EDGE('',*,*,#8189,.T.);
#6561=ORIENTED_EDGE('',*,*,#8200,.F.);
#6562=ORIENTED_EDGE('',*,*,#8201,.T.);
#6563=CARTESIAN_POINT('',(4.064,0.127,0.5715));
#6564=DIRECTION('',(0.0,0.0,1.0));
#6565=DIRECTION('',(1.0,0.0,0.0));
#6566=SURFACE_STYLE_FILL_AREA(#8202);
#6567=ORIENTED_EDGE('',*,*,#8203,.F.);
#6568=ORIENTED_EDGE('',*,*,#8204,.T.);
#6569=ORIENTED_EDGE('',*,*,#8205,.F.);
#6570=ORIENTED_EDGE('',*,*,#7912,.F.);
#6571=CARTESIAN_POINT('',(4.826,0.127,1.27));
#6572=DIRECTION('',(-1.0,0.0,0.0));
#6573=DIRECTION('',(0.0,0.0,1.0));
#6574=SURFACE_STYLE_FILL_AREA(#8206);
#6575=ORIENTED_EDGE('',*,*,#8207,.F.);
#6576=ORIENTED_EDGE('',*,*,#8208,.F.);
#6577=ORIENTED_EDGE('',*,*,#8209,.F.);
#6578=ORIENTED_EDGE('',*,*,#7908,.F.);
#6579=CARTESIAN_POINT('',(3.302,0.127,1.27));
#6580=DIRECTION('',(1.0,0.0,0.0));
#6581=DIRECTION('',(0.0,0.0,-1.0));
#6582=SURFACE_STYLE_FILL_AREA(#8210);
#6583=ORIENTED_EDGE('',*,*,#8211,.F.);
#6584=ORIENTED_EDGE('',*,*,#8194,.T.);
#6585=ORIENTED_EDGE('',*,*,#7909,.F.);
#6586=ORIENTED_EDGE('',*,*,#8205,.T.);
#6587=CARTESIAN_POINT('',(4.064,0.127,1.9685));
#6588=DIRECTION('',(0.0,0.0,1.0));
#6589=DIRECTION('',(1.0,0.0,0.0));
#6590=SURFACE_STYLE_FILL_AREA(#8212);
#6591=ORIENTED_EDGE('',*,*,#8213,.F.);
#6592=ORIENTED_EDGE('',*,*,#7902,.F.);
#6593=ORIENTED_EDGE('',*,*,#8214,.F.);
#6594=ORIENTED_EDGE('',*,*,#8215,.F.);
#6595=CARTESIAN_POINT('',(3.302,0.127,1.27));
#6596=DIRECTION('',(1.0,0.0,0.0));
#6597=DIRECTION('',(0.0,0.0,-1.0));
#6598=SURFACE_STYLE_FILL_AREA(#8216);
#6599=ORIENTED_EDGE('',*,*,#8217,.F.);
#6600=ORIENTED_EDGE('',*,*,#7898,.F.);
#6601=ORIENTED_EDGE('',*,*,#8201,.F.);
#6602=ORIENTED_EDGE('',*,*,#8218,.T.);
#6603=CARTESIAN_POINT('',(4.826,0.127,1.27));
#6604=DIRECTION('',(-1.0,0.0,0.0));
#6605=DIRECTION('',(0.0,0.0,1.0));
#6606=SURFACE_STYLE_FILL_AREA(#8219);
#6607=ORIENTED_EDGE('',*,*,#7905,.F.);
#6608=ORIENTED_EDGE('',*,*,#8209,.T.);
#6609=ORIENTED_EDGE('',*,*,#8220,.F.);
#6610=ORIENTED_EDGE('',*,*,#8221,.T.);
#6611=CARTESIAN_POINT('',(1.524,0.127,0.5715));
#6612=DIRECTION('',(0.0,0.0,1.0));
#6613=DIRECTION('',(1.0,0.0,0.0));
#6614=SURFACE_STYLE_FILL_AREA(#8222);
#6615=ORIENTED_EDGE('',*,*,#8223,.F.);
#6616=ORIENTED_EDGE('',*,*,#8224,.T.);
#6617=ORIENTED_EDGE('',*,*,#8225,.F.);
#6618=ORIENTED_EDGE('',*,*,#7904,.F.);
#6619=CARTESIAN_POINT('',(2.286,0.127,1.27));
#6620=DIRECTION('',(-1.0,0.0,0.0));
#6621=DIRECTION('',(0.0,0.0,1.0));
#6622=SURFACE_STYLE_FILL_AREA(#8226);
#6623=ORIENTED_EDGE('',*,*,#8227,.F.);
#6624=ORIENTED_EDGE('',*,*,#8228,.F.);
#6625=ORIENTED_EDGE('',*,*,#8229,.F.);
#6626=ORIENTED_EDGE('',*,*,#7868,.F.);
#6627=CARTESIAN_POINT('',(0.762,0.127,1.27));
#6628=DIRECTION('',(1.0,0.0,0.0));
#6629=DIRECTION('',(0.0,0.0,-1.0));
#6630=SURFACE_STYLE_FILL_AREA(#8230);
#6631=ORIENTED_EDGE('',*,*,#8231,.F.);
#6632=ORIENTED_EDGE('',*,*,#8232,.F.);
#6633=ORIENTED_EDGE('',*,*,#7869,.F.);
#6634=ORIENTED_EDGE('',*,*,#8229,.T.);
#6635=ORIENTED_EDGE('',*,*,#8233,.F.);
#6636=CARTESIAN_POINT('',(1.524,0.127,0.5715));
#6637=DIRECTION('',(0.0,0.0,1.0));
#6638=DIRECTION('',(1.0,0.0,0.0));
#6639=SURFACE_STYLE_FILL_AREA(#8234);
#6640=ORIENTED_EDGE('',*,*,#8235,.F.);
#6641=ORIENTED_EDGE('',*,*,#8214,.T.);
#6642=ORIENTED_EDGE('',*,*,#7901,.F.);
#6643=ORIENTED_EDGE('',*,*,#8225,.T.);
#6644=CARTESIAN_POINT('',(1.524,0.127,1.9685));
#6645=DIRECTION('',(0.0,0.0,1.0));
#6646=DIRECTION('',(1.0,0.0,0.0));
#6647=SURFACE_STYLE_FILL_AREA(#8236);
#6648=ORIENTED_EDGE('',*,*,#8237,.F.);
#6649=ORIENTED_EDGE('',*,*,#8238,.F.);
#6650=ORIENTED_EDGE('',*,*,#8239,.T.);
#6651=ORIENTED_EDGE('',*,*,#7871,.F.);
#6652=ORIENTED_EDGE('',*,*,#8240,.F.);
#6653=CARTESIAN_POINT('',(1.524,0.127,1.9685));
#6654=DIRECTION('',(0.0,0.0,1.0));
#6655=DIRECTION('',(1.0,0.0,0.0));
#6656=SURFACE_STYLE_FILL_AREA(#8241);
#6657=ORIENTED_EDGE('',*,*,#8242,.F.);
#6658=ORIENTED_EDGE('',*,*,#7872,.F.);
#6659=ORIENTED_EDGE('',*,*,#8239,.F.);
#6660=ORIENTED_EDGE('',*,*,#8243,.F.);
#6661=CARTESIAN_POINT('',(0.762,0.127,1.27));
#6662=DIRECTION('',(1.0,0.0,0.0));
#6663=DIRECTION('',(0.0,0.0,-1.0));
#6664=SURFACE_STYLE_FILL_AREA(#8244);
#6665=ORIENTED_EDGE('',*,*,#8245,.F.);
#6666=ORIENTED_EDGE('',*,*,#7906,.F.);
#6667=ORIENTED_EDGE('',*,*,#8221,.F.);
#6668=ORIENTED_EDGE('',*,*,#8246,.T.);
#6669=CARTESIAN_POINT('',(2.286,0.127,1.27));
#6670=DIRECTION('',(-1.0,0.0,0.0));
#6671=DIRECTION('',(0.0,0.0,1.0));
#6672=SURFACE_STYLE_FILL_AREA(#8247);
#6673=ORIENTED_EDGE('',*,*,#6954,.T.);
#6674=ORIENTED_EDGE('',*,*,#6941,.T.);
#6675=ORIENTED_EDGE('',*,*,#6937,.T.);
#6676=ORIENTED_EDGE('',*,*,#6951,.T.);
#6677=ORIENTED_EDGE('',*,*,#7044,.T.);
#6678=ORIENTED_EDGE('',*,*,#7031,.T.);
#6679=ORIENTED_EDGE('',*,*,#7027,.T.);
#6680=ORIENTED_EDGE('',*,*,#7041,.T.);
#6681=ORIENTED_EDGE('',*,*,#7134,.T.);
#6682=ORIENTED_EDGE('',*,*,#7121,.T.);
#6683=ORIENTED_EDGE('',*,*,#7117,.T.);
#6684=ORIENTED_EDGE('',*,*,#7131,.T.);
#6685=ORIENTED_EDGE('',*,*,#7224,.T.);
#6686=ORIENTED_EDGE('',*,*,#7211,.T.);
#6687=ORIENTED_EDGE('',*,*,#7207,.T.);
#6688=ORIENTED_EDGE('',*,*,#7221,.T.);
#6689=ORIENTED_EDGE('',*,*,#7314,.T.);
#6690=ORIENTED_EDGE('',*,*,#7301,.T.);
#6691=ORIENTED_EDGE('',*,*,#7297,.T.);
#6692=ORIENTED_EDGE('',*,*,#7311,.T.);
#6693=ORIENTED_EDGE('',*,*,#7404,.T.);
#6694=ORIENTED_EDGE('',*,*,#7391,.T.);
#6695=ORIENTED_EDGE('',*,*,#7387,.T.);
#6696=ORIENTED_EDGE('',*,*,#7401,.T.);
#6697=ORIENTED_EDGE('',*,*,#8220,.T.);
#6698=ORIENTED_EDGE('',*,*,#8208,.T.);
#6699=ORIENTED_EDGE('',*,*,#8248,.F.);
#6700=ORIENTED_EDGE('',*,*,#8218,.F.);
#6701=ORIENTED_EDGE('',*,*,#8200,.T.);
#6702=ORIENTED_EDGE('',*,*,#8188,.T.);
#6703=ORIENTED_EDGE('',*,*,#8249,.F.);
#6704=ORIENTED_EDGE('',*,*,#8198,.F.);
#6705=ORIENTED_EDGE('',*,*,#8180,.T.);
#6706=ORIENTED_EDGE('',*,*,#8168,.T.);
#6707=ORIENTED_EDGE('',*,*,#8250,.F.);
#6708=ORIENTED_EDGE('',*,*,#8178,.F.);
#6709=ORIENTED_EDGE('',*,*,#8160,.T.);
#6710=ORIENTED_EDGE('',*,*,#8148,.T.);
#6711=ORIENTED_EDGE('',*,*,#8251,.F.);
#6712=ORIENTED_EDGE('',*,*,#8158,.F.);
#6713=ORIENTED_EDGE('',*,*,#8140,.T.);
#6714=ORIENTED_EDGE('',*,*,#8115,.T.);
#6715=ORIENTED_EDGE('',*,*,#8252,.F.);
#6716=ORIENTED_EDGE('',*,*,#8127,.F.);
#6717=ORIENTED_EDGE('',*,*,#8106,.T.);
#6718=ORIENTED_EDGE('',*,*,#8138,.F.);
#6719=ORIENTED_EDGE('',*,*,#8120,.T.);
#6720=ORIENTED_EDGE('',*,*,#8111,.F.);
#6721=ORIENTED_EDGE('',*,*,#8253,.F.);
#6722=ORIENTED_EDGE('',*,*,#8124,.T.);
#6723=ORIENTED_EDGE('',*,*,#8151,.T.);
#6724=ORIENTED_EDGE('',*,*,#8144,.F.);
#6725=ORIENTED_EDGE('',*,*,#8254,.F.);
#6726=ORIENTED_EDGE('',*,*,#8155,.T.);
#6727=ORIENTED_EDGE('',*,*,#8171,.T.);
#6728=ORIENTED_EDGE('',*,*,#8164,.F.);
#6729=ORIENTED_EDGE('',*,*,#8255,.F.);
#6730=ORIENTED_EDGE('',*,*,#8175,.T.);
#6731=ORIENTED_EDGE('',*,*,#8191,.T.);
#6732=ORIENTED_EDGE('',*,*,#8184,.F.);
#6733=ORIENTED_EDGE('',*,*,#8256,.F.);
#6734=ORIENTED_EDGE('',*,*,#8195,.T.);
#6735=ORIENTED_EDGE('',*,*,#8211,.T.);
#6736=ORIENTED_EDGE('',*,*,#8204,.F.);
#6737=ORIENTED_EDGE('',*,*,#8257,.F.);
#6738=ORIENTED_EDGE('',*,*,#8215,.T.);
#6739=ORIENTED_EDGE('',*,*,#8235,.T.);
#6740=ORIENTED_EDGE('',*,*,#8224,.F.);
#6741=ORIENTED_EDGE('',*,*,#8258,.F.);
#6742=ORIENTED_EDGE('',*,*,#8243,.T.);
#6743=ORIENTED_EDGE('',*,*,#8238,.T.);
#6744=ORIENTED_EDGE('',*,*,#8259,.F.);
#6745=ORIENTED_EDGE('',*,*,#8233,.T.);
#6746=ORIENTED_EDGE('',*,*,#8228,.T.);
#6747=ORIENTED_EDGE('',*,*,#8260,.F.);
#6748=ORIENTED_EDGE('',*,*,#8246,.F.);
#6749=CARTESIAN_POINT('',(1.524,0.254,1.27));
#6750=DIRECTION('',(0.0,-1.0,0.0));
#6751=DIRECTION('',(0.0,0.0,-1.0));
#6752=SURFACE_STYLE_FILL_AREA(#8261);
#6753=ORIENTED_EDGE('',*,*,#8245,.T.);
#6754=ORIENTED_EDGE('',*,*,#8260,.T.);
#6755=ORIENTED_EDGE('',*,*,#8227,.T.);
#6756=ORIENTED_EDGE('',*,*,#7867,.F.);
#6757=ORIENTED_EDGE('',*,*,#8262,.F.);
#6758=ORIENTED_EDGE('',*,*,#8263,.F.);
#6759=ORIENTED_EDGE('',*,*,#8264,.F.);
#6760=ORIENTED_EDGE('',*,*,#8135,.F.);
#6761=ORIENTED_EDGE('',*,*,#8132,.F.);
#6762=ORIENTED_EDGE('',*,*,#7880,.F.);
#6763=ORIENTED_EDGE('',*,*,#8126,.T.);
#6764=ORIENTED_EDGE('',*,*,#8252,.T.);
#6765=ORIENTED_EDGE('',*,*,#8114,.T.);
#6766=ORIENTED_EDGE('',*,*,#7883,.F.);
#6767=ORIENTED_EDGE('',*,*,#8157,.T.);
#6768=ORIENTED_EDGE('',*,*,#8251,.T.);
#6769=ORIENTED_EDGE('',*,*,#8147,.T.);
#6770=ORIENTED_EDGE('',*,*,#7891,.F.);
#6771=ORIENTED_EDGE('',*,*,#8177,.T.);
#6772=ORIENTED_EDGE('',*,*,#8250,.T.);
#6773=ORIENTED_EDGE('',*,*,#8167,.T.);
#6774=ORIENTED_EDGE('',*,*,#7915,.F.);
#6775=ORIENTED_EDGE('',*,*,#8197,.T.);
#6776=ORIENTED_EDGE('',*,*,#8249,.T.);
#6777=ORIENTED_EDGE('',*,*,#8187,.T.);
#6778=ORIENTED_EDGE('',*,*,#7899,.F.);
#6779=ORIENTED_EDGE('',*,*,#8217,.T.);
#6780=ORIENTED_EDGE('',*,*,#8248,.T.);
#6781=ORIENTED_EDGE('',*,*,#8207,.T.);
#6782=ORIENTED_EDGE('',*,*,#7907,.F.);
#6783=CARTESIAN_POINT('',(1.524,4.2545,0.0635));
#6784=DIRECTION('',(0.0,0.0,1.0));
#6785=DIRECTION('',(1.0,0.0,0.0));
#6786=SURFACE_STYLE_FILL_AREA(#8265);
#6787=ORIENTED_EDGE('',*,*,#8067,.T.);
#6788=ORIENTED_EDGE('',*,*,#8232,.T.);
#6789=ORIENTED_EDGE('',*,*,#8266,.F.);
#6790=ORIENTED_EDGE('',*,*,#8262,.T.);
#6791=CARTESIAN_POINT('',(1.524,0.0,0.0635));
#6792=DIRECTION('',(0.0,-1.0,0.0));
#6793=DIRECTION('',(1.0,0.0,0.0));
#6794=SURFACE_STYLE_FILL_AREA(#8267);
#6795=ORIENTED_EDGE('',*,*,#8066,.T.);
#6796=ORIENTED_EDGE('',*,*,#8268,.T.);
#6797=ORIENTED_EDGE('',*,*,#8269,.F.);
#6798=ORIENTED_EDGE('',*,*,#8240,.T.);
#6799=CARTESIAN_POINT('',(1.524,0.0,0.0635));
#6800=DIRECTION('',(0.0,-1.0,0.0));
#6801=DIRECTION('',(1.0,0.0,0.0));
#6802=SURFACE_STYLE_FILL_AREA(#8270);
#6803=ORIENTED_EDGE('',*,*,#8231,.T.);
#6804=ORIENTED_EDGE('',*,*,#8259,.T.);
#6805=ORIENTED_EDGE('',*,*,#8237,.T.);
#6806=ORIENTED_EDGE('',*,*,#8269,.T.);
#6807=ORIENTED_EDGE('',*,*,#8271,.T.);
#6808=ORIENTED_EDGE('',*,*,#8272,.F.);
#6809=ORIENTED_EDGE('',*,*,#8263,.T.);
#6810=ORIENTED_EDGE('',*,*,#8266,.T.);
#6811=CARTESIAN_POINT('',(7.81513159850596E-16,4.2545,0.0635));
#6812=DIRECTION('',(-1.0,1.83690953073357E-16,0.0));
#6813=DIRECTION('',(-1.83690953073357E-16,-1.0,0.0));
#6814=SURFACE_STYLE_FILL_AREA(#8273);
#6815=ORIENTED_EDGE('',*,*,#7498,.T.);
#6816=ORIENTED_EDGE('',*,*,#7501,.T.);
#6817=ORIENTED_EDGE('',*,*,#7475,.T.);
#6818=ORIENTED_EDGE('',*,*,#7480,.T.);
#6819=ORIENTED_EDGE('',*,*,#7526,.T.);
#6820=ORIENTED_EDGE('',*,*,#7529,.T.);
#6821=ORIENTED_EDGE('',*,*,#7503,.T.);
#6822=ORIENTED_EDGE('',*,*,#7508,.T.);
#6823=ORIENTED_EDGE('',*,*,#7554,.T.);
#6824=ORIENTED_EDGE('',*,*,#7557,.T.);
#6825=ORIENTED_EDGE('',*,*,#7531,.T.);
#6826=ORIENTED_EDGE('',*,*,#7536,.T.);
#6827=ORIENTED_EDGE('',*,*,#7582,.T.);
#6828=ORIENTED_EDGE('',*,*,#7585,.T.);
#6829=ORIENTED_EDGE('',*,*,#7559,.T.);
#6830=ORIENTED_EDGE('',*,*,#7564,.T.);
#6831=ORIENTED_EDGE('',*,*,#7610,.T.);
#6832=ORIENTED_EDGE('',*,*,#7613,.T.);
#6833=ORIENTED_EDGE('',*,*,#7587,.T.);
#6834=ORIENTED_EDGE('',*,*,#7592,.T.);
#6835=ORIENTED_EDGE('',*,*,#7638,.T.);
#6836=ORIENTED_EDGE('',*,*,#7641,.T.);
#6837=ORIENTED_EDGE('',*,*,#7615,.T.);
#6838=ORIENTED_EDGE('',*,*,#7620,.T.);
#6839=ORIENTED_EDGE('',*,*,#8274,.T.);
#6840=ORIENTED_EDGE('',*,*,#8136,.F.);
#6841=ORIENTED_EDGE('',*,*,#8264,.T.);
#6842=ORIENTED_EDGE('',*,*,#8272,.T.);
#6843=CARTESIAN_POINT('',(1.524,8.509,0.0635));
#6844=DIRECTION('',(0.0,1.0,0.0));
#6845=DIRECTION('',(-1.0,0.0,0.0));
#6846=SURFACE_STYLE_FILL_AREA(#8275);
#6847=ORIENTED_EDGE('',*,*,#8223,.T.);
#6848=ORIENTED_EDGE('',*,*,#7903,.F.);
#6849=ORIENTED_EDGE('',*,*,#8213,.T.);
#6850=ORIENTED_EDGE('',*,*,#8257,.T.);
#6851=ORIENTED_EDGE('',*,*,#8203,.T.);
#6852=ORIENTED_EDGE('',*,*,#7911,.F.);
#6853=ORIENTED_EDGE('',*,*,#8193,.T.);
#6854=ORIENTED_EDGE('',*,*,#8256,.T.);
#6855=ORIENTED_EDGE('',*,*,#8183,.T.);
#6856=ORIENTED_EDGE('',*,*,#7895,.F.);
#6857=ORIENTED_EDGE('',*,*,#8173,.T.);
#6858=ORIENTED_EDGE('',*,*,#8255,.T.);
#6859=ORIENTED_EDGE('',*,*,#8163,.T.);
#6860=ORIENTED_EDGE('',*,*,#7919,.F.);
#6861=ORIENTED_EDGE('',*,*,#8153,.T.);
#6862=ORIENTED_EDGE('',*,*,#8254,.T.);
#6863=ORIENTED_EDGE('',*,*,#8143,.T.);
#6864=ORIENTED_EDGE('',*,*,#7887,.F.);
#6865=ORIENTED_EDGE('',*,*,#8122,.T.);
#6866=ORIENTED_EDGE('',*,*,#8253,.T.);
#6867=ORIENTED_EDGE('',*,*,#8110,.T.);
#6868=ORIENTED_EDGE('',*,*,#7875,.F.);
#6869=ORIENTED_EDGE('',*,*,#8130,.F.);
#6870=ORIENTED_EDGE('',*,*,#8137,.F.);
#6871=ORIENTED_EDGE('',*,*,#8274,.F.);
#6872=ORIENTED_EDGE('',*,*,#8271,.F.);
#6873=ORIENTED_EDGE('',*,*,#8268,.F.);
#6874=ORIENTED_EDGE('',*,*,#7873,.F.);
#6875=ORIENTED_EDGE('',*,*,#8242,.T.);
#6876=ORIENTED_EDGE('',*,*,#8258,.T.);
#6877=CARTESIAN_POINT('',(1.524,4.2545,2.4765));
#6878=DIRECTION('',(0.0,0.0,1.0));
#6879=DIRECTION('',(1.0,0.0,0.0));
#6880=FILL_AREA_STYLE('',(#8276));
#6881=EDGE_CURVE('',#8277,#8278,#8279,.T.);
#6882=EDGE_CURVE('',#8280,#8278,#8281,.T.);
#6883=EDGE_CURVE('',#8280,#8282,#8283,.T.);
#6884=EDGE_CURVE('',#8282,#8277,#8284,.T.);
#6885=FILL_AREA_STYLE('',(#8285));
#6886=EDGE_CURVE('',#8286,#8287,#8288,.T.);
#6887=EDGE_CURVE('',#8278,#8286,#8289,.T.);
#6888=EDGE_CURVE('',#8277,#8287,#8290,.T.);
#6889=FILL_AREA_STYLE('',(#8291));
#6890=EDGE_CURVE('',#8292,#8293,#8294,.T.);
#6891=EDGE_CURVE('',#8295,#8293,#8296,.T.);
#6892=EDGE_CURVE('',#8295,#8297,#8298,.T.);
#6893=EDGE_CURVE('',#8297,#8292,#8299,.T.);
#6894=FILL_AREA_STYLE('',(#8300));
#6895=EDGE_CURVE('',#8301,#8302,#8303,.T.);
#6896=EDGE_CURVE('',#8293,#8301,#8304,.T.);
#6897=EDGE_CURVE('',#8292,#8302,#8305,.T.);
#6898=FILL_AREA_STYLE('',(#8306));
#6899=EDGE_CURVE('',#8307,#8308,#8309,.T.);
#6900=EDGE_CURVE('',#8310,#8308,#8311,.T.);
#6901=EDGE_CURVE('',#8310,#8312,#8313,.T.);
#6902=EDGE_CURVE('',#8312,#8307,#8314,.T.);
#6903=FILL_AREA_STYLE('',(#8315));
#6904=EDGE_CURVE('',#8316,#8317,#8318,.T.);
#6905=EDGE_CURVE('',#8308,#8316,#8319,.T.);
#6906=EDGE_CURVE('',#8307,#8317,#8320,.T.);
#6907=FILL_AREA_STYLE('',(#8321));
#6908=EDGE_CURVE('',#8322,#8323,#8324,.T.);
#6909=EDGE_CURVE('',#8325,#8323,#8326,.T.);
#6910=EDGE_CURVE('',#8325,#8327,#8328,.T.);
#6911=EDGE_CURVE('',#8327,#8322,#8329,.T.);
#6912=FILL_AREA_STYLE('',(#8330));
#6913=EDGE_CURVE('',#8331,#8332,#8333,.T.);
#6914=EDGE_CURVE('',#8323,#8331,#8334,.T.);
#6915=EDGE_CURVE('',#8322,#8332,#8335,.T.);
#6916=FILL_AREA_STYLE('',(#8336));
#6917=EDGE_CURVE('',#8337,#8338,#8339,.T.);
#6918=EDGE_CURVE('',#8340,#8338,#8341,.T.);
#6919=EDGE_CURVE('',#8340,#8342,#8343,.T.);
#6920=EDGE_CURVE('',#8342,#8337,#8344,.T.);
#6921=FILL_AREA_STYLE('',(#8345));
#6922=EDGE_CURVE('',#8346,#8347,#8348,.T.);
#6923=EDGE_CURVE('',#8338,#8346,#8349,.T.);
#6924=EDGE_CURVE('',#8337,#8347,#8350,.T.);
#6925=FILL_AREA_STYLE('',(#8351));
#6926=EDGE_CURVE('',#8352,#8353,#8354,.T.);
#6927=EDGE_CURVE('',#8355,#8353,#8356,.T.);
#6928=EDGE_CURVE('',#8355,#8357,#8358,.T.);
#6929=EDGE_CURVE('',#8357,#8352,#8359,.T.);
#6930=FILL_AREA_STYLE('',(#8360));
#6931=EDGE_CURVE('',#8361,#8362,#8363,.T.);
#6932=EDGE_CURVE('',#8353,#8361,#8364,.T.);
#6933=EDGE_CURVE('',#8352,#8362,#8365,.T.);
#6934=FILL_AREA_STYLE('',(#8366));
#6935=EDGE_CURVE('',#8367,#8368,#8369,.T.);
#6936=EDGE_CURVE('',#8370,#8367,#8371,.T.);
#6937=EDGE_CURVE('',#8372,#8370,#8373,.T.);
#6938=EDGE_CURVE('',#8368,#8372,#8374,.T.);
#6939=FILL_AREA_STYLE('',(#8375));
#6940=EDGE_CURVE('',#8368,#8376,#8377,.T.);
#6941=EDGE_CURVE('',#8378,#8372,#8379,.T.);
#6942=EDGE_CURVE('',#8378,#8376,#8380,.T.);
#6943=FILL_AREA_STYLE('',(#8381));
#6944=EDGE_CURVE('',#8382,#8383,#8384,.T.);
#6945=EDGE_CURVE('',#8382,#8385,#8386,.T.);
#6946=EDGE_CURVE('',#8387,#8385,#8388,.T.);
#6947=EDGE_CURVE('',#8387,#8383,#8389,.T.);
#6948=FILL_AREA_STYLE('',(#8390));
#6949=EDGE_CURVE('',#8391,#8367,#8392,.T.);
#6950=EDGE_CURVE('',#8391,#8393,#8394,.T.);
#6951=EDGE_CURVE('',#8370,#8393,#8395,.T.);
#6952=FILL_AREA_STYLE('',(#8396));
#6953=EDGE_CURVE('',#8376,#8391,#8397,.T.);
#6954=EDGE_CURVE('',#8393,#8378,#8398,.T.);
#6955=FILL_AREA_STYLE('',(#8399));
#6956=EDGE_CURVE('',#8400,#8382,#8401,.T.);
#6957=EDGE_CURVE('',#8402,#8400,#8403,.T.);
#6958=EDGE_CURVE('',#8385,#8402,#8404,.T.);
#6959=FILL_AREA_STYLE('',(#8405));
#6960=EDGE_CURVE('',#8406,#8407,#8408,.T.);
#6961=EDGE_CURVE('',#8409,#8406,#8410,.T.);
#6962=EDGE_CURVE('',#8411,#8409,#8412,.T.);
#6963=EDGE_CURVE('',#8413,#8411,#8414,.T.);
#6964=EDGE_CURVE('',#8415,#8413,#8416,.T.);
#6965=EDGE_CURVE('',#8362,#8415,#8417,.T.);
#6966=EDGE_CURVE('',#8418,#8357,#8419,.T.);
#6967=EDGE_CURVE('',#8420,#8418,#8421,.T.);
#6968=EDGE_CURVE('',#8422,#8420,#8423,.T.);
#6969=EDGE_CURVE('',#8407,#8422,#8424,.T.);
#6970=FILL_AREA_STYLE('',(#8425));
#6971=EDGE_CURVE('',#8426,#8427,#8428,.T.);
#6972=EDGE_CURVE('',#8429,#8426,#8430,.T.);
#6973=EDGE_CURVE('',#8431,#8429,#8432,.T.);
#6974=EDGE_CURVE('',#8431,#8433,#8434,.T.);
#6975=EDGE_CURVE('',#8355,#8433,#8435,.T.);
#6976=EDGE_CURVE('',#8361,#8436,#8437,.T.);
#6977=EDGE_CURVE('',#8438,#8436,#8439,.T.);
#6978=EDGE_CURVE('',#8440,#8438,#8441,.T.);
#6979=EDGE_CURVE('',#8440,#8442,#8443,.T.);
#6980=EDGE_CURVE('',#8427,#8442,#8444,.T.);
#6981=FILL_AREA_STYLE('',(#8445));
#6982=EDGE_CURVE('',#8446,#8402,#8447,.T.);
#6983=EDGE_CURVE('',#8402,#8448,#8449,.T.);
#6984=EDGE_CURVE('',#8448,#8450,#8451,.T.);
#6985=EDGE_CURVE('',#8450,#8446,#8452,.T.);
#6986=FILL_AREA_STYLE('',(#8453));
#6987=EDGE_CURVE('',#8385,#8454,#8455,.T.);
#6988=EDGE_CURVE('',#8454,#8456,#8457,.T.);
#6989=EDGE_CURVE('',#8456,#8387,#8458,.T.);
#6990=FILL_AREA_STYLE('',(#8459));
#6991=EDGE_CURVE('',#8456,#8450,#8460,.T.);
#6992=EDGE_CURVE('',#8454,#8446,#8461,.T.);
#6993=FILL_AREA_STYLE('',(#8462));
#6994=EDGE_CURVE('',#8387,#8448,#8463,.T.);
#6995=FILL_AREA_STYLE('',(#8464));
#6996=FILL_AREA_STYLE('',(#8465));
#6997=EDGE_CURVE('',#8383,#8466,#8467,.T.);
#6998=EDGE_CURVE('',#8466,#8448,#8468,.T.);
#6999=FILL_AREA_STYLE('',(#8469));
#7000=EDGE_CURVE('',#8466,#8400,#8470,.T.);
#7001=FILL_AREA_STYLE('',(#8471));
#7002=EDGE_CURVE('',#8431,#8420,#8472,.T.);
#7003=EDGE_CURVE('',#8422,#8429,#8473,.T.);
#7004=FILL_AREA_STYLE('',(#8474));
#7005=EDGE_CURVE('',#8433,#8418,#8475,.T.);
#7006=FILL_AREA_STYLE('',(#8476));
#7007=FILL_AREA_STYLE('',(#8477));
#7008=EDGE_CURVE('',#8436,#8415,#8478,.T.);
#7009=FILL_AREA_STYLE('',(#8479));
#7010=EDGE_CURVE('',#8438,#8413,#8480,.T.);
#7011=FILL_AREA_STYLE('',(#8481));
#7012=EDGE_CURVE('',#8440,#8411,#8482,.T.);
#7013=FILL_AREA_STYLE('',(#8483));
#7014=EDGE_CURVE('',#8442,#8409,#8484,.T.);
#7015=FILL_AREA_STYLE('',(#8485));
#7016=EDGE_CURVE('',#8426,#8486,#8487,.T.);
#7017=EDGE_CURVE('',#8486,#8488,#8489,.T.);
#7018=EDGE_CURVE('',#8490,#8488,#8491,.T.);
#7019=EDGE_CURVE('',#8490,#8492,#8493,.T.);
#7020=EDGE_CURVE('',#8492,#8407,#8494,.T.);
#7021=FILL_AREA_STYLE('',(#8495));
#7022=EDGE_CURVE('',#8427,#8496,#8497,.T.);
#7023=EDGE_CURVE('',#8496,#8486,#8498,.T.);
#7024=FILL_AREA_STYLE('',(#8499));
#7025=EDGE_CURVE('',#8500,#8501,#8502,.T.);
#7026=EDGE_CURVE('',#8503,#8500,#8504,.T.);
#7027=EDGE_CURVE('',#8505,#8503,#8506,.T.);
#7028=EDGE_CURVE('',#8501,#8505,#8507,.T.);
#7029=FILL_AREA_STYLE('',(#8508));
#7030=EDGE_CURVE('',#8501,#8509,#8510,.T.);
#7031=EDGE_CURVE('',#8511,#8505,#8512,.T.);
#7032=EDGE_CURVE('',#8511,#8509,#8513,.T.);
#7033=FILL_AREA_STYLE('',(#8514));
#7034=EDGE_CURVE('',#8515,#8516,#8517,.T.);
#7035=EDGE_CURVE('',#8515,#8518,#8519,.T.);
#7036=EDGE_CURVE('',#8520,#8518,#8521,.T.);
#7037=EDGE_CURVE('',#8520,#8516,#8522,.T.);
#7038=FILL_AREA_STYLE('',(#8523));
#7039=EDGE_CURVE('',#8524,#8500,#8525,.T.);
#7040=EDGE_CURVE('',#8524,#8526,#8527,.T.);
#7041=EDGE_CURVE('',#8503,#8526,#8528,.T.);
#7042=FILL_AREA_STYLE('',(#8529));
#7043=EDGE_CURVE('',#8509,#8524,#8530,.T.);
#7044=EDGE_CURVE('',#8526,#8511,#8531,.T.);
#7045=FILL_AREA_STYLE('',(#8532));
#7046=EDGE_CURVE('',#8533,#8515,#8534,.T.);
#7047=EDGE_CURVE('',#8535,#8533,#8536,.T.);
#7048=EDGE_CURVE('',#8518,#8535,#8537,.T.);
#7049=FILL_AREA_STYLE('',(#8538));
#7050=EDGE_CURVE('',#8539,#8540,#8541,.T.);
#7051=EDGE_CURVE('',#8542,#8539,#8543,.T.);
#7052=EDGE_CURVE('',#8544,#8542,#8545,.T.);
#7053=EDGE_CURVE('',#8546,#8544,#8547,.T.);
#7054=EDGE_CURVE('',#8548,#8546,#8549,.T.);
#7055=EDGE_CURVE('',#8347,#8548,#8550,.T.);
#7056=EDGE_CURVE('',#8551,#8342,#8552,.T.);
#7057=EDGE_CURVE('',#8553,#8551,#8554,.T.);
#7058=EDGE_CURVE('',#8555,#8553,#8556,.T.);
#7059=EDGE_CURVE('',#8540,#8555,#8557,.T.);
#7060=FILL_AREA_STYLE('',(#8558));
#7061=EDGE_CURVE('',#8559,#8560,#8561,.T.);
#7062=EDGE_CURVE('',#8562,#8559,#8563,.T.);
#7063=EDGE_CURVE('',#8564,#8562,#8565,.T.);
#7064=EDGE_CURVE('',#8564,#8566,#8567,.T.);
#7065=EDGE_CURVE('',#8340,#8566,#8568,.T.);
#7066=EDGE_CURVE('',#8346,#8569,#8570,.T.);
#7067=EDGE_CURVE('',#8571,#8569,#8572,.T.);
#7068=EDGE_CURVE('',#8573,#8571,#8574,.T.);
#7069=EDGE_CURVE('',#8573,#8575,#8576,.T.);
#7070=EDGE_CURVE('',#8560,#8575,#8577,.T.);
#7071=FILL_AREA_STYLE('',(#8578));
#7072=EDGE_CURVE('',#8579,#8535,#8580,.T.);
#7073=EDGE_CURVE('',#8535,#8581,#8582,.T.);
#7074=EDGE_CURVE('',#8581,#8583,#8584,.T.);
#7075=EDGE_CURVE('',#8583,#8579,#8585,.T.);
#7076=FILL_AREA_STYLE('',(#8586));
#7077=EDGE_CURVE('',#8518,#8587,#8588,.T.);
#7078=EDGE_CURVE('',#8587,#8589,#8590,.T.);
#7079=EDGE_CURVE('',#8589,#8520,#8591,.T.);
#7080=FILL_AREA_STYLE('',(#8592));
#7081=EDGE_CURVE('',#8589,#8583,#8593,.T.);
#7082=EDGE_CURVE('',#8587,#8579,#8594,.T.);
#7083=FILL_AREA_STYLE('',(#8595));
#7084=EDGE_CURVE('',#8520,#8581,#8596,.T.);
#7085=FILL_AREA_STYLE('',(#8597));
#7086=FILL_AREA_STYLE('',(#8598));
#7087=EDGE_CURVE('',#8516,#8599,#8600,.T.);
#7088=EDGE_CURVE('',#8599,#8581,#8601,.T.);
#7089=FILL_AREA_STYLE('',(#8602));
#7090=EDGE_CURVE('',#8599,#8533,#8603,.T.);
#7091=FILL_AREA_STYLE('',(#8604));
#7092=EDGE_CURVE('',#8564,#8553,#8605,.T.);
#7093=EDGE_CURVE('',#8555,#8562,#8606,.T.);
#7094=FILL_AREA_STYLE('',(#8607));
#7095=EDGE_CURVE('',#8566,#8551,#8608,.T.);
#7096=FILL_AREA_STYLE('',(#8609));
#7097=FILL_AREA_STYLE('',(#8610));
#7098=EDGE_CURVE('',#8569,#8548,#8611,.T.);
#7099=FILL_AREA_STYLE('',(#8612));
#7100=EDGE_CURVE('',#8571,#8546,#8613,.T.);
#7101=FILL_AREA_STYLE('',(#8614));
#7102=EDGE_CURVE('',#8573,#8544,#8615,.T.);
#7103=FILL_AREA_STYLE('',(#8616));
#7104=EDGE_CURVE('',#8575,#8542,#8617,.T.);
#7105=FILL_AREA_STYLE('',(#8618));
#7106=EDGE_CURVE('',#8559,#8619,#8620,.T.);
#7107=EDGE_CURVE('',#8619,#8621,#8622,.T.);
#7108=EDGE_CURVE('',#8623,#8621,#8624,.T.);
#7109=EDGE_CURVE('',#8623,#8625,#8626,.T.);
#7110=EDGE_CURVE('',#8625,#8540,#8627,.T.);
#7111=FILL_AREA_STYLE('',(#8628));
#7112=EDGE_CURVE('',#8560,#8629,#8630,.T.);
#7113=EDGE_CURVE('',#8629,#8619,#8631,.T.);
#7114=FILL_AREA_STYLE('',(#8632));
#7115=EDGE_CURVE('',#8633,#8634,#8635,.T.);
#7116=EDGE_CURVE('',#8636,#8633,#8637,.T.);
#7117=EDGE_CURVE('',#8638,#8636,#8639,.T.);
#7118=EDGE_CURVE('',#8634,#8638,#8640,.T.);
#7119=FILL_AREA_STYLE('',(#8641));
#7120=EDGE_CURVE('',#8634,#8642,#8643,.T.);
#7121=EDGE_CURVE('',#8644,#8638,#8645,.T.);
#7122=EDGE_CURVE('',#8644,#8642,#8646,.T.);
#7123=FILL_AREA_STYLE('',(#8647));
#7124=EDGE_CURVE('',#8648,#8649,#8650,.T.);
#7125=EDGE_CURVE('',#8648,#8651,#8652,.T.);
#7126=EDGE_CURVE('',#8653,#8651,#8654,.T.);
#7127=EDGE_CURVE('',#8653,#8649,#8655,.T.);
#7128=FILL_AREA_STYLE('',(#8656));
#7129=EDGE_CURVE('',#8657,#8633,#8658,.T.);
#7130=EDGE_CURVE('',#8657,#8659,#8660,.T.);
#7131=EDGE_CURVE('',#8636,#8659,#8661,.T.);
#7132=FILL_AREA_STYLE('',(#8662));
#7133=EDGE_CURVE('',#8642,#8657,#8663,.T.);
#7134=EDGE_CURVE('',#8659,#8644,#8664,.T.);
#7135=FILL_AREA_STYLE('',(#8665));
#7136=EDGE_CURVE('',#8666,#8648,#8667,.T.);
#7137=EDGE_CURVE('',#8668,#8666,#8669,.T.);
#7138=EDGE_CURVE('',#8651,#8668,#8670,.T.);
#7139=FILL_AREA_STYLE('',(#8671));
#7140=EDGE_CURVE('',#8672,#8673,#8674,.T.);
#7141=EDGE_CURVE('',#8675,#8672,#8676,.T.);
#7142=EDGE_CURVE('',#8677,#8675,#8678,.T.);
#7143=EDGE_CURVE('',#8679,#8677,#8680,.T.);
#7144=EDGE_CURVE('',#8681,#8679,#8682,.T.);
#7145=EDGE_CURVE('',#8332,#8681,#8683,.T.);
#7146=EDGE_CURVE('',#8684,#8327,#8685,.T.);
#7147=EDGE_CURVE('',#8686,#8684,#8687,.T.);
#7148=EDGE_CURVE('',#8688,#8686,#8689,.T.);
#7149=EDGE_CURVE('',#8673,#8688,#8690,.T.);
#7150=FILL_AREA_STYLE('',(#8691));
#7151=EDGE_CURVE('',#8692,#8693,#8694,.T.);
#7152=EDGE_CURVE('',#8695,#8692,#8696,.T.);
#7153=EDGE_CURVE('',#8697,#8695,#8698,.T.);
#7154=EDGE_CURVE('',#8697,#8699,#8700,.T.);
#7155=EDGE_CURVE('',#8325,#8699,#8701,.T.);
#7156=EDGE_CURVE('',#8331,#8702,#8703,.T.);
#7157=EDGE_CURVE('',#8704,#8702,#8705,.T.);
#7158=EDGE_CURVE('',#8706,#8704,#8707,.T.);
#7159=EDGE_CURVE('',#8706,#8708,#8709,.T.);
#7160=EDGE_CURVE('',#8693,#8708,#8710,.T.);
#7161=FILL_AREA_STYLE('',(#8711));
#7162=EDGE_CURVE('',#8712,#8668,#8713,.T.);
#7163=EDGE_CURVE('',#8668,#8714,#8715,.T.);
#7164=EDGE_CURVE('',#8714,#8716,#8717,.T.);
#7165=EDGE_CURVE('',#8716,#8712,#8718,.T.);
#7166=FILL_AREA_STYLE('',(#8719));
#7167=EDGE_CURVE('',#8651,#8720,#8721,.T.);
#7168=EDGE_CURVE('',#8720,#8722,#8723,.T.);
#7169=EDGE_CURVE('',#8722,#8653,#8724,.T.);
#7170=FILL_AREA_STYLE('',(#8725));
#7171=EDGE_CURVE('',#8722,#8716,#8726,.T.);
#7172=EDGE_CURVE('',#8720,#8712,#8727,.T.);
#7173=FILL_AREA_STYLE('',(#8728));
#7174=EDGE_CURVE('',#8653,#8714,#8729,.T.);
#7175=FILL_AREA_STYLE('',(#8730));
#7176=FILL_AREA_STYLE('',(#8731));
#7177=EDGE_CURVE('',#8649,#8732,#8733,.T.);
#7178=EDGE_CURVE('',#8732,#8714,#8734,.T.);
#7179=FILL_AREA_STYLE('',(#8735));
#7180=EDGE_CURVE('',#8732,#8666,#8736,.T.);
#7181=FILL_AREA_STYLE('',(#8737));
#7182=EDGE_CURVE('',#8697,#8686,#8738,.T.);
#7183=EDGE_CURVE('',#8688,#8695,#8739,.T.);
#7184=FILL_AREA_STYLE('',(#8740));
#7185=EDGE_CURVE('',#8699,#8684,#8741,.T.);
#7186=FILL_AREA_STYLE('',(#8742));
#7187=FILL_AREA_STYLE('',(#8743));
#7188=EDGE_CURVE('',#8702,#8681,#8744,.T.);
#7189=FILL_AREA_STYLE('',(#8745));
#7190=EDGE_CURVE('',#8704,#8679,#8746,.T.);
#7191=FILL_AREA_STYLE('',(#8747));
#7192=EDGE_CURVE('',#8706,#8677,#8748,.T.);
#7193=FILL_AREA_STYLE('',(#8749));
#7194=EDGE_CURVE('',#8708,#8675,#8750,.T.);
#7195=FILL_AREA_STYLE('',(#8751));
#7196=EDGE_CURVE('',#8692,#8752,#8753,.T.);
#7197=EDGE_CURVE('',#8752,#8754,#8755,.T.);
#7198=EDGE_CURVE('',#8756,#8754,#8757,.T.);
#7199=EDGE_CURVE('',#8756,#8758,#8759,.T.);
#7200=EDGE_CURVE('',#8758,#8673,#8760,.T.);
#7201=FILL_AREA_STYLE('',(#8761));
#7202=EDGE_CURVE('',#8693,#8762,#8763,.T.);
#7203=EDGE_CURVE('',#8762,#8752,#8764,.T.);
#7204=FILL_AREA_STYLE('',(#8765));
#7205=EDGE_CURVE('',#8766,#8767,#8768,.T.);
#7206=EDGE_CURVE('',#8769,#8766,#8770,.T.);
#7207=EDGE_CURVE('',#8771,#8769,#8772,.T.);
#7208=EDGE_CURVE('',#8767,#8771,#8773,.T.);
#7209=FILL_AREA_STYLE('',(#8774));
#7210=EDGE_CURVE('',#8767,#8775,#8776,.T.);
#7211=EDGE_CURVE('',#8777,#8771,#8778,.T.);
#7212=EDGE_CURVE('',#8777,#8775,#8779,.T.);
#7213=FILL_AREA_STYLE('',(#8780));
#7214=EDGE_CURVE('',#8781,#8782,#8783,.T.);
#7215=EDGE_CURVE('',#8781,#8784,#8785,.T.);
#7216=EDGE_CURVE('',#8786,#8784,#8787,.T.);
#7217=EDGE_CURVE('',#8786,#8782,#8788,.T.);
#7218=FILL_AREA_STYLE('',(#8789));
#7219=EDGE_CURVE('',#8790,#8766,#8791,.T.);
#7220=EDGE_CURVE('',#8790,#8792,#8793,.T.);
#7221=EDGE_CURVE('',#8769,#8792,#8794,.T.);
#7222=FILL_AREA_STYLE('',(#8795));
#7223=EDGE_CURVE('',#8775,#8790,#8796,.T.);
#7224=EDGE_CURVE('',#8792,#8777,#8797,.T.);
#7225=FILL_AREA_STYLE('',(#8798));
#7226=EDGE_CURVE('',#8799,#8781,#8800,.T.);
#7227=EDGE_CURVE('',#8801,#8799,#8802,.T.);
#7228=EDGE_CURVE('',#8784,#8801,#8803,.T.);
#7229=FILL_AREA_STYLE('',(#8804));
#7230=EDGE_CURVE('',#8805,#8806,#8807,.T.);
#7231=EDGE_CURVE('',#8808,#8805,#8809,.T.);
#7232=EDGE_CURVE('',#8810,#8808,#8811,.T.);
#7233=EDGE_CURVE('',#8812,#8810,#8813,.T.);
#7234=EDGE_CURVE('',#8814,#8812,#8815,.T.);
#7235=EDGE_CURVE('',#8317,#8814,#8816,.T.);
#7236=EDGE_CURVE('',#8817,#8312,#8818,.T.);
#7237=EDGE_CURVE('',#8819,#8817,#8820,.T.);
#7238=EDGE_CURVE('',#8821,#8819,#8822,.T.);
#7239=EDGE_CURVE('',#8806,#8821,#8823,.T.);
#7240=FILL_AREA_STYLE('',(#8824));
#7241=EDGE_CURVE('',#8825,#8826,#8827,.T.);
#7242=EDGE_CURVE('',#8828,#8825,#8829,.T.);
#7243=EDGE_CURVE('',#8830,#8828,#8831,.T.);
#7244=EDGE_CURVE('',#8830,#8832,#8833,.T.);
#7245=EDGE_CURVE('',#8310,#8832,#8834,.T.);
#7246=EDGE_CURVE('',#8316,#8835,#8836,.T.);
#7247=EDGE_CURVE('',#8837,#8835,#8838,.T.);
#7248=EDGE_CURVE('',#8839,#8837,#8840,.T.);
#7249=EDGE_CURVE('',#8839,#8841,#8842,.T.);
#7250=EDGE_CURVE('',#8826,#8841,#8843,.T.);
#7251=FILL_AREA_STYLE('',(#8844));
#7252=EDGE_CURVE('',#8845,#8801,#8846,.T.);
#7253=EDGE_CURVE('',#8801,#8847,#8848,.T.);
#7254=EDGE_CURVE('',#8847,#8849,#8850,.T.);
#7255=EDGE_CURVE('',#8849,#8845,#8851,.T.);
#7256=FILL_AREA_STYLE('',(#8852));
#7257=EDGE_CURVE('',#8784,#8853,#8854,.T.);
#7258=EDGE_CURVE('',#8853,#8855,#8856,.T.);
#7259=EDGE_CURVE('',#8855,#8786,#8857,.T.);
#7260=FILL_AREA_STYLE('',(#8858));
#7261=EDGE_CURVE('',#8855,#8849,#8859,.T.);
#7262=EDGE_CURVE('',#8853,#8845,#8860,.T.);
#7263=FILL_AREA_STYLE('',(#8861));
#7264=EDGE_CURVE('',#8786,#8847,#8862,.T.);
#7265=FILL_AREA_STYLE('',(#8863));
#7266=FILL_AREA_STYLE('',(#8864));
#7267=EDGE_CURVE('',#8782,#8865,#8866,.T.);
#7268=EDGE_CURVE('',#8865,#8847,#8867,.T.);
#7269=FILL_AREA_STYLE('',(#8868));
#7270=EDGE_CURVE('',#8865,#8799,#8869,.T.);
#7271=FILL_AREA_STYLE('',(#8870));
#7272=EDGE_CURVE('',#8830,#8819,#8871,.T.);
#7273=EDGE_CURVE('',#8821,#8828,#8872,.T.);
#7274=FILL_AREA_STYLE('',(#8873));
#7275=EDGE_CURVE('',#8832,#8817,#8874,.T.);
#7276=FILL_AREA_STYLE('',(#8875));
#7277=FILL_AREA_STYLE('',(#8876));
#7278=EDGE_CURVE('',#8835,#8814,#8877,.T.);
#7279=FILL_AREA_STYLE('',(#8878));
#7280=EDGE_CURVE('',#8837,#8812,#8879,.T.);
#7281=FILL_AREA_STYLE('',(#8880));
#7282=EDGE_CURVE('',#8839,#8810,#8881,.T.);
#7283=FILL_AREA_STYLE('',(#8882));
#7284=EDGE_CURVE('',#8841,#8808,#8883,.T.);
#7285=FILL_AREA_STYLE('',(#8884));
#7286=EDGE_CURVE('',#8825,#8885,#8886,.T.);
#7287=EDGE_CURVE('',#8885,#8887,#8888,.T.);
#7288=EDGE_CURVE('',#8889,#8887,#8890,.T.);
#7289=EDGE_CURVE('',#8889,#8891,#8892,.T.);
#7290=EDGE_CURVE('',#8891,#8806,#8893,.T.);
#7291=FILL_AREA_STYLE('',(#8894));
#7292=EDGE_CURVE('',#8826,#8895,#8896,.T.);
#7293=EDGE_CURVE('',#8895,#8885,#8897,.T.);
#7294=FILL_AREA_STYLE('',(#8898));
#7295=EDGE_CURVE('',#8899,#8900,#8901,.T.);
#7296=EDGE_CURVE('',#8902,#8899,#8903,.T.);
#7297=EDGE_CURVE('',#8904,#8902,#8905,.T.);
#7298=EDGE_CURVE('',#8900,#8904,#8906,.T.);
#7299=FILL_AREA_STYLE('',(#8907));
#7300=EDGE_CURVE('',#8900,#8908,#8909,.T.);
#7301=EDGE_CURVE('',#8910,#8904,#8911,.T.);
#7302=EDGE_CURVE('',#8910,#8908,#8912,.T.);
#7303=FILL_AREA_STYLE('',(#8913));
#7304=EDGE_CURVE('',#8914,#8915,#8916,.T.);
#7305=EDGE_CURVE('',#8914,#8917,#8918,.T.);
#7306=EDGE_CURVE('',#8919,#8917,#8920,.T.);
#7307=EDGE_CURVE('',#8919,#8915,#8921,.T.);
#7308=FILL_AREA_STYLE('',(#8922));
#7309=EDGE_CURVE('',#8923,#8899,#8924,.T.);
#7310=EDGE_CURVE('',#8923,#8925,#8926,.T.);
#7311=EDGE_CURVE('',#8902,#8925,#8927,.T.);
#7312=FILL_AREA_STYLE('',(#8928));
#7313=EDGE_CURVE('',#8908,#8923,#8929,.T.);
#7314=EDGE_CURVE('',#8925,#8910,#8930,.T.);
#7315=FILL_AREA_STYLE('',(#8931));
#7316=EDGE_CURVE('',#8932,#8914,#8933,.T.);
#7317=EDGE_CURVE('',#8934,#8932,#8935,.T.);
#7318=EDGE_CURVE('',#8917,#8934,#8936,.T.);
#7319=FILL_AREA_STYLE('',(#8937));
#7320=EDGE_CURVE('',#8938,#8939,#8940,.T.);
#7321=EDGE_CURVE('',#8941,#8938,#8942,.T.);
#7322=EDGE_CURVE('',#8943,#8941,#8944,.T.);
#7323=EDGE_CURVE('',#8945,#8943,#8946,.T.);
#7324=EDGE_CURVE('',#8947,#8945,#8948,.T.);
#7325=EDGE_CURVE('',#8302,#8947,#8949,.T.);
#7326=EDGE_CURVE('',#8950,#8297,#8951,.T.);
#7327=EDGE_CURVE('',#8952,#8950,#8953,.T.);
#7328=EDGE_CURVE('',#8954,#8952,#8955,.T.);
#7329=EDGE_CURVE('',#8939,#8954,#8956,.T.);
#7330=FILL_AREA_STYLE('',(#8957));
#7331=EDGE_CURVE('',#8958,#8959,#8960,.T.);
#7332=EDGE_CURVE('',#8961,#8958,#8962,.T.);
#7333=EDGE_CURVE('',#8963,#8961,#8964,.T.);
#7334=EDGE_CURVE('',#8963,#8965,#8966,.T.);
#7335=EDGE_CURVE('',#8295,#8965,#8967,.T.);
#7336=EDGE_CURVE('',#8301,#8968,#8969,.T.);
#7337=EDGE_CURVE('',#8970,#8968,#8971,.T.);
#7338=EDGE_CURVE('',#8972,#8970,#8973,.T.);
#7339=EDGE_CURVE('',#8972,#8974,#8975,.T.);
#7340=EDGE_CURVE('',#8959,#8974,#8976,.T.);
#7341=FILL_AREA_STYLE('',(#8977));
#7342=EDGE_CURVE('',#8978,#8934,#8979,.T.);
#7343=EDGE_CURVE('',#8934,#8980,#8981,.T.);
#7344=EDGE_CURVE('',#8980,#8982,#8983,.T.);
#7345=EDGE_CURVE('',#8982,#8978,#8984,.T.);
#7346=FILL_AREA_STYLE('',(#8985));
#7347=EDGE_CURVE('',#8917,#8986,#8987,.T.);
#7348=EDGE_CURVE('',#8986,#8988,#8989,.T.);
#7349=EDGE_CURVE('',#8988,#8919,#8990,.T.);
#7350=FILL_AREA_STYLE('',(#8991));
#7351=EDGE_CURVE('',#8988,#8982,#8992,.T.);
#7352=EDGE_CURVE('',#8986,#8978,#8993,.T.);
#7353=FILL_AREA_STYLE('',(#8994));
#7354=EDGE_CURVE('',#8919,#8980,#8995,.T.);
#7355=FILL_AREA_STYLE('',(#8996));
#7356=FILL_AREA_STYLE('',(#8997));
#7357=EDGE_CURVE('',#8915,#8998,#8999,.T.);
#7358=EDGE_CURVE('',#8998,#8980,#9000,.T.);
#7359=FILL_AREA_STYLE('',(#9001));
#7360=EDGE_CURVE('',#8998,#8932,#9002,.T.);
#7361=FILL_AREA_STYLE('',(#9003));
#7362=EDGE_CURVE('',#8963,#8952,#9004,.T.);
#7363=EDGE_CURVE('',#8954,#8961,#9005,.T.);
#7364=FILL_AREA_STYLE('',(#9006));
#7365=EDGE_CURVE('',#8965,#8950,#9007,.T.);
#7366=FILL_AREA_STYLE('',(#9008));
#7367=FILL_AREA_STYLE('',(#9009));
#7368=EDGE_CURVE('',#8968,#8947,#9010,.T.);
#7369=FILL_AREA_STYLE('',(#9011));
#7370=EDGE_CURVE('',#8970,#8945,#9012,.T.);
#7371=FILL_AREA_STYLE('',(#9013));
#7372=EDGE_CURVE('',#8972,#8943,#9014,.T.);
#7373=FILL_AREA_STYLE('',(#9015));
#7374=EDGE_CURVE('',#8974,#8941,#9016,.T.);
#7375=FILL_AREA_STYLE('',(#9017));
#7376=EDGE_CURVE('',#8958,#9018,#9019,.T.);
#7377=EDGE_CURVE('',#9018,#9020,#9021,.T.);
#7378=EDGE_CURVE('',#9022,#9020,#9023,.T.);
#7379=EDGE_CURVE('',#9022,#9024,#9025,.T.);
#7380=EDGE_CURVE('',#9024,#8939,#9026,.T.);
#7381=FILL_AREA_STYLE('',(#9027));
#7382=EDGE_CURVE('',#8959,#9028,#9029,.T.);
#7383=EDGE_CURVE('',#9028,#9018,#9030,.T.);
#7384=FILL_AREA_STYLE('',(#9031));
#7385=EDGE_CURVE('',#9032,#9033,#9034,.T.);
#7386=EDGE_CURVE('',#9035,#9032,#9036,.T.);
#7387=EDGE_CURVE('',#9037,#9035,#9038,.T.);
#7388=EDGE_CURVE('',#9033,#9037,#9039,.T.);
#7389=FILL_AREA_STYLE('',(#9040));
#7390=EDGE_CURVE('',#9033,#9041,#9042,.T.);
#7391=EDGE_CURVE('',#9043,#9037,#9044,.T.);
#7392=EDGE_CURVE('',#9043,#9041,#9045,.T.);
#7393=FILL_AREA_STYLE('',(#9046));
#7394=EDGE_CURVE('',#9047,#9048,#9049,.T.);
#7395=EDGE_CURVE('',#9047,#9050,#9051,.T.);
#7396=EDGE_CURVE('',#9052,#9050,#9053,.T.);
#7397=EDGE_CURVE('',#9052,#9048,#9054,.T.);
#7398=FILL_AREA_STYLE('',(#9055));
#7399=EDGE_CURVE('',#9056,#9032,#9057,.T.);
#7400=EDGE_CURVE('',#9056,#9058,#9059,.T.);
#7401=EDGE_CURVE('',#9035,#9058,#9060,.T.);
#7402=FILL_AREA_STYLE('',(#9061));
#7403=EDGE_CURVE('',#9041,#9056,#9062,.T.);
#7404=EDGE_CURVE('',#9058,#9043,#9063,.T.);
#7405=FILL_AREA_STYLE('',(#9064));
#7406=EDGE_CURVE('',#9065,#9047,#9066,.T.);
#7407=EDGE_CURVE('',#9067,#9065,#9068,.T.);
#7408=EDGE_CURVE('',#9050,#9067,#9069,.T.);
#7409=FILL_AREA_STYLE('',(#9070));
#7410=EDGE_CURVE('',#9071,#9072,#9073,.T.);
#7411=EDGE_CURVE('',#9074,#9071,#9075,.T.);
#7412=EDGE_CURVE('',#9076,#9074,#9077,.T.);
#7413=EDGE_CURVE('',#9078,#9076,#9079,.T.);
#7414=EDGE_CURVE('',#9080,#9078,#9081,.T.);
#7415=EDGE_CURVE('',#8287,#9080,#9082,.T.);
#7416=EDGE_CURVE('',#9083,#8282,#9084,.T.);
#7417=EDGE_CURVE('',#9085,#9083,#9086,.T.);
#7418=EDGE_CURVE('',#9087,#9085,#9088,.T.);
#7419=EDGE_CURVE('',#9072,#9087,#9089,.T.);
#7420=FILL_AREA_STYLE('',(#9090));
#7421=EDGE_CURVE('',#9091,#9092,#9093,.T.);
#7422=EDGE_CURVE('',#9094,#9091,#9095,.T.);
#7423=EDGE_CURVE('',#9096,#9094,#9097,.T.);
#7424=EDGE_CURVE('',#9096,#9098,#9099,.T.);
#7425=EDGE_CURVE('',#8280,#9098,#9100,.T.);
#7426=EDGE_CURVE('',#8286,#9101,#9102,.T.);
#7427=EDGE_CURVE('',#9103,#9101,#9104,.T.);
#7428=EDGE_CURVE('',#9105,#9103,#9106,.T.);
#7429=EDGE_CURVE('',#9105,#9107,#9108,.T.);
#7430=EDGE_CURVE('',#9092,#9107,#9109,.T.);
#7431=FILL_AREA_STYLE('',(#9110));
#7432=EDGE_CURVE('',#9111,#9067,#9112,.T.);
#7433=EDGE_CURVE('',#9067,#9113,#9114,.T.);
#7434=EDGE_CURVE('',#9113,#9115,#9116,.T.);
#7435=EDGE_CURVE('',#9115,#9111,#9117,.T.);
#7436=FILL_AREA_STYLE('',(#9118));
#7437=EDGE_CURVE('',#9050,#9119,#9120,.T.);
#7438=EDGE_CURVE('',#9119,#9121,#9122,.T.);
#7439=EDGE_CURVE('',#9121,#9052,#9123,.T.);
#7440=FILL_AREA_STYLE('',(#9124));
#7441=EDGE_CURVE('',#9121,#9115,#9125,.T.);
#7442=EDGE_CURVE('',#9119,#9111,#9126,.T.);
#7443=FILL_AREA_STYLE('',(#9127));
#7444=EDGE_CURVE('',#9052,#9113,#9128,.T.);
#7445=FILL_AREA_STYLE('',(#9129));
#7446=FILL_AREA_STYLE('',(#9130));
#7447=EDGE_CURVE('',#9048,#9131,#9132,.T.);
#7448=EDGE_CURVE('',#9131,#9113,#9133,.T.);
#7449=FILL_AREA_STYLE('',(#9134));
#7450=EDGE_CURVE('',#9131,#9065,#9135,.T.);
#7451=FILL_AREA_STYLE('',(#9136));
#7452=EDGE_CURVE('',#9096,#9085,#9137,.T.);
#7453=EDGE_CURVE('',#9087,#9094,#9138,.T.);
#7454=FILL_AREA_STYLE('',(#9139));
#7455=EDGE_CURVE('',#9098,#9083,#9140,.T.);
#7456=FILL_AREA_STYLE('',(#9141));
#7457=FILL_AREA_STYLE('',(#9142));
#7458=EDGE_CURVE('',#9101,#9080,#9143,.T.);
#7459=FILL_AREA_STYLE('',(#9144));
#7460=EDGE_CURVE('',#9103,#9078,#9145,.T.);
#7461=FILL_AREA_STYLE('',(#9146));
#7462=EDGE_CURVE('',#9105,#9076,#9147,.T.);
#7463=FILL_AREA_STYLE('',(#9148));
#7464=EDGE_CURVE('',#9107,#9074,#9149,.T.);
#7465=FILL_AREA_STYLE('',(#9150));
#7466=EDGE_CURVE('',#9091,#9151,#9152,.T.);
#7467=EDGE_CURVE('',#9151,#9153,#9154,.T.);
#7468=EDGE_CURVE('',#9155,#9153,#9156,.T.);
#7469=EDGE_CURVE('',#9155,#9157,#9158,.T.);
#7470=EDGE_CURVE('',#9157,#9072,#9159,.T.);
#7471=FILL_AREA_STYLE('',(#9160));
#7472=EDGE_CURVE('',#9092,#9161,#9162,.T.);
#7473=EDGE_CURVE('',#9161,#9151,#9163,.T.);
#7474=FILL_AREA_STYLE('',(#9164));
#7475=EDGE_CURVE('',#9165,#9166,#9167,.T.);
#7476=EDGE_CURVE('',#9168,#9165,#9169,.T.);
#7477=EDGE_CURVE('',#9170,#9168,#9171,.T.);
#7478=EDGE_CURVE('',#9166,#9170,#9172,.T.);
#7479=FILL_AREA_STYLE('',(#9173));
#7480=EDGE_CURVE('',#9166,#9174,#9175,.T.);
#7481=EDGE_CURVE('',#9176,#9170,#9177,.T.);
#7482=EDGE_CURVE('',#9176,#9174,#9178,.T.);
#7483=FILL_AREA_STYLE('',(#9179));
#7484=EDGE_CURVE('',#9180,#9181,#9182,.T.);
#7485=EDGE_CURVE('',#9180,#8490,#9183,.T.);
#7486=EDGE_CURVE('',#8488,#9181,#9184,.T.);
#7487=EDGE_CURVE('',#9168,#9185,#9186,.T.);
#7488=EDGE_CURVE('',#9185,#9176,#9187,.T.);
#7489=FILL_AREA_STYLE('',(#9188));
#7490=EDGE_CURVE('',#9189,#9180,#9190,.T.);
#7491=EDGE_CURVE('',#8492,#9189,#9191,.T.);
#7492=FILL_AREA_STYLE('',(#9192));
#7493=EDGE_CURVE('',#9181,#8496,#9193,.T.);
#7494=FILL_AREA_STYLE('',(#9194));
#7495=EDGE_CURVE('',#9189,#8406,#9195,.T.);
#7496=FILL_AREA_STYLE('',(#9196));
#7497=FILL_AREA_STYLE('',(#9197));
#7498=EDGE_CURVE('',#9174,#9198,#9199,.T.);
#7499=EDGE_CURVE('',#9198,#9185,#9200,.T.);
#7500=FILL_AREA_STYLE('',(#9201));
#7501=EDGE_CURVE('',#9198,#9165,#9202,.T.);
#7502=FILL_AREA_STYLE('',(#9203));
#7503=EDGE_CURVE('',#9204,#9205,#9206,.T.);
#7504=EDGE_CURVE('',#9207,#9204,#9208,.T.);
#7505=EDGE_CURVE('',#9209,#9207,#9210,.T.);
#7506=EDGE_CURVE('',#9205,#9209,#9211,.T.);
#7507=FILL_AREA_STYLE('',(#9212));
#7508=EDGE_CURVE('',#9205,#9213,#9214,.T.);
#7509=EDGE_CURVE('',#9215,#9209,#9216,.T.);
#7510=EDGE_CURVE('',#9215,#9213,#9217,.T.);
#7511=FILL_AREA_STYLE('',(#9218));
#7512=EDGE_CURVE('',#9219,#9220,#9221,.T.);
#7513=EDGE_CURVE('',#9219,#8623,#9222,.T.);
#7514=EDGE_CURVE('',#8621,#9220,#9223,.T.);
#7515=EDGE_CURVE('',#9207,#9224,#9225,.T.);
#7516=EDGE_CURVE('',#9224,#9215,#9226,.T.);
#7517=FILL_AREA_STYLE('',(#9227));
#7518=EDGE_CURVE('',#9228,#9219,#9229,.T.);
#7519=EDGE_CURVE('',#8625,#9228,#9230,.T.);
#7520=FILL_AREA_STYLE('',(#9231));
#7521=EDGE_CURVE('',#9220,#8629,#9232,.T.);
#7522=FILL_AREA_STYLE('',(#9233));
#7523=EDGE_CURVE('',#9228,#8539,#9234,.T.);
#7524=FILL_AREA_STYLE('',(#9235));
#7525=FILL_AREA_STYLE('',(#9236));
#7526=EDGE_CURVE('',#9213,#9237,#9238,.T.);
#7527=EDGE_CURVE('',#9237,#9224,#9239,.T.);
#7528=FILL_AREA_STYLE('',(#9240));
#7529=EDGE_CURVE('',#9237,#9204,#9241,.T.);
#7530=FILL_AREA_STYLE('',(#9242));
#7531=EDGE_CURVE('',#9243,#9244,#9245,.T.);
#7532=EDGE_CURVE('',#9246,#9243,#9247,.T.);
#7533=EDGE_CURVE('',#9248,#9246,#9249,.T.);
#7534=EDGE_CURVE('',#9244,#9248,#9250,.T.);
#7535=FILL_AREA_STYLE('',(#9251));
#7536=EDGE_CURVE('',#9244,#9252,#9253,.T.);
#7537=EDGE_CURVE('',#9254,#9248,#9255,.T.);
#7538=EDGE_CURVE('',#9254,#9252,#9256,.T.);
#7539=FILL_AREA_STYLE('',(#9257));
#7540=EDGE_CURVE('',#9258,#9259,#9260,.T.);
#7541=EDGE_CURVE('',#9258,#8756,#9261,.T.);
#7542=EDGE_CURVE('',#8754,#9259,#9262,.T.);
#7543=EDGE_CURVE('',#9246,#9263,#9264,.T.);
#7544=EDGE_CURVE('',#9263,#9254,#9265,.T.);
#7545=FILL_AREA_STYLE('',(#9266));
#7546=EDGE_CURVE('',#9267,#9258,#9268,.T.);
#7547=EDGE_CURVE('',#8758,#9267,#9269,.T.);
#7548=FILL_AREA_STYLE('',(#9270));
#7549=EDGE_CURVE('',#9259,#8762,#9271,.T.);
#7550=FILL_AREA_STYLE('',(#9272));
#7551=EDGE_CURVE('',#9267,#8672,#9273,.T.);
#7552=FILL_AREA_STYLE('',(#9274));
#7553=FILL_AREA_STYLE('',(#9275));
#7554=EDGE_CURVE('',#9252,#9276,#9277,.T.);
#7555=EDGE_CURVE('',#9276,#9263,#9278,.T.);
#7556=FILL_AREA_STYLE('',(#9279));
#7557=EDGE_CURVE('',#9276,#9243,#9280,.T.);
#7558=FILL_AREA_STYLE('',(#9281));
#7559=EDGE_CURVE('',#9282,#9283,#9284,.T.);
#7560=EDGE_CURVE('',#9285,#9282,#9286,.T.);
#7561=EDGE_CURVE('',#9287,#9285,#9288,.T.);
#7562=EDGE_CURVE('',#9283,#9287,#9289,.T.);
#7563=FILL_AREA_STYLE('',(#9290));
#7564=EDGE_CURVE('',#9283,#9291,#9292,.T.);
#7565=EDGE_CURVE('',#9293,#9287,#9294,.T.);
#7566=EDGE_CURVE('',#9293,#9291,#9295,.T.);
#7567=FILL_AREA_STYLE('',(#9296));
#7568=EDGE_CURVE('',#9297,#9298,#9299,.T.);
#7569=EDGE_CURVE('',#9297,#8889,#9300,.T.);
#7570=EDGE_CURVE('',#8887,#9298,#9301,.T.);
#7571=EDGE_CURVE('',#9285,#9302,#9303,.T.);
#7572=EDGE_CURVE('',#9302,#9293,#9304,.T.);
#7573=FILL_AREA_STYLE('',(#9305));
#7574=EDGE_CURVE('',#9306,#9297,#9307,.T.);
#7575=EDGE_CURVE('',#8891,#9306,#9308,.T.);
#7576=FILL_AREA_STYLE('',(#9309));
#7577=EDGE_CURVE('',#9298,#8895,#9310,.T.);
#7578=FILL_AREA_STYLE('',(#9311));
#7579=EDGE_CURVE('',#9306,#8805,#9312,.T.);
#7580=FILL_AREA_STYLE('',(#9313));
#7581=FILL_AREA_STYLE('',(#9314));
#7582=EDGE_CURVE('',#9291,#9315,#9316,.T.);
#7583=EDGE_CURVE('',#9315,#9302,#9317,.T.);
#7584=FILL_AREA_STYLE('',(#9318));
#7585=EDGE_CURVE('',#9315,#9282,#9319,.T.);
#7586=FILL_AREA_STYLE('',(#9320));
#7587=EDGE_CURVE('',#9321,#9322,#9323,.T.);
#7588=EDGE_CURVE('',#9324,#9321,#9325,.T.);
#7589=EDGE_CURVE('',#9326,#9324,#9327,.T.);
#7590=EDGE_CURVE('',#9322,#9326,#9328,.T.);
#7591=FILL_AREA_STYLE('',(#9329));
#7592=EDGE_CURVE('',#9322,#9330,#9331,.T.);
#7593=EDGE_CURVE('',#9332,#9326,#9333,.T.);
#7594=EDGE_CURVE('',#9332,#9330,#9334,.T.);
#7595=FILL_AREA_STYLE('',(#9335));
#7596=EDGE_CURVE('',#9336,#9337,#9338,.T.);
#7597=EDGE_CURVE('',#9336,#9022,#9339,.T.);
#7598=EDGE_CURVE('',#9020,#9337,#9340,.T.);
#7599=EDGE_CURVE('',#9324,#9341,#9342,.T.);
#7600=EDGE_CURVE('',#9341,#9332,#9343,.T.);
#7601=FILL_AREA_STYLE('',(#9344));
#7602=EDGE_CURVE('',#9345,#9336,#9346,.T.);
#7603=EDGE_CURVE('',#9024,#9345,#9347,.T.);
#7604=FILL_AREA_STYLE('',(#9348));
#7605=EDGE_CURVE('',#9337,#9028,#9349,.T.);
#7606=FILL_AREA_STYLE('',(#9350));
#7607=EDGE_CURVE('',#9345,#8938,#9351,.T.);
#7608=FILL_AREA_STYLE('',(#9352));
#7609=FILL_AREA_STYLE('',(#9353));
#7610=EDGE_CURVE('',#9330,#9354,#9355,.T.);
#7611=EDGE_CURVE('',#9354,#9341,#9356,.T.);
#7612=FILL_AREA_STYLE('',(#9357));
#7613=EDGE_CURVE('',#9354,#9321,#9358,.T.);
#7614=FILL_AREA_STYLE('',(#9359));
#7615=EDGE_CURVE('',#9360,#9361,#9362,.T.);
#7616=EDGE_CURVE('',#9363,#9360,#9364,.T.);
#7617=EDGE_CURVE('',#9365,#9363,#9366,.T.);
#7618=EDGE_CURVE('',#9361,#9365,#9367,.T.);
#7619=FILL_AREA_STYLE('',(#9368));
#7620=EDGE_CURVE('',#9361,#9369,#9370,.T.);
#7621=EDGE_CURVE('',#9371,#9365,#9372,.T.);
#7622=EDGE_CURVE('',#9371,#9369,#9373,.T.);
#7623=FILL_AREA_STYLE('',(#9374));
#7624=EDGE_CURVE('',#9375,#9376,#9377,.T.);
#7625=EDGE_CURVE('',#9375,#9155,#9378,.T.);
#7626=EDGE_CURVE('',#9153,#9376,#9379,.T.);
#7627=EDGE_CURVE('',#9363,#9380,#9381,.T.);
#7628=EDGE_CURVE('',#9380,#9371,#9382,.T.);
#7629=FILL_AREA_STYLE('',(#9383));
#7630=EDGE_CURVE('',#9384,#9375,#9385,.T.);
#7631=EDGE_CURVE('',#9157,#9384,#9386,.T.);
#7632=FILL_AREA_STYLE('',(#9387));
#7633=EDGE_CURVE('',#9376,#9161,#9388,.T.);
#7634=FILL_AREA_STYLE('',(#9389));
#7635=EDGE_CURVE('',#9384,#9071,#9390,.T.);
#7636=FILL_AREA_STYLE('',(#9391));
#7637=FILL_AREA_STYLE('',(#9392));
#7638=EDGE_CURVE('',#9369,#9393,#9394,.T.);
#7639=EDGE_CURVE('',#9393,#9380,#9395,.T.);
#7640=FILL_AREA_STYLE('',(#9396));
#7641=EDGE_CURVE('',#9393,#9360,#9397,.T.);
#7642=FILL_AREA_STYLE('',(#9398));
#7643=EDGE_CURVE('',#9399,#9400,#9401,.T.);
#7644=EDGE_CURVE('',#9402,#9399,#9403,.T.);
#7645=EDGE_CURVE('',#9404,#9402,#9405,.T.);
#7646=EDGE_CURVE('',#9400,#9404,#9406,.T.);
#7647=FILL_AREA_STYLE('',(#9407));
#7648=EDGE_CURVE('',#9408,#9409,#9410,.T.);
#7649=EDGE_CURVE('',#9411,#9408,#9412,.T.);
#7650=EDGE_CURVE('',#9413,#9411,#9414,.T.);
#7651=EDGE_CURVE('',#9409,#9413,#9415,.T.);
#7652=FILL_AREA_STYLE('',(#9416));
#7653=EDGE_CURVE('',#9417,#9418,#9419,.T.);
#7654=EDGE_CURVE('',#9420,#9417,#9421,.T.);
#7655=EDGE_CURVE('',#9422,#9420,#9423,.T.);
#7656=EDGE_CURVE('',#9418,#9422,#9424,.T.);
#7657=FILL_AREA_STYLE('',(#9425));
#7658=EDGE_CURVE('',#9426,#9427,#9428,.T.);
#7659=EDGE_CURVE('',#9429,#9426,#9430,.T.);
#7660=EDGE_CURVE('',#9431,#9429,#9432,.T.);
#7661=EDGE_CURVE('',#9427,#9431,#9433,.T.);
#7662=FILL_AREA_STYLE('',(#9434));
#7663=EDGE_CURVE('',#9435,#9418,#9436,.T.);
#7664=EDGE_CURVE('',#9437,#9435,#9438,.T.);
#7665=EDGE_CURVE('',#9417,#9437,#9439,.T.);
#7666=FILL_AREA_STYLE('',(#9440));
#7667=EDGE_CURVE('',#9422,#9441,#9442,.T.);
#7668=EDGE_CURVE('',#9441,#9435,#9443,.T.);
#7669=FILL_AREA_STYLE('',(#9444));
#7670=EDGE_CURVE('',#9409,#9445,#9446,.T.);
#7671=EDGE_CURVE('',#9447,#9445,#9448,.T.);
#7672=EDGE_CURVE('',#9408,#9447,#9449,.T.);
#7673=FILL_AREA_STYLE('',(#9450));
#7674=EDGE_CURVE('',#9451,#9400,#9452,.T.);
#7675=EDGE_CURVE('',#9453,#9451,#9454,.T.);
#7676=EDGE_CURVE('',#9453,#9399,#9455,.T.);
#7677=FILL_AREA_STYLE('',(#9456));
#7678=EDGE_CURVE('',#9420,#9457,#9458,.T.);
#7679=EDGE_CURVE('',#9441,#9457,#9459,.T.);
#7680=FILL_AREA_STYLE('',(#9460));
#7681=EDGE_CURVE('',#9447,#9461,#9462,.T.);
#7682=EDGE_CURVE('',#9461,#9411,#9463,.T.);
#7683=FILL_AREA_STYLE('',(#9464));
#7684=EDGE_CURVE('',#9404,#9465,#9466,.T.);
#7685=EDGE_CURVE('',#9465,#9451,#9467,.T.);
#7686=FILL_AREA_STYLE('',(#9468));
#7687=EDGE_CURVE('',#9469,#9461,#9470,.T.);
#7688=EDGE_CURVE('',#9413,#9469,#9471,.T.);
#7689=FILL_AREA_STYLE('',(#9472));
#7690=EDGE_CURVE('',#9473,#9429,#9474,.T.);
#7691=EDGE_CURVE('',#9475,#9473,#9476,.T.);
#7692=EDGE_CURVE('',#9475,#9431,#9477,.T.);
#7693=FILL_AREA_STYLE('',(#9478));
#7694=EDGE_CURVE('',#9479,#9402,#9480,.T.);
#7695=EDGE_CURVE('',#9465,#9479,#9481,.T.);
#7696=FILL_AREA_STYLE('',(#9482));
#7697=EDGE_CURVE('',#9426,#9483,#9484,.T.);
#7698=EDGE_CURVE('',#9483,#9473,#9485,.T.);
#7699=FILL_AREA_STYLE('',(#9486));
#7700=EDGE_CURVE('',#9487,#9427,#9488,.T.);
#7701=EDGE_CURVE('',#9483,#9487,#9489,.T.);
#7702=FILL_AREA_STYLE('',(#9490));
#7703=EDGE_CURVE('',#9491,#9492,#9493,.T.);
#7704=EDGE_CURVE('',#9492,#9494,#9495,.T.);
#7705=EDGE_CURVE('',#9494,#9496,#9497,.T.);
#7706=EDGE_CURVE('',#9498,#9496,#9499,.T.);
#7707=EDGE_CURVE('',#9498,#9500,#9501,.T.);
#7708=EDGE_CURVE('',#9502,#9500,#9503,.T.);
#7709=EDGE_CURVE('',#9502,#9504,#9505,.T.);
#7710=EDGE_CURVE('',#9504,#9491,#9506,.T.);
#7711=FILL_AREA_STYLE('',(#9507));
#7712=EDGE_CURVE('',#9494,#9508,#9509,.T.);
#7713=EDGE_CURVE('',#9492,#9437,#9510,.T.);
#7714=EDGE_CURVE('',#9457,#9469,#9511,.T.);
#7715=EDGE_CURVE('',#9445,#9512,#9513,.T.);
#7716=EDGE_CURVE('',#9512,#9514,#9515,.T.);
#7717=EDGE_CURVE('',#9516,#9514,#9517,.T.);
#7718=EDGE_CURVE('',#9516,#9518,#9519,.T.);
#7719=EDGE_CURVE('',#9518,#9520,#9521,.T.);
#7720=EDGE_CURVE('',#9520,#9522,#9523,.T.);
#7721=EDGE_CURVE('',#9524,#9522,#9525,.T.);
#7722=EDGE_CURVE('',#9524,#9526,#9527,.T.);
#7723=EDGE_CURVE('',#9526,#9528,#9529,.T.);
#7724=EDGE_CURVE('',#9528,#9530,#9531,.T.);
#7725=EDGE_CURVE('',#9532,#9530,#9533,.T.);
#7726=EDGE_CURVE('',#9532,#9534,#9535,.T.);
#7727=EDGE_CURVE('',#9534,#9536,#9537,.T.);
#7728=EDGE_CURVE('',#9536,#9538,#9539,.T.);
#7729=EDGE_CURVE('',#9540,#9538,#9541,.T.);
#7730=EDGE_CURVE('',#9540,#9542,#9543,.T.);
#7731=EDGE_CURVE('',#9542,#9544,#9545,.T.);
#7732=EDGE_CURVE('',#9544,#9546,#9547,.T.);
#7733=EDGE_CURVE('',#9548,#9546,#9549,.T.);
#7734=EDGE_CURVE('',#9548,#9550,#9551,.T.);
#7735=EDGE_CURVE('',#9550,#9552,#9553,.T.);
#7736=EDGE_CURVE('',#9552,#9554,#9555,.T.);
#7737=EDGE_CURVE('',#9556,#9554,#9557,.T.);
#7738=EDGE_CURVE('',#9556,#9558,#9559,.T.);
#7739=EDGE_CURVE('',#9558,#9560,#9561,.T.);
#7740=EDGE_CURVE('',#9560,#9562,#9563,.T.);
#7741=EDGE_CURVE('',#9564,#9562,#9565,.T.);
#7742=EDGE_CURVE('',#9564,#9566,#9567,.T.);
#7743=EDGE_CURVE('',#9566,#9568,#9569,.T.);
#7744=EDGE_CURVE('',#9568,#9570,#9571,.T.);
#7745=EDGE_CURVE('',#9572,#9570,#9573,.T.);
#7746=EDGE_CURVE('',#9572,#9574,#9575,.T.);
#7747=EDGE_CURVE('',#9574,#9576,#9577,.T.);
#7748=EDGE_CURVE('',#9576,#9578,#9579,.T.);
#7749=EDGE_CURVE('',#9580,#9578,#9581,.T.);
#7750=EDGE_CURVE('',#9580,#9582,#9583,.T.);
#7751=EDGE_CURVE('',#9582,#9584,#9585,.T.);
#7752=EDGE_CURVE('',#9584,#9586,#9587,.T.);
#7753=EDGE_CURVE('',#9588,#9586,#9589,.T.);
#7754=EDGE_CURVE('',#9588,#9590,#9591,.T.);
#7755=EDGE_CURVE('',#9590,#9592,#9593,.T.);
#7756=EDGE_CURVE('',#9508,#9592,#9594,.T.);
#7757=FILL_AREA_STYLE('',(#9595));
#7758=EDGE_CURVE('',#9596,#9526,#9597,.T.);
#7759=EDGE_CURVE('',#9596,#9598,#9599,.T.);
#7760=EDGE_CURVE('',#9598,#9520,#9600,.T.);
#7761=EDGE_CURVE('',#9601,#9518,#9602,.T.);
#7762=EDGE_CURVE('',#9601,#9603,#9604,.T.);
#7763=EDGE_CURVE('',#9603,#9512,#9605,.T.);
#7764=EDGE_CURVE('',#9487,#9491,#9606,.T.);
#7765=EDGE_CURVE('',#9479,#9475,#9607,.T.);
#7766=EDGE_CURVE('',#9608,#9453,#9609,.T.);
#7767=EDGE_CURVE('',#9608,#9610,#9611,.T.);
#7768=EDGE_CURVE('',#9610,#9612,#9613,.T.);
#7769=EDGE_CURVE('',#9614,#9612,#9615,.T.);
#7770=EDGE_CURVE('',#9616,#9614,#9617,.T.);
#7771=EDGE_CURVE('',#9616,#9618,#9619,.T.);
#7772=EDGE_CURVE('',#9618,#9620,#9621,.T.);
#7773=EDGE_CURVE('',#9622,#9620,#9623,.T.);
#7774=EDGE_CURVE('',#9624,#9622,#9625,.T.);
#7775=EDGE_CURVE('',#9624,#9626,#9627,.T.);
#7776=EDGE_CURVE('',#9626,#9628,#9629,.T.);
#7777=EDGE_CURVE('',#9630,#9628,#9631,.T.);
#7778=EDGE_CURVE('',#9632,#9630,#9633,.T.);
#7779=EDGE_CURVE('',#9632,#9634,#9635,.T.);
#7780=EDGE_CURVE('',#9634,#9636,#9637,.T.);
#7781=EDGE_CURVE('',#9638,#9636,#9639,.T.);
#7782=EDGE_CURVE('',#9640,#9638,#9641,.T.);
#7783=EDGE_CURVE('',#9640,#9642,#9643,.T.);
#7784=EDGE_CURVE('',#9642,#9644,#9645,.T.);
#7785=EDGE_CURVE('',#9646,#9644,#9647,.T.);
#7786=EDGE_CURVE('',#9648,#9646,#9649,.T.);
#7787=EDGE_CURVE('',#9648,#9650,#9651,.T.);
#7788=EDGE_CURVE('',#9650,#9652,#9653,.T.);
#7789=EDGE_CURVE('',#9654,#9652,#9655,.T.);
#7790=EDGE_CURVE('',#9656,#9654,#9657,.T.);
#7791=EDGE_CURVE('',#9656,#9658,#9659,.T.);
#7792=EDGE_CURVE('',#9658,#9660,#9661,.T.);
#7793=EDGE_CURVE('',#9662,#9660,#9663,.T.);
#7794=EDGE_CURVE('',#9664,#9662,#9665,.T.);
#7795=EDGE_CURVE('',#9664,#9666,#9667,.T.);
#7796=EDGE_CURVE('',#9666,#9668,#9669,.T.);
#7797=EDGE_CURVE('',#9670,#9668,#9671,.T.);
#7798=EDGE_CURVE('',#9672,#9670,#9673,.T.);
#7799=EDGE_CURVE('',#9672,#9674,#9675,.T.);
#7800=EDGE_CURVE('',#9674,#9676,#9677,.T.);
#7801=EDGE_CURVE('',#9678,#9676,#9679,.T.);
#7802=EDGE_CURVE('',#9680,#9678,#9681,.T.);
#7803=EDGE_CURVE('',#9680,#9682,#9683,.T.);
#7804=EDGE_CURVE('',#9682,#9684,#9685,.T.);
#7805=EDGE_CURVE('',#9686,#9684,#9687,.T.);
#7806=EDGE_CURVE('',#9688,#9686,#9689,.T.);
#7807=EDGE_CURVE('',#9592,#9688,#9690,.T.);
#7808=EDGE_CURVE('',#9691,#9590,#9692,.T.);
#7809=EDGE_CURVE('',#9691,#9693,#9694,.T.);
#7810=EDGE_CURVE('',#9693,#9584,#9695,.T.);
#7811=EDGE_CURVE('',#9696,#9582,#9697,.T.);
#7812=EDGE_CURVE('',#9696,#9698,#9699,.T.);
#7813=EDGE_CURVE('',#9698,#9576,#9700,.T.);
#7814=EDGE_CURVE('',#9701,#9574,#9702,.T.);
#7815=EDGE_CURVE('',#9701,#9703,#9704,.T.);
#7816=EDGE_CURVE('',#9703,#9568,#9705,.T.);
#7817=EDGE_CURVE('',#9706,#9566,#9707,.T.);
#7818=EDGE_CURVE('',#9706,#9708,#9709,.T.);
#7819=EDGE_CURVE('',#9708,#9560,#9710,.T.);
#7820=EDGE_CURVE('',#9711,#9558,#9712,.T.);
#7821=EDGE_CURVE('',#9711,#9713,#9714,.T.);
#7822=EDGE_CURVE('',#9713,#9552,#9715,.T.);
#7823=EDGE_CURVE('',#9716,#9550,#9717,.T.);
#7824=EDGE_CURVE('',#9716,#9718,#9719,.T.);
#7825=EDGE_CURVE('',#9718,#9544,#9720,.T.);
#7826=EDGE_CURVE('',#9721,#9542,#9722,.T.);
#7827=EDGE_CURVE('',#9721,#9723,#9724,.T.);
#7828=EDGE_CURVE('',#9723,#9536,#9725,.T.);
#7829=EDGE_CURVE('',#9726,#9534,#9727,.T.);
#7830=EDGE_CURVE('',#9726,#9728,#9729,.T.);
#7831=EDGE_CURVE('',#9728,#9528,#9730,.T.);
#7832=FILL_AREA_STYLE('',(#9731));
#7833=EDGE_CURVE('',#9622,#9732,#9733,.T.);
#7834=EDGE_CURVE('',#9734,#9732,#9735,.T.);
#7835=EDGE_CURVE('',#9734,#9616,#9736,.T.);
#7836=EDGE_CURVE('',#9614,#9737,#9738,.T.);
#7837=EDGE_CURVE('',#9739,#9737,#9740,.T.);
#7838=EDGE_CURVE('',#9739,#9608,#9741,.T.);
#7839=EDGE_CURVE('',#9742,#9504,#9743,.T.);
#7840=EDGE_CURVE('',#9688,#9742,#9744,.T.);
#7841=EDGE_CURVE('',#9686,#9745,#9746,.T.);
#7842=EDGE_CURVE('',#9747,#9745,#9748,.T.);
#7843=EDGE_CURVE('',#9747,#9680,#9749,.T.);
#7844=EDGE_CURVE('',#9678,#9750,#9751,.T.);
#7845=EDGE_CURVE('',#9752,#9750,#9753,.T.);
#7846=EDGE_CURVE('',#9752,#9672,#9754,.T.);
#7847=EDGE_CURVE('',#9670,#9755,#9756,.T.);
#7848=EDGE_CURVE('',#9757,#9755,#9758,.T.);
#7849=EDGE_CURVE('',#9757,#9664,#9759,.T.);
#7850=EDGE_CURVE('',#9662,#9760,#9761,.T.);
#7851=EDGE_CURVE('',#9762,#9760,#9763,.T.);
#7852=EDGE_CURVE('',#9762,#9656,#9764,.T.);
#7853=EDGE_CURVE('',#9654,#9765,#9766,.T.);
#7854=EDGE_CURVE('',#9767,#9765,#9768,.T.);
#7855=EDGE_CURVE('',#9767,#9648,#9769,.T.);
#7856=EDGE_CURVE('',#9646,#9770,#9771,.T.);
#7857=EDGE_CURVE('',#9772,#9770,#9773,.T.);
#7858=EDGE_CURVE('',#9772,#9640,#9774,.T.);
#7859=EDGE_CURVE('',#9638,#9775,#9776,.T.);
#7860=EDGE_CURVE('',#9777,#9775,#9778,.T.);
#7861=EDGE_CURVE('',#9777,#9632,#9779,.T.);
#7862=EDGE_CURVE('',#9630,#9780,#9781,.T.);
#7863=EDGE_CURVE('',#9782,#9780,#9783,.T.);
#7864=EDGE_CURVE('',#9782,#9624,#9784,.T.);
#7865=FILL_AREA_STYLE('',(#9785));
#7866=EDGE_CURVE('',#9508,#9786,#9787,.T.);
#7867=EDGE_CURVE('',#9786,#9788,#9789,.T.);
#7868=EDGE_CURVE('',#9788,#9790,#9791,.T.);
#7869=EDGE_CURVE('',#9790,#9792,#9793,.T.);
#7870=EDGE_CURVE('',#9792,#9794,#9795,.T.);
#7871=EDGE_CURVE('',#9794,#9796,#9797,.T.);
#7872=EDGE_CURVE('',#9796,#9798,#9799,.T.);
#7873=EDGE_CURVE('',#9798,#9800,#9801,.T.);
#7874=EDGE_CURVE('',#9800,#9742,#9802,.T.);
#7875=EDGE_CURVE('',#9502,#9803,#9804,.T.);
#7876=EDGE_CURVE('',#9803,#9805,#9806,.T.);
#7877=EDGE_CURVE('',#9805,#9500,#9807,.T.);
#7878=EDGE_CURVE('',#9498,#9808,#9809,.T.);
#7879=EDGE_CURVE('',#9808,#9810,#9811,.T.);
#7880=EDGE_CURVE('',#9810,#9496,#9812,.T.);
#7881=EDGE_CURVE('',#9813,#9814,#9815,.T.);
#7882=EDGE_CURVE('',#9814,#9816,#9817,.T.);
#7883=EDGE_CURVE('',#9816,#9818,#9819,.T.);
#7884=EDGE_CURVE('',#9818,#9813,#9820,.T.);
#7885=EDGE_CURVE('',#9821,#9822,#9823,.T.);
#7886=EDGE_CURVE('',#9822,#9824,#9825,.T.);
#7887=EDGE_CURVE('',#9824,#9826,#9827,.T.);
#7888=EDGE_CURVE('',#9826,#9821,#9828,.T.);
#7889=EDGE_CURVE('',#9829,#9830,#9831,.T.);
#7890=EDGE_CURVE('',#9830,#9832,#9833,.T.);
#7891=EDGE_CURVE('',#9832,#9834,#9835,.T.);
#7892=EDGE_CURVE('',#9834,#9829,#9836,.T.);
#7893=EDGE_CURVE('',#9837,#9838,#9839,.T.);
#7894=EDGE_CURVE('',#9838,#9840,#9841,.T.);
#7895=EDGE_CURVE('',#9840,#9842,#9843,.T.);
#7896=EDGE_CURVE('',#9842,#9837,#9844,.T.);
#7897=EDGE_CURVE('',#9845,#9846,#9847,.T.);
#7898=EDGE_CURVE('',#9846,#9848,#9849,.T.);
#7899=EDGE_CURVE('',#9848,#9850,#9851,.T.);
#7900=EDGE_CURVE('',#9850,#9845,#9852,.T.);
#7901=EDGE_CURVE('',#9853,#9854,#9855,.T.);
#7902=EDGE_CURVE('',#9854,#9856,#9857,.T.);
#7903=EDGE_CURVE('',#9856,#9858,#9859,.T.);
#7904=EDGE_CURVE('',#9858,#9853,#9860,.T.);
#7905=EDGE_CURVE('',#9861,#9862,#9863,.T.);
#7906=EDGE_CURVE('',#9862,#9864,#9865,.T.);
#7907=EDGE_CURVE('',#9864,#9866,#9867,.T.);
#7908=EDGE_CURVE('',#9866,#9861,#9868,.T.);
#7909=EDGE_CURVE('',#9869,#9870,#9871,.T.);
#7910=EDGE_CURVE('',#9870,#9872,#9873,.T.);
#7911=EDGE_CURVE('',#9872,#9874,#9875,.T.);
#7912=EDGE_CURVE('',#9874,#9869,#9876,.T.);
#7913=EDGE_CURVE('',#9877,#9878,#9879,.T.);
#7914=EDGE_CURVE('',#9878,#9880,#9881,.T.);
#7915=EDGE_CURVE('',#9880,#9882,#9883,.T.);
#7916=EDGE_CURVE('',#9882,#9877,#9884,.T.);
#7917=EDGE_CURVE('',#9885,#9886,#9887,.T.);
#7918=EDGE_CURVE('',#9886,#9888,#9889,.T.);
#7919=EDGE_CURVE('',#9888,#9890,#9891,.T.);
#7920=EDGE_CURVE('',#9890,#9885,#9892,.T.);
#7921=FILL_AREA_STYLE('',(#9893));
#7922=EDGE_CURVE('',#9620,#9894,#9895,.T.);
#7923=EDGE_CURVE('',#9896,#9618,#9897,.T.);
#7924=EDGE_CURVE('',#9894,#9896,#9898,.T.);
#7925=FILL_AREA_STYLE('',(#9899));
#7926=EDGE_CURVE('',#9900,#9596,#9901,.T.);
#7927=EDGE_CURVE('',#9902,#9900,#9903,.T.);
#7928=EDGE_CURVE('',#9598,#9902,#9904,.T.);
#7929=FILL_AREA_STYLE('',(#9905));
#7930=EDGE_CURVE('',#9603,#9906,#9907,.T.);
#7931=EDGE_CURVE('',#9908,#9601,#9909,.T.);
#7932=EDGE_CURVE('',#9906,#9908,#9910,.T.);
#7933=FILL_AREA_STYLE('',(#9911));
#7934=EDGE_CURVE('',#9912,#9610,#9913,.T.);
#7935=EDGE_CURVE('',#9914,#9912,#9915,.T.);
#7936=EDGE_CURVE('',#9612,#9914,#9916,.T.);
#7937=FILL_AREA_STYLE('',(#9917));
#7938=EDGE_CURVE('',#9514,#9906,#9918,.T.);
#7939=FILL_AREA_STYLE('',(#9919));
#7940=EDGE_CURVE('',#9908,#9516,#9920,.T.);
#7941=FILL_AREA_STYLE('',(#9921));
#7942=EDGE_CURVE('',#9900,#9524,#9922,.T.);
#7943=FILL_AREA_STYLE('',(#9923));
#7944=EDGE_CURVE('',#9732,#9894,#9924,.T.);
#7945=FILL_AREA_STYLE('',(#9925));
#7946=FILL_AREA_STYLE('',(#9926));
#7947=EDGE_CURVE('',#9522,#9902,#9927,.T.);
#7948=FILL_AREA_STYLE('',(#9928));
#7949=EDGE_CURVE('',#9896,#9734,#9929,.T.);
#7950=FILL_AREA_STYLE('',(#9930));
#7951=FILL_AREA_STYLE('',(#9931));
#7952=EDGE_CURVE('',#9737,#9914,#9932,.T.);
#7953=FILL_AREA_STYLE('',(#9933));
#7954=FILL_AREA_STYLE('',(#9934));
#7955=EDGE_CURVE('',#9912,#9739,#9935,.T.);
#7956=FILL_AREA_STYLE('',(#9936));
#7957=FILL_AREA_STYLE('',(#9937));
#7958=EDGE_CURVE('',#9636,#9938,#9939,.T.);
#7959=EDGE_CURVE('',#9940,#9634,#9941,.T.);
#7960=EDGE_CURVE('',#9938,#9940,#9942,.T.);
#7961=FILL_AREA_STYLE('',(#9943));
#7962=EDGE_CURVE('',#9944,#9721,#9945,.T.);
#7963=EDGE_CURVE('',#9946,#9944,#9947,.T.);
#7964=EDGE_CURVE('',#9723,#9946,#9948,.T.);
#7965=FILL_AREA_STYLE('',(#9949));
#7966=EDGE_CURVE('',#9728,#9950,#9951,.T.);
#7967=EDGE_CURVE('',#9952,#9726,#9953,.T.);
#7968=EDGE_CURVE('',#9950,#9952,#9954,.T.);
#7969=FILL_AREA_STYLE('',(#9955));
#7970=EDGE_CURVE('',#9956,#9626,#9957,.T.);
#7971=EDGE_CURVE('',#9958,#9956,#9959,.T.);
#7972=EDGE_CURVE('',#9628,#9958,#9960,.T.);
#7973=FILL_AREA_STYLE('',(#9961));
#7974=EDGE_CURVE('',#9530,#9950,#9962,.T.);
#7975=FILL_AREA_STYLE('',(#9963));
#7976=EDGE_CURVE('',#9952,#9532,#9964,.T.);
#7977=FILL_AREA_STYLE('',(#9965));
#7978=EDGE_CURVE('',#9944,#9540,#9966,.T.);
#7979=FILL_AREA_STYLE('',(#9967));
#7980=EDGE_CURVE('',#9775,#9938,#9968,.T.);
#7981=FILL_AREA_STYLE('',(#9969));
#7982=FILL_AREA_STYLE('',(#9970));
#7983=EDGE_CURVE('',#9538,#9946,#9971,.T.);
#7984=FILL_AREA_STYLE('',(#9972));
#7985=EDGE_CURVE('',#9940,#9777,#9973,.T.);
#7986=FILL_AREA_STYLE('',(#9974));
#7987=FILL_AREA_STYLE('',(#9975));
#7988=EDGE_CURVE('',#9780,#9958,#9976,.T.);
#7989=FILL_AREA_STYLE('',(#9977));
#7990=FILL_AREA_STYLE('',(#9978));
#7991=EDGE_CURVE('',#9956,#9782,#9979,.T.);
#7992=FILL_AREA_STYLE('',(#9980));
#7993=FILL_AREA_STYLE('',(#9981));
#7994=EDGE_CURVE('',#9652,#9982,#9983,.T.);
#7995=EDGE_CURVE('',#9984,#9650,#9985,.T.);
#7996=EDGE_CURVE('',#9982,#9984,#9986,.T.);
#7997=FILL_AREA_STYLE('',(#9987));
#7998=EDGE_CURVE('',#9988,#9711,#9989,.T.);
#7999=EDGE_CURVE('',#9990,#9988,#9991,.T.);
#8000=EDGE_CURVE('',#9713,#9990,#9992,.T.);
#8001=FILL_AREA_STYLE('',(#9993));
#8002=EDGE_CURVE('',#9718,#9994,#9995,.T.);
#8003=EDGE_CURVE('',#9996,#9716,#9997,.T.);
#8004=EDGE_CURVE('',#9994,#9996,#9998,.T.);
#8005=FILL_AREA_STYLE('',(#9999));
#8006=EDGE_CURVE('',#10000,#9642,#10001,.T.);
#8007=EDGE_CURVE('',#10002,#10000,#10003,.T.);
#8008=EDGE_CURVE('',#9644,#10002,#10004,.T.);
#8009=FILL_AREA_STYLE('',(#10005));
#8010=EDGE_CURVE('',#9546,#9994,#10006,.T.);
#8011=FILL_AREA_STYLE('',(#10007));
#8012=EDGE_CURVE('',#9996,#9548,#10008,.T.);
#8013=FILL_AREA_STYLE('',(#10009));
#8014=EDGE_CURVE('',#9988,#9556,#10010,.T.);
#8015=FILL_AREA_STYLE('',(#10011));
#8016=EDGE_CURVE('',#9765,#9982,#10012,.T.);
#8017=FILL_AREA_STYLE('',(#10013));
#8018=FILL_AREA_STYLE('',(#10014));
#8019=EDGE_CURVE('',#9554,#9990,#10015,.T.);
#8020=FILL_AREA_STYLE('',(#10016));
#8021=EDGE_CURVE('',#9984,#9767,#10017,.T.);
#8022=FILL_AREA_STYLE('',(#10018));
#8023=FILL_AREA_STYLE('',(#10019));
#8024=EDGE_CURVE('',#9770,#10002,#10020,.T.);
#8025=FILL_AREA_STYLE('',(#10021));
#8026=FILL_AREA_STYLE('',(#10022));
#8027=EDGE_CURVE('',#10000,#9772,#10023,.T.);
#8028=FILL_AREA_STYLE('',(#10024));
#8029=FILL_AREA_STYLE('',(#10025));
#8030=EDGE_CURVE('',#9684,#10026,#10027,.T.);
#8031=EDGE_CURVE('',#10028,#9682,#10029,.T.);
#8032=EDGE_CURVE('',#10026,#10028,#10030,.T.);
#8033=FILL_AREA_STYLE('',(#10031));
#8034=EDGE_CURVE('',#10032,#9691,#10033,.T.);
#8035=EDGE_CURVE('',#10034,#10032,#10035,.T.);
#8036=EDGE_CURVE('',#9693,#10034,#10036,.T.);
#8037=FILL_AREA_STYLE('',(#10037));
#8038=EDGE_CURVE('',#9698,#10038,#10039,.T.);
#8039=EDGE_CURVE('',#10040,#9696,#10041,.T.);
#8040=EDGE_CURVE('',#10038,#10040,#10042,.T.);
#8041=FILL_AREA_STYLE('',(#10043));
#8042=EDGE_CURVE('',#10044,#9674,#10045,.T.);
#8043=EDGE_CURVE('',#10046,#10044,#10047,.T.);
#8044=EDGE_CURVE('',#9676,#10046,#10048,.T.);
#8045=FILL_AREA_STYLE('',(#10049));
#8046=EDGE_CURVE('',#9578,#10038,#10050,.T.);
#8047=FILL_AREA_STYLE('',(#10051));
#8048=EDGE_CURVE('',#10040,#9580,#10052,.T.);
#8049=FILL_AREA_STYLE('',(#10053));
#8050=EDGE_CURVE('',#10032,#9588,#10054,.T.);
#8051=FILL_AREA_STYLE('',(#10055));
#8052=EDGE_CURVE('',#9745,#10026,#10056,.T.);
#8053=FILL_AREA_STYLE('',(#10057));
#8054=FILL_AREA_STYLE('',(#10058));
#8055=EDGE_CURVE('',#9586,#10034,#10059,.T.);
#8056=FILL_AREA_STYLE('',(#10060));
#8057=EDGE_CURVE('',#10028,#9747,#10061,.T.);
#8058=FILL_AREA_STYLE('',(#10062));
#8059=FILL_AREA_STYLE('',(#10063));
#8060=EDGE_CURVE('',#9750,#10046,#10064,.T.);
#8061=FILL_AREA_STYLE('',(#10065));
#8062=FILL_AREA_STYLE('',(#10066));
#8063=EDGE_CURVE('',#10044,#9752,#10067,.T.);
#8064=FILL_AREA_STYLE('',(#10068));
#8065=FILL_AREA_STYLE('',(#10069));
#8066=EDGE_CURVE('',#9794,#9800,#10070,.T.);
#8067=EDGE_CURVE('',#9786,#9792,#10071,.T.);
#8068=FILL_AREA_STYLE('',(#10072));
#8069=EDGE_CURVE('',#9668,#10073,#10074,.T.);
#8070=EDGE_CURVE('',#10075,#9666,#10076,.T.);
#8071=EDGE_CURVE('',#10073,#10075,#10077,.T.);
#8072=FILL_AREA_STYLE('',(#10078));
#8073=EDGE_CURVE('',#10079,#9701,#10080,.T.);
#8074=EDGE_CURVE('',#10081,#10079,#10082,.T.);
#8075=EDGE_CURVE('',#9703,#10081,#10083,.T.);
#8076=FILL_AREA_STYLE('',(#10084));
#8077=EDGE_CURVE('',#9708,#10085,#10086,.T.);
#8078=EDGE_CURVE('',#10087,#9706,#10088,.T.);
#8079=EDGE_CURVE('',#10085,#10087,#10089,.T.);
#8080=FILL_AREA_STYLE('',(#10090));
#8081=EDGE_CURVE('',#10091,#9658,#10092,.T.);
#8082=EDGE_CURVE('',#10093,#10091,#10094,.T.);
#8083=EDGE_CURVE('',#9660,#10093,#10095,.T.);
#8084=FILL_AREA_STYLE('',(#10096));
#8085=EDGE_CURVE('',#9562,#10085,#10097,.T.);
#8086=FILL_AREA_STYLE('',(#10098));
#8087=EDGE_CURVE('',#10087,#9564,#10099,.T.);
#8088=FILL_AREA_STYLE('',(#10100));
#8089=EDGE_CURVE('',#10079,#9572,#10101,.T.);
#8090=FILL_AREA_STYLE('',(#10102));
#8091=EDGE_CURVE('',#9755,#10073,#10103,.T.);
#8092=FILL_AREA_STYLE('',(#10104));
#8093=FILL_AREA_STYLE('',(#10105));
#8094=EDGE_CURVE('',#9570,#10081,#10106,.T.);
#8095=FILL_AREA_STYLE('',(#10107));
#8096=EDGE_CURVE('',#10075,#9757,#10108,.T.);
#8097=FILL_AREA_STYLE('',(#10109));
#8098=FILL_AREA_STYLE('',(#10110));
#8099=EDGE_CURVE('',#9760,#10093,#10111,.T.);
#8100=FILL_AREA_STYLE('',(#10112));
#8101=FILL_AREA_STYLE('',(#10113));
#8102=EDGE_CURVE('',#10091,#9762,#10114,.T.);
#8103=FILL_AREA_STYLE('',(#10115));
#8104=FILL_AREA_STYLE('',(#10116));
#8105=EDGE_CURVE('',#10117,#10118,#10119,.T.);
#8106=EDGE_CURVE('',#10120,#10117,#10121,.T.);
#8107=EDGE_CURVE('',#10120,#9808,#10122,.T.);
#8108=EDGE_CURVE('',#10118,#9498,#10123,.T.);
#8109=FILL_AREA_STYLE('',(#10124));
#8110=EDGE_CURVE('',#10125,#9803,#10126,.T.);
#8111=EDGE_CURVE('',#10125,#10127,#10128,.T.);
#8112=EDGE_CURVE('',#9805,#10127,#10129,.T.);
#8113=FILL_AREA_STYLE('',(#10130));
#8114=EDGE_CURVE('',#10131,#9818,#10132,.T.);
#8115=EDGE_CURVE('',#10133,#10131,#10134,.T.);
#8116=EDGE_CURVE('',#9813,#10133,#10135,.T.);
#8117=FILL_AREA_STYLE('',(#10136));
#8118=EDGE_CURVE('',#10137,#10138,#10139,.T.);
#8119=EDGE_CURVE('',#9500,#10137,#10140,.T.);
#8120=EDGE_CURVE('',#10138,#10127,#10141,.T.);
#8121=FILL_AREA_STYLE('',(#10142));
#8122=EDGE_CURVE('',#9824,#10143,#10144,.T.);
#8123=EDGE_CURVE('',#10145,#9822,#10146,.T.);
#8124=EDGE_CURVE('',#10143,#10145,#10147,.T.);
#8125=FILL_AREA_STYLE('',(#10148));
#8126=EDGE_CURVE('',#9810,#10149,#10150,.T.);
#8127=EDGE_CURVE('',#10120,#10149,#10151,.T.);
#8128=FILL_AREA_STYLE('',(#10152));
#8129=EDGE_CURVE('',#10137,#10153,#10154,.T.);
#8130=EDGE_CURVE('',#10153,#9502,#10155,.T.);
#8131=FILL_AREA_STYLE('',(#10156));
#8132=EDGE_CURVE('',#9496,#10157,#10158,.T.);
#8133=EDGE_CURVE('',#10157,#10118,#10159,.T.);
#8134=FILL_AREA_STYLE('',(#10160));
#8135=EDGE_CURVE('',#10157,#10161,#10162,.T.);
#8136=EDGE_CURVE('',#10161,#10163,#10164,.T.);
#8137=EDGE_CURVE('',#10163,#10153,#10165,.T.);
#8138=EDGE_CURVE('',#10138,#10117,#10166,.T.);
#8139=FILL_AREA_STYLE('',(#10167));
#8140=EDGE_CURVE('',#10168,#10133,#10169,.T.);
#8141=EDGE_CURVE('',#10168,#9814,#10170,.T.);
#8142=FILL_AREA_STYLE('',(#10171));
#8143=EDGE_CURVE('',#10172,#9826,#10173,.T.);
#8144=EDGE_CURVE('',#10172,#10174,#10175,.T.);
#8145=EDGE_CURVE('',#9821,#10174,#10176,.T.);
#8146=FILL_AREA_STYLE('',(#10177));
#8147=EDGE_CURVE('',#10178,#9834,#10179,.T.);
#8148=EDGE_CURVE('',#10180,#10178,#10181,.T.);
#8149=EDGE_CURVE('',#9829,#10180,#10182,.T.);
#8150=FILL_AREA_STYLE('',(#10183));
#8151=EDGE_CURVE('',#10145,#10174,#10184,.T.);
#8152=FILL_AREA_STYLE('',(#10185));
#8153=EDGE_CURVE('',#9888,#10186,#10187,.T.);
#8154=EDGE_CURVE('',#10188,#9886,#10189,.T.);
#8155=EDGE_CURVE('',#10186,#10188,#10190,.T.);
#8156=FILL_AREA_STYLE('',(#10191));
#8157=EDGE_CURVE('',#9816,#10192,#10193,.T.);
#8158=EDGE_CURVE('',#10168,#10192,#10194,.T.);
#8159=FILL_AREA_STYLE('',(#10195));
#8160=EDGE_CURVE('',#10196,#10180,#10197,.T.);
#8161=EDGE_CURVE('',#10196,#9830,#10198,.T.);
#8162=FILL_AREA_STYLE('',(#10199));
#8163=EDGE_CURVE('',#10200,#9890,#10201,.T.);
#8164=EDGE_CURVE('',#10200,#10202,#10203,.T.);
#8165=EDGE_CURVE('',#9885,#10202,#10204,.T.);
#8166=FILL_AREA_STYLE('',(#10205));
#8167=EDGE_CURVE('',#10206,#9882,#10207,.T.);
#8168=EDGE_CURVE('',#10208,#10206,#10209,.T.);
#8169=EDGE_CURVE('',#9877,#10208,#10210,.T.);
#8170=FILL_AREA_STYLE('',(#10211));
#8171=EDGE_CURVE('',#10188,#10202,#10212,.T.);
#8172=FILL_AREA_STYLE('',(#10213));
#8173=EDGE_CURVE('',#9840,#10214,#10215,.T.);
#8174=EDGE_CURVE('',#10216,#9838,#10217,.T.);
#8175=EDGE_CURVE('',#10214,#10216,#10218,.T.);
#8176=FILL_AREA_STYLE('',(#10219));
#8177=EDGE_CURVE('',#9832,#10220,#10221,.T.);
#8178=EDGE_CURVE('',#10196,#10220,#10222,.T.);
#8179=FILL_AREA_STYLE('',(#10223));
#8180=EDGE_CURVE('',#10224,#10208,#10225,.T.);
#8181=EDGE_CURVE('',#10224,#9878,#10226,.T.);
#8182=FILL_AREA_STYLE('',(#10227));
#8183=EDGE_CURVE('',#10228,#9842,#10229,.T.);
#8184=EDGE_CURVE('',#10228,#10230,#10231,.T.);
#8185=EDGE_CURVE('',#9837,#10230,#10232,.T.);
#8186=FILL_AREA_STYLE('',(#10233));
#8187=EDGE_CURVE('',#10234,#9850,#10235,.T.);
#8188=EDGE_CURVE('',#10236,#10234,#10237,.T.);
#8189=EDGE_CURVE('',#9845,#10236,#10238,.T.);
#8190=FILL_AREA_STYLE('',(#10239));
#8191=EDGE_CURVE('',#10216,#10230,#10240,.T.);
#8192=FILL_AREA_STYLE('',(#10241));
#8193=EDGE_CURVE('',#9872,#10242,#10243,.T.);
#8194=EDGE_CURVE('',#10244,#9870,#10245,.T.);
#8195=EDGE_CURVE('',#10242,#10244,#10246,.T.);
#8196=FILL_AREA_STYLE('',(#10247));
#8197=EDGE_CURVE('',#9880,#10248,#10249,.T.);
#8198=EDGE_CURVE('',#10224,#10248,#10250,.T.);
#8199=FILL_AREA_STYLE('',(#10251));
#8200=EDGE_CURVE('',#10252,#10236,#10253,.T.);
#8201=EDGE_CURVE('',#10252,#9846,#10254,.T.);
#8202=FILL_AREA_STYLE('',(#10255));
#8203=EDGE_CURVE('',#10256,#9874,#10257,.T.);
#8204=EDGE_CURVE('',#10256,#10258,#10259,.T.);
#8205=EDGE_CURVE('',#9869,#10258,#10260,.T.);
#8206=FILL_AREA_STYLE('',(#10261));
#8207=EDGE_CURVE('',#10262,#9866,#10263,.T.);
#8208=EDGE_CURVE('',#10264,#10262,#10265,.T.);
#8209=EDGE_CURVE('',#9861,#10264,#10266,.T.);
#8210=FILL_AREA_STYLE('',(#10267));
#8211=EDGE_CURVE('',#10244,#10258,#10268,.T.);
#8212=FILL_AREA_STYLE('',(#10269));
#8213=EDGE_CURVE('',#9856,#10270,#10271,.T.);
#8214=EDGE_CURVE('',#10272,#9854,#10273,.T.);
#8215=EDGE_CURVE('',#10270,#10272,#10274,.T.);
#8216=FILL_AREA_STYLE('',(#10275));
#8217=EDGE_CURVE('',#9848,#10276,#10277,.T.);
#8218=EDGE_CURVE('',#10252,#10276,#10278,.T.);
#8219=FILL_AREA_STYLE('',(#10279));
#8220=EDGE_CURVE('',#10280,#10264,#10281,.T.);
#8221=EDGE_CURVE('',#10280,#9862,#10282,.T.);
#8222=FILL_AREA_STYLE('',(#10283));
#8223=EDGE_CURVE('',#10284,#9858,#10285,.T.);
#8224=EDGE_CURVE('',#10284,#10286,#10287,.T.);
#8225=EDGE_CURVE('',#9853,#10286,#10288,.T.);
#8226=FILL_AREA_STYLE('',(#10289));
#8227=EDGE_CURVE('',#10290,#9788,#10291,.T.);
#8228=EDGE_CURVE('',#10292,#10290,#10293,.T.);
#8229=EDGE_CURVE('',#9790,#10292,#10294,.T.);
#8230=FILL_AREA_STYLE('',(#10295));
#8231=EDGE_CURVE('',#10296,#10297,#10298,.T.);
#8232=EDGE_CURVE('',#9792,#10296,#10299,.T.);
#8233=EDGE_CURVE('',#10297,#10292,#10300,.T.);
#8234=FILL_AREA_STYLE('',(#10301));
#8235=EDGE_CURVE('',#10272,#10286,#10302,.T.);
#8236=FILL_AREA_STYLE('',(#10303));
#8237=EDGE_CURVE('',#10304,#10305,#10306,.T.);
#8238=EDGE_CURVE('',#10307,#10304,#10308,.T.);
#8239=EDGE_CURVE('',#10307,#9796,#10309,.T.);
#8240=EDGE_CURVE('',#10305,#9794,#10310,.T.);
#8241=FILL_AREA_STYLE('',(#10311));
#8242=EDGE_CURVE('',#9798,#10312,#10313,.T.);
#8243=EDGE_CURVE('',#10312,#10307,#10314,.T.);
#8244=FILL_AREA_STYLE('',(#10315));
#8245=EDGE_CURVE('',#9864,#10316,#10317,.T.);
#8246=EDGE_CURVE('',#10280,#10316,#10318,.T.);
#8247=FILL_AREA_STYLE('',(#10319));
#8248=EDGE_CURVE('',#10276,#10262,#10320,.T.);
#8249=EDGE_CURVE('',#10248,#10234,#10321,.T.);
#8250=EDGE_CURVE('',#10220,#10206,#10322,.T.);
#8251=EDGE_CURVE('',#10192,#10178,#10323,.T.);
#8252=EDGE_CURVE('',#10149,#10131,#10324,.T.);
#8253=EDGE_CURVE('',#10143,#10125,#10325,.T.);
#8254=EDGE_CURVE('',#10186,#10172,#10326,.T.);
#8255=EDGE_CURVE('',#10214,#10200,#10327,.T.);
#8256=EDGE_CURVE('',#10242,#10228,#10328,.T.);
#8257=EDGE_CURVE('',#10270,#10256,#10329,.T.);
#8258=EDGE_CURVE('',#10312,#10284,#10330,.T.);
#8259=EDGE_CURVE('',#10297,#10304,#10331,.T.);
#8260=EDGE_CURVE('',#10316,#10290,#10332,.T.);
#8261=FILL_AREA_STYLE('',(#10333));
#8262=EDGE_CURVE('',#10334,#9786,#10335,.T.);
#8263=EDGE_CURVE('',#10336,#10334,#10337,.T.);
#8264=EDGE_CURVE('',#10161,#10336,#10338,.T.);
#8265=FILL_AREA_STYLE('',(#10339));
#8266=EDGE_CURVE('',#10334,#10296,#10340,.T.);
#8267=FILL_AREA_STYLE('',(#10341));
#8268=EDGE_CURVE('',#9800,#10342,#10343,.T.);
#8269=EDGE_CURVE('',#10305,#10342,#10344,.T.);
#8270=FILL_AREA_STYLE('',(#10345));
#8271=EDGE_CURVE('',#10342,#10346,#10347,.T.);
#8272=EDGE_CURVE('',#10336,#10346,#10348,.T.);
#8273=FILL_AREA_STYLE('',(#10349));
#8274=EDGE_CURVE('',#10346,#10163,#10350,.T.);
#8275=FILL_AREA_STYLE('',(#10351));
#8276=FILL_AREA_STYLE_COLOUR('',#10352);
#8277=VERTEX_POINT('',#10353);
#8278=VERTEX_POINT('',#10354);
#8279=LINE('',#10355,#10356);
#8280=VERTEX_POINT('',#10357);
#8281=CIRCLE('',#10358,0.190500000000002);
#8282=VERTEX_POINT('',#10359);
#8283=LINE('',#10360,#10361);
#8284=CIRCLE('',#10362,0.190500000000002);
#8285=FILL_AREA_STYLE_COLOUR('',#10363);
#8286=VERTEX_POINT('',#10364);
#8287=VERTEX_POINT('',#10365);
#8288=LINE('',#10366,#10367);
#8289=CIRCLE('',#10368,0.190500000000002);
#8290=CIRCLE('',#10369,0.190500000000002);
#8291=FILL_AREA_STYLE_COLOUR('',#10370);
#8292=VERTEX_POINT('',#10371);
#8293=VERTEX_POINT('',#10372);
#8294=LINE('',#10373,#10374);
#8295=VERTEX_POINT('',#10375);
#8296=CIRCLE('',#10376,0.190500000000002);
#8297=VERTEX_POINT('',#10377);
#8298=LINE('',#10378,#10379);
#8299=CIRCLE('',#10380,0.190500000000002);
#8300=FILL_AREA_STYLE_COLOUR('',#10381);
#8301=VERTEX_POINT('',#10382);
#8302=VERTEX_POINT('',#10383);
#8303=LINE('',#10384,#10385);
#8304=CIRCLE('',#10386,0.190500000000002);
#8305=CIRCLE('',#10387,0.190500000000002);
#8306=FILL_AREA_STYLE_COLOUR('',#10388);
#8307=VERTEX_POINT('',#10389);
#8308=VERTEX_POINT('',#10390);
#8309=LINE('',#10391,#10392);
#8310=VERTEX_POINT('',#10393);
#8311=CIRCLE('',#10394,0.190500000000002);
#8312=VERTEX_POINT('',#10395);
#8313=LINE('',#10396,#10397);
#8314=CIRCLE('',#10398,0.190500000000002);
#8315=FILL_AREA_STYLE_COLOUR('',#10399);
#8316=VERTEX_POINT('',#10400);
#8317=VERTEX_POINT('',#10401);
#8318=LINE('',#10402,#10403);
#8319=CIRCLE('',#10404,0.190500000000002);
#8320=CIRCLE('',#10405,0.190500000000002);
#8321=FILL_AREA_STYLE_COLOUR('',#10406);
#8322=VERTEX_POINT('',#10407);
#8323=VERTEX_POINT('',#10408);
#8324=LINE('',#10409,#10410);
#8325=VERTEX_POINT('',#10411);
#8326=CIRCLE('',#10412,0.190500000000002);
#8327=VERTEX_POINT('',#10413);
#8328=LINE('',#10414,#10415);
#8329=CIRCLE('',#10416,0.190500000000002);
#8330=FILL_AREA_STYLE_COLOUR('',#10417);
#8331=VERTEX_POINT('',#10418);
#8332=VERTEX_POINT('',#10419);
#8333=LINE('',#10420,#10421);
#8334=CIRCLE('',#10422,0.190500000000002);
#8335=CIRCLE('',#10423,0.190500000000002);
#8336=FILL_AREA_STYLE_COLOUR('',#10424);
#8337=VERTEX_POINT('',#10425);
#8338=VERTEX_POINT('',#10426);
#8339=LINE('',#10427,#10428);
#8340=VERTEX_POINT('',#10429);
#8341=CIRCLE('',#10430,0.190500000000002);
#8342=VERTEX_POINT('',#10431);
#8343=LINE('',#10432,#10433);
#8344=CIRCLE('',#10434,0.190500000000002);
#8345=FILL_AREA_STYLE_COLOUR('',#10435);
#8346=VERTEX_POINT('',#10436);
#8347=VERTEX_POINT('',#10437);
#8348=LINE('',#10438,#10439);
#8349=CIRCLE('',#10440,0.190500000000002);
#8350=CIRCLE('',#10441,0.190500000000002);
#8351=FILL_AREA_STYLE_COLOUR('',#10442);
#8352=VERTEX_POINT('',#10443);
#8353=VERTEX_POINT('',#10444);
#8354=LINE('',#10445,#10446);
#8355=VERTEX_POINT('',#10447);
#8356=CIRCLE('',#10448,0.190500000000002);
#8357=VERTEX_POINT('',#10449);
#8358=LINE('',#10450,#10451);
#8359=CIRCLE('',#10452,0.190500000000002);
#8360=FILL_AREA_STYLE_COLOUR('',#10453);
#8361=VERTEX_POINT('',#10454);
#8362=VERTEX_POINT('',#10455);
#8363=LINE('',#10456,#10457);
#8364=CIRCLE('',#10458,0.190500000000002);
#8365=CIRCLE('',#10459,0.190500000000002);
#8366=FILL_AREA_STYLE_COLOUR('',#10460);
#8367=VERTEX_POINT('',#10461);
#8368=VERTEX_POINT('',#10462);
#8369=LINE('',#10463,#10464);
#8370=VERTEX_POINT('',#10465);
#8371=LINE('',#10466,#10467);
#8372=VERTEX_POINT('',#10468);
#8373=LINE('',#10469,#10470);
#8374=LINE('',#10471,#10472);
#8375=FILL_AREA_STYLE_COLOUR('',#10473);
#8376=VERTEX_POINT('',#10474);
#8377=LINE('',#10475,#10476);
#8378=VERTEX_POINT('',#10477);
#8379=LINE('',#10478,#10479);
#8380=LINE('',#10480,#10481);
#8381=FILL_AREA_STYLE_COLOUR('',#10482);
#8382=VERTEX_POINT('',#10483);
#8383=VERTEX_POINT('',#10484);
#8384=LINE('',#10485,#10486);
#8385=VERTEX_POINT('',#10487);
#8386=LINE('',#10488,#10489);
#8387=VERTEX_POINT('',#10490);
#8388=LINE('',#10491,#10492);
#8389=LINE('',#10493,#10494);
#8390=FILL_AREA_STYLE_COLOUR('',#10495);
#8391=VERTEX_POINT('',#10496);
#8392=LINE('',#10497,#10498);
#8393=VERTEX_POINT('',#10499);
#8394=LINE('',#10500,#10501);
#8395=LINE('',#10502,#10503);
#8396=FILL_AREA_STYLE_COLOUR('',#10504);
#8397=LINE('',#10505,#10506);
#8398=LINE('',#10507,#10508);
#8399=FILL_AREA_STYLE_COLOUR('',#10509);
#8400=VERTEX_POINT('',#10510);
#8401=LINE('',#10511,#10512);
#8402=VERTEX_POINT('',#10513);
#8403=LINE('',#10514,#10515);
#8404=LINE('',#10516,#10517);
#8405=FILL_AREA_STYLE_COLOUR('',#10518);
#8406=VERTEX_POINT('',#10519);
#8407=VERTEX_POINT('',#10520);
#8408=LINE('',#10521,#10522);
#8409=VERTEX_POINT('',#10523);
#8410=LINE('',#10524,#10525);
#8411=VERTEX_POINT('',#10526);
#8412=LINE('',#10527,#10528);
#8413=VERTEX_POINT('',#10529);
#8414=LINE('',#10530,#10531);
#8415=VERTEX_POINT('',#10532);
#8416=LINE('',#10533,#10534);
#8417=CIRCLE('',#10535,0.190500000000002);
#8418=VERTEX_POINT('',#10536);
#8419=LINE('',#10537,#10538);
#8420=VERTEX_POINT('',#10539);
#8421=LINE('',#10540,#10541);
#8422=VERTEX_POINT('',#10542);
#8423=LINE('',#10543,#10544);
#8424=LINE('',#10545,#10546);
#8425=FILL_AREA_STYLE_COLOUR('',#10547);
#8426=VERTEX_POINT('',#10548);
#8427=VERTEX_POINT('',#10549);
#8428=LINE('',#10550,#10551);
#8429=VERTEX_POINT('',#10552);
#8430=LINE('',#10553,#10554);
#8431=VERTEX_POINT('',#10555);
#8432=LINE('',#10556,#10557);
#8433=VERTEX_POINT('',#10558);
#8434=LINE('',#10559,#10560);
#8435=LINE('',#10561,#10562);
#8436=VERTEX_POINT('',#10563);
#8437=CIRCLE('',#10564,0.190500000000002);
#8438=VERTEX_POINT('',#10565);
#8439=LINE('',#10566,#10567);
#8440=VERTEX_POINT('',#10568);
#8441=LINE('',#10569,#10570);
#8442=VERTEX_POINT('',#10571);
#8443=LINE('',#10572,#10573);
#8444=LINE('',#10574,#10575);
#8445=FILL_AREA_STYLE_COLOUR('',#10576);
#8446=VERTEX_POINT('',#10577);
#8447=LINE('',#10578,#10579);
#8448=VERTEX_POINT('',#10580);
#8449=LINE('',#10581,#10582);
#8450=VERTEX_POINT('',#10583);
#8451=LINE('',#10584,#10585);
#8452=LINE('',#10586,#10587);
#8453=FILL_AREA_STYLE_COLOUR('',#10588);
#8454=VERTEX_POINT('',#10589);
#8455=LINE('',#10590,#10591);
#8456=VERTEX_POINT('',#10592);
#8457=LINE('',#10593,#10594);
#8458=LINE('',#10595,#10596);
#8459=FILL_AREA_STYLE_COLOUR('',#10597);
#8460=LINE('',#10598,#10599);
#8461=LINE('',#10600,#10601);
#8462=FILL_AREA_STYLE_COLOUR('',#10602);
#8463=LINE('',#10603,#10604);
#8464=FILL_AREA_STYLE_COLOUR('',#10605);
#8465=FILL_AREA_STYLE_COLOUR('',#10606);
#8466=VERTEX_POINT('',#10607);
#8467=LINE('',#10608,#10609);
#8468=LINE('',#10610,#10611);
#8469=FILL_AREA_STYLE_COLOUR('',#10612);
#8470=LINE('',#10613,#10614);
#8471=FILL_AREA_STYLE_COLOUR('',#10615);
#8472=LINE('',#10616,#10617);
#8473=LINE('',#10618,#10619);
#8474=FILL_AREA_STYLE_COLOUR('',#10620);
#8475=LINE('',#10621,#10622);
#8476=FILL_AREA_STYLE_COLOUR('',#10623);
#8477=FILL_AREA_STYLE_COLOUR('',#10624);
#8478=LINE('',#10625,#10626);
#8479=FILL_AREA_STYLE_COLOUR('',#10627);
#8480=LINE('',#10628,#10629);
#8481=FILL_AREA_STYLE_COLOUR('',#10630);
#8482=LINE('',#10631,#10632);
#8483=FILL_AREA_STYLE_COLOUR('',#10633);
#8484=LINE('',#10634,#10635);
#8485=FILL_AREA_STYLE_COLOUR('',#10636);
#8486=VERTEX_POINT('',#10637);
#8487=LINE('',#10638,#10639);
#8488=VERTEX_POINT('',#10640);
#8489=LINE('',#10641,#10642);
#8490=VERTEX_POINT('',#10643);
#8491=LINE('',#10644,#10645);
#8492=VERTEX_POINT('',#10646);
#8493=LINE('',#10647,#10648);
#8494=LINE('',#10649,#10650);
#8495=FILL_AREA_STYLE_COLOUR('',#10651);
#8496=VERTEX_POINT('',#10652);
#8497=LINE('',#10653,#10654);
#8498=LINE('',#10655,#10656);
#8499=FILL_AREA_STYLE_COLOUR('',#10657);
#8500=VERTEX_POINT('',#10658);
#8501=VERTEX_POINT('',#10659);
#8502=LINE('',#10660,#10661);
#8503=VERTEX_POINT('',#10662);
#8504=LINE('',#10663,#10664);
#8505=VERTEX_POINT('',#10665);
#8506=LINE('',#10666,#10667);
#8507=LINE('',#10668,#10669);
#8508=FILL_AREA_STYLE_COLOUR('',#10670);
#8509=VERTEX_POINT('',#10671);
#8510=LINE('',#10672,#10673);
#8511=VERTEX_POINT('',#10674);
#8512=LINE('',#10675,#10676);
#8513=LINE('',#10677,#10678);
#8514=FILL_AREA_STYLE_COLOUR('',#10679);
#8515=VERTEX_POINT('',#10680);
#8516=VERTEX_POINT('',#10681);
#8517=LINE('',#10682,#10683);
#8518=VERTEX_POINT('',#10684);
#8519=LINE('',#10685,#10686);
#8520=VERTEX_POINT('',#10687);
#8521=LINE('',#10688,#10689);
#8522=LINE('',#10690,#10691);
#8523=FILL_AREA_STYLE_COLOUR('',#10692);
#8524=VERTEX_POINT('',#10693);
#8525=LINE('',#10694,#10695);
#8526=VERTEX_POINT('',#10696);
#8527=LINE('',#10697,#10698);
#8528=LINE('',#10699,#10700);
#8529=FILL_AREA_STYLE_COLOUR('',#10701);
#8530=LINE('',#10702,#10703);
#8531=LINE('',#10704,#10705);
#8532=FILL_AREA_STYLE_COLOUR('',#10706);
#8533=VERTEX_POINT('',#10707);
#8534=LINE('',#10708,#10709);
#8535=VERTEX_POINT('',#10710);
#8536=LINE('',#10711,#10712);
#8537=LINE('',#10713,#10714);
#8538=FILL_AREA_STYLE_COLOUR('',#10715);
#8539=VERTEX_POINT('',#10716);
#8540=VERTEX_POINT('',#10717);
#8541=LINE('',#10718,#10719);
#8542=VERTEX_POINT('',#10720);
#8543=LINE('',#10721,#10722);
#8544=VERTEX_POINT('',#10723);
#8545=LINE('',#10724,#10725);
#8546=VERTEX_POINT('',#10726);
#8547=LINE('',#10727,#10728);
#8548=VERTEX_POINT('',#10729);
#8549=LINE('',#10730,#10731);
#8550=CIRCLE('',#10732,0.190500000000002);
#8551=VERTEX_POINT('',#10733);
#8552=LINE('',#10734,#10735);
#8553=VERTEX_POINT('',#10736);
#8554=LINE('',#10737,#10738);
#8555=VERTEX_POINT('',#10739);
#8556=LINE('',#10740,#10741);
#8557=LINE('',#10742,#10743);
#8558=FILL_AREA_STYLE_COLOUR('',#10744);
#8559=VERTEX_POINT('',#10745);
#8560=VERTEX_POINT('',#10746);
#8561=LINE('',#10747,#10748);
#8562=VERTEX_POINT('',#10749);
#8563=LINE('',#10750,#10751);
#8564=VERTEX_POINT('',#10752);
#8565=LINE('',#10753,#10754);
#8566=VERTEX_POINT('',#10755);
#8567=LINE('',#10756,#10757);
#8568=LINE('',#10758,#10759);
#8569=VERTEX_POINT('',#10760);
#8570=CIRCLE('',#10761,0.190500000000002);
#8571=VERTEX_POINT('',#10762);
#8572=LINE('',#10763,#10764);
#8573=VERTEX_POINT('',#10765);
#8574=LINE('',#10766,#10767);
#8575=VERTEX_POINT('',#10768);
#8576=LINE('',#10769,#10770);
#8577=LINE('',#10771,#10772);
#8578=FILL_AREA_STYLE_COLOUR('',#10773);
#8579=VERTEX_POINT('',#10774);
#8580=LINE('',#10775,#10776);
#8581=VERTEX_POINT('',#10777);
#8582=LINE('',#10778,#10779);
#8583=VERTEX_POINT('',#10780);
#8584=LINE('',#10781,#10782);
#8585=LINE('',#10783,#10784);
#8586=FILL_AREA_STYLE_COLOUR('',#10785);
#8587=VERTEX_POINT('',#10786);
#8588=LINE('',#10787,#10788);
#8589=VERTEX_POINT('',#10789);
#8590=LINE('',#10790,#10791);
#8591=LINE('',#10792,#10793);
#8592=FILL_AREA_STYLE_COLOUR('',#10794);
#8593=LINE('',#10795,#10796);
#8594=LINE('',#10797,#10798);
#8595=FILL_AREA_STYLE_COLOUR('',#10799);
#8596=LINE('',#10800,#10801);
#8597=FILL_AREA_STYLE_COLOUR('',#10802);
#8598=FILL_AREA_STYLE_COLOUR('',#10803);
#8599=VERTEX_POINT('',#10804);
#8600=LINE('',#10805,#10806);
#8601=LINE('',#10807,#10808);
#8602=FILL_AREA_STYLE_COLOUR('',#10809);
#8603=LINE('',#10810,#10811);
#8604=FILL_AREA_STYLE_COLOUR('',#10812);
#8605=LINE('',#10813,#10814);
#8606=LINE('',#10815,#10816);
#8607=FILL_AREA_STYLE_COLOUR('',#10817);
#8608=LINE('',#10818,#10819);
#8609=FILL_AREA_STYLE_COLOUR('',#10820);
#8610=FILL_AREA_STYLE_COLOUR('',#10821);
#8611=LINE('',#10822,#10823);
#8612=FILL_AREA_STYLE_COLOUR('',#10824);
#8613=LINE('',#10825,#10826);
#8614=FILL_AREA_STYLE_COLOUR('',#10827);
#8615=LINE('',#10828,#10829);
#8616=FILL_AREA_STYLE_COLOUR('',#10830);
#8617=LINE('',#10831,#10832);
#8618=FILL_AREA_STYLE_COLOUR('',#10833);
#8619=VERTEX_POINT('',#10834);
#8620=LINE('',#10835,#10836);
#8621=VERTEX_POINT('',#10837);
#8622=LINE('',#10838,#10839);
#8623=VERTEX_POINT('',#10840);
#8624=LINE('',#10841,#10842);
#8625=VERTEX_POINT('',#10843);
#8626=LINE('',#10844,#10845);
#8627=LINE('',#10846,#10847);
#8628=FILL_AREA_STYLE_COLOUR('',#10848);
#8629=VERTEX_POINT('',#10849);
#8630=LINE('',#10850,#10851);
#8631=LINE('',#10852,#10853);
#8632=FILL_AREA_STYLE_COLOUR('',#10854);
#8633=VERTEX_POINT('',#10855);
#8634=VERTEX_POINT('',#10856);
#8635=LINE('',#10857,#10858);
#8636=VERTEX_POINT('',#10859);
#8637=LINE('',#10860,#10861);
#8638=VERTEX_POINT('',#10862);
#8639=LINE('',#10863,#10864);
#8640=LINE('',#10865,#10866);
#8641=FILL_AREA_STYLE_COLOUR('',#10867);
#8642=VERTEX_POINT('',#10868);
#8643=LINE('',#10869,#10870);
#8644=VERTEX_POINT('',#10871);
#8645=LINE('',#10872,#10873);
#8646=LINE('',#10874,#10875);
#8647=FILL_AREA_STYLE_COLOUR('',#10876);
#8648=VERTEX_POINT('',#10877);
#8649=VERTEX_POINT('',#10878);
#8650=LINE('',#10879,#10880);
#8651=VERTEX_POINT('',#10881);
#8652=LINE('',#10882,#10883);
#8653=VERTEX_POINT('',#10884);
#8654=LINE('',#10885,#10886);
#8655=LINE('',#10887,#10888);
#8656=FILL_AREA_STYLE_COLOUR('',#10889);
#8657=VERTEX_POINT('',#10890);
#8658=LINE('',#10891,#10892);
#8659=VERTEX_POINT('',#10893);
#8660=LINE('',#10894,#10895);
#8661=LINE('',#10896,#10897);
#8662=FILL_AREA_STYLE_COLOUR('',#10898);
#8663=LINE('',#10899,#10900);
#8664=LINE('',#10901,#10902);
#8665=FILL_AREA_STYLE_COLOUR('',#10903);
#8666=VERTEX_POINT('',#10904);
#8667=LINE('',#10905,#10906);
#8668=VERTEX_POINT('',#10907);
#8669=LINE('',#10908,#10909);
#8670=LINE('',#10910,#10911);
#8671=FILL_AREA_STYLE_COLOUR('',#10912);
#8672=VERTEX_POINT('',#10913);
#8673=VERTEX_POINT('',#10914);
#8674=LINE('',#10915,#10916);
#8675=VERTEX_POINT('',#10917);
#8676=LINE('',#10918,#10919);
#8677=VERTEX_POINT('',#10920);
#8678=LINE('',#10921,#10922);
#8679=VERTEX_POINT('',#10923);
#8680=LINE('',#10924,#10925);
#8681=VERTEX_POINT('',#10926);
#8682=LINE('',#10927,#10928);
#8683=CIRCLE('',#10929,0.190500000000002);
#8684=VERTEX_POINT('',#10930);
#8685=LINE('',#10931,#10932);
#8686=VERTEX_POINT('',#10933);
#8687=LINE('',#10934,#10935);
#8688=VERTEX_POINT('',#10936);
#8689=LINE('',#10937,#10938);
#8690=LINE('',#10939,#10940);
#8691=FILL_AREA_STYLE_COLOUR('',#10941);
#8692=VERTEX_POINT('',#10942);
#8693=VERTEX_POINT('',#10943);
#8694=LINE('',#10944,#10945);
#8695=VERTEX_POINT('',#10946);
#8696=LINE('',#10947,#10948);
#8697=VERTEX_POINT('',#10949);
#8698=LINE('',#10950,#10951);
#8699=VERTEX_POINT('',#10952);
#8700=LINE('',#10953,#10954);
#8701=LINE('',#10955,#10956);
#8702=VERTEX_POINT('',#10957);
#8703=CIRCLE('',#10958,0.190500000000002);
#8704=VERTEX_POINT('',#10959);
#8705=LINE('',#10960,#10961);
#8706=VERTEX_POINT('',#10962);
#8707=LINE('',#10963,#10964);
#8708=VERTEX_POINT('',#10965);
#8709=LINE('',#10966,#10967);
#8710=LINE('',#10968,#10969);
#8711=FILL_AREA_STYLE_COLOUR('',#10970);
#8712=VERTEX_POINT('',#10971);
#8713=LINE('',#10972,#10973);
#8714=VERTEX_POINT('',#10974);
#8715=LINE('',#10975,#10976);
#8716=VERTEX_POINT('',#10977);
#8717=LINE('',#10978,#10979);
#8718=LINE('',#10980,#10981);
#8719=FILL_AREA_STYLE_COLOUR('',#10982);
#8720=VERTEX_POINT('',#10983);
#8721=LINE('',#10984,#10985);
#8722=VERTEX_POINT('',#10986);
#8723=LINE('',#10987,#10988);
#8724=LINE('',#10989,#10990);
#8725=FILL_AREA_STYLE_COLOUR('',#10991);
#8726=LINE('',#10992,#10993);
#8727=LINE('',#10994,#10995);
#8728=FILL_AREA_STYLE_COLOUR('',#10996);
#8729=LINE('',#10997,#10998);
#8730=FILL_AREA_STYLE_COLOUR('',#10999);
#8731=FILL_AREA_STYLE_COLOUR('',#11000);
#8732=VERTEX_POINT('',#11001);
#8733=LINE('',#11002,#11003);
#8734=LINE('',#11004,#11005);
#8735=FILL_AREA_STYLE_COLOUR('',#11006);
#8736=LINE('',#11007,#11008);
#8737=FILL_AREA_STYLE_COLOUR('',#11009);
#8738=LINE('',#11010,#11011);
#8739=LINE('',#11012,#11013);
#8740=FILL_AREA_STYLE_COLOUR('',#11014);
#8741=LINE('',#11015,#11016);
#8742=FILL_AREA_STYLE_COLOUR('',#11017);
#8743=FILL_AREA_STYLE_COLOUR('',#11018);
#8744=LINE('',#11019,#11020);
#8745=FILL_AREA_STYLE_COLOUR('',#11021);
#8746=LINE('',#11022,#11023);
#8747=FILL_AREA_STYLE_COLOUR('',#11024);
#8748=LINE('',#11025,#11026);
#8749=FILL_AREA_STYLE_COLOUR('',#11027);
#8750=LINE('',#11028,#11029);
#8751=FILL_AREA_STYLE_COLOUR('',#11030);
#8752=VERTEX_POINT('',#11031);
#8753=LINE('',#11032,#11033);
#8754=VERTEX_POINT('',#11034);
#8755=LINE('',#11035,#11036);
#8756=VERTEX_POINT('',#11037);
#8757=LINE('',#11038,#11039);
#8758=VERTEX_POINT('',#11040);
#8759=LINE('',#11041,#11042);
#8760=LINE('',#11043,#11044);
#8761=FILL_AREA_STYLE_COLOUR('',#11045);
#8762=VERTEX_POINT('',#11046);
#8763=LINE('',#11047,#11048);
#8764=LINE('',#11049,#11050);
#8765=FILL_AREA_STYLE_COLOUR('',#11051);
#8766=VERTEX_POINT('',#11052);
#8767=VERTEX_POINT('',#11053);
#8768=LINE('',#11054,#11055);
#8769=VERTEX_POINT('',#11056);
#8770=LINE('',#11057,#11058);
#8771=VERTEX_POINT('',#11059);
#8772=LINE('',#11060,#11061);
#8773=LINE('',#11062,#11063);
#8774=FILL_AREA_STYLE_COLOUR('',#11064);
#8775=VERTEX_POINT('',#11065);
#8776=LINE('',#11066,#11067);
#8777=VERTEX_POINT('',#11068);
#8778=LINE('',#11069,#11070);
#8779=LINE('',#11071,#11072);
#8780=FILL_AREA_STYLE_COLOUR('',#11073);
#8781=VERTEX_POINT('',#11074);
#8782=VERTEX_POINT('',#11075);
#8783=LINE('',#11076,#11077);
#8784=VERTEX_POINT('',#11078);
#8785=LINE('',#11079,#11080);
#8786=VERTEX_POINT('',#11081);
#8787=LINE('',#11082,#11083);
#8788=LINE('',#11084,#11085);
#8789=FILL_AREA_STYLE_COLOUR('',#11086);
#8790=VERTEX_POINT('',#11087);
#8791=LINE('',#11088,#11089);
#8792=VERTEX_POINT('',#11090);
#8793=LINE('',#11091,#11092);
#8794=LINE('',#11093,#11094);
#8795=FILL_AREA_STYLE_COLOUR('',#11095);
#8796=LINE('',#11096,#11097);
#8797=LINE('',#11098,#11099);
#8798=FILL_AREA_STYLE_COLOUR('',#11100);
#8799=VERTEX_POINT('',#11101);
#8800=LINE('',#11102,#11103);
#8801=VERTEX_POINT('',#11104);
#8802=LINE('',#11105,#11106);
#8803=LINE('',#11107,#11108);
#8804=FILL_AREA_STYLE_COLOUR('',#11109);
#8805=VERTEX_POINT('',#11110);
#8806=VERTEX_POINT('',#11111);
#8807=LINE('',#11112,#11113);
#8808=VERTEX_POINT('',#11114);
#8809=LINE('',#11115,#11116);
#8810=VERTEX_POINT('',#11117);
#8811=LINE('',#11118,#11119);
#8812=VERTEX_POINT('',#11120);
#8813=LINE('',#11121,#11122);
#8814=VERTEX_POINT('',#11123);
#8815=LINE('',#11124,#11125);
#8816=CIRCLE('',#11126,0.190500000000002);
#8817=VERTEX_POINT('',#11127);
#8818=LINE('',#11128,#11129);
#8819=VERTEX_POINT('',#11130);
#8820=LINE('',#11131,#11132);
#8821=VERTEX_POINT('',#11133);
#8822=LINE('',#11134,#11135);
#8823=LINE('',#11136,#11137);
#8824=FILL_AREA_STYLE_COLOUR('',#11138);
#8825=VERTEX_POINT('',#11139);
#8826=VERTEX_POINT('',#11140);
#8827=LINE('',#11141,#11142);
#8828=VERTEX_POINT('',#11143);
#8829=LINE('',#11144,#11145);
#8830=VERTEX_POINT('',#11146);
#8831=LINE('',#11147,#11148);
#8832=VERTEX_POINT('',#11149);
#8833=LINE('',#11150,#11151);
#8834=LINE('',#11152,#11153);
#8835=VERTEX_POINT('',#11154);
#8836=CIRCLE('',#11155,0.190500000000002);
#8837=VERTEX_POINT('',#11156);
#8838=LINE('',#11157,#11158);
#8839=VERTEX_POINT('',#11159);
#8840=LINE('',#11160,#11161);
#8841=VERTEX_POINT('',#11162);
#8842=LINE('',#11163,#11164);
#8843=LINE('',#11165,#11166);
#8844=FILL_AREA_STYLE_COLOUR('',#11167);
#8845=VERTEX_POINT('',#11168);
#8846=LINE('',#11169,#11170);
#8847=VERTEX_POINT('',#11171);
#8848=LINE('',#11172,#11173);
#8849=VERTEX_POINT('',#11174);
#8850=LINE('',#11175,#11176);
#8851=LINE('',#11177,#11178);
#8852=FILL_AREA_STYLE_COLOUR('',#11179);
#8853=VERTEX_POINT('',#11180);
#8854=LINE('',#11181,#11182);
#8855=VERTEX_POINT('',#11183);
#8856=LINE('',#11184,#11185);
#8857=LINE('',#11186,#11187);
#8858=FILL_AREA_STYLE_COLOUR('',#11188);
#8859=LINE('',#11189,#11190);
#8860=LINE('',#11191,#11192);
#8861=FILL_AREA_STYLE_COLOUR('',#11193);
#8862=LINE('',#11194,#11195);
#8863=FILL_AREA_STYLE_COLOUR('',#11196);
#8864=FILL_AREA_STYLE_COLOUR('',#11197);
#8865=VERTEX_POINT('',#11198);
#8866=LINE('',#11199,#11200);
#8867=LINE('',#11201,#11202);
#8868=FILL_AREA_STYLE_COLOUR('',#11203);
#8869=LINE('',#11204,#11205);
#8870=FILL_AREA_STYLE_COLOUR('',#11206);
#8871=LINE('',#11207,#11208);
#8872=LINE('',#11209,#11210);
#8873=FILL_AREA_STYLE_COLOUR('',#11211);
#8874=LINE('',#11212,#11213);
#8875=FILL_AREA_STYLE_COLOUR('',#11214);
#8876=FILL_AREA_STYLE_COLOUR('',#11215);
#8877=LINE('',#11216,#11217);
#8878=FILL_AREA_STYLE_COLOUR('',#11218);
#8879=LINE('',#11219,#11220);
#8880=FILL_AREA_STYLE_COLOUR('',#11221);
#8881=LINE('',#11222,#11223);
#8882=FILL_AREA_STYLE_COLOUR('',#11224);
#8883=LINE('',#11225,#11226);
#8884=FILL_AREA_STYLE_COLOUR('',#11227);
#8885=VERTEX_POINT('',#11228);
#8886=LINE('',#11229,#11230);
#8887=VERTEX_POINT('',#11231);
#8888=LINE('',#11232,#11233);
#8889=VERTEX_POINT('',#11234);
#8890=LINE('',#11235,#11236);
#8891=VERTEX_POINT('',#11237);
#8892=LINE('',#11238,#11239);
#8893=LINE('',#11240,#11241);
#8894=FILL_AREA_STYLE_COLOUR('',#11242);
#8895=VERTEX_POINT('',#11243);
#8896=LINE('',#11244,#11245);
#8897=LINE('',#11246,#11247);
#8898=FILL_AREA_STYLE_COLOUR('',#11248);
#8899=VERTEX_POINT('',#11249);
#8900=VERTEX_POINT('',#11250);
#8901=LINE('',#11251,#11252);
#8902=VERTEX_POINT('',#11253);
#8903=LINE('',#11254,#11255);
#8904=VERTEX_POINT('',#11256);
#8905=LINE('',#11257,#11258);
#8906=LINE('',#11259,#11260);
#8907=FILL_AREA_STYLE_COLOUR('',#11261);
#8908=VERTEX_POINT('',#11262);
#8909=LINE('',#11263,#11264);
#8910=VERTEX_POINT('',#11265);
#8911=LINE('',#11266,#11267);
#8912=LINE('',#11268,#11269);
#8913=FILL_AREA_STYLE_COLOUR('',#11270);
#8914=VERTEX_POINT('',#11271);
#8915=VERTEX_POINT('',#11272);
#8916=LINE('',#11273,#11274);
#8917=VERTEX_POINT('',#11275);
#8918=LINE('',#11276,#11277);
#8919=VERTEX_POINT('',#11278);
#8920=LINE('',#11279,#11280);
#8921=LINE('',#11281,#11282);
#8922=FILL_AREA_STYLE_COLOUR('',#11283);
#8923=VERTEX_POINT('',#11284);
#8924=LINE('',#11285,#11286);
#8925=VERTEX_POINT('',#11287);
#8926=LINE('',#11288,#11289);
#8927=LINE('',#11290,#11291);
#8928=FILL_AREA_STYLE_COLOUR('',#11292);
#8929=LINE('',#11293,#11294);
#8930=LINE('',#11295,#11296);
#8931=FILL_AREA_STYLE_COLOUR('',#11297);
#8932=VERTEX_POINT('',#11298);
#8933=LINE('',#11299,#11300);
#8934=VERTEX_POINT('',#11301);
#8935=LINE('',#11302,#11303);
#8936=LINE('',#11304,#11305);
#8937=FILL_AREA_STYLE_COLOUR('',#11306);
#8938=VERTEX_POINT('',#11307);
#8939=VERTEX_POINT('',#11308);
#8940=LINE('',#11309,#11310);
#8941=VERTEX_POINT('',#11311);
#8942=LINE('',#11312,#11313);
#8943=VERTEX_POINT('',#11314);
#8944=LINE('',#11315,#11316);
#8945=VERTEX_POINT('',#11317);
#8946=LINE('',#11318,#11319);
#8947=VERTEX_POINT('',#11320);
#8948=LINE('',#11321,#11322);
#8949=CIRCLE('',#11323,0.190500000000002);
#8950=VERTEX_POINT('',#11324);
#8951=LINE('',#11325,#11326);
#8952=VERTEX_POINT('',#11327);
#8953=LINE('',#11328,#11329);
#8954=VERTEX_POINT('',#11330);
#8955=LINE('',#11331,#11332);
#8956=LINE('',#11333,#11334);
#8957=FILL_AREA_STYLE_COLOUR('',#11335);
#8958=VERTEX_POINT('',#11336);
#8959=VERTEX_POINT('',#11337);
#8960=LINE('',#11338,#11339);
#8961=VERTEX_POINT('',#11340);
#8962=LINE('',#11341,#11342);
#8963=VERTEX_POINT('',#11343);
#8964=LINE('',#11344,#11345);
#8965=VERTEX_POINT('',#11346);
#8966=LINE('',#11347,#11348);
#8967=LINE('',#11349,#11350);
#8968=VERTEX_POINT('',#11351);
#8969=CIRCLE('',#11352,0.190500000000002);
#8970=VERTEX_POINT('',#11353);
#8971=LINE('',#11354,#11355);
#8972=VERTEX_POINT('',#11356);
#8973=LINE('',#11357,#11358);
#8974=VERTEX_POINT('',#11359);
#8975=LINE('',#11360,#11361);
#8976=LINE('',#11362,#11363);
#8977=FILL_AREA_STYLE_COLOUR('',#11364);
#8978=VERTEX_POINT('',#11365);
#8979=LINE('',#11366,#11367);
#8980=VERTEX_POINT('',#11368);
#8981=LINE('',#11369,#11370);
#8982=VERTEX_POINT('',#11371);
#8983=LINE('',#11372,#11373);
#8984=LINE('',#11374,#11375);
#8985=FILL_AREA_STYLE_COLOUR('',#11376);
#8986=VERTEX_POINT('',#11377);
#8987=LINE('',#11378,#11379);
#8988=VERTEX_POINT('',#11380);
#8989=LINE('',#11381,#11382);
#8990=LINE('',#11383,#11384);
#8991=FILL_AREA_STYLE_COLOUR('',#11385);
#8992=LINE('',#11386,#11387);
#8993=LINE('',#11388,#11389);
#8994=FILL_AREA_STYLE_COLOUR('',#11390);
#8995=LINE('',#11391,#11392);
#8996=FILL_AREA_STYLE_COLOUR('',#11393);
#8997=FILL_AREA_STYLE_COLOUR('',#11394);
#8998=VERTEX_POINT('',#11395);
#8999=LINE('',#11396,#11397);
#9000=LINE('',#11398,#11399);
#9001=FILL_AREA_STYLE_COLOUR('',#11400);
#9002=LINE('',#11401,#11402);
#9003=FILL_AREA_STYLE_COLOUR('',#11403);
#9004=LINE('',#11404,#11405);
#9005=LINE('',#11406,#11407);
#9006=FILL_AREA_STYLE_COLOUR('',#11408);
#9007=LINE('',#11409,#11410);
#9008=FILL_AREA_STYLE_COLOUR('',#11411);
#9009=FILL_AREA_STYLE_COLOUR('',#11412);
#9010=LINE('',#11413,#11414);
#9011=FILL_AREA_STYLE_COLOUR('',#11415);
#9012=LINE('',#11416,#11417);
#9013=FILL_AREA_STYLE_COLOUR('',#11418);
#9014=LINE('',#11419,#11420);
#9015=FILL_AREA_STYLE_COLOUR('',#11421);
#9016=LINE('',#11422,#11423);
#9017=FILL_AREA_STYLE_COLOUR('',#11424);
#9018=VERTEX_POINT('',#11425);
#9019=LINE('',#11426,#11427);
#9020=VERTEX_POINT('',#11428);
#9021=LINE('',#11429,#11430);
#9022=VERTEX_POINT('',#11431);
#9023=LINE('',#11432,#11433);
#9024=VERTEX_POINT('',#11434);
#9025=LINE('',#11435,#11436);
#9026=LINE('',#11437,#11438);
#9027=FILL_AREA_STYLE_COLOUR('',#11439);
#9028=VERTEX_POINT('',#11440);
#9029=LINE('',#11441,#11442);
#9030=LINE('',#11443,#11444);
#9031=FILL_AREA_STYLE_COLOUR('',#11445);
#9032=VERTEX_POINT('',#11446);
#9033=VERTEX_POINT('',#11447);
#9034=LINE('',#11448,#11449);
#9035=VERTEX_POINT('',#11450);
#9036=LINE('',#11451,#11452);
#9037=VERTEX_POINT('',#11453);
#9038=LINE('',#11454,#11455);
#9039=LINE('',#11456,#11457);
#9040=FILL_AREA_STYLE_COLOUR('',#11458);
#9041=VERTEX_POINT('',#11459);
#9042=LINE('',#11460,#11461);
#9043=VERTEX_POINT('',#11462);
#9044=LINE('',#11463,#11464);
#9045=LINE('',#11465,#11466);
#9046=FILL_AREA_STYLE_COLOUR('',#11467);
#9047=VERTEX_POINT('',#11468);
#9048=VERTEX_POINT('',#11469);
#9049=LINE('',#11470,#11471);
#9050=VERTEX_POINT('',#11472);
#9051=LINE('',#11473,#11474);
#9052=VERTEX_POINT('',#11475);
#9053=LINE('',#11476,#11477);
#9054=LINE('',#11478,#11479);
#9055=FILL_AREA_STYLE_COLOUR('',#11480);
#9056=VERTEX_POINT('',#11481);
#9057=LINE('',#11482,#11483);
#9058=VERTEX_POINT('',#11484);
#9059=LINE('',#11485,#11486);
#9060=LINE('',#11487,#11488);
#9061=FILL_AREA_STYLE_COLOUR('',#11489);
#9062=LINE('',#11490,#11491);
#9063=LINE('',#11492,#11493);
#9064=FILL_AREA_STYLE_COLOUR('',#11494);
#9065=VERTEX_POINT('',#11495);
#9066=LINE('',#11496,#11497);
#9067=VERTEX_POINT('',#11498);
#9068=LINE('',#11499,#11500);
#9069=LINE('',#11501,#11502);
#9070=FILL_AREA_STYLE_COLOUR('',#11503);
#9071=VERTEX_POINT('',#11504);
#9072=VERTEX_POINT('',#11505);
#9073=LINE('',#11506,#11507);
#9074=VERTEX_POINT('',#11508);
#9075=LINE('',#11509,#11510);
#9076=VERTEX_POINT('',#11511);
#9077=LINE('',#11512,#11513);
#9078=VERTEX_POINT('',#11514);
#9079=LINE('',#11515,#11516);
#9080=VERTEX_POINT('',#11517);
#9081=LINE('',#11518,#11519);
#9082=CIRCLE('',#11520,0.190500000000002);
#9083=VERTEX_POINT('',#11521);
#9084=LINE('',#11522,#11523);
#9085=VERTEX_POINT('',#11524);
#9086=LINE('',#11525,#11526);
#9087=VERTEX_POINT('',#11527);
#9088=LINE('',#11528,#11529);
#9089=LINE('',#11530,#11531);
#9090=FILL_AREA_STYLE_COLOUR('',#11532);
#9091=VERTEX_POINT('',#11533);
#9092=VERTEX_POINT('',#11534);
#9093=LINE('',#11535,#11536);
#9094=VERTEX_POINT('',#11537);
#9095=LINE('',#11538,#11539);
#9096=VERTEX_POINT('',#11540);
#9097=LINE('',#11541,#11542);
#9098=VERTEX_POINT('',#11543);
#9099=LINE('',#11544,#11545);
#9100=LINE('',#11546,#11547);
#9101=VERTEX_POINT('',#11548);
#9102=CIRCLE('',#11549,0.190500000000002);
#9103=VERTEX_POINT('',#11550);
#9104=LINE('',#11551,#11552);
#9105=VERTEX_POINT('',#11553);
#9106=LINE('',#11554,#11555);
#9107=VERTEX_POINT('',#11556);
#9108=LINE('',#11557,#11558);
#9109=LINE('',#11559,#11560);
#9110=FILL_AREA_STYLE_COLOUR('',#11561);
#9111=VERTEX_POINT('',#11562);
#9112=LINE('',#11563,#11564);
#9113=VERTEX_POINT('',#11565);
#9114=LINE('',#11566,#11567);
#9115=VERTEX_POINT('',#11568);
#9116=LINE('',#11569,#11570);
#9117=LINE('',#11571,#11572);
#9118=FILL_AREA_STYLE_COLOUR('',#11573);
#9119=VERTEX_POINT('',#11574);
#9120=LINE('',#11575,#11576);
#9121=VERTEX_POINT('',#11577);
#9122=LINE('',#11578,#11579);
#9123=LINE('',#11580,#11581);
#9124=FILL_AREA_STYLE_COLOUR('',#11582);
#9125=LINE('',#11583,#11584);
#9126=LINE('',#11585,#11586);
#9127=FILL_AREA_STYLE_COLOUR('',#11587);
#9128=LINE('',#11588,#11589);
#9129=FILL_AREA_STYLE_COLOUR('',#11590);
#9130=FILL_AREA_STYLE_COLOUR('',#11591);
#9131=VERTEX_POINT('',#11592);
#9132=LINE('',#11593,#11594);
#9133=LINE('',#11595,#11596);
#9134=FILL_AREA_STYLE_COLOUR('',#11597);
#9135=LINE('',#11598,#11599);
#9136=FILL_AREA_STYLE_COLOUR('',#11600);
#9137=LINE('',#11601,#11602);
#9138=LINE('',#11603,#11604);
#9139=FILL_AREA_STYLE_COLOUR('',#11605);
#9140=LINE('',#11606,#11607);
#9141=FILL_AREA_STYLE_COLOUR('',#11608);
#9142=FILL_AREA_STYLE_COLOUR('',#11609);
#9143=LINE('',#11610,#11611);
#9144=FILL_AREA_STYLE_COLOUR('',#11612);
#9145=LINE('',#11613,#11614);
#9146=FILL_AREA_STYLE_COLOUR('',#11615);
#9147=LINE('',#11616,#11617);
#9148=FILL_AREA_STYLE_COLOUR('',#11618);
#9149=LINE('',#11619,#11620);
#9150=FILL_AREA_STYLE_COLOUR('',#11621);
#9151=VERTEX_POINT('',#11622);
#9152=LINE('',#11623,#11624);
#9153=VERTEX_POINT('',#11625);
#9154=LINE('',#11626,#11627);
#9155=VERTEX_POINT('',#11628);
#9156=LINE('',#11629,#11630);
#9157=VERTEX_POINT('',#11631);
#9158=LINE('',#11632,#11633);
#9159=LINE('',#11634,#11635);
#9160=FILL_AREA_STYLE_COLOUR('',#11636);
#9161=VERTEX_POINT('',#11637);
#9162=LINE('',#11638,#11639);
#9163=LINE('',#11640,#11641);
#9164=FILL_AREA_STYLE_COLOUR('',#11642);
#9165=VERTEX_POINT('',#11643);
#9166=VERTEX_POINT('',#11644);
#9167=LINE('',#11645,#11646);
#9168=VERTEX_POINT('',#11647);
#9169=LINE('',#11648,#11649);
#9170=VERTEX_POINT('',#11650);
#9171=LINE('',#11651,#11652);
#9172=LINE('',#11653,#11654);
#9173=FILL_AREA_STYLE_COLOUR('',#11655);
#9174=VERTEX_POINT('',#11656);
#9175=LINE('',#11657,#11658);
#9176=VERTEX_POINT('',#11659);
#9177=LINE('',#11660,#11661);
#9178=LINE('',#11662,#11663);
#9179=FILL_AREA_STYLE_COLOUR('',#11664);
#9180=VERTEX_POINT('',#11665);
#9181=VERTEX_POINT('',#11666);
#9182=LINE('',#11667,#11668);
#9183=LINE('',#11669,#11670);
#9184=LINE('',#11671,#11672);
#9185=VERTEX_POINT('',#11673);
#9186=LINE('',#11674,#11675);
#9187=LINE('',#11676,#11677);
#9188=FILL_AREA_STYLE_COLOUR('',#11678);
#9189=VERTEX_POINT('',#11679);
#9190=LINE('',#11680,#11681);
#9191=LINE('',#11682,#11683);
#9192=FILL_AREA_STYLE_COLOUR('',#11684);
#9193=LINE('',#11685,#11686);
#9194=FILL_AREA_STYLE_COLOUR('',#11687);
#9195=LINE('',#11688,#11689);
#9196=FILL_AREA_STYLE_COLOUR('',#11690);
#9197=FILL_AREA_STYLE_COLOUR('',#11691);
#9198=VERTEX_POINT('',#11692);
#9199=LINE('',#11693,#11694);
#9200=LINE('',#11695,#11696);
#9201=FILL_AREA_STYLE_COLOUR('',#11697);
#9202=LINE('',#11698,#11699);
#9203=FILL_AREA_STYLE_COLOUR('',#11700);
#9204=VERTEX_POINT('',#11701);
#9205=VERTEX_POINT('',#11702);
#9206=LINE('',#11703,#11704);
#9207=VERTEX_POINT('',#11705);
#9208=LINE('',#11706,#11707);
#9209=VERTEX_POINT('',#11708);
#9210=LINE('',#11709,#11710);
#9211=LINE('',#11711,#11712);
#9212=FILL_AREA_STYLE_COLOUR('',#11713);
#9213=VERTEX_POINT('',#11714);
#9214=LINE('',#11715,#11716);
#9215=VERTEX_POINT('',#11717);
#9216=LINE('',#11718,#11719);
#9217=LINE('',#11720,#11721);
#9218=FILL_AREA_STYLE_COLOUR('',#11722);
#9219=VERTEX_POINT('',#11723);
#9220=VERTEX_POINT('',#11724);
#9221=LINE('',#11725,#11726);
#9222=LINE('',#11727,#11728);
#9223=LINE('',#11729,#11730);
#9224=VERTEX_POINT('',#11731);
#9225=LINE('',#11732,#11733);
#9226=LINE('',#11734,#11735);
#9227=FILL_AREA_STYLE_COLOUR('',#11736);
#9228=VERTEX_POINT('',#11737);
#9229=LINE('',#11738,#11739);
#9230=LINE('',#11740,#11741);
#9231=FILL_AREA_STYLE_COLOUR('',#11742);
#9232=LINE('',#11743,#11744);
#9233=FILL_AREA_STYLE_COLOUR('',#11745);
#9234=LINE('',#11746,#11747);
#9235=FILL_AREA_STYLE_COLOUR('',#11748);
#9236=FILL_AREA_STYLE_COLOUR('',#11749);
#9237=VERTEX_POINT('',#11750);
#9238=LINE('',#11751,#11752);
#9239=LINE('',#11753,#11754);
#9240=FILL_AREA_STYLE_COLOUR('',#11755);
#9241=LINE('',#11756,#11757);
#9242=FILL_AREA_STYLE_COLOUR('',#11758);
#9243=VERTEX_POINT('',#11759);
#9244=VERTEX_POINT('',#11760);
#9245=LINE('',#11761,#11762);
#9246=VERTEX_POINT('',#11763);
#9247=LINE('',#11764,#11765);
#9248=VERTEX_POINT('',#11766);
#9249=LINE('',#11767,#11768);
#9250=LINE('',#11769,#11770);
#9251=FILL_AREA_STYLE_COLOUR('',#11771);
#9252=VERTEX_POINT('',#11772);
#9253=LINE('',#11773,#11774);
#9254=VERTEX_POINT('',#11775);
#9255=LINE('',#11776,#11777);
#9256=LINE('',#11778,#11779);
#9257=FILL_AREA_STYLE_COLOUR('',#11780);
#9258=VERTEX_POINT('',#11781);
#9259=VERTEX_POINT('',#11782);
#9260=LINE('',#11783,#11784);
#9261=LINE('',#11785,#11786);
#9262=LINE('',#11787,#11788);
#9263=VERTEX_POINT('',#11789);
#9264=LINE('',#11790,#11791);
#9265=LINE('',#11792,#11793);
#9266=FILL_AREA_STYLE_COLOUR('',#11794);
#9267=VERTEX_POINT('',#11795);
#9268=LINE('',#11796,#11797);
#9269=LINE('',#11798,#11799);
#9270=FILL_AREA_STYLE_COLOUR('',#11800);
#9271=LINE('',#11801,#11802);
#9272=FILL_AREA_STYLE_COLOUR('',#11803);
#9273=LINE('',#11804,#11805);
#9274=FILL_AREA_STYLE_COLOUR('',#11806);
#9275=FILL_AREA_STYLE_COLOUR('',#11807);
#9276=VERTEX_POINT('',#11808);
#9277=LINE('',#11809,#11810);
#9278=LINE('',#11811,#11812);
#9279=FILL_AREA_STYLE_COLOUR('',#11813);
#9280=LINE('',#11814,#11815);
#9281=FILL_AREA_STYLE_COLOUR('',#11816);
#9282=VERTEX_POINT('',#11817);
#9283=VERTEX_POINT('',#11818);
#9284=LINE('',#11819,#11820);
#9285=VERTEX_POINT('',#11821);
#9286=LINE('',#11822,#11823);
#9287=VERTEX_POINT('',#11824);
#9288=LINE('',#11825,#11826);
#9289=LINE('',#11827,#11828);
#9290=FILL_AREA_STYLE_COLOUR('',#11829);
#9291=VERTEX_POINT('',#11830);
#9292=LINE('',#11831,#11832);
#9293=VERTEX_POINT('',#11833);
#9294=LINE('',#11834,#11835);
#9295=LINE('',#11836,#11837);
#9296=FILL_AREA_STYLE_COLOUR('',#11838);
#9297=VERTEX_POINT('',#11839);
#9298=VERTEX_POINT('',#11840);
#9299=LINE('',#11841,#11842);
#9300=LINE('',#11843,#11844);
#9301=LINE('',#11845,#11846);
#9302=VERTEX_POINT('',#11847);
#9303=LINE('',#11848,#11849);
#9304=LINE('',#11850,#11851);
#9305=FILL_AREA_STYLE_COLOUR('',#11852);
#9306=VERTEX_POINT('',#11853);
#9307=LINE('',#11854,#11855);
#9308=LINE('',#11856,#11857);
#9309=FILL_AREA_STYLE_COLOUR('',#11858);
#9310=LINE('',#11859,#11860);
#9311=FILL_AREA_STYLE_COLOUR('',#11861);
#9312=LINE('',#11862,#11863);
#9313=FILL_AREA_STYLE_COLOUR('',#11864);
#9314=FILL_AREA_STYLE_COLOUR('',#11865);
#9315=VERTEX_POINT('',#11866);
#9316=LINE('',#11867,#11868);
#9317=LINE('',#11869,#11870);
#9318=FILL_AREA_STYLE_COLOUR('',#11871);
#9319=LINE('',#11872,#11873);
#9320=FILL_AREA_STYLE_COLOUR('',#11874);
#9321=VERTEX_POINT('',#11875);
#9322=VERTEX_POINT('',#11876);
#9323=LINE('',#11877,#11878);
#9324=VERTEX_POINT('',#11879);
#9325=LINE('',#11880,#11881);
#9326=VERTEX_POINT('',#11882);
#9327=LINE('',#11883,#11884);
#9328=LINE('',#11885,#11886);
#9329=FILL_AREA_STYLE_COLOUR('',#11887);
#9330=VERTEX_POINT('',#11888);
#9331=LINE('',#11889,#11890);
#9332=VERTEX_POINT('',#11891);
#9333=LINE('',#11892,#11893);
#9334=LINE('',#11894,#11895);
#9335=FILL_AREA_STYLE_COLOUR('',#11896);
#9336=VERTEX_POINT('',#11897);
#9337=VERTEX_POINT('',#11898);
#9338=LINE('',#11899,#11900);
#9339=LINE('',#11901,#11902);
#9340=LINE('',#11903,#11904);
#9341=VERTEX_POINT('',#11905);
#9342=LINE('',#11906,#11907);
#9343=LINE('',#11908,#11909);
#9344=FILL_AREA_STYLE_COLOUR('',#11910);
#9345=VERTEX_POINT('',#11911);
#9346=LINE('',#11912,#11913);
#9347=LINE('',#11914,#11915);
#9348=FILL_AREA_STYLE_COLOUR('',#11916);
#9349=LINE('',#11917,#11918);
#9350=FILL_AREA_STYLE_COLOUR('',#11919);
#9351=LINE('',#11920,#11921);
#9352=FILL_AREA_STYLE_COLOUR('',#11922);
#9353=FILL_AREA_STYLE_COLOUR('',#11923);
#9354=VERTEX_POINT('',#11924);
#9355=LINE('',#11925,#11926);
#9356=LINE('',#11927,#11928);
#9357=FILL_AREA_STYLE_COLOUR('',#11929);
#9358=LINE('',#11930,#11931);
#9359=FILL_AREA_STYLE_COLOUR('',#11932);
#9360=VERTEX_POINT('',#11933);
#9361=VERTEX_POINT('',#11934);
#9362=LINE('',#11935,#11936);
#9363=VERTEX_POINT('',#11937);
#9364=LINE('',#11938,#11939);
#9365=VERTEX_POINT('',#11940);
#9366=LINE('',#11941,#11942);
#9367=LINE('',#11943,#11944);
#9368=FILL_AREA_STYLE_COLOUR('',#11945);
#9369=VERTEX_POINT('',#11946);
#9370=LINE('',#11947,#11948);
#9371=VERTEX_POINT('',#11949);
#9372=LINE('',#11950,#11951);
#9373=LINE('',#11952,#11953);
#9374=FILL_AREA_STYLE_COLOUR('',#11954);
#9375=VERTEX_POINT('',#11955);
#9376=VERTEX_POINT('',#11956);
#9377=LINE('',#11957,#11958);
#9378=LINE('',#11959,#11960);
#9379=LINE('',#11961,#11962);
#9380=VERTEX_POINT('',#11963);
#9381=LINE('',#11964,#11965);
#9382=LINE('',#11966,#11967);
#9383=FILL_AREA_STYLE_COLOUR('',#11968);
#9384=VERTEX_POINT('',#11969);
#9385=LINE('',#11970,#11971);
#9386=LINE('',#11972,#11973);
#9387=FILL_AREA_STYLE_COLOUR('',#11974);
#9388=LINE('',#11975,#11976);
#9389=FILL_AREA_STYLE_COLOUR('',#11977);
#9390=LINE('',#11978,#11979);
#9391=FILL_AREA_STYLE_COLOUR('',#11980);
#9392=FILL_AREA_STYLE_COLOUR('',#11981);
#9393=VERTEX_POINT('',#11982);
#9394=LINE('',#11983,#11984);
#9395=LINE('',#11985,#11986);
#9396=FILL_AREA_STYLE_COLOUR('',#11987);
#9397=LINE('',#11988,#11989);
#9398=FILL_AREA_STYLE_COLOUR('',#11990);
#9399=VERTEX_POINT('',#11991);
#9400=VERTEX_POINT('',#11992);
#9401=LINE('',#11993,#11994);
#9402=VERTEX_POINT('',#11995);
#9403=LINE('',#11996,#11997);
#9404=VERTEX_POINT('',#11998);
#9405=LINE('',#11999,#12000);
#9406=LINE('',#12001,#12002);
#9407=FILL_AREA_STYLE_COLOUR('',#12003);
#9408=VERTEX_POINT('',#12004);
#9409=VERTEX_POINT('',#12005);
#9410=LINE('',#12006,#12007);
#9411=VERTEX_POINT('',#12008);
#9412=LINE('',#12009,#12010);
#9413=VERTEX_POINT('',#12011);
#9414=LINE('',#12012,#12013);
#9415=LINE('',#12014,#12015);
#9416=FILL_AREA_STYLE_COLOUR('',#12016);
#9417=VERTEX_POINT('',#12017);
#9418=VERTEX_POINT('',#12018);
#9419=LINE('',#12019,#12020);
#9420=VERTEX_POINT('',#12021);
#9421=LINE('',#12022,#12023);
#9422=VERTEX_POINT('',#12024);
#9423=LINE('',#12025,#12026);
#9424=LINE('',#12027,#12028);
#9425=FILL_AREA_STYLE_COLOUR('',#12029);
#9426=VERTEX_POINT('',#12030);
#9427=VERTEX_POINT('',#12031);
#9428=LINE('',#12032,#12033);
#9429=VERTEX_POINT('',#12034);
#9430=LINE('',#12035,#12036);
#9431=VERTEX_POINT('',#12037);
#9432=LINE('',#12038,#12039);
#9433=LINE('',#12040,#12041);
#9434=FILL_AREA_STYLE_COLOUR('',#12042);
#9435=VERTEX_POINT('',#12043);
#9436=LINE('',#12044,#12045);
#9437=VERTEX_POINT('',#12046);
#9438=LINE('',#12047,#12048);
#9439=LINE('',#12049,#12050);
#9440=FILL_AREA_STYLE_COLOUR('',#12051);
#9441=VERTEX_POINT('',#12052);
#9442=LINE('',#12053,#12054);
#9443=LINE('',#12055,#12056);
#9444=FILL_AREA_STYLE_COLOUR('',#12057);
#9445=VERTEX_POINT('',#12058);
#9446=LINE('',#12059,#12060);
#9447=VERTEX_POINT('',#12061);
#9448=LINE('',#12062,#12063);
#9449=LINE('',#12064,#12065);
#9450=FILL_AREA_STYLE_COLOUR('',#12066);
#9451=VERTEX_POINT('',#12067);
#9452=LINE('',#12068,#12069);
#9453=VERTEX_POINT('',#12070);
#9454=LINE('',#12071,#12072);
#9455=LINE('',#12073,#12074);
#9456=FILL_AREA_STYLE_COLOUR('',#12075);
#9457=VERTEX_POINT('',#12076);
#9458=LINE('',#12077,#12078);
#9459=LINE('',#12079,#12080);
#9460=FILL_AREA_STYLE_COLOUR('',#12081);
#9461=VERTEX_POINT('',#12082);
#9462=LINE('',#12083,#12084);
#9463=LINE('',#12085,#12086);
#9464=FILL_AREA_STYLE_COLOUR('',#12087);
#9465=VERTEX_POINT('',#12088);
#9466=LINE('',#12089,#12090);
#9467=LINE('',#12091,#12092);
#9468=FILL_AREA_STYLE_COLOUR('',#12093);
#9469=VERTEX_POINT('',#12094);
#9470=LINE('',#12095,#12096);
#9471=LINE('',#12097,#12098);
#9472=FILL_AREA_STYLE_COLOUR('',#12099);
#9473=VERTEX_POINT('',#12100);
#9474=LINE('',#12101,#12102);
#9475=VERTEX_POINT('',#12103);
#9476=LINE('',#12104,#12105);
#9477=LINE('',#12106,#12107);
#9478=FILL_AREA_STYLE_COLOUR('',#12108);
#9479=VERTEX_POINT('',#12109);
#9480=LINE('',#12110,#12111);
#9481=LINE('',#12112,#12113);
#9482=FILL_AREA_STYLE_COLOUR('',#12114);
#9483=VERTEX_POINT('',#12115);
#9484=LINE('',#12116,#12117);
#9485=LINE('',#12118,#12119);
#9486=FILL_AREA_STYLE_COLOUR('',#12120);
#9487=VERTEX_POINT('',#12121);
#9488=LINE('',#12122,#12123);
#9489=LINE('',#12124,#12125);
#9490=FILL_AREA_STYLE_COLOUR('',#12126);
#9491=VERTEX_POINT('',#12127);
#9492=VERTEX_POINT('',#12128);
#9493=LINE('',#12129,#12130);
#9494=VERTEX_POINT('',#12131);
#9495=LINE('',#12132,#12133);
#9496=VERTEX_POINT('',#12134);
#9497=LINE('',#12135,#12136);
#9498=VERTEX_POINT('',#12137);
#9499=LINE('',#12138,#12139);
#9500=VERTEX_POINT('',#12140);
#9501=LINE('',#12141,#12142);
#9502=VERTEX_POINT('',#12143);
#9503=LINE('',#12144,#12145);
#9504=VERTEX_POINT('',#12146);
#9505=LINE('',#12147,#12148);
#9506=LINE('',#12149,#12150);
#9507=FILL_AREA_STYLE_COLOUR('',#12151);
#9508=VERTEX_POINT('',#12152);
#9509=LINE('',#12153,#12154);
#9510=LINE('',#12155,#12156);
#9511=LINE('',#12157,#12158);
#9512=VERTEX_POINT('',#12159);
#9513=LINE('',#12160,#12161);
#9514=VERTEX_POINT('',#12162);
#9515=LINE('',#12163,#12164);
#9516=VERTEX_POINT('',#12165);
#9517=LINE('',#12166,#12167);
#9518=VERTEX_POINT('',#12168);
#9519=LINE('',#12169,#12170);
#9520=VERTEX_POINT('',#12171);
#9521=LINE('',#12172,#12173);
#9522=VERTEX_POINT('',#12174);
#9523=LINE('',#12175,#12176);
#9524=VERTEX_POINT('',#12177);
#9525=LINE('',#12178,#12179);
#9526=VERTEX_POINT('',#12180);
#9527=LINE('',#12181,#12182);
#9528=VERTEX_POINT('',#12183);
#9529=LINE('',#12184,#12185);
#9530=VERTEX_POINT('',#12186);
#9531=LINE('',#12187,#12188);
#9532=VERTEX_POINT('',#12189);
#9533=LINE('',#12190,#12191);
#9534=VERTEX_POINT('',#12192);
#9535=LINE('',#12193,#12194);
#9536=VERTEX_POINT('',#12195);
#9537=LINE('',#12196,#12197);
#9538=VERTEX_POINT('',#12198);
#9539=LINE('',#12199,#12200);
#9540=VERTEX_POINT('',#12201);
#9541=LINE('',#12202,#12203);
#9542=VERTEX_POINT('',#12204);
#9543=LINE('',#12205,#12206);
#9544=VERTEX_POINT('',#12207);
#9545=LINE('',#12208,#12209);
#9546=VERTEX_POINT('',#12210);
#9547=LINE('',#12211,#12212);
#9548=VERTEX_POINT('',#12213);
#9549=LINE('',#12214,#12215);
#9550=VERTEX_POINT('',#12216);
#9551=LINE('',#12217,#12218);
#9552=VERTEX_POINT('',#12219);
#9553=LINE('',#12220,#12221);
#9554=VERTEX_POINT('',#12222);
#9555=LINE('',#12223,#12224);
#9556=VERTEX_POINT('',#12225);
#9557=LINE('',#12226,#12227);
#9558=VERTEX_POINT('',#12228);
#9559=LINE('',#12229,#12230);
#9560=VERTEX_POINT('',#12231);
#9561=LINE('',#12232,#12233);
#9562=VERTEX_POINT('',#12234);
#9563=LINE('',#12235,#12236);
#9564=VERTEX_POINT('',#12237);
#9565=LINE('',#12238,#12239);
#9566=VERTEX_POINT('',#12240);
#9567=LINE('',#12241,#12242);
#9568=VERTEX_POINT('',#12243);
#9569=LINE('',#12244,#12245);
#9570=VERTEX_POINT('',#12246);
#9571=LINE('',#12247,#12248);
#9572=VERTEX_POINT('',#12249);
#9573=LINE('',#12250,#12251);
#9574=VERTEX_POINT('',#12252);
#9575=LINE('',#12253,#12254);
#9576=VERTEX_POINT('',#12255);
#9577=LINE('',#12256,#12257);
#9578=VERTEX_POINT('',#12258);
#9579=LINE('',#12259,#12260);
#9580=VERTEX_POINT('',#12261);
#9581=LINE('',#12262,#12263);
#9582=VERTEX_POINT('',#12264);
#9583=LINE('',#12265,#12266);
#9584=VERTEX_POINT('',#12267);
#9585=LINE('',#12268,#12269);
#9586=VERTEX_POINT('',#12270);
#9587=LINE('',#12271,#12272);
#9588=VERTEX_POINT('',#12273);
#9589=LINE('',#12274,#12275);
#9590=VERTEX_POINT('',#12276);
#9591=LINE('',#12277,#12278);
#9592=VERTEX_POINT('',#12279);
#9593=LINE('',#12280,#12281);
#9594=LINE('',#12282,#12283);
#9595=FILL_AREA_STYLE_COLOUR('',#12284);
#9596=VERTEX_POINT('',#12285);
#9597=LINE('',#12286,#12287);
#9598=VERTEX_POINT('',#12288);
#9599=LINE('',#12289,#12290);
#9600=LINE('',#12291,#12292);
#9601=VERTEX_POINT('',#12293);
#9602=LINE('',#12294,#12295);
#9603=VERTEX_POINT('',#12296);
#9604=LINE('',#12297,#12298);
#9605=LINE('',#12299,#12300);
#9606=LINE('',#12301,#12302);
#9607=LINE('',#12303,#12304);
#9608=VERTEX_POINT('',#12305);
#9609=LINE('',#12306,#12307);
#9610=VERTEX_POINT('',#12308);
#9611=LINE('',#12309,#12310);
#9612=VERTEX_POINT('',#12311);
#9613=LINE('',#12312,#12313);
#9614=VERTEX_POINT('',#12314);
#9615=LINE('',#12315,#12316);
#9616=VERTEX_POINT('',#12317);
#9617=LINE('',#12318,#12319);
#9618=VERTEX_POINT('',#12320);
#9619=LINE('',#12321,#12322);
#9620=VERTEX_POINT('',#12323);
#9621=LINE('',#12324,#12325);
#9622=VERTEX_POINT('',#12326);
#9623=LINE('',#12327,#12328);
#9624=VERTEX_POINT('',#12329);
#9625=LINE('',#12330,#12331);
#9626=VERTEX_POINT('',#12332);
#9627=LINE('',#12333,#12334);
#9628=VERTEX_POINT('',#12335);
#9629=LINE('',#12336,#12337);
#9630=VERTEX_POINT('',#12338);
#9631=LINE('',#12339,#12340);
#9632=VERTEX_POINT('',#12341);
#9633=LINE('',#12342,#12343);
#9634=VERTEX_POINT('',#12344);
#9635=LINE('',#12345,#12346);
#9636=VERTEX_POINT('',#12347);
#9637=LINE('',#12348,#12349);
#9638=VERTEX_POINT('',#12350);
#9639=LINE('',#12351,#12352);
#9640=VERTEX_POINT('',#12353);
#9641=LINE('',#12354,#12355);
#9642=VERTEX_POINT('',#12356);
#9643=LINE('',#12357,#12358);
#9644=VERTEX_POINT('',#12359);
#9645=LINE('',#12360,#12361);
#9646=VERTEX_POINT('',#12362);
#9647=LINE('',#12363,#12364);
#9648=VERTEX_POINT('',#12365);
#9649=LINE('',#12366,#12367);
#9650=VERTEX_POINT('',#12368);
#9651=LINE('',#12369,#12370);
#9652=VERTEX_POINT('',#12371);
#9653=LINE('',#12372,#12373);
#9654=VERTEX_POINT('',#12374);
#9655=LINE('',#12375,#12376);
#9656=VERTEX_POINT('',#12377);
#9657=LINE('',#12378,#12379);
#9658=VERTEX_POINT('',#12380);
#9659=LINE('',#12381,#12382);
#9660=VERTEX_POINT('',#12383);
#9661=LINE('',#12384,#12385);
#9662=VERTEX_POINT('',#12386);
#9663=LINE('',#12387,#12388);
#9664=VERTEX_POINT('',#12389);
#9665=LINE('',#12390,#12391);
#9666=VERTEX_POINT('',#12392);
#9667=LINE('',#12393,#12394);
#9668=VERTEX_POINT('',#12395);
#9669=LINE('',#12396,#12397);
#9670=VERTEX_POINT('',#12398);
#9671=LINE('',#12399,#12400);
#9672=VERTEX_POINT('',#12401);
#9673=LINE('',#12402,#12403);
#9674=VERTEX_POINT('',#12404);
#9675=LINE('',#12405,#12406);
#9676=VERTEX_POINT('',#12407);
#9677=LINE('',#12408,#12409);
#9678=VERTEX_POINT('',#12410);
#9679=LINE('',#12411,#12412);
#9680=VERTEX_POINT('',#12413);
#9681=LINE('',#12414,#12415);
#9682=VERTEX_POINT('',#12416);
#9683=LINE('',#12417,#12418);
#9684=VERTEX_POINT('',#12419);
#9685=LINE('',#12420,#12421);
#9686=VERTEX_POINT('',#12422);
#9687=LINE('',#12423,#12424);
#9688=VERTEX_POINT('',#12425);
#9689=LINE('',#12426,#12427);
#9690=LINE('',#12428,#12429);
#9691=VERTEX_POINT('',#12430);
#9692=LINE('',#12431,#12432);
#9693=VERTEX_POINT('',#12433);
#9694=LINE('',#12434,#12435);
#9695=LINE('',#12436,#12437);
#9696=VERTEX_POINT('',#12438);
#9697=LINE('',#12439,#12440);
#9698=VERTEX_POINT('',#12441);
#9699=LINE('',#12442,#12443);
#9700=LINE('',#12444,#12445);
#9701=VERTEX_POINT('',#12446);
#9702=LINE('',#12447,#12448);
#9703=VERTEX_POINT('',#12449);
#9704=LINE('',#12450,#12451);
#9705=LINE('',#12452,#12453);
#9706=VERTEX_POINT('',#12454);
#9707=LINE('',#12455,#12456);
#9708=VERTEX_POINT('',#12457);
#9709=LINE('',#12458,#12459);
#9710=LINE('',#12460,#12461);
#9711=VERTEX_POINT('',#12462);
#9712=LINE('',#12463,#12464);
#9713=VERTEX_POINT('',#12465);
#9714=LINE('',#12466,#12467);
#9715=LINE('',#12468,#12469);
#9716=VERTEX_POINT('',#12470);
#9717=LINE('',#12471,#12472);
#9718=VERTEX_POINT('',#12473);
#9719=LINE('',#12474,#12475);
#9720=LINE('',#12476,#12477);
#9721=VERTEX_POINT('',#12478);
#9722=LINE('',#12479,#12480);
#9723=VERTEX_POINT('',#12481);
#9724=LINE('',#12482,#12483);
#9725=LINE('',#12484,#12485);
#9726=VERTEX_POINT('',#12486);
#9727=LINE('',#12487,#12488);
#9728=VERTEX_POINT('',#12489);
#9729=LINE('',#12490,#12491);
#9730=LINE('',#12492,#12493);
#9731=FILL_AREA_STYLE_COLOUR('',#12494);
#9732=VERTEX_POINT('',#12495);
#9733=LINE('',#12496,#12497);
#9734=VERTEX_POINT('',#12498);
#9735=LINE('',#12499,#12500);
#9736=LINE('',#12501,#12502);
#9737=VERTEX_POINT('',#12503);
#9738=LINE('',#12504,#12505);
#9739=VERTEX_POINT('',#12506);
#9740=LINE('',#12507,#12508);
#9741=LINE('',#12509,#12510);
#9742=VERTEX_POINT('',#12511);
#9743=LINE('',#12512,#12513);
#9744=LINE('',#12514,#12515);
#9745=VERTEX_POINT('',#12516);
#9746=LINE('',#12517,#12518);
#9747=VERTEX_POINT('',#12519);
#9748=LINE('',#12520,#12521);
#9749=LINE('',#12522,#12523);
#9750=VERTEX_POINT('',#12524);
#9751=LINE('',#12525,#12526);
#9752=VERTEX_POINT('',#12527);
#9753=LINE('',#12528,#12529);
#9754=LINE('',#12530,#12531);
#9755=VERTEX_POINT('',#12532);
#9756=LINE('',#12533,#12534);
#9757=VERTEX_POINT('',#12535);
#9758=LINE('',#12536,#12537);
#9759=LINE('',#12538,#12539);
#9760=VERTEX_POINT('',#12540);
#9761=LINE('',#12541,#12542);
#9762=VERTEX_POINT('',#12543);
#9763=LINE('',#12544,#12545);
#9764=LINE('',#12546,#12547);
#9765=VERTEX_POINT('',#12548);
#9766=LINE('',#12549,#12550);
#9767=VERTEX_POINT('',#12551);
#9768=LINE('',#12552,#12553);
#9769=LINE('',#12554,#12555);
#9770=VERTEX_POINT('',#12556);
#9771=LINE('',#12557,#12558);
#9772=VERTEX_POINT('',#12559);
#9773=LINE('',#12560,#12561);
#9774=LINE('',#12562,#12563);
#9775=VERTEX_POINT('',#12564);
#9776=LINE('',#12565,#12566);
#9777=VERTEX_POINT('',#12567);
#9778=LINE('',#12568,#12569);
#9779=LINE('',#12570,#12571);
#9780=VERTEX_POINT('',#12572);
#9781=LINE('',#12573,#12574);
#9782=VERTEX_POINT('',#12575);
#9783=LINE('',#12576,#12577);
#9784=LINE('',#12578,#12579);
#9785=FILL_AREA_STYLE_COLOUR('',#12580);
#9786=VERTEX_POINT('',#12581);
#9787=LINE('',#12582,#12583);
#9788=VERTEX_POINT('',#12584);
#9789=LINE('',#12585,#12586);
#9790=VERTEX_POINT('',#12587);
#9791=LINE('',#12588,#12589);
#9792=VERTEX_POINT('',#12590);
#9793=LINE('',#12591,#12592);
#9794=VERTEX_POINT('',#12593);
#9795=LINE('',#12594,#12595);
#9796=VERTEX_POINT('',#12596);
#9797=LINE('',#12597,#12598);
#9798=VERTEX_POINT('',#12599);
#9799=LINE('',#12600,#12601);
#9800=VERTEX_POINT('',#12602);
#9801=LINE('',#12603,#12604);
#9802=LINE('',#12605,#12606);
#9803=VERTEX_POINT('',#12607);
#9804=LINE('',#12608,#12609);
#9805=VERTEX_POINT('',#12610);
#9806=LINE('',#12611,#12612);
#9807=LINE('',#12613,#12614);
#9808=VERTEX_POINT('',#12615);
#9809=LINE('',#12616,#12617);
#9810=VERTEX_POINT('',#12618);
#9811=LINE('',#12619,#12620);
#9812=LINE('',#12621,#12622);
#9813=VERTEX_POINT('',#12623);
#9814=VERTEX_POINT('',#12624);
#9815=LINE('',#12625,#12626);
#9816=VERTEX_POINT('',#12627);
#9817=LINE('',#12628,#12629);
#9818=VERTEX_POINT('',#12630);
#9819=LINE('',#12631,#12632);
#9820=LINE('',#12633,#12634);
#9821=VERTEX_POINT('',#12635);
#9822=VERTEX_POINT('',#12636);
#9823=LINE('',#12637,#12638);
#9824=VERTEX_POINT('',#12639);
#9825=LINE('',#12640,#12641);
#9826=VERTEX_POINT('',#12642);
#9827=LINE('',#12643,#12644);
#9828=LINE('',#12645,#12646);
#9829=VERTEX_POINT('',#12647);
#9830=VERTEX_POINT('',#12648);
#9831=LINE('',#12649,#12650);
#9832=VERTEX_POINT('',#12651);
#9833=LINE('',#12652,#12653);
#9834=VERTEX_POINT('',#12654);
#9835=LINE('',#12655,#12656);
#9836=LINE('',#12657,#12658);
#9837=VERTEX_POINT('',#12659);
#9838=VERTEX_POINT('',#12660);
#9839=LINE('',#12661,#12662);
#9840=VERTEX_POINT('',#12663);
#9841=LINE('',#12664,#12665);
#9842=VERTEX_POINT('',#12666);
#9843=LINE('',#12667,#12668);
#9844=LINE('',#12669,#12670);
#9845=VERTEX_POINT('',#12671);
#9846=VERTEX_POINT('',#12672);
#9847=LINE('',#12673,#12674);
#9848=VERTEX_POINT('',#12675);
#9849=LINE('',#12676,#12677);
#9850=VERTEX_POINT('',#12678);
#9851=LINE('',#12679,#12680);
#9852=LINE('',#12681,#12682);
#9853=VERTEX_POINT('',#12683);
#9854=VERTEX_POINT('',#12684);
#9855=LINE('',#12685,#12686);
#9856=VERTEX_POINT('',#12687);
#9857=LINE('',#12688,#12689);
#9858=VERTEX_POINT('',#12690);
#9859=LINE('',#12691,#12692);
#9860=LINE('',#12693,#12694);
#9861=VERTEX_POINT('',#12695);
#9862=VERTEX_POINT('',#12696);
#9863=LINE('',#12697,#12698);
#9864=VERTEX_POINT('',#12699);
#9865=LINE('',#12700,#12701);
#9866=VERTEX_POINT('',#12702);
#9867=LINE('',#12703,#12704);
#9868=LINE('',#12705,#12706);
#9869=VERTEX_POINT('',#12707);
#9870=VERTEX_POINT('',#12708);
#9871=LINE('',#12709,#12710);
#9872=VERTEX_POINT('',#12711);
#9873=LINE('',#12712,#12713);
#9874=VERTEX_POINT('',#12714);
#9875=LINE('',#12715,#12716);
#9876=LINE('',#12717,#12718);
#9877=VERTEX_POINT('',#12719);
#9878=VERTEX_POINT('',#12720);
#9879=LINE('',#12721,#12722);
#9880=VERTEX_POINT('',#12723);
#9881=LINE('',#12724,#12725);
#9882=VERTEX_POINT('',#12726);
#9883=LINE('',#12727,#12728);
#9884=LINE('',#12729,#12730);
#9885=VERTEX_POINT('',#12731);
#9886=VERTEX_POINT('',#12732);
#9887=LINE('',#12733,#12734);
#9888=VERTEX_POINT('',#12735);
#9889=LINE('',#12736,#12737);
#9890=VERTEX_POINT('',#12738);
#9891=LINE('',#12739,#12740);
#9892=LINE('',#12741,#12742);
#9893=FILL_AREA_STYLE_COLOUR('',#12743);
#9894=VERTEX_POINT('',#12744);
#9895=LINE('',#12745,#12746);
#9896=VERTEX_POINT('',#12747);
#9897=LINE('',#12748,#12749);
#9898=LINE('',#12750,#12751);
#9899=FILL_AREA_STYLE_COLOUR('',#12752);
#9900=VERTEX_POINT('',#12753);
#9901=LINE('',#12754,#12755);
#9902=VERTEX_POINT('',#12756);
#9903=LINE('',#12757,#12758);
#9904=LINE('',#12759,#12760);
#9905=FILL_AREA_STYLE_COLOUR('',#12761);
#9906=VERTEX_POINT('',#12762);
#9907=LINE('',#12763,#12764);
#9908=VERTEX_POINT('',#12765);
#9909=LINE('',#12766,#12767);
#9910=LINE('',#12768,#12769);
#9911=FILL_AREA_STYLE_COLOUR('',#12770);
#9912=VERTEX_POINT('',#12771);
#9913=LINE('',#12772,#12773);
#9914=VERTEX_POINT('',#12774);
#9915=LINE('',#12775,#12776);
#9916=LINE('',#12777,#12778);
#9917=FILL_AREA_STYLE_COLOUR('',#12779);
#9918=LINE('',#12780,#12781);
#9919=FILL_AREA_STYLE_COLOUR('',#12782);
#9920=LINE('',#12783,#12784);
#9921=FILL_AREA_STYLE_COLOUR('',#12785);
#9922=LINE('',#12786,#12787);
#9923=FILL_AREA_STYLE_COLOUR('',#12788);
#9924=LINE('',#12789,#12790);
#9925=FILL_AREA_STYLE_COLOUR('',#12791);
#9926=FILL_AREA_STYLE_COLOUR('',#12792);
#9927=LINE('',#12793,#12794);
#9928=FILL_AREA_STYLE_COLOUR('',#12795);
#9929=LINE('',#12796,#12797);
#9930=FILL_AREA_STYLE_COLOUR('',#12798);
#9931=FILL_AREA_STYLE_COLOUR('',#12799);
#9932=LINE('',#12800,#12801);
#9933=FILL_AREA_STYLE_COLOUR('',#12802);
#9934=FILL_AREA_STYLE_COLOUR('',#12803);
#9935=LINE('',#12804,#12805);
#9936=FILL_AREA_STYLE_COLOUR('',#12806);
#9937=FILL_AREA_STYLE_COLOUR('',#12807);
#9938=VERTEX_POINT('',#12808);
#9939=LINE('',#12809,#12810);
#9940=VERTEX_POINT('',#12811);
#9941=LINE('',#12812,#12813);
#9942=LINE('',#12814,#12815);
#9943=FILL_AREA_STYLE_COLOUR('',#12816);
#9944=VERTEX_POINT('',#12817);
#9945=LINE('',#12818,#12819);
#9946=VERTEX_POINT('',#12820);
#9947=LINE('',#12821,#12822);
#9948=LINE('',#12823,#12824);
#9949=FILL_AREA_STYLE_COLOUR('',#12825);
#9950=VERTEX_POINT('',#12826);
#9951=LINE('',#12827,#12828);
#9952=VERTEX_POINT('',#12829);
#9953=LINE('',#12830,#12831);
#9954=LINE('',#12832,#12833);
#9955=FILL_AREA_STYLE_COLOUR('',#12834);
#9956=VERTEX_POINT('',#12835);
#9957=LINE('',#12836,#12837);
#9958=VERTEX_POINT('',#12838);
#9959=LINE('',#12839,#12840);
#9960=LINE('',#12841,#12842);
#9961=FILL_AREA_STYLE_COLOUR('',#12843);
#9962=LINE('',#12844,#12845);
#9963=FILL_AREA_STYLE_COLOUR('',#12846);
#9964=LINE('',#12847,#12848);
#9965=FILL_AREA_STYLE_COLOUR('',#12849);
#9966=LINE('',#12850,#12851);
#9967=FILL_AREA_STYLE_COLOUR('',#12852);
#9968=LINE('',#12853,#12854);
#9969=FILL_AREA_STYLE_COLOUR('',#12855);
#9970=FILL_AREA_STYLE_COLOUR('',#12856);
#9971=LINE('',#12857,#12858);
#9972=FILL_AREA_STYLE_COLOUR('',#12859);
#9973=LINE('',#12860,#12861);
#9974=FILL_AREA_STYLE_COLOUR('',#12862);
#9975=FILL_AREA_STYLE_COLOUR('',#12863);
#9976=LINE('',#12864,#12865);
#9977=FILL_AREA_STYLE_COLOUR('',#12866);
#9978=FILL_AREA_STYLE_COLOUR('',#12867);
#9979=LINE('',#12868,#12869);
#9980=FILL_AREA_STYLE_COLOUR('',#12870);
#9981=FILL_AREA_STYLE_COLOUR('',#12871);
#9982=VERTEX_POINT('',#12872);
#9983=LINE('',#12873,#12874);
#9984=VERTEX_POINT('',#12875);
#9985=LINE('',#12876,#12877);
#9986=LINE('',#12878,#12879);
#9987=FILL_AREA_STYLE_COLOUR('',#12880);
#9988=VERTEX_POINT('',#12881);
#9989=LINE('',#12882,#12883);
#9990=VERTEX_POINT('',#12884);
#9991=LINE('',#12885,#12886);
#9992=LINE('',#12887,#12888);
#9993=FILL_AREA_STYLE_COLOUR('',#12889);
#9994=VERTEX_POINT('',#12890);
#9995=LINE('',#12891,#12892);
#9996=VERTEX_POINT('',#12893);
#9997=LINE('',#12894,#12895);
#9998=LINE('',#12896,#12897);
#9999=FILL_AREA_STYLE_COLOUR('',#12898);
#10000=VERTEX_POINT('',#12899);
#10001=LINE('',#12900,#12901);
#10002=VERTEX_POINT('',#12902);
#10003=LINE('',#12903,#12904);
#10004=LINE('',#12905,#12906);
#10005=FILL_AREA_STYLE_COLOUR('',#12907);
#10006=LINE('',#12908,#12909);
#10007=FILL_AREA_STYLE_COLOUR('',#12910);
#10008=LINE('',#12911,#12912);
#10009=FILL_AREA_STYLE_COLOUR('',#12913);
#10010=LINE('',#12914,#12915);
#10011=FILL_AREA_STYLE_COLOUR('',#12916);
#10012=LINE('',#12917,#12918);
#10013=FILL_AREA_STYLE_COLOUR('',#12919);
#10014=FILL_AREA_STYLE_COLOUR('',#12920);
#10015=LINE('',#12921,#12922);
#10016=FILL_AREA_STYLE_COLOUR('',#12923);
#10017=LINE('',#12924,#12925);
#10018=FILL_AREA_STYLE_COLOUR('',#12926);
#10019=FILL_AREA_STYLE_COLOUR('',#12927);
#10020=LINE('',#12928,#12929);
#10021=FILL_AREA_STYLE_COLOUR('',#12930);
#10022=FILL_AREA_STYLE_COLOUR('',#12931);
#10023=LINE('',#12932,#12933);
#10024=FILL_AREA_STYLE_COLOUR('',#12934);
#10025=FILL_AREA_STYLE_COLOUR('',#12935);
#10026=VERTEX_POINT('',#12936);
#10027=LINE('',#12937,#12938);
#10028=VERTEX_POINT('',#12939);
#10029=LINE('',#12940,#12941);
#10030=LINE('',#12942,#12943);
#10031=FILL_AREA_STYLE_COLOUR('',#12944);
#10032=VERTEX_POINT('',#12945);
#10033=LINE('',#12946,#12947);
#10034=VERTEX_POINT('',#12948);
#10035=LINE('',#12949,#12950);
#10036=LINE('',#12951,#12952);
#10037=FILL_AREA_STYLE_COLOUR('',#12953);
#10038=VERTEX_POINT('',#12954);
#10039=LINE('',#12955,#12956);
#10040=VERTEX_POINT('',#12957);
#10041=LINE('',#12958,#12959);
#10042=LINE('',#12960,#12961);
#10043=FILL_AREA_STYLE_COLOUR('',#12962);
#10044=VERTEX_POINT('',#12963);
#10045=LINE('',#12964,#12965);
#10046=VERTEX_POINT('',#12966);
#10047=LINE('',#12967,#12968);
#10048=LINE('',#12969,#12970);
#10049=FILL_AREA_STYLE_COLOUR('',#12971);
#10050=LINE('',#12972,#12973);
#10051=FILL_AREA_STYLE_COLOUR('',#12974);
#10052=LINE('',#12975,#12976);
#10053=FILL_AREA_STYLE_COLOUR('',#12977);
#10054=LINE('',#12978,#12979);
#10055=FILL_AREA_STYLE_COLOUR('',#12980);
#10056=LINE('',#12981,#12982);
#10057=FILL_AREA_STYLE_COLOUR('',#12983);
#10058=FILL_AREA_STYLE_COLOUR('',#12984);
#10059=LINE('',#12985,#12986);
#10060=FILL_AREA_STYLE_COLOUR('',#12987);
#10061=LINE('',#12988,#12989);
#10062=FILL_AREA_STYLE_COLOUR('',#12990);
#10063=FILL_AREA_STYLE_COLOUR('',#12991);
#10064=LINE('',#12992,#12993);
#10065=FILL_AREA_STYLE_COLOUR('',#12994);
#10066=FILL_AREA_STYLE_COLOUR('',#12995);
#10067=LINE('',#12996,#12997);
#10068=FILL_AREA_STYLE_COLOUR('',#12998);
#10069=FILL_AREA_STYLE_COLOUR('',#12999);
#10070=LINE('',#13000,#13001);
#10071=LINE('',#13002,#13003);
#10072=FILL_AREA_STYLE_COLOUR('',#13004);
#10073=VERTEX_POINT('',#13005);
#10074=LINE('',#13006,#13007);
#10075=VERTEX_POINT('',#13008);
#10076=LINE('',#13009,#13010);
#10077=LINE('',#13011,#13012);
#10078=FILL_AREA_STYLE_COLOUR('',#13013);
#10079=VERTEX_POINT('',#13014);
#10080=LINE('',#13015,#13016);
#10081=VERTEX_POINT('',#13017);
#10082=LINE('',#13018,#13019);
#10083=LINE('',#13020,#13021);
#10084=FILL_AREA_STYLE_COLOUR('',#13022);
#10085=VERTEX_POINT('',#13023);
#10086=LINE('',#13024,#13025);
#10087=VERTEX_POINT('',#13026);
#10088=LINE('',#13027,#13028);
#10089=LINE('',#13029,#13030);
#10090=FILL_AREA_STYLE_COLOUR('',#13031);
#10091=VERTEX_POINT('',#13032);
#10092=LINE('',#13033,#13034);
#10093=VERTEX_POINT('',#13035);
#10094=LINE('',#13036,#13037);
#10095=LINE('',#13038,#13039);
#10096=FILL_AREA_STYLE_COLOUR('',#13040);
#10097=LINE('',#13041,#13042);
#10098=FILL_AREA_STYLE_COLOUR('',#13043);
#10099=LINE('',#13044,#13045);
#10100=FILL_AREA_STYLE_COLOUR('',#13046);
#10101=LINE('',#13047,#13048);
#10102=FILL_AREA_STYLE_COLOUR('',#13049);
#10103=LINE('',#13050,#13051);
#10104=FILL_AREA_STYLE_COLOUR('',#13052);
#10105=FILL_AREA_STYLE_COLOUR('',#13053);
#10106=LINE('',#13054,#13055);
#10107=FILL_AREA_STYLE_COLOUR('',#13056);
#10108=LINE('',#13057,#13058);
#10109=FILL_AREA_STYLE_COLOUR('',#13059);
#10110=FILL_AREA_STYLE_COLOUR('',#13060);
#10111=LINE('',#13061,#13062);
#10112=FILL_AREA_STYLE_COLOUR('',#13063);
#10113=FILL_AREA_STYLE_COLOUR('',#13064);
#10114=LINE('',#13065,#13066);
#10115=FILL_AREA_STYLE_COLOUR('',#13067);
#10116=FILL_AREA_STYLE_COLOUR('',#13068);
#10117=VERTEX_POINT('',#13069);
#10118=VERTEX_POINT('',#13070);
#10119=LINE('',#13071,#13072);
#10120=VERTEX_POINT('',#13073);
#10121=LINE('',#13074,#13075);
#10122=LINE('',#13076,#13077);
#10123=LINE('',#13078,#13079);
#10124=FILL_AREA_STYLE_COLOUR('',#13080);
#10125=VERTEX_POINT('',#13081);
#10126=LINE('',#13082,#13083);
#10127=VERTEX_POINT('',#13084);
#10128=LINE('',#13085,#13086);
#10129=LINE('',#13087,#13088);
#10130=FILL_AREA_STYLE_COLOUR('',#13089);
#10131=VERTEX_POINT('',#13090);
#10132=LINE('',#13091,#13092);
#10133=VERTEX_POINT('',#13093);
#10134=LINE('',#13094,#13095);
#10135=LINE('',#13096,#13097);
#10136=FILL_AREA_STYLE_COLOUR('',#13098);
#10137=VERTEX_POINT('',#13099);
#10138=VERTEX_POINT('',#13100);
#10139=LINE('',#13101,#13102);
#10140=LINE('',#13103,#13104);
#10141=LINE('',#13105,#13106);
#10142=FILL_AREA_STYLE_COLOUR('',#13107);
#10143=VERTEX_POINT('',#13108);
#10144=LINE('',#13109,#13110);
#10145=VERTEX_POINT('',#13111);
#10146=LINE('',#13112,#13113);
#10147=LINE('',#13114,#13115);
#10148=FILL_AREA_STYLE_COLOUR('',#13116);
#10149=VERTEX_POINT('',#13117);
#10150=LINE('',#13118,#13119);
#10151=LINE('',#13120,#13121);
#10152=FILL_AREA_STYLE_COLOUR('',#13122);
#10153=VERTEX_POINT('',#13123);
#10154=LINE('',#13124,#13125);
#10155=LINE('',#13126,#13127);
#10156=FILL_AREA_STYLE_COLOUR('',#13128);
#10157=VERTEX_POINT('',#13129);
#10158=LINE('',#13130,#13131);
#10159=LINE('',#13132,#13133);
#10160=FILL_AREA_STYLE_COLOUR('',#13134);
#10161=VERTEX_POINT('',#13135);
#10162=LINE('',#13136,#13137);
#10163=VERTEX_POINT('',#13138);
#10164=LINE('',#13139,#13140);
#10165=LINE('',#13141,#13142);
#10166=LINE('',#13143,#13144);
#10167=FILL_AREA_STYLE_COLOUR('',#13145);
#10168=VERTEX_POINT('',#13146);
#10169=LINE('',#13147,#13148);
#10170=LINE('',#13149,#13150);
#10171=FILL_AREA_STYLE_COLOUR('',#13151);
#10172=VERTEX_POINT('',#13152);
#10173=LINE('',#13153,#13154);
#10174=VERTEX_POINT('',#13155);
#10175=LINE('',#13156,#13157);
#10176=LINE('',#13158,#13159);
#10177=FILL_AREA_STYLE_COLOUR('',#13160);
#10178=VERTEX_POINT('',#13161);
#10179=LINE('',#13162,#13163);
#10180=VERTEX_POINT('',#13164);
#10181=LINE('',#13165,#13166);
#10182=LINE('',#13167,#13168);
#10183=FILL_AREA_STYLE_COLOUR('',#13169);
#10184=LINE('',#13170,#13171);
#10185=FILL_AREA_STYLE_COLOUR('',#13172);
#10186=VERTEX_POINT('',#13173);
#10187=LINE('',#13174,#13175);
#10188=VERTEX_POINT('',#13176);
#10189=LINE('',#13177,#13178);
#10190=LINE('',#13179,#13180);
#10191=FILL_AREA_STYLE_COLOUR('',#13181);
#10192=VERTEX_POINT('',#13182);
#10193=LINE('',#13183,#13184);
#10194=LINE('',#13185,#13186);
#10195=FILL_AREA_STYLE_COLOUR('',#13187);
#10196=VERTEX_POINT('',#13188);
#10197=LINE('',#13189,#13190);
#10198=LINE('',#13191,#13192);
#10199=FILL_AREA_STYLE_COLOUR('',#13193);
#10200=VERTEX_POINT('',#13194);
#10201=LINE('',#13195,#13196);
#10202=VERTEX_POINT('',#13197);
#10203=LINE('',#13198,#13199);
#10204=LINE('',#13200,#13201);
#10205=FILL_AREA_STYLE_COLOUR('',#13202);
#10206=VERTEX_POINT('',#13203);
#10207=LINE('',#13204,#13205);
#10208=VERTEX_POINT('',#13206);
#10209=LINE('',#13207,#13208);
#10210=LINE('',#13209,#13210);
#10211=FILL_AREA_STYLE_COLOUR('',#13211);
#10212=LINE('',#13212,#13213);
#10213=FILL_AREA_STYLE_COLOUR('',#13214);
#10214=VERTEX_POINT('',#13215);
#10215=LINE('',#13216,#13217);
#10216=VERTEX_POINT('',#13218);
#10217=LINE('',#13219,#13220);
#10218=LINE('',#13221,#13222);
#10219=FILL_AREA_STYLE_COLOUR('',#13223);
#10220=VERTEX_POINT('',#13224);
#10221=LINE('',#13225,#13226);
#10222=LINE('',#13227,#13228);
#10223=FILL_AREA_STYLE_COLOUR('',#13229);
#10224=VERTEX_POINT('',#13230);
#10225=LINE('',#13231,#13232);
#10226=LINE('',#13233,#13234);
#10227=FILL_AREA_STYLE_COLOUR('',#13235);
#10228=VERTEX_POINT('',#13236);
#10229=LINE('',#13237,#13238);
#10230=VERTEX_POINT('',#13239);
#10231=LINE('',#13240,#13241);
#10232=LINE('',#13242,#13243);
#10233=FILL_AREA_STYLE_COLOUR('',#13244);
#10234=VERTEX_POINT('',#13245);
#10235=LINE('',#13246,#13247);
#10236=VERTEX_POINT('',#13248);
#10237=LINE('',#13249,#13250);
#10238=LINE('',#13251,#13252);
#10239=FILL_AREA_STYLE_COLOUR('',#13253);
#10240=LINE('',#13254,#13255);
#10241=FILL_AREA_STYLE_COLOUR('',#13256);
#10242=VERTEX_POINT('',#13257);
#10243=LINE('',#13258,#13259);
#10244=VERTEX_POINT('',#13260);
#10245=LINE('',#13261,#13262);
#10246=LINE('',#13263,#13264);
#10247=FILL_AREA_STYLE_COLOUR('',#13265);
#10248=VERTEX_POINT('',#13266);
#10249=LINE('',#13267,#13268);
#10250=LINE('',#13269,#13270);
#10251=FILL_AREA_STYLE_COLOUR('',#13271);
#10252=VERTEX_POINT('',#13272);
#10253=LINE('',#13273,#13274);
#10254=LINE('',#13275,#13276);
#10255=FILL_AREA_STYLE_COLOUR('',#13277);
#10256=VERTEX_POINT('',#13278);
#10257=LINE('',#13279,#13280);
#10258=VERTEX_POINT('',#13281);
#10259=LINE('',#13282,#13283);
#10260=LINE('',#13284,#13285);
#10261=FILL_AREA_STYLE_COLOUR('',#13286);
#10262=VERTEX_POINT('',#13287);
#10263=LINE('',#13288,#13289);
#10264=VERTEX_POINT('',#13290);
#10265=LINE('',#13291,#13292);
#10266=LINE('',#13293,#13294);
#10267=FILL_AREA_STYLE_COLOUR('',#13295);
#10268=LINE('',#13296,#13297);
#10269=FILL_AREA_STYLE_COLOUR('',#13298);
#10270=VERTEX_POINT('',#13299);
#10271=LINE('',#13300,#13301);
#10272=VERTEX_POINT('',#13302);
#10273=LINE('',#13303,#13304);
#10274=LINE('',#13305,#13306);
#10275=FILL_AREA_STYLE_COLOUR('',#13307);
#10276=VERTEX_POINT('',#13308);
#10277=LINE('',#13309,#13310);
#10278=LINE('',#13311,#13312);
#10279=FILL_AREA_STYLE_COLOUR('',#13313);
#10280=VERTEX_POINT('',#13314);
#10281=LINE('',#13315,#13316);
#10282=LINE('',#13317,#13318);
#10283=FILL_AREA_STYLE_COLOUR('',#13319);
#10284=VERTEX_POINT('',#13320);
#10285=LINE('',#13321,#13322);
#10286=VERTEX_POINT('',#13323);
#10287=LINE('',#13324,#13325);
#10288=LINE('',#13326,#13327);
#10289=FILL_AREA_STYLE_COLOUR('',#13328);
#10290=VERTEX_POINT('',#13329);
#10291=LINE('',#13330,#13331);
#10292=VERTEX_POINT('',#13332);
#10293=LINE('',#13333,#13334);
#10294=LINE('',#13335,#13336);
#10295=FILL_AREA_STYLE_COLOUR('',#13337);
#10296=VERTEX_POINT('',#13338);
#10297=VERTEX_POINT('',#13339);
#10298=LINE('',#13340,#13341);
#10299=LINE('',#13342,#13343);
#10300=LINE('',#13344,#13345);
#10301=FILL_AREA_STYLE_COLOUR('',#13346);
#10302=LINE('',#13347,#13348);
#10303=FILL_AREA_STYLE_COLOUR('',#13349);
#10304=VERTEX_POINT('',#13350);
#10305=VERTEX_POINT('',#13351);
#10306=LINE('',#13352,#13353);
#10307=VERTEX_POINT('',#13354);
#10308=LINE('',#13355,#13356);
#10309=LINE('',#13357,#13358);
#10310=LINE('',#13359,#13360);
#10311=FILL_AREA_STYLE_COLOUR('',#13361);
#10312=VERTEX_POINT('',#13362);
#10313=LINE('',#13363,#13364);
#10314=LINE('',#13365,#13366);
#10315=FILL_AREA_STYLE_COLOUR('',#13367);
#10316=VERTEX_POINT('',#13368);
#10317=LINE('',#13369,#13370);
#10318=LINE('',#13371,#13372);
#10319=FILL_AREA_STYLE_COLOUR('',#13373);
#10320=LINE('',#13374,#13375);
#10321=LINE('',#13376,#13377);
#10322=LINE('',#13378,#13379);
#10323=LINE('',#13380,#13381);
#10324=LINE('',#13382,#13383);
#10325=LINE('',#13384,#13385);
#10326=LINE('',#13386,#13387);
#10327=LINE('',#13388,#13389);
#10328=LINE('',#13390,#13391);
#10329=LINE('',#13392,#13393);
#10330=LINE('',#13394,#13395);
#10331=LINE('',#13396,#13397);
#10332=LINE('',#13398,#13399);
#10333=FILL_AREA_STYLE_COLOUR('',#13400);
#10334=VERTEX_POINT('',#13401);
#10335=LINE('',#13402,#13403);
#10336=VERTEX_POINT('',#13404);
#10337=LINE('',#13405,#13406);
#10338=LINE('',#13407,#13408);
#10339=FILL_AREA_STYLE_COLOUR('',#13409);
#10340=LINE('',#13410,#13411);
#10341=FILL_AREA_STYLE_COLOUR('',#13412);
#10342=VERTEX_POINT('',#13413);
#10343=LINE('',#13414,#13415);
#10344=LINE('',#13416,#13417);
#10345=FILL_AREA_STYLE_COLOUR('',#13418);
#10346=VERTEX_POINT('',#13419);
#10347=LINE('',#13420,#13421);
#10348=LINE('',#13422,#13423);
#10349=FILL_AREA_STYLE_COLOUR('',#13424);
#10350=LINE('',#13425,#13426);
#10351=FILL_AREA_STYLE_COLOUR('',#13427);
#10352=COLOUR_RGB('',0.705882370471954,0.705882370471954,0.705882370471954);
#10353=CARTESIAN_POINT('',(1.3335,1.46050000000002,1.397));
#10354=CARTESIAN_POINT('',(1.3335,1.46050000000002,1.143));
#10355=CARTESIAN_POINT('',(1.3335,1.46050000000002,1.143));
#10356=VECTOR('',#13428,1.0);
#10357=CARTESIAN_POINT('',(1.33369259457559,1.46906396173683,1.143));
#10358=AXIS2_PLACEMENT_3D('',#13429,#13430,#13431);
#10359=CARTESIAN_POINT('',(1.33369259457559,1.46906396173683,1.397));
#10360=CARTESIAN_POINT('',(1.33369259457559,1.46906396173683,1.143));
#10361=VECTOR('',#13432,1.0);
#10362=AXIS2_PLACEMENT_3D('',#13433,#13434,#13435);
#10363=COLOUR_RGB('',0.705882370471954,0.705882370471954,0.705882370471954);
#10364=CARTESIAN_POINT('',(1.7145,1.46050000000002,1.143));
#10365=CARTESIAN_POINT('',(1.7145,1.46050000000002,1.397));
#10366=CARTESIAN_POINT('',(1.7145,1.46050000000002,1.143));
#10367=VECTOR('',#13436,1.0);
#10368=AXIS2_PLACEMENT_3D('',#13437,#13438,#13439);
#10369=AXIS2_PLACEMENT_3D('',#13440,#13441,#13442);
#10370=COLOUR_RGB('',0.705882370471954,0.705882370471954,0.705882370471954);
#10371=CARTESIAN_POINT('',(3.8735,1.46050000000002,1.397));
#10372=CARTESIAN_POINT('',(3.8735,1.46050000000002,1.143));
#10373=CARTESIAN_POINT('',(3.8735,1.46050000000002,1.143));
#10374=VECTOR('',#13443,1.0);
#10375=CARTESIAN_POINT('',(3.87369259457559,1.46906396173683,1.143));
#10376=AXIS2_PLACEMENT_3D('',#13444,#13445,#13446);
#10377=CARTESIAN_POINT('',(3.87369259457559,1.46906396173683,1.397));
#10378=CARTESIAN_POINT('',(3.87369259457559,1.46906396173683,1.143));
#10379=VECTOR('',#13447,1.0);
#10380=AXIS2_PLACEMENT_3D('',#13448,#13449,#13450);
#10381=COLOUR_RGB('',0.705882370471954,0.705882370471954,0.705882370471954);
#10382=CARTESIAN_POINT('',(4.2545,1.46050000000002,1.143));
#10383=CARTESIAN_POINT('',(4.2545,1.46050000000002,1.397));
#10384=CARTESIAN_POINT('',(4.2545,1.46050000000002,1.143));
#10385=VECTOR('',#13451,1.0);
#10386=AXIS2_PLACEMENT_3D('',#13452,#13453,#13454);
#10387=AXIS2_PLACEMENT_3D('',#13455,#13456,#13457);
#10388=COLOUR_RGB('',0.705882370471954,0.705882370471954,0.705882370471954);
#10389=CARTESIAN_POINT('',(6.4135,1.46050000000002,1.397));
#10390=CARTESIAN_POINT('',(6.4135,1.46050000000002,1.143));
#10391=CARTESIAN_POINT('',(6.4135,1.46050000000002,1.143));
#10392=VECTOR('',#13458,1.0);
#10393=CARTESIAN_POINT('',(6.41369259457559,1.46906396173683,1.143));
#10394=AXIS2_PLACEMENT_3D('',#13459,#13460,#13461);
#10395=CARTESIAN_POINT('',(6.41369259457559,1.46906396173683,1.397));
#10396=CARTESIAN_POINT('',(6.41369259457559,1.46906396173683,1.143));
#10397=VECTOR('',#13462,1.0);
#10398=AXIS2_PLACEMENT_3D('',#13463,#13464,#13465);
#10399=COLOUR_RGB('',0.705882370471954,0.705882370471954,0.705882370471954);
#10400=CARTESIAN_POINT('',(6.7945,1.46050000000002,1.143));
#10401=CARTESIAN_POINT('',(6.7945,1.46050000000002,1.397));
#10402=CARTESIAN_POINT('',(6.7945,1.46050000000002,1.143));
#10403=VECTOR('',#13466,1.0);
#10404=AXIS2_PLACEMENT_3D('',#13467,#13468,#13469);
#10405=AXIS2_PLACEMENT_3D('',#13470,#13471,#13472);
#10406=COLOUR_RGB('',0.705882370471954,0.705882370471954,0.705882370471954);
#10407=CARTESIAN_POINT('',(8.9535,1.46050000000002,1.397));
#10408=CARTESIAN_POINT('',(8.9535,1.46050000000002,1.143));
#10409=CARTESIAN_POINT('',(8.9535,1.46050000000002,1.143));
#10410=VECTOR('',#13473,1.0);
#10411=CARTESIAN_POINT('',(8.95369259457559,1.46906396173683,1.143));
#10412=AXIS2_PLACEMENT_3D('',#13474,#13475,#13476);
#10413=CARTESIAN_POINT('',(8.95369259457559,1.46906396173683,1.397));
#10414=CARTESIAN_POINT('',(8.95369259457559,1.46906396173683,1.143));
#10415=VECTOR('',#13477,1.0);
#10416=AXIS2_PLACEMENT_3D('',#13478,#13479,#13480);
#10417=COLOUR_RGB('',0.705882370471954,0.705882370471954,0.705882370471954);
#10418=CARTESIAN_POINT('',(9.3345,1.46050000000002,1.143));
#10419=CARTESIAN_POINT('',(9.3345,1.46050000000002,1.397));
#10420=CARTESIAN_POINT('',(9.3345,1.46050000000002,1.143));
#10421=VECTOR('',#13481,1.0);
#10422=AXIS2_PLACEMENT_3D('',#13482,#13483,#13484);
#10423=AXIS2_PLACEMENT_3D('',#13485,#13486,#13487);
#10424=COLOUR_RGB('',0.705882370471954,0.705882370471954,0.705882370471954);
#10425=CARTESIAN_POINT('',(11.4935,1.46050000000002,1.397));
#10426=CARTESIAN_POINT('',(11.4935,1.46050000000002,1.143));
#10427=CARTESIAN_POINT('',(11.4935,1.46050000000002,1.143));
#10428=VECTOR('',#13488,1.0);
#10429=CARTESIAN_POINT('',(11.4936925945756,1.46906396173683,1.143));
#10430=AXIS2_PLACEMENT_3D('',#13489,#13490,#13491);
#10431=CARTESIAN_POINT('',(11.4936925945756,1.46906396173683,1.397));
#10432=CARTESIAN_POINT('',(11.4936925945756,1.46906396173683,1.143));
#10433=VECTOR('',#13492,1.0);
#10434=AXIS2_PLACEMENT_3D('',#13493,#13494,#13495);
#10435=COLOUR_RGB('',0.705882370471954,0.705882370471954,0.705882370471954);
#10436=CARTESIAN_POINT('',(11.8745,1.46050000000002,1.143));
#10437=CARTESIAN_POINT('',(11.8745,1.46050000000002,1.397));
#10438=CARTESIAN_POINT('',(11.8745,1.46050000000002,1.143));
#10439=VECTOR('',#13496,1.0);
#10440=AXIS2_PLACEMENT_3D('',#13497,#13498,#13499);
#10441=AXIS2_PLACEMENT_3D('',#13500,#13501,#13502);
#10442=COLOUR_RGB('',0.705882370471954,0.705882370471954,0.705882370471954);
#10443=CARTESIAN_POINT('',(14.0335,1.46050000000002,1.397));
#10444=CARTESIAN_POINT('',(14.0335,1.46050000000002,1.143));
#10445=CARTESIAN_POINT('',(14.0335,1.46050000000002,1.143));
#10446=VECTOR('',#13503,1.0);
#10447=CARTESIAN_POINT('',(14.0336925945756,1.46906396173683,1.143));
#10448=AXIS2_PLACEMENT_3D('',#13504,#13505,#13506);
#10449=CARTESIAN_POINT('',(14.0336925945756,1.46906396173683,1.397));
#10450=CARTESIAN_POINT('',(14.0336925945756,1.46906396173683,1.143));
#10451=VECTOR('',#13507,1.0);
#10452=AXIS2_PLACEMENT_3D('',#13508,#13509,#13510);
#10453=COLOUR_RGB('',0.705882370471954,0.705882370471954,0.705882370471954);
#10454=CARTESIAN_POINT('',(14.4145,1.46050000000002,1.143));
#10455=CARTESIAN_POINT('',(14.4145,1.46050000000002,1.397));
#10456=CARTESIAN_POINT('',(14.4145,1.46050000000002,1.143));
#10457=VECTOR('',#13511,1.0);
#10458=AXIS2_PLACEMENT_3D('',#13512,#13513,#13514);
#10459=AXIS2_PLACEMENT_3D('',#13515,#13516,#13517);
#10460=COLOUR_RGB('',0.705882370471954,0.705882370471954,0.705882370471954);
#10461=CARTESIAN_POINT('',(13.9065,0.0,1.5875));
#10462=CARTESIAN_POINT('',(13.9065,0.0,0.9525));
#10463=CARTESIAN_POINT('',(13.9065,0.0,0.635));
#10464=VECTOR('',#13518,1.0);
#10465=CARTESIAN_POINT('',(13.9065,0.254,1.5875));
#10466=CARTESIAN_POINT('',(13.9065,0.3556,1.5875));
#10467=VECTOR('',#13519,1.0);
#10468=CARTESIAN_POINT('',(13.9065,0.254,0.9525));
#10469=CARTESIAN_POINT('',(13.9065,0.254,1.27));
#10470=VECTOR('',#13520,1.0);
#10471=CARTESIAN_POINT('',(13.9065,0.3556,0.9525));
#10472=VECTOR('',#13521,1.0);
#10473=COLOUR_RGB('',0.705882370471954,0.705882370471954,0.705882370471954);
#10474=CARTESIAN_POINT('',(14.5415,0.0,0.9525));
#10475=CARTESIAN_POINT('',(9.144,0.0,0.9525));
#10476=VECTOR('',#13522,1.0);
#10477=CARTESIAN_POINT('',(14.5415,0.254,0.9525));
#10478=CARTESIAN_POINT('',(7.874,0.254,0.9525));
#10479=VECTOR('',#13523,1.0);
#10480=CARTESIAN_POINT('',(14.5415,4.93791897020028E-16,0.9525));
#10481=VECTOR('',#13524,1.0);
#10482=COLOUR_RGB('',0.705882370471954,0.705882370471954,0.705882370471954);
#10483=CARTESIAN_POINT('',(14.5415,-2.286,0.9525));
#10484=CARTESIAN_POINT('',(13.9065,-2.286,0.9525));
#10485=CARTESIAN_POINT('',(9.712325,-2.286,0.9525));
#10486=VECTOR('',#13525,1.0);
#10487=CARTESIAN_POINT('',(14.5415,-9.7028,0.9525));
#10488=CARTESIAN_POINT('',(14.5415,4.93791897020028E-16,0.9525));
#10489=VECTOR('',#13526,1.0);
#10490=CARTESIAN_POINT('',(13.9065,-9.7028,0.9525));
#10491=CARTESIAN_POINT('',(14.06525,-9.7028,0.952500000000002));
#10492=VECTOR('',#13527,1.0);
#10493=CARTESIAN_POINT('',(13.9065,0.3556,0.9525));
#10494=VECTOR('',#13528,1.0);
#10495=COLOUR_RGB('',0.705882370471954,0.705882370471954,0.705882370471954);
#10496=CARTESIAN_POINT('',(14.5415,0.0,1.5875));
#10497=CARTESIAN_POINT('',(9.144,0.0,1.5875));
#10498=VECTOR('',#13529,1.0);
#10499=CARTESIAN_POINT('',(14.5415,0.254,1.5875));
#10500=CARTESIAN_POINT('',(14.5415,0.3556,1.5875));
#10501=VECTOR('',#13530,1.0);
#10502=CARTESIAN_POINT('',(7.874,0.254,1.5875));
#10503=VECTOR('',#13531,1.0);
#10504=COLOUR_RGB('',0.705882370471954,0.705882370471954,0.705882370471954);
#10505=CARTESIAN_POINT('',(14.5415,0.0,0.635));
#10506=VECTOR('',#13532,1.0);
#10507=CARTESIAN_POINT('',(14.5415,0.254,1.27));
#10508=VECTOR('',#13533,1.0);
#10509=COLOUR_RGB('',0.705882370471954,0.705882370471954,0.705882370471954);
#10510=CARTESIAN_POINT('',(14.5415,-2.286,1.5875));
#10511=CARTESIAN_POINT('',(14.5415,-2.286,1.27));
#10512=VECTOR('',#13534,1.0);
#10513=CARTESIAN_POINT('',(14.5415,-9.7028,1.5875));
#10514=CARTESIAN_POINT('',(14.5415,0.3556,1.5875));
#10515=VECTOR('',#13535,1.0);
#10516=CARTESIAN_POINT('',(14.5415,-9.7028,0.9525));
#10517=VECTOR('',#13536,1.0);
#10518=COLOUR_RGB('',0.705882370471954,0.705882370471954,0.705882370471954);
#10519=CARTESIAN_POINT('',(14.732,1.143,1.397));
#10520=CARTESIAN_POINT('',(13.716,1.143,1.397));
#10521=CARTESIAN_POINT('',(14.2239884263618,1.143,1.397));
#10522=VECTOR('',#13537,1.0);
#10523=CARTESIAN_POINT('',(14.732,1.73497842449147,1.397));
#10524=CARTESIAN_POINT('',(14.732,2.79127423960886,1.397));
#10525=VECTOR('',#13538,1.0);
#10526=CARTESIAN_POINT('',(14.3891,5.07137045256125,1.397));
#10527=CARTESIAN_POINT('',(14.3891,5.07137045256125,1.397));
#10528=VECTOR('',#13539,1.0);
#10529=CARTESIAN_POINT('',(14.2621,4.85140000000001,1.397));
#10530=CARTESIAN_POINT('',(14.3891,5.07137045256125,1.397));
#10531=VECTOR('',#13540,0.999999999999999);
#10532=CARTESIAN_POINT('',(14.413731951619,1.47758907647729,1.397));
#10533=CARTESIAN_POINT('',(14.2621,4.85140000000001,1.397));
#10534=VECTOR('',#13541,1.0);
#10535=AXIS2_PLACEMENT_3D('',#13542,#13543,#13544);
#10536=CARTESIAN_POINT('',(14.1859,4.85140000000001,1.397));
#10537=CARTESIAN_POINT('',(14.0336925945756,1.46906396173681,1.397));
#10538=VECTOR('',#13545,0.999999999999999);
#10539=CARTESIAN_POINT('',(14.0589,5.07137045256125,1.397));
#10540=CARTESIAN_POINT('',(14.0589,5.07137045256125,1.397));
#10541=VECTOR('',#13546,0.999999999999999);
#10542=CARTESIAN_POINT('',(13.716,1.73497842449147,1.397));
#10543=CARTESIAN_POINT('',(14.0589,5.07137045256125,1.397));
#10544=VECTOR('',#13547,1.0);
#10545=CARTESIAN_POINT('',(13.716,2.79127423960886,1.397));
#10546=VECTOR('',#13548,1.0);
#10547=COLOUR_RGB('',0.705882370471954,0.705882370471954,0.705882370471954);
#10548=CARTESIAN_POINT('',(13.716,1.143,1.143));
#10549=CARTESIAN_POINT('',(14.732,1.143,1.143));
#10550=CARTESIAN_POINT('',(14.2239884263618,1.143,1.143));
#10551=VECTOR('',#13549,1.0);
#10552=CARTESIAN_POINT('',(13.716,1.73497842449147,1.143));
#10553=CARTESIAN_POINT('',(13.716,2.79127423960886,1.143));
#10554=VECTOR('',#13550,1.0);
#10555=CARTESIAN_POINT('',(14.0589,5.07137045256125,1.143));
#10556=CARTESIAN_POINT('',(14.0589,5.07137045256125,1.143));
#10557=VECTOR('',#13551,1.0);
#10558=CARTESIAN_POINT('',(14.1859,4.85140000000001,1.143));
#10559=CARTESIAN_POINT('',(14.0589,5.07137045256125,1.143));
#10560=VECTOR('',#13552,0.999999999999999);
#10561=CARTESIAN_POINT('',(14.0336925945756,1.46906396173681,1.143));
#10562=VECTOR('',#13553,0.999999999999999);
#10563=CARTESIAN_POINT('',(14.413731951619,1.47758907647729,1.143));
#10564=AXIS2_PLACEMENT_3D('',#13554,#13555,#13556);
#10565=CARTESIAN_POINT('',(14.2621,4.85140000000001,1.143));
#10566=CARTESIAN_POINT('',(14.2621,4.85140000000001,1.143));
#10567=VECTOR('',#13557,1.0);
#10568=CARTESIAN_POINT('',(14.3891,5.07137045256125,1.143));
#10569=CARTESIAN_POINT('',(14.3891,5.07137045256125,1.143));
#10570=VECTOR('',#13558,0.999999999999999);
#10571=CARTESIAN_POINT('',(14.732,1.73497842449147,1.143));
#10572=CARTESIAN_POINT('',(14.3891,5.07137045256125,1.143));
#10573=VECTOR('',#13559,1.0);
#10574=CARTESIAN_POINT('',(14.732,2.79127423960886,1.143));
#10575=VECTOR('',#13560,1.0);
#10576=COLOUR_RGB('',0.705882370471954,0.705882370471954,0.705882370471954);
#10577=CARTESIAN_POINT('',(14.3383,-9.906,1.3843));
#10578=CARTESIAN_POINT('',(14.2621,-9.9822,1.3081));
#10579=VECTOR('',#13561,1.0);
#10580=CARTESIAN_POINT('',(13.9065,-9.7028,1.5875));
#10581=CARTESIAN_POINT('',(14.06525,-9.7028,1.5875));
#10582=VECTOR('',#13562,1.0);
#10583=CARTESIAN_POINT('',(14.1097,-9.906,1.3843));
#10584=CARTESIAN_POINT('',(14.0800666666667,-9.87636666666667,1.41393333333333));
#10585=VECTOR('',#13563,0.999999999999999);
#10586=CARTESIAN_POINT('',(14.06525,-9.906,1.3843));
#10587=VECTOR('',#13564,1.0);
#10588=COLOUR_RGB('',0.705882370471954,0.705882370471954,0.705882370471954);
#10589=CARTESIAN_POINT('',(14.3383,-9.906,1.1557));
#10590=CARTESIAN_POINT('',(14.3679333333333,-9.87636666666666,1.12606666666667));
#10591=VECTOR('',#13565,1.0);
#10592=CARTESIAN_POINT('',(14.1097,-9.906,1.1557));
#10593=CARTESIAN_POINT('',(14.06525,-9.906,1.1557));
#10594=VECTOR('',#13566,1.0);
#10595=CARTESIAN_POINT('',(13.9742333333333,-9.77053333333333,1.02023333333334));
#10596=VECTOR('',#13567,1.0);
#10597=COLOUR_RGB('',0.705882370471954,0.705882370471954,0.705882370471954);
#10598=CARTESIAN_POINT('',(14.1097,-9.906,0.9525));
#10599=VECTOR('',#13568,1.0);
#10600=CARTESIAN_POINT('',(14.3383,-9.906,0.9525));
#10601=VECTOR('',#13569,1.0);
#10602=COLOUR_RGB('',0.705882370471954,0.705882370471954,0.705882370471954);
#10603=CARTESIAN_POINT('',(13.9065,-9.7028,0.9525));
#10604=VECTOR('',#13570,1.0);
#10605=COLOUR_RGB('',0.705882370471954,0.705882370471954,0.705882370471954);
#10606=COLOUR_RGB('',0.705882370471954,0.705882370471954,0.705882370471954);
#10607=CARTESIAN_POINT('',(13.9065,-2.286,1.5875));
#10608=CARTESIAN_POINT('',(13.9065,-2.286,1.27));
#10609=VECTOR('',#13571,1.0);
#10610=CARTESIAN_POINT('',(13.9065,0.3556,1.5875));
#10611=VECTOR('',#13572,1.0);
#10612=COLOUR_RGB('',0.705882370471954,0.705882370471954,0.705882370471954);
#10613=CARTESIAN_POINT('',(9.712325,-2.286,1.5875));
#10614=VECTOR('',#13573,1.0);
#10615=COLOUR_RGB('',0.705882370471954,0.705882370471954,0.705882370471954);
#10616=CARTESIAN_POINT('',(14.0589,5.07137045256125,1.143));
#10617=VECTOR('',#13574,1.0);
#10618=CARTESIAN_POINT('',(13.716,1.73497842449147,1.2065));
#10619=VECTOR('',#13575,1.0);
#10620=COLOUR_RGB('',0.705882370471954,0.705882370471954,0.705882370471954);
#10621=CARTESIAN_POINT('',(14.1859,4.85140000000001,1.143));
#10622=VECTOR('',#13576,1.0);
#10623=COLOUR_RGB('',0.705882370471954,0.705882370471954,0.705882370471954);
#10624=COLOUR_RGB('',0.705882370471954,0.705882370471954,0.705882370471954);
#10625=CARTESIAN_POINT('',(14.413731951619,1.47758907647729,1.143));
#10626=VECTOR('',#13577,1.0);
#10627=COLOUR_RGB('',0.705882370471954,0.705882370471954,0.705882370471954);
#10628=CARTESIAN_POINT('',(14.2621,4.85140000000001,1.143));
#10629=VECTOR('',#13578,1.0);
#10630=COLOUR_RGB('',0.705882370471954,0.705882370471954,0.705882370471954);
#10631=CARTESIAN_POINT('',(14.3891,5.07137045256125,1.143));
#10632=VECTOR('',#13579,1.0);
#10633=COLOUR_RGB('',0.705882370471954,0.705882370471954,0.705882370471954);
#10634=CARTESIAN_POINT('',(14.732,1.73497842449147,1.2065));
#10635=VECTOR('',#13580,1.0);
#10636=COLOUR_RGB('',0.196078434586525,0.196078434586525,0.196078434586525);
#10637=CARTESIAN_POINT('',(13.716,1.143,0.762));
#10638=CARTESIAN_POINT('',(13.716,1.143,1.27));
#10639=VECTOR('',#13581,1.0);
#10640=CARTESIAN_POINT('',(13.716,5.08,0.762));
#10641=CARTESIAN_POINT('',(13.716,3.1115,0.762));
#10642=VECTOR('',#13582,1.0);
#10643=CARTESIAN_POINT('',(13.716,5.08,1.778));
#10644=CARTESIAN_POINT('',(13.716,5.08,1.27));
#10645=VECTOR('',#13583,1.0);
#10646=CARTESIAN_POINT('',(13.716,1.143,1.778));
#10647=CARTESIAN_POINT('',(13.716,3.1115,1.778));
#10648=VECTOR('',#13584,1.0);
#10649=CARTESIAN_POINT('',(13.716,1.143,1.27));
#10650=VECTOR('',#13585,1.0);
#10651=COLOUR_RGB('',0.196078434586525,0.196078434586525,0.196078434586525);
#10652=CARTESIAN_POINT('',(14.732,1.143,0.762));
#10653=CARTESIAN_POINT('',(14.732,1.143,1.27));
#10654=VECTOR('',#13586,1.0);
#10655=CARTESIAN_POINT('',(14.224,1.143,0.762));
#10656=VECTOR('',#13587,1.0);
#10657=COLOUR_RGB('',0.705882370471954,0.705882370471954,0.705882370471954);
#10658=CARTESIAN_POINT('',(11.3665,0.0,1.5875));
#10659=CARTESIAN_POINT('',(11.3665,0.0,0.9525));
#10660=CARTESIAN_POINT('',(11.3665,0.0,0.635));
#10661=VECTOR('',#13588,1.0);
#10662=CARTESIAN_POINT('',(11.3665,0.254,1.5875));
#10663=CARTESIAN_POINT('',(11.3665,0.3556,1.5875));
#10664=VECTOR('',#13589,1.0);
#10665=CARTESIAN_POINT('',(11.3665,0.254,0.9525));
#10666=CARTESIAN_POINT('',(11.3665,0.254,1.27));
#10667=VECTOR('',#13590,1.0);
#10668=CARTESIAN_POINT('',(11.3665,0.3556,0.9525));
#10669=VECTOR('',#13591,1.0);
#10670=COLOUR_RGB('',0.705882370471954,0.705882370471954,0.705882370471954);
#10671=CARTESIAN_POINT('',(12.0015,0.0,0.9525));
#10672=CARTESIAN_POINT('',(7.874,0.0,0.9525));
#10673=VECTOR('',#13592,1.0);
#10674=CARTESIAN_POINT('',(12.0015,0.254,0.9525));
#10675=CARTESIAN_POINT('',(6.604,0.254,0.9525));
#10676=VECTOR('',#13593,1.0);
#10677=CARTESIAN_POINT('',(12.0015,4.93791897020028E-16,0.9525));
#10678=VECTOR('',#13594,1.0);
#10679=COLOUR_RGB('',0.705882370471954,0.705882370471954,0.705882370471954);
#10680=CARTESIAN_POINT('',(12.0015,-2.286,0.9525));
#10681=CARTESIAN_POINT('',(11.3665,-2.286,0.9525));
#10682=CARTESIAN_POINT('',(8.442325,-2.286,0.9525));
#10683=VECTOR('',#13595,1.0);
#10684=CARTESIAN_POINT('',(12.0015,-9.7028,0.9525));
#10685=CARTESIAN_POINT('',(12.0015,4.93791897020028E-16,0.9525));
#10686=VECTOR('',#13596,1.0);
#10687=CARTESIAN_POINT('',(11.3665,-9.7028,0.9525));
#10688=CARTESIAN_POINT('',(11.52525,-9.7028,0.952500000000002));
#10689=VECTOR('',#13597,1.0);
#10690=CARTESIAN_POINT('',(11.3665,0.3556,0.9525));
#10691=VECTOR('',#13598,1.0);
#10692=COLOUR_RGB('',0.705882370471954,0.705882370471954,0.705882370471954);
#10693=CARTESIAN_POINT('',(12.0015,0.0,1.5875));
#10694=CARTESIAN_POINT('',(7.874,0.0,1.5875));
#10695=VECTOR('',#13599,1.0);
#10696=CARTESIAN_POINT('',(12.0015,0.254,1.5875));
#10697=CARTESIAN_POINT('',(12.0015,0.3556,1.5875));
#10698=VECTOR('',#13600,1.0);
#10699=CARTESIAN_POINT('',(6.604,0.254,1.5875));
#10700=VECTOR('',#13601,1.0);
#10701=COLOUR_RGB('',0.705882370471954,0.705882370471954,0.705882370471954);
#10702=CARTESIAN_POINT('',(12.0015,0.0,0.635));
#10703=VECTOR('',#13602,1.0);
#10704=CARTESIAN_POINT('',(12.0015,0.254,1.27));
#10705=VECTOR('',#13603,1.0);
#10706=COLOUR_RGB('',0.705882370471954,0.705882370471954,0.705882370471954);
#10707=CARTESIAN_POINT('',(12.0015,-2.286,1.5875));
#10708=CARTESIAN_POINT('',(12.0015,-2.286,1.27));
#10709=VECTOR('',#13604,1.0);
#10710=CARTESIAN_POINT('',(12.0015,-9.7028,1.5875));
#10711=CARTESIAN_POINT('',(12.0015,0.3556,1.5875));
#10712=VECTOR('',#13605,1.0);
#10713=CARTESIAN_POINT('',(12.0015,-9.7028,0.9525));
#10714=VECTOR('',#13606,1.0);
#10715=COLOUR_RGB('',0.705882370471954,0.705882370471954,0.705882370471954);
#10716=CARTESIAN_POINT('',(12.192,1.143,1.397));
#10717=CARTESIAN_POINT('',(11.176,1.143,1.397));
#10718=CARTESIAN_POINT('',(11.6839884263618,1.143,1.397));
#10719=VECTOR('',#13607,1.0);
#10720=CARTESIAN_POINT('',(12.192,1.73497842449147,1.397));
#10721=CARTESIAN_POINT('',(12.192,2.79127423960886,1.397));
#10722=VECTOR('',#13608,1.0);
#10723=CARTESIAN_POINT('',(11.8491,5.07137045256125,1.397));
#10724=CARTESIAN_POINT('',(11.8491,5.07137045256125,1.397));
#10725=VECTOR('',#13609,1.0);
#10726=CARTESIAN_POINT('',(11.7221,4.85140000000001,1.397));
#10727=CARTESIAN_POINT('',(11.8491,5.07137045256125,1.397));
#10728=VECTOR('',#13610,0.999999999999999);
#10729=CARTESIAN_POINT('',(11.873731951619,1.47758907647729,1.397));
#10730=CARTESIAN_POINT('',(11.7221,4.85140000000001,1.397));
#10731=VECTOR('',#13611,1.0);
#10732=AXIS2_PLACEMENT_3D('',#13612,#13613,#13614);
#10733=CARTESIAN_POINT('',(11.6459,4.85140000000001,1.397));
#10734=CARTESIAN_POINT('',(11.4936925945756,1.46906396173681,1.397));
#10735=VECTOR('',#13615,0.999999999999999);
#10736=CARTESIAN_POINT('',(11.5189,5.07137045256125,1.397));
#10737=CARTESIAN_POINT('',(11.5189,5.07137045256125,1.397));
#10738=VECTOR('',#13616,0.999999999999999);
#10739=CARTESIAN_POINT('',(11.176,1.73497842449147,1.397));
#10740=CARTESIAN_POINT('',(11.5189,5.07137045256125,1.397));
#10741=VECTOR('',#13617,1.0);
#10742=CARTESIAN_POINT('',(11.176,2.79127423960886,1.397));
#10743=VECTOR('',#13618,1.0);
#10744=COLOUR_RGB('',0.705882370471954,0.705882370471954,0.705882370471954);
#10745=CARTESIAN_POINT('',(11.176,1.143,1.143));
#10746=CARTESIAN_POINT('',(12.192,1.143,1.143));
#10747=CARTESIAN_POINT('',(11.6839884263618,1.143,1.143));
#10748=VECTOR('',#13619,1.0);
#10749=CARTESIAN_POINT('',(11.176,1.73497842449147,1.143));
#10750=CARTESIAN_POINT('',(11.176,2.79127423960886,1.143));
#10751=VECTOR('',#13620,1.0);
#10752=CARTESIAN_POINT('',(11.5189,5.07137045256125,1.143));
#10753=CARTESIAN_POINT('',(11.5189,5.07137045256125,1.143));
#10754=VECTOR('',#13621,1.0);
#10755=CARTESIAN_POINT('',(11.6459,4.85140000000001,1.143));
#10756=CARTESIAN_POINT('',(11.5189,5.07137045256125,1.143));
#10757=VECTOR('',#13622,0.999999999999999);
#10758=CARTESIAN_POINT('',(11.4936925945756,1.46906396173681,1.143));
#10759=VECTOR('',#13623,0.999999999999999);
#10760=CARTESIAN_POINT('',(11.873731951619,1.47758907647729,1.143));
#10761=AXIS2_PLACEMENT_3D('',#13624,#13625,#13626);
#10762=CARTESIAN_POINT('',(11.7221,4.85140000000001,1.143));
#10763=CARTESIAN_POINT('',(11.7221,4.85140000000001,1.143));
#10764=VECTOR('',#13627,1.0);
#10765=CARTESIAN_POINT('',(11.8491,5.07137045256125,1.143));
#10766=CARTESIAN_POINT('',(11.8491,5.07137045256125,1.143));
#10767=VECTOR('',#13628,0.999999999999999);
#10768=CARTESIAN_POINT('',(12.192,1.73497842449147,1.143));
#10769=CARTESIAN_POINT('',(11.8491,5.07137045256125,1.143));
#10770=VECTOR('',#13629,1.0);
#10771=CARTESIAN_POINT('',(12.192,2.79127423960886,1.143));
#10772=VECTOR('',#13630,1.0);
#10773=COLOUR_RGB('',0.705882370471954,0.705882370471954,0.705882370471954);
#10774=CARTESIAN_POINT('',(11.7983,-9.906,1.3843));
#10775=CARTESIAN_POINT('',(11.7221,-9.9822,1.3081));
#10776=VECTOR('',#13631,1.0);
#10777=CARTESIAN_POINT('',(11.3665,-9.7028,1.5875));
#10778=CARTESIAN_POINT('',(11.52525,-9.7028,1.5875));
#10779=VECTOR('',#13632,1.0);
#10780=CARTESIAN_POINT('',(11.5697,-9.906,1.3843));
#10781=CARTESIAN_POINT('',(11.5400666666667,-9.87636666666667,1.41393333333333));
#10782=VECTOR('',#13633,0.999999999999999);
#10783=CARTESIAN_POINT('',(11.52525,-9.906,1.3843));
#10784=VECTOR('',#13634,1.0);
#10785=COLOUR_RGB('',0.705882370471954,0.705882370471954,0.705882370471954);
#10786=CARTESIAN_POINT('',(11.7983,-9.906,1.1557));
#10787=CARTESIAN_POINT('',(11.8279333333333,-9.87636666666666,1.12606666666667));
#10788=VECTOR('',#13635,1.0);
#10789=CARTESIAN_POINT('',(11.5697,-9.906,1.1557));
#10790=CARTESIAN_POINT('',(11.52525,-9.906,1.1557));
#10791=VECTOR('',#13636,1.0);
#10792=CARTESIAN_POINT('',(11.4342333333333,-9.77053333333333,1.02023333333334));
#10793=VECTOR('',#13637,1.0);
#10794=COLOUR_RGB('',0.705882370471954,0.705882370471954,0.705882370471954);
#10795=CARTESIAN_POINT('',(11.5697,-9.906,0.9525));
#10796=VECTOR('',#13638,1.0);
#10797=CARTESIAN_POINT('',(11.7983,-9.906,0.9525));
#10798=VECTOR('',#13639,1.0);
#10799=COLOUR_RGB('',0.705882370471954,0.705882370471954,0.705882370471954);
#10800=CARTESIAN_POINT('',(11.3665,-9.7028,0.9525));
#10801=VECTOR('',#13640,1.0);
#10802=COLOUR_RGB('',0.705882370471954,0.705882370471954,0.705882370471954);
#10803=COLOUR_RGB('',0.705882370471954,0.705882370471954,0.705882370471954);
#10804=CARTESIAN_POINT('',(11.3665,-2.286,1.5875));
#10805=CARTESIAN_POINT('',(11.3665,-2.286,1.27));
#10806=VECTOR('',#13641,1.0);
#10807=CARTESIAN_POINT('',(11.3665,0.3556,1.5875));
#10808=VECTOR('',#13642,1.0);
#10809=COLOUR_RGB('',0.705882370471954,0.705882370471954,0.705882370471954);
#10810=CARTESIAN_POINT('',(8.442325,-2.286,1.5875));
#10811=VECTOR('',#13643,1.0);
#10812=COLOUR_RGB('',0.705882370471954,0.705882370471954,0.705882370471954);
#10813=CARTESIAN_POINT('',(11.5189,5.07137045256125,1.143));
#10814=VECTOR('',#13644,1.0);
#10815=CARTESIAN_POINT('',(11.176,1.73497842449147,1.2065));
#10816=VECTOR('',#13645,1.0);
#10817=COLOUR_RGB('',0.705882370471954,0.705882370471954,0.705882370471954);
#10818=CARTESIAN_POINT('',(11.6459,4.85140000000001,1.143));
#10819=VECTOR('',#13646,1.0);
#10820=COLOUR_RGB('',0.705882370471954,0.705882370471954,0.705882370471954);
#10821=COLOUR_RGB('',0.705882370471954,0.705882370471954,0.705882370471954);
#10822=CARTESIAN_POINT('',(11.873731951619,1.47758907647729,1.143));
#10823=VECTOR('',#13647,1.0);
#10824=COLOUR_RGB('',0.705882370471954,0.705882370471954,0.705882370471954);
#10825=CARTESIAN_POINT('',(11.7221,4.85140000000001,1.143));
#10826=VECTOR('',#13648,1.0);
#10827=COLOUR_RGB('',0.705882370471954,0.705882370471954,0.705882370471954);
#10828=CARTESIAN_POINT('',(11.8491,5.07137045256125,1.143));
#10829=VECTOR('',#13649,1.0);
#10830=COLOUR_RGB('',0.705882370471954,0.705882370471954,0.705882370471954);
#10831=CARTESIAN_POINT('',(12.192,1.73497842449147,1.2065));
#10832=VECTOR('',#13650,1.0);
#10833=COLOUR_RGB('',0.196078434586525,0.196078434586525,0.196078434586525);
#10834=CARTESIAN_POINT('',(11.176,1.143,0.762));
#10835=CARTESIAN_POINT('',(11.176,1.143,1.27));
#10836=VECTOR('',#13651,1.0);
#10837=CARTESIAN_POINT('',(11.176,5.08,0.762));
#10838=CARTESIAN_POINT('',(11.176,3.1115,0.762));
#10839=VECTOR('',#13652,1.0);
#10840=CARTESIAN_POINT('',(11.176,5.08,1.778));
#10841=CARTESIAN_POINT('',(11.176,5.08,1.27));
#10842=VECTOR('',#13653,1.0);
#10843=CARTESIAN_POINT('',(11.176,1.143,1.778));
#10844=CARTESIAN_POINT('',(11.176,3.1115,1.778));
#10845=VECTOR('',#13654,1.0);
#10846=CARTESIAN_POINT('',(11.176,1.143,1.27));
#10847=VECTOR('',#13655,1.0);
#10848=COLOUR_RGB('',0.196078434586525,0.196078434586525,0.196078434586525);
#10849=CARTESIAN_POINT('',(12.192,1.143,0.762));
#10850=CARTESIAN_POINT('',(12.192,1.143,1.27));
#10851=VECTOR('',#13656,1.0);
#10852=CARTESIAN_POINT('',(11.684,1.143,0.762));
#10853=VECTOR('',#13657,1.0);
#10854=COLOUR_RGB('',0.705882370471954,0.705882370471954,0.705882370471954);
#10855=CARTESIAN_POINT('',(8.8265,0.0,1.5875));
#10856=CARTESIAN_POINT('',(8.8265,0.0,0.9525));
#10857=CARTESIAN_POINT('',(8.8265,0.0,0.635));
#10858=VECTOR('',#13658,1.0);
#10859=CARTESIAN_POINT('',(8.8265,0.254,1.5875));
#10860=CARTESIAN_POINT('',(8.8265,0.3556,1.5875));
#10861=VECTOR('',#13659,1.0);
#10862=CARTESIAN_POINT('',(8.8265,0.254,0.9525));
#10863=CARTESIAN_POINT('',(8.8265,0.254,1.27));
#10864=VECTOR('',#13660,1.0);
#10865=CARTESIAN_POINT('',(8.8265,0.3556,0.9525));
#10866=VECTOR('',#13661,1.0);
#10867=COLOUR_RGB('',0.705882370471954,0.705882370471954,0.705882370471954);
#10868=CARTESIAN_POINT('',(9.4615,0.0,0.9525));
#10869=CARTESIAN_POINT('',(6.604,0.0,0.9525));
#10870=VECTOR('',#13662,1.0);
#10871=CARTESIAN_POINT('',(9.4615,0.254,0.9525));
#10872=CARTESIAN_POINT('',(5.334,0.254,0.9525));
#10873=VECTOR('',#13663,1.0);
#10874=CARTESIAN_POINT('',(9.4615,4.93791897020028E-16,0.9525));
#10875=VECTOR('',#13664,1.0);
#10876=COLOUR_RGB('',0.705882370471954,0.705882370471954,0.705882370471954);
#10877=CARTESIAN_POINT('',(9.4615,-2.286,0.9525));
#10878=CARTESIAN_POINT('',(8.8265,-2.286,0.9525));
#10879=CARTESIAN_POINT('',(7.172325,-2.286,0.9525));
#10880=VECTOR('',#13665,1.0);
#10881=CARTESIAN_POINT('',(9.4615,-9.7028,0.9525));
#10882=CARTESIAN_POINT('',(9.4615,4.93791897020028E-16,0.9525));
#10883=VECTOR('',#13666,1.0);
#10884=CARTESIAN_POINT('',(8.8265,-9.7028,0.9525));
#10885=CARTESIAN_POINT('',(8.98525,-9.7028,0.952500000000002));
#10886=VECTOR('',#13667,1.0);
#10887=CARTESIAN_POINT('',(8.8265,0.3556,0.9525));
#10888=VECTOR('',#13668,1.0);
#10889=COLOUR_RGB('',0.705882370471954,0.705882370471954,0.705882370471954);
#10890=CARTESIAN_POINT('',(9.4615,0.0,1.5875));
#10891=CARTESIAN_POINT('',(6.604,0.0,1.5875));
#10892=VECTOR('',#13669,1.0);
#10893=CARTESIAN_POINT('',(9.4615,0.254,1.5875));
#10894=CARTESIAN_POINT('',(9.4615,0.3556,1.5875));
#10895=VECTOR('',#13670,1.0);
#10896=CARTESIAN_POINT('',(5.334,0.254,1.5875));
#10897=VECTOR('',#13671,1.0);
#10898=COLOUR_RGB('',0.705882370471954,0.705882370471954,0.705882370471954);
#10899=CARTESIAN_POINT('',(9.4615,0.0,0.635));
#10900=VECTOR('',#13672,1.0);
#10901=CARTESIAN_POINT('',(9.4615,0.254,1.27));
#10902=VECTOR('',#13673,1.0);
#10903=COLOUR_RGB('',0.705882370471954,0.705882370471954,0.705882370471954);
#10904=CARTESIAN_POINT('',(9.4615,-2.286,1.5875));
#10905=CARTESIAN_POINT('',(9.4615,-2.286,1.27));
#10906=VECTOR('',#13674,1.0);
#10907=CARTESIAN_POINT('',(9.4615,-9.7028,1.5875));
#10908=CARTESIAN_POINT('',(9.4615,0.3556,1.5875));
#10909=VECTOR('',#13675,1.0);
#10910=CARTESIAN_POINT('',(9.4615,-9.7028,0.9525));
#10911=VECTOR('',#13676,1.0);
#10912=COLOUR_RGB('',0.705882370471954,0.705882370471954,0.705882370471954);
#10913=CARTESIAN_POINT('',(9.652,1.143,1.397));
#10914=CARTESIAN_POINT('',(8.636,1.143,1.397));
#10915=CARTESIAN_POINT('',(9.14398842636185,1.143,1.397));
#10916=VECTOR('',#13677,1.0);
#10917=CARTESIAN_POINT('',(9.652,1.73497842449147,1.397));
#10918=CARTESIAN_POINT('',(9.652,2.79127423960886,1.397));
#10919=VECTOR('',#13678,1.0);
#10920=CARTESIAN_POINT('',(9.3091,5.07137045256125,1.397));
#10921=CARTESIAN_POINT('',(9.3091,5.07137045256125,1.397));
#10922=VECTOR('',#13679,1.0);
#10923=CARTESIAN_POINT('',(9.1821,4.85140000000001,1.397));
#10924=CARTESIAN_POINT('',(9.3091,5.07137045256125,1.397));
#10925=VECTOR('',#13680,0.999999999999999);
#10926=CARTESIAN_POINT('',(9.333731951619,1.47758907647729,1.397));
#10927=CARTESIAN_POINT('',(9.1821,4.85140000000001,1.397));
#10928=VECTOR('',#13681,1.0);
#10929=AXIS2_PLACEMENT_3D('',#13682,#13683,#13684);
#10930=CARTESIAN_POINT('',(9.1059,4.85140000000001,1.397));
#10931=CARTESIAN_POINT('',(8.95369259457559,1.46906396173681,1.397));
#10932=VECTOR('',#13685,0.999999999999999);
#10933=CARTESIAN_POINT('',(8.9789,5.07137045256125,1.397));
#10934=CARTESIAN_POINT('',(8.9789,5.07137045256125,1.397));
#10935=VECTOR('',#13686,0.999999999999999);
#10936=CARTESIAN_POINT('',(8.636,1.73497842449147,1.397));
#10937=CARTESIAN_POINT('',(8.9789,5.07137045256125,1.397));
#10938=VECTOR('',#13687,1.0);
#10939=CARTESIAN_POINT('',(8.636,2.79127423960886,1.397));
#10940=VECTOR('',#13688,1.0);
#10941=COLOUR_RGB('',0.705882370471954,0.705882370471954,0.705882370471954);
#10942=CARTESIAN_POINT('',(8.636,1.143,1.143));
#10943=CARTESIAN_POINT('',(9.652,1.143,1.143));
#10944=CARTESIAN_POINT('',(9.14398842636185,1.143,1.143));
#10945=VECTOR('',#13689,1.0);
#10946=CARTESIAN_POINT('',(8.636,1.73497842449147,1.143));
#10947=CARTESIAN_POINT('',(8.636,2.79127423960886,1.143));
#10948=VECTOR('',#13690,1.0);
#10949=CARTESIAN_POINT('',(8.9789,5.07137045256125,1.143));
#10950=CARTESIAN_POINT('',(8.9789,5.07137045256125,1.143));
#10951=VECTOR('',#13691,1.0);
#10952=CARTESIAN_POINT('',(9.1059,4.85140000000001,1.143));
#10953=CARTESIAN_POINT('',(8.9789,5.07137045256125,1.143));
#10954=VECTOR('',#13692,0.999999999999999);
#10955=CARTESIAN_POINT('',(8.95369259457559,1.46906396173681,1.143));
#10956=VECTOR('',#13693,0.999999999999999);
#10957=CARTESIAN_POINT('',(9.333731951619,1.47758907647729,1.143));
#10958=AXIS2_PLACEMENT_3D('',#13694,#13695,#13696);
#10959=CARTESIAN_POINT('',(9.1821,4.85140000000001,1.143));
#10960=CARTESIAN_POINT('',(9.1821,4.85140000000001,1.143));
#10961=VECTOR('',#13697,1.0);
#10962=CARTESIAN_POINT('',(9.3091,5.07137045256125,1.143));
#10963=CARTESIAN_POINT('',(9.3091,5.07137045256125,1.143));
#10964=VECTOR('',#13698,0.999999999999999);
#10965=CARTESIAN_POINT('',(9.652,1.73497842449147,1.143));
#10966=CARTESIAN_POINT('',(9.3091,5.07137045256125,1.143));
#10967=VECTOR('',#13699,1.0);
#10968=CARTESIAN_POINT('',(9.652,2.79127423960886,1.143));
#10969=VECTOR('',#13700,1.0);
#10970=COLOUR_RGB('',0.705882370471954,0.705882370471954,0.705882370471954);
#10971=CARTESIAN_POINT('',(9.2583,-9.906,1.3843));
#10972=CARTESIAN_POINT('',(9.1821,-9.9822,1.3081));
#10973=VECTOR('',#13701,1.0);
#10974=CARTESIAN_POINT('',(8.8265,-9.7028,1.5875));
#10975=CARTESIAN_POINT('',(8.98525,-9.7028,1.5875));
#10976=VECTOR('',#13702,1.0);
#10977=CARTESIAN_POINT('',(9.0297,-9.906,1.3843));
#10978=CARTESIAN_POINT('',(9.00006666666667,-9.87636666666667,1.41393333333333));
#10979=VECTOR('',#13703,0.999999999999999);
#10980=CARTESIAN_POINT('',(8.98525,-9.906,1.3843));
#10981=VECTOR('',#13704,1.0);
#10982=COLOUR_RGB('',0.705882370471954,0.705882370471954,0.705882370471954);
#10983=CARTESIAN_POINT('',(9.2583,-9.906,1.1557));
#10984=CARTESIAN_POINT('',(9.28793333333333,-9.87636666666666,1.12606666666667));
#10985=VECTOR('',#13705,1.0);
#10986=CARTESIAN_POINT('',(9.0297,-9.906,1.1557));
#10987=CARTESIAN_POINT('',(8.98525,-9.906,1.1557));
#10988=VECTOR('',#13706,1.0);
#10989=CARTESIAN_POINT('',(8.89423333333333,-9.77053333333333,1.02023333333334));
#10990=VECTOR('',#13707,1.0);
#10991=COLOUR_RGB('',0.705882370471954,0.705882370471954,0.705882370471954);
#10992=CARTESIAN_POINT('',(9.0297,-9.906,0.9525));
#10993=VECTOR('',#13708,1.0);
#10994=CARTESIAN_POINT('',(9.2583,-9.906,0.9525));
#10995=VECTOR('',#13709,1.0);
#10996=COLOUR_RGB('',0.705882370471954,0.705882370471954,0.705882370471954);
#10997=CARTESIAN_POINT('',(8.8265,-9.7028,0.9525));
#10998=VECTOR('',#13710,1.0);
#10999=COLOUR_RGB('',0.705882370471954,0.705882370471954,0.705882370471954);
#11000=COLOUR_RGB('',0.705882370471954,0.705882370471954,0.705882370471954);
#11001=CARTESIAN_POINT('',(8.8265,-2.286,1.5875));
#11002=CARTESIAN_POINT('',(8.8265,-2.286,1.27));
#11003=VECTOR('',#13711,1.0);
#11004=CARTESIAN_POINT('',(8.8265,0.3556,1.5875));
#11005=VECTOR('',#13712,1.0);
#11006=COLOUR_RGB('',0.705882370471954,0.705882370471954,0.705882370471954);
#11007=CARTESIAN_POINT('',(7.172325,-2.286,1.5875));
#11008=VECTOR('',#13713,1.0);
#11009=COLOUR_RGB('',0.705882370471954,0.705882370471954,0.705882370471954);
#11010=CARTESIAN_POINT('',(8.9789,5.07137045256125,1.143));
#11011=VECTOR('',#13714,1.0);
#11012=CARTESIAN_POINT('',(8.636,1.73497842449147,1.2065));
#11013=VECTOR('',#13715,1.0);
#11014=COLOUR_RGB('',0.705882370471954,0.705882370471954,0.705882370471954);
#11015=CARTESIAN_POINT('',(9.1059,4.85140000000001,1.143));
#11016=VECTOR('',#13716,1.0);
#11017=COLOUR_RGB('',0.705882370471954,0.705882370471954,0.705882370471954);
#11018=COLOUR_RGB('',0.705882370471954,0.705882370471954,0.705882370471954);
#11019=CARTESIAN_POINT('',(9.333731951619,1.47758907647729,1.143));
#11020=VECTOR('',#13717,1.0);
#11021=COLOUR_RGB('',0.705882370471954,0.705882370471954,0.705882370471954);
#11022=CARTESIAN_POINT('',(9.1821,4.85140000000001,1.143));
#11023=VECTOR('',#13718,1.0);
#11024=COLOUR_RGB('',0.705882370471954,0.705882370471954,0.705882370471954);
#11025=CARTESIAN_POINT('',(9.3091,5.07137045256125,1.143));
#11026=VECTOR('',#13719,1.0);
#11027=COLOUR_RGB('',0.705882370471954,0.705882370471954,0.705882370471954);
#11028=CARTESIAN_POINT('',(9.652,1.73497842449147,1.2065));
#11029=VECTOR('',#13720,1.0);
#11030=COLOUR_RGB('',0.196078434586525,0.196078434586525,0.196078434586525);
#11031=CARTESIAN_POINT('',(8.636,1.143,0.762));
#11032=CARTESIAN_POINT('',(8.636,1.143,1.27));
#11033=VECTOR('',#13721,1.0);
#11034=CARTESIAN_POINT('',(8.636,5.08,0.762));
#11035=CARTESIAN_POINT('',(8.636,3.1115,0.762));
#11036=VECTOR('',#13722,1.0);
#11037=CARTESIAN_POINT('',(8.636,5.08,1.778));
#11038=CARTESIAN_POINT('',(8.636,5.08,1.27));
#11039=VECTOR('',#13723,1.0);
#11040=CARTESIAN_POINT('',(8.636,1.143,1.778));
#11041=CARTESIAN_POINT('',(8.636,3.1115,1.778));
#11042=VECTOR('',#13724,1.0);
#11043=CARTESIAN_POINT('',(8.636,1.143,1.27));
#11044=VECTOR('',#13725,1.0);
#11045=COLOUR_RGB('',0.196078434586525,0.196078434586525,0.196078434586525);
#11046=CARTESIAN_POINT('',(9.652,1.143,0.762));
#11047=CARTESIAN_POINT('',(9.652,1.143,1.27));
#11048=VECTOR('',#13726,1.0);
#11049=CARTESIAN_POINT('',(9.144,1.143,0.762));
#11050=VECTOR('',#13727,1.0);
#11051=COLOUR_RGB('',0.705882370471954,0.705882370471954,0.705882370471954);
#11052=CARTESIAN_POINT('',(6.2865,0.0,1.5875));
#11053=CARTESIAN_POINT('',(6.2865,0.0,0.9525));
#11054=CARTESIAN_POINT('',(6.2865,0.0,0.635));
#11055=VECTOR('',#13728,1.0);
#11056=CARTESIAN_POINT('',(6.2865,0.254,1.5875));
#11057=CARTESIAN_POINT('',(6.2865,0.3556,1.5875));
#11058=VECTOR('',#13729,1.0);
#11059=CARTESIAN_POINT('',(6.2865,0.254,0.9525));
#11060=CARTESIAN_POINT('',(6.2865,0.254,1.27));
#11061=VECTOR('',#13730,1.0);
#11062=CARTESIAN_POINT('',(6.2865,0.3556,0.9525));
#11063=VECTOR('',#13731,1.0);
#11064=COLOUR_RGB('',0.705882370471954,0.705882370471954,0.705882370471954);
#11065=CARTESIAN_POINT('',(6.9215,0.0,0.9525));
#11066=CARTESIAN_POINT('',(5.334,0.0,0.9525));
#11067=VECTOR('',#13732,1.0);
#11068=CARTESIAN_POINT('',(6.9215,0.254,0.9525));
#11069=CARTESIAN_POINT('',(4.064,0.254,0.9525));
#11070=VECTOR('',#13733,1.0);
#11071=CARTESIAN_POINT('',(6.9215,4.93791897020028E-16,0.9525));
#11072=VECTOR('',#13734,1.0);
#11073=COLOUR_RGB('',0.705882370471954,0.705882370471954,0.705882370471954);
#11074=CARTESIAN_POINT('',(6.9215,-2.286,0.9525));
#11075=CARTESIAN_POINT('',(6.2865,-2.286,0.9525));
#11076=CARTESIAN_POINT('',(5.902325,-2.286,0.9525));
#11077=VECTOR('',#13735,1.0);
#11078=CARTESIAN_POINT('',(6.9215,-9.7028,0.9525));
#11079=CARTESIAN_POINT('',(6.9215,4.93791897020028E-16,0.9525));
#11080=VECTOR('',#13736,1.0);
#11081=CARTESIAN_POINT('',(6.2865,-9.7028,0.9525));
#11082=CARTESIAN_POINT('',(6.44525,-9.7028,0.952500000000002));
#11083=VECTOR('',#13737,1.0);
#11084=CARTESIAN_POINT('',(6.2865,0.3556,0.9525));
#11085=VECTOR('',#13738,1.0);
#11086=COLOUR_RGB('',0.705882370471954,0.705882370471954,0.705882370471954);
#11087=CARTESIAN_POINT('',(6.9215,0.0,1.5875));
#11088=CARTESIAN_POINT('',(5.334,0.0,1.5875));
#11089=VECTOR('',#13739,1.0);
#11090=CARTESIAN_POINT('',(6.9215,0.254,1.5875));
#11091=CARTESIAN_POINT('',(6.9215,0.3556,1.5875));
#11092=VECTOR('',#13740,1.0);
#11093=CARTESIAN_POINT('',(4.064,0.254,1.5875));
#11094=VECTOR('',#13741,1.0);
#11095=COLOUR_RGB('',0.705882370471954,0.705882370471954,0.705882370471954);
#11096=CARTESIAN_POINT('',(6.9215,0.0,0.635));
#11097=VECTOR('',#13742,1.0);
#11098=CARTESIAN_POINT('',(6.9215,0.254,1.27));
#11099=VECTOR('',#13743,1.0);
#11100=COLOUR_RGB('',0.705882370471954,0.705882370471954,0.705882370471954);
#11101=CARTESIAN_POINT('',(6.9215,-2.286,1.5875));
#11102=CARTESIAN_POINT('',(6.9215,-2.286,1.27));
#11103=VECTOR('',#13744,1.0);
#11104=CARTESIAN_POINT('',(6.9215,-9.7028,1.5875));
#11105=CARTESIAN_POINT('',(6.9215,0.3556,1.5875));
#11106=VECTOR('',#13745,1.0);
#11107=CARTESIAN_POINT('',(6.9215,-9.7028,0.9525));
#11108=VECTOR('',#13746,1.0);
#11109=COLOUR_RGB('',0.705882370471954,0.705882370471954,0.705882370471954);
#11110=CARTESIAN_POINT('',(7.112,1.143,1.397));
#11111=CARTESIAN_POINT('',(6.096,1.143,1.397));
#11112=CARTESIAN_POINT('',(6.60398842636185,1.143,1.397));
#11113=VECTOR('',#13747,1.0);
#11114=CARTESIAN_POINT('',(7.112,1.73497842449147,1.397));
#11115=CARTESIAN_POINT('',(7.112,2.79127423960886,1.397));
#11116=VECTOR('',#13748,1.0);
#11117=CARTESIAN_POINT('',(6.7691,5.07137045256125,1.397));
#11118=CARTESIAN_POINT('',(6.7691,5.07137045256125,1.397));
#11119=VECTOR('',#13749,1.0);
#11120=CARTESIAN_POINT('',(6.6421,4.85140000000001,1.397));
#11121=CARTESIAN_POINT('',(6.7691,5.07137045256125,1.397));
#11122=VECTOR('',#13750,0.999999999999999);
#11123=CARTESIAN_POINT('',(6.793731951619,1.47758907647729,1.397));
#11124=CARTESIAN_POINT('',(6.6421,4.85140000000001,1.397));
#11125=VECTOR('',#13751,1.0);
#11126=AXIS2_PLACEMENT_3D('',#13752,#13753,#13754);
#11127=CARTESIAN_POINT('',(6.5659,4.85140000000001,1.397));
#11128=CARTESIAN_POINT('',(6.41369259457559,1.46906396173681,1.397));
#11129=VECTOR('',#13755,0.999999999999999);
#11130=CARTESIAN_POINT('',(6.4389,5.07137045256125,1.397));
#11131=CARTESIAN_POINT('',(6.4389,5.07137045256125,1.397));
#11132=VECTOR('',#13756,0.999999999999999);
#11133=CARTESIAN_POINT('',(6.096,1.73497842449147,1.397));
#11134=CARTESIAN_POINT('',(6.4389,5.07137045256125,1.397));
#11135=VECTOR('',#13757,1.0);
#11136=CARTESIAN_POINT('',(6.096,2.79127423960886,1.397));
#11137=VECTOR('',#13758,1.0);
#11138=COLOUR_RGB('',0.705882370471954,0.705882370471954,0.705882370471954);
#11139=CARTESIAN_POINT('',(6.096,1.143,1.143));
#11140=CARTESIAN_POINT('',(7.112,1.143,1.143));
#11141=CARTESIAN_POINT('',(6.60398842636185,1.143,1.143));
#11142=VECTOR('',#13759,1.0);
#11143=CARTESIAN_POINT('',(6.096,1.73497842449147,1.143));
#11144=CARTESIAN_POINT('',(6.096,2.79127423960886,1.143));
#11145=VECTOR('',#13760,1.0);
#11146=CARTESIAN_POINT('',(6.4389,5.07137045256125,1.143));
#11147=CARTESIAN_POINT('',(6.4389,5.07137045256125,1.143));
#11148=VECTOR('',#13761,1.0);
#11149=CARTESIAN_POINT('',(6.5659,4.85140000000001,1.143));
#11150=CARTESIAN_POINT('',(6.4389,5.07137045256125,1.143));
#11151=VECTOR('',#13762,0.999999999999999);
#11152=CARTESIAN_POINT('',(6.41369259457559,1.46906396173681,1.143));
#11153=VECTOR('',#13763,0.999999999999999);
#11154=CARTESIAN_POINT('',(6.793731951619,1.47758907647729,1.143));
#11155=AXIS2_PLACEMENT_3D('',#13764,#13765,#13766);
#11156=CARTESIAN_POINT('',(6.6421,4.85140000000001,1.143));
#11157=CARTESIAN_POINT('',(6.6421,4.85140000000001,1.143));
#11158=VECTOR('',#13767,1.0);
#11159=CARTESIAN_POINT('',(6.7691,5.07137045256125,1.143));
#11160=CARTESIAN_POINT('',(6.7691,5.07137045256125,1.143));
#11161=VECTOR('',#13768,0.999999999999999);
#11162=CARTESIAN_POINT('',(7.112,1.73497842449147,1.143));
#11163=CARTESIAN_POINT('',(6.7691,5.07137045256125,1.143));
#11164=VECTOR('',#13769,1.0);
#11165=CARTESIAN_POINT('',(7.112,2.79127423960886,1.143));
#11166=VECTOR('',#13770,1.0);
#11167=COLOUR_RGB('',0.705882370471954,0.705882370471954,0.705882370471954);
#11168=CARTESIAN_POINT('',(6.7183,-9.906,1.3843));
#11169=CARTESIAN_POINT('',(6.6421,-9.9822,1.3081));
#11170=VECTOR('',#13771,1.0);
#11171=CARTESIAN_POINT('',(6.2865,-9.7028,1.5875));
#11172=CARTESIAN_POINT('',(6.44525,-9.7028,1.5875));
#11173=VECTOR('',#13772,1.0);
#11174=CARTESIAN_POINT('',(6.4897,-9.906,1.3843));
#11175=CARTESIAN_POINT('',(6.46006666666666,-9.87636666666667,1.41393333333333));
#11176=VECTOR('',#13773,0.999999999999999);
#11177=CARTESIAN_POINT('',(6.44525,-9.906,1.3843));
#11178=VECTOR('',#13774,1.0);
#11179=COLOUR_RGB('',0.705882370471954,0.705882370471954,0.705882370471954);
#11180=CARTESIAN_POINT('',(6.7183,-9.906,1.1557));
#11181=CARTESIAN_POINT('',(6.74793333333333,-9.87636666666666,1.12606666666667));
#11182=VECTOR('',#13775,1.0);
#11183=CARTESIAN_POINT('',(6.4897,-9.906,1.1557));
#11184=CARTESIAN_POINT('',(6.44525,-9.906,1.1557));
#11185=VECTOR('',#13776,1.0);
#11186=CARTESIAN_POINT('',(6.35423333333333,-9.77053333333333,1.02023333333334));
#11187=VECTOR('',#13777,1.0);
#11188=COLOUR_RGB('',0.705882370471954,0.705882370471954,0.705882370471954);
#11189=CARTESIAN_POINT('',(6.4897,-9.906,0.9525));
#11190=VECTOR('',#13778,1.0);
#11191=CARTESIAN_POINT('',(6.7183,-9.906,0.9525));
#11192=VECTOR('',#13779,1.0);
#11193=COLOUR_RGB('',0.705882370471954,0.705882370471954,0.705882370471954);
#11194=CARTESIAN_POINT('',(6.2865,-9.7028,0.9525));
#11195=VECTOR('',#13780,1.0);
#11196=COLOUR_RGB('',0.705882370471954,0.705882370471954,0.705882370471954);
#11197=COLOUR_RGB('',0.705882370471954,0.705882370471954,0.705882370471954);
#11198=CARTESIAN_POINT('',(6.2865,-2.286,1.5875));
#11199=CARTESIAN_POINT('',(6.2865,-2.286,1.27));
#11200=VECTOR('',#13781,1.0);
#11201=CARTESIAN_POINT('',(6.2865,0.3556,1.5875));
#11202=VECTOR('',#13782,1.0);
#11203=COLOUR_RGB('',0.705882370471954,0.705882370471954,0.705882370471954);
#11204=CARTESIAN_POINT('',(5.902325,-2.286,1.5875));
#11205=VECTOR('',#13783,1.0);
#11206=COLOUR_RGB('',0.705882370471954,0.705882370471954,0.705882370471954);
#11207=CARTESIAN_POINT('',(6.4389,5.07137045256125,1.143));
#11208=VECTOR('',#13784,1.0);
#11209=CARTESIAN_POINT('',(6.096,1.73497842449147,1.2065));
#11210=VECTOR('',#13785,1.0);
#11211=COLOUR_RGB('',0.705882370471954,0.705882370471954,0.705882370471954);
#11212=CARTESIAN_POINT('',(6.5659,4.85140000000001,1.143));
#11213=VECTOR('',#13786,1.0);
#11214=COLOUR_RGB('',0.705882370471954,0.705882370471954,0.705882370471954);
#11215=COLOUR_RGB('',0.705882370471954,0.705882370471954,0.705882370471954);
#11216=CARTESIAN_POINT('',(6.793731951619,1.47758907647729,1.143));
#11217=VECTOR('',#13787,1.0);
#11218=COLOUR_RGB('',0.705882370471954,0.705882370471954,0.705882370471954);
#11219=CARTESIAN_POINT('',(6.6421,4.85140000000001,1.143));
#11220=VECTOR('',#13788,1.0);
#11221=COLOUR_RGB('',0.705882370471954,0.705882370471954,0.705882370471954);
#11222=CARTESIAN_POINT('',(6.7691,5.07137045256125,1.143));
#11223=VECTOR('',#13789,1.0);
#11224=COLOUR_RGB('',0.705882370471954,0.705882370471954,0.705882370471954);
#11225=CARTESIAN_POINT('',(7.112,1.73497842449147,1.2065));
#11226=VECTOR('',#13790,1.0);
#11227=COLOUR_RGB('',0.196078434586525,0.196078434586525,0.196078434586525);
#11228=CARTESIAN_POINT('',(6.096,1.143,0.762));
#11229=CARTESIAN_POINT('',(6.096,1.143,1.27));
#11230=VECTOR('',#13791,1.0);
#11231=CARTESIAN_POINT('',(6.096,5.08,0.762));
#11232=CARTESIAN_POINT('',(6.096,3.1115,0.762));
#11233=VECTOR('',#13792,1.0);
#11234=CARTESIAN_POINT('',(6.096,5.08,1.778));
#11235=CARTESIAN_POINT('',(6.096,5.08,1.27));
#11236=VECTOR('',#13793,1.0);
#11237=CARTESIAN_POINT('',(6.096,1.143,1.778));
#11238=CARTESIAN_POINT('',(6.096,3.1115,1.778));
#11239=VECTOR('',#13794,1.0);
#11240=CARTESIAN_POINT('',(6.096,1.143,1.27));
#11241=VECTOR('',#13795,1.0);
#11242=COLOUR_RGB('',0.196078434586525,0.196078434586525,0.196078434586525);
#11243=CARTESIAN_POINT('',(7.112,1.143,0.762));
#11244=CARTESIAN_POINT('',(7.112,1.143,1.27));
#11245=VECTOR('',#13796,1.0);
#11246=CARTESIAN_POINT('',(6.604,1.143,0.762));
#11247=VECTOR('',#13797,1.0);
#11248=COLOUR_RGB('',0.705882370471954,0.705882370471954,0.705882370471954);
#11249=CARTESIAN_POINT('',(3.7465,0.0,1.5875));
#11250=CARTESIAN_POINT('',(3.7465,0.0,0.9525));
#11251=CARTESIAN_POINT('',(3.7465,0.0,0.635));
#11252=VECTOR('',#13798,1.0);
#11253=CARTESIAN_POINT('',(3.7465,0.254,1.5875));
#11254=CARTESIAN_POINT('',(3.7465,0.3556,1.5875));
#11255=VECTOR('',#13799,1.0);
#11256=CARTESIAN_POINT('',(3.7465,0.254,0.9525));
#11257=CARTESIAN_POINT('',(3.7465,0.254,1.27));
#11258=VECTOR('',#13800,1.0);
#11259=CARTESIAN_POINT('',(3.7465,0.3556,0.9525));
#11260=VECTOR('',#13801,1.0);
#11261=COLOUR_RGB('',0.705882370471954,0.705882370471954,0.705882370471954);
#11262=CARTESIAN_POINT('',(4.3815,0.0,0.9525));
#11263=CARTESIAN_POINT('',(4.064,0.0,0.9525));
#11264=VECTOR('',#13802,1.0);
#11265=CARTESIAN_POINT('',(4.3815,0.254,0.9525));
#11266=CARTESIAN_POINT('',(2.794,0.254,0.9525));
#11267=VECTOR('',#13803,1.0);
#11268=CARTESIAN_POINT('',(4.3815,4.93791897020028E-16,0.9525));
#11269=VECTOR('',#13804,1.0);
#11270=COLOUR_RGB('',0.705882370471954,0.705882370471954,0.705882370471954);
#11271=CARTESIAN_POINT('',(4.3815,-2.286,0.9525));
#11272=CARTESIAN_POINT('',(3.7465,-2.286,0.9525));
#11273=CARTESIAN_POINT('',(4.632325,-2.286,0.9525));
#11274=VECTOR('',#13805,1.0);
#11275=CARTESIAN_POINT('',(4.3815,-9.7028,0.9525));
#11276=CARTESIAN_POINT('',(4.3815,4.93791897020028E-16,0.9525));
#11277=VECTOR('',#13806,1.0);
#11278=CARTESIAN_POINT('',(3.7465,-9.7028,0.9525));
#11279=CARTESIAN_POINT('',(3.90525,-9.7028,0.952500000000002));
#11280=VECTOR('',#13807,1.0);
#11281=CARTESIAN_POINT('',(3.7465,0.3556,0.9525));
#11282=VECTOR('',#13808,1.0);
#11283=COLOUR_RGB('',0.705882370471954,0.705882370471954,0.705882370471954);
#11284=CARTESIAN_POINT('',(4.3815,0.0,1.5875));
#11285=CARTESIAN_POINT('',(4.064,0.0,1.5875));
#11286=VECTOR('',#13809,1.0);
#11287=CARTESIAN_POINT('',(4.3815,0.254,1.5875));
#11288=CARTESIAN_POINT('',(4.3815,0.3556,1.5875));
#11289=VECTOR('',#13810,1.0);
#11290=CARTESIAN_POINT('',(2.794,0.254,1.5875));
#11291=VECTOR('',#13811,1.0);
#11292=COLOUR_RGB('',0.705882370471954,0.705882370471954,0.705882370471954);
#11293=CARTESIAN_POINT('',(4.3815,0.0,0.635));
#11294=VECTOR('',#13812,1.0);
#11295=CARTESIAN_POINT('',(4.3815,0.254,1.27));
#11296=VECTOR('',#13813,1.0);
#11297=COLOUR_RGB('',0.705882370471954,0.705882370471954,0.705882370471954);
#11298=CARTESIAN_POINT('',(4.3815,-2.286,1.5875));
#11299=CARTESIAN_POINT('',(4.3815,-2.286,1.27));
#11300=VECTOR('',#13814,1.0);
#11301=CARTESIAN_POINT('',(4.3815,-9.7028,1.5875));
#11302=CARTESIAN_POINT('',(4.3815,0.3556,1.5875));
#11303=VECTOR('',#13815,1.0);
#11304=CARTESIAN_POINT('',(4.3815,-9.7028,0.9525));
#11305=VECTOR('',#13816,1.0);
#11306=COLOUR_RGB('',0.705882370471954,0.705882370471954,0.705882370471954);
#11307=CARTESIAN_POINT('',(4.572,1.143,1.397));
#11308=CARTESIAN_POINT('',(3.556,1.143,1.397));
#11309=CARTESIAN_POINT('',(4.06398842636185,1.143,1.397));
#11310=VECTOR('',#13817,1.0);
#11311=CARTESIAN_POINT('',(4.572,1.73497842449147,1.397));
#11312=CARTESIAN_POINT('',(4.572,2.79127423960886,1.397));
#11313=VECTOR('',#13818,1.0);
#11314=CARTESIAN_POINT('',(4.2291,5.07137045256125,1.397));
#11315=CARTESIAN_POINT('',(4.2291,5.07137045256125,1.397));
#11316=VECTOR('',#13819,1.0);
#11317=CARTESIAN_POINT('',(4.1021,4.85140000000001,1.397));
#11318=CARTESIAN_POINT('',(4.2291,5.07137045256125,1.397));
#11319=VECTOR('',#13820,0.999999999999999);
#11320=CARTESIAN_POINT('',(4.253731951619,1.47758907647729,1.397));
#11321=CARTESIAN_POINT('',(4.1021,4.85140000000001,1.397));
#11322=VECTOR('',#13821,1.0);
#11323=AXIS2_PLACEMENT_3D('',#13822,#13823,#13824);
#11324=CARTESIAN_POINT('',(4.0259,4.85140000000001,1.397));
#11325=CARTESIAN_POINT('',(3.87369259457559,1.46906396173681,1.397));
#11326=VECTOR('',#13825,0.999999999999999);
#11327=CARTESIAN_POINT('',(3.8989,5.07137045256125,1.397));
#11328=CARTESIAN_POINT('',(3.8989,5.07137045256125,1.397));
#11329=VECTOR('',#13826,0.999999999999999);
#11330=CARTESIAN_POINT('',(3.556,1.73497842449147,1.397));
#11331=CARTESIAN_POINT('',(3.8989,5.07137045256125,1.397));
#11332=VECTOR('',#13827,1.0);
#11333=CARTESIAN_POINT('',(3.556,2.79127423960886,1.397));
#11334=VECTOR('',#13828,1.0);
#11335=COLOUR_RGB('',0.705882370471954,0.705882370471954,0.705882370471954);
#11336=CARTESIAN_POINT('',(3.556,1.143,1.143));
#11337=CARTESIAN_POINT('',(4.572,1.143,1.143));
#11338=CARTESIAN_POINT('',(4.06398842636185,1.143,1.143));
#11339=VECTOR('',#13829,1.0);
#11340=CARTESIAN_POINT('',(3.556,1.73497842449147,1.143));
#11341=CARTESIAN_POINT('',(3.556,2.79127423960886,1.143));
#11342=VECTOR('',#13830,1.0);
#11343=CARTESIAN_POINT('',(3.8989,5.07137045256125,1.143));
#11344=CARTESIAN_POINT('',(3.8989,5.07137045256125,1.143));
#11345=VECTOR('',#13831,1.0);
#11346=CARTESIAN_POINT('',(4.0259,4.85140000000001,1.143));
#11347=CARTESIAN_POINT('',(3.8989,5.07137045256125,1.143));
#11348=VECTOR('',#13832,0.999999999999999);
#11349=CARTESIAN_POINT('',(3.87369259457559,1.46906396173681,1.143));
#11350=VECTOR('',#13833,0.999999999999999);
#11351=CARTESIAN_POINT('',(4.253731951619,1.47758907647729,1.143));
#11352=AXIS2_PLACEMENT_3D('',#13834,#13835,#13836);
#11353=CARTESIAN_POINT('',(4.1021,4.85140000000001,1.143));
#11354=CARTESIAN_POINT('',(4.1021,4.85140000000001,1.143));
#11355=VECTOR('',#13837,1.0);
#11356=CARTESIAN_POINT('',(4.2291,5.07137045256125,1.143));
#11357=CARTESIAN_POINT('',(4.2291,5.07137045256125,1.143));
#11358=VECTOR('',#13838,0.999999999999999);
#11359=CARTESIAN_POINT('',(4.572,1.73497842449147,1.143));
#11360=CARTESIAN_POINT('',(4.2291,5.07137045256125,1.143));
#11361=VECTOR('',#13839,1.0);
#11362=CARTESIAN_POINT('',(4.572,2.79127423960886,1.143));
#11363=VECTOR('',#13840,1.0);
#11364=COLOUR_RGB('',0.705882370471954,0.705882370471954,0.705882370471954);
#11365=CARTESIAN_POINT('',(4.1783,-9.906,1.3843));
#11366=CARTESIAN_POINT('',(4.1021,-9.9822,1.3081));
#11367=VECTOR('',#13841,1.0);
#11368=CARTESIAN_POINT('',(3.7465,-9.7028,1.5875));
#11369=CARTESIAN_POINT('',(3.90525,-9.7028,1.5875));
#11370=VECTOR('',#13842,1.0);
#11371=CARTESIAN_POINT('',(3.9497,-9.906,1.3843));
#11372=CARTESIAN_POINT('',(3.92006666666666,-9.87636666666667,1.41393333333333));
#11373=VECTOR('',#13843,0.999999999999999);
#11374=CARTESIAN_POINT('',(3.90525,-9.906,1.3843));
#11375=VECTOR('',#13844,1.0);
#11376=COLOUR_RGB('',0.705882370471954,0.705882370471954,0.705882370471954);
#11377=CARTESIAN_POINT('',(4.1783,-9.906,1.1557));
#11378=CARTESIAN_POINT('',(4.20793333333333,-9.87636666666666,1.12606666666667));
#11379=VECTOR('',#13845,1.0);
#11380=CARTESIAN_POINT('',(3.9497,-9.906,1.1557));
#11381=CARTESIAN_POINT('',(3.90525,-9.906,1.1557));
#11382=VECTOR('',#13846,1.0);
#11383=CARTESIAN_POINT('',(3.81423333333333,-9.77053333333333,1.02023333333334));
#11384=VECTOR('',#13847,1.0);
#11385=COLOUR_RGB('',0.705882370471954,0.705882370471954,0.705882370471954);
#11386=CARTESIAN_POINT('',(3.9497,-9.906,0.9525));
#11387=VECTOR('',#13848,1.0);
#11388=CARTESIAN_POINT('',(4.1783,-9.906,0.9525));
#11389=VECTOR('',#13849,1.0);
#11390=COLOUR_RGB('',0.705882370471954,0.705882370471954,0.705882370471954);
#11391=CARTESIAN_POINT('',(3.7465,-9.7028,0.9525));
#11392=VECTOR('',#13850,1.0);
#11393=COLOUR_RGB('',0.705882370471954,0.705882370471954,0.705882370471954);
#11394=COLOUR_RGB('',0.705882370471954,0.705882370471954,0.705882370471954);
#11395=CARTESIAN_POINT('',(3.7465,-2.286,1.5875));
#11396=CARTESIAN_POINT('',(3.7465,-2.286,1.27));
#11397=VECTOR('',#13851,1.0);
#11398=CARTESIAN_POINT('',(3.7465,0.3556,1.5875));
#11399=VECTOR('',#13852,1.0);
#11400=COLOUR_RGB('',0.705882370471954,0.705882370471954,0.705882370471954);
#11401=CARTESIAN_POINT('',(4.632325,-2.286,1.5875));
#11402=VECTOR('',#13853,1.0);
#11403=COLOUR_RGB('',0.705882370471954,0.705882370471954,0.705882370471954);
#11404=CARTESIAN_POINT('',(3.8989,5.07137045256125,1.143));
#11405=VECTOR('',#13854,1.0);
#11406=CARTESIAN_POINT('',(3.556,1.73497842449147,1.2065));
#11407=VECTOR('',#13855,1.0);
#11408=COLOUR_RGB('',0.705882370471954,0.705882370471954,0.705882370471954);
#11409=CARTESIAN_POINT('',(4.0259,4.85140000000001,1.143));
#11410=VECTOR('',#13856,1.0);
#11411=COLOUR_RGB('',0.705882370471954,0.705882370471954,0.705882370471954);
#11412=COLOUR_RGB('',0.705882370471954,0.705882370471954,0.705882370471954);
#11413=CARTESIAN_POINT('',(4.253731951619,1.47758907647729,1.143));
#11414=VECTOR('',#13857,1.0);
#11415=COLOUR_RGB('',0.705882370471954,0.705882370471954,0.705882370471954);
#11416=CARTESIAN_POINT('',(4.1021,4.85140000000001,1.143));
#11417=VECTOR('',#13858,1.0);
#11418=COLOUR_RGB('',0.705882370471954,0.705882370471954,0.705882370471954);
#11419=CARTESIAN_POINT('',(4.2291,5.07137045256125,1.143));
#11420=VECTOR('',#13859,1.0);
#11421=COLOUR_RGB('',0.705882370471954,0.705882370471954,0.705882370471954);
#11422=CARTESIAN_POINT('',(4.572,1.73497842449147,1.2065));
#11423=VECTOR('',#13860,1.0);
#11424=COLOUR_RGB('',0.196078434586525,0.196078434586525,0.196078434586525);
#11425=CARTESIAN_POINT('',(3.556,1.143,0.762));
#11426=CARTESIAN_POINT('',(3.556,1.143,1.27));
#11427=VECTOR('',#13861,1.0);
#11428=CARTESIAN_POINT('',(3.556,5.08,0.762));
#11429=CARTESIAN_POINT('',(3.556,3.1115,0.762));
#11430=VECTOR('',#13862,1.0);
#11431=CARTESIAN_POINT('',(3.556,5.08,1.778));
#11432=CARTESIAN_POINT('',(3.556,5.08,1.27));
#11433=VECTOR('',#13863,1.0);
#11434=CARTESIAN_POINT('',(3.556,1.143,1.778));
#11435=CARTESIAN_POINT('',(3.556,3.1115,1.778));
#11436=VECTOR('',#13864,1.0);
#11437=CARTESIAN_POINT('',(3.556,1.143,1.27));
#11438=VECTOR('',#13865,1.0);
#11439=COLOUR_RGB('',0.196078434586525,0.196078434586525,0.196078434586525);
#11440=CARTESIAN_POINT('',(4.572,1.143,0.762));
#11441=CARTESIAN_POINT('',(4.572,1.143,1.27));
#11442=VECTOR('',#13866,1.0);
#11443=CARTESIAN_POINT('',(4.064,1.143,0.762));
#11444=VECTOR('',#13867,1.0);
#11445=COLOUR_RGB('',0.705882370471954,0.705882370471954,0.705882370471954);
#11446=CARTESIAN_POINT('',(1.2065,0.0,1.5875));
#11447=CARTESIAN_POINT('',(1.2065,0.0,0.9525));
#11448=CARTESIAN_POINT('',(1.2065,0.0,0.635));
#11449=VECTOR('',#13868,1.0);
#11450=CARTESIAN_POINT('',(1.2065,0.254,1.5875));
#11451=CARTESIAN_POINT('',(1.2065,0.3556,1.5875));
#11452=VECTOR('',#13869,1.0);
#11453=CARTESIAN_POINT('',(1.2065,0.254,0.9525));
#11454=CARTESIAN_POINT('',(1.2065,0.254,1.27));
#11455=VECTOR('',#13870,1.0);
#11456=CARTESIAN_POINT('',(1.2065,0.3556,0.9525));
#11457=VECTOR('',#13871,1.0);
#11458=COLOUR_RGB('',0.705882370471954,0.705882370471954,0.705882370471954);
#11459=CARTESIAN_POINT('',(1.8415,0.0,0.9525));
#11460=CARTESIAN_POINT('',(2.794,0.0,0.9525));
#11461=VECTOR('',#13872,1.0);
#11462=CARTESIAN_POINT('',(1.8415,0.254,0.9525));
#11463=CARTESIAN_POINT('',(1.524,0.254,0.9525));
#11464=VECTOR('',#13873,1.0);
#11465=CARTESIAN_POINT('',(1.8415,4.93791897020028E-16,0.9525));
#11466=VECTOR('',#13874,1.0);
#11467=COLOUR_RGB('',0.705882370471954,0.705882370471954,0.705882370471954);
#11468=CARTESIAN_POINT('',(1.8415,-2.286,0.9525));
#11469=CARTESIAN_POINT('',(1.2065,-2.286,0.9525));
#11470=CARTESIAN_POINT('',(3.362325,-2.286,0.9525));
#11471=VECTOR('',#13875,1.0);
#11472=CARTESIAN_POINT('',(1.8415,-9.7028,0.9525));
#11473=CARTESIAN_POINT('',(1.8415,4.93791897020028E-16,0.9525));
#11474=VECTOR('',#13876,1.0);
#11475=CARTESIAN_POINT('',(1.2065,-9.7028,0.9525));
#11476=CARTESIAN_POINT('',(1.36525,-9.7028,0.952500000000002));
#11477=VECTOR('',#13877,1.0);
#11478=CARTESIAN_POINT('',(1.2065,0.3556,0.9525));
#11479=VECTOR('',#13878,1.0);
#11480=COLOUR_RGB('',0.705882370471954,0.705882370471954,0.705882370471954);
#11481=CARTESIAN_POINT('',(1.8415,0.0,1.5875));
#11482=CARTESIAN_POINT('',(2.794,0.0,1.5875));
#11483=VECTOR('',#13879,1.0);
#11484=CARTESIAN_POINT('',(1.8415,0.254,1.5875));
#11485=CARTESIAN_POINT('',(1.8415,0.3556,1.5875));
#11486=VECTOR('',#13880,1.0);
#11487=CARTESIAN_POINT('',(1.524,0.254,1.5875));
#11488=VECTOR('',#13881,1.0);
#11489=COLOUR_RGB('',0.705882370471954,0.705882370471954,0.705882370471954);
#11490=CARTESIAN_POINT('',(1.8415,0.0,0.635));
#11491=VECTOR('',#13882,1.0);
#11492=CARTESIAN_POINT('',(1.8415,0.254,1.27));
#11493=VECTOR('',#13883,1.0);
#11494=COLOUR_RGB('',0.705882370471954,0.705882370471954,0.705882370471954);
#11495=CARTESIAN_POINT('',(1.8415,-2.286,1.5875));
#11496=CARTESIAN_POINT('',(1.8415,-2.286,1.27));
#11497=VECTOR('',#13884,1.0);
#11498=CARTESIAN_POINT('',(1.8415,-9.7028,1.5875));
#11499=CARTESIAN_POINT('',(1.8415,0.3556,1.5875));
#11500=VECTOR('',#13885,1.0);
#11501=CARTESIAN_POINT('',(1.8415,-9.7028,0.9525));
#11502=VECTOR('',#13886,1.0);
#11503=COLOUR_RGB('',0.705882370471954,0.705882370471954,0.705882370471954);
#11504=CARTESIAN_POINT('',(2.032,1.143,1.397));
#11505=CARTESIAN_POINT('',(1.016,1.143,1.397));
#11506=CARTESIAN_POINT('',(1.52398842636185,1.143,1.397));
#11507=VECTOR('',#13887,1.0);
#11508=CARTESIAN_POINT('',(2.032,1.73497842449147,1.397));
#11509=CARTESIAN_POINT('',(2.032,2.79127423960886,1.397));
#11510=VECTOR('',#13888,1.0);
#11511=CARTESIAN_POINT('',(1.6891,5.07137045256125,1.397));
#11512=CARTESIAN_POINT('',(1.6891,5.07137045256125,1.397));
#11513=VECTOR('',#13889,1.0);
#11514=CARTESIAN_POINT('',(1.5621,4.85140000000001,1.397));
#11515=CARTESIAN_POINT('',(1.6891,5.07137045256125,1.397));
#11516=VECTOR('',#13890,0.999999999999999);
#11517=CARTESIAN_POINT('',(1.713731951619,1.47758907647729,1.397));
#11518=CARTESIAN_POINT('',(1.5621,4.85140000000001,1.397));
#11519=VECTOR('',#13891,1.0);
#11520=AXIS2_PLACEMENT_3D('',#13892,#13893,#13894);
#11521=CARTESIAN_POINT('',(1.4859,4.85140000000001,1.397));
#11522=CARTESIAN_POINT('',(1.33369259457559,1.46906396173681,1.397));
#11523=VECTOR('',#13895,0.999999999999999);
#11524=CARTESIAN_POINT('',(1.3589,5.07137045256125,1.397));
#11525=CARTESIAN_POINT('',(1.3589,5.07137045256125,1.397));
#11526=VECTOR('',#13896,0.999999999999999);
#11527=CARTESIAN_POINT('',(1.016,1.73497842449147,1.397));
#11528=CARTESIAN_POINT('',(1.3589,5.07137045256125,1.397));
#11529=VECTOR('',#13897,1.0);
#11530=CARTESIAN_POINT('',(1.016,2.79127423960886,1.397));
#11531=VECTOR('',#13898,1.0);
#11532=COLOUR_RGB('',0.705882370471954,0.705882370471954,0.705882370471954);
#11533=CARTESIAN_POINT('',(1.016,1.143,1.143));
#11534=CARTESIAN_POINT('',(2.032,1.143,1.143));
#11535=CARTESIAN_POINT('',(1.52398842636185,1.143,1.143));
#11536=VECTOR('',#13899,1.0);
#11537=CARTESIAN_POINT('',(1.016,1.73497842449147,1.143));
#11538=CARTESIAN_POINT('',(1.016,2.79127423960886,1.143));
#11539=VECTOR('',#13900,1.0);
#11540=CARTESIAN_POINT('',(1.3589,5.07137045256125,1.143));
#11541=CARTESIAN_POINT('',(1.3589,5.07137045256125,1.143));
#11542=VECTOR('',#13901,1.0);
#11543=CARTESIAN_POINT('',(1.4859,4.85140000000001,1.143));
#11544=CARTESIAN_POINT('',(1.3589,5.07137045256125,1.143));
#11545=VECTOR('',#13902,1.0);
#11546=CARTESIAN_POINT('',(1.33369259457559,1.46906396173681,1.143));
#11547=VECTOR('',#13903,1.0);
#11548=CARTESIAN_POINT('',(1.713731951619,1.47758907647729,1.143));
#11549=AXIS2_PLACEMENT_3D('',#13904,#13905,#13906);
#11550=CARTESIAN_POINT('',(1.5621,4.85140000000001,1.143));
#11551=CARTESIAN_POINT('',(1.5621,4.85140000000001,1.143));
#11552=VECTOR('',#13907,1.0);
#11553=CARTESIAN_POINT('',(1.6891,5.07137045256125,1.143));
#11554=CARTESIAN_POINT('',(1.6891,5.07137045256125,1.143));
#11555=VECTOR('',#13908,1.0);
#11556=CARTESIAN_POINT('',(2.032,1.73497842449147,1.143));
#11557=CARTESIAN_POINT('',(1.6891,5.07137045256125,1.143));
#11558=VECTOR('',#13909,1.0);
#11559=CARTESIAN_POINT('',(2.032,2.79127423960886,1.143));
#11560=VECTOR('',#13910,1.0);
#11561=COLOUR_RGB('',0.705882370471954,0.705882370471954,0.705882370471954);
#11562=CARTESIAN_POINT('',(1.6383,-9.906,1.3843));
#11563=CARTESIAN_POINT('',(1.5621,-9.9822,1.3081));
#11564=VECTOR('',#13911,1.0);
#11565=CARTESIAN_POINT('',(1.2065,-9.7028,1.5875));
#11566=CARTESIAN_POINT('',(1.36525,-9.7028,1.5875));
#11567=VECTOR('',#13912,1.0);
#11568=CARTESIAN_POINT('',(1.4097,-9.906,1.3843));
#11569=CARTESIAN_POINT('',(1.38006666666666,-9.87636666666667,1.41393333333333));
#11570=VECTOR('',#13913,1.0);
#11571=CARTESIAN_POINT('',(1.36525,-9.906,1.3843));
#11572=VECTOR('',#13914,1.0);
#11573=COLOUR_RGB('',0.705882370471954,0.705882370471954,0.705882370471954);
#11574=CARTESIAN_POINT('',(1.6383,-9.906,1.1557));
#11575=CARTESIAN_POINT('',(1.66793333333333,-9.87636666666666,1.12606666666667));
#11576=VECTOR('',#13915,1.0);
#11577=CARTESIAN_POINT('',(1.4097,-9.906,1.1557));
#11578=CARTESIAN_POINT('',(1.36525,-9.906,1.1557));
#11579=VECTOR('',#13916,1.0);
#11580=CARTESIAN_POINT('',(1.27423333333333,-9.77053333333333,1.02023333333334));
#11581=VECTOR('',#13917,1.0);
#11582=COLOUR_RGB('',0.705882370471954,0.705882370471954,0.705882370471954);
#11583=CARTESIAN_POINT('',(1.4097,-9.906,0.9525));
#11584=VECTOR('',#13918,1.0);
#11585=CARTESIAN_POINT('',(1.6383,-9.906,0.9525));
#11586=VECTOR('',#13919,1.0);
#11587=COLOUR_RGB('',0.705882370471954,0.705882370471954,0.705882370471954);
#11588=CARTESIAN_POINT('',(1.2065,-9.7028,0.9525));
#11589=VECTOR('',#13920,1.0);
#11590=COLOUR_RGB('',0.705882370471954,0.705882370471954,0.705882370471954);
#11591=COLOUR_RGB('',0.705882370471954,0.705882370471954,0.705882370471954);
#11592=CARTESIAN_POINT('',(1.2065,-2.286,1.5875));
#11593=CARTESIAN_POINT('',(1.2065,-2.286,1.27));
#11594=VECTOR('',#13921,1.0);
#11595=CARTESIAN_POINT('',(1.2065,0.3556,1.5875));
#11596=VECTOR('',#13922,1.0);
#11597=COLOUR_RGB('',0.705882370471954,0.705882370471954,0.705882370471954);
#11598=CARTESIAN_POINT('',(3.362325,-2.286,1.5875));
#11599=VECTOR('',#13923,1.0);
#11600=COLOUR_RGB('',0.705882370471954,0.705882370471954,0.705882370471954);
#11601=CARTESIAN_POINT('',(1.3589,5.07137045256125,1.143));
#11602=VECTOR('',#13924,1.0);
#11603=CARTESIAN_POINT('',(1.016,1.73497842449147,1.2065));
#11604=VECTOR('',#13925,1.0);
#11605=COLOUR_RGB('',0.705882370471954,0.705882370471954,0.705882370471954);
#11606=CARTESIAN_POINT('',(1.4859,4.85140000000001,1.143));
#11607=VECTOR('',#13926,1.0);
#11608=COLOUR_RGB('',0.705882370471954,0.705882370471954,0.705882370471954);
#11609=COLOUR_RGB('',0.705882370471954,0.705882370471954,0.705882370471954);
#11610=CARTESIAN_POINT('',(1.713731951619,1.47758907647729,1.143));
#11611=VECTOR('',#13927,1.0);
#11612=COLOUR_RGB('',0.705882370471954,0.705882370471954,0.705882370471954);
#11613=CARTESIAN_POINT('',(1.5621,4.85140000000001,1.143));
#11614=VECTOR('',#13928,1.0);
#11615=COLOUR_RGB('',0.705882370471954,0.705882370471954,0.705882370471954);
#11616=CARTESIAN_POINT('',(1.6891,5.07137045256125,1.143));
#11617=VECTOR('',#13929,1.0);
#11618=COLOUR_RGB('',0.705882370471954,0.705882370471954,0.705882370471954);
#11619=CARTESIAN_POINT('',(2.032,1.73497842449147,1.2065));
#11620=VECTOR('',#13930,1.0);
#11621=COLOUR_RGB('',0.196078434586525,0.196078434586525,0.196078434586525);
#11622=CARTESIAN_POINT('',(1.016,1.143,0.762));
#11623=CARTESIAN_POINT('',(1.016,1.143,1.27));
#11624=VECTOR('',#13931,1.0);
#11625=CARTESIAN_POINT('',(1.016,5.08,0.762));
#11626=CARTESIAN_POINT('',(1.016,3.1115,0.762));
#11627=VECTOR('',#13932,1.0);
#11628=CARTESIAN_POINT('',(1.016,5.08,1.778));
#11629=CARTESIAN_POINT('',(1.016,5.08,1.27));
#11630=VECTOR('',#13933,1.0);
#11631=CARTESIAN_POINT('',(1.016,1.143,1.778));
#11632=CARTESIAN_POINT('',(1.016,3.1115,1.778));
#11633=VECTOR('',#13934,1.0);
#11634=CARTESIAN_POINT('',(1.016,1.143,1.27));
#11635=VECTOR('',#13935,1.0);
#11636=COLOUR_RGB('',0.196078434586525,0.196078434586525,0.196078434586525);
#11637=CARTESIAN_POINT('',(2.032,1.143,0.762));
#11638=CARTESIAN_POINT('',(2.032,1.143,1.27));
#11639=VECTOR('',#13936,1.0);
#11640=CARTESIAN_POINT('',(1.524,1.143,0.762));
#11641=VECTOR('',#13937,1.0);
#11642=COLOUR_RGB('',0.196078434586525,0.196078434586525,0.196078434586525);
#11643=CARTESIAN_POINT('',(13.843,8.509,0.889));
#11644=CARTESIAN_POINT('',(14.605,8.509,0.889));
#11645=CARTESIAN_POINT('',(7.874,8.509,0.889));
#11646=VECTOR('',#13938,1.0);
#11647=CARTESIAN_POINT('',(13.843,5.08,0.889));
#11648=CARTESIAN_POINT('',(13.843,6.7945,0.889));
#11649=VECTOR('',#13939,1.0);
#11650=CARTESIAN_POINT('',(14.605,5.08,0.889));
#11651=CARTESIAN_POINT('',(14.224,5.08,0.889));
#11652=VECTOR('',#13940,1.0);
#11653=CARTESIAN_POINT('',(14.605,6.7945,0.889));
#11654=VECTOR('',#13941,1.0);
#11655=COLOUR_RGB('',0.196078434586525,0.196078434586525,0.196078434586525);
#11656=CARTESIAN_POINT('',(14.605,8.509,1.651));
#11657=CARTESIAN_POINT('',(14.605,8.509,0.66675));
#11658=VECTOR('',#13942,1.0);
#11659=CARTESIAN_POINT('',(14.605,5.08,1.651));
#11660=CARTESIAN_POINT('',(14.605,5.08,1.27));
#11661=VECTOR('',#13943,1.0);
#11662=CARTESIAN_POINT('',(14.605,6.7945,1.651));
#11663=VECTOR('',#13944,1.0);
#11664=COLOUR_RGB('',0.196078434586525,0.196078434586525,0.196078434586525);
#11665=CARTESIAN_POINT('',(14.732,5.08,1.778));
#11666=CARTESIAN_POINT('',(14.732,5.08,0.762));
#11667=CARTESIAN_POINT('',(14.732,5.08,1.27));
#11668=VECTOR('',#13945,1.0);
#11669=CARTESIAN_POINT('',(14.224,5.08,1.778));
#11670=VECTOR('',#13946,1.0);
#11671=CARTESIAN_POINT('',(14.224,5.08,0.762));
#11672=VECTOR('',#13947,1.0);
#11673=CARTESIAN_POINT('',(13.843,5.08,1.651));
#11674=CARTESIAN_POINT('',(13.843,5.08,1.27));
#11675=VECTOR('',#13948,1.0);
#11676=CARTESIAN_POINT('',(14.224,5.08,1.651));
#11677=VECTOR('',#13949,1.0);
#11678=COLOUR_RGB('',0.196078434586525,0.196078434586525,0.196078434586525);
#11679=CARTESIAN_POINT('',(14.732,1.143,1.778));
#11680=CARTESIAN_POINT('',(14.732,3.1115,1.778));
#11681=VECTOR('',#13950,1.0);
#11682=CARTESIAN_POINT('',(14.224,1.143,1.778));
#11683=VECTOR('',#13951,1.0);
#11684=COLOUR_RGB('',0.196078434586525,0.196078434586525,0.196078434586525);
#11685=CARTESIAN_POINT('',(14.732,3.1115,0.762));
#11686=VECTOR('',#13952,1.0);
#11687=COLOUR_RGB('',0.196078434586525,0.196078434586525,0.196078434586525);
#11688=CARTESIAN_POINT('',(14.732,1.143,1.27));
#11689=VECTOR('',#13953,1.0);
#11690=COLOUR_RGB('',0.196078434586525,0.196078434586525,0.196078434586525);
#11691=COLOUR_RGB('',0.196078434586525,0.196078434586525,0.196078434586525);
#11692=CARTESIAN_POINT('',(13.843,8.509,1.651));
#11693=CARTESIAN_POINT('',(7.874,8.509,1.651));
#11694=VECTOR('',#13954,1.0);
#11695=CARTESIAN_POINT('',(13.843,6.7945,1.651));
#11696=VECTOR('',#13955,1.0);
#11697=COLOUR_RGB('',0.196078434586525,0.196078434586525,0.196078434586525);
#11698=CARTESIAN_POINT('',(13.843,8.509,0.66675));
#11699=VECTOR('',#13956,1.0);
#11700=COLOUR_RGB('',0.196078434586525,0.196078434586525,0.196078434586525);
#11701=CARTESIAN_POINT('',(11.303,8.509,0.889));
#11702=CARTESIAN_POINT('',(12.065,8.509,0.889));
#11703=CARTESIAN_POINT('',(6.604,8.509,0.889));
#11704=VECTOR('',#13957,1.0);
#11705=CARTESIAN_POINT('',(11.303,5.08,0.889));
#11706=CARTESIAN_POINT('',(11.303,6.7945,0.889));
#11707=VECTOR('',#13958,1.0);
#11708=CARTESIAN_POINT('',(12.065,5.08,0.889));
#11709=CARTESIAN_POINT('',(11.684,5.08,0.889));
#11710=VECTOR('',#13959,1.0);
#11711=CARTESIAN_POINT('',(12.065,6.7945,0.889));
#11712=VECTOR('',#13960,1.0);
#11713=COLOUR_RGB('',0.196078434586525,0.196078434586525,0.196078434586525);
#11714=CARTESIAN_POINT('',(12.065,8.509,1.651));
#11715=CARTESIAN_POINT('',(12.065,8.509,0.66675));
#11716=VECTOR('',#13961,1.0);
#11717=CARTESIAN_POINT('',(12.065,5.08,1.651));
#11718=CARTESIAN_POINT('',(12.065,5.08,1.27));
#11719=VECTOR('',#13962,1.0);
#11720=CARTESIAN_POINT('',(12.065,6.7945,1.651));
#11721=VECTOR('',#13963,1.0);
#11722=COLOUR_RGB('',0.196078434586525,0.196078434586525,0.196078434586525);
#11723=CARTESIAN_POINT('',(12.192,5.08,1.778));
#11724=CARTESIAN_POINT('',(12.192,5.08,0.762));
#11725=CARTESIAN_POINT('',(12.192,5.08,1.27));
#11726=VECTOR('',#13964,1.0);
#11727=CARTESIAN_POINT('',(11.684,5.08,1.778));
#11728=VECTOR('',#13965,1.0);
#11729=CARTESIAN_POINT('',(11.684,5.08,0.762));
#11730=VECTOR('',#13966,1.0);
#11731=CARTESIAN_POINT('',(11.303,5.08,1.651));
#11732=CARTESIAN_POINT('',(11.303,5.08,1.27));
#11733=VECTOR('',#13967,1.0);
#11734=CARTESIAN_POINT('',(11.684,5.08,1.651));
#11735=VECTOR('',#13968,1.0);
#11736=COLOUR_RGB('',0.196078434586525,0.196078434586525,0.196078434586525);
#11737=CARTESIAN_POINT('',(12.192,1.143,1.778));
#11738=CARTESIAN_POINT('',(12.192,3.1115,1.778));
#11739=VECTOR('',#13969,1.0);
#11740=CARTESIAN_POINT('',(11.684,1.143,1.778));
#11741=VECTOR('',#13970,1.0);
#11742=COLOUR_RGB('',0.196078434586525,0.196078434586525,0.196078434586525);
#11743=CARTESIAN_POINT('',(12.192,3.1115,0.762));
#11744=VECTOR('',#13971,1.0);
#11745=COLOUR_RGB('',0.196078434586525,0.196078434586525,0.196078434586525);
#11746=CARTESIAN_POINT('',(12.192,1.143,1.27));
#11747=VECTOR('',#13972,1.0);
#11748=COLOUR_RGB('',0.196078434586525,0.196078434586525,0.196078434586525);
#11749=COLOUR_RGB('',0.196078434586525,0.196078434586525,0.196078434586525);
#11750=CARTESIAN_POINT('',(11.303,8.509,1.651));
#11751=CARTESIAN_POINT('',(6.604,8.509,1.651));
#11752=VECTOR('',#13973,1.0);
#11753=CARTESIAN_POINT('',(11.303,6.7945,1.651));
#11754=VECTOR('',#13974,1.0);
#11755=COLOUR_RGB('',0.196078434586525,0.196078434586525,0.196078434586525);
#11756=CARTESIAN_POINT('',(11.303,8.509,0.66675));
#11757=VECTOR('',#13975,1.0);
#11758=COLOUR_RGB('',0.196078434586525,0.196078434586525,0.196078434586525);
#11759=CARTESIAN_POINT('',(8.763,8.509,0.889));
#11760=CARTESIAN_POINT('',(9.525,8.509,0.889));
#11761=CARTESIAN_POINT('',(5.334,8.509,0.889));
#11762=VECTOR('',#13976,1.0);
#11763=CARTESIAN_POINT('',(8.763,5.08,0.889));
#11764=CARTESIAN_POINT('',(8.763,6.7945,0.889));
#11765=VECTOR('',#13977,1.0);
#11766=CARTESIAN_POINT('',(9.525,5.08,0.889));
#11767=CARTESIAN_POINT('',(9.144,5.08,0.889));
#11768=VECTOR('',#13978,1.0);
#11769=CARTESIAN_POINT('',(9.525,6.7945,0.889));
#11770=VECTOR('',#13979,1.0);
#11771=COLOUR_RGB('',0.196078434586525,0.196078434586525,0.196078434586525);
#11772=CARTESIAN_POINT('',(9.525,8.509,1.651));
#11773=CARTESIAN_POINT('',(9.525,8.509,0.66675));
#11774=VECTOR('',#13980,1.0);
#11775=CARTESIAN_POINT('',(9.525,5.08,1.651));
#11776=CARTESIAN_POINT('',(9.525,5.08,1.27));
#11777=VECTOR('',#13981,1.0);
#11778=CARTESIAN_POINT('',(9.525,6.7945,1.651));
#11779=VECTOR('',#13982,1.0);
#11780=COLOUR_RGB('',0.196078434586525,0.196078434586525,0.196078434586525);
#11781=CARTESIAN_POINT('',(9.652,5.08,1.778));
#11782=CARTESIAN_POINT('',(9.652,5.08,0.762));
#11783=CARTESIAN_POINT('',(9.652,5.08,1.27));
#11784=VECTOR('',#13983,1.0);
#11785=CARTESIAN_POINT('',(9.144,5.08,1.778));
#11786=VECTOR('',#13984,1.0);
#11787=CARTESIAN_POINT('',(9.144,5.08,0.762));
#11788=VECTOR('',#13985,1.0);
#11789=CARTESIAN_POINT('',(8.763,5.08,1.651));
#11790=CARTESIAN_POINT('',(8.763,5.08,1.27));
#11791=VECTOR('',#13986,1.0);
#11792=CARTESIAN_POINT('',(9.144,5.08,1.651));
#11793=VECTOR('',#13987,1.0);
#11794=COLOUR_RGB('',0.196078434586525,0.196078434586525,0.196078434586525);
#11795=CARTESIAN_POINT('',(9.652,1.143,1.778));
#11796=CARTESIAN_POINT('',(9.652,3.1115,1.778));
#11797=VECTOR('',#13988,1.0);
#11798=CARTESIAN_POINT('',(9.144,1.143,1.778));
#11799=VECTOR('',#13989,1.0);
#11800=COLOUR_RGB('',0.196078434586525,0.196078434586525,0.196078434586525);
#11801=CARTESIAN_POINT('',(9.652,3.1115,0.762));
#11802=VECTOR('',#13990,1.0);
#11803=COLOUR_RGB('',0.196078434586525,0.196078434586525,0.196078434586525);
#11804=CARTESIAN_POINT('',(9.652,1.143,1.27));
#11805=VECTOR('',#13991,1.0);
#11806=COLOUR_RGB('',0.196078434586525,0.196078434586525,0.196078434586525);
#11807=COLOUR_RGB('',0.196078434586525,0.196078434586525,0.196078434586525);
#11808=CARTESIAN_POINT('',(8.763,8.509,1.651));
#11809=CARTESIAN_POINT('',(5.334,8.509,1.651));
#11810=VECTOR('',#13992,1.0);
#11811=CARTESIAN_POINT('',(8.763,6.7945,1.651));
#11812=VECTOR('',#13993,1.0);
#11813=COLOUR_RGB('',0.196078434586525,0.196078434586525,0.196078434586525);
#11814=CARTESIAN_POINT('',(8.763,8.509,0.66675));
#11815=VECTOR('',#13994,1.0);
#11816=COLOUR_RGB('',0.196078434586525,0.196078434586525,0.196078434586525);
#11817=CARTESIAN_POINT('',(6.223,8.509,0.889));
#11818=CARTESIAN_POINT('',(6.985,8.509,0.889));
#11819=CARTESIAN_POINT('',(4.064,8.509,0.889));
#11820=VECTOR('',#13995,1.0);
#11821=CARTESIAN_POINT('',(6.223,5.08,0.889));
#11822=CARTESIAN_POINT('',(6.223,6.7945,0.889));
#11823=VECTOR('',#13996,1.0);
#11824=CARTESIAN_POINT('',(6.985,5.08,0.889));
#11825=CARTESIAN_POINT('',(6.604,5.08,0.889));
#11826=VECTOR('',#13997,1.0);
#11827=CARTESIAN_POINT('',(6.985,6.7945,0.889));
#11828=VECTOR('',#13998,1.0);
#11829=COLOUR_RGB('',0.196078434586525,0.196078434586525,0.196078434586525);
#11830=CARTESIAN_POINT('',(6.985,8.509,1.651));
#11831=CARTESIAN_POINT('',(6.985,8.509,0.66675));
#11832=VECTOR('',#13999,1.0);
#11833=CARTESIAN_POINT('',(6.985,5.08,1.651));
#11834=CARTESIAN_POINT('',(6.985,5.08,1.27));
#11835=VECTOR('',#14000,1.0);
#11836=CARTESIAN_POINT('',(6.985,6.7945,1.651));
#11837=VECTOR('',#14001,1.0);
#11838=COLOUR_RGB('',0.196078434586525,0.196078434586525,0.196078434586525);
#11839=CARTESIAN_POINT('',(7.112,5.08,1.778));
#11840=CARTESIAN_POINT('',(7.112,5.08,0.762));
#11841=CARTESIAN_POINT('',(7.112,5.08,1.27));
#11842=VECTOR('',#14002,1.0);
#11843=CARTESIAN_POINT('',(6.604,5.08,1.778));
#11844=VECTOR('',#14003,1.0);
#11845=CARTESIAN_POINT('',(6.604,5.08,0.762));
#11846=VECTOR('',#14004,1.0);
#11847=CARTESIAN_POINT('',(6.223,5.08,1.651));
#11848=CARTESIAN_POINT('',(6.223,5.08,1.27));
#11849=VECTOR('',#14005,1.0);
#11850=CARTESIAN_POINT('',(6.604,5.08,1.651));
#11851=VECTOR('',#14006,1.0);
#11852=COLOUR_RGB('',0.196078434586525,0.196078434586525,0.196078434586525);
#11853=CARTESIAN_POINT('',(7.112,1.143,1.778));
#11854=CARTESIAN_POINT('',(7.112,3.1115,1.778));
#11855=VECTOR('',#14007,1.0);
#11856=CARTESIAN_POINT('',(6.604,1.143,1.778));
#11857=VECTOR('',#14008,1.0);
#11858=COLOUR_RGB('',0.196078434586525,0.196078434586525,0.196078434586525);
#11859=CARTESIAN_POINT('',(7.112,3.1115,0.762));
#11860=VECTOR('',#14009,1.0);
#11861=COLOUR_RGB('',0.196078434586525,0.196078434586525,0.196078434586525);
#11862=CARTESIAN_POINT('',(7.112,1.143,1.27));
#11863=VECTOR('',#14010,1.0);
#11864=COLOUR_RGB('',0.196078434586525,0.196078434586525,0.196078434586525);
#11865=COLOUR_RGB('',0.196078434586525,0.196078434586525,0.196078434586525);
#11866=CARTESIAN_POINT('',(6.223,8.509,1.651));
#11867=CARTESIAN_POINT('',(4.064,8.509,1.651));
#11868=VECTOR('',#14011,1.0);
#11869=CARTESIAN_POINT('',(6.223,6.7945,1.651));
#11870=VECTOR('',#14012,1.0);
#11871=COLOUR_RGB('',0.196078434586525,0.196078434586525,0.196078434586525);
#11872=CARTESIAN_POINT('',(6.223,8.509,0.66675));
#11873=VECTOR('',#14013,1.0);
#11874=COLOUR_RGB('',0.196078434586525,0.196078434586525,0.196078434586525);
#11875=CARTESIAN_POINT('',(3.683,8.509,0.889));
#11876=CARTESIAN_POINT('',(4.445,8.509,0.889));
#11877=CARTESIAN_POINT('',(2.794,8.509,0.889));
#11878=VECTOR('',#14014,1.0);
#11879=CARTESIAN_POINT('',(3.683,5.08,0.889));
#11880=CARTESIAN_POINT('',(3.683,6.7945,0.889));
#11881=VECTOR('',#14015,1.0);
#11882=CARTESIAN_POINT('',(4.445,5.08,0.889));
#11883=CARTESIAN_POINT('',(4.064,5.08,0.889));
#11884=VECTOR('',#14016,1.0);
#11885=CARTESIAN_POINT('',(4.445,6.7945,0.889));
#11886=VECTOR('',#14017,1.0);
#11887=COLOUR_RGB('',0.196078434586525,0.196078434586525,0.196078434586525);
#11888=CARTESIAN_POINT('',(4.445,8.509,1.651));
#11889=CARTESIAN_POINT('',(4.445,8.509,0.66675));
#11890=VECTOR('',#14018,1.0);
#11891=CARTESIAN_POINT('',(4.445,5.08,1.651));
#11892=CARTESIAN_POINT('',(4.445,5.08,1.27));
#11893=VECTOR('',#14019,1.0);
#11894=CARTESIAN_POINT('',(4.445,6.7945,1.651));
#11895=VECTOR('',#14020,1.0);
#11896=COLOUR_RGB('',0.196078434586525,0.196078434586525,0.196078434586525);
#11897=CARTESIAN_POINT('',(4.572,5.08,1.778));
#11898=CARTESIAN_POINT('',(4.572,5.08,0.762));
#11899=CARTESIAN_POINT('',(4.572,5.08,1.27));
#11900=VECTOR('',#14021,1.0);
#11901=CARTESIAN_POINT('',(4.064,5.08,1.778));
#11902=VECTOR('',#14022,1.0);
#11903=CARTESIAN_POINT('',(4.064,5.08,0.762));
#11904=VECTOR('',#14023,1.0);
#11905=CARTESIAN_POINT('',(3.683,5.08,1.651));
#11906=CARTESIAN_POINT('',(3.683,5.08,1.27));
#11907=VECTOR('',#14024,1.0);
#11908=CARTESIAN_POINT('',(4.064,5.08,1.651));
#11909=VECTOR('',#14025,1.0);
#11910=COLOUR_RGB('',0.196078434586525,0.196078434586525,0.196078434586525);
#11911=CARTESIAN_POINT('',(4.572,1.143,1.778));
#11912=CARTESIAN_POINT('',(4.572,3.1115,1.778));
#11913=VECTOR('',#14026,1.0);
#11914=CARTESIAN_POINT('',(4.064,1.143,1.778));
#11915=VECTOR('',#14027,1.0);
#11916=COLOUR_RGB('',0.196078434586525,0.196078434586525,0.196078434586525);
#11917=CARTESIAN_POINT('',(4.572,3.1115,0.762));
#11918=VECTOR('',#14028,1.0);
#11919=COLOUR_RGB('',0.196078434586525,0.196078434586525,0.196078434586525);
#11920=CARTESIAN_POINT('',(4.572,1.143,1.27));
#11921=VECTOR('',#14029,1.0);
#11922=COLOUR_RGB('',0.196078434586525,0.196078434586525,0.196078434586525);
#11923=COLOUR_RGB('',0.196078434586525,0.196078434586525,0.196078434586525);
#11924=CARTESIAN_POINT('',(3.683,8.509,1.651));
#11925=CARTESIAN_POINT('',(2.794,8.509,1.651));
#11926=VECTOR('',#14030,1.0);
#11927=CARTESIAN_POINT('',(3.683,6.7945,1.651));
#11928=VECTOR('',#14031,1.0);
#11929=COLOUR_RGB('',0.196078434586525,0.196078434586525,0.196078434586525);
#11930=CARTESIAN_POINT('',(3.683,8.509,0.66675));
#11931=VECTOR('',#14032,1.0);
#11932=COLOUR_RGB('',0.196078434586525,0.196078434586525,0.196078434586525);
#11933=CARTESIAN_POINT('',(1.143,8.509,0.889));
#11934=CARTESIAN_POINT('',(1.905,8.509,0.889));
#11935=CARTESIAN_POINT('',(1.524,8.509,0.889));
#11936=VECTOR('',#14033,1.0);
#11937=CARTESIAN_POINT('',(1.143,5.08,0.889));
#11938=CARTESIAN_POINT('',(1.143,6.7945,0.889));
#11939=VECTOR('',#14034,1.0);
#11940=CARTESIAN_POINT('',(1.905,5.08,0.889));
#11941=CARTESIAN_POINT('',(1.524,5.08,0.889));
#11942=VECTOR('',#14035,1.0);
#11943=CARTESIAN_POINT('',(1.905,6.7945,0.889));
#11944=VECTOR('',#14036,1.0);
#11945=COLOUR_RGB('',0.196078434586525,0.196078434586525,0.196078434586525);
#11946=CARTESIAN_POINT('',(1.905,8.509,1.651));
#11947=CARTESIAN_POINT('',(1.905,8.509,0.66675));
#11948=VECTOR('',#14037,1.0);
#11949=CARTESIAN_POINT('',(1.905,5.08,1.651));
#11950=CARTESIAN_POINT('',(1.905,5.08,1.27));
#11951=VECTOR('',#14038,1.0);
#11952=CARTESIAN_POINT('',(1.905,6.7945,1.651));
#11953=VECTOR('',#14039,1.0);
#11954=COLOUR_RGB('',0.196078434586525,0.196078434586525,0.196078434586525);
#11955=CARTESIAN_POINT('',(2.032,5.08,1.778));
#11956=CARTESIAN_POINT('',(2.032,5.08,0.762));
#11957=CARTESIAN_POINT('',(2.032,5.08,1.27));
#11958=VECTOR('',#14040,1.0);
#11959=CARTESIAN_POINT('',(1.524,5.08,1.778));
#11960=VECTOR('',#14041,1.0);
#11961=CARTESIAN_POINT('',(1.524,5.08,0.762));
#11962=VECTOR('',#14042,1.0);
#11963=CARTESIAN_POINT('',(1.143,5.08,1.651));
#11964=CARTESIAN_POINT('',(1.143,5.08,1.27));
#11965=VECTOR('',#14043,1.0);
#11966=CARTESIAN_POINT('',(1.524,5.08,1.651));
#11967=VECTOR('',#14044,1.0);
#11968=COLOUR_RGB('',0.196078434586525,0.196078434586525,0.196078434586525);
#11969=CARTESIAN_POINT('',(2.032,1.143,1.778));
#11970=CARTESIAN_POINT('',(2.032,3.1115,1.778));
#11971=VECTOR('',#14045,1.0);
#11972=CARTESIAN_POINT('',(1.524,1.143,1.778));
#11973=VECTOR('',#14046,1.0);
#11974=COLOUR_RGB('',0.196078434586525,0.196078434586525,0.196078434586525);
#11975=CARTESIAN_POINT('',(2.032,3.1115,0.762));
#11976=VECTOR('',#14047,1.0);
#11977=COLOUR_RGB('',0.196078434586525,0.196078434586525,0.196078434586525);
#11978=CARTESIAN_POINT('',(2.032,1.143,1.27));
#11979=VECTOR('',#14048,1.0);
#11980=COLOUR_RGB('',0.196078434586525,0.196078434586525,0.196078434586525);
#11981=COLOUR_RGB('',0.196078434586525,0.196078434586525,0.196078434586525);
#11982=CARTESIAN_POINT('',(1.143,8.509,1.651));
#11983=CARTESIAN_POINT('',(1.524,8.509,1.651));
#11984=VECTOR('',#14049,1.0);
#11985=CARTESIAN_POINT('',(1.143,6.7945,1.651));
#11986=VECTOR('',#14050,1.0);
#11987=COLOUR_RGB('',0.196078434586525,0.196078434586525,0.196078434586525);
#11988=CARTESIAN_POINT('',(1.143,8.509,0.66675));
#11989=VECTOR('',#14051,1.0);
#11990=COLOUR_RGB('',0.196078434586525,0.196078434586525,0.196078434586525);
#11991=CARTESIAN_POINT('',(13.2207,-2.286,2.032));
#11992=CARTESIAN_POINT('',(13.2207,-2.54,2.032));
#11993=CARTESIAN_POINT('',(13.2207,-2.413,2.032));
#11994=VECTOR('',#14052,1.0);
#11995=CARTESIAN_POINT('',(13.6017,-2.286,2.032));
#11996=CARTESIAN_POINT('',(14.224,-2.286,2.032));
#11997=VECTOR('',#14053,1.0);
#11998=CARTESIAN_POINT('',(13.6017,-2.54,2.032));
#11999=CARTESIAN_POINT('',(13.6017,-2.413,2.032));
#12000=VECTOR('',#14054,1.0);
#12001=CARTESIAN_POINT('',(14.224,-2.54,2.032));
#12002=VECTOR('',#14055,1.0);
#12003=COLOUR_RGB('',0.196078434586525,0.196078434586525,0.196078434586525);
#12004=CARTESIAN_POINT('',(13.2207,-2.54,0.508));
#12005=CARTESIAN_POINT('',(13.2207,-2.286,0.508));
#12006=CARTESIAN_POINT('',(13.2207,-2.413,0.508));
#12007=VECTOR('',#14056,1.0);
#12008=CARTESIAN_POINT('',(13.6017,-2.54,0.508));
#12009=CARTESIAN_POINT('',(14.224,-2.54,0.508));
#12010=VECTOR('',#14057,1.0);
#12011=CARTESIAN_POINT('',(13.6017,-2.286,0.508));
#12012=CARTESIAN_POINT('',(13.6017,-2.413,0.508));
#12013=VECTOR('',#14058,1.0);
#12014=CARTESIAN_POINT('',(14.224,-2.286,0.508));
#12015=VECTOR('',#14059,1.0);
#12016=COLOUR_RGB('',0.196078434586525,0.196078434586525,0.196078434586525);
#12017=CARTESIAN_POINT('',(15.2273,-2.286,0.508));
#12018=CARTESIAN_POINT('',(15.2273,-2.54,0.508));
#12019=CARTESIAN_POINT('',(15.2273,-2.413,0.508));
#12020=VECTOR('',#14060,1.0);
#12021=CARTESIAN_POINT('',(14.8463,-2.286,0.508));
#12022=CARTESIAN_POINT('',(14.224,-2.286,0.508));
#12023=VECTOR('',#14061,1.0);
#12024=CARTESIAN_POINT('',(14.8463,-2.54,0.508));
#12025=CARTESIAN_POINT('',(14.8463,-2.413,0.508));
#12026=VECTOR('',#14062,1.0);
#12027=CARTESIAN_POINT('',(14.224,-2.54,0.508));
#12028=VECTOR('',#14063,1.0);
#12029=COLOUR_RGB('',0.196078434586525,0.196078434586525,0.196078434586525);
#12030=CARTESIAN_POINT('',(15.2273,-2.54,2.032));
#12031=CARTESIAN_POINT('',(15.2273,-2.286,2.032));
#12032=CARTESIAN_POINT('',(15.2273,-2.413,2.032));
#12033=VECTOR('',#14064,1.0);
#12034=CARTESIAN_POINT('',(14.8463,-2.54,2.032));
#12035=CARTESIAN_POINT('',(14.224,-2.54,2.032));
#12036=VECTOR('',#14065,1.0);
#12037=CARTESIAN_POINT('',(14.8463,-2.286,2.032));
#12038=CARTESIAN_POINT('',(14.8463,-2.413,2.032));
#12039=VECTOR('',#14066,1.0);
#12040=CARTESIAN_POINT('',(14.224,-2.286,2.032));
#12041=VECTOR('',#14067,1.0);
#12042=COLOUR_RGB('',0.196078434586525,0.196078434586525,0.196078434586525);
#12043=CARTESIAN_POINT('',(15.2273,-2.54,0.0));
#12044=CARTESIAN_POINT('',(15.2273,-2.54,0.635));
#12045=VECTOR('',#14068,1.0);
#12046=CARTESIAN_POINT('',(15.2273,-2.286,0.0));
#12047=CARTESIAN_POINT('',(15.2273,-1.8415,0.0));
#12048=VECTOR('',#14069,1.0);
#12049=CARTESIAN_POINT('',(15.2273,-2.286,1.27));
#12050=VECTOR('',#14070,1.0);
#12051=COLOUR_RGB('',0.196078434586525,0.196078434586525,0.196078434586525);
#12052=CARTESIAN_POINT('',(14.8463,-2.54,0.0));
#12053=CARTESIAN_POINT('',(14.8463,-2.54,0.635));
#12054=VECTOR('',#14071,1.0);
#12055=CARTESIAN_POINT('',(12.954,-2.54,0.0));
#12056=VECTOR('',#14072,1.0);
#12057=COLOUR_RGB('',0.196078434586525,0.196078434586525,0.196078434586525);
#12058=CARTESIAN_POINT('',(13.2207,-2.286,0.0));
#12059=CARTESIAN_POINT('',(13.2207,-2.286,1.27));
#12060=VECTOR('',#14073,1.0);
#12061=CARTESIAN_POINT('',(13.2207,-2.54,0.0));
#12062=CARTESIAN_POINT('',(13.2207,-1.8415,0.0));
#12063=VECTOR('',#14074,1.0);
#12064=CARTESIAN_POINT('',(13.2207,-2.54,0.635));
#12065=VECTOR('',#14075,1.0);
#12066=COLOUR_RGB('',0.196078434586525,0.196078434586525,0.196078434586525);
#12067=CARTESIAN_POINT('',(13.2207,-2.54,2.54));
#12068=CARTESIAN_POINT('',(13.2207,-2.54,0.635));
#12069=VECTOR('',#14076,1.0);
#12070=CARTESIAN_POINT('',(13.2207,-2.286,2.54));
#12071=CARTESIAN_POINT('',(13.2207,-1.8415,2.54));
#12072=VECTOR('',#14077,1.0);
#12073=CARTESIAN_POINT('',(13.2207,-2.286,1.27));
#12074=VECTOR('',#14078,1.0);
#12075=COLOUR_RGB('',0.196078434586525,0.196078434586525,0.196078434586525);
#12076=CARTESIAN_POINT('',(14.8463,-2.286,0.0));
#12077=CARTESIAN_POINT('',(14.8463,-2.286,1.27));
#12078=VECTOR('',#14079,1.0);
#12079=CARTESIAN_POINT('',(14.8463,-1.8415,0.0));
#12080=VECTOR('',#14080,1.0);
#12081=COLOUR_RGB('',0.196078434586525,0.196078434586525,0.196078434586525);
#12082=CARTESIAN_POINT('',(13.6017,-2.54,0.0));
#12083=CARTESIAN_POINT('',(12.954,-2.54,0.0));
#12084=VECTOR('',#14081,1.0);
#12085=CARTESIAN_POINT('',(13.6017,-2.54,0.635));
#12086=VECTOR('',#14082,1.0);
#12087=COLOUR_RGB('',0.196078434586525,0.196078434586525,0.196078434586525);
#12088=CARTESIAN_POINT('',(13.6017,-2.54,2.54));
#12089=CARTESIAN_POINT('',(13.6017,-2.54,0.635));
#12090=VECTOR('',#14083,1.0);
#12091=CARTESIAN_POINT('',(12.954,-2.54,2.54));
#12092=VECTOR('',#14084,1.0);
#12093=COLOUR_RGB('',0.196078434586525,0.196078434586525,0.196078434586525);
#12094=CARTESIAN_POINT('',(13.6017,-2.286,0.0));
#12095=CARTESIAN_POINT('',(13.6017,-1.8415,0.0));
#12096=VECTOR('',#14085,1.0);
#12097=CARTESIAN_POINT('',(13.6017,-2.286,1.27));
#12098=VECTOR('',#14086,1.0);
#12099=COLOUR_RGB('',0.196078434586525,0.196078434586525,0.196078434586525);
#12100=CARTESIAN_POINT('',(14.8463,-2.54,2.54));
#12101=CARTESIAN_POINT('',(14.8463,-2.54,0.635));
#12102=VECTOR('',#14087,1.0);
#12103=CARTESIAN_POINT('',(14.8463,-2.286,2.54));
#12104=CARTESIAN_POINT('',(14.8463,-1.8415,2.54));
#12105=VECTOR('',#14088,1.0);
#12106=CARTESIAN_POINT('',(14.8463,-2.286,1.27));
#12107=VECTOR('',#14089,1.0);
#12108=COLOUR_RGB('',0.196078434586525,0.196078434586525,0.196078434586525);
#12109=CARTESIAN_POINT('',(13.6017,-2.286,2.54));
#12110=CARTESIAN_POINT('',(13.6017,-2.286,1.27));
#12111=VECTOR('',#14090,1.0);
#12112=CARTESIAN_POINT('',(13.6017,-1.8415,2.54));
#12113=VECTOR('',#14091,1.0);
#12114=COLOUR_RGB('',0.196078434586525,0.196078434586525,0.196078434586525);
#12115=CARTESIAN_POINT('',(15.2273,-2.54,2.54));
#12116=CARTESIAN_POINT('',(15.2273,-2.54,0.635));
#12117=VECTOR('',#14092,1.0);
#12118=CARTESIAN_POINT('',(12.954,-2.54,2.54));
#12119=VECTOR('',#14093,1.0);
#12120=COLOUR_RGB('',0.196078434586525,0.196078434586525,0.196078434586525);
#12121=CARTESIAN_POINT('',(15.2273,-2.286,2.54));
#12122=CARTESIAN_POINT('',(15.2273,-2.286,1.27));
#12123=VECTOR('',#14094,1.0);
#12124=CARTESIAN_POINT('',(15.2273,-1.8415,2.54));
#12125=VECTOR('',#14095,1.0);
#12126=COLOUR_RGB('',0.196078434586525,0.196078434586525,0.196078434586525);
#12127=CARTESIAN_POINT('',(15.494,-2.286,2.54));
#12128=CARTESIAN_POINT('',(15.494,-2.286,0.0));
#12129=CARTESIAN_POINT('',(15.494,-2.286,0.635));
#12130=VECTOR('',#14096,1.0);
#12131=CARTESIAN_POINT('',(15.494,0.0,0.0));
#12132=CARTESIAN_POINT('',(15.494,-2.54,0.0));
#12133=VECTOR('',#14097,1.0);
#12134=CARTESIAN_POINT('',(15.494,0.0,0.0635));
#12135=CARTESIAN_POINT('',(15.494,0.0,0.0));
#12136=VECTOR('',#14098,1.0);
#12137=CARTESIAN_POINT('',(15.494,0.0,0.5715));
#12138=CARTESIAN_POINT('',(15.494,0.0,0.03175));
#12139=VECTOR('',#14099,1.0);
#12140=CARTESIAN_POINT('',(15.494,0.0,1.9685));
#12141=CARTESIAN_POINT('',(15.494,0.0,0.0));
#12142=VECTOR('',#14100,1.0);
#12143=CARTESIAN_POINT('',(15.494,0.0,2.4765));
#12144=CARTESIAN_POINT('',(15.494,0.0,0.03175));
#12145=VECTOR('',#14101,1.0);
#12146=CARTESIAN_POINT('',(15.494,0.0,2.54));
#12147=CARTESIAN_POINT('',(15.494,0.0,0.0));
#12148=VECTOR('',#14102,1.0);
#12149=CARTESIAN_POINT('',(15.494,-2.54,2.54));
#12150=VECTOR('',#14103,1.0);
#12151=COLOUR_RGB('',0.196078434586525,0.196078434586525,0.196078434586525);
#12152=CARTESIAN_POINT('',(0.254,0.0,0.0));
#12153=CARTESIAN_POINT('',(5.334,0.0,0.0));
#12154=VECTOR('',#14104,1.0);
#12155=CARTESIAN_POINT('',(14.792325,-2.286,0.0));
#12156=VECTOR('',#14105,1.0);
#12157=CARTESIAN_POINT('',(14.224,-2.286,0.0));
#12158=VECTOR('',#14106,1.0);
#12159=CARTESIAN_POINT('',(12.6873,-2.286,0.0));
#12160=CARTESIAN_POINT('',(12.252325,-2.286,0.0));
#12161=VECTOR('',#14107,1.0);
#12162=CARTESIAN_POINT('',(12.6873,-2.54,0.0));
#12163=CARTESIAN_POINT('',(12.6873,-1.8415,0.0));
#12164=VECTOR('',#14108,1.0);
#12165=CARTESIAN_POINT('',(12.3063,-2.54,0.0));
#12166=CARTESIAN_POINT('',(10.414,-2.54,0.0));
#12167=VECTOR('',#14109,1.0);
#12168=CARTESIAN_POINT('',(12.3063,-2.286,0.0));
#12169=CARTESIAN_POINT('',(12.3063,-1.8415,0.0));
#12170=VECTOR('',#14110,1.0);
#12171=CARTESIAN_POINT('',(11.0617,-2.286,0.0));
#12172=CARTESIAN_POINT('',(11.684,-2.286,0.0));
#12173=VECTOR('',#14111,1.0);
#12174=CARTESIAN_POINT('',(11.0617,-2.54,0.0));
#12175=CARTESIAN_POINT('',(11.0617,-1.8415,0.0));
#12176=VECTOR('',#14112,1.0);
#12177=CARTESIAN_POINT('',(10.6807,-2.54,0.0));
#12178=CARTESIAN_POINT('',(10.414,-2.54,0.0));
#12179=VECTOR('',#14113,1.0);
#12180=CARTESIAN_POINT('',(10.6807,-2.286,0.0));
#12181=CARTESIAN_POINT('',(10.6807,-1.8415,0.0));
#12182=VECTOR('',#14114,1.0);
#12183=CARTESIAN_POINT('',(10.1473,-2.286,0.0));
#12184=CARTESIAN_POINT('',(9.712325,-2.286,0.0));
#12185=VECTOR('',#14115,1.0);
#12186=CARTESIAN_POINT('',(10.1473,-2.54,0.0));
#12187=CARTESIAN_POINT('',(10.1473,-1.8415,0.0));
#12188=VECTOR('',#14116,1.0);
#12189=CARTESIAN_POINT('',(9.7663,-2.54,0.0));
#12190=CARTESIAN_POINT('',(7.874,-2.54,0.0));
#12191=VECTOR('',#14117,1.0);
#12192=CARTESIAN_POINT('',(9.7663,-2.286,0.0));
#12193=CARTESIAN_POINT('',(9.7663,-1.8415,0.0));
#12194=VECTOR('',#14118,1.0);
#12195=CARTESIAN_POINT('',(8.5217,-2.286,0.0));
#12196=CARTESIAN_POINT('',(9.144,-2.286,0.0));
#12197=VECTOR('',#14119,1.0);
#12198=CARTESIAN_POINT('',(8.5217,-2.54,0.0));
#12199=CARTESIAN_POINT('',(8.5217,-1.8415,0.0));
#12200=VECTOR('',#14120,1.0);
#12201=CARTESIAN_POINT('',(8.1407,-2.54,0.0));
#12202=CARTESIAN_POINT('',(7.874,-2.54,0.0));
#12203=VECTOR('',#14121,1.0);
#12204=CARTESIAN_POINT('',(8.1407,-2.286,0.0));
#12205=CARTESIAN_POINT('',(8.1407,-1.8415,0.0));
#12206=VECTOR('',#14122,1.0);
#12207=CARTESIAN_POINT('',(7.6073,-2.286,0.0));
#12208=CARTESIAN_POINT('',(7.172325,-2.286,0.0));
#12209=VECTOR('',#14123,1.0);
#12210=CARTESIAN_POINT('',(7.6073,-2.54,0.0));
#12211=CARTESIAN_POINT('',(7.6073,-1.8415,0.0));
#12212=VECTOR('',#14124,1.0);
#12213=CARTESIAN_POINT('',(7.2263,-2.54,0.0));
#12214=CARTESIAN_POINT('',(5.334,-2.54,0.0));
#12215=VECTOR('',#14125,1.0);
#12216=CARTESIAN_POINT('',(7.2263,-2.286,0.0));
#12217=CARTESIAN_POINT('',(7.2263,-1.8415,0.0));
#12218=VECTOR('',#14126,1.0);
#12219=CARTESIAN_POINT('',(5.9817,-2.286,0.0));
#12220=CARTESIAN_POINT('',(6.604,-2.286,0.0));
#12221=VECTOR('',#14127,1.0);
#12222=CARTESIAN_POINT('',(5.9817,-2.54,0.0));
#12223=CARTESIAN_POINT('',(5.9817,-1.8415,0.0));
#12224=VECTOR('',#14128,1.0);
#12225=CARTESIAN_POINT('',(5.6007,-2.54,0.0));
#12226=CARTESIAN_POINT('',(5.334,-2.54,0.0));
#12227=VECTOR('',#14129,1.0);
#12228=CARTESIAN_POINT('',(5.6007,-2.286,0.0));
#12229=CARTESIAN_POINT('',(5.6007,-1.8415,0.0));
#12230=VECTOR('',#14130,1.0);
#12231=CARTESIAN_POINT('',(5.0673,-2.286,0.0));
#12232=CARTESIAN_POINT('',(4.632325,-2.286,0.0));
#12233=VECTOR('',#14131,1.0);
#12234=CARTESIAN_POINT('',(5.0673,-2.54,0.0));
#12235=CARTESIAN_POINT('',(5.0673,-1.8415,0.0));
#12236=VECTOR('',#14132,1.0);
#12237=CARTESIAN_POINT('',(4.6863,-2.54,0.0));
#12238=CARTESIAN_POINT('',(2.794,-2.54,0.0));
#12239=VECTOR('',#14133,1.0);
#12240=CARTESIAN_POINT('',(4.6863,-2.286,0.0));
#12241=CARTESIAN_POINT('',(4.6863,-1.8415,0.0));
#12242=VECTOR('',#14134,1.0);
#12243=CARTESIAN_POINT('',(3.4417,-2.286,0.0));
#12244=CARTESIAN_POINT('',(4.064,-2.286,0.0));
#12245=VECTOR('',#14135,1.0);
#12246=CARTESIAN_POINT('',(3.4417,-2.54,0.0));
#12247=CARTESIAN_POINT('',(3.4417,-1.8415,0.0));
#12248=VECTOR('',#14136,1.0);
#12249=CARTESIAN_POINT('',(3.0607,-2.54,0.0));
#12250=CARTESIAN_POINT('',(2.794,-2.54,0.0));
#12251=VECTOR('',#14137,1.0);
#12252=CARTESIAN_POINT('',(3.0607,-2.286,0.0));
#12253=CARTESIAN_POINT('',(3.0607,-1.8415,0.0));
#12254=VECTOR('',#14138,1.0);
#12255=CARTESIAN_POINT('',(2.5273,-2.286,0.0));
#12256=CARTESIAN_POINT('',(2.092325,-2.286,0.0));
#12257=VECTOR('',#14139,1.0);
#12258=CARTESIAN_POINT('',(2.5273,-2.54,0.0));
#12259=CARTESIAN_POINT('',(2.5273,-1.8415,0.0));
#12260=VECTOR('',#14140,1.0);
#12261=CARTESIAN_POINT('',(2.1463,-2.54,0.0));
#12262=CARTESIAN_POINT('',(0.254,-2.54,0.0));
#12263=VECTOR('',#14141,1.0);
#12264=CARTESIAN_POINT('',(2.1463,-2.286,0.0));
#12265=CARTESIAN_POINT('',(2.1463,-1.8415,0.0));
#12266=VECTOR('',#14142,1.0);
#12267=CARTESIAN_POINT('',(0.9017,-2.286,0.0));
#12268=CARTESIAN_POINT('',(1.524,-2.286,0.0));
#12269=VECTOR('',#14143,1.0);
#12270=CARTESIAN_POINT('',(0.9017,-2.54,0.0));
#12271=CARTESIAN_POINT('',(0.9017,-1.8415,0.0));
#12272=VECTOR('',#14144,1.0);
#12273=CARTESIAN_POINT('',(0.5207,-2.54,0.0));
#12274=CARTESIAN_POINT('',(0.254,-2.54,0.0));
#12275=VECTOR('',#14145,1.0);
#12276=CARTESIAN_POINT('',(0.5207,-2.286,0.0));
#12277=CARTESIAN_POINT('',(0.5207,-1.8415,0.0));
#12278=VECTOR('',#14146,1.0);
#12279=CARTESIAN_POINT('',(0.254,-2.286,0.0));
#12280=CARTESIAN_POINT('',(0.955675,-2.286,0.0));
#12281=VECTOR('',#14147,1.0);
#12282=CARTESIAN_POINT('',(0.254,0.0,0.0));
#12283=VECTOR('',#14148,1.0);
#12284=COLOUR_RGB('',0.196078434586525,0.196078434586525,0.196078434586525);
#12285=CARTESIAN_POINT('',(10.6807,-2.286,0.508));
#12286=CARTESIAN_POINT('',(10.6807,-2.286,1.27));
#12287=VECTOR('',#14149,1.0);
#12288=CARTESIAN_POINT('',(11.0617,-2.286,0.508));
#12289=CARTESIAN_POINT('',(11.684,-2.286,0.508));
#12290=VECTOR('',#14150,1.0);
#12291=CARTESIAN_POINT('',(11.0617,-2.286,1.27));
#12292=VECTOR('',#14151,1.0);
#12293=CARTESIAN_POINT('',(12.3063,-2.286,0.508));
#12294=CARTESIAN_POINT('',(12.3063,-2.286,1.27));
#12295=VECTOR('',#14152,1.0);
#12296=CARTESIAN_POINT('',(12.6873,-2.286,0.508));
#12297=CARTESIAN_POINT('',(11.684,-2.286,0.508));
#12298=VECTOR('',#14153,1.0);
#12299=CARTESIAN_POINT('',(12.6873,-2.286,1.27));
#12300=VECTOR('',#14154,1.0);
#12301=CARTESIAN_POINT('',(14.792325,-2.286,2.54));
#12302=VECTOR('',#14155,1.0);
#12303=CARTESIAN_POINT('',(14.224,-2.286,2.54));
#12304=VECTOR('',#14156,1.0);
#12305=CARTESIAN_POINT('',(12.6873,-2.286,2.54));
#12306=CARTESIAN_POINT('',(12.252325,-2.286,2.54));
#12307=VECTOR('',#14157,1.0);
#12308=CARTESIAN_POINT('',(12.6873,-2.286,2.032));
#12309=CARTESIAN_POINT('',(12.6873,-2.286,1.27));
#12310=VECTOR('',#14158,1.0);
#12311=CARTESIAN_POINT('',(12.3063,-2.286,2.032));
#12312=CARTESIAN_POINT('',(11.684,-2.286,2.032));
#12313=VECTOR('',#14159,1.0);
#12314=CARTESIAN_POINT('',(12.3063,-2.286,2.54));
#12315=CARTESIAN_POINT('',(12.3063,-2.286,1.27));
#12316=VECTOR('',#14160,1.0);
#12317=CARTESIAN_POINT('',(11.0617,-2.286,2.54));
#12318=CARTESIAN_POINT('',(11.684,-2.286,2.54));
#12319=VECTOR('',#14161,1.0);
#12320=CARTESIAN_POINT('',(11.0617,-2.286,2.032));
#12321=CARTESIAN_POINT('',(11.0617,-2.286,1.27));
#12322=VECTOR('',#14162,1.0);
#12323=CARTESIAN_POINT('',(10.6807,-2.286,2.032));
#12324=CARTESIAN_POINT('',(11.684,-2.286,2.032));
#12325=VECTOR('',#14163,1.0);
#12326=CARTESIAN_POINT('',(10.6807,-2.286,2.54));
#12327=CARTESIAN_POINT('',(10.6807,-2.286,1.27));
#12328=VECTOR('',#14164,1.0);
#12329=CARTESIAN_POINT('',(10.1473,-2.286,2.54));
#12330=CARTESIAN_POINT('',(9.712325,-2.286,2.54));
#12331=VECTOR('',#14165,1.0);
#12332=CARTESIAN_POINT('',(10.1473,-2.286,2.032));
#12333=CARTESIAN_POINT('',(10.1473,-2.286,1.27));
#12334=VECTOR('',#14166,1.0);
#12335=CARTESIAN_POINT('',(9.7663,-2.286,2.032));
#12336=CARTESIAN_POINT('',(9.144,-2.286,2.032));
#12337=VECTOR('',#14167,1.0);
#12338=CARTESIAN_POINT('',(9.7663,-2.286,2.54));
#12339=CARTESIAN_POINT('',(9.7663,-2.286,1.27));
#12340=VECTOR('',#14168,1.0);
#12341=CARTESIAN_POINT('',(8.5217,-2.286,2.54));
#12342=CARTESIAN_POINT('',(9.144,-2.286,2.54));
#12343=VECTOR('',#14169,1.0);
#12344=CARTESIAN_POINT('',(8.5217,-2.286,2.032));
#12345=CARTESIAN_POINT('',(8.5217,-2.286,1.27));
#12346=VECTOR('',#14170,1.0);
#12347=CARTESIAN_POINT('',(8.1407,-2.286,2.032));
#12348=CARTESIAN_POINT('',(9.144,-2.286,2.032));
#12349=VECTOR('',#14171,1.0);
#12350=CARTESIAN_POINT('',(8.1407,-2.286,2.54));
#12351=CARTESIAN_POINT('',(8.1407,-2.286,1.27));
#12352=VECTOR('',#14172,1.0);
#12353=CARTESIAN_POINT('',(7.6073,-2.286,2.54));
#12354=CARTESIAN_POINT('',(7.172325,-2.286,2.54));
#12355=VECTOR('',#14173,1.0);
#12356=CARTESIAN_POINT('',(7.6073,-2.286,2.032));
#12357=CARTESIAN_POINT('',(7.6073,-2.286,1.27));
#12358=VECTOR('',#14174,1.0);
#12359=CARTESIAN_POINT('',(7.2263,-2.286,2.032));
#12360=CARTESIAN_POINT('',(6.604,-2.286,2.032));
#12361=VECTOR('',#14175,1.0);
#12362=CARTESIAN_POINT('',(7.2263,-2.286,2.54));
#12363=CARTESIAN_POINT('',(7.2263,-2.286,1.27));
#12364=VECTOR('',#14176,1.0);
#12365=CARTESIAN_POINT('',(5.9817,-2.286,2.54));
#12366=CARTESIAN_POINT('',(6.604,-2.286,2.54));
#12367=VECTOR('',#14177,1.0);
#12368=CARTESIAN_POINT('',(5.9817,-2.286,2.032));
#12369=CARTESIAN_POINT('',(5.9817,-2.286,1.27));
#12370=VECTOR('',#14178,1.0);
#12371=CARTESIAN_POINT('',(5.6007,-2.286,2.032));
#12372=CARTESIAN_POINT('',(6.604,-2.286,2.032));
#12373=VECTOR('',#14179,1.0);
#12374=CARTESIAN_POINT('',(5.6007,-2.286,2.54));
#12375=CARTESIAN_POINT('',(5.6007,-2.286,1.27));
#12376=VECTOR('',#14180,1.0);
#12377=CARTESIAN_POINT('',(5.0673,-2.286,2.54));
#12378=CARTESIAN_POINT('',(4.632325,-2.286,2.54));
#12379=VECTOR('',#14181,1.0);
#12380=CARTESIAN_POINT('',(5.0673,-2.286,2.032));
#12381=CARTESIAN_POINT('',(5.0673,-2.286,1.27));
#12382=VECTOR('',#14182,1.0);
#12383=CARTESIAN_POINT('',(4.6863,-2.286,2.032));
#12384=CARTESIAN_POINT('',(4.064,-2.286,2.032));
#12385=VECTOR('',#14183,1.0);
#12386=CARTESIAN_POINT('',(4.6863,-2.286,2.54));
#12387=CARTESIAN_POINT('',(4.6863,-2.286,1.27));
#12388=VECTOR('',#14184,1.0);
#12389=CARTESIAN_POINT('',(3.4417,-2.286,2.54));
#12390=CARTESIAN_POINT('',(4.064,-2.286,2.54));
#12391=VECTOR('',#14185,1.0);
#12392=CARTESIAN_POINT('',(3.4417,-2.286,2.032));
#12393=CARTESIAN_POINT('',(3.4417,-2.286,1.27));
#12394=VECTOR('',#14186,1.0);
#12395=CARTESIAN_POINT('',(3.0607,-2.286,2.032));
#12396=CARTESIAN_POINT('',(4.064,-2.286,2.032));
#12397=VECTOR('',#14187,1.0);
#12398=CARTESIAN_POINT('',(3.0607,-2.286,2.54));
#12399=CARTESIAN_POINT('',(3.0607,-2.286,1.27));
#12400=VECTOR('',#14188,1.0);
#12401=CARTESIAN_POINT('',(2.5273,-2.286,2.54));
#12402=CARTESIAN_POINT('',(2.092325,-2.286,2.54));
#12403=VECTOR('',#14189,1.0);
#12404=CARTESIAN_POINT('',(2.5273,-2.286,2.032));
#12405=CARTESIAN_POINT('',(2.5273,-2.286,1.27));
#12406=VECTOR('',#14190,1.0);
#12407=CARTESIAN_POINT('',(2.1463,-2.286,2.032));
#12408=CARTESIAN_POINT('',(1.524,-2.286,2.032));
#12409=VECTOR('',#14191,1.0);
#12410=CARTESIAN_POINT('',(2.1463,-2.286,2.54));
#12411=CARTESIAN_POINT('',(2.1463,-2.286,1.27));
#12412=VECTOR('',#14192,1.0);
#12413=CARTESIAN_POINT('',(0.9017,-2.286,2.54));
#12414=CARTESIAN_POINT('',(1.524,-2.286,2.54));
#12415=VECTOR('',#14193,1.0);
#12416=CARTESIAN_POINT('',(0.9017,-2.286,2.032));
#12417=CARTESIAN_POINT('',(0.9017,-2.286,1.27));
#12418=VECTOR('',#14194,1.0);
#12419=CARTESIAN_POINT('',(0.5207,-2.286,2.032));
#12420=CARTESIAN_POINT('',(1.524,-2.286,2.032));
#12421=VECTOR('',#14195,1.0);
#12422=CARTESIAN_POINT('',(0.5207,-2.286,2.54));
#12423=CARTESIAN_POINT('',(0.5207,-2.286,1.27));
#12424=VECTOR('',#14196,1.0);
#12425=CARTESIAN_POINT('',(0.254,-2.286,2.54));
#12426=CARTESIAN_POINT('',(0.955675,-2.286,2.54));
#12427=VECTOR('',#14197,1.0);
#12428=CARTESIAN_POINT('',(0.254,-2.286,0.635));
#12429=VECTOR('',#14198,1.0);
#12430=CARTESIAN_POINT('',(0.5207,-2.286,0.508));
#12431=CARTESIAN_POINT('',(0.5207,-2.286,1.27));
#12432=VECTOR('',#14199,1.0);
#12433=CARTESIAN_POINT('',(0.9017,-2.286,0.508));
#12434=CARTESIAN_POINT('',(1.524,-2.286,0.508));
#12435=VECTOR('',#14200,1.0);
#12436=CARTESIAN_POINT('',(0.9017,-2.286,1.27));
#12437=VECTOR('',#14201,1.0);
#12438=CARTESIAN_POINT('',(2.1463,-2.286,0.508));
#12439=CARTESIAN_POINT('',(2.1463,-2.286,1.27));
#12440=VECTOR('',#14202,1.0);
#12441=CARTESIAN_POINT('',(2.5273,-2.286,0.508));
#12442=CARTESIAN_POINT('',(1.524,-2.286,0.508));
#12443=VECTOR('',#14203,1.0);
#12444=CARTESIAN_POINT('',(2.5273,-2.286,1.27));
#12445=VECTOR('',#14204,1.0);
#12446=CARTESIAN_POINT('',(3.0607,-2.286,0.508));
#12447=CARTESIAN_POINT('',(3.0607,-2.286,1.27));
#12448=VECTOR('',#14205,1.0);
#12449=CARTESIAN_POINT('',(3.4417,-2.286,0.508));
#12450=CARTESIAN_POINT('',(4.064,-2.286,0.508));
#12451=VECTOR('',#14206,1.0);
#12452=CARTESIAN_POINT('',(3.4417,-2.286,1.27));
#12453=VECTOR('',#14207,1.0);
#12454=CARTESIAN_POINT('',(4.6863,-2.286,0.508));
#12455=CARTESIAN_POINT('',(4.6863,-2.286,1.27));
#12456=VECTOR('',#14208,1.0);
#12457=CARTESIAN_POINT('',(5.0673,-2.286,0.508));
#12458=CARTESIAN_POINT('',(4.064,-2.286,0.508));
#12459=VECTOR('',#14209,1.0);
#12460=CARTESIAN_POINT('',(5.0673,-2.286,1.27));
#12461=VECTOR('',#14210,1.0);
#12462=CARTESIAN_POINT('',(5.6007,-2.286,0.508));
#12463=CARTESIAN_POINT('',(5.6007,-2.286,1.27));
#12464=VECTOR('',#14211,1.0);
#12465=CARTESIAN_POINT('',(5.9817,-2.286,0.508));
#12466=CARTESIAN_POINT('',(6.604,-2.286,0.508));
#12467=VECTOR('',#14212,1.0);
#12468=CARTESIAN_POINT('',(5.9817,-2.286,1.27));
#12469=VECTOR('',#14213,1.0);
#12470=CARTESIAN_POINT('',(7.2263,-2.286,0.508));
#12471=CARTESIAN_POINT('',(7.2263,-2.286,1.27));
#12472=VECTOR('',#14214,1.0);
#12473=CARTESIAN_POINT('',(7.6073,-2.286,0.508));
#12474=CARTESIAN_POINT('',(6.604,-2.286,0.508));
#12475=VECTOR('',#14215,1.0);
#12476=CARTESIAN_POINT('',(7.6073,-2.286,1.27));
#12477=VECTOR('',#14216,1.0);
#12478=CARTESIAN_POINT('',(8.1407,-2.286,0.508));
#12479=CARTESIAN_POINT('',(8.1407,-2.286,1.27));
#12480=VECTOR('',#14217,1.0);
#12481=CARTESIAN_POINT('',(8.5217,-2.286,0.508));
#12482=CARTESIAN_POINT('',(9.144,-2.286,0.508));
#12483=VECTOR('',#14218,1.0);
#12484=CARTESIAN_POINT('',(8.5217,-2.286,1.27));
#12485=VECTOR('',#14219,1.0);
#12486=CARTESIAN_POINT('',(9.7663,-2.286,0.508));
#12487=CARTESIAN_POINT('',(9.7663,-2.286,1.27));
#12488=VECTOR('',#14220,1.0);
#12489=CARTESIAN_POINT('',(10.1473,-2.286,0.508));
#12490=CARTESIAN_POINT('',(9.144,-2.286,0.508));
#12491=VECTOR('',#14221,1.0);
#12492=CARTESIAN_POINT('',(10.1473,-2.286,1.27));
#12493=VECTOR('',#14222,1.0);
#12494=COLOUR_RGB('',0.196078434586525,0.196078434586525,0.196078434586525);
#12495=CARTESIAN_POINT('',(10.6807,-2.54,2.54));
#12496=CARTESIAN_POINT('',(10.6807,-1.8415,2.54));
#12497=VECTOR('',#14223,1.0);
#12498=CARTESIAN_POINT('',(11.0617,-2.54,2.54));
#12499=CARTESIAN_POINT('',(10.414,-2.54,2.54));
#12500=VECTOR('',#14224,1.0);
#12501=CARTESIAN_POINT('',(11.0617,-1.8415,2.54));
#12502=VECTOR('',#14225,1.0);
#12503=CARTESIAN_POINT('',(12.3063,-2.54,2.54));
#12504=CARTESIAN_POINT('',(12.3063,-1.8415,2.54));
#12505=VECTOR('',#14226,1.0);
#12506=CARTESIAN_POINT('',(12.6873,-2.54,2.54));
#12507=CARTESIAN_POINT('',(10.414,-2.54,2.54));
#12508=VECTOR('',#14227,1.0);
#12509=CARTESIAN_POINT('',(12.6873,-1.8415,2.54));
#12510=VECTOR('',#14228,1.0);
#12511=CARTESIAN_POINT('',(0.254,0.0,2.54));
#12512=CARTESIAN_POINT('',(2.794,0.0,2.54));
#12513=VECTOR('',#14229,1.0);
#12514=CARTESIAN_POINT('',(0.254,0.0,2.54));
#12515=VECTOR('',#14230,1.0);
#12516=CARTESIAN_POINT('',(0.5207,-2.54,2.54));
#12517=CARTESIAN_POINT('',(0.5207,-1.8415,2.54));
#12518=VECTOR('',#14231,1.0);
#12519=CARTESIAN_POINT('',(0.9017,-2.54,2.54));
#12520=CARTESIAN_POINT('',(0.254,-2.54,2.54));
#12521=VECTOR('',#14232,1.0);
#12522=CARTESIAN_POINT('',(0.9017,-1.8415,2.54));
#12523=VECTOR('',#14233,1.0);
#12524=CARTESIAN_POINT('',(2.1463,-2.54,2.54));
#12525=CARTESIAN_POINT('',(2.1463,-1.8415,2.54));
#12526=VECTOR('',#14234,1.0);
#12527=CARTESIAN_POINT('',(2.5273,-2.54,2.54));
#12528=CARTESIAN_POINT('',(0.254,-2.54,2.54));
#12529=VECTOR('',#14235,1.0);
#12530=CARTESIAN_POINT('',(2.5273,-1.8415,2.54));
#12531=VECTOR('',#14236,1.0);
#12532=CARTESIAN_POINT('',(3.0607,-2.54,2.54));
#12533=CARTESIAN_POINT('',(3.0607,-1.8415,2.54));
#12534=VECTOR('',#14237,1.0);
#12535=CARTESIAN_POINT('',(3.4417,-2.54,2.54));
#12536=CARTESIAN_POINT('',(2.794,-2.54,2.54));
#12537=VECTOR('',#14238,1.0);
#12538=CARTESIAN_POINT('',(3.4417,-1.8415,2.54));
#12539=VECTOR('',#14239,1.0);
#12540=CARTESIAN_POINT('',(4.6863,-2.54,2.54));
#12541=CARTESIAN_POINT('',(4.6863,-1.8415,2.54));
#12542=VECTOR('',#14240,1.0);
#12543=CARTESIAN_POINT('',(5.0673,-2.54,2.54));
#12544=CARTESIAN_POINT('',(2.794,-2.54,2.54));
#12545=VECTOR('',#14241,1.0);
#12546=CARTESIAN_POINT('',(5.0673,-1.8415,2.54));
#12547=VECTOR('',#14242,1.0);
#12548=CARTESIAN_POINT('',(5.6007,-2.54,2.54));
#12549=CARTESIAN_POINT('',(5.6007,-1.8415,2.54));
#12550=VECTOR('',#14243,1.0);
#12551=CARTESIAN_POINT('',(5.9817,-2.54,2.54));
#12552=CARTESIAN_POINT('',(5.334,-2.54,2.54));
#12553=VECTOR('',#14244,1.0);
#12554=CARTESIAN_POINT('',(5.9817,-1.8415,2.54));
#12555=VECTOR('',#14245,1.0);
#12556=CARTESIAN_POINT('',(7.2263,-2.54,2.54));
#12557=CARTESIAN_POINT('',(7.2263,-1.8415,2.54));
#12558=VECTOR('',#14246,1.0);
#12559=CARTESIAN_POINT('',(7.6073,-2.54,2.54));
#12560=CARTESIAN_POINT('',(5.334,-2.54,2.54));
#12561=VECTOR('',#14247,1.0);
#12562=CARTESIAN_POINT('',(7.6073,-1.8415,2.54));
#12563=VECTOR('',#14248,1.0);
#12564=CARTESIAN_POINT('',(8.1407,-2.54,2.54));
#12565=CARTESIAN_POINT('',(8.1407,-1.8415,2.54));
#12566=VECTOR('',#14249,1.0);
#12567=CARTESIAN_POINT('',(8.5217,-2.54,2.54));
#12568=CARTESIAN_POINT('',(7.874,-2.54,2.54));
#12569=VECTOR('',#14250,1.0);
#12570=CARTESIAN_POINT('',(8.5217,-1.8415,2.54));
#12571=VECTOR('',#14251,1.0);
#12572=CARTESIAN_POINT('',(9.7663,-2.54,2.54));
#12573=CARTESIAN_POINT('',(9.7663,-1.8415,2.54));
#12574=VECTOR('',#14252,1.0);
#12575=CARTESIAN_POINT('',(10.1473,-2.54,2.54));
#12576=CARTESIAN_POINT('',(7.874,-2.54,2.54));
#12577=VECTOR('',#14253,1.0);
#12578=CARTESIAN_POINT('',(10.1473,-1.8415,2.54));
#12579=VECTOR('',#14254,1.0);
#12580=COLOUR_RGB('',0.196078434586525,0.196078434586525,0.196078434586525);
#12581=CARTESIAN_POINT('',(0.254,0.0,0.0635));
#12582=CARTESIAN_POINT('',(0.254,0.0,0.0));
#12583=VECTOR('',#14255,1.0);
#12584=CARTESIAN_POINT('',(0.762,0.0,0.0635));
#12585=CARTESIAN_POINT('',(0.0,0.0,0.0635));
#12586=VECTOR('',#14256,1.0);
#12587=CARTESIAN_POINT('',(0.762,0.0,0.5715));
#12588=CARTESIAN_POINT('',(0.762,0.0,0.66675));
#12589=VECTOR('',#14257,1.0);
#12590=CARTESIAN_POINT('',(0.254,0.0,0.5715));
#12591=CARTESIAN_POINT('',(1.524,0.0,0.5715));
#12592=VECTOR('',#14258,1.0);
#12593=CARTESIAN_POINT('',(0.254,0.0,1.9685));
#12594=CARTESIAN_POINT('',(0.254,0.0,0.0));
#12595=VECTOR('',#14259,1.0);
#12596=CARTESIAN_POINT('',(0.762,0.0,1.9685));
#12597=CARTESIAN_POINT('',(1.524,0.0,1.9685));
#12598=VECTOR('',#14260,1.0);
#12599=CARTESIAN_POINT('',(0.762,0.0,2.4765));
#12600=CARTESIAN_POINT('',(0.762,0.0,0.66675));
#12601=VECTOR('',#14261,1.0);
#12602=CARTESIAN_POINT('',(0.254,0.0,2.4765));
#12603=CARTESIAN_POINT('',(0.0,0.0,2.4765));
#12604=VECTOR('',#14262,1.0);
#12605=CARTESIAN_POINT('',(0.254,0.0,0.0));
#12606=VECTOR('',#14263,1.0);
#12607=CARTESIAN_POINT('',(14.986,0.0,2.4765));
#12608=CARTESIAN_POINT('',(13.208,0.0,2.4765));
#12609=VECTOR('',#14264,1.0);
#12610=CARTESIAN_POINT('',(14.986,0.0,1.9685));
#12611=CARTESIAN_POINT('',(14.986,0.0,0.66675));
#12612=VECTOR('',#14265,1.0);
#12613=CARTESIAN_POINT('',(14.351,0.0,1.9685));
#12614=VECTOR('',#14266,1.0);
#12615=CARTESIAN_POINT('',(14.986,0.0,0.5715));
#12616=CARTESIAN_POINT('',(14.351,0.0,0.5715));
#12617=VECTOR('',#14267,1.0);
#12618=CARTESIAN_POINT('',(14.986,0.0,0.0635));
#12619=CARTESIAN_POINT('',(14.986,0.0,0.66675));
#12620=VECTOR('',#14268,1.0);
#12621=CARTESIAN_POINT('',(13.208,0.0,0.0635));
#12622=VECTOR('',#14269,1.0);
#12623=CARTESIAN_POINT('',(13.462,0.0,0.5715));
#12624=CARTESIAN_POINT('',(12.446,0.0,0.5715));
#12625=CARTESIAN_POINT('',(11.811,0.0,0.5715));
#12626=VECTOR('',#14270,1.0);
#12627=CARTESIAN_POINT('',(12.446,0.0,0.0635));
#12628=CARTESIAN_POINT('',(12.446,0.0,0.66675));
#12629=VECTOR('',#14271,1.0);
#12630=CARTESIAN_POINT('',(13.462,0.0,0.0635));
#12631=CARTESIAN_POINT('',(10.668,0.0,0.0635));
#12632=VECTOR('',#14272,1.0);
#12633=CARTESIAN_POINT('',(13.462,0.0,0.66675));
#12634=VECTOR('',#14273,1.0);
#12635=CARTESIAN_POINT('',(12.446,0.0,1.9685));
#12636=CARTESIAN_POINT('',(13.462,0.0,1.9685));
#12637=CARTESIAN_POINT('',(11.811,0.0,1.9685));
#12638=VECTOR('',#14274,1.0);
#12639=CARTESIAN_POINT('',(13.462,0.0,2.4765));
#12640=CARTESIAN_POINT('',(13.462,0.0,0.66675));
#12641=VECTOR('',#14275,1.0);
#12642=CARTESIAN_POINT('',(12.446,0.0,2.4765));
#12643=CARTESIAN_POINT('',(13.208,0.0,2.4765));
#12644=VECTOR('',#14276,1.0);
#12645=CARTESIAN_POINT('',(12.446,0.0,0.66675));
#12646=VECTOR('',#14277,1.0);
#12647=CARTESIAN_POINT('',(10.922,0.0,0.5715));
#12648=CARTESIAN_POINT('',(9.906,0.0,0.5715));
#12649=CARTESIAN_POINT('',(9.271,0.0,0.5715));
#12650=VECTOR('',#14278,1.0);
#12651=CARTESIAN_POINT('',(9.906,0.0,0.0635));
#12652=CARTESIAN_POINT('',(9.906,0.0,0.66675));
#12653=VECTOR('',#14279,1.0);
#12654=CARTESIAN_POINT('',(10.922,0.0,0.0635));
#12655=CARTESIAN_POINT('',(8.128,0.0,0.0635));
#12656=VECTOR('',#14280,1.0);
#12657=CARTESIAN_POINT('',(10.922,0.0,0.66675));
#12658=VECTOR('',#14281,1.0);
#12659=CARTESIAN_POINT('',(7.366,0.0,1.9685));
#12660=CARTESIAN_POINT('',(8.382,0.0,1.9685));
#12661=CARTESIAN_POINT('',(6.731,0.0,1.9685));
#12662=VECTOR('',#14282,1.0);
#12663=CARTESIAN_POINT('',(8.382,0.0,2.4765));
#12664=CARTESIAN_POINT('',(8.382,0.0,0.66675));
#12665=VECTOR('',#14283,1.0);
#12666=CARTESIAN_POINT('',(7.366,0.0,2.4765));
#12667=CARTESIAN_POINT('',(8.128,0.0,2.4765));
#12668=VECTOR('',#14284,1.0);
#12669=CARTESIAN_POINT('',(7.366,0.0,0.66675));
#12670=VECTOR('',#14285,1.0);
#12671=CARTESIAN_POINT('',(5.842,0.0,0.5715));
#12672=CARTESIAN_POINT('',(4.826,0.0,0.5715));
#12673=CARTESIAN_POINT('',(4.191,0.0,0.5715));
#12674=VECTOR('',#14286,1.0);
#12675=CARTESIAN_POINT('',(4.826,0.0,0.0635));
#12676=CARTESIAN_POINT('',(4.826,0.0,0.66675));
#12677=VECTOR('',#14287,1.0);
#12678=CARTESIAN_POINT('',(5.842,0.0,0.0635));
#12679=CARTESIAN_POINT('',(3.048,0.0,0.0635));
#12680=VECTOR('',#14288,1.0);
#12681=CARTESIAN_POINT('',(5.842,0.0,0.66675));
#12682=VECTOR('',#14289,1.0);
#12683=CARTESIAN_POINT('',(2.286,0.0,1.9685));
#12684=CARTESIAN_POINT('',(3.302,0.0,1.9685));
#12685=CARTESIAN_POINT('',(1.524,0.0,1.9685));
#12686=VECTOR('',#14290,1.0);
#12687=CARTESIAN_POINT('',(3.302,0.0,2.4765));
#12688=CARTESIAN_POINT('',(3.302,0.0,0.66675));
#12689=VECTOR('',#14291,1.0);
#12690=CARTESIAN_POINT('',(2.286,0.0,2.4765));
#12691=CARTESIAN_POINT('',(3.048,0.0,2.4765));
#12692=VECTOR('',#14292,1.0);
#12693=CARTESIAN_POINT('',(2.286,0.0,0.66675));
#12694=VECTOR('',#14293,1.0);
#12695=CARTESIAN_POINT('',(3.302,0.0,0.5715));
#12696=CARTESIAN_POINT('',(2.286,0.0,0.5715));
#12697=CARTESIAN_POINT('',(1.524,0.0,0.5715));
#12698=VECTOR('',#14294,1.0);
#12699=CARTESIAN_POINT('',(2.286,0.0,0.0635));
#12700=CARTESIAN_POINT('',(2.286,0.0,0.66675));
#12701=VECTOR('',#14295,1.0);
#12702=CARTESIAN_POINT('',(3.302,0.0,0.0635));
#12703=CARTESIAN_POINT('',(0.0,0.0,0.0635));
#12704=VECTOR('',#14296,1.0);
#12705=CARTESIAN_POINT('',(3.302,0.0,0.66675));
#12706=VECTOR('',#14297,1.0);
#12707=CARTESIAN_POINT('',(4.826,0.0,1.9685));
#12708=CARTESIAN_POINT('',(5.842,0.0,1.9685));
#12709=CARTESIAN_POINT('',(4.191,0.0,1.9685));
#12710=VECTOR('',#14298,1.0);
#12711=CARTESIAN_POINT('',(5.842,0.0,2.4765));
#12712=CARTESIAN_POINT('',(5.842,0.0,0.66675));
#12713=VECTOR('',#14299,1.0);
#12714=CARTESIAN_POINT('',(4.826,0.0,2.4765));
#12715=CARTESIAN_POINT('',(5.588,0.0,2.4765));
#12716=VECTOR('',#14300,1.0);
#12717=CARTESIAN_POINT('',(4.826,0.0,0.66675));
#12718=VECTOR('',#14301,1.0);
#12719=CARTESIAN_POINT('',(8.382,0.0,0.5715));
#12720=CARTESIAN_POINT('',(7.366,0.0,0.5715));
#12721=CARTESIAN_POINT('',(6.731,0.0,0.5715));
#12722=VECTOR('',#14302,1.0);
#12723=CARTESIAN_POINT('',(7.366,0.0,0.0635));
#12724=CARTESIAN_POINT('',(7.366,0.0,0.66675));
#12725=VECTOR('',#14303,1.0);
#12726=CARTESIAN_POINT('',(8.382,0.0,0.0635));
#12727=CARTESIAN_POINT('',(5.588,0.0,0.0635));
#12728=VECTOR('',#14304,1.0);
#12729=CARTESIAN_POINT('',(8.382,0.0,0.66675));
#12730=VECTOR('',#14305,1.0);
#12731=CARTESIAN_POINT('',(9.906,0.0,1.9685));
#12732=CARTESIAN_POINT('',(10.922,0.0,1.9685));
#12733=CARTESIAN_POINT('',(9.271,0.0,1.9685));
#12734=VECTOR('',#14306,1.0);
#12735=CARTESIAN_POINT('',(10.922,0.0,2.4765));
#12736=CARTESIAN_POINT('',(10.922,0.0,0.66675));
#12737=VECTOR('',#14307,1.0);
#12738=CARTESIAN_POINT('',(9.906,0.0,2.4765));
#12739=CARTESIAN_POINT('',(10.668,0.0,2.4765));
#12740=VECTOR('',#14308,1.0);
#12741=CARTESIAN_POINT('',(9.906,0.0,0.66675));
#12742=VECTOR('',#14309,1.0);
#12743=COLOUR_RGB('',0.196078434586525,0.196078434586525,0.196078434586525);
#12744=CARTESIAN_POINT('',(10.6807,-2.54,2.032));
#12745=CARTESIAN_POINT('',(10.6807,-2.413,2.032));
#12746=VECTOR('',#14310,1.0);
#12747=CARTESIAN_POINT('',(11.0617,-2.54,2.032));
#12748=CARTESIAN_POINT('',(11.0617,-2.413,2.032));
#12749=VECTOR('',#14311,1.0);
#12750=CARTESIAN_POINT('',(11.684,-2.54,2.032));
#12751=VECTOR('',#14312,1.0);
#12752=COLOUR_RGB('',0.196078434586525,0.196078434586525,0.196078434586525);
#12753=CARTESIAN_POINT('',(10.6807,-2.54,0.508));
#12754=CARTESIAN_POINT('',(10.6807,-2.413,0.508));
#12755=VECTOR('',#14313,1.0);
#12756=CARTESIAN_POINT('',(11.0617,-2.54,0.508));
#12757=CARTESIAN_POINT('',(11.684,-2.54,0.508));
#12758=VECTOR('',#14314,1.0);
#12759=CARTESIAN_POINT('',(11.0617,-2.413,0.508));
#12760=VECTOR('',#14315,1.0);
#12761=COLOUR_RGB('',0.196078434586525,0.196078434586525,0.196078434586525);
#12762=CARTESIAN_POINT('',(12.6873,-2.54,0.508));
#12763=CARTESIAN_POINT('',(12.6873,-2.413,0.508));
#12764=VECTOR('',#14316,1.0);
#12765=CARTESIAN_POINT('',(12.3063,-2.54,0.508));
#12766=CARTESIAN_POINT('',(12.3063,-2.413,0.508));
#12767=VECTOR('',#14317,1.0);
#12768=CARTESIAN_POINT('',(11.684,-2.54,0.508));
#12769=VECTOR('',#14318,1.0);
#12770=COLOUR_RGB('',0.196078434586525,0.196078434586525,0.196078434586525);
#12771=CARTESIAN_POINT('',(12.6873,-2.54,2.032));
#12772=CARTESIAN_POINT('',(12.6873,-2.413,2.032));
#12773=VECTOR('',#14319,1.0);
#12774=CARTESIAN_POINT('',(12.3063,-2.54,2.032));
#12775=CARTESIAN_POINT('',(11.684,-2.54,2.032));
#12776=VECTOR('',#14320,1.0);
#12777=CARTESIAN_POINT('',(12.3063,-2.413,2.032));
#12778=VECTOR('',#14321,1.0);
#12779=COLOUR_RGB('',0.196078434586525,0.196078434586525,0.196078434586525);
#12780=CARTESIAN_POINT('',(12.6873,-2.54,0.635));
#12781=VECTOR('',#14322,1.0);
#12782=COLOUR_RGB('',0.196078434586525,0.196078434586525,0.196078434586525);
#12783=CARTESIAN_POINT('',(12.3063,-2.54,0.635));
#12784=VECTOR('',#14323,1.0);
#12785=COLOUR_RGB('',0.196078434586525,0.196078434586525,0.196078434586525);
#12786=CARTESIAN_POINT('',(10.6807,-2.54,0.635));
#12787=VECTOR('',#14324,1.0);
#12788=COLOUR_RGB('',0.196078434586525,0.196078434586525,0.196078434586525);
#12789=CARTESIAN_POINT('',(10.6807,-2.54,0.635));
#12790=VECTOR('',#14325,1.0);
#12791=COLOUR_RGB('',0.196078434586525,0.196078434586525,0.196078434586525);
#12792=COLOUR_RGB('',0.196078434586525,0.196078434586525,0.196078434586525);
#12793=CARTESIAN_POINT('',(11.0617,-2.54,0.635));
#12794=VECTOR('',#14326,1.0);
#12795=COLOUR_RGB('',0.196078434586525,0.196078434586525,0.196078434586525);
#12796=CARTESIAN_POINT('',(11.0617,-2.54,0.635));
#12797=VECTOR('',#14327,1.0);
#12798=COLOUR_RGB('',0.196078434586525,0.196078434586525,0.196078434586525);
#12799=COLOUR_RGB('',0.196078434586525,0.196078434586525,0.196078434586525);
#12800=CARTESIAN_POINT('',(12.3063,-2.54,0.635));
#12801=VECTOR('',#14328,1.0);
#12802=COLOUR_RGB('',0.196078434586525,0.196078434586525,0.196078434586525);
#12803=COLOUR_RGB('',0.196078434586525,0.196078434586525,0.196078434586525);
#12804=CARTESIAN_POINT('',(12.6873,-2.54,0.635));
#12805=VECTOR('',#14329,1.0);
#12806=COLOUR_RGB('',0.196078434586525,0.196078434586525,0.196078434586525);
#12807=COLOUR_RGB('',0.196078434586525,0.196078434586525,0.196078434586525);
#12808=CARTESIAN_POINT('',(8.1407,-2.54,2.032));
#12809=CARTESIAN_POINT('',(8.1407,-2.413,2.032));
#12810=VECTOR('',#14330,1.0);
#12811=CARTESIAN_POINT('',(8.5217,-2.54,2.032));
#12812=CARTESIAN_POINT('',(8.5217,-2.413,2.032));
#12813=VECTOR('',#14331,1.0);
#12814=CARTESIAN_POINT('',(9.144,-2.54,2.032));
#12815=VECTOR('',#14332,1.0);
#12816=COLOUR_RGB('',0.196078434586525,0.196078434586525,0.196078434586525);
#12817=CARTESIAN_POINT('',(8.1407,-2.54,0.508));
#12818=CARTESIAN_POINT('',(8.1407,-2.413,0.508));
#12819=VECTOR('',#14333,1.0);
#12820=CARTESIAN_POINT('',(8.5217,-2.54,0.508));
#12821=CARTESIAN_POINT('',(9.144,-2.54,0.508));
#12822=VECTOR('',#14334,1.0);
#12823=CARTESIAN_POINT('',(8.5217,-2.413,0.508));
#12824=VECTOR('',#14335,1.0);
#12825=COLOUR_RGB('',0.196078434586525,0.196078434586525,0.196078434586525);
#12826=CARTESIAN_POINT('',(10.1473,-2.54,0.508));
#12827=CARTESIAN_POINT('',(10.1473,-2.413,0.508));
#12828=VECTOR('',#14336,1.0);
#12829=CARTESIAN_POINT('',(9.7663,-2.54,0.508));
#12830=CARTESIAN_POINT('',(9.7663,-2.413,0.508));
#12831=VECTOR('',#14337,1.0);
#12832=CARTESIAN_POINT('',(9.144,-2.54,0.508));
#12833=VECTOR('',#14338,1.0);
#12834=COLOUR_RGB('',0.196078434586525,0.196078434586525,0.196078434586525);
#12835=CARTESIAN_POINT('',(10.1473,-2.54,2.032));
#12836=CARTESIAN_POINT('',(10.1473,-2.413,2.032));
#12837=VECTOR('',#14339,1.0);
#12838=CARTESIAN_POINT('',(9.7663,-2.54,2.032));
#12839=CARTESIAN_POINT('',(9.144,-2.54,2.032));
#12840=VECTOR('',#14340,1.0);
#12841=CARTESIAN_POINT('',(9.7663,-2.413,2.032));
#12842=VECTOR('',#14341,1.0);
#12843=COLOUR_RGB('',0.196078434586525,0.196078434586525,0.196078434586525);
#12844=CARTESIAN_POINT('',(10.1473,-2.54,0.635));
#12845=VECTOR('',#14342,1.0);
#12846=COLOUR_RGB('',0.196078434586525,0.196078434586525,0.196078434586525);
#12847=CARTESIAN_POINT('',(9.7663,-2.54,0.635));
#12848=VECTOR('',#14343,1.0);
#12849=COLOUR_RGB('',0.196078434586525,0.196078434586525,0.196078434586525);
#12850=CARTESIAN_POINT('',(8.1407,-2.54,0.635));
#12851=VECTOR('',#14344,1.0);
#12852=COLOUR_RGB('',0.196078434586525,0.196078434586525,0.196078434586525);
#12853=CARTESIAN_POINT('',(8.1407,-2.54,0.635));
#12854=VECTOR('',#14345,1.0);
#12855=COLOUR_RGB('',0.196078434586525,0.196078434586525,0.196078434586525);
#12856=COLOUR_RGB('',0.196078434586525,0.196078434586525,0.196078434586525);
#12857=CARTESIAN_POINT('',(8.5217,-2.54,0.635));
#12858=VECTOR('',#14346,1.0);
#12859=COLOUR_RGB('',0.196078434586525,0.196078434586525,0.196078434586525);
#12860=CARTESIAN_POINT('',(8.5217,-2.54,0.635));
#12861=VECTOR('',#14347,1.0);
#12862=COLOUR_RGB('',0.196078434586525,0.196078434586525,0.196078434586525);
#12863=COLOUR_RGB('',0.196078434586525,0.196078434586525,0.196078434586525);
#12864=CARTESIAN_POINT('',(9.7663,-2.54,0.635));
#12865=VECTOR('',#14348,1.0);
#12866=COLOUR_RGB('',0.196078434586525,0.196078434586525,0.196078434586525);
#12867=COLOUR_RGB('',0.196078434586525,0.196078434586525,0.196078434586525);
#12868=CARTESIAN_POINT('',(10.1473,-2.54,0.635));
#12869=VECTOR('',#14349,1.0);
#12870=COLOUR_RGB('',0.196078434586525,0.196078434586525,0.196078434586525);
#12871=COLOUR_RGB('',0.196078434586525,0.196078434586525,0.196078434586525);
#12872=CARTESIAN_POINT('',(5.6007,-2.54,2.032));
#12873=CARTESIAN_POINT('',(5.6007,-2.413,2.032));
#12874=VECTOR('',#14350,1.0);
#12875=CARTESIAN_POINT('',(5.9817,-2.54,2.032));
#12876=CARTESIAN_POINT('',(5.9817,-2.413,2.032));
#12877=VECTOR('',#14351,1.0);
#12878=CARTESIAN_POINT('',(6.604,-2.54,2.032));
#12879=VECTOR('',#14352,1.0);
#12880=COLOUR_RGB('',0.196078434586525,0.196078434586525,0.196078434586525);
#12881=CARTESIAN_POINT('',(5.6007,-2.54,0.508));
#12882=CARTESIAN_POINT('',(5.6007,-2.413,0.508));
#12883=VECTOR('',#14353,1.0);
#12884=CARTESIAN_POINT('',(5.9817,-2.54,0.508));
#12885=CARTESIAN_POINT('',(6.604,-2.54,0.508));
#12886=VECTOR('',#14354,1.0);
#12887=CARTESIAN_POINT('',(5.9817,-2.413,0.508));
#12888=VECTOR('',#14355,1.0);
#12889=COLOUR_RGB('',0.196078434586525,0.196078434586525,0.196078434586525);
#12890=CARTESIAN_POINT('',(7.6073,-2.54,0.508));
#12891=CARTESIAN_POINT('',(7.6073,-2.413,0.508));
#12892=VECTOR('',#14356,1.0);
#12893=CARTESIAN_POINT('',(7.2263,-2.54,0.508));
#12894=CARTESIAN_POINT('',(7.2263,-2.413,0.508));
#12895=VECTOR('',#14357,1.0);
#12896=CARTESIAN_POINT('',(6.604,-2.54,0.508));
#12897=VECTOR('',#14358,1.0);
#12898=COLOUR_RGB('',0.196078434586525,0.196078434586525,0.196078434586525);
#12899=CARTESIAN_POINT('',(7.6073,-2.54,2.032));
#12900=CARTESIAN_POINT('',(7.6073,-2.413,2.032));
#12901=VECTOR('',#14359,1.0);
#12902=CARTESIAN_POINT('',(7.2263,-2.54,2.032));
#12903=CARTESIAN_POINT('',(6.604,-2.54,2.032));
#12904=VECTOR('',#14360,1.0);
#12905=CARTESIAN_POINT('',(7.2263,-2.413,2.032));
#12906=VECTOR('',#14361,1.0);
#12907=COLOUR_RGB('',0.196078434586525,0.196078434586525,0.196078434586525);
#12908=CARTESIAN_POINT('',(7.6073,-2.54,0.635));
#12909=VECTOR('',#14362,1.0);
#12910=COLOUR_RGB('',0.196078434586525,0.196078434586525,0.196078434586525);
#12911=CARTESIAN_POINT('',(7.2263,-2.54,0.635));
#12912=VECTOR('',#14363,1.0);
#12913=COLOUR_RGB('',0.196078434586525,0.196078434586525,0.196078434586525);
#12914=CARTESIAN_POINT('',(5.6007,-2.54,0.635));
#12915=VECTOR('',#14364,1.0);
#12916=COLOUR_RGB('',0.196078434586525,0.196078434586525,0.196078434586525);
#12917=CARTESIAN_POINT('',(5.6007,-2.54,0.635));
#12918=VECTOR('',#14365,1.0);
#12919=COLOUR_RGB('',0.196078434586525,0.196078434586525,0.196078434586525);
#12920=COLOUR_RGB('',0.196078434586525,0.196078434586525,0.196078434586525);
#12921=CARTESIAN_POINT('',(5.9817,-2.54,0.635));
#12922=VECTOR('',#14366,1.0);
#12923=COLOUR_RGB('',0.196078434586525,0.196078434586525,0.196078434586525);
#12924=CARTESIAN_POINT('',(5.9817,-2.54,0.635));
#12925=VECTOR('',#14367,1.0);
#12926=COLOUR_RGB('',0.196078434586525,0.196078434586525,0.196078434586525);
#12927=COLOUR_RGB('',0.196078434586525,0.196078434586525,0.196078434586525);
#12928=CARTESIAN_POINT('',(7.2263,-2.54,0.635));
#12929=VECTOR('',#14368,1.0);
#12930=COLOUR_RGB('',0.196078434586525,0.196078434586525,0.196078434586525);
#12931=COLOUR_RGB('',0.196078434586525,0.196078434586525,0.196078434586525);
#12932=CARTESIAN_POINT('',(7.6073,-2.54,0.635));
#12933=VECTOR('',#14369,1.0);
#12934=COLOUR_RGB('',0.196078434586525,0.196078434586525,0.196078434586525);
#12935=COLOUR_RGB('',0.196078434586525,0.196078434586525,0.196078434586525);
#12936=CARTESIAN_POINT('',(0.5207,-2.54,2.032));
#12937=CARTESIAN_POINT('',(0.5207,-2.413,2.032));
#12938=VECTOR('',#14370,1.0);
#12939=CARTESIAN_POINT('',(0.9017,-2.54,2.032));
#12940=CARTESIAN_POINT('',(0.9017,-2.413,2.032));
#12941=VECTOR('',#14371,1.0);
#12942=CARTESIAN_POINT('',(1.524,-2.54,2.032));
#12943=VECTOR('',#14372,1.0);
#12944=COLOUR_RGB('',0.196078434586525,0.196078434586525,0.196078434586525);
#12945=CARTESIAN_POINT('',(0.5207,-2.54,0.508));
#12946=CARTESIAN_POINT('',(0.5207,-2.413,0.508));
#12947=VECTOR('',#14373,1.0);
#12948=CARTESIAN_POINT('',(0.9017,-2.54,0.508));
#12949=CARTESIAN_POINT('',(1.524,-2.54,0.508));
#12950=VECTOR('',#14374,1.0);
#12951=CARTESIAN_POINT('',(0.9017,-2.413,0.508));
#12952=VECTOR('',#14375,1.0);
#12953=COLOUR_RGB('',0.196078434586525,0.196078434586525,0.196078434586525);
#12954=CARTESIAN_POINT('',(2.5273,-2.54,0.508));
#12955=CARTESIAN_POINT('',(2.5273,-2.413,0.508));
#12956=VECTOR('',#14376,1.0);
#12957=CARTESIAN_POINT('',(2.1463,-2.54,0.508));
#12958=CARTESIAN_POINT('',(2.1463,-2.413,0.508));
#12959=VECTOR('',#14377,1.0);
#12960=CARTESIAN_POINT('',(1.524,-2.54,0.508));
#12961=VECTOR('',#14378,1.0);
#12962=COLOUR_RGB('',0.196078434586525,0.196078434586525,0.196078434586525);
#12963=CARTESIAN_POINT('',(2.5273,-2.54,2.032));
#12964=CARTESIAN_POINT('',(2.5273,-2.413,2.032));
#12965=VECTOR('',#14379,1.0);
#12966=CARTESIAN_POINT('',(2.1463,-2.54,2.032));
#12967=CARTESIAN_POINT('',(1.524,-2.54,2.032));
#12968=VECTOR('',#14380,1.0);
#12969=CARTESIAN_POINT('',(2.1463,-2.413,2.032));
#12970=VECTOR('',#14381,1.0);
#12971=COLOUR_RGB('',0.196078434586525,0.196078434586525,0.196078434586525);
#12972=CARTESIAN_POINT('',(2.5273,-2.54,0.635));
#12973=VECTOR('',#14382,1.0);
#12974=COLOUR_RGB('',0.196078434586525,0.196078434586525,0.196078434586525);
#12975=CARTESIAN_POINT('',(2.1463,-2.54,0.635));
#12976=VECTOR('',#14383,1.0);
#12977=COLOUR_RGB('',0.196078434586525,0.196078434586525,0.196078434586525);
#12978=CARTESIAN_POINT('',(0.5207,-2.54,0.635));
#12979=VECTOR('',#14384,1.0);
#12980=COLOUR_RGB('',0.196078434586525,0.196078434586525,0.196078434586525);
#12981=CARTESIAN_POINT('',(0.5207,-2.54,0.635));
#12982=VECTOR('',#14385,1.0);
#12983=COLOUR_RGB('',0.196078434586525,0.196078434586525,0.196078434586525);
#12984=COLOUR_RGB('',0.196078434586525,0.196078434586525,0.196078434586525);
#12985=CARTESIAN_POINT('',(0.9017,-2.54,0.635));
#12986=VECTOR('',#14386,1.0);
#12987=COLOUR_RGB('',0.196078434586525,0.196078434586525,0.196078434586525);
#12988=CARTESIAN_POINT('',(0.9017,-2.54,0.635));
#12989=VECTOR('',#14387,1.0);
#12990=COLOUR_RGB('',0.196078434586525,0.196078434586525,0.196078434586525);
#12991=COLOUR_RGB('',0.196078434586525,0.196078434586525,0.196078434586525);
#12992=CARTESIAN_POINT('',(2.1463,-2.54,0.635));
#12993=VECTOR('',#14388,1.0);
#12994=COLOUR_RGB('',0.196078434586525,0.196078434586525,0.196078434586525);
#12995=COLOUR_RGB('',0.196078434586525,0.196078434586525,0.196078434586525);
#12996=CARTESIAN_POINT('',(2.5273,-2.54,0.635));
#12997=VECTOR('',#14389,1.0);
#12998=COLOUR_RGB('',0.196078434586525,0.196078434586525,0.196078434586525);
#12999=COLOUR_RGB('',0.196078434586525,0.196078434586525,0.196078434586525);
#13000=CARTESIAN_POINT('',(0.254,0.0,0.03175));
#13001=VECTOR('',#14390,1.0);
#13002=CARTESIAN_POINT('',(0.254,0.0,0.03175));
#13003=VECTOR('',#14391,1.0);
#13004=COLOUR_RGB('',0.196078434586525,0.196078434586525,0.196078434586525);
#13005=CARTESIAN_POINT('',(3.0607,-2.54,2.032));
#13006=CARTESIAN_POINT('',(3.0607,-2.413,2.032));
#13007=VECTOR('',#14392,1.0);
#13008=CARTESIAN_POINT('',(3.4417,-2.54,2.032));
#13009=CARTESIAN_POINT('',(3.4417,-2.413,2.032));
#13010=VECTOR('',#14393,1.0);
#13011=CARTESIAN_POINT('',(4.064,-2.54,2.032));
#13012=VECTOR('',#14394,1.0);
#13013=COLOUR_RGB('',0.196078434586525,0.196078434586525,0.196078434586525);
#13014=CARTESIAN_POINT('',(3.0607,-2.54,0.508));
#13015=CARTESIAN_POINT('',(3.0607,-2.413,0.508));
#13016=VECTOR('',#14395,1.0);
#13017=CARTESIAN_POINT('',(3.4417,-2.54,0.508));
#13018=CARTESIAN_POINT('',(4.064,-2.54,0.508));
#13019=VECTOR('',#14396,1.0);
#13020=CARTESIAN_POINT('',(3.4417,-2.413,0.508));
#13021=VECTOR('',#14397,1.0);
#13022=COLOUR_RGB('',0.196078434586525,0.196078434586525,0.196078434586525);
#13023=CARTESIAN_POINT('',(5.0673,-2.54,0.508));
#13024=CARTESIAN_POINT('',(5.0673,-2.413,0.508));
#13025=VECTOR('',#14398,1.0);
#13026=CARTESIAN_POINT('',(4.6863,-2.54,0.508));
#13027=CARTESIAN_POINT('',(4.6863,-2.413,0.508));
#13028=VECTOR('',#14399,1.0);
#13029=CARTESIAN_POINT('',(4.064,-2.54,0.508));
#13030=VECTOR('',#14400,1.0);
#13031=COLOUR_RGB('',0.196078434586525,0.196078434586525,0.196078434586525);
#13032=CARTESIAN_POINT('',(5.0673,-2.54,2.032));
#13033=CARTESIAN_POINT('',(5.0673,-2.413,2.032));
#13034=VECTOR('',#14401,1.0);
#13035=CARTESIAN_POINT('',(4.6863,-2.54,2.032));
#13036=CARTESIAN_POINT('',(4.064,-2.54,2.032));
#13037=VECTOR('',#14402,1.0);
#13038=CARTESIAN_POINT('',(4.6863,-2.413,2.032));
#13039=VECTOR('',#14403,1.0);
#13040=COLOUR_RGB('',0.196078434586525,0.196078434586525,0.196078434586525);
#13041=CARTESIAN_POINT('',(5.0673,-2.54,0.635));
#13042=VECTOR('',#14404,1.0);
#13043=COLOUR_RGB('',0.196078434586525,0.196078434586525,0.196078434586525);
#13044=CARTESIAN_POINT('',(4.6863,-2.54,0.635));
#13045=VECTOR('',#14405,1.0);
#13046=COLOUR_RGB('',0.196078434586525,0.196078434586525,0.196078434586525);
#13047=CARTESIAN_POINT('',(3.0607,-2.54,0.635));
#13048=VECTOR('',#14406,1.0);
#13049=COLOUR_RGB('',0.196078434586525,0.196078434586525,0.196078434586525);
#13050=CARTESIAN_POINT('',(3.0607,-2.54,0.635));
#13051=VECTOR('',#14407,1.0);
#13052=COLOUR_RGB('',0.196078434586525,0.196078434586525,0.196078434586525);
#13053=COLOUR_RGB('',0.196078434586525,0.196078434586525,0.196078434586525);
#13054=CARTESIAN_POINT('',(3.4417,-2.54,0.635));
#13055=VECTOR('',#14408,1.0);
#13056=COLOUR_RGB('',0.196078434586525,0.196078434586525,0.196078434586525);
#13057=CARTESIAN_POINT('',(3.4417,-2.54,0.635));
#13058=VECTOR('',#14409,1.0);
#13059=COLOUR_RGB('',0.196078434586525,0.196078434586525,0.196078434586525);
#13060=COLOUR_RGB('',0.196078434586525,0.196078434586525,0.196078434586525);
#13061=CARTESIAN_POINT('',(4.6863,-2.54,0.635));
#13062=VECTOR('',#14410,1.0);
#13063=COLOUR_RGB('',0.196078434586525,0.196078434586525,0.196078434586525);
#13064=COLOUR_RGB('',0.196078434586525,0.196078434586525,0.196078434586525);
#13065=CARTESIAN_POINT('',(5.0673,-2.54,0.635));
#13066=VECTOR('',#14411,1.0);
#13067=COLOUR_RGB('',0.196078434586525,0.196078434586525,0.196078434586525);
#13068=COLOUR_RGB('',0.196078434586525,0.196078434586525,0.196078434586525);
#13069=CARTESIAN_POINT('',(15.748,0.254,0.5715));
#13070=CARTESIAN_POINT('',(15.748,0.0,0.5715));
#13071=CARTESIAN_POINT('',(15.748,2.19075,0.5715));
#13072=VECTOR('',#14412,1.0);
#13073=CARTESIAN_POINT('',(14.986,0.254,0.5715));
#13074=CARTESIAN_POINT('',(14.224,0.254,0.5715));
#13075=VECTOR('',#14413,1.0);
#13076=CARTESIAN_POINT('',(14.986,0.127,0.5715));
#13077=VECTOR('',#14414,1.0);
#13078=CARTESIAN_POINT('',(14.351,0.0,0.5715));
#13079=VECTOR('',#14415,1.0);
#13080=COLOUR_RGB('',0.196078434586525,0.196078434586525,0.196078434586525);
#13081=CARTESIAN_POINT('',(14.986,0.254,2.4765));
#13082=CARTESIAN_POINT('',(14.986,2.19075,2.4765));
#13083=VECTOR('',#14416,1.0);
#13084=CARTESIAN_POINT('',(14.986,0.254,1.9685));
#13085=CARTESIAN_POINT('',(14.986,0.254,1.27));
#13086=VECTOR('',#14417,1.0);
#13087=CARTESIAN_POINT('',(14.986,0.127,1.9685));
#13088=VECTOR('',#14418,1.0);
#13089=COLOUR_RGB('',0.196078434586525,0.196078434586525,0.196078434586525);
#13090=CARTESIAN_POINT('',(13.462,0.254,0.0635));
#13091=CARTESIAN_POINT('',(13.462,2.19075,0.0635));
#13092=VECTOR('',#14419,1.0);
#13093=CARTESIAN_POINT('',(13.462,0.254,0.5715));
#13094=CARTESIAN_POINT('',(13.462,0.254,1.27));
#13095=VECTOR('',#14420,1.0);
#13096=CARTESIAN_POINT('',(13.462,0.127,0.5715));
#13097=VECTOR('',#14421,1.0);
#13098=COLOUR_RGB('',0.196078434586525,0.196078434586525,0.196078434586525);
#13099=CARTESIAN_POINT('',(15.748,0.0,1.9685));
#13100=CARTESIAN_POINT('',(15.748,0.254,1.9685));
#13101=CARTESIAN_POINT('',(15.748,2.19075,1.9685));
#13102=VECTOR('',#14422,1.0);
#13103=CARTESIAN_POINT('',(14.351,0.0,1.9685));
#13104=VECTOR('',#14423,1.0);
#13105=CARTESIAN_POINT('',(14.224,0.254,1.9685));
#13106=VECTOR('',#14424,1.0);
#13107=COLOUR_RGB('',0.196078434586525,0.196078434586525,0.196078434586525);
#13108=CARTESIAN_POINT('',(13.462,0.254,2.4765));
#13109=CARTESIAN_POINT('',(13.462,2.19075,2.4765));
#13110=VECTOR('',#14425,1.0);
#13111=CARTESIAN_POINT('',(13.462,0.254,1.9685));
#13112=CARTESIAN_POINT('',(13.462,0.127,1.9685));
#13113=VECTOR('',#14426,1.0);
#13114=CARTESIAN_POINT('',(13.462,0.254,1.27));
#13115=VECTOR('',#14427,1.0);
#13116=COLOUR_RGB('',0.196078434586525,0.196078434586525,0.196078434586525);
#13117=CARTESIAN_POINT('',(14.986,0.254,0.0635));
#13118=CARTESIAN_POINT('',(14.986,2.19075,0.0635));
#13119=VECTOR('',#14428,1.0);
#13120=CARTESIAN_POINT('',(14.986,0.254,1.27));
#13121=VECTOR('',#14429,1.0);
#13122=COLOUR_RGB('',0.196078434586525,0.196078434586525,0.196078434586525);
#13123=CARTESIAN_POINT('',(15.748,0.0,2.4765));
#13124=CARTESIAN_POINT('',(15.748,0.0,0.0635));
#13125=VECTOR('',#14430,1.0);
#13126=CARTESIAN_POINT('',(13.208,0.0,2.4765));
#13127=VECTOR('',#14431,1.0);
#13128=COLOUR_RGB('',0.196078434586525,0.196078434586525,0.196078434586525);
#13129=CARTESIAN_POINT('',(15.748,0.0,0.0635));
#13130=CARTESIAN_POINT('',(13.208,0.0,0.0635));
#13131=VECTOR('',#14432,1.0);
#13132=CARTESIAN_POINT('',(15.748,0.0,0.0635));
#13133=VECTOR('',#14433,1.0);
#13134=COLOUR_RGB('',0.196078434586525,0.196078434586525,0.196078434586525);
#13135=CARTESIAN_POINT('',(15.748,8.509,0.0635));
#13136=CARTESIAN_POINT('',(15.748,0.0,0.0635));
#13137=VECTOR('',#14434,1.0);
#13138=CARTESIAN_POINT('',(15.748,8.509,2.4765));
#13139=CARTESIAN_POINT('',(15.748,8.509,0.0635));
#13140=VECTOR('',#14435,1.0);
#13141=CARTESIAN_POINT('',(15.748,0.0,2.4765));
#13142=VECTOR('',#14436,1.0);
#13143=CARTESIAN_POINT('',(15.748,0.254,0.66675));
#13144=VECTOR('',#14437,1.0);
#13145=COLOUR_RGB('',0.196078434586525,0.196078434586525,0.196078434586525);
#13146=CARTESIAN_POINT('',(12.446,0.254,0.5715));
#13147=CARTESIAN_POINT('',(14.224,0.254,0.5715));
#13148=VECTOR('',#14438,1.0);
#13149=CARTESIAN_POINT('',(12.446,0.127,0.5715));
#13150=VECTOR('',#14439,1.0);
#13151=COLOUR_RGB('',0.196078434586525,0.196078434586525,0.196078434586525);
#13152=CARTESIAN_POINT('',(12.446,0.254,2.4765));
#13153=CARTESIAN_POINT('',(12.446,2.19075,2.4765));
#13154=VECTOR('',#14440,1.0);
#13155=CARTESIAN_POINT('',(12.446,0.254,1.9685));
#13156=CARTESIAN_POINT('',(12.446,0.254,1.27));
#13157=VECTOR('',#14441,1.0);
#13158=CARTESIAN_POINT('',(12.446,0.127,1.9685));
#13159=VECTOR('',#14442,1.0);
#13160=COLOUR_RGB('',0.196078434586525,0.196078434586525,0.196078434586525);
#13161=CARTESIAN_POINT('',(10.922,0.254,0.0635));
#13162=CARTESIAN_POINT('',(10.922,2.19075,0.0635));
#13163=VECTOR('',#14443,1.0);
#13164=CARTESIAN_POINT('',(10.922,0.254,0.5715));
#13165=CARTESIAN_POINT('',(10.922,0.254,1.27));
#13166=VECTOR('',#14444,1.0);
#13167=CARTESIAN_POINT('',(10.922,0.127,0.5715));
#13168=VECTOR('',#14445,1.0);
#13169=COLOUR_RGB('',0.196078434586525,0.196078434586525,0.196078434586525);
#13170=CARTESIAN_POINT('',(11.684,0.254,1.9685));
#13171=VECTOR('',#14446,1.0);
#13172=COLOUR_RGB('',0.196078434586525,0.196078434586525,0.196078434586525);
#13173=CARTESIAN_POINT('',(10.922,0.254,2.4765));
#13174=CARTESIAN_POINT('',(10.922,2.19075,2.4765));
#13175=VECTOR('',#14447,1.0);
#13176=CARTESIAN_POINT('',(10.922,0.254,1.9685));
#13177=CARTESIAN_POINT('',(10.922,0.127,1.9685));
#13178=VECTOR('',#14448,1.0);
#13179=CARTESIAN_POINT('',(10.922,0.254,1.27));
#13180=VECTOR('',#14449,1.0);
#13181=COLOUR_RGB('',0.196078434586525,0.196078434586525,0.196078434586525);
#13182=CARTESIAN_POINT('',(12.446,0.254,0.0635));
#13183=CARTESIAN_POINT('',(12.446,2.19075,0.0635));
#13184=VECTOR('',#14450,1.0);
#13185=CARTESIAN_POINT('',(12.446,0.254,1.27));
#13186=VECTOR('',#14451,1.0);
#13187=COLOUR_RGB('',0.196078434586525,0.196078434586525,0.196078434586525);
#13188=CARTESIAN_POINT('',(9.906,0.254,0.5715));
#13189=CARTESIAN_POINT('',(11.684,0.254,0.5715));
#13190=VECTOR('',#14452,1.0);
#13191=CARTESIAN_POINT('',(9.906,0.127,0.5715));
#13192=VECTOR('',#14453,1.0);
#13193=COLOUR_RGB('',0.196078434586525,0.196078434586525,0.196078434586525);
#13194=CARTESIAN_POINT('',(9.906,0.254,2.4765));
#13195=CARTESIAN_POINT('',(9.906,2.19075,2.4765));
#13196=VECTOR('',#14454,1.0);
#13197=CARTESIAN_POINT('',(9.906,0.254,1.9685));
#13198=CARTESIAN_POINT('',(9.906,0.254,1.27));
#13199=VECTOR('',#14455,1.0);
#13200=CARTESIAN_POINT('',(9.906,0.127,1.9685));
#13201=VECTOR('',#14456,1.0);
#13202=COLOUR_RGB('',0.196078434586525,0.196078434586525,0.196078434586525);
#13203=CARTESIAN_POINT('',(8.382,0.254,0.0635));
#13204=CARTESIAN_POINT('',(8.382,2.19075,0.0635));
#13205=VECTOR('',#14457,1.0);
#13206=CARTESIAN_POINT('',(8.382,0.254,0.5715));
#13207=CARTESIAN_POINT('',(8.382,0.254,1.27));
#13208=VECTOR('',#14458,1.0);
#13209=CARTESIAN_POINT('',(8.382,0.127,0.5715));
#13210=VECTOR('',#14459,1.0);
#13211=COLOUR_RGB('',0.196078434586525,0.196078434586525,0.196078434586525);
#13212=CARTESIAN_POINT('',(9.144,0.254,1.9685));
#13213=VECTOR('',#14460,1.0);
#13214=COLOUR_RGB('',0.196078434586525,0.196078434586525,0.196078434586525);
#13215=CARTESIAN_POINT('',(8.382,0.254,2.4765));
#13216=CARTESIAN_POINT('',(8.382,2.19075,2.4765));
#13217=VECTOR('',#14461,1.0);
#13218=CARTESIAN_POINT('',(8.382,0.254,1.9685));
#13219=CARTESIAN_POINT('',(8.382,0.127,1.9685));
#13220=VECTOR('',#14462,1.0);
#13221=CARTESIAN_POINT('',(8.382,0.254,1.27));
#13222=VECTOR('',#14463,1.0);
#13223=COLOUR_RGB('',0.196078434586525,0.196078434586525,0.196078434586525);
#13224=CARTESIAN_POINT('',(9.906,0.254,0.0635));
#13225=CARTESIAN_POINT('',(9.906,2.19075,0.0635));
#13226=VECTOR('',#14464,1.0);
#13227=CARTESIAN_POINT('',(9.906,0.254,1.27));
#13228=VECTOR('',#14465,1.0);
#13229=COLOUR_RGB('',0.196078434586525,0.196078434586525,0.196078434586525);
#13230=CARTESIAN_POINT('',(7.366,0.254,0.5715));
#13231=CARTESIAN_POINT('',(9.144,0.254,0.5715));
#13232=VECTOR('',#14466,1.0);
#13233=CARTESIAN_POINT('',(7.366,0.127,0.5715));
#13234=VECTOR('',#14467,1.0);
#13235=COLOUR_RGB('',0.196078434586525,0.196078434586525,0.196078434586525);
#13236=CARTESIAN_POINT('',(7.366,0.254,2.4765));
#13237=CARTESIAN_POINT('',(7.366,2.19075,2.4765));
#13238=VECTOR('',#14468,1.0);
#13239=CARTESIAN_POINT('',(7.366,0.254,1.9685));
#13240=CARTESIAN_POINT('',(7.366,0.254,1.27));
#13241=VECTOR('',#14469,1.0);
#13242=CARTESIAN_POINT('',(7.366,0.127,1.9685));
#13243=VECTOR('',#14470,1.0);
#13244=COLOUR_RGB('',0.196078434586525,0.196078434586525,0.196078434586525);
#13245=CARTESIAN_POINT('',(5.842,0.254,0.0635));
#13246=CARTESIAN_POINT('',(5.842,2.19075,0.0635));
#13247=VECTOR('',#14471,1.0);
#13248=CARTESIAN_POINT('',(5.842,0.254,0.5715));
#13249=CARTESIAN_POINT('',(5.842,0.254,1.27));
#13250=VECTOR('',#14472,1.0);
#13251=CARTESIAN_POINT('',(5.842,0.127,0.5715));
#13252=VECTOR('',#14473,1.0);
#13253=COLOUR_RGB('',0.196078434586525,0.196078434586525,0.196078434586525);
#13254=CARTESIAN_POINT('',(6.604,0.254,1.9685));
#13255=VECTOR('',#14474,1.0);
#13256=COLOUR_RGB('',0.196078434586525,0.196078434586525,0.196078434586525);
#13257=CARTESIAN_POINT('',(5.842,0.254,2.4765));
#13258=CARTESIAN_POINT('',(5.842,2.19075,2.4765));
#13259=VECTOR('',#14475,1.0);
#13260=CARTESIAN_POINT('',(5.842,0.254,1.9685));
#13261=CARTESIAN_POINT('',(5.842,0.127,1.9685));
#13262=VECTOR('',#14476,1.0);
#13263=CARTESIAN_POINT('',(5.842,0.254,1.27));
#13264=VECTOR('',#14477,1.0);
#13265=COLOUR_RGB('',0.196078434586525,0.196078434586525,0.196078434586525);
#13266=CARTESIAN_POINT('',(7.366,0.254,0.0635));
#13267=CARTESIAN_POINT('',(7.366,2.19075,0.0635));
#13268=VECTOR('',#14478,1.0);
#13269=CARTESIAN_POINT('',(7.366,0.254,1.27));
#13270=VECTOR('',#14479,1.0);
#13271=COLOUR_RGB('',0.196078434586525,0.196078434586525,0.196078434586525);
#13272=CARTESIAN_POINT('',(4.826,0.254,0.5715));
#13273=CARTESIAN_POINT('',(6.604,0.254,0.5715));
#13274=VECTOR('',#14480,1.0);
#13275=CARTESIAN_POINT('',(4.826,0.127,0.5715));
#13276=VECTOR('',#14481,1.0);
#13277=COLOUR_RGB('',0.196078434586525,0.196078434586525,0.196078434586525);
#13278=CARTESIAN_POINT('',(4.826,0.254,2.4765));
#13279=CARTESIAN_POINT('',(4.826,2.19075,2.4765));
#13280=VECTOR('',#14482,1.0);
#13281=CARTESIAN_POINT('',(4.826,0.254,1.9685));
#13282=CARTESIAN_POINT('',(4.826,0.254,1.27));
#13283=VECTOR('',#14483,1.0);
#13284=CARTESIAN_POINT('',(4.826,0.127,1.9685));
#13285=VECTOR('',#14484,1.0);
#13286=COLOUR_RGB('',0.196078434586525,0.196078434586525,0.196078434586525);
#13287=CARTESIAN_POINT('',(3.302,0.254,0.0635));
#13288=CARTESIAN_POINT('',(3.302,2.19075,0.0635));
#13289=VECTOR('',#14485,1.0);
#13290=CARTESIAN_POINT('',(3.302,0.254,0.5715));
#13291=CARTESIAN_POINT('',(3.302,0.254,1.27));
#13292=VECTOR('',#14486,1.0);
#13293=CARTESIAN_POINT('',(3.302,0.127,0.5715));
#13294=VECTOR('',#14487,1.0);
#13295=COLOUR_RGB('',0.196078434586525,0.196078434586525,0.196078434586525);
#13296=CARTESIAN_POINT('',(4.064,0.254,1.9685));
#13297=VECTOR('',#14488,1.0);
#13298=COLOUR_RGB('',0.196078434586525,0.196078434586525,0.196078434586525);
#13299=CARTESIAN_POINT('',(3.302,0.254,2.4765));
#13300=CARTESIAN_POINT('',(3.302,2.19075,2.4765));
#13301=VECTOR('',#14489,1.0);
#13302=CARTESIAN_POINT('',(3.302,0.254,1.9685));
#13303=CARTESIAN_POINT('',(3.302,0.127,1.9685));
#13304=VECTOR('',#14490,1.0);
#13305=CARTESIAN_POINT('',(3.302,0.254,1.27));
#13306=VECTOR('',#14491,1.0);
#13307=COLOUR_RGB('',0.196078434586525,0.196078434586525,0.196078434586525);
#13308=CARTESIAN_POINT('',(4.826,0.254,0.0635));
#13309=CARTESIAN_POINT('',(4.826,2.19075,0.0635));
#13310=VECTOR('',#14492,1.0);
#13311=CARTESIAN_POINT('',(4.826,0.254,1.27));
#13312=VECTOR('',#14493,1.0);
#13313=COLOUR_RGB('',0.196078434586525,0.196078434586525,0.196078434586525);
#13314=CARTESIAN_POINT('',(2.286,0.254,0.5715));
#13315=CARTESIAN_POINT('',(4.064,0.254,0.5715));
#13316=VECTOR('',#14494,1.0);
#13317=CARTESIAN_POINT('',(2.286,0.127,0.5715));
#13318=VECTOR('',#14495,1.0);
#13319=COLOUR_RGB('',0.196078434586525,0.196078434586525,0.196078434586525);
#13320=CARTESIAN_POINT('',(2.286,0.254,2.4765));
#13321=CARTESIAN_POINT('',(2.286,2.19075,2.4765));
#13322=VECTOR('',#14496,1.0);
#13323=CARTESIAN_POINT('',(2.286,0.254,1.9685));
#13324=CARTESIAN_POINT('',(2.286,0.254,1.27));
#13325=VECTOR('',#14497,1.0);
#13326=CARTESIAN_POINT('',(2.286,0.127,1.9685));
#13327=VECTOR('',#14498,1.0);
#13328=COLOUR_RGB('',0.196078434586525,0.196078434586525,0.196078434586525);
#13329=CARTESIAN_POINT('',(0.762,0.254,0.0635));
#13330=CARTESIAN_POINT('',(0.762,2.19075,0.0635));
#13331=VECTOR('',#14499,1.0);
#13332=CARTESIAN_POINT('',(0.762,0.254,0.5715));
#13333=CARTESIAN_POINT('',(0.762,0.254,1.27));
#13334=VECTOR('',#14500,1.0);
#13335=CARTESIAN_POINT('',(0.762,0.127,0.5715));
#13336=VECTOR('',#14501,1.0);
#13337=COLOUR_RGB('',0.196078434586525,0.196078434586525,0.196078434586525);
#13338=CARTESIAN_POINT('',(0.0,0.0,0.5715));
#13339=CARTESIAN_POINT('',(2.22044604925031E-16,0.254,0.5715));
#13340=CARTESIAN_POINT('',(4.44089209850063E-16,2.19075,0.5715));
#13341=VECTOR('',#14502,1.0);
#13342=CARTESIAN_POINT('',(1.524,0.0,0.5715));
#13343=VECTOR('',#14503,1.0);
#13344=CARTESIAN_POINT('',(1.524,0.254,0.5715));
#13345=VECTOR('',#14504,1.0);
#13346=COLOUR_RGB('',0.196078434586525,0.196078434586525,0.196078434586525);
#13347=CARTESIAN_POINT('',(1.524,0.254,1.9685));
#13348=VECTOR('',#14505,1.0);
#13349=COLOUR_RGB('',0.196078434586525,0.196078434586525,0.196078434586525);
#13350=CARTESIAN_POINT('',(2.22044604925031E-16,0.254,1.9685));
#13351=CARTESIAN_POINT('',(0.0,0.0,1.9685));
#13352=CARTESIAN_POINT('',(4.44089209850063E-16,2.19075,1.9685));
#13353=VECTOR('',#14506,1.0);
#13354=CARTESIAN_POINT('',(0.762,0.254,1.9685));
#13355=CARTESIAN_POINT('',(1.524,0.254,1.9685));
#13356=VECTOR('',#14507,1.0);
#13357=CARTESIAN_POINT('',(0.762,0.127,1.9685));
#13358=VECTOR('',#14508,1.0);
#13359=CARTESIAN_POINT('',(1.524,0.0,1.9685));
#13360=VECTOR('',#14509,1.0);
#13361=COLOUR_RGB('',0.196078434586525,0.196078434586525,0.196078434586525);
#13362=CARTESIAN_POINT('',(0.762,0.254,2.4765));
#13363=CARTESIAN_POINT('',(0.762,2.19075,2.4765));
#13364=VECTOR('',#14510,1.0);
#13365=CARTESIAN_POINT('',(0.762,0.254,1.27));
#13366=VECTOR('',#14511,1.0);
#13367=COLOUR_RGB('',0.196078434586525,0.196078434586525,0.196078434586525);
#13368=CARTESIAN_POINT('',(2.286,0.254,0.0635));
#13369=CARTESIAN_POINT('',(2.286,2.19075,0.0635));
#13370=VECTOR('',#14512,1.0);
#13371=CARTESIAN_POINT('',(2.286,0.254,1.27));
#13372=VECTOR('',#14513,1.0);
#13373=COLOUR_RGB('',0.196078434586525,0.196078434586525,0.196078434586525);
#13374=CARTESIAN_POINT('',(4.191,0.254,0.0635));
#13375=VECTOR('',#14514,1.0);
#13376=CARTESIAN_POINT('',(6.731,0.254,0.0635));
#13377=VECTOR('',#14515,1.0);
#13378=CARTESIAN_POINT('',(9.271,0.254,0.0635));
#13379=VECTOR('',#14516,1.0);
#13380=CARTESIAN_POINT('',(11.811,0.254,0.0635));
#13381=VECTOR('',#14517,1.0);
#13382=CARTESIAN_POINT('',(14.351,0.254,0.0635));
#13383=VECTOR('',#14518,1.0);
#13384=CARTESIAN_POINT('',(14.351,0.254,2.4765));
#13385=VECTOR('',#14519,1.0);
#13386=CARTESIAN_POINT('',(11.811,0.254,2.4765));
#13387=VECTOR('',#14520,1.0);
#13388=CARTESIAN_POINT('',(9.271,0.254,2.4765));
#13389=VECTOR('',#14521,1.0);
#13390=CARTESIAN_POINT('',(6.731,0.254,2.4765));
#13391=VECTOR('',#14522,1.0);
#13392=CARTESIAN_POINT('',(4.191,0.254,2.4765));
#13393=VECTOR('',#14523,1.0);
#13394=CARTESIAN_POINT('',(1.524,0.254,2.4765));
#13395=VECTOR('',#14524,1.0);
#13396=CARTESIAN_POINT('',(0.0,0.254,0.66675));
#13397=VECTOR('',#14525,1.0);
#13398=CARTESIAN_POINT('',(1.524,0.254,0.0635));
#13399=VECTOR('',#14526,1.0);
#13400=COLOUR_RGB('',0.196078434586525,0.196078434586525,0.196078434586525);
#13401=CARTESIAN_POINT('',(0.0,0.0,0.0635));
#13402=CARTESIAN_POINT('',(0.0,0.0,0.0635));
#13403=VECTOR('',#14527,1.0);
#13404=CARTESIAN_POINT('',(4.44089209850063E-16,8.509,0.0635));
#13405=CARTESIAN_POINT('',(1.56302631970119E-15,8.509,0.0635));
#13406=VECTOR('',#14528,1.0);
#13407=CARTESIAN_POINT('',(3.048,8.509,0.0635));
#13408=VECTOR('',#14529,1.0);
#13409=COLOUR_RGB('',0.196078434586525,0.196078434586525,0.196078434586525);
#13410=CARTESIAN_POINT('',(0.0,0.0,0.0635));
#13411=VECTOR('',#14530,1.0);
#13412=COLOUR_RGB('',0.196078434586525,0.196078434586525,0.196078434586525);
#13413=CARTESIAN_POINT('',(0.0,0.0,2.4765));
#13414=CARTESIAN_POINT('',(0.0,0.0,2.4765));
#13415=VECTOR('',#14531,1.0);
#13416=CARTESIAN_POINT('',(0.0,0.0,0.0635));
#13417=VECTOR('',#14532,1.0);
#13418=COLOUR_RGB('',0.196078434586525,0.196078434586525,0.196078434586525);
#13419=CARTESIAN_POINT('',(4.44089209850063E-16,8.509,2.4765));
#13420=CARTESIAN_POINT('',(1.56302631970119E-15,8.509,2.4765));
#13421=VECTOR('',#14533,1.0);
#13422=CARTESIAN_POINT('',(4.44089209850063E-16,8.509,0.0635));
#13423=VECTOR('',#14534,1.0);
#13424=COLOUR_RGB('',0.196078434586525,0.196078434586525,0.196078434586525);
#13425=CARTESIAN_POINT('',(3.048,8.509,2.4765));
#13426=VECTOR('',#14535,1.0);
#13427=COLOUR_RGB('',0.196078434586525,0.196078434586525,0.196078434586525);
#13428=DIRECTION('',(-0.0,0.0,-1.0));
#13429=CARTESIAN_POINT('',(1.524,1.46050000000002,1.143));
#13430=DIRECTION('',(0.0,0.0,1.0));
#13431=DIRECTION('',(1.0,0.0,0.0));
#13432=DIRECTION('',(0.0,0.0,1.0));
#13433=CARTESIAN_POINT('',(1.524,1.46050000000002,1.397));
#13434=DIRECTION('',(0.0,0.0,1.0));
#13435=DIRECTION('',(1.0,0.0,0.0));
#13436=DIRECTION('',(-0.0,-0.0,1.0));
#13437=CARTESIAN_POINT('',(1.524,1.46050000000002,1.143));
#13438=DIRECTION('',(0.0,0.0,1.0));
#13439=DIRECTION('',(1.0,0.0,0.0));
#13440=CARTESIAN_POINT('',(1.524,1.46050000000002,1.397));
#13441=DIRECTION('',(0.0,0.0,1.0));
#13442=DIRECTION('',(1.0,0.0,0.0));
#13443=DIRECTION('',(-0.0,0.0,-1.0));
#13444=CARTESIAN_POINT('',(4.064,1.46050000000002,1.143));
#13445=DIRECTION('',(0.0,0.0,1.0));
#13446=DIRECTION('',(1.0,0.0,0.0));
#13447=DIRECTION('',(0.0,0.0,1.0));
#13448=CARTESIAN_POINT('',(4.064,1.46050000000002,1.397));
#13449=DIRECTION('',(0.0,0.0,1.0));
#13450=DIRECTION('',(1.0,0.0,0.0));
#13451=DIRECTION('',(-0.0,-0.0,1.0));
#13452=CARTESIAN_POINT('',(4.064,1.46050000000002,1.143));
#13453=DIRECTION('',(0.0,0.0,1.0));
#13454=DIRECTION('',(1.0,0.0,0.0));
#13455=CARTESIAN_POINT('',(4.064,1.46050000000002,1.397));
#13456=DIRECTION('',(0.0,0.0,1.0));
#13457=DIRECTION('',(1.0,0.0,0.0));
#13458=DIRECTION('',(-0.0,0.0,-1.0));
#13459=CARTESIAN_POINT('',(6.604,1.46050000000002,1.143));
#13460=DIRECTION('',(0.0,0.0,1.0));
#13461=DIRECTION('',(1.0,0.0,0.0));
#13462=DIRECTION('',(0.0,0.0,1.0));
#13463=CARTESIAN_POINT('',(6.604,1.46050000000002,1.397));
#13464=DIRECTION('',(0.0,0.0,1.0));
#13465=DIRECTION('',(1.0,0.0,0.0));
#13466=DIRECTION('',(-0.0,-0.0,1.0));
#13467=CARTESIAN_POINT('',(6.604,1.46050000000002,1.143));
#13468=DIRECTION('',(0.0,0.0,1.0));
#13469=DIRECTION('',(1.0,0.0,0.0));
#13470=CARTESIAN_POINT('',(6.604,1.46050000000002,1.397));
#13471=DIRECTION('',(0.0,0.0,1.0));
#13472=DIRECTION('',(1.0,0.0,0.0));
#13473=DIRECTION('',(-0.0,0.0,-1.0));
#13474=CARTESIAN_POINT('',(9.144,1.46050000000002,1.143));
#13475=DIRECTION('',(0.0,0.0,1.0));
#13476=DIRECTION('',(1.0,0.0,0.0));
#13477=DIRECTION('',(0.0,0.0,1.0));
#13478=CARTESIAN_POINT('',(9.144,1.46050000000002,1.397));
#13479=DIRECTION('',(0.0,0.0,1.0));
#13480=DIRECTION('',(1.0,0.0,0.0));
#13481=DIRECTION('',(-0.0,-0.0,1.0));
#13482=CARTESIAN_POINT('',(9.144,1.46050000000002,1.143));
#13483=DIRECTION('',(0.0,0.0,1.0));
#13484=DIRECTION('',(1.0,0.0,0.0));
#13485=CARTESIAN_POINT('',(9.144,1.46050000000002,1.397));
#13486=DIRECTION('',(0.0,0.0,1.0));
#13487=DIRECTION('',(1.0,0.0,0.0));
#13488=DIRECTION('',(-0.0,0.0,-1.0));
#13489=CARTESIAN_POINT('',(11.684,1.46050000000002,1.143));
#13490=DIRECTION('',(0.0,0.0,1.0));
#13491=DIRECTION('',(1.0,0.0,0.0));
#13492=DIRECTION('',(0.0,0.0,1.0));
#13493=CARTESIAN_POINT('',(11.684,1.46050000000002,1.397));
#13494=DIRECTION('',(0.0,0.0,1.0));
#13495=DIRECTION('',(1.0,0.0,0.0));
#13496=DIRECTION('',(-0.0,-0.0,1.0));
#13497=CARTESIAN_POINT('',(11.684,1.46050000000002,1.143));
#13498=DIRECTION('',(0.0,0.0,1.0));
#13499=DIRECTION('',(1.0,0.0,0.0));
#13500=CARTESIAN_POINT('',(11.684,1.46050000000002,1.397));
#13501=DIRECTION('',(0.0,0.0,1.0));
#13502=DIRECTION('',(1.0,0.0,0.0));
#13503=DIRECTION('',(-0.0,0.0,-1.0));
#13504=CARTESIAN_POINT('',(14.224,1.46050000000002,1.143));
#13505=DIRECTION('',(0.0,0.0,1.0));
#13506=DIRECTION('',(1.0,0.0,0.0));
#13507=DIRECTION('',(0.0,0.0,1.0));
#13508=CARTESIAN_POINT('',(14.224,1.46050000000002,1.397));
#13509=DIRECTION('',(0.0,0.0,1.0));
#13510=DIRECTION('',(1.0,0.0,0.0));
#13511=DIRECTION('',(-0.0,-0.0,1.0));
#13512=CARTESIAN_POINT('',(14.224,1.46050000000002,1.143));
#13513=DIRECTION('',(0.0,0.0,1.0));
#13514=DIRECTION('',(1.0,0.0,0.0));
#13515=CARTESIAN_POINT('',(14.224,1.46050000000002,1.397));
#13516=DIRECTION('',(0.0,0.0,1.0));
#13517=DIRECTION('',(1.0,0.0,0.0));
#13518=DIRECTION('',(0.0,0.0,-1.0));
#13519=DIRECTION('',(0.0,-1.0,0.0));
#13520=DIRECTION('',(-0.0,0.0,1.0));
#13521=DIRECTION('',(0.0,1.0,0.0));
#13522=DIRECTION('',(1.0,0.0,0.0));
#13523=DIRECTION('',(-1.0,0.0,0.0));
#13524=DIRECTION('',(-1.83076724182736E-16,-1.0,0.0));
#13525=DIRECTION('',(-1.0,0.0,0.0));
#13526=DIRECTION('',(-1.83076724182736E-16,-1.0,0.0));
#13527=DIRECTION('',(1.0,6.12323399573676E-17,0.0));
#13528=DIRECTION('',(0.0,1.0,0.0));
#13529=DIRECTION('',(-1.0,0.0,0.0));
#13530=DIRECTION('',(0.0,1.0,0.0));
#13531=DIRECTION('',(1.0,0.0,-0.0));
#13532=DIRECTION('',(0.0,-0.0,1.0));
#13533=DIRECTION('',(-0.0,-0.0,-1.0));
#13534=DIRECTION('',(-0.0,-0.0,-1.0));
#13535=DIRECTION('',(0.0,1.0,0.0));
#13536=DIRECTION('',(0.0,0.0,1.0));
#13537=DIRECTION('',(-1.0,0.0,0.0));
#13538=DIRECTION('',(0.0,-1.0,0.0));
#13539=DIRECTION('',(0.102237153056592,-0.994760053749085,0.0));
#13540=DIRECTION('',(0.500000000000011,0.866025403784433,0.0));
#13541=DIRECTION('',(-0.0448984968094593,0.998991554010469,0.0));
#13542=CARTESIAN_POINT('',(14.224,1.46050000000002,1.397));
#13543=DIRECTION('',(0.0,0.0,1.0));
#13544=DIRECTION('',(1.0,0.0,0.0));
#13545=DIRECTION('',(-0.0449551797207582,-0.998989004852543,-0.0));
#13546=DIRECTION('',(0.500000000000011,-0.866025403784433,0.0));
#13547=DIRECTION('',(0.102237153056592,0.994760053749085,0.0));
#13548=DIRECTION('',(0.0,1.0,0.0));
#13549=DIRECTION('',(1.0,0.0,0.0));
#13550=DIRECTION('',(0.0,-1.0,0.0));
#13551=DIRECTION('',(-0.102237153056592,-0.994760053749085,0.0));
#13552=DIRECTION('',(0.500000000000011,-0.866025403784433,0.0));
#13553=DIRECTION('',(0.0449551797207582,0.998989004852543,0.0));
#13554=CARTESIAN_POINT('',(14.224,1.46050000000002,1.143));
#13555=DIRECTION('',(0.0,0.0,1.0));
#13556=DIRECTION('',(1.0,0.0,0.0));
#13557=DIRECTION('',(0.0448984968094593,-0.998991554010469,0.0));
#13558=DIRECTION('',(-0.500000000000011,-0.866025403784433,0.0));
#13559=DIRECTION('',(0.102237153056592,-0.994760053749085,0.0));
#13560=DIRECTION('',(0.0,1.0,-0.0));
#13561=DIRECTION('',(0.577350269189626,0.577350269189625,0.577350269189627));
#13562=DIRECTION('',(-1.0,6.12323399573675E-17,0.0));
#13563=DIRECTION('',(0.577350269189626,-0.577350269189625,-0.577350269189626));
#13564=DIRECTION('',(1.0,7.77058984864491E-15,7.8318221886023E-15));
#13565=DIRECTION('',(-0.577350269189626,-0.577350269189625,0.577350269189626));
#13566=DIRECTION('',(-1.0,-7.77058984864491E-15,7.70935750868755E-15));
#13567=DIRECTION('',(-0.577350269189627,0.577350269189625,-0.577350269189626));
#13568=DIRECTION('',(0.0,0.0,1.0));
#13569=DIRECTION('',(0.0,0.0,1.0));
#13570=DIRECTION('',(0.0,0.0,1.0));
#13571=DIRECTION('',(-0.0,0.0,1.0));
#13572=DIRECTION('',(0.0,-1.0,0.0));
#13573=DIRECTION('',(1.0,0.0,-0.0));
#13574=DIRECTION('',(0.0,0.0,1.0));
#13575=DIRECTION('',(0.0,0.0,-1.0));
#13576=DIRECTION('',(0.0,0.0,1.0));
#13577=DIRECTION('',(0.0,0.0,1.0));
#13578=DIRECTION('',(0.0,0.0,1.0));
#13579=DIRECTION('',(0.0,0.0,1.0));
#13580=DIRECTION('',(0.0,-0.0,1.0));
#13581=DIRECTION('',(0.0,0.0,-1.0));
#13582=DIRECTION('',(0.0,1.0,0.0));
#13583=DIRECTION('',(0.0,0.0,-1.0));
#13584=DIRECTION('',(0.0,-1.0,0.0));
#13585=DIRECTION('',(0.0,0.0,-1.0));
#13586=DIRECTION('',(0.0,0.0,-1.0));
#13587=DIRECTION('',(-1.0,0.0,0.0));
#13588=DIRECTION('',(0.0,0.0,-1.0));
#13589=DIRECTION('',(0.0,-1.0,0.0));
#13590=DIRECTION('',(-0.0,0.0,1.0));
#13591=DIRECTION('',(0.0,1.0,0.0));
#13592=DIRECTION('',(1.0,0.0,0.0));
#13593=DIRECTION('',(-1.0,0.0,0.0));
#13594=DIRECTION('',(-1.83076724182736E-16,-1.0,0.0));
#13595=DIRECTION('',(-1.0,0.0,0.0));
#13596=DIRECTION('',(-1.83076724182736E-16,-1.0,0.0));
#13597=DIRECTION('',(1.0,6.12323399573676E-17,0.0));
#13598=DIRECTION('',(0.0,1.0,0.0));
#13599=DIRECTION('',(-1.0,0.0,0.0));
#13600=DIRECTION('',(0.0,1.0,0.0));
#13601=DIRECTION('',(1.0,0.0,-0.0));
#13602=DIRECTION('',(0.0,-0.0,1.0));
#13603=DIRECTION('',(-0.0,-0.0,-1.0));
#13604=DIRECTION('',(-0.0,-0.0,-1.0));
#13605=DIRECTION('',(0.0,1.0,0.0));
#13606=DIRECTION('',(0.0,0.0,1.0));
#13607=DIRECTION('',(-1.0,0.0,0.0));
#13608=DIRECTION('',(0.0,-1.0,0.0));
#13609=DIRECTION('',(0.102237153056592,-0.994760053749085,0.0));
#13610=DIRECTION('',(0.500000000000011,0.866025403784433,0.0));
#13611=DIRECTION('',(-0.0448984968094593,0.998991554010469,0.0));
#13612=CARTESIAN_POINT('',(11.684,1.46050000000002,1.397));
#13613=DIRECTION('',(0.0,0.0,1.0));
#13614=DIRECTION('',(1.0,0.0,0.0));
#13615=DIRECTION('',(-0.0449551797207582,-0.998989004852543,-0.0));
#13616=DIRECTION('',(0.500000000000011,-0.866025403784433,0.0));
#13617=DIRECTION('',(0.102237153056592,0.994760053749085,0.0));
#13618=DIRECTION('',(0.0,1.0,0.0));
#13619=DIRECTION('',(1.0,0.0,0.0));
#13620=DIRECTION('',(0.0,-1.0,0.0));
#13621=DIRECTION('',(-0.102237153056592,-0.994760053749085,0.0));
#13622=DIRECTION('',(0.500000000000011,-0.866025403784433,0.0));
#13623=DIRECTION('',(0.0449551797207582,0.998989004852543,0.0));
#13624=CARTESIAN_POINT('',(11.684,1.46050000000002,1.143));
#13625=DIRECTION('',(0.0,0.0,1.0));
#13626=DIRECTION('',(1.0,0.0,0.0));
#13627=DIRECTION('',(0.0448984968094593,-0.998991554010469,0.0));
#13628=DIRECTION('',(-0.500000000000011,-0.866025403784433,0.0));
#13629=DIRECTION('',(0.102237153056592,-0.994760053749085,0.0));
#13630=DIRECTION('',(0.0,1.0,-0.0));
#13631=DIRECTION('',(0.577350269189626,0.577350269189625,0.577350269189627));
#13632=DIRECTION('',(-1.0,6.12323399573675E-17,0.0));
#13633=DIRECTION('',(0.577350269189626,-0.577350269189625,-0.577350269189626));
#13634=DIRECTION('',(1.0,7.77058984864491E-15,7.8318221886023E-15));
#13635=DIRECTION('',(-0.577350269189626,-0.577350269189625,0.577350269189626));
#13636=DIRECTION('',(-1.0,-7.77058984864491E-15,7.70935750868755E-15));
#13637=DIRECTION('',(-0.577350269189627,0.577350269189625,-0.577350269189626));
#13638=DIRECTION('',(0.0,0.0,1.0));
#13639=DIRECTION('',(0.0,0.0,1.0));
#13640=DIRECTION('',(0.0,0.0,1.0));
#13641=DIRECTION('',(-0.0,0.0,1.0));
#13642=DIRECTION('',(0.0,-1.0,0.0));
#13643=DIRECTION('',(1.0,0.0,-0.0));
#13644=DIRECTION('',(0.0,0.0,1.0));
#13645=DIRECTION('',(0.0,0.0,-1.0));
#13646=DIRECTION('',(0.0,0.0,1.0));
#13647=DIRECTION('',(0.0,0.0,1.0));
#13648=DIRECTION('',(0.0,0.0,1.0));
#13649=DIRECTION('',(0.0,0.0,1.0));
#13650=DIRECTION('',(0.0,-0.0,1.0));
#13651=DIRECTION('',(0.0,0.0,-1.0));
#13652=DIRECTION('',(0.0,1.0,0.0));
#13653=DIRECTION('',(0.0,0.0,-1.0));
#13654=DIRECTION('',(0.0,-1.0,0.0));
#13655=DIRECTION('',(0.0,0.0,-1.0));
#13656=DIRECTION('',(0.0,0.0,-1.0));
#13657=DIRECTION('',(-1.0,0.0,0.0));
#13658=DIRECTION('',(0.0,0.0,-1.0));
#13659=DIRECTION('',(0.0,-1.0,0.0));
#13660=DIRECTION('',(-0.0,0.0,1.0));
#13661=DIRECTION('',(0.0,1.0,0.0));
#13662=DIRECTION('',(1.0,0.0,0.0));
#13663=DIRECTION('',(-1.0,0.0,0.0));
#13664=DIRECTION('',(-1.83076724182736E-16,-1.0,0.0));
#13665=DIRECTION('',(-1.0,0.0,0.0));
#13666=DIRECTION('',(-1.83076724182736E-16,-1.0,0.0));
#13667=DIRECTION('',(1.0,6.12323399573676E-17,0.0));
#13668=DIRECTION('',(0.0,1.0,0.0));
#13669=DIRECTION('',(-1.0,0.0,0.0));
#13670=DIRECTION('',(0.0,1.0,0.0));
#13671=DIRECTION('',(1.0,0.0,-0.0));
#13672=DIRECTION('',(0.0,-0.0,1.0));
#13673=DIRECTION('',(-0.0,-0.0,-1.0));
#13674=DIRECTION('',(-0.0,-0.0,-1.0));
#13675=DIRECTION('',(0.0,1.0,0.0));
#13676=DIRECTION('',(0.0,0.0,1.0));
#13677=DIRECTION('',(-1.0,0.0,0.0));
#13678=DIRECTION('',(0.0,-1.0,0.0));
#13679=DIRECTION('',(0.102237153056592,-0.994760053749085,0.0));
#13680=DIRECTION('',(0.500000000000011,0.866025403784433,0.0));
#13681=DIRECTION('',(-0.0448984968094593,0.998991554010469,0.0));
#13682=CARTESIAN_POINT('',(9.144,1.46050000000002,1.397));
#13683=DIRECTION('',(0.0,0.0,1.0));
#13684=DIRECTION('',(1.0,0.0,0.0));
#13685=DIRECTION('',(-0.0449551797207582,-0.998989004852543,-0.0));
#13686=DIRECTION('',(0.500000000000011,-0.866025403784433,0.0));
#13687=DIRECTION('',(0.102237153056592,0.994760053749085,0.0));
#13688=DIRECTION('',(0.0,1.0,0.0));
#13689=DIRECTION('',(1.0,0.0,0.0));
#13690=DIRECTION('',(0.0,-1.0,0.0));
#13691=DIRECTION('',(-0.102237153056592,-0.994760053749085,0.0));
#13692=DIRECTION('',(0.500000000000011,-0.866025403784433,0.0));
#13693=DIRECTION('',(0.0449551797207582,0.998989004852543,0.0));
#13694=CARTESIAN_POINT('',(9.144,1.46050000000002,1.143));
#13695=DIRECTION('',(0.0,0.0,1.0));
#13696=DIRECTION('',(1.0,0.0,0.0));
#13697=DIRECTION('',(0.0448984968094593,-0.998991554010469,0.0));
#13698=DIRECTION('',(-0.500000000000011,-0.866025403784433,0.0));
#13699=DIRECTION('',(0.102237153056592,-0.994760053749085,0.0));
#13700=DIRECTION('',(0.0,1.0,-0.0));
#13701=DIRECTION('',(0.577350269189626,0.577350269189625,0.577350269189627));
#13702=DIRECTION('',(-1.0,6.12323399573675E-17,0.0));
#13703=DIRECTION('',(0.577350269189626,-0.577350269189625,-0.577350269189626));
#13704=DIRECTION('',(1.0,7.77058984864491E-15,7.8318221886023E-15));
#13705=DIRECTION('',(-0.577350269189626,-0.577350269189625,0.577350269189626));
#13706=DIRECTION('',(-1.0,-7.77058984864491E-15,7.70935750868755E-15));
#13707=DIRECTION('',(-0.577350269189627,0.577350269189625,-0.577350269189626));
#13708=DIRECTION('',(0.0,0.0,1.0));
#13709=DIRECTION('',(0.0,0.0,1.0));
#13710=DIRECTION('',(0.0,0.0,1.0));
#13711=DIRECTION('',(-0.0,0.0,1.0));
#13712=DIRECTION('',(0.0,-1.0,0.0));
#13713=DIRECTION('',(1.0,0.0,-0.0));
#13714=DIRECTION('',(0.0,0.0,1.0));
#13715=DIRECTION('',(0.0,0.0,-1.0));
#13716=DIRECTION('',(0.0,0.0,1.0));
#13717=DIRECTION('',(0.0,0.0,1.0));
#13718=DIRECTION('',(0.0,0.0,1.0));
#13719=DIRECTION('',(0.0,0.0,1.0));
#13720=DIRECTION('',(0.0,-0.0,1.0));
#13721=DIRECTION('',(0.0,0.0,-1.0));
#13722=DIRECTION('',(0.0,1.0,0.0));
#13723=DIRECTION('',(0.0,0.0,-1.0));
#13724=DIRECTION('',(0.0,-1.0,0.0));
#13725=DIRECTION('',(0.0,0.0,-1.0));
#13726=DIRECTION('',(0.0,0.0,-1.0));
#13727=DIRECTION('',(-1.0,0.0,0.0));
#13728=DIRECTION('',(0.0,0.0,-1.0));
#13729=DIRECTION('',(0.0,-1.0,0.0));
#13730=DIRECTION('',(-0.0,0.0,1.0));
#13731=DIRECTION('',(0.0,1.0,0.0));
#13732=DIRECTION('',(1.0,0.0,0.0));
#13733=DIRECTION('',(-1.0,0.0,0.0));
#13734=DIRECTION('',(-1.83076724182736E-16,-1.0,0.0));
#13735=DIRECTION('',(-1.0,0.0,0.0));
#13736=DIRECTION('',(-1.83076724182736E-16,-1.0,0.0));
#13737=DIRECTION('',(1.0,6.12323399573676E-17,0.0));
#13738=DIRECTION('',(0.0,1.0,0.0));
#13739=DIRECTION('',(-1.0,0.0,0.0));
#13740=DIRECTION('',(0.0,1.0,0.0));
#13741=DIRECTION('',(1.0,0.0,-0.0));
#13742=DIRECTION('',(0.0,-0.0,1.0));
#13743=DIRECTION('',(-0.0,-0.0,-1.0));
#13744=DIRECTION('',(-0.0,-0.0,-1.0));
#13745=DIRECTION('',(0.0,1.0,0.0));
#13746=DIRECTION('',(0.0,0.0,1.0));
#13747=DIRECTION('',(-1.0,0.0,0.0));
#13748=DIRECTION('',(0.0,-1.0,0.0));
#13749=DIRECTION('',(0.102237153056592,-0.994760053749085,0.0));
#13750=DIRECTION('',(0.500000000000011,0.866025403784433,0.0));
#13751=DIRECTION('',(-0.0448984968094593,0.998991554010469,0.0));
#13752=CARTESIAN_POINT('',(6.604,1.46050000000002,1.397));
#13753=DIRECTION('',(0.0,0.0,1.0));
#13754=DIRECTION('',(1.0,0.0,0.0));
#13755=DIRECTION('',(-0.0449551797207582,-0.998989004852543,-0.0));
#13756=DIRECTION('',(0.500000000000011,-0.866025403784433,0.0));
#13757=DIRECTION('',(0.102237153056592,0.994760053749085,0.0));
#13758=DIRECTION('',(0.0,1.0,0.0));
#13759=DIRECTION('',(1.0,0.0,0.0));
#13760=DIRECTION('',(0.0,-1.0,0.0));
#13761=DIRECTION('',(-0.102237153056592,-0.994760053749085,0.0));
#13762=DIRECTION('',(0.500000000000011,-0.866025403784433,0.0));
#13763=DIRECTION('',(0.0449551797207582,0.998989004852543,0.0));
#13764=CARTESIAN_POINT('',(6.604,1.46050000000002,1.143));
#13765=DIRECTION('',(0.0,0.0,1.0));
#13766=DIRECTION('',(1.0,0.0,0.0));
#13767=DIRECTION('',(0.0448984968094593,-0.998991554010469,0.0));
#13768=DIRECTION('',(-0.500000000000011,-0.866025403784433,0.0));
#13769=DIRECTION('',(0.102237153056592,-0.994760053749085,0.0));
#13770=DIRECTION('',(0.0,1.0,-0.0));
#13771=DIRECTION('',(0.577350269189626,0.577350269189625,0.577350269189627));
#13772=DIRECTION('',(-1.0,6.12323399573675E-17,0.0));
#13773=DIRECTION('',(0.577350269189626,-0.577350269189625,-0.577350269189626));
#13774=DIRECTION('',(1.0,7.77058984864491E-15,7.8318221886023E-15));
#13775=DIRECTION('',(-0.577350269189626,-0.577350269189625,0.577350269189626));
#13776=DIRECTION('',(-1.0,-7.77058984864491E-15,7.70935750868755E-15));
#13777=DIRECTION('',(-0.577350269189627,0.577350269189625,-0.577350269189626));
#13778=DIRECTION('',(0.0,0.0,1.0));
#13779=DIRECTION('',(0.0,0.0,1.0));
#13780=DIRECTION('',(0.0,0.0,1.0));
#13781=DIRECTION('',(-0.0,0.0,1.0));
#13782=DIRECTION('',(0.0,-1.0,0.0));
#13783=DIRECTION('',(1.0,0.0,-0.0));
#13784=DIRECTION('',(0.0,0.0,1.0));
#13785=DIRECTION('',(0.0,0.0,-1.0));
#13786=DIRECTION('',(0.0,0.0,1.0));
#13787=DIRECTION('',(0.0,0.0,1.0));
#13788=DIRECTION('',(0.0,0.0,1.0));
#13789=DIRECTION('',(0.0,0.0,1.0));
#13790=DIRECTION('',(0.0,-0.0,1.0));
#13791=DIRECTION('',(0.0,0.0,-1.0));
#13792=DIRECTION('',(0.0,1.0,0.0));
#13793=DIRECTION('',(0.0,0.0,-1.0));
#13794=DIRECTION('',(0.0,-1.0,0.0));
#13795=DIRECTION('',(0.0,0.0,-1.0));
#13796=DIRECTION('',(0.0,0.0,-1.0));
#13797=DIRECTION('',(-1.0,0.0,0.0));
#13798=DIRECTION('',(0.0,0.0,-1.0));
#13799=DIRECTION('',(0.0,-1.0,0.0));
#13800=DIRECTION('',(-0.0,0.0,1.0));
#13801=DIRECTION('',(0.0,1.0,0.0));
#13802=DIRECTION('',(1.0,0.0,0.0));
#13803=DIRECTION('',(-1.0,0.0,0.0));
#13804=DIRECTION('',(-1.83076724182736E-16,-1.0,0.0));
#13805=DIRECTION('',(-1.0,0.0,0.0));
#13806=DIRECTION('',(-1.83076724182736E-16,-1.0,0.0));
#13807=DIRECTION('',(1.0,6.12323399573676E-17,0.0));
#13808=DIRECTION('',(0.0,1.0,0.0));
#13809=DIRECTION('',(-1.0,0.0,0.0));
#13810=DIRECTION('',(0.0,1.0,0.0));
#13811=DIRECTION('',(1.0,0.0,-0.0));
#13812=DIRECTION('',(0.0,-0.0,1.0));
#13813=DIRECTION('',(-0.0,-0.0,-1.0));
#13814=DIRECTION('',(-0.0,-0.0,-1.0));
#13815=DIRECTION('',(0.0,1.0,0.0));
#13816=DIRECTION('',(0.0,0.0,1.0));
#13817=DIRECTION('',(-1.0,0.0,0.0));
#13818=DIRECTION('',(0.0,-1.0,0.0));
#13819=DIRECTION('',(0.102237153056592,-0.994760053749085,0.0));
#13820=DIRECTION('',(0.500000000000011,0.866025403784433,0.0));
#13821=DIRECTION('',(-0.0448984968094593,0.998991554010469,0.0));
#13822=CARTESIAN_POINT('',(4.064,1.46050000000002,1.397));
#13823=DIRECTION('',(0.0,0.0,1.0));
#13824=DIRECTION('',(1.0,0.0,0.0));
#13825=DIRECTION('',(-0.0449551797207582,-0.998989004852543,-0.0));
#13826=DIRECTION('',(0.500000000000011,-0.866025403784433,0.0));
#13827=DIRECTION('',(0.102237153056592,0.994760053749085,0.0));
#13828=DIRECTION('',(0.0,1.0,0.0));
#13829=DIRECTION('',(1.0,0.0,0.0));
#13830=DIRECTION('',(0.0,-1.0,0.0));
#13831=DIRECTION('',(-0.102237153056592,-0.994760053749085,0.0));
#13832=DIRECTION('',(0.500000000000011,-0.866025403784433,0.0));
#13833=DIRECTION('',(0.0449551797207582,0.998989004852543,0.0));
#13834=CARTESIAN_POINT('',(4.064,1.46050000000002,1.143));
#13835=DIRECTION('',(0.0,0.0,1.0));
#13836=DIRECTION('',(1.0,0.0,0.0));
#13837=DIRECTION('',(0.0448984968094593,-0.998991554010469,0.0));
#13838=DIRECTION('',(-0.500000000000011,-0.866025403784433,0.0));
#13839=DIRECTION('',(0.102237153056592,-0.994760053749085,0.0));
#13840=DIRECTION('',(0.0,1.0,-0.0));
#13841=DIRECTION('',(0.577350269189626,0.577350269189625,0.577350269189627));
#13842=DIRECTION('',(-1.0,6.12323399573675E-17,0.0));
#13843=DIRECTION('',(0.577350269189626,-0.577350269189625,-0.577350269189626));
#13844=DIRECTION('',(1.0,7.77058984864491E-15,7.8318221886023E-15));
#13845=DIRECTION('',(-0.577350269189626,-0.577350269189625,0.577350269189626));
#13846=DIRECTION('',(-1.0,-7.77058984864491E-15,7.70935750868755E-15));
#13847=DIRECTION('',(-0.577350269189627,0.577350269189625,-0.577350269189626));
#13848=DIRECTION('',(0.0,0.0,1.0));
#13849=DIRECTION('',(0.0,0.0,1.0));
#13850=DIRECTION('',(0.0,0.0,1.0));
#13851=DIRECTION('',(-0.0,0.0,1.0));
#13852=DIRECTION('',(0.0,-1.0,0.0));
#13853=DIRECTION('',(1.0,0.0,-0.0));
#13854=DIRECTION('',(0.0,0.0,1.0));
#13855=DIRECTION('',(0.0,0.0,-1.0));
#13856=DIRECTION('',(0.0,0.0,1.0));
#13857=DIRECTION('',(0.0,0.0,1.0));
#13858=DIRECTION('',(0.0,0.0,1.0));
#13859=DIRECTION('',(0.0,0.0,1.0));
#13860=DIRECTION('',(0.0,-0.0,1.0));
#13861=DIRECTION('',(0.0,0.0,-1.0));
#13862=DIRECTION('',(0.0,1.0,0.0));
#13863=DIRECTION('',(0.0,0.0,-1.0));
#13864=DIRECTION('',(0.0,-1.0,0.0));
#13865=DIRECTION('',(0.0,0.0,-1.0));
#13866=DIRECTION('',(0.0,0.0,-1.0));
#13867=DIRECTION('',(-1.0,0.0,0.0));
#13868=DIRECTION('',(0.0,0.0,-1.0));
#13869=DIRECTION('',(0.0,-1.0,0.0));
#13870=DIRECTION('',(-0.0,0.0,1.0));
#13871=DIRECTION('',(0.0,1.0,0.0));
#13872=DIRECTION('',(1.0,0.0,0.0));
#13873=DIRECTION('',(-1.0,0.0,0.0));
#13874=DIRECTION('',(-1.83076724182736E-16,-1.0,0.0));
#13875=DIRECTION('',(-1.0,0.0,0.0));
#13876=DIRECTION('',(-1.83076724182736E-16,-1.0,0.0));
#13877=DIRECTION('',(1.0,6.12323399573676E-17,0.0));
#13878=DIRECTION('',(0.0,1.0,0.0));
#13879=DIRECTION('',(-1.0,0.0,0.0));
#13880=DIRECTION('',(0.0,1.0,0.0));
#13881=DIRECTION('',(1.0,0.0,-0.0));
#13882=DIRECTION('',(0.0,-0.0,1.0));
#13883=DIRECTION('',(-0.0,-0.0,-1.0));
#13884=DIRECTION('',(-0.0,-0.0,-1.0));
#13885=DIRECTION('',(0.0,1.0,0.0));
#13886=DIRECTION('',(0.0,0.0,1.0));
#13887=DIRECTION('',(-1.0,0.0,0.0));
#13888=DIRECTION('',(0.0,-1.0,0.0));
#13889=DIRECTION('',(0.102237153056592,-0.994760053749085,0.0));
#13890=DIRECTION('',(0.500000000000011,0.866025403784433,0.0));
#13891=DIRECTION('',(-0.0448984968094593,0.998991554010469,0.0));
#13892=CARTESIAN_POINT('',(1.524,1.46050000000002,1.397));
#13893=DIRECTION('',(0.0,0.0,1.0));
#13894=DIRECTION('',(1.0,0.0,0.0));
#13895=DIRECTION('',(-0.0449551797207582,-0.998989004852543,-0.0));
#13896=DIRECTION('',(0.500000000000011,-0.866025403784433,0.0));
#13897=DIRECTION('',(0.102237153056592,0.994760053749085,0.0));
#13898=DIRECTION('',(0.0,1.0,0.0));
#13899=DIRECTION('',(1.0,0.0,0.0));
#13900=DIRECTION('',(0.0,-1.0,0.0));
#13901=DIRECTION('',(-0.102237153056592,-0.994760053749085,0.0));
#13902=DIRECTION('',(0.500000000000011,-0.866025403784433,0.0));
#13903=DIRECTION('',(0.0449551797207582,0.998989004852543,0.0));
#13904=CARTESIAN_POINT('',(1.524,1.46050000000002,1.143));
#13905=DIRECTION('',(0.0,0.0,1.0));
#13906=DIRECTION('',(1.0,0.0,0.0));
#13907=DIRECTION('',(0.0448984968094593,-0.998991554010469,0.0));
#13908=DIRECTION('',(-0.500000000000011,-0.866025403784433,0.0));
#13909=DIRECTION('',(0.102237153056592,-0.994760053749085,0.0));
#13910=DIRECTION('',(0.0,1.0,-0.0));
#13911=DIRECTION('',(0.577350269189626,0.577350269189625,0.577350269189627));
#13912=DIRECTION('',(-1.0,6.12323399573675E-17,0.0));
#13913=DIRECTION('',(0.577350269189626,-0.577350269189625,-0.577350269189626));
#13914=DIRECTION('',(1.0,7.77058984864491E-15,7.8318221886023E-15));
#13915=DIRECTION('',(-0.577350269189626,-0.577350269189625,0.577350269189626));
#13916=DIRECTION('',(-1.0,-7.77058984864491E-15,7.70935750868755E-15));
#13917=DIRECTION('',(-0.577350269189627,0.577350269189625,-0.577350269189626));
#13918=DIRECTION('',(0.0,0.0,1.0));
#13919=DIRECTION('',(0.0,0.0,1.0));
#13920=DIRECTION('',(0.0,0.0,1.0));
#13921=DIRECTION('',(-0.0,0.0,1.0));
#13922=DIRECTION('',(0.0,-1.0,0.0));
#13923=DIRECTION('',(1.0,0.0,-0.0));
#13924=DIRECTION('',(0.0,0.0,1.0));
#13925=DIRECTION('',(0.0,0.0,-1.0));
#13926=DIRECTION('',(0.0,0.0,1.0));
#13927=DIRECTION('',(0.0,0.0,1.0));
#13928=DIRECTION('',(0.0,0.0,1.0));
#13929=DIRECTION('',(0.0,0.0,1.0));
#13930=DIRECTION('',(0.0,-0.0,1.0));
#13931=DIRECTION('',(0.0,0.0,-1.0));
#13932=DIRECTION('',(0.0,1.0,0.0));
#13933=DIRECTION('',(0.0,0.0,-1.0));
#13934=DIRECTION('',(0.0,-1.0,0.0));
#13935=DIRECTION('',(0.0,0.0,-1.0));
#13936=DIRECTION('',(0.0,0.0,-1.0));
#13937=DIRECTION('',(-1.0,0.0,0.0));
#13938=DIRECTION('',(1.0,0.0,0.0));
#13939=DIRECTION('',(0.0,1.0,0.0));
#13940=DIRECTION('',(-1.0,0.0,0.0));
#13941=DIRECTION('',(0.0,-1.0,0.0));
#13942=DIRECTION('',(0.0,-0.0,1.0));
#13943=DIRECTION('',(-0.0,-0.0,-1.0));
#13944=DIRECTION('',(0.0,1.0,0.0));
#13945=DIRECTION('',(0.0,0.0,-1.0));
#13946=DIRECTION('',(-1.0,0.0,0.0));
#13947=DIRECTION('',(1.0,0.0,0.0));
#13948=DIRECTION('',(0.0,0.0,1.0));
#13949=DIRECTION('',(1.0,0.0,0.0));
#13950=DIRECTION('',(0.0,1.0,0.0));
#13951=DIRECTION('',(1.0,0.0,0.0));
#13952=DIRECTION('',(0.0,-1.0,0.0));
#13953=DIRECTION('',(0.0,0.0,-1.0));
#13954=DIRECTION('',(-1.0,0.0,0.0));
#13955=DIRECTION('',(0.0,-1.0,0.0));
#13956=DIRECTION('',(0.0,0.0,-1.0));
#13957=DIRECTION('',(1.0,0.0,0.0));
#13958=DIRECTION('',(0.0,1.0,0.0));
#13959=DIRECTION('',(-1.0,0.0,0.0));
#13960=DIRECTION('',(0.0,-1.0,0.0));
#13961=DIRECTION('',(0.0,-0.0,1.0));
#13962=DIRECTION('',(-0.0,-0.0,-1.0));
#13963=DIRECTION('',(0.0,1.0,0.0));
#13964=DIRECTION('',(0.0,0.0,-1.0));
#13965=DIRECTION('',(-1.0,0.0,0.0));
#13966=DIRECTION('',(1.0,0.0,0.0));
#13967=DIRECTION('',(0.0,0.0,1.0));
#13968=DIRECTION('',(1.0,0.0,0.0));
#13969=DIRECTION('',(0.0,1.0,0.0));
#13970=DIRECTION('',(1.0,0.0,0.0));
#13971=DIRECTION('',(0.0,-1.0,0.0));
#13972=DIRECTION('',(0.0,0.0,-1.0));
#13973=DIRECTION('',(-1.0,0.0,0.0));
#13974=DIRECTION('',(0.0,-1.0,0.0));
#13975=DIRECTION('',(0.0,0.0,-1.0));
#13976=DIRECTION('',(1.0,0.0,0.0));
#13977=DIRECTION('',(0.0,1.0,0.0));
#13978=DIRECTION('',(-1.0,0.0,0.0));
#13979=DIRECTION('',(0.0,-1.0,0.0));
#13980=DIRECTION('',(0.0,-0.0,1.0));
#13981=DIRECTION('',(-0.0,-0.0,-1.0));
#13982=DIRECTION('',(0.0,1.0,0.0));
#13983=DIRECTION('',(0.0,0.0,-1.0));
#13984=DIRECTION('',(-1.0,0.0,0.0));
#13985=DIRECTION('',(1.0,0.0,0.0));
#13986=DIRECTION('',(0.0,0.0,1.0));
#13987=DIRECTION('',(1.0,0.0,0.0));
#13988=DIRECTION('',(0.0,1.0,0.0));
#13989=DIRECTION('',(1.0,0.0,0.0));
#13990=DIRECTION('',(0.0,-1.0,0.0));
#13991=DIRECTION('',(0.0,0.0,-1.0));
#13992=DIRECTION('',(-1.0,0.0,0.0));
#13993=DIRECTION('',(0.0,-1.0,0.0));
#13994=DIRECTION('',(0.0,0.0,-1.0));
#13995=DIRECTION('',(1.0,0.0,0.0));
#13996=DIRECTION('',(0.0,1.0,0.0));
#13997=DIRECTION('',(-1.0,0.0,0.0));
#13998=DIRECTION('',(0.0,-1.0,0.0));
#13999=DIRECTION('',(0.0,-0.0,1.0));
#14000=DIRECTION('',(-0.0,-0.0,-1.0));
#14001=DIRECTION('',(0.0,1.0,0.0));
#14002=DIRECTION('',(0.0,0.0,-1.0));
#14003=DIRECTION('',(-1.0,0.0,0.0));
#14004=DIRECTION('',(1.0,0.0,0.0));
#14005=DIRECTION('',(0.0,0.0,1.0));
#14006=DIRECTION('',(1.0,0.0,0.0));
#14007=DIRECTION('',(0.0,1.0,0.0));
#14008=DIRECTION('',(1.0,0.0,0.0));
#14009=DIRECTION('',(0.0,-1.0,0.0));
#14010=DIRECTION('',(0.0,0.0,-1.0));
#14011=DIRECTION('',(-1.0,0.0,0.0));
#14012=DIRECTION('',(0.0,-1.0,0.0));
#14013=DIRECTION('',(0.0,0.0,-1.0));
#14014=DIRECTION('',(1.0,0.0,0.0));
#14015=DIRECTION('',(0.0,1.0,0.0));
#14016=DIRECTION('',(-1.0,0.0,0.0));
#14017=DIRECTION('',(0.0,-1.0,0.0));
#14018=DIRECTION('',(0.0,-0.0,1.0));
#14019=DIRECTION('',(-0.0,-0.0,-1.0));
#14020=DIRECTION('',(0.0,1.0,0.0));
#14021=DIRECTION('',(0.0,0.0,-1.0));
#14022=DIRECTION('',(-1.0,0.0,0.0));
#14023=DIRECTION('',(1.0,0.0,0.0));
#14024=DIRECTION('',(0.0,0.0,1.0));
#14025=DIRECTION('',(1.0,0.0,0.0));
#14026=DIRECTION('',(0.0,1.0,0.0));
#14027=DIRECTION('',(1.0,0.0,0.0));
#14028=DIRECTION('',(0.0,-1.0,0.0));
#14029=DIRECTION('',(0.0,0.0,-1.0));
#14030=DIRECTION('',(-1.0,0.0,0.0));
#14031=DIRECTION('',(0.0,-1.0,0.0));
#14032=DIRECTION('',(0.0,0.0,-1.0));
#14033=DIRECTION('',(1.0,0.0,0.0));
#14034=DIRECTION('',(0.0,1.0,0.0));
#14035=DIRECTION('',(-1.0,0.0,0.0));
#14036=DIRECTION('',(0.0,-1.0,0.0));
#14037=DIRECTION('',(0.0,-0.0,1.0));
#14038=DIRECTION('',(-0.0,-0.0,-1.0));
#14039=DIRECTION('',(0.0,1.0,0.0));
#14040=DIRECTION('',(0.0,0.0,-1.0));
#14041=DIRECTION('',(-1.0,0.0,0.0));
#14042=DIRECTION('',(1.0,0.0,0.0));
#14043=DIRECTION('',(0.0,0.0,1.0));
#14044=DIRECTION('',(1.0,0.0,0.0));
#14045=DIRECTION('',(0.0,1.0,0.0));
#14046=DIRECTION('',(1.0,0.0,0.0));
#14047=DIRECTION('',(0.0,-1.0,0.0));
#14048=DIRECTION('',(0.0,0.0,-1.0));
#14049=DIRECTION('',(-1.0,0.0,0.0));
#14050=DIRECTION('',(0.0,-1.0,0.0));
#14051=DIRECTION('',(0.0,0.0,-1.0));
#14052=DIRECTION('',(0.0,-1.0,0.0));
#14053=DIRECTION('',(-1.0,0.0,0.0));
#14054=DIRECTION('',(0.0,1.0,0.0));
#14055=DIRECTION('',(1.0,0.0,0.0));
#14056=DIRECTION('',(0.0,1.0,0.0));
#14057=DIRECTION('',(-1.0,0.0,0.0));
#14058=DIRECTION('',(0.0,-1.0,0.0));
#14059=DIRECTION('',(1.0,0.0,0.0));
#14060=DIRECTION('',(0.0,-1.0,0.0));
#14061=DIRECTION('',(1.0,0.0,0.0));
#14062=DIRECTION('',(0.0,1.0,0.0));
#14063=DIRECTION('',(-1.0,0.0,0.0));
#14064=DIRECTION('',(0.0,1.0,0.0));
#14065=DIRECTION('',(1.0,0.0,0.0));
#14066=DIRECTION('',(0.0,-1.0,0.0));
#14067=DIRECTION('',(-1.0,0.0,0.0));
#14068=DIRECTION('',(0.0,0.0,1.0));
#14069=DIRECTION('',(0.0,-1.0,0.0));
#14070=DIRECTION('',(0.0,0.0,-1.0));
#14071=DIRECTION('',(-0.0,-0.0,-1.0));
#14072=DIRECTION('',(1.0,0.0,0.0));
#14073=DIRECTION('',(0.0,0.0,-1.0));
#14074=DIRECTION('',(0.0,1.0,0.0));
#14075=DIRECTION('',(-0.0,-0.0,-1.0));
#14076=DIRECTION('',(-0.0,-0.0,-1.0));
#14077=DIRECTION('',(0.0,-1.0,0.0));
#14078=DIRECTION('',(0.0,0.0,-1.0));
#14079=DIRECTION('',(0.0,0.0,-1.0));
#14080=DIRECTION('',(0.0,1.0,0.0));
#14081=DIRECTION('',(1.0,0.0,0.0));
#14082=DIRECTION('',(0.0,0.0,1.0));
#14083=DIRECTION('',(0.0,0.0,1.0));
#14084=DIRECTION('',(-1.0,-0.0,-0.0));
#14085=DIRECTION('',(0.0,-1.0,0.0));
#14086=DIRECTION('',(0.0,0.0,-1.0));
#14087=DIRECTION('',(-0.0,-0.0,-1.0));
#14088=DIRECTION('',(0.0,-1.0,0.0));
#14089=DIRECTION('',(0.0,0.0,-1.0));
#14090=DIRECTION('',(0.0,0.0,-1.0));
#14091=DIRECTION('',(0.0,1.0,0.0));
#14092=DIRECTION('',(0.0,0.0,1.0));
#14093=DIRECTION('',(-1.0,-0.0,-0.0));
#14094=DIRECTION('',(0.0,0.0,-1.0));
#14095=DIRECTION('',(0.0,1.0,0.0));
#14096=DIRECTION('',(0.0,0.0,-1.0));
#14097=DIRECTION('',(0.0,1.0,0.0));
#14098=DIRECTION('',(0.0,0.0,1.0));
#14099=DIRECTION('',(0.0,0.0,-1.0));
#14100=DIRECTION('',(0.0,0.0,1.0));
#14101=DIRECTION('',(0.0,0.0,-1.0));
#14102=DIRECTION('',(0.0,0.0,1.0));
#14103=DIRECTION('',(-0.0,-1.0,-0.0));
#14104=DIRECTION('',(-1.0,0.0,0.0));
#14105=DIRECTION('',(-1.0,0.0,0.0));
#14106=DIRECTION('',(-1.0,0.0,0.0));
#14107=DIRECTION('',(-1.0,0.0,0.0));
#14108=DIRECTION('',(0.0,-1.0,0.0));
#14109=DIRECTION('',(1.0,0.0,0.0));
#14110=DIRECTION('',(0.0,1.0,0.0));
#14111=DIRECTION('',(-1.0,0.0,0.0));
#14112=DIRECTION('',(0.0,-1.0,0.0));
#14113=DIRECTION('',(1.0,0.0,0.0));
#14114=DIRECTION('',(0.0,1.0,0.0));
#14115=DIRECTION('',(-1.0,0.0,0.0));
#14116=DIRECTION('',(0.0,-1.0,0.0));
#14117=DIRECTION('',(1.0,0.0,0.0));
#14118=DIRECTION('',(0.0,1.0,0.0));
#14119=DIRECTION('',(-1.0,0.0,0.0));
#14120=DIRECTION('',(0.0,-1.0,0.0));
#14121=DIRECTION('',(1.0,0.0,0.0));
#14122=DIRECTION('',(0.0,1.0,0.0));
#14123=DIRECTION('',(-1.0,0.0,0.0));
#14124=DIRECTION('',(0.0,-1.0,0.0));
#14125=DIRECTION('',(1.0,0.0,0.0));
#14126=DIRECTION('',(0.0,1.0,0.0));
#14127=DIRECTION('',(-1.0,0.0,0.0));
#14128=DIRECTION('',(0.0,-1.0,0.0));
#14129=DIRECTION('',(1.0,0.0,0.0));
#14130=DIRECTION('',(0.0,1.0,0.0));
#14131=DIRECTION('',(-1.0,0.0,0.0));
#14132=DIRECTION('',(0.0,-1.0,0.0));
#14133=DIRECTION('',(1.0,0.0,0.0));
#14134=DIRECTION('',(0.0,1.0,0.0));
#14135=DIRECTION('',(-1.0,0.0,0.0));
#14136=DIRECTION('',(0.0,-1.0,0.0));
#14137=DIRECTION('',(1.0,0.0,0.0));
#14138=DIRECTION('',(0.0,1.0,0.0));
#14139=DIRECTION('',(-1.0,0.0,0.0));
#14140=DIRECTION('',(0.0,-1.0,0.0));
#14141=DIRECTION('',(1.0,0.0,0.0));
#14142=DIRECTION('',(0.0,1.0,0.0));
#14143=DIRECTION('',(-1.0,0.0,0.0));
#14144=DIRECTION('',(0.0,-1.0,0.0));
#14145=DIRECTION('',(1.0,0.0,0.0));
#14146=DIRECTION('',(0.0,1.0,0.0));
#14147=DIRECTION('',(-1.0,0.0,0.0));
#14148=DIRECTION('',(6.12303176911189E-17,-1.0,0.0));
#14149=DIRECTION('',(0.0,0.0,-1.0));
#14150=DIRECTION('',(1.0,0.0,0.0));
#14151=DIRECTION('',(0.0,0.0,-1.0));
#14152=DIRECTION('',(0.0,0.0,-1.0));
#14153=DIRECTION('',(1.0,0.0,0.0));
#14154=DIRECTION('',(0.0,0.0,-1.0));
#14155=DIRECTION('',(1.0,0.0,0.0));
#14156=DIRECTION('',(1.0,0.0,0.0));
#14157=DIRECTION('',(1.0,0.0,0.0));
#14158=DIRECTION('',(0.0,0.0,-1.0));
#14159=DIRECTION('',(-1.0,0.0,0.0));
#14160=DIRECTION('',(0.0,0.0,-1.0));
#14161=DIRECTION('',(1.0,0.0,0.0));
#14162=DIRECTION('',(0.0,0.0,-1.0));
#14163=DIRECTION('',(-1.0,0.0,0.0));
#14164=DIRECTION('',(0.0,0.0,-1.0));
#14165=DIRECTION('',(1.0,0.0,0.0));
#14166=DIRECTION('',(0.0,0.0,-1.0));
#14167=DIRECTION('',(-1.0,0.0,0.0));
#14168=DIRECTION('',(0.0,0.0,-1.0));
#14169=DIRECTION('',(1.0,0.0,0.0));
#14170=DIRECTION('',(0.0,0.0,-1.0));
#14171=DIRECTION('',(-1.0,0.0,0.0));
#14172=DIRECTION('',(0.0,0.0,-1.0));
#14173=DIRECTION('',(1.0,0.0,0.0));
#14174=DIRECTION('',(0.0,0.0,-1.0));
#14175=DIRECTION('',(-1.0,0.0,0.0));
#14176=DIRECTION('',(0.0,0.0,-1.0));
#14177=DIRECTION('',(1.0,0.0,0.0));
#14178=DIRECTION('',(0.0,0.0,-1.0));
#14179=DIRECTION('',(-1.0,0.0,0.0));
#14180=DIRECTION('',(0.0,0.0,-1.0));
#14181=DIRECTION('',(1.0,0.0,0.0));
#14182=DIRECTION('',(0.0,0.0,-1.0));
#14183=DIRECTION('',(-1.0,0.0,0.0));
#14184=DIRECTION('',(0.0,0.0,-1.0));
#14185=DIRECTION('',(1.0,0.0,0.0));
#14186=DIRECTION('',(0.0,0.0,-1.0));
#14187=DIRECTION('',(-1.0,0.0,0.0));
#14188=DIRECTION('',(0.0,0.0,-1.0));
#14189=DIRECTION('',(1.0,0.0,0.0));
#14190=DIRECTION('',(0.0,0.0,-1.0));
#14191=DIRECTION('',(-1.0,0.0,0.0));
#14192=DIRECTION('',(0.0,0.0,-1.0));
#14193=DIRECTION('',(1.0,0.0,0.0));
#14194=DIRECTION('',(0.0,0.0,-1.0));
#14195=DIRECTION('',(-1.0,0.0,0.0));
#14196=DIRECTION('',(0.0,0.0,-1.0));
#14197=DIRECTION('',(1.0,0.0,0.0));
#14198=DIRECTION('',(0.0,0.0,1.0));
#14199=DIRECTION('',(0.0,0.0,-1.0));
#14200=DIRECTION('',(1.0,0.0,0.0));
#14201=DIRECTION('',(0.0,0.0,-1.0));
#14202=DIRECTION('',(0.0,0.0,-1.0));
#14203=DIRECTION('',(1.0,0.0,0.0));
#14204=DIRECTION('',(0.0,0.0,-1.0));
#14205=DIRECTION('',(0.0,0.0,-1.0));
#14206=DIRECTION('',(1.0,0.0,0.0));
#14207=DIRECTION('',(0.0,0.0,-1.0));
#14208=DIRECTION('',(0.0,0.0,-1.0));
#14209=DIRECTION('',(1.0,0.0,0.0));
#14210=DIRECTION('',(0.0,0.0,-1.0));
#14211=DIRECTION('',(0.0,0.0,-1.0));
#14212=DIRECTION('',(1.0,0.0,0.0));
#14213=DIRECTION('',(0.0,0.0,-1.0));
#14214=DIRECTION('',(0.0,0.0,-1.0));
#14215=DIRECTION('',(1.0,0.0,0.0));
#14216=DIRECTION('',(0.0,0.0,-1.0));
#14217=DIRECTION('',(0.0,0.0,-1.0));
#14218=DIRECTION('',(1.0,0.0,0.0));
#14219=DIRECTION('',(0.0,0.0,-1.0));
#14220=DIRECTION('',(0.0,0.0,-1.0));
#14221=DIRECTION('',(1.0,0.0,0.0));
#14222=DIRECTION('',(0.0,0.0,-1.0));
#14223=DIRECTION('',(0.0,-1.0,0.0));
#14224=DIRECTION('',(-1.0,-0.0,-0.0));
#14225=DIRECTION('',(0.0,1.0,0.0));
#14226=DIRECTION('',(0.0,-1.0,0.0));
#14227=DIRECTION('',(-1.0,-0.0,-0.0));
#14228=DIRECTION('',(0.0,1.0,0.0));
#14229=DIRECTION('',(1.0,0.0,0.0));
#14230=DIRECTION('',(-6.12303176911189E-17,1.0,0.0));
#14231=DIRECTION('',(0.0,-1.0,0.0));
#14232=DIRECTION('',(-1.0,-0.0,-0.0));
#14233=DIRECTION('',(0.0,1.0,0.0));
#14234=DIRECTION('',(0.0,-1.0,0.0));
#14235=DIRECTION('',(-1.0,-0.0,-0.0));
#14236=DIRECTION('',(0.0,1.0,0.0));
#14237=DIRECTION('',(0.0,-1.0,0.0));
#14238=DIRECTION('',(-1.0,-0.0,-0.0));
#14239=DIRECTION('',(0.0,1.0,0.0));
#14240=DIRECTION('',(0.0,-1.0,0.0));
#14241=DIRECTION('',(-1.0,-0.0,-0.0));
#14242=DIRECTION('',(0.0,1.0,0.0));
#14243=DIRECTION('',(0.0,-1.0,0.0));
#14244=DIRECTION('',(-1.0,-0.0,-0.0));
#14245=DIRECTION('',(0.0,1.0,0.0));
#14246=DIRECTION('',(0.0,-1.0,0.0));
#14247=DIRECTION('',(-1.0,-0.0,-0.0));
#14248=DIRECTION('',(0.0,1.0,0.0));
#14249=DIRECTION('',(0.0,-1.0,0.0));
#14250=DIRECTION('',(-1.0,-0.0,-0.0));
#14251=DIRECTION('',(0.0,1.0,0.0));
#14252=DIRECTION('',(0.0,-1.0,0.0));
#14253=DIRECTION('',(-1.0,-0.0,-0.0));
#14254=DIRECTION('',(0.0,1.0,0.0));
#14255=DIRECTION('',(0.0,0.0,1.0));
#14256=DIRECTION('',(1.0,0.0,0.0));
#14257=DIRECTION('',(0.0,0.0,1.0));
#14258=DIRECTION('',(-1.0,0.0,0.0));
#14259=DIRECTION('',(0.0,0.0,1.0));
#14260=DIRECTION('',(1.0,0.0,0.0));
#14261=DIRECTION('',(0.0,0.0,1.0));
#14262=DIRECTION('',(-1.0,-0.0,-0.0));
#14263=DIRECTION('',(0.0,0.0,1.0));
#14264=DIRECTION('',(-1.0,-0.0,-0.0));
#14265=DIRECTION('',(-0.0,-0.0,-1.0));
#14266=DIRECTION('',(1.0,0.0,0.0));
#14267=DIRECTION('',(-1.0,0.0,0.0));
#14268=DIRECTION('',(-0.0,-0.0,-1.0));
#14269=DIRECTION('',(1.0,0.0,0.0));
#14270=DIRECTION('',(-1.0,0.0,0.0));
#14271=DIRECTION('',(-0.0,-0.0,-1.0));
#14272=DIRECTION('',(1.0,0.0,0.0));
#14273=DIRECTION('',(0.0,0.0,1.0));
#14274=DIRECTION('',(1.0,0.0,0.0));
#14275=DIRECTION('',(0.0,0.0,1.0));
#14276=DIRECTION('',(-1.0,-0.0,-0.0));
#14277=DIRECTION('',(-0.0,-0.0,-1.0));
#14278=DIRECTION('',(-1.0,0.0,0.0));
#14279=DIRECTION('',(-0.0,-0.0,-1.0));
#14280=DIRECTION('',(1.0,0.0,0.0));
#14281=DIRECTION('',(0.0,0.0,1.0));
#14282=DIRECTION('',(1.0,0.0,0.0));
#14283=DIRECTION('',(0.0,0.0,1.0));
#14284=DIRECTION('',(-1.0,-0.0,-0.0));
#14285=DIRECTION('',(-0.0,-0.0,-1.0));
#14286=DIRECTION('',(-1.0,0.0,0.0));
#14287=DIRECTION('',(-0.0,-0.0,-1.0));
#14288=DIRECTION('',(1.0,0.0,0.0));
#14289=DIRECTION('',(0.0,0.0,1.0));
#14290=DIRECTION('',(1.0,0.0,0.0));
#14291=DIRECTION('',(0.0,0.0,1.0));
#14292=DIRECTION('',(-1.0,-0.0,-0.0));
#14293=DIRECTION('',(-0.0,-0.0,-1.0));
#14294=DIRECTION('',(-1.0,0.0,0.0));
#14295=DIRECTION('',(-0.0,-0.0,-1.0));
#14296=DIRECTION('',(1.0,0.0,0.0));
#14297=DIRECTION('',(0.0,0.0,1.0));
#14298=DIRECTION('',(1.0,0.0,0.0));
#14299=DIRECTION('',(0.0,0.0,1.0));
#14300=DIRECTION('',(-1.0,-0.0,-0.0));
#14301=DIRECTION('',(-0.0,-0.0,-1.0));
#14302=DIRECTION('',(-1.0,0.0,0.0));
#14303=DIRECTION('',(-0.0,-0.0,-1.0));
#14304=DIRECTION('',(1.0,0.0,0.0));
#14305=DIRECTION('',(0.0,0.0,1.0));
#14306=DIRECTION('',(1.0,0.0,0.0));
#14307=DIRECTION('',(0.0,0.0,1.0));
#14308=DIRECTION('',(-1.0,-0.0,-0.0));
#14309=DIRECTION('',(-0.0,-0.0,-1.0));
#14310=DIRECTION('',(0.0,-1.0,0.0));
#14311=DIRECTION('',(0.0,1.0,0.0));
#14312=DIRECTION('',(1.0,0.0,0.0));
#14313=DIRECTION('',(0.0,1.0,0.0));
#14314=DIRECTION('',(-1.0,0.0,0.0));
#14315=DIRECTION('',(0.0,-1.0,0.0));
#14316=DIRECTION('',(0.0,-1.0,0.0));
#14317=DIRECTION('',(0.0,1.0,0.0));
#14318=DIRECTION('',(-1.0,0.0,0.0));
#14319=DIRECTION('',(0.0,1.0,0.0));
#14320=DIRECTION('',(1.0,0.0,0.0));
#14321=DIRECTION('',(0.0,-1.0,0.0));
#14322=DIRECTION('',(0.0,0.0,1.0));
#14323=DIRECTION('',(-0.0,-0.0,-1.0));
#14324=DIRECTION('',(-0.0,-0.0,-1.0));
#14325=DIRECTION('',(-0.0,-0.0,-1.0));
#14326=DIRECTION('',(0.0,0.0,1.0));
#14327=DIRECTION('',(0.0,0.0,1.0));
#14328=DIRECTION('',(-0.0,-0.0,-1.0));
#14329=DIRECTION('',(0.0,0.0,1.0));
#14330=DIRECTION('',(0.0,-1.0,0.0));
#14331=DIRECTION('',(0.0,1.0,0.0));
#14332=DIRECTION('',(1.0,0.0,0.0));
#14333=DIRECTION('',(0.0,1.0,0.0));
#14334=DIRECTION('',(-1.0,0.0,0.0));
#14335=DIRECTION('',(0.0,-1.0,0.0));
#14336=DIRECTION('',(0.0,-1.0,0.0));
#14337=DIRECTION('',(0.0,1.0,0.0));
#14338=DIRECTION('',(-1.0,0.0,0.0));
#14339=DIRECTION('',(0.0,1.0,0.0));
#14340=DIRECTION('',(1.0,0.0,0.0));
#14341=DIRECTION('',(0.0,-1.0,0.0));
#14342=DIRECTION('',(0.0,0.0,1.0));
#14343=DIRECTION('',(-0.0,-0.0,-1.0));
#14344=DIRECTION('',(-0.0,-0.0,-1.0));
#14345=DIRECTION('',(-0.0,-0.0,-1.0));
#14346=DIRECTION('',(0.0,0.0,1.0));
#14347=DIRECTION('',(0.0,0.0,1.0));
#14348=DIRECTION('',(-0.0,-0.0,-1.0));
#14349=DIRECTION('',(0.0,0.0,1.0));
#14350=DIRECTION('',(0.0,-1.0,0.0));
#14351=DIRECTION('',(0.0,1.0,0.0));
#14352=DIRECTION('',(1.0,0.0,0.0));
#14353=DIRECTION('',(0.0,1.0,0.0));
#14354=DIRECTION('',(-1.0,0.0,0.0));
#14355=DIRECTION('',(0.0,-1.0,0.0));
#14356=DIRECTION('',(0.0,-1.0,0.0));
#14357=DIRECTION('',(0.0,1.0,0.0));
#14358=DIRECTION('',(-1.0,0.0,0.0));
#14359=DIRECTION('',(0.0,1.0,0.0));
#14360=DIRECTION('',(1.0,0.0,0.0));
#14361=DIRECTION('',(0.0,-1.0,0.0));
#14362=DIRECTION('',(0.0,0.0,1.0));
#14363=DIRECTION('',(-0.0,-0.0,-1.0));
#14364=DIRECTION('',(-0.0,-0.0,-1.0));
#14365=DIRECTION('',(-0.0,-0.0,-1.0));
#14366=DIRECTION('',(0.0,0.0,1.0));
#14367=DIRECTION('',(0.0,0.0,1.0));
#14368=DIRECTION('',(-0.0,-0.0,-1.0));
#14369=DIRECTION('',(0.0,0.0,1.0));
#14370=DIRECTION('',(0.0,-1.0,0.0));
#14371=DIRECTION('',(0.0,1.0,0.0));
#14372=DIRECTION('',(1.0,0.0,0.0));
#14373=DIRECTION('',(0.0,1.0,0.0));
#14374=DIRECTION('',(-1.0,0.0,0.0));
#14375=DIRECTION('',(0.0,-1.0,0.0));
#14376=DIRECTION('',(0.0,-1.0,0.0));
#14377=DIRECTION('',(0.0,1.0,0.0));
#14378=DIRECTION('',(-1.0,0.0,0.0));
#14379=DIRECTION('',(0.0,1.0,0.0));
#14380=DIRECTION('',(1.0,0.0,0.0));
#14381=DIRECTION('',(0.0,-1.0,0.0));
#14382=DIRECTION('',(0.0,0.0,1.0));
#14383=DIRECTION('',(-0.0,-0.0,-1.0));
#14384=DIRECTION('',(-0.0,-0.0,-1.0));
#14385=DIRECTION('',(-0.0,-0.0,-1.0));
#14386=DIRECTION('',(0.0,0.0,1.0));
#14387=DIRECTION('',(0.0,0.0,1.0));
#14388=DIRECTION('',(-0.0,-0.0,-1.0));
#14389=DIRECTION('',(0.0,0.0,1.0));
#14390=DIRECTION('',(0.0,0.0,1.0));
#14391=DIRECTION('',(0.0,0.0,1.0));
#14392=DIRECTION('',(0.0,-1.0,0.0));
#14393=DIRECTION('',(0.0,1.0,0.0));
#14394=DIRECTION('',(1.0,0.0,0.0));
#14395=DIRECTION('',(0.0,1.0,0.0));
#14396=DIRECTION('',(-1.0,0.0,0.0));
#14397=DIRECTION('',(0.0,-1.0,0.0));
#14398=DIRECTION('',(0.0,-1.0,0.0));
#14399=DIRECTION('',(0.0,1.0,0.0));
#14400=DIRECTION('',(-1.0,0.0,0.0));
#14401=DIRECTION('',(0.0,1.0,0.0));
#14402=DIRECTION('',(1.0,0.0,0.0));
#14403=DIRECTION('',(0.0,-1.0,0.0));
#14404=DIRECTION('',(0.0,0.0,1.0));
#14405=DIRECTION('',(-0.0,-0.0,-1.0));
#14406=DIRECTION('',(-0.0,-0.0,-1.0));
#14407=DIRECTION('',(-0.0,-0.0,-1.0));
#14408=DIRECTION('',(0.0,0.0,1.0));
#14409=DIRECTION('',(0.0,0.0,1.0));
#14410=DIRECTION('',(-0.0,-0.0,-1.0));
#14411=DIRECTION('',(0.0,0.0,1.0));
#14412=DIRECTION('',(-5.21905288341829E-17,-1.0,0.0));
#14413=DIRECTION('',(1.0,0.0,0.0));
#14414=DIRECTION('',(0.0,-1.0,0.0));
#14415=DIRECTION('',(-1.0,0.0,0.0));
#14416=DIRECTION('',(0.0,-1.0,0.0));
#14417=DIRECTION('',(0.0,0.0,-1.0));
#14418=DIRECTION('',(0.0,1.0,0.0));
#14419=DIRECTION('',(0.0,-1.0,0.0));
#14420=DIRECTION('',(0.0,0.0,-1.0));
#14421=DIRECTION('',(0.0,1.0,0.0));
#14422=DIRECTION('',(5.21905288341829E-17,1.0,0.0));
#14423=DIRECTION('',(1.0,0.0,0.0));
#14424=DIRECTION('',(-1.0,0.0,0.0));
#14425=DIRECTION('',(0.0,1.0,0.0));
#14426=DIRECTION('',(0.0,-1.0,0.0));
#14427=DIRECTION('',(0.0,0.0,-1.0));
#14428=DIRECTION('',(0.0,1.0,0.0));
#14429=DIRECTION('',(0.0,0.0,-1.0));
#14430=DIRECTION('',(0.0,0.0,1.0));
#14431=DIRECTION('',(-1.0,-0.0,-0.0));
#14432=DIRECTION('',(1.0,0.0,0.0));
#14433=DIRECTION('',(0.0,0.0,1.0));
#14434=DIRECTION('',(5.21905288341829E-17,1.0,0.0));
#14435=DIRECTION('',(0.0,0.0,1.0));
#14436=DIRECTION('',(-5.21905288341829E-17,-1.0,-0.0));
#14437=DIRECTION('',(0.0,0.0,-1.0));
#14438=DIRECTION('',(1.0,0.0,0.0));
#14439=DIRECTION('',(0.0,-1.0,0.0));
#14440=DIRECTION('',(0.0,-1.0,0.0));
#14441=DIRECTION('',(0.0,0.0,-1.0));
#14442=DIRECTION('',(0.0,1.0,0.0));
#14443=DIRECTION('',(0.0,-1.0,0.0));
#14444=DIRECTION('',(0.0,0.0,-1.0));
#14445=DIRECTION('',(0.0,1.0,0.0));
#14446=DIRECTION('',(-1.0,0.0,0.0));
#14447=DIRECTION('',(0.0,1.0,0.0));
#14448=DIRECTION('',(0.0,-1.0,0.0));
#14449=DIRECTION('',(0.0,0.0,-1.0));
#14450=DIRECTION('',(0.0,1.0,0.0));
#14451=DIRECTION('',(0.0,0.0,-1.0));
#14452=DIRECTION('',(1.0,0.0,0.0));
#14453=DIRECTION('',(0.0,-1.0,0.0));
#14454=DIRECTION('',(0.0,-1.0,0.0));
#14455=DIRECTION('',(0.0,0.0,-1.0));
#14456=DIRECTION('',(0.0,1.0,0.0));
#14457=DIRECTION('',(0.0,-1.0,0.0));
#14458=DIRECTION('',(0.0,0.0,-1.0));
#14459=DIRECTION('',(0.0,1.0,0.0));
#14460=DIRECTION('',(-1.0,0.0,0.0));
#14461=DIRECTION('',(0.0,1.0,0.0));
#14462=DIRECTION('',(0.0,-1.0,0.0));
#14463=DIRECTION('',(0.0,0.0,-1.0));
#14464=DIRECTION('',(0.0,1.0,0.0));
#14465=DIRECTION('',(0.0,0.0,-1.0));
#14466=DIRECTION('',(1.0,0.0,0.0));
#14467=DIRECTION('',(0.0,-1.0,0.0));
#14468=DIRECTION('',(0.0,-1.0,0.0));
#14469=DIRECTION('',(0.0,0.0,-1.0));
#14470=DIRECTION('',(0.0,1.0,0.0));
#14471=DIRECTION('',(0.0,-1.0,0.0));
#14472=DIRECTION('',(0.0,0.0,-1.0));
#14473=DIRECTION('',(0.0,1.0,0.0));
#14474=DIRECTION('',(-1.0,0.0,0.0));
#14475=DIRECTION('',(0.0,1.0,0.0));
#14476=DIRECTION('',(0.0,-1.0,0.0));
#14477=DIRECTION('',(0.0,0.0,-1.0));
#14478=DIRECTION('',(0.0,1.0,0.0));
#14479=DIRECTION('',(0.0,0.0,-1.0));
#14480=DIRECTION('',(1.0,0.0,0.0));
#14481=DIRECTION('',(0.0,-1.0,0.0));
#14482=DIRECTION('',(0.0,-1.0,0.0));
#14483=DIRECTION('',(0.0,0.0,-1.0));
#14484=DIRECTION('',(0.0,1.0,0.0));
#14485=DIRECTION('',(0.0,-1.0,0.0));
#14486=DIRECTION('',(0.0,0.0,-1.0));
#14487=DIRECTION('',(0.0,1.0,0.0));
#14488=DIRECTION('',(-1.0,0.0,0.0));
#14489=DIRECTION('',(0.0,1.0,0.0));
#14490=DIRECTION('',(0.0,-1.0,0.0));
#14491=DIRECTION('',(0.0,0.0,-1.0));
#14492=DIRECTION('',(0.0,1.0,0.0));
#14493=DIRECTION('',(0.0,0.0,-1.0));
#14494=DIRECTION('',(1.0,0.0,0.0));
#14495=DIRECTION('',(0.0,-1.0,0.0));
#14496=DIRECTION('',(0.0,-1.0,0.0));
#14497=DIRECTION('',(0.0,0.0,-1.0));
#14498=DIRECTION('',(0.0,1.0,0.0));
#14499=DIRECTION('',(0.0,-1.0,0.0));
#14500=DIRECTION('',(0.0,0.0,-1.0));
#14501=DIRECTION('',(0.0,1.0,0.0));
#14502=DIRECTION('',(1.83690953073357E-16,1.0,0.0));
#14503=DIRECTION('',(-1.0,0.0,0.0));
#14504=DIRECTION('',(1.0,0.0,0.0));
#14505=DIRECTION('',(-1.0,0.0,0.0));
#14506=DIRECTION('',(-1.83690953073357E-16,-1.0,0.0));
#14507=DIRECTION('',(-1.0,0.0,0.0));
#14508=DIRECTION('',(0.0,-1.0,0.0));
#14509=DIRECTION('',(1.0,0.0,0.0));
#14510=DIRECTION('',(0.0,1.0,0.0));
#14511=DIRECTION('',(0.0,0.0,-1.0));
#14512=DIRECTION('',(0.0,1.0,0.0));
#14513=DIRECTION('',(0.0,0.0,-1.0));
#14514=DIRECTION('',(-1.0,0.0,0.0));
#14515=DIRECTION('',(-1.0,0.0,0.0));
#14516=DIRECTION('',(-1.0,0.0,0.0));
#14517=DIRECTION('',(-1.0,0.0,0.0));
#14518=DIRECTION('',(-1.0,0.0,0.0));
#14519=DIRECTION('',(1.0,0.0,0.0));
#14520=DIRECTION('',(1.0,0.0,0.0));
#14521=DIRECTION('',(1.0,0.0,0.0));
#14522=DIRECTION('',(1.0,0.0,0.0));
#14523=DIRECTION('',(1.0,0.0,0.0));
#14524=DIRECTION('',(1.0,0.0,0.0));
#14525=DIRECTION('',(0.0,0.0,1.0));
#14526=DIRECTION('',(-1.0,0.0,0.0));
#14527=DIRECTION('',(1.0,0.0,0.0));
#14528=DIRECTION('',(-1.83690953073357E-16,-1.0,0.0));
#14529=DIRECTION('',(-1.0,0.0,0.0));
#14530=DIRECTION('',(0.0,0.0,1.0));
#14531=DIRECTION('',(-1.0,-0.0,-0.0));
#14532=DIRECTION('',(0.0,0.0,1.0));
#14533=DIRECTION('',(1.83690953073357E-16,1.0,0.0));
#14534=DIRECTION('',(0.0,0.0,1.0));
#14535=DIRECTION('',(1.0,0.0,0.0));
ENDSEC;
END-ISO-10303-21;
