ISO-10303-21;
HEADER;
/* Generated by software containing ST-Developer
 * from STEP Tools, Inc. (www.steptools.com) 
 */

FILE_DESCRIPTION(
/* description */ ('FreeCAD Model'),
/* implementation_level */ '2;1');

FILE_NAME(
/* name */ 'GCT_USB4216_SMD.step',
/* time_stamp */ '2026-09-23T23:51:28+02:00',
/* author */ (''),
/* organization */ (''),
/* preprocessor_version */ 'ST-DEVELOPER v20.2',
/* originating_system */ 'Autodesk Translation Framework v15.15.0.0',
/* authorisation */ '');

FILE_SCHEMA (('AUTOMOTIVE_DESIGN { 1 0 10303 214 3 1 1 }'));
ENDSEC;

DATA;
#10=MECHANICAL_DESIGN_GEOMETRIC_PRESENTATION_REPRESENTATION('',(#13,#14,
#15,#16,#17,#18,#19,#20,#21,#22,#23,#24,#25,#26,#27,#28,#29,#30,#31,#32,
#33,#34,#35,#36,#37,#38,#39,#40,#41,#42,#43,#44,#45,#46,#47,#48,#49,#50,
#51,#52,#53,#54,#55,#56,#57,#58,#59,#60,#61,#62,#63,#64,#65,#66,#67,#68,
#69,#70,#71,#72,#73,#74,#75,#76,#77,#78,#79,#80,#81,#82,#83,#84,#85,#86,
#87,#88,#89,#90,#91,#92,#93,#94,#95,#96,#97,#98,#99,#100,#101,#102,#103,
#104,#105,#106,#107,#108,#109,#110,#111,#112,#113,#114,#115,#116,#117,#118,
#119,#120,#121,#122,#123,#124,#125,#126,#127,#128,#129,#130,#131,#132,#133,
#134,#135,#136,#137,#138,#139,#140,#141,#142,#143,#144,#145,#146,#147,#148,
#149,#150,#151,#152,#153,#154,#155,#156,#157,#158,#159,#160,#161,#162,#163,
#164,#165,#166,#167,#168,#169,#170,#171,#172,#173,#174),#12683);
#11=SHAPE_REPRESENTATION_RELATIONSHIP('SRR','None',#12690,#12);
#12=ADVANCED_BREP_SHAPE_REPRESENTATION('',(#175,#176),#12682);
#13=STYLED_ITEM('',(#12700),#175);
#14=STYLED_ITEM('',(#12700),#7604);
#15=STYLED_ITEM('',(#12700),#7605);
#16=STYLED_ITEM('',(#12700),#7606);
#17=STYLED_ITEM('',(#12700),#7607);
#18=STYLED_ITEM('',(#12700),#7608);
#19=STYLED_ITEM('',(#12700),#7609);
#20=STYLED_ITEM('',(#12700),#7610);
#21=STYLED_ITEM('',(#12700),#7611);
#22=STYLED_ITEM('',(#12700),#7612);
#23=STYLED_ITEM('',(#12700),#7613);
#24=STYLED_ITEM('',(#12700),#7614);
#25=STYLED_ITEM('',(#12700),#7615);
#26=STYLED_ITEM('',(#12700),#7616);
#27=STYLED_ITEM('',(#12700),#7617);
#28=STYLED_ITEM('',(#12700),#7618);
#29=STYLED_ITEM('',(#12700),#7619);
#30=STYLED_ITEM('',(#12700),#7620);
#31=STYLED_ITEM('',(#12700),#7621);
#32=STYLED_ITEM('',(#12700),#7622);
#33=STYLED_ITEM('',(#12700),#7623);
#34=STYLED_ITEM('',(#12700),#7624);
#35=STYLED_ITEM('',(#12700),#7625);
#36=STYLED_ITEM('',(#12700),#7626);
#37=STYLED_ITEM('',(#12700),#7627);
#38=STYLED_ITEM('',(#12700),#7642);
#39=STYLED_ITEM('',(#12700),#7643);
#40=STYLED_ITEM('',(#12700),#7644);
#41=STYLED_ITEM('',(#12700),#7645);
#42=STYLED_ITEM('',(#12700),#7647);
#43=STYLED_ITEM('',(#12700),#7648);
#44=STYLED_ITEM('',(#12700),#7649);
#45=STYLED_ITEM('',(#12700),#7650);
#46=STYLED_ITEM('',(#12700),#7651);
#47=STYLED_ITEM('',(#12700),#7652);
#48=STYLED_ITEM('',(#12700),#7653);
#49=STYLED_ITEM('',(#12700),#7654);
#50=STYLED_ITEM('',(#12700),#7655);
#51=STYLED_ITEM('',(#12700),#7656);
#52=STYLED_ITEM('',(#12700),#7657);
#53=STYLED_ITEM('',(#12700),#7658);
#54=STYLED_ITEM('',(#12700),#7659);
#55=STYLED_ITEM('',(#12700),#7660);
#56=STYLED_ITEM('',(#12700),#7661);
#57=STYLED_ITEM('',(#12700),#7662);
#58=STYLED_ITEM('',(#12700),#7664);
#59=STYLED_ITEM('',(#12700),#7665);
#60=STYLED_ITEM('',(#12700),#7666);
#61=STYLED_ITEM('',(#12700),#7667);
#62=STYLED_ITEM('',(#12700),#7668);
#63=STYLED_ITEM('',(#12700),#7669);
#64=STYLED_ITEM('',(#12700),#7670);
#65=STYLED_ITEM('',(#12700),#7671);
#66=STYLED_ITEM('',(#12700),#7672);
#67=STYLED_ITEM('',(#12700),#7673);
#68=STYLED_ITEM('',(#12700),#7674);
#69=STYLED_ITEM('',(#12700),#7675);
#70=STYLED_ITEM('',(#12700),#7676);
#71=STYLED_ITEM('',(#12700),#7677);
#72=STYLED_ITEM('',(#12700),#7678);
#73=STYLED_ITEM('',(#12700),#7679);
#74=STYLED_ITEM('',(#12700),#7681);
#75=STYLED_ITEM('',(#12700),#7682);
#76=STYLED_ITEM('',(#12700),#7683);
#77=STYLED_ITEM('',(#12700),#7684);
#78=STYLED_ITEM('',(#12700),#7686);
#79=STYLED_ITEM('',(#12700),#7687);
#80=STYLED_ITEM('',(#12700),#7688);
#81=STYLED_ITEM('',(#12700),#7689);
#82=STYLED_ITEM('',(#12700),#7690);
#83=STYLED_ITEM('',(#12700),#7691);
#84=STYLED_ITEM('',(#12700),#7692);
#85=STYLED_ITEM('',(#12700),#7693);
#86=STYLED_ITEM('',(#12700),#7694);
#87=STYLED_ITEM('',(#12700),#7695);
#88=STYLED_ITEM('',(#12700),#7696);
#89=STYLED_ITEM('',(#12700),#7697);
#90=STYLED_ITEM('',(#12700),#7698);
#91=STYLED_ITEM('',(#12700),#7699);
#92=STYLED_ITEM('',(#12700),#7700);
#93=STYLED_ITEM('',(#12700),#7701);
#94=STYLED_ITEM('',(#12700),#7702);
#95=STYLED_ITEM('',(#12700),#7703);
#96=STYLED_ITEM('',(#12700),#7704);
#97=STYLED_ITEM('',(#12700),#7705);
#98=STYLED_ITEM('',(#12700),#7706);
#99=STYLED_ITEM('',(#12700),#7707);
#100=STYLED_ITEM('',(#12700),#7708);
#101=STYLED_ITEM('',(#12700),#7709);
#102=STYLED_ITEM('',(#12700),#7710);
#103=STYLED_ITEM('',(#12700),#7711);
#104=STYLED_ITEM('',(#12700),#7712);
#105=STYLED_ITEM('',(#12700),#7713);
#106=STYLED_ITEM('',(#12700),#7714);
#107=STYLED_ITEM('',(#12700),#7715);
#108=STYLED_ITEM('',(#12700),#7716);
#109=STYLED_ITEM('',(#12700),#7717);
#110=STYLED_ITEM('',(#12700),#7718);
#111=STYLED_ITEM('',(#12700),#7719);
#112=STYLED_ITEM('',(#12700),#7720);
#113=STYLED_ITEM('',(#12700),#7721);
#114=STYLED_ITEM('',(#12700),#7722);
#115=STYLED_ITEM('',(#12700),#7723);
#116=STYLED_ITEM('',(#12700),#7724);
#117=STYLED_ITEM('',(#12700),#7725);
#118=STYLED_ITEM('',(#12700),#7726);
#119=STYLED_ITEM('',(#12700),#7727);
#120=STYLED_ITEM('',(#12700),#7728);
#121=STYLED_ITEM('',(#12700),#7729);
#122=STYLED_ITEM('',(#12700),#7730);
#123=STYLED_ITEM('',(#12700),#7731);
#124=STYLED_ITEM('',(#12700),#7732);
#125=STYLED_ITEM('',(#12700),#7733);
#126=STYLED_ITEM('',(#12700),#7734);
#127=STYLED_ITEM('',(#12700),#7735);
#128=STYLED_ITEM('',(#12700),#7736);
#129=STYLED_ITEM('',(#12700),#7737);
#130=STYLED_ITEM('',(#12700),#7738);
#131=STYLED_ITEM('',(#12700),#7739);
#132=STYLED_ITEM('',(#12700),#7740);
#133=STYLED_ITEM('',(#12700),#7741);
#134=STYLED_ITEM('',(#12700),#7742);
#135=STYLED_ITEM('',(#12700),#7743);
#136=STYLED_ITEM('',(#12700),#7744);
#137=STYLED_ITEM('',(#12700),#7745);
#138=STYLED_ITEM('',(#12700),#7746);
#139=STYLED_ITEM('',(#12700),#7747);
#140=STYLED_ITEM('',(#12700),#7748);
#141=STYLED_ITEM('',(#12700),#7749);
#142=STYLED_ITEM('',(#12700),#7762);
#143=STYLED_ITEM('',(#12700),#7763);
#144=STYLED_ITEM('',(#12700),#7764);
#145=STYLED_ITEM('',(#12700),#7765);
#146=STYLED_ITEM('',(#12700),#7766);
#147=STYLED_ITEM('',(#12700),#7767);
#148=STYLED_ITEM('',(#12700),#7768);
#149=STYLED_ITEM('',(#12700),#7769);
#150=STYLED_ITEM('',(#12700),#7770);
#151=STYLED_ITEM('',(#12700),#7771);
#152=STYLED_ITEM('',(#12700),#7772);
#153=STYLED_ITEM('',(#12700),#7773);
#154=STYLED_ITEM('',(#12700),#7774);
#155=STYLED_ITEM('',(#12700),#7775);
#156=STYLED_ITEM('',(#12700),#7776);
#157=STYLED_ITEM('',(#12700),#7777);
#158=STYLED_ITEM('',(#12700),#7778);
#159=STYLED_ITEM('',(#12700),#7779);
#160=STYLED_ITEM('',(#12700),#7780);
#161=STYLED_ITEM('',(#12700),#7781);
#162=STYLED_ITEM('',(#12700),#7782);
#163=STYLED_ITEM('',(#12700),#7783);
#164=STYLED_ITEM('',(#12700),#7784);
#165=STYLED_ITEM('',(#12700),#7785);
#166=STYLED_ITEM('',(#12700),#7786);
#167=STYLED_ITEM('',(#12700),#7787);
#168=STYLED_ITEM('',(#12700),#7788);
#169=STYLED_ITEM('',(#12700),#7789);
#170=STYLED_ITEM('',(#12700),#7790);
#171=STYLED_ITEM('',(#12700),#7791);
#172=STYLED_ITEM('',(#12700),#7792);
#173=STYLED_ITEM('',(#12700),#7793);
#174=STYLED_ITEM('',(#12701),#176);
#175=MANIFOLD_SOLID_BREP('Body1',#7812);
#176=MANIFOLD_SOLID_BREP('Body2',#7813);
#177=FACE_BOUND('',#867,.T.);
#178=FACE_BOUND('',#1236,.T.);
#179=CIRCLE('',#7830,0.15);
#180=CIRCLE('',#7831,0.15);
#181=CIRCLE('',#7834,0.15);
#182=CIRCLE('',#7835,0.15);
#183=CIRCLE('',#7838,0.15);
#184=CIRCLE('',#7839,0.15);
#185=CIRCLE('',#7841,0.15);
#186=CIRCLE('',#7842,0.15);
#187=CIRCLE('',#7845,0.15);
#188=CIRCLE('',#7846,0.15);
#189=CIRCLE('',#7848,0.15);
#190=CIRCLE('',#7849,0.15);
#191=CIRCLE('',#7857,0.503553390593);
#192=CIRCLE('',#7858,0.503553390593);
#193=CIRCLE('',#7860,0.203553390593);
#194=CIRCLE('',#7861,0.203553390593);
#195=CIRCLE('',#7865,0.12);
#196=CIRCLE('',#7866,0.12);
#197=CIRCLE('',#7868,0.12);
#198=CIRCLE('',#7869,0.12);
#199=CIRCLE('',#7876,1.25);
#200=CIRCLE('',#7877,1.25);
#201=CIRCLE('',#7878,1.25);
#202=CIRCLE('',#7879,1.25);
#203=CIRCLE('',#7880,0.95);
#204=CIRCLE('',#7881,0.95);
#205=CIRCLE('',#7882,0.95);
#206=CIRCLE('',#7883,0.95);
#207=CIRCLE('',#7885,1.25);
#208=CIRCLE('',#7886,0.95);
#209=CIRCLE('',#7888,0.95);
#210=CIRCLE('',#7889,1.25);
#211=CIRCLE('',#7891,1.25);
#212=CIRCLE('',#7892,0.95);
#213=CIRCLE('',#7896,0.504528786524);
#214=CIRCLE('',#7897,0.504528786524);
#215=CIRCLE('',#7901,0.15);
#216=CIRCLE('',#7902,0.15);
#217=CIRCLE('',#7905,0.15);
#218=CIRCLE('',#7906,0.15);
#219=CIRCLE('',#7909,0.504528786523996);
#220=CIRCLE('',#7910,0.504528786523996);
#221=CIRCLE('',#7913,0.504528786524163);
#222=CIRCLE('',#7914,0.504528786524163);
#223=CIRCLE('',#7916,0.504528786524);
#224=CIRCLE('',#7917,0.504528786524);
#225=CIRCLE('',#7921,0.27);
#226=CIRCLE('',#7922,0.27);
#227=CIRCLE('',#7924,0.1);
#228=CIRCLE('',#7925,0.1);
#229=CIRCLE('',#7928,0.12);
#230=CIRCLE('',#7929,0.12);
#231=CIRCLE('',#7931,0.31);
#232=CIRCLE('',#7932,0.31);
#233=CIRCLE('',#7934,0.12);
#234=CIRCLE('',#7935,0.12);
#235=CIRCLE('',#7939,0.1);
#236=CIRCLE('',#7940,0.1);
#237=CIRCLE('',#7945,0.45);
#238=CIRCLE('',#7946,0.15);
#239=CIRCLE('',#7949,0.15);
#240=CIRCLE('',#7950,0.45);
#241=CIRCLE('',#7952,0.45);
#242=CIRCLE('',#7953,0.15);
#243=CIRCLE('',#7956,0.45);
#244=CIRCLE('',#7959,0.15);
#245=CIRCLE('',#7961,0.15);
#246=CIRCLE('',#7962,0.15);
#247=CIRCLE('',#7965,0.15);
#248=CIRCLE('',#7966,0.15);
#249=CIRCLE('',#7971,0.15);
#250=CIRCLE('',#7972,0.15);
#251=CIRCLE('',#7977,0.95);
#252=CIRCLE('',#7979,1.25);
#253=CIRCLE('',#7981,0.15);
#254=CIRCLE('',#7982,0.15);
#255=CIRCLE('',#7986,0.15);
#256=CIRCLE('',#7987,0.15);
#257=CIRCLE('',#7993,0.15);
#258=CIRCLE('',#7994,0.15);
#259=CIRCLE('',#7997,0.95);
#260=CIRCLE('',#8003,1.25);
#261=CIRCLE('',#8006,0.27);
#262=CIRCLE('',#8007,0.27);
#263=CIRCLE('',#8009,0.1);
#264=CIRCLE('',#8010,0.1);
#265=CIRCLE('',#8013,0.12);
#266=CIRCLE('',#8014,0.12);
#267=CIRCLE('',#8016,0.31);
#268=CIRCLE('',#8017,0.31);
#269=CIRCLE('',#8019,0.12);
#270=CIRCLE('',#8020,0.12);
#271=CIRCLE('',#8024,0.1);
#272=CIRCLE('',#8025,0.1);
#273=CIRCLE('',#8030,0.45);
#274=CIRCLE('',#8031,0.15);
#275=CIRCLE('',#8034,0.15);
#276=CIRCLE('',#8035,0.45);
#277=CIRCLE('',#8037,0.45);
#278=CIRCLE('',#8038,0.15);
#279=CIRCLE('',#8041,0.45);
#280=CIRCLE('',#8044,0.15);
#281=CIRCLE('',#8046,0.15);
#282=CIRCLE('',#8047,0.15);
#283=CIRCLE('',#8050,0.15);
#284=CIRCLE('',#8051,0.15);
#285=CIRCLE('',#8056,0.15);
#286=CIRCLE('',#8057,0.15);
#287=CIRCLE('',#8062,0.95);
#288=CIRCLE('',#8064,1.25);
#289=CIRCLE('',#8066,0.15);
#290=CIRCLE('',#8067,0.15);
#291=CIRCLE('',#8071,0.15);
#292=CIRCLE('',#8072,0.15);
#293=CIRCLE('',#8078,0.15);
#294=CIRCLE('',#8079,0.15);
#295=CIRCLE('',#8081,0.95);
#296=CIRCLE('',#8082,1.25);
#297=CIRCLE('',#8085,0.95);
#298=CIRCLE('',#8091,1.25);
#299=CIRCLE('',#8094,0.23);
#300=CIRCLE('',#8095,0.23);
#301=CIRCLE('',#8098,0.23);
#302=CIRCLE('',#8100,0.503553390593);
#303=CIRCLE('',#8101,0.503553390593);
#304=CIRCLE('',#8105,0.23);
#305=CIRCLE('',#8108,0.203553390593);
#306=CIRCLE('',#8110,0.203553390593);
#307=CIRCLE('',#8112,0.15);
#308=CIRCLE('',#8117,0.15);
#309=CIRCLE('',#8120,0.23);
#310=CIRCLE('',#8121,0.23);
#311=CIRCLE('',#8124,0.23);
#312=CIRCLE('',#8126,0.503553390593);
#313=CIRCLE('',#8127,0.503553390593);
#314=CIRCLE('',#8131,0.23);
#315=CIRCLE('',#8134,0.203553390593);
#316=CIRCLE('',#8136,0.203553390593);
#317=CIRCLE('',#8138,0.15);
#318=CIRCLE('',#8143,0.15);
#319=CIRCLE('',#8146,0.12);
#320=CIRCLE('',#8147,0.12);
#321=CIRCLE('',#8150,0.12);
#322=CIRCLE('',#8151,0.12);
#323=CIRCLE('',#8157,0.503553390593);
#324=CIRCLE('',#8158,0.203553390593);
#325=CIRCLE('',#8160,0.203553390593);
#326=CIRCLE('',#8161,0.503553390593);
#327=CIRCLE('',#8196,0.95);
#328=CIRCLE('',#8197,0.95);
#329=CIRCLE('',#8200,0.96);
#330=CIRCLE('',#8202,0.96);
#331=CIRCLE('',#8206,0.95);
#332=CIRCLE('',#8212,0.95);
#333=CIRCLE('',#8219,0.35);
#334=CIRCLE('',#8220,0.35);
#335=CIRCLE('',#8255,0.35);
#336=CIRCLE('',#8256,0.35);
#337=CIRCLE('',#8329,0.35);
#338=CIRCLE('',#8331,0.35);
#339=CIRCLE('',#8333,0.35);
#340=CIRCLE('',#8336,0.35);
#341=CIRCLE('',#8339,0.96);
#342=CIRCLE('',#8340,0.96);
#343=CIRCLE('',#8342,0.96);
#344=CIRCLE('',#8343,0.96);
#345=CIRCLE('',#8384,0.35);
#346=CIRCLE('',#8388,0.35);
#347=CIRCLE('',#8390,0.35);
#348=CIRCLE('',#8393,0.96);
#349=CIRCLE('',#8394,0.35);
#350=CIRCLE('',#8399,0.96);
#351=CYLINDRICAL_SURFACE('',#7829,0.15);
#352=CYLINDRICAL_SURFACE('',#7833,0.15);
#353=CYLINDRICAL_SURFACE('',#7837,0.15);
#354=CYLINDRICAL_SURFACE('',#7840,0.15);
#355=CYLINDRICAL_SURFACE('',#7844,0.15);
#356=CYLINDRICAL_SURFACE('',#7847,0.15);
#357=CYLINDRICAL_SURFACE('',#7856,0.503553390593);
#358=CYLINDRICAL_SURFACE('',#7859,0.203553390593);
#359=CYLINDRICAL_SURFACE('',#7872,0.12);
#360=CYLINDRICAL_SURFACE('',#7874,0.12);
#361=CYLINDRICAL_SURFACE('',#7895,0.504528786524);
#362=CYLINDRICAL_SURFACE('',#7900,0.15);
#363=CYLINDRICAL_SURFACE('',#7904,0.15);
#364=CYLINDRICAL_SURFACE('',#7908,0.504528786523996);
#365=CYLINDRICAL_SURFACE('',#7912,0.504528786524163);
#366=CYLINDRICAL_SURFACE('',#7915,0.504528786524);
#367=CYLINDRICAL_SURFACE('',#7920,0.27);
#368=CYLINDRICAL_SURFACE('',#7923,0.1);
#369=CYLINDRICAL_SURFACE('',#7927,0.12);
#370=CYLINDRICAL_SURFACE('',#7930,0.31);
#371=CYLINDRICAL_SURFACE('',#7933,0.12);
#372=CYLINDRICAL_SURFACE('',#7938,0.1);
#373=CYLINDRICAL_SURFACE('',#7955,0.45);
#374=CYLINDRICAL_SURFACE('',#7957,0.45);
#375=CYLINDRICAL_SURFACE('',#7958,0.15);
#376=CYLINDRICAL_SURFACE('',#7960,0.15);
#377=CYLINDRICAL_SURFACE('',#7964,0.15);
#378=CYLINDRICAL_SURFACE('',#7968,0.15);
#379=CYLINDRICAL_SURFACE('',#7970,0.15);
#380=CYLINDRICAL_SURFACE('',#7976,0.95);
#381=CYLINDRICAL_SURFACE('',#7978,1.25);
#382=CYLINDRICAL_SURFACE('',#7980,0.15);
#383=CYLINDRICAL_SURFACE('',#7985,0.15);
#384=CYLINDRICAL_SURFACE('',#7992,0.15);
#385=CYLINDRICAL_SURFACE('',#7996,0.95);
#386=CYLINDRICAL_SURFACE('',#7999,0.95);
#387=CYLINDRICAL_SURFACE('',#8000,1.25);
#388=CYLINDRICAL_SURFACE('',#8004,1.25);
#389=CYLINDRICAL_SURFACE('',#8005,0.27);
#390=CYLINDRICAL_SURFACE('',#8008,0.1);
#391=CYLINDRICAL_SURFACE('',#8012,0.12);
#392=CYLINDRICAL_SURFACE('',#8015,0.31);
#393=CYLINDRICAL_SURFACE('',#8018,0.12);
#394=CYLINDRICAL_SURFACE('',#8023,0.1);
#395=CYLINDRICAL_SURFACE('',#8040,0.45);
#396=CYLINDRICAL_SURFACE('',#8042,0.45);
#397=CYLINDRICAL_SURFACE('',#8043,0.15);
#398=CYLINDRICAL_SURFACE('',#8045,0.15);
#399=CYLINDRICAL_SURFACE('',#8049,0.15);
#400=CYLINDRICAL_SURFACE('',#8053,0.15);
#401=CYLINDRICAL_SURFACE('',#8055,0.15);
#402=CYLINDRICAL_SURFACE('',#8061,0.95);
#403=CYLINDRICAL_SURFACE('',#8063,1.25);
#404=CYLINDRICAL_SURFACE('',#8065,0.15);
#405=CYLINDRICAL_SURFACE('',#8070,0.15);
#406=CYLINDRICAL_SURFACE('',#8077,0.15);
#407=CYLINDRICAL_SURFACE('',#8084,0.95);
#408=CYLINDRICAL_SURFACE('',#8087,0.95);
#409=CYLINDRICAL_SURFACE('',#8088,1.25);
#410=CYLINDRICAL_SURFACE('',#8090,1.25);
#411=CYLINDRICAL_SURFACE('',#8097,0.23);
#412=CYLINDRICAL_SURFACE('',#8099,0.503553390593);
#413=CYLINDRICAL_SURFACE('',#8104,0.23);
#414=CYLINDRICAL_SURFACE('',#8113,0.203553390593);
#415=CYLINDRICAL_SURFACE('',#8116,0.15);
#416=CYLINDRICAL_SURFACE('',#8123,0.23);
#417=CYLINDRICAL_SURFACE('',#8125,0.503553390593);
#418=CYLINDRICAL_SURFACE('',#8130,0.23);
#419=CYLINDRICAL_SURFACE('',#8139,0.203553390593);
#420=CYLINDRICAL_SURFACE('',#8142,0.15);
#421=CYLINDRICAL_SURFACE('',#8145,0.12);
#422=CYLINDRICAL_SURFACE('',#8149,0.12);
#423=CYLINDRICAL_SURFACE('',#8162,0.203553390593);
#424=CYLINDRICAL_SURFACE('',#8163,0.503553390593);
#425=CYLINDRICAL_SURFACE('',#8201,0.96);
#426=CYLINDRICAL_SURFACE('',#8205,0.95);
#427=CYLINDRICAL_SURFACE('',#8211,0.95);
#428=CYLINDRICAL_SURFACE('',#8332,0.35);
#429=CYLINDRICAL_SURFACE('',#8335,0.35);
#430=CYLINDRICAL_SURFACE('',#8338,0.96);
#431=CYLINDRICAL_SURFACE('',#8341,0.96);
#432=CYLINDRICAL_SURFACE('',#8389,0.35);
#433=CYLINDRICAL_SURFACE('',#8395,0.35);
#434=CYLINDRICAL_SURFACE('',#8398,0.96);
#435=FACE_OUTER_BOUND('',#838,.T.);
#436=FACE_OUTER_BOUND('',#839,.T.);
#437=FACE_OUTER_BOUND('',#840,.T.);
#438=FACE_OUTER_BOUND('',#841,.T.);
#439=FACE_OUTER_BOUND('',#842,.T.);
#440=FACE_OUTER_BOUND('',#843,.T.);
#441=FACE_OUTER_BOUND('',#844,.T.);
#442=FACE_OUTER_BOUND('',#845,.T.);
#443=FACE_OUTER_BOUND('',#846,.T.);
#444=FACE_OUTER_BOUND('',#847,.T.);
#445=FACE_OUTER_BOUND('',#848,.T.);
#446=FACE_OUTER_BOUND('',#849,.T.);
#447=FACE_OUTER_BOUND('',#850,.T.);
#448=FACE_OUTER_BOUND('',#851,.T.);
#449=FACE_OUTER_BOUND('',#852,.T.);
#450=FACE_OUTER_BOUND('',#853,.T.);
#451=FACE_OUTER_BOUND('',#854,.T.);
#452=FACE_OUTER_BOUND('',#855,.T.);
#453=FACE_OUTER_BOUND('',#856,.T.);
#454=FACE_OUTER_BOUND('',#857,.T.);
#455=FACE_OUTER_BOUND('',#858,.T.);
#456=FACE_OUTER_BOUND('',#859,.T.);
#457=FACE_OUTER_BOUND('',#860,.T.);
#458=FACE_OUTER_BOUND('',#861,.T.);
#459=FACE_OUTER_BOUND('',#862,.T.);
#460=FACE_OUTER_BOUND('',#863,.T.);
#461=FACE_OUTER_BOUND('',#864,.T.);
#462=FACE_OUTER_BOUND('',#865,.T.);
#463=FACE_OUTER_BOUND('',#866,.T.);
#464=FACE_OUTER_BOUND('',#868,.T.);
#465=FACE_OUTER_BOUND('',#869,.T.);
#466=FACE_OUTER_BOUND('',#870,.T.);
#467=FACE_OUTER_BOUND('',#871,.T.);
#468=FACE_OUTER_BOUND('',#872,.T.);
#469=FACE_OUTER_BOUND('',#873,.T.);
#470=FACE_OUTER_BOUND('',#874,.T.);
#471=FACE_OUTER_BOUND('',#875,.T.);
#472=FACE_OUTER_BOUND('',#876,.T.);
#473=FACE_OUTER_BOUND('',#877,.T.);
#474=FACE_OUTER_BOUND('',#878,.T.);
#475=FACE_OUTER_BOUND('',#879,.T.);
#476=FACE_OUTER_BOUND('',#880,.T.);
#477=FACE_OUTER_BOUND('',#881,.T.);
#478=FACE_OUTER_BOUND('',#882,.T.);
#479=FACE_OUTER_BOUND('',#883,.T.);
#480=FACE_OUTER_BOUND('',#884,.T.);
#481=FACE_OUTER_BOUND('',#885,.T.);
#482=FACE_OUTER_BOUND('',#886,.T.);
#483=FACE_OUTER_BOUND('',#887,.T.);
#484=FACE_OUTER_BOUND('',#888,.T.);
#485=FACE_OUTER_BOUND('',#889,.T.);
#486=FACE_OUTER_BOUND('',#890,.T.);
#487=FACE_OUTER_BOUND('',#891,.T.);
#488=FACE_OUTER_BOUND('',#892,.T.);
#489=FACE_OUTER_BOUND('',#893,.T.);
#490=FACE_OUTER_BOUND('',#894,.T.);
#491=FACE_OUTER_BOUND('',#895,.T.);
#492=FACE_OUTER_BOUND('',#896,.T.);
#493=FACE_OUTER_BOUND('',#897,.T.);
#494=FACE_OUTER_BOUND('',#898,.T.);
#495=FACE_OUTER_BOUND('',#899,.T.);
#496=FACE_OUTER_BOUND('',#900,.T.);
#497=FACE_OUTER_BOUND('',#901,.T.);
#498=FACE_OUTER_BOUND('',#902,.T.);
#499=FACE_OUTER_BOUND('',#903,.T.);
#500=FACE_OUTER_BOUND('',#904,.T.);
#501=FACE_OUTER_BOUND('',#905,.T.);
#502=FACE_OUTER_BOUND('',#906,.T.);
#503=FACE_OUTER_BOUND('',#907,.T.);
#504=FACE_OUTER_BOUND('',#908,.T.);
#505=FACE_OUTER_BOUND('',#909,.T.);
#506=FACE_OUTER_BOUND('',#910,.T.);
#507=FACE_OUTER_BOUND('',#911,.T.);
#508=FACE_OUTER_BOUND('',#912,.T.);
#509=FACE_OUTER_BOUND('',#913,.T.);
#510=FACE_OUTER_BOUND('',#914,.T.);
#511=FACE_OUTER_BOUND('',#915,.T.);
#512=FACE_OUTER_BOUND('',#916,.T.);
#513=FACE_OUTER_BOUND('',#917,.T.);
#514=FACE_OUTER_BOUND('',#918,.T.);
#515=FACE_OUTER_BOUND('',#919,.T.);
#516=FACE_OUTER_BOUND('',#920,.T.);
#517=FACE_OUTER_BOUND('',#921,.T.);
#518=FACE_OUTER_BOUND('',#922,.T.);
#519=FACE_OUTER_BOUND('',#923,.T.);
#520=FACE_OUTER_BOUND('',#924,.T.);
#521=FACE_OUTER_BOUND('',#925,.T.);
#522=FACE_OUTER_BOUND('',#926,.T.);
#523=FACE_OUTER_BOUND('',#927,.T.);
#524=FACE_OUTER_BOUND('',#928,.T.);
#525=FACE_OUTER_BOUND('',#929,.T.);
#526=FACE_OUTER_BOUND('',#930,.T.);
#527=FACE_OUTER_BOUND('',#931,.T.);
#528=FACE_OUTER_BOUND('',#932,.T.);
#529=FACE_OUTER_BOUND('',#933,.T.);
#530=FACE_OUTER_BOUND('',#934,.T.);
#531=FACE_OUTER_BOUND('',#935,.T.);
#532=FACE_OUTER_BOUND('',#936,.T.);
#533=FACE_OUTER_BOUND('',#937,.T.);
#534=FACE_OUTER_BOUND('',#938,.T.);
#535=FACE_OUTER_BOUND('',#939,.T.);
#536=FACE_OUTER_BOUND('',#940,.T.);
#537=FACE_OUTER_BOUND('',#941,.T.);
#538=FACE_OUTER_BOUND('',#942,.T.);
#539=FACE_OUTER_BOUND('',#943,.T.);
#540=FACE_OUTER_BOUND('',#944,.T.);
#541=FACE_OUTER_BOUND('',#945,.T.);
#542=FACE_OUTER_BOUND('',#946,.T.);
#543=FACE_OUTER_BOUND('',#947,.T.);
#544=FACE_OUTER_BOUND('',#948,.T.);
#545=FACE_OUTER_BOUND('',#949,.T.);
#546=FACE_OUTER_BOUND('',#950,.T.);
#547=FACE_OUTER_BOUND('',#951,.T.);
#548=FACE_OUTER_BOUND('',#952,.T.);
#549=FACE_OUTER_BOUND('',#953,.T.);
#550=FACE_OUTER_BOUND('',#954,.T.);
#551=FACE_OUTER_BOUND('',#955,.T.);
#552=FACE_OUTER_BOUND('',#956,.T.);
#553=FACE_OUTER_BOUND('',#957,.T.);
#554=FACE_OUTER_BOUND('',#958,.T.);
#555=FACE_OUTER_BOUND('',#959,.T.);
#556=FACE_OUTER_BOUND('',#960,.T.);
#557=FACE_OUTER_BOUND('',#961,.T.);
#558=FACE_OUTER_BOUND('',#962,.T.);
#559=FACE_OUTER_BOUND('',#963,.T.);
#560=FACE_OUTER_BOUND('',#964,.T.);
#561=FACE_OUTER_BOUND('',#965,.T.);
#562=FACE_OUTER_BOUND('',#966,.T.);
#563=FACE_OUTER_BOUND('',#967,.T.);
#564=FACE_OUTER_BOUND('',#968,.T.);
#565=FACE_OUTER_BOUND('',#969,.T.);
#566=FACE_OUTER_BOUND('',#970,.T.);
#567=FACE_OUTER_BOUND('',#971,.T.);
#568=FACE_OUTER_BOUND('',#972,.T.);
#569=FACE_OUTER_BOUND('',#973,.T.);
#570=FACE_OUTER_BOUND('',#974,.T.);
#571=FACE_OUTER_BOUND('',#975,.T.);
#572=FACE_OUTER_BOUND('',#976,.T.);
#573=FACE_OUTER_BOUND('',#977,.T.);
#574=FACE_OUTER_BOUND('',#978,.T.);
#575=FACE_OUTER_BOUND('',#979,.T.);
#576=FACE_OUTER_BOUND('',#980,.T.);
#577=FACE_OUTER_BOUND('',#981,.T.);
#578=FACE_OUTER_BOUND('',#982,.T.);
#579=FACE_OUTER_BOUND('',#983,.T.);
#580=FACE_OUTER_BOUND('',#984,.T.);
#581=FACE_OUTER_BOUND('',#985,.T.);
#582=FACE_OUTER_BOUND('',#986,.T.);
#583=FACE_OUTER_BOUND('',#987,.T.);
#584=FACE_OUTER_BOUND('',#988,.T.);
#585=FACE_OUTER_BOUND('',#989,.T.);
#586=FACE_OUTER_BOUND('',#990,.T.);
#587=FACE_OUTER_BOUND('',#991,.T.);
#588=FACE_OUTER_BOUND('',#992,.T.);
#589=FACE_OUTER_BOUND('',#993,.T.);
#590=FACE_OUTER_BOUND('',#994,.T.);
#591=FACE_OUTER_BOUND('',#995,.T.);
#592=FACE_OUTER_BOUND('',#996,.T.);
#593=FACE_OUTER_BOUND('',#997,.T.);
#594=FACE_OUTER_BOUND('',#998,.T.);
#595=FACE_OUTER_BOUND('',#999,.T.);
#596=FACE_OUTER_BOUND('',#1000,.T.);
#597=FACE_OUTER_BOUND('',#1001,.T.);
#598=FACE_OUTER_BOUND('',#1002,.T.);
#599=FACE_OUTER_BOUND('',#1003,.T.);
#600=FACE_OUTER_BOUND('',#1004,.T.);
#601=FACE_OUTER_BOUND('',#1005,.T.);
#602=FACE_OUTER_BOUND('',#1006,.T.);
#603=FACE_OUTER_BOUND('',#1007,.T.);
#604=FACE_OUTER_BOUND('',#1008,.T.);
#605=FACE_OUTER_BOUND('',#1009,.T.);
#606=FACE_OUTER_BOUND('',#1010,.T.);
#607=FACE_OUTER_BOUND('',#1011,.T.);
#608=FACE_OUTER_BOUND('',#1012,.T.);
#609=FACE_OUTER_BOUND('',#1013,.T.);
#610=FACE_OUTER_BOUND('',#1014,.T.);
#611=FACE_OUTER_BOUND('',#1015,.T.);
#612=FACE_OUTER_BOUND('',#1016,.T.);
#613=FACE_OUTER_BOUND('',#1017,.T.);
#614=FACE_OUTER_BOUND('',#1018,.T.);
#615=FACE_OUTER_BOUND('',#1019,.T.);
#616=FACE_OUTER_BOUND('',#1020,.T.);
#617=FACE_OUTER_BOUND('',#1021,.T.);
#618=FACE_OUTER_BOUND('',#1022,.T.);
#619=FACE_OUTER_BOUND('',#1023,.T.);
#620=FACE_OUTER_BOUND('',#1024,.T.);
#621=FACE_OUTER_BOUND('',#1025,.T.);
#622=FACE_OUTER_BOUND('',#1026,.T.);
#623=FACE_OUTER_BOUND('',#1027,.T.);
#624=FACE_OUTER_BOUND('',#1028,.T.);
#625=FACE_OUTER_BOUND('',#1029,.T.);
#626=FACE_OUTER_BOUND('',#1030,.T.);
#627=FACE_OUTER_BOUND('',#1031,.T.);
#628=FACE_OUTER_BOUND('',#1032,.T.);
#629=FACE_OUTER_BOUND('',#1033,.T.);
#630=FACE_OUTER_BOUND('',#1034,.T.);
#631=FACE_OUTER_BOUND('',#1035,.T.);
#632=FACE_OUTER_BOUND('',#1036,.T.);
#633=FACE_OUTER_BOUND('',#1037,.T.);
#634=FACE_OUTER_BOUND('',#1038,.T.);
#635=FACE_OUTER_BOUND('',#1039,.T.);
#636=FACE_OUTER_BOUND('',#1040,.T.);
#637=FACE_OUTER_BOUND('',#1041,.T.);
#638=FACE_OUTER_BOUND('',#1042,.T.);
#639=FACE_OUTER_BOUND('',#1043,.T.);
#640=FACE_OUTER_BOUND('',#1044,.T.);
#641=FACE_OUTER_BOUND('',#1045,.T.);
#642=FACE_OUTER_BOUND('',#1046,.T.);
#643=FACE_OUTER_BOUND('',#1047,.T.);
#644=FACE_OUTER_BOUND('',#1048,.T.);
#645=FACE_OUTER_BOUND('',#1049,.T.);
#646=FACE_OUTER_BOUND('',#1050,.T.);
#647=FACE_OUTER_BOUND('',#1051,.T.);
#648=FACE_OUTER_BOUND('',#1052,.T.);
#649=FACE_OUTER_BOUND('',#1053,.T.);
#650=FACE_OUTER_BOUND('',#1054,.T.);
#651=FACE_OUTER_BOUND('',#1055,.T.);
#652=FACE_OUTER_BOUND('',#1056,.T.);
#653=FACE_OUTER_BOUND('',#1057,.T.);
#654=FACE_OUTER_BOUND('',#1058,.T.);
#655=FACE_OUTER_BOUND('',#1059,.T.);
#656=FACE_OUTER_BOUND('',#1060,.T.);
#657=FACE_OUTER_BOUND('',#1061,.T.);
#658=FACE_OUTER_BOUND('',#1062,.T.);
#659=FACE_OUTER_BOUND('',#1063,.T.);
#660=FACE_OUTER_BOUND('',#1064,.T.);
#661=FACE_OUTER_BOUND('',#1065,.T.);
#662=FACE_OUTER_BOUND('',#1066,.T.);
#663=FACE_OUTER_BOUND('',#1067,.T.);
#664=FACE_OUTER_BOUND('',#1068,.T.);
#665=FACE_OUTER_BOUND('',#1069,.T.);
#666=FACE_OUTER_BOUND('',#1070,.T.);
#667=FACE_OUTER_BOUND('',#1071,.T.);
#668=FACE_OUTER_BOUND('',#1072,.T.);
#669=FACE_OUTER_BOUND('',#1073,.T.);
#670=FACE_OUTER_BOUND('',#1074,.T.);
#671=FACE_OUTER_BOUND('',#1075,.T.);
#672=FACE_OUTER_BOUND('',#1076,.T.);
#673=FACE_OUTER_BOUND('',#1077,.T.);
#674=FACE_OUTER_BOUND('',#1078,.T.);
#675=FACE_OUTER_BOUND('',#1079,.T.);
#676=FACE_OUTER_BOUND('',#1080,.T.);
#677=FACE_OUTER_BOUND('',#1081,.T.);
#678=FACE_OUTER_BOUND('',#1082,.T.);
#679=FACE_OUTER_BOUND('',#1083,.T.);
#680=FACE_OUTER_BOUND('',#1084,.T.);
#681=FACE_OUTER_BOUND('',#1085,.T.);
#682=FACE_OUTER_BOUND('',#1086,.T.);
#683=FACE_OUTER_BOUND('',#1087,.T.);
#684=FACE_OUTER_BOUND('',#1088,.T.);
#685=FACE_OUTER_BOUND('',#1089,.T.);
#686=FACE_OUTER_BOUND('',#1090,.T.);
#687=FACE_OUTER_BOUND('',#1091,.T.);
#688=FACE_OUTER_BOUND('',#1092,.T.);
#689=FACE_OUTER_BOUND('',#1093,.T.);
#690=FACE_OUTER_BOUND('',#1094,.T.);
#691=FACE_OUTER_BOUND('',#1095,.T.);
#692=FACE_OUTER_BOUND('',#1096,.T.);
#693=FACE_OUTER_BOUND('',#1097,.T.);
#694=FACE_OUTER_BOUND('',#1098,.T.);
#695=FACE_OUTER_BOUND('',#1099,.T.);
#696=FACE_OUTER_BOUND('',#1100,.T.);
#697=FACE_OUTER_BOUND('',#1101,.T.);
#698=FACE_OUTER_BOUND('',#1102,.T.);
#699=FACE_OUTER_BOUND('',#1103,.T.);
#700=FACE_OUTER_BOUND('',#1104,.T.);
#701=FACE_OUTER_BOUND('',#1105,.T.);
#702=FACE_OUTER_BOUND('',#1106,.T.);
#703=FACE_OUTER_BOUND('',#1107,.T.);
#704=FACE_OUTER_BOUND('',#1108,.T.);
#705=FACE_OUTER_BOUND('',#1109,.T.);
#706=FACE_OUTER_BOUND('',#1110,.T.);
#707=FACE_OUTER_BOUND('',#1111,.T.);
#708=FACE_OUTER_BOUND('',#1112,.T.);
#709=FACE_OUTER_BOUND('',#1113,.T.);
#710=FACE_OUTER_BOUND('',#1114,.T.);
#711=FACE_OUTER_BOUND('',#1115,.T.);
#712=FACE_OUTER_BOUND('',#1116,.T.);
#713=FACE_OUTER_BOUND('',#1117,.T.);
#714=FACE_OUTER_BOUND('',#1118,.T.);
#715=FACE_OUTER_BOUND('',#1119,.T.);
#716=FACE_OUTER_BOUND('',#1120,.T.);
#717=FACE_OUTER_BOUND('',#1121,.T.);
#718=FACE_OUTER_BOUND('',#1122,.T.);
#719=FACE_OUTER_BOUND('',#1123,.T.);
#720=FACE_OUTER_BOUND('',#1124,.T.);
#721=FACE_OUTER_BOUND('',#1125,.T.);
#722=FACE_OUTER_BOUND('',#1126,.T.);
#723=FACE_OUTER_BOUND('',#1127,.T.);
#724=FACE_OUTER_BOUND('',#1128,.T.);
#725=FACE_OUTER_BOUND('',#1129,.T.);
#726=FACE_OUTER_BOUND('',#1130,.T.);
#727=FACE_OUTER_BOUND('',#1131,.T.);
#728=FACE_OUTER_BOUND('',#1132,.T.);
#729=FACE_OUTER_BOUND('',#1133,.T.);
#730=FACE_OUTER_BOUND('',#1134,.T.);
#731=FACE_OUTER_BOUND('',#1135,.T.);
#732=FACE_OUTER_BOUND('',#1136,.T.);
#733=FACE_OUTER_BOUND('',#1137,.T.);
#734=FACE_OUTER_BOUND('',#1138,.T.);
#735=FACE_OUTER_BOUND('',#1139,.T.);
#736=FACE_OUTER_BOUND('',#1140,.T.);
#737=FACE_OUTER_BOUND('',#1141,.T.);
#738=FACE_OUTER_BOUND('',#1142,.T.);
#739=FACE_OUTER_BOUND('',#1143,.T.);
#740=FACE_OUTER_BOUND('',#1144,.T.);
#741=FACE_OUTER_BOUND('',#1145,.T.);
#742=FACE_OUTER_BOUND('',#1146,.T.);
#743=FACE_OUTER_BOUND('',#1147,.T.);
#744=FACE_OUTER_BOUND('',#1148,.T.);
#745=FACE_OUTER_BOUND('',#1149,.T.);
#746=FACE_OUTER_BOUND('',#1150,.T.);
#747=FACE_OUTER_BOUND('',#1151,.T.);
#748=FACE_OUTER_BOUND('',#1152,.T.);
#749=FACE_OUTER_BOUND('',#1153,.T.);
#750=FACE_OUTER_BOUND('',#1154,.T.);
#751=FACE_OUTER_BOUND('',#1155,.T.);
#752=FACE_OUTER_BOUND('',#1156,.T.);
#753=FACE_OUTER_BOUND('',#1157,.T.);
#754=FACE_OUTER_BOUND('',#1158,.T.);
#755=FACE_OUTER_BOUND('',#1159,.T.);
#756=FACE_OUTER_BOUND('',#1160,.T.);
#757=FACE_OUTER_BOUND('',#1161,.T.);
#758=FACE_OUTER_BOUND('',#1162,.T.);
#759=FACE_OUTER_BOUND('',#1163,.T.);
#760=FACE_OUTER_BOUND('',#1164,.T.);
#761=FACE_OUTER_BOUND('',#1165,.T.);
#762=FACE_OUTER_BOUND('',#1166,.T.);
#763=FACE_OUTER_BOUND('',#1167,.T.);
#764=FACE_OUTER_BOUND('',#1168,.T.);
#765=FACE_OUTER_BOUND('',#1169,.T.);
#766=FACE_OUTER_BOUND('',#1170,.T.);
#767=FACE_OUTER_BOUND('',#1171,.T.);
#768=FACE_OUTER_BOUND('',#1172,.T.);
#769=FACE_OUTER_BOUND('',#1173,.T.);
#770=FACE_OUTER_BOUND('',#1174,.T.);
#771=FACE_OUTER_BOUND('',#1175,.T.);
#772=FACE_OUTER_BOUND('',#1176,.T.);
#773=FACE_OUTER_BOUND('',#1177,.T.);
#774=FACE_OUTER_BOUND('',#1178,.T.);
#775=FACE_OUTER_BOUND('',#1179,.T.);
#776=FACE_OUTER_BOUND('',#1180,.T.);
#777=FACE_OUTER_BOUND('',#1181,.T.);
#778=FACE_OUTER_BOUND('',#1182,.T.);
#779=FACE_OUTER_BOUND('',#1183,.T.);
#780=FACE_OUTER_BOUND('',#1184,.T.);
#781=FACE_OUTER_BOUND('',#1185,.T.);
#782=FACE_OUTER_BOUND('',#1186,.T.);
#783=FACE_OUTER_BOUND('',#1187,.T.);
#784=FACE_OUTER_BOUND('',#1188,.T.);
#785=FACE_OUTER_BOUND('',#1189,.T.);
#786=FACE_OUTER_BOUND('',#1190,.T.);
#787=FACE_OUTER_BOUND('',#1191,.T.);
#788=FACE_OUTER_BOUND('',#1192,.T.);
#789=FACE_OUTER_BOUND('',#1193,.T.);
#790=FACE_OUTER_BOUND('',#1194,.T.);
#791=FACE_OUTER_BOUND('',#1195,.T.);
#792=FACE_OUTER_BOUND('',#1196,.T.);
#793=FACE_OUTER_BOUND('',#1197,.T.);
#794=FACE_OUTER_BOUND('',#1198,.T.);
#795=FACE_OUTER_BOUND('',#1199,.T.);
#796=FACE_OUTER_BOUND('',#1200,.T.);
#797=FACE_OUTER_BOUND('',#1201,.T.);
#798=FACE_OUTER_BOUND('',#1202,.T.);
#799=FACE_OUTER_BOUND('',#1203,.T.);
#800=FACE_OUTER_BOUND('',#1204,.T.);
#801=FACE_OUTER_BOUND('',#1205,.T.);
#802=FACE_OUTER_BOUND('',#1206,.T.);
#803=FACE_OUTER_BOUND('',#1207,.T.);
#804=FACE_OUTER_BOUND('',#1208,.T.);
#805=FACE_OUTER_BOUND('',#1209,.T.);
#806=FACE_OUTER_BOUND('',#1210,.T.);
#807=FACE_OUTER_BOUND('',#1211,.T.);
#808=FACE_OUTER_BOUND('',#1212,.T.);
#809=FACE_OUTER_BOUND('',#1213,.T.);
#810=FACE_OUTER_BOUND('',#1214,.T.);
#811=FACE_OUTER_BOUND('',#1215,.T.);
#812=FACE_OUTER_BOUND('',#1216,.T.);
#813=FACE_OUTER_BOUND('',#1217,.T.);
#814=FACE_OUTER_BOUND('',#1218,.T.);
#815=FACE_OUTER_BOUND('',#1219,.T.);
#816=FACE_OUTER_BOUND('',#1220,.T.);
#817=FACE_OUTER_BOUND('',#1221,.T.);
#818=FACE_OUTER_BOUND('',#1222,.T.);
#819=FACE_OUTER_BOUND('',#1223,.T.);
#820=FACE_OUTER_BOUND('',#1224,.T.);
#821=FACE_OUTER_BOUND('',#1225,.T.);
#822=FACE_OUTER_BOUND('',#1226,.T.);
#823=FACE_OUTER_BOUND('',#1227,.T.);
#824=FACE_OUTER_BOUND('',#1228,.T.);
#825=FACE_OUTER_BOUND('',#1229,.T.);
#826=FACE_OUTER_BOUND('',#1230,.T.);
#827=FACE_OUTER_BOUND('',#1231,.T.);
#828=FACE_OUTER_BOUND('',#1232,.T.);
#829=FACE_OUTER_BOUND('',#1233,.T.);
#830=FACE_OUTER_BOUND('',#1234,.T.);
#831=FACE_OUTER_BOUND('',#1235,.T.);
#832=FACE_OUTER_BOUND('',#1237,.T.);
#833=FACE_OUTER_BOUND('',#1238,.T.);
#834=FACE_OUTER_BOUND('',#1239,.T.);
#835=FACE_OUTER_BOUND('',#1240,.T.);
#836=FACE_OUTER_BOUND('',#1241,.T.);
#837=FACE_OUTER_BOUND('',#1242,.T.);
#838=EDGE_LOOP('',(#4892,#4893,#4894,#4895));
#839=EDGE_LOOP('',(#4896,#4897,#4898,#4899));
#840=EDGE_LOOP('',(#4900,#4901,#4902,#4903));
#841=EDGE_LOOP('',(#4904,#4905,#4906,#4907));
#842=EDGE_LOOP('',(#4908,#4909,#4910,#4911));
#843=EDGE_LOOP('',(#4912,#4913,#4914,#4915));
#844=EDGE_LOOP('',(#4916,#4917,#4918,#4919));
#845=EDGE_LOOP('',(#4920,#4921,#4922,#4923));
#846=EDGE_LOOP('',(#4924,#4925,#4926,#4927));
#847=EDGE_LOOP('',(#4928,#4929,#4930,#4931));
#848=EDGE_LOOP('',(#4932,#4933,#4934,#4935));
#849=EDGE_LOOP('',(#4936,#4937,#4938,#4939,#4940,#4941,#4942,#4943,#4944,
#4945,#4946,#4947,#4948,#4949,#4950,#4951,#4952,#4953,#4954,#4955,#4956,
#4957,#4958,#4959));
#850=EDGE_LOOP('',(#4960,#4961,#4962,#4963,#4964,#4965,#4966,#4967,#4968,
#4969,#4970,#4971,#4972,#4973,#4974,#4975,#4976,#4977,#4978,#4979,#4980,
#4981,#4982,#4983));
#851=EDGE_LOOP('',(#4984,#4985,#4986,#4987));
#852=EDGE_LOOP('',(#4988,#4989,#4990,#4991));
#853=EDGE_LOOP('',(#4992,#4993,#4994,#4995));
#854=EDGE_LOOP('',(#4996,#4997,#4998,#4999));
#855=EDGE_LOOP('',(#5000,#5001,#5002,#5003));
#856=EDGE_LOOP('',(#5004,#5005,#5006,#5007));
#857=EDGE_LOOP('',(#5008,#5009,#5010,#5011));
#858=EDGE_LOOP('',(#5012,#5013,#5014,#5015));
#859=EDGE_LOOP('',(#5016,#5017,#5018,#5019,#5020,#5021));
#860=EDGE_LOOP('',(#5022,#5023,#5024,#5025,#5026,#5027));
#861=EDGE_LOOP('',(#5028,#5029,#5030,#5031));
#862=EDGE_LOOP('',(#5032,#5033,#5034,#5035));
#863=EDGE_LOOP('',(#5036,#5037,#5038,#5039));
#864=EDGE_LOOP('',(#5040,#5041,#5042,#5043));
#865=EDGE_LOOP('',(#5044,#5045,#5046,#5047));
#866=EDGE_LOOP('',(#5048,#5049,#5050,#5051,#5052,#5053,#5054,#5055));
#867=EDGE_LOOP('',(#5056,#5057,#5058,#5059,#5060,#5061,#5062,#5063));
#868=EDGE_LOOP('',(#5064,#5065,#5066,#5067,#5068,#5069,#5070,#5071));
#869=EDGE_LOOP('',(#5072,#5073,#5074,#5075,#5076,#5077,#5078,#5079));
#870=EDGE_LOOP('',(#5080,#5081,#5082,#5083,#5084,#5085,#5086,#5087));
#871=EDGE_LOOP('',(#5088,#5089,#5090,#5091));
#872=EDGE_LOOP('',(#5092,#5093,#5094,#5095));
#873=EDGE_LOOP('',(#5096,#5097,#5098,#5099));
#874=EDGE_LOOP('',(#5100,#5101,#5102,#5103));
#875=EDGE_LOOP('',(#5104,#5105,#5106,#5107));
#876=EDGE_LOOP('',(#5108,#5109,#5110,#5111));
#877=EDGE_LOOP('',(#5112,#5113,#5114,#5115));
#878=EDGE_LOOP('',(#5116,#5117,#5118,#5119));
#879=EDGE_LOOP('',(#5120,#5121,#5122,#5123));
#880=EDGE_LOOP('',(#5124,#5125,#5126,#5127));
#881=EDGE_LOOP('',(#5128,#5129,#5130,#5131));
#882=EDGE_LOOP('',(#5132,#5133,#5134,#5135));
#883=EDGE_LOOP('',(#5136,#5137,#5138,#5139));
#884=EDGE_LOOP('',(#5140,#5141,#5142,#5143,#5144,#5145,#5146,#5147,#5148,
#5149,#5150,#5151,#5152,#5153,#5154,#5155,#5156,#5157,#5158,#5159));
#885=EDGE_LOOP('',(#5160,#5161,#5162,#5163,#5164,#5165,#5166,#5167,#5168,
#5169,#5170,#5171,#5172,#5173,#5174,#5175,#5176,#5177,#5178,#5179));
#886=EDGE_LOOP('',(#5180,#5181,#5182,#5183));
#887=EDGE_LOOP('',(#5184,#5185,#5186,#5187));
#888=EDGE_LOOP('',(#5188,#5189,#5190,#5191));
#889=EDGE_LOOP('',(#5192,#5193,#5194,#5195));
#890=EDGE_LOOP('',(#5196,#5197,#5198,#5199));
#891=EDGE_LOOP('',(#5200,#5201,#5202,#5203));
#892=EDGE_LOOP('',(#5204,#5205,#5206,#5207));
#893=EDGE_LOOP('',(#5208,#5209,#5210,#5211));
#894=EDGE_LOOP('',(#5212,#5213,#5214,#5215));
#895=EDGE_LOOP('',(#5216,#5217,#5218,#5219,#5220,#5221));
#896=EDGE_LOOP('',(#5222,#5223,#5224,#5225,#5226,#5227));
#897=EDGE_LOOP('',(#5228,#5229,#5230,#5231,#5232,#5233));
#898=EDGE_LOOP('',(#5234,#5235,#5236,#5237));
#899=EDGE_LOOP('',(#5238,#5239,#5240,#5241,#5242,#5243));
#900=EDGE_LOOP('',(#5244,#5245,#5246,#5247));
#901=EDGE_LOOP('',(#5248,#5249,#5250,#5251));
#902=EDGE_LOOP('',(#5252,#5253,#5254,#5255));
#903=EDGE_LOOP('',(#5256,#5257,#5258,#5259));
#904=EDGE_LOOP('',(#5260,#5261,#5262,#5263));
#905=EDGE_LOOP('',(#5264,#5265,#5266,#5267));
#906=EDGE_LOOP('',(#5268,#5269,#5270,#5271));
#907=EDGE_LOOP('',(#5272,#5273,#5274,#5275));
#908=EDGE_LOOP('',(#5276,#5277,#5278,#5279));
#909=EDGE_LOOP('',(#5280,#5281,#5282,#5283));
#910=EDGE_LOOP('',(#5284,#5285,#5286,#5287));
#911=EDGE_LOOP('',(#5288,#5289,#5290,#5291));
#912=EDGE_LOOP('',(#5292,#5293,#5294,#5295));
#913=EDGE_LOOP('',(#5296,#5297,#5298,#5299));
#914=EDGE_LOOP('',(#5300,#5301,#5302,#5303,#5304));
#915=EDGE_LOOP('',(#5305,#5306,#5307,#5308,#5309,#5310));
#916=EDGE_LOOP('',(#5311,#5312,#5313,#5314));
#917=EDGE_LOOP('',(#5315,#5316,#5317,#5318));
#918=EDGE_LOOP('',(#5319,#5320,#5321,#5322));
#919=EDGE_LOOP('',(#5323,#5324,#5325,#5326,#5327,#5328,#5329,#5330));
#920=EDGE_LOOP('',(#5331,#5332,#5333,#5334));
#921=EDGE_LOOP('',(#5335,#5336,#5337,#5338));
#922=EDGE_LOOP('',(#5339,#5340,#5341,#5342));
#923=EDGE_LOOP('',(#5343,#5344,#5345,#5346,#5347));
#924=EDGE_LOOP('',(#5348,#5349,#5350,#5351,#5352,#5353));
#925=EDGE_LOOP('',(#5354,#5355,#5356,#5357));
#926=EDGE_LOOP('',(#5358,#5359,#5360,#5361));
#927=EDGE_LOOP('',(#5362,#5363,#5364,#5365));
#928=EDGE_LOOP('',(#5366,#5367,#5368,#5369));
#929=EDGE_LOOP('',(#5370,#5371,#5372,#5373,#5374,#5375,#5376,#5377,#5378,
#5379,#5380,#5381,#5382,#5383,#5384,#5385));
#930=EDGE_LOOP('',(#5386,#5387,#5388,#5389));
#931=EDGE_LOOP('',(#5390,#5391,#5392,#5393));
#932=EDGE_LOOP('',(#5394,#5395,#5396,#5397,#5398,#5399,#5400,#5401,#5402,
#5403,#5404,#5405,#5406,#5407,#5408,#5409));
#933=EDGE_LOOP('',(#5410,#5411,#5412,#5413,#5414,#5415,#5416,#5417));
#934=EDGE_LOOP('',(#5418,#5419,#5420,#5421));
#935=EDGE_LOOP('',(#5422,#5423,#5424,#5425));
#936=EDGE_LOOP('',(#5426,#5427,#5428,#5429));
#937=EDGE_LOOP('',(#5430,#5431,#5432,#5433));
#938=EDGE_LOOP('',(#5434,#5435,#5436,#5437));
#939=EDGE_LOOP('',(#5438,#5439,#5440,#5441));
#940=EDGE_LOOP('',(#5442,#5443,#5444,#5445));
#941=EDGE_LOOP('',(#5446,#5447,#5448,#5449));
#942=EDGE_LOOP('',(#5450,#5451,#5452,#5453));
#943=EDGE_LOOP('',(#5454,#5455,#5456,#5457));
#944=EDGE_LOOP('',(#5458,#5459,#5460,#5461,#5462,#5463));
#945=EDGE_LOOP('',(#5464,#5465,#5466,#5467,#5468,#5469));
#946=EDGE_LOOP('',(#5470,#5471,#5472,#5473,#5474,#5475));
#947=EDGE_LOOP('',(#5476,#5477,#5478,#5479));
#948=EDGE_LOOP('',(#5480,#5481,#5482,#5483,#5484,#5485));
#949=EDGE_LOOP('',(#5486,#5487,#5488,#5489));
#950=EDGE_LOOP('',(#5490,#5491,#5492,#5493));
#951=EDGE_LOOP('',(#5494,#5495,#5496,#5497));
#952=EDGE_LOOP('',(#5498,#5499,#5500,#5501));
#953=EDGE_LOOP('',(#5502,#5503,#5504,#5505));
#954=EDGE_LOOP('',(#5506,#5507,#5508,#5509));
#955=EDGE_LOOP('',(#5510,#5511,#5512,#5513));
#956=EDGE_LOOP('',(#5514,#5515,#5516,#5517));
#957=EDGE_LOOP('',(#5518,#5519,#5520,#5521));
#958=EDGE_LOOP('',(#5522,#5523,#5524,#5525));
#959=EDGE_LOOP('',(#5526,#5527,#5528,#5529));
#960=EDGE_LOOP('',(#5530,#5531,#5532,#5533));
#961=EDGE_LOOP('',(#5534,#5535,#5536,#5537));
#962=EDGE_LOOP('',(#5538,#5539,#5540,#5541));
#963=EDGE_LOOP('',(#5542,#5543,#5544,#5545,#5546));
#964=EDGE_LOOP('',(#5547,#5548,#5549,#5550,#5551,#5552));
#965=EDGE_LOOP('',(#5553,#5554,#5555,#5556));
#966=EDGE_LOOP('',(#5557,#5558,#5559,#5560));
#967=EDGE_LOOP('',(#5561,#5562,#5563,#5564));
#968=EDGE_LOOP('',(#5565,#5566,#5567,#5568,#5569,#5570,#5571,#5572));
#969=EDGE_LOOP('',(#5573,#5574,#5575,#5576));
#970=EDGE_LOOP('',(#5577,#5578,#5579,#5580));
#971=EDGE_LOOP('',(#5581,#5582,#5583,#5584));
#972=EDGE_LOOP('',(#5585,#5586,#5587,#5588,#5589));
#973=EDGE_LOOP('',(#5590,#5591,#5592,#5593,#5594,#5595));
#974=EDGE_LOOP('',(#5596,#5597,#5598,#5599));
#975=EDGE_LOOP('',(#5600,#5601,#5602,#5603));
#976=EDGE_LOOP('',(#5604,#5605,#5606,#5607,#5608,#5609,#5610,#5611));
#977=EDGE_LOOP('',(#5612,#5613,#5614,#5615));
#978=EDGE_LOOP('',(#5616,#5617,#5618,#5619));
#979=EDGE_LOOP('',(#5620,#5621,#5622,#5623,#5624,#5625,#5626,#5627,#5628,
#5629,#5630,#5631,#5632,#5633,#5634,#5635));
#980=EDGE_LOOP('',(#5636,#5637,#5638,#5639));
#981=EDGE_LOOP('',(#5640,#5641,#5642,#5643));
#982=EDGE_LOOP('',(#5644,#5645,#5646,#5647,#5648,#5649,#5650,#5651,#5652,
#5653,#5654,#5655,#5656,#5657,#5658,#5659));
#983=EDGE_LOOP('',(#5660,#5661,#5662,#5663));
#984=EDGE_LOOP('',(#5664,#5665,#5666,#5667,#5668,#5669,#5670,#5671));
#985=EDGE_LOOP('',(#5672,#5673,#5674,#5675,#5676,#5677));
#986=EDGE_LOOP('',(#5678,#5679,#5680,#5681));
#987=EDGE_LOOP('',(#5682,#5683,#5684,#5685));
#988=EDGE_LOOP('',(#5686,#5687,#5688,#5689));
#989=EDGE_LOOP('',(#5690,#5691,#5692,#5693));
#990=EDGE_LOOP('',(#5694,#5695,#5696,#5697));
#991=EDGE_LOOP('',(#5698,#5699,#5700,#5701));
#992=EDGE_LOOP('',(#5702,#5703,#5704,#5705,#5706,#5707));
#993=EDGE_LOOP('',(#5708,#5709,#5710,#5711));
#994=EDGE_LOOP('',(#5712,#5713,#5714,#5715));
#995=EDGE_LOOP('',(#5716,#5717,#5718,#5719,#5720));
#996=EDGE_LOOP('',(#5721,#5722,#5723,#5724));
#997=EDGE_LOOP('',(#5725,#5726,#5727,#5728));
#998=EDGE_LOOP('',(#5729,#5730,#5731,#5732));
#999=EDGE_LOOP('',(#5733,#5734,#5735,#5736));
#1000=EDGE_LOOP('',(#5737,#5738,#5739,#5740,#5741));
#1001=EDGE_LOOP('',(#5742,#5743,#5744,#5745,#5746,#5747));
#1002=EDGE_LOOP('',(#5748,#5749,#5750,#5751));
#1003=EDGE_LOOP('',(#5752,#5753,#5754,#5755));
#1004=EDGE_LOOP('',(#5756,#5757,#5758,#5759));
#1005=EDGE_LOOP('',(#5760,#5761,#5762,#5763));
#1006=EDGE_LOOP('',(#5764,#5765,#5766,#5767));
#1007=EDGE_LOOP('',(#5768,#5769,#5770,#5771));
#1008=EDGE_LOOP('',(#5772,#5773,#5774,#5775,#5776,#5777));
#1009=EDGE_LOOP('',(#5778,#5779,#5780,#5781));
#1010=EDGE_LOOP('',(#5782,#5783,#5784,#5785));
#1011=EDGE_LOOP('',(#5786,#5787,#5788,#5789,#5790));
#1012=EDGE_LOOP('',(#5791,#5792,#5793,#5794));
#1013=EDGE_LOOP('',(#5795,#5796,#5797,#5798));
#1014=EDGE_LOOP('',(#5799,#5800,#5801,#5802));
#1015=EDGE_LOOP('',(#5803,#5804,#5805,#5806));
#1016=EDGE_LOOP('',(#5807,#5808,#5809,#5810,#5811));
#1017=EDGE_LOOP('',(#5812,#5813,#5814,#5815));
#1018=EDGE_LOOP('',(#5816,#5817,#5818,#5819));
#1019=EDGE_LOOP('',(#5820,#5821,#5822,#5823));
#1020=EDGE_LOOP('',(#5824,#5825,#5826,#5827));
#1021=EDGE_LOOP('',(#5828,#5829,#5830,#5831));
#1022=EDGE_LOOP('',(#5832,#5833,#5834,#5835,#5836,#5837));
#1023=EDGE_LOOP('',(#5838,#5839,#5840,#5841,#5842,#5843));
#1024=EDGE_LOOP('',(#5844,#5845,#5846,#5847));
#1025=EDGE_LOOP('',(#5848,#5849,#5850,#5851));
#1026=EDGE_LOOP('',(#5852,#5853,#5854,#5855));
#1027=EDGE_LOOP('',(#5856,#5857,#5858,#5859));
#1028=EDGE_LOOP('',(#5860,#5861,#5862,#5863));
#1029=EDGE_LOOP('',(#5864,#5865,#5866,#5867));
#1030=EDGE_LOOP('',(#5868,#5869,#5870,#5871));
#1031=EDGE_LOOP('',(#5872,#5873,#5874,#5875));
#1032=EDGE_LOOP('',(#5876,#5877,#5878,#5879,#5880,#5881,#5882,#5883,#5884,
#5885,#5886,#5887,#5888,#5889,#5890,#5891,#5892,#5893,#5894,#5895,#5896,
#5897,#5898,#5899,#5900,#5901,#5902,#5903,#5904,#5905,#5906,#5907,#5908,
#5909,#5910,#5911,#5912,#5913,#5914,#5915,#5916,#5917,#5918,#5919,#5920,
#5921,#5922,#5923,#5924,#5925,#5926,#5927,#5928,#5929,#5930,#5931,#5932,
#5933,#5934,#5935,#5936,#5937,#5938,#5939,#5940,#5941,#5942,#5943));
#1033=EDGE_LOOP('',(#5944,#5945,#5946,#5947));
#1034=EDGE_LOOP('',(#5948,#5949,#5950,#5951));
#1035=EDGE_LOOP('',(#5952,#5953,#5954,#5955,#5956,#5957));
#1036=EDGE_LOOP('',(#5958,#5959,#5960,#5961,#5962,#5963));
#1037=EDGE_LOOP('',(#5964,#5965,#5966,#5967));
#1038=EDGE_LOOP('',(#5968,#5969,#5970,#5971,#5972,#5973));
#1039=EDGE_LOOP('',(#5974,#5975,#5976,#5977,#5978,#5979));
#1040=EDGE_LOOP('',(#5980,#5981,#5982,#5983));
#1041=EDGE_LOOP('',(#5984,#5985,#5986,#5987,#5988,#5989));
#1042=EDGE_LOOP('',(#5990,#5991,#5992,#5993,#5994,#5995));
#1043=EDGE_LOOP('',(#5996,#5997,#5998,#5999));
#1044=EDGE_LOOP('',(#6000,#6001,#6002,#6003,#6004,#6005));
#1045=EDGE_LOOP('',(#6006,#6007,#6008,#6009,#6010,#6011));
#1046=EDGE_LOOP('',(#6012,#6013,#6014,#6015));
#1047=EDGE_LOOP('',(#6016,#6017,#6018,#6019,#6020,#6021));
#1048=EDGE_LOOP('',(#6022,#6023,#6024,#6025,#6026,#6027));
#1049=EDGE_LOOP('',(#6028,#6029,#6030,#6031));
#1050=EDGE_LOOP('',(#6032,#6033,#6034,#6035,#6036,#6037));
#1051=EDGE_LOOP('',(#6038,#6039,#6040,#6041,#6042,#6043));
#1052=EDGE_LOOP('',(#6044,#6045,#6046,#6047));
#1053=EDGE_LOOP('',(#6048,#6049,#6050,#6051,#6052,#6053));
#1054=EDGE_LOOP('',(#6054,#6055,#6056,#6057,#6058,#6059));
#1055=EDGE_LOOP('',(#6060,#6061,#6062,#6063));
#1056=EDGE_LOOP('',(#6064,#6065,#6066,#6067,#6068,#6069));
#1057=EDGE_LOOP('',(#6070,#6071,#6072,#6073,#6074,#6075));
#1058=EDGE_LOOP('',(#6076,#6077,#6078,#6079,#6080,#6081,#6082,#6083,#6084,
#6085,#6086,#6087));
#1059=EDGE_LOOP('',(#6088,#6089,#6090,#6091,#6092,#6093,#6094,#6095,#6096,
#6097,#6098,#6099,#6100,#6101,#6102,#6103,#6104,#6105,#6106,#6107,#6108,
#6109,#6110,#6111,#6112,#6113,#6114,#6115,#6116,#6117,#6118,#6119,#6120,
#6121,#6122,#6123,#6124,#6125,#6126,#6127,#6128,#6129,#6130,#6131,#6132,
#6133,#6134,#6135,#6136,#6137,#6138,#6139,#6140,#6141,#6142,#6143,#6144,
#6145,#6146,#6147,#6148,#6149,#6150,#6151,#6152,#6153,#6154,#6155,#6156,
#6157,#6158,#6159,#6160,#6161,#6162,#6163,#6164,#6165));
#1060=EDGE_LOOP('',(#6166,#6167,#6168,#6169,#6170,#6171));
#1061=EDGE_LOOP('',(#6172,#6173,#6174));
#1062=EDGE_LOOP('',(#6175,#6176,#6177,#6178));
#1063=EDGE_LOOP('',(#6179,#6180,#6181,#6182));
#1064=EDGE_LOOP('',(#6183,#6184,#6185,#6186,#6187,#6188));
#1065=EDGE_LOOP('',(#6189,#6190,#6191,#6192));
#1066=EDGE_LOOP('',(#6193,#6194,#6195,#6196));
#1067=EDGE_LOOP('',(#6197,#6198,#6199,#6200));
#1068=EDGE_LOOP('',(#6201,#6202,#6203,#6204));
#1069=EDGE_LOOP('',(#6205,#6206,#6207,#6208,#6209,#6210,#6211,#6212,#6213,
#6214));
#1070=EDGE_LOOP('',(#6215,#6216,#6217,#6218));
#1071=EDGE_LOOP('',(#6219,#6220,#6221,#6222));
#1072=EDGE_LOOP('',(#6223,#6224,#6225,#6226));
#1073=EDGE_LOOP('',(#6227,#6228,#6229,#6230));
#1074=EDGE_LOOP('',(#6231,#6232,#6233,#6234));
#1075=EDGE_LOOP('',(#6235,#6236,#6237,#6238));
#1076=EDGE_LOOP('',(#6239,#6240,#6241,#6242,#6243,#6244,#6245,#6246,#6247,
#6248,#6249,#6250,#6251,#6252,#6253,#6254,#6255,#6256,#6257,#6258,#6259,
#6260,#6261,#6262,#6263,#6264,#6265,#6266,#6267,#6268,#6269,#6270,#6271,
#6272,#6273,#6274));
#1077=EDGE_LOOP('',(#6275,#6276,#6277,#6278));
#1078=EDGE_LOOP('',(#6279,#6280,#6281,#6282));
#1079=EDGE_LOOP('',(#6283,#6284,#6285,#6286));
#1080=EDGE_LOOP('',(#6287,#6288,#6289,#6290));
#1081=EDGE_LOOP('',(#6291,#6292,#6293,#6294));
#1082=EDGE_LOOP('',(#6295,#6296,#6297,#6298));
#1083=EDGE_LOOP('',(#6299,#6300,#6301,#6302));
#1084=EDGE_LOOP('',(#6303,#6304,#6305,#6306));
#1085=EDGE_LOOP('',(#6307,#6308,#6309,#6310));
#1086=EDGE_LOOP('',(#6311,#6312,#6313,#6314));
#1087=EDGE_LOOP('',(#6315,#6316,#6317,#6318));
#1088=EDGE_LOOP('',(#6319,#6320,#6321,#6322));
#1089=EDGE_LOOP('',(#6323,#6324,#6325,#6326));
#1090=EDGE_LOOP('',(#6327,#6328,#6329,#6330));
#1091=EDGE_LOOP('',(#6331,#6332,#6333,#6334));
#1092=EDGE_LOOP('',(#6335,#6336,#6337,#6338));
#1093=EDGE_LOOP('',(#6339,#6340,#6341,#6342,#6343,#6344,#6345,#6346,#6347,
#6348,#6349,#6350,#6351,#6352,#6353,#6354,#6355,#6356,#6357,#6358,#6359,
#6360,#6361,#6362,#6363,#6364,#6365,#6366,#6367,#6368,#6369,#6370,#6371,
#6372,#6373,#6374,#6375,#6376,#6377,#6378));
#1094=EDGE_LOOP('',(#6379,#6380,#6381,#6382));
#1095=EDGE_LOOP('',(#6383,#6384,#6385,#6386));
#1096=EDGE_LOOP('',(#6387,#6388,#6389,#6390));
#1097=EDGE_LOOP('',(#6391,#6392,#6393,#6394));
#1098=EDGE_LOOP('',(#6395,#6396,#6397,#6398));
#1099=EDGE_LOOP('',(#6399,#6400,#6401,#6402));
#1100=EDGE_LOOP('',(#6403,#6404,#6405,#6406));
#1101=EDGE_LOOP('',(#6407,#6408,#6409,#6410));
#1102=EDGE_LOOP('',(#6411,#6412,#6413,#6414));
#1103=EDGE_LOOP('',(#6415,#6416,#6417,#6418));
#1104=EDGE_LOOP('',(#6419,#6420,#6421,#6422));
#1105=EDGE_LOOP('',(#6423,#6424,#6425,#6426));
#1106=EDGE_LOOP('',(#6427,#6428,#6429,#6430));
#1107=EDGE_LOOP('',(#6431,#6432,#6433,#6434));
#1108=EDGE_LOOP('',(#6435,#6436,#6437,#6438));
#1109=EDGE_LOOP('',(#6439,#6440,#6441,#6442));
#1110=EDGE_LOOP('',(#6443,#6444,#6445,#6446,#6447,#6448,#6449,#6450,#6451,
#6452,#6453,#6454,#6455,#6456,#6457,#6458,#6459,#6460,#6461,#6462,#6463,
#6464,#6465,#6466,#6467,#6468,#6469,#6470,#6471,#6472,#6473,#6474,#6475,
#6476,#6477,#6478));
#1111=EDGE_LOOP('',(#6479,#6480,#6481,#6482));
#1112=EDGE_LOOP('',(#6483,#6484,#6485,#6486));
#1113=EDGE_LOOP('',(#6487,#6488,#6489,#6490));
#1114=EDGE_LOOP('',(#6491,#6492,#6493,#6494));
#1115=EDGE_LOOP('',(#6495,#6496,#6497,#6498,#6499,#6500,#6501,#6502,#6503,
#6504,#6505,#6506,#6507,#6508,#6509,#6510,#6511,#6512,#6513,#6514,#6515,
#6516,#6517,#6518,#6519,#6520,#6521,#6522,#6523,#6524,#6525,#6526,#6527,
#6528,#6529,#6530,#6531,#6532,#6533,#6534));
#1116=EDGE_LOOP('',(#6535,#6536,#6537,#6538));
#1117=EDGE_LOOP('',(#6539,#6540,#6541,#6542));
#1118=EDGE_LOOP('',(#6543,#6544,#6545,#6546));
#1119=EDGE_LOOP('',(#6547,#6548,#6549,#6550));
#1120=EDGE_LOOP('',(#6551,#6552,#6553,#6554));
#1121=EDGE_LOOP('',(#6555,#6556,#6557,#6558));
#1122=EDGE_LOOP('',(#6559,#6560,#6561,#6562));
#1123=EDGE_LOOP('',(#6563,#6564,#6565,#6566));
#1124=EDGE_LOOP('',(#6567,#6568,#6569,#6570));
#1125=EDGE_LOOP('',(#6571,#6572,#6573,#6574));
#1126=EDGE_LOOP('',(#6575,#6576,#6577,#6578));
#1127=EDGE_LOOP('',(#6579,#6580,#6581,#6582));
#1128=EDGE_LOOP('',(#6583,#6584,#6585,#6586));
#1129=EDGE_LOOP('',(#6587,#6588,#6589,#6590));
#1130=EDGE_LOOP('',(#6591,#6592,#6593,#6594));
#1131=EDGE_LOOP('',(#6595,#6596,#6597,#6598));
#1132=EDGE_LOOP('',(#6599,#6600,#6601,#6602));
#1133=EDGE_LOOP('',(#6603,#6604,#6605,#6606));
#1134=EDGE_LOOP('',(#6607,#6608,#6609,#6610));
#1135=EDGE_LOOP('',(#6611,#6612,#6613,#6614));
#1136=EDGE_LOOP('',(#6615,#6616,#6617,#6618));
#1137=EDGE_LOOP('',(#6619,#6620,#6621,#6622));
#1138=EDGE_LOOP('',(#6623,#6624,#6625,#6626));
#1139=EDGE_LOOP('',(#6627,#6628,#6629,#6630));
#1140=EDGE_LOOP('',(#6631,#6632,#6633,#6634));
#1141=EDGE_LOOP('',(#6635,#6636,#6637,#6638,#6639,#6640));
#1142=EDGE_LOOP('',(#6641,#6642,#6643,#6644));
#1143=EDGE_LOOP('',(#6645,#6646,#6647,#6648));
#1144=EDGE_LOOP('',(#6649,#6650,#6651,#6652));
#1145=EDGE_LOOP('',(#6653,#6654,#6655,#6656));
#1146=EDGE_LOOP('',(#6657,#6658,#6659,#6660,#6661,#6662));
#1147=EDGE_LOOP('',(#6663,#6664,#6665,#6666));
#1148=EDGE_LOOP('',(#6667,#6668,#6669,#6670));
#1149=EDGE_LOOP('',(#6671,#6672,#6673,#6674));
#1150=EDGE_LOOP('',(#6675,#6676,#6677,#6678));
#1151=EDGE_LOOP('',(#6679,#6680,#6681,#6682,#6683,#6684));
#1152=EDGE_LOOP('',(#6685,#6686,#6687,#6688));
#1153=EDGE_LOOP('',(#6689,#6690,#6691,#6692));
#1154=EDGE_LOOP('',(#6693,#6694,#6695,#6696));
#1155=EDGE_LOOP('',(#6697,#6698,#6699,#6700));
#1156=EDGE_LOOP('',(#6701,#6702,#6703,#6704,#6705,#6706));
#1157=EDGE_LOOP('',(#6707,#6708,#6709,#6710));
#1158=EDGE_LOOP('',(#6711,#6712,#6713,#6714));
#1159=EDGE_LOOP('',(#6715,#6716,#6717,#6718));
#1160=EDGE_LOOP('',(#6719,#6720,#6721,#6722));
#1161=EDGE_LOOP('',(#6723,#6724,#6725,#6726,#6727,#6728));
#1162=EDGE_LOOP('',(#6729,#6730,#6731,#6732));
#1163=EDGE_LOOP('',(#6733,#6734,#6735,#6736));
#1164=EDGE_LOOP('',(#6737,#6738,#6739,#6740));
#1165=EDGE_LOOP('',(#6741,#6742,#6743,#6744));
#1166=EDGE_LOOP('',(#6745,#6746,#6747,#6748));
#1167=EDGE_LOOP('',(#6749,#6750,#6751,#6752,#6753,#6754));
#1168=EDGE_LOOP('',(#6755,#6756,#6757,#6758));
#1169=EDGE_LOOP('',(#6759,#6760,#6761,#6762));
#1170=EDGE_LOOP('',(#6763,#6764,#6765,#6766));
#1171=EDGE_LOOP('',(#6767,#6768,#6769,#6770,#6771,#6772));
#1172=EDGE_LOOP('',(#6773,#6774,#6775,#6776));
#1173=EDGE_LOOP('',(#6777,#6778,#6779,#6780));
#1174=EDGE_LOOP('',(#6781,#6782,#6783,#6784));
#1175=EDGE_LOOP('',(#6785,#6786,#6787,#6788));
#1176=EDGE_LOOP('',(#6789,#6790,#6791,#6792,#6793,#6794));
#1177=EDGE_LOOP('',(#6795,#6796,#6797,#6798));
#1178=EDGE_LOOP('',(#6799,#6800,#6801,#6802));
#1179=EDGE_LOOP('',(#6803,#6804,#6805,#6806));
#1180=EDGE_LOOP('',(#6807,#6808,#6809,#6810,#6811,#6812));
#1181=EDGE_LOOP('',(#6813,#6814,#6815,#6816,#6817,#6818));
#1182=EDGE_LOOP('',(#6819,#6820,#6821));
#1183=EDGE_LOOP('',(#6822,#6823,#6824));
#1184=EDGE_LOOP('',(#6825,#6826,#6827,#6828,#6829));
#1185=EDGE_LOOP('',(#6830,#6831,#6832,#6833));
#1186=EDGE_LOOP('',(#6834,#6835,#6836,#6837,#6838));
#1187=EDGE_LOOP('',(#6839,#6840,#6841,#6842));
#1188=EDGE_LOOP('',(#6843,#6844,#6845,#6846));
#1189=EDGE_LOOP('',(#6847,#6848,#6849,#6850));
#1190=EDGE_LOOP('',(#6851,#6852,#6853));
#1191=EDGE_LOOP('',(#6854,#6855,#6856,#6857));
#1192=EDGE_LOOP('',(#6858,#6859,#6860,#6861,#6862,#6863));
#1193=EDGE_LOOP('',(#6864,#6865,#6866,#6867));
#1194=EDGE_LOOP('',(#6868,#6869,#6870,#6871));
#1195=EDGE_LOOP('',(#6872,#6873,#6874,#6875));
#1196=EDGE_LOOP('',(#6876,#6877,#6878,#6879,#6880,#6881));
#1197=EDGE_LOOP('',(#6882,#6883,#6884,#6885));
#1198=EDGE_LOOP('',(#6886,#6887,#6888,#6889));
#1199=EDGE_LOOP('',(#6890,#6891,#6892,#6893));
#1200=EDGE_LOOP('',(#6894,#6895,#6896,#6897,#6898,#6899));
#1201=EDGE_LOOP('',(#6900,#6901,#6902,#6903));
#1202=EDGE_LOOP('',(#6904,#6905,#6906,#6907));
#1203=EDGE_LOOP('',(#6908,#6909,#6910,#6911));
#1204=EDGE_LOOP('',(#6912,#6913,#6914,#6915,#6916,#6917));
#1205=EDGE_LOOP('',(#6918,#6919,#6920,#6921));
#1206=EDGE_LOOP('',(#6922,#6923,#6924,#6925));
#1207=EDGE_LOOP('',(#6926,#6927,#6928,#6929));
#1208=EDGE_LOOP('',(#6930,#6931,#6932,#6933,#6934,#6935));
#1209=EDGE_LOOP('',(#6936,#6937,#6938,#6939));
#1210=EDGE_LOOP('',(#6940,#6941,#6942,#6943));
#1211=EDGE_LOOP('',(#6944,#6945,#6946,#6947));
#1212=EDGE_LOOP('',(#6948,#6949,#6950,#6951,#6952,#6953));
#1213=EDGE_LOOP('',(#6954,#6955,#6956,#6957));
#1214=EDGE_LOOP('',(#6958,#6959,#6960,#6961));
#1215=EDGE_LOOP('',(#6962,#6963,#6964,#6965));
#1216=EDGE_LOOP('',(#6966,#6967,#6968,#6969,#6970,#6971));
#1217=EDGE_LOOP('',(#6972,#6973,#6974,#6975));
#1218=EDGE_LOOP('',(#6976,#6977,#6978,#6979));
#1219=EDGE_LOOP('',(#6980,#6981,#6982,#6983));
#1220=EDGE_LOOP('',(#6984,#6985,#6986,#6987,#6988,#6989));
#1221=EDGE_LOOP('',(#6990,#6991,#6992,#6993));
#1222=EDGE_LOOP('',(#6994,#6995,#6996,#6997));
#1223=EDGE_LOOP('',(#6998,#6999,#7000,#7001));
#1224=EDGE_LOOP('',(#7002,#7003,#7004,#7005,#7006,#7007));
#1225=EDGE_LOOP('',(#7008,#7009,#7010,#7011));
#1226=EDGE_LOOP('',(#7012,#7013,#7014,#7015));
#1227=EDGE_LOOP('',(#7016,#7017,#7018,#7019));
#1228=EDGE_LOOP('',(#7020,#7021,#7022,#7023,#7024,#7025));
#1229=EDGE_LOOP('',(#7026,#7027,#7028));
#1230=EDGE_LOOP('',(#7029,#7030,#7031,#7032));
#1231=EDGE_LOOP('',(#7033,#7034,#7035,#7036));
#1232=EDGE_LOOP('',(#7037,#7038,#7039));
#1233=EDGE_LOOP('',(#7040,#7041,#7042,#7043,#7044));
#1234=EDGE_LOOP('',(#7045,#7046,#7047,#7048));
#1235=EDGE_LOOP('',(#7049,#7050,#7051,#7052,#7053,#7054,#7055,#7056));
#1236=EDGE_LOOP('',(#7057,#7058,#7059,#7060,#7061,#7062,#7063,#7064));
#1237=EDGE_LOOP('',(#7065,#7066,#7067,#7068,#7069));
#1238=EDGE_LOOP('',(#7070,#7071,#7072,#7073));
#1239=EDGE_LOOP('',(#7074,#7075,#7076,#7077));
#1240=EDGE_LOOP('',(#7078,#7079,#7080,#7081));
#1241=EDGE_LOOP('',(#7082,#7083,#7084,#7085));
#1242=EDGE_LOOP('',(#7086,#7087,#7088,#7089));
#1243=LINE('',#10485,#2170);
#1244=LINE('',#10487,#2171);
#1245=LINE('',#10489,#2172);
#1246=LINE('',#10490,#2173);
#1247=LINE('',#10494,#2174);
#1248=LINE('',#10496,#2175);
#1249=LINE('',#10498,#2176);
#1250=LINE('',#10499,#2177);
#1251=LINE('',#10504,#2178);
#1252=LINE('',#10509,#2179);
#1253=LINE('',#10510,#2180);
#1254=LINE('',#10511,#2181);
#1255=LINE('',#10517,#2182);
#1256=LINE('',#10520,#2183);
#1257=LINE('',#10523,#2184);
#1258=LINE('',#10525,#2185);
#1259=LINE('',#10526,#2186);
#1260=LINE('',#10531,#2187);
#1261=LINE('',#10538,#2188);
#1262=LINE('',#10541,#2189);
#1263=LINE('',#10544,#2190);
#1264=LINE('',#10546,#2191);
#1265=LINE('',#10547,#2192);
#1266=LINE('',#10552,#2193);
#1267=LINE('',#10559,#2194);
#1268=LINE('',#10561,#2195);
#1269=LINE('',#10563,#2196);
#1270=LINE('',#10565,#2197);
#1271=LINE('',#10566,#2198);
#1272=LINE('',#10568,#2199);
#1273=LINE('',#10570,#2200);
#1274=LINE('',#10572,#2201);
#1275=LINE('',#10573,#2202);
#1276=LINE('',#10575,#2203);
#1277=LINE('',#10577,#2204);
#1278=LINE('',#10579,#2205);
#1279=LINE('',#10580,#2206);
#1280=LINE('',#10584,#2207);
#1281=LINE('',#10585,#2208);
#1282=LINE('',#10587,#2209);
#1283=LINE('',#10589,#2210);
#1284=LINE('',#10591,#2211);
#1285=LINE('',#10592,#2212);
#1286=LINE('',#10594,#2213);
#1287=LINE('',#10596,#2214);
#1288=LINE('',#10598,#2215);
#1289=LINE('',#10599,#2216);
#1290=LINE('',#10601,#2217);
#1291=LINE('',#10603,#2218);
#1292=LINE('',#10604,#2219);
#1293=LINE('',#10607,#2220);
#1294=LINE('',#10609,#2221);
#1295=LINE('',#10610,#2222);
#1296=LINE('',#10613,#2223);
#1297=LINE('',#10615,#2224);
#1298=LINE('',#10616,#2225);
#1299=LINE('',#10618,#2226);
#1300=LINE('',#10619,#2227);
#1301=LINE('',#10621,#2228);
#1302=LINE('',#10627,#2229);
#1303=LINE('',#10633,#2230);
#1304=LINE('',#10635,#2231);
#1305=LINE('',#10637,#2232);
#1306=LINE('',#10640,#2233);
#1307=LINE('',#10642,#2234);
#1308=LINE('',#10646,#2235);
#1309=LINE('',#10650,#2236);
#1310=LINE('',#10652,#2237);
#1311=LINE('',#10656,#2238);
#1312=LINE('',#10659,#2239);
#1313=LINE('',#10661,#2240);
#1314=LINE('',#10663,#2241);
#1315=LINE('',#10665,#2242);
#1316=LINE('',#10671,#2243);
#1317=LINE('',#10675,#2244);
#1318=LINE('',#10679,#2245);
#1319=LINE('',#10684,#2246);
#1320=LINE('',#10688,#2247);
#1321=LINE('',#10692,#2248);
#1322=LINE('',#10698,#2249);
#1323=LINE('',#10700,#2250);
#1324=LINE('',#10702,#2251);
#1325=LINE('',#10708,#2252);
#1326=LINE('',#10710,#2253);
#1327=LINE('',#10712,#2254);
#1328=LINE('',#10718,#2255);
#1329=LINE('',#10720,#2256);
#1330=LINE('',#10722,#2257);
#1331=LINE('',#10724,#2258);
#1332=LINE('',#10728,#2259);
#1333=LINE('',#10730,#2260);
#1334=LINE('',#10732,#2261);
#1335=LINE('',#10733,#2262);
#1336=LINE('',#10737,#2263);
#1337=LINE('',#10739,#2264);
#1338=LINE('',#10741,#2265);
#1339=LINE('',#10742,#2266);
#1340=LINE('',#10747,#2267);
#1341=LINE('',#10751,#2268);
#1342=LINE('',#10753,#2269);
#1343=LINE('',#10754,#2270);
#1344=LINE('',#10758,#2271);
#1345=LINE('',#10760,#2272);
#1346=LINE('',#10762,#2273);
#1347=LINE('',#10763,#2274);
#1348=LINE('',#10768,#2275);
#1349=LINE('',#10772,#2276);
#1350=LINE('',#10774,#2277);
#1351=LINE('',#10775,#2278);
#1352=LINE('',#10782,#2279);
#1353=LINE('',#10784,#2280);
#1354=LINE('',#10786,#2281);
#1355=LINE('',#10787,#2282);
#1356=LINE('',#10792,#2283);
#1357=LINE('',#10796,#2284);
#1358=LINE('',#10798,#2285);
#1359=LINE('',#10799,#2286);
#1360=LINE('',#10804,#2287);
#1361=LINE('',#10811,#2288);
#1362=LINE('',#10813,#2289);
#1363=LINE('',#10815,#2290);
#1364=LINE('',#10816,#2291);
#1365=LINE('',#10818,#2292);
#1366=LINE('',#10819,#2293);
#1367=LINE('',#10820,#2294);
#1368=LINE('',#10822,#2295);
#1369=LINE('',#10823,#2296);
#1370=LINE('',#10825,#2297);
#1371=LINE('',#10826,#2298);
#1372=LINE('',#10828,#2299);
#1373=LINE('',#10829,#2300);
#1374=LINE('',#10835,#2301);
#1375=LINE('',#10838,#2302);
#1376=LINE('',#10844,#2303);
#1377=LINE('',#10847,#2304);
#1378=LINE('',#10849,#2305);
#1379=LINE('',#10850,#2306);
#1380=LINE('',#10856,#2307);
#1381=LINE('',#10859,#2308);
#1382=LINE('',#10865,#2309);
#1383=LINE('',#10871,#2310);
#1384=LINE('',#10874,#2311);
#1385=LINE('',#10876,#2312);
#1386=LINE('',#10877,#2313);
#1387=LINE('',#10880,#2314);
#1388=LINE('',#10882,#2315);
#1389=LINE('',#10883,#2316);
#1390=LINE('',#10888,#2317);
#1391=LINE('',#10892,#2318);
#1392=LINE('',#10893,#2319);
#1393=LINE('',#10895,#2320);
#1394=LINE('',#10898,#2321);
#1395=LINE('',#10899,#2322);
#1396=LINE('',#10904,#2323);
#1397=LINE('',#10907,#2324);
#1398=LINE('',#10912,#2325);
#1399=LINE('',#10918,#2326);
#1400=LINE('',#10921,#2327);
#1401=LINE('',#10925,#2328);
#1402=LINE('',#10927,#2329);
#1403=LINE('',#10930,#2330);
#1404=LINE('',#10937,#2331);
#1405=LINE('',#10940,#2332);
#1406=LINE('',#10942,#2333);
#1407=LINE('',#10943,#2334);
#1408=LINE('',#10949,#2335);
#1409=LINE('',#10952,#2336);
#1410=LINE('',#10954,#2337);
#1411=LINE('',#10955,#2338);
#1412=LINE('',#10957,#2339);
#1413=LINE('',#10960,#2340);
#1414=LINE('',#10962,#2341);
#1415=LINE('',#10963,#2342);
#1416=LINE('',#10968,#2343);
#1417=LINE('',#10971,#2344);
#1418=LINE('',#10974,#2345);
#1419=LINE('',#10975,#2346);
#1420=LINE('',#10977,#2347);
#1421=LINE('',#10980,#2348);
#1422=LINE('',#10985,#2349);
#1423=LINE('',#10990,#2350);
#1424=LINE('',#10994,#2351);
#1425=LINE('',#10996,#2352);
#1426=LINE('',#10997,#2353);
#1427=LINE('',#10999,#2354);
#1428=LINE('',#11000,#2355);
#1429=LINE('',#11006,#2356);
#1430=LINE('',#11008,#2357);
#1431=LINE('',#11009,#2358);
#1432=LINE('',#11012,#2359);
#1433=LINE('',#11013,#2360);
#1434=LINE('',#11015,#2361);
#1435=LINE('',#11018,#2362);
#1436=LINE('',#11020,#2363);
#1437=LINE('',#11021,#2364);
#1438=LINE('',#11026,#2365);
#1439=LINE('',#11029,#2366);
#1440=LINE('',#11032,#2367);
#1441=LINE('',#11033,#2368);
#1442=LINE('',#11036,#2369);
#1443=LINE('',#11039,#2370);
#1444=LINE('',#11040,#2371);
#1445=LINE('',#11049,#2372);
#1446=LINE('',#11052,#2373);
#1447=LINE('',#11057,#2374);
#1448=LINE('',#11061,#2375);
#1449=LINE('',#11063,#2376);
#1450=LINE('',#11064,#2377);
#1451=LINE('',#11070,#2378);
#1452=LINE('',#11073,#2379);
#1453=LINE('',#11078,#2380);
#1454=LINE('',#11084,#2381);
#1455=LINE('',#11088,#2382);
#1456=LINE('',#11090,#2383);
#1457=LINE('',#11091,#2384);
#1458=LINE('',#11094,#2385);
#1459=LINE('',#11096,#2386);
#1460=LINE('',#11097,#2387);
#1461=LINE('',#11103,#2388);
#1462=LINE('',#11106,#2389);
#1463=LINE('',#11107,#2390);
#1464=LINE('',#11109,#2391);
#1465=LINE('',#11112,#2392);
#1466=LINE('',#11113,#2393);
#1467=LINE('',#11119,#2394);
#1468=LINE('',#11121,#2395);
#1469=LINE('',#11127,#2396);
#1470=LINE('',#11133,#2397);
#1471=LINE('',#11135,#2398);
#1472=LINE('',#11139,#2399);
#1473=LINE('',#11141,#2400);
#1474=LINE('',#11145,#2401);
#1475=LINE('',#11151,#2402);
#1476=LINE('',#11154,#2403);
#1477=LINE('',#11156,#2404);
#1478=LINE('',#11157,#2405);
#1479=LINE('',#11163,#2406);
#1480=LINE('',#11166,#2407);
#1481=LINE('',#11168,#2408);
#1482=LINE('',#11169,#2409);
#1483=LINE('',#11171,#2410);
#1484=LINE('',#11174,#2411);
#1485=LINE('',#11176,#2412);
#1486=LINE('',#11177,#2413);
#1487=LINE('',#11183,#2414);
#1488=LINE('',#11185,#2415);
#1489=LINE('',#11188,#2416);
#1490=LINE('',#11189,#2417);
#1491=LINE('',#11191,#2418);
#1492=LINE('',#11195,#2419);
#1493=LINE('',#11198,#2420);
#1494=LINE('',#11205,#2421);
#1495=LINE('',#11208,#2422);
#1496=LINE('',#11210,#2423);
#1497=LINE('',#11211,#2424);
#1498=LINE('',#11213,#2425);
#1499=LINE('',#11214,#2426);
#1500=LINE('',#11219,#2427);
#1501=LINE('',#11222,#2428);
#1502=LINE('',#11223,#2429);
#1503=LINE('',#11226,#2430);
#1504=LINE('',#11227,#2431);
#1505=LINE('',#11229,#2432);
#1506=LINE('',#11232,#2433);
#1507=LINE('',#11234,#2434);
#1508=LINE('',#11235,#2435);
#1509=LINE('',#11240,#2436);
#1510=LINE('',#11245,#2437);
#1511=LINE('',#11247,#2438);
#1512=LINE('',#11250,#2439);
#1513=LINE('',#11254,#2440);
#1514=LINE('',#11256,#2441);
#1515=LINE('',#11257,#2442);
#1516=LINE('',#11260,#2443);
#1517=LINE('',#11263,#2444);
#1518=LINE('',#11264,#2445);
#1519=LINE('',#11271,#2446);
#1520=LINE('',#11275,#2447);
#1521=LINE('',#11279,#2448);
#1522=LINE('',#11280,#2449);
#1523=LINE('',#11284,#2450);
#1524=LINE('',#11285,#2451);
#1525=LINE('',#11286,#2452);
#1526=LINE('',#11290,#2453);
#1527=LINE('',#11296,#2454);
#1528=LINE('',#11299,#2455);
#1529=LINE('',#11300,#2456);
#1530=LINE('',#11303,#2457);
#1531=LINE('',#11305,#2458);
#1532=LINE('',#11306,#2459);
#1533=LINE('',#11310,#2460);
#1534=LINE('',#11314,#2461);
#1535=LINE('',#11318,#2462);
#1536=LINE('',#11321,#2463);
#1537=LINE('',#11323,#2464);
#1538=LINE('',#11325,#2465);
#1539=LINE('',#11327,#2466);
#1540=LINE('',#11330,#2467);
#1541=LINE('',#11331,#2468);
#1542=LINE('',#11338,#2469);
#1543=LINE('',#11340,#2470);
#1544=LINE('',#11342,#2471);
#1545=LINE('',#11346,#2472);
#1546=LINE('',#11351,#2473);
#1547=LINE('',#11352,#2474);
#1548=LINE('',#11353,#2475);
#1549=LINE('',#11357,#2476);
#1550=LINE('',#11362,#2477);
#1551=LINE('',#11366,#2478);
#1552=LINE('',#11367,#2479);
#1553=LINE('',#11370,#2480);
#1554=LINE('',#11372,#2481);
#1555=LINE('',#11373,#2482);
#1556=LINE('',#11377,#2483);
#1557=LINE('',#11381,#2484);
#1558=LINE('',#11384,#2485);
#1559=LINE('',#11388,#2486);
#1560=LINE('',#11389,#2487);
#1561=LINE('',#11392,#2488);
#1562=LINE('',#11394,#2489);
#1563=LINE('',#11397,#2490);
#1564=LINE('',#11398,#2491);
#1565=LINE('',#11407,#2492);
#1566=LINE('',#11410,#2493);
#1567=LINE('',#11413,#2494);
#1568=LINE('',#11415,#2495);
#1569=LINE('',#11416,#2496);
#1570=LINE('',#11422,#2497);
#1571=LINE('',#11425,#2498);
#1572=LINE('',#11427,#2499);
#1573=LINE('',#11428,#2500);
#1574=LINE('',#11431,#2501);
#1575=LINE('',#11433,#2502);
#1576=LINE('',#11434,#2503);
#1577=LINE('',#11436,#2504);
#1578=LINE('',#11438,#2505);
#1579=LINE('',#11444,#2506);
#1580=LINE('',#11450,#2507);
#1581=LINE('',#11452,#2508);
#1582=LINE('',#11454,#2509);
#1583=LINE('',#11456,#2510);
#1584=LINE('',#11457,#2511);
#1585=LINE('',#11459,#2512);
#1586=LINE('',#11460,#2513);
#1587=LINE('',#11466,#2514);
#1588=LINE('',#11468,#2515);
#1589=LINE('',#11470,#2516);
#1590=LINE('',#11472,#2517);
#1591=LINE('',#11474,#2518);
#1592=LINE('',#11476,#2519);
#1593=LINE('',#11478,#2520);
#1594=LINE('',#11480,#2521);
#1595=LINE('',#11482,#2522);
#1596=LINE('',#11484,#2523);
#1597=LINE('',#11486,#2524);
#1598=LINE('',#11488,#2525);
#1599=LINE('',#11490,#2526);
#1600=LINE('',#11492,#2527);
#1601=LINE('',#11494,#2528);
#1602=LINE('',#11496,#2529);
#1603=LINE('',#11498,#2530);
#1604=LINE('',#11500,#2531);
#1605=LINE('',#11502,#2532);
#1606=LINE('',#11504,#2533);
#1607=LINE('',#11506,#2534);
#1608=LINE('',#11508,#2535);
#1609=LINE('',#11510,#2536);
#1610=LINE('',#11512,#2537);
#1611=LINE('',#11514,#2538);
#1612=LINE('',#11516,#2539);
#1613=LINE('',#11518,#2540);
#1614=LINE('',#11520,#2541);
#1615=LINE('',#11522,#2542);
#1616=LINE('',#11524,#2543);
#1617=LINE('',#11526,#2544);
#1618=LINE('',#11528,#2545);
#1619=LINE('',#11530,#2546);
#1620=LINE('',#11532,#2547);
#1621=LINE('',#11534,#2548);
#1622=LINE('',#11536,#2549);
#1623=LINE('',#11538,#2550);
#1624=LINE('',#11540,#2551);
#1625=LINE('',#11542,#2552);
#1626=LINE('',#11544,#2553);
#1627=LINE('',#11546,#2554);
#1628=LINE('',#11548,#2555);
#1629=LINE('',#11550,#2556);
#1630=LINE('',#11552,#2557);
#1631=LINE('',#11554,#2558);
#1632=LINE('',#11556,#2559);
#1633=LINE('',#11558,#2560);
#1634=LINE('',#11560,#2561);
#1635=LINE('',#11562,#2562);
#1636=LINE('',#11564,#2563);
#1637=LINE('',#11566,#2564);
#1638=LINE('',#11568,#2565);
#1639=LINE('',#11570,#2566);
#1640=LINE('',#11572,#2567);
#1641=LINE('',#11574,#2568);
#1642=LINE('',#11576,#2569);
#1643=LINE('',#11578,#2570);
#1644=LINE('',#11580,#2571);
#1645=LINE('',#11582,#2572);
#1646=LINE('',#11584,#2573);
#1647=LINE('',#11586,#2574);
#1648=LINE('',#11588,#2575);
#1649=LINE('',#11590,#2576);
#1650=LINE('',#11592,#2577);
#1651=LINE('',#11594,#2578);
#1652=LINE('',#11596,#2579);
#1653=LINE('',#11598,#2580);
#1654=LINE('',#11599,#2581);
#1655=LINE('',#11602,#2582);
#1656=LINE('',#11604,#2583);
#1657=LINE('',#11605,#2584);
#1658=LINE('',#11608,#2585);
#1659=LINE('',#11610,#2586);
#1660=LINE('',#11611,#2587);
#1661=LINE('',#11614,#2588);
#1662=LINE('',#11616,#2589);
#1663=LINE('',#11618,#2590);
#1664=LINE('',#11620,#2591);
#1665=LINE('',#11621,#2592);
#1666=LINE('',#11624,#2593);
#1667=LINE('',#11626,#2594);
#1668=LINE('',#11628,#2595);
#1669=LINE('',#11629,#2596);
#1670=LINE('',#11632,#2597);
#1671=LINE('',#11634,#2598);
#1672=LINE('',#11635,#2599);
#1673=LINE('',#11638,#2600);
#1674=LINE('',#11640,#2601);
#1675=LINE('',#11642,#2602);
#1676=LINE('',#11644,#2603);
#1677=LINE('',#11645,#2604);
#1678=LINE('',#11648,#2605);
#1679=LINE('',#11650,#2606);
#1680=LINE('',#11652,#2607);
#1681=LINE('',#11653,#2608);
#1682=LINE('',#11656,#2609);
#1683=LINE('',#11658,#2610);
#1684=LINE('',#11659,#2611);
#1685=LINE('',#11662,#2612);
#1686=LINE('',#11664,#2613);
#1687=LINE('',#11666,#2614);
#1688=LINE('',#11668,#2615);
#1689=LINE('',#11669,#2616);
#1690=LINE('',#11672,#2617);
#1691=LINE('',#11674,#2618);
#1692=LINE('',#11676,#2619);
#1693=LINE('',#11677,#2620);
#1694=LINE('',#11680,#2621);
#1695=LINE('',#11682,#2622);
#1696=LINE('',#11683,#2623);
#1697=LINE('',#11686,#2624);
#1698=LINE('',#11688,#2625);
#1699=LINE('',#11690,#2626);
#1700=LINE('',#11692,#2627);
#1701=LINE('',#11693,#2628);
#1702=LINE('',#11696,#2629);
#1703=LINE('',#11698,#2630);
#1704=LINE('',#11700,#2631);
#1705=LINE('',#11701,#2632);
#1706=LINE('',#11704,#2633);
#1707=LINE('',#11706,#2634);
#1708=LINE('',#11707,#2635);
#1709=LINE('',#11710,#2636);
#1710=LINE('',#11712,#2637);
#1711=LINE('',#11714,#2638);
#1712=LINE('',#11716,#2639);
#1713=LINE('',#11717,#2640);
#1714=LINE('',#11720,#2641);
#1715=LINE('',#11722,#2642);
#1716=LINE('',#11724,#2643);
#1717=LINE('',#11725,#2644);
#1718=LINE('',#11728,#2645);
#1719=LINE('',#11730,#2646);
#1720=LINE('',#11731,#2647);
#1721=LINE('',#11734,#2648);
#1722=LINE('',#11736,#2649);
#1723=LINE('',#11738,#2650);
#1724=LINE('',#11740,#2651);
#1725=LINE('',#11741,#2652);
#1726=LINE('',#11744,#2653);
#1727=LINE('',#11746,#2654);
#1728=LINE('',#11748,#2655);
#1729=LINE('',#11749,#2656);
#1730=LINE('',#11752,#2657);
#1731=LINE('',#11754,#2658);
#1732=LINE('',#11755,#2659);
#1733=LINE('',#11758,#2660);
#1734=LINE('',#11760,#2661);
#1735=LINE('',#11762,#2662);
#1736=LINE('',#11764,#2663);
#1737=LINE('',#11765,#2664);
#1738=LINE('',#11768,#2665);
#1739=LINE('',#11770,#2666);
#1740=LINE('',#11772,#2667);
#1741=LINE('',#11773,#2668);
#1742=LINE('',#11776,#2669);
#1743=LINE('',#11778,#2670);
#1744=LINE('',#11779,#2671);
#1745=LINE('',#11782,#2672);
#1746=LINE('',#11784,#2673);
#1747=LINE('',#11786,#2674);
#1748=LINE('',#11788,#2675);
#1749=LINE('',#11789,#2676);
#1750=LINE('',#11792,#2677);
#1751=LINE('',#11794,#2678);
#1752=LINE('',#11796,#2679);
#1753=LINE('',#11797,#2680);
#1754=LINE('',#11800,#2681);
#1755=LINE('',#11802,#2682);
#1756=LINE('',#11804,#2683);
#1757=LINE('',#11806,#2684);
#1758=LINE('',#11808,#2685);
#1759=LINE('',#11810,#2686);
#1760=LINE('',#11812,#2687);
#1761=LINE('',#11814,#2688);
#1762=LINE('',#11816,#2689);
#1763=LINE('',#11818,#2690);
#1764=LINE('',#11819,#2691);
#1765=LINE('',#11822,#2692);
#1766=LINE('',#11826,#2693);
#1767=LINE('',#11828,#2694);
#1768=LINE('',#11830,#2695);
#1769=LINE('',#11832,#2696);
#1770=LINE('',#11834,#2697);
#1771=LINE('',#11837,#2698);
#1772=LINE('',#11838,#2699);
#1773=LINE('',#11840,#2700);
#1774=LINE('',#11841,#2701);
#1775=LINE('',#11843,#2702);
#1776=LINE('',#11844,#2703);
#1777=LINE('',#11846,#2704);
#1778=LINE('',#11847,#2705);
#1779=LINE('',#11849,#2706);
#1780=LINE('',#11850,#2707);
#1781=LINE('',#11852,#2708);
#1782=LINE('',#11853,#2709);
#1783=LINE('',#11855,#2710);
#1784=LINE('',#11856,#2711);
#1785=LINE('',#11858,#2712);
#1786=LINE('',#11859,#2713);
#1787=LINE('',#11861,#2714);
#1788=LINE('',#11862,#2715);
#1789=LINE('',#11864,#2716);
#1790=LINE('',#11865,#2717);
#1791=LINE('',#11867,#2718);
#1792=LINE('',#11868,#2719);
#1793=LINE('',#11870,#2720);
#1794=LINE('',#11871,#2721);
#1795=LINE('',#11873,#2722);
#1796=LINE('',#11874,#2723);
#1797=LINE('',#11876,#2724);
#1798=LINE('',#11877,#2725);
#1799=LINE('',#11879,#2726);
#1800=LINE('',#11880,#2727);
#1801=LINE('',#11882,#2728);
#1802=LINE('',#11883,#2729);
#1803=LINE('',#11885,#2730);
#1804=LINE('',#11886,#2731);
#1805=LINE('',#11887,#2732);
#1806=LINE('',#11890,#2733);
#1807=LINE('',#11892,#2734);
#1808=LINE('',#11894,#2735);
#1809=LINE('',#11895,#2736);
#1810=LINE('',#11901,#2737);
#1811=LINE('',#11905,#2738);
#1812=LINE('',#11907,#2739);
#1813=LINE('',#11909,#2740);
#1814=LINE('',#11910,#2741);
#1815=LINE('',#11913,#2742);
#1816=LINE('',#11917,#2743);
#1817=LINE('',#11919,#2744);
#1818=LINE('',#11920,#2745);
#1819=LINE('',#11923,#2746);
#1820=LINE('',#11924,#2747);
#1821=LINE('',#11927,#2748);
#1822=LINE('',#11928,#2749);
#1823=LINE('',#11930,#2750);
#1824=LINE('',#11932,#2751);
#1825=LINE('',#11934,#2752);
#1826=LINE('',#11936,#2753);
#1827=LINE('',#11937,#2754);
#1828=LINE('',#11944,#2755);
#1829=LINE('',#11946,#2756);
#1830=LINE('',#11948,#2757);
#1831=LINE('',#11949,#2758);
#1832=LINE('',#11953,#2759);
#1833=LINE('',#11955,#2760);
#1834=LINE('',#11957,#2761);
#1835=LINE('',#11958,#2762);
#1836=LINE('',#11960,#2763);
#1837=LINE('',#11961,#2764);
#1838=LINE('',#11963,#2765);
#1839=LINE('',#11966,#2766);
#1840=LINE('',#11968,#2767);
#1841=LINE('',#11970,#2768);
#1842=LINE('',#11972,#2769);
#1843=LINE('',#11974,#2770);
#1844=LINE('',#11976,#2771);
#1845=LINE('',#11978,#2772);
#1846=LINE('',#11980,#2773);
#1847=LINE('',#11982,#2774);
#1848=LINE('',#11984,#2775);
#1849=LINE('',#11986,#2776);
#1850=LINE('',#11988,#2777);
#1851=LINE('',#11990,#2778);
#1852=LINE('',#11992,#2779);
#1853=LINE('',#11994,#2780);
#1854=LINE('',#11996,#2781);
#1855=LINE('',#11998,#2782);
#1856=LINE('',#12000,#2783);
#1857=LINE('',#12002,#2784);
#1858=LINE('',#12004,#2785);
#1859=LINE('',#12006,#2786);
#1860=LINE('',#12008,#2787);
#1861=LINE('',#12010,#2788);
#1862=LINE('',#12012,#2789);
#1863=LINE('',#12014,#2790);
#1864=LINE('',#12016,#2791);
#1865=LINE('',#12018,#2792);
#1866=LINE('',#12020,#2793);
#1867=LINE('',#12022,#2794);
#1868=LINE('',#12026,#2795);
#1869=LINE('',#12029,#2796);
#1870=LINE('',#12032,#2797);
#1871=LINE('',#12034,#2798);
#1872=LINE('',#12035,#2799);
#1873=LINE('',#12038,#2800);
#1874=LINE('',#12040,#2801);
#1875=LINE('',#12041,#2802);
#1876=LINE('',#12043,#2803);
#1877=LINE('',#12044,#2804);
#1878=LINE('',#12049,#2805);
#1879=LINE('',#12051,#2806);
#1880=LINE('',#12053,#2807);
#1881=LINE('',#12054,#2808);
#1882=LINE('',#12056,#2809);
#1883=LINE('',#12057,#2810);
#1884=LINE('',#12059,#2811);
#1885=LINE('',#12060,#2812);
#1886=LINE('',#12064,#2813);
#1887=LINE('',#12066,#2814);
#1888=LINE('',#12067,#2815);
#1889=LINE('',#12070,#2816);
#1890=LINE('',#12072,#2817);
#1891=LINE('',#12073,#2818);
#1892=LINE('',#12075,#2819);
#1893=LINE('',#12076,#2820);
#1894=LINE('',#12080,#2821);
#1895=LINE('',#12082,#2822);
#1896=LINE('',#12083,#2823);
#1897=LINE('',#12086,#2824);
#1898=LINE('',#12088,#2825);
#1899=LINE('',#12089,#2826);
#1900=LINE('',#12091,#2827);
#1901=LINE('',#12092,#2828);
#1902=LINE('',#12096,#2829);
#1903=LINE('',#12098,#2830);
#1904=LINE('',#12100,#2831);
#1905=LINE('',#12102,#2832);
#1906=LINE('',#12104,#2833);
#1907=LINE('',#12106,#2834);
#1908=LINE('',#12107,#2835);
#1909=LINE('',#12109,#2836);
#1910=LINE('',#12111,#2837);
#1911=LINE('',#12112,#2838);
#1912=LINE('',#12114,#2839);
#1913=LINE('',#12116,#2840);
#1914=LINE('',#12117,#2841);
#1915=LINE('',#12119,#2842);
#1916=LINE('',#12121,#2843);
#1917=LINE('',#12122,#2844);
#1918=LINE('',#12126,#2845);
#1919=LINE('',#12127,#2846);
#1920=LINE('',#12128,#2847);
#1921=LINE('',#12130,#2848);
#1922=LINE('',#12132,#2849);
#1923=LINE('',#12136,#2850);
#1924=LINE('',#12137,#2851);
#1925=LINE('',#12140,#2852);
#1926=LINE('',#12141,#2853);
#1927=LINE('',#12143,#2854);
#1928=LINE('',#12147,#2855);
#1929=LINE('',#12148,#2856);
#1930=LINE('',#12151,#2857);
#1931=LINE('',#12152,#2858);
#1932=LINE('',#12154,#2859);
#1933=LINE('',#12159,#2860);
#1934=LINE('',#12161,#2861);
#1935=LINE('',#12163,#2862);
#1936=LINE('',#12164,#2863);
#1937=LINE('',#12167,#2864);
#1938=LINE('',#12169,#2865);
#1939=LINE('',#12170,#2866);
#1940=LINE('',#12173,#2867);
#1941=LINE('',#12175,#2868);
#1942=LINE('',#12176,#2869);
#1943=LINE('',#12178,#2870);
#1944=LINE('',#12181,#2871);
#1945=LINE('',#12183,#2872);
#1946=LINE('',#12185,#2873);
#1947=LINE('',#12187,#2874);
#1948=LINE('',#12189,#2875);
#1949=LINE('',#12191,#2876);
#1950=LINE('',#12193,#2877);
#1951=LINE('',#12195,#2878);
#1952=LINE('',#12197,#2879);
#1953=LINE('',#12201,#2880);
#1954=LINE('',#12205,#2881);
#1955=LINE('',#12207,#2882);
#1956=LINE('',#12209,#2883);
#1957=LINE('',#12211,#2884);
#1958=LINE('',#12213,#2885);
#1959=LINE('',#12215,#2886);
#1960=LINE('',#12217,#2887);
#1961=LINE('',#12219,#2888);
#1962=LINE('',#12221,#2889);
#1963=LINE('',#12223,#2890);
#1964=LINE('',#12225,#2891);
#1965=LINE('',#12227,#2892);
#1966=LINE('',#12229,#2893);
#1967=LINE('',#12231,#2894);
#1968=LINE('',#12233,#2895);
#1969=LINE('',#12235,#2896);
#1970=LINE('',#12237,#2897);
#1971=LINE('',#12239,#2898);
#1972=LINE('',#12241,#2899);
#1973=LINE('',#12243,#2900);
#1974=LINE('',#12244,#2901);
#1975=LINE('',#12247,#2902);
#1976=LINE('',#12249,#2903);
#1977=LINE('',#12250,#2904);
#1978=LINE('',#12253,#2905);
#1979=LINE('',#12255,#2906);
#1980=LINE('',#12256,#2907);
#1981=LINE('',#12258,#2908);
#1982=LINE('',#12259,#2909);
#1983=LINE('',#12263,#2910);
#1984=LINE('',#12265,#2911);
#1985=LINE('',#12266,#2912);
#1986=LINE('',#12268,#2913);
#1987=LINE('',#12270,#2914);
#1988=LINE('',#12271,#2915);
#1989=LINE('',#12273,#2916);
#1990=LINE('',#12275,#2917);
#1991=LINE('',#12276,#2918);
#1992=LINE('',#12278,#2919);
#1993=LINE('',#12280,#2920);
#1994=LINE('',#12281,#2921);
#1995=LINE('',#12283,#2922);
#1996=LINE('',#12285,#2923);
#1997=LINE('',#12286,#2924);
#1998=LINE('',#12288,#2925);
#1999=LINE('',#12290,#2926);
#2000=LINE('',#12292,#2927);
#2001=LINE('',#12294,#2928);
#2002=LINE('',#12296,#2929);
#2003=LINE('',#12298,#2930);
#2004=LINE('',#12299,#2931);
#2005=LINE('',#12301,#2932);
#2006=LINE('',#12303,#2933);
#2007=LINE('',#12304,#2934);
#2008=LINE('',#12307,#2935);
#2009=LINE('',#12308,#2936);
#2010=LINE('',#12311,#2937);
#2011=LINE('',#12312,#2938);
#2012=LINE('',#12314,#2939);
#2013=LINE('',#12318,#2940);
#2014=LINE('',#12319,#2941);
#2015=LINE('',#12322,#2942);
#2016=LINE('',#12323,#2943);
#2017=LINE('',#12325,#2944);
#2018=LINE('',#12329,#2945);
#2019=LINE('',#12330,#2946);
#2020=LINE('',#12333,#2947);
#2021=LINE('',#12334,#2948);
#2022=LINE('',#12336,#2949);
#2023=LINE('',#12340,#2950);
#2024=LINE('',#12342,#2951);
#2025=LINE('',#12343,#2952);
#2026=LINE('',#12345,#2953);
#2027=LINE('',#12347,#2954);
#2028=LINE('',#12351,#2955);
#2029=LINE('',#12352,#2956);
#2030=LINE('',#12355,#2957);
#2031=LINE('',#12356,#2958);
#2032=LINE('',#12358,#2959);
#2033=LINE('',#12362,#2960);
#2034=LINE('',#12363,#2961);
#2035=LINE('',#12366,#2962);
#2036=LINE('',#12367,#2963);
#2037=LINE('',#12369,#2964);
#2038=LINE('',#12373,#2965);
#2039=LINE('',#12374,#2966);
#2040=LINE('',#12377,#2967);
#2041=LINE('',#12379,#2968);
#2042=LINE('',#12380,#2969);
#2043=LINE('',#12382,#2970);
#2044=LINE('',#12384,#2971);
#2045=LINE('',#12388,#2972);
#2046=LINE('',#12389,#2973);
#2047=LINE('',#12392,#2974);
#2048=LINE('',#12394,#2975);
#2049=LINE('',#12395,#2976);
#2050=LINE('',#12397,#2977);
#2051=LINE('',#12399,#2978);
#2052=LINE('',#12403,#2979);
#2053=LINE('',#12404,#2980);
#2054=LINE('',#12407,#2981);
#2055=LINE('',#12409,#2982);
#2056=LINE('',#12410,#2983);
#2057=LINE('',#12412,#2984);
#2058=LINE('',#12414,#2985);
#2059=LINE('',#12418,#2986);
#2060=LINE('',#12419,#2987);
#2061=LINE('',#12422,#2988);
#2062=LINE('',#12424,#2989);
#2063=LINE('',#12425,#2990);
#2064=LINE('',#12427,#2991);
#2065=LINE('',#12429,#2992);
#2066=LINE('',#12433,#2993);
#2067=LINE('',#12434,#2994);
#2068=LINE('',#12437,#2995);
#2069=LINE('',#12439,#2996);
#2070=LINE('',#12440,#2997);
#2071=LINE('',#12442,#2998);
#2072=LINE('',#12444,#2999);
#2073=LINE('',#12448,#3000);
#2074=LINE('',#12449,#3001);
#2075=LINE('',#12452,#3002);
#2076=LINE('',#12453,#3003);
#2077=LINE('',#12456,#3004);
#2078=LINE('',#12457,#3005);
#2079=LINE('',#12459,#3006);
#2080=LINE('',#12463,#3007);
#2081=LINE('',#12464,#3008);
#2082=LINE('',#12467,#3009);
#2083=LINE('',#12469,#3010);
#2084=LINE('',#12470,#3011);
#2085=LINE('',#12472,#3012);
#2086=LINE('',#12474,#3013);
#2087=LINE('',#12478,#3014);
#2088=LINE('',#12479,#3015);
#2089=LINE('',#12482,#3016);
#2090=LINE('',#12484,#3017);
#2091=LINE('',#12485,#3018);
#2092=LINE('',#12487,#3019);
#2093=LINE('',#12489,#3020);
#2094=LINE('',#12492,#3021);
#2095=LINE('',#12494,#3022);
#2096=LINE('',#12496,#3023);
#2097=LINE('',#12497,#3024);
#2098=LINE('',#12500,#3025);
#2099=LINE('',#12502,#3026);
#2100=LINE('',#12503,#3027);
#2101=LINE('',#12510,#3028);
#2102=LINE('',#12513,#3029);
#2103=LINE('',#12516,#3030);
#2104=LINE('',#12517,#3031);
#2105=LINE('',#12521,#3032);
#2106=LINE('',#12524,#3033);
#2107=LINE('',#12526,#3034);
#2108=LINE('',#12527,#3035);
#2109=LINE('',#12534,#3036);
#2110=LINE('',#12540,#3037);
#2111=LINE('',#12542,#3038);
#2112=LINE('',#12543,#3039);
#2113=LINE('',#12545,#3040);
#2114=LINE('',#12546,#3041);
#2115=LINE('',#12551,#3042);
#2116=LINE('',#12553,#3043);
#2117=LINE('',#12554,#3044);
#2118=LINE('',#12556,#3045);
#2119=LINE('',#12557,#3046);
#2120=LINE('',#12562,#3047);
#2121=LINE('',#12564,#3048);
#2122=LINE('',#12565,#3049);
#2123=LINE('',#12567,#3050);
#2124=LINE('',#12568,#3051);
#2125=LINE('',#12573,#3052);
#2126=LINE('',#12575,#3053);
#2127=LINE('',#12576,#3054);
#2128=LINE('',#12578,#3055);
#2129=LINE('',#12579,#3056);
#2130=LINE('',#12584,#3057);
#2131=LINE('',#12586,#3058);
#2132=LINE('',#12587,#3059);
#2133=LINE('',#12589,#3060);
#2134=LINE('',#12590,#3061);
#2135=LINE('',#12595,#3062);
#2136=LINE('',#12597,#3063);
#2137=LINE('',#12598,#3064);
#2138=LINE('',#12600,#3065);
#2139=LINE('',#12601,#3066);
#2140=LINE('',#12606,#3067);
#2141=LINE('',#12608,#3068);
#2142=LINE('',#12609,#3069);
#2143=LINE('',#12611,#3070);
#2144=LINE('',#12612,#3071);
#2145=LINE('',#12617,#3072);
#2146=LINE('',#12619,#3073);
#2147=LINE('',#12620,#3074);
#2148=LINE('',#12622,#3075);
#2149=LINE('',#12623,#3076);
#2150=LINE('',#12628,#3077);
#2151=LINE('',#12630,#3078);
#2152=LINE('',#12631,#3079);
#2153=LINE('',#12632,#3080);
#2154=LINE('',#12635,#3081);
#2155=LINE('',#12636,#3082);
#2156=LINE('',#12639,#3083);
#2157=LINE('',#12640,#3084);
#2158=LINE('',#12642,#3085);
#2159=LINE('',#12648,#3086);
#2160=LINE('',#12649,#3087);
#2161=LINE('',#12652,#3088);
#2162=LINE('',#12653,#3089);
#2163=LINE('',#12658,#3090);
#2164=LINE('',#12662,#3091);
#2165=LINE('',#12663,#3092);
#2166=LINE('',#12666,#3093);
#2167=LINE('',#12669,#3094);
#2168=LINE('',#12673,#3095);
#2169=LINE('',#12675,#3096);
#2170=VECTOR('',#8406,1.);
#2171=VECTOR('',#8407,10.);
#2172=VECTOR('',#8408,10.);
#2173=VECTOR('',#8409,10.);
#2174=VECTOR('',#8412,10.);
#2175=VECTOR('',#8413,10.);
#2176=VECTOR('',#8414,10.);
#2177=VECTOR('',#8415,10.);
#2178=VECTOR('',#8420,10.);
#2179=VECTOR('',#8425,1.);
#2180=VECTOR('',#8426,10.);
#2181=VECTOR('',#8427,10.);
#2182=VECTOR('',#8432,10.);
#2183=VECTOR('',#8435,10.);
#2184=VECTOR('',#8438,10.);
#2185=VECTOR('',#8439,10.);
#2186=VECTOR('',#8440,10.);
#2187=VECTOR('',#8445,10.);
#2188=VECTOR('',#8452,10.);
#2189=VECTOR('',#8455,10.);
#2190=VECTOR('',#8458,10.);
#2191=VECTOR('',#8459,10.);
#2192=VECTOR('',#8460,10.);
#2193=VECTOR('',#8465,10.);
#2194=VECTOR('',#8476,10.);
#2195=VECTOR('',#8477,1.);
#2196=VECTOR('',#8478,10.);
#2197=VECTOR('',#8479,1.);
#2198=VECTOR('',#8480,10.);
#2199=VECTOR('',#8481,10.);
#2200=VECTOR('',#8482,1.);
#2201=VECTOR('',#8483,10.);
#2202=VECTOR('',#8484,1.);
#2203=VECTOR('',#8485,1.);
#2204=VECTOR('',#8486,10.);
#2205=VECTOR('',#8487,1.);
#2206=VECTOR('',#8488,10.);
#2207=VECTOR('',#8491,1.);
#2208=VECTOR('',#8492,10.);
#2209=VECTOR('',#8493,10.);
#2210=VECTOR('',#8494,1.);
#2211=VECTOR('',#8495,10.);
#2212=VECTOR('',#8496,1.);
#2213=VECTOR('',#8497,1.);
#2214=VECTOR('',#8498,10.);
#2215=VECTOR('',#8499,1.);
#2216=VECTOR('',#8500,10.);
#2217=VECTOR('',#8501,10.);
#2218=VECTOR('',#8502,1.);
#2219=VECTOR('',#8503,10.);
#2220=VECTOR('',#8506,1.);
#2221=VECTOR('',#8507,1.);
#2222=VECTOR('',#8508,1.);
#2223=VECTOR('',#8511,1.);
#2224=VECTOR('',#8512,1.);
#2225=VECTOR('',#8513,1.);
#2226=VECTOR('',#8516,1.);
#2227=VECTOR('',#8517,1.);
#2228=VECTOR('',#8520,1.);
#2229=VECTOR('',#8527,1.);
#2230=VECTOR('',#8534,1.);
#2231=VECTOR('',#8537,1.00000000000064);
#2232=VECTOR('',#8540,1.00000000000064);
#2233=VECTOR('',#8543,1.00000000000064);
#2234=VECTOR('',#8544,1.00000000000064);
#2235=VECTOR('',#8547,1.);
#2236=VECTOR('',#8552,1.00000000000064);
#2237=VECTOR('',#8553,1.00000000000064);
#2238=VECTOR('',#8556,1.);
#2239=VECTOR('',#8561,1.00000000000064);
#2240=VECTOR('',#8564,1.00000000000064);
#2241=VECTOR('',#8567,1.00000000000064);
#2242=VECTOR('',#8570,1.00000000000064);
#2243=VECTOR('',#8577,1.);
#2244=VECTOR('',#8580,10.);
#2245=VECTOR('',#8583,1.);
#2246=VECTOR('',#8588,1.);
#2247=VECTOR('',#8591,10.);
#2248=VECTOR('',#8594,1.);
#2249=VECTOR('',#8601,1.);
#2250=VECTOR('',#8602,1.);
#2251=VECTOR('',#8603,1.);
#2252=VECTOR('',#8610,1.);
#2253=VECTOR('',#8611,1.);
#2254=VECTOR('',#8612,1.);
#2255=VECTOR('',#8619,1.);
#2256=VECTOR('',#8620,1.);
#2257=VECTOR('',#8621,1.);
#2258=VECTOR('',#8624,1.);
#2259=VECTOR('',#8627,1.);
#2260=VECTOR('',#8628,10.);
#2261=VECTOR('',#8629,10.);
#2262=VECTOR('',#8630,10.);
#2263=VECTOR('',#8633,10.);
#2264=VECTOR('',#8634,10.);
#2265=VECTOR('',#8635,10.);
#2266=VECTOR('',#8636,10.);
#2267=VECTOR('',#8641,10.);
#2268=VECTOR('',#8646,10.);
#2269=VECTOR('',#8647,1.);
#2270=VECTOR('',#8648,10.);
#2271=VECTOR('',#8651,1.);
#2272=VECTOR('',#8652,10.);
#2273=VECTOR('',#8653,10.);
#2274=VECTOR('',#8654,10.);
#2275=VECTOR('',#8659,10.);
#2276=VECTOR('',#8664,10.);
#2277=VECTOR('',#8665,10.);
#2278=VECTOR('',#8666,10.);
#2279=VECTOR('',#8675,10.);
#2280=VECTOR('',#8676,10.);
#2281=VECTOR('',#8677,10.);
#2282=VECTOR('',#8678,1.);
#2283=VECTOR('',#8683,10.);
#2284=VECTOR('',#8688,10.);
#2285=VECTOR('',#8689,10.);
#2286=VECTOR('',#8690,10.);
#2287=VECTOR('',#8695,10.);
#2288=VECTOR('',#8704,10.);
#2289=VECTOR('',#8707,1.);
#2290=VECTOR('',#8708,10.);
#2291=VECTOR('',#8709,1.);
#2292=VECTOR('',#8710,1.);
#2293=VECTOR('',#8711,10.);
#2294=VECTOR('',#8712,1.);
#2295=VECTOR('',#8715,1.);
#2296=VECTOR('',#8716,1.);
#2297=VECTOR('',#8717,10.);
#2298=VECTOR('',#8718,1.);
#2299=VECTOR('',#8719,1.);
#2300=VECTOR('',#8720,10.);
#2301=VECTOR('',#8725,1.);
#2302=VECTOR('',#8728,1.);
#2303=VECTOR('',#8735,1.);
#2304=VECTOR('',#8738,1.);
#2305=VECTOR('',#8739,1.);
#2306=VECTOR('',#8740,1.);
#2307=VECTOR('',#8745,1.);
#2308=VECTOR('',#8748,1.);
#2309=VECTOR('',#8755,1.);
#2310=VECTOR('',#8762,1.);
#2311=VECTOR('',#8765,1.);
#2312=VECTOR('',#8766,1.);
#2313=VECTOR('',#8767,1.);
#2314=VECTOR('',#8770,1.);
#2315=VECTOR('',#8771,1.);
#2316=VECTOR('',#8772,1.);
#2317=VECTOR('',#8777,1.);
#2318=VECTOR('',#8782,1.);
#2319=VECTOR('',#8783,1.);
#2320=VECTOR('',#8786,1.);
#2321=VECTOR('',#8789,1.);
#2322=VECTOR('',#8790,1.);
#2323=VECTOR('',#8795,1.);
#2324=VECTOR('',#8800,1.);
#2325=VECTOR('',#8805,1.);
#2326=VECTOR('',#8812,1.);
#2327=VECTOR('',#8817,1.);
#2328=VECTOR('',#8822,1.);
#2329=VECTOR('',#8825,1.);
#2330=VECTOR('',#8828,1.);
#2331=VECTOR('',#8835,1.);
#2332=VECTOR('',#8838,1.);
#2333=VECTOR('',#8841,1.);
#2334=VECTOR('',#8842,1.);
#2335=VECTOR('',#8847,1.);
#2336=VECTOR('',#8850,1.);
#2337=VECTOR('',#8853,1.);
#2338=VECTOR('',#8854,1.);
#2339=VECTOR('',#8857,1.);
#2340=VECTOR('',#8860,1.);
#2341=VECTOR('',#8861,1.);
#2342=VECTOR('',#8862,1.);
#2343=VECTOR('',#8867,1.);
#2344=VECTOR('',#8872,1.);
#2345=VECTOR('',#8875,1.);
#2346=VECTOR('',#8876,1.);
#2347=VECTOR('',#8879,1.);
#2348=VECTOR('',#8882,1.);
#2349=VECTOR('',#8889,1.);
#2350=VECTOR('',#8894,1.);
#2351=VECTOR('',#8899,1.);
#2352=VECTOR('',#8900,1.);
#2353=VECTOR('',#8901,1.);
#2354=VECTOR('',#8904,1.);
#2355=VECTOR('',#8905,1.);
#2356=VECTOR('',#8912,1.);
#2357=VECTOR('',#8915,1.);
#2358=VECTOR('',#8916,1.);
#2359=VECTOR('',#8919,1.);
#2360=VECTOR('',#8920,1.);
#2361=VECTOR('',#8923,1.);
#2362=VECTOR('',#8926,1.);
#2363=VECTOR('',#8927,1.);
#2364=VECTOR('',#8928,1.);
#2365=VECTOR('',#8937,1.);
#2366=VECTOR('',#8940,1.);
#2367=VECTOR('',#8945,1.);
#2368=VECTOR('',#8946,1.);
#2369=VECTOR('',#8951,1.);
#2370=VECTOR('',#8954,1.);
#2371=VECTOR('',#8955,1.);
#2372=VECTOR('',#8966,1.);
#2373=VECTOR('',#8969,1.);
#2374=VECTOR('',#8974,1.);
#2375=VECTOR('',#8979,1.);
#2376=VECTOR('',#8980,1.);
#2377=VECTOR('',#8981,1.);
#2378=VECTOR('',#8986,1.);
#2379=VECTOR('',#8989,1.);
#2380=VECTOR('',#8994,1.);
#2381=VECTOR('',#9001,1.);
#2382=VECTOR('',#9006,1.);
#2383=VECTOR('',#9007,1.);
#2384=VECTOR('',#9008,1.);
#2385=VECTOR('',#9011,1.);
#2386=VECTOR('',#9012,1.);
#2387=VECTOR('',#9013,1.);
#2388=VECTOR('',#9020,1.);
#2389=VECTOR('',#9023,1.);
#2390=VECTOR('',#9024,1.);
#2391=VECTOR('',#9027,1.);
#2392=VECTOR('',#9030,1.);
#2393=VECTOR('',#9031,1.);
#2394=VECTOR('',#9038,1.);
#2395=VECTOR('',#9041,1.);
#2396=VECTOR('',#9048,1.);
#2397=VECTOR('',#9055,1.);
#2398=VECTOR('',#9058,1.);
#2399=VECTOR('',#9063,1.);
#2400=VECTOR('',#9066,1.);
#2401=VECTOR('',#9071,1.);
#2402=VECTOR('',#9076,1.);
#2403=VECTOR('',#9079,1.);
#2404=VECTOR('',#9082,1.);
#2405=VECTOR('',#9083,1.);
#2406=VECTOR('',#9088,1.);
#2407=VECTOR('',#9091,1.);
#2408=VECTOR('',#9094,1.);
#2409=VECTOR('',#9095,1.);
#2410=VECTOR('',#9098,1.);
#2411=VECTOR('',#9101,1.);
#2412=VECTOR('',#9102,1.);
#2413=VECTOR('',#9103,1.);
#2414=VECTOR('',#9110,1.);
#2415=VECTOR('',#9113,1.);
#2416=VECTOR('',#9116,1.);
#2417=VECTOR('',#9117,1.);
#2418=VECTOR('',#9120,1.);
#2419=VECTOR('',#9125,1.);
#2420=VECTOR('',#9128,1.);
#2421=VECTOR('',#9137,1.);
#2422=VECTOR('',#9140,1.);
#2423=VECTOR('',#9141,1.);
#2424=VECTOR('',#9142,1.);
#2425=VECTOR('',#9145,1.);
#2426=VECTOR('',#9146,1.);
#2427=VECTOR('',#9151,1.);
#2428=VECTOR('',#9156,1.);
#2429=VECTOR('',#9157,1.);
#2430=VECTOR('',#9160,1.);
#2431=VECTOR('',#9161,1.);
#2432=VECTOR('',#9164,1.);
#2433=VECTOR('',#9167,1.);
#2434=VECTOR('',#9168,1.);
#2435=VECTOR('',#9169,1.);
#2436=VECTOR('',#9174,1.);
#2437=VECTOR('',#9181,1.);
#2438=VECTOR('',#9182,1.);
#2439=VECTOR('',#9187,1.);
#2440=VECTOR('',#9192,1.);
#2441=VECTOR('',#9195,1.);
#2442=VECTOR('',#9196,1.);
#2443=VECTOR('',#9201,1.);
#2444=VECTOR('',#9204,1.);
#2445=VECTOR('',#9205,1.);
#2446=VECTOR('',#9214,1.00000000000064);
#2447=VECTOR('',#9217,1.);
#2448=VECTOR('',#9220,1.00000000000064);
#2449=VECTOR('',#9221,1.);
#2450=VECTOR('',#9224,1.00000000000064);
#2451=VECTOR('',#9225,1.00000000000064);
#2452=VECTOR('',#9226,1.00000000000064);
#2453=VECTOR('',#9231,1.00000000000064);
#2454=VECTOR('',#9238,1.);
#2455=VECTOR('',#9241,1.);
#2456=VECTOR('',#9242,1.00000000000064);
#2457=VECTOR('',#9245,1.00000000000064);
#2458=VECTOR('',#9246,1.00000000000064);
#2459=VECTOR('',#9247,1.00000000000064);
#2460=VECTOR('',#9254,1.);
#2461=VECTOR('',#9259,1.);
#2462=VECTOR('',#9264,1.);
#2463=VECTOR('',#9267,1.);
#2464=VECTOR('',#9270,1.);
#2465=VECTOR('',#9273,1.);
#2466=VECTOR('',#9276,1.);
#2467=VECTOR('',#9279,1.);
#2468=VECTOR('',#9280,1.);
#2469=VECTOR('',#9289,1.00000000000064);
#2470=VECTOR('',#9290,1.);
#2471=VECTOR('',#9291,1.00000000000064);
#2472=VECTOR('',#9294,1.);
#2473=VECTOR('',#9299,1.00000000000064);
#2474=VECTOR('',#9300,1.00000000000064);
#2475=VECTOR('',#9301,1.00000000000064);
#2476=VECTOR('',#9306,1.00000000000064);
#2477=VECTOR('',#9311,1.);
#2478=VECTOR('',#9316,1.00000000000064);
#2479=VECTOR('',#9317,1.);
#2480=VECTOR('',#9320,1.00000000000064);
#2481=VECTOR('',#9321,1.00000000000064);
#2482=VECTOR('',#9322,1.00000000000064);
#2483=VECTOR('',#9329,1.);
#2484=VECTOR('',#9334,1.);
#2485=VECTOR('',#9337,1.);
#2486=VECTOR('',#9342,1.);
#2487=VECTOR('',#9343,1.);
#2488=VECTOR('',#9348,1.);
#2489=VECTOR('',#9351,1.);
#2490=VECTOR('',#9354,1.);
#2491=VECTOR('',#9355,1.);
#2492=VECTOR('',#9366,1.00000000000064);
#2493=VECTOR('',#9369,1.00000000000064);
#2494=VECTOR('',#9372,1.);
#2495=VECTOR('',#9373,1.);
#2496=VECTOR('',#9374,1.00000000000064);
#2497=VECTOR('',#9381,1.00000000000064);
#2498=VECTOR('',#9384,1.00000000000064);
#2499=VECTOR('',#9385,1.00000000000064);
#2500=VECTOR('',#9386,1.00000000000064);
#2501=VECTOR('',#9389,1.00000000000064);
#2502=VECTOR('',#9390,1.00000000000064);
#2503=VECTOR('',#9391,1.00000000000064);
#2504=VECTOR('',#9394,1.);
#2505=VECTOR('',#9397,1.);
#2506=VECTOR('',#9404,1.);
#2507=VECTOR('',#9411,1.);
#2508=VECTOR('',#9414,1.);
#2509=VECTOR('',#9417,1.);
#2510=VECTOR('',#9420,1.);
#2511=VECTOR('',#9421,1.);
#2512=VECTOR('',#9424,1.);
#2513=VECTOR('',#9425,1.);
#2514=VECTOR('',#9432,10.);
#2515=VECTOR('',#9433,10.);
#2516=VECTOR('',#9434,10.);
#2517=VECTOR('',#9435,10.);
#2518=VECTOR('',#9436,10.);
#2519=VECTOR('',#9437,10.);
#2520=VECTOR('',#9438,10.);
#2521=VECTOR('',#9439,10.);
#2522=VECTOR('',#9440,10.);
#2523=VECTOR('',#9441,10.);
#2524=VECTOR('',#9442,10.);
#2525=VECTOR('',#9443,10.);
#2526=VECTOR('',#9444,10.);
#2527=VECTOR('',#9445,10.);
#2528=VECTOR('',#9446,10.);
#2529=VECTOR('',#9447,10.);
#2530=VECTOR('',#9448,10.);
#2531=VECTOR('',#9449,10.);
#2532=VECTOR('',#9450,10.);
#2533=VECTOR('',#9451,10.);
#2534=VECTOR('',#9452,10.);
#2535=VECTOR('',#9453,10.);
#2536=VECTOR('',#9454,10.);
#2537=VECTOR('',#9455,10.);
#2538=VECTOR('',#9456,10.);
#2539=VECTOR('',#9457,10.);
#2540=VECTOR('',#9458,10.);
#2541=VECTOR('',#9459,10.);
#2542=VECTOR('',#9460,10.);
#2543=VECTOR('',#9461,10.);
#2544=VECTOR('',#9462,10.);
#2545=VECTOR('',#9463,10.);
#2546=VECTOR('',#9464,10.);
#2547=VECTOR('',#9465,10.);
#2548=VECTOR('',#9466,10.);
#2549=VECTOR('',#9467,10.);
#2550=VECTOR('',#9468,10.);
#2551=VECTOR('',#9469,10.);
#2552=VECTOR('',#9470,10.);
#2553=VECTOR('',#9471,10.);
#2554=VECTOR('',#9472,10.);
#2555=VECTOR('',#9473,10.);
#2556=VECTOR('',#9474,10.);
#2557=VECTOR('',#9475,10.);
#2558=VECTOR('',#9476,10.);
#2559=VECTOR('',#9477,10.);
#2560=VECTOR('',#9478,10.);
#2561=VECTOR('',#9479,10.);
#2562=VECTOR('',#9480,10.);
#2563=VECTOR('',#9481,10.);
#2564=VECTOR('',#9482,10.);
#2565=VECTOR('',#9483,10.);
#2566=VECTOR('',#9484,10.);
#2567=VECTOR('',#9485,10.);
#2568=VECTOR('',#9486,10.);
#2569=VECTOR('',#9487,10.);
#2570=VECTOR('',#9488,10.);
#2571=VECTOR('',#9489,10.);
#2572=VECTOR('',#9490,10.);
#2573=VECTOR('',#9491,10.);
#2574=VECTOR('',#9492,10.);
#2575=VECTOR('',#9493,10.);
#2576=VECTOR('',#9494,10.);
#2577=VECTOR('',#9495,10.);
#2578=VECTOR('',#9496,10.);
#2579=VECTOR('',#9497,10.);
#2580=VECTOR('',#9498,10.);
#2581=VECTOR('',#9499,10.);
#2582=VECTOR('',#9502,10.);
#2583=VECTOR('',#9503,10.);
#2584=VECTOR('',#9504,10.);
#2585=VECTOR('',#9507,10.);
#2586=VECTOR('',#9508,10.);
#2587=VECTOR('',#9509,10.);
#2588=VECTOR('',#9512,10.);
#2589=VECTOR('',#9513,10.);
#2590=VECTOR('',#9514,10.);
#2591=VECTOR('',#9515,10.);
#2592=VECTOR('',#9516,10.);
#2593=VECTOR('',#9519,10.);
#2594=VECTOR('',#9520,10.);
#2595=VECTOR('',#9521,10.);
#2596=VECTOR('',#9522,10.);
#2597=VECTOR('',#9525,10.);
#2598=VECTOR('',#9526,10.);
#2599=VECTOR('',#9527,10.);
#2600=VECTOR('',#9530,10.);
#2601=VECTOR('',#9531,10.);
#2602=VECTOR('',#9532,10.);
#2603=VECTOR('',#9533,10.);
#2604=VECTOR('',#9534,10.);
#2605=VECTOR('',#9537,10.);
#2606=VECTOR('',#9538,10.);
#2607=VECTOR('',#9539,10.);
#2608=VECTOR('',#9540,10.);
#2609=VECTOR('',#9543,10.);
#2610=VECTOR('',#9544,10.);
#2611=VECTOR('',#9545,10.);
#2612=VECTOR('',#9548,10.);
#2613=VECTOR('',#9549,10.);
#2614=VECTOR('',#9550,10.);
#2615=VECTOR('',#9551,10.);
#2616=VECTOR('',#9552,10.);
#2617=VECTOR('',#9555,10.);
#2618=VECTOR('',#9556,10.);
#2619=VECTOR('',#9557,10.);
#2620=VECTOR('',#9558,10.);
#2621=VECTOR('',#9561,10.);
#2622=VECTOR('',#9562,10.);
#2623=VECTOR('',#9563,10.);
#2624=VECTOR('',#9566,10.);
#2625=VECTOR('',#9567,10.);
#2626=VECTOR('',#9568,10.);
#2627=VECTOR('',#9569,10.);
#2628=VECTOR('',#9570,10.);
#2629=VECTOR('',#9573,10.);
#2630=VECTOR('',#9574,10.);
#2631=VECTOR('',#9575,10.);
#2632=VECTOR('',#9576,10.);
#2633=VECTOR('',#9579,10.);
#2634=VECTOR('',#9580,10.);
#2635=VECTOR('',#9581,10.);
#2636=VECTOR('',#9584,10.);
#2637=VECTOR('',#9585,10.);
#2638=VECTOR('',#9586,10.);
#2639=VECTOR('',#9587,10.);
#2640=VECTOR('',#9588,10.);
#2641=VECTOR('',#9591,10.);
#2642=VECTOR('',#9592,10.);
#2643=VECTOR('',#9593,10.);
#2644=VECTOR('',#9594,10.);
#2645=VECTOR('',#9597,10.);
#2646=VECTOR('',#9598,10.);
#2647=VECTOR('',#9599,10.);
#2648=VECTOR('',#9602,10.);
#2649=VECTOR('',#9603,10.);
#2650=VECTOR('',#9604,10.);
#2651=VECTOR('',#9605,10.);
#2652=VECTOR('',#9606,10.);
#2653=VECTOR('',#9609,10.);
#2654=VECTOR('',#9610,10.);
#2655=VECTOR('',#9611,10.);
#2656=VECTOR('',#9612,10.);
#2657=VECTOR('',#9615,10.);
#2658=VECTOR('',#9616,10.);
#2659=VECTOR('',#9617,10.);
#2660=VECTOR('',#9620,10.);
#2661=VECTOR('',#9621,10.);
#2662=VECTOR('',#9622,10.);
#2663=VECTOR('',#9623,10.);
#2664=VECTOR('',#9624,10.);
#2665=VECTOR('',#9627,10.);
#2666=VECTOR('',#9628,10.);
#2667=VECTOR('',#9629,10.);
#2668=VECTOR('',#9630,10.);
#2669=VECTOR('',#9633,10.);
#2670=VECTOR('',#9634,10.);
#2671=VECTOR('',#9635,10.);
#2672=VECTOR('',#9638,10.);
#2673=VECTOR('',#9639,10.);
#2674=VECTOR('',#9640,10.);
#2675=VECTOR('',#9641,10.);
#2676=VECTOR('',#9642,10.);
#2677=VECTOR('',#9645,10.);
#2678=VECTOR('',#9646,10.);
#2679=VECTOR('',#9647,10.);
#2680=VECTOR('',#9648,10.);
#2681=VECTOR('',#9651,10.);
#2682=VECTOR('',#9652,10.);
#2683=VECTOR('',#9653,10.);
#2684=VECTOR('',#9654,10.);
#2685=VECTOR('',#9655,10.);
#2686=VECTOR('',#9656,10.);
#2687=VECTOR('',#9657,10.);
#2688=VECTOR('',#9658,10.);
#2689=VECTOR('',#9659,10.);
#2690=VECTOR('',#9660,10.);
#2691=VECTOR('',#9661,10.);
#2692=VECTOR('',#9664,10.);
#2693=VECTOR('',#9667,10.);
#2694=VECTOR('',#9668,10.);
#2695=VECTOR('',#9669,10.);
#2696=VECTOR('',#9670,10.);
#2697=VECTOR('',#9671,10.);
#2698=VECTOR('',#9674,10.);
#2699=VECTOR('',#9675,10.);
#2700=VECTOR('',#9676,10.);
#2701=VECTOR('',#9677,10.);
#2702=VECTOR('',#9678,10.);
#2703=VECTOR('',#9679,10.);
#2704=VECTOR('',#9680,10.);
#2705=VECTOR('',#9681,10.);
#2706=VECTOR('',#9682,10.);
#2707=VECTOR('',#9683,10.);
#2708=VECTOR('',#9684,10.);
#2709=VECTOR('',#9685,10.);
#2710=VECTOR('',#9686,10.);
#2711=VECTOR('',#9687,10.);
#2712=VECTOR('',#9688,10.);
#2713=VECTOR('',#9689,10.);
#2714=VECTOR('',#9690,10.);
#2715=VECTOR('',#9691,10.);
#2716=VECTOR('',#9692,10.);
#2717=VECTOR('',#9693,10.);
#2718=VECTOR('',#9694,10.);
#2719=VECTOR('',#9695,10.);
#2720=VECTOR('',#9696,10.);
#2721=VECTOR('',#9697,10.);
#2722=VECTOR('',#9698,10.);
#2723=VECTOR('',#9699,10.);
#2724=VECTOR('',#9700,10.);
#2725=VECTOR('',#9701,10.);
#2726=VECTOR('',#9702,10.);
#2727=VECTOR('',#9703,10.);
#2728=VECTOR('',#9704,10.);
#2729=VECTOR('',#9705,10.);
#2730=VECTOR('',#9706,10.);
#2731=VECTOR('',#9707,10.);
#2732=VECTOR('',#9708,10.);
#2733=VECTOR('',#9711,1.);
#2734=VECTOR('',#9712,1.);
#2735=VECTOR('',#9713,1.);
#2736=VECTOR('',#9714,1.);
#2737=VECTOR('',#9723,1.);
#2738=VECTOR('',#9728,1.);
#2739=VECTOR('',#9729,1.);
#2740=VECTOR('',#9730,1.);
#2741=VECTOR('',#9731,1.);
#2742=VECTOR('',#9734,1.);
#2743=VECTOR('',#9739,1.);
#2744=VECTOR('',#9740,1.);
#2745=VECTOR('',#9741,1.);
#2746=VECTOR('',#9744,1.);
#2747=VECTOR('',#9745,1.);
#2748=VECTOR('',#9748,1.);
#2749=VECTOR('',#9749,1.);
#2750=VECTOR('',#9752,1.);
#2751=VECTOR('',#9753,1.);
#2752=VECTOR('',#9754,1.);
#2753=VECTOR('',#9755,1.);
#2754=VECTOR('',#9756,1.);
#2755=VECTOR('',#9765,10.);
#2756=VECTOR('',#9766,10.);
#2757=VECTOR('',#9767,10.);
#2758=VECTOR('',#9768,10.);
#2759=VECTOR('',#9771,10.);
#2760=VECTOR('',#9772,10.);
#2761=VECTOR('',#9773,10.);
#2762=VECTOR('',#9774,10.);
#2763=VECTOR('',#9777,10.);
#2764=VECTOR('',#9778,10.);
#2765=VECTOR('',#9781,10.);
#2766=VECTOR('',#9784,1.);
#2767=VECTOR('',#9785,10.);
#2768=VECTOR('',#9786,10.);
#2769=VECTOR('',#9787,10.);
#2770=VECTOR('',#9788,1.);
#2771=VECTOR('',#9789,10.);
#2772=VECTOR('',#9790,10.);
#2773=VECTOR('',#9791,10.);
#2774=VECTOR('',#9792,1.);
#2775=VECTOR('',#9793,10.);
#2776=VECTOR('',#9794,10.);
#2777=VECTOR('',#9795,10.);
#2778=VECTOR('',#9796,1.);
#2779=VECTOR('',#9797,10.);
#2780=VECTOR('',#9798,10.);
#2781=VECTOR('',#9799,10.);
#2782=VECTOR('',#9800,1.);
#2783=VECTOR('',#9801,10.);
#2784=VECTOR('',#9802,10.);
#2785=VECTOR('',#9803,10.);
#2786=VECTOR('',#9804,1.);
#2787=VECTOR('',#9805,10.);
#2788=VECTOR('',#9806,10.);
#2789=VECTOR('',#9807,10.);
#2790=VECTOR('',#9808,1.);
#2791=VECTOR('',#9809,10.);
#2792=VECTOR('',#9810,10.);
#2793=VECTOR('',#9811,10.);
#2794=VECTOR('',#9812,1.);
#2795=VECTOR('',#9815,1.);
#2796=VECTOR('',#9818,1.);
#2797=VECTOR('',#9821,10.);
#2798=VECTOR('',#9822,10.);
#2799=VECTOR('',#9823,10.);
#2800=VECTOR('',#9826,10.);
#2801=VECTOR('',#9827,10.);
#2802=VECTOR('',#9828,10.);
#2803=VECTOR('',#9831,10.);
#2804=VECTOR('',#9832,10.);
#2805=VECTOR('',#9837,10.);
#2806=VECTOR('',#9838,10.);
#2807=VECTOR('',#9839,10.);
#2808=VECTOR('',#9840,10.);
#2809=VECTOR('',#9843,10.);
#2810=VECTOR('',#9844,10.);
#2811=VECTOR('',#9847,10.);
#2812=VECTOR('',#9848,10.);
#2813=VECTOR('',#9853,10.);
#2814=VECTOR('',#9854,10.);
#2815=VECTOR('',#9855,10.);
#2816=VECTOR('',#9858,10.);
#2817=VECTOR('',#9859,10.);
#2818=VECTOR('',#9860,10.);
#2819=VECTOR('',#9863,10.);
#2820=VECTOR('',#9864,10.);
#2821=VECTOR('',#9869,10.);
#2822=VECTOR('',#9870,10.);
#2823=VECTOR('',#9871,10.);
#2824=VECTOR('',#9874,10.);
#2825=VECTOR('',#9875,10.);
#2826=VECTOR('',#9876,10.);
#2827=VECTOR('',#9879,10.);
#2828=VECTOR('',#9880,10.);
#2829=VECTOR('',#9885,1.);
#2830=VECTOR('',#9886,1.);
#2831=VECTOR('',#9887,0.999999999999987);
#2832=VECTOR('',#9888,1.);
#2833=VECTOR('',#9889,0.999999999999987);
#2834=VECTOR('',#9890,1.);
#2835=VECTOR('',#9891,1.);
#2836=VECTOR('',#9892,10.);
#2837=VECTOR('',#9893,10.);
#2838=VECTOR('',#9894,10.);
#2839=VECTOR('',#9895,10.);
#2840=VECTOR('',#9896,10.);
#2841=VECTOR('',#9897,10.);
#2842=VECTOR('',#9898,10.);
#2843=VECTOR('',#9899,10.);
#2844=VECTOR('',#9900,10.);
#2845=VECTOR('',#9903,10.);
#2846=VECTOR('',#9904,10.);
#2847=VECTOR('',#9905,10.);
#2848=VECTOR('',#9908,10.);
#2849=VECTOR('',#9911,10.);
#2850=VECTOR('',#9916,10.);
#2851=VECTOR('',#9917,10.);
#2852=VECTOR('',#9920,10.);
#2853=VECTOR('',#9921,10.);
#2854=VECTOR('',#9924,10.);
#2855=VECTOR('',#9929,10.);
#2856=VECTOR('',#9930,10.);
#2857=VECTOR('',#9933,10.);
#2858=VECTOR('',#9934,10.);
#2859=VECTOR('',#9937,10.);
#2860=VECTOR('',#9942,10.);
#2861=VECTOR('',#9943,10.);
#2862=VECTOR('',#9944,10.);
#2863=VECTOR('',#9945,10.);
#2864=VECTOR('',#9948,10.);
#2865=VECTOR('',#9949,10.);
#2866=VECTOR('',#9950,10.);
#2867=VECTOR('',#9953,10.);
#2868=VECTOR('',#9954,10.);
#2869=VECTOR('',#9955,10.);
#2870=VECTOR('',#9958,10.);
#2871=VECTOR('',#9961,1.);
#2872=VECTOR('',#9962,10.);
#2873=VECTOR('',#9963,10.);
#2874=VECTOR('',#9964,10.);
#2875=VECTOR('',#9965,1.);
#2876=VECTOR('',#9966,10.);
#2877=VECTOR('',#9967,10.);
#2878=VECTOR('',#9968,10.);
#2879=VECTOR('',#9969,1.);
#2880=VECTOR('',#9972,1.);
#2881=VECTOR('',#9975,1.);
#2882=VECTOR('',#9976,10.);
#2883=VECTOR('',#9977,10.);
#2884=VECTOR('',#9978,10.);
#2885=VECTOR('',#9979,1.);
#2886=VECTOR('',#9980,10.);
#2887=VECTOR('',#9981,10.);
#2888=VECTOR('',#9982,10.);
#2889=VECTOR('',#9983,1.);
#2890=VECTOR('',#9984,10.);
#2891=VECTOR('',#9985,10.);
#2892=VECTOR('',#9986,10.);
#2893=VECTOR('',#9987,1.);
#2894=VECTOR('',#9988,10.);
#2895=VECTOR('',#9989,10.);
#2896=VECTOR('',#9990,10.);
#2897=VECTOR('',#9991,1.);
#2898=VECTOR('',#9992,10.);
#2899=VECTOR('',#9993,10.);
#2900=VECTOR('',#9994,10.);
#2901=VECTOR('',#9995,1.);
#2902=VECTOR('',#9998,10.);
#2903=VECTOR('',#9999,10.);
#2904=VECTOR('',#10000,10.);
#2905=VECTOR('',#10003,10.);
#2906=VECTOR('',#10004,10.);
#2907=VECTOR('',#10005,10.);
#2908=VECTOR('',#10008,10.);
#2909=VECTOR('',#10009,10.);
#2910=VECTOR('',#10014,10.);
#2911=VECTOR('',#10015,10.);
#2912=VECTOR('',#10016,10.);
#2913=VECTOR('',#10017,10.);
#2914=VECTOR('',#10018,10.);
#2915=VECTOR('',#10019,10.);
#2916=VECTOR('',#10020,10.);
#2917=VECTOR('',#10021,10.);
#2918=VECTOR('',#10022,10.);
#2919=VECTOR('',#10023,10.);
#2920=VECTOR('',#10024,10.);
#2921=VECTOR('',#10025,10.);
#2922=VECTOR('',#10026,10.);
#2923=VECTOR('',#10027,10.);
#2924=VECTOR('',#10028,10.);
#2925=VECTOR('',#10029,1.);
#2926=VECTOR('',#10030,1.);
#2927=VECTOR('',#10031,0.999999999999987);
#2928=VECTOR('',#10032,1.);
#2929=VECTOR('',#10033,0.999999999999987);
#2930=VECTOR('',#10034,1.);
#2931=VECTOR('',#10035,1.);
#2932=VECTOR('',#10036,10.);
#2933=VECTOR('',#10037,10.);
#2934=VECTOR('',#10038,10.);
#2935=VECTOR('',#10041,10.);
#2936=VECTOR('',#10042,10.);
#2937=VECTOR('',#10045,10.);
#2938=VECTOR('',#10046,10.);
#2939=VECTOR('',#10049,10.);
#2940=VECTOR('',#10054,10.);
#2941=VECTOR('',#10055,10.);
#2942=VECTOR('',#10058,10.);
#2943=VECTOR('',#10059,10.);
#2944=VECTOR('',#10062,10.);
#2945=VECTOR('',#10067,10.);
#2946=VECTOR('',#10068,10.);
#2947=VECTOR('',#10071,10.);
#2948=VECTOR('',#10072,10.);
#2949=VECTOR('',#10075,10.);
#2950=VECTOR('',#10080,10.);
#2951=VECTOR('',#10081,10.);
#2952=VECTOR('',#10082,10.);
#2953=VECTOR('',#10085,10.);
#2954=VECTOR('',#10088,10.);
#2955=VECTOR('',#10093,10.);
#2956=VECTOR('',#10094,10.);
#2957=VECTOR('',#10097,10.);
#2958=VECTOR('',#10098,10.);
#2959=VECTOR('',#10101,10.);
#2960=VECTOR('',#10106,10.);
#2961=VECTOR('',#10107,10.);
#2962=VECTOR('',#10110,10.);
#2963=VECTOR('',#10111,10.);
#2964=VECTOR('',#10114,10.);
#2965=VECTOR('',#10119,10.);
#2966=VECTOR('',#10120,10.);
#2967=VECTOR('',#10123,10.);
#2968=VECTOR('',#10124,10.);
#2969=VECTOR('',#10125,10.);
#2970=VECTOR('',#10128,10.);
#2971=VECTOR('',#10131,10.);
#2972=VECTOR('',#10136,10.);
#2973=VECTOR('',#10137,10.);
#2974=VECTOR('',#10140,10.);
#2975=VECTOR('',#10141,10.);
#2976=VECTOR('',#10142,10.);
#2977=VECTOR('',#10145,10.);
#2978=VECTOR('',#10148,10.);
#2979=VECTOR('',#10153,10.);
#2980=VECTOR('',#10154,10.);
#2981=VECTOR('',#10157,10.);
#2982=VECTOR('',#10158,10.);
#2983=VECTOR('',#10159,10.);
#2984=VECTOR('',#10162,10.);
#2985=VECTOR('',#10165,10.);
#2986=VECTOR('',#10170,10.);
#2987=VECTOR('',#10171,10.);
#2988=VECTOR('',#10174,10.);
#2989=VECTOR('',#10175,10.);
#2990=VECTOR('',#10176,10.);
#2991=VECTOR('',#10179,10.);
#2992=VECTOR('',#10182,10.);
#2993=VECTOR('',#10187,10.);
#2994=VECTOR('',#10188,10.);
#2995=VECTOR('',#10191,10.);
#2996=VECTOR('',#10192,10.);
#2997=VECTOR('',#10193,10.);
#2998=VECTOR('',#10196,10.);
#2999=VECTOR('',#10199,10.);
#3000=VECTOR('',#10204,10.);
#3001=VECTOR('',#10205,10.);
#3002=VECTOR('',#10208,10.);
#3003=VECTOR('',#10209,10.);
#3004=VECTOR('',#10212,10.);
#3005=VECTOR('',#10213,10.);
#3006=VECTOR('',#10216,10.);
#3007=VECTOR('',#10221,10.);
#3008=VECTOR('',#10222,10.);
#3009=VECTOR('',#10225,10.);
#3010=VECTOR('',#10226,10.);
#3011=VECTOR('',#10227,10.);
#3012=VECTOR('',#10230,10.);
#3013=VECTOR('',#10233,10.);
#3014=VECTOR('',#10238,10.);
#3015=VECTOR('',#10239,10.);
#3016=VECTOR('',#10242,10.);
#3017=VECTOR('',#10243,10.);
#3018=VECTOR('',#10244,10.);
#3019=VECTOR('',#10247,10.);
#3020=VECTOR('',#10250,10.);
#3021=VECTOR('',#10255,1.);
#3022=VECTOR('',#10256,1.);
#3023=VECTOR('',#10257,1.);
#3024=VECTOR('',#10258,1.);
#3025=VECTOR('',#10261,0.999999999999485);
#3026=VECTOR('',#10262,1.);
#3027=VECTOR('',#10263,0.999999999999485);
#3028=VECTOR('',#10274,1.);
#3029=VECTOR('',#10277,1.);
#3030=VECTOR('',#10280,1.);
#3031=VECTOR('',#10281,1.);
#3032=VECTOR('',#10286,1.);
#3033=VECTOR('',#10289,1.);
#3034=VECTOR('',#10290,1.);
#3035=VECTOR('',#10291,1.);
#3036=VECTOR('',#10302,1.);
#3037=VECTOR('',#10311,10.);
#3038=VECTOR('',#10312,10.);
#3039=VECTOR('',#10313,10.);
#3040=VECTOR('',#10316,10.);
#3041=VECTOR('',#10317,10.);
#3042=VECTOR('',#10324,10.);
#3043=VECTOR('',#10325,10.);
#3044=VECTOR('',#10326,10.);
#3045=VECTOR('',#10329,10.);
#3046=VECTOR('',#10330,10.);
#3047=VECTOR('',#10337,10.);
#3048=VECTOR('',#10338,10.);
#3049=VECTOR('',#10339,10.);
#3050=VECTOR('',#10342,10.);
#3051=VECTOR('',#10343,10.);
#3052=VECTOR('',#10350,10.);
#3053=VECTOR('',#10351,10.);
#3054=VECTOR('',#10352,10.);
#3055=VECTOR('',#10355,10.);
#3056=VECTOR('',#10356,10.);
#3057=VECTOR('',#10363,10.);
#3058=VECTOR('',#10364,10.);
#3059=VECTOR('',#10365,10.);
#3060=VECTOR('',#10368,10.);
#3061=VECTOR('',#10369,10.);
#3062=VECTOR('',#10376,10.);
#3063=VECTOR('',#10377,10.);
#3064=VECTOR('',#10378,10.);
#3065=VECTOR('',#10381,10.);
#3066=VECTOR('',#10382,10.);
#3067=VECTOR('',#10389,10.);
#3068=VECTOR('',#10390,10.);
#3069=VECTOR('',#10391,10.);
#3070=VECTOR('',#10394,10.);
#3071=VECTOR('',#10395,10.);
#3072=VECTOR('',#10402,10.);
#3073=VECTOR('',#10403,10.);
#3074=VECTOR('',#10404,10.);
#3075=VECTOR('',#10407,10.);
#3076=VECTOR('',#10408,10.);
#3077=VECTOR('',#10415,1.);
#3078=VECTOR('',#10416,1.);
#3079=VECTOR('',#10417,1.);
#3080=VECTOR('',#10418,1.);
#3081=VECTOR('',#10421,0.999999999999485);
#3082=VECTOR('',#10422,1.);
#3083=VECTOR('',#10425,1.);
#3084=VECTOR('',#10426,1.);
#3085=VECTOR('',#10429,0.999999999999485);
#3086=VECTOR('',#10438,1.);
#3087=VECTOR('',#10439,1.);
#3088=VECTOR('',#10442,1.);
#3089=VECTOR('',#10443,1.);
#3090=VECTOR('',#10450,1.);
#3091=VECTOR('',#10455,1.);
#3092=VECTOR('',#10456,1.);
#3093=VECTOR('',#10459,1.);
#3094=VECTOR('',#10462,1.);
#3095=VECTOR('',#10469,1.);
#3096=VECTOR('',#10472,1.);
#3097=VERTEX_POINT('',#10483);
#3098=VERTEX_POINT('',#10484);
#3099=VERTEX_POINT('',#10486);
#3100=VERTEX_POINT('',#10488);
#3101=VERTEX_POINT('',#10492);
#3102=VERTEX_POINT('',#10493);
#3103=VERTEX_POINT('',#10495);
#3104=VERTEX_POINT('',#10497);
#3105=VERTEX_POINT('',#10501);
#3106=VERTEX_POINT('',#10503);
#3107=VERTEX_POINT('',#10507);
#3108=VERTEX_POINT('',#10508);
#3109=VERTEX_POINT('',#10513);
#3110=VERTEX_POINT('',#10514);
#3111=VERTEX_POINT('',#10516);
#3112=VERTEX_POINT('',#10518);
#3113=VERTEX_POINT('',#10522);
#3114=VERTEX_POINT('',#10524);
#3115=VERTEX_POINT('',#10528);
#3116=VERTEX_POINT('',#10530);
#3117=VERTEX_POINT('',#10534);
#3118=VERTEX_POINT('',#10535);
#3119=VERTEX_POINT('',#10537);
#3120=VERTEX_POINT('',#10539);
#3121=VERTEX_POINT('',#10543);
#3122=VERTEX_POINT('',#10545);
#3123=VERTEX_POINT('',#10549);
#3124=VERTEX_POINT('',#10551);
#3125=VERTEX_POINT('',#10558);
#3126=VERTEX_POINT('',#10560);
#3127=VERTEX_POINT('',#10562);
#3128=VERTEX_POINT('',#10564);
#3129=VERTEX_POINT('',#10567);
#3130=VERTEX_POINT('',#10569);
#3131=VERTEX_POINT('',#10571);
#3132=VERTEX_POINT('',#10574);
#3133=VERTEX_POINT('',#10576);
#3134=VERTEX_POINT('',#10578);
#3135=VERTEX_POINT('',#10582);
#3136=VERTEX_POINT('',#10583);
#3137=VERTEX_POINT('',#10586);
#3138=VERTEX_POINT('',#10588);
#3139=VERTEX_POINT('',#10590);
#3140=VERTEX_POINT('',#10593);
#3141=VERTEX_POINT('',#10595);
#3142=VERTEX_POINT('',#10597);
#3143=VERTEX_POINT('',#10600);
#3144=VERTEX_POINT('',#10602);
#3145=VERTEX_POINT('',#10606);
#3146=VERTEX_POINT('',#10608);
#3147=VERTEX_POINT('',#10612);
#3148=VERTEX_POINT('',#10614);
#3149=VERTEX_POINT('',#10623);
#3150=VERTEX_POINT('',#10625);
#3151=VERTEX_POINT('',#10629);
#3152=VERTEX_POINT('',#10631);
#3153=VERTEX_POINT('',#10639);
#3154=VERTEX_POINT('',#10641);
#3155=VERTEX_POINT('',#10643);
#3156=VERTEX_POINT('',#10645);
#3157=VERTEX_POINT('',#10649);
#3158=VERTEX_POINT('',#10651);
#3159=VERTEX_POINT('',#10653);
#3160=VERTEX_POINT('',#10655);
#3161=VERTEX_POINT('',#10668);
#3162=VERTEX_POINT('',#10670);
#3163=VERTEX_POINT('',#10672);
#3164=VERTEX_POINT('',#10674);
#3165=VERTEX_POINT('',#10676);
#3166=VERTEX_POINT('',#10678);
#3167=VERTEX_POINT('',#10681);
#3168=VERTEX_POINT('',#10683);
#3169=VERTEX_POINT('',#10685);
#3170=VERTEX_POINT('',#10687);
#3171=VERTEX_POINT('',#10689);
#3172=VERTEX_POINT('',#10691);
#3173=VERTEX_POINT('',#10695);
#3174=VERTEX_POINT('',#10697);
#3175=VERTEX_POINT('',#10699);
#3176=VERTEX_POINT('',#10701);
#3177=VERTEX_POINT('',#10705);
#3178=VERTEX_POINT('',#10707);
#3179=VERTEX_POINT('',#10709);
#3180=VERTEX_POINT('',#10711);
#3181=VERTEX_POINT('',#10715);
#3182=VERTEX_POINT('',#10717);
#3183=VERTEX_POINT('',#10719);
#3184=VERTEX_POINT('',#10721);
#3185=VERTEX_POINT('',#10726);
#3186=VERTEX_POINT('',#10727);
#3187=VERTEX_POINT('',#10729);
#3188=VERTEX_POINT('',#10731);
#3189=VERTEX_POINT('',#10735);
#3190=VERTEX_POINT('',#10736);
#3191=VERTEX_POINT('',#10738);
#3192=VERTEX_POINT('',#10740);
#3193=VERTEX_POINT('',#10744);
#3194=VERTEX_POINT('',#10746);
#3195=VERTEX_POINT('',#10750);
#3196=VERTEX_POINT('',#10752);
#3197=VERTEX_POINT('',#10756);
#3198=VERTEX_POINT('',#10757);
#3199=VERTEX_POINT('',#10759);
#3200=VERTEX_POINT('',#10761);
#3201=VERTEX_POINT('',#10765);
#3202=VERTEX_POINT('',#10767);
#3203=VERTEX_POINT('',#10771);
#3204=VERTEX_POINT('',#10773);
#3205=VERTEX_POINT('',#10780);
#3206=VERTEX_POINT('',#10781);
#3207=VERTEX_POINT('',#10783);
#3208=VERTEX_POINT('',#10785);
#3209=VERTEX_POINT('',#10789);
#3210=VERTEX_POINT('',#10791);
#3211=VERTEX_POINT('',#10795);
#3212=VERTEX_POINT('',#10797);
#3213=VERTEX_POINT('',#10801);
#3214=VERTEX_POINT('',#10803);
#3215=VERTEX_POINT('',#10807);
#3216=VERTEX_POINT('',#10809);
#3217=VERTEX_POINT('',#10814);
#3218=VERTEX_POINT('',#10817);
#3219=VERTEX_POINT('',#10824);
#3220=VERTEX_POINT('',#10827);
#3221=VERTEX_POINT('',#10831);
#3222=VERTEX_POINT('',#10832);
#3223=VERTEX_POINT('',#10834);
#3224=VERTEX_POINT('',#10836);
#3225=VERTEX_POINT('',#10840);
#3226=VERTEX_POINT('',#10842);
#3227=VERTEX_POINT('',#10846);
#3228=VERTEX_POINT('',#10848);
#3229=VERTEX_POINT('',#10852);
#3230=VERTEX_POINT('',#10853);
#3231=VERTEX_POINT('',#10855);
#3232=VERTEX_POINT('',#10857);
#3233=VERTEX_POINT('',#10861);
#3234=VERTEX_POINT('',#10863);
#3235=VERTEX_POINT('',#10867);
#3236=VERTEX_POINT('',#10869);
#3237=VERTEX_POINT('',#10873);
#3238=VERTEX_POINT('',#10875);
#3239=VERTEX_POINT('',#10879);
#3240=VERTEX_POINT('',#10881);
#3241=VERTEX_POINT('',#10885);
#3242=VERTEX_POINT('',#10887);
#3243=VERTEX_POINT('',#10891);
#3244=VERTEX_POINT('',#10897);
#3245=VERTEX_POINT('',#10901);
#3246=VERTEX_POINT('',#10903);
#3247=VERTEX_POINT('',#10909);
#3248=VERTEX_POINT('',#10911);
#3249=VERTEX_POINT('',#10915);
#3250=VERTEX_POINT('',#10917);
#3251=VERTEX_POINT('',#10923);
#3252=VERTEX_POINT('',#10929);
#3253=VERTEX_POINT('',#10933);
#3254=VERTEX_POINT('',#10934);
#3255=VERTEX_POINT('',#10936);
#3256=VERTEX_POINT('',#10938);
#3257=VERTEX_POINT('',#10945);
#3258=VERTEX_POINT('',#10946);
#3259=VERTEX_POINT('',#10948);
#3260=VERTEX_POINT('',#10950);
#3261=VERTEX_POINT('',#10959);
#3262=VERTEX_POINT('',#10961);
#3263=VERTEX_POINT('',#10965);
#3264=VERTEX_POINT('',#10967);
#3265=VERTEX_POINT('',#10973);
#3266=VERTEX_POINT('',#10979);
#3267=VERTEX_POINT('',#10983);
#3268=VERTEX_POINT('',#10987);
#3269=VERTEX_POINT('',#10989);
#3270=VERTEX_POINT('',#10993);
#3271=VERTEX_POINT('',#10995);
#3272=VERTEX_POINT('',#11002);
#3273=VERTEX_POINT('',#11004);
#3274=VERTEX_POINT('',#11011);
#3275=VERTEX_POINT('',#11017);
#3276=VERTEX_POINT('',#11019);
#3277=VERTEX_POINT('',#11028);
#3278=VERTEX_POINT('',#11038);
#3279=VERTEX_POINT('',#11045);
#3280=VERTEX_POINT('',#11046);
#3281=VERTEX_POINT('',#11048);
#3282=VERTEX_POINT('',#11050);
#3283=VERTEX_POINT('',#11054);
#3284=VERTEX_POINT('',#11056);
#3285=VERTEX_POINT('',#11060);
#3286=VERTEX_POINT('',#11062);
#3287=VERTEX_POINT('',#11066);
#3288=VERTEX_POINT('',#11067);
#3289=VERTEX_POINT('',#11069);
#3290=VERTEX_POINT('',#11071);
#3291=VERTEX_POINT('',#11075);
#3292=VERTEX_POINT('',#11077);
#3293=VERTEX_POINT('',#11081);
#3294=VERTEX_POINT('',#11083);
#3295=VERTEX_POINT('',#11087);
#3296=VERTEX_POINT('',#11089);
#3297=VERTEX_POINT('',#11093);
#3298=VERTEX_POINT('',#11095);
#3299=VERTEX_POINT('',#11099);
#3300=VERTEX_POINT('',#11101);
#3301=VERTEX_POINT('',#11105);
#3302=VERTEX_POINT('',#11111);
#3303=VERTEX_POINT('',#11115);
#3304=VERTEX_POINT('',#11117);
#3305=VERTEX_POINT('',#11123);
#3306=VERTEX_POINT('',#11125);
#3307=VERTEX_POINT('',#11129);
#3308=VERTEX_POINT('',#11131);
#3309=VERTEX_POINT('',#11137);
#3310=VERTEX_POINT('',#11143);
#3311=VERTEX_POINT('',#11147);
#3312=VERTEX_POINT('',#11148);
#3313=VERTEX_POINT('',#11150);
#3314=VERTEX_POINT('',#11152);
#3315=VERTEX_POINT('',#11159);
#3316=VERTEX_POINT('',#11160);
#3317=VERTEX_POINT('',#11162);
#3318=VERTEX_POINT('',#11164);
#3319=VERTEX_POINT('',#11173);
#3320=VERTEX_POINT('',#11175);
#3321=VERTEX_POINT('',#11179);
#3322=VERTEX_POINT('',#11181);
#3323=VERTEX_POINT('',#11187);
#3324=VERTEX_POINT('',#11193);
#3325=VERTEX_POINT('',#11197);
#3326=VERTEX_POINT('',#11201);
#3327=VERTEX_POINT('',#11203);
#3328=VERTEX_POINT('',#11207);
#3329=VERTEX_POINT('',#11209);
#3330=VERTEX_POINT('',#11216);
#3331=VERTEX_POINT('',#11218);
#3332=VERTEX_POINT('',#11225);
#3333=VERTEX_POINT('',#11231);
#3334=VERTEX_POINT('',#11233);
#3335=VERTEX_POINT('',#11237);
#3336=VERTEX_POINT('',#11239);
#3337=VERTEX_POINT('',#11243);
#3338=VERTEX_POINT('',#11246);
#3339=VERTEX_POINT('',#11252);
#3340=VERTEX_POINT('',#11262);
#3341=VERTEX_POINT('',#11269);
#3342=VERTEX_POINT('',#11270);
#3343=VERTEX_POINT('',#11272);
#3344=VERTEX_POINT('',#11274);
#3345=VERTEX_POINT('',#11276);
#3346=VERTEX_POINT('',#11278);
#3347=VERTEX_POINT('',#11282);
#3348=VERTEX_POINT('',#11283);
#3349=VERTEX_POINT('',#11288);
#3350=VERTEX_POINT('',#11292);
#3351=VERTEX_POINT('',#11294);
#3352=VERTEX_POINT('',#11298);
#3353=VERTEX_POINT('',#11302);
#3354=VERTEX_POINT('',#11304);
#3355=VERTEX_POINT('',#11312);
#3356=VERTEX_POINT('',#11316);
#3357=VERTEX_POINT('',#11320);
#3358=VERTEX_POINT('',#11329);
#3359=VERTEX_POINT('',#11336);
#3360=VERTEX_POINT('',#11337);
#3361=VERTEX_POINT('',#11339);
#3362=VERTEX_POINT('',#11341);
#3363=VERTEX_POINT('',#11343);
#3364=VERTEX_POINT('',#11345);
#3365=VERTEX_POINT('',#11349);
#3366=VERTEX_POINT('',#11350);
#3367=VERTEX_POINT('',#11355);
#3368=VERTEX_POINT('',#11359);
#3369=VERTEX_POINT('',#11361);
#3370=VERTEX_POINT('',#11365);
#3371=VERTEX_POINT('',#11369);
#3372=VERTEX_POINT('',#11371);
#3373=VERTEX_POINT('',#11379);
#3374=VERTEX_POINT('',#11383);
#3375=VERTEX_POINT('',#11387);
#3376=VERTEX_POINT('',#11396);
#3377=VERTEX_POINT('',#11403);
#3378=VERTEX_POINT('',#11404);
#3379=VERTEX_POINT('',#11406);
#3380=VERTEX_POINT('',#11408);
#3381=VERTEX_POINT('',#11412);
#3382=VERTEX_POINT('',#11414);
#3383=VERTEX_POINT('',#11418);
#3384=VERTEX_POINT('',#11420);
#3385=VERTEX_POINT('',#11424);
#3386=VERTEX_POINT('',#11426);
#3387=VERTEX_POINT('',#11430);
#3388=VERTEX_POINT('',#11432);
#3389=VERTEX_POINT('',#11440);
#3390=VERTEX_POINT('',#11442);
#3391=VERTEX_POINT('',#11446);
#3392=VERTEX_POINT('',#11448);
#3393=VERTEX_POINT('',#11464);
#3394=VERTEX_POINT('',#11465);
#3395=VERTEX_POINT('',#11467);
#3396=VERTEX_POINT('',#11469);
#3397=VERTEX_POINT('',#11471);
#3398=VERTEX_POINT('',#11473);
#3399=VERTEX_POINT('',#11475);
#3400=VERTEX_POINT('',#11477);
#3401=VERTEX_POINT('',#11479);
#3402=VERTEX_POINT('',#11481);
#3403=VERTEX_POINT('',#11483);
#3404=VERTEX_POINT('',#11485);
#3405=VERTEX_POINT('',#11487);
#3406=VERTEX_POINT('',#11489);
#3407=VERTEX_POINT('',#11491);
#3408=VERTEX_POINT('',#11493);
#3409=VERTEX_POINT('',#11495);
#3410=VERTEX_POINT('',#11497);
#3411=VERTEX_POINT('',#11499);
#3412=VERTEX_POINT('',#11501);
#3413=VERTEX_POINT('',#11503);
#3414=VERTEX_POINT('',#11505);
#3415=VERTEX_POINT('',#11507);
#3416=VERTEX_POINT('',#11509);
#3417=VERTEX_POINT('',#11511);
#3418=VERTEX_POINT('',#11513);
#3419=VERTEX_POINT('',#11515);
#3420=VERTEX_POINT('',#11517);
#3421=VERTEX_POINT('',#11519);
#3422=VERTEX_POINT('',#11521);
#3423=VERTEX_POINT('',#11523);
#3424=VERTEX_POINT('',#11525);
#3425=VERTEX_POINT('',#11527);
#3426=VERTEX_POINT('',#11529);
#3427=VERTEX_POINT('',#11531);
#3428=VERTEX_POINT('',#11533);
#3429=VERTEX_POINT('',#11535);
#3430=VERTEX_POINT('',#11537);
#3431=VERTEX_POINT('',#11539);
#3432=VERTEX_POINT('',#11541);
#3433=VERTEX_POINT('',#11543);
#3434=VERTEX_POINT('',#11545);
#3435=VERTEX_POINT('',#11547);
#3436=VERTEX_POINT('',#11549);
#3437=VERTEX_POINT('',#11551);
#3438=VERTEX_POINT('',#11553);
#3439=VERTEX_POINT('',#11555);
#3440=VERTEX_POINT('',#11557);
#3441=VERTEX_POINT('',#11559);
#3442=VERTEX_POINT('',#11561);
#3443=VERTEX_POINT('',#11563);
#3444=VERTEX_POINT('',#11565);
#3445=VERTEX_POINT('',#11567);
#3446=VERTEX_POINT('',#11569);
#3447=VERTEX_POINT('',#11571);
#3448=VERTEX_POINT('',#11573);
#3449=VERTEX_POINT('',#11575);
#3450=VERTEX_POINT('',#11577);
#3451=VERTEX_POINT('',#11579);
#3452=VERTEX_POINT('',#11581);
#3453=VERTEX_POINT('',#11583);
#3454=VERTEX_POINT('',#11585);
#3455=VERTEX_POINT('',#11587);
#3456=VERTEX_POINT('',#11589);
#3457=VERTEX_POINT('',#11591);
#3458=VERTEX_POINT('',#11593);
#3459=VERTEX_POINT('',#11595);
#3460=VERTEX_POINT('',#11597);
#3461=VERTEX_POINT('',#11601);
#3462=VERTEX_POINT('',#11603);
#3463=VERTEX_POINT('',#11607);
#3464=VERTEX_POINT('',#11609);
#3465=VERTEX_POINT('',#11613);
#3466=VERTEX_POINT('',#11615);
#3467=VERTEX_POINT('',#11617);
#3468=VERTEX_POINT('',#11619);
#3469=VERTEX_POINT('',#11623);
#3470=VERTEX_POINT('',#11625);
#3471=VERTEX_POINT('',#11627);
#3472=VERTEX_POINT('',#11631);
#3473=VERTEX_POINT('',#11633);
#3474=VERTEX_POINT('',#11637);
#3475=VERTEX_POINT('',#11639);
#3476=VERTEX_POINT('',#11641);
#3477=VERTEX_POINT('',#11643);
#3478=VERTEX_POINT('',#11647);
#3479=VERTEX_POINT('',#11649);
#3480=VERTEX_POINT('',#11651);
#3481=VERTEX_POINT('',#11655);
#3482=VERTEX_POINT('',#11657);
#3483=VERTEX_POINT('',#11661);
#3484=VERTEX_POINT('',#11663);
#3485=VERTEX_POINT('',#11665);
#3486=VERTEX_POINT('',#11667);
#3487=VERTEX_POINT('',#11671);
#3488=VERTEX_POINT('',#11673);
#3489=VERTEX_POINT('',#11675);
#3490=VERTEX_POINT('',#11679);
#3491=VERTEX_POINT('',#11681);
#3492=VERTEX_POINT('',#11685);
#3493=VERTEX_POINT('',#11687);
#3494=VERTEX_POINT('',#11689);
#3495=VERTEX_POINT('',#11691);
#3496=VERTEX_POINT('',#11695);
#3497=VERTEX_POINT('',#11697);
#3498=VERTEX_POINT('',#11699);
#3499=VERTEX_POINT('',#11703);
#3500=VERTEX_POINT('',#11705);
#3501=VERTEX_POINT('',#11709);
#3502=VERTEX_POINT('',#11711);
#3503=VERTEX_POINT('',#11713);
#3504=VERTEX_POINT('',#11715);
#3505=VERTEX_POINT('',#11719);
#3506=VERTEX_POINT('',#11721);
#3507=VERTEX_POINT('',#11723);
#3508=VERTEX_POINT('',#11727);
#3509=VERTEX_POINT('',#11729);
#3510=VERTEX_POINT('',#11733);
#3511=VERTEX_POINT('',#11735);
#3512=VERTEX_POINT('',#11737);
#3513=VERTEX_POINT('',#11739);
#3514=VERTEX_POINT('',#11743);
#3515=VERTEX_POINT('',#11745);
#3516=VERTEX_POINT('',#11747);
#3517=VERTEX_POINT('',#11751);
#3518=VERTEX_POINT('',#11753);
#3519=VERTEX_POINT('',#11757);
#3520=VERTEX_POINT('',#11759);
#3521=VERTEX_POINT('',#11761);
#3522=VERTEX_POINT('',#11763);
#3523=VERTEX_POINT('',#11767);
#3524=VERTEX_POINT('',#11769);
#3525=VERTEX_POINT('',#11771);
#3526=VERTEX_POINT('',#11775);
#3527=VERTEX_POINT('',#11777);
#3528=VERTEX_POINT('',#11781);
#3529=VERTEX_POINT('',#11783);
#3530=VERTEX_POINT('',#11785);
#3531=VERTEX_POINT('',#11787);
#3532=VERTEX_POINT('',#11791);
#3533=VERTEX_POINT('',#11793);
#3534=VERTEX_POINT('',#11795);
#3535=VERTEX_POINT('',#11799);
#3536=VERTEX_POINT('',#11801);
#3537=VERTEX_POINT('',#11803);
#3538=VERTEX_POINT('',#11805);
#3539=VERTEX_POINT('',#11807);
#3540=VERTEX_POINT('',#11809);
#3541=VERTEX_POINT('',#11811);
#3542=VERTEX_POINT('',#11813);
#3543=VERTEX_POINT('',#11815);
#3544=VERTEX_POINT('',#11817);
#3545=VERTEX_POINT('',#11821);
#3546=VERTEX_POINT('',#11823);
#3547=VERTEX_POINT('',#11825);
#3548=VERTEX_POINT('',#11827);
#3549=VERTEX_POINT('',#11829);
#3550=VERTEX_POINT('',#11831);
#3551=VERTEX_POINT('',#11833);
#3552=VERTEX_POINT('',#11835);
#3553=VERTEX_POINT('',#11839);
#3554=VERTEX_POINT('',#11842);
#3555=VERTEX_POINT('',#11845);
#3556=VERTEX_POINT('',#11848);
#3557=VERTEX_POINT('',#11851);
#3558=VERTEX_POINT('',#11854);
#3559=VERTEX_POINT('',#11857);
#3560=VERTEX_POINT('',#11860);
#3561=VERTEX_POINT('',#11863);
#3562=VERTEX_POINT('',#11866);
#3563=VERTEX_POINT('',#11869);
#3564=VERTEX_POINT('',#11872);
#3565=VERTEX_POINT('',#11875);
#3566=VERTEX_POINT('',#11878);
#3567=VERTEX_POINT('',#11881);
#3568=VERTEX_POINT('',#11884);
#3569=VERTEX_POINT('',#11889);
#3570=VERTEX_POINT('',#11891);
#3571=VERTEX_POINT('',#11893);
#3572=VERTEX_POINT('',#11899);
#3573=VERTEX_POINT('',#11904);
#3574=VERTEX_POINT('',#11906);
#3575=VERTEX_POINT('',#11908);
#3576=VERTEX_POINT('',#11912);
#3577=VERTEX_POINT('',#11916);
#3578=VERTEX_POINT('',#11918);
#3579=VERTEX_POINT('',#11922);
#3580=VERTEX_POINT('',#11926);
#3581=VERTEX_POINT('',#11931);
#3582=VERTEX_POINT('',#11933);
#3583=VERTEX_POINT('',#11935);
#3584=VERTEX_POINT('',#11942);
#3585=VERTEX_POINT('',#11943);
#3586=VERTEX_POINT('',#11945);
#3587=VERTEX_POINT('',#11947);
#3588=VERTEX_POINT('',#11951);
#3589=VERTEX_POINT('',#11952);
#3590=VERTEX_POINT('',#11954);
#3591=VERTEX_POINT('',#11956);
#3592=VERTEX_POINT('',#11965);
#3593=VERTEX_POINT('',#11967);
#3594=VERTEX_POINT('',#11969);
#3595=VERTEX_POINT('',#11971);
#3596=VERTEX_POINT('',#11973);
#3597=VERTEX_POINT('',#11975);
#3598=VERTEX_POINT('',#11977);
#3599=VERTEX_POINT('',#11979);
#3600=VERTEX_POINT('',#11981);
#3601=VERTEX_POINT('',#11983);
#3602=VERTEX_POINT('',#11985);
#3603=VERTEX_POINT('',#11987);
#3604=VERTEX_POINT('',#11989);
#3605=VERTEX_POINT('',#11991);
#3606=VERTEX_POINT('',#11993);
#3607=VERTEX_POINT('',#11995);
#3608=VERTEX_POINT('',#11997);
#3609=VERTEX_POINT('',#11999);
#3610=VERTEX_POINT('',#12001);
#3611=VERTEX_POINT('',#12003);
#3612=VERTEX_POINT('',#12005);
#3613=VERTEX_POINT('',#12007);
#3614=VERTEX_POINT('',#12009);
#3615=VERTEX_POINT('',#12011);
#3616=VERTEX_POINT('',#12013);
#3617=VERTEX_POINT('',#12015);
#3618=VERTEX_POINT('',#12017);
#3619=VERTEX_POINT('',#12019);
#3620=VERTEX_POINT('',#12021);
#3621=VERTEX_POINT('',#12023);
#3622=VERTEX_POINT('',#12025);
#3623=VERTEX_POINT('',#12027);
#3624=VERTEX_POINT('',#12031);
#3625=VERTEX_POINT('',#12033);
#3626=VERTEX_POINT('',#12037);
#3627=VERTEX_POINT('',#12039);
#3628=VERTEX_POINT('',#12047);
#3629=VERTEX_POINT('',#12048);
#3630=VERTEX_POINT('',#12050);
#3631=VERTEX_POINT('',#12052);
#3632=VERTEX_POINT('',#12063);
#3633=VERTEX_POINT('',#12065);
#3634=VERTEX_POINT('',#12069);
#3635=VERTEX_POINT('',#12071);
#3636=VERTEX_POINT('',#12079);
#3637=VERTEX_POINT('',#12081);
#3638=VERTEX_POINT('',#12085);
#3639=VERTEX_POINT('',#12087);
#3640=VERTEX_POINT('',#12095);
#3641=VERTEX_POINT('',#12097);
#3642=VERTEX_POINT('',#12099);
#3643=VERTEX_POINT('',#12101);
#3644=VERTEX_POINT('',#12103);
#3645=VERTEX_POINT('',#12105);
#3646=VERTEX_POINT('',#12108);
#3647=VERTEX_POINT('',#12110);
#3648=VERTEX_POINT('',#12113);
#3649=VERTEX_POINT('',#12115);
#3650=VERTEX_POINT('',#12118);
#3651=VERTEX_POINT('',#12120);
#3652=VERTEX_POINT('',#12124);
#3653=VERTEX_POINT('',#12125);
#3654=VERTEX_POINT('',#12135);
#3655=VERTEX_POINT('',#12139);
#3656=VERTEX_POINT('',#12146);
#3657=VERTEX_POINT('',#12150);
#3658=VERTEX_POINT('',#12157);
#3659=VERTEX_POINT('',#12158);
#3660=VERTEX_POINT('',#12160);
#3661=VERTEX_POINT('',#12162);
#3662=VERTEX_POINT('',#12166);
#3663=VERTEX_POINT('',#12168);
#3664=VERTEX_POINT('',#12172);
#3665=VERTEX_POINT('',#12174);
#3666=VERTEX_POINT('',#12180);
#3667=VERTEX_POINT('',#12182);
#3668=VERTEX_POINT('',#12184);
#3669=VERTEX_POINT('',#12186);
#3670=VERTEX_POINT('',#12188);
#3671=VERTEX_POINT('',#12190);
#3672=VERTEX_POINT('',#12192);
#3673=VERTEX_POINT('',#12194);
#3674=VERTEX_POINT('',#12196);
#3675=VERTEX_POINT('',#12198);
#3676=VERTEX_POINT('',#12200);
#3677=VERTEX_POINT('',#12202);
#3678=VERTEX_POINT('',#12204);
#3679=VERTEX_POINT('',#12206);
#3680=VERTEX_POINT('',#12208);
#3681=VERTEX_POINT('',#12210);
#3682=VERTEX_POINT('',#12212);
#3683=VERTEX_POINT('',#12214);
#3684=VERTEX_POINT('',#12216);
#3685=VERTEX_POINT('',#12218);
#3686=VERTEX_POINT('',#12220);
#3687=VERTEX_POINT('',#12222);
#3688=VERTEX_POINT('',#12224);
#3689=VERTEX_POINT('',#12226);
#3690=VERTEX_POINT('',#12228);
#3691=VERTEX_POINT('',#12230);
#3692=VERTEX_POINT('',#12232);
#3693=VERTEX_POINT('',#12234);
#3694=VERTEX_POINT('',#12236);
#3695=VERTEX_POINT('',#12238);
#3696=VERTEX_POINT('',#12240);
#3697=VERTEX_POINT('',#12242);
#3698=VERTEX_POINT('',#12246);
#3699=VERTEX_POINT('',#12248);
#3700=VERTEX_POINT('',#12252);
#3701=VERTEX_POINT('',#12254);
#3702=VERTEX_POINT('',#12262);
#3703=VERTEX_POINT('',#12264);
#3704=VERTEX_POINT('',#12267);
#3705=VERTEX_POINT('',#12269);
#3706=VERTEX_POINT('',#12272);
#3707=VERTEX_POINT('',#12274);
#3708=VERTEX_POINT('',#12277);
#3709=VERTEX_POINT('',#12279);
#3710=VERTEX_POINT('',#12282);
#3711=VERTEX_POINT('',#12284);
#3712=VERTEX_POINT('',#12287);
#3713=VERTEX_POINT('',#12289);
#3714=VERTEX_POINT('',#12291);
#3715=VERTEX_POINT('',#12293);
#3716=VERTEX_POINT('',#12295);
#3717=VERTEX_POINT('',#12297);
#3718=VERTEX_POINT('',#12300);
#3719=VERTEX_POINT('',#12302);
#3720=VERTEX_POINT('',#12306);
#3721=VERTEX_POINT('',#12310);
#3722=VERTEX_POINT('',#12317);
#3723=VERTEX_POINT('',#12321);
#3724=VERTEX_POINT('',#12328);
#3725=VERTEX_POINT('',#12332);
#3726=VERTEX_POINT('',#12339);
#3727=VERTEX_POINT('',#12341);
#3728=VERTEX_POINT('',#12350);
#3729=VERTEX_POINT('',#12354);
#3730=VERTEX_POINT('',#12361);
#3731=VERTEX_POINT('',#12365);
#3732=VERTEX_POINT('',#12372);
#3733=VERTEX_POINT('',#12376);
#3734=VERTEX_POINT('',#12378);
#3735=VERTEX_POINT('',#12387);
#3736=VERTEX_POINT('',#12391);
#3737=VERTEX_POINT('',#12393);
#3738=VERTEX_POINT('',#12402);
#3739=VERTEX_POINT('',#12406);
#3740=VERTEX_POINT('',#12408);
#3741=VERTEX_POINT('',#12417);
#3742=VERTEX_POINT('',#12421);
#3743=VERTEX_POINT('',#12423);
#3744=VERTEX_POINT('',#12432);
#3745=VERTEX_POINT('',#12436);
#3746=VERTEX_POINT('',#12438);
#3747=VERTEX_POINT('',#12447);
#3748=VERTEX_POINT('',#12451);
#3749=VERTEX_POINT('',#12455);
#3750=VERTEX_POINT('',#12462);
#3751=VERTEX_POINT('',#12466);
#3752=VERTEX_POINT('',#12468);
#3753=VERTEX_POINT('',#12477);
#3754=VERTEX_POINT('',#12481);
#3755=VERTEX_POINT('',#12483);
#3756=VERTEX_POINT('',#12493);
#3757=VERTEX_POINT('',#12495);
#3758=VERTEX_POINT('',#12499);
#3759=VERTEX_POINT('',#12501);
#3760=VERTEX_POINT('',#12509);
#3761=VERTEX_POINT('',#12511);
#3762=VERTEX_POINT('',#12515);
#3763=VERTEX_POINT('',#12519);
#3764=VERTEX_POINT('',#12523);
#3765=VERTEX_POINT('',#12525);
#3766=VERTEX_POINT('',#12533);
#3767=VERTEX_POINT('',#12539);
#3768=VERTEX_POINT('',#12541);
#3769=VERTEX_POINT('',#12550);
#3770=VERTEX_POINT('',#12552);
#3771=VERTEX_POINT('',#12561);
#3772=VERTEX_POINT('',#12563);
#3773=VERTEX_POINT('',#12572);
#3774=VERTEX_POINT('',#12574);
#3775=VERTEX_POINT('',#12583);
#3776=VERTEX_POINT('',#12585);
#3777=VERTEX_POINT('',#12594);
#3778=VERTEX_POINT('',#12596);
#3779=VERTEX_POINT('',#12605);
#3780=VERTEX_POINT('',#12607);
#3781=VERTEX_POINT('',#12616);
#3782=VERTEX_POINT('',#12618);
#3783=VERTEX_POINT('',#12627);
#3784=VERTEX_POINT('',#12629);
#3785=VERTEX_POINT('',#12634);
#3786=VERTEX_POINT('',#12638);
#3787=VERTEX_POINT('',#12647);
#3788=VERTEX_POINT('',#12651);
#3789=VERTEX_POINT('',#12657);
#3790=VERTEX_POINT('',#12661);
#3791=VERTEX_POINT('',#12665);
#3792=VERTEX_POINT('',#12667);
#3793=EDGE_CURVE('',#3097,#3098,#1243,.T.);
#3794=EDGE_CURVE('',#3099,#3098,#1244,.T.);
#3795=EDGE_CURVE('',#3100,#3099,#1245,.T.);
#3796=EDGE_CURVE('',#3097,#3100,#1246,.T.);
#3797=EDGE_CURVE('',#3101,#3102,#1247,.T.);
#3798=EDGE_CURVE('',#3103,#3101,#1248,.T.);
#3799=EDGE_CURVE('',#3104,#3103,#1249,.T.);
#3800=EDGE_CURVE('',#3104,#3102,#1250,.T.);
#3801=EDGE_CURVE('',#3105,#3101,#179,.T.);
#3802=EDGE_CURVE('',#3106,#3105,#1251,.T.);
#3803=EDGE_CURVE('',#3106,#3103,#180,.T.);
#3804=EDGE_CURVE('',#3107,#3108,#1252,.T.);
#3805=EDGE_CURVE('',#3106,#3107,#1253,.T.);
#3806=EDGE_CURVE('',#3108,#3105,#1254,.T.);
#3807=EDGE_CURVE('',#3109,#3110,#181,.T.);
#3808=EDGE_CURVE('',#3111,#3109,#1255,.T.);
#3809=EDGE_CURVE('',#3111,#3112,#182,.T.);
#3810=EDGE_CURVE('',#3112,#3110,#1256,.T.);
#3811=EDGE_CURVE('',#3113,#3109,#1257,.T.);
#3812=EDGE_CURVE('',#3114,#3113,#1258,.T.);
#3813=EDGE_CURVE('',#3111,#3114,#1259,.T.);
#3814=EDGE_CURVE('',#3115,#3113,#183,.T.);
#3815=EDGE_CURVE('',#3116,#3115,#1260,.T.);
#3816=EDGE_CURVE('',#3116,#3114,#184,.T.);
#3817=EDGE_CURVE('',#3117,#3118,#185,.T.);
#3818=EDGE_CURVE('',#3119,#3117,#1261,.T.);
#3819=EDGE_CURVE('',#3119,#3120,#186,.T.);
#3820=EDGE_CURVE('',#3120,#3118,#1262,.T.);
#3821=EDGE_CURVE('',#3121,#3117,#1263,.T.);
#3822=EDGE_CURVE('',#3122,#3121,#1264,.T.);
#3823=EDGE_CURVE('',#3119,#3122,#1265,.T.);
#3824=EDGE_CURVE('',#3123,#3121,#187,.T.);
#3825=EDGE_CURVE('',#3124,#3123,#1266,.T.);
#3826=EDGE_CURVE('',#3124,#3122,#188,.T.);
#3827=EDGE_CURVE('',#3102,#3099,#189,.T.);
#3828=EDGE_CURVE('',#3104,#3100,#190,.T.);
#3829=EDGE_CURVE('',#3116,#3125,#1267,.T.);
#3830=EDGE_CURVE('',#3126,#3125,#1268,.T.);
#3831=EDGE_CURVE('',#3126,#3127,#1269,.T.);
#3832=EDGE_CURVE('',#3127,#3128,#1270,.T.);
#3833=EDGE_CURVE('',#3128,#3120,#1271,.T.);
#3834=EDGE_CURVE('',#3124,#3129,#1272,.T.);
#3835=EDGE_CURVE('',#3129,#3130,#1273,.T.);
#3836=EDGE_CURVE('',#3130,#3131,#1274,.T.);
#3837=EDGE_CURVE('',#3131,#3097,#1275,.T.);
#3838=EDGE_CURVE('',#3132,#3107,#1276,.T.);
#3839=EDGE_CURVE('',#3132,#3133,#1277,.T.);
#3840=EDGE_CURVE('',#3134,#3133,#1278,.T.);
#3841=EDGE_CURVE('',#3134,#3112,#1279,.T.);
#3842=EDGE_CURVE('',#3135,#3136,#1280,.T.);
#3843=EDGE_CURVE('',#3136,#3115,#1281,.T.);
#3844=EDGE_CURVE('',#3110,#3137,#1282,.T.);
#3845=EDGE_CURVE('',#3137,#3138,#1283,.T.);
#3846=EDGE_CURVE('',#3138,#3139,#1284,.T.);
#3847=EDGE_CURVE('',#3139,#3108,#1285,.T.);
#3848=EDGE_CURVE('',#3140,#3098,#1286,.T.);
#3849=EDGE_CURVE('',#3140,#3141,#1287,.T.);
#3850=EDGE_CURVE('',#3142,#3141,#1288,.T.);
#3851=EDGE_CURVE('',#3142,#3123,#1289,.T.);
#3852=EDGE_CURVE('',#3118,#3143,#1290,.T.);
#3853=EDGE_CURVE('',#3144,#3143,#1291,.T.);
#3854=EDGE_CURVE('',#3144,#3135,#1292,.T.);
#3855=EDGE_CURVE('',#3132,#3145,#1293,.T.);
#3856=EDGE_CURVE('',#3107,#3146,#1294,.T.);
#3857=EDGE_CURVE('',#3145,#3146,#1295,.T.);
#3858=EDGE_CURVE('',#3108,#3147,#1296,.T.);
#3859=EDGE_CURVE('',#3139,#3148,#1297,.T.);
#3860=EDGE_CURVE('',#3147,#3148,#1298,.T.);
#3861=EDGE_CURVE('',#3132,#3139,#1299,.T.);
#3862=EDGE_CURVE('',#3148,#3145,#1300,.T.);
#3863=EDGE_CURVE('',#3146,#3147,#1301,.T.);
#3864=EDGE_CURVE('',#3145,#3149,#191,.T.);
#3865=EDGE_CURVE('',#3146,#3150,#192,.T.);
#3866=EDGE_CURVE('',#3150,#3149,#1302,.T.);
#3867=EDGE_CURVE('',#3147,#3151,#193,.T.);
#3868=EDGE_CURVE('',#3148,#3152,#194,.T.);
#3869=EDGE_CURVE('',#3151,#3152,#1303,.T.);
#3870=EDGE_CURVE('',#3152,#3149,#1304,.T.);
#3871=EDGE_CURVE('',#3150,#3151,#1305,.T.);
#3872=EDGE_CURVE('',#3149,#3153,#1306,.T.);
#3873=EDGE_CURVE('',#3150,#3154,#1307,.T.);
#3874=EDGE_CURVE('',#3154,#3155,#195,.T.);
#3875=EDGE_CURVE('',#3156,#3155,#1308,.T.);
#3876=EDGE_CURVE('',#3153,#3156,#196,.T.);
#3877=EDGE_CURVE('',#3151,#3157,#1309,.T.);
#3878=EDGE_CURVE('',#3152,#3158,#1310,.T.);
#3879=EDGE_CURVE('',#3158,#3159,#197,.T.);
#3880=EDGE_CURVE('',#3160,#3159,#1311,.T.);
#3881=EDGE_CURVE('',#3157,#3160,#198,.T.);
#3882=EDGE_CURVE('',#3158,#3153,#1312,.T.);
#3883=EDGE_CURVE('',#3154,#3157,#1313,.T.);
#3884=EDGE_CURVE('',#3159,#3156,#1314,.T.);
#3885=EDGE_CURVE('',#3155,#3160,#1315,.T.);
#3886=EDGE_CURVE('',#3161,#3126,#199,.T.);
#3887=EDGE_CURVE('',#3162,#3161,#1316,.T.);
#3888=EDGE_CURVE('',#3163,#3162,#200,.T.);
#3889=EDGE_CURVE('',#3164,#3163,#1317,.T.);
#3890=EDGE_CURVE('',#3164,#3165,#201,.T.);
#3891=EDGE_CURVE('',#3165,#3166,#1318,.T.);
#3892=EDGE_CURVE('',#3166,#3127,#202,.T.);
#3893=EDGE_CURVE('',#3167,#3144,#203,.T.);
#3894=EDGE_CURVE('',#3168,#3167,#1319,.T.);
#3895=EDGE_CURVE('',#3169,#3168,#204,.T.);
#3896=EDGE_CURVE('',#3170,#3169,#1320,.T.);
#3897=EDGE_CURVE('',#3170,#3171,#205,.T.);
#3898=EDGE_CURVE('',#3171,#3172,#1321,.T.);
#3899=EDGE_CURVE('',#3172,#3135,#206,.T.);
#3900=EDGE_CURVE('',#3128,#3173,#207,.T.);
#3901=EDGE_CURVE('',#3174,#3173,#1322,.T.);
#3902=EDGE_CURVE('',#3174,#3175,#1323,.T.);
#3903=EDGE_CURVE('',#3176,#3175,#1324,.T.);
#3904=EDGE_CURVE('',#3143,#3176,#208,.T.);
#3905=EDGE_CURVE('',#3138,#3177,#209,.T.);
#3906=EDGE_CURVE('',#3178,#3177,#1325,.T.);
#3907=EDGE_CURVE('',#3179,#3178,#1326,.T.);
#3908=EDGE_CURVE('',#3180,#3179,#1327,.T.);
#3909=EDGE_CURVE('',#3133,#3180,#210,.T.);
#3910=EDGE_CURVE('',#3130,#3181,#211,.T.);
#3911=EDGE_CURVE('',#3181,#3182,#1328,.T.);
#3912=EDGE_CURVE('',#3182,#3183,#1329,.T.);
#3913=EDGE_CURVE('',#3183,#3184,#1330,.T.);
#3914=EDGE_CURVE('',#3141,#3184,#212,.T.);
#3915=EDGE_CURVE('',#3131,#3140,#1331,.T.);
#3916=EDGE_CURVE('',#3185,#3186,#1332,.T.);
#3917=EDGE_CURVE('',#3187,#3185,#1333,.T.);
#3918=EDGE_CURVE('',#3187,#3188,#1334,.T.);
#3919=EDGE_CURVE('',#3186,#3188,#1335,.T.);
#3920=EDGE_CURVE('',#3189,#3190,#1336,.T.);
#3921=EDGE_CURVE('',#3191,#3189,#1337,.T.);
#3922=EDGE_CURVE('',#3192,#3191,#1338,.T.);
#3923=EDGE_CURVE('',#3192,#3190,#1339,.T.);
#3924=EDGE_CURVE('',#3193,#3189,#213,.T.);
#3925=EDGE_CURVE('',#3194,#3193,#1340,.T.);
#3926=EDGE_CURVE('',#3194,#3191,#214,.T.);
#3927=EDGE_CURVE('',#3195,#3193,#1341,.T.);
#3928=EDGE_CURVE('',#3196,#3195,#1342,.T.);
#3929=EDGE_CURVE('',#3194,#3196,#1343,.T.);
#3930=EDGE_CURVE('',#3197,#3198,#1344,.T.);
#3931=EDGE_CURVE('',#3199,#3198,#1345,.T.);
#3932=EDGE_CURVE('',#3200,#3199,#1346,.T.);
#3933=EDGE_CURVE('',#3197,#3200,#1347,.T.);
#3934=EDGE_CURVE('',#3201,#3199,#215,.T.);
#3935=EDGE_CURVE('',#3202,#3201,#1348,.T.);
#3936=EDGE_CURVE('',#3202,#3200,#216,.T.);
#3937=EDGE_CURVE('',#3203,#3201,#1349,.T.);
#3938=EDGE_CURVE('',#3204,#3203,#1350,.T.);
#3939=EDGE_CURVE('',#3202,#3204,#1351,.T.);
#3940=EDGE_CURVE('',#3188,#3203,#217,.T.);
#3941=EDGE_CURVE('',#3187,#3204,#218,.T.);
#3942=EDGE_CURVE('',#3205,#3206,#1352,.T.);
#3943=EDGE_CURVE('',#3207,#3205,#1353,.T.);
#3944=EDGE_CURVE('',#3208,#3207,#1354,.T.);
#3945=EDGE_CURVE('',#3208,#3206,#1355,.T.);
#3946=EDGE_CURVE('',#3209,#3205,#219,.T.);
#3947=EDGE_CURVE('',#3210,#3209,#1356,.T.);
#3948=EDGE_CURVE('',#3210,#3207,#220,.T.);
#3949=EDGE_CURVE('',#3211,#3209,#1357,.T.);
#3950=EDGE_CURVE('',#3212,#3211,#1358,.T.);
#3951=EDGE_CURVE('',#3210,#3212,#1359,.T.);
#3952=EDGE_CURVE('',#3213,#3211,#221,.T.);
#3953=EDGE_CURVE('',#3214,#3213,#1360,.T.);
#3954=EDGE_CURVE('',#3212,#3214,#222,.T.);
#3955=EDGE_CURVE('',#3190,#3215,#223,.T.);
#3956=EDGE_CURVE('',#3216,#3192,#224,.T.);
#3957=EDGE_CURVE('',#3216,#3215,#1361,.T.);
#3958=EDGE_CURVE('',#3208,#3185,#1362,.T.);
#3959=EDGE_CURVE('',#3214,#3217,#1363,.T.);
#3960=EDGE_CURVE('',#3164,#3217,#1364,.T.);
#3961=EDGE_CURVE('',#3163,#3218,#1365,.T.);
#3962=EDGE_CURVE('',#3218,#3216,#1366,.T.);
#3963=EDGE_CURVE('',#3196,#3197,#1367,.T.);
#3964=EDGE_CURVE('',#3186,#3206,#1368,.T.);
#3965=EDGE_CURVE('',#3198,#3195,#1369,.T.);
#3966=EDGE_CURVE('',#3215,#3219,#1370,.T.);
#3967=EDGE_CURVE('',#3170,#3219,#1371,.T.);
#3968=EDGE_CURVE('',#3169,#3220,#1372,.T.);
#3969=EDGE_CURVE('',#3220,#3213,#1373,.T.);
#3970=EDGE_CURVE('',#3221,#3222,#225,.T.);
#3971=EDGE_CURVE('',#3221,#3223,#1374,.T.);
#3972=EDGE_CURVE('',#3223,#3224,#226,.T.);
#3973=EDGE_CURVE('',#3222,#3224,#1375,.T.);
#3974=EDGE_CURVE('',#3225,#3222,#227,.T.);
#3975=EDGE_CURVE('',#3226,#3224,#228,.T.);
#3976=EDGE_CURVE('',#3225,#3226,#1376,.T.);
#3977=EDGE_CURVE('',#3227,#3226,#1377,.T.);
#3978=EDGE_CURVE('',#3227,#3228,#1378,.T.);
#3979=EDGE_CURVE('',#3228,#3225,#1379,.T.);
#3980=EDGE_CURVE('',#3229,#3230,#229,.T.);
#3981=EDGE_CURVE('',#3230,#3231,#1380,.T.);
#3982=EDGE_CURVE('',#3232,#3231,#230,.T.);
#3983=EDGE_CURVE('',#3229,#3232,#1381,.T.);
#3984=EDGE_CURVE('',#3229,#3233,#231,.T.);
#3985=EDGE_CURVE('',#3232,#3234,#232,.T.);
#3986=EDGE_CURVE('',#3233,#3234,#1382,.T.);
#3987=EDGE_CURVE('',#3235,#3233,#233,.T.);
#3988=EDGE_CURVE('',#3236,#3234,#234,.T.);
#3989=EDGE_CURVE('',#3235,#3236,#1383,.T.);
#3990=EDGE_CURVE('',#3237,#3230,#1384,.T.);
#3991=EDGE_CURVE('',#3237,#3238,#1385,.T.);
#3992=EDGE_CURVE('',#3238,#3231,#1386,.T.);
#3993=EDGE_CURVE('',#3239,#3236,#1387,.T.);
#3994=EDGE_CURVE('',#3239,#3240,#1388,.T.);
#3995=EDGE_CURVE('',#3240,#3235,#1389,.T.);
#3996=EDGE_CURVE('',#3221,#3241,#235,.T.);
#3997=EDGE_CURVE('',#3241,#3242,#1390,.T.);
#3998=EDGE_CURVE('',#3223,#3242,#236,.T.);
#3999=EDGE_CURVE('',#3243,#3242,#1391,.T.);
#4000=EDGE_CURVE('',#3243,#3227,#1392,.T.);
#4001=EDGE_CURVE('',#3238,#3239,#1393,.T.);
#4002=EDGE_CURVE('',#3244,#3228,#1394,.T.);
#4003=EDGE_CURVE('',#3244,#3241,#1395,.T.);
#4004=EDGE_CURVE('',#3245,#3227,#237,.T.);
#4005=EDGE_CURVE('',#3245,#3246,#1396,.T.);
#4006=EDGE_CURVE('',#3246,#3228,#238,.T.);
#4007=EDGE_CURVE('',#3237,#3240,#1397,.T.);
#4008=EDGE_CURVE('',#3247,#3237,#239,.T.);
#4009=EDGE_CURVE('',#3247,#3248,#1398,.T.);
#4010=EDGE_CURVE('',#3248,#3238,#240,.T.);
#4011=EDGE_CURVE('',#3249,#3239,#241,.T.);
#4012=EDGE_CURVE('',#3249,#3250,#1399,.T.);
#4013=EDGE_CURVE('',#3250,#3240,#242,.T.);
#4014=EDGE_CURVE('',#3244,#3243,#1400,.T.);
#4015=EDGE_CURVE('',#3251,#3243,#243,.T.);
#4016=EDGE_CURVE('',#3251,#3245,#1401,.T.);
#4017=EDGE_CURVE('',#3248,#3249,#1402,.T.);
#4018=EDGE_CURVE('',#3246,#3252,#1403,.T.);
#4019=EDGE_CURVE('',#3252,#3244,#244,.T.);
#4020=EDGE_CURVE('',#3253,#3254,#245,.T.);
#4021=EDGE_CURVE('',#3253,#3255,#1404,.T.);
#4022=EDGE_CURVE('',#3255,#3256,#246,.T.);
#4023=EDGE_CURVE('',#3254,#3256,#1405,.T.);
#4024=EDGE_CURVE('',#3254,#3245,#1406,.T.);
#4025=EDGE_CURVE('',#3256,#3246,#1407,.T.);
#4026=EDGE_CURVE('',#3257,#3258,#247,.T.);
#4027=EDGE_CURVE('',#3257,#3259,#1408,.T.);
#4028=EDGE_CURVE('',#3259,#3260,#248,.T.);
#4029=EDGE_CURVE('',#3258,#3260,#1409,.T.);
#4030=EDGE_CURVE('',#3258,#3247,#1410,.T.);
#4031=EDGE_CURVE('',#3260,#3248,#1411,.T.);
#4032=EDGE_CURVE('',#3250,#3247,#1412,.T.);
#4033=EDGE_CURVE('',#3261,#3249,#1413,.T.);
#4034=EDGE_CURVE('',#3261,#3262,#1414,.T.);
#4035=EDGE_CURVE('',#3262,#3250,#1415,.T.);
#4036=EDGE_CURVE('',#3263,#3261,#249,.T.);
#4037=EDGE_CURVE('',#3263,#3264,#1416,.T.);
#4038=EDGE_CURVE('',#3264,#3262,#250,.T.);
#4039=EDGE_CURVE('',#3252,#3251,#1417,.T.);
#4040=EDGE_CURVE('',#3265,#3251,#1418,.T.);
#4041=EDGE_CURVE('',#3265,#3253,#1419,.T.);
#4042=EDGE_CURVE('',#3259,#3263,#1420,.T.);
#4043=EDGE_CURVE('',#3266,#3184,#1421,.T.);
#4044=EDGE_CURVE('',#3142,#3266,#251,.T.);
#4045=EDGE_CURVE('',#3129,#3267,#252,.T.);
#4046=EDGE_CURVE('',#3267,#3181,#1422,.T.);
#4047=EDGE_CURVE('',#3182,#3268,#253,.T.);
#4048=EDGE_CURVE('',#3268,#3269,#1423,.T.);
#4049=EDGE_CURVE('',#3183,#3269,#254,.T.);
#4050=EDGE_CURVE('',#3270,#3266,#1424,.T.);
#4051=EDGE_CURVE('',#3271,#3270,#1425,.T.);
#4052=EDGE_CURVE('',#3267,#3271,#1426,.T.);
#4053=EDGE_CURVE('',#3268,#3255,#1427,.T.);
#4054=EDGE_CURVE('',#3253,#3269,#1428,.T.);
#4055=EDGE_CURVE('',#3272,#3271,#255,.T.);
#4056=EDGE_CURVE('',#3273,#3270,#256,.T.);
#4057=EDGE_CURVE('',#3272,#3273,#1429,.T.);
#4058=EDGE_CURVE('',#3272,#3257,#1430,.T.);
#4059=EDGE_CURVE('',#3259,#3273,#1431,.T.);
#4060=EDGE_CURVE('',#3255,#3274,#1432,.T.);
#4061=EDGE_CURVE('',#3274,#3252,#1433,.T.);
#4062=EDGE_CURVE('',#3264,#3257,#1434,.T.);
#4063=EDGE_CURVE('',#3264,#3275,#1435,.T.);
#4064=EDGE_CURVE('',#3276,#3263,#1436,.T.);
#4065=EDGE_CURVE('',#3275,#3276,#1437,.T.);
#4066=EDGE_CURVE('',#3174,#3275,#257,.T.);
#4067=EDGE_CURVE('',#3175,#3276,#258,.T.);
#4068=EDGE_CURVE('',#3274,#3265,#1438,.T.);
#4069=EDGE_CURVE('',#3168,#3277,#1439,.T.);
#4070=EDGE_CURVE('',#3220,#3277,#259,.T.);
#4071=EDGE_CURVE('',#3277,#3265,#1440,.T.);
#4072=EDGE_CURVE('',#3167,#3176,#1441,.T.);
#4073=EDGE_CURVE('',#3166,#3173,#1442,.T.);
#4074=EDGE_CURVE('',#3165,#3278,#1443,.T.);
#4075=EDGE_CURVE('',#3278,#3274,#1444,.T.);
#4076=EDGE_CURVE('',#3217,#3278,#260,.T.);
#4077=EDGE_CURVE('',#3279,#3280,#261,.T.);
#4078=EDGE_CURVE('',#3280,#3281,#1445,.T.);
#4079=EDGE_CURVE('',#3282,#3281,#262,.T.);
#4080=EDGE_CURVE('',#3279,#3282,#1446,.T.);
#4081=EDGE_CURVE('',#3283,#3280,#263,.T.);
#4082=EDGE_CURVE('',#3283,#3284,#1447,.T.);
#4083=EDGE_CURVE('',#3284,#3281,#264,.T.);
#4084=EDGE_CURVE('',#3285,#3284,#1448,.T.);
#4085=EDGE_CURVE('',#3286,#3283,#1449,.T.);
#4086=EDGE_CURVE('',#3285,#3286,#1450,.T.);
#4087=EDGE_CURVE('',#3287,#3288,#265,.T.);
#4088=EDGE_CURVE('',#3287,#3289,#1451,.T.);
#4089=EDGE_CURVE('',#3289,#3290,#266,.T.);
#4090=EDGE_CURVE('',#3288,#3290,#1452,.T.);
#4091=EDGE_CURVE('',#3287,#3291,#267,.T.);
#4092=EDGE_CURVE('',#3291,#3292,#1453,.T.);
#4093=EDGE_CURVE('',#3289,#3292,#268,.T.);
#4094=EDGE_CURVE('',#3293,#3291,#269,.T.);
#4095=EDGE_CURVE('',#3293,#3294,#1454,.T.);
#4096=EDGE_CURVE('',#3294,#3292,#270,.T.);
#4097=EDGE_CURVE('',#3295,#3288,#1455,.T.);
#4098=EDGE_CURVE('',#3296,#3290,#1456,.T.);
#4099=EDGE_CURVE('',#3295,#3296,#1457,.T.);
#4100=EDGE_CURVE('',#3297,#3294,#1458,.T.);
#4101=EDGE_CURVE('',#3298,#3293,#1459,.T.);
#4102=EDGE_CURVE('',#3297,#3298,#1460,.T.);
#4103=EDGE_CURVE('',#3279,#3299,#271,.T.);
#4104=EDGE_CURVE('',#3282,#3300,#272,.T.);
#4105=EDGE_CURVE('',#3299,#3300,#1461,.T.);
#4106=EDGE_CURVE('',#3301,#3300,#1462,.T.);
#4107=EDGE_CURVE('',#3301,#3285,#1463,.T.);
#4108=EDGE_CURVE('',#3296,#3297,#1464,.T.);
#4109=EDGE_CURVE('',#3302,#3299,#1465,.T.);
#4110=EDGE_CURVE('',#3302,#3286,#1466,.T.);
#4111=EDGE_CURVE('',#3303,#3285,#273,.T.);
#4112=EDGE_CURVE('',#3304,#3286,#274,.T.);
#4113=EDGE_CURVE('',#3303,#3304,#1467,.T.);
#4114=EDGE_CURVE('',#3295,#3298,#1468,.T.);
#4115=EDGE_CURVE('',#3305,#3295,#275,.T.);
#4116=EDGE_CURVE('',#3306,#3296,#276,.T.);
#4117=EDGE_CURVE('',#3305,#3306,#1469,.T.);
#4118=EDGE_CURVE('',#3307,#3297,#277,.T.);
#4119=EDGE_CURVE('',#3308,#3298,#278,.T.);
#4120=EDGE_CURVE('',#3307,#3308,#1470,.T.);
#4121=EDGE_CURVE('',#3302,#3301,#1471,.T.);
#4122=EDGE_CURVE('',#3309,#3301,#279,.T.);
#4123=EDGE_CURVE('',#3309,#3303,#1472,.T.);
#4124=EDGE_CURVE('',#3306,#3307,#1473,.T.);
#4125=EDGE_CURVE('',#3310,#3302,#280,.T.);
#4126=EDGE_CURVE('',#3304,#3310,#1474,.T.);
#4127=EDGE_CURVE('',#3311,#3312,#281,.T.);
#4128=EDGE_CURVE('',#3312,#3313,#1475,.T.);
#4129=EDGE_CURVE('',#3314,#3313,#282,.T.);
#4130=EDGE_CURVE('',#3311,#3314,#1476,.T.);
#4131=EDGE_CURVE('',#3312,#3303,#1477,.T.);
#4132=EDGE_CURVE('',#3313,#3304,#1478,.T.);
#4133=EDGE_CURVE('',#3315,#3316,#283,.T.);
#4134=EDGE_CURVE('',#3316,#3317,#1479,.T.);
#4135=EDGE_CURVE('',#3318,#3317,#284,.T.);
#4136=EDGE_CURVE('',#3315,#3318,#1480,.T.);
#4137=EDGE_CURVE('',#3316,#3305,#1481,.T.);
#4138=EDGE_CURVE('',#3317,#3306,#1482,.T.);
#4139=EDGE_CURVE('',#3308,#3305,#1483,.T.);
#4140=EDGE_CURVE('',#3319,#3307,#1484,.T.);
#4141=EDGE_CURVE('',#3320,#3308,#1485,.T.);
#4142=EDGE_CURVE('',#3319,#3320,#1486,.T.);
#4143=EDGE_CURVE('',#3321,#3319,#285,.T.);
#4144=EDGE_CURVE('',#3322,#3320,#286,.T.);
#4145=EDGE_CURVE('',#3321,#3322,#1487,.T.);
#4146=EDGE_CURVE('',#3310,#3309,#1488,.T.);
#4147=EDGE_CURVE('',#3323,#3311,#1489,.T.);
#4148=EDGE_CURVE('',#3323,#3309,#1490,.T.);
#4149=EDGE_CURVE('',#3318,#3321,#1491,.T.);
#4150=EDGE_CURVE('',#3137,#3324,#287,.T.);
#4151=EDGE_CURVE('',#3324,#3177,#1492,.T.);
#4152=EDGE_CURVE('',#3325,#3180,#1493,.T.);
#4153=EDGE_CURVE('',#3134,#3325,#288,.T.);
#4154=EDGE_CURVE('',#3179,#3326,#289,.T.);
#4155=EDGE_CURVE('',#3178,#3327,#290,.T.);
#4156=EDGE_CURVE('',#3326,#3327,#1494,.T.);
#4157=EDGE_CURVE('',#3325,#3328,#1495,.T.);
#4158=EDGE_CURVE('',#3328,#3329,#1496,.T.);
#4159=EDGE_CURVE('',#3329,#3324,#1497,.T.);
#4160=EDGE_CURVE('',#3326,#3314,#1498,.T.);
#4161=EDGE_CURVE('',#3311,#3327,#1499,.T.);
#4162=EDGE_CURVE('',#3330,#3328,#291,.T.);
#4163=EDGE_CURVE('',#3330,#3331,#1500,.T.);
#4164=EDGE_CURVE('',#3331,#3329,#292,.T.);
#4165=EDGE_CURVE('',#3330,#3315,#1501,.T.);
#4166=EDGE_CURVE('',#3318,#3331,#1502,.T.);
#4167=EDGE_CURVE('',#3332,#3310,#1503,.T.);
#4168=EDGE_CURVE('',#3314,#3332,#1504,.T.);
#4169=EDGE_CURVE('',#3322,#3315,#1505,.T.);
#4170=EDGE_CURVE('',#3322,#3333,#1506,.T.);
#4171=EDGE_CURVE('',#3333,#3334,#1507,.T.);
#4172=EDGE_CURVE('',#3334,#3321,#1508,.T.);
#4173=EDGE_CURVE('',#3335,#3333,#293,.T.);
#4174=EDGE_CURVE('',#3335,#3336,#1509,.T.);
#4175=EDGE_CURVE('',#3336,#3334,#294,.T.);
#4176=EDGE_CURVE('',#3136,#3337,#295,.T.);
#4177=EDGE_CURVE('',#3337,#3336,#1510,.T.);
#4178=EDGE_CURVE('',#3335,#3338,#1511,.T.);
#4179=EDGE_CURVE('',#3125,#3338,#296,.T.);
#4180=EDGE_CURVE('',#3332,#3323,#1512,.T.);
#4181=EDGE_CURVE('',#3219,#3339,#297,.T.);
#4182=EDGE_CURVE('',#3171,#3339,#1513,.T.);
#4183=EDGE_CURVE('',#3172,#3337,#1514,.T.);
#4184=EDGE_CURVE('',#3339,#3323,#1515,.T.);
#4185=EDGE_CURVE('',#3161,#3338,#1516,.T.);
#4186=EDGE_CURVE('',#3340,#3332,#1517,.T.);
#4187=EDGE_CURVE('',#3162,#3340,#1518,.T.);
#4188=EDGE_CURVE('',#3218,#3340,#298,.T.);
#4189=EDGE_CURVE('',#3341,#3342,#1519,.T.);
#4190=EDGE_CURVE('',#3341,#3343,#299,.T.);
#4191=EDGE_CURVE('',#3343,#3344,#1520,.T.);
#4192=EDGE_CURVE('',#3345,#3344,#300,.T.);
#4193=EDGE_CURVE('',#3345,#3346,#1521,.T.);
#4194=EDGE_CURVE('',#3342,#3346,#1522,.T.);
#4195=EDGE_CURVE('',#3347,#3348,#1523,.T.);
#4196=EDGE_CURVE('',#3347,#3341,#1524,.T.);
#4197=EDGE_CURVE('',#3348,#3342,#1525,.T.);
#4198=EDGE_CURVE('',#3347,#3349,#301,.T.);
#4199=EDGE_CURVE('',#3349,#3343,#1526,.T.);
#4200=EDGE_CURVE('',#3342,#3350,#302,.T.);
#4201=EDGE_CURVE('',#3346,#3351,#303,.T.);
#4202=EDGE_CURVE('',#3351,#3350,#1527,.T.);
#4203=EDGE_CURVE('',#3352,#3349,#1528,.T.);
#4204=EDGE_CURVE('',#3344,#3352,#1529,.T.);
#4205=EDGE_CURVE('',#3345,#3353,#1530,.T.);
#4206=EDGE_CURVE('',#3353,#3354,#1531,.T.);
#4207=EDGE_CURVE('',#3346,#3354,#1532,.T.);
#4208=EDGE_CURVE('',#3353,#3352,#304,.T.);
#4209=EDGE_CURVE('',#3354,#3348,#1533,.T.);
#4210=EDGE_CURVE('',#3348,#3355,#305,.T.);
#4211=EDGE_CURVE('',#3355,#3350,#1534,.T.);
#4212=EDGE_CURVE('',#3354,#3356,#306,.T.);
#4213=EDGE_CURVE('',#3351,#3356,#1535,.T.);
#4214=EDGE_CURVE('',#3351,#3357,#1536,.T.);
#4215=EDGE_CURVE('',#3197,#3357,#307,.T.);
#4216=EDGE_CURVE('',#3350,#3196,#1537,.T.);
#4217=EDGE_CURVE('',#3356,#3355,#1538,.T.);
#4218=EDGE_CURVE('',#3355,#3195,#1539,.T.);
#4219=EDGE_CURVE('',#3356,#3358,#1540,.T.);
#4220=EDGE_CURVE('',#3357,#3358,#1541,.T.);
#4221=EDGE_CURVE('',#3198,#3358,#308,.T.);
#4222=EDGE_CURVE('',#3359,#3360,#1542,.T.);
#4223=EDGE_CURVE('',#3360,#3361,#1543,.T.);
#4224=EDGE_CURVE('',#3362,#3361,#1544,.T.);
#4225=EDGE_CURVE('',#3362,#3363,#309,.T.);
#4226=EDGE_CURVE('',#3364,#3363,#1545,.T.);
#4227=EDGE_CURVE('',#3359,#3364,#310,.T.);
#4228=EDGE_CURVE('',#3365,#3366,#1546,.T.);
#4229=EDGE_CURVE('',#3366,#3360,#1547,.T.);
#4230=EDGE_CURVE('',#3365,#3359,#1548,.T.);
#4231=EDGE_CURVE('',#3365,#3367,#311,.T.);
#4232=EDGE_CURVE('',#3367,#3364,#1549,.T.);
#4233=EDGE_CURVE('',#3360,#3368,#312,.T.);
#4234=EDGE_CURVE('',#3369,#3368,#1550,.T.);
#4235=EDGE_CURVE('',#3361,#3369,#313,.T.);
#4236=EDGE_CURVE('',#3363,#3370,#1551,.T.);
#4237=EDGE_CURVE('',#3370,#3367,#1552,.T.);
#4238=EDGE_CURVE('',#3361,#3371,#1553,.T.);
#4239=EDGE_CURVE('',#3372,#3371,#1554,.T.);
#4240=EDGE_CURVE('',#3362,#3372,#1555,.T.);
#4241=EDGE_CURVE('',#3372,#3370,#314,.T.);
#4242=EDGE_CURVE('',#3371,#3366,#1556,.T.);
#4243=EDGE_CURVE('',#3366,#3373,#315,.T.);
#4244=EDGE_CURVE('',#3373,#3368,#1557,.T.);
#4245=EDGE_CURVE('',#3369,#3374,#1558,.T.);
#4246=EDGE_CURVE('',#3371,#3374,#316,.T.);
#4247=EDGE_CURVE('',#3369,#3375,#1559,.T.);
#4248=EDGE_CURVE('',#3368,#3208,#1560,.T.);
#4249=EDGE_CURVE('',#3185,#3375,#317,.T.);
#4250=EDGE_CURVE('',#3374,#3373,#1561,.T.);
#4251=EDGE_CURVE('',#3373,#3206,#1562,.T.);
#4252=EDGE_CURVE('',#3375,#3376,#1563,.T.);
#4253=EDGE_CURVE('',#3374,#3376,#1564,.T.);
#4254=EDGE_CURVE('',#3186,#3376,#318,.T.);
#4255=EDGE_CURVE('',#3377,#3378,#319,.T.);
#4256=EDGE_CURVE('',#3378,#3379,#1565,.T.);
#4257=EDGE_CURVE('',#3380,#3379,#320,.T.);
#4258=EDGE_CURVE('',#3377,#3380,#1566,.T.);
#4259=EDGE_CURVE('',#3379,#3381,#1567,.T.);
#4260=EDGE_CURVE('',#3382,#3378,#1568,.T.);
#4261=EDGE_CURVE('',#3381,#3382,#1569,.T.);
#4262=EDGE_CURVE('',#3383,#3381,#321,.T.);
#4263=EDGE_CURVE('',#3384,#3382,#322,.T.);
#4264=EDGE_CURVE('',#3383,#3384,#1570,.T.);
#4265=EDGE_CURVE('',#3385,#3377,#1571,.T.);
#4266=EDGE_CURVE('',#3386,#3380,#1572,.T.);
#4267=EDGE_CURVE('',#3385,#3386,#1573,.T.);
#4268=EDGE_CURVE('',#3387,#3383,#1574,.T.);
#4269=EDGE_CURVE('',#3388,#3384,#1575,.T.);
#4270=EDGE_CURVE('',#3387,#3388,#1576,.T.);
#4271=EDGE_CURVE('',#3386,#3387,#1577,.T.);
#4272=EDGE_CURVE('',#3385,#3388,#1578,.T.);
#4273=EDGE_CURVE('',#3389,#3385,#323,.T.);
#4274=EDGE_CURVE('',#3390,#3386,#324,.T.);
#4275=EDGE_CURVE('',#3389,#3390,#1579,.T.);
#4276=EDGE_CURVE('',#3391,#3387,#325,.T.);
#4277=EDGE_CURVE('',#3392,#3388,#326,.T.);
#4278=EDGE_CURVE('',#3391,#3392,#1580,.T.);
#4279=EDGE_CURVE('',#3390,#3391,#1581,.T.);
#4280=EDGE_CURVE('',#3392,#3389,#1582,.T.);
#4281=EDGE_CURVE('',#3097,#3389,#1583,.T.);
#4282=EDGE_CURVE('',#3098,#3390,#1584,.T.);
#4283=EDGE_CURVE('',#3140,#3391,#1585,.T.);
#4284=EDGE_CURVE('',#3131,#3392,#1586,.T.);
#4285=EDGE_CURVE('',#3393,#3394,#1587,.T.);
#4286=EDGE_CURVE('',#3393,#3395,#1588,.T.);
#4287=EDGE_CURVE('',#3396,#3395,#1589,.T.);
#4288=EDGE_CURVE('',#3397,#3396,#1590,.T.);
#4289=EDGE_CURVE('',#3398,#3397,#1591,.T.);
#4290=EDGE_CURVE('',#3398,#3399,#1592,.T.);
#4291=EDGE_CURVE('',#3400,#3399,#1593,.T.);
#4292=EDGE_CURVE('',#3401,#3400,#1594,.T.);
#4293=EDGE_CURVE('',#3402,#3401,#1595,.T.);
#4294=EDGE_CURVE('',#3402,#3403,#1596,.T.);
#4295=EDGE_CURVE('',#3404,#3403,#1597,.T.);
#4296=EDGE_CURVE('',#3405,#3404,#1598,.T.);
#4297=EDGE_CURVE('',#3406,#3405,#1599,.T.);
#4298=EDGE_CURVE('',#3406,#3407,#1600,.T.);
#4299=EDGE_CURVE('',#3408,#3407,#1601,.T.);
#4300=EDGE_CURVE('',#3409,#3408,#1602,.T.);
#4301=EDGE_CURVE('',#3410,#3409,#1603,.T.);
#4302=EDGE_CURVE('',#3410,#3411,#1604,.T.);
#4303=EDGE_CURVE('',#3412,#3411,#1605,.T.);
#4304=EDGE_CURVE('',#3413,#3412,#1606,.T.);
#4305=EDGE_CURVE('',#3414,#3413,#1607,.T.);
#4306=EDGE_CURVE('',#3414,#3415,#1608,.T.);
#4307=EDGE_CURVE('',#3416,#3415,#1609,.T.);
#4308=EDGE_CURVE('',#3417,#3416,#1610,.T.);
#4309=EDGE_CURVE('',#3418,#3417,#1611,.T.);
#4310=EDGE_CURVE('',#3418,#3419,#1612,.T.);
#4311=EDGE_CURVE('',#3420,#3419,#1613,.T.);
#4312=EDGE_CURVE('',#3421,#3420,#1614,.T.);
#4313=EDGE_CURVE('',#3422,#3421,#1615,.T.);
#4314=EDGE_CURVE('',#3422,#3423,#1616,.T.);
#4315=EDGE_CURVE('',#3424,#3423,#1617,.T.);
#4316=EDGE_CURVE('',#3425,#3424,#1618,.T.);
#4317=EDGE_CURVE('',#3426,#3425,#1619,.T.);
#4318=EDGE_CURVE('',#3426,#3427,#1620,.T.);
#4319=EDGE_CURVE('',#3427,#3428,#1621,.T.);
#4320=EDGE_CURVE('',#3429,#3428,#1622,.T.);
#4321=EDGE_CURVE('',#3429,#3430,#1623,.T.);
#4322=EDGE_CURVE('',#3430,#3431,#1624,.T.);
#4323=EDGE_CURVE('',#3432,#3431,#1625,.T.);
#4324=EDGE_CURVE('',#3433,#3432,#1626,.T.);
#4325=EDGE_CURVE('',#3434,#3433,#1627,.T.);
#4326=EDGE_CURVE('',#3434,#3435,#1628,.T.);
#4327=EDGE_CURVE('',#3436,#3435,#1629,.T.);
#4328=EDGE_CURVE('',#3437,#3436,#1630,.T.);
#4329=EDGE_CURVE('',#3438,#3437,#1631,.T.);
#4330=EDGE_CURVE('',#3438,#3439,#1632,.T.);
#4331=EDGE_CURVE('',#3440,#3439,#1633,.T.);
#4332=EDGE_CURVE('',#3441,#3440,#1634,.T.);
#4333=EDGE_CURVE('',#3442,#3441,#1635,.T.);
#4334=EDGE_CURVE('',#3442,#3443,#1636,.T.);
#4335=EDGE_CURVE('',#3444,#3443,#1637,.T.);
#4336=EDGE_CURVE('',#3445,#3444,#1638,.T.);
#4337=EDGE_CURVE('',#3446,#3445,#1639,.T.);
#4338=EDGE_CURVE('',#3446,#3447,#1640,.T.);
#4339=EDGE_CURVE('',#3448,#3447,#1641,.T.);
#4340=EDGE_CURVE('',#3449,#3448,#1642,.T.);
#4341=EDGE_CURVE('',#3450,#3449,#1643,.T.);
#4342=EDGE_CURVE('',#3450,#3451,#1644,.T.);
#4343=EDGE_CURVE('',#3452,#3451,#1645,.T.);
#4344=EDGE_CURVE('',#3453,#3452,#1646,.T.);
#4345=EDGE_CURVE('',#3454,#3453,#1647,.T.);
#4346=EDGE_CURVE('',#3454,#3455,#1648,.T.);
#4347=EDGE_CURVE('',#3456,#3455,#1649,.T.);
#4348=EDGE_CURVE('',#3457,#3456,#1650,.T.);
#4349=EDGE_CURVE('',#3458,#3457,#1651,.T.);
#4350=EDGE_CURVE('',#3458,#3459,#1652,.T.);
#4351=EDGE_CURVE('',#3460,#3459,#1653,.T.);
#4352=EDGE_CURVE('',#3394,#3460,#1654,.T.);
#4353=EDGE_CURVE('',#3428,#3461,#1655,.T.);
#4354=EDGE_CURVE('',#3462,#3461,#1656,.T.);
#4355=EDGE_CURVE('',#3462,#3429,#1657,.T.);
#4356=EDGE_CURVE('',#3460,#3463,#1658,.T.);
#4357=EDGE_CURVE('',#3464,#3463,#1659,.T.);
#4358=EDGE_CURVE('',#3394,#3464,#1660,.T.);
#4359=EDGE_CURVE('',#3395,#3465,#1661,.T.);
#4360=EDGE_CURVE('',#3466,#3465,#1662,.T.);
#4361=EDGE_CURVE('',#3466,#3467,#1663,.T.);
#4362=EDGE_CURVE('',#3467,#3468,#1664,.T.);
#4363=EDGE_CURVE('',#3396,#3468,#1665,.T.);
#4364=EDGE_CURVE('',#3459,#3469,#1666,.T.);
#4365=EDGE_CURVE('',#3470,#3469,#1667,.T.);
#4366=EDGE_CURVE('',#3470,#3471,#1668,.T.);
#4367=EDGE_CURVE('',#3463,#3471,#1669,.T.);
#4368=EDGE_CURVE('',#3456,#3472,#1670,.T.);
#4369=EDGE_CURVE('',#3473,#3472,#1671,.T.);
#4370=EDGE_CURVE('',#3457,#3473,#1672,.T.);
#4371=EDGE_CURVE('',#3399,#3474,#1673,.T.);
#4372=EDGE_CURVE('',#3475,#3474,#1674,.T.);
#4373=EDGE_CURVE('',#3475,#3476,#1675,.T.);
#4374=EDGE_CURVE('',#3476,#3477,#1676,.T.);
#4375=EDGE_CURVE('',#3400,#3477,#1677,.T.);
#4376=EDGE_CURVE('',#3455,#3478,#1678,.T.);
#4377=EDGE_CURVE('',#3479,#3478,#1679,.T.);
#4378=EDGE_CURVE('',#3479,#3480,#1680,.T.);
#4379=EDGE_CURVE('',#3472,#3480,#1681,.T.);
#4380=EDGE_CURVE('',#3452,#3481,#1682,.T.);
#4381=EDGE_CURVE('',#3482,#3481,#1683,.T.);
#4382=EDGE_CURVE('',#3453,#3482,#1684,.T.);
#4383=EDGE_CURVE('',#3403,#3483,#1685,.T.);
#4384=EDGE_CURVE('',#3484,#3483,#1686,.T.);
#4385=EDGE_CURVE('',#3484,#3485,#1687,.T.);
#4386=EDGE_CURVE('',#3485,#3486,#1688,.T.);
#4387=EDGE_CURVE('',#3404,#3486,#1689,.T.);
#4388=EDGE_CURVE('',#3451,#3487,#1690,.T.);
#4389=EDGE_CURVE('',#3488,#3487,#1691,.T.);
#4390=EDGE_CURVE('',#3488,#3489,#1692,.T.);
#4391=EDGE_CURVE('',#3481,#3489,#1693,.T.);
#4392=EDGE_CURVE('',#3448,#3490,#1694,.T.);
#4393=EDGE_CURVE('',#3491,#3490,#1695,.T.);
#4394=EDGE_CURVE('',#3449,#3491,#1696,.T.);
#4395=EDGE_CURVE('',#3407,#3492,#1697,.T.);
#4396=EDGE_CURVE('',#3493,#3492,#1698,.T.);
#4397=EDGE_CURVE('',#3493,#3494,#1699,.T.);
#4398=EDGE_CURVE('',#3494,#3495,#1700,.T.);
#4399=EDGE_CURVE('',#3408,#3495,#1701,.T.);
#4400=EDGE_CURVE('',#3447,#3496,#1702,.T.);
#4401=EDGE_CURVE('',#3497,#3496,#1703,.T.);
#4402=EDGE_CURVE('',#3497,#3498,#1704,.T.);
#4403=EDGE_CURVE('',#3490,#3498,#1705,.T.);
#4404=EDGE_CURVE('',#3444,#3499,#1706,.T.);
#4405=EDGE_CURVE('',#3500,#3499,#1707,.T.);
#4406=EDGE_CURVE('',#3445,#3500,#1708,.T.);
#4407=EDGE_CURVE('',#3411,#3501,#1709,.T.);
#4408=EDGE_CURVE('',#3502,#3501,#1710,.T.);
#4409=EDGE_CURVE('',#3502,#3503,#1711,.T.);
#4410=EDGE_CURVE('',#3503,#3504,#1712,.T.);
#4411=EDGE_CURVE('',#3412,#3504,#1713,.T.);
#4412=EDGE_CURVE('',#3443,#3505,#1714,.T.);
#4413=EDGE_CURVE('',#3506,#3505,#1715,.T.);
#4414=EDGE_CURVE('',#3506,#3507,#1716,.T.);
#4415=EDGE_CURVE('',#3499,#3507,#1717,.T.);
#4416=EDGE_CURVE('',#3440,#3508,#1718,.T.);
#4417=EDGE_CURVE('',#3509,#3508,#1719,.T.);
#4418=EDGE_CURVE('',#3441,#3509,#1720,.T.);
#4419=EDGE_CURVE('',#3415,#3510,#1721,.T.);
#4420=EDGE_CURVE('',#3511,#3510,#1722,.T.);
#4421=EDGE_CURVE('',#3511,#3512,#1723,.T.);
#4422=EDGE_CURVE('',#3512,#3513,#1724,.T.);
#4423=EDGE_CURVE('',#3416,#3513,#1725,.T.);
#4424=EDGE_CURVE('',#3439,#3514,#1726,.T.);
#4425=EDGE_CURVE('',#3515,#3514,#1727,.T.);
#4426=EDGE_CURVE('',#3515,#3516,#1728,.T.);
#4427=EDGE_CURVE('',#3508,#3516,#1729,.T.);
#4428=EDGE_CURVE('',#3436,#3517,#1730,.T.);
#4429=EDGE_CURVE('',#3518,#3517,#1731,.T.);
#4430=EDGE_CURVE('',#3437,#3518,#1732,.T.);
#4431=EDGE_CURVE('',#3419,#3519,#1733,.T.);
#4432=EDGE_CURVE('',#3520,#3519,#1734,.T.);
#4433=EDGE_CURVE('',#3520,#3521,#1735,.T.);
#4434=EDGE_CURVE('',#3521,#3522,#1736,.T.);
#4435=EDGE_CURVE('',#3420,#3522,#1737,.T.);
#4436=EDGE_CURVE('',#3435,#3523,#1738,.T.);
#4437=EDGE_CURVE('',#3524,#3523,#1739,.T.);
#4438=EDGE_CURVE('',#3524,#3525,#1740,.T.);
#4439=EDGE_CURVE('',#3517,#3525,#1741,.T.);
#4440=EDGE_CURVE('',#3432,#3526,#1742,.T.);
#4441=EDGE_CURVE('',#3527,#3526,#1743,.T.);
#4442=EDGE_CURVE('',#3433,#3527,#1744,.T.);
#4443=EDGE_CURVE('',#3423,#3528,#1745,.T.);
#4444=EDGE_CURVE('',#3529,#3528,#1746,.T.);
#4445=EDGE_CURVE('',#3529,#3530,#1747,.T.);
#4446=EDGE_CURVE('',#3530,#3531,#1748,.T.);
#4447=EDGE_CURVE('',#3424,#3531,#1749,.T.);
#4448=EDGE_CURVE('',#3431,#3532,#1750,.T.);
#4449=EDGE_CURVE('',#3533,#3532,#1751,.T.);
#4450=EDGE_CURVE('',#3533,#3534,#1752,.T.);
#4451=EDGE_CURVE('',#3526,#3534,#1753,.T.);
#4452=EDGE_CURVE('',#3461,#3535,#1754,.T.);
#4453=EDGE_CURVE('',#3536,#3535,#1755,.T.);
#4454=EDGE_CURVE('',#3537,#3536,#1756,.T.);
#4455=EDGE_CURVE('',#3538,#3537,#1757,.T.);
#4456=EDGE_CURVE('',#3539,#3538,#1758,.T.);
#4457=EDGE_CURVE('',#3540,#3539,#1759,.T.);
#4458=EDGE_CURVE('',#3541,#3540,#1760,.T.);
#4459=EDGE_CURVE('',#3542,#3541,#1761,.T.);
#4460=EDGE_CURVE('',#3543,#3542,#1762,.T.);
#4461=EDGE_CURVE('',#3544,#3543,#1763,.T.);
#4462=EDGE_CURVE('',#3462,#3544,#1764,.T.);
#4463=EDGE_CURVE('',#3545,#3543,#1765,.T.);
#4464=EDGE_CURVE('',#3546,#3545,#327,.T.);
#4465=EDGE_CURVE('',#3547,#3546,#1766,.T.);
#4466=EDGE_CURVE('',#3548,#3547,#1767,.T.);
#4467=EDGE_CURVE('',#3549,#3548,#1768,.T.);
#4468=EDGE_CURVE('',#3550,#3549,#1769,.T.);
#4469=EDGE_CURVE('',#3551,#3550,#1770,.T.);
#4470=EDGE_CURVE('',#3552,#3551,#328,.T.);
#4471=EDGE_CURVE('',#3536,#3552,#1771,.T.);
#4472=EDGE_CURVE('',#3535,#3427,#1772,.T.);
#4473=EDGE_CURVE('',#3553,#3426,#1773,.T.);
#4474=EDGE_CURVE('',#3528,#3553,#1774,.T.);
#4475=EDGE_CURVE('',#3554,#3422,#1775,.T.);
#4476=EDGE_CURVE('',#3519,#3554,#1776,.T.);
#4477=EDGE_CURVE('',#3555,#3418,#1777,.T.);
#4478=EDGE_CURVE('',#3510,#3555,#1778,.T.);
#4479=EDGE_CURVE('',#3556,#3414,#1779,.T.);
#4480=EDGE_CURVE('',#3501,#3556,#1780,.T.);
#4481=EDGE_CURVE('',#3557,#3410,#1781,.T.);
#4482=EDGE_CURVE('',#3492,#3557,#1782,.T.);
#4483=EDGE_CURVE('',#3558,#3406,#1783,.T.);
#4484=EDGE_CURVE('',#3483,#3558,#1784,.T.);
#4485=EDGE_CURVE('',#3559,#3402,#1785,.T.);
#4486=EDGE_CURVE('',#3474,#3559,#1786,.T.);
#4487=EDGE_CURVE('',#3560,#3398,#1787,.T.);
#4488=EDGE_CURVE('',#3465,#3560,#1788,.T.);
#4489=EDGE_CURVE('',#3561,#3393,#1789,.T.);
#4490=EDGE_CURVE('',#3469,#3561,#1790,.T.);
#4491=EDGE_CURVE('',#3562,#3458,#1791,.T.);
#4492=EDGE_CURVE('',#3478,#3562,#1792,.T.);
#4493=EDGE_CURVE('',#3563,#3454,#1793,.T.);
#4494=EDGE_CURVE('',#3487,#3563,#1794,.T.);
#4495=EDGE_CURVE('',#3564,#3450,#1795,.T.);
#4496=EDGE_CURVE('',#3496,#3564,#1796,.T.);
#4497=EDGE_CURVE('',#3565,#3446,#1797,.T.);
#4498=EDGE_CURVE('',#3505,#3565,#1798,.T.);
#4499=EDGE_CURVE('',#3566,#3442,#1799,.T.);
#4500=EDGE_CURVE('',#3514,#3566,#1800,.T.);
#4501=EDGE_CURVE('',#3567,#3438,#1801,.T.);
#4502=EDGE_CURVE('',#3523,#3567,#1802,.T.);
#4503=EDGE_CURVE('',#3568,#3434,#1803,.T.);
#4504=EDGE_CURVE('',#3532,#3568,#1804,.T.);
#4505=EDGE_CURVE('',#3430,#3544,#1805,.T.);
#4506=EDGE_CURVE('',#3569,#3542,#1806,.T.);
#4507=EDGE_CURVE('',#3570,#3569,#1807,.T.);
#4508=EDGE_CURVE('',#3571,#3570,#1808,.T.);
#4509=EDGE_CURVE('',#3545,#3571,#1809,.T.);
#4510=EDGE_CURVE('',#3541,#3569,#329,.T.);
#4511=EDGE_CURVE('',#3540,#3572,#330,.T.);
#4512=EDGE_CURVE('',#3569,#3572,#1810,.T.);
#4513=EDGE_CURVE('',#3552,#3573,#1811,.T.);
#4514=EDGE_CURVE('',#3573,#3574,#1812,.T.);
#4515=EDGE_CURVE('',#3574,#3575,#1813,.T.);
#4516=EDGE_CURVE('',#3575,#3537,#1814,.T.);
#4517=EDGE_CURVE('',#3551,#3576,#1815,.T.);
#4518=EDGE_CURVE('',#3576,#3573,#331,.T.);
#4519=EDGE_CURVE('',#3549,#3577,#1816,.T.);
#4520=EDGE_CURVE('',#3578,#3577,#1817,.T.);
#4521=EDGE_CURVE('',#3550,#3578,#1818,.T.);
#4522=EDGE_CURVE('',#3548,#3579,#1819,.T.);
#4523=EDGE_CURVE('',#3577,#3579,#1820,.T.);
#4524=EDGE_CURVE('',#3547,#3580,#1821,.T.);
#4525=EDGE_CURVE('',#3580,#3579,#1822,.T.);
#4526=EDGE_CURVE('',#3580,#3578,#1823,.T.);
#4527=EDGE_CURVE('',#3546,#3581,#1824,.T.);
#4528=EDGE_CURVE('',#3582,#3581,#1825,.T.);
#4529=EDGE_CURVE('',#3582,#3583,#1826,.T.);
#4530=EDGE_CURVE('',#3583,#3576,#1827,.T.);
#4531=EDGE_CURVE('',#3581,#3571,#332,.T.);
#4532=EDGE_CURVE('',#3584,#3585,#1828,.T.);
#4533=EDGE_CURVE('',#3584,#3586,#1829,.T.);
#4534=EDGE_CURVE('',#3587,#3586,#1830,.T.);
#4535=EDGE_CURVE('',#3585,#3587,#1831,.T.);
#4536=EDGE_CURVE('',#3588,#3589,#1832,.T.);
#4537=EDGE_CURVE('',#3590,#3588,#1833,.T.);
#4538=EDGE_CURVE('',#3591,#3590,#1834,.T.);
#4539=EDGE_CURVE('',#3589,#3591,#1835,.T.);
#4540=EDGE_CURVE('',#3589,#3584,#1836,.T.);
#4541=EDGE_CURVE('',#3586,#3591,#1837,.T.);
#4542=EDGE_CURVE('',#3588,#3585,#1838,.T.);
#4543=EDGE_CURVE('',#3587,#3592,#1839,.T.);
#4544=EDGE_CURVE('',#3592,#3593,#1840,.T.);
#4545=EDGE_CURVE('',#3593,#3594,#1841,.T.);
#4546=EDGE_CURVE('',#3594,#3595,#1842,.T.);
#4547=EDGE_CURVE('',#3595,#3596,#1843,.T.);
#4548=EDGE_CURVE('',#3596,#3597,#1844,.T.);
#4549=EDGE_CURVE('',#3597,#3598,#1845,.T.);
#4550=EDGE_CURVE('',#3598,#3599,#1846,.T.);
#4551=EDGE_CURVE('',#3599,#3600,#1847,.T.);
#4552=EDGE_CURVE('',#3600,#3601,#1848,.T.);
#4553=EDGE_CURVE('',#3601,#3602,#1849,.T.);
#4554=EDGE_CURVE('',#3602,#3603,#1850,.T.);
#4555=EDGE_CURVE('',#3603,#3604,#1851,.T.);
#4556=EDGE_CURVE('',#3604,#3605,#1852,.T.);
#4557=EDGE_CURVE('',#3605,#3606,#1853,.T.);
#4558=EDGE_CURVE('',#3606,#3607,#1854,.T.);
#4559=EDGE_CURVE('',#3607,#3608,#1855,.T.);
#4560=EDGE_CURVE('',#3608,#3609,#1856,.T.);
#4561=EDGE_CURVE('',#3609,#3610,#1857,.T.);
#4562=EDGE_CURVE('',#3610,#3611,#1858,.T.);
#4563=EDGE_CURVE('',#3611,#3612,#1859,.T.);
#4564=EDGE_CURVE('',#3612,#3613,#1860,.T.);
#4565=EDGE_CURVE('',#3613,#3614,#1861,.T.);
#4566=EDGE_CURVE('',#3614,#3615,#1862,.T.);
#4567=EDGE_CURVE('',#3615,#3616,#1863,.T.);
#4568=EDGE_CURVE('',#3616,#3617,#1864,.T.);
#4569=EDGE_CURVE('',#3617,#3618,#1865,.T.);
#4570=EDGE_CURVE('',#3618,#3619,#1866,.T.);
#4571=EDGE_CURVE('',#3619,#3620,#1867,.T.);
#4572=EDGE_CURVE('',#3621,#3620,#333,.T.);
#4573=EDGE_CURVE('',#3621,#3622,#1868,.T.);
#4574=EDGE_CURVE('',#3622,#3623,#334,.T.);
#4575=EDGE_CURVE('',#3623,#3590,#1869,.T.);
#4576=EDGE_CURVE('',#3624,#3594,#1870,.T.);
#4577=EDGE_CURVE('',#3624,#3625,#1871,.T.);
#4578=EDGE_CURVE('',#3595,#3625,#1872,.T.);
#4579=EDGE_CURVE('',#3593,#3626,#1873,.T.);
#4580=EDGE_CURVE('',#3627,#3592,#1874,.T.);
#4581=EDGE_CURVE('',#3626,#3627,#1875,.T.);
#4582=EDGE_CURVE('',#3626,#3624,#1876,.T.);
#4583=EDGE_CURVE('',#3625,#3627,#1877,.T.);
#4584=EDGE_CURVE('',#3628,#3629,#1878,.T.);
#4585=EDGE_CURVE('',#3629,#3630,#1879,.T.);
#4586=EDGE_CURVE('',#3631,#3630,#1880,.T.);
#4587=EDGE_CURVE('',#3628,#3631,#1881,.T.);
#4588=EDGE_CURVE('',#3598,#3628,#1882,.T.);
#4589=EDGE_CURVE('',#3599,#3631,#1883,.T.);
#4590=EDGE_CURVE('',#3629,#3597,#1884,.T.);
#4591=EDGE_CURVE('',#3630,#3596,#1885,.T.);
#4592=EDGE_CURVE('',#3632,#3602,#1886,.T.);
#4593=EDGE_CURVE('',#3632,#3633,#1887,.T.);
#4594=EDGE_CURVE('',#3603,#3633,#1888,.T.);
#4595=EDGE_CURVE('',#3601,#3634,#1889,.T.);
#4596=EDGE_CURVE('',#3635,#3600,#1890,.T.);
#4597=EDGE_CURVE('',#3634,#3635,#1891,.T.);
#4598=EDGE_CURVE('',#3634,#3632,#1892,.T.);
#4599=EDGE_CURVE('',#3633,#3635,#1893,.T.);
#4600=EDGE_CURVE('',#3636,#3605,#1894,.T.);
#4601=EDGE_CURVE('',#3637,#3604,#1895,.T.);
#4602=EDGE_CURVE('',#3636,#3637,#1896,.T.);
#4603=EDGE_CURVE('',#3606,#3638,#1897,.T.);
#4604=EDGE_CURVE('',#3638,#3639,#1898,.T.);
#4605=EDGE_CURVE('',#3607,#3639,#1899,.T.);
#4606=EDGE_CURVE('',#3638,#3636,#1900,.T.);
#4607=EDGE_CURVE('',#3639,#3637,#1901,.T.);
#4608=EDGE_CURVE('',#3640,#3623,#1902,.T.);
#4609=EDGE_CURVE('',#3640,#3641,#1903,.T.);
#4610=EDGE_CURVE('',#3642,#3641,#1904,.T.);
#4611=EDGE_CURVE('',#3643,#3642,#1905,.T.);
#4612=EDGE_CURVE('',#3643,#3644,#1906,.T.);
#4613=EDGE_CURVE('',#3645,#3644,#1907,.T.);
#4614=EDGE_CURVE('',#3645,#3620,#1908,.T.);
#4615=EDGE_CURVE('',#3619,#3646,#1909,.T.);
#4616=EDGE_CURVE('',#3646,#3647,#1910,.T.);
#4617=EDGE_CURVE('',#3647,#3616,#1911,.T.);
#4618=EDGE_CURVE('',#3615,#3648,#1912,.T.);
#4619=EDGE_CURVE('',#3648,#3649,#1913,.T.);
#4620=EDGE_CURVE('',#3649,#3612,#1914,.T.);
#4621=EDGE_CURVE('',#3611,#3650,#1915,.T.);
#4622=EDGE_CURVE('',#3650,#3651,#1916,.T.);
#4623=EDGE_CURVE('',#3651,#3608,#1917,.T.);
#4624=EDGE_CURVE('',#3652,#3653,#1918,.T.);
#4625=EDGE_CURVE('',#3652,#3651,#1919,.T.);
#4626=EDGE_CURVE('',#3653,#3650,#1920,.T.);
#4627=EDGE_CURVE('',#3609,#3652,#1921,.T.);
#4628=EDGE_CURVE('',#3653,#3610,#1922,.T.);
#4629=EDGE_CURVE('',#3654,#3613,#1923,.T.);
#4630=EDGE_CURVE('',#3654,#3649,#1924,.T.);
#4631=EDGE_CURVE('',#3614,#3655,#1925,.T.);
#4632=EDGE_CURVE('',#3655,#3648,#1926,.T.);
#4633=EDGE_CURVE('',#3655,#3654,#1927,.T.);
#4634=EDGE_CURVE('',#3656,#3617,#1928,.T.);
#4635=EDGE_CURVE('',#3656,#3647,#1929,.T.);
#4636=EDGE_CURVE('',#3618,#3657,#1930,.T.);
#4637=EDGE_CURVE('',#3657,#3646,#1931,.T.);
#4638=EDGE_CURVE('',#3657,#3656,#1932,.T.);
#4639=EDGE_CURVE('',#3658,#3659,#1933,.T.);
#4640=EDGE_CURVE('',#3658,#3660,#1934,.T.);
#4641=EDGE_CURVE('',#3661,#3660,#1935,.T.);
#4642=EDGE_CURVE('',#3659,#3661,#1936,.T.);
#4643=EDGE_CURVE('',#3659,#3662,#1937,.T.);
#4644=EDGE_CURVE('',#3663,#3661,#1938,.T.);
#4645=EDGE_CURVE('',#3662,#3663,#1939,.T.);
#4646=EDGE_CURVE('',#3664,#3658,#1940,.T.);
#4647=EDGE_CURVE('',#3665,#3664,#1941,.T.);
#4648=EDGE_CURVE('',#3660,#3665,#1942,.T.);
#4649=EDGE_CURVE('',#3663,#3665,#1943,.T.);
#4650=EDGE_CURVE('',#3664,#3666,#1944,.T.);
#4651=EDGE_CURVE('',#3666,#3667,#1945,.T.);
#4652=EDGE_CURVE('',#3667,#3668,#1946,.T.);
#4653=EDGE_CURVE('',#3668,#3669,#1947,.T.);
#4654=EDGE_CURVE('',#3669,#3670,#1948,.T.);
#4655=EDGE_CURVE('',#3670,#3671,#1949,.T.);
#4656=EDGE_CURVE('',#3671,#3672,#1950,.T.);
#4657=EDGE_CURVE('',#3672,#3673,#1951,.T.);
#4658=EDGE_CURVE('',#3673,#3674,#1952,.T.);
#4659=EDGE_CURVE('',#3674,#3675,#335,.T.);
#4660=EDGE_CURVE('',#3676,#3675,#1953,.T.);
#4661=EDGE_CURVE('',#3677,#3676,#336,.T.);
#4662=EDGE_CURVE('',#3677,#3678,#1954,.T.);
#4663=EDGE_CURVE('',#3678,#3679,#1955,.T.);
#4664=EDGE_CURVE('',#3679,#3680,#1956,.T.);
#4665=EDGE_CURVE('',#3680,#3681,#1957,.T.);
#4666=EDGE_CURVE('',#3681,#3682,#1958,.T.);
#4667=EDGE_CURVE('',#3682,#3683,#1959,.T.);
#4668=EDGE_CURVE('',#3683,#3684,#1960,.T.);
#4669=EDGE_CURVE('',#3684,#3685,#1961,.T.);
#4670=EDGE_CURVE('',#3685,#3686,#1962,.T.);
#4671=EDGE_CURVE('',#3686,#3687,#1963,.T.);
#4672=EDGE_CURVE('',#3687,#3688,#1964,.T.);
#4673=EDGE_CURVE('',#3688,#3689,#1965,.T.);
#4674=EDGE_CURVE('',#3689,#3690,#1966,.T.);
#4675=EDGE_CURVE('',#3690,#3691,#1967,.T.);
#4676=EDGE_CURVE('',#3691,#3692,#1968,.T.);
#4677=EDGE_CURVE('',#3692,#3693,#1969,.T.);
#4678=EDGE_CURVE('',#3693,#3694,#1970,.T.);
#4679=EDGE_CURVE('',#3694,#3695,#1971,.T.);
#4680=EDGE_CURVE('',#3695,#3696,#1972,.T.);
#4681=EDGE_CURVE('',#3696,#3697,#1973,.T.);
#4682=EDGE_CURVE('',#3697,#3662,#1974,.T.);
#4683=EDGE_CURVE('',#3698,#3670,#1975,.T.);
#4684=EDGE_CURVE('',#3698,#3699,#1976,.T.);
#4685=EDGE_CURVE('',#3671,#3699,#1977,.T.);
#4686=EDGE_CURVE('',#3673,#3700,#1978,.T.);
#4687=EDGE_CURVE('',#3701,#3672,#1979,.T.);
#4688=EDGE_CURVE('',#3700,#3701,#1980,.T.);
#4689=EDGE_CURVE('',#3700,#3698,#1981,.T.);
#4690=EDGE_CURVE('',#3699,#3701,#1982,.T.);
#4691=EDGE_CURVE('',#3697,#3702,#1983,.T.);
#4692=EDGE_CURVE('',#3702,#3703,#1984,.T.);
#4693=EDGE_CURVE('',#3703,#3694,#1985,.T.);
#4694=EDGE_CURVE('',#3693,#3704,#1986,.T.);
#4695=EDGE_CURVE('',#3704,#3705,#1987,.T.);
#4696=EDGE_CURVE('',#3705,#3690,#1988,.T.);
#4697=EDGE_CURVE('',#3689,#3706,#1989,.T.);
#4698=EDGE_CURVE('',#3706,#3707,#1990,.T.);
#4699=EDGE_CURVE('',#3707,#3686,#1991,.T.);
#4700=EDGE_CURVE('',#3685,#3708,#1992,.T.);
#4701=EDGE_CURVE('',#3708,#3709,#1993,.T.);
#4702=EDGE_CURVE('',#3709,#3682,#1994,.T.);
#4703=EDGE_CURVE('',#3681,#3710,#1995,.T.);
#4704=EDGE_CURVE('',#3710,#3711,#1996,.T.);
#4705=EDGE_CURVE('',#3711,#3678,#1997,.T.);
#4706=EDGE_CURVE('',#3677,#3712,#1998,.T.);
#4707=EDGE_CURVE('',#3712,#3713,#1999,.T.);
#4708=EDGE_CURVE('',#3713,#3714,#2000,.T.);
#4709=EDGE_CURVE('',#3714,#3715,#2001,.T.);
#4710=EDGE_CURVE('',#3716,#3715,#2002,.T.);
#4711=EDGE_CURVE('',#3716,#3717,#2003,.T.);
#4712=EDGE_CURVE('',#3674,#3717,#2004,.T.);
#4713=EDGE_CURVE('',#3669,#3718,#2005,.T.);
#4714=EDGE_CURVE('',#3718,#3719,#2006,.T.);
#4715=EDGE_CURVE('',#3719,#3666,#2007,.T.);
#4716=EDGE_CURVE('',#3719,#3720,#2008,.T.);
#4717=EDGE_CURVE('',#3667,#3720,#2009,.T.);
#4718=EDGE_CURVE('',#3721,#3668,#2010,.T.);
#4719=EDGE_CURVE('',#3718,#3721,#2011,.T.);
#4720=EDGE_CURVE('',#3720,#3721,#2012,.T.);
#4721=EDGE_CURVE('',#3703,#3722,#2013,.T.);
#4722=EDGE_CURVE('',#3695,#3722,#2014,.T.);
#4723=EDGE_CURVE('',#3723,#3696,#2015,.T.);
#4724=EDGE_CURVE('',#3702,#3723,#2016,.T.);
#4725=EDGE_CURVE('',#3722,#3723,#2017,.T.);
#4726=EDGE_CURVE('',#3692,#3724,#2018,.T.);
#4727=EDGE_CURVE('',#3704,#3724,#2019,.T.);
#4728=EDGE_CURVE('',#3705,#3725,#2020,.T.);
#4729=EDGE_CURVE('',#3725,#3691,#2021,.T.);
#4730=EDGE_CURVE('',#3724,#3725,#2022,.T.);
#4731=EDGE_CURVE('',#3706,#3726,#2023,.T.);
#4732=EDGE_CURVE('',#3726,#3727,#2024,.T.);
#4733=EDGE_CURVE('',#3707,#3727,#2025,.T.);
#4734=EDGE_CURVE('',#3688,#3726,#2026,.T.);
#4735=EDGE_CURVE('',#3727,#3687,#2027,.T.);
#4736=EDGE_CURVE('',#3684,#3728,#2028,.T.);
#4737=EDGE_CURVE('',#3708,#3728,#2029,.T.);
#4738=EDGE_CURVE('',#3709,#3729,#2030,.T.);
#4739=EDGE_CURVE('',#3729,#3683,#2031,.T.);
#4740=EDGE_CURVE('',#3728,#3729,#2032,.T.);
#4741=EDGE_CURVE('',#3680,#3730,#2033,.T.);
#4742=EDGE_CURVE('',#3710,#3730,#2034,.T.);
#4743=EDGE_CURVE('',#3711,#3731,#2035,.T.);
#4744=EDGE_CURVE('',#3731,#3679,#2036,.T.);
#4745=EDGE_CURVE('',#3730,#3731,#2037,.T.);
#4746=EDGE_CURVE('',#3553,#3732,#2038,.T.);
#4747=EDGE_CURVE('',#3529,#3732,#2039,.T.);
#4748=EDGE_CURVE('',#3425,#3733,#2040,.T.);
#4749=EDGE_CURVE('',#3733,#3734,#2041,.T.);
#4750=EDGE_CURVE('',#3732,#3734,#2042,.T.);
#4751=EDGE_CURVE('',#3531,#3733,#2043,.T.);
#4752=EDGE_CURVE('',#3734,#3530,#2044,.T.);
#4753=EDGE_CURVE('',#3554,#3735,#2045,.T.);
#4754=EDGE_CURVE('',#3520,#3735,#2046,.T.);
#4755=EDGE_CURVE('',#3421,#3736,#2047,.T.);
#4756=EDGE_CURVE('',#3736,#3737,#2048,.T.);
#4757=EDGE_CURVE('',#3735,#3737,#2049,.T.);
#4758=EDGE_CURVE('',#3522,#3736,#2050,.T.);
#4759=EDGE_CURVE('',#3737,#3521,#2051,.T.);
#4760=EDGE_CURVE('',#3555,#3738,#2052,.T.);
#4761=EDGE_CURVE('',#3511,#3738,#2053,.T.);
#4762=EDGE_CURVE('',#3417,#3739,#2054,.T.);
#4763=EDGE_CURVE('',#3739,#3740,#2055,.T.);
#4764=EDGE_CURVE('',#3738,#3740,#2056,.T.);
#4765=EDGE_CURVE('',#3513,#3739,#2057,.T.);
#4766=EDGE_CURVE('',#3740,#3512,#2058,.T.);
#4767=EDGE_CURVE('',#3556,#3741,#2059,.T.);
#4768=EDGE_CURVE('',#3502,#3741,#2060,.T.);
#4769=EDGE_CURVE('',#3413,#3742,#2061,.T.);
#4770=EDGE_CURVE('',#3742,#3743,#2062,.T.);
#4771=EDGE_CURVE('',#3741,#3743,#2063,.T.);
#4772=EDGE_CURVE('',#3504,#3742,#2064,.T.);
#4773=EDGE_CURVE('',#3743,#3503,#2065,.T.);
#4774=EDGE_CURVE('',#3744,#3557,#2066,.T.);
#4775=EDGE_CURVE('',#3493,#3744,#2067,.T.);
#4776=EDGE_CURVE('',#3409,#3745,#2068,.T.);
#4777=EDGE_CURVE('',#3745,#3746,#2069,.T.);
#4778=EDGE_CURVE('',#3744,#3746,#2070,.T.);
#4779=EDGE_CURVE('',#3495,#3745,#2071,.T.);
#4780=EDGE_CURVE('',#3746,#3494,#2072,.T.);
#4781=EDGE_CURVE('',#3747,#3558,#2073,.T.);
#4782=EDGE_CURVE('',#3484,#3747,#2074,.T.);
#4783=EDGE_CURVE('',#3747,#3748,#2075,.T.);
#4784=EDGE_CURVE('',#3748,#3485,#2076,.T.);
#4785=EDGE_CURVE('',#3405,#3749,#2077,.T.);
#4786=EDGE_CURVE('',#3749,#3748,#2078,.T.);
#4787=EDGE_CURVE('',#3486,#3749,#2079,.T.);
#4788=EDGE_CURVE('',#3750,#3559,#2080,.T.);
#4789=EDGE_CURVE('',#3475,#3750,#2081,.T.);
#4790=EDGE_CURVE('',#3401,#3751,#2082,.T.);
#4791=EDGE_CURVE('',#3751,#3752,#2083,.T.);
#4792=EDGE_CURVE('',#3750,#3752,#2084,.T.);
#4793=EDGE_CURVE('',#3477,#3751,#2085,.T.);
#4794=EDGE_CURVE('',#3752,#3476,#2086,.T.);
#4795=EDGE_CURVE('',#3753,#3560,#2087,.T.);
#4796=EDGE_CURVE('',#3466,#3753,#2088,.T.);
#4797=EDGE_CURVE('',#3397,#3754,#2089,.T.);
#4798=EDGE_CURVE('',#3754,#3755,#2090,.T.);
#4799=EDGE_CURVE('',#3753,#3755,#2091,.T.);
#4800=EDGE_CURVE('',#3468,#3754,#2092,.T.);
#4801=EDGE_CURVE('',#3755,#3467,#2093,.T.);
#4802=EDGE_CURVE('',#3716,#3641,#2094,.T.);
#4803=EDGE_CURVE('',#3756,#3640,#2095,.T.);
#4804=EDGE_CURVE('',#3757,#3756,#2096,.T.);
#4805=EDGE_CURVE('',#3717,#3757,#2097,.T.);
#4806=EDGE_CURVE('',#3715,#3758,#2098,.T.);
#4807=EDGE_CURVE('',#3758,#3759,#2099,.T.);
#4808=EDGE_CURVE('',#3642,#3759,#2100,.T.);
#4809=EDGE_CURVE('',#3623,#3756,#337,.T.);
#4810=EDGE_CURVE('',#3757,#3674,#338,.T.);
#4811=EDGE_CURVE('',#3760,#3622,#2101,.T.);
#4812=EDGE_CURVE('',#3760,#3761,#339,.T.);
#4813=EDGE_CURVE('',#3761,#3756,#2102,.T.);
#4814=EDGE_CURVE('',#3762,#3757,#2103,.T.);
#4815=EDGE_CURVE('',#3762,#3761,#2104,.T.);
#4816=EDGE_CURVE('',#3762,#3763,#340,.T.);
#4817=EDGE_CURVE('',#3763,#3675,#2105,.T.);
#4818=EDGE_CURVE('',#3574,#3764,#2106,.T.);
#4819=EDGE_CURVE('',#3764,#3765,#2107,.T.);
#4820=EDGE_CURVE('',#3575,#3765,#2108,.T.);
#4821=EDGE_CURVE('',#3538,#3575,#341,.T.);
#4822=EDGE_CURVE('',#3539,#3765,#342,.T.);
#4823=EDGE_CURVE('',#3574,#3583,#343,.T.);
#4824=EDGE_CURVE('',#3583,#3766,#2109,.T.);
#4825=EDGE_CURVE('',#3764,#3766,#344,.T.);
#4826=EDGE_CURVE('',#3767,#3464,#2110,.T.);
#4827=EDGE_CURVE('',#3768,#3767,#2111,.T.);
#4828=EDGE_CURVE('',#3561,#3768,#2112,.T.);
#4829=EDGE_CURVE('',#3768,#3470,#2113,.T.);
#4830=EDGE_CURVE('',#3471,#3767,#2114,.T.);
#4831=EDGE_CURVE('',#3769,#3473,#2115,.T.);
#4832=EDGE_CURVE('',#3770,#3769,#2116,.T.);
#4833=EDGE_CURVE('',#3562,#3770,#2117,.T.);
#4834=EDGE_CURVE('',#3770,#3479,#2118,.T.);
#4835=EDGE_CURVE('',#3480,#3769,#2119,.T.);
#4836=EDGE_CURVE('',#3771,#3482,#2120,.T.);
#4837=EDGE_CURVE('',#3772,#3771,#2121,.T.);
#4838=EDGE_CURVE('',#3563,#3772,#2122,.T.);
#4839=EDGE_CURVE('',#3772,#3488,#2123,.T.);
#4840=EDGE_CURVE('',#3489,#3771,#2124,.T.);
#4841=EDGE_CURVE('',#3773,#3491,#2125,.T.);
#4842=EDGE_CURVE('',#3774,#3773,#2126,.T.);
#4843=EDGE_CURVE('',#3564,#3774,#2127,.T.);
#4844=EDGE_CURVE('',#3774,#3497,#2128,.T.);
#4845=EDGE_CURVE('',#3498,#3773,#2129,.T.);
#4846=EDGE_CURVE('',#3775,#3500,#2130,.T.);
#4847=EDGE_CURVE('',#3776,#3775,#2131,.T.);
#4848=EDGE_CURVE('',#3565,#3776,#2132,.T.);
#4849=EDGE_CURVE('',#3776,#3506,#2133,.T.);
#4850=EDGE_CURVE('',#3507,#3775,#2134,.T.);
#4851=EDGE_CURVE('',#3777,#3509,#2135,.T.);
#4852=EDGE_CURVE('',#3778,#3777,#2136,.T.);
#4853=EDGE_CURVE('',#3566,#3778,#2137,.T.);
#4854=EDGE_CURVE('',#3778,#3515,#2138,.T.);
#4855=EDGE_CURVE('',#3516,#3777,#2139,.T.);
#4856=EDGE_CURVE('',#3779,#3518,#2140,.T.);
#4857=EDGE_CURVE('',#3780,#3779,#2141,.T.);
#4858=EDGE_CURVE('',#3567,#3780,#2142,.T.);
#4859=EDGE_CURVE('',#3780,#3524,#2143,.T.);
#4860=EDGE_CURVE('',#3525,#3779,#2144,.T.);
#4861=EDGE_CURVE('',#3781,#3527,#2145,.T.);
#4862=EDGE_CURVE('',#3782,#3781,#2146,.T.);
#4863=EDGE_CURVE('',#3568,#3782,#2147,.T.);
#4864=EDGE_CURVE('',#3782,#3533,#2148,.T.);
#4865=EDGE_CURVE('',#3534,#3781,#2149,.T.);
#4866=EDGE_CURVE('',#3712,#3783,#2150,.T.);
#4867=EDGE_CURVE('',#3783,#3784,#2151,.T.);
#4868=EDGE_CURVE('',#3784,#3645,#2152,.T.);
#4869=EDGE_CURVE('',#3713,#3644,#2153,.T.);
#4870=EDGE_CURVE('',#3643,#3785,#2154,.T.);
#4871=EDGE_CURVE('',#3759,#3785,#2155,.T.);
#4872=EDGE_CURVE('',#3786,#3758,#2156,.T.);
#4873=EDGE_CURVE('',#3786,#3785,#2157,.T.);
#4874=EDGE_CURVE('',#3714,#3786,#2158,.T.);
#4875=EDGE_CURVE('',#3620,#3784,#345,.T.);
#4876=EDGE_CURVE('',#3787,#3621,#2159,.T.);
#4877=EDGE_CURVE('',#3760,#3787,#2160,.T.);
#4878=EDGE_CURVE('',#3788,#3763,#2161,.T.);
#4879=EDGE_CURVE('',#3788,#3676,#2162,.T.);
#4880=EDGE_CURVE('',#3783,#3677,#346,.T.);
#4881=EDGE_CURVE('',#3789,#3784,#2163,.T.);
#4882=EDGE_CURVE('',#3787,#3789,#347,.T.);
#4883=EDGE_CURVE('',#3790,#3783,#2164,.T.);
#4884=EDGE_CURVE('',#3790,#3789,#2165,.T.);
#4885=EDGE_CURVE('',#3791,#3766,#2166,.T.);
#4886=EDGE_CURVE('',#3792,#3791,#348,.T.);
#4887=EDGE_CURVE('',#3792,#3572,#2167,.T.);
#4888=EDGE_CURVE('',#3790,#3788,#349,.T.);
#4889=EDGE_CURVE('',#3582,#3791,#2168,.T.);
#4890=EDGE_CURVE('',#3570,#3792,#2169,.T.);
#4891=EDGE_CURVE('',#3570,#3582,#350,.T.);
#4892=ORIENTED_EDGE('',*,*,#3793,.T.);
#4893=ORIENTED_EDGE('',*,*,#3794,.F.);
#4894=ORIENTED_EDGE('',*,*,#3795,.F.);
#4895=ORIENTED_EDGE('',*,*,#3796,.F.);
#4896=ORIENTED_EDGE('',*,*,#3797,.F.);
#4897=ORIENTED_EDGE('',*,*,#3798,.F.);
#4898=ORIENTED_EDGE('',*,*,#3799,.F.);
#4899=ORIENTED_EDGE('',*,*,#3800,.T.);
#4900=ORIENTED_EDGE('',*,*,#3801,.F.);
#4901=ORIENTED_EDGE('',*,*,#3802,.F.);
#4902=ORIENTED_EDGE('',*,*,#3803,.T.);
#4903=ORIENTED_EDGE('',*,*,#3798,.T.);
#4904=ORIENTED_EDGE('',*,*,#3804,.F.);
#4905=ORIENTED_EDGE('',*,*,#3805,.F.);
#4906=ORIENTED_EDGE('',*,*,#3802,.T.);
#4907=ORIENTED_EDGE('',*,*,#3806,.F.);
#4908=ORIENTED_EDGE('',*,*,#3807,.F.);
#4909=ORIENTED_EDGE('',*,*,#3808,.F.);
#4910=ORIENTED_EDGE('',*,*,#3809,.T.);
#4911=ORIENTED_EDGE('',*,*,#3810,.T.);
#4912=ORIENTED_EDGE('',*,*,#3811,.F.);
#4913=ORIENTED_EDGE('',*,*,#3812,.F.);
#4914=ORIENTED_EDGE('',*,*,#3813,.F.);
#4915=ORIENTED_EDGE('',*,*,#3808,.T.);
#4916=ORIENTED_EDGE('',*,*,#3814,.F.);
#4917=ORIENTED_EDGE('',*,*,#3815,.F.);
#4918=ORIENTED_EDGE('',*,*,#3816,.T.);
#4919=ORIENTED_EDGE('',*,*,#3812,.T.);
#4920=ORIENTED_EDGE('',*,*,#3817,.F.);
#4921=ORIENTED_EDGE('',*,*,#3818,.F.);
#4922=ORIENTED_EDGE('',*,*,#3819,.T.);
#4923=ORIENTED_EDGE('',*,*,#3820,.T.);
#4924=ORIENTED_EDGE('',*,*,#3821,.F.);
#4925=ORIENTED_EDGE('',*,*,#3822,.F.);
#4926=ORIENTED_EDGE('',*,*,#3823,.F.);
#4927=ORIENTED_EDGE('',*,*,#3818,.T.);
#4928=ORIENTED_EDGE('',*,*,#3824,.F.);
#4929=ORIENTED_EDGE('',*,*,#3825,.F.);
#4930=ORIENTED_EDGE('',*,*,#3826,.T.);
#4931=ORIENTED_EDGE('',*,*,#3822,.T.);
#4932=ORIENTED_EDGE('',*,*,#3827,.F.);
#4933=ORIENTED_EDGE('',*,*,#3800,.F.);
#4934=ORIENTED_EDGE('',*,*,#3828,.T.);
#4935=ORIENTED_EDGE('',*,*,#3795,.T.);
#4936=ORIENTED_EDGE('',*,*,#3829,.T.);
#4937=ORIENTED_EDGE('',*,*,#3830,.F.);
#4938=ORIENTED_EDGE('',*,*,#3831,.T.);
#4939=ORIENTED_EDGE('',*,*,#3832,.T.);
#4940=ORIENTED_EDGE('',*,*,#3833,.T.);
#4941=ORIENTED_EDGE('',*,*,#3819,.F.);
#4942=ORIENTED_EDGE('',*,*,#3823,.T.);
#4943=ORIENTED_EDGE('',*,*,#3826,.F.);
#4944=ORIENTED_EDGE('',*,*,#3834,.T.);
#4945=ORIENTED_EDGE('',*,*,#3835,.T.);
#4946=ORIENTED_EDGE('',*,*,#3836,.T.);
#4947=ORIENTED_EDGE('',*,*,#3837,.T.);
#4948=ORIENTED_EDGE('',*,*,#3796,.T.);
#4949=ORIENTED_EDGE('',*,*,#3828,.F.);
#4950=ORIENTED_EDGE('',*,*,#3799,.T.);
#4951=ORIENTED_EDGE('',*,*,#3803,.F.);
#4952=ORIENTED_EDGE('',*,*,#3805,.T.);
#4953=ORIENTED_EDGE('',*,*,#3838,.F.);
#4954=ORIENTED_EDGE('',*,*,#3839,.T.);
#4955=ORIENTED_EDGE('',*,*,#3840,.F.);
#4956=ORIENTED_EDGE('',*,*,#3841,.T.);
#4957=ORIENTED_EDGE('',*,*,#3809,.F.);
#4958=ORIENTED_EDGE('',*,*,#3813,.T.);
#4959=ORIENTED_EDGE('',*,*,#3816,.F.);
#4960=ORIENTED_EDGE('',*,*,#3842,.T.);
#4961=ORIENTED_EDGE('',*,*,#3843,.T.);
#4962=ORIENTED_EDGE('',*,*,#3814,.T.);
#4963=ORIENTED_EDGE('',*,*,#3811,.T.);
#4964=ORIENTED_EDGE('',*,*,#3807,.T.);
#4965=ORIENTED_EDGE('',*,*,#3844,.T.);
#4966=ORIENTED_EDGE('',*,*,#3845,.T.);
#4967=ORIENTED_EDGE('',*,*,#3846,.T.);
#4968=ORIENTED_EDGE('',*,*,#3847,.T.);
#4969=ORIENTED_EDGE('',*,*,#3806,.T.);
#4970=ORIENTED_EDGE('',*,*,#3801,.T.);
#4971=ORIENTED_EDGE('',*,*,#3797,.T.);
#4972=ORIENTED_EDGE('',*,*,#3827,.T.);
#4973=ORIENTED_EDGE('',*,*,#3794,.T.);
#4974=ORIENTED_EDGE('',*,*,#3848,.F.);
#4975=ORIENTED_EDGE('',*,*,#3849,.T.);
#4976=ORIENTED_EDGE('',*,*,#3850,.F.);
#4977=ORIENTED_EDGE('',*,*,#3851,.T.);
#4978=ORIENTED_EDGE('',*,*,#3824,.T.);
#4979=ORIENTED_EDGE('',*,*,#3821,.T.);
#4980=ORIENTED_EDGE('',*,*,#3817,.T.);
#4981=ORIENTED_EDGE('',*,*,#3852,.T.);
#4982=ORIENTED_EDGE('',*,*,#3853,.F.);
#4983=ORIENTED_EDGE('',*,*,#3854,.T.);
#4984=ORIENTED_EDGE('',*,*,#3855,.F.);
#4985=ORIENTED_EDGE('',*,*,#3838,.T.);
#4986=ORIENTED_EDGE('',*,*,#3856,.T.);
#4987=ORIENTED_EDGE('',*,*,#3857,.F.);
#4988=ORIENTED_EDGE('',*,*,#3858,.F.);
#4989=ORIENTED_EDGE('',*,*,#3847,.F.);
#4990=ORIENTED_EDGE('',*,*,#3859,.T.);
#4991=ORIENTED_EDGE('',*,*,#3860,.F.);
#4992=ORIENTED_EDGE('',*,*,#3859,.F.);
#4993=ORIENTED_EDGE('',*,*,#3861,.F.);
#4994=ORIENTED_EDGE('',*,*,#3855,.T.);
#4995=ORIENTED_EDGE('',*,*,#3862,.F.);
#4996=ORIENTED_EDGE('',*,*,#3856,.F.);
#4997=ORIENTED_EDGE('',*,*,#3804,.T.);
#4998=ORIENTED_EDGE('',*,*,#3858,.T.);
#4999=ORIENTED_EDGE('',*,*,#3863,.F.);
#5000=ORIENTED_EDGE('',*,*,#3864,.F.);
#5001=ORIENTED_EDGE('',*,*,#3857,.T.);
#5002=ORIENTED_EDGE('',*,*,#3865,.T.);
#5003=ORIENTED_EDGE('',*,*,#3866,.T.);
#5004=ORIENTED_EDGE('',*,*,#3867,.F.);
#5005=ORIENTED_EDGE('',*,*,#3860,.T.);
#5006=ORIENTED_EDGE('',*,*,#3868,.T.);
#5007=ORIENTED_EDGE('',*,*,#3869,.F.);
#5008=ORIENTED_EDGE('',*,*,#3868,.F.);
#5009=ORIENTED_EDGE('',*,*,#3862,.T.);
#5010=ORIENTED_EDGE('',*,*,#3864,.T.);
#5011=ORIENTED_EDGE('',*,*,#3870,.F.);
#5012=ORIENTED_EDGE('',*,*,#3865,.F.);
#5013=ORIENTED_EDGE('',*,*,#3863,.T.);
#5014=ORIENTED_EDGE('',*,*,#3867,.T.);
#5015=ORIENTED_EDGE('',*,*,#3871,.F.);
#5016=ORIENTED_EDGE('',*,*,#3872,.F.);
#5017=ORIENTED_EDGE('',*,*,#3866,.F.);
#5018=ORIENTED_EDGE('',*,*,#3873,.T.);
#5019=ORIENTED_EDGE('',*,*,#3874,.T.);
#5020=ORIENTED_EDGE('',*,*,#3875,.F.);
#5021=ORIENTED_EDGE('',*,*,#3876,.F.);
#5022=ORIENTED_EDGE('',*,*,#3877,.F.);
#5023=ORIENTED_EDGE('',*,*,#3869,.T.);
#5024=ORIENTED_EDGE('',*,*,#3878,.T.);
#5025=ORIENTED_EDGE('',*,*,#3879,.T.);
#5026=ORIENTED_EDGE('',*,*,#3880,.F.);
#5027=ORIENTED_EDGE('',*,*,#3881,.F.);
#5028=ORIENTED_EDGE('',*,*,#3878,.F.);
#5029=ORIENTED_EDGE('',*,*,#3870,.T.);
#5030=ORIENTED_EDGE('',*,*,#3872,.T.);
#5031=ORIENTED_EDGE('',*,*,#3882,.F.);
#5032=ORIENTED_EDGE('',*,*,#3873,.F.);
#5033=ORIENTED_EDGE('',*,*,#3871,.T.);
#5034=ORIENTED_EDGE('',*,*,#3877,.T.);
#5035=ORIENTED_EDGE('',*,*,#3883,.F.);
#5036=ORIENTED_EDGE('',*,*,#3879,.F.);
#5037=ORIENTED_EDGE('',*,*,#3882,.T.);
#5038=ORIENTED_EDGE('',*,*,#3876,.T.);
#5039=ORIENTED_EDGE('',*,*,#3884,.F.);
#5040=ORIENTED_EDGE('',*,*,#3880,.T.);
#5041=ORIENTED_EDGE('',*,*,#3884,.T.);
#5042=ORIENTED_EDGE('',*,*,#3875,.T.);
#5043=ORIENTED_EDGE('',*,*,#3885,.T.);
#5044=ORIENTED_EDGE('',*,*,#3874,.F.);
#5045=ORIENTED_EDGE('',*,*,#3883,.T.);
#5046=ORIENTED_EDGE('',*,*,#3881,.T.);
#5047=ORIENTED_EDGE('',*,*,#3885,.F.);
#5048=ORIENTED_EDGE('',*,*,#3886,.F.);
#5049=ORIENTED_EDGE('',*,*,#3887,.F.);
#5050=ORIENTED_EDGE('',*,*,#3888,.F.);
#5051=ORIENTED_EDGE('',*,*,#3889,.F.);
#5052=ORIENTED_EDGE('',*,*,#3890,.T.);
#5053=ORIENTED_EDGE('',*,*,#3891,.T.);
#5054=ORIENTED_EDGE('',*,*,#3892,.T.);
#5055=ORIENTED_EDGE('',*,*,#3831,.F.);
#5056=ORIENTED_EDGE('',*,*,#3854,.F.);
#5057=ORIENTED_EDGE('',*,*,#3893,.F.);
#5058=ORIENTED_EDGE('',*,*,#3894,.F.);
#5059=ORIENTED_EDGE('',*,*,#3895,.F.);
#5060=ORIENTED_EDGE('',*,*,#3896,.F.);
#5061=ORIENTED_EDGE('',*,*,#3897,.T.);
#5062=ORIENTED_EDGE('',*,*,#3898,.T.);
#5063=ORIENTED_EDGE('',*,*,#3899,.T.);
#5064=ORIENTED_EDGE('',*,*,#3900,.T.);
#5065=ORIENTED_EDGE('',*,*,#3901,.F.);
#5066=ORIENTED_EDGE('',*,*,#3902,.T.);
#5067=ORIENTED_EDGE('',*,*,#3903,.F.);
#5068=ORIENTED_EDGE('',*,*,#3904,.F.);
#5069=ORIENTED_EDGE('',*,*,#3852,.F.);
#5070=ORIENTED_EDGE('',*,*,#3820,.F.);
#5071=ORIENTED_EDGE('',*,*,#3833,.F.);
#5072=ORIENTED_EDGE('',*,*,#3905,.T.);
#5073=ORIENTED_EDGE('',*,*,#3906,.F.);
#5074=ORIENTED_EDGE('',*,*,#3907,.F.);
#5075=ORIENTED_EDGE('',*,*,#3908,.F.);
#5076=ORIENTED_EDGE('',*,*,#3909,.F.);
#5077=ORIENTED_EDGE('',*,*,#3839,.F.);
#5078=ORIENTED_EDGE('',*,*,#3861,.T.);
#5079=ORIENTED_EDGE('',*,*,#3846,.F.);
#5080=ORIENTED_EDGE('',*,*,#3910,.T.);
#5081=ORIENTED_EDGE('',*,*,#3911,.T.);
#5082=ORIENTED_EDGE('',*,*,#3912,.T.);
#5083=ORIENTED_EDGE('',*,*,#3913,.T.);
#5084=ORIENTED_EDGE('',*,*,#3914,.F.);
#5085=ORIENTED_EDGE('',*,*,#3849,.F.);
#5086=ORIENTED_EDGE('',*,*,#3915,.F.);
#5087=ORIENTED_EDGE('',*,*,#3836,.F.);
#5088=ORIENTED_EDGE('',*,*,#3916,.F.);
#5089=ORIENTED_EDGE('',*,*,#3917,.F.);
#5090=ORIENTED_EDGE('',*,*,#3918,.T.);
#5091=ORIENTED_EDGE('',*,*,#3919,.F.);
#5092=ORIENTED_EDGE('',*,*,#3920,.F.);
#5093=ORIENTED_EDGE('',*,*,#3921,.F.);
#5094=ORIENTED_EDGE('',*,*,#3922,.F.);
#5095=ORIENTED_EDGE('',*,*,#3923,.T.);
#5096=ORIENTED_EDGE('',*,*,#3924,.F.);
#5097=ORIENTED_EDGE('',*,*,#3925,.F.);
#5098=ORIENTED_EDGE('',*,*,#3926,.T.);
#5099=ORIENTED_EDGE('',*,*,#3921,.T.);
#5100=ORIENTED_EDGE('',*,*,#3927,.F.);
#5101=ORIENTED_EDGE('',*,*,#3928,.F.);
#5102=ORIENTED_EDGE('',*,*,#3929,.F.);
#5103=ORIENTED_EDGE('',*,*,#3925,.T.);
#5104=ORIENTED_EDGE('',*,*,#3930,.T.);
#5105=ORIENTED_EDGE('',*,*,#3931,.F.);
#5106=ORIENTED_EDGE('',*,*,#3932,.F.);
#5107=ORIENTED_EDGE('',*,*,#3933,.F.);
#5108=ORIENTED_EDGE('',*,*,#3934,.F.);
#5109=ORIENTED_EDGE('',*,*,#3935,.F.);
#5110=ORIENTED_EDGE('',*,*,#3936,.T.);
#5111=ORIENTED_EDGE('',*,*,#3932,.T.);
#5112=ORIENTED_EDGE('',*,*,#3937,.F.);
#5113=ORIENTED_EDGE('',*,*,#3938,.F.);
#5114=ORIENTED_EDGE('',*,*,#3939,.F.);
#5115=ORIENTED_EDGE('',*,*,#3935,.T.);
#5116=ORIENTED_EDGE('',*,*,#3940,.F.);
#5117=ORIENTED_EDGE('',*,*,#3918,.F.);
#5118=ORIENTED_EDGE('',*,*,#3941,.T.);
#5119=ORIENTED_EDGE('',*,*,#3938,.T.);
#5120=ORIENTED_EDGE('',*,*,#3942,.F.);
#5121=ORIENTED_EDGE('',*,*,#3943,.F.);
#5122=ORIENTED_EDGE('',*,*,#3944,.F.);
#5123=ORIENTED_EDGE('',*,*,#3945,.T.);
#5124=ORIENTED_EDGE('',*,*,#3946,.F.);
#5125=ORIENTED_EDGE('',*,*,#3947,.F.);
#5126=ORIENTED_EDGE('',*,*,#3948,.T.);
#5127=ORIENTED_EDGE('',*,*,#3943,.T.);
#5128=ORIENTED_EDGE('',*,*,#3949,.F.);
#5129=ORIENTED_EDGE('',*,*,#3950,.F.);
#5130=ORIENTED_EDGE('',*,*,#3951,.F.);
#5131=ORIENTED_EDGE('',*,*,#3947,.T.);
#5132=ORIENTED_EDGE('',*,*,#3952,.F.);
#5133=ORIENTED_EDGE('',*,*,#3953,.F.);
#5134=ORIENTED_EDGE('',*,*,#3954,.F.);
#5135=ORIENTED_EDGE('',*,*,#3950,.T.);
#5136=ORIENTED_EDGE('',*,*,#3955,.F.);
#5137=ORIENTED_EDGE('',*,*,#3923,.F.);
#5138=ORIENTED_EDGE('',*,*,#3956,.F.);
#5139=ORIENTED_EDGE('',*,*,#3957,.T.);
#5140=ORIENTED_EDGE('',*,*,#3917,.T.);
#5141=ORIENTED_EDGE('',*,*,#3958,.F.);
#5142=ORIENTED_EDGE('',*,*,#3944,.T.);
#5143=ORIENTED_EDGE('',*,*,#3948,.F.);
#5144=ORIENTED_EDGE('',*,*,#3951,.T.);
#5145=ORIENTED_EDGE('',*,*,#3954,.T.);
#5146=ORIENTED_EDGE('',*,*,#3959,.T.);
#5147=ORIENTED_EDGE('',*,*,#3960,.F.);
#5148=ORIENTED_EDGE('',*,*,#3889,.T.);
#5149=ORIENTED_EDGE('',*,*,#3961,.T.);
#5150=ORIENTED_EDGE('',*,*,#3962,.T.);
#5151=ORIENTED_EDGE('',*,*,#3956,.T.);
#5152=ORIENTED_EDGE('',*,*,#3922,.T.);
#5153=ORIENTED_EDGE('',*,*,#3926,.F.);
#5154=ORIENTED_EDGE('',*,*,#3929,.T.);
#5155=ORIENTED_EDGE('',*,*,#3963,.T.);
#5156=ORIENTED_EDGE('',*,*,#3933,.T.);
#5157=ORIENTED_EDGE('',*,*,#3936,.F.);
#5158=ORIENTED_EDGE('',*,*,#3939,.T.);
#5159=ORIENTED_EDGE('',*,*,#3941,.F.);
#5160=ORIENTED_EDGE('',*,*,#3942,.T.);
#5161=ORIENTED_EDGE('',*,*,#3964,.F.);
#5162=ORIENTED_EDGE('',*,*,#3919,.T.);
#5163=ORIENTED_EDGE('',*,*,#3940,.T.);
#5164=ORIENTED_EDGE('',*,*,#3937,.T.);
#5165=ORIENTED_EDGE('',*,*,#3934,.T.);
#5166=ORIENTED_EDGE('',*,*,#3931,.T.);
#5167=ORIENTED_EDGE('',*,*,#3965,.T.);
#5168=ORIENTED_EDGE('',*,*,#3927,.T.);
#5169=ORIENTED_EDGE('',*,*,#3924,.T.);
#5170=ORIENTED_EDGE('',*,*,#3920,.T.);
#5171=ORIENTED_EDGE('',*,*,#3955,.T.);
#5172=ORIENTED_EDGE('',*,*,#3966,.T.);
#5173=ORIENTED_EDGE('',*,*,#3967,.F.);
#5174=ORIENTED_EDGE('',*,*,#3896,.T.);
#5175=ORIENTED_EDGE('',*,*,#3968,.T.);
#5176=ORIENTED_EDGE('',*,*,#3969,.T.);
#5177=ORIENTED_EDGE('',*,*,#3952,.T.);
#5178=ORIENTED_EDGE('',*,*,#3949,.T.);
#5179=ORIENTED_EDGE('',*,*,#3946,.T.);
#5180=ORIENTED_EDGE('',*,*,#3970,.F.);
#5181=ORIENTED_EDGE('',*,*,#3971,.T.);
#5182=ORIENTED_EDGE('',*,*,#3972,.T.);
#5183=ORIENTED_EDGE('',*,*,#3973,.F.);
#5184=ORIENTED_EDGE('',*,*,#3974,.T.);
#5185=ORIENTED_EDGE('',*,*,#3973,.T.);
#5186=ORIENTED_EDGE('',*,*,#3975,.F.);
#5187=ORIENTED_EDGE('',*,*,#3976,.F.);
#5188=ORIENTED_EDGE('',*,*,#3977,.F.);
#5189=ORIENTED_EDGE('',*,*,#3978,.T.);
#5190=ORIENTED_EDGE('',*,*,#3979,.T.);
#5191=ORIENTED_EDGE('',*,*,#3976,.T.);
#5192=ORIENTED_EDGE('',*,*,#3980,.T.);
#5193=ORIENTED_EDGE('',*,*,#3981,.T.);
#5194=ORIENTED_EDGE('',*,*,#3982,.F.);
#5195=ORIENTED_EDGE('',*,*,#3983,.F.);
#5196=ORIENTED_EDGE('',*,*,#3984,.F.);
#5197=ORIENTED_EDGE('',*,*,#3983,.T.);
#5198=ORIENTED_EDGE('',*,*,#3985,.T.);
#5199=ORIENTED_EDGE('',*,*,#3986,.F.);
#5200=ORIENTED_EDGE('',*,*,#3987,.T.);
#5201=ORIENTED_EDGE('',*,*,#3986,.T.);
#5202=ORIENTED_EDGE('',*,*,#3988,.F.);
#5203=ORIENTED_EDGE('',*,*,#3989,.F.);
#5204=ORIENTED_EDGE('',*,*,#3990,.F.);
#5205=ORIENTED_EDGE('',*,*,#3991,.T.);
#5206=ORIENTED_EDGE('',*,*,#3992,.T.);
#5207=ORIENTED_EDGE('',*,*,#3981,.F.);
#5208=ORIENTED_EDGE('',*,*,#3993,.F.);
#5209=ORIENTED_EDGE('',*,*,#3994,.T.);
#5210=ORIENTED_EDGE('',*,*,#3995,.T.);
#5211=ORIENTED_EDGE('',*,*,#3989,.T.);
#5212=ORIENTED_EDGE('',*,*,#3996,.T.);
#5213=ORIENTED_EDGE('',*,*,#3997,.T.);
#5214=ORIENTED_EDGE('',*,*,#3998,.F.);
#5215=ORIENTED_EDGE('',*,*,#3971,.F.);
#5216=ORIENTED_EDGE('',*,*,#3999,.F.);
#5217=ORIENTED_EDGE('',*,*,#4000,.T.);
#5218=ORIENTED_EDGE('',*,*,#3977,.T.);
#5219=ORIENTED_EDGE('',*,*,#3975,.T.);
#5220=ORIENTED_EDGE('',*,*,#3972,.F.);
#5221=ORIENTED_EDGE('',*,*,#3998,.T.);
#5222=ORIENTED_EDGE('',*,*,#3992,.F.);
#5223=ORIENTED_EDGE('',*,*,#4001,.T.);
#5224=ORIENTED_EDGE('',*,*,#3993,.T.);
#5225=ORIENTED_EDGE('',*,*,#3988,.T.);
#5226=ORIENTED_EDGE('',*,*,#3985,.F.);
#5227=ORIENTED_EDGE('',*,*,#3982,.T.);
#5228=ORIENTED_EDGE('',*,*,#3979,.F.);
#5229=ORIENTED_EDGE('',*,*,#4002,.F.);
#5230=ORIENTED_EDGE('',*,*,#4003,.T.);
#5231=ORIENTED_EDGE('',*,*,#3996,.F.);
#5232=ORIENTED_EDGE('',*,*,#3970,.T.);
#5233=ORIENTED_EDGE('',*,*,#3974,.F.);
#5234=ORIENTED_EDGE('',*,*,#4004,.F.);
#5235=ORIENTED_EDGE('',*,*,#4005,.T.);
#5236=ORIENTED_EDGE('',*,*,#4006,.T.);
#5237=ORIENTED_EDGE('',*,*,#3978,.F.);
#5238=ORIENTED_EDGE('',*,*,#3995,.F.);
#5239=ORIENTED_EDGE('',*,*,#4007,.F.);
#5240=ORIENTED_EDGE('',*,*,#3990,.T.);
#5241=ORIENTED_EDGE('',*,*,#3980,.F.);
#5242=ORIENTED_EDGE('',*,*,#3984,.T.);
#5243=ORIENTED_EDGE('',*,*,#3987,.F.);
#5244=ORIENTED_EDGE('',*,*,#4008,.F.);
#5245=ORIENTED_EDGE('',*,*,#4009,.T.);
#5246=ORIENTED_EDGE('',*,*,#4010,.T.);
#5247=ORIENTED_EDGE('',*,*,#3991,.F.);
#5248=ORIENTED_EDGE('',*,*,#4011,.F.);
#5249=ORIENTED_EDGE('',*,*,#4012,.T.);
#5250=ORIENTED_EDGE('',*,*,#4013,.T.);
#5251=ORIENTED_EDGE('',*,*,#3994,.F.);
#5252=ORIENTED_EDGE('',*,*,#4003,.F.);
#5253=ORIENTED_EDGE('',*,*,#4014,.T.);
#5254=ORIENTED_EDGE('',*,*,#3999,.T.);
#5255=ORIENTED_EDGE('',*,*,#3997,.F.);
#5256=ORIENTED_EDGE('',*,*,#4015,.F.);
#5257=ORIENTED_EDGE('',*,*,#4016,.T.);
#5258=ORIENTED_EDGE('',*,*,#4004,.T.);
#5259=ORIENTED_EDGE('',*,*,#4000,.F.);
#5260=ORIENTED_EDGE('',*,*,#4010,.F.);
#5261=ORIENTED_EDGE('',*,*,#4017,.T.);
#5262=ORIENTED_EDGE('',*,*,#4011,.T.);
#5263=ORIENTED_EDGE('',*,*,#4001,.F.);
#5264=ORIENTED_EDGE('',*,*,#4006,.F.);
#5265=ORIENTED_EDGE('',*,*,#4018,.T.);
#5266=ORIENTED_EDGE('',*,*,#4019,.T.);
#5267=ORIENTED_EDGE('',*,*,#4002,.T.);
#5268=ORIENTED_EDGE('',*,*,#4020,.F.);
#5269=ORIENTED_EDGE('',*,*,#4021,.T.);
#5270=ORIENTED_EDGE('',*,*,#4022,.T.);
#5271=ORIENTED_EDGE('',*,*,#4023,.F.);
#5272=ORIENTED_EDGE('',*,*,#4024,.F.);
#5273=ORIENTED_EDGE('',*,*,#4023,.T.);
#5274=ORIENTED_EDGE('',*,*,#4025,.T.);
#5275=ORIENTED_EDGE('',*,*,#4005,.F.);
#5276=ORIENTED_EDGE('',*,*,#4026,.F.);
#5277=ORIENTED_EDGE('',*,*,#4027,.T.);
#5278=ORIENTED_EDGE('',*,*,#4028,.T.);
#5279=ORIENTED_EDGE('',*,*,#4029,.F.);
#5280=ORIENTED_EDGE('',*,*,#4030,.F.);
#5281=ORIENTED_EDGE('',*,*,#4029,.T.);
#5282=ORIENTED_EDGE('',*,*,#4031,.T.);
#5283=ORIENTED_EDGE('',*,*,#4009,.F.);
#5284=ORIENTED_EDGE('',*,*,#4013,.F.);
#5285=ORIENTED_EDGE('',*,*,#4032,.T.);
#5286=ORIENTED_EDGE('',*,*,#4008,.T.);
#5287=ORIENTED_EDGE('',*,*,#4007,.T.);
#5288=ORIENTED_EDGE('',*,*,#4033,.F.);
#5289=ORIENTED_EDGE('',*,*,#4034,.T.);
#5290=ORIENTED_EDGE('',*,*,#4035,.T.);
#5291=ORIENTED_EDGE('',*,*,#4012,.F.);
#5292=ORIENTED_EDGE('',*,*,#4036,.F.);
#5293=ORIENTED_EDGE('',*,*,#4037,.T.);
#5294=ORIENTED_EDGE('',*,*,#4038,.T.);
#5295=ORIENTED_EDGE('',*,*,#4034,.F.);
#5296=ORIENTED_EDGE('',*,*,#4019,.F.);
#5297=ORIENTED_EDGE('',*,*,#4039,.T.);
#5298=ORIENTED_EDGE('',*,*,#4015,.T.);
#5299=ORIENTED_EDGE('',*,*,#4014,.F.);
#5300=ORIENTED_EDGE('',*,*,#4024,.T.);
#5301=ORIENTED_EDGE('',*,*,#4016,.F.);
#5302=ORIENTED_EDGE('',*,*,#4040,.F.);
#5303=ORIENTED_EDGE('',*,*,#4041,.T.);
#5304=ORIENTED_EDGE('',*,*,#4020,.T.);
#5305=ORIENTED_EDGE('',*,*,#4031,.F.);
#5306=ORIENTED_EDGE('',*,*,#4028,.F.);
#5307=ORIENTED_EDGE('',*,*,#4042,.T.);
#5308=ORIENTED_EDGE('',*,*,#4036,.T.);
#5309=ORIENTED_EDGE('',*,*,#4033,.T.);
#5310=ORIENTED_EDGE('',*,*,#4017,.F.);
#5311=ORIENTED_EDGE('',*,*,#3850,.T.);
#5312=ORIENTED_EDGE('',*,*,#3914,.T.);
#5313=ORIENTED_EDGE('',*,*,#4043,.F.);
#5314=ORIENTED_EDGE('',*,*,#4044,.F.);
#5315=ORIENTED_EDGE('',*,*,#3835,.F.);
#5316=ORIENTED_EDGE('',*,*,#4045,.T.);
#5317=ORIENTED_EDGE('',*,*,#4046,.T.);
#5318=ORIENTED_EDGE('',*,*,#3910,.F.);
#5319=ORIENTED_EDGE('',*,*,#4047,.T.);
#5320=ORIENTED_EDGE('',*,*,#4048,.T.);
#5321=ORIENTED_EDGE('',*,*,#4049,.F.);
#5322=ORIENTED_EDGE('',*,*,#3912,.F.);
#5323=ORIENTED_EDGE('',*,*,#4044,.T.);
#5324=ORIENTED_EDGE('',*,*,#4050,.F.);
#5325=ORIENTED_EDGE('',*,*,#4051,.F.);
#5326=ORIENTED_EDGE('',*,*,#4052,.F.);
#5327=ORIENTED_EDGE('',*,*,#4045,.F.);
#5328=ORIENTED_EDGE('',*,*,#3834,.F.);
#5329=ORIENTED_EDGE('',*,*,#3825,.T.);
#5330=ORIENTED_EDGE('',*,*,#3851,.F.);
#5331=ORIENTED_EDGE('',*,*,#4053,.T.);
#5332=ORIENTED_EDGE('',*,*,#4021,.F.);
#5333=ORIENTED_EDGE('',*,*,#4054,.T.);
#5334=ORIENTED_EDGE('',*,*,#4048,.F.);
#5335=ORIENTED_EDGE('',*,*,#4055,.T.);
#5336=ORIENTED_EDGE('',*,*,#4051,.T.);
#5337=ORIENTED_EDGE('',*,*,#4056,.F.);
#5338=ORIENTED_EDGE('',*,*,#4057,.F.);
#5339=ORIENTED_EDGE('',*,*,#4058,.F.);
#5340=ORIENTED_EDGE('',*,*,#4057,.T.);
#5341=ORIENTED_EDGE('',*,*,#4059,.F.);
#5342=ORIENTED_EDGE('',*,*,#4027,.F.);
#5343=ORIENTED_EDGE('',*,*,#4025,.F.);
#5344=ORIENTED_EDGE('',*,*,#4022,.F.);
#5345=ORIENTED_EDGE('',*,*,#4060,.T.);
#5346=ORIENTED_EDGE('',*,*,#4061,.T.);
#5347=ORIENTED_EDGE('',*,*,#4018,.F.);
#5348=ORIENTED_EDGE('',*,*,#4035,.F.);
#5349=ORIENTED_EDGE('',*,*,#4038,.F.);
#5350=ORIENTED_EDGE('',*,*,#4062,.T.);
#5351=ORIENTED_EDGE('',*,*,#4026,.T.);
#5352=ORIENTED_EDGE('',*,*,#4030,.T.);
#5353=ORIENTED_EDGE('',*,*,#4032,.F.);
#5354=ORIENTED_EDGE('',*,*,#4063,.F.);
#5355=ORIENTED_EDGE('',*,*,#4037,.F.);
#5356=ORIENTED_EDGE('',*,*,#4064,.F.);
#5357=ORIENTED_EDGE('',*,*,#4065,.F.);
#5358=ORIENTED_EDGE('',*,*,#4066,.T.);
#5359=ORIENTED_EDGE('',*,*,#4065,.T.);
#5360=ORIENTED_EDGE('',*,*,#4067,.F.);
#5361=ORIENTED_EDGE('',*,*,#3902,.F.);
#5362=ORIENTED_EDGE('',*,*,#4061,.F.);
#5363=ORIENTED_EDGE('',*,*,#4068,.T.);
#5364=ORIENTED_EDGE('',*,*,#4040,.T.);
#5365=ORIENTED_EDGE('',*,*,#4039,.F.);
#5366=ORIENTED_EDGE('',*,*,#3968,.F.);
#5367=ORIENTED_EDGE('',*,*,#3895,.T.);
#5368=ORIENTED_EDGE('',*,*,#4069,.T.);
#5369=ORIENTED_EDGE('',*,*,#4070,.F.);
#5370=ORIENTED_EDGE('',*,*,#3903,.T.);
#5371=ORIENTED_EDGE('',*,*,#4067,.T.);
#5372=ORIENTED_EDGE('',*,*,#4064,.T.);
#5373=ORIENTED_EDGE('',*,*,#4042,.F.);
#5374=ORIENTED_EDGE('',*,*,#4059,.T.);
#5375=ORIENTED_EDGE('',*,*,#4056,.T.);
#5376=ORIENTED_EDGE('',*,*,#4050,.T.);
#5377=ORIENTED_EDGE('',*,*,#4043,.T.);
#5378=ORIENTED_EDGE('',*,*,#3913,.F.);
#5379=ORIENTED_EDGE('',*,*,#4049,.T.);
#5380=ORIENTED_EDGE('',*,*,#4054,.F.);
#5381=ORIENTED_EDGE('',*,*,#4041,.F.);
#5382=ORIENTED_EDGE('',*,*,#4071,.F.);
#5383=ORIENTED_EDGE('',*,*,#4069,.F.);
#5384=ORIENTED_EDGE('',*,*,#3894,.T.);
#5385=ORIENTED_EDGE('',*,*,#4072,.T.);
#5386=ORIENTED_EDGE('',*,*,#3893,.T.);
#5387=ORIENTED_EDGE('',*,*,#3853,.T.);
#5388=ORIENTED_EDGE('',*,*,#3904,.T.);
#5389=ORIENTED_EDGE('',*,*,#4072,.F.);
#5390=ORIENTED_EDGE('',*,*,#3892,.F.);
#5391=ORIENTED_EDGE('',*,*,#4073,.T.);
#5392=ORIENTED_EDGE('',*,*,#3900,.F.);
#5393=ORIENTED_EDGE('',*,*,#3832,.F.);
#5394=ORIENTED_EDGE('',*,*,#3901,.T.);
#5395=ORIENTED_EDGE('',*,*,#4073,.F.);
#5396=ORIENTED_EDGE('',*,*,#3891,.F.);
#5397=ORIENTED_EDGE('',*,*,#4074,.T.);
#5398=ORIENTED_EDGE('',*,*,#4075,.T.);
#5399=ORIENTED_EDGE('',*,*,#4060,.F.);
#5400=ORIENTED_EDGE('',*,*,#4053,.F.);
#5401=ORIENTED_EDGE('',*,*,#4047,.F.);
#5402=ORIENTED_EDGE('',*,*,#3911,.F.);
#5403=ORIENTED_EDGE('',*,*,#4046,.F.);
#5404=ORIENTED_EDGE('',*,*,#4052,.T.);
#5405=ORIENTED_EDGE('',*,*,#4055,.F.);
#5406=ORIENTED_EDGE('',*,*,#4058,.T.);
#5407=ORIENTED_EDGE('',*,*,#4062,.F.);
#5408=ORIENTED_EDGE('',*,*,#4063,.T.);
#5409=ORIENTED_EDGE('',*,*,#4066,.F.);
#5410=ORIENTED_EDGE('',*,*,#4070,.T.);
#5411=ORIENTED_EDGE('',*,*,#4071,.T.);
#5412=ORIENTED_EDGE('',*,*,#4068,.F.);
#5413=ORIENTED_EDGE('',*,*,#4075,.F.);
#5414=ORIENTED_EDGE('',*,*,#4076,.F.);
#5415=ORIENTED_EDGE('',*,*,#3959,.F.);
#5416=ORIENTED_EDGE('',*,*,#3953,.T.);
#5417=ORIENTED_EDGE('',*,*,#3969,.F.);
#5418=ORIENTED_EDGE('',*,*,#3960,.T.);
#5419=ORIENTED_EDGE('',*,*,#4076,.T.);
#5420=ORIENTED_EDGE('',*,*,#4074,.F.);
#5421=ORIENTED_EDGE('',*,*,#3890,.F.);
#5422=ORIENTED_EDGE('',*,*,#4077,.T.);
#5423=ORIENTED_EDGE('',*,*,#4078,.T.);
#5424=ORIENTED_EDGE('',*,*,#4079,.F.);
#5425=ORIENTED_EDGE('',*,*,#4080,.F.);
#5426=ORIENTED_EDGE('',*,*,#4081,.F.);
#5427=ORIENTED_EDGE('',*,*,#4082,.T.);
#5428=ORIENTED_EDGE('',*,*,#4083,.T.);
#5429=ORIENTED_EDGE('',*,*,#4078,.F.);
#5430=ORIENTED_EDGE('',*,*,#4084,.T.);
#5431=ORIENTED_EDGE('',*,*,#4082,.F.);
#5432=ORIENTED_EDGE('',*,*,#4085,.F.);
#5433=ORIENTED_EDGE('',*,*,#4086,.F.);
#5434=ORIENTED_EDGE('',*,*,#4087,.F.);
#5435=ORIENTED_EDGE('',*,*,#4088,.T.);
#5436=ORIENTED_EDGE('',*,*,#4089,.T.);
#5437=ORIENTED_EDGE('',*,*,#4090,.F.);
#5438=ORIENTED_EDGE('',*,*,#4091,.T.);
#5439=ORIENTED_EDGE('',*,*,#4092,.T.);
#5440=ORIENTED_EDGE('',*,*,#4093,.F.);
#5441=ORIENTED_EDGE('',*,*,#4088,.F.);
#5442=ORIENTED_EDGE('',*,*,#4094,.F.);
#5443=ORIENTED_EDGE('',*,*,#4095,.T.);
#5444=ORIENTED_EDGE('',*,*,#4096,.T.);
#5445=ORIENTED_EDGE('',*,*,#4092,.F.);
#5446=ORIENTED_EDGE('',*,*,#4097,.T.);
#5447=ORIENTED_EDGE('',*,*,#4090,.T.);
#5448=ORIENTED_EDGE('',*,*,#4098,.F.);
#5449=ORIENTED_EDGE('',*,*,#4099,.F.);
#5450=ORIENTED_EDGE('',*,*,#4100,.T.);
#5451=ORIENTED_EDGE('',*,*,#4095,.F.);
#5452=ORIENTED_EDGE('',*,*,#4101,.F.);
#5453=ORIENTED_EDGE('',*,*,#4102,.F.);
#5454=ORIENTED_EDGE('',*,*,#4103,.F.);
#5455=ORIENTED_EDGE('',*,*,#4080,.T.);
#5456=ORIENTED_EDGE('',*,*,#4104,.T.);
#5457=ORIENTED_EDGE('',*,*,#4105,.F.);
#5458=ORIENTED_EDGE('',*,*,#4106,.T.);
#5459=ORIENTED_EDGE('',*,*,#4104,.F.);
#5460=ORIENTED_EDGE('',*,*,#4079,.T.);
#5461=ORIENTED_EDGE('',*,*,#4083,.F.);
#5462=ORIENTED_EDGE('',*,*,#4084,.F.);
#5463=ORIENTED_EDGE('',*,*,#4107,.F.);
#5464=ORIENTED_EDGE('',*,*,#4098,.T.);
#5465=ORIENTED_EDGE('',*,*,#4089,.F.);
#5466=ORIENTED_EDGE('',*,*,#4093,.T.);
#5467=ORIENTED_EDGE('',*,*,#4096,.F.);
#5468=ORIENTED_EDGE('',*,*,#4100,.F.);
#5469=ORIENTED_EDGE('',*,*,#4108,.F.);
#5470=ORIENTED_EDGE('',*,*,#4085,.T.);
#5471=ORIENTED_EDGE('',*,*,#4081,.T.);
#5472=ORIENTED_EDGE('',*,*,#4077,.F.);
#5473=ORIENTED_EDGE('',*,*,#4103,.T.);
#5474=ORIENTED_EDGE('',*,*,#4109,.F.);
#5475=ORIENTED_EDGE('',*,*,#4110,.T.);
#5476=ORIENTED_EDGE('',*,*,#4111,.T.);
#5477=ORIENTED_EDGE('',*,*,#4086,.T.);
#5478=ORIENTED_EDGE('',*,*,#4112,.F.);
#5479=ORIENTED_EDGE('',*,*,#4113,.F.);
#5480=ORIENTED_EDGE('',*,*,#4101,.T.);
#5481=ORIENTED_EDGE('',*,*,#4094,.T.);
#5482=ORIENTED_EDGE('',*,*,#4091,.F.);
#5483=ORIENTED_EDGE('',*,*,#4087,.T.);
#5484=ORIENTED_EDGE('',*,*,#4097,.F.);
#5485=ORIENTED_EDGE('',*,*,#4114,.T.);
#5486=ORIENTED_EDGE('',*,*,#4115,.T.);
#5487=ORIENTED_EDGE('',*,*,#4099,.T.);
#5488=ORIENTED_EDGE('',*,*,#4116,.F.);
#5489=ORIENTED_EDGE('',*,*,#4117,.F.);
#5490=ORIENTED_EDGE('',*,*,#4118,.T.);
#5491=ORIENTED_EDGE('',*,*,#4102,.T.);
#5492=ORIENTED_EDGE('',*,*,#4119,.F.);
#5493=ORIENTED_EDGE('',*,*,#4120,.F.);
#5494=ORIENTED_EDGE('',*,*,#4109,.T.);
#5495=ORIENTED_EDGE('',*,*,#4105,.T.);
#5496=ORIENTED_EDGE('',*,*,#4106,.F.);
#5497=ORIENTED_EDGE('',*,*,#4121,.F.);
#5498=ORIENTED_EDGE('',*,*,#4122,.T.);
#5499=ORIENTED_EDGE('',*,*,#4107,.T.);
#5500=ORIENTED_EDGE('',*,*,#4111,.F.);
#5501=ORIENTED_EDGE('',*,*,#4123,.F.);
#5502=ORIENTED_EDGE('',*,*,#4116,.T.);
#5503=ORIENTED_EDGE('',*,*,#4108,.T.);
#5504=ORIENTED_EDGE('',*,*,#4118,.F.);
#5505=ORIENTED_EDGE('',*,*,#4124,.F.);
#5506=ORIENTED_EDGE('',*,*,#4112,.T.);
#5507=ORIENTED_EDGE('',*,*,#4110,.F.);
#5508=ORIENTED_EDGE('',*,*,#4125,.F.);
#5509=ORIENTED_EDGE('',*,*,#4126,.F.);
#5510=ORIENTED_EDGE('',*,*,#4127,.T.);
#5511=ORIENTED_EDGE('',*,*,#4128,.T.);
#5512=ORIENTED_EDGE('',*,*,#4129,.F.);
#5513=ORIENTED_EDGE('',*,*,#4130,.F.);
#5514=ORIENTED_EDGE('',*,*,#4131,.T.);
#5515=ORIENTED_EDGE('',*,*,#4113,.T.);
#5516=ORIENTED_EDGE('',*,*,#4132,.F.);
#5517=ORIENTED_EDGE('',*,*,#4128,.F.);
#5518=ORIENTED_EDGE('',*,*,#4133,.T.);
#5519=ORIENTED_EDGE('',*,*,#4134,.T.);
#5520=ORIENTED_EDGE('',*,*,#4135,.F.);
#5521=ORIENTED_EDGE('',*,*,#4136,.F.);
#5522=ORIENTED_EDGE('',*,*,#4137,.T.);
#5523=ORIENTED_EDGE('',*,*,#4117,.T.);
#5524=ORIENTED_EDGE('',*,*,#4138,.F.);
#5525=ORIENTED_EDGE('',*,*,#4134,.F.);
#5526=ORIENTED_EDGE('',*,*,#4119,.T.);
#5527=ORIENTED_EDGE('',*,*,#4114,.F.);
#5528=ORIENTED_EDGE('',*,*,#4115,.F.);
#5529=ORIENTED_EDGE('',*,*,#4139,.F.);
#5530=ORIENTED_EDGE('',*,*,#4140,.T.);
#5531=ORIENTED_EDGE('',*,*,#4120,.T.);
#5532=ORIENTED_EDGE('',*,*,#4141,.F.);
#5533=ORIENTED_EDGE('',*,*,#4142,.F.);
#5534=ORIENTED_EDGE('',*,*,#4143,.T.);
#5535=ORIENTED_EDGE('',*,*,#4142,.T.);
#5536=ORIENTED_EDGE('',*,*,#4144,.F.);
#5537=ORIENTED_EDGE('',*,*,#4145,.F.);
#5538=ORIENTED_EDGE('',*,*,#4125,.T.);
#5539=ORIENTED_EDGE('',*,*,#4121,.T.);
#5540=ORIENTED_EDGE('',*,*,#4122,.F.);
#5541=ORIENTED_EDGE('',*,*,#4146,.F.);
#5542=ORIENTED_EDGE('',*,*,#4131,.F.);
#5543=ORIENTED_EDGE('',*,*,#4127,.F.);
#5544=ORIENTED_EDGE('',*,*,#4147,.F.);
#5545=ORIENTED_EDGE('',*,*,#4148,.T.);
#5546=ORIENTED_EDGE('',*,*,#4123,.T.);
#5547=ORIENTED_EDGE('',*,*,#4138,.T.);
#5548=ORIENTED_EDGE('',*,*,#4124,.T.);
#5549=ORIENTED_EDGE('',*,*,#4140,.F.);
#5550=ORIENTED_EDGE('',*,*,#4143,.F.);
#5551=ORIENTED_EDGE('',*,*,#4149,.F.);
#5552=ORIENTED_EDGE('',*,*,#4135,.T.);
#5553=ORIENTED_EDGE('',*,*,#3845,.F.);
#5554=ORIENTED_EDGE('',*,*,#4150,.T.);
#5555=ORIENTED_EDGE('',*,*,#4151,.T.);
#5556=ORIENTED_EDGE('',*,*,#3905,.F.);
#5557=ORIENTED_EDGE('',*,*,#3840,.T.);
#5558=ORIENTED_EDGE('',*,*,#3909,.T.);
#5559=ORIENTED_EDGE('',*,*,#4152,.F.);
#5560=ORIENTED_EDGE('',*,*,#4153,.F.);
#5561=ORIENTED_EDGE('',*,*,#4154,.F.);
#5562=ORIENTED_EDGE('',*,*,#3907,.T.);
#5563=ORIENTED_EDGE('',*,*,#4155,.T.);
#5564=ORIENTED_EDGE('',*,*,#4156,.F.);
#5565=ORIENTED_EDGE('',*,*,#4153,.T.);
#5566=ORIENTED_EDGE('',*,*,#4157,.T.);
#5567=ORIENTED_EDGE('',*,*,#4158,.T.);
#5568=ORIENTED_EDGE('',*,*,#4159,.T.);
#5569=ORIENTED_EDGE('',*,*,#4150,.F.);
#5570=ORIENTED_EDGE('',*,*,#3844,.F.);
#5571=ORIENTED_EDGE('',*,*,#3810,.F.);
#5572=ORIENTED_EDGE('',*,*,#3841,.F.);
#5573=ORIENTED_EDGE('',*,*,#4160,.F.);
#5574=ORIENTED_EDGE('',*,*,#4156,.T.);
#5575=ORIENTED_EDGE('',*,*,#4161,.F.);
#5576=ORIENTED_EDGE('',*,*,#4130,.T.);
#5577=ORIENTED_EDGE('',*,*,#4162,.F.);
#5578=ORIENTED_EDGE('',*,*,#4163,.T.);
#5579=ORIENTED_EDGE('',*,*,#4164,.T.);
#5580=ORIENTED_EDGE('',*,*,#4158,.F.);
#5581=ORIENTED_EDGE('',*,*,#4165,.T.);
#5582=ORIENTED_EDGE('',*,*,#4136,.T.);
#5583=ORIENTED_EDGE('',*,*,#4166,.T.);
#5584=ORIENTED_EDGE('',*,*,#4163,.F.);
#5585=ORIENTED_EDGE('',*,*,#4132,.T.);
#5586=ORIENTED_EDGE('',*,*,#4126,.T.);
#5587=ORIENTED_EDGE('',*,*,#4167,.F.);
#5588=ORIENTED_EDGE('',*,*,#4168,.F.);
#5589=ORIENTED_EDGE('',*,*,#4129,.T.);
#5590=ORIENTED_EDGE('',*,*,#4141,.T.);
#5591=ORIENTED_EDGE('',*,*,#4139,.T.);
#5592=ORIENTED_EDGE('',*,*,#4137,.F.);
#5593=ORIENTED_EDGE('',*,*,#4133,.F.);
#5594=ORIENTED_EDGE('',*,*,#4169,.F.);
#5595=ORIENTED_EDGE('',*,*,#4144,.T.);
#5596=ORIENTED_EDGE('',*,*,#4170,.T.);
#5597=ORIENTED_EDGE('',*,*,#4171,.T.);
#5598=ORIENTED_EDGE('',*,*,#4172,.T.);
#5599=ORIENTED_EDGE('',*,*,#4145,.T.);
#5600=ORIENTED_EDGE('',*,*,#4173,.F.);
#5601=ORIENTED_EDGE('',*,*,#4174,.T.);
#5602=ORIENTED_EDGE('',*,*,#4175,.T.);
#5603=ORIENTED_EDGE('',*,*,#4171,.F.);
#5604=ORIENTED_EDGE('',*,*,#4176,.T.);
#5605=ORIENTED_EDGE('',*,*,#4177,.T.);
#5606=ORIENTED_EDGE('',*,*,#4174,.F.);
#5607=ORIENTED_EDGE('',*,*,#4178,.T.);
#5608=ORIENTED_EDGE('',*,*,#4179,.F.);
#5609=ORIENTED_EDGE('',*,*,#3829,.F.);
#5610=ORIENTED_EDGE('',*,*,#3815,.T.);
#5611=ORIENTED_EDGE('',*,*,#3843,.F.);
#5612=ORIENTED_EDGE('',*,*,#4167,.T.);
#5613=ORIENTED_EDGE('',*,*,#4146,.T.);
#5614=ORIENTED_EDGE('',*,*,#4148,.F.);
#5615=ORIENTED_EDGE('',*,*,#4180,.F.);
#5616=ORIENTED_EDGE('',*,*,#3967,.T.);
#5617=ORIENTED_EDGE('',*,*,#4181,.T.);
#5618=ORIENTED_EDGE('',*,*,#4182,.F.);
#5619=ORIENTED_EDGE('',*,*,#3897,.F.);
#5620=ORIENTED_EDGE('',*,*,#4177,.F.);
#5621=ORIENTED_EDGE('',*,*,#4183,.F.);
#5622=ORIENTED_EDGE('',*,*,#3898,.F.);
#5623=ORIENTED_EDGE('',*,*,#4182,.T.);
#5624=ORIENTED_EDGE('',*,*,#4184,.T.);
#5625=ORIENTED_EDGE('',*,*,#4147,.T.);
#5626=ORIENTED_EDGE('',*,*,#4161,.T.);
#5627=ORIENTED_EDGE('',*,*,#4155,.F.);
#5628=ORIENTED_EDGE('',*,*,#3906,.T.);
#5629=ORIENTED_EDGE('',*,*,#4151,.F.);
#5630=ORIENTED_EDGE('',*,*,#4159,.F.);
#5631=ORIENTED_EDGE('',*,*,#4164,.F.);
#5632=ORIENTED_EDGE('',*,*,#4166,.F.);
#5633=ORIENTED_EDGE('',*,*,#4149,.T.);
#5634=ORIENTED_EDGE('',*,*,#4172,.F.);
#5635=ORIENTED_EDGE('',*,*,#4175,.F.);
#5636=ORIENTED_EDGE('',*,*,#3899,.F.);
#5637=ORIENTED_EDGE('',*,*,#4183,.T.);
#5638=ORIENTED_EDGE('',*,*,#4176,.F.);
#5639=ORIENTED_EDGE('',*,*,#3842,.F.);
#5640=ORIENTED_EDGE('',*,*,#3886,.T.);
#5641=ORIENTED_EDGE('',*,*,#3830,.T.);
#5642=ORIENTED_EDGE('',*,*,#4179,.T.);
#5643=ORIENTED_EDGE('',*,*,#4185,.F.);
#5644=ORIENTED_EDGE('',*,*,#4178,.F.);
#5645=ORIENTED_EDGE('',*,*,#4173,.T.);
#5646=ORIENTED_EDGE('',*,*,#4170,.F.);
#5647=ORIENTED_EDGE('',*,*,#4169,.T.);
#5648=ORIENTED_EDGE('',*,*,#4165,.F.);
#5649=ORIENTED_EDGE('',*,*,#4162,.T.);
#5650=ORIENTED_EDGE('',*,*,#4157,.F.);
#5651=ORIENTED_EDGE('',*,*,#4152,.T.);
#5652=ORIENTED_EDGE('',*,*,#3908,.T.);
#5653=ORIENTED_EDGE('',*,*,#4154,.T.);
#5654=ORIENTED_EDGE('',*,*,#4160,.T.);
#5655=ORIENTED_EDGE('',*,*,#4168,.T.);
#5656=ORIENTED_EDGE('',*,*,#4186,.F.);
#5657=ORIENTED_EDGE('',*,*,#4187,.F.);
#5658=ORIENTED_EDGE('',*,*,#3887,.T.);
#5659=ORIENTED_EDGE('',*,*,#4185,.T.);
#5660=ORIENTED_EDGE('',*,*,#3961,.F.);
#5661=ORIENTED_EDGE('',*,*,#3888,.T.);
#5662=ORIENTED_EDGE('',*,*,#4187,.T.);
#5663=ORIENTED_EDGE('',*,*,#4188,.F.);
#5664=ORIENTED_EDGE('',*,*,#4188,.T.);
#5665=ORIENTED_EDGE('',*,*,#4186,.T.);
#5666=ORIENTED_EDGE('',*,*,#4180,.T.);
#5667=ORIENTED_EDGE('',*,*,#4184,.F.);
#5668=ORIENTED_EDGE('',*,*,#4181,.F.);
#5669=ORIENTED_EDGE('',*,*,#3966,.F.);
#5670=ORIENTED_EDGE('',*,*,#3957,.F.);
#5671=ORIENTED_EDGE('',*,*,#3962,.F.);
#5672=ORIENTED_EDGE('',*,*,#4189,.F.);
#5673=ORIENTED_EDGE('',*,*,#4190,.T.);
#5674=ORIENTED_EDGE('',*,*,#4191,.T.);
#5675=ORIENTED_EDGE('',*,*,#4192,.F.);
#5676=ORIENTED_EDGE('',*,*,#4193,.T.);
#5677=ORIENTED_EDGE('',*,*,#4194,.F.);
#5678=ORIENTED_EDGE('',*,*,#4195,.F.);
#5679=ORIENTED_EDGE('',*,*,#4196,.T.);
#5680=ORIENTED_EDGE('',*,*,#4189,.T.);
#5681=ORIENTED_EDGE('',*,*,#4197,.F.);
#5682=ORIENTED_EDGE('',*,*,#4198,.T.);
#5683=ORIENTED_EDGE('',*,*,#4199,.T.);
#5684=ORIENTED_EDGE('',*,*,#4190,.F.);
#5685=ORIENTED_EDGE('',*,*,#4196,.F.);
#5686=ORIENTED_EDGE('',*,*,#4200,.F.);
#5687=ORIENTED_EDGE('',*,*,#4194,.T.);
#5688=ORIENTED_EDGE('',*,*,#4201,.T.);
#5689=ORIENTED_EDGE('',*,*,#4202,.T.);
#5690=ORIENTED_EDGE('',*,*,#4191,.F.);
#5691=ORIENTED_EDGE('',*,*,#4199,.F.);
#5692=ORIENTED_EDGE('',*,*,#4203,.F.);
#5693=ORIENTED_EDGE('',*,*,#4204,.F.);
#5694=ORIENTED_EDGE('',*,*,#4193,.F.);
#5695=ORIENTED_EDGE('',*,*,#4205,.T.);
#5696=ORIENTED_EDGE('',*,*,#4206,.T.);
#5697=ORIENTED_EDGE('',*,*,#4207,.F.);
#5698=ORIENTED_EDGE('',*,*,#4192,.T.);
#5699=ORIENTED_EDGE('',*,*,#4204,.T.);
#5700=ORIENTED_EDGE('',*,*,#4208,.F.);
#5701=ORIENTED_EDGE('',*,*,#4205,.F.);
#5702=ORIENTED_EDGE('',*,*,#4206,.F.);
#5703=ORIENTED_EDGE('',*,*,#4208,.T.);
#5704=ORIENTED_EDGE('',*,*,#4203,.T.);
#5705=ORIENTED_EDGE('',*,*,#4198,.F.);
#5706=ORIENTED_EDGE('',*,*,#4195,.T.);
#5707=ORIENTED_EDGE('',*,*,#4209,.F.);
#5708=ORIENTED_EDGE('',*,*,#4210,.F.);
#5709=ORIENTED_EDGE('',*,*,#4197,.T.);
#5710=ORIENTED_EDGE('',*,*,#4200,.T.);
#5711=ORIENTED_EDGE('',*,*,#4211,.F.);
#5712=ORIENTED_EDGE('',*,*,#4201,.F.);
#5713=ORIENTED_EDGE('',*,*,#4207,.T.);
#5714=ORIENTED_EDGE('',*,*,#4212,.T.);
#5715=ORIENTED_EDGE('',*,*,#4213,.F.);
#5716=ORIENTED_EDGE('',*,*,#4214,.T.);
#5717=ORIENTED_EDGE('',*,*,#4215,.F.);
#5718=ORIENTED_EDGE('',*,*,#3963,.F.);
#5719=ORIENTED_EDGE('',*,*,#4216,.F.);
#5720=ORIENTED_EDGE('',*,*,#4202,.F.);
#5721=ORIENTED_EDGE('',*,*,#4212,.F.);
#5722=ORIENTED_EDGE('',*,*,#4209,.T.);
#5723=ORIENTED_EDGE('',*,*,#4210,.T.);
#5724=ORIENTED_EDGE('',*,*,#4217,.F.);
#5725=ORIENTED_EDGE('',*,*,#4218,.F.);
#5726=ORIENTED_EDGE('',*,*,#4211,.T.);
#5727=ORIENTED_EDGE('',*,*,#4216,.T.);
#5728=ORIENTED_EDGE('',*,*,#3928,.T.);
#5729=ORIENTED_EDGE('',*,*,#4214,.F.);
#5730=ORIENTED_EDGE('',*,*,#4213,.T.);
#5731=ORIENTED_EDGE('',*,*,#4219,.T.);
#5732=ORIENTED_EDGE('',*,*,#4220,.F.);
#5733=ORIENTED_EDGE('',*,*,#4215,.T.);
#5734=ORIENTED_EDGE('',*,*,#4220,.T.);
#5735=ORIENTED_EDGE('',*,*,#4221,.F.);
#5736=ORIENTED_EDGE('',*,*,#3930,.F.);
#5737=ORIENTED_EDGE('',*,*,#4219,.F.);
#5738=ORIENTED_EDGE('',*,*,#4217,.T.);
#5739=ORIENTED_EDGE('',*,*,#4218,.T.);
#5740=ORIENTED_EDGE('',*,*,#3965,.F.);
#5741=ORIENTED_EDGE('',*,*,#4221,.T.);
#5742=ORIENTED_EDGE('',*,*,#4222,.T.);
#5743=ORIENTED_EDGE('',*,*,#4223,.T.);
#5744=ORIENTED_EDGE('',*,*,#4224,.F.);
#5745=ORIENTED_EDGE('',*,*,#4225,.T.);
#5746=ORIENTED_EDGE('',*,*,#4226,.F.);
#5747=ORIENTED_EDGE('',*,*,#4227,.F.);
#5748=ORIENTED_EDGE('',*,*,#4228,.T.);
#5749=ORIENTED_EDGE('',*,*,#4229,.T.);
#5750=ORIENTED_EDGE('',*,*,#4222,.F.);
#5751=ORIENTED_EDGE('',*,*,#4230,.F.);
#5752=ORIENTED_EDGE('',*,*,#4231,.F.);
#5753=ORIENTED_EDGE('',*,*,#4230,.T.);
#5754=ORIENTED_EDGE('',*,*,#4227,.T.);
#5755=ORIENTED_EDGE('',*,*,#4232,.F.);
#5756=ORIENTED_EDGE('',*,*,#4233,.T.);
#5757=ORIENTED_EDGE('',*,*,#4234,.F.);
#5758=ORIENTED_EDGE('',*,*,#4235,.F.);
#5759=ORIENTED_EDGE('',*,*,#4223,.F.);
#5760=ORIENTED_EDGE('',*,*,#4226,.T.);
#5761=ORIENTED_EDGE('',*,*,#4236,.T.);
#5762=ORIENTED_EDGE('',*,*,#4237,.T.);
#5763=ORIENTED_EDGE('',*,*,#4232,.T.);
#5764=ORIENTED_EDGE('',*,*,#4224,.T.);
#5765=ORIENTED_EDGE('',*,*,#4238,.T.);
#5766=ORIENTED_EDGE('',*,*,#4239,.F.);
#5767=ORIENTED_EDGE('',*,*,#4240,.F.);
#5768=ORIENTED_EDGE('',*,*,#4225,.F.);
#5769=ORIENTED_EDGE('',*,*,#4240,.T.);
#5770=ORIENTED_EDGE('',*,*,#4241,.T.);
#5771=ORIENTED_EDGE('',*,*,#4236,.F.);
#5772=ORIENTED_EDGE('',*,*,#4239,.T.);
#5773=ORIENTED_EDGE('',*,*,#4242,.T.);
#5774=ORIENTED_EDGE('',*,*,#4228,.F.);
#5775=ORIENTED_EDGE('',*,*,#4231,.T.);
#5776=ORIENTED_EDGE('',*,*,#4237,.F.);
#5777=ORIENTED_EDGE('',*,*,#4241,.F.);
#5778=ORIENTED_EDGE('',*,*,#4243,.T.);
#5779=ORIENTED_EDGE('',*,*,#4244,.T.);
#5780=ORIENTED_EDGE('',*,*,#4233,.F.);
#5781=ORIENTED_EDGE('',*,*,#4229,.F.);
#5782=ORIENTED_EDGE('',*,*,#4235,.T.);
#5783=ORIENTED_EDGE('',*,*,#4245,.T.);
#5784=ORIENTED_EDGE('',*,*,#4246,.F.);
#5785=ORIENTED_EDGE('',*,*,#4238,.F.);
#5786=ORIENTED_EDGE('',*,*,#4247,.F.);
#5787=ORIENTED_EDGE('',*,*,#4234,.T.);
#5788=ORIENTED_EDGE('',*,*,#4248,.T.);
#5789=ORIENTED_EDGE('',*,*,#3958,.T.);
#5790=ORIENTED_EDGE('',*,*,#4249,.T.);
#5791=ORIENTED_EDGE('',*,*,#4246,.T.);
#5792=ORIENTED_EDGE('',*,*,#4250,.T.);
#5793=ORIENTED_EDGE('',*,*,#4243,.F.);
#5794=ORIENTED_EDGE('',*,*,#4242,.F.);
#5795=ORIENTED_EDGE('',*,*,#4251,.T.);
#5796=ORIENTED_EDGE('',*,*,#3945,.F.);
#5797=ORIENTED_EDGE('',*,*,#4248,.F.);
#5798=ORIENTED_EDGE('',*,*,#4244,.F.);
#5799=ORIENTED_EDGE('',*,*,#4247,.T.);
#5800=ORIENTED_EDGE('',*,*,#4252,.T.);
#5801=ORIENTED_EDGE('',*,*,#4253,.F.);
#5802=ORIENTED_EDGE('',*,*,#4245,.F.);
#5803=ORIENTED_EDGE('',*,*,#4249,.F.);
#5804=ORIENTED_EDGE('',*,*,#3916,.T.);
#5805=ORIENTED_EDGE('',*,*,#4254,.T.);
#5806=ORIENTED_EDGE('',*,*,#4252,.F.);
#5807=ORIENTED_EDGE('',*,*,#4253,.T.);
#5808=ORIENTED_EDGE('',*,*,#4254,.F.);
#5809=ORIENTED_EDGE('',*,*,#3964,.T.);
#5810=ORIENTED_EDGE('',*,*,#4251,.F.);
#5811=ORIENTED_EDGE('',*,*,#4250,.F.);
#5812=ORIENTED_EDGE('',*,*,#4255,.T.);
#5813=ORIENTED_EDGE('',*,*,#4256,.T.);
#5814=ORIENTED_EDGE('',*,*,#4257,.F.);
#5815=ORIENTED_EDGE('',*,*,#4258,.F.);
#5816=ORIENTED_EDGE('',*,*,#4259,.F.);
#5817=ORIENTED_EDGE('',*,*,#4256,.F.);
#5818=ORIENTED_EDGE('',*,*,#4260,.F.);
#5819=ORIENTED_EDGE('',*,*,#4261,.F.);
#5820=ORIENTED_EDGE('',*,*,#4262,.T.);
#5821=ORIENTED_EDGE('',*,*,#4261,.T.);
#5822=ORIENTED_EDGE('',*,*,#4263,.F.);
#5823=ORIENTED_EDGE('',*,*,#4264,.F.);
#5824=ORIENTED_EDGE('',*,*,#4265,.T.);
#5825=ORIENTED_EDGE('',*,*,#4258,.T.);
#5826=ORIENTED_EDGE('',*,*,#4266,.F.);
#5827=ORIENTED_EDGE('',*,*,#4267,.F.);
#5828=ORIENTED_EDGE('',*,*,#4268,.T.);
#5829=ORIENTED_EDGE('',*,*,#4264,.T.);
#5830=ORIENTED_EDGE('',*,*,#4269,.F.);
#5831=ORIENTED_EDGE('',*,*,#4270,.F.);
#5832=ORIENTED_EDGE('',*,*,#4266,.T.);
#5833=ORIENTED_EDGE('',*,*,#4257,.T.);
#5834=ORIENTED_EDGE('',*,*,#4259,.T.);
#5835=ORIENTED_EDGE('',*,*,#4262,.F.);
#5836=ORIENTED_EDGE('',*,*,#4268,.F.);
#5837=ORIENTED_EDGE('',*,*,#4271,.F.);
#5838=ORIENTED_EDGE('',*,*,#4269,.T.);
#5839=ORIENTED_EDGE('',*,*,#4263,.T.);
#5840=ORIENTED_EDGE('',*,*,#4260,.T.);
#5841=ORIENTED_EDGE('',*,*,#4255,.F.);
#5842=ORIENTED_EDGE('',*,*,#4265,.F.);
#5843=ORIENTED_EDGE('',*,*,#4272,.T.);
#5844=ORIENTED_EDGE('',*,*,#4273,.T.);
#5845=ORIENTED_EDGE('',*,*,#4267,.T.);
#5846=ORIENTED_EDGE('',*,*,#4274,.F.);
#5847=ORIENTED_EDGE('',*,*,#4275,.F.);
#5848=ORIENTED_EDGE('',*,*,#4276,.T.);
#5849=ORIENTED_EDGE('',*,*,#4270,.T.);
#5850=ORIENTED_EDGE('',*,*,#4277,.F.);
#5851=ORIENTED_EDGE('',*,*,#4278,.F.);
#5852=ORIENTED_EDGE('',*,*,#4274,.T.);
#5853=ORIENTED_EDGE('',*,*,#4271,.T.);
#5854=ORIENTED_EDGE('',*,*,#4276,.F.);
#5855=ORIENTED_EDGE('',*,*,#4279,.F.);
#5856=ORIENTED_EDGE('',*,*,#4277,.T.);
#5857=ORIENTED_EDGE('',*,*,#4272,.F.);
#5858=ORIENTED_EDGE('',*,*,#4273,.F.);
#5859=ORIENTED_EDGE('',*,*,#4280,.F.);
#5860=ORIENTED_EDGE('',*,*,#4281,.T.);
#5861=ORIENTED_EDGE('',*,*,#4275,.T.);
#5862=ORIENTED_EDGE('',*,*,#4282,.F.);
#5863=ORIENTED_EDGE('',*,*,#3793,.F.);
#5864=ORIENTED_EDGE('',*,*,#4283,.T.);
#5865=ORIENTED_EDGE('',*,*,#4278,.T.);
#5866=ORIENTED_EDGE('',*,*,#4284,.F.);
#5867=ORIENTED_EDGE('',*,*,#3915,.T.);
#5868=ORIENTED_EDGE('',*,*,#4282,.T.);
#5869=ORIENTED_EDGE('',*,*,#4279,.T.);
#5870=ORIENTED_EDGE('',*,*,#4283,.F.);
#5871=ORIENTED_EDGE('',*,*,#3848,.T.);
#5872=ORIENTED_EDGE('',*,*,#4284,.T.);
#5873=ORIENTED_EDGE('',*,*,#4280,.T.);
#5874=ORIENTED_EDGE('',*,*,#4281,.F.);
#5875=ORIENTED_EDGE('',*,*,#3837,.F.);
#5876=ORIENTED_EDGE('',*,*,#4285,.F.);
#5877=ORIENTED_EDGE('',*,*,#4286,.T.);
#5878=ORIENTED_EDGE('',*,*,#4287,.F.);
#5879=ORIENTED_EDGE('',*,*,#4288,.F.);
#5880=ORIENTED_EDGE('',*,*,#4289,.F.);
#5881=ORIENTED_EDGE('',*,*,#4290,.T.);
#5882=ORIENTED_EDGE('',*,*,#4291,.F.);
#5883=ORIENTED_EDGE('',*,*,#4292,.F.);
#5884=ORIENTED_EDGE('',*,*,#4293,.F.);
#5885=ORIENTED_EDGE('',*,*,#4294,.T.);
#5886=ORIENTED_EDGE('',*,*,#4295,.F.);
#5887=ORIENTED_EDGE('',*,*,#4296,.F.);
#5888=ORIENTED_EDGE('',*,*,#4297,.F.);
#5889=ORIENTED_EDGE('',*,*,#4298,.T.);
#5890=ORIENTED_EDGE('',*,*,#4299,.F.);
#5891=ORIENTED_EDGE('',*,*,#4300,.F.);
#5892=ORIENTED_EDGE('',*,*,#4301,.F.);
#5893=ORIENTED_EDGE('',*,*,#4302,.T.);
#5894=ORIENTED_EDGE('',*,*,#4303,.F.);
#5895=ORIENTED_EDGE('',*,*,#4304,.F.);
#5896=ORIENTED_EDGE('',*,*,#4305,.F.);
#5897=ORIENTED_EDGE('',*,*,#4306,.T.);
#5898=ORIENTED_EDGE('',*,*,#4307,.F.);
#5899=ORIENTED_EDGE('',*,*,#4308,.F.);
#5900=ORIENTED_EDGE('',*,*,#4309,.F.);
#5901=ORIENTED_EDGE('',*,*,#4310,.T.);
#5902=ORIENTED_EDGE('',*,*,#4311,.F.);
#5903=ORIENTED_EDGE('',*,*,#4312,.F.);
#5904=ORIENTED_EDGE('',*,*,#4313,.F.);
#5905=ORIENTED_EDGE('',*,*,#4314,.T.);
#5906=ORIENTED_EDGE('',*,*,#4315,.F.);
#5907=ORIENTED_EDGE('',*,*,#4316,.F.);
#5908=ORIENTED_EDGE('',*,*,#4317,.F.);
#5909=ORIENTED_EDGE('',*,*,#4318,.T.);
#5910=ORIENTED_EDGE('',*,*,#4319,.T.);
#5911=ORIENTED_EDGE('',*,*,#4320,.F.);
#5912=ORIENTED_EDGE('',*,*,#4321,.T.);
#5913=ORIENTED_EDGE('',*,*,#4322,.T.);
#5914=ORIENTED_EDGE('',*,*,#4323,.F.);
#5915=ORIENTED_EDGE('',*,*,#4324,.F.);
#5916=ORIENTED_EDGE('',*,*,#4325,.F.);
#5917=ORIENTED_EDGE('',*,*,#4326,.T.);
#5918=ORIENTED_EDGE('',*,*,#4327,.F.);
#5919=ORIENTED_EDGE('',*,*,#4328,.F.);
#5920=ORIENTED_EDGE('',*,*,#4329,.F.);
#5921=ORIENTED_EDGE('',*,*,#4330,.T.);
#5922=ORIENTED_EDGE('',*,*,#4331,.F.);
#5923=ORIENTED_EDGE('',*,*,#4332,.F.);
#5924=ORIENTED_EDGE('',*,*,#4333,.F.);
#5925=ORIENTED_EDGE('',*,*,#4334,.T.);
#5926=ORIENTED_EDGE('',*,*,#4335,.F.);
#5927=ORIENTED_EDGE('',*,*,#4336,.F.);
#5928=ORIENTED_EDGE('',*,*,#4337,.F.);
#5929=ORIENTED_EDGE('',*,*,#4338,.T.);
#5930=ORIENTED_EDGE('',*,*,#4339,.F.);
#5931=ORIENTED_EDGE('',*,*,#4340,.F.);
#5932=ORIENTED_EDGE('',*,*,#4341,.F.);
#5933=ORIENTED_EDGE('',*,*,#4342,.T.);
#5934=ORIENTED_EDGE('',*,*,#4343,.F.);
#5935=ORIENTED_EDGE('',*,*,#4344,.F.);
#5936=ORIENTED_EDGE('',*,*,#4345,.F.);
#5937=ORIENTED_EDGE('',*,*,#4346,.T.);
#5938=ORIENTED_EDGE('',*,*,#4347,.F.);
#5939=ORIENTED_EDGE('',*,*,#4348,.F.);
#5940=ORIENTED_EDGE('',*,*,#4349,.F.);
#5941=ORIENTED_EDGE('',*,*,#4350,.T.);
#5942=ORIENTED_EDGE('',*,*,#4351,.F.);
#5943=ORIENTED_EDGE('',*,*,#4352,.F.);
#5944=ORIENTED_EDGE('',*,*,#4353,.T.);
#5945=ORIENTED_EDGE('',*,*,#4354,.F.);
#5946=ORIENTED_EDGE('',*,*,#4355,.T.);
#5947=ORIENTED_EDGE('',*,*,#4320,.T.);
#5948=ORIENTED_EDGE('',*,*,#4352,.T.);
#5949=ORIENTED_EDGE('',*,*,#4356,.T.);
#5950=ORIENTED_EDGE('',*,*,#4357,.F.);
#5951=ORIENTED_EDGE('',*,*,#4358,.F.);
#5952=ORIENTED_EDGE('',*,*,#4287,.T.);
#5953=ORIENTED_EDGE('',*,*,#4359,.T.);
#5954=ORIENTED_EDGE('',*,*,#4360,.F.);
#5955=ORIENTED_EDGE('',*,*,#4361,.T.);
#5956=ORIENTED_EDGE('',*,*,#4362,.T.);
#5957=ORIENTED_EDGE('',*,*,#4363,.F.);
#5958=ORIENTED_EDGE('',*,*,#4351,.T.);
#5959=ORIENTED_EDGE('',*,*,#4364,.T.);
#5960=ORIENTED_EDGE('',*,*,#4365,.F.);
#5961=ORIENTED_EDGE('',*,*,#4366,.T.);
#5962=ORIENTED_EDGE('',*,*,#4367,.F.);
#5963=ORIENTED_EDGE('',*,*,#4356,.F.);
#5964=ORIENTED_EDGE('',*,*,#4348,.T.);
#5965=ORIENTED_EDGE('',*,*,#4368,.T.);
#5966=ORIENTED_EDGE('',*,*,#4369,.F.);
#5967=ORIENTED_EDGE('',*,*,#4370,.F.);
#5968=ORIENTED_EDGE('',*,*,#4291,.T.);
#5969=ORIENTED_EDGE('',*,*,#4371,.T.);
#5970=ORIENTED_EDGE('',*,*,#4372,.F.);
#5971=ORIENTED_EDGE('',*,*,#4373,.T.);
#5972=ORIENTED_EDGE('',*,*,#4374,.T.);
#5973=ORIENTED_EDGE('',*,*,#4375,.F.);
#5974=ORIENTED_EDGE('',*,*,#4347,.T.);
#5975=ORIENTED_EDGE('',*,*,#4376,.T.);
#5976=ORIENTED_EDGE('',*,*,#4377,.F.);
#5977=ORIENTED_EDGE('',*,*,#4378,.T.);
#5978=ORIENTED_EDGE('',*,*,#4379,.F.);
#5979=ORIENTED_EDGE('',*,*,#4368,.F.);
#5980=ORIENTED_EDGE('',*,*,#4344,.T.);
#5981=ORIENTED_EDGE('',*,*,#4380,.T.);
#5982=ORIENTED_EDGE('',*,*,#4381,.F.);
#5983=ORIENTED_EDGE('',*,*,#4382,.F.);
#5984=ORIENTED_EDGE('',*,*,#4295,.T.);
#5985=ORIENTED_EDGE('',*,*,#4383,.T.);
#5986=ORIENTED_EDGE('',*,*,#4384,.F.);
#5987=ORIENTED_EDGE('',*,*,#4385,.T.);
#5988=ORIENTED_EDGE('',*,*,#4386,.T.);
#5989=ORIENTED_EDGE('',*,*,#4387,.F.);
#5990=ORIENTED_EDGE('',*,*,#4343,.T.);
#5991=ORIENTED_EDGE('',*,*,#4388,.T.);
#5992=ORIENTED_EDGE('',*,*,#4389,.F.);
#5993=ORIENTED_EDGE('',*,*,#4390,.T.);
#5994=ORIENTED_EDGE('',*,*,#4391,.F.);
#5995=ORIENTED_EDGE('',*,*,#4380,.F.);
#5996=ORIENTED_EDGE('',*,*,#4340,.T.);
#5997=ORIENTED_EDGE('',*,*,#4392,.T.);
#5998=ORIENTED_EDGE('',*,*,#4393,.F.);
#5999=ORIENTED_EDGE('',*,*,#4394,.F.);
#6000=ORIENTED_EDGE('',*,*,#4299,.T.);
#6001=ORIENTED_EDGE('',*,*,#4395,.T.);
#6002=ORIENTED_EDGE('',*,*,#4396,.F.);
#6003=ORIENTED_EDGE('',*,*,#4397,.T.);
#6004=ORIENTED_EDGE('',*,*,#4398,.T.);
#6005=ORIENTED_EDGE('',*,*,#4399,.F.);
#6006=ORIENTED_EDGE('',*,*,#4339,.T.);
#6007=ORIENTED_EDGE('',*,*,#4400,.T.);
#6008=ORIENTED_EDGE('',*,*,#4401,.F.);
#6009=ORIENTED_EDGE('',*,*,#4402,.T.);
#6010=ORIENTED_EDGE('',*,*,#4403,.F.);
#6011=ORIENTED_EDGE('',*,*,#4392,.F.);
#6012=ORIENTED_EDGE('',*,*,#4336,.T.);
#6013=ORIENTED_EDGE('',*,*,#4404,.T.);
#6014=ORIENTED_EDGE('',*,*,#4405,.F.);
#6015=ORIENTED_EDGE('',*,*,#4406,.F.);
#6016=ORIENTED_EDGE('',*,*,#4303,.T.);
#6017=ORIENTED_EDGE('',*,*,#4407,.T.);
#6018=ORIENTED_EDGE('',*,*,#4408,.F.);
#6019=ORIENTED_EDGE('',*,*,#4409,.T.);
#6020=ORIENTED_EDGE('',*,*,#4410,.T.);
#6021=ORIENTED_EDGE('',*,*,#4411,.F.);
#6022=ORIENTED_EDGE('',*,*,#4335,.T.);
#6023=ORIENTED_EDGE('',*,*,#4412,.T.);
#6024=ORIENTED_EDGE('',*,*,#4413,.F.);
#6025=ORIENTED_EDGE('',*,*,#4414,.T.);
#6026=ORIENTED_EDGE('',*,*,#4415,.F.);
#6027=ORIENTED_EDGE('',*,*,#4404,.F.);
#6028=ORIENTED_EDGE('',*,*,#4332,.T.);
#6029=ORIENTED_EDGE('',*,*,#4416,.T.);
#6030=ORIENTED_EDGE('',*,*,#4417,.F.);
#6031=ORIENTED_EDGE('',*,*,#4418,.F.);
#6032=ORIENTED_EDGE('',*,*,#4307,.T.);
#6033=ORIENTED_EDGE('',*,*,#4419,.T.);
#6034=ORIENTED_EDGE('',*,*,#4420,.F.);
#6035=ORIENTED_EDGE('',*,*,#4421,.T.);
#6036=ORIENTED_EDGE('',*,*,#4422,.T.);
#6037=ORIENTED_EDGE('',*,*,#4423,.F.);
#6038=ORIENTED_EDGE('',*,*,#4331,.T.);
#6039=ORIENTED_EDGE('',*,*,#4424,.T.);
#6040=ORIENTED_EDGE('',*,*,#4425,.F.);
#6041=ORIENTED_EDGE('',*,*,#4426,.T.);
#6042=ORIENTED_EDGE('',*,*,#4427,.F.);
#6043=ORIENTED_EDGE('',*,*,#4416,.F.);
#6044=ORIENTED_EDGE('',*,*,#4328,.T.);
#6045=ORIENTED_EDGE('',*,*,#4428,.T.);
#6046=ORIENTED_EDGE('',*,*,#4429,.F.);
#6047=ORIENTED_EDGE('',*,*,#4430,.F.);
#6048=ORIENTED_EDGE('',*,*,#4311,.T.);
#6049=ORIENTED_EDGE('',*,*,#4431,.T.);
#6050=ORIENTED_EDGE('',*,*,#4432,.F.);
#6051=ORIENTED_EDGE('',*,*,#4433,.T.);
#6052=ORIENTED_EDGE('',*,*,#4434,.T.);
#6053=ORIENTED_EDGE('',*,*,#4435,.F.);
#6054=ORIENTED_EDGE('',*,*,#4327,.T.);
#6055=ORIENTED_EDGE('',*,*,#4436,.T.);
#6056=ORIENTED_EDGE('',*,*,#4437,.F.);
#6057=ORIENTED_EDGE('',*,*,#4438,.T.);
#6058=ORIENTED_EDGE('',*,*,#4439,.F.);
#6059=ORIENTED_EDGE('',*,*,#4428,.F.);
#6060=ORIENTED_EDGE('',*,*,#4324,.T.);
#6061=ORIENTED_EDGE('',*,*,#4440,.T.);
#6062=ORIENTED_EDGE('',*,*,#4441,.F.);
#6063=ORIENTED_EDGE('',*,*,#4442,.F.);
#6064=ORIENTED_EDGE('',*,*,#4315,.T.);
#6065=ORIENTED_EDGE('',*,*,#4443,.T.);
#6066=ORIENTED_EDGE('',*,*,#4444,.F.);
#6067=ORIENTED_EDGE('',*,*,#4445,.T.);
#6068=ORIENTED_EDGE('',*,*,#4446,.T.);
#6069=ORIENTED_EDGE('',*,*,#4447,.F.);
#6070=ORIENTED_EDGE('',*,*,#4323,.T.);
#6071=ORIENTED_EDGE('',*,*,#4448,.T.);
#6072=ORIENTED_EDGE('',*,*,#4449,.F.);
#6073=ORIENTED_EDGE('',*,*,#4450,.T.);
#6074=ORIENTED_EDGE('',*,*,#4451,.F.);
#6075=ORIENTED_EDGE('',*,*,#4440,.F.);
#6076=ORIENTED_EDGE('',*,*,#4452,.T.);
#6077=ORIENTED_EDGE('',*,*,#4453,.F.);
#6078=ORIENTED_EDGE('',*,*,#4454,.F.);
#6079=ORIENTED_EDGE('',*,*,#4455,.F.);
#6080=ORIENTED_EDGE('',*,*,#4456,.F.);
#6081=ORIENTED_EDGE('',*,*,#4457,.F.);
#6082=ORIENTED_EDGE('',*,*,#4458,.F.);
#6083=ORIENTED_EDGE('',*,*,#4459,.F.);
#6084=ORIENTED_EDGE('',*,*,#4460,.F.);
#6085=ORIENTED_EDGE('',*,*,#4461,.F.);
#6086=ORIENTED_EDGE('',*,*,#4462,.F.);
#6087=ORIENTED_EDGE('',*,*,#4354,.T.);
#6088=ORIENTED_EDGE('',*,*,#4461,.T.);
#6089=ORIENTED_EDGE('',*,*,#4463,.F.);
#6090=ORIENTED_EDGE('',*,*,#4464,.F.);
#6091=ORIENTED_EDGE('',*,*,#4465,.F.);
#6092=ORIENTED_EDGE('',*,*,#4466,.F.);
#6093=ORIENTED_EDGE('',*,*,#4467,.F.);
#6094=ORIENTED_EDGE('',*,*,#4468,.F.);
#6095=ORIENTED_EDGE('',*,*,#4469,.F.);
#6096=ORIENTED_EDGE('',*,*,#4470,.F.);
#6097=ORIENTED_EDGE('',*,*,#4471,.F.);
#6098=ORIENTED_EDGE('',*,*,#4453,.T.);
#6099=ORIENTED_EDGE('',*,*,#4472,.T.);
#6100=ORIENTED_EDGE('',*,*,#4318,.F.);
#6101=ORIENTED_EDGE('',*,*,#4473,.F.);
#6102=ORIENTED_EDGE('',*,*,#4474,.F.);
#6103=ORIENTED_EDGE('',*,*,#4443,.F.);
#6104=ORIENTED_EDGE('',*,*,#4314,.F.);
#6105=ORIENTED_EDGE('',*,*,#4475,.F.);
#6106=ORIENTED_EDGE('',*,*,#4476,.F.);
#6107=ORIENTED_EDGE('',*,*,#4431,.F.);
#6108=ORIENTED_EDGE('',*,*,#4310,.F.);
#6109=ORIENTED_EDGE('',*,*,#4477,.F.);
#6110=ORIENTED_EDGE('',*,*,#4478,.F.);
#6111=ORIENTED_EDGE('',*,*,#4419,.F.);
#6112=ORIENTED_EDGE('',*,*,#4306,.F.);
#6113=ORIENTED_EDGE('',*,*,#4479,.F.);
#6114=ORIENTED_EDGE('',*,*,#4480,.F.);
#6115=ORIENTED_EDGE('',*,*,#4407,.F.);
#6116=ORIENTED_EDGE('',*,*,#4302,.F.);
#6117=ORIENTED_EDGE('',*,*,#4481,.F.);
#6118=ORIENTED_EDGE('',*,*,#4482,.F.);
#6119=ORIENTED_EDGE('',*,*,#4395,.F.);
#6120=ORIENTED_EDGE('',*,*,#4298,.F.);
#6121=ORIENTED_EDGE('',*,*,#4483,.F.);
#6122=ORIENTED_EDGE('',*,*,#4484,.F.);
#6123=ORIENTED_EDGE('',*,*,#4383,.F.);
#6124=ORIENTED_EDGE('',*,*,#4294,.F.);
#6125=ORIENTED_EDGE('',*,*,#4485,.F.);
#6126=ORIENTED_EDGE('',*,*,#4486,.F.);
#6127=ORIENTED_EDGE('',*,*,#4371,.F.);
#6128=ORIENTED_EDGE('',*,*,#4290,.F.);
#6129=ORIENTED_EDGE('',*,*,#4487,.F.);
#6130=ORIENTED_EDGE('',*,*,#4488,.F.);
#6131=ORIENTED_EDGE('',*,*,#4359,.F.);
#6132=ORIENTED_EDGE('',*,*,#4286,.F.);
#6133=ORIENTED_EDGE('',*,*,#4489,.F.);
#6134=ORIENTED_EDGE('',*,*,#4490,.F.);
#6135=ORIENTED_EDGE('',*,*,#4364,.F.);
#6136=ORIENTED_EDGE('',*,*,#4350,.F.);
#6137=ORIENTED_EDGE('',*,*,#4491,.F.);
#6138=ORIENTED_EDGE('',*,*,#4492,.F.);
#6139=ORIENTED_EDGE('',*,*,#4376,.F.);
#6140=ORIENTED_EDGE('',*,*,#4346,.F.);
#6141=ORIENTED_EDGE('',*,*,#4493,.F.);
#6142=ORIENTED_EDGE('',*,*,#4494,.F.);
#6143=ORIENTED_EDGE('',*,*,#4388,.F.);
#6144=ORIENTED_EDGE('',*,*,#4342,.F.);
#6145=ORIENTED_EDGE('',*,*,#4495,.F.);
#6146=ORIENTED_EDGE('',*,*,#4496,.F.);
#6147=ORIENTED_EDGE('',*,*,#4400,.F.);
#6148=ORIENTED_EDGE('',*,*,#4338,.F.);
#6149=ORIENTED_EDGE('',*,*,#4497,.F.);
#6150=ORIENTED_EDGE('',*,*,#4498,.F.);
#6151=ORIENTED_EDGE('',*,*,#4412,.F.);
#6152=ORIENTED_EDGE('',*,*,#4334,.F.);
#6153=ORIENTED_EDGE('',*,*,#4499,.F.);
#6154=ORIENTED_EDGE('',*,*,#4500,.F.);
#6155=ORIENTED_EDGE('',*,*,#4424,.F.);
#6156=ORIENTED_EDGE('',*,*,#4330,.F.);
#6157=ORIENTED_EDGE('',*,*,#4501,.F.);
#6158=ORIENTED_EDGE('',*,*,#4502,.F.);
#6159=ORIENTED_EDGE('',*,*,#4436,.F.);
#6160=ORIENTED_EDGE('',*,*,#4326,.F.);
#6161=ORIENTED_EDGE('',*,*,#4503,.F.);
#6162=ORIENTED_EDGE('',*,*,#4504,.F.);
#6163=ORIENTED_EDGE('',*,*,#4448,.F.);
#6164=ORIENTED_EDGE('',*,*,#4322,.F.);
#6165=ORIENTED_EDGE('',*,*,#4505,.T.);
#6166=ORIENTED_EDGE('',*,*,#4460,.T.);
#6167=ORIENTED_EDGE('',*,*,#4506,.F.);
#6168=ORIENTED_EDGE('',*,*,#4507,.F.);
#6169=ORIENTED_EDGE('',*,*,#4508,.F.);
#6170=ORIENTED_EDGE('',*,*,#4509,.F.);
#6171=ORIENTED_EDGE('',*,*,#4463,.T.);
#6172=ORIENTED_EDGE('',*,*,#4459,.T.);
#6173=ORIENTED_EDGE('',*,*,#4510,.T.);
#6174=ORIENTED_EDGE('',*,*,#4506,.T.);
#6175=ORIENTED_EDGE('',*,*,#4458,.T.);
#6176=ORIENTED_EDGE('',*,*,#4511,.T.);
#6177=ORIENTED_EDGE('',*,*,#4512,.F.);
#6178=ORIENTED_EDGE('',*,*,#4510,.F.);
#6179=ORIENTED_EDGE('',*,*,#4472,.F.);
#6180=ORIENTED_EDGE('',*,*,#4452,.F.);
#6181=ORIENTED_EDGE('',*,*,#4353,.F.);
#6182=ORIENTED_EDGE('',*,*,#4319,.F.);
#6183=ORIENTED_EDGE('',*,*,#4454,.T.);
#6184=ORIENTED_EDGE('',*,*,#4471,.T.);
#6185=ORIENTED_EDGE('',*,*,#4513,.T.);
#6186=ORIENTED_EDGE('',*,*,#4514,.T.);
#6187=ORIENTED_EDGE('',*,*,#4515,.T.);
#6188=ORIENTED_EDGE('',*,*,#4516,.T.);
#6189=ORIENTED_EDGE('',*,*,#4470,.T.);
#6190=ORIENTED_EDGE('',*,*,#4517,.T.);
#6191=ORIENTED_EDGE('',*,*,#4518,.T.);
#6192=ORIENTED_EDGE('',*,*,#4513,.F.);
#6193=ORIENTED_EDGE('',*,*,#4468,.T.);
#6194=ORIENTED_EDGE('',*,*,#4519,.T.);
#6195=ORIENTED_EDGE('',*,*,#4520,.F.);
#6196=ORIENTED_EDGE('',*,*,#4521,.F.);
#6197=ORIENTED_EDGE('',*,*,#4467,.T.);
#6198=ORIENTED_EDGE('',*,*,#4522,.T.);
#6199=ORIENTED_EDGE('',*,*,#4523,.F.);
#6200=ORIENTED_EDGE('',*,*,#4519,.F.);
#6201=ORIENTED_EDGE('',*,*,#4466,.T.);
#6202=ORIENTED_EDGE('',*,*,#4524,.T.);
#6203=ORIENTED_EDGE('',*,*,#4525,.T.);
#6204=ORIENTED_EDGE('',*,*,#4522,.F.);
#6205=ORIENTED_EDGE('',*,*,#4469,.T.);
#6206=ORIENTED_EDGE('',*,*,#4521,.T.);
#6207=ORIENTED_EDGE('',*,*,#4526,.F.);
#6208=ORIENTED_EDGE('',*,*,#4524,.F.);
#6209=ORIENTED_EDGE('',*,*,#4465,.T.);
#6210=ORIENTED_EDGE('',*,*,#4527,.T.);
#6211=ORIENTED_EDGE('',*,*,#4528,.F.);
#6212=ORIENTED_EDGE('',*,*,#4529,.T.);
#6213=ORIENTED_EDGE('',*,*,#4530,.T.);
#6214=ORIENTED_EDGE('',*,*,#4517,.F.);
#6215=ORIENTED_EDGE('',*,*,#4464,.T.);
#6216=ORIENTED_EDGE('',*,*,#4509,.T.);
#6217=ORIENTED_EDGE('',*,*,#4531,.F.);
#6218=ORIENTED_EDGE('',*,*,#4527,.F.);
#6219=ORIENTED_EDGE('',*,*,#4505,.F.);
#6220=ORIENTED_EDGE('',*,*,#4321,.F.);
#6221=ORIENTED_EDGE('',*,*,#4355,.F.);
#6222=ORIENTED_EDGE('',*,*,#4462,.T.);
#6223=ORIENTED_EDGE('',*,*,#4532,.F.);
#6224=ORIENTED_EDGE('',*,*,#4533,.T.);
#6225=ORIENTED_EDGE('',*,*,#4534,.F.);
#6226=ORIENTED_EDGE('',*,*,#4535,.F.);
#6227=ORIENTED_EDGE('',*,*,#4536,.F.);
#6228=ORIENTED_EDGE('',*,*,#4537,.F.);
#6229=ORIENTED_EDGE('',*,*,#4538,.F.);
#6230=ORIENTED_EDGE('',*,*,#4539,.F.);
#6231=ORIENTED_EDGE('',*,*,#4540,.F.);
#6232=ORIENTED_EDGE('',*,*,#4539,.T.);
#6233=ORIENTED_EDGE('',*,*,#4541,.F.);
#6234=ORIENTED_EDGE('',*,*,#4533,.F.);
#6235=ORIENTED_EDGE('',*,*,#4540,.T.);
#6236=ORIENTED_EDGE('',*,*,#4532,.T.);
#6237=ORIENTED_EDGE('',*,*,#4542,.F.);
#6238=ORIENTED_EDGE('',*,*,#4536,.T.);
#6239=ORIENTED_EDGE('',*,*,#4537,.T.);
#6240=ORIENTED_EDGE('',*,*,#4542,.T.);
#6241=ORIENTED_EDGE('',*,*,#4535,.T.);
#6242=ORIENTED_EDGE('',*,*,#4543,.T.);
#6243=ORIENTED_EDGE('',*,*,#4544,.T.);
#6244=ORIENTED_EDGE('',*,*,#4545,.T.);
#6245=ORIENTED_EDGE('',*,*,#4546,.T.);
#6246=ORIENTED_EDGE('',*,*,#4547,.T.);
#6247=ORIENTED_EDGE('',*,*,#4548,.T.);
#6248=ORIENTED_EDGE('',*,*,#4549,.T.);
#6249=ORIENTED_EDGE('',*,*,#4550,.T.);
#6250=ORIENTED_EDGE('',*,*,#4551,.T.);
#6251=ORIENTED_EDGE('',*,*,#4552,.T.);
#6252=ORIENTED_EDGE('',*,*,#4553,.T.);
#6253=ORIENTED_EDGE('',*,*,#4554,.T.);
#6254=ORIENTED_EDGE('',*,*,#4555,.T.);
#6255=ORIENTED_EDGE('',*,*,#4556,.T.);
#6256=ORIENTED_EDGE('',*,*,#4557,.T.);
#6257=ORIENTED_EDGE('',*,*,#4558,.T.);
#6258=ORIENTED_EDGE('',*,*,#4559,.T.);
#6259=ORIENTED_EDGE('',*,*,#4560,.T.);
#6260=ORIENTED_EDGE('',*,*,#4561,.T.);
#6261=ORIENTED_EDGE('',*,*,#4562,.T.);
#6262=ORIENTED_EDGE('',*,*,#4563,.T.);
#6263=ORIENTED_EDGE('',*,*,#4564,.T.);
#6264=ORIENTED_EDGE('',*,*,#4565,.T.);
#6265=ORIENTED_EDGE('',*,*,#4566,.T.);
#6266=ORIENTED_EDGE('',*,*,#4567,.T.);
#6267=ORIENTED_EDGE('',*,*,#4568,.T.);
#6268=ORIENTED_EDGE('',*,*,#4569,.T.);
#6269=ORIENTED_EDGE('',*,*,#4570,.T.);
#6270=ORIENTED_EDGE('',*,*,#4571,.T.);
#6271=ORIENTED_EDGE('',*,*,#4572,.F.);
#6272=ORIENTED_EDGE('',*,*,#4573,.T.);
#6273=ORIENTED_EDGE('',*,*,#4574,.T.);
#6274=ORIENTED_EDGE('',*,*,#4575,.T.);
#6275=ORIENTED_EDGE('',*,*,#4576,.F.);
#6276=ORIENTED_EDGE('',*,*,#4577,.T.);
#6277=ORIENTED_EDGE('',*,*,#4578,.F.);
#6278=ORIENTED_EDGE('',*,*,#4546,.F.);
#6279=ORIENTED_EDGE('',*,*,#4579,.F.);
#6280=ORIENTED_EDGE('',*,*,#4544,.F.);
#6281=ORIENTED_EDGE('',*,*,#4580,.F.);
#6282=ORIENTED_EDGE('',*,*,#4581,.F.);
#6283=ORIENTED_EDGE('',*,*,#4582,.F.);
#6284=ORIENTED_EDGE('',*,*,#4581,.T.);
#6285=ORIENTED_EDGE('',*,*,#4583,.F.);
#6286=ORIENTED_EDGE('',*,*,#4577,.F.);
#6287=ORIENTED_EDGE('',*,*,#4582,.T.);
#6288=ORIENTED_EDGE('',*,*,#4576,.T.);
#6289=ORIENTED_EDGE('',*,*,#4545,.F.);
#6290=ORIENTED_EDGE('',*,*,#4579,.T.);
#6291=ORIENTED_EDGE('',*,*,#4584,.T.);
#6292=ORIENTED_EDGE('',*,*,#4585,.T.);
#6293=ORIENTED_EDGE('',*,*,#4586,.F.);
#6294=ORIENTED_EDGE('',*,*,#4587,.F.);
#6295=ORIENTED_EDGE('',*,*,#4588,.T.);
#6296=ORIENTED_EDGE('',*,*,#4587,.T.);
#6297=ORIENTED_EDGE('',*,*,#4589,.F.);
#6298=ORIENTED_EDGE('',*,*,#4550,.F.);
#6299=ORIENTED_EDGE('',*,*,#4590,.T.);
#6300=ORIENTED_EDGE('',*,*,#4548,.F.);
#6301=ORIENTED_EDGE('',*,*,#4591,.F.);
#6302=ORIENTED_EDGE('',*,*,#4585,.F.);
#6303=ORIENTED_EDGE('',*,*,#4590,.F.);
#6304=ORIENTED_EDGE('',*,*,#4584,.F.);
#6305=ORIENTED_EDGE('',*,*,#4588,.F.);
#6306=ORIENTED_EDGE('',*,*,#4549,.F.);
#6307=ORIENTED_EDGE('',*,*,#4592,.F.);
#6308=ORIENTED_EDGE('',*,*,#4593,.T.);
#6309=ORIENTED_EDGE('',*,*,#4594,.F.);
#6310=ORIENTED_EDGE('',*,*,#4554,.F.);
#6311=ORIENTED_EDGE('',*,*,#4595,.F.);
#6312=ORIENTED_EDGE('',*,*,#4552,.F.);
#6313=ORIENTED_EDGE('',*,*,#4596,.F.);
#6314=ORIENTED_EDGE('',*,*,#4597,.F.);
#6315=ORIENTED_EDGE('',*,*,#4598,.F.);
#6316=ORIENTED_EDGE('',*,*,#4597,.T.);
#6317=ORIENTED_EDGE('',*,*,#4599,.F.);
#6318=ORIENTED_EDGE('',*,*,#4593,.F.);
#6319=ORIENTED_EDGE('',*,*,#4598,.T.);
#6320=ORIENTED_EDGE('',*,*,#4592,.T.);
#6321=ORIENTED_EDGE('',*,*,#4553,.F.);
#6322=ORIENTED_EDGE('',*,*,#4595,.T.);
#6323=ORIENTED_EDGE('',*,*,#4600,.T.);
#6324=ORIENTED_EDGE('',*,*,#4556,.F.);
#6325=ORIENTED_EDGE('',*,*,#4601,.F.);
#6326=ORIENTED_EDGE('',*,*,#4602,.F.);
#6327=ORIENTED_EDGE('',*,*,#4603,.T.);
#6328=ORIENTED_EDGE('',*,*,#4604,.T.);
#6329=ORIENTED_EDGE('',*,*,#4605,.F.);
#6330=ORIENTED_EDGE('',*,*,#4558,.F.);
#6331=ORIENTED_EDGE('',*,*,#4606,.T.);
#6332=ORIENTED_EDGE('',*,*,#4602,.T.);
#6333=ORIENTED_EDGE('',*,*,#4607,.F.);
#6334=ORIENTED_EDGE('',*,*,#4604,.F.);
#6335=ORIENTED_EDGE('',*,*,#4606,.F.);
#6336=ORIENTED_EDGE('',*,*,#4603,.F.);
#6337=ORIENTED_EDGE('',*,*,#4557,.F.);
#6338=ORIENTED_EDGE('',*,*,#4600,.F.);
#6339=ORIENTED_EDGE('',*,*,#4538,.T.);
#6340=ORIENTED_EDGE('',*,*,#4575,.F.);
#6341=ORIENTED_EDGE('',*,*,#4608,.F.);
#6342=ORIENTED_EDGE('',*,*,#4609,.T.);
#6343=ORIENTED_EDGE('',*,*,#4610,.F.);
#6344=ORIENTED_EDGE('',*,*,#4611,.F.);
#6345=ORIENTED_EDGE('',*,*,#4612,.T.);
#6346=ORIENTED_EDGE('',*,*,#4613,.F.);
#6347=ORIENTED_EDGE('',*,*,#4614,.T.);
#6348=ORIENTED_EDGE('',*,*,#4571,.F.);
#6349=ORIENTED_EDGE('',*,*,#4615,.T.);
#6350=ORIENTED_EDGE('',*,*,#4616,.T.);
#6351=ORIENTED_EDGE('',*,*,#4617,.T.);
#6352=ORIENTED_EDGE('',*,*,#4567,.F.);
#6353=ORIENTED_EDGE('',*,*,#4618,.T.);
#6354=ORIENTED_EDGE('',*,*,#4619,.T.);
#6355=ORIENTED_EDGE('',*,*,#4620,.T.);
#6356=ORIENTED_EDGE('',*,*,#4563,.F.);
#6357=ORIENTED_EDGE('',*,*,#4621,.T.);
#6358=ORIENTED_EDGE('',*,*,#4622,.T.);
#6359=ORIENTED_EDGE('',*,*,#4623,.T.);
#6360=ORIENTED_EDGE('',*,*,#4559,.F.);
#6361=ORIENTED_EDGE('',*,*,#4605,.T.);
#6362=ORIENTED_EDGE('',*,*,#4607,.T.);
#6363=ORIENTED_EDGE('',*,*,#4601,.T.);
#6364=ORIENTED_EDGE('',*,*,#4555,.F.);
#6365=ORIENTED_EDGE('',*,*,#4594,.T.);
#6366=ORIENTED_EDGE('',*,*,#4599,.T.);
#6367=ORIENTED_EDGE('',*,*,#4596,.T.);
#6368=ORIENTED_EDGE('',*,*,#4551,.F.);
#6369=ORIENTED_EDGE('',*,*,#4589,.T.);
#6370=ORIENTED_EDGE('',*,*,#4586,.T.);
#6371=ORIENTED_EDGE('',*,*,#4591,.T.);
#6372=ORIENTED_EDGE('',*,*,#4547,.F.);
#6373=ORIENTED_EDGE('',*,*,#4578,.T.);
#6374=ORIENTED_EDGE('',*,*,#4583,.T.);
#6375=ORIENTED_EDGE('',*,*,#4580,.T.);
#6376=ORIENTED_EDGE('',*,*,#4543,.F.);
#6377=ORIENTED_EDGE('',*,*,#4534,.T.);
#6378=ORIENTED_EDGE('',*,*,#4541,.T.);
#6379=ORIENTED_EDGE('',*,*,#4624,.F.);
#6380=ORIENTED_EDGE('',*,*,#4625,.T.);
#6381=ORIENTED_EDGE('',*,*,#4622,.F.);
#6382=ORIENTED_EDGE('',*,*,#4626,.F.);
#6383=ORIENTED_EDGE('',*,*,#4627,.F.);
#6384=ORIENTED_EDGE('',*,*,#4560,.F.);
#6385=ORIENTED_EDGE('',*,*,#4623,.F.);
#6386=ORIENTED_EDGE('',*,*,#4625,.F.);
#6387=ORIENTED_EDGE('',*,*,#4628,.F.);
#6388=ORIENTED_EDGE('',*,*,#4626,.T.);
#6389=ORIENTED_EDGE('',*,*,#4621,.F.);
#6390=ORIENTED_EDGE('',*,*,#4562,.F.);
#6391=ORIENTED_EDGE('',*,*,#4628,.T.);
#6392=ORIENTED_EDGE('',*,*,#4561,.F.);
#6393=ORIENTED_EDGE('',*,*,#4627,.T.);
#6394=ORIENTED_EDGE('',*,*,#4624,.T.);
#6395=ORIENTED_EDGE('',*,*,#4629,.T.);
#6396=ORIENTED_EDGE('',*,*,#4564,.F.);
#6397=ORIENTED_EDGE('',*,*,#4620,.F.);
#6398=ORIENTED_EDGE('',*,*,#4630,.F.);
#6399=ORIENTED_EDGE('',*,*,#4631,.T.);
#6400=ORIENTED_EDGE('',*,*,#4632,.T.);
#6401=ORIENTED_EDGE('',*,*,#4618,.F.);
#6402=ORIENTED_EDGE('',*,*,#4566,.F.);
#6403=ORIENTED_EDGE('',*,*,#4633,.T.);
#6404=ORIENTED_EDGE('',*,*,#4630,.T.);
#6405=ORIENTED_EDGE('',*,*,#4619,.F.);
#6406=ORIENTED_EDGE('',*,*,#4632,.F.);
#6407=ORIENTED_EDGE('',*,*,#4633,.F.);
#6408=ORIENTED_EDGE('',*,*,#4631,.F.);
#6409=ORIENTED_EDGE('',*,*,#4565,.F.);
#6410=ORIENTED_EDGE('',*,*,#4629,.F.);
#6411=ORIENTED_EDGE('',*,*,#4634,.T.);
#6412=ORIENTED_EDGE('',*,*,#4568,.F.);
#6413=ORIENTED_EDGE('',*,*,#4617,.F.);
#6414=ORIENTED_EDGE('',*,*,#4635,.F.);
#6415=ORIENTED_EDGE('',*,*,#4636,.T.);
#6416=ORIENTED_EDGE('',*,*,#4637,.T.);
#6417=ORIENTED_EDGE('',*,*,#4615,.F.);
#6418=ORIENTED_EDGE('',*,*,#4570,.F.);
#6419=ORIENTED_EDGE('',*,*,#4638,.T.);
#6420=ORIENTED_EDGE('',*,*,#4635,.T.);
#6421=ORIENTED_EDGE('',*,*,#4616,.F.);
#6422=ORIENTED_EDGE('',*,*,#4637,.F.);
#6423=ORIENTED_EDGE('',*,*,#4638,.F.);
#6424=ORIENTED_EDGE('',*,*,#4636,.F.);
#6425=ORIENTED_EDGE('',*,*,#4569,.F.);
#6426=ORIENTED_EDGE('',*,*,#4634,.F.);
#6427=ORIENTED_EDGE('',*,*,#4639,.F.);
#6428=ORIENTED_EDGE('',*,*,#4640,.T.);
#6429=ORIENTED_EDGE('',*,*,#4641,.F.);
#6430=ORIENTED_EDGE('',*,*,#4642,.F.);
#6431=ORIENTED_EDGE('',*,*,#4643,.F.);
#6432=ORIENTED_EDGE('',*,*,#4642,.T.);
#6433=ORIENTED_EDGE('',*,*,#4644,.F.);
#6434=ORIENTED_EDGE('',*,*,#4645,.F.);
#6435=ORIENTED_EDGE('',*,*,#4646,.F.);
#6436=ORIENTED_EDGE('',*,*,#4647,.F.);
#6437=ORIENTED_EDGE('',*,*,#4648,.F.);
#6438=ORIENTED_EDGE('',*,*,#4640,.F.);
#6439=ORIENTED_EDGE('',*,*,#4648,.T.);
#6440=ORIENTED_EDGE('',*,*,#4649,.F.);
#6441=ORIENTED_EDGE('',*,*,#4644,.T.);
#6442=ORIENTED_EDGE('',*,*,#4641,.T.);
#6443=ORIENTED_EDGE('',*,*,#4645,.T.);
#6444=ORIENTED_EDGE('',*,*,#4649,.T.);
#6445=ORIENTED_EDGE('',*,*,#4647,.T.);
#6446=ORIENTED_EDGE('',*,*,#4650,.T.);
#6447=ORIENTED_EDGE('',*,*,#4651,.T.);
#6448=ORIENTED_EDGE('',*,*,#4652,.T.);
#6449=ORIENTED_EDGE('',*,*,#4653,.T.);
#6450=ORIENTED_EDGE('',*,*,#4654,.T.);
#6451=ORIENTED_EDGE('',*,*,#4655,.T.);
#6452=ORIENTED_EDGE('',*,*,#4656,.T.);
#6453=ORIENTED_EDGE('',*,*,#4657,.T.);
#6454=ORIENTED_EDGE('',*,*,#4658,.T.);
#6455=ORIENTED_EDGE('',*,*,#4659,.T.);
#6456=ORIENTED_EDGE('',*,*,#4660,.F.);
#6457=ORIENTED_EDGE('',*,*,#4661,.F.);
#6458=ORIENTED_EDGE('',*,*,#4662,.T.);
#6459=ORIENTED_EDGE('',*,*,#4663,.T.);
#6460=ORIENTED_EDGE('',*,*,#4664,.T.);
#6461=ORIENTED_EDGE('',*,*,#4665,.T.);
#6462=ORIENTED_EDGE('',*,*,#4666,.T.);
#6463=ORIENTED_EDGE('',*,*,#4667,.T.);
#6464=ORIENTED_EDGE('',*,*,#4668,.T.);
#6465=ORIENTED_EDGE('',*,*,#4669,.T.);
#6466=ORIENTED_EDGE('',*,*,#4670,.T.);
#6467=ORIENTED_EDGE('',*,*,#4671,.T.);
#6468=ORIENTED_EDGE('',*,*,#4672,.T.);
#6469=ORIENTED_EDGE('',*,*,#4673,.T.);
#6470=ORIENTED_EDGE('',*,*,#4674,.T.);
#6471=ORIENTED_EDGE('',*,*,#4675,.T.);
#6472=ORIENTED_EDGE('',*,*,#4676,.T.);
#6473=ORIENTED_EDGE('',*,*,#4677,.T.);
#6474=ORIENTED_EDGE('',*,*,#4678,.T.);
#6475=ORIENTED_EDGE('',*,*,#4679,.T.);
#6476=ORIENTED_EDGE('',*,*,#4680,.T.);
#6477=ORIENTED_EDGE('',*,*,#4681,.T.);
#6478=ORIENTED_EDGE('',*,*,#4682,.T.);
#6479=ORIENTED_EDGE('',*,*,#4683,.F.);
#6480=ORIENTED_EDGE('',*,*,#4684,.T.);
#6481=ORIENTED_EDGE('',*,*,#4685,.F.);
#6482=ORIENTED_EDGE('',*,*,#4655,.F.);
#6483=ORIENTED_EDGE('',*,*,#4686,.F.);
#6484=ORIENTED_EDGE('',*,*,#4657,.F.);
#6485=ORIENTED_EDGE('',*,*,#4687,.F.);
#6486=ORIENTED_EDGE('',*,*,#4688,.F.);
#6487=ORIENTED_EDGE('',*,*,#4689,.F.);
#6488=ORIENTED_EDGE('',*,*,#4688,.T.);
#6489=ORIENTED_EDGE('',*,*,#4690,.F.);
#6490=ORIENTED_EDGE('',*,*,#4684,.F.);
#6491=ORIENTED_EDGE('',*,*,#4690,.T.);
#6492=ORIENTED_EDGE('',*,*,#4687,.T.);
#6493=ORIENTED_EDGE('',*,*,#4656,.F.);
#6494=ORIENTED_EDGE('',*,*,#4685,.T.);
#6495=ORIENTED_EDGE('',*,*,#4643,.T.);
#6496=ORIENTED_EDGE('',*,*,#4682,.F.);
#6497=ORIENTED_EDGE('',*,*,#4691,.T.);
#6498=ORIENTED_EDGE('',*,*,#4692,.T.);
#6499=ORIENTED_EDGE('',*,*,#4693,.T.);
#6500=ORIENTED_EDGE('',*,*,#4678,.F.);
#6501=ORIENTED_EDGE('',*,*,#4694,.T.);
#6502=ORIENTED_EDGE('',*,*,#4695,.T.);
#6503=ORIENTED_EDGE('',*,*,#4696,.T.);
#6504=ORIENTED_EDGE('',*,*,#4674,.F.);
#6505=ORIENTED_EDGE('',*,*,#4697,.T.);
#6506=ORIENTED_EDGE('',*,*,#4698,.T.);
#6507=ORIENTED_EDGE('',*,*,#4699,.T.);
#6508=ORIENTED_EDGE('',*,*,#4670,.F.);
#6509=ORIENTED_EDGE('',*,*,#4700,.T.);
#6510=ORIENTED_EDGE('',*,*,#4701,.T.);
#6511=ORIENTED_EDGE('',*,*,#4702,.T.);
#6512=ORIENTED_EDGE('',*,*,#4666,.F.);
#6513=ORIENTED_EDGE('',*,*,#4703,.T.);
#6514=ORIENTED_EDGE('',*,*,#4704,.T.);
#6515=ORIENTED_EDGE('',*,*,#4705,.T.);
#6516=ORIENTED_EDGE('',*,*,#4662,.F.);
#6517=ORIENTED_EDGE('',*,*,#4706,.T.);
#6518=ORIENTED_EDGE('',*,*,#4707,.T.);
#6519=ORIENTED_EDGE('',*,*,#4708,.T.);
#6520=ORIENTED_EDGE('',*,*,#4709,.T.);
#6521=ORIENTED_EDGE('',*,*,#4710,.F.);
#6522=ORIENTED_EDGE('',*,*,#4711,.T.);
#6523=ORIENTED_EDGE('',*,*,#4712,.F.);
#6524=ORIENTED_EDGE('',*,*,#4658,.F.);
#6525=ORIENTED_EDGE('',*,*,#4686,.T.);
#6526=ORIENTED_EDGE('',*,*,#4689,.T.);
#6527=ORIENTED_EDGE('',*,*,#4683,.T.);
#6528=ORIENTED_EDGE('',*,*,#4654,.F.);
#6529=ORIENTED_EDGE('',*,*,#4713,.T.);
#6530=ORIENTED_EDGE('',*,*,#4714,.T.);
#6531=ORIENTED_EDGE('',*,*,#4715,.T.);
#6532=ORIENTED_EDGE('',*,*,#4650,.F.);
#6533=ORIENTED_EDGE('',*,*,#4646,.T.);
#6534=ORIENTED_EDGE('',*,*,#4639,.T.);
#6535=ORIENTED_EDGE('',*,*,#4715,.F.);
#6536=ORIENTED_EDGE('',*,*,#4716,.T.);
#6537=ORIENTED_EDGE('',*,*,#4717,.F.);
#6538=ORIENTED_EDGE('',*,*,#4651,.F.);
#6539=ORIENTED_EDGE('',*,*,#4713,.F.);
#6540=ORIENTED_EDGE('',*,*,#4653,.F.);
#6541=ORIENTED_EDGE('',*,*,#4718,.F.);
#6542=ORIENTED_EDGE('',*,*,#4719,.F.);
#6543=ORIENTED_EDGE('',*,*,#4714,.F.);
#6544=ORIENTED_EDGE('',*,*,#4719,.T.);
#6545=ORIENTED_EDGE('',*,*,#4720,.F.);
#6546=ORIENTED_EDGE('',*,*,#4716,.F.);
#6547=ORIENTED_EDGE('',*,*,#4720,.T.);
#6548=ORIENTED_EDGE('',*,*,#4718,.T.);
#6549=ORIENTED_EDGE('',*,*,#4652,.F.);
#6550=ORIENTED_EDGE('',*,*,#4717,.T.);
#6551=ORIENTED_EDGE('',*,*,#4693,.F.);
#6552=ORIENTED_EDGE('',*,*,#4721,.T.);
#6553=ORIENTED_EDGE('',*,*,#4722,.F.);
#6554=ORIENTED_EDGE('',*,*,#4679,.F.);
#6555=ORIENTED_EDGE('',*,*,#4691,.F.);
#6556=ORIENTED_EDGE('',*,*,#4681,.F.);
#6557=ORIENTED_EDGE('',*,*,#4723,.F.);
#6558=ORIENTED_EDGE('',*,*,#4724,.F.);
#6559=ORIENTED_EDGE('',*,*,#4692,.F.);
#6560=ORIENTED_EDGE('',*,*,#4724,.T.);
#6561=ORIENTED_EDGE('',*,*,#4725,.F.);
#6562=ORIENTED_EDGE('',*,*,#4721,.F.);
#6563=ORIENTED_EDGE('',*,*,#4725,.T.);
#6564=ORIENTED_EDGE('',*,*,#4723,.T.);
#6565=ORIENTED_EDGE('',*,*,#4680,.F.);
#6566=ORIENTED_EDGE('',*,*,#4722,.T.);
#6567=ORIENTED_EDGE('',*,*,#4694,.F.);
#6568=ORIENTED_EDGE('',*,*,#4677,.F.);
#6569=ORIENTED_EDGE('',*,*,#4726,.T.);
#6570=ORIENTED_EDGE('',*,*,#4727,.F.);
#6571=ORIENTED_EDGE('',*,*,#4696,.F.);
#6572=ORIENTED_EDGE('',*,*,#4728,.T.);
#6573=ORIENTED_EDGE('',*,*,#4729,.T.);
#6574=ORIENTED_EDGE('',*,*,#4675,.F.);
#6575=ORIENTED_EDGE('',*,*,#4695,.F.);
#6576=ORIENTED_EDGE('',*,*,#4727,.T.);
#6577=ORIENTED_EDGE('',*,*,#4730,.T.);
#6578=ORIENTED_EDGE('',*,*,#4728,.F.);
#6579=ORIENTED_EDGE('',*,*,#4730,.F.);
#6580=ORIENTED_EDGE('',*,*,#4726,.F.);
#6581=ORIENTED_EDGE('',*,*,#4676,.F.);
#6582=ORIENTED_EDGE('',*,*,#4729,.F.);
#6583=ORIENTED_EDGE('',*,*,#4698,.F.);
#6584=ORIENTED_EDGE('',*,*,#4731,.T.);
#6585=ORIENTED_EDGE('',*,*,#4732,.T.);
#6586=ORIENTED_EDGE('',*,*,#4733,.F.);
#6587=ORIENTED_EDGE('',*,*,#4697,.F.);
#6588=ORIENTED_EDGE('',*,*,#4673,.F.);
#6589=ORIENTED_EDGE('',*,*,#4734,.T.);
#6590=ORIENTED_EDGE('',*,*,#4731,.F.);
#6591=ORIENTED_EDGE('',*,*,#4699,.F.);
#6592=ORIENTED_EDGE('',*,*,#4733,.T.);
#6593=ORIENTED_EDGE('',*,*,#4735,.T.);
#6594=ORIENTED_EDGE('',*,*,#4671,.F.);
#6595=ORIENTED_EDGE('',*,*,#4735,.F.);
#6596=ORIENTED_EDGE('',*,*,#4732,.F.);
#6597=ORIENTED_EDGE('',*,*,#4734,.F.);
#6598=ORIENTED_EDGE('',*,*,#4672,.F.);
#6599=ORIENTED_EDGE('',*,*,#4700,.F.);
#6600=ORIENTED_EDGE('',*,*,#4669,.F.);
#6601=ORIENTED_EDGE('',*,*,#4736,.T.);
#6602=ORIENTED_EDGE('',*,*,#4737,.F.);
#6603=ORIENTED_EDGE('',*,*,#4702,.F.);
#6604=ORIENTED_EDGE('',*,*,#4738,.T.);
#6605=ORIENTED_EDGE('',*,*,#4739,.T.);
#6606=ORIENTED_EDGE('',*,*,#4667,.F.);
#6607=ORIENTED_EDGE('',*,*,#4701,.F.);
#6608=ORIENTED_EDGE('',*,*,#4737,.T.);
#6609=ORIENTED_EDGE('',*,*,#4740,.T.);
#6610=ORIENTED_EDGE('',*,*,#4738,.F.);
#6611=ORIENTED_EDGE('',*,*,#4740,.F.);
#6612=ORIENTED_EDGE('',*,*,#4736,.F.);
#6613=ORIENTED_EDGE('',*,*,#4668,.F.);
#6614=ORIENTED_EDGE('',*,*,#4739,.F.);
#6615=ORIENTED_EDGE('',*,*,#4703,.F.);
#6616=ORIENTED_EDGE('',*,*,#4665,.F.);
#6617=ORIENTED_EDGE('',*,*,#4741,.T.);
#6618=ORIENTED_EDGE('',*,*,#4742,.F.);
#6619=ORIENTED_EDGE('',*,*,#4705,.F.);
#6620=ORIENTED_EDGE('',*,*,#4743,.T.);
#6621=ORIENTED_EDGE('',*,*,#4744,.T.);
#6622=ORIENTED_EDGE('',*,*,#4663,.F.);
#6623=ORIENTED_EDGE('',*,*,#4704,.F.);
#6624=ORIENTED_EDGE('',*,*,#4742,.T.);
#6625=ORIENTED_EDGE('',*,*,#4745,.T.);
#6626=ORIENTED_EDGE('',*,*,#4743,.F.);
#6627=ORIENTED_EDGE('',*,*,#4745,.F.);
#6628=ORIENTED_EDGE('',*,*,#4741,.F.);
#6629=ORIENTED_EDGE('',*,*,#4664,.F.);
#6630=ORIENTED_EDGE('',*,*,#4744,.F.);
#6631=ORIENTED_EDGE('',*,*,#4746,.T.);
#6632=ORIENTED_EDGE('',*,*,#4747,.F.);
#6633=ORIENTED_EDGE('',*,*,#4444,.T.);
#6634=ORIENTED_EDGE('',*,*,#4474,.T.);
#6635=ORIENTED_EDGE('',*,*,#4317,.T.);
#6636=ORIENTED_EDGE('',*,*,#4748,.T.);
#6637=ORIENTED_EDGE('',*,*,#4749,.T.);
#6638=ORIENTED_EDGE('',*,*,#4750,.F.);
#6639=ORIENTED_EDGE('',*,*,#4746,.F.);
#6640=ORIENTED_EDGE('',*,*,#4473,.T.);
#6641=ORIENTED_EDGE('',*,*,#4316,.T.);
#6642=ORIENTED_EDGE('',*,*,#4447,.T.);
#6643=ORIENTED_EDGE('',*,*,#4751,.T.);
#6644=ORIENTED_EDGE('',*,*,#4748,.F.);
#6645=ORIENTED_EDGE('',*,*,#4747,.T.);
#6646=ORIENTED_EDGE('',*,*,#4750,.T.);
#6647=ORIENTED_EDGE('',*,*,#4752,.T.);
#6648=ORIENTED_EDGE('',*,*,#4445,.F.);
#6649=ORIENTED_EDGE('',*,*,#4752,.F.);
#6650=ORIENTED_EDGE('',*,*,#4749,.F.);
#6651=ORIENTED_EDGE('',*,*,#4751,.F.);
#6652=ORIENTED_EDGE('',*,*,#4446,.F.);
#6653=ORIENTED_EDGE('',*,*,#4753,.T.);
#6654=ORIENTED_EDGE('',*,*,#4754,.F.);
#6655=ORIENTED_EDGE('',*,*,#4432,.T.);
#6656=ORIENTED_EDGE('',*,*,#4476,.T.);
#6657=ORIENTED_EDGE('',*,*,#4313,.T.);
#6658=ORIENTED_EDGE('',*,*,#4755,.T.);
#6659=ORIENTED_EDGE('',*,*,#4756,.T.);
#6660=ORIENTED_EDGE('',*,*,#4757,.F.);
#6661=ORIENTED_EDGE('',*,*,#4753,.F.);
#6662=ORIENTED_EDGE('',*,*,#4475,.T.);
#6663=ORIENTED_EDGE('',*,*,#4312,.T.);
#6664=ORIENTED_EDGE('',*,*,#4435,.T.);
#6665=ORIENTED_EDGE('',*,*,#4758,.T.);
#6666=ORIENTED_EDGE('',*,*,#4755,.F.);
#6667=ORIENTED_EDGE('',*,*,#4754,.T.);
#6668=ORIENTED_EDGE('',*,*,#4757,.T.);
#6669=ORIENTED_EDGE('',*,*,#4759,.T.);
#6670=ORIENTED_EDGE('',*,*,#4433,.F.);
#6671=ORIENTED_EDGE('',*,*,#4759,.F.);
#6672=ORIENTED_EDGE('',*,*,#4756,.F.);
#6673=ORIENTED_EDGE('',*,*,#4758,.F.);
#6674=ORIENTED_EDGE('',*,*,#4434,.F.);
#6675=ORIENTED_EDGE('',*,*,#4760,.T.);
#6676=ORIENTED_EDGE('',*,*,#4761,.F.);
#6677=ORIENTED_EDGE('',*,*,#4420,.T.);
#6678=ORIENTED_EDGE('',*,*,#4478,.T.);
#6679=ORIENTED_EDGE('',*,*,#4309,.T.);
#6680=ORIENTED_EDGE('',*,*,#4762,.T.);
#6681=ORIENTED_EDGE('',*,*,#4763,.T.);
#6682=ORIENTED_EDGE('',*,*,#4764,.F.);
#6683=ORIENTED_EDGE('',*,*,#4760,.F.);
#6684=ORIENTED_EDGE('',*,*,#4477,.T.);
#6685=ORIENTED_EDGE('',*,*,#4308,.T.);
#6686=ORIENTED_EDGE('',*,*,#4423,.T.);
#6687=ORIENTED_EDGE('',*,*,#4765,.T.);
#6688=ORIENTED_EDGE('',*,*,#4762,.F.);
#6689=ORIENTED_EDGE('',*,*,#4761,.T.);
#6690=ORIENTED_EDGE('',*,*,#4764,.T.);
#6691=ORIENTED_EDGE('',*,*,#4766,.T.);
#6692=ORIENTED_EDGE('',*,*,#4421,.F.);
#6693=ORIENTED_EDGE('',*,*,#4766,.F.);
#6694=ORIENTED_EDGE('',*,*,#4763,.F.);
#6695=ORIENTED_EDGE('',*,*,#4765,.F.);
#6696=ORIENTED_EDGE('',*,*,#4422,.F.);
#6697=ORIENTED_EDGE('',*,*,#4767,.T.);
#6698=ORIENTED_EDGE('',*,*,#4768,.F.);
#6699=ORIENTED_EDGE('',*,*,#4408,.T.);
#6700=ORIENTED_EDGE('',*,*,#4480,.T.);
#6701=ORIENTED_EDGE('',*,*,#4305,.T.);
#6702=ORIENTED_EDGE('',*,*,#4769,.T.);
#6703=ORIENTED_EDGE('',*,*,#4770,.T.);
#6704=ORIENTED_EDGE('',*,*,#4771,.F.);
#6705=ORIENTED_EDGE('',*,*,#4767,.F.);
#6706=ORIENTED_EDGE('',*,*,#4479,.T.);
#6707=ORIENTED_EDGE('',*,*,#4304,.T.);
#6708=ORIENTED_EDGE('',*,*,#4411,.T.);
#6709=ORIENTED_EDGE('',*,*,#4772,.T.);
#6710=ORIENTED_EDGE('',*,*,#4769,.F.);
#6711=ORIENTED_EDGE('',*,*,#4768,.T.);
#6712=ORIENTED_EDGE('',*,*,#4771,.T.);
#6713=ORIENTED_EDGE('',*,*,#4773,.T.);
#6714=ORIENTED_EDGE('',*,*,#4409,.F.);
#6715=ORIENTED_EDGE('',*,*,#4773,.F.);
#6716=ORIENTED_EDGE('',*,*,#4770,.F.);
#6717=ORIENTED_EDGE('',*,*,#4772,.F.);
#6718=ORIENTED_EDGE('',*,*,#4410,.F.);
#6719=ORIENTED_EDGE('',*,*,#4774,.F.);
#6720=ORIENTED_EDGE('',*,*,#4775,.F.);
#6721=ORIENTED_EDGE('',*,*,#4396,.T.);
#6722=ORIENTED_EDGE('',*,*,#4482,.T.);
#6723=ORIENTED_EDGE('',*,*,#4301,.T.);
#6724=ORIENTED_EDGE('',*,*,#4776,.T.);
#6725=ORIENTED_EDGE('',*,*,#4777,.T.);
#6726=ORIENTED_EDGE('',*,*,#4778,.F.);
#6727=ORIENTED_EDGE('',*,*,#4774,.T.);
#6728=ORIENTED_EDGE('',*,*,#4481,.T.);
#6729=ORIENTED_EDGE('',*,*,#4300,.T.);
#6730=ORIENTED_EDGE('',*,*,#4399,.T.);
#6731=ORIENTED_EDGE('',*,*,#4779,.T.);
#6732=ORIENTED_EDGE('',*,*,#4776,.F.);
#6733=ORIENTED_EDGE('',*,*,#4775,.T.);
#6734=ORIENTED_EDGE('',*,*,#4778,.T.);
#6735=ORIENTED_EDGE('',*,*,#4780,.T.);
#6736=ORIENTED_EDGE('',*,*,#4397,.F.);
#6737=ORIENTED_EDGE('',*,*,#4780,.F.);
#6738=ORIENTED_EDGE('',*,*,#4777,.F.);
#6739=ORIENTED_EDGE('',*,*,#4779,.F.);
#6740=ORIENTED_EDGE('',*,*,#4398,.F.);
#6741=ORIENTED_EDGE('',*,*,#4781,.F.);
#6742=ORIENTED_EDGE('',*,*,#4782,.F.);
#6743=ORIENTED_EDGE('',*,*,#4384,.T.);
#6744=ORIENTED_EDGE('',*,*,#4484,.T.);
#6745=ORIENTED_EDGE('',*,*,#4782,.T.);
#6746=ORIENTED_EDGE('',*,*,#4783,.T.);
#6747=ORIENTED_EDGE('',*,*,#4784,.T.);
#6748=ORIENTED_EDGE('',*,*,#4385,.F.);
#6749=ORIENTED_EDGE('',*,*,#4297,.T.);
#6750=ORIENTED_EDGE('',*,*,#4785,.T.);
#6751=ORIENTED_EDGE('',*,*,#4786,.T.);
#6752=ORIENTED_EDGE('',*,*,#4783,.F.);
#6753=ORIENTED_EDGE('',*,*,#4781,.T.);
#6754=ORIENTED_EDGE('',*,*,#4483,.T.);
#6755=ORIENTED_EDGE('',*,*,#4296,.T.);
#6756=ORIENTED_EDGE('',*,*,#4387,.T.);
#6757=ORIENTED_EDGE('',*,*,#4787,.T.);
#6758=ORIENTED_EDGE('',*,*,#4785,.F.);
#6759=ORIENTED_EDGE('',*,*,#4787,.F.);
#6760=ORIENTED_EDGE('',*,*,#4386,.F.);
#6761=ORIENTED_EDGE('',*,*,#4784,.F.);
#6762=ORIENTED_EDGE('',*,*,#4786,.F.);
#6763=ORIENTED_EDGE('',*,*,#4788,.F.);
#6764=ORIENTED_EDGE('',*,*,#4789,.F.);
#6765=ORIENTED_EDGE('',*,*,#4372,.T.);
#6766=ORIENTED_EDGE('',*,*,#4486,.T.);
#6767=ORIENTED_EDGE('',*,*,#4293,.T.);
#6768=ORIENTED_EDGE('',*,*,#4790,.T.);
#6769=ORIENTED_EDGE('',*,*,#4791,.T.);
#6770=ORIENTED_EDGE('',*,*,#4792,.F.);
#6771=ORIENTED_EDGE('',*,*,#4788,.T.);
#6772=ORIENTED_EDGE('',*,*,#4485,.T.);
#6773=ORIENTED_EDGE('',*,*,#4292,.T.);
#6774=ORIENTED_EDGE('',*,*,#4375,.T.);
#6775=ORIENTED_EDGE('',*,*,#4793,.T.);
#6776=ORIENTED_EDGE('',*,*,#4790,.F.);
#6777=ORIENTED_EDGE('',*,*,#4789,.T.);
#6778=ORIENTED_EDGE('',*,*,#4792,.T.);
#6779=ORIENTED_EDGE('',*,*,#4794,.T.);
#6780=ORIENTED_EDGE('',*,*,#4373,.F.);
#6781=ORIENTED_EDGE('',*,*,#4794,.F.);
#6782=ORIENTED_EDGE('',*,*,#4791,.F.);
#6783=ORIENTED_EDGE('',*,*,#4793,.F.);
#6784=ORIENTED_EDGE('',*,*,#4374,.F.);
#6785=ORIENTED_EDGE('',*,*,#4795,.F.);
#6786=ORIENTED_EDGE('',*,*,#4796,.F.);
#6787=ORIENTED_EDGE('',*,*,#4360,.T.);
#6788=ORIENTED_EDGE('',*,*,#4488,.T.);
#6789=ORIENTED_EDGE('',*,*,#4289,.T.);
#6790=ORIENTED_EDGE('',*,*,#4797,.T.);
#6791=ORIENTED_EDGE('',*,*,#4798,.T.);
#6792=ORIENTED_EDGE('',*,*,#4799,.F.);
#6793=ORIENTED_EDGE('',*,*,#4795,.T.);
#6794=ORIENTED_EDGE('',*,*,#4487,.T.);
#6795=ORIENTED_EDGE('',*,*,#4288,.T.);
#6796=ORIENTED_EDGE('',*,*,#4363,.T.);
#6797=ORIENTED_EDGE('',*,*,#4800,.T.);
#6798=ORIENTED_EDGE('',*,*,#4797,.F.);
#6799=ORIENTED_EDGE('',*,*,#4796,.T.);
#6800=ORIENTED_EDGE('',*,*,#4799,.T.);
#6801=ORIENTED_EDGE('',*,*,#4801,.T.);
#6802=ORIENTED_EDGE('',*,*,#4361,.F.);
#6803=ORIENTED_EDGE('',*,*,#4801,.F.);
#6804=ORIENTED_EDGE('',*,*,#4798,.F.);
#6805=ORIENTED_EDGE('',*,*,#4800,.F.);
#6806=ORIENTED_EDGE('',*,*,#4362,.F.);
#6807=ORIENTED_EDGE('',*,*,#4711,.F.);
#6808=ORIENTED_EDGE('',*,*,#4802,.T.);
#6809=ORIENTED_EDGE('',*,*,#4609,.F.);
#6810=ORIENTED_EDGE('',*,*,#4803,.F.);
#6811=ORIENTED_EDGE('',*,*,#4804,.F.);
#6812=ORIENTED_EDGE('',*,*,#4805,.F.);
#6813=ORIENTED_EDGE('',*,*,#4710,.T.);
#6814=ORIENTED_EDGE('',*,*,#4806,.T.);
#6815=ORIENTED_EDGE('',*,*,#4807,.T.);
#6816=ORIENTED_EDGE('',*,*,#4808,.F.);
#6817=ORIENTED_EDGE('',*,*,#4610,.T.);
#6818=ORIENTED_EDGE('',*,*,#4802,.F.);
#6819=ORIENTED_EDGE('',*,*,#4608,.T.);
#6820=ORIENTED_EDGE('',*,*,#4809,.T.);
#6821=ORIENTED_EDGE('',*,*,#4803,.T.);
#6822=ORIENTED_EDGE('',*,*,#4810,.T.);
#6823=ORIENTED_EDGE('',*,*,#4712,.T.);
#6824=ORIENTED_EDGE('',*,*,#4805,.T.);
#6825=ORIENTED_EDGE('',*,*,#4811,.F.);
#6826=ORIENTED_EDGE('',*,*,#4812,.T.);
#6827=ORIENTED_EDGE('',*,*,#4813,.T.);
#6828=ORIENTED_EDGE('',*,*,#4809,.F.);
#6829=ORIENTED_EDGE('',*,*,#4574,.F.);
#6830=ORIENTED_EDGE('',*,*,#4814,.T.);
#6831=ORIENTED_EDGE('',*,*,#4804,.T.);
#6832=ORIENTED_EDGE('',*,*,#4813,.F.);
#6833=ORIENTED_EDGE('',*,*,#4815,.F.);
#6834=ORIENTED_EDGE('',*,*,#4814,.F.);
#6835=ORIENTED_EDGE('',*,*,#4816,.T.);
#6836=ORIENTED_EDGE('',*,*,#4817,.T.);
#6837=ORIENTED_EDGE('',*,*,#4659,.F.);
#6838=ORIENTED_EDGE('',*,*,#4810,.F.);
#6839=ORIENTED_EDGE('',*,*,#4818,.T.);
#6840=ORIENTED_EDGE('',*,*,#4819,.T.);
#6841=ORIENTED_EDGE('',*,*,#4820,.F.);
#6842=ORIENTED_EDGE('',*,*,#4515,.F.);
#6843=ORIENTED_EDGE('',*,*,#4456,.T.);
#6844=ORIENTED_EDGE('',*,*,#4821,.T.);
#6845=ORIENTED_EDGE('',*,*,#4820,.T.);
#6846=ORIENTED_EDGE('',*,*,#4822,.F.);
#6847=ORIENTED_EDGE('',*,*,#4818,.F.);
#6848=ORIENTED_EDGE('',*,*,#4823,.T.);
#6849=ORIENTED_EDGE('',*,*,#4824,.T.);
#6850=ORIENTED_EDGE('',*,*,#4825,.F.);
#6851=ORIENTED_EDGE('',*,*,#4455,.T.);
#6852=ORIENTED_EDGE('',*,*,#4516,.F.);
#6853=ORIENTED_EDGE('',*,*,#4821,.F.);
#6854=ORIENTED_EDGE('',*,*,#4530,.F.);
#6855=ORIENTED_EDGE('',*,*,#4823,.F.);
#6856=ORIENTED_EDGE('',*,*,#4514,.F.);
#6857=ORIENTED_EDGE('',*,*,#4518,.F.);
#6858=ORIENTED_EDGE('',*,*,#4285,.T.);
#6859=ORIENTED_EDGE('',*,*,#4358,.T.);
#6860=ORIENTED_EDGE('',*,*,#4826,.F.);
#6861=ORIENTED_EDGE('',*,*,#4827,.F.);
#6862=ORIENTED_EDGE('',*,*,#4828,.F.);
#6863=ORIENTED_EDGE('',*,*,#4489,.T.);
#6864=ORIENTED_EDGE('',*,*,#4829,.F.);
#6865=ORIENTED_EDGE('',*,*,#4827,.T.);
#6866=ORIENTED_EDGE('',*,*,#4830,.F.);
#6867=ORIENTED_EDGE('',*,*,#4366,.F.);
#6868=ORIENTED_EDGE('',*,*,#4830,.T.);
#6869=ORIENTED_EDGE('',*,*,#4826,.T.);
#6870=ORIENTED_EDGE('',*,*,#4357,.T.);
#6871=ORIENTED_EDGE('',*,*,#4367,.T.);
#6872=ORIENTED_EDGE('',*,*,#4828,.T.);
#6873=ORIENTED_EDGE('',*,*,#4829,.T.);
#6874=ORIENTED_EDGE('',*,*,#4365,.T.);
#6875=ORIENTED_EDGE('',*,*,#4490,.T.);
#6876=ORIENTED_EDGE('',*,*,#4349,.T.);
#6877=ORIENTED_EDGE('',*,*,#4370,.T.);
#6878=ORIENTED_EDGE('',*,*,#4831,.F.);
#6879=ORIENTED_EDGE('',*,*,#4832,.F.);
#6880=ORIENTED_EDGE('',*,*,#4833,.F.);
#6881=ORIENTED_EDGE('',*,*,#4491,.T.);
#6882=ORIENTED_EDGE('',*,*,#4834,.F.);
#6883=ORIENTED_EDGE('',*,*,#4832,.T.);
#6884=ORIENTED_EDGE('',*,*,#4835,.F.);
#6885=ORIENTED_EDGE('',*,*,#4378,.F.);
#6886=ORIENTED_EDGE('',*,*,#4835,.T.);
#6887=ORIENTED_EDGE('',*,*,#4831,.T.);
#6888=ORIENTED_EDGE('',*,*,#4369,.T.);
#6889=ORIENTED_EDGE('',*,*,#4379,.T.);
#6890=ORIENTED_EDGE('',*,*,#4833,.T.);
#6891=ORIENTED_EDGE('',*,*,#4834,.T.);
#6892=ORIENTED_EDGE('',*,*,#4377,.T.);
#6893=ORIENTED_EDGE('',*,*,#4492,.T.);
#6894=ORIENTED_EDGE('',*,*,#4345,.T.);
#6895=ORIENTED_EDGE('',*,*,#4382,.T.);
#6896=ORIENTED_EDGE('',*,*,#4836,.F.);
#6897=ORIENTED_EDGE('',*,*,#4837,.F.);
#6898=ORIENTED_EDGE('',*,*,#4838,.F.);
#6899=ORIENTED_EDGE('',*,*,#4493,.T.);
#6900=ORIENTED_EDGE('',*,*,#4839,.F.);
#6901=ORIENTED_EDGE('',*,*,#4837,.T.);
#6902=ORIENTED_EDGE('',*,*,#4840,.F.);
#6903=ORIENTED_EDGE('',*,*,#4390,.F.);
#6904=ORIENTED_EDGE('',*,*,#4381,.T.);
#6905=ORIENTED_EDGE('',*,*,#4391,.T.);
#6906=ORIENTED_EDGE('',*,*,#4840,.T.);
#6907=ORIENTED_EDGE('',*,*,#4836,.T.);
#6908=ORIENTED_EDGE('',*,*,#4838,.T.);
#6909=ORIENTED_EDGE('',*,*,#4839,.T.);
#6910=ORIENTED_EDGE('',*,*,#4389,.T.);
#6911=ORIENTED_EDGE('',*,*,#4494,.T.);
#6912=ORIENTED_EDGE('',*,*,#4341,.T.);
#6913=ORIENTED_EDGE('',*,*,#4394,.T.);
#6914=ORIENTED_EDGE('',*,*,#4841,.F.);
#6915=ORIENTED_EDGE('',*,*,#4842,.F.);
#6916=ORIENTED_EDGE('',*,*,#4843,.F.);
#6917=ORIENTED_EDGE('',*,*,#4495,.T.);
#6918=ORIENTED_EDGE('',*,*,#4844,.F.);
#6919=ORIENTED_EDGE('',*,*,#4842,.T.);
#6920=ORIENTED_EDGE('',*,*,#4845,.F.);
#6921=ORIENTED_EDGE('',*,*,#4402,.F.);
#6922=ORIENTED_EDGE('',*,*,#4845,.T.);
#6923=ORIENTED_EDGE('',*,*,#4841,.T.);
#6924=ORIENTED_EDGE('',*,*,#4393,.T.);
#6925=ORIENTED_EDGE('',*,*,#4403,.T.);
#6926=ORIENTED_EDGE('',*,*,#4843,.T.);
#6927=ORIENTED_EDGE('',*,*,#4844,.T.);
#6928=ORIENTED_EDGE('',*,*,#4401,.T.);
#6929=ORIENTED_EDGE('',*,*,#4496,.T.);
#6930=ORIENTED_EDGE('',*,*,#4337,.T.);
#6931=ORIENTED_EDGE('',*,*,#4406,.T.);
#6932=ORIENTED_EDGE('',*,*,#4846,.F.);
#6933=ORIENTED_EDGE('',*,*,#4847,.F.);
#6934=ORIENTED_EDGE('',*,*,#4848,.F.);
#6935=ORIENTED_EDGE('',*,*,#4497,.T.);
#6936=ORIENTED_EDGE('',*,*,#4849,.F.);
#6937=ORIENTED_EDGE('',*,*,#4847,.T.);
#6938=ORIENTED_EDGE('',*,*,#4850,.F.);
#6939=ORIENTED_EDGE('',*,*,#4414,.F.);
#6940=ORIENTED_EDGE('',*,*,#4850,.T.);
#6941=ORIENTED_EDGE('',*,*,#4846,.T.);
#6942=ORIENTED_EDGE('',*,*,#4405,.T.);
#6943=ORIENTED_EDGE('',*,*,#4415,.T.);
#6944=ORIENTED_EDGE('',*,*,#4848,.T.);
#6945=ORIENTED_EDGE('',*,*,#4849,.T.);
#6946=ORIENTED_EDGE('',*,*,#4413,.T.);
#6947=ORIENTED_EDGE('',*,*,#4498,.T.);
#6948=ORIENTED_EDGE('',*,*,#4333,.T.);
#6949=ORIENTED_EDGE('',*,*,#4418,.T.);
#6950=ORIENTED_EDGE('',*,*,#4851,.F.);
#6951=ORIENTED_EDGE('',*,*,#4852,.F.);
#6952=ORIENTED_EDGE('',*,*,#4853,.F.);
#6953=ORIENTED_EDGE('',*,*,#4499,.T.);
#6954=ORIENTED_EDGE('',*,*,#4854,.F.);
#6955=ORIENTED_EDGE('',*,*,#4852,.T.);
#6956=ORIENTED_EDGE('',*,*,#4855,.F.);
#6957=ORIENTED_EDGE('',*,*,#4426,.F.);
#6958=ORIENTED_EDGE('',*,*,#4855,.T.);
#6959=ORIENTED_EDGE('',*,*,#4851,.T.);
#6960=ORIENTED_EDGE('',*,*,#4417,.T.);
#6961=ORIENTED_EDGE('',*,*,#4427,.T.);
#6962=ORIENTED_EDGE('',*,*,#4853,.T.);
#6963=ORIENTED_EDGE('',*,*,#4854,.T.);
#6964=ORIENTED_EDGE('',*,*,#4425,.T.);
#6965=ORIENTED_EDGE('',*,*,#4500,.T.);
#6966=ORIENTED_EDGE('',*,*,#4329,.T.);
#6967=ORIENTED_EDGE('',*,*,#4430,.T.);
#6968=ORIENTED_EDGE('',*,*,#4856,.F.);
#6969=ORIENTED_EDGE('',*,*,#4857,.F.);
#6970=ORIENTED_EDGE('',*,*,#4858,.F.);
#6971=ORIENTED_EDGE('',*,*,#4501,.T.);
#6972=ORIENTED_EDGE('',*,*,#4859,.F.);
#6973=ORIENTED_EDGE('',*,*,#4857,.T.);
#6974=ORIENTED_EDGE('',*,*,#4860,.F.);
#6975=ORIENTED_EDGE('',*,*,#4438,.F.);
#6976=ORIENTED_EDGE('',*,*,#4860,.T.);
#6977=ORIENTED_EDGE('',*,*,#4856,.T.);
#6978=ORIENTED_EDGE('',*,*,#4429,.T.);
#6979=ORIENTED_EDGE('',*,*,#4439,.T.);
#6980=ORIENTED_EDGE('',*,*,#4858,.T.);
#6981=ORIENTED_EDGE('',*,*,#4859,.T.);
#6982=ORIENTED_EDGE('',*,*,#4437,.T.);
#6983=ORIENTED_EDGE('',*,*,#4502,.T.);
#6984=ORIENTED_EDGE('',*,*,#4325,.T.);
#6985=ORIENTED_EDGE('',*,*,#4442,.T.);
#6986=ORIENTED_EDGE('',*,*,#4861,.F.);
#6987=ORIENTED_EDGE('',*,*,#4862,.F.);
#6988=ORIENTED_EDGE('',*,*,#4863,.F.);
#6989=ORIENTED_EDGE('',*,*,#4503,.T.);
#6990=ORIENTED_EDGE('',*,*,#4864,.F.);
#6991=ORIENTED_EDGE('',*,*,#4862,.T.);
#6992=ORIENTED_EDGE('',*,*,#4865,.F.);
#6993=ORIENTED_EDGE('',*,*,#4450,.F.);
#6994=ORIENTED_EDGE('',*,*,#4865,.T.);
#6995=ORIENTED_EDGE('',*,*,#4861,.T.);
#6996=ORIENTED_EDGE('',*,*,#4441,.T.);
#6997=ORIENTED_EDGE('',*,*,#4451,.T.);
#6998=ORIENTED_EDGE('',*,*,#4863,.T.);
#6999=ORIENTED_EDGE('',*,*,#4864,.T.);
#7000=ORIENTED_EDGE('',*,*,#4449,.T.);
#7001=ORIENTED_EDGE('',*,*,#4504,.T.);
#7002=ORIENTED_EDGE('',*,*,#4707,.F.);
#7003=ORIENTED_EDGE('',*,*,#4866,.T.);
#7004=ORIENTED_EDGE('',*,*,#4867,.T.);
#7005=ORIENTED_EDGE('',*,*,#4868,.T.);
#7006=ORIENTED_EDGE('',*,*,#4613,.T.);
#7007=ORIENTED_EDGE('',*,*,#4869,.F.);
#7008=ORIENTED_EDGE('',*,*,#4870,.F.);
#7009=ORIENTED_EDGE('',*,*,#4611,.T.);
#7010=ORIENTED_EDGE('',*,*,#4808,.T.);
#7011=ORIENTED_EDGE('',*,*,#4871,.T.);
#7012=ORIENTED_EDGE('',*,*,#4872,.F.);
#7013=ORIENTED_EDGE('',*,*,#4873,.T.);
#7014=ORIENTED_EDGE('',*,*,#4871,.F.);
#7015=ORIENTED_EDGE('',*,*,#4807,.F.);
#7016=ORIENTED_EDGE('',*,*,#4709,.F.);
#7017=ORIENTED_EDGE('',*,*,#4874,.T.);
#7018=ORIENTED_EDGE('',*,*,#4872,.T.);
#7019=ORIENTED_EDGE('',*,*,#4806,.F.);
#7020=ORIENTED_EDGE('',*,*,#4708,.F.);
#7021=ORIENTED_EDGE('',*,*,#4869,.T.);
#7022=ORIENTED_EDGE('',*,*,#4612,.F.);
#7023=ORIENTED_EDGE('',*,*,#4870,.T.);
#7024=ORIENTED_EDGE('',*,*,#4873,.F.);
#7025=ORIENTED_EDGE('',*,*,#4874,.F.);
#7026=ORIENTED_EDGE('',*,*,#4614,.F.);
#7027=ORIENTED_EDGE('',*,*,#4868,.F.);
#7028=ORIENTED_EDGE('',*,*,#4875,.F.);
#7029=ORIENTED_EDGE('',*,*,#4876,.F.);
#7030=ORIENTED_EDGE('',*,*,#4877,.F.);
#7031=ORIENTED_EDGE('',*,*,#4811,.T.);
#7032=ORIENTED_EDGE('',*,*,#4573,.F.);
#7033=ORIENTED_EDGE('',*,*,#4878,.F.);
#7034=ORIENTED_EDGE('',*,*,#4879,.T.);
#7035=ORIENTED_EDGE('',*,*,#4660,.T.);
#7036=ORIENTED_EDGE('',*,*,#4817,.F.);
#7037=ORIENTED_EDGE('',*,*,#4880,.F.);
#7038=ORIENTED_EDGE('',*,*,#4866,.F.);
#7039=ORIENTED_EDGE('',*,*,#4706,.F.);
#7040=ORIENTED_EDGE('',*,*,#4876,.T.);
#7041=ORIENTED_EDGE('',*,*,#4572,.T.);
#7042=ORIENTED_EDGE('',*,*,#4875,.T.);
#7043=ORIENTED_EDGE('',*,*,#4881,.F.);
#7044=ORIENTED_EDGE('',*,*,#4882,.F.);
#7045=ORIENTED_EDGE('',*,*,#4883,.F.);
#7046=ORIENTED_EDGE('',*,*,#4884,.T.);
#7047=ORIENTED_EDGE('',*,*,#4881,.T.);
#7048=ORIENTED_EDGE('',*,*,#4867,.F.);
#7049=ORIENTED_EDGE('',*,*,#4457,.T.);
#7050=ORIENTED_EDGE('',*,*,#4822,.T.);
#7051=ORIENTED_EDGE('',*,*,#4819,.F.);
#7052=ORIENTED_EDGE('',*,*,#4825,.T.);
#7053=ORIENTED_EDGE('',*,*,#4885,.F.);
#7054=ORIENTED_EDGE('',*,*,#4886,.F.);
#7055=ORIENTED_EDGE('',*,*,#4887,.T.);
#7056=ORIENTED_EDGE('',*,*,#4511,.F.);
#7057=ORIENTED_EDGE('',*,*,#4877,.T.);
#7058=ORIENTED_EDGE('',*,*,#4882,.T.);
#7059=ORIENTED_EDGE('',*,*,#4884,.F.);
#7060=ORIENTED_EDGE('',*,*,#4888,.T.);
#7061=ORIENTED_EDGE('',*,*,#4878,.T.);
#7062=ORIENTED_EDGE('',*,*,#4816,.F.);
#7063=ORIENTED_EDGE('',*,*,#4815,.T.);
#7064=ORIENTED_EDGE('',*,*,#4812,.F.);
#7065=ORIENTED_EDGE('',*,*,#4883,.T.);
#7066=ORIENTED_EDGE('',*,*,#4880,.T.);
#7067=ORIENTED_EDGE('',*,*,#4661,.T.);
#7068=ORIENTED_EDGE('',*,*,#4879,.F.);
#7069=ORIENTED_EDGE('',*,*,#4888,.F.);
#7070=ORIENTED_EDGE('',*,*,#4529,.F.);
#7071=ORIENTED_EDGE('',*,*,#4889,.T.);
#7072=ORIENTED_EDGE('',*,*,#4885,.T.);
#7073=ORIENTED_EDGE('',*,*,#4824,.F.);
#7074=ORIENTED_EDGE('',*,*,#4890,.F.);
#7075=ORIENTED_EDGE('',*,*,#4507,.T.);
#7076=ORIENTED_EDGE('',*,*,#4512,.T.);
#7077=ORIENTED_EDGE('',*,*,#4887,.F.);
#7078=ORIENTED_EDGE('',*,*,#4890,.T.);
#7079=ORIENTED_EDGE('',*,*,#4886,.T.);
#7080=ORIENTED_EDGE('',*,*,#4889,.F.);
#7081=ORIENTED_EDGE('',*,*,#4891,.F.);
#7082=ORIENTED_EDGE('',*,*,#4523,.T.);
#7083=ORIENTED_EDGE('',*,*,#4525,.F.);
#7084=ORIENTED_EDGE('',*,*,#4526,.T.);
#7085=ORIENTED_EDGE('',*,*,#4520,.T.);
#7086=ORIENTED_EDGE('',*,*,#4528,.T.);
#7087=ORIENTED_EDGE('',*,*,#4531,.T.);
#7088=ORIENTED_EDGE('',*,*,#4508,.T.);
#7089=ORIENTED_EDGE('',*,*,#4891,.T.);
#7090=PLANE('',#7827);
#7091=PLANE('',#7828);
#7092=PLANE('',#7832);
#7093=PLANE('',#7836);
#7094=PLANE('',#7843);
#7095=PLANE('',#7850);
#7096=PLANE('',#7851);
#7097=PLANE('',#7852);
#7098=PLANE('',#7853);
#7099=PLANE('',#7854);
#7100=PLANE('',#7855);
#7101=PLANE('',#7862);
#7102=PLANE('',#7863);
#7103=PLANE('',#7864);
#7104=PLANE('',#7867);
#7105=PLANE('',#7870);
#7106=PLANE('',#7871);
#7107=PLANE('',#7873);
#7108=PLANE('',#7875);
#7109=PLANE('',#7884);
#7110=PLANE('',#7887);
#7111=PLANE('',#7890);
#7112=PLANE('',#7893);
#7113=PLANE('',#7894);
#7114=PLANE('',#7898);
#7115=PLANE('',#7899);
#7116=PLANE('',#7903);
#7117=PLANE('',#7907);
#7118=PLANE('',#7911);
#7119=PLANE('',#7918);
#7120=PLANE('',#7919);
#7121=PLANE('',#7926);
#7122=PLANE('',#7936);
#7123=PLANE('',#7937);
#7124=PLANE('',#7941);
#7125=PLANE('',#7942);
#7126=PLANE('',#7943);
#7127=PLANE('',#7944);
#7128=PLANE('',#7947);
#7129=PLANE('',#7948);
#7130=PLANE('',#7951);
#7131=PLANE('',#7954);
#7132=PLANE('',#7963);
#7133=PLANE('',#7967);
#7134=PLANE('',#7969);
#7135=PLANE('',#7973);
#7136=PLANE('',#7974);
#7137=PLANE('',#7975);
#7138=PLANE('',#7983);
#7139=PLANE('',#7984);
#7140=PLANE('',#7988);
#7141=PLANE('',#7989);
#7142=PLANE('',#7990);
#7143=PLANE('',#7991);
#7144=PLANE('',#7995);
#7145=PLANE('',#7998);
#7146=PLANE('',#8001);
#7147=PLANE('',#8002);
#7148=PLANE('',#8011);
#7149=PLANE('',#8021);
#7150=PLANE('',#8022);
#7151=PLANE('',#8026);
#7152=PLANE('',#8027);
#7153=PLANE('',#8028);
#7154=PLANE('',#8029);
#7155=PLANE('',#8032);
#7156=PLANE('',#8033);
#7157=PLANE('',#8036);
#7158=PLANE('',#8039);
#7159=PLANE('',#8048);
#7160=PLANE('',#8052);
#7161=PLANE('',#8054);
#7162=PLANE('',#8058);
#7163=PLANE('',#8059);
#7164=PLANE('',#8060);
#7165=PLANE('',#8068);
#7166=PLANE('',#8069);
#7167=PLANE('',#8073);
#7168=PLANE('',#8074);
#7169=PLANE('',#8075);
#7170=PLANE('',#8076);
#7171=PLANE('',#8080);
#7172=PLANE('',#8083);
#7173=PLANE('',#8086);
#7174=PLANE('',#8089);
#7175=PLANE('',#8092);
#7176=PLANE('',#8093);
#7177=PLANE('',#8096);
#7178=PLANE('',#8102);
#7179=PLANE('',#8103);
#7180=PLANE('',#8106);
#7181=PLANE('',#8107);
#7182=PLANE('',#8109);
#7183=PLANE('',#8111);
#7184=PLANE('',#8114);
#7185=PLANE('',#8115);
#7186=PLANE('',#8118);
#7187=PLANE('',#8119);
#7188=PLANE('',#8122);
#7189=PLANE('',#8128);
#7190=PLANE('',#8129);
#7191=PLANE('',#8132);
#7192=PLANE('',#8133);
#7193=PLANE('',#8135);
#7194=PLANE('',#8137);
#7195=PLANE('',#8140);
#7196=PLANE('',#8141);
#7197=PLANE('',#8144);
#7198=PLANE('',#8148);
#7199=PLANE('',#8152);
#7200=PLANE('',#8153);
#7201=PLANE('',#8154);
#7202=PLANE('',#8155);
#7203=PLANE('',#8156);
#7204=PLANE('',#8159);
#7205=PLANE('',#8164);
#7206=PLANE('',#8165);
#7207=PLANE('',#8166);
#7208=PLANE('',#8167);
#7209=PLANE('',#8168);
#7210=PLANE('',#8169);
#7211=PLANE('',#8170);
#7212=PLANE('',#8171);
#7213=PLANE('',#8172);
#7214=PLANE('',#8173);
#7215=PLANE('',#8174);
#7216=PLANE('',#8175);
#7217=PLANE('',#8176);
#7218=PLANE('',#8177);
#7219=PLANE('',#8178);
#7220=PLANE('',#8179);
#7221=PLANE('',#8180);
#7222=PLANE('',#8181);
#7223=PLANE('',#8182);
#7224=PLANE('',#8183);
#7225=PLANE('',#8184);
#7226=PLANE('',#8185);
#7227=PLANE('',#8186);
#7228=PLANE('',#8187);
#7229=PLANE('',#8188);
#7230=PLANE('',#8189);
#7231=PLANE('',#8190);
#7232=PLANE('',#8191);
#7233=PLANE('',#8192);
#7234=PLANE('',#8193);
#7235=PLANE('',#8194);
#7236=PLANE('',#8195);
#7237=PLANE('',#8198);
#7238=PLANE('',#8199);
#7239=PLANE('',#8203);
#7240=PLANE('',#8204);
#7241=PLANE('',#8207);
#7242=PLANE('',#8208);
#7243=PLANE('',#8209);
#7244=PLANE('',#8210);
#7245=PLANE('',#8213);
#7246=PLANE('',#8214);
#7247=PLANE('',#8215);
#7248=PLANE('',#8216);
#7249=PLANE('',#8217);
#7250=PLANE('',#8218);
#7251=PLANE('',#8221);
#7252=PLANE('',#8222);
#7253=PLANE('',#8223);
#7254=PLANE('',#8224);
#7255=PLANE('',#8225);
#7256=PLANE('',#8226);
#7257=PLANE('',#8227);
#7258=PLANE('',#8228);
#7259=PLANE('',#8229);
#7260=PLANE('',#8230);
#7261=PLANE('',#8231);
#7262=PLANE('',#8232);
#7263=PLANE('',#8233);
#7264=PLANE('',#8234);
#7265=PLANE('',#8235);
#7266=PLANE('',#8236);
#7267=PLANE('',#8237);
#7268=PLANE('',#8238);
#7269=PLANE('',#8239);
#7270=PLANE('',#8240);
#7271=PLANE('',#8241);
#7272=PLANE('',#8242);
#7273=PLANE('',#8243);
#7274=PLANE('',#8244);
#7275=PLANE('',#8245);
#7276=PLANE('',#8246);
#7277=PLANE('',#8247);
#7278=PLANE('',#8248);
#7279=PLANE('',#8249);
#7280=PLANE('',#8250);
#7281=PLANE('',#8251);
#7282=PLANE('',#8252);
#7283=PLANE('',#8253);
#7284=PLANE('',#8254);
#7285=PLANE('',#8257);
#7286=PLANE('',#8258);
#7287=PLANE('',#8259);
#7288=PLANE('',#8260);
#7289=PLANE('',#8261);
#7290=PLANE('',#8262);
#7291=PLANE('',#8263);
#7292=PLANE('',#8264);
#7293=PLANE('',#8265);
#7294=PLANE('',#8266);
#7295=PLANE('',#8267);
#7296=PLANE('',#8268);
#7297=PLANE('',#8269);
#7298=PLANE('',#8270);
#7299=PLANE('',#8271);
#7300=PLANE('',#8272);
#7301=PLANE('',#8273);
#7302=PLANE('',#8274);
#7303=PLANE('',#8275);
#7304=PLANE('',#8276);
#7305=PLANE('',#8277);
#7306=PLANE('',#8278);
#7307=PLANE('',#8279);
#7308=PLANE('',#8280);
#7309=PLANE('',#8281);
#7310=PLANE('',#8282);
#7311=PLANE('',#8283);
#7312=PLANE('',#8284);
#7313=PLANE('',#8285);
#7314=PLANE('',#8286);
#7315=PLANE('',#8287);
#7316=PLANE('',#8288);
#7317=PLANE('',#8289);
#7318=PLANE('',#8290);
#7319=PLANE('',#8291);
#7320=PLANE('',#8292);
#7321=PLANE('',#8293);
#7322=PLANE('',#8294);
#7323=PLANE('',#8295);
#7324=PLANE('',#8296);
#7325=PLANE('',#8297);
#7326=PLANE('',#8298);
#7327=PLANE('',#8299);
#7328=PLANE('',#8300);
#7329=PLANE('',#8301);
#7330=PLANE('',#8302);
#7331=PLANE('',#8303);
#7332=PLANE('',#8304);
#7333=PLANE('',#8305);
#7334=PLANE('',#8306);
#7335=PLANE('',#8307);
#7336=PLANE('',#8308);
#7337=PLANE('',#8309);
#7338=PLANE('',#8310);
#7339=PLANE('',#8311);
#7340=PLANE('',#8312);
#7341=PLANE('',#8313);
#7342=PLANE('',#8314);
#7343=PLANE('',#8315);
#7344=PLANE('',#8316);
#7345=PLANE('',#8317);
#7346=PLANE('',#8318);
#7347=PLANE('',#8319);
#7348=PLANE('',#8320);
#7349=PLANE('',#8321);
#7350=PLANE('',#8322);
#7351=PLANE('',#8323);
#7352=PLANE('',#8324);
#7353=PLANE('',#8325);
#7354=PLANE('',#8326);
#7355=PLANE('',#8327);
#7356=PLANE('',#8328);
#7357=PLANE('',#8330);
#7358=PLANE('',#8334);
#7359=PLANE('',#8337);
#7360=PLANE('',#8344);
#7361=PLANE('',#8345);
#7362=PLANE('',#8346);
#7363=PLANE('',#8347);
#7364=PLANE('',#8348);
#7365=PLANE('',#8349);
#7366=PLANE('',#8350);
#7367=PLANE('',#8351);
#7368=PLANE('',#8352);
#7369=PLANE('',#8353);
#7370=PLANE('',#8354);
#7371=PLANE('',#8355);
#7372=PLANE('',#8356);
#7373=PLANE('',#8357);
#7374=PLANE('',#8358);
#7375=PLANE('',#8359);
#7376=PLANE('',#8360);
#7377=PLANE('',#8361);
#7378=PLANE('',#8362);
#7379=PLANE('',#8363);
#7380=PLANE('',#8364);
#7381=PLANE('',#8365);
#7382=PLANE('',#8366);
#7383=PLANE('',#8367);
#7384=PLANE('',#8368);
#7385=PLANE('',#8369);
#7386=PLANE('',#8370);
#7387=PLANE('',#8371);
#7388=PLANE('',#8372);
#7389=PLANE('',#8373);
#7390=PLANE('',#8374);
#7391=PLANE('',#8375);
#7392=PLANE('',#8376);
#7393=PLANE('',#8377);
#7394=PLANE('',#8378);
#7395=PLANE('',#8379);
#7396=PLANE('',#8380);
#7397=PLANE('',#8381);
#7398=PLANE('',#8382);
#7399=PLANE('',#8383);
#7400=PLANE('',#8385);
#7401=PLANE('',#8386);
#7402=PLANE('',#8387);
#7403=PLANE('',#8391);
#7404=PLANE('',#8392);
#7405=PLANE('',#8396);
#7406=PLANE('',#8397);
#7407=PLANE('',#8400);
#7408=PLANE('',#8401);
#7409=ADVANCED_FACE('',(#435),#7090,.T.);
#7410=ADVANCED_FACE('',(#436),#7091,.T.);
#7411=ADVANCED_FACE('',(#437),#351,.F.);
#7412=ADVANCED_FACE('',(#438),#7092,.T.);
#7413=ADVANCED_FACE('',(#439),#352,.F.);
#7414=ADVANCED_FACE('',(#440),#7093,.T.);
#7415=ADVANCED_FACE('',(#441),#353,.F.);
#7416=ADVANCED_FACE('',(#442),#354,.F.);
#7417=ADVANCED_FACE('',(#443),#7094,.T.);
#7418=ADVANCED_FACE('',(#444),#355,.F.);
#7419=ADVANCED_FACE('',(#445),#356,.F.);
#7420=ADVANCED_FACE('',(#446),#7095,.T.);
#7421=ADVANCED_FACE('',(#447),#7096,.F.);
#7422=ADVANCED_FACE('',(#448),#7097,.T.);
#7423=ADVANCED_FACE('',(#449),#7098,.T.);
#7424=ADVANCED_FACE('',(#450),#7099,.T.);
#7425=ADVANCED_FACE('',(#451),#7100,.T.);
#7426=ADVANCED_FACE('',(#452),#357,.T.);
#7427=ADVANCED_FACE('',(#453),#358,.F.);
#7428=ADVANCED_FACE('',(#454),#7101,.F.);
#7429=ADVANCED_FACE('',(#455),#7102,.F.);
#7430=ADVANCED_FACE('',(#456),#7103,.T.);
#7431=ADVANCED_FACE('',(#457),#7104,.T.);
#7432=ADVANCED_FACE('',(#458),#7105,.T.);
#7433=ADVANCED_FACE('',(#459),#7106,.T.);
#7434=ADVANCED_FACE('',(#460),#359,.T.);
#7435=ADVANCED_FACE('',(#461),#7107,.T.);
#7436=ADVANCED_FACE('',(#462),#360,.T.);
#7437=ADVANCED_FACE('',(#463,#177),#7108,.T.);
#7438=ADVANCED_FACE('',(#464),#7109,.F.);
#7439=ADVANCED_FACE('',(#465),#7110,.T.);
#7440=ADVANCED_FACE('',(#466),#7111,.T.);
#7441=ADVANCED_FACE('',(#467),#7112,.T.);
#7442=ADVANCED_FACE('',(#468),#7113,.T.);
#7443=ADVANCED_FACE('',(#469),#361,.F.);
#7444=ADVANCED_FACE('',(#470),#7114,.T.);
#7445=ADVANCED_FACE('',(#471),#7115,.T.);
#7446=ADVANCED_FACE('',(#472),#362,.F.);
#7447=ADVANCED_FACE('',(#473),#7116,.T.);
#7448=ADVANCED_FACE('',(#474),#363,.F.);
#7449=ADVANCED_FACE('',(#475),#7117,.T.);
#7450=ADVANCED_FACE('',(#476),#364,.F.);
#7451=ADVANCED_FACE('',(#477),#7118,.T.);
#7452=ADVANCED_FACE('',(#478),#365,.T.);
#7453=ADVANCED_FACE('',(#479),#366,.T.);
#7454=ADVANCED_FACE('',(#480),#7119,.T.);
#7455=ADVANCED_FACE('',(#481),#7120,.F.);
#7456=ADVANCED_FACE('',(#482),#367,.F.);
#7457=ADVANCED_FACE('',(#483),#368,.T.);
#7458=ADVANCED_FACE('',(#484),#7121,.F.);
#7459=ADVANCED_FACE('',(#485),#369,.T.);
#7460=ADVANCED_FACE('',(#486),#370,.F.);
#7461=ADVANCED_FACE('',(#487),#371,.T.);
#7462=ADVANCED_FACE('',(#488),#7122,.F.);
#7463=ADVANCED_FACE('',(#489),#7123,.F.);
#7464=ADVANCED_FACE('',(#490),#372,.T.);
#7465=ADVANCED_FACE('',(#491),#7124,.F.);
#7466=ADVANCED_FACE('',(#492),#7125,.F.);
#7467=ADVANCED_FACE('',(#493),#7126,.F.);
#7468=ADVANCED_FACE('',(#494),#7127,.T.);
#7469=ADVANCED_FACE('',(#495),#7128,.F.);
#7470=ADVANCED_FACE('',(#496),#7129,.T.);
#7471=ADVANCED_FACE('',(#497),#7130,.T.);
#7472=ADVANCED_FACE('',(#498),#7131,.F.);
#7473=ADVANCED_FACE('',(#499),#373,.T.);
#7474=ADVANCED_FACE('',(#500),#374,.T.);
#7475=ADVANCED_FACE('',(#501),#375,.F.);
#7476=ADVANCED_FACE('',(#502),#376,.F.);
#7477=ADVANCED_FACE('',(#503),#7132,.F.);
#7478=ADVANCED_FACE('',(#504),#377,.F.);
#7479=ADVANCED_FACE('',(#505),#7133,.F.);
#7480=ADVANCED_FACE('',(#506),#378,.F.);
#7481=ADVANCED_FACE('',(#507),#7134,.F.);
#7482=ADVANCED_FACE('',(#508),#379,.F.);
#7483=ADVANCED_FACE('',(#509),#7135,.T.);
#7484=ADVANCED_FACE('',(#510),#7136,.F.);
#7485=ADVANCED_FACE('',(#511),#7137,.F.);
#7486=ADVANCED_FACE('',(#512),#380,.F.);
#7487=ADVANCED_FACE('',(#513),#381,.T.);
#7488=ADVANCED_FACE('',(#514),#382,.F.);
#7489=ADVANCED_FACE('',(#515),#7138,.F.);
#7490=ADVANCED_FACE('',(#516),#7139,.T.);
#7491=ADVANCED_FACE('',(#517),#383,.F.);
#7492=ADVANCED_FACE('',(#518),#7140,.F.);
#7493=ADVANCED_FACE('',(#519),#7141,.F.);
#7494=ADVANCED_FACE('',(#520),#7142,.F.);
#7495=ADVANCED_FACE('',(#521),#7143,.F.);
#7496=ADVANCED_FACE('',(#522),#384,.F.);
#7497=ADVANCED_FACE('',(#523),#7144,.F.);
#7498=ADVANCED_FACE('',(#524),#385,.F.);
#7499=ADVANCED_FACE('',(#525),#7145,.T.);
#7500=ADVANCED_FACE('',(#526),#386,.F.);
#7501=ADVANCED_FACE('',(#527),#387,.T.);
#7502=ADVANCED_FACE('',(#528),#7146,.F.);
#7503=ADVANCED_FACE('',(#529),#7147,.F.);
#7504=ADVANCED_FACE('',(#530),#388,.T.);
#7505=ADVANCED_FACE('',(#531),#389,.F.);
#7506=ADVANCED_FACE('',(#532),#390,.T.);
#7507=ADVANCED_FACE('',(#533),#7148,.F.);
#7508=ADVANCED_FACE('',(#534),#391,.T.);
#7509=ADVANCED_FACE('',(#535),#392,.F.);
#7510=ADVANCED_FACE('',(#536),#393,.T.);
#7511=ADVANCED_FACE('',(#537),#7149,.F.);
#7512=ADVANCED_FACE('',(#538),#7150,.F.);
#7513=ADVANCED_FACE('',(#539),#394,.T.);
#7514=ADVANCED_FACE('',(#540),#7151,.F.);
#7515=ADVANCED_FACE('',(#541),#7152,.F.);
#7516=ADVANCED_FACE('',(#542),#7153,.F.);
#7517=ADVANCED_FACE('',(#543),#7154,.T.);
#7518=ADVANCED_FACE('',(#544),#7155,.F.);
#7519=ADVANCED_FACE('',(#545),#7156,.T.);
#7520=ADVANCED_FACE('',(#546),#7157,.T.);
#7521=ADVANCED_FACE('',(#547),#7158,.F.);
#7522=ADVANCED_FACE('',(#548),#395,.T.);
#7523=ADVANCED_FACE('',(#549),#396,.T.);
#7524=ADVANCED_FACE('',(#550),#397,.F.);
#7525=ADVANCED_FACE('',(#551),#398,.F.);
#7526=ADVANCED_FACE('',(#552),#7159,.F.);
#7527=ADVANCED_FACE('',(#553),#399,.F.);
#7528=ADVANCED_FACE('',(#554),#7160,.F.);
#7529=ADVANCED_FACE('',(#555),#400,.F.);
#7530=ADVANCED_FACE('',(#556),#7161,.F.);
#7531=ADVANCED_FACE('',(#557),#401,.F.);
#7532=ADVANCED_FACE('',(#558),#7162,.T.);
#7533=ADVANCED_FACE('',(#559),#7163,.F.);
#7534=ADVANCED_FACE('',(#560),#7164,.F.);
#7535=ADVANCED_FACE('',(#561),#402,.F.);
#7536=ADVANCED_FACE('',(#562),#403,.T.);
#7537=ADVANCED_FACE('',(#563),#404,.F.);
#7538=ADVANCED_FACE('',(#564),#7165,.F.);
#7539=ADVANCED_FACE('',(#565),#7166,.T.);
#7540=ADVANCED_FACE('',(#566),#405,.F.);
#7541=ADVANCED_FACE('',(#567),#7167,.F.);
#7542=ADVANCED_FACE('',(#568),#7168,.F.);
#7543=ADVANCED_FACE('',(#569),#7169,.F.);
#7544=ADVANCED_FACE('',(#570),#7170,.F.);
#7545=ADVANCED_FACE('',(#571),#406,.F.);
#7546=ADVANCED_FACE('',(#572),#7171,.F.);
#7547=ADVANCED_FACE('',(#573),#7172,.F.);
#7548=ADVANCED_FACE('',(#574),#407,.F.);
#7549=ADVANCED_FACE('',(#575),#7173,.T.);
#7550=ADVANCED_FACE('',(#576),#408,.F.);
#7551=ADVANCED_FACE('',(#577),#409,.T.);
#7552=ADVANCED_FACE('',(#578),#7174,.F.);
#7553=ADVANCED_FACE('',(#579),#410,.T.);
#7554=ADVANCED_FACE('',(#580),#7175,.F.);
#7555=ADVANCED_FACE('',(#581),#7176,.T.);
#7556=ADVANCED_FACE('',(#582),#7177,.T.);
#7557=ADVANCED_FACE('',(#583),#411,.T.);
#7558=ADVANCED_FACE('',(#584),#412,.T.);
#7559=ADVANCED_FACE('',(#585),#7178,.F.);
#7560=ADVANCED_FACE('',(#586),#7179,.T.);
#7561=ADVANCED_FACE('',(#587),#413,.T.);
#7562=ADVANCED_FACE('',(#588),#7180,.T.);
#7563=ADVANCED_FACE('',(#589),#7181,.F.);
#7564=ADVANCED_FACE('',(#590),#7182,.F.);
#7565=ADVANCED_FACE('',(#591),#7183,.T.);
#7566=ADVANCED_FACE('',(#592),#414,.F.);
#7567=ADVANCED_FACE('',(#593),#7184,.T.);
#7568=ADVANCED_FACE('',(#594),#7185,.T.);
#7569=ADVANCED_FACE('',(#595),#415,.F.);
#7570=ADVANCED_FACE('',(#596),#7186,.T.);
#7571=ADVANCED_FACE('',(#597),#7187,.T.);
#7572=ADVANCED_FACE('',(#598),#7188,.T.);
#7573=ADVANCED_FACE('',(#599),#416,.T.);
#7574=ADVANCED_FACE('',(#600),#417,.T.);
#7575=ADVANCED_FACE('',(#601),#7189,.F.);
#7576=ADVANCED_FACE('',(#602),#7190,.T.);
#7577=ADVANCED_FACE('',(#603),#418,.T.);
#7578=ADVANCED_FACE('',(#604),#7191,.T.);
#7579=ADVANCED_FACE('',(#605),#7192,.F.);
#7580=ADVANCED_FACE('',(#606),#7193,.F.);
#7581=ADVANCED_FACE('',(#607),#7194,.T.);
#7582=ADVANCED_FACE('',(#608),#419,.F.);
#7583=ADVANCED_FACE('',(#609),#7195,.T.);
#7584=ADVANCED_FACE('',(#610),#7196,.T.);
#7585=ADVANCED_FACE('',(#611),#420,.F.);
#7586=ADVANCED_FACE('',(#612),#7197,.T.);
#7587=ADVANCED_FACE('',(#613),#421,.T.);
#7588=ADVANCED_FACE('',(#614),#7198,.T.);
#7589=ADVANCED_FACE('',(#615),#422,.T.);
#7590=ADVANCED_FACE('',(#616),#7199,.T.);
#7591=ADVANCED_FACE('',(#617),#7200,.T.);
#7592=ADVANCED_FACE('',(#618),#7201,.T.);
#7593=ADVANCED_FACE('',(#619),#7202,.T.);
#7594=ADVANCED_FACE('',(#620),#7203,.F.);
#7595=ADVANCED_FACE('',(#621),#7204,.F.);
#7596=ADVANCED_FACE('',(#622),#423,.F.);
#7597=ADVANCED_FACE('',(#623),#424,.T.);
#7598=ADVANCED_FACE('',(#624),#7205,.T.);
#7599=ADVANCED_FACE('',(#625),#7206,.T.);
#7600=ADVANCED_FACE('',(#626),#7207,.T.);
#7601=ADVANCED_FACE('',(#627),#7208,.T.);
#7602=ADVANCED_FACE('',(#628),#7209,.T.);
#7603=ADVANCED_FACE('',(#629),#7210,.T.);
#7604=ADVANCED_FACE('',(#630),#7211,.T.);
#7605=ADVANCED_FACE('',(#631),#7212,.F.);
#7606=ADVANCED_FACE('',(#632),#7213,.T.);
#7607=ADVANCED_FACE('',(#633),#7214,.T.);
#7608=ADVANCED_FACE('',(#634),#7215,.F.);
#7609=ADVANCED_FACE('',(#635),#7216,.T.);
#7610=ADVANCED_FACE('',(#636),#7217,.T.);
#7611=ADVANCED_FACE('',(#637),#7218,.F.);
#7612=ADVANCED_FACE('',(#638),#7219,.T.);
#7613=ADVANCED_FACE('',(#639),#7220,.T.);
#7614=ADVANCED_FACE('',(#640),#7221,.F.);
#7615=ADVANCED_FACE('',(#641),#7222,.T.);
#7616=ADVANCED_FACE('',(#642),#7223,.T.);
#7617=ADVANCED_FACE('',(#643),#7224,.F.);
#7618=ADVANCED_FACE('',(#644),#7225,.T.);
#7619=ADVANCED_FACE('',(#645),#7226,.T.);
#7620=ADVANCED_FACE('',(#646),#7227,.F.);
#7621=ADVANCED_FACE('',(#647),#7228,.T.);
#7622=ADVANCED_FACE('',(#648),#7229,.T.);
#7623=ADVANCED_FACE('',(#649),#7230,.F.);
#7624=ADVANCED_FACE('',(#650),#7231,.T.);
#7625=ADVANCED_FACE('',(#651),#7232,.T.);
#7626=ADVANCED_FACE('',(#652),#7233,.F.);
#7627=ADVANCED_FACE('',(#653),#7234,.T.);
#7628=ADVANCED_FACE('',(#654),#7235,.F.);
#7629=ADVANCED_FACE('',(#655),#7236,.T.);
#7630=ADVANCED_FACE('',(#656),#7237,.T.);
#7631=ADVANCED_FACE('',(#657),#7238,.T.);
#7632=ADVANCED_FACE('',(#658),#425,.T.);
#7633=ADVANCED_FACE('',(#659),#7239,.F.);
#7634=ADVANCED_FACE('',(#660),#7240,.T.);
#7635=ADVANCED_FACE('',(#661),#426,.T.);
#7636=ADVANCED_FACE('',(#662),#7241,.F.);
#7637=ADVANCED_FACE('',(#663),#7242,.F.);
#7638=ADVANCED_FACE('',(#664),#7243,.F.);
#7639=ADVANCED_FACE('',(#665),#7244,.T.);
#7640=ADVANCED_FACE('',(#666),#427,.T.);
#7641=ADVANCED_FACE('',(#667),#7245,.F.);
#7642=ADVANCED_FACE('',(#668),#7246,.T.);
#7643=ADVANCED_FACE('',(#669),#7247,.T.);
#7644=ADVANCED_FACE('',(#670),#7248,.T.);
#7645=ADVANCED_FACE('',(#671),#7249,.F.);
#7646=ADVANCED_FACE('',(#672),#7250,.T.);
#7647=ADVANCED_FACE('',(#673),#7251,.T.);
#7648=ADVANCED_FACE('',(#674),#7252,.T.);
#7649=ADVANCED_FACE('',(#675),#7253,.T.);
#7650=ADVANCED_FACE('',(#676),#7254,.F.);
#7651=ADVANCED_FACE('',(#677),#7255,.T.);
#7652=ADVANCED_FACE('',(#678),#7256,.T.);
#7653=ADVANCED_FACE('',(#679),#7257,.T.);
#7654=ADVANCED_FACE('',(#680),#7258,.F.);
#7655=ADVANCED_FACE('',(#681),#7259,.T.);
#7656=ADVANCED_FACE('',(#682),#7260,.T.);
#7657=ADVANCED_FACE('',(#683),#7261,.T.);
#7658=ADVANCED_FACE('',(#684),#7262,.F.);
#7659=ADVANCED_FACE('',(#685),#7263,.F.);
#7660=ADVANCED_FACE('',(#686),#7264,.F.);
#7661=ADVANCED_FACE('',(#687),#7265,.F.);
#7662=ADVANCED_FACE('',(#688),#7266,.T.);
#7663=ADVANCED_FACE('',(#689),#7267,.T.);
#7664=ADVANCED_FACE('',(#690),#7268,.F.);
#7665=ADVANCED_FACE('',(#691),#7269,.F.);
#7666=ADVANCED_FACE('',(#692),#7270,.F.);
#7667=ADVANCED_FACE('',(#693),#7271,.T.);
#7668=ADVANCED_FACE('',(#694),#7272,.F.);
#7669=ADVANCED_FACE('',(#695),#7273,.F.);
#7670=ADVANCED_FACE('',(#696),#7274,.F.);
#7671=ADVANCED_FACE('',(#697),#7275,.T.);
#7672=ADVANCED_FACE('',(#698),#7276,.F.);
#7673=ADVANCED_FACE('',(#699),#7277,.F.);
#7674=ADVANCED_FACE('',(#700),#7278,.F.);
#7675=ADVANCED_FACE('',(#701),#7279,.T.);
#7676=ADVANCED_FACE('',(#702),#7280,.T.);
#7677=ADVANCED_FACE('',(#703),#7281,.T.);
#7678=ADVANCED_FACE('',(#704),#7282,.T.);
#7679=ADVANCED_FACE('',(#705),#7283,.T.);
#7680=ADVANCED_FACE('',(#706),#7284,.T.);
#7681=ADVANCED_FACE('',(#707),#7285,.T.);
#7682=ADVANCED_FACE('',(#708),#7286,.T.);
#7683=ADVANCED_FACE('',(#709),#7287,.T.);
#7684=ADVANCED_FACE('',(#710),#7288,.T.);
#7685=ADVANCED_FACE('',(#711),#7289,.T.);
#7686=ADVANCED_FACE('',(#712),#7290,.T.);
#7687=ADVANCED_FACE('',(#713),#7291,.T.);
#7688=ADVANCED_FACE('',(#714),#7292,.T.);
#7689=ADVANCED_FACE('',(#715),#7293,.T.);
#7690=ADVANCED_FACE('',(#716),#7294,.T.);
#7691=ADVANCED_FACE('',(#717),#7295,.T.);
#7692=ADVANCED_FACE('',(#718),#7296,.T.);
#7693=ADVANCED_FACE('',(#719),#7297,.T.);
#7694=ADVANCED_FACE('',(#720),#7298,.F.);
#7695=ADVANCED_FACE('',(#721),#7299,.F.);
#7696=ADVANCED_FACE('',(#722),#7300,.F.);
#7697=ADVANCED_FACE('',(#723),#7301,.F.);
#7698=ADVANCED_FACE('',(#724),#7302,.F.);
#7699=ADVANCED_FACE('',(#725),#7303,.F.);
#7700=ADVANCED_FACE('',(#726),#7304,.F.);
#7701=ADVANCED_FACE('',(#727),#7305,.F.);
#7702=ADVANCED_FACE('',(#728),#7306,.F.);
#7703=ADVANCED_FACE('',(#729),#7307,.F.);
#7704=ADVANCED_FACE('',(#730),#7308,.F.);
#7705=ADVANCED_FACE('',(#731),#7309,.F.);
#7706=ADVANCED_FACE('',(#732),#7310,.F.);
#7707=ADVANCED_FACE('',(#733),#7311,.F.);
#7708=ADVANCED_FACE('',(#734),#7312,.F.);
#7709=ADVANCED_FACE('',(#735),#7313,.F.);
#7710=ADVANCED_FACE('',(#736),#7314,.T.);
#7711=ADVANCED_FACE('',(#737),#7315,.F.);
#7712=ADVANCED_FACE('',(#738),#7316,.F.);
#7713=ADVANCED_FACE('',(#739),#7317,.F.);
#7714=ADVANCED_FACE('',(#740),#7318,.F.);
#7715=ADVANCED_FACE('',(#741),#7319,.T.);
#7716=ADVANCED_FACE('',(#742),#7320,.F.);
#7717=ADVANCED_FACE('',(#743),#7321,.F.);
#7718=ADVANCED_FACE('',(#744),#7322,.F.);
#7719=ADVANCED_FACE('',(#745),#7323,.F.);
#7720=ADVANCED_FACE('',(#746),#7324,.T.);
#7721=ADVANCED_FACE('',(#747),#7325,.F.);
#7722=ADVANCED_FACE('',(#748),#7326,.F.);
#7723=ADVANCED_FACE('',(#749),#7327,.F.);
#7724=ADVANCED_FACE('',(#750),#7328,.F.);
#7725=ADVANCED_FACE('',(#751),#7329,.T.);
#7726=ADVANCED_FACE('',(#752),#7330,.F.);
#7727=ADVANCED_FACE('',(#753),#7331,.F.);
#7728=ADVANCED_FACE('',(#754),#7332,.F.);
#7729=ADVANCED_FACE('',(#755),#7333,.F.);
#7730=ADVANCED_FACE('',(#756),#7334,.T.);
#7731=ADVANCED_FACE('',(#757),#7335,.F.);
#7732=ADVANCED_FACE('',(#758),#7336,.F.);
#7733=ADVANCED_FACE('',(#759),#7337,.F.);
#7734=ADVANCED_FACE('',(#760),#7338,.F.);
#7735=ADVANCED_FACE('',(#761),#7339,.T.);
#7736=ADVANCED_FACE('',(#762),#7340,.F.);
#7737=ADVANCED_FACE('',(#763),#7341,.F.);
#7738=ADVANCED_FACE('',(#764),#7342,.F.);
#7739=ADVANCED_FACE('',(#765),#7343,.F.);
#7740=ADVANCED_FACE('',(#766),#7344,.T.);
#7741=ADVANCED_FACE('',(#767),#7345,.F.);
#7742=ADVANCED_FACE('',(#768),#7346,.F.);
#7743=ADVANCED_FACE('',(#769),#7347,.F.);
#7744=ADVANCED_FACE('',(#770),#7348,.F.);
#7745=ADVANCED_FACE('',(#771),#7349,.T.);
#7746=ADVANCED_FACE('',(#772),#7350,.F.);
#7747=ADVANCED_FACE('',(#773),#7351,.F.);
#7748=ADVANCED_FACE('',(#774),#7352,.F.);
#7749=ADVANCED_FACE('',(#775),#7353,.F.);
#7750=ADVANCED_FACE('',(#776),#7354,.F.);
#7751=ADVANCED_FACE('',(#777),#7355,.F.);
#7752=ADVANCED_FACE('',(#778),#7356,.F.);
#7753=ADVANCED_FACE('',(#779),#7357,.F.);
#7754=ADVANCED_FACE('',(#780),#428,.T.);
#7755=ADVANCED_FACE('',(#781),#7358,.T.);
#7756=ADVANCED_FACE('',(#782),#429,.T.);
#7757=ADVANCED_FACE('',(#783),#7359,.T.);
#7758=ADVANCED_FACE('',(#784),#430,.T.);
#7759=ADVANCED_FACE('',(#785),#431,.T.);
#7760=ADVANCED_FACE('',(#786),#7360,.T.);
#7761=ADVANCED_FACE('',(#787),#7361,.T.);
#7762=ADVANCED_FACE('',(#788),#7362,.T.);
#7763=ADVANCED_FACE('',(#789),#7363,.T.);
#7764=ADVANCED_FACE('',(#790),#7364,.T.);
#7765=ADVANCED_FACE('',(#791),#7365,.F.);
#7766=ADVANCED_FACE('',(#792),#7366,.T.);
#7767=ADVANCED_FACE('',(#793),#7367,.T.);
#7768=ADVANCED_FACE('',(#794),#7368,.T.);
#7769=ADVANCED_FACE('',(#795),#7369,.F.);
#7770=ADVANCED_FACE('',(#796),#7370,.T.);
#7771=ADVANCED_FACE('',(#797),#7371,.T.);
#7772=ADVANCED_FACE('',(#798),#7372,.T.);
#7773=ADVANCED_FACE('',(#799),#7373,.F.);
#7774=ADVANCED_FACE('',(#800),#7374,.T.);
#7775=ADVANCED_FACE('',(#801),#7375,.T.);
#7776=ADVANCED_FACE('',(#802),#7376,.T.);
#7777=ADVANCED_FACE('',(#803),#7377,.F.);
#7778=ADVANCED_FACE('',(#804),#7378,.T.);
#7779=ADVANCED_FACE('',(#805),#7379,.T.);
#7780=ADVANCED_FACE('',(#806),#7380,.T.);
#7781=ADVANCED_FACE('',(#807),#7381,.F.);
#7782=ADVANCED_FACE('',(#808),#7382,.T.);
#7783=ADVANCED_FACE('',(#809),#7383,.T.);
#7784=ADVANCED_FACE('',(#810),#7384,.T.);
#7785=ADVANCED_FACE('',(#811),#7385,.F.);
#7786=ADVANCED_FACE('',(#812),#7386,.T.);
#7787=ADVANCED_FACE('',(#813),#7387,.T.);
#7788=ADVANCED_FACE('',(#814),#7388,.T.);
#7789=ADVANCED_FACE('',(#815),#7389,.F.);
#7790=ADVANCED_FACE('',(#816),#7390,.T.);
#7791=ADVANCED_FACE('',(#817),#7391,.T.);
#7792=ADVANCED_FACE('',(#818),#7392,.T.);
#7793=ADVANCED_FACE('',(#819),#7393,.F.);
#7794=ADVANCED_FACE('',(#820),#7394,.F.);
#7795=ADVANCED_FACE('',(#821),#7395,.T.);
#7796=ADVANCED_FACE('',(#822),#7396,.T.);
#7797=ADVANCED_FACE('',(#823),#7397,.T.);
#7798=ADVANCED_FACE('',(#824),#7398,.F.);
#7799=ADVANCED_FACE('',(#825),#7399,.F.);
#7800=ADVANCED_FACE('',(#826),#7400,.T.);
#7801=ADVANCED_FACE('',(#827),#7401,.T.);
#7802=ADVANCED_FACE('',(#828),#7402,.F.);
#7803=ADVANCED_FACE('',(#829),#432,.T.);
#7804=ADVANCED_FACE('',(#830),#7403,.T.);
#7805=ADVANCED_FACE('',(#831,#178),#7404,.T.);
#7806=ADVANCED_FACE('',(#832),#433,.T.);
#7807=ADVANCED_FACE('',(#833),#7405,.T.);
#7808=ADVANCED_FACE('',(#834),#7406,.T.);
#7809=ADVANCED_FACE('',(#835),#434,.T.);
#7810=ADVANCED_FACE('',(#836),#7407,.F.);
#7811=ADVANCED_FACE('',(#837),#7408,.T.);
#7812=CLOSED_SHELL('',(#7409,#7410,#7411,#7412,#7413,#7414,#7415,#7416,
#7417,#7418,#7419,#7420,#7421,#7422,#7423,#7424,#7425,#7426,#7427,#7428,
#7429,#7430,#7431,#7432,#7433,#7434,#7435,#7436,#7437,#7438,#7439,#7440,
#7441,#7442,#7443,#7444,#7445,#7446,#7447,#7448,#7449,#7450,#7451,#7452,
#7453,#7454,#7455,#7456,#7457,#7458,#7459,#7460,#7461,#7462,#7463,#7464,
#7465,#7466,#7467,#7468,#7469,#7470,#7471,#7472,#7473,#7474,#7475,#7476,
#7477,#7478,#7479,#7480,#7481,#7482,#7483,#7484,#7485,#7486,#7487,#7488,
#7489,#7490,#7491,#7492,#7493,#7494,#7495,#7496,#7497,#7498,#7499,#7500,
#7501,#7502,#7503,#7504,#7505,#7506,#7507,#7508,#7509,#7510,#7511,#7512,
#7513,#7514,#7515,#7516,#7517,#7518,#7519,#7520,#7521,#7522,#7523,#7524,
#7525,#7526,#7527,#7528,#7529,#7530,#7531,#7532,#7533,#7534,#7535,#7536,
#7537,#7538,#7539,#7540,#7541,#7542,#7543,#7544,#7545,#7546,#7547,#7548,
#7549,#7550,#7551,#7552,#7553,#7554,#7555,#7556,#7557,#7558,#7559,#7560,
#7561,#7562,#7563,#7564,#7565,#7566,#7567,#7568,#7569,#7570,#7571,#7572,
#7573,#7574,#7575,#7576,#7577,#7578,#7579,#7580,#7581,#7582,#7583,#7584,
#7585,#7586,#7587,#7588,#7589,#7590,#7591,#7592,#7593,#7594,#7595,#7596,
#7597,#7598,#7599,#7600,#7601));
#7813=CLOSED_SHELL('',(#7602,#7603,#7604,#7605,#7606,#7607,#7608,#7609,
#7610,#7611,#7612,#7613,#7614,#7615,#7616,#7617,#7618,#7619,#7620,#7621,
#7622,#7623,#7624,#7625,#7626,#7627,#7628,#7629,#7630,#7631,#7632,#7633,
#7634,#7635,#7636,#7637,#7638,#7639,#7640,#7641,#7642,#7643,#7644,#7645,
#7646,#7647,#7648,#7649,#7650,#7651,#7652,#7653,#7654,#7655,#7656,#7657,
#7658,#7659,#7660,#7661,#7662,#7663,#7664,#7665,#7666,#7667,#7668,#7669,
#7670,#7671,#7672,#7673,#7674,#7675,#7676,#7677,#7678,#7679,#7680,#7681,
#7682,#7683,#7684,#7685,#7686,#7687,#7688,#7689,#7690,#7691,#7692,#7693,
#7694,#7695,#7696,#7697,#7698,#7699,#7700,#7701,#7702,#7703,#7704,#7705,
#7706,#7707,#7708,#7709,#7710,#7711,#7712,#7713,#7714,#7715,#7716,#7717,
#7718,#7719,#7720,#7721,#7722,#7723,#7724,#7725,#7726,#7727,#7728,#7729,
#7730,#7731,#7732,#7733,#7734,#7735,#7736,#7737,#7738,#7739,#7740,#7741,
#7742,#7743,#7744,#7745,#7746,#7747,#7748,#7749,#7750,#7751,#7752,#7753,
#7754,#7755,#7756,#7757,#7758,#7759,#7760,#7761,#7762,#7763,#7764,#7765,
#7766,#7767,#7768,#7769,#7770,#7771,#7772,#7773,#7774,#7775,#7776,#7777,
#7778,#7779,#7780,#7781,#7782,#7783,#7784,#7785,#7786,#7787,#7788,#7789,
#7790,#7791,#7792,#7793,#7794,#7795,#7796,#7797,#7798,#7799,#7800,#7801,
#7802,#7803,#7804,#7805,#7806,#7807,#7808,#7809,#7810,#7811));
#7814=DERIVED_UNIT_ELEMENT(#7816,1.);
#7815=DERIVED_UNIT_ELEMENT(#12685,-3.);
#7816=(
MASS_UNIT()
NAMED_UNIT(*)
SI_UNIT(.KILO.,.GRAM.)
);
#7817=DERIVED_UNIT((#7814,#7815));
#7818=MEASURE_REPRESENTATION_ITEM('density measure',
POSITIVE_RATIO_MEASURE(7850.),#7817);
#7819=PROPERTY_DEFINITION_REPRESENTATION(#7824,#7821);
#7820=PROPERTY_DEFINITION_REPRESENTATION(#7825,#7822);
#7821=REPRESENTATION('material name',(#7823),#12682);
#7822=REPRESENTATION('density',(#7818),#12682);
#7823=DESCRIPTIVE_REPRESENTATION_ITEM('Steel','Steel');
#7824=PROPERTY_DEFINITION('material property','material name',#12692);
#7825=PROPERTY_DEFINITION('material property','density of part',#12692);
#7826=AXIS2_PLACEMENT_3D('',#10481,#8402,#8403);
#7827=AXIS2_PLACEMENT_3D('',#10482,#8404,#8405);
#7828=AXIS2_PLACEMENT_3D('',#10491,#8410,#8411);
#7829=AXIS2_PLACEMENT_3D('',#10500,#8416,#8417);
#7830=AXIS2_PLACEMENT_3D('',#10502,#8418,#8419);
#7831=AXIS2_PLACEMENT_3D('',#10505,#8421,#8422);
#7832=AXIS2_PLACEMENT_3D('',#10506,#8423,#8424);
#7833=AXIS2_PLACEMENT_3D('',#10512,#8428,#8429);
#7834=AXIS2_PLACEMENT_3D('',#10515,#8430,#8431);
#7835=AXIS2_PLACEMENT_3D('',#10519,#8433,#8434);
#7836=AXIS2_PLACEMENT_3D('',#10521,#8436,#8437);
#7837=AXIS2_PLACEMENT_3D('',#10527,#8441,#8442);
#7838=AXIS2_PLACEMENT_3D('',#10529,#8443,#8444);
#7839=AXIS2_PLACEMENT_3D('',#10532,#8446,#8447);
#7840=AXIS2_PLACEMENT_3D('',#10533,#8448,#8449);
#7841=AXIS2_PLACEMENT_3D('',#10536,#8450,#8451);
#7842=AXIS2_PLACEMENT_3D('',#10540,#8453,#8454);
#7843=AXIS2_PLACEMENT_3D('',#10542,#8456,#8457);
#7844=AXIS2_PLACEMENT_3D('',#10548,#8461,#8462);
#7845=AXIS2_PLACEMENT_3D('',#10550,#8463,#8464);
#7846=AXIS2_PLACEMENT_3D('',#10553,#8466,#8467);
#7847=AXIS2_PLACEMENT_3D('',#10554,#8468,#8469);
#7848=AXIS2_PLACEMENT_3D('',#10555,#8470,#8471);
#7849=AXIS2_PLACEMENT_3D('',#10556,#8472,#8473);
#7850=AXIS2_PLACEMENT_3D('',#10557,#8474,#8475);
#7851=AXIS2_PLACEMENT_3D('',#10581,#8489,#8490);
#7852=AXIS2_PLACEMENT_3D('',#10605,#8504,#8505);
#7853=AXIS2_PLACEMENT_3D('',#10611,#8509,#8510);
#7854=AXIS2_PLACEMENT_3D('',#10617,#8514,#8515);
#7855=AXIS2_PLACEMENT_3D('',#10620,#8518,#8519);
#7856=AXIS2_PLACEMENT_3D('',#10622,#8521,#8522);
#7857=AXIS2_PLACEMENT_3D('',#10624,#8523,#8524);
#7858=AXIS2_PLACEMENT_3D('',#10626,#8525,#8526);
#7859=AXIS2_PLACEMENT_3D('',#10628,#8528,#8529);
#7860=AXIS2_PLACEMENT_3D('',#10630,#8530,#8531);
#7861=AXIS2_PLACEMENT_3D('',#10632,#8532,#8533);
#7862=AXIS2_PLACEMENT_3D('',#10634,#8535,#8536);
#7863=AXIS2_PLACEMENT_3D('',#10636,#8538,#8539);
#7864=AXIS2_PLACEMENT_3D('',#10638,#8541,#8542);
#7865=AXIS2_PLACEMENT_3D('',#10644,#8545,#8546);
#7866=AXIS2_PLACEMENT_3D('',#10647,#8548,#8549);
#7867=AXIS2_PLACEMENT_3D('',#10648,#8550,#8551);
#7868=AXIS2_PLACEMENT_3D('',#10654,#8554,#8555);
#7869=AXIS2_PLACEMENT_3D('',#10657,#8557,#8558);
#7870=AXIS2_PLACEMENT_3D('',#10658,#8559,#8560);
#7871=AXIS2_PLACEMENT_3D('',#10660,#8562,#8563);
#7872=AXIS2_PLACEMENT_3D('',#10662,#8565,#8566);
#7873=AXIS2_PLACEMENT_3D('',#10664,#8568,#8569);
#7874=AXIS2_PLACEMENT_3D('',#10666,#8571,#8572);
#7875=AXIS2_PLACEMENT_3D('',#10667,#8573,#8574);
#7876=AXIS2_PLACEMENT_3D('',#10669,#8575,#8576);
#7877=AXIS2_PLACEMENT_3D('',#10673,#8578,#8579);
#7878=AXIS2_PLACEMENT_3D('',#10677,#8581,#8582);
#7879=AXIS2_PLACEMENT_3D('',#10680,#8584,#8585);
#7880=AXIS2_PLACEMENT_3D('',#10682,#8586,#8587);
#7881=AXIS2_PLACEMENT_3D('',#10686,#8589,#8590);
#7882=AXIS2_PLACEMENT_3D('',#10690,#8592,#8593);
#7883=AXIS2_PLACEMENT_3D('',#10693,#8595,#8596);
#7884=AXIS2_PLACEMENT_3D('',#10694,#8597,#8598);
#7885=AXIS2_PLACEMENT_3D('',#10696,#8599,#8600);
#7886=AXIS2_PLACEMENT_3D('',#10703,#8604,#8605);
#7887=AXIS2_PLACEMENT_3D('',#10704,#8606,#8607);
#7888=AXIS2_PLACEMENT_3D('',#10706,#8608,#8609);
#7889=AXIS2_PLACEMENT_3D('',#10713,#8613,#8614);
#7890=AXIS2_PLACEMENT_3D('',#10714,#8615,#8616);
#7891=AXIS2_PLACEMENT_3D('',#10716,#8617,#8618);
#7892=AXIS2_PLACEMENT_3D('',#10723,#8622,#8623);
#7893=AXIS2_PLACEMENT_3D('',#10725,#8625,#8626);
#7894=AXIS2_PLACEMENT_3D('',#10734,#8631,#8632);
#7895=AXIS2_PLACEMENT_3D('',#10743,#8637,#8638);
#7896=AXIS2_PLACEMENT_3D('',#10745,#8639,#8640);
#7897=AXIS2_PLACEMENT_3D('',#10748,#8642,#8643);
#7898=AXIS2_PLACEMENT_3D('',#10749,#8644,#8645);
#7899=AXIS2_PLACEMENT_3D('',#10755,#8649,#8650);
#7900=AXIS2_PLACEMENT_3D('',#10764,#8655,#8656);
#7901=AXIS2_PLACEMENT_3D('',#10766,#8657,#8658);
#7902=AXIS2_PLACEMENT_3D('',#10769,#8660,#8661);
#7903=AXIS2_PLACEMENT_3D('',#10770,#8662,#8663);
#7904=AXIS2_PLACEMENT_3D('',#10776,#8667,#8668);
#7905=AXIS2_PLACEMENT_3D('',#10777,#8669,#8670);
#7906=AXIS2_PLACEMENT_3D('',#10778,#8671,#8672);
#7907=AXIS2_PLACEMENT_3D('',#10779,#8673,#8674);
#7908=AXIS2_PLACEMENT_3D('',#10788,#8679,#8680);
#7909=AXIS2_PLACEMENT_3D('',#10790,#8681,#8682);
#7910=AXIS2_PLACEMENT_3D('',#10793,#8684,#8685);
#7911=AXIS2_PLACEMENT_3D('',#10794,#8686,#8687);
#7912=AXIS2_PLACEMENT_3D('',#10800,#8691,#8692);
#7913=AXIS2_PLACEMENT_3D('',#10802,#8693,#8694);
#7914=AXIS2_PLACEMENT_3D('',#10805,#8696,#8697);
#7915=AXIS2_PLACEMENT_3D('',#10806,#8698,#8699);
#7916=AXIS2_PLACEMENT_3D('',#10808,#8700,#8701);
#7917=AXIS2_PLACEMENT_3D('',#10810,#8702,#8703);
#7918=AXIS2_PLACEMENT_3D('',#10812,#8705,#8706);
#7919=AXIS2_PLACEMENT_3D('',#10821,#8713,#8714);
#7920=AXIS2_PLACEMENT_3D('',#10830,#8721,#8722);
#7921=AXIS2_PLACEMENT_3D('',#10833,#8723,#8724);
#7922=AXIS2_PLACEMENT_3D('',#10837,#8726,#8727);
#7923=AXIS2_PLACEMENT_3D('',#10839,#8729,#8730);
#7924=AXIS2_PLACEMENT_3D('',#10841,#8731,#8732);
#7925=AXIS2_PLACEMENT_3D('',#10843,#8733,#8734);
#7926=AXIS2_PLACEMENT_3D('',#10845,#8736,#8737);
#7927=AXIS2_PLACEMENT_3D('',#10851,#8741,#8742);
#7928=AXIS2_PLACEMENT_3D('',#10854,#8743,#8744);
#7929=AXIS2_PLACEMENT_3D('',#10858,#8746,#8747);
#7930=AXIS2_PLACEMENT_3D('',#10860,#8749,#8750);
#7931=AXIS2_PLACEMENT_3D('',#10862,#8751,#8752);
#7932=AXIS2_PLACEMENT_3D('',#10864,#8753,#8754);
#7933=AXIS2_PLACEMENT_3D('',#10866,#8756,#8757);
#7934=AXIS2_PLACEMENT_3D('',#10868,#8758,#8759);
#7935=AXIS2_PLACEMENT_3D('',#10870,#8760,#8761);
#7936=AXIS2_PLACEMENT_3D('',#10872,#8763,#8764);
#7937=AXIS2_PLACEMENT_3D('',#10878,#8768,#8769);
#7938=AXIS2_PLACEMENT_3D('',#10884,#8773,#8774);
#7939=AXIS2_PLACEMENT_3D('',#10886,#8775,#8776);
#7940=AXIS2_PLACEMENT_3D('',#10889,#8778,#8779);
#7941=AXIS2_PLACEMENT_3D('',#10890,#8780,#8781);
#7942=AXIS2_PLACEMENT_3D('',#10894,#8784,#8785);
#7943=AXIS2_PLACEMENT_3D('',#10896,#8787,#8788);
#7944=AXIS2_PLACEMENT_3D('',#10900,#8791,#8792);
#7945=AXIS2_PLACEMENT_3D('',#10902,#8793,#8794);
#7946=AXIS2_PLACEMENT_3D('',#10905,#8796,#8797);
#7947=AXIS2_PLACEMENT_3D('',#10906,#8798,#8799);
#7948=AXIS2_PLACEMENT_3D('',#10908,#8801,#8802);
#7949=AXIS2_PLACEMENT_3D('',#10910,#8803,#8804);
#7950=AXIS2_PLACEMENT_3D('',#10913,#8806,#8807);
#7951=AXIS2_PLACEMENT_3D('',#10914,#8808,#8809);
#7952=AXIS2_PLACEMENT_3D('',#10916,#8810,#8811);
#7953=AXIS2_PLACEMENT_3D('',#10919,#8813,#8814);
#7954=AXIS2_PLACEMENT_3D('',#10920,#8815,#8816);
#7955=AXIS2_PLACEMENT_3D('',#10922,#8818,#8819);
#7956=AXIS2_PLACEMENT_3D('',#10924,#8820,#8821);
#7957=AXIS2_PLACEMENT_3D('',#10926,#8823,#8824);
#7958=AXIS2_PLACEMENT_3D('',#10928,#8826,#8827);
#7959=AXIS2_PLACEMENT_3D('',#10931,#8829,#8830);
#7960=AXIS2_PLACEMENT_3D('',#10932,#8831,#8832);
#7961=AXIS2_PLACEMENT_3D('',#10935,#8833,#8834);
#7962=AXIS2_PLACEMENT_3D('',#10939,#8836,#8837);
#7963=AXIS2_PLACEMENT_3D('',#10941,#8839,#8840);
#7964=AXIS2_PLACEMENT_3D('',#10944,#8843,#8844);
#7965=AXIS2_PLACEMENT_3D('',#10947,#8845,#8846);
#7966=AXIS2_PLACEMENT_3D('',#10951,#8848,#8849);
#7967=AXIS2_PLACEMENT_3D('',#10953,#8851,#8852);
#7968=AXIS2_PLACEMENT_3D('',#10956,#8855,#8856);
#7969=AXIS2_PLACEMENT_3D('',#10958,#8858,#8859);
#7970=AXIS2_PLACEMENT_3D('',#10964,#8863,#8864);
#7971=AXIS2_PLACEMENT_3D('',#10966,#8865,#8866);
#7972=AXIS2_PLACEMENT_3D('',#10969,#8868,#8869);
#7973=AXIS2_PLACEMENT_3D('',#10970,#8870,#8871);
#7974=AXIS2_PLACEMENT_3D('',#10972,#8873,#8874);
#7975=AXIS2_PLACEMENT_3D('',#10976,#8877,#8878);
#7976=AXIS2_PLACEMENT_3D('',#10978,#8880,#8881);
#7977=AXIS2_PLACEMENT_3D('',#10981,#8883,#8884);
#7978=AXIS2_PLACEMENT_3D('',#10982,#8885,#8886);
#7979=AXIS2_PLACEMENT_3D('',#10984,#8887,#8888);
#7980=AXIS2_PLACEMENT_3D('',#10986,#8890,#8891);
#7981=AXIS2_PLACEMENT_3D('',#10988,#8892,#8893);
#7982=AXIS2_PLACEMENT_3D('',#10991,#8895,#8896);
#7983=AXIS2_PLACEMENT_3D('',#10992,#8897,#8898);
#7984=AXIS2_PLACEMENT_3D('',#10998,#8902,#8903);
#7985=AXIS2_PLACEMENT_3D('',#11001,#8906,#8907);
#7986=AXIS2_PLACEMENT_3D('',#11003,#8908,#8909);
#7987=AXIS2_PLACEMENT_3D('',#11005,#8910,#8911);
#7988=AXIS2_PLACEMENT_3D('',#11007,#8913,#8914);
#7989=AXIS2_PLACEMENT_3D('',#11010,#8917,#8918);
#7990=AXIS2_PLACEMENT_3D('',#11014,#8921,#8922);
#7991=AXIS2_PLACEMENT_3D('',#11016,#8924,#8925);
#7992=AXIS2_PLACEMENT_3D('',#11022,#8929,#8930);
#7993=AXIS2_PLACEMENT_3D('',#11023,#8931,#8932);
#7994=AXIS2_PLACEMENT_3D('',#11024,#8933,#8934);
#7995=AXIS2_PLACEMENT_3D('',#11025,#8935,#8936);
#7996=AXIS2_PLACEMENT_3D('',#11027,#8938,#8939);
#7997=AXIS2_PLACEMENT_3D('',#11030,#8941,#8942);
#7998=AXIS2_PLACEMENT_3D('',#11031,#8943,#8944);
#7999=AXIS2_PLACEMENT_3D('',#11034,#8947,#8948);
#8000=AXIS2_PLACEMENT_3D('',#11035,#8949,#8950);
#8001=AXIS2_PLACEMENT_3D('',#11037,#8952,#8953);
#8002=AXIS2_PLACEMENT_3D('',#11041,#8956,#8957);
#8003=AXIS2_PLACEMENT_3D('',#11042,#8958,#8959);
#8004=AXIS2_PLACEMENT_3D('',#11043,#8960,#8961);
#8005=AXIS2_PLACEMENT_3D('',#11044,#8962,#8963);
#8006=AXIS2_PLACEMENT_3D('',#11047,#8964,#8965);
#8007=AXIS2_PLACEMENT_3D('',#11051,#8967,#8968);
#8008=AXIS2_PLACEMENT_3D('',#11053,#8970,#8971);
#8009=AXIS2_PLACEMENT_3D('',#11055,#8972,#8973);
#8010=AXIS2_PLACEMENT_3D('',#11058,#8975,#8976);
#8011=AXIS2_PLACEMENT_3D('',#11059,#8977,#8978);
#8012=AXIS2_PLACEMENT_3D('',#11065,#8982,#8983);
#8013=AXIS2_PLACEMENT_3D('',#11068,#8984,#8985);
#8014=AXIS2_PLACEMENT_3D('',#11072,#8987,#8988);
#8015=AXIS2_PLACEMENT_3D('',#11074,#8990,#8991);
#8016=AXIS2_PLACEMENT_3D('',#11076,#8992,#8993);
#8017=AXIS2_PLACEMENT_3D('',#11079,#8995,#8996);
#8018=AXIS2_PLACEMENT_3D('',#11080,#8997,#8998);
#8019=AXIS2_PLACEMENT_3D('',#11082,#8999,#9000);
#8020=AXIS2_PLACEMENT_3D('',#11085,#9002,#9003);
#8021=AXIS2_PLACEMENT_3D('',#11086,#9004,#9005);
#8022=AXIS2_PLACEMENT_3D('',#11092,#9009,#9010);
#8023=AXIS2_PLACEMENT_3D('',#11098,#9014,#9015);
#8024=AXIS2_PLACEMENT_3D('',#11100,#9016,#9017);
#8025=AXIS2_PLACEMENT_3D('',#11102,#9018,#9019);
#8026=AXIS2_PLACEMENT_3D('',#11104,#9021,#9022);
#8027=AXIS2_PLACEMENT_3D('',#11108,#9025,#9026);
#8028=AXIS2_PLACEMENT_3D('',#11110,#9028,#9029);
#8029=AXIS2_PLACEMENT_3D('',#11114,#9032,#9033);
#8030=AXIS2_PLACEMENT_3D('',#11116,#9034,#9035);
#8031=AXIS2_PLACEMENT_3D('',#11118,#9036,#9037);
#8032=AXIS2_PLACEMENT_3D('',#11120,#9039,#9040);
#8033=AXIS2_PLACEMENT_3D('',#11122,#9042,#9043);
#8034=AXIS2_PLACEMENT_3D('',#11124,#9044,#9045);
#8035=AXIS2_PLACEMENT_3D('',#11126,#9046,#9047);
#8036=AXIS2_PLACEMENT_3D('',#11128,#9049,#9050);
#8037=AXIS2_PLACEMENT_3D('',#11130,#9051,#9052);
#8038=AXIS2_PLACEMENT_3D('',#11132,#9053,#9054);
#8039=AXIS2_PLACEMENT_3D('',#11134,#9056,#9057);
#8040=AXIS2_PLACEMENT_3D('',#11136,#9059,#9060);
#8041=AXIS2_PLACEMENT_3D('',#11138,#9061,#9062);
#8042=AXIS2_PLACEMENT_3D('',#11140,#9064,#9065);
#8043=AXIS2_PLACEMENT_3D('',#11142,#9067,#9068);
#8044=AXIS2_PLACEMENT_3D('',#11144,#9069,#9070);
#8045=AXIS2_PLACEMENT_3D('',#11146,#9072,#9073);
#8046=AXIS2_PLACEMENT_3D('',#11149,#9074,#9075);
#8047=AXIS2_PLACEMENT_3D('',#11153,#9077,#9078);
#8048=AXIS2_PLACEMENT_3D('',#11155,#9080,#9081);
#8049=AXIS2_PLACEMENT_3D('',#11158,#9084,#9085);
#8050=AXIS2_PLACEMENT_3D('',#11161,#9086,#9087);
#8051=AXIS2_PLACEMENT_3D('',#11165,#9089,#9090);
#8052=AXIS2_PLACEMENT_3D('',#11167,#9092,#9093);
#8053=AXIS2_PLACEMENT_3D('',#11170,#9096,#9097);
#8054=AXIS2_PLACEMENT_3D('',#11172,#9099,#9100);
#8055=AXIS2_PLACEMENT_3D('',#11178,#9104,#9105);
#8056=AXIS2_PLACEMENT_3D('',#11180,#9106,#9107);
#8057=AXIS2_PLACEMENT_3D('',#11182,#9108,#9109);
#8058=AXIS2_PLACEMENT_3D('',#11184,#9111,#9112);
#8059=AXIS2_PLACEMENT_3D('',#11186,#9114,#9115);
#8060=AXIS2_PLACEMENT_3D('',#11190,#9118,#9119);
#8061=AXIS2_PLACEMENT_3D('',#11192,#9121,#9122);
#8062=AXIS2_PLACEMENT_3D('',#11194,#9123,#9124);
#8063=AXIS2_PLACEMENT_3D('',#11196,#9126,#9127);
#8064=AXIS2_PLACEMENT_3D('',#11199,#9129,#9130);
#8065=AXIS2_PLACEMENT_3D('',#11200,#9131,#9132);
#8066=AXIS2_PLACEMENT_3D('',#11202,#9133,#9134);
#8067=AXIS2_PLACEMENT_3D('',#11204,#9135,#9136);
#8068=AXIS2_PLACEMENT_3D('',#11206,#9138,#9139);
#8069=AXIS2_PLACEMENT_3D('',#11212,#9143,#9144);
#8070=AXIS2_PLACEMENT_3D('',#11215,#9147,#9148);
#8071=AXIS2_PLACEMENT_3D('',#11217,#9149,#9150);
#8072=AXIS2_PLACEMENT_3D('',#11220,#9152,#9153);
#8073=AXIS2_PLACEMENT_3D('',#11221,#9154,#9155);
#8074=AXIS2_PLACEMENT_3D('',#11224,#9158,#9159);
#8075=AXIS2_PLACEMENT_3D('',#11228,#9162,#9163);
#8076=AXIS2_PLACEMENT_3D('',#11230,#9165,#9166);
#8077=AXIS2_PLACEMENT_3D('',#11236,#9170,#9171);
#8078=AXIS2_PLACEMENT_3D('',#11238,#9172,#9173);
#8079=AXIS2_PLACEMENT_3D('',#11241,#9175,#9176);
#8080=AXIS2_PLACEMENT_3D('',#11242,#9177,#9178);
#8081=AXIS2_PLACEMENT_3D('',#11244,#9179,#9180);
#8082=AXIS2_PLACEMENT_3D('',#11248,#9183,#9184);
#8083=AXIS2_PLACEMENT_3D('',#11249,#9185,#9186);
#8084=AXIS2_PLACEMENT_3D('',#11251,#9188,#9189);
#8085=AXIS2_PLACEMENT_3D('',#11253,#9190,#9191);
#8086=AXIS2_PLACEMENT_3D('',#11255,#9193,#9194);
#8087=AXIS2_PLACEMENT_3D('',#11258,#9197,#9198);
#8088=AXIS2_PLACEMENT_3D('',#11259,#9199,#9200);
#8089=AXIS2_PLACEMENT_3D('',#11261,#9202,#9203);
#8090=AXIS2_PLACEMENT_3D('',#11265,#9206,#9207);
#8091=AXIS2_PLACEMENT_3D('',#11266,#9208,#9209);
#8092=AXIS2_PLACEMENT_3D('',#11267,#9210,#9211);
#8093=AXIS2_PLACEMENT_3D('',#11268,#9212,#9213);
#8094=AXIS2_PLACEMENT_3D('',#11273,#9215,#9216);
#8095=AXIS2_PLACEMENT_3D('',#11277,#9218,#9219);
#8096=AXIS2_PLACEMENT_3D('',#11281,#9222,#9223);
#8097=AXIS2_PLACEMENT_3D('',#11287,#9227,#9228);
#8098=AXIS2_PLACEMENT_3D('',#11289,#9229,#9230);
#8099=AXIS2_PLACEMENT_3D('',#11291,#9232,#9233);
#8100=AXIS2_PLACEMENT_3D('',#11293,#9234,#9235);
#8101=AXIS2_PLACEMENT_3D('',#11295,#9236,#9237);
#8102=AXIS2_PLACEMENT_3D('',#11297,#9239,#9240);
#8103=AXIS2_PLACEMENT_3D('',#11301,#9243,#9244);
#8104=AXIS2_PLACEMENT_3D('',#11307,#9248,#9249);
#8105=AXIS2_PLACEMENT_3D('',#11308,#9250,#9251);
#8106=AXIS2_PLACEMENT_3D('',#11309,#9252,#9253);
#8107=AXIS2_PLACEMENT_3D('',#11311,#9255,#9256);
#8108=AXIS2_PLACEMENT_3D('',#11313,#9257,#9258);
#8109=AXIS2_PLACEMENT_3D('',#11315,#9260,#9261);
#8110=AXIS2_PLACEMENT_3D('',#11317,#9262,#9263);
#8111=AXIS2_PLACEMENT_3D('',#11319,#9265,#9266);
#8112=AXIS2_PLACEMENT_3D('',#11322,#9268,#9269);
#8113=AXIS2_PLACEMENT_3D('',#11324,#9271,#9272);
#8114=AXIS2_PLACEMENT_3D('',#11326,#9274,#9275);
#8115=AXIS2_PLACEMENT_3D('',#11328,#9277,#9278);
#8116=AXIS2_PLACEMENT_3D('',#11332,#9281,#9282);
#8117=AXIS2_PLACEMENT_3D('',#11333,#9283,#9284);
#8118=AXIS2_PLACEMENT_3D('',#11334,#9285,#9286);
#8119=AXIS2_PLACEMENT_3D('',#11335,#9287,#9288);
#8120=AXIS2_PLACEMENT_3D('',#11344,#9292,#9293);
#8121=AXIS2_PLACEMENT_3D('',#11347,#9295,#9296);
#8122=AXIS2_PLACEMENT_3D('',#11348,#9297,#9298);
#8123=AXIS2_PLACEMENT_3D('',#11354,#9302,#9303);
#8124=AXIS2_PLACEMENT_3D('',#11356,#9304,#9305);
#8125=AXIS2_PLACEMENT_3D('',#11358,#9307,#9308);
#8126=AXIS2_PLACEMENT_3D('',#11360,#9309,#9310);
#8127=AXIS2_PLACEMENT_3D('',#11363,#9312,#9313);
#8128=AXIS2_PLACEMENT_3D('',#11364,#9314,#9315);
#8129=AXIS2_PLACEMENT_3D('',#11368,#9318,#9319);
#8130=AXIS2_PLACEMENT_3D('',#11374,#9323,#9324);
#8131=AXIS2_PLACEMENT_3D('',#11375,#9325,#9326);
#8132=AXIS2_PLACEMENT_3D('',#11376,#9327,#9328);
#8133=AXIS2_PLACEMENT_3D('',#11378,#9330,#9331);
#8134=AXIS2_PLACEMENT_3D('',#11380,#9332,#9333);
#8135=AXIS2_PLACEMENT_3D('',#11382,#9335,#9336);
#8136=AXIS2_PLACEMENT_3D('',#11385,#9338,#9339);
#8137=AXIS2_PLACEMENT_3D('',#11386,#9340,#9341);
#8138=AXIS2_PLACEMENT_3D('',#11390,#9344,#9345);
#8139=AXIS2_PLACEMENT_3D('',#11391,#9346,#9347);
#8140=AXIS2_PLACEMENT_3D('',#11393,#9349,#9350);
#8141=AXIS2_PLACEMENT_3D('',#11395,#9352,#9353);
#8142=AXIS2_PLACEMENT_3D('',#11399,#9356,#9357);
#8143=AXIS2_PLACEMENT_3D('',#11400,#9358,#9359);
#8144=AXIS2_PLACEMENT_3D('',#11401,#9360,#9361);
#8145=AXIS2_PLACEMENT_3D('',#11402,#9362,#9363);
#8146=AXIS2_PLACEMENT_3D('',#11405,#9364,#9365);
#8147=AXIS2_PLACEMENT_3D('',#11409,#9367,#9368);
#8148=AXIS2_PLACEMENT_3D('',#11411,#9370,#9371);
#8149=AXIS2_PLACEMENT_3D('',#11417,#9375,#9376);
#8150=AXIS2_PLACEMENT_3D('',#11419,#9377,#9378);
#8151=AXIS2_PLACEMENT_3D('',#11421,#9379,#9380);
#8152=AXIS2_PLACEMENT_3D('',#11423,#9382,#9383);
#8153=AXIS2_PLACEMENT_3D('',#11429,#9387,#9388);
#8154=AXIS2_PLACEMENT_3D('',#11435,#9392,#9393);
#8155=AXIS2_PLACEMENT_3D('',#11437,#9395,#9396);
#8156=AXIS2_PLACEMENT_3D('',#11439,#9398,#9399);
#8157=AXIS2_PLACEMENT_3D('',#11441,#9400,#9401);
#8158=AXIS2_PLACEMENT_3D('',#11443,#9402,#9403);
#8159=AXIS2_PLACEMENT_3D('',#11445,#9405,#9406);
#8160=AXIS2_PLACEMENT_3D('',#11447,#9407,#9408);
#8161=AXIS2_PLACEMENT_3D('',#11449,#9409,#9410);
#8162=AXIS2_PLACEMENT_3D('',#11451,#9412,#9413);
#8163=AXIS2_PLACEMENT_3D('',#11453,#9415,#9416);
#8164=AXIS2_PLACEMENT_3D('',#11455,#9418,#9419);
#8165=AXIS2_PLACEMENT_3D('',#11458,#9422,#9423);
#8166=AXIS2_PLACEMENT_3D('',#11461,#9426,#9427);
#8167=AXIS2_PLACEMENT_3D('',#11462,#9428,#9429);
#8168=AXIS2_PLACEMENT_3D('',#11463,#9430,#9431);
#8169=AXIS2_PLACEMENT_3D('',#11600,#9500,#9501);
#8170=AXIS2_PLACEMENT_3D('',#11606,#9505,#9506);
#8171=AXIS2_PLACEMENT_3D('',#11612,#9510,#9511);
#8172=AXIS2_PLACEMENT_3D('',#11622,#9517,#9518);
#8173=AXIS2_PLACEMENT_3D('',#11630,#9523,#9524);
#8174=AXIS2_PLACEMENT_3D('',#11636,#9528,#9529);
#8175=AXIS2_PLACEMENT_3D('',#11646,#9535,#9536);
#8176=AXIS2_PLACEMENT_3D('',#11654,#9541,#9542);
#8177=AXIS2_PLACEMENT_3D('',#11660,#9546,#9547);
#8178=AXIS2_PLACEMENT_3D('',#11670,#9553,#9554);
#8179=AXIS2_PLACEMENT_3D('',#11678,#9559,#9560);
#8180=AXIS2_PLACEMENT_3D('',#11684,#9564,#9565);
#8181=AXIS2_PLACEMENT_3D('',#11694,#9571,#9572);
#8182=AXIS2_PLACEMENT_3D('',#11702,#9577,#9578);
#8183=AXIS2_PLACEMENT_3D('',#11708,#9582,#9583);
#8184=AXIS2_PLACEMENT_3D('',#11718,#9589,#9590);
#8185=AXIS2_PLACEMENT_3D('',#11726,#9595,#9596);
#8186=AXIS2_PLACEMENT_3D('',#11732,#9600,#9601);
#8187=AXIS2_PLACEMENT_3D('',#11742,#9607,#9608);
#8188=AXIS2_PLACEMENT_3D('',#11750,#9613,#9614);
#8189=AXIS2_PLACEMENT_3D('',#11756,#9618,#9619);
#8190=AXIS2_PLACEMENT_3D('',#11766,#9625,#9626);
#8191=AXIS2_PLACEMENT_3D('',#11774,#9631,#9632);
#8192=AXIS2_PLACEMENT_3D('',#11780,#9636,#9637);
#8193=AXIS2_PLACEMENT_3D('',#11790,#9643,#9644);
#8194=AXIS2_PLACEMENT_3D('',#11798,#9649,#9650);
#8195=AXIS2_PLACEMENT_3D('',#11820,#9662,#9663);
#8196=AXIS2_PLACEMENT_3D('',#11824,#9665,#9666);
#8197=AXIS2_PLACEMENT_3D('',#11836,#9672,#9673);
#8198=AXIS2_PLACEMENT_3D('',#11888,#9709,#9710);
#8199=AXIS2_PLACEMENT_3D('',#11896,#9715,#9716);
#8200=AXIS2_PLACEMENT_3D('',#11897,#9717,#9718);
#8201=AXIS2_PLACEMENT_3D('',#11898,#9719,#9720);
#8202=AXIS2_PLACEMENT_3D('',#11900,#9721,#9722);
#8203=AXIS2_PLACEMENT_3D('',#11902,#9724,#9725);
#8204=AXIS2_PLACEMENT_3D('',#11903,#9726,#9727);
#8205=AXIS2_PLACEMENT_3D('',#11911,#9732,#9733);
#8206=AXIS2_PLACEMENT_3D('',#11914,#9735,#9736);
#8207=AXIS2_PLACEMENT_3D('',#11915,#9737,#9738);
#8208=AXIS2_PLACEMENT_3D('',#11921,#9742,#9743);
#8209=AXIS2_PLACEMENT_3D('',#11925,#9746,#9747);
#8210=AXIS2_PLACEMENT_3D('',#11929,#9750,#9751);
#8211=AXIS2_PLACEMENT_3D('',#11938,#9757,#9758);
#8212=AXIS2_PLACEMENT_3D('',#11939,#9759,#9760);
#8213=AXIS2_PLACEMENT_3D('',#11940,#9761,#9762);
#8214=AXIS2_PLACEMENT_3D('',#11941,#9763,#9764);
#8215=AXIS2_PLACEMENT_3D('',#11950,#9769,#9770);
#8216=AXIS2_PLACEMENT_3D('',#11959,#9775,#9776);
#8217=AXIS2_PLACEMENT_3D('',#11962,#9779,#9780);
#8218=AXIS2_PLACEMENT_3D('',#11964,#9782,#9783);
#8219=AXIS2_PLACEMENT_3D('',#12024,#9813,#9814);
#8220=AXIS2_PLACEMENT_3D('',#12028,#9816,#9817);
#8221=AXIS2_PLACEMENT_3D('',#12030,#9819,#9820);
#8222=AXIS2_PLACEMENT_3D('',#12036,#9824,#9825);
#8223=AXIS2_PLACEMENT_3D('',#12042,#9829,#9830);
#8224=AXIS2_PLACEMENT_3D('',#12045,#9833,#9834);
#8225=AXIS2_PLACEMENT_3D('',#12046,#9835,#9836);
#8226=AXIS2_PLACEMENT_3D('',#12055,#9841,#9842);
#8227=AXIS2_PLACEMENT_3D('',#12058,#9845,#9846);
#8228=AXIS2_PLACEMENT_3D('',#12061,#9849,#9850);
#8229=AXIS2_PLACEMENT_3D('',#12062,#9851,#9852);
#8230=AXIS2_PLACEMENT_3D('',#12068,#9856,#9857);
#8231=AXIS2_PLACEMENT_3D('',#12074,#9861,#9862);
#8232=AXIS2_PLACEMENT_3D('',#12077,#9865,#9866);
#8233=AXIS2_PLACEMENT_3D('',#12078,#9867,#9868);
#8234=AXIS2_PLACEMENT_3D('',#12084,#9872,#9873);
#8235=AXIS2_PLACEMENT_3D('',#12090,#9877,#9878);
#8236=AXIS2_PLACEMENT_3D('',#12093,#9881,#9882);
#8237=AXIS2_PLACEMENT_3D('',#12094,#9883,#9884);
#8238=AXIS2_PLACEMENT_3D('',#12123,#9901,#9902);
#8239=AXIS2_PLACEMENT_3D('',#12129,#9906,#9907);
#8240=AXIS2_PLACEMENT_3D('',#12131,#9909,#9910);
#8241=AXIS2_PLACEMENT_3D('',#12133,#9912,#9913);
#8242=AXIS2_PLACEMENT_3D('',#12134,#9914,#9915);
#8243=AXIS2_PLACEMENT_3D('',#12138,#9918,#9919);
#8244=AXIS2_PLACEMENT_3D('',#12142,#9922,#9923);
#8245=AXIS2_PLACEMENT_3D('',#12144,#9925,#9926);
#8246=AXIS2_PLACEMENT_3D('',#12145,#9927,#9928);
#8247=AXIS2_PLACEMENT_3D('',#12149,#9931,#9932);
#8248=AXIS2_PLACEMENT_3D('',#12153,#9935,#9936);
#8249=AXIS2_PLACEMENT_3D('',#12155,#9938,#9939);
#8250=AXIS2_PLACEMENT_3D('',#12156,#9940,#9941);
#8251=AXIS2_PLACEMENT_3D('',#12165,#9946,#9947);
#8252=AXIS2_PLACEMENT_3D('',#12171,#9951,#9952);
#8253=AXIS2_PLACEMENT_3D('',#12177,#9956,#9957);
#8254=AXIS2_PLACEMENT_3D('',#12179,#9959,#9960);
#8255=AXIS2_PLACEMENT_3D('',#12199,#9970,#9971);
#8256=AXIS2_PLACEMENT_3D('',#12203,#9973,#9974);
#8257=AXIS2_PLACEMENT_3D('',#12245,#9996,#9997);
#8258=AXIS2_PLACEMENT_3D('',#12251,#10001,#10002);
#8259=AXIS2_PLACEMENT_3D('',#12257,#10006,#10007);
#8260=AXIS2_PLACEMENT_3D('',#12260,#10010,#10011);
#8261=AXIS2_PLACEMENT_3D('',#12261,#10012,#10013);
#8262=AXIS2_PLACEMENT_3D('',#12305,#10039,#10040);
#8263=AXIS2_PLACEMENT_3D('',#12309,#10043,#10044);
#8264=AXIS2_PLACEMENT_3D('',#12313,#10047,#10048);
#8265=AXIS2_PLACEMENT_3D('',#12315,#10050,#10051);
#8266=AXIS2_PLACEMENT_3D('',#12316,#10052,#10053);
#8267=AXIS2_PLACEMENT_3D('',#12320,#10056,#10057);
#8268=AXIS2_PLACEMENT_3D('',#12324,#10060,#10061);
#8269=AXIS2_PLACEMENT_3D('',#12326,#10063,#10064);
#8270=AXIS2_PLACEMENT_3D('',#12327,#10065,#10066);
#8271=AXIS2_PLACEMENT_3D('',#12331,#10069,#10070);
#8272=AXIS2_PLACEMENT_3D('',#12335,#10073,#10074);
#8273=AXIS2_PLACEMENT_3D('',#12337,#10076,#10077);
#8274=AXIS2_PLACEMENT_3D('',#12338,#10078,#10079);
#8275=AXIS2_PLACEMENT_3D('',#12344,#10083,#10084);
#8276=AXIS2_PLACEMENT_3D('',#12346,#10086,#10087);
#8277=AXIS2_PLACEMENT_3D('',#12348,#10089,#10090);
#8278=AXIS2_PLACEMENT_3D('',#12349,#10091,#10092);
#8279=AXIS2_PLACEMENT_3D('',#12353,#10095,#10096);
#8280=AXIS2_PLACEMENT_3D('',#12357,#10099,#10100);
#8281=AXIS2_PLACEMENT_3D('',#12359,#10102,#10103);
#8282=AXIS2_PLACEMENT_3D('',#12360,#10104,#10105);
#8283=AXIS2_PLACEMENT_3D('',#12364,#10108,#10109);
#8284=AXIS2_PLACEMENT_3D('',#12368,#10112,#10113);
#8285=AXIS2_PLACEMENT_3D('',#12370,#10115,#10116);
#8286=AXIS2_PLACEMENT_3D('',#12371,#10117,#10118);
#8287=AXIS2_PLACEMENT_3D('',#12375,#10121,#10122);
#8288=AXIS2_PLACEMENT_3D('',#12381,#10126,#10127);
#8289=AXIS2_PLACEMENT_3D('',#12383,#10129,#10130);
#8290=AXIS2_PLACEMENT_3D('',#12385,#10132,#10133);
#8291=AXIS2_PLACEMENT_3D('',#12386,#10134,#10135);
#8292=AXIS2_PLACEMENT_3D('',#12390,#10138,#10139);
#8293=AXIS2_PLACEMENT_3D('',#12396,#10143,#10144);
#8294=AXIS2_PLACEMENT_3D('',#12398,#10146,#10147);
#8295=AXIS2_PLACEMENT_3D('',#12400,#10149,#10150);
#8296=AXIS2_PLACEMENT_3D('',#12401,#10151,#10152);
#8297=AXIS2_PLACEMENT_3D('',#12405,#10155,#10156);
#8298=AXIS2_PLACEMENT_3D('',#12411,#10160,#10161);
#8299=AXIS2_PLACEMENT_3D('',#12413,#10163,#10164);
#8300=AXIS2_PLACEMENT_3D('',#12415,#10166,#10167);
#8301=AXIS2_PLACEMENT_3D('',#12416,#10168,#10169);
#8302=AXIS2_PLACEMENT_3D('',#12420,#10172,#10173);
#8303=AXIS2_PLACEMENT_3D('',#12426,#10177,#10178);
#8304=AXIS2_PLACEMENT_3D('',#12428,#10180,#10181);
#8305=AXIS2_PLACEMENT_3D('',#12430,#10183,#10184);
#8306=AXIS2_PLACEMENT_3D('',#12431,#10185,#10186);
#8307=AXIS2_PLACEMENT_3D('',#12435,#10189,#10190);
#8308=AXIS2_PLACEMENT_3D('',#12441,#10194,#10195);
#8309=AXIS2_PLACEMENT_3D('',#12443,#10197,#10198);
#8310=AXIS2_PLACEMENT_3D('',#12445,#10200,#10201);
#8311=AXIS2_PLACEMENT_3D('',#12446,#10202,#10203);
#8312=AXIS2_PLACEMENT_3D('',#12450,#10206,#10207);
#8313=AXIS2_PLACEMENT_3D('',#12454,#10210,#10211);
#8314=AXIS2_PLACEMENT_3D('',#12458,#10214,#10215);
#8315=AXIS2_PLACEMENT_3D('',#12460,#10217,#10218);
#8316=AXIS2_PLACEMENT_3D('',#12461,#10219,#10220);
#8317=AXIS2_PLACEMENT_3D('',#12465,#10223,#10224);
#8318=AXIS2_PLACEMENT_3D('',#12471,#10228,#10229);
#8319=AXIS2_PLACEMENT_3D('',#12473,#10231,#10232);
#8320=AXIS2_PLACEMENT_3D('',#12475,#10234,#10235);
#8321=AXIS2_PLACEMENT_3D('',#12476,#10236,#10237);
#8322=AXIS2_PLACEMENT_3D('',#12480,#10240,#10241);
#8323=AXIS2_PLACEMENT_3D('',#12486,#10245,#10246);
#8324=AXIS2_PLACEMENT_3D('',#12488,#10248,#10249);
#8325=AXIS2_PLACEMENT_3D('',#12490,#10251,#10252);
#8326=AXIS2_PLACEMENT_3D('',#12491,#10253,#10254);
#8327=AXIS2_PLACEMENT_3D('',#12498,#10259,#10260);
#8328=AXIS2_PLACEMENT_3D('',#12504,#10264,#10265);
#8329=AXIS2_PLACEMENT_3D('',#12505,#10266,#10267);
#8330=AXIS2_PLACEMENT_3D('',#12506,#10268,#10269);
#8331=AXIS2_PLACEMENT_3D('',#12507,#10270,#10271);
#8332=AXIS2_PLACEMENT_3D('',#12508,#10272,#10273);
#8333=AXIS2_PLACEMENT_3D('',#12512,#10275,#10276);
#8334=AXIS2_PLACEMENT_3D('',#12514,#10278,#10279);
#8335=AXIS2_PLACEMENT_3D('',#12518,#10282,#10283);
#8336=AXIS2_PLACEMENT_3D('',#12520,#10284,#10285);
#8337=AXIS2_PLACEMENT_3D('',#12522,#10287,#10288);
#8338=AXIS2_PLACEMENT_3D('',#12528,#10292,#10293);
#8339=AXIS2_PLACEMENT_3D('',#12529,#10294,#10295);
#8340=AXIS2_PLACEMENT_3D('',#12530,#10296,#10297);
#8341=AXIS2_PLACEMENT_3D('',#12531,#10298,#10299);
#8342=AXIS2_PLACEMENT_3D('',#12532,#10300,#10301);
#8343=AXIS2_PLACEMENT_3D('',#12535,#10303,#10304);
#8344=AXIS2_PLACEMENT_3D('',#12536,#10305,#10306);
#8345=AXIS2_PLACEMENT_3D('',#12537,#10307,#10308);
#8346=AXIS2_PLACEMENT_3D('',#12538,#10309,#10310);
#8347=AXIS2_PLACEMENT_3D('',#12544,#10314,#10315);
#8348=AXIS2_PLACEMENT_3D('',#12547,#10318,#10319);
#8349=AXIS2_PLACEMENT_3D('',#12548,#10320,#10321);
#8350=AXIS2_PLACEMENT_3D('',#12549,#10322,#10323);
#8351=AXIS2_PLACEMENT_3D('',#12555,#10327,#10328);
#8352=AXIS2_PLACEMENT_3D('',#12558,#10331,#10332);
#8353=AXIS2_PLACEMENT_3D('',#12559,#10333,#10334);
#8354=AXIS2_PLACEMENT_3D('',#12560,#10335,#10336);
#8355=AXIS2_PLACEMENT_3D('',#12566,#10340,#10341);
#8356=AXIS2_PLACEMENT_3D('',#12569,#10344,#10345);
#8357=AXIS2_PLACEMENT_3D('',#12570,#10346,#10347);
#8358=AXIS2_PLACEMENT_3D('',#12571,#10348,#10349);
#8359=AXIS2_PLACEMENT_3D('',#12577,#10353,#10354);
#8360=AXIS2_PLACEMENT_3D('',#12580,#10357,#10358);
#8361=AXIS2_PLACEMENT_3D('',#12581,#10359,#10360);
#8362=AXIS2_PLACEMENT_3D('',#12582,#10361,#10362);
#8363=AXIS2_PLACEMENT_3D('',#12588,#10366,#10367);
#8364=AXIS2_PLACEMENT_3D('',#12591,#10370,#10371);
#8365=AXIS2_PLACEMENT_3D('',#12592,#10372,#10373);
#8366=AXIS2_PLACEMENT_3D('',#12593,#10374,#10375);
#8367=AXIS2_PLACEMENT_3D('',#12599,#10379,#10380);
#8368=AXIS2_PLACEMENT_3D('',#12602,#10383,#10384);
#8369=AXIS2_PLACEMENT_3D('',#12603,#10385,#10386);
#8370=AXIS2_PLACEMENT_3D('',#12604,#10387,#10388);
#8371=AXIS2_PLACEMENT_3D('',#12610,#10392,#10393);
#8372=AXIS2_PLACEMENT_3D('',#12613,#10396,#10397);
#8373=AXIS2_PLACEMENT_3D('',#12614,#10398,#10399);
#8374=AXIS2_PLACEMENT_3D('',#12615,#10400,#10401);
#8375=AXIS2_PLACEMENT_3D('',#12621,#10405,#10406);
#8376=AXIS2_PLACEMENT_3D('',#12624,#10409,#10410);
#8377=AXIS2_PLACEMENT_3D('',#12625,#10411,#10412);
#8378=AXIS2_PLACEMENT_3D('',#12626,#10413,#10414);
#8379=AXIS2_PLACEMENT_3D('',#12633,#10419,#10420);
#8380=AXIS2_PLACEMENT_3D('',#12637,#10423,#10424);
#8381=AXIS2_PLACEMENT_3D('',#12641,#10427,#10428);
#8382=AXIS2_PLACEMENT_3D('',#12643,#10430,#10431);
#8383=AXIS2_PLACEMENT_3D('',#12644,#10432,#10433);
#8384=AXIS2_PLACEMENT_3D('',#12645,#10434,#10435);
#8385=AXIS2_PLACEMENT_3D('',#12646,#10436,#10437);
#8386=AXIS2_PLACEMENT_3D('',#12650,#10440,#10441);
#8387=AXIS2_PLACEMENT_3D('',#12654,#10444,#10445);
#8388=AXIS2_PLACEMENT_3D('',#12655,#10446,#10447);
#8389=AXIS2_PLACEMENT_3D('',#12656,#10448,#10449);
#8390=AXIS2_PLACEMENT_3D('',#12659,#10451,#10452);
#8391=AXIS2_PLACEMENT_3D('',#12660,#10453,#10454);
#8392=AXIS2_PLACEMENT_3D('',#12664,#10457,#10458);
#8393=AXIS2_PLACEMENT_3D('',#12668,#10460,#10461);
#8394=AXIS2_PLACEMENT_3D('',#12670,#10463,#10464);
#8395=AXIS2_PLACEMENT_3D('',#12671,#10465,#10466);
#8396=AXIS2_PLACEMENT_3D('',#12672,#10467,#10468);
#8397=AXIS2_PLACEMENT_3D('',#12674,#10470,#10471);
#8398=AXIS2_PLACEMENT_3D('',#12676,#10473,#10474);
#8399=AXIS2_PLACEMENT_3D('',#12677,#10475,#10476);
#8400=AXIS2_PLACEMENT_3D('',#12678,#10477,#10478);
#8401=AXIS2_PLACEMENT_3D('',#12679,#10479,#10480);
#8402=DIRECTION('axis',(0.,0.,1.));
#8403=DIRECTION('refdir',(1.,0.,0.));
#8404=DIRECTION('center_axis',(1.,4.62592926927149E-16,0.));
#8405=DIRECTION('ref_axis',(-4.62592926927149E-16,1.,0.));
#8406=DIRECTION('',(2.2E-16,2.2E-16,1.));
#8407=DIRECTION('',(-4.62592926927149E-16,1.,2.5476611676691E-47));
#8408=DIRECTION('',(0.,0.,1.));
#8409=DIRECTION('',(4.62592926927149E-16,-1.,0.));
#8410=DIRECTION('center_axis',(-1.85037170770859E-16,1.,0.));
#8411=DIRECTION('ref_axis',(-1.,-1.85037170770859E-16,0.));
#8412=DIRECTION('',(-1.,-1.85037170770859E-16,1.22079511345363E-32));
#8413=DIRECTION('',(0.,0.,1.));
#8414=DIRECTION('',(1.,1.85037170770859E-16,0.));
#8415=DIRECTION('',(0.,0.,1.));
#8416=DIRECTION('center_axis',(0.,0.,1.));
#8417=DIRECTION('ref_axis',(1.,0.,0.));
#8418=DIRECTION('center_axis',(-1.22079511345363E-32,1.98292998295823E-47,
-1.));
#8419=DIRECTION('ref_axis',(1.,0.,0.));
#8420=DIRECTION('',(0.,0.,1.));
#8421=DIRECTION('center_axis',(-2.73691106313441E-48,1.6758746865083E-64,
-1.));
#8422=DIRECTION('ref_axis',(1.,0.,-2.73691106313441E-48));
#8423=DIRECTION('center_axis',(-1.,0.,0.));
#8424=DIRECTION('ref_axis',(0.,-1.,-2.73691106313441E-48));
#8425=DIRECTION('',(-2.2E-16,2.2E-16,1.));
#8426=DIRECTION('',(0.,1.,2.73691106313441E-48));
#8427=DIRECTION('',(0.,-1.,-1.98292998295823E-47));
#8428=DIRECTION('center_axis',(0.,0.,1.));
#8429=DIRECTION('ref_axis',(-1.,2.42861286636752E-15,0.));
#8430=DIRECTION('center_axis',(-1.22079511345363E-32,1.98292998295823E-47,
-1.));
#8431=DIRECTION('ref_axis',(-1.,2.42861286636752E-15,0.));
#8432=DIRECTION('',(0.,0.,1.));
#8433=DIRECTION('center_axis',(9.69963236772888E-33,-2.24049472643638E-47,
-1.));
#8434=DIRECTION('ref_axis',(-1.,2.42861286636752E-15,-9.69963236772888E-33));
#8435=DIRECTION('',(0.,0.,1.));
#8436=DIRECTION('center_axis',(1.,1.85037170770859E-16,0.));
#8437=DIRECTION('ref_axis',(-1.85037170770859E-16,1.,-9.69963236772886E-34));
#8438=DIRECTION('',(-1.85037170770859E-16,1.,2.20882245684258E-47));
#8439=DIRECTION('',(0.,0.,1.));
#8440=DIRECTION('',(1.85037170770859E-16,-1.,9.69963236772886E-34));
#8441=DIRECTION('center_axis',(0.,0.,1.));
#8442=DIRECTION('ref_axis',(0.,-1.,0.));
#8443=DIRECTION('center_axis',(-1.22079511345363E-32,1.98292998295823E-47,
-1.));
#8444=DIRECTION('ref_axis',(0.,-1.,0.));
#8445=DIRECTION('',(0.,0.,1.));
#8446=DIRECTION('center_axis',(9.69963236772887E-33,-1.78179355980678E-48,
-1.));
#8447=DIRECTION('ref_axis',(0.,-1.,1.78179355980678E-48));
#8448=DIRECTION('center_axis',(0.,0.,1.));
#8449=DIRECTION('ref_axis',(1.,-1.8503717077086E-15,0.));
#8450=DIRECTION('center_axis',(-1.22079511345363E-32,1.98292998295823E-47,
-1.));
#8451=DIRECTION('ref_axis',(1.,-1.8503717077086E-15,0.));
#8452=DIRECTION('',(0.,0.,1.));
#8453=DIRECTION('center_axis',(-1.22079511345363E-32,1.97163535926401E-47,
-1.));
#8454=DIRECTION('ref_axis',(1.,-1.8503717077086E-15,-1.22079511345363E-32));
#8455=DIRECTION('',(0.,0.,1.));
#8456=DIRECTION('center_axis',(-1.,-1.85037170770859E-16,0.));
#8457=DIRECTION('ref_axis',(1.85037170770859E-16,-1.,-1.22079511345363E-33));
#8458=DIRECTION('',(1.85037170770859E-16,-1.,-2.20882245684258E-47));
#8459=DIRECTION('',(0.,0.,1.));
#8460=DIRECTION('',(-1.85037170770859E-16,1.,1.22079511345363E-33));
#8461=DIRECTION('center_axis',(0.,0.,1.));
#8462=DIRECTION('ref_axis',(0.,1.,0.));
#8463=DIRECTION('center_axis',(-1.22079511345363E-32,1.98292998295823E-47,
-1.));
#8464=DIRECTION('ref_axis',(0.,1.,0.));
#8465=DIRECTION('',(0.,0.,1.));
#8466=DIRECTION('center_axis',(-1.22079511345363E-32,2.24256424215857E-48,
-1.));
#8467=DIRECTION('ref_axis',(0.,1.,2.24256424215857E-48));
#8468=DIRECTION('center_axis',(0.,0.,1.));
#8469=DIRECTION('ref_axis',(-2.77555756156288E-15,-1.,0.));
#8470=DIRECTION('center_axis',(-1.22079511345363E-32,1.98292998295823E-47,
-1.));
#8471=DIRECTION('ref_axis',(-2.77555756156288E-15,-1.,0.));
#8472=DIRECTION('center_axis',(0.,0.,-1.));
#8473=DIRECTION('ref_axis',(-2.77555756156288E-15,-1.,0.));
#8474=DIRECTION('center_axis',(-1.22079511345363E-32,1.98292998295823E-47,
-1.));
#8475=DIRECTION('ref_axis',(1.,0.,-1.22079511345363E-32));
#8476=DIRECTION('',(1.,0.,-3.34086292463771E-49));
#8477=DIRECTION('',(1.224646799147E-16,1.,-2.2E-16));
#8478=DIRECTION('',(-1.,0.,0.));
#8479=DIRECTION('',(1.224646799147E-16,1.,-2.2E-16));
#8480=DIRECTION('',(1.,0.,0.));
#8481=DIRECTION('',(-1.,-4.33680868994201E-17,-4.20480795404732E-49));
#8482=DIRECTION('',(1.224646799147E-16,1.,-2.2E-16));
#8483=DIRECTION('',(1.,0.,0.));
#8484=DIRECTION('',(-1.224646799147E-16,-1.,2.2E-16));
#8485=DIRECTION('',(-1.224646799147E-16,-1.,2.2E-16));
#8486=DIRECTION('',(1.,0.,0.));
#8487=DIRECTION('',(1.224646799147E-16,1.,-2.2E-16));
#8488=DIRECTION('',(-1.,-4.33680868994201E-17,0.));
#8489=DIRECTION('center_axis',(-1.22079511345363E-32,1.98292998295823E-47,
-1.));
#8490=DIRECTION('ref_axis',(-1.,0.,1.22079511345363E-32));
#8491=DIRECTION('',(1.224646799147E-16,1.,-2.2E-16));
#8492=DIRECTION('',(-1.,0.,1.22079511345363E-32));
#8493=DIRECTION('',(1.,4.33680868994201E-17,-1.22079511345363E-32));
#8494=DIRECTION('',(1.224646799147E-16,1.,-2.2E-16));
#8495=DIRECTION('',(-1.,0.,1.22079511345363E-32));
#8496=DIRECTION('',(-1.224646799147E-16,-1.,2.2E-16));
#8497=DIRECTION('',(-1.224646799147E-16,-1.,2.2E-16));
#8498=DIRECTION('',(-1.,0.,1.22079511345363E-32));
#8499=DIRECTION('',(1.224646799147E-16,1.,-2.2E-16));
#8500=DIRECTION('',(1.,4.33680868994201E-17,-1.22079511345363E-32));
#8501=DIRECTION('',(-1.,0.,1.22079511345363E-32));
#8502=DIRECTION('',(1.224646799147E-16,1.,-2.2E-16));
#8503=DIRECTION('',(1.,0.,-1.22079511345363E-32));
#8504=DIRECTION('center_axis',(-2.694222958124E-32,-2.2E-16,-1.));
#8505=DIRECTION('ref_axis',(-1.224646799147E-16,-1.,2.2E-16));
#8506=DIRECTION('',(-1.,1.224646799147E-16,-2.2E-16));
#8507=DIRECTION('',(-1.,1.224646799147E-16,-2.2E-16));
#8508=DIRECTION('',(-1.224646799147E-16,-1.,2.2E-16));
#8509=DIRECTION('center_axis',(2.694222958124E-32,2.2E-16,1.));
#8510=DIRECTION('ref_axis',(1.224646799147E-16,1.,-2.2E-16));
#8511=DIRECTION('',(-1.,1.224646799147E-16,-2.2E-16));
#8512=DIRECTION('',(-1.,1.224646799147E-16,0.));
#8513=DIRECTION('',(1.224646799147E-16,1.,-2.2E-16));
#8514=DIRECTION('center_axis',(1.224646799147E-16,1.,-2.2E-16));
#8515=DIRECTION('ref_axis',(2.2E-16,-2.2E-16,-1.));
#8516=DIRECTION('',(2.694222958124E-32,2.2E-16,1.));
#8517=DIRECTION('',(2.2E-16,-2.2E-16,-1.));
#8518=DIRECTION('center_axis',(-1.224646799147E-16,-1.,2.2E-16));
#8519=DIRECTION('ref_axis',(-2.2E-16,2.2E-16,1.));
#8520=DIRECTION('',(-2.2E-16,2.2E-16,1.));
#8521=DIRECTION('center_axis',(1.224646799147E-16,1.,-2.2E-16));
#8522=DIRECTION('ref_axis',(-1.,1.224646799147E-16,2.2E-16));
#8523=DIRECTION('center_axis',(1.224646799147E-16,1.,-2.2E-16));
#8524=DIRECTION('ref_axis',(-1.,1.224646799147E-16,4.4E-16));
#8525=DIRECTION('center_axis',(1.224646799147E-16,1.,-2.2E-16));
#8526=DIRECTION('ref_axis',(-1.,1.224646799147E-16,2.2E-16));
#8527=DIRECTION('',(1.224646799147E-16,1.,-2.2E-16));
#8528=DIRECTION('center_axis',(1.224646799147E-16,1.,-2.2E-16));
#8529=DIRECTION('ref_axis',(-1.,1.224646799147E-16,1.09E-15));
#8530=DIRECTION('center_axis',(1.224646799147E-16,1.,-2.2E-16));
#8531=DIRECTION('ref_axis',(-1.,1.224646799147E-16,5.5E-16));
#8532=DIRECTION('center_axis',(1.224646799147E-16,1.,-2.2E-16));
#8533=DIRECTION('ref_axis',(-1.,1.224646799147E-16,1.09E-15));
#8534=DIRECTION('',(1.224646799147E-16,1.,-2.2E-16));
#8535=DIRECTION('center_axis',(-1.224646799147E-16,-1.,2.2E-16));
#8536=DIRECTION('ref_axis',(-0.923879532511277,1.97332966349061E-16,0.382683432365115));
#8537=DIRECTION('',(-0.707106781186548,-7.3404394376403E-17,-0.707106781186548));
#8538=DIRECTION('center_axis',(1.224646799147E-16,1.,-2.2E-16));
#8539=DIRECTION('ref_axis',(-0.923879532511277,1.97332966349061E-16,0.382683432365115));
#8540=DIRECTION('',(0.707106781186548,7.3404394376403E-17,0.707106781186548));
#8541=DIRECTION('center_axis',(-0.707106781186548,-7.3404394376403E-17,
-0.707106781186548));
#8542=DIRECTION('ref_axis',(-1.19327594924904E-16,-1.,2.23137084989796E-16));
#8543=DIRECTION('',(-0.707106781186548,2.46595605623342E-16,0.707106781186548));
#8544=DIRECTION('',(-0.707106781186548,2.46595605623342E-16,0.707106781186548));
#8545=DIRECTION('center_axis',(-0.707106781186548,-7.3404394376403E-17,
-0.707106781186548));
#8546=DIRECTION('ref_axis',(0.707106781186547,-2.46595605623342E-16,-0.707106781186547));
#8547=DIRECTION('',(-1.224646799147E-16,-1.,2.2E-16));
#8548=DIRECTION('center_axis',(0.707106781186548,7.3404394376403E-17,0.707106781186548));
#8549=DIRECTION('ref_axis',(-0.707106781186547,2.46595605623342E-16,0.707106781186547));
#8550=DIRECTION('center_axis',(0.707106781186548,7.3404394376403E-17,0.707106781186548));
#8551=DIRECTION('ref_axis',(1.19327594924904E-16,1.,-2.23137084989796E-16));
#8552=DIRECTION('',(-0.707106781186548,2.46595605623342E-16,0.707106781186548));
#8553=DIRECTION('',(-0.707106781186548,2.46595605623342E-16,0.707106781186548));
#8554=DIRECTION('center_axis',(0.707106781186548,7.3404394376403E-17,0.707106781186548));
#8555=DIRECTION('ref_axis',(-0.707106781186547,2.46595605623342E-16,0.707106781186547));
#8556=DIRECTION('',(1.224646799147E-16,1.,-2.2E-16));
#8557=DIRECTION('center_axis',(-0.707106781186548,-7.3404394376403E-17,
-0.707106781186548));
#8558=DIRECTION('ref_axis',(0.707106781186547,-2.46595605623342E-16,-0.707106781186547));
#8559=DIRECTION('center_axis',(1.224646799147E-16,1.,-2.2E-16));
#8560=DIRECTION('ref_axis',(-0.707106781186548,-6.89678862375161E-17,-0.707106781186548));
#8561=DIRECTION('',(-0.707106781186548,-7.3404394376403E-17,-0.707106781186548));
#8562=DIRECTION('center_axis',(-1.224646799147E-16,-1.,2.2E-16));
#8563=DIRECTION('ref_axis',(0.707106781186548,6.89678862375161E-17,0.707106781186548));
#8564=DIRECTION('',(0.707106781186548,7.3404394376403E-17,0.707106781186548));
#8565=DIRECTION('center_axis',(-0.707106781186548,-7.3404394376403E-17,
-0.707106781186548));
#8566=DIRECTION('ref_axis',(1.19327594924904E-16,1.,-2.23137084989796E-16));
#8567=DIRECTION('',(-0.707106781186548,-7.3404394376403E-17,-0.707106781186548));
#8568=DIRECTION('center_axis',(-0.707106781186548,1.16595605623425E-16,
0.707106781186548));
#8569=DIRECTION('ref_axis',(0.707106781186548,7.34043943764031E-17,0.707106781186548));
#8570=DIRECTION('',(0.707106781186548,7.3404394376403E-17,0.707106781186548));
#8571=DIRECTION('center_axis',(0.707106781186548,7.3404394376403E-17,0.707106781186548));
#8572=DIRECTION('ref_axis',(-1.19327594924904E-16,-1.,2.23137084989796E-16));
#8573=DIRECTION('center_axis',(-1.224646799147E-16,-1.,4.4E-16));
#8574=DIRECTION('ref_axis',(-5.388445916248E-32,-4.4E-16,-1.));
#8575=DIRECTION('center_axis',(1.224646799147E-16,1.,-2.2E-16));
#8576=DIRECTION('ref_axis',(-1.,1.224646799147E-16,0.));
#8577=DIRECTION('',(-2.694222958124E-32,-2.2E-16,-1.));
#8578=DIRECTION('center_axis',(1.224646799147E-16,1.,-2.2E-16));
#8579=DIRECTION('ref_axis',(-1.,1.224646799147E-16,0.));
#8580=DIRECTION('',(1.,0.,0.));
#8581=DIRECTION('center_axis',(-1.224646799147E-16,-1.,2.2E-16));
#8582=DIRECTION('ref_axis',(1.,-1.224646799147E-16,0.));
#8583=DIRECTION('',(-2.694222958124E-32,-2.2E-16,-1.));
#8584=DIRECTION('center_axis',(-1.224646799147E-16,-1.,2.2E-16));
#8585=DIRECTION('ref_axis',(1.,-1.224646799147E-16,0.));
#8586=DIRECTION('center_axis',(-1.224646799147E-16,-1.,2.2E-16));
#8587=DIRECTION('ref_axis',(1.,-1.224646799147E-16,0.));
#8588=DIRECTION('',(-2.694222958124E-32,-2.2E-16,-1.));
#8589=DIRECTION('center_axis',(-1.224646799147E-16,-1.,2.2E-16));
#8590=DIRECTION('ref_axis',(1.,-1.224646799147E-16,0.));
#8591=DIRECTION('',(-1.,0.,0.));
#8592=DIRECTION('center_axis',(1.224646799147E-16,1.,-2.2E-16));
#8593=DIRECTION('ref_axis',(-1.,1.224646799147E-16,0.));
#8594=DIRECTION('',(-2.694222958124E-32,-2.2E-16,-1.));
#8595=DIRECTION('center_axis',(1.224646799147E-16,1.,-2.2E-16));
#8596=DIRECTION('ref_axis',(-1.,1.224646799147E-16,0.));
#8597=DIRECTION('center_axis',(-1.224646799147E-16,-1.,2.2E-16));
#8598=DIRECTION('ref_axis',(-2.2E-16,2.2E-16,1.));
#8599=DIRECTION('center_axis',(1.224646799147E-16,1.,-2.2E-16));
#8600=DIRECTION('ref_axis',(1.,-1.224646799147E-16,0.));
#8601=DIRECTION('',(2.2E-16,-2.2E-16,-1.));
#8602=DIRECTION('',(1.,-1.224646799147E-16,2.2E-16));
#8603=DIRECTION('',(2.694222958124E-32,2.2E-16,1.));
#8604=DIRECTION('center_axis',(1.224646799147E-16,1.,-2.2E-16));
#8605=DIRECTION('ref_axis',(1.,-1.224646799147E-16,0.));
#8606=DIRECTION('center_axis',(1.224646799147E-16,1.,-2.2E-16));
#8607=DIRECTION('ref_axis',(2.2E-16,2.2E-16,1.));
#8608=DIRECTION('center_axis',(-1.224646799147E-16,-1.,2.2E-16));
#8609=DIRECTION('ref_axis',(-1.,1.224646799147E-16,0.));
#8610=DIRECTION('',(-2.694222958124E-32,-2.2E-16,-1.));
#8611=DIRECTION('',(-1.,1.224646799147E-16,2.2E-16));
#8612=DIRECTION('',(2.2E-16,2.2E-16,1.));
#8613=DIRECTION('center_axis',(-1.224646799147E-16,-1.,2.2E-16));
#8614=DIRECTION('ref_axis',(-1.,1.224646799147E-16,0.));
#8615=DIRECTION('center_axis',(1.224646799147E-16,1.,-2.2E-16));
#8616=DIRECTION('ref_axis',(2.2E-16,-2.2E-16,-1.));
#8617=DIRECTION('center_axis',(1.224646799147E-16,1.,-2.2E-16));
#8618=DIRECTION('ref_axis',(1.,-1.224646799147E-16,0.));
#8619=DIRECTION('',(-2.2E-16,2.2E-16,1.));
#8620=DIRECTION('',(1.,-1.224646799147E-16,2.2E-16));
#8621=DIRECTION('',(-2.694222958124E-32,-2.2E-16,-1.));
#8622=DIRECTION('center_axis',(1.224646799147E-16,1.,-2.2E-16));
#8623=DIRECTION('ref_axis',(1.,-1.224646799147E-16,0.));
#8624=DIRECTION('',(2.694222958124E-32,2.2E-16,1.));
#8625=DIRECTION('center_axis',(1.,0.,0.));
#8626=DIRECTION('ref_axis',(0.,-1.,0.));
#8627=DIRECTION('',(-2.2E-16,-2.2E-16,-1.));
#8628=DIRECTION('',(0.,1.,0.));
#8629=DIRECTION('',(0.,0.,-1.));
#8630=DIRECTION('',(0.,-1.,0.));
#8631=DIRECTION('center_axis',(-0.703626848422394,0.710569671586939,0.));
#8632=DIRECTION('ref_axis',(0.710569671586939,0.703626848422394,2.99040799523675E-32));
#8633=DIRECTION('',(0.710569671586939,0.703626848422394,0.));
#8634=DIRECTION('',(0.,0.,-1.));
#8635=DIRECTION('',(-0.710569671586939,-0.703626848422394,-2.99040799523675E-32));
#8636=DIRECTION('',(0.,0.,-1.));
#8637=DIRECTION('center_axis',(0.,0.,-1.));
#8638=DIRECTION('ref_axis',(0.,-1.,0.));
#8639=DIRECTION('center_axis',(0.,0.,1.));
#8640=DIRECTION('ref_axis',(0.,-1.,0.));
#8641=DIRECTION('',(0.,0.,-1.));
#8642=DIRECTION('center_axis',(-4.24640478587009E-48,-2.46519032881566E-32,
1.));
#8643=DIRECTION('ref_axis',(0.,-1.,-2.46519032881566E-32));
#8644=DIRECTION('center_axis',(0.,1.,0.));
#8645=DIRECTION('ref_axis',(1.,0.,-2.43874408852562E-32));
#8646=DIRECTION('',(1.,0.,0.));
#8647=DIRECTION('',(-2.694222958124E-32,-2.2E-16,-1.));
#8648=DIRECTION('',(-1.,0.,2.43874408852562E-32));
#8649=DIRECTION('center_axis',(-1.,0.,0.));
#8650=DIRECTION('ref_axis',(0.,1.,0.));
#8651=DIRECTION('',(2.2E-16,-2.2E-16,-1.));
#8652=DIRECTION('',(0.,1.,0.));
#8653=DIRECTION('',(0.,0.,-1.));
#8654=DIRECTION('',(0.,-1.,0.));
#8655=DIRECTION('center_axis',(0.,0.,-1.));
#8656=DIRECTION('ref_axis',(0.,-1.,0.));
#8657=DIRECTION('center_axis',(0.,0.,1.));
#8658=DIRECTION('ref_axis',(0.,-1.,0.));
#8659=DIRECTION('',(0.,0.,-1.));
#8660=DIRECTION('center_axis',(0.,0.,1.));
#8661=DIRECTION('ref_axis',(0.,-1.,0.));
#8662=DIRECTION('center_axis',(0.,1.,0.));
#8663=DIRECTION('ref_axis',(1.,0.,0.));
#8664=DIRECTION('',(1.,0.,0.));
#8665=DIRECTION('',(0.,0.,-1.));
#8666=DIRECTION('',(-1.,0.,0.));
#8667=DIRECTION('center_axis',(0.,0.,-1.));
#8668=DIRECTION('ref_axis',(-1.,-1.8503717077086E-15,0.));
#8669=DIRECTION('center_axis',(0.,0.,1.));
#8670=DIRECTION('ref_axis',(-1.,-1.8503717077086E-15,0.));
#8671=DIRECTION('center_axis',(0.,0.,1.));
#8672=DIRECTION('ref_axis',(-1.,-1.8503717077086E-15,0.));
#8673=DIRECTION('center_axis',(0.,1.,0.));
#8674=DIRECTION('ref_axis',(1.,0.,0.));
#8675=DIRECTION('',(1.,0.,0.));
#8676=DIRECTION('',(0.,0.,-1.));
#8677=DIRECTION('',(-1.,0.,0.));
#8678=DIRECTION('',(-2.694222958124E-32,-2.2E-16,-1.));
#8679=DIRECTION('center_axis',(0.,0.,-1.));
#8680=DIRECTION('ref_axis',(-0.70362684842166,-0.710569671587665,0.));
#8681=DIRECTION('center_axis',(0.,0.,1.));
#8682=DIRECTION('ref_axis',(-0.70362684842166,-0.710569671587665,0.));
#8683=DIRECTION('',(0.,0.,-1.));
#8684=DIRECTION('center_axis',(5.3369765731121E-47,-2.46519032881565E-32,
1.));
#8685=DIRECTION('ref_axis',(-0.70362684842166,-0.710569671587665,-1.75168948234762E-32));
#8686=DIRECTION('center_axis',(0.703626848422394,0.710569671586939,0.));
#8687=DIRECTION('ref_axis',(0.710569671586939,-0.703626848422394,-2.99040799523675E-32));
#8688=DIRECTION('',(0.710569671586939,-0.703626848422394,0.));
#8689=DIRECTION('',(0.,0.,-1.));
#8690=DIRECTION('',(-0.710569671586939,0.703626848422394,2.99040799523675E-32));
#8691=DIRECTION('center_axis',(0.,0.,-1.));
#8692=DIRECTION('ref_axis',(0.703626848421657,0.710569671587668,0.));
#8693=DIRECTION('center_axis',(0.,0.,-1.));
#8694=DIRECTION('ref_axis',(0.703626848421657,0.710569671587668,0.));
#8695=DIRECTION('',(0.,0.,-1.));
#8696=DIRECTION('center_axis',(1.23253574987764E-32,-1.22049290862031E-32,
1.));
#8697=DIRECTION('ref_axis',(0.703626848421657,0.710569671587668,-1.35617190546735E-46));
#8698=DIRECTION('center_axis',(0.,0.,-1.));
#8699=DIRECTION('ref_axis',(0.,1.,0.));
#8700=DIRECTION('center_axis',(0.,0.,-1.));
#8701=DIRECTION('ref_axis',(0.,1.,0.));
#8702=DIRECTION('center_axis',(9.4534095806002E-49,0.,1.));
#8703=DIRECTION('ref_axis',(0.,1.,0.));
#8704=DIRECTION('',(0.,0.,-1.));
#8705=DIRECTION('center_axis',(0.,0.,1.));
#8706=DIRECTION('ref_axis',(-1.,0.,0.));
#8707=DIRECTION('',(-1.224646799147E-16,-1.,2.2E-16));
#8708=DIRECTION('',(-1.,0.,-4.2888258108554E-32));
#8709=DIRECTION('',(1.224646799147E-16,1.,-2.2E-16));
#8710=DIRECTION('',(1.224646799147E-16,1.,-2.2E-16));
#8711=DIRECTION('',(-1.,0.,0.));
#8712=DIRECTION('',(-1.224646799147E-16,-1.,2.2E-16));
#8713=DIRECTION('center_axis',(0.,0.,1.));
#8714=DIRECTION('ref_axis',(1.,0.,0.));
#8715=DIRECTION('',(1.224646799147E-16,1.,-2.2E-16));
#8716=DIRECTION('',(1.224646799147E-16,1.,-2.2E-16));
#8717=DIRECTION('',(1.,0.,0.));
#8718=DIRECTION('',(1.224646799147E-16,1.,-2.2E-16));
#8719=DIRECTION('',(1.224646799147E-16,1.,-2.2E-16));
#8720=DIRECTION('',(1.,0.,0.));
#8721=DIRECTION('center_axis',(2.694222958124E-32,2.2E-16,1.));
#8722=DIRECTION('ref_axis',(1.,-2.44929359829435E-16,2.69422295812358E-32));
#8723=DIRECTION('center_axis',(-2.694222958124E-32,-2.2E-16,-1.));
#8724=DIRECTION('ref_axis',(-1.,1.224646799147E-16,5.99930905039062E-45));
#8725=DIRECTION('',(-2.694222958124E-32,-2.2E-16,-1.));
#8726=DIRECTION('center_axis',(-2.694222958124E-32,-2.2E-16,-1.));
#8727=DIRECTION('ref_axis',(-1.,1.224646799147E-16,5.99930905039062E-45));
#8728=DIRECTION('',(-2.694222958124E-32,-2.2E-16,-1.));
#8729=DIRECTION('center_axis',(2.694222958124E-32,2.2E-16,1.));
#8730=DIRECTION('ref_axis',(-1.,1.224646799147E-16,5.99930905039062E-45));
#8731=DIRECTION('center_axis',(-2.694222958124E-32,-2.2E-16,-1.));
#8732=DIRECTION('ref_axis',(-1.,1.224646799147E-16,5.99930905039062E-45));
#8733=DIRECTION('center_axis',(-2.694222958124E-32,-2.2E-16,-1.));
#8734=DIRECTION('ref_axis',(-1.,1.224646799147E-16,5.99930905039062E-45));
#8735=DIRECTION('',(-2.694222958124E-32,-2.2E-16,-1.));
#8736=DIRECTION('center_axis',(1.224646799147E-16,1.,-2.2E-16));
#8737=DIRECTION('ref_axis',(2.8E-16,-2.2E-16,-1.));
#8738=DIRECTION('',(-1.,1.224646799147E-16,0.));
#8739=DIRECTION('',(-3.3E-16,2.2E-16,1.));
#8740=DIRECTION('',(-1.,1.224646799147E-16,-2.8E-16));
#8741=DIRECTION('center_axis',(2.694222958124E-32,2.2E-16,1.));
#8742=DIRECTION('ref_axis',(-1.,1.224646799147E-16,5.99930905039062E-45));
#8743=DIRECTION('center_axis',(-2.694222958124E-32,-2.2E-16,-1.));
#8744=DIRECTION('ref_axis',(-1.,1.224646799147E-16,5.99930905039062E-45));
#8745=DIRECTION('',(-2.694222958124E-32,-2.2E-16,-1.));
#8746=DIRECTION('center_axis',(-2.694222958124E-32,-2.2E-16,-1.));
#8747=DIRECTION('ref_axis',(-1.,1.224646799147E-16,5.99930905039062E-45));
#8748=DIRECTION('',(-2.694222958124E-32,-2.2E-16,-1.));
#8749=DIRECTION('center_axis',(2.694222958124E-32,2.2E-16,1.));
#8750=DIRECTION('ref_axis',(1.,-2.44929359829435E-16,2.69422295812358E-32));
#8751=DIRECTION('center_axis',(-2.694222958124E-32,-2.2E-16,-1.));
#8752=DIRECTION('ref_axis',(-1.,1.224646799147E-16,5.99930905039062E-45));
#8753=DIRECTION('center_axis',(-2.694222958124E-32,-2.2E-16,-1.));
#8754=DIRECTION('ref_axis',(-1.,1.224646799147E-16,5.99930905039062E-45));
#8755=DIRECTION('',(-2.694222958124E-32,-2.2E-16,-1.));
#8756=DIRECTION('center_axis',(2.694222958124E-32,2.2E-16,1.));
#8757=DIRECTION('ref_axis',(-1.,1.224646799147E-16,5.99930905039062E-45));
#8758=DIRECTION('center_axis',(-2.694222958124E-32,-2.2E-16,-1.));
#8759=DIRECTION('ref_axis',(-1.,1.224646799147E-16,5.99930905039062E-45));
#8760=DIRECTION('center_axis',(-2.694222958124E-32,-2.2E-16,-1.));
#8761=DIRECTION('ref_axis',(-1.,1.224646799147E-16,5.99930905039062E-45));
#8762=DIRECTION('',(-2.694222958124E-32,-2.2E-16,-1.));
#8763=DIRECTION('center_axis',(-1.224646799147E-16,-1.,2.2E-16));
#8764=DIRECTION('ref_axis',(-2.8E-16,2.2E-16,1.));
#8765=DIRECTION('',(-1.,1.224646799147E-16,-2.8E-16));
#8766=DIRECTION('',(3.3E-16,-2.2E-16,-1.));
#8767=DIRECTION('',(-1.,1.224646799147E-16,-2.8E-16));
#8768=DIRECTION('center_axis',(1.224646799147E-16,1.,-2.2E-16));
#8769=DIRECTION('ref_axis',(2.8E-16,-2.2E-16,-1.));
#8770=DIRECTION('',(-1.,1.224646799147E-16,0.));
#8771=DIRECTION('',(-3.3E-16,2.2E-16,1.));
#8772=DIRECTION('',(-1.,1.224646799147E-16,-2.8E-16));
#8773=DIRECTION('center_axis',(2.694222958124E-32,2.2E-16,1.));
#8774=DIRECTION('ref_axis',(-1.,1.224646799147E-16,5.99930905039062E-45));
#8775=DIRECTION('center_axis',(-2.694222958124E-32,-2.2E-16,-1.));
#8776=DIRECTION('ref_axis',(-1.,1.224646799147E-16,5.99930905039062E-45));
#8777=DIRECTION('',(-2.694222958124E-32,-2.2E-16,-1.));
#8778=DIRECTION('center_axis',(-2.694222958124E-32,-2.2E-16,-1.));
#8779=DIRECTION('ref_axis',(-1.,1.224646799147E-16,5.99930905039062E-45));
#8780=DIRECTION('center_axis',(2.694222958124E-32,2.2E-16,1.));
#8781=DIRECTION('ref_axis',(1.224646799147E-16,1.,-2.2E-16));
#8782=DIRECTION('',(-1.,1.224646799147E-16,-2.8E-16));
#8783=DIRECTION('',(-1.224646799147E-16,-1.,2.2E-16));
#8784=DIRECTION('center_axis',(2.694222958124E-32,2.2E-16,1.));
#8785=DIRECTION('ref_axis',(1.224646799147E-16,1.,-2.2E-16));
#8786=DIRECTION('',(-1.224646799147E-16,-1.,2.2E-16));
#8787=DIRECTION('center_axis',(-2.694222958124E-32,-2.2E-16,-1.));
#8788=DIRECTION('ref_axis',(-1.224646799147E-16,-1.,2.2E-16));
#8789=DIRECTION('',(-1.224646799147E-16,-1.,2.2E-16));
#8790=DIRECTION('',(-1.,1.224646799147E-16,-2.8E-16));
#8791=DIRECTION('center_axis',(-1.224646799147E-16,-1.,2.2E-16));
#8792=DIRECTION('ref_axis',(0.707106781186548,6.89678862375161E-17,0.707106781186548));
#8793=DIRECTION('center_axis',(1.224646799147E-16,1.,-2.2E-16));
#8794=DIRECTION('ref_axis',(1.,-1.22464679914699E-16,3.95E-15));
#8795=DIRECTION('',(-1.,1.224646799147E-16,-2.2E-16));
#8796=DIRECTION('center_axis',(1.224646799147E-16,1.,-2.2E-16));
#8797=DIRECTION('ref_axis',(1.,-1.22464679914697E-16,1.147E-14));
#8798=DIRECTION('center_axis',(-2.694222958124E-32,-2.2E-16,-1.));
#8799=DIRECTION('ref_axis',(-1.224646799147E-16,-1.,2.2E-16));
#8800=DIRECTION('',(-1.224646799147E-16,-1.,2.2E-16));
#8801=DIRECTION('center_axis',(1.224646799147E-16,1.,-2.2E-16));
#8802=DIRECTION('ref_axis',(0.707106781186548,6.89678862375161E-17,0.707106781186548));
#8803=DIRECTION('center_axis',(1.224646799147E-16,1.,-2.2E-16));
#8804=DIRECTION('ref_axis',(1.,-1.22464679914699E-16,5.92E-15));
#8805=DIRECTION('',(1.,-1.224646799147E-16,2.2E-16));
#8806=DIRECTION('center_axis',(1.224646799147E-16,1.,-2.2E-16));
#8807=DIRECTION('ref_axis',(1.,-1.224646799147E-16,2.1E-15));
#8808=DIRECTION('center_axis',(-1.224646799147E-16,-1.,2.2E-16));
#8809=DIRECTION('ref_axis',(0.707106781186548,6.89678862375161E-17,0.707106781186548));
#8810=DIRECTION('center_axis',(1.224646799147E-16,1.,-2.2E-16));
#8811=DIRECTION('ref_axis',(1.,-1.224646799147E-16,1.97E-15));
#8812=DIRECTION('',(-1.,1.224646799147E-16,-2.2E-16));
#8813=DIRECTION('center_axis',(1.224646799147E-16,1.,-2.2E-16));
#8814=DIRECTION('ref_axis',(1.,-1.22464679914699E-16,5.55E-15));
#8815=DIRECTION('center_axis',(-1.224646799147E-16,-1.,2.391E-14));
#8816=DIRECTION('ref_axis',(-2.8E-16,2.391E-14,1.));
#8817=DIRECTION('',(3.3E-16,-2.391E-14,-1.));
#8818=DIRECTION('center_axis',(-1.224646799147E-16,-1.,2.2E-16));
#8819=DIRECTION('ref_axis',(1.,-1.22464679914699E-16,3.95E-15));
#8820=DIRECTION('center_axis',(1.224646799147E-16,1.,-2.2E-16));
#8821=DIRECTION('ref_axis',(1.,-1.22464679914699E-16,4.07E-15));
#8822=DIRECTION('',(-1.224646799147E-16,-1.,2.2E-16));
#8823=DIRECTION('center_axis',(-1.224646799147E-16,-1.,2.2E-16));
#8824=DIRECTION('ref_axis',(1.,-1.224646799147E-16,1.97E-15));
#8825=DIRECTION('',(-1.224646799147E-16,-1.,2.2E-16));
#8826=DIRECTION('center_axis',(-1.224646799147E-16,-1.,2.2E-16));
#8827=DIRECTION('ref_axis',(1.,-1.22464679914697E-16,1.184E-14));
#8828=DIRECTION('',(1.224646799147E-16,1.,-2.2E-16));
#8829=DIRECTION('center_axis',(1.224646799147E-16,1.,-2.2E-16));
#8830=DIRECTION('ref_axis',(1.,-1.22464679914697E-16,1.184E-14));
#8831=DIRECTION('center_axis',(-1.,1.224646799147E-16,-2.2E-16));
#8832=DIRECTION('ref_axis',(-2.2E-16,2.2E-16,1.));
#8833=DIRECTION('center_axis',(-1.,1.224646799147E-16,-2.2E-16));
#8834=DIRECTION('ref_axis',(2.2E-16,-2.2E-16,-1.));
#8835=DIRECTION('',(-1.,1.224646799147E-16,-2.2E-16));
#8836=DIRECTION('center_axis',(-1.,1.224646799147E-16,-2.2E-16));
#8837=DIRECTION('ref_axis',(2.2E-16,-2.2E-16,-1.));
#8838=DIRECTION('',(-1.,1.224646799147E-16,-2.2E-16));
#8839=DIRECTION('center_axis',(1.224646799147E-16,1.,-2.2E-16));
#8840=DIRECTION('ref_axis',(1.,-1.224646799147E-16,2.2E-16));
#8841=DIRECTION('',(-2.694222958124E-32,-2.2E-16,-1.));
#8842=DIRECTION('',(2.2E-16,-2.2E-16,-1.));
#8843=DIRECTION('center_axis',(1.,-1.224646799147E-16,2.2E-16));
#8844=DIRECTION('ref_axis',(-2.2E-16,2.2E-16,1.));
#8845=DIRECTION('center_axis',(1.,-1.224646799147E-16,2.2E-16));
#8846=DIRECTION('ref_axis',(-2.2E-16,2.2E-16,1.));
#8847=DIRECTION('',(1.,-1.224646799147E-16,2.2E-16));
#8848=DIRECTION('center_axis',(1.,-1.224646799147E-16,2.2E-16));
#8849=DIRECTION('ref_axis',(-2.2E-16,2.2E-16,1.));
#8850=DIRECTION('',(1.,-1.224646799147E-16,2.2E-16));
#8851=DIRECTION('center_axis',(-1.224646799147E-16,-1.,2.2E-16));
#8852=DIRECTION('ref_axis',(-1.,1.224646799147E-16,-2.2E-16));
#8853=DIRECTION('',(2.2E-16,-2.2E-16,-1.));
#8854=DIRECTION('',(2.2E-16,-2.2E-16,-1.));
#8855=DIRECTION('center_axis',(-1.224646799147E-16,-1.,2.2E-16));
#8856=DIRECTION('ref_axis',(1.,-1.22464679914699E-16,5.92E-15));
#8857=DIRECTION('',(1.224646799147E-16,1.,-2.2E-16));
#8858=DIRECTION('center_axis',(1.224646799147E-16,1.,-2.2E-16));
#8859=DIRECTION('ref_axis',(1.,-1.224646799147E-16,2.2E-16));
#8860=DIRECTION('',(-2.694222958124E-32,-2.2E-16,-1.));
#8861=DIRECTION('',(-1.,1.224646799147E-16,-2.2E-16));
#8862=DIRECTION('',(2.2E-16,-2.2E-16,-1.));
#8863=DIRECTION('center_axis',(-1.,1.224646799147E-16,-2.2E-16));
#8864=DIRECTION('ref_axis',(-2.2E-16,2.2E-16,1.));
#8865=DIRECTION('center_axis',(-1.,1.224646799147E-16,-2.2E-16));
#8866=DIRECTION('ref_axis',(2.2E-16,-2.2E-16,-1.));
#8867=DIRECTION('',(-1.,1.224646799147E-16,-2.2E-16));
#8868=DIRECTION('center_axis',(-1.,1.224646799147E-16,-2.2E-16));
#8869=DIRECTION('ref_axis',(2.2E-16,-2.2E-16,-1.));
#8870=DIRECTION('center_axis',(1.224646799147E-16,1.,-2.2E-16));
#8871=DIRECTION('ref_axis',(0.707106781186548,6.89678862375161E-17,0.707106781186548));
#8872=DIRECTION('',(1.,-2.380246467991E-14,2.2E-16));
#8873=DIRECTION('center_axis',(-1.,1.224646799147E-16,0.));
#8874=DIRECTION('ref_axis',(1.224646799147E-16,1.,-2.2E-16));
#8875=DIRECTION('',(2.2E-16,-2.2E-16,-1.));
#8876=DIRECTION('',(-1.224646799147E-16,-1.,2.2E-16));
#8877=DIRECTION('center_axis',(-1.,1.224646799147E-16,0.));
#8878=DIRECTION('ref_axis',(1.224646799147E-16,1.,-2.2E-16));
#8879=DIRECTION('',(-1.224646799147E-16,-1.,2.2E-16));
#8880=DIRECTION('center_axis',(-1.224646799147E-16,-1.,2.2E-16));
#8881=DIRECTION('ref_axis',(1.,-1.224646799147E-16,0.));
#8882=DIRECTION('',(1.224646799147E-16,1.,-2.2E-16));
#8883=DIRECTION('center_axis',(1.224646799147E-16,1.,-2.2E-16));
#8884=DIRECTION('ref_axis',(1.,-1.224646799147E-16,0.));
#8885=DIRECTION('center_axis',(-1.224646799147E-16,-1.,2.2E-16));
#8886=DIRECTION('ref_axis',(1.,-1.224646799147E-16,0.));
#8887=DIRECTION('center_axis',(1.224646799147E-16,1.,-2.2E-16));
#8888=DIRECTION('ref_axis',(1.,-1.224646799147E-16,0.));
#8889=DIRECTION('',(1.224646799147E-16,1.,-2.2E-16));
#8890=DIRECTION('center_axis',(1.,-1.224646799147E-16,2.2E-16));
#8891=DIRECTION('ref_axis',(-1.224646799147E-16,-1.,2.2E-16));
#8892=DIRECTION('center_axis',(-1.,1.224646799147E-16,-2.2E-16));
#8893=DIRECTION('ref_axis',(-2.2E-16,2.2E-16,1.));
#8894=DIRECTION('',(1.,-1.224646799147E-16,2.2E-16));
#8895=DIRECTION('center_axis',(-1.,1.224646799147E-16,-2.2E-16));
#8896=DIRECTION('ref_axis',(-2.2E-16,2.2E-16,1.));
#8897=DIRECTION('center_axis',(1.224646799147E-16,1.,-2.2E-16));
#8898=DIRECTION('ref_axis',(2.2E-16,-2.2E-16,-1.));
#8899=DIRECTION('',(-2.694222958124E-32,-2.2E-16,-1.));
#8900=DIRECTION('',(1.,-1.224646799147E-16,2.2E-16));
#8901=DIRECTION('',(-2.2E-16,2.2E-16,1.));
#8902=DIRECTION('center_axis',(2.2E-16,-2.2E-16,-1.));
#8903=DIRECTION('ref_axis',(-1.224646799147E-16,-1.,2.2E-16));
#8904=DIRECTION('',(3.424646799147E-16,1.,-2.2E-16));
#8905=DIRECTION('',(-1.224646799147E-16,-1.,2.2E-16));
#8906=DIRECTION('center_axis',(1.,-1.224646799147E-16,2.2E-16));
#8907=DIRECTION('ref_axis',(-2.2E-16,2.2E-16,1.));
#8908=DIRECTION('center_axis',(-1.,1.224646799147E-16,-2.2E-16));
#8909=DIRECTION('ref_axis',(-2.2E-16,2.2E-16,1.));
#8910=DIRECTION('center_axis',(-1.,1.224646799147E-16,-2.2E-16));
#8911=DIRECTION('ref_axis',(-2.2E-16,2.2E-16,1.));
#8912=DIRECTION('',(1.,-1.224646799147E-16,2.2E-16));
#8913=DIRECTION('center_axis',(-2.2E-16,2.2E-16,1.));
#8914=DIRECTION('ref_axis',(1.224646799147E-16,1.,-2.2E-16));
#8915=DIRECTION('',(-3.424646799147E-16,-1.,2.2E-16));
#8916=DIRECTION('',(1.224646799147E-16,1.,-2.2E-16));
#8917=DIRECTION('center_axis',(1.,-1.224646799147E-16,0.));
#8918=DIRECTION('ref_axis',(-1.224646799147E-16,-1.,2.2E-16));
#8919=DIRECTION('',(3.424646799147E-16,1.,-2.2E-16));
#8920=DIRECTION('',(2.2E-16,-2.2E-16,-1.));
#8921=DIRECTION('center_axis',(1.,-1.224646799147E-16,0.));
#8922=DIRECTION('ref_axis',(-1.224646799147E-16,-1.,2.2E-16));
#8923=DIRECTION('',(1.224646799147E-16,1.,-2.2E-16));
#8924=DIRECTION('center_axis',(-2.2E-16,2.2E-16,1.));
#8925=DIRECTION('ref_axis',(1.224646799147E-16,1.,-2.2E-16));
#8926=DIRECTION('',(-3.424646799147E-16,-1.,2.2E-16));
#8927=DIRECTION('',(1.224646799147E-16,1.,-2.2E-16));
#8928=DIRECTION('',(1.,-1.224646799147E-16,2.2E-16));
#8929=DIRECTION('center_axis',(1.,-1.224646799147E-16,2.2E-16));
#8930=DIRECTION('ref_axis',(-1.224646799147E-16,-1.,2.2E-16));
#8931=DIRECTION('center_axis',(-1.,1.224646799147E-16,-2.2E-16));
#8932=DIRECTION('ref_axis',(-2.2E-16,2.2E-16,1.));
#8933=DIRECTION('center_axis',(-1.,1.224646799147E-16,-2.2E-16));
#8934=DIRECTION('ref_axis',(-2.2E-16,2.2E-16,1.));
#8935=DIRECTION('center_axis',(-2.380246467991E-14,-1.,2.2E-16));
#8936=DIRECTION('ref_axis',(-1.,2.380246467991E-14,-2.2E-16));
#8937=DIRECTION('',(1.,-1.224646799147E-16,2.2E-16));
#8938=DIRECTION('center_axis',(-1.224646799147E-16,-1.,2.2E-16));
#8939=DIRECTION('ref_axis',(1.,-1.224646799147E-16,0.));
#8940=DIRECTION('',(1.224646799147E-16,1.,-2.2E-16));
#8941=DIRECTION('center_axis',(-1.224646799147E-16,-1.,2.2E-16));
#8942=DIRECTION('ref_axis',(1.,-1.224646799147E-16,0.));
#8943=DIRECTION('center_axis',(1.,-1.224646799147E-16,0.));
#8944=DIRECTION('ref_axis',(2.6942229581234E-32,2.2E-16,1.));
#8945=DIRECTION('',(-2.694222958124E-32,-2.2E-16,-1.));
#8946=DIRECTION('',(1.224646799147E-16,1.,-2.2E-16));
#8947=DIRECTION('center_axis',(-1.224646799147E-16,-1.,2.2E-16));
#8948=DIRECTION('ref_axis',(1.,-1.224646799147E-16,0.));
#8949=DIRECTION('center_axis',(-1.224646799147E-16,-1.,2.2E-16));
#8950=DIRECTION('ref_axis',(1.,-1.224646799147E-16,0.));
#8951=DIRECTION('',(1.224646799147E-16,1.,-2.2E-16));
#8952=DIRECTION('center_axis',(1.,-1.224646799147E-16,0.));
#8953=DIRECTION('ref_axis',(2.6942229581234E-32,2.2E-16,1.));
#8954=DIRECTION('',(1.224646799147E-16,1.,-2.2E-16));
#8955=DIRECTION('',(-2.694222958124E-32,-2.2E-16,-1.));
#8956=DIRECTION('center_axis',(-1.224646799147E-16,-1.,4.4E-16));
#8957=DIRECTION('ref_axis',(-5.388445916248E-32,-4.4E-16,-1.));
#8958=DIRECTION('center_axis',(-1.224646799147E-16,-1.,2.2E-16));
#8959=DIRECTION('ref_axis',(1.,-1.224646799147E-16,0.));
#8960=DIRECTION('center_axis',(-1.224646799147E-16,-1.,2.2E-16));
#8961=DIRECTION('ref_axis',(1.,-1.224646799147E-16,0.));
#8962=DIRECTION('center_axis',(2.694222958124E-32,2.2E-16,1.));
#8963=DIRECTION('ref_axis',(-1.,2.44929359829435E-16,-2.69422295812358E-32));
#8964=DIRECTION('center_axis',(2.694222958124E-32,2.2E-16,1.));
#8965=DIRECTION('ref_axis',(1.,-1.224646799147E-16,-5.99930905039062E-45));
#8966=DIRECTION('',(-2.694222958124E-32,-2.2E-16,-1.));
#8967=DIRECTION('center_axis',(2.694222958124E-32,2.2E-16,1.));
#8968=DIRECTION('ref_axis',(1.,-1.224646799147E-16,-5.99930905039062E-45));
#8969=DIRECTION('',(-2.694222958124E-32,-2.2E-16,-1.));
#8970=DIRECTION('center_axis',(2.694222958124E-32,2.2E-16,1.));
#8971=DIRECTION('ref_axis',(1.,-1.224646799147E-16,-5.99930905039062E-45));
#8972=DIRECTION('center_axis',(2.694222958124E-32,2.2E-16,1.));
#8973=DIRECTION('ref_axis',(1.,-1.224646799147E-16,-5.99930905039062E-45));
#8974=DIRECTION('',(-2.694222958124E-32,-2.2E-16,-1.));
#8975=DIRECTION('center_axis',(2.694222958124E-32,2.2E-16,1.));
#8976=DIRECTION('ref_axis',(1.,-1.224646799147E-16,-5.99930905039062E-45));
#8977=DIRECTION('center_axis',(1.224646799147E-16,1.,-2.2E-16));
#8978=DIRECTION('ref_axis',(2.8E-16,2.2E-16,1.));
#8979=DIRECTION('',(1.,-1.224646799147E-16,0.));
#8980=DIRECTION('',(1.,-1.224646799147E-16,-2.8E-16));
#8981=DIRECTION('',(3.3E-16,2.2E-16,1.));
#8982=DIRECTION('center_axis',(2.694222958124E-32,2.2E-16,1.));
#8983=DIRECTION('ref_axis',(1.,-1.224646799147E-16,-5.99930905039062E-45));
#8984=DIRECTION('center_axis',(2.694222958124E-32,2.2E-16,1.));
#8985=DIRECTION('ref_axis',(1.,-1.224646799147E-16,-5.99930905039062E-45));
#8986=DIRECTION('',(-2.694222958124E-32,-2.2E-16,-1.));
#8987=DIRECTION('center_axis',(2.694222958124E-32,2.2E-16,1.));
#8988=DIRECTION('ref_axis',(1.,-1.224646799147E-16,-5.99930905039062E-45));
#8989=DIRECTION('',(-2.694222958124E-32,-2.2E-16,-1.));
#8990=DIRECTION('center_axis',(2.694222958124E-32,2.2E-16,1.));
#8991=DIRECTION('ref_axis',(-1.,2.44929359829435E-16,-2.69422295812358E-32));
#8992=DIRECTION('center_axis',(2.694222958124E-32,2.2E-16,1.));
#8993=DIRECTION('ref_axis',(1.,-1.224646799147E-16,-5.99930905039062E-45));
#8994=DIRECTION('',(-2.694222958124E-32,-2.2E-16,-1.));
#8995=DIRECTION('center_axis',(2.694222958124E-32,2.2E-16,1.));
#8996=DIRECTION('ref_axis',(1.,-1.224646799147E-16,-5.99930905039062E-45));
#8997=DIRECTION('center_axis',(2.694222958124E-32,2.2E-16,1.));
#8998=DIRECTION('ref_axis',(1.,-1.224646799147E-16,-5.99930905039062E-45));
#8999=DIRECTION('center_axis',(2.694222958124E-32,2.2E-16,1.));
#9000=DIRECTION('ref_axis',(1.,-1.224646799147E-16,-5.99930905039062E-45));
#9001=DIRECTION('',(-2.694222958124E-32,-2.2E-16,-1.));
#9002=DIRECTION('center_axis',(2.694222958124E-32,2.2E-16,1.));
#9003=DIRECTION('ref_axis',(1.,-1.224646799147E-16,-5.99930905039062E-45));
#9004=DIRECTION('center_axis',(-1.224646799147E-16,-1.,2.2E-16));
#9005=DIRECTION('ref_axis',(-2.8E-16,-2.2E-16,-1.));
#9006=DIRECTION('',(1.,-1.224646799147E-16,-2.8E-16));
#9007=DIRECTION('',(1.,-1.224646799147E-16,-2.8E-16));
#9008=DIRECTION('',(-3.3E-16,-2.2E-16,-1.));
#9009=DIRECTION('center_axis',(1.224646799147E-16,1.,-2.2E-16));
#9010=DIRECTION('ref_axis',(2.8E-16,2.2E-16,1.));
#9011=DIRECTION('',(1.,-1.224646799147E-16,0.));
#9012=DIRECTION('',(1.,-1.224646799147E-16,-2.8E-16));
#9013=DIRECTION('',(3.3E-16,2.2E-16,1.));
#9014=DIRECTION('center_axis',(2.694222958124E-32,2.2E-16,1.));
#9015=DIRECTION('ref_axis',(1.,-1.224646799147E-16,-5.99930905039062E-45));
#9016=DIRECTION('center_axis',(2.694222958124E-32,2.2E-16,1.));
#9017=DIRECTION('ref_axis',(1.,-1.224646799147E-16,-5.99930905039062E-45));
#9018=DIRECTION('center_axis',(2.694222958124E-32,2.2E-16,1.));
#9019=DIRECTION('ref_axis',(1.,-1.224646799147E-16,-5.99930905039062E-45));
#9020=DIRECTION('',(-2.694222958124E-32,-2.2E-16,-1.));
#9021=DIRECTION('center_axis',(2.694222958124E-32,2.2E-16,1.));
#9022=DIRECTION('ref_axis',(-1.224646799147E-16,-1.,2.2E-16));
#9023=DIRECTION('',(1.,-1.224646799147E-16,-2.8E-16));
#9024=DIRECTION('',(-1.224646799147E-16,-1.,2.2E-16));
#9025=DIRECTION('center_axis',(2.694222958124E-32,2.2E-16,1.));
#9026=DIRECTION('ref_axis',(-1.224646799147E-16,-1.,2.2E-16));
#9027=DIRECTION('',(-1.224646799147E-16,-1.,2.2E-16));
#9028=DIRECTION('center_axis',(-2.694222958124E-32,-2.2E-16,-1.));
#9029=DIRECTION('ref_axis',(1.224646799147E-16,1.,-2.2E-16));
#9030=DIRECTION('',(1.,-1.224646799147E-16,-2.8E-16));
#9031=DIRECTION('',(-1.224646799147E-16,-1.,2.2E-16));
#9032=DIRECTION('center_axis',(-1.224646799147E-16,-1.,2.2E-16));
#9033=DIRECTION('ref_axis',(0.707106781186548,-2.42159097484565E-16,-0.707106781186548));
#9034=DIRECTION('center_axis',(-1.224646799147E-16,-1.,2.2E-16));
#9035=DIRECTION('ref_axis',(-1.,1.22464679914701E-16,3.95E-15));
#9036=DIRECTION('center_axis',(-1.224646799147E-16,-1.,2.2E-16));
#9037=DIRECTION('ref_axis',(-1.,1.22464679914703E-16,1.147E-14));
#9038=DIRECTION('',(1.,-1.224646799147E-16,-2.2E-16));
#9039=DIRECTION('center_axis',(-2.694222958124E-32,-2.2E-16,-1.));
#9040=DIRECTION('ref_axis',(1.224646799147E-16,1.,-2.2E-16));
#9041=DIRECTION('',(-1.224646799147E-16,-1.,2.2E-16));
#9042=DIRECTION('center_axis',(1.224646799147E-16,1.,-2.2E-16));
#9043=DIRECTION('ref_axis',(0.707106781186548,-2.42159097484565E-16,-0.707106781186548));
#9044=DIRECTION('center_axis',(-1.224646799147E-16,-1.,2.2E-16));
#9045=DIRECTION('ref_axis',(-1.,1.22464679914701E-16,5.92E-15));
#9046=DIRECTION('center_axis',(-1.224646799147E-16,-1.,2.2E-16));
#9047=DIRECTION('ref_axis',(-1.,1.224646799147E-16,2.1E-15));
#9048=DIRECTION('',(-1.,1.224646799147E-16,2.2E-16));
#9049=DIRECTION('center_axis',(-1.224646799147E-16,-1.,2.2E-16));
#9050=DIRECTION('ref_axis',(0.707106781186548,-2.42159097484565E-16,-0.707106781186548));
#9051=DIRECTION('center_axis',(-1.224646799147E-16,-1.,2.2E-16));
#9052=DIRECTION('ref_axis',(-1.,1.224646799147E-16,1.97E-15));
#9053=DIRECTION('center_axis',(-1.224646799147E-16,-1.,2.2E-16));
#9054=DIRECTION('ref_axis',(-1.,1.22464679914701E-16,5.55E-15));
#9055=DIRECTION('',(1.,-1.224646799147E-16,-2.2E-16));
#9056=DIRECTION('center_axis',(-1.224646799147E-16,-1.,2.391E-14));
#9057=DIRECTION('ref_axis',(-2.8E-16,-2.391E-14,-1.));
#9058=DIRECTION('',(-3.3E-16,-2.391E-14,-1.));
#9059=DIRECTION('center_axis',(-1.224646799147E-16,-1.,2.2E-16));
#9060=DIRECTION('ref_axis',(-1.,1.22464679914701E-16,3.95E-15));
#9061=DIRECTION('center_axis',(-1.224646799147E-16,-1.,2.2E-16));
#9062=DIRECTION('ref_axis',(-1.,1.22464679914701E-16,4.07E-15));
#9063=DIRECTION('',(-1.224646799147E-16,-1.,2.2E-16));
#9064=DIRECTION('center_axis',(-1.224646799147E-16,-1.,2.2E-16));
#9065=DIRECTION('ref_axis',(-1.,1.224646799147E-16,1.97E-15));
#9066=DIRECTION('',(-1.224646799147E-16,-1.,2.2E-16));
#9067=DIRECTION('center_axis',(-1.224646799147E-16,-1.,2.2E-16));
#9068=DIRECTION('ref_axis',(-1.,1.22464679914703E-16,1.184E-14));
#9069=DIRECTION('center_axis',(-1.224646799147E-16,-1.,2.2E-16));
#9070=DIRECTION('ref_axis',(-1.,1.22464679914703E-16,1.184E-14));
#9071=DIRECTION('',(1.224646799147E-16,1.,-2.2E-16));
#9072=DIRECTION('center_axis',(1.,-1.224646799147E-16,-2.2E-16));
#9073=DIRECTION('ref_axis',(2.2E-16,2.2E-16,1.));
#9074=DIRECTION('center_axis',(-1.,1.224646799147E-16,2.2E-16));
#9075=DIRECTION('ref_axis',(-2.2E-16,-2.2E-16,-1.));
#9076=DIRECTION('',(1.,-1.224646799147E-16,-2.2E-16));
#9077=DIRECTION('center_axis',(-1.,1.224646799147E-16,2.2E-16));
#9078=DIRECTION('ref_axis',(-2.2E-16,-2.2E-16,-1.));
#9079=DIRECTION('',(1.,-1.224646799147E-16,-2.2E-16));
#9080=DIRECTION('center_axis',(1.224646799147E-16,1.,-2.2E-16));
#9081=DIRECTION('ref_axis',(1.,-1.224646799147E-16,-2.2E-16));
#9082=DIRECTION('',(-2.694222958124E-32,-2.2E-16,-1.));
#9083=DIRECTION('',(-2.2E-16,-2.2E-16,-1.));
#9084=DIRECTION('center_axis',(-1.,1.224646799147E-16,2.2E-16));
#9085=DIRECTION('ref_axis',(2.2E-16,2.2E-16,1.));
#9086=DIRECTION('center_axis',(1.,-1.224646799147E-16,-2.2E-16));
#9087=DIRECTION('ref_axis',(2.2E-16,2.2E-16,1.));
#9088=DIRECTION('',(-1.,1.224646799147E-16,2.2E-16));
#9089=DIRECTION('center_axis',(1.,-1.224646799147E-16,-2.2E-16));
#9090=DIRECTION('ref_axis',(2.2E-16,2.2E-16,1.));
#9091=DIRECTION('',(-1.,1.224646799147E-16,2.2E-16));
#9092=DIRECTION('center_axis',(-1.224646799147E-16,-1.,2.2E-16));
#9093=DIRECTION('ref_axis',(-1.,1.224646799147E-16,2.2E-16));
#9094=DIRECTION('',(-2.2E-16,-2.2E-16,-1.));
#9095=DIRECTION('',(-2.2E-16,-2.2E-16,-1.));
#9096=DIRECTION('center_axis',(-1.224646799147E-16,-1.,2.2E-16));
#9097=DIRECTION('ref_axis',(-1.,1.22464679914701E-16,5.92E-15));
#9098=DIRECTION('',(1.224646799147E-16,1.,-2.2E-16));
#9099=DIRECTION('center_axis',(1.224646799147E-16,1.,-2.2E-16));
#9100=DIRECTION('ref_axis',(1.,-1.224646799147E-16,-2.2E-16));
#9101=DIRECTION('',(-2.694222958124E-32,-2.2E-16,-1.));
#9102=DIRECTION('',(-2.2E-16,-2.2E-16,-1.));
#9103=DIRECTION('',(1.,-1.224646799147E-16,-2.2E-16));
#9104=DIRECTION('center_axis',(1.,-1.224646799147E-16,-2.2E-16));
#9105=DIRECTION('ref_axis',(2.2E-16,2.2E-16,1.));
#9106=DIRECTION('center_axis',(-1.,1.224646799147E-16,2.2E-16));
#9107=DIRECTION('ref_axis',(-2.2E-16,-2.2E-16,-1.));
#9108=DIRECTION('center_axis',(-1.,1.224646799147E-16,2.2E-16));
#9109=DIRECTION('ref_axis',(-2.2E-16,-2.2E-16,-1.));
#9110=DIRECTION('',(1.,-1.224646799147E-16,-2.2E-16));
#9111=DIRECTION('center_axis',(1.224646799147E-16,1.,-2.2E-16));
#9112=DIRECTION('ref_axis',(0.707106781186548,-2.42159097484565E-16,-0.707106781186548));
#9113=DIRECTION('',(-1.,-2.355753532009E-14,2.2E-16));
#9114=DIRECTION('center_axis',(1.,-1.224646799147E-16,0.));
#9115=DIRECTION('ref_axis',(-1.224646799147E-16,-1.,2.2E-16));
#9116=DIRECTION('',(-1.224646799147E-16,-1.,2.2E-16));
#9117=DIRECTION('',(-2.2E-16,-2.2E-16,-1.));
#9118=DIRECTION('center_axis',(1.,-1.224646799147E-16,0.));
#9119=DIRECTION('ref_axis',(-1.224646799147E-16,-1.,2.2E-16));
#9120=DIRECTION('',(-1.224646799147E-16,-1.,2.2E-16));
#9121=DIRECTION('center_axis',(-1.224646799147E-16,-1.,2.2E-16));
#9122=DIRECTION('ref_axis',(-1.,1.224646799147E-16,0.));
#9123=DIRECTION('center_axis',(-1.224646799147E-16,-1.,2.2E-16));
#9124=DIRECTION('ref_axis',(-1.,1.224646799147E-16,0.));
#9125=DIRECTION('',(1.224646799147E-16,1.,-2.2E-16));
#9126=DIRECTION('center_axis',(-1.224646799147E-16,-1.,2.2E-16));
#9127=DIRECTION('ref_axis',(-1.,1.224646799147E-16,0.));
#9128=DIRECTION('',(1.224646799147E-16,1.,-2.2E-16));
#9129=DIRECTION('center_axis',(-1.224646799147E-16,-1.,2.2E-16));
#9130=DIRECTION('ref_axis',(-1.,1.224646799147E-16,0.));
#9131=DIRECTION('center_axis',(-1.,1.224646799147E-16,2.2E-16));
#9132=DIRECTION('ref_axis',(-1.224646799147E-16,-1.,2.2E-16));
#9133=DIRECTION('center_axis',(-1.,1.224646799147E-16,2.2E-16));
#9134=DIRECTION('ref_axis',(2.2E-16,2.2E-16,1.));
#9135=DIRECTION('center_axis',(-1.,1.224646799147E-16,2.2E-16));
#9136=DIRECTION('ref_axis',(2.2E-16,2.2E-16,1.));
#9137=DIRECTION('',(-1.,1.224646799147E-16,2.2E-16));
#9138=DIRECTION('center_axis',(1.224646799147E-16,1.,-2.2E-16));
#9139=DIRECTION('ref_axis',(2.2E-16,2.2E-16,1.));
#9140=DIRECTION('',(2.2E-16,2.2E-16,1.));
#9141=DIRECTION('',(-1.,1.224646799147E-16,2.2E-16));
#9142=DIRECTION('',(-2.694222958124E-32,-2.2E-16,-1.));
#9143=DIRECTION('center_axis',(-2.2E-16,-2.2E-16,-1.));
#9144=DIRECTION('ref_axis',(1.224646799147E-16,1.,-2.2E-16));
#9145=DIRECTION('',(3.424646799147E-16,1.,-2.2E-16));
#9146=DIRECTION('',(-1.224646799147E-16,-1.,2.2E-16));
#9147=DIRECTION('center_axis',(-1.,1.224646799147E-16,2.2E-16));
#9148=DIRECTION('ref_axis',(2.2E-16,2.2E-16,1.));
#9149=DIRECTION('center_axis',(-1.,1.224646799147E-16,2.2E-16));
#9150=DIRECTION('ref_axis',(2.2E-16,2.2E-16,1.));
#9151=DIRECTION('',(-1.,1.224646799147E-16,2.2E-16));
#9152=DIRECTION('center_axis',(-1.,1.224646799147E-16,2.2E-16));
#9153=DIRECTION('ref_axis',(2.2E-16,2.2E-16,1.));
#9154=DIRECTION('center_axis',(2.2E-16,2.2E-16,1.));
#9155=DIRECTION('ref_axis',(-1.224646799147E-16,-1.,2.2E-16));
#9156=DIRECTION('',(-3.424646799147E-16,-1.,2.2E-16));
#9157=DIRECTION('',(1.224646799147E-16,1.,-2.2E-16));
#9158=DIRECTION('center_axis',(-1.,1.224646799147E-16,0.));
#9159=DIRECTION('ref_axis',(1.224646799147E-16,1.,-2.2E-16));
#9160=DIRECTION('',(-2.2E-16,-2.2E-16,-1.));
#9161=DIRECTION('',(1.224646799147E-16,1.,-2.2E-16));
#9162=DIRECTION('center_axis',(-1.,1.224646799147E-16,0.));
#9163=DIRECTION('ref_axis',(1.224646799147E-16,1.,-2.2E-16));
#9164=DIRECTION('',(1.224646799147E-16,1.,-2.2E-16));
#9165=DIRECTION('center_axis',(2.2E-16,2.2E-16,1.));
#9166=DIRECTION('ref_axis',(-1.224646799147E-16,-1.,2.2E-16));
#9167=DIRECTION('',(-3.424646799147E-16,-1.,2.2E-16));
#9168=DIRECTION('',(-1.,1.224646799147E-16,2.2E-16));
#9169=DIRECTION('',(1.224646799147E-16,1.,-2.2E-16));
#9170=DIRECTION('center_axis',(-1.,1.224646799147E-16,2.2E-16));
#9171=DIRECTION('ref_axis',(-1.224646799147E-16,-1.,2.2E-16));
#9172=DIRECTION('center_axis',(-1.,1.224646799147E-16,2.2E-16));
#9173=DIRECTION('ref_axis',(2.2E-16,2.2E-16,1.));
#9174=DIRECTION('',(-1.,1.224646799147E-16,2.2E-16));
#9175=DIRECTION('center_axis',(-1.,1.224646799147E-16,2.2E-16));
#9176=DIRECTION('ref_axis',(2.2E-16,2.2E-16,1.));
#9177=DIRECTION('center_axis',(-1.224646799147E-16,-1.,2.2E-16));
#9178=DIRECTION('ref_axis',(-2.2E-16,-2.2E-16,-1.));
#9179=DIRECTION('center_axis',(-1.224646799147E-16,-1.,2.2E-16));
#9180=DIRECTION('ref_axis',(-1.,1.224646799147E-16,0.));
#9181=DIRECTION('',(2.694222958124E-32,2.2E-16,1.));
#9182=DIRECTION('',(-2.2E-16,-2.2E-16,-1.));
#9183=DIRECTION('center_axis',(-1.224646799147E-16,-1.,2.2E-16));
#9184=DIRECTION('ref_axis',(-1.,1.224646799147E-16,0.));
#9185=DIRECTION('center_axis',(2.355753532009E-14,-1.,2.2E-16));
#9186=DIRECTION('ref_axis',(-1.,-2.355753532009E-14,2.2E-16));
#9187=DIRECTION('',(-1.,1.224646799147E-16,2.2E-16));
#9188=DIRECTION('center_axis',(-1.224646799147E-16,-1.,2.2E-16));
#9189=DIRECTION('ref_axis',(-1.,1.224646799147E-16,0.));
#9190=DIRECTION('center_axis',(1.224646799147E-16,1.,-2.2E-16));
#9191=DIRECTION('ref_axis',(-1.,1.224646799147E-16,0.));
#9192=DIRECTION('',(1.224646799147E-16,1.,-2.2E-16));
#9193=DIRECTION('center_axis',(-1.,1.224646799147E-16,0.));
#9194=DIRECTION('ref_axis',(-2.6942229581234E-32,-2.2E-16,-1.));
#9195=DIRECTION('',(1.224646799147E-16,1.,-2.2E-16));
#9196=DIRECTION('',(-2.694222958124E-32,-2.2E-16,-1.));
#9197=DIRECTION('center_axis',(-1.224646799147E-16,-1.,2.2E-16));
#9198=DIRECTION('ref_axis',(-1.,1.224646799147E-16,0.));
#9199=DIRECTION('center_axis',(-1.224646799147E-16,-1.,2.2E-16));
#9200=DIRECTION('ref_axis',(-1.,1.224646799147E-16,0.));
#9201=DIRECTION('',(1.224646799147E-16,1.,-2.2E-16));
#9202=DIRECTION('center_axis',(-1.,1.224646799147E-16,0.));
#9203=DIRECTION('ref_axis',(-2.6942229581234E-32,-2.2E-16,-1.));
#9204=DIRECTION('',(-2.694222958124E-32,-2.2E-16,-1.));
#9205=DIRECTION('',(1.224646799147E-16,1.,-2.2E-16));
#9206=DIRECTION('center_axis',(-1.224646799147E-16,-1.,2.2E-16));
#9207=DIRECTION('ref_axis',(-1.,1.224646799147E-16,0.));
#9208=DIRECTION('center_axis',(1.224646799147E-16,1.,-2.2E-16));
#9209=DIRECTION('ref_axis',(-1.,1.224646799147E-16,0.));
#9210=DIRECTION('center_axis',(-1.224646799147E-16,-1.,4.4E-16));
#9211=DIRECTION('ref_axis',(5.388445916248E-32,4.4E-16,1.));
#9212=DIRECTION('center_axis',(-0.707106781186548,2.46595605623342E-16,
0.707106781186548));
#9213=DIRECTION('ref_axis',(-1.25601764904469E-16,-1.,2.23137084989669E-16));
#9214=DIRECTION('',(0.707106781186548,7.3404394376403E-17,0.707106781186548));
#9215=DIRECTION('center_axis',(-0.707106781186548,2.46595605623342E-16,
0.707106781186548));
#9216=DIRECTION('ref_axis',(0.707106781186548,7.34043943764031E-17,0.707106781186548));
#9217=DIRECTION('',(-1.224646799147E-16,-1.,2.2E-16));
#9218=DIRECTION('center_axis',(0.707106781186548,-2.46595605623342E-16,
-0.707106781186548));
#9219=DIRECTION('ref_axis',(-0.707106781186548,-7.34043943764031E-17,-0.707106781186548));
#9220=DIRECTION('',(0.707106781186548,7.3404394376403E-17,0.707106781186548));
#9221=DIRECTION('',(-1.224646799147E-16,-1.,2.2E-16));
#9222=DIRECTION('center_axis',(1.224646799147E-16,1.,-2.2E-16));
#9223=DIRECTION('ref_axis',(-0.707106781186548,2.42159097484565E-16,0.707106781186548));
#9224=DIRECTION('',(0.707106781186548,7.3404394376403E-17,0.707106781186548));
#9225=DIRECTION('',(-0.707106781186548,2.46595605623342E-16,0.707106781186548));
#9226=DIRECTION('',(-0.707106781186548,2.46595605623342E-16,0.707106781186548));
#9227=DIRECTION('center_axis',(-0.707106781186548,2.46595605623342E-16,
0.707106781186548));
#9228=DIRECTION('ref_axis',(1.25601764904469E-16,1.,-2.23137084989669E-16));
#9229=DIRECTION('center_axis',(-0.707106781186548,2.46595605623342E-16,
0.707106781186548));
#9230=DIRECTION('ref_axis',(0.707106781186548,7.34043943764031E-17,0.707106781186548));
#9231=DIRECTION('',(-0.707106781186548,2.46595605623342E-16,0.707106781186548));
#9232=DIRECTION('center_axis',(1.224646799147E-16,1.,-2.2E-16));
#9233=DIRECTION('ref_axis',(-1.,1.22464679914699E-16,-2.65E-15));
#9234=DIRECTION('center_axis',(1.224646799147E-16,1.,-2.2E-16));
#9235=DIRECTION('ref_axis',(-1.,1.224646799147E-16,-1.76E-15));
#9236=DIRECTION('center_axis',(1.224646799147E-16,1.,-2.2E-16));
#9237=DIRECTION('ref_axis',(-1.,1.22464679914699E-16,-2.65E-15));
#9238=DIRECTION('',(1.224646799147E-16,1.,-2.2E-16));
#9239=DIRECTION('center_axis',(0.707106781186548,9.34043943763902E-17,0.707106781186548));
#9240=DIRECTION('ref_axis',(0.707106781186548,-2.46595605623342E-16,-0.707106781186548));
#9241=DIRECTION('',(1.224646799147E-16,1.,-2.2E-16));
#9242=DIRECTION('',(0.707106781186548,-2.46595605623342E-16,-0.707106781186548));
#9243=DIRECTION('center_axis',(-1.224646799147E-16,-1.,2.2E-16));
#9244=DIRECTION('ref_axis',(0.707106781186548,-2.42159097484565E-16,-0.707106781186548));
#9245=DIRECTION('',(0.707106781186548,-2.46595605623342E-16,-0.707106781186548));
#9246=DIRECTION('',(0.707106781186548,7.3404394376403E-17,0.707106781186548));
#9247=DIRECTION('',(0.707106781186548,-2.46595605623342E-16,-0.707106781186548));
#9248=DIRECTION('center_axis',(0.707106781186548,-2.46595605623342E-16,
-0.707106781186548));
#9249=DIRECTION('ref_axis',(-1.25601764904469E-16,-1.,2.23137084989669E-16));
#9250=DIRECTION('center_axis',(0.707106781186548,-2.46595605623342E-16,
-0.707106781186548));
#9251=DIRECTION('ref_axis',(-0.707106781186548,-7.34043943764031E-17,-0.707106781186548));
#9252=DIRECTION('center_axis',(0.707106781186548,-2.46595605623342E-16,
-0.707106781186548));
#9253=DIRECTION('ref_axis',(1.25601764904469E-16,1.,-2.23137084989669E-16));
#9254=DIRECTION('',(1.224646799147E-16,1.,-2.2E-16));
#9255=DIRECTION('center_axis',(-1.224646799147E-16,-1.,2.2E-16));
#9256=DIRECTION('ref_axis',(0.923879532511277,-2.89522561084109E-17,0.382683432365115));
#9257=DIRECTION('center_axis',(1.224646799147E-16,1.,-2.2E-16));
#9258=DIRECTION('ref_axis',(-1.,1.22464679914699E-16,-4.36E-15));
#9259=DIRECTION('',(-2.7E-16,2.2E-16,1.));
#9260=DIRECTION('center_axis',(1.224646799147E-16,1.,-2.2E-16));
#9261=DIRECTION('ref_axis',(0.923879532511277,-2.89522561084109E-17,0.382683432365115));
#9262=DIRECTION('center_axis',(1.224646799147E-16,1.,-2.2E-16));
#9263=DIRECTION('ref_axis',(-1.,1.22464679914699E-16,-6.55E-15));
#9264=DIRECTION('',(2.7E-16,-2.2E-16,-1.));
#9265=DIRECTION('center_axis',(2.694222958124E-32,2.2E-16,1.));
#9266=DIRECTION('ref_axis',(-1.224646799147E-16,-1.,2.2E-16));
#9267=DIRECTION('',(1.,-1.224646799147E-16,0.));
#9268=DIRECTION('center_axis',(-2.2E-16,2.2E-16,1.));
#9269=DIRECTION('ref_axis',(-1.,1.224646799147E-16,-2.2E-16));
#9270=DIRECTION('',(1.,-1.224646799147E-16,2.2E-16));
#9271=DIRECTION('center_axis',(1.224646799147E-16,1.,-2.2E-16));
#9272=DIRECTION('ref_axis',(-1.,1.22464679914699E-16,-4.36E-15));
#9273=DIRECTION('',(1.224646799147E-16,1.,-2.2E-16));
#9274=DIRECTION('center_axis',(1.224646799147E-16,1.,-2.2E-16));
#9275=DIRECTION('ref_axis',(-2.2E-16,2.2E-16,1.));
#9276=DIRECTION('',(1.,-1.224646799147E-16,2.2E-16));
#9277=DIRECTION('center_axis',(-1.224646799147E-16,-1.,2.2E-16));
#9278=DIRECTION('ref_axis',(2.2E-16,-2.2E-16,-1.));
#9279=DIRECTION('',(1.,-1.224646799147E-16,2.2E-16));
#9280=DIRECTION('',(2.2E-16,-2.2E-16,-1.));
#9281=DIRECTION('center_axis',(2.2E-16,-2.2E-16,-1.));
#9282=DIRECTION('ref_axis',(1.,-1.224646799147E-16,2.2E-16));
#9283=DIRECTION('center_axis',(-2.2E-16,2.2E-16,1.));
#9284=DIRECTION('ref_axis',(-1.,1.224646799147E-16,-2.2E-16));
#9285=DIRECTION('center_axis',(-2.694222958124E-32,-2.2E-16,-1.));
#9286=DIRECTION('ref_axis',(1.224646799147E-16,1.,-2.2E-16));
#9287=DIRECTION('center_axis',(0.707106781186548,7.3404394376403E-17,0.707106781186548));
#9288=DIRECTION('ref_axis',(1.19327594924904E-16,1.,-2.23137084989796E-16));
#9289=DIRECTION('',(-0.707106781186548,2.46595605623342E-16,0.707106781186548));
#9290=DIRECTION('',(-1.224646799147E-16,-1.,2.2E-16));
#9291=DIRECTION('',(-0.707106781186548,2.46595605623342E-16,0.707106781186548));
#9292=DIRECTION('center_axis',(0.707106781186548,7.3404394376403E-17,0.707106781186548));
#9293=DIRECTION('ref_axis',(0.707106781186548,-2.46595605623342E-16,-0.707106781186548));
#9294=DIRECTION('',(-1.224646799147E-16,-1.,2.2E-16));
#9295=DIRECTION('center_axis',(-0.707106781186548,-7.3404394376403E-17,
-0.707106781186548));
#9296=DIRECTION('ref_axis',(-0.707106781186548,2.46595605623342E-16,0.707106781186548));
#9297=DIRECTION('center_axis',(1.224646799147E-16,1.,-2.2E-16));
#9298=DIRECTION('ref_axis',(-0.707106781186548,-6.89678862375161E-17,-0.707106781186548));
#9299=DIRECTION('',(-0.707106781186548,2.46595605623342E-16,0.707106781186548));
#9300=DIRECTION('',(0.707106781186548,7.3404394376403E-17,0.707106781186548));
#9301=DIRECTION('',(0.707106781186548,7.3404394376403E-17,0.707106781186548));
#9302=DIRECTION('center_axis',(0.707106781186548,7.3404394376403E-17,0.707106781186548));
#9303=DIRECTION('ref_axis',(1.19327594924904E-16,1.,-2.23137084989796E-16));
#9304=DIRECTION('center_axis',(-0.707106781186548,-7.3404394376403E-17,
-0.707106781186548));
#9305=DIRECTION('ref_axis',(-0.707106781186548,2.46595605623342E-16,0.707106781186548));
#9306=DIRECTION('',(0.707106781186548,7.3404394376403E-17,0.707106781186548));
#9307=DIRECTION('center_axis',(1.224646799147E-16,1.,-2.2E-16));
#9308=DIRECTION('ref_axis',(1.,-1.22464679914701E-16,-2.65E-15));
#9309=DIRECTION('center_axis',(-1.224646799147E-16,-1.,2.2E-16));
#9310=DIRECTION('ref_axis',(1.,-1.224646799147E-16,-1.76E-15));
#9311=DIRECTION('',(1.224646799147E-16,1.,-2.2E-16));
#9312=DIRECTION('center_axis',(-1.224646799147E-16,-1.,2.2E-16));
#9313=DIRECTION('ref_axis',(1.,-1.22464679914701E-16,-2.65E-15));
#9314=DIRECTION('center_axis',(-0.707106781186548,2.66595605623329E-16,
0.707106781186548));
#9315=DIRECTION('ref_axis',(0.707106781186548,7.34043943764031E-17,0.707106781186548));
#9316=DIRECTION('',(-0.707106781186548,-7.3404394376403E-17,-0.707106781186548));
#9317=DIRECTION('',(1.224646799147E-16,1.,-2.2E-16));
#9318=DIRECTION('center_axis',(-1.224646799147E-16,-1.,2.2E-16));
#9319=DIRECTION('ref_axis',(0.707106781186548,6.89678862375161E-17,0.707106781186548));
#9320=DIRECTION('',(-0.707106781186548,-7.3404394376403E-17,-0.707106781186548));
#9321=DIRECTION('',(-0.707106781186548,2.46595605623342E-16,0.707106781186548));
#9322=DIRECTION('',(-0.707106781186548,-7.3404394376403E-17,-0.707106781186548));
#9323=DIRECTION('center_axis',(-0.707106781186548,-7.3404394376403E-17,
-0.707106781186548));
#9324=DIRECTION('ref_axis',(-1.19327594924904E-16,-1.,2.23137084989796E-16));
#9325=DIRECTION('center_axis',(0.707106781186548,7.3404394376403E-17,0.707106781186548));
#9326=DIRECTION('ref_axis',(0.707106781186548,-2.46595605623342E-16,-0.707106781186548));
#9327=DIRECTION('center_axis',(-0.707106781186548,-7.3404394376403E-17,
-0.707106781186548));
#9328=DIRECTION('ref_axis',(-1.19327594924904E-16,-1.,2.23137084989796E-16));
#9329=DIRECTION('',(1.224646799147E-16,1.,-2.2E-16));
#9330=DIRECTION('center_axis',(-1.224646799147E-16,-1.,2.2E-16));
#9331=DIRECTION('ref_axis',(0.923879532511277,-1.97332966349061E-16,-0.382683432365115));
#9332=DIRECTION('center_axis',(-1.224646799147E-16,-1.,2.2E-16));
#9333=DIRECTION('ref_axis',(1.,-1.22464679914701E-16,-4.36E-15));
#9334=DIRECTION('',(2.7E-16,2.2E-16,1.));
#9335=DIRECTION('center_axis',(1.224646799147E-16,1.,-2.2E-16));
#9336=DIRECTION('ref_axis',(0.923879532511277,-1.97332966349061E-16,-0.382683432365115));
#9337=DIRECTION('',(-2.7E-16,-2.2E-16,-1.));
#9338=DIRECTION('center_axis',(-1.224646799147E-16,-1.,2.2E-16));
#9339=DIRECTION('ref_axis',(1.,-1.22464679914701E-16,-6.55E-15));
#9340=DIRECTION('center_axis',(2.694222958124E-32,2.2E-16,1.));
#9341=DIRECTION('ref_axis',(1.224646799147E-16,1.,-2.2E-16));
#9342=DIRECTION('',(-1.,1.224646799147E-16,0.));
#9343=DIRECTION('',(-1.,1.224646799147E-16,2.2E-16));
#9344=DIRECTION('center_axis',(-2.2E-16,-2.2E-16,-1.));
#9345=DIRECTION('ref_axis',(1.,-1.224646799147E-16,-2.2E-16));
#9346=DIRECTION('center_axis',(1.224646799147E-16,1.,-2.2E-16));
#9347=DIRECTION('ref_axis',(1.,-1.22464679914701E-16,-4.36E-15));
#9348=DIRECTION('',(1.224646799147E-16,1.,-2.2E-16));
#9349=DIRECTION('center_axis',(1.224646799147E-16,1.,-2.2E-16));
#9350=DIRECTION('ref_axis',(-2.2E-16,-2.2E-16,-1.));
#9351=DIRECTION('',(-1.,1.224646799147E-16,2.2E-16));
#9352=DIRECTION('center_axis',(-1.224646799147E-16,-1.,2.2E-16));
#9353=DIRECTION('ref_axis',(2.2E-16,2.2E-16,1.));
#9354=DIRECTION('',(-2.2E-16,-2.2E-16,-1.));
#9355=DIRECTION('',(-1.,1.224646799147E-16,2.2E-16));
#9356=DIRECTION('center_axis',(-2.2E-16,-2.2E-16,-1.));
#9357=DIRECTION('ref_axis',(-1.,1.224646799147E-16,2.2E-16));
#9358=DIRECTION('center_axis',(-2.2E-16,-2.2E-16,-1.));
#9359=DIRECTION('ref_axis',(1.,-1.224646799147E-16,-2.2E-16));
#9360=DIRECTION('center_axis',(-2.694222958124E-32,-2.2E-16,-1.));
#9361=DIRECTION('ref_axis',(-1.224646799147E-16,-1.,2.2E-16));
#9362=DIRECTION('center_axis',(-0.707106781186548,2.46595605623342E-16,
0.707106781186548));
#9363=DIRECTION('ref_axis',(-1.25601764904469E-16,-1.,2.23137084989669E-16));
#9364=DIRECTION('center_axis',(-0.707106781186548,2.46595605623342E-16,
0.707106781186548));
#9365=DIRECTION('ref_axis',(-0.707106781186547,-7.34043943764031E-17,-0.707106781186547));
#9366=DIRECTION('',(-0.707106781186548,2.46595605623342E-16,0.707106781186548));
#9367=DIRECTION('center_axis',(-0.707106781186548,2.46595605623342E-16,
0.707106781186548));
#9368=DIRECTION('ref_axis',(-0.707106781186547,-7.34043943764031E-17,-0.707106781186547));
#9369=DIRECTION('',(-0.707106781186548,2.46595605623342E-16,0.707106781186548));
#9370=DIRECTION('center_axis',(0.707106781186548,-5.65956056235138E-17,
0.707106781186548));
#9371=DIRECTION('ref_axis',(0.707106781186548,-2.46595605623342E-16,-0.707106781186548));
#9372=DIRECTION('',(1.224646799147E-16,1.,-2.2E-16));
#9373=DIRECTION('',(-1.224646799147E-16,-1.,2.2E-16));
#9374=DIRECTION('',(0.707106781186548,-2.46595605623342E-16,-0.707106781186548));
#9375=DIRECTION('center_axis',(0.707106781186548,-2.46595605623342E-16,
-0.707106781186548));
#9376=DIRECTION('ref_axis',(1.25601764904469E-16,1.,-2.23137084989669E-16));
#9377=DIRECTION('center_axis',(0.707106781186548,-2.46595605623342E-16,
-0.707106781186548));
#9378=DIRECTION('ref_axis',(0.707106781186547,7.34043943764031E-17,0.707106781186547));
#9379=DIRECTION('center_axis',(0.707106781186548,-2.46595605623342E-16,
-0.707106781186548));
#9380=DIRECTION('ref_axis',(0.707106781186547,7.34043943764031E-17,0.707106781186547));
#9381=DIRECTION('',(0.707106781186548,-2.46595605623342E-16,-0.707106781186548));
#9382=DIRECTION('center_axis',(-1.224646799147E-16,-1.,2.2E-16));
#9383=DIRECTION('ref_axis',(0.707106781186548,-2.42159097484565E-16,-0.707106781186548));
#9384=DIRECTION('',(0.707106781186548,7.3404394376403E-17,0.707106781186548));
#9385=DIRECTION('',(0.707106781186548,7.3404394376403E-17,0.707106781186548));
#9386=DIRECTION('',(-0.707106781186548,2.46595605623342E-16,0.707106781186548));
#9387=DIRECTION('center_axis',(1.224646799147E-16,1.,-2.2E-16));
#9388=DIRECTION('ref_axis',(-0.707106781186548,2.42159097484565E-16,0.707106781186548));
#9389=DIRECTION('',(0.707106781186548,7.3404394376403E-17,0.707106781186548));
#9390=DIRECTION('',(0.707106781186548,7.3404394376403E-17,0.707106781186548));
#9391=DIRECTION('',(0.707106781186548,-2.46595605623342E-16,-0.707106781186548));
#9392=DIRECTION('center_axis',(-0.707106781186548,2.46595605623342E-16,
0.707106781186548));
#9393=DIRECTION('ref_axis',(-1.25601764904469E-16,-1.,2.23137084989669E-16));
#9394=DIRECTION('',(1.224646799147E-16,1.,-2.2E-16));
#9395=DIRECTION('center_axis',(0.707106781186548,-2.46595605623342E-16,
-0.707106781186548));
#9396=DIRECTION('ref_axis',(1.25601764904469E-16,1.,-2.23137084989669E-16));
#9397=DIRECTION('',(1.224646799147E-16,1.,-2.2E-16));
#9398=DIRECTION('center_axis',(1.224646799147E-16,1.,-2.2E-16));
#9399=DIRECTION('ref_axis',(-0.923879532511277,2.89522561084109E-17,-0.382683432365115));
#9400=DIRECTION('center_axis',(-1.224646799147E-16,-1.,2.2E-16));
#9401=DIRECTION('ref_axis',(1.,-1.224646799147E-16,2.2E-16));
#9402=DIRECTION('center_axis',(-1.224646799147E-16,-1.,2.2E-16));
#9403=DIRECTION('ref_axis',(1.,-1.224646799147E-16,5.5E-16));
#9404=DIRECTION('',(2.2E-16,2.2E-16,1.));
#9405=DIRECTION('center_axis',(-1.224646799147E-16,-1.,2.2E-16));
#9406=DIRECTION('ref_axis',(-0.923879532511277,2.89522561084109E-17,-0.382683432365115));
#9407=DIRECTION('center_axis',(-1.224646799147E-16,-1.,2.2E-16));
#9408=DIRECTION('ref_axis',(1.,-1.224646799147E-16,1.09E-15));
#9409=DIRECTION('center_axis',(-1.224646799147E-16,-1.,2.2E-16));
#9410=DIRECTION('ref_axis',(1.,-1.224646799147E-16,4.4E-16));
#9411=DIRECTION('',(-2.2E-16,-2.2E-16,-1.));
#9412=DIRECTION('center_axis',(1.224646799147E-16,1.,-2.2E-16));
#9413=DIRECTION('ref_axis',(1.,-1.224646799147E-16,1.09E-15));
#9414=DIRECTION('',(1.224646799147E-16,1.,-2.2E-16));
#9415=DIRECTION('center_axis',(1.224646799147E-16,1.,-2.2E-16));
#9416=DIRECTION('ref_axis',(1.,-1.224646799147E-16,2.2E-16));
#9417=DIRECTION('',(-1.224646799147E-16,-1.,2.2E-16));
#9418=DIRECTION('center_axis',(-1.224646799147E-16,-1.,2.2E-16));
#9419=DIRECTION('ref_axis',(-2.2E-16,-2.2E-16,-1.));
#9420=DIRECTION('',(1.,-1.224646799147E-16,-2.2E-16));
#9421=DIRECTION('',(1.,-1.224646799147E-16,-2.2E-16));
#9422=DIRECTION('center_axis',(1.224646799147E-16,1.,-2.2E-16));
#9423=DIRECTION('ref_axis',(2.2E-16,2.2E-16,1.));
#9424=DIRECTION('',(1.,-1.224646799147E-16,0.));
#9425=DIRECTION('',(1.,-1.224646799147E-16,-2.2E-16));
#9426=DIRECTION('center_axis',(2.694222958124E-32,2.2E-16,1.));
#9427=DIRECTION('ref_axis',(-1.224646799147E-16,-1.,2.2E-16));
#9428=DIRECTION('center_axis',(-2.694222958124E-32,-2.2E-16,-1.));
#9429=DIRECTION('ref_axis',(1.224646799147E-16,1.,-2.2E-16));
#9430=DIRECTION('center_axis',(0.,0.,-1.));
#9431=DIRECTION('ref_axis',(0.,1.,0.));
#9432=DIRECTION('',(0.,-1.,0.));
#9433=DIRECTION('',(1.,0.,0.));
#9434=DIRECTION('',(0.,1.,0.));
#9435=DIRECTION('',(-1.,0.,0.));
#9436=DIRECTION('',(0.,-1.,0.));
#9437=DIRECTION('',(1.,0.,0.));
#9438=DIRECTION('',(0.,1.,0.));
#9439=DIRECTION('',(-1.,0.,0.));
#9440=DIRECTION('',(0.,-1.,0.));
#9441=DIRECTION('',(1.,0.,0.));
#9442=DIRECTION('',(-1.31128703695885E-15,1.,0.));
#9443=DIRECTION('',(-1.,0.,0.));
#9444=DIRECTION('',(1.31128703695885E-15,-1.,0.));
#9445=DIRECTION('',(1.,0.,0.));
#9446=DIRECTION('',(0.,1.,0.));
#9447=DIRECTION('',(-1.,0.,0.));
#9448=DIRECTION('',(0.,-1.,0.));
#9449=DIRECTION('',(1.,0.,0.));
#9450=DIRECTION('',(0.,1.,0.));
#9451=DIRECTION('',(-1.,0.,0.));
#9452=DIRECTION('',(0.,-1.,0.));
#9453=DIRECTION('',(1.,0.,0.));
#9454=DIRECTION('',(0.,1.,0.));
#9455=DIRECTION('',(-1.,0.,0.));
#9456=DIRECTION('',(0.,-1.,0.));
#9457=DIRECTION('',(1.,0.,0.));
#9458=DIRECTION('',(0.,1.,0.));
#9459=DIRECTION('',(-1.,0.,0.));
#9460=DIRECTION('',(0.,-1.,0.));
#9461=DIRECTION('',(1.,0.,0.));
#9462=DIRECTION('',(0.,1.,0.));
#9463=DIRECTION('',(-1.,0.,0.));
#9464=DIRECTION('',(0.,-1.,0.));
#9465=DIRECTION('',(1.,0.,0.));
#9466=DIRECTION('',(-1.224646799147E-16,-1.,0.));
#9467=DIRECTION('',(1.,0.,0.));
#9468=DIRECTION('',(0.,1.,0.));
#9469=DIRECTION('',(1.,0.,0.));
#9470=DIRECTION('',(0.,1.,0.));
#9471=DIRECTION('',(-1.,0.,0.));
#9472=DIRECTION('',(0.,-1.,0.));
#9473=DIRECTION('',(1.,0.,0.));
#9474=DIRECTION('',(0.,1.,0.));
#9475=DIRECTION('',(-1.,0.,0.));
#9476=DIRECTION('',(0.,-1.,0.));
#9477=DIRECTION('',(1.,0.,0.));
#9478=DIRECTION('',(0.,1.,0.));
#9479=DIRECTION('',(-1.,0.,0.));
#9480=DIRECTION('',(0.,-1.,0.));
#9481=DIRECTION('',(1.,0.,0.));
#9482=DIRECTION('',(0.,1.,0.));
#9483=DIRECTION('',(-1.,0.,0.));
#9484=DIRECTION('',(0.,-1.,0.));
#9485=DIRECTION('',(1.,0.,0.));
#9486=DIRECTION('',(0.,1.,0.));
#9487=DIRECTION('',(-1.,0.,0.));
#9488=DIRECTION('',(0.,-1.,0.));
#9489=DIRECTION('',(1.,0.,0.));
#9490=DIRECTION('',(1.31128703695885E-15,1.,0.));
#9491=DIRECTION('',(-1.,0.,0.));
#9492=DIRECTION('',(-1.31128703695885E-15,-1.,0.));
#9493=DIRECTION('',(1.,0.,0.));
#9494=DIRECTION('',(0.,1.,0.));
#9495=DIRECTION('',(-1.,0.,0.));
#9496=DIRECTION('',(0.,-1.,0.));
#9497=DIRECTION('',(1.,0.,0.));
#9498=DIRECTION('',(0.,1.,0.));
#9499=DIRECTION('',(-1.,0.,0.));
#9500=DIRECTION('center_axis',(0.,-1.,0.));
#9501=DIRECTION('ref_axis',(0.,0.,-1.));
#9502=DIRECTION('',(0.,0.,1.));
#9503=DIRECTION('',(1.,0.,0.));
#9504=DIRECTION('',(0.,0.,-1.));
#9505=DIRECTION('center_axis',(0.,-1.,0.));
#9506=DIRECTION('ref_axis',(-1.,0.,0.));
#9507=DIRECTION('',(0.,0.,-1.));
#9508=DIRECTION('',(-1.,0.,0.));
#9509=DIRECTION('',(0.,0.,-1.));
#9510=DIRECTION('center_axis',(1.,0.,0.));
#9511=DIRECTION('ref_axis',(0.,-1.,0.));
#9512=DIRECTION('',(0.,0.,1.));
#9513=DIRECTION('',(0.,-1.,4.6E-16));
#9514=DIRECTION('',(0.,0.,-1.));
#9515=DIRECTION('',(0.,-1.,0.));
#9516=DIRECTION('',(0.,0.,-1.));
#9517=DIRECTION('center_axis',(-1.,0.,0.));
#9518=DIRECTION('ref_axis',(0.,1.,0.));
#9519=DIRECTION('',(0.,0.,1.));
#9520=DIRECTION('',(0.,-1.,4.6E-16));
#9521=DIRECTION('',(0.,0.,-1.));
#9522=DIRECTION('',(0.,1.,0.));
#9523=DIRECTION('center_axis',(0.,-1.,0.));
#9524=DIRECTION('ref_axis',(-1.,0.,0.));
#9525=DIRECTION('',(0.,0.,-1.));
#9526=DIRECTION('',(-1.,0.,0.));
#9527=DIRECTION('',(0.,0.,-1.));
#9528=DIRECTION('center_axis',(1.,0.,0.));
#9529=DIRECTION('ref_axis',(0.,-1.,0.));
#9530=DIRECTION('',(0.,0.,1.));
#9531=DIRECTION('',(0.,-1.,4.6E-16));
#9532=DIRECTION('',(0.,0.,-1.));
#9533=DIRECTION('',(0.,-1.,0.));
#9534=DIRECTION('',(0.,0.,-1.));
#9535=DIRECTION('center_axis',(-1.,0.,0.));
#9536=DIRECTION('ref_axis',(0.,1.,0.));
#9537=DIRECTION('',(0.,0.,1.));
#9538=DIRECTION('',(0.,-1.,4.6E-16));
#9539=DIRECTION('',(0.,0.,-1.));
#9540=DIRECTION('',(0.,1.,0.));
#9541=DIRECTION('center_axis',(0.,-1.,0.));
#9542=DIRECTION('ref_axis',(-1.,0.,0.));
#9543=DIRECTION('',(0.,0.,-1.));
#9544=DIRECTION('',(-1.,0.,0.));
#9545=DIRECTION('',(0.,0.,-1.));
#9546=DIRECTION('center_axis',(1.,1.31128703695885E-15,0.));
#9547=DIRECTION('ref_axis',(1.31128703695885E-15,-1.,0.));
#9548=DIRECTION('',(0.,0.,1.));
#9549=DIRECTION('',(1.31128703695885E-15,-1.,4.6E-16));
#9550=DIRECTION('',(0.,0.,-1.));
#9551=DIRECTION('',(1.31128703695885E-15,-1.,0.));
#9552=DIRECTION('',(0.,0.,-1.));
#9553=DIRECTION('center_axis',(-1.,1.31128703695885E-15,0.));
#9554=DIRECTION('ref_axis',(1.31128703695885E-15,1.,0.));
#9555=DIRECTION('',(0.,0.,1.));
#9556=DIRECTION('',(-1.31128703695885E-15,-1.,4.6E-16));
#9557=DIRECTION('',(0.,0.,-1.));
#9558=DIRECTION('',(1.31128703695885E-15,1.,0.));
#9559=DIRECTION('center_axis',(0.,-1.,0.));
#9560=DIRECTION('ref_axis',(-1.,0.,0.));
#9561=DIRECTION('',(0.,0.,-1.));
#9562=DIRECTION('',(-1.,0.,0.));
#9563=DIRECTION('',(0.,0.,-1.));
#9564=DIRECTION('center_axis',(1.,0.,0.));
#9565=DIRECTION('ref_axis',(0.,-1.,0.));
#9566=DIRECTION('',(0.,0.,1.));
#9567=DIRECTION('',(0.,-1.,4.6E-16));
#9568=DIRECTION('',(0.,0.,-1.));
#9569=DIRECTION('',(0.,-1.,0.));
#9570=DIRECTION('',(0.,0.,-1.));
#9571=DIRECTION('center_axis',(-1.,0.,0.));
#9572=DIRECTION('ref_axis',(0.,1.,0.));
#9573=DIRECTION('',(0.,0.,1.));
#9574=DIRECTION('',(0.,-1.,4.6E-16));
#9575=DIRECTION('',(0.,0.,-1.));
#9576=DIRECTION('',(0.,1.,0.));
#9577=DIRECTION('center_axis',(0.,-1.,0.));
#9578=DIRECTION('ref_axis',(-1.,0.,0.));
#9579=DIRECTION('',(0.,0.,-1.));
#9580=DIRECTION('',(-1.,0.,0.));
#9581=DIRECTION('',(0.,0.,-1.));
#9582=DIRECTION('center_axis',(1.,0.,0.));
#9583=DIRECTION('ref_axis',(0.,-1.,0.));
#9584=DIRECTION('',(0.,0.,1.));
#9585=DIRECTION('',(0.,-1.,4.6E-16));
#9586=DIRECTION('',(0.,0.,-1.));
#9587=DIRECTION('',(0.,-1.,0.));
#9588=DIRECTION('',(0.,0.,-1.));
#9589=DIRECTION('center_axis',(-1.,0.,0.));
#9590=DIRECTION('ref_axis',(0.,1.,0.));
#9591=DIRECTION('',(0.,0.,1.));
#9592=DIRECTION('',(0.,-1.,4.6E-16));
#9593=DIRECTION('',(0.,0.,-1.));
#9594=DIRECTION('',(0.,1.,0.));
#9595=DIRECTION('center_axis',(0.,-1.,0.));
#9596=DIRECTION('ref_axis',(-1.,0.,0.));
#9597=DIRECTION('',(0.,0.,-1.));
#9598=DIRECTION('',(-1.,0.,0.));
#9599=DIRECTION('',(0.,0.,-1.));
#9600=DIRECTION('center_axis',(1.,0.,0.));
#9601=DIRECTION('ref_axis',(0.,-1.,0.));
#9602=DIRECTION('',(0.,0.,1.));
#9603=DIRECTION('',(0.,-1.,4.6E-16));
#9604=DIRECTION('',(0.,0.,-1.));
#9605=DIRECTION('',(0.,-1.,0.));
#9606=DIRECTION('',(0.,0.,-1.));
#9607=DIRECTION('center_axis',(-1.,0.,0.));
#9608=DIRECTION('ref_axis',(0.,1.,0.));
#9609=DIRECTION('',(0.,0.,1.));
#9610=DIRECTION('',(0.,-1.,4.6E-16));
#9611=DIRECTION('',(0.,0.,-1.));
#9612=DIRECTION('',(0.,1.,0.));
#9613=DIRECTION('center_axis',(0.,-1.,0.));
#9614=DIRECTION('ref_axis',(-1.,0.,0.));
#9615=DIRECTION('',(0.,0.,-1.));
#9616=DIRECTION('',(-1.,0.,0.));
#9617=DIRECTION('',(0.,0.,-1.));
#9618=DIRECTION('center_axis',(1.,0.,0.));
#9619=DIRECTION('ref_axis',(0.,-1.,0.));
#9620=DIRECTION('',(0.,0.,1.));
#9621=DIRECTION('',(0.,-1.,4.6E-16));
#9622=DIRECTION('',(0.,0.,-1.));
#9623=DIRECTION('',(0.,-1.,0.));
#9624=DIRECTION('',(0.,0.,-1.));
#9625=DIRECTION('center_axis',(-1.,0.,0.));
#9626=DIRECTION('ref_axis',(0.,1.,0.));
#9627=DIRECTION('',(0.,0.,1.));
#9628=DIRECTION('',(0.,-1.,4.6E-16));
#9629=DIRECTION('',(0.,0.,-1.));
#9630=DIRECTION('',(0.,1.,0.));
#9631=DIRECTION('center_axis',(0.,-1.,0.));
#9632=DIRECTION('ref_axis',(-1.,0.,0.));
#9633=DIRECTION('',(0.,0.,-1.));
#9634=DIRECTION('',(-1.,0.,0.));
#9635=DIRECTION('',(0.,0.,-1.));
#9636=DIRECTION('center_axis',(1.,0.,0.));
#9637=DIRECTION('ref_axis',(0.,-1.,0.));
#9638=DIRECTION('',(0.,0.,1.));
#9639=DIRECTION('',(0.,-1.,4.6E-16));
#9640=DIRECTION('',(0.,0.,-1.));
#9641=DIRECTION('',(0.,-1.,0.));
#9642=DIRECTION('',(0.,0.,-1.));
#9643=DIRECTION('center_axis',(-1.,0.,0.));
#9644=DIRECTION('ref_axis',(0.,1.,0.));
#9645=DIRECTION('',(0.,0.,1.));
#9646=DIRECTION('',(0.,-1.,4.6E-16));
#9647=DIRECTION('',(0.,0.,-1.));
#9648=DIRECTION('',(0.,1.,0.));
#9649=DIRECTION('center_axis',(0.,0.,1.));
#9650=DIRECTION('ref_axis',(1.,0.,0.));
#9651=DIRECTION('',(1.224646799147E-16,1.,0.));
#9652=DIRECTION('',(-1.,-4.05351332862799E-34,0.));
#9653=DIRECTION('',(1.224646799147E-16,1.,0.));
#9654=DIRECTION('',(1.,-1.224646799147E-16,0.));
#9655=DIRECTION('',(1.224646799147E-16,1.,-2.2E-16));
#9656=DIRECTION('',(1.,-1.224646799147E-16,0.));
#9657=DIRECTION('',(-1.224646799147E-16,-1.,2.2E-16));
#9658=DIRECTION('',(1.,-1.224646799147E-16,0.));
#9659=DIRECTION('',(-1.224646799147E-16,-1.,0.));
#9660=DIRECTION('',(-1.,-4.05351332862799E-34,0.));
#9661=DIRECTION('',(-8.04509438134172E-16,1.,8.93184901744806E-32));
#9662=DIRECTION('center_axis',(-4.05351332862799E-34,1.,-1.8697180213225E-31));
#9663=DIRECTION('ref_axis',(-1.,-4.05351332862799E-34,0.));
#9664=DIRECTION('',(-2.28974419012006E-47,-1.8697180213225E-31,-1.));
#9665=DIRECTION('center_axis',(4.05351332862799E-34,-1.,1.8697180213225E-31));
#9666=DIRECTION('ref_axis',(1.,-1.224646799147E-16,0.));
#9667=DIRECTION('',(-1.,-4.05351332862799E-34,2.694222958124E-32));
#9668=DIRECTION('',(2.28974419012006E-47,1.8697180213225E-31,1.));
#9669=DIRECTION('',(-1.,-4.05351332862799E-34,2.694222958124E-32));
#9670=DIRECTION('',(-2.28974419012006E-47,-1.8697180213225E-31,-1.));
#9671=DIRECTION('',(-1.,-4.05351332862799E-34,2.694222958124E-32));
#9672=DIRECTION('center_axis',(4.05351332862799E-34,-1.,1.8697180213225E-31));
#9673=DIRECTION('ref_axis',(-1.,1.224646799147E-16,0.));
#9674=DIRECTION('',(2.28974419012006E-47,1.8697180213225E-31,1.));
#9675=DIRECTION('',(0.,-1.8697180213225E-31,-1.));
#9676=DIRECTION('',(0.,0.,-1.));
#9677=DIRECTION('',(1.,3.17206578464328E-15,1.98254111540205E-16));
#9678=DIRECTION('',(0.,0.,-1.));
#9679=DIRECTION('',(1.,3.17206578464328E-15,1.98254111540205E-16));
#9680=DIRECTION('',(0.,0.,-1.));
#9681=DIRECTION('',(1.,3.17206578464328E-15,1.98254111540205E-16));
#9682=DIRECTION('',(0.,0.,-1.));
#9683=DIRECTION('',(1.,3.17206578464328E-15,1.98254111540205E-16));
#9684=DIRECTION('',(0.,0.,-1.));
#9685=DIRECTION('',(1.,3.17206578464328E-15,1.98254111540205E-16));
#9686=DIRECTION('',(0.,0.,-1.));
#9687=DIRECTION('',(1.,3.17206578464328E-15,1.98254111540205E-16));
#9688=DIRECTION('',(0.,0.,-1.));
#9689=DIRECTION('',(1.,3.17206578464328E-15,1.98254111540205E-16));
#9690=DIRECTION('',(0.,0.,-1.));
#9691=DIRECTION('',(1.,3.17206578464328E-15,1.98254111540205E-16));
#9692=DIRECTION('',(0.,0.,-1.));
#9693=DIRECTION('',(1.,3.17206578464328E-15,1.98254111540205E-16));
#9694=DIRECTION('',(0.,0.,-1.));
#9695=DIRECTION('',(1.,3.17206578464328E-15,1.98254111540205E-16));
#9696=DIRECTION('',(0.,0.,-1.));
#9697=DIRECTION('',(1.,3.17206578464328E-15,1.98254111540205E-16));
#9698=DIRECTION('',(0.,0.,-1.));
#9699=DIRECTION('',(1.,3.17206578464328E-15,1.98254111540205E-16));
#9700=DIRECTION('',(0.,0.,-1.));
#9701=DIRECTION('',(1.,3.17206578464328E-15,1.98254111540205E-16));
#9702=DIRECTION('',(0.,0.,-1.));
#9703=DIRECTION('',(1.,3.17206578464328E-15,1.98254111540205E-16));
#9704=DIRECTION('',(0.,0.,-1.));
#9705=DIRECTION('',(1.,3.17206578464328E-15,1.98254111540205E-16));
#9706=DIRECTION('',(0.,0.,-1.));
#9707=DIRECTION('',(1.,3.17206578464328E-15,1.98254111540205E-16));
#9708=DIRECTION('',(0.,0.,1.));
#9709=DIRECTION('center_axis',(-1.,1.224646799147E-16,0.));
#9710=DIRECTION('ref_axis',(2.6942229581234E-32,2.2E-16,1.));
#9711=DIRECTION('',(-2.694222958124E-32,-2.2E-16,-1.));
#9712=DIRECTION('',(-2.694222958124E-32,-2.2E-16,-1.));
#9713=DIRECTION('',(-2.694222958124E-32,-2.2E-16,-1.));
#9714=DIRECTION('',(-1.224646799147E-16,-1.,2.2E-16));
#9715=DIRECTION('center_axis',(-1.224646799147E-16,-1.,4.4E-16));
#9716=DIRECTION('ref_axis',(-5.388445916248E-32,-4.4E-16,-1.));
#9717=DIRECTION('center_axis',(1.224646799147E-16,1.,-2.2E-16));
#9718=DIRECTION('ref_axis',(1.,-1.224646799147E-16,0.));
#9719=DIRECTION('center_axis',(1.224646799147E-16,1.,-2.2E-16));
#9720=DIRECTION('ref_axis',(1.,-1.224646799147E-16,0.));
#9721=DIRECTION('center_axis',(1.224646799147E-16,1.,-2.2E-16));
#9722=DIRECTION('ref_axis',(1.,-1.224646799147E-16,0.));
#9723=DIRECTION('',(-1.224646799147E-16,-1.,2.2E-16));
#9724=DIRECTION('center_axis',(-1.,1.224646799147E-16,0.));
#9725=DIRECTION('ref_axis',(-1.224646799147E-16,-1.,2.2E-16));
#9726=DIRECTION('center_axis',(1.,-1.224646799147E-16,0.));
#9727=DIRECTION('ref_axis',(-2.6942229581234E-32,-2.2E-16,-1.));
#9728=DIRECTION('',(-1.224646799147E-16,-1.,2.2E-16));
#9729=DIRECTION('',(-2.694222958124E-32,-2.2E-16,-1.));
#9730=DIRECTION('',(-2.694222958124E-32,-2.2E-16,-1.));
#9731=DIRECTION('',(-2.694222958124E-32,-2.2E-16,-1.));
#9732=DIRECTION('center_axis',(1.224646799147E-16,1.,-2.2E-16));
#9733=DIRECTION('ref_axis',(-1.,1.224646799147E-16,0.));
#9734=DIRECTION('',(-1.224646799147E-16,-1.,2.2E-16));
#9735=DIRECTION('center_axis',(1.224646799147E-16,1.,-2.2E-16));
#9736=DIRECTION('ref_axis',(-1.,1.224646799147E-16,0.));
#9737=DIRECTION('center_axis',(1.,-1.224646799147E-16,0.));
#9738=DIRECTION('ref_axis',(-2.6942229581234E-32,-2.2E-16,-1.));
#9739=DIRECTION('',(-1.224646799147E-16,-1.,2.2E-16));
#9740=DIRECTION('',(-2.694222958124E-32,-2.2E-16,-1.));
#9741=DIRECTION('',(-1.224646799147E-16,-1.,2.2E-16));
#9742=DIRECTION('center_axis',(-2.694222958124E-32,-2.2E-16,-1.));
#9743=DIRECTION('ref_axis',(-1.,1.224646799147E-16,5.99930905039062E-45));
#9744=DIRECTION('',(-1.224646799147E-16,-1.,2.2E-16));
#9745=DIRECTION('',(-1.,1.224646799147E-16,0.));
#9746=DIRECTION('center_axis',(-1.,1.224646799147E-16,0.));
#9747=DIRECTION('ref_axis',(2.6942229581234E-32,2.2E-16,1.));
#9748=DIRECTION('',(-1.224646799147E-16,-1.,2.2E-16));
#9749=DIRECTION('',(-2.694222958124E-32,-2.2E-16,-1.));
#9750=DIRECTION('center_axis',(2.694222958124E-32,2.2E-16,1.));
#9751=DIRECTION('ref_axis',(1.,-1.224646799147E-16,-5.99930905039062E-45));
#9752=DIRECTION('',(1.,-1.224646799147E-16,0.));
#9753=DIRECTION('',(-1.224646799147E-16,-1.,2.2E-16));
#9754=DIRECTION('',(-1.,1.224646799147E-16,0.));
#9755=DIRECTION('',(1.,-1.224646799147E-16,0.));
#9756=DIRECTION('',(1.,-1.224646799147E-16,0.));
#9757=DIRECTION('center_axis',(1.224646799147E-16,1.,-2.2E-16));
#9758=DIRECTION('ref_axis',(1.,-1.224646799147E-16,0.));
#9759=DIRECTION('center_axis',(-1.224646799147E-16,-1.,2.2E-16));
#9760=DIRECTION('ref_axis',(1.,-1.224646799147E-16,0.));
#9761=DIRECTION('center_axis',(1.,-1.224646799147E-16,0.));
#9762=DIRECTION('ref_axis',(1.224646799147E-16,1.,-2.2E-16));
#9763=DIRECTION('center_axis',(-1.,0.,0.));
#9764=DIRECTION('ref_axis',(0.,-1.,0.));
#9765=DIRECTION('',(0.,1.,0.));
#9766=DIRECTION('',(0.,0.,1.));
#9767=DIRECTION('',(0.,-1.,2.2E-16));
#9768=DIRECTION('',(0.,2.2E-16,1.));
#9769=DIRECTION('center_axis',(1.,0.,0.));
#9770=DIRECTION('ref_axis',(0.,1.,0.));
#9771=DIRECTION('',(0.,-1.,0.));
#9772=DIRECTION('',(0.,-2.2E-16,-1.));
#9773=DIRECTION('',(0.,1.,-2.2E-16));
#9774=DIRECTION('',(0.,0.,1.));
#9775=DIRECTION('center_axis',(0.,-1.,0.));
#9776=DIRECTION('ref_axis',(1.,0.,0.));
#9777=DIRECTION('',(-1.,0.,0.));
#9778=DIRECTION('',(1.,0.,-2.694222958124E-32));
#9779=DIRECTION('center_axis',(0.,0.,1.));
#9780=DIRECTION('ref_axis',(-1.,0.,0.));
#9781=DIRECTION('',(-1.,1.224646799147E-16,0.));
#9782=DIRECTION('center_axis',(-1.224646799147E-16,-1.,2.2E-16));
#9783=DIRECTION('ref_axis',(-2.694222958124E-32,-2.2E-16,-1.));
#9784=DIRECTION('',(-1.,1.224646799147E-16,0.));
#9785=DIRECTION('',(0.,-2.2E-16,-1.));
#9786=DIRECTION('',(-1.,1.224646799147E-16,0.));
#9787=DIRECTION('',(0.,2.2E-16,1.));
#9788=DIRECTION('',(-1.,1.224646799147E-16,0.));
#9789=DIRECTION('',(0.,-2.2E-16,-1.));
#9790=DIRECTION('',(-1.,1.224646799147E-16,0.));
#9791=DIRECTION('',(0.,2.2E-16,1.));
#9792=DIRECTION('',(-1.,1.224646799147E-16,0.));
#9793=DIRECTION('',(0.,-2.2E-16,-1.));
#9794=DIRECTION('',(-1.,1.224646799147E-16,0.));
#9795=DIRECTION('',(0.,2.2E-16,1.));
#9796=DIRECTION('',(-1.,1.224646799147E-16,0.));
#9797=DIRECTION('',(0.,-2.2E-16,-1.));
#9798=DIRECTION('',(-1.,1.224646799147E-16,0.));
#9799=DIRECTION('',(0.,2.2E-16,1.));
#9800=DIRECTION('',(-1.,1.224646799147E-16,0.));
#9801=DIRECTION('',(0.,-2.2E-16,-1.));
#9802=DIRECTION('',(-1.,1.224646799147E-16,0.));
#9803=DIRECTION('',(0.,2.2E-16,1.));
#9804=DIRECTION('',(-1.,1.224646799147E-16,0.));
#9805=DIRECTION('',(0.,-2.2E-16,-1.));
#9806=DIRECTION('',(-1.,1.224646799147E-16,0.));
#9807=DIRECTION('',(0.,2.2E-16,1.));
#9808=DIRECTION('',(-1.,1.224646799147E-16,0.));
#9809=DIRECTION('',(0.,-2.2E-16,-1.));
#9810=DIRECTION('',(-1.,1.224646799147E-16,0.));
#9811=DIRECTION('',(0.,2.2E-16,1.));
#9812=DIRECTION('',(-1.,1.224646799147E-16,0.));
#9813=DIRECTION('center_axis',(1.224646799147E-16,1.,-2.2E-16));
#9814=DIRECTION('ref_axis',(1.,-1.224646799147E-16,0.));
#9815=DIRECTION('',(1.,-1.224646799147E-16,0.));
#9816=DIRECTION('center_axis',(-1.224646799147E-16,-1.,2.2E-16));
#9817=DIRECTION('ref_axis',(-1.,1.224646799147E-16,0.));
#9818=DIRECTION('',(-1.,1.224646799147E-16,0.));
#9819=DIRECTION('center_axis',(-1.,0.,0.));
#9820=DIRECTION('ref_axis',(0.,-1.,0.));
#9821=DIRECTION('',(0.,1.,0.));
#9822=DIRECTION('',(0.,0.,1.));
#9823=DIRECTION('',(0.,-1.,2.2E-16));
#9824=DIRECTION('center_axis',(1.,0.,0.));
#9825=DIRECTION('ref_axis',(0.,1.,0.));
#9826=DIRECTION('',(0.,-1.,0.));
#9827=DIRECTION('',(0.,1.,-2.2E-16));
#9828=DIRECTION('',(0.,0.,1.));
#9829=DIRECTION('center_axis',(0.,-1.,0.));
#9830=DIRECTION('ref_axis',(1.,0.,0.));
#9831=DIRECTION('',(-1.,0.,0.));
#9832=DIRECTION('',(1.,0.,-2.694222958124E-32));
#9833=DIRECTION('center_axis',(0.,0.,1.));
#9834=DIRECTION('ref_axis',(-1.,0.,0.));
#9835=DIRECTION('center_axis',(0.,-1.,0.));
#9836=DIRECTION('ref_axis',(1.,0.,0.));
#9837=DIRECTION('',(1.,0.,0.));
#9838=DIRECTION('',(0.,0.,1.));
#9839=DIRECTION('',(1.,0.,-2.694222958124E-32));
#9840=DIRECTION('',(0.,0.,1.));
#9841=DIRECTION('center_axis',(-1.,0.,0.));
#9842=DIRECTION('ref_axis',(0.,-1.,0.));
#9843=DIRECTION('',(0.,-1.,0.));
#9844=DIRECTION('',(0.,-1.,2.2E-16));
#9845=DIRECTION('center_axis',(1.,0.,0.));
#9846=DIRECTION('ref_axis',(0.,1.,0.));
#9847=DIRECTION('',(0.,1.,0.));
#9848=DIRECTION('',(0.,1.,-2.2E-16));
#9849=DIRECTION('center_axis',(0.,0.,1.));
#9850=DIRECTION('ref_axis',(-1.,0.,0.));
#9851=DIRECTION('center_axis',(-1.,0.,0.));
#9852=DIRECTION('ref_axis',(0.,-1.,0.));
#9853=DIRECTION('',(0.,1.,0.));
#9854=DIRECTION('',(0.,0.,1.));
#9855=DIRECTION('',(0.,-1.,2.2E-16));
#9856=DIRECTION('center_axis',(1.,0.,0.));
#9857=DIRECTION('ref_axis',(0.,1.,0.));
#9858=DIRECTION('',(0.,-1.,0.));
#9859=DIRECTION('',(0.,1.,-2.2E-16));
#9860=DIRECTION('',(0.,0.,1.));
#9861=DIRECTION('center_axis',(0.,-1.,0.));
#9862=DIRECTION('ref_axis',(1.,0.,0.));
#9863=DIRECTION('',(-1.,0.,0.));
#9864=DIRECTION('',(1.,0.,-2.694222958124E-32));
#9865=DIRECTION('center_axis',(0.,0.,1.));
#9866=DIRECTION('ref_axis',(-1.,0.,0.));
#9867=DIRECTION('center_axis',(-1.,0.,0.));
#9868=DIRECTION('ref_axis',(0.,-1.,0.));
#9869=DIRECTION('',(0.,1.,0.));
#9870=DIRECTION('',(0.,1.,-2.2E-16));
#9871=DIRECTION('',(0.,0.,1.));
#9872=DIRECTION('center_axis',(1.,0.,0.));
#9873=DIRECTION('ref_axis',(0.,1.,0.));
#9874=DIRECTION('',(0.,-1.,0.));
#9875=DIRECTION('',(0.,0.,1.));
#9876=DIRECTION('',(0.,-1.,2.2E-16));
#9877=DIRECTION('center_axis',(0.,1.,0.));
#9878=DIRECTION('ref_axis',(-1.,0.,0.));
#9879=DIRECTION('',(1.,0.,0.));
#9880=DIRECTION('',(1.,0.,-2.694222958124E-32));
#9881=DIRECTION('center_axis',(0.,0.,-1.));
#9882=DIRECTION('ref_axis',(1.,0.,0.));
#9883=DIRECTION('center_axis',(-2.694222958124E-32,-2.2E-16,-1.));
#9884=DIRECTION('ref_axis',(-1.,1.224646799147E-16,5.99930905039062E-45));
#9885=DIRECTION('',(-1.,1.224646799147E-16,0.));
#9886=DIRECTION('',(-1.224646799147E-16,-1.,2.2E-16));
#9887=DIRECTION('',(0.298274993136004,0.954479978035012,-2.10000000000003E-16));
#9888=DIRECTION('',(1.,-1.224646799147E-16,0.));
#9889=DIRECTION('',(-0.298274993136004,0.954479978035012,-2.10000000000003E-16));
#9890=DIRECTION('',(-1.224646799147E-16,-1.,2.2E-16));
#9891=DIRECTION('',(1.,-1.224646799147E-16,0.));
#9892=DIRECTION('',(0.,-1.,2.2E-16));
#9893=DIRECTION('',(1.,0.,-2.694222958124E-32));
#9894=DIRECTION('',(0.,1.,-2.2E-16));
#9895=DIRECTION('',(0.,-1.,2.2E-16));
#9896=DIRECTION('',(1.,0.,-2.694222958124E-32));
#9897=DIRECTION('',(0.,1.,-2.2E-16));
#9898=DIRECTION('',(0.,-1.,2.2E-16));
#9899=DIRECTION('',(1.,0.,-2.694222958124E-32));
#9900=DIRECTION('',(0.,1.,-2.2E-16));
#9901=DIRECTION('center_axis',(0.,1.,0.));
#9902=DIRECTION('ref_axis',(-1.,0.,0.));
#9903=DIRECTION('',(-1.,0.,0.));
#9904=DIRECTION('',(0.,0.,1.));
#9905=DIRECTION('',(0.,0.,1.));
#9906=DIRECTION('center_axis',(-1.,0.,0.));
#9907=DIRECTION('ref_axis',(0.,-1.,0.));
#9908=DIRECTION('',(0.,-1.,0.));
#9909=DIRECTION('center_axis',(1.,0.,0.));
#9910=DIRECTION('ref_axis',(0.,1.,0.));
#9911=DIRECTION('',(0.,1.,0.));
#9912=DIRECTION('center_axis',(0.,0.,-1.));
#9913=DIRECTION('ref_axis',(1.,0.,0.));
#9914=DIRECTION('center_axis',(-1.,0.,0.));
#9915=DIRECTION('ref_axis',(0.,-1.,0.));
#9916=DIRECTION('',(0.,1.,0.));
#9917=DIRECTION('',(0.,0.,1.));
#9918=DIRECTION('center_axis',(1.,0.,0.));
#9919=DIRECTION('ref_axis',(0.,1.,0.));
#9920=DIRECTION('',(0.,-1.,0.));
#9921=DIRECTION('',(0.,0.,1.));
#9922=DIRECTION('center_axis',(0.,1.,0.));
#9923=DIRECTION('ref_axis',(-1.,0.,0.));
#9924=DIRECTION('',(1.,0.,0.));
#9925=DIRECTION('center_axis',(0.,0.,-1.));
#9926=DIRECTION('ref_axis',(1.,0.,0.));
#9927=DIRECTION('center_axis',(-1.,0.,0.));
#9928=DIRECTION('ref_axis',(0.,-1.,0.));
#9929=DIRECTION('',(0.,1.,0.));
#9930=DIRECTION('',(0.,0.,1.));
#9931=DIRECTION('center_axis',(1.,0.,0.));
#9932=DIRECTION('ref_axis',(0.,1.,0.));
#9933=DIRECTION('',(0.,-1.,0.));
#9934=DIRECTION('',(0.,0.,1.));
#9935=DIRECTION('center_axis',(0.,1.,0.));
#9936=DIRECTION('ref_axis',(-1.,0.,0.));
#9937=DIRECTION('',(1.,0.,0.));
#9938=DIRECTION('center_axis',(0.,0.,-1.));
#9939=DIRECTION('ref_axis',(1.,0.,0.));
#9940=DIRECTION('center_axis',(0.,-1.,0.));
#9941=DIRECTION('ref_axis',(1.,0.,0.));
#9942=DIRECTION('',(-1.,0.,2.694222958124E-32));
#9943=DIRECTION('',(0.,0.,1.));
#9944=DIRECTION('',(1.,0.,0.));
#9945=DIRECTION('',(0.,0.,1.));
#9946=DIRECTION('center_axis',(-1.,0.,0.));
#9947=DIRECTION('ref_axis',(0.,-1.,0.));
#9948=DIRECTION('',(0.,1.,-2.2E-16));
#9949=DIRECTION('',(0.,-1.,0.));
#9950=DIRECTION('',(0.,2.2E-16,1.));
#9951=DIRECTION('center_axis',(1.,0.,0.));
#9952=DIRECTION('ref_axis',(0.,1.,0.));
#9953=DIRECTION('',(0.,-1.,2.2E-16));
#9954=DIRECTION('',(0.,-2.2E-16,-1.));
#9955=DIRECTION('',(0.,1.,0.));
#9956=DIRECTION('center_axis',(0.,0.,1.));
#9957=DIRECTION('ref_axis',(1.,0.,0.));
#9958=DIRECTION('',(1.,-1.224646799147E-16,0.));
#9959=DIRECTION('center_axis',(-1.224646799147E-16,-1.,2.2E-16));
#9960=DIRECTION('ref_axis',(-2.694222958124E-32,-2.2E-16,-1.));
#9961=DIRECTION('',(1.,-1.224646799147E-16,0.));
#9962=DIRECTION('',(0.,2.2E-16,1.));
#9963=DIRECTION('',(1.,-1.224646799147E-16,0.));
#9964=DIRECTION('',(0.,-2.2E-16,-1.));
#9965=DIRECTION('',(1.,-1.224646799147E-16,0.));
#9966=DIRECTION('',(0.,2.2E-16,1.));
#9967=DIRECTION('',(1.,-1.224646799147E-16,0.));
#9968=DIRECTION('',(0.,-2.2E-16,-1.));
#9969=DIRECTION('',(1.,-1.224646799147E-16,0.));
#9970=DIRECTION('center_axis',(-1.224646799147E-16,-1.,2.2E-16));
#9971=DIRECTION('ref_axis',(-1.,1.224646799147E-16,0.));
#9972=DIRECTION('',(1.,-1.224646799147E-16,0.));
#9973=DIRECTION('center_axis',(1.224646799147E-16,1.,-2.2E-16));
#9974=DIRECTION('ref_axis',(1.,-1.224646799147E-16,0.));
#9975=DIRECTION('',(1.,-1.224646799147E-16,0.));
#9976=DIRECTION('',(0.,2.2E-16,1.));
#9977=DIRECTION('',(1.,-1.224646799147E-16,0.));
#9978=DIRECTION('',(0.,-2.2E-16,-1.));
#9979=DIRECTION('',(1.,-1.224646799147E-16,0.));
#9980=DIRECTION('',(0.,2.2E-16,1.));
#9981=DIRECTION('',(1.,-1.224646799147E-16,0.));
#9982=DIRECTION('',(0.,-2.2E-16,-1.));
#9983=DIRECTION('',(1.,-1.224646799147E-16,0.));
#9984=DIRECTION('',(0.,2.2E-16,1.));
#9985=DIRECTION('',(1.,-1.224646799147E-16,0.));
#9986=DIRECTION('',(0.,-2.2E-16,-1.));
#9987=DIRECTION('',(1.,-1.224646799147E-16,0.));
#9988=DIRECTION('',(0.,2.2E-16,1.));
#9989=DIRECTION('',(1.,-1.224646799147E-16,0.));
#9990=DIRECTION('',(0.,-2.2E-16,-1.));
#9991=DIRECTION('',(1.,-1.224646799147E-16,0.));
#9992=DIRECTION('',(0.,2.2E-16,1.));
#9993=DIRECTION('',(1.,-1.224646799147E-16,0.));
#9994=DIRECTION('',(0.,-2.2E-16,-1.));
#9995=DIRECTION('',(1.,-1.224646799147E-16,0.));
#9996=DIRECTION('center_axis',(-1.,0.,0.));
#9997=DIRECTION('ref_axis',(0.,-1.,0.));
#9998=DIRECTION('',(0.,1.,-2.2E-16));
#9999=DIRECTION('',(0.,0.,1.));
#10000=DIRECTION('',(0.,-1.,0.));
#10001=DIRECTION('center_axis',(1.,0.,0.));
#10002=DIRECTION('ref_axis',(0.,1.,0.));
#10003=DIRECTION('',(0.,-1.,2.2E-16));
#10004=DIRECTION('',(0.,1.,0.));
#10005=DIRECTION('',(0.,0.,1.));
#10006=DIRECTION('center_axis',(0.,-1.,0.));
#10007=DIRECTION('ref_axis',(1.,0.,0.));
#10008=DIRECTION('',(-1.,0.,2.694222958124E-32));
#10009=DIRECTION('',(1.,0.,0.));
#10010=DIRECTION('center_axis',(0.,0.,1.));
#10011=DIRECTION('ref_axis',(1.,0.,0.));
#10012=DIRECTION('center_axis',(2.694222958124E-32,2.2E-16,1.));
#10013=DIRECTION('ref_axis',(1.,-1.224646799147E-16,-5.99930905039062E-45));
#10014=DIRECTION('',(0.,-1.,2.2E-16));
#10015=DIRECTION('',(-1.,0.,2.694222958124E-32));
#10016=DIRECTION('',(0.,1.,-2.2E-16));
#10017=DIRECTION('',(0.,-1.,2.2E-16));
#10018=DIRECTION('',(-1.,0.,2.694222958124E-32));
#10019=DIRECTION('',(0.,1.,-2.2E-16));
#10020=DIRECTION('',(0.,-1.,2.2E-16));
#10021=DIRECTION('',(-1.,0.,2.694222958124E-32));
#10022=DIRECTION('',(0.,1.,-2.2E-16));
#10023=DIRECTION('',(0.,-1.,2.2E-16));
#10024=DIRECTION('',(-1.,0.,2.694222958124E-32));
#10025=DIRECTION('',(0.,1.,-2.2E-16));
#10026=DIRECTION('',(0.,-1.,2.2E-16));
#10027=DIRECTION('',(-1.,0.,2.694222958124E-32));
#10028=DIRECTION('',(0.,1.,-2.2E-16));
#10029=DIRECTION('',(-1.,1.224646799147E-16,0.));
#10030=DIRECTION('',(-1.224646799147E-16,-1.,2.2E-16));
#10031=DIRECTION('',(0.298274993136004,-0.954479978035012,2.10000000000003E-16));
#10032=DIRECTION('',(1.,-1.224646799147E-16,0.));
#10033=DIRECTION('',(-0.298274993136004,-0.954479978035012,2.10000000000003E-16));
#10034=DIRECTION('',(1.224646799147E-16,1.,-2.2E-16));
#10035=DIRECTION('',(1.,-1.224646799147E-16,0.));
#10036=DIRECTION('',(0.,-1.,2.2E-16));
#10037=DIRECTION('',(-1.,0.,2.694222958124E-32));
#10038=DIRECTION('',(0.,1.,-2.2E-16));
#10039=DIRECTION('center_axis',(-1.,0.,0.));
#10040=DIRECTION('ref_axis',(0.,-1.,0.));
#10041=DIRECTION('',(0.,0.,1.));
#10042=DIRECTION('',(0.,-1.,0.));
#10043=DIRECTION('center_axis',(1.,0.,0.));
#10044=DIRECTION('ref_axis',(0.,1.,0.));
#10045=DIRECTION('',(0.,1.,0.));
#10046=DIRECTION('',(0.,0.,1.));
#10047=DIRECTION('center_axis',(0.,-1.,0.));
#10048=DIRECTION('ref_axis',(1.,0.,0.));
#10049=DIRECTION('',(1.,0.,0.));
#10050=DIRECTION('center_axis',(0.,0.,1.));
#10051=DIRECTION('ref_axis',(1.,0.,0.));
#10052=DIRECTION('center_axis',(-1.,0.,0.));
#10053=DIRECTION('ref_axis',(0.,-1.,0.));
#10054=DIRECTION('',(0.,0.,1.));
#10055=DIRECTION('',(0.,-1.,0.));
#10056=DIRECTION('center_axis',(1.,0.,0.));
#10057=DIRECTION('ref_axis',(0.,1.,0.));
#10058=DIRECTION('',(0.,1.,0.));
#10059=DIRECTION('',(0.,0.,1.));
#10060=DIRECTION('center_axis',(0.,-1.,0.));
#10061=DIRECTION('ref_axis',(1.,0.,0.));
#10062=DIRECTION('',(1.,0.,0.));
#10063=DIRECTION('center_axis',(0.,0.,1.));
#10064=DIRECTION('ref_axis',(1.,0.,0.));
#10065=DIRECTION('center_axis',(-1.,0.,0.));
#10066=DIRECTION('ref_axis',(0.,-1.,0.));
#10067=DIRECTION('',(0.,-1.,0.));
#10068=DIRECTION('',(0.,0.,1.));
#10069=DIRECTION('center_axis',(1.,0.,0.));
#10070=DIRECTION('ref_axis',(0.,1.,0.));
#10071=DIRECTION('',(0.,0.,1.));
#10072=DIRECTION('',(0.,1.,0.));
#10073=DIRECTION('center_axis',(0.,1.,0.));
#10074=DIRECTION('ref_axis',(-1.,0.,0.));
#10075=DIRECTION('',(-1.,0.,0.));
#10076=DIRECTION('center_axis',(0.,0.,-1.));
#10077=DIRECTION('ref_axis',(-1.,0.,0.));
#10078=DIRECTION('center_axis',(0.,1.,0.));
#10079=DIRECTION('ref_axis',(-1.,0.,0.));
#10080=DIRECTION('',(0.,0.,1.));
#10081=DIRECTION('',(-1.,0.,0.));
#10082=DIRECTION('',(0.,0.,1.));
#10083=DIRECTION('center_axis',(-1.,0.,0.));
#10084=DIRECTION('ref_axis',(0.,-1.,0.));
#10085=DIRECTION('',(0.,-1.,0.));
#10086=DIRECTION('center_axis',(1.,0.,0.));
#10087=DIRECTION('ref_axis',(0.,1.,0.));
#10088=DIRECTION('',(0.,1.,0.));
#10089=DIRECTION('center_axis',(0.,0.,-1.));
#10090=DIRECTION('ref_axis',(-1.,0.,0.));
#10091=DIRECTION('center_axis',(-1.,0.,0.));
#10092=DIRECTION('ref_axis',(0.,-1.,0.));
#10093=DIRECTION('',(0.,-1.,0.));
#10094=DIRECTION('',(0.,0.,1.));
#10095=DIRECTION('center_axis',(1.,0.,0.));
#10096=DIRECTION('ref_axis',(0.,1.,0.));
#10097=DIRECTION('',(0.,0.,1.));
#10098=DIRECTION('',(0.,1.,0.));
#10099=DIRECTION('center_axis',(0.,1.,0.));
#10100=DIRECTION('ref_axis',(-1.,0.,0.));
#10101=DIRECTION('',(-1.,0.,0.));
#10102=DIRECTION('center_axis',(0.,0.,-1.));
#10103=DIRECTION('ref_axis',(-1.,0.,0.));
#10104=DIRECTION('center_axis',(-1.,0.,0.));
#10105=DIRECTION('ref_axis',(0.,-1.,0.));
#10106=DIRECTION('',(0.,-1.,0.));
#10107=DIRECTION('',(0.,0.,1.));
#10108=DIRECTION('center_axis',(1.,0.,0.));
#10109=DIRECTION('ref_axis',(0.,1.,0.));
#10110=DIRECTION('',(0.,0.,1.));
#10111=DIRECTION('',(0.,1.,0.));
#10112=DIRECTION('center_axis',(0.,1.,0.));
#10113=DIRECTION('ref_axis',(-1.,0.,0.));
#10114=DIRECTION('',(-1.,0.,0.));
#10115=DIRECTION('center_axis',(0.,0.,-1.));
#10116=DIRECTION('ref_axis',(-1.,0.,0.));
#10117=DIRECTION('center_axis',(0.,0.,1.));
#10118=DIRECTION('ref_axis',(-1.,0.,0.));
#10119=DIRECTION('',(0.,1.,-4.6E-16));
#10120=DIRECTION('',(1.,0.,0.));
#10121=DIRECTION('center_axis',(-1.,0.,0.));
#10122=DIRECTION('ref_axis',(0.,1.,0.));
#10123=DIRECTION('',(0.,0.,-1.));
#10124=DIRECTION('',(0.,1.,0.));
#10125=DIRECTION('',(0.,0.,-1.));
#10126=DIRECTION('center_axis',(0.,1.,0.));
#10127=DIRECTION('ref_axis',(1.,0.,0.));
#10128=DIRECTION('',(1.,0.,0.));
#10129=DIRECTION('center_axis',(0.,-1.,0.));
#10130=DIRECTION('ref_axis',(-1.,0.,0.));
#10131=DIRECTION('',(-1.,0.,0.));
#10132=DIRECTION('center_axis',(0.,0.,1.));
#10133=DIRECTION('ref_axis',(1.,0.,0.));
#10134=DIRECTION('center_axis',(0.,0.,1.));
#10135=DIRECTION('ref_axis',(-1.,0.,0.));
#10136=DIRECTION('',(0.,1.,-4.6E-16));
#10137=DIRECTION('',(1.,0.,0.));
#10138=DIRECTION('center_axis',(-1.,0.,0.));
#10139=DIRECTION('ref_axis',(0.,1.,0.));
#10140=DIRECTION('',(0.,0.,-1.));
#10141=DIRECTION('',(0.,1.,0.));
#10142=DIRECTION('',(0.,0.,-1.));
#10143=DIRECTION('center_axis',(0.,1.,0.));
#10144=DIRECTION('ref_axis',(1.,0.,0.));
#10145=DIRECTION('',(1.,0.,0.));
#10146=DIRECTION('center_axis',(0.,-1.,0.));
#10147=DIRECTION('ref_axis',(-1.,0.,0.));
#10148=DIRECTION('',(-1.,0.,0.));
#10149=DIRECTION('center_axis',(0.,0.,1.));
#10150=DIRECTION('ref_axis',(1.,0.,0.));
#10151=DIRECTION('center_axis',(0.,0.,1.));
#10152=DIRECTION('ref_axis',(-1.,0.,0.));
#10153=DIRECTION('',(0.,1.,-4.6E-16));
#10154=DIRECTION('',(1.,0.,0.));
#10155=DIRECTION('center_axis',(-1.,0.,0.));
#10156=DIRECTION('ref_axis',(0.,1.,0.));
#10157=DIRECTION('',(0.,0.,-1.));
#10158=DIRECTION('',(0.,1.,0.));
#10159=DIRECTION('',(0.,0.,-1.));
#10160=DIRECTION('center_axis',(0.,1.,0.));
#10161=DIRECTION('ref_axis',(1.,0.,0.));
#10162=DIRECTION('',(1.,0.,0.));
#10163=DIRECTION('center_axis',(0.,-1.,0.));
#10164=DIRECTION('ref_axis',(-1.,0.,0.));
#10165=DIRECTION('',(-1.,0.,0.));
#10166=DIRECTION('center_axis',(0.,0.,1.));
#10167=DIRECTION('ref_axis',(1.,0.,0.));
#10168=DIRECTION('center_axis',(0.,0.,1.));
#10169=DIRECTION('ref_axis',(-1.,0.,0.));
#10170=DIRECTION('',(0.,1.,-4.6E-16));
#10171=DIRECTION('',(1.,0.,0.));
#10172=DIRECTION('center_axis',(-1.,0.,0.));
#10173=DIRECTION('ref_axis',(0.,1.,0.));
#10174=DIRECTION('',(0.,0.,-1.));
#10175=DIRECTION('',(0.,1.,0.));
#10176=DIRECTION('',(0.,0.,-1.));
#10177=DIRECTION('center_axis',(0.,1.,0.));
#10178=DIRECTION('ref_axis',(1.,0.,0.));
#10179=DIRECTION('',(1.,0.,0.));
#10180=DIRECTION('center_axis',(0.,-1.,0.));
#10181=DIRECTION('ref_axis',(-1.,0.,0.));
#10182=DIRECTION('',(-1.,0.,0.));
#10183=DIRECTION('center_axis',(0.,0.,1.));
#10184=DIRECTION('ref_axis',(1.,0.,0.));
#10185=DIRECTION('center_axis',(0.,0.,1.));
#10186=DIRECTION('ref_axis',(-1.,0.,0.));
#10187=DIRECTION('',(0.,-1.,0.));
#10188=DIRECTION('',(1.,0.,0.));
#10189=DIRECTION('center_axis',(-1.,0.,0.));
#10190=DIRECTION('ref_axis',(0.,1.,0.));
#10191=DIRECTION('',(0.,0.,-1.));
#10192=DIRECTION('',(0.,1.,0.));
#10193=DIRECTION('',(0.,0.,-1.));
#10194=DIRECTION('center_axis',(0.,1.,0.));
#10195=DIRECTION('ref_axis',(1.,0.,0.));
#10196=DIRECTION('',(1.,0.,0.));
#10197=DIRECTION('center_axis',(0.,-1.,0.));
#10198=DIRECTION('ref_axis',(-1.,0.,0.));
#10199=DIRECTION('',(-1.,0.,0.));
#10200=DIRECTION('center_axis',(0.,0.,1.));
#10201=DIRECTION('ref_axis',(1.,0.,0.));
#10202=DIRECTION('center_axis',(0.,0.,1.));
#10203=DIRECTION('ref_axis',(-1.,0.,0.));
#10204=DIRECTION('',(1.31128703695885E-15,-1.,0.));
#10205=DIRECTION('',(1.,0.,0.));
#10206=DIRECTION('center_axis',(0.,-1.,0.));
#10207=DIRECTION('ref_axis',(-1.,0.,0.));
#10208=DIRECTION('',(0.,0.,-1.));
#10209=DIRECTION('',(-1.,0.,0.));
#10210=DIRECTION('center_axis',(-1.,-1.31128703695885E-15,0.));
#10211=DIRECTION('ref_axis',(-1.31128703695885E-15,1.,0.));
#10212=DIRECTION('',(0.,0.,-1.));
#10213=DIRECTION('',(-1.31128703695885E-15,1.,0.));
#10214=DIRECTION('center_axis',(0.,1.,0.));
#10215=DIRECTION('ref_axis',(1.,0.,0.));
#10216=DIRECTION('',(1.,0.,0.));
#10217=DIRECTION('center_axis',(0.,0.,1.));
#10218=DIRECTION('ref_axis',(1.,0.,0.));
#10219=DIRECTION('center_axis',(0.,0.,1.));
#10220=DIRECTION('ref_axis',(-1.,0.,0.));
#10221=DIRECTION('',(0.,-1.,0.));
#10222=DIRECTION('',(1.,0.,0.));
#10223=DIRECTION('center_axis',(-1.,0.,0.));
#10224=DIRECTION('ref_axis',(0.,1.,0.));
#10225=DIRECTION('',(0.,0.,-1.));
#10226=DIRECTION('',(0.,1.,0.));
#10227=DIRECTION('',(0.,0.,-1.));
#10228=DIRECTION('center_axis',(0.,1.,0.));
#10229=DIRECTION('ref_axis',(1.,0.,0.));
#10230=DIRECTION('',(1.,0.,0.));
#10231=DIRECTION('center_axis',(0.,-1.,0.));
#10232=DIRECTION('ref_axis',(-1.,0.,0.));
#10233=DIRECTION('',(-1.,0.,0.));
#10234=DIRECTION('center_axis',(0.,0.,1.));
#10235=DIRECTION('ref_axis',(1.,0.,0.));
#10236=DIRECTION('center_axis',(0.,0.,1.));
#10237=DIRECTION('ref_axis',(-1.,0.,0.));
#10238=DIRECTION('',(0.,-1.,0.));
#10239=DIRECTION('',(1.,0.,0.));
#10240=DIRECTION('center_axis',(-1.,0.,0.));
#10241=DIRECTION('ref_axis',(0.,1.,0.));
#10242=DIRECTION('',(0.,0.,-1.));
#10243=DIRECTION('',(0.,1.,0.));
#10244=DIRECTION('',(0.,0.,-1.));
#10245=DIRECTION('center_axis',(0.,1.,0.));
#10246=DIRECTION('ref_axis',(1.,0.,0.));
#10247=DIRECTION('',(1.,0.,0.));
#10248=DIRECTION('center_axis',(0.,-1.,0.));
#10249=DIRECTION('ref_axis',(-1.,0.,0.));
#10250=DIRECTION('',(-1.,0.,0.));
#10251=DIRECTION('center_axis',(0.,0.,1.));
#10252=DIRECTION('ref_axis',(1.,0.,0.));
#10253=DIRECTION('center_axis',(-1.,1.224646799147E-16,0.));
#10254=DIRECTION('ref_axis',(-1.224646799147E-16,-1.,2.2E-16));
#10255=DIRECTION('',(-2.694222958124E-32,-2.2E-16,-1.));
#10256=DIRECTION('',(-2.694222958124E-32,-2.2E-16,-1.));
#10257=DIRECTION('',(-2.694222958124E-32,-2.2E-16,-1.));
#10258=DIRECTION('',(-2.694222958124E-32,-2.2E-16,-1.));
#10259=DIRECTION('center_axis',(-0.954479978035012,0.298274993136004,-7.00000000000009E-17));
#10260=DIRECTION('ref_axis',(-0.298274993136004,-0.954479978035012,2.10000000000003E-16));
#10261=DIRECTION('',(-0.215765926001111,-0.690450963203356,-0.690450963203356));
#10262=DIRECTION('',(-2.694222958124E-32,-2.2E-16,-1.));
#10263=DIRECTION('',(-0.215765926001111,-0.690450963203356,0.690450963203356));
#10264=DIRECTION('center_axis',(-1.224646799147E-16,-1.,2.2E-16));
#10265=DIRECTION('ref_axis',(2.694222958124E-32,2.2E-16,1.));
#10266=DIRECTION('center_axis',(-1.224646799147E-16,-1.,2.2E-16));
#10267=DIRECTION('ref_axis',(-1.,1.224646799147E-16,0.));
#10268=DIRECTION('center_axis',(-1.224646799147E-16,-1.,2.2E-16));
#10269=DIRECTION('ref_axis',(2.694222958124E-32,2.2E-16,1.));
#10270=DIRECTION('center_axis',(-1.224646799147E-16,-1.,2.2E-16));
#10271=DIRECTION('ref_axis',(-1.,1.224646799147E-16,0.));
#10272=DIRECTION('center_axis',(1.224646799147E-16,1.,-2.2E-16));
#10273=DIRECTION('ref_axis',(-1.,1.224646799147E-16,0.));
#10274=DIRECTION('',(-1.224646799147E-16,-1.,2.2E-16));
#10275=DIRECTION('center_axis',(-1.224646799147E-16,-1.,2.2E-16));
#10276=DIRECTION('ref_axis',(-1.,1.224646799147E-16,0.));
#10277=DIRECTION('',(-1.224646799147E-16,-1.,2.2E-16));
#10278=DIRECTION('center_axis',(1.,-1.224646799147E-16,0.));
#10279=DIRECTION('ref_axis',(-2.6942229581234E-32,-2.2E-16,-1.));
#10280=DIRECTION('',(-1.224646799147E-16,-1.,2.2E-16));
#10281=DIRECTION('',(-2.694222958124E-32,-2.2E-16,-1.));
#10282=DIRECTION('center_axis',(1.224646799147E-16,1.,-2.2E-16));
#10283=DIRECTION('ref_axis',(-1.,1.224646799147E-16,0.));
#10284=DIRECTION('center_axis',(-1.224646799147E-16,-1.,2.2E-16));
#10285=DIRECTION('ref_axis',(-1.,1.224646799147E-16,0.));
#10286=DIRECTION('',(-1.224646799147E-16,-1.,2.2E-16));
#10287=DIRECTION('center_axis',(1.,-1.224646799147E-16,0.));
#10288=DIRECTION('ref_axis',(-2.6942229581234E-32,-2.2E-16,-1.));
#10289=DIRECTION('',(-1.224646799147E-16,-1.,2.2E-16));
#10290=DIRECTION('',(-2.694222958124E-32,-2.2E-16,-1.));
#10291=DIRECTION('',(-1.224646799147E-16,-1.,2.2E-16));
#10292=DIRECTION('center_axis',(1.224646799147E-16,1.,-2.2E-16));
#10293=DIRECTION('ref_axis',(-1.,1.224646799147E-16,0.));
#10294=DIRECTION('center_axis',(-1.224646799147E-16,-1.,2.2E-16));
#10295=DIRECTION('ref_axis',(-1.,1.224646799147E-16,0.));
#10296=DIRECTION('center_axis',(-1.224646799147E-16,-1.,2.2E-16));
#10297=DIRECTION('ref_axis',(-1.,1.224646799147E-16,0.));
#10298=DIRECTION('center_axis',(1.224646799147E-16,1.,-2.2E-16));
#10299=DIRECTION('ref_axis',(-1.,1.224646799147E-16,0.));
#10300=DIRECTION('center_axis',(-1.224646799147E-16,-1.,2.2E-16));
#10301=DIRECTION('ref_axis',(-1.,1.224646799147E-16,0.));
#10302=DIRECTION('',(-1.224646799147E-16,-1.,2.2E-16));
#10303=DIRECTION('center_axis',(-1.224646799147E-16,-1.,2.2E-16));
#10304=DIRECTION('ref_axis',(-1.,1.224646799147E-16,0.));
#10305=DIRECTION('center_axis',(-1.224646799147E-16,-1.,4.4E-16));
#10306=DIRECTION('ref_axis',(5.388445916248E-32,4.4E-16,1.));
#10307=DIRECTION('center_axis',(-1.224646799147E-16,-1.,4.4E-16));
#10308=DIRECTION('ref_axis',(5.388445916248E-32,4.4E-16,1.));
#10309=DIRECTION('center_axis',(1.,0.,0.));
#10310=DIRECTION('ref_axis',(0.,-1.,0.));
#10311=DIRECTION('',(0.,-1.,0.));
#10312=DIRECTION('',(0.,0.,-1.));
#10313=DIRECTION('',(0.,1.,0.));
#10314=DIRECTION('center_axis',(0.,1.,0.));
#10315=DIRECTION('ref_axis',(1.,0.,0.));
#10316=DIRECTION('',(-1.,0.,0.));
#10317=DIRECTION('',(1.,0.,0.));
#10318=DIRECTION('center_axis',(0.,0.,-1.));
#10319=DIRECTION('ref_axis',(-1.,0.,0.));
#10320=DIRECTION('center_axis',(0.,0.,-1.));
#10321=DIRECTION('ref_axis',(1.,0.,0.));
#10322=DIRECTION('center_axis',(1.,0.,0.));
#10323=DIRECTION('ref_axis',(0.,-1.,0.));
#10324=DIRECTION('',(0.,-1.,0.));
#10325=DIRECTION('',(0.,0.,-1.));
#10326=DIRECTION('',(0.,1.,0.));
#10327=DIRECTION('center_axis',(0.,1.,0.));
#10328=DIRECTION('ref_axis',(1.,0.,0.));
#10329=DIRECTION('',(-1.,0.,0.));
#10330=DIRECTION('',(1.,0.,0.));
#10331=DIRECTION('center_axis',(0.,0.,-1.));
#10332=DIRECTION('ref_axis',(-1.,0.,0.));
#10333=DIRECTION('center_axis',(0.,0.,-1.));
#10334=DIRECTION('ref_axis',(1.,0.,0.));
#10335=DIRECTION('center_axis',(1.,-1.31128703695885E-15,0.));
#10336=DIRECTION('ref_axis',(-1.31128703695885E-15,-1.,0.));
#10337=DIRECTION('',(-1.31128703695885E-15,-1.,0.));
#10338=DIRECTION('',(0.,0.,-1.));
#10339=DIRECTION('',(1.31128703695885E-15,1.,0.));
#10340=DIRECTION('center_axis',(0.,1.,0.));
#10341=DIRECTION('ref_axis',(1.,0.,0.));
#10342=DIRECTION('',(-1.,0.,0.));
#10343=DIRECTION('',(1.,0.,0.));
#10344=DIRECTION('center_axis',(0.,0.,-1.));
#10345=DIRECTION('ref_axis',(-1.,0.,0.));
#10346=DIRECTION('center_axis',(0.,0.,-1.));
#10347=DIRECTION('ref_axis',(1.,0.,0.));
#10348=DIRECTION('center_axis',(1.,0.,0.));
#10349=DIRECTION('ref_axis',(0.,-1.,0.));
#10350=DIRECTION('',(0.,-1.,0.));
#10351=DIRECTION('',(0.,0.,-1.));
#10352=DIRECTION('',(0.,1.,0.));
#10353=DIRECTION('center_axis',(0.,1.,0.));
#10354=DIRECTION('ref_axis',(1.,0.,0.));
#10355=DIRECTION('',(-1.,0.,0.));
#10356=DIRECTION('',(1.,0.,0.));
#10357=DIRECTION('center_axis',(0.,0.,-1.));
#10358=DIRECTION('ref_axis',(-1.,0.,0.));
#10359=DIRECTION('center_axis',(0.,0.,-1.));
#10360=DIRECTION('ref_axis',(1.,0.,0.));
#10361=DIRECTION('center_axis',(1.,0.,0.));
#10362=DIRECTION('ref_axis',(0.,-1.,0.));
#10363=DIRECTION('',(0.,-1.,0.));
#10364=DIRECTION('',(0.,0.,-1.));
#10365=DIRECTION('',(0.,1.,0.));
#10366=DIRECTION('center_axis',(0.,1.,0.));
#10367=DIRECTION('ref_axis',(1.,0.,0.));
#10368=DIRECTION('',(-1.,0.,0.));
#10369=DIRECTION('',(1.,0.,0.));
#10370=DIRECTION('center_axis',(0.,0.,-1.));
#10371=DIRECTION('ref_axis',(-1.,0.,0.));
#10372=DIRECTION('center_axis',(0.,0.,-1.));
#10373=DIRECTION('ref_axis',(1.,0.,0.));
#10374=DIRECTION('center_axis',(1.,0.,0.));
#10375=DIRECTION('ref_axis',(0.,-1.,0.));
#10376=DIRECTION('',(0.,-1.,0.));
#10377=DIRECTION('',(0.,0.,-1.));
#10378=DIRECTION('',(0.,1.,0.));
#10379=DIRECTION('center_axis',(0.,1.,0.));
#10380=DIRECTION('ref_axis',(1.,0.,0.));
#10381=DIRECTION('',(-1.,0.,0.));
#10382=DIRECTION('',(1.,0.,0.));
#10383=DIRECTION('center_axis',(0.,0.,-1.));
#10384=DIRECTION('ref_axis',(-1.,0.,0.));
#10385=DIRECTION('center_axis',(0.,0.,-1.));
#10386=DIRECTION('ref_axis',(1.,0.,0.));
#10387=DIRECTION('center_axis',(1.,0.,0.));
#10388=DIRECTION('ref_axis',(0.,-1.,0.));
#10389=DIRECTION('',(0.,-1.,0.));
#10390=DIRECTION('',(0.,0.,-1.));
#10391=DIRECTION('',(0.,1.,0.));
#10392=DIRECTION('center_axis',(0.,1.,0.));
#10393=DIRECTION('ref_axis',(1.,0.,0.));
#10394=DIRECTION('',(-1.,0.,0.));
#10395=DIRECTION('',(1.,0.,0.));
#10396=DIRECTION('center_axis',(0.,0.,-1.));
#10397=DIRECTION('ref_axis',(-1.,0.,0.));
#10398=DIRECTION('center_axis',(0.,0.,-1.));
#10399=DIRECTION('ref_axis',(1.,0.,0.));
#10400=DIRECTION('center_axis',(1.,0.,0.));
#10401=DIRECTION('ref_axis',(0.,-1.,0.));
#10402=DIRECTION('',(0.,-1.,0.));
#10403=DIRECTION('',(0.,0.,-1.));
#10404=DIRECTION('',(0.,1.,0.));
#10405=DIRECTION('center_axis',(0.,1.,0.));
#10406=DIRECTION('ref_axis',(1.,0.,0.));
#10407=DIRECTION('',(-1.,0.,0.));
#10408=DIRECTION('',(1.,0.,0.));
#10409=DIRECTION('center_axis',(0.,0.,-1.));
#10410=DIRECTION('ref_axis',(-1.,0.,0.));
#10411=DIRECTION('center_axis',(0.,0.,-1.));
#10412=DIRECTION('ref_axis',(1.,0.,0.));
#10413=DIRECTION('center_axis',(1.,-1.224646799147E-16,0.));
#10414=DIRECTION('ref_axis',(1.224646799147E-16,1.,-2.2E-16));
#10415=DIRECTION('',(-2.694222958124E-32,-2.2E-16,-1.));
#10416=DIRECTION('',(-2.694222958124E-32,-2.2E-16,-1.));
#10417=DIRECTION('',(-2.694222958124E-32,-2.2E-16,-1.));
#10418=DIRECTION('',(-2.694222958124E-32,-2.2E-16,-1.));
#10419=DIRECTION('center_axis',(-8.65956056234946E-17,-0.707106781186548,
-0.707106781186548));
#10420=DIRECTION('ref_axis',(1.,-1.22464679914679E-16,2.10403994564417E-29));
#10421=DIRECTION('',(0.215765926001111,-0.690450963203356,0.690450963203356));
#10422=DIRECTION('',(-1.,1.224646799147E-16,0.));
#10423=DIRECTION('center_axis',(-1.224646799147E-16,-1.,2.2E-16));
#10424=DIRECTION('ref_axis',(-2.694222958124E-32,-2.2E-16,-1.));
#10425=DIRECTION('',(1.,-1.224646799147E-16,0.));
#10426=DIRECTION('',(-2.694222958124E-32,-2.2E-16,-1.));
#10427=DIRECTION('center_axis',(-8.65956056234946E-17,-0.707106781186548,
0.707106781186548));
#10428=DIRECTION('ref_axis',(-1.,1.22464679914679E-16,2.10403994564417E-29));
#10429=DIRECTION('',(0.215765926001111,-0.690450963203356,-0.690450963203356));
#10430=DIRECTION('center_axis',(0.954479978035012,0.298274993136004,-7.00000000000009E-17));
#10431=DIRECTION('ref_axis',(-0.298274993136004,0.954479978035012,-2.10000000000003E-16));
#10432=DIRECTION('center_axis',(-1.224646799147E-16,-1.,2.2E-16));
#10433=DIRECTION('ref_axis',(-2.694222958124E-32,-2.2E-16,-1.));
#10434=DIRECTION('center_axis',(1.224646799147E-16,1.,-2.2E-16));
#10435=DIRECTION('ref_axis',(1.,-1.224646799147E-16,0.));
#10436=DIRECTION('center_axis',(-2.694222958124E-32,-2.2E-16,-1.));
#10437=DIRECTION('ref_axis',(-1.,1.224646799147E-16,5.99930905039062E-45));
#10438=DIRECTION('',(-1.224646799147E-16,-1.,2.2E-16));
#10439=DIRECTION('',(-1.,1.224646799147E-16,0.));
#10440=DIRECTION('center_axis',(2.694222958124E-32,2.2E-16,1.));
#10441=DIRECTION('ref_axis',(1.,-1.224646799147E-16,-5.99930905039062E-45));
#10442=DIRECTION('',(1.,-1.224646799147E-16,0.));
#10443=DIRECTION('',(-1.224646799147E-16,-1.,2.2E-16));
#10444=DIRECTION('center_axis',(-1.224646799147E-16,-1.,2.2E-16));
#10445=DIRECTION('ref_axis',(-2.694222958124E-32,-2.2E-16,-1.));
#10446=DIRECTION('center_axis',(1.224646799147E-16,1.,-2.2E-16));
#10447=DIRECTION('ref_axis',(1.,-1.224646799147E-16,0.));
#10448=DIRECTION('center_axis',(1.224646799147E-16,1.,-2.2E-16));
#10449=DIRECTION('ref_axis',(1.,-1.224646799147E-16,0.));
#10450=DIRECTION('',(-1.224646799147E-16,-1.,2.2E-16));
#10451=DIRECTION('center_axis',(1.224646799147E-16,1.,-2.2E-16));
#10452=DIRECTION('ref_axis',(1.,-1.224646799147E-16,0.));
#10453=DIRECTION('center_axis',(-1.,1.224646799147E-16,0.));
#10454=DIRECTION('ref_axis',(2.6942229581234E-32,2.2E-16,1.));
#10455=DIRECTION('',(-1.224646799147E-16,-1.,2.2E-16));
#10456=DIRECTION('',(-2.694222958124E-32,-2.2E-16,-1.));
#10457=DIRECTION('center_axis',(-1.224646799147E-16,-1.,4.8E-16));
#10458=DIRECTION('ref_axis',(-5.878304635907E-32,-4.8E-16,-1.));
#10459=DIRECTION('',(1.,-1.224646799147E-16,0.));
#10460=DIRECTION('center_axis',(1.224646799147E-16,1.,-2.2E-16));
#10461=DIRECTION('ref_axis',(1.,-1.224646799147E-16,0.));
#10462=DIRECTION('',(-2.694222958124E-32,-2.2E-16,-1.));
#10463=DIRECTION('center_axis',(1.224646799147E-16,1.,-2.2E-16));
#10464=DIRECTION('ref_axis',(1.,-1.224646799147E-16,0.));
#10465=DIRECTION('center_axis',(1.224646799147E-16,1.,-2.2E-16));
#10466=DIRECTION('ref_axis',(1.,-1.224646799147E-16,0.));
#10467=DIRECTION('center_axis',(2.694222958124E-32,2.2E-16,1.));
#10468=DIRECTION('ref_axis',(1.,-1.224646799147E-16,-5.99930905039062E-45));
#10469=DIRECTION('',(-1.224646799147E-16,-1.,2.2E-16));
#10470=DIRECTION('center_axis',(-1.,1.224646799147E-16,0.));
#10471=DIRECTION('ref_axis',(2.6942229581234E-32,2.2E-16,1.));
#10472=DIRECTION('',(-1.224646799147E-16,-1.,2.2E-16));
#10473=DIRECTION('center_axis',(1.224646799147E-16,1.,-2.2E-16));
#10474=DIRECTION('ref_axis',(1.,-1.224646799147E-16,0.));
#10475=DIRECTION('center_axis',(1.224646799147E-16,1.,-2.2E-16));
#10476=DIRECTION('ref_axis',(1.,-1.224646799147E-16,0.));
#10477=DIRECTION('center_axis',(-1.224646799147E-16,-1.,4.4E-16));
#10478=DIRECTION('ref_axis',(-5.388445916248E-32,-4.4E-16,-1.));
#10479=DIRECTION('center_axis',(-1.224646799147E-16,-1.,4.4E-16));
#10480=DIRECTION('ref_axis',(-5.388445916248E-32,-4.4E-16,-1.));
#10481=CARTESIAN_POINT('',(0.,0.,0.));
#10482=CARTESIAN_POINT('Origin',(-0.9,1.6975,0.0999999999999994));
#10483=CARTESIAN_POINT('',(-0.9,1.8475,0.1));
#10484=CARTESIAN_POINT('',(-0.9,1.8475,0.4));
#10485=CARTESIAN_POINT('',(-0.9,1.8475,0.1));
#10486=CARTESIAN_POINT('',(-0.9,1.6975,0.4));
#10487=CARTESIAN_POINT('',(-0.9,0.5225,0.4));
#10488=CARTESIAN_POINT('',(-0.9,1.6975,0.0999999999999994));
#10489=CARTESIAN_POINT('',(-0.9,1.6975,0.0999999999999994));
#10490=CARTESIAN_POINT('',(-0.9,2.1475,0.0999999999999994));
#10491=CARTESIAN_POINT('Origin',(0.75,1.5475,0.0999999999999994));
#10492=CARTESIAN_POINT('',(0.75,1.5475,0.4));
#10493=CARTESIAN_POINT('',(-0.75,1.5475,0.4));
#10494=CARTESIAN_POINT('',(0.375,1.5475,0.4));
#10495=CARTESIAN_POINT('',(0.75,1.5475,0.0999999999999994));
#10496=CARTESIAN_POINT('',(0.75,1.5475,0.0999999999999994));
#10497=CARTESIAN_POINT('',(-0.75,1.5475,0.0999999999999994));
#10498=CARTESIAN_POINT('',(-0.75,1.5475,0.0999999999999994));
#10499=CARTESIAN_POINT('',(-0.75,1.5475,0.0999999999999994));
#10500=CARTESIAN_POINT('Origin',(0.75,1.6975,0.0999999999999994));
#10501=CARTESIAN_POINT('',(0.9,1.6975,0.4));
#10502=CARTESIAN_POINT('Origin',(0.75,1.6975,0.4));
#10503=CARTESIAN_POINT('',(0.9,1.6975,0.0999999999999994));
#10504=CARTESIAN_POINT('',(0.9,1.6975,0.0999999999999994));
#10505=CARTESIAN_POINT('Origin',(0.75,1.6975,0.0999999999999994));
#10506=CARTESIAN_POINT('Origin',(0.9,2.1475,0.0999999999999994));
#10507=CARTESIAN_POINT('',(0.9,1.8475,0.1));
#10508=CARTESIAN_POINT('',(0.9,1.8475,0.4));
#10509=CARTESIAN_POINT('',(0.9,1.8475,0.1));
#10510=CARTESIAN_POINT('',(0.9,1.6975,0.0999999999999994));
#10511=CARTESIAN_POINT('',(0.9,0.7475,0.4));
#10512=CARTESIAN_POINT('Origin',(2.42,0.1475,0.0999999999999994));
#10513=CARTESIAN_POINT('',(2.27,0.1475,0.4));
#10514=CARTESIAN_POINT('',(2.42,0.2975,0.4));
#10515=CARTESIAN_POINT('Origin',(2.42,0.1475,0.4));
#10516=CARTESIAN_POINT('',(2.27,0.1475,0.0999999999999994));
#10517=CARTESIAN_POINT('',(2.27,0.1475,0.0999999999999994));
#10518=CARTESIAN_POINT('',(2.42,0.2975,0.0999999999999994));
#10519=CARTESIAN_POINT('Origin',(2.42,0.1475,0.0999999999999994));
#10520=CARTESIAN_POINT('',(2.42,0.2975,0.0999999999999994));
#10521=CARTESIAN_POINT('Origin',(2.27,-1.3525,0.0999999999999994));
#10522=CARTESIAN_POINT('',(2.27,-1.3525,0.4));
#10523=CARTESIAN_POINT('',(2.27,-1.0025,0.4));
#10524=CARTESIAN_POINT('',(2.27,-1.3525,0.0999999999999994));
#10525=CARTESIAN_POINT('',(2.27,-1.3525,0.0999999999999994));
#10526=CARTESIAN_POINT('',(2.27,0.1475,0.0999999999999994));
#10527=CARTESIAN_POINT('Origin',(2.42,-1.3525,0.0999999999999994));
#10528=CARTESIAN_POINT('',(2.42,-1.5025,0.4));
#10529=CARTESIAN_POINT('Origin',(2.42,-1.3525,0.4));
#10530=CARTESIAN_POINT('',(2.42,-1.5025,0.0999999999999994));
#10531=CARTESIAN_POINT('',(2.42,-1.5025,0.0999999999999994));
#10532=CARTESIAN_POINT('Origin',(2.42,-1.3525,0.0999999999999994));
#10533=CARTESIAN_POINT('Origin',(-2.42,-1.3525,0.0999999999999994));
#10534=CARTESIAN_POINT('',(-2.27,-1.3525,0.4));
#10535=CARTESIAN_POINT('',(-2.42,-1.5025,0.4));
#10536=CARTESIAN_POINT('Origin',(-2.42,-1.3525,0.4));
#10537=CARTESIAN_POINT('',(-2.27,-1.3525,0.0999999999999994));
#10538=CARTESIAN_POINT('',(-2.27,-1.3525,0.0999999999999994));
#10539=CARTESIAN_POINT('',(-2.42,-1.5025,0.0999999999999994));
#10540=CARTESIAN_POINT('Origin',(-2.42,-1.3525,0.0999999999999994));
#10541=CARTESIAN_POINT('',(-2.42,-1.5025,0.0999999999999994));
#10542=CARTESIAN_POINT('Origin',(-2.27,0.1475,0.0999999999999994));
#10543=CARTESIAN_POINT('',(-2.27,0.1475,0.4));
#10544=CARTESIAN_POINT('',(-2.27,-0.2525,0.4));
#10545=CARTESIAN_POINT('',(-2.27,0.1475,0.0999999999999994));
#10546=CARTESIAN_POINT('',(-2.27,0.1475,0.0999999999999994));
#10547=CARTESIAN_POINT('',(-2.27,-1.3525,0.0999999999999994));
#10548=CARTESIAN_POINT('Origin',(-2.42,0.1475,0.0999999999999994));
#10549=CARTESIAN_POINT('',(-2.42,0.2975,0.4));
#10550=CARTESIAN_POINT('Origin',(-2.42,0.1475,0.4));
#10551=CARTESIAN_POINT('',(-2.42,0.2975,0.0999999999999994));
#10552=CARTESIAN_POINT('',(-2.42,0.2975,0.0999999999999994));
#10553=CARTESIAN_POINT('Origin',(-2.42,0.1475,0.0999999999999994));
#10554=CARTESIAN_POINT('Origin',(-0.75,1.6975,0.0999999999999994));
#10555=CARTESIAN_POINT('Origin',(-0.75,1.6975,0.4));
#10556=CARTESIAN_POINT('Origin',(-0.75,1.6975,0.0999999999999994));
#10557=CARTESIAN_POINT('Origin',(-3.49484896268065E-64,-0.6525,0.0999999999999994));
#10558=CARTESIAN_POINT('',(3.22,-1.5025,0.1));
#10559=CARTESIAN_POINT('',(2.42,-1.5025,0.0999999999999994));
#10560=CARTESIAN_POINT('',(3.22,-3.4525,0.1));
#10561=CARTESIAN_POINT('',(3.22,-3.4525,0.1));
#10562=CARTESIAN_POINT('',(-3.22,-3.4525,0.1));
#10563=CARTESIAN_POINT('',(3.22,-3.4525,0.0999999999999994));
#10564=CARTESIAN_POINT('',(-3.22,-1.5025,0.1));
#10565=CARTESIAN_POINT('',(-3.22,-3.4525,0.1));
#10566=CARTESIAN_POINT('',(-3.22,-1.5025,0.0999999999999994));
#10567=CARTESIAN_POINT('',(-3.22,0.2975,0.1));
#10568=CARTESIAN_POINT('',(-2.42,0.2975,0.0999999999999994));
#10569=CARTESIAN_POINT('',(-3.22,2.1475,0.1));
#10570=CARTESIAN_POINT('',(-3.22,-3.4525,0.1));
#10571=CARTESIAN_POINT('',(-0.9,2.1475,0.1));
#10572=CARTESIAN_POINT('',(-3.22,2.1475,0.0999999999999994));
#10573=CARTESIAN_POINT('',(-0.9,2.1475,0.1));
#10574=CARTESIAN_POINT('',(0.9,2.1475,0.1));
#10575=CARTESIAN_POINT('',(0.9,2.1475,0.1));
#10576=CARTESIAN_POINT('',(3.22,2.1475,0.1));
#10577=CARTESIAN_POINT('',(0.9,2.1475,0.0999999999999994));
#10578=CARTESIAN_POINT('',(3.22,0.2975,0.1));
#10579=CARTESIAN_POINT('',(3.22,-3.4525,0.1));
#10580=CARTESIAN_POINT('',(3.22,0.2975,0.0999999999999994));
#10581=CARTESIAN_POINT('Origin',(3.6623853403609E-33,-0.6525,0.4));
#10582=CARTESIAN_POINT('',(3.22,-3.4525,0.4));
#10583=CARTESIAN_POINT('',(3.22,-1.5025,0.4));
#10584=CARTESIAN_POINT('',(3.22,-3.4525,0.4));
#10585=CARTESIAN_POINT('',(1.61,-1.5025,0.4));
#10586=CARTESIAN_POINT('',(3.22,0.2975,0.4));
#10587=CARTESIAN_POINT('',(1.21,0.2975,0.4));
#10588=CARTESIAN_POINT('',(3.22,2.1475,0.4));
#10589=CARTESIAN_POINT('',(3.22,-3.4525,0.4));
#10590=CARTESIAN_POINT('',(0.9,2.1475,0.4));
#10591=CARTESIAN_POINT('',(1.61,2.1475,0.4));
#10592=CARTESIAN_POINT('',(0.9,-0.6525,0.4));
#10593=CARTESIAN_POINT('',(-0.9,2.1475,0.4));
#10594=CARTESIAN_POINT('',(-0.9,-0.6525,0.4));
#10595=CARTESIAN_POINT('',(-3.22,2.1475,0.4));
#10596=CARTESIAN_POINT('',(-0.45,2.1475,0.4));
#10597=CARTESIAN_POINT('',(-3.22,0.2975,0.4));
#10598=CARTESIAN_POINT('',(-3.22,-3.4525,0.4));
#10599=CARTESIAN_POINT('',(-1.61,0.2975,0.4));
#10600=CARTESIAN_POINT('',(-3.22,-1.5025,0.4));
#10601=CARTESIAN_POINT('',(-1.21,-1.5025,0.4));
#10602=CARTESIAN_POINT('',(-3.22,-3.4525,0.4));
#10603=CARTESIAN_POINT('',(-3.22,-3.4525,0.4));
#10604=CARTESIAN_POINT('',(-1.61,-3.4525,0.4));
#10605=CARTESIAN_POINT('Origin',(0.9,2.1475,0.1));
#10606=CARTESIAN_POINT('',(0.8,2.1475,0.1));
#10607=CARTESIAN_POINT('',(0.9,2.1475,0.1));
#10608=CARTESIAN_POINT('',(0.8,1.8475,0.1));
#10609=CARTESIAN_POINT('',(0.9,1.8475,0.1));
#10610=CARTESIAN_POINT('',(0.8,2.1475,0.1));
#10611=CARTESIAN_POINT('Origin',(0.9,1.8475,0.4));
#10612=CARTESIAN_POINT('',(0.8,1.8475,0.4));
#10613=CARTESIAN_POINT('',(0.9,1.8475,0.4));
#10614=CARTESIAN_POINT('',(0.8,2.1475,0.4));
#10615=CARTESIAN_POINT('',(0.9,2.1475,0.4));
#10616=CARTESIAN_POINT('',(0.8,1.8475,0.4));
#10617=CARTESIAN_POINT('Origin',(0.9,2.1475,0.4));
#10618=CARTESIAN_POINT('',(0.9,2.1475,0.1));
#10619=CARTESIAN_POINT('',(0.8,2.1475,0.4));
#10620=CARTESIAN_POINT('Origin',(0.9,1.8475,0.1));
#10621=CARTESIAN_POINT('',(0.8,1.8475,0.1));
#10622=CARTESIAN_POINT('Origin',(0.8,2.1475,0.603553390593));
#10623=CARTESIAN_POINT('',(0.443933982822,2.1475,0.247487373415));
#10624=CARTESIAN_POINT('Origin',(0.8,2.1475,0.603553390593));
#10625=CARTESIAN_POINT('',(0.443933982822,1.8475,0.247487373415));
#10626=CARTESIAN_POINT('Origin',(0.8,1.8475,0.603553390593));
#10627=CARTESIAN_POINT('',(0.443933982822,2.1475,0.247487373415));
#10628=CARTESIAN_POINT('Origin',(0.8,1.8475,0.603553390593));
#10629=CARTESIAN_POINT('',(0.656066017178,1.8475,0.459619407771));
#10630=CARTESIAN_POINT('Origin',(0.8,1.8475,0.603553390593));
#10631=CARTESIAN_POINT('',(0.656066017178,2.1475,0.459619407771));
#10632=CARTESIAN_POINT('Origin',(0.8,2.1475,0.603553390593));
#10633=CARTESIAN_POINT('',(0.656066017178,1.8475,0.459619407771));
#10634=CARTESIAN_POINT('Origin',(0.664700974963,2.1475,0.276912649374));
#10635=CARTESIAN_POINT('',(0.656066017178,2.1475,0.459619407771));
#10636=CARTESIAN_POINT('Origin',(0.664700974963,1.8475,0.276912649374));
#10637=CARTESIAN_POINT('',(0.443933982822,1.8475,0.247487373415));
#10638=CARTESIAN_POINT('Origin',(0.443933982822,2.1475,0.247487373415));
#10639=CARTESIAN_POINT('',(0.178786796564,2.1475,0.512634559673));
#10640=CARTESIAN_POINT('',(0.443933982822,2.1475,0.247487373415));
#10641=CARTESIAN_POINT('',(0.178786796564,1.8475,0.512634559673));
#10642=CARTESIAN_POINT('',(0.443933982822,1.8475,0.247487373415));
#10643=CARTESIAN_POINT('',(0.09393398282202,1.9675,0.597487373415));
#10644=CARTESIAN_POINT('Origin',(0.178786796564,1.9675,0.512634559673));
#10645=CARTESIAN_POINT('',(0.09393398282202,2.0275,0.597487373415));
#10646=CARTESIAN_POINT('',(0.09393398282202,2.1475,0.597487373415));
#10647=CARTESIAN_POINT('Origin',(0.178786796564,2.0275,0.512634559673));
#10648=CARTESIAN_POINT('Origin',(0.656066017178,1.8475,0.459619407771));
#10649=CARTESIAN_POINT('',(0.39091883092,1.8475,0.724766594029));
#10650=CARTESIAN_POINT('',(0.656066017178,1.8475,0.459619407771));
#10651=CARTESIAN_POINT('',(0.39091883092,2.1475,0.724766594029));
#10652=CARTESIAN_POINT('',(0.656066017178,2.1475,0.459619407771));
#10653=CARTESIAN_POINT('',(0.306066017178,2.0275,0.809619407771));
#10654=CARTESIAN_POINT('Origin',(0.39091883092,2.0275,0.724766594029));
#10655=CARTESIAN_POINT('',(0.306066017178,1.9675,0.809619407771));
#10656=CARTESIAN_POINT('',(0.306066017178,1.8475,0.809619407771));
#10657=CARTESIAN_POINT('Origin',(0.39091883092,1.9675,0.724766594029));
#10658=CARTESIAN_POINT('Origin',(0.656066017178,2.1475,0.459619407771));
#10659=CARTESIAN_POINT('',(0.39091883092,2.1475,0.724766594029));
#10660=CARTESIAN_POINT('Origin',(0.443933982822,1.8475,0.247487373415));
#10661=CARTESIAN_POINT('',(0.178786796564,1.8475,0.512634559673));
#10662=CARTESIAN_POINT('Origin',(0.39091883092,2.0275,0.724766594029));
#10663=CARTESIAN_POINT('',(0.306066017178,2.0275,0.809619407771));
#10664=CARTESIAN_POINT('Origin',(0.2,1.9975,0.703553390593));
#10665=CARTESIAN_POINT('',(0.09393398282202,1.9675,0.597487373415));
#10666=CARTESIAN_POINT('Origin',(0.178786796564,1.9675,0.512634559673));
#10667=CARTESIAN_POINT('Origin',(-2.459360215003,-3.4525,1.68));
#10668=CARTESIAN_POINT('',(4.47,-3.4525,1.35));
#10669=CARTESIAN_POINT('Origin',(3.22,-3.4525,1.35));
#10670=CARTESIAN_POINT('',(4.47,-3.4525,2.01));
#10671=CARTESIAN_POINT('',(4.47,-3.4525,2.01));
#10672=CARTESIAN_POINT('',(3.22,-3.4525,3.26));
#10673=CARTESIAN_POINT('Origin',(3.22,-3.4525,2.01));
#10674=CARTESIAN_POINT('',(-3.22,-3.4525,3.26));
#10675=CARTESIAN_POINT('',(-3.22,-3.4525,3.26));
#10676=CARTESIAN_POINT('',(-4.47,-3.4525,2.01));
#10677=CARTESIAN_POINT('Origin',(-3.22,-3.4525,2.01));
#10678=CARTESIAN_POINT('',(-4.47,-3.4525,1.35));
#10679=CARTESIAN_POINT('',(-4.47,-3.4525,2.01));
#10680=CARTESIAN_POINT('Origin',(-3.22,-3.4525,1.35));
#10681=CARTESIAN_POINT('',(-4.17,-3.4525,1.35));
#10682=CARTESIAN_POINT('Origin',(-3.22,-3.4525,1.35));
#10683=CARTESIAN_POINT('',(-4.17,-3.4525,2.01));
#10684=CARTESIAN_POINT('',(-4.17,-3.4525,2.01));
#10685=CARTESIAN_POINT('',(-3.22,-3.4525,2.96));
#10686=CARTESIAN_POINT('Origin',(-3.22,-3.4525,2.01));
#10687=CARTESIAN_POINT('',(3.22,-3.4525,2.96));
#10688=CARTESIAN_POINT('',(1.61,-3.4525,2.96));
#10689=CARTESIAN_POINT('',(4.17,-3.4525,2.01));
#10690=CARTESIAN_POINT('Origin',(3.22,-3.4525,2.01));
#10691=CARTESIAN_POINT('',(4.17,-3.4525,1.35));
#10692=CARTESIAN_POINT('',(4.17,-3.4525,2.01));
#10693=CARTESIAN_POINT('Origin',(3.22,-3.4525,1.35));
#10694=CARTESIAN_POINT('Origin',(-4.47,-1.5025,1.6));
#10695=CARTESIAN_POINT('',(-4.47,-1.5025,1.35));
#10696=CARTESIAN_POINT('Origin',(-3.22,-1.5025,1.35));
#10697=CARTESIAN_POINT('',(-4.47,-1.5025,1.45));
#10698=CARTESIAN_POINT('',(-4.47,-1.5025,1.6));
#10699=CARTESIAN_POINT('',(-4.17,-1.5025,1.45));
#10700=CARTESIAN_POINT('',(-4.47,-1.5025,1.45));
#10701=CARTESIAN_POINT('',(-4.17,-1.5025,1.35));
#10702=CARTESIAN_POINT('',(-4.17,-1.5025,1.805));
#10703=CARTESIAN_POINT('Origin',(-3.22,-1.5025,1.35));
#10704=CARTESIAN_POINT('Origin',(4.47,2.1475,0.1));
#10705=CARTESIAN_POINT('',(4.17,2.1475,1.35));
#10706=CARTESIAN_POINT('Origin',(3.22,2.1475,1.35));
#10707=CARTESIAN_POINT('',(4.17,2.1475,1.5));
#10708=CARTESIAN_POINT('',(4.17,2.1475,1.055));
#10709=CARTESIAN_POINT('',(4.47,2.1475,1.5));
#10710=CARTESIAN_POINT('',(4.47,2.1475,1.5));
#10711=CARTESIAN_POINT('',(4.47,2.1475,1.35));
#10712=CARTESIAN_POINT('',(4.47,2.1475,0.1));
#10713=CARTESIAN_POINT('Origin',(3.22,2.1475,1.35));
#10714=CARTESIAN_POINT('Origin',(-4.47,2.1475,0.1));
#10715=CARTESIAN_POINT('',(-4.47,2.1475,1.35));
#10716=CARTESIAN_POINT('Origin',(-3.22,2.1475,1.35));
#10717=CARTESIAN_POINT('',(-4.47,2.1475,1.5));
#10718=CARTESIAN_POINT('',(-4.47,2.1475,0.1));
#10719=CARTESIAN_POINT('',(-4.17,2.1475,1.5));
#10720=CARTESIAN_POINT('',(-4.47,2.1475,1.5));
#10721=CARTESIAN_POINT('',(-4.17,2.1475,1.35));
#10722=CARTESIAN_POINT('',(-4.17,2.1475,1.055));
#10723=CARTESIAN_POINT('Origin',(-3.22,2.1475,1.35));
#10724=CARTESIAN_POINT('',(-0.9,2.1475,0.1));
#10725=CARTESIAN_POINT('Origin',(-1.5,2.9475,3.26));
#10726=CARTESIAN_POINT('',(-1.5,2.2975,3.26));
#10727=CARTESIAN_POINT('',(-1.5,2.2975,2.96));
#10728=CARTESIAN_POINT('',(-1.5,2.2975,3.26));
#10729=CARTESIAN_POINT('',(-1.5,2.1975,3.26));
#10730=CARTESIAN_POINT('',(-1.5,2.1975,3.26));
#10731=CARTESIAN_POINT('',(-1.5,2.1975,2.96));
#10732=CARTESIAN_POINT('',(-1.5,2.1975,3.26));
#10733=CARTESIAN_POINT('',(-1.5,1.47250000000004,2.96));
#10734=CARTESIAN_POINT('Origin',(2.365,3.093525932377,3.26));
#10735=CARTESIAN_POINT('',(2.36499999999988,3.09352593237712,2.96));
#10736=CARTESIAN_POINT('',(2.57500000000012,3.30147406762288,2.96));
#10737=CARTESIAN_POINT('',(0.99397562838357,1.73589754450014,2.96));
#10738=CARTESIAN_POINT('',(2.36499999999988,3.09352593237712,3.26));
#10739=CARTESIAN_POINT('',(2.36499999999988,3.09352593237712,3.26));
#10740=CARTESIAN_POINT('',(2.57500000000012,3.30147406762288,3.26));
#10741=CARTESIAN_POINT('',(2.57500000000012,3.30147406762288,3.26));
#10742=CARTESIAN_POINT('',(2.57500000000012,3.30147406762288,3.26));
#10743=CARTESIAN_POINT('Origin',(2.01,3.452028786524,3.26));
#10744=CARTESIAN_POINT('',(2.01,2.9475,2.96));
#10745=CARTESIAN_POINT('Origin',(2.01,3.452028786524,2.96));
#10746=CARTESIAN_POINT('',(2.01,2.9475,3.26));
#10747=CARTESIAN_POINT('',(2.01,2.9475,3.26));
#10748=CARTESIAN_POINT('Origin',(2.01,3.452028786524,3.26));
#10749=CARTESIAN_POINT('Origin',(1.5,2.9475,3.26));
#10750=CARTESIAN_POINT('',(1.5,2.9475,2.96));
#10751=CARTESIAN_POINT('',(0.75,2.9475,2.96));
#10752=CARTESIAN_POINT('',(1.5,2.9475,3.26));
#10753=CARTESIAN_POINT('',(1.5,2.9475,3.26));
#10754=CARTESIAN_POINT('',(2.01,2.9475,3.26));
#10755=CARTESIAN_POINT('Origin',(1.5,2.1975,3.26));
#10756=CARTESIAN_POINT('',(1.5,2.2975,3.26));
#10757=CARTESIAN_POINT('',(1.5,2.2975,2.96));
#10758=CARTESIAN_POINT('',(1.5,2.2975,3.26));
#10759=CARTESIAN_POINT('',(1.5,2.1975,2.96));
#10760=CARTESIAN_POINT('',(1.5,1.09750000000004,2.96));
#10761=CARTESIAN_POINT('',(1.5,2.1975,3.26));
#10762=CARTESIAN_POINT('',(1.5,2.1975,3.26));
#10763=CARTESIAN_POINT('',(1.5,2.9475,3.26));
#10764=CARTESIAN_POINT('Origin',(1.35,2.1975,3.26));
#10765=CARTESIAN_POINT('',(1.35,2.0475,2.96));
#10766=CARTESIAN_POINT('Origin',(1.35,2.1975,2.96));
#10767=CARTESIAN_POINT('',(1.35,2.0475,3.26));
#10768=CARTESIAN_POINT('',(1.35,2.0475,3.26));
#10769=CARTESIAN_POINT('Origin',(1.35,2.1975,3.26));
#10770=CARTESIAN_POINT('Origin',(-1.35,2.0475,3.26));
#10771=CARTESIAN_POINT('',(-1.35,2.0475,2.96));
#10772=CARTESIAN_POINT('',(-0.675,2.0475,2.96));
#10773=CARTESIAN_POINT('',(-1.35,2.0475,3.26));
#10774=CARTESIAN_POINT('',(-1.35,2.0475,3.26));
#10775=CARTESIAN_POINT('',(1.35,2.0475,3.26));
#10776=CARTESIAN_POINT('Origin',(-1.35,2.1975,3.26));
#10777=CARTESIAN_POINT('Origin',(-1.35,2.1975,2.96));
#10778=CARTESIAN_POINT('Origin',(-1.35,2.1975,3.26));
#10779=CARTESIAN_POINT('Origin',(-2.01,2.9475,3.26));
#10780=CARTESIAN_POINT('',(-2.01,2.9475,2.96));
#10781=CARTESIAN_POINT('',(-1.5,2.9475,2.96));
#10782=CARTESIAN_POINT('',(-1.005,2.9475,2.96));
#10783=CARTESIAN_POINT('',(-2.01,2.9475,3.26));
#10784=CARTESIAN_POINT('',(-2.01,2.9475,3.26));
#10785=CARTESIAN_POINT('',(-1.5,2.9475,3.26));
#10786=CARTESIAN_POINT('',(-1.5,2.9475,3.26));
#10787=CARTESIAN_POINT('',(-1.5,2.9475,3.26));
#10788=CARTESIAN_POINT('Origin',(-2.01,3.452028786524,3.26));
#10789=CARTESIAN_POINT('',(-2.36499999999988,3.09352593237712,2.96));
#10790=CARTESIAN_POINT('Origin',(-2.01,3.452028786524,2.96));
#10791=CARTESIAN_POINT('',(-2.36499999999988,3.09352593237712,3.26));
#10792=CARTESIAN_POINT('',(-2.36499999999988,3.09352593237712,3.26));
#10793=CARTESIAN_POINT('Origin',(-2.01,3.452028786524,3.26));
#10794=CARTESIAN_POINT('Origin',(-2.575,3.301474067623,3.26));
#10795=CARTESIAN_POINT('',(-2.575,3.301474067623,2.96));
#10796=CARTESIAN_POINT('',(-1.09897562838351,1.8398716121232,2.96));
#10797=CARTESIAN_POINT('',(-2.575,3.301474067623,3.26));
#10798=CARTESIAN_POINT('',(-2.575,3.301474067623,3.26));
#10799=CARTESIAN_POINT('',(-2.36499999999988,3.09352593237712,3.26));
#10800=CARTESIAN_POINT('Origin',(-2.93,2.942971213476,3.26));
#10801=CARTESIAN_POINT('',(-2.93,3.4475,2.96));
#10802=CARTESIAN_POINT('Origin',(-2.93,2.942971213476,2.96));
#10803=CARTESIAN_POINT('',(-2.93,3.4475,3.26));
#10804=CARTESIAN_POINT('',(-2.93,3.4475,3.26));
#10805=CARTESIAN_POINT('Origin',(-2.93,2.942971213476,3.26));
#10806=CARTESIAN_POINT('Origin',(2.93,2.942971213476,3.26));
#10807=CARTESIAN_POINT('',(2.93,3.4475,2.96));
#10808=CARTESIAN_POINT('Origin',(2.93,2.942971213476,2.96));
#10809=CARTESIAN_POINT('',(2.93,3.4475,3.26));
#10810=CARTESIAN_POINT('Origin',(2.93,2.942971213476,3.26));
#10811=CARTESIAN_POINT('',(2.93,3.4475,3.26));
#10812=CARTESIAN_POINT('Origin',(0.,-0.00249999999991868,3.26));
#10813=CARTESIAN_POINT('',(-1.5,2.9475,3.26));
#10814=CARTESIAN_POINT('',(-3.22,3.4475,3.26));
#10815=CARTESIAN_POINT('',(-2.93,3.4475,3.26));
#10816=CARTESIAN_POINT('',(-3.22,-3.4525,3.26));
#10817=CARTESIAN_POINT('',(3.22,3.4475,3.26));
#10818=CARTESIAN_POINT('',(3.22,-3.4525,3.26));
#10819=CARTESIAN_POINT('',(3.22,3.4475,3.26));
#10820=CARTESIAN_POINT('',(1.5,2.9475,3.26));
#10821=CARTESIAN_POINT('Origin',(0.,-0.00249999999991868,2.96));
#10822=CARTESIAN_POINT('',(-1.5,-0.2525,2.96));
#10823=CARTESIAN_POINT('',(1.5,-0.2525,2.96));
#10824=CARTESIAN_POINT('',(3.22,3.4475,2.96));
#10825=CARTESIAN_POINT('',(1.465,3.4475,2.96));
#10826=CARTESIAN_POINT('',(3.22,-3.4525,2.96));
#10827=CARTESIAN_POINT('',(-3.22,3.4475,2.96));
#10828=CARTESIAN_POINT('',(-3.22,-3.4525,2.96));
#10829=CARTESIAN_POINT('',(-1.61,3.4475,2.96));
#10830=CARTESIAN_POINT('Origin',(-5.47,2.9775,0.34));
#10831=CARTESIAN_POINT('',(-5.47,3.2475,0.34));
#10832=CARTESIAN_POINT('',(-5.47,2.7075,0.34));
#10833=CARTESIAN_POINT('Origin',(-5.47,2.9775,0.34));
#10834=CARTESIAN_POINT('',(-5.47,3.2475,0.04));
#10835=CARTESIAN_POINT('',(-5.47,3.2475,0.34));
#10836=CARTESIAN_POINT('',(-5.47,2.7075,0.04));
#10837=CARTESIAN_POINT('Origin',(-5.47,2.9775,0.04));
#10838=CARTESIAN_POINT('',(-5.47,2.7075,0.34));
#10839=CARTESIAN_POINT('Origin',(-5.47,2.6075,0.34));
#10840=CARTESIAN_POINT('',(-5.47,2.5075,0.34));
#10841=CARTESIAN_POINT('Origin',(-5.47,2.6075,0.34));
#10842=CARTESIAN_POINT('',(-5.47,2.5075,0.04));
#10843=CARTESIAN_POINT('Origin',(-5.47,2.6075,0.04));
#10844=CARTESIAN_POINT('',(-5.47,2.5075,0.34));
#10845=CARTESIAN_POINT('Origin',(-4.62,2.5075,0.04));
#10846=CARTESIAN_POINT('',(-4.62,2.5075,0.04));
#10847=CARTESIAN_POINT('',(-4.62,2.5075,0.04));
#10848=CARTESIAN_POINT('',(-4.62,2.5075,0.34));
#10849=CARTESIAN_POINT('',(-4.62,2.5075,0.04));
#10850=CARTESIAN_POINT('',(-4.62,2.5075,0.34));
#10851=CARTESIAN_POINT('Origin',(-5.45,-0.1725,0.31));
#10852=CARTESIAN_POINT('',(-5.45,-0.2925,0.31));
#10853=CARTESIAN_POINT('',(-5.45,-0.05249999999999,0.31));
#10854=CARTESIAN_POINT('Origin',(-5.45,-0.1725,0.31));
#10855=CARTESIAN_POINT('',(-5.45,-0.0525,0.01));
#10856=CARTESIAN_POINT('',(-5.45,-0.05249999999999,0.31));
#10857=CARTESIAN_POINT('',(-5.45,-0.2925,0.01));
#10858=CARTESIAN_POINT('Origin',(-5.45,-0.1725,0.01));
#10859=CARTESIAN_POINT('',(-5.45,-0.2925,0.31));
#10860=CARTESIAN_POINT('Origin',(-5.45,-0.6025,0.31));
#10861=CARTESIAN_POINT('',(-5.45,-0.9125,0.31));
#10862=CARTESIAN_POINT('Origin',(-5.45,-0.6025,0.31));
#10863=CARTESIAN_POINT('',(-5.45,-0.9125,0.01));
#10864=CARTESIAN_POINT('Origin',(-5.45,-0.6025,0.01));
#10865=CARTESIAN_POINT('',(-5.45,-0.9125,0.31));
#10866=CARTESIAN_POINT('Origin',(-5.45,-1.0325,0.31));
#10867=CARTESIAN_POINT('',(-5.45,-1.1525,0.31));
#10868=CARTESIAN_POINT('Origin',(-5.45,-1.0325,0.31));
#10869=CARTESIAN_POINT('',(-5.45,-1.1525,0.01));
#10870=CARTESIAN_POINT('Origin',(-5.45,-1.0325,0.01));
#10871=CARTESIAN_POINT('',(-5.45,-1.1525,0.31));
#10872=CARTESIAN_POINT('Origin',(-5.57,-0.0525,0.31));
#10873=CARTESIAN_POINT('',(-4.62,-0.0525,0.31));
#10874=CARTESIAN_POINT('',(-5.57,-0.0525,0.31));
#10875=CARTESIAN_POINT('',(-4.62,-0.0525,0.01));
#10876=CARTESIAN_POINT('',(-4.62,-0.0525,0.31));
#10877=CARTESIAN_POINT('',(-5.57,-0.0525,0.01));
#10878=CARTESIAN_POINT('Origin',(-5.57,-1.1525,0.01));
#10879=CARTESIAN_POINT('',(-4.62,-1.1525,0.01));
#10880=CARTESIAN_POINT('',(-5.57,-1.1525,0.01));
#10881=CARTESIAN_POINT('',(-4.62,-1.1525,0.31));
#10882=CARTESIAN_POINT('',(-4.62,-1.1525,0.01));
#10883=CARTESIAN_POINT('',(-5.57,-1.1525,0.31));
#10884=CARTESIAN_POINT('Origin',(-5.47,3.3475,0.34));
#10885=CARTESIAN_POINT('',(-5.47,3.4475,0.34));
#10886=CARTESIAN_POINT('Origin',(-5.47,3.3475,0.34));
#10887=CARTESIAN_POINT('',(-5.47,3.4475,0.04));
#10888=CARTESIAN_POINT('',(-5.47,3.4475,0.34));
#10889=CARTESIAN_POINT('Origin',(-5.47,3.3475,0.04));
#10890=CARTESIAN_POINT('Origin',(-4.62,3.4475,0.04));
#10891=CARTESIAN_POINT('',(-4.62,3.4475,0.04));
#10892=CARTESIAN_POINT('',(-4.62,3.4475,0.04));
#10893=CARTESIAN_POINT('',(-4.62,3.4475,0.04));
#10894=CARTESIAN_POINT('Origin',(-5.57,-0.0525,0.01));
#10895=CARTESIAN_POINT('',(-4.62,-0.0525,0.01));
#10896=CARTESIAN_POINT('Origin',(-4.62,2.5075,0.34));
#10897=CARTESIAN_POINT('',(-4.62,3.4475,0.34));
#10898=CARTESIAN_POINT('',(-4.62,2.5075,0.34));
#10899=CARTESIAN_POINT('',(-4.62,3.4475,0.34));
#10900=CARTESIAN_POINT('Origin',(-4.407867965644,2.5075,0.277867965644));
#10901=CARTESIAN_POINT('',(-4.17,2.5075,0.49));
#10902=CARTESIAN_POINT('Origin',(-4.62,2.5075,0.49));
#10903=CARTESIAN_POINT('',(-4.47,2.5075,0.49));
#10904=CARTESIAN_POINT('',(-4.17,2.5075,0.49));
#10905=CARTESIAN_POINT('Origin',(-4.62,2.5075,0.49));
#10906=CARTESIAN_POINT('Origin',(-5.57,-1.1525,0.31));
#10907=CARTESIAN_POINT('',(-4.62,-1.1525,0.31));
#10908=CARTESIAN_POINT('Origin',(-4.407867965644,-0.0525,0.247867965644));
#10909=CARTESIAN_POINT('',(-4.47,-0.0525,0.46));
#10910=CARTESIAN_POINT('Origin',(-4.62,-0.0525,0.46));
#10911=CARTESIAN_POINT('',(-4.17,-0.0525,0.46));
#10912=CARTESIAN_POINT('',(-4.47,-0.0525,0.46));
#10913=CARTESIAN_POINT('Origin',(-4.62,-0.0525,0.46));
#10914=CARTESIAN_POINT('Origin',(-4.407867965644,-1.1525,0.247867965644));
#10915=CARTESIAN_POINT('',(-4.17,-1.1525,0.46));
#10916=CARTESIAN_POINT('Origin',(-4.62,-1.1525,0.46));
#10917=CARTESIAN_POINT('',(-4.47,-1.1525,0.46));
#10918=CARTESIAN_POINT('',(-4.17,-1.1525,0.46));
#10919=CARTESIAN_POINT('Origin',(-4.62,-1.1525,0.46));
#10920=CARTESIAN_POINT('Origin',(-4.62,3.4475,0.34));
#10921=CARTESIAN_POINT('',(-4.62,3.4475,0.34));
#10922=CARTESIAN_POINT('Origin',(-4.62,3.4475,0.49));
#10923=CARTESIAN_POINT('',(-4.17,3.4475,0.49));
#10924=CARTESIAN_POINT('Origin',(-4.62,3.4475,0.49));
#10925=CARTESIAN_POINT('',(-4.17,3.4475,0.49));
#10926=CARTESIAN_POINT('Origin',(-4.62,-0.0525,0.46));
#10927=CARTESIAN_POINT('',(-4.17,-0.0525,0.46));
#10928=CARTESIAN_POINT('Origin',(-4.62,2.5075,0.49));
#10929=CARTESIAN_POINT('',(-4.47,3.4475,0.49));
#10930=CARTESIAN_POINT('',(-4.47,2.5075,0.49));
#10931=CARTESIAN_POINT('Origin',(-4.62,3.4475,0.49));
#10932=CARTESIAN_POINT('Origin',(-4.17,2.3575,1.5));
#10933=CARTESIAN_POINT('',(-4.17,2.3575,1.65));
#10934=CARTESIAN_POINT('',(-4.17,2.5075,1.5));
#10935=CARTESIAN_POINT('Origin',(-4.17,2.3575,1.5));
#10936=CARTESIAN_POINT('',(-4.47,2.3575,1.65));
#10937=CARTESIAN_POINT('',(-4.17,2.3575,1.65));
#10938=CARTESIAN_POINT('',(-4.47,2.5075,1.5));
#10939=CARTESIAN_POINT('Origin',(-4.47,2.3575,1.5));
#10940=CARTESIAN_POINT('',(-4.17,2.5075,1.5));
#10941=CARTESIAN_POINT('Origin',(-4.17,2.5075,1.65));
#10942=CARTESIAN_POINT('',(-4.17,2.5075,1.65));
#10943=CARTESIAN_POINT('',(-4.47,2.5075,1.65));
#10944=CARTESIAN_POINT('Origin',(-4.47,0.0975,1.45));
#10945=CARTESIAN_POINT('',(-4.47,0.0975,1.6));
#10946=CARTESIAN_POINT('',(-4.47,-0.0525,1.45));
#10947=CARTESIAN_POINT('Origin',(-4.47,0.0975,1.45));
#10948=CARTESIAN_POINT('',(-4.17,0.0975,1.6));
#10949=CARTESIAN_POINT('',(-4.47,0.0975,1.6));
#10950=CARTESIAN_POINT('',(-4.17,-0.0525,1.45));
#10951=CARTESIAN_POINT('Origin',(-4.17,0.0975,1.45));
#10952=CARTESIAN_POINT('',(-4.47,-0.0525,1.45));
#10953=CARTESIAN_POINT('Origin',(-4.47,-0.0525,1.6));
#10954=CARTESIAN_POINT('',(-4.47,-0.0525,1.6));
#10955=CARTESIAN_POINT('',(-4.17,-0.0525,1.6));
#10956=CARTESIAN_POINT('Origin',(-4.62,-1.1525,0.46));
#10957=CARTESIAN_POINT('',(-4.47,-1.1525,0.46));
#10958=CARTESIAN_POINT('Origin',(-4.17,-1.1525,1.6));
#10959=CARTESIAN_POINT('',(-4.17,-1.1525,1.45));
#10960=CARTESIAN_POINT('',(-4.17,-1.1525,1.6));
#10961=CARTESIAN_POINT('',(-4.47,-1.1525,1.45));
#10962=CARTESIAN_POINT('',(-4.17,-1.1525,1.45));
#10963=CARTESIAN_POINT('',(-4.47,-1.1525,1.6));
#10964=CARTESIAN_POINT('Origin',(-4.17,-1.3025,1.45));
#10965=CARTESIAN_POINT('',(-4.17,-1.3025,1.6));
#10966=CARTESIAN_POINT('Origin',(-4.17,-1.3025,1.45));
#10967=CARTESIAN_POINT('',(-4.47,-1.3025,1.6));
#10968=CARTESIAN_POINT('',(-4.17,-1.3025,1.6));
#10969=CARTESIAN_POINT('Origin',(-4.47,-1.3025,1.45));
#10970=CARTESIAN_POINT('Origin',(-4.407867965644,3.4475,0.277867965644));
#10971=CARTESIAN_POINT('',(-4.47,3.4475,0.49));
#10972=CARTESIAN_POINT('Origin',(-4.17,3.4475,1.65));
#10973=CARTESIAN_POINT('',(-4.17,3.4475,1.65));
#10974=CARTESIAN_POINT('',(-4.17,3.4475,1.65));
#10975=CARTESIAN_POINT('',(-4.17,-0.6525,1.65));
#10976=CARTESIAN_POINT('Origin',(-4.17,-0.0525,1.6));
#10977=CARTESIAN_POINT('',(-4.17,-0.0525,1.6));
#10978=CARTESIAN_POINT('Origin',(-3.22,-3.4525,1.35));
#10979=CARTESIAN_POINT('',(-4.17,0.2975,1.35));
#10980=CARTESIAN_POINT('',(-4.17,-3.4525,1.35));
#10981=CARTESIAN_POINT('Origin',(-3.22,0.2975,1.35));
#10982=CARTESIAN_POINT('Origin',(-3.22,-3.4525,1.35));
#10983=CARTESIAN_POINT('',(-4.47,0.2975,1.35));
#10984=CARTESIAN_POINT('Origin',(-3.22,0.2975,1.35));
#10985=CARTESIAN_POINT('',(-4.47,-3.4525,1.35));
#10986=CARTESIAN_POINT('Origin',(-4.47,2.2975,1.5));
#10987=CARTESIAN_POINT('',(-4.47,2.2975,1.65));
#10988=CARTESIAN_POINT('Origin',(-4.47,2.2975,1.5));
#10989=CARTESIAN_POINT('',(-4.17,2.2975,1.65));
#10990=CARTESIAN_POINT('',(-4.47,2.2975,1.65));
#10991=CARTESIAN_POINT('Origin',(-4.17,2.2975,1.5));
#10992=CARTESIAN_POINT('Origin',(-4.47,0.2975,0.1));
#10993=CARTESIAN_POINT('',(-4.17,0.2975,1.45));
#10994=CARTESIAN_POINT('',(-4.17,0.2975,1.055));
#10995=CARTESIAN_POINT('',(-4.47,0.2975,1.45));
#10996=CARTESIAN_POINT('',(-4.47,0.2975,1.45));
#10997=CARTESIAN_POINT('',(-4.47,0.2975,0.1));
#10998=CARTESIAN_POINT('Origin',(-4.47,2.1475,1.65));
#10999=CARTESIAN_POINT('',(-4.47,2.1475,1.65));
#11000=CARTESIAN_POINT('',(-4.17,-0.6525,1.65));
#11001=CARTESIAN_POINT('Origin',(-4.47,0.1475,1.45));
#11002=CARTESIAN_POINT('',(-4.47,0.1475,1.6));
#11003=CARTESIAN_POINT('Origin',(-4.47,0.1475,1.45));
#11004=CARTESIAN_POINT('',(-4.17,0.1475,1.6));
#11005=CARTESIAN_POINT('Origin',(-4.17,0.1475,1.45));
#11006=CARTESIAN_POINT('',(-4.47,0.1475,1.6));
#11007=CARTESIAN_POINT('Origin',(-4.47,0.2975,1.6));
#11008=CARTESIAN_POINT('',(-4.47,0.2975,1.6));
#11009=CARTESIAN_POINT('',(-4.17,-1.5775,1.6));
#11010=CARTESIAN_POINT('Origin',(-4.47,2.5075,1.65));
#11011=CARTESIAN_POINT('',(-4.47,3.4475,1.65));
#11012=CARTESIAN_POINT('',(-4.47,2.1475,1.65));
#11013=CARTESIAN_POINT('',(-4.47,3.4475,1.65));
#11014=CARTESIAN_POINT('Origin',(-4.47,-1.1525,1.6));
#11015=CARTESIAN_POINT('',(-4.47,-1.1525,1.6));
#11016=CARTESIAN_POINT('Origin',(-4.47,0.2975,1.6));
#11017=CARTESIAN_POINT('',(-4.47,-1.3525,1.6));
#11018=CARTESIAN_POINT('',(-4.47,0.2975,1.6));
#11019=CARTESIAN_POINT('',(-4.17,-1.3525,1.6));
#11020=CARTESIAN_POINT('',(-4.17,-1.5775,1.6));
#11021=CARTESIAN_POINT('',(-4.47,-1.3525,1.6));
#11022=CARTESIAN_POINT('Origin',(-4.47,-1.3525,1.45));
#11023=CARTESIAN_POINT('Origin',(-4.47,-1.3525,1.45));
#11024=CARTESIAN_POINT('Origin',(-4.17,-1.3525,1.45));
#11025=CARTESIAN_POINT('Origin',(-4.47,3.4475,1.65));
#11026=CARTESIAN_POINT('',(-4.47,3.4475,1.65));
#11027=CARTESIAN_POINT('Origin',(-3.22,-3.4525,2.01));
#11028=CARTESIAN_POINT('',(-4.17,3.4475,2.01));
#11029=CARTESIAN_POINT('',(-4.17,-3.4525,2.01));
#11030=CARTESIAN_POINT('Origin',(-3.22,3.4475,2.01));
#11031=CARTESIAN_POINT('Origin',(-4.17,-3.4525,2.01));
#11032=CARTESIAN_POINT('',(-4.17,3.4475,2.01));
#11033=CARTESIAN_POINT('',(-4.17,-3.4525,1.35));
#11034=CARTESIAN_POINT('Origin',(-3.22,-3.4525,1.35));
#11035=CARTESIAN_POINT('Origin',(-3.22,-3.4525,1.35));
#11036=CARTESIAN_POINT('',(-4.47,-3.4525,1.35));
#11037=CARTESIAN_POINT('Origin',(-4.47,-3.4525,2.01));
#11038=CARTESIAN_POINT('',(-4.47,3.4475,2.01));
#11039=CARTESIAN_POINT('',(-4.47,-3.4525,2.01));
#11040=CARTESIAN_POINT('',(-4.47,3.4475,2.01));
#11041=CARTESIAN_POINT('Origin',(-2.459360215003,3.4475,1.68));
#11042=CARTESIAN_POINT('Origin',(-3.22,3.4475,2.01));
#11043=CARTESIAN_POINT('Origin',(-3.22,-3.4525,2.01));
#11044=CARTESIAN_POINT('Origin',(5.47,2.9775,0.34));
#11045=CARTESIAN_POINT('',(5.47,3.2475,0.34));
#11046=CARTESIAN_POINT('',(5.47,2.7075,0.34));
#11047=CARTESIAN_POINT('Origin',(5.47,2.9775,0.34));
#11048=CARTESIAN_POINT('',(5.47,2.7075,0.04));
#11049=CARTESIAN_POINT('',(5.47,2.7075,0.34));
#11050=CARTESIAN_POINT('',(5.47,3.2475,0.04));
#11051=CARTESIAN_POINT('Origin',(5.47,2.9775,0.04));
#11052=CARTESIAN_POINT('',(5.47,3.2475,0.34));
#11053=CARTESIAN_POINT('Origin',(5.47,2.6075,0.34));
#11054=CARTESIAN_POINT('',(5.47,2.5075,0.34));
#11055=CARTESIAN_POINT('Origin',(5.47,2.6075,0.34));
#11056=CARTESIAN_POINT('',(5.47,2.5075,0.04));
#11057=CARTESIAN_POINT('',(5.47,2.5075,0.34));
#11058=CARTESIAN_POINT('Origin',(5.47,2.6075,0.04));
#11059=CARTESIAN_POINT('Origin',(4.62,2.5075,0.04));
#11060=CARTESIAN_POINT('',(4.62,2.5075,0.04));
#11061=CARTESIAN_POINT('',(4.62,2.5075,0.04));
#11062=CARTESIAN_POINT('',(4.62,2.5075,0.34));
#11063=CARTESIAN_POINT('',(4.62,2.5075,0.34));
#11064=CARTESIAN_POINT('',(4.62,2.5075,0.04));
#11065=CARTESIAN_POINT('Origin',(5.45,-0.1725,0.31));
#11066=CARTESIAN_POINT('',(5.45,-0.2925,0.31));
#11067=CARTESIAN_POINT('',(5.45,-0.05249999999999,0.31));
#11068=CARTESIAN_POINT('Origin',(5.45,-0.1725,0.31));
#11069=CARTESIAN_POINT('',(5.45,-0.2925,0.01));
#11070=CARTESIAN_POINT('',(5.45,-0.2925,0.31));
#11071=CARTESIAN_POINT('',(5.45,-0.0525,0.01));
#11072=CARTESIAN_POINT('Origin',(5.45,-0.1725,0.01));
#11073=CARTESIAN_POINT('',(5.45,-0.05249999999999,0.31));
#11074=CARTESIAN_POINT('Origin',(5.45,-0.6025,0.31));
#11075=CARTESIAN_POINT('',(5.45,-0.9125,0.31));
#11076=CARTESIAN_POINT('Origin',(5.45,-0.6025,0.31));
#11077=CARTESIAN_POINT('',(5.45,-0.9125,0.01));
#11078=CARTESIAN_POINT('',(5.45,-0.9125,0.31));
#11079=CARTESIAN_POINT('Origin',(5.45,-0.6025,0.01));
#11080=CARTESIAN_POINT('Origin',(5.45,-1.0325,0.31));
#11081=CARTESIAN_POINT('',(5.45,-1.1525,0.31));
#11082=CARTESIAN_POINT('Origin',(5.45,-1.0325,0.31));
#11083=CARTESIAN_POINT('',(5.45,-1.1525,0.01));
#11084=CARTESIAN_POINT('',(5.45,-1.1525,0.31));
#11085=CARTESIAN_POINT('Origin',(5.45,-1.0325,0.01));
#11086=CARTESIAN_POINT('Origin',(5.57,-0.0525,0.31));
#11087=CARTESIAN_POINT('',(4.62,-0.0525,0.31));
#11088=CARTESIAN_POINT('',(5.57,-0.0525,0.31));
#11089=CARTESIAN_POINT('',(4.62,-0.0525,0.01));
#11090=CARTESIAN_POINT('',(5.57,-0.0525,0.01));
#11091=CARTESIAN_POINT('',(4.62,-0.0525,0.31));
#11092=CARTESIAN_POINT('Origin',(5.57,-1.1525,0.01));
#11093=CARTESIAN_POINT('',(4.62,-1.1525,0.01));
#11094=CARTESIAN_POINT('',(5.57,-1.1525,0.01));
#11095=CARTESIAN_POINT('',(4.62,-1.1525,0.31));
#11096=CARTESIAN_POINT('',(5.57,-1.1525,0.31));
#11097=CARTESIAN_POINT('',(4.62,-1.1525,0.01));
#11098=CARTESIAN_POINT('Origin',(5.47,3.3475,0.34));
#11099=CARTESIAN_POINT('',(5.47,3.4475,0.34));
#11100=CARTESIAN_POINT('Origin',(5.47,3.3475,0.34));
#11101=CARTESIAN_POINT('',(5.47,3.4475,0.04));
#11102=CARTESIAN_POINT('Origin',(5.47,3.3475,0.04));
#11103=CARTESIAN_POINT('',(5.47,3.4475,0.34));
#11104=CARTESIAN_POINT('Origin',(4.62,3.4475,0.04));
#11105=CARTESIAN_POINT('',(4.62,3.4475,0.04));
#11106=CARTESIAN_POINT('',(4.62,3.4475,0.04));
#11107=CARTESIAN_POINT('',(4.62,3.4475,0.04));
#11108=CARTESIAN_POINT('Origin',(5.57,-0.0525,0.01));
#11109=CARTESIAN_POINT('',(4.62,-0.0525,0.01));
#11110=CARTESIAN_POINT('Origin',(4.62,2.5075,0.34));
#11111=CARTESIAN_POINT('',(4.62,3.4475,0.34));
#11112=CARTESIAN_POINT('',(4.62,3.4475,0.34));
#11113=CARTESIAN_POINT('',(4.62,2.5075,0.34));
#11114=CARTESIAN_POINT('Origin',(4.407867965644,2.5075,0.277867965644));
#11115=CARTESIAN_POINT('',(4.17,2.5075,0.49));
#11116=CARTESIAN_POINT('Origin',(4.62,2.5075,0.49));
#11117=CARTESIAN_POINT('',(4.47,2.5075,0.49));
#11118=CARTESIAN_POINT('Origin',(4.62,2.5075,0.49));
#11119=CARTESIAN_POINT('',(4.17,2.5075,0.49));
#11120=CARTESIAN_POINT('Origin',(5.57,-1.1525,0.31));
#11121=CARTESIAN_POINT('',(4.62,-1.1525,0.31));
#11122=CARTESIAN_POINT('Origin',(4.407867965644,-0.0525,0.247867965644));
#11123=CARTESIAN_POINT('',(4.47,-0.0525,0.46));
#11124=CARTESIAN_POINT('Origin',(4.62,-0.0525,0.46));
#11125=CARTESIAN_POINT('',(4.17,-0.0525,0.46));
#11126=CARTESIAN_POINT('Origin',(4.62,-0.0525,0.46));
#11127=CARTESIAN_POINT('',(4.47,-0.0525,0.46));
#11128=CARTESIAN_POINT('Origin',(4.407867965644,-1.1525,0.247867965644));
#11129=CARTESIAN_POINT('',(4.17,-1.1525,0.46));
#11130=CARTESIAN_POINT('Origin',(4.62,-1.1525,0.46));
#11131=CARTESIAN_POINT('',(4.47,-1.1525,0.46));
#11132=CARTESIAN_POINT('Origin',(4.62,-1.1525,0.46));
#11133=CARTESIAN_POINT('',(4.17,-1.1525,0.46));
#11134=CARTESIAN_POINT('Origin',(4.62,3.4475,0.34));
#11135=CARTESIAN_POINT('',(4.62,3.4475,0.34));
#11136=CARTESIAN_POINT('Origin',(4.62,3.4475,0.49));
#11137=CARTESIAN_POINT('',(4.17,3.4475,0.49));
#11138=CARTESIAN_POINT('Origin',(4.62,3.4475,0.49));
#11139=CARTESIAN_POINT('',(4.17,3.4475,0.49));
#11140=CARTESIAN_POINT('Origin',(4.62,-0.0525,0.46));
#11141=CARTESIAN_POINT('',(4.17,-0.0525,0.46));
#11142=CARTESIAN_POINT('Origin',(4.62,2.5075,0.49));
#11143=CARTESIAN_POINT('',(4.47,3.4475,0.49));
#11144=CARTESIAN_POINT('Origin',(4.62,3.4475,0.49));
#11145=CARTESIAN_POINT('',(4.47,2.5075,0.49));
#11146=CARTESIAN_POINT('Origin',(4.17,2.3575,1.5));
#11147=CARTESIAN_POINT('',(4.17,2.3575,1.65));
#11148=CARTESIAN_POINT('',(4.17,2.5075,1.5));
#11149=CARTESIAN_POINT('Origin',(4.17,2.3575,1.5));
#11150=CARTESIAN_POINT('',(4.47,2.5075,1.5));
#11151=CARTESIAN_POINT('',(4.17,2.5075,1.5));
#11152=CARTESIAN_POINT('',(4.47,2.3575,1.65));
#11153=CARTESIAN_POINT('Origin',(4.47,2.3575,1.5));
#11154=CARTESIAN_POINT('',(4.17,2.3575,1.65));
#11155=CARTESIAN_POINT('Origin',(4.17,2.5075,1.65));
#11156=CARTESIAN_POINT('',(4.17,2.5075,1.65));
#11157=CARTESIAN_POINT('',(4.47,2.5075,1.65));
#11158=CARTESIAN_POINT('Origin',(4.47,0.0975,1.45));
#11159=CARTESIAN_POINT('',(4.47,0.0975,1.6));
#11160=CARTESIAN_POINT('',(4.47,-0.0525,1.45));
#11161=CARTESIAN_POINT('Origin',(4.47,0.0975,1.45));
#11162=CARTESIAN_POINT('',(4.17,-0.0525,1.45));
#11163=CARTESIAN_POINT('',(4.47,-0.0525,1.45));
#11164=CARTESIAN_POINT('',(4.17,0.0975,1.6));
#11165=CARTESIAN_POINT('Origin',(4.17,0.0975,1.45));
#11166=CARTESIAN_POINT('',(4.47,0.0975,1.6));
#11167=CARTESIAN_POINT('Origin',(4.47,-0.0525,1.6));
#11168=CARTESIAN_POINT('',(4.47,-0.0525,1.6));
#11169=CARTESIAN_POINT('',(4.17,-0.0525,1.6));
#11170=CARTESIAN_POINT('Origin',(4.62,-1.1525,0.46));
#11171=CARTESIAN_POINT('',(4.47,-1.1525,0.46));
#11172=CARTESIAN_POINT('Origin',(4.17,-1.1525,1.6));
#11173=CARTESIAN_POINT('',(4.17,-1.1525,1.45));
#11174=CARTESIAN_POINT('',(4.17,-1.1525,1.6));
#11175=CARTESIAN_POINT('',(4.47,-1.1525,1.45));
#11176=CARTESIAN_POINT('',(4.47,-1.1525,1.6));
#11177=CARTESIAN_POINT('',(4.17,-1.1525,1.45));
#11178=CARTESIAN_POINT('Origin',(4.17,-1.3025,1.45));
#11179=CARTESIAN_POINT('',(4.17,-1.3025,1.6));
#11180=CARTESIAN_POINT('Origin',(4.17,-1.3025,1.45));
#11181=CARTESIAN_POINT('',(4.47,-1.3025,1.6));
#11182=CARTESIAN_POINT('Origin',(4.47,-1.3025,1.45));
#11183=CARTESIAN_POINT('',(4.17,-1.3025,1.6));
#11184=CARTESIAN_POINT('Origin',(4.407867965644,3.4475,0.277867965644));
#11185=CARTESIAN_POINT('',(4.47,3.4475,0.49));
#11186=CARTESIAN_POINT('Origin',(4.17,3.4475,1.65));
#11187=CARTESIAN_POINT('',(4.17,3.4475,1.65));
#11188=CARTESIAN_POINT('',(4.17,-0.6525,1.65));
#11189=CARTESIAN_POINT('',(4.17,3.4475,1.65));
#11190=CARTESIAN_POINT('Origin',(4.17,-0.0525,1.6));
#11191=CARTESIAN_POINT('',(4.17,-0.0525,1.6));
#11192=CARTESIAN_POINT('Origin',(3.22,-3.4525,1.35));
#11193=CARTESIAN_POINT('',(4.17,0.2975,1.35));
#11194=CARTESIAN_POINT('Origin',(3.22,0.2975,1.35));
#11195=CARTESIAN_POINT('',(4.17,-3.4525,1.35));
#11196=CARTESIAN_POINT('Origin',(3.22,-3.4525,1.35));
#11197=CARTESIAN_POINT('',(4.47,0.2975,1.35));
#11198=CARTESIAN_POINT('',(4.47,-3.4525,1.35));
#11199=CARTESIAN_POINT('Origin',(3.22,0.2975,1.35));
#11200=CARTESIAN_POINT('Origin',(4.47,2.2975,1.5));
#11201=CARTESIAN_POINT('',(4.47,2.2975,1.65));
#11202=CARTESIAN_POINT('Origin',(4.47,2.2975,1.5));
#11203=CARTESIAN_POINT('',(4.17,2.2975,1.65));
#11204=CARTESIAN_POINT('Origin',(4.17,2.2975,1.5));
#11205=CARTESIAN_POINT('',(4.47,2.2975,1.65));
#11206=CARTESIAN_POINT('Origin',(4.47,0.2975,0.1));
#11207=CARTESIAN_POINT('',(4.47,0.2975,1.45));
#11208=CARTESIAN_POINT('',(4.47,0.2975,0.1));
#11209=CARTESIAN_POINT('',(4.17,0.2975,1.45));
#11210=CARTESIAN_POINT('',(4.47,0.2975,1.45));
#11211=CARTESIAN_POINT('',(4.17,0.2975,1.055));
#11212=CARTESIAN_POINT('Origin',(4.47,2.1475,1.65));
#11213=CARTESIAN_POINT('',(4.47,2.1475,1.65));
#11214=CARTESIAN_POINT('',(4.17,-0.6525,1.65));
#11215=CARTESIAN_POINT('Origin',(4.47,0.1475,1.45));
#11216=CARTESIAN_POINT('',(4.47,0.1475,1.6));
#11217=CARTESIAN_POINT('Origin',(4.47,0.1475,1.45));
#11218=CARTESIAN_POINT('',(4.17,0.1475,1.6));
#11219=CARTESIAN_POINT('',(4.47,0.1475,1.6));
#11220=CARTESIAN_POINT('Origin',(4.17,0.1475,1.45));
#11221=CARTESIAN_POINT('Origin',(4.47,0.2975,1.6));
#11222=CARTESIAN_POINT('',(4.47,0.2975,1.6));
#11223=CARTESIAN_POINT('',(4.17,-1.5775,1.6));
#11224=CARTESIAN_POINT('Origin',(4.47,2.5075,1.65));
#11225=CARTESIAN_POINT('',(4.47,3.4475,1.65));
#11226=CARTESIAN_POINT('',(4.47,3.4475,1.65));
#11227=CARTESIAN_POINT('',(4.47,2.1475,1.65));
#11228=CARTESIAN_POINT('Origin',(4.47,-1.1525,1.6));
#11229=CARTESIAN_POINT('',(4.47,-1.1525,1.6));
#11230=CARTESIAN_POINT('Origin',(4.47,0.2975,1.6));
#11231=CARTESIAN_POINT('',(4.47,-1.3525,1.6));
#11232=CARTESIAN_POINT('',(4.47,0.2975,1.6));
#11233=CARTESIAN_POINT('',(4.17,-1.3525,1.6));
#11234=CARTESIAN_POINT('',(4.47,-1.3525,1.6));
#11235=CARTESIAN_POINT('',(4.17,-1.5775,1.6));
#11236=CARTESIAN_POINT('Origin',(4.47,-1.3525,1.45));
#11237=CARTESIAN_POINT('',(4.47,-1.5025,1.45));
#11238=CARTESIAN_POINT('Origin',(4.47,-1.3525,1.45));
#11239=CARTESIAN_POINT('',(4.17,-1.5025,1.45));
#11240=CARTESIAN_POINT('',(4.47,-1.5025,1.45));
#11241=CARTESIAN_POINT('Origin',(4.17,-1.3525,1.45));
#11242=CARTESIAN_POINT('Origin',(4.47,-1.5025,1.6));
#11243=CARTESIAN_POINT('',(4.17,-1.5025,1.35));
#11244=CARTESIAN_POINT('Origin',(3.22,-1.5025,1.35));
#11245=CARTESIAN_POINT('',(4.17,-1.5025,1.805));
#11246=CARTESIAN_POINT('',(4.47,-1.5025,1.35));
#11247=CARTESIAN_POINT('',(4.47,-1.5025,1.6));
#11248=CARTESIAN_POINT('Origin',(3.22,-1.5025,1.35));
#11249=CARTESIAN_POINT('Origin',(4.47,3.4475,1.65));
#11250=CARTESIAN_POINT('',(4.47,3.4475,1.65));
#11251=CARTESIAN_POINT('Origin',(3.22,-3.4525,2.01));
#11252=CARTESIAN_POINT('',(4.17,3.4475,2.01));
#11253=CARTESIAN_POINT('Origin',(3.22,3.4475,2.01));
#11254=CARTESIAN_POINT('',(4.17,-3.4525,2.01));
#11255=CARTESIAN_POINT('Origin',(4.17,-3.4525,2.01));
#11256=CARTESIAN_POINT('',(4.17,-3.4525,1.35));
#11257=CARTESIAN_POINT('',(4.17,3.4475,2.01));
#11258=CARTESIAN_POINT('Origin',(3.22,-3.4525,1.35));
#11259=CARTESIAN_POINT('Origin',(3.22,-3.4525,1.35));
#11260=CARTESIAN_POINT('',(4.47,-3.4525,1.35));
#11261=CARTESIAN_POINT('Origin',(4.47,-3.4525,2.01));
#11262=CARTESIAN_POINT('',(4.47,3.4475,2.01));
#11263=CARTESIAN_POINT('',(4.47,3.4475,2.01));
#11264=CARTESIAN_POINT('',(4.47,-3.4525,2.01));
#11265=CARTESIAN_POINT('Origin',(3.22,-3.4525,2.01));
#11266=CARTESIAN_POINT('Origin',(3.22,3.4475,2.01));
#11267=CARTESIAN_POINT('Origin',(2.459360215003,3.4475,1.68));
#11268=CARTESIAN_POINT('Origin',(0.893933982822,2.9475,3.112512626585));
#11269=CARTESIAN_POINT('',(0.490883117546,2.9475,2.709461761308));
#11270=CARTESIAN_POINT('',(0.893933982822,2.9475,3.112512626585));
#11271=CARTESIAN_POINT('',(0.893933982822,2.9475,3.112512626585));
#11272=CARTESIAN_POINT('',(0.328248557873,2.7175,2.546827201635));
#11273=CARTESIAN_POINT('Origin',(0.490883117546,2.7175,2.709461761308));
#11274=CARTESIAN_POINT('',(0.328248557873,2.6775,2.546827201635));
#11275=CARTESIAN_POINT('',(0.328248557873,2.9475,2.546827201635));
#11276=CARTESIAN_POINT('',(0.490883117546,2.4475,2.709461761308));
#11277=CARTESIAN_POINT('Origin',(0.490883117546,2.6775,2.709461761308));
#11278=CARTESIAN_POINT('',(0.893933982822,2.4475,3.112512626585));
#11279=CARTESIAN_POINT('',(0.893933982822,2.4475,3.112512626585));
#11280=CARTESIAN_POINT('',(0.893933982822,2.9475,3.112512626585));
#11281=CARTESIAN_POINT('Origin',(1.106066017178,2.9475,2.900380592229));
#11282=CARTESIAN_POINT('',(0.703015151902,2.9475,2.497329726952));
#11283=CARTESIAN_POINT('',(1.106066017178,2.9475,2.900380592229));
#11284=CARTESIAN_POINT('',(1.106066017178,2.9475,2.900380592229));
#11285=CARTESIAN_POINT('',(0.703015151902,2.9475,2.497329726952));
#11286=CARTESIAN_POINT('',(1.106066017178,2.9475,2.900380592229));
#11287=CARTESIAN_POINT('Origin',(0.703015151902,2.7175,2.497329726952));
#11288=CARTESIAN_POINT('',(0.540380592229,2.7175,2.33469516728));
#11289=CARTESIAN_POINT('Origin',(0.703015151902,2.7175,2.497329726952));
#11290=CARTESIAN_POINT('',(0.540380592229,2.7175,2.33469516728));
#11291=CARTESIAN_POINT('Origin',(1.25,2.9475,2.756446609407));
#11292=CARTESIAN_POINT('',(1.25,2.9475,3.26));
#11293=CARTESIAN_POINT('Origin',(1.25,2.9475,2.756446609407));
#11294=CARTESIAN_POINT('',(1.25,2.4475,3.26));
#11295=CARTESIAN_POINT('Origin',(1.25,2.4475,2.756446609407));
#11296=CARTESIAN_POINT('',(1.25,2.9475,3.26));
#11297=CARTESIAN_POINT('Origin',(0.434314575051,2.6975,2.440761184457));
#11298=CARTESIAN_POINT('',(0.540380592229,2.6775,2.33469516728));
#11299=CARTESIAN_POINT('',(0.540380592229,2.4475,2.33469516728));
#11300=CARTESIAN_POINT('',(0.328248557873,2.6775,2.546827201635));
#11301=CARTESIAN_POINT('Origin',(0.893933982822,2.4475,3.112512626585));
#11302=CARTESIAN_POINT('',(0.703015151902,2.4475,2.497329726952));
#11303=CARTESIAN_POINT('',(0.490883117546,2.4475,2.709461761308));
#11304=CARTESIAN_POINT('',(1.106066017178,2.4475,2.900380592229));
#11305=CARTESIAN_POINT('',(1.106066017178,2.4475,2.900380592229));
#11306=CARTESIAN_POINT('',(0.893933982822,2.4475,3.112512626585));
#11307=CARTESIAN_POINT('Origin',(0.490883117546,2.6775,2.709461761308));
#11308=CARTESIAN_POINT('Origin',(0.703015151902,2.6775,2.497329726952));
#11309=CARTESIAN_POINT('Origin',(1.106066017178,2.4475,2.900380592229));
#11310=CARTESIAN_POINT('',(1.106066017178,2.4475,2.900380592229));
#11311=CARTESIAN_POINT('Origin',(1.114700974963,2.9475,3.083087350626));
#11312=CARTESIAN_POINT('',(1.25,2.9475,2.96));
#11313=CARTESIAN_POINT('Origin',(1.25,2.9475,2.756446609407));
#11314=CARTESIAN_POINT('',(1.25,2.9475,2.96));
#11315=CARTESIAN_POINT('Origin',(1.114700974963,2.4475,3.083087350626));
#11316=CARTESIAN_POINT('',(1.25,2.4475,2.96));
#11317=CARTESIAN_POINT('Origin',(1.25,2.4475,2.756446609407));
#11318=CARTESIAN_POINT('',(1.25,2.4475,3.26));
#11319=CARTESIAN_POINT('Origin',(1.25,2.9475,3.26));
#11320=CARTESIAN_POINT('',(1.35,2.4475,3.26));
#11321=CARTESIAN_POINT('',(1.25,2.4475,3.26));
#11322=CARTESIAN_POINT('Origin',(1.35,2.2975,3.26));
#11323=CARTESIAN_POINT('',(1.25,2.9475,3.26));
#11324=CARTESIAN_POINT('Origin',(1.25,2.4475,2.756446609407));
#11325=CARTESIAN_POINT('',(1.25,2.4475,2.96));
#11326=CARTESIAN_POINT('Origin',(1.25,2.9475,2.96));
#11327=CARTESIAN_POINT('',(1.25,2.9475,2.96));
#11328=CARTESIAN_POINT('Origin',(1.25,2.4475,3.26));
#11329=CARTESIAN_POINT('',(1.35,2.4475,2.96));
#11330=CARTESIAN_POINT('',(1.25,2.4475,2.96));
#11331=CARTESIAN_POINT('',(1.35,2.4475,3.26));
#11332=CARTESIAN_POINT('Origin',(1.35,2.2975,3.26));
#11333=CARTESIAN_POINT('Origin',(1.35,2.2975,2.96));
#11334=CARTESIAN_POINT('Origin',(1.25,2.4475,2.96));
#11335=CARTESIAN_POINT('Origin',(-0.893933982822,2.9475,3.112512626585));
#11336=CARTESIAN_POINT('',(-0.490883117546,2.9475,2.709461761308));
#11337=CARTESIAN_POINT('',(-0.893933982822,2.9475,3.112512626585));
#11338=CARTESIAN_POINT('',(-0.893933982822,2.9475,3.112512626585));
#11339=CARTESIAN_POINT('',(-0.893933982822,2.4475,3.112512626585));
#11340=CARTESIAN_POINT('',(-0.893933982822,2.9475,3.112512626585));
#11341=CARTESIAN_POINT('',(-0.490883117546,2.4475,2.709461761308));
#11342=CARTESIAN_POINT('',(-0.893933982822,2.4475,3.112512626585));
#11343=CARTESIAN_POINT('',(-0.328248557873,2.6775,2.546827201635));
#11344=CARTESIAN_POINT('Origin',(-0.490883117546,2.6775,2.709461761308));
#11345=CARTESIAN_POINT('',(-0.328248557873,2.7175,2.546827201635));
#11346=CARTESIAN_POINT('',(-0.328248557873,2.9475,2.546827201635));
#11347=CARTESIAN_POINT('Origin',(-0.490883117546,2.7175,2.709461761308));
#11348=CARTESIAN_POINT('Origin',(-1.106066017178,2.9475,2.900380592229));
#11349=CARTESIAN_POINT('',(-0.703015151902,2.9475,2.497329726952));
#11350=CARTESIAN_POINT('',(-1.106066017178,2.9475,2.900380592229));
#11351=CARTESIAN_POINT('',(-1.106066017178,2.9475,2.900380592229));
#11352=CARTESIAN_POINT('',(-1.106066017178,2.9475,2.900380592229));
#11353=CARTESIAN_POINT('',(-0.703015151902,2.9475,2.497329726952));
#11354=CARTESIAN_POINT('Origin',(-0.703015151902,2.7175,2.497329726952));
#11355=CARTESIAN_POINT('',(-0.540380592229,2.7175,2.33469516728));
#11356=CARTESIAN_POINT('Origin',(-0.703015151902,2.7175,2.497329726952));
#11357=CARTESIAN_POINT('',(-0.540380592229,2.7175,2.33469516728));
#11358=CARTESIAN_POINT('Origin',(-1.25,2.9475,2.756446609407));
#11359=CARTESIAN_POINT('',(-1.25,2.9475,3.26));
#11360=CARTESIAN_POINT('Origin',(-1.25,2.9475,2.756446609407));
#11361=CARTESIAN_POINT('',(-1.25,2.4475,3.26));
#11362=CARTESIAN_POINT('',(-1.25,2.9475,3.26));
#11363=CARTESIAN_POINT('Origin',(-1.25,2.4475,2.756446609407));
#11364=CARTESIAN_POINT('Origin',(-0.434314575051,2.6975,2.440761184457));
#11365=CARTESIAN_POINT('',(-0.540380592229,2.6775,2.33469516728));
#11366=CARTESIAN_POINT('',(-0.328248557873,2.6775,2.546827201635));
#11367=CARTESIAN_POINT('',(-0.540380592229,2.4475,2.33469516728));
#11368=CARTESIAN_POINT('Origin',(-0.893933982822,2.4475,3.112512626585));
#11369=CARTESIAN_POINT('',(-1.106066017178,2.4475,2.900380592229));
#11370=CARTESIAN_POINT('',(-0.893933982822,2.4475,3.112512626585));
#11371=CARTESIAN_POINT('',(-0.703015151902,2.4475,2.497329726952));
#11372=CARTESIAN_POINT('',(-1.106066017178,2.4475,2.900380592229));
#11373=CARTESIAN_POINT('',(-0.490883117546,2.4475,2.709461761308));
#11374=CARTESIAN_POINT('Origin',(-0.490883117546,2.6775,2.709461761308));
#11375=CARTESIAN_POINT('Origin',(-0.703015151902,2.6775,2.497329726952));
#11376=CARTESIAN_POINT('Origin',(-1.106066017178,2.4475,2.900380592229));
#11377=CARTESIAN_POINT('',(-1.106066017178,2.4475,2.900380592229));
#11378=CARTESIAN_POINT('Origin',(-1.114700974963,2.9475,3.083087350626));
#11379=CARTESIAN_POINT('',(-1.25,2.9475,2.96));
#11380=CARTESIAN_POINT('Origin',(-1.25,2.9475,2.756446609407));
#11381=CARTESIAN_POINT('',(-1.25,2.9475,2.96));
#11382=CARTESIAN_POINT('Origin',(-1.114700974963,2.4475,3.083087350626));
#11383=CARTESIAN_POINT('',(-1.25,2.4475,2.96));
#11384=CARTESIAN_POINT('',(-1.25,2.4475,3.26));
#11385=CARTESIAN_POINT('Origin',(-1.25,2.4475,2.756446609407));
#11386=CARTESIAN_POINT('Origin',(-1.25,2.9475,3.26));
#11387=CARTESIAN_POINT('',(-1.35,2.4475,3.26));
#11388=CARTESIAN_POINT('',(-1.25,2.4475,3.26));
#11389=CARTESIAN_POINT('',(-1.25,2.9475,3.26));
#11390=CARTESIAN_POINT('Origin',(-1.35,2.2975,3.26));
#11391=CARTESIAN_POINT('Origin',(-1.25,2.4475,2.756446609407));
#11392=CARTESIAN_POINT('',(-1.25,2.4475,2.96));
#11393=CARTESIAN_POINT('Origin',(-1.25,2.9475,2.96));
#11394=CARTESIAN_POINT('',(-1.25,2.9475,2.96));
#11395=CARTESIAN_POINT('Origin',(-1.25,2.4475,3.26));
#11396=CARTESIAN_POINT('',(-1.35,2.4475,2.96));
#11397=CARTESIAN_POINT('',(-1.35,2.4475,3.26));
#11398=CARTESIAN_POINT('',(-1.25,2.4475,2.96));
#11399=CARTESIAN_POINT('Origin',(-1.35,2.2975,3.26));
#11400=CARTESIAN_POINT('Origin',(-1.35,2.2975,2.96));
#11401=CARTESIAN_POINT('Origin',(-1.25,2.4475,2.96));
#11402=CARTESIAN_POINT('Origin',(-0.178786796564,1.9675,0.512634559673));
#11403=CARTESIAN_POINT('',(-0.178786796564,1.8475,0.512634559673));
#11404=CARTESIAN_POINT('',(-0.09393398282202,1.9675,0.597487373415));
#11405=CARTESIAN_POINT('Origin',(-0.178786796564,1.9675,0.512634559673));
#11406=CARTESIAN_POINT('',(-0.306066017178,1.9675,0.809619407771));
#11407=CARTESIAN_POINT('',(-0.09393398282202,1.9675,0.597487373415));
#11408=CARTESIAN_POINT('',(-0.39091883092,1.8475,0.724766594029));
#11409=CARTESIAN_POINT('Origin',(-0.39091883092,1.9675,0.724766594029));
#11410=CARTESIAN_POINT('',(-0.178786796564,1.8475,0.512634559673));
#11411=CARTESIAN_POINT('Origin',(-0.2,1.9975,0.703553390593));
#11412=CARTESIAN_POINT('',(-0.306066017178,2.0275,0.809619407771));
#11413=CARTESIAN_POINT('',(-0.306066017178,1.8475,0.809619407771));
#11414=CARTESIAN_POINT('',(-0.09393398282202,2.0275,0.597487373415));
#11415=CARTESIAN_POINT('',(-0.09393398282202,2.1475,0.597487373415));
#11416=CARTESIAN_POINT('',(-0.306066017178,2.0275,0.809619407771));
#11417=CARTESIAN_POINT('Origin',(-0.39091883092,2.0275,0.724766594029));
#11418=CARTESIAN_POINT('',(-0.39091883092,2.1475,0.724766594029));
#11419=CARTESIAN_POINT('Origin',(-0.39091883092,2.0275,0.724766594029));
#11420=CARTESIAN_POINT('',(-0.178786796564,2.1475,0.512634559673));
#11421=CARTESIAN_POINT('Origin',(-0.178786796564,2.0275,0.512634559673));
#11422=CARTESIAN_POINT('',(-0.39091883092,2.1475,0.724766594029));
#11423=CARTESIAN_POINT('Origin',(-0.443933982822,1.8475,0.247487373415));
#11424=CARTESIAN_POINT('',(-0.443933982822,1.8475,0.247487373415));
#11425=CARTESIAN_POINT('',(-0.443933982822,1.8475,0.247487373415));
#11426=CARTESIAN_POINT('',(-0.656066017178,1.8475,0.459619407771));
#11427=CARTESIAN_POINT('',(-0.656066017178,1.8475,0.459619407771));
#11428=CARTESIAN_POINT('',(-0.443933982822,1.8475,0.247487373415));
#11429=CARTESIAN_POINT('Origin',(-0.656066017178,2.1475,0.459619407771));
#11430=CARTESIAN_POINT('',(-0.656066017178,2.1475,0.459619407771));
#11431=CARTESIAN_POINT('',(-0.656066017178,2.1475,0.459619407771));
#11432=CARTESIAN_POINT('',(-0.443933982822,2.1475,0.247487373415));
#11433=CARTESIAN_POINT('',(-0.443933982822,2.1475,0.247487373415));
#11434=CARTESIAN_POINT('',(-0.656066017178,2.1475,0.459619407771));
#11435=CARTESIAN_POINT('Origin',(-0.656066017178,1.8475,0.459619407771));
#11436=CARTESIAN_POINT('',(-0.656066017178,1.8475,0.459619407771));
#11437=CARTESIAN_POINT('Origin',(-0.443933982822,2.1475,0.247487373415));
#11438=CARTESIAN_POINT('',(-0.443933982822,2.1475,0.247487373415));
#11439=CARTESIAN_POINT('Origin',(-0.664700974963,1.8475,0.276912649374));
#11440=CARTESIAN_POINT('',(-0.8,1.8475,0.1));
#11441=CARTESIAN_POINT('Origin',(-0.8,1.8475,0.603553390593));
#11442=CARTESIAN_POINT('',(-0.8,1.8475,0.4));
#11443=CARTESIAN_POINT('Origin',(-0.8,1.8475,0.603553390593));
#11444=CARTESIAN_POINT('',(-0.8,1.8475,0.1));
#11445=CARTESIAN_POINT('Origin',(-0.664700974963,2.1475,0.276912649374));
#11446=CARTESIAN_POINT('',(-0.8,2.1475,0.4));
#11447=CARTESIAN_POINT('Origin',(-0.8,2.1475,0.603553390593));
#11448=CARTESIAN_POINT('',(-0.8,2.1475,0.1));
#11449=CARTESIAN_POINT('Origin',(-0.8,2.1475,0.603553390593));
#11450=CARTESIAN_POINT('',(-0.8,2.1475,0.4));
#11451=CARTESIAN_POINT('Origin',(-0.8,1.8475,0.603553390593));
#11452=CARTESIAN_POINT('',(-0.8,1.8475,0.4));
#11453=CARTESIAN_POINT('Origin',(-0.8,2.1475,0.603553390593));
#11454=CARTESIAN_POINT('',(-0.8,2.1475,0.1));
#11455=CARTESIAN_POINT('Origin',(-0.9,1.8475,0.1));
#11456=CARTESIAN_POINT('',(-0.9,1.8475,0.1));
#11457=CARTESIAN_POINT('',(-0.9,1.8475,0.4));
#11458=CARTESIAN_POINT('Origin',(-0.9,2.1475,0.4));
#11459=CARTESIAN_POINT('',(-0.9,2.1475,0.4));
#11460=CARTESIAN_POINT('',(-0.9,2.1475,0.1));
#11461=CARTESIAN_POINT('Origin',(-0.9,1.8475,0.4));
#11462=CARTESIAN_POINT('Origin',(-0.9,2.1475,0.1));
#11463=CARTESIAN_POINT('Origin',(-3.6,2.2465,0.0890000000000013));
#11464=CARTESIAN_POINT('',(-0.15,2.9375,0.0890000000000013));
#11465=CARTESIAN_POINT('',(-0.15,2.635,0.0890000000000013));
#11466=CARTESIAN_POINT('',(-0.15,2.75825,0.0890000000000013));
#11467=CARTESIAN_POINT('',(0.15,2.9375,0.0890000000000013));
#11468=CARTESIAN_POINT('',(-3.6,2.9375,0.0890000000000013));
#11469=CARTESIAN_POINT('',(0.15,2.635,0.0890000000000013));
#11470=CARTESIAN_POINT('',(0.15,2.75825,0.0890000000000013));
#11471=CARTESIAN_POINT('',(0.35,2.635,0.0890000000000013));
#11472=CARTESIAN_POINT('',(-1.725,2.635,0.0890000000000013));
#11473=CARTESIAN_POINT('',(0.35,2.9375,0.0890000000000013));
#11474=CARTESIAN_POINT('',(0.35,2.44075,0.0890000000000013));
#11475=CARTESIAN_POINT('',(0.65,2.9375,0.0890000000000013));
#11476=CARTESIAN_POINT('',(-3.6,2.9375,0.0890000000000013));
#11477=CARTESIAN_POINT('',(0.65,2.635,0.0890000000000013));
#11478=CARTESIAN_POINT('',(0.65,2.75825,0.0890000000000013));
#11479=CARTESIAN_POINT('',(0.85,2.635,0.0890000000000013));
#11480=CARTESIAN_POINT('',(-1.475,2.635,0.0890000000000013));
#11481=CARTESIAN_POINT('',(0.85,2.9375,0.0890000000000013));
#11482=CARTESIAN_POINT('',(0.85,2.44075,0.0890000000000013));
#11483=CARTESIAN_POINT('',(1.15,2.9375,0.0890000000000013));
#11484=CARTESIAN_POINT('',(-3.6,2.9375,0.0890000000000013));
#11485=CARTESIAN_POINT('',(1.15,2.635,0.0890000000000013));
#11486=CARTESIAN_POINT('',(1.15,2.75825,0.0890000000000013));
#11487=CARTESIAN_POINT('',(1.35,2.635,0.0890000000000013));
#11488=CARTESIAN_POINT('',(-1.225,2.635,0.0890000000000013));
#11489=CARTESIAN_POINT('',(1.35,2.9375,0.0890000000000013));
#11490=CARTESIAN_POINT('',(1.35,2.44075,0.0890000000000013));
#11491=CARTESIAN_POINT('',(1.65,2.9375,0.0890000000000013));
#11492=CARTESIAN_POINT('',(-3.6,2.9375,0.0890000000000013));
#11493=CARTESIAN_POINT('',(1.65,2.635,0.0890000000000013));
#11494=CARTESIAN_POINT('',(1.65,2.75825,0.0890000000000013));
#11495=CARTESIAN_POINT('',(1.85,2.635,0.0890000000000013));
#11496=CARTESIAN_POINT('',(-0.975,2.635,0.0890000000000013));
#11497=CARTESIAN_POINT('',(1.85,2.9375,0.0890000000000013));
#11498=CARTESIAN_POINT('',(1.85,2.44075,0.0890000000000013));
#11499=CARTESIAN_POINT('',(2.175,2.9375,0.0890000000000013));
#11500=CARTESIAN_POINT('',(-3.6,2.9375,0.0890000000000013));
#11501=CARTESIAN_POINT('',(2.175,2.635,0.0890000000000013));
#11502=CARTESIAN_POINT('',(2.175,2.75825,0.0890000000000013));
#11503=CARTESIAN_POINT('',(2.375,2.635,0.0890000000000013));
#11504=CARTESIAN_POINT('',(-0.7125,2.635,0.0890000000000013));
#11505=CARTESIAN_POINT('',(2.375,2.9375,0.0890000000000013));
#11506=CARTESIAN_POINT('',(2.375,2.44075,0.0890000000000013));
#11507=CARTESIAN_POINT('',(2.425,2.9375,0.0890000000000013));
#11508=CARTESIAN_POINT('',(-3.6,2.9375,0.0890000000000013));
#11509=CARTESIAN_POINT('',(2.425,2.635,0.0890000000000013));
#11510=CARTESIAN_POINT('',(2.425,2.75825,0.0890000000000013));
#11511=CARTESIAN_POINT('',(2.625,2.635,0.0890000000000013));
#11512=CARTESIAN_POINT('',(-0.5875,2.635,0.0890000000000013));
#11513=CARTESIAN_POINT('',(2.625,2.9375,0.0890000000000013));
#11514=CARTESIAN_POINT('',(2.625,2.44075,0.0890000000000013));
#11515=CARTESIAN_POINT('',(2.975,2.9375,0.0890000000000013));
#11516=CARTESIAN_POINT('',(-3.6,2.9375,0.0890000000000013));
#11517=CARTESIAN_POINT('',(2.975,2.635,0.0890000000000013));
#11518=CARTESIAN_POINT('',(2.975,2.75825,0.0890000000000013));
#11519=CARTESIAN_POINT('',(3.175,2.635,0.0890000000000013));
#11520=CARTESIAN_POINT('',(-0.312500000000001,2.635,0.0890000000000013));
#11521=CARTESIAN_POINT('',(3.175,2.9375,0.0890000000000013));
#11522=CARTESIAN_POINT('',(3.175,2.44075,0.0890000000000013));
#11523=CARTESIAN_POINT('',(3.225,2.9375,0.0890000000000013));
#11524=CARTESIAN_POINT('',(-3.6,2.9375,0.0890000000000013));
#11525=CARTESIAN_POINT('',(3.225,2.635,0.0890000000000013));
#11526=CARTESIAN_POINT('',(3.225,2.75825,0.0890000000000013));
#11527=CARTESIAN_POINT('',(3.425,2.635,0.0890000000000013));
#11528=CARTESIAN_POINT('',(-0.1875,2.635,0.0890000000000013));
#11529=CARTESIAN_POINT('',(3.425,2.9375,0.0890000000000013));
#11530=CARTESIAN_POINT('',(3.425,2.44075,0.0890000000000013));
#11531=CARTESIAN_POINT('',(3.6,2.9375,0.0890000000000013));
#11532=CARTESIAN_POINT('',(-3.6,2.9375,0.0890000000000013));
#11533=CARTESIAN_POINT('',(3.6,2.2465,0.0890000000000013));
#11534=CARTESIAN_POINT('',(3.6,2.41925,0.0890000000000012));
#11535=CARTESIAN_POINT('',(-3.6,2.2465,0.0890000000000013));
#11536=CARTESIAN_POINT('',(-3.6,2.2465,0.0890000000000013));
#11537=CARTESIAN_POINT('',(-3.6,2.9375,0.0890000000000013));
#11538=CARTESIAN_POINT('',(-3.6,2.2465,0.0890000000000013));
#11539=CARTESIAN_POINT('',(-3.425,2.9375,0.0890000000000013));
#11540=CARTESIAN_POINT('',(-3.6,2.9375,0.0890000000000013));
#11541=CARTESIAN_POINT('',(-3.425,2.635,0.0890000000000013));
#11542=CARTESIAN_POINT('',(-3.425,2.44075,0.0890000000000013));
#11543=CARTESIAN_POINT('',(-3.225,2.635,0.0890000000000013));
#11544=CARTESIAN_POINT('',(-3.4125,2.635,0.0890000000000013));
#11545=CARTESIAN_POINT('',(-3.225,2.9375,0.0890000000000013));
#11546=CARTESIAN_POINT('',(-3.225,2.75825,0.0890000000000013));
#11547=CARTESIAN_POINT('',(-3.175,2.9375,0.0890000000000013));
#11548=CARTESIAN_POINT('',(-3.6,2.9375,0.0890000000000013));
#11549=CARTESIAN_POINT('',(-3.175,2.635,0.0890000000000013));
#11550=CARTESIAN_POINT('',(-3.175,2.44075,0.0890000000000013));
#11551=CARTESIAN_POINT('',(-2.975,2.635,0.0890000000000013));
#11552=CARTESIAN_POINT('',(-3.2875,2.635,0.0890000000000013));
#11553=CARTESIAN_POINT('',(-2.975,2.9375,0.0890000000000013));
#11554=CARTESIAN_POINT('',(-2.975,2.75825,0.0890000000000013));
#11555=CARTESIAN_POINT('',(-2.625,2.9375,0.0890000000000013));
#11556=CARTESIAN_POINT('',(-3.6,2.9375,0.0890000000000013));
#11557=CARTESIAN_POINT('',(-2.625,2.635,0.0890000000000013));
#11558=CARTESIAN_POINT('',(-2.625,2.44075,0.0890000000000013));
#11559=CARTESIAN_POINT('',(-2.425,2.635,0.0890000000000013));
#11560=CARTESIAN_POINT('',(-3.0125,2.635,0.0890000000000013));
#11561=CARTESIAN_POINT('',(-2.425,2.9375,0.0890000000000013));
#11562=CARTESIAN_POINT('',(-2.425,2.75825,0.0890000000000013));
#11563=CARTESIAN_POINT('',(-2.375,2.9375,0.0890000000000013));
#11564=CARTESIAN_POINT('',(-3.6,2.9375,0.0890000000000013));
#11565=CARTESIAN_POINT('',(-2.375,2.635,0.0890000000000013));
#11566=CARTESIAN_POINT('',(-2.375,2.44075,0.0890000000000013));
#11567=CARTESIAN_POINT('',(-2.175,2.635,0.0890000000000013));
#11568=CARTESIAN_POINT('',(-2.8875,2.635,0.0890000000000013));
#11569=CARTESIAN_POINT('',(-2.175,2.9375,0.0890000000000013));
#11570=CARTESIAN_POINT('',(-2.175,2.75825,0.0890000000000013));
#11571=CARTESIAN_POINT('',(-1.85,2.9375,0.0890000000000013));
#11572=CARTESIAN_POINT('',(-3.6,2.9375,0.0890000000000013));
#11573=CARTESIAN_POINT('',(-1.85,2.635,0.0890000000000013));
#11574=CARTESIAN_POINT('',(-1.85,2.44075,0.0890000000000013));
#11575=CARTESIAN_POINT('',(-1.65,2.635,0.0890000000000013));
#11576=CARTESIAN_POINT('',(-2.625,2.635,0.0890000000000013));
#11577=CARTESIAN_POINT('',(-1.65,2.9375,0.0890000000000013));
#11578=CARTESIAN_POINT('',(-1.65,2.75825,0.0890000000000013));
#11579=CARTESIAN_POINT('',(-1.35,2.9375,0.0890000000000013));
#11580=CARTESIAN_POINT('',(-3.6,2.9375,0.0890000000000013));
#11581=CARTESIAN_POINT('',(-1.35,2.635,0.0890000000000013));
#11582=CARTESIAN_POINT('',(-1.35,2.44075,0.0890000000000013));
#11583=CARTESIAN_POINT('',(-1.15,2.635,0.0890000000000013));
#11584=CARTESIAN_POINT('',(-2.375,2.635,0.0890000000000013));
#11585=CARTESIAN_POINT('',(-1.15,2.9375,0.0890000000000013));
#11586=CARTESIAN_POINT('',(-1.15,2.75825,0.0890000000000013));
#11587=CARTESIAN_POINT('',(-0.85,2.9375,0.0890000000000013));
#11588=CARTESIAN_POINT('',(-3.6,2.9375,0.0890000000000013));
#11589=CARTESIAN_POINT('',(-0.85,2.635,0.0890000000000013));
#11590=CARTESIAN_POINT('',(-0.85,2.44075,0.0890000000000013));
#11591=CARTESIAN_POINT('',(-0.65,2.635,0.0890000000000013));
#11592=CARTESIAN_POINT('',(-2.125,2.635,0.0890000000000013));
#11593=CARTESIAN_POINT('',(-0.65,2.9375,0.0890000000000013));
#11594=CARTESIAN_POINT('',(-0.65,2.75825,0.0890000000000013));
#11595=CARTESIAN_POINT('',(-0.35,2.9375,0.0890000000000013));
#11596=CARTESIAN_POINT('',(-3.6,2.9375,0.0890000000000013));
#11597=CARTESIAN_POINT('',(-0.35,2.635,0.0890000000000013));
#11598=CARTESIAN_POINT('',(-0.35,2.44075,0.0890000000000013));
#11599=CARTESIAN_POINT('',(-1.875,2.635,0.0890000000000013));
#11600=CARTESIAN_POINT('Origin',(-3.6,2.2465,0.47));
#11601=CARTESIAN_POINT('',(3.6,2.2465,0.47));
#11602=CARTESIAN_POINT('',(3.6,2.2465,0.37475));
#11603=CARTESIAN_POINT('',(-3.6,2.2465,0.47));
#11604=CARTESIAN_POINT('',(-1.8,2.2465,0.47));
#11605=CARTESIAN_POINT('',(-3.6,2.2465,0.47));
#11606=CARTESIAN_POINT('Origin',(-0.15,2.635,0.09));
#11607=CARTESIAN_POINT('',(-0.35,2.635,-0.03));
#11608=CARTESIAN_POINT('',(-0.35,2.635,0.09));
#11609=CARTESIAN_POINT('',(-0.15,2.635,-0.03));
#11610=CARTESIAN_POINT('',(-0.35,2.635,-0.03));
#11611=CARTESIAN_POINT('',(-0.15,2.635,0.09));
#11612=CARTESIAN_POINT('Origin',(0.15,3.27,0.09));
#11613=CARTESIAN_POINT('',(0.15,2.93749999999999,0.0900000000000006));
#11614=CARTESIAN_POINT('',(0.15,2.9375,0.0895000000000006));
#11615=CARTESIAN_POINT('',(0.15,3.27,0.09));
#11616=CARTESIAN_POINT('',(0.15,2.93375,0.0899999999999998));
#11617=CARTESIAN_POINT('',(0.15,3.27,-0.03));
#11618=CARTESIAN_POINT('',(0.15,3.27,0.09));
#11619=CARTESIAN_POINT('',(0.15,2.635,-0.03));
#11620=CARTESIAN_POINT('',(0.15,2.635,-0.03));
#11621=CARTESIAN_POINT('',(0.15,2.635,0.09));
#11622=CARTESIAN_POINT('Origin',(-0.35,2.635,0.09));
#11623=CARTESIAN_POINT('',(-0.35,2.93749999999999,0.0900000000000006));
#11624=CARTESIAN_POINT('',(-0.35,2.9375,0.0895000000000006));
#11625=CARTESIAN_POINT('',(-0.35,3.27,0.09));
#11626=CARTESIAN_POINT('',(-0.35,2.61625,0.09));
#11627=CARTESIAN_POINT('',(-0.35,3.27,-0.03));
#11628=CARTESIAN_POINT('',(-0.35,3.27,0.09));
#11629=CARTESIAN_POINT('',(-0.35,3.27,-0.03));
#11630=CARTESIAN_POINT('Origin',(-0.65,2.635,0.09));
#11631=CARTESIAN_POINT('',(-0.85,2.635,-0.03));
#11632=CARTESIAN_POINT('',(-0.85,2.635,0.09));
#11633=CARTESIAN_POINT('',(-0.65,2.635,-0.03));
#11634=CARTESIAN_POINT('',(-0.85,2.635,-0.03));
#11635=CARTESIAN_POINT('',(-0.65,2.635,0.09));
#11636=CARTESIAN_POINT('Origin',(0.65,3.27,0.09));
#11637=CARTESIAN_POINT('',(0.65,2.93749999999999,0.0900000000000007));
#11638=CARTESIAN_POINT('',(0.65,2.9375,0.0895000000000006));
#11639=CARTESIAN_POINT('',(0.65,3.27,0.09));
#11640=CARTESIAN_POINT('',(0.65,2.93375,0.0899999999999998));
#11641=CARTESIAN_POINT('',(0.65,3.27,-0.03));
#11642=CARTESIAN_POINT('',(0.65,3.27,0.09));
#11643=CARTESIAN_POINT('',(0.65,2.635,-0.03));
#11644=CARTESIAN_POINT('',(0.65,2.635,-0.03));
#11645=CARTESIAN_POINT('',(0.65,2.635,0.09));
#11646=CARTESIAN_POINT('Origin',(-0.85,2.635,0.09));
#11647=CARTESIAN_POINT('',(-0.85,2.93749999999999,0.0900000000000004));
#11648=CARTESIAN_POINT('',(-0.85,2.9375,0.0895000000000006));
#11649=CARTESIAN_POINT('',(-0.85,3.27,0.09));
#11650=CARTESIAN_POINT('',(-0.85,2.61625,0.09));
#11651=CARTESIAN_POINT('',(-0.85,3.27,-0.03));
#11652=CARTESIAN_POINT('',(-0.85,3.27,0.09));
#11653=CARTESIAN_POINT('',(-0.85,3.27,-0.03));
#11654=CARTESIAN_POINT('Origin',(-1.15,2.635,0.09));
#11655=CARTESIAN_POINT('',(-1.35,2.635,-0.03));
#11656=CARTESIAN_POINT('',(-1.35,2.635,0.09));
#11657=CARTESIAN_POINT('',(-1.15,2.635,-0.03));
#11658=CARTESIAN_POINT('',(-1.35,2.635,-0.03));
#11659=CARTESIAN_POINT('',(-1.15,2.635,0.09));
#11660=CARTESIAN_POINT('Origin',(1.15,3.27,0.09));
#11661=CARTESIAN_POINT('',(1.15,2.93749999999999,0.0900000000000008));
#11662=CARTESIAN_POINT('',(1.15,2.9375,0.0895000000000006));
#11663=CARTESIAN_POINT('',(1.15,3.27,0.09));
#11664=CARTESIAN_POINT('',(1.15,2.93375,0.0899999999999998));
#11665=CARTESIAN_POINT('',(1.15,3.27,-0.03));
#11666=CARTESIAN_POINT('',(1.15,3.27,0.09));
#11667=CARTESIAN_POINT('',(1.15,2.635,-0.03));
#11668=CARTESIAN_POINT('',(1.15,2.635,-0.03));
#11669=CARTESIAN_POINT('',(1.15,2.635,0.09));
#11670=CARTESIAN_POINT('Origin',(-1.35,2.635,0.09));
#11671=CARTESIAN_POINT('',(-1.35,2.93749999999998,0.0900000000000003));
#11672=CARTESIAN_POINT('',(-1.35,2.9375,0.0895000000000006));
#11673=CARTESIAN_POINT('',(-1.35,3.27,0.09));
#11674=CARTESIAN_POINT('',(-1.35,2.61625,0.09));
#11675=CARTESIAN_POINT('',(-1.35,3.27,-0.03));
#11676=CARTESIAN_POINT('',(-1.35,3.27,0.09));
#11677=CARTESIAN_POINT('',(-1.35,3.27,-0.03));
#11678=CARTESIAN_POINT('Origin',(-1.65,2.635,0.09));
#11679=CARTESIAN_POINT('',(-1.85,2.635,-0.03));
#11680=CARTESIAN_POINT('',(-1.85,2.635,0.09));
#11681=CARTESIAN_POINT('',(-1.65,2.635,-0.03));
#11682=CARTESIAN_POINT('',(-1.85,2.635,-0.03));
#11683=CARTESIAN_POINT('',(-1.65,2.635,0.09));
#11684=CARTESIAN_POINT('Origin',(1.65,3.27,0.09));
#11685=CARTESIAN_POINT('',(1.65,2.93749999999999,0.0900000000000009));
#11686=CARTESIAN_POINT('',(1.65,2.9375,0.0895000000000006));
#11687=CARTESIAN_POINT('',(1.65,3.27,0.09));
#11688=CARTESIAN_POINT('',(1.65,2.93375,0.0899999999999998));
#11689=CARTESIAN_POINT('',(1.65,3.27,-0.03));
#11690=CARTESIAN_POINT('',(1.65,3.27,0.09));
#11691=CARTESIAN_POINT('',(1.65,2.635,-0.03));
#11692=CARTESIAN_POINT('',(1.65,2.635,-0.03));
#11693=CARTESIAN_POINT('',(1.65,2.635,0.09));
#11694=CARTESIAN_POINT('Origin',(-1.85,2.635,0.09));
#11695=CARTESIAN_POINT('',(-1.85,2.93749999999998,0.0900000000000002));
#11696=CARTESIAN_POINT('',(-1.85,2.9375,0.0895000000000006));
#11697=CARTESIAN_POINT('',(-1.85,3.27,0.09));
#11698=CARTESIAN_POINT('',(-1.85,2.61625,0.09));
#11699=CARTESIAN_POINT('',(-1.85,3.27,-0.03));
#11700=CARTESIAN_POINT('',(-1.85,3.27,0.09));
#11701=CARTESIAN_POINT('',(-1.85,3.27,-0.03));
#11702=CARTESIAN_POINT('Origin',(-2.175,2.635,0.09));
#11703=CARTESIAN_POINT('',(-2.375,2.635,-0.03));
#11704=CARTESIAN_POINT('',(-2.375,2.635,0.09));
#11705=CARTESIAN_POINT('',(-2.175,2.635,-0.03));
#11706=CARTESIAN_POINT('',(-2.375,2.635,-0.03));
#11707=CARTESIAN_POINT('',(-2.175,2.635,0.09));
#11708=CARTESIAN_POINT('Origin',(2.175,3.27,0.09));
#11709=CARTESIAN_POINT('',(2.175,2.9375,0.0900000000000011));
#11710=CARTESIAN_POINT('',(2.175,2.9375,0.0895000000000006));
#11711=CARTESIAN_POINT('',(2.175,3.27,0.09));
#11712=CARTESIAN_POINT('',(2.175,2.93375,0.0899999999999998));
#11713=CARTESIAN_POINT('',(2.175,3.27,-0.03));
#11714=CARTESIAN_POINT('',(2.175,3.27,0.09));
#11715=CARTESIAN_POINT('',(2.175,2.635,-0.03));
#11716=CARTESIAN_POINT('',(2.175,2.635,-0.03));
#11717=CARTESIAN_POINT('',(2.175,2.635,0.09));
#11718=CARTESIAN_POINT('Origin',(-2.375,2.635,0.09));
#11719=CARTESIAN_POINT('',(-2.375,2.93749999999998,0.0900000000000001));
#11720=CARTESIAN_POINT('',(-2.375,2.9375,0.0895000000000006));
#11721=CARTESIAN_POINT('',(-2.375,3.27,0.09));
#11722=CARTESIAN_POINT('',(-2.375,2.61625,0.09));
#11723=CARTESIAN_POINT('',(-2.375,3.27,-0.03));
#11724=CARTESIAN_POINT('',(-2.375,3.27,0.09));
#11725=CARTESIAN_POINT('',(-2.375,3.27,-0.03));
#11726=CARTESIAN_POINT('Origin',(-2.425,2.635,0.09));
#11727=CARTESIAN_POINT('',(-2.625,2.635,-0.03));
#11728=CARTESIAN_POINT('',(-2.625,2.635,0.09));
#11729=CARTESIAN_POINT('',(-2.425,2.635,-0.03));
#11730=CARTESIAN_POINT('',(-2.625,2.635,-0.03));
#11731=CARTESIAN_POINT('',(-2.425,2.635,0.09));
#11732=CARTESIAN_POINT('Origin',(2.425,3.27,0.09));
#11733=CARTESIAN_POINT('',(2.425,2.9375,0.0900000000000011));
#11734=CARTESIAN_POINT('',(2.425,2.9375,0.0895000000000006));
#11735=CARTESIAN_POINT('',(2.425,3.27,0.09));
#11736=CARTESIAN_POINT('',(2.425,2.93375,0.0899999999999998));
#11737=CARTESIAN_POINT('',(2.425,3.27,-0.03));
#11738=CARTESIAN_POINT('',(2.425,3.27,0.09));
#11739=CARTESIAN_POINT('',(2.425,2.635,-0.03));
#11740=CARTESIAN_POINT('',(2.425,2.635,-0.03));
#11741=CARTESIAN_POINT('',(2.425,2.635,0.09));
#11742=CARTESIAN_POINT('Origin',(-2.625,2.635,0.09));
#11743=CARTESIAN_POINT('',(-2.625,2.93749999999998,0.0900000000000001));
#11744=CARTESIAN_POINT('',(-2.625,2.9375,0.0895000000000006));
#11745=CARTESIAN_POINT('',(-2.625,3.27,0.09));
#11746=CARTESIAN_POINT('',(-2.625,2.61625,0.09));
#11747=CARTESIAN_POINT('',(-2.625,3.27,-0.03));
#11748=CARTESIAN_POINT('',(-2.625,3.27,0.09));
#11749=CARTESIAN_POINT('',(-2.625,3.27,-0.03));
#11750=CARTESIAN_POINT('Origin',(-2.975,2.635,0.09));
#11751=CARTESIAN_POINT('',(-3.175,2.635,-0.03));
#11752=CARTESIAN_POINT('',(-3.175,2.635,0.09));
#11753=CARTESIAN_POINT('',(-2.975,2.635,-0.03));
#11754=CARTESIAN_POINT('',(-3.175,2.635,-0.03));
#11755=CARTESIAN_POINT('',(-2.975,2.635,0.09));
#11756=CARTESIAN_POINT('Origin',(2.975,3.27,0.09));
#11757=CARTESIAN_POINT('',(2.975,2.9375,0.0900000000000012));
#11758=CARTESIAN_POINT('',(2.975,2.9375,0.0895000000000006));
#11759=CARTESIAN_POINT('',(2.975,3.27,0.09));
#11760=CARTESIAN_POINT('',(2.975,2.93375,0.0899999999999998));
#11761=CARTESIAN_POINT('',(2.975,3.27,-0.03));
#11762=CARTESIAN_POINT('',(2.975,3.27,0.09));
#11763=CARTESIAN_POINT('',(2.975,2.635,-0.03));
#11764=CARTESIAN_POINT('',(2.975,2.635,-0.03));
#11765=CARTESIAN_POINT('',(2.975,2.635,0.09));
#11766=CARTESIAN_POINT('Origin',(-3.175,2.635,0.09));
#11767=CARTESIAN_POINT('',(-3.175,2.93749999999998,0.09));
#11768=CARTESIAN_POINT('',(-3.175,2.9375,0.0895000000000006));
#11769=CARTESIAN_POINT('',(-3.175,3.27,0.09));
#11770=CARTESIAN_POINT('',(-3.175,2.61625,0.09));
#11771=CARTESIAN_POINT('',(-3.175,3.27,-0.03));
#11772=CARTESIAN_POINT('',(-3.175,3.27,0.09));
#11773=CARTESIAN_POINT('',(-3.175,3.27,-0.03));
#11774=CARTESIAN_POINT('Origin',(-3.225,2.635,0.09));
#11775=CARTESIAN_POINT('',(-3.425,2.635,-0.03));
#11776=CARTESIAN_POINT('',(-3.425,2.635,0.09));
#11777=CARTESIAN_POINT('',(-3.225,2.635,-0.03));
#11778=CARTESIAN_POINT('',(-3.425,2.635,-0.03));
#11779=CARTESIAN_POINT('',(-3.225,2.635,0.09));
#11780=CARTESIAN_POINT('Origin',(3.225,3.27,0.09));
#11781=CARTESIAN_POINT('',(3.225,2.9375,0.0900000000000013));
#11782=CARTESIAN_POINT('',(3.225,2.9375,0.0895000000000006));
#11783=CARTESIAN_POINT('',(3.225,3.27,0.09));
#11784=CARTESIAN_POINT('',(3.225,2.93375,0.0899999999999998));
#11785=CARTESIAN_POINT('',(3.225,3.27,-0.03));
#11786=CARTESIAN_POINT('',(3.225,3.27,0.09));
#11787=CARTESIAN_POINT('',(3.225,2.635,-0.03));
#11788=CARTESIAN_POINT('',(3.225,2.635,-0.03));
#11789=CARTESIAN_POINT('',(3.225,2.635,0.09));
#11790=CARTESIAN_POINT('Origin',(-3.425,2.635,0.09));
#11791=CARTESIAN_POINT('',(-3.425,2.93749999999998,0.0899999999999999));
#11792=CARTESIAN_POINT('',(-3.425,2.9375,0.0895000000000006));
#11793=CARTESIAN_POINT('',(-3.425,3.27,0.09));
#11794=CARTESIAN_POINT('',(-3.425,2.61625,0.09));
#11795=CARTESIAN_POINT('',(-3.425,3.27,-0.03));
#11796=CARTESIAN_POINT('',(-3.425,3.27,0.09));
#11797=CARTESIAN_POINT('',(-3.425,3.27,-0.03));
#11798=CARTESIAN_POINT('Origin',(-5.55111512312578E-16,2.1425,0.47));
#11799=CARTESIAN_POINT('',(3.6,2.9375,0.47));
#11800=CARTESIAN_POINT('',(3.6,2.36725,0.47));
#11801=CARTESIAN_POINT('',(4.15,2.9375,0.47));
#11802=CARTESIAN_POINT('',(-2.77555756156289E-16,2.9375,0.47));
#11803=CARTESIAN_POINT('',(4.15,2.1475,0.47));
#11804=CARTESIAN_POINT('',(4.15,2.795,0.47));
#11805=CARTESIAN_POINT('',(3.49577769702841,2.1475,0.47));
#11806=CARTESIAN_POINT('',(1.000341468963,2.1475,0.47));
#11807=CARTESIAN_POINT('',(3.49577769702841,1.3475,0.47));
#11808=CARTESIAN_POINT('',(3.49577769702841,2.1475,0.47));
#11809=CARTESIAN_POINT('',(-3.49577769702841,1.3475,0.47));
#11810=CARTESIAN_POINT('',(-0.959724419864,1.3475,0.47));
#11811=CARTESIAN_POINT('',(-3.49577769702841,2.1475,0.47));
#11812=CARTESIAN_POINT('',(-3.49577769702841,2.1475,0.47));
#11813=CARTESIAN_POINT('',(-4.15,2.1475,0.47));
#11814=CARTESIAN_POINT('',(-1.000341468963,2.1475,0.47));
#11815=CARTESIAN_POINT('',(-4.15,2.9375,0.47));
#11816=CARTESIAN_POINT('',(-4.15,2.795,0.47));
#11817=CARTESIAN_POINT('',(-3.6,2.9375,0.47));
#11818=CARTESIAN_POINT('',(-2.77555756156289E-16,2.9375,0.47));
#11819=CARTESIAN_POINT('',(-3.6,2.9375,0.47));
#11820=CARTESIAN_POINT('Origin',(-1.585258786232E-64,2.9375,1.515));
#11821=CARTESIAN_POINT('',(-4.15,2.9375,1.99));
#11822=CARTESIAN_POINT('',(-4.15,2.9375,1.7525));
#11823=CARTESIAN_POINT('',(-3.2,2.9375,2.94));
#11824=CARTESIAN_POINT('Origin',(-3.2,2.9375,1.99));
#11825=CARTESIAN_POINT('',(-1.4,2.9375,2.94));
#11826=CARTESIAN_POINT('',(4.2250314570585E-16,2.9375,2.94));
#11827=CARTESIAN_POINT('',(-1.4,2.9375,2.19));
#11828=CARTESIAN_POINT('',(-1.4,2.9375,2.2275));
#11829=CARTESIAN_POINT('',(1.4,2.9375,2.19));
#11830=CARTESIAN_POINT('',(-0.7,2.9375,2.19));
#11831=CARTESIAN_POINT('',(1.4,2.9375,2.94));
#11832=CARTESIAN_POINT('',(1.4,2.9375,2.2275));
#11833=CARTESIAN_POINT('',(3.2,2.9375,2.94));
#11834=CARTESIAN_POINT('',(4.2250314570585E-16,2.9375,2.94));
#11835=CARTESIAN_POINT('',(4.15,2.9375,1.99));
#11836=CARTESIAN_POINT('Origin',(3.2,2.9375,1.99));
#11837=CARTESIAN_POINT('',(4.15,2.9375,1.7525));
#11838=CARTESIAN_POINT('',(3.6,2.9375,0.967500000000001));
#11839=CARTESIAN_POINT('',(3.425,2.9375,0.0900000000000013));
#11840=CARTESIAN_POINT('',(3.425,2.9375,0.0895000000000006));
#11841=CARTESIAN_POINT('',(3.6,2.9375,0.0900000000000013));
#11842=CARTESIAN_POINT('',(3.175,2.9375,0.0900000000000012));
#11843=CARTESIAN_POINT('',(3.175,2.9375,0.0895000000000006));
#11844=CARTESIAN_POINT('',(3.6,2.9375,0.0900000000000013));
#11845=CARTESIAN_POINT('',(2.625,2.9375,0.0900000000000011));
#11846=CARTESIAN_POINT('',(2.625,2.9375,0.0895000000000006));
#11847=CARTESIAN_POINT('',(3.6,2.9375,0.0900000000000013));
#11848=CARTESIAN_POINT('',(2.375,2.9375,0.0900000000000011));
#11849=CARTESIAN_POINT('',(2.375,2.9375,0.0895000000000006));
#11850=CARTESIAN_POINT('',(3.6,2.9375,0.0900000000000013));
#11851=CARTESIAN_POINT('',(1.85,2.93749999999999,0.090000000000001));
#11852=CARTESIAN_POINT('',(1.85,2.9375,0.0895000000000006));
#11853=CARTESIAN_POINT('',(3.6,2.9375,0.0900000000000013));
#11854=CARTESIAN_POINT('',(1.35,2.93749999999999,0.0900000000000009));
#11855=CARTESIAN_POINT('',(1.35,2.9375,0.0895000000000006));
#11856=CARTESIAN_POINT('',(3.6,2.9375,0.0900000000000013));
#11857=CARTESIAN_POINT('',(0.85,2.93749999999999,0.0900000000000008));
#11858=CARTESIAN_POINT('',(0.85,2.9375,0.0895000000000006));
#11859=CARTESIAN_POINT('',(3.6,2.9375,0.0900000000000013));
#11860=CARTESIAN_POINT('',(0.35,2.93749999999999,0.0900000000000007));
#11861=CARTESIAN_POINT('',(0.35,2.9375,0.0895000000000006));
#11862=CARTESIAN_POINT('',(3.6,2.9375,0.0900000000000013));
#11863=CARTESIAN_POINT('',(-0.15,2.93749999999999,0.0900000000000006));
#11864=CARTESIAN_POINT('',(-0.15,2.9375,0.0895000000000006));
#11865=CARTESIAN_POINT('',(3.6,2.9375,0.0900000000000013));
#11866=CARTESIAN_POINT('',(-0.65,2.93749999999999,0.0900000000000005));
#11867=CARTESIAN_POINT('',(-0.65,2.9375,0.0895000000000006));
#11868=CARTESIAN_POINT('',(3.6,2.9375,0.0900000000000013));
#11869=CARTESIAN_POINT('',(-1.15,2.93749999999998,0.0900000000000004));
#11870=CARTESIAN_POINT('',(-1.15,2.9375,0.0895000000000006));
#11871=CARTESIAN_POINT('',(3.6,2.9375,0.0900000000000013));
#11872=CARTESIAN_POINT('',(-1.65,2.93749999999998,0.0900000000000003));
#11873=CARTESIAN_POINT('',(-1.65,2.9375,0.0895000000000006));
#11874=CARTESIAN_POINT('',(3.6,2.9375,0.0900000000000013));
#11875=CARTESIAN_POINT('',(-2.175,2.93749999999998,0.0900000000000002));
#11876=CARTESIAN_POINT('',(-2.175,2.9375,0.0895000000000006));
#11877=CARTESIAN_POINT('',(3.6,2.9375,0.0900000000000013));
#11878=CARTESIAN_POINT('',(-2.425,2.93749999999998,0.0900000000000001));
#11879=CARTESIAN_POINT('',(-2.425,2.9375,0.0895000000000006));
#11880=CARTESIAN_POINT('',(3.6,2.9375,0.0900000000000013));
#11881=CARTESIAN_POINT('',(-2.975,2.93749999999998,0.09));
#11882=CARTESIAN_POINT('',(-2.975,2.9375,0.0895000000000006));
#11883=CARTESIAN_POINT('',(3.6,2.9375,0.0900000000000013));
#11884=CARTESIAN_POINT('',(-3.225,2.93749999999998,0.09));
#11885=CARTESIAN_POINT('',(-3.225,2.9375,0.0895000000000006));
#11886=CARTESIAN_POINT('',(3.6,2.9375,0.0900000000000013));
#11887=CARTESIAN_POINT('',(-3.6,2.9375,0.0890000000000013));
#11888=CARTESIAN_POINT('Origin',(-4.15,3.4475,1.99));
#11889=CARTESIAN_POINT('',(-4.15,2.1475,1.38));
#11890=CARTESIAN_POINT('',(-4.15,2.1475,1.99));
#11891=CARTESIAN_POINT('',(-4.15,2.1475,1.98));
#11892=CARTESIAN_POINT('',(-4.15,2.1475,1.98));
#11893=CARTESIAN_POINT('',(-4.15,2.1475,1.99));
#11894=CARTESIAN_POINT('',(-4.15,2.1475,1.99));
#11895=CARTESIAN_POINT('',(-4.15,3.4475,1.99));
#11896=CARTESIAN_POINT('Origin',(-2.000682937926,2.1475,1.632485022951));
#11897=CARTESIAN_POINT('Origin',(-3.19,2.1475,1.38));
#11898=CARTESIAN_POINT('Origin',(-3.19,2.1475,1.38));
#11899=CARTESIAN_POINT('',(-4.15,1.3475,1.38));
#11900=CARTESIAN_POINT('Origin',(-3.19,1.3475,1.38));
#11901=CARTESIAN_POINT('',(-4.15,2.1475,1.38));
#11902=CARTESIAN_POINT('Origin',(3.6,2.9475,0.42));
#11903=CARTESIAN_POINT('Origin',(4.15,3.4475,1.99));
#11904=CARTESIAN_POINT('',(4.15,2.1475,1.99));
#11905=CARTESIAN_POINT('',(4.15,3.4475,1.99));
#11906=CARTESIAN_POINT('',(4.15,2.1475,1.98));
#11907=CARTESIAN_POINT('',(4.15,2.1475,1.99));
#11908=CARTESIAN_POINT('',(4.15,2.1475,1.38));
#11909=CARTESIAN_POINT('',(4.15,2.1475,1.98));
#11910=CARTESIAN_POINT('',(4.15,2.1475,1.99));
#11911=CARTESIAN_POINT('Origin',(3.2,3.4475,1.99));
#11912=CARTESIAN_POINT('',(3.2,2.1475,2.94));
#11913=CARTESIAN_POINT('',(3.2,3.4475,2.94));
#11914=CARTESIAN_POINT('Origin',(3.2,2.1475,1.99));
#11915=CARTESIAN_POINT('Origin',(1.4,2.9475,2.94));
#11916=CARTESIAN_POINT('',(1.4,2.4475,2.19));
#11917=CARTESIAN_POINT('',(1.4,2.9475,2.19));
#11918=CARTESIAN_POINT('',(1.4,2.4475,2.94));
#11919=CARTESIAN_POINT('',(1.4,2.4475,2.94));
#11920=CARTESIAN_POINT('',(1.4,2.9475,2.94));
#11921=CARTESIAN_POINT('Origin',(-1.4,2.9475,2.19));
#11922=CARTESIAN_POINT('',(-1.4,2.4475,2.19));
#11923=CARTESIAN_POINT('',(-1.4,2.9475,2.19));
#11924=CARTESIAN_POINT('',(1.4,2.4475,2.19));
#11925=CARTESIAN_POINT('Origin',(-1.4,2.9475,2.94));
#11926=CARTESIAN_POINT('',(-1.4,2.4475,2.94));
#11927=CARTESIAN_POINT('',(-1.4,2.9475,2.94));
#11928=CARTESIAN_POINT('',(-1.4,2.4475,2.94));
#11929=CARTESIAN_POINT('Origin',(8.450062914117E-16,3.4475,2.94));
#11930=CARTESIAN_POINT('',(7.225416114969E-16,2.4475,2.94));
#11931=CARTESIAN_POINT('',(-3.2,2.1475,2.94));
#11932=CARTESIAN_POINT('',(-3.2,3.4475,2.94));
#11933=CARTESIAN_POINT('',(-3.19,2.1475,2.94));
#11934=CARTESIAN_POINT('',(6.858022075225E-16,2.1475,2.94));
#11935=CARTESIAN_POINT('',(3.19,2.1475,2.94));
#11936=CARTESIAN_POINT('',(6.858022075225E-16,2.1475,2.94));
#11937=CARTESIAN_POINT('',(6.858022075225E-16,2.1475,2.94));
#11938=CARTESIAN_POINT('Origin',(-3.2,3.4475,1.99));
#11939=CARTESIAN_POINT('Origin',(-3.2,2.1475,1.99));
#11940=CARTESIAN_POINT('Origin',(-3.6,2.9475,0.42));
#11941=CARTESIAN_POINT('Origin',(2.585,-0.272500000000001,1.33));
#11942=CARTESIAN_POINT('',(2.585,-2.6225,1.33));
#11943=CARTESIAN_POINT('',(2.585,-0.272500000000001,1.33));
#11944=CARTESIAN_POINT('',(2.585,-2.6225,1.33));
#11945=CARTESIAN_POINT('',(2.585,-2.6225,1.38));
#11946=CARTESIAN_POINT('',(2.585,-2.6225,1.33));
#11947=CARTESIAN_POINT('',(2.585,-0.272500000000001,1.38));
#11948=CARTESIAN_POINT('',(2.585,-0.2725,1.38));
#11949=CARTESIAN_POINT('',(2.585,-0.272500000000001,1.505));
#11950=CARTESIAN_POINT('Origin',(2.835,-2.6225,1.33));
#11951=CARTESIAN_POINT('',(2.835,-0.2725,1.33));
#11952=CARTESIAN_POINT('',(2.835,-2.6225,1.33));
#11953=CARTESIAN_POINT('',(2.835,-0.2725,1.33));
#11954=CARTESIAN_POINT('',(2.835,-0.272500000000001,1.38));
#11955=CARTESIAN_POINT('',(2.835,-0.272500000000001,1.505));
#11956=CARTESIAN_POINT('',(2.835,-2.6225,1.38));
#11957=CARTESIAN_POINT('',(2.835,-1.4475,1.38));
#11958=CARTESIAN_POINT('',(2.835,-2.6225,1.33));
#11959=CARTESIAN_POINT('Origin',(2.585,-2.6225,1.33));
#11960=CARTESIAN_POINT('',(2.835,-2.6225,1.33));
#11961=CARTESIAN_POINT('',(-0.38,-2.6225,1.38));
#11962=CARTESIAN_POINT('Origin',(2.71,-1.4475,1.33));
#11963=CARTESIAN_POINT('',(0.549781975882,-0.2725,1.33));
#11964=CARTESIAN_POINT('Origin',(-1.610436048236,-0.2725,1.68));
#11965=CARTESIAN_POINT('',(1.345,-0.272500000000001,1.38));
#11966=CARTESIAN_POINT('',(3.345,-0.2725,1.38));
#11967=CARTESIAN_POINT('',(1.345,-0.2725,1.33));
#11968=CARTESIAN_POINT('',(1.345,-0.2725,1.505));
#11969=CARTESIAN_POINT('',(1.095,-0.272500000000001,1.33));
#11970=CARTESIAN_POINT('',(-0.195218024118,-0.2725,1.33));
#11971=CARTESIAN_POINT('',(1.095,-0.272500000000001,1.38));
#11972=CARTESIAN_POINT('',(1.095,-0.2725,1.505));
#11973=CARTESIAN_POINT('',(0.855,-0.272500000000001,1.38));
#11974=CARTESIAN_POINT('',(3.345,-0.2725,1.38));
#11975=CARTESIAN_POINT('',(0.855,-0.272500000000001,1.33));
#11976=CARTESIAN_POINT('',(0.855,-0.2725,1.505));
#11977=CARTESIAN_POINT('',(0.605,-0.2725,1.33));
#11978=CARTESIAN_POINT('',(-0.440218024118,-0.2725,1.33));
#11979=CARTESIAN_POINT('',(0.605,-0.272500000000001,1.38));
#11980=CARTESIAN_POINT('',(0.605,-0.2725,1.505));
#11981=CARTESIAN_POINT('',(0.365,-0.272500000000001,1.38));
#11982=CARTESIAN_POINT('',(3.345,-0.2725,1.38));
#11983=CARTESIAN_POINT('',(0.365,-0.2725,1.33));
#11984=CARTESIAN_POINT('',(0.365,-0.2725,1.505));
#11985=CARTESIAN_POINT('',(0.115,-0.272500000000001,1.33));
#11986=CARTESIAN_POINT('',(-0.685218024118,-0.2725,1.33));
#11987=CARTESIAN_POINT('',(0.115,-0.272500000000001,1.38));
#11988=CARTESIAN_POINT('',(0.115,-0.2725,1.505));
#11989=CARTESIAN_POINT('',(-0.115,-0.272500000000001,1.38));
#11990=CARTESIAN_POINT('',(3.345,-0.2725,1.38));
#11991=CARTESIAN_POINT('',(-0.115,-0.272500000000001,1.33));
#11992=CARTESIAN_POINT('',(-0.115,-0.2725,1.505));
#11993=CARTESIAN_POINT('',(-0.365,-0.2725,1.33));
#11994=CARTESIAN_POINT('',(-0.925218024118,-0.2725,1.33));
#11995=CARTESIAN_POINT('',(-0.365,-0.272500000000001,1.38));
#11996=CARTESIAN_POINT('',(-0.365,-0.2725,1.505));
#11997=CARTESIAN_POINT('',(-0.605,-0.272500000000001,1.38));
#11998=CARTESIAN_POINT('',(3.345,-0.2725,1.38));
#11999=CARTESIAN_POINT('',(-0.605,-0.2725,1.33));
#12000=CARTESIAN_POINT('',(-0.605,-0.2725,1.505));
#12001=CARTESIAN_POINT('',(-0.855,-0.272500000000001,1.33));
#12002=CARTESIAN_POINT('',(-1.170218024118,-0.2725,1.33));
#12003=CARTESIAN_POINT('',(-0.855,-0.272500000000001,1.38));
#12004=CARTESIAN_POINT('',(-0.855,-0.2725,1.505));
#12005=CARTESIAN_POINT('',(-1.095,-0.272500000000001,1.38));
#12006=CARTESIAN_POINT('',(3.345,-0.2725,1.38));
#12007=CARTESIAN_POINT('',(-1.095,-0.272500000000001,1.33));
#12008=CARTESIAN_POINT('',(-1.095,-0.2725,1.505));
#12009=CARTESIAN_POINT('',(-1.345,-0.2725,1.33));
#12010=CARTESIAN_POINT('',(-1.415218024118,-0.2725,1.33));
#12011=CARTESIAN_POINT('',(-1.345,-0.272500000000001,1.38));
#12012=CARTESIAN_POINT('',(-1.345,-0.2725,1.505));
#12013=CARTESIAN_POINT('',(-2.585,-0.272500000000001,1.38));
#12014=CARTESIAN_POINT('',(3.345,-0.2725,1.38));
#12015=CARTESIAN_POINT('',(-2.585,-0.272500000000001,1.33));
#12016=CARTESIAN_POINT('',(-2.585,-0.2725,1.505));
#12017=CARTESIAN_POINT('',(-2.835,-0.2725,1.33));
#12018=CARTESIAN_POINT('',(-2.160218024118,-0.2725,1.33));
#12019=CARTESIAN_POINT('',(-2.835,-0.272500000000001,1.38));
#12020=CARTESIAN_POINT('',(-2.835,-0.2725,1.505));
#12021=CARTESIAN_POINT('',(-3.341410161514,-0.2725,1.38));
#12022=CARTESIAN_POINT('',(3.345,-0.2725,1.38));
#12023=CARTESIAN_POINT('',(-2.995,-0.2725,1.08));
#12024=CARTESIAN_POINT('Origin',(-2.995,-0.2725,1.43));
#12025=CARTESIAN_POINT('',(2.995,-0.2725,1.08));
#12026=CARTESIAN_POINT('',(-2.995,-0.2725,1.08));
#12027=CARTESIAN_POINT('',(3.341410161514,-0.2725,1.38));
#12028=CARTESIAN_POINT('Origin',(2.995,-0.2725,1.43));
#12029=CARTESIAN_POINT('',(3.345,-0.2725,1.38));
#12030=CARTESIAN_POINT('Origin',(1.095,-0.272500000000001,1.33));
#12031=CARTESIAN_POINT('',(1.095,-2.6225,1.33));
#12032=CARTESIAN_POINT('',(1.095,-2.6225,1.33));
#12033=CARTESIAN_POINT('',(1.095,-2.6225,1.38));
#12034=CARTESIAN_POINT('',(1.095,-2.6225,1.33));
#12035=CARTESIAN_POINT('',(1.095,-0.2725,1.38));
#12036=CARTESIAN_POINT('Origin',(1.345,-2.6225,1.33));
#12037=CARTESIAN_POINT('',(1.345,-2.6225,1.33));
#12038=CARTESIAN_POINT('',(1.345,-0.2725,1.33));
#12039=CARTESIAN_POINT('',(1.345,-2.6225,1.38));
#12040=CARTESIAN_POINT('',(1.345,-1.4475,1.38));
#12041=CARTESIAN_POINT('',(1.345,-2.6225,1.33));
#12042=CARTESIAN_POINT('Origin',(1.095,-2.6225,1.33));
#12043=CARTESIAN_POINT('',(1.345,-2.6225,1.33));
#12044=CARTESIAN_POINT('',(-1.125,-2.6225,1.38));
#12045=CARTESIAN_POINT('Origin',(1.22,-1.4475,1.33));
#12046=CARTESIAN_POINT('Origin',(0.605,-2.1225,1.33));
#12047=CARTESIAN_POINT('',(0.605,-2.1225,1.33));
#12048=CARTESIAN_POINT('',(0.855,-2.1225,1.33));
#12049=CARTESIAN_POINT('',(0.605,-2.1225,1.33));
#12050=CARTESIAN_POINT('',(0.855,-2.1225,1.38));
#12051=CARTESIAN_POINT('',(0.855,-2.1225,1.33));
#12052=CARTESIAN_POINT('',(0.605,-2.1225,1.38));
#12053=CARTESIAN_POINT('',(-1.37,-2.1225,1.38));
#12054=CARTESIAN_POINT('',(0.605,-2.1225,1.33));
#12055=CARTESIAN_POINT('Origin',(0.605,-0.2725,1.33));
#12056=CARTESIAN_POINT('',(0.605,-0.2725,1.33));
#12057=CARTESIAN_POINT('',(0.605,-0.2725,1.38));
#12058=CARTESIAN_POINT('Origin',(0.855,-2.1225,1.33));
#12059=CARTESIAN_POINT('',(0.855,-2.1225,1.33));
#12060=CARTESIAN_POINT('',(0.855,-1.1975,1.38));
#12061=CARTESIAN_POINT('Origin',(0.73,-1.1975,1.33));
#12062=CARTESIAN_POINT('Origin',(0.115,-0.272500000000001,1.33));
#12063=CARTESIAN_POINT('',(0.115,-2.1225,1.33));
#12064=CARTESIAN_POINT('',(0.115,-2.1225,1.33));
#12065=CARTESIAN_POINT('',(0.115,-2.1225,1.38));
#12066=CARTESIAN_POINT('',(0.115,-2.1225,1.33));
#12067=CARTESIAN_POINT('',(0.115,-0.2725,1.38));
#12068=CARTESIAN_POINT('Origin',(0.365,-2.1225,1.33));
#12069=CARTESIAN_POINT('',(0.365,-2.1225,1.33));
#12070=CARTESIAN_POINT('',(0.365,-0.2725,1.33));
#12071=CARTESIAN_POINT('',(0.365,-2.1225,1.38));
#12072=CARTESIAN_POINT('',(0.365,-1.1975,1.38));
#12073=CARTESIAN_POINT('',(0.365,-2.1225,1.33));
#12074=CARTESIAN_POINT('Origin',(0.115,-2.1225,1.33));
#12075=CARTESIAN_POINT('',(0.365,-2.1225,1.33));
#12076=CARTESIAN_POINT('',(-1.615,-2.1225,1.38));
#12077=CARTESIAN_POINT('Origin',(0.24,-1.1975,1.33));
#12078=CARTESIAN_POINT('Origin',(-0.115,-0.272500000000001,1.33));
#12079=CARTESIAN_POINT('',(-0.115,-2.1225,1.33));
#12080=CARTESIAN_POINT('',(-0.115,-2.1225,1.33));
#12081=CARTESIAN_POINT('',(-0.115,-2.1225,1.38));
#12082=CARTESIAN_POINT('',(-0.115,-0.2725,1.38));
#12083=CARTESIAN_POINT('',(-0.115,-2.1225,1.33));
#12084=CARTESIAN_POINT('Origin',(-0.365,-2.1225,1.33));
#12085=CARTESIAN_POINT('',(-0.365,-2.1225,1.33));
#12086=CARTESIAN_POINT('',(-0.365,-0.2725,1.33));
#12087=CARTESIAN_POINT('',(-0.365,-2.1225,1.38));
#12088=CARTESIAN_POINT('',(-0.365,-2.1225,1.33));
#12089=CARTESIAN_POINT('',(-0.365,-1.1975,1.38));
#12090=CARTESIAN_POINT('Origin',(-0.115,-2.1225,1.33));
#12091=CARTESIAN_POINT('',(-0.365,-2.1225,1.33));
#12092=CARTESIAN_POINT('',(-1.73,-2.1225,1.38));
#12093=CARTESIAN_POINT('Origin',(-0.24,-1.1975,1.33));
#12094=CARTESIAN_POINT('Origin',(-3.345,-0.2725,1.38));
#12095=CARTESIAN_POINT('',(3.345,-0.2725,1.38));
#12096=CARTESIAN_POINT('',(3.345,-0.2725,1.38));
#12097=CARTESIAN_POINT('',(3.345,-2.3025,1.38));
#12098=CARTESIAN_POINT('',(3.345,-0.2725,1.38));
#12099=CARTESIAN_POINT('',(3.141875,-2.9525,1.38));
#12100=CARTESIAN_POINT('',(3.63396797153,-1.377802491103,1.38));
#12101=CARTESIAN_POINT('',(-3.141875,-2.9525,1.38));
#12102=CARTESIAN_POINT('',(-3.095,-2.9525,1.38));
#12103=CARTESIAN_POINT('',(-3.345,-2.3025,1.38));
#12104=CARTESIAN_POINT('',(-3.63396797153,-1.377802491103,1.38));
#12105=CARTESIAN_POINT('',(-3.345,-0.2725,1.38));
#12106=CARTESIAN_POINT('',(-3.345,-0.2725,1.38));
#12107=CARTESIAN_POINT('',(-3.345,-0.2725,1.38));
#12108=CARTESIAN_POINT('',(-2.835,-2.6225,1.38));
#12109=CARTESIAN_POINT('',(-2.835,-1.4475,1.38));
#12110=CARTESIAN_POINT('',(-2.585,-2.6225,1.38));
#12111=CARTESIAN_POINT('',(-2.965,-2.6225,1.38));
#12112=CARTESIAN_POINT('',(-2.585,-0.2725,1.38));
#12113=CARTESIAN_POINT('',(-1.345,-2.6225,1.38));
#12114=CARTESIAN_POINT('',(-1.345,-1.4475,1.38));
#12115=CARTESIAN_POINT('',(-1.095,-2.6225,1.38));
#12116=CARTESIAN_POINT('',(-2.22,-2.6225,1.38));
#12117=CARTESIAN_POINT('',(-1.095,-0.2725,1.38));
#12118=CARTESIAN_POINT('',(-0.855,-2.1225,1.38));
#12119=CARTESIAN_POINT('',(-0.855,-1.1975,1.38));
#12120=CARTESIAN_POINT('',(-0.605,-2.1225,1.38));
#12121=CARTESIAN_POINT('',(-1.975,-2.1225,1.38));
#12122=CARTESIAN_POINT('',(-0.605,-0.2725,1.38));
#12123=CARTESIAN_POINT('Origin',(-0.605,-2.1225,1.33));
#12124=CARTESIAN_POINT('',(-0.605,-2.1225,1.33));
#12125=CARTESIAN_POINT('',(-0.855,-2.1225,1.33));
#12126=CARTESIAN_POINT('',(-0.605,-2.1225,1.33));
#12127=CARTESIAN_POINT('',(-0.605,-2.1225,1.33));
#12128=CARTESIAN_POINT('',(-0.855,-2.1225,1.33));
#12129=CARTESIAN_POINT('Origin',(-0.605,-0.2725,1.33));
#12130=CARTESIAN_POINT('',(-0.605,-0.2725,1.33));
#12131=CARTESIAN_POINT('Origin',(-0.855,-2.1225,1.33));
#12132=CARTESIAN_POINT('',(-0.855,-2.1225,1.33));
#12133=CARTESIAN_POINT('Origin',(-0.73,-1.1975,1.33));
#12134=CARTESIAN_POINT('Origin',(-1.095,-0.272500000000001,1.33));
#12135=CARTESIAN_POINT('',(-1.095,-2.6225,1.33));
#12136=CARTESIAN_POINT('',(-1.095,-2.6225,1.33));
#12137=CARTESIAN_POINT('',(-1.095,-2.6225,1.33));
#12138=CARTESIAN_POINT('Origin',(-1.345,-2.6225,1.33));
#12139=CARTESIAN_POINT('',(-1.345,-2.6225,1.33));
#12140=CARTESIAN_POINT('',(-1.345,-0.2725,1.33));
#12141=CARTESIAN_POINT('',(-1.345,-2.6225,1.33));
#12142=CARTESIAN_POINT('Origin',(-1.095,-2.6225,1.33));
#12143=CARTESIAN_POINT('',(-1.345,-2.6225,1.33));
#12144=CARTESIAN_POINT('Origin',(-1.22,-1.4475,1.33));
#12145=CARTESIAN_POINT('Origin',(-2.585,-0.272500000000001,1.33));
#12146=CARTESIAN_POINT('',(-2.585,-2.6225,1.33));
#12147=CARTESIAN_POINT('',(-2.585,-2.6225,1.33));
#12148=CARTESIAN_POINT('',(-2.585,-2.6225,1.33));
#12149=CARTESIAN_POINT('Origin',(-2.835,-2.6225,1.33));
#12150=CARTESIAN_POINT('',(-2.835,-2.6225,1.33));
#12151=CARTESIAN_POINT('',(-2.835,-0.2725,1.33));
#12152=CARTESIAN_POINT('',(-2.835,-2.6225,1.33));
#12153=CARTESIAN_POINT('Origin',(-2.585,-2.6225,1.33));
#12154=CARTESIAN_POINT('',(-2.835,-2.6225,1.33));
#12155=CARTESIAN_POINT('Origin',(-2.71,-1.4475,1.33));
#12156=CARTESIAN_POINT('Origin',(0.605,-2.1225,1.98));
#12157=CARTESIAN_POINT('',(0.855,-2.1225,1.98));
#12158=CARTESIAN_POINT('',(0.605,-2.1225,1.98));
#12159=CARTESIAN_POINT('',(0.3025,-2.1225,1.98));
#12160=CARTESIAN_POINT('',(0.855,-2.1225,2.03));
#12161=CARTESIAN_POINT('',(0.855,-2.1225,1.98));
#12162=CARTESIAN_POINT('',(0.605,-2.1225,2.03));
#12163=CARTESIAN_POINT('',(0.605,-2.1225,2.03));
#12164=CARTESIAN_POINT('',(0.605,-2.1225,1.98));
#12165=CARTESIAN_POINT('Origin',(0.605,-0.2725,1.98));
#12166=CARTESIAN_POINT('',(0.605,-0.2725,1.98));
#12167=CARTESIAN_POINT('',(0.605,-0.2725,1.98));
#12168=CARTESIAN_POINT('',(0.605,-0.272500000000001,2.03));
#12169=CARTESIAN_POINT('',(0.605,-0.2725,2.03));
#12170=CARTESIAN_POINT('',(0.605,-0.2725,1.83));
#12171=CARTESIAN_POINT('Origin',(0.855,-2.1225,1.98));
#12172=CARTESIAN_POINT('',(0.855,-0.272500000000001,1.98));
#12173=CARTESIAN_POINT('',(0.855,-1.1975,1.98));
#12174=CARTESIAN_POINT('',(0.855,-0.272500000000001,2.03));
#12175=CARTESIAN_POINT('',(0.855,-0.2725,1.83));
#12176=CARTESIAN_POINT('',(0.855,-2.1225,2.03));
#12177=CARTESIAN_POINT('Origin',(0.73,-1.1975,2.03));
#12178=CARTESIAN_POINT('',(-0.440218024118,-0.2725,2.03));
#12179=CARTESIAN_POINT('Origin',(-1.610436048236,-0.2725,1.68));
#12180=CARTESIAN_POINT('',(1.095,-0.272500000000001,1.98));
#12181=CARTESIAN_POINT('',(3.894376821289E-16,-0.2725,1.98));
#12182=CARTESIAN_POINT('',(1.095,-0.272500000000001,2.03));
#12183=CARTESIAN_POINT('',(1.095,-0.2725,1.83));
#12184=CARTESIAN_POINT('',(1.345,-0.272500000000001,2.03));
#12185=CARTESIAN_POINT('',(-0.195218024118,-0.2725,2.03));
#12186=CARTESIAN_POINT('',(1.345,-0.2725,1.98));
#12187=CARTESIAN_POINT('',(1.345,-0.2725,1.83));
#12188=CARTESIAN_POINT('',(2.585,-0.272500000000001,1.98));
#12189=CARTESIAN_POINT('',(3.894376821289E-16,-0.2725,1.98));
#12190=CARTESIAN_POINT('',(2.585,-0.272500000000001,2.03));
#12191=CARTESIAN_POINT('',(2.585,-0.272500000000001,1.83));
#12192=CARTESIAN_POINT('',(2.835,-0.272500000000001,2.03));
#12193=CARTESIAN_POINT('',(0.549781975882,-0.2725,2.03));
#12194=CARTESIAN_POINT('',(2.835,-0.2725,1.98));
#12195=CARTESIAN_POINT('',(2.835,-0.272500000000001,1.83));
#12196=CARTESIAN_POINT('',(3.341410161514,-0.2725,1.98));
#12197=CARTESIAN_POINT('',(3.894376821289E-16,-0.2725,1.98));
#12198=CARTESIAN_POINT('',(2.995,-0.2725,2.28));
#12199=CARTESIAN_POINT('Origin',(2.995,-0.2725,1.93));
#12200=CARTESIAN_POINT('',(-2.995,-0.2725,2.28));
#12201=CARTESIAN_POINT('',(4.194376821289E-16,-0.2725,2.28));
#12202=CARTESIAN_POINT('',(-3.341410161514,-0.2725,1.98));
#12203=CARTESIAN_POINT('Origin',(-2.995,-0.2725,1.93));
#12204=CARTESIAN_POINT('',(-2.835,-0.2725,1.98));
#12205=CARTESIAN_POINT('',(3.894376821289E-16,-0.2725,1.98));
#12206=CARTESIAN_POINT('',(-2.835,-0.272500000000001,2.03));
#12207=CARTESIAN_POINT('',(-2.835,-0.2725,1.83));
#12208=CARTESIAN_POINT('',(-2.585,-0.272500000000001,2.03));
#12209=CARTESIAN_POINT('',(-2.160218024118,-0.2725,2.03));
#12210=CARTESIAN_POINT('',(-2.585,-0.272500000000001,1.98));
#12211=CARTESIAN_POINT('',(-2.585,-0.2725,1.83));
#12212=CARTESIAN_POINT('',(-1.345,-0.2725,1.98));
#12213=CARTESIAN_POINT('',(3.894376821289E-16,-0.2725,1.98));
#12214=CARTESIAN_POINT('',(-1.345,-0.272500000000001,2.03));
#12215=CARTESIAN_POINT('',(-1.345,-0.2725,1.83));
#12216=CARTESIAN_POINT('',(-1.095,-0.272500000000001,2.03));
#12217=CARTESIAN_POINT('',(-1.415218024118,-0.2725,2.03));
#12218=CARTESIAN_POINT('',(-1.095,-0.272500000000001,1.98));
#12219=CARTESIAN_POINT('',(-1.095,-0.2725,1.83));
#12220=CARTESIAN_POINT('',(-0.855,-0.272500000000001,1.98));
#12221=CARTESIAN_POINT('',(3.894376821289E-16,-0.2725,1.98));
#12222=CARTESIAN_POINT('',(-0.855,-0.272500000000001,2.03));
#12223=CARTESIAN_POINT('',(-0.855,-0.2725,1.83));
#12224=CARTESIAN_POINT('',(-0.605,-0.272500000000001,2.03));
#12225=CARTESIAN_POINT('',(-1.170218024118,-0.2725,2.03));
#12226=CARTESIAN_POINT('',(-0.605,-0.2725,1.98));
#12227=CARTESIAN_POINT('',(-0.605,-0.2725,1.83));
#12228=CARTESIAN_POINT('',(-0.365,-0.2725,1.98));
#12229=CARTESIAN_POINT('',(3.894376821289E-16,-0.2725,1.98));
#12230=CARTESIAN_POINT('',(-0.365,-0.272500000000001,2.03));
#12231=CARTESIAN_POINT('',(-0.365,-0.2725,1.83));
#12232=CARTESIAN_POINT('',(-0.115,-0.272500000000001,2.03));
#12233=CARTESIAN_POINT('',(-0.925218024118,-0.2725,2.03));
#12234=CARTESIAN_POINT('',(-0.115,-0.272500000000001,1.98));
#12235=CARTESIAN_POINT('',(-0.115,-0.2725,1.83));
#12236=CARTESIAN_POINT('',(0.115,-0.272500000000001,1.98));
#12237=CARTESIAN_POINT('',(3.894376821289E-16,-0.2725,1.98));
#12238=CARTESIAN_POINT('',(0.115,-0.272500000000001,2.03));
#12239=CARTESIAN_POINT('',(0.115,-0.2725,1.83));
#12240=CARTESIAN_POINT('',(0.365,-0.272500000000001,2.03));
#12241=CARTESIAN_POINT('',(-0.685218024118,-0.2725,2.03));
#12242=CARTESIAN_POINT('',(0.365,-0.2725,1.98));
#12243=CARTESIAN_POINT('',(0.365,-0.2725,1.83));
#12244=CARTESIAN_POINT('',(3.894376821289E-16,-0.2725,1.98));
#12245=CARTESIAN_POINT('Origin',(2.585,-0.272500000000001,1.98));
#12246=CARTESIAN_POINT('',(2.585,-2.6225,1.98));
#12247=CARTESIAN_POINT('',(2.585,-0.2725,1.98));
#12248=CARTESIAN_POINT('',(2.585,-2.6225,2.03));
#12249=CARTESIAN_POINT('',(2.585,-2.6225,1.98));
#12250=CARTESIAN_POINT('',(2.585,-2.6225,2.03));
#12251=CARTESIAN_POINT('Origin',(2.835,-2.6225,1.98));
#12252=CARTESIAN_POINT('',(2.835,-2.6225,1.98));
#12253=CARTESIAN_POINT('',(2.835,-1.4475,1.98));
#12254=CARTESIAN_POINT('',(2.835,-2.6225,2.03));
#12255=CARTESIAN_POINT('',(2.835,-0.2725,2.03));
#12256=CARTESIAN_POINT('',(2.835,-2.6225,1.98));
#12257=CARTESIAN_POINT('Origin',(2.585,-2.6225,1.98));
#12258=CARTESIAN_POINT('',(1.2925,-2.6225,1.98));
#12259=CARTESIAN_POINT('',(2.835,-2.6225,2.03));
#12260=CARTESIAN_POINT('Origin',(2.71,-1.4475,2.03));
#12261=CARTESIAN_POINT('Origin',(3.894376821289E-16,-0.2725,1.98));
#12262=CARTESIAN_POINT('',(0.365,-2.1225,1.98));
#12263=CARTESIAN_POINT('',(0.365,-1.1975,1.98));
#12264=CARTESIAN_POINT('',(0.115,-2.1225,1.98));
#12265=CARTESIAN_POINT('',(0.0575000000000002,-2.1225,1.98));
#12266=CARTESIAN_POINT('',(0.115,-0.2725,1.98));
#12267=CARTESIAN_POINT('',(-0.115,-2.1225,1.98));
#12268=CARTESIAN_POINT('',(-0.115,-0.2725,1.98));
#12269=CARTESIAN_POINT('',(-0.365,-2.1225,1.98));
#12270=CARTESIAN_POINT('',(-0.0574999999999998,-2.1225,1.98));
#12271=CARTESIAN_POINT('',(-0.365,-1.1975,1.98));
#12272=CARTESIAN_POINT('',(-0.605,-2.1225,1.98));
#12273=CARTESIAN_POINT('',(-0.605,-0.2725,1.98));
#12274=CARTESIAN_POINT('',(-0.855,-2.1225,1.98));
#12275=CARTESIAN_POINT('',(-0.3025,-2.1225,1.98));
#12276=CARTESIAN_POINT('',(-0.855,-1.1975,1.98));
#12277=CARTESIAN_POINT('',(-1.095,-2.6225,1.98));
#12278=CARTESIAN_POINT('',(-1.095,-0.2725,1.98));
#12279=CARTESIAN_POINT('',(-1.345,-2.6225,1.98));
#12280=CARTESIAN_POINT('',(-0.5475,-2.6225,1.98));
#12281=CARTESIAN_POINT('',(-1.345,-1.4475,1.98));
#12282=CARTESIAN_POINT('',(-2.585,-2.6225,1.98));
#12283=CARTESIAN_POINT('',(-2.585,-0.2725,1.98));
#12284=CARTESIAN_POINT('',(-2.835,-2.6225,1.98));
#12285=CARTESIAN_POINT('',(-1.2925,-2.6225,1.98));
#12286=CARTESIAN_POINT('',(-2.835,-1.4475,1.98));
#12287=CARTESIAN_POINT('',(-3.345,-0.2725,1.98));
#12288=CARTESIAN_POINT('',(3.894376821289E-16,-0.2725,1.98));
#12289=CARTESIAN_POINT('',(-3.345,-2.3025,1.98));
#12290=CARTESIAN_POINT('',(-3.345,-0.2725,1.98));
#12291=CARTESIAN_POINT('',(-3.141875,-2.9525,1.98));
#12292=CARTESIAN_POINT('',(-3.345,-2.3025,1.98));
#12293=CARTESIAN_POINT('',(3.141875,-2.9525,1.98));
#12294=CARTESIAN_POINT('',(6.123233995737E-17,-2.9525,1.98));
#12295=CARTESIAN_POINT('',(3.345,-2.3025,1.98));
#12296=CARTESIAN_POINT('',(3.345,-2.3025,1.98));
#12297=CARTESIAN_POINT('',(3.345,-0.2725,1.98));
#12298=CARTESIAN_POINT('',(3.345,-2.3025,1.98));
#12299=CARTESIAN_POINT('',(3.894376821289E-16,-0.2725,1.98));
#12300=CARTESIAN_POINT('',(1.345,-2.6225,1.98));
#12301=CARTESIAN_POINT('',(1.345,-1.4475,1.98));
#12302=CARTESIAN_POINT('',(1.095,-2.6225,1.98));
#12303=CARTESIAN_POINT('',(0.5475,-2.6225,1.98));
#12304=CARTESIAN_POINT('',(1.095,-0.2725,1.98));
#12305=CARTESIAN_POINT('Origin',(1.095,-0.272500000000001,1.98));
#12306=CARTESIAN_POINT('',(1.095,-2.6225,2.03));
#12307=CARTESIAN_POINT('',(1.095,-2.6225,1.98));
#12308=CARTESIAN_POINT('',(1.095,-2.6225,2.03));
#12309=CARTESIAN_POINT('Origin',(1.345,-2.6225,1.98));
#12310=CARTESIAN_POINT('',(1.345,-2.6225,2.03));
#12311=CARTESIAN_POINT('',(1.345,-0.2725,2.03));
#12312=CARTESIAN_POINT('',(1.345,-2.6225,1.98));
#12313=CARTESIAN_POINT('Origin',(1.095,-2.6225,1.98));
#12314=CARTESIAN_POINT('',(1.345,-2.6225,2.03));
#12315=CARTESIAN_POINT('Origin',(1.22,-1.4475,2.03));
#12316=CARTESIAN_POINT('Origin',(0.115,-0.272500000000001,1.98));
#12317=CARTESIAN_POINT('',(0.115,-2.1225,2.03));
#12318=CARTESIAN_POINT('',(0.115,-2.1225,1.98));
#12319=CARTESIAN_POINT('',(0.115,-2.1225,2.03));
#12320=CARTESIAN_POINT('Origin',(0.365,-2.1225,1.98));
#12321=CARTESIAN_POINT('',(0.365,-2.1225,2.03));
#12322=CARTESIAN_POINT('',(0.365,-0.2725,2.03));
#12323=CARTESIAN_POINT('',(0.365,-2.1225,1.98));
#12324=CARTESIAN_POINT('Origin',(0.115,-2.1225,1.98));
#12325=CARTESIAN_POINT('',(0.365,-2.1225,2.03));
#12326=CARTESIAN_POINT('Origin',(0.24,-1.1975,2.03));
#12327=CARTESIAN_POINT('Origin',(-0.115,-0.272500000000001,1.98));
#12328=CARTESIAN_POINT('',(-0.115,-2.1225,2.03));
#12329=CARTESIAN_POINT('',(-0.115,-2.1225,2.03));
#12330=CARTESIAN_POINT('',(-0.115,-2.1225,1.98));
#12331=CARTESIAN_POINT('Origin',(-0.365,-2.1225,1.98));
#12332=CARTESIAN_POINT('',(-0.365,-2.1225,2.03));
#12333=CARTESIAN_POINT('',(-0.365,-2.1225,1.98));
#12334=CARTESIAN_POINT('',(-0.365,-0.2725,2.03));
#12335=CARTESIAN_POINT('Origin',(-0.115,-2.1225,1.98));
#12336=CARTESIAN_POINT('',(-0.365,-2.1225,2.03));
#12337=CARTESIAN_POINT('Origin',(-0.24,-1.1975,2.03));
#12338=CARTESIAN_POINT('Origin',(-0.605,-2.1225,1.98));
#12339=CARTESIAN_POINT('',(-0.605,-2.1225,2.03));
#12340=CARTESIAN_POINT('',(-0.605,-2.1225,1.98));
#12341=CARTESIAN_POINT('',(-0.855,-2.1225,2.03));
#12342=CARTESIAN_POINT('',(-0.605,-2.1225,2.03));
#12343=CARTESIAN_POINT('',(-0.855,-2.1225,1.98));
#12344=CARTESIAN_POINT('Origin',(-0.605,-0.2725,1.98));
#12345=CARTESIAN_POINT('',(-0.605,-0.2725,2.03));
#12346=CARTESIAN_POINT('Origin',(-0.855,-2.1225,1.98));
#12347=CARTESIAN_POINT('',(-0.855,-2.1225,2.03));
#12348=CARTESIAN_POINT('Origin',(-0.73,-1.1975,2.03));
#12349=CARTESIAN_POINT('Origin',(-1.095,-0.272500000000001,1.98));
#12350=CARTESIAN_POINT('',(-1.095,-2.6225,2.03));
#12351=CARTESIAN_POINT('',(-1.095,-2.6225,2.03));
#12352=CARTESIAN_POINT('',(-1.095,-2.6225,1.98));
#12353=CARTESIAN_POINT('Origin',(-1.345,-2.6225,1.98));
#12354=CARTESIAN_POINT('',(-1.345,-2.6225,2.03));
#12355=CARTESIAN_POINT('',(-1.345,-2.6225,1.98));
#12356=CARTESIAN_POINT('',(-1.345,-0.2725,2.03));
#12357=CARTESIAN_POINT('Origin',(-1.095,-2.6225,1.98));
#12358=CARTESIAN_POINT('',(-1.345,-2.6225,2.03));
#12359=CARTESIAN_POINT('Origin',(-1.22,-1.4475,2.03));
#12360=CARTESIAN_POINT('Origin',(-2.585,-0.272500000000001,1.98));
#12361=CARTESIAN_POINT('',(-2.585,-2.6225,2.03));
#12362=CARTESIAN_POINT('',(-2.585,-2.6225,2.03));
#12363=CARTESIAN_POINT('',(-2.585,-2.6225,1.98));
#12364=CARTESIAN_POINT('Origin',(-2.835,-2.6225,1.98));
#12365=CARTESIAN_POINT('',(-2.835,-2.6225,2.03));
#12366=CARTESIAN_POINT('',(-2.835,-2.6225,1.98));
#12367=CARTESIAN_POINT('',(-2.835,-0.2725,2.03));
#12368=CARTESIAN_POINT('Origin',(-2.585,-2.6225,1.98));
#12369=CARTESIAN_POINT('',(-2.835,-2.6225,2.03));
#12370=CARTESIAN_POINT('Origin',(-2.71,-1.4475,2.03));
#12371=CARTESIAN_POINT('Origin',(3.325,2.9525,0.09));
#12372=CARTESIAN_POINT('',(3.425,3.27,0.09));
#12373=CARTESIAN_POINT('',(3.425,2.61625,0.09));
#12374=CARTESIAN_POINT('',(3.225,3.27,0.09));
#12375=CARTESIAN_POINT('Origin',(3.425,2.635,0.09));
#12376=CARTESIAN_POINT('',(3.425,2.635,-0.03));
#12377=CARTESIAN_POINT('',(3.425,2.635,0.09));
#12378=CARTESIAN_POINT('',(3.425,3.27,-0.03));
#12379=CARTESIAN_POINT('',(3.425,3.27,-0.03));
#12380=CARTESIAN_POINT('',(3.425,3.27,0.09));
#12381=CARTESIAN_POINT('Origin',(3.225,2.635,0.09));
#12382=CARTESIAN_POINT('',(3.425,2.635,-0.03));
#12383=CARTESIAN_POINT('Origin',(3.425,3.27,0.09));
#12384=CARTESIAN_POINT('',(3.225,3.27,-0.03));
#12385=CARTESIAN_POINT('Origin',(3.325,2.9525,-0.03));
#12386=CARTESIAN_POINT('Origin',(3.075,2.9525,0.09));
#12387=CARTESIAN_POINT('',(3.175,3.27,0.09));
#12388=CARTESIAN_POINT('',(3.175,2.61625,0.09));
#12389=CARTESIAN_POINT('',(2.975,3.27,0.09));
#12390=CARTESIAN_POINT('Origin',(3.175,2.635,0.09));
#12391=CARTESIAN_POINT('',(3.175,2.635,-0.03));
#12392=CARTESIAN_POINT('',(3.175,2.635,0.09));
#12393=CARTESIAN_POINT('',(3.175,3.27,-0.03));
#12394=CARTESIAN_POINT('',(3.175,3.27,-0.03));
#12395=CARTESIAN_POINT('',(3.175,3.27,0.09));
#12396=CARTESIAN_POINT('Origin',(2.975,2.635,0.09));
#12397=CARTESIAN_POINT('',(3.175,2.635,-0.03));
#12398=CARTESIAN_POINT('Origin',(3.175,3.27,0.09));
#12399=CARTESIAN_POINT('',(2.975,3.27,-0.03));
#12400=CARTESIAN_POINT('Origin',(3.075,2.9525,-0.03));
#12401=CARTESIAN_POINT('Origin',(2.525,2.9525,0.09));
#12402=CARTESIAN_POINT('',(2.625,3.27,0.09));
#12403=CARTESIAN_POINT('',(2.625,2.61625,0.09));
#12404=CARTESIAN_POINT('',(2.425,3.27,0.09));
#12405=CARTESIAN_POINT('Origin',(2.625,2.635,0.09));
#12406=CARTESIAN_POINT('',(2.625,2.635,-0.03));
#12407=CARTESIAN_POINT('',(2.625,2.635,0.09));
#12408=CARTESIAN_POINT('',(2.625,3.27,-0.03));
#12409=CARTESIAN_POINT('',(2.625,3.27,-0.03));
#12410=CARTESIAN_POINT('',(2.625,3.27,0.09));
#12411=CARTESIAN_POINT('Origin',(2.425,2.635,0.09));
#12412=CARTESIAN_POINT('',(2.625,2.635,-0.03));
#12413=CARTESIAN_POINT('Origin',(2.625,3.27,0.09));
#12414=CARTESIAN_POINT('',(2.425,3.27,-0.03));
#12415=CARTESIAN_POINT('Origin',(2.525,2.9525,-0.03));
#12416=CARTESIAN_POINT('Origin',(2.275,2.9525,0.09));
#12417=CARTESIAN_POINT('',(2.375,3.27,0.09));
#12418=CARTESIAN_POINT('',(2.375,2.61625,0.09));
#12419=CARTESIAN_POINT('',(2.175,3.27,0.09));
#12420=CARTESIAN_POINT('Origin',(2.375,2.635,0.09));
#12421=CARTESIAN_POINT('',(2.375,2.635,-0.03));
#12422=CARTESIAN_POINT('',(2.375,2.635,0.09));
#12423=CARTESIAN_POINT('',(2.375,3.27,-0.03));
#12424=CARTESIAN_POINT('',(2.375,3.27,-0.03));
#12425=CARTESIAN_POINT('',(2.375,3.27,0.09));
#12426=CARTESIAN_POINT('Origin',(2.175,2.635,0.09));
#12427=CARTESIAN_POINT('',(2.375,2.635,-0.03));
#12428=CARTESIAN_POINT('Origin',(2.375,3.27,0.09));
#12429=CARTESIAN_POINT('',(2.175,3.27,-0.03));
#12430=CARTESIAN_POINT('Origin',(2.275,2.9525,-0.03));
#12431=CARTESIAN_POINT('Origin',(1.75,2.9525,0.09));
#12432=CARTESIAN_POINT('',(1.85,3.27,0.09));
#12433=CARTESIAN_POINT('',(1.85,3.27,0.09));
#12434=CARTESIAN_POINT('',(1.65,3.27,0.09));
#12435=CARTESIAN_POINT('Origin',(1.85,2.635,0.09));
#12436=CARTESIAN_POINT('',(1.85,2.635,-0.03));
#12437=CARTESIAN_POINT('',(1.85,2.635,0.09));
#12438=CARTESIAN_POINT('',(1.85,3.27,-0.03));
#12439=CARTESIAN_POINT('',(1.85,3.27,-0.03));
#12440=CARTESIAN_POINT('',(1.85,3.27,0.09));
#12441=CARTESIAN_POINT('Origin',(1.65,2.635,0.09));
#12442=CARTESIAN_POINT('',(1.85,2.635,-0.03));
#12443=CARTESIAN_POINT('Origin',(1.85,3.27,0.09));
#12444=CARTESIAN_POINT('',(1.65,3.27,-0.03));
#12445=CARTESIAN_POINT('Origin',(1.75,2.9525,-0.03));
#12446=CARTESIAN_POINT('Origin',(1.25,2.9525,0.09));
#12447=CARTESIAN_POINT('',(1.35,3.27,0.09));
#12448=CARTESIAN_POINT('',(1.35,3.27,0.09));
#12449=CARTESIAN_POINT('',(1.15,3.27,0.09));
#12450=CARTESIAN_POINT('Origin',(1.35,3.27,0.09));
#12451=CARTESIAN_POINT('',(1.35,3.27,-0.03));
#12452=CARTESIAN_POINT('',(1.35,3.27,0.09));
#12453=CARTESIAN_POINT('',(1.15,3.27,-0.03));
#12454=CARTESIAN_POINT('Origin',(1.35,2.635,0.09));
#12455=CARTESIAN_POINT('',(1.35,2.635,-0.03));
#12456=CARTESIAN_POINT('',(1.35,2.635,0.09));
#12457=CARTESIAN_POINT('',(1.35,3.27,-0.03));
#12458=CARTESIAN_POINT('Origin',(1.15,2.635,0.09));
#12459=CARTESIAN_POINT('',(1.35,2.635,-0.03));
#12460=CARTESIAN_POINT('Origin',(1.25,2.9525,-0.03));
#12461=CARTESIAN_POINT('Origin',(0.75,2.9525,0.09));
#12462=CARTESIAN_POINT('',(0.85,3.27,0.09));
#12463=CARTESIAN_POINT('',(0.85,3.27,0.09));
#12464=CARTESIAN_POINT('',(0.65,3.27,0.09));
#12465=CARTESIAN_POINT('Origin',(0.85,2.635,0.09));
#12466=CARTESIAN_POINT('',(0.85,2.635,-0.03));
#12467=CARTESIAN_POINT('',(0.85,2.635,0.09));
#12468=CARTESIAN_POINT('',(0.85,3.27,-0.03));
#12469=CARTESIAN_POINT('',(0.85,3.27,-0.03));
#12470=CARTESIAN_POINT('',(0.85,3.27,0.09));
#12471=CARTESIAN_POINT('Origin',(0.65,2.635,0.09));
#12472=CARTESIAN_POINT('',(0.85,2.635,-0.03));
#12473=CARTESIAN_POINT('Origin',(0.85,3.27,0.09));
#12474=CARTESIAN_POINT('',(0.65,3.27,-0.03));
#12475=CARTESIAN_POINT('Origin',(0.75,2.9525,-0.03));
#12476=CARTESIAN_POINT('Origin',(0.25,2.9525,0.09));
#12477=CARTESIAN_POINT('',(0.35,3.27,0.09));
#12478=CARTESIAN_POINT('',(0.35,3.27,0.09));
#12479=CARTESIAN_POINT('',(0.15,3.27,0.09));
#12480=CARTESIAN_POINT('Origin',(0.35,2.635,0.09));
#12481=CARTESIAN_POINT('',(0.35,2.635,-0.03));
#12482=CARTESIAN_POINT('',(0.35,2.635,0.09));
#12483=CARTESIAN_POINT('',(0.35,3.27,-0.03));
#12484=CARTESIAN_POINT('',(0.35,3.27,-0.03));
#12485=CARTESIAN_POINT('',(0.35,3.27,0.09));
#12486=CARTESIAN_POINT('Origin',(0.15,2.635,0.09));
#12487=CARTESIAN_POINT('',(0.35,2.635,-0.03));
#12488=CARTESIAN_POINT('Origin',(0.35,3.27,0.09));
#12489=CARTESIAN_POINT('',(0.15,3.27,-0.03));
#12490=CARTESIAN_POINT('Origin',(0.25,2.9525,-0.03));
#12491=CARTESIAN_POINT('Origin',(3.345,-0.6525,1.98));
#12492=CARTESIAN_POINT('',(3.345,-2.3025,1.98));
#12493=CARTESIAN_POINT('',(3.345,-0.2725,1.43));
#12494=CARTESIAN_POINT('',(3.345,-0.2725,1.98));
#12495=CARTESIAN_POINT('',(3.345,-0.2725,1.93));
#12496=CARTESIAN_POINT('',(3.345,-0.2725,1.93));
#12497=CARTESIAN_POINT('',(3.345,-0.2725,1.98));
#12498=CARTESIAN_POINT('Origin',(3.345,-2.3025,1.98));
#12499=CARTESIAN_POINT('',(3.095,-3.1025,1.83));
#12500=CARTESIAN_POINT('',(3.110712290503,-3.052220670391,1.880279329609));
#12501=CARTESIAN_POINT('',(3.095,-3.1025,1.53));
#12502=CARTESIAN_POINT('',(3.095,-3.1025,1.98));
#12503=CARTESIAN_POINT('',(3.138063314711,-2.964697392924,1.392197392924));
#12504=CARTESIAN_POINT('Origin',(1.6725,-0.2725,1.68));
#12505=CARTESIAN_POINT('Origin',(2.995,-0.2725,1.43));
#12506=CARTESIAN_POINT('Origin',(1.6725,-0.2725,1.68));
#12507=CARTESIAN_POINT('Origin',(2.995,-0.2725,1.93));
#12508=CARTESIAN_POINT('Origin',(2.995,1.3475,1.43));
#12509=CARTESIAN_POINT('',(2.995,1.3475,1.08));
#12510=CARTESIAN_POINT('',(2.995,1.3475,1.08));
#12511=CARTESIAN_POINT('',(3.345,1.3475,1.43));
#12512=CARTESIAN_POINT('Origin',(2.995,1.3475,1.43));
#12513=CARTESIAN_POINT('',(3.345,1.3475,1.43));
#12514=CARTESIAN_POINT('Origin',(3.345,1.3475,1.93));
#12515=CARTESIAN_POINT('',(3.345,1.3475,1.93));
#12516=CARTESIAN_POINT('',(3.345,1.3475,1.93));
#12517=CARTESIAN_POINT('',(3.345,1.3475,1.93));
#12518=CARTESIAN_POINT('Origin',(2.995,1.3475,1.93));
#12519=CARTESIAN_POINT('',(2.995,1.3475,2.28));
#12520=CARTESIAN_POINT('Origin',(2.995,1.3475,1.93));
#12521=CARTESIAN_POINT('',(2.995,1.3475,2.28));
#12522=CARTESIAN_POINT('Origin',(4.15,2.1475,1.98));
#12523=CARTESIAN_POINT('',(4.15,1.3475,1.98));
#12524=CARTESIAN_POINT('',(4.15,2.1475,1.98));
#12525=CARTESIAN_POINT('',(4.15,1.3475,1.38));
#12526=CARTESIAN_POINT('',(4.15,1.3475,1.98));
#12527=CARTESIAN_POINT('',(4.15,2.1475,1.38));
#12528=CARTESIAN_POINT('Origin',(3.19,2.1475,1.38));
#12529=CARTESIAN_POINT('Origin',(3.19,2.1475,1.38));
#12530=CARTESIAN_POINT('Origin',(3.19,1.3475,1.38));
#12531=CARTESIAN_POINT('Origin',(3.19,2.1475,1.98));
#12532=CARTESIAN_POINT('Origin',(3.19,2.1475,1.98));
#12533=CARTESIAN_POINT('',(3.19,1.3475,2.94));
#12534=CARTESIAN_POINT('',(3.19,2.1475,2.94));
#12535=CARTESIAN_POINT('Origin',(3.19,1.3475,1.98));
#12536=CARTESIAN_POINT('Origin',(2.000682937926,2.1475,1.632485022951));
#12537=CARTESIAN_POINT('Origin',(2.000682937926,2.1475,1.632485022951));
#12538=CARTESIAN_POINT('Origin',(-0.15,3.27,0.09));
#12539=CARTESIAN_POINT('',(-0.15,3.27,-0.03));
#12540=CARTESIAN_POINT('',(-0.15,2.635,-0.03));
#12541=CARTESIAN_POINT('',(-0.15,3.27,0.09));
#12542=CARTESIAN_POINT('',(-0.15,3.27,0.09));
#12543=CARTESIAN_POINT('',(-0.15,2.635,0.09));
#12544=CARTESIAN_POINT('Origin',(-0.35,3.27,0.09));
#12545=CARTESIAN_POINT('',(-0.15,3.27,0.09));
#12546=CARTESIAN_POINT('',(-0.15,3.27,-0.03));
#12547=CARTESIAN_POINT('Origin',(-0.25,2.9525,-0.03));
#12548=CARTESIAN_POINT('Origin',(-0.25,2.9525,0.09));
#12549=CARTESIAN_POINT('Origin',(-0.65,3.27,0.09));
#12550=CARTESIAN_POINT('',(-0.65,3.27,-0.03));
#12551=CARTESIAN_POINT('',(-0.65,2.635,-0.03));
#12552=CARTESIAN_POINT('',(-0.65,3.27,0.09));
#12553=CARTESIAN_POINT('',(-0.65,3.27,0.09));
#12554=CARTESIAN_POINT('',(-0.65,2.635,0.09));
#12555=CARTESIAN_POINT('Origin',(-0.85,3.27,0.09));
#12556=CARTESIAN_POINT('',(-0.65,3.27,0.09));
#12557=CARTESIAN_POINT('',(-0.65,3.27,-0.03));
#12558=CARTESIAN_POINT('Origin',(-0.75,2.9525,-0.03));
#12559=CARTESIAN_POINT('Origin',(-0.75,2.9525,0.09));
#12560=CARTESIAN_POINT('Origin',(-1.15,3.27,0.09));
#12561=CARTESIAN_POINT('',(-1.15,3.27,-0.03));
#12562=CARTESIAN_POINT('',(-1.15,2.635,-0.03));
#12563=CARTESIAN_POINT('',(-1.15,3.27,0.09));
#12564=CARTESIAN_POINT('',(-1.15,3.27,0.09));
#12565=CARTESIAN_POINT('',(-1.15,2.635,0.09));
#12566=CARTESIAN_POINT('Origin',(-1.35,3.27,0.09));
#12567=CARTESIAN_POINT('',(-1.15,3.27,0.09));
#12568=CARTESIAN_POINT('',(-1.15,3.27,-0.03));
#12569=CARTESIAN_POINT('Origin',(-1.25,2.9525,-0.03));
#12570=CARTESIAN_POINT('Origin',(-1.25,2.9525,0.09));
#12571=CARTESIAN_POINT('Origin',(-1.65,3.27,0.09));
#12572=CARTESIAN_POINT('',(-1.65,3.27,-0.03));
#12573=CARTESIAN_POINT('',(-1.65,2.635,-0.03));
#12574=CARTESIAN_POINT('',(-1.65,3.27,0.09));
#12575=CARTESIAN_POINT('',(-1.65,3.27,0.09));
#12576=CARTESIAN_POINT('',(-1.65,2.635,0.09));
#12577=CARTESIAN_POINT('Origin',(-1.85,3.27,0.09));
#12578=CARTESIAN_POINT('',(-1.65,3.27,0.09));
#12579=CARTESIAN_POINT('',(-1.65,3.27,-0.03));
#12580=CARTESIAN_POINT('Origin',(-1.75,2.9525,-0.03));
#12581=CARTESIAN_POINT('Origin',(-1.75,2.9525,0.09));
#12582=CARTESIAN_POINT('Origin',(-2.175,3.27,0.09));
#12583=CARTESIAN_POINT('',(-2.175,3.27,-0.03));
#12584=CARTESIAN_POINT('',(-2.175,2.635,-0.03));
#12585=CARTESIAN_POINT('',(-2.175,3.27,0.09));
#12586=CARTESIAN_POINT('',(-2.175,3.27,0.09));
#12587=CARTESIAN_POINT('',(-2.175,2.635,0.09));
#12588=CARTESIAN_POINT('Origin',(-2.375,3.27,0.09));
#12589=CARTESIAN_POINT('',(-2.175,3.27,0.09));
#12590=CARTESIAN_POINT('',(-2.175,3.27,-0.03));
#12591=CARTESIAN_POINT('Origin',(-2.275,2.9525,-0.03));
#12592=CARTESIAN_POINT('Origin',(-2.275,2.9525,0.09));
#12593=CARTESIAN_POINT('Origin',(-2.425,3.27,0.09));
#12594=CARTESIAN_POINT('',(-2.425,3.27,-0.03));
#12595=CARTESIAN_POINT('',(-2.425,2.635,-0.03));
#12596=CARTESIAN_POINT('',(-2.425,3.27,0.09));
#12597=CARTESIAN_POINT('',(-2.425,3.27,0.09));
#12598=CARTESIAN_POINT('',(-2.425,2.635,0.09));
#12599=CARTESIAN_POINT('Origin',(-2.625,3.27,0.09));
#12600=CARTESIAN_POINT('',(-2.425,3.27,0.09));
#12601=CARTESIAN_POINT('',(-2.425,3.27,-0.03));
#12602=CARTESIAN_POINT('Origin',(-2.525,2.9525,-0.03));
#12603=CARTESIAN_POINT('Origin',(-2.525,2.9525,0.09));
#12604=CARTESIAN_POINT('Origin',(-2.975,3.27,0.09));
#12605=CARTESIAN_POINT('',(-2.975,3.27,-0.03));
#12606=CARTESIAN_POINT('',(-2.975,2.635,-0.03));
#12607=CARTESIAN_POINT('',(-2.975,3.27,0.09));
#12608=CARTESIAN_POINT('',(-2.975,3.27,0.09));
#12609=CARTESIAN_POINT('',(-2.975,2.635,0.09));
#12610=CARTESIAN_POINT('Origin',(-3.175,3.27,0.09));
#12611=CARTESIAN_POINT('',(-2.975,3.27,0.09));
#12612=CARTESIAN_POINT('',(-2.975,3.27,-0.03));
#12613=CARTESIAN_POINT('Origin',(-3.075,2.9525,-0.03));
#12614=CARTESIAN_POINT('Origin',(-3.075,2.9525,0.09));
#12615=CARTESIAN_POINT('Origin',(-3.225,3.27,0.09));
#12616=CARTESIAN_POINT('',(-3.225,3.27,-0.03));
#12617=CARTESIAN_POINT('',(-3.225,2.635,-0.03));
#12618=CARTESIAN_POINT('',(-3.225,3.27,0.09));
#12619=CARTESIAN_POINT('',(-3.225,3.27,0.09));
#12620=CARTESIAN_POINT('',(-3.225,2.635,0.09));
#12621=CARTESIAN_POINT('Origin',(-3.425,3.27,0.09));
#12622=CARTESIAN_POINT('',(-3.225,3.27,0.09));
#12623=CARTESIAN_POINT('',(-3.225,3.27,-0.03));
#12624=CARTESIAN_POINT('Origin',(-3.325,2.9525,-0.03));
#12625=CARTESIAN_POINT('Origin',(-3.325,2.9525,0.09));
#12626=CARTESIAN_POINT('Origin',(-3.345,-0.6525,1.98));
#12627=CARTESIAN_POINT('',(-3.345,-0.2725,1.93));
#12628=CARTESIAN_POINT('',(-3.345,-0.2725,1.98));
#12629=CARTESIAN_POINT('',(-3.345,-0.2725,1.43));
#12630=CARTESIAN_POINT('',(-3.345,-0.2725,1.93));
#12631=CARTESIAN_POINT('',(-3.345,-0.2725,1.98));
#12632=CARTESIAN_POINT('',(-3.345,-2.3025,1.98));
#12633=CARTESIAN_POINT('Origin',(-3.095,-3.0275,1.455));
#12634=CARTESIAN_POINT('',(-3.095,-3.1025,1.53));
#12635=CARTESIAN_POINT('',(-3.138063314711,-2.964697392924,1.392197392924));
#12636=CARTESIAN_POINT('',(3.095,-3.1025,1.53));
#12637=CARTESIAN_POINT('Origin',(-1.6725,-3.1025,1.68));
#12638=CARTESIAN_POINT('',(-3.095,-3.1025,1.83));
#12639=CARTESIAN_POINT('',(4.286263797016E-17,-3.1025,1.83));
#12640=CARTESIAN_POINT('',(-3.095,-3.1025,1.98));
#12641=CARTESIAN_POINT('Origin',(5.204748896376E-17,-3.0275,1.905));
#12642=CARTESIAN_POINT('',(-3.110712290503,-3.052220670391,1.880279329609));
#12643=CARTESIAN_POINT('Origin',(-3.345,-2.3025,1.98));
#12644=CARTESIAN_POINT('Origin',(-1.6725,-0.2725,1.68));
#12645=CARTESIAN_POINT('Origin',(-2.995,-0.2725,1.43));
#12646=CARTESIAN_POINT('Origin',(-2.995,1.3475,1.08));
#12647=CARTESIAN_POINT('',(-2.995,1.3475,1.08));
#12648=CARTESIAN_POINT('',(-2.995,1.3475,1.08));
#12649=CARTESIAN_POINT('',(2.995,1.3475,1.08));
#12650=CARTESIAN_POINT('Origin',(5.778304635907E-16,1.3475,2.28));
#12651=CARTESIAN_POINT('',(-2.995,1.3475,2.28));
#12652=CARTESIAN_POINT('',(6.078304635907E-16,1.3475,2.28));
#12653=CARTESIAN_POINT('',(-2.995,1.3475,2.28));
#12654=CARTESIAN_POINT('Origin',(-1.6725,-0.2725,1.68));
#12655=CARTESIAN_POINT('Origin',(-2.995,-0.2725,1.93));
#12656=CARTESIAN_POINT('Origin',(-2.995,1.3475,1.43));
#12657=CARTESIAN_POINT('',(-3.345,1.3475,1.43));
#12658=CARTESIAN_POINT('',(-3.345,1.3475,1.43));
#12659=CARTESIAN_POINT('Origin',(-2.995,1.3475,1.43));
#12660=CARTESIAN_POINT('Origin',(-3.345,1.3475,1.93));
#12661=CARTESIAN_POINT('',(-3.345,1.3475,1.93));
#12662=CARTESIAN_POINT('',(-3.345,1.3475,1.93));
#12663=CARTESIAN_POINT('',(-3.345,1.3475,1.93));
#12664=CARTESIAN_POINT('Origin',(-1.919448839728,1.3475,1.68));
#12665=CARTESIAN_POINT('',(-3.19,1.3475,2.94));
#12666=CARTESIAN_POINT('',(5.878304635907E-16,1.3475,2.94));
#12667=CARTESIAN_POINT('',(-4.15,1.3475,1.98));
#12668=CARTESIAN_POINT('Origin',(-3.19,1.3475,1.98));
#12669=CARTESIAN_POINT('',(-4.15,1.3475,1.98));
#12670=CARTESIAN_POINT('Origin',(-2.995,1.3475,1.93));
#12671=CARTESIAN_POINT('Origin',(-2.995,1.3475,1.93));
#12672=CARTESIAN_POINT('Origin',(6.858022075225E-16,2.1475,2.94));
#12673=CARTESIAN_POINT('',(-3.19,2.1475,2.94));
#12674=CARTESIAN_POINT('Origin',(-4.15,2.1475,1.98));
#12675=CARTESIAN_POINT('',(-4.15,2.1475,1.98));
#12676=CARTESIAN_POINT('Origin',(-3.19,2.1475,1.98));
#12677=CARTESIAN_POINT('Origin',(-3.19,2.1475,1.98));
#12678=CARTESIAN_POINT('Origin',(-0.7,2.4475,2.565));
#12679=CARTESIAN_POINT('Origin',(-2.000682937926,2.1475,1.632485022951));
#12680=UNCERTAINTY_MEASURE_WITH_UNIT(LENGTH_MEASURE(0.01),#12684,
'DISTANCE_ACCURACY_VALUE',
'Maximum model space distance between geometric entities at asserted c
onnectivities');
#12681=UNCERTAINTY_MEASURE_WITH_UNIT(LENGTH_MEASURE(0.01),#12684,
'DISTANCE_ACCURACY_VALUE',
'Maximum model space distance between geometric entities at asserted c
onnectivities');
#12682=(
GEOMETRIC_REPRESENTATION_CONTEXT(3)
GLOBAL_UNCERTAINTY_ASSIGNED_CONTEXT((#12680))
GLOBAL_UNIT_ASSIGNED_CONTEXT((#12684,#12686,#12687))
REPRESENTATION_CONTEXT('','3D')
);
#12683=(
GEOMETRIC_REPRESENTATION_CONTEXT(3)
GLOBAL_UNCERTAINTY_ASSIGNED_CONTEXT((#12681))
GLOBAL_UNIT_ASSIGNED_CONTEXT((#12684,#12686,#12687))
REPRESENTATION_CONTEXT('','3D')
);
#12684=(
LENGTH_UNIT()
NAMED_UNIT(*)
SI_UNIT(.MILLI.,.METRE.)
);
#12685=(
LENGTH_UNIT()
NAMED_UNIT(*)
SI_UNIT($,.METRE.)
);
#12686=(
NAMED_UNIT(*)
PLANE_ANGLE_UNIT()
SI_UNIT($,.RADIAN.)
);
#12687=(
NAMED_UNIT(*)
SI_UNIT($,.STERADIAN.)
SOLID_ANGLE_UNIT()
);
#12688=SHAPE_DEFINITION_REPRESENTATION(#12689,#12690);
#12689=PRODUCT_DEFINITION_SHAPE('',$,#12692);
#12690=SHAPE_REPRESENTATION('',(#7826),#12682);
#12691=PRODUCT_DEFINITION_CONTEXT('part definition',#12696,'design');
#12692=PRODUCT_DEFINITION(
'USB_C_Receptacle_6P_TopMnt_Horizontal_GCT_USB4135-GF-A',
'GCT_USB4216_SMD',#12693,#12691);
#12693=PRODUCT_DEFINITION_FORMATION('',$,#12698);
#12694=PRODUCT_RELATED_PRODUCT_CATEGORY('GCT_USB4216_SMD',
'GCT_USB4216_SMD',(#12698));
#12695=APPLICATION_PROTOCOL_DEFINITION('international standard',
'automotive_design',2009,#12696);
#12696=APPLICATION_CONTEXT(
'Core Data for Automotive Mechanical Design Process');
#12697=PRODUCT_CONTEXT('part definition',#12696,'mechanical');
#12698=PRODUCT('USB_C_Receptacle_6P_TopMnt_Horizontal_GCT_USB4135-GF-A',
'GCT_USB4216_SMD','FreeCAD Model',(#12697));
#12699=PRESENTATION_STYLE_ASSIGNMENT((#12702));
#12700=PRESENTATION_STYLE_ASSIGNMENT((#12703));
#12701=PRESENTATION_STYLE_ASSIGNMENT((#12704));
#12702=SURFACE_STYLE_USAGE(.BOTH.,#12705);
#12703=SURFACE_STYLE_USAGE(.BOTH.,#12706);
#12704=SURFACE_STYLE_USAGE(.BOTH.,#12707);
#12705=SURFACE_SIDE_STYLE('',(#12708));
#12706=SURFACE_SIDE_STYLE('',(#12709));
#12707=SURFACE_SIDE_STYLE('',(#12710));
#12708=SURFACE_STYLE_FILL_AREA(#12711);
#12709=SURFACE_STYLE_FILL_AREA(#12712);
#12710=SURFACE_STYLE_FILL_AREA(#12713);
#12711=FILL_AREA_STYLE('Steel - Satin',(#12714));
#12712=FILL_AREA_STYLE('Aluminum - Satin',(#12715));
#12713=FILL_AREA_STYLE('Electronics Black',(#12716));
#12714=FILL_AREA_STYLE_COLOUR('Steel - Satin',#12717);
#12715=FILL_AREA_STYLE_COLOUR('Aluminum - Satin',#12718);
#12716=FILL_AREA_STYLE_COLOUR('Electronics Black',#12719);
#12717=COLOUR_RGB('Steel - Satin',0.627450980392157,0.627450980392157,0.627450980392157);
#12718=COLOUR_RGB('Aluminum - Satin',0.96078431372549,0.96078431372549,
0.964705882352941);
#12719=COLOUR_RGB('Electronics Black',0.137254901960784,0.137254901960784,
0.137254901960784);
ENDSEC;
END-ISO-10303-21;
