ISO-10303-21;
HEADER;
/* Generated by software containing ST-Developer
 * from STEP Tools, Inc. (www.steptools.com) 
 */

FILE_DESCRIPTION(
/* description */ ('STEP AP214'),
/* implementation_level */ '2;1');

FILE_NAME(
/* name */ 'TO263 Heatsink.step',
/* time_stamp */ '2025-09-22T13:47:32+02:00',
/* author */ (''),
/* organization */ (''),
/* preprocessor_version */ 'ST-DEVELOPER v20.1',
/* originating_system */ 'Autodesk Translation Framework v14.17.0.0',
/* authorisation */ '');

FILE_SCHEMA (('AUTOMOTIVE_DESIGN { 1 0 10303 214 3 1 1 }'));
ENDSEC;

DATA;
#10=MECHANICAL_DESIGN_GEOMETRIC_PRESENTATION_REPRESENTATION('',(#13),#3035);
#11=SHAPE_REPRESENTATION_RELATIONSHIP('SRR','None',#3041,#12);
#12=ADVANCED_BREP_SHAPE_REPRESENTATION('',(#14),#3034);
#13=STYLED_ITEM('',(#3051),#14);
#14=MANIFOLD_SOLID_BREP('K\X\F6rper1',#1803);
#15=CIRCLE('',#1807,0.035);
#16=CIRCLE('',#1808,0.035);
#17=CIRCLE('',#1810,0.635);
#18=CIRCLE('',#1811,0.635);
#19=CIRCLE('',#1813,0.3175);
#20=CIRCLE('',#1814,0.3175);
#21=CIRCLE('',#1817,0.3175);
#22=CIRCLE('',#1818,0.3175);
#23=CIRCLE('',#1820,0.70555);
#24=CIRCLE('',#1821,0.70555);
#25=CIRCLE('',#1822,0.70555);
#26=CIRCLE('',#1823,0.705549999999999);
#27=CIRCLE('',#1825,0.3175);
#28=CIRCLE('',#1826,0.3175);
#29=CIRCLE('',#1828,0.3175);
#30=CIRCLE('',#1829,0.3175);
#31=CIRCLE('',#1831,0.3175);
#32=CIRCLE('',#1832,0.3175);
#33=CIRCLE('',#1834,0.3175);
#34=CIRCLE('',#1835,0.3175);
#35=CIRCLE('',#1837,0.705549999999999);
#36=CIRCLE('',#1838,0.70555);
#37=CIRCLE('',#1839,0.70555);
#38=CIRCLE('',#1840,0.70555);
#39=CIRCLE('',#1842,0.635);
#40=CIRCLE('',#1843,0.635);
#41=CIRCLE('',#1845,0.70555);
#42=CIRCLE('',#1846,0.70555);
#43=CIRCLE('',#1847,0.70555);
#44=CIRCLE('',#1848,0.705549999999999);
#45=CIRCLE('',#1850,0.635);
#46=CIRCLE('',#1851,0.635);
#47=CIRCLE('',#1854,0.705549999999999);
#48=CIRCLE('',#1855,0.70555);
#49=CIRCLE('',#1856,0.70555);
#50=CIRCLE('',#1857,0.70555);
#51=CIRCLE('',#1859,0.635);
#52=CIRCLE('',#1860,0.635);
#53=CIRCLE('',#1863,0.635);
#54=CIRCLE('',#1864,0.635);
#55=CIRCLE('',#1867,0.635);
#56=CIRCLE('',#1868,0.635);
#57=CIRCLE('',#1870,0.635);
#58=CIRCLE('',#1871,0.635);
#59=CIRCLE('',#1888,0.035);
#60=CIRCLE('',#1889,0.035);
#61=CIRCLE('',#1891,0.635);
#62=CIRCLE('',#1892,0.635);
#63=CIRCLE('',#1894,0.3175);
#64=CIRCLE('',#1895,0.635);
#65=CIRCLE('',#1896,0.3175);
#66=CIRCLE('',#1897,0.635);
#67=CIRCLE('',#1899,0.3175);
#68=CIRCLE('',#1902,0.3175);
#69=CIRCLE('',#1903,0.3175);
#70=CIRCLE('',#1905,0.705549999999999);
#71=CIRCLE('',#1906,0.70555);
#72=CIRCLE('',#1907,0.70555);
#73=CIRCLE('',#1908,0.70555);
#74=CIRCLE('',#1910,0.3175);
#75=CIRCLE('',#1911,0.3175);
#76=CIRCLE('',#1913,0.3175);
#77=CIRCLE('',#1914,0.3175);
#78=CIRCLE('',#1916,0.3175);
#79=CIRCLE('',#1917,0.3175);
#80=CIRCLE('',#1919,0.3175);
#81=CIRCLE('',#1921,0.70555);
#82=CIRCLE('',#1922,0.70555);
#83=CIRCLE('',#1923,0.70555);
#84=CIRCLE('',#1924,0.705549999999999);
#85=CIRCLE('',#1926,0.635);
#86=CIRCLE('',#1927,0.635);
#87=CIRCLE('',#1929,0.635);
#88=CIRCLE('',#1931,0.705549999999999);
#89=CIRCLE('',#1932,0.70555);
#90=CIRCLE('',#1933,0.70555);
#91=CIRCLE('',#1934,0.70555);
#92=CIRCLE('',#1936,0.635);
#93=CIRCLE('',#1937,0.635);
#94=CIRCLE('',#1940,0.70555);
#95=CIRCLE('',#1941,0.70555);
#96=CIRCLE('',#1942,0.70555);
#97=CIRCLE('',#1943,0.705549999999999);
#98=CIRCLE('',#1945,0.635);
#99=CIRCLE('',#1946,0.635);
#100=CIRCLE('',#1949,0.635);
#101=CIRCLE('',#1950,0.635);
#102=CIRCLE('',#1953,0.635);
#103=CYLINDRICAL_SURFACE('',#1806,0.035);
#104=CYLINDRICAL_SURFACE('',#1809,0.635);
#105=CYLINDRICAL_SURFACE('',#1812,0.3175);
#106=CYLINDRICAL_SURFACE('',#1816,0.3175);
#107=CYLINDRICAL_SURFACE('',#1824,0.3175);
#108=CYLINDRICAL_SURFACE('',#1827,0.3175);
#109=CYLINDRICAL_SURFACE('',#1830,0.3175);
#110=CYLINDRICAL_SURFACE('',#1833,0.3175);
#111=CYLINDRICAL_SURFACE('',#1841,0.635);
#112=CYLINDRICAL_SURFACE('',#1849,0.635);
#113=CYLINDRICAL_SURFACE('',#1858,0.635);
#114=CYLINDRICAL_SURFACE('',#1862,0.635);
#115=CYLINDRICAL_SURFACE('',#1866,0.635);
#116=CYLINDRICAL_SURFACE('',#1869,0.635);
#117=CYLINDRICAL_SURFACE('',#1872,0.70555);
#118=CYLINDRICAL_SURFACE('',#1873,0.70555);
#119=CYLINDRICAL_SURFACE('',#1874,0.705549999999999);
#120=CYLINDRICAL_SURFACE('',#1875,0.70555);
#121=CYLINDRICAL_SURFACE('',#1876,0.70555);
#122=CYLINDRICAL_SURFACE('',#1878,0.70555);
#123=CYLINDRICAL_SURFACE('',#1880,0.70555);
#124=CYLINDRICAL_SURFACE('',#1884,0.705549999999999);
#125=CYLINDRICAL_SURFACE('',#1887,0.035);
#126=CYLINDRICAL_SURFACE('',#1890,0.635);
#127=CYLINDRICAL_SURFACE('',#1898,0.3175);
#128=CYLINDRICAL_SURFACE('',#1901,0.3175);
#129=CYLINDRICAL_SURFACE('',#1909,0.3175);
#130=CYLINDRICAL_SURFACE('',#1912,0.3175);
#131=CYLINDRICAL_SURFACE('',#1915,0.3175);
#132=CYLINDRICAL_SURFACE('',#1918,0.3175);
#133=CYLINDRICAL_SURFACE('',#1925,0.635);
#134=CYLINDRICAL_SURFACE('',#1935,0.635);
#135=CYLINDRICAL_SURFACE('',#1944,0.635);
#136=CYLINDRICAL_SURFACE('',#1948,0.635);
#137=CYLINDRICAL_SURFACE('',#1952,0.635);
#138=CYLINDRICAL_SURFACE('',#1954,0.635);
#139=CYLINDRICAL_SURFACE('',#1955,0.70555);
#140=CYLINDRICAL_SURFACE('',#1956,0.70555);
#141=CYLINDRICAL_SURFACE('',#1957,0.705549999999999);
#142=CYLINDRICAL_SURFACE('',#1958,0.70555);
#143=CYLINDRICAL_SURFACE('',#1959,0.70555);
#144=CYLINDRICAL_SURFACE('',#1961,0.70555);
#145=CYLINDRICAL_SURFACE('',#1963,0.70555);
#146=CYLINDRICAL_SURFACE('',#1967,0.705549999999999);
#147=FACE_OUTER_BOUND('',#225,.T.);
#148=FACE_OUTER_BOUND('',#226,.T.);
#149=FACE_OUTER_BOUND('',#227,.T.);
#150=FACE_OUTER_BOUND('',#228,.T.);
#151=FACE_OUTER_BOUND('',#229,.T.);
#152=FACE_OUTER_BOUND('',#230,.T.);
#153=FACE_OUTER_BOUND('',#231,.T.);
#154=FACE_OUTER_BOUND('',#232,.T.);
#155=FACE_OUTER_BOUND('',#233,.T.);
#156=FACE_OUTER_BOUND('',#234,.T.);
#157=FACE_OUTER_BOUND('',#235,.T.);
#158=FACE_OUTER_BOUND('',#236,.T.);
#159=FACE_OUTER_BOUND('',#237,.T.);
#160=FACE_OUTER_BOUND('',#238,.T.);
#161=FACE_OUTER_BOUND('',#239,.T.);
#162=FACE_OUTER_BOUND('',#240,.T.);
#163=FACE_OUTER_BOUND('',#241,.T.);
#164=FACE_OUTER_BOUND('',#242,.T.);
#165=FACE_OUTER_BOUND('',#243,.T.);
#166=FACE_OUTER_BOUND('',#244,.T.);
#167=FACE_OUTER_BOUND('',#245,.T.);
#168=FACE_OUTER_BOUND('',#246,.T.);
#169=FACE_OUTER_BOUND('',#247,.T.);
#170=FACE_OUTER_BOUND('',#248,.T.);
#171=FACE_OUTER_BOUND('',#249,.T.);
#172=FACE_OUTER_BOUND('',#250,.T.);
#173=FACE_OUTER_BOUND('',#251,.T.);
#174=FACE_OUTER_BOUND('',#252,.T.);
#175=FACE_OUTER_BOUND('',#253,.T.);
#176=FACE_OUTER_BOUND('',#254,.T.);
#177=FACE_OUTER_BOUND('',#255,.T.);
#178=FACE_OUTER_BOUND('',#256,.T.);
#179=FACE_OUTER_BOUND('',#257,.T.);
#180=FACE_OUTER_BOUND('',#258,.T.);
#181=FACE_OUTER_BOUND('',#259,.T.);
#182=FACE_OUTER_BOUND('',#260,.T.);
#183=FACE_OUTER_BOUND('',#261,.T.);
#184=FACE_OUTER_BOUND('',#262,.T.);
#185=FACE_OUTER_BOUND('',#263,.T.);
#186=FACE_OUTER_BOUND('',#264,.T.);
#187=FACE_OUTER_BOUND('',#265,.T.);
#188=FACE_OUTER_BOUND('',#266,.T.);
#189=FACE_OUTER_BOUND('',#267,.T.);
#190=FACE_OUTER_BOUND('',#268,.T.);
#191=FACE_OUTER_BOUND('',#269,.T.);
#192=FACE_OUTER_BOUND('',#270,.T.);
#193=FACE_OUTER_BOUND('',#271,.T.);
#194=FACE_OUTER_BOUND('',#272,.T.);
#195=FACE_OUTER_BOUND('',#273,.T.);
#196=FACE_OUTER_BOUND('',#274,.T.);
#197=FACE_OUTER_BOUND('',#275,.T.);
#198=FACE_OUTER_BOUND('',#276,.T.);
#199=FACE_OUTER_BOUND('',#277,.T.);
#200=FACE_OUTER_BOUND('',#278,.T.);
#201=FACE_OUTER_BOUND('',#279,.T.);
#202=FACE_OUTER_BOUND('',#280,.T.);
#203=FACE_OUTER_BOUND('',#281,.T.);
#204=FACE_OUTER_BOUND('',#282,.T.);
#205=FACE_OUTER_BOUND('',#283,.T.);
#206=FACE_OUTER_BOUND('',#284,.T.);
#207=FACE_OUTER_BOUND('',#285,.T.);
#208=FACE_OUTER_BOUND('',#286,.T.);
#209=FACE_OUTER_BOUND('',#287,.T.);
#210=FACE_OUTER_BOUND('',#288,.T.);
#211=FACE_OUTER_BOUND('',#289,.T.);
#212=FACE_OUTER_BOUND('',#290,.T.);
#213=FACE_OUTER_BOUND('',#291,.T.);
#214=FACE_OUTER_BOUND('',#292,.T.);
#215=FACE_OUTER_BOUND('',#293,.T.);
#216=FACE_OUTER_BOUND('',#294,.T.);
#217=FACE_OUTER_BOUND('',#295,.T.);
#218=FACE_OUTER_BOUND('',#296,.T.);
#219=FACE_OUTER_BOUND('',#297,.T.);
#220=FACE_OUTER_BOUND('',#298,.T.);
#221=FACE_OUTER_BOUND('',#299,.T.);
#222=FACE_OUTER_BOUND('',#300,.T.);
#223=FACE_OUTER_BOUND('',#301,.T.);
#224=FACE_OUTER_BOUND('',#302,.T.);
#225=EDGE_LOOP('',(#1139,#1140,#1141,#1142));
#226=EDGE_LOOP('',(#1143,#1144,#1145,#1146));
#227=EDGE_LOOP('',(#1147,#1148,#1149,#1150));
#228=EDGE_LOOP('',(#1151,#1152,#1153,#1154));
#229=EDGE_LOOP('',(#1155,#1156,#1157,#1158));
#230=EDGE_LOOP('',(#1159,#1160,#1161,#1162));
#231=EDGE_LOOP('',(#1163,#1164,#1165,#1166,#1167,#1168,#1169,#1170,#1171,
#1172,#1173,#1174,#1175,#1176,#1177,#1178,#1179,#1180,#1181,#1182));
#232=EDGE_LOOP('',(#1183,#1184,#1185,#1186));
#233=EDGE_LOOP('',(#1187,#1188,#1189,#1190));
#234=EDGE_LOOP('',(#1191,#1192,#1193,#1194));
#235=EDGE_LOOP('',(#1195,#1196,#1197,#1198));
#236=EDGE_LOOP('',(#1199,#1200,#1201,#1202,#1203,#1204,#1205,#1206,#1207,
#1208,#1209,#1210,#1211,#1212,#1213,#1214,#1215,#1216,#1217,#1218));
#237=EDGE_LOOP('',(#1219,#1220,#1221,#1222));
#238=EDGE_LOOP('',(#1223,#1224,#1225,#1226,#1227,#1228,#1229,#1230,#1231,
#1232,#1233,#1234,#1235,#1236,#1237,#1238,#1239,#1240,#1241,#1242));
#239=EDGE_LOOP('',(#1243,#1244,#1245,#1246));
#240=EDGE_LOOP('',(#1247,#1248,#1249,#1250,#1251,#1252,#1253,#1254));
#241=EDGE_LOOP('',(#1255,#1256,#1257,#1258,#1259,#1260,#1261,#1262,#1263,
#1264,#1265,#1266,#1267,#1268,#1269,#1270,#1271,#1272,#1273,#1274));
#242=EDGE_LOOP('',(#1275,#1276,#1277,#1278));
#243=EDGE_LOOP('',(#1279,#1280,#1281,#1282,#1283,#1284,#1285,#1286));
#244=EDGE_LOOP('',(#1287,#1288,#1289,#1290));
#245=EDGE_LOOP('',(#1291,#1292,#1293,#1294,#1295,#1296,#1297,#1298));
#246=EDGE_LOOP('',(#1299,#1300,#1301,#1302));
#247=EDGE_LOOP('',(#1303,#1304,#1305,#1306));
#248=EDGE_LOOP('',(#1307,#1308,#1309,#1310));
#249=EDGE_LOOP('',(#1311,#1312,#1313,#1314));
#250=EDGE_LOOP('',(#1315,#1316,#1317,#1318));
#251=EDGE_LOOP('',(#1319,#1320,#1321,#1322));
#252=EDGE_LOOP('',(#1323,#1324,#1325,#1326));
#253=EDGE_LOOP('',(#1327,#1328,#1329,#1330,#1331,#1332,#1333,#1334));
#254=EDGE_LOOP('',(#1335,#1336,#1337,#1338));
#255=EDGE_LOOP('',(#1339,#1340,#1341,#1342,#1343,#1344,#1345,#1346));
#256=EDGE_LOOP('',(#1347,#1348,#1349,#1350));
#257=EDGE_LOOP('',(#1351,#1352,#1353,#1354,#1355,#1356,#1357,#1358));
#258=EDGE_LOOP('',(#1359,#1360,#1361,#1362));
#259=EDGE_LOOP('',(#1363,#1364,#1365,#1366,#1367,#1368,#1369,#1370));
#260=EDGE_LOOP('',(#1371,#1372,#1373,#1374));
#261=EDGE_LOOP('',(#1375,#1376,#1377,#1378,#1379,#1380,#1381,#1382));
#262=EDGE_LOOP('',(#1383,#1384,#1385,#1386));
#263=EDGE_LOOP('',(#1387,#1388,#1389,#1390));
#264=EDGE_LOOP('',(#1391,#1392,#1393,#1394));
#265=EDGE_LOOP('',(#1395,#1396,#1397,#1398,#1399,#1400,#1401,#1402,#1403,
#1404,#1405,#1406,#1407,#1408,#1409,#1410,#1411,#1412,#1413,#1414,#1415,
#1416,#1417,#1418,#1419,#1420,#1421,#1422));
#266=EDGE_LOOP('',(#1423,#1424,#1425,#1426));
#267=EDGE_LOOP('',(#1427,#1428,#1429,#1430));
#268=EDGE_LOOP('',(#1431,#1432,#1433,#1434));
#269=EDGE_LOOP('',(#1435,#1436,#1437,#1438,#1439,#1440,#1441,#1442,#1443,
#1444,#1445,#1446,#1447,#1448,#1449,#1450,#1451,#1452,#1453,#1454));
#270=EDGE_LOOP('',(#1455,#1456,#1457,#1458));
#271=EDGE_LOOP('',(#1459,#1460,#1461,#1462));
#272=EDGE_LOOP('',(#1463,#1464,#1465,#1466));
#273=EDGE_LOOP('',(#1467,#1468,#1469,#1470));
#274=EDGE_LOOP('',(#1471,#1472,#1473,#1474,#1475,#1476,#1477,#1478,#1479,
#1480,#1481,#1482,#1483,#1484,#1485,#1486,#1487,#1488,#1489,#1490));
#275=EDGE_LOOP('',(#1491,#1492,#1493,#1494));
#276=EDGE_LOOP('',(#1495,#1496,#1497,#1498,#1499,#1500,#1501,#1502,#1503,
#1504,#1505,#1506,#1507,#1508,#1509,#1510,#1511,#1512,#1513,#1514,#1515,
#1516,#1517,#1518,#1519,#1520,#1521,#1522));
#277=EDGE_LOOP('',(#1523,#1524,#1525,#1526,#1527,#1528,#1529,#1530,#1531,
#1532,#1533,#1534,#1535,#1536,#1537,#1538,#1539,#1540,#1541,#1542));
#278=EDGE_LOOP('',(#1543,#1544,#1545,#1546));
#279=EDGE_LOOP('',(#1547,#1548,#1549,#1550,#1551,#1552,#1553,#1554));
#280=EDGE_LOOP('',(#1555,#1556,#1557,#1558,#1559,#1560,#1561,#1562,#1563,
#1564,#1565,#1566,#1567,#1568,#1569,#1570,#1571,#1572,#1573,#1574));
#281=EDGE_LOOP('',(#1575,#1576,#1577,#1578));
#282=EDGE_LOOP('',(#1579,#1580,#1581,#1582,#1583,#1584,#1585,#1586));
#283=EDGE_LOOP('',(#1587,#1588,#1589,#1590));
#284=EDGE_LOOP('',(#1591,#1592,#1593,#1594,#1595,#1596,#1597,#1598));
#285=EDGE_LOOP('',(#1599,#1600,#1601,#1602));
#286=EDGE_LOOP('',(#1603,#1604,#1605,#1606));
#287=EDGE_LOOP('',(#1607,#1608,#1609,#1610));
#288=EDGE_LOOP('',(#1611,#1612,#1613,#1614));
#289=EDGE_LOOP('',(#1615,#1616,#1617,#1618));
#290=EDGE_LOOP('',(#1619,#1620,#1621,#1622));
#291=EDGE_LOOP('',(#1623,#1624,#1625,#1626));
#292=EDGE_LOOP('',(#1627,#1628,#1629,#1630,#1631,#1632,#1633,#1634));
#293=EDGE_LOOP('',(#1635,#1636,#1637,#1638));
#294=EDGE_LOOP('',(#1639,#1640,#1641,#1642,#1643,#1644,#1645,#1646));
#295=EDGE_LOOP('',(#1647,#1648,#1649,#1650));
#296=EDGE_LOOP('',(#1651,#1652,#1653,#1654,#1655,#1656,#1657,#1658));
#297=EDGE_LOOP('',(#1659,#1660,#1661,#1662));
#298=EDGE_LOOP('',(#1663,#1664,#1665,#1666,#1667,#1668,#1669,#1670));
#299=EDGE_LOOP('',(#1671,#1672,#1673,#1674));
#300=EDGE_LOOP('',(#1675,#1676,#1677,#1678,#1679,#1680,#1681,#1682));
#301=EDGE_LOOP('',(#1683,#1684,#1685,#1686));
#302=EDGE_LOOP('',(#1687,#1688,#1689,#1690));
#303=LINE('',#2497,#491);
#304=LINE('',#2499,#492);
#305=LINE('',#2501,#493);
#306=LINE('',#2502,#494);
#307=LINE('',#2507,#495);
#308=LINE('',#2514,#496);
#309=LINE('',#2520,#497);
#310=LINE('',#2523,#498);
#311=LINE('',#2526,#499);
#312=LINE('',#2528,#500);
#313=LINE('',#2529,#501);
#314=LINE('',#2535,#502);
#315=LINE('',#2538,#503);
#316=LINE('',#2541,#504);
#317=LINE('',#2543,#505);
#318=LINE('',#2545,#506);
#319=LINE('',#2547,#507);
#320=LINE('',#2549,#508);
#321=LINE('',#2553,#509);
#322=LINE('',#2555,#510);
#323=LINE('',#2557,#511);
#324=LINE('',#2561,#512);
#325=LINE('',#2563,#513);
#326=LINE('',#2565,#514);
#327=LINE('',#2569,#515);
#328=LINE('',#2571,#516);
#329=LINE('',#2573,#517);
#330=LINE('',#2576,#518);
#331=LINE('',#2581,#519);
#332=LINE('',#2587,#520);
#333=LINE('',#2593,#521);
#334=LINE('',#2600,#522);
#335=LINE('',#2603,#523);
#336=LINE('',#2606,#524);
#337=LINE('',#2608,#525);
#338=LINE('',#2611,#526);
#339=LINE('',#2613,#527);
#340=LINE('',#2616,#528);
#341=LINE('',#2618,#529);
#342=LINE('',#2621,#530);
#343=LINE('',#2623,#531);
#344=LINE('',#2625,#532);
#345=LINE('',#2626,#533);
#346=LINE('',#2632,#534);
#347=LINE('',#2635,#535);
#348=LINE('',#2638,#536);
#349=LINE('',#2640,#537);
#350=LINE('',#2642,#538);
#351=LINE('',#2644,#539);
#352=LINE('',#2646,#540);
#353=LINE('',#2650,#541);
#354=LINE('',#2652,#542);
#355=LINE('',#2654,#543);
#356=LINE('',#2658,#544);
#357=LINE('',#2660,#545);
#358=LINE('',#2662,#546);
#359=LINE('',#2666,#547);
#360=LINE('',#2668,#548);
#361=LINE('',#2670,#549);
#362=LINE('',#2673,#550);
#363=LINE('',#2678,#551);
#364=LINE('',#2681,#552);
#365=LINE('',#2683,#553);
#366=LINE('',#2684,#554);
#367=LINE('',#2686,#555);
#368=LINE('',#2688,#556);
#369=LINE('',#2691,#557);
#370=LINE('',#2695,#558);
#371=LINE('',#2697,#559);
#372=LINE('',#2699,#560);
#373=LINE('',#2703,#561);
#374=LINE('',#2705,#562);
#375=LINE('',#2707,#563);
#376=LINE('',#2711,#564);
#377=LINE('',#2713,#565);
#378=LINE('',#2714,#566);
#379=LINE('',#2719,#567);
#380=LINE('',#2720,#568);
#381=LINE('',#2725,#569);
#382=LINE('',#2726,#570);
#383=LINE('',#2735,#571);
#384=LINE('',#2736,#572);
#385=LINE('',#2738,#573);
#386=LINE('',#2739,#574);
#387=LINE('',#2741,#575);
#388=LINE('',#2744,#576);
#389=LINE('',#2746,#577);
#390=LINE('',#2749,#578);
#391=LINE('',#2752,#579);
#392=LINE('',#2753,#580);
#393=LINE('',#2755,#581);
#394=LINE('',#2757,#582);
#395=LINE('',#2762,#583);
#396=LINE('',#2764,#584);
#397=LINE('',#2766,#585);
#398=LINE('',#2767,#586);
#399=LINE('',#2773,#587);
#400=LINE('',#2778,#588);
#401=LINE('',#2781,#589);
#402=LINE('',#2783,#590);
#403=LINE('',#2787,#591);
#404=LINE('',#2791,#592);
#405=LINE('',#2795,#593);
#406=LINE('',#2797,#594);
#407=LINE('',#2799,#595);
#408=LINE('',#2802,#596);
#409=LINE('',#2807,#597);
#410=LINE('',#2808,#598);
#411=LINE('',#2811,#599);
#412=LINE('',#2812,#600);
#413=LINE('',#2818,#601);
#414=LINE('',#2821,#602);
#415=LINE('',#2824,#603);
#416=LINE('',#2828,#604);
#417=LINE('',#2830,#605);
#418=LINE('',#2832,#606);
#419=LINE('',#2836,#607);
#420=LINE('',#2838,#608);
#421=LINE('',#2840,#609);
#422=LINE('',#2844,#610);
#423=LINE('',#2846,#611);
#424=LINE('',#2848,#612);
#425=LINE('',#2852,#613);
#426=LINE('',#2853,#614);
#427=LINE('',#2855,#615);
#428=LINE('',#2856,#616);
#429=LINE('',#2862,#617);
#430=LINE('',#2868,#618);
#431=LINE('',#2874,#619);
#432=LINE('',#2878,#620);
#433=LINE('',#2881,#621);
#434=LINE('',#2882,#622);
#435=LINE('',#2884,#623);
#436=LINE('',#2887,#624);
#437=LINE('',#2889,#625);
#438=LINE('',#2892,#626);
#439=LINE('',#2894,#627);
#440=LINE('',#2897,#628);
#441=LINE('',#2899,#629);
#442=LINE('',#2902,#630);
#443=LINE('',#2908,#631);
#444=LINE('',#2911,#632);
#445=LINE('',#2913,#633);
#446=LINE('',#2915,#634);
#447=LINE('',#2916,#635);
#448=LINE('',#2918,#636);
#449=LINE('',#2919,#637);
#450=LINE('',#2922,#638);
#451=LINE('',#2926,#639);
#452=LINE('',#2928,#640);
#453=LINE('',#2930,#641);
#454=LINE('',#2934,#642);
#455=LINE('',#2936,#643);
#456=LINE('',#2938,#644);
#457=LINE('',#2942,#645);
#458=LINE('',#2944,#646);
#459=LINE('',#2946,#647);
#460=LINE('',#2950,#648);
#461=LINE('',#2951,#649);
#462=LINE('',#2952,#650);
#463=LINE('',#2958,#651);
#464=LINE('',#2961,#652);
#465=LINE('',#2962,#653);
#466=LINE('',#2963,#654);
#467=LINE('',#2966,#655);
#468=LINE('',#2968,#656);
#469=LINE('',#2972,#657);
#470=LINE('',#2974,#658);
#471=LINE('',#2976,#659);
#472=LINE('',#2980,#660);
#473=LINE('',#2982,#661);
#474=LINE('',#2984,#662);
#475=LINE('',#2987,#663);
#476=LINE('',#2990,#664);
#477=LINE('',#2995,#665);
#478=LINE('',#2996,#666);
#479=LINE('',#3001,#667);
#480=LINE('',#3002,#668);
#481=LINE('',#3008,#669);
#482=LINE('',#3009,#670);
#483=LINE('',#3011,#671);
#484=LINE('',#3012,#672);
#485=LINE('',#3014,#673);
#486=LINE('',#3017,#674);
#487=LINE('',#3019,#675);
#488=LINE('',#3022,#676);
#489=LINE('',#3026,#677);
#490=LINE('',#3028,#678);
#491=VECTOR('',#1975,10.);
#492=VECTOR('',#1976,10.);
#493=VECTOR('',#1977,10.);
#494=VECTOR('',#1978,10.);
#495=VECTOR('',#1983,10.);
#496=VECTOR('',#1992,10.);
#497=VECTOR('',#1997,10.);
#498=VECTOR('',#2000,10.);
#499=VECTOR('',#2003,10.);
#500=VECTOR('',#2004,10.);
#501=VECTOR('',#2005,10.);
#502=VECTOR('',#2010,10.);
#503=VECTOR('',#2013,10.);
#504=VECTOR('',#2016,10.);
#505=VECTOR('',#2017,10.);
#506=VECTOR('',#2018,10.);
#507=VECTOR('',#2019,10.);
#508=VECTOR('',#2020,10.);
#509=VECTOR('',#2023,10.);
#510=VECTOR('',#2024,10.);
#511=VECTOR('',#2025,10.);
#512=VECTOR('',#2028,10.);
#513=VECTOR('',#2029,10.);
#514=VECTOR('',#2030,10.);
#515=VECTOR('',#2033,10.);
#516=VECTOR('',#2034,10.);
#517=VECTOR('',#2035,10.);
#518=VECTOR('',#2038,10.);
#519=VECTOR('',#2043,10.);
#520=VECTOR('',#2050,10.);
#521=VECTOR('',#2057,10.);
#522=VECTOR('',#2066,10.);
#523=VECTOR('',#2069,10.);
#524=VECTOR('',#2072,10.);
#525=VECTOR('',#2073,10.);
#526=VECTOR('',#2076,10.);
#527=VECTOR('',#2077,10.);
#528=VECTOR('',#2080,10.);
#529=VECTOR('',#2081,10.);
#530=VECTOR('',#2084,10.);
#531=VECTOR('',#2085,10.);
#532=VECTOR('',#2086,10.);
#533=VECTOR('',#2087,10.);
#534=VECTOR('',#2092,10.);
#535=VECTOR('',#2095,10.);
#536=VECTOR('',#2098,10.);
#537=VECTOR('',#2099,10.);
#538=VECTOR('',#2100,10.);
#539=VECTOR('',#2101,10.);
#540=VECTOR('',#2102,10.);
#541=VECTOR('',#2105,10.);
#542=VECTOR('',#2106,10.);
#543=VECTOR('',#2107,10.);
#544=VECTOR('',#2110,10.);
#545=VECTOR('',#2111,10.);
#546=VECTOR('',#2112,10.);
#547=VECTOR('',#2115,10.);
#548=VECTOR('',#2116,10.);
#549=VECTOR('',#2117,10.);
#550=VECTOR('',#2120,10.);
#551=VECTOR('',#2125,10.);
#552=VECTOR('',#2130,10.);
#553=VECTOR('',#2131,10.);
#554=VECTOR('',#2132,10.);
#555=VECTOR('',#2135,10.);
#556=VECTOR('',#2136,10.);
#557=VECTOR('',#2139,10.);
#558=VECTOR('',#2142,10.);
#559=VECTOR('',#2143,10.);
#560=VECTOR('',#2144,10.);
#561=VECTOR('',#2147,10.);
#562=VECTOR('',#2148,10.);
#563=VECTOR('',#2149,10.);
#564=VECTOR('',#2152,10.);
#565=VECTOR('',#2153,10.);
#566=VECTOR('',#2154,10.);
#567=VECTOR('',#2163,10.);
#568=VECTOR('',#2164,10.);
#569=VECTOR('',#2173,10.);
#570=VECTOR('',#2174,10.);
#571=VECTOR('',#2191,10.);
#572=VECTOR('',#2192,10.);
#573=VECTOR('',#2195,10.);
#574=VECTOR('',#2196,10.);
#575=VECTOR('',#2199,10.);
#576=VECTOR('',#2204,10.);
#577=VECTOR('',#2207,10.);
#578=VECTOR('',#2212,10.);
#579=VECTOR('',#2217,10.);
#580=VECTOR('',#2218,10.);
#581=VECTOR('',#2221,10.);
#582=VECTOR('',#2224,10.);
#583=VECTOR('',#2229,10.);
#584=VECTOR('',#2230,10.);
#585=VECTOR('',#2231,10.);
#586=VECTOR('',#2232,10.);
#587=VECTOR('',#2239,10.);
#588=VECTOR('',#2244,10.);
#589=VECTOR('',#2249,10.);
#590=VECTOR('',#2250,10.);
#591=VECTOR('',#2253,10.);
#592=VECTOR('',#2256,10.);
#593=VECTOR('',#2259,10.);
#594=VECTOR('',#2260,10.);
#595=VECTOR('',#2261,10.);
#596=VECTOR('',#2264,10.);
#597=VECTOR('',#2269,10.);
#598=VECTOR('',#2270,10.);
#599=VECTOR('',#2273,10.);
#600=VECTOR('',#2274,10.);
#601=VECTOR('',#2279,10.);
#602=VECTOR('',#2282,10.);
#603=VECTOR('',#2285,10.);
#604=VECTOR('',#2288,10.);
#605=VECTOR('',#2289,10.);
#606=VECTOR('',#2290,10.);
#607=VECTOR('',#2293,10.);
#608=VECTOR('',#2294,10.);
#609=VECTOR('',#2295,10.);
#610=VECTOR('',#2298,10.);
#611=VECTOR('',#2299,10.);
#612=VECTOR('',#2300,10.);
#613=VECTOR('',#2303,10.);
#614=VECTOR('',#2304,10.);
#615=VECTOR('',#2305,10.);
#616=VECTOR('',#2306,10.);
#617=VECTOR('',#2313,10.);
#618=VECTOR('',#2320,10.);
#619=VECTOR('',#2327,10.);
#620=VECTOR('',#2332,10.);
#621=VECTOR('',#2335,10.);
#622=VECTOR('',#2336,10.);
#623=VECTOR('',#2337,10.);
#624=VECTOR('',#2340,10.);
#625=VECTOR('',#2341,10.);
#626=VECTOR('',#2344,10.);
#627=VECTOR('',#2345,10.);
#628=VECTOR('',#2348,10.);
#629=VECTOR('',#2349,10.);
#630=VECTOR('',#2352,10.);
#631=VECTOR('',#2357,10.);
#632=VECTOR('',#2360,10.);
#633=VECTOR('',#2363,10.);
#634=VECTOR('',#2364,10.);
#635=VECTOR('',#2365,10.);
#636=VECTOR('',#2368,10.);
#637=VECTOR('',#2369,10.);
#638=VECTOR('',#2372,10.);
#639=VECTOR('',#2375,10.);
#640=VECTOR('',#2376,10.);
#641=VECTOR('',#2377,10.);
#642=VECTOR('',#2380,10.);
#643=VECTOR('',#2381,10.);
#644=VECTOR('',#2382,10.);
#645=VECTOR('',#2385,10.);
#646=VECTOR('',#2386,10.);
#647=VECTOR('',#2387,10.);
#648=VECTOR('',#2390,10.);
#649=VECTOR('',#2391,10.);
#650=VECTOR('',#2392,10.);
#651=VECTOR('',#2399,10.);
#652=VECTOR('',#2402,10.);
#653=VECTOR('',#2403,10.);
#654=VECTOR('',#2404,10.);
#655=VECTOR('',#2407,10.);
#656=VECTOR('',#2408,10.);
#657=VECTOR('',#2411,10.);
#658=VECTOR('',#2412,10.);
#659=VECTOR('',#2413,10.);
#660=VECTOR('',#2416,10.);
#661=VECTOR('',#2417,10.);
#662=VECTOR('',#2418,10.);
#663=VECTOR('',#2421,10.);
#664=VECTOR('',#2424,10.);
#665=VECTOR('',#2433,10.);
#666=VECTOR('',#2434,10.);
#667=VECTOR('',#2443,10.);
#668=VECTOR('',#2444,10.);
#669=VECTOR('',#2455,10.);
#670=VECTOR('',#2456,10.);
#671=VECTOR('',#2459,10.);
#672=VECTOR('',#2460,10.);
#673=VECTOR('',#2463,10.);
#674=VECTOR('',#2468,10.);
#675=VECTOR('',#2471,10.);
#676=VECTOR('',#2476,10.);
#677=VECTOR('',#2483,10.);
#678=VECTOR('',#2486,10.);
#679=VERTEX_POINT('',#2495);
#680=VERTEX_POINT('',#2496);
#681=VERTEX_POINT('',#2498);
#682=VERTEX_POINT('',#2500);
#683=VERTEX_POINT('',#2504);
#684=VERTEX_POINT('',#2506);
#685=VERTEX_POINT('',#2510);
#686=VERTEX_POINT('',#2512);
#687=VERTEX_POINT('',#2516);
#688=VERTEX_POINT('',#2517);
#689=VERTEX_POINT('',#2519);
#690=VERTEX_POINT('',#2521);
#691=VERTEX_POINT('',#2525);
#692=VERTEX_POINT('',#2527);
#693=VERTEX_POINT('',#2531);
#694=VERTEX_POINT('',#2532);
#695=VERTEX_POINT('',#2534);
#696=VERTEX_POINT('',#2536);
#697=VERTEX_POINT('',#2540);
#698=VERTEX_POINT('',#2542);
#699=VERTEX_POINT('',#2544);
#700=VERTEX_POINT('',#2546);
#701=VERTEX_POINT('',#2548);
#702=VERTEX_POINT('',#2550);
#703=VERTEX_POINT('',#2552);
#704=VERTEX_POINT('',#2554);
#705=VERTEX_POINT('',#2556);
#706=VERTEX_POINT('',#2558);
#707=VERTEX_POINT('',#2560);
#708=VERTEX_POINT('',#2562);
#709=VERTEX_POINT('',#2564);
#710=VERTEX_POINT('',#2566);
#711=VERTEX_POINT('',#2568);
#712=VERTEX_POINT('',#2570);
#713=VERTEX_POINT('',#2572);
#714=VERTEX_POINT('',#2574);
#715=VERTEX_POINT('',#2578);
#716=VERTEX_POINT('',#2580);
#717=VERTEX_POINT('',#2584);
#718=VERTEX_POINT('',#2586);
#719=VERTEX_POINT('',#2590);
#720=VERTEX_POINT('',#2592);
#721=VERTEX_POINT('',#2596);
#722=VERTEX_POINT('',#2598);
#723=VERTEX_POINT('',#2602);
#724=VERTEX_POINT('',#2604);
#725=VERTEX_POINT('',#2607);
#726=VERTEX_POINT('',#2609);
#727=VERTEX_POINT('',#2612);
#728=VERTEX_POINT('',#2614);
#729=VERTEX_POINT('',#2617);
#730=VERTEX_POINT('',#2619);
#731=VERTEX_POINT('',#2622);
#732=VERTEX_POINT('',#2624);
#733=VERTEX_POINT('',#2628);
#734=VERTEX_POINT('',#2629);
#735=VERTEX_POINT('',#2631);
#736=VERTEX_POINT('',#2633);
#737=VERTEX_POINT('',#2637);
#738=VERTEX_POINT('',#2639);
#739=VERTEX_POINT('',#2641);
#740=VERTEX_POINT('',#2643);
#741=VERTEX_POINT('',#2645);
#742=VERTEX_POINT('',#2647);
#743=VERTEX_POINT('',#2649);
#744=VERTEX_POINT('',#2651);
#745=VERTEX_POINT('',#2653);
#746=VERTEX_POINT('',#2655);
#747=VERTEX_POINT('',#2657);
#748=VERTEX_POINT('',#2659);
#749=VERTEX_POINT('',#2661);
#750=VERTEX_POINT('',#2663);
#751=VERTEX_POINT('',#2665);
#752=VERTEX_POINT('',#2667);
#753=VERTEX_POINT('',#2669);
#754=VERTEX_POINT('',#2671);
#755=VERTEX_POINT('',#2675);
#756=VERTEX_POINT('',#2677);
#757=VERTEX_POINT('',#2682);
#758=VERTEX_POINT('',#2687);
#759=VERTEX_POINT('',#2689);
#760=VERTEX_POINT('',#2692);
#761=VERTEX_POINT('',#2694);
#762=VERTEX_POINT('',#2696);
#763=VERTEX_POINT('',#2698);
#764=VERTEX_POINT('',#2700);
#765=VERTEX_POINT('',#2702);
#766=VERTEX_POINT('',#2704);
#767=VERTEX_POINT('',#2706);
#768=VERTEX_POINT('',#2708);
#769=VERTEX_POINT('',#2710);
#770=VERTEX_POINT('',#2712);
#771=VERTEX_POINT('',#2760);
#772=VERTEX_POINT('',#2761);
#773=VERTEX_POINT('',#2763);
#774=VERTEX_POINT('',#2765);
#775=VERTEX_POINT('',#2769);
#776=VERTEX_POINT('',#2771);
#777=VERTEX_POINT('',#2775);
#778=VERTEX_POINT('',#2777);
#779=VERTEX_POINT('',#2782);
#780=VERTEX_POINT('',#2784);
#781=VERTEX_POINT('',#2786);
#782=VERTEX_POINT('',#2788);
#783=VERTEX_POINT('',#2790);
#784=VERTEX_POINT('',#2792);
#785=VERTEX_POINT('',#2794);
#786=VERTEX_POINT('',#2796);
#787=VERTEX_POINT('',#2798);
#788=VERTEX_POINT('',#2800);
#789=VERTEX_POINT('',#2804);
#790=VERTEX_POINT('',#2805);
#791=VERTEX_POINT('',#2810);
#792=VERTEX_POINT('',#2814);
#793=VERTEX_POINT('',#2815);
#794=VERTEX_POINT('',#2817);
#795=VERTEX_POINT('',#2819);
#796=VERTEX_POINT('',#2823);
#797=VERTEX_POINT('',#2825);
#798=VERTEX_POINT('',#2827);
#799=VERTEX_POINT('',#2829);
#800=VERTEX_POINT('',#2831);
#801=VERTEX_POINT('',#2833);
#802=VERTEX_POINT('',#2835);
#803=VERTEX_POINT('',#2837);
#804=VERTEX_POINT('',#2839);
#805=VERTEX_POINT('',#2841);
#806=VERTEX_POINT('',#2843);
#807=VERTEX_POINT('',#2845);
#808=VERTEX_POINT('',#2847);
#809=VERTEX_POINT('',#2849);
#810=VERTEX_POINT('',#2851);
#811=VERTEX_POINT('',#2854);
#812=VERTEX_POINT('',#2858);
#813=VERTEX_POINT('',#2860);
#814=VERTEX_POINT('',#2864);
#815=VERTEX_POINT('',#2866);
#816=VERTEX_POINT('',#2870);
#817=VERTEX_POINT('',#2872);
#818=VERTEX_POINT('',#2876);
#819=VERTEX_POINT('',#2880);
#820=VERTEX_POINT('',#2883);
#821=VERTEX_POINT('',#2885);
#822=VERTEX_POINT('',#2888);
#823=VERTEX_POINT('',#2890);
#824=VERTEX_POINT('',#2893);
#825=VERTEX_POINT('',#2895);
#826=VERTEX_POINT('',#2898);
#827=VERTEX_POINT('',#2900);
#828=VERTEX_POINT('',#2904);
#829=VERTEX_POINT('',#2905);
#830=VERTEX_POINT('',#2907);
#831=VERTEX_POINT('',#2909);
#832=VERTEX_POINT('',#2914);
#833=VERTEX_POINT('',#2921);
#834=VERTEX_POINT('',#2923);
#835=VERTEX_POINT('',#2925);
#836=VERTEX_POINT('',#2927);
#837=VERTEX_POINT('',#2929);
#838=VERTEX_POINT('',#2931);
#839=VERTEX_POINT('',#2933);
#840=VERTEX_POINT('',#2935);
#841=VERTEX_POINT('',#2937);
#842=VERTEX_POINT('',#2939);
#843=VERTEX_POINT('',#2941);
#844=VERTEX_POINT('',#2943);
#845=VERTEX_POINT('',#2945);
#846=VERTEX_POINT('',#2947);
#847=VERTEX_POINT('',#2949);
#848=VERTEX_POINT('',#2954);
#849=VERTEX_POINT('',#2956);
#850=VERTEX_POINT('',#2960);
#851=VERTEX_POINT('',#2965);
#852=VERTEX_POINT('',#2967);
#853=VERTEX_POINT('',#2969);
#854=VERTEX_POINT('',#2971);
#855=VERTEX_POINT('',#2973);
#856=VERTEX_POINT('',#2975);
#857=VERTEX_POINT('',#2977);
#858=VERTEX_POINT('',#2979);
#859=VERTEX_POINT('',#2981);
#860=VERTEX_POINT('',#2983);
#861=VERTEX_POINT('',#2986);
#862=VERTEX_POINT('',#2988);
#863=EDGE_CURVE('',#679,#680,#303,.T.);
#864=EDGE_CURVE('',#681,#680,#304,.T.);
#865=EDGE_CURVE('',#681,#682,#305,.T.);
#866=EDGE_CURVE('',#682,#679,#306,.T.);
#867=EDGE_CURVE('',#683,#679,#15,.T.);
#868=EDGE_CURVE('',#684,#683,#307,.T.);
#869=EDGE_CURVE('',#680,#684,#16,.T.);
#870=EDGE_CURVE('',#682,#685,#17,.T.);
#871=EDGE_CURVE('',#686,#681,#18,.T.);
#872=EDGE_CURVE('',#685,#686,#308,.T.);
#873=EDGE_CURVE('',#687,#688,#19,.T.);
#874=EDGE_CURVE('',#689,#687,#309,.T.);
#875=EDGE_CURVE('',#690,#689,#20,.T.);
#876=EDGE_CURVE('',#688,#690,#310,.T.);
#877=EDGE_CURVE('',#690,#691,#311,.T.);
#878=EDGE_CURVE('',#691,#692,#312,.T.);
#879=EDGE_CURVE('',#688,#692,#313,.T.);
#880=EDGE_CURVE('',#693,#694,#21,.T.);
#881=EDGE_CURVE('',#695,#693,#314,.T.);
#882=EDGE_CURVE('',#696,#695,#22,.T.);
#883=EDGE_CURVE('',#694,#696,#315,.T.);
#884=EDGE_CURVE('',#696,#697,#316,.T.);
#885=EDGE_CURVE('',#697,#698,#317,.T.);
#886=EDGE_CURVE('',#699,#698,#318,.T.);
#887=EDGE_CURVE('',#699,#700,#319,.T.);
#888=EDGE_CURVE('',#701,#700,#320,.T.);
#889=EDGE_CURVE('',#702,#701,#23,.T.);
#890=EDGE_CURVE('',#703,#702,#321,.T.);
#891=EDGE_CURVE('',#703,#704,#322,.T.);
#892=EDGE_CURVE('',#705,#704,#323,.T.);
#893=EDGE_CURVE('',#706,#705,#24,.T.);
#894=EDGE_CURVE('',#707,#706,#324,.T.);
#895=EDGE_CURVE('',#707,#708,#325,.T.);
#896=EDGE_CURVE('',#709,#708,#326,.T.);
#897=EDGE_CURVE('',#710,#709,#25,.T.);
#898=EDGE_CURVE('',#711,#710,#327,.T.);
#899=EDGE_CURVE('',#711,#712,#328,.T.);
#900=EDGE_CURVE('',#713,#712,#329,.T.);
#901=EDGE_CURVE('',#714,#713,#26,.T.);
#902=EDGE_CURVE('',#694,#714,#330,.T.);
#903=EDGE_CURVE('',#715,#711,#27,.T.);
#904=EDGE_CURVE('',#716,#715,#331,.T.);
#905=EDGE_CURVE('',#712,#716,#28,.T.);
#906=EDGE_CURVE('',#717,#707,#29,.T.);
#907=EDGE_CURVE('',#718,#717,#332,.T.);
#908=EDGE_CURVE('',#708,#718,#30,.T.);
#909=EDGE_CURVE('',#719,#703,#31,.T.);
#910=EDGE_CURVE('',#720,#719,#333,.T.);
#911=EDGE_CURVE('',#704,#720,#32,.T.);
#912=EDGE_CURVE('',#700,#721,#33,.T.);
#913=EDGE_CURVE('',#722,#699,#34,.T.);
#914=EDGE_CURVE('',#721,#722,#334,.T.);
#915=EDGE_CURVE('',#723,#693,#335,.T.);
#916=EDGE_CURVE('',#724,#723,#35,.T.);
#917=EDGE_CURVE('',#716,#724,#336,.T.);
#918=EDGE_CURVE('',#725,#715,#337,.T.);
#919=EDGE_CURVE('',#726,#725,#36,.T.);
#920=EDGE_CURVE('',#718,#726,#338,.T.);
#921=EDGE_CURVE('',#727,#717,#339,.T.);
#922=EDGE_CURVE('',#728,#727,#37,.T.);
#923=EDGE_CURVE('',#720,#728,#340,.T.);
#924=EDGE_CURVE('',#729,#719,#341,.T.);
#925=EDGE_CURVE('',#730,#729,#38,.T.);
#926=EDGE_CURVE('',#721,#730,#342,.T.);
#927=EDGE_CURVE('',#731,#722,#343,.T.);
#928=EDGE_CURVE('',#732,#731,#344,.T.);
#929=EDGE_CURVE('',#695,#732,#345,.T.);
#930=EDGE_CURVE('',#733,#734,#39,.T.);
#931=EDGE_CURVE('',#735,#733,#346,.T.);
#932=EDGE_CURVE('',#736,#735,#40,.T.);
#933=EDGE_CURVE('',#734,#736,#347,.T.);
#934=EDGE_CURVE('',#737,#733,#348,.T.);
#935=EDGE_CURVE('',#737,#738,#349,.T.);
#936=EDGE_CURVE('',#738,#739,#350,.T.);
#937=EDGE_CURVE('',#739,#740,#351,.T.);
#938=EDGE_CURVE('',#740,#741,#352,.T.);
#939=EDGE_CURVE('',#742,#741,#41,.T.);
#940=EDGE_CURVE('',#742,#743,#353,.T.);
#941=EDGE_CURVE('',#743,#744,#354,.T.);
#942=EDGE_CURVE('',#744,#745,#355,.T.);
#943=EDGE_CURVE('',#746,#745,#42,.T.);
#944=EDGE_CURVE('',#746,#747,#356,.T.);
#945=EDGE_CURVE('',#747,#748,#357,.T.);
#946=EDGE_CURVE('',#748,#749,#358,.T.);
#947=EDGE_CURVE('',#750,#749,#43,.T.);
#948=EDGE_CURVE('',#750,#751,#359,.T.);
#949=EDGE_CURVE('',#751,#752,#360,.T.);
#950=EDGE_CURVE('',#752,#753,#361,.T.);
#951=EDGE_CURVE('',#754,#753,#44,.T.);
#952=EDGE_CURVE('',#754,#735,#362,.T.);
#953=EDGE_CURVE('',#755,#751,#45,.T.);
#954=EDGE_CURVE('',#756,#755,#363,.T.);
#955=EDGE_CURVE('',#752,#756,#46,.T.);
#956=EDGE_CURVE('',#750,#725,#364,.T.);
#957=EDGE_CURVE('',#710,#757,#365,.T.);
#958=EDGE_CURVE('',#755,#757,#366,.T.);
#959=EDGE_CURVE('',#734,#683,#367,.T.);
#960=EDGE_CURVE('',#736,#758,#368,.T.);
#961=EDGE_CURVE('',#759,#758,#47,.T.);
#962=EDGE_CURVE('',#756,#759,#369,.T.);
#963=EDGE_CURVE('',#760,#757,#48,.T.);
#964=EDGE_CURVE('',#761,#760,#370,.T.);
#965=EDGE_CURVE('',#761,#762,#371,.T.);
#966=EDGE_CURVE('',#762,#763,#372,.T.);
#967=EDGE_CURVE('',#764,#763,#49,.T.);
#968=EDGE_CURVE('',#765,#764,#373,.T.);
#969=EDGE_CURVE('',#765,#766,#374,.T.);
#970=EDGE_CURVE('',#766,#767,#375,.T.);
#971=EDGE_CURVE('',#768,#767,#50,.T.);
#972=EDGE_CURVE('',#769,#768,#376,.T.);
#973=EDGE_CURVE('',#769,#770,#377,.T.);
#974=EDGE_CURVE('',#770,#684,#378,.T.);
#975=EDGE_CURVE('',#762,#747,#51,.T.);
#976=EDGE_CURVE('',#748,#761,#52,.T.);
#977=EDGE_CURVE('',#709,#760,#379,.T.);
#978=EDGE_CURVE('',#749,#726,#380,.T.);
#979=EDGE_CURVE('',#766,#743,#53,.T.);
#980=EDGE_CURVE('',#744,#765,#54,.T.);
#981=EDGE_CURVE('',#742,#729,#381,.T.);
#982=EDGE_CURVE('',#702,#767,#382,.T.);
#983=EDGE_CURVE('',#770,#739,#55,.T.);
#984=EDGE_CURVE('',#740,#769,#56,.T.);
#985=EDGE_CURVE('',#698,#691,#57,.T.);
#986=EDGE_CURVE('',#692,#697,#58,.T.);
#987=EDGE_CURVE('',#705,#764,#383,.T.);
#988=EDGE_CURVE('',#706,#763,#384,.T.);
#989=EDGE_CURVE('',#713,#759,#385,.T.);
#990=EDGE_CURVE('',#714,#758,#386,.T.);
#991=EDGE_CURVE('',#701,#768,#387,.T.);
#992=EDGE_CURVE('',#746,#727,#388,.T.);
#993=EDGE_CURVE('',#745,#728,#389,.T.);
#994=EDGE_CURVE('',#741,#730,#390,.T.);
#995=EDGE_CURVE('',#737,#732,#391,.T.);
#996=EDGE_CURVE('',#738,#731,#392,.T.);
#997=EDGE_CURVE('',#754,#723,#393,.T.);
#998=EDGE_CURVE('',#753,#724,#394,.T.);
#999=EDGE_CURVE('',#771,#772,#395,.T.);
#1000=EDGE_CURVE('',#773,#771,#396,.T.);
#1001=EDGE_CURVE('',#774,#773,#397,.T.);
#1002=EDGE_CURVE('',#774,#772,#398,.T.);
#1003=EDGE_CURVE('',#775,#771,#59,.T.);
#1004=EDGE_CURVE('',#772,#776,#60,.T.);
#1005=EDGE_CURVE('',#776,#775,#399,.T.);
#1006=EDGE_CURVE('',#773,#777,#61,.T.);
#1007=EDGE_CURVE('',#777,#778,#400,.T.);
#1008=EDGE_CURVE('',#778,#774,#62,.T.);
#1009=EDGE_CURVE('',#686,#778,#401,.T.);
#1010=EDGE_CURVE('',#779,#689,#402,.T.);
#1011=EDGE_CURVE('',#780,#779,#63,.T.);
#1012=EDGE_CURVE('',#780,#781,#403,.T.);
#1013=EDGE_CURVE('',#782,#781,#64,.T.);
#1014=EDGE_CURVE('',#783,#782,#404,.T.);
#1015=EDGE_CURVE('',#784,#783,#65,.T.);
#1016=EDGE_CURVE('',#785,#784,#405,.T.);
#1017=EDGE_CURVE('',#786,#785,#406,.T.);
#1018=EDGE_CURVE('',#786,#787,#407,.T.);
#1019=EDGE_CURVE('',#788,#787,#66,.T.);
#1020=EDGE_CURVE('',#788,#776,#408,.T.);
#1021=EDGE_CURVE('',#789,#790,#67,.T.);
#1022=EDGE_CURVE('',#790,#780,#409,.T.);
#1023=EDGE_CURVE('',#779,#789,#410,.T.);
#1024=EDGE_CURVE('',#790,#791,#411,.T.);
#1025=EDGE_CURVE('',#781,#791,#412,.T.);
#1026=EDGE_CURVE('',#792,#793,#68,.T.);
#1027=EDGE_CURVE('',#793,#794,#413,.T.);
#1028=EDGE_CURVE('',#794,#795,#69,.T.);
#1029=EDGE_CURVE('',#795,#792,#414,.T.);
#1030=EDGE_CURVE('',#793,#796,#415,.T.);
#1031=EDGE_CURVE('',#796,#797,#70,.T.);
#1032=EDGE_CURVE('',#797,#798,#416,.T.);
#1033=EDGE_CURVE('',#799,#798,#417,.T.);
#1034=EDGE_CURVE('',#799,#800,#418,.T.);
#1035=EDGE_CURVE('',#800,#801,#71,.T.);
#1036=EDGE_CURVE('',#801,#802,#419,.T.);
#1037=EDGE_CURVE('',#803,#802,#420,.T.);
#1038=EDGE_CURVE('',#803,#804,#421,.T.);
#1039=EDGE_CURVE('',#804,#805,#72,.T.);
#1040=EDGE_CURVE('',#805,#806,#422,.T.);
#1041=EDGE_CURVE('',#807,#806,#423,.T.);
#1042=EDGE_CURVE('',#807,#808,#424,.T.);
#1043=EDGE_CURVE('',#808,#809,#73,.T.);
#1044=EDGE_CURVE('',#809,#810,#425,.T.);
#1045=EDGE_CURVE('',#783,#810,#426,.T.);
#1046=EDGE_CURVE('',#811,#782,#427,.T.);
#1047=EDGE_CURVE('',#794,#811,#428,.T.);
#1048=EDGE_CURVE('',#812,#799,#74,.T.);
#1049=EDGE_CURVE('',#798,#813,#75,.T.);
#1050=EDGE_CURVE('',#813,#812,#429,.T.);
#1051=EDGE_CURVE('',#814,#803,#76,.T.);
#1052=EDGE_CURVE('',#802,#815,#77,.T.);
#1053=EDGE_CURVE('',#815,#814,#430,.T.);
#1054=EDGE_CURVE('',#816,#807,#78,.T.);
#1055=EDGE_CURVE('',#806,#817,#79,.T.);
#1056=EDGE_CURVE('',#817,#816,#431,.T.);
#1057=EDGE_CURVE('',#810,#818,#80,.T.);
#1058=EDGE_CURVE('',#818,#784,#432,.T.);
#1059=EDGE_CURVE('',#795,#819,#433,.T.);
#1060=EDGE_CURVE('',#819,#785,#434,.T.);
#1061=EDGE_CURVE('',#818,#820,#435,.T.);
#1062=EDGE_CURVE('',#820,#821,#81,.T.);
#1063=EDGE_CURVE('',#821,#816,#436,.T.);
#1064=EDGE_CURVE('',#817,#822,#437,.T.);
#1065=EDGE_CURVE('',#822,#823,#82,.T.);
#1066=EDGE_CURVE('',#823,#814,#438,.T.);
#1067=EDGE_CURVE('',#815,#824,#439,.T.);
#1068=EDGE_CURVE('',#824,#825,#83,.T.);
#1069=EDGE_CURVE('',#825,#812,#440,.T.);
#1070=EDGE_CURVE('',#813,#826,#441,.T.);
#1071=EDGE_CURVE('',#826,#827,#84,.T.);
#1072=EDGE_CURVE('',#827,#792,#442,.T.);
#1073=EDGE_CURVE('',#828,#829,#85,.T.);
#1074=EDGE_CURVE('',#829,#830,#443,.T.);
#1075=EDGE_CURVE('',#830,#831,#86,.T.);
#1076=EDGE_CURVE('',#831,#828,#444,.T.);
#1077=EDGE_CURVE('',#829,#775,#445,.T.);
#1078=EDGE_CURVE('',#832,#828,#446,.T.);
#1079=EDGE_CURVE('',#832,#819,#447,.T.);
#1080=EDGE_CURVE('',#791,#811,#87,.T.);
#1081=EDGE_CURVE('',#789,#687,#448,.T.);
#1082=EDGE_CURVE('',#685,#777,#449,.T.);
#1083=EDGE_CURVE('',#833,#831,#450,.T.);
#1084=EDGE_CURVE('',#833,#834,#88,.T.);
#1085=EDGE_CURVE('',#835,#834,#451,.T.);
#1086=EDGE_CURVE('',#836,#835,#452,.T.);
#1087=EDGE_CURVE('',#837,#836,#453,.T.);
#1088=EDGE_CURVE('',#837,#838,#89,.T.);
#1089=EDGE_CURVE('',#839,#838,#454,.T.);
#1090=EDGE_CURVE('',#840,#839,#455,.T.);
#1091=EDGE_CURVE('',#841,#840,#456,.T.);
#1092=EDGE_CURVE('',#841,#842,#90,.T.);
#1093=EDGE_CURVE('',#843,#842,#457,.T.);
#1094=EDGE_CURVE('',#844,#843,#458,.T.);
#1095=EDGE_CURVE('',#845,#844,#459,.T.);
#1096=EDGE_CURVE('',#845,#846,#91,.T.);
#1097=EDGE_CURVE('',#847,#846,#460,.T.);
#1098=EDGE_CURVE('',#787,#847,#461,.T.);
#1099=EDGE_CURVE('',#832,#786,#462,.T.);
#1100=EDGE_CURVE('',#848,#836,#92,.T.);
#1101=EDGE_CURVE('',#835,#849,#93,.T.);
#1102=EDGE_CURVE('',#849,#848,#463,.T.);
#1103=EDGE_CURVE('',#848,#850,#464,.T.);
#1104=EDGE_CURVE('',#800,#850,#465,.T.);
#1105=EDGE_CURVE('',#837,#825,#466,.T.);
#1106=EDGE_CURVE('',#851,#788,#467,.T.);
#1107=EDGE_CURVE('',#851,#852,#468,.T.);
#1108=EDGE_CURVE('',#852,#853,#94,.T.);
#1109=EDGE_CURVE('',#854,#853,#469,.T.);
#1110=EDGE_CURVE('',#855,#854,#470,.T.);
#1111=EDGE_CURVE('',#855,#856,#471,.T.);
#1112=EDGE_CURVE('',#856,#857,#95,.T.);
#1113=EDGE_CURVE('',#858,#857,#472,.T.);
#1114=EDGE_CURVE('',#859,#858,#473,.T.);
#1115=EDGE_CURVE('',#859,#860,#474,.T.);
#1116=EDGE_CURVE('',#860,#850,#96,.T.);
#1117=EDGE_CURVE('',#849,#861,#475,.T.);
#1118=EDGE_CURVE('',#861,#862,#97,.T.);
#1119=EDGE_CURVE('',#830,#862,#476,.T.);
#1120=EDGE_CURVE('',#858,#840,#98,.T.);
#1121=EDGE_CURVE('',#839,#859,#99,.T.);
#1122=EDGE_CURVE('',#838,#824,#477,.T.);
#1123=EDGE_CURVE('',#801,#860,#478,.T.);
#1124=EDGE_CURVE('',#854,#844,#100,.T.);
#1125=EDGE_CURVE('',#843,#855,#101,.T.);
#1126=EDGE_CURVE('',#808,#853,#479,.T.);
#1127=EDGE_CURVE('',#845,#821,#480,.T.);
#1128=EDGE_CURVE('',#847,#851,#102,.T.);
#1129=EDGE_CURVE('',#804,#857,#481,.T.);
#1130=EDGE_CURVE('',#805,#856,#482,.T.);
#1131=EDGE_CURVE('',#796,#862,#483,.T.);
#1132=EDGE_CURVE('',#797,#861,#484,.T.);
#1133=EDGE_CURVE('',#809,#852,#485,.T.);
#1134=EDGE_CURVE('',#841,#823,#486,.T.);
#1135=EDGE_CURVE('',#842,#822,#487,.T.);
#1136=EDGE_CURVE('',#846,#820,#488,.T.);
#1137=EDGE_CURVE('',#833,#827,#489,.T.);
#1138=EDGE_CURVE('',#834,#826,#490,.T.);
#1139=ORIENTED_EDGE('',*,*,#863,.T.);
#1140=ORIENTED_EDGE('',*,*,#864,.F.);
#1141=ORIENTED_EDGE('',*,*,#865,.T.);
#1142=ORIENTED_EDGE('',*,*,#866,.T.);
#1143=ORIENTED_EDGE('',*,*,#867,.F.);
#1144=ORIENTED_EDGE('',*,*,#868,.F.);
#1145=ORIENTED_EDGE('',*,*,#869,.F.);
#1146=ORIENTED_EDGE('',*,*,#863,.F.);
#1147=ORIENTED_EDGE('',*,*,#870,.F.);
#1148=ORIENTED_EDGE('',*,*,#865,.F.);
#1149=ORIENTED_EDGE('',*,*,#871,.F.);
#1150=ORIENTED_EDGE('',*,*,#872,.F.);
#1151=ORIENTED_EDGE('',*,*,#873,.F.);
#1152=ORIENTED_EDGE('',*,*,#874,.F.);
#1153=ORIENTED_EDGE('',*,*,#875,.F.);
#1154=ORIENTED_EDGE('',*,*,#876,.F.);
#1155=ORIENTED_EDGE('',*,*,#876,.T.);
#1156=ORIENTED_EDGE('',*,*,#877,.T.);
#1157=ORIENTED_EDGE('',*,*,#878,.T.);
#1158=ORIENTED_EDGE('',*,*,#879,.F.);
#1159=ORIENTED_EDGE('',*,*,#880,.F.);
#1160=ORIENTED_EDGE('',*,*,#881,.F.);
#1161=ORIENTED_EDGE('',*,*,#882,.F.);
#1162=ORIENTED_EDGE('',*,*,#883,.F.);
#1163=ORIENTED_EDGE('',*,*,#883,.T.);
#1164=ORIENTED_EDGE('',*,*,#884,.T.);
#1165=ORIENTED_EDGE('',*,*,#885,.T.);
#1166=ORIENTED_EDGE('',*,*,#886,.F.);
#1167=ORIENTED_EDGE('',*,*,#887,.T.);
#1168=ORIENTED_EDGE('',*,*,#888,.F.);
#1169=ORIENTED_EDGE('',*,*,#889,.F.);
#1170=ORIENTED_EDGE('',*,*,#890,.F.);
#1171=ORIENTED_EDGE('',*,*,#891,.T.);
#1172=ORIENTED_EDGE('',*,*,#892,.F.);
#1173=ORIENTED_EDGE('',*,*,#893,.F.);
#1174=ORIENTED_EDGE('',*,*,#894,.F.);
#1175=ORIENTED_EDGE('',*,*,#895,.T.);
#1176=ORIENTED_EDGE('',*,*,#896,.F.);
#1177=ORIENTED_EDGE('',*,*,#897,.F.);
#1178=ORIENTED_EDGE('',*,*,#898,.F.);
#1179=ORIENTED_EDGE('',*,*,#899,.T.);
#1180=ORIENTED_EDGE('',*,*,#900,.F.);
#1181=ORIENTED_EDGE('',*,*,#901,.F.);
#1182=ORIENTED_EDGE('',*,*,#902,.F.);
#1183=ORIENTED_EDGE('',*,*,#903,.F.);
#1184=ORIENTED_EDGE('',*,*,#904,.F.);
#1185=ORIENTED_EDGE('',*,*,#905,.F.);
#1186=ORIENTED_EDGE('',*,*,#899,.F.);
#1187=ORIENTED_EDGE('',*,*,#906,.F.);
#1188=ORIENTED_EDGE('',*,*,#907,.F.);
#1189=ORIENTED_EDGE('',*,*,#908,.F.);
#1190=ORIENTED_EDGE('',*,*,#895,.F.);
#1191=ORIENTED_EDGE('',*,*,#909,.F.);
#1192=ORIENTED_EDGE('',*,*,#910,.F.);
#1193=ORIENTED_EDGE('',*,*,#911,.F.);
#1194=ORIENTED_EDGE('',*,*,#891,.F.);
#1195=ORIENTED_EDGE('',*,*,#912,.F.);
#1196=ORIENTED_EDGE('',*,*,#887,.F.);
#1197=ORIENTED_EDGE('',*,*,#913,.F.);
#1198=ORIENTED_EDGE('',*,*,#914,.F.);
#1199=ORIENTED_EDGE('',*,*,#881,.T.);
#1200=ORIENTED_EDGE('',*,*,#915,.F.);
#1201=ORIENTED_EDGE('',*,*,#916,.F.);
#1202=ORIENTED_EDGE('',*,*,#917,.F.);
#1203=ORIENTED_EDGE('',*,*,#904,.T.);
#1204=ORIENTED_EDGE('',*,*,#918,.F.);
#1205=ORIENTED_EDGE('',*,*,#919,.F.);
#1206=ORIENTED_EDGE('',*,*,#920,.F.);
#1207=ORIENTED_EDGE('',*,*,#907,.T.);
#1208=ORIENTED_EDGE('',*,*,#921,.F.);
#1209=ORIENTED_EDGE('',*,*,#922,.F.);
#1210=ORIENTED_EDGE('',*,*,#923,.F.);
#1211=ORIENTED_EDGE('',*,*,#910,.T.);
#1212=ORIENTED_EDGE('',*,*,#924,.F.);
#1213=ORIENTED_EDGE('',*,*,#925,.F.);
#1214=ORIENTED_EDGE('',*,*,#926,.F.);
#1215=ORIENTED_EDGE('',*,*,#914,.T.);
#1216=ORIENTED_EDGE('',*,*,#927,.F.);
#1217=ORIENTED_EDGE('',*,*,#928,.F.);
#1218=ORIENTED_EDGE('',*,*,#929,.F.);
#1219=ORIENTED_EDGE('',*,*,#930,.F.);
#1220=ORIENTED_EDGE('',*,*,#931,.F.);
#1221=ORIENTED_EDGE('',*,*,#932,.F.);
#1222=ORIENTED_EDGE('',*,*,#933,.F.);
#1223=ORIENTED_EDGE('',*,*,#931,.T.);
#1224=ORIENTED_EDGE('',*,*,#934,.F.);
#1225=ORIENTED_EDGE('',*,*,#935,.T.);
#1226=ORIENTED_EDGE('',*,*,#936,.T.);
#1227=ORIENTED_EDGE('',*,*,#937,.T.);
#1228=ORIENTED_EDGE('',*,*,#938,.T.);
#1229=ORIENTED_EDGE('',*,*,#939,.F.);
#1230=ORIENTED_EDGE('',*,*,#940,.T.);
#1231=ORIENTED_EDGE('',*,*,#941,.T.);
#1232=ORIENTED_EDGE('',*,*,#942,.T.);
#1233=ORIENTED_EDGE('',*,*,#943,.F.);
#1234=ORIENTED_EDGE('',*,*,#944,.T.);
#1235=ORIENTED_EDGE('',*,*,#945,.T.);
#1236=ORIENTED_EDGE('',*,*,#946,.T.);
#1237=ORIENTED_EDGE('',*,*,#947,.F.);
#1238=ORIENTED_EDGE('',*,*,#948,.T.);
#1239=ORIENTED_EDGE('',*,*,#949,.T.);
#1240=ORIENTED_EDGE('',*,*,#950,.T.);
#1241=ORIENTED_EDGE('',*,*,#951,.F.);
#1242=ORIENTED_EDGE('',*,*,#952,.T.);
#1243=ORIENTED_EDGE('',*,*,#953,.F.);
#1244=ORIENTED_EDGE('',*,*,#954,.F.);
#1245=ORIENTED_EDGE('',*,*,#955,.F.);
#1246=ORIENTED_EDGE('',*,*,#949,.F.);
#1247=ORIENTED_EDGE('',*,*,#953,.T.);
#1248=ORIENTED_EDGE('',*,*,#948,.F.);
#1249=ORIENTED_EDGE('',*,*,#956,.T.);
#1250=ORIENTED_EDGE('',*,*,#918,.T.);
#1251=ORIENTED_EDGE('',*,*,#903,.T.);
#1252=ORIENTED_EDGE('',*,*,#898,.T.);
#1253=ORIENTED_EDGE('',*,*,#957,.T.);
#1254=ORIENTED_EDGE('',*,*,#958,.F.);
#1255=ORIENTED_EDGE('',*,*,#868,.T.);
#1256=ORIENTED_EDGE('',*,*,#959,.F.);
#1257=ORIENTED_EDGE('',*,*,#933,.T.);
#1258=ORIENTED_EDGE('',*,*,#960,.T.);
#1259=ORIENTED_EDGE('',*,*,#961,.F.);
#1260=ORIENTED_EDGE('',*,*,#962,.F.);
#1261=ORIENTED_EDGE('',*,*,#954,.T.);
#1262=ORIENTED_EDGE('',*,*,#958,.T.);
#1263=ORIENTED_EDGE('',*,*,#963,.F.);
#1264=ORIENTED_EDGE('',*,*,#964,.F.);
#1265=ORIENTED_EDGE('',*,*,#965,.T.);
#1266=ORIENTED_EDGE('',*,*,#966,.T.);
#1267=ORIENTED_EDGE('',*,*,#967,.F.);
#1268=ORIENTED_EDGE('',*,*,#968,.F.);
#1269=ORIENTED_EDGE('',*,*,#969,.T.);
#1270=ORIENTED_EDGE('',*,*,#970,.T.);
#1271=ORIENTED_EDGE('',*,*,#971,.F.);
#1272=ORIENTED_EDGE('',*,*,#972,.F.);
#1273=ORIENTED_EDGE('',*,*,#973,.T.);
#1274=ORIENTED_EDGE('',*,*,#974,.T.);
#1275=ORIENTED_EDGE('',*,*,#975,.F.);
#1276=ORIENTED_EDGE('',*,*,#965,.F.);
#1277=ORIENTED_EDGE('',*,*,#976,.F.);
#1278=ORIENTED_EDGE('',*,*,#945,.F.);
#1279=ORIENTED_EDGE('',*,*,#976,.T.);
#1280=ORIENTED_EDGE('',*,*,#964,.T.);
#1281=ORIENTED_EDGE('',*,*,#977,.F.);
#1282=ORIENTED_EDGE('',*,*,#896,.T.);
#1283=ORIENTED_EDGE('',*,*,#908,.T.);
#1284=ORIENTED_EDGE('',*,*,#920,.T.);
#1285=ORIENTED_EDGE('',*,*,#978,.F.);
#1286=ORIENTED_EDGE('',*,*,#946,.F.);
#1287=ORIENTED_EDGE('',*,*,#979,.F.);
#1288=ORIENTED_EDGE('',*,*,#969,.F.);
#1289=ORIENTED_EDGE('',*,*,#980,.F.);
#1290=ORIENTED_EDGE('',*,*,#941,.F.);
#1291=ORIENTED_EDGE('',*,*,#979,.T.);
#1292=ORIENTED_EDGE('',*,*,#940,.F.);
#1293=ORIENTED_EDGE('',*,*,#981,.T.);
#1294=ORIENTED_EDGE('',*,*,#924,.T.);
#1295=ORIENTED_EDGE('',*,*,#909,.T.);
#1296=ORIENTED_EDGE('',*,*,#890,.T.);
#1297=ORIENTED_EDGE('',*,*,#982,.T.);
#1298=ORIENTED_EDGE('',*,*,#970,.F.);
#1299=ORIENTED_EDGE('',*,*,#983,.F.);
#1300=ORIENTED_EDGE('',*,*,#973,.F.);
#1301=ORIENTED_EDGE('',*,*,#984,.F.);
#1302=ORIENTED_EDGE('',*,*,#937,.F.);
#1303=ORIENTED_EDGE('',*,*,#985,.F.);
#1304=ORIENTED_EDGE('',*,*,#885,.F.);
#1305=ORIENTED_EDGE('',*,*,#986,.F.);
#1306=ORIENTED_EDGE('',*,*,#878,.F.);
#1307=ORIENTED_EDGE('',*,*,#897,.T.);
#1308=ORIENTED_EDGE('',*,*,#977,.T.);
#1309=ORIENTED_EDGE('',*,*,#963,.T.);
#1310=ORIENTED_EDGE('',*,*,#957,.F.);
#1311=ORIENTED_EDGE('',*,*,#893,.T.);
#1312=ORIENTED_EDGE('',*,*,#987,.T.);
#1313=ORIENTED_EDGE('',*,*,#967,.T.);
#1314=ORIENTED_EDGE('',*,*,#988,.F.);
#1315=ORIENTED_EDGE('',*,*,#901,.T.);
#1316=ORIENTED_EDGE('',*,*,#989,.T.);
#1317=ORIENTED_EDGE('',*,*,#961,.T.);
#1318=ORIENTED_EDGE('',*,*,#990,.F.);
#1319=ORIENTED_EDGE('',*,*,#889,.T.);
#1320=ORIENTED_EDGE('',*,*,#991,.T.);
#1321=ORIENTED_EDGE('',*,*,#971,.T.);
#1322=ORIENTED_EDGE('',*,*,#982,.F.);
#1323=ORIENTED_EDGE('',*,*,#947,.T.);
#1324=ORIENTED_EDGE('',*,*,#978,.T.);
#1325=ORIENTED_EDGE('',*,*,#919,.T.);
#1326=ORIENTED_EDGE('',*,*,#956,.F.);
#1327=ORIENTED_EDGE('',*,*,#975,.T.);
#1328=ORIENTED_EDGE('',*,*,#944,.F.);
#1329=ORIENTED_EDGE('',*,*,#992,.T.);
#1330=ORIENTED_EDGE('',*,*,#921,.T.);
#1331=ORIENTED_EDGE('',*,*,#906,.T.);
#1332=ORIENTED_EDGE('',*,*,#894,.T.);
#1333=ORIENTED_EDGE('',*,*,#988,.T.);
#1334=ORIENTED_EDGE('',*,*,#966,.F.);
#1335=ORIENTED_EDGE('',*,*,#943,.T.);
#1336=ORIENTED_EDGE('',*,*,#993,.T.);
#1337=ORIENTED_EDGE('',*,*,#922,.T.);
#1338=ORIENTED_EDGE('',*,*,#992,.F.);
#1339=ORIENTED_EDGE('',*,*,#980,.T.);
#1340=ORIENTED_EDGE('',*,*,#968,.T.);
#1341=ORIENTED_EDGE('',*,*,#987,.F.);
#1342=ORIENTED_EDGE('',*,*,#892,.T.);
#1343=ORIENTED_EDGE('',*,*,#911,.T.);
#1344=ORIENTED_EDGE('',*,*,#923,.T.);
#1345=ORIENTED_EDGE('',*,*,#993,.F.);
#1346=ORIENTED_EDGE('',*,*,#942,.F.);
#1347=ORIENTED_EDGE('',*,*,#939,.T.);
#1348=ORIENTED_EDGE('',*,*,#994,.T.);
#1349=ORIENTED_EDGE('',*,*,#925,.T.);
#1350=ORIENTED_EDGE('',*,*,#981,.F.);
#1351=ORIENTED_EDGE('',*,*,#984,.T.);
#1352=ORIENTED_EDGE('',*,*,#972,.T.);
#1353=ORIENTED_EDGE('',*,*,#991,.F.);
#1354=ORIENTED_EDGE('',*,*,#888,.T.);
#1355=ORIENTED_EDGE('',*,*,#912,.T.);
#1356=ORIENTED_EDGE('',*,*,#926,.T.);
#1357=ORIENTED_EDGE('',*,*,#994,.F.);
#1358=ORIENTED_EDGE('',*,*,#938,.F.);
#1359=ORIENTED_EDGE('',*,*,#935,.F.);
#1360=ORIENTED_EDGE('',*,*,#995,.T.);
#1361=ORIENTED_EDGE('',*,*,#928,.T.);
#1362=ORIENTED_EDGE('',*,*,#996,.F.);
#1363=ORIENTED_EDGE('',*,*,#932,.T.);
#1364=ORIENTED_EDGE('',*,*,#952,.F.);
#1365=ORIENTED_EDGE('',*,*,#997,.T.);
#1366=ORIENTED_EDGE('',*,*,#915,.T.);
#1367=ORIENTED_EDGE('',*,*,#880,.T.);
#1368=ORIENTED_EDGE('',*,*,#902,.T.);
#1369=ORIENTED_EDGE('',*,*,#990,.T.);
#1370=ORIENTED_EDGE('',*,*,#960,.F.);
#1371=ORIENTED_EDGE('',*,*,#951,.T.);
#1372=ORIENTED_EDGE('',*,*,#998,.T.);
#1373=ORIENTED_EDGE('',*,*,#916,.T.);
#1374=ORIENTED_EDGE('',*,*,#997,.F.);
#1375=ORIENTED_EDGE('',*,*,#955,.T.);
#1376=ORIENTED_EDGE('',*,*,#962,.T.);
#1377=ORIENTED_EDGE('',*,*,#989,.F.);
#1378=ORIENTED_EDGE('',*,*,#900,.T.);
#1379=ORIENTED_EDGE('',*,*,#905,.T.);
#1380=ORIENTED_EDGE('',*,*,#917,.T.);
#1381=ORIENTED_EDGE('',*,*,#998,.F.);
#1382=ORIENTED_EDGE('',*,*,#950,.F.);
#1383=ORIENTED_EDGE('',*,*,#999,.F.);
#1384=ORIENTED_EDGE('',*,*,#1000,.F.);
#1385=ORIENTED_EDGE('',*,*,#1001,.F.);
#1386=ORIENTED_EDGE('',*,*,#1002,.T.);
#1387=ORIENTED_EDGE('',*,*,#1003,.T.);
#1388=ORIENTED_EDGE('',*,*,#999,.T.);
#1389=ORIENTED_EDGE('',*,*,#1004,.T.);
#1390=ORIENTED_EDGE('',*,*,#1005,.T.);
#1391=ORIENTED_EDGE('',*,*,#1006,.T.);
#1392=ORIENTED_EDGE('',*,*,#1007,.T.);
#1393=ORIENTED_EDGE('',*,*,#1008,.T.);
#1394=ORIENTED_EDGE('',*,*,#1001,.T.);
#1395=ORIENTED_EDGE('',*,*,#1008,.F.);
#1396=ORIENTED_EDGE('',*,*,#1009,.F.);
#1397=ORIENTED_EDGE('',*,*,#871,.T.);
#1398=ORIENTED_EDGE('',*,*,#864,.T.);
#1399=ORIENTED_EDGE('',*,*,#869,.T.);
#1400=ORIENTED_EDGE('',*,*,#974,.F.);
#1401=ORIENTED_EDGE('',*,*,#983,.T.);
#1402=ORIENTED_EDGE('',*,*,#936,.F.);
#1403=ORIENTED_EDGE('',*,*,#996,.T.);
#1404=ORIENTED_EDGE('',*,*,#927,.T.);
#1405=ORIENTED_EDGE('',*,*,#913,.T.);
#1406=ORIENTED_EDGE('',*,*,#886,.T.);
#1407=ORIENTED_EDGE('',*,*,#985,.T.);
#1408=ORIENTED_EDGE('',*,*,#877,.F.);
#1409=ORIENTED_EDGE('',*,*,#875,.T.);
#1410=ORIENTED_EDGE('',*,*,#1010,.F.);
#1411=ORIENTED_EDGE('',*,*,#1011,.F.);
#1412=ORIENTED_EDGE('',*,*,#1012,.T.);
#1413=ORIENTED_EDGE('',*,*,#1013,.F.);
#1414=ORIENTED_EDGE('',*,*,#1014,.F.);
#1415=ORIENTED_EDGE('',*,*,#1015,.F.);
#1416=ORIENTED_EDGE('',*,*,#1016,.F.);
#1417=ORIENTED_EDGE('',*,*,#1017,.F.);
#1418=ORIENTED_EDGE('',*,*,#1018,.T.);
#1419=ORIENTED_EDGE('',*,*,#1019,.F.);
#1420=ORIENTED_EDGE('',*,*,#1020,.T.);
#1421=ORIENTED_EDGE('',*,*,#1004,.F.);
#1422=ORIENTED_EDGE('',*,*,#1002,.F.);
#1423=ORIENTED_EDGE('',*,*,#1021,.T.);
#1424=ORIENTED_EDGE('',*,*,#1022,.T.);
#1425=ORIENTED_EDGE('',*,*,#1011,.T.);
#1426=ORIENTED_EDGE('',*,*,#1023,.T.);
#1427=ORIENTED_EDGE('',*,*,#1022,.F.);
#1428=ORIENTED_EDGE('',*,*,#1024,.T.);
#1429=ORIENTED_EDGE('',*,*,#1025,.F.);
#1430=ORIENTED_EDGE('',*,*,#1012,.F.);
#1431=ORIENTED_EDGE('',*,*,#1026,.T.);
#1432=ORIENTED_EDGE('',*,*,#1027,.T.);
#1433=ORIENTED_EDGE('',*,*,#1028,.T.);
#1434=ORIENTED_EDGE('',*,*,#1029,.T.);
#1435=ORIENTED_EDGE('',*,*,#1027,.F.);
#1436=ORIENTED_EDGE('',*,*,#1030,.T.);
#1437=ORIENTED_EDGE('',*,*,#1031,.T.);
#1438=ORIENTED_EDGE('',*,*,#1032,.T.);
#1439=ORIENTED_EDGE('',*,*,#1033,.F.);
#1440=ORIENTED_EDGE('',*,*,#1034,.T.);
#1441=ORIENTED_EDGE('',*,*,#1035,.T.);
#1442=ORIENTED_EDGE('',*,*,#1036,.T.);
#1443=ORIENTED_EDGE('',*,*,#1037,.F.);
#1444=ORIENTED_EDGE('',*,*,#1038,.T.);
#1445=ORIENTED_EDGE('',*,*,#1039,.T.);
#1446=ORIENTED_EDGE('',*,*,#1040,.T.);
#1447=ORIENTED_EDGE('',*,*,#1041,.F.);
#1448=ORIENTED_EDGE('',*,*,#1042,.T.);
#1449=ORIENTED_EDGE('',*,*,#1043,.T.);
#1450=ORIENTED_EDGE('',*,*,#1044,.T.);
#1451=ORIENTED_EDGE('',*,*,#1045,.F.);
#1452=ORIENTED_EDGE('',*,*,#1014,.T.);
#1453=ORIENTED_EDGE('',*,*,#1046,.F.);
#1454=ORIENTED_EDGE('',*,*,#1047,.F.);
#1455=ORIENTED_EDGE('',*,*,#1048,.T.);
#1456=ORIENTED_EDGE('',*,*,#1033,.T.);
#1457=ORIENTED_EDGE('',*,*,#1049,.T.);
#1458=ORIENTED_EDGE('',*,*,#1050,.T.);
#1459=ORIENTED_EDGE('',*,*,#1051,.T.);
#1460=ORIENTED_EDGE('',*,*,#1037,.T.);
#1461=ORIENTED_EDGE('',*,*,#1052,.T.);
#1462=ORIENTED_EDGE('',*,*,#1053,.T.);
#1463=ORIENTED_EDGE('',*,*,#1054,.T.);
#1464=ORIENTED_EDGE('',*,*,#1041,.T.);
#1465=ORIENTED_EDGE('',*,*,#1055,.T.);
#1466=ORIENTED_EDGE('',*,*,#1056,.T.);
#1467=ORIENTED_EDGE('',*,*,#1057,.T.);
#1468=ORIENTED_EDGE('',*,*,#1058,.T.);
#1469=ORIENTED_EDGE('',*,*,#1015,.T.);
#1470=ORIENTED_EDGE('',*,*,#1045,.T.);
#1471=ORIENTED_EDGE('',*,*,#1029,.F.);
#1472=ORIENTED_EDGE('',*,*,#1059,.T.);
#1473=ORIENTED_EDGE('',*,*,#1060,.T.);
#1474=ORIENTED_EDGE('',*,*,#1016,.T.);
#1475=ORIENTED_EDGE('',*,*,#1058,.F.);
#1476=ORIENTED_EDGE('',*,*,#1061,.T.);
#1477=ORIENTED_EDGE('',*,*,#1062,.T.);
#1478=ORIENTED_EDGE('',*,*,#1063,.T.);
#1479=ORIENTED_EDGE('',*,*,#1056,.F.);
#1480=ORIENTED_EDGE('',*,*,#1064,.T.);
#1481=ORIENTED_EDGE('',*,*,#1065,.T.);
#1482=ORIENTED_EDGE('',*,*,#1066,.T.);
#1483=ORIENTED_EDGE('',*,*,#1053,.F.);
#1484=ORIENTED_EDGE('',*,*,#1067,.T.);
#1485=ORIENTED_EDGE('',*,*,#1068,.T.);
#1486=ORIENTED_EDGE('',*,*,#1069,.T.);
#1487=ORIENTED_EDGE('',*,*,#1050,.F.);
#1488=ORIENTED_EDGE('',*,*,#1070,.T.);
#1489=ORIENTED_EDGE('',*,*,#1071,.T.);
#1490=ORIENTED_EDGE('',*,*,#1072,.T.);
#1491=ORIENTED_EDGE('',*,*,#1073,.T.);
#1492=ORIENTED_EDGE('',*,*,#1074,.T.);
#1493=ORIENTED_EDGE('',*,*,#1075,.T.);
#1494=ORIENTED_EDGE('',*,*,#1076,.T.);
#1495=ORIENTED_EDGE('',*,*,#1006,.F.);
#1496=ORIENTED_EDGE('',*,*,#1000,.T.);
#1497=ORIENTED_EDGE('',*,*,#1003,.F.);
#1498=ORIENTED_EDGE('',*,*,#1077,.F.);
#1499=ORIENTED_EDGE('',*,*,#1073,.F.);
#1500=ORIENTED_EDGE('',*,*,#1078,.F.);
#1501=ORIENTED_EDGE('',*,*,#1079,.T.);
#1502=ORIENTED_EDGE('',*,*,#1059,.F.);
#1503=ORIENTED_EDGE('',*,*,#1028,.F.);
#1504=ORIENTED_EDGE('',*,*,#1047,.T.);
#1505=ORIENTED_EDGE('',*,*,#1080,.F.);
#1506=ORIENTED_EDGE('',*,*,#1024,.F.);
#1507=ORIENTED_EDGE('',*,*,#1021,.F.);
#1508=ORIENTED_EDGE('',*,*,#1081,.T.);
#1509=ORIENTED_EDGE('',*,*,#873,.T.);
#1510=ORIENTED_EDGE('',*,*,#879,.T.);
#1511=ORIENTED_EDGE('',*,*,#986,.T.);
#1512=ORIENTED_EDGE('',*,*,#884,.F.);
#1513=ORIENTED_EDGE('',*,*,#882,.T.);
#1514=ORIENTED_EDGE('',*,*,#929,.T.);
#1515=ORIENTED_EDGE('',*,*,#995,.F.);
#1516=ORIENTED_EDGE('',*,*,#934,.T.);
#1517=ORIENTED_EDGE('',*,*,#930,.T.);
#1518=ORIENTED_EDGE('',*,*,#959,.T.);
#1519=ORIENTED_EDGE('',*,*,#867,.T.);
#1520=ORIENTED_EDGE('',*,*,#866,.F.);
#1521=ORIENTED_EDGE('',*,*,#870,.T.);
#1522=ORIENTED_EDGE('',*,*,#1082,.T.);
#1523=ORIENTED_EDGE('',*,*,#1076,.F.);
#1524=ORIENTED_EDGE('',*,*,#1083,.F.);
#1525=ORIENTED_EDGE('',*,*,#1084,.T.);
#1526=ORIENTED_EDGE('',*,*,#1085,.F.);
#1527=ORIENTED_EDGE('',*,*,#1086,.F.);
#1528=ORIENTED_EDGE('',*,*,#1087,.F.);
#1529=ORIENTED_EDGE('',*,*,#1088,.T.);
#1530=ORIENTED_EDGE('',*,*,#1089,.F.);
#1531=ORIENTED_EDGE('',*,*,#1090,.F.);
#1532=ORIENTED_EDGE('',*,*,#1091,.F.);
#1533=ORIENTED_EDGE('',*,*,#1092,.T.);
#1534=ORIENTED_EDGE('',*,*,#1093,.F.);
#1535=ORIENTED_EDGE('',*,*,#1094,.F.);
#1536=ORIENTED_EDGE('',*,*,#1095,.F.);
#1537=ORIENTED_EDGE('',*,*,#1096,.T.);
#1538=ORIENTED_EDGE('',*,*,#1097,.F.);
#1539=ORIENTED_EDGE('',*,*,#1098,.F.);
#1540=ORIENTED_EDGE('',*,*,#1018,.F.);
#1541=ORIENTED_EDGE('',*,*,#1099,.F.);
#1542=ORIENTED_EDGE('',*,*,#1078,.T.);
#1543=ORIENTED_EDGE('',*,*,#1100,.T.);
#1544=ORIENTED_EDGE('',*,*,#1086,.T.);
#1545=ORIENTED_EDGE('',*,*,#1101,.T.);
#1546=ORIENTED_EDGE('',*,*,#1102,.T.);
#1547=ORIENTED_EDGE('',*,*,#1100,.F.);
#1548=ORIENTED_EDGE('',*,*,#1103,.T.);
#1549=ORIENTED_EDGE('',*,*,#1104,.F.);
#1550=ORIENTED_EDGE('',*,*,#1034,.F.);
#1551=ORIENTED_EDGE('',*,*,#1048,.F.);
#1552=ORIENTED_EDGE('',*,*,#1069,.F.);
#1553=ORIENTED_EDGE('',*,*,#1105,.F.);
#1554=ORIENTED_EDGE('',*,*,#1087,.T.);
#1555=ORIENTED_EDGE('',*,*,#1005,.F.);
#1556=ORIENTED_EDGE('',*,*,#1020,.F.);
#1557=ORIENTED_EDGE('',*,*,#1106,.F.);
#1558=ORIENTED_EDGE('',*,*,#1107,.T.);
#1559=ORIENTED_EDGE('',*,*,#1108,.T.);
#1560=ORIENTED_EDGE('',*,*,#1109,.F.);
#1561=ORIENTED_EDGE('',*,*,#1110,.F.);
#1562=ORIENTED_EDGE('',*,*,#1111,.T.);
#1563=ORIENTED_EDGE('',*,*,#1112,.T.);
#1564=ORIENTED_EDGE('',*,*,#1113,.F.);
#1565=ORIENTED_EDGE('',*,*,#1114,.F.);
#1566=ORIENTED_EDGE('',*,*,#1115,.T.);
#1567=ORIENTED_EDGE('',*,*,#1116,.T.);
#1568=ORIENTED_EDGE('',*,*,#1103,.F.);
#1569=ORIENTED_EDGE('',*,*,#1102,.F.);
#1570=ORIENTED_EDGE('',*,*,#1117,.T.);
#1571=ORIENTED_EDGE('',*,*,#1118,.T.);
#1572=ORIENTED_EDGE('',*,*,#1119,.F.);
#1573=ORIENTED_EDGE('',*,*,#1074,.F.);
#1574=ORIENTED_EDGE('',*,*,#1077,.T.);
#1575=ORIENTED_EDGE('',*,*,#1120,.T.);
#1576=ORIENTED_EDGE('',*,*,#1090,.T.);
#1577=ORIENTED_EDGE('',*,*,#1121,.T.);
#1578=ORIENTED_EDGE('',*,*,#1114,.T.);
#1579=ORIENTED_EDGE('',*,*,#1121,.F.);
#1580=ORIENTED_EDGE('',*,*,#1089,.T.);
#1581=ORIENTED_EDGE('',*,*,#1122,.T.);
#1582=ORIENTED_EDGE('',*,*,#1067,.F.);
#1583=ORIENTED_EDGE('',*,*,#1052,.F.);
#1584=ORIENTED_EDGE('',*,*,#1036,.F.);
#1585=ORIENTED_EDGE('',*,*,#1123,.T.);
#1586=ORIENTED_EDGE('',*,*,#1115,.F.);
#1587=ORIENTED_EDGE('',*,*,#1124,.T.);
#1588=ORIENTED_EDGE('',*,*,#1094,.T.);
#1589=ORIENTED_EDGE('',*,*,#1125,.T.);
#1590=ORIENTED_EDGE('',*,*,#1110,.T.);
#1591=ORIENTED_EDGE('',*,*,#1124,.F.);
#1592=ORIENTED_EDGE('',*,*,#1109,.T.);
#1593=ORIENTED_EDGE('',*,*,#1126,.F.);
#1594=ORIENTED_EDGE('',*,*,#1042,.F.);
#1595=ORIENTED_EDGE('',*,*,#1054,.F.);
#1596=ORIENTED_EDGE('',*,*,#1063,.F.);
#1597=ORIENTED_EDGE('',*,*,#1127,.F.);
#1598=ORIENTED_EDGE('',*,*,#1095,.T.);
#1599=ORIENTED_EDGE('',*,*,#1019,.T.);
#1600=ORIENTED_EDGE('',*,*,#1098,.T.);
#1601=ORIENTED_EDGE('',*,*,#1128,.T.);
#1602=ORIENTED_EDGE('',*,*,#1106,.T.);
#1603=ORIENTED_EDGE('',*,*,#1013,.T.);
#1604=ORIENTED_EDGE('',*,*,#1025,.T.);
#1605=ORIENTED_EDGE('',*,*,#1080,.T.);
#1606=ORIENTED_EDGE('',*,*,#1046,.T.);
#1607=ORIENTED_EDGE('',*,*,#1035,.F.);
#1608=ORIENTED_EDGE('',*,*,#1104,.T.);
#1609=ORIENTED_EDGE('',*,*,#1116,.F.);
#1610=ORIENTED_EDGE('',*,*,#1123,.F.);
#1611=ORIENTED_EDGE('',*,*,#1039,.F.);
#1612=ORIENTED_EDGE('',*,*,#1129,.T.);
#1613=ORIENTED_EDGE('',*,*,#1112,.F.);
#1614=ORIENTED_EDGE('',*,*,#1130,.F.);
#1615=ORIENTED_EDGE('',*,*,#1031,.F.);
#1616=ORIENTED_EDGE('',*,*,#1131,.T.);
#1617=ORIENTED_EDGE('',*,*,#1118,.F.);
#1618=ORIENTED_EDGE('',*,*,#1132,.F.);
#1619=ORIENTED_EDGE('',*,*,#1043,.F.);
#1620=ORIENTED_EDGE('',*,*,#1126,.T.);
#1621=ORIENTED_EDGE('',*,*,#1108,.F.);
#1622=ORIENTED_EDGE('',*,*,#1133,.F.);
#1623=ORIENTED_EDGE('',*,*,#1088,.F.);
#1624=ORIENTED_EDGE('',*,*,#1105,.T.);
#1625=ORIENTED_EDGE('',*,*,#1068,.F.);
#1626=ORIENTED_EDGE('',*,*,#1122,.F.);
#1627=ORIENTED_EDGE('',*,*,#1120,.F.);
#1628=ORIENTED_EDGE('',*,*,#1113,.T.);
#1629=ORIENTED_EDGE('',*,*,#1129,.F.);
#1630=ORIENTED_EDGE('',*,*,#1038,.F.);
#1631=ORIENTED_EDGE('',*,*,#1051,.F.);
#1632=ORIENTED_EDGE('',*,*,#1066,.F.);
#1633=ORIENTED_EDGE('',*,*,#1134,.F.);
#1634=ORIENTED_EDGE('',*,*,#1091,.T.);
#1635=ORIENTED_EDGE('',*,*,#1092,.F.);
#1636=ORIENTED_EDGE('',*,*,#1134,.T.);
#1637=ORIENTED_EDGE('',*,*,#1065,.F.);
#1638=ORIENTED_EDGE('',*,*,#1135,.F.);
#1639=ORIENTED_EDGE('',*,*,#1125,.F.);
#1640=ORIENTED_EDGE('',*,*,#1093,.T.);
#1641=ORIENTED_EDGE('',*,*,#1135,.T.);
#1642=ORIENTED_EDGE('',*,*,#1064,.F.);
#1643=ORIENTED_EDGE('',*,*,#1055,.F.);
#1644=ORIENTED_EDGE('',*,*,#1040,.F.);
#1645=ORIENTED_EDGE('',*,*,#1130,.T.);
#1646=ORIENTED_EDGE('',*,*,#1111,.F.);
#1647=ORIENTED_EDGE('',*,*,#1096,.F.);
#1648=ORIENTED_EDGE('',*,*,#1127,.T.);
#1649=ORIENTED_EDGE('',*,*,#1062,.F.);
#1650=ORIENTED_EDGE('',*,*,#1136,.F.);
#1651=ORIENTED_EDGE('',*,*,#1128,.F.);
#1652=ORIENTED_EDGE('',*,*,#1097,.T.);
#1653=ORIENTED_EDGE('',*,*,#1136,.T.);
#1654=ORIENTED_EDGE('',*,*,#1061,.F.);
#1655=ORIENTED_EDGE('',*,*,#1057,.F.);
#1656=ORIENTED_EDGE('',*,*,#1044,.F.);
#1657=ORIENTED_EDGE('',*,*,#1133,.T.);
#1658=ORIENTED_EDGE('',*,*,#1107,.F.);
#1659=ORIENTED_EDGE('',*,*,#1099,.T.);
#1660=ORIENTED_EDGE('',*,*,#1017,.T.);
#1661=ORIENTED_EDGE('',*,*,#1060,.F.);
#1662=ORIENTED_EDGE('',*,*,#1079,.F.);
#1663=ORIENTED_EDGE('',*,*,#1075,.F.);
#1664=ORIENTED_EDGE('',*,*,#1119,.T.);
#1665=ORIENTED_EDGE('',*,*,#1131,.F.);
#1666=ORIENTED_EDGE('',*,*,#1030,.F.);
#1667=ORIENTED_EDGE('',*,*,#1026,.F.);
#1668=ORIENTED_EDGE('',*,*,#1072,.F.);
#1669=ORIENTED_EDGE('',*,*,#1137,.F.);
#1670=ORIENTED_EDGE('',*,*,#1083,.T.);
#1671=ORIENTED_EDGE('',*,*,#1084,.F.);
#1672=ORIENTED_EDGE('',*,*,#1137,.T.);
#1673=ORIENTED_EDGE('',*,*,#1071,.F.);
#1674=ORIENTED_EDGE('',*,*,#1138,.F.);
#1675=ORIENTED_EDGE('',*,*,#1101,.F.);
#1676=ORIENTED_EDGE('',*,*,#1085,.T.);
#1677=ORIENTED_EDGE('',*,*,#1138,.T.);
#1678=ORIENTED_EDGE('',*,*,#1070,.F.);
#1679=ORIENTED_EDGE('',*,*,#1049,.F.);
#1680=ORIENTED_EDGE('',*,*,#1032,.F.);
#1681=ORIENTED_EDGE('',*,*,#1132,.T.);
#1682=ORIENTED_EDGE('',*,*,#1117,.F.);
#1683=ORIENTED_EDGE('',*,*,#1023,.F.);
#1684=ORIENTED_EDGE('',*,*,#1010,.T.);
#1685=ORIENTED_EDGE('',*,*,#874,.T.);
#1686=ORIENTED_EDGE('',*,*,#1081,.F.);
#1687=ORIENTED_EDGE('',*,*,#1007,.F.);
#1688=ORIENTED_EDGE('',*,*,#1082,.F.);
#1689=ORIENTED_EDGE('',*,*,#872,.T.);
#1690=ORIENTED_EDGE('',*,*,#1009,.T.);
#1691=PLANE('',#1805);
#1692=PLANE('',#1815);
#1693=PLANE('',#1819);
#1694=PLANE('',#1836);
#1695=PLANE('',#1844);
#1696=PLANE('',#1852);
#1697=PLANE('',#1853);
#1698=PLANE('',#1861);
#1699=PLANE('',#1865);
#1700=PLANE('',#1877);
#1701=PLANE('',#1879);
#1702=PLANE('',#1881);
#1703=PLANE('',#1882);
#1704=PLANE('',#1883);
#1705=PLANE('',#1885);
#1706=PLANE('',#1886);
#1707=PLANE('',#1893);
#1708=PLANE('',#1900);
#1709=PLANE('',#1904);
#1710=PLANE('',#1920);
#1711=PLANE('',#1928);
#1712=PLANE('',#1930);
#1713=PLANE('',#1938);
#1714=PLANE('',#1939);
#1715=PLANE('',#1947);
#1716=PLANE('',#1951);
#1717=PLANE('',#1960);
#1718=PLANE('',#1962);
#1719=PLANE('',#1964);
#1720=PLANE('',#1965);
#1721=PLANE('',#1966);
#1722=PLANE('',#1968);
#1723=PLANE('',#1969);
#1724=PLANE('',#1970);
#1725=ADVANCED_FACE('',(#147),#1691,.F.);
#1726=ADVANCED_FACE('',(#148),#103,.F.);
#1727=ADVANCED_FACE('',(#149),#104,.T.);
#1728=ADVANCED_FACE('',(#150),#105,.F.);
#1729=ADVANCED_FACE('',(#151),#1692,.F.);
#1730=ADVANCED_FACE('',(#152),#106,.F.);
#1731=ADVANCED_FACE('',(#153),#1693,.F.);
#1732=ADVANCED_FACE('',(#154),#107,.F.);
#1733=ADVANCED_FACE('',(#155),#108,.F.);
#1734=ADVANCED_FACE('',(#156),#109,.F.);
#1735=ADVANCED_FACE('',(#157),#110,.F.);
#1736=ADVANCED_FACE('',(#158),#1694,.F.);
#1737=ADVANCED_FACE('',(#159),#111,.T.);
#1738=ADVANCED_FACE('',(#160),#1695,.T.);
#1739=ADVANCED_FACE('',(#161),#112,.T.);
#1740=ADVANCED_FACE('',(#162),#1696,.F.);
#1741=ADVANCED_FACE('',(#163),#1697,.F.);
#1742=ADVANCED_FACE('',(#164),#113,.T.);
#1743=ADVANCED_FACE('',(#165),#1698,.F.);
#1744=ADVANCED_FACE('',(#166),#114,.T.);
#1745=ADVANCED_FACE('',(#167),#1699,.F.);
#1746=ADVANCED_FACE('',(#168),#115,.T.);
#1747=ADVANCED_FACE('',(#169),#116,.T.);
#1748=ADVANCED_FACE('',(#170),#117,.F.);
#1749=ADVANCED_FACE('',(#171),#118,.F.);
#1750=ADVANCED_FACE('',(#172),#119,.F.);
#1751=ADVANCED_FACE('',(#173),#120,.F.);
#1752=ADVANCED_FACE('',(#174),#121,.F.);
#1753=ADVANCED_FACE('',(#175),#1700,.F.);
#1754=ADVANCED_FACE('',(#176),#122,.F.);
#1755=ADVANCED_FACE('',(#177),#1701,.F.);
#1756=ADVANCED_FACE('',(#178),#123,.F.);
#1757=ADVANCED_FACE('',(#179),#1702,.F.);
#1758=ADVANCED_FACE('',(#180),#1703,.F.);
#1759=ADVANCED_FACE('',(#181),#1704,.F.);
#1760=ADVANCED_FACE('',(#182),#124,.F.);
#1761=ADVANCED_FACE('',(#183),#1705,.F.);
#1762=ADVANCED_FACE('',(#184),#1706,.T.);
#1763=ADVANCED_FACE('',(#185),#125,.F.);
#1764=ADVANCED_FACE('',(#186),#126,.T.);
#1765=ADVANCED_FACE('',(#187),#1707,.T.);
#1766=ADVANCED_FACE('',(#188),#127,.F.);
#1767=ADVANCED_FACE('',(#189),#1708,.T.);
#1768=ADVANCED_FACE('',(#190),#128,.F.);
#1769=ADVANCED_FACE('',(#191),#1709,.T.);
#1770=ADVANCED_FACE('',(#192),#129,.F.);
#1771=ADVANCED_FACE('',(#193),#130,.F.);
#1772=ADVANCED_FACE('',(#194),#131,.F.);
#1773=ADVANCED_FACE('',(#195),#132,.F.);
#1774=ADVANCED_FACE('',(#196),#1710,.T.);
#1775=ADVANCED_FACE('',(#197),#133,.T.);
#1776=ADVANCED_FACE('',(#198),#1711,.T.);
#1777=ADVANCED_FACE('',(#199),#1712,.F.);
#1778=ADVANCED_FACE('',(#200),#134,.T.);
#1779=ADVANCED_FACE('',(#201),#1713,.T.);
#1780=ADVANCED_FACE('',(#202),#1714,.T.);
#1781=ADVANCED_FACE('',(#203),#135,.T.);
#1782=ADVANCED_FACE('',(#204),#1715,.T.);
#1783=ADVANCED_FACE('',(#205),#136,.T.);
#1784=ADVANCED_FACE('',(#206),#1716,.T.);
#1785=ADVANCED_FACE('',(#207),#137,.T.);
#1786=ADVANCED_FACE('',(#208),#138,.T.);
#1787=ADVANCED_FACE('',(#209),#139,.F.);
#1788=ADVANCED_FACE('',(#210),#140,.F.);
#1789=ADVANCED_FACE('',(#211),#141,.F.);
#1790=ADVANCED_FACE('',(#212),#142,.F.);
#1791=ADVANCED_FACE('',(#213),#143,.F.);
#1792=ADVANCED_FACE('',(#214),#1717,.T.);
#1793=ADVANCED_FACE('',(#215),#144,.F.);
#1794=ADVANCED_FACE('',(#216),#1718,.T.);
#1795=ADVANCED_FACE('',(#217),#145,.F.);
#1796=ADVANCED_FACE('',(#218),#1719,.T.);
#1797=ADVANCED_FACE('',(#219),#1720,.T.);
#1798=ADVANCED_FACE('',(#220),#1721,.T.);
#1799=ADVANCED_FACE('',(#221),#146,.F.);
#1800=ADVANCED_FACE('',(#222),#1722,.T.);
#1801=ADVANCED_FACE('',(#223),#1723,.T.);
#1802=ADVANCED_FACE('',(#224),#1724,.F.);
#1803=CLOSED_SHELL('',(#1725,#1726,#1727,#1728,#1729,#1730,#1731,#1732,
#1733,#1734,#1735,#1736,#1737,#1738,#1739,#1740,#1741,#1742,#1743,#1744,
#1745,#1746,#1747,#1748,#1749,#1750,#1751,#1752,#1753,#1754,#1755,#1756,
#1757,#1758,#1759,#1760,#1761,#1762,#1763,#1764,#1765,#1766,#1767,#1768,
#1769,#1770,#1771,#1772,#1773,#1774,#1775,#1776,#1777,#1778,#1779,#1780,
#1781,#1782,#1783,#1784,#1785,#1786,#1787,#1788,#1789,#1790,#1791,#1792,
#1793,#1794,#1795,#1796,#1797,#1798,#1799,#1800,#1801,#1802));
#1804=AXIS2_PLACEMENT_3D('',#2493,#1971,#1972);
#1805=AXIS2_PLACEMENT_3D('',#2494,#1973,#1974);
#1806=AXIS2_PLACEMENT_3D('',#2503,#1979,#1980);
#1807=AXIS2_PLACEMENT_3D('',#2505,#1981,#1982);
#1808=AXIS2_PLACEMENT_3D('',#2508,#1984,#1985);
#1809=AXIS2_PLACEMENT_3D('',#2509,#1986,#1987);
#1810=AXIS2_PLACEMENT_3D('',#2511,#1988,#1989);
#1811=AXIS2_PLACEMENT_3D('',#2513,#1990,#1991);
#1812=AXIS2_PLACEMENT_3D('',#2515,#1993,#1994);
#1813=AXIS2_PLACEMENT_3D('',#2518,#1995,#1996);
#1814=AXIS2_PLACEMENT_3D('',#2522,#1998,#1999);
#1815=AXIS2_PLACEMENT_3D('',#2524,#2001,#2002);
#1816=AXIS2_PLACEMENT_3D('',#2530,#2006,#2007);
#1817=AXIS2_PLACEMENT_3D('',#2533,#2008,#2009);
#1818=AXIS2_PLACEMENT_3D('',#2537,#2011,#2012);
#1819=AXIS2_PLACEMENT_3D('',#2539,#2014,#2015);
#1820=AXIS2_PLACEMENT_3D('',#2551,#2021,#2022);
#1821=AXIS2_PLACEMENT_3D('',#2559,#2026,#2027);
#1822=AXIS2_PLACEMENT_3D('',#2567,#2031,#2032);
#1823=AXIS2_PLACEMENT_3D('',#2575,#2036,#2037);
#1824=AXIS2_PLACEMENT_3D('',#2577,#2039,#2040);
#1825=AXIS2_PLACEMENT_3D('',#2579,#2041,#2042);
#1826=AXIS2_PLACEMENT_3D('',#2582,#2044,#2045);
#1827=AXIS2_PLACEMENT_3D('',#2583,#2046,#2047);
#1828=AXIS2_PLACEMENT_3D('',#2585,#2048,#2049);
#1829=AXIS2_PLACEMENT_3D('',#2588,#2051,#2052);
#1830=AXIS2_PLACEMENT_3D('',#2589,#2053,#2054);
#1831=AXIS2_PLACEMENT_3D('',#2591,#2055,#2056);
#1832=AXIS2_PLACEMENT_3D('',#2594,#2058,#2059);
#1833=AXIS2_PLACEMENT_3D('',#2595,#2060,#2061);
#1834=AXIS2_PLACEMENT_3D('',#2597,#2062,#2063);
#1835=AXIS2_PLACEMENT_3D('',#2599,#2064,#2065);
#1836=AXIS2_PLACEMENT_3D('',#2601,#2067,#2068);
#1837=AXIS2_PLACEMENT_3D('',#2605,#2070,#2071);
#1838=AXIS2_PLACEMENT_3D('',#2610,#2074,#2075);
#1839=AXIS2_PLACEMENT_3D('',#2615,#2078,#2079);
#1840=AXIS2_PLACEMENT_3D('',#2620,#2082,#2083);
#1841=AXIS2_PLACEMENT_3D('',#2627,#2088,#2089);
#1842=AXIS2_PLACEMENT_3D('',#2630,#2090,#2091);
#1843=AXIS2_PLACEMENT_3D('',#2634,#2093,#2094);
#1844=AXIS2_PLACEMENT_3D('',#2636,#2096,#2097);
#1845=AXIS2_PLACEMENT_3D('',#2648,#2103,#2104);
#1846=AXIS2_PLACEMENT_3D('',#2656,#2108,#2109);
#1847=AXIS2_PLACEMENT_3D('',#2664,#2113,#2114);
#1848=AXIS2_PLACEMENT_3D('',#2672,#2118,#2119);
#1849=AXIS2_PLACEMENT_3D('',#2674,#2121,#2122);
#1850=AXIS2_PLACEMENT_3D('',#2676,#2123,#2124);
#1851=AXIS2_PLACEMENT_3D('',#2679,#2126,#2127);
#1852=AXIS2_PLACEMENT_3D('',#2680,#2128,#2129);
#1853=AXIS2_PLACEMENT_3D('',#2685,#2133,#2134);
#1854=AXIS2_PLACEMENT_3D('',#2690,#2137,#2138);
#1855=AXIS2_PLACEMENT_3D('',#2693,#2140,#2141);
#1856=AXIS2_PLACEMENT_3D('',#2701,#2145,#2146);
#1857=AXIS2_PLACEMENT_3D('',#2709,#2150,#2151);
#1858=AXIS2_PLACEMENT_3D('',#2715,#2155,#2156);
#1859=AXIS2_PLACEMENT_3D('',#2716,#2157,#2158);
#1860=AXIS2_PLACEMENT_3D('',#2717,#2159,#2160);
#1861=AXIS2_PLACEMENT_3D('',#2718,#2161,#2162);
#1862=AXIS2_PLACEMENT_3D('',#2721,#2165,#2166);
#1863=AXIS2_PLACEMENT_3D('',#2722,#2167,#2168);
#1864=AXIS2_PLACEMENT_3D('',#2723,#2169,#2170);
#1865=AXIS2_PLACEMENT_3D('',#2724,#2171,#2172);
#1866=AXIS2_PLACEMENT_3D('',#2727,#2175,#2176);
#1867=AXIS2_PLACEMENT_3D('',#2728,#2177,#2178);
#1868=AXIS2_PLACEMENT_3D('',#2729,#2179,#2180);
#1869=AXIS2_PLACEMENT_3D('',#2730,#2181,#2182);
#1870=AXIS2_PLACEMENT_3D('',#2731,#2183,#2184);
#1871=AXIS2_PLACEMENT_3D('',#2732,#2185,#2186);
#1872=AXIS2_PLACEMENT_3D('',#2733,#2187,#2188);
#1873=AXIS2_PLACEMENT_3D('',#2734,#2189,#2190);
#1874=AXIS2_PLACEMENT_3D('',#2737,#2193,#2194);
#1875=AXIS2_PLACEMENT_3D('',#2740,#2197,#2198);
#1876=AXIS2_PLACEMENT_3D('',#2742,#2200,#2201);
#1877=AXIS2_PLACEMENT_3D('',#2743,#2202,#2203);
#1878=AXIS2_PLACEMENT_3D('',#2745,#2205,#2206);
#1879=AXIS2_PLACEMENT_3D('',#2747,#2208,#2209);
#1880=AXIS2_PLACEMENT_3D('',#2748,#2210,#2211);
#1881=AXIS2_PLACEMENT_3D('',#2750,#2213,#2214);
#1882=AXIS2_PLACEMENT_3D('',#2751,#2215,#2216);
#1883=AXIS2_PLACEMENT_3D('',#2754,#2219,#2220);
#1884=AXIS2_PLACEMENT_3D('',#2756,#2222,#2223);
#1885=AXIS2_PLACEMENT_3D('',#2758,#2225,#2226);
#1886=AXIS2_PLACEMENT_3D('',#2759,#2227,#2228);
#1887=AXIS2_PLACEMENT_3D('',#2768,#2233,#2234);
#1888=AXIS2_PLACEMENT_3D('',#2770,#2235,#2236);
#1889=AXIS2_PLACEMENT_3D('',#2772,#2237,#2238);
#1890=AXIS2_PLACEMENT_3D('',#2774,#2240,#2241);
#1891=AXIS2_PLACEMENT_3D('',#2776,#2242,#2243);
#1892=AXIS2_PLACEMENT_3D('',#2779,#2245,#2246);
#1893=AXIS2_PLACEMENT_3D('',#2780,#2247,#2248);
#1894=AXIS2_PLACEMENT_3D('',#2785,#2251,#2252);
#1895=AXIS2_PLACEMENT_3D('',#2789,#2254,#2255);
#1896=AXIS2_PLACEMENT_3D('',#2793,#2257,#2258);
#1897=AXIS2_PLACEMENT_3D('',#2801,#2262,#2263);
#1898=AXIS2_PLACEMENT_3D('',#2803,#2265,#2266);
#1899=AXIS2_PLACEMENT_3D('',#2806,#2267,#2268);
#1900=AXIS2_PLACEMENT_3D('',#2809,#2271,#2272);
#1901=AXIS2_PLACEMENT_3D('',#2813,#2275,#2276);
#1902=AXIS2_PLACEMENT_3D('',#2816,#2277,#2278);
#1903=AXIS2_PLACEMENT_3D('',#2820,#2280,#2281);
#1904=AXIS2_PLACEMENT_3D('',#2822,#2283,#2284);
#1905=AXIS2_PLACEMENT_3D('',#2826,#2286,#2287);
#1906=AXIS2_PLACEMENT_3D('',#2834,#2291,#2292);
#1907=AXIS2_PLACEMENT_3D('',#2842,#2296,#2297);
#1908=AXIS2_PLACEMENT_3D('',#2850,#2301,#2302);
#1909=AXIS2_PLACEMENT_3D('',#2857,#2307,#2308);
#1910=AXIS2_PLACEMENT_3D('',#2859,#2309,#2310);
#1911=AXIS2_PLACEMENT_3D('',#2861,#2311,#2312);
#1912=AXIS2_PLACEMENT_3D('',#2863,#2314,#2315);
#1913=AXIS2_PLACEMENT_3D('',#2865,#2316,#2317);
#1914=AXIS2_PLACEMENT_3D('',#2867,#2318,#2319);
#1915=AXIS2_PLACEMENT_3D('',#2869,#2321,#2322);
#1916=AXIS2_PLACEMENT_3D('',#2871,#2323,#2324);
#1917=AXIS2_PLACEMENT_3D('',#2873,#2325,#2326);
#1918=AXIS2_PLACEMENT_3D('',#2875,#2328,#2329);
#1919=AXIS2_PLACEMENT_3D('',#2877,#2330,#2331);
#1920=AXIS2_PLACEMENT_3D('',#2879,#2333,#2334);
#1921=AXIS2_PLACEMENT_3D('',#2886,#2338,#2339);
#1922=AXIS2_PLACEMENT_3D('',#2891,#2342,#2343);
#1923=AXIS2_PLACEMENT_3D('',#2896,#2346,#2347);
#1924=AXIS2_PLACEMENT_3D('',#2901,#2350,#2351);
#1925=AXIS2_PLACEMENT_3D('',#2903,#2353,#2354);
#1926=AXIS2_PLACEMENT_3D('',#2906,#2355,#2356);
#1927=AXIS2_PLACEMENT_3D('',#2910,#2358,#2359);
#1928=AXIS2_PLACEMENT_3D('',#2912,#2361,#2362);
#1929=AXIS2_PLACEMENT_3D('',#2917,#2366,#2367);
#1930=AXIS2_PLACEMENT_3D('',#2920,#2370,#2371);
#1931=AXIS2_PLACEMENT_3D('',#2924,#2373,#2374);
#1932=AXIS2_PLACEMENT_3D('',#2932,#2378,#2379);
#1933=AXIS2_PLACEMENT_3D('',#2940,#2383,#2384);
#1934=AXIS2_PLACEMENT_3D('',#2948,#2388,#2389);
#1935=AXIS2_PLACEMENT_3D('',#2953,#2393,#2394);
#1936=AXIS2_PLACEMENT_3D('',#2955,#2395,#2396);
#1937=AXIS2_PLACEMENT_3D('',#2957,#2397,#2398);
#1938=AXIS2_PLACEMENT_3D('',#2959,#2400,#2401);
#1939=AXIS2_PLACEMENT_3D('',#2964,#2405,#2406);
#1940=AXIS2_PLACEMENT_3D('',#2970,#2409,#2410);
#1941=AXIS2_PLACEMENT_3D('',#2978,#2414,#2415);
#1942=AXIS2_PLACEMENT_3D('',#2985,#2419,#2420);
#1943=AXIS2_PLACEMENT_3D('',#2989,#2422,#2423);
#1944=AXIS2_PLACEMENT_3D('',#2991,#2425,#2426);
#1945=AXIS2_PLACEMENT_3D('',#2992,#2427,#2428);
#1946=AXIS2_PLACEMENT_3D('',#2993,#2429,#2430);
#1947=AXIS2_PLACEMENT_3D('',#2994,#2431,#2432);
#1948=AXIS2_PLACEMENT_3D('',#2997,#2435,#2436);
#1949=AXIS2_PLACEMENT_3D('',#2998,#2437,#2438);
#1950=AXIS2_PLACEMENT_3D('',#2999,#2439,#2440);
#1951=AXIS2_PLACEMENT_3D('',#3000,#2441,#2442);
#1952=AXIS2_PLACEMENT_3D('',#3003,#2445,#2446);
#1953=AXIS2_PLACEMENT_3D('',#3004,#2447,#2448);
#1954=AXIS2_PLACEMENT_3D('',#3005,#2449,#2450);
#1955=AXIS2_PLACEMENT_3D('',#3006,#2451,#2452);
#1956=AXIS2_PLACEMENT_3D('',#3007,#2453,#2454);
#1957=AXIS2_PLACEMENT_3D('',#3010,#2457,#2458);
#1958=AXIS2_PLACEMENT_3D('',#3013,#2461,#2462);
#1959=AXIS2_PLACEMENT_3D('',#3015,#2464,#2465);
#1960=AXIS2_PLACEMENT_3D('',#3016,#2466,#2467);
#1961=AXIS2_PLACEMENT_3D('',#3018,#2469,#2470);
#1962=AXIS2_PLACEMENT_3D('',#3020,#2472,#2473);
#1963=AXIS2_PLACEMENT_3D('',#3021,#2474,#2475);
#1964=AXIS2_PLACEMENT_3D('',#3023,#2477,#2478);
#1965=AXIS2_PLACEMENT_3D('',#3024,#2479,#2480);
#1966=AXIS2_PLACEMENT_3D('',#3025,#2481,#2482);
#1967=AXIS2_PLACEMENT_3D('',#3027,#2484,#2485);
#1968=AXIS2_PLACEMENT_3D('',#3029,#2487,#2488);
#1969=AXIS2_PLACEMENT_3D('',#3030,#2489,#2490);
#1970=AXIS2_PLACEMENT_3D('',#3031,#2491,#2492);
#1971=DIRECTION('axis',(0.,0.,1.));
#1972=DIRECTION('refdir',(1.,0.,0.));
#1973=DIRECTION('center_axis',(1.,0.,1.22464679914735E-16));
#1974=DIRECTION('ref_axis',(0.,-1.,0.));
#1975=DIRECTION('',(0.,-1.,0.));
#1976=DIRECTION('',(1.22464679914735E-16,0.,-1.));
#1977=DIRECTION('',(0.,1.,0.));
#1978=DIRECTION('',(1.22464679914735E-16,0.,-1.));
#1979=DIRECTION('center_axis',(0.,1.,0.));
#1980=DIRECTION('ref_axis',(-0.707106781186547,0.,-0.707106781186548));
#1981=DIRECTION('center_axis',(0.,-1.,0.));
#1982=DIRECTION('ref_axis',(-0.707106781186547,0.,-0.707106781186548));
#1983=DIRECTION('',(0.,1.,0.));
#1984=DIRECTION('center_axis',(0.,1.,0.));
#1985=DIRECTION('ref_axis',(0.707106781186525,0.,-0.70710678118657));
#1986=DIRECTION('center_axis',(0.,-1.,0.));
#1987=DIRECTION('ref_axis',(-0.707106781186547,0.,0.707106781186548));
#1988=DIRECTION('center_axis',(0.,1.,0.));
#1989=DIRECTION('ref_axis',(-0.707106781186547,0.,0.707106781186548));
#1990=DIRECTION('center_axis',(0.,-1.,0.));
#1991=DIRECTION('ref_axis',(-0.707106781186547,0.,0.707106781186548));
#1992=DIRECTION('',(0.,-1.,0.));
#1993=DIRECTION('center_axis',(0.,1.,0.));
#1994=DIRECTION('ref_axis',(-0.707106781186548,0.,0.707106781186547));
#1995=DIRECTION('center_axis',(0.,-1.,0.));
#1996=DIRECTION('ref_axis',(-0.707106781186548,0.,0.707106781186547));
#1997=DIRECTION('',(0.,1.,0.));
#1998=DIRECTION('center_axis',(0.,1.,0.));
#1999=DIRECTION('ref_axis',(-0.707106781186548,0.,0.707106781186547));
#2000=DIRECTION('',(0.,-1.,0.));
#2001=DIRECTION('center_axis',(-1.,0.,-1.22464679914735E-16));
#2002=DIRECTION('ref_axis',(0.,1.,0.));
#2003=DIRECTION('',(1.22464679914735E-16,0.,-1.));
#2004=DIRECTION('',(0.,1.,0.));
#2005=DIRECTION('',(1.22464679914735E-16,0.,-1.));
#2006=DIRECTION('center_axis',(0.,-1.,0.));
#2007=DIRECTION('ref_axis',(0.707106781186547,0.,0.707106781186548));
#2008=DIRECTION('center_axis',(0.,1.,0.));
#2009=DIRECTION('ref_axis',(0.707106781186547,0.,0.707106781186548));
#2010=DIRECTION('',(0.,-1.,0.));
#2011=DIRECTION('center_axis',(0.,-1.,0.));
#2012=DIRECTION('ref_axis',(0.707106781186547,0.,0.707106781186548));
#2013=DIRECTION('',(0.,1.,0.));
#2014=DIRECTION('center_axis',(1.,0.,1.22464679914735E-16));
#2015=DIRECTION('ref_axis',(0.,-1.,0.));
#2016=DIRECTION('',(1.22464679914735E-16,0.,-1.));
#2017=DIRECTION('',(0.,-1.,0.));
#2018=DIRECTION('',(1.22464679914735E-16,0.,-1.));
#2019=DIRECTION('',(0.,1.,0.));
#2020=DIRECTION('',(-1.22464679914735E-16,0.,1.));
#2021=DIRECTION('center_axis',(-1.,0.,-1.22464679914735E-16));
#2022=DIRECTION('ref_axis',(0.,-1.,0.));
#2023=DIRECTION('',(1.22464679914735E-16,0.,-1.));
#2024=DIRECTION('',(0.,1.,0.));
#2025=DIRECTION('',(-1.22464679914735E-16,0.,1.));
#2026=DIRECTION('center_axis',(-1.,0.,-1.22464679914735E-16));
#2027=DIRECTION('ref_axis',(0.,-1.,0.));
#2028=DIRECTION('',(1.22464679914735E-16,0.,-1.));
#2029=DIRECTION('',(0.,1.,0.));
#2030=DIRECTION('',(-1.22464679914735E-16,0.,1.));
#2031=DIRECTION('center_axis',(-1.,0.,-1.22464679914735E-16));
#2032=DIRECTION('ref_axis',(0.,-1.,0.));
#2033=DIRECTION('',(1.22464679914735E-16,0.,-1.));
#2034=DIRECTION('',(0.,1.,0.));
#2035=DIRECTION('',(-1.22464679914735E-16,0.,1.));
#2036=DIRECTION('center_axis',(-1.,0.,-1.22464679914735E-16));
#2037=DIRECTION('ref_axis',(0.,-1.,0.));
#2038=DIRECTION('',(1.22464679914735E-16,-4.11193706016061E-16,-1.));
#2039=DIRECTION('center_axis',(0.,-1.,0.));
#2040=DIRECTION('ref_axis',(0.707106781186547,0.,0.707106781186548));
#2041=DIRECTION('center_axis',(0.,1.,0.));
#2042=DIRECTION('ref_axis',(0.707106781186547,0.,0.707106781186548));
#2043=DIRECTION('',(0.,-1.,0.));
#2044=DIRECTION('center_axis',(0.,-1.,0.));
#2045=DIRECTION('ref_axis',(0.707106781186547,0.,0.707106781186548));
#2046=DIRECTION('center_axis',(0.,-1.,0.));
#2047=DIRECTION('ref_axis',(0.707106781186547,0.,0.707106781186548));
#2048=DIRECTION('center_axis',(0.,1.,0.));
#2049=DIRECTION('ref_axis',(0.707106781186547,0.,0.707106781186548));
#2050=DIRECTION('',(0.,-1.,0.));
#2051=DIRECTION('center_axis',(0.,-1.,0.));
#2052=DIRECTION('ref_axis',(0.707106781186547,0.,0.707106781186548));
#2053=DIRECTION('center_axis',(0.,-1.,0.));
#2054=DIRECTION('ref_axis',(0.707106781186547,0.,0.707106781186548));
#2055=DIRECTION('center_axis',(0.,1.,0.));
#2056=DIRECTION('ref_axis',(0.707106781186547,0.,0.707106781186548));
#2057=DIRECTION('',(0.,-1.,0.));
#2058=DIRECTION('center_axis',(0.,-1.,0.));
#2059=DIRECTION('ref_axis',(0.707106781186547,0.,0.707106781186548));
#2060=DIRECTION('center_axis',(0.,-1.,0.));
#2061=DIRECTION('ref_axis',(0.707106781186547,0.,0.707106781186548));
#2062=DIRECTION('center_axis',(0.,-1.,0.));
#2063=DIRECTION('ref_axis',(0.707106781186547,0.,0.707106781186548));
#2064=DIRECTION('center_axis',(0.,1.,0.));
#2065=DIRECTION('ref_axis',(0.707106781186547,0.,0.707106781186548));
#2066=DIRECTION('',(0.,-1.,0.));
#2067=DIRECTION('center_axis',(-1.22464679914735E-16,0.,1.));
#2068=DIRECTION('ref_axis',(1.,0.,1.22464679914735E-16));
#2069=DIRECTION('',(1.,0.,1.22464679914735E-16));
#2070=DIRECTION('center_axis',(1.22464679914735E-16,0.,-1.));
#2071=DIRECTION('ref_axis',(0.,1.,0.));
#2072=DIRECTION('',(-1.,0.,-1.22464679914735E-16));
#2073=DIRECTION('',(1.,0.,1.22464679914735E-16));
#2074=DIRECTION('center_axis',(1.22464679914735E-16,0.,-1.));
#2075=DIRECTION('ref_axis',(0.,1.,0.));
#2076=DIRECTION('',(-1.,0.,-1.22464679914735E-16));
#2077=DIRECTION('',(1.,0.,1.22464679914735E-16));
#2078=DIRECTION('center_axis',(1.22464679914735E-16,0.,-1.));
#2079=DIRECTION('ref_axis',(0.,1.,0.));
#2080=DIRECTION('',(-1.,0.,-1.22464679914735E-16));
#2081=DIRECTION('',(1.,0.,1.22464679914735E-16));
#2082=DIRECTION('center_axis',(1.22464679914735E-16,0.,-1.));
#2083=DIRECTION('ref_axis',(0.,1.,0.));
#2084=DIRECTION('',(-1.,0.,-1.22464679914735E-16));
#2085=DIRECTION('',(1.,0.,1.22464679914735E-16));
#2086=DIRECTION('',(0.,-1.,0.));
#2087=DIRECTION('',(-1.,0.,-1.22464679914735E-16));
#2088=DIRECTION('center_axis',(0.,1.,0.));
#2089=DIRECTION('ref_axis',(0.707106781186548,0.,0.707106781186547));
#2090=DIRECTION('center_axis',(0.,1.,0.));
#2091=DIRECTION('ref_axis',(0.707106781186548,0.,0.707106781186547));
#2092=DIRECTION('',(0.,1.,0.));
#2093=DIRECTION('center_axis',(0.,-1.,0.));
#2094=DIRECTION('ref_axis',(0.707106781186548,0.,0.707106781186547));
#2095=DIRECTION('',(0.,-1.,0.));
#2096=DIRECTION('center_axis',(-1.22464679914735E-16,0.,1.));
#2097=DIRECTION('ref_axis',(1.,0.,1.22464679914735E-16));
#2098=DIRECTION('',(1.,0.,1.22464679914735E-16));
#2099=DIRECTION('',(0.,-1.,0.));
#2100=DIRECTION('',(1.,0.,1.22464679914735E-16));
#2101=DIRECTION('',(0.,1.,0.));
#2102=DIRECTION('',(-1.,0.,-1.22464679914735E-16));
#2103=DIRECTION('center_axis',(-1.22464679914735E-16,0.,1.));
#2104=DIRECTION('ref_axis',(0.,1.,0.));
#2105=DIRECTION('',(1.,0.,1.22464679914735E-16));
#2106=DIRECTION('',(0.,1.,0.));
#2107=DIRECTION('',(-1.,0.,-1.22464679914735E-16));
#2108=DIRECTION('center_axis',(-1.22464679914735E-16,0.,1.));
#2109=DIRECTION('ref_axis',(0.,1.,0.));
#2110=DIRECTION('',(1.,0.,1.22464679914735E-16));
#2111=DIRECTION('',(0.,1.,0.));
#2112=DIRECTION('',(-1.,0.,-1.22464679914735E-16));
#2113=DIRECTION('center_axis',(-1.22464679914735E-16,0.,1.));
#2114=DIRECTION('ref_axis',(0.,1.,0.));
#2115=DIRECTION('',(1.,0.,1.22464679914735E-16));
#2116=DIRECTION('',(0.,1.,0.));
#2117=DIRECTION('',(-1.,0.,-1.22464679914735E-16));
#2118=DIRECTION('center_axis',(-1.22464679914735E-16,0.,1.));
#2119=DIRECTION('ref_axis',(0.,1.,0.));
#2120=DIRECTION('',(1.,0.,1.22464679914735E-16));
#2121=DIRECTION('center_axis',(0.,1.,0.));
#2122=DIRECTION('ref_axis',(0.707106781186548,0.,0.707106781186547));
#2123=DIRECTION('center_axis',(0.,-1.,0.));
#2124=DIRECTION('ref_axis',(0.707106781186548,0.,0.707106781186547));
#2125=DIRECTION('',(0.,-1.,0.));
#2126=DIRECTION('center_axis',(0.,1.,0.));
#2127=DIRECTION('ref_axis',(0.707106781186548,0.,0.707106781186547));
#2128=DIRECTION('center_axis',(0.,1.,0.));
#2129=DIRECTION('ref_axis',(1.,0.,1.22464679914735E-16));
#2130=DIRECTION('',(1.22464679914735E-16,0.,-1.));
#2131=DIRECTION('',(1.,0.,1.22464679914735E-16));
#2132=DIRECTION('',(1.22464679914735E-16,0.,-1.));
#2133=DIRECTION('center_axis',(-1.,0.,-1.22464679914735E-16));
#2134=DIRECTION('ref_axis',(0.,1.,0.));
#2135=DIRECTION('',(1.22464679914735E-16,0.,-1.));
#2136=DIRECTION('',(1.22464679914735E-16,0.,-1.));
#2137=DIRECTION('center_axis',(1.,0.,1.22464679914735E-16));
#2138=DIRECTION('ref_axis',(0.,-1.,0.));
#2139=DIRECTION('',(1.22464679914735E-16,0.,-1.));
#2140=DIRECTION('center_axis',(1.,0.,1.22464679914735E-16));
#2141=DIRECTION('ref_axis',(0.,-1.,0.));
#2142=DIRECTION('',(1.22464679914735E-16,0.,-1.));
#2143=DIRECTION('',(0.,-1.,0.));
#2144=DIRECTION('',(1.22464679914735E-16,0.,-1.));
#2145=DIRECTION('center_axis',(1.,0.,1.22464679914735E-16));
#2146=DIRECTION('ref_axis',(0.,-1.,0.));
#2147=DIRECTION('',(1.22464679914735E-16,0.,-1.));
#2148=DIRECTION('',(0.,-1.,0.));
#2149=DIRECTION('',(1.22464679914735E-16,0.,-1.));
#2150=DIRECTION('center_axis',(1.,0.,1.22464679914735E-16));
#2151=DIRECTION('ref_axis',(0.,-1.,0.));
#2152=DIRECTION('',(1.22464679914735E-16,0.,-1.));
#2153=DIRECTION('',(0.,-1.,0.));
#2154=DIRECTION('',(1.22464679914735E-16,0.,-1.));
#2155=DIRECTION('center_axis',(0.,1.,0.));
#2156=DIRECTION('ref_axis',(0.707106781186548,0.,0.707106781186547));
#2157=DIRECTION('center_axis',(0.,-1.,0.));
#2158=DIRECTION('ref_axis',(0.707106781186548,0.,0.707106781186547));
#2159=DIRECTION('center_axis',(0.,1.,0.));
#2160=DIRECTION('ref_axis',(0.707106781186548,0.,0.707106781186547));
#2161=DIRECTION('center_axis',(0.,-1.,0.));
#2162=DIRECTION('ref_axis',(-1.,0.,-1.22464679914735E-16));
#2163=DIRECTION('',(1.,0.,1.22464679914735E-16));
#2164=DIRECTION('',(1.22464679914735E-16,0.,-1.));
#2165=DIRECTION('center_axis',(0.,1.,0.));
#2166=DIRECTION('ref_axis',(0.707106781186548,0.,0.707106781186547));
#2167=DIRECTION('center_axis',(0.,-1.,0.));
#2168=DIRECTION('ref_axis',(0.707106781186548,0.,0.707106781186547));
#2169=DIRECTION('center_axis',(0.,1.,0.));
#2170=DIRECTION('ref_axis',(0.707106781186548,0.,0.707106781186547));
#2171=DIRECTION('center_axis',(0.,1.,0.));
#2172=DIRECTION('ref_axis',(1.,0.,1.22464679914735E-16));
#2173=DIRECTION('',(1.22464679914735E-16,0.,-1.));
#2174=DIRECTION('',(1.,0.,1.22464679914735E-16));
#2175=DIRECTION('center_axis',(0.,1.,0.));
#2176=DIRECTION('ref_axis',(0.707106781186548,0.,0.707106781186547));
#2177=DIRECTION('center_axis',(0.,-1.,0.));
#2178=DIRECTION('ref_axis',(0.707106781186548,0.,0.707106781186547));
#2179=DIRECTION('center_axis',(0.,1.,0.));
#2180=DIRECTION('ref_axis',(0.707106781186548,0.,0.707106781186547));
#2181=DIRECTION('center_axis',(0.,1.,0.));
#2182=DIRECTION('ref_axis',(-0.707106781186547,0.,-0.707106781186548));
#2183=DIRECTION('center_axis',(0.,-1.,0.));
#2184=DIRECTION('ref_axis',(0.707106781186548,0.,-0.707106781186547));
#2185=DIRECTION('center_axis',(0.,1.,0.));
#2186=DIRECTION('ref_axis',(-0.707106781186547,0.,-0.707106781186548));
#2187=DIRECTION('center_axis',(-1.,0.,-1.22464679914735E-16));
#2188=DIRECTION('ref_axis',(0.,-1.,0.));
#2189=DIRECTION('center_axis',(-1.,0.,-1.22464679914735E-16));
#2190=DIRECTION('ref_axis',(0.,-1.,0.));
#2191=DIRECTION('',(1.,0.,1.22464679914735E-16));
#2192=DIRECTION('',(1.,0.,1.22464679914735E-16));
#2193=DIRECTION('center_axis',(-1.,0.,-1.22464679914735E-16));
#2194=DIRECTION('ref_axis',(0.,-1.,0.));
#2195=DIRECTION('',(1.,0.,1.22464679914735E-16));
#2196=DIRECTION('',(1.,0.,1.22464679914735E-16));
#2197=DIRECTION('center_axis',(-1.,0.,-1.22464679914735E-16));
#2198=DIRECTION('ref_axis',(0.,-1.,0.));
#2199=DIRECTION('',(1.,0.,1.22464679914735E-16));
#2200=DIRECTION('center_axis',(-1.22464679914735E-16,0.,1.));
#2201=DIRECTION('ref_axis',(0.,1.,0.));
#2202=DIRECTION('center_axis',(0.,1.,0.));
#2203=DIRECTION('ref_axis',(1.,0.,1.22464679914735E-16));
#2204=DIRECTION('',(1.22464679914735E-16,0.,-1.));
#2205=DIRECTION('center_axis',(-1.22464679914735E-16,0.,1.));
#2206=DIRECTION('ref_axis',(0.,1.,0.));
#2207=DIRECTION('',(1.22464679914735E-16,0.,-1.));
#2208=DIRECTION('center_axis',(0.,-1.,0.));
#2209=DIRECTION('ref_axis',(-1.,0.,-1.22464679914735E-16));
#2210=DIRECTION('center_axis',(-1.22464679914735E-16,0.,1.));
#2211=DIRECTION('ref_axis',(0.,1.,0.));
#2212=DIRECTION('',(1.22464679914735E-16,0.,-1.));
#2213=DIRECTION('center_axis',(0.,-1.,0.));
#2214=DIRECTION('ref_axis',(-1.,0.,-1.22464679914735E-16));
#2215=DIRECTION('center_axis',(1.,0.,1.22464679914735E-16));
#2216=DIRECTION('ref_axis',(0.,-1.,0.));
#2217=DIRECTION('',(1.22464679914735E-16,0.,-1.));
#2218=DIRECTION('',(1.22464679914735E-16,0.,-1.));
#2219=DIRECTION('center_axis',(0.,1.,0.));
#2220=DIRECTION('ref_axis',(1.,0.,1.22464679914735E-16));
#2221=DIRECTION('',(1.22464679914735E-16,0.,-1.));
#2222=DIRECTION('center_axis',(-1.22464679914735E-16,0.,1.));
#2223=DIRECTION('ref_axis',(0.,1.,0.));
#2224=DIRECTION('',(1.22464679914735E-16,0.,-1.));
#2225=DIRECTION('center_axis',(0.,-1.,0.));
#2226=DIRECTION('ref_axis',(-1.,0.,-1.22464679914735E-16));
#2227=DIRECTION('center_axis',(1.,0.,1.22464679914735E-16));
#2228=DIRECTION('ref_axis',(0.,-1.,0.));
#2229=DIRECTION('',(0.,-1.,0.));
#2230=DIRECTION('',(1.22464679914735E-16,0.,-1.));
#2231=DIRECTION('',(0.,1.,0.));
#2232=DIRECTION('',(1.22464679914735E-16,0.,-1.));
#2233=DIRECTION('center_axis',(0.,-1.,0.));
#2234=DIRECTION('ref_axis',(0.707106781186548,0.,-0.707106781186547));
#2235=DIRECTION('center_axis',(0.,1.,0.));
#2236=DIRECTION('ref_axis',(0.707106781186548,0.,-0.707106781186547));
#2237=DIRECTION('center_axis',(0.,-1.,0.));
#2238=DIRECTION('ref_axis',(-0.707106781186525,0.,-0.70710678118657));
#2239=DIRECTION('',(0.,1.,0.));
#2240=DIRECTION('center_axis',(0.,1.,0.));
#2241=DIRECTION('ref_axis',(0.707106781186547,0.,0.707106781186548));
#2242=DIRECTION('center_axis',(0.,-1.,0.));
#2243=DIRECTION('ref_axis',(0.707106781186547,0.,0.707106781186548));
#2244=DIRECTION('',(0.,-1.,0.));
#2245=DIRECTION('center_axis',(0.,1.,0.));
#2246=DIRECTION('ref_axis',(0.707106781186547,0.,0.707106781186548));
#2247=DIRECTION('center_axis',(0.,-1.,0.));
#2248=DIRECTION('ref_axis',(-1.,0.,-1.22464679914735E-16));
#2249=DIRECTION('',(1.,0.,1.22464679914735E-16));
#2250=DIRECTION('',(-1.,0.,-1.22464679914735E-16));
#2251=DIRECTION('center_axis',(0.,-1.,0.));
#2252=DIRECTION('ref_axis',(0.707106781186547,0.,0.707106781186548));
#2253=DIRECTION('',(1.22464679914735E-16,0.,-1.));
#2254=DIRECTION('center_axis',(0.,1.,0.));
#2255=DIRECTION('ref_axis',(-0.707106781186547,0.,-0.707106781186548));
#2256=DIRECTION('',(1.22464679914735E-16,0.,-1.));
#2257=DIRECTION('center_axis',(0.,-1.,0.));
#2258=DIRECTION('ref_axis',(-0.707106781186547,0.,0.707106781186548));
#2259=DIRECTION('',(-1.,0.,-1.22464679914735E-16));
#2260=DIRECTION('',(1.22464679914735E-16,0.,-1.));
#2261=DIRECTION('',(-1.,0.,-1.22464679914735E-16));
#2262=DIRECTION('center_axis',(0.,1.,0.));
#2263=DIRECTION('ref_axis',(-0.707106781186548,0.,0.707106781186547));
#2264=DIRECTION('',(1.22464679914735E-16,0.,-1.));
#2265=DIRECTION('center_axis',(0.,-1.,0.));
#2266=DIRECTION('ref_axis',(0.707106781186547,0.,0.707106781186548));
#2267=DIRECTION('center_axis',(0.,1.,0.));
#2268=DIRECTION('ref_axis',(0.707106781186547,0.,0.707106781186548));
#2269=DIRECTION('',(0.,-1.,0.));
#2270=DIRECTION('',(0.,1.,0.));
#2271=DIRECTION('center_axis',(-1.,0.,-1.22464679914735E-16));
#2272=DIRECTION('ref_axis',(0.,1.,0.));
#2273=DIRECTION('',(1.22464679914735E-16,0.,-1.));
#2274=DIRECTION('',(0.,1.,0.));
#2275=DIRECTION('center_axis',(0.,1.,0.));
#2276=DIRECTION('ref_axis',(-0.707106781186547,0.,0.707106781186548));
#2277=DIRECTION('center_axis',(0.,-1.,0.));
#2278=DIRECTION('ref_axis',(-0.707106781186547,0.,0.707106781186548));
#2279=DIRECTION('',(0.,1.,0.));
#2280=DIRECTION('center_axis',(0.,1.,0.));
#2281=DIRECTION('ref_axis',(-0.707106781186547,0.,0.707106781186548));
#2282=DIRECTION('',(0.,-1.,0.));
#2283=DIRECTION('center_axis',(1.,0.,1.22464679914735E-16));
#2284=DIRECTION('ref_axis',(0.,-1.,0.));
#2285=DIRECTION('',(1.22464679914735E-16,-4.11193706016061E-16,-1.));
#2286=DIRECTION('center_axis',(-1.,0.,-1.22464679914735E-16));
#2287=DIRECTION('ref_axis',(0.,-1.,0.));
#2288=DIRECTION('',(-1.22464679914735E-16,0.,1.));
#2289=DIRECTION('',(0.,1.,0.));
#2290=DIRECTION('',(1.22464679914735E-16,0.,-1.));
#2291=DIRECTION('center_axis',(-1.,0.,-1.22464679914735E-16));
#2292=DIRECTION('ref_axis',(0.,-1.,0.));
#2293=DIRECTION('',(-1.22464679914735E-16,0.,1.));
#2294=DIRECTION('',(0.,1.,0.));
#2295=DIRECTION('',(1.22464679914735E-16,0.,-1.));
#2296=DIRECTION('center_axis',(-1.,0.,-1.22464679914735E-16));
#2297=DIRECTION('ref_axis',(0.,-1.,0.));
#2298=DIRECTION('',(-1.22464679914735E-16,0.,1.));
#2299=DIRECTION('',(0.,1.,0.));
#2300=DIRECTION('',(1.22464679914735E-16,0.,-1.));
#2301=DIRECTION('center_axis',(-1.,0.,-1.22464679914735E-16));
#2302=DIRECTION('ref_axis',(0.,-1.,0.));
#2303=DIRECTION('',(-1.22464679914735E-16,0.,1.));
#2304=DIRECTION('',(0.,1.,0.));
#2305=DIRECTION('',(0.,-1.,0.));
#2306=DIRECTION('',(1.22464679914735E-16,0.,-1.));
#2307=DIRECTION('center_axis',(0.,1.,0.));
#2308=DIRECTION('ref_axis',(-0.707106781186547,0.,0.707106781186548));
#2309=DIRECTION('center_axis',(0.,-1.,0.));
#2310=DIRECTION('ref_axis',(-0.707106781186547,0.,0.707106781186548));
#2311=DIRECTION('center_axis',(0.,1.,0.));
#2312=DIRECTION('ref_axis',(-0.707106781186547,0.,0.707106781186548));
#2313=DIRECTION('',(0.,-1.,0.));
#2314=DIRECTION('center_axis',(0.,1.,0.));
#2315=DIRECTION('ref_axis',(-0.707106781186547,0.,0.707106781186548));
#2316=DIRECTION('center_axis',(0.,-1.,0.));
#2317=DIRECTION('ref_axis',(-0.707106781186547,0.,0.707106781186548));
#2318=DIRECTION('center_axis',(0.,1.,0.));
#2319=DIRECTION('ref_axis',(-0.707106781186547,0.,0.707106781186548));
#2320=DIRECTION('',(0.,-1.,0.));
#2321=DIRECTION('center_axis',(0.,1.,0.));
#2322=DIRECTION('ref_axis',(-0.707106781186547,0.,0.707106781186548));
#2323=DIRECTION('center_axis',(0.,-1.,0.));
#2324=DIRECTION('ref_axis',(-0.707106781186547,0.,0.707106781186548));
#2325=DIRECTION('center_axis',(0.,1.,0.));
#2326=DIRECTION('ref_axis',(-0.707106781186547,0.,0.707106781186548));
#2327=DIRECTION('',(0.,-1.,0.));
#2328=DIRECTION('center_axis',(0.,1.,0.));
#2329=DIRECTION('ref_axis',(-0.707106781186547,0.,0.707106781186548));
#2330=DIRECTION('center_axis',(0.,1.,0.));
#2331=DIRECTION('ref_axis',(-0.707106781186547,0.,0.707106781186548));
#2332=DIRECTION('',(0.,-1.,0.));
#2333=DIRECTION('center_axis',(1.22464679914735E-16,0.,-1.));
#2334=DIRECTION('ref_axis',(-1.,0.,-1.22464679914735E-16));
#2335=DIRECTION('',(1.,0.,1.22464679914735E-16));
#2336=DIRECTION('',(0.,-1.,0.));
#2337=DIRECTION('',(1.,0.,1.22464679914735E-16));
#2338=DIRECTION('center_axis',(-1.22464679914735E-16,0.,1.));
#2339=DIRECTION('ref_axis',(0.,1.,0.));
#2340=DIRECTION('',(-1.,0.,-1.22464679914735E-16));
#2341=DIRECTION('',(1.,0.,1.22464679914735E-16));
#2342=DIRECTION('center_axis',(-1.22464679914735E-16,0.,1.));
#2343=DIRECTION('ref_axis',(0.,1.,0.));
#2344=DIRECTION('',(-1.,0.,-1.22464679914735E-16));
#2345=DIRECTION('',(1.,0.,1.22464679914735E-16));
#2346=DIRECTION('center_axis',(-1.22464679914735E-16,0.,1.));
#2347=DIRECTION('ref_axis',(0.,1.,0.));
#2348=DIRECTION('',(-1.,0.,-1.22464679914735E-16));
#2349=DIRECTION('',(1.,0.,1.22464679914735E-16));
#2350=DIRECTION('center_axis',(-1.22464679914735E-16,0.,1.));
#2351=DIRECTION('ref_axis',(0.,1.,0.));
#2352=DIRECTION('',(-1.,0.,-1.22464679914735E-16));
#2353=DIRECTION('center_axis',(0.,-1.,0.));
#2354=DIRECTION('ref_axis',(-0.707106781186548,0.,0.707106781186547));
#2355=DIRECTION('center_axis',(0.,-1.,0.));
#2356=DIRECTION('ref_axis',(-0.707106781186548,0.,0.707106781186547));
#2357=DIRECTION('',(0.,-1.,0.));
#2358=DIRECTION('center_axis',(0.,1.,0.));
#2359=DIRECTION('ref_axis',(-0.707106781186548,0.,0.707106781186547));
#2360=DIRECTION('',(0.,1.,0.));
#2361=DIRECTION('center_axis',(0.,1.,0.));
#2362=DIRECTION('ref_axis',(1.,0.,1.22464679914735E-16));
#2363=DIRECTION('',(1.22464679914735E-16,0.,-1.));
#2364=DIRECTION('',(-1.,0.,-1.22464679914735E-16));
#2365=DIRECTION('',(1.22464679914735E-16,0.,-1.));
#2366=DIRECTION('center_axis',(0.,-1.,0.));
#2367=DIRECTION('ref_axis',(0.707106781186548,0.,-0.707106781186547));
#2368=DIRECTION('',(-1.,0.,-1.22464679914735E-16));
#2369=DIRECTION('',(1.,0.,1.22464679914735E-16));
#2370=DIRECTION('center_axis',(1.22464679914735E-16,0.,-1.));
#2371=DIRECTION('ref_axis',(-1.,0.,-1.22464679914735E-16));
#2372=DIRECTION('',(-1.,0.,-1.22464679914735E-16));
#2373=DIRECTION('center_axis',(1.22464679914735E-16,0.,-1.));
#2374=DIRECTION('ref_axis',(0.,1.,0.));
#2375=DIRECTION('',(1.,0.,1.22464679914735E-16));
#2376=DIRECTION('',(0.,1.,0.));
#2377=DIRECTION('',(-1.,0.,-1.22464679914735E-16));
#2378=DIRECTION('center_axis',(1.22464679914735E-16,0.,-1.));
#2379=DIRECTION('ref_axis',(0.,1.,0.));
#2380=DIRECTION('',(1.,0.,1.22464679914735E-16));
#2381=DIRECTION('',(0.,1.,0.));
#2382=DIRECTION('',(-1.,0.,-1.22464679914735E-16));
#2383=DIRECTION('center_axis',(1.22464679914735E-16,0.,-1.));
#2384=DIRECTION('ref_axis',(0.,1.,0.));
#2385=DIRECTION('',(1.,0.,1.22464679914735E-16));
#2386=DIRECTION('',(0.,1.,0.));
#2387=DIRECTION('',(-1.,0.,-1.22464679914735E-16));
#2388=DIRECTION('center_axis',(1.22464679914735E-16,0.,-1.));
#2389=DIRECTION('ref_axis',(0.,1.,0.));
#2390=DIRECTION('',(1.,0.,1.22464679914735E-16));
#2391=DIRECTION('',(0.,1.,0.));
#2392=DIRECTION('',(0.,-1.,0.));
#2393=DIRECTION('center_axis',(0.,-1.,0.));
#2394=DIRECTION('ref_axis',(-0.707106781186548,0.,0.707106781186547));
#2395=DIRECTION('center_axis',(0.,1.,0.));
#2396=DIRECTION('ref_axis',(-0.707106781186548,0.,0.707106781186547));
#2397=DIRECTION('center_axis',(0.,-1.,0.));
#2398=DIRECTION('ref_axis',(-0.707106781186548,0.,0.707106781186547));
#2399=DIRECTION('',(0.,-1.,0.));
#2400=DIRECTION('center_axis',(0.,-1.,0.));
#2401=DIRECTION('ref_axis',(-1.,0.,-1.22464679914735E-16));
#2402=DIRECTION('',(1.22464679914735E-16,0.,-1.));
#2403=DIRECTION('',(-1.,0.,-1.22464679914735E-16));
#2404=DIRECTION('',(1.22464679914735E-16,0.,-1.));
#2405=DIRECTION('center_axis',(-1.,0.,-1.22464679914735E-16));
#2406=DIRECTION('ref_axis',(0.,1.,0.));
#2407=DIRECTION('',(0.,-1.,0.));
#2408=DIRECTION('',(1.22464679914735E-16,0.,-1.));
#2409=DIRECTION('center_axis',(1.,0.,1.22464679914735E-16));
#2410=DIRECTION('ref_axis',(0.,-1.,0.));
#2411=DIRECTION('',(1.22464679914735E-16,0.,-1.));
#2412=DIRECTION('',(0.,-1.,0.));
#2413=DIRECTION('',(1.22464679914735E-16,0.,-1.));
#2414=DIRECTION('center_axis',(1.,0.,1.22464679914735E-16));
#2415=DIRECTION('ref_axis',(0.,-1.,0.));
#2416=DIRECTION('',(1.22464679914735E-16,0.,-1.));
#2417=DIRECTION('',(0.,-1.,0.));
#2418=DIRECTION('',(1.22464679914735E-16,0.,-1.));
#2419=DIRECTION('center_axis',(1.,0.,1.22464679914735E-16));
#2420=DIRECTION('ref_axis',(0.,-1.,0.));
#2421=DIRECTION('',(1.22464679914735E-16,0.,-1.));
#2422=DIRECTION('center_axis',(1.,0.,1.22464679914735E-16));
#2423=DIRECTION('ref_axis',(0.,-1.,0.));
#2424=DIRECTION('',(1.22464679914735E-16,0.,-1.));
#2425=DIRECTION('center_axis',(0.,-1.,0.));
#2426=DIRECTION('ref_axis',(-0.707106781186548,0.,0.707106781186547));
#2427=DIRECTION('center_axis',(0.,1.,0.));
#2428=DIRECTION('ref_axis',(-0.707106781186548,0.,0.707106781186547));
#2429=DIRECTION('center_axis',(0.,-1.,0.));
#2430=DIRECTION('ref_axis',(-0.707106781186548,0.,0.707106781186547));
#2431=DIRECTION('center_axis',(0.,1.,0.));
#2432=DIRECTION('ref_axis',(1.,0.,1.22464679914735E-16));
#2433=DIRECTION('',(1.22464679914735E-16,0.,-1.));
#2434=DIRECTION('',(-1.,0.,-1.22464679914735E-16));
#2435=DIRECTION('center_axis',(0.,-1.,0.));
#2436=DIRECTION('ref_axis',(-0.707106781186548,0.,0.707106781186547));
#2437=DIRECTION('center_axis',(0.,1.,0.));
#2438=DIRECTION('ref_axis',(-0.707106781186548,0.,0.707106781186547));
#2439=DIRECTION('center_axis',(0.,-1.,0.));
#2440=DIRECTION('ref_axis',(-0.707106781186548,0.,0.707106781186547));
#2441=DIRECTION('center_axis',(0.,-1.,0.));
#2442=DIRECTION('ref_axis',(-1.,0.,-1.22464679914735E-16));
#2443=DIRECTION('',(-1.,0.,-1.22464679914735E-16));
#2444=DIRECTION('',(1.22464679914735E-16,0.,-1.));
#2445=DIRECTION('center_axis',(0.,-1.,0.));
#2446=DIRECTION('ref_axis',(-0.707106781186548,0.,0.707106781186547));
#2447=DIRECTION('center_axis',(0.,-1.,0.));
#2448=DIRECTION('ref_axis',(-0.707106781186548,0.,0.707106781186547));
#2449=DIRECTION('center_axis',(0.,-1.,0.));
#2450=DIRECTION('ref_axis',(0.707106781186548,0.,-0.707106781186547));
#2451=DIRECTION('center_axis',(-1.,0.,-1.22464679914735E-16));
#2452=DIRECTION('ref_axis',(0.,-1.,0.));
#2453=DIRECTION('center_axis',(-1.,0.,-1.22464679914735E-16));
#2454=DIRECTION('ref_axis',(0.,-1.,0.));
#2455=DIRECTION('',(-1.,0.,-1.22464679914735E-16));
#2456=DIRECTION('',(-1.,0.,-1.22464679914735E-16));
#2457=DIRECTION('center_axis',(-1.,0.,-1.22464679914735E-16));
#2458=DIRECTION('ref_axis',(0.,-1.,0.));
#2459=DIRECTION('',(-1.,0.,-1.22464679914735E-16));
#2460=DIRECTION('',(-1.,0.,-1.22464679914735E-16));
#2461=DIRECTION('center_axis',(-1.,0.,-1.22464679914735E-16));
#2462=DIRECTION('ref_axis',(0.,-1.,0.));
#2463=DIRECTION('',(-1.,0.,-1.22464679914735E-16));
#2464=DIRECTION('center_axis',(1.22464679914735E-16,0.,-1.));
#2465=DIRECTION('ref_axis',(0.,1.,0.));
#2466=DIRECTION('center_axis',(0.,-1.,0.));
#2467=DIRECTION('ref_axis',(-1.,0.,-1.22464679914735E-16));
#2468=DIRECTION('',(1.22464679914735E-16,0.,-1.));
#2469=DIRECTION('center_axis',(1.22464679914735E-16,0.,-1.));
#2470=DIRECTION('ref_axis',(0.,1.,0.));
#2471=DIRECTION('',(1.22464679914735E-16,0.,-1.));
#2472=DIRECTION('center_axis',(0.,1.,0.));
#2473=DIRECTION('ref_axis',(1.,0.,1.22464679914735E-16));
#2474=DIRECTION('center_axis',(1.22464679914735E-16,0.,-1.));
#2475=DIRECTION('ref_axis',(0.,1.,0.));
#2476=DIRECTION('',(1.22464679914735E-16,0.,-1.));
#2477=DIRECTION('center_axis',(0.,1.,0.));
#2478=DIRECTION('ref_axis',(1.,0.,1.22464679914735E-16));
#2479=DIRECTION('center_axis',(1.,0.,1.22464679914735E-16));
#2480=DIRECTION('ref_axis',(0.,-1.,0.));
#2481=DIRECTION('center_axis',(0.,-1.,0.));
#2482=DIRECTION('ref_axis',(-1.,0.,-1.22464679914735E-16));
#2483=DIRECTION('',(1.22464679914735E-16,0.,-1.));
#2484=DIRECTION('center_axis',(1.22464679914735E-16,0.,-1.));
#2485=DIRECTION('ref_axis',(0.,1.,0.));
#2486=DIRECTION('',(1.22464679914735E-16,0.,-1.));
#2487=DIRECTION('center_axis',(0.,1.,0.));
#2488=DIRECTION('ref_axis',(1.,0.,1.22464679914735E-16));
#2489=DIRECTION('center_axis',(1.22464679914735E-16,0.,-1.));
#2490=DIRECTION('ref_axis',(-1.,0.,-1.22464679914735E-16));
#2491=DIRECTION('center_axis',(1.22464679914735E-16,0.,-1.));
#2492=DIRECTION('ref_axis',(-1.,0.,-1.22464679914735E-16));
#2493=CARTESIAN_POINT('',(0.,0.,0.));
#2494=CARTESIAN_POINT('Origin',(-6.95,6.35,7.71));
#2495=CARTESIAN_POINT('',(-6.95,6.35,0.634999999999999));
#2496=CARTESIAN_POINT('',(-6.95,-6.35,0.634999999999999));
#2497=CARTESIAN_POINT('',(-6.95,3.175,0.634999999999999));
#2498=CARTESIAN_POINT('',(-6.95,-6.35,7.075));
#2499=CARTESIAN_POINT('',(-6.95,-6.35,7.71));
#2500=CARTESIAN_POINT('',(-6.95,6.35,7.075));
#2501=CARTESIAN_POINT('',(-6.95,3.175,7.075));
#2502=CARTESIAN_POINT('',(-6.95,6.35,7.71));
#2503=CARTESIAN_POINT('Origin',(-6.985,-3.175,0.634999999999998));
#2504=CARTESIAN_POINT('',(-7.02,6.35,0.634999999999998));
#2505=CARTESIAN_POINT('Origin',(-6.985,6.35,0.634999999999998));
#2506=CARTESIAN_POINT('',(-7.02,-6.35,0.634999999999998));
#2507=CARTESIAN_POINT('',(-7.02,-3.175,0.634999999999998));
#2508=CARTESIAN_POINT('Origin',(-6.985,-6.35,0.634999999999999));
#2509=CARTESIAN_POINT('Origin',(-6.315,3.175,7.075));
#2510=CARTESIAN_POINT('',(-6.315,6.35,7.71));
#2511=CARTESIAN_POINT('Origin',(-6.315,6.35,7.075));
#2512=CARTESIAN_POINT('',(-6.315,-6.35,7.71));
#2513=CARTESIAN_POINT('Origin',(-6.315,-6.35,7.075));
#2514=CARTESIAN_POINT('',(-6.315,3.175,7.71));
#2515=CARTESIAN_POINT('Origin',(-6.0325,-3.175,6.7925));
#2516=CARTESIAN_POINT('',(-6.0325,6.35,7.11));
#2517=CARTESIAN_POINT('',(-6.35,6.35,6.7925));
#2518=CARTESIAN_POINT('Origin',(-6.0325,6.35,6.7925));
#2519=CARTESIAN_POINT('',(-6.0325,-6.35,7.11));
#2520=CARTESIAN_POINT('',(-6.0325,-3.175,7.11));
#2521=CARTESIAN_POINT('',(-6.35,-6.35,6.7925));
#2522=CARTESIAN_POINT('Origin',(-6.0325,-6.35,6.7925));
#2523=CARTESIAN_POINT('',(-6.35,-3.175,6.7925));
#2524=CARTESIAN_POINT('Origin',(-6.35,-6.35,7.11));
#2525=CARTESIAN_POINT('',(-6.35,-6.35,0.634999999999999));
#2526=CARTESIAN_POINT('',(-6.35,-6.35,7.11));
#2527=CARTESIAN_POINT('',(-6.35,6.35,0.634999999999999));
#2528=CARTESIAN_POINT('',(-6.35,-3.175,0.634999999999999));
#2529=CARTESIAN_POINT('',(-6.35,6.35,7.11));
#2530=CARTESIAN_POINT('Origin',(-7.9375,3.175,9.2925));
#2531=CARTESIAN_POINT('',(-7.9375,4.93889,9.61));
#2532=CARTESIAN_POINT('',(-7.62,4.93889,9.2925));
#2533=CARTESIAN_POINT('Origin',(-7.9375,4.93889,9.2925));
#2534=CARTESIAN_POINT('',(-7.9375,6.35,9.61));
#2535=CARTESIAN_POINT('',(-7.9375,3.175,9.61));
#2536=CARTESIAN_POINT('',(-7.62,6.35,9.2925));
#2537=CARTESIAN_POINT('Origin',(-7.9375,6.35,9.2925));
#2538=CARTESIAN_POINT('',(-7.62,3.175,9.2925));
#2539=CARTESIAN_POINT('Origin',(-7.62,6.35,9.61));
#2540=CARTESIAN_POINT('',(-7.62,6.35,0.634999999999997));
#2541=CARTESIAN_POINT('',(-7.62,6.35,9.61));
#2542=CARTESIAN_POINT('',(-7.62,-6.35,0.634999999999997));
#2543=CARTESIAN_POINT('',(-7.62,3.175,0.634999999999998));
#2544=CARTESIAN_POINT('',(-7.62,-6.35,9.2925));
#2545=CARTESIAN_POINT('',(-7.62,-6.35,9.61));
#2546=CARTESIAN_POINT('',(-7.62,-4.9388775,9.2925));
#2547=CARTESIAN_POINT('',(-7.62,3.175,9.2925));
#2548=CARTESIAN_POINT('',(-7.62,-4.9388775,4.20999991059303));
#2549=CARTESIAN_POINT('',(-7.62,-4.9388775,6.90999995529651));
#2550=CARTESIAN_POINT('',(-7.62,-3.5277775,4.20999991059303));
#2551=CARTESIAN_POINT('Origin',(-7.62,-4.2333275,4.20999991059303));
#2552=CARTESIAN_POINT('',(-7.62,-3.5277775,9.2925));
#2553=CARTESIAN_POINT('',(-7.62,-3.5277775,9.61));
#2554=CARTESIAN_POINT('',(-7.62,-2.116655,9.2925));
#2555=CARTESIAN_POINT('',(-7.62,3.175,9.2925));
#2556=CARTESIAN_POINT('',(-7.62,-2.116655,4.20999991059303));
#2557=CARTESIAN_POINT('',(-7.62,-2.116655,6.90999995529651));
#2558=CARTESIAN_POINT('',(-7.62,-0.705555,4.20999991059303));
#2559=CARTESIAN_POINT('Origin',(-7.62,-1.411105,4.20999991059303));
#2560=CARTESIAN_POINT('',(-7.62,-0.705555,9.2925));
#2561=CARTESIAN_POINT('',(-7.62,-0.705555,9.61));
#2562=CARTESIAN_POINT('',(-7.62,0.705567499999999,9.2925));
#2563=CARTESIAN_POINT('',(-7.62,3.175,9.2925));
#2564=CARTESIAN_POINT('',(-7.62,0.705567499999999,4.20999991059303));
#2565=CARTESIAN_POINT('',(-7.62,0.705567499999999,6.90999995529651));
#2566=CARTESIAN_POINT('',(-7.62,2.1166675,4.20999991059303));
#2567=CARTESIAN_POINT('Origin',(-7.62,1.4111175,4.20999991059303));
#2568=CARTESIAN_POINT('',(-7.62,2.1166675,9.2925));
#2569=CARTESIAN_POINT('',(-7.62,2.1166675,9.61));
#2570=CARTESIAN_POINT('',(-7.62,3.52779,9.2925));
#2571=CARTESIAN_POINT('',(-7.62,3.175,9.2925));
#2572=CARTESIAN_POINT('',(-7.62,3.52779,4.20999991059303));
#2573=CARTESIAN_POINT('',(-7.62,3.52779,6.90999995529651));
#2574=CARTESIAN_POINT('',(-7.62,4.93889,4.20999991059303));
#2575=CARTESIAN_POINT('Origin',(-7.62,4.23334,4.20999991059303));
#2576=CARTESIAN_POINT('',(-7.62,4.93889,9.61));
#2577=CARTESIAN_POINT('Origin',(-7.9375,3.175,9.2925));
#2578=CARTESIAN_POINT('',(-7.9375,2.1166675,9.61));
#2579=CARTESIAN_POINT('Origin',(-7.9375,2.1166675,9.2925));
#2580=CARTESIAN_POINT('',(-7.9375,3.52779,9.61));
#2581=CARTESIAN_POINT('',(-7.9375,3.175,9.61));
#2582=CARTESIAN_POINT('Origin',(-7.9375,3.52779,9.2925));
#2583=CARTESIAN_POINT('Origin',(-7.9375,3.175,9.2925));
#2584=CARTESIAN_POINT('',(-7.9375,-0.705555,9.61));
#2585=CARTESIAN_POINT('Origin',(-7.9375,-0.705555,9.2925));
#2586=CARTESIAN_POINT('',(-7.9375,0.705567499999999,9.61));
#2587=CARTESIAN_POINT('',(-7.9375,3.175,9.61));
#2588=CARTESIAN_POINT('Origin',(-7.9375,0.705567499999999,9.2925));
#2589=CARTESIAN_POINT('Origin',(-7.9375,3.175,9.2925));
#2590=CARTESIAN_POINT('',(-7.9375,-3.5277775,9.61));
#2591=CARTESIAN_POINT('Origin',(-7.9375,-3.5277775,9.2925));
#2592=CARTESIAN_POINT('',(-7.9375,-2.116655,9.61));
#2593=CARTESIAN_POINT('',(-7.9375,3.175,9.61));
#2594=CARTESIAN_POINT('Origin',(-7.9375,-2.116655,9.2925));
#2595=CARTESIAN_POINT('Origin',(-7.9375,3.175,9.2925));
#2596=CARTESIAN_POINT('',(-7.9375,-4.9388775,9.61));
#2597=CARTESIAN_POINT('Origin',(-7.9375,-4.9388775,9.2925));
#2598=CARTESIAN_POINT('',(-7.9375,-6.35,9.61));
#2599=CARTESIAN_POINT('Origin',(-7.9375,-6.35,9.2925));
#2600=CARTESIAN_POINT('',(-7.9375,3.175,9.61));
#2601=CARTESIAN_POINT('Origin',(-10.06,0.,9.61));
#2602=CARTESIAN_POINT('',(-11.1000000447035,4.93889,9.61));
#2603=CARTESIAN_POINT('',(-11.1000000447035,4.93889,9.61));
#2604=CARTESIAN_POINT('',(-11.1000000447035,3.52779,9.61));
#2605=CARTESIAN_POINT('Origin',(-11.1000000447035,4.23334,9.61));
#2606=CARTESIAN_POINT('',(-7.02,3.52779,9.61));
#2607=CARTESIAN_POINT('',(-11.1000000447035,2.1166675,9.61));
#2608=CARTESIAN_POINT('',(-11.1000000447035,2.1166675,9.61));
#2609=CARTESIAN_POINT('',(-11.1000000447035,0.705567499999999,9.61));
#2610=CARTESIAN_POINT('Origin',(-11.1000000447035,1.4111175,9.61));
#2611=CARTESIAN_POINT('',(-7.02,0.705567499999999,9.61));
#2612=CARTESIAN_POINT('',(-11.1000000447035,-0.705555,9.61));
#2613=CARTESIAN_POINT('',(-11.1000000447035,-0.705555,9.61));
#2614=CARTESIAN_POINT('',(-11.1000000447035,-2.116655,9.61));
#2615=CARTESIAN_POINT('Origin',(-11.1000000447035,-1.411105,9.61));
#2616=CARTESIAN_POINT('',(-7.02,-2.116655,9.61));
#2617=CARTESIAN_POINT('',(-11.1000000447035,-3.5277775,9.61));
#2618=CARTESIAN_POINT('',(-11.1000000447035,-3.5277775,9.61));
#2619=CARTESIAN_POINT('',(-11.1000000447035,-4.9388775,9.61));
#2620=CARTESIAN_POINT('Origin',(-11.1000000447035,-4.2333275,9.61));
#2621=CARTESIAN_POINT('',(-7.02,-4.9388775,9.61));
#2622=CARTESIAN_POINT('',(-13.1,-6.35,9.61));
#2623=CARTESIAN_POINT('',(-13.1,-6.35,9.61));
#2624=CARTESIAN_POINT('',(-13.1,6.35,9.61));
#2625=CARTESIAN_POINT('',(-13.1,6.35,9.61));
#2626=CARTESIAN_POINT('',(-7.62,6.35,9.61));
#2627=CARTESIAN_POINT('Origin',(-7.655,-3.175,9.575));
#2628=CARTESIAN_POINT('',(-7.655,6.35,10.21));
#2629=CARTESIAN_POINT('',(-7.02,6.35,9.575));
#2630=CARTESIAN_POINT('Origin',(-7.655,6.35,9.575));
#2631=CARTESIAN_POINT('',(-7.655,4.93889,10.21));
#2632=CARTESIAN_POINT('',(-7.655,-3.175,10.21));
#2633=CARTESIAN_POINT('',(-7.02,4.93889,9.575));
#2634=CARTESIAN_POINT('Origin',(-7.655,4.93889,9.575));
#2635=CARTESIAN_POINT('',(-7.02,-3.175,9.575));
#2636=CARTESIAN_POINT('Origin',(-10.06,0.,10.21));
#2637=CARTESIAN_POINT('',(-13.1,6.35,10.21));
#2638=CARTESIAN_POINT('',(-7.62,6.35,10.21));
#2639=CARTESIAN_POINT('',(-13.1,-6.35,10.21));
#2640=CARTESIAN_POINT('',(-13.1,6.35,10.21));
#2641=CARTESIAN_POINT('',(-7.655,-6.35,10.21));
#2642=CARTESIAN_POINT('',(-13.1,-6.35,10.21));
#2643=CARTESIAN_POINT('',(-7.655,-4.9388775,10.21));
#2644=CARTESIAN_POINT('',(-7.655,-3.175,10.21));
#2645=CARTESIAN_POINT('',(-11.1000000447035,-4.9388775,10.21));
#2646=CARTESIAN_POINT('',(-7.02,-4.9388775,10.21));
#2647=CARTESIAN_POINT('',(-11.1000000447035,-3.5277775,10.21));
#2648=CARTESIAN_POINT('Origin',(-11.1000000447035,-4.2333275,10.21));
#2649=CARTESIAN_POINT('',(-7.655,-3.5277775,10.21));
#2650=CARTESIAN_POINT('',(-11.1000000447035,-3.5277775,10.21));
#2651=CARTESIAN_POINT('',(-7.655,-2.116655,10.21));
#2652=CARTESIAN_POINT('',(-7.655,-3.175,10.21));
#2653=CARTESIAN_POINT('',(-11.1000000447035,-2.116655,10.21));
#2654=CARTESIAN_POINT('',(-7.02,-2.116655,10.21));
#2655=CARTESIAN_POINT('',(-11.1000000447035,-0.705555,10.21));
#2656=CARTESIAN_POINT('Origin',(-11.1000000447035,-1.411105,10.21));
#2657=CARTESIAN_POINT('',(-7.655,-0.705555,10.21));
#2658=CARTESIAN_POINT('',(-11.1000000447035,-0.705555,10.21));
#2659=CARTESIAN_POINT('',(-7.655,0.705567499999999,10.21));
#2660=CARTESIAN_POINT('',(-7.655,-3.175,10.21));
#2661=CARTESIAN_POINT('',(-11.1000000447035,0.705567499999999,10.21));
#2662=CARTESIAN_POINT('',(-7.02,0.705567499999999,10.21));
#2663=CARTESIAN_POINT('',(-11.1000000447035,2.1166675,10.21));
#2664=CARTESIAN_POINT('Origin',(-11.1000000447035,1.4111175,10.21));
#2665=CARTESIAN_POINT('',(-7.655,2.1166675,10.21));
#2666=CARTESIAN_POINT('',(-11.1000000447035,2.1166675,10.21));
#2667=CARTESIAN_POINT('',(-7.655,3.52779,10.21));
#2668=CARTESIAN_POINT('',(-7.655,-3.175,10.21));
#2669=CARTESIAN_POINT('',(-11.1000000447035,3.52779,10.21));
#2670=CARTESIAN_POINT('',(-7.02,3.52779,10.21));
#2671=CARTESIAN_POINT('',(-11.1000000447035,4.93889,10.21));
#2672=CARTESIAN_POINT('Origin',(-11.1000000447035,4.23334,10.21));
#2673=CARTESIAN_POINT('',(-11.1000000447035,4.93889,10.21));
#2674=CARTESIAN_POINT('Origin',(-7.655,-3.175,9.575));
#2675=CARTESIAN_POINT('',(-7.02,2.1166675,9.575));
#2676=CARTESIAN_POINT('Origin',(-7.655,2.1166675,9.575));
#2677=CARTESIAN_POINT('',(-7.02,3.52779,9.575));
#2678=CARTESIAN_POINT('',(-7.02,-3.175,9.575));
#2679=CARTESIAN_POINT('Origin',(-7.655,3.52779,9.575));
#2680=CARTESIAN_POINT('Origin',(-11.1000000447035,2.1166675,10.21));
#2681=CARTESIAN_POINT('',(-11.1000000447035,2.1166675,10.21));
#2682=CARTESIAN_POINT('',(-7.02,2.1166675,4.20999991059303));
#2683=CARTESIAN_POINT('',(-7.62,2.1166675,4.20999991059303));
#2684=CARTESIAN_POINT('',(-7.02,2.1166675,10.21));
#2685=CARTESIAN_POINT('Origin',(-7.02,-6.35,10.21));
#2686=CARTESIAN_POINT('',(-7.02,6.35,10.21));
#2687=CARTESIAN_POINT('',(-7.02,4.93889,4.20999991059303));
#2688=CARTESIAN_POINT('',(-7.02,4.93889,10.21));
#2689=CARTESIAN_POINT('',(-7.02,3.52779,4.20999991059303));
#2690=CARTESIAN_POINT('Origin',(-7.02,4.23334,4.20999991059303));
#2691=CARTESIAN_POINT('',(-7.02,3.52779,10.21));
#2692=CARTESIAN_POINT('',(-7.02,0.705567499999999,4.20999991059303));
#2693=CARTESIAN_POINT('Origin',(-7.02,1.4111175,4.20999991059303));
#2694=CARTESIAN_POINT('',(-7.02,0.705567499999999,9.575));
#2695=CARTESIAN_POINT('',(-7.02,0.705567499999999,10.21));
#2696=CARTESIAN_POINT('',(-7.02,-0.705555,9.575));
#2697=CARTESIAN_POINT('',(-7.02,-3.175,9.575));
#2698=CARTESIAN_POINT('',(-7.02,-0.705555,4.20999991059303));
#2699=CARTESIAN_POINT('',(-7.02,-0.705555,10.21));
#2700=CARTESIAN_POINT('',(-7.02,-2.116655,4.20999991059303));
#2701=CARTESIAN_POINT('Origin',(-7.02,-1.411105,4.20999991059303));
#2702=CARTESIAN_POINT('',(-7.02,-2.116655,9.575));
#2703=CARTESIAN_POINT('',(-7.02,-2.116655,10.21));
#2704=CARTESIAN_POINT('',(-7.02,-3.5277775,9.575));
#2705=CARTESIAN_POINT('',(-7.02,-3.175,9.575));
#2706=CARTESIAN_POINT('',(-7.02,-3.5277775,4.20999991059303));
#2707=CARTESIAN_POINT('',(-7.02,-3.5277775,10.21));
#2708=CARTESIAN_POINT('',(-7.02,-4.9388775,4.20999991059303));
#2709=CARTESIAN_POINT('Origin',(-7.02,-4.2333275,4.20999991059303));
#2710=CARTESIAN_POINT('',(-7.02,-4.9388775,9.575));
#2711=CARTESIAN_POINT('',(-7.02,-4.9388775,10.21));
#2712=CARTESIAN_POINT('',(-7.02,-6.35,9.575));
#2713=CARTESIAN_POINT('',(-7.02,-3.175,9.575));
#2714=CARTESIAN_POINT('',(-7.02,-6.35,10.21));
#2715=CARTESIAN_POINT('Origin',(-7.655,-3.175,9.575));
#2716=CARTESIAN_POINT('Origin',(-7.655,-0.705555,9.575));
#2717=CARTESIAN_POINT('Origin',(-7.655,0.705567499999999,9.575));
#2718=CARTESIAN_POINT('Origin',(-7.02,0.705567499999999,10.21));
#2719=CARTESIAN_POINT('',(-7.62,0.705567499999999,4.20999991059303));
#2720=CARTESIAN_POINT('',(-11.1000000447035,0.705567499999999,10.21));
#2721=CARTESIAN_POINT('Origin',(-7.655,-3.175,9.575));
#2722=CARTESIAN_POINT('Origin',(-7.655,-3.5277775,9.575));
#2723=CARTESIAN_POINT('Origin',(-7.655,-2.116655,9.575));
#2724=CARTESIAN_POINT('Origin',(-11.1000000447035,-3.5277775,10.21));
#2725=CARTESIAN_POINT('',(-11.1000000447035,-3.5277775,10.21));
#2726=CARTESIAN_POINT('',(-7.62,-3.5277775,4.20999991059303));
#2727=CARTESIAN_POINT('Origin',(-7.655,-3.175,9.575));
#2728=CARTESIAN_POINT('Origin',(-7.655,-6.35,9.575));
#2729=CARTESIAN_POINT('Origin',(-7.655,-4.9388775,9.575));
#2730=CARTESIAN_POINT('Origin',(-6.985,3.175,0.634999999999998));
#2731=CARTESIAN_POINT('Origin',(-6.985,-6.35,0.634999999999999));
#2732=CARTESIAN_POINT('Origin',(-6.985,6.35,0.634999999999998));
#2733=CARTESIAN_POINT('Origin',(-7.62,1.4111175,4.20999991059303));
#2734=CARTESIAN_POINT('Origin',(-7.62,-1.411105,4.20999991059303));
#2735=CARTESIAN_POINT('',(-7.62,-2.116655,4.20999991059303));
#2736=CARTESIAN_POINT('',(-7.62,-0.705555,4.20999991059303));
#2737=CARTESIAN_POINT('Origin',(-7.62,4.23334,4.20999991059303));
#2738=CARTESIAN_POINT('',(-7.62,3.52779,4.20999991059303));
#2739=CARTESIAN_POINT('',(-7.62,4.93889,4.20999991059303));
#2740=CARTESIAN_POINT('Origin',(-7.62,-4.2333275,4.20999991059303));
#2741=CARTESIAN_POINT('',(-7.62,-4.9388775,4.20999991059303));
#2742=CARTESIAN_POINT('Origin',(-11.1000000447035,1.4111175,10.21));
#2743=CARTESIAN_POINT('Origin',(-11.1000000447035,-0.705555,10.21));
#2744=CARTESIAN_POINT('',(-11.1000000447035,-0.705555,10.21));
#2745=CARTESIAN_POINT('Origin',(-11.1000000447035,-1.411105,10.21));
#2746=CARTESIAN_POINT('',(-11.1000000447035,-2.116655,10.21));
#2747=CARTESIAN_POINT('Origin',(-7.02,-2.116655,10.21));
#2748=CARTESIAN_POINT('Origin',(-11.1000000447035,-4.2333275,10.21));
#2749=CARTESIAN_POINT('',(-11.1000000447035,-4.9388775,10.21));
#2750=CARTESIAN_POINT('Origin',(-7.02,-4.9388775,10.21));
#2751=CARTESIAN_POINT('Origin',(-13.1,6.35,10.21));
#2752=CARTESIAN_POINT('',(-13.1,6.35,10.21));
#2753=CARTESIAN_POINT('',(-13.1,-6.35,10.21));
#2754=CARTESIAN_POINT('Origin',(-11.1000000447035,4.93889,10.21));
#2755=CARTESIAN_POINT('',(-11.1000000447035,4.93889,10.21));
#2756=CARTESIAN_POINT('Origin',(-11.1000000447035,4.23334,10.21));
#2757=CARTESIAN_POINT('',(-11.1000000447035,3.52779,10.21));
#2758=CARTESIAN_POINT('Origin',(-7.02,3.52779,10.21));
#2759=CARTESIAN_POINT('Origin',(6.95,6.35,7.71));
#2760=CARTESIAN_POINT('',(6.95,6.35,0.635000000000001));
#2761=CARTESIAN_POINT('',(6.95,-6.35,0.635000000000001));
#2762=CARTESIAN_POINT('',(6.95,3.175,0.635000000000001));
#2763=CARTESIAN_POINT('',(6.95,6.35,7.075));
#2764=CARTESIAN_POINT('',(6.95,6.35,7.71));
#2765=CARTESIAN_POINT('',(6.95,-6.35,7.075));
#2766=CARTESIAN_POINT('',(6.95,3.175,7.075));
#2767=CARTESIAN_POINT('',(6.95,-6.35,7.71));
#2768=CARTESIAN_POINT('Origin',(6.985,-3.175,0.635));
#2769=CARTESIAN_POINT('',(7.02,6.35,0.635));
#2770=CARTESIAN_POINT('Origin',(6.985,6.35,0.635));
#2771=CARTESIAN_POINT('',(7.02,-6.35,0.635));
#2772=CARTESIAN_POINT('Origin',(6.985,-6.35,0.635000000000001));
#2773=CARTESIAN_POINT('',(7.02,-3.175,0.635));
#2774=CARTESIAN_POINT('Origin',(6.315,3.175,7.075));
#2775=CARTESIAN_POINT('',(6.315,6.35,7.71));
#2776=CARTESIAN_POINT('Origin',(6.315,6.35,7.075));
#2777=CARTESIAN_POINT('',(6.315,-6.35,7.71));
#2778=CARTESIAN_POINT('',(6.315,3.175,7.71));
#2779=CARTESIAN_POINT('Origin',(6.315,-6.35,7.075));
#2780=CARTESIAN_POINT('Origin',(13.1,-6.35,10.21));
#2781=CARTESIAN_POINT('',(6.35,-6.35,7.71));
#2782=CARTESIAN_POINT('',(6.0325,-6.35,7.11));
#2783=CARTESIAN_POINT('',(6.35,-6.35,7.11));
#2784=CARTESIAN_POINT('',(6.35,-6.35,6.7925));
#2785=CARTESIAN_POINT('Origin',(6.0325,-6.35,6.7925));
#2786=CARTESIAN_POINT('',(6.35,-6.35,0.635000000000001));
#2787=CARTESIAN_POINT('',(6.35,-6.35,7.11));
#2788=CARTESIAN_POINT('',(7.62,-6.35,0.634999999999999));
#2789=CARTESIAN_POINT('Origin',(6.985,-6.35,0.635000000000001));
#2790=CARTESIAN_POINT('',(7.62,-6.35,9.2925));
#2791=CARTESIAN_POINT('',(7.62,-6.35,9.61));
#2792=CARTESIAN_POINT('',(7.9375,-6.35,9.61));
#2793=CARTESIAN_POINT('Origin',(7.9375,-6.35,9.2925));
#2794=CARTESIAN_POINT('',(13.1,-6.35,9.61));
#2795=CARTESIAN_POINT('',(13.1,-6.35,9.61));
#2796=CARTESIAN_POINT('',(13.1,-6.35,10.21));
#2797=CARTESIAN_POINT('',(13.1,-6.35,10.21));
#2798=CARTESIAN_POINT('',(7.655,-6.35,10.21));
#2799=CARTESIAN_POINT('',(13.1,-6.35,10.21));
#2800=CARTESIAN_POINT('',(7.02,-6.35,9.575));
#2801=CARTESIAN_POINT('Origin',(7.655,-6.35,9.575));
#2802=CARTESIAN_POINT('',(7.02,-6.35,10.21));
#2803=CARTESIAN_POINT('Origin',(6.0325,-3.175,6.7925));
#2804=CARTESIAN_POINT('',(6.0325,6.35,7.11));
#2805=CARTESIAN_POINT('',(6.35,6.35,6.7925));
#2806=CARTESIAN_POINT('Origin',(6.0325,6.35,6.7925));
#2807=CARTESIAN_POINT('',(6.35,-3.175,6.7925));
#2808=CARTESIAN_POINT('',(6.0325,-3.175,7.11));
#2809=CARTESIAN_POINT('Origin',(6.35,-6.35,7.11));
#2810=CARTESIAN_POINT('',(6.35,6.35,0.635000000000001));
#2811=CARTESIAN_POINT('',(6.35,6.35,7.11));
#2812=CARTESIAN_POINT('',(6.35,-3.175,0.635000000000001));
#2813=CARTESIAN_POINT('Origin',(7.9375,3.175,9.2925));
#2814=CARTESIAN_POINT('',(7.9375,4.93889,9.61));
#2815=CARTESIAN_POINT('',(7.62,4.93889,9.2925));
#2816=CARTESIAN_POINT('Origin',(7.9375,4.93889,9.2925));
#2817=CARTESIAN_POINT('',(7.62,6.35,9.2925));
#2818=CARTESIAN_POINT('',(7.62,3.175,9.2925));
#2819=CARTESIAN_POINT('',(7.9375,6.35,9.61));
#2820=CARTESIAN_POINT('Origin',(7.9375,6.35,9.2925));
#2821=CARTESIAN_POINT('',(7.9375,3.175,9.61));
#2822=CARTESIAN_POINT('Origin',(7.62,6.35,9.61));
#2823=CARTESIAN_POINT('',(7.62,4.93889,4.20999991059303));
#2824=CARTESIAN_POINT('',(7.62,4.93889,9.61));
#2825=CARTESIAN_POINT('',(7.62,3.52779,4.20999991059303));
#2826=CARTESIAN_POINT('Origin',(7.62,4.23334,4.20999991059303));
#2827=CARTESIAN_POINT('',(7.62,3.52779,9.2925));
#2828=CARTESIAN_POINT('',(7.62,3.52779,6.90999995529652));
#2829=CARTESIAN_POINT('',(7.62,2.1166675,9.2925));
#2830=CARTESIAN_POINT('',(7.62,3.175,9.2925));
#2831=CARTESIAN_POINT('',(7.62,2.1166675,4.20999991059303));
#2832=CARTESIAN_POINT('',(7.62,2.1166675,9.61));
#2833=CARTESIAN_POINT('',(7.62,0.705567499999999,4.20999991059303));
#2834=CARTESIAN_POINT('Origin',(7.62,1.4111175,4.20999991059303));
#2835=CARTESIAN_POINT('',(7.62,0.705567499999999,9.2925));
#2836=CARTESIAN_POINT('',(7.62,0.705567499999999,6.90999995529652));
#2837=CARTESIAN_POINT('',(7.62,-0.705555,9.2925));
#2838=CARTESIAN_POINT('',(7.62,3.175,9.2925));
#2839=CARTESIAN_POINT('',(7.62,-0.705555,4.20999991059303));
#2840=CARTESIAN_POINT('',(7.62,-0.705555,9.61));
#2841=CARTESIAN_POINT('',(7.62,-2.116655,4.20999991059303));
#2842=CARTESIAN_POINT('Origin',(7.62,-1.411105,4.20999991059303));
#2843=CARTESIAN_POINT('',(7.62,-2.116655,9.2925));
#2844=CARTESIAN_POINT('',(7.62,-2.116655,6.90999995529652));
#2845=CARTESIAN_POINT('',(7.62,-3.5277775,9.2925));
#2846=CARTESIAN_POINT('',(7.62,3.175,9.2925));
#2847=CARTESIAN_POINT('',(7.62,-3.5277775,4.20999991059303));
#2848=CARTESIAN_POINT('',(7.62,-3.5277775,9.61));
#2849=CARTESIAN_POINT('',(7.62,-4.9388775,4.20999991059303));
#2850=CARTESIAN_POINT('Origin',(7.62,-4.2333275,4.20999991059303));
#2851=CARTESIAN_POINT('',(7.62,-4.9388775,9.2925));
#2852=CARTESIAN_POINT('',(7.62,-4.9388775,6.90999995529652));
#2853=CARTESIAN_POINT('',(7.62,3.175,9.2925));
#2854=CARTESIAN_POINT('',(7.62,6.35,0.634999999999999));
#2855=CARTESIAN_POINT('',(7.62,3.175,0.635));
#2856=CARTESIAN_POINT('',(7.62,6.35,9.61));
#2857=CARTESIAN_POINT('Origin',(7.9375,3.175,9.2925));
#2858=CARTESIAN_POINT('',(7.9375,2.1166675,9.61));
#2859=CARTESIAN_POINT('Origin',(7.9375,2.1166675,9.2925));
#2860=CARTESIAN_POINT('',(7.9375,3.52779,9.61));
#2861=CARTESIAN_POINT('Origin',(7.9375,3.52779,9.2925));
#2862=CARTESIAN_POINT('',(7.9375,3.175,9.61));
#2863=CARTESIAN_POINT('Origin',(7.9375,3.175,9.2925));
#2864=CARTESIAN_POINT('',(7.9375,-0.705555,9.61));
#2865=CARTESIAN_POINT('Origin',(7.9375,-0.705555,9.2925));
#2866=CARTESIAN_POINT('',(7.9375,0.705567499999999,9.61));
#2867=CARTESIAN_POINT('Origin',(7.9375,0.705567499999999,9.2925));
#2868=CARTESIAN_POINT('',(7.9375,3.175,9.61));
#2869=CARTESIAN_POINT('Origin',(7.9375,3.175,9.2925));
#2870=CARTESIAN_POINT('',(7.9375,-3.5277775,9.61));
#2871=CARTESIAN_POINT('Origin',(7.9375,-3.5277775,9.2925));
#2872=CARTESIAN_POINT('',(7.9375,-2.116655,9.61));
#2873=CARTESIAN_POINT('Origin',(7.9375,-2.116655,9.2925));
#2874=CARTESIAN_POINT('',(7.9375,3.175,9.61));
#2875=CARTESIAN_POINT('Origin',(7.9375,3.175,9.2925));
#2876=CARTESIAN_POINT('',(7.9375,-4.9388775,9.61));
#2877=CARTESIAN_POINT('Origin',(7.9375,-4.9388775,9.2925));
#2878=CARTESIAN_POINT('',(7.9375,3.175,9.61));
#2879=CARTESIAN_POINT('Origin',(10.06,0.,9.61));
#2880=CARTESIAN_POINT('',(13.1,6.35,9.61));
#2881=CARTESIAN_POINT('',(7.62,6.35,9.61));
#2882=CARTESIAN_POINT('',(13.1,6.35,9.61));
#2883=CARTESIAN_POINT('',(11.1000000447035,-4.9388775,9.61));
#2884=CARTESIAN_POINT('',(7.02,-4.9388775,9.61));
#2885=CARTESIAN_POINT('',(11.1000000447035,-3.5277775,9.61));
#2886=CARTESIAN_POINT('Origin',(11.1000000447035,-4.2333275,9.61));
#2887=CARTESIAN_POINT('',(11.1000000447035,-3.5277775,9.61));
#2888=CARTESIAN_POINT('',(11.1000000447035,-2.116655,9.61));
#2889=CARTESIAN_POINT('',(7.02,-2.116655,9.61));
#2890=CARTESIAN_POINT('',(11.1000000447035,-0.705555,9.61));
#2891=CARTESIAN_POINT('Origin',(11.1000000447035,-1.411105,9.61));
#2892=CARTESIAN_POINT('',(11.1000000447035,-0.705555,9.61));
#2893=CARTESIAN_POINT('',(11.1000000447035,0.705567499999999,9.61));
#2894=CARTESIAN_POINT('',(7.02,0.705567499999999,9.61));
#2895=CARTESIAN_POINT('',(11.1000000447035,2.1166675,9.61));
#2896=CARTESIAN_POINT('Origin',(11.1000000447035,1.4111175,9.61));
#2897=CARTESIAN_POINT('',(11.1000000447035,2.1166675,9.61));
#2898=CARTESIAN_POINT('',(11.1000000447035,3.52779,9.61));
#2899=CARTESIAN_POINT('',(7.02,3.52779,9.61));
#2900=CARTESIAN_POINT('',(11.1000000447035,4.93889,9.61));
#2901=CARTESIAN_POINT('Origin',(11.1000000447035,4.23334,9.61));
#2902=CARTESIAN_POINT('',(11.1000000447035,4.93889,9.61));
#2903=CARTESIAN_POINT('Origin',(7.655,-3.175,9.575));
#2904=CARTESIAN_POINT('',(7.655,6.35,10.21));
#2905=CARTESIAN_POINT('',(7.02,6.35,9.575));
#2906=CARTESIAN_POINT('Origin',(7.655,6.35,9.575));
#2907=CARTESIAN_POINT('',(7.02,4.93889,9.575));
#2908=CARTESIAN_POINT('',(7.02,-3.175,9.575));
#2909=CARTESIAN_POINT('',(7.655,4.93889,10.21));
#2910=CARTESIAN_POINT('Origin',(7.655,4.93889,9.575));
#2911=CARTESIAN_POINT('',(7.655,-3.175,10.21));
#2912=CARTESIAN_POINT('Origin',(7.02,6.35,10.21));
#2913=CARTESIAN_POINT('',(7.02,6.35,10.21));
#2914=CARTESIAN_POINT('',(13.1,6.35,10.21));
#2915=CARTESIAN_POINT('',(7.62,6.35,10.21));
#2916=CARTESIAN_POINT('',(13.1,6.35,10.21));
#2917=CARTESIAN_POINT('Origin',(6.985,6.35,0.635));
#2918=CARTESIAN_POINT('',(-6.35,6.35,7.11));
#2919=CARTESIAN_POINT('',(-6.35,6.35,7.71));
#2920=CARTESIAN_POINT('Origin',(10.06,0.,10.21));
#2921=CARTESIAN_POINT('',(11.1000000447035,4.93889,10.21));
#2922=CARTESIAN_POINT('',(11.1000000447035,4.93889,10.21));
#2923=CARTESIAN_POINT('',(11.1000000447035,3.52779,10.21));
#2924=CARTESIAN_POINT('Origin',(11.1000000447035,4.23334,10.21));
#2925=CARTESIAN_POINT('',(7.655,3.52779,10.21));
#2926=CARTESIAN_POINT('',(7.02,3.52779,10.21));
#2927=CARTESIAN_POINT('',(7.655,2.1166675,10.21));
#2928=CARTESIAN_POINT('',(7.655,-3.175,10.21));
#2929=CARTESIAN_POINT('',(11.1000000447035,2.1166675,10.21));
#2930=CARTESIAN_POINT('',(11.1000000447035,2.1166675,10.21));
#2931=CARTESIAN_POINT('',(11.1000000447035,0.705567499999999,10.21));
#2932=CARTESIAN_POINT('Origin',(11.1000000447035,1.4111175,10.21));
#2933=CARTESIAN_POINT('',(7.655,0.705567499999999,10.21));
#2934=CARTESIAN_POINT('',(7.02,0.705567499999999,10.21));
#2935=CARTESIAN_POINT('',(7.655,-0.705555,10.21));
#2936=CARTESIAN_POINT('',(7.655,-3.175,10.21));
#2937=CARTESIAN_POINT('',(11.1000000447035,-0.705555,10.21));
#2938=CARTESIAN_POINT('',(11.1000000447035,-0.705555,10.21));
#2939=CARTESIAN_POINT('',(11.1000000447035,-2.116655,10.21));
#2940=CARTESIAN_POINT('Origin',(11.1000000447035,-1.411105,10.21));
#2941=CARTESIAN_POINT('',(7.655,-2.116655,10.21));
#2942=CARTESIAN_POINT('',(7.02,-2.116655,10.21));
#2943=CARTESIAN_POINT('',(7.655,-3.5277775,10.21));
#2944=CARTESIAN_POINT('',(7.655,-3.175,10.21));
#2945=CARTESIAN_POINT('',(11.1000000447035,-3.5277775,10.21));
#2946=CARTESIAN_POINT('',(11.1000000447035,-3.5277775,10.21));
#2947=CARTESIAN_POINT('',(11.1000000447035,-4.9388775,10.21));
#2948=CARTESIAN_POINT('Origin',(11.1000000447035,-4.2333275,10.21));
#2949=CARTESIAN_POINT('',(7.655,-4.9388775,10.21));
#2950=CARTESIAN_POINT('',(7.02,-4.9388775,10.21));
#2951=CARTESIAN_POINT('',(7.655,-3.175,10.21));
#2952=CARTESIAN_POINT('',(13.1,6.35,10.21));
#2953=CARTESIAN_POINT('Origin',(7.655,-3.175,9.575));
#2954=CARTESIAN_POINT('',(7.02,2.1166675,9.575));
#2955=CARTESIAN_POINT('Origin',(7.655,2.1166675,9.575));
#2956=CARTESIAN_POINT('',(7.02,3.52779,9.575));
#2957=CARTESIAN_POINT('Origin',(7.655,3.52779,9.575));
#2958=CARTESIAN_POINT('',(7.02,-3.175,9.575));
#2959=CARTESIAN_POINT('Origin',(11.1000000447035,2.1166675,10.21));
#2960=CARTESIAN_POINT('',(7.02,2.1166675,4.20999991059303));
#2961=CARTESIAN_POINT('',(7.02,2.1166675,10.21));
#2962=CARTESIAN_POINT('',(7.62,2.1166675,4.20999991059303));
#2963=CARTESIAN_POINT('',(11.1000000447035,2.1166675,10.21));
#2964=CARTESIAN_POINT('Origin',(7.02,-6.35,10.21));
#2965=CARTESIAN_POINT('',(7.02,-4.9388775,9.575));
#2966=CARTESIAN_POINT('',(7.02,-3.175,9.575));
#2967=CARTESIAN_POINT('',(7.02,-4.9388775,4.20999991059303));
#2968=CARTESIAN_POINT('',(7.02,-4.9388775,10.21));
#2969=CARTESIAN_POINT('',(7.02,-3.5277775,4.20999991059303));
#2970=CARTESIAN_POINT('Origin',(7.02,-4.2333275,4.20999991059303));
#2971=CARTESIAN_POINT('',(7.02,-3.5277775,9.575));
#2972=CARTESIAN_POINT('',(7.02,-3.5277775,10.21));
#2973=CARTESIAN_POINT('',(7.02,-2.116655,9.575));
#2974=CARTESIAN_POINT('',(7.02,-3.175,9.575));
#2975=CARTESIAN_POINT('',(7.02,-2.116655,4.20999991059303));
#2976=CARTESIAN_POINT('',(7.02,-2.116655,10.21));
#2977=CARTESIAN_POINT('',(7.02,-0.705555,4.20999991059303));
#2978=CARTESIAN_POINT('Origin',(7.02,-1.411105,4.20999991059303));
#2979=CARTESIAN_POINT('',(7.02,-0.705555,9.575));
#2980=CARTESIAN_POINT('',(7.02,-0.705555,10.21));
#2981=CARTESIAN_POINT('',(7.02,0.705567499999999,9.575));
#2982=CARTESIAN_POINT('',(7.02,-3.175,9.575));
#2983=CARTESIAN_POINT('',(7.02,0.705567499999999,4.20999991059303));
#2984=CARTESIAN_POINT('',(7.02,0.705567499999999,10.21));
#2985=CARTESIAN_POINT('Origin',(7.02,1.4111175,4.20999991059303));
#2986=CARTESIAN_POINT('',(7.02,3.52779,4.20999991059303));
#2987=CARTESIAN_POINT('',(7.02,3.52779,10.21));
#2988=CARTESIAN_POINT('',(7.02,4.93889,4.20999991059303));
#2989=CARTESIAN_POINT('Origin',(7.02,4.23334,4.20999991059303));
#2990=CARTESIAN_POINT('',(7.02,4.93889,10.21));
#2991=CARTESIAN_POINT('Origin',(7.655,-3.175,9.575));
#2992=CARTESIAN_POINT('Origin',(7.655,-0.705555,9.575));
#2993=CARTESIAN_POINT('Origin',(7.655,0.705567499999999,9.575));
#2994=CARTESIAN_POINT('Origin',(7.02,0.705567499999999,10.21));
#2995=CARTESIAN_POINT('',(11.1000000447035,0.705567499999999,10.21));
#2996=CARTESIAN_POINT('',(7.62,0.705567499999999,4.20999991059303));
#2997=CARTESIAN_POINT('Origin',(7.655,-3.175,9.575));
#2998=CARTESIAN_POINT('Origin',(7.655,-3.5277775,9.575));
#2999=CARTESIAN_POINT('Origin',(7.655,-2.116655,9.575));
#3000=CARTESIAN_POINT('Origin',(11.1000000447035,-3.5277775,10.21));
#3001=CARTESIAN_POINT('',(7.62,-3.5277775,4.20999991059303));
#3002=CARTESIAN_POINT('',(11.1000000447035,-3.5277775,10.21));
#3003=CARTESIAN_POINT('Origin',(7.655,-3.175,9.575));
#3004=CARTESIAN_POINT('Origin',(7.655,-4.9388775,9.575));
#3005=CARTESIAN_POINT('Origin',(6.985,3.175,0.635));
#3006=CARTESIAN_POINT('Origin',(7.62,1.4111175,4.20999991059303));
#3007=CARTESIAN_POINT('Origin',(7.62,-1.411105,4.20999991059303));
#3008=CARTESIAN_POINT('',(7.62,-0.705555,4.20999991059303));
#3009=CARTESIAN_POINT('',(7.62,-2.116655,4.20999991059303));
#3010=CARTESIAN_POINT('Origin',(7.62,4.23334,4.20999991059303));
#3011=CARTESIAN_POINT('',(7.62,4.93889,4.20999991059303));
#3012=CARTESIAN_POINT('',(7.62,3.52779,4.20999991059303));
#3013=CARTESIAN_POINT('Origin',(7.62,-4.2333275,4.20999991059303));
#3014=CARTESIAN_POINT('',(7.62,-4.9388775,4.20999991059303));
#3015=CARTESIAN_POINT('Origin',(11.1000000447035,1.4111175,10.21));
#3016=CARTESIAN_POINT('Origin',(11.1000000447035,-0.705555,10.21));
#3017=CARTESIAN_POINT('',(11.1000000447035,-0.705555,10.21));
#3018=CARTESIAN_POINT('Origin',(11.1000000447035,-1.411105,10.21));
#3019=CARTESIAN_POINT('',(11.1000000447035,-2.116655,10.21));
#3020=CARTESIAN_POINT('Origin',(7.02,-2.116655,10.21));
#3021=CARTESIAN_POINT('Origin',(11.1000000447035,-4.2333275,10.21));
#3022=CARTESIAN_POINT('',(11.1000000447035,-4.9388775,10.21));
#3023=CARTESIAN_POINT('Origin',(7.02,-4.9388775,10.21));
#3024=CARTESIAN_POINT('Origin',(13.1,6.35,10.21));
#3025=CARTESIAN_POINT('Origin',(11.1000000447035,4.93889,10.21));
#3026=CARTESIAN_POINT('',(11.1000000447035,4.93889,10.21));
#3027=CARTESIAN_POINT('Origin',(11.1000000447035,4.23334,10.21));
#3028=CARTESIAN_POINT('',(11.1000000447035,3.52779,10.21));
#3029=CARTESIAN_POINT('Origin',(7.02,3.52779,10.21));
#3030=CARTESIAN_POINT('Origin',(3.475,0.,7.11));
#3031=CARTESIAN_POINT('Origin',(3.475,0.,7.71));
#3032=UNCERTAINTY_MEASURE_WITH_UNIT(LENGTH_MEASURE(0.01),#3036,
'DISTANCE_ACCURACY_VALUE',
'Maximum model space distance between geometric entities at asserted c
onnectivities');
#3033=UNCERTAINTY_MEASURE_WITH_UNIT(LENGTH_MEASURE(0.01),#3036,
'DISTANCE_ACCURACY_VALUE',
'Maximum model space distance between geometric entities at asserted c
onnectivities');
#3034=(
GEOMETRIC_REPRESENTATION_CONTEXT(3)
GLOBAL_UNCERTAINTY_ASSIGNED_CONTEXT((#3032))
GLOBAL_UNIT_ASSIGNED_CONTEXT((#3036,#3037,#3038))
REPRESENTATION_CONTEXT('','3D')
);
#3035=(
GEOMETRIC_REPRESENTATION_CONTEXT(3)
GLOBAL_UNCERTAINTY_ASSIGNED_CONTEXT((#3033))
GLOBAL_UNIT_ASSIGNED_CONTEXT((#3036,#3037,#3038))
REPRESENTATION_CONTEXT('','3D')
);
#3036=(
LENGTH_UNIT()
NAMED_UNIT(*)
SI_UNIT(.MILLI.,.METRE.)
);
#3037=(
NAMED_UNIT(*)
PLANE_ANGLE_UNIT()
SI_UNIT($,.RADIAN.)
);
#3038=(
NAMED_UNIT(*)
SI_UNIT($,.STERADIAN.)
SOLID_ANGLE_UNIT()
);
#3039=SHAPE_DEFINITION_REPRESENTATION(#3040,#3041);
#3040=PRODUCT_DEFINITION_SHAPE('',$,#3043);
#3041=SHAPE_REPRESENTATION('',(#1804),#3034);
#3042=PRODUCT_DEFINITION_CONTEXT('part definition',#3047,'design');
#3043=PRODUCT_DEFINITION('2025-09-21-21-39-46-015','TO263 Heatsink',#3044,
#3042);
#3044=PRODUCT_DEFINITION_FORMATION('',$,#3049);
#3045=PRODUCT_RELATED_PRODUCT_CATEGORY('TO263 Heatsink',
'TO263 Heatsink',(#3049));
#3046=APPLICATION_PROTOCOL_DEFINITION('international standard',
'automotive_design',2009,#3047);
#3047=APPLICATION_CONTEXT(
'Core Data for Automotive Mechanical Design Process');
#3048=PRODUCT_CONTEXT('part definition',#3047,'mechanical');
#3049=PRODUCT('2025-09-21-21-39-46-015','TO263 Heatsink','STEP AP214',(#3048));
#3050=PRESENTATION_STYLE_ASSIGNMENT((#3052));
#3051=PRESENTATION_STYLE_ASSIGNMENT((#3053));
#3052=SURFACE_STYLE_USAGE(.BOTH.,#3054);
#3053=SURFACE_STYLE_USAGE(.BOTH.,#3055);
#3054=SURFACE_SIDE_STYLE('',(#3056));
#3055=SURFACE_SIDE_STYLE('',(#3057));
#3056=SURFACE_STYLE_FILL_AREA(#3058);
#3057=SURFACE_STYLE_FILL_AREA(#3059);
#3058=FILL_AREA_STYLE('Stahl - satiniert',(#3060));
#3059=FILL_AREA_STYLE('Aluminium - satiniert',(#3061));
#3060=FILL_AREA_STYLE_COLOUR('Stahl - satiniert',#3062);
#3061=FILL_AREA_STYLE_COLOUR('Aluminium - satiniert',#3063);
#3062=COLOUR_RGB('Stahl - satiniert',0.627450980392157,0.627450980392157,
0.627450980392157);
#3063=COLOUR_RGB('Aluminium - satiniert',0.96078431372549,0.96078431372549,
0.964705882352941);
ENDSEC;
END-ISO-10303-21;
