ISO-10303-21;
HEADER;
/* Generated by software containing ST-Developer
 * from STEP Tools, Inc. (www.steptools.com) 
 */

FILE_DESCRIPTION(
/* description */ (''),
/* implementation_level */ '2;1');

FILE_NAME(
/* name */ 'Daughterboard Casing Top Shell.step',
/* time_stamp */ '2026-07-12T11:42:52+02:00',
/* author */ (''),
/* organization */ (''),
/* preprocessor_version */ 'ST-DEVELOPER v20.1',
/* originating_system */ 'Autodesk Translation Framework v15.8.0.0',
/* authorisation */ '');

FILE_SCHEMA (('AUTOMOTIVE_DESIGN { 1 0 10303 214 3 1 1 }'));
ENDSEC;

DATA;
#10=MECHANICAL_DESIGN_GEOMETRIC_PRESENTATION_REPRESENTATION('',(#13),#2436);
#11=SHAPE_REPRESENTATION_RELATIONSHIP('SRR','None',#2442,#12);
#12=ADVANCED_BREP_SHAPE_REPRESENTATION('',(#14),#2435);
#13=STYLED_ITEM('',(#2452),#14);
#14=MANIFOLD_SOLID_BREP('Body4',#1464);
#15=B_SPLINE_CURVE_WITH_KNOTS('',3,(#2191,#2192,#2193,#2194,#2195,#2196),
 .UNSPECIFIED.,.F.,.F.,(4,2,4),(0.540823285672759,0.705071315119332,0.880783677035226),
 .UNSPECIFIED.);
#16=CYLINDRICAL_SURFACE('',#1499,3.75);
#17=CYLINDRICAL_SURFACE('',#1501,3.5);
#18=CYLINDRICAL_SURFACE('',#1503,3.5);
#19=CYLINDRICAL_SURFACE('',#1506,3.5);
#20=CYLINDRICAL_SURFACE('',#1508,3.5);
#21=CYLINDRICAL_SURFACE('',#1511,5.);
#22=CYLINDRICAL_SURFACE('',#1513,5.);
#23=CYLINDRICAL_SURFACE('',#1515,5.);
#24=CYLINDRICAL_SURFACE('',#1529,4.40265318097329);
#25=CYLINDRICAL_SURFACE('',#1534,4.4026531809733);
#26=CYLINDRICAL_SURFACE('',#1539,4.4026531809733);
#27=CYLINDRICAL_SURFACE('',#1554,3.999999);
#28=CYLINDRICAL_SURFACE('',#1555,2.);
#29=CYLINDRICAL_SURFACE('',#1556,3.999999);
#30=CYLINDRICAL_SURFACE('',#1557,2.);
#31=CYLINDRICAL_SURFACE('',#1558,3.999999);
#32=CYLINDRICAL_SURFACE('',#1559,2.);
#33=CYLINDRICAL_SURFACE('',#1560,3.999999);
#34=CYLINDRICAL_SURFACE('',#1561,2.);
#35=CYLINDRICAL_SURFACE('',#1567,7.4026531809733);
#36=CYLINDRICAL_SURFACE('',#1571,7.40265318097329);
#37=CYLINDRICAL_SURFACE('',#1575,7.4026531809733);
#38=CYLINDRICAL_SURFACE('',#1581,5.90265318097329);
#39=CYLINDRICAL_SURFACE('',#1586,5.9026531809733);
#40=CYLINDRICAL_SURFACE('',#1590,5.90265318097329);
#41=FACE_BOUND('',#174,.T.);
#42=FACE_BOUND('',#175,.T.);
#43=FACE_BOUND('',#176,.T.);
#44=FACE_BOUND('',#177,.T.);
#45=FACE_BOUND('',#210,.T.);
#46=CIRCLE('',#1469,5.);
#47=CIRCLE('',#1470,3.999999);
#48=CIRCLE('',#1471,5.);
#49=CIRCLE('',#1472,3.5);
#50=CIRCLE('',#1473,3.999999);
#51=CIRCLE('',#1474,3.5);
#52=CIRCLE('',#1475,3.5);
#53=CIRCLE('',#1476,3.999999);
#54=CIRCLE('',#1477,3.5);
#55=CIRCLE('',#1478,5.);
#56=CIRCLE('',#1479,3.999999);
#57=CIRCLE('',#1480,5.9026531809733);
#58=CIRCLE('',#1481,5.90265318097329);
#59=CIRCLE('',#1482,5.90265318097329);
#60=CIRCLE('',#1483,2.);
#61=CIRCLE('',#1484,2.);
#62=CIRCLE('',#1485,2.);
#63=CIRCLE('',#1486,2.);
#64=CIRCLE('',#1489,7.4026531809733);
#65=CIRCLE('',#1490,7.40265318097329);
#66=CIRCLE('',#1491,5.90265318097329);
#67=CIRCLE('',#1492,5.9026531809733);
#68=CIRCLE('',#1494,3.5);
#69=CIRCLE('',#1498,3.75);
#70=CIRCLE('',#1500,3.75);
#71=CIRCLE('',#1502,3.5);
#72=CIRCLE('',#1504,3.5);
#73=CIRCLE('',#1507,3.5);
#74=CIRCLE('',#1509,3.5);
#75=CIRCLE('',#1512,5.);
#76=CIRCLE('',#1514,5.);
#77=CIRCLE('',#1516,5.);
#78=CIRCLE('',#1520,2.);
#79=CIRCLE('',#1522,2.);
#80=CIRCLE('',#1524,2.);
#81=CIRCLE('',#1526,2.);
#82=CIRCLE('',#1530,4.40265318097329);
#83=CIRCLE('',#1531,4.40265318097329);
#84=CIRCLE('',#1535,4.4026531809733);
#85=CIRCLE('',#1536,4.4026531809733);
#86=CIRCLE('',#1540,4.4026531809733);
#87=CIRCLE('',#1541,4.4026531809733);
#88=CIRCLE('',#1543,7.4026531809733);
#89=CIRCLE('',#1544,7.40265318097329);
#90=CIRCLE('',#1545,7.4026531809733);
#91=CIRCLE('',#1547,3.999999);
#92=CIRCLE('',#1549,3.999999);
#93=CIRCLE('',#1551,3.999999);
#94=CIRCLE('',#1553,3.999999);
#95=CIRCLE('',#1564,5.90265318097329);
#96=CIRCLE('',#1565,7.4026531809733);
#97=FACE_OUTER_BOUND('',#171,.T.);
#98=FACE_OUTER_BOUND('',#172,.T.);
#99=FACE_OUTER_BOUND('',#173,.T.);
#100=FACE_OUTER_BOUND('',#178,.T.);
#101=FACE_OUTER_BOUND('',#179,.T.);
#102=FACE_OUTER_BOUND('',#180,.T.);
#103=FACE_OUTER_BOUND('',#181,.T.);
#104=FACE_OUTER_BOUND('',#182,.T.);
#105=FACE_OUTER_BOUND('',#183,.T.);
#106=FACE_OUTER_BOUND('',#184,.T.);
#107=FACE_OUTER_BOUND('',#185,.T.);
#108=FACE_OUTER_BOUND('',#186,.T.);
#109=FACE_OUTER_BOUND('',#187,.T.);
#110=FACE_OUTER_BOUND('',#188,.T.);
#111=FACE_OUTER_BOUND('',#189,.T.);
#112=FACE_OUTER_BOUND('',#190,.T.);
#113=FACE_OUTER_BOUND('',#191,.T.);
#114=FACE_OUTER_BOUND('',#192,.T.);
#115=FACE_OUTER_BOUND('',#193,.T.);
#116=FACE_OUTER_BOUND('',#194,.T.);
#117=FACE_OUTER_BOUND('',#195,.T.);
#118=FACE_OUTER_BOUND('',#196,.T.);
#119=FACE_OUTER_BOUND('',#197,.T.);
#120=FACE_OUTER_BOUND('',#198,.T.);
#121=FACE_OUTER_BOUND('',#199,.T.);
#122=FACE_OUTER_BOUND('',#200,.T.);
#123=FACE_OUTER_BOUND('',#201,.T.);
#124=FACE_OUTER_BOUND('',#202,.T.);
#125=FACE_OUTER_BOUND('',#203,.T.);
#126=FACE_OUTER_BOUND('',#204,.T.);
#127=FACE_OUTER_BOUND('',#205,.T.);
#128=FACE_OUTER_BOUND('',#206,.T.);
#129=FACE_OUTER_BOUND('',#207,.T.);
#130=FACE_OUTER_BOUND('',#208,.T.);
#131=FACE_OUTER_BOUND('',#209,.T.);
#132=FACE_OUTER_BOUND('',#211,.T.);
#133=FACE_OUTER_BOUND('',#212,.T.);
#134=FACE_OUTER_BOUND('',#213,.T.);
#135=FACE_OUTER_BOUND('',#214,.T.);
#136=FACE_OUTER_BOUND('',#215,.T.);
#137=FACE_OUTER_BOUND('',#216,.T.);
#138=FACE_OUTER_BOUND('',#217,.T.);
#139=FACE_OUTER_BOUND('',#218,.T.);
#140=FACE_OUTER_BOUND('',#219,.T.);
#141=FACE_OUTER_BOUND('',#220,.T.);
#142=FACE_OUTER_BOUND('',#221,.T.);
#143=FACE_OUTER_BOUND('',#222,.T.);
#144=FACE_OUTER_BOUND('',#223,.T.);
#145=FACE_OUTER_BOUND('',#224,.T.);
#146=FACE_OUTER_BOUND('',#225,.T.);
#147=FACE_OUTER_BOUND('',#226,.T.);
#148=FACE_OUTER_BOUND('',#227,.T.);
#149=FACE_OUTER_BOUND('',#228,.T.);
#150=FACE_OUTER_BOUND('',#229,.T.);
#151=FACE_OUTER_BOUND('',#230,.T.);
#152=FACE_OUTER_BOUND('',#231,.T.);
#153=FACE_OUTER_BOUND('',#232,.T.);
#154=FACE_OUTER_BOUND('',#233,.T.);
#155=FACE_OUTER_BOUND('',#234,.T.);
#156=FACE_OUTER_BOUND('',#235,.T.);
#157=FACE_OUTER_BOUND('',#236,.T.);
#158=FACE_OUTER_BOUND('',#237,.T.);
#159=FACE_OUTER_BOUND('',#238,.T.);
#160=FACE_OUTER_BOUND('',#239,.T.);
#161=FACE_OUTER_BOUND('',#240,.T.);
#162=FACE_OUTER_BOUND('',#241,.T.);
#163=FACE_OUTER_BOUND('',#242,.T.);
#164=FACE_OUTER_BOUND('',#243,.T.);
#165=FACE_OUTER_BOUND('',#244,.T.);
#166=FACE_OUTER_BOUND('',#245,.T.);
#167=FACE_OUTER_BOUND('',#246,.T.);
#168=FACE_OUTER_BOUND('',#247,.T.);
#169=FACE_OUTER_BOUND('',#248,.T.);
#170=FACE_OUTER_BOUND('',#249,.T.);
#171=EDGE_LOOP('',(#919,#920,#921,#922,#923,#924,#925,#926));
#172=EDGE_LOOP('',(#927,#928,#929,#930,#931,#932,#933,#934));
#173=EDGE_LOOP('',(#935,#936,#937,#938,#939,#940,#941,#942,#943,#944,#945,
#946,#947,#948,#949,#950,#951,#952,#953,#954,#955,#956,#957,#958,#959,#960,
#961,#962,#963,#964,#965,#966));
#174=EDGE_LOOP('',(#967));
#175=EDGE_LOOP('',(#968));
#176=EDGE_LOOP('',(#969));
#177=EDGE_LOOP('',(#970));
#178=EDGE_LOOP('',(#971,#972,#973,#974));
#179=EDGE_LOOP('',(#975,#976,#977,#978,#979,#980,#981,#982,#983,#984,#985,
#986,#987,#988,#989,#990,#991,#992,#993,#994));
#180=EDGE_LOOP('',(#995,#996,#997,#998,#999));
#181=EDGE_LOOP('',(#1000,#1001,#1002,#1003,#1004));
#182=EDGE_LOOP('',(#1005,#1006,#1007,#1008,#1009));
#183=EDGE_LOOP('',(#1010,#1011,#1012,#1013,#1014,#1015,#1016,#1017,#1018,
#1019,#1020,#1021));
#184=EDGE_LOOP('',(#1022,#1023,#1024,#1025,#1026));
#185=EDGE_LOOP('',(#1027,#1028,#1029,#1030,#1031,#1032,#1033,#1034));
#186=EDGE_LOOP('',(#1035,#1036,#1037,#1038));
#187=EDGE_LOOP('',(#1039,#1040,#1041,#1042,#1043,#1044,#1045,#1046));
#188=EDGE_LOOP('',(#1047,#1048,#1049,#1050));
#189=EDGE_LOOP('',(#1051,#1052,#1053,#1054));
#190=EDGE_LOOP('',(#1055,#1056,#1057,#1058,#1059,#1060,#1061,#1062,#1063,
#1064,#1065,#1066,#1067,#1068));
#191=EDGE_LOOP('',(#1069,#1070,#1071,#1072));
#192=EDGE_LOOP('',(#1073,#1074,#1075,#1076));
#193=EDGE_LOOP('',(#1077,#1078,#1079,#1080));
#194=EDGE_LOOP('',(#1081,#1082,#1083,#1084));
#195=EDGE_LOOP('',(#1085,#1086,#1087,#1088,#1089,#1090));
#196=EDGE_LOOP('',(#1091));
#197=EDGE_LOOP('',(#1092));
#198=EDGE_LOOP('',(#1093));
#199=EDGE_LOOP('',(#1094));
#200=EDGE_LOOP('',(#1095,#1096,#1097,#1098));
#201=EDGE_LOOP('',(#1099,#1100,#1101,#1102));
#202=EDGE_LOOP('',(#1103,#1104,#1105,#1106));
#203=EDGE_LOOP('',(#1107,#1108,#1109,#1110));
#204=EDGE_LOOP('',(#1111,#1112,#1113,#1114));
#205=EDGE_LOOP('',(#1115,#1116,#1117,#1118));
#206=EDGE_LOOP('',(#1119,#1120,#1121,#1122));
#207=EDGE_LOOP('',(#1123,#1124,#1125,#1126));
#208=EDGE_LOOP('',(#1127,#1128,#1129,#1130));
#209=EDGE_LOOP('',(#1131,#1132,#1133,#1134,#1135,#1136,#1137,#1138,#1139,
#1140,#1141,#1142,#1143));
#210=EDGE_LOOP('',(#1144,#1145,#1146,#1147,#1148,#1149,#1150,#1151,#1152,
#1153,#1154,#1155,#1156));
#211=EDGE_LOOP('',(#1157,#1158,#1159,#1160));
#212=EDGE_LOOP('',(#1161,#1162,#1163,#1164,#1165,#1166,#1167,#1168));
#213=EDGE_LOOP('',(#1169,#1170,#1171,#1172,#1173,#1174,#1175,#1176));
#214=EDGE_LOOP('',(#1177,#1178,#1179,#1180,#1181,#1182,#1183,#1184));
#215=EDGE_LOOP('',(#1185,#1186,#1187,#1188));
#216=EDGE_LOOP('',(#1189,#1190,#1191,#1192));
#217=EDGE_LOOP('',(#1193,#1194,#1195,#1196));
#218=EDGE_LOOP('',(#1197,#1198,#1199,#1200));
#219=EDGE_LOOP('',(#1201,#1202,#1203,#1204));
#220=EDGE_LOOP('',(#1205,#1206,#1207,#1208));
#221=EDGE_LOOP('',(#1209,#1210,#1211,#1212));
#222=EDGE_LOOP('',(#1213,#1214,#1215,#1216));
#223=EDGE_LOOP('',(#1217,#1218,#1219,#1220));
#224=EDGE_LOOP('',(#1221,#1222,#1223,#1224,#1225,#1226,#1227,#1228,#1229,
#1230,#1231,#1232,#1233,#1234));
#225=EDGE_LOOP('',(#1235,#1236,#1237,#1238));
#226=EDGE_LOOP('',(#1239,#1240,#1241,#1242));
#227=EDGE_LOOP('',(#1243,#1244,#1245,#1246));
#228=EDGE_LOOP('',(#1247,#1248,#1249,#1250));
#229=EDGE_LOOP('',(#1251,#1252,#1253,#1254));
#230=EDGE_LOOP('',(#1255,#1256,#1257,#1258));
#231=EDGE_LOOP('',(#1259,#1260,#1261,#1262));
#232=EDGE_LOOP('',(#1263,#1264,#1265,#1266,#1267,#1268,#1269,#1270));
#233=EDGE_LOOP('',(#1271,#1272,#1273,#1274));
#234=EDGE_LOOP('',(#1275,#1276,#1277,#1278));
#235=EDGE_LOOP('',(#1279,#1280,#1281,#1282));
#236=EDGE_LOOP('',(#1283,#1284,#1285,#1286));
#237=EDGE_LOOP('',(#1287,#1288,#1289,#1290));
#238=EDGE_LOOP('',(#1291,#1292,#1293,#1294,#1295,#1296));
#239=EDGE_LOOP('',(#1297,#1298,#1299,#1300));
#240=EDGE_LOOP('',(#1301,#1302,#1303,#1304));
#241=EDGE_LOOP('',(#1305,#1306,#1307,#1308));
#242=EDGE_LOOP('',(#1309,#1310,#1311,#1312));
#243=EDGE_LOOP('',(#1313,#1314,#1315,#1316));
#244=EDGE_LOOP('',(#1317,#1318,#1319,#1320));
#245=EDGE_LOOP('',(#1321,#1322,#1323,#1324));
#246=EDGE_LOOP('',(#1325,#1326,#1327,#1328));
#247=EDGE_LOOP('',(#1329,#1330,#1331,#1332));
#248=EDGE_LOOP('',(#1333,#1334,#1335,#1336));
#249=EDGE_LOOP('',(#1337,#1338,#1339,#1340));
#250=LINE('',#2006,#409);
#251=LINE('',#2008,#410);
#252=LINE('',#2010,#411);
#253=LINE('',#2012,#412);
#254=LINE('',#2014,#413);
#255=LINE('',#2016,#414);
#256=LINE('',#2018,#415);
#257=LINE('',#2019,#416);
#258=LINE('',#2023,#417);
#259=LINE('',#2025,#418);
#260=LINE('',#2027,#419);
#261=LINE('',#2029,#420);
#262=LINE('',#2031,#421);
#263=LINE('',#2033,#422);
#264=LINE('',#2035,#423);
#265=LINE('',#2036,#424);
#266=LINE('',#2040,#425);
#267=LINE('',#2048,#426);
#268=LINE('',#2056,#427);
#269=LINE('',#2064,#428);
#270=LINE('',#2069,#429);
#271=LINE('',#2071,#430);
#272=LINE('',#2073,#431);
#273=LINE('',#2075,#432);
#274=LINE('',#2079,#433);
#275=LINE('',#2081,#434);
#276=LINE('',#2083,#435);
#277=LINE('',#2087,#436);
#278=LINE('',#2089,#437);
#279=LINE('',#2091,#438);
#280=LINE('',#2095,#439);
#281=LINE('',#2097,#440);
#282=LINE('',#2098,#441);
#283=LINE('',#2109,#442);
#284=LINE('',#2111,#443);
#285=LINE('',#2112,#444);
#286=LINE('',#2114,#445);
#287=LINE('',#2116,#446);
#288=LINE('',#2120,#447);
#289=LINE('',#2122,#448);
#290=LINE('',#2124,#449);
#291=LINE('',#2128,#450);
#292=LINE('',#2130,#451);
#293=LINE('',#2132,#452);
#294=LINE('',#2134,#453);
#295=LINE('',#2136,#454);
#296=LINE('',#2140,#455);
#297=LINE('',#2142,#456);
#298=LINE('',#2144,#457);
#299=LINE('',#2147,#458);
#300=LINE('',#2150,#459);
#301=LINE('',#2152,#460);
#302=LINE('',#2154,#461);
#303=LINE('',#2157,#462);
#304=LINE('',#2161,#463);
#305=LINE('',#2162,#464);
#306=LINE('',#2164,#465);
#307=LINE('',#2165,#466);
#308=LINE('',#2168,#467);
#309=LINE('',#2170,#468);
#310=LINE('',#2171,#469);
#311=LINE('',#2176,#470);
#312=LINE('',#2178,#471);
#313=LINE('',#2180,#472);
#314=LINE('',#2182,#473);
#315=LINE('',#2184,#474);
#316=LINE('',#2186,#475);
#317=LINE('',#2187,#476);
#318=LINE('',#2188,#477);
#319=LINE('',#2199,#478);
#320=LINE('',#2203,#479);
#321=LINE('',#2206,#480);
#322=LINE('',#2209,#481);
#323=LINE('',#2211,#482);
#324=LINE('',#2213,#483);
#325=LINE('',#2215,#484);
#326=LINE('',#2217,#485);
#327=LINE('',#2218,#486);
#328=LINE('',#2222,#487);
#329=LINE('',#2227,#488);
#330=LINE('',#2228,#489);
#331=LINE('',#2231,#490);
#332=LINE('',#2233,#491);
#333=LINE('',#2235,#492);
#334=LINE('',#2236,#493);
#335=LINE('',#2238,#494);
#336=LINE('',#2239,#495);
#337=LINE('',#2240,#496);
#338=LINE('',#2242,#497);
#339=LINE('',#2243,#498);
#340=LINE('',#2247,#499);
#341=LINE('',#2251,#500);
#342=LINE('',#2255,#501);
#343=LINE('',#2257,#502);
#344=LINE('',#2273,#503);
#345=LINE('',#2275,#504);
#346=LINE('',#2276,#505);
#347=LINE('',#2279,#506);
#348=LINE('',#2281,#507);
#349=LINE('',#2282,#508);
#350=LINE('',#2288,#509);
#351=LINE('',#2290,#510);
#352=LINE('',#2291,#511);
#353=LINE('',#2294,#512);
#354=LINE('',#2296,#513);
#355=LINE('',#2297,#514);
#356=LINE('',#2303,#515);
#357=LINE('',#2305,#516);
#358=LINE('',#2306,#517);
#359=LINE('',#2309,#518);
#360=LINE('',#2311,#519);
#361=LINE('',#2312,#520);
#362=LINE('',#2318,#521);
#363=LINE('',#2320,#522);
#364=LINE('',#2324,#523);
#365=LINE('',#2326,#524);
#366=LINE('',#2328,#525);
#367=LINE('',#2332,#526);
#368=LINE('',#2334,#527);
#369=LINE('',#2336,#528);
#370=LINE('',#2339,#529);
#371=LINE('',#2348,#530);
#372=LINE('',#2352,#531);
#373=LINE('',#2355,#532);
#374=LINE('',#2358,#533);
#375=LINE('',#2360,#534);
#376=LINE('',#2362,#535);
#377=LINE('',#2366,#536);
#378=LINE('',#2368,#537);
#379=LINE('',#2370,#538);
#380=LINE('',#2374,#539);
#381=LINE('',#2375,#540);
#382=LINE('',#2377,#541);
#383=LINE('',#2379,#542);
#384=LINE('',#2383,#543);
#385=LINE('',#2384,#544);
#386=LINE('',#2386,#545);
#387=LINE('',#2388,#546);
#388=LINE('',#2390,#547);
#389=LINE('',#2392,#548);
#390=LINE('',#2394,#549);
#391=LINE('',#2396,#550);
#392=LINE('',#2398,#551);
#393=LINE('',#2400,#552);
#394=LINE('',#2402,#553);
#395=LINE('',#2404,#554);
#396=LINE('',#2406,#555);
#397=LINE('',#2409,#556);
#398=LINE('',#2410,#557);
#399=LINE('',#2412,#558);
#400=LINE('',#2414,#559);
#401=LINE('',#2416,#560);
#402=LINE('',#2418,#561);
#403=LINE('',#2420,#562);
#404=LINE('',#2423,#563);
#405=LINE('',#2425,#564);
#406=LINE('',#2427,#565);
#407=LINE('',#2429,#566);
#408=LINE('',#2431,#567);
#409=VECTOR('',#1595,10.);
#410=VECTOR('',#1596,10.);
#411=VECTOR('',#1597,10.);
#412=VECTOR('',#1598,10.);
#413=VECTOR('',#1599,10.);
#414=VECTOR('',#1600,10.);
#415=VECTOR('',#1601,10.);
#416=VECTOR('',#1602,10.);
#417=VECTOR('',#1605,10.);
#418=VECTOR('',#1606,10.);
#419=VECTOR('',#1607,10.);
#420=VECTOR('',#1608,10.);
#421=VECTOR('',#1609,10.);
#422=VECTOR('',#1610,10.);
#423=VECTOR('',#1611,10.);
#424=VECTOR('',#1612,10.);
#425=VECTOR('',#1615,10.);
#426=VECTOR('',#1622,10.);
#427=VECTOR('',#1629,10.);
#428=VECTOR('',#1636,10.);
#429=VECTOR('',#1641,10.);
#430=VECTOR('',#1642,10.);
#431=VECTOR('',#1643,10.);
#432=VECTOR('',#1644,10.);
#433=VECTOR('',#1647,10.);
#434=VECTOR('',#1648,10.);
#435=VECTOR('',#1649,10.);
#436=VECTOR('',#1652,10.);
#437=VECTOR('',#1653,10.);
#438=VECTOR('',#1654,10.);
#439=VECTOR('',#1657,10.);
#440=VECTOR('',#1658,10.);
#441=VECTOR('',#1659,10.);
#442=VECTOR('',#1670,10.);
#443=VECTOR('',#1671,10.);
#444=VECTOR('',#1672,10.);
#445=VECTOR('',#1675,10.);
#446=VECTOR('',#1676,10.);
#447=VECTOR('',#1679,10.);
#448=VECTOR('',#1680,10.);
#449=VECTOR('',#1681,10.);
#450=VECTOR('',#1684,10.);
#451=VECTOR('',#1685,10.);
#452=VECTOR('',#1686,10.);
#453=VECTOR('',#1687,10.);
#454=VECTOR('',#1688,10.);
#455=VECTOR('',#1691,10.);
#456=VECTOR('',#1692,10.);
#457=VECTOR('',#1693,10.);
#458=VECTOR('',#1696,10.);
#459=VECTOR('',#1699,10.);
#460=VECTOR('',#1700,10.);
#461=VECTOR('',#1701,10.);
#462=VECTOR('',#1704,10.);
#463=VECTOR('',#1707,10.);
#464=VECTOR('',#1708,10.);
#465=VECTOR('',#1709,10.);
#466=VECTOR('',#1710,10.);
#467=VECTOR('',#1713,10.);
#468=VECTOR('',#1714,10.);
#469=VECTOR('',#1715,10.);
#470=VECTOR('',#1720,3.5);
#471=VECTOR('',#1721,10.);
#472=VECTOR('',#1722,10.);
#473=VECTOR('',#1723,10.);
#474=VECTOR('',#1724,10.);
#475=VECTOR('',#1725,10.);
#476=VECTOR('',#1726,3.5);
#477=VECTOR('',#1727,3.5);
#478=VECTOR('',#1734,3.5);
#479=VECTOR('',#1739,3.5);
#480=VECTOR('',#1742,3.5);
#481=VECTOR('',#1745,10.);
#482=VECTOR('',#1746,10.);
#483=VECTOR('',#1747,10.);
#484=VECTOR('',#1748,10.);
#485=VECTOR('',#1749,10.);
#486=VECTOR('',#1750,5.);
#487=VECTOR('',#1755,3.5);
#488=VECTOR('',#1760,3.5);
#489=VECTOR('',#1761,3.5);
#490=VECTOR('',#1764,10.);
#491=VECTOR('',#1765,5.);
#492=VECTOR('',#1766,10.);
#493=VECTOR('',#1767,5.);
#494=VECTOR('',#1768,10.);
#495=VECTOR('',#1769,10.);
#496=VECTOR('',#1770,10.);
#497=VECTOR('',#1771,10.);
#498=VECTOR('',#1772,10.);
#499=VECTOR('',#1777,10.);
#500=VECTOR('',#1782,10.);
#501=VECTOR('',#1787,10.);
#502=VECTOR('',#1790,10.);
#503=VECTOR('',#1811,10.);
#504=VECTOR('',#1812,10.);
#505=VECTOR('',#1813,10.);
#506=VECTOR('',#1816,10.);
#507=VECTOR('',#1817,10.);
#508=VECTOR('',#1818,10.);
#509=VECTOR('',#1825,10.);
#510=VECTOR('',#1828,10.);
#511=VECTOR('',#1829,10.);
#512=VECTOR('',#1832,10.);
#513=VECTOR('',#1833,10.);
#514=VECTOR('',#1834,10.);
#515=VECTOR('',#1841,10.);
#516=VECTOR('',#1844,10.);
#517=VECTOR('',#1845,10.);
#518=VECTOR('',#1848,10.);
#519=VECTOR('',#1849,10.);
#520=VECTOR('',#1850,10.);
#521=VECTOR('',#1859,10.);
#522=VECTOR('',#1860,10.);
#523=VECTOR('',#1863,10.);
#524=VECTOR('',#1864,10.);
#525=VECTOR('',#1865,10.);
#526=VECTOR('',#1868,10.);
#527=VECTOR('',#1869,10.);
#528=VECTOR('',#1870,10.);
#529=VECTOR('',#1873,10.);
#530=VECTOR('',#1888,10.);
#531=VECTOR('',#1895,2.);
#532=VECTOR('',#1900,2.);
#533=VECTOR('',#1905,2.);
#534=VECTOR('',#1908,10.);
#535=VECTOR('',#1911,2.);
#536=VECTOR('',#1916,10.);
#537=VECTOR('',#1917,10.);
#538=VECTOR('',#1918,10.);
#539=VECTOR('',#1921,10.);
#540=VECTOR('',#1922,10.);
#541=VECTOR('',#1923,10.);
#542=VECTOR('',#1924,10.);
#543=VECTOR('',#1927,10.);
#544=VECTOR('',#1928,10.);
#545=VECTOR('',#1931,10.);
#546=VECTOR('',#1934,10.);
#547=VECTOR('',#1937,10.);
#548=VECTOR('',#1940,10.);
#549=VECTOR('',#1943,10.);
#550=VECTOR('',#1946,10.);
#551=VECTOR('',#1949,10.);
#552=VECTOR('',#1952,10.);
#553=VECTOR('',#1955,10.);
#554=VECTOR('',#1958,10.);
#555=VECTOR('',#1961,10.);
#556=VECTOR('',#1966,10.);
#557=VECTOR('',#1967,10.);
#558=VECTOR('',#1970,10.);
#559=VECTOR('',#1973,10.);
#560=VECTOR('',#1976,10.);
#561=VECTOR('',#1979,10.);
#562=VECTOR('',#1982,10.);
#563=VECTOR('',#1987,10.);
#564=VECTOR('',#1990,10.);
#565=VECTOR('',#1993,10.);
#566=VECTOR('',#1996,10.);
#567=VECTOR('',#1999,10.);
#568=VERTEX_POINT('',#2004);
#569=VERTEX_POINT('',#2005);
#570=VERTEX_POINT('',#2007);
#571=VERTEX_POINT('',#2009);
#572=VERTEX_POINT('',#2011);
#573=VERTEX_POINT('',#2013);
#574=VERTEX_POINT('',#2015);
#575=VERTEX_POINT('',#2017);
#576=VERTEX_POINT('',#2021);
#577=VERTEX_POINT('',#2022);
#578=VERTEX_POINT('',#2024);
#579=VERTEX_POINT('',#2026);
#580=VERTEX_POINT('',#2028);
#581=VERTEX_POINT('',#2030);
#582=VERTEX_POINT('',#2032);
#583=VERTEX_POINT('',#2034);
#584=VERTEX_POINT('',#2038);
#585=VERTEX_POINT('',#2039);
#586=VERTEX_POINT('',#2041);
#587=VERTEX_POINT('',#2043);
#588=VERTEX_POINT('',#2045);
#589=VERTEX_POINT('',#2047);
#590=VERTEX_POINT('',#2049);
#591=VERTEX_POINT('',#2051);
#592=VERTEX_POINT('',#2053);
#593=VERTEX_POINT('',#2055);
#594=VERTEX_POINT('',#2057);
#595=VERTEX_POINT('',#2059);
#596=VERTEX_POINT('',#2061);
#597=VERTEX_POINT('',#2063);
#598=VERTEX_POINT('',#2065);
#599=VERTEX_POINT('',#2067);
#600=VERTEX_POINT('',#2070);
#601=VERTEX_POINT('',#2072);
#602=VERTEX_POINT('',#2074);
#603=VERTEX_POINT('',#2076);
#604=VERTEX_POINT('',#2078);
#605=VERTEX_POINT('',#2080);
#606=VERTEX_POINT('',#2082);
#607=VERTEX_POINT('',#2084);
#608=VERTEX_POINT('',#2086);
#609=VERTEX_POINT('',#2088);
#610=VERTEX_POINT('',#2090);
#611=VERTEX_POINT('',#2092);
#612=VERTEX_POINT('',#2094);
#613=VERTEX_POINT('',#2096);
#614=VERTEX_POINT('',#2099);
#615=VERTEX_POINT('',#2101);
#616=VERTEX_POINT('',#2103);
#617=VERTEX_POINT('',#2105);
#618=VERTEX_POINT('',#2108);
#619=VERTEX_POINT('',#2110);
#620=VERTEX_POINT('',#2115);
#621=VERTEX_POINT('',#2117);
#622=VERTEX_POINT('',#2119);
#623=VERTEX_POINT('',#2121);
#624=VERTEX_POINT('',#2123);
#625=VERTEX_POINT('',#2125);
#626=VERTEX_POINT('',#2127);
#627=VERTEX_POINT('',#2129);
#628=VERTEX_POINT('',#2131);
#629=VERTEX_POINT('',#2133);
#630=VERTEX_POINT('',#2135);
#631=VERTEX_POINT('',#2137);
#632=VERTEX_POINT('',#2139);
#633=VERTEX_POINT('',#2141);
#634=VERTEX_POINT('',#2143);
#635=VERTEX_POINT('',#2145);
#636=VERTEX_POINT('',#2149);
#637=VERTEX_POINT('',#2151);
#638=VERTEX_POINT('',#2153);
#639=VERTEX_POINT('',#2155);
#640=VERTEX_POINT('',#2159);
#641=VERTEX_POINT('',#2160);
#642=VERTEX_POINT('',#2163);
#643=VERTEX_POINT('',#2167);
#644=VERTEX_POINT('',#2169);
#645=VERTEX_POINT('',#2173);
#646=VERTEX_POINT('',#2175);
#647=VERTEX_POINT('',#2177);
#648=VERTEX_POINT('',#2179);
#649=VERTEX_POINT('',#2181);
#650=VERTEX_POINT('',#2183);
#651=VERTEX_POINT('',#2185);
#652=VERTEX_POINT('',#2198);
#653=VERTEX_POINT('',#2202);
#654=VERTEX_POINT('',#2204);
#655=VERTEX_POINT('',#2208);
#656=VERTEX_POINT('',#2210);
#657=VERTEX_POINT('',#2212);
#658=VERTEX_POINT('',#2214);
#659=VERTEX_POINT('',#2216);
#660=VERTEX_POINT('',#2220);
#661=VERTEX_POINT('',#2224);
#662=VERTEX_POINT('',#2225);
#663=VERTEX_POINT('',#2230);
#664=VERTEX_POINT('',#2232);
#665=VERTEX_POINT('',#2234);
#666=VERTEX_POINT('',#2237);
#667=VERTEX_POINT('',#2241);
#668=VERTEX_POINT('',#2245);
#669=VERTEX_POINT('',#2249);
#670=VERTEX_POINT('',#2253);
#671=VERTEX_POINT('',#2260);
#672=VERTEX_POINT('',#2263);
#673=VERTEX_POINT('',#2266);
#674=VERTEX_POINT('',#2269);
#675=VERTEX_POINT('',#2272);
#676=VERTEX_POINT('',#2274);
#677=VERTEX_POINT('',#2278);
#678=VERTEX_POINT('',#2280);
#679=VERTEX_POINT('',#2284);
#680=VERTEX_POINT('',#2286);
#681=VERTEX_POINT('',#2293);
#682=VERTEX_POINT('',#2295);
#683=VERTEX_POINT('',#2299);
#684=VERTEX_POINT('',#2301);
#685=VERTEX_POINT('',#2308);
#686=VERTEX_POINT('',#2310);
#687=VERTEX_POINT('',#2317);
#688=VERTEX_POINT('',#2319);
#689=VERTEX_POINT('',#2321);
#690=VERTEX_POINT('',#2323);
#691=VERTEX_POINT('',#2325);
#692=VERTEX_POINT('',#2327);
#693=VERTEX_POINT('',#2329);
#694=VERTEX_POINT('',#2331);
#695=VERTEX_POINT('',#2333);
#696=VERTEX_POINT('',#2335);
#697=VERTEX_POINT('',#2337);
#698=VERTEX_POINT('',#2347);
#699=VERTEX_POINT('',#2365);
#700=VERTEX_POINT('',#2367);
#701=VERTEX_POINT('',#2369);
#702=VERTEX_POINT('',#2371);
#703=VERTEX_POINT('',#2373);
#704=VERTEX_POINT('',#2376);
#705=VERTEX_POINT('',#2378);
#706=VERTEX_POINT('',#2380);
#707=VERTEX_POINT('',#2382);
#708=EDGE_CURVE('',#568,#569,#250,.T.);
#709=EDGE_CURVE('',#570,#569,#251,.T.);
#710=EDGE_CURVE('',#570,#571,#252,.T.);
#711=EDGE_CURVE('',#572,#571,#253,.T.);
#712=EDGE_CURVE('',#572,#573,#254,.T.);
#713=EDGE_CURVE('',#574,#573,#255,.T.);
#714=EDGE_CURVE('',#575,#574,#256,.T.);
#715=EDGE_CURVE('',#575,#568,#257,.T.);
#716=EDGE_CURVE('',#576,#577,#258,.T.);
#717=EDGE_CURVE('',#577,#578,#259,.T.);
#718=EDGE_CURVE('',#578,#579,#260,.T.);
#719=EDGE_CURVE('',#580,#579,#261,.T.);
#720=EDGE_CURVE('',#581,#580,#262,.T.);
#721=EDGE_CURVE('',#581,#582,#263,.T.);
#722=EDGE_CURVE('',#582,#583,#264,.T.);
#723=EDGE_CURVE('',#583,#576,#265,.T.);
#724=EDGE_CURVE('',#584,#585,#266,.T.);
#725=EDGE_CURVE('',#586,#585,#46,.T.);
#726=EDGE_CURVE('',#586,#587,#47,.T.);
#727=EDGE_CURVE('',#587,#588,#48,.F.);
#728=EDGE_CURVE('',#588,#589,#267,.T.);
#729=EDGE_CURVE('',#589,#590,#49,.F.);
#730=EDGE_CURVE('',#590,#591,#50,.T.);
#731=EDGE_CURVE('',#591,#592,#51,.F.);
#732=EDGE_CURVE('',#592,#593,#268,.T.);
#733=EDGE_CURVE('',#593,#594,#52,.F.);
#734=EDGE_CURVE('',#594,#595,#53,.T.);
#735=EDGE_CURVE('',#595,#596,#54,.F.);
#736=EDGE_CURVE('',#596,#597,#269,.T.);
#737=EDGE_CURVE('',#598,#597,#55,.T.);
#738=EDGE_CURVE('',#598,#599,#56,.T.);
#739=EDGE_CURVE('',#599,#570,#270,.T.);
#740=EDGE_CURVE('',#569,#600,#271,.T.);
#741=EDGE_CURVE('',#601,#600,#272,.T.);
#742=EDGE_CURVE('',#602,#601,#273,.T.);
#743=EDGE_CURVE('',#603,#602,#57,.T.);
#744=EDGE_CURVE('',#604,#603,#274,.T.);
#745=EDGE_CURVE('',#605,#604,#275,.T.);
#746=EDGE_CURVE('',#606,#605,#276,.T.);
#747=EDGE_CURVE('',#607,#606,#58,.T.);
#748=EDGE_CURVE('',#608,#607,#277,.T.);
#749=EDGE_CURVE('',#609,#608,#278,.T.);
#750=EDGE_CURVE('',#610,#609,#279,.T.);
#751=EDGE_CURVE('',#611,#610,#59,.T.);
#752=EDGE_CURVE('',#612,#611,#280,.T.);
#753=EDGE_CURVE('',#613,#612,#281,.T.);
#754=EDGE_CURVE('',#584,#613,#282,.T.);
#755=EDGE_CURVE('',#614,#614,#60,.T.);
#756=EDGE_CURVE('',#615,#615,#61,.T.);
#757=EDGE_CURVE('',#616,#616,#62,.T.);
#758=EDGE_CURVE('',#617,#617,#63,.T.);
#759=EDGE_CURVE('',#600,#618,#283,.T.);
#760=EDGE_CURVE('',#618,#619,#284,.T.);
#761=EDGE_CURVE('',#601,#619,#285,.T.);
#762=EDGE_CURVE('',#618,#582,#286,.T.);
#763=EDGE_CURVE('',#620,#581,#287,.T.);
#764=EDGE_CURVE('',#621,#620,#64,.T.);
#765=EDGE_CURVE('',#622,#621,#288,.T.);
#766=EDGE_CURVE('',#623,#622,#289,.T.);
#767=EDGE_CURVE('',#624,#623,#290,.T.);
#768=EDGE_CURVE('',#625,#624,#65,.T.);
#769=EDGE_CURVE('',#626,#625,#291,.T.);
#770=EDGE_CURVE('',#627,#626,#292,.T.);
#771=EDGE_CURVE('',#627,#628,#293,.T.);
#772=EDGE_CURVE('',#629,#628,#294,.T.);
#773=EDGE_CURVE('',#630,#629,#295,.T.);
#774=EDGE_CURVE('',#631,#630,#66,.T.);
#775=EDGE_CURVE('',#632,#631,#296,.T.);
#776=EDGE_CURVE('',#633,#632,#297,.T.);
#777=EDGE_CURVE('',#634,#633,#298,.T.);
#778=EDGE_CURVE('',#635,#634,#67,.T.);
#779=EDGE_CURVE('',#619,#635,#299,.T.);
#780=EDGE_CURVE('',#628,#636,#300,.T.);
#781=EDGE_CURVE('',#628,#637,#301,.T.);
#782=EDGE_CURVE('',#638,#637,#302,.T.);
#783=EDGE_CURVE('',#639,#638,#68,.T.);
#784=EDGE_CURVE('',#636,#639,#303,.T.);
#785=EDGE_CURVE('',#640,#641,#304,.T.);
#786=EDGE_CURVE('',#636,#640,#305,.T.);
#787=EDGE_CURVE('',#642,#639,#306,.T.);
#788=EDGE_CURVE('',#642,#641,#307,.T.);
#789=EDGE_CURVE('',#643,#627,#308,.T.);
#790=EDGE_CURVE('',#644,#643,#309,.T.);
#791=EDGE_CURVE('',#637,#644,#310,.T.);
#792=EDGE_CURVE('',#644,#645,#69,.T.);
#793=EDGE_CURVE('',#646,#645,#311,.T.);
#794=EDGE_CURVE('',#646,#647,#312,.T.);
#795=EDGE_CURVE('',#647,#648,#313,.T.);
#796=EDGE_CURVE('',#649,#648,#314,.T.);
#797=EDGE_CURVE('',#650,#649,#315,.T.);
#798=EDGE_CURVE('',#650,#651,#316,.T.);
#799=EDGE_CURVE('',#593,#651,#317,.T.);
#800=EDGE_CURVE('',#638,#592,#318,.T.);
#801=EDGE_CURVE('',#641,#643,#70,.T.);
#802=EDGE_CURVE('',#645,#642,#15,.T.);
#803=EDGE_CURVE('',#591,#652,#319,.T.);
#804=EDGE_CURVE('',#646,#652,#71,.F.);
#805=EDGE_CURVE('',#595,#653,#320,.T.);
#806=EDGE_CURVE('',#654,#653,#72,.F.);
#807=EDGE_CURVE('',#654,#596,#321,.T.);
#808=EDGE_CURVE('',#654,#655,#322,.T.);
#809=EDGE_CURVE('',#655,#656,#323,.T.);
#810=EDGE_CURVE('',#657,#656,#324,.T.);
#811=EDGE_CURVE('',#658,#657,#325,.T.);
#812=EDGE_CURVE('',#658,#659,#326,.T.);
#813=EDGE_CURVE('',#597,#659,#327,.T.);
#814=EDGE_CURVE('',#651,#660,#73,.T.);
#815=EDGE_CURVE('',#660,#594,#328,.T.);
#816=EDGE_CURVE('',#661,#662,#74,.T.);
#817=EDGE_CURVE('',#662,#590,#329,.T.);
#818=EDGE_CURVE('',#589,#661,#330,.T.);
#819=EDGE_CURVE('',#663,#661,#331,.T.);
#820=EDGE_CURVE('',#664,#588,#332,.T.);
#821=EDGE_CURVE('',#664,#665,#333,.T.);
#822=EDGE_CURVE('',#585,#665,#334,.T.);
#823=EDGE_CURVE('',#666,#584,#335,.T.);
#824=EDGE_CURVE('',#577,#666,#336,.T.);
#825=EDGE_CURVE('',#576,#575,#337,.T.);
#826=EDGE_CURVE('',#667,#574,#338,.T.);
#827=EDGE_CURVE('',#663,#667,#339,.T.);
#828=EDGE_CURVE('',#659,#668,#75,.T.);
#829=EDGE_CURVE('',#598,#668,#340,.T.);
#830=EDGE_CURVE('',#664,#669,#76,.F.);
#831=EDGE_CURVE('',#587,#669,#341,.T.);
#832=EDGE_CURVE('',#665,#670,#77,.T.);
#833=EDGE_CURVE('',#586,#670,#342,.T.);
#834=EDGE_CURVE('',#583,#568,#343,.T.);
#835=EDGE_CURVE('',#671,#671,#78,.T.);
#836=EDGE_CURVE('',#672,#672,#79,.T.);
#837=EDGE_CURVE('',#673,#673,#80,.T.);
#838=EDGE_CURVE('',#674,#674,#81,.T.);
#839=EDGE_CURVE('',#675,#647,#344,.T.);
#840=EDGE_CURVE('',#675,#676,#345,.T.);
#841=EDGE_CURVE('',#648,#676,#346,.T.);
#842=EDGE_CURVE('',#650,#677,#347,.T.);
#843=EDGE_CURVE('',#678,#649,#348,.T.);
#844=EDGE_CURVE('',#677,#678,#349,.T.);
#845=EDGE_CURVE('',#677,#679,#82,.T.);
#846=EDGE_CURVE('',#680,#678,#83,.T.);
#847=EDGE_CURVE('',#679,#680,#350,.T.);
#848=EDGE_CURVE('',#679,#655,#351,.T.);
#849=EDGE_CURVE('',#656,#680,#352,.T.);
#850=EDGE_CURVE('',#658,#681,#353,.T.);
#851=EDGE_CURVE('',#682,#657,#354,.T.);
#852=EDGE_CURVE('',#681,#682,#355,.T.);
#853=EDGE_CURVE('',#681,#683,#84,.T.);
#854=EDGE_CURVE('',#684,#682,#85,.T.);
#855=EDGE_CURVE('',#683,#684,#356,.T.);
#856=EDGE_CURVE('',#683,#572,#357,.T.);
#857=EDGE_CURVE('',#573,#684,#358,.T.);
#858=EDGE_CURVE('',#663,#685,#359,.T.);
#859=EDGE_CURVE('',#686,#667,#360,.T.);
#860=EDGE_CURVE('',#685,#686,#361,.T.);
#861=EDGE_CURVE('',#685,#675,#86,.T.);
#862=EDGE_CURVE('',#676,#686,#87,.T.);
#863=EDGE_CURVE('',#579,#687,#362,.T.);
#864=EDGE_CURVE('',#687,#688,#363,.T.);
#865=EDGE_CURVE('',#688,#689,#88,.T.);
#866=EDGE_CURVE('',#689,#690,#364,.T.);
#867=EDGE_CURVE('',#690,#691,#365,.T.);
#868=EDGE_CURVE('',#691,#692,#366,.T.);
#869=EDGE_CURVE('',#692,#693,#89,.T.);
#870=EDGE_CURVE('',#693,#694,#367,.T.);
#871=EDGE_CURVE('',#694,#695,#368,.T.);
#872=EDGE_CURVE('',#695,#696,#369,.T.);
#873=EDGE_CURVE('',#696,#697,#90,.T.);
#874=EDGE_CURVE('',#697,#580,#370,.T.);
#875=EDGE_CURVE('',#670,#669,#91,.T.);
#876=EDGE_CURVE('',#662,#652,#92,.T.);
#877=EDGE_CURVE('',#660,#653,#93,.T.);
#878=EDGE_CURVE('',#698,#571,#371,.T.);
#879=EDGE_CURVE('',#668,#698,#94,.T.);
#880=EDGE_CURVE('',#673,#617,#372,.T.);
#881=EDGE_CURVE('',#674,#616,#373,.T.);
#882=EDGE_CURVE('',#671,#615,#374,.T.);
#883=EDGE_CURVE('',#599,#698,#375,.T.);
#884=EDGE_CURVE('',#672,#614,#376,.T.);
#885=EDGE_CURVE('',#699,#666,#377,.T.);
#886=EDGE_CURVE('',#700,#699,#378,.T.);
#887=EDGE_CURVE('',#701,#700,#379,.T.);
#888=EDGE_CURVE('',#702,#701,#95,.T.);
#889=EDGE_CURVE('',#703,#702,#380,.T.);
#890=EDGE_CURVE('',#636,#703,#381,.T.);
#891=EDGE_CURVE('',#704,#640,#382,.T.);
#892=EDGE_CURVE('',#705,#704,#383,.T.);
#893=EDGE_CURVE('',#706,#705,#96,.T.);
#894=EDGE_CURVE('',#707,#706,#384,.T.);
#895=EDGE_CURVE('',#578,#707,#385,.T.);
#896=EDGE_CURVE('',#620,#697,#386,.T.);
#897=EDGE_CURVE('',#621,#696,#387,.T.);
#898=EDGE_CURVE('',#622,#695,#388,.T.);
#899=EDGE_CURVE('',#623,#694,#389,.T.);
#900=EDGE_CURVE('',#624,#693,#390,.T.);
#901=EDGE_CURVE('',#625,#692,#391,.T.);
#902=EDGE_CURVE('',#626,#691,#392,.T.);
#903=EDGE_CURVE('',#704,#690,#393,.T.);
#904=EDGE_CURVE('',#705,#689,#394,.T.);
#905=EDGE_CURVE('',#706,#688,#395,.T.);
#906=EDGE_CURVE('',#707,#687,#396,.T.);
#907=EDGE_CURVE('',#608,#629,#397,.T.);
#908=EDGE_CURVE('',#607,#630,#398,.T.);
#909=EDGE_CURVE('',#609,#703,#399,.T.);
#910=EDGE_CURVE('',#610,#702,#400,.T.);
#911=EDGE_CURVE('',#611,#701,#401,.T.);
#912=EDGE_CURVE('',#612,#700,#402,.T.);
#913=EDGE_CURVE('',#613,#699,#403,.T.);
#914=EDGE_CURVE('',#602,#635,#404,.T.);
#915=EDGE_CURVE('',#603,#634,#405,.T.);
#916=EDGE_CURVE('',#604,#633,#406,.T.);
#917=EDGE_CURVE('',#605,#632,#407,.T.);
#918=EDGE_CURVE('',#606,#631,#408,.T.);
#919=ORIENTED_EDGE('',*,*,#708,.T.);
#920=ORIENTED_EDGE('',*,*,#709,.F.);
#921=ORIENTED_EDGE('',*,*,#710,.T.);
#922=ORIENTED_EDGE('',*,*,#711,.F.);
#923=ORIENTED_EDGE('',*,*,#712,.T.);
#924=ORIENTED_EDGE('',*,*,#713,.F.);
#925=ORIENTED_EDGE('',*,*,#714,.F.);
#926=ORIENTED_EDGE('',*,*,#715,.T.);
#927=ORIENTED_EDGE('',*,*,#716,.T.);
#928=ORIENTED_EDGE('',*,*,#717,.T.);
#929=ORIENTED_EDGE('',*,*,#718,.T.);
#930=ORIENTED_EDGE('',*,*,#719,.F.);
#931=ORIENTED_EDGE('',*,*,#720,.F.);
#932=ORIENTED_EDGE('',*,*,#721,.T.);
#933=ORIENTED_EDGE('',*,*,#722,.T.);
#934=ORIENTED_EDGE('',*,*,#723,.T.);
#935=ORIENTED_EDGE('',*,*,#724,.T.);
#936=ORIENTED_EDGE('',*,*,#725,.F.);
#937=ORIENTED_EDGE('',*,*,#726,.T.);
#938=ORIENTED_EDGE('',*,*,#727,.T.);
#939=ORIENTED_EDGE('',*,*,#728,.T.);
#940=ORIENTED_EDGE('',*,*,#729,.T.);
#941=ORIENTED_EDGE('',*,*,#730,.T.);
#942=ORIENTED_EDGE('',*,*,#731,.T.);
#943=ORIENTED_EDGE('',*,*,#732,.T.);
#944=ORIENTED_EDGE('',*,*,#733,.T.);
#945=ORIENTED_EDGE('',*,*,#734,.T.);
#946=ORIENTED_EDGE('',*,*,#735,.T.);
#947=ORIENTED_EDGE('',*,*,#736,.T.);
#948=ORIENTED_EDGE('',*,*,#737,.F.);
#949=ORIENTED_EDGE('',*,*,#738,.T.);
#950=ORIENTED_EDGE('',*,*,#739,.T.);
#951=ORIENTED_EDGE('',*,*,#709,.T.);
#952=ORIENTED_EDGE('',*,*,#740,.T.);
#953=ORIENTED_EDGE('',*,*,#741,.F.);
#954=ORIENTED_EDGE('',*,*,#742,.F.);
#955=ORIENTED_EDGE('',*,*,#743,.F.);
#956=ORIENTED_EDGE('',*,*,#744,.F.);
#957=ORIENTED_EDGE('',*,*,#745,.F.);
#958=ORIENTED_EDGE('',*,*,#746,.F.);
#959=ORIENTED_EDGE('',*,*,#747,.F.);
#960=ORIENTED_EDGE('',*,*,#748,.F.);
#961=ORIENTED_EDGE('',*,*,#749,.F.);
#962=ORIENTED_EDGE('',*,*,#750,.F.);
#963=ORIENTED_EDGE('',*,*,#751,.F.);
#964=ORIENTED_EDGE('',*,*,#752,.F.);
#965=ORIENTED_EDGE('',*,*,#753,.F.);
#966=ORIENTED_EDGE('',*,*,#754,.F.);
#967=ORIENTED_EDGE('',*,*,#755,.T.);
#968=ORIENTED_EDGE('',*,*,#756,.T.);
#969=ORIENTED_EDGE('',*,*,#757,.T.);
#970=ORIENTED_EDGE('',*,*,#758,.T.);
#971=ORIENTED_EDGE('',*,*,#759,.T.);
#972=ORIENTED_EDGE('',*,*,#760,.T.);
#973=ORIENTED_EDGE('',*,*,#761,.F.);
#974=ORIENTED_EDGE('',*,*,#741,.T.);
#975=ORIENTED_EDGE('',*,*,#762,.T.);
#976=ORIENTED_EDGE('',*,*,#721,.F.);
#977=ORIENTED_EDGE('',*,*,#763,.F.);
#978=ORIENTED_EDGE('',*,*,#764,.F.);
#979=ORIENTED_EDGE('',*,*,#765,.F.);
#980=ORIENTED_EDGE('',*,*,#766,.F.);
#981=ORIENTED_EDGE('',*,*,#767,.F.);
#982=ORIENTED_EDGE('',*,*,#768,.F.);
#983=ORIENTED_EDGE('',*,*,#769,.F.);
#984=ORIENTED_EDGE('',*,*,#770,.F.);
#985=ORIENTED_EDGE('',*,*,#771,.T.);
#986=ORIENTED_EDGE('',*,*,#772,.F.);
#987=ORIENTED_EDGE('',*,*,#773,.F.);
#988=ORIENTED_EDGE('',*,*,#774,.F.);
#989=ORIENTED_EDGE('',*,*,#775,.F.);
#990=ORIENTED_EDGE('',*,*,#776,.F.);
#991=ORIENTED_EDGE('',*,*,#777,.F.);
#992=ORIENTED_EDGE('',*,*,#778,.F.);
#993=ORIENTED_EDGE('',*,*,#779,.F.);
#994=ORIENTED_EDGE('',*,*,#760,.F.);
#995=ORIENTED_EDGE('',*,*,#780,.F.);
#996=ORIENTED_EDGE('',*,*,#781,.T.);
#997=ORIENTED_EDGE('',*,*,#782,.F.);
#998=ORIENTED_EDGE('',*,*,#783,.F.);
#999=ORIENTED_EDGE('',*,*,#784,.F.);
#1000=ORIENTED_EDGE('',*,*,#785,.F.);
#1001=ORIENTED_EDGE('',*,*,#786,.F.);
#1002=ORIENTED_EDGE('',*,*,#784,.T.);
#1003=ORIENTED_EDGE('',*,*,#787,.F.);
#1004=ORIENTED_EDGE('',*,*,#788,.T.);
#1005=ORIENTED_EDGE('',*,*,#789,.F.);
#1006=ORIENTED_EDGE('',*,*,#790,.F.);
#1007=ORIENTED_EDGE('',*,*,#791,.F.);
#1008=ORIENTED_EDGE('',*,*,#781,.F.);
#1009=ORIENTED_EDGE('',*,*,#771,.F.);
#1010=ORIENTED_EDGE('',*,*,#782,.T.);
#1011=ORIENTED_EDGE('',*,*,#791,.T.);
#1012=ORIENTED_EDGE('',*,*,#792,.T.);
#1013=ORIENTED_EDGE('',*,*,#793,.F.);
#1014=ORIENTED_EDGE('',*,*,#794,.T.);
#1015=ORIENTED_EDGE('',*,*,#795,.T.);
#1016=ORIENTED_EDGE('',*,*,#796,.F.);
#1017=ORIENTED_EDGE('',*,*,#797,.F.);
#1018=ORIENTED_EDGE('',*,*,#798,.T.);
#1019=ORIENTED_EDGE('',*,*,#799,.F.);
#1020=ORIENTED_EDGE('',*,*,#732,.F.);
#1021=ORIENTED_EDGE('',*,*,#800,.F.);
#1022=ORIENTED_EDGE('',*,*,#790,.T.);
#1023=ORIENTED_EDGE('',*,*,#801,.F.);
#1024=ORIENTED_EDGE('',*,*,#788,.F.);
#1025=ORIENTED_EDGE('',*,*,#802,.F.);
#1026=ORIENTED_EDGE('',*,*,#792,.F.);
#1027=ORIENTED_EDGE('',*,*,#783,.T.);
#1028=ORIENTED_EDGE('',*,*,#800,.T.);
#1029=ORIENTED_EDGE('',*,*,#731,.F.);
#1030=ORIENTED_EDGE('',*,*,#803,.T.);
#1031=ORIENTED_EDGE('',*,*,#804,.F.);
#1032=ORIENTED_EDGE('',*,*,#793,.T.);
#1033=ORIENTED_EDGE('',*,*,#802,.T.);
#1034=ORIENTED_EDGE('',*,*,#787,.T.);
#1035=ORIENTED_EDGE('',*,*,#735,.F.);
#1036=ORIENTED_EDGE('',*,*,#805,.T.);
#1037=ORIENTED_EDGE('',*,*,#806,.F.);
#1038=ORIENTED_EDGE('',*,*,#807,.T.);
#1039=ORIENTED_EDGE('',*,*,#807,.F.);
#1040=ORIENTED_EDGE('',*,*,#808,.T.);
#1041=ORIENTED_EDGE('',*,*,#809,.T.);
#1042=ORIENTED_EDGE('',*,*,#810,.F.);
#1043=ORIENTED_EDGE('',*,*,#811,.F.);
#1044=ORIENTED_EDGE('',*,*,#812,.T.);
#1045=ORIENTED_EDGE('',*,*,#813,.F.);
#1046=ORIENTED_EDGE('',*,*,#736,.F.);
#1047=ORIENTED_EDGE('',*,*,#814,.T.);
#1048=ORIENTED_EDGE('',*,*,#815,.T.);
#1049=ORIENTED_EDGE('',*,*,#733,.F.);
#1050=ORIENTED_EDGE('',*,*,#799,.T.);
#1051=ORIENTED_EDGE('',*,*,#816,.T.);
#1052=ORIENTED_EDGE('',*,*,#817,.T.);
#1053=ORIENTED_EDGE('',*,*,#729,.F.);
#1054=ORIENTED_EDGE('',*,*,#818,.T.);
#1055=ORIENTED_EDGE('',*,*,#819,.T.);
#1056=ORIENTED_EDGE('',*,*,#818,.F.);
#1057=ORIENTED_EDGE('',*,*,#728,.F.);
#1058=ORIENTED_EDGE('',*,*,#820,.F.);
#1059=ORIENTED_EDGE('',*,*,#821,.T.);
#1060=ORIENTED_EDGE('',*,*,#822,.F.);
#1061=ORIENTED_EDGE('',*,*,#724,.F.);
#1062=ORIENTED_EDGE('',*,*,#823,.F.);
#1063=ORIENTED_EDGE('',*,*,#824,.F.);
#1064=ORIENTED_EDGE('',*,*,#716,.F.);
#1065=ORIENTED_EDGE('',*,*,#825,.T.);
#1066=ORIENTED_EDGE('',*,*,#714,.T.);
#1067=ORIENTED_EDGE('',*,*,#826,.F.);
#1068=ORIENTED_EDGE('',*,*,#827,.F.);
#1069=ORIENTED_EDGE('',*,*,#737,.T.);
#1070=ORIENTED_EDGE('',*,*,#813,.T.);
#1071=ORIENTED_EDGE('',*,*,#828,.T.);
#1072=ORIENTED_EDGE('',*,*,#829,.F.);
#1073=ORIENTED_EDGE('',*,*,#830,.F.);
#1074=ORIENTED_EDGE('',*,*,#820,.T.);
#1075=ORIENTED_EDGE('',*,*,#727,.F.);
#1076=ORIENTED_EDGE('',*,*,#831,.T.);
#1077=ORIENTED_EDGE('',*,*,#725,.T.);
#1078=ORIENTED_EDGE('',*,*,#822,.T.);
#1079=ORIENTED_EDGE('',*,*,#832,.T.);
#1080=ORIENTED_EDGE('',*,*,#833,.F.);
#1081=ORIENTED_EDGE('',*,*,#715,.F.);
#1082=ORIENTED_EDGE('',*,*,#825,.F.);
#1083=ORIENTED_EDGE('',*,*,#723,.F.);
#1084=ORIENTED_EDGE('',*,*,#834,.T.);
#1085=ORIENTED_EDGE('',*,*,#708,.F.);
#1086=ORIENTED_EDGE('',*,*,#834,.F.);
#1087=ORIENTED_EDGE('',*,*,#722,.F.);
#1088=ORIENTED_EDGE('',*,*,#762,.F.);
#1089=ORIENTED_EDGE('',*,*,#759,.F.);
#1090=ORIENTED_EDGE('',*,*,#740,.F.);
#1091=ORIENTED_EDGE('',*,*,#835,.F.);
#1092=ORIENTED_EDGE('',*,*,#836,.F.);
#1093=ORIENTED_EDGE('',*,*,#837,.F.);
#1094=ORIENTED_EDGE('',*,*,#838,.F.);
#1095=ORIENTED_EDGE('',*,*,#839,.F.);
#1096=ORIENTED_EDGE('',*,*,#840,.T.);
#1097=ORIENTED_EDGE('',*,*,#841,.F.);
#1098=ORIENTED_EDGE('',*,*,#795,.F.);
#1099=ORIENTED_EDGE('',*,*,#842,.F.);
#1100=ORIENTED_EDGE('',*,*,#797,.T.);
#1101=ORIENTED_EDGE('',*,*,#843,.F.);
#1102=ORIENTED_EDGE('',*,*,#844,.F.);
#1103=ORIENTED_EDGE('',*,*,#845,.F.);
#1104=ORIENTED_EDGE('',*,*,#844,.T.);
#1105=ORIENTED_EDGE('',*,*,#846,.F.);
#1106=ORIENTED_EDGE('',*,*,#847,.F.);
#1107=ORIENTED_EDGE('',*,*,#848,.F.);
#1108=ORIENTED_EDGE('',*,*,#847,.T.);
#1109=ORIENTED_EDGE('',*,*,#849,.F.);
#1110=ORIENTED_EDGE('',*,*,#809,.F.);
#1111=ORIENTED_EDGE('',*,*,#850,.F.);
#1112=ORIENTED_EDGE('',*,*,#811,.T.);
#1113=ORIENTED_EDGE('',*,*,#851,.F.);
#1114=ORIENTED_EDGE('',*,*,#852,.F.);
#1115=ORIENTED_EDGE('',*,*,#853,.F.);
#1116=ORIENTED_EDGE('',*,*,#852,.T.);
#1117=ORIENTED_EDGE('',*,*,#854,.F.);
#1118=ORIENTED_EDGE('',*,*,#855,.F.);
#1119=ORIENTED_EDGE('',*,*,#856,.F.);
#1120=ORIENTED_EDGE('',*,*,#855,.T.);
#1121=ORIENTED_EDGE('',*,*,#857,.F.);
#1122=ORIENTED_EDGE('',*,*,#712,.F.);
#1123=ORIENTED_EDGE('',*,*,#858,.F.);
#1124=ORIENTED_EDGE('',*,*,#827,.T.);
#1125=ORIENTED_EDGE('',*,*,#859,.F.);
#1126=ORIENTED_EDGE('',*,*,#860,.F.);
#1127=ORIENTED_EDGE('',*,*,#861,.F.);
#1128=ORIENTED_EDGE('',*,*,#860,.T.);
#1129=ORIENTED_EDGE('',*,*,#862,.F.);
#1130=ORIENTED_EDGE('',*,*,#840,.F.);
#1131=ORIENTED_EDGE('',*,*,#719,.T.);
#1132=ORIENTED_EDGE('',*,*,#863,.T.);
#1133=ORIENTED_EDGE('',*,*,#864,.T.);
#1134=ORIENTED_EDGE('',*,*,#865,.T.);
#1135=ORIENTED_EDGE('',*,*,#866,.T.);
#1136=ORIENTED_EDGE('',*,*,#867,.T.);
#1137=ORIENTED_EDGE('',*,*,#868,.T.);
#1138=ORIENTED_EDGE('',*,*,#869,.T.);
#1139=ORIENTED_EDGE('',*,*,#870,.T.);
#1140=ORIENTED_EDGE('',*,*,#871,.T.);
#1141=ORIENTED_EDGE('',*,*,#872,.T.);
#1142=ORIENTED_EDGE('',*,*,#873,.T.);
#1143=ORIENTED_EDGE('',*,*,#874,.T.);
#1144=ORIENTED_EDGE('',*,*,#862,.T.);
#1145=ORIENTED_EDGE('',*,*,#859,.T.);
#1146=ORIENTED_EDGE('',*,*,#826,.T.);
#1147=ORIENTED_EDGE('',*,*,#713,.T.);
#1148=ORIENTED_EDGE('',*,*,#857,.T.);
#1149=ORIENTED_EDGE('',*,*,#854,.T.);
#1150=ORIENTED_EDGE('',*,*,#851,.T.);
#1151=ORIENTED_EDGE('',*,*,#810,.T.);
#1152=ORIENTED_EDGE('',*,*,#849,.T.);
#1153=ORIENTED_EDGE('',*,*,#846,.T.);
#1154=ORIENTED_EDGE('',*,*,#843,.T.);
#1155=ORIENTED_EDGE('',*,*,#796,.T.);
#1156=ORIENTED_EDGE('',*,*,#841,.T.);
#1157=ORIENTED_EDGE('',*,*,#821,.F.);
#1158=ORIENTED_EDGE('',*,*,#830,.T.);
#1159=ORIENTED_EDGE('',*,*,#875,.F.);
#1160=ORIENTED_EDGE('',*,*,#832,.F.);
#1161=ORIENTED_EDGE('',*,*,#819,.F.);
#1162=ORIENTED_EDGE('',*,*,#858,.T.);
#1163=ORIENTED_EDGE('',*,*,#861,.T.);
#1164=ORIENTED_EDGE('',*,*,#839,.T.);
#1165=ORIENTED_EDGE('',*,*,#794,.F.);
#1166=ORIENTED_EDGE('',*,*,#804,.T.);
#1167=ORIENTED_EDGE('',*,*,#876,.F.);
#1168=ORIENTED_EDGE('',*,*,#816,.F.);
#1169=ORIENTED_EDGE('',*,*,#808,.F.);
#1170=ORIENTED_EDGE('',*,*,#806,.T.);
#1171=ORIENTED_EDGE('',*,*,#877,.F.);
#1172=ORIENTED_EDGE('',*,*,#814,.F.);
#1173=ORIENTED_EDGE('',*,*,#798,.F.);
#1174=ORIENTED_EDGE('',*,*,#842,.T.);
#1175=ORIENTED_EDGE('',*,*,#845,.T.);
#1176=ORIENTED_EDGE('',*,*,#848,.T.);
#1177=ORIENTED_EDGE('',*,*,#812,.F.);
#1178=ORIENTED_EDGE('',*,*,#850,.T.);
#1179=ORIENTED_EDGE('',*,*,#853,.T.);
#1180=ORIENTED_EDGE('',*,*,#856,.T.);
#1181=ORIENTED_EDGE('',*,*,#711,.T.);
#1182=ORIENTED_EDGE('',*,*,#878,.F.);
#1183=ORIENTED_EDGE('',*,*,#879,.F.);
#1184=ORIENTED_EDGE('',*,*,#828,.F.);
#1185=ORIENTED_EDGE('',*,*,#803,.F.);
#1186=ORIENTED_EDGE('',*,*,#730,.F.);
#1187=ORIENTED_EDGE('',*,*,#817,.F.);
#1188=ORIENTED_EDGE('',*,*,#876,.T.);
#1189=ORIENTED_EDGE('',*,*,#837,.T.);
#1190=ORIENTED_EDGE('',*,*,#880,.T.);
#1191=ORIENTED_EDGE('',*,*,#758,.F.);
#1192=ORIENTED_EDGE('',*,*,#880,.F.);
#1193=ORIENTED_EDGE('',*,*,#875,.T.);
#1194=ORIENTED_EDGE('',*,*,#831,.F.);
#1195=ORIENTED_EDGE('',*,*,#726,.F.);
#1196=ORIENTED_EDGE('',*,*,#833,.T.);
#1197=ORIENTED_EDGE('',*,*,#838,.T.);
#1198=ORIENTED_EDGE('',*,*,#881,.T.);
#1199=ORIENTED_EDGE('',*,*,#757,.F.);
#1200=ORIENTED_EDGE('',*,*,#881,.F.);
#1201=ORIENTED_EDGE('',*,*,#805,.F.);
#1202=ORIENTED_EDGE('',*,*,#734,.F.);
#1203=ORIENTED_EDGE('',*,*,#815,.F.);
#1204=ORIENTED_EDGE('',*,*,#877,.T.);
#1205=ORIENTED_EDGE('',*,*,#835,.T.);
#1206=ORIENTED_EDGE('',*,*,#882,.T.);
#1207=ORIENTED_EDGE('',*,*,#756,.F.);
#1208=ORIENTED_EDGE('',*,*,#882,.F.);
#1209=ORIENTED_EDGE('',*,*,#879,.T.);
#1210=ORIENTED_EDGE('',*,*,#883,.F.);
#1211=ORIENTED_EDGE('',*,*,#738,.F.);
#1212=ORIENTED_EDGE('',*,*,#829,.T.);
#1213=ORIENTED_EDGE('',*,*,#836,.T.);
#1214=ORIENTED_EDGE('',*,*,#884,.T.);
#1215=ORIENTED_EDGE('',*,*,#755,.F.);
#1216=ORIENTED_EDGE('',*,*,#884,.F.);
#1217=ORIENTED_EDGE('',*,*,#878,.T.);
#1218=ORIENTED_EDGE('',*,*,#710,.F.);
#1219=ORIENTED_EDGE('',*,*,#739,.F.);
#1220=ORIENTED_EDGE('',*,*,#883,.T.);
#1221=ORIENTED_EDGE('',*,*,#824,.T.);
#1222=ORIENTED_EDGE('',*,*,#885,.F.);
#1223=ORIENTED_EDGE('',*,*,#886,.F.);
#1224=ORIENTED_EDGE('',*,*,#887,.F.);
#1225=ORIENTED_EDGE('',*,*,#888,.F.);
#1226=ORIENTED_EDGE('',*,*,#889,.F.);
#1227=ORIENTED_EDGE('',*,*,#890,.F.);
#1228=ORIENTED_EDGE('',*,*,#786,.T.);
#1229=ORIENTED_EDGE('',*,*,#891,.F.);
#1230=ORIENTED_EDGE('',*,*,#892,.F.);
#1231=ORIENTED_EDGE('',*,*,#893,.F.);
#1232=ORIENTED_EDGE('',*,*,#894,.F.);
#1233=ORIENTED_EDGE('',*,*,#895,.F.);
#1234=ORIENTED_EDGE('',*,*,#717,.F.);
#1235=ORIENTED_EDGE('',*,*,#763,.T.);
#1236=ORIENTED_EDGE('',*,*,#720,.T.);
#1237=ORIENTED_EDGE('',*,*,#874,.F.);
#1238=ORIENTED_EDGE('',*,*,#896,.F.);
#1239=ORIENTED_EDGE('',*,*,#764,.T.);
#1240=ORIENTED_EDGE('',*,*,#896,.T.);
#1241=ORIENTED_EDGE('',*,*,#873,.F.);
#1242=ORIENTED_EDGE('',*,*,#897,.F.);
#1243=ORIENTED_EDGE('',*,*,#765,.T.);
#1244=ORIENTED_EDGE('',*,*,#897,.T.);
#1245=ORIENTED_EDGE('',*,*,#872,.F.);
#1246=ORIENTED_EDGE('',*,*,#898,.F.);
#1247=ORIENTED_EDGE('',*,*,#766,.T.);
#1248=ORIENTED_EDGE('',*,*,#898,.T.);
#1249=ORIENTED_EDGE('',*,*,#871,.F.);
#1250=ORIENTED_EDGE('',*,*,#899,.F.);
#1251=ORIENTED_EDGE('',*,*,#767,.T.);
#1252=ORIENTED_EDGE('',*,*,#899,.T.);
#1253=ORIENTED_EDGE('',*,*,#870,.F.);
#1254=ORIENTED_EDGE('',*,*,#900,.F.);
#1255=ORIENTED_EDGE('',*,*,#768,.T.);
#1256=ORIENTED_EDGE('',*,*,#900,.T.);
#1257=ORIENTED_EDGE('',*,*,#869,.F.);
#1258=ORIENTED_EDGE('',*,*,#901,.F.);
#1259=ORIENTED_EDGE('',*,*,#769,.T.);
#1260=ORIENTED_EDGE('',*,*,#901,.T.);
#1261=ORIENTED_EDGE('',*,*,#868,.F.);
#1262=ORIENTED_EDGE('',*,*,#902,.F.);
#1263=ORIENTED_EDGE('',*,*,#789,.T.);
#1264=ORIENTED_EDGE('',*,*,#770,.T.);
#1265=ORIENTED_EDGE('',*,*,#902,.T.);
#1266=ORIENTED_EDGE('',*,*,#867,.F.);
#1267=ORIENTED_EDGE('',*,*,#903,.F.);
#1268=ORIENTED_EDGE('',*,*,#891,.T.);
#1269=ORIENTED_EDGE('',*,*,#785,.T.);
#1270=ORIENTED_EDGE('',*,*,#801,.T.);
#1271=ORIENTED_EDGE('',*,*,#892,.T.);
#1272=ORIENTED_EDGE('',*,*,#903,.T.);
#1273=ORIENTED_EDGE('',*,*,#866,.F.);
#1274=ORIENTED_EDGE('',*,*,#904,.F.);
#1275=ORIENTED_EDGE('',*,*,#893,.T.);
#1276=ORIENTED_EDGE('',*,*,#904,.T.);
#1277=ORIENTED_EDGE('',*,*,#865,.F.);
#1278=ORIENTED_EDGE('',*,*,#905,.F.);
#1279=ORIENTED_EDGE('',*,*,#894,.T.);
#1280=ORIENTED_EDGE('',*,*,#905,.T.);
#1281=ORIENTED_EDGE('',*,*,#864,.F.);
#1282=ORIENTED_EDGE('',*,*,#906,.F.);
#1283=ORIENTED_EDGE('',*,*,#895,.T.);
#1284=ORIENTED_EDGE('',*,*,#906,.T.);
#1285=ORIENTED_EDGE('',*,*,#863,.F.);
#1286=ORIENTED_EDGE('',*,*,#718,.F.);
#1287=ORIENTED_EDGE('',*,*,#773,.T.);
#1288=ORIENTED_EDGE('',*,*,#907,.F.);
#1289=ORIENTED_EDGE('',*,*,#748,.T.);
#1290=ORIENTED_EDGE('',*,*,#908,.T.);
#1291=ORIENTED_EDGE('',*,*,#772,.T.);
#1292=ORIENTED_EDGE('',*,*,#780,.T.);
#1293=ORIENTED_EDGE('',*,*,#890,.T.);
#1294=ORIENTED_EDGE('',*,*,#909,.F.);
#1295=ORIENTED_EDGE('',*,*,#749,.T.);
#1296=ORIENTED_EDGE('',*,*,#907,.T.);
#1297=ORIENTED_EDGE('',*,*,#889,.T.);
#1298=ORIENTED_EDGE('',*,*,#910,.F.);
#1299=ORIENTED_EDGE('',*,*,#750,.T.);
#1300=ORIENTED_EDGE('',*,*,#909,.T.);
#1301=ORIENTED_EDGE('',*,*,#888,.T.);
#1302=ORIENTED_EDGE('',*,*,#911,.F.);
#1303=ORIENTED_EDGE('',*,*,#751,.T.);
#1304=ORIENTED_EDGE('',*,*,#910,.T.);
#1305=ORIENTED_EDGE('',*,*,#887,.T.);
#1306=ORIENTED_EDGE('',*,*,#912,.F.);
#1307=ORIENTED_EDGE('',*,*,#752,.T.);
#1308=ORIENTED_EDGE('',*,*,#911,.T.);
#1309=ORIENTED_EDGE('',*,*,#886,.T.);
#1310=ORIENTED_EDGE('',*,*,#913,.F.);
#1311=ORIENTED_EDGE('',*,*,#753,.T.);
#1312=ORIENTED_EDGE('',*,*,#912,.T.);
#1313=ORIENTED_EDGE('',*,*,#823,.T.);
#1314=ORIENTED_EDGE('',*,*,#754,.T.);
#1315=ORIENTED_EDGE('',*,*,#913,.T.);
#1316=ORIENTED_EDGE('',*,*,#885,.T.);
#1317=ORIENTED_EDGE('',*,*,#779,.T.);
#1318=ORIENTED_EDGE('',*,*,#914,.F.);
#1319=ORIENTED_EDGE('',*,*,#742,.T.);
#1320=ORIENTED_EDGE('',*,*,#761,.T.);
#1321=ORIENTED_EDGE('',*,*,#778,.T.);
#1322=ORIENTED_EDGE('',*,*,#915,.F.);
#1323=ORIENTED_EDGE('',*,*,#743,.T.);
#1324=ORIENTED_EDGE('',*,*,#914,.T.);
#1325=ORIENTED_EDGE('',*,*,#777,.T.);
#1326=ORIENTED_EDGE('',*,*,#916,.F.);
#1327=ORIENTED_EDGE('',*,*,#744,.T.);
#1328=ORIENTED_EDGE('',*,*,#915,.T.);
#1329=ORIENTED_EDGE('',*,*,#776,.T.);
#1330=ORIENTED_EDGE('',*,*,#917,.F.);
#1331=ORIENTED_EDGE('',*,*,#745,.T.);
#1332=ORIENTED_EDGE('',*,*,#916,.T.);
#1333=ORIENTED_EDGE('',*,*,#775,.T.);
#1334=ORIENTED_EDGE('',*,*,#918,.F.);
#1335=ORIENTED_EDGE('',*,*,#746,.T.);
#1336=ORIENTED_EDGE('',*,*,#917,.T.);
#1337=ORIENTED_EDGE('',*,*,#774,.T.);
#1338=ORIENTED_EDGE('',*,*,#908,.F.);
#1339=ORIENTED_EDGE('',*,*,#747,.T.);
#1340=ORIENTED_EDGE('',*,*,#918,.T.);
#1341=PLANE('',#1466);
#1342=PLANE('',#1467);
#1343=PLANE('',#1468);
#1344=PLANE('',#1487);
#1345=PLANE('',#1488);
#1346=PLANE('',#1493);
#1347=PLANE('',#1495);
#1348=PLANE('',#1496);
#1349=PLANE('',#1497);
#1350=PLANE('',#1505);
#1351=PLANE('',#1510);
#1352=PLANE('',#1517);
#1353=PLANE('',#1518);
#1354=PLANE('',#1519);
#1355=PLANE('',#1521);
#1356=PLANE('',#1523);
#1357=PLANE('',#1525);
#1358=PLANE('',#1527);
#1359=PLANE('',#1528);
#1360=PLANE('',#1532);
#1361=PLANE('',#1533);
#1362=PLANE('',#1537);
#1363=PLANE('',#1538);
#1364=PLANE('',#1542);
#1365=PLANE('',#1546);
#1366=PLANE('',#1548);
#1367=PLANE('',#1550);
#1368=PLANE('',#1552);
#1369=PLANE('',#1562);
#1370=PLANE('',#1563);
#1371=PLANE('',#1566);
#1372=PLANE('',#1568);
#1373=PLANE('',#1569);
#1374=PLANE('',#1570);
#1375=PLANE('',#1572);
#1376=PLANE('',#1573);
#1377=PLANE('',#1574);
#1378=PLANE('',#1576);
#1379=PLANE('',#1577);
#1380=PLANE('',#1578);
#1381=PLANE('',#1579);
#1382=PLANE('',#1580);
#1383=PLANE('',#1582);
#1384=PLANE('',#1583);
#1385=PLANE('',#1584);
#1386=PLANE('',#1585);
#1387=PLANE('',#1587);
#1388=PLANE('',#1588);
#1389=PLANE('',#1589);
#1390=ADVANCED_FACE('',(#97),#1341,.T.);
#1391=ADVANCED_FACE('',(#98),#1342,.T.);
#1392=ADVANCED_FACE('',(#99,#41,#42,#43,#44),#1343,.T.);
#1393=ADVANCED_FACE('',(#100),#1344,.T.);
#1394=ADVANCED_FACE('',(#101),#1345,.F.);
#1395=ADVANCED_FACE('',(#102),#1346,.F.);
#1396=ADVANCED_FACE('',(#103),#1347,.F.);
#1397=ADVANCED_FACE('',(#104),#1348,.F.);
#1398=ADVANCED_FACE('',(#105),#1349,.T.);
#1399=ADVANCED_FACE('',(#106),#16,.F.);
#1400=ADVANCED_FACE('',(#107),#17,.F.);
#1401=ADVANCED_FACE('',(#108),#18,.F.);
#1402=ADVANCED_FACE('',(#109),#1350,.T.);
#1403=ADVANCED_FACE('',(#110),#19,.F.);
#1404=ADVANCED_FACE('',(#111),#20,.F.);
#1405=ADVANCED_FACE('',(#112),#1351,.T.);
#1406=ADVANCED_FACE('',(#113),#21,.F.);
#1407=ADVANCED_FACE('',(#114),#22,.F.);
#1408=ADVANCED_FACE('',(#115),#23,.F.);
#1409=ADVANCED_FACE('',(#116),#1352,.F.);
#1410=ADVANCED_FACE('',(#117),#1353,.F.);
#1411=ADVANCED_FACE('',(#118),#1354,.T.);
#1412=ADVANCED_FACE('',(#119),#1355,.T.);
#1413=ADVANCED_FACE('',(#120),#1356,.T.);
#1414=ADVANCED_FACE('',(#121),#1357,.T.);
#1415=ADVANCED_FACE('',(#122),#1358,.T.);
#1416=ADVANCED_FACE('',(#123),#1359,.T.);
#1417=ADVANCED_FACE('',(#124),#24,.F.);
#1418=ADVANCED_FACE('',(#125),#1360,.T.);
#1419=ADVANCED_FACE('',(#126),#1361,.T.);
#1420=ADVANCED_FACE('',(#127),#25,.F.);
#1421=ADVANCED_FACE('',(#128),#1362,.T.);
#1422=ADVANCED_FACE('',(#129),#1363,.T.);
#1423=ADVANCED_FACE('',(#130),#26,.F.);
#1424=ADVANCED_FACE('',(#131,#45),#1364,.T.);
#1425=ADVANCED_FACE('',(#132),#1365,.T.);
#1426=ADVANCED_FACE('',(#133),#1366,.T.);
#1427=ADVANCED_FACE('',(#134),#1367,.T.);
#1428=ADVANCED_FACE('',(#135),#1368,.T.);
#1429=ADVANCED_FACE('',(#136),#27,.T.);
#1430=ADVANCED_FACE('',(#137),#28,.F.);
#1431=ADVANCED_FACE('',(#138),#29,.T.);
#1432=ADVANCED_FACE('',(#139),#30,.F.);
#1433=ADVANCED_FACE('',(#140),#31,.T.);
#1434=ADVANCED_FACE('',(#141),#32,.F.);
#1435=ADVANCED_FACE('',(#142),#33,.T.);
#1436=ADVANCED_FACE('',(#143),#34,.F.);
#1437=ADVANCED_FACE('',(#144),#1369,.T.);
#1438=ADVANCED_FACE('',(#145),#1370,.F.);
#1439=ADVANCED_FACE('',(#146),#1371,.T.);
#1440=ADVANCED_FACE('',(#147),#35,.T.);
#1441=ADVANCED_FACE('',(#148),#1372,.T.);
#1442=ADVANCED_FACE('',(#149),#1373,.T.);
#1443=ADVANCED_FACE('',(#150),#1374,.T.);
#1444=ADVANCED_FACE('',(#151),#36,.T.);
#1445=ADVANCED_FACE('',(#152),#1375,.T.);
#1446=ADVANCED_FACE('',(#153),#1376,.T.);
#1447=ADVANCED_FACE('',(#154),#1377,.T.);
#1448=ADVANCED_FACE('',(#155),#37,.T.);
#1449=ADVANCED_FACE('',(#156),#1378,.T.);
#1450=ADVANCED_FACE('',(#157),#1379,.T.);
#1451=ADVANCED_FACE('',(#158),#1380,.T.);
#1452=ADVANCED_FACE('',(#159),#1381,.T.);
#1453=ADVANCED_FACE('',(#160),#1382,.T.);
#1454=ADVANCED_FACE('',(#161),#38,.T.);
#1455=ADVANCED_FACE('',(#162),#1383,.T.);
#1456=ADVANCED_FACE('',(#163),#1384,.T.);
#1457=ADVANCED_FACE('',(#164),#1385,.T.);
#1458=ADVANCED_FACE('',(#165),#1386,.T.);
#1459=ADVANCED_FACE('',(#166),#39,.T.);
#1460=ADVANCED_FACE('',(#167),#1387,.T.);
#1461=ADVANCED_FACE('',(#168),#1388,.T.);
#1462=ADVANCED_FACE('',(#169),#1389,.T.);
#1463=ADVANCED_FACE('',(#170),#40,.T.);
#1464=CLOSED_SHELL('',(#1390,#1391,#1392,#1393,#1394,#1395,#1396,#1397,
#1398,#1399,#1400,#1401,#1402,#1403,#1404,#1405,#1406,#1407,#1408,#1409,
#1410,#1411,#1412,#1413,#1414,#1415,#1416,#1417,#1418,#1419,#1420,#1421,
#1422,#1423,#1424,#1425,#1426,#1427,#1428,#1429,#1430,#1431,#1432,#1433,
#1434,#1435,#1436,#1437,#1438,#1439,#1440,#1441,#1442,#1443,#1444,#1445,
#1446,#1447,#1448,#1449,#1450,#1451,#1452,#1453,#1454,#1455,#1456,#1457,
#1458,#1459,#1460,#1461,#1462,#1463));
#1465=AXIS2_PLACEMENT_3D('',#2002,#1591,#1592);
#1466=AXIS2_PLACEMENT_3D('',#2003,#1593,#1594);
#1467=AXIS2_PLACEMENT_3D('',#2020,#1603,#1604);
#1468=AXIS2_PLACEMENT_3D('',#2037,#1613,#1614);
#1469=AXIS2_PLACEMENT_3D('',#2042,#1616,#1617);
#1470=AXIS2_PLACEMENT_3D('',#2044,#1618,#1619);
#1471=AXIS2_PLACEMENT_3D('',#2046,#1620,#1621);
#1472=AXIS2_PLACEMENT_3D('',#2050,#1623,#1624);
#1473=AXIS2_PLACEMENT_3D('',#2052,#1625,#1626);
#1474=AXIS2_PLACEMENT_3D('',#2054,#1627,#1628);
#1475=AXIS2_PLACEMENT_3D('',#2058,#1630,#1631);
#1476=AXIS2_PLACEMENT_3D('',#2060,#1632,#1633);
#1477=AXIS2_PLACEMENT_3D('',#2062,#1634,#1635);
#1478=AXIS2_PLACEMENT_3D('',#2066,#1637,#1638);
#1479=AXIS2_PLACEMENT_3D('',#2068,#1639,#1640);
#1480=AXIS2_PLACEMENT_3D('',#2077,#1645,#1646);
#1481=AXIS2_PLACEMENT_3D('',#2085,#1650,#1651);
#1482=AXIS2_PLACEMENT_3D('',#2093,#1655,#1656);
#1483=AXIS2_PLACEMENT_3D('',#2100,#1660,#1661);
#1484=AXIS2_PLACEMENT_3D('',#2102,#1662,#1663);
#1485=AXIS2_PLACEMENT_3D('',#2104,#1664,#1665);
#1486=AXIS2_PLACEMENT_3D('',#2106,#1666,#1667);
#1487=AXIS2_PLACEMENT_3D('',#2107,#1668,#1669);
#1488=AXIS2_PLACEMENT_3D('',#2113,#1673,#1674);
#1489=AXIS2_PLACEMENT_3D('',#2118,#1677,#1678);
#1490=AXIS2_PLACEMENT_3D('',#2126,#1682,#1683);
#1491=AXIS2_PLACEMENT_3D('',#2138,#1689,#1690);
#1492=AXIS2_PLACEMENT_3D('',#2146,#1694,#1695);
#1493=AXIS2_PLACEMENT_3D('',#2148,#1697,#1698);
#1494=AXIS2_PLACEMENT_3D('',#2156,#1702,#1703);
#1495=AXIS2_PLACEMENT_3D('',#2158,#1705,#1706);
#1496=AXIS2_PLACEMENT_3D('',#2166,#1711,#1712);
#1497=AXIS2_PLACEMENT_3D('',#2172,#1716,#1717);
#1498=AXIS2_PLACEMENT_3D('',#2174,#1718,#1719);
#1499=AXIS2_PLACEMENT_3D('',#2189,#1728,#1729);
#1500=AXIS2_PLACEMENT_3D('',#2190,#1730,#1731);
#1501=AXIS2_PLACEMENT_3D('',#2197,#1732,#1733);
#1502=AXIS2_PLACEMENT_3D('',#2200,#1735,#1736);
#1503=AXIS2_PLACEMENT_3D('',#2201,#1737,#1738);
#1504=AXIS2_PLACEMENT_3D('',#2205,#1740,#1741);
#1505=AXIS2_PLACEMENT_3D('',#2207,#1743,#1744);
#1506=AXIS2_PLACEMENT_3D('',#2219,#1751,#1752);
#1507=AXIS2_PLACEMENT_3D('',#2221,#1753,#1754);
#1508=AXIS2_PLACEMENT_3D('',#2223,#1756,#1757);
#1509=AXIS2_PLACEMENT_3D('',#2226,#1758,#1759);
#1510=AXIS2_PLACEMENT_3D('',#2229,#1762,#1763);
#1511=AXIS2_PLACEMENT_3D('',#2244,#1773,#1774);
#1512=AXIS2_PLACEMENT_3D('',#2246,#1775,#1776);
#1513=AXIS2_PLACEMENT_3D('',#2248,#1778,#1779);
#1514=AXIS2_PLACEMENT_3D('',#2250,#1780,#1781);
#1515=AXIS2_PLACEMENT_3D('',#2252,#1783,#1784);
#1516=AXIS2_PLACEMENT_3D('',#2254,#1785,#1786);
#1517=AXIS2_PLACEMENT_3D('',#2256,#1788,#1789);
#1518=AXIS2_PLACEMENT_3D('',#2258,#1791,#1792);
#1519=AXIS2_PLACEMENT_3D('',#2259,#1793,#1794);
#1520=AXIS2_PLACEMENT_3D('',#2261,#1795,#1796);
#1521=AXIS2_PLACEMENT_3D('',#2262,#1797,#1798);
#1522=AXIS2_PLACEMENT_3D('',#2264,#1799,#1800);
#1523=AXIS2_PLACEMENT_3D('',#2265,#1801,#1802);
#1524=AXIS2_PLACEMENT_3D('',#2267,#1803,#1804);
#1525=AXIS2_PLACEMENT_3D('',#2268,#1805,#1806);
#1526=AXIS2_PLACEMENT_3D('',#2270,#1807,#1808);
#1527=AXIS2_PLACEMENT_3D('',#2271,#1809,#1810);
#1528=AXIS2_PLACEMENT_3D('',#2277,#1814,#1815);
#1529=AXIS2_PLACEMENT_3D('',#2283,#1819,#1820);
#1530=AXIS2_PLACEMENT_3D('',#2285,#1821,#1822);
#1531=AXIS2_PLACEMENT_3D('',#2287,#1823,#1824);
#1532=AXIS2_PLACEMENT_3D('',#2289,#1826,#1827);
#1533=AXIS2_PLACEMENT_3D('',#2292,#1830,#1831);
#1534=AXIS2_PLACEMENT_3D('',#2298,#1835,#1836);
#1535=AXIS2_PLACEMENT_3D('',#2300,#1837,#1838);
#1536=AXIS2_PLACEMENT_3D('',#2302,#1839,#1840);
#1537=AXIS2_PLACEMENT_3D('',#2304,#1842,#1843);
#1538=AXIS2_PLACEMENT_3D('',#2307,#1846,#1847);
#1539=AXIS2_PLACEMENT_3D('',#2313,#1851,#1852);
#1540=AXIS2_PLACEMENT_3D('',#2314,#1853,#1854);
#1541=AXIS2_PLACEMENT_3D('',#2315,#1855,#1856);
#1542=AXIS2_PLACEMENT_3D('',#2316,#1857,#1858);
#1543=AXIS2_PLACEMENT_3D('',#2322,#1861,#1862);
#1544=AXIS2_PLACEMENT_3D('',#2330,#1866,#1867);
#1545=AXIS2_PLACEMENT_3D('',#2338,#1871,#1872);
#1546=AXIS2_PLACEMENT_3D('',#2340,#1874,#1875);
#1547=AXIS2_PLACEMENT_3D('',#2341,#1876,#1877);
#1548=AXIS2_PLACEMENT_3D('',#2342,#1878,#1879);
#1549=AXIS2_PLACEMENT_3D('',#2343,#1880,#1881);
#1550=AXIS2_PLACEMENT_3D('',#2344,#1882,#1883);
#1551=AXIS2_PLACEMENT_3D('',#2345,#1884,#1885);
#1552=AXIS2_PLACEMENT_3D('',#2346,#1886,#1887);
#1553=AXIS2_PLACEMENT_3D('',#2349,#1889,#1890);
#1554=AXIS2_PLACEMENT_3D('',#2350,#1891,#1892);
#1555=AXIS2_PLACEMENT_3D('',#2351,#1893,#1894);
#1556=AXIS2_PLACEMENT_3D('',#2353,#1896,#1897);
#1557=AXIS2_PLACEMENT_3D('',#2354,#1898,#1899);
#1558=AXIS2_PLACEMENT_3D('',#2356,#1901,#1902);
#1559=AXIS2_PLACEMENT_3D('',#2357,#1903,#1904);
#1560=AXIS2_PLACEMENT_3D('',#2359,#1906,#1907);
#1561=AXIS2_PLACEMENT_3D('',#2361,#1909,#1910);
#1562=AXIS2_PLACEMENT_3D('',#2363,#1912,#1913);
#1563=AXIS2_PLACEMENT_3D('',#2364,#1914,#1915);
#1564=AXIS2_PLACEMENT_3D('',#2372,#1919,#1920);
#1565=AXIS2_PLACEMENT_3D('',#2381,#1925,#1926);
#1566=AXIS2_PLACEMENT_3D('',#2385,#1929,#1930);
#1567=AXIS2_PLACEMENT_3D('',#2387,#1932,#1933);
#1568=AXIS2_PLACEMENT_3D('',#2389,#1935,#1936);
#1569=AXIS2_PLACEMENT_3D('',#2391,#1938,#1939);
#1570=AXIS2_PLACEMENT_3D('',#2393,#1941,#1942);
#1571=AXIS2_PLACEMENT_3D('',#2395,#1944,#1945);
#1572=AXIS2_PLACEMENT_3D('',#2397,#1947,#1948);
#1573=AXIS2_PLACEMENT_3D('',#2399,#1950,#1951);
#1574=AXIS2_PLACEMENT_3D('',#2401,#1953,#1954);
#1575=AXIS2_PLACEMENT_3D('',#2403,#1956,#1957);
#1576=AXIS2_PLACEMENT_3D('',#2405,#1959,#1960);
#1577=AXIS2_PLACEMENT_3D('',#2407,#1962,#1963);
#1578=AXIS2_PLACEMENT_3D('',#2408,#1964,#1965);
#1579=AXIS2_PLACEMENT_3D('',#2411,#1968,#1969);
#1580=AXIS2_PLACEMENT_3D('',#2413,#1971,#1972);
#1581=AXIS2_PLACEMENT_3D('',#2415,#1974,#1975);
#1582=AXIS2_PLACEMENT_3D('',#2417,#1977,#1978);
#1583=AXIS2_PLACEMENT_3D('',#2419,#1980,#1981);
#1584=AXIS2_PLACEMENT_3D('',#2421,#1983,#1984);
#1585=AXIS2_PLACEMENT_3D('',#2422,#1985,#1986);
#1586=AXIS2_PLACEMENT_3D('',#2424,#1988,#1989);
#1587=AXIS2_PLACEMENT_3D('',#2426,#1991,#1992);
#1588=AXIS2_PLACEMENT_3D('',#2428,#1994,#1995);
#1589=AXIS2_PLACEMENT_3D('',#2430,#1997,#1998);
#1590=AXIS2_PLACEMENT_3D('',#2432,#2000,#2001);
#1591=DIRECTION('axis',(0.,0.,1.));
#1592=DIRECTION('refdir',(1.,0.,0.));
#1593=DIRECTION('center_axis',(0.,0.,1.));
#1594=DIRECTION('ref_axis',(1.,0.,0.));
#1595=DIRECTION('',(0.,-1.,0.));
#1596=DIRECTION('',(-1.,0.,0.));
#1597=DIRECTION('',(0.,1.,0.));
#1598=DIRECTION('',(-1.,3.61334689079101E-37,0.));
#1599=DIRECTION('',(0.,1.,0.));
#1600=DIRECTION('',(1.,-3.61334689079101E-37,0.));
#1601=DIRECTION('',(0.,1.,0.));
#1602=DIRECTION('',(1.,0.,0.));
#1603=DIRECTION('center_axis',(-4.59976812395658E-16,0.,-1.));
#1604=DIRECTION('ref_axis',(-1.,-7.66015271873017E-32,4.59976812395658E-16));
#1605=DIRECTION('',(0.,-1.,0.));
#1606=DIRECTION('',(-1.,-7.66015271873017E-32,4.59976812395658E-16));
#1607=DIRECTION('',(0.,1.,0.));
#1608=DIRECTION('',(-1.,-7.66015271873017E-32,4.59976812395658E-16));
#1609=DIRECTION('',(0.,1.,0.));
#1610=DIRECTION('',(-1.,-7.66015271873017E-32,4.59976812395658E-16));
#1611=DIRECTION('',(0.,1.,0.));
#1612=DIRECTION('',(-1.,0.,4.59976812395658E-16));
#1613=DIRECTION('center_axis',(-3.61334689079101E-37,-1.,-1.66533453693773E-16));
#1614=DIRECTION('ref_axis',(1.,-3.61334689079101E-37,-6.01743137117085E-53));
#1615=DIRECTION('',(0.,-1.66533453693773E-16,1.));
#1616=DIRECTION('center_axis',(-3.61334689079101E-37,-1.,-1.66533453693773E-16));
#1617=DIRECTION('ref_axis',(-0.0964600108027417,-1.2490009027033E-16,0.995336860724014));
#1618=DIRECTION('center_axis',(0.,-1.,-1.66533453693773E-16));
#1619=DIRECTION('ref_axis',(1.,0.,0.));
#1620=DIRECTION('center_axis',(-3.61334689079101E-37,-1.,-1.66533453693773E-16));
#1621=DIRECTION('ref_axis',(-0.0964600108027418,1.2490009027033E-16,-0.995336860724014));
#1622=DIRECTION('',(0.,-1.66533453693773E-16,1.));
#1623=DIRECTION('center_axis',(-3.61334689079101E-37,-1.,-1.66533453693773E-16));
#1624=DIRECTION('ref_axis',(1.,0.,0.));
#1625=DIRECTION('center_axis',(0.,-1.,-1.66533453693773E-16));
#1626=DIRECTION('ref_axis',(1.,0.,0.));
#1627=DIRECTION('center_axis',(-3.61334689079101E-37,-1.,-1.66533453693773E-16));
#1628=DIRECTION('ref_axis',(0.,0.,-1.));
#1629=DIRECTION('',(1.,0.,0.));
#1630=DIRECTION('center_axis',(-3.61334689079101E-37,-1.,-1.66533453693773E-16));
#1631=DIRECTION('ref_axis',(0.,0.,-1.));
#1632=DIRECTION('center_axis',(0.,-1.,-1.66533453693773E-16));
#1633=DIRECTION('ref_axis',(1.,0.,0.));
#1634=DIRECTION('center_axis',(-3.61334689079101E-37,-1.,-1.66533453693773E-16));
#1635=DIRECTION('ref_axis',(-1.,0.,0.));
#1636=DIRECTION('',(0.,1.66533453693773E-16,-1.));
#1637=DIRECTION('center_axis',(-3.61334689079101E-37,-1.,-1.66533453693773E-16));
#1638=DIRECTION('ref_axis',(0.739879232137219,1.70002900645727E-16,-0.672739713300798));
#1639=DIRECTION('center_axis',(0.,-1.,-1.66533453693773E-16));
#1640=DIRECTION('ref_axis',(1.,0.,0.));
#1641=DIRECTION('',(0.,1.66533453693773E-16,-1.));
#1642=DIRECTION('',(0.,1.66533453693773E-16,-1.));
#1643=DIRECTION('',(-1.,-3.98580620013192E-32,2.3934184064483E-16));
#1644=DIRECTION('',(-0.999924769724535,2.04270026172533E-18,-0.0122660055167145));
#1645=DIRECTION('center_axis',(3.61334689079101E-37,1.,1.66533453693773E-16));
#1646=DIRECTION('ref_axis',(0.0440518173884952,0.,-0.999029247512189));
#1647=DIRECTION('',(-0.0122660055179959,1.66520925336175E-16,-0.999924769724519));
#1648=DIRECTION('',(-1.66846109609711E-15,1.66533453693773E-16,-1.));
#1649=DIRECTION('',(0.0122660055186873,1.66520925336174E-16,-0.999924769724511));
#1650=DIRECTION('center_axis',(3.61334689079101E-37,1.,1.66533453693773E-16));
#1651=DIRECTION('ref_axis',(0.999029247512187,0.,0.0440518173885333));
#1652=DIRECTION('',(0.999924769724518,2.0427002619578E-18,-0.0122660055181103));
#1653=DIRECTION('',(1.,7.10689861407254E-32,-4.26757182410322E-16));
#1654=DIRECTION('',(0.999924769724524,-2.04270026187114E-18,0.01226600551759));
#1655=DIRECTION('center_axis',(3.61334689079101E-37,1.,1.66533453693773E-16));
#1656=DIRECTION('ref_axis',(-0.0440518173884787,0.,0.99902924751219));
#1657=DIRECTION('',(0.0122660055180722,-1.66520925336175E-16,0.999924769724518));
#1658=DIRECTION('',(-2.64696471328223E-15,-1.66533453693773E-16,1.));
#1659=DIRECTION('',(-1.,-3.98580620013192E-32,2.3934184064483E-16));
#1660=DIRECTION('center_axis',(0.,1.,1.66533453693773E-16));
#1661=DIRECTION('ref_axis',(1.,0.,0.));
#1662=DIRECTION('center_axis',(0.,1.,1.66533453693773E-16));
#1663=DIRECTION('ref_axis',(1.,0.,0.));
#1664=DIRECTION('center_axis',(0.,1.,1.66533453693773E-16));
#1665=DIRECTION('ref_axis',(1.,0.,0.));
#1666=DIRECTION('center_axis',(0.,1.,1.66533453693773E-16));
#1667=DIRECTION('ref_axis',(1.,0.,0.));
#1668=DIRECTION('center_axis',(-2.3934184064483E-16,0.,-1.));
#1669=DIRECTION('ref_axis',(-1.,-3.98580620013192E-32,2.3934184064483E-16));
#1670=DIRECTION('',(0.,1.,0.));
#1671=DIRECTION('',(1.,3.98580620013192E-32,-2.3934184064483E-16));
#1672=DIRECTION('',(0.,1.,0.));
#1673=DIRECTION('center_axis',(3.61334689079101E-37,1.,1.66533453693773E-16));
#1674=DIRECTION('ref_axis',(0.,-1.66533453693773E-16,1.));
#1675=DIRECTION('',(0.,1.66533453693773E-16,-1.));
#1676=DIRECTION('',(-0.999924769724535,2.04270026172656E-18,-0.0122660055167218));
#1677=DIRECTION('center_axis',(3.61334689079103E-37,1.,1.66533453693773E-16));
#1678=DIRECTION('ref_axis',(0.0406506485736739,1.66395800599626E-16,-0.999173420768657));
#1679=DIRECTION('',(-0.0122660055180323,1.66520925336175E-16,-0.999924769724519));
#1680=DIRECTION('',(-1.45039980598353E-16,1.66533453693773E-16,-1.));
#1681=DIRECTION('',(0.0122660055180899,1.66520925336175E-16,-0.999924769724518));
#1682=DIRECTION('center_axis',(0.,1.,1.66533453693773E-16));
#1683=DIRECTION('ref_axis',(0.999173420768658,-6.76969290186184E-18,0.0406506485736503));
#1684=DIRECTION('',(0.999924769724518,2.04270026195781E-18,-0.0122660055181104));
#1685=DIRECTION('',(1.,4.73516565609792E-32,-2.84337203791202E-16));
#1686=DIRECTION('',(-1.53034399190783E-32,1.66533453693773E-16,-1.));
#1687=DIRECTION('',(-1.,-7.10689861407254E-32,4.26757182410322E-16));
#1688=DIRECTION('',(-0.999924769724518,-2.0427002619578E-18,0.0122660055181103));
#1689=DIRECTION('center_axis',(-3.61334689079101E-37,-1.,-1.66533453693773E-16));
#1690=DIRECTION('ref_axis',(0.999029247512187,0.,0.0440518173885333));
#1691=DIRECTION('',(-0.0122660055186873,-1.66520925336174E-16,0.999924769724511));
#1692=DIRECTION('',(1.66846109609711E-15,-1.66533453693773E-16,1.));
#1693=DIRECTION('',(0.0122660055179959,-1.66520925336175E-16,0.999924769724519));
#1694=DIRECTION('center_axis',(-3.61334689079101E-37,-1.,-1.66533453693773E-16));
#1695=DIRECTION('ref_axis',(0.0440518173884952,0.,-0.999029247512189));
#1696=DIRECTION('',(0.999924769724535,-2.04270026172533E-18,0.0122660055167145));
#1697=DIRECTION('center_axis',(9.72757048396054E-65,-1.,0.));
#1698=DIRECTION('ref_axis',(-1.,-9.72757048396054E-65,-1.7523633122714E-48));
#1699=DIRECTION('',(-1.,-7.10689861407254E-32,4.26757182410322E-16));
#1700=DIRECTION('',(0.,0.,-1.));
#1701=DIRECTION('',(1.,9.72757048396054E-65,0.));
#1702=DIRECTION('center_axis',(-9.72757048396054E-65,1.,0.));
#1703=DIRECTION('ref_axis',(0.,0.,-1.));
#1704=DIRECTION('',(0.,0.,-1.));
#1705=DIRECTION('center_axis',(-1.,0.,0.));
#1706=DIRECTION('ref_axis',(0.,1.,-5.55111512312578E-17));
#1707=DIRECTION('',(0.,1.,0.));
#1708=DIRECTION('',(0.,-1.66533453693773E-16,1.));
#1709=DIRECTION('',(-2.99545717692682E-17,-1.,0.));
#1710=DIRECTION('',(0.,0.,1.));
#1711=DIRECTION('center_axis',(1.,9.18940884227304E-17,0.));
#1712=DIRECTION('ref_axis',(9.18940884227304E-17,-1.,5.55111512312578E-17));
#1713=DIRECTION('',(9.18940884227304E-17,-1.,-2.61289081470606E-32));
#1714=DIRECTION('',(0.,0.,1.));
#1715=DIRECTION('',(-9.18940884227304E-17,1.,0.));
#1716=DIRECTION('center_axis',(0.,0.,-1.));
#1717=DIRECTION('ref_axis',(-1.,0.,0.));
#1718=DIRECTION('center_axis',(0.,0.,1.));
#1719=DIRECTION('ref_axis',(-1.,0.,0.));
#1720=DIRECTION('',(-2.99545717692682E-17,-1.,0.));
#1721=DIRECTION('',(-1.,3.61334689079101E-37,0.));
#1722=DIRECTION('',(0.,1.,0.));
#1723=DIRECTION('',(-1.,3.61334689079101E-37,0.));
#1724=DIRECTION('',(0.,1.,0.));
#1725=DIRECTION('',(-1.,3.61334689079101E-37,0.));
#1726=DIRECTION('',(-2.99545717692682E-17,1.,0.));
#1727=DIRECTION('',(-2.99545717692682E-17,-1.,0.));
#1728=DIRECTION('center_axis',(0.,0.,-1.));
#1729=DIRECTION('ref_axis',(-1.,0.,0.));
#1730=DIRECTION('center_axis',(-2.84337203791202E-16,0.,-1.));
#1731=DIRECTION('ref_axis',(-1.,0.,0.));
#1732=DIRECTION('center_axis',(-2.99545717692682E-17,-1.,0.));
#1733=DIRECTION('ref_axis',(0.,0.,-1.));
#1734=DIRECTION('',(2.99545717692682E-17,1.,0.));
#1735=DIRECTION('center_axis',(3.61334689079101E-37,1.,1.66533453693773E-16));
#1736=DIRECTION('ref_axis',(0.,0.,-1.));
#1737=DIRECTION('center_axis',(0.,-1.,-2.52117645724675E-16));
#1738=DIRECTION('ref_axis',(-1.,0.,0.));
#1739=DIRECTION('',(0.,1.,2.52117645724675E-16));
#1740=DIRECTION('center_axis',(3.61334689079101E-37,1.,1.66533453693773E-16));
#1741=DIRECTION('ref_axis',(-1.,0.,0.));
#1742=DIRECTION('',(0.,-1.,-2.52117645724675E-16));
#1743=DIRECTION('center_axis',(-1.,0.,0.));
#1744=DIRECTION('ref_axis',(0.,-1.66533453693773E-16,1.));
#1745=DIRECTION('',(0.,-1.66533453693773E-16,1.));
#1746=DIRECTION('',(0.,1.,0.));
#1747=DIRECTION('',(0.,-1.66533453693773E-16,1.));
#1748=DIRECTION('',(0.,1.,0.));
#1749=DIRECTION('',(0.,-1.66533453693773E-16,1.));
#1750=DIRECTION('',(0.,1.,2.52323414687535E-16));
#1751=DIRECTION('center_axis',(-2.99545717692682E-17,1.,0.));
#1752=DIRECTION('ref_axis',(0.,0.,-1.));
#1753=DIRECTION('center_axis',(3.61334689079101E-37,1.,1.66533453693773E-16));
#1754=DIRECTION('ref_axis',(0.,0.,-1.));
#1755=DIRECTION('',(2.99545717692682E-17,-1.,0.));
#1756=DIRECTION('center_axis',(0.,1.,2.52117645724674E-16));
#1757=DIRECTION('ref_axis',(1.,0.,0.));
#1758=DIRECTION('center_axis',(3.61334689079101E-37,1.,1.66533453693773E-16));
#1759=DIRECTION('ref_axis',(1.,0.,0.));
#1760=DIRECTION('',(0.,-1.,-2.52117645724674E-16));
#1761=DIRECTION('',(0.,1.,2.52117645724674E-16));
#1762=DIRECTION('center_axis',(1.,0.,0.));
#1763=DIRECTION('ref_axis',(0.,1.66533453693773E-16,-1.));
#1764=DIRECTION('',(0.,1.66533453693773E-16,-1.));
#1765=DIRECTION('',(0.,-1.,-1.26161707343768E-16));
#1766=DIRECTION('',(0.,1.66533453693773E-16,-1.));
#1767=DIRECTION('',(0.,1.,1.26161707343768E-16));
#1768=DIRECTION('',(0.,-1.,0.));
#1769=DIRECTION('',(0.,-1.66533453693773E-16,1.));
#1770=DIRECTION('',(0.,0.,1.));
#1771=DIRECTION('',(0.,1.66533453693773E-16,-1.));
#1772=DIRECTION('',(0.,1.,0.));
#1773=DIRECTION('center_axis',(0.,-1.,-2.52323414687535E-16));
#1774=DIRECTION('ref_axis',(0.739879232137219,1.70002900645727E-16,-0.672739713300798));
#1775=DIRECTION('center_axis',(3.61334689079101E-37,1.,1.66533453693773E-16));
#1776=DIRECTION('ref_axis',(0.739879232137219,1.70002900645727E-16,-0.672739713300798));
#1777=DIRECTION('',(0.,1.,2.52323414687535E-16));
#1778=DIRECTION('center_axis',(0.,1.,1.26161707343768E-16));
#1779=DIRECTION('ref_axis',(-0.0964600108027418,1.2490009027033E-16,-0.995336860724014));
#1780=DIRECTION('center_axis',(3.61334689079101E-37,1.,1.66533453693773E-16));
#1781=DIRECTION('ref_axis',(-0.0964600108027418,1.2490009027033E-16,-0.995336860724014));
#1782=DIRECTION('',(0.,1.,1.26161707343768E-16));
#1783=DIRECTION('center_axis',(0.,-1.,-1.26161707343768E-16));
#1784=DIRECTION('ref_axis',(-0.0964600108027417,-1.2490009027033E-16,0.995336860724014));
#1785=DIRECTION('center_axis',(3.61334689079101E-37,1.,1.66533453693773E-16));
#1786=DIRECTION('ref_axis',(-0.0964600108027417,-1.2490009027033E-16,0.995336860724014));
#1787=DIRECTION('',(0.,1.,1.26161707343768E-16));
#1788=DIRECTION('center_axis',(0.,1.,0.));
#1789=DIRECTION('ref_axis',(-1.,0.,0.));
#1790=DIRECTION('',(0.,0.,1.));
#1791=DIRECTION('center_axis',(1.,0.,0.));
#1792=DIRECTION('ref_axis',(0.,1.,0.));
#1793=DIRECTION('center_axis',(0.,-1.,-1.66533453693773E-16));
#1794=DIRECTION('ref_axis',(1.,0.,0.));
#1795=DIRECTION('center_axis',(0.,1.,1.66533453693773E-16));
#1796=DIRECTION('ref_axis',(1.,0.,0.));
#1797=DIRECTION('center_axis',(0.,-1.,-1.66533453693773E-16));
#1798=DIRECTION('ref_axis',(1.,0.,0.));
#1799=DIRECTION('center_axis',(0.,1.,1.66533453693773E-16));
#1800=DIRECTION('ref_axis',(1.,0.,0.));
#1801=DIRECTION('center_axis',(0.,-1.,-1.66533453693773E-16));
#1802=DIRECTION('ref_axis',(1.,0.,0.));
#1803=DIRECTION('center_axis',(0.,1.,1.66533453693773E-16));
#1804=DIRECTION('ref_axis',(1.,0.,0.));
#1805=DIRECTION('center_axis',(0.,-1.,-1.66533453693773E-16));
#1806=DIRECTION('ref_axis',(1.,0.,0.));
#1807=DIRECTION('center_axis',(0.,1.,1.66533453693773E-16));
#1808=DIRECTION('ref_axis',(1.,0.,0.));
#1809=DIRECTION('center_axis',(0.012266005516747,0.,-0.999924769724534));
#1810=DIRECTION('ref_axis',(-0.999924769724534,2.04270026173075E-18,-0.012266005516747));
#1811=DIRECTION('',(0.999924769724534,-2.04270026173075E-18,0.012266005516747));
#1812=DIRECTION('',(0.,1.,0.));
#1813=DIRECTION('',(-0.999924769724534,2.04270026173075E-18,-0.012266005516747));
#1814=DIRECTION('center_axis',(-0.0122660055181247,0.,-0.999924769724517));
#1815=DIRECTION('ref_axis',(-0.999924769724517,-2.04270026196019E-18,0.0122660055181247));
#1816=DIRECTION('',(0.999924769724517,2.04270026196019E-18,-0.0122660055181247));
#1817=DIRECTION('',(-0.999924769724517,-2.04270026196019E-18,0.0122660055181247));
#1818=DIRECTION('',(0.,1.,0.));
#1819=DIRECTION('center_axis',(0.,1.,0.));
#1820=DIRECTION('ref_axis',(0.998795455780343,0.,0.0490676829750291));
#1821=DIRECTION('center_axis',(3.61334689079101E-37,1.,1.66533453693773E-16));
#1822=DIRECTION('ref_axis',(0.998795455780343,0.,0.0490676829750291));
#1823=DIRECTION('center_axis',(-3.61334689079101E-37,-1.,-1.66533453693773E-16));
#1824=DIRECTION('ref_axis',(0.998795455780343,0.,0.0490676829750291));
#1825=DIRECTION('',(0.,1.,0.));
#1826=DIRECTION('center_axis',(-0.999924769724534,0.,-0.012266005516747));
#1827=DIRECTION('ref_axis',(-0.012266005516747,-1.66520925336178E-16,0.999924769724534));
#1828=DIRECTION('',(0.012266005516747,1.66520925336178E-16,-0.999924769724534));
#1829=DIRECTION('',(-0.012266005516747,-1.66520925336178E-16,0.999924769724534));
#1830=DIRECTION('center_axis',(-0.999924769724518,0.,0.0122660055180834));
#1831=DIRECTION('ref_axis',(0.0122660055180834,-1.66520925336175E-16,0.999924769724518));
#1832=DIRECTION('',(-0.0122660055180834,1.66520925336175E-16,-0.999924769724518));
#1833=DIRECTION('',(0.0122660055180834,-1.66520925336175E-16,0.999924769724518));
#1834=DIRECTION('',(0.,1.,0.));
#1835=DIRECTION('center_axis',(0.,1.,0.));
#1836=DIRECTION('ref_axis',(0.049067682975029,0.,-0.998795455780343));
#1837=DIRECTION('center_axis',(3.61334689079101E-37,1.,1.66533453693773E-16));
#1838=DIRECTION('ref_axis',(0.049067682975029,0.,-0.998795455780343));
#1839=DIRECTION('center_axis',(-3.61334689079101E-37,-1.,-1.66533453693773E-16));
#1840=DIRECTION('ref_axis',(0.049067682975029,0.,-0.998795455780343));
#1841=DIRECTION('',(0.,1.,0.));
#1842=DIRECTION('center_axis',(-0.0122660055167264,0.,0.999924769724535));
#1843=DIRECTION('ref_axis',(0.999924769724535,-2.04270026172733E-18,0.0122660055167264));
#1844=DIRECTION('',(-0.999924769724535,2.04270026172733E-18,-0.0122660055167264));
#1845=DIRECTION('',(0.999924769724535,-2.04270026172733E-18,0.0122660055167264));
#1846=DIRECTION('center_axis',(0.999924769724518,0.,-0.0122660055181042));
#1847=DIRECTION('ref_axis',(-0.0122660055181042,1.66520925336175E-16,-0.999924769724518));
#1848=DIRECTION('',(0.0122660055181042,-1.66520925336175E-16,0.999924769724518));
#1849=DIRECTION('',(-0.0122660055181042,1.66520925336175E-16,-0.999924769724518));
#1850=DIRECTION('',(0.,1.,0.));
#1851=DIRECTION('center_axis',(0.,1.,0.));
#1852=DIRECTION('ref_axis',(-0.049067682975029,0.,0.998795455780343));
#1853=DIRECTION('center_axis',(3.61334689079101E-37,1.,1.66533453693773E-16));
#1854=DIRECTION('ref_axis',(-0.049067682975029,0.,0.998795455780343));
#1855=DIRECTION('center_axis',(-3.61334689079101E-37,-1.,-1.66533453693773E-16));
#1856=DIRECTION('ref_axis',(-0.049067682975029,0.,0.998795455780343));
#1857=DIRECTION('center_axis',(3.61334689079101E-37,1.,1.66533453693773E-16));
#1858=DIRECTION('ref_axis',(0.,-1.66533453693773E-16,1.));
#1859=DIRECTION('',(2.65346578809046E-15,-1.66533453693773E-16,1.));
#1860=DIRECTION('',(0.0122660055180645,-1.66520925336175E-16,0.999924769724518));
#1861=DIRECTION('center_axis',(0.,1.,1.66533453693773E-16));
#1862=DIRECTION('ref_axis',(-0.0406506485736821,-1.66395800599626E-16,0.999173420768657));
#1863=DIRECTION('',(0.999924769724533,-2.0427002617476E-18,0.0122660055168481));
#1864=DIRECTION('',(1.,4.73516565609792E-32,-2.84337203791202E-16));
#1865=DIRECTION('',(0.999924769724518,2.04270026195781E-18,-0.0122660055181104));
#1866=DIRECTION('center_axis',(0.,1.,1.66533453693773E-16));
#1867=DIRECTION('ref_axis',(0.999173420768658,-6.76969290186184E-18,0.0406506485736503));
#1868=DIRECTION('',(0.0122660055180899,1.66520925336175E-16,-0.999924769724518));
#1869=DIRECTION('',(-1.45039980598353E-16,1.66533453693773E-16,-1.));
#1870=DIRECTION('',(-0.0122660055180323,1.66520925336175E-16,-0.999924769724519));
#1871=DIRECTION('center_axis',(3.61334689079103E-37,1.,1.66533453693773E-16));
#1872=DIRECTION('ref_axis',(0.0406506485736739,1.66395800599626E-16,-0.999173420768657));
#1873=DIRECTION('',(-0.999924769724535,2.04270026172656E-18,-0.0122660055167218));
#1874=DIRECTION('center_axis',(3.61334689079101E-37,1.,1.66533453693773E-16));
#1875=DIRECTION('ref_axis',(0.,-1.66533453693773E-16,1.));
#1876=DIRECTION('center_axis',(-3.61334689079101E-37,-1.,-1.66533453693773E-16));
#1877=DIRECTION('ref_axis',(1.,0.,0.));
#1878=DIRECTION('center_axis',(3.61334689079101E-37,1.,1.66533453693773E-16));
#1879=DIRECTION('ref_axis',(0.,-1.66533453693773E-16,1.));
#1880=DIRECTION('center_axis',(-3.61334689079101E-37,-1.,-1.66533453693773E-16));
#1881=DIRECTION('ref_axis',(1.,0.,0.));
#1882=DIRECTION('center_axis',(3.61334689079101E-37,1.,1.66533453693773E-16));
#1883=DIRECTION('ref_axis',(0.,-1.66533453693773E-16,1.));
#1884=DIRECTION('center_axis',(-3.61334689079101E-37,-1.,-1.66533453693773E-16));
#1885=DIRECTION('ref_axis',(1.,0.,0.));
#1886=DIRECTION('center_axis',(3.61334689079101E-37,1.,1.66533453693773E-16));
#1887=DIRECTION('ref_axis',(0.,-1.66533453693773E-16,1.));
#1888=DIRECTION('',(0.,1.66533453693773E-16,-1.));
#1889=DIRECTION('center_axis',(-3.61334689079101E-37,-1.,-1.66533453693773E-16));
#1890=DIRECTION('ref_axis',(1.,0.,0.));
#1891=DIRECTION('center_axis',(0.,1.,2.52323414687535E-16));
#1892=DIRECTION('ref_axis',(1.,0.,0.));
#1893=DIRECTION('center_axis',(0.,1.,2.52323414687535E-16));
#1894=DIRECTION('ref_axis',(1.,0.,0.));
#1895=DIRECTION('',(0.,-1.,-2.52323414687535E-16));
#1896=DIRECTION('center_axis',(0.,1.,1.26161707343768E-16));
#1897=DIRECTION('ref_axis',(1.,0.,0.));
#1898=DIRECTION('center_axis',(0.,1.,1.26161707343768E-16));
#1899=DIRECTION('ref_axis',(1.,0.,0.));
#1900=DIRECTION('',(0.,-1.,-1.26161707343768E-16));
#1901=DIRECTION('center_axis',(0.,1.,2.52323414687535E-16));
#1902=DIRECTION('ref_axis',(-0.707106781186548,1.78419597577701E-16,-0.707106781186547));
#1903=DIRECTION('center_axis',(0.,1.,2.52323414687535E-16));
#1904=DIRECTION('ref_axis',(1.,0.,0.));
#1905=DIRECTION('',(0.,-1.,-2.52323414687535E-16));
#1906=DIRECTION('center_axis',(0.,1.,2.52323414687535E-16));
#1907=DIRECTION('ref_axis',(-0.707191218947228,-1.78398289409125E-16,0.707022333341694));
#1908=DIRECTION('',(0.,1.,2.52323414687535E-16));
#1909=DIRECTION('center_axis',(0.,1.,2.52323414687535E-16));
#1910=DIRECTION('ref_axis',(1.,0.,0.));
#1911=DIRECTION('',(0.,-1.,-2.52323414687535E-16));
#1912=DIRECTION('center_axis',(-1.,0.,0.));
#1913=DIRECTION('ref_axis',(0.,-1.66533453693773E-16,1.));
#1914=DIRECTION('center_axis',(3.61334689079101E-37,1.,1.66533453693773E-16));
#1915=DIRECTION('ref_axis',(0.,-1.66533453693773E-16,1.));
#1916=DIRECTION('',(1.,3.98580620013192E-32,-2.3934184064483E-16));
#1917=DIRECTION('',(2.64696471328223E-15,1.66533453693773E-16,-1.));
#1918=DIRECTION('',(-0.0122660055180722,1.66520925336175E-16,-0.999924769724518));
#1919=DIRECTION('center_axis',(-3.61334689079101E-37,-1.,-1.66533453693773E-16));
#1920=DIRECTION('ref_axis',(-0.0440518173884787,0.,0.99902924751219));
#1921=DIRECTION('',(-0.999924769724524,2.04270026187114E-18,-0.01226600551759));
#1922=DIRECTION('',(-1.,-7.10689861407254E-32,4.26757182410322E-16));
#1923=DIRECTION('',(1.,4.73516565609792E-32,-2.84337203791202E-16));
#1924=DIRECTION('',(0.999924769724533,-2.0427002617476E-18,0.0122660055168481));
#1925=DIRECTION('center_axis',(0.,1.,1.66533453693773E-16));
#1926=DIRECTION('ref_axis',(-0.0406506485736821,-1.66395800599626E-16,0.999173420768657));
#1927=DIRECTION('',(0.0122660055180645,-1.66520925336175E-16,0.999924769724518));
#1928=DIRECTION('',(2.65346578809046E-15,-1.66533453693773E-16,1.));
#1929=DIRECTION('center_axis',(0.0122660055167218,0.,-0.999924769724535));
#1930=DIRECTION('ref_axis',(-0.999924769724535,2.04270026172656E-18,-0.0122660055167218));
#1931=DIRECTION('',(0.,1.,0.));
#1932=DIRECTION('center_axis',(0.,1.,0.));
#1933=DIRECTION('ref_axis',(0.0406506485736739,0.,-0.999173420768657));
#1934=DIRECTION('',(0.,1.,0.));
#1935=DIRECTION('center_axis',(0.999924769724519,0.,-0.0122660055180323));
#1936=DIRECTION('ref_axis',(-0.0122660055180323,1.66520925336175E-16,-0.999924769724519));
#1937=DIRECTION('',(0.,1.,0.));
#1938=DIRECTION('center_axis',(1.,0.,-1.45039980598353E-16));
#1939=DIRECTION('ref_axis',(-1.45039980598353E-16,1.66533453693773E-16,
-1.));
#1940=DIRECTION('',(0.,1.,0.));
#1941=DIRECTION('center_axis',(0.999924769724518,0.,0.0122660055180899));
#1942=DIRECTION('ref_axis',(0.0122660055180899,1.66520925336175E-16,-0.999924769724518));
#1943=DIRECTION('',(0.,1.,0.));
#1944=DIRECTION('center_axis',(0.,1.,0.));
#1945=DIRECTION('ref_axis',(0.999173420768658,0.,0.0406506485736503));
#1946=DIRECTION('',(0.,1.,0.));
#1947=DIRECTION('center_axis',(0.0122660055181104,0.,0.999924769724518));
#1948=DIRECTION('ref_axis',(0.999924769724518,2.04270026195781E-18,-0.0122660055181104));
#1949=DIRECTION('',(0.,1.,0.));
#1950=DIRECTION('center_axis',(2.84337203791202E-16,0.,1.));
#1951=DIRECTION('ref_axis',(1.,4.73516565609792E-32,-2.84337203791202E-16));
#1952=DIRECTION('',(0.,1.,0.));
#1953=DIRECTION('center_axis',(-0.0122660055168481,0.,0.999924769724533));
#1954=DIRECTION('ref_axis',(0.999924769724533,-2.0427002617476E-18,0.0122660055168481));
#1955=DIRECTION('',(0.,1.,0.));
#1956=DIRECTION('center_axis',(0.,1.,0.));
#1957=DIRECTION('ref_axis',(-0.0406506485736821,0.,0.999173420768657));
#1958=DIRECTION('',(0.,1.,0.));
#1959=DIRECTION('center_axis',(-0.999924769724518,0.,0.0122660055180645));
#1960=DIRECTION('ref_axis',(0.0122660055180645,-1.66520925336175E-16,0.999924769724518));
#1961=DIRECTION('',(0.,1.,0.));
#1962=DIRECTION('center_axis',(-1.,0.,2.65346578809046E-15));
#1963=DIRECTION('ref_axis',(2.65346578809046E-15,-1.66533453693773E-16,
1.));
#1964=DIRECTION('center_axis',(0.0122660055181103,0.,0.999924769724518));
#1965=DIRECTION('ref_axis',(0.999924769724518,2.0427002619578E-18,-0.0122660055181103));
#1966=DIRECTION('',(0.,1.,0.));
#1967=DIRECTION('',(0.,1.,0.));
#1968=DIRECTION('center_axis',(4.26757182410322E-16,0.,1.));
#1969=DIRECTION('ref_axis',(1.,7.10689861407254E-32,-4.26757182410322E-16));
#1970=DIRECTION('',(0.,1.,0.));
#1971=DIRECTION('center_axis',(-0.01226600551759,0.,0.999924769724524));
#1972=DIRECTION('ref_axis',(0.999924769724524,-2.04270026187114E-18,0.01226600551759));
#1973=DIRECTION('',(0.,1.,0.));
#1974=DIRECTION('center_axis',(0.,1.,0.));
#1975=DIRECTION('ref_axis',(-0.0440518173884787,0.,0.99902924751219));
#1976=DIRECTION('',(0.,1.,0.));
#1977=DIRECTION('center_axis',(-0.999924769724518,0.,0.0122660055180722));
#1978=DIRECTION('ref_axis',(0.0122660055180722,-1.66520925336175E-16,0.999924769724518));
#1979=DIRECTION('',(0.,1.,0.));
#1980=DIRECTION('center_axis',(-1.,0.,-2.64696471328223E-15));
#1981=DIRECTION('ref_axis',(-2.64696471328223E-15,-1.66533453693773E-16,
1.));
#1982=DIRECTION('',(0.,1.,0.));
#1983=DIRECTION('center_axis',(-2.3934184064483E-16,0.,-1.));
#1984=DIRECTION('ref_axis',(-1.,-3.98580620013192E-32,2.3934184064483E-16));
#1985=DIRECTION('center_axis',(0.0122660055167145,0.,-0.999924769724535));
#1986=DIRECTION('ref_axis',(-0.999924769724535,2.04270026172533E-18,-0.0122660055167145));
#1987=DIRECTION('',(0.,1.,0.));
#1988=DIRECTION('center_axis',(0.,1.,0.));
#1989=DIRECTION('ref_axis',(0.0440518173884952,0.,-0.999029247512189));
#1990=DIRECTION('',(0.,1.,0.));
#1991=DIRECTION('center_axis',(0.999924769724519,0.,-0.0122660055179959));
#1992=DIRECTION('ref_axis',(-0.0122660055179959,1.66520925336175E-16,-0.999924769724519));
#1993=DIRECTION('',(0.,1.,0.));
#1994=DIRECTION('center_axis',(1.,0.,-1.66846109609711E-15));
#1995=DIRECTION('ref_axis',(-1.66846109609711E-15,1.66533453693773E-16,
-1.));
#1996=DIRECTION('',(0.,1.,0.));
#1997=DIRECTION('center_axis',(0.999924769724511,0.,0.0122660055186873));
#1998=DIRECTION('ref_axis',(0.0122660055186873,1.66520925336174E-16,-0.999924769724511));
#1999=DIRECTION('',(0.,1.,0.));
#2000=DIRECTION('center_axis',(0.,1.,0.));
#2001=DIRECTION('ref_axis',(0.999029247512187,0.,0.0440518173885333));
#2002=CARTESIAN_POINT('',(0.,0.,0.));
#2003=CARTESIAN_POINT('Origin',(-20.,-0.0499999999999815,-39.));
#2004=CARTESIAN_POINT('',(11.0000001639128,12.0000001788139,-39.));
#2005=CARTESIAN_POINT('',(11.0000001639128,-0.0499999999999815,-39.));
#2006=CARTESIAN_POINT('',(11.0000001639128,1.82499995864929,-39.));
#2007=CARTESIAN_POINT('',(13.0721566504229,-0.0499999999999815,-39.));
#2008=CARTESIAN_POINT('',(-20.,-0.0499999999999815,-39.));
#2009=CARTESIAN_POINT('',(13.0721566504229,15.95,-39.));
#2010=CARTESIAN_POINT('',(13.0721566504229,-0.0499999999999815,-39.));
#2011=CARTESIAN_POINT('',(15.6,15.95,-39.));
#2012=CARTESIAN_POINT('',(-10.0000000000001,15.95,-39.));
#2013=CARTESIAN_POINT('',(15.6,17.45,-39.));
#2014=CARTESIAN_POINT('',(15.6,15.95,-39.));
#2015=CARTESIAN_POINT('',(-20.,17.45,-39.));
#2016=CARTESIAN_POINT('',(-10.0000000000001,17.45,-39.));
#2017=CARTESIAN_POINT('',(-20.0000002980232,12.0000001788139,-39.));
#2018=CARTESIAN_POINT('',(-20.,-0.0499999999999815,-39.));
#2019=CARTESIAN_POINT('',(-4.49999991804361,12.0000001788139,-39.));
#2020=CARTESIAN_POINT('Origin',(15.6183997003806,1.95000000000002,-42.));
#2021=CARTESIAN_POINT('',(-20.0000002980232,12.0000001788139,-42.));
#2022=CARTESIAN_POINT('',(-20.0000002980232,1.95000000000002,-42.));
#2023=CARTESIAN_POINT('',(-20.0000002980232,6.97500008940698,-42.));
#2024=CARTESIAN_POINT('',(-23.,1.95000000000002,-42.));
#2025=CARTESIAN_POINT('',(-23.,1.95000000000002,-42.));
#2026=CARTESIAN_POINT('',(-23.,17.45,-42.));
#2027=CARTESIAN_POINT('',(-23.,1.95000000000002,-42.));
#2028=CARTESIAN_POINT('',(15.6183997003806,17.45,-42.));
#2029=CARTESIAN_POINT('',(-23.,17.45,-42.));
#2030=CARTESIAN_POINT('',(15.6183997003806,1.95000000000002,-42.));
#2031=CARTESIAN_POINT('',(15.6183997003806,1.95000000000002,-42.));
#2032=CARTESIAN_POINT('',(11.0000001639128,1.95000000000002,-42.));
#2033=CARTESIAN_POINT('',(-23.,1.95000000000002,-42.));
#2034=CARTESIAN_POINT('',(11.0000001639128,12.0000001788139,-42.));
#2035=CARTESIAN_POINT('',(11.0000001639128,2.82499995864929,-42.));
#2036=CARTESIAN_POINT('',(13.3091999321467,12.0000001788139,-42.));
#2037=CARTESIAN_POINT('Origin',(-8.88178419700125E-14,-0.0499999999999874,
-4.00000000000002));
#2038=CARTESIAN_POINT('',(-20.0000002980232,-0.0499999999999813,-40.5));
#2039=CARTESIAN_POINT('',(-20.,-0.0499999999999843,-22.3749512685332));
#2040=CARTESIAN_POINT('',(-20.,-0.0499999999999925,26.6));
#2041=CARTESIAN_POINT('',(-15.4823000540137,-0.0499999999999851,-17.3982669649132));
#2042=CARTESIAN_POINT('Origin',(-15.,-0.049999999999985,-22.3749512685332));
#2043=CARTESIAN_POINT('',(-15.4823000540137,-0.0499999999999865,-9.40173303508686));
#2044=CARTESIAN_POINT('Origin',(-15.6,-0.0499999999999858,-13.4));
#2045=CARTESIAN_POINT('',(-20.,-0.0499999999999873,-4.42504873146679));
#2046=CARTESIAN_POINT('Origin',(-15.,-0.0499999999999873,-4.42504873146679));
#2047=CARTESIAN_POINT('',(-20.,-0.0499999999999912,19.1541968196842));
#2048=CARTESIAN_POINT('',(-20.,-0.0499999999999925,26.6));
#2049=CARTESIAN_POINT('',(-16.079999944,-0.0499999999999918,22.6289054337927));
#2050=CARTESIAN_POINT('Origin',(-16.5,-0.0499999999999932,19.1541968196842));
#2051=CARTESIAN_POINT('',(-11.6289054337927,-0.0499999999999925,27.079999944));
#2052=CARTESIAN_POINT('Origin',(-15.6,-0.0499999999999925,26.6));
#2053=CARTESIAN_POINT('',(-8.15419681968419,-0.0499999999999932,31.));
#2054=CARTESIAN_POINT('Origin',(-8.15419681968419,-0.0499999999999871,27.5));
#2055=CARTESIAN_POINT('',(8.15419681968419,-0.0499999999999932,31.));
#2056=CARTESIAN_POINT('',(15.6,-0.0499999999999932,31.));
#2057=CARTESIAN_POINT('',(11.6289054337927,-0.0499999999999925,27.079999944));
#2058=CARTESIAN_POINT('Origin',(8.15419681968419,-0.0499999999999871,27.5));
#2059=CARTESIAN_POINT('',(16.079999944,-0.0499999999999918,22.6289054337927));
#2060=CARTESIAN_POINT('Origin',(15.6,-0.0499999999999925,26.6));
#2061=CARTESIAN_POINT('',(20.,-0.0499999999999912,19.1541968196842));
#2062=CARTESIAN_POINT('Origin',(16.5,-0.0499999999999932,19.1541968196842));
#2063=CARTESIAN_POINT('',(20.,-0.0499999999999833,-28.7077177510514));
#2064=CARTESIAN_POINT('',(20.,-0.0499999999999823,-34.6));
#2065=CARTESIAN_POINT('',(18.6993961606861,-0.0499999999999827,-32.0714163175554));
#2066=CARTESIAN_POINT('Origin',(15.,-0.0499999999999811,-28.7077177510514));
#2067=CARTESIAN_POINT('',(13.0721566504229,-0.0499999999999818,-37.7));
#2068=CARTESIAN_POINT('Origin',(15.6,-0.0499999999999823,-34.6));
#2069=CARTESIAN_POINT('',(13.0721566504229,-0.0499999999999818,-37.7));
#2070=CARTESIAN_POINT('',(11.0000001639128,-0.0499999999999813,-40.5));
#2071=CARTESIAN_POINT('',(11.0000001639128,-0.0499999999999842,-23.));
#2072=CARTESIAN_POINT('',(15.6091998501897,-0.0499999999999813,-40.5));
#2073=CARTESIAN_POINT('',(-10.75,-0.0499999999999813,-40.5));
#2074=CARTESIAN_POINT('',(15.8600226095029,-0.0499999999999813,-40.4969231751802));
#2075=CARTESIAN_POINT('',(8.0296119253652,-0.0499999999999813,-40.5929782620806));
#2076=CARTESIAN_POINT('',(21.4969231751797,-0.0499999999999822,-34.8600226095132));
#2077=CARTESIAN_POINT('Origin',(15.600000009467,-0.0499999999999874,-34.600000009467));
#2078=CARTESIAN_POINT('',(21.4999999999998,-0.0499999999999823,-34.6091998502067));
#2079=CARTESIAN_POINT('',(21.6845563819378,-0.0499999999999848,-19.5641635961633));
#2080=CARTESIAN_POINT('',(21.4999999999999,-0.0499999999999925,26.6091998502378));
#2081=CARTESIAN_POINT('',(21.4999999999998,-0.0499999999999848,-19.3045999251034));
#2082=CARTESIAN_POINT('',(21.4969231751802,-0.0499999999999925,26.8600226095031));
#2083=CARTESIAN_POINT('',(21.6860947943585,-0.0499999999999899,11.4387522165332));
#2084=CARTESIAN_POINT('',(15.8600226095133,-0.0499999999999934,32.4969231751797));
#2085=CARTESIAN_POINT('Origin',(15.600000009467,-0.0499999999999874,26.600000009467));
#2086=CARTESIAN_POINT('',(15.609199850192,-0.0499999999999934,32.5));
#2087=CARTESIAN_POINT('',(8.15502330505274,-0.0499999999999935,32.5914398496807));
#2088=CARTESIAN_POINT('',(-15.6091998502078,-0.0499999999999934,32.5));
#2089=CARTESIAN_POINT('',(7.80459992509598,-0.0499999999999934,32.5));
#2090=CARTESIAN_POINT('',(-15.8600226095028,-0.0499999999999934,32.4969231751802));
#2091=CARTESIAN_POINT('',(-8.02961192539052,-0.0499999999999935,32.5929782620872));
#2092=CARTESIAN_POINT('',(-21.4969231751797,-0.0499999999999925,26.8600226095131));
#2093=CARTESIAN_POINT('Origin',(-15.600000009467,-0.0499999999999874,26.600000009467));
#2094=CARTESIAN_POINT('',(-21.5000000000002,-0.0499999999999925,26.6091998501774));
#2095=CARTESIAN_POINT('',(-21.684556381939,-0.04999999999999,11.564163596164));
#2096=CARTESIAN_POINT('',(-21.5,-0.0499999999999813,-40.5));
#2097=CARTESIAN_POINT('',(-21.5000000000001,-0.0499999999999899,11.3045999250887));
#2098=CARTESIAN_POINT('',(-10.75,-0.0499999999999813,-40.5));
#2099=CARTESIAN_POINT('',(13.600000009467,-0.0499999999999823,-34.600000009467));
#2100=CARTESIAN_POINT('Origin',(15.600000009467,-0.0499999999999823,-34.600000009467));
#2101=CARTESIAN_POINT('',(13.600000009467,-0.0499999999999925,26.600000009467));
#2102=CARTESIAN_POINT('Origin',(15.600000009467,-0.0499999999999925,26.600000009467));
#2103=CARTESIAN_POINT('',(-17.6,-0.0499999999999858,-13.4));
#2104=CARTESIAN_POINT('Origin',(-15.6,-0.0499999999999858,-13.4));
#2105=CARTESIAN_POINT('',(-17.600000009467,-0.0499999999999925,26.600000009467));
#2106=CARTESIAN_POINT('Origin',(-15.600000009467,-0.0499999999999925,26.600000009467));
#2107=CARTESIAN_POINT('Origin',(15.6091998501897,-0.0499999999999813,-40.5));
#2108=CARTESIAN_POINT('',(11.0000001639128,1.95000000000002,-40.5));
#2109=CARTESIAN_POINT('',(11.0000001639128,1.82499995864929,-40.5));
#2110=CARTESIAN_POINT('',(15.6091998501897,1.95000000000002,-40.5));
#2111=CARTESIAN_POINT('',(7.80459992509476,1.95000000000002,-40.5));
#2112=CARTESIAN_POINT('',(15.6091998501897,-0.0499999999999813,-40.5));
#2113=CARTESIAN_POINT('Origin',(-1.33226762955019E-13,1.95000000000001,
-4.00000000000001));
#2114=CARTESIAN_POINT('',(11.0000001639128,1.95000000000002,-23.));
#2115=CARTESIAN_POINT('',(15.9009226624395,1.95000000000002,-41.9965343110641));
#2116=CARTESIAN_POINT('',(15.6183997003806,1.95000000000002,-42.));
#2117=CARTESIAN_POINT('',(22.9965343110636,1.95000000000002,-34.9009226624522));
#2118=CARTESIAN_POINT('Origin',(15.600000009467,1.95000000000002,-34.600000009467));
#2119=CARTESIAN_POINT('',(22.9999999999998,1.95000000000002,-34.6183997003989));
#2120=CARTESIAN_POINT('',(22.9965343110636,1.95000000000002,-34.9009226624522));
#2121=CARTESIAN_POINT('',(22.9999999999998,1.95000000000001,26.6183997004286));
#2122=CARTESIAN_POINT('',(22.9999999999998,1.95000000000002,-34.6183997003989));
#2123=CARTESIAN_POINT('',(22.9965343110641,1.95000000000001,26.9009226624394));
#2124=CARTESIAN_POINT('',(22.9999999999998,1.95000000000001,26.6183997004286));
#2125=CARTESIAN_POINT('',(15.9009226624521,1.95000000000001,33.9965343110636));
#2126=CARTESIAN_POINT('Origin',(15.600000009467,1.95000000000001,26.600000009467));
#2127=CARTESIAN_POINT('',(15.6183997003843,1.95000000000001,34.));
#2128=CARTESIAN_POINT('',(15.9009226624521,1.95000000000001,33.9965343110636));
#2129=CARTESIAN_POINT('',(-2.14072777165011,1.95000000000001,34.));
#2130=CARTESIAN_POINT('',(15.6183997003843,1.95000000000001,34.));
#2131=CARTESIAN_POINT('',(-2.14072777165011,1.95000000000001,32.5));
#2132=CARTESIAN_POINT('',(-2.14072777165011,1.95000000000001,16.));
#2133=CARTESIAN_POINT('',(15.609199850192,1.95000000000001,32.5));
#2134=CARTESIAN_POINT('',(-7.80459992510397,1.95000000000001,32.5));
#2135=CARTESIAN_POINT('',(15.8600226095133,1.95000000000001,32.4969231751797));
#2136=CARTESIAN_POINT('',(8.0296119253921,1.95000000000001,32.5929782620909));
#2137=CARTESIAN_POINT('',(21.4969231751802,1.95000000000001,26.8600226095031));
#2138=CARTESIAN_POINT('Origin',(15.600000009467,1.95000000000001,26.600000009467));
#2139=CARTESIAN_POINT('',(21.4999999999999,1.95000000000001,26.6091998502378));
#2140=CARTESIAN_POINT('',(21.6845563819487,1.95000000000001,11.5641635961659));
#2141=CARTESIAN_POINT('',(21.4999999999998,1.95000000000002,-34.6091998502067));
#2142=CARTESIAN_POINT('',(21.4999999999999,1.95000000000001,11.3045999251189));
#2143=CARTESIAN_POINT('',(21.4969231751797,1.95000000000002,-34.8600226095132));
#2144=CARTESIAN_POINT('',(21.6860947943479,1.95000000000002,-19.43875221651));
#2145=CARTESIAN_POINT('',(15.8600226095029,1.95000000000002,-40.4969231751802));
#2146=CARTESIAN_POINT('Origin',(15.600000009467,1.95000000000001,-34.600000009467));
#2147=CARTESIAN_POINT('',(8.15502330502178,1.95000000000002,-40.5914398496707));
#2148=CARTESIAN_POINT('Origin',(-2.14072777165011,1.95000000000001,36.));
#2149=CARTESIAN_POINT('',(-9.64072777165011,1.95000000000001,32.5));
#2150=CARTESIAN_POINT('',(-7.80459992510397,1.95000000000001,32.5));
#2151=CARTESIAN_POINT('',(-2.14072777165011,1.95000000000001,31.));
#2152=CARTESIAN_POINT('',(-2.14072777165011,1.95000000000001,36.));
#2153=CARTESIAN_POINT('',(-8.15419681968419,1.95000000000001,31.));
#2154=CARTESIAN_POINT('',(6.72963611417495,1.95000000000001,31.));
#2155=CARTESIAN_POINT('',(-9.64072777165011,1.95000000000001,30.668631523047));
#2156=CARTESIAN_POINT('Origin',(-8.15419681968419,1.95000000000001,27.5));
#2157=CARTESIAN_POINT('',(-9.64072777165011,1.95000000000001,36.));
#2158=CARTESIAN_POINT('Origin',(-9.64072777165011,1.95000000000001,36.));
#2159=CARTESIAN_POINT('',(-9.64072777165011,1.95000000000001,34.));
#2160=CARTESIAN_POINT('',(-9.64072777165011,7.99077500349054,34.));
#2161=CARTESIAN_POINT('',(-9.64072777165011,1.95000000000001,34.));
#2162=CARTESIAN_POINT('',(-9.64072777165011,1.95000000000001,16.));
#2163=CARTESIAN_POINT('',(-9.64072777165011,7.99077500349054,30.668631523047));
#2164=CARTESIAN_POINT('',(-9.64072777165011,-0.0499999999999925,30.668631523047));
#2165=CARTESIAN_POINT('',(-9.64072777165011,7.99077500349054,36.));
#2166=CARTESIAN_POINT('Origin',(-2.14072777165011,7.99077500349054,36.));
#2167=CARTESIAN_POINT('',(-2.14072777165011,7.99077500349054,34.));
#2168=CARTESIAN_POINT('',(-2.14072777165011,4.97038750174527,34.));
#2169=CARTESIAN_POINT('',(-2.14072777165011,7.99077500349054,31.));
#2170=CARTESIAN_POINT('',(-2.14072777165011,7.99077500349054,36.));
#2171=CARTESIAN_POINT('',(-2.14072777165011,3.97038750174527,31.));
#2172=CARTESIAN_POINT('Origin',(15.6,-0.0499999999999932,31.));
#2173=CARTESIAN_POINT('',(-8.15419681968419,10.9806258139143,31.));
#2174=CARTESIAN_POINT('Origin',(-5.89072777165011,7.99077500349054,31.));
#2175=CARTESIAN_POINT('',(-8.15419681968419,15.95,31.));
#2176=CARTESIAN_POINT('',(-8.15419681968419,-0.0499999999999925,31.));
#2177=CARTESIAN_POINT('',(-15.6,15.95,31.));
#2178=CARTESIAN_POINT('',(7.79999999999994,15.95,31.));
#2179=CARTESIAN_POINT('',(-15.6,17.45,31.));
#2180=CARTESIAN_POINT('',(-15.6,15.95,31.));
#2181=CARTESIAN_POINT('',(15.6,17.45,31.));
#2182=CARTESIAN_POINT('',(7.79999999999994,17.45,31.));
#2183=CARTESIAN_POINT('',(15.6,15.95,31.));
#2184=CARTESIAN_POINT('',(15.6,15.95,31.));
#2185=CARTESIAN_POINT('',(8.15419681968419,15.95,31.));
#2186=CARTESIAN_POINT('',(7.79999999999994,15.95,31.));
#2187=CARTESIAN_POINT('',(8.15419681968419,-0.0499999999999925,31.));
#2188=CARTESIAN_POINT('',(-8.15419681968419,-0.0499999999999925,31.));
#2189=CARTESIAN_POINT('Origin',(-5.89072777165011,7.99077500349054,36.));
#2190=CARTESIAN_POINT('Origin',(-5.89072777165011,7.99077500349054,34.));
#2191=CARTESIAN_POINT('Ctrl Pts',(-8.15419681968419,10.9806258139143,31.));
#2192=CARTESIAN_POINT('Ctrl Pts',(-8.5920360989741,10.6491592225944,31.));
#2193=CARTESIAN_POINT('Ctrl Pts',(-8.96446164097543,10.2109156829875,30.9156349735381));
#2194=CARTESIAN_POINT('Ctrl Pts',(-9.49738119552821,9.18002669909638,30.7449215540001));
#2195=CARTESIAN_POINT('Ctrl Pts',(-9.64072777165011,8.57648287654352,30.668631523047));
#2196=CARTESIAN_POINT('Ctrl Pts',(-9.64072777165011,7.99077500349054,30.668631523047));
#2197=CARTESIAN_POINT('Origin',(-8.15419681968419,-0.0499999999999925,27.5));
#2198=CARTESIAN_POINT('',(-11.6289054337927,15.95,27.079999944));
#2199=CARTESIAN_POINT('',(-11.6289054337927,-0.0499999999999924,27.079999944));
#2200=CARTESIAN_POINT('Origin',(-8.15419681968419,15.95,27.5));
#2201=CARTESIAN_POINT('Origin',(16.5,-0.0499999999999906,19.1541968196842));
#2202=CARTESIAN_POINT('',(16.079999944,15.95,22.6289054337927));
#2203=CARTESIAN_POINT('',(16.079999944,-0.0499999999999915,22.6289054337927));
#2204=CARTESIAN_POINT('',(20.,15.95,19.1541968196842));
#2205=CARTESIAN_POINT('Origin',(16.5,15.95,19.1541968196842));
#2206=CARTESIAN_POINT('',(20.,-0.0499999999999906,19.1541968196842));
#2207=CARTESIAN_POINT('Origin',(20.,-0.0499999999999823,-34.6));
#2208=CARTESIAN_POINT('',(20.,15.95,26.6));
#2209=CARTESIAN_POINT('',(20.,15.95,-19.3));
#2210=CARTESIAN_POINT('',(20.,17.45,26.6));
#2211=CARTESIAN_POINT('',(20.,15.95,26.6));
#2212=CARTESIAN_POINT('',(20.,17.45,-34.6));
#2213=CARTESIAN_POINT('',(20.,17.45,-19.3));
#2214=CARTESIAN_POINT('',(20.,15.95,-34.6));
#2215=CARTESIAN_POINT('',(20.,15.95,-34.6));
#2216=CARTESIAN_POINT('',(20.,15.95,-28.7077177510514));
#2217=CARTESIAN_POINT('',(20.,15.95,-19.3));
#2218=CARTESIAN_POINT('',(20.,-0.0499999999999835,-28.7077177510514));
#2219=CARTESIAN_POINT('Origin',(8.15419681968419,-0.0499999999999925,27.5));
#2220=CARTESIAN_POINT('',(11.6289054337927,15.95,27.079999944));
#2221=CARTESIAN_POINT('Origin',(8.15419681968419,15.95,27.5));
#2222=CARTESIAN_POINT('',(11.6289054337927,-0.0499999999999924,27.079999944));
#2223=CARTESIAN_POINT('Origin',(-16.5,-0.0499999999999906,19.1541968196842));
#2224=CARTESIAN_POINT('',(-20.,15.95,19.1541968196842));
#2225=CARTESIAN_POINT('',(-16.079999944,15.95,22.6289054337927));
#2226=CARTESIAN_POINT('Origin',(-16.5,15.95,19.1541968196842));
#2227=CARTESIAN_POINT('',(-16.079999944,-0.0499999999999915,22.6289054337927));
#2228=CARTESIAN_POINT('',(-20.,-0.0499999999999906,19.1541968196842));
#2229=CARTESIAN_POINT('Origin',(-20.,-0.0499999999999925,26.6));
#2230=CARTESIAN_POINT('',(-20.,15.95,26.6));
#2231=CARTESIAN_POINT('',(-20.,15.95,11.3));
#2232=CARTESIAN_POINT('',(-20.,15.95,-4.42504873146679));
#2233=CARTESIAN_POINT('',(-20.,-0.0499999999999871,-4.42504873146679));
#2234=CARTESIAN_POINT('',(-20.,15.95,-22.3749512685332));
#2235=CARTESIAN_POINT('',(-20.,15.95,11.3));
#2236=CARTESIAN_POINT('',(-20.,-0.0499999999999845,-22.3749512685332));
#2237=CARTESIAN_POINT('',(-20.0000002980232,1.95000000000002,-40.5));
#2238=CARTESIAN_POINT('',(-20.0000002980232,1.82499995864929,-40.5));
#2239=CARTESIAN_POINT('',(-20.0000002980232,1.95000000000002,-21.5));
#2240=CARTESIAN_POINT('',(-20.0000002980232,12.0000001788139,-42.));
#2241=CARTESIAN_POINT('',(-20.,17.45,26.6));
#2242=CARTESIAN_POINT('',(-20.,17.45,11.3));
#2243=CARTESIAN_POINT('',(-20.,15.95,26.6));
#2244=CARTESIAN_POINT('Origin',(15.,-0.0499999999999835,-28.7077177510514));
#2245=CARTESIAN_POINT('',(18.6993961606861,15.95,-32.0714163175554));
#2246=CARTESIAN_POINT('Origin',(15.,15.95,-28.7077177510514));
#2247=CARTESIAN_POINT('',(18.6993961606861,-0.0499999999999827,-32.0714163175554));
#2248=CARTESIAN_POINT('Origin',(-15.,-0.0499999999999871,-4.42504873146679));
#2249=CARTESIAN_POINT('',(-15.4823000540137,15.95,-9.40173303508686));
#2250=CARTESIAN_POINT('Origin',(-15.,15.95,-4.42504873146679));
#2251=CARTESIAN_POINT('',(-15.4823000540137,-0.0499999999999865,-9.40173303508686));
#2252=CARTESIAN_POINT('Origin',(-15.,-0.0499999999999845,-22.3749512685332));
#2253=CARTESIAN_POINT('',(-15.4823000540137,15.95,-17.3982669649132));
#2254=CARTESIAN_POINT('Origin',(-15.,15.95,-22.3749512685332));
#2255=CARTESIAN_POINT('',(-15.4823000540137,-0.0499999999999851,-17.3982669649132));
#2256=CARTESIAN_POINT('Origin',(11.0000001639128,12.0000001788139,-42.));
#2257=CARTESIAN_POINT('',(11.0000001639128,12.0000001788139,-42.));
#2258=CARTESIAN_POINT('Origin',(11.0000001639128,3.69999991729856,-42.));
#2259=CARTESIAN_POINT('Origin',(15.600000009467,6.75000000000001,26.600000009467));
#2260=CARTESIAN_POINT('',(13.600000009467,6.75000000000001,26.600000009467));
#2261=CARTESIAN_POINT('Origin',(15.600000009467,6.75000000000001,26.600000009467));
#2262=CARTESIAN_POINT('Origin',(15.600000009467,6.75000000000002,-34.600000009467));
#2263=CARTESIAN_POINT('',(13.600000009467,6.75000000000002,-34.600000009467));
#2264=CARTESIAN_POINT('Origin',(15.600000009467,6.75000000000002,-34.600000009467));
#2265=CARTESIAN_POINT('Origin',(-15.600000009467,6.75000000000001,26.600000009467));
#2266=CARTESIAN_POINT('',(-17.600000009467,6.75000000000001,26.600000009467));
#2267=CARTESIAN_POINT('Origin',(-15.600000009467,6.75000000000001,26.600000009467));
#2268=CARTESIAN_POINT('Origin',(-15.6,6.75000000000002,-13.4));
#2269=CARTESIAN_POINT('',(-17.6,6.75000000000002,-13.4));
#2270=CARTESIAN_POINT('Origin',(-15.6,6.75000000000002,-13.4));
#2271=CARTESIAN_POINT('Origin',(-15.6,15.95,31.));
#2272=CARTESIAN_POINT('',(-15.816028,15.95,30.99735));
#2273=CARTESIAN_POINT('',(-8.01581249613352,15.95,31.0930346847874));
#2274=CARTESIAN_POINT('',(-15.816028,17.45,30.99735));
#2275=CARTESIAN_POINT('',(-15.816028,15.95,30.99735));
#2276=CARTESIAN_POINT('',(-8.01581249613352,17.45,31.0930346847874));
#2277=CARTESIAN_POINT('Origin',(15.816028,15.95,30.9973499999997));
#2278=CARTESIAN_POINT('',(15.816028,15.95,30.9973499999997));
#2279=CARTESIAN_POINT('',(8.12382649615776,15.95,31.0917096847975));
#2280=CARTESIAN_POINT('',(15.816028,17.45,30.9973499999997));
#2281=CARTESIAN_POINT('',(8.12382649615776,17.45,31.0917096847975));
#2282=CARTESIAN_POINT('',(15.816028,15.95,30.9973499999997));
#2283=CARTESIAN_POINT('Origin',(15.600000009467,15.95,26.600000009467));
#2284=CARTESIAN_POINT('',(19.99735,15.95,26.816028));
#2285=CARTESIAN_POINT('Origin',(15.600000009467,15.95,26.600000009467));
#2286=CARTESIAN_POINT('',(19.99735,17.45,26.816028));
#2287=CARTESIAN_POINT('Origin',(15.600000009467,17.45,26.600000009467));
#2288=CARTESIAN_POINT('',(19.99735,15.95,26.816028));
#2289=CARTESIAN_POINT('Origin',(20.,15.95,26.6));
#2290=CARTESIAN_POINT('',(20.1861512170358,15.95,11.4249527872552));
#2291=CARTESIAN_POINT('',(20.1861512170358,17.45,11.4249527872552));
#2292=CARTESIAN_POINT('Origin',(19.9973499999997,15.95,-34.816028));
#2293=CARTESIAN_POINT('',(19.9973499999997,15.95,-34.816028));
#2294=CARTESIAN_POINT('',(20.1848262170557,15.95,-19.5329667872691));
#2295=CARTESIAN_POINT('',(19.9973499999997,17.45,-34.816028));
#2296=CARTESIAN_POINT('',(20.1848262170557,17.45,-19.5329667872691));
#2297=CARTESIAN_POINT('',(19.9973499999997,15.95,-34.816028));
#2298=CARTESIAN_POINT('Origin',(15.600000009467,15.95,-34.600000009467));
#2299=CARTESIAN_POINT('',(15.816028,15.95,-38.99735));
#2300=CARTESIAN_POINT('Origin',(15.600000009467,15.95,-34.600000009467));
#2301=CARTESIAN_POINT('',(15.816028,17.45,-38.99735));
#2302=CARTESIAN_POINT('Origin',(15.600000009467,17.45,-34.600000009467));
#2303=CARTESIAN_POINT('',(15.816028,15.95,-38.99735));
#2304=CARTESIAN_POINT('Origin',(15.6,15.95,-39.));
#2305=CARTESIAN_POINT('',(8.01581249613303,15.95,-39.0930346847873));
#2306=CARTESIAN_POINT('',(8.01581249613303,17.45,-39.0930346847873));
#2307=CARTESIAN_POINT('Origin',(-19.9973499999997,15.95,26.816028));
#2308=CARTESIAN_POINT('',(-19.9973499999997,15.95,26.816028));
#2309=CARTESIAN_POINT('',(-20.184826217056,15.95,11.5329667872693));
#2310=CARTESIAN_POINT('',(-19.9973499999997,17.45,26.816028));
#2311=CARTESIAN_POINT('',(-20.184826217056,17.45,11.5329667872693));
#2312=CARTESIAN_POINT('',(-19.9973499999997,15.95,26.816028));
#2313=CARTESIAN_POINT('Origin',(-15.600000009467,15.95,26.600000009467));
#2314=CARTESIAN_POINT('Origin',(-15.600000009467,15.95,26.600000009467));
#2315=CARTESIAN_POINT('Origin',(-15.600000009467,17.45,26.600000009467));
#2316=CARTESIAN_POINT('Origin',(-1.33226762955019E-13,17.45,-4.00000000000001));
#2317=CARTESIAN_POINT('',(-22.9999999999998,17.45,26.618399700399));
#2318=CARTESIAN_POINT('',(-22.9999999999998,17.45,26.618399700399));
#2319=CARTESIAN_POINT('',(-22.9965343110636,17.45,26.9009226624523));
#2320=CARTESIAN_POINT('',(-22.9965343110636,17.45,26.9009226624523));
#2321=CARTESIAN_POINT('',(-15.9009226624396,17.45,33.9965343110641));
#2322=CARTESIAN_POINT('Origin',(-15.600000009467,17.45,26.600000009467));
#2323=CARTESIAN_POINT('',(-15.6183997003843,17.45,34.));
#2324=CARTESIAN_POINT('',(-15.6183997003843,17.45,34.));
#2325=CARTESIAN_POINT('',(15.6183997003843,17.45,34.));
#2326=CARTESIAN_POINT('',(15.6183997003843,17.45,34.));
#2327=CARTESIAN_POINT('',(15.9009226624521,17.45,33.9965343110636));
#2328=CARTESIAN_POINT('',(15.9009226624521,17.45,33.9965343110636));
#2329=CARTESIAN_POINT('',(22.9965343110641,17.45,26.9009226624394));
#2330=CARTESIAN_POINT('Origin',(15.600000009467,17.45,26.600000009467));
#2331=CARTESIAN_POINT('',(22.9999999999998,17.45,26.6183997004286));
#2332=CARTESIAN_POINT('',(22.9999999999998,17.45,26.6183997004286));
#2333=CARTESIAN_POINT('',(22.9999999999998,17.45,-34.6183997003989));
#2334=CARTESIAN_POINT('',(22.9999999999998,17.45,-34.6183997003989));
#2335=CARTESIAN_POINT('',(22.9965343110636,17.45,-34.9009226624522));
#2336=CARTESIAN_POINT('',(22.9965343110636,17.45,-34.9009226624522));
#2337=CARTESIAN_POINT('',(15.9009226624395,17.45,-41.9965343110641));
#2338=CARTESIAN_POINT('Origin',(15.600000009467,17.45,-34.600000009467));
#2339=CARTESIAN_POINT('',(15.6183997003806,17.45,-42.));
#2340=CARTESIAN_POINT('Origin',(-1.33226762955019E-13,15.95,-4.00000000000001));
#2341=CARTESIAN_POINT('Origin',(-15.6,15.95,-13.4));
#2342=CARTESIAN_POINT('Origin',(-1.33226762955019E-13,15.95,-4.00000000000001));
#2343=CARTESIAN_POINT('Origin',(-15.6,15.95,26.6));
#2344=CARTESIAN_POINT('Origin',(-1.33226762955019E-13,15.95,-4.00000000000001));
#2345=CARTESIAN_POINT('Origin',(15.6,15.95,26.6));
#2346=CARTESIAN_POINT('Origin',(-1.33226762955019E-13,15.95,-4.00000000000001));
#2347=CARTESIAN_POINT('',(13.0721566504229,15.95,-37.7));
#2348=CARTESIAN_POINT('',(13.0721566504229,15.95,-21.5));
#2349=CARTESIAN_POINT('Origin',(15.6,15.95,-34.6));
#2350=CARTESIAN_POINT('Origin',(-15.6,-0.0499999999999925,26.6));
#2351=CARTESIAN_POINT('Origin',(-15.600000009467,-0.0499999999999925,26.600000009467));
#2352=CARTESIAN_POINT('',(-17.600000009467,-0.0499999999999925,26.600000009467));
#2353=CARTESIAN_POINT('Origin',(-15.6,-0.0499999999999858,-13.4));
#2354=CARTESIAN_POINT('Origin',(-15.6,-0.0499999999999858,-13.4));
#2355=CARTESIAN_POINT('',(-17.6,-0.0499999999999858,-13.4));
#2356=CARTESIAN_POINT('Origin',(15.6,-0.0499999999999925,26.6));
#2357=CARTESIAN_POINT('Origin',(15.600000009467,-0.0499999999999925,26.600000009467));
#2358=CARTESIAN_POINT('',(13.600000009467,-0.0499999999999925,26.600000009467));
#2359=CARTESIAN_POINT('Origin',(15.6,-0.0499999999999823,-34.6));
#2360=CARTESIAN_POINT('',(13.0721566504229,-0.0499999999999818,-37.7));
#2361=CARTESIAN_POINT('Origin',(15.600000009467,-0.0499999999999823,-34.600000009467));
#2362=CARTESIAN_POINT('',(13.600000009467,-0.0499999999999823,-34.600000009467));
#2363=CARTESIAN_POINT('Origin',(13.0721566504229,-0.0499999999999815,-39.));
#2364=CARTESIAN_POINT('Origin',(-1.33226762955019E-13,1.95000000000001,
-4.00000000000001));
#2365=CARTESIAN_POINT('',(-21.5,1.95000000000002,-40.5));
#2366=CARTESIAN_POINT('',(7.80459992509476,1.95000000000002,-40.5));
#2367=CARTESIAN_POINT('',(-21.5000000000002,1.95000000000001,26.6091998501774));
#2368=CARTESIAN_POINT('',(-21.5000000000001,1.95000000000002,-22.2500000000001));
#2369=CARTESIAN_POINT('',(-21.4969231751797,1.95000000000001,26.8600226095131));
#2370=CARTESIAN_POINT('',(-21.6860947943492,1.95000000000001,11.4387522164962));
#2371=CARTESIAN_POINT('',(-15.8600226095028,1.95000000000001,32.4969231751802));
#2372=CARTESIAN_POINT('Origin',(-15.600000009467,1.95000000000001,26.600000009467));
#2373=CARTESIAN_POINT('',(-15.6091998502078,1.95000000000001,32.5));
#2374=CARTESIAN_POINT('',(-8.15502330503801,1.95000000000001,32.5914398496772));
#2375=CARTESIAN_POINT('',(-7.80459992510397,1.95000000000001,32.5));
#2376=CARTESIAN_POINT('',(-15.6183997003843,1.95000000000001,34.));
#2377=CARTESIAN_POINT('',(15.6183997003843,1.95000000000001,34.));
#2378=CARTESIAN_POINT('',(-15.9009226624396,1.95000000000001,33.9965343110641));
#2379=CARTESIAN_POINT('',(-15.6183997003843,1.95000000000001,34.));
#2380=CARTESIAN_POINT('',(-22.9965343110636,1.95000000000001,26.9009226624523));
#2381=CARTESIAN_POINT('Origin',(-15.600000009467,1.95000000000001,26.600000009467));
#2382=CARTESIAN_POINT('',(-22.9999999999998,1.95000000000001,26.618399700399));
#2383=CARTESIAN_POINT('',(-22.9965343110636,1.95000000000001,26.9009226624523));
#2384=CARTESIAN_POINT('',(-22.9999999999998,1.95000000000001,26.618399700399));
#2385=CARTESIAN_POINT('Origin',(15.9009226624395,1.95000000000002,-41.9965343110641));
#2386=CARTESIAN_POINT('',(15.9009226624395,1.95000000000002,-41.9965343110641));
#2387=CARTESIAN_POINT('Origin',(15.600000009467,1.95000000000002,-34.600000009467));
#2388=CARTESIAN_POINT('',(22.9965343110636,1.95000000000002,-34.9009226624522));
#2389=CARTESIAN_POINT('Origin',(22.9999999999998,1.95000000000002,-34.6183997003989));
#2390=CARTESIAN_POINT('',(22.9999999999998,1.95000000000002,-34.6183997003989));
#2391=CARTESIAN_POINT('Origin',(22.9999999999998,1.95000000000001,26.6183997004286));
#2392=CARTESIAN_POINT('',(22.9999999999998,1.95000000000001,26.6183997004286));
#2393=CARTESIAN_POINT('Origin',(22.9965343110641,1.95000000000001,26.9009226624394));
#2394=CARTESIAN_POINT('',(22.9965343110641,1.95000000000001,26.9009226624394));
#2395=CARTESIAN_POINT('Origin',(15.600000009467,1.95000000000001,26.600000009467));
#2396=CARTESIAN_POINT('',(15.9009226624521,1.95000000000001,33.9965343110636));
#2397=CARTESIAN_POINT('Origin',(15.6183997003843,1.95000000000001,34.));
#2398=CARTESIAN_POINT('',(15.6183997003843,1.95000000000001,34.));
#2399=CARTESIAN_POINT('Origin',(-15.6183997003843,1.95000000000001,34.));
#2400=CARTESIAN_POINT('',(-15.6183997003843,1.95000000000001,34.));
#2401=CARTESIAN_POINT('Origin',(-15.9009226624396,1.95000000000001,33.9965343110641));
#2402=CARTESIAN_POINT('',(-15.9009226624396,1.95000000000001,33.9965343110641));
#2403=CARTESIAN_POINT('Origin',(-15.600000009467,1.95000000000001,26.600000009467));
#2404=CARTESIAN_POINT('',(-22.9965343110636,1.95000000000001,26.9009226624523));
#2405=CARTESIAN_POINT('Origin',(-22.9999999999998,1.95000000000001,26.618399700399));
#2406=CARTESIAN_POINT('',(-22.9999999999998,1.95000000000001,26.618399700399));
#2407=CARTESIAN_POINT('Origin',(-23.,1.95000000000002,-42.));
#2408=CARTESIAN_POINT('Origin',(15.609199850192,-0.0499999999999934,32.5));
#2409=CARTESIAN_POINT('',(15.609199850192,-0.0499999999999934,32.5));
#2410=CARTESIAN_POINT('',(15.8600226095133,-0.0499999999999934,32.4969231751797));
#2411=CARTESIAN_POINT('Origin',(-15.6091998502078,-0.0499999999999934,32.5));
#2412=CARTESIAN_POINT('',(-15.6091998502078,-0.0499999999999934,32.5));
#2413=CARTESIAN_POINT('Origin',(-15.8600226095028,-0.0499999999999934,32.4969231751802));
#2414=CARTESIAN_POINT('',(-15.8600226095028,-0.0499999999999934,32.4969231751802));
#2415=CARTESIAN_POINT('Origin',(-15.600000009467,-0.0499999999999874,26.600000009467));
#2416=CARTESIAN_POINT('',(-21.4969231751797,-0.0499999999999925,26.8600226095131));
#2417=CARTESIAN_POINT('Origin',(-21.5000000000002,-0.0499999999999925,26.6091998501774));
#2418=CARTESIAN_POINT('',(-21.5000000000002,-0.0499999999999925,26.6091998501774));
#2419=CARTESIAN_POINT('Origin',(-21.5,-0.0499999999999813,-40.5));
#2420=CARTESIAN_POINT('',(-21.5,-0.0499999999999813,-40.5));
#2421=CARTESIAN_POINT('Origin',(15.6091998501897,-0.0499999999999813,-40.5));
#2422=CARTESIAN_POINT('Origin',(15.8600226095029,-0.0499999999999813,-40.4969231751802));
#2423=CARTESIAN_POINT('',(15.8600226095029,-0.0499999999999813,-40.4969231751802));
#2424=CARTESIAN_POINT('Origin',(15.600000009467,-0.0499999999999874,-34.600000009467));
#2425=CARTESIAN_POINT('',(21.4969231751797,-0.0499999999999822,-34.8600226095132));
#2426=CARTESIAN_POINT('Origin',(21.4999999999998,-0.0499999999999823,-34.6091998502067));
#2427=CARTESIAN_POINT('',(21.4999999999998,-0.0499999999999823,-34.6091998502067));
#2428=CARTESIAN_POINT('Origin',(21.4999999999999,-0.0499999999999925,26.6091998502378));
#2429=CARTESIAN_POINT('',(21.4999999999999,-0.0499999999999925,26.6091998502378));
#2430=CARTESIAN_POINT('Origin',(21.4969231751802,-0.0499999999999925,26.8600226095031));
#2431=CARTESIAN_POINT('',(21.4969231751802,-0.0499999999999925,26.8600226095031));
#2432=CARTESIAN_POINT('Origin',(15.600000009467,-0.0499999999999874,26.600000009467));
#2433=UNCERTAINTY_MEASURE_WITH_UNIT(LENGTH_MEASURE(0.01),#2437,
'DISTANCE_ACCURACY_VALUE',
'Maximum model space distance between geometric entities at asserted c
onnectivities');
#2434=UNCERTAINTY_MEASURE_WITH_UNIT(LENGTH_MEASURE(0.01),#2437,
'DISTANCE_ACCURACY_VALUE',
'Maximum model space distance between geometric entities at asserted c
onnectivities');
#2435=(
GEOMETRIC_REPRESENTATION_CONTEXT(3)
GLOBAL_UNCERTAINTY_ASSIGNED_CONTEXT((#2433))
GLOBAL_UNIT_ASSIGNED_CONTEXT((#2437,#2438,#2439))
REPRESENTATION_CONTEXT('','3D')
);
#2436=(
GEOMETRIC_REPRESENTATION_CONTEXT(3)
GLOBAL_UNCERTAINTY_ASSIGNED_CONTEXT((#2434))
GLOBAL_UNIT_ASSIGNED_CONTEXT((#2437,#2438,#2439))
REPRESENTATION_CONTEXT('','3D')
);
#2437=(
LENGTH_UNIT()
NAMED_UNIT(*)
SI_UNIT(.MILLI.,.METRE.)
);
#2438=(
NAMED_UNIT(*)
PLANE_ANGLE_UNIT()
SI_UNIT($,.RADIAN.)
);
#2439=(
NAMED_UNIT(*)
SI_UNIT($,.STERADIAN.)
SOLID_ANGLE_UNIT()
);
#2440=SHAPE_DEFINITION_REPRESENTATION(#2441,#2442);
#2441=PRODUCT_DEFINITION_SHAPE('',$,#2444);
#2442=SHAPE_REPRESENTATION('',(#1465),#2435);
#2443=PRODUCT_DEFINITION_CONTEXT('part definition',#2448,'design');
#2444=PRODUCT_DEFINITION('2026-06-14-12-09-22-851','daughter_casing_3',
#2445,#2443);
#2445=PRODUCT_DEFINITION_FORMATION('',$,#2450);
#2446=PRODUCT_RELATED_PRODUCT_CATEGORY('daughter_casing_3',
'daughter_casing_3',(#2450));
#2447=APPLICATION_PROTOCOL_DEFINITION('international standard',
'automotive_design',2009,#2448);
#2448=APPLICATION_CONTEXT(
'Core Data for Automotive Mechanical Design Process');
#2449=PRODUCT_CONTEXT('part definition',#2448,'mechanical');
#2450=PRODUCT('2026-06-14-12-09-22-851','daughter_casing_3',$,(#2449));
#2451=PRESENTATION_STYLE_ASSIGNMENT((#2453));
#2452=PRESENTATION_STYLE_ASSIGNMENT((#2454));
#2453=SURFACE_STYLE_USAGE(.BOTH.,#2455);
#2454=SURFACE_STYLE_USAGE(.BOTH.,#2456);
#2455=SURFACE_SIDE_STYLE('',(#2457));
#2456=SURFACE_SIDE_STYLE('',(#2458));
#2457=SURFACE_STYLE_FILL_AREA(#2459);
#2458=SURFACE_STYLE_FILL_AREA(#2460);
#2459=FILL_AREA_STYLE('Steel - Satin',(#2461));
#2460=FILL_AREA_STYLE('ABS (White)',(#2462));
#2461=FILL_AREA_STYLE_COLOUR('Steel - Satin',#2463);
#2462=FILL_AREA_STYLE_COLOUR('ABS (White)',#2464);
#2463=COLOUR_RGB('Steel - Satin',0.627450980392157,0.627450980392157,0.627450980392157);
#2464=COLOUR_RGB('ABS (White)',0.933333333333333,0.133333333333333,0.133333333333333);
ENDSEC;
END-ISO-10303-21;
