ISO-10303-21;
HEADER;
/* Generated by software containing ST-Developer
 * from STEP Tools, Inc. (www.steptools.com) 
 */

FILE_DESCRIPTION(
/* description */ (''),
/* implementation_level */ '2;1');

FILE_NAME(
/* name */ 'Bottom Cone.step',
/* time_stamp */ '2026-07-12T12:45:21+02:00',
/* author */ (''),
/* organization */ (''),
/* preprocessor_version */ 'ST-DEVELOPER v20.1',
/* originating_system */ 'Autodesk Translation Framework v15.8.0.0',
/* authorisation */ '');

FILE_SCHEMA (('AUTOMOTIVE_DESIGN { 1 0 10303 214 3 1 1 }'));
ENDSEC;

DATA;
#10=MECHANICAL_DESIGN_GEOMETRIC_PRESENTATION_REPRESENTATION('',(#13),#2018);
#11=SHAPE_REPRESENTATION_RELATIONSHIP('SRR','None',#2025,#12);
#12=ADVANCED_BREP_SHAPE_REPRESENTATION('',(#14),#2017);
#13=STYLED_ITEM('',(#2035),#14);
#14=MANIFOLD_SOLID_BREP('Bottom Cone',#981);
#15=CONICAL_SURFACE('',#1086,32.373,0.244978663126864);
#16=FACE_BOUND('',#162,.T.);
#17=FACE_BOUND('',#164,.T.);
#18=FACE_BOUND('',#183,.T.);
#19=FACE_BOUND('',#184,.T.);
#20=FACE_BOUND('',#185,.T.);
#21=FACE_BOUND('',#193,.T.);
#22=FACE_BOUND('',#194,.T.);
#23=FACE_BOUND('',#195,.T.);
#24=FACE_BOUND('',#207,.T.);
#25=FACE_BOUND('',#208,.T.);
#26=FACE_BOUND('',#209,.T.);
#27=FACE_BOUND('',#210,.T.);
#28=FACE_BOUND('',#211,.T.);
#29=FACE_BOUND('',#212,.T.);
#30=FACE_BOUND('',#213,.T.);
#31=TOROIDAL_SURFACE('',#1028,19.0922235935956,1.);
#32=TOROIDAL_SURFACE('',#1038,63.873,1.);
#33=TOROIDAL_SURFACE('',#1048,45.6537764064044,1.);
#34=TOROIDAL_SURFACE('',#1057,63.873,1.);
#35=TOROIDAL_SURFACE('',#1067,45.6537764064044,1.);
#36=SPHERICAL_SURFACE('',#999,1.);
#37=SPHERICAL_SURFACE('',#1003,0.999999999999996);
#38=SPHERICAL_SURFACE('',#1010,1.);
#39=SPHERICAL_SURFACE('',#1015,0.999999999999996);
#40=SPHERICAL_SURFACE('',#1045,0.999999999999995);
#41=SPHERICAL_SURFACE('',#1062,1.);
#42=PLANE('',#998);
#43=PLANE('',#1032);
#44=PLANE('',#1033);
#45=PLANE('',#1035);
#46=PLANE('',#1036);
#47=PLANE('',#1044);
#48=PLANE('',#1074);
#49=PLANE('',#1075);
#50=PLANE('',#1081);
#51=PLANE('',#1082);
#52=PLANE('',#1083);
#53=PLANE('',#1084);
#54=PLANE('',#1085);
#55=PLANE('',#1087);
#56=PLANE('',#1113);
#57=B_SPLINE_CURVE_WITH_KNOTS('',3,(#1452,#1453,#1454,#1455,#1456,#1457,
#1458,#1459,#1460,#1461),.UNSPECIFIED.,.F.,.F.,(4,2,2,2,4),(0.,0.0537404169180764,
0.117993956607463,0.209661067622753,0.210487186946924),.UNSPECIFIED.);
#58=B_SPLINE_CURVE_WITH_KNOTS('',3,(#1462,#1463,#1464,#1465,#1466,#1467),
 .UNSPECIFIED.,.F.,.F.,(4,1,1,4),(-2.90982533320004,-2.77136525116973,-2.67905852981619,
-2.58675180846265),.UNSPECIFIED.);
#59=B_SPLINE_CURVE_WITH_KNOTS('',3,(#1468,#1469,#1470,#1471,#1472),
 .UNSPECIFIED.,.F.,.F.,(4,1,4),(2.58675180846265,2.67905852981619,2.69197261449816),
 .UNSPECIFIED.);
#60=B_SPLINE_CURVE_WITH_KNOTS('',3,(#1477,#1478,#1479,#1480,#1481,#1482,
#1483,#1484,#1485),.UNSPECIFIED.,.F.,.F.,(4,1,1,1,1,1,4),(-11.3722692924662,
-11.0896860570189,-10.7087861698142,-9.94698639540467,-8.42338684658568,
-5.37618774894769,-0.805389102490717),.UNSPECIFIED.);
#61=B_SPLINE_CURVE_WITH_KNOTS('',3,(#1573,#1574,#1575,#1576),
 .UNSPECIFIED.,.F.,.F.,(4,4),(-0.109210272412686,0.),.UNSPECIFIED.);
#62=B_SPLINE_CURVE_WITH_KNOTS('',3,(#1577,#1578,#1579,#1580),
 .UNSPECIFIED.,.F.,.F.,(4,4),(0.,0.109210272412686),.UNSPECIFIED.);
#63=B_SPLINE_CURVE_WITH_KNOTS('',3,(#1607,#1608,#1609,#1610),
 .UNSPECIFIED.,.F.,.F.,(4,4),(-0.109210272412397,-3.54456868829209E-11),
 .UNSPECIFIED.);
#64=B_SPLINE_CURVE_WITH_KNOTS('',3,(#1611,#1612,#1613,#1614),
 .UNSPECIFIED.,.F.,.F.,(4,4),(3.54456868829209E-11,0.109210272412397),
 .UNSPECIFIED.);
#65=B_SPLINE_CURVE_WITH_KNOTS('',3,(#1619,#1620,#1621,#1622,#1623,#1624,
#1625,#1626,#1627),.UNSPECIFIED.,.F.,.F.,(4,1,1,1,1,1,4),(-10.8200510989304,
-6.24925245248803,-3.20205335485979,-1.67845380604567,-0.916654031638611,
-0.535754144435081,-0.253170908721605),.UNSPECIFIED.);
#66=B_SPLINE_CURVE_WITH_KNOTS('',3,(#1631,#1632,#1633,#1634,#1635,#1636),
 .UNSPECIFIED.,.F.,.F.,(4,1,1,4),(-0.323072011983455,-0.230765722845325,
-0.138459433707195,0.),.UNSPECIFIED.);
#67=B_SPLINE_CURVE_WITH_KNOTS('',3,(#1686,#1687,#1688,#1689,#1690,#1691,
#1692,#1693,#1694),.UNSPECIFIED.,.F.,.F.,(4,1,1,1,1,1,4),(0.154854257231551,
0.535754144435081,0.916654031638611,1.67845380604567,3.20205335485979,6.24925245248803,
10.8200510989304),.UNSPECIFIED.);
#68=B_SPLINE_CURVE_WITH_KNOTS('',3,(#1719,#1720,#1721,#1722),
 .UNSPECIFIED.,.F.,.F.,(4,4),(0.431970826048827,0.464633533209373),
 .UNSPECIFIED.);
#69=B_SPLINE_CURVE_WITH_KNOTS('',3,(#1771,#1772,#1773,#1774,#1775,#1776),
 .UNSPECIFIED.,.F.,.F.,(4,1,1,4),(0.,0.138459433707195,0.230765722845325,
0.323072011983455),.UNSPECIFIED.);
#70=B_SPLINE_CURVE_WITH_KNOTS('',3,(#1822,#1823,#1824,#1825,#1826,#1827),
 .UNSPECIFIED.,.F.,.F.,(4,2,4),(-0.38607721399053,0.,0.00122892864843491),
 .UNSPECIFIED.);
#71=B_SPLINE_CURVE_WITH_KNOTS('',3,(#1888,#1889,#1890,#1891,#1892,#1893,
#1894,#1895,#1896),.UNSPECIFIED.,.F.,.F.,(4,1,1,1,1,1,4),(0.805389102490717,
5.37618774894769,8.42338684658568,9.94698639540467,10.7087861698142,11.0896860570189,
11.4705859442237),.UNSPECIFIED.);
#72=B_SPLINE_CURVE_WITH_KNOTS('',3,(#1922,#1923,#1924,#1925,#1926,#1927),
 .UNSPECIFIED.,.F.,.F.,(4,2,4),(-0.754181572856,-0.752952644207565,-0.366875430217034),
 .UNSPECIFIED.);
#73=B_SPLINE_SURFACE_WITH_KNOTS('',3,3,((#1420,#1421,#1422,#1423,#1424,
#1425),(#1426,#1427,#1428,#1429,#1430,#1431),(#1432,#1433,#1434,#1435,#1436,
#1437),(#1438,#1439,#1440,#1441,#1442,#1443),(#1444,#1445,#1446,#1447,#1448,
#1449)),.UNSPECIFIED.,.F.,.F.,.F.,(4,1,4),(4,1,1,4),(0.,0.571428571428571,
1.),(2.58675180846265,2.67905852981619,2.77136525116973,2.90982533320004),
 .UNSPECIFIED.);
#74=B_SPLINE_SURFACE_WITH_KNOTS('',3,3,((#1550,#1551,#1552,#1553),(#1554,
#1555,#1556,#1557),(#1558,#1559,#1560,#1561),(#1562,#1563,#1564,#1565),
(#1566,#1567,#1568,#1569)),.UNSPECIFIED.,.F.,.F.,.F.,(4,1,4),(4,4),(0.,
0.571428571428571,1.),(0.,0.109210272412686),.UNSPECIFIED.);
#75=B_SPLINE_SURFACE_WITH_KNOTS('',3,3,((#1587,#1588,#1589,#1590),(#1591,
#1592,#1593,#1594),(#1595,#1596,#1597,#1598),(#1599,#1600,#1601,#1602),
(#1603,#1604,#1605,#1606)),.UNSPECIFIED.,.F.,.F.,.F.,(4,1,4),(4,4),(0.,
0.571428571428571,1.),(3.54456868829209E-11,0.109210272412397),
 .UNSPECIFIED.);
#76=B_SPLINE_SURFACE_WITH_KNOTS('',3,3,((#1640,#1641,#1642,#1643,#1644,
#1645,#1646,#1647,#1648),(#1649,#1650,#1651,#1652,#1653,#1654,#1655,#1656,
#1657),(#1658,#1659,#1660,#1661,#1662,#1663,#1664,#1665,#1666),(#1667,#1668,
#1669,#1670,#1671,#1672,#1673,#1674,#1675),(#1676,#1677,#1678,#1679,#1680,
#1681,#1682,#1683,#1684)),.UNSPECIFIED.,.F.,.F.,.F.,(4,1,4),(4,1,1,1,1,
1,4),(0.,0.5,1.),(0.154854257231551,0.535754144435081,0.916654031638611,
1.67845380604567,3.20205335485979,6.24925245248803,10.8200510989304),
 .UNSPECIFIED.);
#77=B_SPLINE_SURFACE_WITH_KNOTS('',3,3,((#1739,#1740,#1741,#1742,#1743,
#1744),(#1745,#1746,#1747,#1748,#1749,#1750),(#1751,#1752,#1753,#1754,#1755,
#1756),(#1757,#1758,#1759,#1760,#1761,#1762),(#1763,#1764,#1765,#1766,#1767,
#1768)),.UNSPECIFIED.,.F.,.F.,.F.,(4,1,4),(4,1,1,4),(0.,0.571428571428571,
1.),(0.,0.138459433707195,0.230765722845325,0.323072011983455),
 .UNSPECIFIED.);
#78=B_SPLINE_SURFACE_WITH_KNOTS('',3,3,((#1791,#1792,#1793,#1794,#1795,
#1796),(#1797,#1798,#1799,#1800,#1801,#1802),(#1803,#1804,#1805,#1806,#1807,
#1808),(#1809,#1810,#1811,#1812,#1813,#1814),(#1815,#1816,#1817,#1818,#1819,
#1820)),.UNSPECIFIED.,.F.,.F.,.F.,(4,1,4),(4,2,4),(0.,0.5,1.),(-0.38607721399053,
0.,0.00122892864843491),.UNSPECIFIED.);
#79=B_SPLINE_SURFACE_WITH_KNOTS('',3,3,((#1843,#1844,#1845,#1846,#1847,
#1848,#1849,#1850,#1851),(#1852,#1853,#1854,#1855,#1856,#1857,#1858,#1859,
#1860),(#1861,#1862,#1863,#1864,#1865,#1866,#1867,#1868,#1869),(#1870,#1871,
#1872,#1873,#1874,#1875,#1876,#1877,#1878),(#1879,#1880,#1881,#1882,#1883,
#1884,#1885,#1886,#1887)),.UNSPECIFIED.,.F.,.F.,.F.,(4,1,4),(4,1,1,1,1,
1,4),(0.,0.5,1.),(0.805389102490717,5.37618774894769,8.42338684658568,9.94698639540467,
10.7087861698142,11.0896860570189,11.4705859442237),.UNSPECIFIED.);
#80=B_SPLINE_SURFACE_WITH_KNOTS('',3,3,((#1897,#1898,#1899,#1900,#1901,
#1902),(#1903,#1904,#1905,#1906,#1907,#1908),(#1909,#1910,#1911,#1912,#1913,
#1914),(#1915,#1916,#1917,#1918,#1919,#1920)),.UNSPECIFIED.,.F.,.F.,.F.,
(4,4),(4,2,4),(0.,1.),(-0.754181572856,-0.752952644207565,-0.366875430217034),
 .UNSPECIFIED.);
#81=FACE_OUTER_BOUND('',#140,.T.);
#82=FACE_OUTER_BOUND('',#141,.T.);
#83=FACE_OUTER_BOUND('',#142,.T.);
#84=FACE_OUTER_BOUND('',#143,.T.);
#85=FACE_OUTER_BOUND('',#144,.T.);
#86=FACE_OUTER_BOUND('',#145,.T.);
#87=FACE_OUTER_BOUND('',#146,.T.);
#88=FACE_OUTER_BOUND('',#147,.T.);
#89=FACE_OUTER_BOUND('',#148,.T.);
#90=FACE_OUTER_BOUND('',#149,.T.);
#91=FACE_OUTER_BOUND('',#150,.T.);
#92=FACE_OUTER_BOUND('',#151,.T.);
#93=FACE_OUTER_BOUND('',#152,.T.);
#94=FACE_OUTER_BOUND('',#153,.T.);
#95=FACE_OUTER_BOUND('',#154,.T.);
#96=FACE_OUTER_BOUND('',#155,.T.);
#97=FACE_OUTER_BOUND('',#156,.T.);
#98=FACE_OUTER_BOUND('',#157,.T.);
#99=FACE_OUTER_BOUND('',#158,.T.);
#100=FACE_OUTER_BOUND('',#159,.T.);
#101=FACE_OUTER_BOUND('',#160,.T.);
#102=FACE_OUTER_BOUND('',#161,.T.);
#103=FACE_OUTER_BOUND('',#163,.T.);
#104=FACE_OUTER_BOUND('',#165,.T.);
#105=FACE_OUTER_BOUND('',#166,.T.);
#106=FACE_OUTER_BOUND('',#167,.T.);
#107=FACE_OUTER_BOUND('',#168,.T.);
#108=FACE_OUTER_BOUND('',#169,.T.);
#109=FACE_OUTER_BOUND('',#170,.T.);
#110=FACE_OUTER_BOUND('',#171,.T.);
#111=FACE_OUTER_BOUND('',#172,.T.);
#112=FACE_OUTER_BOUND('',#173,.T.);
#113=FACE_OUTER_BOUND('',#174,.T.);
#114=FACE_OUTER_BOUND('',#175,.T.);
#115=FACE_OUTER_BOUND('',#176,.T.);
#116=FACE_OUTER_BOUND('',#177,.T.);
#117=FACE_OUTER_BOUND('',#178,.T.);
#118=FACE_OUTER_BOUND('',#179,.T.);
#119=FACE_OUTER_BOUND('',#180,.T.);
#120=FACE_OUTER_BOUND('',#181,.T.);
#121=FACE_OUTER_BOUND('',#182,.T.);
#122=FACE_OUTER_BOUND('',#186,.T.);
#123=FACE_OUTER_BOUND('',#187,.T.);
#124=FACE_OUTER_BOUND('',#188,.T.);
#125=FACE_OUTER_BOUND('',#189,.T.);
#126=FACE_OUTER_BOUND('',#190,.T.);
#127=FACE_OUTER_BOUND('',#191,.T.);
#128=FACE_OUTER_BOUND('',#192,.T.);
#129=FACE_OUTER_BOUND('',#196,.T.);
#130=FACE_OUTER_BOUND('',#197,.T.);
#131=FACE_OUTER_BOUND('',#198,.T.);
#132=FACE_OUTER_BOUND('',#199,.T.);
#133=FACE_OUTER_BOUND('',#200,.T.);
#134=FACE_OUTER_BOUND('',#201,.T.);
#135=FACE_OUTER_BOUND('',#202,.T.);
#136=FACE_OUTER_BOUND('',#203,.T.);
#137=FACE_OUTER_BOUND('',#204,.T.);
#138=FACE_OUTER_BOUND('',#205,.T.);
#139=FACE_OUTER_BOUND('',#206,.T.);
#140=EDGE_LOOP('',(#618,#619,#620,#621));
#141=EDGE_LOOP('',(#622,#623,#624,#625));
#142=EDGE_LOOP('',(#626,#627,#628,#629,#630,#631,#632,#633));
#143=EDGE_LOOP('',(#634,#635,#636));
#144=EDGE_LOOP('',(#637,#638,#639));
#145=EDGE_LOOP('',(#640,#641,#642,#643));
#146=EDGE_LOOP('',(#644,#645,#646,#647));
#147=EDGE_LOOP('',(#648,#649,#650));
#148=EDGE_LOOP('',(#651,#652,#653,#654));
#149=EDGE_LOOP('',(#655,#656,#657));
#150=EDGE_LOOP('',(#658,#659,#660,#661));
#151=EDGE_LOOP('',(#662,#663,#664,#665));
#152=EDGE_LOOP('',(#666,#667,#668,#669));
#153=EDGE_LOOP('',(#670,#671,#672,#673));
#154=EDGE_LOOP('',(#674,#675,#676,#677));
#155=EDGE_LOOP('',(#678,#679,#680,#681));
#156=EDGE_LOOP('',(#682,#683,#684,#685));
#157=EDGE_LOOP('',(#686,#687,#688,#689));
#158=EDGE_LOOP('',(#690,#691,#692,#693));
#159=EDGE_LOOP('',(#694,#695,#696,#697,#698,#699,#700,#701));
#160=EDGE_LOOP('',(#702,#703,#704,#705));
#161=EDGE_LOOP('',(#706,#707,#708,#709));
#162=EDGE_LOOP('',(#710,#711,#712,#713));
#163=EDGE_LOOP('',(#714,#715,#716,#717,#718,#719));
#164=EDGE_LOOP('',(#720));
#165=EDGE_LOOP('',(#721,#722,#723,#724));
#166=EDGE_LOOP('',(#725,#726,#727,#728,#729));
#167=EDGE_LOOP('',(#730,#731,#732,#733,#734));
#168=EDGE_LOOP('',(#735,#736,#737));
#169=EDGE_LOOP('',(#738,#739,#740,#741));
#170=EDGE_LOOP('',(#742,#743,#744,#745));
#171=EDGE_LOOP('',(#746,#747,#748,#749));
#172=EDGE_LOOP('',(#750,#751,#752,#753));
#173=EDGE_LOOP('',(#754,#755,#756,#757));
#174=EDGE_LOOP('',(#758,#759,#760));
#175=EDGE_LOOP('',(#761,#762,#763));
#176=EDGE_LOOP('',(#764,#765,#766,#767,#768));
#177=EDGE_LOOP('',(#769,#770,#771,#772));
#178=EDGE_LOOP('',(#773,#774,#775,#776));
#179=EDGE_LOOP('',(#777,#778,#779));
#180=EDGE_LOOP('',(#780,#781,#782,#783));
#181=EDGE_LOOP('',(#784,#785,#786,#787,#788));
#182=EDGE_LOOP('',(#789,#790,#791,#792,#793,#794));
#183=EDGE_LOOP('',(#795));
#184=EDGE_LOOP('',(#796));
#185=EDGE_LOOP('',(#797));
#186=EDGE_LOOP('',(#798,#799,#800,#801));
#187=EDGE_LOOP('',(#802,#803,#804,#805));
#188=EDGE_LOOP('',(#806,#807,#808,#809));
#189=EDGE_LOOP('',(#810,#811,#812,#813));
#190=EDGE_LOOP('',(#814,#815,#816,#817));
#191=EDGE_LOOP('',(#818,#819,#820,#821,#822,#823,#824));
#192=EDGE_LOOP('',(#825,#826,#827,#828,#829,#830));
#193=EDGE_LOOP('',(#831));
#194=EDGE_LOOP('',(#832));
#195=EDGE_LOOP('',(#833));
#196=EDGE_LOOP('',(#834,#835,#836,#837));
#197=EDGE_LOOP('',(#838,#839,#840,#841));
#198=EDGE_LOOP('',(#842,#843,#844,#845));
#199=EDGE_LOOP('',(#846,#847,#848,#849));
#200=EDGE_LOOP('',(#850,#851,#852,#853));
#201=EDGE_LOOP('',(#854,#855,#856,#857));
#202=EDGE_LOOP('',(#858,#859,#860,#861));
#203=EDGE_LOOP('',(#862,#863,#864,#865));
#204=EDGE_LOOP('',(#866,#867,#868,#869,#870,#871,#872));
#205=EDGE_LOOP('',(#873,#874,#875,#876));
#206=EDGE_LOOP('',(#877,#878,#879,#880,#881,#882,#883,#884,#885,#886,#887,
#888,#889,#890));
#207=EDGE_LOOP('',(#891));
#208=EDGE_LOOP('',(#892));
#209=EDGE_LOOP('',(#893));
#210=EDGE_LOOP('',(#894));
#211=EDGE_LOOP('',(#895));
#212=EDGE_LOOP('',(#896));
#213=EDGE_LOOP('',(#897));
#214=ELLIPSE('',#997,1.41421356237309,1.);
#215=LINE('',#1416,#271);
#216=LINE('',#1419,#272);
#217=LINE('',#1475,#273);
#218=LINE('',#1487,#274);
#219=LINE('',#1489,#275);
#220=LINE('',#1491,#276);
#221=LINE('',#1492,#277);
#222=LINE('',#1507,#278);
#223=LINE('',#1508,#279);
#224=LINE('',#1512,#280);
#225=LINE('',#1521,#281);
#226=LINE('',#1522,#282);
#227=LINE('',#1532,#283);
#228=LINE('',#1534,#284);
#229=LINE('',#1535,#285);
#230=LINE('',#1537,#286);
#231=LINE('',#1542,#287);
#232=LINE('',#1543,#288);
#233=LINE('',#1548,#289);
#234=LINE('',#1549,#290);
#235=LINE('',#1616,#291);
#236=LINE('',#1629,#292);
#237=LINE('',#1638,#293);
#238=LINE('',#1639,#294);
#239=LINE('',#1699,#295);
#240=LINE('',#1701,#296);
#241=LINE('',#1703,#297);
#242=LINE('',#1704,#298);
#243=LINE('',#1716,#299);
#244=LINE('',#1725,#300);
#245=LINE('',#1727,#301);
#246=LINE('',#1728,#302);
#247=LINE('',#1782,#303);
#248=LINE('',#1784,#304);
#249=LINE('',#1836,#305);
#250=LINE('',#1930,#306);
#251=LINE('',#1934,#307);
#252=LINE('',#1936,#308);
#253=LINE('',#1937,#309);
#254=LINE('',#1951,#310);
#255=LINE('',#1952,#311);
#256=LINE('',#1953,#312);
#257=LINE('',#1956,#313);
#258=LINE('',#1957,#314);
#259=LINE('',#1960,#315);
#260=LINE('',#1961,#316);
#261=LINE('',#1963,#317);
#262=LINE('',#1978,#318);
#263=LINE('',#1982,#319);
#264=LINE('',#1986,#320);
#265=LINE('',#1990,#321);
#266=LINE('',#1994,#322);
#267=LINE('',#1998,#323);
#268=LINE('',#2002,#324);
#269=LINE('',#2007,#325);
#270=LINE('',#2011,#326);
#271=VECTOR('',#1120,10.);
#272=VECTOR('',#1123,10.);
#273=VECTOR('',#1126,10.);
#274=VECTOR('',#1127,10.);
#275=VECTOR('',#1128,10.);
#276=VECTOR('',#1129,10.);
#277=VECTOR('',#1130,10.);
#278=VECTOR('',#1149,10.);
#279=VECTOR('',#1150,10.);
#280=VECTOR('',#1155,10.);
#281=VECTOR('',#1166,10.);
#282=VECTOR('',#1167,10.);
#283=VECTOR('',#1180,10.);
#284=VECTOR('',#1183,10.);
#285=VECTOR('',#1184,10.);
#286=VECTOR('',#1187,10.);
#287=VECTOR('',#1192,10.);
#288=VECTOR('',#1193,10.);
#289=VECTOR('',#1198,10.);
#290=VECTOR('',#1199,10.);
#291=VECTOR('',#1212,10.);
#292=VECTOR('',#1215,10.);
#293=VECTOR('',#1216,10.);
#294=VECTOR('',#1217,10.);
#295=VECTOR('',#1222,10.);
#296=VECTOR('',#1223,10.);
#297=VECTOR('',#1224,10.);
#298=VECTOR('',#1225,10.);
#299=VECTOR('',#1240,10.);
#300=VECTOR('',#1245,10.);
#301=VECTOR('',#1246,10.);
#302=VECTOR('',#1247,10.);
#303=VECTOR('',#1270,10.);
#304=VECTOR('',#1273,10.);
#305=VECTOR('',#1294,10.);
#306=VECTOR('',#1307,10.);
#307=VECTOR('',#1312,10.);
#308=VECTOR('',#1313,10.);
#309=VECTOR('',#1314,10.);
#310=VECTOR('',#1329,10.);
#311=VECTOR('',#1330,10.);
#312=VECTOR('',#1331,10.);
#313=VECTOR('',#1334,10.);
#314=VECTOR('',#1335,10.);
#315=VECTOR('',#1338,10.);
#316=VECTOR('',#1339,10.);
#317=VECTOR('',#1342,10.);
#318=VECTOR('',#1361,3.1);
#319=VECTOR('',#1366,15.7);
#320=VECTOR('',#1371,3.1);
#321=VECTOR('',#1376,3.1);
#322=VECTOR('',#1381,3.1);
#323=VECTOR('',#1386,3.1);
#324=VECTOR('',#1391,3.1);
#325=VECTOR('',#1398,10.);
#326=VECTOR('',#1403,10.);
#327=CIRCLE('',#996,1.00000000000001);
#328=CIRCLE('',#1000,0.999999999999994);
#329=CIRCLE('',#1001,1.);
#330=CIRCLE('',#1002,0.999999999999996);
#331=CIRCLE('',#1004,1.00000000000001);
#332=CIRCLE('',#1005,0.999999999999996);
#333=CIRCLE('',#1006,1.);
#334=CIRCLE('',#1009,1.);
#335=CIRCLE('',#1011,1.);
#336=CIRCLE('',#1012,1.);
#337=CIRCLE('',#1013,0.999999999999996);
#338=CIRCLE('',#1016,0.999999999999999);
#339=CIRCLE('',#1017,0.999999999999996);
#340=CIRCLE('',#1018,1.);
#341=CIRCLE('',#1020,1.);
#342=CIRCLE('',#1024,0.999999999999996);
#343=CIRCLE('',#1026,1.);
#344=CIRCLE('',#1027,1.);
#345=CIRCLE('',#1029,1.00000000002197);
#346=CIRCLE('',#1030,19.0922235935956);
#347=CIRCLE('',#1031,20.0623660937409);
#348=CIRCLE('',#1034,0.999999999999999);
#349=CIRCLE('',#1037,15.7);
#350=CIRCLE('',#1039,63.873);
#351=CIRCLE('',#1040,1.);
#352=CIRCLE('',#1041,64.873);
#353=CIRCLE('',#1043,64.873);
#354=CIRCLE('',#1046,0.999999999999995);
#355=CIRCLE('',#1047,1.);
#356=CIRCLE('',#1049,1.);
#357=CIRCLE('',#1050,45.6537764064044);
#358=CIRCLE('',#1051,44.6836339062591);
#359=CIRCLE('',#1052,1.00000000000001);
#360=CIRCLE('',#1053,1.);
#361=CIRCLE('',#1055,1.);
#362=CIRCLE('',#1058,1.);
#363=CIRCLE('',#1059,64.873);
#364=CIRCLE('',#1060,63.873);
#365=CIRCLE('',#1061,11.7785115547246);
#366=CIRCLE('',#1063,1.);
#367=CIRCLE('',#1064,1.);
#368=CIRCLE('',#1065,1.);
#369=CIRCLE('',#1068,0.999999999999995);
#370=CIRCLE('',#1069,44.6836339062591);
#371=CIRCLE('',#1070,45.6537764064044);
#372=CIRCLE('',#1071,11.7785115547246);
#373=CIRCLE('',#1073,64.873);
#374=CIRCLE('',#1076,11.7785115547246);
#375=CIRCLE('',#1077,54.873);
#376=CIRCLE('',#1078,3.1);
#377=CIRCLE('',#1079,3.1);
#378=CIRCLE('',#1080,3.1);
#379=CIRCLE('',#1088,54.873);
#380=CIRCLE('',#1089,11.7785115547246);
#381=CIRCLE('',#1090,3.1);
#382=CIRCLE('',#1091,3.1);
#383=CIRCLE('',#1092,3.1);
#384=CIRCLE('',#1094,3.1);
#385=CIRCLE('',#1096,15.7);
#386=CIRCLE('',#1098,3.1);
#387=CIRCLE('',#1100,3.1);
#388=CIRCLE('',#1102,3.1);
#389=CIRCLE('',#1104,3.1);
#390=CIRCLE('',#1106,3.1);
#391=CIRCLE('',#1108,54.873);
#392=CIRCLE('',#1110,11.7785115547246);
#393=CIRCLE('',#1112,54.873);
#394=VERTEX_POINT('',#1412);
#395=VERTEX_POINT('',#1413);
#396=VERTEX_POINT('',#1415);
#397=VERTEX_POINT('',#1417);
#398=VERTEX_POINT('',#1450);
#399=VERTEX_POINT('',#1451);
#400=VERTEX_POINT('',#1474);
#401=VERTEX_POINT('',#1476);
#402=VERTEX_POINT('',#1486);
#403=VERTEX_POINT('',#1488);
#404=VERTEX_POINT('',#1490);
#405=VERTEX_POINT('',#1494);
#406=VERTEX_POINT('',#1495);
#407=VERTEX_POINT('',#1497);
#408=VERTEX_POINT('',#1501);
#409=VERTEX_POINT('',#1503);
#410=VERTEX_POINT('',#1510);
#411=VERTEX_POINT('',#1514);
#412=VERTEX_POINT('',#1515);
#413=VERTEX_POINT('',#1517);
#414=VERTEX_POINT('',#1524);
#415=VERTEX_POINT('',#1526);
#416=VERTEX_POINT('',#1530);
#417=VERTEX_POINT('',#1539);
#418=VERTEX_POINT('',#1540);
#419=VERTEX_POINT('',#1545);
#420=VERTEX_POINT('',#1546);
#421=VERTEX_POINT('',#1570);
#422=VERTEX_POINT('',#1571);
#423=VERTEX_POINT('',#1582);
#424=VERTEX_POINT('',#1583);
#425=VERTEX_POINT('',#1618);
#426=VERTEX_POINT('',#1628);
#427=VERTEX_POINT('',#1630);
#428=VERTEX_POINT('',#1637);
#429=VERTEX_POINT('',#1685);
#430=VERTEX_POINT('',#1697);
#431=VERTEX_POINT('',#1698);
#432=VERTEX_POINT('',#1700);
#433=VERTEX_POINT('',#1702);
#434=VERTEX_POINT('',#1706);
#435=VERTEX_POINT('',#1709);
#436=VERTEX_POINT('',#1711);
#437=VERTEX_POINT('',#1715);
#438=VERTEX_POINT('',#1717);
#439=VERTEX_POINT('',#1724);
#440=VERTEX_POINT('',#1726);
#441=VERTEX_POINT('',#1730);
#442=VERTEX_POINT('',#1734);
#443=VERTEX_POINT('',#1735);
#444=VERTEX_POINT('',#1769);
#445=VERTEX_POINT('',#1770);
#446=VERTEX_POINT('',#1780);
#447=VERTEX_POINT('',#1786);
#448=VERTEX_POINT('',#1787);
#449=VERTEX_POINT('',#1821);
#450=VERTEX_POINT('',#1830);
#451=VERTEX_POINT('',#1832);
#452=VERTEX_POINT('',#1838);
#453=VERTEX_POINT('',#1839);
#454=VERTEX_POINT('',#1929);
#455=VERTEX_POINT('',#1933);
#456=VERTEX_POINT('',#1935);
#457=VERTEX_POINT('',#1939);
#458=VERTEX_POINT('',#1942);
#459=VERTEX_POINT('',#1944);
#460=VERTEX_POINT('',#1946);
#461=VERTEX_POINT('',#1949);
#462=VERTEX_POINT('',#1950);
#463=VERTEX_POINT('',#1955);
#464=VERTEX_POINT('',#1959);
#465=VERTEX_POINT('',#1967);
#466=VERTEX_POINT('',#1970);
#467=VERTEX_POINT('',#1972);
#468=VERTEX_POINT('',#1974);
#469=VERTEX_POINT('',#1977);
#470=VERTEX_POINT('',#1981);
#471=VERTEX_POINT('',#1985);
#472=VERTEX_POINT('',#1989);
#473=VERTEX_POINT('',#1993);
#474=VERTEX_POINT('',#1997);
#475=VERTEX_POINT('',#2001);
#476=VERTEX_POINT('',#2005);
#477=VERTEX_POINT('',#2009);
#478=EDGE_CURVE('',#394,#395,#327,.T.);
#479=EDGE_CURVE('',#395,#396,#215,.T.);
#480=EDGE_CURVE('',#396,#397,#214,.T.);
#481=EDGE_CURVE('',#397,#394,#216,.T.);
#482=EDGE_CURVE('',#398,#399,#57,.T.);
#483=EDGE_CURVE('',#399,#395,#58,.T.);
#484=EDGE_CURVE('',#394,#398,#59,.T.);
#485=EDGE_CURVE('',#400,#397,#217,.T.);
#486=EDGE_CURVE('',#401,#400,#60,.T.);
#487=EDGE_CURVE('',#402,#401,#218,.T.);
#488=EDGE_CURVE('',#403,#402,#219,.T.);
#489=EDGE_CURVE('',#404,#403,#220,.T.);
#490=EDGE_CURVE('',#398,#404,#221,.T.);
#491=EDGE_CURVE('',#405,#406,#328,.F.);
#492=EDGE_CURVE('',#407,#405,#329,.F.);
#493=EDGE_CURVE('',#406,#407,#330,.F.);
#494=EDGE_CURVE('',#408,#403,#331,.F.);
#495=EDGE_CURVE('',#409,#408,#332,.F.);
#496=EDGE_CURVE('',#403,#409,#333,.F.);
#497=EDGE_CURVE('',#408,#405,#222,.T.);
#498=EDGE_CURVE('',#406,#409,#223,.T.);
#499=EDGE_CURVE('',#410,#404,#334,.T.);
#500=EDGE_CURVE('',#409,#410,#224,.T.);
#501=EDGE_CURVE('',#411,#412,#335,.F.);
#502=EDGE_CURVE('',#413,#411,#336,.F.);
#503=EDGE_CURVE('',#412,#413,#337,.F.);
#504=EDGE_CURVE('',#405,#413,#225,.T.);
#505=EDGE_CURVE('',#411,#407,#226,.T.);
#506=EDGE_CURVE('',#402,#414,#338,.F.);
#507=EDGE_CURVE('',#415,#402,#339,.F.);
#508=EDGE_CURVE('',#414,#415,#340,.F.);
#509=EDGE_CURVE('',#401,#416,#341,.T.);
#510=EDGE_CURVE('',#416,#415,#227,.T.);
#511=EDGE_CURVE('',#413,#414,#228,.T.);
#512=EDGE_CURVE('',#415,#412,#229,.T.);
#513=EDGE_CURVE('',#414,#408,#230,.T.);
#514=EDGE_CURVE('',#417,#418,#342,.T.);
#515=EDGE_CURVE('',#418,#411,#231,.T.);
#516=EDGE_CURVE('',#412,#417,#232,.T.);
#517=EDGE_CURVE('',#419,#420,#343,.T.);
#518=EDGE_CURVE('',#420,#406,#233,.T.);
#519=EDGE_CURVE('',#407,#419,#234,.T.);
#520=EDGE_CURVE('',#421,#422,#344,.T.);
#521=EDGE_CURVE('',#422,#416,#61,.T.);
#522=EDGE_CURVE('',#401,#421,#62,.T.);
#523=EDGE_CURVE('',#423,#424,#345,.T.);
#524=EDGE_CURVE('',#424,#422,#346,.T.);
#525=EDGE_CURVE('',#421,#423,#347,.T.);
#526=EDGE_CURVE('',#417,#424,#63,.T.);
#527=EDGE_CURVE('',#423,#418,#64,.T.);
#528=EDGE_CURVE('',#420,#410,#235,.T.);
#529=EDGE_CURVE('',#425,#418,#65,.T.);
#530=EDGE_CURVE('',#426,#425,#236,.T.);
#531=EDGE_CURVE('',#427,#426,#66,.T.);
#532=EDGE_CURVE('',#428,#427,#237,.T.);
#533=EDGE_CURVE('',#428,#419,#238,.T.);
#534=EDGE_CURVE('',#423,#429,#67,.T.);
#535=EDGE_CURVE('',#429,#425,#348,.F.);
#536=EDGE_CURVE('',#430,#431,#239,.T.);
#537=EDGE_CURVE('',#431,#432,#240,.T.);
#538=EDGE_CURVE('',#432,#433,#241,.T.);
#539=EDGE_CURVE('',#433,#430,#242,.T.);
#540=EDGE_CURVE('',#434,#434,#349,.T.);
#541=EDGE_CURVE('',#399,#435,#350,.T.);
#542=EDGE_CURVE('',#435,#436,#351,.T.);
#543=EDGE_CURVE('',#436,#395,#352,.T.);
#544=EDGE_CURVE('',#436,#437,#243,.T.);
#545=EDGE_CURVE('',#438,#437,#353,.T.);
#546=EDGE_CURVE('',#396,#438,#68,.T.);
#547=EDGE_CURVE('',#439,#435,#244,.T.);
#548=EDGE_CURVE('',#439,#440,#245,.T.);
#549=EDGE_CURVE('',#437,#440,#246,.T.);
#550=EDGE_CURVE('',#441,#429,#354,.F.);
#551=EDGE_CURVE('',#425,#441,#355,.F.);
#552=EDGE_CURVE('',#442,#443,#356,.T.);
#553=EDGE_CURVE('',#443,#441,#357,.T.);
#554=EDGE_CURVE('',#429,#442,#358,.T.);
#555=EDGE_CURVE('',#444,#445,#69,.F.);
#556=EDGE_CURVE('',#427,#444,#359,.T.);
#557=EDGE_CURVE('',#445,#426,#360,.T.);
#558=EDGE_CURVE('',#446,#428,#361,.T.);
#559=EDGE_CURVE('',#444,#446,#247,.T.);
#560=EDGE_CURVE('',#441,#445,#248,.T.);
#561=EDGE_CURVE('',#447,#448,#362,.T.);
#562=EDGE_CURVE('',#448,#444,#363,.T.);
#563=EDGE_CURVE('',#445,#447,#364,.T.);
#564=EDGE_CURVE('',#442,#449,#70,.T.);
#565=EDGE_CURVE('',#449,#443,#365,.T.);
#566=EDGE_CURVE('',#400,#450,#366,.F.);
#567=EDGE_CURVE('',#451,#400,#367,.F.);
#568=EDGE_CURVE('',#450,#451,#368,.F.);
#569=EDGE_CURVE('',#438,#451,#249,.T.);
#570=EDGE_CURVE('',#452,#453,#369,.T.);
#571=EDGE_CURVE('',#453,#450,#370,.T.);
#572=EDGE_CURVE('',#451,#452,#371,.T.);
#573=EDGE_CURVE('',#450,#421,#71,.T.);
#574=EDGE_CURVE('',#452,#449,#372,.T.);
#575=EDGE_CURVE('',#449,#453,#72,.T.);
#576=EDGE_CURVE('',#454,#448,#250,.T.);
#577=EDGE_CURVE('',#446,#454,#373,.T.);
#578=EDGE_CURVE('',#455,#447,#251,.T.);
#579=EDGE_CURVE('',#456,#455,#252,.T.);
#580=EDGE_CURVE('',#456,#454,#253,.T.);
#581=EDGE_CURVE('',#443,#457,#374,.T.);
#582=EDGE_CURVE('',#457,#455,#375,.T.);
#583=EDGE_CURVE('',#458,#458,#376,.T.);
#584=EDGE_CURVE('',#459,#459,#377,.T.);
#585=EDGE_CURVE('',#460,#460,#378,.T.);
#586=EDGE_CURVE('',#461,#462,#254,.T.);
#587=EDGE_CURVE('',#431,#462,#255,.T.);
#588=EDGE_CURVE('',#430,#461,#256,.T.);
#589=EDGE_CURVE('',#462,#463,#257,.T.);
#590=EDGE_CURVE('',#432,#463,#258,.T.);
#591=EDGE_CURVE('',#463,#464,#259,.T.);
#592=EDGE_CURVE('',#433,#464,#260,.T.);
#593=EDGE_CURVE('',#464,#461,#261,.T.);
#594=EDGE_CURVE('',#440,#465,#379,.T.);
#595=EDGE_CURVE('',#465,#452,#380,.T.);
#596=EDGE_CURVE('',#466,#466,#381,.T.);
#597=EDGE_CURVE('',#467,#467,#382,.T.);
#598=EDGE_CURVE('',#468,#468,#383,.T.);
#599=EDGE_CURVE('',#466,#469,#262,.T.);
#600=EDGE_CURVE('',#469,#469,#384,.T.);
#601=EDGE_CURVE('',#434,#470,#263,.T.);
#602=EDGE_CURVE('',#470,#470,#385,.T.);
#603=EDGE_CURVE('',#460,#471,#264,.T.);
#604=EDGE_CURVE('',#471,#471,#386,.T.);
#605=EDGE_CURVE('',#467,#472,#265,.T.);
#606=EDGE_CURVE('',#472,#472,#387,.T.);
#607=EDGE_CURVE('',#459,#473,#266,.T.);
#608=EDGE_CURVE('',#473,#473,#388,.T.);
#609=EDGE_CURVE('',#458,#474,#267,.T.);
#610=EDGE_CURVE('',#474,#474,#389,.T.);
#611=EDGE_CURVE('',#468,#475,#268,.T.);
#612=EDGE_CURVE('',#475,#475,#390,.T.);
#613=EDGE_CURVE('',#456,#476,#391,.T.);
#614=EDGE_CURVE('',#476,#457,#269,.T.);
#615=EDGE_CURVE('',#477,#476,#392,.T.);
#616=EDGE_CURVE('',#477,#465,#270,.T.);
#617=EDGE_CURVE('',#477,#439,#393,.T.);
#618=ORIENTED_EDGE('',*,*,#478,.T.);
#619=ORIENTED_EDGE('',*,*,#479,.T.);
#620=ORIENTED_EDGE('',*,*,#480,.T.);
#621=ORIENTED_EDGE('',*,*,#481,.T.);
#622=ORIENTED_EDGE('',*,*,#482,.T.);
#623=ORIENTED_EDGE('',*,*,#483,.T.);
#624=ORIENTED_EDGE('',*,*,#478,.F.);
#625=ORIENTED_EDGE('',*,*,#484,.T.);
#626=ORIENTED_EDGE('',*,*,#484,.F.);
#627=ORIENTED_EDGE('',*,*,#481,.F.);
#628=ORIENTED_EDGE('',*,*,#485,.F.);
#629=ORIENTED_EDGE('',*,*,#486,.F.);
#630=ORIENTED_EDGE('',*,*,#487,.F.);
#631=ORIENTED_EDGE('',*,*,#488,.F.);
#632=ORIENTED_EDGE('',*,*,#489,.F.);
#633=ORIENTED_EDGE('',*,*,#490,.F.);
#634=ORIENTED_EDGE('',*,*,#491,.F.);
#635=ORIENTED_EDGE('',*,*,#492,.F.);
#636=ORIENTED_EDGE('',*,*,#493,.F.);
#637=ORIENTED_EDGE('',*,*,#494,.F.);
#638=ORIENTED_EDGE('',*,*,#495,.F.);
#639=ORIENTED_EDGE('',*,*,#496,.F.);
#640=ORIENTED_EDGE('',*,*,#495,.T.);
#641=ORIENTED_EDGE('',*,*,#497,.T.);
#642=ORIENTED_EDGE('',*,*,#491,.T.);
#643=ORIENTED_EDGE('',*,*,#498,.T.);
#644=ORIENTED_EDGE('',*,*,#499,.T.);
#645=ORIENTED_EDGE('',*,*,#489,.T.);
#646=ORIENTED_EDGE('',*,*,#496,.T.);
#647=ORIENTED_EDGE('',*,*,#500,.T.);
#648=ORIENTED_EDGE('',*,*,#501,.F.);
#649=ORIENTED_EDGE('',*,*,#502,.F.);
#650=ORIENTED_EDGE('',*,*,#503,.F.);
#651=ORIENTED_EDGE('',*,*,#492,.T.);
#652=ORIENTED_EDGE('',*,*,#504,.T.);
#653=ORIENTED_EDGE('',*,*,#502,.T.);
#654=ORIENTED_EDGE('',*,*,#505,.T.);
#655=ORIENTED_EDGE('',*,*,#506,.F.);
#656=ORIENTED_EDGE('',*,*,#507,.F.);
#657=ORIENTED_EDGE('',*,*,#508,.F.);
#658=ORIENTED_EDGE('',*,*,#509,.T.);
#659=ORIENTED_EDGE('',*,*,#510,.T.);
#660=ORIENTED_EDGE('',*,*,#507,.T.);
#661=ORIENTED_EDGE('',*,*,#487,.T.);
#662=ORIENTED_EDGE('',*,*,#503,.T.);
#663=ORIENTED_EDGE('',*,*,#511,.T.);
#664=ORIENTED_EDGE('',*,*,#508,.T.);
#665=ORIENTED_EDGE('',*,*,#512,.T.);
#666=ORIENTED_EDGE('',*,*,#506,.T.);
#667=ORIENTED_EDGE('',*,*,#513,.T.);
#668=ORIENTED_EDGE('',*,*,#494,.T.);
#669=ORIENTED_EDGE('',*,*,#488,.T.);
#670=ORIENTED_EDGE('',*,*,#514,.T.);
#671=ORIENTED_EDGE('',*,*,#515,.T.);
#672=ORIENTED_EDGE('',*,*,#501,.T.);
#673=ORIENTED_EDGE('',*,*,#516,.T.);
#674=ORIENTED_EDGE('',*,*,#517,.T.);
#675=ORIENTED_EDGE('',*,*,#518,.T.);
#676=ORIENTED_EDGE('',*,*,#493,.T.);
#677=ORIENTED_EDGE('',*,*,#519,.T.);
#678=ORIENTED_EDGE('',*,*,#520,.T.);
#679=ORIENTED_EDGE('',*,*,#521,.T.);
#680=ORIENTED_EDGE('',*,*,#509,.F.);
#681=ORIENTED_EDGE('',*,*,#522,.T.);
#682=ORIENTED_EDGE('',*,*,#523,.T.);
#683=ORIENTED_EDGE('',*,*,#524,.T.);
#684=ORIENTED_EDGE('',*,*,#520,.F.);
#685=ORIENTED_EDGE('',*,*,#525,.T.);
#686=ORIENTED_EDGE('',*,*,#514,.F.);
#687=ORIENTED_EDGE('',*,*,#526,.T.);
#688=ORIENTED_EDGE('',*,*,#523,.F.);
#689=ORIENTED_EDGE('',*,*,#527,.T.);
#690=ORIENTED_EDGE('',*,*,#500,.F.);
#691=ORIENTED_EDGE('',*,*,#498,.F.);
#692=ORIENTED_EDGE('',*,*,#518,.F.);
#693=ORIENTED_EDGE('',*,*,#528,.T.);
#694=ORIENTED_EDGE('',*,*,#519,.F.);
#695=ORIENTED_EDGE('',*,*,#505,.F.);
#696=ORIENTED_EDGE('',*,*,#515,.F.);
#697=ORIENTED_EDGE('',*,*,#529,.F.);
#698=ORIENTED_EDGE('',*,*,#530,.F.);
#699=ORIENTED_EDGE('',*,*,#531,.F.);
#700=ORIENTED_EDGE('',*,*,#532,.F.);
#701=ORIENTED_EDGE('',*,*,#533,.T.);
#702=ORIENTED_EDGE('',*,*,#527,.F.);
#703=ORIENTED_EDGE('',*,*,#534,.T.);
#704=ORIENTED_EDGE('',*,*,#535,.T.);
#705=ORIENTED_EDGE('',*,*,#529,.T.);
#706=ORIENTED_EDGE('',*,*,#497,.F.);
#707=ORIENTED_EDGE('',*,*,#513,.F.);
#708=ORIENTED_EDGE('',*,*,#511,.F.);
#709=ORIENTED_EDGE('',*,*,#504,.F.);
#710=ORIENTED_EDGE('',*,*,#536,.T.);
#711=ORIENTED_EDGE('',*,*,#537,.T.);
#712=ORIENTED_EDGE('',*,*,#538,.T.);
#713=ORIENTED_EDGE('',*,*,#539,.T.);
#714=ORIENTED_EDGE('',*,*,#510,.F.);
#715=ORIENTED_EDGE('',*,*,#521,.F.);
#716=ORIENTED_EDGE('',*,*,#524,.F.);
#717=ORIENTED_EDGE('',*,*,#526,.F.);
#718=ORIENTED_EDGE('',*,*,#516,.F.);
#719=ORIENTED_EDGE('',*,*,#512,.F.);
#720=ORIENTED_EDGE('',*,*,#540,.T.);
#721=ORIENTED_EDGE('',*,*,#483,.F.);
#722=ORIENTED_EDGE('',*,*,#541,.T.);
#723=ORIENTED_EDGE('',*,*,#542,.T.);
#724=ORIENTED_EDGE('',*,*,#543,.T.);
#725=ORIENTED_EDGE('',*,*,#479,.F.);
#726=ORIENTED_EDGE('',*,*,#543,.F.);
#727=ORIENTED_EDGE('',*,*,#544,.T.);
#728=ORIENTED_EDGE('',*,*,#545,.F.);
#729=ORIENTED_EDGE('',*,*,#546,.F.);
#730=ORIENTED_EDGE('',*,*,#542,.F.);
#731=ORIENTED_EDGE('',*,*,#547,.F.);
#732=ORIENTED_EDGE('',*,*,#548,.T.);
#733=ORIENTED_EDGE('',*,*,#549,.F.);
#734=ORIENTED_EDGE('',*,*,#544,.F.);
#735=ORIENTED_EDGE('',*,*,#535,.F.);
#736=ORIENTED_EDGE('',*,*,#550,.F.);
#737=ORIENTED_EDGE('',*,*,#551,.F.);
#738=ORIENTED_EDGE('',*,*,#552,.T.);
#739=ORIENTED_EDGE('',*,*,#553,.T.);
#740=ORIENTED_EDGE('',*,*,#550,.T.);
#741=ORIENTED_EDGE('',*,*,#554,.T.);
#742=ORIENTED_EDGE('',*,*,#555,.F.);
#743=ORIENTED_EDGE('',*,*,#556,.F.);
#744=ORIENTED_EDGE('',*,*,#531,.T.);
#745=ORIENTED_EDGE('',*,*,#557,.F.);
#746=ORIENTED_EDGE('',*,*,#558,.T.);
#747=ORIENTED_EDGE('',*,*,#532,.T.);
#748=ORIENTED_EDGE('',*,*,#556,.T.);
#749=ORIENTED_EDGE('',*,*,#559,.T.);
#750=ORIENTED_EDGE('',*,*,#551,.T.);
#751=ORIENTED_EDGE('',*,*,#560,.T.);
#752=ORIENTED_EDGE('',*,*,#557,.T.);
#753=ORIENTED_EDGE('',*,*,#530,.T.);
#754=ORIENTED_EDGE('',*,*,#561,.T.);
#755=ORIENTED_EDGE('',*,*,#562,.T.);
#756=ORIENTED_EDGE('',*,*,#555,.T.);
#757=ORIENTED_EDGE('',*,*,#563,.T.);
#758=ORIENTED_EDGE('',*,*,#552,.F.);
#759=ORIENTED_EDGE('',*,*,#564,.T.);
#760=ORIENTED_EDGE('',*,*,#565,.T.);
#761=ORIENTED_EDGE('',*,*,#566,.F.);
#762=ORIENTED_EDGE('',*,*,#567,.F.);
#763=ORIENTED_EDGE('',*,*,#568,.F.);
#764=ORIENTED_EDGE('',*,*,#546,.T.);
#765=ORIENTED_EDGE('',*,*,#569,.T.);
#766=ORIENTED_EDGE('',*,*,#567,.T.);
#767=ORIENTED_EDGE('',*,*,#485,.T.);
#768=ORIENTED_EDGE('',*,*,#480,.F.);
#769=ORIENTED_EDGE('',*,*,#570,.T.);
#770=ORIENTED_EDGE('',*,*,#571,.T.);
#771=ORIENTED_EDGE('',*,*,#568,.T.);
#772=ORIENTED_EDGE('',*,*,#572,.T.);
#773=ORIENTED_EDGE('',*,*,#522,.F.);
#774=ORIENTED_EDGE('',*,*,#486,.T.);
#775=ORIENTED_EDGE('',*,*,#566,.T.);
#776=ORIENTED_EDGE('',*,*,#573,.T.);
#777=ORIENTED_EDGE('',*,*,#570,.F.);
#778=ORIENTED_EDGE('',*,*,#574,.T.);
#779=ORIENTED_EDGE('',*,*,#575,.T.);
#780=ORIENTED_EDGE('',*,*,#559,.F.);
#781=ORIENTED_EDGE('',*,*,#562,.F.);
#782=ORIENTED_EDGE('',*,*,#576,.F.);
#783=ORIENTED_EDGE('',*,*,#577,.F.);
#784=ORIENTED_EDGE('',*,*,#561,.F.);
#785=ORIENTED_EDGE('',*,*,#578,.F.);
#786=ORIENTED_EDGE('',*,*,#579,.F.);
#787=ORIENTED_EDGE('',*,*,#580,.T.);
#788=ORIENTED_EDGE('',*,*,#576,.T.);
#789=ORIENTED_EDGE('',*,*,#563,.F.);
#790=ORIENTED_EDGE('',*,*,#560,.F.);
#791=ORIENTED_EDGE('',*,*,#553,.F.);
#792=ORIENTED_EDGE('',*,*,#581,.T.);
#793=ORIENTED_EDGE('',*,*,#582,.T.);
#794=ORIENTED_EDGE('',*,*,#578,.T.);
#795=ORIENTED_EDGE('',*,*,#583,.T.);
#796=ORIENTED_EDGE('',*,*,#584,.T.);
#797=ORIENTED_EDGE('',*,*,#585,.T.);
#798=ORIENTED_EDGE('',*,*,#586,.T.);
#799=ORIENTED_EDGE('',*,*,#587,.F.);
#800=ORIENTED_EDGE('',*,*,#536,.F.);
#801=ORIENTED_EDGE('',*,*,#588,.T.);
#802=ORIENTED_EDGE('',*,*,#589,.T.);
#803=ORIENTED_EDGE('',*,*,#590,.F.);
#804=ORIENTED_EDGE('',*,*,#537,.F.);
#805=ORIENTED_EDGE('',*,*,#587,.T.);
#806=ORIENTED_EDGE('',*,*,#591,.T.);
#807=ORIENTED_EDGE('',*,*,#592,.F.);
#808=ORIENTED_EDGE('',*,*,#538,.F.);
#809=ORIENTED_EDGE('',*,*,#590,.T.);
#810=ORIENTED_EDGE('',*,*,#593,.T.);
#811=ORIENTED_EDGE('',*,*,#588,.F.);
#812=ORIENTED_EDGE('',*,*,#539,.F.);
#813=ORIENTED_EDGE('',*,*,#592,.T.);
#814=ORIENTED_EDGE('',*,*,#586,.F.);
#815=ORIENTED_EDGE('',*,*,#593,.F.);
#816=ORIENTED_EDGE('',*,*,#591,.F.);
#817=ORIENTED_EDGE('',*,*,#589,.F.);
#818=ORIENTED_EDGE('',*,*,#525,.F.);
#819=ORIENTED_EDGE('',*,*,#573,.F.);
#820=ORIENTED_EDGE('',*,*,#571,.F.);
#821=ORIENTED_EDGE('',*,*,#575,.F.);
#822=ORIENTED_EDGE('',*,*,#564,.F.);
#823=ORIENTED_EDGE('',*,*,#554,.F.);
#824=ORIENTED_EDGE('',*,*,#534,.F.);
#825=ORIENTED_EDGE('',*,*,#569,.F.);
#826=ORIENTED_EDGE('',*,*,#545,.T.);
#827=ORIENTED_EDGE('',*,*,#549,.T.);
#828=ORIENTED_EDGE('',*,*,#594,.T.);
#829=ORIENTED_EDGE('',*,*,#595,.T.);
#830=ORIENTED_EDGE('',*,*,#572,.F.);
#831=ORIENTED_EDGE('',*,*,#596,.T.);
#832=ORIENTED_EDGE('',*,*,#597,.T.);
#833=ORIENTED_EDGE('',*,*,#598,.T.);
#834=ORIENTED_EDGE('',*,*,#596,.F.);
#835=ORIENTED_EDGE('',*,*,#599,.T.);
#836=ORIENTED_EDGE('',*,*,#600,.F.);
#837=ORIENTED_EDGE('',*,*,#599,.F.);
#838=ORIENTED_EDGE('',*,*,#540,.F.);
#839=ORIENTED_EDGE('',*,*,#601,.T.);
#840=ORIENTED_EDGE('',*,*,#602,.F.);
#841=ORIENTED_EDGE('',*,*,#601,.F.);
#842=ORIENTED_EDGE('',*,*,#585,.F.);
#843=ORIENTED_EDGE('',*,*,#603,.T.);
#844=ORIENTED_EDGE('',*,*,#604,.F.);
#845=ORIENTED_EDGE('',*,*,#603,.F.);
#846=ORIENTED_EDGE('',*,*,#597,.F.);
#847=ORIENTED_EDGE('',*,*,#605,.T.);
#848=ORIENTED_EDGE('',*,*,#606,.F.);
#849=ORIENTED_EDGE('',*,*,#605,.F.);
#850=ORIENTED_EDGE('',*,*,#584,.F.);
#851=ORIENTED_EDGE('',*,*,#607,.T.);
#852=ORIENTED_EDGE('',*,*,#608,.F.);
#853=ORIENTED_EDGE('',*,*,#607,.F.);
#854=ORIENTED_EDGE('',*,*,#583,.F.);
#855=ORIENTED_EDGE('',*,*,#609,.T.);
#856=ORIENTED_EDGE('',*,*,#610,.F.);
#857=ORIENTED_EDGE('',*,*,#609,.F.);
#858=ORIENTED_EDGE('',*,*,#598,.F.);
#859=ORIENTED_EDGE('',*,*,#611,.T.);
#860=ORIENTED_EDGE('',*,*,#612,.F.);
#861=ORIENTED_EDGE('',*,*,#611,.F.);
#862=ORIENTED_EDGE('',*,*,#613,.F.);
#863=ORIENTED_EDGE('',*,*,#579,.T.);
#864=ORIENTED_EDGE('',*,*,#582,.F.);
#865=ORIENTED_EDGE('',*,*,#614,.F.);
#866=ORIENTED_EDGE('',*,*,#615,.T.);
#867=ORIENTED_EDGE('',*,*,#614,.T.);
#868=ORIENTED_EDGE('',*,*,#581,.F.);
#869=ORIENTED_EDGE('',*,*,#565,.F.);
#870=ORIENTED_EDGE('',*,*,#574,.F.);
#871=ORIENTED_EDGE('',*,*,#595,.F.);
#872=ORIENTED_EDGE('',*,*,#616,.F.);
#873=ORIENTED_EDGE('',*,*,#617,.F.);
#874=ORIENTED_EDGE('',*,*,#616,.T.);
#875=ORIENTED_EDGE('',*,*,#594,.F.);
#876=ORIENTED_EDGE('',*,*,#548,.F.);
#877=ORIENTED_EDGE('',*,*,#499,.F.);
#878=ORIENTED_EDGE('',*,*,#528,.F.);
#879=ORIENTED_EDGE('',*,*,#517,.F.);
#880=ORIENTED_EDGE('',*,*,#533,.F.);
#881=ORIENTED_EDGE('',*,*,#558,.F.);
#882=ORIENTED_EDGE('',*,*,#577,.T.);
#883=ORIENTED_EDGE('',*,*,#580,.F.);
#884=ORIENTED_EDGE('',*,*,#613,.T.);
#885=ORIENTED_EDGE('',*,*,#615,.F.);
#886=ORIENTED_EDGE('',*,*,#617,.T.);
#887=ORIENTED_EDGE('',*,*,#547,.T.);
#888=ORIENTED_EDGE('',*,*,#541,.F.);
#889=ORIENTED_EDGE('',*,*,#482,.F.);
#890=ORIENTED_EDGE('',*,*,#490,.T.);
#891=ORIENTED_EDGE('',*,*,#612,.T.);
#892=ORIENTED_EDGE('',*,*,#610,.T.);
#893=ORIENTED_EDGE('',*,*,#608,.T.);
#894=ORIENTED_EDGE('',*,*,#606,.T.);
#895=ORIENTED_EDGE('',*,*,#604,.T.);
#896=ORIENTED_EDGE('',*,*,#602,.T.);
#897=ORIENTED_EDGE('',*,*,#600,.T.);
#898=CYLINDRICAL_SURFACE('',#995,1.);
#899=CYLINDRICAL_SURFACE('',#1007,1.);
#900=CYLINDRICAL_SURFACE('',#1008,1.);
#901=CYLINDRICAL_SURFACE('',#1014,1.);
#902=CYLINDRICAL_SURFACE('',#1019,1.);
#903=CYLINDRICAL_SURFACE('',#1021,1.);
#904=CYLINDRICAL_SURFACE('',#1022,1.);
#905=CYLINDRICAL_SURFACE('',#1023,1.);
#906=CYLINDRICAL_SURFACE('',#1025,1.);
#907=CYLINDRICAL_SURFACE('',#1042,64.873);
#908=CYLINDRICAL_SURFACE('',#1054,1.);
#909=CYLINDRICAL_SURFACE('',#1056,1.);
#910=CYLINDRICAL_SURFACE('',#1066,1.);
#911=CYLINDRICAL_SURFACE('',#1072,64.873);
#912=CYLINDRICAL_SURFACE('',#1093,3.1);
#913=CYLINDRICAL_SURFACE('',#1095,15.7);
#914=CYLINDRICAL_SURFACE('',#1097,3.1);
#915=CYLINDRICAL_SURFACE('',#1099,3.1);
#916=CYLINDRICAL_SURFACE('',#1101,3.1);
#917=CYLINDRICAL_SURFACE('',#1103,3.1);
#918=CYLINDRICAL_SURFACE('',#1105,3.1);
#919=CYLINDRICAL_SURFACE('',#1107,54.873);
#920=CYLINDRICAL_SURFACE('',#1109,11.7785115547246);
#921=CYLINDRICAL_SURFACE('',#1111,54.873);
#922=ADVANCED_FACE('',(#81),#898,.F.);
#923=ADVANCED_FACE('',(#82),#73,.T.);
#924=ADVANCED_FACE('',(#83),#42,.T.);
#925=ADVANCED_FACE('',(#84),#36,.T.);
#926=ADVANCED_FACE('',(#85),#37,.T.);
#927=ADVANCED_FACE('',(#86),#899,.T.);
#928=ADVANCED_FACE('',(#87),#900,.T.);
#929=ADVANCED_FACE('',(#88),#38,.T.);
#930=ADVANCED_FACE('',(#89),#901,.T.);
#931=ADVANCED_FACE('',(#90),#39,.T.);
#932=ADVANCED_FACE('',(#91),#902,.T.);
#933=ADVANCED_FACE('',(#92),#903,.T.);
#934=ADVANCED_FACE('',(#93),#904,.T.);
#935=ADVANCED_FACE('',(#94),#905,.T.);
#936=ADVANCED_FACE('',(#95),#906,.T.);
#937=ADVANCED_FACE('',(#96),#74,.F.);
#938=ADVANCED_FACE('',(#97),#31,.T.);
#939=ADVANCED_FACE('',(#98),#75,.F.);
#940=ADVANCED_FACE('',(#99),#43,.T.);
#941=ADVANCED_FACE('',(#100),#44,.T.);
#942=ADVANCED_FACE('',(#101),#76,.T.);
#943=ADVANCED_FACE('',(#102,#16),#45,.T.);
#944=ADVANCED_FACE('',(#103,#17),#46,.T.);
#945=ADVANCED_FACE('',(#104),#32,.T.);
#946=ADVANCED_FACE('',(#105),#907,.T.);
#947=ADVANCED_FACE('',(#106),#47,.T.);
#948=ADVANCED_FACE('',(#107),#40,.F.);
#949=ADVANCED_FACE('',(#108),#33,.F.);
#950=ADVANCED_FACE('',(#109),#77,.T.);
#951=ADVANCED_FACE('',(#110),#908,.F.);
#952=ADVANCED_FACE('',(#111),#909,.F.);
#953=ADVANCED_FACE('',(#112),#34,.T.);
#954=ADVANCED_FACE('',(#113),#78,.T.);
#955=ADVANCED_FACE('',(#114),#41,.F.);
#956=ADVANCED_FACE('',(#115),#910,.F.);
#957=ADVANCED_FACE('',(#116),#35,.F.);
#958=ADVANCED_FACE('',(#117),#79,.T.);
#959=ADVANCED_FACE('',(#118),#80,.T.);
#960=ADVANCED_FACE('',(#119),#911,.T.);
#961=ADVANCED_FACE('',(#120),#48,.T.);
#962=ADVANCED_FACE('',(#121,#18,#19,#20),#49,.F.);
#963=ADVANCED_FACE('',(#122),#50,.T.);
#964=ADVANCED_FACE('',(#123),#51,.T.);
#965=ADVANCED_FACE('',(#124),#52,.T.);
#966=ADVANCED_FACE('',(#125),#53,.T.);
#967=ADVANCED_FACE('',(#126),#54,.T.);
#968=ADVANCED_FACE('',(#127),#15,.T.);
#969=ADVANCED_FACE('',(#128,#21,#22,#23),#55,.F.);
#970=ADVANCED_FACE('',(#129),#912,.F.);
#971=ADVANCED_FACE('',(#130),#913,.F.);
#972=ADVANCED_FACE('',(#131),#914,.F.);
#973=ADVANCED_FACE('',(#132),#915,.F.);
#974=ADVANCED_FACE('',(#133),#916,.F.);
#975=ADVANCED_FACE('',(#134),#917,.F.);
#976=ADVANCED_FACE('',(#135),#918,.F.);
#977=ADVANCED_FACE('',(#136),#919,.T.);
#978=ADVANCED_FACE('',(#137),#920,.F.);
#979=ADVANCED_FACE('',(#138),#921,.T.);
#980=ADVANCED_FACE('',(#139,#24,#25,#26,#27,#28,#29,#30),#56,.T.);
#981=CLOSED_SHELL('',(#922,#923,#924,#925,#926,#927,#928,#929,#930,#931,
#932,#933,#934,#935,#936,#937,#938,#939,#940,#941,#942,#943,#944,#945,#946,
#947,#948,#949,#950,#951,#952,#953,#954,#955,#956,#957,#958,#959,#960,#961,
#962,#963,#964,#965,#966,#967,#968,#969,#970,#971,#972,#973,#974,#975,#976,
#977,#978,#979,#980));
#982=DERIVED_UNIT_ELEMENT(#984,1.);
#983=DERIVED_UNIT_ELEMENT(#2020,-3.);
#984=(
MASS_UNIT()
NAMED_UNIT(*)
SI_UNIT(.KILO.,.GRAM.)
);
#985=DERIVED_UNIT((#982,#983));
#986=MEASURE_REPRESENTATION_ITEM('density measure',
POSITIVE_RATIO_MEASURE(7850.),#985);
#987=PROPERTY_DEFINITION_REPRESENTATION(#992,#989);
#988=PROPERTY_DEFINITION_REPRESENTATION(#993,#990);
#989=REPRESENTATION('material name',(#991),#2017);
#990=REPRESENTATION('density',(#986),#2017);
#991=DESCRIPTIVE_REPRESENTATION_ITEM('Stahl','Stahl');
#992=PROPERTY_DEFINITION('material property','material name',#2027);
#993=PROPERTY_DEFINITION('material property','density of part',#2027);
#994=AXIS2_PLACEMENT_3D('',#1410,#1114,#1115);
#995=AXIS2_PLACEMENT_3D('',#1411,#1116,#1117);
#996=AXIS2_PLACEMENT_3D('',#1414,#1118,#1119);
#997=AXIS2_PLACEMENT_3D('',#1418,#1121,#1122);
#998=AXIS2_PLACEMENT_3D('',#1473,#1124,#1125);
#999=AXIS2_PLACEMENT_3D('',#1493,#1131,#1132);
#1000=AXIS2_PLACEMENT_3D('',#1496,#1133,#1134);
#1001=AXIS2_PLACEMENT_3D('',#1498,#1135,#1136);
#1002=AXIS2_PLACEMENT_3D('',#1499,#1137,#1138);
#1003=AXIS2_PLACEMENT_3D('',#1500,#1139,#1140);
#1004=AXIS2_PLACEMENT_3D('',#1502,#1141,#1142);
#1005=AXIS2_PLACEMENT_3D('',#1504,#1143,#1144);
#1006=AXIS2_PLACEMENT_3D('',#1505,#1145,#1146);
#1007=AXIS2_PLACEMENT_3D('',#1506,#1147,#1148);
#1008=AXIS2_PLACEMENT_3D('',#1509,#1151,#1152);
#1009=AXIS2_PLACEMENT_3D('',#1511,#1153,#1154);
#1010=AXIS2_PLACEMENT_3D('',#1513,#1156,#1157);
#1011=AXIS2_PLACEMENT_3D('',#1516,#1158,#1159);
#1012=AXIS2_PLACEMENT_3D('',#1518,#1160,#1161);
#1013=AXIS2_PLACEMENT_3D('',#1519,#1162,#1163);
#1014=AXIS2_PLACEMENT_3D('',#1520,#1164,#1165);
#1015=AXIS2_PLACEMENT_3D('',#1523,#1168,#1169);
#1016=AXIS2_PLACEMENT_3D('',#1525,#1170,#1171);
#1017=AXIS2_PLACEMENT_3D('',#1527,#1172,#1173);
#1018=AXIS2_PLACEMENT_3D('',#1528,#1174,#1175);
#1019=AXIS2_PLACEMENT_3D('',#1529,#1176,#1177);
#1020=AXIS2_PLACEMENT_3D('',#1531,#1178,#1179);
#1021=AXIS2_PLACEMENT_3D('',#1533,#1181,#1182);
#1022=AXIS2_PLACEMENT_3D('',#1536,#1185,#1186);
#1023=AXIS2_PLACEMENT_3D('',#1538,#1188,#1189);
#1024=AXIS2_PLACEMENT_3D('',#1541,#1190,#1191);
#1025=AXIS2_PLACEMENT_3D('',#1544,#1194,#1195);
#1026=AXIS2_PLACEMENT_3D('',#1547,#1196,#1197);
#1027=AXIS2_PLACEMENT_3D('',#1572,#1200,#1201);
#1028=AXIS2_PLACEMENT_3D('',#1581,#1202,#1203);
#1029=AXIS2_PLACEMENT_3D('',#1584,#1204,#1205);
#1030=AXIS2_PLACEMENT_3D('',#1585,#1206,#1207);
#1031=AXIS2_PLACEMENT_3D('',#1586,#1208,#1209);
#1032=AXIS2_PLACEMENT_3D('',#1615,#1210,#1211);
#1033=AXIS2_PLACEMENT_3D('',#1617,#1213,#1214);
#1034=AXIS2_PLACEMENT_3D('',#1695,#1218,#1219);
#1035=AXIS2_PLACEMENT_3D('',#1696,#1220,#1221);
#1036=AXIS2_PLACEMENT_3D('',#1705,#1226,#1227);
#1037=AXIS2_PLACEMENT_3D('',#1707,#1228,#1229);
#1038=AXIS2_PLACEMENT_3D('',#1708,#1230,#1231);
#1039=AXIS2_PLACEMENT_3D('',#1710,#1232,#1233);
#1040=AXIS2_PLACEMENT_3D('',#1712,#1234,#1235);
#1041=AXIS2_PLACEMENT_3D('',#1713,#1236,#1237);
#1042=AXIS2_PLACEMENT_3D('',#1714,#1238,#1239);
#1043=AXIS2_PLACEMENT_3D('',#1718,#1241,#1242);
#1044=AXIS2_PLACEMENT_3D('',#1723,#1243,#1244);
#1045=AXIS2_PLACEMENT_3D('',#1729,#1248,#1249);
#1046=AXIS2_PLACEMENT_3D('',#1731,#1250,#1251);
#1047=AXIS2_PLACEMENT_3D('',#1732,#1252,#1253);
#1048=AXIS2_PLACEMENT_3D('',#1733,#1254,#1255);
#1049=AXIS2_PLACEMENT_3D('',#1736,#1256,#1257);
#1050=AXIS2_PLACEMENT_3D('',#1737,#1258,#1259);
#1051=AXIS2_PLACEMENT_3D('',#1738,#1260,#1261);
#1052=AXIS2_PLACEMENT_3D('',#1777,#1262,#1263);
#1053=AXIS2_PLACEMENT_3D('',#1778,#1264,#1265);
#1054=AXIS2_PLACEMENT_3D('',#1779,#1266,#1267);
#1055=AXIS2_PLACEMENT_3D('',#1781,#1268,#1269);
#1056=AXIS2_PLACEMENT_3D('',#1783,#1271,#1272);
#1057=AXIS2_PLACEMENT_3D('',#1785,#1274,#1275);
#1058=AXIS2_PLACEMENT_3D('',#1788,#1276,#1277);
#1059=AXIS2_PLACEMENT_3D('',#1789,#1278,#1279);
#1060=AXIS2_PLACEMENT_3D('',#1790,#1280,#1281);
#1061=AXIS2_PLACEMENT_3D('',#1828,#1282,#1283);
#1062=AXIS2_PLACEMENT_3D('',#1829,#1284,#1285);
#1063=AXIS2_PLACEMENT_3D('',#1831,#1286,#1287);
#1064=AXIS2_PLACEMENT_3D('',#1833,#1288,#1289);
#1065=AXIS2_PLACEMENT_3D('',#1834,#1290,#1291);
#1066=AXIS2_PLACEMENT_3D('',#1835,#1292,#1293);
#1067=AXIS2_PLACEMENT_3D('',#1837,#1295,#1296);
#1068=AXIS2_PLACEMENT_3D('',#1840,#1297,#1298);
#1069=AXIS2_PLACEMENT_3D('',#1841,#1299,#1300);
#1070=AXIS2_PLACEMENT_3D('',#1842,#1301,#1302);
#1071=AXIS2_PLACEMENT_3D('',#1921,#1303,#1304);
#1072=AXIS2_PLACEMENT_3D('',#1928,#1305,#1306);
#1073=AXIS2_PLACEMENT_3D('',#1931,#1308,#1309);
#1074=AXIS2_PLACEMENT_3D('',#1932,#1310,#1311);
#1075=AXIS2_PLACEMENT_3D('',#1938,#1315,#1316);
#1076=AXIS2_PLACEMENT_3D('',#1940,#1317,#1318);
#1077=AXIS2_PLACEMENT_3D('',#1941,#1319,#1320);
#1078=AXIS2_PLACEMENT_3D('',#1943,#1321,#1322);
#1079=AXIS2_PLACEMENT_3D('',#1945,#1323,#1324);
#1080=AXIS2_PLACEMENT_3D('',#1947,#1325,#1326);
#1081=AXIS2_PLACEMENT_3D('',#1948,#1327,#1328);
#1082=AXIS2_PLACEMENT_3D('',#1954,#1332,#1333);
#1083=AXIS2_PLACEMENT_3D('',#1958,#1336,#1337);
#1084=AXIS2_PLACEMENT_3D('',#1962,#1340,#1341);
#1085=AXIS2_PLACEMENT_3D('',#1964,#1343,#1344);
#1086=AXIS2_PLACEMENT_3D('',#1965,#1345,#1346);
#1087=AXIS2_PLACEMENT_3D('',#1966,#1347,#1348);
#1088=AXIS2_PLACEMENT_3D('',#1968,#1349,#1350);
#1089=AXIS2_PLACEMENT_3D('',#1969,#1351,#1352);
#1090=AXIS2_PLACEMENT_3D('',#1971,#1353,#1354);
#1091=AXIS2_PLACEMENT_3D('',#1973,#1355,#1356);
#1092=AXIS2_PLACEMENT_3D('',#1975,#1357,#1358);
#1093=AXIS2_PLACEMENT_3D('',#1976,#1359,#1360);
#1094=AXIS2_PLACEMENT_3D('',#1979,#1362,#1363);
#1095=AXIS2_PLACEMENT_3D('',#1980,#1364,#1365);
#1096=AXIS2_PLACEMENT_3D('',#1983,#1367,#1368);
#1097=AXIS2_PLACEMENT_3D('',#1984,#1369,#1370);
#1098=AXIS2_PLACEMENT_3D('',#1987,#1372,#1373);
#1099=AXIS2_PLACEMENT_3D('',#1988,#1374,#1375);
#1100=AXIS2_PLACEMENT_3D('',#1991,#1377,#1378);
#1101=AXIS2_PLACEMENT_3D('',#1992,#1379,#1380);
#1102=AXIS2_PLACEMENT_3D('',#1995,#1382,#1383);
#1103=AXIS2_PLACEMENT_3D('',#1996,#1384,#1385);
#1104=AXIS2_PLACEMENT_3D('',#1999,#1387,#1388);
#1105=AXIS2_PLACEMENT_3D('',#2000,#1389,#1390);
#1106=AXIS2_PLACEMENT_3D('',#2003,#1392,#1393);
#1107=AXIS2_PLACEMENT_3D('',#2004,#1394,#1395);
#1108=AXIS2_PLACEMENT_3D('',#2006,#1396,#1397);
#1109=AXIS2_PLACEMENT_3D('',#2008,#1399,#1400);
#1110=AXIS2_PLACEMENT_3D('',#2010,#1401,#1402);
#1111=AXIS2_PLACEMENT_3D('',#2012,#1404,#1405);
#1112=AXIS2_PLACEMENT_3D('',#2013,#1406,#1407);
#1113=AXIS2_PLACEMENT_3D('',#2014,#1408,#1409);
#1114=DIRECTION('axis',(0.,0.,1.));
#1115=DIRECTION('refdir',(1.,0.,0.));
#1116=DIRECTION('center_axis',(0.,0.,-1.));
#1117=DIRECTION('ref_axis',(0.584433531022772,-0.811441586200914,0.));
#1118=DIRECTION('center_axis',(0.,0.,1.));
#1119=DIRECTION('ref_axis',(0.,-1.,0.));
#1120=DIRECTION('',(0.,0.,-1.));
#1121=DIRECTION('center_axis',(0.707106781186546,0.,-0.70710678118655));
#1122=DIRECTION('ref_axis',(0.707106781186549,0.,0.707106781186545));
#1123=DIRECTION('',(0.,0.,1.));
#1124=DIRECTION('center_axis',(0.,1.,0.));
#1125=DIRECTION('ref_axis',(1.,0.,0.));
#1126=DIRECTION('',(-1.,0.,0.));
#1127=DIRECTION('',(1.,0.,0.));
#1128=DIRECTION('',(0.574159991180187,0.,-0.81874312487371));
#1129=DIRECTION('',(0.,0.,-1.));
#1130=DIRECTION('',(-1.,0.,0.));
#1131=DIRECTION('center_axis',(0.,0.,1.));
#1132=DIRECTION('ref_axis',(1.,0.,0.));
#1133=DIRECTION('center_axis',(0.,-1.,0.));
#1134=DIRECTION('ref_axis',(-0.818743124873707,0.,-0.574159991180191));
#1135=DIRECTION('center_axis',(-0.574159991180194,0.,0.818743124873705));
#1136=DIRECTION('ref_axis',(0.,-1.,0.));
#1137=DIRECTION('center_axis',(0.,4.44089209850062E-15,-1.));
#1138=DIRECTION('ref_axis',(-1.,0.,0.));
#1139=DIRECTION('center_axis',(0.,0.,1.));
#1140=DIRECTION('ref_axis',(1.,0.,0.));
#1141=DIRECTION('center_axis',(-0.57415999118018,3.92867292640562E-14,0.818743124873715));
#1142=DIRECTION('ref_axis',(-0.818743124873715,0.,-0.57415999118018));
#1143=DIRECTION('center_axis',(0.,1.,7.73458995178741E-15));
#1144=DIRECTION('ref_axis',(-1.,0.,0.));
#1145=DIRECTION('center_axis',(-3.66373598126296E-14,0.,-1.));
#1146=DIRECTION('ref_axis',(0.,1.,0.));
#1147=DIRECTION('center_axis',(0.,1.,0.));
#1148=DIRECTION('ref_axis',(-0.953609753744609,0.,-0.301045573897286));
#1149=DIRECTION('',(0.,-1.,0.));
#1150=DIRECTION('',(0.,1.,0.));
#1151=DIRECTION('center_axis',(0.,0.,-1.));
#1152=DIRECTION('ref_axis',(-0.707106781186552,0.707106781186543,0.));
#1153=DIRECTION('center_axis',(0.,0.,-1.));
#1154=DIRECTION('ref_axis',(-0.707106781186552,0.707106781186543,0.));
#1155=DIRECTION('',(0.,0.,1.));
#1156=DIRECTION('center_axis',(0.226554195407303,-0.871170796821545,0.435585398410765));
#1157=DIRECTION('ref_axis',(-0.401986568125426,-0.490980083878482,-0.772881204507796));
#1158=DIRECTION('center_axis',(-1.,0.,-4.44089209850064E-15));
#1159=DIRECTION('ref_axis',(0.,-1.,0.));
#1160=DIRECTION('center_axis',(0.57415999118019,0.,-0.818743124873708));
#1161=DIRECTION('ref_axis',(-0.818743124873708,0.,-0.57415999118019));
#1162=DIRECTION('center_axis',(0.,-1.,0.));
#1163=DIRECTION('ref_axis',(0.,0.,-1.));
#1164=DIRECTION('center_axis',(-0.574159991180187,0.,0.81874312487371));
#1165=DIRECTION('ref_axis',(-0.578938815648068,-0.707106781186544,-0.40599242324952));
#1166=DIRECTION('',(0.574159991180187,0.,-0.81874312487371));
#1167=DIRECTION('',(-0.574159991180187,0.,0.81874312487371));
#1168=DIRECTION('center_axis',(-0.226554195407304,-0.871170796821543,-0.435585398410768));
#1169=DIRECTION('ref_axis',(-0.401986568125426,0.490980083878479,-0.772881204507797));
#1170=DIRECTION('center_axis',(0.574159991180178,0.,-0.818743124873716));
#1171=DIRECTION('ref_axis',(0.,1.,0.));
#1172=DIRECTION('center_axis',(-1.,-8.88178419700124E-15,0.));
#1173=DIRECTION('ref_axis',(0.,0.,-1.));
#1174=DIRECTION('center_axis',(0.,1.,0.));
#1175=DIRECTION('ref_axis',(-0.818743124873708,0.,-0.57415999118019));
#1176=DIRECTION('center_axis',(1.,0.,0.));
#1177=DIRECTION('ref_axis',(0.,0.707106781186555,-0.70710678118654));
#1178=DIRECTION('center_axis',(-1.,-1.66533453693773E-15,0.));
#1179=DIRECTION('ref_axis',(-1.66533453693773E-15,1.,8.02895527840518E-10));
#1180=DIRECTION('',(-1.,0.,0.));
#1181=DIRECTION('center_axis',(0.,-1.,0.));
#1182=DIRECTION('ref_axis',(-0.461432556729482,0.,-0.887175290227412));
#1183=DIRECTION('',(0.,1.,0.));
#1184=DIRECTION('',(0.,-1.,0.));
#1185=DIRECTION('center_axis',(0.574159991180187,0.,-0.81874312487371));
#1186=DIRECTION('ref_axis',(-0.578938815648061,0.707106781186551,-0.405992423249517));
#1187=DIRECTION('',(-0.574159991180187,0.,0.81874312487371));
#1188=DIRECTION('center_axis',(-1.,0.,0.));
#1189=DIRECTION('ref_axis',(0.,-0.707106781186555,-0.70710678118654));
#1190=DIRECTION('center_axis',(-1.,1.66533453693773E-15,0.));
#1191=DIRECTION('ref_axis',(0.,0.,-1.));
#1192=DIRECTION('',(-1.,0.,0.));
#1193=DIRECTION('',(1.,0.,0.));
#1194=DIRECTION('center_axis',(0.,0.,-1.));
#1195=DIRECTION('ref_axis',(-0.70710678118654,-0.707106781186555,0.));
#1196=DIRECTION('center_axis',(0.,0.,-1.));
#1197=DIRECTION('ref_axis',(-0.70710678118654,-0.707106781186555,0.));
#1198=DIRECTION('',(0.,0.,-1.));
#1199=DIRECTION('',(0.,0.,1.));
#1200=DIRECTION('center_axis',(-0.992439865497905,-0.1227318759349,-5.50914794615836E-16));
#1201=DIRECTION('ref_axis',(-0.11906740896701,0.962808092358036,-0.242535625036329));
#1202=DIRECTION('center_axis',(0.,0.,-1.));
#1203=DIRECTION('ref_axis',(1.,-8.70693551300024E-12,0.));
#1204=DIRECTION('center_axis',(0.992439865495767,-0.122731875952187,0.));
#1205=DIRECTION('ref_axis',(-0.119067408986725,-0.962808092379761,-0.242535624940406));
#1206=DIRECTION('center_axis',(0.,0.,1.));
#1207=DIRECTION('ref_axis',(-0.122731875934904,0.992439865497905,0.));
#1208=DIRECTION('center_axis',(0.,0.,-1.));
#1209=DIRECTION('ref_axis',(-0.122731875934904,0.992439865497905,0.));
#1210=DIRECTION('center_axis',(-1.,0.,0.));
#1211=DIRECTION('ref_axis',(0.,1.,0.));
#1212=DIRECTION('',(0.,1.,0.));
#1213=DIRECTION('center_axis',(0.,-1.,0.));
#1214=DIRECTION('ref_axis',(-1.,0.,0.));
#1215=DIRECTION('',(1.,0.,0.));
#1216=DIRECTION('',(0.,0.,-1.));
#1217=DIRECTION('',(-1.,0.,0.));
#1218=DIRECTION('center_axis',(0.270613445585241,0.,-0.962688092306373));
#1219=DIRECTION('ref_axis',(0.862803242010416,0.443561761386793,0.242535625036327));
#1220=DIRECTION('center_axis',(-0.81874312487371,0.,-0.574159991180187));
#1221=DIRECTION('ref_axis',(-0.574159991180187,0.,0.81874312487371));
#1222=DIRECTION('',(-4.35786420397612E-16,1.,6.21424587388041E-16));
#1223=DIRECTION('',(-0.574159991180187,6.82309999194531E-16,0.81874312487371));
#1224=DIRECTION('',(0.,-1.,0.));
#1225=DIRECTION('',(0.574159991180187,-3.10140908724787E-17,-0.81874312487371));
#1226=DIRECTION('center_axis',(0.,0.,-1.));
#1227=DIRECTION('ref_axis',(-1.,0.,0.));
#1228=DIRECTION('center_axis',(0.,0.,1.));
#1229=DIRECTION('ref_axis',(1.,0.,0.));
#1230=DIRECTION('center_axis',(0.,0.,1.));
#1231=DIRECTION('ref_axis',(1.,0.,0.));
#1232=DIRECTION('center_axis',(0.,0.,-1.));
#1233=DIRECTION('ref_axis',(0.0509335624353212,0.998702043763628,0.));
#1234=DIRECTION('center_axis',(-0.207911690817759,0.978147600733806,0.));
#1235=DIRECTION('ref_axis',(0.978147600733806,0.207911690817759,0.));
#1236=DIRECTION('center_axis',(0.,0.,1.));
#1237=DIRECTION('ref_axis',(0.0509335624353213,0.998702043763628,0.));
#1238=DIRECTION('center_axis',(0.,0.,-1.));
#1239=DIRECTION('ref_axis',(1.,0.,0.));
#1240=DIRECTION('',(0.,0.,-1.));
#1241=DIRECTION('center_axis',(0.,0.,-1.));
#1242=DIRECTION('ref_axis',(1.,0.,0.));
#1243=DIRECTION('center_axis',(0.207911690817759,-0.978147600733806,0.));
#1244=DIRECTION('ref_axis',(-0.978147600733806,-0.207911690817759,0.));
#1245=DIRECTION('',(0.978147600733805,0.207911690817759,0.));
#1246=DIRECTION('',(0.,0.,-1.));
#1247=DIRECTION('',(-0.978147600733805,-0.207911690817759,0.));
#1248=DIRECTION('center_axis',(-0.910898198490276,0.312735940124005,0.269185259146791));
#1249=DIRECTION('ref_axis',(0.412631157315063,0.690375894820287,0.59423619198423));
#1250=DIRECTION('center_axis',(0.457212998420683,-0.889357225233578,0.));
#1251=DIRECTION('ref_axis',(0.,0.,1.));
#1252=DIRECTION('center_axis',(-1.,0.,0.));
#1253=DIRECTION('ref_axis',(0.,1.,0.));
#1254=DIRECTION('center_axis',(0.,0.,1.));
#1255=DIRECTION('ref_axis',(1.,0.,0.));
#1256=DIRECTION('center_axis',(0.0828488969937218,0.996562120626167,-2.2128124235769E-15));
#1257=DIRECTION('ref_axis',(-0.966807267254405,0.080375236063773,0.242535625036328));
#1258=DIRECTION('center_axis',(0.,0.,-1.));
#1259=DIRECTION('ref_axis',(0.227399106347186,-0.973801646349245,0.));
#1260=DIRECTION('center_axis',(0.,0.,1.));
#1261=DIRECTION('ref_axis',(0.227399106347186,-0.973801646349245,0.));
#1262=DIRECTION('center_axis',(0.,0.,-1.));
#1263=DIRECTION('ref_axis',(0.,1.,0.));
#1264=DIRECTION('center_axis',(-1.,0.,0.));
#1265=DIRECTION('ref_axis',(0.,0.,1.));
#1266=DIRECTION('center_axis',(0.,0.,-1.));
#1267=DIRECTION('ref_axis',(0.584433531022772,0.811441586200914,0.));
#1268=DIRECTION('center_axis',(0.,0.,1.));
#1269=DIRECTION('ref_axis',(0.584433531022772,0.811441586200914,0.));
#1270=DIRECTION('',(0.,0.,1.));
#1271=DIRECTION('center_axis',(1.,0.,0.));
#1272=DIRECTION('ref_axis',(0.,0.707106781186549,0.707106781186546));
#1273=DIRECTION('',(-1.,0.,0.));
#1274=DIRECTION('center_axis',(0.,0.,-1.));
#1275=DIRECTION('ref_axis',(-1.,0.,0.));
#1276=DIRECTION('center_axis',(-0.207911690817759,-0.978147600733806,0.));
#1277=DIRECTION('ref_axis',(0.978147600733806,-0.207911690817759,0.));
#1278=DIRECTION('center_axis',(0.,0.,-1.));
#1279=DIRECTION('ref_axis',(0.0509335624353213,-0.998702043763628,0.));
#1280=DIRECTION('center_axis',(0.,0.,1.));
#1281=DIRECTION('ref_axis',(0.0509335624353212,-0.998702043763628,0.));
#1282=DIRECTION('center_axis',(0.,0.,1.));
#1283=DIRECTION('ref_axis',(1.,0.,0.));
#1284=DIRECTION('center_axis',(-0.910898198490285,-0.312735940123989,0.26918525914678));
#1285=DIRECTION('ref_axis',(0.412631157315047,-0.690375894820291,0.594236191984237));
#1286=DIRECTION('center_axis',(0.270613445585243,-8.0286523233794E-16,-0.962688092306373));
#1287=DIRECTION('ref_axis',(8.88178419700124E-15,-1.,3.33066907387547E-15));
#1288=DIRECTION('center_axis',(-1.,0.,0.));
#1289=DIRECTION('ref_axis',(0.,0.,1.));
#1290=DIRECTION('center_axis',(0.457212998420694,0.889357225233572,1.59094856068892E-14));
#1291=DIRECTION('ref_axis',(0.862803242010412,-0.4435617613868,0.242535625036328));
#1292=DIRECTION('center_axis',(-1.,0.,0.));
#1293=DIRECTION('ref_axis',(0.,-0.707106781186549,0.707106781186546));
#1294=DIRECTION('',(1.,0.,0.));
#1295=DIRECTION('center_axis',(0.,0.,1.));
#1296=DIRECTION('ref_axis',(1.,0.,0.));
#1297=DIRECTION('center_axis',(0.082848896993721,-0.996562120626167,-5.53203105894224E-15));
#1298=DIRECTION('ref_axis',(0.,-5.55111512312581E-15,1.));
#1299=DIRECTION('center_axis',(0.,0.,1.));
#1300=DIRECTION('ref_axis',(0.227399106347186,0.973801646349245,0.));
#1301=DIRECTION('center_axis',(0.,0.,-1.));
#1302=DIRECTION('ref_axis',(0.227399106347186,0.973801646349245,0.));
#1303=DIRECTION('center_axis',(0.,0.,1.));
#1304=DIRECTION('ref_axis',(1.,0.,0.));
#1305=DIRECTION('center_axis',(0.,0.,-1.));
#1306=DIRECTION('ref_axis',(1.,0.,0.));
#1307=DIRECTION('',(0.,0.,-1.));
#1308=DIRECTION('center_axis',(0.,0.,1.));
#1309=DIRECTION('ref_axis',(1.,0.,0.));
#1310=DIRECTION('center_axis',(0.207911690817759,0.978147600733806,0.));
#1311=DIRECTION('ref_axis',(0.978147600733806,-0.207911690817759,0.));
#1312=DIRECTION('',(0.978147600733805,-0.207911690817759,0.));
#1313=DIRECTION('',(0.,0.,-1.));
#1314=DIRECTION('',(0.978147600733805,-0.207911690817759,0.));
#1315=DIRECTION('center_axis',(0.,0.,1.));
#1316=DIRECTION('ref_axis',(1.,0.,0.));
#1317=DIRECTION('center_axis',(0.,0.,1.));
#1318=DIRECTION('ref_axis',(1.,0.,0.));
#1319=DIRECTION('center_axis',(0.,0.,-1.));
#1320=DIRECTION('ref_axis',(1.,0.,0.));
#1321=DIRECTION('center_axis',(0.,0.,1.));
#1322=DIRECTION('ref_axis',(1.,0.,0.));
#1323=DIRECTION('center_axis',(0.,0.,1.));
#1324=DIRECTION('ref_axis',(1.,0.,0.));
#1325=DIRECTION('center_axis',(0.,0.,1.));
#1326=DIRECTION('ref_axis',(1.,0.,0.));
#1327=DIRECTION('center_axis',(0.879156896981605,6.79253601651558E-16,-0.476532423335155));
#1328=DIRECTION('ref_axis',(1.2463848993833E-15,-1.,8.7405233839053E-16));
#1329=DIRECTION('',(-1.2463848993833E-15,1.,-8.7405233839053E-16));
#1330=DIRECTION('',(-0.435177180665615,0.407475119886485,-0.802860416324919));
#1331=DIRECTION('',(-0.435177180665614,-0.407475119886485,-0.802860416324919));
#1332=DIRECTION('center_axis',(0.365321391817341,0.894934361602025,0.256188932439746));
#1333=DIRECTION('ref_axis',(0.574159991180186,0.,-0.818743124873711));
#1334=DIRECTION('',(-0.574159991180186,0.,0.818743124873711));
#1335=DIRECTION('',(-0.903089003145954,0.407475119886485,-0.135625510396617));
#1336=DIRECTION('center_axis',(-0.148514113346923,0.,0.988910288214648));
#1337=DIRECTION('ref_axis',(0.,1.,0.));
#1338=DIRECTION('',(0.,-1.,0.));
#1339=DIRECTION('',(-0.903089003145954,-0.407475119886485,-0.135625510396617));
#1340=DIRECTION('center_axis',(0.365321391817341,-0.894934361602025,0.256188932439747));
#1341=DIRECTION('ref_axis',(-0.574159991180187,0.,0.81874312487371));
#1342=DIRECTION('',(0.574159991180187,0.,-0.81874312487371));
#1343=DIRECTION('center_axis',(-0.818743124873711,0.,-0.574159991180186));
#1344=DIRECTION('ref_axis',(0.,-1.,0.));
#1345=DIRECTION('center_axis',(0.,0.,1.));
#1346=DIRECTION('ref_axis',(1.,0.,0.));
#1347=DIRECTION('center_axis',(0.,0.,1.));
#1348=DIRECTION('ref_axis',(1.,0.,0.));
#1349=DIRECTION('center_axis',(0.,0.,-1.));
#1350=DIRECTION('ref_axis',(1.,0.,0.));
#1351=DIRECTION('center_axis',(0.,0.,1.));
#1352=DIRECTION('ref_axis',(1.,0.,0.));
#1353=DIRECTION('center_axis',(0.,0.,1.));
#1354=DIRECTION('ref_axis',(1.,0.,0.));
#1355=DIRECTION('center_axis',(0.,0.,1.));
#1356=DIRECTION('ref_axis',(1.,0.,0.));
#1357=DIRECTION('center_axis',(0.,0.,1.));
#1358=DIRECTION('ref_axis',(1.,0.,0.));
#1359=DIRECTION('center_axis',(0.,0.,-1.));
#1360=DIRECTION('ref_axis',(1.,0.,0.));
#1361=DIRECTION('',(0.,0.,1.));
#1362=DIRECTION('center_axis',(0.,0.,-1.));
#1363=DIRECTION('ref_axis',(1.,0.,0.));
#1364=DIRECTION('center_axis',(0.,0.,-1.));
#1365=DIRECTION('ref_axis',(1.,0.,0.));
#1366=DIRECTION('',(0.,0.,1.));
#1367=DIRECTION('center_axis',(0.,0.,-1.));
#1368=DIRECTION('ref_axis',(1.,0.,0.));
#1369=DIRECTION('center_axis',(0.,0.,-1.));
#1370=DIRECTION('ref_axis',(1.,0.,0.));
#1371=DIRECTION('',(0.,0.,1.));
#1372=DIRECTION('center_axis',(0.,0.,-1.));
#1373=DIRECTION('ref_axis',(1.,0.,0.));
#1374=DIRECTION('center_axis',(0.,0.,-1.));
#1375=DIRECTION('ref_axis',(1.,0.,0.));
#1376=DIRECTION('',(0.,0.,1.));
#1377=DIRECTION('center_axis',(0.,0.,-1.));
#1378=DIRECTION('ref_axis',(1.,0.,0.));
#1379=DIRECTION('center_axis',(0.,0.,-1.));
#1380=DIRECTION('ref_axis',(1.,0.,0.));
#1381=DIRECTION('',(0.,0.,1.));
#1382=DIRECTION('center_axis',(0.,0.,-1.));
#1383=DIRECTION('ref_axis',(1.,0.,0.));
#1384=DIRECTION('center_axis',(0.,0.,-1.));
#1385=DIRECTION('ref_axis',(1.,0.,0.));
#1386=DIRECTION('',(0.,0.,1.));
#1387=DIRECTION('center_axis',(0.,0.,-1.));
#1388=DIRECTION('ref_axis',(1.,0.,0.));
#1389=DIRECTION('center_axis',(0.,0.,-1.));
#1390=DIRECTION('ref_axis',(1.,0.,0.));
#1391=DIRECTION('',(0.,0.,1.));
#1392=DIRECTION('center_axis',(0.,0.,-1.));
#1393=DIRECTION('ref_axis',(1.,0.,0.));
#1394=DIRECTION('center_axis',(0.,0.,-1.));
#1395=DIRECTION('ref_axis',(1.,0.,0.));
#1396=DIRECTION('center_axis',(0.,0.,1.));
#1397=DIRECTION('ref_axis',(1.,0.,0.));
#1398=DIRECTION('',(0.,0.,-1.));
#1399=DIRECTION('center_axis',(0.,0.,-1.));
#1400=DIRECTION('ref_axis',(-1.,-1.22464679914735E-16,0.));
#1401=DIRECTION('center_axis',(0.,0.,1.));
#1402=DIRECTION('ref_axis',(1.,0.,0.));
#1403=DIRECTION('',(0.,0.,-1.));
#1404=DIRECTION('center_axis',(0.,0.,-1.));
#1405=DIRECTION('ref_axis',(1.,0.,0.));
#1406=DIRECTION('center_axis',(0.,0.,1.));
#1407=DIRECTION('ref_axis',(1.,0.,0.));
#1408=DIRECTION('center_axis',(0.,0.,1.));
#1409=DIRECTION('ref_axis',(1.,0.,0.));
#1410=CARTESIAN_POINT('',(0.,0.,0.));
#1411=CARTESIAN_POINT('Origin',(-62.4783892778135,20.8735,-1.5));
#1412=CARTESIAN_POINT('',(-62.4783892778135,19.8735,-2.5));
#1413=CARTESIAN_POINT('',(-61.5299219349292,20.5566251043675,-2.5));
#1414=CARTESIAN_POINT('Origin',(-62.4783892778135,20.8735,-2.5));
#1415=CARTESIAN_POINT('',(-61.5299219349135,20.5566251044148,-7.55153265708418));
#1416=CARTESIAN_POINT('',(-61.5299219349292,20.5566251043675,-1.5));
#1417=CARTESIAN_POINT('',(-62.4783892778135,19.8735,-8.5));
#1418=CARTESIAN_POINT('Origin',(-62.4783892778135,20.8735,-8.5));
#1419=CARTESIAN_POINT('',(-62.4783892778135,19.8735,-1.5));
#1420=CARTESIAN_POINT('Ctrl Pts',(-61.5299219349293,20.5566251043675,-2.5));
#1421=CARTESIAN_POINT('Ctrl Pts',(-61.5299219349293,20.5566251043675,-2.34615546441077));
#1422=CARTESIAN_POINT('Ctrl Pts',(-61.4455860556001,20.5789771809278,-2.03902861160069));
#1423=CARTESIAN_POINT('Ctrl Pts',(-61.0460904610987,20.6859194000903,-1.62226241604187));
#1424=CARTESIAN_POINT('Ctrl Pts',(-60.6214399007088,20.8022262438303,-1.5));
#1425=CARTESIAN_POINT('Ctrl Pts',(-60.3660262627084,20.8735,-1.5));
#1426=CARTESIAN_POINT('Ctrl Pts',(-61.6052695678571,20.3310951864703,-2.5));
#1427=CARTESIAN_POINT('Ctrl Pts',(-61.6052695678571,20.3310951864703,-2.33411388837027));
#1428=CARTESIAN_POINT('Ctrl Pts',(-61.5102807042714,20.3474606081167,-2.00225632701838));
#1429=CARTESIAN_POINT('Ctrl Pts',(-61.0693925936469,20.4264591324093,-1.57381914971003));
#1430=CARTESIAN_POINT('Ctrl Pts',(-60.6207811632095,20.5166693623317,-1.47802311194375));
#1431=CARTESIAN_POINT('Ctrl Pts',(-60.3660262627084,20.5743006996581,-1.5));
#1432=CARTESIAN_POINT('Ctrl Pts',(-61.8836127884504,19.9872807284788,-2.5));
#1433=CARTESIAN_POINT('Ctrl Pts',(-61.8836127884504,19.9872807284788,-2.28873970202672));
#1434=CARTESIAN_POINT('Ctrl Pts',(-61.7664563892665,19.9916148807128,-1.86761621709816));
#1435=CARTESIAN_POINT('Ctrl Pts',(-61.2217924376334,20.0133649548703,-1.32525656529791));
#1436=CARTESIAN_POINT('Ctrl Pts',(-60.6733948207474,20.0390791204077,-1.21486767158174));
#1437=CARTESIAN_POINT('Ctrl Pts',(-60.3660262627084,20.056438584283,-1.24875537821907));
#1438=CARTESIAN_POINT('Ctrl Pts',(-62.3000516263467,19.8735,-2.5));
#1439=CARTESIAN_POINT('Ctrl Pts',(-62.3000516263467,19.8735,-2.22121087665269));
#1440=CARTESIAN_POINT('Ctrl Pts',(-62.1572993413383,19.8736379388565,-1.66490214401424));
#1441=CARTESIAN_POINT('Ctrl Pts',(-61.4848826235389,19.8734887415372,-0.918577568648558));
#1442=CARTESIAN_POINT('Ctrl Pts',(-60.7814038089685,19.8736837836956,-0.71430573062612));
#1443=CARTESIAN_POINT('Ctrl Pts',(-60.3660262627084,19.8735,-0.724399475256415));
#1444=CARTESIAN_POINT('Ctrl Pts',(-62.4783892778135,19.8735,-2.5));
#1445=CARTESIAN_POINT('Ctrl Pts',(-62.4783892778135,19.8735,-2.19231092882146));
#1446=CARTESIAN_POINT('Ctrl Pts',(-62.3246328370744,19.8735,-1.57805722320138));
#1447=CARTESIAN_POINT('Ctrl Pts',(-61.5974883968941,19.8735,-0.744524832083651));
#1448=CARTESIAN_POINT('Ctrl Pts',(-60.8275631400689,19.8735,-0.5));
#1449=CARTESIAN_POINT('Ctrl Pts',(-60.3660262627084,19.8735,-0.500000000000001));
#1450=CARTESIAN_POINT('',(-62.1958172967847,19.8735,-1.50000000000879));
#1451=CARTESIAN_POINT('',(-60.3660262627085,20.8734999999999,-1.5));
#1452=CARTESIAN_POINT('Ctrl Pts',(-62.195817296774,19.8735,-1.5));
#1453=CARTESIAN_POINT('Ctrl Pts',(-62.0166825737138,19.8735,-1.5));
#1454=CARTESIAN_POINT('Ctrl Pts',(-61.8400770534575,19.9083966650434,-1.5));
#1455=CARTESIAN_POINT('Ctrl Pts',(-61.4673385330746,20.0397321653014,-1.5));
#1456=CARTESIAN_POINT('Ctrl Pts',(-61.2781164450305,20.1453062238217,-1.5));
#1457=CARTESIAN_POINT('Ctrl Pts',(-60.8462598817051,20.4421272510874,-1.5));
#1458=CARTESIAN_POINT('Ctrl Pts',(-60.6099344702255,20.6543835226739,-1.5));
#1459=CARTESIAN_POINT('Ctrl Pts',(-60.3703705301568,20.8695973277993,-1.5));
#1460=CARTESIAN_POINT('Ctrl Pts',(-60.3681823654327,20.8715630835556,-1.5));
#1461=CARTESIAN_POINT('Ctrl Pts',(-60.3660262627084,20.8735,-1.5));
#1462=CARTESIAN_POINT('Ctrl Pts',(-60.3660262627084,20.8735,-1.5));
#1463=CARTESIAN_POINT('Ctrl Pts',(-60.6214399007088,20.8022262438303,-1.5));
#1464=CARTESIAN_POINT('Ctrl Pts',(-61.0460904610987,20.6859194000903,-1.62226241604187));
#1465=CARTESIAN_POINT('Ctrl Pts',(-61.4455860556001,20.5789771809278,-2.03902861160069));
#1466=CARTESIAN_POINT('Ctrl Pts',(-61.5299219349293,20.5566251043675,-2.34615546441077));
#1467=CARTESIAN_POINT('Ctrl Pts',(-61.5299219349293,20.5566251043675,-2.5));
#1468=CARTESIAN_POINT('Ctrl Pts',(-62.4783892778135,19.8735,-2.5));
#1469=CARTESIAN_POINT('Ctrl Pts',(-62.4783892778135,19.8735,-2.19231092882146));
#1470=CARTESIAN_POINT('Ctrl Pts',(-62.3907554826224,19.8735,-1.84221578370144));
#1471=CARTESIAN_POINT('Ctrl Pts',(-62.2180919101278,19.8735,-1.53693288142193));
#1472=CARTESIAN_POINT('Ctrl Pts',(-62.1956889446739,19.8735,-1.5001988488902));
#1473=CARTESIAN_POINT('Origin',(-90.,19.8735,-1.5));
#1474=CARTESIAN_POINT('',(-40.6025159062338,19.8735,-8.5));
#1475=CARTESIAN_POINT('',(-51.6361576743989,19.8735,-8.5));
#1476=CARTESIAN_POINT('',(-3.43209178477735,19.8735,-106.499999999197));
#1477=CARTESIAN_POINT('Ctrl Pts',(-3.43307488043763,19.8735,-106.501514493452));
#1478=CARTESIAN_POINT('Ctrl Pts',(-4.22120975039085,19.8735,-105.992670340159));
#1479=CARTESIAN_POINT('Ctrl Pts',(-5.88963708248207,19.8735,-104.510719648635));
#1480=CARTESIAN_POINT('Ctrl Pts',(-8.81761037453012,19.8735,-100.759105375471));
#1481=CARTESIAN_POINT('Ctrl Pts',(-13.1527044889993,19.8735,-92.9697017936378));
#1482=CARTESIAN_POINT('Ctrl Pts',(-19.9228848929743,19.8735,-76.5182652680224));
#1483=CARTESIAN_POINT('Ctrl Pts',(-29.4331384266675,19.8735,-47.5638220200863));
#1484=CARTESIAN_POINT('Ctrl Pts',(-36.4805215685157,19.8735,-23.1637017864857));
#1485=CARTESIAN_POINT('Ctrl Pts',(-40.6025159062338,19.8735,-8.49999999999999));
#1486=CARTESIAN_POINT('',(-19.3528856981114,19.8735,-106.5));
#1487=CARTESIAN_POINT('',(-62.531625,19.8735,-106.5));
#1488=CARTESIAN_POINT('',(-89.,19.8735,-7.18430946441654));
#1489=CARTESIAN_POINT('',(-73.0597755111953,19.8735,-29.9148190952359));
#1490=CARTESIAN_POINT('',(-89.,19.8735,-1.5));
#1491=CARTESIAN_POINT('',(-89.,19.8735,-1.5));
#1492=CARTESIAN_POINT('',(0.,19.8735,-1.5));
#1493=CARTESIAN_POINT('Origin',(-89.,-18.8735,-7.1843094644165));
#1494=CARTESIAN_POINT('',(-89.8187431248737,-18.8735,-7.75846945559669));
#1495=CARTESIAN_POINT('',(-90.,-18.8735,-7.1843094644165));
#1496=CARTESIAN_POINT('Origin',(-89.,-18.8735,-7.1843094644165));
#1497=CARTESIAN_POINT('',(-89.,-19.8735,-7.18430946441651));
#1498=CARTESIAN_POINT('Origin',(-89.,-18.8735,-7.1843094644165));
#1499=CARTESIAN_POINT('Origin',(-89.,-18.8735,-7.1843094644165));
#1500=CARTESIAN_POINT('Origin',(-89.,18.8735,-7.1843094644165));
#1501=CARTESIAN_POINT('',(-89.8187431248737,18.8735,-7.75846945559669));
#1502=CARTESIAN_POINT('Origin',(-89.,18.8735,-7.1843094644165));
#1503=CARTESIAN_POINT('',(-90.,18.8735,-7.1843094644165));
#1504=CARTESIAN_POINT('Origin',(-89.,18.8735,-7.1843094644165));
#1505=CARTESIAN_POINT('Origin',(-89.,18.8735,-7.18430946441654));
#1506=CARTESIAN_POINT('Origin',(-89.,-14.905125,-7.1843094644165));
#1507=CARTESIAN_POINT('',(-89.8187431248737,-14.905125,-7.75846945559669));
#1508=CARTESIAN_POINT('',(-90.,-14.905125,-7.1843094644165));
#1509=CARTESIAN_POINT('Origin',(-89.,18.8735,-1.5));
#1510=CARTESIAN_POINT('',(-90.,18.8735,-1.5));
#1511=CARTESIAN_POINT('Origin',(-89.,18.8735,-1.5));
#1512=CARTESIAN_POINT('',(-90.,18.8735,-1.5));
#1513=CARTESIAN_POINT('Origin',(-19.3528856981114,-18.8735,-106.5));
#1514=CARTESIAN_POINT('',(-19.3528856981114,-19.8735,-106.5));
#1515=CARTESIAN_POINT('',(-19.3528856981114,-18.8735,-107.5));
#1516=CARTESIAN_POINT('Origin',(-19.3528856981114,-18.8735,-106.5));
#1517=CARTESIAN_POINT('',(-20.1716288229851,-18.8735,-107.07415999118));
#1518=CARTESIAN_POINT('Origin',(-19.3528856981114,-18.8735,-106.5));
#1519=CARTESIAN_POINT('Origin',(-19.3528856981114,-18.8735,-106.5));
#1520=CARTESIAN_POINT('Origin',(-68.4039831051504,-18.8735,-36.5539059035193));
#1521=CARTESIAN_POINT('',(-69.2227262300241,-18.8735,-37.1280658946995));
#1522=CARTESIAN_POINT('',(-68.4039831051504,-19.8735,-36.5539059035193));
#1523=CARTESIAN_POINT('Origin',(-19.3528856981114,18.8735,-106.5));
#1524=CARTESIAN_POINT('',(-20.1716288229851,18.8735,-107.07415999118));
#1525=CARTESIAN_POINT('Origin',(-19.3528856981114,18.8735,-106.5));
#1526=CARTESIAN_POINT('',(-19.3528856981114,18.8735,-107.5));
#1527=CARTESIAN_POINT('Origin',(-19.3528856981114,18.8735,-106.5));
#1528=CARTESIAN_POINT('Origin',(-19.3528856981114,18.8735,-106.5));
#1529=CARTESIAN_POINT('Origin',(-62.531625,18.8735,-106.5));
#1530=CARTESIAN_POINT('',(-3.43209178477735,18.8735,-107.5));
#1531=CARTESIAN_POINT('Origin',(-3.43209178477735,18.8735,-106.5));
#1532=CARTESIAN_POINT('',(-62.531625,18.8735,-107.5));
#1533=CARTESIAN_POINT('Origin',(-19.3528856981114,-4.968375,-106.5));
#1534=CARTESIAN_POINT('',(-20.1716288229851,-4.968375,-107.07415999118));
#1535=CARTESIAN_POINT('',(-19.3528856981114,-4.968375,-107.5));
#1536=CARTESIAN_POINT('Origin',(-73.0597755111953,18.8735,-29.9148190952359));
#1537=CARTESIAN_POINT('',(-73.878518636069,18.8735,-30.4889790864161));
#1538=CARTESIAN_POINT('Origin',(-48.4085991342558,-18.8735,-106.5));
#1539=CARTESIAN_POINT('',(-3.43209178249161,-18.8735,-107.5));
#1540=CARTESIAN_POINT('',(-3.43209178249161,-19.8735,-106.499999999939));
#1541=CARTESIAN_POINT('Origin',(-3.43209178249161,-18.8735,-106.5));
#1542=CARTESIAN_POINT('',(-48.4085991342558,-19.8735,-106.5));
#1543=CARTESIAN_POINT('',(-48.4085991342558,-18.8735,-107.5));
#1544=CARTESIAN_POINT('Origin',(-89.,-18.8735,-1.5));
#1545=CARTESIAN_POINT('',(-89.,-19.8735,-1.5));
#1546=CARTESIAN_POINT('',(-90.,-18.8735,-1.5));
#1547=CARTESIAN_POINT('Origin',(-89.,-18.8735,-1.5));
#1548=CARTESIAN_POINT('',(-90.,-18.8735,-1.5));
#1549=CARTESIAN_POINT('',(-89.,-19.8735,-1.5));
#1550=CARTESIAN_POINT('Ctrl Pts',(-3.43209178230323,19.8735,-106.5));
#1551=CARTESIAN_POINT('Ctrl Pts',(-3.12199951290696,19.8735,-106.583118145329));
#1552=CARTESIAN_POINT('Ctrl Pts',(-2.79999187290948,19.8883526049677,-106.665431042345));
#1553=CARTESIAN_POINT('Ctrl Pts',(-2.46229182637764,19.910691907642,-106.742535625036));
#1554=CARTESIAN_POINT('Ctrl Pts',(-3.43209178230323,19.8735,-106.799199300342));
#1555=CARTESIAN_POINT('Ctrl Pts',(-3.12217190297729,19.847870956808,-106.866407907392));
#1556=CARTESIAN_POINT('Ctrl Pts',(-2.79606300249352,19.8434562797077,-106.930120704363));
#1557=CARTESIAN_POINT('Ctrl Pts',(-2.45477460380737,19.8499058135672,-106.987532208459));
#1558=CARTESIAN_POINT('Ctrl Pts',(-3.43209178230324,19.6222202406822,-107.317019255628));
#1559=CARTESIAN_POINT('Ctrl Pts',(-3.1084030312603,19.5827010196321,-107.337263543551));
#1560=CARTESIAN_POINT('Ctrl Pts',(-2.76979722204777,19.5698022350977,-107.355296896742));
#1561=CARTESIAN_POINT('Ctrl Pts',(-2.42075801854305,19.5748394133573,-107.371223019789));
#1562=CARTESIAN_POINT('Ctrl Pts',(-3.43209178230326,19.0978994752564,-107.5));
#1563=CARTESIAN_POINT('Ctrl Pts',(-3.08013733043867,19.0861283356648,-107.49978567483));
#1564=CARTESIAN_POINT('Ctrl Pts',(-2.72407851001271,19.1030112507873,-107.500102992905));
#1565=CARTESIAN_POINT('Ctrl Pts',(-2.366470144412,19.1358544301133,-107.5));
#1566=CARTESIAN_POINT('Ctrl Pts',(-3.43209178230326,18.8735,-107.5));
#1567=CARTESIAN_POINT('Ctrl Pts',(-3.06805754092764,18.8735,-107.5));
#1568=CARTESIAN_POINT('Ctrl Pts',(-2.70450651095819,18.9032052099353,-107.5));
#1569=CARTESIAN_POINT('Ctrl Pts',(-2.34322441741063,18.9478838152839,-107.5));
#1570=CARTESIAN_POINT('',(-2.46229182637764,19.910691907642,-106.742535625036));
#1571=CARTESIAN_POINT('',(-2.34322441741063,18.9478838152839,-107.5));
#1572=CARTESIAN_POINT('Origin',(-2.34322441741063,18.9478838152839,-106.5));
#1573=CARTESIAN_POINT('Ctrl Pts',(-2.34322441741063,18.9478838152839,-107.5));
#1574=CARTESIAN_POINT('Ctrl Pts',(-2.70450651095819,18.9032052099353,-107.5));
#1575=CARTESIAN_POINT('Ctrl Pts',(-3.06805754092764,18.8735,-107.5));
#1576=CARTESIAN_POINT('Ctrl Pts',(-3.43209178230326,18.8735,-107.5));
#1577=CARTESIAN_POINT('Ctrl Pts',(-3.43209178230323,19.8735,-106.5));
#1578=CARTESIAN_POINT('Ctrl Pts',(-3.12199951290696,19.8735,-106.583118145329));
#1579=CARTESIAN_POINT('Ctrl Pts',(-2.79999187290948,19.8883526049677,-106.665431042345));
#1580=CARTESIAN_POINT('Ctrl Pts',(-2.46229182637764,19.910691907642,-106.742535625036));
#1581=CARTESIAN_POINT('Origin',(0.,0.,-106.5));
#1582=CARTESIAN_POINT('',(-2.46229182672991,-19.910691907644,-106.742535624946));
#1583=CARTESIAN_POINT('',(-2.34322441774057,-18.9478838152431,-107.5));
#1584=CARTESIAN_POINT('Origin',(-2.34322441774057,-18.9478838152431,-106.5));
#1585=CARTESIAN_POINT('Origin',(0.,0.,-107.5));
#1586=CARTESIAN_POINT('Origin',(1.2490009027033E-15,0.,-106.742535625036));
#1587=CARTESIAN_POINT('Ctrl Pts',(-2.46229182670642,-19.9106919076202,-106.742535624961));
#1588=CARTESIAN_POINT('Ctrl Pts',(-2.79999187311727,-19.888352604958,-106.665431042292));
#1589=CARTESIAN_POINT('Ctrl Pts',(-3.12199951300824,-19.8735,-106.583118145302));
#1590=CARTESIAN_POINT('Ctrl Pts',(-3.43209178230306,-19.8735,-106.5));
#1591=CARTESIAN_POINT('Ctrl Pts',(-2.45477460413963,-19.8499058135605,-106.987532208403));
#1592=CARTESIAN_POINT('Ctrl Pts',(-2.79606300270374,-19.8434562797111,-106.930120704322));
#1593=CARTESIAN_POINT('Ctrl Pts',(-3.12217190307852,-19.8478709568164,-106.86640790737));
#1594=CARTESIAN_POINT('Ctrl Pts',(-3.43209178230306,-19.8735,-106.799199300342));
#1595=CARTESIAN_POINT('Ctrl Pts',(-2.42075801888287,-19.5748394133525,-107.371223019773));
#1596=CARTESIAN_POINT('Ctrl Pts',(-2.76979722226611,-19.5698022351057,-107.355296896731));
#1597=CARTESIAN_POINT('Ctrl Pts',(-3.10840303136603,-19.582701019645,-107.337263543544));
#1598=CARTESIAN_POINT('Ctrl Pts',(-3.43209178230306,-19.6222202406821,-107.317019255628));
#1599=CARTESIAN_POINT('Ctrl Pts',(-2.36647014476016,-19.1358544300814,-107.5));
#1600=CARTESIAN_POINT('Ctrl Pts',(-2.72407851024241,-19.1030112507761,-107.500102992905));
#1601=CARTESIAN_POINT('Ctrl Pts',(-3.08013733055363,-19.0861283356687,-107.49978567483));
#1602=CARTESIAN_POINT('Ctrl Pts',(-3.43209178230306,-19.0978994752564,-107.5));
#1603=CARTESIAN_POINT('Ctrl Pts',(-2.34322441776236,-18.9478838152404,-107.5));
#1604=CARTESIAN_POINT('Ctrl Pts',(-2.70450651119276,-18.903205209916,-107.5));
#1605=CARTESIAN_POINT('Ctrl Pts',(-3.06805754104655,-18.8735,-107.5));
#1606=CARTESIAN_POINT('Ctrl Pts',(-3.43209178230306,-18.8735,-107.5));
#1607=CARTESIAN_POINT('Ctrl Pts',(-3.43209178230306,-18.8735,-107.5));
#1608=CARTESIAN_POINT('Ctrl Pts',(-3.06805754104655,-18.8735,-107.5));
#1609=CARTESIAN_POINT('Ctrl Pts',(-2.70450651119276,-18.903205209916,-107.5));
#1610=CARTESIAN_POINT('Ctrl Pts',(-2.34322441776236,-18.9478838152404,-107.5));
#1611=CARTESIAN_POINT('Ctrl Pts',(-2.46229182670642,-19.9106919076202,-106.742535624961));
#1612=CARTESIAN_POINT('Ctrl Pts',(-2.79999187311727,-19.888352604958,-106.665431042292));
#1613=CARTESIAN_POINT('Ctrl Pts',(-3.12199951300824,-19.8735,-106.583118145302));
#1614=CARTESIAN_POINT('Ctrl Pts',(-3.43209178230306,-19.8735,-106.5));
#1615=CARTESIAN_POINT('Origin',(-90.,-19.8735,-1.5));
#1616=CARTESIAN_POINT('',(-90.,-19.8735,-1.5));
#1617=CARTESIAN_POINT('Origin',(-61.7539482685115,-19.8735,-1.5));
#1618=CARTESIAN_POINT('',(-40.6025159062338,-19.8735,-8.5));
#1619=CARTESIAN_POINT('Ctrl Pts',(-40.5959313369763,-19.8735240500274,-8.49814906511392));
#1620=CARTESIAN_POINT('Ctrl Pts',(-36.4741831391131,-19.8735249621775,-23.1618807470347));
#1621=CARTESIAN_POINT('Ctrl Pts',(-29.4273066980677,-19.8735166113896,-47.5620590053639));
#1622=CARTESIAN_POINT('Ctrl Pts',(-19.9182130217,-19.8735133297377,-76.5166030478224));
#1623=CARTESIAN_POINT('Ctrl Pts',(-13.1492745944408,-19.8735065831462,-92.9681142084875));
#1624=CARTESIAN_POINT('Ctrl Pts',(-8.81518548323254,-19.8735041410608,-100.757558462531));
#1625=CARTESIAN_POINT('Ctrl Pts',(-5.88797270464781,-19.8735025419526,-104.509193639258));
#1626=CARTESIAN_POINT('Ctrl Pts',(-4.22000504086108,-19.8735018483767,-105.991152885263));
#1627=CARTESIAN_POINT('Ctrl Pts',(-3.43209178405365,-19.8735016248756,-106.500000002358));
#1628=CARTESIAN_POINT('',(-60.3660262627084,-19.8735,-8.5));
#1629=CARTESIAN_POINT('',(-37.5131318086547,-19.8735,-8.5));
#1630=CARTESIAN_POINT('',(-62.4783892778135,-19.8735,-6.5));
#1631=CARTESIAN_POINT('Ctrl Pts',(-62.4783892778135,-19.8735,-6.50000000000001));
#1632=CARTESIAN_POINT('Ctrl Pts',(-62.4783892778135,-19.8735,-6.80768763046044));
#1633=CARTESIAN_POINT('Ctrl Pts',(-62.3246340846017,-19.8735,-7.42193339097164));
#1634=CARTESIAN_POINT('Ctrl Pts',(-61.5974956024133,-19.8735,-8.25547487443912));
#1635=CARTESIAN_POINT('Ctrl Pts',(-60.827557708399,-19.8735,-8.5));
#1636=CARTESIAN_POINT('Ctrl Pts',(-60.3660262627084,-19.8735,-8.5));
#1637=CARTESIAN_POINT('',(-62.4783892778135,-19.8735,-1.5));
#1638=CARTESIAN_POINT('',(-62.4783892778135,-19.8735,-1.5));
#1639=CARTESIAN_POINT('',(0.,-19.8735,-1.5));
#1640=CARTESIAN_POINT('Ctrl Pts',(-2.58135923565047,-19.8735,-106.985071249923));
#1641=CARTESIAN_POINT('Ctrl Pts',(-3.7200393687058,-19.8735,-106.426061854579));
#1642=CARTESIAN_POINT('Ctrl Pts',(-5.68766417535869,-19.8735,-104.769507679022));
#1643=CARTESIAN_POINT('Ctrl Pts',(-8.81761037469538,-19.8735,-100.759105375204));
#1644=CARTESIAN_POINT('Ctrl Pts',(-13.1527044891147,-19.8735,-92.9697017933778));
#1645=CARTESIAN_POINT('Ctrl Pts',(-19.9228848930481,-19.8735,-76.5182652678071));
#1646=CARTESIAN_POINT('Ctrl Pts',(-29.4331384267034,-19.8735,-47.5638220199616));
#1647=CARTESIAN_POINT('Ctrl Pts',(-36.4805215685289,-19.8735,-23.1637017864388));
#1648=CARTESIAN_POINT('Ctrl Pts',(-40.6025159062338,-19.8735,-8.5));
#1649=CARTESIAN_POINT('Ctrl Pts',(-2.56126492908489,-19.8735,-106.944139938456));
#1650=CARTESIAN_POINT('Ctrl Pts',(-3.69117102414191,-19.8734993738583,-106.385041698438));
#1651=CARTESIAN_POINT('Ctrl Pts',(-5.64401835010205,-19.8735012393465,-104.728226994969));
#1652=CARTESIAN_POINT('Ctrl Pts',(-8.75195162213684,-19.8735028332706,-100.717219631531));
#1653=CARTESIAN_POINT('Ctrl Pts',(-13.0598330793185,-19.8734888681621,-92.9267146814639));
#1654=CARTESIAN_POINT('Ctrl Pts',(-19.7963840883892,-19.8735314049432,-76.4732571107127));
#1655=CARTESIAN_POINT('Ctrl Pts',(-29.2752304751404,-19.8734407265441,-47.5160841904684));
#1656=CARTESIAN_POINT('Ctrl Pts',(-36.3088929913282,-19.8735739778169,-23.1143926486944));
#1657=CARTESIAN_POINT('Ctrl Pts',(-40.4242216680805,-19.8735,-8.4498811520572));
#1658=CARTESIAN_POINT('Ctrl Pts',(-2.52107650001299,-19.8797482895081,-106.862277690443));
#1659=CARTESIAN_POINT('Ctrl Pts',(-3.63343473580195,-19.8808318327638,-106.303001957756));
#1660=CARTESIAN_POINT('Ctrl Pts',(-5.55672730638732,-19.8839997175422,-104.64566647831));
#1661=CARTESIAN_POINT('Ctrl Pts',(-8.62063588972949,-19.8912663952536,-100.633450553554));
#1662=CARTESIAN_POINT('Ctrl Pts',(-12.8741117491811,-19.9042396861405,-92.8407504572671));
#1663=CARTESIAN_POINT('Ctrl Pts',(-19.5434331753663,-19.9271450854062,-76.3832631979401));
#1664=CARTESIAN_POINT('Ctrl Pts',(-28.9596783615243,-19.956065750814,-47.4206888414029));
#1665=CARTESIAN_POINT('Ctrl Pts',(-35.9659703207996,-19.9715679757377,-23.0158726291437));
#1666=CARTESIAN_POINT('Ctrl Pts',(-40.0680986457688,-19.9793629774793,-8.34977429617084));
#1667=CARTESIAN_POINT('Ctrl Pts',(-2.48163878764118,-19.8983720294155,-106.781944622797));
#1668=CARTESIAN_POINT('Ctrl Pts',(-3.57690647072916,-19.9026631423073,-106.222758759117));
#1669=CARTESIAN_POINT('Ctrl Pts',(-5.47197193194777,-19.9151883155267,-104.565688574255));
#1670=CARTESIAN_POINT('Ctrl Pts',(-8.49588882788904,-19.9436657305244,-100.55409521575));
#1671=CARTESIAN_POINT('Ctrl Pts',(-12.7042414647155,-19.9938342463555,-92.762542360859));
#1672=CARTESIAN_POINT('Ctrl Pts',(-19.3283990416555,-20.0801106607231,-76.3072512578225));
#1673=CARTESIAN_POINT('Ctrl Pts',(-28.7173418200944,-20.1842149352781,-47.3477460446552));
#1674=CARTESIAN_POINT('Ctrl Pts',(-35.718582637186,-20.2375605674545,-22.9448414952924));
#1675=CARTESIAN_POINT('Ctrl Pts',(-39.8187971705438,-20.2639497857909,-8.27969517943585));
#1676=CARTESIAN_POINT('Ctrl Pts',(-2.46229182666956,-19.9106919076437,-106.742535624886));
#1677=CARTESIAN_POINT('Ctrl Pts',(-3.54924051569792,-19.9170893704943,-106.183526229542));
#1678=CARTESIAN_POINT('Ctrl Pts',(-5.43084433778708,-19.935731343571,-104.526972053986));
#1679=CARTESIAN_POINT('Ctrl Pts',(-8.43671572369502,-19.9778890533832,-100.516569750168));
#1680=CARTESIAN_POINT('Ctrl Pts',(-12.6269493812751,-20.05154588898,-92.7271661683415));
#1681=CARTESIAN_POINT('Ctrl Pts',(-19.2384993675828,-20.1759625322229,-76.2757296427707));
#1682=CARTESIAN_POINT('Ctrl Pts',(-28.6289125407916,-20.3219284821666,-47.3212863949252));
#1683=CARTESIAN_POINT('Ctrl Pts',(-35.6360289592386,-20.3943209364708,-22.9211661614025));
#1684=CARTESIAN_POINT('Ctrl Pts',(-39.7397126642234,-20.4299382386132,-8.25746437496367));
#1685=CARTESIAN_POINT('',(-39.7397126642234,-20.4299382386132,-8.25746437496367));
#1686=CARTESIAN_POINT('Ctrl Pts',(-2.46229182666956,-19.9106919076437,-106.742535624886));
#1687=CARTESIAN_POINT('Ctrl Pts',(-3.54924051569792,-19.9170893704943,-106.183526229542));
#1688=CARTESIAN_POINT('Ctrl Pts',(-5.43084433778708,-19.935731343571,-104.526972053986));
#1689=CARTESIAN_POINT('Ctrl Pts',(-8.43671572369502,-19.9778890533832,-100.516569750168));
#1690=CARTESIAN_POINT('Ctrl Pts',(-12.6269493812751,-20.05154588898,-92.7271661683415));
#1691=CARTESIAN_POINT('Ctrl Pts',(-19.2384993675828,-20.1759625322229,-76.2757296427707));
#1692=CARTESIAN_POINT('Ctrl Pts',(-28.6289125407916,-20.3219284821666,-47.3212863949252));
#1693=CARTESIAN_POINT('Ctrl Pts',(-35.6360289592386,-20.3943209364708,-22.9211661614025));
#1694=CARTESIAN_POINT('Ctrl Pts',(-39.7397126642234,-20.4299382386132,-8.25746437496367));
#1695=CARTESIAN_POINT('Origin',(-40.6025159062338,-20.8735,-8.5));
#1696=CARTESIAN_POINT('Origin',(-54.9365,-9.93675,-57.5));
#1697=CARTESIAN_POINT('',(-44.8887001543467,-17.5,-71.8280046852899));
#1698=CARTESIAN_POINT('',(-44.8887001543468,17.5,-71.82800468529));
#1699=CARTESIAN_POINT('',(-44.8887001543467,-13.718375,-71.8280046852899));
#1700=CARTESIAN_POINT('',(-64.9842998456533,17.5,-43.1719953147101));
#1701=CARTESIAN_POINT('',(-49.9126000771734,17.5,-64.664002342645));
#1702=CARTESIAN_POINT('',(-64.9842998456533,-17.5,-43.1719953147101));
#1703=CARTESIAN_POINT('',(-64.9842998456533,3.781625,-43.1719953147101));
#1704=CARTESIAN_POINT('',(-59.9603999228266,-17.5,-50.3359976573551));
#1705=CARTESIAN_POINT('Origin',(-35.06325,0.,-107.5));
#1706=CARTESIAN_POINT('',(-15.7,1.92269547466134E-15,-107.5));
#1707=CARTESIAN_POINT('Origin',(0.,0.,-107.5));
#1708=CARTESIAN_POINT('Origin',(0.,0.,-2.5));
#1709=CARTESIAN_POINT('',(62.4772217016704,13.2799434276027,-1.5));
#1710=CARTESIAN_POINT('Origin',(0.,0.,-1.5));
#1711=CARTESIAN_POINT('',(63.4553693024042,13.4878551184205,-2.5));
#1712=CARTESIAN_POINT('Origin',(62.4772217016704,13.2799434276027,-2.5));
#1713=CARTESIAN_POINT('Origin',(0.,0.,-2.5));
#1714=CARTESIAN_POINT('Origin',(0.,0.,-1.5));
#1715=CARTESIAN_POINT('',(63.4553693024042,13.4878551184205,-7.5));
#1716=CARTESIAN_POINT('',(63.4553693024042,13.4878551184205,-1.5));
#1717=CARTESIAN_POINT('',(-61.4231481344778,20.8735,-7.5));
#1718=CARTESIAN_POINT('Origin',(0.,0.,-7.5));
#1719=CARTESIAN_POINT('Ctrl Pts',(-61.529921934912,20.5566251044191,-7.55153265709853));
#1720=CARTESIAN_POINT('Ctrl Pts',(-61.4949869483256,20.661192220205,-7.51659767051849));
#1721=CARTESIAN_POINT('Ctrl Pts',(-61.4581799154404,20.7704141604676,-7.5));
#1722=CARTESIAN_POINT('Ctrl Pts',(-61.4231481344778,20.8735,-7.5));
#1723=CARTESIAN_POINT('Origin',(63.4553693024042,13.4878551184205,-1.5));
#1724=CARTESIAN_POINT('',(53.6738932950661,11.4087382102429,-1.5));
#1725=CARTESIAN_POINT('',(0.,0.,-1.5));
#1726=CARTESIAN_POINT('',(53.6738932950661,11.4087382102429,-7.5));
#1727=CARTESIAN_POINT('',(53.6738932950661,11.4087382102429,-1.5));
#1728=CARTESIAN_POINT('',(0.,0.,-7.5));
#1729=CARTESIAN_POINT('Origin',(-40.6025159062338,-20.8735,-8.5));
#1730=CARTESIAN_POINT('',(-40.6025159062338,-20.8735,-7.5));
#1731=CARTESIAN_POINT('Origin',(-40.6025159062338,-20.8735,-8.5));
#1732=CARTESIAN_POINT('Origin',(-40.6025159062338,-20.8735,-8.5));
#1733=CARTESIAN_POINT('Origin',(0.,0.,-8.5));
#1734=CARTESIAN_POINT('',(44.5300169629049,-3.70198978280501,-8.25746437496367));
#1735=CARTESIAN_POINT('',(45.4968242301593,-3.78236501886878,-7.5));
#1736=CARTESIAN_POINT('Origin',(45.4968242301593,-3.78236501886878,-8.5));
#1737=CARTESIAN_POINT('Origin',(0.,0.,-7.5));
#1738=CARTESIAN_POINT('Origin',(2.22044604925031E-15,0.,-8.25746437496367));
#1739=CARTESIAN_POINT('Ctrl Pts',(-60.3660262627084,-19.8735,-8.5));
#1740=CARTESIAN_POINT('Ctrl Pts',(-60.827557708399,-19.8735,-8.5));
#1741=CARTESIAN_POINT('Ctrl Pts',(-61.5974956024133,-19.8735,-8.25547487443912));
#1742=CARTESIAN_POINT('Ctrl Pts',(-62.3246340846017,-19.8735,-7.42193339097164));
#1743=CARTESIAN_POINT('Ctrl Pts',(-62.4783892778135,-19.8735,-6.80768763046044));
#1744=CARTESIAN_POINT('Ctrl Pts',(-62.4783892778135,-19.8735,-6.50000000000001));
#1745=CARTESIAN_POINT('Ctrl Pts',(-60.3660262627084,-19.8735,-8.20080069965812));
#1746=CARTESIAN_POINT('Ctrl Pts',(-60.7656192972461,-19.8740594266427,-8.2146707349983));
#1747=CARTESIAN_POINT('Ctrl Pts',(-61.4471981359477,-19.8733925376027,-8.02307405944438));
#1748=CARTESIAN_POINT('Ctrl Pts',(-62.1013298057631,-19.8739599647093,-7.30639588338026));
#1749=CARTESIAN_POINT('Ctrl Pts',(-62.2406057425244,-19.8735,-6.76905193195973));
#1750=CARTESIAN_POINT('Ctrl Pts',(-62.2406057425244,-19.8735,-6.50000000000001));
#1751=CARTESIAN_POINT('Ctrl Pts',(-60.3660262627084,-20.1247498333613,-7.68294483744446));
#1752=CARTESIAN_POINT('Ctrl Pts',(-60.6592273402688,-20.1004314888234,-7.7188936178466));
#1753=CARTESIAN_POINT('Ctrl Pts',(-61.1863453327732,-20.0647033532792,-7.61946032984878));
#1754=CARTESIAN_POINT('Ctrl Pts',(-61.7127956285162,-20.0344912815111,-7.10455153402907));
#1755=CARTESIAN_POINT('Ctrl Pts',(-61.8263111356162,-20.0285558740159,-6.70193996647119));
#1756=CARTESIAN_POINT('Ctrl Pts',(-61.8263111356162,-20.0285558740159,-6.50000000000001));
#1757=CARTESIAN_POINT('Ctrl Pts',(-60.3660262627084,-20.6491005247436,-7.5));
#1758=CARTESIAN_POINT('Ctrl Pts',(-60.6212693712677,-20.5878633065369,-7.51614467076445));
#1759=CARTESIAN_POINT('Ctrl Pts',(-61.0636991791842,-20.4913927053286,-7.41434963815246));
#1760=CARTESIAN_POINT('Ctrl Pts',(-61.4942689801224,-20.4051614357403,-6.98833674262218));
#1761=CARTESIAN_POINT('Ctrl Pts',(-61.5864326596251,-20.3874776659446,-6.66296101421957));
#1762=CARTESIAN_POINT('Ctrl Pts',(-61.5864326596251,-20.3874776659446,-6.5));
#1763=CARTESIAN_POINT('Ctrl Pts',(-60.3660262627084,-20.8735,-7.5));
#1764=CARTESIAN_POINT('Ctrl Pts',(-60.6214368948319,-20.8022270826268,-7.5));
#1765=CARTESIAN_POINT('Ctrl Pts',(-61.046094434824,-20.6859183127612,-7.37773743721953));
#1766=CARTESIAN_POINT('Ctrl Pts',(-61.4455867310401,-20.5789770157578,-6.9609666954858));
#1767=CARTESIAN_POINT('Ctrl Pts',(-61.5299219349292,-20.5566251043675,-6.65384381523014));
#1768=CARTESIAN_POINT('Ctrl Pts',(-61.5299219349292,-20.5566251043675,-6.5));
#1769=CARTESIAN_POINT('',(-61.5299219349292,-20.5566251043675,-6.5));
#1770=CARTESIAN_POINT('',(-60.3660262627084,-20.8735,-7.5));
#1771=CARTESIAN_POINT('Ctrl Pts',(-60.3660262627084,-20.8735,-7.5));
#1772=CARTESIAN_POINT('Ctrl Pts',(-60.6214368948319,-20.8022270826268,-7.5));
#1773=CARTESIAN_POINT('Ctrl Pts',(-61.046094434824,-20.6859183127612,-7.37773743721953));
#1774=CARTESIAN_POINT('Ctrl Pts',(-61.4455867310401,-20.5789770157578,-6.9609666954858));
#1775=CARTESIAN_POINT('Ctrl Pts',(-61.5299219349292,-20.5566251043675,-6.65384381523014));
#1776=CARTESIAN_POINT('Ctrl Pts',(-61.5299219349292,-20.5566251043675,-6.5));
#1777=CARTESIAN_POINT('Origin',(-62.4783892778135,-20.8735,-6.5));
#1778=CARTESIAN_POINT('Origin',(-60.3660262627084,-20.8735,-8.5));
#1779=CARTESIAN_POINT('Origin',(-62.4783892778135,-20.8735,-1.5));
#1780=CARTESIAN_POINT('',(-61.5299219349292,-20.5566251043675,-1.5));
#1781=CARTESIAN_POINT('Origin',(-62.4783892778135,-20.8735,-1.5));
#1782=CARTESIAN_POINT('',(-61.5299219349292,-20.5566251043675,-1.5));
#1783=CARTESIAN_POINT('Origin',(-37.5131318086547,-20.8735,-8.5));
#1784=CARTESIAN_POINT('',(-37.5131318086547,-20.8735,-7.5));
#1785=CARTESIAN_POINT('Origin',(0.,0.,-6.5));
#1786=CARTESIAN_POINT('',(62.4772217016704,-13.2799434276027,-7.5));
#1787=CARTESIAN_POINT('',(63.4553693024042,-13.4878551184205,-6.5));
#1788=CARTESIAN_POINT('Origin',(62.4772217016704,-13.2799434276027,-6.5));
#1789=CARTESIAN_POINT('Origin',(0.,0.,-6.5));
#1790=CARTESIAN_POINT('Origin',(0.,0.,-7.5));
#1791=CARTESIAN_POINT('Ctrl Pts',(45.4968242301593,-3.78236501886878,-7.5));
#1792=CARTESIAN_POINT('Ctrl Pts',(45.1177896234229,-2.66454257120916,-7.5));
#1793=CARTESIAN_POINT('Ctrl Pts',(44.8732380656584,-1.34590551671372,-7.49999999999989));
#1794=CARTESIAN_POINT('Ctrl Pts',(44.8730049705506,-0.00846448688787212,
-7.5));
#1795=CARTESIAN_POINT('Ctrl Pts',(44.873,-0.004235396242557,-7.5));
#1796=CARTESIAN_POINT('Ctrl Pts',(44.873,-3.66289769667168E-15,-7.5));
#1797=CARTESIAN_POINT('Ctrl Pts',(45.2766142864145,-3.7640579303605,-7.5));
#1798=CARTESIAN_POINT('Ctrl Pts',(44.9759723195353,-2.64788772996114,-7.60554422398478));
#1799=CARTESIAN_POINT('Ctrl Pts',(44.8578589954939,-1.3207301613371,-7.56715608988377));
#1800=CARTESIAN_POINT('Ctrl Pts',(44.8728954709554,-0.00832626818930971,
-7.50041634261218));
#1801=CARTESIAN_POINT('Ctrl Pts',(44.8729476767958,-0.00416354652998604,
-7.50020929281683));
#1802=CARTESIAN_POINT('Ctrl Pts',(44.873,-3.66289769667168E-15,-7.5));
#1803=CARTESIAN_POINT('Ctrl Pts',(44.837114432289,-3.7275202400454,-7.65214443064007));
#1804=CARTESIAN_POINT('Ctrl Pts',(44.7654529181945,-2.58874567734273,-7.85064359639381));
#1805=CARTESIAN_POINT('Ctrl Pts',(44.8246886442641,-1.27300534817984,-7.6983999272678));
#1806=CARTESIAN_POINT('Ctrl Pts',(44.8726829382303,-0.00804395880567757,
-7.50125612874217));
#1807=CARTESIAN_POINT('Ctrl Pts',(44.8728430303874,-0.00401984710484411,
-7.50062787845049));
#1808=CARTESIAN_POINT('Ctrl Pts',(44.873,-3.66289769667168E-15,-7.5));
#1809=CARTESIAN_POINT('Ctrl Pts',(44.5834257192502,-3.70642990395895,-8.04309236446904));
#1810=CARTESIAN_POINT('Ctrl Pts',(44.666477681943,-2.49467038451004,-8.11986701337975));
#1811=CARTESIAN_POINT('Ctrl Pts',(44.7904759873782,-1.22906626471222,-7.83025612188319));
#1812=CARTESIAN_POINT('Ctrl Pts',(44.8724749305706,-0.00775318170585174,
-7.50209511953001));
#1813=CARTESIAN_POINT('Ctrl Pts',(44.872738383979,-0.0038761476797022,-7.50104646408415));
#1814=CARTESIAN_POINT('Ctrl Pts',(44.873,-3.66289769667168E-15,-7.5));
#1815=CARTESIAN_POINT('Ctrl Pts',(44.5300169629049,-3.701989782805,-8.25746437496367));
#1816=CARTESIAN_POINT('Ctrl Pts',(44.6343715212108,-2.44674313866119,-8.25746437496367));
#1817=CARTESIAN_POINT('Ctrl Pts',(44.7736892557954,-1.20716716842928,-7.89629666122902));
#1818=CARTESIAN_POINT('Ctrl Pts',(44.8723707397824,-0.00760763417521944,
-7.50251449026079));
#1819=CARTESIAN_POINT('Ctrl Pts',(44.8726860607748,-0.00380429796713123,
-7.50125575690098));
#1820=CARTESIAN_POINT('Ctrl Pts',(44.873,-3.66289769667168E-15,-7.5));
#1821=CARTESIAN_POINT('',(44.873,0.,-7.5));
#1822=CARTESIAN_POINT('Ctrl Pts',(44.5300169629049,-3.701989782805,-8.25746437496367));
#1823=CARTESIAN_POINT('Ctrl Pts',(44.6343715212108,-2.44674313866119,-8.25746437496367));
#1824=CARTESIAN_POINT('Ctrl Pts',(44.7736892557954,-1.20716716842928,-7.89629666122902));
#1825=CARTESIAN_POINT('Ctrl Pts',(44.8723707397824,-0.00760763417521944,
-7.50251449026079));
#1826=CARTESIAN_POINT('Ctrl Pts',(44.8726860607748,-0.00380429796713123,
-7.50125575690098));
#1827=CARTESIAN_POINT('Ctrl Pts',(44.873,-3.66289769667168E-15,-7.5));
#1828=CARTESIAN_POINT('Origin',(56.6515115547246,-2.22044604925031E-15,
-7.5));
#1829=CARTESIAN_POINT('Origin',(-40.6025159062338,20.8735,-8.5));
#1830=CARTESIAN_POINT('',(-39.7397126642234,20.4299382386132,-8.25746437496367));
#1831=CARTESIAN_POINT('Origin',(-40.6025159062338,20.8735,-8.5));
#1832=CARTESIAN_POINT('',(-40.6025159062338,20.8735,-7.5));
#1833=CARTESIAN_POINT('Origin',(-40.6025159062338,20.8735,-8.5));
#1834=CARTESIAN_POINT('Origin',(-40.6025159062338,20.8735,-8.5));
#1835=CARTESIAN_POINT('Origin',(-51.6361576743989,20.8735,-8.5));
#1836=CARTESIAN_POINT('',(-51.6361576743989,20.8735,-7.5));
#1837=CARTESIAN_POINT('Origin',(0.,0.,-8.5));
#1838=CARTESIAN_POINT('',(45.4968242301593,3.78236501886877,-7.5));
#1839=CARTESIAN_POINT('',(44.5300169629049,3.70198978280501,-8.25746437496367));
#1840=CARTESIAN_POINT('Origin',(45.4968242301593,3.78236501886878,-8.5));
#1841=CARTESIAN_POINT('Origin',(2.22044604925031E-15,0.,-8.25746437496367));
#1842=CARTESIAN_POINT('Origin',(0.,0.,-7.5));
#1843=CARTESIAN_POINT('Ctrl Pts',(-40.6025159062338,19.8735,-8.49999999999999));
#1844=CARTESIAN_POINT('Ctrl Pts',(-36.4805215685157,19.8735,-23.1637017864857));
#1845=CARTESIAN_POINT('Ctrl Pts',(-29.4331384266675,19.8735,-47.5638220200863));
#1846=CARTESIAN_POINT('Ctrl Pts',(-19.9228848929743,19.8735,-76.5182652680224));
#1847=CARTESIAN_POINT('Ctrl Pts',(-13.1527044889993,19.8735,-92.9697017936378));
#1848=CARTESIAN_POINT('Ctrl Pts',(-8.81761037453012,19.8735,-100.759105375471));
#1849=CARTESIAN_POINT('Ctrl Pts',(-5.68766417513657,19.8735,-104.769507679266));
#1850=CARTESIAN_POINT('Ctrl Pts',(-3.7200393684291,19.8735,-106.42606185478));
#1851=CARTESIAN_POINT('Ctrl Pts',(-2.58135923534466,19.8735,-106.985071250073));
#1852=CARTESIAN_POINT('Ctrl Pts',(-40.4242216680806,19.8735,-8.4498811520572));
#1853=CARTESIAN_POINT('Ctrl Pts',(-36.308892991315,19.8735739778169,-23.1143926487413));
#1854=CARTESIAN_POINT('Ctrl Pts',(-29.2752304751044,19.8734407265441,-47.5160841905931));
#1855=CARTESIAN_POINT('Ctrl Pts',(-19.7963840883157,19.8735314049432,-76.473257110928));
#1856=CARTESIAN_POINT('Ctrl Pts',(-13.0598330792037,19.8734888681621,-92.9267146817239));
#1857=CARTESIAN_POINT('Ctrl Pts',(-8.75195162197266,19.8735028332706,-100.717219631799));
#1858=CARTESIAN_POINT('Ctrl Pts',(-5.64401834988154,19.8735012393465,-104.728226995213));
#1859=CARTESIAN_POINT('Ctrl Pts',(-3.69117102386731,19.8734993738583,-106.385041698639));
#1860=CARTESIAN_POINT('Ctrl Pts',(-2.56126492878144,19.8735,-106.944139938606));
#1861=CARTESIAN_POINT('Ctrl Pts',(-40.0680986457688,19.9793629774793,-8.34977429617084));
#1862=CARTESIAN_POINT('Ctrl Pts',(-35.9659703207865,19.9715679757377,-23.0158726291906));
#1863=CARTESIAN_POINT('Ctrl Pts',(-28.9596783614886,19.9560657508139,-47.4206888415276));
#1864=CARTESIAN_POINT('Ctrl Pts',(-19.5434331752933,19.927145085406,-76.3832631981555));
#1865=CARTESIAN_POINT('Ctrl Pts',(-12.8741117490675,19.9042396861401,-92.8407504575271));
#1866=CARTESIAN_POINT('Ctrl Pts',(-8.62063588956749,19.8912663952531,-100.633450553822));
#1867=CARTESIAN_POINT('Ctrl Pts',(-5.55672730617004,19.8839997175418,-104.645666478554));
#1868=CARTESIAN_POINT('Ctrl Pts',(-3.63343473553155,19.8808318327634,-106.303001957957));
#1869=CARTESIAN_POINT('Ctrl Pts',(-2.52107649971425,19.8797482895078,-106.862277690594));
#1870=CARTESIAN_POINT('Ctrl Pts',(-39.8187971705438,20.2639497857909,-8.27969517943585));
#1871=CARTESIAN_POINT('Ctrl Pts',(-35.7185826371729,20.2375605674545,-22.9448414953393));
#1872=CARTESIAN_POINT('Ctrl Pts',(-28.7173418200587,20.1842149352778,-47.34774604478));
#1873=CARTESIAN_POINT('Ctrl Pts',(-19.3283990415828,20.0801106607222,-76.3072512580379));
#1874=CARTESIAN_POINT('Ctrl Pts',(-12.7042414646028,19.993834246354,-92.762542361119));
#1875=CARTESIAN_POINT('Ctrl Pts',(-8.49588882772891,19.9436657305226,-100.554095216018));
#1876=CARTESIAN_POINT('Ctrl Pts',(-5.47197193173349,19.9151883155249,-104.565688574499));
#1877=CARTESIAN_POINT('Ctrl Pts',(-3.57690647046281,19.9026631423057,-106.222758759318));
#1878=CARTESIAN_POINT('Ctrl Pts',(-2.48163878734704,19.8983720294143,-106.781944622947));
#1879=CARTESIAN_POINT('Ctrl Pts',(-39.7397126642234,20.4299382386132,-8.25746437496366));
#1880=CARTESIAN_POINT('Ctrl Pts',(-35.6360289592255,20.3943209364706,-22.9211661614494));
#1881=CARTESIAN_POINT('Ctrl Pts',(-28.6289125407558,20.3219284821662,-47.32128639505));
#1882=CARTESIAN_POINT('Ctrl Pts',(-19.2384993675102,20.1759625322216,-76.275729642986));
#1883=CARTESIAN_POINT('Ctrl Pts',(-12.6269493811627,20.0515458889779,-92.7271661686014));
#1884=CARTESIAN_POINT('Ctrl Pts',(-8.43671572353568,19.9778890533805,-100.516569750435));
#1885=CARTESIAN_POINT('Ctrl Pts',(-5.43084433757419,19.9357313435684,-104.52697205423));
#1886=CARTESIAN_POINT('Ctrl Pts',(-3.54924051543352,19.917089370492,-106.183526229743));
#1887=CARTESIAN_POINT('Ctrl Pts',(-2.46229182637765,19.910691907642,-106.742535625036));
#1888=CARTESIAN_POINT('Ctrl Pts',(-39.7397126642234,20.4299382386132,-8.25746437496366));
#1889=CARTESIAN_POINT('Ctrl Pts',(-35.6360289592255,20.3943209364706,-22.9211661614494));
#1890=CARTESIAN_POINT('Ctrl Pts',(-28.6289125407558,20.3219284821662,-47.32128639505));
#1891=CARTESIAN_POINT('Ctrl Pts',(-19.2384993675102,20.1759625322216,-76.275729642986));
#1892=CARTESIAN_POINT('Ctrl Pts',(-12.6269493811627,20.0515458889779,-92.7271661686014));
#1893=CARTESIAN_POINT('Ctrl Pts',(-8.43671572353568,19.9778890533805,-100.516569750435));
#1894=CARTESIAN_POINT('Ctrl Pts',(-5.43084433757419,19.9357313435684,-104.52697205423));
#1895=CARTESIAN_POINT('Ctrl Pts',(-3.54924051543352,19.917089370492,-106.183526229743));
#1896=CARTESIAN_POINT('Ctrl Pts',(-2.46229182637765,19.910691907642,-106.742535625036));
#1897=CARTESIAN_POINT('Ctrl Pts',(44.873,-3.66289769667168E-15,-7.5));
#1898=CARTESIAN_POINT('Ctrl Pts',(44.873,0.00423539624236937,-7.5));
#1899=CARTESIAN_POINT('Ctrl Pts',(44.8730060334531,0.00846217742416782,
-7.50000000000001));
#1900=CARTESIAN_POINT('Ctrl Pts',(44.8727619470821,1.34693409935516,-7.49999999999934));
#1901=CARTESIAN_POINT('Ctrl Pts',(45.1177896234229,2.66454257120916,-7.5));
#1902=CARTESIAN_POINT('Ctrl Pts',(45.4968242301593,3.78236501886877,-7.5));
#1903=CARTESIAN_POINT('Ctrl Pts',(44.873,-3.66289769667168E-15,-7.5));
#1904=CARTESIAN_POINT('Ctrl Pts',(44.8731390409238,0.00373349256719481,
-7.50054357795659));
#1905=CARTESIAN_POINT('Ctrl Pts',(44.8725629001252,0.00851409892690112,
-7.50071825769743));
#1906=CARTESIAN_POINT('Ctrl Pts',(44.8469980632144,1.29084432954002,-7.63631147481551));
#1907=CARTESIAN_POINT('Ctrl Pts',(44.8426927549342,2.61603667279786,-7.71284946842787));
#1908=CARTESIAN_POINT('Ctrl Pts',(45.0564043426697,3.74575084185221,-7.5));
#1909=CARTESIAN_POINT('Ctrl Pts',(44.873,-3.66289769667168E-15,-7.5));
#1910=CARTESIAN_POINT('Ctrl Pts',(44.8728094846705,0.00382459581533825,
-7.50088227563012));
#1911=CARTESIAN_POINT('Ctrl Pts',(44.8725618576642,0.00801097923276895,
-7.50163581055998));
#1912=CARTESIAN_POINT('Ctrl Pts',(44.8075938167777,1.24956010394084,-7.76424159752835));
#1913=CARTESIAN_POINT('Ctrl Pts',(44.6965228827586,2.53591172852627,-7.98342026905195));
#1914=CARTESIAN_POINT('Ctrl Pts',(44.6368344755956,3.7108700251129,-7.82872035397442));
#1915=CARTESIAN_POINT('Ctrl Pts',(44.873,-3.66289769667168E-15,-7.5));
#1916=CARTESIAN_POINT('Ctrl Pts',(44.8726860607748,0.00380429796696097,
-7.50125575690092));
#1917=CARTESIAN_POINT('Ctrl Pts',(44.8723704073218,0.00760715819668305,
-7.50251559859798));
#1918=CARTESIAN_POINT('Ctrl Pts',(44.7738360835613,1.20737996569311,-7.89580816435617));
#1919=CARTESIAN_POINT('Ctrl Pts',(44.6343715212108,2.44674313866118,-8.25746437496367));
#1920=CARTESIAN_POINT('Ctrl Pts',(44.5300169629049,3.701989782805,-8.25746437496367));
#1921=CARTESIAN_POINT('Origin',(56.6515115547246,-2.22044604925031E-15,
-7.5));
#1922=CARTESIAN_POINT('Ctrl Pts',(44.873,-3.66289769667168E-15,-7.5));
#1923=CARTESIAN_POINT('Ctrl Pts',(44.8726860607748,0.00380429796696097,
-7.50125575690092));
#1924=CARTESIAN_POINT('Ctrl Pts',(44.8723704073218,0.00760715819668305,
-7.50251559859798));
#1925=CARTESIAN_POINT('Ctrl Pts',(44.7738360835613,1.20737996569311,-7.89580816435617));
#1926=CARTESIAN_POINT('Ctrl Pts',(44.6343715212108,2.44674313866118,-8.25746437496367));
#1927=CARTESIAN_POINT('Ctrl Pts',(44.5300169629049,3.701989782805,-8.25746437496367));
#1928=CARTESIAN_POINT('Origin',(0.,0.,-1.5));
#1929=CARTESIAN_POINT('',(63.4553693024042,-13.4878551184205,-1.5));
#1930=CARTESIAN_POINT('',(63.4553693024042,-13.4878551184205,-1.5));
#1931=CARTESIAN_POINT('Origin',(0.,0.,-1.5));
#1932=CARTESIAN_POINT('Origin',(53.6738932950661,-11.4087382102429,-1.5));
#1933=CARTESIAN_POINT('',(53.6738932950661,-11.4087382102429,-7.5));
#1934=CARTESIAN_POINT('',(0.,0.,-7.5));
#1935=CARTESIAN_POINT('',(53.6738932950661,-11.4087382102429,-1.5));
#1936=CARTESIAN_POINT('',(53.6738932950661,-11.4087382102429,-1.5));
#1937=CARTESIAN_POINT('',(0.,0.,-1.5));
#1938=CARTESIAN_POINT('Origin',(-13.2723153487979,0.,-7.5));
#1939=CARTESIAN_POINT('',(53.6764720753785,-11.3965992533349,-7.5));
#1940=CARTESIAN_POINT('Origin',(56.6515115547246,-2.22044604925031E-15,
-7.5));
#1941=CARTESIAN_POINT('Origin',(0.,0.,-7.5));
#1942=CARTESIAN_POINT('',(-41.9010704040494,-38.8010704040494,-7.5));
#1943=CARTESIAN_POINT('Origin',(-38.8010704040494,-38.8010704040494,-7.5));
#1944=CARTESIAN_POINT('',(-3.09999999999999,-54.873,-7.5));
#1945=CARTESIAN_POINT('Origin',(1.21842536060512E-14,-54.873,-7.5));
#1946=CARTESIAN_POINT('',(35.7010704040494,-38.8010704040494,-7.5));
#1947=CARTESIAN_POINT('Origin',(38.8010704040494,-38.8010704040494,-7.5));
#1948=CARTESIAN_POINT('Origin',(-44.8887001543467,-17.5,-71.8280046852899));
#1949=CARTESIAN_POINT('',(-49.1485202598759,-21.4886528644275,-79.6869667249893));
#1950=CARTESIAN_POINT('',(-49.148520259876,21.4886528644274,-79.6869667249892));
#1951=CARTESIAN_POINT('',(-49.148520259876,17.5,-79.6869667249892));
#1952=CARTESIAN_POINT('',(-41.785532361734,14.5943704667862,-66.102955908393));
#1953=CARTESIAN_POINT('',(-41.785532361734,-14.5943704667862,-66.102955908393));
#1954=CARTESIAN_POINT('Origin',(-44.8887001543468,17.5,-71.82800468529));
#1955=CARTESIAN_POINT('',(-73.8243697381034,21.4886528644275,-44.4995931338937));
#1956=CARTESIAN_POINT('',(-71.5342448446429,21.4886528644275,-47.7652752441516));
#1957=CARTESIAN_POINT('',(-58.5445395987146,14.5943704667862,-42.2048749453108));
#1958=CARTESIAN_POINT('Origin',(-64.9842998456533,17.5,-43.1719953147101));
#1959=CARTESIAN_POINT('',(-73.8243697381034,-21.4886528644274,-44.4995931338937));
#1960=CARTESIAN_POINT('',(-73.8243697381034,-17.5,-44.4995931338937));
#1961=CARTESIAN_POINT('',(-58.5445395987146,-14.5943704667862,-42.2048749453108));
#1962=CARTESIAN_POINT('Origin',(-64.9842998456533,-17.5,-43.1719953147101));
#1963=CARTESIAN_POINT('',(-51.4386451533364,-21.4886528644275,-76.4212846147314));
#1964=CARTESIAN_POINT('Origin',(-61.4864449989897,0.,-62.0932799294415));
#1965=CARTESIAN_POINT('Origin',(0.,0.,-57.5));
#1966=CARTESIAN_POINT('Origin',(-13.2723153487979,0.,-7.5));
#1967=CARTESIAN_POINT('',(53.6764720753785,11.3965992533349,-7.5));
#1968=CARTESIAN_POINT('Origin',(0.,0.,-7.5));
#1969=CARTESIAN_POINT('Origin',(56.6515115547246,-2.22044604925031E-15,
-7.5));
#1970=CARTESIAN_POINT('',(-41.9010704040494,38.8010704040494,-7.5));
#1971=CARTESIAN_POINT('Origin',(-38.8010704040494,38.8010704040494,-7.5));
#1972=CARTESIAN_POINT('',(-3.09999999999999,54.873,-7.5));
#1973=CARTESIAN_POINT('Origin',(1.21842536060512E-14,54.873,-7.5));
#1974=CARTESIAN_POINT('',(35.7010704040494,38.8010704040494,-7.5));
#1975=CARTESIAN_POINT('Origin',(38.8010704040494,38.8010704040494,-7.5));
#1976=CARTESIAN_POINT('Origin',(-38.8010704040494,38.8010704040494,-1.5));
#1977=CARTESIAN_POINT('',(-41.9010704040494,38.8010704040494,-1.5));
#1978=CARTESIAN_POINT('',(-41.9010704040494,38.8010704040494,-1.5));
#1979=CARTESIAN_POINT('Origin',(-38.8010704040494,38.8010704040494,-1.5));
#1980=CARTESIAN_POINT('Origin',(0.,0.,-1.5));
#1981=CARTESIAN_POINT('',(-15.7,-1.92269547466134E-15,-1.5));
#1982=CARTESIAN_POINT('',(-15.7,1.92269547466134E-15,-1.5));
#1983=CARTESIAN_POINT('Origin',(0.,0.,-1.5));
#1984=CARTESIAN_POINT('Origin',(38.8010704040494,-38.8010704040494,-1.5));
#1985=CARTESIAN_POINT('',(35.7010704040494,-38.8010704040494,-1.5));
#1986=CARTESIAN_POINT('',(35.7010704040494,-38.8010704040494,-1.5));
#1987=CARTESIAN_POINT('Origin',(38.8010704040494,-38.8010704040494,-1.5));
#1988=CARTESIAN_POINT('Origin',(1.21842536060512E-14,54.873,-1.5));
#1989=CARTESIAN_POINT('',(-3.09999999999999,54.873,-1.5));
#1990=CARTESIAN_POINT('',(-3.09999999999999,54.873,-1.5));
#1991=CARTESIAN_POINT('Origin',(1.21842536060512E-14,54.873,-1.5));
#1992=CARTESIAN_POINT('Origin',(1.21842536060512E-14,-54.873,-1.5));
#1993=CARTESIAN_POINT('',(-3.09999999999999,-54.873,-1.5));
#1994=CARTESIAN_POINT('',(-3.09999999999999,-54.873,-1.5));
#1995=CARTESIAN_POINT('Origin',(1.21842536060512E-14,-54.873,-1.5));
#1996=CARTESIAN_POINT('Origin',(-38.8010704040494,-38.8010704040494,-1.5));
#1997=CARTESIAN_POINT('',(-41.9010704040494,-38.8010704040494,-1.5));
#1998=CARTESIAN_POINT('',(-41.9010704040494,-38.8010704040494,-1.5));
#1999=CARTESIAN_POINT('Origin',(-38.8010704040494,-38.8010704040494,-1.5));
#2000=CARTESIAN_POINT('Origin',(38.8010704040494,38.8010704040494,-1.5));
#2001=CARTESIAN_POINT('',(35.7010704040494,38.8010704040494,-1.5));
#2002=CARTESIAN_POINT('',(35.7010704040494,38.8010704040494,-1.5));
#2003=CARTESIAN_POINT('Origin',(38.8010704040494,38.8010704040494,-1.5));
#2004=CARTESIAN_POINT('Origin',(0.,0.,-1.5));
#2005=CARTESIAN_POINT('',(53.6764720753785,-11.3965992533349,-1.5));
#2006=CARTESIAN_POINT('Origin',(0.,0.,-1.5));
#2007=CARTESIAN_POINT('',(53.6764720753785,-11.3965992533349,-1.5));
#2008=CARTESIAN_POINT('Origin',(56.6515115547246,-2.22044604925031E-15,
-1.5));
#2009=CARTESIAN_POINT('',(53.6764720753785,11.3965992533349,-1.5));
#2010=CARTESIAN_POINT('Origin',(56.6515115547246,-2.22044604925031E-15,
-1.5));
#2011=CARTESIAN_POINT('',(53.6764720753785,11.3965992533349,-1.5));
#2012=CARTESIAN_POINT('Origin',(0.,0.,-1.5));
#2013=CARTESIAN_POINT('Origin',(0.,0.,-1.5));
#2014=CARTESIAN_POINT('Origin',(-13.2723153487979,0.,-1.5));
#2015=UNCERTAINTY_MEASURE_WITH_UNIT(LENGTH_MEASURE(0.01),#2019,
'DISTANCE_ACCURACY_VALUE',
'Maximum model space distance between geometric entities at asserted c
onnectivities');
#2016=UNCERTAINTY_MEASURE_WITH_UNIT(LENGTH_MEASURE(0.01),#2019,
'DISTANCE_ACCURACY_VALUE',
'Maximum model space distance between geometric entities at asserted c
onnectivities');
#2017=(
GEOMETRIC_REPRESENTATION_CONTEXT(3)
GLOBAL_UNCERTAINTY_ASSIGNED_CONTEXT((#2015))
GLOBAL_UNIT_ASSIGNED_CONTEXT((#2019,#2021,#2022))
REPRESENTATION_CONTEXT('','3D')
);
#2018=(
GEOMETRIC_REPRESENTATION_CONTEXT(3)
GLOBAL_UNCERTAINTY_ASSIGNED_CONTEXT((#2016))
GLOBAL_UNIT_ASSIGNED_CONTEXT((#2019,#2021,#2022))
REPRESENTATION_CONTEXT('','3D')
);
#2019=(
LENGTH_UNIT()
NAMED_UNIT(*)
SI_UNIT(.MILLI.,.METRE.)
);
#2020=(
LENGTH_UNIT()
NAMED_UNIT(*)
SI_UNIT($,.METRE.)
);
#2021=(
NAMED_UNIT(*)
PLANE_ANGLE_UNIT()
SI_UNIT($,.RADIAN.)
);
#2022=(
NAMED_UNIT(*)
SI_UNIT($,.STERADIAN.)
SOLID_ANGLE_UNIT()
);
#2023=SHAPE_DEFINITION_REPRESENTATION(#2024,#2025);
#2024=PRODUCT_DEFINITION_SHAPE('',$,#2027);
#2025=SHAPE_REPRESENTATION('',(#994),#2017);
#2026=PRODUCT_DEFINITION_CONTEXT('part definition',#2031,'design');
#2027=PRODUCT_DEFINITION('2026-07-02-20-18-13-389','Bottom Cone',#2028,
#2026);
#2028=PRODUCT_DEFINITION_FORMATION('',$,#2033);
#2029=PRODUCT_RELATED_PRODUCT_CATEGORY('Bottom Cone','Bottom Cone',(#2033));
#2030=APPLICATION_PROTOCOL_DEFINITION('international standard',
'automotive_design',2009,#2031);
#2031=APPLICATION_CONTEXT(
'Core Data for Automotive Mechanical Design Process');
#2032=PRODUCT_CONTEXT('part definition',#2031,'mechanical');
#2033=PRODUCT('2026-07-02-20-18-13-389','Bottom Cone',$,(#2032));
#2034=PRESENTATION_STYLE_ASSIGNMENT((#2036));
#2035=PRESENTATION_STYLE_ASSIGNMENT((#2037));
#2036=SURFACE_STYLE_USAGE(.BOTH.,#2038);
#2037=SURFACE_STYLE_USAGE(.BOTH.,#2039);
#2038=SURFACE_SIDE_STYLE('',(#2040));
#2039=SURFACE_SIDE_STYLE('',(#2041));
#2040=SURFACE_STYLE_FILL_AREA(#2042);
#2041=SURFACE_STYLE_FILL_AREA(#2043);
#2042=FILL_AREA_STYLE('Stahl - satiniert',(#2044));
#2043=FILL_AREA_STYLE('ABS (Schwarz)',(#2045));
#2044=FILL_AREA_STYLE_COLOUR('Stahl - satiniert',#2046);
#2045=FILL_AREA_STYLE_COLOUR('ABS (Schwarz)',#2047);
#2046=COLOUR_RGB('Stahl - satiniert',0.627450980392157,0.627450980392157,
0.627450980392157);
#2047=COLOUR_RGB('ABS (Schwarz)',0.250980392156863,0.250980392156863,0.250980392156863);
ENDSEC;
END-ISO-10303-21;
