ISO-10303-21;
HEADER;
/* Generated by software containing ST-Developer
 * from STEP Tools, Inc. (www.steptools.com) 
 */

FILE_DESCRIPTION(
/* description */ (''),
/* implementation_level */ '2;1');

FILE_NAME(
/* name */ 'Winding Help.step',
/* time_stamp */ '2026-03-20T15:05:16+01:00',
/* author */ (''),
/* organization */ (''),
/* preprocessor_version */ 'ST-DEVELOPER v20.1',
/* originating_system */ 'Autodesk Translation Framework v14.24.0.0',
/* authorisation */ '');

FILE_SCHEMA (('AUTOMOTIVE_DESIGN { 1 0 10303 214 3 1 1 }'));
ENDSEC;

DATA;
#10=MECHANICAL_DESIGN_GEOMETRIC_PRESENTATION_REPRESENTATION('',(#13),#5043);
#11=SHAPE_REPRESENTATION_RELATIONSHIP('SRR','None',#5049,#12);
#12=ADVANCED_BREP_SHAPE_REPRESENTATION('',(#14),#5042);
#13=STYLED_ITEM('',(#5059),#14);
#14=MANIFOLD_SOLID_BREP('Winding Help',#492);
#15=CYLINDRICAL_SURFACE('',#504,49.42);
#16=CYLINDRICAL_SURFACE('',#506,49.42);
#17=CYLINDRICAL_SURFACE('',#508,49.42);
#18=CYLINDRICAL_SURFACE('',#509,49.42);
#19=CYLINDRICAL_SURFACE('',#510,49.42);
#20=CYLINDRICAL_SURFACE('',#511,49.42);
#21=CYLINDRICAL_SURFACE('',#512,49.42);
#22=CYLINDRICAL_SURFACE('',#513,49.42);
#23=CYLINDRICAL_SURFACE('',#514,49.42);
#24=LINE('',#4998,#43);
#25=LINE('',#5001,#44);
#26=LINE('',#5003,#45);
#27=LINE('',#5004,#46);
#28=LINE('',#5006,#47);
#29=LINE('',#5007,#48);
#30=LINE('',#5009,#49);
#31=LINE('',#5010,#50);
#32=LINE('',#5012,#51);
#33=LINE('',#5013,#52);
#34=LINE('',#5015,#53);
#35=LINE('',#5016,#54);
#36=LINE('',#5018,#55);
#37=LINE('',#5019,#56);
#38=LINE('',#5021,#57);
#39=LINE('',#5022,#58);
#40=LINE('',#5024,#59);
#41=LINE('',#5025,#60);
#42=LINE('',#5037,#61);
#43=VECTOR('',#523,10.);
#44=VECTOR('',#526,10.);
#45=VECTOR('',#527,10.);
#46=VECTOR('',#528,10.);
#47=VECTOR('',#531,10.);
#48=VECTOR('',#532,10.);
#49=VECTOR('',#535,10.);
#50=VECTOR('',#536,10.);
#51=VECTOR('',#539,10.);
#52=VECTOR('',#540,10.);
#53=VECTOR('',#543,10.);
#54=VECTOR('',#544,10.);
#55=VECTOR('',#547,10.);
#56=VECTOR('',#548,10.);
#57=VECTOR('',#551,10.);
#58=VECTOR('',#552,10.);
#59=VECTOR('',#555,10.);
#60=VECTOR('',#556,10.);
#61=VECTOR('',#579,10.);
#62=CIRCLE('',#495,49.42);
#63=CIRCLE('',#505,49.42);
#64=CIRCLE('',#507,49.42);
#65=PLANE('',#494);
#66=PLANE('',#496);
#67=PLANE('',#497);
#68=PLANE('',#498);
#69=PLANE('',#499);
#70=PLANE('',#500);
#71=PLANE('',#501);
#72=PLANE('',#502);
#73=PLANE('',#503);
#74=PLANE('',#515);
#75=PLANE('',#516);
#76=FACE_OUTER_BOUND('',#103,.T.);
#77=FACE_OUTER_BOUND('',#104,.T.);
#78=FACE_OUTER_BOUND('',#105,.T.);
#79=FACE_OUTER_BOUND('',#106,.T.);
#80=FACE_OUTER_BOUND('',#107,.T.);
#81=FACE_OUTER_BOUND('',#108,.T.);
#82=FACE_OUTER_BOUND('',#109,.T.);
#83=FACE_OUTER_BOUND('',#110,.T.);
#84=FACE_OUTER_BOUND('',#111,.T.);
#85=FACE_OUTER_BOUND('',#112,.T.);
#86=FACE_OUTER_BOUND('',#113,.T.);
#87=FACE_OUTER_BOUND('',#114,.T.);
#88=FACE_OUTER_BOUND('',#115,.T.);
#89=FACE_OUTER_BOUND('',#116,.T.);
#90=FACE_OUTER_BOUND('',#117,.T.);
#91=FACE_OUTER_BOUND('',#118,.T.);
#92=FACE_OUTER_BOUND('',#119,.T.);
#93=FACE_OUTER_BOUND('',#120,.T.);
#94=FACE_OUTER_BOUND('',#121,.T.);
#95=FACE_OUTER_BOUND('',#122,.T.);
#96=FACE_OUTER_BOUND('',#123,.T.);
#97=FACE_OUTER_BOUND('',#124,.T.);
#98=FACE_OUTER_BOUND('',#125,.T.);
#99=FACE_OUTER_BOUND('',#126,.T.);
#100=FACE_OUTER_BOUND('',#127,.T.);
#101=FACE_OUTER_BOUND('',#128,.T.);
#102=FACE_OUTER_BOUND('',#129,.T.);
#103=EDGE_LOOP('',(#308,#309,#310,#311));
#104=EDGE_LOOP('',(#312,#313,#314));
#105=EDGE_LOOP('',(#315,#316,#317,#318));
#106=EDGE_LOOP('',(#319,#320,#321,#322,#323,#324,#325));
#107=EDGE_LOOP('',(#326,#327,#328));
#108=EDGE_LOOP('',(#329,#330,#331,#332));
#109=EDGE_LOOP('',(#333,#334,#335,#336,#337,#338,#339,#340,#341,#342,#343,
#344,#345,#346,#347,#348,#349,#350,#351,#352,#353,#354,#355,#356,#357,#358,
#359,#360,#361,#362,#363,#364,#365,#366));
#110=EDGE_LOOP('',(#367,#368,#369,#370));
#111=EDGE_LOOP('',(#371,#372,#373,#374,#375,#376));
#112=EDGE_LOOP('',(#377,#378,#379,#380));
#113=EDGE_LOOP('',(#381,#382,#383,#384));
#114=EDGE_LOOP('',(#385,#386,#387,#388));
#115=EDGE_LOOP('',(#389,#390,#391,#392));
#116=EDGE_LOOP('',(#393,#394,#395,#396));
#117=EDGE_LOOP('',(#397,#398,#399,#400,#401,#402));
#118=EDGE_LOOP('',(#403,#404,#405,#406,#407,#408,#409,#410));
#119=EDGE_LOOP('',(#411,#412,#413));
#120=EDGE_LOOP('',(#414,#415,#416,#417,#418,#419));
#121=EDGE_LOOP('',(#420,#421,#422,#423));
#122=EDGE_LOOP('',(#424,#425,#426,#427));
#123=EDGE_LOOP('',(#428,#429,#430,#431));
#124=EDGE_LOOP('',(#432,#433,#434,#435));
#125=EDGE_LOOP('',(#436,#437,#438,#439,#440));
#126=EDGE_LOOP('',(#441,#442,#443,#444));
#127=EDGE_LOOP('',(#445,#446,#447,#448,#449));
#128=EDGE_LOOP('',(#450,#451,#452));
#129=EDGE_LOOP('',(#453,#454,#455,#456,#457));
#130=B_SPLINE_CURVE_WITH_KNOTS('',3,(#619,#620,#621,#622,#623,#624),
 .UNSPECIFIED.,.F.,.F.,(4,2,4),(53.5642734414996,53.9214652496916,54.3241595818488),
 .UNSPECIFIED.);
#131=B_SPLINE_CURVE_WITH_KNOTS('',3,(#626,#627,#628,#629,#630,#631,#632,
#633,#634,#635,#636,#637,#638,#639,#640,#641,#642,#643,#644,#645,#646,#647,
#648,#649,#650,#651,#652,#653,#654,#655,#656,#657,#658,#659,#660,#661,#662),
 .UNSPECIFIED.,.F.,.F.,(4,3,3,3,3,3,3,3,3,3,3,3,4),(0.0503661781304989,
0.1241947695505,0.149038384408707,0.233872198181517,0.321561067085007,0.410991918891766,
0.502832981877766,0.512321571555214,0.617499455078319,0.725354604815359,
0.790274532729379,0.890312413362075,0.985696598208767),.UNSPECIFIED.);
#132=B_SPLINE_CURVE_WITH_KNOTS('',3,(#664,#665,#666,#667,#668,#669,#670,
#671),.UNSPECIFIED.,.F.,.F.,(4,2,2,4),(0.,1.70518606932488,2.72693999102806,
3.61878779206107),.UNSPECIFIED.);
#133=B_SPLINE_CURVE_WITH_KNOTS('',3,(#672,#673,#674,#675,#676,#677,#678,
#679,#680,#681,#682,#683),.UNSPECIFIED.,.F.,.F.,(4,2,2,2,2,4),(2.05289461212406,
2.39629152751291,2.70668876252732,2.77796499660906,2.81844705885522,2.84426878782418),
 .UNSPECIFIED.);
#134=B_SPLINE_CURVE_WITH_KNOTS('',3,(#774,#775,#776,#777,#778,#779,#780,
#781,#782,#783,#784,#785,#786,#787,#788,#789,#790,#791,#792,#793,#794,#795),
 .UNSPECIFIED.,.F.,.F.,(4,2,2,2,2,2,2,2,2,2,4),(35.9189041387749,36.2969968794659,
36.800723401129,37.3044396298885,37.8081455909029,38.3118413093254,38.8155268103039,
39.3192021189812,39.8228672604946,40.3265222599763,40.6114473592414),
 .UNSPECIFIED.);
#135=B_SPLINE_CURVE_WITH_KNOTS('',3,(#797,#798,#799,#800,#801,#802,#803,
#804),.UNSPECIFIED.,.F.,.F.,(4,2,2,4),(0.0503661746203541,0.149043584575923,
0.512209686048444,0.629047970583405),.UNSPECIFIED.);
#136=B_SPLINE_CURVE_WITH_KNOTS('',3,(#805,#806,#807,#808,#809,#810,#811,
#812,#813,#814,#815,#816,#817,#818,#819,#820,#821,#822,#823,#824,#825,#826,
#827,#828,#829,#830,#831,#832,#833,#834,#835,#836,#837,#838,#839,#840,#841,
#842,#843,#844),.UNSPECIFIED.,.F.,.F.,(4,2,2,2,2,2,2,2,2,2,2,2,2,2,2,2,
2,2,2,4),(150.307204307735,151.204476814779,152.209395854855,154.125478330781,
154.602188228164,156.381374742967,157.340802815135,158.25254896729,160.263532262991,
161.191225012192,162.216017220422,164.071321752266,164.988710247579,165.892859428321,
166.948267471844,168.617761311664,169.670766502824,171.447549138933,172.412677253609,
173.161963864785),.UNSPECIFIED.);
#137=B_SPLINE_CURVE_WITH_KNOTS('',3,(#959,#960,#961,#962,#963,#964,#965,
#966,#967,#968,#969,#970,#971,#972,#973,#974,#975,#976,#977,#978,#979,#980,
#981,#982,#983,#984,#985,#986),.UNSPECIFIED.,.F.,.F.,(4,2,2,2,2,2,2,2,2,
2,2,2,2,4),(41.0701565870581,41.3338019333474,41.8374266574751,42.3410413400476,
42.8446460061713,43.3482406809471,43.8518253894709,44.3554001568334,44.8589650081204,
45.3625199684122,45.8660650627843,46.3696003163071,46.8731257540459,47.0883594016835),
 .UNSPECIFIED.);
#138=B_SPLINE_CURVE_WITH_KNOTS('',3,(#988,#989,#990,#991,#992,#993,#994,
#995,#996,#997,#998,#999),.UNSPECIFIED.,.F.,.F.,(4,2,2,2,2,4),(0.0503044088577557,
0.337290516471681,0.730659057829433,0.929505432172461,1.16122011337566,
1.66754603755505),.UNSPECIFIED.);
#139=B_SPLINE_CURVE_WITH_KNOTS('',3,(#1001,#1002,#1003,#1004,#1005,#1006,
#1007,#1008,#1009,#1010,#1011,#1012,#1013,#1014,#1015,#1016,#1017,#1018,
#1019,#1020,#1021,#1022,#1023,#1024,#1025,#1026,#1027,#1028,#1029,#1030,
#1031,#1032,#1033,#1034,#1035,#1036,#1037,#1038,#1039,#1040,#1041,#1042,
#1043,#1044,#1045,#1046,#1047,#1048),.UNSPECIFIED.,.F.,.F.,(4,2,2,2,2,2,
2,2,2,2,2,2,2,2,2,2,2,2,2,2,2,2,2,4),(176.661062012378,177.796807245085,
178.23898691959,180.237072576484,181.149064715767,182.209499383681,183.965808929508,
184.94718091363,185.865626631298,187.877234567881,188.320504782328,190.335086212447,
190.776940853522,192.775077328051,193.684481280812,194.752328202173,196.489879501078,
197.485114576451,198.390978616905,200.405225598551,200.846748249335,202.844955487887,
203.754076747351,204.534171890613),.UNSPECIFIED.);
#140=B_SPLINE_CURVE_WITH_KNOTS('',3,(#1049,#1050,#1051,#1052),
 .UNSPECIFIED.,.F.,.F.,(4,4),(2.22743131492135,2.38204615334222),
 .UNSPECIFIED.);
#141=B_SPLINE_CURVE_WITH_KNOTS('',3,(#1215,#1216,#1217,#1218,#1219,#1220,
#1221,#1222,#1223,#1224,#1225,#1226,#1227,#1228,#1229,#1230,#1231,#1232,
#1233,#1234,#1235,#1236,#1237,#1238,#1239,#1240,#1241,#1242),
 .UNSPECIFIED.,.F.,.F.,(4,2,2,2,2,2,2,2,2,2,2,2,2,4),(47.159399430869,47.3766414010609,
47.8801472824073,48.3836434231352,48.88712984829,49.3906065829117,49.8940736520354,
50.3975310806916,50.9009788939053,51.404417116697,51.907845774082,52.4112648910708,
52.914674492669,53.2499275514201),.UNSPECIFIED.);
#142=B_SPLINE_CURVE_WITH_KNOTS('',3,(#1243,#1244,#1245,#1246,#1247,#1248,
#1249,#1250,#1251,#1252,#1253,#1254,#1255,#1256,#1257,#1258,#1259,#1260,
#1261,#1262,#1263,#1264,#1265,#1266,#1267,#1268,#1269,#1270,#1271,#1272,
#1273,#1274,#1275,#1276,#1277,#1278,#1279,#1280),.UNSPECIFIED.,.F.,.F.,
(4,2,2,2,2,2,2,2,2,2,2,2,2,2,2,2,2,2,4),(0.985696598208767,1.08093613999424,
1.56285217943074,1.65630950582656,1.71567085514482,1.73671413159989,1.75713952042373,
1.75934099179464,1.75948185237595,1.75956293895939,1.7596140569625,1.75966088934712,
1.75972172303395,1.75984757919588,1.76104127831491,1.76427788050777,1.77748493750397,
1.8060246244888,1.99875822232191),.UNSPECIFIED.);
#143=B_SPLINE_CURVE_WITH_KNOTS('',3,(#1282,#1283,#1284,#1285,#1286,#1287),
 .UNSPECIFIED.,.F.,.F.,(4,2,4),(0.126410479818196,1.49708058451007,2.05289461212406),
 .UNSPECIFIED.);
#144=B_SPLINE_CURVE_WITH_KNOTS('',3,(#1289,#1290,#1291,#1292,#1293,#1294,
#1295,#1296,#1297,#1298,#1299,#1300,#1301,#1302,#1303,#1304,#1305,#1306,
#1307,#1308,#1309,#1310,#1311,#1312,#1313,#1314,#1315,#1316,#1317,#1318,
#1319,#1320,#1321,#1322,#1323,#1324,#1325,#1326,#1327,#1328,#1329,#1330,
#1331,#1332,#1333,#1334,#1335,#1336,#1337,#1338,#1339,#1340,#1341,#1342,
#1343,#1344),.UNSPECIFIED.,.F.,.F.,(4,2,2,2,2,2,2,2,2,2,2,2,2,2,2,2,2,2,
2,2,2,2,2,2,2,2,2,4),(0.0502655148341174,0.471441960732609,0.48537035298678,
0.752516516286234,0.858316962152791,1.92555808036735,2.12766272771957,2.14322320252964,
2.15228574262296,2.15657898054023,2.15761240376933,2.15814010237991,2.15844555701039,
2.1587086390583,2.15902580899687,2.15961565452068,2.16269860035411,2.16859305645038,
2.19530488776079,2.27926696404475,2.38856163031811,2.53696967376579,2.84512951225826,
3.63173862776402,5.08297503864833,7.94981028753541,10.5343610258837,13.1840298662842),
 .UNSPECIFIED.);
#145=B_SPLINE_CURVE_WITH_KNOTS('',3,(#1346,#1347,#1348,#1349,#1350,#1351,
#1352,#1353,#1354,#1355,#1356,#1357,#1358,#1359,#1360,#1361,#1362,#1363,
#1364,#1365,#1366,#1367,#1368,#1369,#1370,#1371,#1372,#1373,#1374,#1375,
#1376,#1377,#1378,#1379,#1380,#1381,#1382,#1383,#1384,#1385,#1386,#1387,
#1388,#1389,#1390,#1391,#1392,#1393),.UNSPECIFIED.,.F.,.F.,(4,2,2,2,2,2,
2,2,2,2,2,2,2,2,2,2,2,2,2,2,2,2,2,4),(208.029400132681,208.461476413321,
210.475785729985,210.916457705635,212.914820742216,213.823004768437,214.889132088153,
216.633093970115,217.61880926081,218.530270855805,220.544878992405,220.984484947613,
222.98304425025,223.890145933884,224.956057542728,226.702496038718,227.683288217465,
228.597091409299,230.611969980425,231.050657459116,233.049390407604,233.955867712949,
235.021036835396,235.900651409458),.UNSPECIFIED.);
#146=B_SPLINE_CURVE_WITH_KNOTS('',3,(#1394,#1395,#1396,#1397,#1398,#1399,
#1400,#1401,#1402,#1403,#1404,#1405),.UNSPECIFIED.,.F.,.F.,(4,2,2,2,2,4),
(2.53255921426152,3.09742996711203,3.47046122329519,3.64804573338122,3.90533177422818,
4.27420278128254),.UNSPECIFIED.);
#147=B_SPLINE_CURVE_WITH_KNOTS('',3,(#1440,#1441,#1442,#1443,#1444,#1445,
#1446,#1447),.UNSPECIFIED.,.F.,.F.,(4,2,2,4),(9.73866145933647,10.088408240717,
10.5927047978945,11.0354207138257),.UNSPECIFIED.);
#148=B_SPLINE_CURVE_WITH_KNOTS('',3,(#1449,#1450,#1451,#1452),
 .UNSPECIFIED.,.F.,.F.,(4,4),(0.0502327848734325,0.198082306978305),
 .UNSPECIFIED.);
#149=B_SPLINE_CURVE_WITH_KNOTS('',3,(#1453,#1454,#1455,#1456,#1457,#1458,
#1459,#1460,#1461,#1462,#1463,#1464,#1465,#1466),.UNSPECIFIED.,.F.,.F.,
(4,2,2,2,2,2,4),(216.85796981997,217.028425603104,217.469355840761,219.467640913835,
220.378296685207,221.438889877568,223.188296563729),.UNSPECIFIED.);
#150=B_SPLINE_CURVE_WITH_KNOTS('',3,(#1525,#1526,#1527,#1528,#1529,#1530,
#1531,#1532,#1533,#1534,#1535,#1536,#1537,#1538),.UNSPECIFIED.,.F.,.F.,
(4,2,2,2,2,2,4),(6.68709363060066,7.06238368696458,7.56675043172493,8.07110541485142,
8.57544866183355,9.07978019815468,9.11008981080741),.UNSPECIFIED.);
#151=B_SPLINE_CURVE_WITH_KNOTS('',3,(#1540,#1541,#1542,#1543,#1544,#1545,
#1546,#1547,#1548,#1549,#1550,#1551),.UNSPECIFIED.,.F.,.F.,(4,2,2,2,2,4),
(1.77119042487227,1.81467908987616,1.87346921447069,1.97962854524643,2.22863631426632,
2.62931038198104),.UNSPECIFIED.);
#152=B_SPLINE_CURVE_WITH_KNOTS('',3,(#1553,#1554,#1555,#1556,#1557,#1558,
#1559,#1560,#1561,#1562,#1563,#1564,#1565,#1566,#1567,#1568,#1569,#1570,
#1571,#1572,#1573,#1574,#1575,#1576),.UNSPECIFIED.,.F.,.F.,(4,2,2,2,2,2,
2,2,2,2,2,4),(226.685220310228,227.105257656344,227.54761080897,229.562930884349,
230.004022875911,232.002257295649,232.910384360848,233.980793574068,235.711524068287,
237.031246184793,237.596311926186,238.217498308669),.UNSPECIFIED.);
#153=B_SPLINE_CURVE_WITH_KNOTS('',3,(#1577,#1578,#1579,#1580),
 .UNSPECIFIED.,.F.,.F.,(4,4),(4.19920928252481,4.46113472919651),
 .UNSPECIFIED.);
#154=B_SPLINE_CURVE_WITH_KNOTS('',3,(#3693,#3694,#3695,#3696,#3697,#3698,
#3699,#3700,#3701,#3702,#3703,#3704,#3705,#3706,#3707,#3708,#3709,#3710,
#3711,#3712,#3713,#3714,#3715,#3716,#3717,#3718,#3719,#3720,#3721,#3722,
#3723,#3724,#3725,#3726),.UNSPECIFIED.,.F.,.F.,(4,2,2,2,2,2,2,2,2,2,2,2,
2,2,2,2,4),(0.198082306978305,0.722125944080007,1.28193122238218,1.97951339990822,
2.05198434133708,2.05739611119778,2.05877711699052,2.05955888886821,2.06022200157801,
2.0610161634538,2.06245427621173,2.0693976771491,2.08231714023791,2.13737232880217,
2.34802032618944,3.00249235054891,4.19920928252481),.UNSPECIFIED.);
#155=B_SPLINE_CURVE_WITH_KNOTS('',3,(#3728,#3729,#3730,#3731,#3732,#3733,
#3734,#3735,#3736,#3737,#3738,#3739,#3740,#3741,#3742,#3743,#3744,#3745,
#3746,#3747,#3748,#3749,#3750,#3751,#3752,#3753,#3754,#3755,#3756,#3757,
#3758,#3759,#3760,#3761,#3762,#3763,#3764,#3765),.UNSPECIFIED.,.F.,.F.,
(4,2,2,2,2,2,2,2,2,2,2,2,2,2,2,2,2,2,4),(195.320256054191,195.474186727451,
196.463580271885,197.368629394176,199.367174694475,199.80433743097,201.803260948029,
202.705138682727,203.78262635862,205.500702469322,206.50271718084,207.398348582951,
209.396892378037,210.304975067536,211.369015218621,213.118621126263,214.099623503177,
215.014854267278,216.85796981997),.UNSPECIFIED.);
#156=B_SPLINE_CURVE_WITH_KNOTS('',3,(#3767,#3768,#3769,#3770,#3771,#3772,
#3773,#3774,#3775,#3776,#3777,#3778,#3779,#3780,#3781,#3782,#3783,#3784,
#3785,#3786,#3787,#3788,#3789,#3790,#3791,#3792,#3793,#3794,#3795,#3796,
#3797,#3798,#3799,#3800,#3801,#3802,#3803,#3804,#3805,#3806,#3807,#3808,
#3809,#3810,#3811,#3812,#3813,#3814,#3815,#3816,#3817,#3818,#3819,#3820),
 .UNSPECIFIED.,.F.,.F.,(4,2,2,2,2,2,2,2,2,2,2,2,2,2,2,2,2,2,2,2,2,2,2,2,
2,2,4),(0.0502073984618425,0.739932810745503,0.929572433851227,1.13357574553442,
2.05757876791778,2.10253420216673,2.13190528515995,2.14597534250617,2.14873020972075,
2.15081332122865,2.1515781113497,2.15207986532142,2.15255382078463,2.15319086549594,
2.15459199268644,2.17795064499379,2.26800358759349,2.46609711797735,2.59779464952619,
2.85494514323401,3.29124319217473,3.99032165928872,4.15206027630936,4.45723890546235,
4.85432014042324,5.50838737518571,5.53729512007076),.UNSPECIFIED.);
#157=B_SPLINE_CURVE_WITH_KNOTS('',3,(#3822,#3823,#3824,#3825,#3826,#3827,
#3828,#3829,#3830,#3831,#3832,#3833,#3834,#3835,#3836,#3837,#3838,#3839,
#3840,#3841,#3842,#3843,#3844,#3845,#3846,#3847,#3848,#3849,#3850,#3851,
#3852,#3853,#3854,#3855,#3856,#3857,#3858,#3859,#3860,#3861,#3862,#3863,
#3864,#3865,#3866,#3867,#3868,#3869,#3870,#3871),.UNSPECIFIED.,.F.,.F.,
(4,2,2,2,2,2,2,2,2,2,2,2,2,2,2,2,2,2,2,2,2,2,2,2,4),(163.956958842114,164.070388161206,
164.97152290275,166.048559649411,167.768753657359,168.76618997521,169.663621287103,
171.662520144768,172.567814660587,173.633983683209,175.381797863038,176.357954321865,
177.27269745751,179.288429917264,179.725796400583,181.72476676675,182.629370193921,
183.696824334421,185.441592681762,186.419887334609,187.333081604281,189.331525308205,
189.768464496745,191.767479741836,191.824891601527),.UNSPECIFIED.);
#158=B_SPLINE_CURVE_WITH_KNOTS('',3,(#3873,#3874,#3875,#3876,#3877,#3878,
#3879,#3880,#3881,#3882,#3883,#3884,#3885,#3886,#3887,#3888,#3889,#3890,
#3891,#3892,#3893,#3894,#3895,#3896,#3897,#3898,#3899,#3900,#3901,#3902,
#3903,#3904,#3905,#3906,#3907,#3908,#3909,#3910,#3911,#3912,#3913,#3914,
#3915,#3916,#3917,#3918,#3919,#3920,#3921,#3922,#3923,#3924),
 .UNSPECIFIED.,.F.,.F.,(4,2,2,2,2,2,2,2,2,2,2,2,2,2,2,2,2,2,2,2,2,2,2,2,
2,4),(0.0503662876960732,0.151171911887921,0.491631706689982,0.817170214413411,
0.91222000905803,1.11771817072409,1.49116690881407,2.08579851667726,2.15495859643971,
2.1597552470895,2.16132870977533,2.16231041358856,2.16320285414001,2.16435224475502,
2.16669511398727,2.18679471917544,2.23837028558432,2.4674981588963,2.82123713722786,
3.14331958832532,3.71565022394506,4.237869432064,4.55939467923883,4.9677916655346,
5.63766753740367,5.73702608688468),.UNSPECIFIED.);
#159=B_SPLINE_CURVE_WITH_KNOTS('',3,(#3926,#3927,#3928,#3929,#3930,#3931,
#3932,#3933,#3934,#3935,#3936,#3937,#3938,#3939,#3940,#3941,#3942,#3943,
#3944,#3945,#3946,#3947,#3948,#3949,#3950,#3951,#3952,#3953,#3954,#3955,
#3956,#3957,#3958,#3959,#3960,#3961,#3962,#3963,#3964,#3965,#3966,#3967,
#3968,#3969,#3970,#3971,#3972,#3973),.UNSPECIFIED.,.F.,.F.,(4,2,2,2,2,2,
2,2,2,2,2,2,2,2,2,2,2,2,2,2,2,2,2,4),(132.587921674652,133.889349159966,
134.798889055408,135.863390939211,137.609715731992,138.59608031172,139.507916639025,
141.522006208091,141.962389855011,143.960808077055,144.868683795986,145.934469117523,
147.679067061379,148.663754439951,149.575167903244,151.590196515792,152.029168485437,
154.02784091324,154.93342387504,156.001906981043,157.741554335368,158.726840004487,
159.635904701865,160.456647188428),.UNSPECIFIED.);
#160=B_SPLINE_CURVE_WITH_KNOTS('',3,(#3975,#3976,#3977,#3978,#3979,#3980,
#3981,#3982,#3983,#3984,#3985,#3986,#3987,#3988,#3989,#3990,#3991,#3992,
#3993,#3994,#3995,#3996,#3997,#3998,#3999,#4000,#4001,#4002,#4003,#4004,
#4005,#4006,#4007,#4008,#4009,#4010,#4011,#4012,#4013,#4014,#4015,#4016,
#4017,#4018,#4019,#4020,#4021,#4022,#4023,#4024,#4025,#4026,#4027,#4028,
#4029,#4030,#4031,#4032,#4033,#4034),.UNSPECIFIED.,.F.,.F.,(4,2,2,2,2,2,
2,2,2,2,2,2,2,2,2,2,2,2,2,2,2,2,2,2,2,2,2,2,2,4),(0.050363823697869,0.150026821448052,
0.501819697135167,0.791280080080725,0.891015992425255,1.08239016628646,
1.36302684917654,2.04355667897202,2.08999791508072,2.10630533353983,2.10975093748473,
2.11805963164712,2.11910474792473,2.12038654150229,2.12093385999131,2.1213083872896,
2.12167424617887,2.12218555119122,2.12339695740394,2.31153412640443,2.39009764312569,
2.54321778747947,2.86190257677723,3.44265470006682,4.37741037577798,4.59179917549956,
5.00029367150176,5.50711441893406,6.33897909682913,6.44299252262755),
 .UNSPECIFIED.);
#161=B_SPLINE_CURVE_WITH_KNOTS('',3,(#4036,#4037,#4038,#4039,#4040,#4041,
#4042,#4043,#4044,#4045,#4046,#4047,#4048,#4049,#4050,#4051,#4052,#4053,
#4054,#4055,#4056,#4057,#4058,#4059,#4060,#4061,#4062,#4063,#4064,#4065,
#4066,#4067,#4068,#4069,#4070,#4071,#4072,#4073,#4074,#4075,#4076,#4077,
#4078,#4079,#4080,#4081,#4082,#4083),.UNSPECIFIED.,.F.,.F.,(4,2,2,2,2,2,
2,2,2,2,2,2,2,2,2,2,2,2,2,2,2,2,2,4),(101.221019776856,102.090519058552,
103.155353997203,104.901141324289,105.889044826977,106.801124124104,108.814206145517,
109.256532035439,111.272308684783,112.18616080062,113.242241275301,115.009188807233,
115.983431908031,116.907886703489,118.918309182424,119.362169113688,121.375903187573,
121.81791672469,123.816039287125,124.726316928279,125.791032327318,127.536014084662,
128.525456753346,129.089520652682),.UNSPECIFIED.);
#162=B_SPLINE_CURVE_WITH_KNOTS('',3,(#4085,#4086,#4087,#4088,#4089,#4090,
#4091,#4092,#4093,#4094,#4095,#4096,#4097,#4098,#4099,#4100,#4101,#4102,
#4103,#4104,#4105,#4106,#4107,#4108,#4109,#4110,#4111,#4112,#4113,#4114,
#4115,#4116,#4117,#4118,#4119,#4120,#4121,#4122,#4123,#4124,#4125,#4126,
#4127,#4128,#4129,#4130,#4131,#4132,#4133,#4134),.UNSPECIFIED.,.F.,.F.,
(4,2,2,2,2,2,2,2,2,2,2,2,2,2,2,2,2,2,2,2,2,2,2,2,4),(0.0503652472813891,
0.151716052209926,0.490892173935208,0.832124483405768,1.02329406258149,
1.30990059963826,1.98301232223507,2.05471125177756,2.05997976074725,2.06140438235861,
2.06222780794565,2.06293632258425,2.06379731221013,2.06539224383696,2.07380873557135,
2.08992976369568,2.16358998277772,2.40000226324177,2.69131483012842,3.01617475654401,
3.6063975492636,3.72843729210965,3.97853831340099,4.36229454642275,4.75521607165174),
 .UNSPECIFIED.);
#163=B_SPLINE_CURVE_WITH_KNOTS('',3,(#4136,#4137,#4138,#4139,#4140,#4141,
#4142,#4143,#4144,#4145,#4146,#4147,#4148,#4149,#4150,#4151,#4152,#4153,
#4154,#4155,#4156,#4157,#4158,#4159,#4160,#4161,#4162,#4163,#4164,#4165,
#4166,#4167,#4168,#4169,#4170,#4171,#4172,#4173,#4174,#4175,#4176,#4177,
#4178,#4179,#4180,#4181,#4182,#4183),.UNSPECIFIED.,.F.,.F.,(4,2,2,2,2,2,
2,2,2,2,2,2,2,2,2,2,2,2,2,2,2,2,2,4),(69.8525913151626,70.9844189836182,
71.8849294281431,72.9646052591926,74.679122121565,75.68179675103,76.5762971095527,
78.5749764007938,79.4821284302904,80.5470147924401,82.2965010902742,83.2753204928684,
84.1916079278367,86.2052721038389,86.6457899987251,88.644151589005,89.5550574236285,
90.6138043849875,92.3769320282597,93.3492786340299,94.2729259227074,96.2842365481982,
96.7269260358339,97.7213741364174),.UNSPECIFIED.);
#164=B_SPLINE_CURVE_WITH_KNOTS('',3,(#4185,#4186,#4187,#4188,#4189,#4190,
#4191,#4192,#4193,#4194,#4195,#4196,#4197,#4198,#4199,#4200,#4201,#4202,
#4203,#4204,#4205,#4206,#4207,#4208,#4209,#4210,#4211,#4212,#4213,#4214,
#4215,#4216,#4217,#4218,#4219,#4220,#4221,#4222,#4223,#4224,#4225,#4226,
#4227,#4228,#4229,#4230,#4231,#4232,#4233,#4234,#4235,#4236,#4237,#4238),
 .UNSPECIFIED.,.F.,.F.,(4,2,2,2,2,2,2,2,2,2,2,2,2,2,2,2,2,2,2,2,2,2,2,2,
2,2,4),(0.0503652251303043,0.14941172056402,0.506791041355746,0.790130874074107,
0.88996965216444,1.08079503069412,1.35697923775505,1.97372782871523,2.04820327282142,
2.04924648789179,2.04977451234111,2.05031812742498,2.05057716863379,2.05077428038778,
2.05098515396995,2.05131257577757,2.05230780797305,2.20214916845054,2.25859152610177,
2.37686199449132,2.58658530989815,3.00189443470885,3.80929058828846,4.14807549362167,
4.47379805620241,4.9173197957786,5.58151993789024),.UNSPECIFIED.);
#165=B_SPLINE_CURVE_WITH_KNOTS('',3,(#4240,#4241,#4242,#4243,#4244,#4245,
#4246,#4247,#4248,#4249,#4250,#4251,#4252,#4253,#4254,#4255,#4256,#4257,
#4258,#4259,#4260,#4261,#4262,#4263,#4264,#4265,#4266,#4267,#4268,#4269,
#4270,#4271,#4272,#4273,#4274,#4275,#4276,#4277,#4278,#4279,#4280,#4281,
#4282,#4283,#4284,#4285,#4286,#4287),.UNSPECIFIED.,.F.,.F.,(4,2,2,2,2,2,
2,2,2,2,2,2,2,2,2,2,2,2,2,2,2,2,2,4),(38.48169050453,38.8771185362321,40.8758964837814,
41.7824095909742,42.8468587445713,44.5992133767777,45.572623465288,46.4904929105432,
48.5051676992128,48.9433590650555,50.9421891418827,51.3778081747052,53.377055215062,
54.2751129794546,55.3591906844525,57.0642913853185,58.0719283485567,59.9826824508993,
60.4595116782317,62.2219795999329,63.1877601908169,64.0972629934813,66.1113559523955,
66.3537107537926),.UNSPECIFIED.);
#166=B_SPLINE_CURVE_WITH_KNOTS('',3,(#4289,#4290,#4291,#4292,#4293,#4294,
#4295,#4296,#4297,#4298,#4299,#4300,#4301,#4302,#4303,#4304,#4305,#4306,
#4307,#4308,#4309,#4310,#4311,#4312,#4313,#4314,#4315,#4316,#4317,#4318,
#4319,#4320,#4321,#4322,#4323,#4324,#4325,#4326,#4327,#4328,#4329,#4330,
#4331,#4332,#4333,#4334,#4335,#4336),.UNSPECIFIED.,.F.,.F.,(4,2,2,2,2,2,
2,2,2,2,2,2,2,2,2,2,2,2,2,2,2,2,2,4),(0.0503644404284707,0.151974908327037,
0.490701069099233,0.846593973196349,1.04196181531083,1.35867474862603,1.92031152242956,
1.98162480132637,1.98605202451506,1.98733873488705,1.98808668465759,1.98874433672779,
1.98956167032701,1.9911311792249,2.00082986979935,2.02143684345775,2.129236406969,
2.41580785459422,2.60348240567749,3.00083453983516,3.72775895924264,4.01316904779278,
4.4348206778229,4.99288569424504),.UNSPECIFIED.);
#167=B_SPLINE_CURVE_WITH_KNOTS('',3,(#4338,#4339,#4340,#4341,#4342,#4343,
#4344,#4345,#4346,#4347,#4348,#4349,#4350,#4351,#4352,#4353,#4354,#4355,
#4356,#4357,#4358,#4359,#4360,#4361,#4362,#4363,#4364,#4365,#4366,#4367,
#4368,#4369,#4370,#4371,#4372,#4373,#4374,#4375,#4376,#4377,#4378,#4379,
#4380,#4381,#4382,#4383),.UNSPECIFIED.,.F.,.F.,(4,2,2,2,2,2,2,2,2,2,2,2,
2,2,2,2,2,2,2,2,2,2,4),(7.11314391301158,7.46819037011076,9.14610464263985,
10.1932348737415,11.9852939273544,12.940514376929,13.8527700867767,15.8621023439557,
17.8749692526039,18.7780443141567,20.7762916560553,21.6882699379813,22.7446639969372,
24.5142611755401,25.4807996763122,26.3938784229755,28.4061675454306,28.8468160226744,
30.8452124870719,31.2829628386542,33.2818347522192,34.1838250226906,34.9865888814954),
 .UNSPECIFIED.);
#168=B_SPLINE_CURVE_WITH_KNOTS('',3,(#4384,#4385,#4386,#4387,#4388,#4389,
#4390,#4391,#4392,#4393,#4394,#4395),.UNSPECIFIED.,.F.,.F.,(4,2,2,2,2,4),
(1.99875822232191,2.04458751776326,2.07933910119507,2.12108229655558,2.18936546995212,
2.20130925343133),.UNSPECIFIED.);
#169=B_SPLINE_CURVE_WITH_KNOTS('',3,(#4396,#4397,#4398,#4399,#4400,#4401,
#4402,#4403,#4404,#4405,#4406,#4407,#4408,#4409,#4410,#4411,#4412,#4413,
#4414,#4415,#4416,#4417,#4418,#4419),.UNSPECIFIED.,.F.,.F.,(4,2,2,2,2,2,
2,2,2,2,2,4),(1.66754603755505,1.70126282990731,2.05595157482892,2.09347917998302,
2.09633558929947,2.09752957671047,2.09836465357899,2.09919517178276,2.10038105853811,
2.10331494550106,2.46511364861001,2.53255921426152),.UNSPECIFIED.);
#170=B_SPLINE_CURVE_WITH_KNOTS('',3,(#4420,#4421,#4422,#4423,#4424,#4425,
#4426,#4427,#4428,#4429,#4430,#4431,#4432,#4433,#4434,#4435,#4436,#4437,
#4438,#4439,#4440,#4441,#4442,#4443,#4444,#4445,#4446,#4447,#4448,#4449,
#4450,#4451,#4452,#4453,#4454,#4455,#4456,#4457,#4458,#4459,#4460,#4461,
#4462,#4463),.UNSPECIFIED.,.F.,.F.,(4,2,2,2,2,2,2,2,2,2,2,2,2,2,2,2,2,2,
2,2,2,4),(0.629047970583405,0.760339799703575,0.989954308073615,1.42603703413734,
1.81189009453514,1.85055406509647,1.86269105098276,1.88166194668286,1.88354039238539,
1.88366575038835,1.88377358763725,1.88383800269822,1.88389473885106,1.88396476552061,
1.88409878529834,1.88491354632748,1.90176749934473,1.93011664248224,2.05685284903532,
2.13772662989074,2.22073942794083,2.22743131492135),.UNSPECIFIED.);
#171=B_SPLINE_CURVE_WITH_KNOTS('',3,(#4465,#4466,#4467,#4468,#4469,#4470,
#4471,#4472,#4473,#4474,#4475,#4476),.UNSPECIFIED.,.F.,.F.,(4,2,2,2,2,4),
(145.297731003851,145.511236528418,147.510204919604,148.411233859121,149.491039441284,
150.307204307735),.UNSPECIFIED.);
#172=B_SPLINE_CURVE_WITH_KNOTS('',3,(#4478,#4479,#4480,#4481,#4482,#4483,
#4484,#4485,#4486,#4487,#4488,#4489,#4490,#4491,#4492,#4493,#4494,#4495,
#4496,#4497,#4498,#4499,#4500,#4501,#4502,#4503,#4504,#4505,#4506,#4507,
#4508,#4509,#4510,#4511,#4512,#4513,#4514,#4515,#4516,#4517,#4518,#4519,
#4520,#4521,#4522,#4523,#4524,#4525,#4526,#4527,#4528,#4529),
 .UNSPECIFIED.,.F.,.F.,(4,2,2,2,2,2,2,2,2,2,2,2,2,2,2,2,2,2,2,2,2,2,2,2,
2,4),(0.0503637860276434,0.152049489348004,0.491162610874183,0.847973106163608,
1.0440289180996,1.36165497259504,1.85789215454882,1.96235514986584,1.96850210221512,
1.97240016458778,1.9735390178884,1.97420238542931,1.97478649216952,1.97550709559964,
1.97689684332745,1.98541531818042,2.00337760689658,2.09662250843969,2.34135098490112,
2.49720103250806,2.80970380693949,3.37762290500728,3.60464812118766,3.91415217819763,
4.42603156272244,4.45488345307495),.UNSPECIFIED.);
#173=B_SPLINE_CURVE_WITH_KNOTS('',3,(#4531,#4532,#4533,#4534,#4535,#4536,
#4537,#4538,#4539,#4540,#4541,#4542,#4543,#4544,#4545,#4546,#4547,#4548,
#4549,#4550,#4551,#4552,#4553,#4554,#4555,#4556,#4557,#4558,#4559,#4560,
#4561,#4562,#4563,#4564,#4565,#4566,#4567,#4568,#4569,#4570,#4571,#4572,
#4573,#4574,#4575,#4576,#4577,#4578),.UNSPECIFIED.,.F.,.F.,(4,2,2,2,2,2,
2,2,2,2,2,2,2,2,2,2,2,2,2,2,2,2,2,4),(113.930164429376,114.917798993071,
115.354262228191,117.353380887374,118.253746961462,119.331868628334,121.050402770357,
122.048092179,122.945129207464,124.944056839897,125.849409868477,126.91530788977,
128.664478147794,129.639313046097,130.555403656741,132.570645114365,133.008530337605,
135.007397248249,135.913715132912,136.977908063618,138.731073478137,139.70390650055,
140.622490548824,141.79895897351),.UNSPECIFIED.);
#174=B_SPLINE_CURVE_WITH_KNOTS('',3,(#4580,#4581,#4582,#4583,#4584,#4585,
#4586,#4587,#4588,#4589,#4590,#4591,#4592,#4593,#4594,#4595,#4596,#4597,
#4598,#4599,#4600,#4601,#4602,#4603,#4604,#4605,#4606,#4607,#4608,#4609,
#4610,#4611,#4612,#4613,#4614,#4615,#4616,#4617,#4618,#4619,#4620,#4621,
#4622,#4623,#4624,#4625,#4626,#4627,#4628,#4629,#4630,#4631,#4632,#4633,
#4634,#4635),.UNSPECIFIED.,.F.,.F.,(4,2,2,2,2,2,2,2,2,2,2,2,2,2,2,2,2,2,
2,2,2,2,2,2,2,2,2,4),(0.0503671104635922,0.148956944014981,0.51161992408882,
0.7903102240964,0.890100655669614,1.08037426961053,1.35711402036624,2.18056021942178,
2.18148530720247,2.18242487189839,2.18295378784395,2.18340072465471,2.18393394851084,
2.18489388980032,2.18942831727082,2.19778798311077,2.23281090404095,2.36900458381871,
2.5741517514847,2.79467609941861,3.24200423082632,4.0505982720156,5.61815097476037,
6.33269912290918,7.01170741987815,7.86357563068917,9.26041735122667,9.38784143751485),
 .UNSPECIFIED.);
#175=B_SPLINE_CURVE_WITH_KNOTS('',3,(#4637,#4638,#4639,#4640,#4641,#4642,
#4643,#4644,#4645,#4646,#4647,#4648,#4649,#4650,#4651,#4652,#4653,#4654,
#4655,#4656,#4657,#4658,#4659,#4660,#4661,#4662,#4663,#4664,#4665,#4666,
#4667,#4668,#4669,#4670,#4671,#4672,#4673,#4674,#4675,#4676,#4677,#4678,
#4679,#4680,#4681,#4682,#4683,#4684),.UNSPECIFIED.,.F.,.F.,(4,2,2,2,2,2,
2,2,2,2,2,2,2,2,2,2,2,2,2,2,2,2,2,4),(82.5622666764114,82.728421404982,
84.7422202810857,85.1831019470837,87.1814330075662,88.0900964758142,89.155108531072,
90.9009123121964,91.8859937690641,92.7978392919907,94.8124302477297,95.2520038693012,
97.2505683540466,98.1571753020204,99.2243388938352,100.96660442287,101.951142039577,
102.861610703567,104.877308804911,105.315484151152,107.31430377786,108.218639328284,
109.288743819351,110.434692968637),.UNSPECIFIED.);
#176=B_SPLINE_CURVE_WITH_KNOTS('',3,(#4686,#4687,#4688,#4689,#4690,#4691,
#4692,#4693,#4694,#4695,#4696,#4697,#4698,#4699,#4700,#4701,#4702,#4703,
#4704,#4705,#4706,#4707,#4708,#4709,#4710,#4711,#4712,#4713,#4714,#4715,
#4716,#4717,#4718,#4719,#4720,#4721,#4722,#4723,#4724,#4725,#4726,#4727,
#4728,#4729,#4730,#4731,#4732,#4733,#4734,#4735),.UNSPECIFIED.,.F.,.F.,
(4,2,2,2,2,2,2,2,2,2,2,2,2,2,2,2,2,2,2,2,2,2,2,2,4),(0.0503630591187878,
0.152095987923117,0.491999807253924,0.8341744348421,1.02582136946571,1.74662488381772,
2.10202338682748,2.13733560299123,2.15479010600243,2.16303153057897,2.16711990910339,
2.16854436138544,2.1694568078041,2.17030293790534,2.17141681765239,2.17377607261782,
2.20061858954722,2.2814662400014,2.54423498705284,2.87754922859628,3.56035677657113,
4.1909337301432,4.50533153276682,5.01591024220448,5.27996381210024),
 .UNSPECIFIED.);
#177=B_SPLINE_CURVE_WITH_KNOTS('',3,(#4737,#4738,#4739,#4740,#4741,#4742,
#4743,#4744,#4745,#4746,#4747,#4748,#4749,#4750,#4751,#4752,#4753,#4754,
#4755,#4756,#4757,#4758,#4759,#4760,#4761,#4762,#4763,#4764,#4765,#4766,
#4767,#4768,#4769,#4770,#4771,#4772,#4773,#4774,#4775,#4776,#4777,#4778,
#4779,#4780,#4781,#4782,#4783,#4784),.UNSPECIFIED.,.F.,.F.,(4,2,2,2,2,2,
2,2,2,2,2,2,2,2,2,2,2,2,2,2,2,2,2,4),(51.1968399067978,51.6010298679662,
52.5078313973289,54.5220759137942,54.9637140270339,56.9618778990983,57.87177225803,
58.9374467795795,60.6799092796672,61.6717200764377,62.5805661928088,64.5941922706797,
65.0362682296724,67.0343772363402,67.9449161359881,69.0091840491015,70.7549022679959,
71.744338766505,72.655101172008,74.6685615477407,75.1103552770047,77.1085241306544,
78.0186068045383,79.0669404634941),.UNSPECIFIED.);
#178=B_SPLINE_CURVE_WITH_KNOTS('',3,(#4786,#4787,#4788,#4789,#4790,#4791,
#4792,#4793,#4794,#4795,#4796,#4797,#4798,#4799,#4800,#4801,#4802,#4803,
#4804,#4805,#4806,#4807,#4808,#4809,#4810,#4811,#4812,#4813,#4814,#4815,
#4816,#4817,#4818,#4819,#4820,#4821,#4822,#4823,#4824,#4825,#4826,#4827,
#4828,#4829,#4830,#4831,#4832,#4833,#4834,#4835,#4836,#4837,#4838,#4839,
#4840,#4841),.UNSPECIFIED.,.F.,.F.,(4,2,2,2,2,2,2,2,2,2,2,2,2,2,2,2,2,2,
2,2,2,2,2,2,2,2,2,4),(0.0503678488379692,0.149055616392732,0.50499725470723,
0.790527314904495,0.889809169918444,1.08005128426192,1.36068760972197,1.69198138473618,
1.97255667264656,2.00677663612065,2.00908444558611,2.00991305847466,2.01045109913302,
2.01095526839931,2.01162096773501,2.01306225413724,2.03210462284866,2.09495523113084,
2.27087163596612,2.4755921615718,2.79607019775815,3.37314391170367,4.01184851070624,
4.44013725494441,4.83995501154154,5.33163800835906,6.13646443804687,6.24528216842422),
 .UNSPECIFIED.);
#179=B_SPLINE_CURVE_WITH_KNOTS('',3,(#4843,#4844,#4845,#4846,#4847,#4848,
#4849,#4850,#4851,#4852,#4853,#4854,#4855,#4856,#4857,#4858,#4859,#4860,
#4861,#4862,#4863,#4864,#4865,#4866,#4867,#4868,#4869,#4870,#4871,#4872,
#4873,#4874,#4875,#4876,#4877,#4878,#4879,#4880,#4881,#4882,#4883,#4884,
#4885,#4886,#4887,#4888,#4889,#4890),.UNSPECIFIED.,.F.,.F.,(4,2,2,2,2,2,
2,2,2,2,2,2,2,2,2,2,2,2,2,2,2,2,2,4),(19.830788670695,20.4302028305053,
21.4152462156219,22.3241422513669,24.3225587165268,24.7602395143136,26.7590802783981,
27.6624579828995,28.7364484610257,30.4625817385838,31.4590139877629,32.3599012303302,
34.3583035483453,35.2688646973789,36.3277272149028,38.0901073082801,39.0627617169852,
39.9854292537113,41.997224249788,42.4393438439373,44.4544874632097,44.8950773278382,
46.8934019811574,47.7014016734624),.UNSPECIFIED.);
#180=B_SPLINE_CURVE_WITH_KNOTS('',3,(#4892,#4893,#4894,#4895,#4896,#4897,
#4898,#4899,#4900,#4901,#4902,#4903,#4904,#4905,#4906,#4907,#4908,#4909,
#4910,#4911,#4912,#4913,#4914,#4915,#4916,#4917,#4918,#4919,#4920,#4921,
#4922,#4923,#4924,#4925,#4926,#4927,#4928,#4929,#4930,#4931,#4932,#4933,
#4934,#4935,#4936,#4937,#4938,#4939,#4940,#4941,#4942,#4943,#4944,#4945,
#4946,#4947),.UNSPECIFIED.,.F.,.F.,(4,2,2,2,2,2,2,2,2,2,2,2,2,2,2,2,2,2,
2,2,2,2,2,2,2,2,2,4),(0.0503583806957325,0.152093483208066,0.493529795685799,
0.820446813847273,0.916122578703431,1.12265854311571,1.48915506206727,2.20715140526963,
2.24915296725627,2.27705187344376,2.2862018785975,2.28975167943121,2.2940964031172,
2.29571938869254,2.29679287308188,2.29781337016998,2.29919505435017,2.3022753611371,
2.36389618978875,2.61484064602154,3.10787973889723,3.32610288885353,3.88803925946696,
4.8850238100204,5.4388307649417,5.90769782153528,6.57240032580331,7.54633436563969),
 .UNSPECIFIED.);
#181=B_SPLINE_CURVE_WITH_KNOTS('',3,(#4949,#4950,#4951,#4952,#4953,#4954,
#4955,#4956,#4957,#4958,#4959,#4960,#4961,#4962,#4963,#4964,#4965,#4966,
#4967,#4968,#4969,#4970,#4971,#4972,#4973,#4974,#4975,#4976),
 .UNSPECIFIED.,.F.,.F.,(4,2,2,2,2,2,2,2,2,2,2,2,2,4),(0.,1.07155968622082,
2.80572518771677,3.79164961399602,4.6980821872489,6.69679525516321,7.13261214203059,
9.13182834206435,10.0310877421758,11.1116166250316,12.8240084203006,13.8268554399324,
14.7195170766675,16.3358324449944),.UNSPECIFIED.);
#182=B_SPLINE_CURVE_WITH_KNOTS('',3,(#4977,#4978,#4979,#4980,#4981,#4982,
#4983,#4984,#4985,#4986,#4987,#4988,#4989,#4990,#4991,#4992,#4993,#4994),
 .UNSPECIFIED.,.F.,.F.,(4,2,2,2,2,2,2,2,4),(2.62931038198104,3.00391676187079,
3.78781055481677,5.41361228375842,6.71235717412573,6.9814182393626,7.06894525607381,
7.12034994909203,7.15179236382361),.UNSPECIFIED.);
#183=VERTEX_POINT('',#617);
#184=VERTEX_POINT('',#618);
#185=VERTEX_POINT('',#625);
#186=VERTEX_POINT('',#663);
#187=VERTEX_POINT('',#772);
#188=VERTEX_POINT('',#773);
#189=VERTEX_POINT('',#796);
#190=VERTEX_POINT('',#957);
#191=VERTEX_POINT('',#958);
#192=VERTEX_POINT('',#987);
#193=VERTEX_POINT('',#1000);
#194=VERTEX_POINT('',#1213);
#195=VERTEX_POINT('',#1214);
#196=VERTEX_POINT('',#1281);
#197=VERTEX_POINT('',#1288);
#198=VERTEX_POINT('',#1345);
#199=VERTEX_POINT('',#1438);
#200=VERTEX_POINT('',#1439);
#201=VERTEX_POINT('',#1448);
#202=VERTEX_POINT('',#1523);
#203=VERTEX_POINT('',#1524);
#204=VERTEX_POINT('',#1539);
#205=VERTEX_POINT('',#1552);
#206=VERTEX_POINT('',#3727);
#207=VERTEX_POINT('',#3766);
#208=VERTEX_POINT('',#3821);
#209=VERTEX_POINT('',#3872);
#210=VERTEX_POINT('',#3925);
#211=VERTEX_POINT('',#3974);
#212=VERTEX_POINT('',#4035);
#213=VERTEX_POINT('',#4084);
#214=VERTEX_POINT('',#4135);
#215=VERTEX_POINT('',#4184);
#216=VERTEX_POINT('',#4239);
#217=VERTEX_POINT('',#4288);
#218=VERTEX_POINT('',#4337);
#219=VERTEX_POINT('',#4464);
#220=VERTEX_POINT('',#4477);
#221=VERTEX_POINT('',#4530);
#222=VERTEX_POINT('',#4579);
#223=VERTEX_POINT('',#4636);
#224=VERTEX_POINT('',#4685);
#225=VERTEX_POINT('',#4736);
#226=VERTEX_POINT('',#4785);
#227=VERTEX_POINT('',#4842);
#228=VERTEX_POINT('',#4891);
#229=VERTEX_POINT('',#4948);
#230=VERTEX_POINT('',#4996);
#231=VERTEX_POINT('',#5000);
#232=VERTEX_POINT('',#5002);
#233=EDGE_CURVE('',#183,#184,#130,.T.);
#234=EDGE_CURVE('',#185,#183,#131,.T.);
#235=EDGE_CURVE('',#186,#185,#132,.T.);
#236=EDGE_CURVE('',#184,#186,#133,.T.);
#237=EDGE_CURVE('',#187,#188,#134,.T.);
#238=EDGE_CURVE('',#189,#188,#135,.T.);
#239=EDGE_CURVE('',#187,#189,#136,.T.);
#240=EDGE_CURVE('',#190,#191,#137,.T.);
#241=EDGE_CURVE('',#192,#191,#138,.T.);
#242=EDGE_CURVE('',#193,#192,#139,.T.);
#243=EDGE_CURVE('',#190,#193,#140,.T.);
#244=EDGE_CURVE('',#194,#195,#141,.T.);
#245=EDGE_CURVE('',#183,#195,#142,.T.);
#246=EDGE_CURVE('',#196,#184,#143,.T.);
#247=EDGE_CURVE('',#197,#196,#144,.T.);
#248=EDGE_CURVE('',#198,#197,#145,.T.);
#249=EDGE_CURVE('',#194,#198,#146,.T.);
#250=EDGE_CURVE('',#199,#200,#147,.T.);
#251=EDGE_CURVE('',#201,#199,#148,.T.);
#252=EDGE_CURVE('',#200,#201,#149,.T.);
#253=EDGE_CURVE('',#202,#203,#150,.T.);
#254=EDGE_CURVE('',#204,#202,#151,.T.);
#255=EDGE_CURVE('',#205,#204,#152,.T.);
#256=EDGE_CURVE('',#203,#205,#153,.T.);
#257=EDGE_CURVE('',#199,#203,#154,.T.);
#258=EDGE_CURVE('',#206,#200,#155,.T.);
#259=EDGE_CURVE('',#207,#206,#156,.T.);
#260=EDGE_CURVE('',#208,#207,#157,.T.);
#261=EDGE_CURVE('',#209,#208,#158,.T.);
#262=EDGE_CURVE('',#210,#209,#159,.T.);
#263=EDGE_CURVE('',#211,#210,#160,.T.);
#264=EDGE_CURVE('',#212,#211,#161,.T.);
#265=EDGE_CURVE('',#213,#212,#162,.T.);
#266=EDGE_CURVE('',#214,#213,#163,.T.);
#267=EDGE_CURVE('',#215,#214,#164,.T.);
#268=EDGE_CURVE('',#216,#215,#165,.T.);
#269=EDGE_CURVE('',#217,#216,#166,.T.);
#270=EDGE_CURVE('',#218,#217,#167,.T.);
#271=EDGE_CURVE('',#195,#218,#168,.T.);
#272=EDGE_CURVE('',#191,#194,#169,.T.);
#273=EDGE_CURVE('',#188,#190,#170,.T.);
#274=EDGE_CURVE('',#219,#187,#171,.T.);
#275=EDGE_CURVE('',#220,#219,#172,.T.);
#276=EDGE_CURVE('',#221,#220,#173,.T.);
#277=EDGE_CURVE('',#222,#221,#174,.T.);
#278=EDGE_CURVE('',#223,#222,#175,.T.);
#279=EDGE_CURVE('',#224,#223,#176,.T.);
#280=EDGE_CURVE('',#225,#224,#177,.T.);
#281=EDGE_CURVE('',#226,#225,#178,.T.);
#282=EDGE_CURVE('',#227,#226,#179,.T.);
#283=EDGE_CURVE('',#228,#227,#180,.T.);
#284=EDGE_CURVE('',#229,#228,#181,.T.);
#285=EDGE_CURVE('',#202,#229,#182,.T.);
#286=EDGE_CURVE('',#186,#230,#62,.T.);
#287=EDGE_CURVE('',#230,#196,#24,.T.);
#288=EDGE_CURVE('',#231,#205,#25,.T.);
#289=EDGE_CURVE('',#231,#232,#26,.T.);
#290=EDGE_CURVE('',#232,#201,#27,.T.);
#291=EDGE_CURVE('',#228,#206,#28,.T.);
#292=EDGE_CURVE('',#227,#207,#29,.T.);
#293=EDGE_CURVE('',#226,#208,#30,.T.);
#294=EDGE_CURVE('',#225,#209,#31,.T.);
#295=EDGE_CURVE('',#224,#210,#32,.T.);
#296=EDGE_CURVE('',#223,#211,#33,.T.);
#297=EDGE_CURVE('',#222,#212,#34,.T.);
#298=EDGE_CURVE('',#221,#213,#35,.T.);
#299=EDGE_CURVE('',#220,#214,#36,.T.);
#300=EDGE_CURVE('',#219,#215,#37,.T.);
#301=EDGE_CURVE('',#193,#217,#38,.T.);
#302=EDGE_CURVE('',#189,#216,#39,.T.);
#303=EDGE_CURVE('',#198,#185,#40,.T.);
#304=EDGE_CURVE('',#192,#218,#41,.T.);
#305=EDGE_CURVE('',#204,#231,#63,.T.);
#306=EDGE_CURVE('',#232,#229,#64,.T.);
#307=EDGE_CURVE('',#197,#230,#42,.T.);
#308=ORIENTED_EDGE('',*,*,#233,.F.);
#309=ORIENTED_EDGE('',*,*,#234,.F.);
#310=ORIENTED_EDGE('',*,*,#235,.F.);
#311=ORIENTED_EDGE('',*,*,#236,.F.);
#312=ORIENTED_EDGE('',*,*,#237,.T.);
#313=ORIENTED_EDGE('',*,*,#238,.F.);
#314=ORIENTED_EDGE('',*,*,#239,.F.);
#315=ORIENTED_EDGE('',*,*,#240,.T.);
#316=ORIENTED_EDGE('',*,*,#241,.F.);
#317=ORIENTED_EDGE('',*,*,#242,.F.);
#318=ORIENTED_EDGE('',*,*,#243,.F.);
#319=ORIENTED_EDGE('',*,*,#244,.T.);
#320=ORIENTED_EDGE('',*,*,#245,.F.);
#321=ORIENTED_EDGE('',*,*,#233,.T.);
#322=ORIENTED_EDGE('',*,*,#246,.F.);
#323=ORIENTED_EDGE('',*,*,#247,.F.);
#324=ORIENTED_EDGE('',*,*,#248,.F.);
#325=ORIENTED_EDGE('',*,*,#249,.F.);
#326=ORIENTED_EDGE('',*,*,#250,.F.);
#327=ORIENTED_EDGE('',*,*,#251,.F.);
#328=ORIENTED_EDGE('',*,*,#252,.F.);
#329=ORIENTED_EDGE('',*,*,#253,.F.);
#330=ORIENTED_EDGE('',*,*,#254,.F.);
#331=ORIENTED_EDGE('',*,*,#255,.F.);
#332=ORIENTED_EDGE('',*,*,#256,.F.);
#333=ORIENTED_EDGE('',*,*,#253,.T.);
#334=ORIENTED_EDGE('',*,*,#257,.F.);
#335=ORIENTED_EDGE('',*,*,#250,.T.);
#336=ORIENTED_EDGE('',*,*,#258,.F.);
#337=ORIENTED_EDGE('',*,*,#259,.F.);
#338=ORIENTED_EDGE('',*,*,#260,.F.);
#339=ORIENTED_EDGE('',*,*,#261,.F.);
#340=ORIENTED_EDGE('',*,*,#262,.F.);
#341=ORIENTED_EDGE('',*,*,#263,.F.);
#342=ORIENTED_EDGE('',*,*,#264,.F.);
#343=ORIENTED_EDGE('',*,*,#265,.F.);
#344=ORIENTED_EDGE('',*,*,#266,.F.);
#345=ORIENTED_EDGE('',*,*,#267,.F.);
#346=ORIENTED_EDGE('',*,*,#268,.F.);
#347=ORIENTED_EDGE('',*,*,#269,.F.);
#348=ORIENTED_EDGE('',*,*,#270,.F.);
#349=ORIENTED_EDGE('',*,*,#271,.F.);
#350=ORIENTED_EDGE('',*,*,#244,.F.);
#351=ORIENTED_EDGE('',*,*,#272,.F.);
#352=ORIENTED_EDGE('',*,*,#240,.F.);
#353=ORIENTED_EDGE('',*,*,#273,.F.);
#354=ORIENTED_EDGE('',*,*,#237,.F.);
#355=ORIENTED_EDGE('',*,*,#274,.F.);
#356=ORIENTED_EDGE('',*,*,#275,.F.);
#357=ORIENTED_EDGE('',*,*,#276,.F.);
#358=ORIENTED_EDGE('',*,*,#277,.F.);
#359=ORIENTED_EDGE('',*,*,#278,.F.);
#360=ORIENTED_EDGE('',*,*,#279,.F.);
#361=ORIENTED_EDGE('',*,*,#280,.F.);
#362=ORIENTED_EDGE('',*,*,#281,.F.);
#363=ORIENTED_EDGE('',*,*,#282,.F.);
#364=ORIENTED_EDGE('',*,*,#283,.F.);
#365=ORIENTED_EDGE('',*,*,#284,.F.);
#366=ORIENTED_EDGE('',*,*,#285,.F.);
#367=ORIENTED_EDGE('',*,*,#246,.T.);
#368=ORIENTED_EDGE('',*,*,#236,.T.);
#369=ORIENTED_EDGE('',*,*,#286,.T.);
#370=ORIENTED_EDGE('',*,*,#287,.T.);
#371=ORIENTED_EDGE('',*,*,#251,.T.);
#372=ORIENTED_EDGE('',*,*,#257,.T.);
#373=ORIENTED_EDGE('',*,*,#256,.T.);
#374=ORIENTED_EDGE('',*,*,#288,.F.);
#375=ORIENTED_EDGE('',*,*,#289,.T.);
#376=ORIENTED_EDGE('',*,*,#290,.T.);
#377=ORIENTED_EDGE('',*,*,#259,.T.);
#378=ORIENTED_EDGE('',*,*,#291,.F.);
#379=ORIENTED_EDGE('',*,*,#283,.T.);
#380=ORIENTED_EDGE('',*,*,#292,.T.);
#381=ORIENTED_EDGE('',*,*,#261,.T.);
#382=ORIENTED_EDGE('',*,*,#293,.F.);
#383=ORIENTED_EDGE('',*,*,#281,.T.);
#384=ORIENTED_EDGE('',*,*,#294,.T.);
#385=ORIENTED_EDGE('',*,*,#263,.T.);
#386=ORIENTED_EDGE('',*,*,#295,.F.);
#387=ORIENTED_EDGE('',*,*,#279,.T.);
#388=ORIENTED_EDGE('',*,*,#296,.T.);
#389=ORIENTED_EDGE('',*,*,#265,.T.);
#390=ORIENTED_EDGE('',*,*,#297,.F.);
#391=ORIENTED_EDGE('',*,*,#277,.T.);
#392=ORIENTED_EDGE('',*,*,#298,.T.);
#393=ORIENTED_EDGE('',*,*,#267,.T.);
#394=ORIENTED_EDGE('',*,*,#299,.F.);
#395=ORIENTED_EDGE('',*,*,#275,.T.);
#396=ORIENTED_EDGE('',*,*,#300,.T.);
#397=ORIENTED_EDGE('',*,*,#243,.T.);
#398=ORIENTED_EDGE('',*,*,#301,.T.);
#399=ORIENTED_EDGE('',*,*,#269,.T.);
#400=ORIENTED_EDGE('',*,*,#302,.F.);
#401=ORIENTED_EDGE('',*,*,#238,.T.);
#402=ORIENTED_EDGE('',*,*,#273,.T.);
#403=ORIENTED_EDGE('',*,*,#249,.T.);
#404=ORIENTED_EDGE('',*,*,#303,.T.);
#405=ORIENTED_EDGE('',*,*,#234,.T.);
#406=ORIENTED_EDGE('',*,*,#245,.T.);
#407=ORIENTED_EDGE('',*,*,#271,.T.);
#408=ORIENTED_EDGE('',*,*,#304,.F.);
#409=ORIENTED_EDGE('',*,*,#241,.T.);
#410=ORIENTED_EDGE('',*,*,#272,.T.);
#411=ORIENTED_EDGE('',*,*,#255,.T.);
#412=ORIENTED_EDGE('',*,*,#305,.T.);
#413=ORIENTED_EDGE('',*,*,#288,.T.);
#414=ORIENTED_EDGE('',*,*,#258,.T.);
#415=ORIENTED_EDGE('',*,*,#252,.T.);
#416=ORIENTED_EDGE('',*,*,#290,.F.);
#417=ORIENTED_EDGE('',*,*,#306,.T.);
#418=ORIENTED_EDGE('',*,*,#284,.T.);
#419=ORIENTED_EDGE('',*,*,#291,.T.);
#420=ORIENTED_EDGE('',*,*,#260,.T.);
#421=ORIENTED_EDGE('',*,*,#292,.F.);
#422=ORIENTED_EDGE('',*,*,#282,.T.);
#423=ORIENTED_EDGE('',*,*,#293,.T.);
#424=ORIENTED_EDGE('',*,*,#262,.T.);
#425=ORIENTED_EDGE('',*,*,#294,.F.);
#426=ORIENTED_EDGE('',*,*,#280,.T.);
#427=ORIENTED_EDGE('',*,*,#295,.T.);
#428=ORIENTED_EDGE('',*,*,#264,.T.);
#429=ORIENTED_EDGE('',*,*,#296,.F.);
#430=ORIENTED_EDGE('',*,*,#278,.T.);
#431=ORIENTED_EDGE('',*,*,#297,.T.);
#432=ORIENTED_EDGE('',*,*,#266,.T.);
#433=ORIENTED_EDGE('',*,*,#298,.F.);
#434=ORIENTED_EDGE('',*,*,#276,.T.);
#435=ORIENTED_EDGE('',*,*,#299,.T.);
#436=ORIENTED_EDGE('',*,*,#268,.T.);
#437=ORIENTED_EDGE('',*,*,#300,.F.);
#438=ORIENTED_EDGE('',*,*,#274,.T.);
#439=ORIENTED_EDGE('',*,*,#239,.T.);
#440=ORIENTED_EDGE('',*,*,#302,.T.);
#441=ORIENTED_EDGE('',*,*,#242,.T.);
#442=ORIENTED_EDGE('',*,*,#304,.T.);
#443=ORIENTED_EDGE('',*,*,#270,.T.);
#444=ORIENTED_EDGE('',*,*,#301,.F.);
#445=ORIENTED_EDGE('',*,*,#248,.T.);
#446=ORIENTED_EDGE('',*,*,#307,.T.);
#447=ORIENTED_EDGE('',*,*,#286,.F.);
#448=ORIENTED_EDGE('',*,*,#235,.T.);
#449=ORIENTED_EDGE('',*,*,#303,.F.);
#450=ORIENTED_EDGE('',*,*,#247,.T.);
#451=ORIENTED_EDGE('',*,*,#287,.F.);
#452=ORIENTED_EDGE('',*,*,#307,.F.);
#453=ORIENTED_EDGE('',*,*,#285,.T.);
#454=ORIENTED_EDGE('',*,*,#306,.F.);
#455=ORIENTED_EDGE('',*,*,#289,.F.);
#456=ORIENTED_EDGE('',*,*,#305,.F.);
#457=ORIENTED_EDGE('',*,*,#254,.T.);
#458=B_SPLINE_SURFACE_WITH_KNOTS('',3,3,((#585,#586,#587,#588,#589,#590,
#591,#592),(#593,#594,#595,#596,#597,#598,#599,#600),(#601,#602,#603,#604,
#605,#606,#607,#608),(#609,#610,#611,#612,#613,#614,#615,#616)),
 .UNSPECIFIED.,.F.,.F.,.F.,(4,4),(4,2,2,4),(-4.03549043772942,-3.14159265358865),
(53.5642734414996,53.9214652496916,54.4248464551026,54.4745278044163),
 .UNSPECIFIED.);
#459=B_SPLINE_SURFACE_WITH_KNOTS('',3,3,((#684,#685,#686,#687,#688,#689,
#690,#691,#692,#693,#694,#695,#696,#697,#698,#699,#700,#701,#702,#703,#704,
#705),(#706,#707,#708,#709,#710,#711,#712,#713,#714,#715,#716,#717,#718,
#719,#720,#721,#722,#723,#724,#725,#726,#727),(#728,#729,#730,#731,#732,
#733,#734,#735,#736,#737,#738,#739,#740,#741,#742,#743,#744,#745,#746,#747,
#748,#749),(#750,#751,#752,#753,#754,#755,#756,#757,#758,#759,#760,#761,
#762,#763,#764,#765,#766,#767,#768,#769,#770,#771)),.UNSPECIFIED.,.F.,.F.,
 .F.,(4,4),(4,2,2,2,2,2,2,2,2,2,4),(-3.1415926538817,-2.56310678431219),
(35.9189053209196,36.2969968794659,36.800723401129,37.3044396298885,37.8081455909029,
38.3118413093254,38.8155268103039,39.3192021189812,39.8228672604946,40.3265222599763,
40.6114466664914),.UNSPECIFIED.);
#460=B_SPLINE_SURFACE_WITH_KNOTS('',3,3,((#845,#846,#847,#848,#849,#850,
#851,#852,#853,#854,#855,#856,#857,#858,#859,#860,#861,#862,#863,#864,#865,
#866,#867,#868,#869,#870,#871,#872),(#873,#874,#875,#876,#877,#878,#879,
#880,#881,#882,#883,#884,#885,#886,#887,#888,#889,#890,#891,#892,#893,#894,
#895,#896,#897,#898,#899,#900),(#901,#902,#903,#904,#905,#906,#907,#908,
#909,#910,#911,#912,#913,#914,#915,#916,#917,#918,#919,#920,#921,#922,#923,
#924,#925,#926,#927,#928),(#929,#930,#931,#932,#933,#934,#935,#936,#937,
#938,#939,#940,#941,#942,#943,#944,#945,#946,#947,#948,#949,#950,#951,#952,
#953,#954,#955,#956)),.UNSPECIFIED.,.F.,.F.,.F.,(4,4),(4,2,2,2,2,2,2,2,
2,2,2,2,2,4),(-3.14159265359383,-1.77130197492581),(41.070156973509,41.3338019333474,
41.8374266574751,42.3410413400476,42.8446460061713,43.3482406809471,43.8518253894709,
44.3554001568334,44.8589650081204,45.3625199684122,45.8660650627843,46.3696003163071,
46.8731257540459,47.0883603312297),.UNSPECIFIED.);
#461=B_SPLINE_SURFACE_WITH_KNOTS('',3,3,((#1053,#1054,#1055,#1056,#1057,
#1058,#1059,#1060,#1061,#1062,#1063,#1064,#1065,#1066,#1067,#1068,#1069,
#1070,#1071,#1072,#1073,#1074,#1075,#1076,#1077,#1078,#1079,#1080,#1081,
#1082,#1083,#1084),(#1085,#1086,#1087,#1088,#1089,#1090,#1091,#1092,#1093,
#1094,#1095,#1096,#1097,#1098,#1099,#1100,#1101,#1102,#1103,#1104,#1105,
#1106,#1107,#1108,#1109,#1110,#1111,#1112,#1113,#1114,#1115,#1116),(#1117,
#1118,#1119,#1120,#1121,#1122,#1123,#1124,#1125,#1126,#1127,#1128,#1129,
#1130,#1131,#1132,#1133,#1134,#1135,#1136,#1137,#1138,#1139,#1140,#1141,
#1142,#1143,#1144,#1145,#1146,#1147,#1148),(#1149,#1150,#1151,#1152,#1153,
#1154,#1155,#1156,#1157,#1158,#1159,#1160,#1161,#1162,#1163,#1164,#1165,
#1166,#1167,#1168,#1169,#1170,#1171,#1172,#1173,#1174,#1175,#1176,#1177,
#1178,#1179,#1180),(#1181,#1182,#1183,#1184,#1185,#1186,#1187,#1188,#1189,
#1190,#1191,#1192,#1193,#1194,#1195,#1196,#1197,#1198,#1199,#1200,#1201,
#1202,#1203,#1204,#1205,#1206,#1207,#1208,#1209,#1210,#1211,#1212)),
 .UNSPECIFIED.,.F.,.F.,.F.,(4,1,4),(4,2,2,2,2,2,2,2,2,2,2,2,2,2,2,4),(-3.14159265358984,
-2.21401197336175,-0.977237733057623),(47.1593987613357,47.3766414010609,
47.8801472824073,48.3836434231352,48.88712984829,49.3906065829117,49.8940736520354,
50.3975310806916,50.9009788939053,51.404417116697,51.907845774082,52.4112648910708,
52.914674492669,53.4180746038773,53.9214652496916,54.3241586806567),
 .UNSPECIFIED.);
#462=B_SPLINE_SURFACE_WITH_KNOTS('',3,3,((#1406,#1407,#1408,#1409,#1410,
#1411,#1412,#1413),(#1414,#1415,#1416,#1417,#1418,#1419,#1420,#1421),(#1422,
#1423,#1424,#1425,#1426,#1427,#1428,#1429),(#1430,#1431,#1432,#1433,#1434,
#1435,#1436,#1437)),.UNSPECIFIED.,.F.,.F.,.F.,(4,4),(4,2,2,4),(-3.30341679096875,
-3.14159265358724),(9.73866089813541,10.088408240717,10.5927047978945,11.0354210564434),
 .UNSPECIFIED.);
#463=B_SPLINE_SURFACE_WITH_KNOTS('',3,3,((#1467,#1468,#1469,#1470,#1471,
#1472,#1473,#1474,#1475,#1476,#1477,#1478,#1479,#1480),(#1481,#1482,#1483,
#1484,#1485,#1486,#1487,#1488,#1489,#1490,#1491,#1492,#1493,#1494),(#1495,
#1496,#1497,#1498,#1499,#1500,#1501,#1502,#1503,#1504,#1505,#1506,#1507,
#1508),(#1509,#1510,#1511,#1512,#1513,#1514,#1515,#1516,#1517,#1518,#1519,
#1520,#1521,#1522)),.UNSPECIFIED.,.F.,.F.,.F.,(4,4),(4,2,2,2,2,2,4),(-3.68349572974475,
-3.1415926535483),(6.6870938166425,7.06238368696458,7.56675043172493,8.07110541485142,
8.57544866183355,9.07978019815468,9.11008984885985),.UNSPECIFIED.);
#464=B_SPLINE_SURFACE_WITH_KNOTS('',3,3,((#1581,#1582,#1583,#1584,#1585,
#1586,#1587,#1588,#1589,#1590,#1591,#1592,#1593,#1594,#1595,#1596,#1597,
#1598,#1599,#1600,#1601,#1602,#1603,#1604,#1605,#1606,#1607,#1608,#1609,
#1610,#1611,#1612,#1613,#1614,#1615,#1616,#1617,#1618,#1619,#1620,#1621,
#1622,#1623,#1624,#1625,#1626,#1627,#1628,#1629,#1630,#1631,#1632,#1633,
#1634,#1635,#1636,#1637,#1638,#1639,#1640,#1641,#1642,#1643,#1644,#1645,
#1646,#1647,#1648,#1649,#1650,#1651,#1652,#1653,#1654,#1655,#1656,#1657,
#1658,#1659,#1660,#1661,#1662,#1663,#1664,#1665,#1666,#1667,#1668,#1669,
#1670,#1671,#1672,#1673,#1674,#1675,#1676,#1677,#1678,#1679,#1680,#1681,
#1682,#1683,#1684,#1685,#1686,#1687,#1688,#1689,#1690,#1691,#1692,#1693,
#1694,#1695,#1696,#1697,#1698,#1699,#1700,#1701,#1702,#1703,#1704,#1705,
#1706,#1707,#1708,#1709,#1710,#1711,#1712,#1713,#1714,#1715,#1716,#1717,
#1718,#1719,#1720,#1721,#1722,#1723,#1724,#1725,#1726,#1727,#1728,#1729,
#1730,#1731,#1732,#1733,#1734,#1735,#1736,#1737,#1738,#1739,#1740,#1741,
#1742,#1743,#1744,#1745,#1746,#1747,#1748,#1749,#1750,#1751,#1752,#1753,
#1754,#1755,#1756,#1757,#1758,#1759,#1760,#1761,#1762,#1763,#1764,#1765,
#1766,#1767,#1768,#1769,#1770,#1771,#1772),(#1773,#1774,#1775,#1776,#1777,
#1778,#1779,#1780,#1781,#1782,#1783,#1784,#1785,#1786,#1787,#1788,#1789,
#1790,#1791,#1792,#1793,#1794,#1795,#1796,#1797,#1798,#1799,#1800,#1801,
#1802,#1803,#1804,#1805,#1806,#1807,#1808,#1809,#1810,#1811,#1812,#1813,
#1814,#1815,#1816,#1817,#1818,#1819,#1820,#1821,#1822,#1823,#1824,#1825,
#1826,#1827,#1828,#1829,#1830,#1831,#1832,#1833,#1834,#1835,#1836,#1837,
#1838,#1839,#1840,#1841,#1842,#1843,#1844,#1845,#1846,#1847,#1848,#1849,
#1850,#1851,#1852,#1853,#1854,#1855,#1856,#1857,#1858,#1859,#1860,#1861,
#1862,#1863,#1864,#1865,#1866,#1867,#1868,#1869,#1870,#1871,#1872,#1873,
#1874,#1875,#1876,#1877,#1878,#1879,#1880,#1881,#1882,#1883,#1884,#1885,
#1886,#1887,#1888,#1889,#1890,#1891,#1892,#1893,#1894,#1895,#1896,#1897,
#1898,#1899,#1900,#1901,#1902,#1903,#1904,#1905,#1906,#1907,#1908,#1909,
#1910,#1911,#1912,#1913,#1914,#1915,#1916,#1917,#1918,#1919,#1920,#1921,
#1922,#1923,#1924,#1925,#1926,#1927,#1928,#1929,#1930,#1931,#1932,#1933,
#1934,#1935,#1936,#1937,#1938,#1939,#1940,#1941,#1942,#1943,#1944,#1945,
#1946,#1947,#1948,#1949,#1950,#1951,#1952,#1953,#1954,#1955,#1956,#1957,
#1958,#1959,#1960,#1961,#1962,#1963,#1964),(#1965,#1966,#1967,#1968,#1969,
#1970,#1971,#1972,#1973,#1974,#1975,#1976,#1977,#1978,#1979,#1980,#1981,
#1982,#1983,#1984,#1985,#1986,#1987,#1988,#1989,#1990,#1991,#1992,#1993,
#1994,#1995,#1996,#1997,#1998,#1999,#2000,#2001,#2002,#2003,#2004,#2005,
#2006,#2007,#2008,#2009,#2010,#2011,#2012,#2013,#2014,#2015,#2016,#2017,
#2018,#2019,#2020,#2021,#2022,#2023,#2024,#2025,#2026,#2027,#2028,#2029,
#2030,#2031,#2032,#2033,#2034,#2035,#2036,#2037,#2038,#2039,#2040,#2041,
#2042,#2043,#2044,#2045,#2046,#2047,#2048,#2049,#2050,#2051,#2052,#2053,
#2054,#2055,#2056,#2057,#2058,#2059,#2060,#2061,#2062,#2063,#2064,#2065,
#2066,#2067,#2068,#2069,#2070,#2071,#2072,#2073,#2074,#2075,#2076,#2077,
#2078,#2079,#2080,#2081,#2082,#2083,#2084,#2085,#2086,#2087,#2088,#2089,
#2090,#2091,#2092,#2093,#2094,#2095,#2096,#2097,#2098,#2099,#2100,#2101,
#2102,#2103,#2104,#2105,#2106,#2107,#2108,#2109,#2110,#2111,#2112,#2113,
#2114,#2115,#2116,#2117,#2118,#2119,#2120,#2121,#2122,#2123,#2124,#2125,
#2126,#2127,#2128,#2129,#2130,#2131,#2132,#2133,#2134,#2135,#2136,#2137,
#2138,#2139,#2140,#2141,#2142,#2143,#2144,#2145,#2146,#2147,#2148,#2149,
#2150,#2151,#2152,#2153,#2154,#2155,#2156),(#2157,#2158,#2159,#2160,#2161,
#2162,#2163,#2164,#2165,#2166,#2167,#2168,#2169,#2170,#2171,#2172,#2173,
#2174,#2175,#2176,#2177,#2178,#2179,#2180,#2181,#2182,#2183,#2184,#2185,
#2186,#2187,#2188,#2189,#2190,#2191,#2192,#2193,#2194,#2195,#2196,#2197,
#2198,#2199,#2200,#2201,#2202,#2203,#2204,#2205,#2206,#2207,#2208,#2209,
#2210,#2211,#2212,#2213,#2214,#2215,#2216,#2217,#2218,#2219,#2220,#2221,
#2222,#2223,#2224,#2225,#2226,#2227,#2228,#2229,#2230,#2231,#2232,#2233,
#2234,#2235,#2236,#2237,#2238,#2239,#2240,#2241,#2242,#2243,#2244,#2245,
#2246,#2247,#2248,#2249,#2250,#2251,#2252,#2253,#2254,#2255,#2256,#2257,
#2258,#2259,#2260,#2261,#2262,#2263,#2264,#2265,#2266,#2267,#2268,#2269,
#2270,#2271,#2272,#2273,#2274,#2275,#2276,#2277,#2278,#2279,#2280,#2281,
#2282,#2283,#2284,#2285,#2286,#2287,#2288,#2289,#2290,#2291,#2292,#2293,
#2294,#2295,#2296,#2297,#2298,#2299,#2300,#2301,#2302,#2303,#2304,#2305,
#2306,#2307,#2308,#2309,#2310,#2311,#2312,#2313,#2314,#2315,#2316,#2317,
#2318,#2319,#2320,#2321,#2322,#2323,#2324,#2325,#2326,#2327,#2328,#2329,
#2330,#2331,#2332,#2333,#2334,#2335,#2336,#2337,#2338,#2339,#2340,#2341,
#2342,#2343,#2344,#2345,#2346,#2347,#2348),(#2349,#2350,#2351,#2352,#2353,
#2354,#2355,#2356,#2357,#2358,#2359,#2360,#2361,#2362,#2363,#2364,#2365,
#2366,#2367,#2368,#2369,#2370,#2371,#2372,#2373,#2374,#2375,#2376,#2377,
#2378,#2379,#2380,#2381,#2382,#2383,#2384,#2385,#2386,#2387,#2388,#2389,
#2390,#2391,#2392,#2393,#2394,#2395,#2396,#2397,#2398,#2399,#2400,#2401,
#2402,#2403,#2404,#2405,#2406,#2407,#2408,#2409,#2410,#2411,#2412,#2413,
#2414,#2415,#2416,#2417,#2418,#2419,#2420,#2421,#2422,#2423,#2424,#2425,
#2426,#2427,#2428,#2429,#2430,#2431,#2432,#2433,#2434,#2435,#2436,#2437,
#2438,#2439,#2440,#2441,#2442,#2443,#2444,#2445,#2446,#2447,#2448,#2449,
#2450,#2451,#2452,#2453,#2454,#2455,#2456,#2457,#2458,#2459,#2460,#2461,
#2462,#2463,#2464,#2465,#2466,#2467,#2468,#2469,#2470,#2471,#2472,#2473,
#2474,#2475,#2476,#2477,#2478,#2479,#2480,#2481,#2482,#2483,#2484,#2485,
#2486,#2487,#2488,#2489,#2490,#2491,#2492,#2493,#2494,#2495,#2496,#2497,
#2498,#2499,#2500,#2501,#2502,#2503,#2504,#2505,#2506,#2507,#2508,#2509,
#2510,#2511,#2512,#2513,#2514,#2515,#2516,#2517,#2518,#2519,#2520,#2521,
#2522,#2523,#2524,#2525,#2526,#2527,#2528,#2529,#2530,#2531,#2532,#2533,
#2534,#2535,#2536,#2537,#2538,#2539,#2540),(#2541,#2542,#2543,#2544,#2545,
#2546,#2547,#2548,#2549,#2550,#2551,#2552,#2553,#2554,#2555,#2556,#2557,
#2558,#2559,#2560,#2561,#2562,#2563,#2564,#2565,#2566,#2567,#2568,#2569,
#2570,#2571,#2572,#2573,#2574,#2575,#2576,#2577,#2578,#2579,#2580,#2581,
#2582,#2583,#2584,#2585,#2586,#2587,#2588,#2589,#2590,#2591,#2592,#2593,
#2594,#2595,#2596,#2597,#2598,#2599,#2600,#2601,#2602,#2603,#2604,#2605,
#2606,#2607,#2608,#2609,#2610,#2611,#2612,#2613,#2614,#2615,#2616,#2617,
#2618,#2619,#2620,#2621,#2622,#2623,#2624,#2625,#2626,#2627,#2628,#2629,
#2630,#2631,#2632,#2633,#2634,#2635,#2636,#2637,#2638,#2639,#2640,#2641,
#2642,#2643,#2644,#2645,#2646,#2647,#2648,#2649,#2650,#2651,#2652,#2653,
#2654,#2655,#2656,#2657,#2658,#2659,#2660,#2661,#2662,#2663,#2664,#2665,
#2666,#2667,#2668,#2669,#2670,#2671,#2672,#2673,#2674,#2675,#2676,#2677,
#2678,#2679,#2680,#2681,#2682,#2683,#2684,#2685,#2686,#2687,#2688,#2689,
#2690,#2691,#2692,#2693,#2694,#2695,#2696,#2697,#2698,#2699,#2700,#2701,
#2702,#2703,#2704,#2705,#2706,#2707,#2708,#2709,#2710,#2711,#2712,#2713,
#2714,#2715,#2716,#2717,#2718,#2719,#2720,#2721,#2722,#2723,#2724,#2725,
#2726,#2727,#2728,#2729,#2730,#2731,#2732),(#2733,#2734,#2735,#2736,#2737,
#2738,#2739,#2740,#2741,#2742,#2743,#2744,#2745,#2746,#2747,#2748,#2749,
#2750,#2751,#2752,#2753,#2754,#2755,#2756,#2757,#2758,#2759,#2760,#2761,
#2762,#2763,#2764,#2765,#2766,#2767,#2768,#2769,#2770,#2771,#2772,#2773,
#2774,#2775,#2776,#2777,#2778,#2779,#2780,#2781,#2782,#2783,#2784,#2785,
#2786,#2787,#2788,#2789,#2790,#2791,#2792,#2793,#2794,#2795,#2796,#2797,
#2798,#2799,#2800,#2801,#2802,#2803,#2804,#2805,#2806,#2807,#2808,#2809,
#2810,#2811,#2812,#2813,#2814,#2815,#2816,#2817,#2818,#2819,#2820,#2821,
#2822,#2823,#2824,#2825,#2826,#2827,#2828,#2829,#2830,#2831,#2832,#2833,
#2834,#2835,#2836,#2837,#2838,#2839,#2840,#2841,#2842,#2843,#2844,#2845,
#2846,#2847,#2848,#2849,#2850,#2851,#2852,#2853,#2854,#2855,#2856,#2857,
#2858,#2859,#2860,#2861,#2862,#2863,#2864,#2865,#2866,#2867,#2868,#2869,
#2870,#2871,#2872,#2873,#2874,#2875,#2876,#2877,#2878,#2879,#2880,#2881,
#2882,#2883,#2884,#2885,#2886,#2887,#2888,#2889,#2890,#2891,#2892,#2893,
#2894,#2895,#2896,#2897,#2898,#2899,#2900,#2901,#2902,#2903,#2904,#2905,
#2906,#2907,#2908,#2909,#2910,#2911,#2912,#2913,#2914,#2915,#2916,#2917,
#2918,#2919,#2920,#2921,#2922,#2923,#2924),(#2925,#2926,#2927,#2928,#2929,
#2930,#2931,#2932,#2933,#2934,#2935,#2936,#2937,#2938,#2939,#2940,#2941,
#2942,#2943,#2944,#2945,#2946,#2947,#2948,#2949,#2950,#2951,#2952,#2953,
#2954,#2955,#2956,#2957,#2958,#2959,#2960,#2961,#2962,#2963,#2964,#2965,
#2966,#2967,#2968,#2969,#2970,#2971,#2972,#2973,#2974,#2975,#2976,#2977,
#2978,#2979,#2980,#2981,#2982,#2983,#2984,#2985,#2986,#2987,#2988,#2989,
#2990,#2991,#2992,#2993,#2994,#2995,#2996,#2997,#2998,#2999,#3000,#3001,
#3002,#3003,#3004,#3005,#3006,#3007,#3008,#3009,#3010,#3011,#3012,#3013,
#3014,#3015,#3016,#3017,#3018,#3019,#3020,#3021,#3022,#3023,#3024,#3025,
#3026,#3027,#3028,#3029,#3030,#3031,#3032,#3033,#3034,#3035,#3036,#3037,
#3038,#3039,#3040,#3041,#3042,#3043,#3044,#3045,#3046,#3047,#3048,#3049,
#3050,#3051,#3052,#3053,#3054,#3055,#3056,#3057,#3058,#3059,#3060,#3061,
#3062,#3063,#3064,#3065,#3066,#3067,#3068,#3069,#3070,#3071,#3072,#3073,
#3074,#3075,#3076,#3077,#3078,#3079,#3080,#3081,#3082,#3083,#3084,#3085,
#3086,#3087,#3088,#3089,#3090,#3091,#3092,#3093,#3094,#3095,#3096,#3097,
#3098,#3099,#3100,#3101,#3102,#3103,#3104,#3105,#3106,#3107,#3108,#3109,
#3110,#3111,#3112,#3113,#3114,#3115,#3116),(#3117,#3118,#3119,#3120,#3121,
#3122,#3123,#3124,#3125,#3126,#3127,#3128,#3129,#3130,#3131,#3132,#3133,
#3134,#3135,#3136,#3137,#3138,#3139,#3140,#3141,#3142,#3143,#3144,#3145,
#3146,#3147,#3148,#3149,#3150,#3151,#3152,#3153,#3154,#3155,#3156,#3157,
#3158,#3159,#3160,#3161,#3162,#3163,#3164,#3165,#3166,#3167,#3168,#3169,
#3170,#3171,#3172,#3173,#3174,#3175,#3176,#3177,#3178,#3179,#3180,#3181,
#3182,#3183,#3184,#3185,#3186,#3187,#3188,#3189,#3190,#3191,#3192,#3193,
#3194,#3195,#3196,#3197,#3198,#3199,#3200,#3201,#3202,#3203,#3204,#3205,
#3206,#3207,#3208,#3209,#3210,#3211,#3212,#3213,#3214,#3215,#3216,#3217,
#3218,#3219,#3220,#3221,#3222,#3223,#3224,#3225,#3226,#3227,#3228,#3229,
#3230,#3231,#3232,#3233,#3234,#3235,#3236,#3237,#3238,#3239,#3240,#3241,
#3242,#3243,#3244,#3245,#3246,#3247,#3248,#3249,#3250,#3251,#3252,#3253,
#3254,#3255,#3256,#3257,#3258,#3259,#3260,#3261,#3262,#3263,#3264,#3265,
#3266,#3267,#3268,#3269,#3270,#3271,#3272,#3273,#3274,#3275,#3276,#3277,
#3278,#3279,#3280,#3281,#3282,#3283,#3284,#3285,#3286,#3287,#3288,#3289,
#3290,#3291,#3292,#3293,#3294,#3295,#3296,#3297,#3298,#3299,#3300,#3301,
#3302,#3303,#3304,#3305,#3306,#3307,#3308),(#3309,#3310,#3311,#3312,#3313,
#3314,#3315,#3316,#3317,#3318,#3319,#3320,#3321,#3322,#3323,#3324,#3325,
#3326,#3327,#3328,#3329,#3330,#3331,#3332,#3333,#3334,#3335,#3336,#3337,
#3338,#3339,#3340,#3341,#3342,#3343,#3344,#3345,#3346,#3347,#3348,#3349,
#3350,#3351,#3352,#3353,#3354,#3355,#3356,#3357,#3358,#3359,#3360,#3361,
#3362,#3363,#3364,#3365,#3366,#3367,#3368,#3369,#3370,#3371,#3372,#3373,
#3374,#3375,#3376,#3377,#3378,#3379,#3380,#3381,#3382,#3383,#3384,#3385,
#3386,#3387,#3388,#3389,#3390,#3391,#3392,#3393,#3394,#3395,#3396,#3397,
#3398,#3399,#3400,#3401,#3402,#3403,#3404,#3405,#3406,#3407,#3408,#3409,
#3410,#3411,#3412,#3413,#3414,#3415,#3416,#3417,#3418,#3419,#3420,#3421,
#3422,#3423,#3424,#3425,#3426,#3427,#3428,#3429,#3430,#3431,#3432,#3433,
#3434,#3435,#3436,#3437,#3438,#3439,#3440,#3441,#3442,#3443,#3444,#3445,
#3446,#3447,#3448,#3449,#3450,#3451,#3452,#3453,#3454,#3455,#3456,#3457,
#3458,#3459,#3460,#3461,#3462,#3463,#3464,#3465,#3466,#3467,#3468,#3469,
#3470,#3471,#3472,#3473,#3474,#3475,#3476,#3477,#3478,#3479,#3480,#3481,
#3482,#3483,#3484,#3485,#3486,#3487,#3488,#3489,#3490,#3491,#3492,#3493,
#3494,#3495,#3496,#3497,#3498,#3499,#3500),(#3501,#3502,#3503,#3504,#3505,
#3506,#3507,#3508,#3509,#3510,#3511,#3512,#3513,#3514,#3515,#3516,#3517,
#3518,#3519,#3520,#3521,#3522,#3523,#3524,#3525,#3526,#3527,#3528,#3529,
#3530,#3531,#3532,#3533,#3534,#3535,#3536,#3537,#3538,#3539,#3540,#3541,
#3542,#3543,#3544,#3545,#3546,#3547,#3548,#3549,#3550,#3551,#3552,#3553,
#3554,#3555,#3556,#3557,#3558,#3559,#3560,#3561,#3562,#3563,#3564,#3565,
#3566,#3567,#3568,#3569,#3570,#3571,#3572,#3573,#3574,#3575,#3576,#3577,
#3578,#3579,#3580,#3581,#3582,#3583,#3584,#3585,#3586,#3587,#3588,#3589,
#3590,#3591,#3592,#3593,#3594,#3595,#3596,#3597,#3598,#3599,#3600,#3601,
#3602,#3603,#3604,#3605,#3606,#3607,#3608,#3609,#3610,#3611,#3612,#3613,
#3614,#3615,#3616,#3617,#3618,#3619,#3620,#3621,#3622,#3623,#3624,#3625,
#3626,#3627,#3628,#3629,#3630,#3631,#3632,#3633,#3634,#3635,#3636,#3637,
#3638,#3639,#3640,#3641,#3642,#3643,#3644,#3645,#3646,#3647,#3648,#3649,
#3650,#3651,#3652,#3653,#3654,#3655,#3656,#3657,#3658,#3659,#3660,#3661,
#3662,#3663,#3664,#3665,#3666,#3667,#3668,#3669,#3670,#3671,#3672,#3673,
#3674,#3675,#3676,#3677,#3678,#3679,#3680,#3681,#3682,#3683,#3684,#3685,
#3686,#3687,#3688,#3689,#3690,#3691,#3692)),.UNSPECIFIED.,.T.,.F.,.F.,(4,
1,1,1,1,1,1,1,4),(4,2,2,2,2,2,2,2,2,2,2,2,2,2,2,2,2,2,2,2,2,2,2,2,2,2,2,
2,2,2,2,2,2,2,2,2,2,2,2,2,2,2,2,2,2,2,2,2,2,2,2,2,2,2,2,2,2,2,2,2,2,2,2,
2,2,2,2,2,2,2,2,2,2,2,2,2,2,2,2,2,2,2,2,2,2,2,2,2,2,2,2,2,2,2,2,4),(-3.14159265358979,
-2.24399475256414,-1.34639685153848,-0.448798950512828,0.448798950512828,
1.34639685153848,1.5707963267949,2.24399475256414,3.14159265358979),(5.80980628580394,
6.0536148105538,6.5580051550748,7.06238368696458,7.56675043172493,8.07110541485142,
8.57544866183355,9.07978019815468,9.58410004929212,10.088408240717,10.5927047978945,
11.0969897462838,11.6012631113377,12.1055249185035,12.609775193222,13.1140139609284,
13.6182412470516,14.1224570770148,14.6266614762351,15.1308544701236,15.6350360840857,
16.1392063435207,16.6433652738221,17.1475129003774,17.6516492485685,18.1557743437711,
18.6598882113552,19.1639908766852,19.6680823651193,20.1721627020102,20.6762319127048,
21.1802900225439,21.6843370568631,22.1883730409917,22.6923980002537,23.1964119599672,
23.7004149454445,24.2044069819925,24.7083880949121,25.2123583094989,25.7163176510425,
26.2202661448271,26.7242038161313,27.2281306902279,27.7320467923844,28.2359521478624,
28.7398467819182,29.2437307198024,29.7476039867603,30.2514666080314,30.7553186088498,
31.2591600144441,31.7629908500376,32.2668111408479,32.7706209120871,33.2744201889623,
33.7782089966746,34.2819873604202,34.7857553053896,35.289512856768,35.7932600397353,
36.2969968794659,36.800723401129,37.3044396298885,37.8081455909029,38.3118413093254,
38.8155268103039,39.3192021189812,39.8228672604946,40.3265222599763,40.8301671425534,
41.3338019333474,41.8374266574751,42.3410413400476,42.8446460061713,43.3482406809471,
43.8518253894709,44.3554001568334,44.8589650081204,45.3625199684122,45.8660650627843,
46.3696003163071,46.8731257540459,47.3766414010609,47.8801472824073,48.3836434231352,
48.88712984829,49.3906065829117,49.8940736520354,50.3975310806916,50.9009788939053,
51.404417116697,51.907845774082,52.4112648910708,52.914674492669,53.2499275514201),
 .UNSPECIFIED.);
#465=ADVANCED_FACE('',(#76),#458,.F.);
#466=ADVANCED_FACE('',(#77),#459,.F.);
#467=ADVANCED_FACE('',(#78),#460,.F.);
#468=ADVANCED_FACE('',(#79),#461,.F.);
#469=ADVANCED_FACE('',(#80),#462,.F.);
#470=ADVANCED_FACE('',(#81),#463,.F.);
#471=ADVANCED_FACE('',(#82),#464,.F.);
#472=ADVANCED_FACE('',(#83),#65,.T.);
#473=ADVANCED_FACE('',(#84),#66,.T.);
#474=ADVANCED_FACE('',(#85),#67,.T.);
#475=ADVANCED_FACE('',(#86),#68,.T.);
#476=ADVANCED_FACE('',(#87),#69,.T.);
#477=ADVANCED_FACE('',(#88),#70,.T.);
#478=ADVANCED_FACE('',(#89),#71,.T.);
#479=ADVANCED_FACE('',(#90),#72,.T.);
#480=ADVANCED_FACE('',(#91),#73,.T.);
#481=ADVANCED_FACE('',(#92),#15,.T.);
#482=ADVANCED_FACE('',(#93),#16,.T.);
#483=ADVANCED_FACE('',(#94),#17,.T.);
#484=ADVANCED_FACE('',(#95),#18,.T.);
#485=ADVANCED_FACE('',(#96),#19,.T.);
#486=ADVANCED_FACE('',(#97),#20,.T.);
#487=ADVANCED_FACE('',(#98),#21,.T.);
#488=ADVANCED_FACE('',(#99),#22,.T.);
#489=ADVANCED_FACE('',(#100),#23,.T.);
#490=ADVANCED_FACE('',(#101),#74,.T.);
#491=ADVANCED_FACE('',(#102),#75,.F.);
#492=CLOSED_SHELL('',(#465,#466,#467,#468,#469,#470,#471,#472,#473,#474,
#475,#476,#477,#478,#479,#480,#481,#482,#483,#484,#485,#486,#487,#488,#489,
#490,#491));
#493=AXIS2_PLACEMENT_3D('',#584,#517,#518);
#494=AXIS2_PLACEMENT_3D('',#4995,#519,#520);
#495=AXIS2_PLACEMENT_3D('',#4997,#521,#522);
#496=AXIS2_PLACEMENT_3D('',#4999,#524,#525);
#497=AXIS2_PLACEMENT_3D('',#5005,#529,#530);
#498=AXIS2_PLACEMENT_3D('',#5008,#533,#534);
#499=AXIS2_PLACEMENT_3D('',#5011,#537,#538);
#500=AXIS2_PLACEMENT_3D('',#5014,#541,#542);
#501=AXIS2_PLACEMENT_3D('',#5017,#545,#546);
#502=AXIS2_PLACEMENT_3D('',#5020,#549,#550);
#503=AXIS2_PLACEMENT_3D('',#5023,#553,#554);
#504=AXIS2_PLACEMENT_3D('',#5026,#557,#558);
#505=AXIS2_PLACEMENT_3D('',#5027,#559,#560);
#506=AXIS2_PLACEMENT_3D('',#5028,#561,#562);
#507=AXIS2_PLACEMENT_3D('',#5029,#563,#564);
#508=AXIS2_PLACEMENT_3D('',#5030,#565,#566);
#509=AXIS2_PLACEMENT_3D('',#5031,#567,#568);
#510=AXIS2_PLACEMENT_3D('',#5032,#569,#570);
#511=AXIS2_PLACEMENT_3D('',#5033,#571,#572);
#512=AXIS2_PLACEMENT_3D('',#5034,#573,#574);
#513=AXIS2_PLACEMENT_3D('',#5035,#575,#576);
#514=AXIS2_PLACEMENT_3D('',#5036,#577,#578);
#515=AXIS2_PLACEMENT_3D('',#5038,#580,#581);
#516=AXIS2_PLACEMENT_3D('',#5039,#582,#583);
#517=DIRECTION('axis',(0.,0.,1.));
#518=DIRECTION('refdir',(1.,0.,0.));
#519=DIRECTION('center_axis',(0.,0.,1.));
#520=DIRECTION('ref_axis',(1.,0.,0.));
#521=DIRECTION('center_axis',(0.,0.,1.));
#522=DIRECTION('ref_axis',(1.,0.,0.));
#523=DIRECTION('',(0.,-1.,0.));
#524=DIRECTION('center_axis',(-1.,0.,0.));
#525=DIRECTION('ref_axis',(0.,-1.,0.));
#526=DIRECTION('',(0.,0.,1.));
#527=DIRECTION('',(0.,-1.,0.));
#528=DIRECTION('',(0.,0.,1.));
#529=DIRECTION('center_axis',(-1.,0.,0.));
#530=DIRECTION('ref_axis',(0.,-1.,0.));
#531=DIRECTION('',(0.,0.,1.));
#532=DIRECTION('',(0.,0.,1.));
#533=DIRECTION('center_axis',(-1.,0.,0.));
#534=DIRECTION('ref_axis',(0.,-1.,0.));
#535=DIRECTION('',(0.,0.,1.));
#536=DIRECTION('',(0.,0.,1.));
#537=DIRECTION('center_axis',(-1.,0.,0.));
#538=DIRECTION('ref_axis',(0.,-1.,0.));
#539=DIRECTION('',(0.,0.,1.));
#540=DIRECTION('',(0.,0.,1.));
#541=DIRECTION('center_axis',(-1.,0.,0.));
#542=DIRECTION('ref_axis',(0.,-1.,0.));
#543=DIRECTION('',(0.,0.,1.));
#544=DIRECTION('',(0.,0.,1.));
#545=DIRECTION('center_axis',(-1.,0.,0.));
#546=DIRECTION('ref_axis',(0.,-1.,0.));
#547=DIRECTION('',(0.,0.,1.));
#548=DIRECTION('',(0.,0.,1.));
#549=DIRECTION('center_axis',(-1.,0.,0.));
#550=DIRECTION('ref_axis',(0.,-1.,0.));
#551=DIRECTION('',(0.,0.,1.));
#552=DIRECTION('',(0.,0.,1.));
#553=DIRECTION('center_axis',(-1.,0.,0.));
#554=DIRECTION('ref_axis',(0.,-1.,0.));
#555=DIRECTION('',(0.,0.,1.));
#556=DIRECTION('',(0.,0.,1.));
#557=DIRECTION('center_axis',(0.,0.,1.));
#558=DIRECTION('ref_axis',(1.,0.,0.));
#559=DIRECTION('center_axis',(0.,0.,1.));
#560=DIRECTION('ref_axis',(1.,0.,0.));
#561=DIRECTION('center_axis',(0.,0.,1.));
#562=DIRECTION('ref_axis',(1.,0.,0.));
#563=DIRECTION('center_axis',(0.,0.,1.));
#564=DIRECTION('ref_axis',(1.,0.,0.));
#565=DIRECTION('center_axis',(0.,0.,1.));
#566=DIRECTION('ref_axis',(1.,0.,0.));
#567=DIRECTION('center_axis',(0.,0.,1.));
#568=DIRECTION('ref_axis',(1.,0.,0.));
#569=DIRECTION('center_axis',(0.,0.,1.));
#570=DIRECTION('ref_axis',(1.,0.,0.));
#571=DIRECTION('center_axis',(0.,0.,1.));
#572=DIRECTION('ref_axis',(1.,0.,0.));
#573=DIRECTION('center_axis',(0.,0.,1.));
#574=DIRECTION('ref_axis',(1.,0.,0.));
#575=DIRECTION('center_axis',(0.,0.,1.));
#576=DIRECTION('ref_axis',(1.,0.,0.));
#577=DIRECTION('center_axis',(0.,0.,1.));
#578=DIRECTION('ref_axis',(1.,0.,0.));
#579=DIRECTION('',(0.,0.,1.));
#580=DIRECTION('center_axis',(-1.,0.,0.));
#581=DIRECTION('ref_axis',(0.,-1.,0.));
#582=DIRECTION('center_axis',(0.,0.,1.));
#583=DIRECTION('ref_axis',(1.,0.,0.));
#584=CARTESIAN_POINT('',(0.,0.,0.));
#585=CARTESIAN_POINT('Ctrl Pts',(-48.6817037237436,-8.09907792252321,333.779977971451));
#586=CARTESIAN_POINT('Ctrl Pts',(-47.756813797242,-13.901800461361,334.527554172169));
#587=CARTESIAN_POINT('Ctrl Pts',(-45.7983509479318,-19.54890433089,335.27613883599));
#588=CARTESIAN_POINT('Ctrl Pts',(-38.8138441060159,-31.9082333400631,337.082137697685));
#589=CARTESIAN_POINT('Ctrl Pts',(-32.8678431298278,-38.0944510286554,338.140424107146));
#590=CARTESIAN_POINT('Ctrl Pts',(-25.0741267910301,-42.9050671509272,339.305524598031));
#591=CARTESIAN_POINT('Ctrl Pts',(-24.3630085873237,-43.3195535458763,339.410215975681));
#592=CARTESIAN_POINT('Ctrl Pts',(-23.6418763823926,-43.7159870162262,339.514919285803));
#593=CARTESIAN_POINT('Ctrl Pts',(-47.7995441165346,-7.95596332679651,333.79910618074));
#594=CARTESIAN_POINT('Ctrl Pts',(-46.8910977081258,-13.6555435342406,334.533308639489));
#595=CARTESIAN_POINT('Ctrl Pts',(-44.9663739239418,-19.2043791097327,335.269078776847));
#596=CARTESIAN_POINT('Ctrl Pts',(-38.1087482930837,-31.3395418811168,337.04223774144));
#597=CARTESIAN_POINT('Ctrl Pts',(-32.2639935684882,-37.4208416823442,338.082569775953));
#598=CARTESIAN_POINT('Ctrl Pts',(-24.6105870306866,-42.1446548574263,339.226753150832));
#599=CARTESIAN_POINT('Ctrl Pts',(-23.9122241980266,-42.5517256991825,339.329556602495));
#600=CARTESIAN_POINT('Ctrl Pts',(-23.2039485684192,-42.9410933467639,339.432382752876));
#601=CARTESIAN_POINT('Ctrl Pts',(-46.9438786137789,-7.76291499639491,334.238604031343));
#602=CARTESIAN_POINT('Ctrl Pts',(-46.0514719825262,-13.3616268621968,334.959728426224));
#603=CARTESIAN_POINT('Ctrl Pts',(-44.1601094468298,-18.8130568592595,335.682798059944));
#604=CARTESIAN_POINT('Ctrl Pts',(-37.4293823443438,-30.7239851227931,337.423105816972));
#605=CARTESIAN_POINT('Ctrl Pts',(-31.6871969440377,-36.6980474277723,338.445159867864));
#606=CARTESIAN_POINT('Ctrl Pts',(-24.1783903061328,-41.3324028134805,339.567786986084));
#607=CARTESIAN_POINT('Ctrl Pts',(-23.4931869154672,-41.7318161081561,339.668642143666));
#608=CARTESIAN_POINT('Ctrl Pts',(-22.7981924636415,-42.1138787366988,339.769528779832));
#609=CARTESIAN_POINT('Ctrl Pts',(-46.4199999999979,-7.58881062025846,334.941663141749));
#610=CARTESIAN_POINT('Ctrl Pts',(-45.5374704849887,-13.1251438934029,335.654700697598));
#611=CARTESIAN_POINT('Ctrl Pts',(-43.6673244541553,-18.5146561035878,336.369690301475));
#612=CARTESIAN_POINT('Ctrl Pts',(-37.0181951235106,-30.2814309818771,338.088873422514));
#613=CARTESIAN_POINT('Ctrl Pts',(-31.3435074041234,-36.1838710312518,339.098794628687));
#614=CARTESIAN_POINT('Ctrl Pts',(-23.9318010059511,-40.758078937721,340.206939641395));
#615=CARTESIAN_POINT('Ctrl Pts',(-23.2554348807434,-41.1523437736791,340.306485948671));
#616=CARTESIAN_POINT('Ctrl Pts',(-22.5693777364232,-41.5294849802137,340.406067079136));
#617=CARTESIAN_POINT('',(-46.42,-7.58881062025913,334.941663141747));
#618=CARTESIAN_POINT('',(-28.5114156787523,-37.6464531906573,339.501999999999));
#619=CARTESIAN_POINT('Ctrl Pts',(-46.4199999999979,-7.58881062025846,334.941663141749));
#620=CARTESIAN_POINT('Ctrl Pts',(-45.5374704849887,-13.1251438934029,335.654700697598));
#621=CARTESIAN_POINT('Ctrl Pts',(-43.6673244541553,-18.5146561035878,336.369690301475));
#622=CARTESIAN_POINT('Ctrl Pts',(-37.7961419468252,-28.9047206365039,337.887729335641));
#623=CARTESIAN_POINT('Ctrl Pts',(-33.5421925494115,-33.7834219993105,338.694955799375));
#624=CARTESIAN_POINT('Ctrl Pts',(-28.5112788591763,-37.6462628902264,339.502057624614));
#625=CARTESIAN_POINT('',(-46.42,-16.9564147153813,334.944609823208));
#626=CARTESIAN_POINT('Ctrl Pts',(-46.4198830195284,-16.9563764865285,334.944603193526));
#627=CARTESIAN_POINT('Ctrl Pts',(-46.4198698498139,-16.7115496370271,334.915126414517));
#628=CARTESIAN_POINT('Ctrl Pts',(-46.4199406757925,-16.4661555746756,334.889179034116));
#629=CARTESIAN_POINT('Ctrl Pts',(-46.4200560617753,-16.2208183576249,334.866366754309));
#630=CARTESIAN_POINT('Ctrl Pts',(-46.4200948896177,-16.13826140762,334.858690331359));
#631=CARTESIAN_POINT('Ctrl Pts',(-46.4201387084475,-16.0557106338835,334.851369265073));
#632=CARTESIAN_POINT('Ctrl Pts',(-46.4201858736065,-15.9731890569863,334.844389586541));
#633=CARTESIAN_POINT('Ctrl Pts',(-46.4203469264882,-15.691406104214,334.820556372244));
#634=CARTESIAN_POINT('Ctrl Pts',(-46.4205349100201,-15.4082278103982,334.800555950857));
#635=CARTESIAN_POINT('Ctrl Pts',(-46.4207301264902,-15.1242766180906,334.783981852608));
#636=CARTESIAN_POINT('Ctrl Pts',(-46.4209319129088,-14.8307691383499,334.766849958334));
#637=CARTESIAN_POINT('Ctrl Pts',(-46.4211412191645,-14.5364357001344,334.753378843523));
#638=CARTESIAN_POINT('Ctrl Pts',(-46.4213334012056,-14.2419266395371,334.743161114194));
#639=CARTESIAN_POINT('Ctrl Pts',(-46.4215294010383,-13.9415670102777,334.732740404599));
#640=CARTESIAN_POINT('Ctrl Pts',(-46.4217073690005,-13.6410244440716,334.725703673293));
#641=CARTESIAN_POINT('Ctrl Pts',(-46.4218415297694,-13.3409543026032,334.721661091698));
#642=CARTESIAN_POINT('Ctrl Pts',(-46.4219793062455,-13.032797103985,334.717509560281));
#643=CARTESIAN_POINT('Ctrl Pts',(-46.4220706499578,-12.7251378832185,334.716515746034));
#644=CARTESIAN_POINT('Ctrl Pts',(-46.4220915295608,-12.4186543707915,334.718301309013));
#645=CARTESIAN_POINT('Ctrl Pts',(-46.4220936867438,-12.3869899257407,334.71848578504));
#646=CARTESIAN_POINT('Ctrl Pts',(-46.4220950969378,-12.3553380048004,334.718699965851));
#647=CARTESIAN_POINT('Ctrl Pts',(-46.4220957374516,-12.3236993382367,334.718943459931));
#648=CARTESIAN_POINT('Ctrl Pts',(-46.4221028373349,-11.9729951661965,334.721642511415));
#649=CARTESIAN_POINT('Ctrl Pts',(-46.4220313914234,-11.6215198757488,334.72794990884));
#650=CARTESIAN_POINT('Ctrl Pts',(-46.4219000062692,-11.269957745993,334.737471694108));
#651=CARTESIAN_POINT('Ctrl Pts',(-46.4217652767519,-10.9094467252672,334.747235853087));
#652=CARTESIAN_POINT('Ctrl Pts',(-46.421567343704,-10.5488441726371,334.760380090265));
#653=CARTESIAN_POINT('Ctrl Pts',(-46.4213394677842,-10.188848049308,334.776515424756));
#654=CARTESIAN_POINT('Ctrl Pts',(-46.4212023052256,-9.97215999655551,334.786227568817));
#655=CARTESIAN_POINT('Ctrl Pts',(-46.4210545603115,-9.75569090484164,334.797024092663));
#656=CARTESIAN_POINT('Ctrl Pts',(-46.4209060920267,-9.539586816069,334.808826243467));
#657=CARTESIAN_POINT('Ctrl Pts',(-46.4206773109263,-9.2065828258998,334.827012680071));
#658=CARTESIAN_POINT('Ctrl Pts',(-46.4204491738322,-8.87350553620558,334.847634563796));
#659=CARTESIAN_POINT('Ctrl Pts',(-46.4202771692032,-8.54078340185479,334.870455549373));
#660=CARTESIAN_POINT('Ctrl Pts',(-46.4201131671094,-8.22354120290751,334.892214785983));
#661=CARTESIAN_POINT('Ctrl Pts',(-46.4199998434537,-7.906110093407,334.916008868057));
#662=CARTESIAN_POINT('Ctrl Pts',(-46.4199999999999,-7.58881062025912,334.941663141747));
#663=CARTESIAN_POINT('',(-23.5058609775152,-43.4719553241596,339.502));
#664=CARTESIAN_POINT('Ctrl Pts',(-23.5058609775158,-43.4719553241593,339.502));
#665=CARTESIAN_POINT('Ctrl Pts',(-28.4657294720198,-40.790088855784,338.784626397564));
#666=CARTESIAN_POINT('Ctrl Pts',(-32.9302464688955,-37.2790581315187,338.072542828063));
#667=CARTESIAN_POINT('Ctrl Pts',(-38.9680383530433,-30.5817507099246,336.925553864896));
#668=CARTESIAN_POINT('Ctrl Pts',(-40.9670423661865,-27.8469545843904,336.496798130576));
#669=CARTESIAN_POINT('Ctrl Pts',(-44.1590099609223,-22.3833682839787,335.691806300447));
#670=CARTESIAN_POINT('Ctrl Pts',(-45.4124994681127,-19.714555246574,335.318135274419));
#671=CARTESIAN_POINT('Ctrl Pts',(-46.42,-16.9564147153813,334.944609823208));
#672=CARTESIAN_POINT('Ctrl Pts',(-28.5114156787506,-37.6464531906557,339.502));
#673=CARTESIAN_POINT('Ctrl Pts',(-27.2493084079334,-38.8751518744589,339.502));
#674=CARTESIAN_POINT('Ctrl Pts',(-26.145957662993,-39.905328793004,339.502));
#675=CARTESIAN_POINT('Ctrl Pts',(-24.5085651863845,-41.5495963036964,339.502));
#676=CARTESIAN_POINT('Ctrl Pts',(-23.9108659367575,-42.2135933489645,339.502000001407));
#677=CARTESIAN_POINT('Ctrl Pts',(-23.5659085225575,-42.8416185111702,339.502000001407));
#678=CARTESIAN_POINT('Ctrl Pts',(-23.5043778653257,-42.9760090937357,339.502000000041));
#679=CARTESIAN_POINT('Ctrl Pts',(-23.4577513544471,-43.1815266747093,339.502000000041));
#680=CARTESIAN_POINT('Ctrl Pts',(-23.4499277565772,-43.2599303432516,339.502));
#681=CARTESIAN_POINT('Ctrl Pts',(-23.4680246122041,-43.3837589414962,339.502));
#682=CARTESIAN_POINT('Ctrl Pts',(-23.4825462645308,-43.4295033223506,339.502));
#683=CARTESIAN_POINT('Ctrl Pts',(-23.5058609775155,-43.4719553241594,339.502));
#684=CARTESIAN_POINT('Ctrl Pts',(-10.6440939665767,-48.2601249847546,228.795959527797));
#685=CARTESIAN_POINT('Ctrl Pts',(-4.55077830363452,-49.5486922825172,229.588354530174));
#686=CARTESIAN_POINT('Ctrl Pts',(1.77768025594552,-49.686898186341,230.379647965272));
#687=CARTESIAN_POINT('Ctrl Pts',(16.0576360828284,-47.2550464933253,232.222400246746));
#688=CARTESIAN_POINT('Ctrl Pts',(23.8339567355037,-43.7728206595779,233.273245963516));
#689=CARTESIAN_POINT('Ctrl Pts',(36.7307153519365,-33.5048319939405,235.370382603237));
#690=CARTESIAN_POINT('Ctrl Pts',(41.8414928987418,-26.7265345287974,236.417378339405));
#691=CARTESIAN_POINT('Ctrl Pts',(48.1556361643263,-11.5678658359215,238.506381308264));
#692=CARTESIAN_POINT('Ctrl Pts',(49.3555314448963,-3.19526315356658,239.549565281642));
#693=CARTESIAN_POINT('Ctrl Pts',(47.5756327293932,13.0655142839744,241.630523237345));
#694=CARTESIAN_POINT('Ctrl Pts',(44.5961542463448,20.948824717484,242.669946163356));
#695=CARTESIAN_POINT('Ctrl Pts',(35.2246020961128,34.2800513547151,244.742980985761));
#696=CARTESIAN_POINT('Ctrl Pts',(28.8330967743917,39.7267930378864,245.778708577586));
#697=CARTESIAN_POINT('Ctrl Pts',(14.245857684551,46.8523652364853,247.843973662196));
#698=CARTESIAN_POINT('Ctrl Pts',(6.04802905481591,48.5319914239921,248.876086637782));
#699=CARTESIAN_POINT('Ctrl Pts',(-10.1072891134912,47.7351006324583,250.9337648627));
#700=CARTESIAN_POINT('Ctrl Pts',(-18.0704597787182,45.2581059976014,251.962361016041));
#701=CARTESIAN_POINT('Ctrl Pts',(-31.7856243520525,36.7933682829819,254.012652760532));
#702=CARTESIAN_POINT('Ctrl Pts',(-37.545533749128,30.8007241213485,255.037878796443));
#703=CARTESIAN_POINT('Ctrl Pts',(-43.7289159655423,19.8528081112164,256.6372838564));
#704=CARTESIAN_POINT('Ctrl Pts',(-45.3870898148671,15.5743223251918,257.215538309638));
#705=CARTESIAN_POINT('Ctrl Pts',(-46.4199999993059,11.1546368146515,257.7929195501));
#706=CARTESIAN_POINT('Ctrl Pts',(-10.7637258802984,-48.826105395037,228.795428785515));
#707=CARTESIAN_POINT('Ctrl Pts',(-4.60036691889796,-50.1294863466565,229.596956598094));
#708=CARTESIAN_POINT('Ctrl Pts',(1.7992399068248,-50.2694035646092,230.397097526822));
#709=CARTESIAN_POINT('Ctrl Pts',(16.247326576834,-47.8087850086441,232.261564896775));
#710=CARTESIAN_POINT('Ctrl Pts',(24.109918037066,-44.2879247949756,233.324038244732));
#711=CARTESIAN_POINT('Ctrl Pts',(37.1583188824864,-33.8991829139385,235.445839256854));
#712=CARTESIAN_POINT('Ctrl Pts',(42.3255654318747,-27.0458697134514,236.504386640507));
#713=CARTESIAN_POINT('Ctrl Pts',(48.7135621715314,-11.7098897524902,238.61782811158));
#714=CARTESIAN_POINT('Ctrl Pts',(49.9265078317075,-3.2453581282038,239.672435537323));
#715=CARTESIAN_POINT('Ctrl Pts',(48.1259846713459,13.2038354168329,241.777509637488));
#716=CARTESIAN_POINT('Ctrl Pts',(45.1140210357208,21.172608948322,242.828181175952));
#717=CARTESIAN_POINT('Ctrl Pts',(35.6353623385011,34.6561987155331,244.924912887269));
#718=CARTESIAN_POINT('Ctrl Pts',(29.175488260518,40.1609111773635,245.97166872562));
#719=CARTESIAN_POINT('Ctrl Pts',(14.4245446612572,47.3664525019721,248.060116103681));
#720=CARTESIAN_POINT('Ctrl Pts',(6.14095781568757,49.0633727140377,249.102992387089));
#721=CARTESIAN_POINT('Ctrl Pts',(-10.191554825447,48.2577463667505,251.183245519234));
#722=CARTESIAN_POINT('Ctrl Pts',(-18.2357731745986,45.7552067592064,252.222296106447));
#723=CARTESIAN_POINT('Ctrl Pts',(-32.0972473923978,37.2001942279351,254.294469050324));
#724=CARTESIAN_POINT('Ctrl Pts',(-37.9137827387652,31.1480705591496,255.329789448427));
#725=CARTESIAN_POINT('Ctrl Pts',(-44.1610925687904,20.0872451937574,256.945743970145));
#726=CARTESIAN_POINT('Ctrl Pts',(-45.835493813637,15.7665098300942,257.529621891116));
#727=CARTESIAN_POINT('Ctrl Pts',(-46.8785046241428,11.3035731095078,258.112665371605));
#728=CARTESIAN_POINT('Ctrl Pts',(-10.8618869158568,-49.3953781662726,228.624438695672));
#729=CARTESIAN_POINT('Ctrl Pts',(-4.62865487076932,-50.7135440730971,229.435077317955));
#730=CARTESIAN_POINT('Ctrl Pts',(1.8424630985376,-50.8552642155376,230.244111208824));
#731=CARTESIAN_POINT('Ctrl Pts',(16.4606723241159,-48.3655395181978,232.130551756481));
#732=CARTESIAN_POINT('Ctrl Pts',(24.4115150209177,-44.8054206886804,233.204906602438));
#733=CARTESIAN_POINT('Ctrl Pts',(37.6162422315127,-34.2921921317192,235.35213426191));
#734=CARTESIAN_POINT('Ctrl Pts',(42.8424607849852,-27.3609444650599,236.422705694131));
#735=CARTESIAN_POINT('Ctrl Pts',(49.3080157288987,-11.8387511037641,238.561812374737));
#736=CARTESIAN_POINT('Ctrl Pts',(50.5350435675042,-3.27678083117949,239.62853239563));
#737=CARTESIAN_POINT('Ctrl Pts',(48.7124507207462,13.3740048198623,241.759408842112));
#738=CARTESIAN_POINT('Ctrl Pts',(45.6656282951628,21.4351922602306,242.82223209488));
#739=CARTESIAN_POINT('Ctrl Pts',(36.0701909961258,35.084898926297,244.944799587256));
#740=CARTESIAN_POINT('Ctrl Pts',(29.5352098462454,40.6536311531039,246.00369705625));
#741=CARTESIAN_POINT('Ctrl Pts',(14.6023158177756,47.9480515444265,248.11790969067));
#742=CARTESIAN_POINT('Ctrl Pts',(6.22250898184827,49.6646432088655,249.172868372681));
#743=CARTESIAN_POINT('Ctrl Pts',(-10.3108833707831,48.8491111174276,251.278713107853));
#744=CARTESIAN_POINT('Ctrl Pts',(-18.4480117738988,46.3175718890656,252.329737135587));
#745=CARTESIAN_POINT('Ctrl Pts',(-32.4787970540173,37.6580896781014,254.427230385255));
#746=CARTESIAN_POINT('Ctrl Pts',(-38.3617436058059,31.5366057697874,255.474353699615));
#747=CARTESIAN_POINT('Ctrl Pts',(-44.6846548507643,20.3422616507546,257.109877134966));
#748=CARTESIAN_POINT('Ctrl Pts',(-46.3783745864271,15.9712639796657,257.700445362176));
#749=CARTESIAN_POINT('Ctrl Pts',(-47.433496225225,11.4564906030357,258.290275198748));
#750=CARTESIAN_POINT('Ctrl Pts',(-10.9229373359556,-49.8772425785536,228.31023265551));
#751=CARTESIAN_POINT('Ctrl Pts',(-4.63116508908442,-51.2078027518084,229.128504577513));
#752=CARTESIAN_POINT('Ctrl Pts',(1.90045859839897,-51.3511236644564,229.945063703537));
#753=CARTESIAN_POINT('Ctrl Pts',(16.6636544766476,-48.8365901670851,231.850232149591));
#754=CARTESIAN_POINT('Ctrl Pts',(24.690687864013,-45.2428348402201,232.93483281788));
#755=CARTESIAN_POINT('Ctrl Pts',(38.0315011918123,-34.6212332609606,235.104196069382));
#756=CARTESIAN_POINT('Ctrl Pts',(43.3098068468469,-27.6215398310968,236.185350604528));
#757=CARTESIAN_POINT('Ctrl Pts',(49.8442588564897,-11.9339208056204,238.347257804395));
#758=CARTESIAN_POINT('Ctrl Pts',(51.0841586963063,-3.2845156560849,239.424851967433));
#759=CARTESIAN_POINT('Ctrl Pts',(49.2415697441817,13.5488959781702,241.579103679768));
#760=CARTESIAN_POINT('Ctrl Pts',(46.163064911392,21.6947345251274,242.653047903675));
#761=CARTESIAN_POINT('Ctrl Pts',(36.4597963232028,35.4978259235442,244.799471452694));
#762=CARTESIAN_POINT('Ctrl Pts',(29.8549278971934,41.1264340486499,245.869691699325));
#763=CARTESIAN_POINT('Ctrl Pts',(14.7508479229909,48.5044724463467,248.008145187522));
#764=CARTESIAN_POINT('Ctrl Pts',(6.27967862616195,50.239980913322,249.074582587668));
#765=CARTESIAN_POINT('Ctrl Pts',(-10.4462505708756,49.4149521854527,251.204955977718));
#766=CARTESIAN_POINT('Ctrl Pts',(-18.6733606958469,46.855574441439,252.2675672645));
#767=CARTESIAN_POINT('Ctrl Pts',(-32.8694651875416,38.0940842003906,254.389783612019));
#768=CARTESIAN_POINT('Ctrl Pts',(-38.81804592905,31.9043911352223,255.44854203273));
#769=CARTESIAN_POINT('Ctrl Pts',(-45.2161817213641,20.5772119654803,257.103533731208));
#770=CARTESIAN_POINT('Ctrl Pts',(-46.929241575703,16.1559396017558,257.700794783716));
#771=CARTESIAN_POINT('Ctrl Pts',(-47.9965494635863,11.5890253568031,258.297450929112));
#772=CARTESIAN_POINT('',(-10.6440939667574,-48.2601249856114,228.795959527796));
#773=CARTESIAN_POINT('',(-46.42,11.1546368148772,257.792919550584));
#774=CARTESIAN_POINT('Ctrl Pts',(-10.6443196705303,-48.2593909509294,228.798888848648));
#775=CARTESIAN_POINT('Ctrl Pts',(-4.5511267920885,-49.5480810600394,229.591290901292));
#776=CARTESIAN_POINT('Ctrl Pts',(1.77730275170334,-49.6860009974774,230.38254125753));
#777=CARTESIAN_POINT('Ctrl Pts',(16.0569695686113,-47.2543518641499,232.225272353723));
#778=CARTESIAN_POINT('Ctrl Pts',(23.8331621222307,-43.7720770352141,233.276100881069));
#779=CARTESIAN_POINT('Ctrl Pts',(36.7296565167493,-33.5043847764555,235.373191640603));
#780=CARTESIAN_POINT('Ctrl Pts',(41.8402844120233,-26.7261824165696,236.420166890238));
#781=CARTESIAN_POINT('Ctrl Pts',(48.1543218228498,-11.5679230796777,238.509117615366));
#782=CARTESIAN_POINT('Ctrl Pts',(49.354126894938,-3.19553103101491,239.552274839192));
#783=CARTESIAN_POINT('Ctrl Pts',(47.5743357613893,13.0648038858638,241.633175688551));
#784=CARTESIAN_POINT('Ctrl Pts',(44.5948993546493,20.9478382373462,242.67256568763));
#785=CARTESIAN_POINT('Ctrl Pts',(35.223672693928,34.2787019846776,244.74553878926));
#786=CARTESIAN_POINT('Ctrl Pts',(28.8323763307601,39.725191246331,245.781227695582));
#787=CARTESIAN_POINT('Ctrl Pts',(14.2456235467158,46.8505883126911,247.846426675183));
#788=CARTESIAN_POINT('Ctrl Pts',(6.04814712223122,48.530088292124,248.878495664147));
#789=CARTESIAN_POINT('Ctrl Pts',(-10.1066411694573,47.7332831221771,250.936105058524));
#790=CARTESIAN_POINT('Ctrl Pts',(-18.0693863953641,45.2563704462063,251.964649993988));
#791=CARTESIAN_POINT('Ctrl Pts',(-31.7841903706078,36.7920055518097,254.014884550702));
#792=CARTESIAN_POINT('Ctrl Pts',(-37.5435287544127,30.7996835916247,255.040015564949));
#793=CARTESIAN_POINT('Ctrl Pts',(-43.7274210301851,19.8523205560612,256.639490632662));
#794=CARTESIAN_POINT('Ctrl Pts',(-45.3843348471371,15.5735873642406,257.217499310576));
#795=CARTESIAN_POINT('Ctrl Pts',(-46.4173453718018,11.1542721993383,257.794878243379));
#796=CARTESIAN_POINT('',(-46.42,16.9564147153813,257.585390418722));
#797=CARTESIAN_POINT('Ctrl Pts',(-46.42,16.9564147153813,257.585390418722));
#798=CARTESIAN_POINT('Ctrl Pts',(-46.42,16.6292225326226,257.624789884151));
#799=CARTESIAN_POINT('Ctrl Pts',(-46.4200000045763,16.3009969919918,257.658246545202));
#800=CARTESIAN_POINT('Ctrl Pts',(-46.4200000045763,14.7670362541622,257.790120193825));
#801=CARTESIAN_POINT('Ctrl Pts',(-46.4200000000614,13.5359752850278,257.825014616099));
#802=CARTESIAN_POINT('Ctrl Pts',(-46.4200000000614,11.9354355202363,257.812359816562));
#803=CARTESIAN_POINT('Ctrl Pts',(-46.42,11.5450019077209,257.804653461067));
#804=CARTESIAN_POINT('Ctrl Pts',(-46.42,11.1546368148772,257.792919550584));
#805=CARTESIAN_POINT('Ctrl Pts',(-10.6440939667574,-48.2601249856114,228.795959527796));
#806=CARTESIAN_POINT('Ctrl Pts',(-7.75728245323542,-48.8968306100458,229.172036558096));
#807=CARTESIAN_POINT('Ctrl Pts',(-4.81384664630258,-49.2743989063234,229.547955176186));
#808=CARTESIAN_POINT('Ctrl Pts',(1.47170976526588,-49.5097213975112,230.348056976761));
#809=CARTESIAN_POINT('Ctrl Pts',(4.79642561453044,-49.2988103446741,230.769792859649));
#810=CARTESIAN_POINT('Ctrl Pts',(14.3254576810885,-47.720656403291,231.998551628905));
#811=CARTESIAN_POINT('Ctrl Pts',(20.3191889835109,-45.4929699371722,232.797099300223));
#812=CARTESIAN_POINT('Ctrl Pts',(27.0745723085717,-41.373768823819,233.803695268004));
#813=CARTESIAN_POINT('Ctrl Pts',(28.3803952389084,-40.4891883941843,234.004142441408));
#814=CARTESIAN_POINT('Ctrl Pts',(34.3491869219285,-36.015022650623,234.953167257285));
#815=CARTESIAN_POINT('Ctrl Pts',(38.3889621027488,-31.6739041947711,235.695621961163));
#816=CARTESIAN_POINT('Ctrl Pts',(43.2860893706599,-24.0565128396962,236.847592980894));
#817=CARTESIAN_POINT('Ctrl Pts',(44.7407657969532,-21.2288760830577,237.250304559041));
#818=CARTESIAN_POINT('Ctrl Pts',(47.0295945752321,-15.4804063484735,238.03748718662));
#819=CARTESIAN_POINT('Ctrl Pts',(47.8862017177639,-12.5832224569033,238.420259401209));
#820=CARTESIAN_POINT('Ctrl Pts',(49.7686806811216,-3.10376561014206,239.649589667466));
#821=CARTESIAN_POINT('Ctrl Pts',(49.734275079014,3.61339038727446,240.487102647561));
#822=CARTESIAN_POINT('Ctrl Pts',(47.7440037092258,13.1246559631831,241.723349562725));
#823=CARTESIAN_POINT('Ctrl Pts',(46.8375080409836,16.0622032459116,242.112677173527));
#824=CARTESIAN_POINT('Ctrl Pts',(44.368830352714,22.0278548779938,242.933919153086));
#825=CARTESIAN_POINT('Ctrl Pts',(42.7544861947402,25.017461032776,243.363942577836));
#826=CARTESIAN_POINT('Ctrl Pts',(37.3937125315144,32.8889607765127,244.575511439743));
#827=CARTESIAN_POINT('Ctrl Pts',(33.0262049372438,37.2725541553799,245.349183333952));
#828=CARTESIAN_POINT('Ctrl Pts',(25.4672672681098,42.4612401274082,246.515550264754));
#829=CARTESIAN_POINT('Ctrl Pts',(22.8135128647261,43.9440805900716,246.900678694942));
#830=CARTESIAN_POINT('Ctrl Pts',(17.3077394662958,46.3866042734815,247.667001655693));
#831=CARTESIAN_POINT('Ctrl Pts',(14.4704677000127,47.3485008435461,248.046564831594));
#832=CARTESIAN_POINT('Ctrl Pts',(8.17069323603551,48.8646666446557,248.870763539506));
#833=CARTESIAN_POINT('Ctrl Pts',(4.70069685046163,49.3195623833159,249.313453787305));
#834=CARTESIAN_POINT('Ctrl Pts',(-4.30697447495509,49.5405097438759,250.459824910419));
#835=CARTESIAN_POINT('Ctrl Pts',(-9.80968547507918,48.7502043396797,251.1572549748));
#836=CARTESIAN_POINT('Ctrl Pts',(-18.3835415226427,46.0054983406334,252.302353526134));
#837=CARTESIAN_POINT('Ctrl Pts',(-21.5782620330813,44.5964012696243,252.7441149619));
#838=CARTESIAN_POINT('Ctrl Pts',(-29.6940210168725,39.9389551467783,253.93457502283));
#839=CARTESIAN_POINT('Ctrl Pts',(-34.2277135816458,36.1291956197507,254.676044115961));
#840=CARTESIAN_POINT('Ctrl Pts',(-40.0275127800199,29.1602385574554,255.8293952557));
#841=CARTESIAN_POINT('Ctrl Pts',(-41.8265859951337,26.5152400679642,256.234490070661));
#842=CARTESIAN_POINT('Ctrl Pts',(-44.5469980519954,21.5415906002017,256.955722292321));
#843=CARTESIAN_POINT('Ctrl Pts',(-45.5704307093851,19.2822015714063,257.27041703033));
#844=CARTESIAN_POINT('Ctrl Pts',(-46.42,16.9564147153813,257.585390418722));
#845=CARTESIAN_POINT('Ctrl Pts',(-46.4199999999904,-10.5320523735175,260.576644418151));
#846=CARTESIAN_POINT('Ctrl Pts',(-45.4675653703053,-14.6104713483042,261.109595253733));
#847=CARTESIAN_POINT('Ctrl Pts',(-43.9815581140683,-18.5597695340502,261.641338420529));
#848=CARTESIAN_POINT('Ctrl Pts',(-38.2306134184574,-29.2673879660061,263.188092590076));
#849=CARTESIAN_POINT('Ctrl Pts',(-32.6443874485115,-35.3180168706236,264.203395483445));
#850=CARTESIAN_POINT('Ctrl Pts',(-19.2878987436547,-43.9572793859861,266.227193666956));
#851=CARTESIAN_POINT('Ctrl Pts',(-11.497953993406,-46.5547951045856,267.239951503159));
#852=CARTESIAN_POINT('Ctrl Pts',(4.32392271661379,-47.6717824763801,269.257716666712));
#853=CARTESIAN_POINT('Ctrl Pts',(12.3786672125249,-46.1919387603071,270.267901509526));
#854=CARTESIAN_POINT('Ctrl Pts',(26.7362507698041,-39.5527221642564,272.280111699298));
#855=CARTESIAN_POINT('Ctrl Pts',(33.0612272963756,-34.3826349752074,273.287848977765));
#856=CARTESIAN_POINT('Ctrl Pts',(42.4087594612897,-21.6711586420858,275.294930933021));
#857=CARTESIAN_POINT('Ctrl Pts',(45.4467931434356,-14.1081230635184,276.300397617431));
#858=CARTESIAN_POINT('Ctrl Pts',(47.4949659403277,1.49977691222396,278.302776636586));
#859=CARTESIAN_POINT('Ctrl Pts',(46.5084989122224,9.57306831177936,279.306171445686));
#860=CARTESIAN_POINT('Ctrl Pts',(40.7827960532292,24.2008243880073,281.304284682382));
#861=CARTESIAN_POINT('Ctrl Pts',(36.0321360743218,30.7836095547297,282.30581951095));
#862=CARTESIAN_POINT('Ctrl Pts',(23.9813893606861,40.8136159993199,284.300116943537));
#863=CARTESIAN_POINT('Ctrl Pts',(16.6562610846447,44.2812966170746,285.300017116321));
#864=CARTESIAN_POINT('Ctrl Pts',(1.28707223533627,47.2463281942518,287.290954466928));
#865=CARTESIAN_POINT('Ctrl Pts',(-6.79054109571973,46.7499664409338,288.289469684508));
#866=CARTESIAN_POINT('Ctrl Pts',(-21.6613729224885,41.9375402399239,290.277484773174));
#867=CARTESIAN_POINT('Ctrl Pts',(-28.4891520051637,37.6108204206452,291.274929896136));
#868=CARTESIAN_POINT('Ctrl Pts',(-39.1787030783917,26.2331556707498,293.260366938092));
#869=CARTESIAN_POINT('Ctrl Pts',(-43.0693239571134,19.1567244781117,294.257266432744));
#870=CARTESIAN_POINT('Ctrl Pts',(-45.8288880245474,8.3716618980591,295.672476617721));
#871=CARTESIAN_POINT('Ctrl Pts',(-46.3031914276432,5.04937304018885,296.097795080912));
#872=CARTESIAN_POINT('Ctrl Pts',(-46.4199999976603,1.71251524731461,296.522386656397));
#873=CARTESIAN_POINT('Ctrl Pts',(-47.5056600884733,-10.6744829696474,261.428441907625));
#874=CARTESIAN_POINT('Ctrl Pts',(-46.5318803279198,-14.8435555197738,261.973143961845));
#875=CARTESIAN_POINT('Ctrl Pts',(-45.013436816418,-18.8799195750664,262.516953791661));
#876=CARTESIAN_POINT('Ctrl Pts',(-39.133043425518,-29.8269641956852,264.097975136447));
#877=CARTESIAN_POINT('Ctrl Pts',(-33.4315931978096,-36.0013479499549,265.134350689385));
#878=CARTESIAN_POINT('Ctrl Pts',(-19.791648831209,-44.8237681396645,267.200965245643));
#879=CARTESIAN_POINT('Ctrl Pts',(-11.8503352993784,-47.4704419684322,268.233362919666));
#880=CARTESIAN_POINT('Ctrl Pts',(4.286931166797,-48.6097502749503,270.291352839778));
#881=CARTESIAN_POINT('Ctrl Pts',(12.4875171501862,-47.1016514183421,271.319801774002));
#882=CARTESIAN_POINT('Ctrl Pts',(27.1116700352471,-40.3392734162653,273.369411189692));
#883=CARTESIAN_POINT('Ctrl Pts',(33.5419814255016,-35.0811050527811,274.394004289901));
#884=CARTESIAN_POINT('Ctrl Pts',(43.0495244612134,-22.1521983626548,276.43548646419));
#885=CARTESIAN_POINT('Ctrl Pts',(46.1328387513881,-14.4721287051501,277.456346032374));
#886=CARTESIAN_POINT('Ctrl Pts',(48.2130080956335,1.37887518456378,279.489979541433));
#887=CARTESIAN_POINT('Ctrl Pts',(47.2111574286769,9.56427218627675,280.507247191027));
#888=CARTESIAN_POINT('Ctrl Pts',(41.4055496819665,24.3964150826163,282.533339583029));
#889=CARTESIAN_POINT('Ctrl Pts',(36.5947565038495,31.0595621765577,283.547173609839));
#890=CARTESIAN_POINT('Ctrl Pts',(24.3958686123295,41.2129832838795,285.566060087379));
#891=CARTESIAN_POINT('Ctrl Pts',(16.991193164917,44.7163449375692,286.576637179971));
#892=CARTESIAN_POINT('Ctrl Pts',(1.45962192615579,47.7127890638236,288.588673966344));
#893=CARTESIAN_POINT('Ctrl Pts',(-6.69137039687758,47.2100863131024,289.596199201555));
#894=CARTESIAN_POINT('Ctrl Pts',(-21.6928539794746,42.3554572289611,291.601742935934));
#895=CARTESIAN_POINT('Ctrl Pts',(-28.5701575734767,37.9951629063614,292.606485454442));
#896=CARTESIAN_POINT('Ctrl Pts',(-39.3341351861398,26.5383430504643,294.605827291324));
#897=CARTESIAN_POINT('Ctrl Pts',(-43.2451869505194,19.4209644409711,295.608246369658));
#898=CARTESIAN_POINT('Ctrl Pts',(-46.0187951808849,8.58084881061497,297.030802169203));
#899=CARTESIAN_POINT('Ctrl Pts',(-46.4952249159342,5.24344952638783,297.457977255608));
#900=CARTESIAN_POINT('Ctrl Pts',(-46.612536011518,1.89266413966109,297.884362987126));
#901=CARTESIAN_POINT('Ctrl Pts',(-49.1398847095758,-11.0642856661673,261.368050269284));
#902=CARTESIAN_POINT('Ctrl Pts',(-48.1330637814408,-15.3730496858217,261.930872652493));
#903=CARTESIAN_POINT('Ctrl Pts',(-46.56460119525,-19.5458448823568,262.493536801031));
#904=CARTESIAN_POINT('Ctrl Pts',(-40.4785716902972,-30.8721285509533,264.128901484228));
#905=CARTESIAN_POINT('Ctrl Pts',(-34.5910400161781,-37.249831448682,265.199601687365));
#906=CARTESIAN_POINT('Ctrl Pts',(-20.4761051401616,-46.3788562105007,267.337956353401));
#907=CARTESIAN_POINT('Ctrl Pts',(-12.2742148599252,-49.1125447459401,268.404249216029));
#908=CARTESIAN_POINT('Ctrl Pts',(4.42348822390503,-50.2913422575689,270.533719449517));
#909=CARTESIAN_POINT('Ctrl Pts',(12.8922402142771,-48.7337214462058,271.595697827133));
#910=CARTESIAN_POINT('Ctrl Pts',(28.021172314209,-41.7379439150793,273.716134909036));
#911=CARTESIAN_POINT('Ctrl Pts',(34.6598517113535,-36.3088918967098,274.773815718236));
#912=CARTESIAN_POINT('Ctrl Pts',(44.492221005142,-22.9383140257987,276.885155389155));
#913=CARTESIAN_POINT('Ctrl Pts',(47.6738133037186,-15.0120163135695,277.93854546862));
#914=CARTESIAN_POINT('Ctrl Pts',(49.8240406473353,1.37261141161023,280.040774414169));
#915=CARTESIAN_POINT('Ctrl Pts',(48.7899707072984,9.81566887612767,281.089889740191));
#916=CARTESIAN_POINT('Ctrl Pts',(42.792672753742,25.1376239198124,283.183035383493));
#917=CARTESIAN_POINT('Ctrl Pts',(37.8330206797044,32.0055453646712,284.227907127506));
#918=CARTESIAN_POINT('Ctrl Pts',(25.240896555822,42.4863075923666,286.312033813597));
#919=CARTESIAN_POINT('Ctrl Pts',(17.6137810474072,46.0938471961435,287.352711327403));
#920=CARTESIAN_POINT('Ctrl Pts',(1.59591776356647,49.1841527162976,289.427916676954));
#921=CARTESIAN_POINT('Ctrl Pts',(-6.79162459518779,48.6657321919749,290.464472627019));
#922=CARTESIAN_POINT('Ctrl Pts',(-22.2468981320082,43.6643687859831,292.530878360332));
#923=CARTESIAN_POINT('Ctrl Pts',(-29.3155872230539,39.1810587699624,293.56342481922));
#924=CARTESIAN_POINT('Ctrl Pts',(-40.3925805402724,27.3916931557,295.621147507318));
#925=CARTESIAN_POINT('Ctrl Pts',(-44.4062665199185,20.0830367118165,296.649892401221));
#926=CARTESIAN_POINT('Ctrl Pts',(-47.2578051591207,8.94285804821775,298.112362039166));
#927=CARTESIAN_POINT('Ctrl Pts',(-47.7463393454799,5.51602195325831,298.550612634972));
#928=CARTESIAN_POINT('Ctrl Pts',(-47.8669522437521,2.07730733970955,298.988278839625));
#929=CARTESIAN_POINT('Ctrl Pts',(-50.1107251513569,-11.412380938844,260.440256227884));
#930=CARTESIAN_POINT('Ctrl Pts',(-49.0836705051529,-15.8062784674111,261.014129928716));
#931=CARTESIAN_POINT('Ctrl Pts',(-47.4847004073215,-20.0636920969665,261.588453599695));
#932=CARTESIAN_POINT('Ctrl Pts',(-41.269348084776,-31.6277822003654,263.257936507563));
#933=CARTESIAN_POINT('Ctrl Pts',(-35.2628766567682,-38.1375860964934,264.350758028522));
#934=CARTESIAN_POINT('Ctrl Pts',(-20.8336716330383,-47.4692829266948,266.536573736493));
#935=CARTESIAN_POINT('Ctrl Pts',(-12.4552415872038,-50.2633122471005,267.62588030625));
#936=CARTESIAN_POINT('Ctrl Pts',(4.63232252821671,-51.4694818528585,269.805076271302));
#937=CARTESIAN_POINT('Ctrl Pts',(13.292691865373,-49.8777979884991,270.890983850413));
#938=CARTESIAN_POINT('Ctrl Pts',(28.790266412969,-42.7114730004568,273.063150906412));
#939=CARTESIAN_POINT('Ctrl Pts',(35.5858202603316,-37.155462973814,274.145613310303));
#940=CARTESIAN_POINT('Ctrl Pts',(45.6669385094524,-23.4465185359368,276.310461105384));
#941=CARTESIAN_POINT('Ctrl Pts',(48.9269227807346,-15.3274026836973,277.38939454255));
#942=CARTESIAN_POINT('Ctrl Pts',(51.1333142319021,1.48563083702487,279.54668917088));
#943=CARTESIAN_POINT('Ctrl Pts',(50.074083349929,10.1408214065637,280.622008621731));
#944=CARTESIAN_POINT('Ctrl Pts',(43.9154682348476,25.87476691863,282.771554603876));
#945=CARTESIAN_POINT('Ctrl Pts',(38.8286260297725,32.9200135105011,283.843184866111));
#946=CARTESIAN_POINT('Ctrl Pts',(25.8897964697112,43.6892855924071,285.984820476979));
#947=CARTESIAN_POINT('Ctrl Pts',(18.0623106124582,47.3922411996843,287.052699298601));
#948=CARTESIAN_POINT('Ctrl Pts',(1.59488210961119,50.5692489047039,289.186296233388));
#949=CARTESIAN_POINT('Ctrl Pts',(-7.01695470279422,50.0373902058593,290.250374280017));
#950=CARTESIAN_POINT('Ctrl Pts',(-22.9126236149079,44.8935799067092,292.375839819091));
#951=CARTESIAN_POINT('Ctrl Pts',(-30.1726267984963,40.2890420275023,293.436077229445));
#952=CARTESIAN_POINT('Ctrl Pts',(-41.5690910577433,28.1603575104762,295.55336130953));
#953=CARTESIAN_POINT('Ctrl Pts',(-45.6915005625728,20.6519453617519,296.609714901499));
#954=CARTESIAN_POINT('Ctrl Pts',(-48.6270622965662,9.18922184728234,298.115066310249));
#955=CARTESIAN_POINT('Ctrl Pts',(-49.1287023352241,5.66494931925704,298.565397651468));
#956=CARTESIAN_POINT('Ctrl Pts',(-49.2529676808092,2.1295125765973,299.015464994096));
#957=CARTESIAN_POINT('',(-46.42,-10.5320523735191,260.576644418158));
#958=CARTESIAN_POINT('',(-46.4199999987735,1.71251525059177,296.522386655991));
#959=CARTESIAN_POINT('Ctrl Pts',(-46.4172795591013,-10.5311812219371,260.578445807312));
#960=CARTESIAN_POINT('Ctrl Pts',(-45.4642947586726,-14.6087639038654,261.111175659276));
#961=CARTESIAN_POINT('Ctrl Pts',(-43.9806513479217,-18.5591728507606,261.643487393632));
#962=CARTESIAN_POINT('Ctrl Pts',(-38.2277152931323,-29.2650415171337,263.189582176067));
#963=CARTESIAN_POINT('Ctrl Pts',(-32.6432522347796,-35.3164272531888,264.205267320127));
#964=CARTESIAN_POINT('Ctrl Pts',(-19.2869196716627,-43.9545311194789,266.228723428202));
#965=CARTESIAN_POINT('Ctrl Pts',(-11.4974370259992,-46.5523702711527,267.241567355978));
#966=CARTESIAN_POINT('Ctrl Pts',(4.32330433893921,-47.6690462194356,269.25914319708));
#967=CARTESIAN_POINT('Ctrl Pts',(12.3780301687421,-46.1893383496959,270.269319024865));
#968=CARTESIAN_POINT('Ctrl Pts',(26.7342987464014,-39.5506256461935,272.281389689451));
#969=CARTESIAN_POINT('Ctrl Pts',(33.0593996354666,-34.3805351202811,273.289081099672));
#970=CARTESIAN_POINT('Ctrl Pts',(42.4059602329064,-21.6702496286766,275.296043916283));
#971=CARTESIAN_POINT('Ctrl Pts',(45.4441199149837,-14.1070949594586,276.301444380309));
#972=CARTESIAN_POINT('Ctrl Pts',(47.492007483481,1.49922047605288,278.303717363907));
#973=CARTESIAN_POINT('Ctrl Pts',(46.5055908749155,9.57270261454646,279.307029330583));
#974=CARTESIAN_POINT('Ctrl Pts',(40.780419361507,24.1988911539986,281.305049537857));
#975=CARTESIAN_POINT('Ctrl Pts',(36.0297090209417,30.7818724922417,282.30648359208));
#976=CARTESIAN_POINT('Ctrl Pts',(23.9801961192804,40.8107538299929,284.300705388732));
#977=CARTESIAN_POINT('Ctrl Pts',(16.6549561893026,44.2785613285392,285.300479384333));
#978=CARTESIAN_POINT('Ctrl Pts',(1.28734640297321,47.2432396487456,287.291372630101));
#979=CARTESIAN_POINT('Ctrl Pts',(-6.79029380801783,46.7468617126302,288.289710801114));
#980=CARTESIAN_POINT('Ctrl Pts',(-21.6598058008056,41.9350161296322,290.27775895912));
#981=CARTESIAN_POINT('Ctrl Pts',(-28.4871272775833,37.608043758692,291.274891013342));
#982=CARTESIAN_POINT('Ctrl Pts',(-39.1766390762988,26.2319142062772,293.260589191105));
#983=CARTESIAN_POINT('Ctrl Pts',(-43.0651190899474,19.1547607469401,294.256749389623));
#984=CARTESIAN_POINT('Ctrl Pts',(-45.8273031521314,8.37160489521889,295.672691935821));
#985=CARTESIAN_POINT('Ctrl Pts',(-46.2992885025182,5.04845913482515,296.097339623823));
#986=CARTESIAN_POINT('Ctrl Pts',(-46.4164006080307,1.71234346699708,296.522029789444));
#987=CARTESIAN_POINT('',(-46.42,16.9564147153813,297.08729277181));
#988=CARTESIAN_POINT('Ctrl Pts',(-46.42,16.9564147153813,297.08729277181));
#989=CARTESIAN_POINT('Ctrl Pts',(-46.42,16.0024487845395,297.201772743904));
#990=CARTESIAN_POINT('Ctrl Pts',(-46.4199999970802,15.0323164480034,297.266149995295));
#991=CARTESIAN_POINT('Ctrl Pts',(-46.4199999970802,12.7635395631544,297.335569270844));
#992=CARTESIAN_POINT('Ctrl Pts',(-46.420000000003,11.4298885949089,297.311061941291));
#993=CARTESIAN_POINT('Ctrl Pts',(-46.420000000003,9.45999257070609,297.218084472796));
#994=CARTESIAN_POINT('Ctrl Pts',(-46.42,8.79754037538517,297.17699600412));
#995=CARTESIAN_POINT('Ctrl Pts',(-46.42,7.36744519374935,297.072520028958));
#996=CARTESIAN_POINT('Ctrl Pts',(-46.4200000000001,6.6002787725995,297.006583329663));
#997=CARTESIAN_POINT('Ctrl Pts',(-46.4200000000001,4.147176435781,296.776011134587));
#998=CARTESIAN_POINT('Ctrl Pts',(-46.42,2.6958927720449,296.61020287787));
#999=CARTESIAN_POINT('Ctrl Pts',(-46.42,1.71251524925329,296.52238667098));
#1000=CARTESIAN_POINT('',(-46.42,-16.9564147153813,261.988953509928));
#1001=CARTESIAN_POINT('Ctrl Pts',(-46.42,-16.9564147153813,261.988953509928));
#1002=CARTESIAN_POINT('Ctrl Pts',(-45.137795423419,-20.4665869684165,262.464365260026));
#1003=CARTESIAN_POINT('Ctrl Pts',(-43.4583537930089,-23.8288067715015,262.939470984049));
#1004=CARTESIAN_POINT('Ctrl Pts',(-40.6103133923651,-28.2006510954081,263.603288547112));
#1005=CARTESIAN_POINT('Ctrl Pts',(-39.7582333480899,-29.3897459667945,263.78920292275));
#1006=CARTESIAN_POINT('Ctrl Pts',(-34.771833290148,-35.7338654471379,264.815636223392));
#1007=CARTESIAN_POINT('Ctrl Pts',(-29.6884298383498,-40.0572893327955,265.647794227626));
#1008=CARTESIAN_POINT('Ctrl Pts',(-21.2664637904132,-44.7120584510844,266.872058123002));
#1009=CARTESIAN_POINT('Ctrl Pts',(-18.4990988288897,-45.926180554974,267.254854288901));
#1010=CARTESIAN_POINT('Ctrl Pts',(-12.3120440287421,-47.9900587938853,268.084465097056));
#1011=CARTESIAN_POINT('Ctrl Pts',(-8.87703807586999,-48.74248948547,268.529311878257));
#1012=CARTESIAN_POINT('Ctrl Pts',(0.381448027951117,-49.7586035116136,269.714299376593));
#1013=CARTESIAN_POINT('Ctrl Pts',(6.22109953613925,-49.3696486194566,270.447367914648));
#1014=CARTESIAN_POINT('Ctrl Pts',(15.0092627454106,-47.1973416646362,271.598920008724));
#1015=CARTESIAN_POINT('Ctrl Pts',(18.0751935354164,-46.1102414304707,272.01080825251));
#1016=CARTESIAN_POINT('Ctrl Pts',(23.7611763572659,-43.4392256273102,272.810021264948));
#1017=CARTESIAN_POINT('Ctrl Pts',(26.3851338359191,-41.8973099924047,273.195610072506));
#1018=CARTESIAN_POINT('Ctrl Pts',(34.2515034786333,-36.2410943757089,274.428032000819));
#1019=CARTESIAN_POINT('Ctrl Pts',(38.8129160554137,-31.3071832608852,275.265771833942));
#1020=CARTESIAN_POINT('Ctrl Pts',(43.0209745820334,-24.3655613749242,276.298507712359));
#1021=CARTESIAN_POINT('Ctrl Pts',(43.7246730323264,-23.0789474260013,276.484877943341));
#1022=CARTESIAN_POINT('Ctrl Pts',(47.3036973727269,-15.7820632361056,277.518701126062));
#1023=CARTESIAN_POINT('Ctrl Pts',(48.997887107253,-9.2693110642885,278.35761371062));
#1024=CARTESIAN_POINT('Ctrl Pts',(49.4280289535799,-1.15805368802796,279.391021955312));
#1025=CARTESIAN_POINT('Ctrl Pts',(49.4406606029522,0.303684922985988,279.576802973982));
#1026=CARTESIAN_POINT('Ctrl Pts',(49.1526980220383,8.36684130783553,280.603132056611));
#1027=CARTESIAN_POINT('Ctrl Pts',(47.5950728333546,14.8559944238514,281.435289427877));
#1028=CARTESIAN_POINT('Ctrl Pts',(43.5395146875438,23.5730730226096,282.658493038592));
#1029=CARTESIAN_POINT('Ctrl Pts',(42.02482983915,26.1780987596389,283.040216242397));
#1030=CARTESIAN_POINT('Ctrl Pts',(38.2372404429787,31.507429484676,283.871854529687));
#1031=CARTESIAN_POINT('Ctrl Pts',(35.8891033403139,34.1581153034969,284.319781109023));
#1032=CARTESIAN_POINT('Ctrl Pts',(29.0310070639309,40.4048035964133,285.500004870128));
#1033=CARTESIAN_POINT('Ctrl Pts',(24.1410254733476,43.5035468789147,286.22537432156));
#1034=CARTESIAN_POINT('Ctrl Pts',(15.7861055444493,46.9464112357292,287.3748513375));
#1035=CARTESIAN_POINT('Ctrl Pts',(12.6257395144171,47.8931865229003,287.792537867427));
#1036=CARTESIAN_POINT('Ctrl Pts',(6.45403841092984,49.0882292611792,288.592272676277));
#1037=CARTESIAN_POINT('Ctrl Pts',(3.46756026801875,49.3891174883836,288.972613290724));
#1038=CARTESIAN_POINT('Ctrl Pts',(-6.18790612476448,49.4813944754776,290.200867431371));
#1039=CARTESIAN_POINT('Ctrl Pts',(-12.7927312502578,48.1979706173456,291.039653684209));
#1040=CARTESIAN_POINT('Ctrl Pts',(-20.2928570083432,45.0851181961604,292.072777657858));
#1041=CARTESIAN_POINT('Ctrl Pts',(-21.6158433857442,44.465978611563,292.258417892923));
#1042=CARTESIAN_POINT('Ctrl Pts',(-28.7640894541708,40.726183421786,293.28463249277));
#1043=CARTESIAN_POINT('Ctrl Pts',(-33.9453937380484,36.5199243005783,294.116827836271));
#1044=CARTESIAN_POINT('Ctrl Pts',(-40.0574472669604,29.0993884758646,295.339939582047));
#1045=CARTESIAN_POINT('Ctrl Pts',(-41.7529871533037,26.6094272913234,295.721540966516));
#1046=CARTESIAN_POINT('Ctrl Pts',(-44.4634400976227,21.7253976518477,296.432031545241));
#1047=CARTESIAN_POINT('Ctrl Pts',(-45.5359347543856,19.3766379400582,296.759479631166));
#1048=CARTESIAN_POINT('Ctrl Pts',(-46.42,16.9564147153813,297.08729277181));
#1049=CARTESIAN_POINT('Ctrl Pts',(-46.42,-10.532052373519,260.576644418158));
#1050=CARTESIAN_POINT('Ctrl Pts',(-46.42,-12.5945113122929,261.19101491717));
#1051=CARTESIAN_POINT('Ctrl Pts',(-46.42,-14.823015608317,261.735627739638));
#1052=CARTESIAN_POINT('Ctrl Pts',(-46.42,-16.9564147153813,261.988953509928));
#1053=CARTESIAN_POINT('Ctrl Pts',(-46.4199999976179,-1.59241252354556,296.942914371334));
#1054=CARTESIAN_POINT('Ctrl Pts',(-46.3021275119454,-4.96007371145162,297.371627775053));
#1055=CARTESIAN_POINT('Ctrl Pts',(-45.8201083110223,-8.31229705677895,297.799604371385));
#1056=CARTESIAN_POINT('Ctrl Pts',(-43.0332883983521,-19.114458260053,299.219252916546));
#1057=CARTESIAN_POINT('Ctrl Pts',(-39.1323863063542,-26.1738636103897,300.213813358831));
#1058=CARTESIAN_POINT('Ctrl Pts',(-28.4419079348684,-37.5077588134585,302.195821497557));
#1059=CARTESIAN_POINT('Ctrl Pts',(-21.6220699651352,-41.8093231687645,303.190511052655));
#1060=CARTESIAN_POINT('Ctrl Pts',(-6.79132123011292,-46.5772513709905,305.172023301488));
#1061=CARTESIAN_POINT('Ctrl Pts',(1.25716638446983,-47.055174157774,306.166818178773));
#1062=CARTESIAN_POINT('Ctrl Pts',(16.549905699426,-44.0752941912837,308.148495859683));
#1063=CARTESIAN_POINT('Ctrl Pts',(23.8319225410838,-40.6102495406626,309.143558056355));
#1064=CARTESIAN_POINT('Ctrl Pts',(35.7938468243953,-30.6179501034129,311.125965909329));
#1065=CARTESIAN_POINT('Ctrl Pts',(40.5029037008409,-24.0665960437367,312.121510653488));
#1066=CARTESIAN_POINT('Ctrl Pts',(46.1632104240012,-9.53369127236715,314.105181444918));
#1067=CARTESIAN_POINT('Ctrl Pts',(47.1281254247103,-1.51759859134585,315.101438381513));
#1068=CARTESIAN_POINT('Ctrl Pts',(45.0727580209862,13.9567460885846,317.086890773933));
#1069=CARTESIAN_POINT('Ctrl Pts',(42.0479072359599,21.451003172339,318.084091607484));
#1070=CARTESIAN_POINT('Ctrl Pts',(32.7713555879388,34.0281516008068,320.07183412613));
#1071=CARTESIAN_POINT('Ctrl Pts',(26.4989399173438,39.1395263056745,321.070208103954));
#1072=CARTESIAN_POINT('Ctrl Pts',(12.2858415349256,45.6899423522084,323.060739184026));
#1073=CARTESIAN_POINT('Ctrl Pts',(4.31445823910992,47.1434168754348,324.060510478109));
#1074=CARTESIAN_POINT('Ctrl Pts',(-11.3208829327589,46.0224663031134,326.054318203868));
#1075=CARTESIAN_POINT('Ctrl Pts',(-19.0172189538073,43.4459892381277,327.055702295277));
#1076=CARTESIAN_POINT('Ctrl Pts',(-32.1965285810422,34.90536975816,329.05326685731));
#1077=CARTESIAN_POINT('Ctrl Pts',(-37.7055789330598,28.9246858928503,330.056461417125));
#1078=CARTESIAN_POINT('Ctrl Pts',(-45.145132225137,15.0568869741114,332.058267574898));
#1079=CARTESIAN_POINT('Ctrl Pts',(-47.0900910576066,7.14408697864722,333.063424453444));
#1080=CARTESIAN_POINT('Ctrl Pts',(-46.9159607924514,-8.62814965220948,335.070007413814));
#1081=CARTESIAN_POINT('Ctrl Pts',(-44.7987878769191,-16.5160864391033,336.077139686271));
#1082=CARTESIAN_POINT('Ctrl Pts',(-37.7950540947312,-28.9043949870985,337.888021871669));
#1083=CARTESIAN_POINT('Ctrl Pts',(-33.5442238100554,-33.7849628672394,338.694323606932));
#1084=CARTESIAN_POINT('Ctrl Pts',(-28.5114156787518,-37.6464531906578,339.501999999998));
#1085=CARTESIAN_POINT('Ctrl Pts',(-46.5535137964932,-1.48168166969947,297.849651948048));
#1086=CARTESIAN_POINT('Ctrl Pts',(-46.435327329233,-4.8584656031355,298.279520784408));
#1087=CARTESIAN_POINT('Ctrl Pts',(-45.9519110216808,-8.21893848797082,298.70858317084));
#1088=CARTESIAN_POINT('Ctrl Pts',(-43.1589091648788,-19.0455020265942,300.131395842692));
#1089=CARTESIAN_POINT('Ctrl Pts',(-39.2508856051489,-26.1150294866646,301.12749690057));
#1090=CARTESIAN_POINT('Ctrl Pts',(-28.5498318757629,-37.4602366032703,303.111464370109));
#1091=CARTESIAN_POINT('Ctrl Pts',(-21.7270380171177,-41.7621318149293,304.106489957521));
#1092=CARTESIAN_POINT('Ctrl Pts',(-6.90035756128292,-46.528801337335,306.087454761746));
#1093=CARTESIAN_POINT('Ctrl Pts',(1.14126611217381,-47.005028680042,307.081400408089));
#1094=CARTESIAN_POINT('Ctrl Pts',(16.4104633778589,-44.0297789454839,309.060015263627));
#1095=CARTESIAN_POINT('Ctrl Pts',(23.6769917766724,-40.5706901089392,310.053052707421));
#1096=CARTESIAN_POINT('Ctrl Pts',(35.6054541938711,-30.6063964368303,312.029891500348));
#1097=CARTESIAN_POINT('Ctrl Pts',(40.2982705238852,-24.0754707500611,313.022246064906));
#1098=CARTESIAN_POINT('Ctrl Pts',(45.9357140929361,-9.60137985375826,314.997863298995));
#1099=CARTESIAN_POINT('Ctrl Pts',(46.8951517507081,-1.62036615992096,315.989777946221));
#1100=CARTESIAN_POINT('Ctrl Pts',(44.8506624097261,13.7723886036347,317.964724987762));
#1101=CARTESIAN_POINT('Ctrl Pts',(41.841429219472,21.2246869977548,318.956448771437));
#1102=CARTESIAN_POINT('Ctrl Pts',(32.6249733897944,33.7204260114702,320.931277242482));
#1103=CARTESIAN_POINT('Ctrl Pts',(26.3935456483742,38.7968603968401,321.923060926779));
#1104=CARTESIAN_POINT('Ctrl Pts',(12.2891323607654,45.2972320144407,323.898322544654));
#1105=CARTESIAN_POINT('Ctrl Pts',(4.37924456615103,46.7383145087609,324.890415755164));
#1106=CARTESIAN_POINT('Ctrl Pts',(-11.1188179951808,45.6272487333631,326.866662211611));
#1107=CARTESIAN_POINT('Ctrl Pts',(-18.7471471921938,43.0723546505389,327.859308960374));
#1108=CARTESIAN_POINT('Ctrl Pts',(-31.7963534688342,34.6160982752286,329.837095485913));
#1109=CARTESIAN_POINT('Ctrl Pts',(-37.2506389652704,28.6932798800843,330.830522309626));
#1110=CARTESIAN_POINT('Ctrl Pts',(-44.6089711852532,14.9769527682689,332.81042445922));
#1111=CARTESIAN_POINT('Ctrl Pts',(-46.5320407257875,7.14902833186022,333.804803510444));
#1112=CARTESIAN_POINT('Ctrl Pts',(-46.3599518667952,-8.4352050098019,335.787478119916));
#1113=CARTESIAN_POINT('Ctrl Pts',(-44.2667031739418,-16.230937078848,336.782804350005));
#1114=CARTESIAN_POINT('Ctrl Pts',(-37.352802935882,-28.4597587418927,338.570551676809));
#1115=CARTESIAN_POINT('Ctrl Pts',(-33.1554204323691,-33.2787634143329,339.366426116555));
#1116=CARTESIAN_POINT('Ctrl Pts',(-28.1894530684765,-37.0888297704148,340.163556111217));
#1117=CARTESIAN_POINT('Ctrl Pts',(-47.9781546788293,-1.28301351362089,299.803878781073));
#1118=CARTESIAN_POINT('Ctrl Pts',(-47.8562658354341,-4.75953395303069,300.246424360076));
#1119=CARTESIAN_POINT('Ctrl Pts',(-47.3589225900186,-8.21834413848356,300.68827693428));
#1120=CARTESIAN_POINT('Ctrl Pts',(-44.4829906177358,-19.3625754218082,302.152592394493));
#1121=CARTESIAN_POINT('Ctrl Pts',(-40.470221521801,-26.6172973861719,303.175061343216));
#1122=CARTESIAN_POINT('Ctrl Pts',(-29.4842782155397,-38.2641861507824,305.211798409059));
#1123=CARTESIAN_POINT('Ctrl Pts',(-22.4984160996461,-42.6656165666876,306.230312796246));
#1124=CARTESIAN_POINT('Ctrl Pts',(-7.32020613893438,-47.545344548493,308.258343439023));
#1125=CARTESIAN_POINT('Ctrl Pts',(0.889860687867337,-48.0285196317316,309.272953023152));
#1126=CARTESIAN_POINT('Ctrl Pts',(16.4752626034439,-44.9917606183687,311.29266152227));
#1127=CARTESIAN_POINT('Ctrl Pts',(23.871697864179,-41.4673584373514,312.303500064486));
#1128=CARTESIAN_POINT('Ctrl Pts',(36.0103148338047,-31.3276572430154,314.315269733527));
#1129=CARTESIAN_POINT('Ctrl Pts',(40.7714576303869,-24.6961345788841,315.322505422219));
#1130=CARTESIAN_POINT('Ctrl Pts',(46.4903928856675,-10.0131159943041,317.326741705505));
#1131=CARTESIAN_POINT('Ctrl Pts',(47.4581864899122,-1.93514363157874,318.330562504682));
#1132=CARTESIAN_POINT('Ctrl Pts',(45.3909133692068,13.6299914675596,320.32769870444));
#1133=CARTESIAN_POINT('Ctrl Pts',(42.3514250710251,21.1483336431646,321.328307346365));
#1134=CARTESIAN_POINT('Ctrl Pts',(33.0621682130424,33.7429697998019,323.31880518309));
#1135=CARTESIAN_POINT('Ctrl Pts',(26.7917283628112,38.8468495657447,324.316416799854));
#1136=CARTESIAN_POINT('Ctrl Pts',(12.6226695442863,45.3771459349401,326.300765747179));
#1137=CARTESIAN_POINT('Ctrl Pts',(4.69013746284093,46.8189152385401,327.295605463726));
#1138=CARTESIAN_POINT('Ctrl Pts',(-10.8272710453675,45.7065874659495,329.274323053754));
#1139=CARTESIAN_POINT('Ctrl Pts',(-18.4518008940827,43.1493908344306,330.266620856516));
#1140=CARTESIAN_POINT('Ctrl Pts',(-31.4737777410602,34.7109362842721,332.240257916037));
#1141=CARTESIAN_POINT('Ctrl Pts',(-36.9065135633018,28.8065231665485,333.230233787541));
#1142=CARTESIAN_POINT('Ctrl Pts',(-44.2251165706621,15.1645549113139,335.199396675525));
#1143=CARTESIAN_POINT('Ctrl Pts',(-46.1321952470764,7.38758509799624,336.187213350393));
#1144=CARTESIAN_POINT('Ctrl Pts',(-45.9617759283172,-8.06093215891397,338.152643023301));
#1145=CARTESIAN_POINT('Ctrl Pts',(-43.8855560820825,-15.7802157411613,339.138248089875));
#1146=CARTESIAN_POINT('Ctrl Pts',(-37.0545089816998,-27.8629511469934,340.904801574728));
#1147=CARTESIAN_POINT('Ctrl Pts',(-32.9084194012466,-32.6199553606818,341.690357909233));
#1148=CARTESIAN_POINT('Ctrl Pts',(-28.0133145593474,-36.3761451418675,342.476374530506));
#1149=CARTESIAN_POINT('Ctrl Pts',(-50.5321995930573,-1.40626526855293,299.541260199492));
#1150=CARTESIAN_POINT('Ctrl Pts',(-50.4035015289865,-5.06275720380475,300.00670186074));
#1151=CARTESIAN_POINT('Ctrl Pts',(-49.881668928162,-8.70289272834308,300.472071702018));
#1152=CARTESIAN_POINT('Ctrl Pts',(-46.8487870320673,-20.4445698021271,302.014567421761));
#1153=CARTESIAN_POINT('Ctrl Pts',(-42.6342071001443,-28.0689519261938,303.089150847859));
#1154=CARTESIAN_POINT('Ctrl Pts',(-31.0536044324005,-40.3449614225186,305.236033146966));
#1155=CARTESIAN_POINT('Ctrl Pts',(-23.7112437831202,-44.9716634682346,306.3063656434));
#1156=CARTESIAN_POINT('Ctrl Pts',(-7.7101838452083,-50.1157764238366,308.444580925545));
#1157=CARTESIAN_POINT('Ctrl Pts',(0.919748501473499,-50.6236203713058,309.510735367107));
#1158=CARTESIAN_POINT('Ctrl Pts',(17.3487960558177,-47.4224882166485,311.6401005192));
#1159=CARTESIAN_POINT('Ctrl Pts',(25.1221014344717,-43.7181383176466,312.702073357538));
#1160=CARTESIAN_POINT('Ctrl Pts',(37.9141426957132,-33.0326521018504,314.822489482935));
#1161=CARTESIAN_POINT('Ctrl Pts',(42.9156337660676,-26.0653906835838,315.880266065583));
#1162=CARTESIAN_POINT('Ctrl Pts',(48.9394097902215,-10.5997959292477,317.99168553641));
#1163=CARTESIAN_POINT('Ctrl Pts',(49.954767400021,-2.11812994750519,319.045259091787));
#1164=CARTESIAN_POINT('Ctrl Pts',(47.7789179113527,14.2647763878074,321.147675747444));
#1165=CARTESIAN_POINT('Ctrl Pts',(44.5891467334835,22.1521164990215,322.197053072137));
#1166=CARTESIAN_POINT('Ctrl Pts',(34.8210833472967,35.3960033499336,324.290499303033));
#1167=CARTESIAN_POINT('Ctrl Pts',(28.248344794636,40.7443274371151,325.335702279891));
#1168=CARTESIAN_POINT('Ctrl Pts',(13.3661853929006,47.603334891773,327.420248292829));
#1169=CARTESIAN_POINT('Ctrl Pts',(5.06194611018698,49.1111673722475,328.461313693604));
#1170=CARTESIAN_POINT('Ctrl Pts',(-11.2140765185288,47.944514094528,330.537068060078));
#1171=CARTESIAN_POINT('Ctrl Pts',(-19.1838974298666,45.2697333122745,331.574045389955));
#1172=CARTESIAN_POINT('Ctrl Pts',(-32.8209264354653,36.4327912020912,333.641158332947));
#1173=CARTESIAN_POINT('Ctrl Pts',(-38.4895524888849,30.2691791510156,334.674102390373));
#1174=CARTESIAN_POINT('Ctrl Pts',(-46.1402834946766,16.0084225423139,336.732777954501));
#1175=CARTESIAN_POINT('Ctrl Pts',(-48.124821783698,7.90590415093099,337.761724328944));
#1176=CARTESIAN_POINT('Ctrl Pts',(-47.9475849903672,-8.21160974987904,339.812262267729));
#1177=CARTESIAN_POINT('Ctrl Pts',(-45.7856814693168,-16.2364483564792,340.837144863638));
#1178=CARTESIAN_POINT('Ctrl Pts',(-38.6760266481917,-28.8161113145291,342.675775191494));
#1179=CARTESIAN_POINT('Ctrl Pts',(-34.3687323803059,-33.7521397122951,343.492071734237));
#1180=CARTESIAN_POINT('Ctrl Pts',(-29.2873454571018,-37.6531087106586,344.307634821653));
#1181=CARTESIAN_POINT('Ctrl Pts',(-51.4276069201978,-1.54841560824465,298.671959690614));
#1182=CARTESIAN_POINT('Ctrl Pts',(-51.2964862103798,-5.26824361295624,299.145463369079));
#1183=CARTESIAN_POINT('Ctrl Pts',(-50.7661667546023,-8.97298692722146,299.619199229945));
#1184=CARTESIAN_POINT('Ctrl Pts',(-47.6765527959988,-20.9298856115843,301.189882883719));
#1185=CARTESIAN_POINT('Ctrl Pts',(-43.3883264108502,-28.6916347682842,302.283736307454));
#1186=CARTESIAN_POINT('Ctrl Pts',(-31.581926669397,-41.20642215596,304.472441222875));
#1187=CARTESIAN_POINT('Ctrl Pts',(-24.1013431356019,-45.9217651230397,305.562943868928));
#1188=CARTESIAN_POINT('Ctrl Pts',(-7.77204872201721,-51.1713001912422,307.74511401337));
#1189=CARTESIAN_POINT('Ctrl Pts',(1.02941077637691,-51.6903131633601,308.832331567523));
#1190=CARTESIAN_POINT('Ctrl Pts',(17.8113447895081,-48.420389145213,311.007567130269));
#1191=CARTESIAN_POINT('Ctrl Pts',(25.7464883965736,-44.6399804056697,312.09143361925));
#1192=CARTESIAN_POINT('Ctrl Pts',(38.8247072144857,-33.7154115864025,314.259437640491));
#1193=CARTESIAN_POINT('Ctrl Pts',(43.9347830268968,-26.5983762895623,315.339857715739));
#1194=CARTESIAN_POINT('Ctrl Pts',(50.0981926298138,-10.7742175974997,317.500385373994));
#1195=CARTESIAN_POINT('Ctrl Pts',(51.1369499342001,-2.10358346385556,318.577264152292));
#1196=CARTESIAN_POINT('Ctrl Pts',(48.9090573564391,14.6710109927166,320.730108205432));
#1197=CARTESIAN_POINT('Ctrl Pts',(45.6467784915776,22.7394331492427,321.803360493191));
#1198=CARTESIAN_POINT('Ctrl Pts',(35.638974112242,36.3083364756379,323.948347473965));
#1199=CARTESIAN_POINT('Ctrl Pts',(28.9123010524391,41.7826519827382,325.017900705195));
#1200=CARTESIAN_POINT('Ctrl Pts',(13.6568907818633,48.8136667673103,327.154890334607));
#1201=CARTESIAN_POINT('Ctrl Pts',(5.15400338773015,50.3580397023126,328.220685440668));
#1202=CARTESIAN_POINT('Ctrl Pts',(-11.5373794557786,49.161596196792,330.349571153928));
#1203=CARTESIAN_POINT('Ctrl Pts',(-19.7009194579825,46.4221776235317,331.411562308367));
#1204=CARTESIAN_POINT('Ctrl Pts',(-33.6905825114663,37.3567073979613,333.532272837384));
#1205=CARTESIAN_POINT('Ctrl Pts',(-39.4985630765702,31.0419221909089,334.590425262616));
#1206=CARTESIAN_POINT('Ctrl Pts',(-47.3489753399711,16.4090134947259,336.702929181925));
#1207=CARTESIAN_POINT('Ctrl Pts',(-49.3825719152041,8.10632510051098,337.757211137112));
#1208=CARTESIAN_POINT('Ctrl Pts',(-49.2009203566445,-8.43400609383863,339.861531344447));
#1209=CARTESIAN_POINT('Ctrl Pts',(-46.9849940369377,-16.6573114070631,340.911886636208));
#1210=CARTESIAN_POINT('Ctrl Pts',(-39.6895114683909,-29.567792812469,342.798502279481));
#1211=CARTESIAN_POINT('Ctrl Pts',(-35.2734550449985,-34.6264697323391,343.63573742848));
#1212=CARTESIAN_POINT('Ctrl Pts',(-30.0620984190783,-38.6280084618424,344.471868491639));
#1213=CARTESIAN_POINT('',(-46.4199999987503,-1.59241252688299,296.942914371759));
#1214=CARTESIAN_POINT('',(-46.42,7.13175172395279,333.060892874778));
#1215=CARTESIAN_POINT('Ctrl Pts',(-46.416393548545,-1.59233332343551,296.942541918025));
#1216=CARTESIAN_POINT('Ctrl Pts',(-46.298184632919,-4.9592975435523,297.371157286157));
#1217=CARTESIAN_POINT('Ctrl Pts',(-45.8185438896732,-8.3121912388115,297.799614591881));
#1218=CARTESIAN_POINT('Ctrl Pts',(-43.0290639533347,-19.112658803512,299.218548516231));
#1219=CARTESIAN_POINT('Ctrl Pts',(-39.1303259645284,-26.1726552156399,300.213481337271));
#1220=CARTESIAN_POINT('Ctrl Pts',(-28.439875498436,-37.5050625371226,302.195186077209));
#1221=CARTESIAN_POINT('Ctrl Pts',(-21.6204608303806,-41.8068934312044,303.189867801466));
#1222=CARTESIAN_POINT('Ctrl Pts',(-6.7910659919738,-46.5742176347457,305.171278339392));
#1223=CARTESIAN_POINT('Ctrl Pts',(1.2575482308169,-47.052185307278,306.165952071985));
#1224=CARTESIAN_POINT('Ctrl Pts',(16.5486294656723,-44.072641713265,308.147590569524));
#1225=CARTESIAN_POINT('Ctrl Pts',(23.8309033936121,-40.60744080625,309.142499268951));
#1226=CARTESIAN_POINT('Ctrl Pts',(35.7914898981463,-30.6163012402613,311.124886846158));
#1227=CARTESIAN_POINT('Ctrl Pts',(40.5007391181118,-24.0646234649052,312.120272384028));
#1228=CARTESIAN_POINT('Ctrl Pts',(46.1604260690438,-9.53339542110542,314.103926946403));
#1229=CARTESIAN_POINT('Ctrl Pts',(47.1253597700622,-1.51688348000501,315.100029170594));
#1230=CARTESIAN_POINT('Ctrl Pts',(45.0702591669462,13.955697935136,317.085463254467));
#1231=CARTESIAN_POINT('Ctrl Pts',(42.0452065045917,21.4503638174968,318.082519043088));
#1232=CARTESIAN_POINT('Ctrl Pts',(32.769735487413,34.0261084291442,320.070237728035));
#1233=CARTESIAN_POINT('Ctrl Pts',(26.4969152414087,39.1377635958625,321.068479925737));
#1234=CARTESIAN_POINT('Ctrl Pts',(12.285427629265,45.6874813606419,323.058979102546));
#1235=CARTESIAN_POINT('Ctrl Pts',(4.31351635194078,47.141012235063,324.058634519011));
#1236=CARTESIAN_POINT('Ctrl Pts',(-11.3200912251776,46.0202217086022,326.052401594938));
#1237=CARTESIAN_POINT('Ctrl Pts',(-19.0169830559582,43.4435446169081,327.053681915968));
#1238=CARTESIAN_POINT('Ctrl Pts',(-32.1947743179156,34.9038445670297,329.051215026593));
#1239=CARTESIAN_POINT('Ctrl Pts',(-37.7045852062983,28.9228031705336,330.054252309192));
#1240=CARTESIAN_POINT('Ctrl Pts',(-43.9000245480865,17.3720164910238,331.721903125552));
#1241=CARTESIAN_POINT('Ctrl Pts',(-45.5917919685443,12.3203630786361,332.389954558573));
#1242=CARTESIAN_POINT('Ctrl Pts',(-46.4180681126426,7.13115260010742,333.058630420436));
#1243=CARTESIAN_POINT('Ctrl Pts',(-46.42,-7.58881062025912,334.941663141746));
#1244=CARTESIAN_POINT('Ctrl Pts',(-46.42,-7.2719912570182,334.967278803196));
#1245=CARTESIAN_POINT('Ctrl Pts',(-46.4200000000003,-6.95531123525346,334.994564857591));
#1246=CARTESIAN_POINT('Ctrl Pts',(-46.4200000000003,-5.03899237207107,335.168483211283));
#1247=CARTESIAN_POINT('Ctrl Pts',(-46.42,-3.46289341598961,335.347909208739));
#1248=CARTESIAN_POINT('Ctrl Pts',(-46.42,-1.52170257870695,335.582037390121));
#1249=CARTESIAN_POINT('Ctrl Pts',(-46.4200000000016,-0.98087635090762,335.648032611729));
#1250=CARTESIAN_POINT('Ctrl Pts',(-46.4200000000016,-0.880888582670645,
335.66023701118));
#1251=CARTESIAN_POINT('Ctrl Pts',(-46.42,-0.497841237133658,335.707120859824));
#1252=CARTESIAN_POINT('Ctrl Pts',(-46.42,-0.280058499212543,335.732635497041));
#1253=CARTESIAN_POINT('Ctrl Pts',(-46.4199999999988,-0.19077726316087,335.742933850177));
#1254=CARTESIAN_POINT('Ctrl Pts',(-46.4199999999988,-0.0819523951172006,
335.752551579395));
#1255=CARTESIAN_POINT('Ctrl Pts',(-46.42,-0.050107285319486,335.753446885069));
#1256=CARTESIAN_POINT('Ctrl Pts',(-46.42,-0.0197013935959445,335.750643341364));
#1257=CARTESIAN_POINT('Ctrl Pts',(-46.42,-0.0167555802575725,335.75032688835));
#1258=CARTESIAN_POINT('Ctrl Pts',(-46.42,-0.0136181868199441,335.74994050984));
#1259=CARTESIAN_POINT('Ctrl Pts',(-46.42,-0.0134295426294386,335.749917088122));
#1260=CARTESIAN_POINT('Ctrl Pts',(-46.42,-0.0131323383359441,335.749879888809));
#1261=CARTESIAN_POINT('Ctrl Pts',(-46.42,-0.0130237686514579,335.749866236896));
#1262=CARTESIAN_POINT('Ctrl Pts',(-46.42,-0.0128467672964467,335.749843877623));
#1263=CARTESIAN_POINT('Ctrl Pts',(-46.42,-0.0127783207479159,335.749835206281));
#1264=CARTESIAN_POINT('Ctrl Pts',(-46.42,-0.012647171835797,335.74981854339));
#1265=CARTESIAN_POINT('Ctrl Pts',(-46.42,-0.0125844691655252,335.749810555826));
#1266=CARTESIAN_POINT('Ctrl Pts',(-46.42,-0.012440318397543,335.749792144497));
#1267=CARTESIAN_POINT('Ctrl Pts',(-46.42,-0.0123588746976377,335.749781706865));
#1268=CARTESIAN_POINT('Ctrl Pts',(-46.42,-0.0121089476236302,335.749749568099));
#1269=CARTESIAN_POINT('Ctrl Pts',(-46.42,-0.0119404811975871,335.749727752943));
#1270=CARTESIAN_POINT('Ctrl Pts',(-46.42,-0.0101744166016901,335.749497471253));
#1271=CARTESIAN_POINT('Ctrl Pts',(-46.42,-0.00857994064993401,335.749275924552));
#1272=CARTESIAN_POINT('Ctrl Pts',(-46.42,-0.00266429918424542,335.748403729831));
#1273=CARTESIAN_POINT('Ctrl Pts',(-46.42,0.0016198661927792,335.747672494267));
#1274=CARTESIAN_POINT('Ctrl Pts',(-46.42,0.0234099302041127,335.743488316803));
#1275=CARTESIAN_POINT('Ctrl Pts',(-46.42,0.0417508719227536,335.738441724805));
#1276=CARTESIAN_POINT('Ctrl Pts',(-46.42,0.108315086895382,335.717192235373));
#1277=CARTESIAN_POINT('Ctrl Pts',(-46.42,0.179298974622241,335.690681287651));
#1278=CARTESIAN_POINT('Ctrl Pts',(-46.42,1.36114210052359,335.231464515479));
#1279=CARTESIAN_POINT('Ctrl Pts',(-46.42,4.11512791810487,334.116294269381));
#1280=CARTESIAN_POINT('Ctrl Pts',(-46.42,7.13175172395275,333.060892874778));
#1281=CARTESIAN_POINT('',(-46.42,-10.2709794936159,339.502));
#1282=CARTESIAN_POINT('Ctrl Pts',(-46.4199999999999,-10.2709794936158,339.502));
#1283=CARTESIAN_POINT('Ctrl Pts',(-44.5343315736331,-14.9737046864637,339.502));
#1284=CARTESIAN_POINT('Ctrl Pts',(-41.7273922396142,-22.1741849896284,339.502));
#1285=CARTESIAN_POINT('Ctrl Pts',(-33.0127833437906,-33.1487047759719,339.502));
#1286=CARTESIAN_POINT('Ctrl Pts',(-30.5542322971802,-35.6577109114905,339.502));
#1287=CARTESIAN_POINT('Ctrl Pts',(-28.5114156787506,-37.6464531906557,339.502));
#1288=CARTESIAN_POINT('',(-46.42,16.9564147153813,336.589397148318));
#1289=CARTESIAN_POINT('Ctrl Pts',(-46.42,16.9564147153813,336.589397148318));
#1290=CARTESIAN_POINT('Ctrl Pts',(-46.42,15.5541756463769,336.758110136052));
#1291=CARTESIAN_POINT('Ctrl Pts',(-46.42,14.1073227641042,336.820912885256));
#1292=CARTESIAN_POINT('Ctrl Pts',(-46.42,12.655206638357,336.820921695365));
#1293=CARTESIAN_POINT('Ctrl Pts',(-46.4199999999999,12.6087212461242,336.820853329985));
#1294=CARTESIAN_POINT('Ctrl Pts',(-46.4199999999999,11.6706688150918,336.81811176393));
#1295=CARTESIAN_POINT('Ctrl Pts',(-46.4200000000045,10.7740727039867,336.790659465016));
#1296=CARTESIAN_POINT('Ctrl Pts',(-46.4200000000045,9.53110621893506,336.727803028131));
#1297=CARTESIAN_POINT('Ctrl Pts',(-46.42,9.17837458055704,336.707159729236));
#1298=CARTESIAN_POINT('Ctrl Pts',(-46.42,5.27223418085411,336.451442573693));
#1299=CARTESIAN_POINT('Ctrl Pts',(-46.42,1.69241670188436,335.973863412276));
#1300=CARTESIAN_POINT('Ctrl Pts',(-46.42,0.134086519291675,335.788926348849));
#1301=CARTESIAN_POINT('Ctrl Pts',(-46.42,0.0620549062683411,335.782271190607));
#1302=CARTESIAN_POINT('Ctrl Pts',(-46.42,0.0103063698653077,335.785035190345));
#1303=CARTESIAN_POINT('Ctrl Pts',(-46.42,0.00662157030044483,335.785294388306));
#1304=CARTESIAN_POINT('Ctrl Pts',(-46.42,0.000781192587801099,335.785815154895));
#1305=CARTESIAN_POINT('Ctrl Pts',(-46.42,-0.00136316376548349,335.786029881134));
#1306=CARTESIAN_POINT('Ctrl Pts',(-46.42,-0.00452410776730133,335.786382190325));
#1307=CARTESIAN_POINT('Ctrl Pts',(-46.4200000000002,-0.00553923208521324,
335.78650078123));
#1308=CARTESIAN_POINT('Ctrl Pts',(-46.4200000000002,-0.00679833192140157,
335.786654676779));
#1309=CARTESIAN_POINT('Ctrl Pts',(-46.42,-0.0070426030938952,335.786684850997));
#1310=CARTESIAN_POINT('Ctrl Pts',(-46.42,-0.00741155538741002,335.786730907353));
#1311=CARTESIAN_POINT('Ctrl Pts',(-46.42,-0.00753626084219946,335.786746557296));
#1312=CARTESIAN_POINT('Ctrl Pts',(-46.42,-0.00773313596679168,335.786771395181));
#1313=CARTESIAN_POINT('Ctrl Pts',(-46.42,-0.00780531486310983,335.786780529114));
#1314=CARTESIAN_POINT('Ctrl Pts',(-46.42,-0.00793965379631771,335.786797580893));
#1315=CARTESIAN_POINT('Ctrl Pts',(-46.42,-0.00800181451725526,335.78680549164));
#1316=CARTESIAN_POINT('Ctrl Pts',(-46.42,-0.00813893049378994,335.786822986918));
#1317=CARTESIAN_POINT('Ctrl Pts',(-46.42,-0.00821387516793769,335.786832579458));
#1318=CARTESIAN_POINT('Ctrl Pts',(-46.42,-0.0084281764789081,335.786860094701));
#1319=CARTESIAN_POINT('Ctrl Pts',(-46.42,-0.00856752573819241,335.786878090198));
#1320=CARTESIAN_POINT('Ctrl Pts',(-46.42,-0.00943509311839668,335.786990773192));
#1321=CARTESIAN_POINT('Ctrl Pts',(-46.42,-0.0101628347635006,335.787088128559));
#1322=CARTESIAN_POINT('Ctrl Pts',(-46.42,-0.012281269657577,335.787379763975));
#1323=CARTESIAN_POINT('Ctrl Pts',(-46.42,-0.0136699036579804,335.787581274698));
#1324=CARTESIAN_POINT('Ctrl Pts',(-46.42,-0.0213479252745657,335.788752060497));
#1325=CARTESIAN_POINT('Ctrl Pts',(-46.42,-0.0275466208204594,335.789907764028));
#1326=CARTESIAN_POINT('Ctrl Pts',(-46.42,-0.0532922357533481,335.795446884601));
#1327=CARTESIAN_POINT('Ctrl Pts',(-46.42,-0.0752479474155649,335.801903131603));
#1328=CARTESIAN_POINT('Ctrl Pts',(-46.42,-0.142953881602988,335.824975322046));
#1329=CARTESIAN_POINT('Ctrl Pts',(-46.42,-0.196223517797004,335.845097259585));
#1330=CARTESIAN_POINT('Ctrl Pts',(-46.42,-0.289554184891346,335.880755572354));
#1331=CARTESIAN_POINT('Ctrl Pts',(-46.4199999999997,-0.356739842430889,
335.906899666413));
#1332=CARTESIAN_POINT('Ctrl Pts',(-46.4199999999997,-0.510237042388328,
335.966806945696));
#1333=CARTESIAN_POINT('Ctrl Pts',(-46.4200000000002,-0.670832864944231,
336.029905993032));
#1334=CARTESIAN_POINT('Ctrl Pts',(-46.4200000000002,-0.922630330061715,
336.128862736507));
#1335=CARTESIAN_POINT('Ctrl Pts',(-46.42,-1.16201823394592,336.223042376679));
#1336=CARTESIAN_POINT('Ctrl Pts',(-46.42,-1.86056733688347,336.497227276283));
#1337=CARTESIAN_POINT('Ctrl Pts',(-46.42,-2.29164216951777,336.665737888644));
#1338=CARTESIAN_POINT('Ctrl Pts',(-46.42,-3.61351642606543,337.178187576523));
#1339=CARTESIAN_POINT('Ctrl Pts',(-46.4199999999905,-4.49359834896077,337.513765026576));
#1340=CARTESIAN_POINT('Ctrl Pts',(-46.4199999999905,-6.17100239553554,338.132893353401));
#1341=CARTESIAN_POINT('Ctrl Pts',(-46.4199999999954,-6.97224337903268,338.419890368354));
#1342=CARTESIAN_POINT('Ctrl Pts',(-46.4199999999954,-8.59691848507227,338.975704758792));
#1343=CARTESIAN_POINT('Ctrl Pts',(-46.42,-9.43197697518373,339.24785209166));
#1344=CARTESIAN_POINT('Ctrl Pts',(-46.42,-10.2709794936159,339.502));
#1345=CARTESIAN_POINT('',(-46.42,-16.9564147153813,301.491068749377));
#1346=CARTESIAN_POINT('Ctrl Pts',(-46.42,-16.9564147153813,301.491068749377));
#1347=CARTESIAN_POINT('Ctrl Pts',(-45.9302935643468,-18.2970384925528,301.672647574307));
#1348=CARTESIAN_POINT('Ctrl Pts',(-45.3824862670128,-19.6165146658523,301.854219076449));
#1349=CARTESIAN_POINT('Ctrl Pts',(-41.9596045167733,-26.9461115426635,302.883211212251));
#1350=CARTESIAN_POINT('Ctrl Pts',(-37.9500572444447,-32.3495634726852,303.722033798144));
#1351=CARTESIAN_POINT('Ctrl Pts',(-31.9058646187357,-37.7687109410336,304.754821640169));
#1352=CARTESIAN_POINT('Ctrl Pts',(-30.7784319067727,-38.6929950169672,304.940103150756));
#1353=CARTESIAN_POINT('Ctrl Pts',(-24.3214083153715,-43.5255186707317,305.966020825581));
#1354=CARTESIAN_POINT('Ctrl Pts',(-18.2902301125213,-46.3839296133674,306.798289529472));
#1355=CARTESIAN_POINT('Ctrl Pts',(-8.96082987789897,-48.6935149424772,308.021069257089));
#1356=CARTESIAN_POINT('Ctrl Pts',(-5.98602562195497,-49.1479646715991,308.402275249499));
#1357=CARTESIAN_POINT('Ctrl Pts',(0.530472502149621,-49.5427405969061,309.232678632103));
#1358=CARTESIAN_POINT('Ctrl Pts',(4.06210365022547,-49.3787785865769,309.67989860826));
#1359=CARTESIAN_POINT('Ctrl Pts',(13.2452163311649,-47.9599397044339,310.862087225986));
#1360=CARTESIAN_POINT('Ctrl Pts',(18.7464731540084,-46.0886263314474,311.590084255874));
#1361=CARTESIAN_POINT('Ctrl Pts',(26.6569808601611,-41.7416557696888,312.738265188859));
#1362=CARTESIAN_POINT('Ctrl Pts',(29.3512559446612,-39.8931596498791,313.15196959886));
#1363=CARTESIAN_POINT('Ctrl Pts',(34.148683407624,-35.8509067115727,313.950067659378));
#1364=CARTESIAN_POINT('Ctrl Pts',(36.2710387961318,-33.7021049645973,314.332740144822));
#1365=CARTESIAN_POINT('Ctrl Pts',(42.4134276474341,-26.2262400980833,315.563491384555));
#1366=CARTESIAN_POINT('Ctrl Pts',(45.5584048397816,-20.2767361047102,316.402446287611));
#1367=CARTESIAN_POINT('Ctrl Pts',(47.8382014012731,-12.4882324601495,317.434906858029));
#1368=CARTESIAN_POINT('Ctrl Pts',(48.1848138398077,-11.0757929396597,317.61973928272));
#1369=CARTESIAN_POINT('Ctrl Pts',(49.7591139556588,-3.16872942113344,318.645286937263));
#1370=CARTESIAN_POINT('Ctrl Pts',(49.7364748186187,3.50615236356,319.477645134224));
#1371=CARTESIAN_POINT('Ctrl Pts',(47.7964553342157,12.9163557627239,320.700048637613));
#1372=CARTESIAN_POINT('Ctrl Pts',(46.924613511817,15.7928496068714,321.080798941018));
#1373=CARTESIAN_POINT('Ctrl Pts',(44.4727773837169,21.8387635035846,321.910657301511));
#1374=CARTESIAN_POINT('Ctrl Pts',(42.8025513481241,24.953978310933,322.357792474343));
#1375=CARTESIAN_POINT('Ctrl Pts',(37.5591017765155,32.6343373421907,323.540927217547));
#1376=CARTESIAN_POINT('Ctrl Pts',(33.4920436373477,36.796321349796,324.269939258094));
#1377=CARTESIAN_POINT('Ctrl Pts',(26.1633960601886,42.0515315264529,325.41709689444));
#1378=CARTESIAN_POINT('Ctrl Pts',(23.3481513876642,43.6774356122705,325.82874250258));
#1379=CARTESIAN_POINT('Ctrl Pts',(17.641631331308,46.2627243828706,326.62575996696));
#1380=CARTESIAN_POINT('Ctrl Pts',(14.7806825027945,47.254611361914,327.009407545835));
#1381=CARTESIAN_POINT('Ctrl Pts',(5.37881101767293,49.5761518708586,328.241253686975));
#1382=CARTESIAN_POINT('Ctrl Pts',(-1.34617964901916,49.8489118041734,329.080328489809));
#1383=CARTESIAN_POINT('Ctrl Pts',(-9.35441694105951,48.5482803727127,330.112512109624));
#1384=CARTESIAN_POINT('Ctrl Pts',(-10.7753257229421,48.2528031275311,330.296957547272));
#1385=CARTESIAN_POINT('Ctrl Pts',(-18.58645885408,46.2662016764795,331.322188214773));
#1386=CARTESIAN_POINT('Ctrl Pts',(-24.6003380307174,43.3686638229425,332.154626083868));
#1387=CARTESIAN_POINT('Ctrl Pts',(-32.2542390627907,37.5630812393957,333.376836482026));
#1388=CARTESIAN_POINT('Ctrl Pts',(-34.4726499012397,35.5381130681872,333.757322843238));
#1389=CARTESIAN_POINT('Ctrl Pts',(-38.8689398216014,30.7237324746347,334.586607342771));
#1390=CARTESIAN_POINT('Ctrl Pts',(-40.959156599842,27.8763273888613,335.033437645283));
#1391=CARTESIAN_POINT('Ctrl Pts',(-44.1902982700986,22.316225882344,335.851590165059));
#1392=CARTESIAN_POINT('Ctrl Pts',(-45.4248091312422,19.6808562263473,336.220420832973));
#1393=CARTESIAN_POINT('Ctrl Pts',(-46.42,16.9564147153813,336.589397148318));
#1394=CARTESIAN_POINT('Ctrl Pts',(-46.42,-1.59241252173655,296.942914386202));
#1395=CARTESIAN_POINT('Ctrl Pts',(-46.42,-2.59066478469887,297.298611792544));
#1396=CARTESIAN_POINT('Ctrl Pts',(-46.42,-4.06990955696908,297.869431822362));
#1397=CARTESIAN_POINT('Ctrl Pts',(-46.42,-6.95559289597588,298.910634952402));
#1398=CARTESIAN_POINT('Ctrl Pts',(-46.4199999999981,-8.10799783072139,299.310140232019));
#1399=CARTESIAN_POINT('Ctrl Pts',(-46.4199999999981,-9.8175295434432,299.857022183994));
#1400=CARTESIAN_POINT('Ctrl Pts',(-46.42,-10.3724085218043,300.027507104862));
#1401=CARTESIAN_POINT('Ctrl Pts',(-46.42,-11.7334816863296,300.423918292584));
#1402=CARTESIAN_POINT('Ctrl Pts',(-46.4199999999957,-12.550771263634,300.643320745033));
#1403=CARTESIAN_POINT('Ctrl Pts',(-46.4199999999957,-14.5393285912126,301.113901672717));
#1404=CARTESIAN_POINT('Ctrl Pts',(-46.42,-15.7549921048845,301.34819595594));
#1405=CARTESIAN_POINT('Ctrl Pts',(-46.42,-16.9564147153813,301.491068749377));
#1406=CARTESIAN_POINT('Ctrl Pts',(-46.8779858119537,-15.6148403442542,58.2503556868461));
#1407=CARTESIAN_POINT('Ctrl Pts',(-45.0948575192504,-21.0922761719077,58.9832250795492));
#1408=CARTESIAN_POINT('Ctrl Pts',(-42.3561352984552,-26.2676473656154,59.7170339158701));
#1409=CARTESIAN_POINT('Ctrl Pts',(-33.6678352793265,-37.3790281290908,61.5114113950544));
#1410=CARTESIAN_POINT('Ctrl Pts',(-26.8451283005002,-42.6250380163734,62.5727634107582));
#1411=CARTESIAN_POINT('Ctrl Pts',(-12.4013257380711,-48.7805695034717,64.5701128422352));
#1412=CARTESIAN_POINT('Ctrl Pts',(-4.99593721291751,-50.1345990627503,65.5051018929953));
#1413=CARTESIAN_POINT('Ctrl Pts',(2.36112849213514,-49.8474124555025,66.4418436368434));
#1414=CARTESIAN_POINT('Ctrl Pts',(-46.7241222992762,-15.5647105011323,58.2506197595008));
#1415=CARTESIAN_POINT('Ctrl Pts',(-44.9467081621944,-21.0245954485709,58.9811304102118));
#1416=CARTESIAN_POINT('Ctrl Pts',(-42.2165743922315,-26.1836470871818,59.7126535859007));
#1417=CARTESIAN_POINT('Ctrl Pts',(-33.5567815118789,-37.2586457022005,61.5011404786882));
#1418=CARTESIAN_POINT('Ctrl Pts',(-26.7550786595547,-42.4885300737683,62.5592366876614));
#1419=CARTESIAN_POINT('Ctrl Pts',(-12.3581929894482,-48.6240433610354,64.5500998343041));
#1420=CARTESIAN_POINT('Ctrl Pts',(-4.9755254379454,-49.9739702171073,65.4822170970262));
#1421=CARTESIAN_POINT('Ctrl Pts',(2.35818843626109,-49.687693401148,66.4159934688201));
#1422=CARTESIAN_POINT('Ctrl Pts',(-46.5707937723993,-15.5130131603367,58.2639009081646));
#1423=CARTESIAN_POINT('Ctrl Pts',(-44.799092097529,-20.955349713516,58.9920531858526));
#1424=CARTESIAN_POINT('Ctrl Pts',(-42.0775574357266,-26.0980531584454,59.7212869572101));
#1425=CARTESIAN_POINT('Ctrl Pts',(-33.4463680083439,-37.1365457882553,61.5038631965777));
#1426=CARTESIAN_POINT('Ctrl Pts',(-26.6657858461483,-42.3501926207876,62.558683847655));
#1427=CARTESIAN_POINT('Ctrl Pts',(-12.3162203818811,-48.4655163611926,64.5430050286653));
#1428=CARTESIAN_POINT('Ctrl Pts',(-4.95652072512048,-49.8112828020171,65.4722189970871));
#1429=CARTESIAN_POINT('Ctrl Pts',(2.35353270403429,-49.5259284606727,66.4029908037147));
#1430=CARTESIAN_POINT('Ctrl Pts',(-46.4199999873397,-15.4604225738831,58.2900259161669));
#1431=CARTESIAN_POINT('Ctrl Pts',(-44.6539345611985,-20.8854421406418,59.0158509551911));
#1432=CARTESIAN_POINT('Ctrl Pts',(-41.9408975423333,-26.0119819434692,59.7428214319237));
#1433=CARTESIAN_POINT('Ctrl Pts',(-33.3380348123556,-37.0143209066582,61.51954404336));
#1434=CARTESIAN_POINT('Ctrl Pts',(-26.5784144851349,-42.2118299188637,62.5711120980091));
#1435=CARTESIAN_POINT('Ctrl Pts',(-12.2759553370747,-48.30705609143,64.5489209591995));
#1436=CARTESIAN_POINT('Ctrl Pts',(-4.93917100766406,-49.6486586375419,65.4752379827038));
#1437=CARTESIAN_POINT('Ctrl Pts',(2.34722201689203,-49.3642274202956,66.4030052261329));
#1438=CARTESIAN_POINT('',(-46.4199999929863,-15.4604225781068,58.2900259167304));
#1439=CARTESIAN_POINT('',(2.34722201689233,-49.3642274203032,66.4030052261329));
#1440=CARTESIAN_POINT('Ctrl Pts',(-46.4199646420157,-15.4608122072114,58.2870278167739));
#1441=CARTESIAN_POINT('Ctrl Pts',(-44.6535806019269,-20.8857609893583,59.0128746393021));
#1442=CARTESIAN_POINT('Ctrl Pts',(-41.9412741642854,-26.0125788764265,59.7398099937146));
#1443=CARTESIAN_POINT('Ctrl Pts',(-33.3379323222676,-37.0149094755984,61.5165710857814));
#1444=CARTESIAN_POINT('Ctrl Pts',(-26.5784454836521,-42.2124822054181,62.5681333647877));
#1445=CARTESIAN_POINT('Ctrl Pts',(-12.2757403542149,-48.3078116123921,64.5459788910686));
#1446=CARTESIAN_POINT('Ctrl Pts',(-4.93889492919552,-49.6492999986192,65.4722843525672));
#1447=CARTESIAN_POINT('Ctrl Pts',(2.34762341122244,-49.3649904050698,66.400086669875));
#1448=CARTESIAN_POINT('',(-46.42,-16.9564147153813,58.4307144113814));
#1449=CARTESIAN_POINT('Ctrl Pts',(-46.42,-16.9564147153813,58.4307144113814));
#1450=CARTESIAN_POINT('Ctrl Pts',(-46.42,-16.4634810841877,58.3713316244374));
#1451=CARTESIAN_POINT('Ctrl Pts',(-46.42,-15.963859145083,58.3250154550931));
#1452=CARTESIAN_POINT('Ctrl Pts',(-46.42,-15.4604225782984,58.2900259139735));
#1453=CARTESIAN_POINT('Ctrl Pts',(2.34722201689232,-49.3642274203032,66.4030052261329));
#1454=CARTESIAN_POINT('Ctrl Pts',(1.78510235676491,-49.3909556749793,66.3314070683089));
#1455=CARTESIAN_POINT('Ctrl Pts',(1.22212591271341,-49.4081015844199,66.2597584420917));
#1456=CARTESIAN_POINT('Ctrl Pts',(-0.799355057701665,-49.43504066088,66.0025555231085));
#1457=CARTESIAN_POINT('Ctrl Pts',(-2.25739040178332,-49.3899424285749,65.8171674732762));
#1458=CARTESIAN_POINT('Ctrl Pts',(-10.3003498720611,-48.7842298601793,64.7911808179319));
#1459=CARTESIAN_POINT('Ctrl Pts',(-16.7234490623733,-46.97152650906,63.9589309392451));
#1460=CARTESIAN_POINT('Ctrl Pts',(-25.2776995620566,-42.5727839600914,62.7351477351877));
#1461=CARTESIAN_POINT('Ctrl Pts',(-27.8241929606571,-40.9538567064781,62.3529132176438));
#1462=CARTESIAN_POINT('Ctrl Pts',(-32.9830900680573,-36.9696041103622,61.5237972279043));
#1463=CARTESIAN_POINT('Ctrl Pts',(-35.5226797663909,-34.5365747698719,61.0788798784198));
#1464=CARTESIAN_POINT('Ctrl Pts',(-41.512009149992,-27.4326931650121,59.8967325028892));
#1465=CARTESIAN_POINT('Ctrl Pts',(-44.4353289324959,-22.3896641669867,59.1665222413511));
#1466=CARTESIAN_POINT('Ctrl Pts',(-46.42,-16.9564147153813,58.4307144113814));
#1467=CARTESIAN_POINT('Ctrl Pts',(45.2715268290839,19.7606393314094,39.0654041218961));
#1468=CARTESIAN_POINT('Ctrl Pts',(42.8378239112477,25.4402430323824,39.8515589691912));
#1469=CARTESIAN_POINT('Ctrl Pts',(39.3366926089998,30.6730955897398,40.6388042633857));
#1470=CARTESIAN_POINT('Ctrl Pts',(29.1290290069717,41.0084123719623,42.4867965739733));
#1471=CARTESIAN_POINT('Ctrl Pts',(21.7464139934497,45.4326115690352,43.5481833461177));
#1472=CARTESIAN_POINT('Ctrl Pts',(5.70939226603818,50.169860668769,45.6754832625129));
#1473=CARTESIAN_POINT('Ctrl Pts',(-2.92284717477809,50.4766643562767,46.7406820927303));
#1474=CARTESIAN_POINT('Ctrl Pts',(-19.3142574705543,46.8605839599685,48.8760529888906));
#1475=CARTESIAN_POINT('Ctrl Pts',(-27.0473018529582,42.9438514864366,49.94503027618));
#1476=CARTESIAN_POINT('Ctrl Pts',(-39.6975684927464,31.8156817275262,52.0883717653775));
#1477=CARTESIAN_POINT('Ctrl Pts',(-44.5920909182222,24.6247262343712,53.1610963087995));
#1478=CARTESIAN_POINT('Ctrl Pts',(-47.6234122347169,16.1895485360316,54.3012821336197));
#1479=CARTESIAN_POINT('Ctrl Pts',(-47.787884794832,15.7086606366201,54.3659383532502));
#1480=CARTESIAN_POINT('Ctrl Pts',(-47.9449321634018,15.2253693683044,54.4305942585225));
#1481=CARTESIAN_POINT('Ctrl Pts',(44.773629903345,19.54675907831,39.0689863928363));
#1482=CARTESIAN_POINT('Ctrl Pts',(42.3661330964441,25.1652142654213,39.8466078775142));
#1483=CARTESIAN_POINT('Ctrl Pts',(38.9017122091087,30.342980208324,40.6257031099011));
#1484=CARTESIAN_POINT('Ctrl Pts',(28.8061797971844,40.5649588564169,42.4533545185555));
#1485=CARTESIAN_POINT('Ctrl Pts',(21.4996940634466,44.9436232588835,43.5038422564364));
#1486=CARTESIAN_POINT('Ctrl Pts',(5.63715624127943,49.6293416453236,45.6079816325222));
#1487=CARTESIAN_POINT('Ctrl Pts',(-2.90698580115033,49.9331597351746,46.6623403742422));
#1488=CARTESIAN_POINT('Ctrl Pts',(-19.1222882790824,46.3559269933097,48.7747601034795));
#1489=CARTESIAN_POINT('Ctrl Pts',(-26.7776283501438,42.4787650442544,49.8330119480747));
#1490=CARTESIAN_POINT('Ctrl Pts',(-39.2941969746632,31.468170537461,51.9537050755137));
#1491=CARTESIAN_POINT('Ctrl Pts',(-44.1406236547336,24.3483488785368,53.0158549830664));
#1492=CARTESIAN_POINT('Ctrl Pts',(-47.1404252212978,16.0004345573026,54.1442743858572));
#1493=CARTESIAN_POINT('Ctrl Pts',(-47.3032079526452,15.524505676106,54.2082616823867));
#1494=CARTESIAN_POINT('Ctrl Pts',(-47.4586432752907,15.0461776691486,54.2722516039899));
#1495=CARTESIAN_POINT('Ctrl Pts',(44.2848325767962,19.3161389880445,39.2216762525663));
#1496=CARTESIAN_POINT('Ctrl Pts',(41.9034323599531,24.8736526942818,39.9907943148815));
#1497=CARTESIAN_POINT('Ctrl Pts',(38.4758083123235,29.9961134974737,40.7617110868373));
#1498=CARTESIAN_POINT('Ctrl Pts',(28.4934846347197,40.1036475406247,42.5688237189292));
#1499=CARTESIAN_POINT('Ctrl Pts',(21.26446369559,44.4357369603725,43.6082059514638));
#1500=CARTESIAN_POINT('Ctrl Pts',(5.5812091034195,49.0685091819033,45.6885476953835));
#1501=CARTESIAN_POINT('Ctrl Pts',(-2.87160929328482,49.3690199762121,46.7316682876707));
#1502=CARTESIAN_POINT('Ctrl Pts',(-18.9027877636898,45.8324068991146,48.8200921137919));
#1503=CARTESIAN_POINT('Ctrl Pts',(-26.476065312711,41.9967938853491,49.8670302551293));
#1504=CARTESIAN_POINT('Ctrl Pts',(-38.8503928863936,31.111295794954,51.9636274259493));
#1505=CARTESIAN_POINT('Ctrl Pts',(-43.6450135445889,24.0677058344372,53.0144263154793));
#1506=CARTESIAN_POINT('Ctrl Pts',(-46.6106949827619,15.8142992645422,54.1301040377759));
#1507=CARTESIAN_POINT('Ctrl Pts',(-46.771644979883,15.3437458335112,54.1933661687573));
#1508=CARTESIAN_POINT('Ctrl Pts',(-46.9253316024259,14.8707998127772,54.2566338954397));
#1509=CARTESIAN_POINT('Ctrl Pts',(43.8738773819147,19.1012125625654,39.502000000083));
#1510=CARTESIAN_POINT('Ctrl Pts',(41.5147853879735,24.6065827647758,40.2638433109917));
#1511=CARTESIAN_POINT('Ctrl Pts',(38.1188836727411,29.6812822043674,41.0277005023563));
#1512=CARTESIAN_POINT('Ctrl Pts',(28.2349158544574,39.6893725176437,42.8169667713102));
#1513=CARTESIAN_POINT('Ctrl Pts',(21.0738141498069,43.9803876470887,43.8465963758419));
#1514=CARTESIAN_POINT('Ctrl Pts',(5.54941430773677,48.5662489879107,45.9058518442263));
#1515=CARTESIAN_POINT('Ctrl Pts',(-2.82168761327476,48.8635952799666,46.938914992385));
#1516=CARTESIAN_POINT('Ctrl Pts',(-18.6866348853848,45.3636579857506,49.005674505824));
#1517=CARTESIAN_POINT('Ctrl Pts',(-26.1850231428422,41.5657343646725,50.0422999836561));
#1518=CARTESIAN_POINT('Ctrl Pts',(-38.4285820285373,30.7952491218287,52.1167442063288));
#1519=CARTESIAN_POINT('Ctrl Pts',(-43.1749571060557,23.8222864431308,53.1570086539588));
#1520=CARTESIAN_POINT('Ctrl Pts',(-46.1087193528414,15.657323843919,54.2607634297044));
#1521=CARTESIAN_POINT('Ctrl Pts',(-46.2679522165924,15.1918042610597,54.3233464173394));
#1522=CARTESIAN_POINT('Ctrl Pts',(-46.4199999997764,14.7239002507584,54.3859375459433));
#1523=CARTESIAN_POINT('',(43.8738773820057,19.1012125626227,39.5020000000098));
#1524=CARTESIAN_POINT('',(-46.4199999999404,14.723900250828,54.3859375459088));
#1525=CARTESIAN_POINT('Ctrl Pts',(43.8728095892568,19.1011502081693,39.4991437036995));
#1526=CARTESIAN_POINT('Ctrl Pts',(41.5130125607054,24.6060471896211,40.2611512397072));
#1527=CARTESIAN_POINT('Ctrl Pts',(38.118547257142,29.6812916706622,41.0246840747785));
#1528=CARTESIAN_POINT('Ctrl Pts',(28.2339944838147,39.6890296393678,42.8140717491165));
#1529=CARTESIAN_POINT('Ctrl Pts',(21.0733438363376,43.9799682080339,43.8436373884326));
#1530=CARTESIAN_POINT('Ctrl Pts',(5.54888140821394,48.5657513930469,45.9028980113669));
#1531=CARTESIAN_POINT('Ctrl Pts',(-2.82195010394735,48.8631333635817,46.9359329802071));
#1532=CARTESIAN_POINT('Ctrl Pts',(-18.6869326632077,45.363146965298,49.0026907673099));
#1533=CARTESIAN_POINT('Ctrl Pts',(-26.1851486560658,41.5653602732283,50.0392946962221));
#1534=CARTESIAN_POINT('Ctrl Pts',(-38.4288156499701,30.7948029949982,52.1137374389291));
#1535=CARTESIAN_POINT('Ctrl Pts',(-43.1750416383621,23.8220026438838,53.1539938266927));
#1536=CARTESIAN_POINT('Ctrl Pts',(-46.1091907262539,15.6570375684808,54.2577201694377));
#1537=CARTESIAN_POINT('Ctrl Pts',(-46.2683841684179,15.1915297725285,54.3203023624567));
#1538=CARTESIAN_POINT('Ctrl Pts',(-46.4204051060752,14.7236247936645,54.3828944723817));
#1539=CARTESIAN_POINT('',(43.8120337577676,22.8657407054361,39.502));
#1540=CARTESIAN_POINT('Ctrl Pts',(43.8120337577675,22.8657407054361,39.502));
#1541=CARTESIAN_POINT('Ctrl Pts',(43.7704965485873,22.8453037444726,39.502));
#1542=CARTESIAN_POINT('Ctrl Pts',(43.7338143190176,22.8177978150514,39.502));
#1543=CARTESIAN_POINT('Ctrl Pts',(43.6577960321651,22.7390538544563,39.502));
#1544=CARTESIAN_POINT('Ctrl Pts',(43.6239110300152,22.6847702765267,39.502));
#1545=CARTESIAN_POINT('Ctrl Pts',(43.5493248485491,22.5248741517903,39.502));
#1546=CARTESIAN_POINT('Ctrl Pts',(43.5216031399279,22.4053731778175,39.502));
#1547=CARTESIAN_POINT('Ctrl Pts',(43.4662109004855,22.0307216823198,39.502));
#1548=CARTESIAN_POINT('Ctrl Pts',(43.4723492187909,21.6996244561192,39.502));
#1549=CARTESIAN_POINT('Ctrl Pts',(43.5623917059347,20.7255311269066,39.502));
#1550=CARTESIAN_POINT('Ctrl Pts',(43.6951318171553,19.9774347209127,39.502));
#1551=CARTESIAN_POINT('Ctrl Pts',(43.8738773820363,19.101212562629,39.502));
#1552=CARTESIAN_POINT('',(-46.42,16.9564147153813,54.0269823453684));
#1553=CARTESIAN_POINT('Ctrl Pts',(-46.42,16.9564147153813,54.0269823453684));
#1554=CARTESIAN_POINT('Ctrl Pts',(-45.945033730388,18.2566857104867,53.850870511961));
#1555=CARTESIAN_POINT('Ctrl Pts',(-45.4148600555399,19.5385776212781,53.6745269019186));
#1556=CARTESIAN_POINT('Ctrl Pts',(-44.2147353733023,22.1253956460764,53.3117300282287));
#1557=CARTESIAN_POINT('Ctrl Pts',(-43.5405390303767,23.4242914200627,53.1257449356726));
#1558=CARTESIAN_POINT('Ctrl Pts',(-39.4802175463094,30.4640495644827,52.0919967115962));
#1559=CARTESIAN_POINT('Ctrl Pts',(-35.0172277592689,35.5040760273687,51.25278348114));
#1560=CARTESIAN_POINT('Ctrl Pts',(-28.5238334505713,40.3838420520831,50.2193835817429));
#1561=CARTESIAN_POINT('Ctrl Pts',(-27.3196086158446,41.2080425338617,50.0339224814696));
#1562=CARTESIAN_POINT('Ctrl Pts',(-20.4681916609208,45.4648128197704,49.0078715498318));
#1563=CARTESIAN_POINT('Ctrl Pts',(-14.2129354957013,47.7910902829263,48.1756774565949));
#1564=CARTESIAN_POINT('Ctrl Pts',(-4.71944943986397,49.2857032000423,46.9529673138914));
#1565=CARTESIAN_POINT('Ctrl Pts',(-1.7166904237245,49.4813781567577,46.5717756242455));
#1566=CARTESIAN_POINT('Ctrl Pts',(4.82351531293208,49.3112389648189,45.7395973012361));
#1567=CARTESIAN_POINT('Ctrl Pts',(8.34172413530526,48.8393297970171,45.2906053636202));
#1568=CARTESIAN_POINT('Ctrl Pts',(17.337258965497,46.6316238229666,44.1121694833117));
#1569=CARTESIAN_POINT('Ctrl Pts',(22.6163570321644,44.3124076049176,43.3895996942533));
#1570=CARTESIAN_POINT('Ctrl Pts',(31.0136058706145,38.723848174975,42.1065112829526));
#1571=CARTESIAN_POINT('Ctrl Pts',(34.3103182048501,35.8354868409289,41.553706132949));
#1572=CARTESIAN_POINT('Ctrl Pts',(38.4154760230776,31.1460891625104,40.7607730242793));
#1573=CARTESIAN_POINT('Ctrl Pts',(39.565495982106,29.6715219829868,40.5232566864579));
#1574=CARTESIAN_POINT('Ctrl Pts',(41.7986624755816,26.4466903557026,40.0242910535124));
#1575=CARTESIAN_POINT('Ctrl Pts',(42.8616512662709,24.6867265347008,39.7632842159988));
#1576=CARTESIAN_POINT('Ctrl Pts',(43.8120337577675,22.8657407054362,39.502));
#1577=CARTESIAN_POINT('Ctrl Pts',(-46.42,14.7239002508235,54.3859375458861));
#1578=CARTESIAN_POINT('Ctrl Pts',(-46.42,15.4798810390337,54.2361052797722));
#1579=CARTESIAN_POINT('Ctrl Pts',(-46.42,16.2266458439241,54.1140592168909));
#1580=CARTESIAN_POINT('Ctrl Pts',(-46.42,16.9564147153813,54.0269823453684));
#1581=CARTESIAN_POINT('Ctrl Pts',(42.4779435628783,-21.4213717831655,34.1709375082983));
#1582=CARTESIAN_POINT('Ctrl Pts',(44.24285144745,-17.9765159142583,34.6633670164894));
#1583=CARTESIAN_POINT('Ctrl Pts',(45.5926856369781,-14.3162516970256,35.1564584160877));
#1584=CARTESIAN_POINT('Ctrl Pts',(48.2979204016847,-2.74512416570742,36.6678568395195));
#1585=CARTESIAN_POINT('Ctrl Pts',(48.1132283283429,5.54733377003601,37.6909623153507));
#1586=CARTESIAN_POINT('Ctrl Pts',(43.750873493015,21.0192676133049,39.735872192699));
#1587=CARTESIAN_POINT('Ctrl Pts',(39.5690923414668,28.2126693213649,40.7620937933076));
#1588=CARTESIAN_POINT('Ctrl Pts',(28.2339944838147,39.6890296393678,42.8140717491165));
#1589=CARTESIAN_POINT('Ctrl Pts',(21.0733438363376,43.9799682080339,43.8436373884326));
#1590=CARTESIAN_POINT('Ctrl Pts',(5.54888140821394,48.5657513930469,45.9028980113669));
#1591=CARTESIAN_POINT('Ctrl Pts',(-2.82195010394735,48.8631333635817,46.9359329802071));
#1592=CARTESIAN_POINT('Ctrl Pts',(-18.6869326632077,45.363146965298,49.0026907673099));
#1593=CARTESIAN_POINT('Ctrl Pts',(-26.1851486560658,41.5653602732283,50.0392946962221));
#1594=CARTESIAN_POINT('Ctrl Pts',(-38.4288156499701,30.7948029949982,52.1137374389291));
#1595=CARTESIAN_POINT('Ctrl Pts',(-43.1750416383621,23.8220026438838,53.1539938266927));
#1596=CARTESIAN_POINT('Ctrl Pts',(-48.7105930155665,8.4180193035392,55.2362785687502));
#1597=CARTESIAN_POINT('Ctrl Pts',(-49.4994114797096,-0.0102431910406903,
56.2802557418716));
#1598=CARTESIAN_POINT('Ctrl Pts',(-46.8924752609604,-16.233125950545,58.3705077679945));
#1599=CARTESIAN_POINT('Ctrl Pts',(-43.4982731901673,-24.0214202848107,59.4182587476556));
#1600=CARTESIAN_POINT('Ctrl Pts',(-33.3379323222676,-37.0149094755984,61.5165710857814));
#1601=CARTESIAN_POINT('Ctrl Pts',(-26.5784454836521,-42.2124822054181,62.5681333647877));
#1602=CARTESIAN_POINT('Ctrl Pts',(-11.3458648337144,-48.7040931237313,64.6745664639491));
#1603=CARTESIAN_POINT('Ctrl Pts',(-2.88562563234343,-49.9932589020249,65.7299618306294));
#1604=CARTESIAN_POINT('Ctrl Pts',(13.6511411138602,-48.3102065004013,67.8445433681725));
#1605=CARTESIAN_POINT('Ctrl Pts',(21.7104348670981,-45.3403112409722,68.9037777971822));
#1606=CARTESIAN_POINT('Ctrl Pts',(35.4282122580059,-35.8402237986293,71.0265026082345));
#1607=CARTESIAN_POINT('Ctrl Pts',(41.0697380175187,-29.322470033689,72.0895662220117));
#1608=CARTESIAN_POINT('Ctrl Pts',(48.5183374814773,-14.3198886309704,74.2203963493368));
#1609=CARTESIAN_POINT('Ctrl Pts',(50.3149617298475,-5.85739372907538,75.2872634512909));
#1610=CARTESIAN_POINT('Ctrl Pts',(49.5852326628443,10.9398091012327,77.4261283143521));
#1611=CARTESIAN_POINT('Ctrl Pts',(47.0606737814907,19.246319648516,78.4967574940193));
#1612=CARTESIAN_POINT('Ctrl Pts',(38.273891804805,33.6536447239255,80.6435541761786));
#1613=CARTESIAN_POINT('Ctrl Pts',(32.0287097963373,39.7275971625549,81.7178884859594));
#1614=CARTESIAN_POINT('Ctrl Pts',(17.3216308379632,48.1271279250014,83.8724821387769));
#1615=CARTESIAN_POINT('Ctrl Pts',(8.89066966033478,50.4356732984404,84.9504493412881));
#1616=CARTESIAN_POINT('Ctrl Pts',(-8.10410817598979,50.68550277601,87.1126737049084));
#1617=CARTESIAN_POINT('Ctrl Pts',(-16.6291727885963,48.6267547840836,88.1941865894141));
#1618=CARTESIAN_POINT('Ctrl Pts',(-31.6813488313413,40.6076791298521,90.3638446280342));
#1619=CARTESIAN_POINT('Ctrl Pts',(-38.1715426222646,34.6676089963477,91.4488013938811));
#1620=CARTESIAN_POINT('Ctrl Pts',(-47.5075657979999,20.3272336427106,93.6256660452534));
#1621=CARTESIAN_POINT('Ctrl Pts',(-50.3290584525293,11.9652274438377,94.7139507497309));
#1622=CARTESIAN_POINT('Ctrl Pts',(-51.5796824089367,-5.15536452645383,96.8977657875767));
#1623=CARTESIAN_POINT('Ctrl Pts',(-50.0057543700499,-13.8655065005176,97.9892488551655));
#1624=CARTESIAN_POINT('Ctrl Pts',(-42.8082687220076,-29.5075836892533,100.179729863216));
#1625=CARTESIAN_POINT('Ctrl Pts',(-37.2066865199903,-36.3928463242359,101.274268652788));
#1626=CARTESIAN_POINT('Ctrl Pts',(-23.3083296287619,-46.6414683931469,103.471104108951));
#1627=CARTESIAN_POINT('Ctrl Pts',(-15.0556765061094,-49.9728248484673,104.568543535143));
#1628=CARTESIAN_POINT('Ctrl Pts',(2.11106026158635,-52.238813936744,106.771396003978));
#1629=CARTESIAN_POINT('Ctrl Pts',(10.9683009156649,-51.1663486530318,107.871569208695));
#1630=CARTESIAN_POINT('Ctrl Pts',(27.135266281402,-44.8418638725148,110.080076639993));
#1631=CARTESIAN_POINT('Ctrl Pts',(34.3893350879778,-39.6120193627683,111.182805709794));
#1632=CARTESIAN_POINT('Ctrl Pts',(45.5165355293487,-26.2332345479695,113.396582840565));
#1633=CARTESIAN_POINT('Ctrl Pts',(49.3500506290946,-18.1324712164667,114.501679565562));
#1634=CARTESIAN_POINT('Ctrl Pts',(52.6378804547307,-1.00574136493407,116.720319422179));
#1635=CARTESIAN_POINT('Ctrl Pts',(52.080320264513,7.95666268550243,117.827586092018));
#1636=CARTESIAN_POINT('Ctrl Pts',(46.6758447266176,24.5741238811169,120.050661588628));
#1637=CARTESIAN_POINT('Ctrl Pts',(41.8498596680084,32.165781089404,121.159891821139));
#1638=CARTESIAN_POINT('Ctrl Pts',(29.0683754672452,44.1271965293818,123.386957449728));
#1639=CARTESIAN_POINT('Ctrl Pts',(21.163202453352,48.4502285505956,124.497937047896));
#1640=CARTESIAN_POINT('Ctrl Pts',(4.16732112397274,52.7571804087514,126.728530654675));
#1641=CARTESIAN_POINT('Ctrl Pts',(-4.85510616506029,52.7240522817096,127.841038487711));
#1642=CARTESIAN_POINT('Ctrl Pts',(-21.8404473306267,48.2804030149802,130.074683129673));
#1643=CARTESIAN_POINT('Ctrl Pts',(-29.7338911987101,43.8882893706363,131.188492034139));
#1644=CARTESIAN_POINT('Ctrl Pts',(-42.4750854368956,31.779870145494,133.424697908842));
#1645=CARTESIAN_POINT('Ctrl Pts',(-47.2699619974723,24.1140950745731,134.539575605983));
#1646=CARTESIAN_POINT('Ctrl Pts',(-52.5834294053653,7.34252569540268,136.777842046831));
#1647=CARTESIAN_POINT('Ctrl Pts',(-53.0797942018214,-1.69249855977654,137.893552072495));
#1648=CARTESIAN_POINT('Ctrl Pts',(-49.6300562211627,-18.956457779637,140.133369601017));
#1649=CARTESIAN_POINT('Ctrl Pts',(-45.6988117065937,-27.1118935293529,141.249672244783));
#1650=CARTESIAN_POINT('Ctrl Pts',(-34.335162756223,-40.5691133487707,143.490524670666));
#1651=CARTESIAN_POINT('Ctrl Pts',(-26.9516205274269,-45.8132681430464,144.607177921046));
#1652=CARTESIAN_POINT('Ctrl Pts',(-10.4982137037799,-52.1105202242898,146.848544480085));
#1653=CARTESIAN_POINT('Ctrl Pts',(-1.49926773738187,-53.1366204340107,147.965304972873));
#1654=CARTESIAN_POINT('Ctrl Pts',(15.9493230251759,-50.7049475610741,150.206662492381));
#1655=CARTESIAN_POINT('Ctrl Pts',(24.3237445488655,-47.2577803337016,151.323286459465));
#1656=CARTESIAN_POINT('Ctrl Pts',(38.4251305222227,-36.7046156415024,153.564111540279));
#1657=CARTESIAN_POINT('Ctrl Pts',(44.0914670302003,-29.6441245451465,154.680355756356));
#1658=CARTESIAN_POINT('Ctrl Pts',(51.3398915142617,-13.6008381139646,156.920126960229));
#1659=CARTESIAN_POINT('Ctrl Pts',(52.8910193700592,-4.68679389397306,158.035749685057));
#1660=CARTESIAN_POINT('Ctrl Pts',(51.4918494387198,12.8498819438265,160.273949716029));
#1661=CARTESIAN_POINT('Ctrl Pts',(48.5475750826504,21.3980045132195,161.388711629896));
#1662=CARTESIAN_POINT('Ctrl Pts',(38.8629575184817,36.0651962819938,163.624829498178));
#1663=CARTESIAN_POINT('Ctrl Pts',(32.1633671182155,42.1226612298085,164.738494628358));
#1664=CARTESIAN_POINT('Ctrl Pts',(16.6180669573325,50.280479242399,166.972027785351));
#1665=CARTESIAN_POINT('Ctrl Pts',(7.83678926131725,52.3470736557773,168.08436442129));
#1666=CARTESIAN_POINT('Ctrl Pts',(-9.69115503549775,51.9848052749639,170.314820854597));
#1667=CARTESIAN_POINT('Ctrl Pts',(-18.3664508928787,49.5574483282506,171.425602449539));
#1668=CARTESIAN_POINT('Ctrl Pts',(-33.5165000456953,40.7904959679322,173.652502727181));
#1669=CARTESIAN_POINT('Ctrl Pts',(-39.9308371333422,34.4858763748036,174.761508783862));
#1670=CARTESIAN_POINT('Ctrl Pts',(-48.9482512961457,19.5203402999896,176.984388037403));
#1671=CARTESIAN_POINT('Ctrl Pts',(-51.5162183232215,10.9176795646553,178.091404975316));
#1672=CARTESIAN_POINT('Ctrl Pts',(-52.1853669415331,-6.50673407257841,180.309814812228));
#1673=CARTESIAN_POINT('Ctrl Pts',(-50.2839867663354,-15.2625169582712,181.4146368138));
#1674=CARTESIAN_POINT('Ctrl Pts',(-42.4740160347645,-30.8099999904752,183.628147150088));
#1675=CARTESIAN_POINT('Ctrl Pts',(-36.5940295824586,-37.5446436982441,184.730576982961));
#1676=CARTESIAN_POINT('Ctrl Pts',(-22.282264248908,-47.3653527512762,186.938777787873));
#1677=CARTESIAN_POINT('Ctrl Pts',(-13.9011064338453,-50.4165908951831,188.038627600273));
#1678=CARTESIAN_POINT('Ctrl Pts',(3.32915273231823,-52.1024109371947,190.241130545766));
#1679=CARTESIAN_POINT('Ctrl Pts',(12.1196542125998,-50.7311583775538,191.338222631785));
#1680=CARTESIAN_POINT('Ctrl Pts',(27.978864920333,-43.9073065551488,193.534662640309));
#1681=CARTESIAN_POINT('Ctrl Pts',(34.995925467673,-38.4767923055254,194.628830171744));
#1682=CARTESIAN_POINT('Ctrl Pts',(45.5589149413635,-24.8837527188803,196.818866856814));
#1683=CARTESIAN_POINT('Ctrl Pts',(49.0720141088738,-16.7632233365367,197.909954578074));
#1684=CARTESIAN_POINT('Ctrl Pts',(51.7515438407601,0.188341864068971,200.093273573018));
#1685=CARTESIAN_POINT('Ctrl Pts',(50.9099414145339,8.9697219428869,201.181138455485));
#1686=CARTESIAN_POINT('Ctrl Pts',(45.0912798873759,25.0568179815522,203.357452626602));
#1687=CARTESIAN_POINT('Ctrl Pts',(40.1300692381116,32.3181021952084,204.441964478789));
#1688=CARTESIAN_POINT('Ctrl Pts',(27.3108439798319,43.5596033578515,206.611015020028));
#1689=CARTESIAN_POINT('Ctrl Pts',(19.4857067202231,47.5106753146535,207.692057049845));
#1690=CARTESIAN_POINT('Ctrl Pts',(2.88973256159707,51.154134156901,209.853614456855));
#1691=CARTESIAN_POINT('Ctrl Pts',(-5.84150460934903,50.8375590655945,210.93108378235));
#1692=CARTESIAN_POINT('Ctrl Pts',(-22.076486867037,46.0336770668612,213.084948704471));
#1693=CARTESIAN_POINT('Ctrl Pts',(-29.544496339245,41.5566453915195,214.158756809529));
#1694=CARTESIAN_POINT('Ctrl Pts',(-41.3999957629932,29.5561403018033,216.304760778911));
#1695=CARTESIAN_POINT('Ctrl Pts',(-45.7635851450363,22.056420014216,217.374833910571));
#1696=CARTESIAN_POINT('Ctrl Pts',(-50.3360312720052,5.88416321341413,219.51283994811));
#1697=CARTESIAN_POINT('Ctrl Pts',(-50.5363679515945,-2.75944863886857,220.579119452402));
#1698=CARTESIAN_POINT('Ctrl Pts',(-46.7483768686675,-19.0678637199368,222.709022550644));
#1699=CARTESIAN_POINT('Ctrl Pts',(-42.7657221089577,-26.7067117228798,223.771465144173));
#1700=CARTESIAN_POINT('Ctrl Pts',(-31.6188434882276,-39.1128915995127,225.893192627667));
#1701=CARTESIAN_POINT('Ctrl Pts',(-24.4696904164431,-43.8629106526048,226.951770602542));
#1702=CARTESIAN_POINT('Ctrl Pts',(-8.77985930435481,-49.3260511721922,229.06528236634));
#1703=CARTESIAN_POINT('Ctrl Pts',(-0.257304506711672,-50.0324692337481,
230.119983726483));
#1704=CARTESIAN_POINT('Ctrl Pts',(16.0569695686113,-47.2543518641499,232.225272353723));
#1705=CARTESIAN_POINT('Ctrl Pts',(23.8331621222307,-43.7720770352141,233.276100881069));
#1706=CARTESIAN_POINT('Ctrl Pts',(36.7296565167493,-33.5043847764555,235.373191640603));
#1707=CARTESIAN_POINT('Ctrl Pts',(41.8402844120233,-26.7261824165696,236.420166890238));
#1708=CARTESIAN_POINT('Ctrl Pts',(48.1543218228498,-11.5679230796777,238.509117615366));
#1709=CARTESIAN_POINT('Ctrl Pts',(49.354126894938,-3.19553103101491,239.552274839192));
#1710=CARTESIAN_POINT('Ctrl Pts',(47.5743357613893,13.0648038858638,241.633175688551));
#1711=CARTESIAN_POINT('Ctrl Pts',(44.5948993546493,20.9478382373462,242.67256568763));
#1712=CARTESIAN_POINT('Ctrl Pts',(35.223672693928,34.2787019846776,244.74553878926));
#1713=CARTESIAN_POINT('Ctrl Pts',(28.8323763307601,39.725191246331,245.781227695582));
#1714=CARTESIAN_POINT('Ctrl Pts',(14.2456235467158,46.8505883126911,247.846426675183));
#1715=CARTESIAN_POINT('Ctrl Pts',(6.04814712223122,48.530088292124,248.878495664147));
#1716=CARTESIAN_POINT('Ctrl Pts',(-10.1066411694573,47.7332831221771,250.936105058524));
#1717=CARTESIAN_POINT('Ctrl Pts',(-18.0693863953641,45.2563704462063,251.964649993988));
#1718=CARTESIAN_POINT('Ctrl Pts',(-31.7841903706078,36.7920055518097,254.014884550702));
#1719=CARTESIAN_POINT('Ctrl Pts',(-37.5435287544127,30.7996835916247,255.040015564949));
#1720=CARTESIAN_POINT('Ctrl Pts',(-45.4425791742096,16.8159709515245,257.083119429253));
#1721=CARTESIAN_POINT('Ctrl Pts',(-47.5879072941523,8.81402825475798,258.104960440716));
#1722=CARTESIAN_POINT('Ctrl Pts',(-47.7567144293999,-7.19171472179418,260.141206230993));
#1723=CARTESIAN_POINT('Ctrl Pts',(-45.7800750206184,-15.2105534099071,261.159894402983));
#1724=CARTESIAN_POINT('Ctrl Pts',(-38.2277152931323,-29.2650415171337,263.189582176067));
#1725=CARTESIAN_POINT('Ctrl Pts',(-32.6432522347796,-35.3164272531888,264.205267320127));
#1726=CARTESIAN_POINT('Ctrl Pts',(-19.2869196716627,-43.9545311194789,266.228723428202));
#1727=CARTESIAN_POINT('Ctrl Pts',(-11.4974370259992,-46.5523702711527,267.241567355978));
#1728=CARTESIAN_POINT('Ctrl Pts',(4.32330433893921,-47.6690462194356,269.25914319708));
#1729=CARTESIAN_POINT('Ctrl Pts',(12.3780301687421,-46.1893383496959,270.269319024865));
#1730=CARTESIAN_POINT('Ctrl Pts',(26.7342987464014,-39.5506256461935,272.281389689451));
#1731=CARTESIAN_POINT('Ctrl Pts',(33.0593996354666,-34.3805351202811,273.289081099672));
#1732=CARTESIAN_POINT('Ctrl Pts',(42.4059602329064,-21.6702496286766,275.296043916283));
#1733=CARTESIAN_POINT('Ctrl Pts',(45.4441199149837,-14.1070949594586,276.301444380309));
#1734=CARTESIAN_POINT('Ctrl Pts',(47.492007483481,1.49922047605288,278.303717363907));
#1735=CARTESIAN_POINT('Ctrl Pts',(46.5055908749155,9.57270261454646,279.307029330583));
#1736=CARTESIAN_POINT('Ctrl Pts',(40.780419361507,24.1988911539986,281.305049537857));
#1737=CARTESIAN_POINT('Ctrl Pts',(36.0297090209417,30.7818724922417,282.30648359208));
#1738=CARTESIAN_POINT('Ctrl Pts',(23.9801961192804,40.8107538299929,284.300705388732));
#1739=CARTESIAN_POINT('Ctrl Pts',(16.6549561893026,44.2785613285392,285.300479384333));
#1740=CARTESIAN_POINT('Ctrl Pts',(1.28734640297321,47.2432396487456,287.291372630101));
#1741=CARTESIAN_POINT('Ctrl Pts',(-6.79029380801783,46.7468617126302,288.289710801114));
#1742=CARTESIAN_POINT('Ctrl Pts',(-21.6598058008056,41.9350161296322,290.27775895912));
#1743=CARTESIAN_POINT('Ctrl Pts',(-28.4871272775833,37.608043758692,291.274891013342));
#1744=CARTESIAN_POINT('Ctrl Pts',(-39.1766390762988,26.2319142062772,293.260589191105));
#1745=CARTESIAN_POINT('Ctrl Pts',(-43.0651190899474,19.1547607469401,294.256749389623));
#1746=CARTESIAN_POINT('Ctrl Pts',(-46.9351680268798,4.04666515980779,296.24060231988));
#1747=CARTESIAN_POINT('Ctrl Pts',(-46.926496797331,-4.02235595930787,297.236028546046));
#1748=CARTESIAN_POINT('Ctrl Pts',(-43.0290639533347,-19.112658803512,299.218548516231));
#1749=CARTESIAN_POINT('Ctrl Pts',(-39.1303259645284,-26.1726552156399,300.213481337271));
#1750=CARTESIAN_POINT('Ctrl Pts',(-28.439875498436,-37.5050625371226,302.195186077209));
#1751=CARTESIAN_POINT('Ctrl Pts',(-21.6204608303806,-41.8068934312044,303.189867801466));
#1752=CARTESIAN_POINT('Ctrl Pts',(-6.7910659919738,-46.5742176347457,305.171278339392));
#1753=CARTESIAN_POINT('Ctrl Pts',(1.2575482308169,-47.052185307278,306.165952071985));
#1754=CARTESIAN_POINT('Ctrl Pts',(16.5486294656723,-44.072641713265,308.147590569524));
#1755=CARTESIAN_POINT('Ctrl Pts',(23.8309033936121,-40.60744080625,309.142499268951));
#1756=CARTESIAN_POINT('Ctrl Pts',(35.7914898981463,-30.6163012402613,311.124886846158));
#1757=CARTESIAN_POINT('Ctrl Pts',(40.5007391181118,-24.0646234649052,312.120272384028));
#1758=CARTESIAN_POINT('Ctrl Pts',(46.1604260690438,-9.53339542110542,314.103926946403));
#1759=CARTESIAN_POINT('Ctrl Pts',(47.1253597700622,-1.51688348000501,315.100029170594));
#1760=CARTESIAN_POINT('Ctrl Pts',(45.0702591669462,13.955697935136,317.085463254467));
#1761=CARTESIAN_POINT('Ctrl Pts',(42.0452065045917,21.4503638174968,318.082519043088));
#1762=CARTESIAN_POINT('Ctrl Pts',(32.769735487413,34.0261084291442,320.070237728035));
#1763=CARTESIAN_POINT('Ctrl Pts',(26.4969152414087,39.1377635958625,321.068479925737));
#1764=CARTESIAN_POINT('Ctrl Pts',(12.285427629265,45.6874813606419,323.058979102546));
#1765=CARTESIAN_POINT('Ctrl Pts',(4.31351635194078,47.141012235063,324.058634519011));
#1766=CARTESIAN_POINT('Ctrl Pts',(-11.3200912251776,46.0202217086022,326.052401594938));
#1767=CARTESIAN_POINT('Ctrl Pts',(-19.0169830559582,43.4435446169081,327.053681915968));
#1768=CARTESIAN_POINT('Ctrl Pts',(-32.1947743179156,34.9038445670297,329.051215026593));
#1769=CARTESIAN_POINT('Ctrl Pts',(-37.7045852062983,28.9228031705336,330.054252309192));
#1770=CARTESIAN_POINT('Ctrl Pts',(-43.9000245480865,17.3720164910238,331.721903125552));
#1771=CARTESIAN_POINT('Ctrl Pts',(-45.5917919685443,12.3203630786361,332.389954558573));
#1772=CARTESIAN_POINT('Ctrl Pts',(-46.4180681126426,7.13115260010742,333.058630420436));
#1773=CARTESIAN_POINT('Ctrl Pts',(41.816579167799,-21.1602578241161,34.714694223444));
#1774=CARTESIAN_POINT('Ctrl Pts',(43.5559628324598,-17.7652278075365,35.2000055017891));
#1775=CARTESIAN_POINT('Ctrl Pts',(44.8858762373788,-14.1586033449535,35.6860090953329));
#1776=CARTESIAN_POINT('Ctrl Pts',(47.5500929914116,-2.76403741215595,37.1742073159528));
#1777=CARTESIAN_POINT('Ctrl Pts',(47.3673657023893,5.40678463463746,38.182409533787));
#1778=CARTESIAN_POINT('Ctrl Pts',(43.0743035330613,20.6331357310117,40.194816439279));
#1779=CARTESIAN_POINT('Ctrl Pts',(38.9556830476639,27.716726208615,41.2054710678248));
#1780=CARTESIAN_POINT('Ctrl Pts',(27.8067612620198,39.0046192526192,43.2237217342659));
#1781=CARTESIAN_POINT('Ctrl Pts',(20.7583728788919,43.2276982837929,44.2371606310531));
#1782=CARTESIAN_POINT('Ctrl Pts',(5.49630878691172,47.7359890496971,46.2615928943708));
#1783=CARTESIAN_POINT('Ctrl Pts',(-2.73948501935728,48.0281442010913,47.2780118735746));
#1784=CARTESIAN_POINT('Ctrl Pts',(-18.3298935062107,44.5887472084617,49.3089796693814));
#1785=CARTESIAN_POINT('Ctrl Pts',(-25.7043495686837,40.8532481267845,50.3285463950419));
#1786=CARTESIAN_POINT('Ctrl Pts',(-37.7320719413359,30.2726709339345,52.3663822422702));
#1787=CARTESIAN_POINT('Ctrl Pts',(-42.3985050811618,23.4166064575098,53.3892494047484));
#1788=CARTESIAN_POINT('Ctrl Pts',(-47.8350141021003,8.28826210278104,55.4342584581406));
#1789=CARTESIAN_POINT('Ctrl Pts',(-48.6102477393905,0.00303368147197645,
56.4605649749382));
#1790=CARTESIAN_POINT('Ctrl Pts',(-46.0504375805841,-15.9266307972849,58.5130232428442));
#1791=CARTESIAN_POINT('Ctrl Pts',(-42.7142060436571,-23.5816113947007,59.5428939053056));
#1792=CARTESIAN_POINT('Ctrl Pts',(-32.7385835355712,-36.3388812041682,61.6030471275195));
#1793=CARTESIAN_POINT('Ctrl Pts',(-26.0951918937915,-41.4471362488768,62.636592089612));
#1794=CARTESIAN_POINT('Ctrl Pts',(-11.1400116782958,-47.8205291445298,64.7046548069877));
#1795=CARTESIAN_POINT('Ctrl Pts',(-2.82509068463481,-49.0875927485125,65.7419691073857));
#1796=CARTESIAN_POINT('Ctrl Pts',(13.4112347018406,-47.4351152178539,67.8181238610867));
#1797=CARTESIAN_POINT('Ctrl Pts',(21.3327262348609,-44.5161285390588,68.8592870071817));
#1798=CARTESIAN_POINT('Ctrl Pts',(34.8028621976782,-35.1875342959133,70.9436836599258));
#1799=CARTESIAN_POINT('Ctrl Pts',(40.3488399313516,-28.7804714055634,71.9887592800851));
#1800=CARTESIAN_POINT('Ctrl Pts',(47.6643607039629,-14.0459072843992,74.0815144589684));
#1801=CARTESIAN_POINT('Ctrl Pts',(49.4311509116309,-5.7252620802712,75.1305500259235));
#1802=CARTESIAN_POINT('Ctrl Pts',(48.714257095887,10.7761782023691,77.2317466873126));
#1803=CARTESIAN_POINT('Ctrl Pts',(46.2316441002903,18.945881461142,78.2847733146236));
#1804=CARTESIAN_POINT('Ctrl Pts',(37.59670430404,33.1042044427316,80.3944604316985));
#1805=CARTESIAN_POINT('Ctrl Pts',(31.4526478535042,39.0803965983587,81.4514927446179));
#1806=CARTESIAN_POINT('Ctrl Pts',(16.9939738606248,47.3380347265969,83.5696851181704));
#1807=CARTESIAN_POINT('Ctrl Pts',(8.69590036441079,49.6107082247533,84.6307211996209));
#1808=CARTESIAN_POINT('Ctrl Pts',(-8.01956299439956,49.856408741199,86.7573993927337));
#1809=CARTESIAN_POINT('Ctrl Pts',(-16.4144310238847,47.829685186851,87.822420804514));
#1810=CARTESIAN_POINT('Ctrl Pts',(-31.2269906136073,39.9382369072119,89.9575312017672));
#1811=CARTESIAN_POINT('Ctrl Pts',(-37.6217391033673,34.0863809233673,91.026503080493));
#1812=CARTESIAN_POINT('Ctrl Pts',(-46.8145042003838,19.9660034706723,93.1699580723506));
#1813=CARTESIAN_POINT('Ctrl Pts',(-49.5965892404452,11.7229722698116,94.2428292990526));
#1814=CARTESIAN_POINT('Ctrl Pts',(-50.8287877776213,-5.14578076318857,96.3945075920478));
#1815=CARTESIAN_POINT('Ctrl Pts',(-49.2769786533049,-13.7377869538496,97.471211033789));
#1816=CARTESIAN_POINT('Ctrl Pts',(-42.1804032211195,-29.1604868064132,99.6309580870423));
#1817=CARTESIAN_POINT('Ctrl Pts',(-36.6517505983175,-35.9574025142948,100.711410908404));
#1818=CARTESIAN_POINT('Ctrl Pts',(-22.9380525797548,-46.0698190817898,102.879039496856));
#1819=CARTESIAN_POINT('Ctrl Pts',(-14.7863044346328,-49.3613838456768,103.963143538665));
#1820=CARTESIAN_POINT('Ctrl Pts',(2.16578418210923,-51.59900818259,106.138434443178));
#1821=CARTESIAN_POINT('Ctrl Pts',(10.9219420353008,-50.5397126373481,107.226076665452));
#1822=CARTESIAN_POINT('Ctrl Pts',(26.9001312150647,-44.2890434047792,109.408779489598));
#1823=CARTESIAN_POINT('Ctrl Pts',(34.0777149638405,-39.1155381535378,110.499832475335));
#1824=CARTESIAN_POINT('Ctrl Pts',(45.0846408463845,-25.8813177031906,112.689666588298));
#1825=CARTESIAN_POINT('Ctrl Pts',(48.8815749013919,-17.860227624391,113.783989104455));
#1826=CARTESIAN_POINT('Ctrl Pts',(52.1368252826818,-0.903051113004863,115.980644708934));
#1827=CARTESIAN_POINT('Ctrl Pts',(51.5852838645054,7.97958866471167,117.078082320771));
#1828=CARTESIAN_POINT('Ctrl Pts',(46.2292013013997,24.4481610198819,119.281221644174));
#1829=CARTESIAN_POINT('Ctrl Pts',(41.442752678447,31.9796565621689,120.381607378975));
#1830=CARTESIAN_POINT('Ctrl Pts',(28.7633407857758,43.8455115963059,122.590865985512));
#1831=CARTESIAN_POINT('Ctrl Pts',(20.9145855861387,48.1389696336806,123.694021041653));
#1832=CARTESIAN_POINT('Ctrl Pts',(4.03746839755713,52.4157989082406,125.90900926213));
#1833=CARTESIAN_POINT('Ctrl Pts',(-4.92982292620533,52.3840226640217,127.014743759484));
#1834=CARTESIAN_POINT('Ctrl Pts',(-21.8138378737575,47.9668572696053,129.235048234782));
#1835=CARTESIAN_POINT('Ctrl Pts',(-29.6673322601131,43.5983145923281,130.343162002491));
#1836=CARTESIAN_POINT('Ctrl Pts',(-42.3458007107864,31.5494751776497,132.56834733582));
#1837=CARTESIAN_POINT('Ctrl Pts',(-47.1218475716476,23.9160513786148,133.67863073359));
#1838=CARTESIAN_POINT('Ctrl Pts',(-52.4147750479797,7.20924618901312,135.908241245683));
#1839=CARTESIAN_POINT('Ctrl Pts',(-52.9107919055742,-1.79744833765097,137.020476014926));
#1840=CARTESIAN_POINT('Ctrl Pts',(-49.4706561906714,-19.0132555973587,139.254037595404));
#1841=CARTESIAN_POINT('Ctrl Pts',(-45.5487956363594,-27.1520272121071,140.367997736707));
#1842=CARTESIAN_POINT('Ctrl Pts',(-34.2045259101911,-40.5862697469168,142.605019783947));
#1843=CARTESIAN_POINT('Ctrl Pts',(-26.8296733484599,-45.825753301572,143.720472457568));
#1844=CARTESIAN_POINT('Ctrl Pts',(-10.3864363714088,-52.1190950810346,145.960449898519));
#1845=CARTESIAN_POINT('Ctrl Pts',(-1.3880807954623,-53.1463613022782,147.077156344804));
#1846=CARTESIAN_POINT('Ctrl Pts',(16.0687386917756,-50.7135255909707,149.319571725376));
#1847=CARTESIAN_POINT('Ctrl Pts',(24.4518386765209,-47.2641087120038,150.437288202189));
#1848=CARTESIAN_POINT('Ctrl Pts',(38.575218268613,-36.6944653611414,152.681613838104));
#1849=CARTESIAN_POINT('Ctrl Pts',(44.2538829820491,-29.6205564863519,153.800092572548));
#1850=CARTESIAN_POINT('Ctrl Pts',(51.5214563645054,-13.5348504706441,156.04579274991));
#1851=CARTESIAN_POINT('Ctrl Pts',(53.0784704482065,-4.59401268094139,157.164782901754));
#1852=CARTESIAN_POINT('Ctrl Pts',(51.6740832986054,13.0078658116107,159.411316116076));
#1853=CARTESIAN_POINT('Ctrl Pts',(48.719041767756,21.5909053119694,160.530564750427));
#1854=CARTESIAN_POINT('Ctrl Pts',(38.9881185681016,36.3281986283205,162.777385972462));
#1855=CARTESIAN_POINT('Ctrl Pts',(32.2555743282545,42.4170384692041,163.896639039288));
#1856=CARTESIAN_POINT('Ctrl Pts',(16.6197033156506,50.622368296286,166.143201995776));
#1857=CARTESIAN_POINT('Ctrl Pts',(7.78586407415546,52.7025123092494,167.262205313921));
#1858=CARTESIAN_POINT('Ctrl Pts',(-9.86217676431854,52.337745400182,169.507964771249));
#1859=CARTESIAN_POINT('Ctrl Pts',(-18.598280949779,49.8945382401669,170.626465014533));
#1860=CARTESIAN_POINT('Ctrl Pts',(-33.8673149923088,41.0587124182837,172.870879053391));
#1861=CARTESIAN_POINT('Ctrl Pts',(-40.3331504152566,34.7050031283126,173.988624736348));
#1862=CARTESIAN_POINT('Ctrl Pts',(-49.430172966243,19.6073116393367,176.231157005626));
#1863=CARTESIAN_POINT('Ctrl Pts',(-52.0217926277139,10.9291003884615,177.347899466282));
#1864=CARTESIAN_POINT('Ctrl Pts',(-52.6974631755292,-6.66564297537788,179.588021404825));
#1865=CARTESIAN_POINT('Ctrl Pts',(-50.7786420674535,-15.5065234041482,180.703515781791));
#1866=CARTESIAN_POINT('Ctrl Pts',(-42.8851902176667,-31.2201490975742,182.94070879708));
#1867=CARTESIAN_POINT('Ctrl Pts',(-36.9439743115911,-38.0263996986991,184.054714998006));
#1868=CARTESIAN_POINT('Ctrl Pts',(-22.4667402392269,-47.9606274572615,186.28847259144));
#1869=CARTESIAN_POINT('Ctrl Pts',(-13.9908233311221,-51.0473480544555,187.400756249692));
#1870=CARTESIAN_POINT('Ctrl Pts',(3.45299774011066,-52.7540410861522,189.630586078788));
#1871=CARTESIAN_POINT('Ctrl Pts',(12.3500876079133,-51.3670468882482,190.740919494963));
#1872=CARTESIAN_POINT('Ctrl Pts',(28.4183800714076,-44.453207501739,192.966345363604));
#1873=CARTESIAN_POINT('Ctrl Pts',(35.5259926834447,-38.9536529563387,194.074508428253));
#1874=CARTESIAN_POINT('Ctrl Pts',(46.2360735190093,-25.1712908577609,196.295072196887));
#1875=CARTESIAN_POINT('Ctrl Pts',(49.7973345011402,-16.9413591471535,197.400853290617));
#1876=CARTESIAN_POINT('Ctrl Pts',(52.516014977151,0.258032376265598,199.616116699177));
#1877=CARTESIAN_POINT('Ctrl Pts',(51.6632148621661,9.16362478771791,200.719313566062));
#1878=CARTESIAN_POINT('Ctrl Pts',(45.755745367866,25.4961859208132,202.928859963238));
#1879=CARTESIAN_POINT('Ctrl Pts',(40.7220681628243,32.8646679224326,204.029280553331));
#1880=CARTESIAN_POINT('Ctrl Pts',(27.6997389026683,44.2842472556011,206.232716526666));
#1881=CARTESIAN_POINT('Ctrl Pts',(19.7556475725232,48.29602478791,207.330179803246));
#1882=CARTESIAN_POINT('Ctrl Pts',(2.88803333598376,51.9990981476097,209.527136705358));
#1883=CARTESIAN_POINT('Ctrl Pts',(-5.98029468232519,51.6780583416141,210.621473412479));
#1884=CARTESIAN_POINT('Ctrl Pts',(-22.4885282553018,46.7933023809601,212.811608779468));
#1885=CARTESIAN_POINT('Ctrl Pts',(-30.0770283659718,42.2445439255865,213.902662165368));
#1886=CARTESIAN_POINT('Ctrl Pts',(-42.1368043834116,30.0372396491183,216.085661024174));
#1887=CARTESIAN_POINT('Ctrl Pts',(-46.5724789878427,22.4143451172942,217.173287516144));
#1888=CARTESIAN_POINT('Ctrl Pts',(-51.2252304745332,5.95800339023323,219.348863578248));
#1889=CARTESIAN_POINT('Ctrl Pts',(-51.4292051111769,-2.83019590299519,220.432933404681));
#1890=CARTESIAN_POINT('Ctrl Pts',(-47.5736531289448,-19.4294284368363,222.6008301441));
#1891=CARTESIAN_POINT('Ctrl Pts',(-43.5237045462949,-27.1978029664633,223.681227899646));
#1892=CARTESIAN_POINT('Ctrl Pts',(-32.1758471454331,-39.8276538225955,225.841219513575));
#1893=CARTESIAN_POINT('Ctrl Pts',(-24.9045749292755,-44.6589703391253,226.917844663602));
#1894=CARTESIAN_POINT('Ctrl Pts',(-8.92988970187913,-50.2212902451359,229.069736914483));
#1895=CARTESIAN_POINT('Ctrl Pts',(-0.260988964364396,-50.9398931559122,
230.142504235355));
#1896=CARTESIAN_POINT('Ctrl Pts',(16.3503424940347,-48.1111886449888,232.286135173362));
#1897=CARTESIAN_POINT('Ctrl Pts',(24.260144571402,-44.569054788563,233.354975125497));
#1898=CARTESIAN_POINT('Ctrl Pts',(37.3912029410807,-34.1146138334108,235.49021569065));
#1899=CARTESIAN_POINT('Ctrl Pts',(42.5892632900604,-27.220277649361,236.555074721736));
#1900=CARTESIAN_POINT('Ctrl Pts',(49.017548226286,-11.7877553001758,238.681829224971));
#1901=CARTESIAN_POINT('Ctrl Pts',(50.2375625288685,-3.27305099189494,239.742670001282));
#1902=CARTESIAN_POINT('Ctrl Pts',(48.4258793137549,13.2787343746242,241.860876483837));
#1903=CARTESIAN_POINT('Ctrl Pts',(45.3961602963471,21.2940675129904,242.917678048099));
#1904=CARTESIAN_POINT('Ctrl Pts',(35.8592650218124,34.8606214887739,245.027308518633));
#1905=CARTESIAN_POINT('Ctrl Pts',(29.3621418641077,40.3968478542288,246.080066373504));
#1906=CARTESIAN_POINT('Ctrl Pts',(14.5221656264468,47.6459579020128,248.181126922309));
#1907=CARTESIAN_POINT('Ctrl Pts',(6.19195124228947,49.3522290225111,249.229853039117));
#1908=CARTESIAN_POINT('Ctrl Pts',(-10.2369335102132,48.5419231507002,251.3223838288));
#1909=CARTESIAN_POINT('Ctrl Pts',(-18.3251190042532,46.0254771025464,252.367106581795));
#1910=CARTESIAN_POINT('Ctrl Pts',(-32.2662285415609,37.4214681770735,254.451181713764));
#1911=CARTESIAN_POINT('Ctrl Pts',(-38.1132360869709,31.3371177245751,255.491945740706));
#1912=CARTESIAN_POINT('Ctrl Pts',(-46.1383844379977,17.1302213708115,257.567672996842));
#1913=CARTESIAN_POINT('Ctrl Pts',(-48.3147365796663,9.01011354967901,258.604538987348));
#1914=CARTESIAN_POINT('Ctrl Pts',(-48.4861605807049,-7.24134449207156,260.672059446282));
#1915=CARTESIAN_POINT('Ctrl Pts',(-46.4808995097543,-15.3733641025822,261.705103859837));
#1916=CARTESIAN_POINT('Ctrl Pts',(-38.8177412196109,-29.6340983321344,263.764591387396));
#1917=CARTESIAN_POINT('Ctrl Pts',(-33.1575419936105,-35.7664224300011,264.793906103463));
#1918=CARTESIAN_POINT('Ctrl Pts',(-19.6151716822074,-44.5248778478656,266.845566717034));
#1919=CARTESIAN_POINT('Ctrl Pts',(-11.726295571703,-47.1549924693548,267.871258620099));
#1920=CARTESIAN_POINT('Ctrl Pts',(4.30205512206496,-48.2863504919268,269.915329726946));
#1921=CARTESIAN_POINT('Ctrl Pts',(12.4527453390364,-46.7881125517535,270.937520229709));
#1922=CARTESIAN_POINT('Ctrl Pts',(26.9849674525937,-40.0680656373787,272.974269739665));
#1923=CARTESIAN_POINT('Ctrl Pts',(33.3796001997882,-34.8399262633217,273.993094247872));
#1924=CARTESIAN_POINT('Ctrl Pts',(42.8320932304543,-21.9856318387968,276.022819561278));
#1925=CARTESIAN_POINT('Ctrl Pts',(45.9002909693938,-14.3450453372095,277.038426883956));
#1926=CARTESIAN_POINT('Ctrl Pts',(47.9694110076535,1.42286527702221,279.061453756303));
#1927=CARTESIAN_POINT('Ctrl Pts',(46.9728479329363,9.57085585851429,280.074005465258));
#1928=CARTESIAN_POINT('Ctrl Pts',(41.1942884085977,24.3335082651513,282.090686750634));
#1929=CARTESIAN_POINT('Ctrl Pts',(36.4034813318292,30.9702118871793,283.100356493215));
#1930=CARTESIAN_POINT('Ctrl Pts',(24.2544535221664,41.0819529786322,285.111070769394));
#1931=CARTESIAN_POINT('Ctrl Pts',(16.8757761723015,44.5738273461204,286.118043538504));
#1932=CARTESIAN_POINT('Ctrl Pts',(1.39826613022564,47.5597317039155,288.123193617336));
#1933=CARTESIAN_POINT('Ctrl Pts',(-6.72913990802923,47.0591499591691,289.127664982651));
#1934=CARTESIAN_POINT('Ctrl Pts',(-21.688012071307,42.2184106221624,291.127676310259));
#1935=CARTESIAN_POINT('Ctrl Pts',(-28.5493915434601,37.868468533366,292.129851614516));
#1936=CARTESIAN_POINT('Ctrl Pts',(-39.2906326340223,26.437317641171,294.125170566724));
#1937=CARTESIAN_POINT('Ctrl Pts',(-43.1934940270389,19.3315174844718,295.125264090809));
#1938=CARTESIAN_POINT('Ctrl Pts',(-47.0776614523502,4.16838429329024,297.116356170121));
#1939=CARTESIAN_POINT('Ctrl Pts',(-47.0677596129166,-3.92350786054077,298.114590270506));
#1940=CARTESIAN_POINT('Ctrl Pts',(-43.1608693789174,-19.0505013496748,300.101938211894));
#1941=CARTESIAN_POINT('Ctrl Pts',(-39.2544817904374,-26.1218339761956,301.098542433797));
#1942=CARTESIAN_POINT('Ctrl Pts',(-28.5511380121437,-37.4679337566189,303.082644227431));
#1943=CARTESIAN_POINT('Ctrl Pts',(-21.7274208142224,-41.771034973367,304.077854396853));
#1944=CARTESIAN_POINT('Ctrl Pts',(-6.89836457216229,-46.5382672826366,306.059221236742));
#1945=CARTESIAN_POINT('Ctrl Pts',(1.14532616959306,-47.0147198128827,307.053278534354));
#1946=CARTESIAN_POINT('Ctrl Pts',(16.4172641222664,-44.0389221088769,309.032432702647));
#1947=CARTESIAN_POINT('Ctrl Pts',(23.6860988443938,-40.5787709055381,310.025582722267));
#1948=CARTESIAN_POINT('Ctrl Pts',(35.6170842652346,-30.6123777975636,312.003055419743));
#1949=CARTESIAN_POINT('Ctrl Pts',(40.3116127914704,-24.0791180402767,312.995547213671));
#1950=CARTESIAN_POINT('Ctrl Pts',(45.9504445057383,-9.60147655390618,314.971876348232));
#1951=CARTESIAN_POINT('Ctrl Pts',(46.9102926564086,-1.61728241932996,315.963961459454));
#1952=CARTESIAN_POINT('Ctrl Pts',(44.8652381171183,13.7797766031396,317.939689410319));
#1953=CARTESIAN_POINT('Ctrl Pts',(41.8547158889766,21.2353296487201,318.931620875341));
#1954=CARTESIAN_POINT('Ctrl Pts',(32.6353884082437,33.7349801395072,320.907292291293));
#1955=CARTESIAN_POINT('Ctrl Pts',(26.401038971151,38.8138172197092,321.899323477684));
#1956=CARTESIAN_POINT('Ctrl Pts',(12.2917816299018,45.3164370304372,323.875483467842));
#1957=CARTESIAN_POINT('Ctrl Pts',(4.37790719057711,46.7582609645709,324.867865721027));
#1958=CARTESIAN_POINT('Ctrl Pts',(-11.1259381500641,45.6467893086468,326.845061037258));
#1959=CARTESIAN_POINT('Ctrl Pts',(-18.7583936347779,43.0905577736116,327.838032453997));
#1960=CARTESIAN_POINT('Ctrl Pts',(-31.8127290835436,34.630869650508,329.816835693914));
#1961=CARTESIAN_POINT('Ctrl Pts',(-37.27052213825,28.7048358898507,330.810540827169));
#1962=CARTESIAN_POINT('Ctrl Pts',(-43.401469081604,17.2740746797326,332.460905289813));
#1963=CARTESIAN_POINT('Ctrl Pts',(-45.0755442820798,12.2743747070038,333.121982987759));
#1964=CARTESIAN_POINT('Ctrl Pts',(-45.8929908698768,7.14091765020629,333.783511969988));
#1965=CARTESIAN_POINT('Ctrl Pts',(40.9245161134073,-20.9555821883851,36.4801453187273));
#1966=CARTESIAN_POINT('Ctrl Pts',(42.6318698330413,-17.6230908102983,36.9565225755409));
#1967=CARTESIAN_POINT('Ctrl Pts',(43.9364055202008,-14.0849141444667,37.433485311771));
#1968=CARTESIAN_POINT('Ctrl Pts',(46.5471407169267,-2.91983204703185,38.8915147478735));
#1969=CARTESIAN_POINT('Ctrl Pts',(46.3657105847808,5.0872322785458,39.8796619327376));
#1970=CARTESIAN_POINT('Ctrl Pts',(42.1689692974968,19.9722606189328,41.8468922996776));
#1971=CARTESIAN_POINT('Ctrl Pts',(38.1396165158073,26.8978936480625,42.8352538414987));
#1972=CARTESIAN_POINT('Ctrl Pts',(27.2649085772512,37.9082589006112,44.8038337973228));
#1973=CARTESIAN_POINT('Ctrl Pts',(20.3855779491027,42.0275836001267,45.7928886767712));
#1974=CARTESIAN_POINT('Ctrl Pts',(5.53022766948468,46.4158110448039,47.7633393753265));
#1975=CARTESIAN_POINT('Ctrl Pts',(-2.49131102641797,46.6983715924877,48.7533892444881));
#1976=CARTESIAN_POINT('Ctrl Pts',(-17.6361856063744,43.3573387167577,50.7262817694375));
#1977=CARTESIAN_POINT('Ctrl Pts',(-24.8048832495888,39.7239753441646,51.717601886084));
#1978=CARTESIAN_POINT('Ctrl Pts',(-36.4672910033147,29.4648546090198,53.6935043842624));
#1979=CARTESIAN_POINT('Ctrl Pts',(-40.9949936182779,22.8095451568948,54.6863619047539));
#1980=CARTESIAN_POINT('Ctrl Pts',(-46.2574079833905,8.16586415062663,56.6658307988172));
#1981=CARTESIAN_POINT('Ctrl Pts',(-47.0070889296834,0.136713895592592,57.6604862629164));
#1982=CARTESIAN_POINT('Ctrl Pts',(-44.5332207983172,-15.258548197337,59.6440631913436));
#1983=CARTESIAN_POINT('Ctrl Pts',(-41.3033977469819,-22.6657832158933,60.6407697768628));
#1984=CARTESIAN_POINT('Ctrl Pts',(-31.6760799937012,-34.9777245418836,62.6289793618473));
#1985=CARTESIAN_POINT('Ctrl Pts',(-25.2545228379165,-39.9137927693676,63.6279818623118));
#1986=CARTESIAN_POINT('Ctrl Pts',(-10.8395229205462,-46.0570394739975,65.6213296543177));
#1987=CARTESIAN_POINT('Ctrl Pts',(-2.81197922357447,-47.2791805833328,66.6228634478916));
#1988=CARTESIAN_POINT('Ctrl Pts',(12.8208787177508,-45.6881714451867,68.6218339636486));
#1989=CARTESIAN_POINT('Ctrl Pts',(20.4607925378165,-42.8719281882204,69.6261240146003));
#1990=CARTESIAN_POINT('Ctrl Pts',(33.418321801218,-33.8983855593513,71.6311788614884));
#1991=CARTESIAN_POINT('Ctrl Pts',(38.7625289777704,-27.7232235425414,72.6384387647441));
#1992=CARTESIAN_POINT('Ctrl Pts',(45.7943626222211,-13.5601265395806,74.6500148545451));
#1993=CARTESIAN_POINT('Ctrl Pts',(47.4953760057937,-5.54630916849471,75.6604459295146));
#1994=CARTESIAN_POINT('Ctrl Pts',(46.8067158635066,10.3058719201614,77.6789537856796));
#1995=CARTESIAN_POINT('Ctrl Pts',(44.4164142878598,18.170291748689,78.6927442246701));
#1996=CARTESIAN_POINT('Ctrl Pts',(36.1246807306153,31.7659113943416,80.7185663873137));
#1997=CARTESIAN_POINT('Ctrl Pts',(30.2118171270817,37.5168591317356,81.735890463375));
#1998=CARTESIAN_POINT('Ctrl Pts',(16.3311981411823,45.4443711464302,83.7693799961748));
#1999=CARTESIAN_POINT('Ctrl Pts',(8.34685782865885,47.6310272832683,84.7903973347494));
#2000=CARTESIAN_POINT('Ctrl Pts',(-7.69911818267999,47.8668901699856,86.8318764379453));
#2001=CARTESIAN_POINT('Ctrl Pts',(-15.7765984799988,45.9168796285015,87.8567313561662));
#2002=CARTESIAN_POINT('Ctrl Pts',(-29.9971923716067,38.3407984334797,89.906490089911));
#2003=CARTESIAN_POINT('Ctrl Pts',(-36.1513068066564,32.7094982453797,90.9353110068241));
#2004=CARTESIAN_POINT('Ctrl Pts',(-44.9789565743464,19.1499286243085,92.9936061292269));
#2005=CARTESIAN_POINT('Ctrl Pts',(-47.6575224934501,11.2149589035704,94.0265050496025));
#2006=CARTESIAN_POINT('Ctrl Pts',(-48.8412608624079,-4.99062029119397,96.0935589739062));
#2007=CARTESIAN_POINT('Ctrl Pts',(-47.3473148892742,-13.2656210335736,97.1306310476797));
#2008=CARTESIAN_POINT('Ctrl Pts',(-40.5257705258759,-28.090550851741,99.2066309231043));
#2009=CARTESIAN_POINT('Ctrl Pts',(-35.198494521659,-34.6411057958392,100.247954081848));
#2010=CARTESIAN_POINT('Ctrl Pts',(-22.0066459685888,-44.3686777752838,102.333051002691));
#2011=CARTESIAN_POINT('Ctrl Pts',(-14.1453397133744,-47.543964667827,103.378685673894));
#2012=CARTESIAN_POINT('Ctrl Pts',(2.17603716467879,-49.6983042851757,105.472994021492));
#2013=CARTESIAN_POINT('Ctrl Pts',(10.6282955436917,-48.6768646879949,106.522982920811));
#2014=CARTESIAN_POINT('Ctrl Pts',(26.0277839187979,-42.652545084061,108.626579842901));
#2015=CARTESIAN_POINT('Ctrl Pts',(32.9640167472472,-37.6545250909392,109.680947843982));
#2016=CARTESIAN_POINT('Ctrl Pts',(43.5846354426693,-24.8847234027266,111.793872875857));
#2017=CARTESIAN_POINT('Ctrl Pts',(47.2590186638102,-17.1257542675842,112.852626956797));
#2018=CARTESIAN_POINT('Ctrl Pts',(50.4040683394972,-0.742424239066294,114.974881788396));
#2019=CARTESIAN_POINT('Ctrl Pts',(49.8713452873406,7.86171546219053,116.038011053435));
#2020=CARTESIAN_POINT('Ctrl Pts',(44.6891090258534,23.7956259274144,118.169559446163));
#2021=CARTESIAN_POINT('Ctrl Pts',(40.047690044157,31.1020063881082,119.237035220801));
#2022=CARTESIAN_POINT('Ctrl Pts',(27.7609384464336,42.600340819803,121.377803077365));
#2023=CARTESIAN_POINT('Ctrl Pts',(20.1370652589328,46.7728174096224,122.449579074756));
#2024=CARTESIAN_POINT('Ctrl Pts',(3.75552738037537,50.9240212537016,124.599454664731));
#2025=CARTESIAN_POINT('Ctrl Pts',(-4.9698796330494,50.8950075492889,125.675467220934));
#2026=CARTESIAN_POINT('Ctrl Pts',(-21.3869831174869,46.5999549388896,127.834301564027));
#2027=CARTESIAN_POINT('Ctrl Pts',(-29.0426856437984,42.3437447212363,128.914469939513));
#2028=CARTESIAN_POINT('Ctrl Pts',(-41.3934669150762,30.6062678887766,131.082077347675));
#2029=CARTESIAN_POINT('Ctrl Pts',(-46.0588135664334,23.1537776476184,132.166304092348));
#2030=CARTESIAN_POINT('Ctrl Pts',(-51.2249794905808,6.84696957594506,134.342462870923));
#2031=CARTESIAN_POINT('Ctrl Pts',(-51.7124427098194,-1.96400765157279,135.430634249872));
#2032=CARTESIAN_POINT('Ctrl Pts',(-48.3478090078892,-18.8017985422201,137.615087556963));
#2033=CARTESIAN_POINT('Ctrl Pts',(-44.5056877138544,-26.7804160789225,138.707074034162));
#2034=CARTESIAN_POINT('Ctrl Pts',(-33.3870768412113,-39.9473754900125,140.899530896265));
#2035=CARTESIAN_POINT('Ctrl Pts',(-26.1449979526117,-45.0954637301976,141.995187673473));
#2036=CARTESIAN_POINT('Ctrl Pts',(-9.99379841543407,-51.2769997679316,144.195324154315));
#2037=CARTESIAN_POINT('Ctrl Pts',(-1.13760231382803,-52.2905171912971,145.294491762543));
#2038=CARTESIAN_POINT('Ctrl Pts',(16.0474904420886,-49.8955189828184,147.501952280836));
#2039=CARTESIAN_POINT('Ctrl Pts',(24.317013337388,-46.4955696945249,148.604457221845));
#2040=CARTESIAN_POINT('Ctrl Pts',(38.2523246093621,-36.0666345724553,150.818856012538));
#2041=CARTESIAN_POINT('Ctrl Pts',(43.8676405221473,-29.0757652997494,151.924511447983));
#2042=CARTESIAN_POINT('Ctrl Pts',(51.0551197529603,-13.1672610402656,154.145434160396));
#2043=CARTESIAN_POINT('Ctrl Pts',(52.6002181957356,-4.31016896545878,155.254040646351));
#2044=CARTESIAN_POINT('Ctrl Pts',(51.2079887384414,13.1389326816202,157.481046071505));
#2045=CARTESIAN_POINT('Ctrl Pts',(48.276413751999,21.6620008837922,158.592392336245));
#2046=CARTESIAN_POINT('Ctrl Pts',(38.6068676499167,36.3062795577397,160.82501425465));
#2047=CARTESIAN_POINT('Ctrl Pts',(31.9086748698624,42.3676834223258,161.938878017647));
#2048=CARTESIAN_POINT('Ctrl Pts',(16.3340382129208,50.5408390525311,164.176627157901));
#2049=CARTESIAN_POINT('Ctrl Pts',(7.52344260190522,52.618295260438,165.292775988082));
#2050=CARTESIAN_POINT('Ctrl Pts',(-10.0979744706545,52.2540405897571,167.535142085805));
#2051=CARTESIAN_POINT('Ctrl Pts',(-18.8323959075273,49.8141285694902,168.653334297135));
#2052=CARTESIAN_POINT('Ctrl Pts',(-34.1152738719349,40.9702438620489,170.899788243099));
#2053=CARTESIAN_POINT('Ctrl Pts',(-40.5960213565704,34.6056938949475,172.019773825535));
#2054=CARTESIAN_POINT('Ctrl Pts',(-49.7232468716584,19.4577893363515,174.269769891317));
#2055=CARTESIAN_POINT('Ctrl Pts',(-52.3285946172846,10.7430771620171,175.391291475092));
#2056=CARTESIAN_POINT('Ctrl Pts',(-53.0080891645676,-6.95252646742682,177.644269604206));
#2057=CARTESIAN_POINT('Ctrl Pts',(-51.0792947433137,-15.852039672175,178.767063455296));
#2058=CARTESIAN_POINT('Ctrl Pts',(-43.1216701859641,-31.6932957533815,181.022451607554));
#2059=CARTESIAN_POINT('Ctrl Pts',(-37.130056701414,-38.5613273928083,182.146248651966));
#2060=CARTESIAN_POINT('Ctrl Pts',(-22.5009131714815,-48.5997245347143,184.403465188746));
#2061=CARTESIAN_POINT('Ctrl Pts',(-13.9322737458712,-51.7230024614063,185.527992063054));
#2062=CARTESIAN_POINT('Ctrl Pts',(3.73526919327402,-53.4515215673015,187.786448161276));
#2063=CARTESIAN_POINT('Ctrl Pts',(12.7505144286951,-52.0487121392125,188.911428286523));
#2064=CARTESIAN_POINT('Ctrl Pts',(29.0617061174856,-45.0302858758434,191.170530369355));
#2065=CARTESIAN_POINT('Ctrl Pts',(36.2801962817138,-39.4481197466831,192.295685045142));
#2066=CARTESIAN_POINT('Ctrl Pts',(47.1761784416302,-25.4264139016006,194.554837217839));
#2067=CARTESIAN_POINT('Ctrl Pts',(50.8019385735591,-17.0535919879121,195.679886733045));
#2068=CARTESIAN_POINT('Ctrl Pts',(53.5736971464666,0.482065023244663,197.938493212795));
#2069=CARTESIAN_POINT('Ctrl Pts',(52.7066117644156,9.56171581564165,199.063157969035));
#2070=CARTESIAN_POINT('Ctrl Pts',(46.6710379518158,26.2482254362793,201.320625498257));
#2071=CARTESIAN_POINT('Ctrl Pts',(41.5310604751699,33.776366462888,202.444627141776));
#2072=CARTESIAN_POINT('Ctrl Pts',(28.1997547848105,45.4667897112957,204.70036737497));
#2073=CARTESIAN_POINT('Ctrl Pts',(20.0708152638092,49.5743709453354,205.823429932342));
#2074=CARTESIAN_POINT('Ctrl Pts',(2.76982533248118,53.3725048608549,208.076861787232));
#2075=CARTESIAN_POINT('Ctrl Pts',(-6.32217138570904,53.0454576683879,209.198712799867));
#2076=CARTESIAN_POINT('Ctrl Pts',(-23.2855547022818,48.0259404198884,211.449264764337));
#2077=CARTESIAN_POINT('Ctrl Pts',(-31.0795370654739,43.3563145425831,212.569636416504));
#2078=CARTESIAN_POINT('Ctrl Pts',(-43.4932981111105,30.7905824721875,214.81674880348));
#2079=CARTESIAN_POINT('Ctrl Pts',(-48.0573526329401,22.9507531539133,215.935379038295));
#2080=CARTESIAN_POINT('Ctrl Pts',(-52.8544448467146,5.98360852714521,218.178506181438));
#2081=CARTESIAN_POINT('Ctrl Pts',(-53.0662907968549,-3.06921113530246,219.295139799062));
#2082=CARTESIAN_POINT('Ctrl Pts',(-49.0849390929576,-20.2097190170707,221.533752182748));
#2083=CARTESIAN_POINT('Ctrl Pts',(-44.9086632122794,-28.2238552914362,222.648141914922));
#2084=CARTESIAN_POINT('Ctrl Pts',(-33.1742138204865,-41.283867312349,224.881728232582));
#2085=CARTESIAN_POINT('Ctrl Pts',(-25.6648695171864,-46.2751116525686,225.993635787551));
#2086=CARTESIAN_POINT('Ctrl Pts',(-9.12478865832523,-52.0342308909469,228.221704922943));
#2087=CARTESIAN_POINT('Ctrl Pts',(-0.160895958217273,-52.7785952924375,
229.330901994868));
#2088=CARTESIAN_POINT('Ctrl Pts',(17.058238916134,-49.8463290264044,231.552984921268));
#2089=CARTESIAN_POINT('Ctrl Pts',(25.2461689511824,-46.1809048214189,232.659254158329));
#2090=CARTESIAN_POINT('Ctrl Pts',(38.871603930396,-35.3327926301092,234.874905750967));
#2091=CARTESIAN_POINT('Ctrl Pts',(44.2577514200289,-28.1906360449608,235.978041676568));
#2092=CARTESIAN_POINT('Ctrl Pts',(50.9339398435472,-12.1628472804723,238.186842433888));
#2093=CARTESIAN_POINT('Ctrl Pts',(52.1996964614717,-3.3347243400129,239.286652315636));
#2094=CARTESIAN_POINT('Ctrl Pts',(50.3166992849933,13.8682438360808,241.488209985118));
#2095=CARTESIAN_POINT('Ctrl Pts',(47.1740694277064,22.1841520634,242.584514646629));
#2096=CARTESIAN_POINT('Ctrl Pts',(37.2560446825196,36.2928227814603,244.778465750983));
#2097=CARTESIAN_POINT('Ctrl Pts',(30.5125281027973,42.0396417075792,245.871100321994));
#2098=CARTESIAN_POINT('Ctrl Pts',(15.0726692785378,49.5817607410862,248.057111581576));
#2099=CARTESIAN_POINT('Ctrl Pts',(6.42328374518549,51.3537269391767,249.145926182333));
#2100=CARTESIAN_POINT('Ctrl Pts',(-10.6746441078486,50.5104081426364,251.323695829562));
#2101=CARTESIAN_POINT('Ctrl Pts',(-19.0744180980818,47.8971625805281,252.408556186009));
#2102=CARTESIAN_POINT('Ctrl Pts',(-33.585164597274,38.9415841028257,254.577815167512));
#2103=CARTESIAN_POINT('Ctrl Pts',(-39.6575975469386,32.6226008742324,255.658603154384));
#2104=CARTESIAN_POINT('Ctrl Pts',(-48.010419314356,17.8356268022411,257.8191162165));
#2105=CARTESIAN_POINT('Ctrl Pts',(-50.2702223544703,9.4033226098702,258.895730326056));
#2106=CARTESIAN_POINT('Ctrl Pts',(-50.4486193585406,-7.50847302476862,261.047296979214));
#2107=CARTESIAN_POINT('Ctrl Pts',(-48.3664514106303,-15.9507356971318,262.11965271395));
#2108=CARTESIAN_POINT('Ctrl Pts',(-40.3947509190052,-30.7856799172344,264.262108071391));
#2109=CARTESIAN_POINT('Ctrl Pts',(-34.5206082665704,-37.1489554893569,265.330138259718));
#2110=CARTESIAN_POINT('Ctrl Pts',(-20.440254390236,-46.2553718582942,267.46335374599));
#2111=CARTESIAN_POINT('Ctrl Pts',(-12.258261992364,-48.9824291855224,268.527008780457));
#2112=CARTESIAN_POINT('Ctrl Pts',(4.39549962005175,-50.1579557121229,270.650892705133));
#2113=CARTESIAN_POINT('Ctrl Pts',(12.842455713924,-48.6043328987985,271.710140703381));
#2114=CARTESIAN_POINT('Ctrl Pts',(27.9289941462553,-41.6279874298818,273.824638695586));
#2115=CARTESIAN_POINT('Ctrl Pts',(34.5496628009521,-36.2136537964462,274.879465584719));
#2116=CARTESIAN_POINT('Ctrl Pts',(44.3528756759696,-22.8824728520629,276.984560884236));
#2117=CARTESIAN_POINT('Ctrl Pts',(47.5254247509633,-14.9787005512844,278.034970409833));
#2118=CARTESIAN_POINT('Ctrl Pts',(49.6688485834167,1.35519654312298,280.130684010881));
#2119=CARTESIAN_POINT('Ctrl Pts',(48.6378492716655,9.77324634798997,281.176697672268));
#2120=CARTESIAN_POINT('Ctrl Pts',(42.6597884863694,25.0456640087532,283.263088316475));
#2121=CARTESIAN_POINT('Ctrl Pts',(37.715390749137,31.8924951675405,284.30474523025));
#2122=CARTESIAN_POINT('Ctrl Pts',(25.1653463649619,42.3380510559537,286.381909245884));
#2123=CARTESIAN_POINT('Ctrl Pts',(17.5624566703649,45.9341615521589,287.419265939985));
#2124=CARTESIAN_POINT('Ctrl Pts',(1.59987345980168,49.013681137053,289.48733692519));
#2125=CARTESIAN_POINT('Ctrl Pts',(-6.76021526390776,48.4969378053766,290.52046706602));
#2126=CARTESIAN_POINT('Ctrl Pts',(-22.1608249746744,43.5132868903769,292.579615414567));
#2127=CARTESIAN_POINT('Ctrl Pts',(-29.2055119454032,39.0448170523865,293.608609469828));
#2128=CARTESIAN_POINT('Ctrl Pts',(-40.2430515122076,27.2983855006522,295.659041738794));
#2129=CARTESIAN_POINT('Ctrl Pts',(-44.2415544955688,20.0141423080635,296.684006578781));
#2130=CARTESIAN_POINT('Ctrl Pts',(-48.2248365910361,4.4642137624288,298.725964698567));
#2131=CARTESIAN_POINT('Ctrl Pts',(-48.2125204587569,-3.81347437423438,299.747023138681));
#2132=CARTESIAN_POINT('Ctrl Pts',(-44.214558519457,-19.293212808722,301.78078346682));
#2133=CARTESIAN_POINT('Ctrl Pts',(-40.2247368982324,-26.5108447132528,302.798073754049));
#2134=CARTESIAN_POINT('Ctrl Pts',(-29.2964372494935,-38.095454259564,304.823945975392));
#2135=CARTESIAN_POINT('Ctrl Pts',(-22.344293120865,-42.4767289135826,305.837621221409));
#2136=CARTESIAN_POINT('Ctrl Pts',(-7.23908188349828,-47.3327709793811,307.855947098442));
#2137=CARTESIAN_POINT('Ctrl Pts',(0.936175392317149,-47.8145511030695,308.866174661875));
#2138=CARTESIAN_POINT('Ctrl Pts',(16.4546205110037,-44.7907509676984,310.877326640088));
#2139=CARTESIAN_POINT('Ctrl Pts',(23.8238950442119,-41.2799842190599,311.884287460342));
#2140=CARTESIAN_POINT('Ctrl Pts',(35.9169711947151,-31.1782299688958,313.88866713486));
#2141=CARTESIAN_POINT('Ctrl Pts',(40.6635390711188,-24.5681089074876,314.892555019418));
#2142=CARTESIAN_POINT('Ctrl Pts',(46.3642306309055,-9.93172793358058,316.890591470997));
#2143=CARTESIAN_POINT('Ctrl Pts',(47.3301431384221,-1.87498612918524,317.891612335595));
#2144=CARTESIAN_POINT('Ctrl Pts',(45.2681528447577,13.6498253187678,319.883760351172));
#2145=CARTESIAN_POINT('Ctrl Pts',(42.2355204619328,21.1529918353067,320.882131394344));
#2146=CARTESIAN_POINT('Ctrl Pts',(32.9646649501627,33.722562002486,322.86886963285));
#2147=CARTESIAN_POINT('Ctrl Pts',(26.7038842041412,38.8194508400245,323.864818294093));
#2148=CARTESIAN_POINT('Ctrl Pts',(12.5542336307871,45.3407275672385,325.84664779037));
#2149=CARTESIAN_POINT('Ctrl Pts',(4.62882470256347,46.7818966178564,326.840409358684));
#2150=CARTESIAN_POINT('Ctrl Pts',(-10.8769746778774,45.6703275359181,328.817855236263));
#2151=CARTESIAN_POINT('Ctrl Pts',(-18.4995804349867,43.1145266992916,329.809660613138));
#2152=CARTESIAN_POINT('Ctrl Pts',(-31.5198863725972,34.6769670584451,331.783299296972));
#2153=CARTESIAN_POINT('Ctrl Pts',(-36.9552501836661,28.7712211915047,332.773285759635));
#2154=CARTESIAN_POINT('Ctrl Pts',(-43.053648749964,17.4014568120297,334.414892087898));
#2155=CARTESIAN_POINT('Ctrl Pts',(-44.7167261321128,12.4312464121677,335.071971336191));
#2156=CARTESIAN_POINT('Ctrl Pts',(-45.528615876046,7.33351276944331,335.728923022344));
#2157=CARTESIAN_POINT('Ctrl Pts',(41.8876854824688,-21.8318725869777,39.1582944486595));
#2158=CARTESIAN_POINT('Ctrl Pts',(43.6404089800833,-18.4108585464508,39.647319544146));
#2159=CARTESIAN_POINT('Ctrl Pts',(44.9788748913357,-14.781684625087,40.136316535832));
#2160=CARTESIAN_POINT('Ctrl Pts',(47.6555980730353,-3.33013419989671,41.6319390951137));
#2161=CARTESIAN_POINT('Ctrl Pts',(47.4667018125733,4.85480065930534,42.6419054262568));
#2162=CARTESIAN_POINT('Ctrl Pts',(43.178629056097,20.0638045362722,44.6520063690846));
#2163=CARTESIAN_POINT('Ctrl Pts',(39.0710290002651,27.1161338766689,45.6586608004193));
#2164=CARTESIAN_POINT('Ctrl Pts',(28.0027665013065,38.3226534483218,47.6623246476877));
#2165=CARTESIAN_POINT('Ctrl Pts',(21.0192999471102,42.4996397068387,48.6660036703236));
#2166=CARTESIAN_POINT('Ctrl Pts',(5.9592246607028,46.9484953888999,50.6636345914755));
#2167=CARTESIAN_POINT('Ctrl Pts',(-2.1509529497291,47.2300880884829,51.6645709088825));
#2168=CARTESIAN_POINT('Ctrl Pts',(-17.4429400918134,43.8567616530041,53.6566354134898));
#2169=CARTESIAN_POINT('Ctrl Pts',(-24.66129944695,40.193600288559,54.6550581318355));
#2170=CARTESIAN_POINT('Ctrl Pts',(-36.3892275343696,29.8770631227041,56.6420495829508));
#2171=CARTESIAN_POINT('Ctrl Pts',(-40.9285473025647,23.1973015445387,57.6381961295817));
#2172=CARTESIAN_POINT('Ctrl Pts',(-46.1989963490942,8.53177396355776,59.6206284092177));
#2173=CARTESIAN_POINT('Ctrl Pts',(-46.9441378058036,0.50659205517275,60.6147452885535));
#2174=CARTESIAN_POINT('Ctrl Pts',(-44.4768960383795,-14.8485623894261,62.5931501402038));
#2175=CARTESIAN_POINT('Ctrl Pts',(-41.2574648775494,-22.221622619175,63.5854921577343));
#2176=CARTESIAN_POINT('Ctrl Pts',(-31.6946046993319,-34.4514301631394,65.5604169741427));
#2177=CARTESIAN_POINT('Ctrl Pts',(-25.323228289706,-39.343757944757,66.5512462179842));
#2178=CARTESIAN_POINT('Ctrl Pts',(-11.062605666073,-45.4214160530301,68.5232518484647));
#2179=CARTESIAN_POINT('Ctrl Pts',(-3.13048108056713,-46.6249415160711,69.512836606408));
#2180=CARTESIAN_POINT('Ctrl Pts',(12.2732061931778,-45.0574437343146,71.4824951328289));
#2181=CARTESIAN_POINT('Ctrl Pts',(19.7921812757559,-42.2815517119762,72.4711087735284));
#2182=CARTESIAN_POINT('Ctrl Pts',(32.5096984783041,-33.4744516351551,74.4390012542757));
#2183=CARTESIAN_POINT('Ctrl Pts',(37.7480962132594,-27.4156268513826,75.4269210814453));
#2184=CARTESIAN_POINT('Ctrl Pts',(44.6232960177809,-13.5684225117442,77.3936352691988));
#2185=CARTESIAN_POINT('Ctrl Pts',(46.2819311632682,-5.73611149852416,78.3811413552816));
#2186=CARTESIAN_POINT('Ctrl Pts',(45.6113157880357,9.70478519784285,80.3472693951218));
#2187=CARTESIAN_POINT('Ctrl Pts',(43.2799745197852,17.3626935586189,81.3346434007853));
#2188=CARTESIAN_POINT('Ctrl Pts',(35.232639218986,30.5579107726419,83.3007795150989));
#2189=CARTESIAN_POINT('Ctrl Pts',(29.4909875051081,36.1374520425248,84.2883035010314));
#2190=CARTESIAN_POINT('Ctrl Pts',(16.0660026900999,43.8049285689558,86.2550416676048));
#2191=CARTESIAN_POINT('Ctrl Pts',(8.34000190903689,45.9173668814244,87.2429969051623));
#2192=CARTESIAN_POINT('Ctrl Pts',(-7.12802596263831,46.1448868210666,89.2109285348432));
#2193=CARTESIAN_POINT('Ctrl Pts',(-14.9187749550563,44.2608328464661,90.1995943220886));
#2194=CARTESIAN_POINT('Ctrl Pts',(-28.5842470862887,36.9806554898156,92.1693059424646));
#2195=CARTESIAN_POINT('Ctrl Pts',(-34.5014135289031,31.5621219189275,93.1589584320467));
#2196=CARTESIAN_POINT('Ctrl Pts',(-42.9594940587402,18.5704611548603,95.1310293837387));
#2197=CARTESIAN_POINT('Ctrl Pts',(-45.5262259900732,10.9580540220277,96.1219404288803));
#2198=CARTESIAN_POINT('Ctrl Pts',(-46.6573856827183,-4.5261009831299,98.0969405812718));
#2199=CARTESIAN_POINT('Ctrl Pts',(-45.2253774993213,-12.4434679735347,99.0893766058707));
#2200=CARTESIAN_POINT('Ctrl Pts',(-38.7241992183135,-26.5724127393203,101.067864099379));
#2201=CARTESIAN_POINT('Ctrl Pts',(-33.6367594009927,-32.824302647939,102.062084997898));
#2202=CARTESIAN_POINT('Ctrl Pts',(-21.0936057270857,-42.073646377017,104.044604020227));
#2203=CARTESIAN_POINT('Ctrl Pts',(-13.6038398624056,-45.0965500092877,105.040862092645));
#2204=CARTESIAN_POINT('Ctrl Pts',(1.88236886945372,-47.1407320667813,107.027940696825));
#2205=CARTESIAN_POINT('Ctrl Pts',(9.91894540941811,-46.1676009686891,108.026479623485));
#2206=CARTESIAN_POINT('Ctrl Pts',(24.5031502309362,-40.4622950896436,110.018627595875));
#2207=CARTESIAN_POINT('Ctrl Pts',(31.0865502951135,-35.716452958881,111.019681456566));
#2208=CARTESIAN_POINT('Ctrl Pts',(41.1285125910075,-23.642492309539,113.017388243371));
#2209=CARTESIAN_POINT('Ctrl Pts',(44.6102314818922,-16.2870236194233,114.021180584475));
#2210=CARTESIAN_POINT('Ctrl Pts',(47.5798330791189,-0.817887626963818,116.02491328565));
#2211=CARTESIAN_POINT('Ctrl Pts',(47.0742834501048,7.32828042549071,117.031656238664));
#2212=CARTESIAN_POINT('Ctrl Pts',(42.1868256704045,22.3559467489285,119.041857678378));
#2213=CARTESIAN_POINT('Ctrl Pts',(37.7958689258143,29.2663271048781,120.0517511326));
#2214=CARTESIAN_POINT('Ctrl Pts',(26.2182729189116,40.1010484340534,122.06883801561));
#2215=CARTESIAN_POINT('Ctrl Pts',(19.0120209631134,44.0441966319511,123.082068847266));
#2216=CARTESIAN_POINT('Ctrl Pts',(3.58583554044156,47.9533272481132,125.106430010701));
#2217=CARTESIAN_POINT('Ctrl Pts',(-4.65717130252657,47.9254988225341,126.123171370329));
#2218=CARTESIAN_POINT('Ctrl Pts',(-20.1108324907349,43.8825159392614,128.15516614034));
#2219=CARTESIAN_POINT('Ctrl Pts',(-27.3413301944508,39.8625122803871,129.175576799799));
#2220=CARTESIAN_POINT('Ctrl Pts',(-38.965669997643,28.8154139009216,131.21553346244));
#2221=CARTESIAN_POINT('Ctrl Pts',(-43.3719156080344,21.7769859700239,132.239757222528));
#2222=CARTESIAN_POINT('Ctrl Pts',(-48.2347368771839,6.42768189279407,134.287971617948));
#2223=CARTESIAN_POINT('Ctrl Pts',(-48.6955572348763,-1.89550977944843,135.316136777294));
#2224=CARTESIAN_POINT('Ctrl Pts',(-45.5273795656962,-17.7501583150443,137.372871025911));
#2225=CARTESIAN_POINT('Ctrl Pts',(-41.8969139732617,-25.2906149424633,138.405089911508));
#2226=CARTESIAN_POINT('Ctrl Pts',(-31.4213404201895,-37.6960642381319,140.470571280316));
#2227=CARTESIAN_POINT('Ctrl Pts',(-24.5731969498453,-42.5651507731882,141.506939839885));
#2228=CARTESIAN_POINT('Ctrl Pts',(-9.34357289367683,-48.3939641731278,143.581359756296));
#2229=CARTESIAN_POINT('Ctrl Pts',(-0.961310050407954,-49.3543333065323,
144.621957212501));
#2230=CARTESIAN_POINT('Ctrl Pts',(15.2602406768519,-47.0936078696311,146.705470432344));
#2231=CARTESIAN_POINT('Ctrl Pts',(23.0963563322578,-43.8732777921,147.750358998805));
#2232=CARTESIAN_POINT('Ctrl Pts',(36.2670680880559,-34.0165378394555,149.843082934122));
#2233=CARTESIAN_POINT('Ctrl Pts',(41.5958369009025,-27.384888108775,150.892307593123));
#2234=CARTESIAN_POINT('Ctrl Pts',(48.3990438506469,-12.3268772304976,152.994321804351));
#2235=CARTESIAN_POINT('Ctrl Pts',(49.8689032917886,-3.91143019814021,154.047910146175));
#2236=CARTESIAN_POINT('Ctrl Pts',(48.5488540715386,12.6327680262988,156.159256002155));
#2237=CARTESIAN_POINT('Ctrl Pts',(45.7605543752176,20.7454271945277,157.217218125992));
#2238=CARTESIAN_POINT('Ctrl Pts',(36.5751121315734,34.6564994411658,159.337898634019));
#2239=CARTESIAN_POINT('Ctrl Pts',(30.1895454846947,40.4379768997514,160.400227110499));
#2240=CARTESIAN_POINT('Ctrl Pts',(15.3639054051847,48.2180467764461,162.530206917394));
#2241=CARTESIAN_POINT('Ctrl Pts',(6.94598088806161,50.2053930808342,163.596876812853));
#2242=CARTESIAN_POINT('Ctrl Pts',(-9.8658761872596,49.8578390577228,165.736082376739));
#2243=CARTESIAN_POINT('Ctrl Pts',(-18.2306912491474,47.5238812497689,166.807051339426));
#2244=CARTESIAN_POINT('Ctrl Pts',(-32.8468242287725,39.0657817692467,168.955371270657));
#2245=CARTESIAN_POINT('Ctrl Pts',(-39.0694341478377,32.9586549798206,170.03057967916));
#2246=CARTESIAN_POINT('Ctrl Pts',(-47.8210175279309,18.4340896094365,172.187865247604));
#2247=CARTESIAN_POINT('Ctrl Pts',(-50.3309237042436,10.0489858589624,173.267236421808));
#2248=CARTESIAN_POINT('Ctrl Pts',(-50.9841826662113,-6.96482035010259,175.433302226557));
#2249=CARTESIAN_POINT('Ctrl Pts',(-49.1263027298425,-15.551926763534,176.516742701475));
#2250=CARTESIAN_POINT('Ctrl Pts',(-41.4532448312475,-30.8265528308659,178.691367497941));
#2251=CARTESIAN_POINT('Ctrl Pts',(-35.658860090539,-37.473508310603,179.778767360709));
#2252=CARTESIAN_POINT('Ctrl Pts',(-21.5106186619724,-47.1818249648917,181.961695039132));
#2253=CARTESIAN_POINT('Ctrl Pts',(-13.1977305573352,-50.2155336609852,183.052928329383));
#2254=CARTESIAN_POINT('Ctrl Pts',(3.94219708763599,-51.8923485373418,185.243869037892));
#2255=CARTESIAN_POINT('Ctrl Pts',(12.7163206619001,-50.5306644336199,186.338794211565));
#2256=CARTESIAN_POINT('Ctrl Pts',(28.5912759375943,-43.6998397436233,188.537425616251));
#2257=CARTESIAN_POINT('Ctrl Pts',(35.6401953802177,-38.2534596625873,189.635886072686));
#2258=CARTESIAN_POINT('Ctrl Pts',(46.2798097608642,-24.5614923835899,191.841854746532));
#2259=CARTESIAN_POINT('Ctrl Pts',(49.8339586560237,-16.3635724415349,192.943679418441));
#2260=CARTESIAN_POINT('Ctrl Pts',(52.5495824301831,0.817699340689718,195.156602350538));
#2261=CARTESIAN_POINT('Ctrl Pts',(51.7015656930078,9.73850108324745,196.261606356087));
#2262=CARTESIAN_POINT('Ctrl Pts',(45.7673983233131,26.1442735266116,198.481072572272));
#2263=CARTESIAN_POINT('Ctrl Pts',(40.7041539076449,33.5670534452934,199.589057928136));
#2264=CARTESIAN_POINT('Ctrl Pts',(27.5509319446333,45.101126060263,201.814630214025));
#2265=CARTESIAN_POINT('Ctrl Pts',(19.5131439678454,49.1671589866202,202.925386607831));
#2266=CARTESIAN_POINT('Ctrl Pts',(2.38258179625385,52.9277242994826,205.156603325169));
#2267=CARTESIAN_POINT('Ctrl Pts',(-6.64010635731382,52.6072499561329,206.269908945272));
#2268=CARTESIAN_POINT('Ctrl Pts',(-23.4966588759353,47.6191772102047,208.506285932634));
#2269=CARTESIAN_POINT('Ctrl Pts',(-31.2596215145028,42.9729315424018,209.621908352639));
#2270=CARTESIAN_POINT('Ctrl Pts',(-43.6396948053231,30.4410594360057,211.862940901658));
#2271=CARTESIAN_POINT('Ctrl Pts',(-48.2035017397305,22.6098741172549,212.980638016604));
#2272=CARTESIAN_POINT('Ctrl Pts',(-53.0047831133748,5.62726498413346,215.225802915148));
#2273=CARTESIAN_POINT('Ctrl Pts',(-53.2213182043923,-3.44891780988524,216.345323925715));
#2274=CARTESIAN_POINT('Ctrl Pts',(-49.2217491381415,-20.6670500416123,218.594081559765));
#2275=CARTESIAN_POINT('Ctrl Pts',(-45.023982948429,-28.7313673729965,219.715168000348));
#2276=CARTESIAN_POINT('Ctrl Pts',(-33.1937428637187,-41.8977118772418,221.966964506615));
#2277=CARTESIAN_POINT('Ctrl Pts',(-25.6157350234559,-46.9395274332093,223.08935131263));
#2278=CARTESIAN_POINT('Ctrl Pts',(-8.88112655985096,-52.7661792703937,225.343620774332));
#2279=CARTESIAN_POINT('Ctrl Pts',(0.197610722400061,-53.5241624481361,226.467037383619));
#2280=CARTESIAN_POINT('Ctrl Pts',(17.6807914933902,-50.5467387191323,228.723204062156));
#2281=CARTESIAN_POINT('Ctrl Pts',(26.0031697783885,-46.8255236178152,229.84737554498));
#2282=CARTESIAN_POINT('Ctrl Pts',(39.8856827427196,-35.7724928620142,232.104856140534));
#2283=CARTESIAN_POINT('Ctrl Pts',(45.3802567970967,-28.4931071651786,233.229504352287));
#2284=CARTESIAN_POINT('Ctrl Pts',(52.2055808836775,-12.1067978188723,235.487710286659));
#2285=CARTESIAN_POINT('Ctrl Pts',(53.5040341275295,-3.07779931804698,236.612555037137));
#2286=CARTESIAN_POINT('Ctrl Pts',(51.5722977109,14.5687764488957,238.8708947523));
#2287=CARTESIAN_POINT('Ctrl Pts',(48.3514182218316,23.10236845519,239.995654985172));
#2288=CARTESIAN_POINT('Ctrl Pts',(38.1442948303701,37.6219845789604,242.25353625116));
#2289=CARTESIAN_POINT('Ctrl Pts',(31.2066499052948,43.5390212017133,243.377931227191));
#2290=CARTESIAN_POINT('Ctrl Pts',(15.266606274763,51.3252852865473,245.634763452985));
#2291=CARTESIAN_POINT('Ctrl Pts',(6.33971947682566,53.1576842423258,246.75851393048));
#2292=CARTESIAN_POINT('Ctrl Pts',(-11.3659442696783,52.2842309084347,249.01371047151));
#2293=CARTESIAN_POINT('Ctrl Pts',(-20.0614409098045,49.582507556771,250.136539877576));
#2294=CARTESIAN_POINT('Ctrl Pts',(-35.1319850206475,40.2812645318041,252.389520333348));
#2295=CARTESIAN_POINT('Ctrl Pts',(-41.4368282543065,33.7250637707159,253.511155919644));
#2296=CARTESIAN_POINT('Ctrl Pts',(-50.1361241526502,18.3244473963455,255.761348414799));
#2297=CARTESIAN_POINT('Ctrl Pts',(-52.4905369373199,9.55084447252543,256.881522391736));
#2298=CARTESIAN_POINT('Ctrl Pts',(-52.6767045425974,-8.10954607217445,259.128365833604));
#2299=CARTESIAN_POINT('Ctrl Pts',(-50.5075575337447,-16.9163870285546,260.246816477204));
#2300=CARTESIAN_POINT('Ctrl Pts',(-42.1620257484738,-32.4467723685824,262.48976278259));
#2301=CARTESIAN_POINT('Ctrl Pts',(-36.0226365378191,-39.1013010840947,263.60623550862));
#2302=CARTESIAN_POINT('Ctrl Pts',(-21.2475717928591,-48.65689819845,265.844751792218));
#2303=CARTESIAN_POINT('Ctrl Pts',(-12.6760088598148,-51.5163849768467,266.959000192618));
#2304=CARTESIAN_POINT('Ctrl Pts',(4.83728492016723,-52.7524931871603,269.192570909073));
#2305=CARTESIAN_POINT('Ctrl Pts',(13.704919920162,-51.1237705575762,270.304357746171));
#2306=CARTESIAN_POINT('Ctrl Pts',(29.6015743754381,-43.772724605918,272.532486777453));
#2307=CARTESIAN_POINT('Ctrl Pts',(36.5652547863019,-38.0804767088001,273.641584931952));
#2308=CARTESIAN_POINT('Ctrl Pts',(46.9133744318491,-24.0081776341736,275.863797611345));
#2309=CARTESIAN_POINT('Ctrl Pts',(50.2566230794025,-15.6839121405858,276.969990980588));
#2310=CARTESIAN_POINT('Ctrl Pts',(52.5227476366181,1.58544430968641,279.185836044314));
#2311=CARTESIAN_POINT('Ctrl Pts',(51.436824411134,10.4645737462161,280.288920387844));
#2312=CARTESIAN_POINT('Ctrl Pts',(45.1076159161269,26.6339608599122,282.497971845098));
#2313=CARTESIAN_POINT('Ctrl Pts',(39.8873551288153,33.8649953727267,283.597755575041));
#2314=CARTESIAN_POINT('Ctrl Pts',(26.5847089763973,44.9369043670199,285.799614487051));
#2315=CARTESIAN_POINT('Ctrl Pts',(18.5486081845015,48.7390624154612,286.895919401329));
#2316=CARTESIAN_POINT('Ctrl Pts',(1.61288010111368,52.0062940508911,289.090215560044));
#2317=CARTESIAN_POINT('Ctrl Pts',(-7.23084553324938,51.4604313223353,290.182877516872));
#2318=CARTESIAN_POINT('Ctrl Pts',(-23.5819386961542,46.169181614295,292.369271013922));
#2319=CARTESIAN_POINT('Ctrl Pts',(-31.038444218666,41.4400979368936,293.458140546458));
#2320=CARTESIAN_POINT('Ctrl Pts',(-42.7627445266401,28.9627773101355,295.636323223251));
#2321=CARTESIAN_POINT('Ctrl Pts',(-46.9963954110507,21.2506633043324,296.721266093596));
#2322=CARTESIAN_POINT('Ctrl Pts',(-51.2285027743942,4.72933567519935,298.890962863764));
#2323=CARTESIAN_POINT('Ctrl Pts',(-51.2154390902854,-4.0354873833835,299.971860555838));
#2324=CARTESIAN_POINT('Ctrl Pts',(-46.9677691753358,-20.4820553782598,302.132830591726));
#2325=CARTESIAN_POINT('Ctrl Pts',(-42.7435010095797,-28.1232031024957,303.209580742732));
#2326=CARTESIAN_POINT('Ctrl Pts',(-31.1356456140724,-40.4281796753278,305.361618518254));
#2327=CARTESIAN_POINT('Ctrl Pts',(-23.7779067766069,-45.0644027357253,306.434135288662));
#2328=CARTESIAN_POINT('Ctrl Pts',(-7.74155670238038,-50.2197922292066,308.577071471627));
#2329=CARTESIAN_POINT('Ctrl Pts',(0.905057521743443,-50.7285253467675,309.645285853677));
#2330=CARTESIAN_POINT('Ctrl Pts',(17.3676285007658,-47.5207675423782,311.77898804158));
#2331=CARTESIAN_POINT('Ctrl Pts',(25.1546802192421,-43.8097662051453,312.842848106362));
#2332=CARTESIAN_POINT('Ctrl Pts',(37.9705631311519,-33.1042406943147,314.967221400693));
#2333=CARTESIAN_POINT('Ctrl Pts',(42.9800121498406,-26.1257228877438,316.026692483718));
#2334=CARTESIAN_POINT('Ctrl Pts',(49.0138573983507,-10.6340169529636,318.141679899337));
#2335=CARTESIAN_POINT('Ctrl Pts',(50.0305631323239,-2.140176850407,319.196744723335));
#2336=CARTESIAN_POINT('Ctrl Pts',(47.851367864449,14.2672123855024,321.302327433457));
#2337=CARTESIAN_POINT('Ctrl Pts',(44.6574910566178,22.1643950200362,322.352986158729));
#2338=CARTESIAN_POINT('Ctrl Pts',(34.8766893444987,35.4253957051215,324.449183598269));
#2339=CARTESIAN_POINT('Ctrl Pts',(28.2968631473915,40.7793299239076,325.495453728603));
#2340=CARTESIAN_POINT('Ctrl Pts',(13.3984350442882,47.6457317143774,327.582323735798));
#2341=CARTESIAN_POINT('Ctrl Pts',(5.08691346674088,49.1547584589834,328.624239345618));
#2342=CARTESIAN_POINT('Ctrl Pts',(-11.2033976069154,47.9869844971864,330.70187968654));
#2343=CARTESIAN_POINT('Ctrl Pts',(-19.1785748775048,45.310272253547,331.739485979183));
#2344=CARTESIAN_POINT('Ctrl Pts',(-32.8245503910736,36.4674080660524,333.808047589234));
#2345=CARTESIAN_POINT('Ctrl Pts',(-38.495813198288,30.3007788966069,334.841359779469));
#2346=CARTESIAN_POINT('Ctrl Pts',(-44.8714095820837,18.4164636645485,336.557161087495));
#2347=CARTESIAN_POINT('Ctrl Pts',(-46.6032704750196,13.2349819158567,337.242464373063));
#2348=CARTESIAN_POINT('Ctrl Pts',(-47.4494959482038,7.92258239729625,337.926940215237));
#2349=CARTESIAN_POINT('Ctrl Pts',(44.4232538761901,-23.2313045875446,39.8604593239713));
#2350=CARTESIAN_POINT('Ctrl Pts',(46.2804268122185,-19.6064297440858,40.378609458411));
#2351=CARTESIAN_POINT('Ctrl Pts',(47.6992092266771,-15.7612895799177,40.8961515993432));
#2352=CARTESIAN_POINT('Ctrl Pts',(50.5382167110693,-3.60924631324184,42.4837799569012));
#2353=CARTESIAN_POINT('Ctrl Pts',(50.3380972826945,5.04255439653697,43.5509679387009));
#2354=CARTESIAN_POINT('Ctrl Pts',(45.7920501441829,21.1660919165523,45.6821017638007));
#2355=CARTESIAN_POINT('Ctrl Pts',(41.4533694648444,28.6126944634681,46.7449134894946));
#2356=CARTESIAN_POINT('Ctrl Pts',(29.7335924533228,40.4789207194808,48.8666206128884));
#2357=CARTESIAN_POINT('Ctrl Pts',(22.3674669811254,44.8829830811025,49.9249993169387));
#2358=CARTESIAN_POINT('Ctrl Pts',(6.44379258003,49.5870136797918,52.0372622417771));
#2359=CARTESIAN_POINT('Ctrl Pts',(-2.09725354862823,49.88176333762,53.0911970976729));
#2360=CARTESIAN_POINT('Ctrl Pts',(-18.2390318087882,46.3210507405092,55.1940269056763));
#2361=CARTESIAN_POINT('Ctrl Pts',(-25.826908400825,42.4680693509831,56.2435287104185));
#2362=CARTESIAN_POINT('Ctrl Pts',(-38.1828863714484,31.5991768157492,58.3369730688048));
#2363=CARTESIAN_POINT('Ctrl Pts',(-42.9440604225696,24.5888779078675,59.3820710923923));
#2364=CARTESIAN_POINT('Ctrl Pts',(-48.4848866653461,9.17128854213358,61.4662150443729));
#2365=CARTESIAN_POINT('Ctrl Pts',(-49.2625730907036,0.768363757207837,62.5069565251611));
#2366=CARTESIAN_POINT('Ctrl Pts',(-46.6750685701998,-15.3359581506858,64.5819222205795));
#2367=CARTESIAN_POINT('Ctrl Pts',(-43.3096113851435,-23.0366056729326,65.6183721467969));
#2368=CARTESIAN_POINT('Ctrl Pts',(-33.3062619409934,-35.82994958573,67.6843183112746));
#2369=CARTESIAN_POINT('Ctrl Pts',(-26.6660307545776,-40.9250104300057,68.7165591724969));
#2370=CARTESIAN_POINT('Ctrl Pts',(-11.7901309829489,-47.2650378689684,70.7736804256675));
#2371=CARTESIAN_POINT('Ctrl Pts',(-3.54767256368485,-48.5124784460012,71.8018118918232));
#2372=CARTESIAN_POINT('Ctrl Pts',(12.4726440370083,-46.8823794725701,73.8503379331118));
#2373=CARTESIAN_POINT('Ctrl Pts',(20.261433722123,-44.0033436497291,74.8744764560037));
#2374=CARTESIAN_POINT('Ctrl Pts',(33.4461747993193,-34.8728738112653,76.9146711239731));
#2375=CARTESIAN_POINT('Ctrl Pts',(38.8540166619274,-28.6127512541494,77.9349494619052));
#2376=CARTESIAN_POINT('Ctrl Pts',(45.9580924235097,-14.3049440573161,79.9671096714578));
#2377=CARTESIAN_POINT('Ctrl Pts',(47.6621362465182,-6.24071839498104,80.9836763388633));
#2378=CARTESIAN_POINT('Ctrl Pts',(46.9718035999896,9.65813248382296,83.0081309002802));
#2379=CARTESIAN_POINT('Ctrl Pts',(44.576141068361,17.5144364598543,84.0211495449713));
#2380=CARTESIAN_POINT('Ctrl Pts',(36.3203876416876,31.051736730891,86.0382578686546));
#2381=CARTESIAN_POINT('Ctrl Pts',(30.4470101106439,36.7538967144503,87.0479065799325));
#2382=CARTESIAN_POINT('Ctrl Pts',(16.7258746058704,44.5907224099926,89.0580572706488));
#2383=CARTESIAN_POINT('Ctrl Pts',(8.85357179273316,46.7390601778958,90.0645278220819));
#2384=CARTESIAN_POINT('Ctrl Pts',(-6.89477618654767,46.9708843061498,92.0681371664799));
#2385=CARTESIAN_POINT('Ctrl Pts',(-14.801847494586,45.054552275675,93.0716341976742));
#2386=CARTESIAN_POINT('Ctrl Pts',(-28.660178047857,37.6718349700701,95.0691445488744));
#2387=CARTESIAN_POINT('Ctrl Pts',(-34.6411252204723,32.1893543888198,96.0698846910146));
#2388=CARTESIAN_POINT('Ctrl Pts',(-43.1842563514393,19.0673800493716,98.0617627541704));
#2389=CARTESIAN_POINT('Ctrl Pts',(-45.7660724477796,11.3973342168215,99.0599737044913));
#2390=CARTESIAN_POINT('Ctrl Pts',(-46.9041197946078,-4.17873670837794,101.046708727396));
#2391=CARTESIAN_POINT('Ctrl Pts',(-45.4629821181495,-12.123325673662,102.04262827805));
#2392=CARTESIAN_POINT('Ctrl Pts',(-38.9500990411743,-26.2781060084578,104.024730151132));
#2393=CARTESIAN_POINT('Ctrl Pts',(-33.8611703807101,-32.5252728448991,105.018605178133));
#2394=CARTESIAN_POINT('Ctrl Pts',(-21.3467323752977,-41.7536385603802,106.996602448534));
#2395=CARTESIAN_POINT('Ctrl Pts',(-13.8868113747428,-44.7600602498095,107.988687866601));
#2396=CARTESIAN_POINT('Ctrl Pts',(1.50088984609316,-46.7913902439125,109.963125671479));
#2397=CARTESIAN_POINT('Ctrl Pts',(9.47262295816732,-45.8220078237935,110.953683360636));
#2398=CARTESIAN_POINT('Ctrl Pts',(23.9053407115762,-40.1761134644111,112.925121285376));
#2399=CARTESIAN_POINT('Ctrl Pts',(30.4088945431321,-35.4828822495299,113.91441899515));
#2400=CARTESIAN_POINT('Ctrl Pts',(40.3067991763026,-23.5823316985654,115.883428862742));
#2401=CARTESIAN_POINT('Ctrl Pts',(43.7311120000548,-16.3389356565502,116.871739099672));
#2402=CARTESIAN_POINT('Ctrl Pts',(46.6466756503295,-1.15192040960848,118.838902698218));
#2403=CARTESIAN_POINT('Ctrl Pts',(46.146931928883,6.83864266258824,119.826501602215));
#2404=CARTESIAN_POINT('Ctrl Pts',(41.3671750419331,21.5355040666036,121.792408358214));
#2405=CARTESIAN_POINT('Ctrl Pts',(37.072197975188,28.2878733604005,122.779574573071));
#2406=CARTESIAN_POINT('Ctrl Pts',(25.7919343325592,38.8444728824937,124.744819178871));
#2407=CARTESIAN_POINT('Ctrl Pts',(18.7710361278108,42.6820870295926,125.73183272193));
#2408=CARTESIAN_POINT('Ctrl Pts',(3.79535781592164,46.4771439759743,127.697012726496));
#2409=CARTESIAN_POINT('Ctrl Pts',(-4.20682183624958,46.4466630311395,128.684153862144));
#2410=CARTESIAN_POINT('Ctrl Pts',(-19.1570127877207,42.5354765642464,130.649867234987));
#2411=CARTESIAN_POINT('Ctrl Pts',(-26.1521988503407,38.6425137273752,131.637415356324));
#2412=CARTESIAN_POINT('Ctrl Pts',(-37.3604786519815,27.9909068732935,133.604258035132));
#2413=CARTESIAN_POINT('Ctrl Pts',(-41.6086475132175,21.1990659273589,134.592490557771));
#2414=CARTESIAN_POINT('Ctrl Pts',(-46.2826687231386,6.44589531471246,136.561053990888));
#2415=CARTESIAN_POINT('Ctrl Pts',(-46.7229976631236,-1.56075044642463,137.550245262501));
#2416=CARTESIAN_POINT('Ctrl Pts',(-43.6869541425425,-16.7544142557143,139.521113957938));
#2417=CARTESIAN_POINT('Ctrl Pts',(-40.2015806523437,-23.9871322747973,140.511534186824));
#2418=CARTESIAN_POINT('Ctrl Pts',(-30.1906181727095,-35.8424456700336,142.485283279863));
#2419=CARTESIAN_POINT('Ctrl Pts',(-23.6359019425634,-40.4997537479772,143.477197485504));
#2420=CARTESIAN_POINT('Ctrl Pts',(-9.11904971238364,-46.0558103536259,145.454390337281));
#2421=CARTESIAN_POINT('Ctrl Pts',(-1.11607642945019,-46.9703534116356,146.448057325565));
#2422=CARTESIAN_POINT('Ctrl Pts',(14.3099822396918,-44.8205263236348,148.429243165146));
#2423=CARTESIAN_POINT('Ctrl Pts',(21.7746857620553,-41.7505238710874,149.424914530725));
#2424=CARTESIAN_POINT('Ctrl Pts',(34.27294305152,-32.3970747030187,151.410626153156));
#2425=CARTESIAN_POINT('Ctrl Pts',(39.3385949246665,-26.0898293016182,152.408545311218));
#2426=CARTESIAN_POINT('Ctrl Pts',(45.7822679916214,-11.8276634588531,154.399296843898));
#2427=CARTESIAN_POINT('Ctrl Pts',(47.1759758402485,-3.83848742243564,155.399698093514));
#2428=CARTESIAN_POINT('Ctrl Pts',(45.9277792548184,11.8054717475933,157.395982842879));
#2429=CARTESIAN_POINT('Ctrl Pts',(43.2832825621984,19.4953214597068,158.399090464024));
#2430=CARTESIAN_POINT('Ctrl Pts',(34.6098914479859,32.630944798375,160.401378854058));
#2431=CARTESIAN_POINT('Ctrl Pts',(28.5633130480624,38.10389923134,161.407406240381));
#2432=CARTESIAN_POINT('Ctrl Pts',(14.5803464595151,45.4417781267497,163.416143853821));
#2433=CARTESIAN_POINT('Ctrl Pts',(6.61796145528085,47.3206115038214,164.425292683283));
#2434=CARTESIAN_POINT('Ctrl Pts',(-9.22392030798619,46.9931245968094,166.440898415616));
#2435=CARTESIAN_POINT('Ctrl Pts',(-17.1297613342931,44.7865134598844,167.453357861189));
#2436=CARTESIAN_POINT('Ctrl Pts',(-30.8935386657782,36.8216704207559,169.476222196645));
#2437=CARTESIAN_POINT('Ctrl Pts',(-36.7715417796888,31.0521416381466,170.49216817938));
#2438=CARTESIAN_POINT('Ctrl Pts',(-45.0094076721735,17.3801823309195,172.522651597111));
#2439=CARTESIAN_POINT('Ctrl Pts',(-47.3796086799267,9.46116342713034,173.54224608401));
#2440=CARTESIAN_POINT('Ctrl Pts',(-47.9944264877601,-6.55137822095528,175.580677601587));
#2441=CARTESIAN_POINT('Ctrl Pts',(-46.2399698570379,-14.660790206872,176.604067950857));
#2442=CARTESIAN_POINT('Ctrl Pts',(-39.0178332644469,-29.0377703453224,178.650743811084));
#2443=CARTESIAN_POINT('Ctrl Pts',(-33.5450028029772,-35.3163487136598,179.678062167499));
#2444=CARTESIAN_POINT('Ctrl Pts',(-20.2237875004102,-44.4571621767343,181.733244673376));
#2445=CARTESIAN_POINT('Ctrl Pts',(-12.3687869533045,-47.3243789841782,182.764607416598));
#2446=CARTESIAN_POINT('Ctrl Pts',(3.77845366175278,-48.904062980401,184.828523918105));
#2447=CARTESIAN_POINT('Ctrl Pts',(12.0749347565616,-47.6173367662852,185.86403116691));
#2448=CARTESIAN_POINT('Ctrl Pts',(27.0425044363085,-41.1769249498882,187.936873202154));
#2449=CARTESIAN_POINT('Ctrl Pts',(33.7139827760257,-36.0235238050576,188.976608377577));
#2450=CARTESIAN_POINT('Ctrl Pts',(43.7558086486805,-23.1007889967387,191.05853096975));
#2451=CARTESIAN_POINT('Ctrl Pts',(47.1241292581365,-15.3347818328286,192.102560420164));
#2452=CARTESIAN_POINT('Ctrl Pts',(49.6903586086741,0.901570068816289,194.193681530733));
#2453=CARTESIAN_POINT('Ctrl Pts',(48.8874729484608,9.36390958171031,195.242054221838));
#2454=CARTESIAN_POINT('Ctrl Pts',(43.2713746999804,24.8901821744234,197.342454359446));
#2455=CARTESIAN_POINT('Ctrl Pts',(38.4627776359687,31.9427906452123,198.395201632023));
#2456=CARTESIAN_POINT('Ctrl Pts',(25.9937594084513,42.8767982601098,200.504923615763));
#2457=CARTESIAN_POINT('Ctrl Pts',(18.3460185273465,46.7477559480553,201.56205901387));
#2458=CARTESIAN_POINT('Ctrl Pts',(2.07614783288523,50.3193005292453,203.681107888829));
#2459=CARTESIAN_POINT('Ctrl Pts',(-6.52573711868117,50.01598449891,204.742627060847));
#2460=CARTESIAN_POINT('Ctrl Pts',(-22.5683629931352,45.268670488573,206.870970163266));
#2461=CARTESIAN_POINT('Ctrl Pts',(-29.9854956738953,40.8322267594827,207.93685083788));
#2462=CARTESIAN_POINT('Ctrl Pts',(-41.7941682887649,28.8786175589511,210.074418006725));
#2463=CARTESIAN_POINT('Ctrl Pts',(-46.1657847321992,21.3824136198133,211.144620045532));
#2464=CARTESIAN_POINT('Ctrl Pts',(-50.7564329038373,5.14441837047432,213.29130397694));
#2465=CARTESIAN_POINT('Ctrl Pts',(-50.9670343942449,-3.56546975318972,214.365769504893));
#2466=CARTESIAN_POINT('Ctrl Pts',(-47.1328771126479,-20.0709519176368,216.521426245685));
#2467=CARTESIAN_POINT('Ctrl Pts',(-43.0970487835924,-27.8306305817138,217.600079860076));
#2468=CARTESIAN_POINT('Ctrl Pts',(-31.7254733834607,-40.4863051738452,219.764529436359));
#2469=CARTESIAN_POINT('Ctrl Pts',(-24.4175111722629,-45.3522366146148,220.847278494473));
#2470=CARTESIAN_POINT('Ctrl Pts',(-8.28580838455959,-50.9688138980113,223.020305671274));
#2471=CARTESIAN_POINT('Ctrl Pts',(0.495467951992364,-51.7052788518921,224.107040656237));
#2472=CARTESIAN_POINT('Ctrl Pts',(17.3990359825134,-48.8264066981216,226.288395824131));
#2473=CARTESIAN_POINT('Ctrl Pts',(25.4736218994866,-45.2197655368556,227.378990787847));
#2474=CARTESIAN_POINT('Ctrl Pts',(38.9374607889472,-34.499867500217,229.568390972536));
#2475=CARTESIAN_POINT('Ctrl Pts',(44.2863075536677,-27.4194870084985,230.66270405399));
#2476=CARTESIAN_POINT('Ctrl Pts',(50.9269170674936,-11.476201026271,232.859834044903));
#2477=CARTESIAN_POINT('Ctrl Pts',(52.197814793506,-2.66478417615944,233.957708061448));
#2478=CARTESIAN_POINT('Ctrl Pts',(50.3119356345268,14.5612783572879,236.16222165551));
#2479=CARTESIAN_POINT('Ctrl Pts',(47.1620793720648,22.9174599844093,237.263484764167));
#2480=CARTESIAN_POINT('Ctrl Pts',(37.1643317679041,37.1389306323602,239.475006120914));
#2481=CARTESIAN_POINT('Ctrl Pts',(30.3525176418795,42.9537609506167,240.579472546133));
#2482=CARTESIAN_POINT('Ctrl Pts',(14.6856982985559,50.6063634847278,242.797597650453));
#2483=CARTESIAN_POINT('Ctrl Pts',(5.88931645063059,52.4160228482459,243.905068474236));
#2484=CARTESIAN_POINT('Ctrl Pts',(-11.5738466533323,51.5543537261734,246.129366702961));
#2485=CARTESIAN_POINT('Ctrl Pts',(-20.1729136954793,48.8868085484935,247.239630712789));
#2486=CARTESIAN_POINT('Ctrl Pts',(-35.0898240125724,39.6801778570716,249.46964650132));
#2487=CARTESIAN_POINT('Ctrl Pts',(-41.3479498559386,33.1784338531991,250.582481090911));
#2488=CARTESIAN_POINT('Ctrl Pts',(-49.9893818208664,17.8799043229626,252.817735695887));
#2489=CARTESIAN_POINT('Ctrl Pts',(-52.3371966538417,9.1467267349424,253.932907813486));
#2490=CARTESIAN_POINT('Ctrl Pts',(-52.5226296954804,-8.45988020615358,256.172901167313));
#2491=CARTESIAN_POINT('Ctrl Pts',(-50.3598073964102,-17.2582759803238,257.290168305953));
#2492=CARTESIAN_POINT('Ctrl Pts',(-42.0094071818257,-32.7973809317398,259.534380958657));
#2493=CARTESIAN_POINT('Ctrl Pts',(-35.858561534589,-39.4704074931472,260.65349218267));
#2494=CARTESIAN_POINT('Ctrl Pts',(-21.0215124469371,-49.0659097313808,262.901387326162));
#2495=CARTESIAN_POINT('Ctrl Pts',(-12.401589865134,-51.9458611718432,264.022084328136));
#2496=CARTESIAN_POINT('Ctrl Pts',(5.24852856675954,-53.1914817454615,266.273109897453));
#2497=CARTESIAN_POINT('Ctrl Pts',(14.198654492671,-51.5517567344499,267.395128079841));
#2498=CARTESIAN_POINT('Ctrl Pts',(30.2768169372542,-44.1166277784152,269.648718925387));
#2499=CARTESIAN_POINT('Ctrl Pts',(37.3309697048953,-38.3556400217567,270.771788501021));
#2500=CARTESIAN_POINT('Ctrl Pts',(47.8342703803786,-24.0721008577135,273.027368625173));
#2501=CARTESIAN_POINT('Ctrl Pts',(51.2346998709767,-15.6161375577869,274.151215731133));
#2502=CARTESIAN_POINT('Ctrl Pts',(53.5427523242456,1.97361887925218,276.408200581901));
#2503=CARTESIAN_POINT('Ctrl Pts',(52.4397158467782,11.0248487886049,277.532548401369));
#2504=CARTESIAN_POINT('Ctrl Pts',(45.9708621078409,27.5507046396501,279.790347215065));
#2505=CARTESIAN_POINT('Ctrl Pts',(40.6357014745772,34.9474202689418,280.914917102077));
#2506=CARTESIAN_POINT('Ctrl Pts',(26.9940280464042,46.3013819940909,283.172935286229));
#2507=CARTESIAN_POINT('Ctrl Pts',(18.7521075561099,50.2050325018938,284.297447888545));
#2508=CARTESIAN_POINT('Ctrl Pts',(1.32796771577236,53.566402222926,286.555089435555));
#2509=CARTESIAN_POINT('Ctrl Pts',(-7.77188137063596,53.0083394069305,287.6792658112));
#2510=CARTESIAN_POINT('Ctrl Pts',(-24.6479278789035,47.5471345241908,289.935935732558));
#2511=CARTESIAN_POINT('Ctrl Pts',(-32.3446786246724,42.6697947283028,291.059498455954));
#2512=CARTESIAN_POINT('Ctrl Pts',(-44.4824851811902,29.7523119744134,293.314605226185));
#2513=CARTESIAN_POINT('Ctrl Pts',(-48.8668111548654,21.7726478217837,294.43727948012));
#2514=CARTESIAN_POINT('Ctrl Pts',(-53.2610603268572,4.6181120594634,296.690237479083));
#2515=CARTESIAN_POINT('Ctrl Pts',(-53.2506810584626,-4.47727236841271,297.811752129148));
#2516=CARTESIAN_POINT('Ctrl Pts',(-48.8277384706998,-21.6022705313634,300.061984070855));
#2517=CARTESIAN_POINT('Ctrl Pts',(-44.4354441064363,-29.5535779787064,301.182072719257));
#2518=CARTESIAN_POINT('Ctrl Pts',(-32.3163758536034,-42.4004014168613,303.429012055038));
#2519=CARTESIAN_POINT('Ctrl Pts',(-24.6441558676915,-47.2381313149267,304.547414071017));
#2520=CARTESIAN_POINT('Ctrl Pts',(-7.85935345532261,-52.6340911330644,306.790507354666));
#2521=CARTESIAN_POINT('Ctrl Pts',(1.17916528653168,-53.1685294884623,307.906968878973));
#2522=CARTESIAN_POINT('Ctrl Pts',(18.4507252878808,-49.8031013044202,310.145678081432));
#2523=CARTESIAN_POINT('Ctrl Pts',(26.6093082262173,-45.9177482556678,311.25995300256));
#2524=CARTESIAN_POINT('Ctrl Pts',(40.0843651801641,-34.6615496683491,313.493757763771));
#2525=CARTESIAN_POINT('Ctrl Pts',(45.344285109355,-27.3379353891847,314.605608663908));
#2526=CARTESIAN_POINT('Ctrl Pts',(51.7011714685535,-11.0167478682068,316.834008469298));
#2527=CARTESIAN_POINT('Ctrl Pts',(52.7722516656809,-2.08557765054342,317.943207539295));
#2528=CARTESIAN_POINT('Ctrl Pts',(50.472188478527,15.2316267392724,320.165723805796));
#2529=CARTESIAN_POINT('Ctrl Pts',(47.1100458519949,23.5496205581965,321.272053737307));
#2530=CARTESIAN_POINT('Ctrl Pts',(36.7702299731639,37.5684999623788,323.488231772168));
#2531=CARTESIAN_POINT('Ctrl Pts',(29.8315633916815,43.2164135916193,324.59148670102));
#2532=CARTESIAN_POINT('Ctrl Pts',(14.0595679488789,50.4853993755534,326.80089733227));
#2533=CARTESIAN_POINT('Ctrl Pts',(5.28319417675509,52.0801484283779,327.900884396608));
#2534=CARTESIAN_POINT('Ctrl Pts',(-11.9827382780429,50.8424201649152,330.103123843489));
#2535=CARTESIAN_POINT('Ctrl Pts',(-20.4128669164232,48.0140939750704,331.19966957681));
#2536=CARTESIAN_POINT('Ctrl Pts',(-34.890126450972,38.6326415726689,333.39434665925));
#2537=CARTESIAN_POINT('Ctrl Pts',(-40.8895347066757,32.1098126884428,334.487340860234));
#2538=CARTESIAN_POINT('Ctrl Pts',(-47.6595162097754,19.4926080113826,336.308765795322));
#2539=CARTESIAN_POINT('Ctrl Pts',(-49.4938184587307,14.0028213362639,337.035344854357));
#2540=CARTESIAN_POINT('Ctrl Pts',(-50.3911149418474,8.36965677101865,337.760944082247));
#2541=CARTESIAN_POINT('Ctrl Pts',(46.6234594124954,-24.098827536321,38.0435147479189));
#2542=CARTESIAN_POINT('Ctrl Pts',(48.565700195295,-20.3078916665382,38.5853887222528));
#2543=CARTESIAN_POINT('Ctrl Pts',(50.0506185027546,-16.2846531588067,39.1264615447443));
#2544=CARTESIAN_POINT('Ctrl Pts',(53.0261370913167,-3.54503559893485,40.7912978972072));
#2545=CARTESIAN_POINT('Ctrl Pts',(52.819436546033,5.51098691270607,41.9080051762338));
#2546=CARTESIAN_POINT('Ctrl Pts',(48.0427997616183,22.4519071972136,44.1473203851487));
#2547=CARTESIAN_POINT('Ctrl Pts',(43.4940544426132,30.2636877540132,45.2618951631065));
#2548=CARTESIAN_POINT('Ctrl Pts',(31.1545782154955,42.7572543624776,47.4958683582434));
#2549=CARTESIAN_POINT('Ctrl Pts',(23.4150035142937,47.3870536602649,48.607888527743));
#2550=CARTESIAN_POINT('Ctrl Pts',(6.61778204002417,52.3490657193187,50.8360989167097));
#2551=CARTESIAN_POINT('Ctrl Pts',(-2.37257714321288,52.6612067712949,51.9453159233142));
#2552=CARTESIAN_POINT('Ctrl Pts',(-19.4285685276934,48.8987586284804,54.1673114412043));
#2553=CARTESIAN_POINT('Ctrl Pts',(-27.4283198200228,44.8384830517317,55.2735092990379));
#2554=CARTESIAN_POINT('Ctrl Pts',(-40.5033987665678,33.3369532410013,57.4888558724779));
#2555=CARTESIAN_POINT('Ctrl Pts',(-45.5301771267621,25.9380773112584,58.591833538803));
#2556=CARTESIAN_POINT('Ctrl Pts',(-51.400860675073,9.60248398558956,60.8001230122755));
#2557=CARTESIAN_POINT('Ctrl Pts',(-52.2237740000494,0.723352060086887,61.8996927567767));
#2558=CARTESIAN_POINT('Ctrl Pts',(-49.4792990685002,-16.35764525951,64.1005452990708));
#2559=CARTESIAN_POINT('Ctrl Pts',(-45.9208010286877,-24.5022203750089,65.1965331748117));
#2560=CARTESIAN_POINT('Ctrl Pts',(-35.3021011789406,-38.0824810414708,67.3895988425549));
#2561=CARTESIAN_POINT('Ctrl Pts',(-28.2752058113915,-43.475018555317,68.4818453909275));
#2562=CARTESIAN_POINT('Ctrl Pts',(-12.4750913188421,-50.2089138858632,70.6668054749248));
#2563=CARTESIAN_POINT('Ctrl Pts',(-3.74855224724631,-51.5299781019244,71.7551664088533));
#2564=CARTESIAN_POINT('Ctrl Pts',(13.2728662201286,-49.7980014503529,73.9317346455317));
#2565=CARTESIAN_POINT('Ctrl Pts',(21.5207816372847,-46.7493468461846,75.016081472659));
#2566=CARTESIAN_POINT('Ctrl Pts',(35.5307902019815,-37.0473754283733,77.1840051299352));
#2567=CARTESIAN_POINT('Ctrl Pts',(41.2570331169998,-30.4183859674387,78.2642257072053));
#2568=CARTESIAN_POINT('Ctrl Pts',(48.8046497369846,-15.2173003635318,80.4232865444311));
#2569=CARTESIAN_POINT('Ctrl Pts',(50.6081278734336,-6.68028820970793,81.4992855598958));
#2570=CARTESIAN_POINT('Ctrl Pts',(49.8750120818955,10.2044368063534,83.6493006603419));
#2571=CARTESIAN_POINT('Ctrl Pts',(47.3395146817267,18.5168058175705,84.721000039087));
#2572=CARTESIAN_POINT('Ctrl Pts',(38.5775574380521,32.8842186051944,86.86182251331));
#2573=CARTESIAN_POINT('Ctrl Pts',(32.3669966641768,38.9123376867141,87.9291617450569));
#2574=CARTESIAN_POINT('Ctrl Pts',(17.8176309611972,47.2222619768063,90.0606813034851));
#2575=CARTESIAN_POINT('Ctrl Pts',(9.50215224417483,49.4902291713142,91.1236176900542));
#2576=CARTESIAN_POINT('Ctrl Pts',(-7.17761310741689,49.7358229062476,93.245761083108));
#2577=CARTESIAN_POINT('Ctrl Pts',(-15.5189769945661,47.7126664594729,94.3042699045805));
#2578=CARTESIAN_POINT('Ctrl Pts',(-30.1764621852049,39.9042949220281,96.4170012286049));
#2579=CARTESIAN_POINT('Ctrl Pts',(-36.4758545080029,34.127494170062,97.4710758276837));
#2580=CARTESIAN_POINT('Ctrl Pts',(-45.4968458202401,20.2716833718855,99.5743966949426));
#2581=CARTESIAN_POINT('Ctrl Pts',(-48.2101738904331,12.2045913210786,100.624048479665));
#2582=CARTESIAN_POINT('Ctrl Pts',(-49.4096931357342,-4.2116666755062,102.717998050651));
#2583=CARTESIAN_POINT('Ctrl Pts',(-47.8947213521145,-12.5506038880537,103.763256416248));
#2584=CARTESIAN_POINT('Ctrl Pts',(-41.0451207681861,-27.4374051498855,105.847911292595));
#2585=CARTESIAN_POINT('Ctrl Pts',(-35.7126787622892,-33.9795672771891,106.888823463893));
#2586=CARTESIAN_POINT('Ctrl Pts',(-22.5819472039682,-43.6625158220328,108.964297440306));
#2587=CARTESIAN_POINT('Ctrl Pts',(-14.7849953797936,-46.8018485141508,110.000928236644));
#2588=CARTESIAN_POINT('Ctrl Pts',(1.31924681035664,-48.9278667986028,112.067371910431));
#2589=CARTESIAN_POINT('Ctrl Pts',(9.62872599821344,-47.9144854111921,113.099803435552));
#2590=CARTESIAN_POINT('Ctrl Pts',(24.6917768949808,-42.0221179759863,115.157403672642));
#2591=CARTESIAN_POINT('Ctrl Pts',(31.4509954715366,-37.1405710587922,116.185734932482));
#2592=CARTESIAN_POINT('Ctrl Pts',(41.7506190584422,-24.7571741972399,118.234714189197));
#2593=CARTESIAN_POINT('Ctrl Pts',(45.2972738704996,-17.2473389981822,119.259060640861));
#2594=CARTESIAN_POINT('Ctrl Pts',(48.3216906521594,-1.49382193404367,121.299676141194));
#2595=CARTESIAN_POINT('Ctrl Pts',(47.8018189538474,6.76363773751977,122.320169176696));
#2596=CARTESIAN_POINT('Ctrl Pts',(42.8603089644823,21.9581604131883,124.352711945476));
#2597=CARTESIAN_POINT('Ctrl Pts',(38.4329630082961,28.9119783244789,125.369498314057));
#2598=CARTESIAN_POINT('Ctrl Pts',(26.8113516422957,39.7881491969448,127.394292067068));
#2599=CARTESIAN_POINT('Ctrl Pts',(19.6013960410078,43.7248868724068,128.407533240027));
#2600=CARTESIAN_POINT('Ctrl Pts',(4.22829480846538,47.6207439885075,130.424933132984));
#2601=CARTESIAN_POINT('Ctrl Pts',(-3.95886036774264,47.5857506390934,131.434804615046));
#2602=CARTESIAN_POINT('Ctrl Pts',(-19.248411400912,43.5858650642499,133.445195854213));
#2603=CARTESIAN_POINT('Ctrl Pts',(-26.3778423125373,39.6137296281765,134.451886445445));
#2604=CARTESIAN_POINT('Ctrl Pts',(-37.7964564973115,28.7623377413716,136.455682763665));
#2605=CARTESIAN_POINT('Ctrl Pts',(-42.1080683132863,21.8615737580583,137.45939377589));
#2606=CARTESIAN_POINT('Ctrl Pts',(-46.8510929890605,6.8908290424656,139.457035778817));
#2607=CARTESIAN_POINT('Ctrl Pts',(-47.292652754692,-1.21156420729039,140.457980210367));
#2608=CARTESIAN_POINT('Ctrl Pts',(-44.2242446379003,-16.5675235059303,142.449933598757));
#2609=CARTESIAN_POINT('Ctrl Pts',(-40.7070045144962,-23.8570035578502,143.448335271251));
#2610=CARTESIAN_POINT('Ctrl Pts',(-30.6302419611299,-35.7903326809055,145.435088946215));
#2611=CARTESIAN_POINT('Ctrl Pts',(-24.0454379140411,-40.4640076484328,146.431181606875));
#2612=CARTESIAN_POINT('Ctrl Pts',(-9.49291441213947,-46.0337770146657,148.413245666084));
#2613=CARTESIAN_POINT('Ctrl Pts',(-1.4865849515493,-46.9445910546639,149.407272058891));
#2614=CARTESIAN_POINT('Ctrl Pts',(13.9139485304164,-44.7983749746656,151.385175692685));
#2615=CARTESIAN_POINT('Ctrl Pts',(21.3510300359753,-41.7353332790174,152.377386601503));
#2616=CARTESIAN_POINT('Ctrl Pts',(33.7775281684315,-32.4356509802909,154.351675898838));
#2617=CARTESIAN_POINT('Ctrl Pts',(38.802976242797,-26.1720219895302,155.342329165422));
#2618=CARTESIAN_POINT('Ctrl Pts',(45.1836221347396,-12.0494787204294,157.313564840412));
#2619=CARTESIAN_POINT('Ctrl Pts',(46.557953837383,-4.14820912992385,158.302924360081));
#2620=CARTESIAN_POINT('Ctrl Pts',(45.3269928372649,11.2803521160953,160.271679410643));
#2621=CARTESIAN_POINT('Ctrl Pts',(42.7179229521947,18.8551593618175,161.260014108243));
#2622=CARTESIAN_POINT('Ctrl Pts',(34.1978126790384,31.758733134262,163.226871418949));
#2623=CARTESIAN_POINT('Ctrl Pts',(28.260029334908,37.1280555776869,164.214454207666));
#2624=CARTESIAN_POINT('Ctrl Pts',(14.5772567011522,44.3084583491336,166.180004109382));
#2625=CARTESIAN_POINT('Ctrl Pts',(6.78871009032918,46.1424487632889,167.167110834903));
#2626=CARTESIAN_POINT('Ctrl Pts',(-8.65475720578721,45.8232506186212,169.131948634088));
#2627=CARTESIAN_POINT('Ctrl Pts',(-16.3592382136784,43.6691010950471,170.118857006646));
#2628=CARTESIAN_POINT('Ctrl Pts',(-29.7280245288734,35.9328953859288,172.08358049733));
#2629=CARTESIAN_POINT('Ctrl Pts',(-35.4353379032312,30.3260457123477,173.070569014204));
#2630=CARTESIAN_POINT('Ctrl Pts',(-43.408792103623,17.093027722333,175.035775985653));
#2631=CARTESIAN_POINT('Ctrl Pts',(-45.7005329551897,9.42456885432978,176.023122846849));
#2632=CARTESIAN_POINT('Ctrl Pts',(-46.2936794601176,-6.02200152211865,177.98940859973));
#2633=CARTESIAN_POINT('Ctrl Pts',(-44.5970857683672,-13.8490215016679,178.977390619706));
#2634=CARTESIAN_POINT('Ctrl Pts',(-37.6524363943652,-27.6737507102788,180.945345503243));
#2635=CARTESIAN_POINT('Ctrl Pts',(-32.3828798958636,-33.7145859754318,181.934237021772));
#2636=CARTESIAN_POINT('Ctrl Pts',(-19.611837711948,-42.4779564250328,183.904444003917));
#2637=CARTESIAN_POINT('Ctrl Pts',(-12.0715649469103,-45.2273138528121,184.894515799425));
#2638=CARTESIAN_POINT('Ctrl Pts',(3.36541368852375,-46.7375782120373,186.867548081462));
#2639=CARTESIAN_POINT('Ctrl Pts',(11.3077455466034,-45.5031474583237,187.859066290444));
#2640=CARTESIAN_POINT('Ctrl Pts',(25.5797960814609,-39.3620824412334,189.835484976747));
#2641=CARTESIAN_POINT('Ctrl Pts',(31.9503083675003,-34.4381417851971,190.82871002316));
#2642=CARTESIAN_POINT('Ctrl Pts',(41.5027295897946,-22.14532281163,192.809061856054));
#2643=CARTESIAN_POINT('Ctrl Pts',(44.7109274322568,-14.743032743616,193.804247394863));
#2644=CARTESIAN_POINT('Ctrl Pts',(47.1468694573568,0.668597448017445,195.789062563696));
#2645=CARTESIAN_POINT('Ctrl Pts',(46.3812182748789,8.71787177355743,196.78645444302));
#2646=CARTESIAN_POINT('Ctrl Pts',(41.0607061529112,23.4271427071779,198.776244475665));
#2647=CARTESIAN_POINT('Ctrl Pts',(36.4931516414829,30.1231798965465,199.77607972224));
#2648=CARTESIAN_POINT('Ctrl Pts',(24.7002460423005,40.4643823575944,201.771335466389));
#2649=CARTESIAN_POINT('Ctrl Pts',(17.4482693444812,44.1333693764932,202.77384129924));
#2650=CARTESIAN_POINT('Ctrl Pts',(2.08279390484674,47.5064332906245,204.775030999958));
#2651=CARTESIAN_POINT('Ctrl Pts',(-6.0628870065031,47.2179745273375,205.780423877361));
#2652=CARTESIAN_POINT('Ctrl Pts',(-21.1956264697358,42.7399579772888,207.787991356544));
#2653=CARTESIAN_POINT('Ctrl Pts',(-28.2117150227181,38.5422521589701,208.796476061453));
#2654=CARTESIAN_POINT('Ctrl Pts',(-39.3400860608666,27.2773443003154,210.810839004061));
#2655=CARTESIAN_POINT('Ctrl Pts',(-43.4717260838314,20.1911978674463,211.822607773174));
#2656=CARTESIAN_POINT('Ctrl Pts',(-47.7948987254105,4.89940975751768,213.844156124386));
#2657=CARTESIAN_POINT('Ctrl Pts',(-47.9933886074112,-3.32904381247561,214.859387826036));
#2658=CARTESIAN_POINT('Ctrl Pts',(-44.3842849577448,-18.8657733864295,216.888482302855));
#2659=CARTESIAN_POINT('Ctrl Pts',(-40.5725691674758,-26.1940870152501,217.907341668719));
#2660=CARTESIAN_POINT('Ctrl Pts',(-29.8705626333102,-38.104591373201,219.944312389021));
#2661=CARTESIAN_POINT('Ctrl Pts',(-22.9693731941547,-42.6997280135386,220.966949304485));
#2662=CARTESIAN_POINT('Ctrl Pts',(-7.7867889900946,-47.9858439131893,223.012094536066));
#2663=CARTESIAN_POINT('Ctrl Pts',(0.506929161634491,-48.6817172004651,224.03864339376));
#2664=CARTESIAN_POINT('Ctrl Pts',(16.4205978221251,-45.9714181666071,226.092228425591));
#2665=CARTESIAN_POINT('Ctrl Pts',(24.0499778169541,-42.5642388781786,227.122807546254));
#2666=CARTESIAN_POINT('Ctrl Pts',(36.7320717583914,-32.4667278042604,229.185063683904));
#2667=CARTESIAN_POINT('Ctrl Pts',(41.7895290854616,-25.7733955774951,230.219774808295));
#2668=CARTESIAN_POINT('Ctrl Pts',(48.0493317008832,-10.7442734609674,232.290898495322));
#2669=CARTESIAN_POINT('Ctrl Pts',(49.2528669145764,-2.40723890959881,233.329826350386));
#2670=CARTESIAN_POINT('Ctrl Pts',(47.4733018121961,13.8472482141764,235.409978417388));
#2671=CARTESIAN_POINT('Ctrl Pts',(44.4910915384424,21.7623427984398,236.453190359322));
#2672=CARTESIAN_POINT('Ctrl Pts',(35.045685614959,35.1980169762904,238.54249540233));
#2673=CARTESIAN_POINT('Ctrl Pts',(28.5867726996987,40.7136032960147,239.590041138601));
#2674=CARTESIAN_POINT('Ctrl Pts',(13.7643191444221,47.953687666568,241.688587028474));
#2675=CARTESIAN_POINT('Ctrl Pts',(5.41067001749409,49.6740565983679,242.740498420196));
#2676=CARTESIAN_POINT('Ctrl Pts',(-11.1383966954686,48.8574106412273,244.848335944722));
#2677=CARTESIAN_POINT('Ctrl Pts',(-19.3189804856743,46.3217545398065,245.904626890152));
#2678=CARTESIAN_POINT('Ctrl Pts',(-33.4810604594568,37.580898143327,248.021769530594));
#2679=CARTESIAN_POINT('Ctrl Pts',(-39.4466435210755,31.3862441248499,249.082435929858));
#2680=CARTESIAN_POINT('Ctrl Pts',(-47.6674142511316,16.8322511112868,251.20885977368));
#2681=CARTESIAN_POINT('Ctrl Pts',(-49.9116785827974,8.49347758856098,252.273879574198));
#2682=CARTESIAN_POINT('Ctrl Pts',(-50.0883794540495,-8.29328546641362,254.409523365692));
#2683=CARTESIAN_POINT('Ctrl Pts',(-48.0211134548723,-16.7138092163589,255.478856687151));
#2684=CARTESIAN_POINT('Ctrl Pts',(-40.0404694537555,-31.5646293303021,257.623622017593));
#2685=CARTESIAN_POINT('Ctrl Pts',(-34.1425547691211,-37.9673475422964,258.697211354755));
#2686=CARTESIAN_POINT('Ctrl Pts',(-19.9264816048948,-47.1611271076522,260.850962993579));
#2687=CARTESIAN_POINT('Ctrl Pts',(-11.6386097986254,-49.9332492591301,261.928733494659));
#2688=CARTESIAN_POINT('Ctrl Pts',(5.31836371341962,-51.1298501162784,264.091299862866));
#2689=CARTESIAN_POINT('Ctrl Pts',(13.9477698745775,-49.5520480061841,265.173159680785));
#2690=CARTESIAN_POINT('Ctrl Pts',(29.4383166242251,-42.3885426579546,267.344333467489));
#2691=CARTESIAN_POINT('Ctrl Pts',(36.2599825096136,-36.8216370584176,268.430174180878));
#2692=CARTESIAN_POINT('Ctrl Pts',(46.4093982935092,-23.0191826758404,270.609713103423));
#2693=CARTESIAN_POINT('Ctrl Pts',(49.7093331985173,-14.8222455150928,271.699410203939));
#2694=CARTESIAN_POINT('Ctrl Pts',(51.9464279741559,2.22747320419665,273.887037911471));
#2695=CARTESIAN_POINT('Ctrl Pts',(50.8773424595222,11.0292957191212,274.980451353746));
#2696=CARTESIAN_POINT('Ctrl Pts',(44.5869884535171,27.098891293012,277.175858473469));
#2697=CARTESIAN_POINT('Ctrl Pts',(39.3861359787879,34.3156312143222,278.272833283824));
#2698=CARTESIAN_POINT('Ctrl Pts',(26.0773773633894,45.3923954163828,280.47567860838));
#2699=CARTESIAN_POINT('Ctrl Pts',(18.014637028637,49.2153249085154,281.576045548353));
#2700=CARTESIAN_POINT('Ctrl Pts',(0.958432582951537,52.5056316439864,283.785957361937));
#2701=CARTESIAN_POINT('Ctrl Pts',(-7.97431609476803,51.9616574056214,284.889533642639));
#2702=CARTESIAN_POINT('Ctrl Pts',(-24.5508822342087,46.5972864650626,287.106111182497));
#2703=CARTESIAN_POINT('Ctrl Pts',(-32.1330415014858,41.7971886028173,288.212701225849));
#2704=CARTESIAN_POINT('Ctrl Pts',(-44.0972163633659,29.0643874291253,290.435516274826));
#2705=CARTESIAN_POINT('Ctrl Pts',(-48.4329788078121,21.181352988616,291.544912517811));
#2706=CARTESIAN_POINT('Ctrl Pts',(-52.7797184056,4.21202284851147,293.773511122586));
#2707=CARTESIAN_POINT('Ctrl Pts',(-52.7734434996857,-4.80578943359867,294.885494860804));
#2708=CARTESIAN_POINT('Ctrl Pts',(-48.3824869841826,-21.8066973230955,297.119399169364));
#2709=CARTESIAN_POINT('Ctrl Pts',(-44.016351500471,-29.7190234369324,298.233741436323));
#2710=CARTESIAN_POINT('Ctrl Pts',(-31.9415525006232,-42.518835796649,300.472451647205));
#2711=CARTESIAN_POINT('Ctrl Pts',(-24.2848483901107,-47.3515913939015,301.588914125992));
#2712=CARTESIAN_POINT('Ctrl Pts',(-7.50073623044003,-52.7472725404462,303.831910540798));
#2713=CARTESIAN_POINT('Ctrl Pts',(1.55279090288483,-53.2866785570496,304.950246504946));
#2714=CARTESIAN_POINT('Ctrl Pts',(18.8862663433741,-49.9091332553323,307.19699167465));
#2715=CARTESIAN_POINT('Ctrl Pts',(27.0883665146747,-46.0075574219687,308.316946955274));
#2716=CARTESIAN_POINT('Ctrl Pts',(40.6606019149108,-34.6701167115627,310.56688790987));
#2717=CARTESIAN_POINT('Ctrl Pts',(45.968759728397,-27.2862657263253,311.68820188658));
#2718=CARTESIAN_POINT('Ctrl Pts',(52.3944563361774,-10.7882720600651,313.940772436112));
#2719=CARTESIAN_POINT('Ctrl Pts',(53.4823181965438,-1.75079063914493,315.063179051537));
#2720=CARTESIAN_POINT('Ctrl Pts',(51.1490243360257,15.8162264778032,317.317802140475));
#2721=CARTESIAN_POINT('Ctrl Pts',(47.7389784388743,24.2632797066852,318.44103095438));
#2722=CARTESIAN_POINT('Ctrl Pts',(37.2131657911888,38.5342491842673,320.697121010572));
#2723=CARTESIAN_POINT('Ctrl Pts',(30.1473557641123,44.290666619269,321.820898428834));
#2724=CARTESIAN_POINT('Ctrl Pts',(14.0363322134021,51.7158425726971,324.077863348925));
#2725=CARTESIAN_POINT('Ctrl Pts',(5.06787413293847,53.3493685232917,325.201915049479));
#2726=CARTESIAN_POINT('Ctrl Pts',(-12.6287187391396,52.0807031216117,327.45915521982));
#2727=CARTESIAN_POINT('Ctrl Pts',(-21.2723230464654,49.1846882531224,328.583217470422));
#2728=CARTESIAN_POINT('Ctrl Pts',(-36.1595734356388,39.5374719794133,330.840101234695));
#2729=CARTESIAN_POINT('Ctrl Pts',(-42.3313829958382,32.8324645002278,331.964003537023));
#2730=CARTESIAN_POINT('Ctrl Pts',(-49.3156805833625,19.8163268381421,333.842881798337));
#2731=CARTESIAN_POINT('Ctrl Pts',(-51.2085409843014,14.1547433345557,334.592521508819));
#2732=CARTESIAN_POINT('Ctrl Pts',(-52.1352617990305,8.33578117925585,335.341937623812));
#2733=CARTESIAN_POINT('Ctrl Pts',(46.7792985375595,-23.8627665206679,35.8335324635166));
#2734=CARTESIAN_POINT('Ctrl Pts',(48.7225734141026,-20.069785708372,36.3756978022576));
#2735=CARTESIAN_POINT('Ctrl Pts',(50.2092790288618,-16.0415231952004,36.9174293654732));
#2736=CARTESIAN_POINT('Ctrl Pts',(53.1906884602074,-3.27799261011855,38.5854370290174));
#2737=CARTESIAN_POINT('Ctrl Pts',(52.9863104038419,5.80640035462189,39.7056072654078));
#2738=CARTESIAN_POINT('Ctrl Pts',(48.1876111656674,22.8252920683236,41.9552465420554));
#2739=CARTESIAN_POINT('Ctrl Pts',(43.6157199090449,30.6829496454955,43.076126507609));
#2740=CARTESIAN_POINT('Ctrl Pts',(31.1858735500839,43.2678620322523,45.3264580938813));
#2741=CARTESIAN_POINT('Ctrl Pts',(23.3841963339308,47.9383816721137,46.4476025874819));
#2742=CARTESIAN_POINT('Ctrl Pts',(6.41875338054167,52.9499712308331,48.6981367784692));
#2743=CARTESIAN_POINT('Ctrl Pts',(-2.66827143977484,53.2685001735236,49.8192614300631));
#2744=CARTESIAN_POINT('Ctrl Pts',(-19.9405677045366,49.4582182046464,52.0694538701775));
#2745=CARTESIAN_POINT('Ctrl Pts',(-28.0478469607487,45.3467144725742,53.1902950353225));
#2746=CARTESIAN_POINT('Ctrl Pts',(-41.3231589269662,33.6688903768192,55.4395959310613));
#2747=CARTESIAN_POINT('Ctrl Pts',(-46.4315018025356,26.1551730900709,56.5598936489707));
#2748=CARTESIAN_POINT('Ctrl Pts',(-52.4072343038171,9.52691310337015,58.8077560634514));
#2749=CARTESIAN_POINT('Ctrl Pts',(-53.2479493404086,0.486720250325415,59.927252707375));
#2750=CARTESIAN_POINT('Ctrl Pts',(-50.4472177872031,-16.9436273953457,62.1731355427865));
#2751=CARTESIAN_POINT('Ctrl Pts',(-46.8181845882098,-25.2565949697026,63.2915765687724));
#2752=CARTESIAN_POINT('Ctrl Pts',(-35.955883228279,-39.1481968422666,65.5349468056045));
#2753=CARTESIAN_POINT('Ctrl Pts',(-28.7701100147871,-44.6660562301691,66.6520817768119));
#2754=CARTESIAN_POINT('Ctrl Pts',(-12.5696117514075,-51.57045886027,68.8924165766515));
#2755=CARTESIAN_POINT('Ctrl Pts',(-3.62464703800171,-52.9272134288022,70.0080002127336));
#2756=CARTESIAN_POINT('Ctrl Pts',(13.8676032678363,-51.1472073455129,72.2447889613195));
#2757=CARTESIAN_POINT('Ctrl Pts',(22.3409112314975,-48.0178893734332,73.358582174091));
#2758=CARTESIAN_POINT('Ctrl Pts',(36.7696846865665,-38.0257800682372,75.5913284702195));
#2759=CARTESIAN_POINT('Ctrl Pts',(42.6653755974593,-31.2042430296221,76.7030993753747));
#2760=CARTESIAN_POINT('Ctrl Pts',(50.4546271030711,-15.5162472281213,78.9313229619174));
#2761=CARTESIAN_POINT('Ctrl Pts',(52.3166201726795,-6.71304244019971,80.0408478604945));
#2762=CARTESIAN_POINT('Ctrl Pts',(51.5584351384304,10.7466219530639,82.2640864927117));
#2763=CARTESIAN_POINT('Ctrl Pts',(48.941059794711,19.3345859795487,83.3711508166764));
#2764=CARTESIAN_POINT('Ctrl Pts',(39.8639782655278,34.2185335120613,85.5889620629753));
#2765=CARTESIAN_POINT('Ctrl Pts',(33.4385803918549,40.4578841115468,86.6933612796129));
#2766=CARTESIAN_POINT('Ctrl Pts',(18.34019358287,49.0812788710539,88.9053242499418));
#2767=CARTESIAN_POINT('Ctrl Pts',(9.72239809565583,51.433548624617,90.0068647200641));
#2768=CARTESIAN_POINT('Ctrl Pts',(-7.61408553869109,51.6887292282442,92.2125817171309));
#2769=CARTESIAN_POINT('Ctrl Pts',(-16.2718072825381,49.5905062729676,93.311081502494));
#2770=CARTESIAN_POINT('Ctrl Pts',(-31.528272211488,41.4629612603148,95.5101795909301));
#2771=CARTESIAN_POINT('Ctrl Pts',(-38.0756235864591,35.4607320131015,96.6054692067004));
#2772=CARTESIAN_POINT('Ctrl Pts',(-47.4773383061392,21.0200301651306,98.797601695188));
#2773=CARTESIAN_POINT('Ctrl Pts',(-50.3014439186395,12.6275499887462,99.8895248037859));
#2774=CARTESIAN_POINT('Ctrl Pts',(-51.5529584375161,-4.50105556564436,102.074372635034));
#2775=CARTESIAN_POINT('Ctrl Pts',(-49.976317896226,-13.1854807097868,103.162786678213));
#2776=CARTESIAN_POINT('Ctrl Pts',(-42.8225010446386,-28.7333506211962,105.340059721515));
#2777=CARTESIAN_POINT('Ctrl Pts',(-37.2653565411078,-35.5525994604604,106.424836488095));
#2778=CARTESIAN_POINT('Ctrl Pts',(-23.540452249791,-45.6736609231743,108.594274729081));
#2779=CARTESIAN_POINT('Ctrl Pts',(-15.4087935247592,-48.9485080644574,109.675300856308));
#2780=CARTESIAN_POINT('Ctrl Pts',(1.43480386571329,-51.1721045756577,111.836675478371));
#2781=CARTESIAN_POINT('Ctrl Pts',(10.105655692805,-50.1151531200764,112.913852885466));
#2782=CARTESIAN_POINT('Ctrl Pts',(25.8674267321524,-43.9494383999979,115.066967237311));
#2783=CARTESIAN_POINT('Ctrl Pts',(32.9230486494889,-38.8541937352781,116.140213490287));
#2784=CARTESIAN_POINT('Ctrl Pts',(43.7033856778446,-25.8928073247191,118.284903934043));
#2785=CARTESIAN_POINT('Ctrl Pts',(47.4061428937292,-18.0526571848821,119.354152541436));
#2786=CARTESIAN_POINT('Ctrl Pts',(50.5719985293899,-1.56238204823154,121.490289175852));
#2787=CARTESIAN_POINT('Ctrl Pts',(50.0291605469791,7.05815468686362,122.555489815456));
#2788=CARTESIAN_POINT('Ctrl Pts',(44.8570508098658,22.9617400669075,124.682977068905));
#2789=CARTESIAN_POINT('Ctrl Pts',(40.235675712014,30.2197328387734,125.744095746085));
#2790=CARTESIAN_POINT('Ctrl Pts',(28.0752221764598,41.6001887103704,127.862872834391));
#2791=CARTESIAN_POINT('Ctrl Pts',(20.5522843854635,45.7072362703093,128.919891972892));
#2792=CARTESIAN_POINT('Ctrl Pts',(4.47406589879884,49.781792841082,131.029933217381));
#2793=CARTESIAN_POINT('Ctrl Pts',(-4.0634899573916,49.7445907580463,132.082851683915));
#2794=CARTESIAN_POINT('Ctrl Pts',(-20.0436687787268,45.564042465491,134.184166685644));
#2795=CARTESIAN_POINT('Ctrl Pts',(-27.4723603561311,41.4241359762073,135.232999749767));
#2796=CARTESIAN_POINT('Ctrl Pts',(-39.3965421128811,30.0923100513207,137.325633416526));
#2797=CARTESIAN_POINT('Ctrl Pts',(-43.8843933344498,22.9073964805922,138.370412647527));
#2798=CARTESIAN_POINT('Ctrl Pts',(-48.8322600240996,7.29014765660229,140.45444507095));
#2799=CARTESIAN_POINT('Ctrl Pts',(-49.2901800686289,-1.13613619497431,141.495218173618));
#2800=CARTESIAN_POINT('Ctrl Pts',(-46.0932141304788,-17.1355581560995,143.570764354612));
#2801=CARTESIAN_POINT('Ctrl Pts',(-42.4386605488926,-24.7062332700817,144.607594945795));
#2802=CARTESIAN_POINT('Ctrl Pts',(-31.9544726469642,-37.1220823072658,146.674804367468));
#2803=CARTESIAN_POINT('Ctrl Pts',(-25.1238358386588,-41.9682196505666,147.707771695382));
#2804=CARTESIAN_POINT('Ctrl Pts',(-10.0069350193353,-47.7540180718295,149.766827743653));
#2805=CARTESIAN_POINT('Ctrl Pts',(-1.71579433816504,-48.6954029855036,150.796026351856));
#2806=CARTESIAN_POINT('Ctrl Pts',(14.2538929948568,-46.4698915041072,152.84714558503));
#2807=CARTESIAN_POINT('Ctrl Pts',(21.9412036108929,-43.3016492835054,153.872684922931));
#2808=CARTESIAN_POINT('Ctrl Pts',(34.8021877899306,-33.6768372393606,155.916116192649));
#2809=CARTESIAN_POINT('Ctrl Pts',(39.9857617282611,-27.2127150831222,156.938120174309));
#2810=CARTESIAN_POINT('Ctrl Pts',(46.5757912014587,-12.6267950609533,158.974143601421));
#2811=CARTESIAN_POINT('Ctrl Pts',(47.9887004888711,-4.49045278202319,159.992750114333));
#2812=CARTESIAN_POINT('Ctrl Pts',(46.720207567091,11.4088660324706,162.021675924333));
#2813=CARTESIAN_POINT('Ctrl Pts',(44.0371756927741,19.1910039137419,163.037036289732));
#2814=CARTESIAN_POINT('Ctrl Pts',(35.2778932591486,32.4568546901266,165.059203513518));
#2815=CARTESIAN_POINT('Ctrl Pts',(29.1892249526581,37.9592019279749,166.071481899711));
#2816=CARTESIAN_POINT('Ctrl Pts',(15.1574064898547,45.3228137440992,168.087256946428));
#2817=CARTESIAN_POINT('Ctrl Pts',(7.19173702122519,47.1957946911246,169.096629736517));
#2818=CARTESIAN_POINT('Ctrl Pts',(-8.60437013810287,46.8693455999666,171.106404846198));
#2819=CARTESIAN_POINT('Ctrl Pts',(-16.4629935783578,44.6692483436379,172.11305996158));
#2820=CARTESIAN_POINT('Ctrl Pts',(-30.0999408997664,36.7779132409475,174.117251546129));
#2821=CARTESIAN_POINT('Ctrl Pts',(-35.9048893372758,31.0711766046919,175.121387727095));
#2822=CARTESIAN_POINT('Ctrl Pts',(-44.0154775841553,17.6106592920439,177.120434608888));
#2823=CARTESIAN_POINT('Ctrl Pts',(-46.3381961345413,9.8283913948413,178.122260653738));
#2824=CARTESIAN_POINT('Ctrl Pts',(-46.9398537781323,-5.83841465452613,180.116622211704));
#2825=CARTESIAN_POINT('Ctrl Pts',(-45.2200845444406,-13.7583354507212,181.11635617584));
#2826=CARTESIAN_POINT('Ctrl Pts',(-38.1972584224763,-27.738826287071,183.10651040933));
#2827=CARTESIAN_POINT('Ctrl Pts',(-32.8773724619904,-33.8327666998616,184.104378765974));
#2828=CARTESIAN_POINT('Ctrl Pts',(-20.001272388859,-42.6683087093091,186.090820287051));
#2829=CARTESIAN_POINT('Ctrl Pts',(-12.4127823874691,-45.4319979931862,187.087057051403));
#2830=CARTESIAN_POINT('Ctrl Pts',(3.1039381909197,-46.9501386928258,189.070295016325));
#2831=CARTESIAN_POINT('Ctrl Pts',(11.0725886881381,-45.7085067778244,190.065140835232));
#2832=CARTESIAN_POINT('Ctrl Pts',(25.3745092930182,-39.5546778473215,192.045696825949));
#2833=CARTESIAN_POINT('Ctrl Pts',(31.7462275398265,-34.6259112648415,193.039398035462));
#2834=CARTESIAN_POINT('Ctrl Pts',(41.2893371659713,-22.345219243762,195.017803901805));
#2835=CARTESIAN_POINT('Ctrl Pts',(44.4870326478737,-14.959431266009,196.010611555308));
#2836=CARTESIAN_POINT('Ctrl Pts',(46.9132338678737,0.389963578773819,197.987407228369));
#2837=CARTESIAN_POINT('Ctrl Pts',(46.1485641548669,8.39667669017708,198.97957609834));
#2838=CARTESIAN_POINT('Ctrl Pts',(40.8657107530029,23.0021312225089,200.955307385146));
#2839=CARTESIAN_POINT('Ctrl Pts',(36.3325369829752,29.6424094112693,201.947094941983));
#2840=CARTESIAN_POINT('Ctrl Pts',(24.6580644190187,39.8798987352707,203.922311311207));
#2841=CARTESIAN_POINT('Ctrl Pts',(17.4834000880852,43.5064421780683,204.913976682943));
#2842=CARTESIAN_POINT('Ctrl Pts',(2.31698211428395,46.8359212624561,206.88922905086));
#2843=CARTESIAN_POINT('Ctrl Pts',(-5.71816480825095,46.5484659947089,207.881031967959));
#2844=CARTESIAN_POINT('Ctrl Pts',(-20.6118912458109,42.1412952614039,209.85687049335));
#2845=CARTESIAN_POINT('Ctrl Pts',(-27.5129010420737,38.0091376673163,210.849070223164));
#2846=CARTESIAN_POINT('Ctrl Pts',(-38.4348782059397,26.9533198874076,212.826042119297));
#2847=CARTESIAN_POINT('Ctrl Pts',(-42.4866873865649,19.9986361763706,213.818896395068));
#2848=CARTESIAN_POINT('Ctrl Pts',(-46.7182605262505,5.0312768306316,215.797543766337));
#2849=CARTESIAN_POINT('Ctrl Pts',(-46.9098940431145,-3.02276334324613,216.791307715936));
#2850=CARTESIAN_POINT('Ctrl Pts',(-43.3866727071184,-18.1902898473359,218.772165426175));
#2851=CARTESIAN_POINT('Ctrl Pts',(-39.6624899458375,-25.3448151464817,219.767090506018));
#2852=CARTESIAN_POINT('Ctrl Pts',(-29.240928224856,-36.9433756310641,221.750684085006));
#2853=CARTESIAN_POINT('Ctrl Pts',(-22.5163818724393,-41.4179922371695,222.747017024745));
#2854=CARTESIAN_POINT('Ctrl Pts',(-7.76654680667477,-46.5535544775216,224.733860618955));
#2855=CARTESIAN_POINT('Ctrl Pts',(0.29595801412121,-47.2277357188135,225.731842382649));
#2856=CARTESIAN_POINT('Ctrl Pts',(15.7216180328256,-44.6006577377489,227.722436755901));
#2857=CARTESIAN_POINT('Ctrl Pts',(23.122156493099,-41.2933289465274,228.722301525424));
#2858=CARTESIAN_POINT('Ctrl Pts',(35.3897505842304,-31.5259711701724,230.717132114749));
#2859=CARTESIAN_POINT('Ctrl Pts',(40.2851939715038,-25.0437515969397,231.719106301129));
#2860=CARTESIAN_POINT('Ctrl Pts',(46.3287520193584,-10.5340520025427,233.718641332932));
#2861=CARTESIAN_POINT('Ctrl Pts',(47.4902549613615,-2.47533698370238,234.722942621178));
#2862=CARTESIAN_POINT('Ctrl Pts',(45.7753213050052,13.1895951747253,236.727631292593));
#2863=CARTESIAN_POINT('Ctrl Pts',(42.8958033892972,20.8273974972939,237.734467725389));
#2864=CARTESIAN_POINT('Ctrl Pts',(33.8076874908972,33.7549768253766,239.74473845564));
#2865=CARTESIAN_POINT('Ctrl Pts',(27.5825677364809,39.0689451504264,240.754307560964));
#2866=CARTESIAN_POINT('Ctrl Pts',(13.3412182736374,46.0252633278058,242.770566317511));
#2867=CARTESIAN_POINT('Ctrl Pts',(5.30120908783874,47.6796913029216,243.783054284922));
#2868=CARTESIAN_POINT('Ctrl Pts',(-10.5790503845338,46.8961085351981,245.805682989211));
#2869=CARTESIAN_POINT('Ctrl Pts',(-18.4431617209806,44.457352757178,246.821263899101));
#2870=CARTESIAN_POINT('Ctrl Pts',(-32.0182219783584,36.0788649381285,248.850618916837));
#2871=CARTESIAN_POINT('Ctrl Pts',(-37.7471934427168,30.128531529077,249.869454026493));
#2872=CARTESIAN_POINT('Ctrl Pts',(-45.6201380224756,16.1904112526602,251.90586474746));
#2873=CARTESIAN_POINT('Ctrl Pts',(-47.7732528883254,8.18736140621517,252.928101837272));
#2874=CARTESIAN_POINT('Ctrl Pts',(-47.9423876922867,-7.87754066079436,254.971869349873));
#2875=CARTESIAN_POINT('Ctrl Pts',(-45.9590189458244,-15.9539094470315,255.997642132466));
#2876=CARTESIAN_POINT('Ctrl Pts',(-38.3256486030124,-30.1585543097554,258.049037998301));
#2877=CARTESIAN_POINT('Ctrl Pts',(-32.6707857409267,-36.2968488302753,259.078465592836));
#2878=CARTESIAN_POINT('Ctrl Pts',(-19.0780320737693,-45.0875361092045,261.137730726735));
#2879=CARTESIAN_POINT('Ctrl Pts',(-11.1340009435333,-47.7444462358611,262.170917200044));
#2880=CARTESIAN_POINT('Ctrl Pts',(5.07680338769406,-48.8884012011416,264.238260861069));
#2881=CARTESIAN_POINT('Ctrl Pts',(13.3475190568705,-47.3761795298659,265.275294836743));
#2882=CARTESIAN_POINT('Ctrl Pts',(28.1566716533326,-40.5277833621033,267.350893735688));
#2883=CARTESIAN_POINT('Ctrl Pts',(34.6955365471849,-35.1919032528689,268.391848071705));
#2884=CARTESIAN_POINT('Ctrl Pts',(44.4004044185662,-21.9939959282758,270.475845600557));
#2885=CARTESIAN_POINT('Ctrl Pts',(47.5646653847961,-14.1350756508088,271.520777135543));
#2886=CARTESIAN_POINT('Ctrl Pts',(49.7045659466624,2.17395058726647,273.613282724245));
#2887=CARTESIAN_POINT('Ctrl Pts',(48.6796646852882,10.6166633632008,274.662232091985));
#2888=CARTESIAN_POINT('Ctrl Pts',(42.6592823534532,25.9965460118136,276.763320697568));
#2889=CARTESIAN_POINT('Ctrl Pts',(37.6683104849402,32.9233280624351,277.816312209017));
#2890=CARTESIAN_POINT('Ctrl Pts',(24.9216318420608,43.5322586208057,279.92602394183));
#2891=CARTESIAN_POINT('Ctrl Pts',(17.177914618856,47.204946617816,280.983065533484));
#2892=CARTESIAN_POINT('Ctrl Pts',(0.827672782154466,50.3590487278642,283.10140542477));
#2893=CARTESIAN_POINT('Ctrl Pts',(-7.75989137793017,49.8371959472565,284.162488672001));
#2894=CARTESIAN_POINT('Ctrl Pts',(-23.666881485754,44.689487596978,286.289426586467));
#2895=CARTESIAN_POINT('Ctrl Pts',(-30.964342337013,40.0711278922057,287.354526780195));
#2896=CARTESIAN_POINT('Ctrl Pts',(-42.4589633149676,27.8380168807441,289.489997476539));
#2897=CARTESIAN_POINT('Ctrl Pts',(-46.6377832415114,20.2433014227241,290.559073761452));
#2898=CARTESIAN_POINT('Ctrl Pts',(-50.8195248666125,3.91802469017705,292.702977102968));
#2899=CARTESIAN_POINT('Ctrl Pts',(-50.8150637268181,-4.78234308290676,293.775972675416));
#2900=CARTESIAN_POINT('Ctrl Pts',(-46.5844641594312,-21.162293056952,295.928173991913));
#2901=CARTESIAN_POINT('Ctrl Pts',(-42.3673829564876,-28.8081159469027,297.005016355539));
#2902=CARTESIAN_POINT('Ctrl Pts',(-30.7147312708461,-41.1604009042243,299.165346956805));
#2903=CARTESIAN_POINT('Ctrl Pts',(-23.3059834171048,-45.8388891046515,300.245948234007));
#2904=CARTESIAN_POINT('Ctrl Pts',(-7.08033078202922,-51.0550147691021,302.414206073993));
#2905=CARTESIAN_POINT('Ctrl Pts',(1.69604707924399,-51.5799434778691,303.498463371352));
#2906=CARTESIAN_POINT('Ctrl Pts',(18.4841294033162,-48.3086471222608,305.674413861138));
#2907=CARTESIAN_POINT('Ctrl Pts',(26.4506536815347,-44.5215259787862,306.762209687048));
#2908=CARTESIAN_POINT('Ctrl Pts',(39.6219246846616,-33.5189940470998,308.945586653449));
#2909=CARTESIAN_POINT('Ctrl Pts',(44.7888006458543,-26.3355913098103,310.036789386599));
#2910=CARTESIAN_POINT('Ctrl Pts',(51.0376860143354,-10.2914862274524,312.227296171421));
#2911=CARTESIAN_POINT('Ctrl Pts',(52.1007392881758,-1.48022258520936,313.321760580935));
#2912=CARTESIAN_POINT('Ctrl Pts',(49.8266426864879,15.6408840075971,315.519071269549));
#2913=CARTESIAN_POINT('Ctrl Pts',(46.4971577066101,23.895090580779,316.616639103345));
#2914=CARTESIAN_POINT('Ctrl Pts',(36.2151133196515,37.8355032102924,318.820399831122));
#2915=CARTESIAN_POINT('Ctrl Pts',(29.2979163810644,43.4742158659741,319.920900604994));
#2916=CARTESIAN_POINT('Ctrl Pts',(13.5228732571417,50.7445084389172,322.130730598643));
#2917=CARTESIAN_POINT('Ctrl Pts',(4.72153043797236,52.3503398841457,323.233983580153));
#2918=CARTESIAN_POINT('Ctrl Pts',(-12.6481761676543,51.1050727542493,325.449473419844));
#2919=CARTESIAN_POINT('Ctrl Pts',(-21.1518827005527,48.2588623937123,326.555298249681));
#2920=CARTESIAN_POINT('Ctrl Pts',(-35.8005705049325,38.7661647928774,328.77598593749));
#2921=CARTESIAN_POINT('Ctrl Pts',(-41.8886935793558,32.1564642945086,329.884280262311));
#2922=CARTESIAN_POINT('Ctrl Pts',(-48.7781445809989,19.3160738921847,331.737794859489));
#2923=CARTESIAN_POINT('Ctrl Pts',(-50.6494586356335,13.7232746491448,332.478282724338));
#2924=CARTESIAN_POINT('Ctrl Pts',(-51.5653293788734,7.97153524895588,333.219077696239));
#2925=CARTESIAN_POINT('Ctrl Pts',(46.02607014589,-23.2584353938548,34.3054800656993));
#2926=CARTESIAN_POINT('Ctrl Pts',(47.9350934022605,-19.5322902017357,34.8380963204502));
#2927=CARTESIAN_POINT('Ctrl Pts',(49.3961458039343,-15.5728786961191,35.3707255494456));
#2928=CARTESIAN_POINT('Ctrl Pts',(52.3269241078057,-3.02876535297792,37.0099313501438));
#2929=CARTESIAN_POINT('Ctrl Pts',(52.1276524024453,5.91695695650093,38.1131008504011));
#2930=CARTESIAN_POINT('Ctrl Pts',(47.4019849872498,22.6767477090909,40.3284522646325));
#2931=CARTESIAN_POINT('Ctrl Pts',(42.8934268979672,30.4300804897638,41.4343429346293));
#2932=CARTESIAN_POINT('Ctrl Pts',(30.6277668630328,42.8486438592007,43.6549168040527));
#2933=CARTESIAN_POINT('Ctrl Pts',(22.9170297586508,47.4674514118171,44.7632097550847));
#2934=CARTESIAN_POINT('Ctrl Pts',(6.14088389684818,52.4230333933336,46.9886133679589));
#2935=CARTESIAN_POINT('Ctrl Pts',(-2.85942098783613,52.7409153418107,48.0990857056436));
#2936=CARTESIAN_POINT('Ctrl Pts',(-19.9751527053731,48.9650784455084,50.3288719571906));
#2937=CARTESIAN_POINT('Ctrl Pts',(-28.0224991673045,44.8866975271131,51.4413049281909));
#2938=CARTESIAN_POINT('Ctrl Pts',(-41.2057194303895,33.2897541650162,53.6750047456154));
#2939=CARTESIAN_POINT('Ctrl Pts',(-46.288047533756,25.8186901418458,54.7891731236021));
#2940=CARTESIAN_POINT('Ctrl Pts',(-52.2351623778155,9.26975957593195,57.0263012400205));
#2941=CARTESIAN_POINT('Ctrl Pts',(-53.0754736673416,0.260827454597154,58.1419727085938));
#2942=CARTESIAN_POINT('Ctrl Pts',(-50.2818964287799,-17.124319062566,60.3820301370409));
#2943=CARTESIAN_POINT('Ctrl Pts',(-46.6600841553448,-25.4270159435964,61.4989660359908));
#2944=CARTESIAN_POINT('Ctrl Pts',(-35.8020152581194,-39.3130243793806,63.7414421370594));
#2945=CARTESIAN_POINT('Ctrl Pts',(-28.6125316754554,-44.8369042509773,64.8593984205332));
#2946=CARTESIAN_POINT('Ctrl Pts',(-12.3827705138778,-51.7536540648228,67.1037729434509));
#2947=CARTESIAN_POINT('Ctrl Pts',(-3.41297726705558,-53.1167159714869,68.2225011909544));
#2948=CARTESIAN_POINT('Ctrl Pts',(14.149302382408,-51.3294668756453,70.4682463333686));
#2949=CARTESIAN_POINT('Ctrl Pts',(22.6650084717899,-48.1871563289801,71.5874947877399));
#2950=CARTESIAN_POINT('Ctrl Pts',(37.183125235211,-38.1330331537998,73.8340772747087));
#2951=CARTESIAN_POINT('Ctrl Pts',(43.121804463263,-31.2655483109321,74.9535918988951));
#2952=CARTESIAN_POINT('Ctrl Pts',(50.9761755672205,-15.4461349907718,77.2004750757849));
#2953=CARTESIAN_POINT('Ctrl Pts',(52.8573705229105,-6.56397778770457,78.3200006224236));
#2954=CARTESIAN_POINT('Ctrl Pts',(52.0910881361216,11.0794893986893,80.5666465558084));
#2955=CARTESIAN_POINT('Ctrl Pts',(49.4470872926968,19.7630752444068,81.6859276437576));
#2956=CARTESIAN_POINT('Ctrl Pts',(40.2550758301766,34.8352591841081,83.9317992244669));
#2957=CARTESIAN_POINT('Ctrl Pts',(33.7474980866741,41.1576977806954,85.0505814163707));
#2958=CARTESIAN_POINT('Ctrl Pts',(18.4265660903314,49.9080720452248,87.2951444588979));
#2959=CARTESIAN_POINT('Ctrl Pts',(9.68012986928734,52.2978391457696,88.4131753338458));
#2960=CARTESIAN_POINT('Ctrl Pts',(-7.94718275742062,52.5571950772917,90.6559006663433));
#2961=CARTESIAN_POINT('Ctrl Pts',(-16.7517590493167,50.4256787791285,91.7729308817409));
#2962=CARTESIAN_POINT('Ctrl Pts',(-32.2944112642777,42.1455602061215,94.0132964207573));
#2963=CARTESIAN_POINT('Ctrl Pts',(-38.9659830903006,36.0323784390648,95.1290807576563));
#2964=CARTESIAN_POINT('Ctrl Pts',(-48.5621090482782,21.2928948766787,97.3665735616433));
#2965=CARTESIAN_POINT('Ctrl Pts',(-51.4461742713203,12.7287272810308,98.4808719479884));
#2966=CARTESIAN_POINT('Ctrl Pts',(-52.7258146311045,-4.78602251444599,100.714990243403));
#2967=CARTESIAN_POINT('Ctrl Pts',(-51.1160374646386,-13.6640499755188,101.827568749931));
#2968=CARTESIAN_POINT('Ctrl Pts',(-43.7881350475875,-29.5900781593653,104.057823923508));
#2969=CARTESIAN_POINT('Ctrl Pts',(-38.0996755812386,-36.5734391317319,105.168455727376));
#2970=CARTESIAN_POINT('Ctrl Pts',(-24.0175768995838,-46.9578124418978,107.394374277869));
#2971=CARTESIAN_POINT('Ctrl Pts',(-15.6796444136687,-50.3176405180089,108.502840589475));
#2972=CARTESIAN_POINT('Ctrl Pts',(1.62933981104903,-52.6026078769487,110.723966031838));
#2973=CARTESIAN_POINT('Ctrl Pts',(10.5337586213392,-51.5188529211887,111.830056980744));
#2974=CARTESIAN_POINT('Ctrl Pts',(26.7547930309362,-45.1734195107528,114.045951695431));
#2975=CARTESIAN_POINT('Ctrl Pts',(34.0108667166163,-39.9353094786393,115.149467171749));
#2976=CARTESIAN_POINT('Ctrl Pts',(45.1204444802011,-26.5779902751083,117.359714191503));
#2977=CARTESIAN_POINT('Ctrl Pts',(48.9338850152498,-18.5067726000396,118.46046463959));
#2978=CARTESIAN_POINT('Ctrl Pts',(52.2004938552823,-1.49145749487186,120.664669365842));
#2979=CARTESIAN_POINT('Ctrl Pts',(51.642256937208,7.39385831070201,121.76247652764));
#2980=CARTESIAN_POINT('Ctrl Pts',(46.2993500885253,23.8224995235829,123.960268368418));
#2981=CARTESIAN_POINT('Ctrl Pts',(41.532213619574,31.3115234158,125.054965974246));
#2982=CARTESIAN_POINT('Ctrl Pts',(28.9574447834855,43.0796754304227,127.245999895385));
#2983=CARTESIAN_POINT('Ctrl Pts',(21.1892151533783,47.321763536392,128.33743430045));
#2984=CARTESIAN_POINT('Ctrl Pts',(4.54836884813245,51.5388742871678,130.521392281844));
#2985=CARTESIAN_POINT('Ctrl Pts',(-4.27489805831172,51.5012682114756,131.60942304716));
#2986=CARTESIAN_POINT('Ctrl Pts',(-20.8268722790168,47.171111110346,133.78601543587));
#2987=CARTESIAN_POINT('Ctrl Pts',(-28.5094447089753,42.8905095088312,134.870515852669));
#2988=CARTESIAN_POINT('Ctrl Pts',(-40.8680283249867,31.1458377150014,137.039482604871));
#2989=CARTESIAN_POINT('Ctrl Pts',(-45.5118905401841,23.712164440748,138.120340161911));
#2990=CARTESIAN_POINT('Ctrl Pts',(-50.6425020334581,7.51806309701145,140.281451966007));
#2991=CARTESIAN_POINT('Ctrl Pts',(-51.1168513940647,-1.20358507325633,141.358568759495));
#2992=CARTESIAN_POINT('Ctrl Pts',(-47.8006484500132,-17.7996854749358,143.511628033119));
#2993=CARTESIAN_POINT('Ctrl Pts',(-44.0172599391036,-25.637753726431,144.584921119162));
#2994=CARTESIAN_POINT('Ctrl Pts',(-33.1399126497014,-38.5191889629933,146.729762873396));
#2995=CARTESIAN_POINT('Ctrl Pts',(-26.0674028625552,-43.5369991258636,147.799164563096));
#2996=CARTESIAN_POINT('Ctrl Pts',(-10.3828393489302,-49.5400583148448,149.935657127906));
#2997=CARTESIAN_POINT('Ctrl Pts',(-1.79837363565066,-50.5146438688556,151.001115225304));
#2998=CARTESIAN_POINT('Ctrl Pts',(14.7693294516335,-48.2057916313528,153.129160831009));
#2999=CARTESIAN_POINT('Ctrl Pts',(22.72706382762,-44.9258114244203,154.190638814171));
#3000=CARTESIAN_POINT('Ctrl Pts',(36.066283074634,-34.943101228164,156.310174024673));
#3001=CARTESIAN_POINT('Ctrl Pts',(41.4302101965416,-28.2533927714202,157.367651170203));
#3002=CARTESIAN_POINT('Ctrl Pts',(48.26252297721,-13.1312247362566,159.47864716472));
#3003=CARTESIAN_POINT('Ctrl Pts',(49.7234257777049,-4.715096435931,160.532118615987));
#3004=CARTESIAN_POINT('Ctrl Pts',(48.4090346055836,11.7595678936097,162.634581317078));
#3005=CARTESIAN_POINT('Ctrl Pts',(45.6347629835851,19.8040736397723,163.684058096382));
#3006=CARTESIAN_POINT('Ctrl Pts',(36.5649540736346,33.5402264292605,165.778028143211));
#3007=CARTESIAN_POINT('Ctrl Pts',(30.2749467848407,39.2233173652655,166.823537108034));
#3008=CARTESIAN_POINT('Ctrl Pts',(15.7581693639897,46.8414367771945,168.909089674923));
#3009=CARTESIAN_POINT('Ctrl Pts',(7.53696590419552,48.7734266322917,169.950673418359));
#3010=CARTESIAN_POINT('Ctrl Pts',(-8.78861414284,48.4360482756075,172.027917879879));
#3011=CARTESIAN_POINT('Ctrl Pts',(-16.8904426377226,46.1666236107847,173.06563457524));
#3012=CARTESIAN_POINT('Ctrl Pts',(-30.9682506766508,38.0201936940607,175.134714020158));
#3013=CARTESIAN_POINT('Ctrl Pts',(-36.9451942626406,32.1424976979031,176.168637209704));
#3014=CARTESIAN_POINT('Ctrl Pts',(-45.3071631957437,18.2648242876443,178.229727807239));
#3015=CARTESIAN_POINT('Ctrl Pts',(-47.6945736496508,10.2606533645114,179.259946134955));
#3016=CARTESIAN_POINT('Ctrl Pts',(-48.3140163850063,-5.86858548023268,181.313256357774));
#3017=CARTESIAN_POINT('Ctrl Pts',(-46.5462420339107,-14.0020174189399,182.33987324611));
#3018=CARTESIAN_POINT('Ctrl Pts',(-39.3274473927241,-28.3726974727808,184.385642955437));
#3019=CARTESIAN_POINT('Ctrl Pts',(-33.8710140006046,-34.6204235087287,185.408776225969));
#3020=CARTESIAN_POINT('Ctrl Pts',(-20.6579156601641,-43.6872584831001,187.447275625008));
#3021=CARTESIAN_POINT('Ctrl Pts',(-12.8887285899621,-46.5147913959967,188.467057063102));
#3022=CARTESIAN_POINT('Ctrl Pts',(3.0053697878178,-48.0698988799572,190.498585525672));
#3023=CARTESIAN_POINT('Ctrl Pts',(11.1484557993461,-46.7991077896902,191.515160389346));
#3024=CARTESIAN_POINT('Ctrl Pts',(25.7701563443804,-40.5077398166167,193.540045171224));
#3025=CARTESIAN_POINT('Ctrl Pts',(32.2682321147721,-35.4786305613412,194.553571644647));
#3026=CARTESIAN_POINT('Ctrl Pts',(42.0050520343566,-22.9487550477704,196.572166485562));
#3027=CARTESIAN_POINT('Ctrl Pts',(45.2584589346862,-15.4288815119921,197.582815077851));
#3028=CARTESIAN_POINT('Ctrl Pts',(47.7287320318869,0.198911722354982,199.595498702406));
#3029=CARTESIAN_POINT('Ctrl Pts',(46.9496309245442,8.33326960176035,200.603451592746));
#3030=CARTESIAN_POINT('Ctrl Pts',(41.5828408931444,23.170999015154,202.610626118715));
#3031=CARTESIAN_POINT('Ctrl Pts',(36.9850824425016,29.901797700419,203.616076449146));
#3032=CARTESIAN_POINT('Ctrl Pts',(25.1519501184649,40.2785252124754,205.618165711707));
#3033=CARTESIAN_POINT('Ctrl Pts',(17.8928079407578,43.9451198421482,206.621316829354));
#3034=CARTESIAN_POINT('Ctrl Pts',(2.55610236502121,47.3120720126843,208.618764629756));
#3035=CARTESIAN_POINT('Ctrl Pts',(-5.55427969534659,47.0195082914823,209.619829280711));
#3036=CARTESIAN_POINT('Ctrl Pts',(-20.5793364613857,42.5735742461673,211.613097567748));
#3037=CARTESIAN_POINT('Ctrl Pts',(-27.5279654516366,38.4100418206241,212.612297045252));
#3038=CARTESIAN_POINT('Ctrl Pts',(-38.5195566432671,27.2838995000584,214.601864037728));
#3039=CARTESIAN_POINT('Ctrl Pts',(-42.588523353804,20.2948324115162,215.599427287809));
#3040=CARTESIAN_POINT('Ctrl Pts',(-46.8366786503503,5.26920773634995,217.585785545875));
#3041=CARTESIAN_POINT('Ctrl Pts',(-47.0262778321207,-2.80445057445152,218.581948234015));
#3042=CARTESIAN_POINT('Ctrl Pts',(-43.4981932110931,-17.9933970640316,220.565602686984));
#3043=CARTESIAN_POINT('Ctrl Pts',(-39.771463125523,-25.1473892564633,221.560606229897));
#3044=CARTESIAN_POINT('Ctrl Pts',(-29.3611692025543,-36.7335776774615,223.542072167767));
#3045=CARTESIAN_POINT('Ctrl Pts',(-22.6503571197035,-41.1960532041515,224.536162734738));
#3046=CARTESIAN_POINT('Ctrl Pts',(-7.95284229572305,-46.3135199138666,226.515963770366));
#3047=CARTESIAN_POINT('Ctrl Pts',(0.0730482865013036,-46.9821494359786,
227.509391259042));
#3048=CARTESIAN_POINT('Ctrl Pts',(15.4062971367176,-44.3709265327817,229.488057267549));
#3049=CARTESIAN_POINT('Ctrl Pts',(22.7550839039786,-41.0840400160361,230.481074259363));
#3050=CARTESIAN_POINT('Ctrl Pts',(34.9196552669091,-31.3988549283567,232.459139301086));
#3051=CARTESIAN_POINT('Ctrl Pts',(39.7685762581736,-24.9742359090585,233.45200000181));
#3052=CARTESIAN_POINT('Ctrl Pts',(45.74715689532,-10.6208322307535,235.430000234878));
#3053=CARTESIAN_POINT('Ctrl Pts',(46.8931833247068,-2.65295392594455,236.422959405988));
#3054=CARTESIAN_POINT('Ctrl Pts',(45.2007845829929,12.8071507375018,238.401430994411));
#3055=CARTESIAN_POINT('Ctrl Pts',(42.3578703601697,20.3413502484552,239.394742881087));
#3056=CARTESIAN_POINT('Ctrl Pts',(33.4090348495893,33.0709929351231,241.374219904137));
#3057=CARTESIAN_POINT('Ctrl Pts',(27.2791763573999,38.3007174772028,242.368137165793));
#3058=CARTESIAN_POINT('Ctrl Pts',(13.286780642437,45.1355454090196,244.349149534422));
#3059=CARTESIAN_POINT('Ctrl Pts',(5.38731255934978,46.7588658168474,245.343922183616));
#3060=CARTESIAN_POINT('Ctrl Pts',(-10.1824453755996,45.990700661159,247.326993569694));
#3061=CARTESIAN_POINT('Ctrl Pts',(-17.893013041644,43.5974128501575,248.322867925194));
#3062=CARTESIAN_POINT('Ctrl Pts',(-31.1758154631465,35.3994114976936,250.308513709427));
#3063=CARTESIAN_POINT('Ctrl Pts',(-36.7815424979055,29.574271375371,251.305731369013));
#3064=CARTESIAN_POINT('Ctrl Pts',(-44.4702653834086,15.9624628864367,253.294456613626));
#3065=CARTESIAN_POINT('Ctrl Pts',(-46.5721090162413,8.14289310577837,254.293253451964));
#3066=CARTESIAN_POINT('Ctrl Pts',(-46.7370618847471,-7.51759480841897,256.285550904401));
#3067=CARTESIAN_POINT('Ctrl Pts',(-44.8008020865808,-15.3948925893077,257.286156101027));
#3068=CARTESIAN_POINT('Ctrl Pts',(-37.3722300138258,-29.2185805271208,259.282504235237));
#3069=CARTESIAN_POINT('Ctrl Pts',(-31.8637546860855,-35.1956052028127,260.285139337292));
#3070=CARTESIAN_POINT('Ctrl Pts',(-18.6563317037062,-43.7371642495493,262.286000439446));
#3071=CARTESIAN_POINT('Ctrl Pts',(-10.9300953838194,-46.3196764428393,263.29087846342));
#3072=CARTESIAN_POINT('Ctrl Pts',(4.79856998036651,-47.4296614509271,265.296696769205));
#3073=CARTESIAN_POINT('Ctrl Pts',(12.8314171702666,-45.959568619384,266.304021345483));
#3074=CARTESIAN_POINT('Ctrl Pts',(27.1814416023413,-39.3235439193001,268.315221236451));
#3075=CARTESIAN_POINT('Ctrl Pts',(33.5242960268737,-34.1460623508307,269.32518579998));
#3076=CARTESIAN_POINT('Ctrl Pts',(42.9173765149717,-21.3722288874576,271.342170066662));
#3077=CARTESIAN_POINT('Ctrl Pts',(45.9830117799537,-13.7554270288573,272.354957096593));
#3078=CARTESIAN_POINT('Ctrl Pts',(48.0520796186689,2.01350446165199,274.378105276346));
#3079=CARTESIAN_POINT('Ctrl Pts',(47.0587871978112,10.1882739060263,275.393885587024));
#3080=CARTESIAN_POINT('Ctrl Pts',(41.2428795086942,25.0458715808934,277.423552384708));
#3081=CARTESIAN_POINT('Ctrl Pts',(36.4132654134624,31.7474082770809,278.442484469914));
#3082=CARTESIAN_POINT('Ctrl Pts',(24.1083885509565,41.9886595042615,280.478998269613));
#3083=CARTESIAN_POINT('Ctrl Pts',(16.6203196799061,45.5394237011207,281.501227701526));
#3084=CARTESIAN_POINT('Ctrl Pts',(0.845828363764675,48.5824755221022,283.544889177456));
#3085=CARTESIAN_POINT('Ctrl Pts',(-7.45399215243818,48.0776511430213,284.570548061431));
#3086=CARTESIAN_POINT('Ctrl Pts',(-22.7943463163157,43.1133266728107,286.621628896068));
#3087=CARTESIAN_POINT('Ctrl Pts',(-29.8448254555595,38.6509171776251,287.65083538193));
#3088=CARTESIAN_POINT('Ctrl Pts',(-40.9269657512385,26.8568003824525,289.709577099139));
#3089=CARTESIAN_POINT('Ctrl Pts',(-44.9635573398044,19.5202688952561,290.742434949416));
#3090=CARTESIAN_POINT('Ctrl Pts',(-48.9947469010863,3.78276249187533,292.809047869968));
#3091=CARTESIAN_POINT('Ctrl Pts',(-48.990444421821,-4.62135612701161,293.845646085237));
#3092=CARTESIAN_POINT('Ctrl Pts',(-44.9120583047957,-20.4119823752799,295.920308411591));
#3093=CARTESIAN_POINT('Ctrl Pts',(-40.8383333947828,-27.7982235894185,296.960720912891));
#3094=CARTESIAN_POINT('Ctrl Pts',(-29.6029800932336,-39.7081568263666,299.043577949485));
#3095=CARTESIAN_POINT('Ctrl Pts',(-22.4443596275805,-44.2290638265153,300.087863317651));
#3096=CARTESIAN_POINT('Ctrl Pts',(-6.79479458145143,-49.2599913095158,302.179026832197));
#3097=CARTESIAN_POINT('Ctrl Pts',(1.68855278449055,-49.7678571993316,303.227228103858));
#3098=CARTESIAN_POINT('Ctrl Pts',(17.8880243488825,-46.611253628567,305.326775834244));
#3099=CARTESIAN_POINT('Ctrl Pts',(25.5926799520495,-42.9492960408878,306.378920354224));
#3100=CARTESIAN_POINT('Ctrl Pts',(38.3097527336228,-32.326169393178,308.486895664634));
#3101=CARTESIAN_POINT('Ctrl Pts',(43.3103650564199,-25.3752149933732,309.542994994678));
#3102=CARTESIAN_POINT('Ctrl Pts',(49.348181923985,-9.87301299121501,311.659406683059));
#3103=CARTESIAN_POINT('Ctrl Pts',(50.3785672948681,-1.34002316028978,312.719456568092));
#3104=CARTESIAN_POINT('Ctrl Pts',(48.1793744143704,15.217084714227,314.844278822882));
#3105=CARTESIAN_POINT('Ctrl Pts',(44.953143277756,23.2180840656333,315.908259225395));
#3106=CARTESIAN_POINT('Ctrl Pts',(34.9999605004181,36.7126066858734,318.041431704895));
#3107=CARTESIAN_POINT('Ctrl Pts',(28.2893786773228,42.1844029474516,319.109306987462));
#3108=CARTESIAN_POINT('Ctrl Pts',(13.0019429058773,49.2299555894518,321.25073482044));
#3109=CARTESIAN_POINT('Ctrl Pts',(4.45336448691262,50.790990792586,322.322454671408));
#3110=CARTESIAN_POINT('Ctrl Pts',(-12.4000560258702,49.5827198100961,324.472006881949));
#3111=CARTESIAN_POINT('Ctrl Pts',(-20.6702507050404,46.8161794515732,325.547512422274));
#3112=CARTESIAN_POINT('Ctrl Pts',(-34.9024170770232,37.5933172371225,327.705007381908));
#3113=CARTESIAN_POINT('Ctrl Pts',(-40.8321999261616,31.1580960512035,328.784276542554));
#3114=CARTESIAN_POINT('Ctrl Pts',(-47.5347705628183,18.6646883968109,330.587763751199));
#3115=CARTESIAN_POINT('Ctrl Pts',(-49.3593313293256,13.2148894646654,331.309139762032));
#3116=CARTESIAN_POINT('Ctrl Pts',(-50.2518426334241,7.60932721975412,332.031192531571));
#3117=CARTESIAN_POINT('Ctrl Pts',(44.6735281681422,-22.4172934176228,33.2688019985151));
#3118=CARTESIAN_POINT('Ctrl Pts',(46.525268840415,-18.8029425219227,33.7854462721736));
#3119=CARTESIAN_POINT('Ctrl Pts',(47.9425410576442,-14.9611912309238,34.3025220488675));
#3120=CARTESIAN_POINT('Ctrl Pts',(50.7855605077391,-2.79633486220546,35.8919236985));
#3121=CARTESIAN_POINT('Ctrl Pts',(50.5931619172271,5.90019656774933,36.9645456814696));
#3122=CARTESIAN_POINT('Ctrl Pts',(46.0032708566875,22.1785953605554,39.1161894609376));
#3123=CARTESIAN_POINT('Ctrl Pts',(41.6153759482052,29.727934838256,40.1929559849447));
#3124=CARTESIAN_POINT('Ctrl Pts',(29.6824228827193,41.8095610717295,42.3532448711189));
#3125=CARTESIAN_POINT('Ctrl Pts',(22.1645175812777,46.3150825189104,43.4340448366438));
#3126=CARTESIAN_POINT('Ctrl Pts',(5.8151372263253,51.1445261838395,45.6027992086856));
#3127=CARTESIAN_POINT('Ctrl Pts',(-2.97589074078075,51.4570335622603,46.6875331596028));
#3128=CARTESIAN_POINT('Ctrl Pts',(-19.6866144573373,47.7704634408199,48.8645300455373));
#3129=CARTESIAN_POINT('Ctrl Pts',(-27.5617115200778,43.7817512474329,49.9530856061948));
#3130=CARTESIAN_POINT('Ctrl Pts',(-40.4574790180552,32.4375579854841,52.1380676981372));
#3131=CARTESIAN_POINT('Ctrl Pts',(-45.4413836157401,25.115106844529,53.2303171629466));
#3132=CARTESIAN_POINT('Ctrl Pts',(-51.2702927722936,8.89482849881581,55.4229948645855));
#3133=CARTESIAN_POINT('Ctrl Pts',(-52.0978843526521,0.0469810700078709,
56.5187953200528));
#3134=CARTESIAN_POINT('Ctrl Pts',(-49.3540801381696,-17.0277818652611,58.718848086108));
#3135=CARTESIAN_POINT('Ctrl Pts',(-45.7921180898727,-25.1992106338494,59.818041925843));
#3136=CARTESIAN_POINT('Ctrl Pts',(-35.105311263265,-38.8660246175355,62.0251196029964));
#3137=CARTESIAN_POINT('Ctrl Pts',(-28.0175012141341,-44.3148634652831,63.1275351541907));
#3138=CARTESIAN_POINT('Ctrl Pts',(-12.0092763700669,-51.1370775684226,65.3412594116895));
#3139=CARTESIAN_POINT('Ctrl Pts',(-3.14656036860445,-52.4863959482986,66.4467116331688));
#3140=CARTESIAN_POINT('Ctrl Pts',(14.2141584818703,-50.7195414707806,68.6666774898001));
#3141=CARTESIAN_POINT('Ctrl Pts',(22.6471817272517,-47.6104580925984,69.7749687336759));
#3142=CARTESIAN_POINT('Ctrl Pts',(37.0308146825783,-37.6493214163594,72.0007461769908));
#3143=CARTESIAN_POINT('Ctrl Pts',(42.925757320887,-30.8363719801099,73.1116670097582));
#3144=CARTESIAN_POINT('Ctrl Pts',(50.724984658768,-15.1277465388248,75.3428027021239));
#3145=CARTESIAN_POINT('Ctrl Pts',(52.5983073692149,-6.29540235088972,76.4561327810867));
#3146=CARTESIAN_POINT('Ctrl Pts',(51.8355241358193,11.2646301491876,78.6921518471016));
#3147=CARTESIAN_POINT('Ctrl Pts',(49.202981261016,19.9196504933025,79.8076608475901));
#3148=CARTESIAN_POINT('Ctrl Pts',(40.0332149315008,34.9551195719569,82.048068737503));
#3149=CARTESIAN_POINT('Ctrl Pts',(33.5352616534662,41.2719044181426,83.1655173259088));
#3150=CARTESIAN_POINT('Ctrl Pts',(18.2161584814736,50.021091685176,85.4098017497599));
#3151=CARTESIAN_POINT('Ctrl Pts',(9.46171927320977,52.4157953062328,86.5289425970278));
#3152=CARTESIAN_POINT('Ctrl Pts',(-8.20417228289119,52.6755971828481,88.776575524255));
#3153=CARTESIAN_POINT('Ctrl Pts',(-17.0374072538984,50.5398631080745,89.8971543541604));
#3154=CARTESIAN_POINT('Ctrl Pts',(-32.6498873493938,42.2224104672175,92.1475940733618));
#3155=CARTESIAN_POINT('Ctrl Pts',(-39.3590301976807,36.0783629815205,93.2693507396667));
#3156=CARTESIAN_POINT('Ctrl Pts',(-49.0202388144895,21.2387039263153,95.5220439730829));
#3157=CARTESIAN_POINT('Ctrl Pts',(-51.9284865032876,12.6108640314942,96.6447135595145));
#3158=CARTESIAN_POINT('Ctrl Pts',(-53.2196221990441,-5.06272604815219,98.8990976265831));
#3159=CARTESIAN_POINT('Ctrl Pts',(-51.5967893018755,-14.0270992802818,100.022411563514));
#3160=CARTESIAN_POINT('Ctrl Pts',(-44.1858598676661,-30.1333257016958,102.277916587552));
#3161=CARTESIAN_POINT('Ctrl Pts',(-38.4322991004416,-37.200583840322,103.401603779281));
#3162=CARTESIAN_POINT('Ctrl Pts',(-24.1595955645238,-47.7253916510611,105.657654930982));
#3163=CARTESIAN_POINT('Ctrl Pts',(-15.7070066966531,-51.1340675804059,106.781442887618));
#3164=CARTESIAN_POINT('Ctrl Pts',(1.87377397898182,-53.4548239201995,109.037462658603));
#3165=CARTESIAN_POINT('Ctrl Pts',(10.9199751971457,-52.3562187679242,110.161078626725));
#3166=CARTESIAN_POINT('Ctrl Pts',(27.4300701956869,-45.8976199466966,112.416489125907));
#3167=CARTESIAN_POINT('Ctrl Pts',(34.8171397070763,-40.5677983745319,113.539661212427));
#3168=CARTESIAN_POINT('Ctrl Pts',(46.1475568744368,-26.9448403365687,115.793886477377));
#3169=CARTESIAN_POINT('Ctrl Pts',(50.0384546958727,-18.7149031936017,116.91634476134));
#3170=CARTESIAN_POINT('Ctrl Pts',(53.3764664036648,-1.32729898391929,119.168813076315));
#3171=CARTESIAN_POINT('Ctrl Pts',(52.8082878095281,7.75035672685484,120.290290703712));
#3172=CARTESIAN_POINT('Ctrl Pts',(47.3381593989949,24.5699885507656,122.540436915412));
#3173=CARTESIAN_POINT('Ctrl Pts',(42.4611613160314,32.2353975596589,123.660671172476));
#3174=CARTESIAN_POINT('Ctrl Pts',(29.563929486933,44.3052542987835,125.907938994073));
#3175=CARTESIAN_POINT('Ctrl Pts',(21.6016480695068,48.6555104806618,127.026672354951));
#3176=CARTESIAN_POINT('Ctrl Pts',(4.50496000280891,52.9880917133289,129.270516648408));
#3177=CARTESIAN_POINT('Ctrl Pts',(-4.55393035839617,52.951297335914,130.387497793499));
#3178=CARTESIAN_POINT('Ctrl Pts',(-21.5866919748013,48.4953193297908,132.627386819775));
#3179=CARTESIAN_POINT('Ctrl Pts',(-29.4868406331215,44.0954272358174,133.742371621452));
#3180=CARTESIAN_POINT('Ctrl Pts',(-42.2235746331404,31.9913411230294,135.977789247812));
#3181=CARTESIAN_POINT('Ctrl Pts',(-47.0063221591214,24.3383021917635,137.090541720663));
#3182=CARTESIAN_POINT('Ctrl Pts',(-52.301302900876,7.62529143772115,139.320989574084));
#3183=CARTESIAN_POINT('Ctrl Pts',(-52.791748988649,-1.36596395902312,140.431282787134));
#3184=CARTESIAN_POINT('Ctrl Pts',(-49.3648650734391,-18.5158426766431,142.65628234264));
#3185=CARTESIAN_POINT('Ctrl Pts',(-45.4611645904561,-26.6061322154229,143.763899291397));
#3186=CARTESIAN_POINT('Ctrl Pts',(-34.2077606280097,-39.9328770823219,145.982993884184));
#3187=CARTESIAN_POINT('Ctrl Pts',(-26.9012918614114,-45.1180815547283,147.087728320612));
#3188=CARTESIAN_POINT('Ctrl Pts',(-10.657653487972,-51.3350999699733,149.300485070952));
#3189=CARTESIAN_POINT('Ctrl Pts',(-1.78044030458993,-52.3439229296988,150.402142289707));
#3190=CARTESIAN_POINT('Ctrl Pts',(15.3933603070013,-49.9505906444064,152.60815392993));
#3191=CARTESIAN_POINT('Ctrl Pts',(23.6293488026751,-46.5568309910475,153.706551509405));
#3192=CARTESIAN_POINT('Ctrl Pts',(37.4672037116216,-36.2009399630266,155.905438102693));
#3193=CARTESIAN_POINT('Ctrl Pts',(43.0226330944667,-29.2734885214449,157.000406599495));
#3194=CARTESIAN_POINT('Ctrl Pts',(50.1148051530628,-13.5761417573254,159.191817140842));
#3195=CARTESIAN_POINT('Ctrl Pts',(51.6290187974844,-4.85594610156829,160.283200736439));
#3196=CARTESIAN_POINT('Ctrl Pts',(50.2639643290913,12.2536380500557,162.466814626822));
#3197=CARTESIAN_POINT('Ctrl Pts',(47.3886754858877,20.5921595441897,163.554471725097));
#3198=CARTESIAN_POINT('Ctrl Pts',(37.9661382417809,34.8625065367659,165.730000110815));
#3199=CARTESIAN_POINT('Ctrl Pts',(31.4448976469472,40.7547779865096,166.813803885233));
#3200=CARTESIAN_POINT('Ctrl Pts',(16.3607463800126,48.6706404116222,168.980990855297));
#3201=CARTESIAN_POINT('Ctrl Pts',(7.83633381532633,50.6739097974427,170.060829744341));
#3202=CARTESIAN_POINT('Ctrl Pts',(-9.12788024884808,50.3233330023612,172.219453379899));
#3203=CARTESIAN_POINT('Ctrl Pts',(-17.5280662248572,47.9701852627853,173.295231529344));
#3204=CARTESIAN_POINT('Ctrl Pts',(-32.1547968056074,39.5061119546449,175.445104800228));
#3205=CARTESIAN_POINT('Ctrl Pts',(-38.3504394383769,33.4129104048185,176.516742450719));
#3206=CARTESIAN_POINT('Ctrl Pts',(-47.0360434479469,18.9981372578156,178.657713955381));
#3207=CARTESIAN_POINT('Ctrl Pts',(-49.5095856938794,10.7035155343891,179.725147773677));
#3208=CARTESIAN_POINT('Ctrl Pts',(-50.1527316289589,-6.0426670655236,181.857102320001));
#3209=CARTESIAN_POINT('Ctrl Pts',(-48.3211090026819,-14.4668146863481,182.920285672158));
#3210=CARTESIAN_POINT('Ctrl Pts',(-40.8306521839649,-29.3783323323612,185.043144697785));
#3211=CARTESIAN_POINT('Ctrl Pts',(-35.1821003924575,-35.8448034285418,186.10204786247));
#3212=CARTESIAN_POINT('Ctrl Pts',(-21.4820236081958,-45.2458265171134,188.215769694465));
#3213=CARTESIAN_POINT('Ctrl Pts',(-13.4461495090052,-48.169381284539,189.270380014577));
#3214=CARTESIAN_POINT('Ctrl Pts',(3.01883771877031,-49.7803706878914,191.374959969347));
#3215=CARTESIAN_POINT('Ctrl Pts',(11.433077401873,-48.4661171740227,192.4252819401));
#3216=CARTESIAN_POINT('Ctrl Pts',(26.5639570308158,-41.9556958728346,194.520752265514));
#3217=CARTESIAN_POINT('Ctrl Pts',(33.2705511451855,-36.7635778184174,195.566807557229));
#3218=CARTESIAN_POINT('Ctrl Pts',(43.3342931492508,-23.8130637572774,197.653237219819));
#3219=CARTESIAN_POINT('Ctrl Pts',(46.6871009070413,-16.0598159244249,198.695064633755));
#3220=CARTESIAN_POINT('Ctrl Pts',(49.2368956251518,0.0707631252908154,200.772558954718));
#3221=CARTESIAN_POINT('Ctrl Pts',(48.4331831896574,8.44548879058068,201.810214310488));
#3222=CARTESIAN_POINT('Ctrl Pts',(42.9020662361271,23.7376968309104,203.878914454885));
#3223=CARTESIAN_POINT('Ctrl Pts',(38.1739423502066,30.6562926455977,204.912470408241));
#3224=CARTESIAN_POINT('Ctrl Pts',(25.9983307239427,41.3334304667107,206.972552732427));
#3225=CARTESIAN_POINT('Ctrl Pts',(18.5467446147477,45.0951555727471,208.002098522504));
#3226=CARTESIAN_POINT('Ctrl Pts',(2.79394707379226,48.5535270728006,210.053773785231));
#3227=CARTESIAN_POINT('Ctrl Pts',(-5.51609139641713,48.2517867344332,211.079414910734));
#3228=CARTESIAN_POINT('Ctrl Pts',(-20.9196987609532,43.6939214374784,213.122927353746));
#3229=CARTESIAN_POINT('Ctrl Pts',(-28.0252973310389,39.43390127809,214.144785177997));
#3230=CARTESIAN_POINT('Ctrl Pts',(-39.271288982847,28.0503682090718,216.180411482124));
#3231=CARTESIAN_POINT('Ctrl Pts',(-43.4228272918679,20.9151140824057,217.198622767379));
#3232=CARTESIAN_POINT('Ctrl Pts',(-47.7601974362876,5.57428691252619,219.226670890274));
#3233=CARTESIAN_POINT('Ctrl Pts',(-47.9510507084423,-2.65022427856765,220.241387262229));
#3234=CARTESIAN_POINT('Ctrl Pts',(-44.3570089159308,-18.123576751594,222.262195163913));
#3235=CARTESIAN_POINT('Ctrl Pts',(-40.566639973677,-25.394596911105,223.273582507914));
#3236=CARTESIAN_POINT('Ctrl Pts',(-29.9858978714747,-37.1706483991744,225.287516770209));
#3237=CARTESIAN_POINT('Ctrl Pts',(-23.1779678731194,-41.6947657125254,226.295754561228));
#3238=CARTESIAN_POINT('Ctrl Pts',(-8.27525910238571,-46.88379840903,228.303208907101));
#3239=CARTESIAN_POINT('Ctrl Pts',(-0.153143066895709,-47.5579259534692,
229.308489476132));
#3240=CARTESIAN_POINT('Ctrl Pts',(15.3562007735428,-44.9168341841137,231.309883194766));
#3241=CARTESIAN_POINT('Ctrl Pts',(22.7745124332677,-41.5960459238935,232.312410934875));
#3242=CARTESIAN_POINT('Ctrl Pts',(35.0480484729089,-31.8242604672677,234.308187218164));
#3243=CARTESIAN_POINT('Ctrl Pts',(39.9298065745787,-25.3518174651581,235.308177733974));
#3244=CARTESIAN_POINT('Ctrl Pts',(45.9466456724909,-10.9068835701957,237.298801929944));
#3245=CARTESIAN_POINT('Ctrl Pts',(47.0955337332788,-2.90065538665804,238.296481134845));
#3246=CARTESIAN_POINT('Ctrl Pts',(45.3968572505776,12.6179374652162,240.282438923383));
#3247=CARTESIAN_POINT('Ctrl Pts',(42.5448956069485,20.1686304785558,241.278042089231));
#3248=CARTESIAN_POINT('Ctrl Pts',(33.585689421567,32.9132403473447,243.259837585389));
#3249=CARTESIAN_POINT('Ctrl Pts',(27.4550193895494,38.1401811324726,244.253608349861));
#3250=CARTESIAN_POINT('Ctrl Pts',(13.482874883506,44.965252644933,246.231762139975));
#3251=CARTESIAN_POINT('Ctrl Pts',(5.60344452200314,46.5817656824644,247.223951477094));
#3252=CARTESIAN_POINT('Ctrl Pts',(-9.90332240898705,45.8168273617677,249.198998592949));
#3253=CARTESIAN_POINT('Ctrl Pts',(-17.5742263624627,43.4331152859099,250.189863752544));
#3254=CARTESIAN_POINT('Ctrl Pts',(-30.769087650068,35.2895251731557,252.162351588954));
#3255=CARTESIAN_POINT('Ctrl Pts',(-36.3311620353726,29.5060277492979,253.152155011005));
#3256=CARTESIAN_POINT('Ctrl Pts',(-43.9494860039767,16.0190738172337,255.122641192306));
#3257=CARTESIAN_POINT('Ctrl Pts',(-46.0282255622926,8.27570235528065,256.111649402239));
#3258=CARTESIAN_POINT('Ctrl Pts',(-46.1913581791339,-7.20211822165589,258.080699603507));
#3259=CARTESIAN_POINT('Ctrl Pts',(-44.2762227327732,-14.9831054381001,259.069182094492));
#3260=CARTESIAN_POINT('Ctrl Pts',(-36.9524821109488,-28.6119197365935,261.037367823583));
#3261=CARTESIAN_POINT('Ctrl Pts',(-31.5216313088804,-34.5011653844697,262.025595931838));
#3262=CARTESIAN_POINT('Ctrl Pts',(-18.5317329937365,-42.9021531008637,263.993492278797));
#3263=CARTESIAN_POINT('Ctrl Pts',(-10.9330441884104,-45.4395775058897,264.981738057748));
#3264=CARTESIAN_POINT('Ctrl Pts',(4.50068975061176,-46.5288315608969,266.949921418593));
#3265=CARTESIAN_POINT('Ctrl Pts',(12.3828084804444,-45.0840472441007,267.938456517531));
#3266=CARTESIAN_POINT('Ctrl Pts',(26.43231292549,-38.5870772543007,269.907502299923));
#3267=CARTESIAN_POINT('Ctrl Pts',(32.6423018720374,-33.5152865680822,270.896596852511));
#3268=CARTESIAN_POINT('Ctrl Pts',(41.8190463837664,-21.0357655697434,272.867077171391));
#3269=CARTESIAN_POINT('Ctrl Pts',(44.8133422290115,-13.5907665718951,273.856998699044));
#3270=CARTESIAN_POINT('Ctrl Pts',(46.8306995034975,1.78360872952902,275.829480070877));
#3271=CARTESIAN_POINT('Ctrl Pts',(45.8598102852102,9.75810469498251,276.820492405678));
#3272=CARTESIAN_POINT('Ctrl Pts',(40.2003212176488,24.216250429463,278.79553345047));
#3273=CARTESIAN_POINT('Ctrl Pts',(35.4956543620921,30.7413430853388,279.787895681877));
#3274=CARTESIAN_POINT('Ctrl Pts',(23.5430690437395,40.6894434787724,281.766044842677));
#3275=CARTESIAN_POINT('Ctrl Pts',(16.262111701613,44.1401566797078,282.760010291857));
#3276=CARTESIAN_POINT('Ctrl Pts',(0.96461404371632,47.0912311544758,284.741803581914));
#3277=CARTESIAN_POINT('Ctrl Pts',(-7.09267729436025,46.5996289686367,285.737618807152));
#3278=CARTESIAN_POINT('Ctrl Pts',(-21.9465888739957,41.7927576479339,287.723577595266));
#3279=CARTESIAN_POINT('Ctrl Pts',(-28.7810434328382,37.4654372268018,288.721481431455));
#3280=CARTESIAN_POINT('Ctrl Pts',(-39.4970345849554,26.0610331263012,290.712110276379));
#3281=CARTESIAN_POINT('Ctrl Pts',(-43.4044847829996,18.9566521486903,291.712332911262));
#3282=CARTESIAN_POINT('Ctrl Pts',(-47.297725858613,3.75777984463303,293.708117456185));
#3283=CARTESIAN_POINT('Ctrl Pts',(-47.292479867306,-4.37089310324171,294.710879545628));
#3284=CARTESIAN_POINT('Ctrl Pts',(-43.3579175361848,-19.6047398724462,296.712284483809));
#3285=CARTESIAN_POINT('Ctrl Pts',(-39.4205979672586,-26.7417351880643,297.717796308121));
#3286=CARTESIAN_POINT('Ctrl Pts',(-28.5913310194325,-38.2212224894664,299.725263430676));
#3287=CARTESIAN_POINT('Ctrl Pts',(-21.6789041714046,-42.5857386891613,300.733724093713));
#3288=CARTESIAN_POINT('Ctrl Pts',(-6.60635002854452,-47.4311849538881,302.747670430306));
#3289=CARTESIAN_POINT('Ctrl Pts',(1.57954057620772,-47.9206324109702,303.759267102902));
#3290=CARTESIAN_POINT('Ctrl Pts',(17.1724603511438,-44.8822301844807,305.780083165729));
#3291=CARTESIAN_POINT('Ctrl Pts',(24.6030955399353,-41.3500170087852,306.794990374846));
#3292=CARTESIAN_POINT('Ctrl Pts',(36.8387163095447,-31.1290773823168,308.823038515757));
#3293=CARTESIAN_POINT('Ctrl Pts',(41.6597430826901,-24.427264884543,309.841417480661));
#3294=CARTESIAN_POINT('Ctrl Pts',(47.4674059634398,-9.51600028071703,311.87703037059));
#3295=CARTESIAN_POINT('Ctrl Pts',(48.4605309532654,-1.29057899916613,312.899028387347));
#3296=CARTESIAN_POINT('Ctrl Pts',(46.3454042778558,14.6336365552945,314.942507626379));
#3297=CARTESIAN_POINT('Ctrl Pts',(43.2356182761965,22.3459719902554,315.968257502073));
#3298=CARTESIAN_POINT('Ctrl Pts',(33.6624143178542,35.325319862617,318.019872367237));
#3299=CARTESIAN_POINT('Ctrl Pts',(27.1933480364346,40.6004517063285,319.04949190633));
#3300=CARTESIAN_POINT('Ctrl Pts',(12.4864801271741,47.3784350662644,321.109478240925));
#3301=CARTESIAN_POINT('Ctrl Pts',(4.2433104010654,48.884074148902,322.143069792892));
#3302=CARTESIAN_POINT('Ctrl Pts',(-11.9759370250251,47.7212634572644,324.211629028627));
#3303=CARTESIAN_POINT('Ctrl Pts',(-19.9541739014521,45.0529582217126,325.249279134088));
#3304=CARTESIAN_POINT('Ctrl Pts',(-33.6577405005116,36.1725669233224,327.326577676325));
#3305=CARTESIAN_POINT('Ctrl Pts',(-39.382006052255,29.9617430725536,328.368355794201));
#3306=CARTESIAN_POINT('Ctrl Pts',(-45.8391813570724,17.9242140075947,330.106131834703));
#3307=CARTESIAN_POINT('Ctrl Pts',(-47.6009406764133,12.6645734929998,330.802066432109));
#3308=CARTESIAN_POINT('Ctrl Pts',(-48.4620875854871,7.25573060399493,331.498898118263));
#3309=CARTESIAN_POINT('Ctrl Pts',(43.1393079579575,-21.6824857422148,33.6271807931525));
#3310=CARTESIAN_POINT('Ctrl Pts',(44.9297400624403,-18.18780402098,34.1267285311897));
#3311=CARTESIAN_POINT('Ctrl Pts',(46.2994950365774,-14.4739000490976,34.6269077368425));
#3312=CARTESIAN_POINT('Ctrl Pts',(49.0457478119577,-2.72621091925889,36.1615063630861));
#3313=CARTESIAN_POINT('Ctrl Pts',(48.8590909542966,5.68788290543457,37.1995150969145));
#3314=CARTESIAN_POINT('Ctrl Pts',(44.4274434529687,21.4053994955982,39.2769279461189));
#3315=CARTESIAN_POINT('Ctrl Pts',(40.1825016352697,28.7086124341148,40.3187165187903));
#3316=CARTESIAN_POINT('Ctrl Pts',(28.6612277056096,40.3734400261164,42.4044217639671));
#3317=CARTESIAN_POINT('Ctrl Pts',(21.3883147937833,44.7322381322749,43.4501141458121));
#3318=CARTESIAN_POINT('Ctrl Pts',(5.60145402951617,49.3955137363967,45.544203128363));
#3319=CARTESIAN_POINT('Ctrl Pts',(-2.90441518853742,49.6981225260721,46.5938540868396));
#3320=CARTESIAN_POINT('Ctrl Pts',(-19.0439718202047,46.1375467221342,48.6964018652384));
#3321=CARTESIAN_POINT('Ctrl Pts',(-26.6659477434481,42.2774724196721,49.7500429974023));
#3322=CARTESIAN_POINT('Ctrl Pts',(-39.1255593586043,31.3169350560618,51.861092635588));
#3323=CARTESIAN_POINT('Ctrl Pts',(-43.9515781955624,24.2273988302579,52.9187382486369));
#3324=CARTESIAN_POINT('Ctrl Pts',(-49.5861719290328,8.54777650429735,55.0382986793598));
#3325=CARTESIAN_POINT('Ctrl Pts',(-50.3885752200287,-0.0235200635533454,
56.099946508805));
#3326=CARTESIAN_POINT('Ctrl Pts',(-47.7345129413366,-16.5396211038051,58.2279922931449));
#3327=CARTESIAN_POINT('Ctrl Pts',(-44.2823403366776,-24.4612291749207,59.2936235900056));
#3328=CARTESIAN_POINT('Ctrl Pts',(-33.937281108964,-37.6909377470287,61.4300950440431));
#3329=CARTESIAN_POINT('Ctrl Pts',(-27.0616990735127,-42.9778281619593,62.4996746399634));
#3330=CARTESIAN_POINT('Ctrl Pts',(-11.5517179891329,-49.5876571029329,64.6444781209106));
#3331=CARTESIAN_POINT('Ctrl Pts',(-2.94616058005207,-50.8989250555374,65.7179545538731));
#3332=CARTESIAN_POINT('Ctrl Pts',(13.8910475258799,-49.1852977829486,67.8709628752582));
#3333=CARTESIAN_POINT('Ctrl Pts',(22.0881434993353,-46.1644939428855,68.9482685871828));
#3334=CARTESIAN_POINT('Ctrl Pts',(36.0535623183337,-36.4929133013453,71.1093215565431));
#3335=CARTESIAN_POINT('Ctrl Pts',(41.7906361036858,-29.8644686618145,72.1903731639383));
#3336=CARTESIAN_POINT('Ctrl Pts',(49.3723142589917,-14.5938699775417,74.3592782397052));
#3337=CARTESIAN_POINT('Ctrl Pts',(51.1987725480641,-5.98952537787955,75.4439768766583));
#3338=CARTESIAN_POINT('Ctrl Pts',(50.4562082298016,11.1034400000964,77.6205099413918));
#3339=CARTESIAN_POINT('Ctrl Pts',(47.8897034626912,19.5467578358899,78.7087416734148));
#3340=CARTESIAN_POINT('Ctrl Pts',(38.95107930557,34.2030850051194,80.8926479206589));
#3341=CARTESIAN_POINT('Ctrl Pts',(32.6047717391703,40.3747977267511,81.984284227301));
#3342=CARTESIAN_POINT('Ctrl Pts',(17.6492878153016,48.9162211234059,84.1752791593834));
#3343=CARTESIAN_POINT('Ctrl Pts',(9.08543895625876,51.2606383721275,85.2701774829552));
#3344=CARTESIAN_POINT('Ctrl Pts',(-8.18865335758002,51.5145968108211,87.4679480170832));
#3345=CARTESIAN_POINT('Ctrl Pts',(-16.843914553308,49.4238243813162,88.5659523743142));
#3346=CARTESIAN_POINT('Ctrl Pts',(-32.1357070490754,41.2771213524923,90.7701580543012));
#3347=CARTESIAN_POINT('Ctrl Pts',(-38.721346141162,35.2488370693281,91.8710997072691));
#3348=CARTESIAN_POINT('Ctrl Pts',(-48.200627395616,20.6884638147491,94.0813740181563));
#3349=CARTESIAN_POINT('Ctrl Pts',(-51.0615276646136,12.2074826178638,95.1850722004092));
#3350=CARTESIAN_POINT('Ctrl Pts',(-52.330577040252,-5.16494828971909,97.4010239831057));
#3351=CARTESIAN_POINT('Ctrl Pts',(-50.7345300867949,-13.9932260471855,98.507286676542));
#3352=CARTESIAN_POINT('Ctrl Pts',(-43.4361342228958,-29.8546805720935,100.72850163939));
#3353=CARTESIAN_POINT('Ctrl Pts',(-37.761622441663,-36.828290134177,101.837126397172));
#3354=CARTESIAN_POINT('Ctrl Pts',(-23.6786066777691,-47.213117704504,104.063168721045));
#3355=CARTESIAN_POINT('Ctrl Pts',(-15.325048577586,-50.5842658512578,105.173943531621));
#3356=CARTESIAN_POINT('Ctrl Pts',(2.05633634106348,-52.878619690898,107.404357564778));
#3357=CARTESIAN_POINT('Ctrl Pts',(11.0146597960291,-51.7929846687154,108.517061751937));
#3358=CARTESIAN_POINT('Ctrl Pts',(27.3704013477394,-45.3946843402505,110.751373790387));
#3359=CARTESIAN_POINT('Ctrl Pts',(34.7009552121151,-40.1085005719988,111.865778944253));
#3360=CARTESIAN_POINT('Ctrl Pts',(45.9484302123129,-26.5851513927484,114.103499092831));
#3361=CARTESIAN_POINT('Ctrl Pts',(49.8185263567973,-18.4047148085425,115.219370026668));
#3362=CARTESIAN_POINT('Ctrl Pts',(53.1389356267797,-1.10843161686329,117.459994135425));
#3363=CARTESIAN_POINT('Ctrl Pts',(52.5753566645206,7.9337367062932,118.577089863265));
#3364=CARTESIAN_POINT('Ctrl Pts',(47.1224881518355,24.7000867423519,120.820101533082));
#3365=CARTESIAN_POINT('Ctrl Pts',(42.2569666575699,32.3519056166392,121.938176263303));
#3366=CARTESIAN_POINT('Ctrl Pts',(29.3734101487146,44.4088814624577,124.183048913944));
#3367=CARTESIAN_POINT('Ctrl Pts',(21.4118193205653,48.7614874675105,125.301853054138));
#3368=CARTESIAN_POINT('Ctrl Pts',(4.29717385038835,53.0985619092623,127.548052047221));
#3369=CARTESIAN_POINT('Ctrl Pts',(-4.78038940391525,53.0640818993975,128.667333215937));
#3370=CARTESIAN_POINT('Ctrl Pts',(-21.8670567874959,48.593948760355,130.914318024565));
#3371=CARTESIAN_POINT('Ctrl Pts',(-29.8004501373071,44.1782641489444,132.033822065788));
#3372=CARTESIAN_POINT('Ctrl Pts',(-42.6043701630048,32.0102651133383,134.281048481863));
#3373=CARTESIAN_POINT('Ctrl Pts',(-47.4180764232971,24.3121387705314,135.400520478376));
#3374=CARTESIAN_POINT('Ctrl Pts',(-52.7520837627508,7.47580520179224,137.64744284798));
#3375=CARTESIAN_POINT('Ctrl Pts',(-53.2487964980688,-1.58754878190209,138.766628130065));
#3376=CARTESIAN_POINT('Ctrl Pts',(-49.789456251654,-18.8996599619153,141.01270160663));
#3377=CARTESIAN_POINT('Ctrl Pts',(-45.848827776828,-27.0717598465988,142.131346752859));
#3378=CARTESIAN_POINT('Ctrl Pts',(-34.465799602255,-40.5519569506245,144.376029557386));
#3379=CARTESIAN_POINT('Ctrl Pts',(-27.073567706394,-45.8007829845208,145.493883384523));
#3380=CARTESIAN_POINT('Ctrl Pts',(-10.609991036151,-52.101945367545,147.736639061651));
#3381=CARTESIAN_POINT('Ctrl Pts',(-1.61045467930143,-53.1268795657433,148.853453600943));
#3382=CARTESIAN_POINT('Ctrl Pts',(15.8299073585762,-50.6963695311776,151.093753259386));
#3383=CARTESIAN_POINT('Ctrl Pts',(24.1956504212101,-47.2514519553993,152.209284716741));
#3384=CARTESIAN_POINT('Ctrl Pts',(38.2750427758323,-36.7147659218634,154.446609242453));
#3385=CARTESIAN_POINT('Ctrl Pts',(43.9290510783515,-29.6676926039411,155.560618940163));
#3386=CARTESIAN_POINT('Ctrl Pts',(51.158326664018,-13.666825757285,157.794461170549));
#3387=CARTESIAN_POINT('Ctrl Pts',(52.7035682919119,-4.77957510700473,158.906716468359));
#3388=CARTESIAN_POINT('Ctrl Pts',(51.3096155788342,12.6918980760422,161.136583315983));
#3389=CARTESIAN_POINT('Ctrl Pts',(48.3761083975448,21.2051037144695,162.246858509365));
#3390=CARTESIAN_POINT('Ctrl Pts',(38.737796468862,35.8021939356673,164.472273023894));
#3391=CARTESIAN_POINT('Ctrl Pts',(32.0711599081766,41.8282839904128,165.580350217427));
#3392=CARTESIAN_POINT('Ctrl Pts',(16.6164305990144,49.9385901885121,167.800853574925));
#3393=CARTESIAN_POINT('Ctrl Pts',(7.88771444847904,51.9916350023051,168.906523528659));
#3394=CARTESIAN_POINT('Ctrl Pts',(-9.52013330667695,51.631865149746,171.121676937945));
#3395=CARTESIAN_POINT('Ctrl Pts',(-18.1346208359784,49.2203584163343,172.224739884545));
#3396=CARTESIAN_POINT('Ctrl Pts',(-33.1656850990818,40.5222795175806,174.43412640097));
#3397=CARTESIAN_POINT('Ctrl Pts',(-39.5285238514278,34.2667496212946,175.534392831378));
#3398=CARTESIAN_POINT('Ctrl Pts',(-48.4663296260486,19.4333689606424,177.737619069181));
#3399=CARTESIAN_POINT('Ctrl Pts',(-51.0106440187289,10.9062587408493,178.83491048435));
#3400=CARTESIAN_POINT('Ctrl Pts',(-51.6732707075369,-6.34782516977894,181.031608219631));
#3401=CARTESIAN_POINT('Ctrl Pts',(-49.7893314652173,-15.0185105123942,182.125757845809));
#3402=CARTESIAN_POINT('Ctrl Pts',(-42.0628418518623,-30.3998508833762,184.315585503095));
#3403=CARTESIAN_POINT('Ctrl Pts',(-36.2440848533262,-37.062887697789,185.406438967915));
#3404=CARTESIAN_POINT('Ctrl Pts',(-22.0977882585891,-46.7700780452909,187.589082984306));
#3405=CARTESIAN_POINT('Ctrl Pts',(-13.8113895365685,-49.7858337359106,188.676498950853));
#3406=CARTESIAN_POINT('Ctrl Pts',(3.20530772452582,-51.4507807882371,190.851675012745));
#3407=CARTESIAN_POINT('Ctrl Pts',(11.8892208172863,-50.0952698668594,191.935525768607));
#3408=CARTESIAN_POINT('Ctrl Pts',(27.5393497692584,-43.3614056085587,194.102979917014));
#3409=CARTESIAN_POINT('Ctrl Pts',(34.4658582519012,-37.9999316547122,195.183151915234));
#3410=CARTESIAN_POINT('Ctrl Pts',(44.8817563637177,-24.5962145799997,197.342661516741));
#3411=CARTESIAN_POINT('Ctrl Pts',(48.3466937166073,-16.5850875259199,198.419055865531));
#3412=CARTESIAN_POINT('Ctrl Pts',(50.9870727043691,0.118651351872347,200.570430446859));
#3413=CARTESIAN_POINT('Ctrl Pts',(50.1566679669018,8.7758190980559,201.642963344908));
#3414=CARTESIAN_POINT('Ctrl Pts',(44.4268144068859,24.6174500422912,203.786045289967));
#3415=CARTESIAN_POINT('Ctrl Pts',(39.5380703133988,31.7715364679841,204.854648404248));
#3416=CARTESIAN_POINT('Ctrl Pts',(26.9219490569956,42.8349594601018,206.989313513391));
#3417=CARTESIAN_POINT('Ctrl Pts',(19.2157658679229,46.7253258413972,208.053934296445));
#3418=CARTESIAN_POINT('Ctrl Pts',(2.89143178721039,50.3091701661921,210.180092208352));
#3419=CARTESIAN_POINT('Ctrl Pts',(-5.70271453637285,49.9970597895749,211.24069415222));
#3420=CARTESIAN_POINT('Ctrl Pts',(-21.6644454787723,45.2740517527623,213.358288629474));
#3421=CARTESIAN_POINT('Ctrl Pts',(-29.0119643125182,40.8687468574525,214.41485145369));
#3422=CARTESIAN_POINT('Ctrl Pts',(-40.6631871425748,29.0750409544884,216.523860533649));
#3423=CARTESIAN_POINT('Ctrl Pts',(-44.9546913022299,21.6984949111378,217.576380304999));
#3424=CARTESIAN_POINT('Ctrl Pts',(-49.4468320694771,5.81032303659504,219.67681631797));
#3425=CARTESIAN_POINT('Ctrl Pts',(-49.6435307920122,-2.68870137474196,220.725305500123));
#3426=CARTESIAN_POINT('Ctrl Pts',(-45.9231006083902,-18.7062990030373,222.817214957189));
#3427=CARTESIAN_POINT('Ctrl Pts',(-42.0077396716206,-26.2156204792962,223.861702388701));
#3428=CARTESIAN_POINT('Ctrl Pts',(-31.0618398310222,-38.3981293764298,225.945165741758));
#3429=CARTESIAN_POINT('Ctrl Pts',(-24.0348059036107,-43.0668509660843,226.985696541482));
#3430=CARTESIAN_POINT('Ctrl Pts',(-8.62982890683049,-48.4308120992485,229.060827818198));
#3431=CARTESIAN_POINT('Ctrl Pts',(-0.253620049058957,-49.1250453115839,
230.097463217611));
#3432=CARTESIAN_POINT('Ctrl Pts',(15.7635966431879,-46.3975150833111,232.164409534085));
#3433=CARTESIAN_POINT('Ctrl Pts',(23.4061796730594,-42.9750992818653,233.197226636642));
#3434=CARTESIAN_POINT('Ctrl Pts',(36.0681100924179,-32.8941557195002,235.256167590555));
#3435=CARTESIAN_POINT('Ctrl Pts',(41.0913055339862,-26.2320871837782,236.28525905874));
#3436=CARTESIAN_POINT('Ctrl Pts',(47.2910954194137,-11.3480908591796,238.336406005761));
#3437=CARTESIAN_POINT('Ctrl Pts',(48.4706912610075,-3.11801107013489,239.361879677101));
#3438=CARTESIAN_POINT('Ctrl Pts',(46.7227922090237,12.8508733971033,241.405474893265));
#3439=CARTESIAN_POINT('Ctrl Pts',(43.7936384129515,20.601608961702,242.42745332716));
#3440=CARTESIAN_POINT('Ctrl Pts',(34.5880803660436,33.6967824805812,244.463769059888));
#3441=CARTESIAN_POINT('Ctrl Pts',(28.3026107974125,39.0535346384332,245.482389017659));
#3442=CARTESIAN_POINT('Ctrl Pts',(13.9690814669848,46.0552187233695,247.511726428057));
#3443=CARTESIAN_POINT('Ctrl Pts',(5.90434300217297,47.7079475617369,248.527138289176));
#3444=CARTESIAN_POINT('Ctrl Pts',(-9.97634882870148,46.9246430936541,250.549826288248));
#3445=CARTESIAN_POINT('Ctrl Pts',(-17.8136537864749,44.4872637898662,251.562193406181));
#3446=CARTESIAN_POINT('Ctrl Pts',(-31.3021521996547,36.1625429265459,253.57858738764));
#3447=CARTESIAN_POINT('Ctrl Pts',(-36.9738214218545,30.2622494586742,254.58808538919));
#3448=CARTESIAN_POINT('Ctrl Pts',(-44.7467739104215,16.5017205322375,256.598565861665));
#3449=CARTESIAN_POINT('Ctrl Pts',(-46.8610780086382,8.61794295983695,257.605381894084));
#3450=CARTESIAN_POINT('Ctrl Pts',(-47.027268278095,-7.14208495151679,259.610353015704));
#3451=CARTESIAN_POINT('Ctrl Pts',(-45.0792505314825,-15.047742717232,260.61468494613));
#3452=CARTESIAN_POINT('Ctrl Pts',(-37.6376893666538,-28.8959847021331,262.614572964738));
#3453=CARTESIAN_POINT('Ctrl Pts',(-32.1289624759487,-34.8664320763765,263.616628536791));
#3454=CARTESIAN_POINT('Ctrl Pts',(-18.9586676611179,-43.3841843910922,265.611880139371));
#3455=CARTESIAN_POINT('Ctrl Pts',(-11.2685784802954,-45.9497480729505,266.611876091858));
#3456=CARTESIAN_POINT('Ctrl Pts',(4.34455355581346,-47.0517419469444,268.602956667213));
#3457=CARTESIAN_POINT('Ctrl Pts',(12.3033149984478,-45.5905641476382,269.601117820021));
#3458=CARTESIAN_POINT('Ctrl Pts',(26.4836300402091,-39.0331856550084,271.588509639238));
#3459=CARTESIAN_POINT('Ctrl Pts',(32.7391990711449,-33.9211439772405,272.585067951471));
#3460=CARTESIAN_POINT('Ctrl Pts',(41.9798272353584,-21.3548674185563,274.569268271287));
#3461=CARTESIAN_POINT('Ctrl Pts',(44.9879488605736,-13.8691445817077,275.564461876663));
#3462=CARTESIAN_POINT('Ctrl Pts',(47.0146039593084,1.57557567508353,277.54598097151));
#3463=CARTESIAN_POINT('Ctrl Pts',(46.0383338168948,9.57454937057865,278.540053195908));
#3464=CARTESIAN_POINT('Ctrl Pts',(40.3665503144162,24.0642740428458,280.51941232508));
#3465=CARTESIAN_POINT('Ctrl Pts',(35.6559367100541,30.5935330973042,281.512610690945));
#3466=CARTESIAN_POINT('Ctrl Pts',(23.7059387163944,40.5395546813536,283.490340008069));
#3467=CARTESIAN_POINT('Ctrl Pts',(16.4341362063037,43.9832953109581,284.482915230161));
#3468=CARTESIAN_POINT('Ctrl Pts',(1.17642667572079,46.9267475935756,286.459551642866));
#3469=CARTESIAN_POINT('Ctrl Pts',(-6.85144770800644,46.4345734660913,287.451756619579));
#3470=CARTESIAN_POINT('Ctrl Pts',(-21.6315995303042,41.651621637102,289.427841607982));
#3471=CARTESIAN_POINT('Ctrl Pts',(-28.4248630117066,37.3476189840179,290.419930412167));
#3472=CARTESIAN_POINT('Ctrl Pts',(-39.0626455185754,26.0265107713834,292.396007815486));
#3473=CARTESIAN_POINT('Ctrl Pts',(-42.936744152856,18.9780040094085,293.388234688438));
#3474=CARTESIAN_POINT('Ctrl Pts',(-46.7926746014093,3.92494602632535,295.364848469638));
#3475=CARTESIAN_POINT('Ctrl Pts',(-46.7852339817453,-4.12120405807496,296.357466821586));
#3476=CARTESIAN_POINT('Ctrl Pts',(-42.897258527752,-19.1748162573493,298.335158820569));
#3477=CARTESIAN_POINT('Ctrl Pts',(-39.0061701386194,-26.2234764550842,299.328420240744));
#3478=CARTESIAN_POINT('Ctrl Pts',(-28.3286129847284,-37.5421913176264,301.307727926987));
#3479=CARTESIAN_POINT('Ctrl Pts',(-21.5135008465387,-41.8427518890418,302.30188120608));
#3480=CARTESIAN_POINT('Ctrl Pts',(-6.68376741178529,-46.6101679868548,304.283335442042));
#3481=CARTESIAN_POINT('Ctrl Pts',(1.36977029204073,-47.0896508016733,305.278625609615));
#3482=CARTESIAN_POINT('Ctrl Pts',(16.6799948090781,-44.1063613176532,307.2627484364));
#3483=CARTESIAN_POINT('Ctrl Pts',(23.9757079428304,-40.6361107069619,308.259415815636));
#3484=CARTESIAN_POINT('Ctrl Pts',(35.9658955310581,-30.620224682959,310.246718272574));
#3485=CARTESIAN_POINT('Ctrl Pts',(40.6898654447531,-24.0501288895337,311.244997554384));
#3486=CARTESIAN_POINT('Ctrl Pts',(46.3704076323493,-9.46531428830465,313.235977544574));
#3487=CARTESIAN_POINT('Ctrl Pts',(47.3404268837158,-1.41648454068007,314.236096881734));
#3488=CARTESIAN_POINT('Ctrl Pts',(45.275280216774,14.1316192671324,316.231237098615));
#3489=CARTESIAN_POINT('Ctrl Pts',(42.2356971202068,21.6653979862735,317.233417210834));
#3490=CARTESIAN_POINT('Ctrl Pts',(32.9040825665824,34.3172367187812,319.233183164777));
#3491=CARTESIAN_POINT('Ctrl Pts',(26.5927915116663,39.4617099720158,320.237636373789));
#3492=CARTESIAN_POINT('Ctrl Pts',(12.2790736286283,46.0585256908467,322.24247473725));
#3493=CARTESIAN_POINT('Ctrl Pts',(4.24912551330445,47.523763505555,323.249403316996));
#3494=CARTESIAN_POINT('Ctrl Pts',(-11.5142443002911,46.3936541085578,325.259742152618));
#3495=CARTESIAN_POINT('Ctrl Pts',(-19.2755724771385,43.7965314602047,326.269331377939));
#3496=CARTESIAN_POINT('Ctrl Pts',(-32.5768195522876,35.1768194835514,328.285594359272));
#3497=CARTESIAN_POINT('Ctrl Pts',(-38.1386482743467,29.1407704512164,329.297963791215));
#3498=CARTESIAN_POINT('Ctrl Pts',(-44.3985800145689,17.4699583023151,330.982900961291));
#3499=CARTESIAN_POINT('Ctrl Pts',(-46.1080396550087,12.3663514502684,331.657926129386));
#3500=CARTESIAN_POINT('Ctrl Pts',(-46.9431453554085,7.12138755000856,332.333748870884));
#3501=CARTESIAN_POINT('Ctrl Pts',(42.4779435628783,-21.4213717831655,34.1709375082983));
#3502=CARTESIAN_POINT('Ctrl Pts',(44.24285144745,-17.9765159142583,34.6633670164894));
#3503=CARTESIAN_POINT('Ctrl Pts',(45.5926856369781,-14.3162516970256,35.1564584160877));
#3504=CARTESIAN_POINT('Ctrl Pts',(48.2979204016847,-2.74512416570742,36.6678568395195));
#3505=CARTESIAN_POINT('Ctrl Pts',(48.1132283283429,5.54733377003601,37.6909623153507));
#3506=CARTESIAN_POINT('Ctrl Pts',(43.750873493015,21.0192676133049,39.735872192699));
#3507=CARTESIAN_POINT('Ctrl Pts',(39.5690923414668,28.2126693213649,40.7620937933076));
#3508=CARTESIAN_POINT('Ctrl Pts',(28.2339944838147,39.6890296393678,42.8140717491165));
#3509=CARTESIAN_POINT('Ctrl Pts',(21.0733438363376,43.9799682080339,43.8436373884326));
#3510=CARTESIAN_POINT('Ctrl Pts',(5.54888140821394,48.5657513930469,45.9028980113669));
#3511=CARTESIAN_POINT('Ctrl Pts',(-2.82195010394735,48.8631333635817,46.9359329802071));
#3512=CARTESIAN_POINT('Ctrl Pts',(-18.6869326632077,45.363146965298,49.0026907673099));
#3513=CARTESIAN_POINT('Ctrl Pts',(-26.1851486560658,41.5653602732283,50.0392946962221));
#3514=CARTESIAN_POINT('Ctrl Pts',(-38.4288156499701,30.7948029949982,52.1137374389291));
#3515=CARTESIAN_POINT('Ctrl Pts',(-43.1750416383621,23.8220026438838,53.1539938266927));
#3516=CARTESIAN_POINT('Ctrl Pts',(-48.7105930155665,8.4180193035392,55.2362785687502));
#3517=CARTESIAN_POINT('Ctrl Pts',(-49.4994114797096,-0.0102431910406903,
56.2802557418716));
#3518=CARTESIAN_POINT('Ctrl Pts',(-46.8924752609604,-16.233125950545,58.3705077679945));
#3519=CARTESIAN_POINT('Ctrl Pts',(-43.4982731901673,-24.0214202848107,59.4182587476556));
#3520=CARTESIAN_POINT('Ctrl Pts',(-33.3379323222676,-37.0149094755984,61.5165710857814));
#3521=CARTESIAN_POINT('Ctrl Pts',(-26.5784454836521,-42.2124822054181,62.5681333647877));
#3522=CARTESIAN_POINT('Ctrl Pts',(-11.3458648337144,-48.7040931237313,64.6745664639491));
#3523=CARTESIAN_POINT('Ctrl Pts',(-2.88562563234343,-49.9932589020249,65.7299618306294));
#3524=CARTESIAN_POINT('Ctrl Pts',(13.6511411138602,-48.3102065004013,67.8445433681725));
#3525=CARTESIAN_POINT('Ctrl Pts',(21.7104348670981,-45.3403112409722,68.9037777971822));
#3526=CARTESIAN_POINT('Ctrl Pts',(35.4282122580059,-35.8402237986293,71.0265026082345));
#3527=CARTESIAN_POINT('Ctrl Pts',(41.0697380175187,-29.322470033689,72.0895662220117));
#3528=CARTESIAN_POINT('Ctrl Pts',(48.5183374814773,-14.3198886309704,74.2203963493368));
#3529=CARTESIAN_POINT('Ctrl Pts',(50.3149617298475,-5.85739372907538,75.2872634512909));
#3530=CARTESIAN_POINT('Ctrl Pts',(49.5852326628443,10.9398091012327,77.4261283143521));
#3531=CARTESIAN_POINT('Ctrl Pts',(47.0606737814907,19.246319648516,78.4967574940193));
#3532=CARTESIAN_POINT('Ctrl Pts',(38.273891804805,33.6536447239255,80.6435541761786));
#3533=CARTESIAN_POINT('Ctrl Pts',(32.0287097963373,39.7275971625549,81.7178884859594));
#3534=CARTESIAN_POINT('Ctrl Pts',(17.3216308379632,48.1271279250014,83.8724821387769));
#3535=CARTESIAN_POINT('Ctrl Pts',(8.89066966033478,50.4356732984404,84.9504493412881));
#3536=CARTESIAN_POINT('Ctrl Pts',(-8.10410817598979,50.68550277601,87.1126737049084));
#3537=CARTESIAN_POINT('Ctrl Pts',(-16.6291727885963,48.6267547840836,88.1941865894141));
#3538=CARTESIAN_POINT('Ctrl Pts',(-31.6813488313413,40.6076791298521,90.3638446280342));
#3539=CARTESIAN_POINT('Ctrl Pts',(-38.1715426222646,34.6676089963477,91.4488013938811));
#3540=CARTESIAN_POINT('Ctrl Pts',(-47.5075657979999,20.3272336427106,93.6256660452534));
#3541=CARTESIAN_POINT('Ctrl Pts',(-50.3290584525293,11.9652274438377,94.7139507497309));
#3542=CARTESIAN_POINT('Ctrl Pts',(-51.5796824089367,-5.15536452645383,96.8977657875767));
#3543=CARTESIAN_POINT('Ctrl Pts',(-50.0057543700499,-13.8655065005176,97.9892488551655));
#3544=CARTESIAN_POINT('Ctrl Pts',(-42.8082687220076,-29.5075836892533,100.179729863216));
#3545=CARTESIAN_POINT('Ctrl Pts',(-37.2066865199903,-36.3928463242359,101.274268652788));
#3546=CARTESIAN_POINT('Ctrl Pts',(-23.3083296287619,-46.6414683931469,103.471104108951));
#3547=CARTESIAN_POINT('Ctrl Pts',(-15.0556765061094,-49.9728248484673,104.568543535143));
#3548=CARTESIAN_POINT('Ctrl Pts',(2.11106026158635,-52.238813936744,106.771396003978));
#3549=CARTESIAN_POINT('Ctrl Pts',(10.9683009156649,-51.1663486530318,107.871569208695));
#3550=CARTESIAN_POINT('Ctrl Pts',(27.135266281402,-44.8418638725148,110.080076639993));
#3551=CARTESIAN_POINT('Ctrl Pts',(34.3893350879778,-39.6120193627683,111.182805709794));
#3552=CARTESIAN_POINT('Ctrl Pts',(45.5165355293487,-26.2332345479695,113.396582840565));
#3553=CARTESIAN_POINT('Ctrl Pts',(49.3500506290946,-18.1324712164667,114.501679565562));
#3554=CARTESIAN_POINT('Ctrl Pts',(52.6378804547307,-1.00574136493407,116.720319422179));
#3555=CARTESIAN_POINT('Ctrl Pts',(52.080320264513,7.95666268550243,117.827586092018));
#3556=CARTESIAN_POINT('Ctrl Pts',(46.6758447266176,24.5741238811169,120.050661588628));
#3557=CARTESIAN_POINT('Ctrl Pts',(41.8498596680084,32.165781089404,121.159891821139));
#3558=CARTESIAN_POINT('Ctrl Pts',(29.0683754672452,44.1271965293818,123.386957449728));
#3559=CARTESIAN_POINT('Ctrl Pts',(21.163202453352,48.4502285505956,124.497937047896));
#3560=CARTESIAN_POINT('Ctrl Pts',(4.16732112397274,52.7571804087514,126.728530654675));
#3561=CARTESIAN_POINT('Ctrl Pts',(-4.85510616506029,52.7240522817096,127.841038487711));
#3562=CARTESIAN_POINT('Ctrl Pts',(-21.8404473306267,48.2804030149802,130.074683129673));
#3563=CARTESIAN_POINT('Ctrl Pts',(-29.7338911987101,43.8882893706363,131.188492034139));
#3564=CARTESIAN_POINT('Ctrl Pts',(-42.4750854368956,31.779870145494,133.424697908842));
#3565=CARTESIAN_POINT('Ctrl Pts',(-47.2699619974723,24.1140950745731,134.539575605983));
#3566=CARTESIAN_POINT('Ctrl Pts',(-52.5834294053653,7.34252569540268,136.777842046831));
#3567=CARTESIAN_POINT('Ctrl Pts',(-53.0797942018214,-1.69249855977654,137.893552072495));
#3568=CARTESIAN_POINT('Ctrl Pts',(-49.6300562211627,-18.956457779637,140.133369601017));
#3569=CARTESIAN_POINT('Ctrl Pts',(-45.6988117065937,-27.1118935293529,141.249672244783));
#3570=CARTESIAN_POINT('Ctrl Pts',(-34.335162756223,-40.5691133487707,143.490524670666));
#3571=CARTESIAN_POINT('Ctrl Pts',(-26.9516205274269,-45.8132681430464,144.607177921046));
#3572=CARTESIAN_POINT('Ctrl Pts',(-10.4982137037799,-52.1105202242898,146.848544480085));
#3573=CARTESIAN_POINT('Ctrl Pts',(-1.49926773738187,-53.1366204340107,147.965304972873));
#3574=CARTESIAN_POINT('Ctrl Pts',(15.9493230251759,-50.7049475610741,150.206662492381));
#3575=CARTESIAN_POINT('Ctrl Pts',(24.3237445488655,-47.2577803337016,151.323286459465));
#3576=CARTESIAN_POINT('Ctrl Pts',(38.4251305222227,-36.7046156415024,153.564111540279));
#3577=CARTESIAN_POINT('Ctrl Pts',(44.0914670302003,-29.6441245451465,154.680355756356));
#3578=CARTESIAN_POINT('Ctrl Pts',(51.3398915142617,-13.6008381139646,156.920126960229));
#3579=CARTESIAN_POINT('Ctrl Pts',(52.8910193700592,-4.68679389397306,158.035749685057));
#3580=CARTESIAN_POINT('Ctrl Pts',(51.4918494387198,12.8498819438265,160.273949716029));
#3581=CARTESIAN_POINT('Ctrl Pts',(48.5475750826504,21.3980045132195,161.388711629896));
#3582=CARTESIAN_POINT('Ctrl Pts',(38.8629575184817,36.0651962819938,163.624829498178));
#3583=CARTESIAN_POINT('Ctrl Pts',(32.1633671182155,42.1226612298085,164.738494628358));
#3584=CARTESIAN_POINT('Ctrl Pts',(16.6180669573325,50.280479242399,166.972027785351));
#3585=CARTESIAN_POINT('Ctrl Pts',(7.83678926131725,52.3470736557773,168.08436442129));
#3586=CARTESIAN_POINT('Ctrl Pts',(-9.69115503549775,51.9848052749639,170.314820854597));
#3587=CARTESIAN_POINT('Ctrl Pts',(-18.3664508928787,49.5574483282506,171.425602449539));
#3588=CARTESIAN_POINT('Ctrl Pts',(-33.5165000456953,40.7904959679322,173.652502727181));
#3589=CARTESIAN_POINT('Ctrl Pts',(-39.9308371333422,34.4858763748036,174.761508783862));
#3590=CARTESIAN_POINT('Ctrl Pts',(-48.9482512961457,19.5203402999896,176.984388037403));
#3591=CARTESIAN_POINT('Ctrl Pts',(-51.5162183232215,10.9176795646553,178.091404975316));
#3592=CARTESIAN_POINT('Ctrl Pts',(-52.1853669415331,-6.50673407257841,180.309814812228));
#3593=CARTESIAN_POINT('Ctrl Pts',(-50.2839867663354,-15.2625169582712,181.4146368138));
#3594=CARTESIAN_POINT('Ctrl Pts',(-42.4740160347645,-30.8099999904752,183.628147150088));
#3595=CARTESIAN_POINT('Ctrl Pts',(-36.5940295824586,-37.5446436982441,184.730576982961));
#3596=CARTESIAN_POINT('Ctrl Pts',(-22.282264248908,-47.3653527512762,186.938777787873));
#3597=CARTESIAN_POINT('Ctrl Pts',(-13.9011064338453,-50.4165908951831,188.038627600273));
#3598=CARTESIAN_POINT('Ctrl Pts',(3.32915273231823,-52.1024109371947,190.241130545766));
#3599=CARTESIAN_POINT('Ctrl Pts',(12.1196542125998,-50.7311583775538,191.338222631785));
#3600=CARTESIAN_POINT('Ctrl Pts',(27.978864920333,-43.9073065551488,193.534662640309));
#3601=CARTESIAN_POINT('Ctrl Pts',(34.995925467673,-38.4767923055254,194.628830171744));
#3602=CARTESIAN_POINT('Ctrl Pts',(45.5589149413635,-24.8837527188803,196.818866856814));
#3603=CARTESIAN_POINT('Ctrl Pts',(49.0720141088738,-16.7632233365367,197.909954578074));
#3604=CARTESIAN_POINT('Ctrl Pts',(51.7515438407601,0.188341864068971,200.093273573018));
#3605=CARTESIAN_POINT('Ctrl Pts',(50.9099414145339,8.9697219428869,201.181138455485));
#3606=CARTESIAN_POINT('Ctrl Pts',(45.0912798873759,25.0568179815522,203.357452626602));
#3607=CARTESIAN_POINT('Ctrl Pts',(40.1300692381116,32.3181021952084,204.441964478789));
#3608=CARTESIAN_POINT('Ctrl Pts',(27.3108439798319,43.5596033578515,206.611015020028));
#3609=CARTESIAN_POINT('Ctrl Pts',(19.4857067202231,47.5106753146535,207.692057049845));
#3610=CARTESIAN_POINT('Ctrl Pts',(2.88973256159707,51.154134156901,209.853614456855));
#3611=CARTESIAN_POINT('Ctrl Pts',(-5.84150460934903,50.8375590655945,210.93108378235));
#3612=CARTESIAN_POINT('Ctrl Pts',(-22.076486867037,46.0336770668612,213.084948704471));
#3613=CARTESIAN_POINT('Ctrl Pts',(-29.544496339245,41.5566453915195,214.158756809529));
#3614=CARTESIAN_POINT('Ctrl Pts',(-41.3999957629932,29.5561403018033,216.304760778911));
#3615=CARTESIAN_POINT('Ctrl Pts',(-45.7635851450363,22.056420014216,217.374833910571));
#3616=CARTESIAN_POINT('Ctrl Pts',(-50.3360312720052,5.88416321341413,219.51283994811));
#3617=CARTESIAN_POINT('Ctrl Pts',(-50.5363679515945,-2.75944863886857,220.579119452402));
#3618=CARTESIAN_POINT('Ctrl Pts',(-46.7483768686675,-19.0678637199368,222.709022550644));
#3619=CARTESIAN_POINT('Ctrl Pts',(-42.7657221089577,-26.7067117228798,223.771465144173));
#3620=CARTESIAN_POINT('Ctrl Pts',(-31.6188434882276,-39.1128915995127,225.893192627667));
#3621=CARTESIAN_POINT('Ctrl Pts',(-24.4696904164431,-43.8629106526048,226.951770602542));
#3622=CARTESIAN_POINT('Ctrl Pts',(-8.77985930435481,-49.3260511721922,229.06528236634));
#3623=CARTESIAN_POINT('Ctrl Pts',(-0.257304506711672,-50.0324692337481,
230.119983726483));
#3624=CARTESIAN_POINT('Ctrl Pts',(16.0569695686113,-47.2543518641499,232.225272353723));
#3625=CARTESIAN_POINT('Ctrl Pts',(23.8331621222307,-43.7720770352141,233.276100881069));
#3626=CARTESIAN_POINT('Ctrl Pts',(36.7296565167493,-33.5043847764555,235.373191640603));
#3627=CARTESIAN_POINT('Ctrl Pts',(41.8402844120233,-26.7261824165696,236.420166890238));
#3628=CARTESIAN_POINT('Ctrl Pts',(48.1543218228498,-11.5679230796777,238.509117615366));
#3629=CARTESIAN_POINT('Ctrl Pts',(49.354126894938,-3.19553103101491,239.552274839192));
#3630=CARTESIAN_POINT('Ctrl Pts',(47.5743357613893,13.0648038858638,241.633175688551));
#3631=CARTESIAN_POINT('Ctrl Pts',(44.5948993546493,20.9478382373462,242.67256568763));
#3632=CARTESIAN_POINT('Ctrl Pts',(35.223672693928,34.2787019846776,244.74553878926));
#3633=CARTESIAN_POINT('Ctrl Pts',(28.8323763307601,39.725191246331,245.781227695582));
#3634=CARTESIAN_POINT('Ctrl Pts',(14.2456235467158,46.8505883126911,247.846426675183));
#3635=CARTESIAN_POINT('Ctrl Pts',(6.04814712223122,48.530088292124,248.878495664147));
#3636=CARTESIAN_POINT('Ctrl Pts',(-10.1066411694573,47.7332831221771,250.936105058524));
#3637=CARTESIAN_POINT('Ctrl Pts',(-18.0693863953641,45.2563704462063,251.964649993988));
#3638=CARTESIAN_POINT('Ctrl Pts',(-31.7841903706078,36.7920055518097,254.014884550702));
#3639=CARTESIAN_POINT('Ctrl Pts',(-37.5435287544127,30.7996835916247,255.040015564949));
#3640=CARTESIAN_POINT('Ctrl Pts',(-45.4425791742096,16.8159709515245,257.083119429253));
#3641=CARTESIAN_POINT('Ctrl Pts',(-47.5879072941523,8.81402825475798,258.104960440716));
#3642=CARTESIAN_POINT('Ctrl Pts',(-47.7567144293999,-7.19171472179418,260.141206230993));
#3643=CARTESIAN_POINT('Ctrl Pts',(-45.7800750206184,-15.2105534099071,261.159894402983));
#3644=CARTESIAN_POINT('Ctrl Pts',(-38.2277152931323,-29.2650415171337,263.189582176067));
#3645=CARTESIAN_POINT('Ctrl Pts',(-32.6432522347796,-35.3164272531888,264.205267320127));
#3646=CARTESIAN_POINT('Ctrl Pts',(-19.2869196716627,-43.9545311194789,266.228723428202));
#3647=CARTESIAN_POINT('Ctrl Pts',(-11.4974370259992,-46.5523702711527,267.241567355978));
#3648=CARTESIAN_POINT('Ctrl Pts',(4.32330433893921,-47.6690462194356,269.25914319708));
#3649=CARTESIAN_POINT('Ctrl Pts',(12.3780301687421,-46.1893383496959,270.269319024865));
#3650=CARTESIAN_POINT('Ctrl Pts',(26.7342987464014,-39.5506256461935,272.281389689451));
#3651=CARTESIAN_POINT('Ctrl Pts',(33.0593996354666,-34.3805351202811,273.289081099672));
#3652=CARTESIAN_POINT('Ctrl Pts',(42.4059602329064,-21.6702496286766,275.296043916283));
#3653=CARTESIAN_POINT('Ctrl Pts',(45.4441199149837,-14.1070949594586,276.301444380309));
#3654=CARTESIAN_POINT('Ctrl Pts',(47.492007483481,1.49922047605288,278.303717363907));
#3655=CARTESIAN_POINT('Ctrl Pts',(46.5055908749155,9.57270261454646,279.307029330583));
#3656=CARTESIAN_POINT('Ctrl Pts',(40.780419361507,24.1988911539986,281.305049537857));
#3657=CARTESIAN_POINT('Ctrl Pts',(36.0297090209417,30.7818724922417,282.30648359208));
#3658=CARTESIAN_POINT('Ctrl Pts',(23.9801961192804,40.8107538299929,284.300705388732));
#3659=CARTESIAN_POINT('Ctrl Pts',(16.6549561893026,44.2785613285392,285.300479384333));
#3660=CARTESIAN_POINT('Ctrl Pts',(1.28734640297321,47.2432396487456,287.291372630101));
#3661=CARTESIAN_POINT('Ctrl Pts',(-6.79029380801783,46.7468617126302,288.289710801114));
#3662=CARTESIAN_POINT('Ctrl Pts',(-21.6598058008056,41.9350161296322,290.27775895912));
#3663=CARTESIAN_POINT('Ctrl Pts',(-28.4871272775833,37.608043758692,291.274891013342));
#3664=CARTESIAN_POINT('Ctrl Pts',(-39.1766390762988,26.2319142062772,293.260589191105));
#3665=CARTESIAN_POINT('Ctrl Pts',(-43.0651190899474,19.1547607469401,294.256749389623));
#3666=CARTESIAN_POINT('Ctrl Pts',(-46.9351680268798,4.04666515980779,296.24060231988));
#3667=CARTESIAN_POINT('Ctrl Pts',(-46.926496797331,-4.02235595930787,297.236028546046));
#3668=CARTESIAN_POINT('Ctrl Pts',(-43.0290639533347,-19.112658803512,299.218548516231));
#3669=CARTESIAN_POINT('Ctrl Pts',(-39.1303259645284,-26.1726552156399,300.213481337271));
#3670=CARTESIAN_POINT('Ctrl Pts',(-28.439875498436,-37.5050625371226,302.195186077209));
#3671=CARTESIAN_POINT('Ctrl Pts',(-21.6204608303806,-41.8068934312044,303.189867801466));
#3672=CARTESIAN_POINT('Ctrl Pts',(-6.7910659919738,-46.5742176347457,305.171278339392));
#3673=CARTESIAN_POINT('Ctrl Pts',(1.2575482308169,-47.052185307278,306.165952071985));
#3674=CARTESIAN_POINT('Ctrl Pts',(16.5486294656723,-44.072641713265,308.147590569524));
#3675=CARTESIAN_POINT('Ctrl Pts',(23.8309033936121,-40.60744080625,309.142499268951));
#3676=CARTESIAN_POINT('Ctrl Pts',(35.7914898981463,-30.6163012402613,311.124886846158));
#3677=CARTESIAN_POINT('Ctrl Pts',(40.5007391181118,-24.0646234649052,312.120272384028));
#3678=CARTESIAN_POINT('Ctrl Pts',(46.1604260690438,-9.53339542110542,314.103926946403));
#3679=CARTESIAN_POINT('Ctrl Pts',(47.1253597700622,-1.51688348000501,315.100029170594));
#3680=CARTESIAN_POINT('Ctrl Pts',(45.0702591669462,13.955697935136,317.085463254467));
#3681=CARTESIAN_POINT('Ctrl Pts',(42.0452065045917,21.4503638174968,318.082519043088));
#3682=CARTESIAN_POINT('Ctrl Pts',(32.769735487413,34.0261084291442,320.070237728035));
#3683=CARTESIAN_POINT('Ctrl Pts',(26.4969152414087,39.1377635958625,321.068479925737));
#3684=CARTESIAN_POINT('Ctrl Pts',(12.285427629265,45.6874813606419,323.058979102546));
#3685=CARTESIAN_POINT('Ctrl Pts',(4.31351635194078,47.141012235063,324.058634519011));
#3686=CARTESIAN_POINT('Ctrl Pts',(-11.3200912251776,46.0202217086022,326.052401594938));
#3687=CARTESIAN_POINT('Ctrl Pts',(-19.0169830559582,43.4435446169081,327.053681915968));
#3688=CARTESIAN_POINT('Ctrl Pts',(-32.1947743179156,34.9038445670297,329.051215026593));
#3689=CARTESIAN_POINT('Ctrl Pts',(-37.7045852062983,28.9228031705336,330.054252309192));
#3690=CARTESIAN_POINT('Ctrl Pts',(-43.9000245480865,17.3720164910238,331.721903125552));
#3691=CARTESIAN_POINT('Ctrl Pts',(-45.5917919685443,12.3203630786361,332.389954558573));
#3692=CARTESIAN_POINT('Ctrl Pts',(-46.4180681126426,7.13115260010742,333.058630420436));
#3693=CARTESIAN_POINT('Ctrl Pts',(-46.42,-15.4604225782984,58.2900259139735));
#3694=CARTESIAN_POINT('Ctrl Pts',(-46.42,-13.6760222924412,58.1660076139629));
#3695=CARTESIAN_POINT('Ctrl Pts',(-46.420000033241,-11.843724763762,58.1844888647377));
#3696=CARTESIAN_POINT('Ctrl Pts',(-46.420000033241,-8.22005334859685,58.3612905592029));
#3697=CARTESIAN_POINT('Ctrl Pts',(-46.42,-6.38642398057937,58.5288322135754));
#3698=CARTESIAN_POINT('Ctrl Pts',(-46.42,-2.08309988132817,58.9763510487244));
#3699=CARTESIAN_POINT('Ctrl Pts',(-46.42,-0.99911758915832,59.1248520115637));
#3700=CARTESIAN_POINT('Ctrl Pts',(-46.42,-0.232886348997492,59.0850817333076));
#3701=CARTESIAN_POINT('Ctrl Pts',(-46.42,-0.16175323253714,59.0791759480693));
#3702=CARTESIAN_POINT('Ctrl Pts',(-46.42,-0.0846191104780042,59.0699663056536));
#3703=CARTESIAN_POINT('Ctrl Pts',(-46.42,-0.0792615408625763,59.0693122159765));
#3704=CARTESIAN_POINT('Ctrl Pts',(-46.42,-0.0725384108446609,59.0684732931496));
#3705=CARTESIAN_POINT('Ctrl Pts',(-46.42,-0.0711716878991351,59.0683018112016));
#3706=CARTESIAN_POINT('Ctrl Pts',(-46.42,-0.0690314485944586,59.0680318040348));
#3707=CARTESIAN_POINT('Ctrl Pts',(-46.42,-0.068257863162239,59.0679339091141));
#3708=CARTESIAN_POINT('Ctrl Pts',(-46.42,-0.066828175768139,59.0677524294687));
#3709=CARTESIAN_POINT('Ctrl Pts',(-46.42,-0.0661720656176761,59.0676689282486));
#3710=CARTESIAN_POINT('Ctrl Pts',(-46.42,-0.0647302387119159,59.0674849546187));
#3711=CARTESIAN_POINT('Ctrl Pts',(-46.42,-0.0639445358577109,59.0673843898027));
#3712=CARTESIAN_POINT('Ctrl Pts',(-46.42,-0.0617361422087584,59.0671008556097));
#3713=CARTESIAN_POINT('Ctrl Pts',(-46.42,-0.0603135524542057,59.0669171902569));
#3714=CARTESIAN_POINT('Ctrl Pts',(-46.42,-0.0520232174974177,59.0658409110533));
#3715=CARTESIAN_POINT('Ctrl Pts',(-46.42,-0.0451594145482561,59.0649260510065));
#3716=CARTESIAN_POINT('Ctrl Pts',(-46.42,-0.0255304401957753,59.0622418328497));
#3717=CARTESIAN_POINT('Ctrl Pts',(-46.42,-0.0127806158679834,59.0604160983727));
#3718=CARTESIAN_POINT('Ctrl Pts',(-46.42,0.0542725231438265,59.0503854638801));
#3719=CARTESIAN_POINT('Ctrl Pts',(-46.42,0.107972133112672,59.0408706190252));
#3720=CARTESIAN_POINT('Ctrl Pts',(-46.42,0.367624106706653,58.9885119385653));
#3721=CARTESIAN_POINT('Ctrl Pts',(-46.4200000000001,0.587365243174373,58.9245846956711));
#3722=CARTESIAN_POINT('Ctrl Pts',(-46.4200000000001,1.57807788704425,58.6004642724519));
#3723=CARTESIAN_POINT('Ctrl Pts',(-46.420000000001,2.82980660109114,58.1119008035943));
#3724=CARTESIAN_POINT('Ctrl Pts',(-46.420000000001,7.62389726229225,56.3372439813084));
#3725=CARTESIAN_POINT('Ctrl Pts',(-46.42,11.2698830066203,55.0705094807373));
#3726=CARTESIAN_POINT('Ctrl Pts',(-46.42,14.7239002508235,54.3859375458861));
#3727=CARTESIAN_POINT('',(-46.42,16.9564147153813,93.5290179793588));
#3728=CARTESIAN_POINT('Ctrl Pts',(-46.42,16.9564147153813,93.5290179793588));
#3729=CARTESIAN_POINT('Ctrl Pts',(-46.2455702491404,17.4339348262545,93.4643519791311));
#3730=CARTESIAN_POINT('Ctrl Pts',(-46.0636766005956,17.9090251093552,93.3996495743775));
#3731=CARTESIAN_POINT('Ctrl Pts',(-44.6574946038332,21.4184049521515,92.9187362271748));
#3732=CARTESIAN_POINT('Ctrl Pts',(-43.1420704956638,24.3269727984545,92.5034928820438));
#3733=CARTESIAN_POINT('Ctrl Pts',(-39.7114741047344,29.5684215556095,91.7065494588593));
#3734=CARTESIAN_POINT('Ctrl Pts',(-37.8484698572714,31.9184288314347,91.326554177856));
#3735=CARTESIAN_POINT('Ctrl Pts',(-31.2263707213627,38.8705986611812,90.105251939452));
#3736=CARTESIAN_POINT('Ctrl Pts',(-25.7545153478627,42.6932590299127,89.2728708916081));
#3737=CARTESIAN_POINT('Ctrl Pts',(-18.3674965476528,45.9027353331971,88.2481847900995));
#3738=CARTESIAN_POINT('Ctrl Pts',(-17.0170311277188,46.4203263954436,88.0643752624676));
#3739=CARTESIAN_POINT('Ctrl Pts',(-9.3759903458207,48.97057264066,87.0396904220471));
#3740=CARTESIAN_POINT('Ctrl Pts',(-2.74959302896597,49.7841911351736,86.2072090704103));
#3741=CARTESIAN_POINT('Ctrl Pts',(6.81343481540082,49.0388332475386,84.98684025418));
#3742=CARTESIAN_POINT('Ctrl Pts',(9.75957782808799,48.5384462748964,84.6082629520373));
#3743=CARTESIAN_POINT('Ctrl Pts',(16.0869443769655,46.8640698825273,83.7757358030659));
#3744=CARTESIAN_POINT('Ctrl Pts',(19.422659087685,45.5827933282957,83.3237886210856));
#3745=CARTESIAN_POINT('Ctrl Pts',(27.6442980223246,41.3570365442068,82.1477020463843));
#3746=CARTESIAN_POINT('Ctrl Pts',(32.2116498571189,37.9080661265642,81.4303372501597));
#3747=CARTESIAN_POINT('Ctrl Pts',(38.3558325568562,31.3391899866833,80.2862065371793));
#3748=CARTESIAN_POINT('Ctrl Pts',(40.3701161835171,28.6978814004788,79.865684514717));
#3749=CARTESIAN_POINT('Ctrl Pts',(43.6554944234284,23.3517690174195,79.0674099709902));
#3750=CARTESIAN_POINT('Ctrl Pts',(44.9761505054085,20.6942800495073,78.6913428612477));
#3751=CARTESIAN_POINT('Ctrl Pts',(48.4491728489779,11.7765546512923,77.4739897814703));
#3752=CARTESIAN_POINT('Ctrl Pts',(49.5880419301294,5.19956225703112,76.6416352188383));
#3753=CARTESIAN_POINT('Ctrl Pts',(49.3145396116321,-4.4078386217065,75.4188255215884));
#3754=CARTESIAN_POINT('Ctrl Pts',(48.9557124481413,-7.39534587983846,75.0376659665839));
#3755=CARTESIAN_POINT('Ctrl Pts',(47.592388497023,-13.7724540585924,74.2081827082513));
#3756=CARTESIAN_POINT('Ctrl Pts',(46.491478243956,-17.1247861246547,73.7618280828264));
#3757=CARTESIAN_POINT('Ctrl Pts',(42.6638246161102,-25.6047894635255,72.5781469112063));
#3758=CARTESIAN_POINT('Ctrl Pts',(39.376108826178,-30.4192271820285,71.8478331106539));
#3759=CARTESIAN_POINT('Ctrl Pts',(33.0626895312571,-36.8743497064702,70.6992557105574));
#3760=CARTESIAN_POINT('Ctrl Pts',(30.5716914299893,-38.9644805712077,70.2875212368526));
#3761=CARTESIAN_POINT('Ctrl Pts',(25.3957066813455,-42.503569907377,69.4898158708574));
#3762=CARTESIAN_POINT('Ctrl Pts',(22.7458421038952,-43.9786548952351,69.1055702001232));
#3763=CARTESIAN_POINT('Ctrl Pts',(14.403305761576,-47.6657690987957,67.9453697931255));
#3764=CARTESIAN_POINT('Ctrl Pts',(8.42534661323663,-49.0752183823924,67.1771865170425));
#3765=CARTESIAN_POINT('Ctrl Pts',(2.34722201689232,-49.3642274203032,66.4030052261329));
#3766=CARTESIAN_POINT('',(-46.42,-16.9564147153813,97.9326134881976));
#3767=CARTESIAN_POINT('Ctrl Pts',(-46.42,-16.9564147153813,97.9326134881976));
#3768=CARTESIAN_POINT('Ctrl Pts',(-46.42,-14.6547924708448,97.6564483169316));
#3769=CARTESIAN_POINT('Ctrl Pts',(-46.4200000200395,-12.1955694342628,97.6609959702032));
#3770=CARTESIAN_POINT('Ctrl Pts',(-46.4200000200395,-9.26429526111218,97.8069415453204));
#3771=CARTESIAN_POINT('Ctrl Pts',(-46.4200000000002,-8.63120502618066,97.8473732412049));
#3772=CARTESIAN_POINT('Ctrl Pts',(-46.4200000000002,-7.32110127716671,97.9452913029509));
#3773=CARTESIAN_POINT('Ctrl Pts',(-46.4200000000003,-6.64180056150038,98.0040285614317));
#3774=CARTESIAN_POINT('Ctrl Pts',(-46.4200000000003,-2.89301654190605,98.3596717895704));
#3775=CARTESIAN_POINT('Ctrl Pts',(-46.42,-0.928691188236669,98.6630915378652));
#3776=CARTESIAN_POINT('Ctrl Pts',(-46.42,-0.157511549659961,98.6551913615459));
#3777=CARTESIAN_POINT('Ctrl Pts',(-46.42,-0.121793135045551,98.6540589421311));
#3778=CARTESIAN_POINT('Ctrl Pts',(-46.42,-0.0626610830460235,98.6505167694438));
#3779=CARTESIAN_POINT('Ctrl Pts',(-46.42,-0.0394111015405082,98.6486948589582));
#3780=CARTESIAN_POINT('Ctrl Pts',(-46.42,-0.00494839128483479,98.6452913852949));
#3781=CARTESIAN_POINT('Ctrl Pts',(-46.42,0.00618983609770415,98.644082602869));
#3782=CARTESIAN_POINT('Ctrl Pts',(-46.42,0.0195092674241407,98.6425043349699));
#3783=CARTESIAN_POINT('Ctrl Pts',(-46.42,0.0216895544937944,98.6422417285307));
#3784=CARTESIAN_POINT('Ctrl Pts',(-46.42,0.0255177581382526,98.6417731508337));
#3785=CARTESIAN_POINT('Ctrl Pts',(-46.42,0.0271657472174426,98.6415689966057));
#3786=CARTESIAN_POINT('Ctrl Pts',(-46.42,0.029418425589728,98.6412865975817));
#3787=CARTESIAN_POINT('Ctrl Pts',(-46.42,0.0300233293830379,98.6412104370675));
#3788=CARTESIAN_POINT('Ctrl Pts',(-46.42,0.0310250267752602,98.6410837734269));
#3789=CARTESIAN_POINT('Ctrl Pts',(-46.42,0.0314218405127872,98.6410334551273));
#3790=CARTESIAN_POINT('Ctrl Pts',(-46.42,0.0321934502019195,98.6409353351469));
#3791=CARTESIAN_POINT('Ctrl Pts',(-46.42,0.0325682469119785,98.6408875486252));
#3792=CARTESIAN_POINT('Ctrl Pts',(-46.42,0.0334467690014293,98.6407752410001));
#3793=CARTESIAN_POINT('Ctrl Pts',(-46.42,0.0339504813699474,98.6407106196334));
#3794=CARTESIAN_POINT('Ctrl Pts',(-46.42,0.0355619795770417,98.640503149774));
#3795=CARTESIAN_POINT('Ctrl Pts',(-46.4199999999999,0.0366696394297941,
98.6403594413886));
#3796=CARTESIAN_POINT('Ctrl Pts',(-46.4199999999999,0.0562412431589942,
98.6378006959448));
#3797=CARTESIAN_POINT('Ctrl Pts',(-46.42,0.0746056014259606,98.6350927968972));
#3798=CARTESIAN_POINT('Ctrl Pts',(-46.42,0.163823459649841,98.6204858046127));
#3799=CARTESIAN_POINT('Ctrl Pts',(-46.42,0.233051264957501,98.6046530147826));
#3800=CARTESIAN_POINT('Ctrl Pts',(-46.42,0.452715198624958,98.5458964514211));
#3801=CARTESIAN_POINT('Ctrl Pts',(-46.42,0.642439999146722,98.4822986382381));
#3802=CARTESIAN_POINT('Ctrl Pts',(-46.42,1.12421839053315,98.3056168678647));
#3803=CARTESIAN_POINT('Ctrl Pts',(-46.4199999999487,1.35398055768587,98.2185050217283));
#3804=CARTESIAN_POINT('Ctrl Pts',(-46.4199999999487,1.8850077166279,98.0159734369984));
#3805=CARTESIAN_POINT('Ctrl Pts',(-46.4199999999662,2.20638381219185,97.8918428662145));
#3806=CARTESIAN_POINT('Ctrl Pts',(-46.4199999999662,3.49993984805595,97.3942010037801));
#3807=CARTESIAN_POINT('Ctrl Pts',(-46.42000000001,4.17492466318655,97.1359521538642));
#3808=CARTESIAN_POINT('Ctrl Pts',(-46.42000000001,6.15107660101716,96.3980942500415));
#3809=CARTESIAN_POINT('Ctrl Pts',(-46.4199999999289,7.36935179904403,95.9608066847));
#3810=CARTESIAN_POINT('Ctrl Pts',(-46.4199999999289,8.88070291667247,95.4599124791878));
#3811=CARTESIAN_POINT('Ctrl Pts',(-46.4200000000139,9.16536092710299,95.3673754368082));
#3812=CARTESIAN_POINT('Ctrl Pts',(-46.4200000000139,9.98838115105752,95.1056800275268));
#3813=CARTESIAN_POINT('Ctrl Pts',(-46.4199999999999,10.5296491728474,94.9407807994859));
#3814=CARTESIAN_POINT('Ctrl Pts',(-46.4199999999999,11.7777616106203,94.5809640761401));
#3815=CARTESIAN_POINT('Ctrl Pts',(-46.4199999999984,12.4911479298621,94.3902985032728));
#3816=CARTESIAN_POINT('Ctrl Pts',(-46.4199999999984,14.3818112853089,93.936779148748));
#3817=CARTESIAN_POINT('Ctrl Pts',(-46.4199999998091,15.5975211820011,93.6981875797482));
#3818=CARTESIAN_POINT('Ctrl Pts',(-46.4199999998091,16.8502662692425,93.5417589325191));
#3819=CARTESIAN_POINT('Ctrl Pts',(-46.42,16.903326422733,93.5353030455247));
#3820=CARTESIAN_POINT('Ctrl Pts',(-46.42,16.9564147153813,93.5290179793588));
#3821=CARTESIAN_POINT('',(-46.42,16.9564147153813,133.030961708812));
#3822=CARTESIAN_POINT('Ctrl Pts',(-46.42,16.9564147153813,133.030961708812));
#3823=CARTESIAN_POINT('Ctrl Pts',(-46.2914470978344,17.3083420431031,132.983292999807));
#3824=CARTESIAN_POINT('Ctrl Pts',(-46.1588273203394,17.6589847248263,132.935600173788));
#3825=CARTESIAN_POINT('Ctrl Pts',(-44.9363485813729,20.783165946553,132.508773638409));
#3826=CARTESIAN_POINT('Ctrl Pts',(-43.6017964367689,23.4541856149333,132.130510782862));
#3827=CARTESIAN_POINT('Ctrl Pts',(-40.1619468889847,29.0178948256063,131.298485241919));
#3828=CARTESIAN_POINT('Ctrl Pts',(-37.9671128429353,31.8358045380649,130.846720412443));
#3829=CARTESIAN_POINT('Ctrl Pts',(-31.5299933671679,38.4779263768558,129.66993746411));
#3830=CARTESIAN_POINT('Ctrl Pts',(-26.8957462912561,41.8486595007281,128.951705785188));
#3831=CARTESIAN_POINT('Ctrl Pts',(-18.8300747916046,45.8109474200894,127.808604385683));
#3832=CARTESIAN_POINT('Ctrl Pts',(-15.7316196481944,46.9652075519233,127.389998293089));
#3833=CARTESIAN_POINT('Ctrl Pts',(-9.67100192707912,48.5552707223109,126.592884738882));
#3834=CARTESIAN_POINT('Ctrl Pts',(-6.73861484050725,49.0482792628199,126.21606947964));
#3835=CARTESIAN_POINT('Ctrl Pts',(2.81060453949005,49.780775464214,124.997815288557));
#3836=CARTESIAN_POINT('Ctrl Pts',(9.43591630307066,48.9590476545446,124.165305237557));
#3837=CARTESIAN_POINT('Ctrl Pts',(18.5414776782591,45.9076374861199,122.943523977455));
#3838=CARTESIAN_POINT('Ctrl Pts',(21.2875807159094,44.7005206116429,122.563533334809));
#3839=CARTESIAN_POINT('Ctrl Pts',(26.9930308205509,41.5468627348647,121.734326270715));
#3840=CARTESIAN_POINT('Ctrl Pts',(29.8871997333808,39.5160818658821,121.287077674418));
#3841=CARTESIAN_POINT('Ctrl Pts',(36.8903394618352,33.3892424009403,120.103262009303));
#3842=CARTESIAN_POINT('Ctrl Pts',(40.5390352416071,28.8500505796883,119.373686895435));
#3843=CARTESIAN_POINT('Ctrl Pts',(44.8739051128362,20.9544276582436,118.227895935728));
#3844=CARTESIAN_POINT('Ctrl Pts',(46.146401141643,17.9795722547392,117.818188166232));
#3845=CARTESIAN_POINT('Ctrl Pts',(48.0317954538507,12.0179964002546,117.022721670192));
#3846=CARTESIAN_POINT('Ctrl Pts',(48.6771816373332,9.05635958122567,116.638683642466));
#3847=CARTESIAN_POINT('Ctrl Pts',(49.8643112070437,-0.560831341754084,115.40608611846));
#3848=CARTESIAN_POINT('Ctrl Pts',(49.3341876539936,-7.27335936582491,114.56665787203));
#3849=CARTESIAN_POINT('Ctrl Pts',(47.0890704193976,-15.0680933177637,113.534672524115));
#3850=CARTESIAN_POINT('Ctrl Pts',(46.6279736152947,-16.4395886905958,113.350782461623));
#3851=CARTESIAN_POINT('Ctrl Pts',(43.7281131432193,-23.9558000856801,112.326009448881));
#3852=CARTESIAN_POINT('Ctrl Pts',(40.1355886817542,-29.5831458463409,111.493472776634));
#3853=CARTESIAN_POINT('Ctrl Pts',(33.4646697040377,-36.4883513018764,110.271950866502));
#3854=CARTESIAN_POINT('Ctrl Pts',(31.1953202442004,-38.4465337314687,109.892248082415));
#3855=CARTESIAN_POINT('Ctrl Pts',(25.8925649156217,-42.2418108273663,109.062791504927));
#3856=CARTESIAN_POINT('Ctrl Pts',(22.8103935998505,-43.9827393501203,108.615008399904));
#3857=CARTESIAN_POINT('Ctrl Pts',(14.2713697715345,-47.6649803137288,107.431931680421));
#3858=CARTESIAN_POINT('Ctrl Pts',(8.61419182726583,-49.0042670469598,106.703607240034));
#3859=CARTESIAN_POINT('Ctrl Pts',(-0.375104285829305,-49.5243414104604,
105.558200463571));
#3860=CARTESIAN_POINT('Ctrl Pts',(-3.61517593568806,-49.3936388244428,105.147598451503));
#3861=CARTESIAN_POINT('Ctrl Pts',(-9.80990503050653,-48.5306132311207,104.35188608012));
#3862=CARTESIAN_POINT('Ctrl Pts',(-12.7561979488008,-47.8407161203402,103.968493801424));
#3863=CARTESIAN_POINT('Ctrl Pts',(-21.8904699551952,-44.7974615277384,102.743817805649));
#3864=CARTESIAN_POINT('Ctrl Pts',(-27.6777280796136,-41.4722601564775,101.91145657436));
#3865=CARTESIAN_POINT('Ctrl Pts',(-33.7244893224699,-36.1535990489207,100.886916529318));
#3866=CARTESIAN_POINT('Ctrl Pts',(-34.7669898066796,-35.1522450866678,100.70320379991));
#3867=CARTESIAN_POINT('Ctrl Pts',(-40.3260246259369,-29.3230614920717,99.6785844644234));
#3868=CARTESIAN_POINT('Ctrl Pts',(-43.8821617142447,-23.672470161577,98.8460453713144));
#3869=CARTESIAN_POINT('Ctrl Pts',(-46.2887240946163,-17.3126099129196,97.9809101014231));
#3870=CARTESIAN_POINT('Ctrl Pts',(-46.35487924657,-17.1346897472769,97.9567603258642));
#3871=CARTESIAN_POINT('Ctrl Pts',(-46.42,-16.9564147153813,97.9326134881976));
#3872=CARTESIAN_POINT('',(-46.42,-16.9564147153813,137.434722567483));
#3873=CARTESIAN_POINT('Ctrl Pts',(-46.42,-16.9564147153813,137.434722567483));
#3874=CARTESIAN_POINT('Ctrl Pts',(-46.42,-16.622162092077,137.394512261225));
#3875=CARTESIAN_POINT('Ctrl Pts',(-46.4200000083173,-16.286817271064,137.360561580673));
#3876=CARTESIAN_POINT('Ctrl Pts',(-46.4200000083173,-14.8210374195224,137.23622748056));
#3877=CARTESIAN_POINT('Ctrl Pts',(-46.4200000000413,-13.6701265113635,137.201356872417));
#3878=CARTESIAN_POINT('Ctrl Pts',(-46.4200000000413,-11.4488371813119,137.211982230976));
#3879=CARTESIAN_POINT('Ctrl Pts',(-46.4199999999985,-10.3567746183279,137.254139434041));
#3880=CARTESIAN_POINT('Ctrl Pts',(-46.4199999999985,-8.95707221785267,137.338300335753));
#3881=CARTESIAN_POINT('Ctrl Pts',(-46.4199999999958,-8.64071069037756,137.359326301717));
#3882=CARTESIAN_POINT('Ctrl Pts',(-46.4199999999958,-7.64126206796651,137.431219078205));
#3883=CARTESIAN_POINT('Ctrl Pts',(-46.42,-6.95851985549112,137.488409436897));
#3884=CARTESIAN_POINT('Ctrl Pts',(-46.42,-5.03442472246515,137.664963694661));
#3885=CARTESIAN_POINT('Ctrl Pts',(-46.4200000000017,-3.65746181954083,137.812646023863));
#3886=CARTESIAN_POINT('Ctrl Pts',(-46.4200000000017,-1.36521238766214,138.050579390036));
#3887=CARTESIAN_POINT('Ctrl Pts',(-46.42,-0.732946719678289,138.104195171468));
#3888=CARTESIAN_POINT('Ctrl Pts',(-46.42,-0.186367153711376,138.064904245114));
#3889=CARTESIAN_POINT('Ctrl Pts',(-46.42,-0.129923425457434,138.059504162102));
#3890=CARTESIAN_POINT('Ctrl Pts',(-46.42,-0.0692971552723249,138.052136572036));
#3891=CARTESIAN_POINT('Ctrl Pts',(-46.42,-0.0653660838395765,138.051651833226));
#3892=CARTESIAN_POINT('Ctrl Pts',(-46.42,-0.0601464277620158,138.050998872751));
#3893=CARTESIAN_POINT('Ctrl Pts',(-46.42,-0.0588572349680529,138.050836843446));
#3894=CARTESIAN_POINT('Ctrl Pts',(-46.42,-0.0567638415552891,138.050572512345));
#3895=CARTESIAN_POINT('Ctrl Pts',(-46.42,-0.0559595898326049,138.05047066583));
#3896=CARTESIAN_POINT('Ctrl Pts',(-46.42,-0.0544242821221478,138.050275680075));
#3897=CARTESIAN_POINT('Ctrl Pts',(-46.42,-0.0536932221259888,138.050182591419));
#3898=CARTESIAN_POINT('Ctrl Pts',(-46.42,-0.0520206842090297,138.049969064258));
#3899=CARTESIAN_POINT('Ctrl Pts',(-46.42,-0.0510792295610044,138.049848468483));
#3900=CARTESIAN_POINT('Ctrl Pts',(-46.42,-0.0482189020035446,138.049480848395));
#3901=CARTESIAN_POINT('Ctrl Pts',(-46.42,-0.046300210662047,138.04923257433));
#3902=CARTESIAN_POINT('Ctrl Pts',(-46.42,-0.0279228393073448,138.046838527263));
#3903=CARTESIAN_POINT('Ctrl Pts',(-46.42,-0.0114912768626973,138.044574560346));
#3904=CARTESIAN_POINT('Ctrl Pts',(-46.42,0.0470822001393528,138.036066872979));
#3905=CARTESIAN_POINT('Ctrl Pts',(-46.42,0.0889456367608966,138.029178322536));
#3906=CARTESIAN_POINT('Ctrl Pts',(-46.42,0.316940200450267,137.987531857694));
#3907=CARTESIAN_POINT('Ctrl Pts',(-46.42,0.510698920946346,137.937357431031));
#3908=CARTESIAN_POINT('Ctrl Pts',(-46.42,1.09599371206832,137.757637277164));
#3909=CARTESIAN_POINT('Ctrl Pts',(-46.42,1.56053661954617,137.590996461824));
#3910=CARTESIAN_POINT('Ctrl Pts',(-46.42,2.52565641027676,137.23547627663));
#3911=CARTESIAN_POINT('Ctrl Pts',(-46.4200000001496,2.96326075059721,137.071029696546));
#3912=CARTESIAN_POINT('Ctrl Pts',(-46.4200000001496,4.62365158402728,136.451354075479));
#3913=CARTESIAN_POINT('Ctrl Pts',(-46.4200000000306,5.46365382934925,136.141417917488));
#3914=CARTESIAN_POINT('Ctrl Pts',(-46.4200000000306,7.31391112304578,135.484938960816));
#3915=CARTESIAN_POINT('Ctrl Pts',(-46.4199999999991,8.20233044278374,135.181112859366));
#3916=CARTESIAN_POINT('Ctrl Pts',(-46.4199999999991,9.64169269236561,134.717894337332));
#3917=CARTESIAN_POINT('Ctrl Pts',(-46.4199999999999,10.19356424194,134.547088072993));
#3918=CARTESIAN_POINT('Ctrl Pts',(-46.4199999999999,11.4485734734954,134.178127027331));
#3919=CARTESIAN_POINT('Ctrl Pts',(-46.4199999999998,12.1582734446286,133.983293670623));
#3920=CARTESIAN_POINT('Ctrl Pts',(-46.4199999999998,14.0336816495807,133.516786731865));
#3921=CARTESIAN_POINT('Ctrl Pts',(-46.4199999998209,15.2367452689704,133.266744196017));
#3922=CARTESIAN_POINT('Ctrl Pts',(-46.4199999998209,16.6024123706744,133.075110965942));
#3923=CARTESIAN_POINT('Ctrl Pts',(-46.42,16.7793048477302,133.052075450194));
#3924=CARTESIAN_POINT('Ctrl Pts',(-46.42,16.9564147153813,133.030961708812));
#3925=CARTESIAN_POINT('',(-46.42,16.9564147153813,172.5330382888));
#3926=CARTESIAN_POINT('Ctrl Pts',(-46.42,16.9564147153813,172.5330382888));
#3927=CARTESIAN_POINT('Ctrl Pts',(-44.9501010949581,20.9804202800806,171.988080938775));
#3928=CARTESIAN_POINT('Ctrl Pts',(-42.9597654914921,24.8055288687765,171.444084305207));
#3929=CARTESIAN_POINT('Ctrl Pts',(-38.7685249093841,30.7958323514041,170.513933573095));
#3930=CARTESIAN_POINT('Ctrl Pts',(-36.8229854106314,33.0975773182832,170.132160883603));
#3931=CARTESIAN_POINT('Ctrl Pts',(-32.1725825486269,37.6782643788467,169.301871446861));
#3932=CARTESIAN_POINT('Ctrl Pts',(-29.4081125575526,39.8734185105502,168.855330216831));
#3933=CARTESIAN_POINT('Ctrl Pts',(-21.5549466808697,44.8449106029516,167.672830187595));
#3934=CARTESIAN_POINT('Ctrl Pts',(-16.1720710393227,47.0547129937864,166.943861744884));
#3935=CARTESIAN_POINT('Ctrl Pts',(-7.3434184304696,48.9800842917104,165.794415059639));
#3936=CARTESIAN_POINT('Ctrl Pts',(-4.09573197310912,49.357870582564,165.380438702343));
#3937=CARTESIAN_POINT('Ctrl Pts',(2.18012362191882,49.4638718529335,164.581911124453));
#3938=CARTESIAN_POINT('Ctrl Pts',(5.19319654936108,49.2387886808208,164.199080993997));
#3939=CARTESIAN_POINT('Ctrl Pts',(14.7353075879053,47.6399240330983,162.968390156441));
#3940=CARTESIAN_POINT('Ctrl Pts',(21.0139523503936,45.2228395877573,162.12964968618));
#3941=CARTESIAN_POINT('Ctrl Pts',(27.8515708965089,40.8502991880507,161.097078428363));
#3942=CARTESIAN_POINT('Ctrl Pts',(29.0431092857693,40.0119327075469,160.911918930753));
#3943=CARTESIAN_POINT('Ctrl Pts',(35.4270743067242,35.0845619581102,159.886102609974));
#3944=CARTESIAN_POINT('Ctrl Pts',(39.7956813715175,30.0384351966944,159.053806035689));
#3945=CARTESIAN_POINT('Ctrl Pts',(44.5177504962344,21.6683787121137,157.831134314977));
#3946=CARTESIAN_POINT('Ctrl Pts',(45.7515376796568,18.9247353848836,157.450059046692));
#3947=CARTESIAN_POINT('Ctrl Pts',(47.8758388188381,12.7538475981826,156.619929322047));
#3948=CARTESIAN_POINT('Ctrl Pts',(48.6632359301776,9.30838086212163,156.172849858566));
#3949=CARTESIAN_POINT('Ctrl Pts',(49.7554968464491,0.0797472368461916,154.990539129812));
#3950=CARTESIAN_POINT('Ctrl Pts',(49.4252334278654,-5.72383484855755,154.262281615065));
#3951=CARTESIAN_POINT('Ctrl Pts',(47.3545847048533,-14.5079844545987,153.114264575557));
#3952=CARTESIAN_POINT('Ctrl Pts',(46.2961443888503,-17.595603929966,152.700989700531));
#3953=CARTESIAN_POINT('Ctrl Pts',(43.6881731827251,-23.2972670550064,151.903343352459));
#3954=CARTESIAN_POINT('Ctrl Pts',(42.186502764087,-25.9175260636269,151.520691377002));
#3955=CARTESIAN_POINT('Ctrl Pts',(36.6285615515239,-33.8390530060478,150.289784512313));
#3956=CARTESIAN_POINT('Ctrl Pts',(31.7377303509894,-38.4636096104573,149.450657866984));
#3957=CARTESIAN_POINT('Ctrl Pts',(24.8448235673988,-42.7455040230902,148.41828673748));
#3958=CARTESIAN_POINT('Ctrl Pts',(23.5786707606657,-43.4567563005934,148.233720537482));
#3959=CARTESIAN_POINT('Ctrl Pts',(16.3840044281244,-47.0911838752689,147.208391966205));
#3960=CARTESIAN_POINT('Ctrl Pts',(9.9466923464824,-48.8577350462032,146.375989491738));
#3961=CARTESIAN_POINT('Ctrl Pts',(0.365368926753174,-49.5092899376507,145.154176038808));
#3962=CARTESIAN_POINT('Ctrl Pts',(-2.63450429232696,-49.4404969169601,144.774059594876));
#3963=CARTESIAN_POINT('Ctrl Pts',(-9.11994930384144,-48.699548815461,143.94375943469));
#3964=CARTESIAN_POINT('Ctrl Pts',(-12.5771485942411,-47.9232175218724,143.495553745916));
#3965=CARTESIAN_POINT('Ctrl Pts',(-21.3676391681605,-44.931628332934,142.31419193556));
#3966=CARTESIAN_POINT('Ctrl Pts',(-26.4482201969663,-42.1416543823298,141.587968943802));
#3967=CARTESIAN_POINT('Ctrl Pts',(-33.475197999381,-36.5015385083243,140.441783123622));
#3968=CARTESIAN_POINT('Ctrl Pts',(-35.8081371703127,-34.2159095208399,140.028258039647));
#3969=CARTESIAN_POINT('Ctrl Pts',(-39.8283392406927,-29.4121704408056,139.231348562514));
#3970=CARTESIAN_POINT('Ctrl Pts',(-41.543222885235,-26.9357207591855,138.849678002534));
#3971=CARTESIAN_POINT('Ctrl Pts',(-44.3579218868666,-21.9562440470151,138.122093652573));
#3972=CARTESIAN_POINT('Ctrl Pts',(-45.493282426265,-19.4934032530441,137.778321723373));
#3973=CARTESIAN_POINT('Ctrl Pts',(-46.42,-16.9564147153813,137.434722567483));
#3974=CARTESIAN_POINT('',(-46.42,-16.9564147153813,176.936601949595));
#3975=CARTESIAN_POINT('Ctrl Pts',(-46.42,-16.9564147153813,176.936601949595));
#3976=CARTESIAN_POINT('Ctrl Pts',(-46.42,-16.6259363252834,176.896885804661));
#3977=CARTESIAN_POINT('Ctrl Pts',(-46.4200000039585,-16.2943989989248,176.863221478363));
#3978=CARTESIAN_POINT('Ctrl Pts',(-46.4200000039585,-14.794880178494,176.735039360672));
#3979=CARTESIAN_POINT('Ctrl Pts',(-46.4200000000362,-13.6033837049015,176.699499803272));
#3980=CARTESIAN_POINT('Ctrl Pts',(-46.4200000000362,-11.4652542423553,176.711362703294));
#3981=CARTESIAN_POINT('Ctrl Pts',(-46.4200000000078,-10.4939210545404,176.745293561411));
#3982=CARTESIAN_POINT('Ctrl Pts',(-46.4200000000078,-9.19836646875891,176.817123295679));
#3983=CARTESIAN_POINT('Ctrl Pts',(-46.4200000000219,-8.86628821266952,176.837900074057));
#3984=CARTESIAN_POINT('Ctrl Pts',(-46.4200000000219,-7.89805095466833,176.904524355474));
#3985=CARTESIAN_POINT('Ctrl Pts',(-46.4200000000002,-7.26083497500101,176.95600560582));
#3986=CARTESIAN_POINT('Ctrl Pts',(-46.4200000000002,-5.69356292931634,177.096794144419));
#3987=CARTESIAN_POINT('Ctrl Pts',(-46.4200000000057,-4.7635813428776,177.192681017746));
#3988=CARTESIAN_POINT('Ctrl Pts',(-46.4200000000057,-1.57059021064091,177.545678655323));
#3989=CARTESIAN_POINT('Ctrl Pts',(-46.42,-0.512502214041705,177.703383218369));
#3990=CARTESIAN_POINT('Ctrl Pts',(-46.42,-0.0866130585952917,177.70206036869));
#3991=CARTESIAN_POINT('Ctrl Pts',(-46.42,-0.059462928720516,177.701226290308));
#3992=CARTESIAN_POINT('Ctrl Pts',(-46.42,-0.0226742227070108,177.6986296265));
#3993=CARTESIAN_POINT('Ctrl Pts',(-46.42,-0.0131443236738589,177.697824094914));
#3994=CARTESIAN_POINT('Ctrl Pts',(-46.42,-0.00159060124915327,177.696675736359));
#3995=CARTESIAN_POINT('Ctrl Pts',(-46.42,0.000423901849698925,177.696469184791));
#3996=CARTESIAN_POINT('Ctrl Pts',(-46.42,0.00729470399810469,177.695742956717));
#3997=CARTESIAN_POINT('Ctrl Pts',(-46.42,0.012144057694942,177.695193311311));
#3998=CARTESIAN_POINT('Ctrl Pts',(-46.42,0.0176022997261248,177.694532406955));
#3999=CARTESIAN_POINT('Ctrl Pts',(-46.42,0.0182120806716701,177.694457978558));
#4000=CARTESIAN_POINT('Ctrl Pts',(-46.42,0.0195695891669697,177.694290961348));
#4001=CARTESIAN_POINT('Ctrl Pts',(-46.42,0.0203172596820511,177.694198079916));
#4002=CARTESIAN_POINT('Ctrl Pts',(-46.42,0.0213840423212835,177.694064279638));
#4003=CARTESIAN_POINT('Ctrl Pts',(-46.42,0.021703231711891,177.694024082502));
#4004=CARTESIAN_POINT('Ctrl Pts',(-46.42,0.0222408083307354,177.693956108031));
#4005=CARTESIAN_POINT('Ctrl Pts',(-46.42,0.0224592049463728,177.693928416246));
#4006=CARTESIAN_POINT('Ctrl Pts',(-46.42,0.0228909251553083,177.693873524909));
#4007=CARTESIAN_POINT('Ctrl Pts',(-46.42,0.0231042485527273,177.693846328875));
#4008=CARTESIAN_POINT('Ctrl Pts',(-46.42,0.0236156702350666,177.693780954315));
#4009=CARTESIAN_POINT('Ctrl Pts',(-46.42,0.0239137627925181,177.693742707041));
#4010=CARTESIAN_POINT('Ctrl Pts',(-46.42,0.0249180615912309,177.693613369036));
#4011=CARTESIAN_POINT('Ctrl Pts',(-46.42,0.025624169653531,177.69352163404));
#4012=CARTESIAN_POINT('Ctrl Pts',(-46.42,0.135977748589965,177.679059978944));
#4013=CARTESIAN_POINT('Ctrl Pts',(-46.42,0.256556436442721,177.643979921004));
#4014=CARTESIAN_POINT('Ctrl Pts',(-46.42,0.592058497580085,177.521724099989));
#4015=CARTESIAN_POINT('Ctrl Pts',(-46.4199999999889,0.706642225867147,177.478360585187));
#4016=CARTESIAN_POINT('Ctrl Pts',(-46.4199999999889,0.984740649519636,177.372217674818));
#4017=CARTESIAN_POINT('Ctrl Pts',(-46.4199999999911,1.23062240603446,177.276783037572));
#4018=CARTESIAN_POINT('Ctrl Pts',(-46.4199999999911,1.71468131165069,177.088614989107));
#4019=CARTESIAN_POINT('Ctrl Pts',(-46.4200000000052,2.1084502963868,176.934871062858));
#4020=CARTESIAN_POINT('Ctrl Pts',(-46.4200000000052,3.31790071381116,176.465505220118));
#4021=CARTESIAN_POINT('Ctrl Pts',(-46.42,4.04762512062883,176.185398510267));
#4022=CARTESIAN_POINT('Ctrl Pts',(-46.42,6.034952510434,175.441154324155));
#4023=CARTESIAN_POINT('Ctrl Pts',(-46.4199999997931,7.27466954918543,174.995287301569));
#4024=CARTESIAN_POINT('Ctrl Pts',(-46.4199999997931,8.80080477910484,174.488384844725));
#4025=CARTESIAN_POINT('Ctrl Pts',(-46.4200000000118,9.08622795682064,174.395377198207));
#4026=CARTESIAN_POINT('Ctrl Pts',(-46.4200000000118,9.91671352194646,174.130609552446));
#4027=CARTESIAN_POINT('Ctrl Pts',(-46.4199999999999,10.464818047678,173.963171431882));
#4028=CARTESIAN_POINT('Ctrl Pts',(-46.4199999999999,11.6953767072946,173.607439653112));
#4029=CARTESIAN_POINT('Ctrl Pts',(-46.419999999999,12.3837553228022,173.42228211975));
#4030=CARTESIAN_POINT('Ctrl Pts',(-46.419999999999,14.2042539033697,172.979866873442));
#4031=CARTESIAN_POINT('Ctrl Pts',(-46.4199999998809,15.3700199329711,172.744700176238));
#4032=CARTESIAN_POINT('Ctrl Pts',(-46.4199999998809,16.6672698642503,172.568591693653));
#4033=CARTESIAN_POINT('Ctrl Pts',(-46.42,16.8117624278574,172.550179171948));
#4034=CARTESIAN_POINT('Ctrl Pts',(-46.42,16.9564147153813,172.5330382888));
#4035=CARTESIAN_POINT('',(-46.42,16.9564147153813,212.03494172464));
#4036=CARTESIAN_POINT('Ctrl Pts',(-46.42,16.9564147153813,212.03494172464));
#4037=CARTESIAN_POINT('Ctrl Pts',(-45.4336832682175,19.6565623266456,211.669211709812));
#4038=CARTESIAN_POINT('Ctrl Pts',(-44.2135615250394,22.2657576424823,211.304214394262));
#4039=CARTESIAN_POINT('Ctrl Pts',(-41.0097113288443,27.8017624709769,210.490626692504));
#4040=CARTESIAN_POINT('Ctrl Pts',(-38.9253655841127,30.6520838854547,210.04394941876));
#4041=CARTESIAN_POINT('Ctrl Pts',(-32.671189395524,37.5267180568341,208.861533623496));
#4042=CARTESIAN_POINT('Ctrl Pts',(-28.0681563712754,41.0833293388647,208.132784833509));
#4043=CARTESIAN_POINT('Ctrl Pts',(-20.0630832028582,45.2822300401201,206.982919653168));
#4044=CARTESIAN_POINT('Ctrl Pts',(-17.0268685746414,46.5090675995497,206.568299536971));
#4045=CARTESIAN_POINT('Ctrl Pts',(-10.9975511231758,48.275110217339,205.769025293587));
#4046=CARTESIAN_POINT('Ctrl Pts',(-8.03165748921067,48.8561656026842,205.386092122644));
#4047=CARTESIAN_POINT('Ctrl Pts',(1.59068766667327,49.8409165492779,204.155721816182));
#4048=CARTESIAN_POINT('Ctrl Pts',(8.28190102249608,49.1737442894531,203.317396191572));
#4049=CARTESIAN_POINT('Ctrl Pts',(16.0367311216963,46.7685679091571,202.284430671689));
#4050=CARTESIAN_POINT('Ctrl Pts',(17.4137922598485,46.2734863547214,202.098455061155));
#4051=CARTESIAN_POINT('Ctrl Pts',(24.9331125199171,43.1868711935098,201.064519817049));
#4052=CARTESIAN_POINT('Ctrl Pts',(30.5239988640616,39.4341375165261,200.225135542267));
#4053=CARTESIAN_POINT('Ctrl Pts',(37.3232203363192,32.5337518137043,198.992651316732));
#4054=CARTESIAN_POINT('Ctrl Pts',(39.2422515180722,30.1912825601949,198.609082395889));
#4055=CARTESIAN_POINT('Ctrl Pts',(42.8917918285538,24.7956769012555,197.78051957196));
#4056=CARTESIAN_POINT('Ctrl Pts',(44.5362121848881,21.7038503839661,197.337482823048));
#4057=CARTESIAN_POINT('Ctrl Pts',(48.0239632962267,13.045032878801,196.149857695457));
#4058=CARTESIAN_POINT('Ctrl Pts',(49.2286627304939,7.28099212356931,195.412423504954));
#4059=CARTESIAN_POINT('Ctrl Pts',(49.4929110893671,-1.77942019787644,194.259386581147));
#4060=CARTESIAN_POINT('Ctrl Pts',(49.2717369194816,-5.00104825932401,193.850479800146));
#4061=CARTESIAN_POINT('Ctrl Pts',(48.2327731347435,-11.1928772520767,193.05173018946));
#4062=CARTESIAN_POINT('Ctrl Pts',(47.448286992606,-14.1541873302107,192.663635765525));
#4063=CARTESIAN_POINT('Ctrl Pts',(44.1052440487878,-23.2649461321249,191.429191561192));
#4064=CARTESIAN_POINT('Ctrl Pts',(40.5793178909401,-28.9801483210708,190.59192063269));
#4065=CARTESIAN_POINT('Ctrl Pts',(35.0244522117922,-34.8966803915165,189.559442231061));
#4066=CARTESIAN_POINT('Ctrl Pts',(33.9726785037351,-35.9214097903179,189.372826214802));
#4067=CARTESIAN_POINT('Ctrl Pts',(27.9052926144616,-41.327601182286,188.339117658398));
#4068=CARTESIAN_POINT('Ctrl Pts',(22.0893310982693,-44.7072386628333,187.500537190789));
#4069=CARTESIAN_POINT('Ctrl Pts',(14.3939854908414,-47.2999561467598,186.467423710513));
#4070=CARTESIAN_POINT('Ctrl Pts',(12.9888664553803,-47.7049476355138,186.281577734003));
#4071=CARTESIAN_POINT('Ctrl Pts',(5.14424856432883,-49.5936270964106,185.255194168515));
#4072=CARTESIAN_POINT('Ctrl Pts',(-1.52476392015301,-49.83639236241,184.423031096784));
#4073=CARTESIAN_POINT('Ctrl Pts',(-11.0136734680878,-48.2710626436821,183.199469073538));
#4074=CARTESIAN_POINT('Ctrl Pts',(-13.9325798109758,-47.5108385289724,182.817385373302));
#4075=CARTESIAN_POINT('Ctrl Pts',(-20.07605956874,-45.2955127621827,181.986696398321));
#4076=CARTESIAN_POINT('Ctrl Pts',(-23.2509107059227,-43.7507337962857,181.54007001438));
#4077=CARTESIAN_POINT('Ctrl Pts',(-31.1245304336388,-38.8187333961943,180.358041900194));
#4078=CARTESIAN_POINT('Ctrl Pts',(-35.4404874704295,-34.922807365395,179.629623034702));
#4079=CARTESIAN_POINT('Ctrl Pts',(-40.9971503967952,-27.7898292433905,178.479450494862));
#4080=CARTESIAN_POINT('Ctrl Pts',(-42.7465371785939,-25.0154845367514,178.064186608525));
#4081=CARTESIAN_POINT('Ctrl Pts',(-45.0425446378213,-20.4201976777201,177.410667151012));
#4082=CARTESIAN_POINT('Ctrl Pts',(-45.780667452904,-18.7066559859769,177.17365302221));
#4083=CARTESIAN_POINT('Ctrl Pts',(-46.42,-16.9564147153813,176.936601949595));
#4084=CARTESIAN_POINT('',(-46.42,-16.9564147153813,216.438717226244));
#4085=CARTESIAN_POINT('Ctrl Pts',(-46.42,-16.9564147153813,216.438717226244));
#4086=CARTESIAN_POINT('Ctrl Pts',(-46.42,-16.620347341754,216.398345018276));
#4087=CARTESIAN_POINT('Ctrl Pts',(-46.4200000088849,-16.2831745949931,216.364302460865));
#4088=CARTESIAN_POINT('Ctrl Pts',(-46.4200000088849,-14.8198006825508,216.240681524152));
#4089=CARTESIAN_POINT('Ctrl Pts',(-46.4200000000332,-13.6736202944995,216.206070585228));
#4090=CARTESIAN_POINT('Ctrl Pts',(-46.4200000000332,-11.4041065177959,216.216478748818));
#4091=CARTESIAN_POINT('Ctrl Pts',(-46.4199999999998,-10.253996695101,216.262181111294));
#4092=CARTESIAN_POINT('Ctrl Pts',(-46.4199999999998,-8.48410395661064,216.371138170076));
#4093=CARTESIAN_POINT('Ctrl Pts',(-46.42,-7.8482505407874,216.418156977073));
#4094=CARTESIAN_POINT('Ctrl Pts',(-46.42,-6.26191210753475,216.549769190961));
#4095=CARTESIAN_POINT('Ctrl Pts',(-46.42,-5.34815590269521,216.637995576203));
#4096=CARTESIAN_POINT('Ctrl Pts',(-46.42,-2.07484670116615,216.972307548882));
#4097=CARTESIAN_POINT('Ctrl Pts',(-46.42,-1.01705072721169,217.108309725141));
#4098=CARTESIAN_POINT('Ctrl Pts',(-46.42,-0.217872576035785,217.062778534084));
#4099=CARTESIAN_POINT('Ctrl Pts',(-46.42,-0.141896811379596,217.056220729825));
#4100=CARTESIAN_POINT('Ctrl Pts',(-46.42,-0.0597008788138358,217.046362862865));
#4101=CARTESIAN_POINT('Ctrl Pts',(-46.42,-0.0540765294031036,217.045674551141));
#4102=CARTESIAN_POINT('Ctrl Pts',(-46.42,-0.0469329503285285,217.044782786989));
#4103=CARTESIAN_POINT('Ctrl Pts',(-46.42,-0.0454125843268455,217.044591984012));
#4104=CARTESIAN_POINT('Ctrl Pts',(-46.42,-0.0430136373030033,217.044289328229));
#4105=CARTESIAN_POINT('Ctrl Pts',(-46.42,-0.0421349819236729,217.044178138175));
#4106=CARTESIAN_POINT('Ctrl Pts',(-46.42,-0.0405003648932189,217.043970657045));
#4107=CARTESIAN_POINT('Ctrl Pts',(-46.42,-0.0397443949801092,217.043874452477));
#4108=CARTESIAN_POINT('Ctrl Pts',(-46.42,-0.0380698364368254,217.043660795403));
#4109=CARTESIAN_POINT('Ctrl Pts',(-46.42,-0.037151264900357,217.043543226041));
#4110=CARTESIAN_POINT('Ctrl Pts',(-46.42,-0.0345312208032183,217.043206830804));
#4111=CARTESIAN_POINT('Ctrl Pts',(-46.42,-0.0328298757412778,217.042987124637));
#4112=CARTESIAN_POINT('Ctrl Pts',(-46.42,-0.0221514332001328,217.041600202532));
#4113=CARTESIAN_POINT('Ctrl Pts',(-46.42,-0.0131804235604427,217.040399802865));
#4114=CARTESIAN_POINT('Ctrl Pts',(-46.42,0.0129649282941859,217.03679877912));
#4115=CARTESIAN_POINT('Ctrl Pts',(-46.42,0.0301129992300894,217.034307868834));
#4116=CARTESIAN_POINT('Ctrl Pts',(-46.42,0.125573322594604,217.019730805406));
#4117=CARTESIAN_POINT('Ctrl Pts',(-46.42,0.202711581156804,217.005282349263));
#4118=CARTESIAN_POINT('Ctrl Pts',(-46.42,0.528299475344115,216.934891274309));
#4119=CARTESIAN_POINT('Ctrl Pts',(-46.42,0.806692355202319,216.851792585127));
#4120=CARTESIAN_POINT('Ctrl Pts',(-46.42,1.60772794048236,216.58032672725));
#4121=CARTESIAN_POINT('Ctrl Pts',(-46.42,2.23810127618858,216.346947951391));
#4122=CARTESIAN_POINT('Ctrl Pts',(-46.42,3.3581231010173,215.929991028477));
#4123=CARTESIAN_POINT('Ctrl Pts',(-46.420000000079,4.12613457006958,215.64225041309));
#4124=CARTESIAN_POINT('Ctrl Pts',(-46.420000000079,6.21870345208053,214.873512945121));
#4125=CARTESIAN_POINT('Ctrl Pts',(-46.4199999999998,7.54094448646345,214.404460464866));
#4126=CARTESIAN_POINT('Ctrl Pts',(-46.4199999999998,9.16700961431388,213.875631733752));
#4127=CARTESIAN_POINT('Ctrl Pts',(-46.4200000000036,9.44628487400683,213.786506136966));
#4128=CARTESIAN_POINT('Ctrl Pts',(-46.4200000000036,10.2990612428235,213.520226337846));
#4129=CARTESIAN_POINT('Ctrl Pts',(-46.4199999999999,10.8762414910448,213.348072598002));
#4130=CARTESIAN_POINT('Ctrl Pts',(-46.4199999999999,12.3414196406959,212.937029199443));
#4131=CARTESIAN_POINT('Ctrl Pts',(-46.4199999999868,13.2440391777557,212.707892546927));
#4132=CARTESIAN_POINT('Ctrl Pts',(-46.4199999999868,15.0676351416703,212.314897448787));
#4133=CARTESIAN_POINT('Ctrl Pts',(-46.42,16.0149712533394,212.147023820528));
#4134=CARTESIAN_POINT('Ctrl Pts',(-46.42,16.9564147153813,212.03494172464));
#4135=CARTESIAN_POINT('',(-46.42,16.9564147153813,251.537046212675));
#4136=CARTESIAN_POINT('Ctrl Pts',(-46.42,16.9564147153813,251.537046212675));
#4137=CARTESIAN_POINT('Ctrl Pts',(-45.142124341501,20.4547360918757,251.063257715471));
#4138=CARTESIAN_POINT('Ctrl Pts',(-43.4697132864333,23.806037512727,250.589768880207));
#4139=CARTESIAN_POINT('Ctrl Pts',(-39.805850126494,29.4397247424239,249.734763870109));
#4140=CARTESIAN_POINT('Ctrl Pts',(-37.9601315102834,31.7841403610665,249.356757613491));
#4141=CARTESIAN_POINT('Ctrl Pts',(-33.4622012832103,36.5426257645976,248.523885608334));
#4142=CARTESIAN_POINT('Ctrl Pts',(-30.7358151117229,38.8637619156744,248.071026908314));
#4143=CARTESIAN_POINT('Ctrl Pts',(-23.0946514798035,44.0580878958055,246.895518833449));
#4144=CARTESIAN_POINT('Ctrl Pts',(-17.8923486790905,46.4148906357718,246.179618433397));
#4145=CARTESIAN_POINT('Ctrl Pts',(-9.19507518490368,48.6701115325664,245.03670838293));
#4146=CARTESIAN_POINT('Ctrl Pts',(-5.91006861894577,49.1772326436457,244.615911764477));
#4147=CARTESIAN_POINT('Ctrl Pts',(0.354606002056436,49.5071652263765,243.817835996306));
#4148=CARTESIAN_POINT('Ctrl Pts',(3.31635570921573,49.3972364642112,243.442242669127));
#4149=CARTESIAN_POINT('Ctrl Pts',(12.8063765488077,48.1872612494474,242.225309067914));
#4150=CARTESIAN_POINT('Ctrl Pts',(19.1285119366637,46.0447089332151,241.392899140828));
#4151=CARTESIAN_POINT('Ctrl Pts',(27.4349974837676,41.21474593759,240.170426297594));
#4152=CARTESIAN_POINT('Ctrl Pts',(29.8854892279752,39.4739403425762,239.78965652631));
#4153=CARTESIAN_POINT('Ctrl Pts',(34.8364462397631,35.2300670048319,238.960208919104));
#4154=CARTESIAN_POINT('Ctrl Pts',(37.2573558228517,32.6592247500482,238.513500364417));
#4155=CARTESIAN_POINT('Ctrl Pts',(42.8789510458511,25.2427829904907,237.329517008563));
#4156=CARTESIAN_POINT('Ctrl Pts',(45.5369981122382,20.0545378589015,236.599254069672));
#4157=CARTESIAN_POINT('Ctrl Pts',(48.1885540697441,11.4313412148185,235.451643637623));
#4158=CARTESIAN_POINT('Ctrl Pts',(48.8336188511679,8.25166245008273,235.040822917467));
#4159=CARTESIAN_POINT('Ctrl Pts',(49.4716620147257,2.01771479730546,234.243589736689));
#4160=CARTESIAN_POINT('Ctrl Pts',(49.5023172088336,-1.01840779264752,233.858904931512));
#4161=CARTESIAN_POINT('Ctrl Pts',(48.710665561584,-10.6744518925226,232.626527534859));
#4162=CARTESIAN_POINT('Ctrl Pts',(46.8309549406654,-17.1328423401172,231.787946536902));
#4163=CARTESIAN_POINT('Ctrl Pts',(43.0501158967227,-24.3134891985045,230.755505422634));
#4164=CARTESIAN_POINT('Ctrl Pts',(42.3148125628642,-25.5717595069286,230.570291622215));
#4165=CARTESIAN_POINT('Ctrl Pts',(37.9421466089439,-32.3480303152949,229.544449641211));
#4166=CARTESIAN_POINT('Ctrl Pts',(33.2818096979258,-37.1257654359083,228.7121620067));
#4167=CARTESIAN_POINT('Ctrl Pts',(25.3308665396513,-42.5412293402036,227.488246410589));
#4168=CARTESIAN_POINT('Ctrl Pts',(22.6915705857457,-44.0057005412728,227.105910509126));
#4169=CARTESIAN_POINT('Ctrl Pts',(16.7319539623319,-46.632979398651,226.277465122007));
#4170=CARTESIAN_POINT('Ctrl Pts',(13.387471137935,-47.7008237502261,225.833313444829));
#4171=CARTESIAN_POINT('Ctrl Pts',(4.24783390511871,-49.581068771411,224.64617747957));
#4172=CARTESIAN_POINT('Ctrl Pts',(-1.62577797137122,-49.7361383834423,223.910313217016));
#4173=CARTESIAN_POINT('Ctrl Pts',(-10.5694267057202,-48.3834830357575,222.759679364106));
#4174=CARTESIAN_POINT('Ctrl Pts',(-13.6940203956802,-47.5935707387568,222.351565585138));
#4175=CARTESIAN_POINT('Ctrl Pts',(-19.5937706590379,-45.4725052414314,221.553952538745));
#4176=CARTESIAN_POINT('Ctrl Pts',(-22.3659154873817,-44.1749981154486,221.166196781176));
#4177=CARTESIAN_POINT('Ctrl Pts',(-30.7374946332972,-39.2654520352928,219.931719529954));
#4178=CARTESIAN_POINT('Ctrl Pts',(-35.7367173367941,-34.7772353822914,219.094084396092));
#4179=CARTESIAN_POINT('Ctrl Pts',(-40.56981723987,-28.2589656049566,218.061726340218));
#4180=CARTESIAN_POINT('Ctrl Pts',(-41.3890112518086,-27.0449434532898,217.875602257931));
#4181=CARTESIAN_POINT('Ctrl Pts',(-43.8695582141025,-22.9915503685949,217.271116691835));
#4182=CARTESIAN_POINT('Ctrl Pts',(-45.2974116244709,-20.0296205355238,216.854962029539));
#4183=CARTESIAN_POINT('Ctrl Pts',(-46.42,-16.9564147153813,216.438717226244));
#4184=CARTESIAN_POINT('',(-46.42,-16.9564147153813,255.940602849751));
#4185=CARTESIAN_POINT('Ctrl Pts',(-46.42,-16.9564147153813,255.940602849751));
#4186=CARTESIAN_POINT('Ctrl Pts',(-46.42,-16.6279915668234,255.901086601766));
#4187=CARTESIAN_POINT('Ctrl Pts',(-46.4200000041503,-16.2985256977539,255.867552378681));
#4188=CARTESIAN_POINT('Ctrl Pts',(-46.4200000041503,-14.7825373342588,255.737496328915));
#4189=CARTESIAN_POINT('Ctrl Pts',(-46.4200000000493,-13.5716249929532,255.702192714996));
#4190=CARTESIAN_POINT('Ctrl Pts',(-46.4200000000493,-11.4352301918166,255.716456971394));
#4191=CARTESIAN_POINT('Ctrl Pts',(-46.4200000000077,-10.4847574697128,255.750080348051));
#4192=CARTESIAN_POINT('Ctrl Pts',(-46.4200000000077,-9.20919720650462,255.82101934715));
#4193=CARTESIAN_POINT('Ctrl Pts',(-46.4200000000244,-8.87676709902244,255.841895515878));
#4194=CARTESIAN_POINT('Ctrl Pts',(-46.4200000000244,-7.90999635375436,255.908704252162));
#4195=CARTESIAN_POINT('Ctrl Pts',(-46.4200000000002,-7.27454681676495,255.960276414902));
#4196=CARTESIAN_POINT('Ctrl Pts',(-46.4200000000002,-5.72395422568338,256.100299855956));
#4197=CARTESIAN_POINT('Ctrl Pts',(-46.4200000000071,-4.80518159033733,256.195441487266));
#4198=CARTESIAN_POINT('Ctrl Pts',(-46.4200000000071,-1.84686300774847,256.524782093898));
#4199=CARTESIAN_POINT('Ctrl Pts',(-46.42,-0.347407301013286,256.727327983039));
#4200=CARTESIAN_POINT('Ctrl Pts',(-46.42,-0.0417692843999255,256.746957772144));
#4201=CARTESIAN_POINT('Ctrl Pts',(-46.42,-0.0175388446206683,256.747002002936));
#4202=CARTESIAN_POINT('Ctrl Pts',(-46.42,0.00564740408858699,256.74425222971));
#4203=CARTESIAN_POINT('Ctrl Pts',(-46.4200000000001,0.00596760664174017,
256.744213687099));
#4204=CARTESIAN_POINT('Ctrl Pts',(-46.4200000000001,0.00644979548421286,
256.744154789413));
#4205=CARTESIAN_POINT('Ctrl Pts',(-46.42,0.00661184751536899,256.744134849539));
#4206=CARTESIAN_POINT('Ctrl Pts',(-46.42,0.00694070345717948,256.744094088903));
#4207=CARTESIAN_POINT('Ctrl Pts',(-46.42,0.00710749339105027,256.744073261163));
#4208=CARTESIAN_POINT('Ctrl Pts',(-46.42,0.00735373567003414,256.744042283489));
#4209=CARTESIAN_POINT('Ctrl Pts',(-46.42,0.00743322106283771,256.744032248969));
#4210=CARTESIAN_POINT('Ctrl Pts',(-46.42,0.00757318173954324,256.744014517911));
#4211=CARTESIAN_POINT('Ctrl Pts',(-46.42,0.00763363899919814,256.744006838468));
#4212=CARTESIAN_POINT('Ctrl Pts',(-46.42,0.00775876938100221,256.743990901987));
#4213=CARTESIAN_POINT('Ctrl Pts',(-46.42,0.00782344195096097,256.743982642075));
#4214=CARTESIAN_POINT('Ctrl Pts',(-46.42,0.00798855438103797,256.743961494623));
#4215=CARTESIAN_POINT('Ctrl Pts',(-46.42,0.0080889776736218,256.743948576344));
#4216=CARTESIAN_POINT('Ctrl Pts',(-46.42,0.00849463414373213,256.743896166524));
#4217=CARTESIAN_POINT('Ctrl Pts',(-46.42,0.00879979405406727,256.743856221706));
#4218=CARTESIAN_POINT('Ctrl Pts',(-46.42,0.0550410989361079,256.737724708705));
#4219=CARTESIAN_POINT('Ctrl Pts',(-46.42,0.111053534329531,256.718536652234));
#4220=CARTESIAN_POINT('Ctrl Pts',(-46.42,0.400367661249042,256.606195841197));
#4221=CARTESIAN_POINT('Ctrl Pts',(-46.4200000000002,0.505326021637849,256.565041060229));
#4222=CARTESIAN_POINT('Ctrl Pts',(-46.4200000000002,0.723133238080586,256.479546482912));
#4223=CARTESIAN_POINT('Ctrl Pts',(-46.42,0.873916015570106,256.420200252448));
#4224=CARTESIAN_POINT('Ctrl Pts',(-46.42,1.44487602644852,256.195753365248));
#4225=CARTESIAN_POINT('Ctrl Pts',(-46.42,1.74712076975783,256.077168727714));
#4226=CARTESIAN_POINT('Ctrl Pts',(-46.42,2.75401722985418,255.684014870116));
#4227=CARTESIAN_POINT('Ctrl Pts',(-46.4199999999994,3.41925057044791,255.426765763387));
#4228=CARTESIAN_POINT('Ctrl Pts',(-46.4199999999994,5.38915441301078,254.679028744625));
#4229=CARTESIAN_POINT('Ctrl Pts',(-46.4199999995793,6.70974874955447,254.195751584473));
#4230=CARTESIAN_POINT('Ctrl Pts',(-46.4199999995793,8.58210229772629,253.561680378947));
#4231=CARTESIAN_POINT('Ctrl Pts',(-46.4199999999999,9.13872296510391,253.379523333004));
#4232=CARTESIAN_POINT('Ctrl Pts',(-46.4199999999999,10.2325208971364,253.037149991533));
#4233=CARTESIAN_POINT('Ctrl Pts',(-46.4199999999999,10.7721122583096,252.875578015938));
#4234=CARTESIAN_POINT('Ctrl Pts',(-46.4199999999999,12.0488663181141,252.514520842265));
#4235=CARTESIAN_POINT('Ctrl Pts',(-46.419999999998,12.7938067429853,252.32050463992));
#4236=CARTESIAN_POINT('Ctrl Pts',(-46.419999999998,14.6555119977568,251.890586129839));
#4237=CARTESIAN_POINT('Ctrl Pts',(-46.42,15.812420322152,251.672755488326));
#4238=CARTESIAN_POINT('Ctrl Pts',(-46.42,16.9564147153813,251.537046212675));
#4239=CARTESIAN_POINT('',(-46.42,16.9564147153813,291.038930567243));
#4240=CARTESIAN_POINT('Ctrl Pts',(-46.42,16.9564147153813,291.038930567243));
#4241=CARTESIAN_POINT('Ctrl Pts',(-45.971813465564,18.1833733194103,290.872747533062));
#4242=CARTESIAN_POINT('Ctrl Pts',(-45.474933248583,19.3926932708674,290.706560367405));
#4243=CARTESIAN_POINT('Ctrl Pts',(-42.1778619713064,26.5903682791634,289.699509772186));
#4244=CARTESIAN_POINT('Ctrl Pts',(-38.2476741928641,31.9864800561642,288.867050515813));
#4245=CARTESIAN_POINT('Ctrl Pts',(-31.1621327226484,38.4739285816068,287.644809284516));
#4246=CARTESIAN_POINT('Ctrl Pts',(-28.7716980976013,40.292817552935,287.264309801003));
#4247=CARTESIAN_POINT('Ctrl Pts',(-23.248177940309,43.7521158907727,286.435313788539));
#4248=CARTESIAN_POINT('Ctrl Pts',(-20.0740453890308,45.2963358685876,285.988782366822));
#4249=CARTESIAN_POINT('Ctrl Pts',(-11.3119559877949,48.4556705199067,284.803782647016));
#4250=CARTESIAN_POINT('Ctrl Pts',(-5.5575511601639,49.4472053661116,284.07234369586));
#4251=CARTESIAN_POINT('Ctrl Pts',(3.45559593758313,49.4040047803336,282.925795936052));
#4252=CARTESIAN_POINT('Ctrl Pts',(6.66512603559295,49.0741569987726,282.517237500332));
#4253=CARTESIAN_POINT('Ctrl Pts',(12.7942845771811,47.8315222351234,281.721609294314));
#4254=CARTESIAN_POINT('Ctrl Pts',(15.7070013990903,46.9557067356325,281.336267510284));
#4255=CARTESIAN_POINT('Ctrl Pts',(24.6972926928638,43.3216008146101,280.102803457587));
#4256=CARTESIAN_POINT('Ctrl Pts',(30.3055423757882,39.6016569347714,279.263800127513));
#4257=CARTESIAN_POINT('Ctrl Pts',(36.0304929574154,33.856158366629,278.231918028016));
#4258=CARTESIAN_POINT('Ctrl Pts',(37.0075912502691,32.7852723416605,278.04768275876));
#4259=CARTESIAN_POINT('Ctrl Pts',(42.1722218776597,26.5993556241506,277.022626108852));
#4260=CARTESIAN_POINT('Ctrl Pts',(45.3476493805352,20.7270951774771,276.190138141518));
#4261=CARTESIAN_POINT('Ctrl Pts',(47.693990521315,13.0266869288585,275.165980294866));
#4262=CARTESIAN_POINT('Ctrl Pts',(48.0534003044817,11.6310805059037,274.982818378245));
#4263=CARTESIAN_POINT('Ctrl Pts',(49.7186977647901,3.75384037462584,273.958643522718));
#4264=CARTESIAN_POINT('Ctrl Pts',(49.7744413056181,-2.92318174715341,273.126037463393));
#4265=CARTESIAN_POINT('Ctrl Pts',(47.9496514302088,-12.3282516677673,271.907139954513));
#4266=CARTESIAN_POINT('Ctrl Pts',(47.1224234345847,-15.1865775150058,271.53015718372));
#4267=CARTESIAN_POINT('Ctrl Pts',(44.7413734628809,-21.2930987541771,270.696465556914));
#4268=CARTESIAN_POINT('Ctrl Pts',(43.0795969417515,-24.4813150879743,270.241773679903));
#4269=CARTESIAN_POINT('Ctrl Pts',(37.9546196111342,-32.149227113882,269.068374146587));
#4270=CARTESIAN_POINT('Ctrl Pts',(34.0423596371291,-36.2662913001018,268.356344813607));
#4271=CARTESIAN_POINT('Ctrl Pts',(26.848383478447,-41.6245425903652,267.215312243634));
#4272=CARTESIAN_POINT('Ctrl Pts',(23.9817633402613,-43.3395111384437,266.792441338009));
#4273=CARTESIAN_POINT('Ctrl Pts',(15.2428983422614,-47.4332250565893,265.564783219847));
#4274=CARTESIAN_POINT('Ctrl Pts',(9.06003805208087,-48.9915550899565,264.768413677936));
#4275=CARTESIAN_POINT('Ctrl Pts',(1.17730606265009,-49.4311278908073,263.764011844027));
#4276=CARTESIAN_POINT('Ctrl Pts',(-0.400270159739967,-49.4435257225604,
263.563515006539));
#4277=CARTESIAN_POINT('Ctrl Pts',(-7.79899085339257,-49.1475001896844,262.621471151234));
#4278=CARTESIAN_POINT('Ctrl Pts',(-13.53540058301,-47.8862620430716,261.885880071255));
#4279=CARTESIAN_POINT('Ctrl Pts',(-21.8696058528314,-44.4325938795414,260.738278845269));
#4280=CARTESIAN_POINT('Ctrl Pts',(-24.6944139278619,-42.926925577094,260.332910563475));
#4281=CARTESIAN_POINT('Ctrl Pts',(-29.8588668777061,-39.4946722222159,259.544005526414));
#4282=CARTESIAN_POINT('Ctrl Pts',(-32.2064332440678,-37.6048770142161,259.162165843318));
#4283=CARTESIAN_POINT('Ctrl Pts',(-39.1534898697538,-30.8819684394905,257.932467300338));
#4284=CARTESIAN_POINT('Ctrl Pts',(-42.9541341020525,-25.3304929878901,257.093697032047));
#4285=CARTESIAN_POINT('Ctrl Pts',(-45.8519107898993,-18.4548341350549,256.144446743031));
#4286=CARTESIAN_POINT('Ctrl Pts',(-46.1451018818197,-17.7089777341635,256.042523765969));
#4287=CARTESIAN_POINT('Ctrl Pts',(-46.42,-16.9564147153813,255.940602849751));
#4288=CARTESIAN_POINT('',(-46.42,-16.9564147153813,295.442706146125));
#4289=CARTESIAN_POINT('Ctrl Pts',(-46.42,-16.9564147153813,295.442706146125));
#4290=CARTESIAN_POINT('Ctrl Pts',(-46.42,-16.6194816399436,295.402276472964));
#4291=CARTESIAN_POINT('Ctrl Pts',(-46.4200000096825,-16.2814380254274,295.368207445886));
#4292=CARTESIAN_POINT('Ctrl Pts',(-46.4200000096825,-14.8186685056933,295.244934516685));
#4293=CARTESIAN_POINT('Ctrl Pts',(-46.4200000000264,-13.6742983747822,295.21046096525));
#4294=CARTESIAN_POINT('Ctrl Pts',(-46.4200000000264,-11.3572271673699,295.220638687249));
#4295=CARTESIAN_POINT('Ctrl Pts',(-46.4200000000014,-10.1577566449101,295.269461654366));
#4296=CARTESIAN_POINT('Ctrl Pts',(-46.4200000000014,-8.32083009363568,295.385302757116));
#4297=CARTESIAN_POINT('Ctrl Pts',(-46.42,-7.66963576481658,295.434445995081));
#4298=CARTESIAN_POINT('Ctrl Pts',(-46.42,-5.96521921625236,295.578267193055));
#4299=CARTESIAN_POINT('Ctrl Pts',(-46.42,-5.03791247790423,295.669920873642));
#4300=CARTESIAN_POINT('Ctrl Pts',(-46.42,-1.83452292967806,296.000459451009));
#4301=CARTESIAN_POINT('Ctrl Pts',(-46.4200000000064,-0.920303013345107,
296.107400921799));
#4302=CARTESIAN_POINT('Ctrl Pts',(-46.4200000000064,-0.192965181997228,
296.062368015963));
#4303=CARTESIAN_POINT('Ctrl Pts',(-46.42,-0.122183602670286,296.056034745372));
#4304=CARTESIAN_POINT('Ctrl Pts',(-46.42,-0.0457875747882394,296.046831770268));
#4305=CARTESIAN_POINT('Ctrl Pts',(-46.42,-0.0406444448059014,296.046200781111));
#4306=CARTESIAN_POINT('Ctrl Pts',(-46.42,-0.0340079379660794,296.0453718082));
#4307=CARTESIAN_POINT('Ctrl Pts',(-46.42,-0.0325136020207508,296.045184182447));
#4308=CARTESIAN_POINT('Ctrl Pts',(-46.42,-0.0301508034232981,296.044885985367));
#4309=CARTESIAN_POINT('Ctrl Pts',(-46.42,-0.0292822713073681,296.044776045506));
#4310=CARTESIAN_POINT('Ctrl Pts',(-46.42,-0.0276501361244908,296.044568833765));
#4311=CARTESIAN_POINT('Ctrl Pts',(-46.42,-0.0268865264031385,296.044471635177));
#4312=CARTESIAN_POINT('Ctrl Pts',(-46.42,-0.0251739672090493,296.044253079785));
#4313=CARTESIAN_POINT('Ctrl Pts',(-46.42,-0.0242250380569135,296.044131587986));
#4314=CARTESIAN_POINT('Ctrl Pts',(-46.42,-0.0214540395910125,296.043775676244));
#4315=CARTESIAN_POINT('Ctrl Pts',(-46.42,-0.0196321185818678,296.043540226508));
#4316=CARTESIAN_POINT('Ctrl Pts',(-46.42,-0.00655295818045579,296.041839654397));
#4317=CARTESIAN_POINT('Ctrl Pts',(-46.42,0.00469406065425427,296.040322344397));
#4318=CARTESIAN_POINT('Ctrl Pts',(-46.42,0.0398248015232702,296.035411690739));
#4319=CARTESIAN_POINT('Ctrl Pts',(-46.42,0.0636480419149745,296.031834123712));
#4320=CARTESIAN_POINT('Ctrl Pts',(-46.42,0.21204790803944,296.008037969302));
#4321=CARTESIAN_POINT('Ctrl Pts',(-46.42,0.3338149799471,295.981823812075));
#4322=CARTESIAN_POINT('Ctrl Pts',(-46.42,0.77875374701998,295.869639968382));
#4323=CARTESIAN_POINT('Ctrl Pts',(-46.4199986315872,1.17628626054574,295.737587144011));
#4324=CARTESIAN_POINT('Ctrl Pts',(-46.4199986315872,2.11511591566396,295.399261864237));
#4325=CARTESIAN_POINT('Ctrl Pts',(-46.420000000041,2.63171957582522,295.20706784241));
#4326=CARTESIAN_POINT('Ctrl Pts',(-46.420000000041,3.50295509407382,294.882442383384));
#4327=CARTESIAN_POINT('Ctrl Pts',(-46.4200000000347,4.35556393233425,294.563437838209));
#4328=CARTESIAN_POINT('Ctrl Pts',(-46.4200000000347,6.54043796878955,293.763927516475));
#4329=CARTESIAN_POINT('Ctrl Pts',(-46.4199999999986,7.93973139198821,293.271864208029));
#4330=CARTESIAN_POINT('Ctrl Pts',(-46.4199999999986,9.91386689489833,292.643057819019));
#4331=CARTESIAN_POINT('Ctrl Pts',(-46.4199999999999,10.474085525487,292.471862271497));
#4332=CARTESIAN_POINT('Ctrl Pts',(-46.4199999999999,11.8642551543159,292.069807272997));
#4333=CARTESIAN_POINT('Ctrl Pts',(-46.4199999999952,12.7061975356058,291.846326577751));
#4334=CARTESIAN_POINT('Ctrl Pts',(-46.4199999999952,14.6619410618841,291.392735033811));
#4335=CARTESIAN_POINT('Ctrl Pts',(-46.42,15.8151608823074,291.174634415912));
#4336=CARTESIAN_POINT('Ctrl Pts',(-46.42,16.9564147153813,291.038930567243));
#4337=CARTESIAN_POINT('',(-46.42,16.9564147153813,330.541046268719));
#4338=CARTESIAN_POINT('Ctrl Pts',(-46.42,16.9564147153813,330.541046268719));
#4339=CARTESIAN_POINT('Ctrl Pts',(-46.0176848816579,18.057795408583,330.391876981436));
#4340=CARTESIAN_POINT('Ctrl Pts',(-45.5760490665636,19.1451948184043,330.242651581713));
#4341=CARTESIAN_POINT('Ctrl Pts',(-42.8261042242289,25.2793409330386,329.387381607576));
#4342=CARTESIAN_POINT('Ctrl Pts',(-39.7199404226512,29.9240176216769,328.686491943025));
#4343=CARTESIAN_POINT('Ctrl Pts',(-33.528772308634,36.4711800549815,327.540319983458));
#4344=CARTESIAN_POINT('Ctrl Pts',(-30.8919198809895,38.730024014578,327.101002627294));
#4345=CARTESIAN_POINT('Ctrl Pts',(-23.1611807500321,44.0569041101813,325.90659785014));
#4346=CARTESIAN_POINT('Ctrl Pts',(-17.7164447251156,46.5142858944019,325.158861437658));
#4347=CARTESIAN_POINT('Ctrl Pts',(-8.90241779420488,48.7140656697396,324.003239429236));
#4348=CARTESIAN_POINT('Ctrl Pts',(-5.77152997374927,49.1833573496611,323.602288666829));
#4349=CARTESIAN_POINT('Ctrl Pts',(0.394947052161741,49.5104020281812,322.816658070139));
#4350=CARTESIAN_POINT('Ctrl Pts',(3.41556597754221,49.3940265541036,322.433678033351));
#4351=CARTESIAN_POINT('Ctrl Pts',(12.9948270037619,48.1416322846579,321.204832011997));
#4352=CARTESIAN_POINT('Ctrl Pts',(19.342129532578,45.9604622135309,320.36798376898));
#4353=CARTESIAN_POINT('Ctrl Pts',(30.8041931358747,39.214017881389,318.675928834347));
#4354=CARTESIAN_POINT('Ctrl Pts',(35.7995269621559,34.7135622414944,317.837842557248));
#4355=CARTESIAN_POINT('Ctrl Pts',(41.5277168468678,26.9574185318295,316.611195176406));
#4356=CARTESIAN_POINT('Ctrl Pts',(43.0803906481218,24.399460205715,316.232021167932));
#4357=CARTESIAN_POINT('Ctrl Pts',(47.2962616724981,15.7816398850259,315.011670367785));
#4358=CARTESIAN_POINT('Ctrl Pts',(48.9802425250244,9.32374009599852,314.179422046256));
#4359=CARTESIAN_POINT('Ctrl Pts',(49.5111023594643,-0.284788863214689,312.95510764592));
#4360=CARTESIAN_POINT('Ctrl Pts',(49.4015093610063,-3.30473833858001,312.5723264434));
#4361=CARTESIAN_POINT('Ctrl Pts',(48.5723294421593,-9.76050383094831,311.744418569006));
#4362=CARTESIAN_POINT('Ctrl Pts',(47.7612287515099,-13.1682790181827,311.301243932892));
#4363=CARTESIAN_POINT('Ctrl Pts',(44.6484998537596,-21.9792585850843,310.112382370265));
#4364=CARTESIAN_POINT('Ctrl Pts',(41.7348481344296,-27.1068059667355,309.373863653442));
#4365=CARTESIAN_POINT('Ctrl Pts',(35.9487288312861,-34.0622953264334,308.222944684482));
#4366=CARTESIAN_POINT('Ctrl Pts',(33.6712514956367,-36.3152564328361,307.817260280342));
#4367=CARTESIAN_POINT('Ctrl Pts',(28.8503776660877,-40.2381415067103,307.026531583751));
#4368=CARTESIAN_POINT('Ctrl Pts',(26.3387780190086,-41.9251851418274,306.643197987323));
#4369=CARTESIAN_POINT('Ctrl Pts',(17.8492220191339,-46.5619757262804,305.412755628407));
#4370=CARTESIAN_POINT('Ctrl Pts',(11.4250056164753,-48.5394821329615,304.57471830165));
#4371=CARTESIAN_POINT('Ctrl Pts',(3.3523136922735,-49.3276949178786,303.542809848384));
#4372=CARTESIAN_POINT('Ctrl Pts',(1.89657145444018,-49.405085976955,303.357543549889));
#4373=CARTESIAN_POINT('Ctrl Pts',(-6.16827218974443,-49.4768175681409,302.331639296213));
#4374=CARTESIAN_POINT('Ctrl Pts',(-12.7212416748782,-48.2096756860614,301.499319871706));
#4375=CARTESIAN_POINT('Ctrl Pts',(-20.1690901350152,-45.1402199822929,300.474451341864));
#4376=CARTESIAN_POINT('Ctrl Pts',(-21.48251502316,-44.5301382859643,300.290395419675));
#4377=CARTESIAN_POINT('Ctrl Pts',(-28.6337309548502,-40.8182957955567,299.265486851287));
#4378=CARTESIAN_POINT('Ctrl Pts',(-33.8301378124102,-36.627112442619,298.433024828233));
#4379=CARTESIAN_POINT('Ctrl Pts',(-39.9516117351214,-29.2421096832463,297.212633554159));
#4380=CARTESIAN_POINT('Ctrl Pts',(-41.6432388267065,-26.7782184656457,296.834011094775));
#4381=CARTESIAN_POINT('Ctrl Pts',(-44.4009784907979,-21.8617437376202,296.116986419909));
#4382=CARTESIAN_POINT('Ctrl Pts',(-45.5102302783892,-19.447006694054,295.78005132017));
#4383=CARTESIAN_POINT('Ctrl Pts',(-46.42,-16.9564147153813,295.442706146125));
#4384=CARTESIAN_POINT('Ctrl Pts',(-46.42,7.13175172395272,333.060892874778));
#4385=CARTESIAN_POINT('Ctrl Pts',(-46.42,7.84906175805121,332.80993350461));
#4386=CARTESIAN_POINT('Ctrl Pts',(-46.4200000000188,8.58151100236371,332.563180051668));
#4387=CARTESIAN_POINT('Ctrl Pts',(-46.4200000000188,9.86131895379232,332.154738737716));
#4388=CARTESIAN_POINT('Ctrl Pts',(-46.4199999999998,10.4168292419607,331.98483319629));
#4389=CARTESIAN_POINT('Ctrl Pts',(-46.4199999999998,11.6418893511184,331.63026663471));
#4390=CARTESIAN_POINT('Ctrl Pts',(-46.4199999999993,12.317077388415,331.448014188263));
#4391=CARTESIAN_POINT('Ctrl Pts',(-46.4199999999993,14.0989067037543,331.011761520555));
#4392=CARTESIAN_POINT('Ctrl Pts',(-46.4199999999207,15.2368456204105,330.778490201652));
#4393=CARTESIAN_POINT('Ctrl Pts',(-46.4199999999207,16.5607035924527,330.590448903143));
#4394=CARTESIAN_POINT('Ctrl Pts',(-46.42,16.7584348047129,330.564555888276));
#4395=CARTESIAN_POINT('Ctrl Pts',(-46.42,16.9564147153813,330.541046268719));
#4396=CARTESIAN_POINT('Ctrl Pts',(-46.42,1.71251524925331,296.522386670979));
#4397=CARTESIAN_POINT('Ctrl Pts',(-46.42,1.64703107363346,296.516538894534));
#4398=CARTESIAN_POINT('Ctrl Pts',(-46.4199999999225,1.58362148899846,296.51104008925));
#4399=CARTESIAN_POINT('Ctrl Pts',(-46.4199999999225,0.877869106626678,296.451991391943));
#4400=CARTESIAN_POINT('Ctrl Pts',(-46.4199999999994,0.489456659354609,296.440517403123));
#4401=CARTESIAN_POINT('Ctrl Pts',(-46.4199999999994,0.114155572623732,296.475300247441));
#4402=CARTESIAN_POINT('Ctrl Pts',(-46.42,0.0783984382284821,296.479150262958));
#4403=CARTESIAN_POINT('Ctrl Pts',(-46.42,0.0398799620232256,296.483894464522));
#4404=CARTESIAN_POINT('Ctrl Pts',(-46.42,0.0371559415886632,296.484233183569));
#4405=CARTESIAN_POINT('Ctrl Pts',(-46.42,0.0332937676700912,296.484717980494));
#4406=CARTESIAN_POINT('Ctrl Pts',(-46.42,0.0321553381137252,296.484861442342));
#4407=CARTESIAN_POINT('Ctrl Pts',(-46.42,0.0302208017821455,296.485106181261));
#4408=CARTESIAN_POINT('Ctrl Pts',(-46.42,0.0294246623474569,296.485207175728));
#4409=CARTESIAN_POINT('Ctrl Pts',(-46.42,0.0278367957563435,296.485409152617));
#4410=CARTESIAN_POINT('Ctrl Pts',(-46.42,0.027045070598479,296.485510131794));
#4411=CARTESIAN_POINT('Ctrl Pts',(-46.42,0.0251229353685676,296.485755946562));
#4412=CARTESIAN_POINT('Ctrl Pts',(-46.42,0.0239925635740972,296.485901059442));
#4413=CARTESIAN_POINT('Ctrl Pts',(-46.42,0.0200658832541684,296.48640707584));
#4414=CARTESIAN_POINT('Ctrl Pts',(-46.42,0.0172699888210298,296.486770762072));
#4415=CARTESIAN_POINT('Ctrl Pts',(-46.42,-0.330259854911061,296.532398336425));
#4416=CARTESIAN_POINT('Ctrl Pts',(-46.42,-0.691907943712851,296.631784723489));
#4417=CARTESIAN_POINT('Ctrl Pts',(-46.42,-1.36087925075146,296.861062712808));
#4418=CARTESIAN_POINT('Ctrl Pts',(-46.42,-1.47322120549542,296.900444117295));
#4419=CARTESIAN_POINT('Ctrl Pts',(-46.42,-1.59241252173659,296.942914386202));
#4420=CARTESIAN_POINT('Ctrl Pts',(-46.42,11.1546368148773,257.792919550584));
#4421=CARTESIAN_POINT('Ctrl Pts',(-46.42,10.7159813924009,257.779734090219));
#4422=CARTESIAN_POINT('Ctrl Pts',(-46.4200000000025,10.2774124832318,257.761463227055));
#4423=CARTESIAN_POINT('Ctrl Pts',(-46.4200000000025,9.07563655290743,257.699596945439));
#4424=CARTESIAN_POINT('Ctrl Pts',(-46.4200000000014,8.30927723113621,257.646972058995));
#4425=CARTESIAN_POINT('Ctrl Pts',(-46.4200000000014,6.09718082211376,257.467087272659));
#4426=CARTESIAN_POINT('Ctrl Pts',(-46.42,4.64020103274555,257.313641666006));
#4427=CARTESIAN_POINT('Ctrl Pts',(-46.42,1.91792414694991,256.999191219323));
#4428=CARTESIAN_POINT('Ctrl Pts',(-46.4199999996717,0.72547303960448,256.849824821631));
#4429=CARTESIAN_POINT('Ctrl Pts',(-46.4199999996717,0.310864994684098,256.800888117595));
#4430=CARTESIAN_POINT('Ctrl Pts',(-46.4199999999991,0.208384284228816,256.788857054759));
#4431=CARTESIAN_POINT('Ctrl Pts',(-46.4199999999991,0.130936101217651,256.781417385521));
#4432=CARTESIAN_POINT('Ctrl Pts',(-46.42,0.109756445381092,256.779553081526));
#4433=CARTESIAN_POINT('Ctrl Pts',(-46.42,0.0608238891497552,256.776595136965));
#4434=CARTESIAN_POINT('Ctrl Pts',(-46.42,0.0391447309048172,256.776645011124));
#4435=CARTESIAN_POINT('Ctrl Pts',(-46.42,0.017132268238979,256.778883549164));
#4436=CARTESIAN_POINT('Ctrl Pts',(-46.42,0.0151540174629508,256.779106091014));
#4437=CARTESIAN_POINT('Ctrl Pts',(-46.42,0.0130435258732969,256.779366712748));
#4438=CARTESIAN_POINT('Ctrl Pts',(-46.42,0.0129115070474219,256.779383112435));
#4439=CARTESIAN_POINT('Ctrl Pts',(-46.42,0.0126659416688382,256.779413797376));
#4440=CARTESIAN_POINT('Ctrl Pts',(-46.42,0.0125523934256889,256.77942805765));
#4441=CARTESIAN_POINT('Ctrl Pts',(-46.42,0.0123710320913455,256.779450948978));
#4442=CARTESIAN_POINT('Ctrl Pts',(-46.42,0.0123031985423054,256.779459536482));
#4443=CARTESIAN_POINT('Ctrl Pts',(-46.42,0.0121756236703238,256.779475735214));
#4444=CARTESIAN_POINT('Ctrl Pts',(-46.42,0.0121158818243824,256.779483340771));
#4445=CARTESIAN_POINT('Ctrl Pts',(-46.42,0.0119824656936304,256.779500369909));
#4446=CARTESIAN_POINT('Ctrl Pts',(-46.42,0.0119087675322781,256.779509806919));
#4447=CARTESIAN_POINT('Ctrl Pts',(-46.42,0.0116939884619686,256.779537397432));
#4448=CARTESIAN_POINT('Ctrl Pts',(-46.42,0.0115529344517353,256.779555628037));
#4449=CARTESIAN_POINT('Ctrl Pts',(-46.42,0.0105544546756873,256.779685461552));
#4450=CARTESIAN_POINT('Ctrl Pts',(-46.42,0.00969777528444852,256.779800952237));
#4451=CARTESIAN_POINT('Ctrl Pts',(-46.42,-0.00887294363645762,256.782393096379));
#4452=CARTESIAN_POINT('Ctrl Pts',(-46.42,-0.0266442759392607,256.786598991956));
#4453=CARTESIAN_POINT('Ctrl Pts',(-46.42,-0.0850368484915329,256.804220479753));
#4454=CARTESIAN_POINT('Ctrl Pts',(-46.42,-0.138439059340097,256.823720034337));
#4455=CARTESIAN_POINT('Ctrl Pts',(-46.42,-0.672911277994355,257.02923717553));
#4456=CARTESIAN_POINT('Ctrl Pts',(-46.42,-2.19044785372844,257.633679367805));
#4457=CARTESIAN_POINT('Ctrl Pts',(-46.42,-4.87293123048495,258.655045729599));
#4458=CARTESIAN_POINT('Ctrl Pts',(-46.4199999999489,-5.92791554779481,259.045889571127));
#4459=CARTESIAN_POINT('Ctrl Pts',(-46.4199999999489,-8.0662263624477,259.797841138846));
#4460=CARTESIAN_POINT('Ctrl Pts',(-46.4199999999266,-9.16585418391548,260.163627062175));
#4461=CARTESIAN_POINT('Ctrl Pts',(-46.4199999999266,-10.3538327463112,260.5233327636));
#4462=CARTESIAN_POINT('Ctrl Pts',(-46.42,-10.4427870593927,260.550053840012));
#4463=CARTESIAN_POINT('Ctrl Pts',(-46.42,-10.5320523735191,260.576644418158));
#4464=CARTESIAN_POINT('',(-46.42,-16.9564147153813,222.487073983288));
#4465=CARTESIAN_POINT('Ctrl Pts',(-46.42,-16.9564147153813,222.487073983288));
#4466=CARTESIAN_POINT('Ctrl Pts',(-46.1778251049276,-17.6193944087868,222.576866157196));
#4467=CARTESIAN_POINT('Ctrl Pts',(-45.9214455449948,-18.2771898892627,222.666654929842));
#4468=CARTESIAN_POINT('Ctrl Pts',(-43.119211037917,-25.0352097687503,223.597285590952));
#4469=CARTESIAN_POINT('Ctrl Pts',(-39.387942194122,-30.5715206000544,224.429778085065));
#4470=CARTESIAN_POINT('Ctrl Pts',(-32.5558955422401,-37.3004957522948,225.649809271697));
#4471=CARTESIAN_POINT('Ctrl Pts',(-30.2484529299633,-39.1949547685453,226.0280342253));
#4472=CARTESIAN_POINT('Ctrl Pts',(-24.8316341243282,-42.8774466815011,226.86117899555));
#4473=CARTESIAN_POINT('Ctrl Pts',(-21.6699102266304,-44.5589540446711,227.314089372696));
#4474=CARTESIAN_POINT('Ctrl Pts',(-15.8489761961317,-46.8874168778812,228.111719850984));
#4475=CARTESIAN_POINT('Ctrl Pts',(-13.2699563607392,-47.6809734381662,228.453877432558));
#4476=CARTESIAN_POINT('Ctrl Pts',(-10.6440939667575,-48.2601249856114,228.795959527796));
#4477=CARTESIAN_POINT('',(-46.42,16.9564147153813,218.083307724532));
#4478=CARTESIAN_POINT('Ctrl Pts',(-46.42,16.9564147153813,218.083307724532));
#4479=CARTESIAN_POINT('Ctrl Pts',(-46.42,16.6192291180834,218.12372687154));
#4480=CARTESIAN_POINT('Ctrl Pts',(-46.420000010221,16.2809331784394,218.157780120675));
#4481=CARTESIAN_POINT('Ctrl Pts',(-46.420000010221,14.8166128842433,218.281024927324));
#4482=CARTESIAN_POINT('Ctrl Pts',(-46.4200000000009,13.6696090595615,218.315438863883));
#4483=CARTESIAN_POINT('Ctrl Pts',(-46.4200000000009,11.3514553284811,218.305590820158));
#4484=CARTESIAN_POINT('Ctrl Pts',(-46.4200000000052,10.1512876306186,218.256990192649));
#4485=CARTESIAN_POINT('Ctrl Pts',(-46.4200000000052,8.31353399484628,218.141499323457));
#4486=CARTESIAN_POINT('Ctrl Pts',(-46.42,7.66165767529881,218.092439507845));
#4487=CARTESIAN_POINT('Ctrl Pts',(-46.42,5.95611430691426,217.948822250518));
#4488=CARTESIAN_POINT('Ctrl Pts',(-46.42,5.0225113508535,217.856665179642));
#4489=CARTESIAN_POINT('Ctrl Pts',(-46.42,2.07524681276659,217.552598338466));
#4490=CARTESIAN_POINT('Ctrl Pts',(-46.42,1.11134565113008,217.442998215378));
#4491=CARTESIAN_POINT('Ctrl Pts',(-46.42,0.331412509714212,217.453004771544));
#4492=CARTESIAN_POINT('Ctrl Pts',(-46.42,0.198008657505992,217.460121299945));
#4493=CARTESIAN_POINT('Ctrl Pts',(-46.42,0.0543451728927499,217.476440734606));
#4494=CARTESIAN_POINT('Ctrl Pts',(-46.42,0.0463656297227629,217.477374755576));
#4495=CARTESIAN_POINT('Ctrl Pts',(-46.42,0.033329298377753,217.478945946245));
#4496=CARTESIAN_POINT('Ctrl Pts',(-46.42,0.0282720616830803,217.479566606057));
#4497=CARTESIAN_POINT('Ctrl Pts',(-46.42,0.0217386809444752,217.480382844222));
#4498=CARTESIAN_POINT('Ctrl Pts',(-46.42,0.020261600124051,217.480568333562));
#4499=CARTESIAN_POINT('Ctrl Pts',(-46.42,0.017924313576778,217.480863353636));
#4500=CARTESIAN_POINT('Ctrl Pts',(-46.42,0.0170640387477349,217.480972263628));
#4501=CARTESIAN_POINT('Ctrl Pts',(-46.42,0.0154463499460983,217.48117766944));
#4502=CARTESIAN_POINT('Ctrl Pts',(-46.42,0.0146889294776024,217.481274093445));
#4503=CARTESIAN_POINT('Ctrl Pts',(-46.42,0.0129971587411814,217.481490025529));
#4504=CARTESIAN_POINT('Ctrl Pts',(-46.42,0.0120628280793847,217.481609661947));
#4505=CARTESIAN_POINT('Ctrl Pts',(-46.42,0.00932669206584134,217.481961127936));
#4506=CARTESIAN_POINT('Ctrl Pts',(-46.42,0.00752503427223682,217.482193976122));
#4507=CARTESIAN_POINT('Ctrl Pts',(-46.42,-0.00531870944711206,217.483864032418));
#4508=CARTESIAN_POINT('Ctrl Pts',(-46.42,-0.0163509184670461,217.48535185675));
#4509=CARTESIAN_POINT('Ctrl Pts',(-46.42,-0.0506332873404777,217.490140543468));
#4510=CARTESIAN_POINT('Ctrl Pts',(-46.42,-0.0738262708603852,217.493616749835));
#4511=CARTESIAN_POINT('Ctrl Pts',(-46.42,-0.217369411653201,217.516566716581));
#4512=CARTESIAN_POINT('Ctrl Pts',(-46.42,-0.335033904862157,217.541673845456));
#4513=CARTESIAN_POINT('Ctrl Pts',(-46.42,-0.761320009082685,217.648207859732));
#4514=CARTESIAN_POINT('Ctrl Pts',(-46.42,-1.13812284526577,217.771705677163));
#4515=CARTESIAN_POINT('Ctrl Pts',(-46.42,-2.05802861731277,218.102415693538));
#4516=CARTESIAN_POINT('Ctrl Pts',(-46.4199999999823,-2.52593432640159,218.27634918644));
#4517=CARTESIAN_POINT('Ctrl Pts',(-46.4199999999823,-3.41762231427656,218.608647799859));
#4518=CARTESIAN_POINT('Ctrl Pts',(-46.4200000000024,-4.20053309459901,218.902167801836));
#4519=CARTESIAN_POINT('Ctrl Pts',(-46.4200000000024,-6.31240564208972,219.678193907518));
#4520=CARTESIAN_POINT('Ctrl Pts',(-46.4199999999999,-7.65156776007085,220.153018994113));
#4521=CARTESIAN_POINT('Ctrl Pts',(-46.4199999999999,-9.55800105763779,220.771016700693));
#4522=CARTESIAN_POINT('Ctrl Pts',(-46.4199999999999,-10.10561885698,220.941915491801));
#4523=CARTESIAN_POINT('Ctrl Pts',(-46.4199999999999,-11.4018657638779,221.326620724079));
#4524=CARTESIAN_POINT('Ctrl Pts',(-46.4199999999994,-12.1571993005974,221.535219147915));
#4525=CARTESIAN_POINT('Ctrl Pts',(-46.4199999999994,-14.1658609318042,222.033646747267));
#4526=CARTESIAN_POINT('Ctrl Pts',(-46.4199999997437,-15.4619128028942,222.297324938625));
#4527=CARTESIAN_POINT('Ctrl Pts',(-46.4199999997437,-16.8121378010507,222.469613919439));
#4528=CARTESIAN_POINT('Ctrl Pts',(-46.42,-16.8842514616847,222.478502971863));
#4529=CARTESIAN_POINT('Ctrl Pts',(-46.42,-16.9564147153814,222.487073983288));
#4530=CARTESIAN_POINT('',(-46.42,-16.9564147153813,182.984960491769));
#4531=CARTESIAN_POINT('Ctrl Pts',(-46.42,-16.9564147153813,182.984960491769));
#4532=CARTESIAN_POINT('Ctrl Pts',(-45.3050160286817,-20.0088026651549,183.398390040046));
#4533=CARTESIAN_POINT('Ctrl Pts',(-43.8889010330607,-22.9513870668096,183.811842609641));
#4534=CARTESIAN_POINT('Ctrl Pts',(-41.4363070703808,-26.9713146131449,184.410948249213));
#4535=CARTESIAN_POINT('Ctrl Pts',(-40.6310156146272,-28.169840898517,184.594462586608));
#4536=CARTESIAN_POINT('Ctrl Pts',(-35.8510335805803,-34.6516671814518,185.618930443684));
#4537=CARTESIAN_POINT('Ctrl Pts',(-30.8997644230568,-39.1310487060583,186.451499572107));
#4538=CARTESIAN_POINT('Ctrl Pts',(-22.653873690739,-44.0227471317894,187.671310431369));
#4539=CARTESIAN_POINT('Ctrl Pts',(-19.9612692144307,-45.3072627094642,188.049252030063));
#4540=CARTESIAN_POINT('Ctrl Pts',(-13.8265367287069,-47.5801705556798,188.881410156176));
#4541=CARTESIAN_POINT('Ctrl Pts',(-10.3593648632983,-48.4533715831467,189.333626935312));
#4542=CARTESIAN_POINT('Ctrl Pts',(-1.2004193220181,-49.7311556515438,190.510167067408));
#4543=CARTESIAN_POINT('Ctrl Pts',(4.52121842803094,-49.5397578026381,191.227715780236));
#4544=CARTESIAN_POINT('Ctrl Pts',(13.3139503419822,-47.7070105324829,192.370224585399));
#4545=CARTESIAN_POINT('Ctrl Pts',(16.4680754574421,-46.7121245005308,192.788936021472));
#4546=CARTESIAN_POINT('Ctrl Pts',(22.2250198861562,-44.2400648385926,193.585989525096));
#4547=CARTESIAN_POINT('Ctrl Pts',(24.8396885453772,-42.8266827351963,193.962639619184));
#4548=CARTESIAN_POINT('Ctrl Pts',(32.8205263170797,-37.5345088972301,195.180739580109));
#4549=CARTESIAN_POINT('Ctrl Pts',(37.5408344662083,-32.8132871596377,196.013260971366));
#4550=CARTESIAN_POINT('Ctrl Pts',(42.8466502780953,-24.8085324266373,197.235077788291));
#4551=CARTESIAN_POINT('Ctrl Pts',(44.270483234815,-22.1680647965647,197.615092528998));
#4552=CARTESIAN_POINT('Ctrl Pts',(46.8312571758322,-16.1738224832244,198.444209987823));
#4553=CARTESIAN_POINT('Ctrl Pts',(47.8652145325222,-12.7937617036862,198.891345710398));
#4554=CARTESIAN_POINT('Ctrl Pts',(49.6230607256346,-3.65271242117237,200.075616290316));
#4555=CARTESIAN_POINT('Ctrl Pts',(49.7097539959186,2.17507763758764,200.805747708989));
#4556=CARTESIAN_POINT('Ctrl Pts',(48.2726203567645,11.0671277502345,201.951553933843));
#4557=CARTESIAN_POINT('Ctrl Pts',(47.4482058087816,14.1913676820923,202.360708669229));
#4558=CARTESIAN_POINT('Ctrl Pts',(45.2703933904591,20.0525324321534,203.156186715947));
#4559=CARTESIAN_POINT('Ctrl Pts',(43.9564688397331,22.7890647371759,203.540786607528));
#4560=CARTESIAN_POINT('Ctrl Pts',(38.9769815818174,31.1052612078322,204.773742637608));
#4561=CARTESIAN_POINT('Ctrl Pts',(34.4324061496466,36.0714782106652,205.612973327681));
#4562=CARTESIAN_POINT('Ctrl Pts',(27.8689646854156,40.8381409769848,206.644967773629));
#4563=CARTESIAN_POINT('Ctrl Pts',(26.6605555556664,41.6370957097344,206.829075117131));
#4564=CARTESIAN_POINT('Ctrl Pts',(19.7504936311037,45.7814554456016,207.854020674184));
#4565=CARTESIAN_POINT('Ctrl Pts',(13.4573399053061,48.0096180445779,208.686519008594));
#4566=CARTESIAN_POINT('Ctrl Pts',(3.9452618983247,49.353345830579,209.90871554742));
#4567=CARTESIAN_POINT('Ctrl Pts',(0.945825526387069,49.5017505899903,210.289132963947));
#4568=CARTESIAN_POINT('Ctrl Pts',(-5.56444784130492,49.231660462744,211.117939495382));
#4569=CARTESIAN_POINT('Ctrl Pts',(-9.05476257225921,48.7106832794373,211.564365008798));
#4570=CARTESIAN_POINT('Ctrl Pts',(-18.069909695738,46.3618574870748,212.749598182196));
#4571=CARTESIAN_POINT('Ctrl Pts',(-23.3791119472449,43.9244889515018,213.481370448479));
#4572=CARTESIAN_POINT('Ctrl Pts',(-30.7886061170094,38.7910594762385,214.628017505742));
#4573=CARTESIAN_POINT('Ctrl Pts',(-33.2476688256109,36.7052726219711,215.036335156764));
#4574=CARTESIAN_POINT('Ctrl Pts',(-37.6005531385511,32.2142980611188,215.832021843283));
#4575=CARTESIAN_POINT('Ctrl Pts',(-39.5089984230226,29.842950433621,216.217662511846));
#4576=CARTESIAN_POINT('Ctrl Pts',(-43.3375164235748,24.0692722074028,217.09886742321));
#4577=CARTESIAN_POINT('Ctrl Pts',(-45.091750617447,20.5926395525917,217.590780386448));
#4578=CARTESIAN_POINT('Ctrl Pts',(-46.42,16.9564147153813,218.083307724532));
#4579=CARTESIAN_POINT('',(-46.42,16.9564147153813,178.581374590168));
#4580=CARTESIAN_POINT('Ctrl Pts',(-46.42,16.9564147153813,178.581374590168));
#4581=CARTESIAN_POINT('Ctrl Pts',(-46.42,16.629519050335,178.620771375655));
#4582=CARTESIAN_POINT('Ctrl Pts',(-46.420000004918,16.3015915028541,178.654227472791));
#4583=CARTESIAN_POINT('Ctrl Pts',(-46.420000004918,14.769599550594,178.786045160837));
#4584=CARTESIAN_POINT('Ctrl Pts',(-46.4200000000697,13.5404095201864,178.820932027694));
#4585=CARTESIAN_POINT('Ctrl Pts',(-46.4200000000697,11.4018011243658,178.803887984795));
#4586=CARTESIAN_POINT('Ctrl Pts',(-46.420000000008,10.4672648385878,178.770050771536));
#4587=CARTESIAN_POINT('Ctrl Pts',(-46.420000000008,9.20726856688888,178.69914989483));
#4588=CARTESIAN_POINT('Ctrl Pts',(-46.4200000000285,8.87499330877486,178.678048537304));
#4589=CARTESIAN_POINT('Ctrl Pts',(-46.4200000000285,7.91017252571911,178.610648995562));
#4590=CARTESIAN_POINT('Ctrl Pts',(-46.4200000000003,7.27671049584264,178.55872457438));
#4591=CARTESIAN_POINT('Ctrl Pts',(-46.4200000000003,5.72594912016156,178.417379790977));
#4592=CARTESIAN_POINT('Ctrl Pts',(-46.4200000000065,4.81041579747314,178.321691082463));
#4593=CARTESIAN_POINT('Ctrl Pts',(-46.4200000000065,1.15233189913998,177.911737854112));
#4594=CARTESIAN_POINT('Ctrl Pts',(-46.42,0.4235433843144,177.768857797432));
#4595=CARTESIAN_POINT('Ctrl Pts',(-46.42,0.0415808727690611,177.815957658358));
#4596=CARTESIAN_POINT('Ctrl Pts',(-46.42,0.0411522878585337,177.816010800986));
#4597=CARTESIAN_POINT('Ctrl Pts',(-46.42,0.0402884787463444,177.816118501735));
#4598=CARTESIAN_POINT('Ctrl Pts',(-46.42,0.0398532611681638,177.816173068305));
#4599=CARTESIAN_POINT('Ctrl Pts',(-46.42,0.0391730981752133,177.816258819423));
#4600=CARTESIAN_POINT('Ctrl Pts',(-46.42,0.0389281288715013,177.816289799859));
#4601=CARTESIAN_POINT('Ctrl Pts',(-46.42,0.0384761804760304,177.816347133536));
#4602=CARTESIAN_POINT('Ctrl Pts',(-46.42,0.0382691986943607,177.816373459636));
#4603=CARTESIAN_POINT('Ctrl Pts',(-46.42,0.0378152921065578,177.816431342698));
#4604=CARTESIAN_POINT('Ctrl Pts',(-46.42,0.0375683720340639,177.816462928113));
#4605=CARTESIAN_POINT('Ctrl Pts',(-46.42,0.0368769737040597,177.81655164363));
#4606=CARTESIAN_POINT('Ctrl Pts',(-46.42,0.0364325231966666,177.816608989074));
#4607=CARTESIAN_POINT('Ctrl Pts',(-46.42,0.0338888530733625,177.816938999349));
#4608=CARTESIAN_POINT('Ctrl Pts',(-46.4199999999999,0.0317907883597232,
177.81721826212));
#4609=CARTESIAN_POINT('Ctrl Pts',(-46.4199999999999,0.0258265942894171,
177.818032186844));
#4610=CARTESIAN_POINT('Ctrl Pts',(-46.42,0.0219648040699919,177.818583185469));
#4611=CARTESIAN_POINT('Ctrl Pts',(-46.42,0.00193281705050399,177.821564832713));
#4612=CARTESIAN_POINT('Ctrl Pts',(-46.42,-0.0140727775988033,177.824365262067));
#4613=CARTESIAN_POINT('Ctrl Pts',(-46.42,-0.0924420278481702,177.839917885974));
#4614=CARTESIAN_POINT('Ctrl Pts',(-46.42,-0.158423056850111,177.858764187183));
#4615=CARTESIAN_POINT('Ctrl Pts',(-46.42,-0.343754706957693,177.919094847274));
#4616=CARTESIAN_POINT('Ctrl Pts',(-46.42,-0.492464183722304,177.974042850874));
#4617=CARTESIAN_POINT('Ctrl Pts',(-46.42,-0.791221273928618,178.086846897325));
#4618=CARTESIAN_POINT('Ctrl Pts',(-46.4200000000108,-0.990267781812864,
178.163608119746));
#4619=CARTESIAN_POINT('Ctrl Pts',(-46.4200000000108,-1.40703777566219,178.324736476782));
#4620=CARTESIAN_POINT('Ctrl Pts',(-46.4200000000053,-1.71693991644824,178.445273327271));
#4621=CARTESIAN_POINT('Ctrl Pts',(-46.4200000000053,-2.75743113296745,178.848411216542));
#4622=CARTESIAN_POINT('Ctrl Pts',(-46.4200000000001,-3.34861135355607,179.075943093781));
#4623=CARTESIAN_POINT('Ctrl Pts',(-46.4200000000001,-5.22142595134994,179.784895071511));
#4624=CARTESIAN_POINT('Ctrl Pts',(-46.4199999998611,-6.46624170732672,180.241005660677));
#4625=CARTESIAN_POINT('Ctrl Pts',(-46.4199999998611,-8.28275754860192,180.862213188661));
#4626=CARTESIAN_POINT('Ctrl Pts',(-46.4199999999998,-8.85481886553512,181.051511793831));
#4627=CARTESIAN_POINT('Ctrl Pts',(-46.4199999999998,-9.97243452212163,181.405662916721));
#4628=CARTESIAN_POINT('Ctrl Pts',(-46.4199999999999,-10.5204820523093,181.572084288766));
#4629=CARTESIAN_POINT('Ctrl Pts',(-46.4199999999999,-11.7583560816656,181.927788180086));
#4630=CARTESIAN_POINT('Ctrl Pts',(-46.4199999999991,-12.4544546375843,182.11374277837));
#4631=CARTESIAN_POINT('Ctrl Pts',(-46.4199999999991,-14.2938265829426,182.556800823005));
#4632=CARTESIAN_POINT('Ctrl Pts',(-46.4199999999085,-15.4725762997912,182.791578562004));
#4633=CARTESIAN_POINT('Ctrl Pts',(-46.4199999999085,-16.7435026527495,182.958946134766));
#4634=CARTESIAN_POINT('Ctrl Pts',(-46.42,-16.8499098547834,182.972296495374));
#4635=CARTESIAN_POINT('Ctrl Pts',(-46.42,-16.9564147153813,182.984960491769));
#4636=CARTESIAN_POINT('',(-46.42,-16.9564147153813,143.483070096712));
#4637=CARTESIAN_POINT('Ctrl Pts',(-46.42,-16.9564147153813,143.483070096712));
#4638=CARTESIAN_POINT('Ctrl Pts',(-46.2316060845349,-17.4721632213409,143.552917494502));
#4639=CARTESIAN_POINT('Ctrl Pts',(-46.0345713119064,-17.9848966855686,143.622779614904));
#4640=CARTESIAN_POINT('Ctrl Pts',(-43.3369679836252,-24.6695356941072,144.539702374948));
#4641=CARTESIAN_POINT('Ctrl Pts',(-39.6224061992828,-30.277771947457,145.378322163837));
#4642=CARTESIAN_POINT('Ctrl Pts',(-33.876971711722,-36.0112833509961,146.41098070011));
#4643=CARTESIAN_POINT('Ctrl Pts',(-32.7999792878542,-36.9949065483335,146.596349458703));
#4644=CARTESIAN_POINT('Ctrl Pts',(-26.6096011077362,-42.1654993893124,147.622338438496));
#4645=CARTESIAN_POINT('Ctrl Pts',(-20.7396691601875,-45.3416596110635,148.454597424882));
#4646=CARTESIAN_POINT('Ctrl Pts',(-11.545426510202,-48.1463135194906,149.677563625213));
#4647=CARTESIAN_POINT('Ctrl Pts',(-8.59752857023622,-48.7590703951123,150.058968362659));
#4648=CARTESIAN_POINT('Ctrl Pts',(-2.11341183430638,-49.5002225046563,150.889103448574));
#4649=CARTESIAN_POINT('Ctrl Pts',(1.41821391507612,-49.525015102899,151.335859224581));
#4650=CARTESIAN_POINT('Ctrl Pts',(10.6664654785699,-48.5992624678881,152.518352071473));
#4651=CARTESIAN_POINT('Ctrl Pts',(16.2656616736489,-47.0222310054178,153.247104950817));
#4652=CARTESIAN_POINT('Ctrl Pts',(24.3995560221146,-43.0999819502188,154.395793629947));
#4653=CARTESIAN_POINT('Ctrl Pts',(27.1865460521218,-41.3985319710557,154.809233076385));
#4654=CARTESIAN_POINT('Ctrl Pts',(32.1917925647259,-37.6180305231132,155.607225865501));
#4655=CARTESIAN_POINT('Ctrl Pts',(34.4264465186224,-35.5843723189021,155.990058537537));
#4656=CARTESIAN_POINT('Ctrl Pts',(40.9585499232854,-28.4448742476788,157.220962361282));
#4657=CARTESIAN_POINT('Ctrl Pts',(44.4154708093666,-22.6711137328708,158.059909240575));
#4658=CARTESIAN_POINT('Ctrl Pts',(47.1062348167564,-15.0150521212562,159.092348939636));
#4659=CARTESIAN_POINT('Ctrl Pts',(47.5274539547974,-13.6231523575232,159.27716779547));
#4660=CARTESIAN_POINT('Ctrl Pts',(49.5201100061242,-5.81112077356331,160.302703448673));
#4661=CARTESIAN_POINT('Ctrl Pts',(49.8525651924177,0.85552682609281,161.135060993377));
#4662=CARTESIAN_POINT('Ctrl Pts',(48.4160960029453,10.3539948639882,162.357259025258));
#4663=CARTESIAN_POINT('Ctrl Pts',(47.6990372836297,13.2712270659467,162.737803213403));
#4664=CARTESIAN_POINT('Ctrl Pts',(45.5720728428365,19.441575973598,163.567978561392));
#4665=CARTESIAN_POINT('Ctrl Pts',(44.0680639252187,22.6449631459197,164.015633522195));
#4666=CARTESIAN_POINT('Ctrl Pts',(39.2444000672569,30.5843738331241,165.197541011697));
#4667=CARTESIAN_POINT('Ctrl Pts',(35.4149616995572,34.9472102528527,165.924839276902));
#4668=CARTESIAN_POINT('Ctrl Pts',(28.3811782825498,40.5887150157465,167.071811740865));
#4669=CARTESIAN_POINT('Ctrl Pts',(25.6464970200646,42.3697087005488,167.485023674513));
#4670=CARTESIAN_POINT('Ctrl Pts',(20.0841743808806,45.2551238540062,168.282209296403));
#4671=CARTESIAN_POINT('Ctrl Pts',(17.2906167102383,46.3943413983141,168.66446589029));
#4672=CARTESIAN_POINT('Ctrl Pts',(8.03519900268233,49.2158313603603,169.895256329691));
#4673=CARTESIAN_POINT('Ctrl Pts',(1.33179130496364,49.8496597191793,170.734655673931));
#4674=CARTESIAN_POINT('Ctrl Pts',(-6.73567618290227,48.9802653697189,171.766972477408));
#4675=CARTESIAN_POINT('Ctrl Pts',(-8.16871969572965,48.7617448265346,171.95120393432));
#4676=CARTESIAN_POINT('Ctrl Pts',(-16.0739249244767,47.1979927102599,172.976258817552));
#4677=CARTESIAN_POINT('Ctrl Pts',(-22.2350510091514,44.6276130645692,173.808720831996));
#4678=CARTESIAN_POINT('Ctrl Pts',(-30.1841137311461,39.2453546980066,175.030070537422));
#4679=CARTESIAN_POINT('Ctrl Pts',(-32.5029844977346,37.3474851806809,175.409665434038));
#4680=CARTESIAN_POINT('Ctrl Pts',(-37.1600780965415,32.7717259887911,176.24012237818));
#4681=CARTESIAN_POINT('Ctrl Pts',(-39.4104846759857,30.0278377541204,176.689004095472));
#4682=CARTESIAN_POINT('Ctrl Pts',(-43.4239012070412,23.8968598626933,177.621282210733));
#4683=CARTESIAN_POINT('Ctrl Pts',(-45.1242427461221,20.5036888729573,178.100998352301));
#4684=CARTESIAN_POINT('Ctrl Pts',(-46.42,16.9564147153813,178.581374590168));
#4685=CARTESIAN_POINT('',(-46.42,16.9564147153813,139.079327951751));
#4686=CARTESIAN_POINT('Ctrl Pts',(-46.42,16.9564147153813,139.079327951751));
#4687=CARTESIAN_POINT('Ctrl Pts',(-46.42,16.6190699215087,139.119720122376));
#4688=CARTESIAN_POINT('Ctrl Pts',(-46.4200000104794,16.2806171265406,139.153751479549));
#4689=CARTESIAN_POINT('Ctrl Pts',(-46.4200000104794,14.8135025222341,139.277132695668));
#4690=CARTESIAN_POINT('Ctrl Pts',(-46.4200000000035,13.6626036402584,139.311756778913));
#4691=CARTESIAN_POINT('Ctrl Pts',(-46.4200000000035,11.3889996086338,139.302323096963));
#4692=CARTESIAN_POINT('Ctrl Pts',(-46.4200000000083,10.2381555193538,139.257613822778));
#4693=CARTESIAN_POINT('Ctrl Pts',(-46.4200000000083,8.46223791614527,139.149607656638));
#4694=CARTESIAN_POINT('Ctrl Pts',(-46.4200000000001,7.8243381354997,139.102884642325));
#4695=CARTESIAN_POINT('Ctrl Pts',(-46.4200000000001,4.79258593608373,138.853131234339));
#4696=CARTESIAN_POINT('Ctrl Pts',(-46.4199999994587,2.6409319361998,138.593456141817));
#4697=CARTESIAN_POINT('Ctrl Pts',(-46.4199999994587,0.85046617523343,138.442101937164));
#4698=CARTESIAN_POINT('Ctrl Pts',(-46.42,0.485760744667789,138.429516225269));
#4699=CARTESIAN_POINT('Ctrl Pts',(-46.42,0.144870624133374,138.45518454303));
#4700=CARTESIAN_POINT('Ctrl Pts',(-46.42,0.114153075845209,138.457894402872));
#4701=CARTESIAN_POINT('Ctrl Pts',(-46.42,0.0682195453143362,138.46257398484));
#4702=CARTESIAN_POINT('Ctrl Pts',(-46.42,0.0530444264065465,138.464222484634));
#4703=CARTESIAN_POINT('Ctrl Pts',(-46.42,0.0307086583964874,138.466801879454));
#4704=CARTESIAN_POINT('Ctrl Pts',(-46.42,0.023548523620151,138.467651928855));
#4705=CARTESIAN_POINT('Ctrl Pts',(-46.42,0.0128391751580069,138.468958129228));
#4706=CARTESIAN_POINT('Ctrl Pts',(-46.4200000000019,0.00928894491473635,
138.469396868568));
#4707=CARTESIAN_POINT('Ctrl Pts',(-46.4200000000019,0.00450255648367591,
138.469996097514));
#4708=CARTESIAN_POINT('Ctrl Pts',(-46.42,0.00326582699009177,138.470151624633));
#4709=CARTESIAN_POINT('Ctrl Pts',(-46.42,0.00123703253911802,138.470407900759));
#4710=CARTESIAN_POINT('Ctrl Pts',(-46.42,0.000444922050055696,138.470508245179));
#4711=CARTESIAN_POINT('Ctrl Pts',(-46.42,-0.00108166228916532,138.470702182882));
#4712=CARTESIAN_POINT('Ctrl Pts',(-46.42,-0.00181613880845961,138.47079573651));
#4713=CARTESIAN_POINT('Ctrl Pts',(-46.42,-0.00351743989870851,138.471013007765));
#4714=CARTESIAN_POINT('Ctrl Pts',(-46.42,-0.00448423881542539,138.471136902104));
#4715=CARTESIAN_POINT('Ctrl Pts',(-46.42,-0.00749860564447478,138.471524517133));
#4716=CARTESIAN_POINT('Ctrl Pts',(-46.42,-0.00954596168387729,138.471789694155));
#4717=CARTESIAN_POINT('Ctrl Pts',(-46.42,-0.0348844417160995,138.475095205738));
#4718=CARTESIAN_POINT('Ctrl Pts',(-46.42,-0.0581117614203117,138.478372454519));
#4719=CARTESIAN_POINT('Ctrl Pts',(-46.42,-0.151281041016692,138.492498230718));
#4720=CARTESIAN_POINT('Ctrl Pts',(-46.42,-0.220263408511672,138.50517620508));
#4721=CARTESIAN_POINT('Ctrl Pts',(-46.42,-0.514181831578754,138.567269288128));
#4722=CARTESIAN_POINT('Ctrl Pts',(-46.42,-0.76524947128122,138.640074104441));
#4723=CARTESIAN_POINT('Ctrl Pts',(-46.42,-1.52213366334443,138.893886990424));
#4724=CARTESIAN_POINT('Ctrl Pts',(-46.42,-2.13727754908947,139.121774337981));
#4725=CARTESIAN_POINT('Ctrl Pts',(-46.42,-3.53577970951532,139.643273439056));
#4726=CARTESIAN_POINT('Ctrl Pts',(-46.4199999957262,-5.0545421536964,140.216527612456));
#4727=CARTESIAN_POINT('Ctrl Pts',(-46.4199999957262,-7.66959952052349,141.149146991577));
#4728=CARTESIAN_POINT('Ctrl Pts',(-46.4199999998724,-8.94501738504405,141.581395219358));
#4729=CARTESIAN_POINT('Ctrl Pts',(-46.4199999998724,-10.852289395723,142.163300121138));
#4730=CARTESIAN_POINT('Ctrl Pts',(-46.4199999999997,-11.491708863077,142.347642484512));
#4731=CARTESIAN_POINT('Ctrl Pts',(-46.4199999999997,-13.1736275907239,142.795953745836));
#4732=CARTESIAN_POINT('Ctrl Pts',(-46.4199999999529,-14.2380441321616,143.042988959947));
#4733=CARTESIAN_POINT('Ctrl Pts',(-46.4199999999529,-15.8461552839619,143.332243011249));
#4734=CARTESIAN_POINT('Ctrl Pts',(-46.42,-16.4014161372801,143.417246515745));
#4735=CARTESIAN_POINT('Ctrl Pts',(-46.42,-16.9564147153813,143.483070096712));
#4736=CARTESIAN_POINT('',(-46.42,-16.9564147153813,103.980978821887));
#4737=CARTESIAN_POINT('Ctrl Pts',(-46.42,-16.9564147153813,103.980978821887));
#4738=CARTESIAN_POINT('Ctrl Pts',(-45.9619737101933,-18.2103107028119,104.150818811896));
#4739=CARTESIAN_POINT('Ctrl Pts',(-45.4530566151515,-19.445882604694,104.32068795655));
#4740=CARTESIAN_POINT('Ctrl Pts',(-43.640797909996,-23.3839300463538,104.872183336509));
#4741=CARTESIAN_POINT('Ctrl Pts',(-42.1419641040019,-25.9881189397632,105.252914681319));
#4742=CARTESIAN_POINT('Ctrl Pts',(-36.5833847821473,-33.8873773959847,106.481559155178));
#4743=CARTESIAN_POINT('Ctrl Pts',(-31.6884945647,-38.5037330922018,107.320345373882));
#4744=CARTESIAN_POINT('Ctrl Pts',(-24.7850777410771,-42.7804740568658,108.353515966569));
#4745=CARTESIAN_POINT('Ctrl Pts',(-23.5101643333076,-43.4941515962105,108.53920443626));
#4746=CARTESIAN_POINT('Ctrl Pts',(-16.3027582976365,-47.1191357243346,109.565447731139));
#4747=CARTESIAN_POINT('Ctrl Pts',(-9.86411999501988,-48.8742445788261,110.397624263893));
#4748=CARTESIAN_POINT('Ctrl Pts',(-0.269193992052423,-49.5107703893646,
111.621042741104));
#4749=CARTESIAN_POINT('Ctrl Pts',(2.74486676904365,-49.4353580213914,112.002967219486));
#4750=CARTESIAN_POINT('Ctrl Pts',(9.23335469284155,-48.6775012585142,112.833897269347));
#4751=CARTESIAN_POINT('Ctrl Pts',(12.6796700143875,-47.89550967648,113.280921303559));
#4752=CARTESIAN_POINT('Ctrl Pts',(21.4643021850403,-44.8867249011329,114.462294098989));
#4753=CARTESIAN_POINT('Ctrl Pts',(26.5469609271507,-42.0807958498081,115.189678835305));
#4754=CARTESIAN_POINT('Ctrl Pts',(33.5837527107878,-36.403623313774,116.339783792913));
#4755=CARTESIAN_POINT('Ctrl Pts',(35.9249103316056,-34.0953517587928,116.756038334331));
#4756=CARTESIAN_POINT('Ctrl Pts',(39.9400361846786,-29.2602379811774,117.555590550369));
#4757=CARTESIAN_POINT('Ctrl Pts',(41.6450802449371,-26.7778891577716,117.937175459704));
#4758=CARTESIAN_POINT('Ctrl Pts',(46.3686204085722,-18.3472668240113,119.166418068472));
#4759=CARTESIAN_POINT('Ctrl Pts',(48.4159389862965,-11.9401746867087,120.004955731827));
#4760=CARTESIAN_POINT('Ctrl Pts',(49.2901453892629,-3.86714852669017,121.038048894826));
#4761=CARTESIAN_POINT('Ctrl Pts',(49.3829614290155,-2.40757173412692,121.223920780971));
#4762=CARTESIAN_POINT('Ctrl Pts',(49.5374225435923,5.65988132623689,122.250323423561));
#4763=CARTESIAN_POINT('Ctrl Pts',(48.3378761089197,12.2245649410544,123.082481280895));
#4764=CARTESIAN_POINT('Ctrl Pts',(44.7649325515251,21.1542547559022,124.306146660768));
#4765=CARTESIAN_POINT('Ctrl Pts',(43.3933134063979,23.8416043551531,124.688339022273));
#4766=CARTESIAN_POINT('Ctrl Pts',(39.9066377612569,29.3629268370234,125.518948933319));
#4767=CARTESIAN_POINT('Ctrl Pts',(37.7151209191315,32.129282220321,125.965388472362));
#4768=CARTESIAN_POINT('Ctrl Pts',(31.2023924266982,38.7565378471463,127.147537557271));
#4769=CARTESIAN_POINT('Ctrl Pts',(26.4660619581416,42.133196569657,127.876258595586));
#4770=CARTESIAN_POINT('Ctrl Pts',(18.3009573080423,46.0229916786488,129.026737346195));
#4771=CARTESIAN_POINT('Ctrl Pts',(15.2148030967517,47.1333271212704,129.441998622744));
#4772=CARTESIAN_POINT('Ctrl Pts',(9.12082521426527,48.6643266747368,130.241361657047));
#4773=CARTESIAN_POINT('Ctrl Pts',(6.13901590978041,49.1296109094883,130.623745523199));
#4774=CARTESIAN_POINT('Ctrl Pts',(-3.51102411520155,49.7427037885592,131.853721937208));
#4775=CARTESIAN_POINT('Ctrl Pts',(-10.1728039974723,48.8178009602409,132.692197807232));
#4776=CARTESIAN_POINT('Ctrl Pts',(-17.8285240166801,46.1152282273058,133.725100140271));
#4777=CARTESIAN_POINT('Ctrl Pts',(-19.18384163331,45.5680894286859,133.910852730048));
#4778=CARTESIAN_POINT('Ctrl Pts',(-26.5241898862647,42.2191954376799,134.937159374476));
#4779=CARTESIAN_POINT('Ctrl Pts',(-31.9248473043862,38.2987859016845,135.769347006312));
#4780=CARTESIAN_POINT('Ctrl Pts',(-38.4305722663858,31.2167217263226,136.992843841925));
#4781=CARTESIAN_POINT('Ctrl Pts',(-40.2597439761751,28.8191894462894,137.374843523681));
#4782=CARTESIAN_POINT('Ctrl Pts',(-43.7021307348401,23.334028903556,138.198560054412));
#4783=CARTESIAN_POINT('Ctrl Pts',(-45.2307119400112,20.2122180600943,138.638334069755));
#4784=CARTESIAN_POINT('Ctrl Pts',(-46.42,16.9564147153813,139.079327951751));
#4785=CARTESIAN_POINT('',(-46.42,16.9564147153813,99.577347645276));
#4786=CARTESIAN_POINT('Ctrl Pts',(-46.42,16.9564147153813,99.577347645276));
#4787=CARTESIAN_POINT('Ctrl Pts',(-46.42,16.6291986606749,99.6168061840205));
#4788=CARTESIAN_POINT('Ctrl Pts',(-46.4200000055564,16.3009471143471,99.6503002846114));
#4789=CARTESIAN_POINT('Ctrl Pts',(-46.4200000055564,14.7909452616696,99.7801706607911));
#4790=CARTESIAN_POINT('Ctrl Pts',(-46.4200000000634,13.5853767325943,99.8154341738955));
#4791=CARTESIAN_POINT('Ctrl Pts',(-46.4200000000634,11.4462872109098,99.8007617054408));
#4792=CARTESIAN_POINT('Ctrl Pts',(-46.4200000000101,10.4886572671591,99.7661791167829));
#4793=CARTESIAN_POINT('Ctrl Pts',(-46.4200000000101,9.20749700345012,99.6935476291004));
#4794=CARTESIAN_POINT('Ctrl Pts',(-46.4200000000303,8.87691606411098,99.6724236918708));
#4795=CARTESIAN_POINT('Ctrl Pts',(-46.4200000000303,7.91381846627391,99.6047989547676));
#4796=CARTESIAN_POINT('Ctrl Pts',(-46.4200000000002,7.28084646539136,99.5526897038275));
#4797=CARTESIAN_POINT('Ctrl Pts',(-46.4200000000002,5.7167613733687,99.4097578309375));
#4798=CARTESIAN_POINT('Ctrl Pts',(-46.4200000000023,4.81028884381084,99.3147603019602));
#4799=CARTESIAN_POINT('Ctrl Pts',(-46.4200000000023,2.74160504900574,99.0845905528744));
#4800=CARTESIAN_POINT('Ctrl Pts',(-46.4199999998772,1.85775041432408,98.9780828168645));
#4801=CARTESIAN_POINT('Ctrl Pts',(-46.4199999998772,0.618098233853386,98.8482709939515));
#4802=CARTESIAN_POINT('Ctrl Pts',(-46.42,0.353078905732839,98.8325299648679));
#4803=CARTESIAN_POINT('Ctrl Pts',(-46.42,0.118505267608904,98.8508166703328));
#4804=CARTESIAN_POINT('Ctrl Pts',(-46.42,0.0931935329177402,98.8533323348662));
#4805=CARTESIAN_POINT('Ctrl Pts',(-46.42,0.0660888654441052,98.8566458551043));
#4806=CARTESIAN_POINT('Ctrl Pts',(-46.42,0.0643767712687092,98.8568577883261));
#4807=CARTESIAN_POINT('Ctrl Pts',(-46.42,0.0620503278010905,98.8571493479724));
#4808=CARTESIAN_POINT('Ctrl Pts',(-46.42,0.0614357484588788,98.8572267091416));
#4809=CARTESIAN_POINT('Ctrl Pts',(-46.42,0.0604221720739577,98.8573548547476));
#4810=CARTESIAN_POINT('Ctrl Pts',(-46.42,0.0600231504337035,98.8574054458912));
#4811=CARTESIAN_POINT('Ctrl Pts',(-46.42,0.0592502603265355,98.857503716418));
#4812=CARTESIAN_POINT('Ctrl Pts',(-46.42,0.0588763908318922,98.8575513784699));
#4813=CARTESIAN_POINT('Ctrl Pts',(-46.42,0.0580089078383376,98.8576622596614));
#4814=CARTESIAN_POINT('Ctrl Pts',(-46.42,0.0575153060847349,98.8577255707766));
#4815=CARTESIAN_POINT('Ctrl Pts',(-46.42,0.0559531048011517,98.8579266381026));
#4816=CARTESIAN_POINT('Ctrl Pts',(-46.42,0.0548846212345167,98.8580651878004));
#4817=CARTESIAN_POINT('Ctrl Pts',(-46.42,0.0397009578221882,98.8600486487714));
#4818=CARTESIAN_POINT('Ctrl Pts',(-46.42,0.0256360436668228,98.8620653554254));
#4819=CARTESIAN_POINT('Ctrl Pts',(-46.42,-0.0348514254737917,98.8714973773271));
#4820=CARTESIAN_POINT('Ctrl Pts',(-46.42,-0.080407451397871,98.8805296285295));
#4821=CARTESIAN_POINT('Ctrl Pts',(-46.42,-0.253901363864172,98.9206407700265));
#4822=CARTESIAN_POINT('Ctrl Pts',(-46.4200000000001,-0.404603568094767,
98.9671275273034));
#4823=CARTESIAN_POINT('Ctrl Pts',(-46.4200000000001,-0.871048871409648,
99.1309390143658));
#4824=CARTESIAN_POINT('Ctrl Pts',(-46.42,-1.24661143692702,99.2732068515365));
#4825=CARTESIAN_POINT('Ctrl Pts',(-46.42,-1.82649310008534,99.4938982122263));
#4826=CARTESIAN_POINT('Ctrl Pts',(-46.420000000038,-2.19474963450144,99.6355701929652));
#4827=CARTESIAN_POINT('Ctrl Pts',(-46.420000000038,-3.49030003303507,100.131345137277));
#4828=CARTESIAN_POINT('Ctrl Pts',(-46.4200000000027,-4.19802990802377,100.399746065683));
#4829=CARTESIAN_POINT('Ctrl Pts',(-46.4200000000027,-5.84297125030845,101.008183732952));
#4830=CARTESIAN_POINT('Ctrl Pts',(-46.4199999999968,-6.71072659513757,101.320229112466));
#4831=CARTESIAN_POINT('Ctrl Pts',(-46.4199999999968,-8.16501905758025,101.819160238504));
#4832=CARTESIAN_POINT('Ctrl Pts',(-46.4199999999998,-8.7521502518475,102.014132702132));
#4833=CARTESIAN_POINT('Ctrl Pts',(-46.4199999999998,-9.88936294476959,102.375720116499));
#4834=CARTESIAN_POINT('Ctrl Pts',(-46.4199999999999,-10.4419389866172,102.544193934825));
#4835=CARTESIAN_POINT('Ctrl Pts',(-46.4199999999999,-11.6762583433083,102.900511408745));
#4836=CARTESIAN_POINT('Ctrl Pts',(-46.4199999999993,-12.3640319869245,103.085506779616));
#4837=CARTESIAN_POINT('Ctrl Pts',(-46.4199999999993,-14.1794888590259,103.527387613653));
#4838=CARTESIAN_POINT('Ctrl Pts',(-46.4199999999314,-15.3409214913862,103.762947381827));
#4839=CARTESIAN_POINT('Ctrl Pts',(-46.4199999999314,-16.6448743545267,103.942378147684));
#4840=CARTESIAN_POINT('Ctrl Pts',(-46.42,-16.8005548360176,103.962415387369));
#4841=CARTESIAN_POINT('Ctrl Pts',(-46.42,-16.9564147153813,103.980978821887));
#4842=CARTESIAN_POINT('',(-46.42,-16.9564147153813,64.4790509227715));
#4843=CARTESIAN_POINT('Ctrl Pts',(-46.42,-16.9564147153813,64.4790509227715));
#4844=CARTESIAN_POINT('Ctrl Pts',(-45.7422436669569,-18.8118452122141,64.7303158892861));
#4845=CARTESIAN_POINT('Ctrl Pts',(-44.9527047294803,-20.6281205893677,64.9817617145996));
#4846=CARTESIAN_POINT('Ctrl Pts',(-42.5784784921841,-25.2985991337562,65.6482295581541));
#4847=CARTESIAN_POINT('Ctrl Pts',(-40.8189929659814,-28.0491661110963,66.0616533492284));
#4848=CARTESIAN_POINT('Ctrl Pts',(-36.9404378761596,-32.9662410888106,66.8583885953922));
#4849=CARTESIAN_POINT('Ctrl Pts',(-34.8677489164613,-35.1512322845909,67.2399886385164));
#4850=CARTESIAN_POINT('Ctrl Pts',(-27.6440761125389,-41.4946861457357,68.4628490878418));
#4851=CARTESIAN_POINT('Ctrl Pts',(-21.854212621152,-44.8151433292895,69.2951848734723));
#4852=CARTESIAN_POINT('Ctrl Pts',(-14.2097677375481,-47.3551844193171,70.3200300027317));
#4853=CARTESIAN_POINT('Ctrl Pts',(-12.8169447418304,-47.7509887716207,70.504055766386));
#4854=CARTESIAN_POINT('Ctrl Pts',(-4.97775477676045,-49.6109302960627,71.5289181821186));
#4855=CARTESIAN_POINT('Ctrl Pts',(1.69447889929729,-49.831224696265,72.361372432551));
#4856=CARTESIAN_POINT('Ctrl Pts',(11.157761765394,-48.2365421268878,73.5823335209084));
#4857=CARTESIAN_POINT('Ctrl Pts',(14.0523546753146,-47.47410912759,73.9615340823771));
#4858=CARTESIAN_POINT('Ctrl Pts',(20.1986121851424,-45.243392725197,74.7932204718447));
#4859=CARTESIAN_POINT('Ctrl Pts',(23.396590085401,-43.675485135966,75.243712996697));
#4860=CARTESIAN_POINT('Ctrl Pts',(31.2240152842508,-38.7295222753625,76.4217133821115));
#4861=CARTESIAN_POINT('Ctrl Pts',(35.4847512711558,-34.8675727087099,77.1423868473496));
#4862=CARTESIAN_POINT('Ctrl Pts',(41.0160972977726,-27.7645901450148,78.2875626222153));
#4863=CARTESIAN_POINT('Ctrl Pts',(42.7754688464188,-24.969019316964,78.7057494510892));
#4864=CARTESIAN_POINT('Ctrl Pts',(45.5707966504792,-19.352338839699,79.5038927582619));
#4865=CARTESIAN_POINT('Ctrl Pts',(46.6542290406178,-16.5708622051615,79.8821530539769));
#4866=CARTESIAN_POINT('Ctrl Pts',(49.3136187165075,-7.36004780914299,81.1016497187838));
#4867=CARTESIAN_POINT('Ctrl Pts',(49.8548120755641,-0.707648842365044,81.9339569683618));
#4868=CARTESIAN_POINT('Ctrl Pts',(48.7154201697943,8.84363938669033,83.1577434093199));
#4869=CARTESIAN_POINT('Ctrl Pts',(48.08628690982,11.7945408284431,83.5399341458864));
#4870=CARTESIAN_POINT('Ctrl Pts',(46.1531911866055,18.0132911495264,84.3682825553443));
#4871=CARTESIAN_POINT('Ctrl Pts',(44.7614742348485,21.2369032104051,84.8124831316942));
#4872=CARTESIAN_POINT('Ctrl Pts',(40.1769888589705,29.3616619053757,85.9993523017185));
#4873=CARTESIAN_POINT('Ctrl Pts',(36.4378449065494,33.8907247522253,86.7349092163178));
#4874=CARTESIAN_POINT('Ctrl Pts',(29.5453430366198,39.7461124199445,87.8853570035222));
#4875=CARTESIAN_POINT('Ctrl Pts',(26.8967446739396,41.5842017145505,88.2935997127473));
#4876=CARTESIAN_POINT('Ctrl Pts',(21.4244172879723,44.6389867419791,89.0909292413998));
#4877=CARTESIAN_POINT('Ctrl Pts',(18.6284159625941,45.8762134923423,89.4782761005194));
#4878=CARTESIAN_POINT('Ctrl Pts',(9.43011853940325,48.9659415066384,90.7125446909492));
#4879=CARTESIAN_POINT('Ctrl Pts',(2.76073892244579,49.7892422997228,91.5503746358935));
#4880=CARTESIAN_POINT('Ctrl Pts',(-5.32863895553773,49.1536295618281,92.5826980055073));
#4881=CARTESIAN_POINT('Ctrl Pts',(-6.78029773789444,48.9744960737402,92.7685830629122));
#4882=CARTESIAN_POINT('Ctrl Pts',(-14.7924649911497,47.6226939286904,93.8021522108671));
#4883=CARTESIAN_POINT('Ctrl Pts',(-21.0714696884957,45.1965808839336,94.6413051407595));
#4884=CARTESIAN_POINT('Ctrl Pts',(-27.9067366010953,40.8126570983676,95.6744129310436));
#4885=CARTESIAN_POINT('Ctrl Pts',(-29.097692393507,39.9722808374279,95.8596611169316));
#4886=CARTESIAN_POINT('Ctrl Pts',(-35.4751478020044,35.0358928753866,96.8855313452009));
#4887=CARTESIAN_POINT('Ctrl Pts',(-39.8366308191663,29.9840376386575,97.7177728725283));
#4888=CARTESIAN_POINT('Ctrl Pts',(-44.3852771464459,21.8957088403071,98.8983921314103));
#4889=CARTESIAN_POINT('Ctrl Pts',(-45.5036551704766,19.4650067556487,99.2376393396967));
#4890=CARTESIAN_POINT('Ctrl Pts',(-46.42,16.9564147153813,99.577347645276));
#4891=CARTESIAN_POINT('',(-46.42,16.9564147153813,60.0753403861196));
#4892=CARTESIAN_POINT('Ctrl Pts',(-46.42,16.9564147153813,60.0753403861196));
#4893=CARTESIAN_POINT('Ctrl Pts',(-46.42,16.6190163822585,60.1157137296126));
#4894=CARTESIAN_POINT('Ctrl Pts',(-46.420000001561,16.2804992798869,60.1497515019276));
#4895=CARTESIAN_POINT('Ctrl Pts',(-46.420000001561,14.808513020992,60.2736700809172));
#4896=CARTESIAN_POINT('Ctrl Pts',(-46.4200000000096,13.6528471895633,60.3085772130865));
#4897=CARTESIAN_POINT('Ctrl Pts',(-46.4200000000096,11.4247984940127,60.299369010243));
#4898=CARTESIAN_POINT('Ctrl Pts',(-46.4200000000085,10.3260144134233,60.2584418210881));
#4899=CARTESIAN_POINT('Ctrl Pts',(-46.4200000000085,8.91984182542805,60.1757314782907));
#4900=CARTESIAN_POINT('Ctrl Pts',(-46.4200000000082,8.60144751869445,60.1549735744683));
#4901=CARTESIAN_POINT('Ctrl Pts',(-46.4200000000082,7.59660363666501,60.0838892140729));
#4902=CARTESIAN_POINT('Ctrl Pts',(-46.4200000000001,6.91032323166535,60.0271204701719));
#4903=CARTESIAN_POINT('Ctrl Pts',(-46.4200000000001,5.00654941896661,59.8538217116584));
#4904=CARTESIAN_POINT('Ctrl Pts',(-46.4199999999997,3.47112655311185,59.6898996846311));
#4905=CARTESIAN_POINT('Ctrl Pts',(-46.4199999999997,1.25660777038966,59.4564384065195));
#4906=CARTESIAN_POINT('Ctrl Pts',(-46.42,0.632308352897539,59.3984476679562));
#4907=CARTESIAN_POINT('Ctrl Pts',(-46.42,0.131191652484093,59.4335093472383));
#4908=CARTESIAN_POINT('Ctrl Pts',(-46.42,0.103573488946039,59.4357908911196));
#4909=CARTESIAN_POINT('Ctrl Pts',(-46.42,0.0575796131635678,59.4402093184461));
#4910=CARTESIAN_POINT('Ctrl Pts',(-46.42,0.0392563690997358,59.4421334946743));
#4911=CARTESIAN_POINT('Ctrl Pts',(-46.42,0.0149240965046058,59.4449112661821));
#4912=CARTESIAN_POINT('Ctrl Pts',(-46.42,0.00891744402803695,59.4456150135111));
#4913=CARTESIAN_POINT('Ctrl Pts',(-46.42,0.00058250347141496,59.4466166557653));
#4914=CARTESIAN_POINT('Ctrl Pts',(-46.42,-0.00174688459112624,59.4468993109471));
#4915=CARTESIAN_POINT('Ctrl Pts',(-46.42,-0.00692664829345812,59.447533901721));
#4916=CARTESIAN_POINT('Ctrl Pts',(-46.42,-0.00977674635568847,59.4478871610005));
#4917=CARTESIAN_POINT('Ctrl Pts',(-46.42,-0.0136909157920731,59.4483779213418));
#4918=CARTESIAN_POINT('Ctrl Pts',(-46.42,-0.0147553435891906,59.4485119501338));
#4919=CARTESIAN_POINT('Ctrl Pts',(-46.42,-0.0165236997111694,59.4487355626986));
#4920=CARTESIAN_POINT('Ctrl Pts',(-46.42,-0.0172276634756509,59.4488248300542));
#4921=CARTESIAN_POINT('Ctrl Pts',(-46.42,-0.0186007845192703,59.4489994379255));
#4922=CARTESIAN_POINT('Ctrl Pts',(-46.42,-0.0192699427411288,59.4490847545288));
#4923=CARTESIAN_POINT('Ctrl Pts',(-46.42,-0.0208450307010287,59.449286106714));
#4924=CARTESIAN_POINT('Ctrl Pts',(-46.42,-0.0217509338117932,59.4494023268343));
#4925=CARTESIAN_POINT('Ctrl Pts',(-46.42,-0.0246762818506373,59.4497789610401));
#4926=CARTESIAN_POINT('Ctrl Pts',(-46.4200000000005,-0.0266954905301566,
59.4500409866099));
#4927=CARTESIAN_POINT('Ctrl Pts',(-46.4200000000005,-0.0691032899118571,
59.4555872660093));
#4928=CARTESIAN_POINT('Ctrl Pts',(-46.42,-0.109189357060474,59.4616525975151));
#4929=CARTESIAN_POINT('Ctrl Pts',(-46.42,-0.312823612860965,59.496474833353));
#4930=CARTESIAN_POINT('Ctrl Pts',(-46.42,-0.474573856910359,59.5376335027793));
#4931=CARTESIAN_POINT('Ctrl Pts',(-46.42,-0.935094766550613,59.6718925884935));
#4932=CARTESIAN_POINT('Ctrl Pts',(-46.42,-1.32718431585507,59.8103010029598));
#4933=CARTESIAN_POINT('Ctrl Pts',(-46.42,-1.98486883025533,60.0519800482862));
#4934=CARTESIAN_POINT('Ctrl Pts',(-46.419999999934,-2.20166968915442,60.132834082506));
#4935=CARTESIAN_POINT('Ctrl Pts',(-46.419999999934,-2.90641960182288,60.396841406484));
#4936=CARTESIAN_POINT('Ctrl Pts',(-46.4199999999192,-3.51332893760052,60.6266573304451));
#4937=CARTESIAN_POINT('Ctrl Pts',(-46.4199999999192,-5.33705220408339,61.3087127893562));
#4938=CARTESIAN_POINT('Ctrl Pts',(-46.4200000000027,-6.43571586239502,61.7106709292771));
#4939=CARTESIAN_POINT('Ctrl Pts',(-46.4200000000027,-8.20899580769534,62.3227440133932));
#4940=CARTESIAN_POINT('Ctrl Pts',(-46.42,-8.8444516984451,62.534767682444));
#4941=CARTESIAN_POINT('Ctrl Pts',(-46.42,-10.0226386574055,62.9093290854003));
#4942=CARTESIAN_POINT('Ctrl Pts',(-46.4199999999999,-10.5658874827975,63.074858672259));
#4943=CARTESIAN_POINT('Ctrl Pts',(-46.4199999999999,-11.8825396278674,63.4543622190309));
#4944=CARTESIAN_POINT('Ctrl Pts',(-46.419999999997,-12.6639978488777,63.661621439862));
#4945=CARTESIAN_POINT('Ctrl Pts',(-46.419999999997,-14.5924489641188,64.1133667410235));
#4946=CARTESIAN_POINT('Ctrl Pts',(-46.42,-15.7812436769752,64.3398619391021));
#4947=CARTESIAN_POINT('Ctrl Pts',(-46.42,-16.9564147153813,64.4790509227715));
#4948=CARTESIAN_POINT('',(43.8119151849232,-22.8659678961792,39.502));
#4949=CARTESIAN_POINT('Ctrl Pts',(43.8119151849232,-22.8659678961792,39.502));
#4950=CARTESIAN_POINT('Ctrl Pts',(45.4513599815147,-19.7247399934394,39.9527017135253));
#4951=CARTESIAN_POINT('Ctrl Pts',(46.7482281603138,-16.4162897768404,40.4021917096858));
#4952=CARTESIAN_POINT('Ctrl Pts',(49.1882965020861,-7.46528107702223,41.5825386721465));
#4953=CARTESIAN_POINT('Ctrl Pts',(49.7220985412864,-1.71231043402557,42.3065076096799));
#4954=CARTESIAN_POINT('Ctrl Pts',(48.9935144259496,7.2526189575251,43.4506540583811));
#4955=CARTESIAN_POINT('Ctrl Pts',(48.4085406232273,10.4679553695409,43.8644461625352));
#4956=CARTESIAN_POINT('Ctrl Pts',(46.6862717644807,16.4836929893931,44.6605152264143));
#4957=CARTESIAN_POINT('Ctrl Pts',(45.6008749401972,19.2841995805258,45.0410858754086));
#4958=CARTESIAN_POINT('Ctrl Pts',(41.3304627620934,27.8892405274899,46.2630360214947));
#4959=CARTESIAN_POINT('Ctrl Pts',(37.2345017901411,33.1603456544189,47.0954904220713));
#4960=CARTESIAN_POINT('Ctrl Pts',(31.1309194874585,38.4093613651898,48.1196773642866));
#4961=CARTESIAN_POINT('Ctrl Pts',(29.9977083277349,39.3007721833537,48.3029206186412));
#4962=CARTESIAN_POINT('Ctrl Pts',(23.4575587667094,43.9975203750063,49.3271587694132));
#4963=CARTESIAN_POINT('Ctrl Pts',(17.3684041758594,46.7373209101846,50.1597627308673));
#4964=CARTESIAN_POINT('Ctrl Pts',(8.02102702651143,48.8553128873362,51.3791504527473));
#4965=CARTESIAN_POINT('Ctrl Pts',(5.06757613502557,49.2493472977501,51.7566313335572));
#4966=CARTESIAN_POINT('Ctrl Pts',(-1.47307795419515,49.5270894967863,52.5893352363037));
#4967=CARTESIAN_POINT('Ctrl Pts',(-5.04876532969831,49.2910988887705,53.0425520832633));
#4968=CARTESIAN_POINT('Ctrl Pts',(-14.1442166297694,47.6900358860495,54.2175233987177));
#4969=CARTESIAN_POINT('Ctrl Pts',(-19.5108516244437,45.7572424031813,54.9325486347083));
#4970=CARTESIAN_POINT('Ctrl Pts',(-27.3152766469437,41.3183808768972,56.0746370094137));
#4971=CARTESIAN_POINT('Ctrl Pts',(-30.0254455455568,39.3929627411434,56.4955057666949));
#4972=CARTESIAN_POINT('Ctrl Pts',(-34.7448085674175,35.2682221652034,57.2928807018772));
#4973=CARTESIAN_POINT('Ctrl Pts',(-36.7888319654334,33.1305160082912,57.6677052377735));
#4974=CARTESIAN_POINT('Ctrl Pts',(-41.9632961224008,26.645514956386,58.723034764982));
#4975=CARTESIAN_POINT('Ctrl Pts',(-44.5918644030313,21.9611315635904,59.3975147150626));
#4976=CARTESIAN_POINT('Ctrl Pts',(-46.42,16.9564147153813,60.0753403861196));
#4977=CARTESIAN_POINT('Ctrl Pts',(43.8738773820363,19.101212562629,39.502));
#4978=CARTESIAN_POINT('Ctrl Pts',(44.040993834976,18.281997052711,39.502));
#4979=CARTESIAN_POINT('Ctrl Pts',(44.2483284775804,17.3507859386798,39.502000000105));
#4980=CARTESIAN_POINT('Ctrl Pts',(44.9341127163868,14.1729837284536,39.502000000105));
#4981=CARTESIAN_POINT('Ctrl Pts',(45.4547850790745,11.6385226211408,39.502));
#4982=CARTESIAN_POINT('Ctrl Pts',(46.6553080564561,2.38622040716367,39.502));
#4983=CARTESIAN_POINT('Ctrl Pts',(46.6017615986913,-3.59351837041201,39.502));
#4984=CARTESIAN_POINT('Ctrl Pts',(44.9366994082564,-14.8682342427243,39.502));
#4985=CARTESIAN_POINT('Ctrl Pts',(43.84429890599,-18.6807597826028,39.502));
#4986=CARTESIAN_POINT('Ctrl Pts',(43.4900562908531,-21.3897106338561,39.502));
#4987=CARTESIAN_POINT('Ctrl Pts',(43.4514187221365,-21.8741916124076,39.5020000007977));
#4988=CARTESIAN_POINT('Ctrl Pts',(43.5128498008784,-22.3675362167583,39.5020000007977));
#4989=CARTESIAN_POINT('Ctrl Pts',(43.5396286935635,-22.4982780785727,39.502000000016));
#4990=CARTESIAN_POINT('Ctrl Pts',(43.617595534368,-22.6763719351147,39.502000000016));
#4991=CARTESIAN_POINT('Ctrl Pts',(43.6556541596487,-22.7394080269575,39.502));
#4992=CARTESIAN_POINT('Ctrl Pts',(43.7378085229142,-22.8213144649918,39.502));
#4993=CARTESIAN_POINT('Ctrl Pts',(43.7727907489259,-22.8468106139343,39.502));
#4994=CARTESIAN_POINT('Ctrl Pts',(43.8119151849232,-22.8659678961792,39.502));
#4995=CARTESIAN_POINT('Origin',(1.49999999999999,0.,339.502));
#4996=CARTESIAN_POINT('',(-46.42,16.9564147153813,339.502));
#4997=CARTESIAN_POINT('Origin',(0.,0.,339.502));
#4998=CARTESIAN_POINT('',(-46.42,0.,339.502));
#4999=CARTESIAN_POINT('Origin',(-46.42,16.9564147153813,39.502));
#5000=CARTESIAN_POINT('',(-46.42,16.9564147153813,39.502));
#5001=CARTESIAN_POINT('',(-46.42,16.9564147153813,39.502));
#5002=CARTESIAN_POINT('',(-46.42,-16.9564147153813,39.502));
#5003=CARTESIAN_POINT('',(-46.42,0.,39.502));
#5004=CARTESIAN_POINT('',(-46.42,-16.9564147153813,39.502));
#5005=CARTESIAN_POINT('Origin',(-46.42,16.9564147153813,39.502));
#5006=CARTESIAN_POINT('',(-46.42,16.9564147153813,39.502));
#5007=CARTESIAN_POINT('',(-46.42,-16.9564147153813,39.502));
#5008=CARTESIAN_POINT('Origin',(-46.42,16.9564147153813,39.502));
#5009=CARTESIAN_POINT('',(-46.42,16.9564147153813,39.502));
#5010=CARTESIAN_POINT('',(-46.42,-16.9564147153813,39.502));
#5011=CARTESIAN_POINT('Origin',(-46.42,16.9564147153813,39.502));
#5012=CARTESIAN_POINT('',(-46.42,16.9564147153813,39.502));
#5013=CARTESIAN_POINT('',(-46.42,-16.9564147153813,39.502));
#5014=CARTESIAN_POINT('Origin',(-46.42,16.9564147153813,39.502));
#5015=CARTESIAN_POINT('',(-46.42,16.9564147153813,39.502));
#5016=CARTESIAN_POINT('',(-46.42,-16.9564147153813,39.502));
#5017=CARTESIAN_POINT('Origin',(-46.42,16.9564147153813,39.502));
#5018=CARTESIAN_POINT('',(-46.42,16.9564147153813,39.502));
#5019=CARTESIAN_POINT('',(-46.42,-16.9564147153813,39.502));
#5020=CARTESIAN_POINT('Origin',(-46.42,16.9564147153813,39.502));
#5021=CARTESIAN_POINT('',(-46.42,-16.9564147153813,39.502));
#5022=CARTESIAN_POINT('',(-46.42,16.9564147153813,39.502));
#5023=CARTESIAN_POINT('Origin',(-46.42,16.9564147153813,39.502));
#5024=CARTESIAN_POINT('',(-46.42,-16.9564147153813,39.502));
#5025=CARTESIAN_POINT('',(-46.42,16.9564147153813,39.502));
#5026=CARTESIAN_POINT('Origin',(0.,0.,39.502));
#5027=CARTESIAN_POINT('Origin',(0.,0.,39.502));
#5028=CARTESIAN_POINT('Origin',(0.,0.,39.502));
#5029=CARTESIAN_POINT('Origin',(0.,0.,39.502));
#5030=CARTESIAN_POINT('Origin',(0.,0.,39.502));
#5031=CARTESIAN_POINT('Origin',(0.,0.,39.502));
#5032=CARTESIAN_POINT('Origin',(0.,0.,39.502));
#5033=CARTESIAN_POINT('Origin',(0.,0.,39.502));
#5034=CARTESIAN_POINT('Origin',(0.,0.,39.502));
#5035=CARTESIAN_POINT('Origin',(0.,0.,39.502));
#5036=CARTESIAN_POINT('Origin',(0.,0.,39.502));
#5037=CARTESIAN_POINT('',(-46.42,16.9564147153813,39.502));
#5038=CARTESIAN_POINT('Origin',(-46.42,16.9564147153813,39.502));
#5039=CARTESIAN_POINT('Origin',(1.49999999999999,0.,39.502));
#5040=UNCERTAINTY_MEASURE_WITH_UNIT(LENGTH_MEASURE(0.01),#5044,
'DISTANCE_ACCURACY_VALUE',
'Maximum model space distance between geometric entities at asserted c
onnectivities');
#5041=UNCERTAINTY_MEASURE_WITH_UNIT(LENGTH_MEASURE(0.01),#5044,
'DISTANCE_ACCURACY_VALUE',
'Maximum model space distance between geometric entities at asserted c
onnectivities');
#5042=(
GEOMETRIC_REPRESENTATION_CONTEXT(3)
GLOBAL_UNCERTAINTY_ASSIGNED_CONTEXT((#5040))
GLOBAL_UNIT_ASSIGNED_CONTEXT((#5044,#5045,#5046))
REPRESENTATION_CONTEXT('','3D')
);
#5043=(
GEOMETRIC_REPRESENTATION_CONTEXT(3)
GLOBAL_UNCERTAINTY_ASSIGNED_CONTEXT((#5041))
GLOBAL_UNIT_ASSIGNED_CONTEXT((#5044,#5045,#5046))
REPRESENTATION_CONTEXT('','3D')
);
#5044=(
LENGTH_UNIT()
NAMED_UNIT(*)
SI_UNIT(.MILLI.,.METRE.)
);
#5045=(
NAMED_UNIT(*)
PLANE_ANGLE_UNIT()
SI_UNIT($,.RADIAN.)
);
#5046=(
NAMED_UNIT(*)
SI_UNIT($,.STERADIAN.)
SOLID_ANGLE_UNIT()
);
#5047=SHAPE_DEFINITION_REPRESENTATION(#5048,#5049);
#5048=PRODUCT_DEFINITION_SHAPE('',$,#5051);
#5049=SHAPE_REPRESENTATION('',(#493),#5042);
#5050=PRODUCT_DEFINITION_CONTEXT('part definition',#5055,'design');
#5051=PRODUCT_DEFINITION('2026-03-20-14-23-14-785','Winding Help',#5052,
#5050);
#5052=PRODUCT_DEFINITION_FORMATION('',$,#5057);
#5053=PRODUCT_RELATED_PRODUCT_CATEGORY('Winding Help','Winding Help',(#5057));
#5054=APPLICATION_PROTOCOL_DEFINITION('international standard',
'automotive_design',2009,#5055);
#5055=APPLICATION_CONTEXT(
'Core Data for Automotive Mechanical Design Process');
#5056=PRODUCT_CONTEXT('part definition',#5055,'mechanical');
#5057=PRODUCT('2026-03-20-14-23-14-785','Winding Help',$,(#5056));
#5058=PRESENTATION_STYLE_ASSIGNMENT((#5060));
#5059=PRESENTATION_STYLE_ASSIGNMENT((#5061));
#5060=SURFACE_STYLE_USAGE(.BOTH.,#5062);
#5061=SURFACE_STYLE_USAGE(.BOTH.,#5063);
#5062=SURFACE_SIDE_STYLE('',(#5064));
#5063=SURFACE_SIDE_STYLE('',(#5065));
#5064=SURFACE_STYLE_FILL_AREA(#5066);
#5065=SURFACE_STYLE_FILL_AREA(#5067);
#5066=FILL_AREA_STYLE('Stahl - satiniert',(#5068));
#5067=FILL_AREA_STYLE('ABS (Wei\X\DF)',(#5069));
#5068=FILL_AREA_STYLE_COLOUR('Stahl - satiniert',#5070);
#5069=FILL_AREA_STYLE_COLOUR('ABS (Wei\X\DF)',#5071);
#5070=COLOUR_RGB('Stahl - satiniert',0.627450980392157,0.627450980392157,
0.627450980392157);
#5071=COLOUR_RGB('ABS (Wei\X\DF)',0.964705882352941,0.964705882352941,0.952941176470588);
ENDSEC;
END-ISO-10303-21;
