ISO-10303-21;
HEADER;
/* Generated by software containing ST-Developer
 * from STEP Tools, Inc. (www.steptools.com) 
 */

FILE_DESCRIPTION(
/* description */ ('STEP AP214'),
/* implementation_level */ '2;1');

FILE_NAME(
/* name */ 'Cree_PLCC6_RGB_LED.step',
/* time_stamp */ '2026-09-17T18:07:37+02:00',
/* author */ (''),
/* organization */ (''),
/* preprocessor_version */ 'ST-DEVELOPER v20.2',
/* originating_system */ 'Autodesk Translation Framework v15.15.0.0',
/* authorisation */ '');

FILE_SCHEMA (('AUTOMOTIVE_DESIGN { 1 0 10303 214 3 1 1 }'));
ENDSEC;

DATA;
#10=MECHANICAL_DESIGN_GEOMETRIC_PRESENTATION_REPRESENTATION('',(#15,#16,
#17,#18,#19,#20,#21,#22,#23,#24),#2516);
#11=SHAPE_REPRESENTATION_RELATIONSHIP('SRR','None',#2523,#12);
#12=ADVANCED_BREP_SHAPE_REPRESENTATION('',(#25,#26,#27,#28,#29,#30),#2515);
#13=FACE_BOUND('',#264,.T.);
#14=FACE_BOUND('',#266,.T.);
#15=STYLED_ITEM('',(#2533),#25);
#16=STYLED_ITEM('',(#2533),#26);
#17=STYLED_ITEM('',(#2533),#27);
#18=STYLED_ITEM('',(#2534),#28);
#19=STYLED_ITEM('',(#2534),#1491);
#20=STYLED_ITEM('',(#2534),#1493);
#21=STYLED_ITEM('',(#2534),#1494);
#22=STYLED_ITEM('',(#2535),#29);
#23=STYLED_ITEM('',(#2534),#1497);
#24=STYLED_ITEM('',(#2535),#30);
#25=MANIFOLD_SOLID_BREP('Body4',#1499);
#26=MANIFOLD_SOLID_BREP('Body5',#1500);
#27=MANIFOLD_SOLID_BREP('Body6',#1501);
#28=MANIFOLD_SOLID_BREP('Body7',#1502);
#29=MANIFOLD_SOLID_BREP('Body8',#1503);
#30=MANIFOLD_SOLID_BREP('Body9',#1504);
#31=CIRCLE('',#1520,0.349999999999999);
#32=CIRCLE('',#1521,0.349999999999999);
#33=CIRCLE('',#1526,0.0999999999999995);
#34=CIRCLE('',#1527,0.0999999999999995);
#35=CIRCLE('',#1530,0.1);
#36=CIRCLE('',#1531,0.1);
#37=CIRCLE('',#1534,0.0999999999999995);
#38=CIRCLE('',#1535,0.0999999999999995);
#39=CIRCLE('',#1538,0.0999999999999997);
#40=CIRCLE('',#1539,0.0999999999999997);
#41=CIRCLE('',#1544,0.350000000000001);
#42=CIRCLE('',#1545,0.350000000000001);
#43=CIRCLE('',#1548,0.349999999999999);
#44=CIRCLE('',#1549,0.349999999999999);
#45=CIRCLE('',#1552,0.350000000000001);
#46=CIRCLE('',#1553,0.350000000000001);
#47=CIRCLE('',#1558,0.349999999999999);
#48=CIRCLE('',#1559,0.349999999999999);
#49=CIRCLE('',#1564,0.0999999999999995);
#50=CIRCLE('',#1565,0.0999999999999995);
#51=CIRCLE('',#1568,0.1);
#52=CIRCLE('',#1569,0.1);
#53=CIRCLE('',#1572,0.0999999999999995);
#54=CIRCLE('',#1573,0.0999999999999995);
#55=CIRCLE('',#1576,0.0999999999999997);
#56=CIRCLE('',#1577,0.0999999999999997);
#57=CIRCLE('',#1582,0.350000000000001);
#58=CIRCLE('',#1583,0.350000000000001);
#59=CIRCLE('',#1586,0.349999999999999);
#60=CIRCLE('',#1587,0.349999999999999);
#61=CIRCLE('',#1590,0.350000000000001);
#62=CIRCLE('',#1591,0.350000000000001);
#63=CIRCLE('',#1596,0.349999999999999);
#64=CIRCLE('',#1597,0.349999999999999);
#65=CIRCLE('',#1602,0.0999999999999995);
#66=CIRCLE('',#1603,0.0999999999999995);
#67=CIRCLE('',#1606,0.1);
#68=CIRCLE('',#1607,0.1);
#69=CIRCLE('',#1610,0.0999999999999995);
#70=CIRCLE('',#1611,0.0999999999999995);
#71=CIRCLE('',#1614,0.0999999999999997);
#72=CIRCLE('',#1615,0.0999999999999997);
#73=CIRCLE('',#1620,0.350000000000001);
#74=CIRCLE('',#1621,0.350000000000001);
#75=CIRCLE('',#1624,0.349999999999999);
#76=CIRCLE('',#1625,0.349999999999999);
#77=CIRCLE('',#1628,0.350000000000001);
#78=CIRCLE('',#1629,0.350000000000001);
#79=CIRCLE('',#1633,2.);
#80=CIRCLE('',#1634,2.);
#81=CIRCLE('',#1648,2.);
#82=CIRCLE('',#1649,2.);
#83=CYLINDRICAL_SURFACE('',#1519,0.349999999999999);
#84=CYLINDRICAL_SURFACE('',#1525,0.0999999999999995);
#85=CYLINDRICAL_SURFACE('',#1529,0.1);
#86=CYLINDRICAL_SURFACE('',#1533,0.0999999999999995);
#87=CYLINDRICAL_SURFACE('',#1537,0.0999999999999997);
#88=CYLINDRICAL_SURFACE('',#1543,0.350000000000001);
#89=CYLINDRICAL_SURFACE('',#1547,0.349999999999999);
#90=CYLINDRICAL_SURFACE('',#1551,0.350000000000001);
#91=CYLINDRICAL_SURFACE('',#1557,0.349999999999999);
#92=CYLINDRICAL_SURFACE('',#1563,0.0999999999999995);
#93=CYLINDRICAL_SURFACE('',#1567,0.1);
#94=CYLINDRICAL_SURFACE('',#1571,0.0999999999999995);
#95=CYLINDRICAL_SURFACE('',#1575,0.0999999999999997);
#96=CYLINDRICAL_SURFACE('',#1581,0.350000000000001);
#97=CYLINDRICAL_SURFACE('',#1585,0.349999999999999);
#98=CYLINDRICAL_SURFACE('',#1589,0.350000000000001);
#99=CYLINDRICAL_SURFACE('',#1595,0.349999999999999);
#100=CYLINDRICAL_SURFACE('',#1601,0.0999999999999995);
#101=CYLINDRICAL_SURFACE('',#1605,0.1);
#102=CYLINDRICAL_SURFACE('',#1609,0.0999999999999995);
#103=CYLINDRICAL_SURFACE('',#1613,0.0999999999999997);
#104=CYLINDRICAL_SURFACE('',#1619,0.350000000000001);
#105=CYLINDRICAL_SURFACE('',#1623,0.349999999999999);
#106=CYLINDRICAL_SURFACE('',#1627,0.350000000000001);
#107=CYLINDRICAL_SURFACE('',#1632,2.);
#108=CYLINDRICAL_SURFACE('',#1647,2.);
#109=FACE_OUTER_BOUND('',#191,.T.);
#110=FACE_OUTER_BOUND('',#192,.T.);
#111=FACE_OUTER_BOUND('',#193,.T.);
#112=FACE_OUTER_BOUND('',#194,.T.);
#113=FACE_OUTER_BOUND('',#195,.T.);
#114=FACE_OUTER_BOUND('',#196,.T.);
#115=FACE_OUTER_BOUND('',#197,.T.);
#116=FACE_OUTER_BOUND('',#198,.T.);
#117=FACE_OUTER_BOUND('',#199,.T.);
#118=FACE_OUTER_BOUND('',#200,.T.);
#119=FACE_OUTER_BOUND('',#201,.T.);
#120=FACE_OUTER_BOUND('',#202,.T.);
#121=FACE_OUTER_BOUND('',#203,.T.);
#122=FACE_OUTER_BOUND('',#204,.T.);
#123=FACE_OUTER_BOUND('',#205,.T.);
#124=FACE_OUTER_BOUND('',#206,.T.);
#125=FACE_OUTER_BOUND('',#207,.T.);
#126=FACE_OUTER_BOUND('',#208,.T.);
#127=FACE_OUTER_BOUND('',#209,.T.);
#128=FACE_OUTER_BOUND('',#210,.T.);
#129=FACE_OUTER_BOUND('',#211,.T.);
#130=FACE_OUTER_BOUND('',#212,.T.);
#131=FACE_OUTER_BOUND('',#213,.T.);
#132=FACE_OUTER_BOUND('',#214,.T.);
#133=FACE_OUTER_BOUND('',#215,.T.);
#134=FACE_OUTER_BOUND('',#216,.T.);
#135=FACE_OUTER_BOUND('',#217,.T.);
#136=FACE_OUTER_BOUND('',#218,.T.);
#137=FACE_OUTER_BOUND('',#219,.T.);
#138=FACE_OUTER_BOUND('',#220,.T.);
#139=FACE_OUTER_BOUND('',#221,.T.);
#140=FACE_OUTER_BOUND('',#222,.T.);
#141=FACE_OUTER_BOUND('',#223,.T.);
#142=FACE_OUTER_BOUND('',#224,.T.);
#143=FACE_OUTER_BOUND('',#225,.T.);
#144=FACE_OUTER_BOUND('',#226,.T.);
#145=FACE_OUTER_BOUND('',#227,.T.);
#146=FACE_OUTER_BOUND('',#228,.T.);
#147=FACE_OUTER_BOUND('',#229,.T.);
#148=FACE_OUTER_BOUND('',#230,.T.);
#149=FACE_OUTER_BOUND('',#231,.T.);
#150=FACE_OUTER_BOUND('',#232,.T.);
#151=FACE_OUTER_BOUND('',#233,.T.);
#152=FACE_OUTER_BOUND('',#234,.T.);
#153=FACE_OUTER_BOUND('',#235,.T.);
#154=FACE_OUTER_BOUND('',#236,.T.);
#155=FACE_OUTER_BOUND('',#237,.T.);
#156=FACE_OUTER_BOUND('',#238,.T.);
#157=FACE_OUTER_BOUND('',#239,.T.);
#158=FACE_OUTER_BOUND('',#240,.T.);
#159=FACE_OUTER_BOUND('',#241,.T.);
#160=FACE_OUTER_BOUND('',#242,.T.);
#161=FACE_OUTER_BOUND('',#243,.T.);
#162=FACE_OUTER_BOUND('',#244,.T.);
#163=FACE_OUTER_BOUND('',#245,.T.);
#164=FACE_OUTER_BOUND('',#246,.T.);
#165=FACE_OUTER_BOUND('',#247,.T.);
#166=FACE_OUTER_BOUND('',#248,.T.);
#167=FACE_OUTER_BOUND('',#249,.T.);
#168=FACE_OUTER_BOUND('',#250,.T.);
#169=FACE_OUTER_BOUND('',#251,.T.);
#170=FACE_OUTER_BOUND('',#252,.T.);
#171=FACE_OUTER_BOUND('',#253,.T.);
#172=FACE_OUTER_BOUND('',#254,.T.);
#173=FACE_OUTER_BOUND('',#255,.T.);
#174=FACE_OUTER_BOUND('',#256,.T.);
#175=FACE_OUTER_BOUND('',#257,.T.);
#176=FACE_OUTER_BOUND('',#258,.T.);
#177=FACE_OUTER_BOUND('',#259,.T.);
#178=FACE_OUTER_BOUND('',#260,.T.);
#179=FACE_OUTER_BOUND('',#261,.T.);
#180=FACE_OUTER_BOUND('',#262,.T.);
#181=FACE_OUTER_BOUND('',#263,.T.);
#182=FACE_OUTER_BOUND('',#265,.T.);
#183=FACE_OUTER_BOUND('',#267,.T.);
#184=FACE_OUTER_BOUND('',#268,.T.);
#185=FACE_OUTER_BOUND('',#269,.T.);
#186=FACE_OUTER_BOUND('',#270,.T.);
#187=FACE_OUTER_BOUND('',#271,.T.);
#188=FACE_OUTER_BOUND('',#272,.T.);
#189=FACE_OUTER_BOUND('',#273,.T.);
#190=FACE_OUTER_BOUND('',#274,.T.);
#191=EDGE_LOOP('',(#941,#942,#943,#944));
#192=EDGE_LOOP('',(#945,#946,#947,#948));
#193=EDGE_LOOP('',(#949,#950,#951,#952));
#194=EDGE_LOOP('',(#953,#954,#955,#956));
#195=EDGE_LOOP('',(#957,#958,#959,#960));
#196=EDGE_LOOP('',(#961,#962,#963,#964));
#197=EDGE_LOOP('',(#965,#966,#967,#968));
#198=EDGE_LOOP('',(#969,#970,#971,#972));
#199=EDGE_LOOP('',(#973,#974,#975,#976));
#200=EDGE_LOOP('',(#977,#978,#979,#980));
#201=EDGE_LOOP('',(#981,#982,#983,#984));
#202=EDGE_LOOP('',(#985,#986,#987,#988));
#203=EDGE_LOOP('',(#989,#990,#991,#992));
#204=EDGE_LOOP('',(#993,#994,#995,#996));
#205=EDGE_LOOP('',(#997,#998,#999,#1000));
#206=EDGE_LOOP('',(#1001,#1002,#1003,#1004));
#207=EDGE_LOOP('',(#1005,#1006,#1007,#1008));
#208=EDGE_LOOP('',(#1009,#1010,#1011,#1012));
#209=EDGE_LOOP('',(#1013,#1014,#1015,#1016));
#210=EDGE_LOOP('',(#1017,#1018,#1019,#1020));
#211=EDGE_LOOP('',(#1021,#1022,#1023,#1024,#1025,#1026,#1027,#1028,#1029,
#1030,#1031,#1032,#1033,#1034,#1035,#1036,#1037,#1038,#1039,#1040));
#212=EDGE_LOOP('',(#1041,#1042,#1043,#1044,#1045,#1046,#1047,#1048,#1049,
#1050,#1051,#1052,#1053,#1054,#1055,#1056,#1057,#1058,#1059,#1060));
#213=EDGE_LOOP('',(#1061,#1062,#1063,#1064));
#214=EDGE_LOOP('',(#1065,#1066,#1067,#1068));
#215=EDGE_LOOP('',(#1069,#1070,#1071,#1072));
#216=EDGE_LOOP('',(#1073,#1074,#1075,#1076));
#217=EDGE_LOOP('',(#1077,#1078,#1079,#1080));
#218=EDGE_LOOP('',(#1081,#1082,#1083,#1084));
#219=EDGE_LOOP('',(#1085,#1086,#1087,#1088));
#220=EDGE_LOOP('',(#1089,#1090,#1091,#1092));
#221=EDGE_LOOP('',(#1093,#1094,#1095,#1096));
#222=EDGE_LOOP('',(#1097,#1098,#1099,#1100));
#223=EDGE_LOOP('',(#1101,#1102,#1103,#1104));
#224=EDGE_LOOP('',(#1105,#1106,#1107,#1108));
#225=EDGE_LOOP('',(#1109,#1110,#1111,#1112));
#226=EDGE_LOOP('',(#1113,#1114,#1115,#1116));
#227=EDGE_LOOP('',(#1117,#1118,#1119,#1120));
#228=EDGE_LOOP('',(#1121,#1122,#1123,#1124));
#229=EDGE_LOOP('',(#1125,#1126,#1127,#1128));
#230=EDGE_LOOP('',(#1129,#1130,#1131,#1132));
#231=EDGE_LOOP('',(#1133,#1134,#1135,#1136));
#232=EDGE_LOOP('',(#1137,#1138,#1139,#1140));
#233=EDGE_LOOP('',(#1141,#1142,#1143,#1144,#1145,#1146,#1147,#1148,#1149,
#1150,#1151,#1152,#1153,#1154,#1155,#1156,#1157,#1158,#1159,#1160));
#234=EDGE_LOOP('',(#1161,#1162,#1163,#1164,#1165,#1166,#1167,#1168,#1169,
#1170,#1171,#1172,#1173,#1174,#1175,#1176,#1177,#1178,#1179,#1180));
#235=EDGE_LOOP('',(#1181,#1182,#1183,#1184));
#236=EDGE_LOOP('',(#1185,#1186,#1187,#1188));
#237=EDGE_LOOP('',(#1189,#1190,#1191,#1192));
#238=EDGE_LOOP('',(#1193,#1194,#1195,#1196));
#239=EDGE_LOOP('',(#1197,#1198,#1199,#1200));
#240=EDGE_LOOP('',(#1201,#1202,#1203,#1204));
#241=EDGE_LOOP('',(#1205,#1206,#1207,#1208));
#242=EDGE_LOOP('',(#1209,#1210,#1211,#1212));
#243=EDGE_LOOP('',(#1213,#1214,#1215,#1216));
#244=EDGE_LOOP('',(#1217,#1218,#1219,#1220));
#245=EDGE_LOOP('',(#1221,#1222,#1223,#1224));
#246=EDGE_LOOP('',(#1225,#1226,#1227,#1228));
#247=EDGE_LOOP('',(#1229,#1230,#1231,#1232));
#248=EDGE_LOOP('',(#1233,#1234,#1235,#1236));
#249=EDGE_LOOP('',(#1237,#1238,#1239,#1240));
#250=EDGE_LOOP('',(#1241,#1242,#1243,#1244));
#251=EDGE_LOOP('',(#1245,#1246,#1247,#1248));
#252=EDGE_LOOP('',(#1249,#1250,#1251,#1252));
#253=EDGE_LOOP('',(#1253,#1254,#1255,#1256));
#254=EDGE_LOOP('',(#1257,#1258,#1259,#1260));
#255=EDGE_LOOP('',(#1261,#1262,#1263,#1264,#1265,#1266,#1267,#1268,#1269,
#1270,#1271,#1272,#1273,#1274,#1275,#1276,#1277,#1278,#1279,#1280));
#256=EDGE_LOOP('',(#1281,#1282,#1283,#1284,#1285,#1286,#1287,#1288,#1289,
#1290,#1291,#1292,#1293,#1294,#1295,#1296,#1297,#1298,#1299,#1300));
#257=EDGE_LOOP('',(#1301,#1302,#1303,#1304));
#258=EDGE_LOOP('',(#1305,#1306,#1307,#1308));
#259=EDGE_LOOP('',(#1309,#1310,#1311,#1312));
#260=EDGE_LOOP('',(#1313,#1314,#1315,#1316));
#261=EDGE_LOOP('',(#1317,#1318,#1319,#1320));
#262=EDGE_LOOP('',(#1321,#1322,#1323,#1324));
#263=EDGE_LOOP('',(#1325,#1326,#1327,#1328,#1329));
#264=EDGE_LOOP('',(#1330));
#265=EDGE_LOOP('',(#1331,#1332,#1333,#1334,#1335));
#266=EDGE_LOOP('',(#1336));
#267=EDGE_LOOP('',(#1337,#1338,#1339,#1340));
#268=EDGE_LOOP('',(#1341,#1342,#1343,#1344));
#269=EDGE_LOOP('',(#1345,#1346,#1347,#1348));
#270=EDGE_LOOP('',(#1349,#1350,#1351));
#271=EDGE_LOOP('',(#1352,#1353,#1354));
#272=EDGE_LOOP('',(#1355,#1356,#1357,#1358));
#273=EDGE_LOOP('',(#1359));
#274=EDGE_LOOP('',(#1360));
#275=LINE('',#2084,#433);
#276=LINE('',#2086,#434);
#277=LINE('',#2088,#435);
#278=LINE('',#2089,#436);
#279=LINE('',#2095,#437);
#280=LINE('',#2098,#438);
#281=LINE('',#2100,#439);
#282=LINE('',#2101,#440);
#283=LINE('',#2104,#441);
#284=LINE('',#2106,#442);
#285=LINE('',#2107,#443);
#286=LINE('',#2110,#444);
#287=LINE('',#2112,#445);
#288=LINE('',#2113,#446);
#289=LINE('',#2119,#447);
#290=LINE('',#2122,#448);
#291=LINE('',#2124,#449);
#292=LINE('',#2125,#450);
#293=LINE('',#2131,#451);
#294=LINE('',#2134,#452);
#295=LINE('',#2136,#453);
#296=LINE('',#2137,#454);
#297=LINE('',#2143,#455);
#298=LINE('',#2146,#456);
#299=LINE('',#2148,#457);
#300=LINE('',#2149,#458);
#301=LINE('',#2155,#459);
#302=LINE('',#2158,#460);
#303=LINE('',#2160,#461);
#304=LINE('',#2161,#462);
#305=LINE('',#2164,#463);
#306=LINE('',#2166,#464);
#307=LINE('',#2167,#465);
#308=LINE('',#2170,#466);
#309=LINE('',#2172,#467);
#310=LINE('',#2173,#468);
#311=LINE('',#2179,#469);
#312=LINE('',#2182,#470);
#313=LINE('',#2184,#471);
#314=LINE('',#2185,#472);
#315=LINE('',#2191,#473);
#316=LINE('',#2194,#474);
#317=LINE('',#2196,#475);
#318=LINE('',#2197,#476);
#319=LINE('',#2206,#477);
#320=LINE('',#2208,#478);
#321=LINE('',#2210,#479);
#322=LINE('',#2211,#480);
#323=LINE('',#2217,#481);
#324=LINE('',#2220,#482);
#325=LINE('',#2222,#483);
#326=LINE('',#2223,#484);
#327=LINE('',#2226,#485);
#328=LINE('',#2228,#486);
#329=LINE('',#2229,#487);
#330=LINE('',#2232,#488);
#331=LINE('',#2234,#489);
#332=LINE('',#2235,#490);
#333=LINE('',#2241,#491);
#334=LINE('',#2244,#492);
#335=LINE('',#2246,#493);
#336=LINE('',#2247,#494);
#337=LINE('',#2253,#495);
#338=LINE('',#2256,#496);
#339=LINE('',#2258,#497);
#340=LINE('',#2259,#498);
#341=LINE('',#2265,#499);
#342=LINE('',#2268,#500);
#343=LINE('',#2270,#501);
#344=LINE('',#2271,#502);
#345=LINE('',#2277,#503);
#346=LINE('',#2280,#504);
#347=LINE('',#2282,#505);
#348=LINE('',#2283,#506);
#349=LINE('',#2286,#507);
#350=LINE('',#2288,#508);
#351=LINE('',#2289,#509);
#352=LINE('',#2292,#510);
#353=LINE('',#2294,#511);
#354=LINE('',#2295,#512);
#355=LINE('',#2301,#513);
#356=LINE('',#2304,#514);
#357=LINE('',#2306,#515);
#358=LINE('',#2307,#516);
#359=LINE('',#2313,#517);
#360=LINE('',#2316,#518);
#361=LINE('',#2318,#519);
#362=LINE('',#2319,#520);
#363=LINE('',#2328,#521);
#364=LINE('',#2330,#522);
#365=LINE('',#2332,#523);
#366=LINE('',#2333,#524);
#367=LINE('',#2339,#525);
#368=LINE('',#2342,#526);
#369=LINE('',#2344,#527);
#370=LINE('',#2345,#528);
#371=LINE('',#2348,#529);
#372=LINE('',#2350,#530);
#373=LINE('',#2351,#531);
#374=LINE('',#2354,#532);
#375=LINE('',#2356,#533);
#376=LINE('',#2357,#534);
#377=LINE('',#2363,#535);
#378=LINE('',#2366,#536);
#379=LINE('',#2368,#537);
#380=LINE('',#2369,#538);
#381=LINE('',#2375,#539);
#382=LINE('',#2378,#540);
#383=LINE('',#2380,#541);
#384=LINE('',#2381,#542);
#385=LINE('',#2387,#543);
#386=LINE('',#2390,#544);
#387=LINE('',#2392,#545);
#388=LINE('',#2393,#546);
#389=LINE('',#2399,#547);
#390=LINE('',#2402,#548);
#391=LINE('',#2404,#549);
#392=LINE('',#2405,#550);
#393=LINE('',#2408,#551);
#394=LINE('',#2410,#552);
#395=LINE('',#2411,#553);
#396=LINE('',#2414,#554);
#397=LINE('',#2416,#555);
#398=LINE('',#2417,#556);
#399=LINE('',#2423,#557);
#400=LINE('',#2426,#558);
#401=LINE('',#2428,#559);
#402=LINE('',#2429,#560);
#403=LINE('',#2435,#561);
#404=LINE('',#2438,#562);
#405=LINE('',#2440,#563);
#406=LINE('',#2441,#564);
#407=LINE('',#2451,#565);
#408=LINE('',#2456,#566);
#409=LINE('',#2458,#567);
#410=LINE('',#2460,#568);
#411=LINE('',#2461,#569);
#412=LINE('',#2464,#570);
#413=LINE('',#2466,#571);
#414=LINE('',#2467,#572);
#415=LINE('',#2470,#573);
#416=LINE('',#2472,#574);
#417=LINE('',#2473,#575);
#418=LINE('',#2476,#576);
#419=LINE('',#2478,#577);
#420=LINE('',#2479,#578);
#421=LINE('',#2481,#579);
#422=LINE('',#2482,#580);
#423=LINE('',#2488,#581);
#424=LINE('',#2490,#582);
#425=LINE('',#2492,#583);
#426=LINE('',#2493,#584);
#427=LINE('',#2496,#585);
#428=LINE('',#2498,#586);
#429=LINE('',#2499,#587);
#430=LINE('',#2501,#588);
#431=LINE('',#2502,#589);
#432=LINE('',#2509,#590);
#433=VECTOR('',#1656,10.);
#434=VECTOR('',#1657,10.);
#435=VECTOR('',#1658,10.);
#436=VECTOR('',#1659,10.);
#437=VECTOR('',#1666,10.);
#438=VECTOR('',#1669,10.);
#439=VECTOR('',#1670,10.);
#440=VECTOR('',#1671,10.);
#441=VECTOR('',#1674,10.);
#442=VECTOR('',#1675,10.);
#443=VECTOR('',#1676,10.);
#444=VECTOR('',#1679,10.);
#445=VECTOR('',#1680,10.);
#446=VECTOR('',#1681,10.);
#447=VECTOR('',#1688,10.);
#448=VECTOR('',#1691,10.);
#449=VECTOR('',#1692,10.);
#450=VECTOR('',#1693,10.);
#451=VECTOR('',#1700,10.);
#452=VECTOR('',#1703,10.);
#453=VECTOR('',#1704,10.);
#454=VECTOR('',#1705,10.);
#455=VECTOR('',#1712,10.);
#456=VECTOR('',#1715,10.);
#457=VECTOR('',#1716,10.);
#458=VECTOR('',#1717,10.);
#459=VECTOR('',#1724,10.);
#460=VECTOR('',#1727,10.);
#461=VECTOR('',#1728,10.);
#462=VECTOR('',#1729,10.);
#463=VECTOR('',#1732,9.99999999999999);
#464=VECTOR('',#1733,9.99999999999999);
#465=VECTOR('',#1734,10.);
#466=VECTOR('',#1737,9.99999999999999);
#467=VECTOR('',#1738,9.99999999999999);
#468=VECTOR('',#1739,10.);
#469=VECTOR('',#1746,10.);
#470=VECTOR('',#1749,10.);
#471=VECTOR('',#1750,10.);
#472=VECTOR('',#1751,10.);
#473=VECTOR('',#1758,10.);
#474=VECTOR('',#1761,10.);
#475=VECTOR('',#1762,10.);
#476=VECTOR('',#1763,10.);
#477=VECTOR('',#1776,10.);
#478=VECTOR('',#1777,10.);
#479=VECTOR('',#1778,10.);
#480=VECTOR('',#1779,10.);
#481=VECTOR('',#1786,10.);
#482=VECTOR('',#1789,10.);
#483=VECTOR('',#1790,10.);
#484=VECTOR('',#1791,10.);
#485=VECTOR('',#1794,10.);
#486=VECTOR('',#1795,10.);
#487=VECTOR('',#1796,10.);
#488=VECTOR('',#1799,10.);
#489=VECTOR('',#1800,10.);
#490=VECTOR('',#1801,10.);
#491=VECTOR('',#1808,10.);
#492=VECTOR('',#1811,10.);
#493=VECTOR('',#1812,10.);
#494=VECTOR('',#1813,10.);
#495=VECTOR('',#1820,10.);
#496=VECTOR('',#1823,10.);
#497=VECTOR('',#1824,10.);
#498=VECTOR('',#1825,10.);
#499=VECTOR('',#1832,10.);
#500=VECTOR('',#1835,10.);
#501=VECTOR('',#1836,10.);
#502=VECTOR('',#1837,10.);
#503=VECTOR('',#1844,10.);
#504=VECTOR('',#1847,10.);
#505=VECTOR('',#1848,10.);
#506=VECTOR('',#1849,10.);
#507=VECTOR('',#1852,9.99999999999999);
#508=VECTOR('',#1853,9.99999999999999);
#509=VECTOR('',#1854,10.);
#510=VECTOR('',#1857,9.99999999999999);
#511=VECTOR('',#1858,9.99999999999999);
#512=VECTOR('',#1859,10.);
#513=VECTOR('',#1866,10.);
#514=VECTOR('',#1869,10.);
#515=VECTOR('',#1870,10.);
#516=VECTOR('',#1871,10.);
#517=VECTOR('',#1878,10.);
#518=VECTOR('',#1881,10.);
#519=VECTOR('',#1882,10.);
#520=VECTOR('',#1883,10.);
#521=VECTOR('',#1896,10.);
#522=VECTOR('',#1897,10.);
#523=VECTOR('',#1898,10.);
#524=VECTOR('',#1899,10.);
#525=VECTOR('',#1906,10.);
#526=VECTOR('',#1909,10.);
#527=VECTOR('',#1910,10.);
#528=VECTOR('',#1911,10.);
#529=VECTOR('',#1914,10.);
#530=VECTOR('',#1915,10.);
#531=VECTOR('',#1916,10.);
#532=VECTOR('',#1919,10.);
#533=VECTOR('',#1920,10.);
#534=VECTOR('',#1921,10.);
#535=VECTOR('',#1928,10.);
#536=VECTOR('',#1931,10.);
#537=VECTOR('',#1932,10.);
#538=VECTOR('',#1933,10.);
#539=VECTOR('',#1940,10.);
#540=VECTOR('',#1943,10.);
#541=VECTOR('',#1944,10.);
#542=VECTOR('',#1945,10.);
#543=VECTOR('',#1952,10.);
#544=VECTOR('',#1955,10.);
#545=VECTOR('',#1956,10.);
#546=VECTOR('',#1957,10.);
#547=VECTOR('',#1964,10.);
#548=VECTOR('',#1967,10.);
#549=VECTOR('',#1968,10.);
#550=VECTOR('',#1969,10.);
#551=VECTOR('',#1972,9.99999999999999);
#552=VECTOR('',#1973,9.99999999999999);
#553=VECTOR('',#1974,10.);
#554=VECTOR('',#1977,9.99999999999999);
#555=VECTOR('',#1978,9.99999999999999);
#556=VECTOR('',#1979,10.);
#557=VECTOR('',#1986,10.);
#558=VECTOR('',#1989,10.);
#559=VECTOR('',#1990,10.);
#560=VECTOR('',#1991,10.);
#561=VECTOR('',#1998,10.);
#562=VECTOR('',#2001,10.);
#563=VECTOR('',#2002,10.);
#564=VECTOR('',#2003,10.);
#565=VECTOR('',#2018,2.);
#566=VECTOR('',#2023,10.);
#567=VECTOR('',#2024,10.);
#568=VECTOR('',#2025,10.);
#569=VECTOR('',#2026,10.);
#570=VECTOR('',#2029,10.);
#571=VECTOR('',#2030,10.);
#572=VECTOR('',#2031,10.);
#573=VECTOR('',#2034,10.);
#574=VECTOR('',#2035,10.);
#575=VECTOR('',#2036,10.);
#576=VECTOR('',#2039,10.);
#577=VECTOR('',#2040,10.);
#578=VECTOR('',#2041,10.);
#579=VECTOR('',#2044,10.);
#580=VECTOR('',#2045,10.);
#581=VECTOR('',#2052,10.);
#582=VECTOR('',#2053,10.);
#583=VECTOR('',#2054,10.);
#584=VECTOR('',#2055,10.);
#585=VECTOR('',#2058,10.);
#586=VECTOR('',#2059,10.);
#587=VECTOR('',#2060,10.);
#588=VECTOR('',#2063,10.);
#589=VECTOR('',#2064,10.);
#590=VECTOR('',#2073,2.);
#591=VERTEX_POINT('',#2082);
#592=VERTEX_POINT('',#2083);
#593=VERTEX_POINT('',#2085);
#594=VERTEX_POINT('',#2087);
#595=VERTEX_POINT('',#2091);
#596=VERTEX_POINT('',#2093);
#597=VERTEX_POINT('',#2097);
#598=VERTEX_POINT('',#2099);
#599=VERTEX_POINT('',#2103);
#600=VERTEX_POINT('',#2105);
#601=VERTEX_POINT('',#2109);
#602=VERTEX_POINT('',#2111);
#603=VERTEX_POINT('',#2115);
#604=VERTEX_POINT('',#2117);
#605=VERTEX_POINT('',#2121);
#606=VERTEX_POINT('',#2123);
#607=VERTEX_POINT('',#2127);
#608=VERTEX_POINT('',#2129);
#609=VERTEX_POINT('',#2133);
#610=VERTEX_POINT('',#2135);
#611=VERTEX_POINT('',#2139);
#612=VERTEX_POINT('',#2141);
#613=VERTEX_POINT('',#2145);
#614=VERTEX_POINT('',#2147);
#615=VERTEX_POINT('',#2151);
#616=VERTEX_POINT('',#2153);
#617=VERTEX_POINT('',#2157);
#618=VERTEX_POINT('',#2159);
#619=VERTEX_POINT('',#2163);
#620=VERTEX_POINT('',#2165);
#621=VERTEX_POINT('',#2169);
#622=VERTEX_POINT('',#2171);
#623=VERTEX_POINT('',#2175);
#624=VERTEX_POINT('',#2177);
#625=VERTEX_POINT('',#2181);
#626=VERTEX_POINT('',#2183);
#627=VERTEX_POINT('',#2187);
#628=VERTEX_POINT('',#2189);
#629=VERTEX_POINT('',#2193);
#630=VERTEX_POINT('',#2195);
#631=VERTEX_POINT('',#2204);
#632=VERTEX_POINT('',#2205);
#633=VERTEX_POINT('',#2207);
#634=VERTEX_POINT('',#2209);
#635=VERTEX_POINT('',#2213);
#636=VERTEX_POINT('',#2215);
#637=VERTEX_POINT('',#2219);
#638=VERTEX_POINT('',#2221);
#639=VERTEX_POINT('',#2225);
#640=VERTEX_POINT('',#2227);
#641=VERTEX_POINT('',#2231);
#642=VERTEX_POINT('',#2233);
#643=VERTEX_POINT('',#2237);
#644=VERTEX_POINT('',#2239);
#645=VERTEX_POINT('',#2243);
#646=VERTEX_POINT('',#2245);
#647=VERTEX_POINT('',#2249);
#648=VERTEX_POINT('',#2251);
#649=VERTEX_POINT('',#2255);
#650=VERTEX_POINT('',#2257);
#651=VERTEX_POINT('',#2261);
#652=VERTEX_POINT('',#2263);
#653=VERTEX_POINT('',#2267);
#654=VERTEX_POINT('',#2269);
#655=VERTEX_POINT('',#2273);
#656=VERTEX_POINT('',#2275);
#657=VERTEX_POINT('',#2279);
#658=VERTEX_POINT('',#2281);
#659=VERTEX_POINT('',#2285);
#660=VERTEX_POINT('',#2287);
#661=VERTEX_POINT('',#2291);
#662=VERTEX_POINT('',#2293);
#663=VERTEX_POINT('',#2297);
#664=VERTEX_POINT('',#2299);
#665=VERTEX_POINT('',#2303);
#666=VERTEX_POINT('',#2305);
#667=VERTEX_POINT('',#2309);
#668=VERTEX_POINT('',#2311);
#669=VERTEX_POINT('',#2315);
#670=VERTEX_POINT('',#2317);
#671=VERTEX_POINT('',#2326);
#672=VERTEX_POINT('',#2327);
#673=VERTEX_POINT('',#2329);
#674=VERTEX_POINT('',#2331);
#675=VERTEX_POINT('',#2335);
#676=VERTEX_POINT('',#2337);
#677=VERTEX_POINT('',#2341);
#678=VERTEX_POINT('',#2343);
#679=VERTEX_POINT('',#2347);
#680=VERTEX_POINT('',#2349);
#681=VERTEX_POINT('',#2353);
#682=VERTEX_POINT('',#2355);
#683=VERTEX_POINT('',#2359);
#684=VERTEX_POINT('',#2361);
#685=VERTEX_POINT('',#2365);
#686=VERTEX_POINT('',#2367);
#687=VERTEX_POINT('',#2371);
#688=VERTEX_POINT('',#2373);
#689=VERTEX_POINT('',#2377);
#690=VERTEX_POINT('',#2379);
#691=VERTEX_POINT('',#2383);
#692=VERTEX_POINT('',#2385);
#693=VERTEX_POINT('',#2389);
#694=VERTEX_POINT('',#2391);
#695=VERTEX_POINT('',#2395);
#696=VERTEX_POINT('',#2397);
#697=VERTEX_POINT('',#2401);
#698=VERTEX_POINT('',#2403);
#699=VERTEX_POINT('',#2407);
#700=VERTEX_POINT('',#2409);
#701=VERTEX_POINT('',#2413);
#702=VERTEX_POINT('',#2415);
#703=VERTEX_POINT('',#2419);
#704=VERTEX_POINT('',#2421);
#705=VERTEX_POINT('',#2425);
#706=VERTEX_POINT('',#2427);
#707=VERTEX_POINT('',#2431);
#708=VERTEX_POINT('',#2433);
#709=VERTEX_POINT('',#2437);
#710=VERTEX_POINT('',#2439);
#711=VERTEX_POINT('',#2448);
#712=VERTEX_POINT('',#2450);
#713=VERTEX_POINT('',#2454);
#714=VERTEX_POINT('',#2455);
#715=VERTEX_POINT('',#2457);
#716=VERTEX_POINT('',#2459);
#717=VERTEX_POINT('',#2463);
#718=VERTEX_POINT('',#2465);
#719=VERTEX_POINT('',#2469);
#720=VERTEX_POINT('',#2471);
#721=VERTEX_POINT('',#2475);
#722=VERTEX_POINT('',#2477);
#723=VERTEX_POINT('',#2486);
#724=VERTEX_POINT('',#2487);
#725=VERTEX_POINT('',#2489);
#726=VERTEX_POINT('',#2491);
#727=VERTEX_POINT('',#2495);
#728=VERTEX_POINT('',#2497);
#729=VERTEX_POINT('',#2506);
#730=VERTEX_POINT('',#2508);
#731=EDGE_CURVE('',#591,#592,#275,.T.);
#732=EDGE_CURVE('',#592,#593,#276,.T.);
#733=EDGE_CURVE('',#594,#593,#277,.T.);
#734=EDGE_CURVE('',#591,#594,#278,.T.);
#735=EDGE_CURVE('',#591,#595,#31,.T.);
#736=EDGE_CURVE('',#596,#594,#32,.T.);
#737=EDGE_CURVE('',#595,#596,#279,.T.);
#738=EDGE_CURVE('',#595,#597,#280,.T.);
#739=EDGE_CURVE('',#598,#596,#281,.T.);
#740=EDGE_CURVE('',#597,#598,#282,.T.);
#741=EDGE_CURVE('',#597,#599,#283,.T.);
#742=EDGE_CURVE('',#600,#598,#284,.T.);
#743=EDGE_CURVE('',#599,#600,#285,.T.);
#744=EDGE_CURVE('',#599,#601,#286,.T.);
#745=EDGE_CURVE('',#602,#600,#287,.T.);
#746=EDGE_CURVE('',#601,#602,#288,.T.);
#747=EDGE_CURVE('',#603,#601,#33,.T.);
#748=EDGE_CURVE('',#604,#602,#34,.T.);
#749=EDGE_CURVE('',#603,#604,#289,.T.);
#750=EDGE_CURVE('',#605,#603,#290,.T.);
#751=EDGE_CURVE('',#606,#604,#291,.T.);
#752=EDGE_CURVE('',#605,#606,#292,.T.);
#753=EDGE_CURVE('',#607,#605,#35,.T.);
#754=EDGE_CURVE('',#608,#606,#36,.T.);
#755=EDGE_CURVE('',#607,#608,#293,.T.);
#756=EDGE_CURVE('',#609,#607,#294,.T.);
#757=EDGE_CURVE('',#610,#608,#295,.T.);
#758=EDGE_CURVE('',#609,#610,#296,.T.);
#759=EDGE_CURVE('',#611,#609,#37,.T.);
#760=EDGE_CURVE('',#612,#610,#38,.T.);
#761=EDGE_CURVE('',#611,#612,#297,.T.);
#762=EDGE_CURVE('',#613,#611,#298,.T.);
#763=EDGE_CURVE('',#614,#612,#299,.T.);
#764=EDGE_CURVE('',#613,#614,#300,.T.);
#765=EDGE_CURVE('',#615,#613,#39,.T.);
#766=EDGE_CURVE('',#616,#614,#40,.T.);
#767=EDGE_CURVE('',#615,#616,#301,.T.);
#768=EDGE_CURVE('',#617,#615,#302,.T.);
#769=EDGE_CURVE('',#618,#616,#303,.T.);
#770=EDGE_CURVE('',#617,#618,#304,.T.);
#771=EDGE_CURVE('',#619,#617,#305,.T.);
#772=EDGE_CURVE('',#620,#618,#306,.T.);
#773=EDGE_CURVE('',#619,#620,#307,.T.);
#774=EDGE_CURVE('',#621,#619,#308,.T.);
#775=EDGE_CURVE('',#622,#620,#309,.T.);
#776=EDGE_CURVE('',#621,#622,#310,.T.);
#777=EDGE_CURVE('',#621,#623,#41,.T.);
#778=EDGE_CURVE('',#624,#622,#42,.T.);
#779=EDGE_CURVE('',#623,#624,#311,.T.);
#780=EDGE_CURVE('',#625,#623,#312,.T.);
#781=EDGE_CURVE('',#626,#624,#313,.T.);
#782=EDGE_CURVE('',#625,#626,#314,.T.);
#783=EDGE_CURVE('',#625,#627,#43,.T.);
#784=EDGE_CURVE('',#628,#626,#44,.T.);
#785=EDGE_CURVE('',#627,#628,#315,.T.);
#786=EDGE_CURVE('',#629,#627,#316,.T.);
#787=EDGE_CURVE('',#630,#628,#317,.T.);
#788=EDGE_CURVE('',#629,#630,#318,.T.);
#789=EDGE_CURVE('',#629,#592,#45,.T.);
#790=EDGE_CURVE('',#593,#630,#46,.T.);
#791=EDGE_CURVE('',#631,#632,#319,.T.);
#792=EDGE_CURVE('',#632,#633,#320,.T.);
#793=EDGE_CURVE('',#634,#633,#321,.T.);
#794=EDGE_CURVE('',#631,#634,#322,.T.);
#795=EDGE_CURVE('',#631,#635,#47,.T.);
#796=EDGE_CURVE('',#636,#634,#48,.T.);
#797=EDGE_CURVE('',#635,#636,#323,.T.);
#798=EDGE_CURVE('',#635,#637,#324,.T.);
#799=EDGE_CURVE('',#638,#636,#325,.T.);
#800=EDGE_CURVE('',#637,#638,#326,.T.);
#801=EDGE_CURVE('',#637,#639,#327,.T.);
#802=EDGE_CURVE('',#640,#638,#328,.T.);
#803=EDGE_CURVE('',#639,#640,#329,.T.);
#804=EDGE_CURVE('',#639,#641,#330,.T.);
#805=EDGE_CURVE('',#642,#640,#331,.T.);
#806=EDGE_CURVE('',#641,#642,#332,.T.);
#807=EDGE_CURVE('',#643,#641,#49,.T.);
#808=EDGE_CURVE('',#644,#642,#50,.T.);
#809=EDGE_CURVE('',#643,#644,#333,.T.);
#810=EDGE_CURVE('',#645,#643,#334,.T.);
#811=EDGE_CURVE('',#646,#644,#335,.T.);
#812=EDGE_CURVE('',#645,#646,#336,.T.);
#813=EDGE_CURVE('',#647,#645,#51,.T.);
#814=EDGE_CURVE('',#648,#646,#52,.T.);
#815=EDGE_CURVE('',#647,#648,#337,.T.);
#816=EDGE_CURVE('',#649,#647,#338,.T.);
#817=EDGE_CURVE('',#650,#648,#339,.T.);
#818=EDGE_CURVE('',#649,#650,#340,.T.);
#819=EDGE_CURVE('',#651,#649,#53,.T.);
#820=EDGE_CURVE('',#652,#650,#54,.T.);
#821=EDGE_CURVE('',#651,#652,#341,.T.);
#822=EDGE_CURVE('',#653,#651,#342,.T.);
#823=EDGE_CURVE('',#654,#652,#343,.T.);
#824=EDGE_CURVE('',#653,#654,#344,.T.);
#825=EDGE_CURVE('',#655,#653,#55,.T.);
#826=EDGE_CURVE('',#656,#654,#56,.T.);
#827=EDGE_CURVE('',#655,#656,#345,.T.);
#828=EDGE_CURVE('',#657,#655,#346,.T.);
#829=EDGE_CURVE('',#658,#656,#347,.T.);
#830=EDGE_CURVE('',#657,#658,#348,.T.);
#831=EDGE_CURVE('',#659,#657,#349,.T.);
#832=EDGE_CURVE('',#660,#658,#350,.T.);
#833=EDGE_CURVE('',#659,#660,#351,.T.);
#834=EDGE_CURVE('',#661,#659,#352,.T.);
#835=EDGE_CURVE('',#662,#660,#353,.T.);
#836=EDGE_CURVE('',#661,#662,#354,.T.);
#837=EDGE_CURVE('',#661,#663,#57,.T.);
#838=EDGE_CURVE('',#664,#662,#58,.T.);
#839=EDGE_CURVE('',#663,#664,#355,.T.);
#840=EDGE_CURVE('',#665,#663,#356,.T.);
#841=EDGE_CURVE('',#666,#664,#357,.T.);
#842=EDGE_CURVE('',#665,#666,#358,.T.);
#843=EDGE_CURVE('',#665,#667,#59,.T.);
#844=EDGE_CURVE('',#668,#666,#60,.T.);
#845=EDGE_CURVE('',#667,#668,#359,.T.);
#846=EDGE_CURVE('',#669,#667,#360,.T.);
#847=EDGE_CURVE('',#670,#668,#361,.T.);
#848=EDGE_CURVE('',#669,#670,#362,.T.);
#849=EDGE_CURVE('',#669,#632,#61,.T.);
#850=EDGE_CURVE('',#633,#670,#62,.T.);
#851=EDGE_CURVE('',#671,#672,#363,.T.);
#852=EDGE_CURVE('',#672,#673,#364,.T.);
#853=EDGE_CURVE('',#674,#673,#365,.T.);
#854=EDGE_CURVE('',#671,#674,#366,.T.);
#855=EDGE_CURVE('',#671,#675,#63,.T.);
#856=EDGE_CURVE('',#676,#674,#64,.T.);
#857=EDGE_CURVE('',#675,#676,#367,.T.);
#858=EDGE_CURVE('',#675,#677,#368,.T.);
#859=EDGE_CURVE('',#678,#676,#369,.T.);
#860=EDGE_CURVE('',#677,#678,#370,.T.);
#861=EDGE_CURVE('',#677,#679,#371,.T.);
#862=EDGE_CURVE('',#680,#678,#372,.T.);
#863=EDGE_CURVE('',#679,#680,#373,.T.);
#864=EDGE_CURVE('',#679,#681,#374,.T.);
#865=EDGE_CURVE('',#682,#680,#375,.T.);
#866=EDGE_CURVE('',#681,#682,#376,.T.);
#867=EDGE_CURVE('',#683,#681,#65,.T.);
#868=EDGE_CURVE('',#684,#682,#66,.T.);
#869=EDGE_CURVE('',#683,#684,#377,.T.);
#870=EDGE_CURVE('',#685,#683,#378,.T.);
#871=EDGE_CURVE('',#686,#684,#379,.T.);
#872=EDGE_CURVE('',#685,#686,#380,.T.);
#873=EDGE_CURVE('',#687,#685,#67,.T.);
#874=EDGE_CURVE('',#688,#686,#68,.T.);
#875=EDGE_CURVE('',#687,#688,#381,.T.);
#876=EDGE_CURVE('',#689,#687,#382,.T.);
#877=EDGE_CURVE('',#690,#688,#383,.T.);
#878=EDGE_CURVE('',#689,#690,#384,.T.);
#879=EDGE_CURVE('',#691,#689,#69,.T.);
#880=EDGE_CURVE('',#692,#690,#70,.T.);
#881=EDGE_CURVE('',#691,#692,#385,.T.);
#882=EDGE_CURVE('',#693,#691,#386,.T.);
#883=EDGE_CURVE('',#694,#692,#387,.T.);
#884=EDGE_CURVE('',#693,#694,#388,.T.);
#885=EDGE_CURVE('',#695,#693,#71,.T.);
#886=EDGE_CURVE('',#696,#694,#72,.T.);
#887=EDGE_CURVE('',#695,#696,#389,.T.);
#888=EDGE_CURVE('',#697,#695,#390,.T.);
#889=EDGE_CURVE('',#698,#696,#391,.T.);
#890=EDGE_CURVE('',#697,#698,#392,.T.);
#891=EDGE_CURVE('',#699,#697,#393,.T.);
#892=EDGE_CURVE('',#700,#698,#394,.T.);
#893=EDGE_CURVE('',#699,#700,#395,.T.);
#894=EDGE_CURVE('',#701,#699,#396,.T.);
#895=EDGE_CURVE('',#702,#700,#397,.T.);
#896=EDGE_CURVE('',#701,#702,#398,.T.);
#897=EDGE_CURVE('',#701,#703,#73,.T.);
#898=EDGE_CURVE('',#704,#702,#74,.T.);
#899=EDGE_CURVE('',#703,#704,#399,.T.);
#900=EDGE_CURVE('',#705,#703,#400,.T.);
#901=EDGE_CURVE('',#706,#704,#401,.T.);
#902=EDGE_CURVE('',#705,#706,#402,.T.);
#903=EDGE_CURVE('',#705,#707,#75,.T.);
#904=EDGE_CURVE('',#708,#706,#76,.T.);
#905=EDGE_CURVE('',#707,#708,#403,.T.);
#906=EDGE_CURVE('',#709,#707,#404,.T.);
#907=EDGE_CURVE('',#710,#708,#405,.T.);
#908=EDGE_CURVE('',#709,#710,#406,.T.);
#909=EDGE_CURVE('',#709,#672,#77,.T.);
#910=EDGE_CURVE('',#673,#710,#78,.T.);
#911=EDGE_CURVE('',#711,#711,#79,.T.);
#912=EDGE_CURVE('',#711,#712,#407,.T.);
#913=EDGE_CURVE('',#712,#712,#80,.T.);
#914=EDGE_CURVE('',#713,#714,#408,.T.);
#915=EDGE_CURVE('',#713,#715,#409,.T.);
#916=EDGE_CURVE('',#716,#715,#410,.T.);
#917=EDGE_CURVE('',#714,#716,#411,.T.);
#918=EDGE_CURVE('',#714,#717,#412,.T.);
#919=EDGE_CURVE('',#718,#716,#413,.T.);
#920=EDGE_CURVE('',#717,#718,#414,.T.);
#921=EDGE_CURVE('',#717,#719,#415,.T.);
#922=EDGE_CURVE('',#720,#718,#416,.T.);
#923=EDGE_CURVE('',#719,#720,#417,.T.);
#924=EDGE_CURVE('',#719,#721,#418,.T.);
#925=EDGE_CURVE('',#722,#720,#419,.T.);
#926=EDGE_CURVE('',#721,#722,#420,.T.);
#927=EDGE_CURVE('',#721,#713,#421,.T.);
#928=EDGE_CURVE('',#715,#722,#422,.T.);
#929=EDGE_CURVE('',#723,#724,#423,.T.);
#930=EDGE_CURVE('',#725,#724,#424,.T.);
#931=EDGE_CURVE('',#725,#726,#425,.T.);
#932=EDGE_CURVE('',#726,#723,#426,.T.);
#933=EDGE_CURVE('',#724,#727,#427,.T.);
#934=EDGE_CURVE('',#728,#727,#428,.T.);
#935=EDGE_CURVE('',#728,#725,#429,.T.);
#936=EDGE_CURVE('',#727,#723,#430,.T.);
#937=EDGE_CURVE('',#726,#728,#431,.T.);
#938=EDGE_CURVE('',#729,#729,#81,.T.);
#939=EDGE_CURVE('',#729,#730,#432,.T.);
#940=EDGE_CURVE('',#730,#730,#82,.T.);
#941=ORIENTED_EDGE('',*,*,#731,.T.);
#942=ORIENTED_EDGE('',*,*,#732,.T.);
#943=ORIENTED_EDGE('',*,*,#733,.F.);
#944=ORIENTED_EDGE('',*,*,#734,.F.);
#945=ORIENTED_EDGE('',*,*,#735,.F.);
#946=ORIENTED_EDGE('',*,*,#734,.T.);
#947=ORIENTED_EDGE('',*,*,#736,.F.);
#948=ORIENTED_EDGE('',*,*,#737,.F.);
#949=ORIENTED_EDGE('',*,*,#738,.F.);
#950=ORIENTED_EDGE('',*,*,#737,.T.);
#951=ORIENTED_EDGE('',*,*,#739,.F.);
#952=ORIENTED_EDGE('',*,*,#740,.F.);
#953=ORIENTED_EDGE('',*,*,#741,.F.);
#954=ORIENTED_EDGE('',*,*,#740,.T.);
#955=ORIENTED_EDGE('',*,*,#742,.F.);
#956=ORIENTED_EDGE('',*,*,#743,.F.);
#957=ORIENTED_EDGE('',*,*,#744,.F.);
#958=ORIENTED_EDGE('',*,*,#743,.T.);
#959=ORIENTED_EDGE('',*,*,#745,.F.);
#960=ORIENTED_EDGE('',*,*,#746,.F.);
#961=ORIENTED_EDGE('',*,*,#747,.T.);
#962=ORIENTED_EDGE('',*,*,#746,.T.);
#963=ORIENTED_EDGE('',*,*,#748,.F.);
#964=ORIENTED_EDGE('',*,*,#749,.F.);
#965=ORIENTED_EDGE('',*,*,#750,.T.);
#966=ORIENTED_EDGE('',*,*,#749,.T.);
#967=ORIENTED_EDGE('',*,*,#751,.F.);
#968=ORIENTED_EDGE('',*,*,#752,.F.);
#969=ORIENTED_EDGE('',*,*,#753,.T.);
#970=ORIENTED_EDGE('',*,*,#752,.T.);
#971=ORIENTED_EDGE('',*,*,#754,.F.);
#972=ORIENTED_EDGE('',*,*,#755,.F.);
#973=ORIENTED_EDGE('',*,*,#756,.T.);
#974=ORIENTED_EDGE('',*,*,#755,.T.);
#975=ORIENTED_EDGE('',*,*,#757,.F.);
#976=ORIENTED_EDGE('',*,*,#758,.F.);
#977=ORIENTED_EDGE('',*,*,#759,.T.);
#978=ORIENTED_EDGE('',*,*,#758,.T.);
#979=ORIENTED_EDGE('',*,*,#760,.F.);
#980=ORIENTED_EDGE('',*,*,#761,.F.);
#981=ORIENTED_EDGE('',*,*,#762,.T.);
#982=ORIENTED_EDGE('',*,*,#761,.T.);
#983=ORIENTED_EDGE('',*,*,#763,.F.);
#984=ORIENTED_EDGE('',*,*,#764,.F.);
#985=ORIENTED_EDGE('',*,*,#765,.T.);
#986=ORIENTED_EDGE('',*,*,#764,.T.);
#987=ORIENTED_EDGE('',*,*,#766,.F.);
#988=ORIENTED_EDGE('',*,*,#767,.F.);
#989=ORIENTED_EDGE('',*,*,#768,.T.);
#990=ORIENTED_EDGE('',*,*,#767,.T.);
#991=ORIENTED_EDGE('',*,*,#769,.F.);
#992=ORIENTED_EDGE('',*,*,#770,.F.);
#993=ORIENTED_EDGE('',*,*,#771,.T.);
#994=ORIENTED_EDGE('',*,*,#770,.T.);
#995=ORIENTED_EDGE('',*,*,#772,.F.);
#996=ORIENTED_EDGE('',*,*,#773,.F.);
#997=ORIENTED_EDGE('',*,*,#774,.T.);
#998=ORIENTED_EDGE('',*,*,#773,.T.);
#999=ORIENTED_EDGE('',*,*,#775,.F.);
#1000=ORIENTED_EDGE('',*,*,#776,.F.);
#1001=ORIENTED_EDGE('',*,*,#777,.F.);
#1002=ORIENTED_EDGE('',*,*,#776,.T.);
#1003=ORIENTED_EDGE('',*,*,#778,.F.);
#1004=ORIENTED_EDGE('',*,*,#779,.F.);
#1005=ORIENTED_EDGE('',*,*,#780,.T.);
#1006=ORIENTED_EDGE('',*,*,#779,.T.);
#1007=ORIENTED_EDGE('',*,*,#781,.F.);
#1008=ORIENTED_EDGE('',*,*,#782,.F.);
#1009=ORIENTED_EDGE('',*,*,#783,.F.);
#1010=ORIENTED_EDGE('',*,*,#782,.T.);
#1011=ORIENTED_EDGE('',*,*,#784,.F.);
#1012=ORIENTED_EDGE('',*,*,#785,.F.);
#1013=ORIENTED_EDGE('',*,*,#786,.T.);
#1014=ORIENTED_EDGE('',*,*,#785,.T.);
#1015=ORIENTED_EDGE('',*,*,#787,.F.);
#1016=ORIENTED_EDGE('',*,*,#788,.F.);
#1017=ORIENTED_EDGE('',*,*,#789,.F.);
#1018=ORIENTED_EDGE('',*,*,#788,.T.);
#1019=ORIENTED_EDGE('',*,*,#790,.F.);
#1020=ORIENTED_EDGE('',*,*,#732,.F.);
#1021=ORIENTED_EDGE('',*,*,#789,.T.);
#1022=ORIENTED_EDGE('',*,*,#731,.F.);
#1023=ORIENTED_EDGE('',*,*,#735,.T.);
#1024=ORIENTED_EDGE('',*,*,#738,.T.);
#1025=ORIENTED_EDGE('',*,*,#741,.T.);
#1026=ORIENTED_EDGE('',*,*,#744,.T.);
#1027=ORIENTED_EDGE('',*,*,#747,.F.);
#1028=ORIENTED_EDGE('',*,*,#750,.F.);
#1029=ORIENTED_EDGE('',*,*,#753,.F.);
#1030=ORIENTED_EDGE('',*,*,#756,.F.);
#1031=ORIENTED_EDGE('',*,*,#759,.F.);
#1032=ORIENTED_EDGE('',*,*,#762,.F.);
#1033=ORIENTED_EDGE('',*,*,#765,.F.);
#1034=ORIENTED_EDGE('',*,*,#768,.F.);
#1035=ORIENTED_EDGE('',*,*,#771,.F.);
#1036=ORIENTED_EDGE('',*,*,#774,.F.);
#1037=ORIENTED_EDGE('',*,*,#777,.T.);
#1038=ORIENTED_EDGE('',*,*,#780,.F.);
#1039=ORIENTED_EDGE('',*,*,#783,.T.);
#1040=ORIENTED_EDGE('',*,*,#786,.F.);
#1041=ORIENTED_EDGE('',*,*,#790,.T.);
#1042=ORIENTED_EDGE('',*,*,#787,.T.);
#1043=ORIENTED_EDGE('',*,*,#784,.T.);
#1044=ORIENTED_EDGE('',*,*,#781,.T.);
#1045=ORIENTED_EDGE('',*,*,#778,.T.);
#1046=ORIENTED_EDGE('',*,*,#775,.T.);
#1047=ORIENTED_EDGE('',*,*,#772,.T.);
#1048=ORIENTED_EDGE('',*,*,#769,.T.);
#1049=ORIENTED_EDGE('',*,*,#766,.T.);
#1050=ORIENTED_EDGE('',*,*,#763,.T.);
#1051=ORIENTED_EDGE('',*,*,#760,.T.);
#1052=ORIENTED_EDGE('',*,*,#757,.T.);
#1053=ORIENTED_EDGE('',*,*,#754,.T.);
#1054=ORIENTED_EDGE('',*,*,#751,.T.);
#1055=ORIENTED_EDGE('',*,*,#748,.T.);
#1056=ORIENTED_EDGE('',*,*,#745,.T.);
#1057=ORIENTED_EDGE('',*,*,#742,.T.);
#1058=ORIENTED_EDGE('',*,*,#739,.T.);
#1059=ORIENTED_EDGE('',*,*,#736,.T.);
#1060=ORIENTED_EDGE('',*,*,#733,.T.);
#1061=ORIENTED_EDGE('',*,*,#791,.T.);
#1062=ORIENTED_EDGE('',*,*,#792,.T.);
#1063=ORIENTED_EDGE('',*,*,#793,.F.);
#1064=ORIENTED_EDGE('',*,*,#794,.F.);
#1065=ORIENTED_EDGE('',*,*,#795,.F.);
#1066=ORIENTED_EDGE('',*,*,#794,.T.);
#1067=ORIENTED_EDGE('',*,*,#796,.F.);
#1068=ORIENTED_EDGE('',*,*,#797,.F.);
#1069=ORIENTED_EDGE('',*,*,#798,.F.);
#1070=ORIENTED_EDGE('',*,*,#797,.T.);
#1071=ORIENTED_EDGE('',*,*,#799,.F.);
#1072=ORIENTED_EDGE('',*,*,#800,.F.);
#1073=ORIENTED_EDGE('',*,*,#801,.F.);
#1074=ORIENTED_EDGE('',*,*,#800,.T.);
#1075=ORIENTED_EDGE('',*,*,#802,.F.);
#1076=ORIENTED_EDGE('',*,*,#803,.F.);
#1077=ORIENTED_EDGE('',*,*,#804,.F.);
#1078=ORIENTED_EDGE('',*,*,#803,.T.);
#1079=ORIENTED_EDGE('',*,*,#805,.F.);
#1080=ORIENTED_EDGE('',*,*,#806,.F.);
#1081=ORIENTED_EDGE('',*,*,#807,.T.);
#1082=ORIENTED_EDGE('',*,*,#806,.T.);
#1083=ORIENTED_EDGE('',*,*,#808,.F.);
#1084=ORIENTED_EDGE('',*,*,#809,.F.);
#1085=ORIENTED_EDGE('',*,*,#810,.T.);
#1086=ORIENTED_EDGE('',*,*,#809,.T.);
#1087=ORIENTED_EDGE('',*,*,#811,.F.);
#1088=ORIENTED_EDGE('',*,*,#812,.F.);
#1089=ORIENTED_EDGE('',*,*,#813,.T.);
#1090=ORIENTED_EDGE('',*,*,#812,.T.);
#1091=ORIENTED_EDGE('',*,*,#814,.F.);
#1092=ORIENTED_EDGE('',*,*,#815,.F.);
#1093=ORIENTED_EDGE('',*,*,#816,.T.);
#1094=ORIENTED_EDGE('',*,*,#815,.T.);
#1095=ORIENTED_EDGE('',*,*,#817,.F.);
#1096=ORIENTED_EDGE('',*,*,#818,.F.);
#1097=ORIENTED_EDGE('',*,*,#819,.T.);
#1098=ORIENTED_EDGE('',*,*,#818,.T.);
#1099=ORIENTED_EDGE('',*,*,#820,.F.);
#1100=ORIENTED_EDGE('',*,*,#821,.F.);
#1101=ORIENTED_EDGE('',*,*,#822,.T.);
#1102=ORIENTED_EDGE('',*,*,#821,.T.);
#1103=ORIENTED_EDGE('',*,*,#823,.F.);
#1104=ORIENTED_EDGE('',*,*,#824,.F.);
#1105=ORIENTED_EDGE('',*,*,#825,.T.);
#1106=ORIENTED_EDGE('',*,*,#824,.T.);
#1107=ORIENTED_EDGE('',*,*,#826,.F.);
#1108=ORIENTED_EDGE('',*,*,#827,.F.);
#1109=ORIENTED_EDGE('',*,*,#828,.T.);
#1110=ORIENTED_EDGE('',*,*,#827,.T.);
#1111=ORIENTED_EDGE('',*,*,#829,.F.);
#1112=ORIENTED_EDGE('',*,*,#830,.F.);
#1113=ORIENTED_EDGE('',*,*,#831,.T.);
#1114=ORIENTED_EDGE('',*,*,#830,.T.);
#1115=ORIENTED_EDGE('',*,*,#832,.F.);
#1116=ORIENTED_EDGE('',*,*,#833,.F.);
#1117=ORIENTED_EDGE('',*,*,#834,.T.);
#1118=ORIENTED_EDGE('',*,*,#833,.T.);
#1119=ORIENTED_EDGE('',*,*,#835,.F.);
#1120=ORIENTED_EDGE('',*,*,#836,.F.);
#1121=ORIENTED_EDGE('',*,*,#837,.F.);
#1122=ORIENTED_EDGE('',*,*,#836,.T.);
#1123=ORIENTED_EDGE('',*,*,#838,.F.);
#1124=ORIENTED_EDGE('',*,*,#839,.F.);
#1125=ORIENTED_EDGE('',*,*,#840,.T.);
#1126=ORIENTED_EDGE('',*,*,#839,.T.);
#1127=ORIENTED_EDGE('',*,*,#841,.F.);
#1128=ORIENTED_EDGE('',*,*,#842,.F.);
#1129=ORIENTED_EDGE('',*,*,#843,.F.);
#1130=ORIENTED_EDGE('',*,*,#842,.T.);
#1131=ORIENTED_EDGE('',*,*,#844,.F.);
#1132=ORIENTED_EDGE('',*,*,#845,.F.);
#1133=ORIENTED_EDGE('',*,*,#846,.T.);
#1134=ORIENTED_EDGE('',*,*,#845,.T.);
#1135=ORIENTED_EDGE('',*,*,#847,.F.);
#1136=ORIENTED_EDGE('',*,*,#848,.F.);
#1137=ORIENTED_EDGE('',*,*,#849,.F.);
#1138=ORIENTED_EDGE('',*,*,#848,.T.);
#1139=ORIENTED_EDGE('',*,*,#850,.F.);
#1140=ORIENTED_EDGE('',*,*,#792,.F.);
#1141=ORIENTED_EDGE('',*,*,#849,.T.);
#1142=ORIENTED_EDGE('',*,*,#791,.F.);
#1143=ORIENTED_EDGE('',*,*,#795,.T.);
#1144=ORIENTED_EDGE('',*,*,#798,.T.);
#1145=ORIENTED_EDGE('',*,*,#801,.T.);
#1146=ORIENTED_EDGE('',*,*,#804,.T.);
#1147=ORIENTED_EDGE('',*,*,#807,.F.);
#1148=ORIENTED_EDGE('',*,*,#810,.F.);
#1149=ORIENTED_EDGE('',*,*,#813,.F.);
#1150=ORIENTED_EDGE('',*,*,#816,.F.);
#1151=ORIENTED_EDGE('',*,*,#819,.F.);
#1152=ORIENTED_EDGE('',*,*,#822,.F.);
#1153=ORIENTED_EDGE('',*,*,#825,.F.);
#1154=ORIENTED_EDGE('',*,*,#828,.F.);
#1155=ORIENTED_EDGE('',*,*,#831,.F.);
#1156=ORIENTED_EDGE('',*,*,#834,.F.);
#1157=ORIENTED_EDGE('',*,*,#837,.T.);
#1158=ORIENTED_EDGE('',*,*,#840,.F.);
#1159=ORIENTED_EDGE('',*,*,#843,.T.);
#1160=ORIENTED_EDGE('',*,*,#846,.F.);
#1161=ORIENTED_EDGE('',*,*,#850,.T.);
#1162=ORIENTED_EDGE('',*,*,#847,.T.);
#1163=ORIENTED_EDGE('',*,*,#844,.T.);
#1164=ORIENTED_EDGE('',*,*,#841,.T.);
#1165=ORIENTED_EDGE('',*,*,#838,.T.);
#1166=ORIENTED_EDGE('',*,*,#835,.T.);
#1167=ORIENTED_EDGE('',*,*,#832,.T.);
#1168=ORIENTED_EDGE('',*,*,#829,.T.);
#1169=ORIENTED_EDGE('',*,*,#826,.T.);
#1170=ORIENTED_EDGE('',*,*,#823,.T.);
#1171=ORIENTED_EDGE('',*,*,#820,.T.);
#1172=ORIENTED_EDGE('',*,*,#817,.T.);
#1173=ORIENTED_EDGE('',*,*,#814,.T.);
#1174=ORIENTED_EDGE('',*,*,#811,.T.);
#1175=ORIENTED_EDGE('',*,*,#808,.T.);
#1176=ORIENTED_EDGE('',*,*,#805,.T.);
#1177=ORIENTED_EDGE('',*,*,#802,.T.);
#1178=ORIENTED_EDGE('',*,*,#799,.T.);
#1179=ORIENTED_EDGE('',*,*,#796,.T.);
#1180=ORIENTED_EDGE('',*,*,#793,.T.);
#1181=ORIENTED_EDGE('',*,*,#851,.T.);
#1182=ORIENTED_EDGE('',*,*,#852,.T.);
#1183=ORIENTED_EDGE('',*,*,#853,.F.);
#1184=ORIENTED_EDGE('',*,*,#854,.F.);
#1185=ORIENTED_EDGE('',*,*,#855,.F.);
#1186=ORIENTED_EDGE('',*,*,#854,.T.);
#1187=ORIENTED_EDGE('',*,*,#856,.F.);
#1188=ORIENTED_EDGE('',*,*,#857,.F.);
#1189=ORIENTED_EDGE('',*,*,#858,.F.);
#1190=ORIENTED_EDGE('',*,*,#857,.T.);
#1191=ORIENTED_EDGE('',*,*,#859,.F.);
#1192=ORIENTED_EDGE('',*,*,#860,.F.);
#1193=ORIENTED_EDGE('',*,*,#861,.F.);
#1194=ORIENTED_EDGE('',*,*,#860,.T.);
#1195=ORIENTED_EDGE('',*,*,#862,.F.);
#1196=ORIENTED_EDGE('',*,*,#863,.F.);
#1197=ORIENTED_EDGE('',*,*,#864,.F.);
#1198=ORIENTED_EDGE('',*,*,#863,.T.);
#1199=ORIENTED_EDGE('',*,*,#865,.F.);
#1200=ORIENTED_EDGE('',*,*,#866,.F.);
#1201=ORIENTED_EDGE('',*,*,#867,.T.);
#1202=ORIENTED_EDGE('',*,*,#866,.T.);
#1203=ORIENTED_EDGE('',*,*,#868,.F.);
#1204=ORIENTED_EDGE('',*,*,#869,.F.);
#1205=ORIENTED_EDGE('',*,*,#870,.T.);
#1206=ORIENTED_EDGE('',*,*,#869,.T.);
#1207=ORIENTED_EDGE('',*,*,#871,.F.);
#1208=ORIENTED_EDGE('',*,*,#872,.F.);
#1209=ORIENTED_EDGE('',*,*,#873,.T.);
#1210=ORIENTED_EDGE('',*,*,#872,.T.);
#1211=ORIENTED_EDGE('',*,*,#874,.F.);
#1212=ORIENTED_EDGE('',*,*,#875,.F.);
#1213=ORIENTED_EDGE('',*,*,#876,.T.);
#1214=ORIENTED_EDGE('',*,*,#875,.T.);
#1215=ORIENTED_EDGE('',*,*,#877,.F.);
#1216=ORIENTED_EDGE('',*,*,#878,.F.);
#1217=ORIENTED_EDGE('',*,*,#879,.T.);
#1218=ORIENTED_EDGE('',*,*,#878,.T.);
#1219=ORIENTED_EDGE('',*,*,#880,.F.);
#1220=ORIENTED_EDGE('',*,*,#881,.F.);
#1221=ORIENTED_EDGE('',*,*,#882,.T.);
#1222=ORIENTED_EDGE('',*,*,#881,.T.);
#1223=ORIENTED_EDGE('',*,*,#883,.F.);
#1224=ORIENTED_EDGE('',*,*,#884,.F.);
#1225=ORIENTED_EDGE('',*,*,#885,.T.);
#1226=ORIENTED_EDGE('',*,*,#884,.T.);
#1227=ORIENTED_EDGE('',*,*,#886,.F.);
#1228=ORIENTED_EDGE('',*,*,#887,.F.);
#1229=ORIENTED_EDGE('',*,*,#888,.T.);
#1230=ORIENTED_EDGE('',*,*,#887,.T.);
#1231=ORIENTED_EDGE('',*,*,#889,.F.);
#1232=ORIENTED_EDGE('',*,*,#890,.F.);
#1233=ORIENTED_EDGE('',*,*,#891,.T.);
#1234=ORIENTED_EDGE('',*,*,#890,.T.);
#1235=ORIENTED_EDGE('',*,*,#892,.F.);
#1236=ORIENTED_EDGE('',*,*,#893,.F.);
#1237=ORIENTED_EDGE('',*,*,#894,.T.);
#1238=ORIENTED_EDGE('',*,*,#893,.T.);
#1239=ORIENTED_EDGE('',*,*,#895,.F.);
#1240=ORIENTED_EDGE('',*,*,#896,.F.);
#1241=ORIENTED_EDGE('',*,*,#897,.F.);
#1242=ORIENTED_EDGE('',*,*,#896,.T.);
#1243=ORIENTED_EDGE('',*,*,#898,.F.);
#1244=ORIENTED_EDGE('',*,*,#899,.F.);
#1245=ORIENTED_EDGE('',*,*,#900,.T.);
#1246=ORIENTED_EDGE('',*,*,#899,.T.);
#1247=ORIENTED_EDGE('',*,*,#901,.F.);
#1248=ORIENTED_EDGE('',*,*,#902,.F.);
#1249=ORIENTED_EDGE('',*,*,#903,.F.);
#1250=ORIENTED_EDGE('',*,*,#902,.T.);
#1251=ORIENTED_EDGE('',*,*,#904,.F.);
#1252=ORIENTED_EDGE('',*,*,#905,.F.);
#1253=ORIENTED_EDGE('',*,*,#906,.T.);
#1254=ORIENTED_EDGE('',*,*,#905,.T.);
#1255=ORIENTED_EDGE('',*,*,#907,.F.);
#1256=ORIENTED_EDGE('',*,*,#908,.F.);
#1257=ORIENTED_EDGE('',*,*,#909,.F.);
#1258=ORIENTED_EDGE('',*,*,#908,.T.);
#1259=ORIENTED_EDGE('',*,*,#910,.F.);
#1260=ORIENTED_EDGE('',*,*,#852,.F.);
#1261=ORIENTED_EDGE('',*,*,#909,.T.);
#1262=ORIENTED_EDGE('',*,*,#851,.F.);
#1263=ORIENTED_EDGE('',*,*,#855,.T.);
#1264=ORIENTED_EDGE('',*,*,#858,.T.);
#1265=ORIENTED_EDGE('',*,*,#861,.T.);
#1266=ORIENTED_EDGE('',*,*,#864,.T.);
#1267=ORIENTED_EDGE('',*,*,#867,.F.);
#1268=ORIENTED_EDGE('',*,*,#870,.F.);
#1269=ORIENTED_EDGE('',*,*,#873,.F.);
#1270=ORIENTED_EDGE('',*,*,#876,.F.);
#1271=ORIENTED_EDGE('',*,*,#879,.F.);
#1272=ORIENTED_EDGE('',*,*,#882,.F.);
#1273=ORIENTED_EDGE('',*,*,#885,.F.);
#1274=ORIENTED_EDGE('',*,*,#888,.F.);
#1275=ORIENTED_EDGE('',*,*,#891,.F.);
#1276=ORIENTED_EDGE('',*,*,#894,.F.);
#1277=ORIENTED_EDGE('',*,*,#897,.T.);
#1278=ORIENTED_EDGE('',*,*,#900,.F.);
#1279=ORIENTED_EDGE('',*,*,#903,.T.);
#1280=ORIENTED_EDGE('',*,*,#906,.F.);
#1281=ORIENTED_EDGE('',*,*,#910,.T.);
#1282=ORIENTED_EDGE('',*,*,#907,.T.);
#1283=ORIENTED_EDGE('',*,*,#904,.T.);
#1284=ORIENTED_EDGE('',*,*,#901,.T.);
#1285=ORIENTED_EDGE('',*,*,#898,.T.);
#1286=ORIENTED_EDGE('',*,*,#895,.T.);
#1287=ORIENTED_EDGE('',*,*,#892,.T.);
#1288=ORIENTED_EDGE('',*,*,#889,.T.);
#1289=ORIENTED_EDGE('',*,*,#886,.T.);
#1290=ORIENTED_EDGE('',*,*,#883,.T.);
#1291=ORIENTED_EDGE('',*,*,#880,.T.);
#1292=ORIENTED_EDGE('',*,*,#877,.T.);
#1293=ORIENTED_EDGE('',*,*,#874,.T.);
#1294=ORIENTED_EDGE('',*,*,#871,.T.);
#1295=ORIENTED_EDGE('',*,*,#868,.T.);
#1296=ORIENTED_EDGE('',*,*,#865,.T.);
#1297=ORIENTED_EDGE('',*,*,#862,.T.);
#1298=ORIENTED_EDGE('',*,*,#859,.T.);
#1299=ORIENTED_EDGE('',*,*,#856,.T.);
#1300=ORIENTED_EDGE('',*,*,#853,.T.);
#1301=ORIENTED_EDGE('',*,*,#911,.F.);
#1302=ORIENTED_EDGE('',*,*,#912,.T.);
#1303=ORIENTED_EDGE('',*,*,#913,.F.);
#1304=ORIENTED_EDGE('',*,*,#912,.F.);
#1305=ORIENTED_EDGE('',*,*,#914,.F.);
#1306=ORIENTED_EDGE('',*,*,#915,.T.);
#1307=ORIENTED_EDGE('',*,*,#916,.F.);
#1308=ORIENTED_EDGE('',*,*,#917,.F.);
#1309=ORIENTED_EDGE('',*,*,#918,.F.);
#1310=ORIENTED_EDGE('',*,*,#917,.T.);
#1311=ORIENTED_EDGE('',*,*,#919,.F.);
#1312=ORIENTED_EDGE('',*,*,#920,.F.);
#1313=ORIENTED_EDGE('',*,*,#921,.F.);
#1314=ORIENTED_EDGE('',*,*,#920,.T.);
#1315=ORIENTED_EDGE('',*,*,#922,.F.);
#1316=ORIENTED_EDGE('',*,*,#923,.F.);
#1317=ORIENTED_EDGE('',*,*,#924,.F.);
#1318=ORIENTED_EDGE('',*,*,#923,.T.);
#1319=ORIENTED_EDGE('',*,*,#925,.F.);
#1320=ORIENTED_EDGE('',*,*,#926,.F.);
#1321=ORIENTED_EDGE('',*,*,#927,.F.);
#1322=ORIENTED_EDGE('',*,*,#926,.T.);
#1323=ORIENTED_EDGE('',*,*,#928,.F.);
#1324=ORIENTED_EDGE('',*,*,#915,.F.);
#1325=ORIENTED_EDGE('',*,*,#928,.T.);
#1326=ORIENTED_EDGE('',*,*,#925,.T.);
#1327=ORIENTED_EDGE('',*,*,#922,.T.);
#1328=ORIENTED_EDGE('',*,*,#919,.T.);
#1329=ORIENTED_EDGE('',*,*,#916,.T.);
#1330=ORIENTED_EDGE('',*,*,#911,.T.);
#1331=ORIENTED_EDGE('',*,*,#927,.T.);
#1332=ORIENTED_EDGE('',*,*,#914,.T.);
#1333=ORIENTED_EDGE('',*,*,#918,.T.);
#1334=ORIENTED_EDGE('',*,*,#921,.T.);
#1335=ORIENTED_EDGE('',*,*,#924,.T.);
#1336=ORIENTED_EDGE('',*,*,#913,.T.);
#1337=ORIENTED_EDGE('',*,*,#929,.T.);
#1338=ORIENTED_EDGE('',*,*,#930,.F.);
#1339=ORIENTED_EDGE('',*,*,#931,.T.);
#1340=ORIENTED_EDGE('',*,*,#932,.T.);
#1341=ORIENTED_EDGE('',*,*,#933,.T.);
#1342=ORIENTED_EDGE('',*,*,#934,.F.);
#1343=ORIENTED_EDGE('',*,*,#935,.T.);
#1344=ORIENTED_EDGE('',*,*,#930,.T.);
#1345=ORIENTED_EDGE('',*,*,#936,.T.);
#1346=ORIENTED_EDGE('',*,*,#932,.F.);
#1347=ORIENTED_EDGE('',*,*,#937,.T.);
#1348=ORIENTED_EDGE('',*,*,#934,.T.);
#1349=ORIENTED_EDGE('',*,*,#931,.F.);
#1350=ORIENTED_EDGE('',*,*,#935,.F.);
#1351=ORIENTED_EDGE('',*,*,#937,.F.);
#1352=ORIENTED_EDGE('',*,*,#933,.F.);
#1353=ORIENTED_EDGE('',*,*,#929,.F.);
#1354=ORIENTED_EDGE('',*,*,#936,.F.);
#1355=ORIENTED_EDGE('',*,*,#938,.T.);
#1356=ORIENTED_EDGE('',*,*,#939,.T.);
#1357=ORIENTED_EDGE('',*,*,#940,.T.);
#1358=ORIENTED_EDGE('',*,*,#939,.F.);
#1359=ORIENTED_EDGE('',*,*,#940,.F.);
#1360=ORIENTED_EDGE('',*,*,#938,.F.);
#1361=PLANE('',#1518);
#1362=PLANE('',#1522);
#1363=PLANE('',#1523);
#1364=PLANE('',#1524);
#1365=PLANE('',#1528);
#1366=PLANE('',#1532);
#1367=PLANE('',#1536);
#1368=PLANE('',#1540);
#1369=PLANE('',#1541);
#1370=PLANE('',#1542);
#1371=PLANE('',#1546);
#1372=PLANE('',#1550);
#1373=PLANE('',#1554);
#1374=PLANE('',#1555);
#1375=PLANE('',#1556);
#1376=PLANE('',#1560);
#1377=PLANE('',#1561);
#1378=PLANE('',#1562);
#1379=PLANE('',#1566);
#1380=PLANE('',#1570);
#1381=PLANE('',#1574);
#1382=PLANE('',#1578);
#1383=PLANE('',#1579);
#1384=PLANE('',#1580);
#1385=PLANE('',#1584);
#1386=PLANE('',#1588);
#1387=PLANE('',#1592);
#1388=PLANE('',#1593);
#1389=PLANE('',#1594);
#1390=PLANE('',#1598);
#1391=PLANE('',#1599);
#1392=PLANE('',#1600);
#1393=PLANE('',#1604);
#1394=PLANE('',#1608);
#1395=PLANE('',#1612);
#1396=PLANE('',#1616);
#1397=PLANE('',#1617);
#1398=PLANE('',#1618);
#1399=PLANE('',#1622);
#1400=PLANE('',#1626);
#1401=PLANE('',#1630);
#1402=PLANE('',#1631);
#1403=PLANE('',#1635);
#1404=PLANE('',#1636);
#1405=PLANE('',#1637);
#1406=PLANE('',#1638);
#1407=PLANE('',#1639);
#1408=PLANE('',#1640);
#1409=PLANE('',#1641);
#1410=PLANE('',#1642);
#1411=PLANE('',#1643);
#1412=PLANE('',#1644);
#1413=PLANE('',#1645);
#1414=PLANE('',#1646);
#1415=PLANE('',#1650);
#1416=PLANE('',#1651);
#1417=ADVANCED_FACE('',(#109),#1361,.T.);
#1418=ADVANCED_FACE('',(#110),#83,.T.);
#1419=ADVANCED_FACE('',(#111),#1362,.T.);
#1420=ADVANCED_FACE('',(#112),#1363,.T.);
#1421=ADVANCED_FACE('',(#113),#1364,.T.);
#1422=ADVANCED_FACE('',(#114),#84,.F.);
#1423=ADVANCED_FACE('',(#115),#1365,.T.);
#1424=ADVANCED_FACE('',(#116),#85,.F.);
#1425=ADVANCED_FACE('',(#117),#1366,.T.);
#1426=ADVANCED_FACE('',(#118),#86,.F.);
#1427=ADVANCED_FACE('',(#119),#1367,.T.);
#1428=ADVANCED_FACE('',(#120),#87,.F.);
#1429=ADVANCED_FACE('',(#121),#1368,.T.);
#1430=ADVANCED_FACE('',(#122),#1369,.T.);
#1431=ADVANCED_FACE('',(#123),#1370,.T.);
#1432=ADVANCED_FACE('',(#124),#88,.T.);
#1433=ADVANCED_FACE('',(#125),#1371,.T.);
#1434=ADVANCED_FACE('',(#126),#89,.T.);
#1435=ADVANCED_FACE('',(#127),#1372,.T.);
#1436=ADVANCED_FACE('',(#128),#90,.T.);
#1437=ADVANCED_FACE('',(#129),#1373,.T.);
#1438=ADVANCED_FACE('',(#130),#1374,.F.);
#1439=ADVANCED_FACE('',(#131),#1375,.T.);
#1440=ADVANCED_FACE('',(#132),#91,.T.);
#1441=ADVANCED_FACE('',(#133),#1376,.T.);
#1442=ADVANCED_FACE('',(#134),#1377,.T.);
#1443=ADVANCED_FACE('',(#135),#1378,.T.);
#1444=ADVANCED_FACE('',(#136),#92,.F.);
#1445=ADVANCED_FACE('',(#137),#1379,.T.);
#1446=ADVANCED_FACE('',(#138),#93,.F.);
#1447=ADVANCED_FACE('',(#139),#1380,.T.);
#1448=ADVANCED_FACE('',(#140),#94,.F.);
#1449=ADVANCED_FACE('',(#141),#1381,.T.);
#1450=ADVANCED_FACE('',(#142),#95,.F.);
#1451=ADVANCED_FACE('',(#143),#1382,.T.);
#1452=ADVANCED_FACE('',(#144),#1383,.T.);
#1453=ADVANCED_FACE('',(#145),#1384,.T.);
#1454=ADVANCED_FACE('',(#146),#96,.T.);
#1455=ADVANCED_FACE('',(#147),#1385,.T.);
#1456=ADVANCED_FACE('',(#148),#97,.T.);
#1457=ADVANCED_FACE('',(#149),#1386,.T.);
#1458=ADVANCED_FACE('',(#150),#98,.T.);
#1459=ADVANCED_FACE('',(#151),#1387,.T.);
#1460=ADVANCED_FACE('',(#152),#1388,.F.);
#1461=ADVANCED_FACE('',(#153),#1389,.T.);
#1462=ADVANCED_FACE('',(#154),#99,.T.);
#1463=ADVANCED_FACE('',(#155),#1390,.T.);
#1464=ADVANCED_FACE('',(#156),#1391,.T.);
#1465=ADVANCED_FACE('',(#157),#1392,.T.);
#1466=ADVANCED_FACE('',(#158),#100,.F.);
#1467=ADVANCED_FACE('',(#159),#1393,.T.);
#1468=ADVANCED_FACE('',(#160),#101,.F.);
#1469=ADVANCED_FACE('',(#161),#1394,.T.);
#1470=ADVANCED_FACE('',(#162),#102,.F.);
#1471=ADVANCED_FACE('',(#163),#1395,.T.);
#1472=ADVANCED_FACE('',(#164),#103,.F.);
#1473=ADVANCED_FACE('',(#165),#1396,.T.);
#1474=ADVANCED_FACE('',(#166),#1397,.T.);
#1475=ADVANCED_FACE('',(#167),#1398,.T.);
#1476=ADVANCED_FACE('',(#168),#104,.T.);
#1477=ADVANCED_FACE('',(#169),#1399,.T.);
#1478=ADVANCED_FACE('',(#170),#105,.T.);
#1479=ADVANCED_FACE('',(#171),#1400,.T.);
#1480=ADVANCED_FACE('',(#172),#106,.T.);
#1481=ADVANCED_FACE('',(#173),#1401,.T.);
#1482=ADVANCED_FACE('',(#174),#1402,.F.);
#1483=ADVANCED_FACE('',(#175),#107,.F.);
#1484=ADVANCED_FACE('',(#176),#1403,.T.);
#1485=ADVANCED_FACE('',(#177),#1404,.T.);
#1486=ADVANCED_FACE('',(#178),#1405,.T.);
#1487=ADVANCED_FACE('',(#179),#1406,.T.);
#1488=ADVANCED_FACE('',(#180),#1407,.T.);
#1489=ADVANCED_FACE('',(#181,#13),#1408,.T.);
#1490=ADVANCED_FACE('',(#182,#14),#1409,.F.);
#1491=ADVANCED_FACE('',(#183),#1410,.T.);
#1492=ADVANCED_FACE('',(#184),#1411,.T.);
#1493=ADVANCED_FACE('',(#185),#1412,.T.);
#1494=ADVANCED_FACE('',(#186),#1413,.T.);
#1495=ADVANCED_FACE('',(#187),#1414,.T.);
#1496=ADVANCED_FACE('',(#188),#108,.T.);
#1497=ADVANCED_FACE('',(#189),#1415,.T.);
#1498=ADVANCED_FACE('',(#190),#1416,.T.);
#1499=CLOSED_SHELL('',(#1417,#1418,#1419,#1420,#1421,#1422,#1423,#1424,
#1425,#1426,#1427,#1428,#1429,#1430,#1431,#1432,#1433,#1434,#1435,#1436,
#1437,#1438));
#1500=CLOSED_SHELL('',(#1439,#1440,#1441,#1442,#1443,#1444,#1445,#1446,
#1447,#1448,#1449,#1450,#1451,#1452,#1453,#1454,#1455,#1456,#1457,#1458,
#1459,#1460));
#1501=CLOSED_SHELL('',(#1461,#1462,#1463,#1464,#1465,#1466,#1467,#1468,
#1469,#1470,#1471,#1472,#1473,#1474,#1475,#1476,#1477,#1478,#1479,#1480,
#1481,#1482));
#1502=CLOSED_SHELL('',(#1483,#1484,#1485,#1486,#1487,#1488,#1489,#1490));
#1503=CLOSED_SHELL('',(#1491,#1492,#1493,#1494,#1495));
#1504=CLOSED_SHELL('',(#1496,#1497,#1498));
#1505=DERIVED_UNIT_ELEMENT(#1507,1.);
#1506=DERIVED_UNIT_ELEMENT(#2518,-3.);
#1507=(
MASS_UNIT()
NAMED_UNIT(*)
SI_UNIT(.KILO.,.GRAM.)
);
#1508=DERIVED_UNIT((#1505,#1506));
#1509=MEASURE_REPRESENTATION_ITEM('density measure',
POSITIVE_RATIO_MEASURE(7850.),#1508);
#1510=PROPERTY_DEFINITION_REPRESENTATION(#1515,#1512);
#1511=PROPERTY_DEFINITION_REPRESENTATION(#1516,#1513);
#1512=REPRESENTATION('material name',(#1514),#2515);
#1513=REPRESENTATION('density',(#1509),#2515);
#1514=DESCRIPTIVE_REPRESENTATION_ITEM('Stahl','Stahl');
#1515=PROPERTY_DEFINITION('material property','material name',#2525);
#1516=PROPERTY_DEFINITION('material property','density of part',#2525);
#1517=AXIS2_PLACEMENT_3D('',#2080,#1652,#1653);
#1518=AXIS2_PLACEMENT_3D('',#2081,#1654,#1655);
#1519=AXIS2_PLACEMENT_3D('',#2090,#1660,#1661);
#1520=AXIS2_PLACEMENT_3D('',#2092,#1662,#1663);
#1521=AXIS2_PLACEMENT_3D('',#2094,#1664,#1665);
#1522=AXIS2_PLACEMENT_3D('',#2096,#1667,#1668);
#1523=AXIS2_PLACEMENT_3D('',#2102,#1672,#1673);
#1524=AXIS2_PLACEMENT_3D('',#2108,#1677,#1678);
#1525=AXIS2_PLACEMENT_3D('',#2114,#1682,#1683);
#1526=AXIS2_PLACEMENT_3D('',#2116,#1684,#1685);
#1527=AXIS2_PLACEMENT_3D('',#2118,#1686,#1687);
#1528=AXIS2_PLACEMENT_3D('',#2120,#1689,#1690);
#1529=AXIS2_PLACEMENT_3D('',#2126,#1694,#1695);
#1530=AXIS2_PLACEMENT_3D('',#2128,#1696,#1697);
#1531=AXIS2_PLACEMENT_3D('',#2130,#1698,#1699);
#1532=AXIS2_PLACEMENT_3D('',#2132,#1701,#1702);
#1533=AXIS2_PLACEMENT_3D('',#2138,#1706,#1707);
#1534=AXIS2_PLACEMENT_3D('',#2140,#1708,#1709);
#1535=AXIS2_PLACEMENT_3D('',#2142,#1710,#1711);
#1536=AXIS2_PLACEMENT_3D('',#2144,#1713,#1714);
#1537=AXIS2_PLACEMENT_3D('',#2150,#1718,#1719);
#1538=AXIS2_PLACEMENT_3D('',#2152,#1720,#1721);
#1539=AXIS2_PLACEMENT_3D('',#2154,#1722,#1723);
#1540=AXIS2_PLACEMENT_3D('',#2156,#1725,#1726);
#1541=AXIS2_PLACEMENT_3D('',#2162,#1730,#1731);
#1542=AXIS2_PLACEMENT_3D('',#2168,#1735,#1736);
#1543=AXIS2_PLACEMENT_3D('',#2174,#1740,#1741);
#1544=AXIS2_PLACEMENT_3D('',#2176,#1742,#1743);
#1545=AXIS2_PLACEMENT_3D('',#2178,#1744,#1745);
#1546=AXIS2_PLACEMENT_3D('',#2180,#1747,#1748);
#1547=AXIS2_PLACEMENT_3D('',#2186,#1752,#1753);
#1548=AXIS2_PLACEMENT_3D('',#2188,#1754,#1755);
#1549=AXIS2_PLACEMENT_3D('',#2190,#1756,#1757);
#1550=AXIS2_PLACEMENT_3D('',#2192,#1759,#1760);
#1551=AXIS2_PLACEMENT_3D('',#2198,#1764,#1765);
#1552=AXIS2_PLACEMENT_3D('',#2199,#1766,#1767);
#1553=AXIS2_PLACEMENT_3D('',#2200,#1768,#1769);
#1554=AXIS2_PLACEMENT_3D('',#2201,#1770,#1771);
#1555=AXIS2_PLACEMENT_3D('',#2202,#1772,#1773);
#1556=AXIS2_PLACEMENT_3D('',#2203,#1774,#1775);
#1557=AXIS2_PLACEMENT_3D('',#2212,#1780,#1781);
#1558=AXIS2_PLACEMENT_3D('',#2214,#1782,#1783);
#1559=AXIS2_PLACEMENT_3D('',#2216,#1784,#1785);
#1560=AXIS2_PLACEMENT_3D('',#2218,#1787,#1788);
#1561=AXIS2_PLACEMENT_3D('',#2224,#1792,#1793);
#1562=AXIS2_PLACEMENT_3D('',#2230,#1797,#1798);
#1563=AXIS2_PLACEMENT_3D('',#2236,#1802,#1803);
#1564=AXIS2_PLACEMENT_3D('',#2238,#1804,#1805);
#1565=AXIS2_PLACEMENT_3D('',#2240,#1806,#1807);
#1566=AXIS2_PLACEMENT_3D('',#2242,#1809,#1810);
#1567=AXIS2_PLACEMENT_3D('',#2248,#1814,#1815);
#1568=AXIS2_PLACEMENT_3D('',#2250,#1816,#1817);
#1569=AXIS2_PLACEMENT_3D('',#2252,#1818,#1819);
#1570=AXIS2_PLACEMENT_3D('',#2254,#1821,#1822);
#1571=AXIS2_PLACEMENT_3D('',#2260,#1826,#1827);
#1572=AXIS2_PLACEMENT_3D('',#2262,#1828,#1829);
#1573=AXIS2_PLACEMENT_3D('',#2264,#1830,#1831);
#1574=AXIS2_PLACEMENT_3D('',#2266,#1833,#1834);
#1575=AXIS2_PLACEMENT_3D('',#2272,#1838,#1839);
#1576=AXIS2_PLACEMENT_3D('',#2274,#1840,#1841);
#1577=AXIS2_PLACEMENT_3D('',#2276,#1842,#1843);
#1578=AXIS2_PLACEMENT_3D('',#2278,#1845,#1846);
#1579=AXIS2_PLACEMENT_3D('',#2284,#1850,#1851);
#1580=AXIS2_PLACEMENT_3D('',#2290,#1855,#1856);
#1581=AXIS2_PLACEMENT_3D('',#2296,#1860,#1861);
#1582=AXIS2_PLACEMENT_3D('',#2298,#1862,#1863);
#1583=AXIS2_PLACEMENT_3D('',#2300,#1864,#1865);
#1584=AXIS2_PLACEMENT_3D('',#2302,#1867,#1868);
#1585=AXIS2_PLACEMENT_3D('',#2308,#1872,#1873);
#1586=AXIS2_PLACEMENT_3D('',#2310,#1874,#1875);
#1587=AXIS2_PLACEMENT_3D('',#2312,#1876,#1877);
#1588=AXIS2_PLACEMENT_3D('',#2314,#1879,#1880);
#1589=AXIS2_PLACEMENT_3D('',#2320,#1884,#1885);
#1590=AXIS2_PLACEMENT_3D('',#2321,#1886,#1887);
#1591=AXIS2_PLACEMENT_3D('',#2322,#1888,#1889);
#1592=AXIS2_PLACEMENT_3D('',#2323,#1890,#1891);
#1593=AXIS2_PLACEMENT_3D('',#2324,#1892,#1893);
#1594=AXIS2_PLACEMENT_3D('',#2325,#1894,#1895);
#1595=AXIS2_PLACEMENT_3D('',#2334,#1900,#1901);
#1596=AXIS2_PLACEMENT_3D('',#2336,#1902,#1903);
#1597=AXIS2_PLACEMENT_3D('',#2338,#1904,#1905);
#1598=AXIS2_PLACEMENT_3D('',#2340,#1907,#1908);
#1599=AXIS2_PLACEMENT_3D('',#2346,#1912,#1913);
#1600=AXIS2_PLACEMENT_3D('',#2352,#1917,#1918);
#1601=AXIS2_PLACEMENT_3D('',#2358,#1922,#1923);
#1602=AXIS2_PLACEMENT_3D('',#2360,#1924,#1925);
#1603=AXIS2_PLACEMENT_3D('',#2362,#1926,#1927);
#1604=AXIS2_PLACEMENT_3D('',#2364,#1929,#1930);
#1605=AXIS2_PLACEMENT_3D('',#2370,#1934,#1935);
#1606=AXIS2_PLACEMENT_3D('',#2372,#1936,#1937);
#1607=AXIS2_PLACEMENT_3D('',#2374,#1938,#1939);
#1608=AXIS2_PLACEMENT_3D('',#2376,#1941,#1942);
#1609=AXIS2_PLACEMENT_3D('',#2382,#1946,#1947);
#1610=AXIS2_PLACEMENT_3D('',#2384,#1948,#1949);
#1611=AXIS2_PLACEMENT_3D('',#2386,#1950,#1951);
#1612=AXIS2_PLACEMENT_3D('',#2388,#1953,#1954);
#1613=AXIS2_PLACEMENT_3D('',#2394,#1958,#1959);
#1614=AXIS2_PLACEMENT_3D('',#2396,#1960,#1961);
#1615=AXIS2_PLACEMENT_3D('',#2398,#1962,#1963);
#1616=AXIS2_PLACEMENT_3D('',#2400,#1965,#1966);
#1617=AXIS2_PLACEMENT_3D('',#2406,#1970,#1971);
#1618=AXIS2_PLACEMENT_3D('',#2412,#1975,#1976);
#1619=AXIS2_PLACEMENT_3D('',#2418,#1980,#1981);
#1620=AXIS2_PLACEMENT_3D('',#2420,#1982,#1983);
#1621=AXIS2_PLACEMENT_3D('',#2422,#1984,#1985);
#1622=AXIS2_PLACEMENT_3D('',#2424,#1987,#1988);
#1623=AXIS2_PLACEMENT_3D('',#2430,#1992,#1993);
#1624=AXIS2_PLACEMENT_3D('',#2432,#1994,#1995);
#1625=AXIS2_PLACEMENT_3D('',#2434,#1996,#1997);
#1626=AXIS2_PLACEMENT_3D('',#2436,#1999,#2000);
#1627=AXIS2_PLACEMENT_3D('',#2442,#2004,#2005);
#1628=AXIS2_PLACEMENT_3D('',#2443,#2006,#2007);
#1629=AXIS2_PLACEMENT_3D('',#2444,#2008,#2009);
#1630=AXIS2_PLACEMENT_3D('',#2445,#2010,#2011);
#1631=AXIS2_PLACEMENT_3D('',#2446,#2012,#2013);
#1632=AXIS2_PLACEMENT_3D('',#2447,#2014,#2015);
#1633=AXIS2_PLACEMENT_3D('',#2449,#2016,#2017);
#1634=AXIS2_PLACEMENT_3D('',#2452,#2019,#2020);
#1635=AXIS2_PLACEMENT_3D('',#2453,#2021,#2022);
#1636=AXIS2_PLACEMENT_3D('',#2462,#2027,#2028);
#1637=AXIS2_PLACEMENT_3D('',#2468,#2032,#2033);
#1638=AXIS2_PLACEMENT_3D('',#2474,#2037,#2038);
#1639=AXIS2_PLACEMENT_3D('',#2480,#2042,#2043);
#1640=AXIS2_PLACEMENT_3D('',#2483,#2046,#2047);
#1641=AXIS2_PLACEMENT_3D('',#2484,#2048,#2049);
#1642=AXIS2_PLACEMENT_3D('',#2485,#2050,#2051);
#1643=AXIS2_PLACEMENT_3D('',#2494,#2056,#2057);
#1644=AXIS2_PLACEMENT_3D('',#2500,#2061,#2062);
#1645=AXIS2_PLACEMENT_3D('',#2503,#2065,#2066);
#1646=AXIS2_PLACEMENT_3D('',#2504,#2067,#2068);
#1647=AXIS2_PLACEMENT_3D('',#2505,#2069,#2070);
#1648=AXIS2_PLACEMENT_3D('',#2507,#2071,#2072);
#1649=AXIS2_PLACEMENT_3D('',#2510,#2074,#2075);
#1650=AXIS2_PLACEMENT_3D('',#2511,#2076,#2077);
#1651=AXIS2_PLACEMENT_3D('',#2512,#2078,#2079);
#1652=DIRECTION('axis',(0.,0.,1.));
#1653=DIRECTION('refdir',(1.,0.,0.));
#1654=DIRECTION('center_axis',(-1.,0.,0.));
#1655=DIRECTION('ref_axis',(0.,0.,1.));
#1656=DIRECTION('',(0.,0.,1.));
#1657=DIRECTION('',(0.,1.,0.));
#1658=DIRECTION('',(0.,0.,1.));
#1659=DIRECTION('',(0.,1.,0.));
#1660=DIRECTION('center_axis',(0.,1.,0.));
#1661=DIRECTION('ref_axis',(-1.,0.,1.18952466924124E-15));
#1662=DIRECTION('center_axis',(0.,-1.,0.));
#1663=DIRECTION('ref_axis',(-1.,0.,1.18952466924124E-15));
#1664=DIRECTION('center_axis',(0.,1.,0.));
#1665=DIRECTION('ref_axis',(-1.,0.,1.18952466924124E-15));
#1666=DIRECTION('',(0.,1.,0.));
#1667=DIRECTION('center_axis',(-3.01690995871872E-16,0.,-1.));
#1668=DIRECTION('ref_axis',(-1.,0.,3.01690995871872E-16));
#1669=DIRECTION('',(1.,0.,-3.01690995871872E-16));
#1670=DIRECTION('',(-1.,0.,3.01690995871872E-16));
#1671=DIRECTION('',(0.,1.,0.));
#1672=DIRECTION('center_axis',(1.,0.,0.));
#1673=DIRECTION('ref_axis',(0.,0.,-1.));
#1674=DIRECTION('',(0.,0.,1.));
#1675=DIRECTION('',(0.,0.,-1.));
#1676=DIRECTION('',(0.,1.,0.));
#1677=DIRECTION('center_axis',(1.20676418652004E-16,0.,1.));
#1678=DIRECTION('ref_axis',(1.,0.,-1.20676418652004E-16));
#1679=DIRECTION('',(-1.,0.,1.20676418652004E-16));
#1680=DIRECTION('',(1.,0.,-1.20676418652004E-16));
#1681=DIRECTION('',(0.,1.,0.));
#1682=DIRECTION('center_axis',(0.,1.,0.));
#1683=DIRECTION('ref_axis',(-1.,0.,3.46944695195363E-15));
#1684=DIRECTION('center_axis',(0.,-1.,0.));
#1685=DIRECTION('ref_axis',(-1.,0.,3.46944695195363E-15));
#1686=DIRECTION('center_axis',(0.,-1.,0.));
#1687=DIRECTION('ref_axis',(-1.,0.,3.46944695195363E-15));
#1688=DIRECTION('',(0.,1.,0.));
#1689=DIRECTION('center_axis',(1.,0.,0.));
#1690=DIRECTION('ref_axis',(0.,0.,-1.));
#1691=DIRECTION('',(0.,0.,-1.));
#1692=DIRECTION('',(0.,0.,-1.));
#1693=DIRECTION('',(0.,1.,0.));
#1694=DIRECTION('center_axis',(0.,1.,0.));
#1695=DIRECTION('ref_axis',(-2.77555756156288E-15,0.,1.));
#1696=DIRECTION('center_axis',(0.,-1.,0.));
#1697=DIRECTION('ref_axis',(-2.77555756156288E-15,0.,1.));
#1698=DIRECTION('center_axis',(0.,-1.,0.));
#1699=DIRECTION('ref_axis',(-2.77555756156288E-15,0.,1.));
#1700=DIRECTION('',(0.,1.,0.));
#1701=DIRECTION('center_axis',(5.55111525216596E-17,0.,-1.));
#1702=DIRECTION('ref_axis',(-1.,0.,-5.55111525216596E-17));
#1703=DIRECTION('',(-1.,0.,-5.55111525216596E-17));
#1704=DIRECTION('',(-1.,0.,-5.55111525216596E-17));
#1705=DIRECTION('',(0.,1.,0.));
#1706=DIRECTION('center_axis',(0.,1.,0.));
#1707=DIRECTION('ref_axis',(1.,0.,-4.16333634234436E-15));
#1708=DIRECTION('center_axis',(0.,-1.,0.));
#1709=DIRECTION('ref_axis',(1.,0.,-4.16333634234436E-15));
#1710=DIRECTION('center_axis',(0.,-1.,0.));
#1711=DIRECTION('ref_axis',(1.,0.,-4.16333634234436E-15));
#1712=DIRECTION('',(0.,1.,0.));
#1713=DIRECTION('center_axis',(-1.,0.,0.));
#1714=DIRECTION('ref_axis',(0.,0.,1.));
#1715=DIRECTION('',(0.,0.,1.));
#1716=DIRECTION('',(0.,0.,1.));
#1717=DIRECTION('',(0.,1.,0.));
#1718=DIRECTION('center_axis',(0.,1.,0.));
#1719=DIRECTION('ref_axis',(-5.5511151231258E-15,0.,-1.));
#1720=DIRECTION('center_axis',(0.,-1.,0.));
#1721=DIRECTION('ref_axis',(-5.5511151231258E-15,0.,-1.));
#1722=DIRECTION('center_axis',(0.,-1.,0.));
#1723=DIRECTION('ref_axis',(-5.5511151231258E-15,0.,-1.));
#1724=DIRECTION('',(0.,1.,0.));
#1725=DIRECTION('center_axis',(0.,0.,1.));
#1726=DIRECTION('ref_axis',(1.,0.,0.));
#1727=DIRECTION('',(1.,0.,0.));
#1728=DIRECTION('',(1.,0.,0.));
#1729=DIRECTION('',(0.,1.,0.));
#1730=DIRECTION('center_axis',(-0.9999999977781,0.,6.66618396290776E-5));
#1731=DIRECTION('ref_axis',(6.66618396290776E-5,0.,0.9999999977781));
#1732=DIRECTION('',(6.66618396290776E-5,0.,0.999999997778099));
#1733=DIRECTION('',(6.66618396290776E-5,0.,0.999999997778099));
#1734=DIRECTION('',(0.,1.,0.));
#1735=DIRECTION('center_axis',(-6.6661839629017E-5,0.,-0.9999999977781));
#1736=DIRECTION('ref_axis',(-0.9999999977781,0.,6.6661839629017E-5));
#1737=DIRECTION('',(-0.999999997778099,0.,6.6661839629017E-5));
#1738=DIRECTION('',(-0.999999997778099,0.,6.6661839629017E-5));
#1739=DIRECTION('',(0.,1.,0.));
#1740=DIRECTION('center_axis',(0.,1.,0.));
#1741=DIRECTION('ref_axis',(-6.66618396269072E-5,0.,-0.9999999977781));
#1742=DIRECTION('center_axis',(0.,-1.,0.));
#1743=DIRECTION('ref_axis',(-6.66618396269072E-5,0.,-0.9999999977781));
#1744=DIRECTION('center_axis',(0.,1.,0.));
#1745=DIRECTION('ref_axis',(-6.66618396269072E-5,0.,-0.9999999977781));
#1746=DIRECTION('',(0.,1.,0.));
#1747=DIRECTION('center_axis',(1.,0.,0.));
#1748=DIRECTION('ref_axis',(0.,0.,-1.));
#1749=DIRECTION('',(0.,0.,-1.));
#1750=DIRECTION('',(0.,0.,-1.));
#1751=DIRECTION('',(0.,1.,0.));
#1752=DIRECTION('center_axis',(0.,1.,0.));
#1753=DIRECTION('ref_axis',(1.,0.,-7.93016446160827E-16));
#1754=DIRECTION('center_axis',(0.,-1.,0.));
#1755=DIRECTION('ref_axis',(1.,0.,-7.93016446160827E-16));
#1756=DIRECTION('center_axis',(0.,1.,0.));
#1757=DIRECTION('ref_axis',(1.,0.,-7.93016446160827E-16));
#1758=DIRECTION('',(0.,1.,0.));
#1759=DIRECTION('center_axis',(0.,0.,1.));
#1760=DIRECTION('ref_axis',(1.,0.,0.));
#1761=DIRECTION('',(1.,0.,0.));
#1762=DIRECTION('',(1.,0.,0.));
#1763=DIRECTION('',(0.,1.,0.));
#1764=DIRECTION('center_axis',(0.,1.,0.));
#1765=DIRECTION('ref_axis',(-1.58603289232165E-15,0.,1.));
#1766=DIRECTION('center_axis',(0.,-1.,0.));
#1767=DIRECTION('ref_axis',(-1.58603289232165E-15,0.,1.));
#1768=DIRECTION('center_axis',(0.,1.,0.));
#1769=DIRECTION('ref_axis',(-1.58603289232165E-15,0.,1.));
#1770=DIRECTION('center_axis',(0.,-1.,0.));
#1771=DIRECTION('ref_axis',(1.,0.,0.));
#1772=DIRECTION('center_axis',(0.,-1.,0.));
#1773=DIRECTION('ref_axis',(1.,0.,0.));
#1774=DIRECTION('center_axis',(-1.,0.,0.));
#1775=DIRECTION('ref_axis',(0.,0.,1.));
#1776=DIRECTION('',(0.,0.,1.));
#1777=DIRECTION('',(0.,1.,0.));
#1778=DIRECTION('',(0.,0.,1.));
#1779=DIRECTION('',(0.,1.,0.));
#1780=DIRECTION('center_axis',(0.,1.,0.));
#1781=DIRECTION('ref_axis',(-1.,0.,1.18952466924124E-15));
#1782=DIRECTION('center_axis',(0.,-1.,0.));
#1783=DIRECTION('ref_axis',(-1.,0.,1.18952466924124E-15));
#1784=DIRECTION('center_axis',(0.,1.,0.));
#1785=DIRECTION('ref_axis',(-1.,0.,1.18952466924124E-15));
#1786=DIRECTION('',(0.,1.,0.));
#1787=DIRECTION('center_axis',(-3.01690995871872E-16,0.,-1.));
#1788=DIRECTION('ref_axis',(-1.,0.,3.01690995871872E-16));
#1789=DIRECTION('',(1.,0.,-3.01690995871872E-16));
#1790=DIRECTION('',(-1.,0.,3.01690995871872E-16));
#1791=DIRECTION('',(0.,1.,0.));
#1792=DIRECTION('center_axis',(1.,0.,0.));
#1793=DIRECTION('ref_axis',(0.,0.,-1.));
#1794=DIRECTION('',(0.,0.,1.));
#1795=DIRECTION('',(0.,0.,-1.));
#1796=DIRECTION('',(0.,1.,0.));
#1797=DIRECTION('center_axis',(1.20676418652004E-16,0.,1.));
#1798=DIRECTION('ref_axis',(1.,0.,-1.20676418652004E-16));
#1799=DIRECTION('',(-1.,0.,1.20676418652004E-16));
#1800=DIRECTION('',(1.,0.,-1.20676418652004E-16));
#1801=DIRECTION('',(0.,1.,0.));
#1802=DIRECTION('center_axis',(0.,1.,0.));
#1803=DIRECTION('ref_axis',(-1.,0.,3.46944695195363E-15));
#1804=DIRECTION('center_axis',(0.,-1.,0.));
#1805=DIRECTION('ref_axis',(-1.,0.,3.46944695195363E-15));
#1806=DIRECTION('center_axis',(0.,-1.,0.));
#1807=DIRECTION('ref_axis',(-1.,0.,3.46944695195363E-15));
#1808=DIRECTION('',(0.,1.,0.));
#1809=DIRECTION('center_axis',(1.,0.,0.));
#1810=DIRECTION('ref_axis',(0.,0.,-1.));
#1811=DIRECTION('',(0.,0.,-1.));
#1812=DIRECTION('',(0.,0.,-1.));
#1813=DIRECTION('',(0.,1.,0.));
#1814=DIRECTION('center_axis',(0.,1.,0.));
#1815=DIRECTION('ref_axis',(-2.77555756156288E-15,0.,1.));
#1816=DIRECTION('center_axis',(0.,-1.,0.));
#1817=DIRECTION('ref_axis',(-2.77555756156288E-15,0.,1.));
#1818=DIRECTION('center_axis',(0.,-1.,0.));
#1819=DIRECTION('ref_axis',(-2.77555756156288E-15,0.,1.));
#1820=DIRECTION('',(0.,1.,0.));
#1821=DIRECTION('center_axis',(5.55111525216596E-17,0.,-1.));
#1822=DIRECTION('ref_axis',(-1.,0.,-5.55111525216596E-17));
#1823=DIRECTION('',(-1.,0.,-5.55111525216596E-17));
#1824=DIRECTION('',(-1.,0.,-5.55111525216596E-17));
#1825=DIRECTION('',(0.,1.,0.));
#1826=DIRECTION('center_axis',(0.,1.,0.));
#1827=DIRECTION('ref_axis',(1.,0.,-4.16333634234436E-15));
#1828=DIRECTION('center_axis',(0.,-1.,0.));
#1829=DIRECTION('ref_axis',(1.,0.,-4.16333634234436E-15));
#1830=DIRECTION('center_axis',(0.,-1.,0.));
#1831=DIRECTION('ref_axis',(1.,0.,-4.16333634234436E-15));
#1832=DIRECTION('',(0.,1.,0.));
#1833=DIRECTION('center_axis',(-1.,0.,0.));
#1834=DIRECTION('ref_axis',(0.,0.,1.));
#1835=DIRECTION('',(0.,0.,1.));
#1836=DIRECTION('',(0.,0.,1.));
#1837=DIRECTION('',(0.,1.,0.));
#1838=DIRECTION('center_axis',(0.,1.,0.));
#1839=DIRECTION('ref_axis',(-5.5511151231258E-15,0.,-1.));
#1840=DIRECTION('center_axis',(0.,-1.,0.));
#1841=DIRECTION('ref_axis',(-5.5511151231258E-15,0.,-1.));
#1842=DIRECTION('center_axis',(0.,-1.,0.));
#1843=DIRECTION('ref_axis',(-5.5511151231258E-15,0.,-1.));
#1844=DIRECTION('',(0.,1.,0.));
#1845=DIRECTION('center_axis',(0.,0.,1.));
#1846=DIRECTION('ref_axis',(1.,0.,0.));
#1847=DIRECTION('',(1.,0.,0.));
#1848=DIRECTION('',(1.,0.,0.));
#1849=DIRECTION('',(0.,1.,0.));
#1850=DIRECTION('center_axis',(-0.9999999977781,0.,6.66618396290776E-5));
#1851=DIRECTION('ref_axis',(6.66618396290776E-5,0.,0.9999999977781));
#1852=DIRECTION('',(6.66618396290776E-5,0.,0.999999997778099));
#1853=DIRECTION('',(6.66618396290776E-5,0.,0.999999997778099));
#1854=DIRECTION('',(0.,1.,0.));
#1855=DIRECTION('center_axis',(-6.6661839629017E-5,0.,-0.9999999977781));
#1856=DIRECTION('ref_axis',(-0.9999999977781,0.,6.6661839629017E-5));
#1857=DIRECTION('',(-0.999999997778099,0.,6.6661839629017E-5));
#1858=DIRECTION('',(-0.999999997778099,0.,6.6661839629017E-5));
#1859=DIRECTION('',(0.,1.,0.));
#1860=DIRECTION('center_axis',(0.,1.,0.));
#1861=DIRECTION('ref_axis',(-6.66618396269072E-5,0.,-0.9999999977781));
#1862=DIRECTION('center_axis',(0.,-1.,0.));
#1863=DIRECTION('ref_axis',(-6.66618396269072E-5,0.,-0.9999999977781));
#1864=DIRECTION('center_axis',(0.,1.,0.));
#1865=DIRECTION('ref_axis',(-6.66618396269072E-5,0.,-0.9999999977781));
#1866=DIRECTION('',(0.,1.,0.));
#1867=DIRECTION('center_axis',(1.,0.,0.));
#1868=DIRECTION('ref_axis',(0.,0.,-1.));
#1869=DIRECTION('',(0.,0.,-1.));
#1870=DIRECTION('',(0.,0.,-1.));
#1871=DIRECTION('',(0.,1.,0.));
#1872=DIRECTION('center_axis',(0.,1.,0.));
#1873=DIRECTION('ref_axis',(1.,0.,-7.93016446160827E-16));
#1874=DIRECTION('center_axis',(0.,-1.,0.));
#1875=DIRECTION('ref_axis',(1.,0.,-7.93016446160827E-16));
#1876=DIRECTION('center_axis',(0.,1.,0.));
#1877=DIRECTION('ref_axis',(1.,0.,-7.93016446160827E-16));
#1878=DIRECTION('',(0.,1.,0.));
#1879=DIRECTION('center_axis',(0.,0.,1.));
#1880=DIRECTION('ref_axis',(1.,0.,0.));
#1881=DIRECTION('',(1.,0.,0.));
#1882=DIRECTION('',(1.,0.,0.));
#1883=DIRECTION('',(0.,1.,0.));
#1884=DIRECTION('center_axis',(0.,1.,0.));
#1885=DIRECTION('ref_axis',(-1.58603289232165E-15,0.,1.));
#1886=DIRECTION('center_axis',(0.,-1.,0.));
#1887=DIRECTION('ref_axis',(-1.58603289232165E-15,0.,1.));
#1888=DIRECTION('center_axis',(0.,1.,0.));
#1889=DIRECTION('ref_axis',(-1.58603289232165E-15,0.,1.));
#1890=DIRECTION('center_axis',(0.,-1.,0.));
#1891=DIRECTION('ref_axis',(1.,0.,0.));
#1892=DIRECTION('center_axis',(0.,-1.,0.));
#1893=DIRECTION('ref_axis',(1.,0.,0.));
#1894=DIRECTION('center_axis',(-1.,0.,0.));
#1895=DIRECTION('ref_axis',(0.,0.,1.));
#1896=DIRECTION('',(0.,0.,1.));
#1897=DIRECTION('',(0.,1.,0.));
#1898=DIRECTION('',(0.,0.,1.));
#1899=DIRECTION('',(0.,1.,0.));
#1900=DIRECTION('center_axis',(0.,1.,0.));
#1901=DIRECTION('ref_axis',(-1.,0.,1.18952466924124E-15));
#1902=DIRECTION('center_axis',(0.,-1.,0.));
#1903=DIRECTION('ref_axis',(-1.,0.,1.18952466924124E-15));
#1904=DIRECTION('center_axis',(0.,1.,0.));
#1905=DIRECTION('ref_axis',(-1.,0.,1.18952466924124E-15));
#1906=DIRECTION('',(0.,1.,0.));
#1907=DIRECTION('center_axis',(-3.01690995871872E-16,0.,-1.));
#1908=DIRECTION('ref_axis',(-1.,0.,3.01690995871872E-16));
#1909=DIRECTION('',(1.,0.,-3.01690995871872E-16));
#1910=DIRECTION('',(-1.,0.,3.01690995871872E-16));
#1911=DIRECTION('',(0.,1.,0.));
#1912=DIRECTION('center_axis',(1.,0.,0.));
#1913=DIRECTION('ref_axis',(0.,0.,-1.));
#1914=DIRECTION('',(0.,0.,1.));
#1915=DIRECTION('',(0.,0.,-1.));
#1916=DIRECTION('',(0.,1.,0.));
#1917=DIRECTION('center_axis',(1.20676418652004E-16,0.,1.));
#1918=DIRECTION('ref_axis',(1.,0.,-1.20676418652004E-16));
#1919=DIRECTION('',(-1.,0.,1.20676418652004E-16));
#1920=DIRECTION('',(1.,0.,-1.20676418652004E-16));
#1921=DIRECTION('',(0.,1.,0.));
#1922=DIRECTION('center_axis',(0.,1.,0.));
#1923=DIRECTION('ref_axis',(-1.,0.,3.46944695195363E-15));
#1924=DIRECTION('center_axis',(0.,-1.,0.));
#1925=DIRECTION('ref_axis',(-1.,0.,3.46944695195363E-15));
#1926=DIRECTION('center_axis',(0.,-1.,0.));
#1927=DIRECTION('ref_axis',(-1.,0.,3.46944695195363E-15));
#1928=DIRECTION('',(0.,1.,0.));
#1929=DIRECTION('center_axis',(1.,0.,0.));
#1930=DIRECTION('ref_axis',(0.,0.,-1.));
#1931=DIRECTION('',(0.,0.,-1.));
#1932=DIRECTION('',(0.,0.,-1.));
#1933=DIRECTION('',(0.,1.,0.));
#1934=DIRECTION('center_axis',(0.,1.,0.));
#1935=DIRECTION('ref_axis',(-2.77555756156288E-15,0.,1.));
#1936=DIRECTION('center_axis',(0.,-1.,0.));
#1937=DIRECTION('ref_axis',(-2.77555756156288E-15,0.,1.));
#1938=DIRECTION('center_axis',(0.,-1.,0.));
#1939=DIRECTION('ref_axis',(-2.77555756156288E-15,0.,1.));
#1940=DIRECTION('',(0.,1.,0.));
#1941=DIRECTION('center_axis',(5.55111525216596E-17,0.,-1.));
#1942=DIRECTION('ref_axis',(-1.,0.,-5.55111525216596E-17));
#1943=DIRECTION('',(-1.,0.,-5.55111525216596E-17));
#1944=DIRECTION('',(-1.,0.,-5.55111525216596E-17));
#1945=DIRECTION('',(0.,1.,0.));
#1946=DIRECTION('center_axis',(0.,1.,0.));
#1947=DIRECTION('ref_axis',(1.,0.,-4.16333634234436E-15));
#1948=DIRECTION('center_axis',(0.,-1.,0.));
#1949=DIRECTION('ref_axis',(1.,0.,-4.16333634234436E-15));
#1950=DIRECTION('center_axis',(0.,-1.,0.));
#1951=DIRECTION('ref_axis',(1.,0.,-4.16333634234436E-15));
#1952=DIRECTION('',(0.,1.,0.));
#1953=DIRECTION('center_axis',(-1.,0.,0.));
#1954=DIRECTION('ref_axis',(0.,0.,1.));
#1955=DIRECTION('',(0.,0.,1.));
#1956=DIRECTION('',(0.,0.,1.));
#1957=DIRECTION('',(0.,1.,0.));
#1958=DIRECTION('center_axis',(0.,1.,0.));
#1959=DIRECTION('ref_axis',(-5.5511151231258E-15,0.,-1.));
#1960=DIRECTION('center_axis',(0.,-1.,0.));
#1961=DIRECTION('ref_axis',(-5.5511151231258E-15,0.,-1.));
#1962=DIRECTION('center_axis',(0.,-1.,0.));
#1963=DIRECTION('ref_axis',(-5.5511151231258E-15,0.,-1.));
#1964=DIRECTION('',(0.,1.,0.));
#1965=DIRECTION('center_axis',(0.,0.,1.));
#1966=DIRECTION('ref_axis',(1.,0.,0.));
#1967=DIRECTION('',(1.,0.,0.));
#1968=DIRECTION('',(1.,0.,0.));
#1969=DIRECTION('',(0.,1.,0.));
#1970=DIRECTION('center_axis',(-0.9999999977781,0.,6.66618396290776E-5));
#1971=DIRECTION('ref_axis',(6.66618396290776E-5,0.,0.9999999977781));
#1972=DIRECTION('',(6.66618396290776E-5,0.,0.999999997778099));
#1973=DIRECTION('',(6.66618396290776E-5,0.,0.999999997778099));
#1974=DIRECTION('',(0.,1.,0.));
#1975=DIRECTION('center_axis',(-6.6661839629017E-5,0.,-0.9999999977781));
#1976=DIRECTION('ref_axis',(-0.9999999977781,0.,6.6661839629017E-5));
#1977=DIRECTION('',(-0.999999997778099,0.,6.6661839629017E-5));
#1978=DIRECTION('',(-0.999999997778099,0.,6.6661839629017E-5));
#1979=DIRECTION('',(0.,1.,0.));
#1980=DIRECTION('center_axis',(0.,1.,0.));
#1981=DIRECTION('ref_axis',(-6.66618396269072E-5,0.,-0.9999999977781));
#1982=DIRECTION('center_axis',(0.,-1.,0.));
#1983=DIRECTION('ref_axis',(-6.66618396269072E-5,0.,-0.9999999977781));
#1984=DIRECTION('center_axis',(0.,1.,0.));
#1985=DIRECTION('ref_axis',(-6.66618396269072E-5,0.,-0.9999999977781));
#1986=DIRECTION('',(0.,1.,0.));
#1987=DIRECTION('center_axis',(1.,0.,0.));
#1988=DIRECTION('ref_axis',(0.,0.,-1.));
#1989=DIRECTION('',(0.,0.,-1.));
#1990=DIRECTION('',(0.,0.,-1.));
#1991=DIRECTION('',(0.,1.,0.));
#1992=DIRECTION('center_axis',(0.,1.,0.));
#1993=DIRECTION('ref_axis',(1.,0.,-7.93016446160827E-16));
#1994=DIRECTION('center_axis',(0.,-1.,0.));
#1995=DIRECTION('ref_axis',(1.,0.,-7.93016446160827E-16));
#1996=DIRECTION('center_axis',(0.,1.,0.));
#1997=DIRECTION('ref_axis',(1.,0.,-7.93016446160827E-16));
#1998=DIRECTION('',(0.,1.,0.));
#1999=DIRECTION('center_axis',(0.,0.,1.));
#2000=DIRECTION('ref_axis',(1.,0.,0.));
#2001=DIRECTION('',(1.,0.,0.));
#2002=DIRECTION('',(1.,0.,0.));
#2003=DIRECTION('',(0.,1.,0.));
#2004=DIRECTION('center_axis',(0.,1.,0.));
#2005=DIRECTION('ref_axis',(-1.58603289232165E-15,0.,1.));
#2006=DIRECTION('center_axis',(0.,-1.,0.));
#2007=DIRECTION('ref_axis',(-1.58603289232165E-15,0.,1.));
#2008=DIRECTION('center_axis',(0.,1.,0.));
#2009=DIRECTION('ref_axis',(-1.58603289232165E-15,0.,1.));
#2010=DIRECTION('center_axis',(0.,-1.,0.));
#2011=DIRECTION('ref_axis',(1.,0.,0.));
#2012=DIRECTION('center_axis',(0.,-1.,0.));
#2013=DIRECTION('ref_axis',(1.,0.,0.));
#2014=DIRECTION('center_axis',(0.,0.,1.));
#2015=DIRECTION('ref_axis',(1.,0.,0.));
#2016=DIRECTION('center_axis',(-1.20676418652004E-16,0.,-1.));
#2017=DIRECTION('ref_axis',(1.,0.,0.));
#2018=DIRECTION('',(0.,0.,-1.));
#2019=DIRECTION('center_axis',(1.20676418652004E-16,0.,1.));
#2020=DIRECTION('ref_axis',(1.,0.,0.));
#2021=DIRECTION('center_axis',(0.,1.,0.));
#2022=DIRECTION('ref_axis',(-1.,0.,1.20676418652004E-16));
#2023=DIRECTION('',(1.,0.,-1.20676418652004E-16));
#2024=DIRECTION('',(0.,0.,1.));
#2025=DIRECTION('',(-1.,0.,1.20676418652004E-16));
#2026=DIRECTION('',(0.,0.,1.));
#2027=DIRECTION('center_axis',(1.,0.,0.));
#2028=DIRECTION('ref_axis',(0.,1.,0.));
#2029=DIRECTION('',(0.,-1.,0.));
#2030=DIRECTION('',(0.,1.,0.));
#2031=DIRECTION('',(0.,0.,1.));
#2032=DIRECTION('center_axis',(0.,-1.,0.));
#2033=DIRECTION('ref_axis',(1.,0.,-1.20676418652004E-16));
#2034=DIRECTION('',(-1.,0.,1.20676418652004E-16));
#2035=DIRECTION('',(1.,0.,-1.20676418652004E-16));
#2036=DIRECTION('',(0.,0.,1.));
#2037=DIRECTION('center_axis',(-1.,0.,0.));
#2038=DIRECTION('ref_axis',(0.,-1.,0.));
#2039=DIRECTION('',(0.,1.,0.));
#2040=DIRECTION('',(0.,-1.,0.));
#2041=DIRECTION('',(0.,0.,1.));
#2042=DIRECTION('center_axis',(-0.707106781186547,0.707106781186548,0.));
#2043=DIRECTION('ref_axis',(-0.707106781186548,-0.707106781186547,8.53311139581388E-17));
#2044=DIRECTION('',(0.707106781186548,0.707106781186547,-8.53311139581388E-17));
#2045=DIRECTION('',(-0.707106781186548,-0.707106781186547,8.53311139581388E-17));
#2046=DIRECTION('center_axis',(1.20676418652004E-16,0.,1.));
#2047=DIRECTION('ref_axis',(1.,0.,-1.20676418652004E-16));
#2048=DIRECTION('center_axis',(1.20676418652004E-16,0.,1.));
#2049=DIRECTION('ref_axis',(1.,0.,-1.20676418652004E-16));
#2050=DIRECTION('center_axis',(0.,1.,0.));
#2051=DIRECTION('ref_axis',(-1.,0.,1.20676418652004E-16));
#2052=DIRECTION('',(1.,0.,-1.20676418652004E-16));
#2053=DIRECTION('',(0.,0.,1.));
#2054=DIRECTION('',(-1.,0.,1.20676418652004E-16));
#2055=DIRECTION('',(0.,0.,1.));
#2056=DIRECTION('center_axis',(0.707106781186547,-0.707106781186548,0.));
#2057=DIRECTION('ref_axis',(0.707106781186548,0.707106781186547,-8.53311139581388E-17));
#2058=DIRECTION('',(-0.707106781186548,-0.707106781186547,8.53311139581388E-17));
#2059=DIRECTION('',(0.,0.,1.));
#2060=DIRECTION('',(0.707106781186548,0.707106781186547,-8.53311139581388E-17));
#2061=DIRECTION('center_axis',(-1.,0.,0.));
#2062=DIRECTION('ref_axis',(0.,-1.,0.));
#2063=DIRECTION('',(0.,1.,0.));
#2064=DIRECTION('',(0.,-1.,0.));
#2065=DIRECTION('center_axis',(-1.20676418652004E-16,0.,-1.));
#2066=DIRECTION('ref_axis',(-1.,0.,1.20676418652004E-16));
#2067=DIRECTION('center_axis',(1.20676418652004E-16,0.,1.));
#2068=DIRECTION('ref_axis',(1.,0.,-1.20676418652004E-16));
#2069=DIRECTION('center_axis',(0.,0.,1.));
#2070=DIRECTION('ref_axis',(1.,0.,0.));
#2071=DIRECTION('center_axis',(-1.20676418652004E-16,0.,-1.));
#2072=DIRECTION('ref_axis',(1.,0.,0.));
#2073=DIRECTION('',(0.,0.,-1.));
#2074=DIRECTION('center_axis',(1.20676418652004E-16,0.,1.));
#2075=DIRECTION('ref_axis',(1.,0.,0.));
#2076=DIRECTION('center_axis',(-1.20676418652004E-16,0.,-1.));
#2077=DIRECTION('ref_axis',(-1.,0.,1.20676418652004E-16));
#2078=DIRECTION('center_axis',(1.20676418652004E-16,0.,1.));
#2079=DIRECTION('ref_axis',(1.,0.,-1.20676418652004E-16));
#2080=CARTESIAN_POINT('',(0.,0.,0.));
#2081=CARTESIAN_POINT('Origin',(-2.85000013536774,-2.799,0.35));
#2082=CARTESIAN_POINT('',(-2.85000013536774,-2.799,0.35));
#2083=CARTESIAN_POINT('',(-2.85000013536774,-2.799,0.899999972060323));
#2084=CARTESIAN_POINT('',(-2.85000013536774,-2.799,0.35));
#2085=CARTESIAN_POINT('',(-2.85000013536774,-1.399,0.899999972060323));
#2086=CARTESIAN_POINT('',(-2.85000013536774,-2.799,0.899999972060323));
#2087=CARTESIAN_POINT('',(-2.85000013536774,-1.399,0.35));
#2088=CARTESIAN_POINT('',(-2.85000013536774,-1.399,0.35));
#2089=CARTESIAN_POINT('',(-2.85000013536774,-2.799,0.35));
#2090=CARTESIAN_POINT('Origin',(-2.50000013536774,-2.799,0.35));
#2091=CARTESIAN_POINT('',(-2.50000013536774,-2.799,3.46944695195361E-16));
#2092=CARTESIAN_POINT('Origin',(-2.50000013536774,-2.799,0.35));
#2093=CARTESIAN_POINT('',(-2.50000013536774,-1.399,2.77555756156289E-16));
#2094=CARTESIAN_POINT('Origin',(-2.50000013536774,-1.399,0.35));
#2095=CARTESIAN_POINT('',(-2.50000013536774,-2.799,3.46944695195361E-16));
#2096=CARTESIAN_POINT('Origin',(-1.34999996982515,-2.799,0.));
#2097=CARTESIAN_POINT('',(-1.34999996982515,-2.799,0.));
#2098=CARTESIAN_POINT('',(-2.50000013536774,-2.799,3.46944695195361E-16));
#2099=CARTESIAN_POINT('',(-1.34999996982515,-1.399,0.));
#2100=CARTESIAN_POINT('',(-2.50000013536774,-1.399,3.46944695195361E-16));
#2101=CARTESIAN_POINT('',(-1.34999996982515,-2.799,0.));
#2102=CARTESIAN_POINT('Origin',(-1.34999996982515,-2.799,0.249999994412065));
#2103=CARTESIAN_POINT('',(-1.34999996982515,-2.799,0.249999994412065));
#2104=CARTESIAN_POINT('',(-1.34999996982515,-2.799,0.));
#2105=CARTESIAN_POINT('',(-1.34999996982515,-1.399,0.249999994412065));
#2106=CARTESIAN_POINT('',(-1.34999996982515,-1.399,0.));
#2107=CARTESIAN_POINT('',(-1.34999996982515,-2.799,0.249999994412065));
#2108=CARTESIAN_POINT('Origin',(-2.49999994188547,-2.799,0.249999994412065));
#2109=CARTESIAN_POINT('',(-2.49999994188547,-2.799,0.249999994412065));
#2110=CARTESIAN_POINT('',(-1.34999996982515,-2.799,0.249999994412065));
#2111=CARTESIAN_POINT('',(-2.49999994188547,-1.399,0.249999994412065));
#2112=CARTESIAN_POINT('',(-1.34999996982515,-1.399,0.249999994412065));
#2113=CARTESIAN_POINT('',(-2.49999994188547,-2.799,0.249999994412065));
#2114=CARTESIAN_POINT('Origin',(-2.49999994188547,-2.799,0.349999994412064));
#2115=CARTESIAN_POINT('',(-2.59999994188547,-2.799,0.349999994412065));
#2116=CARTESIAN_POINT('Origin',(-2.49999994188547,-2.799,0.349999994412064));
#2117=CARTESIAN_POINT('',(-2.59999994188547,-1.399,0.349999994412065));
#2118=CARTESIAN_POINT('Origin',(-2.49999994188547,-1.399,0.349999994412064));
#2119=CARTESIAN_POINT('',(-2.59999994188547,-2.799,0.349999994412065));
#2120=CARTESIAN_POINT('Origin',(-2.59999994188547,-2.799,0.899999977648258));
#2121=CARTESIAN_POINT('',(-2.59999994188547,-2.799,0.899999977648258));
#2122=CARTESIAN_POINT('',(-2.59999994188547,-2.799,0.899999977648258));
#2123=CARTESIAN_POINT('',(-2.59999994188547,-1.399,0.899999977648258));
#2124=CARTESIAN_POINT('',(-2.59999994188547,-1.399,0.899999977648258));
#2125=CARTESIAN_POINT('',(-2.59999994188547,-2.799,0.899999977648258));
#2126=CARTESIAN_POINT('Origin',(-2.49999994188547,-2.799,0.899999977648258));
#2127=CARTESIAN_POINT('',(-2.49999994188547,-2.799,0.999999977648258));
#2128=CARTESIAN_POINT('Origin',(-2.49999994188547,-2.799,0.899999977648258));
#2129=CARTESIAN_POINT('',(-2.49999994188547,-1.399,0.999999977648258));
#2130=CARTESIAN_POINT('Origin',(-2.49999994188547,-1.399,0.899999977648258));
#2131=CARTESIAN_POINT('',(-2.49999994188547,-2.799,0.999999977648258));
#2132=CARTESIAN_POINT('Origin',(2.49999994188547,-2.799,0.999999977648258));
#2133=CARTESIAN_POINT('',(2.49999994188547,-2.799,0.999999977648258));
#2134=CARTESIAN_POINT('',(2.49999994188547,-2.799,0.999999977648258));
#2135=CARTESIAN_POINT('',(2.49999994188547,-1.399,0.999999977648258));
#2136=CARTESIAN_POINT('',(2.49999994188547,-1.399,0.999999977648258));
#2137=CARTESIAN_POINT('',(2.49999994188547,-2.799,0.999999977648258));
#2138=CARTESIAN_POINT('Origin',(2.49999994188547,-2.799,0.899999977648259));
#2139=CARTESIAN_POINT('',(2.59999994188547,-2.799,0.899999977648258));
#2140=CARTESIAN_POINT('Origin',(2.49999994188547,-2.799,0.899999977648259));
#2141=CARTESIAN_POINT('',(2.59999994188547,-1.399,0.899999977648258));
#2142=CARTESIAN_POINT('Origin',(2.49999994188547,-1.399,0.899999977648259));
#2143=CARTESIAN_POINT('',(2.59999994188547,-2.799,0.899999977648258));
#2144=CARTESIAN_POINT('Origin',(2.59999994188547,-2.799,0.349999994412065));
#2145=CARTESIAN_POINT('',(2.59999994188547,-2.799,0.349999994412065));
#2146=CARTESIAN_POINT('',(2.59999994188547,-2.799,0.349999994412065));
#2147=CARTESIAN_POINT('',(2.59999994188547,-1.399,0.349999994412065));
#2148=CARTESIAN_POINT('',(2.59999994188547,-1.399,0.349999994412065));
#2149=CARTESIAN_POINT('',(2.59999994188547,-2.799,0.349999994412065));
#2150=CARTESIAN_POINT('Origin',(2.49999994188547,-2.799,0.349999994412064));
#2151=CARTESIAN_POINT('',(2.49999994188547,-2.799,0.249999994412065));
#2152=CARTESIAN_POINT('Origin',(2.49999994188547,-2.799,0.349999994412064));
#2153=CARTESIAN_POINT('',(2.49999994188547,-1.399,0.249999994412065));
#2154=CARTESIAN_POINT('Origin',(2.49999994188547,-1.399,0.349999994412064));
#2155=CARTESIAN_POINT('',(2.49999994188547,-2.799,0.249999994412065));
#2156=CARTESIAN_POINT('Origin',(1.35001663528472,-2.799,0.249999994412065));
#2157=CARTESIAN_POINT('',(1.35001663528472,-2.799,0.249999994412065));
#2158=CARTESIAN_POINT('',(1.35001663528472,-2.799,0.249999994412065));
#2159=CARTESIAN_POINT('',(1.35001663528472,-1.399,0.249999994412065));
#2160=CARTESIAN_POINT('',(1.35001663528472,-1.399,0.249999994412065));
#2161=CARTESIAN_POINT('',(1.35001663528472,-2.799,0.249999994412065));
#2162=CARTESIAN_POINT('Origin',(1.34999996982515,-2.799,0.));
#2163=CARTESIAN_POINT('',(1.34999996982515,-2.799,0.));
#2164=CARTESIAN_POINT('',(1.34999996982515,-2.799,0.));
#2165=CARTESIAN_POINT('',(1.34999996982515,-1.399,0.));
#2166=CARTESIAN_POINT('',(1.34999996982515,-1.399,0.));
#2167=CARTESIAN_POINT('',(1.34999996982515,-2.799,0.));
#2168=CARTESIAN_POINT('Origin',(2.49997660465367,-2.799,-7.66595581783852E-5));
#2169=CARTESIAN_POINT('',(2.49997660465367,-2.799,-7.66595581783852E-5));
#2170=CARTESIAN_POINT('',(2.49997660465367,-2.799,-7.66595581783852E-5));
#2171=CARTESIAN_POINT('',(2.49997660465367,-1.399,-7.66595581783158E-5));
#2172=CARTESIAN_POINT('',(2.49997660465367,-1.399,-7.66595581783852E-5));
#2173=CARTESIAN_POINT('',(2.49997660465367,-2.799,-7.66595581783852E-5));
#2174=CARTESIAN_POINT('Origin',(2.49999993629754,-2.799,0.349923339664157));
#2175=CARTESIAN_POINT('',(2.84999993629754,-2.799,0.349923339664157));
#2176=CARTESIAN_POINT('Origin',(2.49999993629754,-2.799,0.349923339664157));
#2177=CARTESIAN_POINT('',(2.84999993629754,-1.399,0.349923339664157));
#2178=CARTESIAN_POINT('Origin',(2.49999993629754,-1.399,0.349923339664157));
#2179=CARTESIAN_POINT('',(2.84999993629754,-2.799,0.349923339664157));
#2180=CARTESIAN_POINT('Origin',(2.84999993629754,-2.799,0.899999972060323));
#2181=CARTESIAN_POINT('',(2.84999993629754,-2.799,0.899999972060323));
#2182=CARTESIAN_POINT('',(2.84999993629754,-2.799,0.899999972060323));
#2183=CARTESIAN_POINT('',(2.84999993629754,-1.399,0.899999972060323));
#2184=CARTESIAN_POINT('',(2.84999993629754,-1.399,0.899999972060323));
#2185=CARTESIAN_POINT('',(2.84999993629754,-2.799,0.899999972060323));
#2186=CARTESIAN_POINT('Origin',(2.49999993629754,-2.799,0.899999972060323));
#2187=CARTESIAN_POINT('',(2.49999993629754,-2.799,1.24999997206032));
#2188=CARTESIAN_POINT('Origin',(2.49999993629754,-2.799,0.899999972060323));
#2189=CARTESIAN_POINT('',(2.49999993629754,-1.399,1.24999997206032));
#2190=CARTESIAN_POINT('Origin',(2.49999993629754,-1.399,0.899999972060323));
#2191=CARTESIAN_POINT('',(2.49999993629754,-2.799,1.24999997206032));
#2192=CARTESIAN_POINT('Origin',(-2.50000013536774,-2.799,1.24999997206032));
#2193=CARTESIAN_POINT('',(-2.50000013536774,-2.799,1.24999997206032));
#2194=CARTESIAN_POINT('',(-2.50000013536774,-2.799,1.24999997206032));
#2195=CARTESIAN_POINT('',(-2.50000013536774,-1.399,1.24999997206032));
#2196=CARTESIAN_POINT('',(-2.50000013536774,-1.399,1.24999997206032));
#2197=CARTESIAN_POINT('',(-2.50000013536774,-2.799,1.24999997206032));
#2198=CARTESIAN_POINT('Origin',(-2.50000013536774,-2.799,0.899999972060322));
#2199=CARTESIAN_POINT('Origin',(-2.50000013536774,-2.799,0.899999972060322));
#2200=CARTESIAN_POINT('Origin',(-2.50000013536774,-1.399,0.899999972060322));
#2201=CARTESIAN_POINT('Origin',(-9.95351001620293E-8,-2.799,0.62496165586224));
#2202=CARTESIAN_POINT('Origin',(-9.95351001620293E-8,-1.399,0.62496165586224));
#2203=CARTESIAN_POINT('Origin',(-2.85000013536774,-0.699000000000001,0.35));
#2204=CARTESIAN_POINT('',(-2.85000013536774,-0.699000000000001,0.35));
#2205=CARTESIAN_POINT('',(-2.85000013536774,-0.699000000000001,0.899999972060323));
#2206=CARTESIAN_POINT('',(-2.85000013536774,-0.699000000000001,0.35));
#2207=CARTESIAN_POINT('',(-2.85000013536774,0.700999999999999,0.899999972060323));
#2208=CARTESIAN_POINT('',(-2.85000013536774,-0.699000000000001,0.899999972060323));
#2209=CARTESIAN_POINT('',(-2.85000013536774,0.700999999999999,0.35));
#2210=CARTESIAN_POINT('',(-2.85000013536774,0.700999999999999,0.35));
#2211=CARTESIAN_POINT('',(-2.85000013536774,-0.699000000000001,0.35));
#2212=CARTESIAN_POINT('Origin',(-2.50000013536774,-0.699000000000001,0.35));
#2213=CARTESIAN_POINT('',(-2.50000013536774,-0.699000000000001,3.46944695195361E-16));
#2214=CARTESIAN_POINT('Origin',(-2.50000013536774,-0.699000000000001,0.35));
#2215=CARTESIAN_POINT('',(-2.50000013536774,0.700999999999999,2.77555756156289E-16));
#2216=CARTESIAN_POINT('Origin',(-2.50000013536774,0.700999999999999,0.35));
#2217=CARTESIAN_POINT('',(-2.50000013536774,-0.699000000000001,3.46944695195361E-16));
#2218=CARTESIAN_POINT('Origin',(-1.34999996982515,-0.699000000000001,0.));
#2219=CARTESIAN_POINT('',(-1.34999996982515,-0.699000000000001,0.));
#2220=CARTESIAN_POINT('',(-2.50000013536774,-0.699000000000001,3.46944695195361E-16));
#2221=CARTESIAN_POINT('',(-1.34999996982515,0.700999999999999,0.));
#2222=CARTESIAN_POINT('',(-2.50000013536774,0.700999999999999,3.46944695195361E-16));
#2223=CARTESIAN_POINT('',(-1.34999996982515,-0.699000000000001,0.));
#2224=CARTESIAN_POINT('Origin',(-1.34999996982515,-0.699000000000001,0.249999994412065));
#2225=CARTESIAN_POINT('',(-1.34999996982515,-0.699000000000001,0.249999994412065));
#2226=CARTESIAN_POINT('',(-1.34999996982515,-0.699000000000001,0.));
#2227=CARTESIAN_POINT('',(-1.34999996982515,0.700999999999999,0.249999994412065));
#2228=CARTESIAN_POINT('',(-1.34999996982515,0.700999999999999,0.));
#2229=CARTESIAN_POINT('',(-1.34999996982515,-0.699000000000001,0.249999994412065));
#2230=CARTESIAN_POINT('Origin',(-2.49999994188547,-0.699000000000001,0.249999994412065));
#2231=CARTESIAN_POINT('',(-2.49999994188547,-0.699000000000001,0.249999994412065));
#2232=CARTESIAN_POINT('',(-1.34999996982515,-0.699000000000001,0.249999994412065));
#2233=CARTESIAN_POINT('',(-2.49999994188547,0.700999999999999,0.249999994412065));
#2234=CARTESIAN_POINT('',(-1.34999996982515,0.700999999999999,0.249999994412065));
#2235=CARTESIAN_POINT('',(-2.49999994188547,-0.699000000000001,0.249999994412065));
#2236=CARTESIAN_POINT('Origin',(-2.49999994188547,-0.699000000000001,0.349999994412064));
#2237=CARTESIAN_POINT('',(-2.59999994188547,-0.699000000000001,0.349999994412065));
#2238=CARTESIAN_POINT('Origin',(-2.49999994188547,-0.699000000000001,0.349999994412064));
#2239=CARTESIAN_POINT('',(-2.59999994188547,0.700999999999999,0.349999994412065));
#2240=CARTESIAN_POINT('Origin',(-2.49999994188547,0.700999999999999,0.349999994412064));
#2241=CARTESIAN_POINT('',(-2.59999994188547,-0.699000000000001,0.349999994412065));
#2242=CARTESIAN_POINT('Origin',(-2.59999994188547,-0.699000000000001,0.899999977648258));
#2243=CARTESIAN_POINT('',(-2.59999994188547,-0.699000000000001,0.899999977648258));
#2244=CARTESIAN_POINT('',(-2.59999994188547,-0.699000000000001,0.899999977648258));
#2245=CARTESIAN_POINT('',(-2.59999994188547,0.700999999999999,0.899999977648258));
#2246=CARTESIAN_POINT('',(-2.59999994188547,0.700999999999999,0.899999977648258));
#2247=CARTESIAN_POINT('',(-2.59999994188547,-0.699000000000001,0.899999977648258));
#2248=CARTESIAN_POINT('Origin',(-2.49999994188547,-0.699000000000001,0.899999977648258));
#2249=CARTESIAN_POINT('',(-2.49999994188547,-0.699000000000001,0.999999977648258));
#2250=CARTESIAN_POINT('Origin',(-2.49999994188547,-0.699000000000001,0.899999977648258));
#2251=CARTESIAN_POINT('',(-2.49999994188547,0.700999999999999,0.999999977648258));
#2252=CARTESIAN_POINT('Origin',(-2.49999994188547,0.700999999999999,0.899999977648258));
#2253=CARTESIAN_POINT('',(-2.49999994188547,-0.699000000000001,0.999999977648258));
#2254=CARTESIAN_POINT('Origin',(2.49999994188547,-0.699000000000001,0.999999977648258));
#2255=CARTESIAN_POINT('',(2.49999994188547,-0.699000000000001,0.999999977648258));
#2256=CARTESIAN_POINT('',(2.49999994188547,-0.699000000000001,0.999999977648258));
#2257=CARTESIAN_POINT('',(2.49999994188547,0.700999999999999,0.999999977648258));
#2258=CARTESIAN_POINT('',(2.49999994188547,0.700999999999999,0.999999977648258));
#2259=CARTESIAN_POINT('',(2.49999994188547,-0.699000000000001,0.999999977648258));
#2260=CARTESIAN_POINT('Origin',(2.49999994188547,-0.699000000000001,0.899999977648259));
#2261=CARTESIAN_POINT('',(2.59999994188547,-0.699000000000001,0.899999977648258));
#2262=CARTESIAN_POINT('Origin',(2.49999994188547,-0.699000000000001,0.899999977648259));
#2263=CARTESIAN_POINT('',(2.59999994188547,0.700999999999999,0.899999977648258));
#2264=CARTESIAN_POINT('Origin',(2.49999994188547,0.700999999999999,0.899999977648259));
#2265=CARTESIAN_POINT('',(2.59999994188547,-0.699000000000001,0.899999977648258));
#2266=CARTESIAN_POINT('Origin',(2.59999994188547,-0.699000000000001,0.349999994412065));
#2267=CARTESIAN_POINT('',(2.59999994188547,-0.699000000000001,0.349999994412065));
#2268=CARTESIAN_POINT('',(2.59999994188547,-0.699000000000001,0.349999994412065));
#2269=CARTESIAN_POINT('',(2.59999994188547,0.700999999999999,0.349999994412065));
#2270=CARTESIAN_POINT('',(2.59999994188547,0.700999999999999,0.349999994412065));
#2271=CARTESIAN_POINT('',(2.59999994188547,-0.699000000000001,0.349999994412065));
#2272=CARTESIAN_POINT('Origin',(2.49999994188547,-0.699000000000001,0.349999994412064));
#2273=CARTESIAN_POINT('',(2.49999994188547,-0.699000000000001,0.249999994412065));
#2274=CARTESIAN_POINT('Origin',(2.49999994188547,-0.699000000000001,0.349999994412064));
#2275=CARTESIAN_POINT('',(2.49999994188547,0.700999999999999,0.249999994412065));
#2276=CARTESIAN_POINT('Origin',(2.49999994188547,0.700999999999999,0.349999994412064));
#2277=CARTESIAN_POINT('',(2.49999994188547,-0.699000000000001,0.249999994412065));
#2278=CARTESIAN_POINT('Origin',(1.35001663528472,-0.699000000000001,0.249999994412065));
#2279=CARTESIAN_POINT('',(1.35001663528472,-0.699000000000001,0.249999994412065));
#2280=CARTESIAN_POINT('',(1.35001663528472,-0.699000000000001,0.249999994412065));
#2281=CARTESIAN_POINT('',(1.35001663528472,0.700999999999999,0.249999994412065));
#2282=CARTESIAN_POINT('',(1.35001663528472,0.700999999999999,0.249999994412065));
#2283=CARTESIAN_POINT('',(1.35001663528472,-0.699000000000001,0.249999994412065));
#2284=CARTESIAN_POINT('Origin',(1.34999996982515,-0.699000000000001,0.));
#2285=CARTESIAN_POINT('',(1.34999996982515,-0.699000000000001,0.));
#2286=CARTESIAN_POINT('',(1.34999996982515,-0.699000000000001,0.));
#2287=CARTESIAN_POINT('',(1.34999996982515,0.700999999999999,0.));
#2288=CARTESIAN_POINT('',(1.34999996982515,0.700999999999999,0.));
#2289=CARTESIAN_POINT('',(1.34999996982515,-0.699000000000001,0.));
#2290=CARTESIAN_POINT('Origin',(2.49997660465367,-0.699000000000001,-7.66595581783852E-5));
#2291=CARTESIAN_POINT('',(2.49997660465367,-0.699000000000001,-7.66595581783852E-5));
#2292=CARTESIAN_POINT('',(2.49997660465367,-0.699000000000001,-7.66595581783852E-5));
#2293=CARTESIAN_POINT('',(2.49997660465367,0.700999999999999,-7.66595581783158E-5));
#2294=CARTESIAN_POINT('',(2.49997660465367,0.700999999999999,-7.66595581783852E-5));
#2295=CARTESIAN_POINT('',(2.49997660465367,-0.699000000000001,-7.66595581783852E-5));
#2296=CARTESIAN_POINT('Origin',(2.49999993629754,-0.699000000000001,0.349923339664157));
#2297=CARTESIAN_POINT('',(2.84999993629754,-0.699000000000001,0.349923339664157));
#2298=CARTESIAN_POINT('Origin',(2.49999993629754,-0.699000000000001,0.349923339664157));
#2299=CARTESIAN_POINT('',(2.84999993629754,0.700999999999999,0.349923339664157));
#2300=CARTESIAN_POINT('Origin',(2.49999993629754,0.700999999999999,0.349923339664157));
#2301=CARTESIAN_POINT('',(2.84999993629754,-0.699000000000001,0.349923339664157));
#2302=CARTESIAN_POINT('Origin',(2.84999993629754,-0.699000000000001,0.899999972060323));
#2303=CARTESIAN_POINT('',(2.84999993629754,-0.699000000000001,0.899999972060323));
#2304=CARTESIAN_POINT('',(2.84999993629754,-0.699000000000001,0.899999972060323));
#2305=CARTESIAN_POINT('',(2.84999993629754,0.700999999999999,0.899999972060323));
#2306=CARTESIAN_POINT('',(2.84999993629754,0.700999999999999,0.899999972060323));
#2307=CARTESIAN_POINT('',(2.84999993629754,-0.699000000000001,0.899999972060323));
#2308=CARTESIAN_POINT('Origin',(2.49999993629754,-0.699000000000001,0.899999972060323));
#2309=CARTESIAN_POINT('',(2.49999993629754,-0.699000000000001,1.24999997206032));
#2310=CARTESIAN_POINT('Origin',(2.49999993629754,-0.699000000000001,0.899999972060323));
#2311=CARTESIAN_POINT('',(2.49999993629754,0.700999999999999,1.24999997206032));
#2312=CARTESIAN_POINT('Origin',(2.49999993629754,0.700999999999999,0.899999972060323));
#2313=CARTESIAN_POINT('',(2.49999993629754,-0.699000000000001,1.24999997206032));
#2314=CARTESIAN_POINT('Origin',(-2.50000013536774,-0.699000000000001,1.24999997206032));
#2315=CARTESIAN_POINT('',(-2.50000013536774,-0.699000000000001,1.24999997206032));
#2316=CARTESIAN_POINT('',(-2.50000013536774,-0.699000000000001,1.24999997206032));
#2317=CARTESIAN_POINT('',(-2.50000013536774,0.700999999999999,1.24999997206032));
#2318=CARTESIAN_POINT('',(-2.50000013536774,0.700999999999999,1.24999997206032));
#2319=CARTESIAN_POINT('',(-2.50000013536774,-0.699000000000001,1.24999997206032));
#2320=CARTESIAN_POINT('Origin',(-2.50000013536774,-0.699000000000001,0.899999972060322));
#2321=CARTESIAN_POINT('Origin',(-2.50000013536774,-0.699000000000001,0.899999972060322));
#2322=CARTESIAN_POINT('Origin',(-2.50000013536774,0.700999999999999,0.899999972060322));
#2323=CARTESIAN_POINT('Origin',(-9.95351001620293E-8,-0.699000000000001,
0.62496165586224));
#2324=CARTESIAN_POINT('Origin',(-9.95351001620293E-8,0.700999999999999,
0.62496165586224));
#2325=CARTESIAN_POINT('Origin',(-2.85000013536774,1.401,0.35));
#2326=CARTESIAN_POINT('',(-2.85000013536774,1.401,0.35));
#2327=CARTESIAN_POINT('',(-2.85000013536774,1.401,0.899999972060323));
#2328=CARTESIAN_POINT('',(-2.85000013536774,1.401,0.35));
#2329=CARTESIAN_POINT('',(-2.85000013536774,2.801,0.899999972060323));
#2330=CARTESIAN_POINT('',(-2.85000013536774,1.401,0.899999972060323));
#2331=CARTESIAN_POINT('',(-2.85000013536774,2.801,0.35));
#2332=CARTESIAN_POINT('',(-2.85000013536774,2.801,0.35));
#2333=CARTESIAN_POINT('',(-2.85000013536774,1.401,0.35));
#2334=CARTESIAN_POINT('Origin',(-2.50000013536774,1.401,0.35));
#2335=CARTESIAN_POINT('',(-2.50000013536774,1.401,3.46944695195361E-16));
#2336=CARTESIAN_POINT('Origin',(-2.50000013536774,1.401,0.35));
#2337=CARTESIAN_POINT('',(-2.50000013536774,2.801,2.77555756156289E-16));
#2338=CARTESIAN_POINT('Origin',(-2.50000013536774,2.801,0.35));
#2339=CARTESIAN_POINT('',(-2.50000013536774,1.401,3.46944695195361E-16));
#2340=CARTESIAN_POINT('Origin',(-1.34999996982515,1.401,0.));
#2341=CARTESIAN_POINT('',(-1.34999996982515,1.401,0.));
#2342=CARTESIAN_POINT('',(-2.50000013536774,1.401,3.46944695195361E-16));
#2343=CARTESIAN_POINT('',(-1.34999996982515,2.801,0.));
#2344=CARTESIAN_POINT('',(-2.50000013536774,2.801,3.46944695195361E-16));
#2345=CARTESIAN_POINT('',(-1.34999996982515,1.401,0.));
#2346=CARTESIAN_POINT('Origin',(-1.34999996982515,1.401,0.249999994412065));
#2347=CARTESIAN_POINT('',(-1.34999996982515,1.401,0.249999994412065));
#2348=CARTESIAN_POINT('',(-1.34999996982515,1.401,0.));
#2349=CARTESIAN_POINT('',(-1.34999996982515,2.801,0.249999994412065));
#2350=CARTESIAN_POINT('',(-1.34999996982515,2.801,0.));
#2351=CARTESIAN_POINT('',(-1.34999996982515,1.401,0.249999994412065));
#2352=CARTESIAN_POINT('Origin',(-2.49999994188547,1.401,0.249999994412065));
#2353=CARTESIAN_POINT('',(-2.49999994188547,1.401,0.249999994412065));
#2354=CARTESIAN_POINT('',(-1.34999996982515,1.401,0.249999994412065));
#2355=CARTESIAN_POINT('',(-2.49999994188547,2.801,0.249999994412065));
#2356=CARTESIAN_POINT('',(-1.34999996982515,2.801,0.249999994412065));
#2357=CARTESIAN_POINT('',(-2.49999994188547,1.401,0.249999994412065));
#2358=CARTESIAN_POINT('Origin',(-2.49999994188547,1.401,0.349999994412064));
#2359=CARTESIAN_POINT('',(-2.59999994188547,1.401,0.349999994412065));
#2360=CARTESIAN_POINT('Origin',(-2.49999994188547,1.401,0.349999994412064));
#2361=CARTESIAN_POINT('',(-2.59999994188547,2.801,0.349999994412065));
#2362=CARTESIAN_POINT('Origin',(-2.49999994188547,2.801,0.349999994412064));
#2363=CARTESIAN_POINT('',(-2.59999994188547,1.401,0.349999994412065));
#2364=CARTESIAN_POINT('Origin',(-2.59999994188547,1.401,0.899999977648258));
#2365=CARTESIAN_POINT('',(-2.59999994188547,1.401,0.899999977648258));
#2366=CARTESIAN_POINT('',(-2.59999994188547,1.401,0.899999977648258));
#2367=CARTESIAN_POINT('',(-2.59999994188547,2.801,0.899999977648258));
#2368=CARTESIAN_POINT('',(-2.59999994188547,2.801,0.899999977648258));
#2369=CARTESIAN_POINT('',(-2.59999994188547,1.401,0.899999977648258));
#2370=CARTESIAN_POINT('Origin',(-2.49999994188547,1.401,0.899999977648258));
#2371=CARTESIAN_POINT('',(-2.49999994188547,1.401,0.999999977648258));
#2372=CARTESIAN_POINT('Origin',(-2.49999994188547,1.401,0.899999977648258));
#2373=CARTESIAN_POINT('',(-2.49999994188547,2.801,0.999999977648258));
#2374=CARTESIAN_POINT('Origin',(-2.49999994188547,2.801,0.899999977648258));
#2375=CARTESIAN_POINT('',(-2.49999994188547,1.401,0.999999977648258));
#2376=CARTESIAN_POINT('Origin',(2.49999994188547,1.401,0.999999977648258));
#2377=CARTESIAN_POINT('',(2.49999994188547,1.401,0.999999977648258));
#2378=CARTESIAN_POINT('',(2.49999994188547,1.401,0.999999977648258));
#2379=CARTESIAN_POINT('',(2.49999994188547,2.801,0.999999977648258));
#2380=CARTESIAN_POINT('',(2.49999994188547,2.801,0.999999977648258));
#2381=CARTESIAN_POINT('',(2.49999994188547,1.401,0.999999977648258));
#2382=CARTESIAN_POINT('Origin',(2.49999994188547,1.401,0.899999977648259));
#2383=CARTESIAN_POINT('',(2.59999994188547,1.401,0.899999977648258));
#2384=CARTESIAN_POINT('Origin',(2.49999994188547,1.401,0.899999977648259));
#2385=CARTESIAN_POINT('',(2.59999994188547,2.801,0.899999977648258));
#2386=CARTESIAN_POINT('Origin',(2.49999994188547,2.801,0.899999977648259));
#2387=CARTESIAN_POINT('',(2.59999994188547,1.401,0.899999977648258));
#2388=CARTESIAN_POINT('Origin',(2.59999994188547,1.401,0.349999994412065));
#2389=CARTESIAN_POINT('',(2.59999994188547,1.401,0.349999994412065));
#2390=CARTESIAN_POINT('',(2.59999994188547,1.401,0.349999994412065));
#2391=CARTESIAN_POINT('',(2.59999994188547,2.801,0.349999994412065));
#2392=CARTESIAN_POINT('',(2.59999994188547,2.801,0.349999994412065));
#2393=CARTESIAN_POINT('',(2.59999994188547,1.401,0.349999994412065));
#2394=CARTESIAN_POINT('Origin',(2.49999994188547,1.401,0.349999994412064));
#2395=CARTESIAN_POINT('',(2.49999994188547,1.401,0.249999994412065));
#2396=CARTESIAN_POINT('Origin',(2.49999994188547,1.401,0.349999994412064));
#2397=CARTESIAN_POINT('',(2.49999994188547,2.801,0.249999994412065));
#2398=CARTESIAN_POINT('Origin',(2.49999994188547,2.801,0.349999994412064));
#2399=CARTESIAN_POINT('',(2.49999994188547,1.401,0.249999994412065));
#2400=CARTESIAN_POINT('Origin',(1.35001663528472,1.401,0.249999994412065));
#2401=CARTESIAN_POINT('',(1.35001663528472,1.401,0.249999994412065));
#2402=CARTESIAN_POINT('',(1.35001663528472,1.401,0.249999994412065));
#2403=CARTESIAN_POINT('',(1.35001663528472,2.801,0.249999994412065));
#2404=CARTESIAN_POINT('',(1.35001663528472,2.801,0.249999994412065));
#2405=CARTESIAN_POINT('',(1.35001663528472,1.401,0.249999994412065));
#2406=CARTESIAN_POINT('Origin',(1.34999996982515,1.401,0.));
#2407=CARTESIAN_POINT('',(1.34999996982515,1.401,0.));
#2408=CARTESIAN_POINT('',(1.34999996982515,1.401,0.));
#2409=CARTESIAN_POINT('',(1.34999996982515,2.801,0.));
#2410=CARTESIAN_POINT('',(1.34999996982515,2.801,0.));
#2411=CARTESIAN_POINT('',(1.34999996982515,1.401,0.));
#2412=CARTESIAN_POINT('Origin',(2.49997660465367,1.401,-7.66595581783852E-5));
#2413=CARTESIAN_POINT('',(2.49997660465367,1.401,-7.66595581783852E-5));
#2414=CARTESIAN_POINT('',(2.49997660465367,1.401,-7.66595581783852E-5));
#2415=CARTESIAN_POINT('',(2.49997660465367,2.801,-7.66595581783158E-5));
#2416=CARTESIAN_POINT('',(2.49997660465367,2.801,-7.66595581783852E-5));
#2417=CARTESIAN_POINT('',(2.49997660465367,1.401,-7.66595581783852E-5));
#2418=CARTESIAN_POINT('Origin',(2.49999993629754,1.401,0.349923339664157));
#2419=CARTESIAN_POINT('',(2.84999993629754,1.401,0.349923339664157));
#2420=CARTESIAN_POINT('Origin',(2.49999993629754,1.401,0.349923339664157));
#2421=CARTESIAN_POINT('',(2.84999993629754,2.801,0.349923339664157));
#2422=CARTESIAN_POINT('Origin',(2.49999993629754,2.801,0.349923339664157));
#2423=CARTESIAN_POINT('',(2.84999993629754,1.401,0.349923339664157));
#2424=CARTESIAN_POINT('Origin',(2.84999993629754,1.401,0.899999972060323));
#2425=CARTESIAN_POINT('',(2.84999993629754,1.401,0.899999972060323));
#2426=CARTESIAN_POINT('',(2.84999993629754,1.401,0.899999972060323));
#2427=CARTESIAN_POINT('',(2.84999993629754,2.801,0.899999972060323));
#2428=CARTESIAN_POINT('',(2.84999993629754,2.801,0.899999972060323));
#2429=CARTESIAN_POINT('',(2.84999993629754,1.401,0.899999972060323));
#2430=CARTESIAN_POINT('Origin',(2.49999993629754,1.401,0.899999972060323));
#2431=CARTESIAN_POINT('',(2.49999993629754,1.401,1.24999997206032));
#2432=CARTESIAN_POINT('Origin',(2.49999993629754,1.401,0.899999972060323));
#2433=CARTESIAN_POINT('',(2.49999993629754,2.801,1.24999997206032));
#2434=CARTESIAN_POINT('Origin',(2.49999993629754,2.801,0.899999972060323));
#2435=CARTESIAN_POINT('',(2.49999993629754,1.401,1.24999997206032));
#2436=CARTESIAN_POINT('Origin',(-2.50000013536774,1.401,1.24999997206032));
#2437=CARTESIAN_POINT('',(-2.50000013536774,1.401,1.24999997206032));
#2438=CARTESIAN_POINT('',(-2.50000013536774,1.401,1.24999997206032));
#2439=CARTESIAN_POINT('',(-2.50000013536774,2.801,1.24999997206032));
#2440=CARTESIAN_POINT('',(-2.50000013536774,2.801,1.24999997206032));
#2441=CARTESIAN_POINT('',(-2.50000013536774,1.401,1.24999997206032));
#2442=CARTESIAN_POINT('Origin',(-2.50000013536774,1.401,0.899999972060322));
#2443=CARTESIAN_POINT('Origin',(-2.50000013536774,1.401,0.899999972060322));
#2444=CARTESIAN_POINT('Origin',(-2.50000013536774,2.801,0.899999972060322));
#2445=CARTESIAN_POINT('Origin',(-9.95351001620293E-8,1.401,0.62496165586224));
#2446=CARTESIAN_POINT('Origin',(-9.95351001620293E-8,2.801,0.62496165586224));
#2447=CARTESIAN_POINT('Origin',(0.,0.,0.249999994412065));
#2448=CARTESIAN_POINT('',(-2.,-2.44929359829471E-16,2.49999999441206));
#2449=CARTESIAN_POINT('Origin',(0.,0.,2.49999999441206));
#2450=CARTESIAN_POINT('',(-2.,-2.44929359829471E-16,0.249999994412065));
#2451=CARTESIAN_POINT('',(-2.,-2.44929359829471E-16,0.249999994412065));
#2452=CARTESIAN_POINT('Origin',(0.,0.,0.249999994412065));
#2453=CARTESIAN_POINT('Origin',(2.5,3.,0.249999994412064));
#2454=CARTESIAN_POINT('',(-1.601,3.,0.249999994412065));
#2455=CARTESIAN_POINT('',(2.5,3.,0.249999994412064));
#2456=CARTESIAN_POINT('',(1.25,3.,0.249999994412065));
#2457=CARTESIAN_POINT('',(-1.601,3.,2.49999999441206));
#2458=CARTESIAN_POINT('',(-1.601,3.,0.249999994412065));
#2459=CARTESIAN_POINT('',(2.5,3.,2.49999999441206));
#2460=CARTESIAN_POINT('',(1.25,3.,2.49999999441206));
#2461=CARTESIAN_POINT('',(2.5,3.,0.249999994412064));
#2462=CARTESIAN_POINT('Origin',(2.5,-3.,0.249999994412064));
#2463=CARTESIAN_POINT('',(2.5,-3.,0.249999994412064));
#2464=CARTESIAN_POINT('',(2.5,-1.5,0.249999994412064));
#2465=CARTESIAN_POINT('',(2.5,-3.,2.49999999441206));
#2466=CARTESIAN_POINT('',(2.5,-1.5,2.49999999441206));
#2467=CARTESIAN_POINT('',(2.5,-3.,0.249999994412064));
#2468=CARTESIAN_POINT('Origin',(-2.5,-3.,0.249999994412065));
#2469=CARTESIAN_POINT('',(-2.5,-3.,0.249999994412065));
#2470=CARTESIAN_POINT('',(-1.25,-3.,0.249999994412065));
#2471=CARTESIAN_POINT('',(-2.5,-3.,2.49999999441206));
#2472=CARTESIAN_POINT('',(-1.25,-3.,2.49999999441206));
#2473=CARTESIAN_POINT('',(-2.5,-3.,0.249999994412065));
#2474=CARTESIAN_POINT('Origin',(-2.5,2.101,0.249999994412065));
#2475=CARTESIAN_POINT('',(-2.5,2.101,0.249999994412065));
#2476=CARTESIAN_POINT('',(-2.5,1.0505,0.249999994412065));
#2477=CARTESIAN_POINT('',(-2.5,2.101,2.49999999441206));
#2478=CARTESIAN_POINT('',(-2.5,1.0505,2.49999999441207));
#2479=CARTESIAN_POINT('',(-2.5,2.101,0.249999994412065));
#2480=CARTESIAN_POINT('Origin',(-1.601,3.,0.249999994412065));
#2481=CARTESIAN_POINT('',(-1.95075,2.65025,0.249999994412065));
#2482=CARTESIAN_POINT('',(-1.95075,2.65025,2.49999999441207));
#2483=CARTESIAN_POINT('Origin',(0.,0.,2.49999999441206));
#2484=CARTESIAN_POINT('Origin',(0.,0.,0.249999994412065));
#2485=CARTESIAN_POINT('Origin',(-1.601,3.,0.249999994412065));
#2486=CARTESIAN_POINT('',(-2.5,3.,2.49999999441206));
#2487=CARTESIAN_POINT('',(-1.601,3.,2.49999999441206));
#2488=CARTESIAN_POINT('',(-0.9255,3.,2.49999999441206));
#2489=CARTESIAN_POINT('',(-1.601,3.,0.249999994412065));
#2490=CARTESIAN_POINT('',(-1.601,3.,0.249999994412065));
#2491=CARTESIAN_POINT('',(-2.5,3.,0.249999994412065));
#2492=CARTESIAN_POINT('',(-0.9255,3.,0.249999994412065));
#2493=CARTESIAN_POINT('',(-2.5,3.,0.249999994412065));
#2494=CARTESIAN_POINT('Origin',(-2.5,2.101,0.249999994412065));
#2495=CARTESIAN_POINT('',(-2.5,2.101,2.49999999441206));
#2496=CARTESIAN_POINT('',(-2.33775,2.26325,2.49999999441207));
#2497=CARTESIAN_POINT('',(-2.5,2.101,0.249999994412065));
#2498=CARTESIAN_POINT('',(-2.5,2.101,0.249999994412065));
#2499=CARTESIAN_POINT('',(-2.33775,2.26325,0.249999994412065));
#2500=CARTESIAN_POINT('Origin',(-2.5,3.,0.249999994412065));
#2501=CARTESIAN_POINT('',(-2.5,1.75,2.49999999441206));
#2502=CARTESIAN_POINT('',(-2.5,1.75,0.249999994412065));
#2503=CARTESIAN_POINT('Origin',(-0.25,0.5,0.249999994412065));
#2504=CARTESIAN_POINT('Origin',(-0.25,0.5,2.49999999441206));
#2505=CARTESIAN_POINT('Origin',(0.,0.,0.249999994412065));
#2506=CARTESIAN_POINT('',(-2.,2.44929359829471E-16,2.49999999441206));
#2507=CARTESIAN_POINT('Origin',(0.,0.,2.49999999441206));
#2508=CARTESIAN_POINT('',(-2.,-2.44929359829471E-16,0.249999994412065));
#2509=CARTESIAN_POINT('',(-2.,-2.44929359829471E-16,0.249999994412065));
#2510=CARTESIAN_POINT('Origin',(0.,0.,0.249999994412065));
#2511=CARTESIAN_POINT('Origin',(-0.25,0.5,0.249999994412065));
#2512=CARTESIAN_POINT('Origin',(-0.25,0.5,2.49999999441206));
#2513=UNCERTAINTY_MEASURE_WITH_UNIT(LENGTH_MEASURE(0.01),#2517,
'DISTANCE_ACCURACY_VALUE',
'Maximum model space distance between geometric entities at asserted c
onnectivities');
#2514=UNCERTAINTY_MEASURE_WITH_UNIT(LENGTH_MEASURE(0.01),#2517,
'DISTANCE_ACCURACY_VALUE',
'Maximum model space distance between geometric entities at asserted c
onnectivities');
#2515=(
GEOMETRIC_REPRESENTATION_CONTEXT(3)
GLOBAL_UNCERTAINTY_ASSIGNED_CONTEXT((#2513))
GLOBAL_UNIT_ASSIGNED_CONTEXT((#2517,#2519,#2520))
REPRESENTATION_CONTEXT('','3D')
);
#2516=(
GEOMETRIC_REPRESENTATION_CONTEXT(3)
GLOBAL_UNCERTAINTY_ASSIGNED_CONTEXT((#2514))
GLOBAL_UNIT_ASSIGNED_CONTEXT((#2517,#2519,#2520))
REPRESENTATION_CONTEXT('','3D')
);
#2517=(
LENGTH_UNIT()
NAMED_UNIT(*)
SI_UNIT(.MILLI.,.METRE.)
);
#2518=(
LENGTH_UNIT()
NAMED_UNIT(*)
SI_UNIT($,.METRE.)
);
#2519=(
NAMED_UNIT(*)
PLANE_ANGLE_UNIT()
SI_UNIT($,.RADIAN.)
);
#2520=(
NAMED_UNIT(*)
SI_UNIT($,.STERADIAN.)
SOLID_ANGLE_UNIT()
);
#2521=SHAPE_DEFINITION_REPRESENTATION(#2522,#2523);
#2522=PRODUCT_DEFINITION_SHAPE('',$,#2525);
#2523=SHAPE_REPRESENTATION('',(#1517),#2515);
#2524=PRODUCT_DEFINITION_CONTEXT('part definition',#2529,'design');
#2525=PRODUCT_DEFINITION('product','Cree_PLCC6_RGB_LED',#2526,#2524);
#2526=PRODUCT_DEFINITION_FORMATION('',$,#2531);
#2527=PRODUCT_RELATED_PRODUCT_CATEGORY('Cree_PLCC6_RGB_LED',
'Cree_PLCC6_RGB_LED',(#2531));
#2528=APPLICATION_PROTOCOL_DEFINITION('international standard',
'automotive_design',2009,#2529);
#2529=APPLICATION_CONTEXT(
'Core Data for Automotive Mechanical Design Process');
#2530=PRODUCT_CONTEXT('part definition',#2529,'mechanical');
#2531=PRODUCT('product','Cree_PLCC6_RGB_LED','STEP AP214',(#2530));
#2532=PRESENTATION_STYLE_ASSIGNMENT((#2536));
#2533=PRESENTATION_STYLE_ASSIGNMENT((#2537));
#2534=PRESENTATION_STYLE_ASSIGNMENT((#2538));
#2535=PRESENTATION_STYLE_ASSIGNMENT((#2539));
#2536=SURFACE_STYLE_USAGE(.BOTH.,#2540);
#2537=SURFACE_STYLE_USAGE(.BOTH.,#2541);
#2538=SURFACE_STYLE_USAGE(.BOTH.,#2542);
#2539=SURFACE_STYLE_USAGE(.BOTH.,#2543);
#2540=SURFACE_SIDE_STYLE('',(#2544));
#2541=SURFACE_SIDE_STYLE('',(#2545));
#2542=SURFACE_SIDE_STYLE('',(#2546));
#2543=SURFACE_SIDE_STYLE('',(#2547));
#2544=SURFACE_STYLE_FILL_AREA(#2548);
#2545=SURFACE_STYLE_FILL_AREA(#2549);
#2546=SURFACE_STYLE_FILL_AREA(#2550);
#2547=SURFACE_STYLE_FILL_AREA(#2551);
#2548=FILL_AREA_STYLE('Steel - Satin',(#2552));
#2549=FILL_AREA_STYLE('Aluminum - Satin',(#2553));
#2550=FILL_AREA_STYLE('ABS (Schwarz)',(#2554));
#2551=FILL_AREA_STYLE('ABS (Wei\X\DF)',(#2555));
#2552=FILL_AREA_STYLE_COLOUR('Steel - Satin',#2556);
#2553=FILL_AREA_STYLE_COLOUR('Aluminum - Satin',#2557);
#2554=FILL_AREA_STYLE_COLOUR('ABS (Schwarz)',#2558);
#2555=FILL_AREA_STYLE_COLOUR('ABS (Wei\X\DF)',#2559);
#2556=COLOUR_RGB('Steel - Satin',0.627450980392157,0.627450980392157,0.627450980392157);
#2557=COLOUR_RGB('Aluminum - Satin',0.96078431372549,0.96078431372549,0.964705882352941);
#2558=COLOUR_RGB('ABS (Schwarz)',0.137254901960784,0.137254901960784,0.137254901960784);
#2559=COLOUR_RGB('ABS (Wei\X\DF)',0.901960784313726,0.901960784313726,0.901960784313726);
ENDSEC;
END-ISO-10303-21;
