ISO-10303-21;
HEADER;
/* Generated by software containing ST-Developer
 * from STEP Tools, Inc. (www.steptools.com) 
 */

FILE_DESCRIPTION(
/* description */ ('STEP AP242'),
/* implementation_level */ '2;1');

FILE_NAME(
/* name */ 'Molex_MicroFit_2pin.step',
/* time_stamp */ '2026-03-22T21:37:00+01:00',
/* author */ (''),
/* organization */ (''),
/* preprocessor_version */ 'ST-DEVELOPER v20.1',
/* originating_system */ 'Autodesk Translation Framework v14.24.0.0',
/* authorisation */ '');

FILE_SCHEMA (('AUTOMOTIVE_DESIGN { 1 0 10303 214 3 1 1 }'));
ENDSEC;

DATA;
#10=MECHANICAL_DESIGN_GEOMETRIC_PRESENTATION_REPRESENTATION('',(#26,#27,
#28,#29,#30,#31,#32,#33,#34,#35,#36,#37,#38,#39,#40,#41,#42,#43,#44,#45,
#46,#47,#48,#49,#50,#51,#52,#53,#54,#55,#56,#57,#58,#59,#60,#61,#62,#63,
#64,#65,#66,#67,#68,#69,#70,#71,#72,#73,#74,#75,#76,#77,#78,#79,#80,#81,
#82,#83,#84,#85,#86,#87,#88,#89,#90,#91,#92,#93,#94),#4016);
#11=SHAPE_REPRESENTATION_RELATIONSHIP('SRR','None',#4023,#12);
#12=ADVANCED_BREP_SHAPE_REPRESENTATION('',(#13),#4015);
#13=MANIFOLD_SOLID_BREP('K\X\F6rper1',#2546);
#14=CIRCLE('',#2667,0.649999999999999);
#15=CIRCLE('',#2668,0.649999999999999);
#16=CIRCLE('',#2673,0.199999999999999);
#17=CIRCLE('',#2674,0.199999999999999);
#18=CIRCLE('',#2694,0.649999999999999);
#19=CIRCLE('',#2695,0.649999999999999);
#20=CIRCLE('',#2700,0.199999999999999);
#21=CIRCLE('',#2701,0.199999999999999);
#22=CYLINDRICAL_SURFACE('',#2666,0.649999999999999);
#23=CYLINDRICAL_SURFACE('',#2672,0.199999999999999);
#24=CYLINDRICAL_SURFACE('',#2693,0.649999999999999);
#25=CYLINDRICAL_SURFACE('',#2699,0.199999999999999);
#26=STYLED_ITEM('',(#4034),#2464);
#27=STYLED_ITEM('',(#4034),#2465);
#28=STYLED_ITEM('',(#4034),#2466);
#29=STYLED_ITEM('',(#4034),#2467);
#30=STYLED_ITEM('',(#4034),#2468);
#31=STYLED_ITEM('',(#4034),#2469);
#32=STYLED_ITEM('',(#4034),#2470);
#33=STYLED_ITEM('',(#4034),#2471);
#34=STYLED_ITEM('',(#4034),#2472);
#35=STYLED_ITEM('',(#4034),#2473);
#36=STYLED_ITEM('',(#4034),#2474);
#37=STYLED_ITEM('',(#4034),#2475);
#38=STYLED_ITEM('',(#4034),#2476);
#39=STYLED_ITEM('',(#4034),#2477);
#40=STYLED_ITEM('',(#4034),#2478);
#41=STYLED_ITEM('',(#4034),#2479);
#42=STYLED_ITEM('',(#4034),#2480);
#43=STYLED_ITEM('',(#4034),#2481);
#44=STYLED_ITEM('',(#4034),#2482);
#45=STYLED_ITEM('',(#4034),#2483);
#46=STYLED_ITEM('',(#4034),#2484);
#47=STYLED_ITEM('',(#4034),#2485);
#48=STYLED_ITEM('',(#4034),#2486);
#49=STYLED_ITEM('',(#4034),#2487);
#50=STYLED_ITEM('',(#4034),#2488);
#51=STYLED_ITEM('',(#4034),#2489);
#52=STYLED_ITEM('',(#4034),#2490);
#53=STYLED_ITEM('',(#4034),#2491);
#54=STYLED_ITEM('',(#4034),#2492);
#55=STYLED_ITEM('',(#4034),#2493);
#56=STYLED_ITEM('',(#4034),#2494);
#57=STYLED_ITEM('',(#4034),#2495);
#58=STYLED_ITEM('',(#4034),#2496);
#59=STYLED_ITEM('',(#4034),#2497);
#60=STYLED_ITEM('',(#4034),#2498);
#61=STYLED_ITEM('',(#4034),#2499);
#62=STYLED_ITEM('',(#4034),#2500);
#63=STYLED_ITEM('',(#4034),#2501);
#64=STYLED_ITEM('',(#4034),#2502);
#65=STYLED_ITEM('',(#4034),#2503);
#66=STYLED_ITEM('',(#4034),#2504);
#67=STYLED_ITEM('',(#4034),#2505);
#68=STYLED_ITEM('',(#4034),#2506);
#69=STYLED_ITEM('',(#4034),#2507);
#70=STYLED_ITEM('',(#4034),#2508);
#71=STYLED_ITEM('',(#4034),#2509);
#72=STYLED_ITEM('',(#4034),#2510);
#73=STYLED_ITEM('',(#4034),#2511);
#74=STYLED_ITEM('',(#4034),#2512);
#75=STYLED_ITEM('',(#4034),#2513);
#76=STYLED_ITEM('',(#4034),#2514);
#77=STYLED_ITEM('',(#4034),#2515);
#78=STYLED_ITEM('',(#4034),#2523);
#79=STYLED_ITEM('',(#4034),#2524);
#80=STYLED_ITEM('',(#4034),#2525);
#81=STYLED_ITEM('',(#4034),#2526);
#82=STYLED_ITEM('',(#4034),#2527);
#83=STYLED_ITEM('',(#4034),#2528);
#84=STYLED_ITEM('',(#4034),#2529);
#85=STYLED_ITEM('',(#4034),#2530);
#86=STYLED_ITEM('',(#4034),#2531);
#87=STYLED_ITEM('',(#4034),#2532);
#88=STYLED_ITEM('',(#4034),#2533);
#89=STYLED_ITEM('',(#4034),#2534);
#90=STYLED_ITEM('',(#4034),#2535);
#91=STYLED_ITEM('',(#4034),#2536);
#92=STYLED_ITEM('',(#4034),#2537);
#93=STYLED_ITEM('',(#4034),#2538);
#94=STYLED_ITEM('',(#4033),#13);
#95=FACE_BOUND('',#245,.T.);
#96=FACE_BOUND('',#246,.T.);
#97=FACE_BOUND('',#247,.T.);
#98=FACE_BOUND('',#248,.T.);
#99=FACE_BOUND('',#249,.T.);
#100=FACE_BOUND('',#250,.T.);
#101=FACE_BOUND('',#251,.T.);
#102=FACE_BOUND('',#252,.T.);
#103=FACE_BOUND('',#258,.T.);
#104=FACE_BOUND('',#259,.T.);
#105=FACE_BOUND('',#261,.T.);
#106=FACE_BOUND('',#294,.T.);
#107=FACE_BOUND('',#300,.T.);
#108=FACE_OUTER_BOUND('',#244,.T.);
#109=FACE_OUTER_BOUND('',#253,.T.);
#110=FACE_OUTER_BOUND('',#254,.T.);
#111=FACE_OUTER_BOUND('',#255,.T.);
#112=FACE_OUTER_BOUND('',#256,.T.);
#113=FACE_OUTER_BOUND('',#257,.T.);
#114=FACE_OUTER_BOUND('',#260,.T.);
#115=FACE_OUTER_BOUND('',#262,.T.);
#116=FACE_OUTER_BOUND('',#263,.T.);
#117=FACE_OUTER_BOUND('',#264,.T.);
#118=FACE_OUTER_BOUND('',#265,.T.);
#119=FACE_OUTER_BOUND('',#266,.T.);
#120=FACE_OUTER_BOUND('',#267,.T.);
#121=FACE_OUTER_BOUND('',#268,.T.);
#122=FACE_OUTER_BOUND('',#269,.T.);
#123=FACE_OUTER_BOUND('',#270,.T.);
#124=FACE_OUTER_BOUND('',#271,.T.);
#125=FACE_OUTER_BOUND('',#272,.T.);
#126=FACE_OUTER_BOUND('',#273,.T.);
#127=FACE_OUTER_BOUND('',#274,.T.);
#128=FACE_OUTER_BOUND('',#275,.T.);
#129=FACE_OUTER_BOUND('',#276,.T.);
#130=FACE_OUTER_BOUND('',#277,.T.);
#131=FACE_OUTER_BOUND('',#278,.T.);
#132=FACE_OUTER_BOUND('',#279,.T.);
#133=FACE_OUTER_BOUND('',#280,.T.);
#134=FACE_OUTER_BOUND('',#281,.T.);
#135=FACE_OUTER_BOUND('',#282,.T.);
#136=FACE_OUTER_BOUND('',#283,.T.);
#137=FACE_OUTER_BOUND('',#284,.T.);
#138=FACE_OUTER_BOUND('',#285,.T.);
#139=FACE_OUTER_BOUND('',#286,.T.);
#140=FACE_OUTER_BOUND('',#287,.T.);
#141=FACE_OUTER_BOUND('',#288,.T.);
#142=FACE_OUTER_BOUND('',#289,.T.);
#143=FACE_OUTER_BOUND('',#290,.T.);
#144=FACE_OUTER_BOUND('',#291,.T.);
#145=FACE_OUTER_BOUND('',#292,.T.);
#146=FACE_OUTER_BOUND('',#293,.T.);
#147=FACE_OUTER_BOUND('',#295,.T.);
#148=FACE_OUTER_BOUND('',#296,.T.);
#149=FACE_OUTER_BOUND('',#297,.T.);
#150=FACE_OUTER_BOUND('',#298,.T.);
#151=FACE_OUTER_BOUND('',#299,.T.);
#152=FACE_OUTER_BOUND('',#301,.T.);
#153=FACE_OUTER_BOUND('',#302,.T.);
#154=FACE_OUTER_BOUND('',#303,.T.);
#155=FACE_OUTER_BOUND('',#304,.T.);
#156=FACE_OUTER_BOUND('',#305,.T.);
#157=FACE_OUTER_BOUND('',#306,.T.);
#158=FACE_OUTER_BOUND('',#307,.T.);
#159=FACE_OUTER_BOUND('',#308,.T.);
#160=FACE_OUTER_BOUND('',#309,.T.);
#161=FACE_OUTER_BOUND('',#310,.T.);
#162=FACE_OUTER_BOUND('',#311,.T.);
#163=FACE_OUTER_BOUND('',#312,.T.);
#164=FACE_OUTER_BOUND('',#313,.T.);
#165=FACE_OUTER_BOUND('',#314,.T.);
#166=FACE_OUTER_BOUND('',#315,.T.);
#167=FACE_OUTER_BOUND('',#316,.T.);
#168=FACE_OUTER_BOUND('',#317,.T.);
#169=FACE_OUTER_BOUND('',#318,.T.);
#170=FACE_OUTER_BOUND('',#319,.T.);
#171=FACE_OUTER_BOUND('',#320,.T.);
#172=FACE_OUTER_BOUND('',#321,.T.);
#173=FACE_OUTER_BOUND('',#322,.T.);
#174=FACE_OUTER_BOUND('',#323,.T.);
#175=FACE_OUTER_BOUND('',#324,.T.);
#176=FACE_OUTER_BOUND('',#325,.T.);
#177=FACE_OUTER_BOUND('',#326,.T.);
#178=FACE_OUTER_BOUND('',#327,.T.);
#179=FACE_OUTER_BOUND('',#328,.T.);
#180=FACE_OUTER_BOUND('',#329,.T.);
#181=FACE_OUTER_BOUND('',#330,.T.);
#182=FACE_OUTER_BOUND('',#331,.T.);
#183=FACE_OUTER_BOUND('',#332,.T.);
#184=FACE_OUTER_BOUND('',#333,.T.);
#185=FACE_OUTER_BOUND('',#334,.T.);
#186=FACE_OUTER_BOUND('',#335,.T.);
#187=FACE_OUTER_BOUND('',#336,.T.);
#188=FACE_OUTER_BOUND('',#337,.T.);
#189=FACE_OUTER_BOUND('',#338,.T.);
#190=FACE_OUTER_BOUND('',#339,.T.);
#191=FACE_OUTER_BOUND('',#340,.T.);
#192=FACE_OUTER_BOUND('',#341,.T.);
#193=FACE_OUTER_BOUND('',#342,.T.);
#194=FACE_OUTER_BOUND('',#343,.T.);
#195=FACE_OUTER_BOUND('',#344,.T.);
#196=FACE_OUTER_BOUND('',#345,.T.);
#197=FACE_OUTER_BOUND('',#346,.T.);
#198=FACE_OUTER_BOUND('',#347,.T.);
#199=FACE_OUTER_BOUND('',#348,.T.);
#200=FACE_OUTER_BOUND('',#349,.T.);
#201=FACE_OUTER_BOUND('',#350,.T.);
#202=FACE_OUTER_BOUND('',#351,.T.);
#203=FACE_OUTER_BOUND('',#352,.T.);
#204=FACE_OUTER_BOUND('',#353,.T.);
#205=FACE_OUTER_BOUND('',#354,.T.);
#206=FACE_OUTER_BOUND('',#355,.T.);
#207=FACE_OUTER_BOUND('',#356,.T.);
#208=FACE_OUTER_BOUND('',#357,.T.);
#209=FACE_OUTER_BOUND('',#358,.T.);
#210=FACE_OUTER_BOUND('',#359,.T.);
#211=FACE_OUTER_BOUND('',#360,.T.);
#212=FACE_OUTER_BOUND('',#361,.T.);
#213=FACE_OUTER_BOUND('',#362,.T.);
#214=FACE_OUTER_BOUND('',#363,.T.);
#215=FACE_OUTER_BOUND('',#364,.T.);
#216=FACE_OUTER_BOUND('',#365,.T.);
#217=FACE_OUTER_BOUND('',#366,.T.);
#218=FACE_OUTER_BOUND('',#367,.T.);
#219=FACE_OUTER_BOUND('',#368,.T.);
#220=FACE_OUTER_BOUND('',#369,.T.);
#221=FACE_OUTER_BOUND('',#370,.T.);
#222=FACE_OUTER_BOUND('',#371,.T.);
#223=FACE_OUTER_BOUND('',#372,.T.);
#224=FACE_OUTER_BOUND('',#373,.T.);
#225=FACE_OUTER_BOUND('',#374,.T.);
#226=FACE_OUTER_BOUND('',#375,.T.);
#227=FACE_OUTER_BOUND('',#376,.T.);
#228=FACE_OUTER_BOUND('',#377,.T.);
#229=FACE_OUTER_BOUND('',#378,.T.);
#230=FACE_OUTER_BOUND('',#379,.T.);
#231=FACE_OUTER_BOUND('',#380,.T.);
#232=FACE_OUTER_BOUND('',#381,.T.);
#233=FACE_OUTER_BOUND('',#382,.T.);
#234=FACE_OUTER_BOUND('',#383,.T.);
#235=FACE_OUTER_BOUND('',#384,.T.);
#236=FACE_OUTER_BOUND('',#385,.T.);
#237=FACE_OUTER_BOUND('',#386,.T.);
#238=FACE_OUTER_BOUND('',#387,.T.);
#239=FACE_OUTER_BOUND('',#388,.T.);
#240=FACE_OUTER_BOUND('',#389,.T.);
#241=FACE_OUTER_BOUND('',#390,.T.);
#242=FACE_OUTER_BOUND('',#391,.T.);
#243=FACE_OUTER_BOUND('',#392,.T.);
#244=EDGE_LOOP('',(#1604,#1605,#1606,#1607,#1608,#1609,#1610,#1611,#1612,
#1613,#1614,#1615,#1616,#1617,#1618,#1619,#1620,#1621));
#245=EDGE_LOOP('',(#1622,#1623,#1624,#1625));
#246=EDGE_LOOP('',(#1626,#1627,#1628,#1629));
#247=EDGE_LOOP('',(#1630,#1631,#1632,#1633));
#248=EDGE_LOOP('',(#1634,#1635,#1636,#1637));
#249=EDGE_LOOP('',(#1638,#1639,#1640,#1641));
#250=EDGE_LOOP('',(#1642,#1643,#1644,#1645));
#251=EDGE_LOOP('',(#1646,#1647,#1648,#1649));
#252=EDGE_LOOP('',(#1650,#1651,#1652,#1653));
#253=EDGE_LOOP('',(#1654,#1655,#1656,#1657,#1658,#1659,#1660,#1661));
#254=EDGE_LOOP('',(#1662,#1663,#1664,#1665));
#255=EDGE_LOOP('',(#1666,#1667,#1668,#1669));
#256=EDGE_LOOP('',(#1670,#1671,#1672,#1673,#1674,#1675,#1676,#1677));
#257=EDGE_LOOP('',(#1678,#1679,#1680,#1681,#1682,#1683,#1684,#1685));
#258=EDGE_LOOP('',(#1686,#1687,#1688,#1689));
#259=EDGE_LOOP('',(#1690,#1691,#1692,#1693,#1694));
#260=EDGE_LOOP('',(#1695,#1696,#1697,#1698,#1699,#1700));
#261=EDGE_LOOP('',(#1701,#1702,#1703,#1704));
#262=EDGE_LOOP('',(#1705,#1706,#1707,#1708,#1709,#1710,#1711,#1712));
#263=EDGE_LOOP('',(#1713,#1714,#1715,#1716,#1717,#1718,#1719,#1720));
#264=EDGE_LOOP('',(#1721,#1722,#1723,#1724));
#265=EDGE_LOOP('',(#1725,#1726,#1727,#1728));
#266=EDGE_LOOP('',(#1729,#1730,#1731,#1732));
#267=EDGE_LOOP('',(#1733,#1734,#1735,#1736));
#268=EDGE_LOOP('',(#1737,#1738,#1739,#1740));
#269=EDGE_LOOP('',(#1741,#1742,#1743,#1744,#1745));
#270=EDGE_LOOP('',(#1746,#1747,#1748,#1749,#1750));
#271=EDGE_LOOP('',(#1751,#1752,#1753,#1754));
#272=EDGE_LOOP('',(#1755,#1756,#1757,#1758));
#273=EDGE_LOOP('',(#1759,#1760,#1761));
#274=EDGE_LOOP('',(#1762,#1763,#1764));
#275=EDGE_LOOP('',(#1765,#1766,#1767,#1768));
#276=EDGE_LOOP('',(#1769,#1770,#1771,#1772));
#277=EDGE_LOOP('',(#1773,#1774,#1775));
#278=EDGE_LOOP('',(#1776,#1777,#1778));
#279=EDGE_LOOP('',(#1779,#1780,#1781,#1782));
#280=EDGE_LOOP('',(#1783,#1784,#1785,#1786));
#281=EDGE_LOOP('',(#1787,#1788,#1789,#1790));
#282=EDGE_LOOP('',(#1791,#1792,#1793,#1794,#1795));
#283=EDGE_LOOP('',(#1796,#1797,#1798,#1799));
#284=EDGE_LOOP('',(#1800,#1801,#1802,#1803));
#285=EDGE_LOOP('',(#1804,#1805,#1806,#1807));
#286=EDGE_LOOP('',(#1808,#1809,#1810,#1811,#1812));
#287=EDGE_LOOP('',(#1813,#1814,#1815,#1816,#1817,#1818,#1819,#1820));
#288=EDGE_LOOP('',(#1821,#1822,#1823,#1824));
#289=EDGE_LOOP('',(#1825,#1826,#1827,#1828));
#290=EDGE_LOOP('',(#1829,#1830,#1831,#1832));
#291=EDGE_LOOP('',(#1833,#1834,#1835,#1836));
#292=EDGE_LOOP('',(#1837,#1838,#1839,#1840));
#293=EDGE_LOOP('',(#1841,#1842,#1843,#1844,#1845));
#294=EDGE_LOOP('',(#1846,#1847,#1848,#1849));
#295=EDGE_LOOP('',(#1850,#1851,#1852,#1853));
#296=EDGE_LOOP('',(#1854,#1855,#1856,#1857));
#297=EDGE_LOOP('',(#1858,#1859,#1860,#1861));
#298=EDGE_LOOP('',(#1862,#1863,#1864,#1865));
#299=EDGE_LOOP('',(#1866,#1867,#1868,#1869));
#300=EDGE_LOOP('',(#1870,#1871,#1872,#1873));
#301=EDGE_LOOP('',(#1874,#1875,#1876,#1877));
#302=EDGE_LOOP('',(#1878,#1879,#1880,#1881));
#303=EDGE_LOOP('',(#1882,#1883,#1884,#1885));
#304=EDGE_LOOP('',(#1886,#1887,#1888,#1889));
#305=EDGE_LOOP('',(#1890,#1891,#1892,#1893));
#306=EDGE_LOOP('',(#1894,#1895,#1896,#1897));
#307=EDGE_LOOP('',(#1898,#1899,#1900,#1901));
#308=EDGE_LOOP('',(#1902,#1903,#1904,#1905));
#309=EDGE_LOOP('',(#1906,#1907,#1908,#1909));
#310=EDGE_LOOP('',(#1910,#1911,#1912,#1913));
#311=EDGE_LOOP('',(#1914,#1915,#1916,#1917));
#312=EDGE_LOOP('',(#1918,#1919,#1920,#1921));
#313=EDGE_LOOP('',(#1922,#1923,#1924,#1925));
#314=EDGE_LOOP('',(#1926,#1927,#1928,#1929));
#315=EDGE_LOOP('',(#1930,#1931,#1932,#1933));
#316=EDGE_LOOP('',(#1934,#1935,#1936,#1937));
#317=EDGE_LOOP('',(#1938,#1939,#1940,#1941));
#318=EDGE_LOOP('',(#1942,#1943,#1944,#1945));
#319=EDGE_LOOP('',(#1946,#1947,#1948,#1949));
#320=EDGE_LOOP('',(#1950,#1951,#1952,#1953));
#321=EDGE_LOOP('',(#1954,#1955,#1956,#1957));
#322=EDGE_LOOP('',(#1958,#1959,#1960,#1961));
#323=EDGE_LOOP('',(#1962,#1963,#1964,#1965));
#324=EDGE_LOOP('',(#1966,#1967,#1968,#1969));
#325=EDGE_LOOP('',(#1970,#1971,#1972,#1973));
#326=EDGE_LOOP('',(#1974,#1975,#1976,#1977));
#327=EDGE_LOOP('',(#1978,#1979,#1980,#1981));
#328=EDGE_LOOP('',(#1982,#1983,#1984,#1985));
#329=EDGE_LOOP('',(#1986,#1987,#1988,#1989));
#330=EDGE_LOOP('',(#1990,#1991,#1992,#1993));
#331=EDGE_LOOP('',(#1994,#1995,#1996,#1997));
#332=EDGE_LOOP('',(#1998,#1999,#2000,#2001));
#333=EDGE_LOOP('',(#2002,#2003,#2004,#2005));
#334=EDGE_LOOP('',(#2006,#2007,#2008,#2009));
#335=EDGE_LOOP('',(#2010,#2011,#2012,#2013));
#336=EDGE_LOOP('',(#2014,#2015,#2016,#2017));
#337=EDGE_LOOP('',(#2018,#2019,#2020,#2021));
#338=EDGE_LOOP('',(#2022,#2023,#2024,#2025));
#339=EDGE_LOOP('',(#2026,#2027,#2028,#2029));
#340=EDGE_LOOP('',(#2030,#2031,#2032,#2033));
#341=EDGE_LOOP('',(#2034,#2035,#2036,#2037));
#342=EDGE_LOOP('',(#2038,#2039,#2040,#2041));
#343=EDGE_LOOP('',(#2042,#2043,#2044,#2045));
#344=EDGE_LOOP('',(#2046,#2047,#2048,#2049));
#345=EDGE_LOOP('',(#2050,#2051,#2052,#2053));
#346=EDGE_LOOP('',(#2054,#2055,#2056,#2057));
#347=EDGE_LOOP('',(#2058,#2059,#2060,#2061));
#348=EDGE_LOOP('',(#2062,#2063,#2064,#2065));
#349=EDGE_LOOP('',(#2066,#2067,#2068,#2069));
#350=EDGE_LOOP('',(#2070,#2071,#2072,#2073));
#351=EDGE_LOOP('',(#2074,#2075,#2076,#2077,#2078,#2079,#2080));
#352=EDGE_LOOP('',(#2081,#2082,#2083,#2084,#2085,#2086,#2087));
#353=EDGE_LOOP('',(#2088,#2089,#2090,#2091));
#354=EDGE_LOOP('',(#2092,#2093,#2094,#2095));
#355=EDGE_LOOP('',(#2096,#2097,#2098,#2099,#2100,#2101,#2102));
#356=EDGE_LOOP('',(#2103,#2104,#2105,#2106,#2107,#2108,#2109));
#357=EDGE_LOOP('',(#2110,#2111,#2112,#2113));
#358=EDGE_LOOP('',(#2114,#2115,#2116,#2117));
#359=EDGE_LOOP('',(#2118,#2119,#2120,#2121));
#360=EDGE_LOOP('',(#2122,#2123,#2124,#2125));
#361=EDGE_LOOP('',(#2126,#2127,#2128,#2129));
#362=EDGE_LOOP('',(#2130,#2131,#2132,#2133));
#363=EDGE_LOOP('',(#2134,#2135,#2136,#2137));
#364=EDGE_LOOP('',(#2138,#2139,#2140,#2141));
#365=EDGE_LOOP('',(#2142,#2143,#2144,#2145));
#366=EDGE_LOOP('',(#2146,#2147,#2148,#2149));
#367=EDGE_LOOP('',(#2150,#2151,#2152,#2153));
#368=EDGE_LOOP('',(#2154,#2155,#2156,#2157,#2158,#2159,#2160));
#369=EDGE_LOOP('',(#2161,#2162,#2163,#2164,#2165,#2166,#2167));
#370=EDGE_LOOP('',(#2168,#2169,#2170,#2171));
#371=EDGE_LOOP('',(#2172,#2173,#2174,#2175));
#372=EDGE_LOOP('',(#2176,#2177,#2178,#2179));
#373=EDGE_LOOP('',(#2180,#2181,#2182,#2183));
#374=EDGE_LOOP('',(#2184,#2185,#2186,#2187,#2188,#2189,#2190));
#375=EDGE_LOOP('',(#2191,#2192,#2193,#2194,#2195,#2196,#2197));
#376=EDGE_LOOP('',(#2198,#2199,#2200,#2201));
#377=EDGE_LOOP('',(#2202,#2203,#2204,#2205));
#378=EDGE_LOOP('',(#2206,#2207,#2208,#2209,#2210,#2211,#2212));
#379=EDGE_LOOP('',(#2213,#2214,#2215,#2216,#2217,#2218,#2219));
#380=EDGE_LOOP('',(#2220,#2221,#2222,#2223));
#381=EDGE_LOOP('',(#2224,#2225,#2226,#2227));
#382=EDGE_LOOP('',(#2228,#2229,#2230,#2231));
#383=EDGE_LOOP('',(#2232,#2233,#2234,#2235));
#384=EDGE_LOOP('',(#2236,#2237,#2238,#2239));
#385=EDGE_LOOP('',(#2240,#2241,#2242,#2243));
#386=EDGE_LOOP('',(#2244,#2245,#2246,#2247));
#387=EDGE_LOOP('',(#2248,#2249,#2250,#2251));
#388=EDGE_LOOP('',(#2252,#2253,#2254,#2255));
#389=EDGE_LOOP('',(#2256,#2257,#2258,#2259));
#390=EDGE_LOOP('',(#2260,#2261,#2262,#2263));
#391=EDGE_LOOP('',(#2264,#2265,#2266,#2267,#2268,#2269,#2270));
#392=EDGE_LOOP('',(#2271,#2272,#2273,#2274,#2275,#2276,#2277));
#393=LINE('',#3327,#722);
#394=LINE('',#3329,#723);
#395=LINE('',#3331,#724);
#396=LINE('',#3333,#725);
#397=LINE('',#3335,#726);
#398=LINE('',#3337,#727);
#399=LINE('',#3339,#728);
#400=LINE('',#3341,#729);
#401=LINE('',#3343,#730);
#402=LINE('',#3345,#731);
#403=LINE('',#3347,#732);
#404=LINE('',#3349,#733);
#405=LINE('',#3351,#734);
#406=LINE('',#3353,#735);
#407=LINE('',#3355,#736);
#408=LINE('',#3357,#737);
#409=LINE('',#3359,#738);
#410=LINE('',#3360,#739);
#411=LINE('',#3363,#740);
#412=LINE('',#3365,#741);
#413=LINE('',#3367,#742);
#414=LINE('',#3368,#743);
#415=LINE('',#3371,#744);
#416=LINE('',#3373,#745);
#417=LINE('',#3375,#746);
#418=LINE('',#3376,#747);
#419=LINE('',#3379,#748);
#420=LINE('',#3381,#749);
#421=LINE('',#3383,#750);
#422=LINE('',#3384,#751);
#423=LINE('',#3387,#752);
#424=LINE('',#3389,#753);
#425=LINE('',#3391,#754);
#426=LINE('',#3392,#755);
#427=LINE('',#3395,#756);
#428=LINE('',#3397,#757);
#429=LINE('',#3399,#758);
#430=LINE('',#3400,#759);
#431=LINE('',#3403,#760);
#432=LINE('',#3405,#761);
#433=LINE('',#3407,#762);
#434=LINE('',#3408,#763);
#435=LINE('',#3411,#764);
#436=LINE('',#3413,#765);
#437=LINE('',#3415,#766);
#438=LINE('',#3416,#767);
#439=LINE('',#3419,#768);
#440=LINE('',#3421,#769);
#441=LINE('',#3423,#770);
#442=LINE('',#3424,#771);
#443=LINE('',#3428,#772);
#444=LINE('',#3429,#773);
#445=LINE('',#3431,#774);
#446=LINE('',#3433,#775);
#447=LINE('',#3434,#776);
#448=LINE('',#3435,#777);
#449=LINE('',#3439,#778);
#450=LINE('',#3441,#779);
#451=LINE('',#3443,#780);
#452=LINE('',#3444,#781);
#453=LINE('',#3448,#782);
#454=LINE('',#3450,#783);
#455=LINE('',#3452,#784);
#456=LINE('',#3453,#785);
#457=LINE('',#3456,#786);
#458=LINE('',#3458,#787);
#459=LINE('',#3460,#788);
#460=LINE('',#3462,#789);
#461=LINE('',#3463,#790);
#462=LINE('',#3464,#791);
#463=LINE('',#3466,#792);
#464=LINE('',#3468,#793);
#465=LINE('',#3469,#794);
#466=LINE('',#3471,#795);
#467=LINE('',#3472,#796);
#468=LINE('',#3475,#797);
#469=LINE('',#3477,#798);
#470=LINE('',#3479,#799);
#471=LINE('',#3480,#800);
#472=LINE('',#3483,#801);
#473=LINE('',#3485,#802);
#474=LINE('',#3487,#803);
#475=LINE('',#3489,#804);
#476=LINE('',#3490,#805);
#477=LINE('',#3493,#806);
#478=LINE('',#3494,#807);
#479=LINE('',#3497,#808);
#480=LINE('',#3499,#809);
#481=LINE('',#3501,#810);
#482=LINE('',#3502,#811);
#483=LINE('',#3506,#812);
#484=LINE('',#3508,#813);
#485=LINE('',#3510,#814);
#486=LINE('',#3511,#815);
#487=LINE('',#3513,#816);
#488=LINE('',#3514,#817);
#489=LINE('',#3517,#818);
#490=LINE('',#3518,#819);
#491=LINE('',#3520,#820);
#492=LINE('',#3521,#821);
#493=LINE('',#3524,#822);
#494=LINE('',#3526,#823);
#495=LINE('',#3527,#824);
#496=LINE('',#3530,#825);
#497=LINE('',#3532,#826);
#498=LINE('',#3533,#827);
#499=LINE('',#3535,#828);
#500=LINE('',#3536,#829);
#501=LINE('',#3540,#830);
#502=LINE('',#3541,#831);
#503=LINE('',#3543,#832);
#504=LINE('',#3546,#833);
#505=LINE('',#3548,#834);
#506=LINE('',#3549,#835);
#507=LINE('',#3551,#836);
#508=LINE('',#3552,#837);
#509=LINE('',#3557,#838);
#510=LINE('',#3559,#839);
#511=LINE('',#3560,#840);
#512=LINE('',#3562,#841);
#513=LINE('',#3563,#842);
#514=LINE('',#3568,#843);
#515=LINE('',#3570,#844);
#516=LINE('',#3571,#845);
#517=LINE('',#3573,#846);
#518=LINE('',#3575,#847);
#519=LINE('',#3579,#848);
#520=LINE('',#3580,#849);
#521=LINE('',#3583,#850);
#522=LINE('',#3584,#851);
#523=LINE('',#3586,#852);
#524=LINE('',#3587,#853);
#525=LINE('',#3591,#854);
#526=LINE('',#3593,#855);
#527=LINE('',#3594,#856);
#528=LINE('',#3597,#857);
#529=LINE('',#3599,#858);
#530=LINE('',#3600,#859);
#531=LINE('',#3603,#860);
#532=LINE('',#3604,#861);
#533=LINE('',#3607,#862);
#534=LINE('',#3608,#863);
#535=LINE('',#3611,#864);
#536=LINE('',#3612,#865);
#537=LINE('',#3614,#866);
#538=LINE('',#3618,#867);
#539=LINE('',#3620,#868);
#540=LINE('',#3622,#869);
#541=LINE('',#3623,#870);
#542=LINE('',#3626,#871);
#543=LINE('',#3628,#872);
#544=LINE('',#3629,#873);
#545=LINE('',#3632,#874);
#546=LINE('',#3633,#875);
#547=LINE('',#3636,#876);
#548=LINE('',#3637,#877);
#549=LINE('',#3639,#878);
#550=LINE('',#3643,#879);
#551=LINE('',#3645,#880);
#552=LINE('',#3647,#881);
#553=LINE('',#3648,#882);
#554=LINE('',#3651,#883);
#555=LINE('',#3653,#884);
#556=LINE('',#3654,#885);
#557=LINE('',#3657,#886);
#558=LINE('',#3659,#887);
#559=LINE('',#3660,#888);
#560=LINE('',#3662,#889);
#561=LINE('',#3663,#890);
#562=LINE('',#3668,#891);
#563=LINE('',#3670,#892);
#564=LINE('',#3671,#893);
#565=LINE('',#3674,#894);
#566=LINE('',#3676,#895);
#567=LINE('',#3677,#896);
#568=LINE('',#3679,#897);
#569=LINE('',#3680,#898);
#570=LINE('',#3686,#899);
#571=LINE('',#3688,#900);
#572=LINE('',#3690,#901);
#573=LINE('',#3691,#902);
#574=LINE('',#3694,#903);
#575=LINE('',#3696,#904);
#576=LINE('',#3697,#905);
#577=LINE('',#3700,#906);
#578=LINE('',#3702,#907);
#579=LINE('',#3703,#908);
#580=LINE('',#3705,#909);
#581=LINE('',#3707,#910);
#582=LINE('',#3710,#911);
#583=LINE('',#3712,#912);
#584=LINE('',#3713,#913);
#585=LINE('',#3716,#914);
#586=LINE('',#3718,#915);
#587=LINE('',#3719,#916);
#588=LINE('',#3721,#917);
#589=LINE('',#3725,#918);
#590=LINE('',#3727,#919);
#591=LINE('',#3729,#920);
#592=LINE('',#3730,#921);
#593=LINE('',#3732,#922);
#594=LINE('',#3734,#923);
#595=LINE('',#3735,#924);
#596=LINE('',#3737,#925);
#597=LINE('',#3739,#926);
#598=LINE('',#3742,#927);
#599=LINE('',#3743,#928);
#600=LINE('',#3745,#929);
#601=LINE('',#3747,#930);
#602=LINE('',#3752,#931);
#603=LINE('',#3754,#932);
#604=LINE('',#3756,#933);
#605=LINE('',#3757,#934);
#606=LINE('',#3760,#935);
#607=LINE('',#3762,#936);
#608=LINE('',#3763,#937);
#609=LINE('',#3766,#938);
#610=LINE('',#3768,#939);
#611=LINE('',#3769,#940);
#612=LINE('',#3771,#941);
#613=LINE('',#3773,#942);
#614=LINE('',#3776,#943);
#615=LINE('',#3778,#944);
#616=LINE('',#3779,#945);
#617=LINE('',#3782,#946);
#618=LINE('',#3784,#947);
#619=LINE('',#3785,#948);
#620=LINE('',#3787,#949);
#621=LINE('',#3791,#950);
#622=LINE('',#3793,#951);
#623=LINE('',#3795,#952);
#624=LINE('',#3796,#953);
#625=LINE('',#3798,#954);
#626=LINE('',#3800,#955);
#627=LINE('',#3801,#956);
#628=LINE('',#3803,#957);
#629=LINE('',#3805,#958);
#630=LINE('',#3808,#959);
#631=LINE('',#3809,#960);
#632=LINE('',#3811,#961);
#633=LINE('',#3813,#962);
#634=LINE('',#3818,#963);
#635=LINE('',#3820,#964);
#636=LINE('',#3822,#965);
#637=LINE('',#3823,#966);
#638=LINE('',#3826,#967);
#639=LINE('',#3828,#968);
#640=LINE('',#3829,#969);
#641=LINE('',#3832,#970);
#642=LINE('',#3834,#971);
#643=LINE('',#3835,#972);
#644=LINE('',#3838,#973);
#645=LINE('',#3840,#974);
#646=LINE('',#3841,#975);
#647=LINE('',#3843,#976);
#648=LINE('',#3844,#977);
#649=LINE('',#3846,#978);
#650=LINE('',#3847,#979);
#651=LINE('',#3852,#980);
#652=LINE('',#3854,#981);
#653=LINE('',#3856,#982);
#654=LINE('',#3858,#983);
#655=LINE('',#3860,#984);
#656=LINE('',#3861,#985);
#657=LINE('',#3864,#986);
#658=LINE('',#3866,#987);
#659=LINE('',#3868,#988);
#660=LINE('',#3870,#989);
#661=LINE('',#3872,#990);
#662=LINE('',#3873,#991);
#663=LINE('',#3875,#992);
#664=LINE('',#3876,#993);
#665=LINE('',#3878,#994);
#666=LINE('',#3880,#995);
#667=LINE('',#3882,#996);
#668=LINE('',#3890,#997);
#669=LINE('',#3893,#998);
#670=LINE('',#3895,#999);
#671=LINE('',#3896,#1000);
#672=LINE('',#3899,#1001);
#673=LINE('',#3901,#1002);
#674=LINE('',#3902,#1003);
#675=LINE('',#3905,#1004);
#676=LINE('',#3907,#1005);
#677=LINE('',#3908,#1006);
#678=LINE('',#3917,#1007);
#679=LINE('',#3919,#1008);
#680=LINE('',#3921,#1009);
#681=LINE('',#3922,#1010);
#682=LINE('',#3925,#1011);
#683=LINE('',#3927,#1012);
#684=LINE('',#3928,#1013);
#685=LINE('',#3931,#1014);
#686=LINE('',#3933,#1015);
#687=LINE('',#3934,#1016);
#688=LINE('',#3937,#1017);
#689=LINE('',#3939,#1018);
#690=LINE('',#3940,#1019);
#691=LINE('',#3942,#1020);
#692=LINE('',#3943,#1021);
#693=LINE('',#3945,#1022);
#694=LINE('',#3946,#1023);
#695=LINE('',#3951,#1024);
#696=LINE('',#3953,#1025);
#697=LINE('',#3955,#1026);
#698=LINE('',#3957,#1027);
#699=LINE('',#3959,#1028);
#700=LINE('',#3960,#1029);
#701=LINE('',#3963,#1030);
#702=LINE('',#3965,#1031);
#703=LINE('',#3967,#1032);
#704=LINE('',#3969,#1033);
#705=LINE('',#3971,#1034);
#706=LINE('',#3972,#1035);
#707=LINE('',#3974,#1036);
#708=LINE('',#3975,#1037);
#709=LINE('',#3977,#1038);
#710=LINE('',#3979,#1039);
#711=LINE('',#3981,#1040);
#712=LINE('',#3988,#1041);
#713=LINE('',#3992,#1042);
#714=LINE('',#3994,#1043);
#715=LINE('',#3995,#1044);
#716=LINE('',#3998,#1045);
#717=LINE('',#4000,#1046);
#718=LINE('',#4001,#1047);
#719=LINE('',#4004,#1048);
#720=LINE('',#4006,#1049);
#721=LINE('',#4007,#1050);
#722=VECTOR('',#2708,1.);
#723=VECTOR('',#2709,1.);
#724=VECTOR('',#2710,1.);
#725=VECTOR('',#2711,1.);
#726=VECTOR('',#2712,1.);
#727=VECTOR('',#2713,1.);
#728=VECTOR('',#2714,1.);
#729=VECTOR('',#2715,1.);
#730=VECTOR('',#2716,1.);
#731=VECTOR('',#2717,1.);
#732=VECTOR('',#2718,1.);
#733=VECTOR('',#2719,1.);
#734=VECTOR('',#2720,1.);
#735=VECTOR('',#2721,1.);
#736=VECTOR('',#2722,1.);
#737=VECTOR('',#2723,1.);
#738=VECTOR('',#2724,1.);
#739=VECTOR('',#2725,1.);
#740=VECTOR('',#2726,1.);
#741=VECTOR('',#2727,1.);
#742=VECTOR('',#2728,1.);
#743=VECTOR('',#2729,1.);
#744=VECTOR('',#2730,1.);
#745=VECTOR('',#2731,1.);
#746=VECTOR('',#2732,1.);
#747=VECTOR('',#2733,1.);
#748=VECTOR('',#2734,1.);
#749=VECTOR('',#2735,1.);
#750=VECTOR('',#2736,1.);
#751=VECTOR('',#2737,1.);
#752=VECTOR('',#2738,1.);
#753=VECTOR('',#2739,1.);
#754=VECTOR('',#2740,1.);
#755=VECTOR('',#2741,1.);
#756=VECTOR('',#2742,1.);
#757=VECTOR('',#2743,1.);
#758=VECTOR('',#2744,1.);
#759=VECTOR('',#2745,1.);
#760=VECTOR('',#2746,1.);
#761=VECTOR('',#2747,1.);
#762=VECTOR('',#2748,1.);
#763=VECTOR('',#2749,1.);
#764=VECTOR('',#2750,1.);
#765=VECTOR('',#2751,1.);
#766=VECTOR('',#2752,1.);
#767=VECTOR('',#2753,1.);
#768=VECTOR('',#2754,1.);
#769=VECTOR('',#2755,1.);
#770=VECTOR('',#2756,1.);
#771=VECTOR('',#2757,1.);
#772=VECTOR('',#2760,1.);
#773=VECTOR('',#2761,1.);
#774=VECTOR('',#2762,1.);
#775=VECTOR('',#2763,1.);
#776=VECTOR('',#2764,1.);
#777=VECTOR('',#2765,1.);
#778=VECTOR('',#2768,1.);
#779=VECTOR('',#2769,1.);
#780=VECTOR('',#2770,1.);
#781=VECTOR('',#2771,1.);
#782=VECTOR('',#2774,1.);
#783=VECTOR('',#2775,1.);
#784=VECTOR('',#2776,1.);
#785=VECTOR('',#2777,1.);
#786=VECTOR('',#2780,1.);
#787=VECTOR('',#2781,1.);
#788=VECTOR('',#2782,1.);
#789=VECTOR('',#2783,1.);
#790=VECTOR('',#2784,1.);
#791=VECTOR('',#2785,1.);
#792=VECTOR('',#2788,1.);
#793=VECTOR('',#2789,1.);
#794=VECTOR('',#2790,1.);
#795=VECTOR('',#2791,1.);
#796=VECTOR('',#2792,1.);
#797=VECTOR('',#2793,1.);
#798=VECTOR('',#2794,1.);
#799=VECTOR('',#2795,1.);
#800=VECTOR('',#2796,1.);
#801=VECTOR('',#2797,1.);
#802=VECTOR('',#2798,1.);
#803=VECTOR('',#2799,1.);
#804=VECTOR('',#2800,1.);
#805=VECTOR('',#2801,1.);
#806=VECTOR('',#2804,1.);
#807=VECTOR('',#2805,1.);
#808=VECTOR('',#2806,1.);
#809=VECTOR('',#2807,1.);
#810=VECTOR('',#2808,1.);
#811=VECTOR('',#2809,1.);
#812=VECTOR('',#2812,1.);
#813=VECTOR('',#2813,1.);
#814=VECTOR('',#2814,1.);
#815=VECTOR('',#2815,1.);
#816=VECTOR('',#2816,1.);
#817=VECTOR('',#2817,1.);
#818=VECTOR('',#2820,1.);
#819=VECTOR('',#2821,1.);
#820=VECTOR('',#2822,1.);
#821=VECTOR('',#2823,1.);
#822=VECTOR('',#2826,1.);
#823=VECTOR('',#2827,1.);
#824=VECTOR('',#2828,1.);
#825=VECTOR('',#2831,1.);
#826=VECTOR('',#2832,1.);
#827=VECTOR('',#2833,1.);
#828=VECTOR('',#2836,1.);
#829=VECTOR('',#2837,1.);
#830=VECTOR('',#2844,1.);
#831=VECTOR('',#2845,1.);
#832=VECTOR('',#2848,1.);
#833=VECTOR('',#2851,1.);
#834=VECTOR('',#2852,1.);
#835=VECTOR('',#2853,1.);
#836=VECTOR('',#2856,1.);
#837=VECTOR('',#2857,1.);
#838=VECTOR('',#2864,1.);
#839=VECTOR('',#2865,1.);
#840=VECTOR('',#2866,1.);
#841=VECTOR('',#2869,1.);
#842=VECTOR('',#2870,1.);
#843=VECTOR('',#2877,1.);
#844=VECTOR('',#2878,1.);
#845=VECTOR('',#2879,1.);
#846=VECTOR('',#2882,1.);
#847=VECTOR('',#2885,1.);
#848=VECTOR('',#2890,1.);
#849=VECTOR('',#2891,1.);
#850=VECTOR('',#2894,1.);
#851=VECTOR('',#2895,1.);
#852=VECTOR('',#2898,1.);
#853=VECTOR('',#2899,1.);
#854=VECTOR('',#2904,1.);
#855=VECTOR('',#2905,1.);
#856=VECTOR('',#2906,1.);
#857=VECTOR('',#2909,1.);
#858=VECTOR('',#2910,1.);
#859=VECTOR('',#2911,1.);
#860=VECTOR('',#2914,1.);
#861=VECTOR('',#2915,1.);
#862=VECTOR('',#2918,1.);
#863=VECTOR('',#2919,1.);
#864=VECTOR('',#2922,1.);
#865=VECTOR('',#2923,1.);
#866=VECTOR('',#2926,1.);
#867=VECTOR('',#2929,1.);
#868=VECTOR('',#2930,1.);
#869=VECTOR('',#2931,1.);
#870=VECTOR('',#2932,1.);
#871=VECTOR('',#2935,1.);
#872=VECTOR('',#2936,1.);
#873=VECTOR('',#2937,1.);
#874=VECTOR('',#2940,1.);
#875=VECTOR('',#2941,1.);
#876=VECTOR('',#2944,1.);
#877=VECTOR('',#2945,1.);
#878=VECTOR('',#2948,1.);
#879=VECTOR('',#2951,1.);
#880=VECTOR('',#2952,1.);
#881=VECTOR('',#2953,1.);
#882=VECTOR('',#2954,1.);
#883=VECTOR('',#2957,1.);
#884=VECTOR('',#2958,1.);
#885=VECTOR('',#2959,1.);
#886=VECTOR('',#2962,1.);
#887=VECTOR('',#2963,1.);
#888=VECTOR('',#2964,1.);
#889=VECTOR('',#2967,1.);
#890=VECTOR('',#2968,1.);
#891=VECTOR('',#2975,1.);
#892=VECTOR('',#2976,1.);
#893=VECTOR('',#2977,1.);
#894=VECTOR('',#2980,1.);
#895=VECTOR('',#2981,1.);
#896=VECTOR('',#2982,1.);
#897=VECTOR('',#2985,1.);
#898=VECTOR('',#2986,1.);
#899=VECTOR('',#2993,1.);
#900=VECTOR('',#2994,1.);
#901=VECTOR('',#2995,1.);
#902=VECTOR('',#2996,1.);
#903=VECTOR('',#2999,1.);
#904=VECTOR('',#3000,1.);
#905=VECTOR('',#3001,1.);
#906=VECTOR('',#3004,1.);
#907=VECTOR('',#3005,1.);
#908=VECTOR('',#3006,1.);
#909=VECTOR('',#3009,1.);
#910=VECTOR('',#3012,1.);
#911=VECTOR('',#3015,1.);
#912=VECTOR('',#3016,1.);
#913=VECTOR('',#3017,1.);
#914=VECTOR('',#3020,1.);
#915=VECTOR('',#3021,1.);
#916=VECTOR('',#3022,1.);
#917=VECTOR('',#3025,1.);
#918=VECTOR('',#3028,1.);
#919=VECTOR('',#3029,1.);
#920=VECTOR('',#3030,1.);
#921=VECTOR('',#3031,1.);
#922=VECTOR('',#3034,1.);
#923=VECTOR('',#3037,1.);
#924=VECTOR('',#3038,1.);
#925=VECTOR('',#3041,1.);
#926=VECTOR('',#3044,1.);
#927=VECTOR('',#3049,1.);
#928=VECTOR('',#3050,1.);
#929=VECTOR('',#3053,1.);
#930=VECTOR('',#3056,1.);
#931=VECTOR('',#3061,1.);
#932=VECTOR('',#3062,1.);
#933=VECTOR('',#3063,1.);
#934=VECTOR('',#3064,1.);
#935=VECTOR('',#3067,1.);
#936=VECTOR('',#3068,1.);
#937=VECTOR('',#3069,1.);
#938=VECTOR('',#3072,1.);
#939=VECTOR('',#3073,1.);
#940=VECTOR('',#3074,1.);
#941=VECTOR('',#3077,1.);
#942=VECTOR('',#3080,1.);
#943=VECTOR('',#3083,1.);
#944=VECTOR('',#3084,1.);
#945=VECTOR('',#3085,1.);
#946=VECTOR('',#3088,1.);
#947=VECTOR('',#3089,1.);
#948=VECTOR('',#3090,1.);
#949=VECTOR('',#3093,1.);
#950=VECTOR('',#3096,1.);
#951=VECTOR('',#3097,1.);
#952=VECTOR('',#3098,1.);
#953=VECTOR('',#3099,1.);
#954=VECTOR('',#3102,1.);
#955=VECTOR('',#3105,1.);
#956=VECTOR('',#3106,1.);
#957=VECTOR('',#3109,1.);
#958=VECTOR('',#3112,1.);
#959=VECTOR('',#3117,1.);
#960=VECTOR('',#3118,1.);
#961=VECTOR('',#3121,1.);
#962=VECTOR('',#3124,1.);
#963=VECTOR('',#3129,1.);
#964=VECTOR('',#3130,1.);
#965=VECTOR('',#3131,1.);
#966=VECTOR('',#3132,1.);
#967=VECTOR('',#3135,1.);
#968=VECTOR('',#3136,1.);
#969=VECTOR('',#3137,1.);
#970=VECTOR('',#3140,1.);
#971=VECTOR('',#3141,1.);
#972=VECTOR('',#3142,1.);
#973=VECTOR('',#3145,1.);
#974=VECTOR('',#3146,1.);
#975=VECTOR('',#3147,1.);
#976=VECTOR('',#3150,1.);
#977=VECTOR('',#3151,1.);
#978=VECTOR('',#3154,1.);
#979=VECTOR('',#3155,1.);
#980=VECTOR('',#3162,1.);
#981=VECTOR('',#3163,1.);
#982=VECTOR('',#3164,1.);
#983=VECTOR('',#3165,1.);
#984=VECTOR('',#3166,1.);
#985=VECTOR('',#3167,1.);
#986=VECTOR('',#3170,1.);
#987=VECTOR('',#3171,1.);
#988=VECTOR('',#3172,1.);
#989=VECTOR('',#3173,1.);
#990=VECTOR('',#3174,1.);
#991=VECTOR('',#3175,1.);
#992=VECTOR('',#3178,1.);
#993=VECTOR('',#3179,1.);
#994=VECTOR('',#3182,1.);
#995=VECTOR('',#3185,1.);
#996=VECTOR('',#3188,1.);
#997=VECTOR('',#3199,1.);
#998=VECTOR('',#3202,1.);
#999=VECTOR('',#3203,1.);
#1000=VECTOR('',#3204,1.);
#1001=VECTOR('',#3207,1.);
#1002=VECTOR('',#3208,1.);
#1003=VECTOR('',#3209,1.);
#1004=VECTOR('',#3212,1.);
#1005=VECTOR('',#3213,1.);
#1006=VECTOR('',#3214,1.);
#1007=VECTOR('',#3227,1.);
#1008=VECTOR('',#3228,1.);
#1009=VECTOR('',#3229,1.);
#1010=VECTOR('',#3230,1.);
#1011=VECTOR('',#3233,1.);
#1012=VECTOR('',#3234,1.);
#1013=VECTOR('',#3235,1.);
#1014=VECTOR('',#3238,1.);
#1015=VECTOR('',#3239,1.);
#1016=VECTOR('',#3240,1.);
#1017=VECTOR('',#3243,1.);
#1018=VECTOR('',#3244,1.);
#1019=VECTOR('',#3245,1.);
#1020=VECTOR('',#3248,1.);
#1021=VECTOR('',#3249,1.);
#1022=VECTOR('',#3252,1.);
#1023=VECTOR('',#3253,1.);
#1024=VECTOR('',#3260,1.);
#1025=VECTOR('',#3261,1.);
#1026=VECTOR('',#3262,1.);
#1027=VECTOR('',#3263,1.);
#1028=VECTOR('',#3264,1.);
#1029=VECTOR('',#3265,1.);
#1030=VECTOR('',#3268,1.);
#1031=VECTOR('',#3269,1.);
#1032=VECTOR('',#3270,1.);
#1033=VECTOR('',#3271,1.);
#1034=VECTOR('',#3272,1.);
#1035=VECTOR('',#3273,1.);
#1036=VECTOR('',#3276,1.);
#1037=VECTOR('',#3277,1.);
#1038=VECTOR('',#3280,1.);
#1039=VECTOR('',#3283,1.);
#1040=VECTOR('',#3286,1.);
#1041=VECTOR('',#3295,1.);
#1042=VECTOR('',#3300,1.);
#1043=VECTOR('',#3301,1.);
#1044=VECTOR('',#3302,1.);
#1045=VECTOR('',#3305,1.);
#1046=VECTOR('',#3306,1.);
#1047=VECTOR('',#3307,1.);
#1048=VECTOR('',#3310,1.);
#1049=VECTOR('',#3311,1.);
#1050=VECTOR('',#3312,1.);
#1051=VERTEX_POINT('',#3325);
#1052=VERTEX_POINT('',#3326);
#1053=VERTEX_POINT('',#3328);
#1054=VERTEX_POINT('',#3330);
#1055=VERTEX_POINT('',#3332);
#1056=VERTEX_POINT('',#3334);
#1057=VERTEX_POINT('',#3336);
#1058=VERTEX_POINT('',#3338);
#1059=VERTEX_POINT('',#3340);
#1060=VERTEX_POINT('',#3342);
#1061=VERTEX_POINT('',#3344);
#1062=VERTEX_POINT('',#3346);
#1063=VERTEX_POINT('',#3348);
#1064=VERTEX_POINT('',#3350);
#1065=VERTEX_POINT('',#3352);
#1066=VERTEX_POINT('',#3354);
#1067=VERTEX_POINT('',#3356);
#1068=VERTEX_POINT('',#3358);
#1069=VERTEX_POINT('',#3361);
#1070=VERTEX_POINT('',#3362);
#1071=VERTEX_POINT('',#3364);
#1072=VERTEX_POINT('',#3366);
#1073=VERTEX_POINT('',#3369);
#1074=VERTEX_POINT('',#3370);
#1075=VERTEX_POINT('',#3372);
#1076=VERTEX_POINT('',#3374);
#1077=VERTEX_POINT('',#3377);
#1078=VERTEX_POINT('',#3378);
#1079=VERTEX_POINT('',#3380);
#1080=VERTEX_POINT('',#3382);
#1081=VERTEX_POINT('',#3385);
#1082=VERTEX_POINT('',#3386);
#1083=VERTEX_POINT('',#3388);
#1084=VERTEX_POINT('',#3390);
#1085=VERTEX_POINT('',#3393);
#1086=VERTEX_POINT('',#3394);
#1087=VERTEX_POINT('',#3396);
#1088=VERTEX_POINT('',#3398);
#1089=VERTEX_POINT('',#3401);
#1090=VERTEX_POINT('',#3402);
#1091=VERTEX_POINT('',#3404);
#1092=VERTEX_POINT('',#3406);
#1093=VERTEX_POINT('',#3409);
#1094=VERTEX_POINT('',#3410);
#1095=VERTEX_POINT('',#3412);
#1096=VERTEX_POINT('',#3414);
#1097=VERTEX_POINT('',#3417);
#1098=VERTEX_POINT('',#3418);
#1099=VERTEX_POINT('',#3420);
#1100=VERTEX_POINT('',#3422);
#1101=VERTEX_POINT('',#3426);
#1102=VERTEX_POINT('',#3427);
#1103=VERTEX_POINT('',#3430);
#1104=VERTEX_POINT('',#3432);
#1105=VERTEX_POINT('',#3437);
#1106=VERTEX_POINT('',#3438);
#1107=VERTEX_POINT('',#3440);
#1108=VERTEX_POINT('',#3442);
#1109=VERTEX_POINT('',#3446);
#1110=VERTEX_POINT('',#3447);
#1111=VERTEX_POINT('',#3449);
#1112=VERTEX_POINT('',#3451);
#1113=VERTEX_POINT('',#3455);
#1114=VERTEX_POINT('',#3457);
#1115=VERTEX_POINT('',#3459);
#1116=VERTEX_POINT('',#3461);
#1117=VERTEX_POINT('',#3467);
#1118=VERTEX_POINT('',#3470);
#1119=VERTEX_POINT('',#3473);
#1120=VERTEX_POINT('',#3474);
#1121=VERTEX_POINT('',#3476);
#1122=VERTEX_POINT('',#3478);
#1123=VERTEX_POINT('',#3481);
#1124=VERTEX_POINT('',#3482);
#1125=VERTEX_POINT('',#3484);
#1126=VERTEX_POINT('',#3486);
#1127=VERTEX_POINT('',#3488);
#1128=VERTEX_POINT('',#3492);
#1129=VERTEX_POINT('',#3495);
#1130=VERTEX_POINT('',#3496);
#1131=VERTEX_POINT('',#3498);
#1132=VERTEX_POINT('',#3500);
#1133=VERTEX_POINT('',#3504);
#1134=VERTEX_POINT('',#3505);
#1135=VERTEX_POINT('',#3507);
#1136=VERTEX_POINT('',#3509);
#1137=VERTEX_POINT('',#3512);
#1138=VERTEX_POINT('',#3516);
#1139=VERTEX_POINT('',#3519);
#1140=VERTEX_POINT('',#3523);
#1141=VERTEX_POINT('',#3525);
#1142=VERTEX_POINT('',#3529);
#1143=VERTEX_POINT('',#3531);
#1144=VERTEX_POINT('',#3545);
#1145=VERTEX_POINT('',#3547);
#1146=VERTEX_POINT('',#3556);
#1147=VERTEX_POINT('',#3558);
#1148=VERTEX_POINT('',#3567);
#1149=VERTEX_POINT('',#3569);
#1150=VERTEX_POINT('',#3578);
#1151=VERTEX_POINT('',#3582);
#1152=VERTEX_POINT('',#3590);
#1153=VERTEX_POINT('',#3592);
#1154=VERTEX_POINT('',#3596);
#1155=VERTEX_POINT('',#3598);
#1156=VERTEX_POINT('',#3602);
#1157=VERTEX_POINT('',#3606);
#1158=VERTEX_POINT('',#3610);
#1159=VERTEX_POINT('',#3616);
#1160=VERTEX_POINT('',#3617);
#1161=VERTEX_POINT('',#3619);
#1162=VERTEX_POINT('',#3621);
#1163=VERTEX_POINT('',#3625);
#1164=VERTEX_POINT('',#3627);
#1165=VERTEX_POINT('',#3631);
#1166=VERTEX_POINT('',#3635);
#1167=VERTEX_POINT('',#3641);
#1168=VERTEX_POINT('',#3642);
#1169=VERTEX_POINT('',#3644);
#1170=VERTEX_POINT('',#3646);
#1171=VERTEX_POINT('',#3650);
#1172=VERTEX_POINT('',#3652);
#1173=VERTEX_POINT('',#3656);
#1174=VERTEX_POINT('',#3658);
#1175=VERTEX_POINT('',#3667);
#1176=VERTEX_POINT('',#3669);
#1177=VERTEX_POINT('',#3673);
#1178=VERTEX_POINT('',#3675);
#1179=VERTEX_POINT('',#3684);
#1180=VERTEX_POINT('',#3685);
#1181=VERTEX_POINT('',#3687);
#1182=VERTEX_POINT('',#3689);
#1183=VERTEX_POINT('',#3693);
#1184=VERTEX_POINT('',#3695);
#1185=VERTEX_POINT('',#3699);
#1186=VERTEX_POINT('',#3701);
#1187=VERTEX_POINT('',#3709);
#1188=VERTEX_POINT('',#3711);
#1189=VERTEX_POINT('',#3715);
#1190=VERTEX_POINT('',#3717);
#1191=VERTEX_POINT('',#3723);
#1192=VERTEX_POINT('',#3724);
#1193=VERTEX_POINT('',#3726);
#1194=VERTEX_POINT('',#3728);
#1195=VERTEX_POINT('',#3750);
#1196=VERTEX_POINT('',#3751);
#1197=VERTEX_POINT('',#3753);
#1198=VERTEX_POINT('',#3755);
#1199=VERTEX_POINT('',#3759);
#1200=VERTEX_POINT('',#3761);
#1201=VERTEX_POINT('',#3765);
#1202=VERTEX_POINT('',#3767);
#1203=VERTEX_POINT('',#3775);
#1204=VERTEX_POINT('',#3777);
#1205=VERTEX_POINT('',#3781);
#1206=VERTEX_POINT('',#3783);
#1207=VERTEX_POINT('',#3789);
#1208=VERTEX_POINT('',#3790);
#1209=VERTEX_POINT('',#3792);
#1210=VERTEX_POINT('',#3794);
#1211=VERTEX_POINT('',#3816);
#1212=VERTEX_POINT('',#3817);
#1213=VERTEX_POINT('',#3819);
#1214=VERTEX_POINT('',#3821);
#1215=VERTEX_POINT('',#3825);
#1216=VERTEX_POINT('',#3827);
#1217=VERTEX_POINT('',#3831);
#1218=VERTEX_POINT('',#3833);
#1219=VERTEX_POINT('',#3837);
#1220=VERTEX_POINT('',#3839);
#1221=VERTEX_POINT('',#3851);
#1222=VERTEX_POINT('',#3853);
#1223=VERTEX_POINT('',#3855);
#1224=VERTEX_POINT('',#3857);
#1225=VERTEX_POINT('',#3859);
#1226=VERTEX_POINT('',#3863);
#1227=VERTEX_POINT('',#3865);
#1228=VERTEX_POINT('',#3867);
#1229=VERTEX_POINT('',#3869);
#1230=VERTEX_POINT('',#3871);
#1231=VERTEX_POINT('',#3886);
#1232=VERTEX_POINT('',#3888);
#1233=VERTEX_POINT('',#3892);
#1234=VERTEX_POINT('',#3894);
#1235=VERTEX_POINT('',#3898);
#1236=VERTEX_POINT('',#3900);
#1237=VERTEX_POINT('',#3904);
#1238=VERTEX_POINT('',#3906);
#1239=VERTEX_POINT('',#3915);
#1240=VERTEX_POINT('',#3916);
#1241=VERTEX_POINT('',#3918);
#1242=VERTEX_POINT('',#3920);
#1243=VERTEX_POINT('',#3924);
#1244=VERTEX_POINT('',#3926);
#1245=VERTEX_POINT('',#3930);
#1246=VERTEX_POINT('',#3932);
#1247=VERTEX_POINT('',#3936);
#1248=VERTEX_POINT('',#3938);
#1249=VERTEX_POINT('',#3950);
#1250=VERTEX_POINT('',#3952);
#1251=VERTEX_POINT('',#3954);
#1252=VERTEX_POINT('',#3956);
#1253=VERTEX_POINT('',#3958);
#1254=VERTEX_POINT('',#3962);
#1255=VERTEX_POINT('',#3964);
#1256=VERTEX_POINT('',#3966);
#1257=VERTEX_POINT('',#3968);
#1258=VERTEX_POINT('',#3970);
#1259=VERTEX_POINT('',#3985);
#1260=VERTEX_POINT('',#3987);
#1261=VERTEX_POINT('',#3991);
#1262=VERTEX_POINT('',#3993);
#1263=VERTEX_POINT('',#3997);
#1264=VERTEX_POINT('',#3999);
#1265=VERTEX_POINT('',#4003);
#1266=VERTEX_POINT('',#4005);
#1267=EDGE_CURVE('',#1051,#1052,#393,.T.);
#1268=EDGE_CURVE('',#1051,#1053,#394,.T.);
#1269=EDGE_CURVE('',#1053,#1054,#395,.T.);
#1270=EDGE_CURVE('',#1054,#1055,#396,.T.);
#1271=EDGE_CURVE('',#1055,#1056,#397,.T.);
#1272=EDGE_CURVE('',#1057,#1056,#398,.T.);
#1273=EDGE_CURVE('',#1058,#1057,#399,.T.);
#1274=EDGE_CURVE('',#1058,#1059,#400,.T.);
#1275=EDGE_CURVE('',#1059,#1060,#401,.T.);
#1276=EDGE_CURVE('',#1061,#1060,#402,.T.);
#1277=EDGE_CURVE('',#1062,#1061,#403,.T.);
#1278=EDGE_CURVE('',#1062,#1063,#404,.T.);
#1279=EDGE_CURVE('',#1063,#1064,#405,.T.);
#1280=EDGE_CURVE('',#1065,#1064,#406,.T.);
#1281=EDGE_CURVE('',#1065,#1066,#407,.T.);
#1282=EDGE_CURVE('',#1066,#1067,#408,.T.);
#1283=EDGE_CURVE('',#1067,#1068,#409,.T.);
#1284=EDGE_CURVE('',#1068,#1052,#410,.T.);
#1285=EDGE_CURVE('',#1069,#1070,#411,.T.);
#1286=EDGE_CURVE('',#1071,#1069,#412,.T.);
#1287=EDGE_CURVE('',#1071,#1072,#413,.T.);
#1288=EDGE_CURVE('',#1070,#1072,#414,.T.);
#1289=EDGE_CURVE('',#1073,#1074,#415,.T.);
#1290=EDGE_CURVE('',#1075,#1073,#416,.T.);
#1291=EDGE_CURVE('',#1075,#1076,#417,.T.);
#1292=EDGE_CURVE('',#1074,#1076,#418,.T.);
#1293=EDGE_CURVE('',#1077,#1078,#419,.T.);
#1294=EDGE_CURVE('',#1077,#1079,#420,.T.);
#1295=EDGE_CURVE('',#1079,#1080,#421,.T.);
#1296=EDGE_CURVE('',#1080,#1078,#422,.T.);
#1297=EDGE_CURVE('',#1081,#1082,#423,.T.);
#1298=EDGE_CURVE('',#1081,#1083,#424,.T.);
#1299=EDGE_CURVE('',#1083,#1084,#425,.T.);
#1300=EDGE_CURVE('',#1084,#1082,#426,.T.);
#1301=EDGE_CURVE('',#1085,#1086,#427,.T.);
#1302=EDGE_CURVE('',#1087,#1085,#428,.T.);
#1303=EDGE_CURVE('',#1087,#1088,#429,.T.);
#1304=EDGE_CURVE('',#1088,#1086,#430,.T.);
#1305=EDGE_CURVE('',#1089,#1090,#431,.T.);
#1306=EDGE_CURVE('',#1091,#1089,#432,.T.);
#1307=EDGE_CURVE('',#1091,#1092,#433,.T.);
#1308=EDGE_CURVE('',#1092,#1090,#434,.T.);
#1309=EDGE_CURVE('',#1093,#1094,#435,.T.);
#1310=EDGE_CURVE('',#1094,#1095,#436,.T.);
#1311=EDGE_CURVE('',#1095,#1096,#437,.T.);
#1312=EDGE_CURVE('',#1093,#1096,#438,.T.);
#1313=EDGE_CURVE('',#1097,#1098,#439,.T.);
#1314=EDGE_CURVE('',#1098,#1099,#440,.T.);
#1315=EDGE_CURVE('',#1099,#1100,#441,.T.);
#1316=EDGE_CURVE('',#1097,#1100,#442,.T.);
#1317=EDGE_CURVE('',#1101,#1102,#443,.T.);
#1318=EDGE_CURVE('',#1101,#1059,#444,.T.);
#1319=EDGE_CURVE('',#1103,#1058,#445,.T.);
#1320=EDGE_CURVE('',#1104,#1103,#446,.T.);
#1321=EDGE_CURVE('',#1063,#1104,#447,.T.);
#1322=EDGE_CURVE('',#1102,#1062,#448,.T.);
#1323=EDGE_CURVE('',#1105,#1106,#449,.T.);
#1324=EDGE_CURVE('',#1106,#1107,#450,.T.);
#1325=EDGE_CURVE('',#1108,#1107,#451,.T.);
#1326=EDGE_CURVE('',#1108,#1105,#452,.T.);
#1327=EDGE_CURVE('',#1109,#1110,#453,.T.);
#1328=EDGE_CURVE('',#1110,#1111,#454,.T.);
#1329=EDGE_CURVE('',#1112,#1111,#455,.T.);
#1330=EDGE_CURVE('',#1112,#1109,#456,.T.);
#1331=EDGE_CURVE('',#1113,#1104,#457,.T.);
#1332=EDGE_CURVE('',#1103,#1114,#458,.T.);
#1333=EDGE_CURVE('',#1115,#1114,#459,.T.);
#1334=EDGE_CURVE('',#1115,#1116,#460,.T.);
#1335=EDGE_CURVE('',#1116,#1112,#461,.T.);
#1336=EDGE_CURVE('',#1111,#1113,#462,.T.);
#1337=EDGE_CURVE('',#1109,#1108,#463,.T.);
#1338=EDGE_CURVE('',#1107,#1117,#464,.T.);
#1339=EDGE_CURVE('',#1117,#1065,#465,.T.);
#1340=EDGE_CURVE('',#1118,#1064,#466,.T.);
#1341=EDGE_CURVE('',#1110,#1118,#467,.T.);
#1342=EDGE_CURVE('',#1119,#1120,#468,.T.);
#1343=EDGE_CURVE('',#1121,#1119,#469,.T.);
#1344=EDGE_CURVE('',#1122,#1121,#470,.T.);
#1345=EDGE_CURVE('',#1120,#1122,#471,.T.);
#1346=EDGE_CURVE('',#1123,#1124,#472,.T.);
#1347=EDGE_CURVE('',#1125,#1123,#473,.T.);
#1348=EDGE_CURVE('',#1126,#1125,#474,.T.);
#1349=EDGE_CURVE('',#1127,#1126,#475,.T.);
#1350=EDGE_CURVE('',#1124,#1127,#476,.T.);
#1351=EDGE_CURVE('',#1116,#1128,#477,.T.);
#1352=EDGE_CURVE('',#1128,#1105,#478,.T.);
#1353=EDGE_CURVE('',#1129,#1130,#479,.T.);
#1354=EDGE_CURVE('',#1130,#1131,#480,.T.);
#1355=EDGE_CURVE('',#1132,#1131,#481,.T.);
#1356=EDGE_CURVE('',#1129,#1132,#482,.T.);
#1357=EDGE_CURVE('',#1133,#1134,#483,.T.);
#1358=EDGE_CURVE('',#1133,#1135,#484,.T.);
#1359=EDGE_CURVE('',#1136,#1135,#485,.T.);
#1360=EDGE_CURVE('',#1106,#1136,#486,.T.);
#1361=EDGE_CURVE('',#1128,#1137,#487,.T.);
#1362=EDGE_CURVE('',#1137,#1134,#488,.T.);
#1363=EDGE_CURVE('',#1138,#1115,#489,.T.);
#1364=EDGE_CURVE('',#1056,#1138,#490,.T.);
#1365=EDGE_CURVE('',#1055,#1139,#491,.T.);
#1366=EDGE_CURVE('',#1139,#1137,#492,.T.);
#1367=EDGE_CURVE('',#1140,#1130,#493,.T.);
#1368=EDGE_CURVE('',#1141,#1129,#494,.T.);
#1369=EDGE_CURVE('',#1141,#1140,#495,.T.);
#1370=EDGE_CURVE('',#1131,#1142,#496,.T.);
#1371=EDGE_CURVE('',#1143,#1142,#497,.T.);
#1372=EDGE_CURVE('',#1132,#1143,#498,.T.);
#1373=EDGE_CURVE('',#1142,#1140,#499,.T.);
#1374=EDGE_CURVE('',#1143,#1141,#500,.T.);
#1375=EDGE_CURVE('',#1135,#1066,#501,.T.);
#1376=EDGE_CURVE('',#1136,#1117,#502,.T.);
#1377=EDGE_CURVE('',#1118,#1113,#503,.T.);
#1378=EDGE_CURVE('',#1118,#1144,#504,.T.);
#1379=EDGE_CURVE('',#1144,#1145,#505,.T.);
#1380=EDGE_CURVE('',#1110,#1145,#506,.T.);
#1381=EDGE_CURVE('',#1144,#1113,#507,.T.);
#1382=EDGE_CURVE('',#1145,#1111,#508,.T.);
#1383=EDGE_CURVE('',#1146,#1117,#509,.T.);
#1384=EDGE_CURVE('',#1147,#1107,#510,.T.);
#1385=EDGE_CURVE('',#1146,#1147,#511,.T.);
#1386=EDGE_CURVE('',#1136,#1146,#512,.T.);
#1387=EDGE_CURVE('',#1106,#1147,#513,.T.);
#1388=EDGE_CURVE('',#1057,#1148,#514,.T.);
#1389=EDGE_CURVE('',#1149,#1148,#515,.T.);
#1390=EDGE_CURVE('',#1058,#1149,#516,.T.);
#1391=EDGE_CURVE('',#1114,#1149,#517,.T.);
#1392=EDGE_CURVE('',#1148,#1138,#518,.T.);
#1393=EDGE_CURVE('',#1054,#1150,#519,.T.);
#1394=EDGE_CURVE('',#1150,#1139,#520,.T.);
#1395=EDGE_CURVE('',#1053,#1151,#521,.T.);
#1396=EDGE_CURVE('',#1151,#1150,#522,.T.);
#1397=EDGE_CURVE('',#1053,#1133,#523,.T.);
#1398=EDGE_CURVE('',#1134,#1151,#524,.T.);
#1399=EDGE_CURVE('',#1152,#1051,#525,.T.);
#1400=EDGE_CURVE('',#1152,#1153,#526,.T.);
#1401=EDGE_CURVE('',#1153,#1067,#527,.T.);
#1402=EDGE_CURVE('',#1124,#1154,#528,.T.);
#1403=EDGE_CURVE('',#1154,#1155,#529,.T.);
#1404=EDGE_CURVE('',#1123,#1155,#530,.T.);
#1405=EDGE_CURVE('',#1127,#1156,#531,.T.);
#1406=EDGE_CURVE('',#1156,#1154,#532,.T.);
#1407=EDGE_CURVE('',#1126,#1157,#533,.T.);
#1408=EDGE_CURVE('',#1157,#1156,#534,.T.);
#1409=EDGE_CURVE('',#1125,#1158,#535,.T.);
#1410=EDGE_CURVE('',#1158,#1157,#536,.T.);
#1411=EDGE_CURVE('',#1155,#1158,#537,.T.);
#1412=EDGE_CURVE('',#1159,#1160,#538,.T.);
#1413=EDGE_CURVE('',#1159,#1161,#539,.T.);
#1414=EDGE_CURVE('',#1161,#1162,#540,.T.);
#1415=EDGE_CURVE('',#1162,#1160,#541,.T.);
#1416=EDGE_CURVE('',#1120,#1163,#542,.T.);
#1417=EDGE_CURVE('',#1163,#1164,#543,.T.);
#1418=EDGE_CURVE('',#1119,#1164,#544,.T.);
#1419=EDGE_CURVE('',#1122,#1165,#545,.T.);
#1420=EDGE_CURVE('',#1165,#1163,#546,.T.);
#1421=EDGE_CURVE('',#1121,#1166,#547,.T.);
#1422=EDGE_CURVE('',#1166,#1165,#548,.T.);
#1423=EDGE_CURVE('',#1164,#1166,#549,.T.);
#1424=EDGE_CURVE('',#1167,#1168,#550,.T.);
#1425=EDGE_CURVE('',#1167,#1169,#551,.T.);
#1426=EDGE_CURVE('',#1169,#1170,#552,.T.);
#1427=EDGE_CURVE('',#1170,#1168,#553,.T.);
#1428=EDGE_CURVE('',#1171,#1091,#554,.T.);
#1429=EDGE_CURVE('',#1172,#1089,#555,.T.);
#1430=EDGE_CURVE('',#1171,#1172,#556,.T.);
#1431=EDGE_CURVE('',#1173,#1171,#557,.T.);
#1432=EDGE_CURVE('',#1174,#1172,#558,.T.);
#1433=EDGE_CURVE('',#1173,#1174,#559,.T.);
#1434=EDGE_CURVE('',#1092,#1173,#560,.T.);
#1435=EDGE_CURVE('',#1090,#1174,#561,.T.);
#1436=EDGE_CURVE('',#1175,#1087,#562,.T.);
#1437=EDGE_CURVE('',#1176,#1085,#563,.T.);
#1438=EDGE_CURVE('',#1175,#1176,#564,.T.);
#1439=EDGE_CURVE('',#1177,#1175,#565,.T.);
#1440=EDGE_CURVE('',#1178,#1176,#566,.T.);
#1441=EDGE_CURVE('',#1177,#1178,#567,.T.);
#1442=EDGE_CURVE('',#1088,#1177,#568,.T.);
#1443=EDGE_CURVE('',#1086,#1178,#569,.T.);
#1444=EDGE_CURVE('',#1179,#1180,#570,.T.);
#1445=EDGE_CURVE('',#1180,#1181,#571,.T.);
#1446=EDGE_CURVE('',#1181,#1182,#572,.T.);
#1447=EDGE_CURVE('',#1182,#1179,#573,.T.);
#1448=EDGE_CURVE('',#1160,#1183,#574,.T.);
#1449=EDGE_CURVE('',#1183,#1184,#575,.T.);
#1450=EDGE_CURVE('',#1184,#1159,#576,.T.);
#1451=EDGE_CURVE('',#1185,#1161,#577,.T.);
#1452=EDGE_CURVE('',#1185,#1186,#578,.T.);
#1453=EDGE_CURVE('',#1162,#1186,#579,.T.);
#1454=EDGE_CURVE('',#1186,#1183,#580,.T.);
#1455=EDGE_CURVE('',#1184,#1185,#581,.T.);
#1456=EDGE_CURVE('',#1082,#1187,#582,.T.);
#1457=EDGE_CURVE('',#1187,#1188,#583,.T.);
#1458=EDGE_CURVE('',#1188,#1081,#584,.T.);
#1459=EDGE_CURVE('',#1189,#1083,#585,.T.);
#1460=EDGE_CURVE('',#1189,#1190,#586,.T.);
#1461=EDGE_CURVE('',#1084,#1190,#587,.T.);
#1462=EDGE_CURVE('',#1190,#1187,#588,.T.);
#1463=EDGE_CURVE('',#1191,#1192,#589,.T.);
#1464=EDGE_CURVE('',#1192,#1193,#590,.T.);
#1465=EDGE_CURVE('',#1193,#1194,#591,.T.);
#1466=EDGE_CURVE('',#1194,#1191,#592,.T.);
#1467=EDGE_CURVE('',#1188,#1189,#593,.T.);
#1468=EDGE_CURVE('',#1189,#1194,#594,.T.);
#1469=EDGE_CURVE('',#1191,#1188,#595,.T.);
#1470=EDGE_CURVE('',#1192,#1187,#596,.T.);
#1471=EDGE_CURVE('',#1190,#1193,#597,.T.);
#1472=EDGE_CURVE('',#1185,#1182,#598,.T.);
#1473=EDGE_CURVE('',#1179,#1184,#599,.T.);
#1474=EDGE_CURVE('',#1180,#1183,#600,.T.);
#1475=EDGE_CURVE('',#1186,#1181,#601,.T.);
#1476=EDGE_CURVE('',#1195,#1196,#602,.T.);
#1477=EDGE_CURVE('',#1196,#1197,#603,.T.);
#1478=EDGE_CURVE('',#1197,#1198,#604,.T.);
#1479=EDGE_CURVE('',#1198,#1195,#605,.T.);
#1480=EDGE_CURVE('',#1168,#1199,#606,.T.);
#1481=EDGE_CURVE('',#1199,#1200,#607,.T.);
#1482=EDGE_CURVE('',#1200,#1167,#608,.T.);
#1483=EDGE_CURVE('',#1201,#1169,#609,.T.);
#1484=EDGE_CURVE('',#1201,#1202,#610,.T.);
#1485=EDGE_CURVE('',#1170,#1202,#611,.T.);
#1486=EDGE_CURVE('',#1202,#1199,#612,.T.);
#1487=EDGE_CURVE('',#1200,#1201,#613,.T.);
#1488=EDGE_CURVE('',#1078,#1203,#614,.T.);
#1489=EDGE_CURVE('',#1203,#1204,#615,.T.);
#1490=EDGE_CURVE('',#1204,#1077,#616,.T.);
#1491=EDGE_CURVE('',#1205,#1079,#617,.T.);
#1492=EDGE_CURVE('',#1205,#1206,#618,.T.);
#1493=EDGE_CURVE('',#1080,#1206,#619,.T.);
#1494=EDGE_CURVE('',#1206,#1203,#620,.T.);
#1495=EDGE_CURVE('',#1207,#1208,#621,.T.);
#1496=EDGE_CURVE('',#1208,#1209,#622,.T.);
#1497=EDGE_CURVE('',#1209,#1210,#623,.T.);
#1498=EDGE_CURVE('',#1210,#1207,#624,.T.);
#1499=EDGE_CURVE('',#1204,#1205,#625,.T.);
#1500=EDGE_CURVE('',#1205,#1210,#626,.T.);
#1501=EDGE_CURVE('',#1207,#1204,#627,.T.);
#1502=EDGE_CURVE('',#1208,#1203,#628,.T.);
#1503=EDGE_CURVE('',#1206,#1209,#629,.T.);
#1504=EDGE_CURVE('',#1201,#1198,#630,.T.);
#1505=EDGE_CURVE('',#1195,#1200,#631,.T.);
#1506=EDGE_CURVE('',#1196,#1199,#632,.T.);
#1507=EDGE_CURVE('',#1202,#1197,#633,.T.);
#1508=EDGE_CURVE('',#1211,#1212,#634,.T.);
#1509=EDGE_CURVE('',#1212,#1213,#635,.T.);
#1510=EDGE_CURVE('',#1214,#1213,#636,.T.);
#1511=EDGE_CURVE('',#1211,#1214,#637,.T.);
#1512=EDGE_CURVE('',#1212,#1215,#638,.T.);
#1513=EDGE_CURVE('',#1215,#1216,#639,.T.);
#1514=EDGE_CURVE('',#1213,#1216,#640,.T.);
#1515=EDGE_CURVE('',#1215,#1217,#641,.T.);
#1516=EDGE_CURVE('',#1217,#1218,#642,.T.);
#1517=EDGE_CURVE('',#1216,#1218,#643,.T.);
#1518=EDGE_CURVE('',#1217,#1219,#644,.T.);
#1519=EDGE_CURVE('',#1219,#1220,#645,.T.);
#1520=EDGE_CURVE('',#1218,#1220,#646,.T.);
#1521=EDGE_CURVE('',#1219,#1075,#647,.T.);
#1522=EDGE_CURVE('',#1076,#1211,#648,.T.);
#1523=EDGE_CURVE('',#1220,#1073,#649,.T.);
#1524=EDGE_CURVE('',#1074,#1214,#650,.T.);
#1525=EDGE_CURVE('',#1221,#1069,#651,.T.);
#1526=EDGE_CURVE('',#1070,#1222,#652,.T.);
#1527=EDGE_CURVE('',#1222,#1223,#653,.T.);
#1528=EDGE_CURVE('',#1223,#1224,#654,.T.);
#1529=EDGE_CURVE('',#1224,#1225,#655,.T.);
#1530=EDGE_CURVE('',#1225,#1221,#656,.T.);
#1531=EDGE_CURVE('',#1226,#1071,#657,.T.);
#1532=EDGE_CURVE('',#1227,#1226,#658,.T.);
#1533=EDGE_CURVE('',#1228,#1227,#659,.T.);
#1534=EDGE_CURVE('',#1229,#1228,#660,.T.);
#1535=EDGE_CURVE('',#1230,#1229,#661,.T.);
#1536=EDGE_CURVE('',#1072,#1230,#662,.T.);
#1537=EDGE_CURVE('',#1226,#1221,#663,.T.);
#1538=EDGE_CURVE('',#1227,#1225,#664,.T.);
#1539=EDGE_CURVE('',#1228,#1224,#665,.T.);
#1540=EDGE_CURVE('',#1229,#1223,#666,.T.);
#1541=EDGE_CURVE('',#1230,#1222,#667,.T.);
#1542=EDGE_CURVE('',#1231,#1061,#14,.T.);
#1543=EDGE_CURVE('',#1232,#1060,#15,.T.);
#1544=EDGE_CURVE('',#1231,#1232,#668,.T.);
#1545=EDGE_CURVE('',#1233,#1231,#669,.T.);
#1546=EDGE_CURVE('',#1234,#1232,#670,.T.);
#1547=EDGE_CURVE('',#1233,#1234,#671,.T.);
#1548=EDGE_CURVE('',#1235,#1233,#672,.T.);
#1549=EDGE_CURVE('',#1236,#1234,#673,.T.);
#1550=EDGE_CURVE('',#1235,#1236,#674,.T.);
#1551=EDGE_CURVE('',#1237,#1235,#675,.T.);
#1552=EDGE_CURVE('',#1238,#1236,#676,.T.);
#1553=EDGE_CURVE('',#1237,#1238,#677,.T.);
#1554=EDGE_CURVE('',#1101,#1238,#16,.T.);
#1555=EDGE_CURVE('',#1102,#1237,#17,.T.);
#1556=EDGE_CURVE('',#1239,#1240,#678,.T.);
#1557=EDGE_CURVE('',#1239,#1241,#679,.T.);
#1558=EDGE_CURVE('',#1241,#1242,#680,.T.);
#1559=EDGE_CURVE('',#1240,#1242,#681,.T.);
#1560=EDGE_CURVE('',#1243,#1239,#682,.T.);
#1561=EDGE_CURVE('',#1243,#1244,#683,.T.);
#1562=EDGE_CURVE('',#1244,#1241,#684,.T.);
#1563=EDGE_CURVE('',#1245,#1243,#685,.T.);
#1564=EDGE_CURVE('',#1245,#1246,#686,.T.);
#1565=EDGE_CURVE('',#1246,#1244,#687,.T.);
#1566=EDGE_CURVE('',#1247,#1245,#688,.T.);
#1567=EDGE_CURVE('',#1247,#1248,#689,.T.);
#1568=EDGE_CURVE('',#1248,#1246,#690,.T.);
#1569=EDGE_CURVE('',#1240,#1093,#691,.T.);
#1570=EDGE_CURVE('',#1096,#1247,#692,.T.);
#1571=EDGE_CURVE('',#1242,#1094,#693,.T.);
#1572=EDGE_CURVE('',#1095,#1248,#694,.T.);
#1573=EDGE_CURVE('',#1249,#1098,#695,.T.);
#1574=EDGE_CURVE('',#1250,#1249,#696,.T.);
#1575=EDGE_CURVE('',#1251,#1250,#697,.T.);
#1576=EDGE_CURVE('',#1252,#1251,#698,.T.);
#1577=EDGE_CURVE('',#1253,#1252,#699,.T.);
#1578=EDGE_CURVE('',#1099,#1253,#700,.T.);
#1579=EDGE_CURVE('',#1254,#1097,#701,.T.);
#1580=EDGE_CURVE('',#1100,#1255,#702,.T.);
#1581=EDGE_CURVE('',#1255,#1256,#703,.T.);
#1582=EDGE_CURVE('',#1256,#1257,#704,.T.);
#1583=EDGE_CURVE('',#1257,#1258,#705,.T.);
#1584=EDGE_CURVE('',#1258,#1254,#706,.T.);
#1585=EDGE_CURVE('',#1258,#1250,#707,.T.);
#1586=EDGE_CURVE('',#1254,#1249,#708,.T.);
#1587=EDGE_CURVE('',#1257,#1251,#709,.T.);
#1588=EDGE_CURVE('',#1256,#1252,#710,.T.);
#1589=EDGE_CURVE('',#1255,#1253,#711,.T.);
#1590=EDGE_CURVE('',#1259,#1068,#18,.T.);
#1591=EDGE_CURVE('',#1259,#1260,#712,.T.);
#1592=EDGE_CURVE('',#1260,#1052,#19,.T.);
#1593=EDGE_CURVE('',#1261,#1259,#713,.T.);
#1594=EDGE_CURVE('',#1261,#1262,#714,.T.);
#1595=EDGE_CURVE('',#1262,#1260,#715,.T.);
#1596=EDGE_CURVE('',#1263,#1261,#716,.T.);
#1597=EDGE_CURVE('',#1263,#1264,#717,.T.);
#1598=EDGE_CURVE('',#1264,#1262,#718,.T.);
#1599=EDGE_CURVE('',#1265,#1263,#719,.T.);
#1600=EDGE_CURVE('',#1265,#1266,#720,.T.);
#1601=EDGE_CURVE('',#1266,#1264,#721,.T.);
#1602=EDGE_CURVE('',#1152,#1266,#20,.T.);
#1603=EDGE_CURVE('',#1153,#1265,#21,.T.);
#1604=ORIENTED_EDGE('',*,*,#1267,.F.);
#1605=ORIENTED_EDGE('',*,*,#1268,.T.);
#1606=ORIENTED_EDGE('',*,*,#1269,.T.);
#1607=ORIENTED_EDGE('',*,*,#1270,.T.);
#1608=ORIENTED_EDGE('',*,*,#1271,.T.);
#1609=ORIENTED_EDGE('',*,*,#1272,.F.);
#1610=ORIENTED_EDGE('',*,*,#1273,.F.);
#1611=ORIENTED_EDGE('',*,*,#1274,.T.);
#1612=ORIENTED_EDGE('',*,*,#1275,.T.);
#1613=ORIENTED_EDGE('',*,*,#1276,.F.);
#1614=ORIENTED_EDGE('',*,*,#1277,.F.);
#1615=ORIENTED_EDGE('',*,*,#1278,.T.);
#1616=ORIENTED_EDGE('',*,*,#1279,.T.);
#1617=ORIENTED_EDGE('',*,*,#1280,.F.);
#1618=ORIENTED_EDGE('',*,*,#1281,.T.);
#1619=ORIENTED_EDGE('',*,*,#1282,.T.);
#1620=ORIENTED_EDGE('',*,*,#1283,.T.);
#1621=ORIENTED_EDGE('',*,*,#1284,.T.);
#1622=ORIENTED_EDGE('',*,*,#1285,.F.);
#1623=ORIENTED_EDGE('',*,*,#1286,.F.);
#1624=ORIENTED_EDGE('',*,*,#1287,.T.);
#1625=ORIENTED_EDGE('',*,*,#1288,.F.);
#1626=ORIENTED_EDGE('',*,*,#1289,.F.);
#1627=ORIENTED_EDGE('',*,*,#1290,.F.);
#1628=ORIENTED_EDGE('',*,*,#1291,.T.);
#1629=ORIENTED_EDGE('',*,*,#1292,.F.);
#1630=ORIENTED_EDGE('',*,*,#1293,.F.);
#1631=ORIENTED_EDGE('',*,*,#1294,.T.);
#1632=ORIENTED_EDGE('',*,*,#1295,.T.);
#1633=ORIENTED_EDGE('',*,*,#1296,.T.);
#1634=ORIENTED_EDGE('',*,*,#1297,.F.);
#1635=ORIENTED_EDGE('',*,*,#1298,.T.);
#1636=ORIENTED_EDGE('',*,*,#1299,.T.);
#1637=ORIENTED_EDGE('',*,*,#1300,.T.);
#1638=ORIENTED_EDGE('',*,*,#1301,.F.);
#1639=ORIENTED_EDGE('',*,*,#1302,.F.);
#1640=ORIENTED_EDGE('',*,*,#1303,.T.);
#1641=ORIENTED_EDGE('',*,*,#1304,.T.);
#1642=ORIENTED_EDGE('',*,*,#1305,.F.);
#1643=ORIENTED_EDGE('',*,*,#1306,.F.);
#1644=ORIENTED_EDGE('',*,*,#1307,.T.);
#1645=ORIENTED_EDGE('',*,*,#1308,.T.);
#1646=ORIENTED_EDGE('',*,*,#1309,.T.);
#1647=ORIENTED_EDGE('',*,*,#1310,.T.);
#1648=ORIENTED_EDGE('',*,*,#1311,.T.);
#1649=ORIENTED_EDGE('',*,*,#1312,.F.);
#1650=ORIENTED_EDGE('',*,*,#1313,.T.);
#1651=ORIENTED_EDGE('',*,*,#1314,.T.);
#1652=ORIENTED_EDGE('',*,*,#1315,.T.);
#1653=ORIENTED_EDGE('',*,*,#1316,.F.);
#1654=ORIENTED_EDGE('',*,*,#1317,.F.);
#1655=ORIENTED_EDGE('',*,*,#1318,.T.);
#1656=ORIENTED_EDGE('',*,*,#1274,.F.);
#1657=ORIENTED_EDGE('',*,*,#1319,.F.);
#1658=ORIENTED_EDGE('',*,*,#1320,.F.);
#1659=ORIENTED_EDGE('',*,*,#1321,.F.);
#1660=ORIENTED_EDGE('',*,*,#1278,.F.);
#1661=ORIENTED_EDGE('',*,*,#1322,.F.);
#1662=ORIENTED_EDGE('',*,*,#1323,.T.);
#1663=ORIENTED_EDGE('',*,*,#1324,.T.);
#1664=ORIENTED_EDGE('',*,*,#1325,.F.);
#1665=ORIENTED_EDGE('',*,*,#1326,.T.);
#1666=ORIENTED_EDGE('',*,*,#1327,.T.);
#1667=ORIENTED_EDGE('',*,*,#1328,.T.);
#1668=ORIENTED_EDGE('',*,*,#1329,.F.);
#1669=ORIENTED_EDGE('',*,*,#1330,.T.);
#1670=ORIENTED_EDGE('',*,*,#1331,.T.);
#1671=ORIENTED_EDGE('',*,*,#1320,.T.);
#1672=ORIENTED_EDGE('',*,*,#1332,.T.);
#1673=ORIENTED_EDGE('',*,*,#1333,.F.);
#1674=ORIENTED_EDGE('',*,*,#1334,.T.);
#1675=ORIENTED_EDGE('',*,*,#1335,.T.);
#1676=ORIENTED_EDGE('',*,*,#1329,.T.);
#1677=ORIENTED_EDGE('',*,*,#1336,.T.);
#1678=ORIENTED_EDGE('',*,*,#1327,.F.);
#1679=ORIENTED_EDGE('',*,*,#1337,.T.);
#1680=ORIENTED_EDGE('',*,*,#1325,.T.);
#1681=ORIENTED_EDGE('',*,*,#1338,.T.);
#1682=ORIENTED_EDGE('',*,*,#1339,.T.);
#1683=ORIENTED_EDGE('',*,*,#1280,.T.);
#1684=ORIENTED_EDGE('',*,*,#1340,.F.);
#1685=ORIENTED_EDGE('',*,*,#1341,.F.);
#1686=ORIENTED_EDGE('',*,*,#1342,.F.);
#1687=ORIENTED_EDGE('',*,*,#1343,.F.);
#1688=ORIENTED_EDGE('',*,*,#1344,.F.);
#1689=ORIENTED_EDGE('',*,*,#1345,.F.);
#1690=ORIENTED_EDGE('',*,*,#1346,.F.);
#1691=ORIENTED_EDGE('',*,*,#1347,.F.);
#1692=ORIENTED_EDGE('',*,*,#1348,.F.);
#1693=ORIENTED_EDGE('',*,*,#1349,.F.);
#1694=ORIENTED_EDGE('',*,*,#1350,.F.);
#1695=ORIENTED_EDGE('',*,*,#1330,.F.);
#1696=ORIENTED_EDGE('',*,*,#1335,.F.);
#1697=ORIENTED_EDGE('',*,*,#1351,.T.);
#1698=ORIENTED_EDGE('',*,*,#1352,.T.);
#1699=ORIENTED_EDGE('',*,*,#1326,.F.);
#1700=ORIENTED_EDGE('',*,*,#1337,.F.);
#1701=ORIENTED_EDGE('',*,*,#1353,.T.);
#1702=ORIENTED_EDGE('',*,*,#1354,.T.);
#1703=ORIENTED_EDGE('',*,*,#1355,.F.);
#1704=ORIENTED_EDGE('',*,*,#1356,.F.);
#1705=ORIENTED_EDGE('',*,*,#1357,.F.);
#1706=ORIENTED_EDGE('',*,*,#1358,.T.);
#1707=ORIENTED_EDGE('',*,*,#1359,.F.);
#1708=ORIENTED_EDGE('',*,*,#1360,.F.);
#1709=ORIENTED_EDGE('',*,*,#1323,.F.);
#1710=ORIENTED_EDGE('',*,*,#1352,.F.);
#1711=ORIENTED_EDGE('',*,*,#1361,.T.);
#1712=ORIENTED_EDGE('',*,*,#1362,.T.);
#1713=ORIENTED_EDGE('',*,*,#1361,.F.);
#1714=ORIENTED_EDGE('',*,*,#1351,.F.);
#1715=ORIENTED_EDGE('',*,*,#1334,.F.);
#1716=ORIENTED_EDGE('',*,*,#1363,.F.);
#1717=ORIENTED_EDGE('',*,*,#1364,.F.);
#1718=ORIENTED_EDGE('',*,*,#1271,.F.);
#1719=ORIENTED_EDGE('',*,*,#1365,.T.);
#1720=ORIENTED_EDGE('',*,*,#1366,.T.);
#1721=ORIENTED_EDGE('',*,*,#1367,.T.);
#1722=ORIENTED_EDGE('',*,*,#1353,.F.);
#1723=ORIENTED_EDGE('',*,*,#1368,.F.);
#1724=ORIENTED_EDGE('',*,*,#1369,.T.);
#1725=ORIENTED_EDGE('',*,*,#1370,.T.);
#1726=ORIENTED_EDGE('',*,*,#1371,.F.);
#1727=ORIENTED_EDGE('',*,*,#1372,.F.);
#1728=ORIENTED_EDGE('',*,*,#1355,.T.);
#1729=ORIENTED_EDGE('',*,*,#1373,.T.);
#1730=ORIENTED_EDGE('',*,*,#1369,.F.);
#1731=ORIENTED_EDGE('',*,*,#1374,.F.);
#1732=ORIENTED_EDGE('',*,*,#1371,.T.);
#1733=ORIENTED_EDGE('',*,*,#1368,.T.);
#1734=ORIENTED_EDGE('',*,*,#1356,.T.);
#1735=ORIENTED_EDGE('',*,*,#1372,.T.);
#1736=ORIENTED_EDGE('',*,*,#1374,.T.);
#1737=ORIENTED_EDGE('',*,*,#1367,.F.);
#1738=ORIENTED_EDGE('',*,*,#1373,.F.);
#1739=ORIENTED_EDGE('',*,*,#1370,.F.);
#1740=ORIENTED_EDGE('',*,*,#1354,.F.);
#1741=ORIENTED_EDGE('',*,*,#1359,.T.);
#1742=ORIENTED_EDGE('',*,*,#1375,.T.);
#1743=ORIENTED_EDGE('',*,*,#1281,.F.);
#1744=ORIENTED_EDGE('',*,*,#1339,.F.);
#1745=ORIENTED_EDGE('',*,*,#1376,.F.);
#1746=ORIENTED_EDGE('',*,*,#1279,.F.);
#1747=ORIENTED_EDGE('',*,*,#1321,.T.);
#1748=ORIENTED_EDGE('',*,*,#1331,.F.);
#1749=ORIENTED_EDGE('',*,*,#1377,.F.);
#1750=ORIENTED_EDGE('',*,*,#1340,.T.);
#1751=ORIENTED_EDGE('',*,*,#1378,.T.);
#1752=ORIENTED_EDGE('',*,*,#1379,.T.);
#1753=ORIENTED_EDGE('',*,*,#1380,.F.);
#1754=ORIENTED_EDGE('',*,*,#1341,.T.);
#1755=ORIENTED_EDGE('',*,*,#1381,.T.);
#1756=ORIENTED_EDGE('',*,*,#1336,.F.);
#1757=ORIENTED_EDGE('',*,*,#1382,.F.);
#1758=ORIENTED_EDGE('',*,*,#1379,.F.);
#1759=ORIENTED_EDGE('',*,*,#1380,.T.);
#1760=ORIENTED_EDGE('',*,*,#1382,.T.);
#1761=ORIENTED_EDGE('',*,*,#1328,.F.);
#1762=ORIENTED_EDGE('',*,*,#1378,.F.);
#1763=ORIENTED_EDGE('',*,*,#1377,.T.);
#1764=ORIENTED_EDGE('',*,*,#1381,.F.);
#1765=ORIENTED_EDGE('',*,*,#1383,.T.);
#1766=ORIENTED_EDGE('',*,*,#1338,.F.);
#1767=ORIENTED_EDGE('',*,*,#1384,.F.);
#1768=ORIENTED_EDGE('',*,*,#1385,.F.);
#1769=ORIENTED_EDGE('',*,*,#1386,.T.);
#1770=ORIENTED_EDGE('',*,*,#1385,.T.);
#1771=ORIENTED_EDGE('',*,*,#1387,.F.);
#1772=ORIENTED_EDGE('',*,*,#1360,.T.);
#1773=ORIENTED_EDGE('',*,*,#1324,.F.);
#1774=ORIENTED_EDGE('',*,*,#1387,.T.);
#1775=ORIENTED_EDGE('',*,*,#1384,.T.);
#1776=ORIENTED_EDGE('',*,*,#1376,.T.);
#1777=ORIENTED_EDGE('',*,*,#1383,.F.);
#1778=ORIENTED_EDGE('',*,*,#1386,.F.);
#1779=ORIENTED_EDGE('',*,*,#1273,.T.);
#1780=ORIENTED_EDGE('',*,*,#1388,.T.);
#1781=ORIENTED_EDGE('',*,*,#1389,.F.);
#1782=ORIENTED_EDGE('',*,*,#1390,.F.);
#1783=ORIENTED_EDGE('',*,*,#1332,.F.);
#1784=ORIENTED_EDGE('',*,*,#1319,.T.);
#1785=ORIENTED_EDGE('',*,*,#1390,.T.);
#1786=ORIENTED_EDGE('',*,*,#1391,.F.);
#1787=ORIENTED_EDGE('',*,*,#1272,.T.);
#1788=ORIENTED_EDGE('',*,*,#1364,.T.);
#1789=ORIENTED_EDGE('',*,*,#1392,.F.);
#1790=ORIENTED_EDGE('',*,*,#1388,.F.);
#1791=ORIENTED_EDGE('',*,*,#1389,.T.);
#1792=ORIENTED_EDGE('',*,*,#1392,.T.);
#1793=ORIENTED_EDGE('',*,*,#1363,.T.);
#1794=ORIENTED_EDGE('',*,*,#1333,.T.);
#1795=ORIENTED_EDGE('',*,*,#1391,.T.);
#1796=ORIENTED_EDGE('',*,*,#1270,.F.);
#1797=ORIENTED_EDGE('',*,*,#1393,.T.);
#1798=ORIENTED_EDGE('',*,*,#1394,.T.);
#1799=ORIENTED_EDGE('',*,*,#1365,.F.);
#1800=ORIENTED_EDGE('',*,*,#1269,.F.);
#1801=ORIENTED_EDGE('',*,*,#1395,.T.);
#1802=ORIENTED_EDGE('',*,*,#1396,.T.);
#1803=ORIENTED_EDGE('',*,*,#1393,.F.);
#1804=ORIENTED_EDGE('',*,*,#1395,.F.);
#1805=ORIENTED_EDGE('',*,*,#1397,.T.);
#1806=ORIENTED_EDGE('',*,*,#1357,.T.);
#1807=ORIENTED_EDGE('',*,*,#1398,.T.);
#1808=ORIENTED_EDGE('',*,*,#1362,.F.);
#1809=ORIENTED_EDGE('',*,*,#1366,.F.);
#1810=ORIENTED_EDGE('',*,*,#1394,.F.);
#1811=ORIENTED_EDGE('',*,*,#1396,.F.);
#1812=ORIENTED_EDGE('',*,*,#1398,.F.);
#1813=ORIENTED_EDGE('',*,*,#1399,.F.);
#1814=ORIENTED_EDGE('',*,*,#1400,.T.);
#1815=ORIENTED_EDGE('',*,*,#1401,.T.);
#1816=ORIENTED_EDGE('',*,*,#1282,.F.);
#1817=ORIENTED_EDGE('',*,*,#1375,.F.);
#1818=ORIENTED_EDGE('',*,*,#1358,.F.);
#1819=ORIENTED_EDGE('',*,*,#1397,.F.);
#1820=ORIENTED_EDGE('',*,*,#1268,.F.);
#1821=ORIENTED_EDGE('',*,*,#1346,.T.);
#1822=ORIENTED_EDGE('',*,*,#1402,.T.);
#1823=ORIENTED_EDGE('',*,*,#1403,.T.);
#1824=ORIENTED_EDGE('',*,*,#1404,.F.);
#1825=ORIENTED_EDGE('',*,*,#1350,.T.);
#1826=ORIENTED_EDGE('',*,*,#1405,.T.);
#1827=ORIENTED_EDGE('',*,*,#1406,.T.);
#1828=ORIENTED_EDGE('',*,*,#1402,.F.);
#1829=ORIENTED_EDGE('',*,*,#1349,.T.);
#1830=ORIENTED_EDGE('',*,*,#1407,.T.);
#1831=ORIENTED_EDGE('',*,*,#1408,.T.);
#1832=ORIENTED_EDGE('',*,*,#1405,.F.);
#1833=ORIENTED_EDGE('',*,*,#1348,.T.);
#1834=ORIENTED_EDGE('',*,*,#1409,.T.);
#1835=ORIENTED_EDGE('',*,*,#1410,.T.);
#1836=ORIENTED_EDGE('',*,*,#1407,.F.);
#1837=ORIENTED_EDGE('',*,*,#1347,.T.);
#1838=ORIENTED_EDGE('',*,*,#1404,.T.);
#1839=ORIENTED_EDGE('',*,*,#1411,.T.);
#1840=ORIENTED_EDGE('',*,*,#1409,.F.);
#1841=ORIENTED_EDGE('',*,*,#1403,.F.);
#1842=ORIENTED_EDGE('',*,*,#1406,.F.);
#1843=ORIENTED_EDGE('',*,*,#1408,.F.);
#1844=ORIENTED_EDGE('',*,*,#1410,.F.);
#1845=ORIENTED_EDGE('',*,*,#1411,.F.);
#1846=ORIENTED_EDGE('',*,*,#1412,.F.);
#1847=ORIENTED_EDGE('',*,*,#1413,.T.);
#1848=ORIENTED_EDGE('',*,*,#1414,.T.);
#1849=ORIENTED_EDGE('',*,*,#1415,.T.);
#1850=ORIENTED_EDGE('',*,*,#1342,.T.);
#1851=ORIENTED_EDGE('',*,*,#1416,.T.);
#1852=ORIENTED_EDGE('',*,*,#1417,.T.);
#1853=ORIENTED_EDGE('',*,*,#1418,.F.);
#1854=ORIENTED_EDGE('',*,*,#1345,.T.);
#1855=ORIENTED_EDGE('',*,*,#1419,.T.);
#1856=ORIENTED_EDGE('',*,*,#1420,.T.);
#1857=ORIENTED_EDGE('',*,*,#1416,.F.);
#1858=ORIENTED_EDGE('',*,*,#1344,.T.);
#1859=ORIENTED_EDGE('',*,*,#1421,.T.);
#1860=ORIENTED_EDGE('',*,*,#1422,.T.);
#1861=ORIENTED_EDGE('',*,*,#1419,.F.);
#1862=ORIENTED_EDGE('',*,*,#1343,.T.);
#1863=ORIENTED_EDGE('',*,*,#1418,.T.);
#1864=ORIENTED_EDGE('',*,*,#1423,.T.);
#1865=ORIENTED_EDGE('',*,*,#1421,.F.);
#1866=ORIENTED_EDGE('',*,*,#1417,.F.);
#1867=ORIENTED_EDGE('',*,*,#1420,.F.);
#1868=ORIENTED_EDGE('',*,*,#1422,.F.);
#1869=ORIENTED_EDGE('',*,*,#1423,.F.);
#1870=ORIENTED_EDGE('',*,*,#1424,.F.);
#1871=ORIENTED_EDGE('',*,*,#1425,.T.);
#1872=ORIENTED_EDGE('',*,*,#1426,.T.);
#1873=ORIENTED_EDGE('',*,*,#1427,.T.);
#1874=ORIENTED_EDGE('',*,*,#1428,.T.);
#1875=ORIENTED_EDGE('',*,*,#1306,.T.);
#1876=ORIENTED_EDGE('',*,*,#1429,.F.);
#1877=ORIENTED_EDGE('',*,*,#1430,.F.);
#1878=ORIENTED_EDGE('',*,*,#1431,.T.);
#1879=ORIENTED_EDGE('',*,*,#1430,.T.);
#1880=ORIENTED_EDGE('',*,*,#1432,.F.);
#1881=ORIENTED_EDGE('',*,*,#1433,.F.);
#1882=ORIENTED_EDGE('',*,*,#1434,.T.);
#1883=ORIENTED_EDGE('',*,*,#1433,.T.);
#1884=ORIENTED_EDGE('',*,*,#1435,.F.);
#1885=ORIENTED_EDGE('',*,*,#1308,.F.);
#1886=ORIENTED_EDGE('',*,*,#1429,.T.);
#1887=ORIENTED_EDGE('',*,*,#1305,.T.);
#1888=ORIENTED_EDGE('',*,*,#1435,.T.);
#1889=ORIENTED_EDGE('',*,*,#1432,.T.);
#1890=ORIENTED_EDGE('',*,*,#1428,.F.);
#1891=ORIENTED_EDGE('',*,*,#1431,.F.);
#1892=ORIENTED_EDGE('',*,*,#1434,.F.);
#1893=ORIENTED_EDGE('',*,*,#1307,.F.);
#1894=ORIENTED_EDGE('',*,*,#1436,.T.);
#1895=ORIENTED_EDGE('',*,*,#1302,.T.);
#1896=ORIENTED_EDGE('',*,*,#1437,.F.);
#1897=ORIENTED_EDGE('',*,*,#1438,.F.);
#1898=ORIENTED_EDGE('',*,*,#1439,.T.);
#1899=ORIENTED_EDGE('',*,*,#1438,.T.);
#1900=ORIENTED_EDGE('',*,*,#1440,.F.);
#1901=ORIENTED_EDGE('',*,*,#1441,.F.);
#1902=ORIENTED_EDGE('',*,*,#1442,.T.);
#1903=ORIENTED_EDGE('',*,*,#1441,.T.);
#1904=ORIENTED_EDGE('',*,*,#1443,.F.);
#1905=ORIENTED_EDGE('',*,*,#1304,.F.);
#1906=ORIENTED_EDGE('',*,*,#1437,.T.);
#1907=ORIENTED_EDGE('',*,*,#1301,.T.);
#1908=ORIENTED_EDGE('',*,*,#1443,.T.);
#1909=ORIENTED_EDGE('',*,*,#1440,.T.);
#1910=ORIENTED_EDGE('',*,*,#1436,.F.);
#1911=ORIENTED_EDGE('',*,*,#1439,.F.);
#1912=ORIENTED_EDGE('',*,*,#1442,.F.);
#1913=ORIENTED_EDGE('',*,*,#1303,.F.);
#1914=ORIENTED_EDGE('',*,*,#1444,.T.);
#1915=ORIENTED_EDGE('',*,*,#1445,.T.);
#1916=ORIENTED_EDGE('',*,*,#1446,.T.);
#1917=ORIENTED_EDGE('',*,*,#1447,.T.);
#1918=ORIENTED_EDGE('',*,*,#1448,.T.);
#1919=ORIENTED_EDGE('',*,*,#1449,.T.);
#1920=ORIENTED_EDGE('',*,*,#1450,.T.);
#1921=ORIENTED_EDGE('',*,*,#1412,.T.);
#1922=ORIENTED_EDGE('',*,*,#1451,.F.);
#1923=ORIENTED_EDGE('',*,*,#1452,.T.);
#1924=ORIENTED_EDGE('',*,*,#1453,.F.);
#1925=ORIENTED_EDGE('',*,*,#1414,.F.);
#1926=ORIENTED_EDGE('',*,*,#1453,.T.);
#1927=ORIENTED_EDGE('',*,*,#1454,.T.);
#1928=ORIENTED_EDGE('',*,*,#1448,.F.);
#1929=ORIENTED_EDGE('',*,*,#1415,.F.);
#1930=ORIENTED_EDGE('',*,*,#1450,.F.);
#1931=ORIENTED_EDGE('',*,*,#1455,.T.);
#1932=ORIENTED_EDGE('',*,*,#1451,.T.);
#1933=ORIENTED_EDGE('',*,*,#1413,.F.);
#1934=ORIENTED_EDGE('',*,*,#1456,.T.);
#1935=ORIENTED_EDGE('',*,*,#1457,.T.);
#1936=ORIENTED_EDGE('',*,*,#1458,.T.);
#1937=ORIENTED_EDGE('',*,*,#1297,.T.);
#1938=ORIENTED_EDGE('',*,*,#1459,.F.);
#1939=ORIENTED_EDGE('',*,*,#1460,.T.);
#1940=ORIENTED_EDGE('',*,*,#1461,.F.);
#1941=ORIENTED_EDGE('',*,*,#1299,.F.);
#1942=ORIENTED_EDGE('',*,*,#1461,.T.);
#1943=ORIENTED_EDGE('',*,*,#1462,.T.);
#1944=ORIENTED_EDGE('',*,*,#1456,.F.);
#1945=ORIENTED_EDGE('',*,*,#1300,.F.);
#1946=ORIENTED_EDGE('',*,*,#1463,.T.);
#1947=ORIENTED_EDGE('',*,*,#1464,.T.);
#1948=ORIENTED_EDGE('',*,*,#1465,.T.);
#1949=ORIENTED_EDGE('',*,*,#1466,.T.);
#1950=ORIENTED_EDGE('',*,*,#1458,.F.);
#1951=ORIENTED_EDGE('',*,*,#1467,.T.);
#1952=ORIENTED_EDGE('',*,*,#1459,.T.);
#1953=ORIENTED_EDGE('',*,*,#1298,.F.);
#1954=ORIENTED_EDGE('',*,*,#1468,.F.);
#1955=ORIENTED_EDGE('',*,*,#1467,.F.);
#1956=ORIENTED_EDGE('',*,*,#1469,.F.);
#1957=ORIENTED_EDGE('',*,*,#1466,.F.);
#1958=ORIENTED_EDGE('',*,*,#1469,.T.);
#1959=ORIENTED_EDGE('',*,*,#1457,.F.);
#1960=ORIENTED_EDGE('',*,*,#1470,.F.);
#1961=ORIENTED_EDGE('',*,*,#1463,.F.);
#1962=ORIENTED_EDGE('',*,*,#1468,.T.);
#1963=ORIENTED_EDGE('',*,*,#1465,.F.);
#1964=ORIENTED_EDGE('',*,*,#1471,.F.);
#1965=ORIENTED_EDGE('',*,*,#1460,.F.);
#1966=ORIENTED_EDGE('',*,*,#1470,.T.);
#1967=ORIENTED_EDGE('',*,*,#1462,.F.);
#1968=ORIENTED_EDGE('',*,*,#1471,.T.);
#1969=ORIENTED_EDGE('',*,*,#1464,.F.);
#1970=ORIENTED_EDGE('',*,*,#1472,.F.);
#1971=ORIENTED_EDGE('',*,*,#1455,.F.);
#1972=ORIENTED_EDGE('',*,*,#1473,.F.);
#1973=ORIENTED_EDGE('',*,*,#1447,.F.);
#1974=ORIENTED_EDGE('',*,*,#1473,.T.);
#1975=ORIENTED_EDGE('',*,*,#1449,.F.);
#1976=ORIENTED_EDGE('',*,*,#1474,.F.);
#1977=ORIENTED_EDGE('',*,*,#1444,.F.);
#1978=ORIENTED_EDGE('',*,*,#1472,.T.);
#1979=ORIENTED_EDGE('',*,*,#1446,.F.);
#1980=ORIENTED_EDGE('',*,*,#1475,.F.);
#1981=ORIENTED_EDGE('',*,*,#1452,.F.);
#1982=ORIENTED_EDGE('',*,*,#1474,.T.);
#1983=ORIENTED_EDGE('',*,*,#1454,.F.);
#1984=ORIENTED_EDGE('',*,*,#1475,.T.);
#1985=ORIENTED_EDGE('',*,*,#1445,.F.);
#1986=ORIENTED_EDGE('',*,*,#1476,.T.);
#1987=ORIENTED_EDGE('',*,*,#1477,.T.);
#1988=ORIENTED_EDGE('',*,*,#1478,.T.);
#1989=ORIENTED_EDGE('',*,*,#1479,.T.);
#1990=ORIENTED_EDGE('',*,*,#1480,.T.);
#1991=ORIENTED_EDGE('',*,*,#1481,.T.);
#1992=ORIENTED_EDGE('',*,*,#1482,.T.);
#1993=ORIENTED_EDGE('',*,*,#1424,.T.);
#1994=ORIENTED_EDGE('',*,*,#1483,.F.);
#1995=ORIENTED_EDGE('',*,*,#1484,.T.);
#1996=ORIENTED_EDGE('',*,*,#1485,.F.);
#1997=ORIENTED_EDGE('',*,*,#1426,.F.);
#1998=ORIENTED_EDGE('',*,*,#1485,.T.);
#1999=ORIENTED_EDGE('',*,*,#1486,.T.);
#2000=ORIENTED_EDGE('',*,*,#1480,.F.);
#2001=ORIENTED_EDGE('',*,*,#1427,.F.);
#2002=ORIENTED_EDGE('',*,*,#1482,.F.);
#2003=ORIENTED_EDGE('',*,*,#1487,.T.);
#2004=ORIENTED_EDGE('',*,*,#1483,.T.);
#2005=ORIENTED_EDGE('',*,*,#1425,.F.);
#2006=ORIENTED_EDGE('',*,*,#1488,.T.);
#2007=ORIENTED_EDGE('',*,*,#1489,.T.);
#2008=ORIENTED_EDGE('',*,*,#1490,.T.);
#2009=ORIENTED_EDGE('',*,*,#1293,.T.);
#2010=ORIENTED_EDGE('',*,*,#1491,.F.);
#2011=ORIENTED_EDGE('',*,*,#1492,.T.);
#2012=ORIENTED_EDGE('',*,*,#1493,.F.);
#2013=ORIENTED_EDGE('',*,*,#1295,.F.);
#2014=ORIENTED_EDGE('',*,*,#1493,.T.);
#2015=ORIENTED_EDGE('',*,*,#1494,.T.);
#2016=ORIENTED_EDGE('',*,*,#1488,.F.);
#2017=ORIENTED_EDGE('',*,*,#1296,.F.);
#2018=ORIENTED_EDGE('',*,*,#1495,.T.);
#2019=ORIENTED_EDGE('',*,*,#1496,.T.);
#2020=ORIENTED_EDGE('',*,*,#1497,.T.);
#2021=ORIENTED_EDGE('',*,*,#1498,.T.);
#2022=ORIENTED_EDGE('',*,*,#1490,.F.);
#2023=ORIENTED_EDGE('',*,*,#1499,.T.);
#2024=ORIENTED_EDGE('',*,*,#1491,.T.);
#2025=ORIENTED_EDGE('',*,*,#1294,.F.);
#2026=ORIENTED_EDGE('',*,*,#1500,.F.);
#2027=ORIENTED_EDGE('',*,*,#1499,.F.);
#2028=ORIENTED_EDGE('',*,*,#1501,.F.);
#2029=ORIENTED_EDGE('',*,*,#1498,.F.);
#2030=ORIENTED_EDGE('',*,*,#1501,.T.);
#2031=ORIENTED_EDGE('',*,*,#1489,.F.);
#2032=ORIENTED_EDGE('',*,*,#1502,.F.);
#2033=ORIENTED_EDGE('',*,*,#1495,.F.);
#2034=ORIENTED_EDGE('',*,*,#1500,.T.);
#2035=ORIENTED_EDGE('',*,*,#1497,.F.);
#2036=ORIENTED_EDGE('',*,*,#1503,.F.);
#2037=ORIENTED_EDGE('',*,*,#1492,.F.);
#2038=ORIENTED_EDGE('',*,*,#1502,.T.);
#2039=ORIENTED_EDGE('',*,*,#1494,.F.);
#2040=ORIENTED_EDGE('',*,*,#1503,.T.);
#2041=ORIENTED_EDGE('',*,*,#1496,.F.);
#2042=ORIENTED_EDGE('',*,*,#1504,.F.);
#2043=ORIENTED_EDGE('',*,*,#1487,.F.);
#2044=ORIENTED_EDGE('',*,*,#1505,.F.);
#2045=ORIENTED_EDGE('',*,*,#1479,.F.);
#2046=ORIENTED_EDGE('',*,*,#1505,.T.);
#2047=ORIENTED_EDGE('',*,*,#1481,.F.);
#2048=ORIENTED_EDGE('',*,*,#1506,.F.);
#2049=ORIENTED_EDGE('',*,*,#1476,.F.);
#2050=ORIENTED_EDGE('',*,*,#1504,.T.);
#2051=ORIENTED_EDGE('',*,*,#1478,.F.);
#2052=ORIENTED_EDGE('',*,*,#1507,.F.);
#2053=ORIENTED_EDGE('',*,*,#1484,.F.);
#2054=ORIENTED_EDGE('',*,*,#1506,.T.);
#2055=ORIENTED_EDGE('',*,*,#1486,.F.);
#2056=ORIENTED_EDGE('',*,*,#1507,.T.);
#2057=ORIENTED_EDGE('',*,*,#1477,.F.);
#2058=ORIENTED_EDGE('',*,*,#1508,.T.);
#2059=ORIENTED_EDGE('',*,*,#1509,.T.);
#2060=ORIENTED_EDGE('',*,*,#1510,.F.);
#2061=ORIENTED_EDGE('',*,*,#1511,.F.);
#2062=ORIENTED_EDGE('',*,*,#1512,.T.);
#2063=ORIENTED_EDGE('',*,*,#1513,.T.);
#2064=ORIENTED_EDGE('',*,*,#1514,.F.);
#2065=ORIENTED_EDGE('',*,*,#1509,.F.);
#2066=ORIENTED_EDGE('',*,*,#1515,.T.);
#2067=ORIENTED_EDGE('',*,*,#1516,.T.);
#2068=ORIENTED_EDGE('',*,*,#1517,.F.);
#2069=ORIENTED_EDGE('',*,*,#1513,.F.);
#2070=ORIENTED_EDGE('',*,*,#1518,.T.);
#2071=ORIENTED_EDGE('',*,*,#1519,.T.);
#2072=ORIENTED_EDGE('',*,*,#1520,.F.);
#2073=ORIENTED_EDGE('',*,*,#1516,.F.);
#2074=ORIENTED_EDGE('',*,*,#1291,.F.);
#2075=ORIENTED_EDGE('',*,*,#1521,.F.);
#2076=ORIENTED_EDGE('',*,*,#1518,.F.);
#2077=ORIENTED_EDGE('',*,*,#1515,.F.);
#2078=ORIENTED_EDGE('',*,*,#1512,.F.);
#2079=ORIENTED_EDGE('',*,*,#1508,.F.);
#2080=ORIENTED_EDGE('',*,*,#1522,.F.);
#2081=ORIENTED_EDGE('',*,*,#1523,.T.);
#2082=ORIENTED_EDGE('',*,*,#1289,.T.);
#2083=ORIENTED_EDGE('',*,*,#1524,.T.);
#2084=ORIENTED_EDGE('',*,*,#1510,.T.);
#2085=ORIENTED_EDGE('',*,*,#1514,.T.);
#2086=ORIENTED_EDGE('',*,*,#1517,.T.);
#2087=ORIENTED_EDGE('',*,*,#1520,.T.);
#2088=ORIENTED_EDGE('',*,*,#1524,.F.);
#2089=ORIENTED_EDGE('',*,*,#1292,.T.);
#2090=ORIENTED_EDGE('',*,*,#1522,.T.);
#2091=ORIENTED_EDGE('',*,*,#1511,.T.);
#2092=ORIENTED_EDGE('',*,*,#1521,.T.);
#2093=ORIENTED_EDGE('',*,*,#1290,.T.);
#2094=ORIENTED_EDGE('',*,*,#1523,.F.);
#2095=ORIENTED_EDGE('',*,*,#1519,.F.);
#2096=ORIENTED_EDGE('',*,*,#1525,.T.);
#2097=ORIENTED_EDGE('',*,*,#1285,.T.);
#2098=ORIENTED_EDGE('',*,*,#1526,.T.);
#2099=ORIENTED_EDGE('',*,*,#1527,.T.);
#2100=ORIENTED_EDGE('',*,*,#1528,.T.);
#2101=ORIENTED_EDGE('',*,*,#1529,.T.);
#2102=ORIENTED_EDGE('',*,*,#1530,.T.);
#2103=ORIENTED_EDGE('',*,*,#1287,.F.);
#2104=ORIENTED_EDGE('',*,*,#1531,.F.);
#2105=ORIENTED_EDGE('',*,*,#1532,.F.);
#2106=ORIENTED_EDGE('',*,*,#1533,.F.);
#2107=ORIENTED_EDGE('',*,*,#1534,.F.);
#2108=ORIENTED_EDGE('',*,*,#1535,.F.);
#2109=ORIENTED_EDGE('',*,*,#1536,.F.);
#2110=ORIENTED_EDGE('',*,*,#1532,.T.);
#2111=ORIENTED_EDGE('',*,*,#1537,.T.);
#2112=ORIENTED_EDGE('',*,*,#1530,.F.);
#2113=ORIENTED_EDGE('',*,*,#1538,.F.);
#2114=ORIENTED_EDGE('',*,*,#1533,.T.);
#2115=ORIENTED_EDGE('',*,*,#1538,.T.);
#2116=ORIENTED_EDGE('',*,*,#1529,.F.);
#2117=ORIENTED_EDGE('',*,*,#1539,.F.);
#2118=ORIENTED_EDGE('',*,*,#1534,.T.);
#2119=ORIENTED_EDGE('',*,*,#1539,.T.);
#2120=ORIENTED_EDGE('',*,*,#1528,.F.);
#2121=ORIENTED_EDGE('',*,*,#1540,.F.);
#2122=ORIENTED_EDGE('',*,*,#1535,.T.);
#2123=ORIENTED_EDGE('',*,*,#1540,.T.);
#2124=ORIENTED_EDGE('',*,*,#1527,.F.);
#2125=ORIENTED_EDGE('',*,*,#1541,.F.);
#2126=ORIENTED_EDGE('',*,*,#1526,.F.);
#2127=ORIENTED_EDGE('',*,*,#1288,.T.);
#2128=ORIENTED_EDGE('',*,*,#1536,.T.);
#2129=ORIENTED_EDGE('',*,*,#1541,.T.);
#2130=ORIENTED_EDGE('',*,*,#1531,.T.);
#2131=ORIENTED_EDGE('',*,*,#1286,.T.);
#2132=ORIENTED_EDGE('',*,*,#1525,.F.);
#2133=ORIENTED_EDGE('',*,*,#1537,.F.);
#2134=ORIENTED_EDGE('',*,*,#1542,.T.);
#2135=ORIENTED_EDGE('',*,*,#1276,.T.);
#2136=ORIENTED_EDGE('',*,*,#1543,.F.);
#2137=ORIENTED_EDGE('',*,*,#1544,.F.);
#2138=ORIENTED_EDGE('',*,*,#1545,.T.);
#2139=ORIENTED_EDGE('',*,*,#1544,.T.);
#2140=ORIENTED_EDGE('',*,*,#1546,.F.);
#2141=ORIENTED_EDGE('',*,*,#1547,.F.);
#2142=ORIENTED_EDGE('',*,*,#1548,.T.);
#2143=ORIENTED_EDGE('',*,*,#1547,.T.);
#2144=ORIENTED_EDGE('',*,*,#1549,.F.);
#2145=ORIENTED_EDGE('',*,*,#1550,.F.);
#2146=ORIENTED_EDGE('',*,*,#1551,.T.);
#2147=ORIENTED_EDGE('',*,*,#1550,.T.);
#2148=ORIENTED_EDGE('',*,*,#1552,.F.);
#2149=ORIENTED_EDGE('',*,*,#1553,.F.);
#2150=ORIENTED_EDGE('',*,*,#1554,.F.);
#2151=ORIENTED_EDGE('',*,*,#1317,.T.);
#2152=ORIENTED_EDGE('',*,*,#1555,.T.);
#2153=ORIENTED_EDGE('',*,*,#1553,.T.);
#2154=ORIENTED_EDGE('',*,*,#1275,.F.);
#2155=ORIENTED_EDGE('',*,*,#1318,.F.);
#2156=ORIENTED_EDGE('',*,*,#1554,.T.);
#2157=ORIENTED_EDGE('',*,*,#1552,.T.);
#2158=ORIENTED_EDGE('',*,*,#1549,.T.);
#2159=ORIENTED_EDGE('',*,*,#1546,.T.);
#2160=ORIENTED_EDGE('',*,*,#1543,.T.);
#2161=ORIENTED_EDGE('',*,*,#1322,.T.);
#2162=ORIENTED_EDGE('',*,*,#1277,.T.);
#2163=ORIENTED_EDGE('',*,*,#1542,.F.);
#2164=ORIENTED_EDGE('',*,*,#1545,.F.);
#2165=ORIENTED_EDGE('',*,*,#1548,.F.);
#2166=ORIENTED_EDGE('',*,*,#1551,.F.);
#2167=ORIENTED_EDGE('',*,*,#1555,.F.);
#2168=ORIENTED_EDGE('',*,*,#1556,.F.);
#2169=ORIENTED_EDGE('',*,*,#1557,.T.);
#2170=ORIENTED_EDGE('',*,*,#1558,.T.);
#2171=ORIENTED_EDGE('',*,*,#1559,.F.);
#2172=ORIENTED_EDGE('',*,*,#1560,.F.);
#2173=ORIENTED_EDGE('',*,*,#1561,.T.);
#2174=ORIENTED_EDGE('',*,*,#1562,.T.);
#2175=ORIENTED_EDGE('',*,*,#1557,.F.);
#2176=ORIENTED_EDGE('',*,*,#1563,.F.);
#2177=ORIENTED_EDGE('',*,*,#1564,.T.);
#2178=ORIENTED_EDGE('',*,*,#1565,.T.);
#2179=ORIENTED_EDGE('',*,*,#1561,.F.);
#2180=ORIENTED_EDGE('',*,*,#1566,.F.);
#2181=ORIENTED_EDGE('',*,*,#1567,.T.);
#2182=ORIENTED_EDGE('',*,*,#1568,.T.);
#2183=ORIENTED_EDGE('',*,*,#1564,.F.);
#2184=ORIENTED_EDGE('',*,*,#1569,.T.);
#2185=ORIENTED_EDGE('',*,*,#1312,.T.);
#2186=ORIENTED_EDGE('',*,*,#1570,.T.);
#2187=ORIENTED_EDGE('',*,*,#1566,.T.);
#2188=ORIENTED_EDGE('',*,*,#1563,.T.);
#2189=ORIENTED_EDGE('',*,*,#1560,.T.);
#2190=ORIENTED_EDGE('',*,*,#1556,.T.);
#2191=ORIENTED_EDGE('',*,*,#1310,.F.);
#2192=ORIENTED_EDGE('',*,*,#1571,.F.);
#2193=ORIENTED_EDGE('',*,*,#1558,.F.);
#2194=ORIENTED_EDGE('',*,*,#1562,.F.);
#2195=ORIENTED_EDGE('',*,*,#1565,.F.);
#2196=ORIENTED_EDGE('',*,*,#1568,.F.);
#2197=ORIENTED_EDGE('',*,*,#1572,.F.);
#2198=ORIENTED_EDGE('',*,*,#1311,.F.);
#2199=ORIENTED_EDGE('',*,*,#1572,.T.);
#2200=ORIENTED_EDGE('',*,*,#1567,.F.);
#2201=ORIENTED_EDGE('',*,*,#1570,.F.);
#2202=ORIENTED_EDGE('',*,*,#1309,.F.);
#2203=ORIENTED_EDGE('',*,*,#1569,.F.);
#2204=ORIENTED_EDGE('',*,*,#1559,.T.);
#2205=ORIENTED_EDGE('',*,*,#1571,.T.);
#2206=ORIENTED_EDGE('',*,*,#1314,.F.);
#2207=ORIENTED_EDGE('',*,*,#1573,.F.);
#2208=ORIENTED_EDGE('',*,*,#1574,.F.);
#2209=ORIENTED_EDGE('',*,*,#1575,.F.);
#2210=ORIENTED_EDGE('',*,*,#1576,.F.);
#2211=ORIENTED_EDGE('',*,*,#1577,.F.);
#2212=ORIENTED_EDGE('',*,*,#1578,.F.);
#2213=ORIENTED_EDGE('',*,*,#1579,.T.);
#2214=ORIENTED_EDGE('',*,*,#1316,.T.);
#2215=ORIENTED_EDGE('',*,*,#1580,.T.);
#2216=ORIENTED_EDGE('',*,*,#1581,.T.);
#2217=ORIENTED_EDGE('',*,*,#1582,.T.);
#2218=ORIENTED_EDGE('',*,*,#1583,.T.);
#2219=ORIENTED_EDGE('',*,*,#1584,.T.);
#2220=ORIENTED_EDGE('',*,*,#1584,.F.);
#2221=ORIENTED_EDGE('',*,*,#1585,.T.);
#2222=ORIENTED_EDGE('',*,*,#1574,.T.);
#2223=ORIENTED_EDGE('',*,*,#1586,.F.);
#2224=ORIENTED_EDGE('',*,*,#1583,.F.);
#2225=ORIENTED_EDGE('',*,*,#1587,.T.);
#2226=ORIENTED_EDGE('',*,*,#1575,.T.);
#2227=ORIENTED_EDGE('',*,*,#1585,.F.);
#2228=ORIENTED_EDGE('',*,*,#1582,.F.);
#2229=ORIENTED_EDGE('',*,*,#1588,.T.);
#2230=ORIENTED_EDGE('',*,*,#1576,.T.);
#2231=ORIENTED_EDGE('',*,*,#1587,.F.);
#2232=ORIENTED_EDGE('',*,*,#1581,.F.);
#2233=ORIENTED_EDGE('',*,*,#1589,.T.);
#2234=ORIENTED_EDGE('',*,*,#1577,.T.);
#2235=ORIENTED_EDGE('',*,*,#1588,.F.);
#2236=ORIENTED_EDGE('',*,*,#1315,.F.);
#2237=ORIENTED_EDGE('',*,*,#1578,.T.);
#2238=ORIENTED_EDGE('',*,*,#1589,.F.);
#2239=ORIENTED_EDGE('',*,*,#1580,.F.);
#2240=ORIENTED_EDGE('',*,*,#1313,.F.);
#2241=ORIENTED_EDGE('',*,*,#1579,.F.);
#2242=ORIENTED_EDGE('',*,*,#1586,.T.);
#2243=ORIENTED_EDGE('',*,*,#1573,.T.);
#2244=ORIENTED_EDGE('',*,*,#1284,.F.);
#2245=ORIENTED_EDGE('',*,*,#1590,.F.);
#2246=ORIENTED_EDGE('',*,*,#1591,.T.);
#2247=ORIENTED_EDGE('',*,*,#1592,.T.);
#2248=ORIENTED_EDGE('',*,*,#1593,.F.);
#2249=ORIENTED_EDGE('',*,*,#1594,.T.);
#2250=ORIENTED_EDGE('',*,*,#1595,.T.);
#2251=ORIENTED_EDGE('',*,*,#1591,.F.);
#2252=ORIENTED_EDGE('',*,*,#1596,.F.);
#2253=ORIENTED_EDGE('',*,*,#1597,.T.);
#2254=ORIENTED_EDGE('',*,*,#1598,.T.);
#2255=ORIENTED_EDGE('',*,*,#1594,.F.);
#2256=ORIENTED_EDGE('',*,*,#1599,.F.);
#2257=ORIENTED_EDGE('',*,*,#1600,.T.);
#2258=ORIENTED_EDGE('',*,*,#1601,.T.);
#2259=ORIENTED_EDGE('',*,*,#1597,.F.);
#2260=ORIENTED_EDGE('',*,*,#1400,.F.);
#2261=ORIENTED_EDGE('',*,*,#1602,.T.);
#2262=ORIENTED_EDGE('',*,*,#1600,.F.);
#2263=ORIENTED_EDGE('',*,*,#1603,.F.);
#2264=ORIENTED_EDGE('',*,*,#1399,.T.);
#2265=ORIENTED_EDGE('',*,*,#1267,.T.);
#2266=ORIENTED_EDGE('',*,*,#1592,.F.);
#2267=ORIENTED_EDGE('',*,*,#1595,.F.);
#2268=ORIENTED_EDGE('',*,*,#1598,.F.);
#2269=ORIENTED_EDGE('',*,*,#1601,.F.);
#2270=ORIENTED_EDGE('',*,*,#1602,.F.);
#2271=ORIENTED_EDGE('',*,*,#1283,.F.);
#2272=ORIENTED_EDGE('',*,*,#1401,.F.);
#2273=ORIENTED_EDGE('',*,*,#1603,.T.);
#2274=ORIENTED_EDGE('',*,*,#1599,.T.);
#2275=ORIENTED_EDGE('',*,*,#1596,.T.);
#2276=ORIENTED_EDGE('',*,*,#1593,.T.);
#2277=ORIENTED_EDGE('',*,*,#1590,.T.);
#2278=PLANE('',#2560);
#2279=PLANE('',#2561);
#2280=PLANE('',#2562);
#2281=PLANE('',#2563);
#2282=PLANE('',#2564);
#2283=PLANE('',#2565);
#2284=PLANE('',#2566);
#2285=PLANE('',#2567);
#2286=PLANE('',#2568);
#2287=PLANE('',#2569);
#2288=PLANE('',#2570);
#2289=PLANE('',#2571);
#2290=PLANE('',#2572);
#2291=PLANE('',#2573);
#2292=PLANE('',#2574);
#2293=PLANE('',#2575);
#2294=PLANE('',#2576);
#2295=PLANE('',#2577);
#2296=PLANE('',#2578);
#2297=PLANE('',#2579);
#2298=PLANE('',#2580);
#2299=PLANE('',#2581);
#2300=PLANE('',#2582);
#2301=PLANE('',#2583);
#2302=PLANE('',#2584);
#2303=PLANE('',#2585);
#2304=PLANE('',#2586);
#2305=PLANE('',#2587);
#2306=PLANE('',#2588);
#2307=PLANE('',#2589);
#2308=PLANE('',#2590);
#2309=PLANE('',#2591);
#2310=PLANE('',#2592);
#2311=PLANE('',#2593);
#2312=PLANE('',#2594);
#2313=PLANE('',#2595);
#2314=PLANE('',#2596);
#2315=PLANE('',#2597);
#2316=PLANE('',#2598);
#2317=PLANE('',#2599);
#2318=PLANE('',#2600);
#2319=PLANE('',#2601);
#2320=PLANE('',#2602);
#2321=PLANE('',#2603);
#2322=PLANE('',#2604);
#2323=PLANE('',#2605);
#2324=PLANE('',#2606);
#2325=PLANE('',#2607);
#2326=PLANE('',#2608);
#2327=PLANE('',#2609);
#2328=PLANE('',#2610);
#2329=PLANE('',#2611);
#2330=PLANE('',#2612);
#2331=PLANE('',#2613);
#2332=PLANE('',#2614);
#2333=PLANE('',#2615);
#2334=PLANE('',#2616);
#2335=PLANE('',#2617);
#2336=PLANE('',#2618);
#2337=PLANE('',#2619);
#2338=PLANE('',#2620);
#2339=PLANE('',#2621);
#2340=PLANE('',#2622);
#2341=PLANE('',#2623);
#2342=PLANE('',#2624);
#2343=PLANE('',#2625);
#2344=PLANE('',#2626);
#2345=PLANE('',#2627);
#2346=PLANE('',#2628);
#2347=PLANE('',#2629);
#2348=PLANE('',#2630);
#2349=PLANE('',#2631);
#2350=PLANE('',#2632);
#2351=PLANE('',#2633);
#2352=PLANE('',#2634);
#2353=PLANE('',#2635);
#2354=PLANE('',#2636);
#2355=PLANE('',#2637);
#2356=PLANE('',#2638);
#2357=PLANE('',#2639);
#2358=PLANE('',#2640);
#2359=PLANE('',#2641);
#2360=PLANE('',#2642);
#2361=PLANE('',#2643);
#2362=PLANE('',#2644);
#2363=PLANE('',#2645);
#2364=PLANE('',#2646);
#2365=PLANE('',#2647);
#2366=PLANE('',#2648);
#2367=PLANE('',#2649);
#2368=PLANE('',#2650);
#2369=PLANE('',#2651);
#2370=PLANE('',#2652);
#2371=PLANE('',#2653);
#2372=PLANE('',#2654);
#2373=PLANE('',#2655);
#2374=PLANE('',#2656);
#2375=PLANE('',#2657);
#2376=PLANE('',#2658);
#2377=PLANE('',#2659);
#2378=PLANE('',#2660);
#2379=PLANE('',#2661);
#2380=PLANE('',#2662);
#2381=PLANE('',#2663);
#2382=PLANE('',#2664);
#2383=PLANE('',#2665);
#2384=PLANE('',#2669);
#2385=PLANE('',#2670);
#2386=PLANE('',#2671);
#2387=PLANE('',#2675);
#2388=PLANE('',#2676);
#2389=PLANE('',#2677);
#2390=PLANE('',#2678);
#2391=PLANE('',#2679);
#2392=PLANE('',#2680);
#2393=PLANE('',#2681);
#2394=PLANE('',#2682);
#2395=PLANE('',#2683);
#2396=PLANE('',#2684);
#2397=PLANE('',#2685);
#2398=PLANE('',#2686);
#2399=PLANE('',#2687);
#2400=PLANE('',#2688);
#2401=PLANE('',#2689);
#2402=PLANE('',#2690);
#2403=PLANE('',#2691);
#2404=PLANE('',#2692);
#2405=PLANE('',#2696);
#2406=PLANE('',#2697);
#2407=PLANE('',#2698);
#2408=PLANE('',#2702);
#2409=PLANE('',#2703);
#2410=ADVANCED_FACE('',(#108,#95,#96,#97,#98,#99,#100,#101,#102),#2278,
 .T.);
#2411=ADVANCED_FACE('',(#109),#2279,.F.);
#2412=ADVANCED_FACE('',(#110),#2280,.T.);
#2413=ADVANCED_FACE('',(#111),#2281,.T.);
#2414=ADVANCED_FACE('',(#112),#2282,.T.);
#2415=ADVANCED_FACE('',(#113,#103,#104),#2283,.T.);
#2416=ADVANCED_FACE('',(#114,#105),#2284,.T.);
#2417=ADVANCED_FACE('',(#115),#2285,.T.);
#2418=ADVANCED_FACE('',(#116),#2286,.F.);
#2419=ADVANCED_FACE('',(#117),#2287,.F.);
#2420=ADVANCED_FACE('',(#118),#2288,.F.);
#2421=ADVANCED_FACE('',(#119),#2289,.F.);
#2422=ADVANCED_FACE('',(#120),#2290,.F.);
#2423=ADVANCED_FACE('',(#121),#2291,.T.);
#2424=ADVANCED_FACE('',(#122),#2292,.T.);
#2425=ADVANCED_FACE('',(#123),#2293,.T.);
#2426=ADVANCED_FACE('',(#124),#2294,.T.);
#2427=ADVANCED_FACE('',(#125),#2295,.T.);
#2428=ADVANCED_FACE('',(#126),#2296,.T.);
#2429=ADVANCED_FACE('',(#127),#2297,.F.);
#2430=ADVANCED_FACE('',(#128),#2298,.T.);
#2431=ADVANCED_FACE('',(#129),#2299,.T.);
#2432=ADVANCED_FACE('',(#130),#2300,.T.);
#2433=ADVANCED_FACE('',(#131),#2301,.F.);
#2434=ADVANCED_FACE('',(#132),#2302,.T.);
#2435=ADVANCED_FACE('',(#133),#2303,.T.);
#2436=ADVANCED_FACE('',(#134),#2304,.T.);
#2437=ADVANCED_FACE('',(#135),#2305,.F.);
#2438=ADVANCED_FACE('',(#136),#2306,.F.);
#2439=ADVANCED_FACE('',(#137),#2307,.F.);
#2440=ADVANCED_FACE('',(#138),#2308,.F.);
#2441=ADVANCED_FACE('',(#139),#2309,.T.);
#2442=ADVANCED_FACE('',(#140),#2310,.F.);
#2443=ADVANCED_FACE('',(#141),#2311,.F.);
#2444=ADVANCED_FACE('',(#142),#2312,.F.);
#2445=ADVANCED_FACE('',(#143),#2313,.F.);
#2446=ADVANCED_FACE('',(#144),#2314,.F.);
#2447=ADVANCED_FACE('',(#145),#2315,.F.);
#2448=ADVANCED_FACE('',(#146,#106),#2316,.T.);
#2449=ADVANCED_FACE('',(#147),#2317,.F.);
#2450=ADVANCED_FACE('',(#148),#2318,.F.);
#2451=ADVANCED_FACE('',(#149),#2319,.F.);
#2452=ADVANCED_FACE('',(#150),#2320,.F.);
#2453=ADVANCED_FACE('',(#151,#107),#2321,.T.);
#2454=ADVANCED_FACE('',(#152),#2322,.T.);
#2455=ADVANCED_FACE('',(#153),#2323,.T.);
#2456=ADVANCED_FACE('',(#154),#2324,.T.);
#2457=ADVANCED_FACE('',(#155),#2325,.F.);
#2458=ADVANCED_FACE('',(#156),#2326,.T.);
#2459=ADVANCED_FACE('',(#157),#2327,.T.);
#2460=ADVANCED_FACE('',(#158),#2328,.T.);
#2461=ADVANCED_FACE('',(#159),#2329,.T.);
#2462=ADVANCED_FACE('',(#160),#2330,.F.);
#2463=ADVANCED_FACE('',(#161),#2331,.T.);
#2464=ADVANCED_FACE('',(#162),#2332,.F.);
#2465=ADVANCED_FACE('',(#163),#2333,.T.);
#2466=ADVANCED_FACE('',(#164),#2334,.F.);
#2467=ADVANCED_FACE('',(#165),#2335,.F.);
#2468=ADVANCED_FACE('',(#166),#2336,.F.);
#2469=ADVANCED_FACE('',(#167),#2337,.T.);
#2470=ADVANCED_FACE('',(#168),#2338,.F.);
#2471=ADVANCED_FACE('',(#169),#2339,.F.);
#2472=ADVANCED_FACE('',(#170),#2340,.F.);
#2473=ADVANCED_FACE('',(#171),#2341,.F.);
#2474=ADVANCED_FACE('',(#172),#2342,.F.);
#2475=ADVANCED_FACE('',(#173),#2343,.T.);
#2476=ADVANCED_FACE('',(#174),#2344,.F.);
#2477=ADVANCED_FACE('',(#175),#2345,.F.);
#2478=ADVANCED_FACE('',(#176),#2346,.F.);
#2479=ADVANCED_FACE('',(#177),#2347,.T.);
#2480=ADVANCED_FACE('',(#178),#2348,.F.);
#2481=ADVANCED_FACE('',(#179),#2349,.F.);
#2482=ADVANCED_FACE('',(#180),#2350,.F.);
#2483=ADVANCED_FACE('',(#181),#2351,.T.);
#2484=ADVANCED_FACE('',(#182),#2352,.F.);
#2485=ADVANCED_FACE('',(#183),#2353,.F.);
#2486=ADVANCED_FACE('',(#184),#2354,.F.);
#2487=ADVANCED_FACE('',(#185),#2355,.T.);
#2488=ADVANCED_FACE('',(#186),#2356,.F.);
#2489=ADVANCED_FACE('',(#187),#2357,.F.);
#2490=ADVANCED_FACE('',(#188),#2358,.F.);
#2491=ADVANCED_FACE('',(#189),#2359,.F.);
#2492=ADVANCED_FACE('',(#190),#2360,.F.);
#2493=ADVANCED_FACE('',(#191),#2361,.T.);
#2494=ADVANCED_FACE('',(#192),#2362,.F.);
#2495=ADVANCED_FACE('',(#193),#2363,.F.);
#2496=ADVANCED_FACE('',(#194),#2364,.F.);
#2497=ADVANCED_FACE('',(#195),#2365,.T.);
#2498=ADVANCED_FACE('',(#196),#2366,.F.);
#2499=ADVANCED_FACE('',(#197),#2367,.F.);
#2500=ADVANCED_FACE('',(#198),#2368,.T.);
#2501=ADVANCED_FACE('',(#199),#2369,.T.);
#2502=ADVANCED_FACE('',(#200),#2370,.T.);
#2503=ADVANCED_FACE('',(#201),#2371,.T.);
#2504=ADVANCED_FACE('',(#202),#2372,.F.);
#2505=ADVANCED_FACE('',(#203),#2373,.T.);
#2506=ADVANCED_FACE('',(#204),#2374,.T.);
#2507=ADVANCED_FACE('',(#205),#2375,.T.);
#2508=ADVANCED_FACE('',(#206),#2376,.T.);
#2509=ADVANCED_FACE('',(#207),#2377,.F.);
#2510=ADVANCED_FACE('',(#208),#2378,.T.);
#2511=ADVANCED_FACE('',(#209),#2379,.T.);
#2512=ADVANCED_FACE('',(#210),#2380,.T.);
#2513=ADVANCED_FACE('',(#211),#2381,.T.);
#2514=ADVANCED_FACE('',(#212),#2382,.T.);
#2515=ADVANCED_FACE('',(#213),#2383,.T.);
#2516=ADVANCED_FACE('',(#214),#22,.T.);
#2517=ADVANCED_FACE('',(#215),#2384,.T.);
#2518=ADVANCED_FACE('',(#216),#2385,.T.);
#2519=ADVANCED_FACE('',(#217),#2386,.T.);
#2520=ADVANCED_FACE('',(#218),#23,.F.);
#2521=ADVANCED_FACE('',(#219),#2387,.F.);
#2522=ADVANCED_FACE('',(#220),#2388,.T.);
#2523=ADVANCED_FACE('',(#221),#2389,.F.);
#2524=ADVANCED_FACE('',(#222),#2390,.F.);
#2525=ADVANCED_FACE('',(#223),#2391,.F.);
#2526=ADVANCED_FACE('',(#224),#2392,.F.);
#2527=ADVANCED_FACE('',(#225),#2393,.T.);
#2528=ADVANCED_FACE('',(#226),#2394,.F.);
#2529=ADVANCED_FACE('',(#227),#2395,.F.);
#2530=ADVANCED_FACE('',(#228),#2396,.F.);
#2531=ADVANCED_FACE('',(#229),#2397,.F.);
#2532=ADVANCED_FACE('',(#230),#2398,.T.);
#2533=ADVANCED_FACE('',(#231),#2399,.F.);
#2534=ADVANCED_FACE('',(#232),#2400,.F.);
#2535=ADVANCED_FACE('',(#233),#2401,.F.);
#2536=ADVANCED_FACE('',(#234),#2402,.F.);
#2537=ADVANCED_FACE('',(#235),#2403,.F.);
#2538=ADVANCED_FACE('',(#236),#2404,.F.);
#2539=ADVANCED_FACE('',(#237),#24,.T.);
#2540=ADVANCED_FACE('',(#238),#2405,.F.);
#2541=ADVANCED_FACE('',(#239),#2406,.F.);
#2542=ADVANCED_FACE('',(#240),#2407,.F.);
#2543=ADVANCED_FACE('',(#241),#25,.F.);
#2544=ADVANCED_FACE('',(#242),#2408,.T.);
#2545=ADVANCED_FACE('',(#243),#2409,.F.);
#2546=CLOSED_SHELL('',(#2410,#2411,#2412,#2413,#2414,#2415,#2416,#2417,
#2418,#2419,#2420,#2421,#2422,#2423,#2424,#2425,#2426,#2427,#2428,#2429,
#2430,#2431,#2432,#2433,#2434,#2435,#2436,#2437,#2438,#2439,#2440,#2441,
#2442,#2443,#2444,#2445,#2446,#2447,#2448,#2449,#2450,#2451,#2452,#2453,
#2454,#2455,#2456,#2457,#2458,#2459,#2460,#2461,#2462,#2463,#2464,#2465,
#2466,#2467,#2468,#2469,#2470,#2471,#2472,#2473,#2474,#2475,#2476,#2477,
#2478,#2479,#2480,#2481,#2482,#2483,#2484,#2485,#2486,#2487,#2488,#2489,
#2490,#2491,#2492,#2493,#2494,#2495,#2496,#2497,#2498,#2499,#2500,#2501,
#2502,#2503,#2504,#2505,#2506,#2507,#2508,#2509,#2510,#2511,#2512,#2513,
#2514,#2515,#2516,#2517,#2518,#2519,#2520,#2521,#2522,#2523,#2524,#2525,
#2526,#2527,#2528,#2529,#2530,#2531,#2532,#2533,#2534,#2535,#2536,#2537,
#2538,#2539,#2540,#2541,#2542,#2543,#2544,#2545));
#2547=DERIVED_UNIT_ELEMENT(#2549,1.);
#2548=DERIVED_UNIT_ELEMENT(#4018,-3.);
#2549=(
MASS_UNIT()
NAMED_UNIT(*)
SI_UNIT(.KILO.,.GRAM.)
);
#2550=DERIVED_UNIT((#2547,#2548));
#2551=MEASURE_REPRESENTATION_ITEM('density measure',
POSITIVE_RATIO_MEASURE(7850.),#2550);
#2552=PROPERTY_DEFINITION_REPRESENTATION(#2557,#2554);
#2553=PROPERTY_DEFINITION_REPRESENTATION(#2558,#2555);
#2554=REPRESENTATION('material name',(#2556),#4015);
#2555=REPRESENTATION('density',(#2551),#4015);
#2556=DESCRIPTIVE_REPRESENTATION_ITEM('Stahl','Stahl');
#2557=PROPERTY_DEFINITION('material property','material name',#4025);
#2558=PROPERTY_DEFINITION('material property','density of part',#4025);
#2559=AXIS2_PLACEMENT_3D('',#3323,#2704,#2705);
#2560=AXIS2_PLACEMENT_3D('',#3324,#2706,#2707);
#2561=AXIS2_PLACEMENT_3D('',#3425,#2758,#2759);
#2562=AXIS2_PLACEMENT_3D('',#3436,#2766,#2767);
#2563=AXIS2_PLACEMENT_3D('',#3445,#2772,#2773);
#2564=AXIS2_PLACEMENT_3D('',#3454,#2778,#2779);
#2565=AXIS2_PLACEMENT_3D('',#3465,#2786,#2787);
#2566=AXIS2_PLACEMENT_3D('',#3491,#2802,#2803);
#2567=AXIS2_PLACEMENT_3D('',#3503,#2810,#2811);
#2568=AXIS2_PLACEMENT_3D('',#3515,#2818,#2819);
#2569=AXIS2_PLACEMENT_3D('',#3522,#2824,#2825);
#2570=AXIS2_PLACEMENT_3D('',#3528,#2829,#2830);
#2571=AXIS2_PLACEMENT_3D('',#3534,#2834,#2835);
#2572=AXIS2_PLACEMENT_3D('',#3537,#2838,#2839);
#2573=AXIS2_PLACEMENT_3D('',#3538,#2840,#2841);
#2574=AXIS2_PLACEMENT_3D('',#3539,#2842,#2843);
#2575=AXIS2_PLACEMENT_3D('',#3542,#2846,#2847);
#2576=AXIS2_PLACEMENT_3D('',#3544,#2849,#2850);
#2577=AXIS2_PLACEMENT_3D('',#3550,#2854,#2855);
#2578=AXIS2_PLACEMENT_3D('',#3553,#2858,#2859);
#2579=AXIS2_PLACEMENT_3D('',#3554,#2860,#2861);
#2580=AXIS2_PLACEMENT_3D('',#3555,#2862,#2863);
#2581=AXIS2_PLACEMENT_3D('',#3561,#2867,#2868);
#2582=AXIS2_PLACEMENT_3D('',#3564,#2871,#2872);
#2583=AXIS2_PLACEMENT_3D('',#3565,#2873,#2874);
#2584=AXIS2_PLACEMENT_3D('',#3566,#2875,#2876);
#2585=AXIS2_PLACEMENT_3D('',#3572,#2880,#2881);
#2586=AXIS2_PLACEMENT_3D('',#3574,#2883,#2884);
#2587=AXIS2_PLACEMENT_3D('',#3576,#2886,#2887);
#2588=AXIS2_PLACEMENT_3D('',#3577,#2888,#2889);
#2589=AXIS2_PLACEMENT_3D('',#3581,#2892,#2893);
#2590=AXIS2_PLACEMENT_3D('',#3585,#2896,#2897);
#2591=AXIS2_PLACEMENT_3D('',#3588,#2900,#2901);
#2592=AXIS2_PLACEMENT_3D('',#3589,#2902,#2903);
#2593=AXIS2_PLACEMENT_3D('',#3595,#2907,#2908);
#2594=AXIS2_PLACEMENT_3D('',#3601,#2912,#2913);
#2595=AXIS2_PLACEMENT_3D('',#3605,#2916,#2917);
#2596=AXIS2_PLACEMENT_3D('',#3609,#2920,#2921);
#2597=AXIS2_PLACEMENT_3D('',#3613,#2924,#2925);
#2598=AXIS2_PLACEMENT_3D('',#3615,#2927,#2928);
#2599=AXIS2_PLACEMENT_3D('',#3624,#2933,#2934);
#2600=AXIS2_PLACEMENT_3D('',#3630,#2938,#2939);
#2601=AXIS2_PLACEMENT_3D('',#3634,#2942,#2943);
#2602=AXIS2_PLACEMENT_3D('',#3638,#2946,#2947);
#2603=AXIS2_PLACEMENT_3D('',#3640,#2949,#2950);
#2604=AXIS2_PLACEMENT_3D('',#3649,#2955,#2956);
#2605=AXIS2_PLACEMENT_3D('',#3655,#2960,#2961);
#2606=AXIS2_PLACEMENT_3D('',#3661,#2965,#2966);
#2607=AXIS2_PLACEMENT_3D('',#3664,#2969,#2970);
#2608=AXIS2_PLACEMENT_3D('',#3665,#2971,#2972);
#2609=AXIS2_PLACEMENT_3D('',#3666,#2973,#2974);
#2610=AXIS2_PLACEMENT_3D('',#3672,#2978,#2979);
#2611=AXIS2_PLACEMENT_3D('',#3678,#2983,#2984);
#2612=AXIS2_PLACEMENT_3D('',#3681,#2987,#2988);
#2613=AXIS2_PLACEMENT_3D('',#3682,#2989,#2990);
#2614=AXIS2_PLACEMENT_3D('',#3683,#2991,#2992);
#2615=AXIS2_PLACEMENT_3D('',#3692,#2997,#2998);
#2616=AXIS2_PLACEMENT_3D('',#3698,#3002,#3003);
#2617=AXIS2_PLACEMENT_3D('',#3704,#3007,#3008);
#2618=AXIS2_PLACEMENT_3D('',#3706,#3010,#3011);
#2619=AXIS2_PLACEMENT_3D('',#3708,#3013,#3014);
#2620=AXIS2_PLACEMENT_3D('',#3714,#3018,#3019);
#2621=AXIS2_PLACEMENT_3D('',#3720,#3023,#3024);
#2622=AXIS2_PLACEMENT_3D('',#3722,#3026,#3027);
#2623=AXIS2_PLACEMENT_3D('',#3731,#3032,#3033);
#2624=AXIS2_PLACEMENT_3D('',#3733,#3035,#3036);
#2625=AXIS2_PLACEMENT_3D('',#3736,#3039,#3040);
#2626=AXIS2_PLACEMENT_3D('',#3738,#3042,#3043);
#2627=AXIS2_PLACEMENT_3D('',#3740,#3045,#3046);
#2628=AXIS2_PLACEMENT_3D('',#3741,#3047,#3048);
#2629=AXIS2_PLACEMENT_3D('',#3744,#3051,#3052);
#2630=AXIS2_PLACEMENT_3D('',#3746,#3054,#3055);
#2631=AXIS2_PLACEMENT_3D('',#3748,#3057,#3058);
#2632=AXIS2_PLACEMENT_3D('',#3749,#3059,#3060);
#2633=AXIS2_PLACEMENT_3D('',#3758,#3065,#3066);
#2634=AXIS2_PLACEMENT_3D('',#3764,#3070,#3071);
#2635=AXIS2_PLACEMENT_3D('',#3770,#3075,#3076);
#2636=AXIS2_PLACEMENT_3D('',#3772,#3078,#3079);
#2637=AXIS2_PLACEMENT_3D('',#3774,#3081,#3082);
#2638=AXIS2_PLACEMENT_3D('',#3780,#3086,#3087);
#2639=AXIS2_PLACEMENT_3D('',#3786,#3091,#3092);
#2640=AXIS2_PLACEMENT_3D('',#3788,#3094,#3095);
#2641=AXIS2_PLACEMENT_3D('',#3797,#3100,#3101);
#2642=AXIS2_PLACEMENT_3D('',#3799,#3103,#3104);
#2643=AXIS2_PLACEMENT_3D('',#3802,#3107,#3108);
#2644=AXIS2_PLACEMENT_3D('',#3804,#3110,#3111);
#2645=AXIS2_PLACEMENT_3D('',#3806,#3113,#3114);
#2646=AXIS2_PLACEMENT_3D('',#3807,#3115,#3116);
#2647=AXIS2_PLACEMENT_3D('',#3810,#3119,#3120);
#2648=AXIS2_PLACEMENT_3D('',#3812,#3122,#3123);
#2649=AXIS2_PLACEMENT_3D('',#3814,#3125,#3126);
#2650=AXIS2_PLACEMENT_3D('',#3815,#3127,#3128);
#2651=AXIS2_PLACEMENT_3D('',#3824,#3133,#3134);
#2652=AXIS2_PLACEMENT_3D('',#3830,#3138,#3139);
#2653=AXIS2_PLACEMENT_3D('',#3836,#3143,#3144);
#2654=AXIS2_PLACEMENT_3D('',#3842,#3148,#3149);
#2655=AXIS2_PLACEMENT_3D('',#3845,#3152,#3153);
#2656=AXIS2_PLACEMENT_3D('',#3848,#3156,#3157);
#2657=AXIS2_PLACEMENT_3D('',#3849,#3158,#3159);
#2658=AXIS2_PLACEMENT_3D('',#3850,#3160,#3161);
#2659=AXIS2_PLACEMENT_3D('',#3862,#3168,#3169);
#2660=AXIS2_PLACEMENT_3D('',#3874,#3176,#3177);
#2661=AXIS2_PLACEMENT_3D('',#3877,#3180,#3181);
#2662=AXIS2_PLACEMENT_3D('',#3879,#3183,#3184);
#2663=AXIS2_PLACEMENT_3D('',#3881,#3186,#3187);
#2664=AXIS2_PLACEMENT_3D('',#3883,#3189,#3190);
#2665=AXIS2_PLACEMENT_3D('',#3884,#3191,#3192);
#2666=AXIS2_PLACEMENT_3D('',#3885,#3193,#3194);
#2667=AXIS2_PLACEMENT_3D('',#3887,#3195,#3196);
#2668=AXIS2_PLACEMENT_3D('',#3889,#3197,#3198);
#2669=AXIS2_PLACEMENT_3D('',#3891,#3200,#3201);
#2670=AXIS2_PLACEMENT_3D('',#3897,#3205,#3206);
#2671=AXIS2_PLACEMENT_3D('',#3903,#3210,#3211);
#2672=AXIS2_PLACEMENT_3D('',#3909,#3215,#3216);
#2673=AXIS2_PLACEMENT_3D('',#3910,#3217,#3218);
#2674=AXIS2_PLACEMENT_3D('',#3911,#3219,#3220);
#2675=AXIS2_PLACEMENT_3D('',#3912,#3221,#3222);
#2676=AXIS2_PLACEMENT_3D('',#3913,#3223,#3224);
#2677=AXIS2_PLACEMENT_3D('',#3914,#3225,#3226);
#2678=AXIS2_PLACEMENT_3D('',#3923,#3231,#3232);
#2679=AXIS2_PLACEMENT_3D('',#3929,#3236,#3237);
#2680=AXIS2_PLACEMENT_3D('',#3935,#3241,#3242);
#2681=AXIS2_PLACEMENT_3D('',#3941,#3246,#3247);
#2682=AXIS2_PLACEMENT_3D('',#3944,#3250,#3251);
#2683=AXIS2_PLACEMENT_3D('',#3947,#3254,#3255);
#2684=AXIS2_PLACEMENT_3D('',#3948,#3256,#3257);
#2685=AXIS2_PLACEMENT_3D('',#3949,#3258,#3259);
#2686=AXIS2_PLACEMENT_3D('',#3961,#3266,#3267);
#2687=AXIS2_PLACEMENT_3D('',#3973,#3274,#3275);
#2688=AXIS2_PLACEMENT_3D('',#3976,#3278,#3279);
#2689=AXIS2_PLACEMENT_3D('',#3978,#3281,#3282);
#2690=AXIS2_PLACEMENT_3D('',#3980,#3284,#3285);
#2691=AXIS2_PLACEMENT_3D('',#3982,#3287,#3288);
#2692=AXIS2_PLACEMENT_3D('',#3983,#3289,#3290);
#2693=AXIS2_PLACEMENT_3D('',#3984,#3291,#3292);
#2694=AXIS2_PLACEMENT_3D('',#3986,#3293,#3294);
#2695=AXIS2_PLACEMENT_3D('',#3989,#3296,#3297);
#2696=AXIS2_PLACEMENT_3D('',#3990,#3298,#3299);
#2697=AXIS2_PLACEMENT_3D('',#3996,#3303,#3304);
#2698=AXIS2_PLACEMENT_3D('',#4002,#3308,#3309);
#2699=AXIS2_PLACEMENT_3D('',#4008,#3313,#3314);
#2700=AXIS2_PLACEMENT_3D('',#4009,#3315,#3316);
#2701=AXIS2_PLACEMENT_3D('',#4010,#3317,#3318);
#2702=AXIS2_PLACEMENT_3D('',#4011,#3319,#3320);
#2703=AXIS2_PLACEMENT_3D('',#4012,#3321,#3322);
#2704=DIRECTION('axis',(0.,0.,1.));
#2705=DIRECTION('refdir',(1.,0.,0.));
#2706=DIRECTION('center_axis',(0.,0.,-1.));
#2707=DIRECTION('ref_axis',(0.,-1.,0.));
#2708=DIRECTION('',(1.,0.,0.));
#2709=DIRECTION('',(0.,1.,0.));
#2710=DIRECTION('',(0.,1.,0.));
#2711=DIRECTION('',(-0.707106781186544,0.707106781186551,0.));
#2712=DIRECTION('',(1.,0.,0.));
#2713=DIRECTION('',(0.707106781186546,0.707106781186549,0.));
#2714=DIRECTION('',(0.,1.,0.));
#2715=DIRECTION('',(0.,-1.,0.));
#2716=DIRECTION('',(-1.,0.,0.));
#2717=DIRECTION('',(0.,1.,0.));
#2718=DIRECTION('',(-1.,0.,0.));
#2719=DIRECTION('',(0.,-1.,0.));
#2720=DIRECTION('',(-0.642787609686539,-0.766044443118978,0.));
#2721=DIRECTION('',(1.,0.,0.));
#2722=DIRECTION('',(-0.642787609686539,0.766044443118978,0.));
#2723=DIRECTION('',(0.,1.,0.));
#2724=DIRECTION('',(1.,0.,0.));
#2725=DIRECTION('',(0.,1.,0.));
#2726=DIRECTION('',(0.,1.,0.));
#2727=DIRECTION('',(-1.,0.,0.));
#2728=DIRECTION('',(0.,1.,0.));
#2729=DIRECTION('',(1.,0.,0.));
#2730=DIRECTION('',(0.,1.,0.));
#2731=DIRECTION('',(-1.,0.,0.));
#2732=DIRECTION('',(0.,1.,0.));
#2733=DIRECTION('',(1.,0.,0.));
#2734=DIRECTION('',(0.,-1.,0.));
#2735=DIRECTION('',(-1.,0.,0.));
#2736=DIRECTION('',(0.,-1.,0.));
#2737=DIRECTION('',(1.,0.,0.));
#2738=DIRECTION('',(0.,-1.,0.));
#2739=DIRECTION('',(-1.,0.,0.));
#2740=DIRECTION('',(0.,-1.,0.));
#2741=DIRECTION('',(1.,0.,0.));
#2742=DIRECTION('',(1.,0.,-9.95799250102961E-17));
#2743=DIRECTION('',(0.,1.,0.));
#2744=DIRECTION('',(1.,0.,-9.95799250102961E-17));
#2745=DIRECTION('',(0.,1.,0.));
#2746=DIRECTION('',(1.,0.,9.95799250102961E-17));
#2747=DIRECTION('',(0.,1.,0.));
#2748=DIRECTION('',(1.,0.,9.95799250102961E-17));
#2749=DIRECTION('',(0.,1.,0.));
#2750=DIRECTION('',(1.,0.,0.));
#2751=DIRECTION('',(0.,1.,0.));
#2752=DIRECTION('',(-1.,0.,0.));
#2753=DIRECTION('',(0.,1.,0.));
#2754=DIRECTION('',(1.,0.,0.));
#2755=DIRECTION('',(0.,1.,0.));
#2756=DIRECTION('',(-1.,0.,0.));
#2757=DIRECTION('',(0.,1.,0.));
#2758=DIRECTION('center_axis',(-0.478852130680572,0.,0.877895572914385));
#2759=DIRECTION('ref_axis',(0.,1.,0.));
#2760=DIRECTION('',(0.,-1.,0.));
#2761=DIRECTION('',(-0.877895572914385,0.,-0.478852130680572));
#2762=DIRECTION('',(-0.877895572914385,0.,-0.478852130680572));
#2763=DIRECTION('',(0.,1.,0.));
#2764=DIRECTION('',(0.60658472488997,0.722899525100392,0.330864395394528));
#2765=DIRECTION('',(-0.877895572914385,0.,-0.478852130680572));
#2766=DIRECTION('center_axis',(-0.766044443118978,-0.642787609686539,0.));
#2767=DIRECTION('ref_axis',(-0.642787609686539,0.766044443118978,0.));
#2768=DIRECTION('',(0.,0.,-1.));
#2769=DIRECTION('',(0.64278760968654,-0.766044443118978,0.));
#2770=DIRECTION('',(0.,0.,-1.));
#2771=DIRECTION('',(-0.64278760968654,0.766044443118978,-4.33312988312276E-16));
#2772=DIRECTION('center_axis',(0.766044443118978,-0.642787609686539,0.));
#2773=DIRECTION('ref_axis',(0.,0.,-1.));
#2774=DIRECTION('',(0.,0.,-1.));
#2775=DIRECTION('',(0.64278760968654,0.766044443118978,0.));
#2776=DIRECTION('',(0.,0.,-1.));
#2777=DIRECTION('',(-0.64278760968654,-0.766044443118978,-4.33312988312276E-16));
#2778=DIRECTION('center_axis',(1.,0.,0.));
#2779=DIRECTION('ref_axis',(0.,1.,0.));
#2780=DIRECTION('',(0.,0.,-1.));
#2781=DIRECTION('',(0.,0.,-1.));
#2782=DIRECTION('',(0.,-1.,0.));
#2783=DIRECTION('',(0.,0.,1.));
#2784=DIRECTION('',(0.,-1.,0.));
#2785=DIRECTION('',(0.,0.,-1.));
#2786=DIRECTION('center_axis',(0.,-1.,0.));
#2787=DIRECTION('ref_axis',(0.,0.,-1.));
#2788=DIRECTION('',(-1.,0.,-6.74115340405495E-16));
#2789=DIRECTION('',(0.,0.,-1.));
#2790=DIRECTION('',(0.,0.,-1.));
#2791=DIRECTION('',(0.,0.,-1.));
#2792=DIRECTION('',(0.,0.,-1.));
#2793=DIRECTION('',(6.82961998416066E-16,0.,-1.));
#2794=DIRECTION('',(-1.,0.,-1.70740499604017E-16));
#2795=DIRECTION('',(0.,0.,1.));
#2796=DIRECTION('',(1.,0.,1.70740499604017E-16));
#2797=DIRECTION('',(0.,0.,-1.));
#2798=DIRECTION('',(-1.,0.,-1.70740499604017E-16));
#2799=DIRECTION('',(0.,0.,1.));
#2800=DIRECTION('',(1.,0.,-4.01556360179816E-16));
#2801=DIRECTION('',(0.707106781186547,0.,-0.707106781186547));
#2802=DIRECTION('center_axis',(-6.74115340405495E-16,0.,1.));
#2803=DIRECTION('ref_axis',(1.,0.,6.74115340405495E-16));
#2804=DIRECTION('',(-1.,0.,-6.74115340405495E-16));
#2805=DIRECTION('',(0.,-1.,0.));
#2806=DIRECTION('',(-1.,0.,0.));
#2807=DIRECTION('',(0.,1.,3.77896192899512E-15));
#2808=DIRECTION('',(-1.,0.,0.));
#2809=DIRECTION('',(0.,1.,3.77896192899512E-15));
#2810=DIRECTION('center_axis',(-1.,0.,0.));
#2811=DIRECTION('ref_axis',(0.,0.,1.));
#2812=DIRECTION('',(0.,0.,-1.));
#2813=DIRECTION('',(0.,-1.,0.));
#2814=DIRECTION('',(0.,0.,-1.));
#2815=DIRECTION('',(0.,0.,-1.));
#2816=DIRECTION('',(0.,0.,-1.));
#2817=DIRECTION('',(0.,-1.,0.));
#2818=DIRECTION('center_axis',(0.,-1.,0.));
#2819=DIRECTION('ref_axis',(0.,0.,-1.));
#2820=DIRECTION('',(1.,0.,0.));
#2821=DIRECTION('',(0.,0.,-1.));
#2822=DIRECTION('',(0.,0.,-1.));
#2823=DIRECTION('',(-1.,0.,0.));
#2824=DIRECTION('center_axis',(0.,0.585846996418766,-0.810421678379293));
#2825=DIRECTION('ref_axis',(-1.,0.,0.));
#2826=DIRECTION('',(0.,-0.810421678379293,-0.585846996418766));
#2827=DIRECTION('',(0.,-0.810421678379293,-0.585846996418766));
#2828=DIRECTION('',(-1.,0.,0.));
#2829=DIRECTION('center_axis',(0.,-1.,-7.22801448323675E-16));
#2830=DIRECTION('ref_axis',(0.,7.22801448323675E-16,-1.));
#2831=DIRECTION('',(0.,-7.22801448323674E-16,1.));
#2832=DIRECTION('',(-1.,0.,0.));
#2833=DIRECTION('',(0.,-7.22801448323674E-16,1.));
#2834=DIRECTION('center_axis',(0.,1.15648231731787E-15,-1.));
#2835=DIRECTION('ref_axis',(-1.,0.,0.));
#2836=DIRECTION('',(0.,-1.,-1.15648231731787E-15));
#2837=DIRECTION('',(0.,-1.,-1.15648231731787E-15));
#2838=DIRECTION('center_axis',(-1.,0.,0.));
#2839=DIRECTION('ref_axis',(0.,0.,1.));
#2840=DIRECTION('center_axis',(-1.,0.,0.));
#2841=DIRECTION('ref_axis',(0.,0.,1.));
#2842=DIRECTION('center_axis',(-0.766044443118978,-0.642787609686539,0.));
#2843=DIRECTION('ref_axis',(-0.642787609686539,0.766044443118978,0.));
#2844=DIRECTION('',(0.60658472488997,-0.722899525100392,-0.330864395394529));
#2845=DIRECTION('',(0.64278760968654,-0.766044443118978,0.));
#2846=DIRECTION('center_axis',(0.766044443118978,-0.642787609686539,0.));
#2847=DIRECTION('ref_axis',(0.,0.,-1.));
#2848=DIRECTION('',(0.64278760968654,0.766044443118978,0.));
#2849=DIRECTION('center_axis',(1.,0.,0.));
#2850=DIRECTION('ref_axis',(0.,1.,0.));
#2851=DIRECTION('',(0.,1.,0.));
#2852=DIRECTION('',(0.,0.,1.));
#2853=DIRECTION('',(0.,1.,0.));
#2854=DIRECTION('center_axis',(-1.54886024640786E-16,-1.,0.));
#2855=DIRECTION('ref_axis',(-1.,1.54886024640786E-16,0.));
#2856=DIRECTION('',(1.,-1.54886024640786E-16,0.));
#2857=DIRECTION('',(1.,-1.54886024640786E-16,0.));
#2858=DIRECTION('center_axis',(0.,0.,-1.));
#2859=DIRECTION('ref_axis',(0.,-1.,0.));
#2860=DIRECTION('center_axis',(0.,0.,-1.));
#2861=DIRECTION('ref_axis',(0.,-1.,0.));
#2862=DIRECTION('center_axis',(-1.,0.,0.));
#2863=DIRECTION('ref_axis',(0.,0.,1.));
#2864=DIRECTION('',(0.,-1.,0.));
#2865=DIRECTION('',(0.,-1.,0.));
#2866=DIRECTION('',(0.,0.,1.));
#2867=DIRECTION('center_axis',(1.54886024640786E-16,-1.,0.));
#2868=DIRECTION('ref_axis',(0.,0.,-1.));
#2869=DIRECTION('',(1.,1.54886024640786E-16,0.));
#2870=DIRECTION('',(1.,1.54886024640786E-16,0.));
#2871=DIRECTION('center_axis',(0.,0.,-1.));
#2872=DIRECTION('ref_axis',(0.,-1.,0.));
#2873=DIRECTION('center_axis',(0.,0.,-1.));
#2874=DIRECTION('ref_axis',(0.,-1.,0.));
#2875=DIRECTION('center_axis',(-1.,0.,0.));
#2876=DIRECTION('ref_axis',(0.,0.,1.));
#2877=DIRECTION('',(0.,0.,-1.));
#2878=DIRECTION('',(0.,1.,0.));
#2879=DIRECTION('',(0.,0.,-1.));
#2880=DIRECTION('center_axis',(0.,-1.,0.));
#2881=DIRECTION('ref_axis',(0.,0.,-1.));
#2882=DIRECTION('',(-1.,0.,0.));
#2883=DIRECTION('center_axis',(-0.707106781186549,0.707106781186546,0.));
#2884=DIRECTION('ref_axis',(0.,0.,1.));
#2885=DIRECTION('',(0.707106781186546,0.707106781186549,0.));
#2886=DIRECTION('center_axis',(0.,0.,1.));
#2887=DIRECTION('ref_axis',(1.,0.,0.));
#2888=DIRECTION('center_axis',(-0.707106781186551,-0.707106781186544,0.));
#2889=DIRECTION('ref_axis',(-0.707106781186544,0.707106781186551,0.));
#2890=DIRECTION('',(0.,0.,-1.));
#2891=DIRECTION('',(-0.707106781186544,0.707106781186551,0.));
#2892=DIRECTION('center_axis',(-1.,0.,0.));
#2893=DIRECTION('ref_axis',(0.,0.,1.));
#2894=DIRECTION('',(0.,0.,-1.));
#2895=DIRECTION('',(0.,1.,0.));
#2896=DIRECTION('center_axis',(0.,1.,0.));
#2897=DIRECTION('ref_axis',(1.,0.,0.));
#2898=DIRECTION('',(-0.877895572914385,0.,0.478852130680573));
#2899=DIRECTION('',(1.,0.,0.));
#2900=DIRECTION('center_axis',(0.,0.,-1.));
#2901=DIRECTION('ref_axis',(0.,-1.,0.));
#2902=DIRECTION('center_axis',(0.478852130680573,0.,0.877895572914385));
#2903=DIRECTION('ref_axis',(0.,-1.,0.));
#2904=DIRECTION('',(0.877895572914385,0.,-0.478852130680573));
#2905=DIRECTION('',(0.,-1.,0.));
#2906=DIRECTION('',(0.877895572914385,0.,-0.478852130680573));
#2907=DIRECTION('center_axis',(-1.,0.,0.));
#2908=DIRECTION('ref_axis',(0.,0.,1.));
#2909=DIRECTION('',(0.,1.,0.));
#2910=DIRECTION('',(0.,0.,1.));
#2911=DIRECTION('',(0.,1.,0.));
#2912=DIRECTION('center_axis',(-0.707106781186548,0.,-0.707106781186548));
#2913=DIRECTION('ref_axis',(-0.707106781186548,0.,0.707106781186548));
#2914=DIRECTION('',(0.,1.,0.));
#2915=DIRECTION('',(-0.707106781186547,0.,0.707106781186547));
#2916=DIRECTION('center_axis',(-4.01556360179816E-16,0.,-1.));
#2917=DIRECTION('ref_axis',(-1.,0.,4.01556360179816E-16));
#2918=DIRECTION('',(0.,1.,0.));
#2919=DIRECTION('',(-1.,0.,4.01556360179816E-16));
#2920=DIRECTION('center_axis',(1.,0.,0.));
#2921=DIRECTION('ref_axis',(0.,1.,0.));
#2922=DIRECTION('',(0.,1.,0.));
#2923=DIRECTION('',(0.,0.,-1.));
#2924=DIRECTION('center_axis',(-1.70740499604017E-16,0.,1.));
#2925=DIRECTION('ref_axis',(1.,0.,1.70740499604017E-16));
#2926=DIRECTION('',(1.,0.,1.70740499604017E-16));
#2927=DIRECTION('center_axis',(0.,-1.,0.));
#2928=DIRECTION('ref_axis',(0.,0.,-1.));
#2929=DIRECTION('',(0.,0.,1.));
#2930=DIRECTION('',(-1.,0.,0.));
#2931=DIRECTION('',(0.,0.,1.));
#2932=DIRECTION('',(1.,0.,0.));
#2933=DIRECTION('center_axis',(-1.,0.,-6.82961998416066E-16));
#2934=DIRECTION('ref_axis',(-6.82961998416066E-16,0.,1.));
#2935=DIRECTION('',(0.,1.,0.));
#2936=DIRECTION('',(-6.82961998416066E-16,0.,1.));
#2937=DIRECTION('',(0.,1.,0.));
#2938=DIRECTION('center_axis',(1.70740499604017E-16,0.,-1.));
#2939=DIRECTION('ref_axis',(0.,-1.,0.));
#2940=DIRECTION('',(0.,1.,0.));
#2941=DIRECTION('',(-1.,0.,-1.70740499604017E-16));
#2942=DIRECTION('center_axis',(1.,0.,0.));
#2943=DIRECTION('ref_axis',(0.,1.,0.));
#2944=DIRECTION('',(0.,1.,0.));
#2945=DIRECTION('',(0.,0.,-1.));
#2946=DIRECTION('center_axis',(-1.70740499604017E-16,0.,1.));
#2947=DIRECTION('ref_axis',(1.,0.,1.70740499604017E-16));
#2948=DIRECTION('',(1.,0.,1.70740499604017E-16));
#2949=DIRECTION('center_axis',(0.,-1.,0.));
#2950=DIRECTION('ref_axis',(0.,0.,-1.));
#2951=DIRECTION('',(0.,0.,1.));
#2952=DIRECTION('',(-1.,0.,0.));
#2953=DIRECTION('',(0.,0.,1.));
#2954=DIRECTION('',(1.,0.,0.));
#2955=DIRECTION('center_axis',(-1.,0.,0.));
#2956=DIRECTION('ref_axis',(0.,0.,1.));
#2957=DIRECTION('',(0.,0.,1.));
#2958=DIRECTION('',(0.,0.,1.));
#2959=DIRECTION('',(0.,1.,0.));
#2960=DIRECTION('center_axis',(2.16840434497101E-16,0.,-1.));
#2961=DIRECTION('ref_axis',(0.,-1.,0.));
#2962=DIRECTION('',(-1.,0.,-2.16840434497101E-16));
#2963=DIRECTION('',(-1.,0.,-2.16840434497101E-16));
#2964=DIRECTION('',(0.,1.,0.));
#2965=DIRECTION('center_axis',(1.,0.,0.));
#2966=DIRECTION('ref_axis',(0.,1.,0.));
#2967=DIRECTION('',(0.,0.,-1.));
#2968=DIRECTION('',(0.,0.,-1.));
#2969=DIRECTION('center_axis',(0.,-1.,0.));
#2970=DIRECTION('ref_axis',(0.,0.,-1.));
#2971=DIRECTION('center_axis',(0.,-1.,0.));
#2972=DIRECTION('ref_axis',(0.,0.,-1.));
#2973=DIRECTION('center_axis',(-1.,0.,0.));
#2974=DIRECTION('ref_axis',(0.,0.,1.));
#2975=DIRECTION('',(0.,0.,1.));
#2976=DIRECTION('',(0.,0.,1.));
#2977=DIRECTION('',(0.,1.,0.));
#2978=DIRECTION('center_axis',(-2.16840434497101E-16,0.,-1.));
#2979=DIRECTION('ref_axis',(-1.,0.,2.16840434497101E-16));
#2980=DIRECTION('',(-1.,0.,2.16840434497101E-16));
#2981=DIRECTION('',(-1.,0.,2.16840434497101E-16));
#2982=DIRECTION('',(0.,1.,0.));
#2983=DIRECTION('center_axis',(1.,0.,0.));
#2984=DIRECTION('ref_axis',(0.,1.,0.));
#2985=DIRECTION('',(0.,0.,-1.));
#2986=DIRECTION('',(0.,0.,-1.));
#2987=DIRECTION('center_axis',(0.,-1.,0.));
#2988=DIRECTION('ref_axis',(0.,0.,-1.));
#2989=DIRECTION('center_axis',(0.,-1.,0.));
#2990=DIRECTION('ref_axis',(0.,0.,-1.));
#2991=DIRECTION('center_axis',(0.,1.,0.));
#2992=DIRECTION('ref_axis',(1.,0.,0.));
#2993=DIRECTION('',(0.,0.,1.));
#2994=DIRECTION('',(-1.,0.,0.));
#2995=DIRECTION('',(0.,0.,-1.));
#2996=DIRECTION('',(1.,0.,0.));
#2997=DIRECTION('center_axis',(1.,0.,0.));
#2998=DIRECTION('ref_axis',(0.,1.,0.));
#2999=DIRECTION('',(0.,-1.,0.));
#3000=DIRECTION('',(0.,0.,-1.));
#3001=DIRECTION('',(0.,1.,-7.04027384730847E-17));
#3002=DIRECTION('center_axis',(1.,0.,0.));
#3003=DIRECTION('ref_axis',(0.,1.,0.));
#3004=DIRECTION('',(0.,1.,-7.04027384730847E-17));
#3005=DIRECTION('',(0.,0.,1.));
#3006=DIRECTION('',(0.,-1.,0.));
#3007=DIRECTION('center_axis',(0.,0.,-1.));
#3008=DIRECTION('ref_axis',(0.,-1.,0.));
#3009=DIRECTION('',(1.,0.,0.));
#3010=DIRECTION('center_axis',(0.,7.04027384730847E-17,1.));
#3011=DIRECTION('ref_axis',(0.,-1.,7.04027384730847E-17));
#3012=DIRECTION('',(-1.,0.,0.));
#3013=DIRECTION('center_axis',(1.,0.,0.));
#3014=DIRECTION('ref_axis',(0.,1.,0.));
#3015=DIRECTION('',(0.,0.,-1.));
#3016=DIRECTION('',(0.,1.,0.));
#3017=DIRECTION('',(0.,-2.90573446562279E-16,1.));
#3018=DIRECTION('center_axis',(1.,0.,0.));
#3019=DIRECTION('ref_axis',(0.,1.,0.));
#3020=DIRECTION('',(0.,-2.90573446562279E-16,1.));
#3021=DIRECTION('',(0.,-1.,0.));
#3022=DIRECTION('',(0.,0.,-1.));
#3023=DIRECTION('center_axis',(0.,1.,0.));
#3024=DIRECTION('ref_axis',(1.,0.,0.));
#3025=DIRECTION('',(1.,0.,0.));
#3026=DIRECTION('center_axis',(0.,0.,1.));
#3027=DIRECTION('ref_axis',(1.,0.,0.));
#3028=DIRECTION('',(0.,-1.,0.));
#3029=DIRECTION('',(-1.,0.,0.));
#3030=DIRECTION('',(0.,1.,0.));
#3031=DIRECTION('',(1.,0.,0.));
#3032=DIRECTION('center_axis',(0.,-1.,-2.90573446562279E-16));
#3033=DIRECTION('ref_axis',(0.,2.90573446562279E-16,-1.));
#3034=DIRECTION('',(-1.,0.,0.));
#3035=DIRECTION('center_axis',(0.,-0.967372223380245,0.253359391837683));
#3036=DIRECTION('ref_axis',(-1.,0.,0.));
#3037=DIRECTION('',(0.245599354379009,-0.245599354379008,-0.937742989447124));
#3038=DIRECTION('',(0.245599354379009,0.245599354379008,0.937742989447124));
#3039=DIRECTION('center_axis',(0.967372223380245,0.,-0.253359391837683));
#3040=DIRECTION('ref_axis',(0.,-1.,0.));
#3041=DIRECTION('',(0.245599354379009,-0.245599354379008,0.937742989447124));
#3042=DIRECTION('center_axis',(0.967372223380245,0.,0.253359391837683));
#3043=DIRECTION('ref_axis',(0.,-1.,0.));
#3044=DIRECTION('',(0.245599354379009,0.245599354379008,-0.937742989447124));
#3045=DIRECTION('center_axis',(0.,0.967372223380246,0.253359391837683));
#3046=DIRECTION('ref_axis',(1.,0.,0.));
#3047=DIRECTION('center_axis',(0.,0.253359391837683,0.967372223380245));
#3048=DIRECTION('ref_axis',(1.,0.,0.));
#3049=DIRECTION('',(0.245599354379008,-0.937742989447124,0.245599354379009));
#3050=DIRECTION('',(0.245599354379009,0.937742989447124,-0.245599354379009));
#3051=DIRECTION('center_axis',(0.967372223380245,-0.253359391837683,0.));
#3052=DIRECTION('ref_axis',(0.,0.,-1.));
#3053=DIRECTION('',(0.245599354379009,0.937742989447124,0.245599354379009));
#3054=DIRECTION('center_axis',(0.967372223380245,0.253359391837683,0.));
#3055=DIRECTION('ref_axis',(0.,0.,-1.));
#3056=DIRECTION('',(0.245599354379008,-0.937742989447124,-0.245599354379009));
#3057=DIRECTION('center_axis',(0.,0.253359391837683,-0.967372223380245));
#3058=DIRECTION('ref_axis',(-1.,0.,0.));
#3059=DIRECTION('center_axis',(0.,1.,0.));
#3060=DIRECTION('ref_axis',(1.,0.,0.));
#3061=DIRECTION('',(0.,0.,1.));
#3062=DIRECTION('',(-1.,0.,0.));
#3063=DIRECTION('',(0.,0.,-1.));
#3064=DIRECTION('',(1.,0.,0.));
#3065=DIRECTION('center_axis',(1.,0.,0.));
#3066=DIRECTION('ref_axis',(0.,1.,0.));
#3067=DIRECTION('',(0.,-1.,0.));
#3068=DIRECTION('',(0.,0.,-1.));
#3069=DIRECTION('',(0.,1.,-7.04027384730847E-17));
#3070=DIRECTION('center_axis',(1.,0.,0.));
#3071=DIRECTION('ref_axis',(0.,1.,0.));
#3072=DIRECTION('',(0.,1.,-7.04027384730847E-17));
#3073=DIRECTION('',(0.,0.,1.));
#3074=DIRECTION('',(0.,-1.,0.));
#3075=DIRECTION('center_axis',(0.,0.,-1.));
#3076=DIRECTION('ref_axis',(0.,-1.,0.));
#3077=DIRECTION('',(1.,0.,0.));
#3078=DIRECTION('center_axis',(0.,7.04027384730847E-17,1.));
#3079=DIRECTION('ref_axis',(0.,-1.,7.04027384730847E-17));
#3080=DIRECTION('',(-1.,0.,0.));
#3081=DIRECTION('center_axis',(1.,0.,0.));
#3082=DIRECTION('ref_axis',(0.,1.,0.));
#3083=DIRECTION('',(0.,0.,-1.));
#3084=DIRECTION('',(0.,1.,0.));
#3085=DIRECTION('',(0.,-2.90573446562279E-16,1.));
#3086=DIRECTION('center_axis',(1.,0.,0.));
#3087=DIRECTION('ref_axis',(0.,1.,0.));
#3088=DIRECTION('',(0.,-2.90573446562279E-16,1.));
#3089=DIRECTION('',(0.,-1.,0.));
#3090=DIRECTION('',(0.,0.,-1.));
#3091=DIRECTION('center_axis',(0.,1.,0.));
#3092=DIRECTION('ref_axis',(1.,0.,0.));
#3093=DIRECTION('',(1.,0.,0.));
#3094=DIRECTION('center_axis',(0.,0.,1.));
#3095=DIRECTION('ref_axis',(1.,0.,0.));
#3096=DIRECTION('',(0.,-1.,0.));
#3097=DIRECTION('',(-1.,0.,0.));
#3098=DIRECTION('',(0.,1.,0.));
#3099=DIRECTION('',(1.,0.,0.));
#3100=DIRECTION('center_axis',(0.,-1.,-2.90573446562279E-16));
#3101=DIRECTION('ref_axis',(0.,2.90573446562279E-16,-1.));
#3102=DIRECTION('',(-1.,0.,0.));
#3103=DIRECTION('center_axis',(0.,-0.967372223380245,0.253359391837683));
#3104=DIRECTION('ref_axis',(-1.,0.,0.));
#3105=DIRECTION('',(0.245599354379009,-0.245599354379008,-0.937742989447124));
#3106=DIRECTION('',(0.245599354379009,0.245599354379008,0.937742989447124));
#3107=DIRECTION('center_axis',(0.967372223380245,0.,-0.253359391837683));
#3108=DIRECTION('ref_axis',(0.,-1.,0.));
#3109=DIRECTION('',(0.245599354379009,-0.245599354379008,0.937742989447124));
#3110=DIRECTION('center_axis',(0.967372223380245,0.,0.253359391837683));
#3111=DIRECTION('ref_axis',(0.,-1.,0.));
#3112=DIRECTION('',(0.245599354379009,0.245599354379008,-0.937742989447124));
#3113=DIRECTION('center_axis',(0.,0.967372223380246,0.253359391837683));
#3114=DIRECTION('ref_axis',(1.,0.,0.));
#3115=DIRECTION('center_axis',(0.,0.253359391837683,0.967372223380245));
#3116=DIRECTION('ref_axis',(1.,0.,0.));
#3117=DIRECTION('',(0.245599354379008,-0.937742989447124,0.245599354379009));
#3118=DIRECTION('',(0.245599354379009,0.937742989447124,-0.245599354379009));
#3119=DIRECTION('center_axis',(0.967372223380245,-0.253359391837683,0.));
#3120=DIRECTION('ref_axis',(0.,0.,-1.));
#3121=DIRECTION('',(0.245599354379009,0.937742989447124,0.245599354379009));
#3122=DIRECTION('center_axis',(0.967372223380245,0.253359391837683,0.));
#3123=DIRECTION('ref_axis',(0.,0.,-1.));
#3124=DIRECTION('',(0.245599354379008,-0.937742989447124,-0.245599354379009));
#3125=DIRECTION('center_axis',(0.,0.253359391837683,-0.967372223380245));
#3126=DIRECTION('ref_axis',(-1.,0.,0.));
#3127=DIRECTION('center_axis',(0.,0.953739212093984,0.300635186420928));
#3128=DIRECTION('ref_axis',(1.,0.,0.));
#3129=DIRECTION('',(0.,0.300635186420928,-0.953739212093984));
#3130=DIRECTION('',(-1.,0.,0.));
#3131=DIRECTION('',(0.,0.300635186420928,-0.953739212093984));
#3132=DIRECTION('',(-1.,0.,0.));
#3133=DIRECTION('center_axis',(0.,0.727951444226561,-0.685628685841297));
#3134=DIRECTION('ref_axis',(-1.,0.,0.));
#3135=DIRECTION('',(0.,-0.685628685841297,-0.727951444226561));
#3136=DIRECTION('',(-1.,0.,0.));
#3137=DIRECTION('',(0.,-0.685628685841297,-0.727951444226561));
#3138=DIRECTION('center_axis',(0.,0.,-1.));
#3139=DIRECTION('ref_axis',(0.,-1.,0.));
#3140=DIRECTION('',(0.,-1.,0.));
#3141=DIRECTION('',(-1.,0.,0.));
#3142=DIRECTION('',(0.,-1.,0.));
#3143=DIRECTION('center_axis',(0.,-0.95858762207312,0.284797771775345));
#3144=DIRECTION('ref_axis',(-1.,0.,0.));
#3145=DIRECTION('',(0.,0.284797771775345,0.95858762207312));
#3146=DIRECTION('',(-1.,0.,0.));
#3147=DIRECTION('',(0.,0.284797771775345,0.95858762207312));
#3148=DIRECTION('center_axis',(-1.,0.,0.));
#3149=DIRECTION('ref_axis',(0.,0.,1.));
#3150=DIRECTION('',(0.,0.,1.));
#3151=DIRECTION('',(0.,0.,-1.));
#3152=DIRECTION('center_axis',(-1.,0.,0.));
#3153=DIRECTION('ref_axis',(0.,0.,1.));
#3154=DIRECTION('',(0.,0.,1.));
#3155=DIRECTION('',(0.,0.,-1.));
#3156=DIRECTION('center_axis',(0.,1.,0.));
#3157=DIRECTION('ref_axis',(1.,0.,0.));
#3158=DIRECTION('center_axis',(0.,-1.,0.));
#3159=DIRECTION('ref_axis',(0.,0.,-1.));
#3160=DIRECTION('center_axis',(-1.,0.,0.));
#3161=DIRECTION('ref_axis',(0.,0.,1.));
#3162=DIRECTION('',(0.,1.29456975819165E-16,1.));
#3163=DIRECTION('',(0.,0.,-1.));
#3164=DIRECTION('',(0.,0.284797771775344,-0.95858762207312));
#3165=DIRECTION('',(0.,-1.,0.));
#3166=DIRECTION('',(0.,-0.685628685841297,0.727951444226561));
#3167=DIRECTION('',(0.,0.300635186420929,0.953739212093984));
#3168=DIRECTION('center_axis',(-1.,0.,0.));
#3169=DIRECTION('ref_axis',(0.,0.,1.));
#3170=DIRECTION('',(0.,1.29456975819165E-16,1.));
#3171=DIRECTION('',(0.,0.300635186420929,0.953739212093984));
#3172=DIRECTION('',(0.,-0.685628685841297,0.727951444226561));
#3173=DIRECTION('',(0.,-1.,0.));
#3174=DIRECTION('',(0.,0.284797771775344,-0.95858762207312));
#3175=DIRECTION('',(0.,0.,-1.));
#3176=DIRECTION('center_axis',(0.,-0.953739212093984,0.300635186420929));
#3177=DIRECTION('ref_axis',(-1.,0.,0.));
#3178=DIRECTION('',(-1.,0.,0.));
#3179=DIRECTION('',(-1.,0.,0.));
#3180=DIRECTION('center_axis',(0.,-0.727951444226561,-0.685628685841297));
#3181=DIRECTION('ref_axis',(0.,0.685628685841297,-0.727951444226561));
#3182=DIRECTION('',(-1.,0.,0.));
#3183=DIRECTION('center_axis',(0.,0.,-1.));
#3184=DIRECTION('ref_axis',(0.,-1.,0.));
#3185=DIRECTION('',(-1.,0.,0.));
#3186=DIRECTION('center_axis',(0.,0.95858762207312,0.284797771775344));
#3187=DIRECTION('ref_axis',(1.,0.,0.));
#3188=DIRECTION('',(-1.,0.,0.));
#3189=DIRECTION('center_axis',(0.,1.,0.));
#3190=DIRECTION('ref_axis',(1.,0.,0.));
#3191=DIRECTION('center_axis',(0.,-1.,1.29456975819165E-16));
#3192=DIRECTION('ref_axis',(-1.,0.,0.));
#3193=DIRECTION('center_axis',(0.,1.,0.));
#3194=DIRECTION('ref_axis',(0.,0.,-1.));
#3195=DIRECTION('center_axis',(0.,1.,0.));
#3196=DIRECTION('ref_axis',(1.,0.,-8.34001671142698E-17));
#3197=DIRECTION('center_axis',(0.,1.,0.));
#3198=DIRECTION('ref_axis',(1.,0.,-8.34001671142698E-17));
#3199=DIRECTION('',(0.,1.,0.));
#3200=DIRECTION('center_axis',(-2.15246019537563E-15,0.,-1.));
#3201=DIRECTION('ref_axis',(-1.,0.,2.15246019537563E-15));
#3202=DIRECTION('',(-1.,0.,2.15246019537563E-15));
#3203=DIRECTION('',(-1.,0.,2.15246019537563E-15));
#3204=DIRECTION('',(0.,1.,0.));
#3205=DIRECTION('center_axis',(1.,0.,0.));
#3206=DIRECTION('ref_axis',(0.,1.,0.));
#3207=DIRECTION('',(0.,0.,-1.));
#3208=DIRECTION('',(0.,0.,-1.));
#3209=DIRECTION('',(0.,1.,0.));
#3210=DIRECTION('center_axis',(0.,0.,1.));
#3211=DIRECTION('ref_axis',(1.,0.,0.));
#3212=DIRECTION('',(1.,0.,0.));
#3213=DIRECTION('',(1.,0.,0.));
#3214=DIRECTION('',(0.,1.,0.));
#3215=DIRECTION('center_axis',(0.,1.,0.));
#3216=DIRECTION('ref_axis',(0.,0.,-1.));
#3217=DIRECTION('center_axis',(0.,-1.,0.));
#3218=DIRECTION('ref_axis',(1.,0.,0.));
#3219=DIRECTION('center_axis',(0.,-1.,0.));
#3220=DIRECTION('ref_axis',(1.,0.,0.));
#3221=DIRECTION('center_axis',(0.,-1.,0.));
#3222=DIRECTION('ref_axis',(0.,0.,-1.));
#3223=DIRECTION('center_axis',(0.,-1.,0.));
#3224=DIRECTION('ref_axis',(0.,0.,-1.));
#3225=DIRECTION('center_axis',(0.,0.95858762207312,-0.284797771775345));
#3226=DIRECTION('ref_axis',(-1.,0.,0.));
#3227=DIRECTION('',(0.,0.284797771775345,0.95858762207312));
#3228=DIRECTION('',(1.,0.,0.));
#3229=DIRECTION('',(0.,0.284797771775345,0.95858762207312));
#3230=DIRECTION('',(1.,0.,0.));
#3231=DIRECTION('center_axis',(0.,0.,1.));
#3232=DIRECTION('ref_axis',(1.,0.,0.));
#3233=DIRECTION('',(0.,-1.,0.));
#3234=DIRECTION('',(1.,0.,0.));
#3235=DIRECTION('',(0.,-1.,0.));
#3236=DIRECTION('center_axis',(0.,-0.727951444226561,0.685628685841297));
#3237=DIRECTION('ref_axis',(-1.,0.,0.));
#3238=DIRECTION('',(0.,-0.685628685841297,-0.727951444226561));
#3239=DIRECTION('',(1.,0.,0.));
#3240=DIRECTION('',(0.,-0.685628685841297,-0.727951444226561));
#3241=DIRECTION('center_axis',(0.,-0.953739212093984,-0.300635186420928));
#3242=DIRECTION('ref_axis',(0.,0.300635186420928,-0.953739212093984));
#3243=DIRECTION('',(0.,0.300635186420928,-0.953739212093984));
#3244=DIRECTION('',(1.,0.,0.));
#3245=DIRECTION('',(0.,0.300635186420928,-0.953739212093984));
#3246=DIRECTION('center_axis',(-1.,0.,0.));
#3247=DIRECTION('ref_axis',(0.,0.,1.));
#3248=DIRECTION('',(0.,0.,1.));
#3249=DIRECTION('',(0.,0.,-1.));
#3250=DIRECTION('center_axis',(-1.,0.,0.));
#3251=DIRECTION('ref_axis',(0.,0.,1.));
#3252=DIRECTION('',(0.,0.,1.));
#3253=DIRECTION('',(0.,0.,-1.));
#3254=DIRECTION('center_axis',(0.,-1.,0.));
#3255=DIRECTION('ref_axis',(0.,0.,-1.));
#3256=DIRECTION('center_axis',(0.,1.,0.));
#3257=DIRECTION('ref_axis',(1.,0.,0.));
#3258=DIRECTION('center_axis',(-1.,0.,0.));
#3259=DIRECTION('ref_axis',(0.,0.,1.));
#3260=DIRECTION('',(0.,1.29456975819165E-16,1.));
#3261=DIRECTION('',(0.,0.300635186420929,0.953739212093984));
#3262=DIRECTION('',(0.,-0.685628685841297,0.727951444226561));
#3263=DIRECTION('',(0.,-1.,0.));
#3264=DIRECTION('',(0.,0.284797771775344,-0.95858762207312));
#3265=DIRECTION('',(0.,0.,-1.));
#3266=DIRECTION('center_axis',(-1.,0.,0.));
#3267=DIRECTION('ref_axis',(0.,0.,1.));
#3268=DIRECTION('',(0.,1.29456975819165E-16,1.));
#3269=DIRECTION('',(0.,0.,-1.));
#3270=DIRECTION('',(0.,0.284797771775344,-0.95858762207312));
#3271=DIRECTION('',(0.,-1.,0.));
#3272=DIRECTION('',(0.,-0.685628685841297,0.727951444226561));
#3273=DIRECTION('',(0.,0.300635186420929,0.953739212093984));
#3274=DIRECTION('center_axis',(0.,0.953739212093984,-0.300635186420929));
#3275=DIRECTION('ref_axis',(-1.,0.,0.));
#3276=DIRECTION('',(1.,0.,0.));
#3277=DIRECTION('',(1.,0.,0.));
#3278=DIRECTION('center_axis',(0.,0.727951444226561,0.685628685841297));
#3279=DIRECTION('ref_axis',(1.,0.,0.));
#3280=DIRECTION('',(1.,0.,0.));
#3281=DIRECTION('center_axis',(0.,0.,1.));
#3282=DIRECTION('ref_axis',(1.,0.,0.));
#3283=DIRECTION('',(1.,0.,0.));
#3284=DIRECTION('center_axis',(0.,-0.95858762207312,-0.284797771775344));
#3285=DIRECTION('ref_axis',(0.,0.284797771775344,-0.95858762207312));
#3286=DIRECTION('',(1.,0.,0.));
#3287=DIRECTION('center_axis',(0.,-1.,0.));
#3288=DIRECTION('ref_axis',(0.,0.,-1.));
#3289=DIRECTION('center_axis',(0.,1.,-1.29456975819165E-16));
#3290=DIRECTION('ref_axis',(0.,-1.29456975819165E-16,-1.));
#3291=DIRECTION('center_axis',(0.,1.,0.));
#3292=DIRECTION('ref_axis',(0.,0.,-1.));
#3293=DIRECTION('center_axis',(0.,-1.,0.));
#3294=DIRECTION('ref_axis',(-1.,0.,-1.6680033422854E-16));
#3295=DIRECTION('',(0.,1.,0.));
#3296=DIRECTION('center_axis',(0.,-1.,0.));
#3297=DIRECTION('ref_axis',(-1.,0.,-1.6680033422854E-16));
#3298=DIRECTION('center_axis',(-2.15246019537563E-15,0.,1.));
#3299=DIRECTION('ref_axis',(1.,0.,2.15246019537563E-15));
#3300=DIRECTION('',(1.,0.,2.15246019537563E-15));
#3301=DIRECTION('',(0.,1.,0.));
#3302=DIRECTION('',(1.,0.,2.15246019537563E-15));
#3303=DIRECTION('center_axis',(1.,0.,0.));
#3304=DIRECTION('ref_axis',(0.,1.,0.));
#3305=DIRECTION('',(0.,0.,-1.));
#3306=DIRECTION('',(0.,1.,0.));
#3307=DIRECTION('',(0.,0.,-1.));
#3308=DIRECTION('center_axis',(0.,0.,-1.));
#3309=DIRECTION('ref_axis',(0.,-1.,0.));
#3310=DIRECTION('',(-1.,0.,0.));
#3311=DIRECTION('',(0.,1.,0.));
#3312=DIRECTION('',(-1.,0.,0.));
#3313=DIRECTION('center_axis',(0.,1.,0.));
#3314=DIRECTION('ref_axis',(0.,0.,-1.));
#3315=DIRECTION('center_axis',(0.,1.,0.));
#3316=DIRECTION('ref_axis',(-1.,0.,2.71050543121377E-16));
#3317=DIRECTION('center_axis',(0.,1.,0.));
#3318=DIRECTION('ref_axis',(-1.,0.,2.71050543121377E-16));
#3319=DIRECTION('center_axis',(0.,1.,0.));
#3320=DIRECTION('ref_axis',(1.,0.,0.));
#3321=DIRECTION('center_axis',(0.,1.,0.));
#3322=DIRECTION('ref_axis',(1.,0.,0.));
#3323=CARTESIAN_POINT('',(0.,0.,0.));
#3324=CARTESIAN_POINT('Origin',(-4.825,9.9,2.95446040294299E-16));
#3325=CARTESIAN_POINT('',(-3.89,7.79,0.));
#3326=CARTESIAN_POINT('',(-3.5050168137989,7.79,2.71050543121376E-16));
#3327=CARTESIAN_POINT('',(-4.825,7.79,2.95446040294299E-16));
#3328=CARTESIAN_POINT('',(-3.89,8.05,0.));
#3329=CARTESIAN_POINT('',(-3.89,9.9,2.95446040294299E-16));
#3330=CARTESIAN_POINT('',(-3.89,9.6,2.95446040294299E-16));
#3331=CARTESIAN_POINT('',(-3.89,9.6,0.));
#3332=CARTESIAN_POINT('',(-4.19,9.9,2.95446040294299E-16));
#3333=CARTESIAN_POINT('',(-4.19,9.9,0.));
#3334=CARTESIAN_POINT('',(4.19,9.9,0.));
#3335=CARTESIAN_POINT('',(-4.825,9.9,2.95446040294299E-16));
#3336=CARTESIAN_POINT('',(3.89,9.6,0.));
#3337=CARTESIAN_POINT('',(4.19,9.9,0.));
#3338=CARTESIAN_POINT('',(3.89,8.05,0.));
#3339=CARTESIAN_POINT('',(3.89,9.6,0.));
#3340=CARTESIAN_POINT('',(3.89,7.79,2.95446040294299E-16));
#3341=CARTESIAN_POINT('',(3.89,9.9,2.95446040294299E-16));
#3342=CARTESIAN_POINT('',(3.5050168137989,7.79,3.79470760369927E-16));
#3343=CARTESIAN_POINT('',(-4.825,7.79,2.95446040294299E-16));
#3344=CARTESIAN_POINT('',(3.5050168137989,7.15,2.71050543121376E-16));
#3345=CARTESIAN_POINT('',(3.5050168137989,7.79,3.79470760369927E-16));
#3346=CARTESIAN_POINT('',(3.89,7.15,2.20856184597888E-16));
#3347=CARTESIAN_POINT('',(-4.825,7.15,2.95446040294299E-16));
#3348=CARTESIAN_POINT('',(3.89,0.554165420556306,0.));
#3349=CARTESIAN_POINT('',(3.89,9.9,2.95446040294299E-16));
#3350=CARTESIAN_POINT('',(3.425,0.,0.));
#3351=CARTESIAN_POINT('',(4.825,1.66845502963189,0.));
#3352=CARTESIAN_POINT('',(-3.425,0.,2.95446040294299E-16));
#3353=CARTESIAN_POINT('',(-4.825,0.,2.95446040294299E-16));
#3354=CARTESIAN_POINT('',(-3.89,0.554165420556308,0.));
#3355=CARTESIAN_POINT('',(-3.425,0.,0.));
#3356=CARTESIAN_POINT('',(-3.89,7.15,2.95446040294299E-16));
#3357=CARTESIAN_POINT('',(-3.89,9.9,2.95446040294299E-16));
#3358=CARTESIAN_POINT('',(-3.5050168137989,7.15,2.71050543121376E-16));
#3359=CARTESIAN_POINT('',(-4.825,7.15,2.95446040294299E-16));
#3360=CARTESIAN_POINT('',(-3.5050168137989,7.79,3.79470760369927E-16));
#3361=CARTESIAN_POINT('',(3.4178,3.475,2.16840434497101E-16));
#3362=CARTESIAN_POINT('',(3.4178,3.99,2.16840434497101E-16));
#3363=CARTESIAN_POINT('',(3.4178,9.9,2.95446040294299E-16));
#3364=CARTESIAN_POINT('',(3.875,3.475,2.16840434497101E-16));
#3365=CARTESIAN_POINT('',(-4.825,3.475,2.95446040294299E-16));
#3366=CARTESIAN_POINT('',(3.875,3.99,2.95446040294299E-16));
#3367=CARTESIAN_POINT('',(3.875,9.9,2.95446040294299E-16));
#3368=CARTESIAN_POINT('',(-4.825,3.99,2.95446040294299E-16));
#3369=CARTESIAN_POINT('',(3.4178,5.21,2.71050543121376E-16));
#3370=CARTESIAN_POINT('',(3.4178,5.725,2.16840434497101E-16));
#3371=CARTESIAN_POINT('',(3.4178,9.9,2.95446040294299E-16));
#3372=CARTESIAN_POINT('',(3.875,5.21,2.71050543121376E-16));
#3373=CARTESIAN_POINT('',(-4.825,5.21,2.95446040294299E-16));
#3374=CARTESIAN_POINT('',(3.875,5.725,2.95446040294299E-16));
#3375=CARTESIAN_POINT('',(3.875,9.9,2.95446040294299E-16));
#3376=CARTESIAN_POINT('',(-4.825,5.725,2.95446040294299E-16));
#3377=CARTESIAN_POINT('',(-1.18,9.2,4.33680868994202E-16));
#3378=CARTESIAN_POINT('',(-1.18,8.56,2.16840434497101E-16));
#3379=CARTESIAN_POINT('',(-1.18,9.9,2.95446040294299E-16));
#3380=CARTESIAN_POINT('',(-1.82,9.2,4.33680868994202E-16));
#3381=CARTESIAN_POINT('',(-4.825,9.2,2.95446040294299E-16));
#3382=CARTESIAN_POINT('',(-1.82,8.56,2.95446040294299E-16));
#3383=CARTESIAN_POINT('',(-1.82,9.9,2.95446040294299E-16));
#3384=CARTESIAN_POINT('',(-4.825,8.56,2.95446040294299E-16));
#3385=CARTESIAN_POINT('',(1.82,9.2,4.33680868994202E-16));
#3386=CARTESIAN_POINT('',(1.82,8.56,2.16840434497101E-16));
#3387=CARTESIAN_POINT('',(1.82,9.9,2.95446040294299E-16));
#3388=CARTESIAN_POINT('',(1.18,9.2,4.33680868994202E-16));
#3389=CARTESIAN_POINT('',(-4.825,9.2,2.95446040294299E-16));
#3390=CARTESIAN_POINT('',(1.18,8.56,2.95446040294299E-16));
#3391=CARTESIAN_POINT('',(1.18,9.9,2.95446040294299E-16));
#3392=CARTESIAN_POINT('',(-4.825,8.56,2.95446040294299E-16));
#3393=CARTESIAN_POINT('',(0.474999999999999,8.06,2.95446040294299E-16));
#3394=CARTESIAN_POINT('',(1.475,8.06,2.95446040294299E-16));
#3395=CARTESIAN_POINT('',(1.475,8.06,2.0586739260797E-15));
#3396=CARTESIAN_POINT('',(0.475,1.6,2.1094237467878E-15));
#3397=CARTESIAN_POINT('',(0.475,8.06,2.1094237467878E-15));
#3398=CARTESIAN_POINT('',(1.475,1.6,2.95446040294299E-16));
#3399=CARTESIAN_POINT('',(1.475,1.6,2.0586739260797E-15));
#3400=CARTESIAN_POINT('',(1.475,8.06,2.05998412772246E-15));
#3401=CARTESIAN_POINT('',(-1.475,8.06,2.95446040294299E-16));
#3402=CARTESIAN_POINT('',(-0.475000000000001,8.06,2.95446040294299E-16));
#3403=CARTESIAN_POINT('',(-0.475,8.06,2.15825385109E-15));
#3404=CARTESIAN_POINT('',(-1.475,1.6,2.1094237467878E-15));
#3405=CARTESIAN_POINT('',(-1.475,8.06,2.1094237467878E-15));
#3406=CARTESIAN_POINT('',(-0.475,1.6,2.95446040294299E-16));
#3407=CARTESIAN_POINT('',(-0.475,1.6,2.15825385109E-15));
#3408=CARTESIAN_POINT('',(-0.475,8.06,2.05998412772246E-15));
#3409=CARTESIAN_POINT('',(-3.875,5.21,2.95446040294299E-16));
#3410=CARTESIAN_POINT('',(-3.4178,5.21,2.95446040294299E-16));
#3411=CARTESIAN_POINT('',(-4.825,5.21,2.95446040294299E-16));
#3412=CARTESIAN_POINT('',(-3.4178,5.725,2.95446040294299E-16));
#3413=CARTESIAN_POINT('',(-3.4178,9.9,2.95446040294299E-16));
#3414=CARTESIAN_POINT('',(-3.875,5.725,2.16840434497101E-16));
#3415=CARTESIAN_POINT('',(-4.825,5.725,2.95446040294299E-16));
#3416=CARTESIAN_POINT('',(-3.875,9.9,2.95446040294299E-16));
#3417=CARTESIAN_POINT('',(-3.875,3.475,2.95446040294299E-16));
#3418=CARTESIAN_POINT('',(-3.4178,3.475,2.95446040294299E-16));
#3419=CARTESIAN_POINT('',(-4.825,3.475,2.95446040294299E-16));
#3420=CARTESIAN_POINT('',(-3.4178,3.99,2.95446040294299E-16));
#3421=CARTESIAN_POINT('',(-3.4178,9.9,2.95446040294299E-16));
#3422=CARTESIAN_POINT('',(-3.875,3.99,2.16840434497101E-16));
#3423=CARTESIAN_POINT('',(-4.825,3.99,2.95446040294299E-16));
#3424=CARTESIAN_POINT('',(-3.875,9.9,2.95446040294299E-16));
#3425=CARTESIAN_POINT('Origin',(3.89,9.9,2.95446040294299E-16));
#3426=CARTESIAN_POINT('',(4.03843636737342,7.79,0.0809652912945954));
#3427=CARTESIAN_POINT('',(4.03843636737342,7.15,0.0809652912945953));
#3428=CARTESIAN_POINT('',(4.03843636737342,7.79,0.0809652912945954));
#3429=CARTESIAN_POINT('',(3.89,7.79,2.95446040294299E-16));
#3430=CARTESIAN_POINT('',(4.825,8.05,0.51));
#3431=CARTESIAN_POINT('',(3.89,8.05,2.95446040294299E-16));
#3432=CARTESIAN_POINT('',(4.825,1.66845502963189,0.509999999999997));
#3433=CARTESIAN_POINT('',(4.825,9.9,0.51));
#3434=CARTESIAN_POINT('',(12.3920905564146,10.6865623857248,4.63750393986252));
#3435=CARTESIAN_POINT('',(3.89,7.15,2.95446040294299E-16));
#3436=CARTESIAN_POINT('Origin',(-3.425,0.,38.214));
#3437=CARTESIAN_POINT('',(-4.825,1.66845502963189,3.86));
#3438=CARTESIAN_POINT('',(-4.825,1.66845502963189,3.22));
#3439=CARTESIAN_POINT('',(-4.825,1.66845502963189,38.214));
#3440=CARTESIAN_POINT('',(-3.425,0.,3.22));
#3441=CARTESIAN_POINT('',(-4.825,1.66845502963189,3.22));
#3442=CARTESIAN_POINT('',(-3.425,0.,3.86));
#3443=CARTESIAN_POINT('',(-3.425,0.,38.214));
#3444=CARTESIAN_POINT('',(-3.42499999999999,-1.14033639325656E-14,3.86));
#3445=CARTESIAN_POINT('Origin',(4.825,1.66845502963189,38.214));
#3446=CARTESIAN_POINT('',(3.425,0.,3.86));
#3447=CARTESIAN_POINT('',(3.425,0.,3.22));
#3448=CARTESIAN_POINT('',(3.425,0.,38.214));
#3449=CARTESIAN_POINT('',(4.825,1.66845502963189,3.22));
#3450=CARTESIAN_POINT('',(3.425,0.,3.22));
#3451=CARTESIAN_POINT('',(4.825,1.66845502963189,3.86));
#3452=CARTESIAN_POINT('',(4.825,1.66845502963189,38.214));
#3453=CARTESIAN_POINT('',(4.82500000000001,1.66845502963191,3.86));
#3454=CARTESIAN_POINT('Origin',(4.825,9.9,4.44089209850063E-16));
#3455=CARTESIAN_POINT('',(4.825,1.66845502963189,1.15));
#3456=CARTESIAN_POINT('',(4.825,1.66845502963189,38.214));
#3457=CARTESIAN_POINT('',(4.825,8.05,-0.51));
#3458=CARTESIAN_POINT('',(4.825,8.05,-0.51));
#3459=CARTESIAN_POINT('',(4.825,9.9,-0.51));
#3460=CARTESIAN_POINT('',(4.825,8.05,-0.51));
#3461=CARTESIAN_POINT('',(4.825,9.9,3.86));
#3462=CARTESIAN_POINT('',(4.825,9.9,4.44089209850063E-16));
#3463=CARTESIAN_POINT('',(4.825,9.9,3.86));
#3464=CARTESIAN_POINT('',(4.825,1.66845502963189,3.22));
#3465=CARTESIAN_POINT('Origin',(0.,0.,0.));
#3466=CARTESIAN_POINT('',(4.825,0.,3.86));
#3467=CARTESIAN_POINT('',(-3.425,0.,1.15));
#3468=CARTESIAN_POINT('',(-3.425,0.,3.22));
#3469=CARTESIAN_POINT('',(-3.425,0.,38.214));
#3470=CARTESIAN_POINT('',(3.425,0.,1.15));
#3471=CARTESIAN_POINT('',(3.425,0.,38.214));
#3472=CARTESIAN_POINT('',(3.425,0.,3.22));
#3473=CARTESIAN_POINT('',(-2.77,0.,3.20000000000002));
#3474=CARTESIAN_POINT('',(-2.77,0.,0.660000000000018));
#3475=CARTESIAN_POINT('',(-2.77,0.,3.20000000000002));
#3476=CARTESIAN_POINT('',(-0.230000000000002,0.,3.20000000000002));
#3477=CARTESIAN_POINT('',(-0.230000000000002,0.,3.20000000000002));
#3478=CARTESIAN_POINT('',(-0.230000000000002,0.,0.660000000000018));
#3479=CARTESIAN_POINT('',(-0.230000000000002,0.,0.660000000000018));
#3480=CARTESIAN_POINT('',(-2.77,0.,0.660000000000018));
#3481=CARTESIAN_POINT('',(0.23,0.,3.20000000000002));
#3482=CARTESIAN_POINT('',(0.23,0.,1.31000000000002));
#3483=CARTESIAN_POINT('',(0.23,0.,3.20000000000002));
#3484=CARTESIAN_POINT('',(2.77,0.,3.20000000000002));
#3485=CARTESIAN_POINT('',(2.77,0.,3.20000000000002));
#3486=CARTESIAN_POINT('',(2.77,0.,0.660000000000017));
#3487=CARTESIAN_POINT('',(2.77,0.,0.660000000000017));
#3488=CARTESIAN_POINT('',(0.879999999999999,0.,0.660000000000017));
#3489=CARTESIAN_POINT('',(0.879999999999999,0.,0.660000000000017));
#3490=CARTESIAN_POINT('',(0.23,0.,1.31000000000002));
#3491=CARTESIAN_POINT('Origin',(4.825,9.9,3.86));
#3492=CARTESIAN_POINT('',(-4.825,9.9,3.85999999999999));
#3493=CARTESIAN_POINT('',(4.825,9.9,3.86));
#3494=CARTESIAN_POINT('',(-4.825,9.9,3.85999999999999));
#3495=CARTESIAN_POINT('',(1.3,0.54,3.85999999999998));
#3496=CARTESIAN_POINT('',(-1.3,0.54,3.85999999999998));
#3497=CARTESIAN_POINT('',(1.3,0.54,3.85999999999998));
#3498=CARTESIAN_POINT('',(-1.3,2.95,3.85999999999999));
#3499=CARTESIAN_POINT('',(-1.3,0.54,3.85999999999998));
#3500=CARTESIAN_POINT('',(1.3,2.95,3.85999999999999));
#3501=CARTESIAN_POINT('',(1.3,2.95,3.85999999999999));
#3502=CARTESIAN_POINT('',(1.3,0.54,3.85999999999998));
#3503=CARTESIAN_POINT('Origin',(-4.825,9.9,3.85999999999999));
#3504=CARTESIAN_POINT('',(-4.825,8.05,0.51));
#3505=CARTESIAN_POINT('',(-4.825,8.05,-0.51));
#3506=CARTESIAN_POINT('',(-4.825,8.05,-0.51));
#3507=CARTESIAN_POINT('',(-4.825,1.66845502963189,0.509999999999997));
#3508=CARTESIAN_POINT('',(-4.825,9.9,0.51));
#3509=CARTESIAN_POINT('',(-4.825,1.66845502963189,1.15));
#3510=CARTESIAN_POINT('',(-4.825,1.66845502963189,38.214));
#3511=CARTESIAN_POINT('',(-4.825,1.66845502963189,3.22));
#3512=CARTESIAN_POINT('',(-4.825,9.9,-0.51));
#3513=CARTESIAN_POINT('',(-4.825,9.9,3.85999999999999));
#3514=CARTESIAN_POINT('',(-4.825,8.05,-0.51));
#3515=CARTESIAN_POINT('Origin',(0.,9.9,0.));
#3516=CARTESIAN_POINT('',(4.19,9.9,-0.51));
#3517=CARTESIAN_POINT('',(4.825,9.9,-0.51));
#3518=CARTESIAN_POINT('',(4.19,9.9,-0.51));
#3519=CARTESIAN_POINT('',(-4.19,9.9,-0.51));
#3520=CARTESIAN_POINT('',(-4.19,9.9,-0.51));
#3521=CARTESIAN_POINT('',(-4.825,9.9,-0.51));
#3522=CARTESIAN_POINT('Origin',(1.3,2.2,5.05999999999998));
#3523=CARTESIAN_POINT('',(-1.3,2.2,5.05999999999998));
#3524=CARTESIAN_POINT('',(-1.3,2.2,5.05999999999998));
#3525=CARTESIAN_POINT('',(1.3,2.2,5.05999999999998));
#3526=CARTESIAN_POINT('',(1.3,2.2,5.05999999999998));
#3527=CARTESIAN_POINT('',(1.3,2.2,5.05999999999998));
#3528=CARTESIAN_POINT('Origin',(1.3,2.95,3.85999999999999));
#3529=CARTESIAN_POINT('',(-1.3,2.95,5.05999999999998));
#3530=CARTESIAN_POINT('',(-1.3,2.95,3.85999999999999));
#3531=CARTESIAN_POINT('',(1.3,2.95,5.05999999999998));
#3532=CARTESIAN_POINT('',(1.3,2.95,5.05999999999998));
#3533=CARTESIAN_POINT('',(1.3,2.95,3.85999999999999));
#3534=CARTESIAN_POINT('Origin',(1.3,2.95,5.05999999999998));
#3535=CARTESIAN_POINT('',(-1.3,2.95,5.05999999999998));
#3536=CARTESIAN_POINT('',(1.3,2.95,5.05999999999998));
#3537=CARTESIAN_POINT('Origin',(1.3,0.,0.));
#3538=CARTESIAN_POINT('Origin',(-1.3,0.,0.));
#3539=CARTESIAN_POINT('Origin',(-3.425,0.,38.214));
#3540=CARTESIAN_POINT('',(-11.1453503038104,9.20075521065179,3.95746380207837));
#3541=CARTESIAN_POINT('',(-4.825,1.66845502963189,1.15));
#3542=CARTESIAN_POINT('Origin',(4.825,1.66845502963189,38.214));
#3543=CARTESIAN_POINT('',(3.425,0.,1.15));
#3544=CARTESIAN_POINT('Origin',(3.425,1.6684550296319,3.22));
#3545=CARTESIAN_POINT('',(3.425,1.6684550296319,1.15));
#3546=CARTESIAN_POINT('',(3.425,1.6684550296319,1.15));
#3547=CARTESIAN_POINT('',(3.425,1.6684550296319,3.22));
#3548=CARTESIAN_POINT('',(3.425,1.6684550296319,3.22));
#3549=CARTESIAN_POINT('',(3.425,1.6684550296319,3.22));
#3550=CARTESIAN_POINT('Origin',(4.825,1.66845502963189,3.22));
#3551=CARTESIAN_POINT('',(4.825,1.66845502963189,1.15));
#3552=CARTESIAN_POINT('',(4.825,1.66845502963189,3.22));
#3553=CARTESIAN_POINT('Origin',(0.,0.,3.22));
#3554=CARTESIAN_POINT('Origin',(0.,0.,1.15));
#3555=CARTESIAN_POINT('Origin',(-3.425,0.,3.22));
#3556=CARTESIAN_POINT('',(-3.425,1.6684550296319,1.15));
#3557=CARTESIAN_POINT('',(-3.425,0.,1.15));
#3558=CARTESIAN_POINT('',(-3.425,1.6684550296319,3.22));
#3559=CARTESIAN_POINT('',(-3.425,0.,3.22));
#3560=CARTESIAN_POINT('',(-3.425,1.6684550296319,3.22));
#3561=CARTESIAN_POINT('Origin',(-3.425,1.6684550296319,3.22));
#3562=CARTESIAN_POINT('',(-3.425,1.6684550296319,1.15));
#3563=CARTESIAN_POINT('',(-3.425,1.6684550296319,3.22));
#3564=CARTESIAN_POINT('Origin',(0.,0.,3.22));
#3565=CARTESIAN_POINT('Origin',(0.,0.,1.15));
#3566=CARTESIAN_POINT('Origin',(3.89,9.6,-0.51));
#3567=CARTESIAN_POINT('',(3.89,9.6,-0.51));
#3568=CARTESIAN_POINT('',(3.89,9.6,-0.51));
#3569=CARTESIAN_POINT('',(3.89,8.05,-0.51));
#3570=CARTESIAN_POINT('',(3.89,9.6,-0.51));
#3571=CARTESIAN_POINT('',(3.89,8.05,-0.51));
#3572=CARTESIAN_POINT('Origin',(3.89,8.05,-0.51));
#3573=CARTESIAN_POINT('',(3.89,8.05,-0.51));
#3574=CARTESIAN_POINT('Origin',(4.19,9.9,-0.51));
#3575=CARTESIAN_POINT('',(4.19,9.9,-0.51));
#3576=CARTESIAN_POINT('Origin',(0.,0.,-0.51));
#3577=CARTESIAN_POINT('Origin',(-4.19,9.9,-0.51));
#3578=CARTESIAN_POINT('',(-3.89,9.6,-0.51));
#3579=CARTESIAN_POINT('',(-3.89,9.6,-0.51));
#3580=CARTESIAN_POINT('',(-4.19,9.9,-0.51));
#3581=CARTESIAN_POINT('Origin',(-3.89,9.6,-0.51));
#3582=CARTESIAN_POINT('',(-3.89,8.05,-0.51));
#3583=CARTESIAN_POINT('',(-3.89,8.05,-0.51));
#3584=CARTESIAN_POINT('',(-3.89,9.6,-0.51));
#3585=CARTESIAN_POINT('Origin',(-3.89,8.05,-0.51));
#3586=CARTESIAN_POINT('',(-3.6756050955414,8.05,-0.116942675159236));
#3587=CARTESIAN_POINT('',(-3.89,8.05,-0.51));
#3588=CARTESIAN_POINT('Origin',(0.,0.,-0.51));
#3589=CARTESIAN_POINT('Origin',(-4.825,9.9,0.51));
#3590=CARTESIAN_POINT('',(-4.03843636737342,7.79,0.0809652912945952));
#3591=CARTESIAN_POINT('',(-4.825,7.79,0.51));
#3592=CARTESIAN_POINT('',(-4.03843636737342,7.15,0.0809652912945952));
#3593=CARTESIAN_POINT('',(-4.03843636737342,7.79,0.0809652912945952));
#3594=CARTESIAN_POINT('',(-4.825,7.15,0.51));
#3595=CARTESIAN_POINT('Origin',(0.23,6.6,3.20000000000002));
#3596=CARTESIAN_POINT('',(0.23,6.6,1.31000000000002));
#3597=CARTESIAN_POINT('',(0.23,6.6,1.31000000000002));
#3598=CARTESIAN_POINT('',(0.23,6.6,3.20000000000002));
#3599=CARTESIAN_POINT('',(0.23,6.6,3.20000000000002));
#3600=CARTESIAN_POINT('',(0.23,6.6,3.20000000000002));
#3601=CARTESIAN_POINT('Origin',(0.23,6.6,1.31000000000002));
#3602=CARTESIAN_POINT('',(0.879999999999999,6.6,0.660000000000017));
#3603=CARTESIAN_POINT('',(0.879999999999999,6.6,0.660000000000017));
#3604=CARTESIAN_POINT('',(0.23,6.6,1.31000000000002));
#3605=CARTESIAN_POINT('Origin',(0.879999999999999,6.6,0.660000000000017));
#3606=CARTESIAN_POINT('',(2.77,6.6,0.660000000000017));
#3607=CARTESIAN_POINT('',(2.77,6.6,0.660000000000017));
#3608=CARTESIAN_POINT('',(0.879999999999999,6.6,0.660000000000017));
#3609=CARTESIAN_POINT('Origin',(2.77,6.6,0.660000000000017));
#3610=CARTESIAN_POINT('',(2.77,6.6,3.20000000000002));
#3611=CARTESIAN_POINT('',(2.77,6.6,3.20000000000002));
#3612=CARTESIAN_POINT('',(2.77,6.6,0.660000000000017));
#3613=CARTESIAN_POINT('Origin',(2.77,6.6,3.20000000000002));
#3614=CARTESIAN_POINT('',(2.77,6.6,3.20000000000002));
#3615=CARTESIAN_POINT('Origin',(0.,6.6,0.));
#3616=CARTESIAN_POINT('',(1.82,6.6,1.64));
#3617=CARTESIAN_POINT('',(1.82,6.6,2.28));
#3618=CARTESIAN_POINT('',(1.82,6.6,0.));
#3619=CARTESIAN_POINT('',(1.18,6.6,1.64));
#3620=CARTESIAN_POINT('',(0.,6.6,1.64));
#3621=CARTESIAN_POINT('',(1.18,6.6,2.28));
#3622=CARTESIAN_POINT('',(1.18,6.6,0.));
#3623=CARTESIAN_POINT('',(0.,6.6,2.28));
#3624=CARTESIAN_POINT('Origin',(-2.77,6.6,3.20000000000002));
#3625=CARTESIAN_POINT('',(-2.77,6.6,0.660000000000018));
#3626=CARTESIAN_POINT('',(-2.77,6.6,0.660000000000018));
#3627=CARTESIAN_POINT('',(-2.77,6.6,3.20000000000002));
#3628=CARTESIAN_POINT('',(-2.77,6.6,3.20000000000002));
#3629=CARTESIAN_POINT('',(-2.77,6.6,3.20000000000002));
#3630=CARTESIAN_POINT('Origin',(-2.77,6.6,0.660000000000018));
#3631=CARTESIAN_POINT('',(-0.230000000000002,6.6,0.660000000000018));
#3632=CARTESIAN_POINT('',(-0.230000000000002,6.6,0.660000000000018));
#3633=CARTESIAN_POINT('',(-2.77,6.6,0.660000000000018));
#3634=CARTESIAN_POINT('Origin',(-0.230000000000002,6.6,0.660000000000018));
#3635=CARTESIAN_POINT('',(-0.230000000000002,6.6,3.20000000000002));
#3636=CARTESIAN_POINT('',(-0.230000000000002,6.6,3.20000000000002));
#3637=CARTESIAN_POINT('',(-0.230000000000002,6.6,0.660000000000018));
#3638=CARTESIAN_POINT('Origin',(-0.230000000000002,6.6,3.20000000000002));
#3639=CARTESIAN_POINT('',(-0.230000000000002,6.6,3.20000000000002));
#3640=CARTESIAN_POINT('Origin',(0.,6.6,0.));
#3641=CARTESIAN_POINT('',(-1.18,6.6,1.64));
#3642=CARTESIAN_POINT('',(-1.18,6.6,2.28));
#3643=CARTESIAN_POINT('',(-1.18,6.6,0.));
#3644=CARTESIAN_POINT('',(-1.82,6.6,1.64));
#3645=CARTESIAN_POINT('',(0.,6.6,1.64));
#3646=CARTESIAN_POINT('',(-1.82,6.6,2.28));
#3647=CARTESIAN_POINT('',(-1.82,6.6,0.));
#3648=CARTESIAN_POINT('',(0.,6.6,2.28));
#3649=CARTESIAN_POINT('Origin',(-1.475,8.06,2.1094237467878E-15));
#3650=CARTESIAN_POINT('',(-1.475,1.6,-0.51));
#3651=CARTESIAN_POINT('',(-1.475,1.6,2.1094237467878E-15));
#3652=CARTESIAN_POINT('',(-1.475,8.06,-0.51));
#3653=CARTESIAN_POINT('',(-1.475,8.06,2.1094237467878E-15));
#3654=CARTESIAN_POINT('',(-1.475,8.06,-0.51));
#3655=CARTESIAN_POINT('Origin',(-1.475,8.06,-0.51));
#3656=CARTESIAN_POINT('',(-0.475,1.6,-0.51));
#3657=CARTESIAN_POINT('',(-1.475,1.6,-0.51));
#3658=CARTESIAN_POINT('',(-0.475,8.06,-0.51));
#3659=CARTESIAN_POINT('',(-1.475,8.06,-0.51));
#3660=CARTESIAN_POINT('',(-0.475,8.06,-0.51));
#3661=CARTESIAN_POINT('Origin',(-0.475,8.06,-0.51));
#3662=CARTESIAN_POINT('',(-0.475,1.6,-0.51));
#3663=CARTESIAN_POINT('',(-0.475,8.06,-0.51));
#3664=CARTESIAN_POINT('Origin',(0.,8.06,0.));
#3665=CARTESIAN_POINT('Origin',(0.,1.6,0.));
#3666=CARTESIAN_POINT('Origin',(0.475,8.06,2.1094237467878E-15));
#3667=CARTESIAN_POINT('',(0.475,1.6,-0.51));
#3668=CARTESIAN_POINT('',(0.475,1.6,2.1094237467878E-15));
#3669=CARTESIAN_POINT('',(0.475,8.06,-0.51));
#3670=CARTESIAN_POINT('',(0.475,8.06,2.1094237467878E-15));
#3671=CARTESIAN_POINT('',(0.475,8.06,-0.51));
#3672=CARTESIAN_POINT('Origin',(0.475,8.06,-0.51));
#3673=CARTESIAN_POINT('',(1.475,1.6,-0.51));
#3674=CARTESIAN_POINT('',(0.475,1.6,-0.51));
#3675=CARTESIAN_POINT('',(1.475,8.06,-0.51));
#3676=CARTESIAN_POINT('',(0.475,8.06,-0.51));
#3677=CARTESIAN_POINT('',(1.475,8.06,-0.51));
#3678=CARTESIAN_POINT('Origin',(1.475,8.06,-0.51));
#3679=CARTESIAN_POINT('',(1.475,1.6,-0.51));
#3680=CARTESIAN_POINT('',(1.475,8.06,-0.51));
#3681=CARTESIAN_POINT('Origin',(0.,8.06,0.));
#3682=CARTESIAN_POINT('Origin',(0.,1.6,0.));
#3683=CARTESIAN_POINT('Origin',(1.82,2.4,2.28));
#3684=CARTESIAN_POINT('',(1.6,2.4,1.86));
#3685=CARTESIAN_POINT('',(1.6,2.4,2.06));
#3686=CARTESIAN_POINT('',(1.6,2.4,2.28));
#3687=CARTESIAN_POINT('',(1.4,2.4,2.06));
#3688=CARTESIAN_POINT('',(1.82,2.4,2.06));
#3689=CARTESIAN_POINT('',(1.4,2.4,1.86));
#3690=CARTESIAN_POINT('',(1.4,2.4,2.28));
#3691=CARTESIAN_POINT('',(1.82,2.4,1.86));
#3692=CARTESIAN_POINT('Origin',(1.82,0.,0.));
#3693=CARTESIAN_POINT('',(1.82,3.24,2.28));
#3694=CARTESIAN_POINT('',(1.82,9.2,2.28));
#3695=CARTESIAN_POINT('',(1.82,3.24,1.64));
#3696=CARTESIAN_POINT('',(1.82,3.24,1.64));
#3697=CARTESIAN_POINT('',(1.82,2.4,1.64));
#3698=CARTESIAN_POINT('Origin',(1.18,0.,0.));
#3699=CARTESIAN_POINT('',(1.18,3.24,1.64));
#3700=CARTESIAN_POINT('',(1.18,2.4,1.64));
#3701=CARTESIAN_POINT('',(1.18,3.24,2.28));
#3702=CARTESIAN_POINT('',(1.18,3.24,0.));
#3703=CARTESIAN_POINT('',(1.18,9.2,2.28));
#3704=CARTESIAN_POINT('Origin',(1.82,9.2,2.28));
#3705=CARTESIAN_POINT('',(1.82,3.24,2.28));
#3706=CARTESIAN_POINT('Origin',(1.82,2.4,1.64));
#3707=CARTESIAN_POINT('',(1.82,3.24,1.64));
#3708=CARTESIAN_POINT('Origin',(1.82,0.,0.));
#3709=CARTESIAN_POINT('',(1.82,8.56,-2.85));
#3710=CARTESIAN_POINT('',(1.82,8.56,1.64));
#3711=CARTESIAN_POINT('',(1.82,9.2,-2.85));
#3712=CARTESIAN_POINT('',(1.82,9.2,-2.85));
#3713=CARTESIAN_POINT('',(1.82,9.2,-3.69));
#3714=CARTESIAN_POINT('Origin',(1.18,0.,0.));
#3715=CARTESIAN_POINT('',(1.18,9.2,-2.85));
#3716=CARTESIAN_POINT('',(1.18,9.2,-3.69));
#3717=CARTESIAN_POINT('',(1.18,8.56,-2.85));
#3718=CARTESIAN_POINT('',(1.18,0.,-2.85));
#3719=CARTESIAN_POINT('',(1.18,8.56,1.64));
#3720=CARTESIAN_POINT('Origin',(1.82,8.56,1.64));
#3721=CARTESIAN_POINT('',(1.82,8.56,-2.85));
#3722=CARTESIAN_POINT('Origin',(1.82,8.56,-3.69));
#3723=CARTESIAN_POINT('',(1.6,8.98,-3.69));
#3724=CARTESIAN_POINT('',(1.6,8.78,-3.69));
#3725=CARTESIAN_POINT('',(1.6,8.56,-3.69));
#3726=CARTESIAN_POINT('',(1.4,8.78,-3.69));
#3727=CARTESIAN_POINT('',(1.82,8.78,-3.69));
#3728=CARTESIAN_POINT('',(1.4,8.98,-3.69));
#3729=CARTESIAN_POINT('',(1.4,8.56,-3.69));
#3730=CARTESIAN_POINT('',(1.82,8.98,-3.69));
#3731=CARTESIAN_POINT('Origin',(1.82,9.2,-3.69));
#3732=CARTESIAN_POINT('',(1.82,9.2,-2.85));
#3733=CARTESIAN_POINT('Origin',(1.82,9.2,-2.85));
#3734=CARTESIAN_POINT('',(1.42533399800598,8.95466600199402,-3.7867298105683));
#3735=CARTESIAN_POINT('',(1.82,9.2,-2.85));
#3736=CARTESIAN_POINT('Origin',(1.82,0.,-2.85));
#3737=CARTESIAN_POINT('',(2.33633100697906,8.04366899302094,-0.878554336989037));
#3738=CARTESIAN_POINT('Origin',(1.4,8.56,-3.69));
#3739=CARTESIAN_POINT('',(1.3867298105683,8.76672981056829,-3.63933200398804));
#3740=CARTESIAN_POINT('Origin',(1.82,8.78,-3.69));
#3741=CARTESIAN_POINT('Origin',(1.82,3.24,1.64));
#3742=CARTESIAN_POINT('',(1.42533399800598,2.3032701894317,1.88533399800598));
#3743=CARTESIAN_POINT('',(1.82,3.24,1.64));
#3744=CARTESIAN_POINT('Origin',(1.82,3.24,0.));
#3745=CARTESIAN_POINT('',(1.68247258225324,2.71489531405783,2.14247258225324));
#3746=CARTESIAN_POINT('Origin',(1.4,2.4,2.28));
#3747=CARTESIAN_POINT('',(1.3867298105683,2.45066799601196,2.0732701894317));
#3748=CARTESIAN_POINT('Origin',(1.82,2.4,2.06));
#3749=CARTESIAN_POINT('Origin',(-1.18,2.4,2.28));
#3750=CARTESIAN_POINT('',(-1.4,2.4,1.86));
#3751=CARTESIAN_POINT('',(-1.4,2.4,2.06));
#3752=CARTESIAN_POINT('',(-1.4,2.4,2.28));
#3753=CARTESIAN_POINT('',(-1.6,2.4,2.06));
#3754=CARTESIAN_POINT('',(-1.18,2.4,2.06));
#3755=CARTESIAN_POINT('',(-1.6,2.4,1.86));
#3756=CARTESIAN_POINT('',(-1.6,2.4,2.28));
#3757=CARTESIAN_POINT('',(-1.18,2.4,1.86));
#3758=CARTESIAN_POINT('Origin',(-1.18,0.,0.));
#3759=CARTESIAN_POINT('',(-1.18,3.24,2.28));
#3760=CARTESIAN_POINT('',(-1.18,9.2,2.28));
#3761=CARTESIAN_POINT('',(-1.18,3.24,1.64));
#3762=CARTESIAN_POINT('',(-1.18,3.24,1.64));
#3763=CARTESIAN_POINT('',(-1.18,2.4,1.64));
#3764=CARTESIAN_POINT('Origin',(-1.82,0.,0.));
#3765=CARTESIAN_POINT('',(-1.82,3.24,1.64));
#3766=CARTESIAN_POINT('',(-1.82,2.4,1.64));
#3767=CARTESIAN_POINT('',(-1.82,3.24,2.28));
#3768=CARTESIAN_POINT('',(-1.82,3.24,0.));
#3769=CARTESIAN_POINT('',(-1.82,9.2,2.28));
#3770=CARTESIAN_POINT('Origin',(-1.18,9.2,2.28));
#3771=CARTESIAN_POINT('',(-1.18,3.24,2.28));
#3772=CARTESIAN_POINT('Origin',(-1.18,2.4,1.64));
#3773=CARTESIAN_POINT('',(-1.18,3.24,1.64));
#3774=CARTESIAN_POINT('Origin',(-1.18,0.,0.));
#3775=CARTESIAN_POINT('',(-1.18,8.56,-2.85));
#3776=CARTESIAN_POINT('',(-1.18,8.56,1.64));
#3777=CARTESIAN_POINT('',(-1.18,9.2,-2.85));
#3778=CARTESIAN_POINT('',(-1.18,9.2,-2.85));
#3779=CARTESIAN_POINT('',(-1.18,9.2,-3.69));
#3780=CARTESIAN_POINT('Origin',(-1.82,0.,0.));
#3781=CARTESIAN_POINT('',(-1.82,9.2,-2.85));
#3782=CARTESIAN_POINT('',(-1.82,9.2,-3.69));
#3783=CARTESIAN_POINT('',(-1.82,8.56,-2.85));
#3784=CARTESIAN_POINT('',(-1.82,0.,-2.85));
#3785=CARTESIAN_POINT('',(-1.82,8.56,1.64));
#3786=CARTESIAN_POINT('Origin',(-1.18,8.56,1.64));
#3787=CARTESIAN_POINT('',(-1.18,8.56,-2.85));
#3788=CARTESIAN_POINT('Origin',(-1.18,8.56,-3.69));
#3789=CARTESIAN_POINT('',(-1.4,8.98,-3.69));
#3790=CARTESIAN_POINT('',(-1.4,8.78,-3.69));
#3791=CARTESIAN_POINT('',(-1.4,8.56,-3.69));
#3792=CARTESIAN_POINT('',(-1.6,8.78,-3.69));
#3793=CARTESIAN_POINT('',(-1.18,8.78,-3.69));
#3794=CARTESIAN_POINT('',(-1.6,8.98,-3.69));
#3795=CARTESIAN_POINT('',(-1.6,8.56,-3.69));
#3796=CARTESIAN_POINT('',(-1.18,8.98,-3.69));
#3797=CARTESIAN_POINT('Origin',(-1.18,9.2,-3.69));
#3798=CARTESIAN_POINT('',(-1.18,9.2,-2.85));
#3799=CARTESIAN_POINT('Origin',(-1.18,9.2,-2.85));
#3800=CARTESIAN_POINT('',(-1.57466600199402,8.95466600199402,-3.7867298105683));
#3801=CARTESIAN_POINT('',(-1.18,9.2,-2.85));
#3802=CARTESIAN_POINT('Origin',(-1.18,0.,-2.85));
#3803=CARTESIAN_POINT('',(-0.663668993020938,8.04366899302094,-0.878554336989037));
#3804=CARTESIAN_POINT('Origin',(-1.6,8.56,-3.69));
#3805=CARTESIAN_POINT('',(-1.6132701894317,8.76672981056829,-3.63933200398804));
#3806=CARTESIAN_POINT('Origin',(-1.18,8.78,-3.69));
#3807=CARTESIAN_POINT('Origin',(-1.18,3.24,1.64));
#3808=CARTESIAN_POINT('',(-1.57466600199402,2.3032701894317,1.88533399800598));
#3809=CARTESIAN_POINT('',(-1.18,3.24,1.64));
#3810=CARTESIAN_POINT('Origin',(-1.18,3.24,0.));
#3811=CARTESIAN_POINT('',(-1.31752741774676,2.71489531405783,2.14247258225324));
#3812=CARTESIAN_POINT('Origin',(-1.6,2.4,2.28));
#3813=CARTESIAN_POINT('',(-1.61327018943171,2.45066799601196,2.0732701894317));
#3814=CARTESIAN_POINT('Origin',(-1.18,2.4,2.06));
#3815=CARTESIAN_POINT('Origin',(3.4178,5.87,-2.11));
#3816=CARTESIAN_POINT('',(3.875,5.725,-1.65));
#3817=CARTESIAN_POINT('',(3.875,5.87,-2.11));
#3818=CARTESIAN_POINT('',(3.875,5.87,-2.11));
#3819=CARTESIAN_POINT('',(3.4178,5.87,-2.11));
#3820=CARTESIAN_POINT('',(3.4178,5.87,-2.11));
#3821=CARTESIAN_POINT('',(3.4178,5.725,-1.65));
#3822=CARTESIAN_POINT('',(3.4178,5.87,-2.11));
#3823=CARTESIAN_POINT('',(3.4178,5.725,-1.65));
#3824=CARTESIAN_POINT('Origin',(3.4178,5.465,-2.54));
#3825=CARTESIAN_POINT('',(3.875,5.465,-2.54));
#3826=CARTESIAN_POINT('',(3.875,5.465,-2.54));
#3827=CARTESIAN_POINT('',(3.4178,5.465,-2.54));
#3828=CARTESIAN_POINT('',(3.4178,5.465,-2.54));
#3829=CARTESIAN_POINT('',(3.4178,5.465,-2.54));
#3830=CARTESIAN_POINT('Origin',(3.4178,5.005,-2.54));
#3831=CARTESIAN_POINT('',(3.875,5.005,-2.54));
#3832=CARTESIAN_POINT('',(3.875,5.005,-2.54));
#3833=CARTESIAN_POINT('',(3.4178,5.005,-2.54));
#3834=CARTESIAN_POINT('',(3.4178,5.005,-2.54));
#3835=CARTESIAN_POINT('',(3.4178,5.005,-2.54));
#3836=CARTESIAN_POINT('Origin',(3.4178,5.21,-1.85));
#3837=CARTESIAN_POINT('',(3.875,5.21,-1.85));
#3838=CARTESIAN_POINT('',(3.875,5.21,-1.85));
#3839=CARTESIAN_POINT('',(3.4178,5.21,-1.85));
#3840=CARTESIAN_POINT('',(3.4178,5.21,-1.85));
#3841=CARTESIAN_POINT('',(3.4178,5.21,-1.85));
#3842=CARTESIAN_POINT('Origin',(3.875,4.24,0.380000000000001));
#3843=CARTESIAN_POINT('',(3.875,5.21,0.380000000000001));
#3844=CARTESIAN_POINT('',(3.875,5.725,-1.65));
#3845=CARTESIAN_POINT('Origin',(3.4178,4.24,0.380000000000001));
#3846=CARTESIAN_POINT('',(3.4178,5.21,0.380000000000001));
#3847=CARTESIAN_POINT('',(3.4178,5.725,-1.65));
#3848=CARTESIAN_POINT('Origin',(3.4178,5.725,-1.65));
#3849=CARTESIAN_POINT('Origin',(3.4178,5.21,0.380000000000001));
#3850=CARTESIAN_POINT('Origin',(3.4178,4.24,0.380000000000001));
#3851=CARTESIAN_POINT('',(3.4178,3.475,-1.65));
#3852=CARTESIAN_POINT('',(3.4178,3.475,1.7));
#3853=CARTESIAN_POINT('',(3.4178,3.99,-1.85));
#3854=CARTESIAN_POINT('',(3.4178,3.99,-1.85));
#3855=CARTESIAN_POINT('',(3.4178,4.195,-2.54));
#3856=CARTESIAN_POINT('',(3.4178,4.195,-2.54));
#3857=CARTESIAN_POINT('',(3.4178,3.735,-2.54));
#3858=CARTESIAN_POINT('',(3.4178,3.735,-2.54));
#3859=CARTESIAN_POINT('',(3.4178,3.33,-2.11));
#3860=CARTESIAN_POINT('',(3.4178,3.33,-2.11));
#3861=CARTESIAN_POINT('',(3.4178,3.475,-1.65));
#3862=CARTESIAN_POINT('Origin',(3.875,4.24,0.380000000000001));
#3863=CARTESIAN_POINT('',(3.875,3.475,-1.65));
#3864=CARTESIAN_POINT('',(3.875,3.475,1.7));
#3865=CARTESIAN_POINT('',(3.875,3.33,-2.11));
#3866=CARTESIAN_POINT('',(3.875,3.475,-1.65));
#3867=CARTESIAN_POINT('',(3.875,3.735,-2.54));
#3868=CARTESIAN_POINT('',(3.875,3.33,-2.11));
#3869=CARTESIAN_POINT('',(3.875,4.195,-2.54));
#3870=CARTESIAN_POINT('',(3.875,3.735,-2.54));
#3871=CARTESIAN_POINT('',(3.875,3.99,-1.85));
#3872=CARTESIAN_POINT('',(3.875,4.195,-2.54));
#3873=CARTESIAN_POINT('',(3.875,3.99,-1.85));
#3874=CARTESIAN_POINT('Origin',(3.4178,3.475,-1.65));
#3875=CARTESIAN_POINT('',(3.4178,3.475,-1.65));
#3876=CARTESIAN_POINT('',(3.4178,3.33,-2.11));
#3877=CARTESIAN_POINT('Origin',(3.4178,3.33,-2.11));
#3878=CARTESIAN_POINT('',(3.4178,3.735,-2.54));
#3879=CARTESIAN_POINT('Origin',(3.4178,3.735,-2.54));
#3880=CARTESIAN_POINT('',(3.4178,4.195,-2.54));
#3881=CARTESIAN_POINT('Origin',(3.4178,4.195,-2.54));
#3882=CARTESIAN_POINT('',(3.4178,3.99,-1.85));
#3883=CARTESIAN_POINT('Origin',(3.4178,3.99,-1.85));
#3884=CARTESIAN_POINT('Origin',(3.4178,3.475,1.7));
#3885=CARTESIAN_POINT('Origin',(4.095,7.79,0.272799999999994));
#3886=CARTESIAN_POINT('',(4.095,7.15,-0.377200000000004));
#3887=CARTESIAN_POINT('Origin',(4.095,7.15,0.272799999999994));
#3888=CARTESIAN_POINT('',(4.095,7.79,-0.377200000000004));
#3889=CARTESIAN_POINT('Origin',(4.095,7.79,0.272799999999994));
#3890=CARTESIAN_POINT('',(4.095,7.79,-0.377200000000004));
#3891=CARTESIAN_POINT('Origin',(4.095,7.79,-0.377200000000004));
#3892=CARTESIAN_POINT('',(4.775,7.15,-0.377200000000005));
#3893=CARTESIAN_POINT('',(4.095,7.15,-0.377200000000004));
#3894=CARTESIAN_POINT('',(4.775,7.79,-0.377200000000005));
#3895=CARTESIAN_POINT('',(4.095,7.79,-0.377200000000004));
#3896=CARTESIAN_POINT('',(4.775,7.79,-0.377200000000005));
#3897=CARTESIAN_POINT('Origin',(4.775,7.79,-0.377200000000005));
#3898=CARTESIAN_POINT('',(4.775,7.15,0.0727999999999929));
#3899=CARTESIAN_POINT('',(4.775,7.15,-0.377200000000005));
#3900=CARTESIAN_POINT('',(4.775,7.79,0.0727999999999929));
#3901=CARTESIAN_POINT('',(4.775,7.79,-0.377200000000005));
#3902=CARTESIAN_POINT('',(4.775,7.79,0.0727999999999929));
#3903=CARTESIAN_POINT('Origin',(4.775,7.79,0.0727999999999954));
#3904=CARTESIAN_POINT('',(4.095,7.15,0.0727999999999954));
#3905=CARTESIAN_POINT('',(4.775,7.15,0.0727999999999954));
#3906=CARTESIAN_POINT('',(4.095,7.79,0.0727999999999954));
#3907=CARTESIAN_POINT('',(4.775,7.79,0.0727999999999954));
#3908=CARTESIAN_POINT('',(4.095,7.79,0.0727999999999954));
#3909=CARTESIAN_POINT('Origin',(4.095,7.79,0.272799999999995));
#3910=CARTESIAN_POINT('Origin',(4.095,7.79,0.272799999999995));
#3911=CARTESIAN_POINT('Origin',(4.095,7.15,0.272799999999995));
#3912=CARTESIAN_POINT('Origin',(4.095,7.79,0.272799999999994));
#3913=CARTESIAN_POINT('Origin',(4.095,7.15,0.272799999999994));
#3914=CARTESIAN_POINT('Origin',(-3.4178,5.21,-1.85));
#3915=CARTESIAN_POINT('',(-3.875,5.005,-2.54));
#3916=CARTESIAN_POINT('',(-3.875,5.21,-1.85));
#3917=CARTESIAN_POINT('',(-3.875,5.21,-1.85));
#3918=CARTESIAN_POINT('',(-3.4178,5.005,-2.54));
#3919=CARTESIAN_POINT('',(-3.4178,5.005,-2.54));
#3920=CARTESIAN_POINT('',(-3.4178,5.21,-1.85));
#3921=CARTESIAN_POINT('',(-3.4178,5.21,-1.85));
#3922=CARTESIAN_POINT('',(-3.4178,5.21,-1.85));
#3923=CARTESIAN_POINT('Origin',(-3.4178,5.005,-2.54));
#3924=CARTESIAN_POINT('',(-3.875,5.465,-2.54));
#3925=CARTESIAN_POINT('',(-3.875,5.005,-2.54));
#3926=CARTESIAN_POINT('',(-3.4178,5.465,-2.54));
#3927=CARTESIAN_POINT('',(-3.4178,5.465,-2.54));
#3928=CARTESIAN_POINT('',(-3.4178,5.005,-2.54));
#3929=CARTESIAN_POINT('Origin',(-3.4178,5.465,-2.54));
#3930=CARTESIAN_POINT('',(-3.875,5.87,-2.11));
#3931=CARTESIAN_POINT('',(-3.875,5.465,-2.54));
#3932=CARTESIAN_POINT('',(-3.4178,5.87,-2.11));
#3933=CARTESIAN_POINT('',(-3.4178,5.87,-2.11));
#3934=CARTESIAN_POINT('',(-3.4178,5.465,-2.54));
#3935=CARTESIAN_POINT('Origin',(-3.4178,5.87,-2.11));
#3936=CARTESIAN_POINT('',(-3.875,5.725,-1.65));
#3937=CARTESIAN_POINT('',(-3.875,5.87,-2.11));
#3938=CARTESIAN_POINT('',(-3.4178,5.725,-1.65));
#3939=CARTESIAN_POINT('',(-3.4178,5.725,-1.65));
#3940=CARTESIAN_POINT('',(-3.4178,5.87,-2.11));
#3941=CARTESIAN_POINT('Origin',(-3.875,4.24,0.380000000000001));
#3942=CARTESIAN_POINT('',(-3.875,5.21,0.380000000000001));
#3943=CARTESIAN_POINT('',(-3.875,5.725,-1.65));
#3944=CARTESIAN_POINT('Origin',(-3.4178,4.24,0.380000000000001));
#3945=CARTESIAN_POINT('',(-3.4178,5.21,0.380000000000001));
#3946=CARTESIAN_POINT('',(-3.4178,5.725,-1.65));
#3947=CARTESIAN_POINT('Origin',(-3.4178,5.725,-1.65));
#3948=CARTESIAN_POINT('Origin',(-3.4178,5.21,0.380000000000001));
#3949=CARTESIAN_POINT('Origin',(-3.4178,4.24,0.380000000000001));
#3950=CARTESIAN_POINT('',(-3.4178,3.475,-1.65));
#3951=CARTESIAN_POINT('',(-3.4178,3.475,1.7));
#3952=CARTESIAN_POINT('',(-3.4178,3.33,-2.11));
#3953=CARTESIAN_POINT('',(-3.4178,3.475,-1.65));
#3954=CARTESIAN_POINT('',(-3.4178,3.735,-2.54));
#3955=CARTESIAN_POINT('',(-3.4178,3.33,-2.11));
#3956=CARTESIAN_POINT('',(-3.4178,4.195,-2.54));
#3957=CARTESIAN_POINT('',(-3.4178,3.735,-2.54));
#3958=CARTESIAN_POINT('',(-3.4178,3.99,-1.85));
#3959=CARTESIAN_POINT('',(-3.4178,4.195,-2.54));
#3960=CARTESIAN_POINT('',(-3.4178,3.99,-1.85));
#3961=CARTESIAN_POINT('Origin',(-3.875,4.24,0.380000000000001));
#3962=CARTESIAN_POINT('',(-3.875,3.475,-1.65));
#3963=CARTESIAN_POINT('',(-3.875,3.475,1.7));
#3964=CARTESIAN_POINT('',(-3.875,3.99,-1.85));
#3965=CARTESIAN_POINT('',(-3.875,3.99,-1.85));
#3966=CARTESIAN_POINT('',(-3.875,4.195,-2.54));
#3967=CARTESIAN_POINT('',(-3.875,4.195,-2.54));
#3968=CARTESIAN_POINT('',(-3.875,3.735,-2.54));
#3969=CARTESIAN_POINT('',(-3.875,3.735,-2.54));
#3970=CARTESIAN_POINT('',(-3.875,3.33,-2.11));
#3971=CARTESIAN_POINT('',(-3.875,3.33,-2.11));
#3972=CARTESIAN_POINT('',(-3.875,3.475,-1.65));
#3973=CARTESIAN_POINT('Origin',(-3.4178,3.475,-1.65));
#3974=CARTESIAN_POINT('',(-3.4178,3.33,-2.11));
#3975=CARTESIAN_POINT('',(-3.4178,3.475,-1.65));
#3976=CARTESIAN_POINT('Origin',(-3.4178,3.33,-2.11));
#3977=CARTESIAN_POINT('',(-3.4178,3.735,-2.54));
#3978=CARTESIAN_POINT('Origin',(-3.4178,3.735,-2.54));
#3979=CARTESIAN_POINT('',(-3.4178,4.195,-2.54));
#3980=CARTESIAN_POINT('Origin',(-3.4178,4.195,-2.54));
#3981=CARTESIAN_POINT('',(-3.4178,3.99,-1.85));
#3982=CARTESIAN_POINT('Origin',(-3.4178,3.99,-1.85));
#3983=CARTESIAN_POINT('Origin',(-3.4178,3.475,1.7));
#3984=CARTESIAN_POINT('Origin',(-4.095,7.79,0.272799999999995));
#3985=CARTESIAN_POINT('',(-4.095,7.15,-0.377200000000004));
#3986=CARTESIAN_POINT('Origin',(-4.095,7.15,0.272799999999995));
#3987=CARTESIAN_POINT('',(-4.095,7.79,-0.377200000000004));
#3988=CARTESIAN_POINT('',(-4.095,7.79,-0.377200000000004));
#3989=CARTESIAN_POINT('Origin',(-4.095,7.79,0.272799999999995));
#3990=CARTESIAN_POINT('Origin',(-4.095,7.79,-0.377200000000004));
#3991=CARTESIAN_POINT('',(-4.775,7.15,-0.377200000000005));
#3992=CARTESIAN_POINT('',(-4.095,7.15,-0.377200000000004));
#3993=CARTESIAN_POINT('',(-4.775,7.79,-0.377200000000005));
#3994=CARTESIAN_POINT('',(-4.775,7.79,-0.377200000000005));
#3995=CARTESIAN_POINT('',(-4.095,7.79,-0.377200000000004));
#3996=CARTESIAN_POINT('Origin',(-4.775,7.79,-0.377200000000005));
#3997=CARTESIAN_POINT('',(-4.775,7.15,0.0727999999999929));
#3998=CARTESIAN_POINT('',(-4.775,7.15,-0.377200000000005));
#3999=CARTESIAN_POINT('',(-4.775,7.79,0.0727999999999929));
#4000=CARTESIAN_POINT('',(-4.775,7.79,0.0727999999999929));
#4001=CARTESIAN_POINT('',(-4.775,7.79,-0.377200000000005));
#4002=CARTESIAN_POINT('Origin',(-4.775,7.79,0.0727999999999954));
#4003=CARTESIAN_POINT('',(-4.095,7.15,0.0727999999999954));
#4004=CARTESIAN_POINT('',(-4.775,7.15,0.0727999999999954));
#4005=CARTESIAN_POINT('',(-4.095,7.79,0.0727999999999954));
#4006=CARTESIAN_POINT('',(-4.095,7.79,0.0727999999999954));
#4007=CARTESIAN_POINT('',(-4.775,7.79,0.0727999999999954));
#4008=CARTESIAN_POINT('Origin',(-4.095,7.79,0.272799999999995));
#4009=CARTESIAN_POINT('Origin',(-4.095,7.79,0.272799999999995));
#4010=CARTESIAN_POINT('Origin',(-4.095,7.15,0.272799999999995));
#4011=CARTESIAN_POINT('Origin',(-4.095,7.79,0.272799999999995));
#4012=CARTESIAN_POINT('Origin',(-4.095,7.15,0.272799999999995));
#4013=UNCERTAINTY_MEASURE_WITH_UNIT(LENGTH_MEASURE(0.01),#4017,
'DISTANCE_ACCURACY_VALUE',
'Maximum model space distance between geometric entities at asserted c
onnectivities');
#4014=UNCERTAINTY_MEASURE_WITH_UNIT(LENGTH_MEASURE(0.01),#4017,
'DISTANCE_ACCURACY_VALUE',
'Maximum model space distance between geometric entities at asserted c
onnectivities');
#4015=(
GEOMETRIC_REPRESENTATION_CONTEXT(3)
GLOBAL_UNCERTAINTY_ASSIGNED_CONTEXT((#4013))
GLOBAL_UNIT_ASSIGNED_CONTEXT((#4017,#4019,#4020))
REPRESENTATION_CONTEXT('','3D')
);
#4016=(
GEOMETRIC_REPRESENTATION_CONTEXT(3)
GLOBAL_UNCERTAINTY_ASSIGNED_CONTEXT((#4014))
GLOBAL_UNIT_ASSIGNED_CONTEXT((#4017,#4019,#4020))
REPRESENTATION_CONTEXT('','3D')
);
#4017=(
LENGTH_UNIT()
NAMED_UNIT(*)
SI_UNIT(.MILLI.,.METRE.)
);
#4018=(
LENGTH_UNIT()
NAMED_UNIT(*)
SI_UNIT($,.METRE.)
);
#4019=(
NAMED_UNIT(*)
PLANE_ANGLE_UNIT()
SI_UNIT($,.RADIAN.)
);
#4020=(
NAMED_UNIT(*)
SI_UNIT($,.STERADIAN.)
SOLID_ANGLE_UNIT()
);
#4021=SHAPE_DEFINITION_REPRESENTATION(#4022,#4023);
#4022=PRODUCT_DEFINITION_SHAPE('',$,#4025);
#4023=SHAPE_REPRESENTATION('',(#2559),#4015);
#4024=PRODUCT_DEFINITION_CONTEXT('part definition',#4029,'design');
#4025=PRODUCT_DEFINITION('0436500203','(Nicht gespeichert)',#4026,#4024);
#4026=PRODUCT_DEFINITION_FORMATION('',$,#4031);
#4027=PRODUCT_RELATED_PRODUCT_CATEGORY('(Nicht gespeichert)',
'(Nicht gespeichert)',(#4031));
#4028=APPLICATION_PROTOCOL_DEFINITION('international standard',
'automotive_design',2009,#4029);
#4029=APPLICATION_CONTEXT(
'Core Data for Automotive Mechanical Design Process');
#4030=PRODUCT_CONTEXT('part definition',#4029,'mechanical');
#4031=PRODUCT('0436500203','(Nicht gespeichert)','STEP AP242',(#4030));
#4032=PRESENTATION_STYLE_ASSIGNMENT((#4035));
#4033=PRESENTATION_STYLE_ASSIGNMENT((#4036));
#4034=PRESENTATION_STYLE_ASSIGNMENT((#4037));
#4035=SURFACE_STYLE_USAGE(.BOTH.,#4038);
#4036=SURFACE_STYLE_USAGE(.BOTH.,#4039);
#4037=SURFACE_STYLE_USAGE(.BOTH.,#4040);
#4038=SURFACE_SIDE_STYLE('',(#4041));
#4039=SURFACE_SIDE_STYLE('',(#4042));
#4040=SURFACE_SIDE_STYLE('',(#4043));
#4041=SURFACE_STYLE_FILL_AREA(#4044);
#4042=SURFACE_STYLE_FILL_AREA(#4045);
#4043=SURFACE_STYLE_FILL_AREA(#4046);
#4044=FILL_AREA_STYLE('Stahl - satiniert',(#4047));
#4045=FILL_AREA_STYLE('ABS (Schwarz)',(#4048));
#4046=FILL_AREA_STYLE('Aluminium - satiniert',(#4049));
#4047=FILL_AREA_STYLE_COLOUR('Stahl - satiniert',#4050);
#4048=FILL_AREA_STYLE_COLOUR('ABS (Schwarz)',#4051);
#4049=FILL_AREA_STYLE_COLOUR('Aluminium - satiniert',#4052);
#4050=COLOUR_RGB('Stahl - satiniert',0.627450980392157,0.627450980392157,
0.627450980392157);
#4051=COLOUR_RGB('ABS (Schwarz)',0.250980392156863,0.250980392156863,0.250980392156863);
#4052=COLOUR_RGB('Aluminium - satiniert',0.96078431372549,0.96078431372549,
0.964705882352941);
ENDSEC;
END-ISO-10303-21;
