ISO-10303-21;
HEADER;
/* Generated by software containing ST-Developer
 * from STEP Tools, Inc. (www.steptools.com) 
 */

FILE_DESCRIPTION(
/* description */ (''),
/* implementation_level */ '2;1');

FILE_NAME(
/* name */ 'Molex_MicroFit-2Pos.step',
/* time_stamp */ '2026-09-23T00:18:44+02:00',
/* author */ (''),
/* organization */ (''),
/* preprocessor_version */ 'ST-DEVELOPER v20.2',
/* originating_system */ 'Autodesk Translation Framework v15.15.0.0',
/* authorisation */ '');

FILE_SCHEMA (('AUTOMOTIVE_DESIGN { 1 0 10303 214 3 1 1 }'));
ENDSEC;

DATA;
#10=MECHANICAL_DESIGN_GEOMETRIC_PRESENTATION_REPRESENTATION('',(#2041,#2042,
#2043,#2044,#2045,#2046,#2047,#2048,#2049,#2050,#2051,#2052,#2053,#2054,
#2055,#2056,#2057,#2058,#2059,#2060,#2061,#2062,#2063,#2064,#2065,#2066,
#2067,#2068,#2069,#2070,#2071,#2072,#2073,#2074,#2075,#2076,#2077,#2078,
#2079,#2080,#2081,#2082,#2083,#2084,#2085,#2086,#2087,#2088,#2089,#2090,
#2091,#2092,#2093,#2094,#2095,#2096,#2097,#2098,#2099,#2100,#2101,#2102,
#2103,#2104,#2105,#2106,#2107,#2108,#2109),#3500);
#11=SHAPE_REPRESENTATION_RELATIONSHIP('SRR','None',#3507,#12);
#12=ADVANCED_BREP_SHAPE_REPRESENTATION('',(#13),#3499);
#13=MANIFOLD_SOLID_BREP('Body1',#2230);
#14=FACE_BOUND('',#152,.T.);
#15=FACE_BOUND('',#153,.T.);
#16=FACE_BOUND('',#154,.T.);
#17=FACE_BOUND('',#155,.T.);
#18=FACE_BOUND('',#248,.T.);
#19=FACE_BOUND('',#255,.T.);
#20=FACE_BOUND('',#268,.T.);
#21=FACE_BOUND('',#269,.T.);
#22=FACE_BOUND('',#271,.T.);
#23=FACE_OUTER_BOUND('',#143,.T.);
#24=FACE_OUTER_BOUND('',#144,.T.);
#25=FACE_OUTER_BOUND('',#145,.T.);
#26=FACE_OUTER_BOUND('',#146,.T.);
#27=FACE_OUTER_BOUND('',#147,.T.);
#28=FACE_OUTER_BOUND('',#148,.T.);
#29=FACE_OUTER_BOUND('',#149,.T.);
#30=FACE_OUTER_BOUND('',#150,.T.);
#31=FACE_OUTER_BOUND('',#151,.T.);
#32=FACE_OUTER_BOUND('',#156,.T.);
#33=FACE_OUTER_BOUND('',#157,.T.);
#34=FACE_OUTER_BOUND('',#158,.T.);
#35=FACE_OUTER_BOUND('',#159,.T.);
#36=FACE_OUTER_BOUND('',#160,.T.);
#37=FACE_OUTER_BOUND('',#161,.T.);
#38=FACE_OUTER_BOUND('',#162,.T.);
#39=FACE_OUTER_BOUND('',#163,.T.);
#40=FACE_OUTER_BOUND('',#164,.T.);
#41=FACE_OUTER_BOUND('',#165,.T.);
#42=FACE_OUTER_BOUND('',#166,.T.);
#43=FACE_OUTER_BOUND('',#167,.T.);
#44=FACE_OUTER_BOUND('',#168,.T.);
#45=FACE_OUTER_BOUND('',#169,.T.);
#46=FACE_OUTER_BOUND('',#170,.T.);
#47=FACE_OUTER_BOUND('',#171,.T.);
#48=FACE_OUTER_BOUND('',#172,.T.);
#49=FACE_OUTER_BOUND('',#173,.T.);
#50=FACE_OUTER_BOUND('',#174,.T.);
#51=FACE_OUTER_BOUND('',#175,.T.);
#52=FACE_OUTER_BOUND('',#176,.T.);
#53=FACE_OUTER_BOUND('',#177,.T.);
#54=FACE_OUTER_BOUND('',#178,.T.);
#55=FACE_OUTER_BOUND('',#179,.T.);
#56=FACE_OUTER_BOUND('',#180,.T.);
#57=FACE_OUTER_BOUND('',#181,.T.);
#58=FACE_OUTER_BOUND('',#182,.T.);
#59=FACE_OUTER_BOUND('',#183,.T.);
#60=FACE_OUTER_BOUND('',#184,.T.);
#61=FACE_OUTER_BOUND('',#185,.T.);
#62=FACE_OUTER_BOUND('',#186,.T.);
#63=FACE_OUTER_BOUND('',#187,.T.);
#64=FACE_OUTER_BOUND('',#188,.T.);
#65=FACE_OUTER_BOUND('',#189,.T.);
#66=FACE_OUTER_BOUND('',#190,.T.);
#67=FACE_OUTER_BOUND('',#191,.T.);
#68=FACE_OUTER_BOUND('',#192,.T.);
#69=FACE_OUTER_BOUND('',#193,.T.);
#70=FACE_OUTER_BOUND('',#194,.T.);
#71=FACE_OUTER_BOUND('',#195,.T.);
#72=FACE_OUTER_BOUND('',#196,.T.);
#73=FACE_OUTER_BOUND('',#197,.T.);
#74=FACE_OUTER_BOUND('',#198,.T.);
#75=FACE_OUTER_BOUND('',#199,.T.);
#76=FACE_OUTER_BOUND('',#200,.T.);
#77=FACE_OUTER_BOUND('',#201,.T.);
#78=FACE_OUTER_BOUND('',#202,.T.);
#79=FACE_OUTER_BOUND('',#203,.T.);
#80=FACE_OUTER_BOUND('',#204,.T.);
#81=FACE_OUTER_BOUND('',#205,.T.);
#82=FACE_OUTER_BOUND('',#206,.T.);
#83=FACE_OUTER_BOUND('',#207,.T.);
#84=FACE_OUTER_BOUND('',#208,.T.);
#85=FACE_OUTER_BOUND('',#209,.T.);
#86=FACE_OUTER_BOUND('',#210,.T.);
#87=FACE_OUTER_BOUND('',#211,.T.);
#88=FACE_OUTER_BOUND('',#212,.T.);
#89=FACE_OUTER_BOUND('',#213,.T.);
#90=FACE_OUTER_BOUND('',#214,.T.);
#91=FACE_OUTER_BOUND('',#215,.T.);
#92=FACE_OUTER_BOUND('',#216,.T.);
#93=FACE_OUTER_BOUND('',#217,.T.);
#94=FACE_OUTER_BOUND('',#218,.T.);
#95=FACE_OUTER_BOUND('',#219,.T.);
#96=FACE_OUTER_BOUND('',#220,.T.);
#97=FACE_OUTER_BOUND('',#221,.T.);
#98=FACE_OUTER_BOUND('',#222,.T.);
#99=FACE_OUTER_BOUND('',#223,.T.);
#100=FACE_OUTER_BOUND('',#224,.T.);
#101=FACE_OUTER_BOUND('',#225,.T.);
#102=FACE_OUTER_BOUND('',#226,.T.);
#103=FACE_OUTER_BOUND('',#227,.T.);
#104=FACE_OUTER_BOUND('',#228,.T.);
#105=FACE_OUTER_BOUND('',#229,.T.);
#106=FACE_OUTER_BOUND('',#230,.T.);
#107=FACE_OUTER_BOUND('',#231,.T.);
#108=FACE_OUTER_BOUND('',#232,.T.);
#109=FACE_OUTER_BOUND('',#233,.T.);
#110=FACE_OUTER_BOUND('',#234,.T.);
#111=FACE_OUTER_BOUND('',#235,.T.);
#112=FACE_OUTER_BOUND('',#236,.T.);
#113=FACE_OUTER_BOUND('',#237,.T.);
#114=FACE_OUTER_BOUND('',#238,.T.);
#115=FACE_OUTER_BOUND('',#239,.T.);
#116=FACE_OUTER_BOUND('',#240,.T.);
#117=FACE_OUTER_BOUND('',#241,.T.);
#118=FACE_OUTER_BOUND('',#242,.T.);
#119=FACE_OUTER_BOUND('',#243,.T.);
#120=FACE_OUTER_BOUND('',#244,.T.);
#121=FACE_OUTER_BOUND('',#245,.T.);
#122=FACE_OUTER_BOUND('',#246,.T.);
#123=FACE_OUTER_BOUND('',#247,.T.);
#124=FACE_OUTER_BOUND('',#249,.T.);
#125=FACE_OUTER_BOUND('',#250,.T.);
#126=FACE_OUTER_BOUND('',#251,.T.);
#127=FACE_OUTER_BOUND('',#252,.T.);
#128=FACE_OUTER_BOUND('',#253,.T.);
#129=FACE_OUTER_BOUND('',#254,.T.);
#130=FACE_OUTER_BOUND('',#256,.T.);
#131=FACE_OUTER_BOUND('',#257,.T.);
#132=FACE_OUTER_BOUND('',#258,.T.);
#133=FACE_OUTER_BOUND('',#259,.T.);
#134=FACE_OUTER_BOUND('',#260,.T.);
#135=FACE_OUTER_BOUND('',#261,.T.);
#136=FACE_OUTER_BOUND('',#262,.T.);
#137=FACE_OUTER_BOUND('',#263,.T.);
#138=FACE_OUTER_BOUND('',#264,.T.);
#139=FACE_OUTER_BOUND('',#265,.T.);
#140=FACE_OUTER_BOUND('',#266,.T.);
#141=FACE_OUTER_BOUND('',#267,.T.);
#142=FACE_OUTER_BOUND('',#270,.T.);
#143=EDGE_LOOP('',(#1335,#1336,#1337,#1338,#1339,#1340,#1341));
#144=EDGE_LOOP('',(#1342,#1343,#1344,#1345));
#145=EDGE_LOOP('',(#1346,#1347,#1348,#1349));
#146=EDGE_LOOP('',(#1350,#1351,#1352,#1353));
#147=EDGE_LOOP('',(#1354,#1355,#1356,#1357));
#148=EDGE_LOOP('',(#1358,#1359,#1360,#1361));
#149=EDGE_LOOP('',(#1362,#1363,#1364,#1365));
#150=EDGE_LOOP('',(#1366,#1367,#1368,#1369,#1370,#1371,#1372));
#151=EDGE_LOOP('',(#1373,#1374,#1375,#1376,#1377,#1378,#1379,#1380,#1381,
#1382,#1383,#1384,#1385,#1386,#1387,#1388,#1389,#1390,#1391,#1392,#1393,
#1394,#1395,#1396));
#152=EDGE_LOOP('',(#1397,#1398,#1399,#1400));
#153=EDGE_LOOP('',(#1401,#1402,#1403,#1404));
#154=EDGE_LOOP('',(#1405,#1406,#1407,#1408));
#155=EDGE_LOOP('',(#1409,#1410,#1411,#1412));
#156=EDGE_LOOP('',(#1413,#1414,#1415,#1416,#1417,#1418,#1419));
#157=EDGE_LOOP('',(#1420,#1421,#1422,#1423));
#158=EDGE_LOOP('',(#1424,#1425,#1426,#1427));
#159=EDGE_LOOP('',(#1428,#1429,#1430,#1431));
#160=EDGE_LOOP('',(#1432,#1433,#1434,#1435));
#161=EDGE_LOOP('',(#1436,#1437,#1438,#1439));
#162=EDGE_LOOP('',(#1440,#1441,#1442,#1443));
#163=EDGE_LOOP('',(#1444,#1445,#1446,#1447,#1448,#1449,#1450));
#164=EDGE_LOOP('',(#1451,#1452,#1453,#1454,#1455,#1456,#1457));
#165=EDGE_LOOP('',(#1458,#1459,#1460,#1461));
#166=EDGE_LOOP('',(#1462,#1463,#1464,#1465));
#167=EDGE_LOOP('',(#1466,#1467,#1468,#1469));
#168=EDGE_LOOP('',(#1470,#1471,#1472,#1473));
#169=EDGE_LOOP('',(#1474,#1475,#1476,#1477));
#170=EDGE_LOOP('',(#1478,#1479,#1480,#1481));
#171=EDGE_LOOP('',(#1482,#1483,#1484,#1485,#1486,#1487,#1488));
#172=EDGE_LOOP('',(#1489,#1490,#1491,#1492,#1493,#1494,#1495));
#173=EDGE_LOOP('',(#1496,#1497,#1498,#1499));
#174=EDGE_LOOP('',(#1500,#1501,#1502,#1503));
#175=EDGE_LOOP('',(#1504,#1505,#1506,#1507));
#176=EDGE_LOOP('',(#1508,#1509,#1510,#1511));
#177=EDGE_LOOP('',(#1512,#1513,#1514,#1515));
#178=EDGE_LOOP('',(#1516,#1517,#1518,#1519));
#179=EDGE_LOOP('',(#1520,#1521,#1522,#1523,#1524,#1525,#1526));
#180=EDGE_LOOP('',(#1527,#1528,#1529,#1530));
#181=EDGE_LOOP('',(#1531,#1532,#1533,#1534));
#182=EDGE_LOOP('',(#1535,#1536,#1537,#1538));
#183=EDGE_LOOP('',(#1539,#1540,#1541,#1542));
#184=EDGE_LOOP('',(#1543,#1544,#1545,#1546));
#185=EDGE_LOOP('',(#1547,#1548,#1549,#1550));
#186=EDGE_LOOP('',(#1551,#1552,#1553,#1554));
#187=EDGE_LOOP('',(#1555,#1556,#1557,#1558));
#188=EDGE_LOOP('',(#1559,#1560,#1561,#1562));
#189=EDGE_LOOP('',(#1563,#1564,#1565,#1566));
#190=EDGE_LOOP('',(#1567,#1568,#1569,#1570));
#191=EDGE_LOOP('',(#1571,#1572,#1573,#1574));
#192=EDGE_LOOP('',(#1575,#1576,#1577,#1578));
#193=EDGE_LOOP('',(#1579,#1580,#1581,#1582));
#194=EDGE_LOOP('',(#1583,#1584,#1585,#1586));
#195=EDGE_LOOP('',(#1587,#1588,#1589,#1590));
#196=EDGE_LOOP('',(#1591,#1592,#1593,#1594));
#197=EDGE_LOOP('',(#1595,#1596,#1597,#1598));
#198=EDGE_LOOP('',(#1599,#1600,#1601,#1602));
#199=EDGE_LOOP('',(#1603,#1604,#1605,#1606));
#200=EDGE_LOOP('',(#1607,#1608,#1609,#1610));
#201=EDGE_LOOP('',(#1611,#1612,#1613,#1614));
#202=EDGE_LOOP('',(#1615,#1616,#1617,#1618));
#203=EDGE_LOOP('',(#1619,#1620,#1621,#1622));
#204=EDGE_LOOP('',(#1623,#1624,#1625,#1626));
#205=EDGE_LOOP('',(#1627,#1628,#1629,#1630));
#206=EDGE_LOOP('',(#1631,#1632,#1633,#1634));
#207=EDGE_LOOP('',(#1635,#1636,#1637,#1638));
#208=EDGE_LOOP('',(#1639,#1640,#1641,#1642));
#209=EDGE_LOOP('',(#1643,#1644,#1645,#1646));
#210=EDGE_LOOP('',(#1647,#1648,#1649,#1650));
#211=EDGE_LOOP('',(#1651,#1652,#1653,#1654));
#212=EDGE_LOOP('',(#1655,#1656,#1657,#1658));
#213=EDGE_LOOP('',(#1659,#1660,#1661,#1662));
#214=EDGE_LOOP('',(#1663,#1664,#1665,#1666));
#215=EDGE_LOOP('',(#1667,#1668,#1669,#1670));
#216=EDGE_LOOP('',(#1671,#1672,#1673,#1674));
#217=EDGE_LOOP('',(#1675,#1676,#1677,#1678));
#218=EDGE_LOOP('',(#1679,#1680,#1681,#1682));
#219=EDGE_LOOP('',(#1683,#1684,#1685,#1686));
#220=EDGE_LOOP('',(#1687,#1688,#1689,#1690));
#221=EDGE_LOOP('',(#1691,#1692,#1693,#1694));
#222=EDGE_LOOP('',(#1695,#1696,#1697,#1698));
#223=EDGE_LOOP('',(#1699,#1700,#1701,#1702));
#224=EDGE_LOOP('',(#1703,#1704,#1705,#1706));
#225=EDGE_LOOP('',(#1707,#1708,#1709,#1710));
#226=EDGE_LOOP('',(#1711,#1712,#1713,#1714));
#227=EDGE_LOOP('',(#1715,#1716,#1717,#1718));
#228=EDGE_LOOP('',(#1719,#1720,#1721,#1722));
#229=EDGE_LOOP('',(#1723,#1724,#1725,#1726,#1727,#1728,#1729,#1730));
#230=EDGE_LOOP('',(#1731,#1732,#1733,#1734));
#231=EDGE_LOOP('',(#1735,#1736,#1737,#1738));
#232=EDGE_LOOP('',(#1739,#1740,#1741,#1742));
#233=EDGE_LOOP('',(#1743,#1744,#1745,#1746,#1747,#1748,#1749,#1750));
#234=EDGE_LOOP('',(#1751,#1752,#1753,#1754,#1755,#1756,#1757,#1758));
#235=EDGE_LOOP('',(#1759,#1760,#1761,#1762,#1763));
#236=EDGE_LOOP('',(#1764,#1765,#1766,#1767,#1768,#1769,#1770,#1771));
#237=EDGE_LOOP('',(#1772,#1773,#1774,#1775,#1776,#1777,#1778,#1779));
#238=EDGE_LOOP('',(#1780,#1781,#1782,#1783));
#239=EDGE_LOOP('',(#1784,#1785,#1786,#1787));
#240=EDGE_LOOP('',(#1788,#1789,#1790,#1791));
#241=EDGE_LOOP('',(#1792,#1793,#1794,#1795));
#242=EDGE_LOOP('',(#1796,#1797,#1798,#1799));
#243=EDGE_LOOP('',(#1800,#1801,#1802,#1803));
#244=EDGE_LOOP('',(#1804,#1805,#1806,#1807));
#245=EDGE_LOOP('',(#1808,#1809,#1810,#1811));
#246=EDGE_LOOP('',(#1812,#1813,#1814,#1815));
#247=EDGE_LOOP('',(#1816,#1817,#1818,#1819));
#248=EDGE_LOOP('',(#1820,#1821,#1822,#1823));
#249=EDGE_LOOP('',(#1824,#1825,#1826,#1827));
#250=EDGE_LOOP('',(#1828,#1829,#1830,#1831));
#251=EDGE_LOOP('',(#1832,#1833,#1834,#1835));
#252=EDGE_LOOP('',(#1836,#1837,#1838,#1839));
#253=EDGE_LOOP('',(#1840,#1841,#1842,#1843));
#254=EDGE_LOOP('',(#1844,#1845,#1846,#1847,#1848));
#255=EDGE_LOOP('',(#1849,#1850,#1851,#1852));
#256=EDGE_LOOP('',(#1853,#1854,#1855,#1856));
#257=EDGE_LOOP('',(#1857,#1858,#1859,#1860));
#258=EDGE_LOOP('',(#1861,#1862,#1863));
#259=EDGE_LOOP('',(#1864,#1865,#1866));
#260=EDGE_LOOP('',(#1867,#1868,#1869,#1870));
#261=EDGE_LOOP('',(#1871,#1872,#1873,#1874));
#262=EDGE_LOOP('',(#1875,#1876,#1877));
#263=EDGE_LOOP('',(#1878,#1879,#1880));
#264=EDGE_LOOP('',(#1881,#1882,#1883,#1884,#1885));
#265=EDGE_LOOP('',(#1886,#1887,#1888,#1889));
#266=EDGE_LOOP('',(#1890,#1891,#1892,#1893));
#267=EDGE_LOOP('',(#1894,#1895,#1896,#1897,#1898,#1899,#1900,#1901));
#268=EDGE_LOOP('',(#1902,#1903,#1904,#1905));
#269=EDGE_LOOP('',(#1906,#1907,#1908,#1909,#1910));
#270=EDGE_LOOP('',(#1911,#1912,#1913,#1914,#1915,#1916));
#271=EDGE_LOOP('',(#1917,#1918,#1919,#1920));
#272=LINE('',#2903,#565);
#273=LINE('',#2905,#566);
#274=LINE('',#2907,#567);
#275=LINE('',#2909,#568);
#276=LINE('',#2911,#569);
#277=LINE('',#2913,#570);
#278=LINE('',#2914,#571);
#279=LINE('',#2917,#572);
#280=LINE('',#2919,#573);
#281=LINE('',#2920,#574);
#282=LINE('',#2923,#575);
#283=LINE('',#2924,#576);
#284=LINE('',#2927,#577);
#285=LINE('',#2928,#578);
#286=LINE('',#2931,#579);
#287=LINE('',#2932,#580);
#288=LINE('',#2935,#581);
#289=LINE('',#2936,#582);
#290=LINE('',#2939,#583);
#291=LINE('',#2940,#584);
#292=LINE('',#2942,#585);
#293=LINE('',#2945,#586);
#294=LINE('',#2947,#587);
#295=LINE('',#2949,#588);
#296=LINE('',#2951,#589);
#297=LINE('',#2953,#590);
#298=LINE('',#2955,#591);
#299=LINE('',#2957,#592);
#300=LINE('',#2959,#593);
#301=LINE('',#2961,#594);
#302=LINE('',#2963,#595);
#303=LINE('',#2965,#596);
#304=LINE('',#2967,#597);
#305=LINE('',#2969,#598);
#306=LINE('',#2971,#599);
#307=LINE('',#2973,#600);
#308=LINE('',#2975,#601);
#309=LINE('',#2977,#602);
#310=LINE('',#2979,#603);
#311=LINE('',#2981,#604);
#312=LINE('',#2983,#605);
#313=LINE('',#2984,#606);
#314=LINE('',#2987,#607);
#315=LINE('',#2989,#608);
#316=LINE('',#2991,#609);
#317=LINE('',#2992,#610);
#318=LINE('',#2995,#611);
#319=LINE('',#2997,#612);
#320=LINE('',#2999,#613);
#321=LINE('',#3000,#614);
#322=LINE('',#3003,#615);
#323=LINE('',#3005,#616);
#324=LINE('',#3007,#617);
#325=LINE('',#3008,#618);
#326=LINE('',#3011,#619);
#327=LINE('',#3013,#620);
#328=LINE('',#3015,#621);
#329=LINE('',#3016,#622);
#330=LINE('',#3019,#623);
#331=LINE('',#3020,#624);
#332=LINE('',#3022,#625);
#333=LINE('',#3024,#626);
#334=LINE('',#3026,#627);
#335=LINE('',#3028,#628);
#336=LINE('',#3029,#629);
#337=LINE('',#3032,#630);
#338=LINE('',#3033,#631);
#339=LINE('',#3036,#632);
#340=LINE('',#3037,#633);
#341=LINE('',#3040,#634);
#342=LINE('',#3041,#635);
#343=LINE('',#3044,#636);
#344=LINE('',#3045,#637);
#345=LINE('',#3048,#638);
#346=LINE('',#3049,#639);
#347=LINE('',#3051,#640);
#348=LINE('',#3055,#641);
#349=LINE('',#3057,#642);
#350=LINE('',#3059,#643);
#351=LINE('',#3061,#644);
#352=LINE('',#3063,#645);
#353=LINE('',#3064,#646);
#354=LINE('',#3067,#647);
#355=LINE('',#3068,#648);
#356=LINE('',#3071,#649);
#357=LINE('',#3072,#650);
#358=LINE('',#3075,#651);
#359=LINE('',#3076,#652);
#360=LINE('',#3079,#653);
#361=LINE('',#3080,#654);
#362=LINE('',#3083,#655);
#363=LINE('',#3084,#656);
#364=LINE('',#3086,#657);
#365=LINE('',#3088,#658);
#366=LINE('',#3091,#659);
#367=LINE('',#3093,#660);
#368=LINE('',#3095,#661);
#369=LINE('',#3097,#662);
#370=LINE('',#3099,#663);
#371=LINE('',#3100,#664);
#372=LINE('',#3103,#665);
#373=LINE('',#3104,#666);
#374=LINE('',#3107,#667);
#375=LINE('',#3108,#668);
#376=LINE('',#3111,#669);
#377=LINE('',#3112,#670);
#378=LINE('',#3115,#671);
#379=LINE('',#3116,#672);
#380=LINE('',#3119,#673);
#381=LINE('',#3120,#674);
#382=LINE('',#3122,#675);
#383=LINE('',#3124,#676);
#384=LINE('',#3128,#677);
#385=LINE('',#3130,#678);
#386=LINE('',#3132,#679);
#387=LINE('',#3133,#680);
#388=LINE('',#3136,#681);
#389=LINE('',#3138,#682);
#390=LINE('',#3139,#683);
#391=LINE('',#3142,#684);
#392=LINE('',#3144,#685);
#393=LINE('',#3145,#686);
#394=LINE('',#3147,#687);
#395=LINE('',#3148,#688);
#396=LINE('',#3150,#689);
#397=LINE('',#3151,#690);
#398=LINE('',#3153,#691);
#399=LINE('',#3158,#692);
#400=LINE('',#3160,#693);
#401=LINE('',#3162,#694);
#402=LINE('',#3163,#695);
#403=LINE('',#3166,#696);
#404=LINE('',#3168,#697);
#405=LINE('',#3169,#698);
#406=LINE('',#3172,#699);
#407=LINE('',#3174,#700);
#408=LINE('',#3175,#701);
#409=LINE('',#3177,#702);
#410=LINE('',#3178,#703);
#411=LINE('',#3180,#704);
#412=LINE('',#3181,#705);
#413=LINE('',#3183,#706);
#414=LINE('',#3186,#707);
#415=LINE('',#3189,#708);
#416=LINE('',#3194,#709);
#417=LINE('',#3196,#710);
#418=LINE('',#3198,#711);
#419=LINE('',#3199,#712);
#420=LINE('',#3202,#713);
#421=LINE('',#3204,#714);
#422=LINE('',#3205,#715);
#423=LINE('',#3208,#716);
#424=LINE('',#3210,#717);
#425=LINE('',#3211,#718);
#426=LINE('',#3213,#719);
#427=LINE('',#3214,#720);
#428=LINE('',#3217,#721);
#429=LINE('',#3219,#722);
#430=LINE('',#3220,#723);
#431=LINE('',#3223,#724);
#432=LINE('',#3224,#725);
#433=LINE('',#3229,#726);
#434=LINE('',#3231,#727);
#435=LINE('',#3233,#728);
#436=LINE('',#3234,#729);
#437=LINE('',#3237,#730);
#438=LINE('',#3239,#731);
#439=LINE('',#3240,#732);
#440=LINE('',#3243,#733);
#441=LINE('',#3245,#734);
#442=LINE('',#3246,#735);
#443=LINE('',#3248,#736);
#444=LINE('',#3249,#737);
#445=LINE('',#3252,#738);
#446=LINE('',#3254,#739);
#447=LINE('',#3255,#740);
#448=LINE('',#3258,#741);
#449=LINE('',#3259,#742);
#450=LINE('',#3263,#743);
#451=LINE('',#3264,#744);
#452=LINE('',#3266,#745);
#453=LINE('',#3269,#746);
#454=LINE('',#3270,#747);
#455=LINE('',#3272,#748);
#456=LINE('',#3275,#749);
#457=LINE('',#3277,#750);
#458=LINE('',#3278,#751);
#459=LINE('',#3281,#752);
#460=LINE('',#3282,#753);
#461=LINE('',#3285,#754);
#462=LINE('',#3286,#755);
#463=LINE('',#3288,#756);
#464=LINE('',#3292,#757);
#465=LINE('',#3294,#758);
#466=LINE('',#3295,#759);
#467=LINE('',#3298,#760);
#468=LINE('',#3299,#761);
#469=LINE('',#3302,#762);
#470=LINE('',#3303,#763);
#471=LINE('',#3305,#764);
#472=LINE('',#3309,#765);
#473=LINE('',#3311,#766);
#474=LINE('',#3312,#767);
#475=LINE('',#3315,#768);
#476=LINE('',#3317,#769);
#477=LINE('',#3318,#770);
#478=LINE('',#3321,#771);
#479=LINE('',#3322,#772);
#480=LINE('',#3325,#773);
#481=LINE('',#3326,#774);
#482=LINE('',#3329,#775);
#483=LINE('',#3331,#776);
#484=LINE('',#3332,#777);
#485=LINE('',#3335,#778);
#486=LINE('',#3337,#779);
#487=LINE('',#3338,#780);
#488=LINE('',#3341,#781);
#489=LINE('',#3342,#782);
#490=LINE('',#3345,#783);
#491=LINE('',#3346,#784);
#492=LINE('',#3349,#785);
#493=LINE('',#3351,#786);
#494=LINE('',#3353,#787);
#495=LINE('',#3355,#788);
#496=LINE('',#3356,#789);
#497=LINE('',#3359,#790);
#498=LINE('',#3360,#791);
#499=LINE('',#3363,#792);
#500=LINE('',#3365,#793);
#501=LINE('',#3367,#794);
#502=LINE('',#3369,#795);
#503=LINE('',#3370,#796);
#504=LINE('',#3372,#797);
#505=LINE('',#3376,#798);
#506=LINE('',#3378,#799);
#507=LINE('',#3380,#800);
#508=LINE('',#3381,#801);
#509=LINE('',#3384,#802);
#510=LINE('',#3386,#803);
#511=LINE('',#3387,#804);
#512=LINE('',#3390,#805);
#513=LINE('',#3392,#806);
#514=LINE('',#3393,#807);
#515=LINE('',#3395,#808);
#516=LINE('',#3397,#809);
#517=LINE('',#3401,#810);
#518=LINE('',#3403,#811);
#519=LINE('',#3405,#812);
#520=LINE('',#3406,#813);
#521=LINE('',#3409,#814);
#522=LINE('',#3411,#815);
#523=LINE('',#3412,#816);
#524=LINE('',#3415,#817);
#525=LINE('',#3417,#818);
#526=LINE('',#3418,#819);
#527=LINE('',#3420,#820);
#528=LINE('',#3421,#821);
#529=LINE('',#3426,#822);
#530=LINE('',#3428,#823);
#531=LINE('',#3430,#824);
#532=LINE('',#3431,#825);
#533=LINE('',#3434,#826);
#534=LINE('',#3436,#827);
#535=LINE('',#3437,#828);
#536=LINE('',#3440,#829);
#537=LINE('',#3442,#830);
#538=LINE('',#3443,#831);
#539=LINE('',#3446,#832);
#540=LINE('',#3448,#833);
#541=LINE('',#3449,#834);
#542=LINE('',#3451,#835);
#543=LINE('',#3452,#836);
#544=LINE('',#3457,#837);
#545=LINE('',#3459,#838);
#546=LINE('',#3460,#839);
#547=LINE('',#3461,#840);
#548=LINE('',#3463,#841);
#549=LINE('',#3464,#842);
#550=LINE('',#3466,#843);
#551=LINE('',#3471,#844);
#552=LINE('',#3473,#845);
#553=LINE('',#3475,#846);
#554=LINE('',#3476,#847);
#555=LINE('',#3478,#848);
#556=LINE('',#3479,#849);
#557=LINE('',#3481,#850);
#558=LINE('',#3483,#851);
#559=LINE('',#3485,#852);
#560=LINE('',#3488,#853);
#561=LINE('',#3489,#854);
#562=LINE('',#3492,#855);
#563=LINE('',#3493,#856);
#564=LINE('',#3495,#857);
#565=VECTOR('',#2368,10.);
#566=VECTOR('',#2369,10.);
#567=VECTOR('',#2370,10.);
#568=VECTOR('',#2371,10.);
#569=VECTOR('',#2372,10.);
#570=VECTOR('',#2373,10.);
#571=VECTOR('',#2374,10.);
#572=VECTOR('',#2377,10.);
#573=VECTOR('',#2378,10.);
#574=VECTOR('',#2379,10.);
#575=VECTOR('',#2382,10.);
#576=VECTOR('',#2383,10.);
#577=VECTOR('',#2386,10.);
#578=VECTOR('',#2387,10.);
#579=VECTOR('',#2390,10.);
#580=VECTOR('',#2391,10.);
#581=VECTOR('',#2394,10.);
#582=VECTOR('',#2395,10.);
#583=VECTOR('',#2398,10.);
#584=VECTOR('',#2399,10.);
#585=VECTOR('',#2402,10.);
#586=VECTOR('',#2405,10.);
#587=VECTOR('',#2406,10.);
#588=VECTOR('',#2407,10.);
#589=VECTOR('',#2408,10.);
#590=VECTOR('',#2409,10.);
#591=VECTOR('',#2410,10.);
#592=VECTOR('',#2411,10.);
#593=VECTOR('',#2412,10.);
#594=VECTOR('',#2413,10.);
#595=VECTOR('',#2414,10.);
#596=VECTOR('',#2415,10.);
#597=VECTOR('',#2416,10.);
#598=VECTOR('',#2417,10.);
#599=VECTOR('',#2418,10.);
#600=VECTOR('',#2419,10.);
#601=VECTOR('',#2420,10.);
#602=VECTOR('',#2421,10.);
#603=VECTOR('',#2422,10.);
#604=VECTOR('',#2423,10.);
#605=VECTOR('',#2424,10.);
#606=VECTOR('',#2425,10.);
#607=VECTOR('',#2426,10.);
#608=VECTOR('',#2427,10.);
#609=VECTOR('',#2428,10.);
#610=VECTOR('',#2429,10.);
#611=VECTOR('',#2430,10.);
#612=VECTOR('',#2431,10.);
#613=VECTOR('',#2432,10.);
#614=VECTOR('',#2433,10.);
#615=VECTOR('',#2434,10.);
#616=VECTOR('',#2435,10.);
#617=VECTOR('',#2436,10.);
#618=VECTOR('',#2437,10.);
#619=VECTOR('',#2438,10.);
#620=VECTOR('',#2439,10.);
#621=VECTOR('',#2440,10.);
#622=VECTOR('',#2441,10.);
#623=VECTOR('',#2444,10.);
#624=VECTOR('',#2445,10.);
#625=VECTOR('',#2446,10.);
#626=VECTOR('',#2447,10.);
#627=VECTOR('',#2448,10.);
#628=VECTOR('',#2449,10.);
#629=VECTOR('',#2450,10.);
#630=VECTOR('',#2453,10.);
#631=VECTOR('',#2454,10.);
#632=VECTOR('',#2457,10.);
#633=VECTOR('',#2458,10.);
#634=VECTOR('',#2461,10.);
#635=VECTOR('',#2462,10.);
#636=VECTOR('',#2465,10.);
#637=VECTOR('',#2466,10.);
#638=VECTOR('',#2469,10.);
#639=VECTOR('',#2470,10.);
#640=VECTOR('',#2473,10.);
#641=VECTOR('',#2478,10.);
#642=VECTOR('',#2479,10.);
#643=VECTOR('',#2480,10.);
#644=VECTOR('',#2481,10.);
#645=VECTOR('',#2482,10.);
#646=VECTOR('',#2483,10.);
#647=VECTOR('',#2486,10.);
#648=VECTOR('',#2487,10.);
#649=VECTOR('',#2490,10.);
#650=VECTOR('',#2491,10.);
#651=VECTOR('',#2494,10.);
#652=VECTOR('',#2495,10.);
#653=VECTOR('',#2498,10.);
#654=VECTOR('',#2499,10.);
#655=VECTOR('',#2502,10.);
#656=VECTOR('',#2503,10.);
#657=VECTOR('',#2506,10.);
#658=VECTOR('',#2509,10.);
#659=VECTOR('',#2512,10.);
#660=VECTOR('',#2513,10.);
#661=VECTOR('',#2514,10.);
#662=VECTOR('',#2515,10.);
#663=VECTOR('',#2516,10.);
#664=VECTOR('',#2517,10.);
#665=VECTOR('',#2520,10.);
#666=VECTOR('',#2521,10.);
#667=VECTOR('',#2524,10.);
#668=VECTOR('',#2525,10.);
#669=VECTOR('',#2528,10.);
#670=VECTOR('',#2529,10.);
#671=VECTOR('',#2532,10.);
#672=VECTOR('',#2533,10.);
#673=VECTOR('',#2536,10.);
#674=VECTOR('',#2537,10.);
#675=VECTOR('',#2540,10.);
#676=VECTOR('',#2543,10.);
#677=VECTOR('',#2546,10.);
#678=VECTOR('',#2547,10.);
#679=VECTOR('',#2548,10.);
#680=VECTOR('',#2549,10.);
#681=VECTOR('',#2552,10.);
#682=VECTOR('',#2553,10.);
#683=VECTOR('',#2554,10.);
#684=VECTOR('',#2557,10.);
#685=VECTOR('',#2558,10.);
#686=VECTOR('',#2559,10.);
#687=VECTOR('',#2562,10.);
#688=VECTOR('',#2563,10.);
#689=VECTOR('',#2566,10.);
#690=VECTOR('',#2567,10.);
#691=VECTOR('',#2570,10.);
#692=VECTOR('',#2575,10.);
#693=VECTOR('',#2576,10.);
#694=VECTOR('',#2577,10.);
#695=VECTOR('',#2578,10.);
#696=VECTOR('',#2581,10.);
#697=VECTOR('',#2582,10.);
#698=VECTOR('',#2583,10.);
#699=VECTOR('',#2586,10.);
#700=VECTOR('',#2587,10.);
#701=VECTOR('',#2588,10.);
#702=VECTOR('',#2591,10.);
#703=VECTOR('',#2592,10.);
#704=VECTOR('',#2595,10.);
#705=VECTOR('',#2596,10.);
#706=VECTOR('',#2599,10.);
#707=VECTOR('',#2604,10.);
#708=VECTOR('',#2609,10.);
#709=VECTOR('',#2614,10.);
#710=VECTOR('',#2615,10.);
#711=VECTOR('',#2616,10.);
#712=VECTOR('',#2617,10.);
#713=VECTOR('',#2620,10.);
#714=VECTOR('',#2621,10.);
#715=VECTOR('',#2622,10.);
#716=VECTOR('',#2625,10.);
#717=VECTOR('',#2626,10.);
#718=VECTOR('',#2627,10.);
#719=VECTOR('',#2630,10.);
#720=VECTOR('',#2631,10.);
#721=VECTOR('',#2634,10.);
#722=VECTOR('',#2635,10.);
#723=VECTOR('',#2636,10.);
#724=VECTOR('',#2639,10.);
#725=VECTOR('',#2640,10.);
#726=VECTOR('',#2645,10.);
#727=VECTOR('',#2646,10.);
#728=VECTOR('',#2647,10.);
#729=VECTOR('',#2648,10.);
#730=VECTOR('',#2651,10.);
#731=VECTOR('',#2652,10.);
#732=VECTOR('',#2653,10.);
#733=VECTOR('',#2656,10.);
#734=VECTOR('',#2657,10.);
#735=VECTOR('',#2658,10.);
#736=VECTOR('',#2661,10.);
#737=VECTOR('',#2662,10.);
#738=VECTOR('',#2665,10.);
#739=VECTOR('',#2666,10.);
#740=VECTOR('',#2667,10.);
#741=VECTOR('',#2670,10.);
#742=VECTOR('',#2671,10.);
#743=VECTOR('',#2676,10.);
#744=VECTOR('',#2677,10.);
#745=VECTOR('',#2680,10.);
#746=VECTOR('',#2683,10.);
#747=VECTOR('',#2684,10.);
#748=VECTOR('',#2687,10.);
#749=VECTOR('',#2690,10.);
#750=VECTOR('',#2691,10.);
#751=VECTOR('',#2692,10.);
#752=VECTOR('',#2695,10.);
#753=VECTOR('',#2696,10.);
#754=VECTOR('',#2699,10.);
#755=VECTOR('',#2700,10.);
#756=VECTOR('',#2703,10.);
#757=VECTOR('',#2708,10.);
#758=VECTOR('',#2709,10.);
#759=VECTOR('',#2710,10.);
#760=VECTOR('',#2713,10.);
#761=VECTOR('',#2714,10.);
#762=VECTOR('',#2717,10.);
#763=VECTOR('',#2718,10.);
#764=VECTOR('',#2721,10.);
#765=VECTOR('',#2726,10.);
#766=VECTOR('',#2727,10.);
#767=VECTOR('',#2728,10.);
#768=VECTOR('',#2731,10.);
#769=VECTOR('',#2732,10.);
#770=VECTOR('',#2733,10.);
#771=VECTOR('',#2736,10.);
#772=VECTOR('',#2737,10.);
#773=VECTOR('',#2740,10.);
#774=VECTOR('',#2741,10.);
#775=VECTOR('',#2744,10.);
#776=VECTOR('',#2745,10.);
#777=VECTOR('',#2746,10.);
#778=VECTOR('',#2749,10.);
#779=VECTOR('',#2750,10.);
#780=VECTOR('',#2751,10.);
#781=VECTOR('',#2754,10.);
#782=VECTOR('',#2755,10.);
#783=VECTOR('',#2758,10.);
#784=VECTOR('',#2759,10.);
#785=VECTOR('',#2762,10.);
#786=VECTOR('',#2763,10.);
#787=VECTOR('',#2764,10.);
#788=VECTOR('',#2765,10.);
#789=VECTOR('',#2766,10.);
#790=VECTOR('',#2769,10.);
#791=VECTOR('',#2770,10.);
#792=VECTOR('',#2773,10.);
#793=VECTOR('',#2774,10.);
#794=VECTOR('',#2775,10.);
#795=VECTOR('',#2776,10.);
#796=VECTOR('',#2777,10.);
#797=VECTOR('',#2780,10.);
#798=VECTOR('',#2783,10.);
#799=VECTOR('',#2784,10.);
#800=VECTOR('',#2785,10.);
#801=VECTOR('',#2786,10.);
#802=VECTOR('',#2789,10.);
#803=VECTOR('',#2790,10.);
#804=VECTOR('',#2791,10.);
#805=VECTOR('',#2794,10.);
#806=VECTOR('',#2795,10.);
#807=VECTOR('',#2796,10.);
#808=VECTOR('',#2799,10.);
#809=VECTOR('',#2802,10.);
#810=VECTOR('',#2805,10.);
#811=VECTOR('',#2806,10.);
#812=VECTOR('',#2807,10.);
#813=VECTOR('',#2808,10.);
#814=VECTOR('',#2811,10.);
#815=VECTOR('',#2812,10.);
#816=VECTOR('',#2813,10.);
#817=VECTOR('',#2816,10.);
#818=VECTOR('',#2817,10.);
#819=VECTOR('',#2818,10.);
#820=VECTOR('',#2821,10.);
#821=VECTOR('',#2822,10.);
#822=VECTOR('',#2827,10.);
#823=VECTOR('',#2828,10.);
#824=VECTOR('',#2829,10.);
#825=VECTOR('',#2830,10.);
#826=VECTOR('',#2833,10.);
#827=VECTOR('',#2834,10.);
#828=VECTOR('',#2835,10.);
#829=VECTOR('',#2838,10.);
#830=VECTOR('',#2839,10.);
#831=VECTOR('',#2840,10.);
#832=VECTOR('',#2843,10.);
#833=VECTOR('',#2844,10.);
#834=VECTOR('',#2845,10.);
#835=VECTOR('',#2848,10.);
#836=VECTOR('',#2849,10.);
#837=VECTOR('',#2854,10.);
#838=VECTOR('',#2855,10.);
#839=VECTOR('',#2856,10.);
#840=VECTOR('',#2857,10.);
#841=VECTOR('',#2860,10.);
#842=VECTOR('',#2861,10.);
#843=VECTOR('',#2864,10.);
#844=VECTOR('',#2869,10.);
#845=VECTOR('',#2870,10.);
#846=VECTOR('',#2871,10.);
#847=VECTOR('',#2872,10.);
#848=VECTOR('',#2875,10.);
#849=VECTOR('',#2876,10.);
#850=VECTOR('',#2879,10.);
#851=VECTOR('',#2882,10.);
#852=VECTOR('',#2885,10.);
#853=VECTOR('',#2888,10.);
#854=VECTOR('',#2889,10.);
#855=VECTOR('',#2892,10.);
#856=VECTOR('',#2893,10.);
#857=VECTOR('',#2896,10.);
#858=VERTEX_POINT('',#2901);
#859=VERTEX_POINT('',#2902);
#860=VERTEX_POINT('',#2904);
#861=VERTEX_POINT('',#2906);
#862=VERTEX_POINT('',#2908);
#863=VERTEX_POINT('',#2910);
#864=VERTEX_POINT('',#2912);
#865=VERTEX_POINT('',#2916);
#866=VERTEX_POINT('',#2918);
#867=VERTEX_POINT('',#2922);
#868=VERTEX_POINT('',#2926);
#869=VERTEX_POINT('',#2930);
#870=VERTEX_POINT('',#2934);
#871=VERTEX_POINT('',#2938);
#872=VERTEX_POINT('',#2944);
#873=VERTEX_POINT('',#2946);
#874=VERTEX_POINT('',#2948);
#875=VERTEX_POINT('',#2950);
#876=VERTEX_POINT('',#2952);
#877=VERTEX_POINT('',#2954);
#878=VERTEX_POINT('',#2956);
#879=VERTEX_POINT('',#2958);
#880=VERTEX_POINT('',#2960);
#881=VERTEX_POINT('',#2962);
#882=VERTEX_POINT('',#2964);
#883=VERTEX_POINT('',#2966);
#884=VERTEX_POINT('',#2968);
#885=VERTEX_POINT('',#2970);
#886=VERTEX_POINT('',#2972);
#887=VERTEX_POINT('',#2974);
#888=VERTEX_POINT('',#2976);
#889=VERTEX_POINT('',#2978);
#890=VERTEX_POINT('',#2980);
#891=VERTEX_POINT('',#2982);
#892=VERTEX_POINT('',#2985);
#893=VERTEX_POINT('',#2986);
#894=VERTEX_POINT('',#2988);
#895=VERTEX_POINT('',#2990);
#896=VERTEX_POINT('',#2993);
#897=VERTEX_POINT('',#2994);
#898=VERTEX_POINT('',#2996);
#899=VERTEX_POINT('',#2998);
#900=VERTEX_POINT('',#3001);
#901=VERTEX_POINT('',#3002);
#902=VERTEX_POINT('',#3004);
#903=VERTEX_POINT('',#3006);
#904=VERTEX_POINT('',#3009);
#905=VERTEX_POINT('',#3010);
#906=VERTEX_POINT('',#3012);
#907=VERTEX_POINT('',#3014);
#908=VERTEX_POINT('',#3018);
#909=VERTEX_POINT('',#3021);
#910=VERTEX_POINT('',#3023);
#911=VERTEX_POINT('',#3025);
#912=VERTEX_POINT('',#3027);
#913=VERTEX_POINT('',#3031);
#914=VERTEX_POINT('',#3035);
#915=VERTEX_POINT('',#3039);
#916=VERTEX_POINT('',#3043);
#917=VERTEX_POINT('',#3047);
#918=VERTEX_POINT('',#3054);
#919=VERTEX_POINT('',#3056);
#920=VERTEX_POINT('',#3058);
#921=VERTEX_POINT('',#3060);
#922=VERTEX_POINT('',#3062);
#923=VERTEX_POINT('',#3066);
#924=VERTEX_POINT('',#3070);
#925=VERTEX_POINT('',#3074);
#926=VERTEX_POINT('',#3078);
#927=VERTEX_POINT('',#3082);
#928=VERTEX_POINT('',#3090);
#929=VERTEX_POINT('',#3092);
#930=VERTEX_POINT('',#3094);
#931=VERTEX_POINT('',#3096);
#932=VERTEX_POINT('',#3098);
#933=VERTEX_POINT('',#3102);
#934=VERTEX_POINT('',#3106);
#935=VERTEX_POINT('',#3110);
#936=VERTEX_POINT('',#3114);
#937=VERTEX_POINT('',#3118);
#938=VERTEX_POINT('',#3126);
#939=VERTEX_POINT('',#3127);
#940=VERTEX_POINT('',#3129);
#941=VERTEX_POINT('',#3131);
#942=VERTEX_POINT('',#3135);
#943=VERTEX_POINT('',#3137);
#944=VERTEX_POINT('',#3141);
#945=VERTEX_POINT('',#3143);
#946=VERTEX_POINT('',#3156);
#947=VERTEX_POINT('',#3157);
#948=VERTEX_POINT('',#3159);
#949=VERTEX_POINT('',#3161);
#950=VERTEX_POINT('',#3165);
#951=VERTEX_POINT('',#3167);
#952=VERTEX_POINT('',#3171);
#953=VERTEX_POINT('',#3173);
#954=VERTEX_POINT('',#3192);
#955=VERTEX_POINT('',#3193);
#956=VERTEX_POINT('',#3195);
#957=VERTEX_POINT('',#3197);
#958=VERTEX_POINT('',#3201);
#959=VERTEX_POINT('',#3203);
#960=VERTEX_POINT('',#3207);
#961=VERTEX_POINT('',#3209);
#962=VERTEX_POINT('',#3216);
#963=VERTEX_POINT('',#3218);
#964=VERTEX_POINT('',#3222);
#965=VERTEX_POINT('',#3227);
#966=VERTEX_POINT('',#3228);
#967=VERTEX_POINT('',#3230);
#968=VERTEX_POINT('',#3232);
#969=VERTEX_POINT('',#3236);
#970=VERTEX_POINT('',#3238);
#971=VERTEX_POINT('',#3242);
#972=VERTEX_POINT('',#3244);
#973=VERTEX_POINT('',#3251);
#974=VERTEX_POINT('',#3253);
#975=VERTEX_POINT('',#3257);
#976=VERTEX_POINT('',#3262);
#977=VERTEX_POINT('',#3268);
#978=VERTEX_POINT('',#3274);
#979=VERTEX_POINT('',#3276);
#980=VERTEX_POINT('',#3280);
#981=VERTEX_POINT('',#3284);
#982=VERTEX_POINT('',#3291);
#983=VERTEX_POINT('',#3293);
#984=VERTEX_POINT('',#3297);
#985=VERTEX_POINT('',#3301);
#986=VERTEX_POINT('',#3308);
#987=VERTEX_POINT('',#3310);
#988=VERTEX_POINT('',#3314);
#989=VERTEX_POINT('',#3316);
#990=VERTEX_POINT('',#3320);
#991=VERTEX_POINT('',#3324);
#992=VERTEX_POINT('',#3328);
#993=VERTEX_POINT('',#3330);
#994=VERTEX_POINT('',#3334);
#995=VERTEX_POINT('',#3336);
#996=VERTEX_POINT('',#3340);
#997=VERTEX_POINT('',#3344);
#998=VERTEX_POINT('',#3348);
#999=VERTEX_POINT('',#3350);
#1000=VERTEX_POINT('',#3352);
#1001=VERTEX_POINT('',#3354);
#1002=VERTEX_POINT('',#3358);
#1003=VERTEX_POINT('',#3362);
#1004=VERTEX_POINT('',#3364);
#1005=VERTEX_POINT('',#3366);
#1006=VERTEX_POINT('',#3368);
#1007=VERTEX_POINT('',#3374);
#1008=VERTEX_POINT('',#3375);
#1009=VERTEX_POINT('',#3377);
#1010=VERTEX_POINT('',#3379);
#1011=VERTEX_POINT('',#3383);
#1012=VERTEX_POINT('',#3385);
#1013=VERTEX_POINT('',#3389);
#1014=VERTEX_POINT('',#3391);
#1015=VERTEX_POINT('',#3399);
#1016=VERTEX_POINT('',#3400);
#1017=VERTEX_POINT('',#3402);
#1018=VERTEX_POINT('',#3404);
#1019=VERTEX_POINT('',#3408);
#1020=VERTEX_POINT('',#3410);
#1021=VERTEX_POINT('',#3414);
#1022=VERTEX_POINT('',#3416);
#1023=VERTEX_POINT('',#3424);
#1024=VERTEX_POINT('',#3425);
#1025=VERTEX_POINT('',#3427);
#1026=VERTEX_POINT('',#3429);
#1027=VERTEX_POINT('',#3433);
#1028=VERTEX_POINT('',#3435);
#1029=VERTEX_POINT('',#3439);
#1030=VERTEX_POINT('',#3441);
#1031=VERTEX_POINT('',#3445);
#1032=VERTEX_POINT('',#3447);
#1033=VERTEX_POINT('',#3455);
#1034=VERTEX_POINT('',#3456);
#1035=VERTEX_POINT('',#3458);
#1036=VERTEX_POINT('',#3469);
#1037=VERTEX_POINT('',#3470);
#1038=VERTEX_POINT('',#3472);
#1039=VERTEX_POINT('',#3474);
#1040=VERTEX_POINT('',#3487);
#1041=VERTEX_POINT('',#3491);
#1042=EDGE_CURVE('',#858,#859,#272,.T.);
#1043=EDGE_CURVE('',#858,#860,#273,.T.);
#1044=EDGE_CURVE('',#860,#861,#274,.T.);
#1045=EDGE_CURVE('',#861,#862,#275,.T.);
#1046=EDGE_CURVE('',#862,#863,#276,.T.);
#1047=EDGE_CURVE('',#863,#864,#277,.T.);
#1048=EDGE_CURVE('',#864,#859,#278,.T.);
#1049=EDGE_CURVE('',#865,#858,#279,.T.);
#1050=EDGE_CURVE('',#866,#865,#280,.T.);
#1051=EDGE_CURVE('',#860,#866,#281,.T.);
#1052=EDGE_CURVE('',#867,#866,#282,.T.);
#1053=EDGE_CURVE('',#861,#867,#283,.T.);
#1054=EDGE_CURVE('',#868,#867,#284,.T.);
#1055=EDGE_CURVE('',#862,#868,#285,.T.);
#1056=EDGE_CURVE('',#869,#868,#286,.T.);
#1057=EDGE_CURVE('',#863,#869,#287,.T.);
#1058=EDGE_CURVE('',#870,#869,#288,.T.);
#1059=EDGE_CURVE('',#864,#870,#289,.T.);
#1060=EDGE_CURVE('',#871,#870,#290,.T.);
#1061=EDGE_CURVE('',#859,#871,#291,.T.);
#1062=EDGE_CURVE('',#871,#865,#292,.T.);
#1063=EDGE_CURVE('',#872,#858,#293,.T.);
#1064=EDGE_CURVE('',#872,#873,#294,.T.);
#1065=EDGE_CURVE('',#873,#874,#295,.T.);
#1066=EDGE_CURVE('',#874,#875,#296,.T.);
#1067=EDGE_CURVE('',#876,#875,#297,.T.);
#1068=EDGE_CURVE('',#876,#877,#298,.T.);
#1069=EDGE_CURVE('',#877,#878,#299,.T.);
#1070=EDGE_CURVE('',#878,#879,#300,.T.);
#1071=EDGE_CURVE('',#880,#879,#301,.T.);
#1072=EDGE_CURVE('',#880,#881,#302,.T.);
#1073=EDGE_CURVE('',#881,#882,#303,.T.);
#1074=EDGE_CURVE('',#882,#883,#304,.T.);
#1075=EDGE_CURVE('',#884,#883,#305,.T.);
#1076=EDGE_CURVE('',#884,#885,#306,.T.);
#1077=EDGE_CURVE('',#885,#886,#307,.T.);
#1078=EDGE_CURVE('',#886,#887,#308,.T.);
#1079=EDGE_CURVE('',#888,#887,#309,.T.);
#1080=EDGE_CURVE('',#889,#888,#310,.T.);
#1081=EDGE_CURVE('',#889,#890,#311,.T.);
#1082=EDGE_CURVE('',#891,#890,#312,.T.);
#1083=EDGE_CURVE('',#859,#891,#313,.T.);
#1084=EDGE_CURVE('',#892,#893,#314,.T.);
#1085=EDGE_CURVE('',#893,#894,#315,.T.);
#1086=EDGE_CURVE('',#894,#895,#316,.T.);
#1087=EDGE_CURVE('',#895,#892,#317,.T.);
#1088=EDGE_CURVE('',#896,#897,#318,.T.);
#1089=EDGE_CURVE('',#897,#898,#319,.T.);
#1090=EDGE_CURVE('',#898,#899,#320,.T.);
#1091=EDGE_CURVE('',#899,#896,#321,.T.);
#1092=EDGE_CURVE('',#900,#901,#322,.T.);
#1093=EDGE_CURVE('',#901,#902,#323,.T.);
#1094=EDGE_CURVE('',#902,#903,#324,.T.);
#1095=EDGE_CURVE('',#903,#900,#325,.T.);
#1096=EDGE_CURVE('',#904,#905,#326,.T.);
#1097=EDGE_CURVE('',#905,#906,#327,.T.);
#1098=EDGE_CURVE('',#906,#907,#328,.T.);
#1099=EDGE_CURVE('',#907,#904,#329,.T.);
#1100=EDGE_CURVE('',#908,#872,#330,.T.);
#1101=EDGE_CURVE('',#875,#872,#331,.T.);
#1102=EDGE_CURVE('',#875,#909,#332,.T.);
#1103=EDGE_CURVE('',#909,#910,#333,.T.);
#1104=EDGE_CURVE('',#910,#911,#334,.T.);
#1105=EDGE_CURVE('',#911,#912,#335,.T.);
#1106=EDGE_CURVE('',#912,#908,#336,.T.);
#1107=EDGE_CURVE('',#913,#874,#337,.T.);
#1108=EDGE_CURVE('',#909,#913,#338,.T.);
#1109=EDGE_CURVE('',#914,#913,#339,.T.);
#1110=EDGE_CURVE('',#910,#914,#340,.T.);
#1111=EDGE_CURVE('',#915,#914,#341,.T.);
#1112=EDGE_CURVE('',#911,#915,#342,.T.);
#1113=EDGE_CURVE('',#916,#915,#343,.T.);
#1114=EDGE_CURVE('',#912,#916,#344,.T.);
#1115=EDGE_CURVE('',#917,#916,#345,.T.);
#1116=EDGE_CURVE('',#908,#917,#346,.T.);
#1117=EDGE_CURVE('',#873,#917,#347,.T.);
#1118=EDGE_CURVE('',#885,#918,#348,.T.);
#1119=EDGE_CURVE('',#918,#919,#349,.T.);
#1120=EDGE_CURVE('',#919,#920,#350,.T.);
#1121=EDGE_CURVE('',#920,#921,#351,.T.);
#1122=EDGE_CURVE('',#921,#922,#352,.T.);
#1123=EDGE_CURVE('',#922,#886,#353,.T.);
#1124=EDGE_CURVE('',#923,#884,#354,.T.);
#1125=EDGE_CURVE('',#918,#923,#355,.T.);
#1126=EDGE_CURVE('',#924,#923,#356,.T.);
#1127=EDGE_CURVE('',#919,#924,#357,.T.);
#1128=EDGE_CURVE('',#925,#924,#358,.T.);
#1129=EDGE_CURVE('',#920,#925,#359,.T.);
#1130=EDGE_CURVE('',#926,#925,#360,.T.);
#1131=EDGE_CURVE('',#921,#926,#361,.T.);
#1132=EDGE_CURVE('',#927,#926,#362,.T.);
#1133=EDGE_CURVE('',#922,#927,#363,.T.);
#1134=EDGE_CURVE('',#887,#927,#364,.T.);
#1135=EDGE_CURVE('',#887,#884,#365,.T.);
#1136=EDGE_CURVE('',#928,#882,#366,.T.);
#1137=EDGE_CURVE('',#881,#929,#367,.T.);
#1138=EDGE_CURVE('',#929,#930,#368,.T.);
#1139=EDGE_CURVE('',#930,#931,#369,.T.);
#1140=EDGE_CURVE('',#931,#932,#370,.T.);
#1141=EDGE_CURVE('',#932,#928,#371,.T.);
#1142=EDGE_CURVE('',#933,#880,#372,.T.);
#1143=EDGE_CURVE('',#929,#933,#373,.T.);
#1144=EDGE_CURVE('',#934,#933,#374,.T.);
#1145=EDGE_CURVE('',#930,#934,#375,.T.);
#1146=EDGE_CURVE('',#935,#934,#376,.T.);
#1147=EDGE_CURVE('',#931,#935,#377,.T.);
#1148=EDGE_CURVE('',#936,#935,#378,.T.);
#1149=EDGE_CURVE('',#932,#936,#379,.T.);
#1150=EDGE_CURVE('',#937,#936,#380,.T.);
#1151=EDGE_CURVE('',#928,#937,#381,.T.);
#1152=EDGE_CURVE('',#883,#937,#382,.T.);
#1153=EDGE_CURVE('',#883,#880,#383,.T.);
#1154=EDGE_CURVE('',#938,#939,#384,.T.);
#1155=EDGE_CURVE('',#939,#940,#385,.T.);
#1156=EDGE_CURVE('',#940,#941,#386,.T.);
#1157=EDGE_CURVE('',#938,#941,#387,.T.);
#1158=EDGE_CURVE('',#939,#942,#388,.T.);
#1159=EDGE_CURVE('',#942,#943,#389,.T.);
#1160=EDGE_CURVE('',#943,#940,#390,.T.);
#1161=EDGE_CURVE('',#942,#944,#391,.T.);
#1162=EDGE_CURVE('',#944,#945,#392,.T.);
#1163=EDGE_CURVE('',#945,#943,#393,.T.);
#1164=EDGE_CURVE('',#941,#945,#394,.T.);
#1165=EDGE_CURVE('',#944,#938,#395,.T.);
#1166=EDGE_CURVE('',#905,#941,#396,.T.);
#1167=EDGE_CURVE('',#904,#945,#397,.T.);
#1168=EDGE_CURVE('',#906,#940,#398,.T.);
#1169=EDGE_CURVE('',#946,#947,#399,.T.);
#1170=EDGE_CURVE('',#947,#948,#400,.T.);
#1171=EDGE_CURVE('',#948,#949,#401,.T.);
#1172=EDGE_CURVE('',#946,#949,#402,.T.);
#1173=EDGE_CURVE('',#947,#950,#403,.T.);
#1174=EDGE_CURVE('',#950,#951,#404,.T.);
#1175=EDGE_CURVE('',#951,#948,#405,.T.);
#1176=EDGE_CURVE('',#950,#952,#406,.T.);
#1177=EDGE_CURVE('',#952,#953,#407,.T.);
#1178=EDGE_CURVE('',#953,#951,#408,.T.);
#1179=EDGE_CURVE('',#949,#953,#409,.T.);
#1180=EDGE_CURVE('',#952,#946,#410,.T.);
#1181=EDGE_CURVE('',#900,#949,#411,.T.);
#1182=EDGE_CURVE('',#903,#953,#412,.T.);
#1183=EDGE_CURVE('',#901,#948,#413,.T.);
#1184=EDGE_CURVE('',#907,#943,#414,.T.);
#1185=EDGE_CURVE('',#902,#951,#415,.T.);
#1186=EDGE_CURVE('',#954,#955,#416,.T.);
#1187=EDGE_CURVE('',#955,#956,#417,.T.);
#1188=EDGE_CURVE('',#956,#957,#418,.T.);
#1189=EDGE_CURVE('',#954,#957,#419,.T.);
#1190=EDGE_CURVE('',#955,#958,#420,.T.);
#1191=EDGE_CURVE('',#958,#959,#421,.T.);
#1192=EDGE_CURVE('',#959,#956,#422,.T.);
#1193=EDGE_CURVE('',#958,#960,#423,.T.);
#1194=EDGE_CURVE('',#960,#961,#424,.T.);
#1195=EDGE_CURVE('',#961,#959,#425,.T.);
#1196=EDGE_CURVE('',#957,#961,#426,.T.);
#1197=EDGE_CURVE('',#960,#954,#427,.T.);
#1198=EDGE_CURVE('',#962,#957,#428,.T.);
#1199=EDGE_CURVE('',#963,#962,#429,.T.);
#1200=EDGE_CURVE('',#963,#961,#430,.T.);
#1201=EDGE_CURVE('',#964,#956,#431,.T.);
#1202=EDGE_CURVE('',#962,#964,#432,.T.);
#1203=EDGE_CURVE('',#965,#966,#433,.T.);
#1204=EDGE_CURVE('',#966,#967,#434,.T.);
#1205=EDGE_CURVE('',#967,#968,#435,.T.);
#1206=EDGE_CURVE('',#965,#968,#436,.T.);
#1207=EDGE_CURVE('',#966,#969,#437,.T.);
#1208=EDGE_CURVE('',#969,#970,#438,.T.);
#1209=EDGE_CURVE('',#970,#967,#439,.T.);
#1210=EDGE_CURVE('',#969,#971,#440,.T.);
#1211=EDGE_CURVE('',#971,#972,#441,.T.);
#1212=EDGE_CURVE('',#972,#970,#442,.T.);
#1213=EDGE_CURVE('',#968,#972,#443,.T.);
#1214=EDGE_CURVE('',#971,#965,#444,.T.);
#1215=EDGE_CURVE('',#973,#968,#445,.T.);
#1216=EDGE_CURVE('',#974,#973,#446,.T.);
#1217=EDGE_CURVE('',#974,#972,#447,.T.);
#1218=EDGE_CURVE('',#975,#967,#448,.T.);
#1219=EDGE_CURVE('',#973,#975,#449,.T.);
#1220=EDGE_CURVE('',#976,#974,#450,.T.);
#1221=EDGE_CURVE('',#976,#970,#451,.T.);
#1222=EDGE_CURVE('',#975,#976,#452,.T.);
#1223=EDGE_CURVE('',#977,#959,#453,.T.);
#1224=EDGE_CURVE('',#964,#977,#454,.T.);
#1225=EDGE_CURVE('',#977,#963,#455,.T.);
#1226=EDGE_CURVE('',#978,#896,#456,.T.);
#1227=EDGE_CURVE('',#979,#978,#457,.T.);
#1228=EDGE_CURVE('',#979,#897,#458,.T.);
#1229=EDGE_CURVE('',#980,#899,#459,.T.);
#1230=EDGE_CURVE('',#978,#980,#460,.T.);
#1231=EDGE_CURVE('',#981,#898,#461,.T.);
#1232=EDGE_CURVE('',#980,#981,#462,.T.);
#1233=EDGE_CURVE('',#981,#979,#463,.T.);
#1234=EDGE_CURVE('',#982,#892,#464,.T.);
#1235=EDGE_CURVE('',#982,#983,#465,.T.);
#1236=EDGE_CURVE('',#983,#893,#466,.T.);
#1237=EDGE_CURVE('',#984,#895,#467,.T.);
#1238=EDGE_CURVE('',#984,#982,#468,.T.);
#1239=EDGE_CURVE('',#985,#894,#469,.T.);
#1240=EDGE_CURVE('',#985,#984,#470,.T.);
#1241=EDGE_CURVE('',#983,#985,#471,.T.);
#1242=EDGE_CURVE('',#986,#888,#472,.T.);
#1243=EDGE_CURVE('',#987,#986,#473,.T.);
#1244=EDGE_CURVE('',#987,#889,#474,.T.);
#1245=EDGE_CURVE('',#988,#888,#475,.T.);
#1246=EDGE_CURVE('',#989,#988,#476,.T.);
#1247=EDGE_CURVE('',#986,#989,#477,.T.);
#1248=EDGE_CURVE('',#989,#990,#478,.T.);
#1249=EDGE_CURVE('',#990,#987,#479,.T.);
#1250=EDGE_CURVE('',#879,#991,#480,.T.);
#1251=EDGE_CURVE('',#991,#988,#481,.T.);
#1252=EDGE_CURVE('',#992,#890,#482,.T.);
#1253=EDGE_CURVE('',#992,#993,#483,.T.);
#1254=EDGE_CURVE('',#993,#891,#484,.T.);
#1255=EDGE_CURVE('',#891,#994,#485,.T.);
#1256=EDGE_CURVE('',#993,#995,#486,.T.);
#1257=EDGE_CURVE('',#995,#994,#487,.T.);
#1258=EDGE_CURVE('',#995,#996,#488,.T.);
#1259=EDGE_CURVE('',#996,#992,#489,.T.);
#1260=EDGE_CURVE('',#994,#997,#490,.T.);
#1261=EDGE_CURVE('',#997,#876,#491,.T.);
#1262=EDGE_CURVE('',#991,#998,#492,.T.);
#1263=EDGE_CURVE('',#998,#999,#493,.T.);
#1264=EDGE_CURVE('',#999,#1000,#494,.T.);
#1265=EDGE_CURVE('',#1001,#1000,#495,.T.);
#1266=EDGE_CURVE('',#990,#1001,#496,.T.);
#1267=EDGE_CURVE('',#878,#1002,#497,.T.);
#1268=EDGE_CURVE('',#1002,#998,#498,.T.);
#1269=EDGE_CURVE('',#996,#1003,#499,.T.);
#1270=EDGE_CURVE('',#1004,#1003,#500,.T.);
#1271=EDGE_CURVE('',#1005,#1004,#501,.T.);
#1272=EDGE_CURVE('',#1006,#1005,#502,.T.);
#1273=EDGE_CURVE('',#997,#1006,#503,.T.);
#1274=EDGE_CURVE('',#1003,#1001,#504,.T.);
#1275=EDGE_CURVE('',#1007,#1008,#505,.T.);
#1276=EDGE_CURVE('',#1008,#1009,#506,.T.);
#1277=EDGE_CURVE('',#1010,#1009,#507,.T.);
#1278=EDGE_CURVE('',#1010,#1007,#508,.T.);
#1279=EDGE_CURVE('',#1011,#1008,#509,.T.);
#1280=EDGE_CURVE('',#1012,#1011,#510,.T.);
#1281=EDGE_CURVE('',#1009,#1012,#511,.T.);
#1282=EDGE_CURVE('',#1013,#1010,#512,.T.);
#1283=EDGE_CURVE('',#1014,#1013,#513,.T.);
#1284=EDGE_CURVE('',#1007,#1014,#514,.T.);
#1285=EDGE_CURVE('',#1011,#1014,#515,.T.);
#1286=EDGE_CURVE('',#1012,#1013,#516,.T.);
#1287=EDGE_CURVE('',#1015,#1016,#517,.T.);
#1288=EDGE_CURVE('',#1015,#1017,#518,.T.);
#1289=EDGE_CURVE('',#1017,#1018,#519,.T.);
#1290=EDGE_CURVE('',#1016,#1018,#520,.T.);
#1291=EDGE_CURVE('',#1019,#1015,#521,.T.);
#1292=EDGE_CURVE('',#1019,#1020,#522,.T.);
#1293=EDGE_CURVE('',#1020,#1017,#523,.T.);
#1294=EDGE_CURVE('',#1021,#1019,#524,.T.);
#1295=EDGE_CURVE('',#1021,#1022,#525,.T.);
#1296=EDGE_CURVE('',#1022,#1020,#526,.T.);
#1297=EDGE_CURVE('',#1016,#1021,#527,.T.);
#1298=EDGE_CURVE('',#1018,#1022,#528,.T.);
#1299=EDGE_CURVE('',#1023,#1024,#529,.T.);
#1300=EDGE_CURVE('',#1023,#1025,#530,.T.);
#1301=EDGE_CURVE('',#1025,#1026,#531,.T.);
#1302=EDGE_CURVE('',#1024,#1026,#532,.T.);
#1303=EDGE_CURVE('',#1027,#1023,#533,.T.);
#1304=EDGE_CURVE('',#1027,#1028,#534,.T.);
#1305=EDGE_CURVE('',#1028,#1025,#535,.T.);
#1306=EDGE_CURVE('',#1029,#1027,#536,.T.);
#1307=EDGE_CURVE('',#1029,#1030,#537,.T.);
#1308=EDGE_CURVE('',#1030,#1028,#538,.T.);
#1309=EDGE_CURVE('',#1031,#1029,#539,.T.);
#1310=EDGE_CURVE('',#1031,#1032,#540,.T.);
#1311=EDGE_CURVE('',#1032,#1030,#541,.T.);
#1312=EDGE_CURVE('',#1024,#1031,#542,.T.);
#1313=EDGE_CURVE('',#1026,#1032,#543,.T.);
#1314=EDGE_CURVE('',#1033,#1034,#544,.T.);
#1315=EDGE_CURVE('',#1033,#1035,#545,.T.);
#1316=EDGE_CURVE('',#1035,#1002,#546,.T.);
#1317=EDGE_CURVE('',#1002,#1034,#547,.T.);
#1318=EDGE_CURVE('',#999,#1033,#548,.T.);
#1319=EDGE_CURVE('',#998,#1035,#549,.T.);
#1320=EDGE_CURVE('',#999,#1034,#550,.T.);
#1321=EDGE_CURVE('',#1036,#1037,#551,.T.);
#1322=EDGE_CURVE('',#1038,#1036,#552,.T.);
#1323=EDGE_CURVE('',#1038,#1039,#553,.T.);
#1324=EDGE_CURVE('',#1037,#1039,#554,.T.);
#1325=EDGE_CURVE('',#1037,#1005,#555,.T.);
#1326=EDGE_CURVE('',#1039,#1006,#556,.T.);
#1327=EDGE_CURVE('',#1036,#1005,#557,.T.);
#1328=EDGE_CURVE('',#1006,#1038,#558,.T.);
#1329=EDGE_CURVE('',#877,#1038,#559,.T.);
#1330=EDGE_CURVE('',#1040,#1004,#560,.T.);
#1331=EDGE_CURVE('',#1036,#1040,#561,.T.);
#1332=EDGE_CURVE('',#1034,#1041,#562,.T.);
#1333=EDGE_CURVE('',#1000,#1041,#563,.T.);
#1334=EDGE_CURVE('',#1041,#1040,#564,.T.);
#1335=ORIENTED_EDGE('',*,*,#1042,.F.);
#1336=ORIENTED_EDGE('',*,*,#1043,.T.);
#1337=ORIENTED_EDGE('',*,*,#1044,.T.);
#1338=ORIENTED_EDGE('',*,*,#1045,.T.);
#1339=ORIENTED_EDGE('',*,*,#1046,.T.);
#1340=ORIENTED_EDGE('',*,*,#1047,.T.);
#1341=ORIENTED_EDGE('',*,*,#1048,.T.);
#1342=ORIENTED_EDGE('',*,*,#1049,.F.);
#1343=ORIENTED_EDGE('',*,*,#1050,.F.);
#1344=ORIENTED_EDGE('',*,*,#1051,.F.);
#1345=ORIENTED_EDGE('',*,*,#1043,.F.);
#1346=ORIENTED_EDGE('',*,*,#1051,.T.);
#1347=ORIENTED_EDGE('',*,*,#1052,.F.);
#1348=ORIENTED_EDGE('',*,*,#1053,.F.);
#1349=ORIENTED_EDGE('',*,*,#1044,.F.);
#1350=ORIENTED_EDGE('',*,*,#1053,.T.);
#1351=ORIENTED_EDGE('',*,*,#1054,.F.);
#1352=ORIENTED_EDGE('',*,*,#1055,.F.);
#1353=ORIENTED_EDGE('',*,*,#1045,.F.);
#1354=ORIENTED_EDGE('',*,*,#1055,.T.);
#1355=ORIENTED_EDGE('',*,*,#1056,.F.);
#1356=ORIENTED_EDGE('',*,*,#1057,.F.);
#1357=ORIENTED_EDGE('',*,*,#1046,.F.);
#1358=ORIENTED_EDGE('',*,*,#1057,.T.);
#1359=ORIENTED_EDGE('',*,*,#1058,.F.);
#1360=ORIENTED_EDGE('',*,*,#1059,.F.);
#1361=ORIENTED_EDGE('',*,*,#1047,.F.);
#1362=ORIENTED_EDGE('',*,*,#1059,.T.);
#1363=ORIENTED_EDGE('',*,*,#1060,.F.);
#1364=ORIENTED_EDGE('',*,*,#1061,.F.);
#1365=ORIENTED_EDGE('',*,*,#1048,.F.);
#1366=ORIENTED_EDGE('',*,*,#1062,.F.);
#1367=ORIENTED_EDGE('',*,*,#1060,.T.);
#1368=ORIENTED_EDGE('',*,*,#1058,.T.);
#1369=ORIENTED_EDGE('',*,*,#1056,.T.);
#1370=ORIENTED_EDGE('',*,*,#1054,.T.);
#1371=ORIENTED_EDGE('',*,*,#1052,.T.);
#1372=ORIENTED_EDGE('',*,*,#1050,.T.);
#1373=ORIENTED_EDGE('',*,*,#1061,.T.);
#1374=ORIENTED_EDGE('',*,*,#1062,.T.);
#1375=ORIENTED_EDGE('',*,*,#1049,.T.);
#1376=ORIENTED_EDGE('',*,*,#1063,.F.);
#1377=ORIENTED_EDGE('',*,*,#1064,.T.);
#1378=ORIENTED_EDGE('',*,*,#1065,.T.);
#1379=ORIENTED_EDGE('',*,*,#1066,.T.);
#1380=ORIENTED_EDGE('',*,*,#1067,.F.);
#1381=ORIENTED_EDGE('',*,*,#1068,.T.);
#1382=ORIENTED_EDGE('',*,*,#1069,.T.);
#1383=ORIENTED_EDGE('',*,*,#1070,.T.);
#1384=ORIENTED_EDGE('',*,*,#1071,.F.);
#1385=ORIENTED_EDGE('',*,*,#1072,.T.);
#1386=ORIENTED_EDGE('',*,*,#1073,.T.);
#1387=ORIENTED_EDGE('',*,*,#1074,.T.);
#1388=ORIENTED_EDGE('',*,*,#1075,.F.);
#1389=ORIENTED_EDGE('',*,*,#1076,.T.);
#1390=ORIENTED_EDGE('',*,*,#1077,.T.);
#1391=ORIENTED_EDGE('',*,*,#1078,.T.);
#1392=ORIENTED_EDGE('',*,*,#1079,.F.);
#1393=ORIENTED_EDGE('',*,*,#1080,.F.);
#1394=ORIENTED_EDGE('',*,*,#1081,.T.);
#1395=ORIENTED_EDGE('',*,*,#1082,.F.);
#1396=ORIENTED_EDGE('',*,*,#1083,.F.);
#1397=ORIENTED_EDGE('',*,*,#1084,.T.);
#1398=ORIENTED_EDGE('',*,*,#1085,.T.);
#1399=ORIENTED_EDGE('',*,*,#1086,.T.);
#1400=ORIENTED_EDGE('',*,*,#1087,.T.);
#1401=ORIENTED_EDGE('',*,*,#1088,.T.);
#1402=ORIENTED_EDGE('',*,*,#1089,.T.);
#1403=ORIENTED_EDGE('',*,*,#1090,.T.);
#1404=ORIENTED_EDGE('',*,*,#1091,.T.);
#1405=ORIENTED_EDGE('',*,*,#1092,.T.);
#1406=ORIENTED_EDGE('',*,*,#1093,.T.);
#1407=ORIENTED_EDGE('',*,*,#1094,.T.);
#1408=ORIENTED_EDGE('',*,*,#1095,.T.);
#1409=ORIENTED_EDGE('',*,*,#1096,.T.);
#1410=ORIENTED_EDGE('',*,*,#1097,.T.);
#1411=ORIENTED_EDGE('',*,*,#1098,.T.);
#1412=ORIENTED_EDGE('',*,*,#1099,.T.);
#1413=ORIENTED_EDGE('',*,*,#1100,.T.);
#1414=ORIENTED_EDGE('',*,*,#1101,.F.);
#1415=ORIENTED_EDGE('',*,*,#1102,.T.);
#1416=ORIENTED_EDGE('',*,*,#1103,.T.);
#1417=ORIENTED_EDGE('',*,*,#1104,.T.);
#1418=ORIENTED_EDGE('',*,*,#1105,.T.);
#1419=ORIENTED_EDGE('',*,*,#1106,.T.);
#1420=ORIENTED_EDGE('',*,*,#1066,.F.);
#1421=ORIENTED_EDGE('',*,*,#1107,.F.);
#1422=ORIENTED_EDGE('',*,*,#1108,.F.);
#1423=ORIENTED_EDGE('',*,*,#1102,.F.);
#1424=ORIENTED_EDGE('',*,*,#1108,.T.);
#1425=ORIENTED_EDGE('',*,*,#1109,.F.);
#1426=ORIENTED_EDGE('',*,*,#1110,.F.);
#1427=ORIENTED_EDGE('',*,*,#1103,.F.);
#1428=ORIENTED_EDGE('',*,*,#1110,.T.);
#1429=ORIENTED_EDGE('',*,*,#1111,.F.);
#1430=ORIENTED_EDGE('',*,*,#1112,.F.);
#1431=ORIENTED_EDGE('',*,*,#1104,.F.);
#1432=ORIENTED_EDGE('',*,*,#1112,.T.);
#1433=ORIENTED_EDGE('',*,*,#1113,.F.);
#1434=ORIENTED_EDGE('',*,*,#1114,.F.);
#1435=ORIENTED_EDGE('',*,*,#1105,.F.);
#1436=ORIENTED_EDGE('',*,*,#1114,.T.);
#1437=ORIENTED_EDGE('',*,*,#1115,.F.);
#1438=ORIENTED_EDGE('',*,*,#1116,.F.);
#1439=ORIENTED_EDGE('',*,*,#1106,.F.);
#1440=ORIENTED_EDGE('',*,*,#1116,.T.);
#1441=ORIENTED_EDGE('',*,*,#1117,.F.);
#1442=ORIENTED_EDGE('',*,*,#1064,.F.);
#1443=ORIENTED_EDGE('',*,*,#1100,.F.);
#1444=ORIENTED_EDGE('',*,*,#1117,.T.);
#1445=ORIENTED_EDGE('',*,*,#1115,.T.);
#1446=ORIENTED_EDGE('',*,*,#1113,.T.);
#1447=ORIENTED_EDGE('',*,*,#1111,.T.);
#1448=ORIENTED_EDGE('',*,*,#1109,.T.);
#1449=ORIENTED_EDGE('',*,*,#1107,.T.);
#1450=ORIENTED_EDGE('',*,*,#1065,.F.);
#1451=ORIENTED_EDGE('',*,*,#1077,.F.);
#1452=ORIENTED_EDGE('',*,*,#1118,.T.);
#1453=ORIENTED_EDGE('',*,*,#1119,.T.);
#1454=ORIENTED_EDGE('',*,*,#1120,.T.);
#1455=ORIENTED_EDGE('',*,*,#1121,.T.);
#1456=ORIENTED_EDGE('',*,*,#1122,.T.);
#1457=ORIENTED_EDGE('',*,*,#1123,.T.);
#1458=ORIENTED_EDGE('',*,*,#1076,.F.);
#1459=ORIENTED_EDGE('',*,*,#1124,.F.);
#1460=ORIENTED_EDGE('',*,*,#1125,.F.);
#1461=ORIENTED_EDGE('',*,*,#1118,.F.);
#1462=ORIENTED_EDGE('',*,*,#1125,.T.);
#1463=ORIENTED_EDGE('',*,*,#1126,.F.);
#1464=ORIENTED_EDGE('',*,*,#1127,.F.);
#1465=ORIENTED_EDGE('',*,*,#1119,.F.);
#1466=ORIENTED_EDGE('',*,*,#1127,.T.);
#1467=ORIENTED_EDGE('',*,*,#1128,.F.);
#1468=ORIENTED_EDGE('',*,*,#1129,.F.);
#1469=ORIENTED_EDGE('',*,*,#1120,.F.);
#1470=ORIENTED_EDGE('',*,*,#1129,.T.);
#1471=ORIENTED_EDGE('',*,*,#1130,.F.);
#1472=ORIENTED_EDGE('',*,*,#1131,.F.);
#1473=ORIENTED_EDGE('',*,*,#1121,.F.);
#1474=ORIENTED_EDGE('',*,*,#1131,.T.);
#1475=ORIENTED_EDGE('',*,*,#1132,.F.);
#1476=ORIENTED_EDGE('',*,*,#1133,.F.);
#1477=ORIENTED_EDGE('',*,*,#1122,.F.);
#1478=ORIENTED_EDGE('',*,*,#1133,.T.);
#1479=ORIENTED_EDGE('',*,*,#1134,.F.);
#1480=ORIENTED_EDGE('',*,*,#1078,.F.);
#1481=ORIENTED_EDGE('',*,*,#1123,.F.);
#1482=ORIENTED_EDGE('',*,*,#1135,.F.);
#1483=ORIENTED_EDGE('',*,*,#1134,.T.);
#1484=ORIENTED_EDGE('',*,*,#1132,.T.);
#1485=ORIENTED_EDGE('',*,*,#1130,.T.);
#1486=ORIENTED_EDGE('',*,*,#1128,.T.);
#1487=ORIENTED_EDGE('',*,*,#1126,.T.);
#1488=ORIENTED_EDGE('',*,*,#1124,.T.);
#1489=ORIENTED_EDGE('',*,*,#1136,.T.);
#1490=ORIENTED_EDGE('',*,*,#1073,.F.);
#1491=ORIENTED_EDGE('',*,*,#1137,.T.);
#1492=ORIENTED_EDGE('',*,*,#1138,.T.);
#1493=ORIENTED_EDGE('',*,*,#1139,.T.);
#1494=ORIENTED_EDGE('',*,*,#1140,.T.);
#1495=ORIENTED_EDGE('',*,*,#1141,.T.);
#1496=ORIENTED_EDGE('',*,*,#1072,.F.);
#1497=ORIENTED_EDGE('',*,*,#1142,.F.);
#1498=ORIENTED_EDGE('',*,*,#1143,.F.);
#1499=ORIENTED_EDGE('',*,*,#1137,.F.);
#1500=ORIENTED_EDGE('',*,*,#1143,.T.);
#1501=ORIENTED_EDGE('',*,*,#1144,.F.);
#1502=ORIENTED_EDGE('',*,*,#1145,.F.);
#1503=ORIENTED_EDGE('',*,*,#1138,.F.);
#1504=ORIENTED_EDGE('',*,*,#1145,.T.);
#1505=ORIENTED_EDGE('',*,*,#1146,.F.);
#1506=ORIENTED_EDGE('',*,*,#1147,.F.);
#1507=ORIENTED_EDGE('',*,*,#1139,.F.);
#1508=ORIENTED_EDGE('',*,*,#1147,.T.);
#1509=ORIENTED_EDGE('',*,*,#1148,.F.);
#1510=ORIENTED_EDGE('',*,*,#1149,.F.);
#1511=ORIENTED_EDGE('',*,*,#1140,.F.);
#1512=ORIENTED_EDGE('',*,*,#1149,.T.);
#1513=ORIENTED_EDGE('',*,*,#1150,.F.);
#1514=ORIENTED_EDGE('',*,*,#1151,.F.);
#1515=ORIENTED_EDGE('',*,*,#1141,.F.);
#1516=ORIENTED_EDGE('',*,*,#1151,.T.);
#1517=ORIENTED_EDGE('',*,*,#1152,.F.);
#1518=ORIENTED_EDGE('',*,*,#1074,.F.);
#1519=ORIENTED_EDGE('',*,*,#1136,.F.);
#1520=ORIENTED_EDGE('',*,*,#1152,.T.);
#1521=ORIENTED_EDGE('',*,*,#1150,.T.);
#1522=ORIENTED_EDGE('',*,*,#1148,.T.);
#1523=ORIENTED_EDGE('',*,*,#1146,.T.);
#1524=ORIENTED_EDGE('',*,*,#1144,.T.);
#1525=ORIENTED_EDGE('',*,*,#1142,.T.);
#1526=ORIENTED_EDGE('',*,*,#1153,.F.);
#1527=ORIENTED_EDGE('',*,*,#1154,.T.);
#1528=ORIENTED_EDGE('',*,*,#1155,.T.);
#1529=ORIENTED_EDGE('',*,*,#1156,.T.);
#1530=ORIENTED_EDGE('',*,*,#1157,.F.);
#1531=ORIENTED_EDGE('',*,*,#1158,.T.);
#1532=ORIENTED_EDGE('',*,*,#1159,.T.);
#1533=ORIENTED_EDGE('',*,*,#1160,.T.);
#1534=ORIENTED_EDGE('',*,*,#1155,.F.);
#1535=ORIENTED_EDGE('',*,*,#1161,.T.);
#1536=ORIENTED_EDGE('',*,*,#1162,.T.);
#1537=ORIENTED_EDGE('',*,*,#1163,.T.);
#1538=ORIENTED_EDGE('',*,*,#1159,.F.);
#1539=ORIENTED_EDGE('',*,*,#1164,.T.);
#1540=ORIENTED_EDGE('',*,*,#1162,.F.);
#1541=ORIENTED_EDGE('',*,*,#1165,.T.);
#1542=ORIENTED_EDGE('',*,*,#1157,.T.);
#1543=ORIENTED_EDGE('',*,*,#1164,.F.);
#1544=ORIENTED_EDGE('',*,*,#1166,.F.);
#1545=ORIENTED_EDGE('',*,*,#1096,.F.);
#1546=ORIENTED_EDGE('',*,*,#1167,.T.);
#1547=ORIENTED_EDGE('',*,*,#1156,.F.);
#1548=ORIENTED_EDGE('',*,*,#1168,.F.);
#1549=ORIENTED_EDGE('',*,*,#1097,.F.);
#1550=ORIENTED_EDGE('',*,*,#1166,.T.);
#1551=ORIENTED_EDGE('',*,*,#1154,.F.);
#1552=ORIENTED_EDGE('',*,*,#1165,.F.);
#1553=ORIENTED_EDGE('',*,*,#1161,.F.);
#1554=ORIENTED_EDGE('',*,*,#1158,.F.);
#1555=ORIENTED_EDGE('',*,*,#1169,.T.);
#1556=ORIENTED_EDGE('',*,*,#1170,.T.);
#1557=ORIENTED_EDGE('',*,*,#1171,.T.);
#1558=ORIENTED_EDGE('',*,*,#1172,.F.);
#1559=ORIENTED_EDGE('',*,*,#1173,.T.);
#1560=ORIENTED_EDGE('',*,*,#1174,.T.);
#1561=ORIENTED_EDGE('',*,*,#1175,.T.);
#1562=ORIENTED_EDGE('',*,*,#1170,.F.);
#1563=ORIENTED_EDGE('',*,*,#1176,.T.);
#1564=ORIENTED_EDGE('',*,*,#1177,.T.);
#1565=ORIENTED_EDGE('',*,*,#1178,.T.);
#1566=ORIENTED_EDGE('',*,*,#1174,.F.);
#1567=ORIENTED_EDGE('',*,*,#1179,.T.);
#1568=ORIENTED_EDGE('',*,*,#1177,.F.);
#1569=ORIENTED_EDGE('',*,*,#1180,.T.);
#1570=ORIENTED_EDGE('',*,*,#1172,.T.);
#1571=ORIENTED_EDGE('',*,*,#1179,.F.);
#1572=ORIENTED_EDGE('',*,*,#1181,.F.);
#1573=ORIENTED_EDGE('',*,*,#1095,.F.);
#1574=ORIENTED_EDGE('',*,*,#1182,.T.);
#1575=ORIENTED_EDGE('',*,*,#1171,.F.);
#1576=ORIENTED_EDGE('',*,*,#1183,.F.);
#1577=ORIENTED_EDGE('',*,*,#1092,.F.);
#1578=ORIENTED_EDGE('',*,*,#1181,.T.);
#1579=ORIENTED_EDGE('',*,*,#1169,.F.);
#1580=ORIENTED_EDGE('',*,*,#1180,.F.);
#1581=ORIENTED_EDGE('',*,*,#1176,.F.);
#1582=ORIENTED_EDGE('',*,*,#1173,.F.);
#1583=ORIENTED_EDGE('',*,*,#1160,.F.);
#1584=ORIENTED_EDGE('',*,*,#1184,.F.);
#1585=ORIENTED_EDGE('',*,*,#1098,.F.);
#1586=ORIENTED_EDGE('',*,*,#1168,.T.);
#1587=ORIENTED_EDGE('',*,*,#1163,.F.);
#1588=ORIENTED_EDGE('',*,*,#1167,.F.);
#1589=ORIENTED_EDGE('',*,*,#1099,.F.);
#1590=ORIENTED_EDGE('',*,*,#1184,.T.);
#1591=ORIENTED_EDGE('',*,*,#1175,.F.);
#1592=ORIENTED_EDGE('',*,*,#1185,.F.);
#1593=ORIENTED_EDGE('',*,*,#1093,.F.);
#1594=ORIENTED_EDGE('',*,*,#1183,.T.);
#1595=ORIENTED_EDGE('',*,*,#1178,.F.);
#1596=ORIENTED_EDGE('',*,*,#1182,.F.);
#1597=ORIENTED_EDGE('',*,*,#1094,.F.);
#1598=ORIENTED_EDGE('',*,*,#1185,.T.);
#1599=ORIENTED_EDGE('',*,*,#1186,.T.);
#1600=ORIENTED_EDGE('',*,*,#1187,.T.);
#1601=ORIENTED_EDGE('',*,*,#1188,.T.);
#1602=ORIENTED_EDGE('',*,*,#1189,.F.);
#1603=ORIENTED_EDGE('',*,*,#1190,.T.);
#1604=ORIENTED_EDGE('',*,*,#1191,.T.);
#1605=ORIENTED_EDGE('',*,*,#1192,.T.);
#1606=ORIENTED_EDGE('',*,*,#1187,.F.);
#1607=ORIENTED_EDGE('',*,*,#1193,.T.);
#1608=ORIENTED_EDGE('',*,*,#1194,.T.);
#1609=ORIENTED_EDGE('',*,*,#1195,.T.);
#1610=ORIENTED_EDGE('',*,*,#1191,.F.);
#1611=ORIENTED_EDGE('',*,*,#1196,.T.);
#1612=ORIENTED_EDGE('',*,*,#1194,.F.);
#1613=ORIENTED_EDGE('',*,*,#1197,.T.);
#1614=ORIENTED_EDGE('',*,*,#1189,.T.);
#1615=ORIENTED_EDGE('',*,*,#1196,.F.);
#1616=ORIENTED_EDGE('',*,*,#1198,.F.);
#1617=ORIENTED_EDGE('',*,*,#1199,.F.);
#1618=ORIENTED_EDGE('',*,*,#1200,.T.);
#1619=ORIENTED_EDGE('',*,*,#1188,.F.);
#1620=ORIENTED_EDGE('',*,*,#1201,.F.);
#1621=ORIENTED_EDGE('',*,*,#1202,.F.);
#1622=ORIENTED_EDGE('',*,*,#1198,.T.);
#1623=ORIENTED_EDGE('',*,*,#1186,.F.);
#1624=ORIENTED_EDGE('',*,*,#1197,.F.);
#1625=ORIENTED_EDGE('',*,*,#1193,.F.);
#1626=ORIENTED_EDGE('',*,*,#1190,.F.);
#1627=ORIENTED_EDGE('',*,*,#1203,.T.);
#1628=ORIENTED_EDGE('',*,*,#1204,.T.);
#1629=ORIENTED_EDGE('',*,*,#1205,.T.);
#1630=ORIENTED_EDGE('',*,*,#1206,.F.);
#1631=ORIENTED_EDGE('',*,*,#1207,.T.);
#1632=ORIENTED_EDGE('',*,*,#1208,.T.);
#1633=ORIENTED_EDGE('',*,*,#1209,.T.);
#1634=ORIENTED_EDGE('',*,*,#1204,.F.);
#1635=ORIENTED_EDGE('',*,*,#1210,.T.);
#1636=ORIENTED_EDGE('',*,*,#1211,.T.);
#1637=ORIENTED_EDGE('',*,*,#1212,.T.);
#1638=ORIENTED_EDGE('',*,*,#1208,.F.);
#1639=ORIENTED_EDGE('',*,*,#1213,.T.);
#1640=ORIENTED_EDGE('',*,*,#1211,.F.);
#1641=ORIENTED_EDGE('',*,*,#1214,.T.);
#1642=ORIENTED_EDGE('',*,*,#1206,.T.);
#1643=ORIENTED_EDGE('',*,*,#1213,.F.);
#1644=ORIENTED_EDGE('',*,*,#1215,.F.);
#1645=ORIENTED_EDGE('',*,*,#1216,.F.);
#1646=ORIENTED_EDGE('',*,*,#1217,.T.);
#1647=ORIENTED_EDGE('',*,*,#1205,.F.);
#1648=ORIENTED_EDGE('',*,*,#1218,.F.);
#1649=ORIENTED_EDGE('',*,*,#1219,.F.);
#1650=ORIENTED_EDGE('',*,*,#1215,.T.);
#1651=ORIENTED_EDGE('',*,*,#1203,.F.);
#1652=ORIENTED_EDGE('',*,*,#1214,.F.);
#1653=ORIENTED_EDGE('',*,*,#1210,.F.);
#1654=ORIENTED_EDGE('',*,*,#1207,.F.);
#1655=ORIENTED_EDGE('',*,*,#1212,.F.);
#1656=ORIENTED_EDGE('',*,*,#1217,.F.);
#1657=ORIENTED_EDGE('',*,*,#1220,.F.);
#1658=ORIENTED_EDGE('',*,*,#1221,.T.);
#1659=ORIENTED_EDGE('',*,*,#1209,.F.);
#1660=ORIENTED_EDGE('',*,*,#1221,.F.);
#1661=ORIENTED_EDGE('',*,*,#1222,.F.);
#1662=ORIENTED_EDGE('',*,*,#1218,.T.);
#1663=ORIENTED_EDGE('',*,*,#1192,.F.);
#1664=ORIENTED_EDGE('',*,*,#1223,.F.);
#1665=ORIENTED_EDGE('',*,*,#1224,.F.);
#1666=ORIENTED_EDGE('',*,*,#1201,.T.);
#1667=ORIENTED_EDGE('',*,*,#1195,.F.);
#1668=ORIENTED_EDGE('',*,*,#1200,.F.);
#1669=ORIENTED_EDGE('',*,*,#1225,.F.);
#1670=ORIENTED_EDGE('',*,*,#1223,.T.);
#1671=ORIENTED_EDGE('',*,*,#1088,.F.);
#1672=ORIENTED_EDGE('',*,*,#1226,.F.);
#1673=ORIENTED_EDGE('',*,*,#1227,.F.);
#1674=ORIENTED_EDGE('',*,*,#1228,.T.);
#1675=ORIENTED_EDGE('',*,*,#1091,.F.);
#1676=ORIENTED_EDGE('',*,*,#1229,.F.);
#1677=ORIENTED_EDGE('',*,*,#1230,.F.);
#1678=ORIENTED_EDGE('',*,*,#1226,.T.);
#1679=ORIENTED_EDGE('',*,*,#1090,.F.);
#1680=ORIENTED_EDGE('',*,*,#1231,.F.);
#1681=ORIENTED_EDGE('',*,*,#1232,.F.);
#1682=ORIENTED_EDGE('',*,*,#1229,.T.);
#1683=ORIENTED_EDGE('',*,*,#1089,.F.);
#1684=ORIENTED_EDGE('',*,*,#1228,.F.);
#1685=ORIENTED_EDGE('',*,*,#1233,.F.);
#1686=ORIENTED_EDGE('',*,*,#1231,.T.);
#1687=ORIENTED_EDGE('',*,*,#1227,.T.);
#1688=ORIENTED_EDGE('',*,*,#1230,.T.);
#1689=ORIENTED_EDGE('',*,*,#1232,.T.);
#1690=ORIENTED_EDGE('',*,*,#1233,.T.);
#1691=ORIENTED_EDGE('',*,*,#1084,.F.);
#1692=ORIENTED_EDGE('',*,*,#1234,.F.);
#1693=ORIENTED_EDGE('',*,*,#1235,.T.);
#1694=ORIENTED_EDGE('',*,*,#1236,.T.);
#1695=ORIENTED_EDGE('',*,*,#1087,.F.);
#1696=ORIENTED_EDGE('',*,*,#1237,.F.);
#1697=ORIENTED_EDGE('',*,*,#1238,.T.);
#1698=ORIENTED_EDGE('',*,*,#1234,.T.);
#1699=ORIENTED_EDGE('',*,*,#1086,.F.);
#1700=ORIENTED_EDGE('',*,*,#1239,.F.);
#1701=ORIENTED_EDGE('',*,*,#1240,.T.);
#1702=ORIENTED_EDGE('',*,*,#1237,.T.);
#1703=ORIENTED_EDGE('',*,*,#1085,.F.);
#1704=ORIENTED_EDGE('',*,*,#1236,.F.);
#1705=ORIENTED_EDGE('',*,*,#1241,.T.);
#1706=ORIENTED_EDGE('',*,*,#1239,.T.);
#1707=ORIENTED_EDGE('',*,*,#1235,.F.);
#1708=ORIENTED_EDGE('',*,*,#1238,.F.);
#1709=ORIENTED_EDGE('',*,*,#1240,.F.);
#1710=ORIENTED_EDGE('',*,*,#1241,.F.);
#1711=ORIENTED_EDGE('',*,*,#1080,.T.);
#1712=ORIENTED_EDGE('',*,*,#1242,.F.);
#1713=ORIENTED_EDGE('',*,*,#1243,.F.);
#1714=ORIENTED_EDGE('',*,*,#1244,.T.);
#1715=ORIENTED_EDGE('',*,*,#1245,.F.);
#1716=ORIENTED_EDGE('',*,*,#1246,.F.);
#1717=ORIENTED_EDGE('',*,*,#1247,.F.);
#1718=ORIENTED_EDGE('',*,*,#1242,.T.);
#1719=ORIENTED_EDGE('',*,*,#1247,.T.);
#1720=ORIENTED_EDGE('',*,*,#1248,.T.);
#1721=ORIENTED_EDGE('',*,*,#1249,.T.);
#1722=ORIENTED_EDGE('',*,*,#1243,.T.);
#1723=ORIENTED_EDGE('',*,*,#1245,.T.);
#1724=ORIENTED_EDGE('',*,*,#1079,.T.);
#1725=ORIENTED_EDGE('',*,*,#1135,.T.);
#1726=ORIENTED_EDGE('',*,*,#1075,.T.);
#1727=ORIENTED_EDGE('',*,*,#1153,.T.);
#1728=ORIENTED_EDGE('',*,*,#1071,.T.);
#1729=ORIENTED_EDGE('',*,*,#1250,.T.);
#1730=ORIENTED_EDGE('',*,*,#1251,.T.);
#1731=ORIENTED_EDGE('',*,*,#1082,.T.);
#1732=ORIENTED_EDGE('',*,*,#1252,.F.);
#1733=ORIENTED_EDGE('',*,*,#1253,.T.);
#1734=ORIENTED_EDGE('',*,*,#1254,.T.);
#1735=ORIENTED_EDGE('',*,*,#1255,.F.);
#1736=ORIENTED_EDGE('',*,*,#1254,.F.);
#1737=ORIENTED_EDGE('',*,*,#1256,.T.);
#1738=ORIENTED_EDGE('',*,*,#1257,.T.);
#1739=ORIENTED_EDGE('',*,*,#1258,.F.);
#1740=ORIENTED_EDGE('',*,*,#1256,.F.);
#1741=ORIENTED_EDGE('',*,*,#1253,.F.);
#1742=ORIENTED_EDGE('',*,*,#1259,.F.);
#1743=ORIENTED_EDGE('',*,*,#1255,.T.);
#1744=ORIENTED_EDGE('',*,*,#1260,.T.);
#1745=ORIENTED_EDGE('',*,*,#1261,.T.);
#1746=ORIENTED_EDGE('',*,*,#1067,.T.);
#1747=ORIENTED_EDGE('',*,*,#1101,.T.);
#1748=ORIENTED_EDGE('',*,*,#1063,.T.);
#1749=ORIENTED_EDGE('',*,*,#1042,.T.);
#1750=ORIENTED_EDGE('',*,*,#1083,.T.);
#1751=ORIENTED_EDGE('',*,*,#1251,.F.);
#1752=ORIENTED_EDGE('',*,*,#1262,.T.);
#1753=ORIENTED_EDGE('',*,*,#1263,.T.);
#1754=ORIENTED_EDGE('',*,*,#1264,.T.);
#1755=ORIENTED_EDGE('',*,*,#1265,.F.);
#1756=ORIENTED_EDGE('',*,*,#1266,.F.);
#1757=ORIENTED_EDGE('',*,*,#1248,.F.);
#1758=ORIENTED_EDGE('',*,*,#1246,.T.);
#1759=ORIENTED_EDGE('',*,*,#1250,.F.);
#1760=ORIENTED_EDGE('',*,*,#1070,.F.);
#1761=ORIENTED_EDGE('',*,*,#1267,.T.);
#1762=ORIENTED_EDGE('',*,*,#1268,.T.);
#1763=ORIENTED_EDGE('',*,*,#1262,.F.);
#1764=ORIENTED_EDGE('',*,*,#1269,.T.);
#1765=ORIENTED_EDGE('',*,*,#1270,.F.);
#1766=ORIENTED_EDGE('',*,*,#1271,.F.);
#1767=ORIENTED_EDGE('',*,*,#1272,.F.);
#1768=ORIENTED_EDGE('',*,*,#1273,.F.);
#1769=ORIENTED_EDGE('',*,*,#1260,.F.);
#1770=ORIENTED_EDGE('',*,*,#1257,.F.);
#1771=ORIENTED_EDGE('',*,*,#1258,.T.);
#1772=ORIENTED_EDGE('',*,*,#1266,.T.);
#1773=ORIENTED_EDGE('',*,*,#1274,.F.);
#1774=ORIENTED_EDGE('',*,*,#1269,.F.);
#1775=ORIENTED_EDGE('',*,*,#1259,.T.);
#1776=ORIENTED_EDGE('',*,*,#1252,.T.);
#1777=ORIENTED_EDGE('',*,*,#1081,.F.);
#1778=ORIENTED_EDGE('',*,*,#1244,.F.);
#1779=ORIENTED_EDGE('',*,*,#1249,.F.);
#1780=ORIENTED_EDGE('',*,*,#1275,.T.);
#1781=ORIENTED_EDGE('',*,*,#1276,.T.);
#1782=ORIENTED_EDGE('',*,*,#1277,.F.);
#1783=ORIENTED_EDGE('',*,*,#1278,.T.);
#1784=ORIENTED_EDGE('',*,*,#1279,.F.);
#1785=ORIENTED_EDGE('',*,*,#1280,.F.);
#1786=ORIENTED_EDGE('',*,*,#1281,.F.);
#1787=ORIENTED_EDGE('',*,*,#1276,.F.);
#1788=ORIENTED_EDGE('',*,*,#1282,.F.);
#1789=ORIENTED_EDGE('',*,*,#1283,.F.);
#1790=ORIENTED_EDGE('',*,*,#1284,.F.);
#1791=ORIENTED_EDGE('',*,*,#1278,.F.);
#1792=ORIENTED_EDGE('',*,*,#1284,.T.);
#1793=ORIENTED_EDGE('',*,*,#1285,.F.);
#1794=ORIENTED_EDGE('',*,*,#1279,.T.);
#1795=ORIENTED_EDGE('',*,*,#1275,.F.);
#1796=ORIENTED_EDGE('',*,*,#1285,.T.);
#1797=ORIENTED_EDGE('',*,*,#1283,.T.);
#1798=ORIENTED_EDGE('',*,*,#1286,.F.);
#1799=ORIENTED_EDGE('',*,*,#1280,.T.);
#1800=ORIENTED_EDGE('',*,*,#1287,.F.);
#1801=ORIENTED_EDGE('',*,*,#1288,.T.);
#1802=ORIENTED_EDGE('',*,*,#1289,.T.);
#1803=ORIENTED_EDGE('',*,*,#1290,.F.);
#1804=ORIENTED_EDGE('',*,*,#1291,.F.);
#1805=ORIENTED_EDGE('',*,*,#1292,.T.);
#1806=ORIENTED_EDGE('',*,*,#1293,.T.);
#1807=ORIENTED_EDGE('',*,*,#1288,.F.);
#1808=ORIENTED_EDGE('',*,*,#1294,.F.);
#1809=ORIENTED_EDGE('',*,*,#1295,.T.);
#1810=ORIENTED_EDGE('',*,*,#1296,.T.);
#1811=ORIENTED_EDGE('',*,*,#1292,.F.);
#1812=ORIENTED_EDGE('',*,*,#1297,.F.);
#1813=ORIENTED_EDGE('',*,*,#1290,.T.);
#1814=ORIENTED_EDGE('',*,*,#1298,.T.);
#1815=ORIENTED_EDGE('',*,*,#1295,.F.);
#1816=ORIENTED_EDGE('',*,*,#1298,.F.);
#1817=ORIENTED_EDGE('',*,*,#1289,.F.);
#1818=ORIENTED_EDGE('',*,*,#1293,.F.);
#1819=ORIENTED_EDGE('',*,*,#1296,.F.);
#1820=ORIENTED_EDGE('',*,*,#1224,.T.);
#1821=ORIENTED_EDGE('',*,*,#1225,.T.);
#1822=ORIENTED_EDGE('',*,*,#1199,.T.);
#1823=ORIENTED_EDGE('',*,*,#1202,.T.);
#1824=ORIENTED_EDGE('',*,*,#1299,.F.);
#1825=ORIENTED_EDGE('',*,*,#1300,.T.);
#1826=ORIENTED_EDGE('',*,*,#1301,.T.);
#1827=ORIENTED_EDGE('',*,*,#1302,.F.);
#1828=ORIENTED_EDGE('',*,*,#1303,.F.);
#1829=ORIENTED_EDGE('',*,*,#1304,.T.);
#1830=ORIENTED_EDGE('',*,*,#1305,.T.);
#1831=ORIENTED_EDGE('',*,*,#1300,.F.);
#1832=ORIENTED_EDGE('',*,*,#1306,.F.);
#1833=ORIENTED_EDGE('',*,*,#1307,.T.);
#1834=ORIENTED_EDGE('',*,*,#1308,.T.);
#1835=ORIENTED_EDGE('',*,*,#1304,.F.);
#1836=ORIENTED_EDGE('',*,*,#1309,.F.);
#1837=ORIENTED_EDGE('',*,*,#1310,.T.);
#1838=ORIENTED_EDGE('',*,*,#1311,.T.);
#1839=ORIENTED_EDGE('',*,*,#1307,.F.);
#1840=ORIENTED_EDGE('',*,*,#1312,.F.);
#1841=ORIENTED_EDGE('',*,*,#1302,.T.);
#1842=ORIENTED_EDGE('',*,*,#1313,.T.);
#1843=ORIENTED_EDGE('',*,*,#1310,.F.);
#1844=ORIENTED_EDGE('',*,*,#1313,.F.);
#1845=ORIENTED_EDGE('',*,*,#1301,.F.);
#1846=ORIENTED_EDGE('',*,*,#1305,.F.);
#1847=ORIENTED_EDGE('',*,*,#1308,.F.);
#1848=ORIENTED_EDGE('',*,*,#1311,.F.);
#1849=ORIENTED_EDGE('',*,*,#1220,.T.);
#1850=ORIENTED_EDGE('',*,*,#1216,.T.);
#1851=ORIENTED_EDGE('',*,*,#1219,.T.);
#1852=ORIENTED_EDGE('',*,*,#1222,.T.);
#1853=ORIENTED_EDGE('',*,*,#1314,.F.);
#1854=ORIENTED_EDGE('',*,*,#1315,.T.);
#1855=ORIENTED_EDGE('',*,*,#1316,.T.);
#1856=ORIENTED_EDGE('',*,*,#1317,.T.);
#1857=ORIENTED_EDGE('',*,*,#1318,.F.);
#1858=ORIENTED_EDGE('',*,*,#1263,.F.);
#1859=ORIENTED_EDGE('',*,*,#1319,.T.);
#1860=ORIENTED_EDGE('',*,*,#1315,.F.);
#1861=ORIENTED_EDGE('',*,*,#1320,.F.);
#1862=ORIENTED_EDGE('',*,*,#1318,.T.);
#1863=ORIENTED_EDGE('',*,*,#1314,.T.);
#1864=ORIENTED_EDGE('',*,*,#1268,.F.);
#1865=ORIENTED_EDGE('',*,*,#1316,.F.);
#1866=ORIENTED_EDGE('',*,*,#1319,.F.);
#1867=ORIENTED_EDGE('',*,*,#1321,.F.);
#1868=ORIENTED_EDGE('',*,*,#1322,.F.);
#1869=ORIENTED_EDGE('',*,*,#1323,.T.);
#1870=ORIENTED_EDGE('',*,*,#1324,.F.);
#1871=ORIENTED_EDGE('',*,*,#1325,.F.);
#1872=ORIENTED_EDGE('',*,*,#1324,.T.);
#1873=ORIENTED_EDGE('',*,*,#1326,.T.);
#1874=ORIENTED_EDGE('',*,*,#1272,.T.);
#1875=ORIENTED_EDGE('',*,*,#1325,.T.);
#1876=ORIENTED_EDGE('',*,*,#1327,.F.);
#1877=ORIENTED_EDGE('',*,*,#1321,.T.);
#1878=ORIENTED_EDGE('',*,*,#1326,.F.);
#1879=ORIENTED_EDGE('',*,*,#1323,.F.);
#1880=ORIENTED_EDGE('',*,*,#1328,.F.);
#1881=ORIENTED_EDGE('',*,*,#1261,.F.);
#1882=ORIENTED_EDGE('',*,*,#1273,.T.);
#1883=ORIENTED_EDGE('',*,*,#1328,.T.);
#1884=ORIENTED_EDGE('',*,*,#1329,.F.);
#1885=ORIENTED_EDGE('',*,*,#1068,.F.);
#1886=ORIENTED_EDGE('',*,*,#1327,.T.);
#1887=ORIENTED_EDGE('',*,*,#1271,.T.);
#1888=ORIENTED_EDGE('',*,*,#1330,.F.);
#1889=ORIENTED_EDGE('',*,*,#1331,.F.);
#1890=ORIENTED_EDGE('',*,*,#1320,.T.);
#1891=ORIENTED_EDGE('',*,*,#1332,.T.);
#1892=ORIENTED_EDGE('',*,*,#1333,.F.);
#1893=ORIENTED_EDGE('',*,*,#1264,.F.);
#1894=ORIENTED_EDGE('',*,*,#1069,.F.);
#1895=ORIENTED_EDGE('',*,*,#1329,.T.);
#1896=ORIENTED_EDGE('',*,*,#1322,.T.);
#1897=ORIENTED_EDGE('',*,*,#1331,.T.);
#1898=ORIENTED_EDGE('',*,*,#1334,.F.);
#1899=ORIENTED_EDGE('',*,*,#1332,.F.);
#1900=ORIENTED_EDGE('',*,*,#1317,.F.);
#1901=ORIENTED_EDGE('',*,*,#1267,.F.);
#1902=ORIENTED_EDGE('',*,*,#1287,.T.);
#1903=ORIENTED_EDGE('',*,*,#1297,.T.);
#1904=ORIENTED_EDGE('',*,*,#1294,.T.);
#1905=ORIENTED_EDGE('',*,*,#1291,.T.);
#1906=ORIENTED_EDGE('',*,*,#1299,.T.);
#1907=ORIENTED_EDGE('',*,*,#1312,.T.);
#1908=ORIENTED_EDGE('',*,*,#1309,.T.);
#1909=ORIENTED_EDGE('',*,*,#1306,.T.);
#1910=ORIENTED_EDGE('',*,*,#1303,.T.);
#1911=ORIENTED_EDGE('',*,*,#1334,.T.);
#1912=ORIENTED_EDGE('',*,*,#1330,.T.);
#1913=ORIENTED_EDGE('',*,*,#1270,.T.);
#1914=ORIENTED_EDGE('',*,*,#1274,.T.);
#1915=ORIENTED_EDGE('',*,*,#1265,.T.);
#1916=ORIENTED_EDGE('',*,*,#1333,.T.);
#1917=ORIENTED_EDGE('',*,*,#1277,.T.);
#1918=ORIENTED_EDGE('',*,*,#1281,.T.);
#1919=ORIENTED_EDGE('',*,*,#1286,.T.);
#1920=ORIENTED_EDGE('',*,*,#1282,.T.);
#1921=PLANE('',#2244);
#1922=PLANE('',#2245);
#1923=PLANE('',#2246);
#1924=PLANE('',#2247);
#1925=PLANE('',#2248);
#1926=PLANE('',#2249);
#1927=PLANE('',#2250);
#1928=PLANE('',#2251);
#1929=PLANE('',#2252);
#1930=PLANE('',#2253);
#1931=PLANE('',#2254);
#1932=PLANE('',#2255);
#1933=PLANE('',#2256);
#1934=PLANE('',#2257);
#1935=PLANE('',#2258);
#1936=PLANE('',#2259);
#1937=PLANE('',#2260);
#1938=PLANE('',#2261);
#1939=PLANE('',#2262);
#1940=PLANE('',#2263);
#1941=PLANE('',#2264);
#1942=PLANE('',#2265);
#1943=PLANE('',#2266);
#1944=PLANE('',#2267);
#1945=PLANE('',#2268);
#1946=PLANE('',#2269);
#1947=PLANE('',#2270);
#1948=PLANE('',#2271);
#1949=PLANE('',#2272);
#1950=PLANE('',#2273);
#1951=PLANE('',#2274);
#1952=PLANE('',#2275);
#1953=PLANE('',#2276);
#1954=PLANE('',#2277);
#1955=PLANE('',#2278);
#1956=PLANE('',#2279);
#1957=PLANE('',#2280);
#1958=PLANE('',#2281);
#1959=PLANE('',#2282);
#1960=PLANE('',#2283);
#1961=PLANE('',#2284);
#1962=PLANE('',#2285);
#1963=PLANE('',#2286);
#1964=PLANE('',#2287);
#1965=PLANE('',#2288);
#1966=PLANE('',#2289);
#1967=PLANE('',#2290);
#1968=PLANE('',#2291);
#1969=PLANE('',#2292);
#1970=PLANE('',#2293);
#1971=PLANE('',#2294);
#1972=PLANE('',#2295);
#1973=PLANE('',#2296);
#1974=PLANE('',#2297);
#1975=PLANE('',#2298);
#1976=PLANE('',#2299);
#1977=PLANE('',#2300);
#1978=PLANE('',#2301);
#1979=PLANE('',#2302);
#1980=PLANE('',#2303);
#1981=PLANE('',#2304);
#1982=PLANE('',#2305);
#1983=PLANE('',#2306);
#1984=PLANE('',#2307);
#1985=PLANE('',#2308);
#1986=PLANE('',#2309);
#1987=PLANE('',#2310);
#1988=PLANE('',#2311);
#1989=PLANE('',#2312);
#1990=PLANE('',#2313);
#1991=PLANE('',#2314);
#1992=PLANE('',#2315);
#1993=PLANE('',#2316);
#1994=PLANE('',#2317);
#1995=PLANE('',#2318);
#1996=PLANE('',#2319);
#1997=PLANE('',#2320);
#1998=PLANE('',#2321);
#1999=PLANE('',#2322);
#2000=PLANE('',#2323);
#2001=PLANE('',#2324);
#2002=PLANE('',#2325);
#2003=PLANE('',#2326);
#2004=PLANE('',#2327);
#2005=PLANE('',#2328);
#2006=PLANE('',#2329);
#2007=PLANE('',#2330);
#2008=PLANE('',#2331);
#2009=PLANE('',#2332);
#2010=PLANE('',#2333);
#2011=PLANE('',#2334);
#2012=PLANE('',#2335);
#2013=PLANE('',#2336);
#2014=PLANE('',#2337);
#2015=PLANE('',#2338);
#2016=PLANE('',#2339);
#2017=PLANE('',#2340);
#2018=PLANE('',#2341);
#2019=PLANE('',#2342);
#2020=PLANE('',#2343);
#2021=PLANE('',#2344);
#2022=PLANE('',#2345);
#2023=PLANE('',#2346);
#2024=PLANE('',#2347);
#2025=PLANE('',#2348);
#2026=PLANE('',#2349);
#2027=PLANE('',#2350);
#2028=PLANE('',#2351);
#2029=PLANE('',#2352);
#2030=PLANE('',#2353);
#2031=PLANE('',#2354);
#2032=PLANE('',#2355);
#2033=PLANE('',#2356);
#2034=PLANE('',#2357);
#2035=PLANE('',#2358);
#2036=PLANE('',#2359);
#2037=PLANE('',#2360);
#2038=PLANE('',#2361);
#2039=PLANE('',#2362);
#2040=PLANE('',#2363);
#2041=STYLED_ITEM('',(#3518),#2110);
#2042=STYLED_ITEM('',(#3518),#2111);
#2043=STYLED_ITEM('',(#3518),#2112);
#2044=STYLED_ITEM('',(#3518),#2113);
#2045=STYLED_ITEM('',(#3518),#2114);
#2046=STYLED_ITEM('',(#3518),#2115);
#2047=STYLED_ITEM('',(#3518),#2116);
#2048=STYLED_ITEM('',(#3518),#2117);
#2049=STYLED_ITEM('',(#3518),#2119);
#2050=STYLED_ITEM('',(#3518),#2120);
#2051=STYLED_ITEM('',(#3518),#2121);
#2052=STYLED_ITEM('',(#3518),#2122);
#2053=STYLED_ITEM('',(#3518),#2123);
#2054=STYLED_ITEM('',(#3518),#2124);
#2055=STYLED_ITEM('',(#3518),#2125);
#2056=STYLED_ITEM('',(#3518),#2126);
#2057=STYLED_ITEM('',(#3518),#2127);
#2058=STYLED_ITEM('',(#3518),#2128);
#2059=STYLED_ITEM('',(#3518),#2129);
#2060=STYLED_ITEM('',(#3518),#2130);
#2061=STYLED_ITEM('',(#3518),#2131);
#2062=STYLED_ITEM('',(#3518),#2132);
#2063=STYLED_ITEM('',(#3518),#2133);
#2064=STYLED_ITEM('',(#3518),#2134);
#2065=STYLED_ITEM('',(#3518),#2135);
#2066=STYLED_ITEM('',(#3518),#2136);
#2067=STYLED_ITEM('',(#3518),#2137);
#2068=STYLED_ITEM('',(#3518),#2138);
#2069=STYLED_ITEM('',(#3518),#2139);
#2070=STYLED_ITEM('',(#3518),#2140);
#2071=STYLED_ITEM('',(#3518),#2141);
#2072=STYLED_ITEM('',(#3518),#2142);
#2073=STYLED_ITEM('',(#3518),#2143);
#2074=STYLED_ITEM('',(#3518),#2144);
#2075=STYLED_ITEM('',(#3518),#2145);
#2076=STYLED_ITEM('',(#3518),#2146);
#2077=STYLED_ITEM('',(#3518),#2147);
#2078=STYLED_ITEM('',(#3518),#2148);
#2079=STYLED_ITEM('',(#3518),#2149);
#2080=STYLED_ITEM('',(#3518),#2150);
#2081=STYLED_ITEM('',(#3518),#2151);
#2082=STYLED_ITEM('',(#3518),#2152);
#2083=STYLED_ITEM('',(#3518),#2153);
#2084=STYLED_ITEM('',(#3518),#2154);
#2085=STYLED_ITEM('',(#3518),#2155);
#2086=STYLED_ITEM('',(#3518),#2156);
#2087=STYLED_ITEM('',(#3518),#2157);
#2088=STYLED_ITEM('',(#3518),#2158);
#2089=STYLED_ITEM('',(#3518),#2159);
#2090=STYLED_ITEM('',(#3518),#2160);
#2091=STYLED_ITEM('',(#3518),#2161);
#2092=STYLED_ITEM('',(#3518),#2162);
#2093=STYLED_ITEM('',(#3518),#2163);
#2094=STYLED_ITEM('',(#3518),#2164);
#2095=STYLED_ITEM('',(#3518),#2165);
#2096=STYLED_ITEM('',(#3518),#2166);
#2097=STYLED_ITEM('',(#3518),#2167);
#2098=STYLED_ITEM('',(#3518),#2168);
#2099=STYLED_ITEM('',(#3518),#2169);
#2100=STYLED_ITEM('',(#3518),#2170);
#2101=STYLED_ITEM('',(#3518),#2171);
#2102=STYLED_ITEM('',(#3518),#2172);
#2103=STYLED_ITEM('',(#3518),#2173);
#2104=STYLED_ITEM('',(#3518),#2174);
#2105=STYLED_ITEM('',(#3518),#2175);
#2106=STYLED_ITEM('',(#3518),#2176);
#2107=STYLED_ITEM('',(#3518),#2177);
#2108=STYLED_ITEM('',(#3518),#2178);
#2109=STYLED_ITEM('',(#3517),#13);
#2110=ADVANCED_FACE('',(#23),#1921,.T.);
#2111=ADVANCED_FACE('',(#24),#1922,.T.);
#2112=ADVANCED_FACE('',(#25),#1923,.T.);
#2113=ADVANCED_FACE('',(#26),#1924,.T.);
#2114=ADVANCED_FACE('',(#27),#1925,.T.);
#2115=ADVANCED_FACE('',(#28),#1926,.T.);
#2116=ADVANCED_FACE('',(#29),#1927,.T.);
#2117=ADVANCED_FACE('',(#30),#1928,.T.);
#2118=ADVANCED_FACE('',(#31,#14,#15,#16,#17),#1929,.F.);
#2119=ADVANCED_FACE('',(#32),#1930,.T.);
#2120=ADVANCED_FACE('',(#33),#1931,.T.);
#2121=ADVANCED_FACE('',(#34),#1932,.T.);
#2122=ADVANCED_FACE('',(#35),#1933,.T.);
#2123=ADVANCED_FACE('',(#36),#1934,.T.);
#2124=ADVANCED_FACE('',(#37),#1935,.T.);
#2125=ADVANCED_FACE('',(#38),#1936,.T.);
#2126=ADVANCED_FACE('',(#39),#1937,.T.);
#2127=ADVANCED_FACE('',(#40),#1938,.T.);
#2128=ADVANCED_FACE('',(#41),#1939,.T.);
#2129=ADVANCED_FACE('',(#42),#1940,.T.);
#2130=ADVANCED_FACE('',(#43),#1941,.T.);
#2131=ADVANCED_FACE('',(#44),#1942,.T.);
#2132=ADVANCED_FACE('',(#45),#1943,.T.);
#2133=ADVANCED_FACE('',(#46),#1944,.T.);
#2134=ADVANCED_FACE('',(#47),#1945,.T.);
#2135=ADVANCED_FACE('',(#48),#1946,.T.);
#2136=ADVANCED_FACE('',(#49),#1947,.T.);
#2137=ADVANCED_FACE('',(#50),#1948,.T.);
#2138=ADVANCED_FACE('',(#51),#1949,.T.);
#2139=ADVANCED_FACE('',(#52),#1950,.T.);
#2140=ADVANCED_FACE('',(#53),#1951,.T.);
#2141=ADVANCED_FACE('',(#54),#1952,.T.);
#2142=ADVANCED_FACE('',(#55),#1953,.T.);
#2143=ADVANCED_FACE('',(#56),#1954,.T.);
#2144=ADVANCED_FACE('',(#57),#1955,.T.);
#2145=ADVANCED_FACE('',(#58),#1956,.T.);
#2146=ADVANCED_FACE('',(#59),#1957,.T.);
#2147=ADVANCED_FACE('',(#60),#1958,.T.);
#2148=ADVANCED_FACE('',(#61),#1959,.T.);
#2149=ADVANCED_FACE('',(#62),#1960,.T.);
#2150=ADVANCED_FACE('',(#63),#1961,.T.);
#2151=ADVANCED_FACE('',(#64),#1962,.T.);
#2152=ADVANCED_FACE('',(#65),#1963,.T.);
#2153=ADVANCED_FACE('',(#66),#1964,.T.);
#2154=ADVANCED_FACE('',(#67),#1965,.T.);
#2155=ADVANCED_FACE('',(#68),#1966,.T.);
#2156=ADVANCED_FACE('',(#69),#1967,.T.);
#2157=ADVANCED_FACE('',(#70),#1968,.T.);
#2158=ADVANCED_FACE('',(#71),#1969,.T.);
#2159=ADVANCED_FACE('',(#72),#1970,.T.);
#2160=ADVANCED_FACE('',(#73),#1971,.T.);
#2161=ADVANCED_FACE('',(#74),#1972,.T.);
#2162=ADVANCED_FACE('',(#75),#1973,.T.);
#2163=ADVANCED_FACE('',(#76),#1974,.T.);
#2164=ADVANCED_FACE('',(#77),#1975,.T.);
#2165=ADVANCED_FACE('',(#78),#1976,.T.);
#2166=ADVANCED_FACE('',(#79),#1977,.T.);
#2167=ADVANCED_FACE('',(#80),#1978,.T.);
#2168=ADVANCED_FACE('',(#81),#1979,.T.);
#2169=ADVANCED_FACE('',(#82),#1980,.T.);
#2170=ADVANCED_FACE('',(#83),#1981,.T.);
#2171=ADVANCED_FACE('',(#84),#1982,.T.);
#2172=ADVANCED_FACE('',(#85),#1983,.T.);
#2173=ADVANCED_FACE('',(#86),#1984,.T.);
#2174=ADVANCED_FACE('',(#87),#1985,.T.);
#2175=ADVANCED_FACE('',(#88),#1986,.T.);
#2176=ADVANCED_FACE('',(#89),#1987,.T.);
#2177=ADVANCED_FACE('',(#90),#1988,.T.);
#2178=ADVANCED_FACE('',(#91),#1989,.T.);
#2179=ADVANCED_FACE('',(#92),#1990,.T.);
#2180=ADVANCED_FACE('',(#93),#1991,.T.);
#2181=ADVANCED_FACE('',(#94),#1992,.T.);
#2182=ADVANCED_FACE('',(#95),#1993,.T.);
#2183=ADVANCED_FACE('',(#96),#1994,.F.);
#2184=ADVANCED_FACE('',(#97),#1995,.T.);
#2185=ADVANCED_FACE('',(#98),#1996,.T.);
#2186=ADVANCED_FACE('',(#99),#1997,.T.);
#2187=ADVANCED_FACE('',(#100),#1998,.T.);
#2188=ADVANCED_FACE('',(#101),#1999,.F.);
#2189=ADVANCED_FACE('',(#102),#2000,.T.);
#2190=ADVANCED_FACE('',(#103),#2001,.T.);
#2191=ADVANCED_FACE('',(#104),#2002,.F.);
#2192=ADVANCED_FACE('',(#105),#2003,.T.);
#2193=ADVANCED_FACE('',(#106),#2004,.T.);
#2194=ADVANCED_FACE('',(#107),#2005,.T.);
#2195=ADVANCED_FACE('',(#108),#2006,.F.);
#2196=ADVANCED_FACE('',(#109),#2007,.T.);
#2197=ADVANCED_FACE('',(#110),#2008,.T.);
#2198=ADVANCED_FACE('',(#111),#2009,.T.);
#2199=ADVANCED_FACE('',(#112),#2010,.T.);
#2200=ADVANCED_FACE('',(#113),#2011,.T.);
#2201=ADVANCED_FACE('',(#114),#2012,.T.);
#2202=ADVANCED_FACE('',(#115),#2013,.T.);
#2203=ADVANCED_FACE('',(#116),#2014,.T.);
#2204=ADVANCED_FACE('',(#117),#2015,.T.);
#2205=ADVANCED_FACE('',(#118),#2016,.T.);
#2206=ADVANCED_FACE('',(#119),#2017,.F.);
#2207=ADVANCED_FACE('',(#120),#2018,.F.);
#2208=ADVANCED_FACE('',(#121),#2019,.F.);
#2209=ADVANCED_FACE('',(#122),#2020,.F.);
#2210=ADVANCED_FACE('',(#123,#18),#2021,.F.);
#2211=ADVANCED_FACE('',(#124),#2022,.F.);
#2212=ADVANCED_FACE('',(#125),#2023,.F.);
#2213=ADVANCED_FACE('',(#126),#2024,.F.);
#2214=ADVANCED_FACE('',(#127),#2025,.F.);
#2215=ADVANCED_FACE('',(#128),#2026,.F.);
#2216=ADVANCED_FACE('',(#129,#19),#2027,.F.);
#2217=ADVANCED_FACE('',(#130),#2028,.F.);
#2218=ADVANCED_FACE('',(#131),#2029,.F.);
#2219=ADVANCED_FACE('',(#132),#2030,.F.);
#2220=ADVANCED_FACE('',(#133),#2031,.F.);
#2221=ADVANCED_FACE('',(#134),#2032,.F.);
#2222=ADVANCED_FACE('',(#135),#2033,.F.);
#2223=ADVANCED_FACE('',(#136),#2034,.F.);
#2224=ADVANCED_FACE('',(#137),#2035,.F.);
#2225=ADVANCED_FACE('',(#138),#2036,.T.);
#2226=ADVANCED_FACE('',(#139),#2037,.T.);
#2227=ADVANCED_FACE('',(#140),#2038,.T.);
#2228=ADVANCED_FACE('',(#141,#20,#21),#2039,.T.);
#2229=ADVANCED_FACE('',(#142,#22),#2040,.T.);
#2230=CLOSED_SHELL('',(#2110,#2111,#2112,#2113,#2114,#2115,#2116,#2117,
#2118,#2119,#2120,#2121,#2122,#2123,#2124,#2125,#2126,#2127,#2128,#2129,
#2130,#2131,#2132,#2133,#2134,#2135,#2136,#2137,#2138,#2139,#2140,#2141,
#2142,#2143,#2144,#2145,#2146,#2147,#2148,#2149,#2150,#2151,#2152,#2153,
#2154,#2155,#2156,#2157,#2158,#2159,#2160,#2161,#2162,#2163,#2164,#2165,
#2166,#2167,#2168,#2169,#2170,#2171,#2172,#2173,#2174,#2175,#2176,#2177,
#2178,#2179,#2180,#2181,#2182,#2183,#2184,#2185,#2186,#2187,#2188,#2189,
#2190,#2191,#2192,#2193,#2194,#2195,#2196,#2197,#2198,#2199,#2200,#2201,
#2202,#2203,#2204,#2205,#2206,#2207,#2208,#2209,#2210,#2211,#2212,#2213,
#2214,#2215,#2216,#2217,#2218,#2219,#2220,#2221,#2222,#2223,#2224,#2225,
#2226,#2227,#2228,#2229));
#2231=DERIVED_UNIT_ELEMENT(#2233,1.);
#2232=DERIVED_UNIT_ELEMENT(#3502,-3.);
#2233=(
MASS_UNIT()
NAMED_UNIT(*)
SI_UNIT(.KILO.,.GRAM.)
);
#2234=DERIVED_UNIT((#2231,#2232));
#2235=MEASURE_REPRESENTATION_ITEM('density measure',
POSITIVE_RATIO_MEASURE(7850.),#2234);
#2236=PROPERTY_DEFINITION_REPRESENTATION(#2241,#2238);
#2237=PROPERTY_DEFINITION_REPRESENTATION(#2242,#2239);
#2238=REPRESENTATION('material name',(#2240),#3499);
#2239=REPRESENTATION('density',(#2235),#3499);
#2240=DESCRIPTIVE_REPRESENTATION_ITEM('Steel','Steel');
#2241=PROPERTY_DEFINITION('material property','material name',#3509);
#2242=PROPERTY_DEFINITION('material property','density of part',#3509);
#2243=AXIS2_PLACEMENT_3D('',#2899,#2364,#2365);
#2244=AXIS2_PLACEMENT_3D('',#2900,#2366,#2367);
#2245=AXIS2_PLACEMENT_3D('',#2915,#2375,#2376);
#2246=AXIS2_PLACEMENT_3D('',#2921,#2380,#2381);
#2247=AXIS2_PLACEMENT_3D('',#2925,#2384,#2385);
#2248=AXIS2_PLACEMENT_3D('',#2929,#2388,#2389);
#2249=AXIS2_PLACEMENT_3D('',#2933,#2392,#2393);
#2250=AXIS2_PLACEMENT_3D('',#2937,#2396,#2397);
#2251=AXIS2_PLACEMENT_3D('',#2941,#2400,#2401);
#2252=AXIS2_PLACEMENT_3D('',#2943,#2403,#2404);
#2253=AXIS2_PLACEMENT_3D('',#3017,#2442,#2443);
#2254=AXIS2_PLACEMENT_3D('',#3030,#2451,#2452);
#2255=AXIS2_PLACEMENT_3D('',#3034,#2455,#2456);
#2256=AXIS2_PLACEMENT_3D('',#3038,#2459,#2460);
#2257=AXIS2_PLACEMENT_3D('',#3042,#2463,#2464);
#2258=AXIS2_PLACEMENT_3D('',#3046,#2467,#2468);
#2259=AXIS2_PLACEMENT_3D('',#3050,#2471,#2472);
#2260=AXIS2_PLACEMENT_3D('',#3052,#2474,#2475);
#2261=AXIS2_PLACEMENT_3D('',#3053,#2476,#2477);
#2262=AXIS2_PLACEMENT_3D('',#3065,#2484,#2485);
#2263=AXIS2_PLACEMENT_3D('',#3069,#2488,#2489);
#2264=AXIS2_PLACEMENT_3D('',#3073,#2492,#2493);
#2265=AXIS2_PLACEMENT_3D('',#3077,#2496,#2497);
#2266=AXIS2_PLACEMENT_3D('',#3081,#2500,#2501);
#2267=AXIS2_PLACEMENT_3D('',#3085,#2504,#2505);
#2268=AXIS2_PLACEMENT_3D('',#3087,#2507,#2508);
#2269=AXIS2_PLACEMENT_3D('',#3089,#2510,#2511);
#2270=AXIS2_PLACEMENT_3D('',#3101,#2518,#2519);
#2271=AXIS2_PLACEMENT_3D('',#3105,#2522,#2523);
#2272=AXIS2_PLACEMENT_3D('',#3109,#2526,#2527);
#2273=AXIS2_PLACEMENT_3D('',#3113,#2530,#2531);
#2274=AXIS2_PLACEMENT_3D('',#3117,#2534,#2535);
#2275=AXIS2_PLACEMENT_3D('',#3121,#2538,#2539);
#2276=AXIS2_PLACEMENT_3D('',#3123,#2541,#2542);
#2277=AXIS2_PLACEMENT_3D('',#3125,#2544,#2545);
#2278=AXIS2_PLACEMENT_3D('',#3134,#2550,#2551);
#2279=AXIS2_PLACEMENT_3D('',#3140,#2555,#2556);
#2280=AXIS2_PLACEMENT_3D('',#3146,#2560,#2561);
#2281=AXIS2_PLACEMENT_3D('',#3149,#2564,#2565);
#2282=AXIS2_PLACEMENT_3D('',#3152,#2568,#2569);
#2283=AXIS2_PLACEMENT_3D('',#3154,#2571,#2572);
#2284=AXIS2_PLACEMENT_3D('',#3155,#2573,#2574);
#2285=AXIS2_PLACEMENT_3D('',#3164,#2579,#2580);
#2286=AXIS2_PLACEMENT_3D('',#3170,#2584,#2585);
#2287=AXIS2_PLACEMENT_3D('',#3176,#2589,#2590);
#2288=AXIS2_PLACEMENT_3D('',#3179,#2593,#2594);
#2289=AXIS2_PLACEMENT_3D('',#3182,#2597,#2598);
#2290=AXIS2_PLACEMENT_3D('',#3184,#2600,#2601);
#2291=AXIS2_PLACEMENT_3D('',#3185,#2602,#2603);
#2292=AXIS2_PLACEMENT_3D('',#3187,#2605,#2606);
#2293=AXIS2_PLACEMENT_3D('',#3188,#2607,#2608);
#2294=AXIS2_PLACEMENT_3D('',#3190,#2610,#2611);
#2295=AXIS2_PLACEMENT_3D('',#3191,#2612,#2613);
#2296=AXIS2_PLACEMENT_3D('',#3200,#2618,#2619);
#2297=AXIS2_PLACEMENT_3D('',#3206,#2623,#2624);
#2298=AXIS2_PLACEMENT_3D('',#3212,#2628,#2629);
#2299=AXIS2_PLACEMENT_3D('',#3215,#2632,#2633);
#2300=AXIS2_PLACEMENT_3D('',#3221,#2637,#2638);
#2301=AXIS2_PLACEMENT_3D('',#3225,#2641,#2642);
#2302=AXIS2_PLACEMENT_3D('',#3226,#2643,#2644);
#2303=AXIS2_PLACEMENT_3D('',#3235,#2649,#2650);
#2304=AXIS2_PLACEMENT_3D('',#3241,#2654,#2655);
#2305=AXIS2_PLACEMENT_3D('',#3247,#2659,#2660);
#2306=AXIS2_PLACEMENT_3D('',#3250,#2663,#2664);
#2307=AXIS2_PLACEMENT_3D('',#3256,#2668,#2669);
#2308=AXIS2_PLACEMENT_3D('',#3260,#2672,#2673);
#2309=AXIS2_PLACEMENT_3D('',#3261,#2674,#2675);
#2310=AXIS2_PLACEMENT_3D('',#3265,#2678,#2679);
#2311=AXIS2_PLACEMENT_3D('',#3267,#2681,#2682);
#2312=AXIS2_PLACEMENT_3D('',#3271,#2685,#2686);
#2313=AXIS2_PLACEMENT_3D('',#3273,#2688,#2689);
#2314=AXIS2_PLACEMENT_3D('',#3279,#2693,#2694);
#2315=AXIS2_PLACEMENT_3D('',#3283,#2697,#2698);
#2316=AXIS2_PLACEMENT_3D('',#3287,#2701,#2702);
#2317=AXIS2_PLACEMENT_3D('',#3289,#2704,#2705);
#2318=AXIS2_PLACEMENT_3D('',#3290,#2706,#2707);
#2319=AXIS2_PLACEMENT_3D('',#3296,#2711,#2712);
#2320=AXIS2_PLACEMENT_3D('',#3300,#2715,#2716);
#2321=AXIS2_PLACEMENT_3D('',#3304,#2719,#2720);
#2322=AXIS2_PLACEMENT_3D('',#3306,#2722,#2723);
#2323=AXIS2_PLACEMENT_3D('',#3307,#2724,#2725);
#2324=AXIS2_PLACEMENT_3D('',#3313,#2729,#2730);
#2325=AXIS2_PLACEMENT_3D('',#3319,#2734,#2735);
#2326=AXIS2_PLACEMENT_3D('',#3323,#2738,#2739);
#2327=AXIS2_PLACEMENT_3D('',#3327,#2742,#2743);
#2328=AXIS2_PLACEMENT_3D('',#3333,#2747,#2748);
#2329=AXIS2_PLACEMENT_3D('',#3339,#2752,#2753);
#2330=AXIS2_PLACEMENT_3D('',#3343,#2756,#2757);
#2331=AXIS2_PLACEMENT_3D('',#3347,#2760,#2761);
#2332=AXIS2_PLACEMENT_3D('',#3357,#2767,#2768);
#2333=AXIS2_PLACEMENT_3D('',#3361,#2771,#2772);
#2334=AXIS2_PLACEMENT_3D('',#3371,#2778,#2779);
#2335=AXIS2_PLACEMENT_3D('',#3373,#2781,#2782);
#2336=AXIS2_PLACEMENT_3D('',#3382,#2787,#2788);
#2337=AXIS2_PLACEMENT_3D('',#3388,#2792,#2793);
#2338=AXIS2_PLACEMENT_3D('',#3394,#2797,#2798);
#2339=AXIS2_PLACEMENT_3D('',#3396,#2800,#2801);
#2340=AXIS2_PLACEMENT_3D('',#3398,#2803,#2804);
#2341=AXIS2_PLACEMENT_3D('',#3407,#2809,#2810);
#2342=AXIS2_PLACEMENT_3D('',#3413,#2814,#2815);
#2343=AXIS2_PLACEMENT_3D('',#3419,#2819,#2820);
#2344=AXIS2_PLACEMENT_3D('',#3422,#2823,#2824);
#2345=AXIS2_PLACEMENT_3D('',#3423,#2825,#2826);
#2346=AXIS2_PLACEMENT_3D('',#3432,#2831,#2832);
#2347=AXIS2_PLACEMENT_3D('',#3438,#2836,#2837);
#2348=AXIS2_PLACEMENT_3D('',#3444,#2841,#2842);
#2349=AXIS2_PLACEMENT_3D('',#3450,#2846,#2847);
#2350=AXIS2_PLACEMENT_3D('',#3453,#2850,#2851);
#2351=AXIS2_PLACEMENT_3D('',#3454,#2852,#2853);
#2352=AXIS2_PLACEMENT_3D('',#3462,#2858,#2859);
#2353=AXIS2_PLACEMENT_3D('',#3465,#2862,#2863);
#2354=AXIS2_PLACEMENT_3D('',#3467,#2865,#2866);
#2355=AXIS2_PLACEMENT_3D('',#3468,#2867,#2868);
#2356=AXIS2_PLACEMENT_3D('',#3477,#2873,#2874);
#2357=AXIS2_PLACEMENT_3D('',#3480,#2877,#2878);
#2358=AXIS2_PLACEMENT_3D('',#3482,#2880,#2881);
#2359=AXIS2_PLACEMENT_3D('',#3484,#2883,#2884);
#2360=AXIS2_PLACEMENT_3D('',#3486,#2886,#2887);
#2361=AXIS2_PLACEMENT_3D('',#3490,#2890,#2891);
#2362=AXIS2_PLACEMENT_3D('',#3494,#2894,#2895);
#2363=AXIS2_PLACEMENT_3D('',#3496,#2897,#2898);
#2364=DIRECTION('axis',(0.,0.,1.));
#2365=DIRECTION('refdir',(1.,0.,0.));
#2366=DIRECTION('center_axis',(-1.,0.,0.));
#2367=DIRECTION('ref_axis',(0.,0.,1.));
#2368=DIRECTION('',(0.,-1.,0.));
#2369=DIRECTION('',(0.,0.,-1.));
#2370=DIRECTION('',(0.,0.274721127897378,-0.961523947640823));
#2371=DIRECTION('',(0.,-1.,0.));
#2372=DIRECTION('',(0.,-0.707106781186547,0.707106781186548));
#2373=DIRECTION('',(0.,0.340136081654438,0.940376225750505));
#2374=DIRECTION('',(0.,0.,1.));
#2375=DIRECTION('center_axis',(0.,1.,0.));
#2376=DIRECTION('ref_axis',(0.,0.,1.));
#2377=DIRECTION('',(-1.,0.,0.));
#2378=DIRECTION('',(0.,0.,1.));
#2379=DIRECTION('',(1.,0.,0.));
#2380=DIRECTION('center_axis',(0.,0.961523947640823,0.274721127897378));
#2381=DIRECTION('ref_axis',(0.,-0.274721127897378,0.961523947640823));
#2382=DIRECTION('',(0.,-0.274721127897378,0.961523947640823));
#2383=DIRECTION('',(1.,0.,0.));
#2384=DIRECTION('center_axis',(0.,0.,-1.));
#2385=DIRECTION('ref_axis',(0.,1.,0.));
#2386=DIRECTION('',(0.,1.,0.));
#2387=DIRECTION('',(1.,0.,0.));
#2388=DIRECTION('center_axis',(0.,-0.707106781186548,-0.707106781186547));
#2389=DIRECTION('ref_axis',(0.,0.707106781186547,-0.707106781186548));
#2390=DIRECTION('',(0.,0.707106781186547,-0.707106781186548));
#2391=DIRECTION('',(1.,0.,0.));
#2392=DIRECTION('center_axis',(0.,-0.940376225750505,0.340136081654438));
#2393=DIRECTION('ref_axis',(0.,-0.340136081654438,-0.940376225750505));
#2394=DIRECTION('',(0.,-0.340136081654438,-0.940376225750505));
#2395=DIRECTION('',(1.,0.,0.));
#2396=DIRECTION('center_axis',(0.,-1.,0.));
#2397=DIRECTION('ref_axis',(0.,0.,-1.));
#2398=DIRECTION('',(0.,0.,-1.));
#2399=DIRECTION('',(1.,0.,0.));
#2400=DIRECTION('center_axis',(1.,0.,0.));
#2401=DIRECTION('ref_axis',(0.,0.,-1.));
#2402=DIRECTION('',(0.,1.,0.));
#2403=DIRECTION('center_axis',(0.,0.,1.));
#2404=DIRECTION('ref_axis',(1.,0.,0.));
#2405=DIRECTION('',(0.,-1.,0.));
#2406=DIRECTION('',(1.,0.,0.));
#2407=DIRECTION('',(0.,1.,0.));
#2408=DIRECTION('',(-1.,0.,0.));
#2409=DIRECTION('',(0.,-1.,0.));
#2410=DIRECTION('',(0.644702799660064,0.764433319597253,0.));
#2411=DIRECTION('',(1.,0.,0.));
#2412=DIRECTION('',(0.644702799660222,-0.76443331959712,0.));
#2413=DIRECTION('',(0.,1.,0.));
#2414=DIRECTION('',(-1.,0.,0.));
#2415=DIRECTION('',(0.,-1.,0.));
#2416=DIRECTION('',(1.,0.,0.));
#2417=DIRECTION('',(0.,1.,0.));
#2418=DIRECTION('',(-1.,0.,0.));
#2419=DIRECTION('',(0.,-1.,0.));
#2420=DIRECTION('',(1.,0.,0.));
#2421=DIRECTION('',(0.,1.,0.));
#2422=DIRECTION('',(0.,1.,0.));
#2423=DIRECTION('',(-1.,0.,0.));
#2424=DIRECTION('',(0.,-1.,0.));
#2425=DIRECTION('',(0.,-1.,0.));
#2426=DIRECTION('',(1.,0.,0.));
#2427=DIRECTION('',(0.,1.,0.));
#2428=DIRECTION('',(-1.,0.,0.));
#2429=DIRECTION('',(0.,-1.,0.));
#2430=DIRECTION('',(1.,0.,0.));
#2431=DIRECTION('',(0.,1.,0.));
#2432=DIRECTION('',(-1.,0.,0.));
#2433=DIRECTION('',(0.,-1.,0.));
#2434=DIRECTION('',(0.,-1.,0.));
#2435=DIRECTION('',(1.,0.,0.));
#2436=DIRECTION('',(0.,1.,0.));
#2437=DIRECTION('',(-1.,0.,0.));
#2438=DIRECTION('',(-1.,0.,0.));
#2439=DIRECTION('',(0.,-1.,0.));
#2440=DIRECTION('',(1.,0.,0.));
#2441=DIRECTION('',(0.,1.,0.));
#2442=DIRECTION('center_axis',(-1.,0.,0.));
#2443=DIRECTION('ref_axis',(0.,0.,1.));
#2444=DIRECTION('',(0.,0.,1.));
#2445=DIRECTION('',(0.,-1.,0.));
#2446=DIRECTION('',(0.,0.,-1.));
#2447=DIRECTION('',(0.,0.340136081654438,-0.940376225750505));
#2448=DIRECTION('',(0.,-0.707106781186548,-0.707106781186548));
#2449=DIRECTION('',(0.,-1.,0.));
#2450=DIRECTION('',(0.,0.274721127897378,0.961523947640823));
#2451=DIRECTION('center_axis',(0.,1.,0.));
#2452=DIRECTION('ref_axis',(0.,0.,1.));
#2453=DIRECTION('',(0.,0.,1.));
#2454=DIRECTION('',(1.,0.,0.));
#2455=DIRECTION('center_axis',(0.,0.940376225750505,0.340136081654438));
#2456=DIRECTION('ref_axis',(0.,-0.340136081654438,0.940376225750505));
#2457=DIRECTION('',(0.,-0.340136081654438,0.940376225750505));
#2458=DIRECTION('',(1.,0.,0.));
#2459=DIRECTION('center_axis',(0.,0.707106781186548,-0.707106781186548));
#2460=DIRECTION('ref_axis',(0.,0.707106781186548,0.707106781186548));
#2461=DIRECTION('',(0.,0.707106781186548,0.707106781186548));
#2462=DIRECTION('',(1.,0.,0.));
#2463=DIRECTION('center_axis',(0.,0.,-1.));
#2464=DIRECTION('ref_axis',(0.,1.,0.));
#2465=DIRECTION('',(0.,1.,0.));
#2466=DIRECTION('',(1.,0.,0.));
#2467=DIRECTION('center_axis',(0.,-0.961523947640823,0.274721127897378));
#2468=DIRECTION('ref_axis',(0.,-0.274721127897378,-0.961523947640823));
#2469=DIRECTION('',(0.,-0.274721127897378,-0.961523947640823));
#2470=DIRECTION('',(1.,0.,0.));
#2471=DIRECTION('center_axis',(0.,-1.,0.));
#2472=DIRECTION('ref_axis',(0.,0.,-1.));
#2473=DIRECTION('',(0.,0.,-1.));
#2474=DIRECTION('center_axis',(1.,0.,0.));
#2475=DIRECTION('ref_axis',(0.,0.,-1.));
#2476=DIRECTION('center_axis',(-1.,0.,0.));
#2477=DIRECTION('ref_axis',(0.,0.,1.));
#2478=DIRECTION('',(0.,0.,-1.));
#2479=DIRECTION('',(0.,0.274721127897378,-0.961523947640823));
#2480=DIRECTION('',(0.,-1.,0.));
#2481=DIRECTION('',(0.,-0.707106781186547,0.707106781186548));
#2482=DIRECTION('',(0.,0.340136081654438,0.940376225750505));
#2483=DIRECTION('',(0.,0.,1.));
#2484=DIRECTION('center_axis',(0.,1.,0.));
#2485=DIRECTION('ref_axis',(0.,0.,1.));
#2486=DIRECTION('',(0.,0.,1.));
#2487=DIRECTION('',(1.,0.,0.));
#2488=DIRECTION('center_axis',(0.,0.961523947640823,0.274721127897378));
#2489=DIRECTION('ref_axis',(0.,-0.274721127897378,0.961523947640823));
#2490=DIRECTION('',(0.,-0.274721127897378,0.961523947640823));
#2491=DIRECTION('',(1.,0.,0.));
#2492=DIRECTION('center_axis',(0.,0.,-1.));
#2493=DIRECTION('ref_axis',(0.,1.,0.));
#2494=DIRECTION('',(0.,1.,0.));
#2495=DIRECTION('',(1.,0.,0.));
#2496=DIRECTION('center_axis',(0.,-0.707106781186548,-0.707106781186547));
#2497=DIRECTION('ref_axis',(0.,0.707106781186547,-0.707106781186548));
#2498=DIRECTION('',(0.,0.707106781186547,-0.707106781186548));
#2499=DIRECTION('',(1.,0.,0.));
#2500=DIRECTION('center_axis',(0.,-0.940376225750505,0.340136081654438));
#2501=DIRECTION('ref_axis',(0.,-0.340136081654438,-0.940376225750505));
#2502=DIRECTION('',(0.,-0.340136081654438,-0.940376225750505));
#2503=DIRECTION('',(1.,0.,0.));
#2504=DIRECTION('center_axis',(0.,-1.,0.));
#2505=DIRECTION('ref_axis',(0.,0.,-1.));
#2506=DIRECTION('',(0.,0.,-1.));
#2507=DIRECTION('center_axis',(1.,0.,0.));
#2508=DIRECTION('ref_axis',(0.,0.,-1.));
#2509=DIRECTION('',(0.,1.,0.));
#2510=DIRECTION('center_axis',(-1.,0.,0.));
#2511=DIRECTION('ref_axis',(0.,0.,1.));
#2512=DIRECTION('',(0.,0.,1.));
#2513=DIRECTION('',(0.,0.,-1.));
#2514=DIRECTION('',(0.,0.340136081654438,-0.940376225750505));
#2515=DIRECTION('',(0.,-0.707106781186548,-0.707106781186548));
#2516=DIRECTION('',(0.,-1.,0.));
#2517=DIRECTION('',(0.,0.274721127897378,0.961523947640823));
#2518=DIRECTION('center_axis',(0.,1.,0.));
#2519=DIRECTION('ref_axis',(0.,0.,1.));
#2520=DIRECTION('',(0.,0.,1.));
#2521=DIRECTION('',(1.,0.,0.));
#2522=DIRECTION('center_axis',(0.,0.940376225750505,0.340136081654438));
#2523=DIRECTION('ref_axis',(0.,-0.340136081654438,0.940376225750505));
#2524=DIRECTION('',(0.,-0.340136081654438,0.940376225750505));
#2525=DIRECTION('',(1.,0.,0.));
#2526=DIRECTION('center_axis',(0.,0.707106781186548,-0.707106781186548));
#2527=DIRECTION('ref_axis',(0.,0.707106781186548,0.707106781186548));
#2528=DIRECTION('',(0.,0.707106781186548,0.707106781186548));
#2529=DIRECTION('',(1.,0.,0.));
#2530=DIRECTION('center_axis',(0.,0.,-1.));
#2531=DIRECTION('ref_axis',(0.,1.,0.));
#2532=DIRECTION('',(0.,1.,0.));
#2533=DIRECTION('',(1.,0.,0.));
#2534=DIRECTION('center_axis',(0.,-0.961523947640823,0.274721127897378));
#2535=DIRECTION('ref_axis',(0.,-0.274721127897378,-0.961523947640823));
#2536=DIRECTION('',(0.,-0.274721127897378,-0.961523947640823));
#2537=DIRECTION('',(1.,0.,0.));
#2538=DIRECTION('center_axis',(0.,-1.,0.));
#2539=DIRECTION('ref_axis',(0.,0.,-1.));
#2540=DIRECTION('',(0.,0.,-1.));
#2541=DIRECTION('center_axis',(1.,0.,0.));
#2542=DIRECTION('ref_axis',(0.,0.,-1.));
#2543=DIRECTION('',(0.,1.,0.));
#2544=DIRECTION('center_axis',(-0.894427190999916,0.,-0.447213595499958));
#2545=DIRECTION('ref_axis',(-0.447213595499958,0.,0.894427190999916));
#2546=DIRECTION('',(0.,-1.,0.));
#2547=DIRECTION('',(-0.408248290463863,-0.408248290463863,0.816496580927726));
#2548=DIRECTION('',(0.,1.,0.));
#2549=DIRECTION('',(-0.408248290463863,0.408248290463863,0.816496580927726));
#2550=DIRECTION('center_axis',(0.,-0.894427190999916,-0.447213595499958));
#2551=DIRECTION('ref_axis',(0.,0.447213595499958,-0.894427190999916));
#2552=DIRECTION('',(1.,0.,0.));
#2553=DIRECTION('',(0.408248290463863,-0.408248290463863,0.816496580927726));
#2554=DIRECTION('',(-1.,0.,0.));
#2555=DIRECTION('center_axis',(0.894427190999916,0.,-0.447213595499958));
#2556=DIRECTION('ref_axis',(-0.447213595499958,0.,-0.894427190999916));
#2557=DIRECTION('',(0.,1.,0.));
#2558=DIRECTION('',(0.408248290463863,0.408248290463863,0.816496580927726));
#2559=DIRECTION('',(0.,-1.,0.));
#2560=DIRECTION('center_axis',(0.,0.894427190999916,-0.447213595499958));
#2561=DIRECTION('ref_axis',(0.,0.447213595499958,0.894427190999916));
#2562=DIRECTION('',(1.,0.,0.));
#2563=DIRECTION('',(-1.,0.,0.));
#2564=DIRECTION('center_axis',(0.,1.,0.));
#2565=DIRECTION('ref_axis',(1.,0.,0.));
#2566=DIRECTION('',(0.,0.,-1.));
#2567=DIRECTION('',(0.,0.,-1.));
#2568=DIRECTION('center_axis',(-1.,0.,0.));
#2569=DIRECTION('ref_axis',(0.,1.,0.));
#2570=DIRECTION('',(0.,0.,-1.));
#2571=DIRECTION('center_axis',(0.,0.,-1.));
#2572=DIRECTION('ref_axis',(-1.,0.,0.));
#2573=DIRECTION('center_axis',(-0.894427190999916,0.,-0.447213595499958));
#2574=DIRECTION('ref_axis',(-0.447213595499958,0.,0.894427190999916));
#2575=DIRECTION('',(0.,-1.,0.));
#2576=DIRECTION('',(-0.408248290463863,-0.408248290463863,0.816496580927726));
#2577=DIRECTION('',(0.,1.,0.));
#2578=DIRECTION('',(-0.408248290463863,0.408248290463863,0.816496580927726));
#2579=DIRECTION('center_axis',(0.,-0.894427190999916,-0.447213595499958));
#2580=DIRECTION('ref_axis',(0.,0.447213595499958,-0.894427190999916));
#2581=DIRECTION('',(1.,0.,0.));
#2582=DIRECTION('',(0.408248290463863,-0.408248290463863,0.816496580927726));
#2583=DIRECTION('',(-1.,0.,0.));
#2584=DIRECTION('center_axis',(0.894427190999916,0.,-0.447213595499958));
#2585=DIRECTION('ref_axis',(-0.447213595499958,0.,-0.894427190999916));
#2586=DIRECTION('',(0.,1.,0.));
#2587=DIRECTION('',(0.408248290463863,0.408248290463863,0.816496580927726));
#2588=DIRECTION('',(0.,-1.,0.));
#2589=DIRECTION('center_axis',(0.,0.894427190999916,-0.447213595499958));
#2590=DIRECTION('ref_axis',(0.,0.447213595499958,0.894427190999916));
#2591=DIRECTION('',(1.,0.,0.));
#2592=DIRECTION('',(-1.,0.,0.));
#2593=DIRECTION('center_axis',(0.,1.,0.));
#2594=DIRECTION('ref_axis',(1.,0.,0.));
#2595=DIRECTION('',(0.,0.,-1.));
#2596=DIRECTION('',(0.,0.,-1.));
#2597=DIRECTION('center_axis',(-1.,0.,0.));
#2598=DIRECTION('ref_axis',(0.,1.,0.));
#2599=DIRECTION('',(0.,0.,-1.));
#2600=DIRECTION('center_axis',(0.,0.,-1.));
#2601=DIRECTION('ref_axis',(-1.,0.,0.));
#2602=DIRECTION('center_axis',(0.,-1.,0.));
#2603=DIRECTION('ref_axis',(-1.,0.,0.));
#2604=DIRECTION('',(0.,0.,-1.));
#2605=DIRECTION('center_axis',(1.,0.,0.));
#2606=DIRECTION('ref_axis',(0.,-1.,0.));
#2607=DIRECTION('center_axis',(0.,-1.,0.));
#2608=DIRECTION('ref_axis',(-1.,0.,0.));
#2609=DIRECTION('',(0.,0.,-1.));
#2610=DIRECTION('center_axis',(1.,0.,0.));
#2611=DIRECTION('ref_axis',(0.,-1.,0.));
#2612=DIRECTION('center_axis',(0.894427190999916,0.447213595499958,0.));
#2613=DIRECTION('ref_axis',(0.,0.,-1.));
#2614=DIRECTION('',(0.,0.,1.));
#2615=DIRECTION('',(0.408248290463863,-0.816496580927726,0.408248290463863));
#2616=DIRECTION('',(0.,0.,-1.));
#2617=DIRECTION('',(0.408248290463863,-0.816496580927726,-0.408248290463863));
#2618=DIRECTION('center_axis',(0.,0.447213595499957,0.894427190999916));
#2619=DIRECTION('ref_axis',(1.,0.,0.));
#2620=DIRECTION('',(-1.,0.,0.));
#2621=DIRECTION('',(-0.408248290463863,-0.816496580927726,0.408248290463863));
#2622=DIRECTION('',(1.,0.,0.));
#2623=DIRECTION('center_axis',(-0.894427190999916,0.447213595499958,0.));
#2624=DIRECTION('ref_axis',(0.,0.,1.));
#2625=DIRECTION('',(0.,0.,-1.));
#2626=DIRECTION('',(-0.408248290463863,-0.816496580927726,-0.408248290463863));
#2627=DIRECTION('',(0.,0.,1.));
#2628=DIRECTION('center_axis',(0.,0.447213595499958,-0.894427190999916));
#2629=DIRECTION('ref_axis',(-1.,0.,0.));
#2630=DIRECTION('',(-1.,0.,0.));
#2631=DIRECTION('',(1.,0.,0.));
#2632=DIRECTION('center_axis',(0.,0.,-1.));
#2633=DIRECTION('ref_axis',(-1.,0.,0.));
#2634=DIRECTION('',(0.,1.,0.));
#2635=DIRECTION('',(1.,0.,0.));
#2636=DIRECTION('',(0.,1.,0.));
#2637=DIRECTION('center_axis',(1.,0.,0.));
#2638=DIRECTION('ref_axis',(0.,0.,-1.));
#2639=DIRECTION('',(0.,1.,0.));
#2640=DIRECTION('',(0.,0.,1.));
#2641=DIRECTION('center_axis',(0.,1.,0.));
#2642=DIRECTION('ref_axis',(0.,0.,1.));
#2643=DIRECTION('center_axis',(0.,0.447213595499958,-0.894427190999916));
#2644=DIRECTION('ref_axis',(-1.,0.,0.));
#2645=DIRECTION('',(1.,0.,0.));
#2646=DIRECTION('',(0.408248290463863,-0.816496580927726,-0.408248290463863));
#2647=DIRECTION('',(-1.,0.,0.));
#2648=DIRECTION('',(-0.408248290463863,-0.816496580927726,-0.408248290463863));
#2649=DIRECTION('center_axis',(0.894427190999916,0.447213595499958,0.));
#2650=DIRECTION('ref_axis',(0.,0.,-1.));
#2651=DIRECTION('',(0.,0.,1.));
#2652=DIRECTION('',(0.408248290463863,-0.816496580927726,0.408248290463863));
#2653=DIRECTION('',(0.,0.,-1.));
#2654=DIRECTION('center_axis',(0.,0.447213595499957,0.894427190999916));
#2655=DIRECTION('ref_axis',(1.,0.,0.));
#2656=DIRECTION('',(-1.,0.,0.));
#2657=DIRECTION('',(-0.408248290463863,-0.816496580927726,0.408248290463863));
#2658=DIRECTION('',(1.,0.,0.));
#2659=DIRECTION('center_axis',(-0.894427190999916,0.447213595499958,0.));
#2660=DIRECTION('ref_axis',(0.,0.,1.));
#2661=DIRECTION('',(0.,0.,1.));
#2662=DIRECTION('',(0.,0.,-1.));
#2663=DIRECTION('center_axis',(-1.,0.,0.));
#2664=DIRECTION('ref_axis',(0.,0.,1.));
#2665=DIRECTION('',(0.,1.,0.));
#2666=DIRECTION('',(0.,0.,-1.));
#2667=DIRECTION('',(0.,1.,0.));
#2668=DIRECTION('center_axis',(0.,0.,-1.));
#2669=DIRECTION('ref_axis',(-1.,0.,0.));
#2670=DIRECTION('',(0.,1.,0.));
#2671=DIRECTION('',(1.,0.,0.));
#2672=DIRECTION('center_axis',(0.,1.,0.));
#2673=DIRECTION('ref_axis',(0.,0.,1.));
#2674=DIRECTION('center_axis',(0.,0.,1.));
#2675=DIRECTION('ref_axis',(1.,0.,0.));
#2676=DIRECTION('',(-1.,0.,0.));
#2677=DIRECTION('',(0.,1.,0.));
#2678=DIRECTION('center_axis',(1.,0.,0.));
#2679=DIRECTION('ref_axis',(0.,0.,-1.));
#2680=DIRECTION('',(0.,0.,1.));
#2681=DIRECTION('center_axis',(0.,0.,1.));
#2682=DIRECTION('ref_axis',(1.,0.,0.));
#2683=DIRECTION('',(0.,1.,0.));
#2684=DIRECTION('',(-1.,0.,0.));
#2685=DIRECTION('center_axis',(-1.,0.,0.));
#2686=DIRECTION('ref_axis',(0.,0.,1.));
#2687=DIRECTION('',(0.,0.,-1.));
#2688=DIRECTION('center_axis',(0.,-1.,0.));
#2689=DIRECTION('ref_axis',(1.,0.,0.));
#2690=DIRECTION('',(0.,0.,1.));
#2691=DIRECTION('',(-1.,0.,0.));
#2692=DIRECTION('',(0.,0.,1.));
#2693=DIRECTION('center_axis',(-1.,0.,0.));
#2694=DIRECTION('ref_axis',(0.,-1.,0.));
#2695=DIRECTION('',(0.,0.,1.));
#2696=DIRECTION('',(0.,1.,0.));
#2697=DIRECTION('center_axis',(0.,1.,0.));
#2698=DIRECTION('ref_axis',(-1.,0.,0.));
#2699=DIRECTION('',(0.,0.,1.));
#2700=DIRECTION('',(1.,0.,0.));
#2701=DIRECTION('center_axis',(1.,0.,0.));
#2702=DIRECTION('ref_axis',(0.,1.,0.));
#2703=DIRECTION('',(0.,-1.,0.));
#2704=DIRECTION('center_axis',(0.,0.,1.));
#2705=DIRECTION('ref_axis',(1.,0.,0.));
#2706=DIRECTION('center_axis',(0.,-1.,0.));
#2707=DIRECTION('ref_axis',(1.,0.,0.));
#2708=DIRECTION('',(0.,0.,1.));
#2709=DIRECTION('',(1.,0.,0.));
#2710=DIRECTION('',(0.,0.,1.));
#2711=DIRECTION('center_axis',(-1.,0.,0.));
#2712=DIRECTION('ref_axis',(0.,-1.,0.));
#2713=DIRECTION('',(0.,0.,1.));
#2714=DIRECTION('',(0.,-1.,0.));
#2715=DIRECTION('center_axis',(0.,1.,0.));
#2716=DIRECTION('ref_axis',(-1.,0.,0.));
#2717=DIRECTION('',(0.,0.,1.));
#2718=DIRECTION('',(-1.,0.,0.));
#2719=DIRECTION('center_axis',(1.,0.,0.));
#2720=DIRECTION('ref_axis',(0.,1.,0.));
#2721=DIRECTION('',(0.,1.,0.));
#2722=DIRECTION('center_axis',(0.,0.,1.));
#2723=DIRECTION('ref_axis',(1.,0.,0.));
#2724=DIRECTION('center_axis',(-1.,0.,0.));
#2725=DIRECTION('ref_axis',(0.,-1.,0.));
#2726=DIRECTION('',(0.,0.,1.));
#2727=DIRECTION('',(0.,1.,0.));
#2728=DIRECTION('',(0.,0.,1.));
#2729=DIRECTION('center_axis',(0.,1.,0.));
#2730=DIRECTION('ref_axis',(-1.,0.,0.));
#2731=DIRECTION('',(-0.884918222381982,0.,-0.465746432832623));
#2732=DIRECTION('',(0.,0.,1.));
#2733=DIRECTION('',(1.,0.,0.));
#2734=DIRECTION('center_axis',(0.,0.,1.));
#2735=DIRECTION('ref_axis',(1.,0.,0.));
#2736=DIRECTION('',(0.,-1.,0.));
#2737=DIRECTION('',(-1.,0.,0.));
#2738=DIRECTION('center_axis',(0.465746432832622,0.,-0.884918222381982));
#2739=DIRECTION('ref_axis',(-0.884918222381982,0.,-0.465746432832623));
#2740=DIRECTION('',(0.610513958725275,-0.72389512248854,0.321323136171198));
#2741=DIRECTION('',(0.,-1.,0.));
#2742=DIRECTION('center_axis',(1.,0.,0.));
#2743=DIRECTION('ref_axis',(0.,1.,0.));
#2744=DIRECTION('',(0.,0.,1.));
#2745=DIRECTION('',(0.,1.,0.));
#2746=DIRECTION('',(0.,0.,1.));
#2747=DIRECTION('center_axis',(0.,1.,0.));
#2748=DIRECTION('ref_axis',(-1.,0.,0.));
#2749=DIRECTION('',(-0.884918222381982,0.,0.465746432832623));
#2750=DIRECTION('',(-1.,0.,0.));
#2751=DIRECTION('',(0.,0.,1.));
#2752=DIRECTION('center_axis',(0.,0.,1.));
#2753=DIRECTION('ref_axis',(1.,0.,0.));
#2754=DIRECTION('',(0.,-1.,0.));
#2755=DIRECTION('',(1.,0.,0.));
#2756=DIRECTION('center_axis',(-0.465746432832622,0.,-0.884918222381982));
#2757=DIRECTION('ref_axis',(-0.884918222381982,0.,0.465746432832623));
#2758=DIRECTION('',(0.,1.,0.));
#2759=DIRECTION('',(0.610513958725141,0.723895122488685,-0.321323136171127));
#2760=DIRECTION('center_axis',(1.,0.,0.));
#2761=DIRECTION('ref_axis',(0.,1.,0.));
#2762=DIRECTION('',(0.,0.,1.));
#2763=DIRECTION('',(0.,0.,1.));
#2764=DIRECTION('',(0.,0.,1.));
#2765=DIRECTION('',(0.,1.,0.));
#2766=DIRECTION('',(0.,0.,1.));
#2767=DIRECTION('center_axis',(0.76443331959712,0.644702799660222,0.));
#2768=DIRECTION('ref_axis',(-0.644702799660222,0.76443331959712,0.));
#2769=DIRECTION('',(0.,0.,1.));
#2770=DIRECTION('',(0.644702799660222,-0.76443331959712,0.));
#2771=DIRECTION('center_axis',(-1.,0.,0.));
#2772=DIRECTION('ref_axis',(0.,-1.,0.));
#2773=DIRECTION('',(0.,0.,1.));
#2774=DIRECTION('',(0.,-1.,0.));
#2775=DIRECTION('',(0.,0.,1.));
#2776=DIRECTION('',(0.,0.,1.));
#2777=DIRECTION('',(0.,0.,1.));
#2778=DIRECTION('center_axis',(0.,-1.,0.));
#2779=DIRECTION('ref_axis',(1.,0.,0.));
#2780=DIRECTION('',(1.,0.,0.));
#2781=DIRECTION('center_axis',(-1.,0.,0.));
#2782=DIRECTION('ref_axis',(0.,0.,1.));
#2783=DIRECTION('',(0.,1.,0.));
#2784=DIRECTION('',(0.,0.809144302862283,-0.587609987275157));
#2785=DIRECTION('',(0.,1.,0.));
#2786=DIRECTION('',(0.,0.,1.));
#2787=DIRECTION('center_axis',(0.,0.587609987275157,0.809144302862283));
#2788=DIRECTION('ref_axis',(0.,-0.809144302862283,0.587609987275157));
#2789=DIRECTION('',(-1.,0.,0.));
#2790=DIRECTION('',(0.,-0.809144302862283,0.587609987275157));
#2791=DIRECTION('',(1.,0.,0.));
#2792=DIRECTION('center_axis',(0.,-1.,0.));
#2793=DIRECTION('ref_axis',(0.,0.,-1.));
#2794=DIRECTION('',(-1.,0.,0.));
#2795=DIRECTION('',(0.,0.,-1.));
#2796=DIRECTION('',(1.,0.,0.));
#2797=DIRECTION('center_axis',(0.,0.,1.));
#2798=DIRECTION('ref_axis',(0.,-1.,0.));
#2799=DIRECTION('',(0.,-1.,0.));
#2800=DIRECTION('center_axis',(1.,0.,0.));
#2801=DIRECTION('ref_axis',(0.,0.,-1.));
#2802=DIRECTION('',(0.,-1.,0.));
#2803=DIRECTION('center_axis',(0.,0.,1.));
#2804=DIRECTION('ref_axis',(-1.,0.,0.));
#2805=DIRECTION('',(-1.,0.,0.));
#2806=DIRECTION('',(0.,-1.,0.));
#2807=DIRECTION('',(-1.,0.,0.));
#2808=DIRECTION('',(0.,-1.,0.));
#2809=DIRECTION('center_axis',(1.,0.,0.));
#2810=DIRECTION('ref_axis',(0.,0.,1.));
#2811=DIRECTION('',(0.,0.,1.));
#2812=DIRECTION('',(0.,-1.,0.));
#2813=DIRECTION('',(0.,0.,1.));
#2814=DIRECTION('center_axis',(0.,0.,-1.));
#2815=DIRECTION('ref_axis',(1.,0.,0.));
#2816=DIRECTION('',(1.,0.,0.));
#2817=DIRECTION('',(0.,-1.,0.));
#2818=DIRECTION('',(1.,0.,0.));
#2819=DIRECTION('center_axis',(-1.,0.,0.));
#2820=DIRECTION('ref_axis',(0.,0.,-1.));
#2821=DIRECTION('',(0.,0.,-1.));
#2822=DIRECTION('',(0.,0.,-1.));
#2823=DIRECTION('center_axis',(0.,-1.,0.));
#2824=DIRECTION('ref_axis',(0.,0.,-1.));
#2825=DIRECTION('center_axis',(0.707106781186547,0.,-0.707106781186548));
#2826=DIRECTION('ref_axis',(0.707106781186548,0.,0.707106781186547));
#2827=DIRECTION('',(0.707106781186548,0.,0.707106781186547));
#2828=DIRECTION('',(0.,-1.,0.));
#2829=DIRECTION('',(0.707106781186548,0.,0.707106781186547));
#2830=DIRECTION('',(0.,-1.,0.));
#2831=DIRECTION('center_axis',(0.,0.,-1.));
#2832=DIRECTION('ref_axis',(1.,0.,0.));
#2833=DIRECTION('',(1.,0.,0.));
#2834=DIRECTION('',(0.,-1.,0.));
#2835=DIRECTION('',(1.,0.,0.));
#2836=DIRECTION('center_axis',(-1.,0.,0.));
#2837=DIRECTION('ref_axis',(0.,0.,-1.));
#2838=DIRECTION('',(0.,0.,-1.));
#2839=DIRECTION('',(0.,-1.,0.));
#2840=DIRECTION('',(0.,0.,-1.));
#2841=DIRECTION('center_axis',(0.,0.,1.));
#2842=DIRECTION('ref_axis',(-1.,0.,0.));
#2843=DIRECTION('',(-1.,0.,0.));
#2844=DIRECTION('',(0.,-1.,0.));
#2845=DIRECTION('',(-1.,0.,0.));
#2846=DIRECTION('center_axis',(1.,0.,0.));
#2847=DIRECTION('ref_axis',(0.,0.,1.));
#2848=DIRECTION('',(0.,0.,1.));
#2849=DIRECTION('',(0.,0.,1.));
#2850=DIRECTION('center_axis',(0.,-1.,0.));
#2851=DIRECTION('ref_axis',(0.,0.,-1.));
#2852=DIRECTION('center_axis',(-1.,-6.6880905097901E-16,0.));
#2853=DIRECTION('ref_axis',(-6.6880905097901E-16,1.,0.));
#2854=DIRECTION('',(-6.6880905097901E-16,1.,0.));
#2855=DIRECTION('',(0.,0.,-1.));
#2856=DIRECTION('',(-6.6880905097901E-16,1.,0.));
#2857=DIRECTION('',(0.,0.,1.));
#2858=DIRECTION('center_axis',(-3.96508223080413E-16,-1.,0.));
#2859=DIRECTION('ref_axis',(-1.,3.96508223080413E-16,0.));
#2860=DIRECTION('',(-1.,3.96508223080413E-16,0.));
#2861=DIRECTION('',(-1.,3.96508223080413E-16,0.));
#2862=DIRECTION('center_axis',(0.,0.,1.));
#2863=DIRECTION('ref_axis',(1.,0.,0.));
#2864=DIRECTION('',(-0.644702799660222,0.76443331959712,0.));
#2865=DIRECTION('center_axis',(0.,0.,-1.));
#2866=DIRECTION('ref_axis',(-1.,0.,0.));
#2867=DIRECTION('center_axis',(1.,-7.05259144257218E-13,0.));
#2868=DIRECTION('ref_axis',(-7.05259144257218E-13,-1.,0.));
#2869=DIRECTION('',(-7.05259144257218E-13,-1.,0.));
#2870=DIRECTION('',(0.,0.,1.));
#2871=DIRECTION('',(-7.05259144257218E-13,-1.,0.));
#2872=DIRECTION('',(0.,0.,-1.));
#2873=DIRECTION('center_axis',(6.15380762221125E-13,-1.,0.));
#2874=DIRECTION('ref_axis',(-1.,-6.15380762221125E-13,0.));
#2875=DIRECTION('',(-1.,-6.15380762221125E-13,0.));
#2876=DIRECTION('',(-1.,-6.15380762221125E-13,0.));
#2877=DIRECTION('center_axis',(0.,0.,1.));
#2878=DIRECTION('ref_axis',(1.,0.,0.));
#2879=DIRECTION('',(-0.644702799660064,-0.764433319597253,0.));
#2880=DIRECTION('center_axis',(0.,0.,-1.));
#2881=DIRECTION('ref_axis',(-1.,0.,0.));
#2882=DIRECTION('',(0.644702799660064,0.764433319597253,0.));
#2883=DIRECTION('center_axis',(-0.764433319597253,0.644702799660064,0.));
#2884=DIRECTION('ref_axis',(-0.644702799660064,-0.764433319597253,0.));
#2885=DIRECTION('',(0.,0.,1.));
#2886=DIRECTION('center_axis',(-0.764433319597253,0.644702799660064,0.));
#2887=DIRECTION('ref_axis',(-0.644702799660064,-0.764433319597253,0.));
#2888=DIRECTION('',(-0.644702799660064,-0.764433319597253,0.));
#2889=DIRECTION('',(0.,0.,1.));
#2890=DIRECTION('center_axis',(0.76443331959712,0.644702799660222,0.));
#2891=DIRECTION('ref_axis',(-0.644702799660222,0.76443331959712,0.));
#2892=DIRECTION('',(0.,0.,1.));
#2893=DIRECTION('',(-0.644702799660222,0.76443331959712,0.));
#2894=DIRECTION('center_axis',(0.,1.,0.));
#2895=DIRECTION('ref_axis',(-1.,0.,0.));
#2896=DIRECTION('',(-1.,0.,0.));
#2897=DIRECTION('center_axis',(0.,0.,1.));
#2898=DIRECTION('ref_axis',(1.,0.,0.));
#2899=CARTESIAN_POINT('',(0.,0.,0.));
#2900=CARTESIAN_POINT('Origin',(-3.875,-0.732523728207325,-0.765));
#2901=CARTESIAN_POINT('',(-3.875,-0.492523728207325,0.51));
#2902=CARTESIAN_POINT('',(-3.875,-1.00252372820732,0.51));
#2903=CARTESIAN_POINT('',(-3.875,1.6449999999994,0.51));
#2904=CARTESIAN_POINT('',(-3.875,-0.492523728207325,-1.34));
#2905=CARTESIAN_POINT('',(-3.875,-0.492523728207325,0.51));
#2906=CARTESIAN_POINT('',(-3.875,-0.292523728207325,-2.04));
#2907=CARTESIAN_POINT('',(-3.875,-0.492523728207325,-1.34));
#2908=CARTESIAN_POINT('',(-3.875,-0.742523728207325,-2.04));
#2909=CARTESIAN_POINT('',(-3.875,-0.292523728207325,-2.04));
#2910=CARTESIAN_POINT('',(-3.875,-1.17252372820732,-1.61));
#2911=CARTESIAN_POINT('',(-3.875,-0.742523728207325,-2.04));
#2912=CARTESIAN_POINT('',(-3.875,-1.00252372820732,-1.14));
#2913=CARTESIAN_POINT('',(-3.875,-1.17252372820732,-1.61));
#2914=CARTESIAN_POINT('',(-3.875,-1.00252372820732,0.51));
#2915=CARTESIAN_POINT('Origin',(-3.65,-0.492523728207325,-1.34));
#2916=CARTESIAN_POINT('',(-3.425,-0.492523728207325,0.51));
#2917=CARTESIAN_POINT('',(-1.82500000000011,-0.492523728207325,0.51));
#2918=CARTESIAN_POINT('',(-3.425,-0.492523728207325,-1.34));
#2919=CARTESIAN_POINT('',(-3.425,-0.492523728207325,0.51));
#2920=CARTESIAN_POINT('',(-3.65,-0.492523728207325,-1.34));
#2921=CARTESIAN_POINT('Origin',(-3.65,-0.292523728207325,-2.04));
#2922=CARTESIAN_POINT('',(-3.425,-0.292523728207325,-2.04));
#2923=CARTESIAN_POINT('',(-3.425,-0.492523728207325,-1.34));
#2924=CARTESIAN_POINT('',(-3.65,-0.292523728207325,-2.04));
#2925=CARTESIAN_POINT('Origin',(-3.65,-0.742523728207325,-2.04));
#2926=CARTESIAN_POINT('',(-3.425,-0.742523728207325,-2.04));
#2927=CARTESIAN_POINT('',(-3.425,-0.292523728207325,-2.04));
#2928=CARTESIAN_POINT('',(-3.65,-0.742523728207325,-2.04));
#2929=CARTESIAN_POINT('Origin',(-3.65,-1.17252372820732,-1.61));
#2930=CARTESIAN_POINT('',(-3.425,-1.17252372820732,-1.61));
#2931=CARTESIAN_POINT('',(-3.425,-0.742523728207325,-2.04));
#2932=CARTESIAN_POINT('',(-3.65,-1.17252372820732,-1.61));
#2933=CARTESIAN_POINT('Origin',(-3.65,-1.00252372820732,-1.14));
#2934=CARTESIAN_POINT('',(-3.425,-1.00252372820732,-1.14));
#2935=CARTESIAN_POINT('',(-3.425,-1.17252372820732,-1.61));
#2936=CARTESIAN_POINT('',(-3.65,-1.00252372820732,-1.14));
#2937=CARTESIAN_POINT('Origin',(-3.65,-1.00252372820732,0.51));
#2938=CARTESIAN_POINT('',(-3.425,-1.00252372820732,0.51));
#2939=CARTESIAN_POINT('',(-3.425,-1.00252372820732,0.51));
#2940=CARTESIAN_POINT('',(-1.82500000000011,-1.00252372820732,0.51));
#2941=CARTESIAN_POINT('Origin',(-3.425,-0.732523728207325,-0.765));
#2942=CARTESIAN_POINT('',(-3.425,-0.366261864103662,0.51));
#2943=CARTESIAN_POINT('Origin',(-2.17048601314218E-13,0.,0.51));
#2944=CARTESIAN_POINT('',(-3.875,1.19252372820733,0.51));
#2945=CARTESIAN_POINT('',(-3.875,1.6449999999994,0.51));
#2946=CARTESIAN_POINT('',(-3.425,1.19252372820733,0.51));
#2947=CARTESIAN_POINT('',(-1.82500000000011,1.19252372820733,0.51));
#2948=CARTESIAN_POINT('',(-3.425,1.70252372820733,0.51));
#2949=CARTESIAN_POINT('',(-3.425,0.716261864103664,0.51));
#2950=CARTESIAN_POINT('',(-3.875,1.70252372820733,0.51));
#2951=CARTESIAN_POINT('',(-1.82500000000011,1.70252372820733,0.51));
#2952=CARTESIAN_POINT('',(-3.875,4.41642857142835,0.51));
#2953=CARTESIAN_POINT('',(-3.875,1.6449999999994,0.51));
#2954=CARTESIAN_POINT('',(-3.425,4.95,0.51));
#2955=CARTESIAN_POINT('',(-4.82500000000043,3.28999999999879,0.51));
#2956=CARTESIAN_POINT('',(3.425,4.95,0.51));
#2957=CARTESIAN_POINT('',(-4.825,4.95,0.51));
#2958=CARTESIAN_POINT('',(3.875,4.41642857142857,0.51));
#2959=CARTESIAN_POINT('',(3.425,4.95,0.51));
#2960=CARTESIAN_POINT('',(3.875,1.70252372820733,0.51));
#2961=CARTESIAN_POINT('',(3.875,-2.475,0.51));
#2962=CARTESIAN_POINT('',(3.425,1.70252372820733,0.51));
#2963=CARTESIAN_POINT('',(1.82499999999989,1.70252372820733,0.51));
#2964=CARTESIAN_POINT('',(3.425,1.19252372820733,0.51));
#2965=CARTESIAN_POINT('',(3.425,0.716261864103664,0.51));
#2966=CARTESIAN_POINT('',(3.875,1.19252372820733,0.51));
#2967=CARTESIAN_POINT('',(1.82499999999989,1.19252372820733,0.51));
#2968=CARTESIAN_POINT('',(3.875,-0.492523728207325,0.51));
#2969=CARTESIAN_POINT('',(3.875,-2.475,0.51));
#2970=CARTESIAN_POINT('',(3.425,-0.492523728207325,0.51));
#2971=CARTESIAN_POINT('',(1.82499999999989,-0.492523728207325,0.51));
#2972=CARTESIAN_POINT('',(3.425,-1.00252372820732,0.51));
#2973=CARTESIAN_POINT('',(3.425,-0.366261864103662,0.51));
#2974=CARTESIAN_POINT('',(3.875,-1.00252372820732,0.51));
#2975=CARTESIAN_POINT('',(1.82499999999989,-1.00252372820732,0.51));
#2976=CARTESIAN_POINT('',(3.875,-3.4,0.51));
#2977=CARTESIAN_POINT('',(3.875,-2.475,0.51));
#2978=CARTESIAN_POINT('',(3.875,-4.95,0.51));
#2979=CARTESIAN_POINT('',(3.875,-2.475,0.51));
#2980=CARTESIAN_POINT('',(-3.875,-4.95,0.51));
#2981=CARTESIAN_POINT('',(4.825,-4.95,0.51));
#2982=CARTESIAN_POINT('',(-3.875,-3.4,0.51));
#2983=CARTESIAN_POINT('',(-3.875,1.6449999999994,0.51));
#2984=CARTESIAN_POINT('',(-3.875,1.6449999999994,0.51));
#2985=CARTESIAN_POINT('',(0.475,-3.16,0.51));
#2986=CARTESIAN_POINT('',(1.475,-3.16,0.51));
#2987=CARTESIAN_POINT('',(0.237499999999891,-3.16,0.51));
#2988=CARTESIAN_POINT('',(1.475,3.29,0.51));
#2989=CARTESIAN_POINT('',(1.475,-1.58,0.51));
#2990=CARTESIAN_POINT('',(0.475,3.29,0.51));
#2991=CARTESIAN_POINT('',(0.737499999999892,3.29,0.51));
#2992=CARTESIAN_POINT('',(0.475,1.645,0.51));
#2993=CARTESIAN_POINT('',(-1.475,-3.16,0.51));
#2994=CARTESIAN_POINT('',(-0.475,-3.16,0.51));
#2995=CARTESIAN_POINT('',(-0.737500000000109,-3.16,0.51));
#2996=CARTESIAN_POINT('',(-0.475,3.29,0.51));
#2997=CARTESIAN_POINT('',(-0.475,-1.58,0.51));
#2998=CARTESIAN_POINT('',(-1.475,3.29,0.51));
#2999=CARTESIAN_POINT('',(-0.237500000000109,3.29,0.51));
#3000=CARTESIAN_POINT('',(-1.475,1.645,0.51));
#3001=CARTESIAN_POINT('',(1.1825,-3.615,0.51));
#3002=CARTESIAN_POINT('',(1.1825,-4.25,0.51));
#3003=CARTESIAN_POINT('',(1.1825,-2.125,0.51));
#3004=CARTESIAN_POINT('',(1.8175,-4.25,0.51));
#3005=CARTESIAN_POINT('',(0.908749999999892,-4.25,0.51));
#3006=CARTESIAN_POINT('',(1.8175,-3.615,0.51));
#3007=CARTESIAN_POINT('',(1.8175,-1.8075,0.51));
#3008=CARTESIAN_POINT('',(0.591249999999892,-3.615,0.51));
#3009=CARTESIAN_POINT('',(-1.1825,-3.615,0.51));
#3010=CARTESIAN_POINT('',(-1.8175,-3.615,0.51));
#3011=CARTESIAN_POINT('',(-0.908750000000109,-3.615,0.51));
#3012=CARTESIAN_POINT('',(-1.8175,-4.25,0.51));
#3013=CARTESIAN_POINT('',(-1.8175,-2.125,0.51));
#3014=CARTESIAN_POINT('',(-1.1825,-4.25,0.51));
#3015=CARTESIAN_POINT('',(-0.591250000000109,-4.25,0.51));
#3016=CARTESIAN_POINT('',(-1.1825,-1.8075,0.51));
#3017=CARTESIAN_POINT('Origin',(-3.875,1.43252372820733,-0.765));
#3018=CARTESIAN_POINT('',(-3.875,1.19252372820733,-1.34));
#3019=CARTESIAN_POINT('',(-3.875,1.19252372820733,0.51));
#3020=CARTESIAN_POINT('',(-3.875,1.6449999999994,0.51));
#3021=CARTESIAN_POINT('',(-3.875,1.70252372820733,-1.14));
#3022=CARTESIAN_POINT('',(-3.875,1.70252372820733,0.51));
#3023=CARTESIAN_POINT('',(-3.875,1.87252372820733,-1.61));
#3024=CARTESIAN_POINT('',(-3.875,1.87252372820733,-1.61));
#3025=CARTESIAN_POINT('',(-3.875,1.44252372820733,-2.04));
#3026=CARTESIAN_POINT('',(-3.875,1.44252372820733,-2.04));
#3027=CARTESIAN_POINT('',(-3.875,0.992523728207327,-2.04));
#3028=CARTESIAN_POINT('',(-3.875,0.992523728207327,-2.04));
#3029=CARTESIAN_POINT('',(-3.875,1.19252372820733,-1.34));
#3030=CARTESIAN_POINT('Origin',(-3.65,1.70252372820733,-1.14));
#3031=CARTESIAN_POINT('',(-3.425,1.70252372820733,-1.14));
#3032=CARTESIAN_POINT('',(-3.425,1.70252372820733,0.51));
#3033=CARTESIAN_POINT('',(-3.65,1.70252372820733,-1.14));
#3034=CARTESIAN_POINT('Origin',(-3.65,1.87252372820733,-1.61));
#3035=CARTESIAN_POINT('',(-3.425,1.87252372820733,-1.61));
#3036=CARTESIAN_POINT('',(-3.425,1.87252372820733,-1.61));
#3037=CARTESIAN_POINT('',(-3.65,1.87252372820733,-1.61));
#3038=CARTESIAN_POINT('Origin',(-3.65,1.44252372820733,-2.04));
#3039=CARTESIAN_POINT('',(-3.425,1.44252372820733,-2.04));
#3040=CARTESIAN_POINT('',(-3.425,1.44252372820733,-2.04));
#3041=CARTESIAN_POINT('',(-3.65,1.44252372820733,-2.04));
#3042=CARTESIAN_POINT('Origin',(-3.65,0.992523728207327,-2.04));
#3043=CARTESIAN_POINT('',(-3.425,0.992523728207327,-2.04));
#3044=CARTESIAN_POINT('',(-3.425,0.992523728207327,-2.04));
#3045=CARTESIAN_POINT('',(-3.65,0.992523728207327,-2.04));
#3046=CARTESIAN_POINT('Origin',(-3.65,1.19252372820733,-1.34));
#3047=CARTESIAN_POINT('',(-3.425,1.19252372820733,-1.34));
#3048=CARTESIAN_POINT('',(-3.425,1.19252372820733,-1.34));
#3049=CARTESIAN_POINT('',(-3.65,1.19252372820733,-1.34));
#3050=CARTESIAN_POINT('Origin',(-3.65,1.19252372820733,0.51));
#3051=CARTESIAN_POINT('',(-3.425,1.19252372820733,0.51));
#3052=CARTESIAN_POINT('Origin',(-3.425,1.43252372820733,-0.765));
#3053=CARTESIAN_POINT('Origin',(3.425,-0.732523728207325,-0.765));
#3054=CARTESIAN_POINT('',(3.425,-0.492523728207325,-1.34));
#3055=CARTESIAN_POINT('',(3.425,-0.492523728207325,0.51));
#3056=CARTESIAN_POINT('',(3.425,-0.292523728207325,-2.04));
#3057=CARTESIAN_POINT('',(3.425,-0.492523728207325,-1.34));
#3058=CARTESIAN_POINT('',(3.425,-0.742523728207325,-2.04));
#3059=CARTESIAN_POINT('',(3.425,-0.292523728207325,-2.04));
#3060=CARTESIAN_POINT('',(3.425,-1.17252372820732,-1.61));
#3061=CARTESIAN_POINT('',(3.425,-0.742523728207325,-2.04));
#3062=CARTESIAN_POINT('',(3.425,-1.00252372820732,-1.14));
#3063=CARTESIAN_POINT('',(3.425,-1.17252372820732,-1.61));
#3064=CARTESIAN_POINT('',(3.425,-1.00252372820732,0.51));
#3065=CARTESIAN_POINT('Origin',(3.65,-0.492523728207325,-1.34));
#3066=CARTESIAN_POINT('',(3.875,-0.492523728207325,-1.34));
#3067=CARTESIAN_POINT('',(3.875,-0.492523728207325,0.51));
#3068=CARTESIAN_POINT('',(3.65,-0.492523728207325,-1.34));
#3069=CARTESIAN_POINT('Origin',(3.65,-0.292523728207325,-2.04));
#3070=CARTESIAN_POINT('',(3.875,-0.292523728207325,-2.04));
#3071=CARTESIAN_POINT('',(3.875,-0.492523728207325,-1.34));
#3072=CARTESIAN_POINT('',(3.65,-0.292523728207325,-2.04));
#3073=CARTESIAN_POINT('Origin',(3.65,-0.742523728207325,-2.04));
#3074=CARTESIAN_POINT('',(3.875,-0.742523728207325,-2.04));
#3075=CARTESIAN_POINT('',(3.875,-0.292523728207325,-2.04));
#3076=CARTESIAN_POINT('',(3.65,-0.742523728207325,-2.04));
#3077=CARTESIAN_POINT('Origin',(3.65,-1.17252372820732,-1.61));
#3078=CARTESIAN_POINT('',(3.875,-1.17252372820732,-1.61));
#3079=CARTESIAN_POINT('',(3.875,-0.742523728207325,-2.04));
#3080=CARTESIAN_POINT('',(3.65,-1.17252372820732,-1.61));
#3081=CARTESIAN_POINT('Origin',(3.65,-1.00252372820732,-1.14));
#3082=CARTESIAN_POINT('',(3.875,-1.00252372820732,-1.14));
#3083=CARTESIAN_POINT('',(3.875,-1.17252372820732,-1.61));
#3084=CARTESIAN_POINT('',(3.65,-1.00252372820732,-1.14));
#3085=CARTESIAN_POINT('Origin',(3.65,-1.00252372820732,0.51));
#3086=CARTESIAN_POINT('',(3.875,-1.00252372820732,0.51));
#3087=CARTESIAN_POINT('Origin',(3.875,-0.732523728207325,-0.765));
#3088=CARTESIAN_POINT('',(3.875,-2.475,0.51));
#3089=CARTESIAN_POINT('Origin',(3.425,1.43252372820733,-0.765));
#3090=CARTESIAN_POINT('',(3.425,1.19252372820733,-1.34));
#3091=CARTESIAN_POINT('',(3.425,1.19252372820733,0.51));
#3092=CARTESIAN_POINT('',(3.425,1.70252372820733,-1.14));
#3093=CARTESIAN_POINT('',(3.425,1.70252372820733,0.51));
#3094=CARTESIAN_POINT('',(3.425,1.87252372820733,-1.61));
#3095=CARTESIAN_POINT('',(3.425,1.87252372820733,-1.61));
#3096=CARTESIAN_POINT('',(3.425,1.44252372820733,-2.04));
#3097=CARTESIAN_POINT('',(3.425,1.44252372820733,-2.04));
#3098=CARTESIAN_POINT('',(3.425,0.992523728207327,-2.04));
#3099=CARTESIAN_POINT('',(3.425,0.992523728207327,-2.04));
#3100=CARTESIAN_POINT('',(3.425,1.19252372820733,-1.34));
#3101=CARTESIAN_POINT('Origin',(3.65,1.70252372820733,-1.14));
#3102=CARTESIAN_POINT('',(3.875,1.70252372820733,-1.14));
#3103=CARTESIAN_POINT('',(3.875,1.70252372820733,0.51));
#3104=CARTESIAN_POINT('',(3.65,1.70252372820733,-1.14));
#3105=CARTESIAN_POINT('Origin',(3.65,1.87252372820733,-1.61));
#3106=CARTESIAN_POINT('',(3.875,1.87252372820733,-1.61));
#3107=CARTESIAN_POINT('',(3.875,1.87252372820733,-1.61));
#3108=CARTESIAN_POINT('',(3.65,1.87252372820733,-1.61));
#3109=CARTESIAN_POINT('Origin',(3.65,1.44252372820733,-2.04));
#3110=CARTESIAN_POINT('',(3.875,1.44252372820733,-2.04));
#3111=CARTESIAN_POINT('',(3.875,1.44252372820733,-2.04));
#3112=CARTESIAN_POINT('',(3.65,1.44252372820733,-2.04));
#3113=CARTESIAN_POINT('Origin',(3.65,0.992523728207327,-2.04));
#3114=CARTESIAN_POINT('',(3.875,0.992523728207327,-2.04));
#3115=CARTESIAN_POINT('',(3.875,0.992523728207327,-2.04));
#3116=CARTESIAN_POINT('',(3.65,0.992523728207327,-2.04));
#3117=CARTESIAN_POINT('Origin',(3.65,1.19252372820733,-1.34));
#3118=CARTESIAN_POINT('',(3.875,1.19252372820733,-1.34));
#3119=CARTESIAN_POINT('',(3.875,1.19252372820733,-1.34));
#3120=CARTESIAN_POINT('',(3.65,1.19252372820733,-1.34));
#3121=CARTESIAN_POINT('Origin',(3.65,1.19252372820733,0.51));
#3122=CARTESIAN_POINT('',(3.875,1.19252372820733,0.51));
#3123=CARTESIAN_POINT('Origin',(3.875,1.43252372820733,-0.765));
#3124=CARTESIAN_POINT('',(3.875,-2.475,0.51));
#3125=CARTESIAN_POINT('Origin',(-1.71166666666667,-4.09125,-2.96833333333333));
#3126=CARTESIAN_POINT('',(-1.60583333333333,-3.82666666666667,-3.18));
#3127=CARTESIAN_POINT('',(-1.60583333333333,-4.03833333333333,-3.18));
#3128=CARTESIAN_POINT('',(-1.60583333333333,-4.09125,-3.18));
#3129=CARTESIAN_POINT('',(-1.8175,-4.25,-2.75666666666667));
#3130=CARTESIAN_POINT('',(-1.60583333333333,-4.03833333333333,-3.18));
#3131=CARTESIAN_POINT('',(-1.8175,-3.615,-2.75666666666667));
#3132=CARTESIAN_POINT('',(-1.8175,-4.09125,-2.75666666666667));
#3133=CARTESIAN_POINT('',(-1.60583333333333,-3.82666666666667,-3.18));
#3134=CARTESIAN_POINT('Origin',(-1.34125,-4.14416666666667,-2.96833333333333));
#3135=CARTESIAN_POINT('',(-1.39416666666667,-4.03833333333333,-3.18));
#3136=CARTESIAN_POINT('',(-1.34125,-4.03833333333333,-3.18));
#3137=CARTESIAN_POINT('',(-1.1825,-4.25,-2.75666666666667));
#3138=CARTESIAN_POINT('',(-1.39416666666667,-4.03833333333333,-3.18));
#3139=CARTESIAN_POINT('',(-1.34125,-4.25,-2.75666666666667));
#3140=CARTESIAN_POINT('Origin',(-1.28833333333333,-3.77375,-2.96833333333333));
#3141=CARTESIAN_POINT('',(-1.39416666666667,-3.82666666666667,-3.18));
#3142=CARTESIAN_POINT('',(-1.39416666666667,-3.77375,-3.18));
#3143=CARTESIAN_POINT('',(-1.1825,-3.615,-2.75666666666667));
#3144=CARTESIAN_POINT('',(-1.39416666666667,-3.82666666666667,-3.18));
#3145=CARTESIAN_POINT('',(-1.1825,-3.77375,-2.75666666666667));
#3146=CARTESIAN_POINT('Origin',(-1.65875,-3.72083333333333,-2.96833333333333));
#3147=CARTESIAN_POINT('',(-1.65875,-3.615,-2.75666666666667));
#3148=CARTESIAN_POINT('',(-1.65875,-3.82666666666667,-3.18));
#3149=CARTESIAN_POINT('Origin',(-1.8175,-3.615,0.51));
#3150=CARTESIAN_POINT('',(-1.8175,-3.615,0.51));
#3151=CARTESIAN_POINT('',(-1.1825,-3.615,0.51));
#3152=CARTESIAN_POINT('Origin',(-1.8175,-4.25,0.51));
#3153=CARTESIAN_POINT('',(-1.8175,-4.25,0.51));
#3154=CARTESIAN_POINT('Origin',(-1.5,-3.9325,-3.18));
#3155=CARTESIAN_POINT('Origin',(1.28833333333333,-4.09125,-2.96833333333333));
#3156=CARTESIAN_POINT('',(1.39416666666667,-3.82666666666667,-3.18));
#3157=CARTESIAN_POINT('',(1.39416666666667,-4.03833333333333,-3.18));
#3158=CARTESIAN_POINT('',(1.39416666666667,-4.09125,-3.18));
#3159=CARTESIAN_POINT('',(1.1825,-4.25,-2.75666666666667));
#3160=CARTESIAN_POINT('',(1.39416666666667,-4.03833333333333,-3.18));
#3161=CARTESIAN_POINT('',(1.1825,-3.615,-2.75666666666667));
#3162=CARTESIAN_POINT('',(1.1825,-4.09125,-2.75666666666667));
#3163=CARTESIAN_POINT('',(1.39416666666667,-3.82666666666667,-3.18));
#3164=CARTESIAN_POINT('Origin',(1.65875,-4.14416666666667,-2.96833333333333));
#3165=CARTESIAN_POINT('',(1.60583333333333,-4.03833333333333,-3.18));
#3166=CARTESIAN_POINT('',(1.65875,-4.03833333333333,-3.18));
#3167=CARTESIAN_POINT('',(1.8175,-4.25,-2.75666666666667));
#3168=CARTESIAN_POINT('',(1.60583333333333,-4.03833333333333,-3.18));
#3169=CARTESIAN_POINT('',(1.65875,-4.25,-2.75666666666667));
#3170=CARTESIAN_POINT('Origin',(1.71166666666667,-3.77375,-2.96833333333333));
#3171=CARTESIAN_POINT('',(1.60583333333333,-3.82666666666667,-3.18));
#3172=CARTESIAN_POINT('',(1.60583333333333,-3.77375,-3.18));
#3173=CARTESIAN_POINT('',(1.8175,-3.615,-2.75666666666667));
#3174=CARTESIAN_POINT('',(1.60583333333333,-3.82666666666667,-3.18));
#3175=CARTESIAN_POINT('',(1.8175,-3.77375,-2.75666666666667));
#3176=CARTESIAN_POINT('Origin',(1.34125,-3.72083333333333,-2.96833333333333));
#3177=CARTESIAN_POINT('',(1.34125,-3.615,-2.75666666666667));
#3178=CARTESIAN_POINT('',(1.34125,-3.82666666666667,-3.18));
#3179=CARTESIAN_POINT('Origin',(1.1825,-3.615,0.51));
#3180=CARTESIAN_POINT('',(1.1825,-3.615,0.51));
#3181=CARTESIAN_POINT('',(1.8175,-3.615,0.51));
#3182=CARTESIAN_POINT('Origin',(1.1825,-4.25,0.51));
#3183=CARTESIAN_POINT('',(1.1825,-4.25,0.51));
#3184=CARTESIAN_POINT('Origin',(1.5,-3.9325,-3.18));
#3185=CARTESIAN_POINT('Origin',(-1.1825,-4.25,0.51));
#3186=CARTESIAN_POINT('',(-1.1825,-4.25,0.51));
#3187=CARTESIAN_POINT('Origin',(-1.1825,-3.615,0.51));
#3188=CARTESIAN_POINT('Origin',(1.8175,-4.25,0.51));
#3189=CARTESIAN_POINT('',(1.8175,-4.25,0.51));
#3190=CARTESIAN_POINT('Origin',(1.8175,-3.615,0.51));
#3191=CARTESIAN_POINT('Origin',(1.71333333333333,2.34166666666667,2.59875));
#3192=CARTESIAN_POINT('',(1.60916666666667,2.55,2.33083333333333));
#3193=CARTESIAN_POINT('',(1.60916666666667,2.55,2.54916666666667));
#3194=CARTESIAN_POINT('',(1.60916666666667,2.55,2.59875));
#3195=CARTESIAN_POINT('',(1.8175,2.13333333333333,2.7575));
#3196=CARTESIAN_POINT('',(1.60916666666667,2.55,2.54916666666667));
#3197=CARTESIAN_POINT('',(1.8175,2.13333333333333,2.1225));
#3198=CARTESIAN_POINT('',(1.8175,2.13333333333333,2.59875));
#3199=CARTESIAN_POINT('',(1.60916666666667,2.55,2.33083333333333));
#3200=CARTESIAN_POINT('Origin',(0.59125,2.34166666666667,2.65333333333333));
#3201=CARTESIAN_POINT('',(1.39083333333333,2.55,2.54916666666667));
#3202=CARTESIAN_POINT('',(0.59125,2.55,2.54916666666667));
#3203=CARTESIAN_POINT('',(1.1825,2.13333333333333,2.7575));
#3204=CARTESIAN_POINT('',(1.39083333333333,2.55,2.54916666666667));
#3205=CARTESIAN_POINT('',(0.59125,2.13333333333333,2.7575));
#3206=CARTESIAN_POINT('Origin',(1.28666666666667,2.34166666666667,2.28125));
#3207=CARTESIAN_POINT('',(1.39083333333333,2.55,2.33083333333333));
#3208=CARTESIAN_POINT('',(1.39083333333333,2.55,2.28125));
#3209=CARTESIAN_POINT('',(1.1825,2.13333333333333,2.1225));
#3210=CARTESIAN_POINT('',(1.39083333333333,2.55,2.33083333333333));
#3211=CARTESIAN_POINT('',(1.1825,2.13333333333333,2.28125));
#3212=CARTESIAN_POINT('Origin',(0.90875,2.34166666666667,2.22666666666667));
#3213=CARTESIAN_POINT('',(0.90875,2.13333333333333,2.1225));
#3214=CARTESIAN_POINT('',(0.90875,2.55,2.33083333333333));
#3215=CARTESIAN_POINT('Origin',(1.8175,-1.65,2.1225));
#3216=CARTESIAN_POINT('',(1.8175,-1.65,2.1225));
#3217=CARTESIAN_POINT('',(1.8175,-1.65,2.1225));
#3218=CARTESIAN_POINT('',(1.1825,-1.65,2.1225));
#3219=CARTESIAN_POINT('',(1.65875,-1.65,2.1225));
#3220=CARTESIAN_POINT('',(1.1825,-1.65,2.1225));
#3221=CARTESIAN_POINT('Origin',(1.8175,-1.65,2.7575));
#3222=CARTESIAN_POINT('',(1.8175,-1.65,2.7575));
#3223=CARTESIAN_POINT('',(1.8175,-1.65,2.7575));
#3224=CARTESIAN_POINT('',(1.8175,-1.65,2.59875));
#3225=CARTESIAN_POINT('Origin',(0.,2.55,2.44));
#3226=CARTESIAN_POINT('Origin',(-0.59125,2.34166666666667,2.22666666666667));
#3227=CARTESIAN_POINT('',(-1.60916666666667,2.55,2.33083333333333));
#3228=CARTESIAN_POINT('',(-1.39083333333333,2.55,2.33083333333333));
#3229=CARTESIAN_POINT('',(-0.59125,2.55,2.33083333333333));
#3230=CARTESIAN_POINT('',(-1.1825,2.13333333333333,2.1225));
#3231=CARTESIAN_POINT('',(-1.39083333333333,2.55,2.33083333333333));
#3232=CARTESIAN_POINT('',(-1.8175,2.13333333333333,2.1225));
#3233=CARTESIAN_POINT('',(-0.59125,2.13333333333333,2.1225));
#3234=CARTESIAN_POINT('',(-1.60916666666667,2.55,2.33083333333333));
#3235=CARTESIAN_POINT('Origin',(-1.28666666666667,2.34166666666667,2.59875));
#3236=CARTESIAN_POINT('',(-1.39083333333333,2.55,2.54916666666667));
#3237=CARTESIAN_POINT('',(-1.39083333333333,2.55,2.59875));
#3238=CARTESIAN_POINT('',(-1.1825,2.13333333333333,2.7575));
#3239=CARTESIAN_POINT('',(-1.39083333333333,2.55,2.54916666666667));
#3240=CARTESIAN_POINT('',(-1.1825,2.13333333333333,2.59875));
#3241=CARTESIAN_POINT('Origin',(-0.90875,2.34166666666667,2.65333333333333));
#3242=CARTESIAN_POINT('',(-1.60916666666667,2.55,2.54916666666667));
#3243=CARTESIAN_POINT('',(-0.90875,2.55,2.54916666666667));
#3244=CARTESIAN_POINT('',(-1.8175,2.13333333333333,2.7575));
#3245=CARTESIAN_POINT('',(-1.60916666666667,2.55,2.54916666666667));
#3246=CARTESIAN_POINT('',(-0.90875,2.13333333333333,2.7575));
#3247=CARTESIAN_POINT('Origin',(-1.71333333333333,2.34166666666667,2.28125));
#3248=CARTESIAN_POINT('',(-1.8175,2.13333333333333,2.28125));
#3249=CARTESIAN_POINT('',(-1.60916666666667,2.55,2.28125));
#3250=CARTESIAN_POINT('Origin',(-1.8175,-1.65,2.1225));
#3251=CARTESIAN_POINT('',(-1.8175,-1.65,2.1225));
#3252=CARTESIAN_POINT('',(-1.8175,-1.65,2.1225));
#3253=CARTESIAN_POINT('',(-1.8175,-1.65,2.7575));
#3254=CARTESIAN_POINT('',(-1.8175,-1.65,2.28125));
#3255=CARTESIAN_POINT('',(-1.8175,-1.65,2.7575));
#3256=CARTESIAN_POINT('Origin',(-1.1825,-1.65,2.1225));
#3257=CARTESIAN_POINT('',(-1.1825,-1.65,2.1225));
#3258=CARTESIAN_POINT('',(-1.1825,-1.65,2.1225));
#3259=CARTESIAN_POINT('',(-1.34125,-1.65,2.1225));
#3260=CARTESIAN_POINT('Origin',(0.,2.55,2.44));
#3261=CARTESIAN_POINT('Origin',(-1.8175,-1.65,2.7575));
#3262=CARTESIAN_POINT('',(-1.1825,-1.65,2.7575));
#3263=CARTESIAN_POINT('',(-1.65875,-1.65,2.7575));
#3264=CARTESIAN_POINT('',(-1.1825,-1.65,2.7575));
#3265=CARTESIAN_POINT('Origin',(-1.1825,-1.65,2.7575));
#3266=CARTESIAN_POINT('',(-1.1825,-1.65,2.59875));
#3267=CARTESIAN_POINT('Origin',(1.1825,-1.65,2.7575));
#3268=CARTESIAN_POINT('',(1.1825,-1.65,2.7575));
#3269=CARTESIAN_POINT('',(1.1825,-1.65,2.7575));
#3270=CARTESIAN_POINT('',(1.34125,-1.65,2.7575));
#3271=CARTESIAN_POINT('Origin',(1.1825,-1.65,2.1225));
#3272=CARTESIAN_POINT('',(1.1825,-1.65,2.28125));
#3273=CARTESIAN_POINT('Origin',(-1.475,-3.16,0.));
#3274=CARTESIAN_POINT('',(-1.475,-3.16,0.));
#3275=CARTESIAN_POINT('',(-1.475,-3.16,0.));
#3276=CARTESIAN_POINT('',(-0.475,-3.16,0.));
#3277=CARTESIAN_POINT('',(-0.475,-3.16,0.));
#3278=CARTESIAN_POINT('',(-0.475,-3.16,0.));
#3279=CARTESIAN_POINT('Origin',(-1.475,3.29,0.));
#3280=CARTESIAN_POINT('',(-1.475,3.29,0.));
#3281=CARTESIAN_POINT('',(-1.475,3.29,0.));
#3282=CARTESIAN_POINT('',(-1.475,-3.16,0.));
#3283=CARTESIAN_POINT('Origin',(-0.475,3.29,0.));
#3284=CARTESIAN_POINT('',(-0.475,3.29,0.));
#3285=CARTESIAN_POINT('',(-0.475,3.29,0.));
#3286=CARTESIAN_POINT('',(-1.475,3.29,0.));
#3287=CARTESIAN_POINT('Origin',(-0.475,-3.16,0.));
#3288=CARTESIAN_POINT('',(-0.475,3.29,0.));
#3289=CARTESIAN_POINT('Origin',(-0.975,0.0650000000000012,0.));
#3290=CARTESIAN_POINT('Origin',(0.475,-3.16,0.));
#3291=CARTESIAN_POINT('',(0.475,-3.16,0.));
#3292=CARTESIAN_POINT('',(0.475,-3.16,0.));
#3293=CARTESIAN_POINT('',(1.475,-3.16,0.));
#3294=CARTESIAN_POINT('',(0.475,-3.16,0.));
#3295=CARTESIAN_POINT('',(1.475,-3.16,0.));
#3296=CARTESIAN_POINT('Origin',(0.475,3.29,0.));
#3297=CARTESIAN_POINT('',(0.475,3.29,0.));
#3298=CARTESIAN_POINT('',(0.475,3.29,0.));
#3299=CARTESIAN_POINT('',(0.475,3.29,0.));
#3300=CARTESIAN_POINT('Origin',(1.475,3.29,0.));
#3301=CARTESIAN_POINT('',(1.475,3.29,0.));
#3302=CARTESIAN_POINT('',(1.475,3.29,0.));
#3303=CARTESIAN_POINT('',(1.475,3.29,0.));
#3304=CARTESIAN_POINT('Origin',(1.475,-3.16,0.));
#3305=CARTESIAN_POINT('',(1.475,-3.16,0.));
#3306=CARTESIAN_POINT('Origin',(0.975,0.0650000000000012,0.));
#3307=CARTESIAN_POINT('Origin',(3.875,-3.4,0.));
#3308=CARTESIAN_POINT('',(3.875,-3.4,0.));
#3309=CARTESIAN_POINT('',(3.875,-3.4,0.));
#3310=CARTESIAN_POINT('',(3.875,-4.95,0.));
#3311=CARTESIAN_POINT('',(3.875,-4.95,0.));
#3312=CARTESIAN_POINT('',(3.875,-4.95,0.));
#3313=CARTESIAN_POINT('Origin',(4.825,-3.4,0.));
#3314=CARTESIAN_POINT('',(4.825,-3.4,1.01));
#3315=CARTESIAN_POINT('',(4.37936550976139,-3.4,0.775455531453362));
#3316=CARTESIAN_POINT('',(4.825,-3.4,0.));
#3317=CARTESIAN_POINT('',(4.825,-3.4,0.));
#3318=CARTESIAN_POINT('',(3.875,-3.4,0.));
#3319=CARTESIAN_POINT('Origin',(4.35,-4.175,0.));
#3320=CARTESIAN_POINT('',(4.825,-4.95,0.));
#3321=CARTESIAN_POINT('',(4.825,-3.4,0.));
#3322=CARTESIAN_POINT('',(4.825,-4.95,0.));
#3323=CARTESIAN_POINT('Origin',(4.35,-2.475,0.76));
#3324=CARTESIAN_POINT('',(4.825,3.29,1.01));
#3325=CARTESIAN_POINT('',(5.9368280020203,1.97168965474736,1.59517263264226));
#3326=CARTESIAN_POINT('',(4.825,-2.475,1.01));
#3327=CARTESIAN_POINT('Origin',(-3.875,-4.95,0.));
#3328=CARTESIAN_POINT('',(-3.875,-4.95,0.));
#3329=CARTESIAN_POINT('',(-3.875,-4.95,0.));
#3330=CARTESIAN_POINT('',(-3.875,-3.4,0.));
#3331=CARTESIAN_POINT('',(-3.875,-4.95,0.));
#3332=CARTESIAN_POINT('',(-3.875,-3.4,0.));
#3333=CARTESIAN_POINT('Origin',(-3.875,-3.4,0.));
#3334=CARTESIAN_POINT('',(-4.825,-3.4,1.01));
#3335=CARTESIAN_POINT('',(-4.00740238611714,-3.4,0.57968546637744));
#3336=CARTESIAN_POINT('',(-4.825,-3.4,0.));
#3337=CARTESIAN_POINT('',(-3.875,-3.4,0.));
#3338=CARTESIAN_POINT('',(-4.825,-3.4,0.));
#3339=CARTESIAN_POINT('Origin',(-4.35,-4.175,0.));
#3340=CARTESIAN_POINT('',(-4.825,-4.95,0.));
#3341=CARTESIAN_POINT('',(-4.825,-3.4,0.));
#3342=CARTESIAN_POINT('',(-4.825,-4.95,0.));
#3343=CARTESIAN_POINT('Origin',(-4.35,1.6449999999994,0.76));
#3344=CARTESIAN_POINT('',(-4.82500000000043,3.28999999999879,1.01));
#3345=CARTESIAN_POINT('',(-4.825,1.6449999999994,1.01));
#3346=CARTESIAN_POINT('',(-4.3986889540268,3.79548309736774,0.785625765277264));
#3347=CARTESIAN_POINT('Origin',(4.825,-4.95,0.51));
#3348=CARTESIAN_POINT('',(4.825,3.29,1.63));
#3349=CARTESIAN_POINT('',(4.825,3.29,0.51));
#3350=CARTESIAN_POINT('',(4.825,3.29,3.73));
#3351=CARTESIAN_POINT('',(4.825,3.29,0.51));
#3352=CARTESIAN_POINT('',(4.825,3.29,4.37));
#3353=CARTESIAN_POINT('',(4.825,3.29,0.51));
#3354=CARTESIAN_POINT('',(4.825,-4.95,4.37));
#3355=CARTESIAN_POINT('',(4.825,4.95,4.37));
#3356=CARTESIAN_POINT('',(4.825,-4.95,0.51));
#3357=CARTESIAN_POINT('Origin',(4.825,3.29,0.51));
#3358=CARTESIAN_POINT('',(3.425,4.95,1.63));
#3359=CARTESIAN_POINT('',(3.425,4.95,0.51));
#3360=CARTESIAN_POINT('',(3.61773899397754,4.72146662142663,1.63));
#3361=CARTESIAN_POINT('Origin',(-4.825,3.28999999999879,0.51));
#3362=CARTESIAN_POINT('',(-4.825,-4.95,4.37));
#3363=CARTESIAN_POINT('',(-4.825,-4.95,0.51));
#3364=CARTESIAN_POINT('',(-4.82500000000043,3.28999999999879,4.37));
#3365=CARTESIAN_POINT('',(-4.825,-4.95,4.37));
#3366=CARTESIAN_POINT('',(-4.82500000000043,3.28999999999879,3.73));
#3367=CARTESIAN_POINT('',(-4.82500000000043,3.28999999999879,0.51));
#3368=CARTESIAN_POINT('',(-4.82500000000043,3.28999999999879,1.63));
#3369=CARTESIAN_POINT('',(-4.82500000000043,3.28999999999879,0.51));
#3370=CARTESIAN_POINT('',(-4.82500000000043,3.28999999999879,0.51));
#3371=CARTESIAN_POINT('Origin',(-4.825,-4.95,0.51));
#3372=CARTESIAN_POINT('',(4.825,-4.95,4.37));
#3373=CARTESIAN_POINT('Origin',(-1.3,3.20000031948707,4.96912434661327));
#3374=CARTESIAN_POINT('',(-1.3,2.00000063897413,5.56824869322654));
#3375=CARTESIAN_POINT('',(-1.3,2.75000063897413,5.56824869322654));
#3376=CARTESIAN_POINT('',(-1.3,2.00000063897413,5.56824869322654));
#3377=CARTESIAN_POINT('',(-1.3,4.4,4.37));
#3378=CARTESIAN_POINT('',(-1.3,2.75000063897413,5.56824869322654));
#3379=CARTESIAN_POINT('',(-1.3,2.00000063897413,4.37));
#3380=CARTESIAN_POINT('',(-1.3,1.60000015974353,4.37));
#3381=CARTESIAN_POINT('',(-1.3,2.00000063897413,4.36824869322654));
#3382=CARTESIAN_POINT('Origin',(0.,4.4,4.37));
#3383=CARTESIAN_POINT('',(1.3,2.75000063897413,5.56824869322654));
#3384=CARTESIAN_POINT('',(0.,2.75000063897413,5.56824869322654));
#3385=CARTESIAN_POINT('',(1.3,4.4,4.37));
#3386=CARTESIAN_POINT('',(1.3,2.75000063897413,5.56824869322654));
#3387=CARTESIAN_POINT('',(-1.08524300657109E-13,4.4,4.37));
#3388=CARTESIAN_POINT('Origin',(0.,2.00000063897413,5.56824869322654));
#3389=CARTESIAN_POINT('',(1.3,2.00000063897413,4.37));
#3390=CARTESIAN_POINT('',(-1.08524300657109E-13,2.00000063897413,4.37));
#3391=CARTESIAN_POINT('',(1.3,2.00000063897413,5.56824869322654));
#3392=CARTESIAN_POINT('',(1.3,2.00000063897413,4.36824869322654));
#3393=CARTESIAN_POINT('',(0.,2.00000063897413,5.56824869322654));
#3394=CARTESIAN_POINT('Origin',(0.,2.75000063897413,5.56824869322654));
#3395=CARTESIAN_POINT('',(1.3,2.00000063897413,5.56824869322654));
#3396=CARTESIAN_POINT('Origin',(1.3,3.20000031948707,4.96912434661327));
#3397=CARTESIAN_POINT('',(1.3,1.60000015974353,4.37));
#3398=CARTESIAN_POINT('Origin',(2.77,4.95,3.71));
#3399=CARTESIAN_POINT('',(2.77,4.95,3.71));
#3400=CARTESIAN_POINT('',(0.23,4.95,3.71));
#3401=CARTESIAN_POINT('',(3.0975,4.95,3.71));
#3402=CARTESIAN_POINT('',(2.77,-1.65,3.71));
#3403=CARTESIAN_POINT('',(2.77,4.95,3.71));
#3404=CARTESIAN_POINT('',(0.23,-1.65,3.71));
#3405=CARTESIAN_POINT('',(0.23,-1.65,3.71));
#3406=CARTESIAN_POINT('',(0.23,4.95,3.71));
#3407=CARTESIAN_POINT('Origin',(2.77,4.95,1.17));
#3408=CARTESIAN_POINT('',(2.77,4.95,1.17));
#3409=CARTESIAN_POINT('',(2.77,4.95,0.84));
#3410=CARTESIAN_POINT('',(2.77,-1.65,1.17));
#3411=CARTESIAN_POINT('',(2.77,4.95,1.17));
#3412=CARTESIAN_POINT('',(2.77,-1.65,3.71));
#3413=CARTESIAN_POINT('Origin',(0.23,4.95,1.17));
#3414=CARTESIAN_POINT('',(0.23,4.95,1.17));
#3415=CARTESIAN_POINT('',(1.8275,4.95,1.17));
#3416=CARTESIAN_POINT('',(0.23,-1.65,1.17));
#3417=CARTESIAN_POINT('',(0.23,4.95,1.17));
#3418=CARTESIAN_POINT('',(2.77,-1.65,1.17));
#3419=CARTESIAN_POINT('Origin',(0.23,4.95,3.71));
#3420=CARTESIAN_POINT('',(0.23,4.95,2.11));
#3421=CARTESIAN_POINT('',(0.23,-1.65,1.17));
#3422=CARTESIAN_POINT('Origin',(1.5,-1.65,2.44));
#3423=CARTESIAN_POINT('Origin',(-0.89,4.95,1.17));
#3424=CARTESIAN_POINT('',(-0.89,4.95,1.17));
#3425=CARTESIAN_POINT('',(-0.23,4.95,1.83));
#3426=CARTESIAN_POINT('',(0.0237500000000006,4.95,2.08375));
#3427=CARTESIAN_POINT('',(-0.89,-1.65,1.17));
#3428=CARTESIAN_POINT('',(-0.89,4.95,1.17));
#3429=CARTESIAN_POINT('',(-0.23,-1.65,1.83));
#3430=CARTESIAN_POINT('',(-0.23,-1.65,1.83));
#3431=CARTESIAN_POINT('',(-0.23,4.95,1.83));
#3432=CARTESIAN_POINT('Origin',(-2.77,4.95,1.17));
#3433=CARTESIAN_POINT('',(-2.77,4.95,1.17));
#3434=CARTESIAN_POINT('',(0.3275,4.95,1.17));
#3435=CARTESIAN_POINT('',(-2.77,-1.65,1.17));
#3436=CARTESIAN_POINT('',(-2.77,4.95,1.17));
#3437=CARTESIAN_POINT('',(-2.77,-1.65,1.17));
#3438=CARTESIAN_POINT('Origin',(-2.77,4.95,3.71));
#3439=CARTESIAN_POINT('',(-2.77,4.95,3.71));
#3440=CARTESIAN_POINT('',(-2.77,4.95,2.11));
#3441=CARTESIAN_POINT('',(-2.77,-1.65,3.71));
#3442=CARTESIAN_POINT('',(-2.77,4.95,3.71));
#3443=CARTESIAN_POINT('',(-2.77,-1.65,3.71));
#3444=CARTESIAN_POINT('Origin',(-0.23,4.95,3.71));
#3445=CARTESIAN_POINT('',(-0.23,4.95,3.71));
#3446=CARTESIAN_POINT('',(1.5975,4.95,3.71));
#3447=CARTESIAN_POINT('',(-0.23,-1.65,3.71));
#3448=CARTESIAN_POINT('',(-0.23,4.95,3.71));
#3449=CARTESIAN_POINT('',(-0.23,-1.65,3.71));
#3450=CARTESIAN_POINT('Origin',(-0.23,4.95,1.83));
#3451=CARTESIAN_POINT('',(-0.23,4.95,1.17));
#3452=CARTESIAN_POINT('',(-0.23,-1.65,1.17));
#3453=CARTESIAN_POINT('Origin',(-1.5,-1.65,2.44));
#3454=CARTESIAN_POINT('Origin',(3.425,3.29,3.73));
#3455=CARTESIAN_POINT('',(3.425,3.29,3.73));
#3456=CARTESIAN_POINT('',(3.425,4.95,3.73));
#3457=CARTESIAN_POINT('',(3.425,4.5349999999997,3.73));
#3458=CARTESIAN_POINT('',(3.425,3.29,1.63));
#3459=CARTESIAN_POINT('',(3.425,3.29,3.73));
#3460=CARTESIAN_POINT('',(3.425,4.5349999999997,1.63));
#3461=CARTESIAN_POINT('',(3.425,4.95,0.51));
#3462=CARTESIAN_POINT('Origin',(4.825,3.29,3.73));
#3463=CARTESIAN_POINT('',(1.71249999999989,3.29,3.73));
#3464=CARTESIAN_POINT('',(1.71249999999989,3.29,1.63));
#3465=CARTESIAN_POINT('Origin',(-2.17048601314218E-13,4.1199999999994,3.73));
#3466=CARTESIAN_POINT('',(3.61773899397754,4.72146662142663,3.73));
#3467=CARTESIAN_POINT('Origin',(-2.17048601314218E-13,4.1199999999994,1.63));
#3468=CARTESIAN_POINT('Origin',(-3.425,4.95,3.73));
#3469=CARTESIAN_POINT('',(-3.425,4.95,3.73));
#3470=CARTESIAN_POINT('',(-3.42500000000117,3.28999999999965,3.73));
#3471=CARTESIAN_POINT('',(-3.42500000000088,3.70500000000073,3.73));
#3472=CARTESIAN_POINT('',(-3.425,4.95,1.63));
#3473=CARTESIAN_POINT('',(-3.425,4.95,0.51));
#3474=CARTESIAN_POINT('',(-3.42500000000117,3.28999999999965,1.63));
#3475=CARTESIAN_POINT('',(-3.42500000000088,3.70500000000073,1.63));
#3476=CARTESIAN_POINT('',(-3.42500000000117,3.28999999999965,3.73));
#3477=CARTESIAN_POINT('Origin',(-3.42500000000117,3.28999999999965,3.73));
#3478=CARTESIAN_POINT('',(-2.41250000000007,3.29000000000028,3.73));
#3479=CARTESIAN_POINT('',(-2.41250000000007,3.29000000000028,1.63));
#3480=CARTESIAN_POINT('Origin',(-2.17048601314218E-13,4.1199999999994,3.73));
#3481=CARTESIAN_POINT('',(-2.91773899397797,5.55146662142638,3.73));
#3482=CARTESIAN_POINT('Origin',(-2.17048601314218E-13,4.1199999999994,1.63));
#3483=CARTESIAN_POINT('',(-2.91773899397797,5.55146662142638,1.63));
#3484=CARTESIAN_POINT('Origin',(-3.425,4.95,0.51));
#3485=CARTESIAN_POINT('',(-3.425,4.95,0.51));
#3486=CARTESIAN_POINT('Origin',(-3.425,4.95,0.51));
#3487=CARTESIAN_POINT('',(-3.425,4.95,4.37));
#3488=CARTESIAN_POINT('',(-4.82500000000043,3.28999999999879,4.37));
#3489=CARTESIAN_POINT('',(-3.425,4.95,0.51));
#3490=CARTESIAN_POINT('Origin',(4.825,3.29,0.51));
#3491=CARTESIAN_POINT('',(3.425,4.95,4.37));
#3492=CARTESIAN_POINT('',(3.425,4.95,0.51));
#3493=CARTESIAN_POINT('',(3.425,4.95,4.37));
#3494=CARTESIAN_POINT('Origin',(3.425,4.95,0.51));
#3495=CARTESIAN_POINT('',(-4.825,4.95,4.37));
#3496=CARTESIAN_POINT('Origin',(-2.17048601314218E-13,0.,4.37));
#3497=UNCERTAINTY_MEASURE_WITH_UNIT(LENGTH_MEASURE(0.01),#3501,
'DISTANCE_ACCURACY_VALUE',
'Maximum model space distance between geometric entities at asserted c
onnectivities');
#3498=UNCERTAINTY_MEASURE_WITH_UNIT(LENGTH_MEASURE(0.01),#3501,
'DISTANCE_ACCURACY_VALUE',
'Maximum model space distance between geometric entities at asserted c
onnectivities');
#3499=(
GEOMETRIC_REPRESENTATION_CONTEXT(3)
GLOBAL_UNCERTAINTY_ASSIGNED_CONTEXT((#3497))
GLOBAL_UNIT_ASSIGNED_CONTEXT((#3501,#3503,#3504))
REPRESENTATION_CONTEXT('','3D')
);
#3500=(
GEOMETRIC_REPRESENTATION_CONTEXT(3)
GLOBAL_UNCERTAINTY_ASSIGNED_CONTEXT((#3498))
GLOBAL_UNIT_ASSIGNED_CONTEXT((#3501,#3503,#3504))
REPRESENTATION_CONTEXT('','3D')
);
#3501=(
LENGTH_UNIT()
NAMED_UNIT(*)
SI_UNIT(.MILLI.,.METRE.)
);
#3502=(
LENGTH_UNIT()
NAMED_UNIT(*)
SI_UNIT($,.METRE.)
);
#3503=(
NAMED_UNIT(*)
PLANE_ANGLE_UNIT()
SI_UNIT($,.RADIAN.)
);
#3504=(
NAMED_UNIT(*)
SI_UNIT($,.STERADIAN.)
SOLID_ANGLE_UNIT()
);
#3505=SHAPE_DEFINITION_REPRESENTATION(#3506,#3507);
#3506=PRODUCT_DEFINITION_SHAPE('',$,#3509);
#3507=SHAPE_REPRESENTATION('',(#2243),#3499);
#3508=PRODUCT_DEFINITION_CONTEXT('part definition',#3513,'design');
#3509=PRODUCT_DEFINITION('2026-09-22-23-31-44-461',
'Molex_MicroFit-2Pos',#3510,#3508);
#3510=PRODUCT_DEFINITION_FORMATION('',$,#3515);
#3511=PRODUCT_RELATED_PRODUCT_CATEGORY('Molex_MicroFit-2Pos',
'Molex_MicroFit-2Pos',(#3515));
#3512=APPLICATION_PROTOCOL_DEFINITION('international standard',
'automotive_design',2009,#3513);
#3513=APPLICATION_CONTEXT(
'Core Data for Automotive Mechanical Design Process');
#3514=PRODUCT_CONTEXT('part definition',#3513,'mechanical');
#3515=PRODUCT('2026-09-22-23-31-44-461','Molex_MicroFit-2Pos',$,(#3514));
#3516=PRESENTATION_STYLE_ASSIGNMENT((#3519));
#3517=PRESENTATION_STYLE_ASSIGNMENT((#3520));
#3518=PRESENTATION_STYLE_ASSIGNMENT((#3521));
#3519=SURFACE_STYLE_USAGE(.BOTH.,#3522);
#3520=SURFACE_STYLE_USAGE(.BOTH.,#3523);
#3521=SURFACE_STYLE_USAGE(.BOTH.,#3524);
#3522=SURFACE_SIDE_STYLE('',(#3525));
#3523=SURFACE_SIDE_STYLE('',(#3526));
#3524=SURFACE_SIDE_STYLE('',(#3527));
#3525=SURFACE_STYLE_FILL_AREA(#3528);
#3526=SURFACE_STYLE_FILL_AREA(#3529);
#3527=SURFACE_STYLE_FILL_AREA(#3530);
#3528=FILL_AREA_STYLE('Steel - Satin',(#3531));
#3529=FILL_AREA_STYLE('Electronics Black',(#3532));
#3530=FILL_AREA_STYLE('Aluminum - Satin',(#3533));
#3531=FILL_AREA_STYLE_COLOUR('Steel - Satin',#3534);
#3532=FILL_AREA_STYLE_COLOUR('Electronics Black',#3535);
#3533=FILL_AREA_STYLE_COLOUR('Aluminum - Satin',#3536);
#3534=COLOUR_RGB('Steel - Satin',0.627450980392157,0.627450980392157,0.627450980392157);
#3535=COLOUR_RGB('Electronics Black',0.137254901960784,0.137254901960784,
0.137254901960784);
#3536=COLOUR_RGB('Aluminum - Satin',0.96078431372549,0.96078431372549,0.964705882352941);
ENDSEC;
END-ISO-10303-21;
