ISO-10303-21;
HEADER;
/* Generated by software containing ST-Developer
 * from STEP Tools, Inc. (www.steptools.com) 
 */

FILE_DESCRIPTION(
/* description */ (''),
/* implementation_level */ '2;1');

FILE_NAME(
/* name */ 'Radiocrafts_RC17xxHP-RC232.step',
/* time_stamp */ '2026-09-24T18:33:03+02:00',
/* author */ (''),
/* organization */ (''),
/* preprocessor_version */ 'ST-DEVELOPER v20.2',
/* originating_system */ 'Autodesk Translation Framework v15.15.0.0',
/* authorisation */ '');

FILE_SCHEMA (('AUTOMOTIVE_DESIGN { 1 0 10303 214 3 1 1 }'));
ENDSEC;

DATA;
#10=MECHANICAL_DESIGN_GEOMETRIC_PRESENTATION_REPRESENTATION('',(#44,#45,
#46,#47,#48,#49,#50,#51,#52,#53,#54,#55,#56,#57,#58,#59,#60,#61,#62,#63,
#64),#14154);
#11=SHAPE_REPRESENTATION_RELATIONSHIP('SRR','None',#14161,#12);
#12=ADVANCED_BREP_SHAPE_REPRESENTATION('',(#65,#66),#14153);
#13=CYLINDRICAL_SURFACE('',#9250,0.4);
#14=CYLINDRICAL_SURFACE('',#9256,0.4);
#15=CYLINDRICAL_SURFACE('',#9258,0.4);
#16=CYLINDRICAL_SURFACE('',#9263,0.4);
#17=CYLINDRICAL_SURFACE('',#9269,0.4);
#18=CYLINDRICAL_SURFACE('',#9271,0.4);
#19=CYLINDRICAL_SURFACE('',#9272,0.4);
#20=CYLINDRICAL_SURFACE('',#9273,0.4);
#21=CYLINDRICAL_SURFACE('',#9278,0.4);
#22=CIRCLE('',#9247,0.399999999999998);
#23=CIRCLE('',#9248,0.4);
#24=CIRCLE('',#9249,0.4);
#25=CIRCLE('',#9251,0.4);
#26=CIRCLE('',#9253,0.4);
#27=CIRCLE('',#9254,0.4);
#28=CIRCLE('',#9255,0.4);
#29=CIRCLE('',#9257,0.4);
#30=CIRCLE('',#9260,0.4);
#31=CIRCLE('',#9261,0.4);
#32=CIRCLE('',#9262,0.4);
#33=CIRCLE('',#9264,0.4);
#34=CIRCLE('',#9266,0.399999999999998);
#35=CIRCLE('',#9267,0.4);
#36=CIRCLE('',#9268,0.4);
#37=CIRCLE('',#9270,0.4);
#38=CIRCLE('',#9277,0.4);
#39=CIRCLE('',#9279,0.4);
#40=SPHERICAL_SURFACE('',#9246,0.4);
#41=SPHERICAL_SURFACE('',#9252,0.4);
#42=SPHERICAL_SURFACE('',#9259,0.4);
#43=SPHERICAL_SURFACE('',#9265,0.4);
#44=STYLED_ITEM('',(#14171),#65);
#45=STYLED_ITEM('',(#14172),#8843);
#46=STYLED_ITEM('',(#14172),#8844);
#47=STYLED_ITEM('',(#14172),#8845);
#48=STYLED_ITEM('',(#14172),#8846);
#49=STYLED_ITEM('',(#14172),#8847);
#50=STYLED_ITEM('',(#14172),#8848);
#51=STYLED_ITEM('',(#14172),#8849);
#52=STYLED_ITEM('',(#14172),#8850);
#53=STYLED_ITEM('',(#14172),#8851);
#54=STYLED_ITEM('',(#14172),#8852);
#55=STYLED_ITEM('',(#14172),#8853);
#56=STYLED_ITEM('',(#14172),#8854);
#57=STYLED_ITEM('',(#14172),#8855);
#58=STYLED_ITEM('',(#14172),#8856);
#59=STYLED_ITEM('',(#14172),#8857);
#60=STYLED_ITEM('',(#14172),#8858);
#61=STYLED_ITEM('',(#14172),#8859);
#62=STYLED_ITEM('',(#14172),#8860);
#63=STYLED_ITEM('',(#14172),#8861);
#64=STYLED_ITEM('',(#14172),#66);
#65=MANIFOLD_SOLID_BREP('Body1',#9069);
#66=MANIFOLD_SOLID_BREP('Body2',#9070);
#67=FACE_BOUND('',#634,.T.);
#68=FACE_BOUND('',#635,.T.);
#69=FACE_BOUND('',#636,.T.);
#70=FACE_BOUND('',#637,.T.);
#71=FACE_BOUND('',#638,.T.);
#72=FACE_BOUND('',#639,.T.);
#73=FACE_BOUND('',#640,.T.);
#74=FACE_BOUND('',#641,.T.);
#75=FACE_BOUND('',#642,.T.);
#76=FACE_BOUND('',#643,.T.);
#77=FACE_BOUND('',#644,.T.);
#78=FACE_BOUND('',#645,.T.);
#79=FACE_BOUND('',#646,.T.);
#80=FACE_BOUND('',#647,.T.);
#81=FACE_BOUND('',#648,.T.);
#82=FACE_BOUND('',#649,.T.);
#83=FACE_BOUND('',#650,.T.);
#84=FACE_BOUND('',#651,.T.);
#85=FACE_BOUND('',#652,.T.);
#86=FACE_BOUND('',#653,.T.);
#87=FACE_BOUND('',#654,.T.);
#88=FACE_BOUND('',#655,.T.);
#89=FACE_BOUND('',#656,.T.);
#90=FACE_BOUND('',#657,.T.);
#91=FACE_BOUND('',#658,.T.);
#92=FACE_BOUND('',#659,.T.);
#93=FACE_BOUND('',#660,.T.);
#94=FACE_BOUND('',#661,.T.);
#95=FACE_BOUND('',#662,.T.);
#96=FACE_BOUND('',#663,.T.);
#97=FACE_BOUND('',#664,.T.);
#98=FACE_BOUND('',#665,.T.);
#99=FACE_BOUND('',#666,.T.);
#100=FACE_BOUND('',#667,.T.);
#101=FACE_BOUND('',#668,.T.);
#102=FACE_BOUND('',#669,.T.);
#103=FACE_BOUND('',#670,.T.);
#104=FACE_BOUND('',#671,.T.);
#105=FACE_BOUND('',#672,.T.);
#106=FACE_BOUND('',#673,.T.);
#107=FACE_BOUND('',#674,.T.);
#108=FACE_BOUND('',#675,.T.);
#109=FACE_BOUND('',#709,.T.);
#110=FACE_BOUND('',#710,.T.);
#111=FACE_BOUND('',#711,.T.);
#112=FACE_BOUND('',#712,.T.);
#113=FACE_BOUND('',#713,.T.);
#114=FACE_BOUND('',#714,.T.);
#115=FACE_BOUND('',#715,.T.);
#116=FACE_BOUND('',#716,.T.);
#117=FACE_BOUND('',#733,.T.);
#118=FACE_OUTER_BOUND('',#506,.T.);
#119=FACE_OUTER_BOUND('',#507,.T.);
#120=FACE_OUTER_BOUND('',#508,.T.);
#121=FACE_OUTER_BOUND('',#509,.T.);
#122=FACE_OUTER_BOUND('',#510,.T.);
#123=FACE_OUTER_BOUND('',#511,.T.);
#124=FACE_OUTER_BOUND('',#512,.T.);
#125=FACE_OUTER_BOUND('',#513,.T.);
#126=FACE_OUTER_BOUND('',#514,.T.);
#127=FACE_OUTER_BOUND('',#515,.T.);
#128=FACE_OUTER_BOUND('',#516,.T.);
#129=FACE_OUTER_BOUND('',#517,.T.);
#130=FACE_OUTER_BOUND('',#518,.T.);
#131=FACE_OUTER_BOUND('',#519,.T.);
#132=FACE_OUTER_BOUND('',#520,.T.);
#133=FACE_OUTER_BOUND('',#521,.T.);
#134=FACE_OUTER_BOUND('',#522,.T.);
#135=FACE_OUTER_BOUND('',#523,.T.);
#136=FACE_OUTER_BOUND('',#524,.T.);
#137=FACE_OUTER_BOUND('',#525,.T.);
#138=FACE_OUTER_BOUND('',#526,.T.);
#139=FACE_OUTER_BOUND('',#527,.T.);
#140=FACE_OUTER_BOUND('',#528,.T.);
#141=FACE_OUTER_BOUND('',#529,.T.);
#142=FACE_OUTER_BOUND('',#530,.T.);
#143=FACE_OUTER_BOUND('',#531,.T.);
#144=FACE_OUTER_BOUND('',#532,.T.);
#145=FACE_OUTER_BOUND('',#533,.T.);
#146=FACE_OUTER_BOUND('',#534,.T.);
#147=FACE_OUTER_BOUND('',#535,.T.);
#148=FACE_OUTER_BOUND('',#536,.T.);
#149=FACE_OUTER_BOUND('',#537,.T.);
#150=FACE_OUTER_BOUND('',#538,.T.);
#151=FACE_OUTER_BOUND('',#539,.T.);
#152=FACE_OUTER_BOUND('',#540,.T.);
#153=FACE_OUTER_BOUND('',#541,.T.);
#154=FACE_OUTER_BOUND('',#542,.T.);
#155=FACE_OUTER_BOUND('',#543,.T.);
#156=FACE_OUTER_BOUND('',#544,.T.);
#157=FACE_OUTER_BOUND('',#545,.T.);
#158=FACE_OUTER_BOUND('',#546,.T.);
#159=FACE_OUTER_BOUND('',#547,.T.);
#160=FACE_OUTER_BOUND('',#548,.T.);
#161=FACE_OUTER_BOUND('',#549,.T.);
#162=FACE_OUTER_BOUND('',#550,.T.);
#163=FACE_OUTER_BOUND('',#551,.T.);
#164=FACE_OUTER_BOUND('',#552,.T.);
#165=FACE_OUTER_BOUND('',#553,.T.);
#166=FACE_OUTER_BOUND('',#554,.T.);
#167=FACE_OUTER_BOUND('',#555,.T.);
#168=FACE_OUTER_BOUND('',#556,.T.);
#169=FACE_OUTER_BOUND('',#557,.T.);
#170=FACE_OUTER_BOUND('',#558,.T.);
#171=FACE_OUTER_BOUND('',#559,.T.);
#172=FACE_OUTER_BOUND('',#560,.T.);
#173=FACE_OUTER_BOUND('',#561,.T.);
#174=FACE_OUTER_BOUND('',#562,.T.);
#175=FACE_OUTER_BOUND('',#563,.T.);
#176=FACE_OUTER_BOUND('',#564,.T.);
#177=FACE_OUTER_BOUND('',#565,.T.);
#178=FACE_OUTER_BOUND('',#566,.T.);
#179=FACE_OUTER_BOUND('',#567,.T.);
#180=FACE_OUTER_BOUND('',#568,.T.);
#181=FACE_OUTER_BOUND('',#569,.T.);
#182=FACE_OUTER_BOUND('',#570,.T.);
#183=FACE_OUTER_BOUND('',#571,.T.);
#184=FACE_OUTER_BOUND('',#572,.T.);
#185=FACE_OUTER_BOUND('',#573,.T.);
#186=FACE_OUTER_BOUND('',#574,.T.);
#187=FACE_OUTER_BOUND('',#575,.T.);
#188=FACE_OUTER_BOUND('',#576,.T.);
#189=FACE_OUTER_BOUND('',#577,.T.);
#190=FACE_OUTER_BOUND('',#578,.T.);
#191=FACE_OUTER_BOUND('',#579,.T.);
#192=FACE_OUTER_BOUND('',#580,.T.);
#193=FACE_OUTER_BOUND('',#581,.T.);
#194=FACE_OUTER_BOUND('',#582,.T.);
#195=FACE_OUTER_BOUND('',#583,.T.);
#196=FACE_OUTER_BOUND('',#584,.T.);
#197=FACE_OUTER_BOUND('',#585,.T.);
#198=FACE_OUTER_BOUND('',#586,.T.);
#199=FACE_OUTER_BOUND('',#587,.T.);
#200=FACE_OUTER_BOUND('',#588,.T.);
#201=FACE_OUTER_BOUND('',#589,.T.);
#202=FACE_OUTER_BOUND('',#590,.T.);
#203=FACE_OUTER_BOUND('',#591,.T.);
#204=FACE_OUTER_BOUND('',#592,.T.);
#205=FACE_OUTER_BOUND('',#593,.T.);
#206=FACE_OUTER_BOUND('',#594,.T.);
#207=FACE_OUTER_BOUND('',#595,.T.);
#208=FACE_OUTER_BOUND('',#596,.T.);
#209=FACE_OUTER_BOUND('',#597,.T.);
#210=FACE_OUTER_BOUND('',#598,.T.);
#211=FACE_OUTER_BOUND('',#599,.T.);
#212=FACE_OUTER_BOUND('',#600,.T.);
#213=FACE_OUTER_BOUND('',#601,.T.);
#214=FACE_OUTER_BOUND('',#602,.T.);
#215=FACE_OUTER_BOUND('',#603,.T.);
#216=FACE_OUTER_BOUND('',#604,.T.);
#217=FACE_OUTER_BOUND('',#605,.T.);
#218=FACE_OUTER_BOUND('',#606,.T.);
#219=FACE_OUTER_BOUND('',#607,.T.);
#220=FACE_OUTER_BOUND('',#608,.T.);
#221=FACE_OUTER_BOUND('',#609,.T.);
#222=FACE_OUTER_BOUND('',#610,.T.);
#223=FACE_OUTER_BOUND('',#611,.T.);
#224=FACE_OUTER_BOUND('',#612,.T.);
#225=FACE_OUTER_BOUND('',#613,.T.);
#226=FACE_OUTER_BOUND('',#614,.T.);
#227=FACE_OUTER_BOUND('',#615,.T.);
#228=FACE_OUTER_BOUND('',#616,.T.);
#229=FACE_OUTER_BOUND('',#617,.T.);
#230=FACE_OUTER_BOUND('',#618,.T.);
#231=FACE_OUTER_BOUND('',#619,.T.);
#232=FACE_OUTER_BOUND('',#620,.T.);
#233=FACE_OUTER_BOUND('',#621,.T.);
#234=FACE_OUTER_BOUND('',#622,.T.);
#235=FACE_OUTER_BOUND('',#623,.T.);
#236=FACE_OUTER_BOUND('',#624,.T.);
#237=FACE_OUTER_BOUND('',#625,.T.);
#238=FACE_OUTER_BOUND('',#626,.T.);
#239=FACE_OUTER_BOUND('',#627,.T.);
#240=FACE_OUTER_BOUND('',#628,.T.);
#241=FACE_OUTER_BOUND('',#629,.T.);
#242=FACE_OUTER_BOUND('',#630,.T.);
#243=FACE_OUTER_BOUND('',#631,.T.);
#244=FACE_OUTER_BOUND('',#632,.T.);
#245=FACE_OUTER_BOUND('',#633,.T.);
#246=FACE_OUTER_BOUND('',#676,.T.);
#247=FACE_OUTER_BOUND('',#677,.T.);
#248=FACE_OUTER_BOUND('',#678,.T.);
#249=FACE_OUTER_BOUND('',#679,.T.);
#250=FACE_OUTER_BOUND('',#680,.T.);
#251=FACE_OUTER_BOUND('',#681,.T.);
#252=FACE_OUTER_BOUND('',#682,.T.);
#253=FACE_OUTER_BOUND('',#683,.T.);
#254=FACE_OUTER_BOUND('',#684,.T.);
#255=FACE_OUTER_BOUND('',#685,.T.);
#256=FACE_OUTER_BOUND('',#686,.T.);
#257=FACE_OUTER_BOUND('',#687,.T.);
#258=FACE_OUTER_BOUND('',#688,.T.);
#259=FACE_OUTER_BOUND('',#689,.T.);
#260=FACE_OUTER_BOUND('',#690,.T.);
#261=FACE_OUTER_BOUND('',#691,.T.);
#262=FACE_OUTER_BOUND('',#692,.T.);
#263=FACE_OUTER_BOUND('',#693,.T.);
#264=FACE_OUTER_BOUND('',#694,.T.);
#265=FACE_OUTER_BOUND('',#695,.T.);
#266=FACE_OUTER_BOUND('',#696,.T.);
#267=FACE_OUTER_BOUND('',#697,.T.);
#268=FACE_OUTER_BOUND('',#698,.T.);
#269=FACE_OUTER_BOUND('',#699,.T.);
#270=FACE_OUTER_BOUND('',#700,.T.);
#271=FACE_OUTER_BOUND('',#701,.T.);
#272=FACE_OUTER_BOUND('',#702,.T.);
#273=FACE_OUTER_BOUND('',#703,.T.);
#274=FACE_OUTER_BOUND('',#704,.T.);
#275=FACE_OUTER_BOUND('',#705,.T.);
#276=FACE_OUTER_BOUND('',#706,.T.);
#277=FACE_OUTER_BOUND('',#707,.T.);
#278=FACE_OUTER_BOUND('',#708,.T.);
#279=FACE_OUTER_BOUND('',#717,.T.);
#280=FACE_OUTER_BOUND('',#718,.T.);
#281=FACE_OUTER_BOUND('',#719,.T.);
#282=FACE_OUTER_BOUND('',#720,.T.);
#283=FACE_OUTER_BOUND('',#721,.T.);
#284=FACE_OUTER_BOUND('',#722,.T.);
#285=FACE_OUTER_BOUND('',#723,.T.);
#286=FACE_OUTER_BOUND('',#724,.T.);
#287=FACE_OUTER_BOUND('',#725,.T.);
#288=FACE_OUTER_BOUND('',#726,.T.);
#289=FACE_OUTER_BOUND('',#727,.T.);
#290=FACE_OUTER_BOUND('',#728,.T.);
#291=FACE_OUTER_BOUND('',#729,.T.);
#292=FACE_OUTER_BOUND('',#730,.T.);
#293=FACE_OUTER_BOUND('',#731,.T.);
#294=FACE_OUTER_BOUND('',#732,.T.);
#295=FACE_OUTER_BOUND('',#734,.T.);
#296=FACE_OUTER_BOUND('',#735,.T.);
#297=FACE_OUTER_BOUND('',#736,.T.);
#298=FACE_OUTER_BOUND('',#737,.T.);
#299=FACE_OUTER_BOUND('',#738,.T.);
#300=FACE_OUTER_BOUND('',#739,.T.);
#301=FACE_OUTER_BOUND('',#740,.T.);
#302=FACE_OUTER_BOUND('',#741,.T.);
#303=FACE_OUTER_BOUND('',#742,.T.);
#304=FACE_OUTER_BOUND('',#743,.T.);
#305=FACE_OUTER_BOUND('',#744,.T.);
#306=FACE_OUTER_BOUND('',#745,.T.);
#307=FACE_OUTER_BOUND('',#746,.T.);
#308=FACE_OUTER_BOUND('',#747,.T.);
#309=FACE_OUTER_BOUND('',#748,.T.);
#310=FACE_OUTER_BOUND('',#749,.T.);
#311=FACE_OUTER_BOUND('',#750,.T.);
#312=FACE_OUTER_BOUND('',#751,.T.);
#313=FACE_OUTER_BOUND('',#752,.T.);
#314=FACE_OUTER_BOUND('',#753,.T.);
#315=FACE_OUTER_BOUND('',#754,.T.);
#316=FACE_OUTER_BOUND('',#755,.T.);
#317=FACE_OUTER_BOUND('',#756,.T.);
#318=FACE_OUTER_BOUND('',#757,.T.);
#319=FACE_OUTER_BOUND('',#758,.T.);
#320=FACE_OUTER_BOUND('',#759,.T.);
#321=FACE_OUTER_BOUND('',#760,.T.);
#322=FACE_OUTER_BOUND('',#761,.T.);
#323=FACE_OUTER_BOUND('',#762,.T.);
#324=FACE_OUTER_BOUND('',#763,.T.);
#325=FACE_OUTER_BOUND('',#764,.T.);
#326=FACE_OUTER_BOUND('',#765,.T.);
#327=FACE_OUTER_BOUND('',#766,.T.);
#328=FACE_OUTER_BOUND('',#767,.T.);
#329=FACE_OUTER_BOUND('',#768,.T.);
#330=FACE_OUTER_BOUND('',#769,.T.);
#331=FACE_OUTER_BOUND('',#770,.T.);
#332=FACE_OUTER_BOUND('',#771,.T.);
#333=FACE_OUTER_BOUND('',#772,.T.);
#334=FACE_OUTER_BOUND('',#773,.T.);
#335=FACE_OUTER_BOUND('',#774,.T.);
#336=FACE_OUTER_BOUND('',#775,.T.);
#337=FACE_OUTER_BOUND('',#776,.T.);
#338=FACE_OUTER_BOUND('',#777,.T.);
#339=FACE_OUTER_BOUND('',#778,.T.);
#340=FACE_OUTER_BOUND('',#779,.T.);
#341=FACE_OUTER_BOUND('',#780,.T.);
#342=FACE_OUTER_BOUND('',#781,.T.);
#343=FACE_OUTER_BOUND('',#782,.T.);
#344=FACE_OUTER_BOUND('',#783,.T.);
#345=FACE_OUTER_BOUND('',#784,.T.);
#346=FACE_OUTER_BOUND('',#785,.T.);
#347=FACE_OUTER_BOUND('',#786,.T.);
#348=FACE_OUTER_BOUND('',#787,.T.);
#349=FACE_OUTER_BOUND('',#788,.T.);
#350=FACE_OUTER_BOUND('',#789,.T.);
#351=FACE_OUTER_BOUND('',#790,.T.);
#352=FACE_OUTER_BOUND('',#791,.T.);
#353=FACE_OUTER_BOUND('',#792,.T.);
#354=FACE_OUTER_BOUND('',#793,.T.);
#355=FACE_OUTER_BOUND('',#794,.T.);
#356=FACE_OUTER_BOUND('',#795,.T.);
#357=FACE_OUTER_BOUND('',#796,.T.);
#358=FACE_OUTER_BOUND('',#797,.T.);
#359=FACE_OUTER_BOUND('',#798,.T.);
#360=FACE_OUTER_BOUND('',#799,.T.);
#361=FACE_OUTER_BOUND('',#800,.T.);
#362=FACE_OUTER_BOUND('',#801,.T.);
#363=FACE_OUTER_BOUND('',#802,.T.);
#364=FACE_OUTER_BOUND('',#803,.T.);
#365=FACE_OUTER_BOUND('',#804,.T.);
#366=FACE_OUTER_BOUND('',#805,.T.);
#367=FACE_OUTER_BOUND('',#806,.T.);
#368=FACE_OUTER_BOUND('',#807,.T.);
#369=FACE_OUTER_BOUND('',#808,.T.);
#370=FACE_OUTER_BOUND('',#809,.T.);
#371=FACE_OUTER_BOUND('',#810,.T.);
#372=FACE_OUTER_BOUND('',#811,.T.);
#373=FACE_OUTER_BOUND('',#812,.T.);
#374=FACE_OUTER_BOUND('',#813,.T.);
#375=FACE_OUTER_BOUND('',#814,.T.);
#376=FACE_OUTER_BOUND('',#815,.T.);
#377=FACE_OUTER_BOUND('',#816,.T.);
#378=FACE_OUTER_BOUND('',#817,.T.);
#379=FACE_OUTER_BOUND('',#818,.T.);
#380=FACE_OUTER_BOUND('',#819,.T.);
#381=FACE_OUTER_BOUND('',#820,.T.);
#382=FACE_OUTER_BOUND('',#821,.T.);
#383=FACE_OUTER_BOUND('',#822,.T.);
#384=FACE_OUTER_BOUND('',#823,.T.);
#385=FACE_OUTER_BOUND('',#824,.T.);
#386=FACE_OUTER_BOUND('',#825,.T.);
#387=FACE_OUTER_BOUND('',#826,.T.);
#388=FACE_OUTER_BOUND('',#827,.T.);
#389=FACE_OUTER_BOUND('',#828,.T.);
#390=FACE_OUTER_BOUND('',#829,.T.);
#391=FACE_OUTER_BOUND('',#830,.T.);
#392=FACE_OUTER_BOUND('',#831,.T.);
#393=FACE_OUTER_BOUND('',#832,.T.);
#394=FACE_OUTER_BOUND('',#833,.T.);
#395=FACE_OUTER_BOUND('',#834,.T.);
#396=FACE_OUTER_BOUND('',#835,.T.);
#397=FACE_OUTER_BOUND('',#836,.T.);
#398=FACE_OUTER_BOUND('',#837,.T.);
#399=FACE_OUTER_BOUND('',#838,.T.);
#400=FACE_OUTER_BOUND('',#839,.T.);
#401=FACE_OUTER_BOUND('',#840,.T.);
#402=FACE_OUTER_BOUND('',#841,.T.);
#403=FACE_OUTER_BOUND('',#842,.T.);
#404=FACE_OUTER_BOUND('',#843,.T.);
#405=FACE_OUTER_BOUND('',#844,.T.);
#406=FACE_OUTER_BOUND('',#845,.T.);
#407=FACE_OUTER_BOUND('',#846,.T.);
#408=FACE_OUTER_BOUND('',#847,.T.);
#409=FACE_OUTER_BOUND('',#848,.T.);
#410=FACE_OUTER_BOUND('',#849,.T.);
#411=FACE_OUTER_BOUND('',#850,.T.);
#412=FACE_OUTER_BOUND('',#851,.T.);
#413=FACE_OUTER_BOUND('',#852,.T.);
#414=FACE_OUTER_BOUND('',#853,.T.);
#415=FACE_OUTER_BOUND('',#854,.T.);
#416=FACE_OUTER_BOUND('',#855,.T.);
#417=FACE_OUTER_BOUND('',#856,.T.);
#418=FACE_OUTER_BOUND('',#857,.T.);
#419=FACE_OUTER_BOUND('',#858,.T.);
#420=FACE_OUTER_BOUND('',#859,.T.);
#421=FACE_OUTER_BOUND('',#860,.T.);
#422=FACE_OUTER_BOUND('',#861,.T.);
#423=FACE_OUTER_BOUND('',#862,.T.);
#424=FACE_OUTER_BOUND('',#863,.T.);
#425=FACE_OUTER_BOUND('',#864,.T.);
#426=FACE_OUTER_BOUND('',#865,.T.);
#427=FACE_OUTER_BOUND('',#866,.T.);
#428=FACE_OUTER_BOUND('',#867,.T.);
#429=FACE_OUTER_BOUND('',#868,.T.);
#430=FACE_OUTER_BOUND('',#869,.T.);
#431=FACE_OUTER_BOUND('',#870,.T.);
#432=FACE_OUTER_BOUND('',#871,.T.);
#433=FACE_OUTER_BOUND('',#872,.T.);
#434=FACE_OUTER_BOUND('',#873,.T.);
#435=FACE_OUTER_BOUND('',#874,.T.);
#436=FACE_OUTER_BOUND('',#875,.T.);
#437=FACE_OUTER_BOUND('',#876,.T.);
#438=FACE_OUTER_BOUND('',#877,.T.);
#439=FACE_OUTER_BOUND('',#878,.T.);
#440=FACE_OUTER_BOUND('',#879,.T.);
#441=FACE_OUTER_BOUND('',#880,.T.);
#442=FACE_OUTER_BOUND('',#881,.T.);
#443=FACE_OUTER_BOUND('',#882,.T.);
#444=FACE_OUTER_BOUND('',#883,.T.);
#445=FACE_OUTER_BOUND('',#884,.T.);
#446=FACE_OUTER_BOUND('',#885,.T.);
#447=FACE_OUTER_BOUND('',#886,.T.);
#448=FACE_OUTER_BOUND('',#887,.T.);
#449=FACE_OUTER_BOUND('',#888,.T.);
#450=FACE_OUTER_BOUND('',#889,.T.);
#451=FACE_OUTER_BOUND('',#890,.T.);
#452=FACE_OUTER_BOUND('',#891,.T.);
#453=FACE_OUTER_BOUND('',#892,.T.);
#454=FACE_OUTER_BOUND('',#893,.T.);
#455=FACE_OUTER_BOUND('',#894,.T.);
#456=FACE_OUTER_BOUND('',#895,.T.);
#457=FACE_OUTER_BOUND('',#896,.T.);
#458=FACE_OUTER_BOUND('',#897,.T.);
#459=FACE_OUTER_BOUND('',#898,.T.);
#460=FACE_OUTER_BOUND('',#899,.T.);
#461=FACE_OUTER_BOUND('',#900,.T.);
#462=FACE_OUTER_BOUND('',#901,.T.);
#463=FACE_OUTER_BOUND('',#902,.T.);
#464=FACE_OUTER_BOUND('',#903,.T.);
#465=FACE_OUTER_BOUND('',#904,.T.);
#466=FACE_OUTER_BOUND('',#905,.T.);
#467=FACE_OUTER_BOUND('',#906,.T.);
#468=FACE_OUTER_BOUND('',#907,.T.);
#469=FACE_OUTER_BOUND('',#908,.T.);
#470=FACE_OUTER_BOUND('',#909,.T.);
#471=FACE_OUTER_BOUND('',#910,.T.);
#472=FACE_OUTER_BOUND('',#911,.T.);
#473=FACE_OUTER_BOUND('',#912,.T.);
#474=FACE_OUTER_BOUND('',#913,.T.);
#475=FACE_OUTER_BOUND('',#914,.T.);
#476=FACE_OUTER_BOUND('',#915,.T.);
#477=FACE_OUTER_BOUND('',#916,.T.);
#478=FACE_OUTER_BOUND('',#917,.T.);
#479=FACE_OUTER_BOUND('',#918,.T.);
#480=FACE_OUTER_BOUND('',#919,.T.);
#481=FACE_OUTER_BOUND('',#920,.T.);
#482=FACE_OUTER_BOUND('',#921,.T.);
#483=FACE_OUTER_BOUND('',#922,.T.);
#484=FACE_OUTER_BOUND('',#923,.T.);
#485=FACE_OUTER_BOUND('',#924,.T.);
#486=FACE_OUTER_BOUND('',#925,.T.);
#487=FACE_OUTER_BOUND('',#926,.T.);
#488=FACE_OUTER_BOUND('',#927,.T.);
#489=FACE_OUTER_BOUND('',#928,.T.);
#490=FACE_OUTER_BOUND('',#929,.T.);
#491=FACE_OUTER_BOUND('',#930,.T.);
#492=FACE_OUTER_BOUND('',#931,.T.);
#493=FACE_OUTER_BOUND('',#932,.T.);
#494=FACE_OUTER_BOUND('',#933,.T.);
#495=FACE_OUTER_BOUND('',#934,.T.);
#496=FACE_OUTER_BOUND('',#935,.T.);
#497=FACE_OUTER_BOUND('',#936,.T.);
#498=FACE_OUTER_BOUND('',#937,.T.);
#499=FACE_OUTER_BOUND('',#938,.T.);
#500=FACE_OUTER_BOUND('',#939,.T.);
#501=FACE_OUTER_BOUND('',#940,.T.);
#502=FACE_OUTER_BOUND('',#941,.T.);
#503=FACE_OUTER_BOUND('',#942,.T.);
#504=FACE_OUTER_BOUND('',#943,.T.);
#505=FACE_OUTER_BOUND('',#944,.T.);
#506=EDGE_LOOP('',(#5692,#5693,#5694,#5695));
#507=EDGE_LOOP('',(#5696,#5697,#5698,#5699));
#508=EDGE_LOOP('',(#5700,#5701,#5702,#5703));
#509=EDGE_LOOP('',(#5704,#5705,#5706,#5707));
#510=EDGE_LOOP('',(#5708,#5709,#5710,#5711));
#511=EDGE_LOOP('',(#5712,#5713,#5714,#5715));
#512=EDGE_LOOP('',(#5716,#5717,#5718,#5719));
#513=EDGE_LOOP('',(#5720,#5721,#5722,#5723));
#514=EDGE_LOOP('',(#5724,#5725,#5726,#5727));
#515=EDGE_LOOP('',(#5728,#5729,#5730,#5731));
#516=EDGE_LOOP('',(#5732,#5733,#5734,#5735));
#517=EDGE_LOOP('',(#5736,#5737,#5738,#5739));
#518=EDGE_LOOP('',(#5740,#5741,#5742,#5743));
#519=EDGE_LOOP('',(#5744,#5745,#5746,#5747));
#520=EDGE_LOOP('',(#5748,#5749,#5750,#5751));
#521=EDGE_LOOP('',(#5752,#5753,#5754,#5755));
#522=EDGE_LOOP('',(#5756,#5757,#5758,#5759));
#523=EDGE_LOOP('',(#5760,#5761,#5762,#5763));
#524=EDGE_LOOP('',(#5764,#5765,#5766,#5767));
#525=EDGE_LOOP('',(#5768,#5769,#5770,#5771));
#526=EDGE_LOOP('',(#5772,#5773,#5774,#5775));
#527=EDGE_LOOP('',(#5776,#5777,#5778,#5779));
#528=EDGE_LOOP('',(#5780,#5781,#5782,#5783));
#529=EDGE_LOOP('',(#5784,#5785,#5786,#5787));
#530=EDGE_LOOP('',(#5788,#5789,#5790,#5791));
#531=EDGE_LOOP('',(#5792,#5793,#5794,#5795));
#532=EDGE_LOOP('',(#5796,#5797,#5798,#5799));
#533=EDGE_LOOP('',(#5800,#5801,#5802,#5803));
#534=EDGE_LOOP('',(#5804,#5805,#5806,#5807));
#535=EDGE_LOOP('',(#5808,#5809,#5810,#5811));
#536=EDGE_LOOP('',(#5812,#5813,#5814,#5815));
#537=EDGE_LOOP('',(#5816,#5817,#5818,#5819));
#538=EDGE_LOOP('',(#5820,#5821,#5822,#5823));
#539=EDGE_LOOP('',(#5824,#5825,#5826,#5827));
#540=EDGE_LOOP('',(#5828,#5829,#5830,#5831));
#541=EDGE_LOOP('',(#5832,#5833,#5834,#5835));
#542=EDGE_LOOP('',(#5836,#5837,#5838,#5839));
#543=EDGE_LOOP('',(#5840,#5841,#5842,#5843));
#544=EDGE_LOOP('',(#5844,#5845,#5846,#5847));
#545=EDGE_LOOP('',(#5848,#5849,#5850,#5851));
#546=EDGE_LOOP('',(#5852,#5853,#5854,#5855));
#547=EDGE_LOOP('',(#5856,#5857,#5858,#5859));
#548=EDGE_LOOP('',(#5860,#5861,#5862,#5863));
#549=EDGE_LOOP('',(#5864,#5865,#5866,#5867));
#550=EDGE_LOOP('',(#5868,#5869,#5870,#5871));
#551=EDGE_LOOP('',(#5872,#5873,#5874,#5875));
#552=EDGE_LOOP('',(#5876,#5877,#5878,#5879));
#553=EDGE_LOOP('',(#5880,#5881,#5882,#5883));
#554=EDGE_LOOP('',(#5884,#5885,#5886,#5887));
#555=EDGE_LOOP('',(#5888,#5889,#5890,#5891));
#556=EDGE_LOOP('',(#5892,#5893,#5894,#5895));
#557=EDGE_LOOP('',(#5896,#5897,#5898,#5899));
#558=EDGE_LOOP('',(#5900,#5901,#5902,#5903));
#559=EDGE_LOOP('',(#5904,#5905,#5906,#5907));
#560=EDGE_LOOP('',(#5908,#5909,#5910,#5911));
#561=EDGE_LOOP('',(#5912,#5913,#5914,#5915));
#562=EDGE_LOOP('',(#5916,#5917,#5918,#5919));
#563=EDGE_LOOP('',(#5920,#5921,#5922,#5923));
#564=EDGE_LOOP('',(#5924,#5925,#5926,#5927));
#565=EDGE_LOOP('',(#5928,#5929,#5930,#5931));
#566=EDGE_LOOP('',(#5932,#5933,#5934,#5935));
#567=EDGE_LOOP('',(#5936,#5937,#5938,#5939));
#568=EDGE_LOOP('',(#5940,#5941,#5942,#5943));
#569=EDGE_LOOP('',(#5944,#5945,#5946,#5947));
#570=EDGE_LOOP('',(#5948,#5949,#5950,#5951));
#571=EDGE_LOOP('',(#5952,#5953,#5954,#5955));
#572=EDGE_LOOP('',(#5956,#5957,#5958,#5959));
#573=EDGE_LOOP('',(#5960,#5961,#5962,#5963));
#574=EDGE_LOOP('',(#5964,#5965,#5966,#5967));
#575=EDGE_LOOP('',(#5968,#5969,#5970,#5971));
#576=EDGE_LOOP('',(#5972,#5973,#5974,#5975));
#577=EDGE_LOOP('',(#5976,#5977,#5978,#5979));
#578=EDGE_LOOP('',(#5980,#5981,#5982,#5983));
#579=EDGE_LOOP('',(#5984,#5985,#5986,#5987));
#580=EDGE_LOOP('',(#5988,#5989,#5990,#5991));
#581=EDGE_LOOP('',(#5992,#5993,#5994,#5995));
#582=EDGE_LOOP('',(#5996,#5997,#5998,#5999));
#583=EDGE_LOOP('',(#6000,#6001,#6002,#6003));
#584=EDGE_LOOP('',(#6004,#6005,#6006,#6007));
#585=EDGE_LOOP('',(#6008,#6009,#6010,#6011));
#586=EDGE_LOOP('',(#6012,#6013,#6014,#6015));
#587=EDGE_LOOP('',(#6016,#6017,#6018,#6019));
#588=EDGE_LOOP('',(#6020,#6021,#6022,#6023));
#589=EDGE_LOOP('',(#6024,#6025,#6026,#6027));
#590=EDGE_LOOP('',(#6028,#6029,#6030,#6031));
#591=EDGE_LOOP('',(#6032,#6033,#6034,#6035));
#592=EDGE_LOOP('',(#6036,#6037,#6038,#6039));
#593=EDGE_LOOP('',(#6040,#6041,#6042,#6043));
#594=EDGE_LOOP('',(#6044,#6045,#6046,#6047));
#595=EDGE_LOOP('',(#6048,#6049,#6050,#6051));
#596=EDGE_LOOP('',(#6052,#6053,#6054,#6055));
#597=EDGE_LOOP('',(#6056,#6057,#6058,#6059));
#598=EDGE_LOOP('',(#6060,#6061,#6062,#6063));
#599=EDGE_LOOP('',(#6064,#6065,#6066,#6067));
#600=EDGE_LOOP('',(#6068,#6069,#6070,#6071));
#601=EDGE_LOOP('',(#6072,#6073,#6074,#6075));
#602=EDGE_LOOP('',(#6076,#6077,#6078,#6079));
#603=EDGE_LOOP('',(#6080,#6081,#6082,#6083));
#604=EDGE_LOOP('',(#6084,#6085,#6086,#6087));
#605=EDGE_LOOP('',(#6088,#6089,#6090,#6091));
#606=EDGE_LOOP('',(#6092,#6093,#6094,#6095));
#607=EDGE_LOOP('',(#6096,#6097,#6098,#6099));
#608=EDGE_LOOP('',(#6100,#6101,#6102,#6103));
#609=EDGE_LOOP('',(#6104,#6105,#6106,#6107));
#610=EDGE_LOOP('',(#6108,#6109,#6110,#6111));
#611=EDGE_LOOP('',(#6112,#6113,#6114,#6115));
#612=EDGE_LOOP('',(#6116,#6117,#6118,#6119));
#613=EDGE_LOOP('',(#6120,#6121,#6122,#6123));
#614=EDGE_LOOP('',(#6124,#6125,#6126,#6127));
#615=EDGE_LOOP('',(#6128,#6129,#6130,#6131));
#616=EDGE_LOOP('',(#6132,#6133,#6134,#6135));
#617=EDGE_LOOP('',(#6136,#6137,#6138,#6139));
#618=EDGE_LOOP('',(#6140,#6141,#6142,#6143));
#619=EDGE_LOOP('',(#6144,#6145,#6146,#6147));
#620=EDGE_LOOP('',(#6148,#6149,#6150,#6151));
#621=EDGE_LOOP('',(#6152,#6153,#6154,#6155));
#622=EDGE_LOOP('',(#6156,#6157,#6158,#6159));
#623=EDGE_LOOP('',(#6160,#6161,#6162,#6163));
#624=EDGE_LOOP('',(#6164,#6165,#6166,#6167));
#625=EDGE_LOOP('',(#6168,#6169,#6170,#6171));
#626=EDGE_LOOP('',(#6172,#6173,#6174,#6175));
#627=EDGE_LOOP('',(#6176,#6177,#6178,#6179));
#628=EDGE_LOOP('',(#6180,#6181,#6182,#6183));
#629=EDGE_LOOP('',(#6184,#6185,#6186,#6187));
#630=EDGE_LOOP('',(#6188,#6189,#6190,#6191));
#631=EDGE_LOOP('',(#6192,#6193,#6194,#6195));
#632=EDGE_LOOP('',(#6196,#6197,#6198,#6199,#6200,#6201,#6202,#6203,#6204,
#6205,#6206,#6207,#6208,#6209,#6210,#6211,#6212,#6213,#6214,#6215,#6216,
#6217,#6218,#6219,#6220,#6221,#6222,#6223,#6224,#6225,#6226,#6227,#6228,
#6229,#6230,#6231,#6232,#6233,#6234,#6235,#6236,#6237,#6238,#6239,#6240,
#6241,#6242,#6243,#6244,#6245,#6246,#6247,#6248,#6249,#6250,#6251,#6252,
#6253,#6254,#6255,#6256,#6257,#6258,#6259,#6260,#6261,#6262,#6263,#6264,
#6265,#6266,#6267,#6268,#6269,#6270,#6271,#6272,#6273,#6274,#6275,#6276,
#6277,#6278,#6279,#6280,#6281,#6282,#6283,#6284,#6285,#6286,#6287,#6288,
#6289,#6290,#6291,#6292,#6293,#6294,#6295,#6296,#6297,#6298,#6299,#6300,
#6301,#6302,#6303,#6304,#6305,#6306,#6307,#6308,#6309,#6310,#6311,#6312,
#6313,#6314,#6315,#6316,#6317,#6318,#6319,#6320,#6321,#6322,#6323,#6324,
#6325,#6326,#6327,#6328,#6329,#6330,#6331,#6332,#6333,#6334,#6335,#6336,
#6337,#6338,#6339,#6340,#6341,#6342,#6343,#6344,#6345,#6346,#6347,#6348,
#6349,#6350,#6351,#6352,#6353,#6354,#6355,#6356,#6357,#6358,#6359,#6360,
#6361,#6362,#6363,#6364,#6365,#6366,#6367));
#633=EDGE_LOOP('',(#6368,#6369,#6370,#6371));
#634=EDGE_LOOP('',(#6372,#6373,#6374,#6375));
#635=EDGE_LOOP('',(#6376,#6377,#6378,#6379));
#636=EDGE_LOOP('',(#6380,#6381,#6382,#6383));
#637=EDGE_LOOP('',(#6384,#6385,#6386,#6387));
#638=EDGE_LOOP('',(#6388,#6389,#6390,#6391));
#639=EDGE_LOOP('',(#6392,#6393,#6394,#6395));
#640=EDGE_LOOP('',(#6396,#6397,#6398,#6399));
#641=EDGE_LOOP('',(#6400,#6401,#6402,#6403));
#642=EDGE_LOOP('',(#6404,#6405,#6406,#6407));
#643=EDGE_LOOP('',(#6408,#6409,#6410,#6411));
#644=EDGE_LOOP('',(#6412,#6413,#6414,#6415));
#645=EDGE_LOOP('',(#6416,#6417,#6418,#6419));
#646=EDGE_LOOP('',(#6420,#6421,#6422,#6423));
#647=EDGE_LOOP('',(#6424,#6425,#6426,#6427));
#648=EDGE_LOOP('',(#6428,#6429,#6430,#6431));
#649=EDGE_LOOP('',(#6432,#6433,#6434,#6435));
#650=EDGE_LOOP('',(#6436,#6437,#6438,#6439));
#651=EDGE_LOOP('',(#6440,#6441,#6442,#6443));
#652=EDGE_LOOP('',(#6444,#6445,#6446,#6447));
#653=EDGE_LOOP('',(#6448,#6449,#6450,#6451));
#654=EDGE_LOOP('',(#6452,#6453,#6454,#6455));
#655=EDGE_LOOP('',(#6456,#6457,#6458,#6459));
#656=EDGE_LOOP('',(#6460,#6461,#6462,#6463));
#657=EDGE_LOOP('',(#6464,#6465,#6466,#6467));
#658=EDGE_LOOP('',(#6468,#6469,#6470,#6471));
#659=EDGE_LOOP('',(#6472,#6473,#6474,#6475));
#660=EDGE_LOOP('',(#6476,#6477,#6478,#6479));
#661=EDGE_LOOP('',(#6480,#6481,#6482,#6483));
#662=EDGE_LOOP('',(#6484,#6485,#6486,#6487));
#663=EDGE_LOOP('',(#6488,#6489,#6490,#6491));
#664=EDGE_LOOP('',(#6492,#6493,#6494,#6495));
#665=EDGE_LOOP('',(#6496,#6497,#6498,#6499));
#666=EDGE_LOOP('',(#6500,#6501,#6502,#6503));
#667=EDGE_LOOP('',(#6504,#6505,#6506,#6507));
#668=EDGE_LOOP('',(#6508,#6509,#6510,#6511));
#669=EDGE_LOOP('',(#6512,#6513,#6514,#6515));
#670=EDGE_LOOP('',(#6516,#6517,#6518,#6519));
#671=EDGE_LOOP('',(#6520,#6521,#6522,#6523));
#672=EDGE_LOOP('',(#6524,#6525,#6526,#6527));
#673=EDGE_LOOP('',(#6528,#6529,#6530,#6531));
#674=EDGE_LOOP('',(#6532,#6533,#6534,#6535));
#675=EDGE_LOOP('',(#6536,#6537,#6538,#6539));
#676=EDGE_LOOP('',(#6540,#6541,#6542,#6543));
#677=EDGE_LOOP('',(#6544,#6545,#6546,#6547));
#678=EDGE_LOOP('',(#6548,#6549,#6550,#6551,#6552,#6553,#6554,#6555,#6556,
#6557,#6558,#6559,#6560,#6561,#6562,#6563,#6564,#6565,#6566,#6567,#6568,
#6569,#6570,#6571,#6572,#6573,#6574,#6575,#6576,#6577,#6578,#6579,#6580,
#6581,#6582,#6583,#6584,#6585,#6586,#6587,#6588,#6589,#6590,#6591,#6592,
#6593,#6594,#6595,#6596,#6597,#6598,#6599,#6600,#6601,#6602,#6603,#6604,
#6605,#6606,#6607,#6608,#6609,#6610,#6611,#6612,#6613,#6614,#6615));
#679=EDGE_LOOP('',(#6616,#6617,#6618,#6619));
#680=EDGE_LOOP('',(#6620,#6621,#6622,#6623));
#681=EDGE_LOOP('',(#6624,#6625,#6626,#6627));
#682=EDGE_LOOP('',(#6628,#6629,#6630,#6631));
#683=EDGE_LOOP('',(#6632,#6633,#6634,#6635));
#684=EDGE_LOOP('',(#6636,#6637,#6638,#6639));
#685=EDGE_LOOP('',(#6640,#6641,#6642,#6643,#6644,#6645,#6646,#6647,#6648,
#6649,#6650,#6651,#6652,#6653,#6654,#6655,#6656,#6657,#6658,#6659,#6660,
#6661,#6662,#6663,#6664,#6665,#6666,#6667,#6668,#6669,#6670,#6671,#6672,
#6673,#6674,#6675,#6676,#6677,#6678,#6679,#6680,#6681,#6682,#6683,#6684,
#6685,#6686,#6687,#6688,#6689,#6690,#6691,#6692,#6693,#6694,#6695,#6696,
#6697,#6698,#6699,#6700,#6701,#6702,#6703,#6704,#6705,#6706,#6707));
#686=EDGE_LOOP('',(#6708,#6709,#6710,#6711));
#687=EDGE_LOOP('',(#6712,#6713,#6714,#6715));
#688=EDGE_LOOP('',(#6716,#6717,#6718,#6719));
#689=EDGE_LOOP('',(#6720,#6721,#6722,#6723));
#690=EDGE_LOOP('',(#6724,#6725,#6726,#6727,#6728,#6729,#6730,#6731,#6732,
#6733,#6734,#6735,#6736,#6737,#6738,#6739,#6740,#6741,#6742,#6743,#6744,
#6745,#6746,#6747,#6748,#6749,#6750,#6751,#6752,#6753,#6754,#6755,#6756,
#6757,#6758,#6759,#6760,#6761,#6762,#6763));
#691=EDGE_LOOP('',(#6764,#6765,#6766,#6767,#6768,#6769,#6770,#6771,#6772,
#6773,#6774,#6775,#6776,#6777,#6778,#6779,#6780,#6781,#6782,#6783,#6784,
#6785,#6786,#6787,#6788,#6789,#6790,#6791,#6792,#6793,#6794,#6795,#6796,
#6797,#6798,#6799,#6800,#6801,#6802,#6803));
#692=EDGE_LOOP('',(#6804,#6805,#6806,#6807));
#693=EDGE_LOOP('',(#6808,#6809,#6810,#6811));
#694=EDGE_LOOP('',(#6812,#6813,#6814,#6815));
#695=EDGE_LOOP('',(#6816,#6817,#6818,#6819));
#696=EDGE_LOOP('',(#6820,#6821,#6822,#6823));
#697=EDGE_LOOP('',(#6824,#6825,#6826,#6827));
#698=EDGE_LOOP('',(#6828,#6829,#6830,#6831));
#699=EDGE_LOOP('',(#6832,#6833,#6834,#6835));
#700=EDGE_LOOP('',(#6836,#6837,#6838,#6839));
#701=EDGE_LOOP('',(#6840,#6841,#6842,#6843));
#702=EDGE_LOOP('',(#6844,#6845,#6846,#6847));
#703=EDGE_LOOP('',(#6848,#6849,#6850,#6851));
#704=EDGE_LOOP('',(#6852,#6853,#6854,#6855));
#705=EDGE_LOOP('',(#6856,#6857,#6858,#6859));
#706=EDGE_LOOP('',(#6860,#6861,#6862,#6863));
#707=EDGE_LOOP('',(#6864,#6865,#6866,#6867));
#708=EDGE_LOOP('',(#6868,#6869,#6870,#6871));
#709=EDGE_LOOP('',(#6872,#6873,#6874,#6875));
#710=EDGE_LOOP('',(#6876,#6877,#6878,#6879));
#711=EDGE_LOOP('',(#6880,#6881,#6882,#6883));
#712=EDGE_LOOP('',(#6884,#6885,#6886,#6887));
#713=EDGE_LOOP('',(#6888,#6889,#6890,#6891));
#714=EDGE_LOOP('',(#6892,#6893,#6894,#6895));
#715=EDGE_LOOP('',(#6896,#6897,#6898,#6899));
#716=EDGE_LOOP('',(#6900,#6901,#6902,#6903));
#717=EDGE_LOOP('',(#6904,#6905,#6906,#6907,#6908,#6909,#6910,#6911,#6912,
#6913,#6914,#6915,#6916,#6917,#6918,#6919,#6920,#6921,#6922,#6923,#6924,
#6925,#6926,#6927,#6928,#6929,#6930,#6931,#6932,#6933,#6934,#6935,#6936,
#6937,#6938,#6939));
#718=EDGE_LOOP('',(#6940,#6941,#6942));
#719=EDGE_LOOP('',(#6943,#6944,#6945,#6946));
#720=EDGE_LOOP('',(#6947,#6948,#6949));
#721=EDGE_LOOP('',(#6950,#6951,#6952,#6953));
#722=EDGE_LOOP('',(#6954,#6955,#6956,#6957));
#723=EDGE_LOOP('',(#6958,#6959,#6960));
#724=EDGE_LOOP('',(#6961,#6962,#6963,#6964));
#725=EDGE_LOOP('',(#6965,#6966,#6967));
#726=EDGE_LOOP('',(#6968,#6969,#6970,#6971));
#727=EDGE_LOOP('',(#6972,#6973,#6974,#6975));
#728=EDGE_LOOP('',(#6976,#6977,#6978,#6979));
#729=EDGE_LOOP('',(#6980,#6981,#6982,#6983));
#730=EDGE_LOOP('',(#6984,#6985,#6986,#6987,#6988,#6989,#6990,#6991));
#731=EDGE_LOOP('',(#6992,#6993,#6994,#6995,#6996,#6997,#6998,#6999));
#732=EDGE_LOOP('',(#7000,#7001,#7002,#7003));
#733=EDGE_LOOP('',(#7004));
#734=EDGE_LOOP('',(#7005,#7006,#7007,#7008));
#735=EDGE_LOOP('',(#7009));
#736=EDGE_LOOP('',(#7010,#7011,#7012,#7013,#7014,#7015,#7016,#7017));
#737=EDGE_LOOP('',(#7018,#7019,#7020,#7021,#7022,#7023,#7024,#7025));
#738=EDGE_LOOP('',(#7026,#7027,#7028,#7029,#7030,#7031,#7032,#7033,#7034,
#7035,#7036,#7037,#7038,#7039,#7040,#7041,#7042,#7043,#7044,#7045,#7046,
#7047,#7048,#7049,#7050,#7051,#7052,#7053,#7054,#7055,#7056,#7057,#7058,
#7059,#7060,#7061,#7062,#7063,#7064,#7065));
#739=EDGE_LOOP('',(#7066,#7067,#7068,#7069));
#740=EDGE_LOOP('',(#7070,#7071,#7072,#7073));
#741=EDGE_LOOP('',(#7074,#7075,#7076,#7077));
#742=EDGE_LOOP('',(#7078,#7079,#7080,#7081));
#743=EDGE_LOOP('',(#7082,#7083,#7084,#7085,#7086,#7087,#7088,#7089,#7090,
#7091,#7092,#7093,#7094,#7095,#7096,#7097,#7098,#7099,#7100,#7101,#7102,
#7103,#7104,#7105,#7106,#7107,#7108,#7109,#7110,#7111,#7112,#7113,#7114,
#7115,#7116,#7117,#7118,#7119,#7120,#7121,#7122,#7123,#7124,#7125,#7126,
#7127,#7128,#7129,#7130,#7131,#7132,#7133,#7134,#7135,#7136,#7137,#7138,
#7139,#7140,#7141,#7142,#7143,#7144,#7145,#7146,#7147,#7148,#7149,#7150,
#7151,#7152,#7153,#7154,#7155,#7156,#7157,#7158,#7159,#7160,#7161,#7162,
#7163,#7164,#7165,#7166,#7167,#7168,#7169,#7170,#7171,#7172,#7173,#7174,
#7175,#7176,#7177,#7178,#7179,#7180,#7181,#7182,#7183,#7184,#7185,#7186,
#7187,#7188,#7189,#7190,#7191,#7192,#7193,#7194,#7195,#7196,#7197,#7198,
#7199,#7200,#7201,#7202,#7203,#7204,#7205,#7206,#7207,#7208,#7209,#7210,
#7211,#7212,#7213,#7214,#7215,#7216,#7217,#7218,#7219,#7220,#7221,#7222,
#7223,#7224,#7225,#7226,#7227,#7228,#7229,#7230,#7231,#7232,#7233,#7234,
#7235,#7236,#7237,#7238,#7239,#7240,#7241,#7242,#7243,#7244,#7245,#7246,
#7247,#7248,#7249,#7250,#7251,#7252,#7253));
#744=EDGE_LOOP('',(#7254,#7255,#7256,#7257));
#745=EDGE_LOOP('',(#7258,#7259,#7260,#7261));
#746=EDGE_LOOP('',(#7262,#7263,#7264,#7265));
#747=EDGE_LOOP('',(#7266,#7267,#7268,#7269));
#748=EDGE_LOOP('',(#7270,#7271,#7272,#7273));
#749=EDGE_LOOP('',(#7274,#7275,#7276,#7277));
#750=EDGE_LOOP('',(#7278,#7279,#7280,#7281));
#751=EDGE_LOOP('',(#7282,#7283,#7284,#7285));
#752=EDGE_LOOP('',(#7286,#7287,#7288,#7289));
#753=EDGE_LOOP('',(#7290,#7291,#7292,#7293));
#754=EDGE_LOOP('',(#7294,#7295,#7296,#7297));
#755=EDGE_LOOP('',(#7298,#7299,#7300,#7301));
#756=EDGE_LOOP('',(#7302,#7303,#7304,#7305));
#757=EDGE_LOOP('',(#7306,#7307,#7308,#7309));
#758=EDGE_LOOP('',(#7310,#7311,#7312,#7313));
#759=EDGE_LOOP('',(#7314,#7315,#7316,#7317));
#760=EDGE_LOOP('',(#7318,#7319,#7320,#7321));
#761=EDGE_LOOP('',(#7322,#7323,#7324,#7325));
#762=EDGE_LOOP('',(#7326,#7327,#7328,#7329));
#763=EDGE_LOOP('',(#7330,#7331,#7332,#7333));
#764=EDGE_LOOP('',(#7334,#7335,#7336,#7337,#7338));
#765=EDGE_LOOP('',(#7339,#7340,#7341,#7342));
#766=EDGE_LOOP('',(#7343,#7344,#7345,#7346,#7347));
#767=EDGE_LOOP('',(#7348,#7349,#7350,#7351));
#768=EDGE_LOOP('',(#7352,#7353,#7354,#7355,#7356,#7357,#7358,#7359,#7360,
#7361,#7362,#7363,#7364,#7365,#7366,#7367,#7368,#7369,#7370,#7371,#7372,
#7373,#7374,#7375,#7376,#7377,#7378,#7379,#7380,#7381,#7382,#7383,#7384,
#7385,#7386,#7387));
#769=EDGE_LOOP('',(#7388,#7389,#7390,#7391));
#770=EDGE_LOOP('',(#7392,#7393,#7394,#7395));
#771=EDGE_LOOP('',(#7396,#7397,#7398,#7399));
#772=EDGE_LOOP('',(#7400,#7401,#7402,#7403));
#773=EDGE_LOOP('',(#7404,#7405,#7406,#7407));
#774=EDGE_LOOP('',(#7408,#7409,#7410,#7411));
#775=EDGE_LOOP('',(#7412,#7413,#7414,#7415));
#776=EDGE_LOOP('',(#7416,#7417,#7418,#7419));
#777=EDGE_LOOP('',(#7420,#7421,#7422,#7423));
#778=EDGE_LOOP('',(#7424,#7425,#7426,#7427));
#779=EDGE_LOOP('',(#7428,#7429,#7430,#7431));
#780=EDGE_LOOP('',(#7432,#7433,#7434,#7435));
#781=EDGE_LOOP('',(#7436,#7437,#7438,#7439));
#782=EDGE_LOOP('',(#7440,#7441,#7442,#7443));
#783=EDGE_LOOP('',(#7444,#7445,#7446,#7447));
#784=EDGE_LOOP('',(#7448,#7449,#7450,#7451));
#785=EDGE_LOOP('',(#7452,#7453,#7454,#7455));
#786=EDGE_LOOP('',(#7456,#7457,#7458,#7459,#7460));
#787=EDGE_LOOP('',(#7461,#7462,#7463,#7464,#7465));
#788=EDGE_LOOP('',(#7466,#7467,#7468,#7469));
#789=EDGE_LOOP('',(#7470,#7471,#7472,#7473));
#790=EDGE_LOOP('',(#7474,#7475,#7476,#7477));
#791=EDGE_LOOP('',(#7478,#7479,#7480,#7481));
#792=EDGE_LOOP('',(#7482,#7483,#7484,#7485));
#793=EDGE_LOOP('',(#7486,#7487,#7488,#7489));
#794=EDGE_LOOP('',(#7490,#7491,#7492,#7493));
#795=EDGE_LOOP('',(#7494,#7495,#7496,#7497));
#796=EDGE_LOOP('',(#7498,#7499,#7500,#7501));
#797=EDGE_LOOP('',(#7502,#7503,#7504,#7505));
#798=EDGE_LOOP('',(#7506,#7507,#7508,#7509));
#799=EDGE_LOOP('',(#7510,#7511,#7512,#7513));
#800=EDGE_LOOP('',(#7514,#7515,#7516,#7517));
#801=EDGE_LOOP('',(#7518,#7519,#7520,#7521));
#802=EDGE_LOOP('',(#7522,#7523,#7524,#7525));
#803=EDGE_LOOP('',(#7526,#7527,#7528,#7529));
#804=EDGE_LOOP('',(#7530,#7531,#7532,#7533));
#805=EDGE_LOOP('',(#7534,#7535,#7536,#7537));
#806=EDGE_LOOP('',(#7538,#7539,#7540,#7541,#7542));
#807=EDGE_LOOP('',(#7543,#7544,#7545,#7546,#7547));
#808=EDGE_LOOP('',(#7548,#7549,#7550,#7551));
#809=EDGE_LOOP('',(#7552,#7553,#7554,#7555,#7556));
#810=EDGE_LOOP('',(#7557,#7558,#7559,#7560));
#811=EDGE_LOOP('',(#7561,#7562,#7563,#7564,#7565));
#812=EDGE_LOOP('',(#7566,#7567,#7568,#7569));
#813=EDGE_LOOP('',(#7570,#7571,#7572,#7573));
#814=EDGE_LOOP('',(#7574,#7575,#7576,#7577));
#815=EDGE_LOOP('',(#7578,#7579,#7580,#7581));
#816=EDGE_LOOP('',(#7582,#7583,#7584,#7585));
#817=EDGE_LOOP('',(#7586,#7587,#7588,#7589));
#818=EDGE_LOOP('',(#7590,#7591,#7592,#7593));
#819=EDGE_LOOP('',(#7594,#7595,#7596,#7597));
#820=EDGE_LOOP('',(#7598,#7599,#7600,#7601));
#821=EDGE_LOOP('',(#7602,#7603,#7604,#7605));
#822=EDGE_LOOP('',(#7606,#7607,#7608,#7609));
#823=EDGE_LOOP('',(#7610,#7611,#7612,#7613));
#824=EDGE_LOOP('',(#7614,#7615,#7616,#7617));
#825=EDGE_LOOP('',(#7618,#7619,#7620,#7621));
#826=EDGE_LOOP('',(#7622,#7623,#7624,#7625));
#827=EDGE_LOOP('',(#7626,#7627,#7628,#7629));
#828=EDGE_LOOP('',(#7630,#7631,#7632,#7633));
#829=EDGE_LOOP('',(#7634,#7635,#7636,#7637));
#830=EDGE_LOOP('',(#7638,#7639,#7640,#7641));
#831=EDGE_LOOP('',(#7642,#7643,#7644,#7645));
#832=EDGE_LOOP('',(#7646,#7647,#7648,#7649));
#833=EDGE_LOOP('',(#7650,#7651,#7652,#7653));
#834=EDGE_LOOP('',(#7654,#7655,#7656,#7657));
#835=EDGE_LOOP('',(#7658,#7659,#7660,#7661));
#836=EDGE_LOOP('',(#7662,#7663,#7664,#7665));
#837=EDGE_LOOP('',(#7666,#7667,#7668,#7669));
#838=EDGE_LOOP('',(#7670,#7671,#7672,#7673));
#839=EDGE_LOOP('',(#7674,#7675,#7676,#7677));
#840=EDGE_LOOP('',(#7678,#7679,#7680,#7681));
#841=EDGE_LOOP('',(#7682,#7683,#7684,#7685));
#842=EDGE_LOOP('',(#7686,#7687,#7688,#7689));
#843=EDGE_LOOP('',(#7690,#7691,#7692,#7693));
#844=EDGE_LOOP('',(#7694,#7695,#7696,#7697));
#845=EDGE_LOOP('',(#7698,#7699,#7700,#7701));
#846=EDGE_LOOP('',(#7702,#7703,#7704,#7705));
#847=EDGE_LOOP('',(#7706,#7707,#7708,#7709));
#848=EDGE_LOOP('',(#7710,#7711,#7712,#7713));
#849=EDGE_LOOP('',(#7714,#7715,#7716,#7717));
#850=EDGE_LOOP('',(#7718,#7719,#7720,#7721));
#851=EDGE_LOOP('',(#7722,#7723,#7724,#7725));
#852=EDGE_LOOP('',(#7726,#7727,#7728,#7729));
#853=EDGE_LOOP('',(#7730,#7731,#7732,#7733,#7734));
#854=EDGE_LOOP('',(#7735,#7736,#7737,#7738,#7739));
#855=EDGE_LOOP('',(#7740,#7741,#7742,#7743));
#856=EDGE_LOOP('',(#7744,#7745,#7746,#7747));
#857=EDGE_LOOP('',(#7748,#7749,#7750,#7751));
#858=EDGE_LOOP('',(#7752,#7753,#7754,#7755));
#859=EDGE_LOOP('',(#7756,#7757,#7758,#7759));
#860=EDGE_LOOP('',(#7760,#7761,#7762,#7763));
#861=EDGE_LOOP('',(#7764,#7765,#7766,#7767));
#862=EDGE_LOOP('',(#7768,#7769,#7770,#7771));
#863=EDGE_LOOP('',(#7772,#7773,#7774,#7775));
#864=EDGE_LOOP('',(#7776,#7777,#7778,#7779));
#865=EDGE_LOOP('',(#7780,#7781,#7782,#7783));
#866=EDGE_LOOP('',(#7784,#7785,#7786,#7787));
#867=EDGE_LOOP('',(#7788,#7789,#7790,#7791));
#868=EDGE_LOOP('',(#7792,#7793,#7794,#7795));
#869=EDGE_LOOP('',(#7796,#7797,#7798,#7799));
#870=EDGE_LOOP('',(#7800,#7801,#7802,#7803));
#871=EDGE_LOOP('',(#7804,#7805,#7806,#7807));
#872=EDGE_LOOP('',(#7808,#7809,#7810,#7811));
#873=EDGE_LOOP('',(#7812,#7813,#7814,#7815));
#874=EDGE_LOOP('',(#7816,#7817,#7818,#7819));
#875=EDGE_LOOP('',(#7820,#7821,#7822,#7823));
#876=EDGE_LOOP('',(#7824,#7825,#7826,#7827));
#877=EDGE_LOOP('',(#7828,#7829,#7830,#7831));
#878=EDGE_LOOP('',(#7832,#7833,#7834,#7835));
#879=EDGE_LOOP('',(#7836,#7837,#7838,#7839));
#880=EDGE_LOOP('',(#7840,#7841,#7842,#7843));
#881=EDGE_LOOP('',(#7844,#7845,#7846,#7847,#7848));
#882=EDGE_LOOP('',(#7849,#7850,#7851,#7852));
#883=EDGE_LOOP('',(#7853,#7854,#7855,#7856,#7857));
#884=EDGE_LOOP('',(#7858,#7859,#7860,#7861));
#885=EDGE_LOOP('',(#7862,#7863,#7864,#7865));
#886=EDGE_LOOP('',(#7866,#7867,#7868,#7869));
#887=EDGE_LOOP('',(#7870,#7871,#7872,#7873));
#888=EDGE_LOOP('',(#7874,#7875,#7876,#7877));
#889=EDGE_LOOP('',(#7878,#7879,#7880,#7881));
#890=EDGE_LOOP('',(#7882,#7883,#7884,#7885));
#891=EDGE_LOOP('',(#7886,#7887,#7888,#7889));
#892=EDGE_LOOP('',(#7890,#7891,#7892,#7893));
#893=EDGE_LOOP('',(#7894,#7895,#7896,#7897,#7898));
#894=EDGE_LOOP('',(#7899,#7900,#7901,#7902,#7903));
#895=EDGE_LOOP('',(#7904,#7905,#7906,#7907));
#896=EDGE_LOOP('',(#7908,#7909,#7910,#7911));
#897=EDGE_LOOP('',(#7912,#7913,#7914,#7915));
#898=EDGE_LOOP('',(#7916,#7917,#7918,#7919));
#899=EDGE_LOOP('',(#7920,#7921,#7922,#7923));
#900=EDGE_LOOP('',(#7924,#7925,#7926,#7927));
#901=EDGE_LOOP('',(#7928,#7929,#7930,#7931,#7932));
#902=EDGE_LOOP('',(#7933,#7934,#7935,#7936));
#903=EDGE_LOOP('',(#7937,#7938,#7939,#7940,#7941));
#904=EDGE_LOOP('',(#7942,#7943,#7944,#7945));
#905=EDGE_LOOP('',(#7946,#7947,#7948,#7949));
#906=EDGE_LOOP('',(#7950,#7951,#7952,#7953));
#907=EDGE_LOOP('',(#7954,#7955,#7956,#7957,#7958,#7959,#7960,#7961,#7962,
#7963,#7964,#7965,#7966,#7967,#7968,#7969,#7970,#7971,#7972,#7973,#7974,
#7975,#7976,#7977,#7978,#7979,#7980,#7981,#7982,#7983,#7984,#7985,#7986,
#7987,#7988,#7989,#7990,#7991,#7992,#7993));
#908=EDGE_LOOP('',(#7994,#7995,#7996,#7997));
#909=EDGE_LOOP('',(#7998,#7999,#8000,#8001));
#910=EDGE_LOOP('',(#8002,#8003,#8004,#8005));
#911=EDGE_LOOP('',(#8006,#8007,#8008,#8009));
#912=EDGE_LOOP('',(#8010,#8011,#8012,#8013));
#913=EDGE_LOOP('',(#8014,#8015,#8016,#8017));
#914=EDGE_LOOP('',(#8018,#8019,#8020,#8021));
#915=EDGE_LOOP('',(#8022,#8023,#8024,#8025));
#916=EDGE_LOOP('',(#8026,#8027,#8028,#8029));
#917=EDGE_LOOP('',(#8030,#8031,#8032,#8033));
#918=EDGE_LOOP('',(#8034,#8035,#8036,#8037));
#919=EDGE_LOOP('',(#8038,#8039,#8040,#8041));
#920=EDGE_LOOP('',(#8042,#8043,#8044,#8045));
#921=EDGE_LOOP('',(#8046,#8047,#8048,#8049));
#922=EDGE_LOOP('',(#8050,#8051,#8052,#8053,#8054,#8055,#8056,#8057,#8058,
#8059,#8060,#8061,#8062,#8063,#8064,#8065,#8066,#8067,#8068,#8069,#8070,
#8071,#8072,#8073,#8074,#8075,#8076,#8077,#8078,#8079,#8080,#8081,#8082,
#8083,#8084,#8085,#8086,#8087,#8088,#8089));
#923=EDGE_LOOP('',(#8090,#8091,#8092,#8093));
#924=EDGE_LOOP('',(#8094,#8095,#8096,#8097));
#925=EDGE_LOOP('',(#8098,#8099,#8100,#8101));
#926=EDGE_LOOP('',(#8102,#8103,#8104,#8105));
#927=EDGE_LOOP('',(#8106,#8107,#8108,#8109));
#928=EDGE_LOOP('',(#8110,#8111,#8112,#8113));
#929=EDGE_LOOP('',(#8114,#8115,#8116,#8117));
#930=EDGE_LOOP('',(#8118,#8119,#8120,#8121));
#931=EDGE_LOOP('',(#8122,#8123,#8124,#8125));
#932=EDGE_LOOP('',(#8126,#8127,#8128,#8129));
#933=EDGE_LOOP('',(#8130,#8131,#8132,#8133,#8134,#8135,#8136,#8137,#8138,
#8139,#8140,#8141,#8142,#8143,#8144,#8145,#8146,#8147,#8148,#8149,#8150,
#8151,#8152,#8153,#8154,#8155,#8156,#8157,#8158,#8159,#8160,#8161,#8162,
#8163,#8164,#8165,#8166,#8167,#8168,#8169,#8170,#8171,#8172,#8173,#8174,
#8175,#8176,#8177,#8178,#8179,#8180,#8181,#8182,#8183,#8184,#8185,#8186,
#8187,#8188,#8189,#8190,#8191,#8192,#8193,#8194,#8195,#8196,#8197));
#934=EDGE_LOOP('',(#8198,#8199,#8200,#8201));
#935=EDGE_LOOP('',(#8202,#8203,#8204,#8205));
#936=EDGE_LOOP('',(#8206,#8207,#8208,#8209));
#937=EDGE_LOOP('',(#8210,#8211,#8212,#8213));
#938=EDGE_LOOP('',(#8214,#8215,#8216,#8217));
#939=EDGE_LOOP('',(#8218,#8219,#8220,#8221));
#940=EDGE_LOOP('',(#8222,#8223,#8224,#8225));
#941=EDGE_LOOP('',(#8226,#8227,#8228,#8229));
#942=EDGE_LOOP('',(#8230,#8231,#8232,#8233));
#943=EDGE_LOOP('',(#8234,#8235,#8236,#8237,#8238,#8239,#8240,#8241,#8242,
#8243,#8244,#8245,#8246,#8247,#8248,#8249,#8250,#8251,#8252,#8253,#8254,
#8255,#8256,#8257,#8258,#8259,#8260,#8261,#8262,#8263,#8264,#8265,#8266,
#8267,#8268,#8269,#8270,#8271,#8272,#8273,#8274,#8275,#8276,#8277,#8278,
#8279,#8280,#8281,#8282,#8283,#8284,#8285,#8286,#8287,#8288,#8289,#8290,
#8291,#8292,#8293,#8294,#8295,#8296,#8297,#8298,#8299,#8300,#8301));
#944=EDGE_LOOP('',(#8302,#8303,#8304,#8305));
#945=LINE('',#11597,#2234);
#946=LINE('',#11599,#2235);
#947=LINE('',#11601,#2236);
#948=LINE('',#11602,#2237);
#949=LINE('',#11605,#2238);
#950=LINE('',#11607,#2239);
#951=LINE('',#11608,#2240);
#952=LINE('',#11611,#2241);
#953=LINE('',#11613,#2242);
#954=LINE('',#11614,#2243);
#955=LINE('',#11618,#2244);
#956=LINE('',#11620,#2245);
#957=LINE('',#11622,#2246);
#958=LINE('',#11623,#2247);
#959=LINE('',#11626,#2248);
#960=LINE('',#11628,#2249);
#961=LINE('',#11629,#2250);
#962=LINE('',#11632,#2251);
#963=LINE('',#11634,#2252);
#964=LINE('',#11635,#2253);
#965=LINE('',#11639,#2254);
#966=LINE('',#11641,#2255);
#967=LINE('',#11643,#2256);
#968=LINE('',#11644,#2257);
#969=LINE('',#11647,#2258);
#970=LINE('',#11649,#2259);
#971=LINE('',#11650,#2260);
#972=LINE('',#11653,#2261);
#973=LINE('',#11655,#2262);
#974=LINE('',#11656,#2263);
#975=LINE('',#11660,#2264);
#976=LINE('',#11662,#2265);
#977=LINE('',#11664,#2266);
#978=LINE('',#11665,#2267);
#979=LINE('',#11668,#2268);
#980=LINE('',#11670,#2269);
#981=LINE('',#11671,#2270);
#982=LINE('',#11674,#2271);
#983=LINE('',#11676,#2272);
#984=LINE('',#11677,#2273);
#985=LINE('',#11681,#2274);
#986=LINE('',#11683,#2275);
#987=LINE('',#11685,#2276);
#988=LINE('',#11686,#2277);
#989=LINE('',#11689,#2278);
#990=LINE('',#11691,#2279);
#991=LINE('',#11692,#2280);
#992=LINE('',#11695,#2281);
#993=LINE('',#11697,#2282);
#994=LINE('',#11698,#2283);
#995=LINE('',#11702,#2284);
#996=LINE('',#11704,#2285);
#997=LINE('',#11706,#2286);
#998=LINE('',#11707,#2287);
#999=LINE('',#11710,#2288);
#1000=LINE('',#11712,#2289);
#1001=LINE('',#11713,#2290);
#1002=LINE('',#11716,#2291);
#1003=LINE('',#11718,#2292);
#1004=LINE('',#11719,#2293);
#1005=LINE('',#11723,#2294);
#1006=LINE('',#11725,#2295);
#1007=LINE('',#11727,#2296);
#1008=LINE('',#11728,#2297);
#1009=LINE('',#11731,#2298);
#1010=LINE('',#11733,#2299);
#1011=LINE('',#11734,#2300);
#1012=LINE('',#11737,#2301);
#1013=LINE('',#11739,#2302);
#1014=LINE('',#11740,#2303);
#1015=LINE('',#11744,#2304);
#1016=LINE('',#11746,#2305);
#1017=LINE('',#11748,#2306);
#1018=LINE('',#11749,#2307);
#1019=LINE('',#11752,#2308);
#1020=LINE('',#11754,#2309);
#1021=LINE('',#11755,#2310);
#1022=LINE('',#11758,#2311);
#1023=LINE('',#11760,#2312);
#1024=LINE('',#11761,#2313);
#1025=LINE('',#11765,#2314);
#1026=LINE('',#11767,#2315);
#1027=LINE('',#11769,#2316);
#1028=LINE('',#11770,#2317);
#1029=LINE('',#11773,#2318);
#1030=LINE('',#11775,#2319);
#1031=LINE('',#11776,#2320);
#1032=LINE('',#11779,#2321);
#1033=LINE('',#11781,#2322);
#1034=LINE('',#11782,#2323);
#1035=LINE('',#11786,#2324);
#1036=LINE('',#11788,#2325);
#1037=LINE('',#11790,#2326);
#1038=LINE('',#11791,#2327);
#1039=LINE('',#11795,#2328);
#1040=LINE('',#11797,#2329);
#1041=LINE('',#11799,#2330);
#1042=LINE('',#11800,#2331);
#1043=LINE('',#11802,#2332);
#1044=LINE('',#11803,#2333);
#1045=LINE('',#11807,#2334);
#1046=LINE('',#11809,#2335);
#1047=LINE('',#11811,#2336);
#1048=LINE('',#11812,#2337);
#1049=LINE('',#11816,#2338);
#1050=LINE('',#11818,#2339);
#1051=LINE('',#11820,#2340);
#1052=LINE('',#11821,#2341);
#1053=LINE('',#11823,#2342);
#1054=LINE('',#11824,#2343);
#1055=LINE('',#11828,#2344);
#1056=LINE('',#11830,#2345);
#1057=LINE('',#11832,#2346);
#1058=LINE('',#11833,#2347);
#1059=LINE('',#11836,#2348);
#1060=LINE('',#11838,#2349);
#1061=LINE('',#11839,#2350);
#1062=LINE('',#11842,#2351);
#1063=LINE('',#11844,#2352);
#1064=LINE('',#11845,#2353);
#1065=LINE('',#11849,#2354);
#1066=LINE('',#11851,#2355);
#1067=LINE('',#11853,#2356);
#1068=LINE('',#11854,#2357);
#1069=LINE('',#11857,#2358);
#1070=LINE('',#11859,#2359);
#1071=LINE('',#11860,#2360);
#1072=LINE('',#11863,#2361);
#1073=LINE('',#11865,#2362);
#1074=LINE('',#11866,#2363);
#1075=LINE('',#11870,#2364);
#1076=LINE('',#11872,#2365);
#1077=LINE('',#11874,#2366);
#1078=LINE('',#11875,#2367);
#1079=LINE('',#11878,#2368);
#1080=LINE('',#11880,#2369);
#1081=LINE('',#11881,#2370);
#1082=LINE('',#11884,#2371);
#1083=LINE('',#11886,#2372);
#1084=LINE('',#11887,#2373);
#1085=LINE('',#11891,#2374);
#1086=LINE('',#11893,#2375);
#1087=LINE('',#11895,#2376);
#1088=LINE('',#11896,#2377);
#1089=LINE('',#11899,#2378);
#1090=LINE('',#11901,#2379);
#1091=LINE('',#11902,#2380);
#1092=LINE('',#11905,#2381);
#1093=LINE('',#11907,#2382);
#1094=LINE('',#11908,#2383);
#1095=LINE('',#11912,#2384);
#1096=LINE('',#11914,#2385);
#1097=LINE('',#11916,#2386);
#1098=LINE('',#11917,#2387);
#1099=LINE('',#11920,#2388);
#1100=LINE('',#11922,#2389);
#1101=LINE('',#11923,#2390);
#1102=LINE('',#11926,#2391);
#1103=LINE('',#11928,#2392);
#1104=LINE('',#11929,#2393);
#1105=LINE('',#11933,#2394);
#1106=LINE('',#11935,#2395);
#1107=LINE('',#11937,#2396);
#1108=LINE('',#11938,#2397);
#1109=LINE('',#11941,#2398);
#1110=LINE('',#11943,#2399);
#1111=LINE('',#11944,#2400);
#1112=LINE('',#11947,#2401);
#1113=LINE('',#11949,#2402);
#1114=LINE('',#11950,#2403);
#1115=LINE('',#11954,#2404);
#1116=LINE('',#11956,#2405);
#1117=LINE('',#11958,#2406);
#1118=LINE('',#11959,#2407);
#1119=LINE('',#11962,#2408);
#1120=LINE('',#11964,#2409);
#1121=LINE('',#11965,#2410);
#1122=LINE('',#11968,#2411);
#1123=LINE('',#11970,#2412);
#1124=LINE('',#11971,#2413);
#1125=LINE('',#11975,#2414);
#1126=LINE('',#11977,#2415);
#1127=LINE('',#11979,#2416);
#1128=LINE('',#11980,#2417);
#1129=LINE('',#11983,#2418);
#1130=LINE('',#11985,#2419);
#1131=LINE('',#11986,#2420);
#1132=LINE('',#11989,#2421);
#1133=LINE('',#11991,#2422);
#1134=LINE('',#11992,#2423);
#1135=LINE('',#11996,#2424);
#1136=LINE('',#11998,#2425);
#1137=LINE('',#12000,#2426);
#1138=LINE('',#12001,#2427);
#1139=LINE('',#12004,#2428);
#1140=LINE('',#12006,#2429);
#1141=LINE('',#12007,#2430);
#1142=LINE('',#12010,#2431);
#1143=LINE('',#12012,#2432);
#1144=LINE('',#12013,#2433);
#1145=LINE('',#12017,#2434);
#1146=LINE('',#12019,#2435);
#1147=LINE('',#12021,#2436);
#1148=LINE('',#12022,#2437);
#1149=LINE('',#12026,#2438);
#1150=LINE('',#12028,#2439);
#1151=LINE('',#12030,#2440);
#1152=LINE('',#12031,#2441);
#1153=LINE('',#12033,#2442);
#1154=LINE('',#12034,#2443);
#1155=LINE('',#12038,#2444);
#1156=LINE('',#12040,#2445);
#1157=LINE('',#12042,#2446);
#1158=LINE('',#12043,#2447);
#1159=LINE('',#12046,#2448);
#1160=LINE('',#12048,#2449);
#1161=LINE('',#12049,#2450);
#1162=LINE('',#12052,#2451);
#1163=LINE('',#12054,#2452);
#1164=LINE('',#12055,#2453);
#1165=LINE('',#12059,#2454);
#1166=LINE('',#12061,#2455);
#1167=LINE('',#12063,#2456);
#1168=LINE('',#12064,#2457);
#1169=LINE('',#12067,#2458);
#1170=LINE('',#12069,#2459);
#1171=LINE('',#12070,#2460);
#1172=LINE('',#12073,#2461);
#1173=LINE('',#12075,#2462);
#1174=LINE('',#12076,#2463);
#1175=LINE('',#12080,#2464);
#1176=LINE('',#12082,#2465);
#1177=LINE('',#12084,#2466);
#1178=LINE('',#12085,#2467);
#1179=LINE('',#12089,#2468);
#1180=LINE('',#12091,#2469);
#1181=LINE('',#12093,#2470);
#1182=LINE('',#12094,#2471);
#1183=LINE('',#12096,#2472);
#1184=LINE('',#12097,#2473);
#1185=LINE('',#12101,#2474);
#1186=LINE('',#12103,#2475);
#1187=LINE('',#12105,#2476);
#1188=LINE('',#12106,#2477);
#1189=LINE('',#12109,#2478);
#1190=LINE('',#12111,#2479);
#1191=LINE('',#12112,#2480);
#1192=LINE('',#12115,#2481);
#1193=LINE('',#12117,#2482);
#1194=LINE('',#12118,#2483);
#1195=LINE('',#12122,#2484);
#1196=LINE('',#12124,#2485);
#1197=LINE('',#12126,#2486);
#1198=LINE('',#12127,#2487);
#1199=LINE('',#12130,#2488);
#1200=LINE('',#12132,#2489);
#1201=LINE('',#12133,#2490);
#1202=LINE('',#12136,#2491);
#1203=LINE('',#12138,#2492);
#1204=LINE('',#12139,#2493);
#1205=LINE('',#12143,#2494);
#1206=LINE('',#12145,#2495);
#1207=LINE('',#12147,#2496);
#1208=LINE('',#12148,#2497);
#1209=LINE('',#12151,#2498);
#1210=LINE('',#12153,#2499);
#1211=LINE('',#12154,#2500);
#1212=LINE('',#12157,#2501);
#1213=LINE('',#12159,#2502);
#1214=LINE('',#12160,#2503);
#1215=LINE('',#12164,#2504);
#1216=LINE('',#12166,#2505);
#1217=LINE('',#12168,#2506);
#1218=LINE('',#12169,#2507);
#1219=LINE('',#12172,#2508);
#1220=LINE('',#12174,#2509);
#1221=LINE('',#12175,#2510);
#1222=LINE('',#12178,#2511);
#1223=LINE('',#12180,#2512);
#1224=LINE('',#12181,#2513);
#1225=LINE('',#12185,#2514);
#1226=LINE('',#12187,#2515);
#1227=LINE('',#12189,#2516);
#1228=LINE('',#12190,#2517);
#1229=LINE('',#12193,#2518);
#1230=LINE('',#12195,#2519);
#1231=LINE('',#12196,#2520);
#1232=LINE('',#12199,#2521);
#1233=LINE('',#12201,#2522);
#1234=LINE('',#12202,#2523);
#1235=LINE('',#12206,#2524);
#1236=LINE('',#12208,#2525);
#1237=LINE('',#12210,#2526);
#1238=LINE('',#12211,#2527);
#1239=LINE('',#12214,#2528);
#1240=LINE('',#12216,#2529);
#1241=LINE('',#12217,#2530);
#1242=LINE('',#12220,#2531);
#1243=LINE('',#12222,#2532);
#1244=LINE('',#12223,#2533);
#1245=LINE('',#12227,#2534);
#1246=LINE('',#12229,#2535);
#1247=LINE('',#12231,#2536);
#1248=LINE('',#12232,#2537);
#1249=LINE('',#12235,#2538);
#1250=LINE('',#12237,#2539);
#1251=LINE('',#12238,#2540);
#1252=LINE('',#12241,#2541);
#1253=LINE('',#12243,#2542);
#1254=LINE('',#12244,#2543);
#1255=LINE('',#12248,#2544);
#1256=LINE('',#12250,#2545);
#1257=LINE('',#12252,#2546);
#1258=LINE('',#12253,#2547);
#1259=LINE('',#12256,#2548);
#1260=LINE('',#12258,#2549);
#1261=LINE('',#12259,#2550);
#1262=LINE('',#12262,#2551);
#1263=LINE('',#12264,#2552);
#1264=LINE('',#12265,#2553);
#1265=LINE('',#12269,#2554);
#1266=LINE('',#12271,#2555);
#1267=LINE('',#12273,#2556);
#1268=LINE('',#12274,#2557);
#1269=LINE('',#12278,#2558);
#1270=LINE('',#12280,#2559);
#1271=LINE('',#12282,#2560);
#1272=LINE('',#12283,#2561);
#1273=LINE('',#12285,#2562);
#1274=LINE('',#12286,#2563);
#1275=LINE('',#12290,#2564);
#1276=LINE('',#12292,#2565);
#1277=LINE('',#12294,#2566);
#1278=LINE('',#12295,#2567);
#1279=LINE('',#12298,#2568);
#1280=LINE('',#12300,#2569);
#1281=LINE('',#12301,#2570);
#1282=LINE('',#12304,#2571);
#1283=LINE('',#12306,#2572);
#1284=LINE('',#12307,#2573);
#1285=LINE('',#12311,#2574);
#1286=LINE('',#12313,#2575);
#1287=LINE('',#12315,#2576);
#1288=LINE('',#12316,#2577);
#1289=LINE('',#12319,#2578);
#1290=LINE('',#12321,#2579);
#1291=LINE('',#12322,#2580);
#1292=LINE('',#12325,#2581);
#1293=LINE('',#12327,#2582);
#1294=LINE('',#12328,#2583);
#1295=LINE('',#12332,#2584);
#1296=LINE('',#12334,#2585);
#1297=LINE('',#12336,#2586);
#1298=LINE('',#12337,#2587);
#1299=LINE('',#12341,#2588);
#1300=LINE('',#12343,#2589);
#1301=LINE('',#12345,#2590);
#1302=LINE('',#12346,#2591);
#1303=LINE('',#12348,#2592);
#1304=LINE('',#12349,#2593);
#1305=LINE('',#12353,#2594);
#1306=LINE('',#12355,#2595);
#1307=LINE('',#12357,#2596);
#1308=LINE('',#12358,#2597);
#1309=LINE('',#12361,#2598);
#1310=LINE('',#12363,#2599);
#1311=LINE('',#12364,#2600);
#1312=LINE('',#12367,#2601);
#1313=LINE('',#12369,#2602);
#1314=LINE('',#12370,#2603);
#1315=LINE('',#12374,#2604);
#1316=LINE('',#12376,#2605);
#1317=LINE('',#12378,#2606);
#1318=LINE('',#12379,#2607);
#1319=LINE('',#12382,#2608);
#1320=LINE('',#12384,#2609);
#1321=LINE('',#12385,#2610);
#1322=LINE('',#12388,#2611);
#1323=LINE('',#12390,#2612);
#1324=LINE('',#12391,#2613);
#1325=LINE('',#12395,#2614);
#1326=LINE('',#12397,#2615);
#1327=LINE('',#12399,#2616);
#1328=LINE('',#12400,#2617);
#1329=LINE('',#12403,#2618);
#1330=LINE('',#12405,#2619);
#1331=LINE('',#12406,#2620);
#1332=LINE('',#12409,#2621);
#1333=LINE('',#12411,#2622);
#1334=LINE('',#12412,#2623);
#1335=LINE('',#12416,#2624);
#1336=LINE('',#12418,#2625);
#1337=LINE('',#12420,#2626);
#1338=LINE('',#12421,#2627);
#1339=LINE('',#12424,#2628);
#1340=LINE('',#12426,#2629);
#1341=LINE('',#12427,#2630);
#1342=LINE('',#12430,#2631);
#1343=LINE('',#12432,#2632);
#1344=LINE('',#12433,#2633);
#1345=LINE('',#12437,#2634);
#1346=LINE('',#12439,#2635);
#1347=LINE('',#12441,#2636);
#1348=LINE('',#12442,#2637);
#1349=LINE('',#12445,#2638);
#1350=LINE('',#12447,#2639);
#1351=LINE('',#12448,#2640);
#1352=LINE('',#12451,#2641);
#1353=LINE('',#12453,#2642);
#1354=LINE('',#12454,#2643);
#1355=LINE('',#12458,#2644);
#1356=LINE('',#12460,#2645);
#1357=LINE('',#12462,#2646);
#1358=LINE('',#12463,#2647);
#1359=LINE('',#12466,#2648);
#1360=LINE('',#12468,#2649);
#1361=LINE('',#12469,#2650);
#1362=LINE('',#12472,#2651);
#1363=LINE('',#12474,#2652);
#1364=LINE('',#12475,#2653);
#1365=LINE('',#12478,#2654);
#1366=LINE('',#12479,#2655);
#1367=LINE('',#12480,#2656);
#1368=LINE('',#12481,#2657);
#1369=LINE('',#12482,#2658);
#1370=LINE('',#12483,#2659);
#1371=LINE('',#12484,#2660);
#1372=LINE('',#12486,#2661);
#1373=LINE('',#12487,#2662);
#1374=LINE('',#12488,#2663);
#1375=LINE('',#12489,#2664);
#1376=LINE('',#12490,#2665);
#1377=LINE('',#12491,#2666);
#1378=LINE('',#12492,#2667);
#1379=LINE('',#12493,#2668);
#1380=LINE('',#12494,#2669);
#1381=LINE('',#12495,#2670);
#1382=LINE('',#12496,#2671);
#1383=LINE('',#12497,#2672);
#1384=LINE('',#12498,#2673);
#1385=LINE('',#12499,#2674);
#1386=LINE('',#12500,#2675);
#1387=LINE('',#12502,#2676);
#1388=LINE('',#12503,#2677);
#1389=LINE('',#12504,#2678);
#1390=LINE('',#12505,#2679);
#1391=LINE('',#12506,#2680);
#1392=LINE('',#12507,#2681);
#1393=LINE('',#12508,#2682);
#1394=LINE('',#12509,#2683);
#1395=LINE('',#12511,#2684);
#1396=LINE('',#12512,#2685);
#1397=LINE('',#12513,#2686);
#1398=LINE('',#12514,#2687);
#1399=LINE('',#12515,#2688);
#1400=LINE('',#12516,#2689);
#1401=LINE('',#12517,#2690);
#1402=LINE('',#12518,#2691);
#1403=LINE('',#12519,#2692);
#1404=LINE('',#12520,#2693);
#1405=LINE('',#12521,#2694);
#1406=LINE('',#12522,#2695);
#1407=LINE('',#12523,#2696);
#1408=LINE('',#12524,#2697);
#1409=LINE('',#12525,#2698);
#1410=LINE('',#12526,#2699);
#1411=LINE('',#12530,#2700);
#1412=LINE('',#12532,#2701);
#1413=LINE('',#12534,#2702);
#1414=LINE('',#12535,#2703);
#1415=LINE('',#12536,#2704);
#1416=LINE('',#12537,#2705);
#1417=LINE('',#12538,#2706);
#1418=LINE('',#12539,#2707);
#1419=LINE('',#12540,#2708);
#1420=LINE('',#12541,#2709);
#1421=LINE('',#12542,#2710);
#1422=LINE('',#12543,#2711);
#1423=LINE('',#12544,#2712);
#1424=LINE('',#12545,#2713);
#1425=LINE('',#12546,#2714);
#1426=LINE('',#12547,#2715);
#1427=LINE('',#12548,#2716);
#1428=LINE('',#12549,#2717);
#1429=LINE('',#12550,#2718);
#1430=LINE('',#12551,#2719);
#1431=LINE('',#12552,#2720);
#1432=LINE('',#12553,#2721);
#1433=LINE('',#12554,#2722);
#1434=LINE('',#12555,#2723);
#1435=LINE('',#12556,#2724);
#1436=LINE('',#12557,#2725);
#1437=LINE('',#12558,#2726);
#1438=LINE('',#12559,#2727);
#1439=LINE('',#12560,#2728);
#1440=LINE('',#12561,#2729);
#1441=LINE('',#12562,#2730);
#1442=LINE('',#12563,#2731);
#1443=LINE('',#12564,#2732);
#1444=LINE('',#12565,#2733);
#1445=LINE('',#12566,#2734);
#1446=LINE('',#12567,#2735);
#1447=LINE('',#12568,#2736);
#1448=LINE('',#12569,#2737);
#1449=LINE('',#12570,#2738);
#1450=LINE('',#12571,#2739);
#1451=LINE('',#12572,#2740);
#1452=LINE('',#12573,#2741);
#1453=LINE('',#12574,#2742);
#1454=LINE('',#12575,#2743);
#1455=LINE('',#12576,#2744);
#1456=LINE('',#12577,#2745);
#1457=LINE('',#12581,#2746);
#1458=LINE('',#12583,#2747);
#1459=LINE('',#12585,#2748);
#1460=LINE('',#12586,#2749);
#1461=LINE('',#12589,#2750);
#1462=LINE('',#12591,#2751);
#1463=LINE('',#12592,#2752);
#1464=LINE('',#12595,#2753);
#1465=LINE('',#12597,#2754);
#1466=LINE('',#12598,#2755);
#1467=LINE('',#12600,#2756);
#1468=LINE('',#12602,#2757);
#1469=LINE('',#12604,#2758);
#1470=LINE('',#12606,#2759);
#1471=LINE('',#12608,#2760);
#1472=LINE('',#12610,#2761);
#1473=LINE('',#12611,#2762);
#1474=LINE('',#12613,#2763);
#1475=LINE('',#12614,#2764);
#1476=LINE('',#12618,#2765);
#1477=LINE('',#12620,#2766);
#1478=LINE('',#12622,#2767);
#1479=LINE('',#12623,#2768);
#1480=LINE('',#12627,#2769);
#1481=LINE('',#12629,#2770);
#1482=LINE('',#12631,#2771);
#1483=LINE('',#12632,#2772);
#1484=LINE('',#12634,#2773);
#1485=LINE('',#12635,#2774);
#1486=LINE('',#12639,#2775);
#1487=LINE('',#12641,#2776);
#1488=LINE('',#12643,#2777);
#1489=LINE('',#12644,#2778);
#1490=LINE('',#12647,#2779);
#1491=LINE('',#12649,#2780);
#1492=LINE('',#12650,#2781);
#1493=LINE('',#12653,#2782);
#1494=LINE('',#12655,#2783);
#1495=LINE('',#12657,#2784);
#1496=LINE('',#12659,#2785);
#1497=LINE('',#12661,#2786);
#1498=LINE('',#12663,#2787);
#1499=LINE('',#12664,#2788);
#1500=LINE('',#12666,#2789);
#1501=LINE('',#12668,#2790);
#1502=LINE('',#12669,#2791);
#1503=LINE('',#12671,#2792);
#1504=LINE('',#12672,#2793);
#1505=LINE('',#12676,#2794);
#1506=LINE('',#12678,#2795);
#1507=LINE('',#12680,#2796);
#1508=LINE('',#12681,#2797);
#1509=LINE('',#12684,#2798);
#1510=LINE('',#12686,#2799);
#1511=LINE('',#12687,#2800);
#1512=LINE('',#12690,#2801);
#1513=LINE('',#12692,#2802);
#1514=LINE('',#12693,#2803);
#1515=LINE('',#12695,#2804);
#1516=LINE('',#12696,#2805);
#1517=LINE('',#12697,#2806);
#1518=LINE('',#12698,#2807);
#1519=LINE('',#12699,#2808);
#1520=LINE('',#12703,#2809);
#1521=LINE('',#12705,#2810);
#1522=LINE('',#12707,#2811);
#1523=LINE('',#12709,#2812);
#1524=LINE('',#12711,#2813);
#1525=LINE('',#12713,#2814);
#1526=LINE('',#12714,#2815);
#1527=LINE('',#12716,#2816);
#1528=LINE('',#12717,#2817);
#1529=LINE('',#12720,#2818);
#1530=LINE('',#12722,#2819);
#1531=LINE('',#12723,#2820);
#1532=LINE('',#12726,#2821);
#1533=LINE('',#12728,#2822);
#1534=LINE('',#12729,#2823);
#1535=LINE('',#12731,#2824);
#1536=LINE('',#12732,#2825);
#1537=LINE('',#12735,#2826);
#1538=LINE('',#12737,#2827);
#1539=LINE('',#12738,#2828);
#1540=LINE('',#12741,#2829);
#1541=LINE('',#12743,#2830);
#1542=LINE('',#12744,#2831);
#1543=LINE('',#12746,#2832);
#1544=LINE('',#12747,#2833);
#1545=LINE('',#12750,#2834);
#1546=LINE('',#12752,#2835);
#1547=LINE('',#12753,#2836);
#1548=LINE('',#12756,#2837);
#1549=LINE('',#12758,#2838);
#1550=LINE('',#12759,#2839);
#1551=LINE('',#12761,#2840);
#1552=LINE('',#12762,#2841);
#1553=LINE('',#12765,#2842);
#1554=LINE('',#12767,#2843);
#1555=LINE('',#12768,#2844);
#1556=LINE('',#12771,#2845);
#1557=LINE('',#12773,#2846);
#1558=LINE('',#12774,#2847);
#1559=LINE('',#12776,#2848);
#1560=LINE('',#12777,#2849);
#1561=LINE('',#12781,#2850);
#1562=LINE('',#12782,#2851);
#1563=LINE('',#12783,#2852);
#1564=LINE('',#12786,#2853);
#1565=LINE('',#12787,#2854);
#1566=LINE('',#12790,#2855);
#1567=LINE('',#12791,#2856);
#1568=LINE('',#12793,#2857);
#1569=LINE('',#12807,#2858);
#1570=LINE('',#12808,#2859);
#1571=LINE('',#12820,#2860);
#1572=LINE('',#12821,#2861);
#1573=LINE('',#12823,#2862);
#1574=LINE('',#12824,#2863);
#1575=LINE('',#12836,#2864);
#1576=LINE('',#12837,#2865);
#1577=LINE('',#12849,#2866);
#1578=LINE('',#12850,#2867);
#1579=LINE('',#12852,#2868);
#1580=LINE('',#12853,#2869);
#1581=LINE('',#12855,#2870);
#1582=LINE('',#12856,#2871);
#1583=LINE('',#12858,#2872);
#1584=LINE('',#12859,#2873);
#1585=LINE('',#12862,#2874);
#1586=LINE('',#12864,#2875);
#1587=LINE('',#12866,#2876);
#1588=LINE('',#12868,#2877);
#1589=LINE('',#12869,#2878);
#1590=LINE('',#12872,#2879);
#1591=LINE('',#12874,#2880);
#1592=LINE('',#12876,#2881);
#1593=LINE('',#12878,#2882);
#1594=LINE('',#12879,#2883);
#1595=LINE('',#12885,#2884);
#1596=LINE('',#12890,#2885);
#1597=LINE('',#12892,#2886);
#1598=LINE('',#12894,#2887);
#1599=LINE('',#12896,#2888);
#1600=LINE('',#12897,#2889);
#1601=LINE('',#12900,#2890);
#1602=LINE('',#12902,#2891);
#1603=LINE('',#12904,#2892);
#1604=LINE('',#12906,#2893);
#1605=LINE('',#12907,#2894);
#1606=LINE('',#12910,#2895);
#1607=LINE('',#12912,#2896);
#1608=LINE('',#12914,#2897);
#1609=LINE('',#12915,#2898);
#1610=LINE('',#12917,#2899);
#1611=LINE('',#12919,#2900);
#1612=LINE('',#12920,#2901);
#1613=LINE('',#12922,#2902);
#1614=LINE('',#12924,#2903);
#1615=LINE('',#12925,#2904);
#1616=LINE('',#12927,#2905);
#1617=LINE('',#12929,#2906);
#1618=LINE('',#12930,#2907);
#1619=LINE('',#12932,#2908);
#1620=LINE('',#12934,#2909);
#1621=LINE('',#12935,#2910);
#1622=LINE('',#12937,#2911);
#1623=LINE('',#12939,#2912);
#1624=LINE('',#12940,#2913);
#1625=LINE('',#12942,#2914);
#1626=LINE('',#12944,#2915);
#1627=LINE('',#12945,#2916);
#1628=LINE('',#12947,#2917);
#1629=LINE('',#12948,#2918);
#1630=LINE('',#12952,#2919);
#1631=LINE('',#12954,#2920);
#1632=LINE('',#12956,#2921);
#1633=LINE('',#12957,#2922);
#1634=LINE('',#12960,#2923);
#1635=LINE('',#12962,#2924);
#1636=LINE('',#12963,#2925);
#1637=LINE('',#12966,#2926);
#1638=LINE('',#12968,#2927);
#1639=LINE('',#12969,#2928);
#1640=LINE('',#12971,#2929);
#1641=LINE('',#12974,#2930);
#1642=LINE('',#12976,#2931);
#1643=LINE('',#12978,#2932);
#1644=LINE('',#12980,#2933);
#1645=LINE('',#12982,#2934);
#1646=LINE('',#12984,#2935);
#1647=LINE('',#12986,#2936);
#1648=LINE('',#12988,#2937);
#1649=LINE('',#12990,#2938);
#1650=LINE('',#12992,#2939);
#1651=LINE('',#12994,#2940);
#1652=LINE('',#12996,#2941);
#1653=LINE('',#12998,#2942);
#1654=LINE('',#13000,#2943);
#1655=LINE('',#13002,#2944);
#1656=LINE('',#13004,#2945);
#1657=LINE('',#13006,#2946);
#1658=LINE('',#13008,#2947);
#1659=LINE('',#13010,#2948);
#1660=LINE('',#13012,#2949);
#1661=LINE('',#13014,#2950);
#1662=LINE('',#13016,#2951);
#1663=LINE('',#13018,#2952);
#1664=LINE('',#13020,#2953);
#1665=LINE('',#13022,#2954);
#1666=LINE('',#13024,#2955);
#1667=LINE('',#13026,#2956);
#1668=LINE('',#13028,#2957);
#1669=LINE('',#13030,#2958);
#1670=LINE('',#13032,#2959);
#1671=LINE('',#13034,#2960);
#1672=LINE('',#13036,#2961);
#1673=LINE('',#13038,#2962);
#1674=LINE('',#13040,#2963);
#1675=LINE('',#13042,#2964);
#1676=LINE('',#13044,#2965);
#1677=LINE('',#13046,#2966);
#1678=LINE('',#13048,#2967);
#1679=LINE('',#13050,#2968);
#1680=LINE('',#13052,#2969);
#1681=LINE('',#13054,#2970);
#1682=LINE('',#13056,#2971);
#1683=LINE('',#13058,#2972);
#1684=LINE('',#13060,#2973);
#1685=LINE('',#13062,#2974);
#1686=LINE('',#13064,#2975);
#1687=LINE('',#13066,#2976);
#1688=LINE('',#13068,#2977);
#1689=LINE('',#13070,#2978);
#1690=LINE('',#13072,#2979);
#1691=LINE('',#13074,#2980);
#1692=LINE('',#13076,#2981);
#1693=LINE('',#13078,#2982);
#1694=LINE('',#13080,#2983);
#1695=LINE('',#13082,#2984);
#1696=LINE('',#13084,#2985);
#1697=LINE('',#13086,#2986);
#1698=LINE('',#13088,#2987);
#1699=LINE('',#13090,#2988);
#1700=LINE('',#13092,#2989);
#1701=LINE('',#13094,#2990);
#1702=LINE('',#13096,#2991);
#1703=LINE('',#13098,#2992);
#1704=LINE('',#13100,#2993);
#1705=LINE('',#13102,#2994);
#1706=LINE('',#13104,#2995);
#1707=LINE('',#13106,#2996);
#1708=LINE('',#13108,#2997);
#1709=LINE('',#13110,#2998);
#1710=LINE('',#13112,#2999);
#1711=LINE('',#13114,#3000);
#1712=LINE('',#13116,#3001);
#1713=LINE('',#13118,#3002);
#1714=LINE('',#13120,#3003);
#1715=LINE('',#13122,#3004);
#1716=LINE('',#13124,#3005);
#1717=LINE('',#13126,#3006);
#1718=LINE('',#13128,#3007);
#1719=LINE('',#13130,#3008);
#1720=LINE('',#13132,#3009);
#1721=LINE('',#13134,#3010);
#1722=LINE('',#13136,#3011);
#1723=LINE('',#13138,#3012);
#1724=LINE('',#13140,#3013);
#1725=LINE('',#13142,#3014);
#1726=LINE('',#13144,#3015);
#1727=LINE('',#13146,#3016);
#1728=LINE('',#13148,#3017);
#1729=LINE('',#13150,#3018);
#1730=LINE('',#13152,#3019);
#1731=LINE('',#13154,#3020);
#1732=LINE('',#13156,#3021);
#1733=LINE('',#13158,#3022);
#1734=LINE('',#13160,#3023);
#1735=LINE('',#13162,#3024);
#1736=LINE('',#13164,#3025);
#1737=LINE('',#13166,#3026);
#1738=LINE('',#13168,#3027);
#1739=LINE('',#13170,#3028);
#1740=LINE('',#13172,#3029);
#1741=LINE('',#13174,#3030);
#1742=LINE('',#13176,#3031);
#1743=LINE('',#13178,#3032);
#1744=LINE('',#13180,#3033);
#1745=LINE('',#13182,#3034);
#1746=LINE('',#13184,#3035);
#1747=LINE('',#13186,#3036);
#1748=LINE('',#13188,#3037);
#1749=LINE('',#13190,#3038);
#1750=LINE('',#13192,#3039);
#1751=LINE('',#13194,#3040);
#1752=LINE('',#13196,#3041);
#1753=LINE('',#13198,#3042);
#1754=LINE('',#13200,#3043);
#1755=LINE('',#13202,#3044);
#1756=LINE('',#13204,#3045);
#1757=LINE('',#13206,#3046);
#1758=LINE('',#13208,#3047);
#1759=LINE('',#13210,#3048);
#1760=LINE('',#13212,#3049);
#1761=LINE('',#13214,#3050);
#1762=LINE('',#13216,#3051);
#1763=LINE('',#13218,#3052);
#1764=LINE('',#13220,#3053);
#1765=LINE('',#13222,#3054);
#1766=LINE('',#13224,#3055);
#1767=LINE('',#13226,#3056);
#1768=LINE('',#13228,#3057);
#1769=LINE('',#13230,#3058);
#1770=LINE('',#13232,#3059);
#1771=LINE('',#13234,#3060);
#1772=LINE('',#13236,#3061);
#1773=LINE('',#13238,#3062);
#1774=LINE('',#13240,#3063);
#1775=LINE('',#13242,#3064);
#1776=LINE('',#13244,#3065);
#1777=LINE('',#13246,#3066);
#1778=LINE('',#13248,#3067);
#1779=LINE('',#13250,#3068);
#1780=LINE('',#13252,#3069);
#1781=LINE('',#13254,#3070);
#1782=LINE('',#13256,#3071);
#1783=LINE('',#13258,#3072);
#1784=LINE('',#13260,#3073);
#1785=LINE('',#13262,#3074);
#1786=LINE('',#13264,#3075);
#1787=LINE('',#13266,#3076);
#1788=LINE('',#13268,#3077);
#1789=LINE('',#13270,#3078);
#1790=LINE('',#13272,#3079);
#1791=LINE('',#13274,#3080);
#1792=LINE('',#13276,#3081);
#1793=LINE('',#13278,#3082);
#1794=LINE('',#13280,#3083);
#1795=LINE('',#13282,#3084);
#1796=LINE('',#13284,#3085);
#1797=LINE('',#13286,#3086);
#1798=LINE('',#13288,#3087);
#1799=LINE('',#13290,#3088);
#1800=LINE('',#13292,#3089);
#1801=LINE('',#13294,#3090);
#1802=LINE('',#13296,#3091);
#1803=LINE('',#13298,#3092);
#1804=LINE('',#13300,#3093);
#1805=LINE('',#13302,#3094);
#1806=LINE('',#13304,#3095);
#1807=LINE('',#13306,#3096);
#1808=LINE('',#13308,#3097);
#1809=LINE('',#13309,#3098);
#1810=LINE('',#13313,#3099);
#1811=LINE('',#13314,#3100);
#1812=LINE('',#13315,#3101);
#1813=LINE('',#13318,#3102);
#1814=LINE('',#13319,#3103);
#1815=LINE('',#13322,#3104);
#1816=LINE('',#13323,#3105);
#1817=LINE('',#13325,#3106);
#1818=LINE('',#13329,#3107);
#1819=LINE('',#13330,#3108);
#1820=LINE('',#13331,#3109);
#1821=LINE('',#13334,#3110);
#1822=LINE('',#13335,#3111);
#1823=LINE('',#13338,#3112);
#1824=LINE('',#13339,#3113);
#1825=LINE('',#13341,#3114);
#1826=LINE('',#13345,#3115);
#1827=LINE('',#13346,#3116);
#1828=LINE('',#13347,#3117);
#1829=LINE('',#13350,#3118);
#1830=LINE('',#13351,#3119);
#1831=LINE('',#13354,#3120);
#1832=LINE('',#13355,#3121);
#1833=LINE('',#13357,#3122);
#1834=LINE('',#13361,#3123);
#1835=LINE('',#13362,#3124);
#1836=LINE('',#13363,#3125);
#1837=LINE('',#13366,#3126);
#1838=LINE('',#13367,#3127);
#1839=LINE('',#13370,#3128);
#1840=LINE('',#13371,#3129);
#1841=LINE('',#13373,#3130);
#1842=LINE('',#13377,#3131);
#1843=LINE('',#13378,#3132);
#1844=LINE('',#13379,#3133);
#1845=LINE('',#13382,#3134);
#1846=LINE('',#13383,#3135);
#1847=LINE('',#13386,#3136);
#1848=LINE('',#13387,#3137);
#1849=LINE('',#13389,#3138);
#1850=LINE('',#13392,#3139);
#1851=LINE('',#13394,#3140);
#1852=LINE('',#13396,#3141);
#1853=LINE('',#13397,#3142);
#1854=LINE('',#13400,#3143);
#1855=LINE('',#13401,#3144);
#1856=LINE('',#13404,#3145);
#1857=LINE('',#13406,#3146);
#1858=LINE('',#13407,#3147);
#1859=LINE('',#13409,#3148);
#1860=LINE('',#13412,#3149);
#1861=LINE('',#13414,#3150);
#1862=LINE('',#13416,#3151);
#1863=LINE('',#13418,#3152);
#1864=LINE('',#13420,#3153);
#1865=LINE('',#13422,#3154);
#1866=LINE('',#13424,#3155);
#1867=LINE('',#13426,#3156);
#1868=LINE('',#13428,#3157);
#1869=LINE('',#13430,#3158);
#1870=LINE('',#13432,#3159);
#1871=LINE('',#13434,#3160);
#1872=LINE('',#13436,#3161);
#1873=LINE('',#13438,#3162);
#1874=LINE('',#13440,#3163);
#1875=LINE('',#13442,#3164);
#1876=LINE('',#13444,#3165);
#1877=LINE('',#13446,#3166);
#1878=LINE('',#13448,#3167);
#1879=LINE('',#13450,#3168);
#1880=LINE('',#13452,#3169);
#1881=LINE('',#13454,#3170);
#1882=LINE('',#13456,#3171);
#1883=LINE('',#13458,#3172);
#1884=LINE('',#13460,#3173);
#1885=LINE('',#13462,#3174);
#1886=LINE('',#13464,#3175);
#1887=LINE('',#13466,#3176);
#1888=LINE('',#13468,#3177);
#1889=LINE('',#13470,#3178);
#1890=LINE('',#13472,#3179);
#1891=LINE('',#13474,#3180);
#1892=LINE('',#13475,#3181);
#1893=LINE('',#13479,#3182);
#1894=LINE('',#13480,#3183);
#1895=LINE('',#13481,#3184);
#1896=LINE('',#13484,#3185);
#1897=LINE('',#13485,#3186);
#1898=LINE('',#13488,#3187);
#1899=LINE('',#13489,#3188);
#1900=LINE('',#13491,#3189);
#1901=LINE('',#13495,#3190);
#1902=LINE('',#13496,#3191);
#1903=LINE('',#13497,#3192);
#1904=LINE('',#13501,#3193);
#1905=LINE('',#13502,#3194);
#1906=LINE('',#13503,#3195);
#1907=LINE('',#13505,#3196);
#1908=LINE('',#13507,#3197);
#1909=LINE('',#13511,#3198);
#1910=LINE('',#13512,#3199);
#1911=LINE('',#13513,#3200);
#1912=LINE('',#13516,#3201);
#1913=LINE('',#13517,#3202);
#1914=LINE('',#13520,#3203);
#1915=LINE('',#13521,#3204);
#1916=LINE('',#13523,#3205);
#1917=LINE('',#13527,#3206);
#1918=LINE('',#13528,#3207);
#1919=LINE('',#13529,#3208);
#1920=LINE('',#13532,#3209);
#1921=LINE('',#13533,#3210);
#1922=LINE('',#13536,#3211);
#1923=LINE('',#13537,#3212);
#1924=LINE('',#13539,#3213);
#1925=LINE('',#13541,#3214);
#1926=LINE('',#13542,#3215);
#1927=LINE('',#13545,#3216);
#1928=LINE('',#13546,#3217);
#1929=LINE('',#13549,#3218);
#1930=LINE('',#13550,#3219);
#1931=LINE('',#13552,#3220);
#1932=LINE('',#13556,#3221);
#1933=LINE('',#13557,#3222);
#1934=LINE('',#13558,#3223);
#1935=LINE('',#13561,#3224);
#1936=LINE('',#13562,#3225);
#1937=LINE('',#13565,#3226);
#1938=LINE('',#13566,#3227);
#1939=LINE('',#13568,#3228);
#1940=LINE('',#13572,#3229);
#1941=LINE('',#13573,#3230);
#1942=LINE('',#13574,#3231);
#1943=LINE('',#13578,#3232);
#1944=LINE('',#13579,#3233);
#1945=LINE('',#13580,#3234);
#1946=LINE('',#13582,#3235);
#1947=LINE('',#13584,#3236);
#1948=LINE('',#13588,#3237);
#1949=LINE('',#13589,#3238);
#1950=LINE('',#13590,#3239);
#1951=LINE('',#13593,#3240);
#1952=LINE('',#13594,#3241);
#1953=LINE('',#13597,#3242);
#1954=LINE('',#13598,#3243);
#1955=LINE('',#13600,#3244);
#1956=LINE('',#13604,#3245);
#1957=LINE('',#13605,#3246);
#1958=LINE('',#13606,#3247);
#1959=LINE('',#13609,#3248);
#1960=LINE('',#13610,#3249);
#1961=LINE('',#13613,#3250);
#1962=LINE('',#13614,#3251);
#1963=LINE('',#13616,#3252);
#1964=LINE('',#13618,#3253);
#1965=LINE('',#13619,#3254);
#1966=LINE('',#13622,#3255);
#1967=LINE('',#13623,#3256);
#1968=LINE('',#13626,#3257);
#1969=LINE('',#13627,#3258);
#1970=LINE('',#13629,#3259);
#1971=LINE('',#13632,#3260);
#1972=LINE('',#13633,#3261);
#1973=LINE('',#13634,#3262);
#1974=LINE('',#13636,#3263);
#1975=LINE('',#13639,#3264);
#1976=LINE('',#13640,#3265);
#1977=LINE('',#13642,#3266);
#1978=LINE('',#13646,#3267);
#1979=LINE('',#13647,#3268);
#1980=LINE('',#13648,#3269);
#1981=LINE('',#13652,#3270);
#1982=LINE('',#13653,#3271);
#1983=LINE('',#13654,#3272);
#1984=LINE('',#13656,#3273);
#1985=LINE('',#13658,#3274);
#1986=LINE('',#13662,#3275);
#1987=LINE('',#13663,#3276);
#1988=LINE('',#13664,#3277);
#1989=LINE('',#13667,#3278);
#1990=LINE('',#13668,#3279);
#1991=LINE('',#13671,#3280);
#1992=LINE('',#13672,#3281);
#1993=LINE('',#13674,#3282);
#1994=LINE('',#13678,#3283);
#1995=LINE('',#13679,#3284);
#1996=LINE('',#13680,#3285);
#1997=LINE('',#13683,#3286);
#1998=LINE('',#13684,#3287);
#1999=LINE('',#13687,#3288);
#2000=LINE('',#13688,#3289);
#2001=LINE('',#13690,#3290);
#2002=LINE('',#13694,#3291);
#2003=LINE('',#13695,#3292);
#2004=LINE('',#13696,#3293);
#2005=LINE('',#13699,#3294);
#2006=LINE('',#13700,#3295);
#2007=LINE('',#13703,#3296);
#2008=LINE('',#13704,#3297);
#2009=LINE('',#13706,#3298);
#2010=LINE('',#13710,#3299);
#2011=LINE('',#13711,#3300);
#2012=LINE('',#13712,#3301);
#2013=LINE('',#13715,#3302);
#2014=LINE('',#13716,#3303);
#2015=LINE('',#13719,#3304);
#2016=LINE('',#13720,#3305);
#2017=LINE('',#13722,#3306);
#2018=LINE('',#13726,#3307);
#2019=LINE('',#13727,#3308);
#2020=LINE('',#13728,#3309);
#2021=LINE('',#13731,#3310);
#2022=LINE('',#13732,#3311);
#2023=LINE('',#13735,#3312);
#2024=LINE('',#13736,#3313);
#2025=LINE('',#13738,#3314);
#2026=LINE('',#13742,#3315);
#2027=LINE('',#13743,#3316);
#2028=LINE('',#13744,#3317);
#2029=LINE('',#13747,#3318);
#2030=LINE('',#13748,#3319);
#2031=LINE('',#13751,#3320);
#2032=LINE('',#13752,#3321);
#2033=LINE('',#13754,#3322);
#2034=LINE('',#13758,#3323);
#2035=LINE('',#13759,#3324);
#2036=LINE('',#13760,#3325);
#2037=LINE('',#13763,#3326);
#2038=LINE('',#13764,#3327);
#2039=LINE('',#13767,#3328);
#2040=LINE('',#13768,#3329);
#2041=LINE('',#13770,#3330);
#2042=LINE('',#13774,#3331);
#2043=LINE('',#13775,#3332);
#2044=LINE('',#13776,#3333);
#2045=LINE('',#13779,#3334);
#2046=LINE('',#13780,#3335);
#2047=LINE('',#13783,#3336);
#2048=LINE('',#13784,#3337);
#2049=LINE('',#13786,#3338);
#2050=LINE('',#13790,#3339);
#2051=LINE('',#13791,#3340);
#2052=LINE('',#13792,#3341);
#2053=LINE('',#13796,#3342);
#2054=LINE('',#13797,#3343);
#2055=LINE('',#13798,#3344);
#2056=LINE('',#13800,#3345);
#2057=LINE('',#13802,#3346);
#2058=LINE('',#13805,#3347);
#2059=LINE('',#13806,#3348);
#2060=LINE('',#13807,#3349);
#2061=LINE('',#13810,#3350);
#2062=LINE('',#13811,#3351);
#2063=LINE('',#13812,#3352);
#2064=LINE('',#13815,#3353);
#2065=LINE('',#13819,#3354);
#2066=LINE('',#13820,#3355);
#2067=LINE('',#13821,#3356);
#2068=LINE('',#13824,#3357);
#2069=LINE('',#13825,#3358);
#2070=LINE('',#13828,#3359);
#2071=LINE('',#13829,#3360);
#2072=LINE('',#13831,#3361);
#2073=LINE('',#13835,#3362);
#2074=LINE('',#13836,#3363);
#2075=LINE('',#13837,#3364);
#2076=LINE('',#13841,#3365);
#2077=LINE('',#13842,#3366);
#2078=LINE('',#13843,#3367);
#2079=LINE('',#13845,#3368);
#2080=LINE('',#13847,#3369);
#2081=LINE('',#13851,#3370);
#2082=LINE('',#13852,#3371);
#2083=LINE('',#13853,#3372);
#2084=LINE('',#13856,#3373);
#2085=LINE('',#13857,#3374);
#2086=LINE('',#13860,#3375);
#2087=LINE('',#13861,#3376);
#2088=LINE('',#13863,#3377);
#2089=LINE('',#13867,#3378);
#2090=LINE('',#13868,#3379);
#2091=LINE('',#13869,#3380);
#2092=LINE('',#13873,#3381);
#2093=LINE('',#13874,#3382);
#2094=LINE('',#13875,#3383);
#2095=LINE('',#13877,#3384);
#2096=LINE('',#13879,#3385);
#2097=LINE('',#13883,#3386);
#2098=LINE('',#13884,#3387);
#2099=LINE('',#13885,#3388);
#2100=LINE('',#13888,#3389);
#2101=LINE('',#13889,#3390);
#2102=LINE('',#13892,#3391);
#2103=LINE('',#13893,#3392);
#2104=LINE('',#13895,#3393);
#2105=LINE('',#13899,#3394);
#2106=LINE('',#13900,#3395);
#2107=LINE('',#13901,#3396);
#2108=LINE('',#13904,#3397);
#2109=LINE('',#13905,#3398);
#2110=LINE('',#13908,#3399);
#2111=LINE('',#13909,#3400);
#2112=LINE('',#13911,#3401);
#2113=LINE('',#13914,#3402);
#2114=LINE('',#13915,#3403);
#2115=LINE('',#13916,#3404);
#2116=LINE('',#13918,#3405);
#2117=LINE('',#13921,#3406);
#2118=LINE('',#13922,#3407);
#2119=LINE('',#13924,#3408);
#2120=LINE('',#13928,#3409);
#2121=LINE('',#13929,#3410);
#2122=LINE('',#13930,#3411);
#2123=LINE('',#13933,#3412);
#2124=LINE('',#13934,#3413);
#2125=LINE('',#13937,#3414);
#2126=LINE('',#13938,#3415);
#2127=LINE('',#13940,#3416);
#2128=LINE('',#13944,#3417);
#2129=LINE('',#13945,#3418);
#2130=LINE('',#13946,#3419);
#2131=LINE('',#13949,#3420);
#2132=LINE('',#13950,#3421);
#2133=LINE('',#13953,#3422);
#2134=LINE('',#13954,#3423);
#2135=LINE('',#13956,#3424);
#2136=LINE('',#13958,#3425);
#2137=LINE('',#13960,#3426);
#2138=LINE('',#13961,#3427);
#2139=LINE('',#13964,#3428);
#2140=LINE('',#13965,#3429);
#2141=LINE('',#13966,#3430);
#2142=LINE('',#13969,#3431);
#2143=LINE('',#13973,#3432);
#2144=LINE('',#13974,#3433);
#2145=LINE('',#13975,#3434);
#2146=LINE('',#13978,#3435);
#2147=LINE('',#13979,#3436);
#2148=LINE('',#13982,#3437);
#2149=LINE('',#13983,#3438);
#2150=LINE('',#13985,#3439);
#2151=LINE('',#13988,#3440);
#2152=LINE('',#13989,#3441);
#2153=LINE('',#13990,#3442);
#2154=LINE('',#13992,#3443);
#2155=LINE('',#13995,#3444);
#2156=LINE('',#13996,#3445);
#2157=LINE('',#13998,#3446);
#2158=LINE('',#14002,#3447);
#2159=LINE('',#14003,#3448);
#2160=LINE('',#14004,#3449);
#2161=LINE('',#14007,#3450);
#2162=LINE('',#14008,#3451);
#2163=LINE('',#14011,#3452);
#2164=LINE('',#14012,#3453);
#2165=LINE('',#14013,#3454);
#2166=LINE('',#14014,#3455);
#2167=LINE('',#14016,#3456);
#2168=LINE('',#14021,#3457);
#2169=LINE('',#14022,#3458);
#2170=LINE('',#14023,#3459);
#2171=LINE('',#14026,#3460);
#2172=LINE('',#14027,#3461);
#2173=LINE('',#14030,#3462);
#2174=LINE('',#14031,#3463);
#2175=LINE('',#14033,#3464);
#2176=LINE('',#14037,#3465);
#2177=LINE('',#14038,#3466);
#2178=LINE('',#14039,#3467);
#2179=LINE('',#14042,#3468);
#2180=LINE('',#14043,#3469);
#2181=LINE('',#14046,#3470);
#2182=LINE('',#14047,#3471);
#2183=LINE('',#14049,#3472);
#2184=LINE('',#14053,#3473);
#2185=LINE('',#14054,#3474);
#2186=LINE('',#14055,#3475);
#2187=LINE('',#14058,#3476);
#2188=LINE('',#14059,#3477);
#2189=LINE('',#14062,#3478);
#2190=LINE('',#14063,#3479);
#2191=LINE('',#14065,#3480);
#2192=LINE('',#14069,#3481);
#2193=LINE('',#14070,#3482);
#2194=LINE('',#14071,#3483);
#2195=LINE('',#14072,#3484);
#2196=LINE('',#14073,#3485);
#2197=LINE('',#14076,#3486);
#2198=LINE('',#14077,#3487);
#2199=LINE('',#14080,#3488);
#2200=LINE('',#14081,#3489);
#2201=LINE('',#14083,#3490);
#2202=LINE('',#14088,#3491);
#2203=LINE('',#14089,#3492);
#2204=LINE('',#14090,#3493);
#2205=LINE('',#14093,#3494);
#2206=LINE('',#14094,#3495);
#2207=LINE('',#14097,#3496);
#2208=LINE('',#14098,#3497);
#2209=LINE('',#14100,#3498);
#2210=LINE('',#14104,#3499);
#2211=LINE('',#14105,#3500);
#2212=LINE('',#14106,#3501);
#2213=LINE('',#14109,#3502);
#2214=LINE('',#14110,#3503);
#2215=LINE('',#14113,#3504);
#2216=LINE('',#14114,#3505);
#2217=LINE('',#14116,#3506);
#2218=LINE('',#14121,#3507);
#2219=LINE('',#14122,#3508);
#2220=LINE('',#14123,#3509);
#2221=LINE('',#14126,#3510);
#2222=LINE('',#14127,#3511);
#2223=LINE('',#14130,#3512);
#2224=LINE('',#14131,#3513);
#2225=LINE('',#14133,#3514);
#2226=LINE('',#14137,#3515);
#2227=LINE('',#14138,#3516);
#2228=LINE('',#14139,#3517);
#2229=LINE('',#14142,#3518);
#2230=LINE('',#14143,#3519);
#2231=LINE('',#14146,#3520);
#2232=LINE('',#14147,#3521);
#2233=LINE('',#14149,#3522);
#2234=VECTOR('',#9494,10.);
#2235=VECTOR('',#9495,10.);
#2236=VECTOR('',#9496,10.);
#2237=VECTOR('',#9497,10.);
#2238=VECTOR('',#9500,10.);
#2239=VECTOR('',#9501,10.);
#2240=VECTOR('',#9502,10.);
#2241=VECTOR('',#9505,10.);
#2242=VECTOR('',#9506,10.);
#2243=VECTOR('',#9507,10.);
#2244=VECTOR('',#9510,10.);
#2245=VECTOR('',#9511,10.);
#2246=VECTOR('',#9512,10.);
#2247=VECTOR('',#9513,10.);
#2248=VECTOR('',#9516,10.);
#2249=VECTOR('',#9517,10.);
#2250=VECTOR('',#9518,10.);
#2251=VECTOR('',#9521,10.);
#2252=VECTOR('',#9522,10.);
#2253=VECTOR('',#9523,10.);
#2254=VECTOR('',#9526,10.);
#2255=VECTOR('',#9527,10.);
#2256=VECTOR('',#9528,10.);
#2257=VECTOR('',#9529,10.);
#2258=VECTOR('',#9532,10.);
#2259=VECTOR('',#9533,10.);
#2260=VECTOR('',#9534,10.);
#2261=VECTOR('',#9537,10.);
#2262=VECTOR('',#9538,10.);
#2263=VECTOR('',#9539,10.);
#2264=VECTOR('',#9542,10.);
#2265=VECTOR('',#9543,10.);
#2266=VECTOR('',#9544,10.);
#2267=VECTOR('',#9545,10.);
#2268=VECTOR('',#9548,10.);
#2269=VECTOR('',#9549,10.);
#2270=VECTOR('',#9550,10.);
#2271=VECTOR('',#9553,10.);
#2272=VECTOR('',#9554,10.);
#2273=VECTOR('',#9555,10.);
#2274=VECTOR('',#9558,10.);
#2275=VECTOR('',#9559,10.);
#2276=VECTOR('',#9560,10.);
#2277=VECTOR('',#9561,10.);
#2278=VECTOR('',#9564,10.);
#2279=VECTOR('',#9565,10.);
#2280=VECTOR('',#9566,10.);
#2281=VECTOR('',#9569,10.);
#2282=VECTOR('',#9570,10.);
#2283=VECTOR('',#9571,10.);
#2284=VECTOR('',#9574,10.);
#2285=VECTOR('',#9575,10.);
#2286=VECTOR('',#9576,10.);
#2287=VECTOR('',#9577,10.);
#2288=VECTOR('',#9580,10.);
#2289=VECTOR('',#9581,10.);
#2290=VECTOR('',#9582,10.);
#2291=VECTOR('',#9585,10.);
#2292=VECTOR('',#9586,10.);
#2293=VECTOR('',#9587,10.);
#2294=VECTOR('',#9590,10.);
#2295=VECTOR('',#9591,10.);
#2296=VECTOR('',#9592,10.);
#2297=VECTOR('',#9593,10.);
#2298=VECTOR('',#9596,10.);
#2299=VECTOR('',#9597,10.);
#2300=VECTOR('',#9598,10.);
#2301=VECTOR('',#9601,10.);
#2302=VECTOR('',#9602,10.);
#2303=VECTOR('',#9603,10.);
#2304=VECTOR('',#9606,10.);
#2305=VECTOR('',#9607,10.);
#2306=VECTOR('',#9608,10.);
#2307=VECTOR('',#9609,10.);
#2308=VECTOR('',#9612,10.);
#2309=VECTOR('',#9613,10.);
#2310=VECTOR('',#9614,10.);
#2311=VECTOR('',#9617,10.);
#2312=VECTOR('',#9618,10.);
#2313=VECTOR('',#9619,10.);
#2314=VECTOR('',#9622,10.);
#2315=VECTOR('',#9623,10.);
#2316=VECTOR('',#9624,10.);
#2317=VECTOR('',#9625,10.);
#2318=VECTOR('',#9628,10.);
#2319=VECTOR('',#9629,10.);
#2320=VECTOR('',#9630,10.);
#2321=VECTOR('',#9633,10.);
#2322=VECTOR('',#9634,10.);
#2323=VECTOR('',#9635,10.);
#2324=VECTOR('',#9638,10.);
#2325=VECTOR('',#9639,10.);
#2326=VECTOR('',#9640,10.);
#2327=VECTOR('',#9641,10.);
#2328=VECTOR('',#9644,10.);
#2329=VECTOR('',#9645,10.);
#2330=VECTOR('',#9646,10.);
#2331=VECTOR('',#9647,10.);
#2332=VECTOR('',#9650,10.);
#2333=VECTOR('',#9651,10.);
#2334=VECTOR('',#9654,10.);
#2335=VECTOR('',#9655,10.);
#2336=VECTOR('',#9656,10.);
#2337=VECTOR('',#9657,10.);
#2338=VECTOR('',#9660,10.);
#2339=VECTOR('',#9661,10.);
#2340=VECTOR('',#9662,10.);
#2341=VECTOR('',#9663,10.);
#2342=VECTOR('',#9666,10.);
#2343=VECTOR('',#9667,10.);
#2344=VECTOR('',#9670,10.);
#2345=VECTOR('',#9671,10.);
#2346=VECTOR('',#9672,10.);
#2347=VECTOR('',#9673,10.);
#2348=VECTOR('',#9676,10.);
#2349=VECTOR('',#9677,10.);
#2350=VECTOR('',#9678,10.);
#2351=VECTOR('',#9681,10.);
#2352=VECTOR('',#9682,10.);
#2353=VECTOR('',#9683,10.);
#2354=VECTOR('',#9686,10.);
#2355=VECTOR('',#9687,10.);
#2356=VECTOR('',#9688,10.);
#2357=VECTOR('',#9689,10.);
#2358=VECTOR('',#9692,10.);
#2359=VECTOR('',#9693,10.);
#2360=VECTOR('',#9694,10.);
#2361=VECTOR('',#9697,10.);
#2362=VECTOR('',#9698,10.);
#2363=VECTOR('',#9699,10.);
#2364=VECTOR('',#9702,10.);
#2365=VECTOR('',#9703,10.);
#2366=VECTOR('',#9704,10.);
#2367=VECTOR('',#9705,10.);
#2368=VECTOR('',#9708,10.);
#2369=VECTOR('',#9709,10.);
#2370=VECTOR('',#9710,10.);
#2371=VECTOR('',#9713,10.);
#2372=VECTOR('',#9714,10.);
#2373=VECTOR('',#9715,10.);
#2374=VECTOR('',#9718,10.);
#2375=VECTOR('',#9719,10.);
#2376=VECTOR('',#9720,10.);
#2377=VECTOR('',#9721,10.);
#2378=VECTOR('',#9724,10.);
#2379=VECTOR('',#9725,10.);
#2380=VECTOR('',#9726,10.);
#2381=VECTOR('',#9729,10.);
#2382=VECTOR('',#9730,10.);
#2383=VECTOR('',#9731,10.);
#2384=VECTOR('',#9734,10.);
#2385=VECTOR('',#9735,10.);
#2386=VECTOR('',#9736,10.);
#2387=VECTOR('',#9737,10.);
#2388=VECTOR('',#9740,10.);
#2389=VECTOR('',#9741,10.);
#2390=VECTOR('',#9742,10.);
#2391=VECTOR('',#9745,10.);
#2392=VECTOR('',#9746,10.);
#2393=VECTOR('',#9747,10.);
#2394=VECTOR('',#9750,10.);
#2395=VECTOR('',#9751,10.);
#2396=VECTOR('',#9752,10.);
#2397=VECTOR('',#9753,10.);
#2398=VECTOR('',#9756,10.);
#2399=VECTOR('',#9757,10.);
#2400=VECTOR('',#9758,10.);
#2401=VECTOR('',#9761,10.);
#2402=VECTOR('',#9762,10.);
#2403=VECTOR('',#9763,10.);
#2404=VECTOR('',#9766,10.);
#2405=VECTOR('',#9767,10.);
#2406=VECTOR('',#9768,10.);
#2407=VECTOR('',#9769,10.);
#2408=VECTOR('',#9772,10.);
#2409=VECTOR('',#9773,10.);
#2410=VECTOR('',#9774,10.);
#2411=VECTOR('',#9777,10.);
#2412=VECTOR('',#9778,10.);
#2413=VECTOR('',#9779,10.);
#2414=VECTOR('',#9782,10.);
#2415=VECTOR('',#9783,10.);
#2416=VECTOR('',#9784,10.);
#2417=VECTOR('',#9785,10.);
#2418=VECTOR('',#9788,10.);
#2419=VECTOR('',#9789,10.);
#2420=VECTOR('',#9790,10.);
#2421=VECTOR('',#9793,10.);
#2422=VECTOR('',#9794,10.);
#2423=VECTOR('',#9795,10.);
#2424=VECTOR('',#9798,10.);
#2425=VECTOR('',#9799,10.);
#2426=VECTOR('',#9800,10.);
#2427=VECTOR('',#9801,10.);
#2428=VECTOR('',#9804,10.);
#2429=VECTOR('',#9805,10.);
#2430=VECTOR('',#9806,10.);
#2431=VECTOR('',#9809,10.);
#2432=VECTOR('',#9810,10.);
#2433=VECTOR('',#9811,10.);
#2434=VECTOR('',#9814,10.);
#2435=VECTOR('',#9815,10.);
#2436=VECTOR('',#9816,10.);
#2437=VECTOR('',#9817,10.);
#2438=VECTOR('',#9820,10.);
#2439=VECTOR('',#9821,10.);
#2440=VECTOR('',#9822,10.);
#2441=VECTOR('',#9823,10.);
#2442=VECTOR('',#9826,10.);
#2443=VECTOR('',#9827,10.);
#2444=VECTOR('',#9830,10.);
#2445=VECTOR('',#9831,10.);
#2446=VECTOR('',#9832,10.);
#2447=VECTOR('',#9833,10.);
#2448=VECTOR('',#9836,10.);
#2449=VECTOR('',#9837,10.);
#2450=VECTOR('',#9838,10.);
#2451=VECTOR('',#9841,10.);
#2452=VECTOR('',#9842,10.);
#2453=VECTOR('',#9843,10.);
#2454=VECTOR('',#9846,10.);
#2455=VECTOR('',#9847,10.);
#2456=VECTOR('',#9848,10.);
#2457=VECTOR('',#9849,10.);
#2458=VECTOR('',#9852,10.);
#2459=VECTOR('',#9853,10.);
#2460=VECTOR('',#9854,10.);
#2461=VECTOR('',#9857,10.);
#2462=VECTOR('',#9858,10.);
#2463=VECTOR('',#9859,10.);
#2464=VECTOR('',#9862,10.);
#2465=VECTOR('',#9863,10.);
#2466=VECTOR('',#9864,10.);
#2467=VECTOR('',#9865,10.);
#2468=VECTOR('',#9868,10.);
#2469=VECTOR('',#9869,10.);
#2470=VECTOR('',#9870,10.);
#2471=VECTOR('',#9871,10.);
#2472=VECTOR('',#9874,10.);
#2473=VECTOR('',#9875,10.);
#2474=VECTOR('',#9878,10.);
#2475=VECTOR('',#9879,10.);
#2476=VECTOR('',#9880,10.);
#2477=VECTOR('',#9881,10.);
#2478=VECTOR('',#9884,10.);
#2479=VECTOR('',#9885,10.);
#2480=VECTOR('',#9886,10.);
#2481=VECTOR('',#9889,10.);
#2482=VECTOR('',#9890,10.);
#2483=VECTOR('',#9891,10.);
#2484=VECTOR('',#9894,10.);
#2485=VECTOR('',#9895,10.);
#2486=VECTOR('',#9896,10.);
#2487=VECTOR('',#9897,10.);
#2488=VECTOR('',#9900,10.);
#2489=VECTOR('',#9901,10.);
#2490=VECTOR('',#9902,10.);
#2491=VECTOR('',#9905,10.);
#2492=VECTOR('',#9906,10.);
#2493=VECTOR('',#9907,10.);
#2494=VECTOR('',#9910,10.);
#2495=VECTOR('',#9911,10.);
#2496=VECTOR('',#9912,10.);
#2497=VECTOR('',#9913,10.);
#2498=VECTOR('',#9916,10.);
#2499=VECTOR('',#9917,10.);
#2500=VECTOR('',#9918,10.);
#2501=VECTOR('',#9921,10.);
#2502=VECTOR('',#9922,10.);
#2503=VECTOR('',#9923,10.);
#2504=VECTOR('',#9926,10.);
#2505=VECTOR('',#9927,10.);
#2506=VECTOR('',#9928,10.);
#2507=VECTOR('',#9929,10.);
#2508=VECTOR('',#9932,10.);
#2509=VECTOR('',#9933,10.);
#2510=VECTOR('',#9934,10.);
#2511=VECTOR('',#9937,10.);
#2512=VECTOR('',#9938,10.);
#2513=VECTOR('',#9939,10.);
#2514=VECTOR('',#9942,10.);
#2515=VECTOR('',#9943,10.);
#2516=VECTOR('',#9944,10.);
#2517=VECTOR('',#9945,10.);
#2518=VECTOR('',#9948,10.);
#2519=VECTOR('',#9949,10.);
#2520=VECTOR('',#9950,10.);
#2521=VECTOR('',#9953,10.);
#2522=VECTOR('',#9954,10.);
#2523=VECTOR('',#9955,10.);
#2524=VECTOR('',#9958,10.);
#2525=VECTOR('',#9959,10.);
#2526=VECTOR('',#9960,10.);
#2527=VECTOR('',#9961,10.);
#2528=VECTOR('',#9964,10.);
#2529=VECTOR('',#9965,10.);
#2530=VECTOR('',#9966,10.);
#2531=VECTOR('',#9969,10.);
#2532=VECTOR('',#9970,10.);
#2533=VECTOR('',#9971,10.);
#2534=VECTOR('',#9974,10.);
#2535=VECTOR('',#9975,10.);
#2536=VECTOR('',#9976,10.);
#2537=VECTOR('',#9977,10.);
#2538=VECTOR('',#9980,10.);
#2539=VECTOR('',#9981,10.);
#2540=VECTOR('',#9982,10.);
#2541=VECTOR('',#9985,10.);
#2542=VECTOR('',#9986,10.);
#2543=VECTOR('',#9987,10.);
#2544=VECTOR('',#9990,10.);
#2545=VECTOR('',#9991,10.);
#2546=VECTOR('',#9992,10.);
#2547=VECTOR('',#9993,10.);
#2548=VECTOR('',#9996,10.);
#2549=VECTOR('',#9997,10.);
#2550=VECTOR('',#9998,10.);
#2551=VECTOR('',#10001,10.);
#2552=VECTOR('',#10002,10.);
#2553=VECTOR('',#10003,10.);
#2554=VECTOR('',#10006,10.);
#2555=VECTOR('',#10007,10.);
#2556=VECTOR('',#10008,10.);
#2557=VECTOR('',#10009,10.);
#2558=VECTOR('',#10012,10.);
#2559=VECTOR('',#10013,10.);
#2560=VECTOR('',#10014,10.);
#2561=VECTOR('',#10015,10.);
#2562=VECTOR('',#10018,10.);
#2563=VECTOR('',#10019,10.);
#2564=VECTOR('',#10022,10.);
#2565=VECTOR('',#10023,10.);
#2566=VECTOR('',#10024,10.);
#2567=VECTOR('',#10025,10.);
#2568=VECTOR('',#10028,10.);
#2569=VECTOR('',#10029,10.);
#2570=VECTOR('',#10030,10.);
#2571=VECTOR('',#10033,10.);
#2572=VECTOR('',#10034,10.);
#2573=VECTOR('',#10035,10.);
#2574=VECTOR('',#10038,10.);
#2575=VECTOR('',#10039,10.);
#2576=VECTOR('',#10040,10.);
#2577=VECTOR('',#10041,10.);
#2578=VECTOR('',#10044,10.);
#2579=VECTOR('',#10045,10.);
#2580=VECTOR('',#10046,10.);
#2581=VECTOR('',#10049,10.);
#2582=VECTOR('',#10050,10.);
#2583=VECTOR('',#10051,10.);
#2584=VECTOR('',#10054,10.);
#2585=VECTOR('',#10055,10.);
#2586=VECTOR('',#10056,10.);
#2587=VECTOR('',#10057,10.);
#2588=VECTOR('',#10060,10.);
#2589=VECTOR('',#10061,10.);
#2590=VECTOR('',#10062,10.);
#2591=VECTOR('',#10063,10.);
#2592=VECTOR('',#10066,10.);
#2593=VECTOR('',#10067,10.);
#2594=VECTOR('',#10070,10.);
#2595=VECTOR('',#10071,10.);
#2596=VECTOR('',#10072,10.);
#2597=VECTOR('',#10073,10.);
#2598=VECTOR('',#10076,10.);
#2599=VECTOR('',#10077,10.);
#2600=VECTOR('',#10078,10.);
#2601=VECTOR('',#10081,10.);
#2602=VECTOR('',#10082,10.);
#2603=VECTOR('',#10083,10.);
#2604=VECTOR('',#10086,10.);
#2605=VECTOR('',#10087,10.);
#2606=VECTOR('',#10088,10.);
#2607=VECTOR('',#10089,10.);
#2608=VECTOR('',#10092,10.);
#2609=VECTOR('',#10093,10.);
#2610=VECTOR('',#10094,10.);
#2611=VECTOR('',#10097,10.);
#2612=VECTOR('',#10098,10.);
#2613=VECTOR('',#10099,10.);
#2614=VECTOR('',#10102,10.);
#2615=VECTOR('',#10103,10.);
#2616=VECTOR('',#10104,10.);
#2617=VECTOR('',#10105,10.);
#2618=VECTOR('',#10108,10.);
#2619=VECTOR('',#10109,10.);
#2620=VECTOR('',#10110,10.);
#2621=VECTOR('',#10113,10.);
#2622=VECTOR('',#10114,10.);
#2623=VECTOR('',#10115,10.);
#2624=VECTOR('',#10118,10.);
#2625=VECTOR('',#10119,10.);
#2626=VECTOR('',#10120,10.);
#2627=VECTOR('',#10121,10.);
#2628=VECTOR('',#10124,10.);
#2629=VECTOR('',#10125,10.);
#2630=VECTOR('',#10126,10.);
#2631=VECTOR('',#10129,10.);
#2632=VECTOR('',#10130,10.);
#2633=VECTOR('',#10131,10.);
#2634=VECTOR('',#10134,10.);
#2635=VECTOR('',#10135,10.);
#2636=VECTOR('',#10136,10.);
#2637=VECTOR('',#10137,10.);
#2638=VECTOR('',#10140,10.);
#2639=VECTOR('',#10141,10.);
#2640=VECTOR('',#10142,10.);
#2641=VECTOR('',#10145,10.);
#2642=VECTOR('',#10146,10.);
#2643=VECTOR('',#10147,10.);
#2644=VECTOR('',#10150,10.);
#2645=VECTOR('',#10151,10.);
#2646=VECTOR('',#10152,10.);
#2647=VECTOR('',#10153,10.);
#2648=VECTOR('',#10156,10.);
#2649=VECTOR('',#10157,10.);
#2650=VECTOR('',#10158,10.);
#2651=VECTOR('',#10161,10.);
#2652=VECTOR('',#10162,10.);
#2653=VECTOR('',#10163,10.);
#2654=VECTOR('',#10166,10.);
#2655=VECTOR('',#10167,10.);
#2656=VECTOR('',#10168,10.);
#2657=VECTOR('',#10169,10.);
#2658=VECTOR('',#10170,10.);
#2659=VECTOR('',#10171,10.);
#2660=VECTOR('',#10172,10.);
#2661=VECTOR('',#10173,10.);
#2662=VECTOR('',#10174,10.);
#2663=VECTOR('',#10175,10.);
#2664=VECTOR('',#10176,10.);
#2665=VECTOR('',#10177,10.);
#2666=VECTOR('',#10178,10.);
#2667=VECTOR('',#10179,10.);
#2668=VECTOR('',#10180,10.);
#2669=VECTOR('',#10181,10.);
#2670=VECTOR('',#10182,10.);
#2671=VECTOR('',#10183,10.);
#2672=VECTOR('',#10184,10.);
#2673=VECTOR('',#10185,10.);
#2674=VECTOR('',#10186,10.);
#2675=VECTOR('',#10187,10.);
#2676=VECTOR('',#10188,10.);
#2677=VECTOR('',#10189,10.);
#2678=VECTOR('',#10190,10.);
#2679=VECTOR('',#10191,10.);
#2680=VECTOR('',#10192,10.);
#2681=VECTOR('',#10193,10.);
#2682=VECTOR('',#10194,10.);
#2683=VECTOR('',#10195,10.);
#2684=VECTOR('',#10196,10.);
#2685=VECTOR('',#10197,10.);
#2686=VECTOR('',#10198,10.);
#2687=VECTOR('',#10199,10.);
#2688=VECTOR('',#10200,10.);
#2689=VECTOR('',#10201,10.);
#2690=VECTOR('',#10202,10.);
#2691=VECTOR('',#10203,10.);
#2692=VECTOR('',#10204,10.);
#2693=VECTOR('',#10205,10.);
#2694=VECTOR('',#10206,10.);
#2695=VECTOR('',#10207,10.);
#2696=VECTOR('',#10208,10.);
#2697=VECTOR('',#10209,10.);
#2698=VECTOR('',#10210,10.);
#2699=VECTOR('',#10211,10.);
#2700=VECTOR('',#10214,10.);
#2701=VECTOR('',#10215,10.);
#2702=VECTOR('',#10216,10.);
#2703=VECTOR('',#10217,10.);
#2704=VECTOR('',#10218,10.);
#2705=VECTOR('',#10219,10.);
#2706=VECTOR('',#10220,10.);
#2707=VECTOR('',#10221,10.);
#2708=VECTOR('',#10222,10.);
#2709=VECTOR('',#10223,10.);
#2710=VECTOR('',#10224,10.);
#2711=VECTOR('',#10225,10.);
#2712=VECTOR('',#10226,10.);
#2713=VECTOR('',#10227,10.);
#2714=VECTOR('',#10228,10.);
#2715=VECTOR('',#10229,10.);
#2716=VECTOR('',#10230,10.);
#2717=VECTOR('',#10231,10.);
#2718=VECTOR('',#10232,10.);
#2719=VECTOR('',#10233,10.);
#2720=VECTOR('',#10234,10.);
#2721=VECTOR('',#10235,10.);
#2722=VECTOR('',#10236,10.);
#2723=VECTOR('',#10237,10.);
#2724=VECTOR('',#10238,10.);
#2725=VECTOR('',#10239,10.);
#2726=VECTOR('',#10240,10.);
#2727=VECTOR('',#10241,10.);
#2728=VECTOR('',#10242,10.);
#2729=VECTOR('',#10243,10.);
#2730=VECTOR('',#10244,10.);
#2731=VECTOR('',#10245,10.);
#2732=VECTOR('',#10246,10.);
#2733=VECTOR('',#10247,10.);
#2734=VECTOR('',#10248,10.);
#2735=VECTOR('',#10249,10.);
#2736=VECTOR('',#10250,10.);
#2737=VECTOR('',#10251,10.);
#2738=VECTOR('',#10252,10.);
#2739=VECTOR('',#10253,10.);
#2740=VECTOR('',#10254,10.);
#2741=VECTOR('',#10255,10.);
#2742=VECTOR('',#10256,10.);
#2743=VECTOR('',#10257,10.);
#2744=VECTOR('',#10258,10.);
#2745=VECTOR('',#10259,10.);
#2746=VECTOR('',#10262,10.);
#2747=VECTOR('',#10263,10.);
#2748=VECTOR('',#10264,10.);
#2749=VECTOR('',#10265,10.);
#2750=VECTOR('',#10268,10.);
#2751=VECTOR('',#10269,10.);
#2752=VECTOR('',#10270,10.);
#2753=VECTOR('',#10273,10.);
#2754=VECTOR('',#10274,10.);
#2755=VECTOR('',#10275,10.);
#2756=VECTOR('',#10276,10.);
#2757=VECTOR('',#10277,10.);
#2758=VECTOR('',#10278,10.);
#2759=VECTOR('',#10279,10.);
#2760=VECTOR('',#10280,10.);
#2761=VECTOR('',#10281,10.);
#2762=VECTOR('',#10282,10.);
#2763=VECTOR('',#10285,10.);
#2764=VECTOR('',#10286,10.);
#2765=VECTOR('',#10289,10.);
#2766=VECTOR('',#10290,10.);
#2767=VECTOR('',#10291,10.);
#2768=VECTOR('',#10292,10.);
#2769=VECTOR('',#10295,10.);
#2770=VECTOR('',#10296,10.);
#2771=VECTOR('',#10297,10.);
#2772=VECTOR('',#10298,10.);
#2773=VECTOR('',#10301,10.);
#2774=VECTOR('',#10302,10.);
#2775=VECTOR('',#10305,10.);
#2776=VECTOR('',#10306,10.);
#2777=VECTOR('',#10307,10.);
#2778=VECTOR('',#10308,10.);
#2779=VECTOR('',#10311,10.);
#2780=VECTOR('',#10312,10.);
#2781=VECTOR('',#10313,10.);
#2782=VECTOR('',#10316,10.);
#2783=VECTOR('',#10317,10.);
#2784=VECTOR('',#10318,10.);
#2785=VECTOR('',#10319,10.);
#2786=VECTOR('',#10320,10.);
#2787=VECTOR('',#10321,10.);
#2788=VECTOR('',#10322,10.);
#2789=VECTOR('',#10323,10.);
#2790=VECTOR('',#10324,10.);
#2791=VECTOR('',#10325,10.);
#2792=VECTOR('',#10328,10.);
#2793=VECTOR('',#10329,10.);
#2794=VECTOR('',#10332,10.);
#2795=VECTOR('',#10333,10.);
#2796=VECTOR('',#10334,10.);
#2797=VECTOR('',#10335,10.);
#2798=VECTOR('',#10338,10.);
#2799=VECTOR('',#10339,10.);
#2800=VECTOR('',#10340,10.);
#2801=VECTOR('',#10343,10.);
#2802=VECTOR('',#10344,10.);
#2803=VECTOR('',#10345,10.);
#2804=VECTOR('',#10348,10.);
#2805=VECTOR('',#10349,10.);
#2806=VECTOR('',#10350,10.);
#2807=VECTOR('',#10351,10.);
#2808=VECTOR('',#10352,10.);
#2809=VECTOR('',#10355,10.);
#2810=VECTOR('',#10356,10.);
#2811=VECTOR('',#10357,10.);
#2812=VECTOR('',#10358,10.);
#2813=VECTOR('',#10359,10.);
#2814=VECTOR('',#10360,10.);
#2815=VECTOR('',#10361,10.);
#2816=VECTOR('',#10362,10.);
#2817=VECTOR('',#10363,10.);
#2818=VECTOR('',#10366,10.);
#2819=VECTOR('',#10367,10.);
#2820=VECTOR('',#10368,10.);
#2821=VECTOR('',#10371,10.);
#2822=VECTOR('',#10372,10.);
#2823=VECTOR('',#10373,10.);
#2824=VECTOR('',#10376,10.);
#2825=VECTOR('',#10377,10.);
#2826=VECTOR('',#10380,10.);
#2827=VECTOR('',#10381,10.);
#2828=VECTOR('',#10382,10.);
#2829=VECTOR('',#10385,10.);
#2830=VECTOR('',#10386,10.);
#2831=VECTOR('',#10387,10.);
#2832=VECTOR('',#10390,10.);
#2833=VECTOR('',#10391,10.);
#2834=VECTOR('',#10394,10.);
#2835=VECTOR('',#10395,10.);
#2836=VECTOR('',#10396,10.);
#2837=VECTOR('',#10399,10.);
#2838=VECTOR('',#10400,10.);
#2839=VECTOR('',#10401,10.);
#2840=VECTOR('',#10404,10.);
#2841=VECTOR('',#10405,10.);
#2842=VECTOR('',#10408,10.);
#2843=VECTOR('',#10409,10.);
#2844=VECTOR('',#10410,10.);
#2845=VECTOR('',#10413,10.);
#2846=VECTOR('',#10414,10.);
#2847=VECTOR('',#10415,10.);
#2848=VECTOR('',#10418,10.);
#2849=VECTOR('',#10419,10.);
#2850=VECTOR('',#10422,10.);
#2851=VECTOR('',#10423,10.);
#2852=VECTOR('',#10424,10.);
#2853=VECTOR('',#10427,10.);
#2854=VECTOR('',#10428,10.);
#2855=VECTOR('',#10431,10.);
#2856=VECTOR('',#10432,10.);
#2857=VECTOR('',#10435,10.);
#2858=VECTOR('',#10452,10.);
#2859=VECTOR('',#10453,10.);
#2860=VECTOR('',#10466,10.);
#2861=VECTOR('',#10467,10.);
#2862=VECTOR('',#10470,10.);
#2863=VECTOR('',#10471,10.);
#2864=VECTOR('',#10484,10.);
#2865=VECTOR('',#10485,10.);
#2866=VECTOR('',#10498,10.);
#2867=VECTOR('',#10499,10.);
#2868=VECTOR('',#10502,10.);
#2869=VECTOR('',#10503,10.);
#2870=VECTOR('',#10506,10.);
#2871=VECTOR('',#10507,10.);
#2872=VECTOR('',#10510,10.);
#2873=VECTOR('',#10511,10.);
#2874=VECTOR('',#10514,10.);
#2875=VECTOR('',#10515,10.);
#2876=VECTOR('',#10516,10.);
#2877=VECTOR('',#10517,10.);
#2878=VECTOR('',#10518,10.);
#2879=VECTOR('',#10521,10.);
#2880=VECTOR('',#10522,10.);
#2881=VECTOR('',#10523,10.);
#2882=VECTOR('',#10524,10.);
#2883=VECTOR('',#10525,10.);
#2884=VECTOR('',#10532,0.4);
#2885=VECTOR('',#10539,10.);
#2886=VECTOR('',#10540,10.);
#2887=VECTOR('',#10541,10.);
#2888=VECTOR('',#10542,10.);
#2889=VECTOR('',#10543,10.);
#2890=VECTOR('',#10546,10.);
#2891=VECTOR('',#10547,10.);
#2892=VECTOR('',#10548,10.);
#2893=VECTOR('',#10549,10.);
#2894=VECTOR('',#10550,10.);
#2895=VECTOR('',#10553,10.);
#2896=VECTOR('',#10554,10.);
#2897=VECTOR('',#10555,10.);
#2898=VECTOR('',#10556,10.);
#2899=VECTOR('',#10557,10.);
#2900=VECTOR('',#10558,10.);
#2901=VECTOR('',#10559,10.);
#2902=VECTOR('',#10560,10.);
#2903=VECTOR('',#10561,10.);
#2904=VECTOR('',#10562,10.);
#2905=VECTOR('',#10563,10.);
#2906=VECTOR('',#10564,10.);
#2907=VECTOR('',#10565,10.);
#2908=VECTOR('',#10566,10.);
#2909=VECTOR('',#10567,10.);
#2910=VECTOR('',#10568,10.);
#2911=VECTOR('',#10569,10.);
#2912=VECTOR('',#10570,10.);
#2913=VECTOR('',#10571,10.);
#2914=VECTOR('',#10572,10.);
#2915=VECTOR('',#10573,10.);
#2916=VECTOR('',#10574,10.);
#2917=VECTOR('',#10575,10.);
#2918=VECTOR('',#10576,10.);
#2919=VECTOR('',#10579,10.);
#2920=VECTOR('',#10580,10.);
#2921=VECTOR('',#10581,10.);
#2922=VECTOR('',#10582,10.);
#2923=VECTOR('',#10585,10.);
#2924=VECTOR('',#10586,10.);
#2925=VECTOR('',#10587,10.);
#2926=VECTOR('',#10590,10.);
#2927=VECTOR('',#10591,10.);
#2928=VECTOR('',#10592,10.);
#2929=VECTOR('',#10595,10.);
#2930=VECTOR('',#10598,10.);
#2931=VECTOR('',#10599,10.);
#2932=VECTOR('',#10600,10.);
#2933=VECTOR('',#10601,10.);
#2934=VECTOR('',#10602,10.);
#2935=VECTOR('',#10603,10.);
#2936=VECTOR('',#10604,10.);
#2937=VECTOR('',#10605,10.);
#2938=VECTOR('',#10606,10.);
#2939=VECTOR('',#10607,10.);
#2940=VECTOR('',#10608,10.);
#2941=VECTOR('',#10609,10.);
#2942=VECTOR('',#10610,10.);
#2943=VECTOR('',#10611,10.);
#2944=VECTOR('',#10612,10.);
#2945=VECTOR('',#10613,10.);
#2946=VECTOR('',#10614,10.);
#2947=VECTOR('',#10615,10.);
#2948=VECTOR('',#10616,10.);
#2949=VECTOR('',#10617,10.);
#2950=VECTOR('',#10618,10.);
#2951=VECTOR('',#10619,10.);
#2952=VECTOR('',#10620,10.);
#2953=VECTOR('',#10621,10.);
#2954=VECTOR('',#10622,10.);
#2955=VECTOR('',#10623,10.);
#2956=VECTOR('',#10624,10.);
#2957=VECTOR('',#10625,10.);
#2958=VECTOR('',#10626,10.);
#2959=VECTOR('',#10627,10.);
#2960=VECTOR('',#10628,10.);
#2961=VECTOR('',#10629,10.);
#2962=VECTOR('',#10630,10.);
#2963=VECTOR('',#10631,10.);
#2964=VECTOR('',#10632,10.);
#2965=VECTOR('',#10633,10.);
#2966=VECTOR('',#10634,10.);
#2967=VECTOR('',#10635,10.);
#2968=VECTOR('',#10636,10.);
#2969=VECTOR('',#10637,10.);
#2970=VECTOR('',#10638,10.);
#2971=VECTOR('',#10639,10.);
#2972=VECTOR('',#10640,10.);
#2973=VECTOR('',#10641,10.);
#2974=VECTOR('',#10642,10.);
#2975=VECTOR('',#10643,10.);
#2976=VECTOR('',#10644,10.);
#2977=VECTOR('',#10645,10.);
#2978=VECTOR('',#10646,10.);
#2979=VECTOR('',#10647,10.);
#2980=VECTOR('',#10648,10.);
#2981=VECTOR('',#10649,10.);
#2982=VECTOR('',#10650,10.);
#2983=VECTOR('',#10651,10.);
#2984=VECTOR('',#10652,10.);
#2985=VECTOR('',#10653,10.);
#2986=VECTOR('',#10654,10.);
#2987=VECTOR('',#10655,10.);
#2988=VECTOR('',#10656,10.);
#2989=VECTOR('',#10657,10.);
#2990=VECTOR('',#10658,10.);
#2991=VECTOR('',#10659,10.);
#2992=VECTOR('',#10660,10.);
#2993=VECTOR('',#10661,10.);
#2994=VECTOR('',#10662,10.);
#2995=VECTOR('',#10663,10.);
#2996=VECTOR('',#10664,10.);
#2997=VECTOR('',#10665,10.);
#2998=VECTOR('',#10666,10.);
#2999=VECTOR('',#10667,10.);
#3000=VECTOR('',#10668,10.);
#3001=VECTOR('',#10669,10.);
#3002=VECTOR('',#10670,10.);
#3003=VECTOR('',#10671,10.);
#3004=VECTOR('',#10672,10.);
#3005=VECTOR('',#10673,10.);
#3006=VECTOR('',#10674,10.);
#3007=VECTOR('',#10675,10.);
#3008=VECTOR('',#10676,10.);
#3009=VECTOR('',#10677,10.);
#3010=VECTOR('',#10678,10.);
#3011=VECTOR('',#10679,10.);
#3012=VECTOR('',#10680,10.);
#3013=VECTOR('',#10681,10.);
#3014=VECTOR('',#10682,10.);
#3015=VECTOR('',#10683,10.);
#3016=VECTOR('',#10684,10.);
#3017=VECTOR('',#10685,10.);
#3018=VECTOR('',#10686,10.);
#3019=VECTOR('',#10687,10.);
#3020=VECTOR('',#10688,10.);
#3021=VECTOR('',#10689,10.);
#3022=VECTOR('',#10690,10.);
#3023=VECTOR('',#10691,10.);
#3024=VECTOR('',#10692,10.);
#3025=VECTOR('',#10693,10.);
#3026=VECTOR('',#10694,10.);
#3027=VECTOR('',#10695,10.);
#3028=VECTOR('',#10696,10.);
#3029=VECTOR('',#10697,10.);
#3030=VECTOR('',#10698,10.);
#3031=VECTOR('',#10699,10.);
#3032=VECTOR('',#10700,10.);
#3033=VECTOR('',#10701,10.);
#3034=VECTOR('',#10702,10.);
#3035=VECTOR('',#10703,10.);
#3036=VECTOR('',#10704,10.);
#3037=VECTOR('',#10705,10.);
#3038=VECTOR('',#10706,10.);
#3039=VECTOR('',#10707,10.);
#3040=VECTOR('',#10708,10.);
#3041=VECTOR('',#10709,10.);
#3042=VECTOR('',#10710,10.);
#3043=VECTOR('',#10711,10.);
#3044=VECTOR('',#10712,10.);
#3045=VECTOR('',#10713,10.);
#3046=VECTOR('',#10714,10.);
#3047=VECTOR('',#10715,10.);
#3048=VECTOR('',#10716,10.);
#3049=VECTOR('',#10717,10.);
#3050=VECTOR('',#10718,10.);
#3051=VECTOR('',#10719,10.);
#3052=VECTOR('',#10720,10.);
#3053=VECTOR('',#10721,10.);
#3054=VECTOR('',#10722,10.);
#3055=VECTOR('',#10723,10.);
#3056=VECTOR('',#10724,10.);
#3057=VECTOR('',#10725,10.);
#3058=VECTOR('',#10726,10.);
#3059=VECTOR('',#10727,10.);
#3060=VECTOR('',#10728,10.);
#3061=VECTOR('',#10729,10.);
#3062=VECTOR('',#10730,10.);
#3063=VECTOR('',#10731,10.);
#3064=VECTOR('',#10732,10.);
#3065=VECTOR('',#10733,10.);
#3066=VECTOR('',#10734,10.);
#3067=VECTOR('',#10735,10.);
#3068=VECTOR('',#10736,10.);
#3069=VECTOR('',#10737,10.);
#3070=VECTOR('',#10738,10.);
#3071=VECTOR('',#10739,10.);
#3072=VECTOR('',#10740,10.);
#3073=VECTOR('',#10741,10.);
#3074=VECTOR('',#10742,10.);
#3075=VECTOR('',#10743,10.);
#3076=VECTOR('',#10744,10.);
#3077=VECTOR('',#10745,10.);
#3078=VECTOR('',#10746,10.);
#3079=VECTOR('',#10747,10.);
#3080=VECTOR('',#10748,10.);
#3081=VECTOR('',#10749,10.);
#3082=VECTOR('',#10750,10.);
#3083=VECTOR('',#10751,10.);
#3084=VECTOR('',#10752,10.);
#3085=VECTOR('',#10753,10.);
#3086=VECTOR('',#10754,10.);
#3087=VECTOR('',#10755,10.);
#3088=VECTOR('',#10756,10.);
#3089=VECTOR('',#10757,10.);
#3090=VECTOR('',#10758,10.);
#3091=VECTOR('',#10759,10.);
#3092=VECTOR('',#10760,10.);
#3093=VECTOR('',#10761,10.);
#3094=VECTOR('',#10762,10.);
#3095=VECTOR('',#10763,10.);
#3096=VECTOR('',#10764,10.);
#3097=VECTOR('',#10765,10.);
#3098=VECTOR('',#10766,10.);
#3099=VECTOR('',#10769,10.);
#3100=VECTOR('',#10770,10.);
#3101=VECTOR('',#10771,10.);
#3102=VECTOR('',#10774,10.);
#3103=VECTOR('',#10775,10.);
#3104=VECTOR('',#10778,10.);
#3105=VECTOR('',#10779,10.);
#3106=VECTOR('',#10782,10.);
#3107=VECTOR('',#10785,10.);
#3108=VECTOR('',#10786,10.);
#3109=VECTOR('',#10787,10.);
#3110=VECTOR('',#10790,10.);
#3111=VECTOR('',#10791,10.);
#3112=VECTOR('',#10794,10.);
#3113=VECTOR('',#10795,10.);
#3114=VECTOR('',#10798,10.);
#3115=VECTOR('',#10801,10.);
#3116=VECTOR('',#10802,10.);
#3117=VECTOR('',#10803,10.);
#3118=VECTOR('',#10806,10.);
#3119=VECTOR('',#10807,10.);
#3120=VECTOR('',#10810,10.);
#3121=VECTOR('',#10811,10.);
#3122=VECTOR('',#10814,10.);
#3123=VECTOR('',#10817,10.);
#3124=VECTOR('',#10818,10.);
#3125=VECTOR('',#10819,10.);
#3126=VECTOR('',#10822,10.);
#3127=VECTOR('',#10823,10.);
#3128=VECTOR('',#10826,10.);
#3129=VECTOR('',#10827,10.);
#3130=VECTOR('',#10830,10.);
#3131=VECTOR('',#10833,10.);
#3132=VECTOR('',#10834,10.);
#3133=VECTOR('',#10835,10.);
#3134=VECTOR('',#10838,10.);
#3135=VECTOR('',#10839,10.);
#3136=VECTOR('',#10842,10.);
#3137=VECTOR('',#10843,10.);
#3138=VECTOR('',#10846,10.);
#3139=VECTOR('',#10849,10.);
#3140=VECTOR('',#10850,10.);
#3141=VECTOR('',#10851,10.);
#3142=VECTOR('',#10852,10.);
#3143=VECTOR('',#10855,10.);
#3144=VECTOR('',#10856,10.);
#3145=VECTOR('',#10859,10.);
#3146=VECTOR('',#10860,10.);
#3147=VECTOR('',#10861,10.);
#3148=VECTOR('',#10864,10.);
#3149=VECTOR('',#10867,10.);
#3150=VECTOR('',#10868,10.);
#3151=VECTOR('',#10869,10.);
#3152=VECTOR('',#10870,10.);
#3153=VECTOR('',#10871,10.);
#3154=VECTOR('',#10872,10.);
#3155=VECTOR('',#10873,10.);
#3156=VECTOR('',#10874,10.);
#3157=VECTOR('',#10875,10.);
#3158=VECTOR('',#10876,10.);
#3159=VECTOR('',#10877,10.);
#3160=VECTOR('',#10878,10.);
#3161=VECTOR('',#10879,10.);
#3162=VECTOR('',#10880,10.);
#3163=VECTOR('',#10881,10.);
#3164=VECTOR('',#10882,10.);
#3165=VECTOR('',#10883,10.);
#3166=VECTOR('',#10884,10.);
#3167=VECTOR('',#10885,10.);
#3168=VECTOR('',#10886,10.);
#3169=VECTOR('',#10887,10.);
#3170=VECTOR('',#10888,10.);
#3171=VECTOR('',#10889,10.);
#3172=VECTOR('',#10890,10.);
#3173=VECTOR('',#10891,10.);
#3174=VECTOR('',#10892,10.);
#3175=VECTOR('',#10893,10.);
#3176=VECTOR('',#10894,10.);
#3177=VECTOR('',#10895,10.);
#3178=VECTOR('',#10896,10.);
#3179=VECTOR('',#10897,10.);
#3180=VECTOR('',#10898,10.);
#3181=VECTOR('',#10899,10.);
#3182=VECTOR('',#10902,10.);
#3183=VECTOR('',#10903,10.);
#3184=VECTOR('',#10904,10.);
#3185=VECTOR('',#10907,10.);
#3186=VECTOR('',#10908,10.);
#3187=VECTOR('',#10911,10.);
#3188=VECTOR('',#10912,10.);
#3189=VECTOR('',#10915,10.);
#3190=VECTOR('',#10918,10.);
#3191=VECTOR('',#10919,10.);
#3192=VECTOR('',#10920,10.);
#3193=VECTOR('',#10923,10.);
#3194=VECTOR('',#10924,10.);
#3195=VECTOR('',#10925,10.);
#3196=VECTOR('',#10928,10.);
#3197=VECTOR('',#10931,10.);
#3198=VECTOR('',#10934,10.);
#3199=VECTOR('',#10935,10.);
#3200=VECTOR('',#10936,10.);
#3201=VECTOR('',#10939,10.);
#3202=VECTOR('',#10940,10.);
#3203=VECTOR('',#10943,10.);
#3204=VECTOR('',#10944,10.);
#3205=VECTOR('',#10947,10.);
#3206=VECTOR('',#10950,10.);
#3207=VECTOR('',#10951,10.);
#3208=VECTOR('',#10952,10.);
#3209=VECTOR('',#10955,10.);
#3210=VECTOR('',#10956,10.);
#3211=VECTOR('',#10959,10.);
#3212=VECTOR('',#10960,10.);
#3213=VECTOR('',#10963,10.);
#3214=VECTOR('',#10966,10.);
#3215=VECTOR('',#10967,10.);
#3216=VECTOR('',#10970,10.);
#3217=VECTOR('',#10971,10.);
#3218=VECTOR('',#10974,10.);
#3219=VECTOR('',#10975,10.);
#3220=VECTOR('',#10978,10.);
#3221=VECTOR('',#10981,10.);
#3222=VECTOR('',#10982,10.);
#3223=VECTOR('',#10983,10.);
#3224=VECTOR('',#10986,10.);
#3225=VECTOR('',#10987,10.);
#3226=VECTOR('',#10990,10.);
#3227=VECTOR('',#10991,10.);
#3228=VECTOR('',#10994,10.);
#3229=VECTOR('',#10997,10.);
#3230=VECTOR('',#10998,10.);
#3231=VECTOR('',#10999,10.);
#3232=VECTOR('',#11002,10.);
#3233=VECTOR('',#11003,10.);
#3234=VECTOR('',#11004,10.);
#3235=VECTOR('',#11007,10.);
#3236=VECTOR('',#11010,10.);
#3237=VECTOR('',#11013,10.);
#3238=VECTOR('',#11014,10.);
#3239=VECTOR('',#11015,10.);
#3240=VECTOR('',#11018,10.);
#3241=VECTOR('',#11019,10.);
#3242=VECTOR('',#11022,10.);
#3243=VECTOR('',#11023,10.);
#3244=VECTOR('',#11026,10.);
#3245=VECTOR('',#11029,10.);
#3246=VECTOR('',#11030,10.);
#3247=VECTOR('',#11031,10.);
#3248=VECTOR('',#11034,10.);
#3249=VECTOR('',#11035,10.);
#3250=VECTOR('',#11038,10.);
#3251=VECTOR('',#11039,10.);
#3252=VECTOR('',#11042,10.);
#3253=VECTOR('',#11045,10.);
#3254=VECTOR('',#11046,10.);
#3255=VECTOR('',#11049,10.);
#3256=VECTOR('',#11050,10.);
#3257=VECTOR('',#11053,10.);
#3258=VECTOR('',#11054,10.);
#3259=VECTOR('',#11057,10.);
#3260=VECTOR('',#11060,10.);
#3261=VECTOR('',#11061,10.);
#3262=VECTOR('',#11062,10.);
#3263=VECTOR('',#11065,10.);
#3264=VECTOR('',#11068,10.);
#3265=VECTOR('',#11069,10.);
#3266=VECTOR('',#11072,10.);
#3267=VECTOR('',#11075,10.);
#3268=VECTOR('',#11076,10.);
#3269=VECTOR('',#11077,10.);
#3270=VECTOR('',#11080,10.);
#3271=VECTOR('',#11081,10.);
#3272=VECTOR('',#11082,10.);
#3273=VECTOR('',#11085,10.);
#3274=VECTOR('',#11088,10.);
#3275=VECTOR('',#11091,10.);
#3276=VECTOR('',#11092,10.);
#3277=VECTOR('',#11093,10.);
#3278=VECTOR('',#11096,10.);
#3279=VECTOR('',#11097,10.);
#3280=VECTOR('',#11100,10.);
#3281=VECTOR('',#11101,10.);
#3282=VECTOR('',#11104,10.);
#3283=VECTOR('',#11107,10.);
#3284=VECTOR('',#11108,10.);
#3285=VECTOR('',#11109,10.);
#3286=VECTOR('',#11112,10.);
#3287=VECTOR('',#11113,10.);
#3288=VECTOR('',#11116,10.);
#3289=VECTOR('',#11117,10.);
#3290=VECTOR('',#11120,10.);
#3291=VECTOR('',#11123,10.);
#3292=VECTOR('',#11124,10.);
#3293=VECTOR('',#11125,10.);
#3294=VECTOR('',#11128,10.);
#3295=VECTOR('',#11129,10.);
#3296=VECTOR('',#11132,10.);
#3297=VECTOR('',#11133,10.);
#3298=VECTOR('',#11136,10.);
#3299=VECTOR('',#11139,10.);
#3300=VECTOR('',#11140,10.);
#3301=VECTOR('',#11141,10.);
#3302=VECTOR('',#11144,10.);
#3303=VECTOR('',#11145,10.);
#3304=VECTOR('',#11148,10.);
#3305=VECTOR('',#11149,10.);
#3306=VECTOR('',#11152,10.);
#3307=VECTOR('',#11155,10.);
#3308=VECTOR('',#11156,10.);
#3309=VECTOR('',#11157,10.);
#3310=VECTOR('',#11160,10.);
#3311=VECTOR('',#11161,10.);
#3312=VECTOR('',#11164,10.);
#3313=VECTOR('',#11165,10.);
#3314=VECTOR('',#11168,10.);
#3315=VECTOR('',#11171,10.);
#3316=VECTOR('',#11172,10.);
#3317=VECTOR('',#11173,10.);
#3318=VECTOR('',#11176,10.);
#3319=VECTOR('',#11177,10.);
#3320=VECTOR('',#11180,10.);
#3321=VECTOR('',#11181,10.);
#3322=VECTOR('',#11184,10.);
#3323=VECTOR('',#11187,10.);
#3324=VECTOR('',#11188,10.);
#3325=VECTOR('',#11189,10.);
#3326=VECTOR('',#11192,10.);
#3327=VECTOR('',#11193,10.);
#3328=VECTOR('',#11196,10.);
#3329=VECTOR('',#11197,10.);
#3330=VECTOR('',#11200,10.);
#3331=VECTOR('',#11203,10.);
#3332=VECTOR('',#11204,10.);
#3333=VECTOR('',#11205,10.);
#3334=VECTOR('',#11208,10.);
#3335=VECTOR('',#11209,10.);
#3336=VECTOR('',#11212,10.);
#3337=VECTOR('',#11213,10.);
#3338=VECTOR('',#11216,10.);
#3339=VECTOR('',#11219,10.);
#3340=VECTOR('',#11220,10.);
#3341=VECTOR('',#11221,10.);
#3342=VECTOR('',#11224,10.);
#3343=VECTOR('',#11225,10.);
#3344=VECTOR('',#11226,10.);
#3345=VECTOR('',#11229,10.);
#3346=VECTOR('',#11232,10.);
#3347=VECTOR('',#11235,10.);
#3348=VECTOR('',#11236,10.);
#3349=VECTOR('',#11237,10.);
#3350=VECTOR('',#11240,10.);
#3351=VECTOR('',#11241,10.);
#3352=VECTOR('',#11242,10.);
#3353=VECTOR('',#11247,10.);
#3354=VECTOR('',#11250,10.);
#3355=VECTOR('',#11251,10.);
#3356=VECTOR('',#11252,10.);
#3357=VECTOR('',#11255,10.);
#3358=VECTOR('',#11256,10.);
#3359=VECTOR('',#11259,10.);
#3360=VECTOR('',#11260,10.);
#3361=VECTOR('',#11263,10.);
#3362=VECTOR('',#11266,10.);
#3363=VECTOR('',#11267,10.);
#3364=VECTOR('',#11268,10.);
#3365=VECTOR('',#11271,10.);
#3366=VECTOR('',#11272,10.);
#3367=VECTOR('',#11273,10.);
#3368=VECTOR('',#11276,10.);
#3369=VECTOR('',#11279,10.);
#3370=VECTOR('',#11282,10.);
#3371=VECTOR('',#11283,10.);
#3372=VECTOR('',#11284,10.);
#3373=VECTOR('',#11287,10.);
#3374=VECTOR('',#11288,10.);
#3375=VECTOR('',#11291,10.);
#3376=VECTOR('',#11292,10.);
#3377=VECTOR('',#11295,10.);
#3378=VECTOR('',#11298,10.);
#3379=VECTOR('',#11299,10.);
#3380=VECTOR('',#11300,10.);
#3381=VECTOR('',#11303,10.);
#3382=VECTOR('',#11304,10.);
#3383=VECTOR('',#11305,10.);
#3384=VECTOR('',#11308,10.);
#3385=VECTOR('',#11311,10.);
#3386=VECTOR('',#11314,10.);
#3387=VECTOR('',#11315,10.);
#3388=VECTOR('',#11316,10.);
#3389=VECTOR('',#11319,10.);
#3390=VECTOR('',#11320,10.);
#3391=VECTOR('',#11323,10.);
#3392=VECTOR('',#11324,10.);
#3393=VECTOR('',#11327,10.);
#3394=VECTOR('',#11330,10.);
#3395=VECTOR('',#11331,10.);
#3396=VECTOR('',#11332,10.);
#3397=VECTOR('',#11335,10.);
#3398=VECTOR('',#11336,10.);
#3399=VECTOR('',#11339,10.);
#3400=VECTOR('',#11340,10.);
#3401=VECTOR('',#11343,10.);
#3402=VECTOR('',#11346,10.);
#3403=VECTOR('',#11347,10.);
#3404=VECTOR('',#11348,10.);
#3405=VECTOR('',#11351,10.);
#3406=VECTOR('',#11354,10.);
#3407=VECTOR('',#11355,10.);
#3408=VECTOR('',#11358,10.);
#3409=VECTOR('',#11361,10.);
#3410=VECTOR('',#11362,10.);
#3411=VECTOR('',#11363,10.);
#3412=VECTOR('',#11366,10.);
#3413=VECTOR('',#11367,10.);
#3414=VECTOR('',#11370,10.);
#3415=VECTOR('',#11371,10.);
#3416=VECTOR('',#11374,10.);
#3417=VECTOR('',#11377,10.);
#3418=VECTOR('',#11378,10.);
#3419=VECTOR('',#11379,10.);
#3420=VECTOR('',#11382,10.);
#3421=VECTOR('',#11383,10.);
#3422=VECTOR('',#11386,10.);
#3423=VECTOR('',#11387,10.);
#3424=VECTOR('',#11390,10.);
#3425=VECTOR('',#11393,10.);
#3426=VECTOR('',#11394,10.);
#3427=VECTOR('',#11395,10.);
#3428=VECTOR('',#11398,10.);
#3429=VECTOR('',#11399,10.);
#3430=VECTOR('',#11400,10.);
#3431=VECTOR('',#11405,10.);
#3432=VECTOR('',#11408,10.);
#3433=VECTOR('',#11409,10.);
#3434=VECTOR('',#11410,10.);
#3435=VECTOR('',#11413,10.);
#3436=VECTOR('',#11414,10.);
#3437=VECTOR('',#11417,10.);
#3438=VECTOR('',#11418,10.);
#3439=VECTOR('',#11421,10.);
#3440=VECTOR('',#11424,10.);
#3441=VECTOR('',#11425,10.);
#3442=VECTOR('',#11426,10.);
#3443=VECTOR('',#11429,10.);
#3444=VECTOR('',#11432,10.);
#3445=VECTOR('',#11433,10.);
#3446=VECTOR('',#11436,10.);
#3447=VECTOR('',#11439,10.);
#3448=VECTOR('',#11440,10.);
#3449=VECTOR('',#11441,10.);
#3450=VECTOR('',#11444,10.);
#3451=VECTOR('',#11445,10.);
#3452=VECTOR('',#11448,10.);
#3453=VECTOR('',#11449,10.);
#3454=VECTOR('',#11450,10.);
#3455=VECTOR('',#11451,10.);
#3456=VECTOR('',#11454,10.);
#3457=VECTOR('',#11459,10.);
#3458=VECTOR('',#11460,10.);
#3459=VECTOR('',#11461,10.);
#3460=VECTOR('',#11464,10.);
#3461=VECTOR('',#11465,10.);
#3462=VECTOR('',#11468,10.);
#3463=VECTOR('',#11469,10.);
#3464=VECTOR('',#11472,10.);
#3465=VECTOR('',#11475,10.);
#3466=VECTOR('',#11476,10.);
#3467=VECTOR('',#11477,10.);
#3468=VECTOR('',#11480,10.);
#3469=VECTOR('',#11481,10.);
#3470=VECTOR('',#11484,10.);
#3471=VECTOR('',#11485,10.);
#3472=VECTOR('',#11488,10.);
#3473=VECTOR('',#11491,10.);
#3474=VECTOR('',#11492,10.);
#3475=VECTOR('',#11493,10.);
#3476=VECTOR('',#11496,10.);
#3477=VECTOR('',#11497,10.);
#3478=VECTOR('',#11500,10.);
#3479=VECTOR('',#11501,10.);
#3480=VECTOR('',#11504,10.);
#3481=VECTOR('',#11507,10.);
#3482=VECTOR('',#11508,10.);
#3483=VECTOR('',#11509,10.);
#3484=VECTOR('',#11510,10.);
#3485=VECTOR('',#11511,10.);
#3486=VECTOR('',#11514,10.);
#3487=VECTOR('',#11515,10.);
#3488=VECTOR('',#11518,10.);
#3489=VECTOR('',#11519,10.);
#3490=VECTOR('',#11522,10.);
#3491=VECTOR('',#11527,10.);
#3492=VECTOR('',#11528,10.);
#3493=VECTOR('',#11529,10.);
#3494=VECTOR('',#11532,10.);
#3495=VECTOR('',#11533,10.);
#3496=VECTOR('',#11536,10.);
#3497=VECTOR('',#11537,10.);
#3498=VECTOR('',#11540,10.);
#3499=VECTOR('',#11543,10.);
#3500=VECTOR('',#11544,10.);
#3501=VECTOR('',#11545,10.);
#3502=VECTOR('',#11548,10.);
#3503=VECTOR('',#11549,10.);
#3504=VECTOR('',#11552,10.);
#3505=VECTOR('',#11553,10.);
#3506=VECTOR('',#11556,10.);
#3507=VECTOR('',#11561,10.);
#3508=VECTOR('',#11562,10.);
#3509=VECTOR('',#11563,10.);
#3510=VECTOR('',#11566,10.);
#3511=VECTOR('',#11567,10.);
#3512=VECTOR('',#11570,10.);
#3513=VECTOR('',#11571,10.);
#3514=VECTOR('',#11574,10.);
#3515=VECTOR('',#11577,10.);
#3516=VECTOR('',#11578,10.);
#3517=VECTOR('',#11579,10.);
#3518=VECTOR('',#11582,10.);
#3519=VECTOR('',#11583,10.);
#3520=VECTOR('',#11586,10.);
#3521=VECTOR('',#11587,10.);
#3522=VECTOR('',#11590,10.);
#3523=VERTEX_POINT('',#11595);
#3524=VERTEX_POINT('',#11596);
#3525=VERTEX_POINT('',#11598);
#3526=VERTEX_POINT('',#11600);
#3527=VERTEX_POINT('',#11604);
#3528=VERTEX_POINT('',#11606);
#3529=VERTEX_POINT('',#11610);
#3530=VERTEX_POINT('',#11612);
#3531=VERTEX_POINT('',#11616);
#3532=VERTEX_POINT('',#11617);
#3533=VERTEX_POINT('',#11619);
#3534=VERTEX_POINT('',#11621);
#3535=VERTEX_POINT('',#11625);
#3536=VERTEX_POINT('',#11627);
#3537=VERTEX_POINT('',#11631);
#3538=VERTEX_POINT('',#11633);
#3539=VERTEX_POINT('',#11637);
#3540=VERTEX_POINT('',#11638);
#3541=VERTEX_POINT('',#11640);
#3542=VERTEX_POINT('',#11642);
#3543=VERTEX_POINT('',#11646);
#3544=VERTEX_POINT('',#11648);
#3545=VERTEX_POINT('',#11652);
#3546=VERTEX_POINT('',#11654);
#3547=VERTEX_POINT('',#11658);
#3548=VERTEX_POINT('',#11659);
#3549=VERTEX_POINT('',#11661);
#3550=VERTEX_POINT('',#11663);
#3551=VERTEX_POINT('',#11667);
#3552=VERTEX_POINT('',#11669);
#3553=VERTEX_POINT('',#11673);
#3554=VERTEX_POINT('',#11675);
#3555=VERTEX_POINT('',#11679);
#3556=VERTEX_POINT('',#11680);
#3557=VERTEX_POINT('',#11682);
#3558=VERTEX_POINT('',#11684);
#3559=VERTEX_POINT('',#11688);
#3560=VERTEX_POINT('',#11690);
#3561=VERTEX_POINT('',#11694);
#3562=VERTEX_POINT('',#11696);
#3563=VERTEX_POINT('',#11700);
#3564=VERTEX_POINT('',#11701);
#3565=VERTEX_POINT('',#11703);
#3566=VERTEX_POINT('',#11705);
#3567=VERTEX_POINT('',#11709);
#3568=VERTEX_POINT('',#11711);
#3569=VERTEX_POINT('',#11715);
#3570=VERTEX_POINT('',#11717);
#3571=VERTEX_POINT('',#11721);
#3572=VERTEX_POINT('',#11722);
#3573=VERTEX_POINT('',#11724);
#3574=VERTEX_POINT('',#11726);
#3575=VERTEX_POINT('',#11730);
#3576=VERTEX_POINT('',#11732);
#3577=VERTEX_POINT('',#11736);
#3578=VERTEX_POINT('',#11738);
#3579=VERTEX_POINT('',#11742);
#3580=VERTEX_POINT('',#11743);
#3581=VERTEX_POINT('',#11745);
#3582=VERTEX_POINT('',#11747);
#3583=VERTEX_POINT('',#11751);
#3584=VERTEX_POINT('',#11753);
#3585=VERTEX_POINT('',#11757);
#3586=VERTEX_POINT('',#11759);
#3587=VERTEX_POINT('',#11763);
#3588=VERTEX_POINT('',#11764);
#3589=VERTEX_POINT('',#11766);
#3590=VERTEX_POINT('',#11768);
#3591=VERTEX_POINT('',#11772);
#3592=VERTEX_POINT('',#11774);
#3593=VERTEX_POINT('',#11778);
#3594=VERTEX_POINT('',#11780);
#3595=VERTEX_POINT('',#11784);
#3596=VERTEX_POINT('',#11785);
#3597=VERTEX_POINT('',#11787);
#3598=VERTEX_POINT('',#11789);
#3599=VERTEX_POINT('',#11793);
#3600=VERTEX_POINT('',#11794);
#3601=VERTEX_POINT('',#11796);
#3602=VERTEX_POINT('',#11798);
#3603=VERTEX_POINT('',#11805);
#3604=VERTEX_POINT('',#11806);
#3605=VERTEX_POINT('',#11808);
#3606=VERTEX_POINT('',#11810);
#3607=VERTEX_POINT('',#11814);
#3608=VERTEX_POINT('',#11815);
#3609=VERTEX_POINT('',#11817);
#3610=VERTEX_POINT('',#11819);
#3611=VERTEX_POINT('',#11826);
#3612=VERTEX_POINT('',#11827);
#3613=VERTEX_POINT('',#11829);
#3614=VERTEX_POINT('',#11831);
#3615=VERTEX_POINT('',#11835);
#3616=VERTEX_POINT('',#11837);
#3617=VERTEX_POINT('',#11841);
#3618=VERTEX_POINT('',#11843);
#3619=VERTEX_POINT('',#11847);
#3620=VERTEX_POINT('',#11848);
#3621=VERTEX_POINT('',#11850);
#3622=VERTEX_POINT('',#11852);
#3623=VERTEX_POINT('',#11856);
#3624=VERTEX_POINT('',#11858);
#3625=VERTEX_POINT('',#11862);
#3626=VERTEX_POINT('',#11864);
#3627=VERTEX_POINT('',#11868);
#3628=VERTEX_POINT('',#11869);
#3629=VERTEX_POINT('',#11871);
#3630=VERTEX_POINT('',#11873);
#3631=VERTEX_POINT('',#11877);
#3632=VERTEX_POINT('',#11879);
#3633=VERTEX_POINT('',#11883);
#3634=VERTEX_POINT('',#11885);
#3635=VERTEX_POINT('',#11889);
#3636=VERTEX_POINT('',#11890);
#3637=VERTEX_POINT('',#11892);
#3638=VERTEX_POINT('',#11894);
#3639=VERTEX_POINT('',#11898);
#3640=VERTEX_POINT('',#11900);
#3641=VERTEX_POINT('',#11904);
#3642=VERTEX_POINT('',#11906);
#3643=VERTEX_POINT('',#11910);
#3644=VERTEX_POINT('',#11911);
#3645=VERTEX_POINT('',#11913);
#3646=VERTEX_POINT('',#11915);
#3647=VERTEX_POINT('',#11919);
#3648=VERTEX_POINT('',#11921);
#3649=VERTEX_POINT('',#11925);
#3650=VERTEX_POINT('',#11927);
#3651=VERTEX_POINT('',#11931);
#3652=VERTEX_POINT('',#11932);
#3653=VERTEX_POINT('',#11934);
#3654=VERTEX_POINT('',#11936);
#3655=VERTEX_POINT('',#11940);
#3656=VERTEX_POINT('',#11942);
#3657=VERTEX_POINT('',#11946);
#3658=VERTEX_POINT('',#11948);
#3659=VERTEX_POINT('',#11952);
#3660=VERTEX_POINT('',#11953);
#3661=VERTEX_POINT('',#11955);
#3662=VERTEX_POINT('',#11957);
#3663=VERTEX_POINT('',#11961);
#3664=VERTEX_POINT('',#11963);
#3665=VERTEX_POINT('',#11967);
#3666=VERTEX_POINT('',#11969);
#3667=VERTEX_POINT('',#11973);
#3668=VERTEX_POINT('',#11974);
#3669=VERTEX_POINT('',#11976);
#3670=VERTEX_POINT('',#11978);
#3671=VERTEX_POINT('',#11982);
#3672=VERTEX_POINT('',#11984);
#3673=VERTEX_POINT('',#11988);
#3674=VERTEX_POINT('',#11990);
#3675=VERTEX_POINT('',#11994);
#3676=VERTEX_POINT('',#11995);
#3677=VERTEX_POINT('',#11997);
#3678=VERTEX_POINT('',#11999);
#3679=VERTEX_POINT('',#12003);
#3680=VERTEX_POINT('',#12005);
#3681=VERTEX_POINT('',#12009);
#3682=VERTEX_POINT('',#12011);
#3683=VERTEX_POINT('',#12015);
#3684=VERTEX_POINT('',#12016);
#3685=VERTEX_POINT('',#12018);
#3686=VERTEX_POINT('',#12020);
#3687=VERTEX_POINT('',#12024);
#3688=VERTEX_POINT('',#12025);
#3689=VERTEX_POINT('',#12027);
#3690=VERTEX_POINT('',#12029);
#3691=VERTEX_POINT('',#12036);
#3692=VERTEX_POINT('',#12037);
#3693=VERTEX_POINT('',#12039);
#3694=VERTEX_POINT('',#12041);
#3695=VERTEX_POINT('',#12045);
#3696=VERTEX_POINT('',#12047);
#3697=VERTEX_POINT('',#12051);
#3698=VERTEX_POINT('',#12053);
#3699=VERTEX_POINT('',#12057);
#3700=VERTEX_POINT('',#12058);
#3701=VERTEX_POINT('',#12060);
#3702=VERTEX_POINT('',#12062);
#3703=VERTEX_POINT('',#12066);
#3704=VERTEX_POINT('',#12068);
#3705=VERTEX_POINT('',#12072);
#3706=VERTEX_POINT('',#12074);
#3707=VERTEX_POINT('',#12078);
#3708=VERTEX_POINT('',#12079);
#3709=VERTEX_POINT('',#12081);
#3710=VERTEX_POINT('',#12083);
#3711=VERTEX_POINT('',#12087);
#3712=VERTEX_POINT('',#12088);
#3713=VERTEX_POINT('',#12090);
#3714=VERTEX_POINT('',#12092);
#3715=VERTEX_POINT('',#12099);
#3716=VERTEX_POINT('',#12100);
#3717=VERTEX_POINT('',#12102);
#3718=VERTEX_POINT('',#12104);
#3719=VERTEX_POINT('',#12108);
#3720=VERTEX_POINT('',#12110);
#3721=VERTEX_POINT('',#12114);
#3722=VERTEX_POINT('',#12116);
#3723=VERTEX_POINT('',#12120);
#3724=VERTEX_POINT('',#12121);
#3725=VERTEX_POINT('',#12123);
#3726=VERTEX_POINT('',#12125);
#3727=VERTEX_POINT('',#12129);
#3728=VERTEX_POINT('',#12131);
#3729=VERTEX_POINT('',#12135);
#3730=VERTEX_POINT('',#12137);
#3731=VERTEX_POINT('',#12141);
#3732=VERTEX_POINT('',#12142);
#3733=VERTEX_POINT('',#12144);
#3734=VERTEX_POINT('',#12146);
#3735=VERTEX_POINT('',#12150);
#3736=VERTEX_POINT('',#12152);
#3737=VERTEX_POINT('',#12156);
#3738=VERTEX_POINT('',#12158);
#3739=VERTEX_POINT('',#12162);
#3740=VERTEX_POINT('',#12163);
#3741=VERTEX_POINT('',#12165);
#3742=VERTEX_POINT('',#12167);
#3743=VERTEX_POINT('',#12171);
#3744=VERTEX_POINT('',#12173);
#3745=VERTEX_POINT('',#12177);
#3746=VERTEX_POINT('',#12179);
#3747=VERTEX_POINT('',#12183);
#3748=VERTEX_POINT('',#12184);
#3749=VERTEX_POINT('',#12186);
#3750=VERTEX_POINT('',#12188);
#3751=VERTEX_POINT('',#12192);
#3752=VERTEX_POINT('',#12194);
#3753=VERTEX_POINT('',#12198);
#3754=VERTEX_POINT('',#12200);
#3755=VERTEX_POINT('',#12204);
#3756=VERTEX_POINT('',#12205);
#3757=VERTEX_POINT('',#12207);
#3758=VERTEX_POINT('',#12209);
#3759=VERTEX_POINT('',#12213);
#3760=VERTEX_POINT('',#12215);
#3761=VERTEX_POINT('',#12219);
#3762=VERTEX_POINT('',#12221);
#3763=VERTEX_POINT('',#12225);
#3764=VERTEX_POINT('',#12226);
#3765=VERTEX_POINT('',#12228);
#3766=VERTEX_POINT('',#12230);
#3767=VERTEX_POINT('',#12234);
#3768=VERTEX_POINT('',#12236);
#3769=VERTEX_POINT('',#12240);
#3770=VERTEX_POINT('',#12242);
#3771=VERTEX_POINT('',#12246);
#3772=VERTEX_POINT('',#12247);
#3773=VERTEX_POINT('',#12249);
#3774=VERTEX_POINT('',#12251);
#3775=VERTEX_POINT('',#12255);
#3776=VERTEX_POINT('',#12257);
#3777=VERTEX_POINT('',#12261);
#3778=VERTEX_POINT('',#12263);
#3779=VERTEX_POINT('',#12267);
#3780=VERTEX_POINT('',#12268);
#3781=VERTEX_POINT('',#12270);
#3782=VERTEX_POINT('',#12272);
#3783=VERTEX_POINT('',#12276);
#3784=VERTEX_POINT('',#12277);
#3785=VERTEX_POINT('',#12279);
#3786=VERTEX_POINT('',#12281);
#3787=VERTEX_POINT('',#12288);
#3788=VERTEX_POINT('',#12289);
#3789=VERTEX_POINT('',#12291);
#3790=VERTEX_POINT('',#12293);
#3791=VERTEX_POINT('',#12297);
#3792=VERTEX_POINT('',#12299);
#3793=VERTEX_POINT('',#12303);
#3794=VERTEX_POINT('',#12305);
#3795=VERTEX_POINT('',#12309);
#3796=VERTEX_POINT('',#12310);
#3797=VERTEX_POINT('',#12312);
#3798=VERTEX_POINT('',#12314);
#3799=VERTEX_POINT('',#12318);
#3800=VERTEX_POINT('',#12320);
#3801=VERTEX_POINT('',#12324);
#3802=VERTEX_POINT('',#12326);
#3803=VERTEX_POINT('',#12330);
#3804=VERTEX_POINT('',#12331);
#3805=VERTEX_POINT('',#12333);
#3806=VERTEX_POINT('',#12335);
#3807=VERTEX_POINT('',#12339);
#3808=VERTEX_POINT('',#12340);
#3809=VERTEX_POINT('',#12342);
#3810=VERTEX_POINT('',#12344);
#3811=VERTEX_POINT('',#12351);
#3812=VERTEX_POINT('',#12352);
#3813=VERTEX_POINT('',#12354);
#3814=VERTEX_POINT('',#12356);
#3815=VERTEX_POINT('',#12360);
#3816=VERTEX_POINT('',#12362);
#3817=VERTEX_POINT('',#12366);
#3818=VERTEX_POINT('',#12368);
#3819=VERTEX_POINT('',#12372);
#3820=VERTEX_POINT('',#12373);
#3821=VERTEX_POINT('',#12375);
#3822=VERTEX_POINT('',#12377);
#3823=VERTEX_POINT('',#12381);
#3824=VERTEX_POINT('',#12383);
#3825=VERTEX_POINT('',#12387);
#3826=VERTEX_POINT('',#12389);
#3827=VERTEX_POINT('',#12393);
#3828=VERTEX_POINT('',#12394);
#3829=VERTEX_POINT('',#12396);
#3830=VERTEX_POINT('',#12398);
#3831=VERTEX_POINT('',#12402);
#3832=VERTEX_POINT('',#12404);
#3833=VERTEX_POINT('',#12408);
#3834=VERTEX_POINT('',#12410);
#3835=VERTEX_POINT('',#12414);
#3836=VERTEX_POINT('',#12415);
#3837=VERTEX_POINT('',#12417);
#3838=VERTEX_POINT('',#12419);
#3839=VERTEX_POINT('',#12423);
#3840=VERTEX_POINT('',#12425);
#3841=VERTEX_POINT('',#12429);
#3842=VERTEX_POINT('',#12431);
#3843=VERTEX_POINT('',#12435);
#3844=VERTEX_POINT('',#12436);
#3845=VERTEX_POINT('',#12438);
#3846=VERTEX_POINT('',#12440);
#3847=VERTEX_POINT('',#12444);
#3848=VERTEX_POINT('',#12446);
#3849=VERTEX_POINT('',#12450);
#3850=VERTEX_POINT('',#12452);
#3851=VERTEX_POINT('',#12456);
#3852=VERTEX_POINT('',#12457);
#3853=VERTEX_POINT('',#12459);
#3854=VERTEX_POINT('',#12461);
#3855=VERTEX_POINT('',#12465);
#3856=VERTEX_POINT('',#12467);
#3857=VERTEX_POINT('',#12471);
#3858=VERTEX_POINT('',#12473);
#3859=VERTEX_POINT('',#12477);
#3860=VERTEX_POINT('',#12485);
#3861=VERTEX_POINT('',#12501);
#3862=VERTEX_POINT('',#12510);
#3863=VERTEX_POINT('',#12528);
#3864=VERTEX_POINT('',#12529);
#3865=VERTEX_POINT('',#12531);
#3866=VERTEX_POINT('',#12533);
#3867=VERTEX_POINT('',#12579);
#3868=VERTEX_POINT('',#12580);
#3869=VERTEX_POINT('',#12582);
#3870=VERTEX_POINT('',#12584);
#3871=VERTEX_POINT('',#12588);
#3872=VERTEX_POINT('',#12590);
#3873=VERTEX_POINT('',#12594);
#3874=VERTEX_POINT('',#12596);
#3875=VERTEX_POINT('',#12599);
#3876=VERTEX_POINT('',#12601);
#3877=VERTEX_POINT('',#12603);
#3878=VERTEX_POINT('',#12605);
#3879=VERTEX_POINT('',#12607);
#3880=VERTEX_POINT('',#12609);
#3881=VERTEX_POINT('',#12616);
#3882=VERTEX_POINT('',#12617);
#3883=VERTEX_POINT('',#12619);
#3884=VERTEX_POINT('',#12621);
#3885=VERTEX_POINT('',#12625);
#3886=VERTEX_POINT('',#12626);
#3887=VERTEX_POINT('',#12628);
#3888=VERTEX_POINT('',#12630);
#3889=VERTEX_POINT('',#12637);
#3890=VERTEX_POINT('',#12638);
#3891=VERTEX_POINT('',#12640);
#3892=VERTEX_POINT('',#12642);
#3893=VERTEX_POINT('',#12646);
#3894=VERTEX_POINT('',#12648);
#3895=VERTEX_POINT('',#12652);
#3896=VERTEX_POINT('',#12654);
#3897=VERTEX_POINT('',#12656);
#3898=VERTEX_POINT('',#12658);
#3899=VERTEX_POINT('',#12660);
#3900=VERTEX_POINT('',#12662);
#3901=VERTEX_POINT('',#12665);
#3902=VERTEX_POINT('',#12667);
#3903=VERTEX_POINT('',#12674);
#3904=VERTEX_POINT('',#12675);
#3905=VERTEX_POINT('',#12677);
#3906=VERTEX_POINT('',#12679);
#3907=VERTEX_POINT('',#12683);
#3908=VERTEX_POINT('',#12685);
#3909=VERTEX_POINT('',#12689);
#3910=VERTEX_POINT('',#12691);
#3911=VERTEX_POINT('',#12701);
#3912=VERTEX_POINT('',#12702);
#3913=VERTEX_POINT('',#12704);
#3914=VERTEX_POINT('',#12706);
#3915=VERTEX_POINT('',#12708);
#3916=VERTEX_POINT('',#12710);
#3917=VERTEX_POINT('',#12712);
#3918=VERTEX_POINT('',#12715);
#3919=VERTEX_POINT('',#12719);
#3920=VERTEX_POINT('',#12721);
#3921=VERTEX_POINT('',#12725);
#3922=VERTEX_POINT('',#12727);
#3923=VERTEX_POINT('',#12734);
#3924=VERTEX_POINT('',#12736);
#3925=VERTEX_POINT('',#12740);
#3926=VERTEX_POINT('',#12742);
#3927=VERTEX_POINT('',#12749);
#3928=VERTEX_POINT('',#12751);
#3929=VERTEX_POINT('',#12755);
#3930=VERTEX_POINT('',#12757);
#3931=VERTEX_POINT('',#12764);
#3932=VERTEX_POINT('',#12766);
#3933=VERTEX_POINT('',#12770);
#3934=VERTEX_POINT('',#12772);
#3935=VERTEX_POINT('',#12779);
#3936=VERTEX_POINT('',#12780);
#3937=VERTEX_POINT('',#12785);
#3938=VERTEX_POINT('',#12789);
#3939=VERTEX_POINT('',#12797);
#3940=VERTEX_POINT('',#12798);
#3941=VERTEX_POINT('',#12800);
#3942=VERTEX_POINT('',#12804);
#3943=VERTEX_POINT('',#12805);
#3944=VERTEX_POINT('',#12810);
#3945=VERTEX_POINT('',#12811);
#3946=VERTEX_POINT('',#12813);
#3947=VERTEX_POINT('',#12817);
#3948=VERTEX_POINT('',#12818);
#3949=VERTEX_POINT('',#12826);
#3950=VERTEX_POINT('',#12827);
#3951=VERTEX_POINT('',#12829);
#3952=VERTEX_POINT('',#12833);
#3953=VERTEX_POINT('',#12834);
#3954=VERTEX_POINT('',#12839);
#3955=VERTEX_POINT('',#12840);
#3956=VERTEX_POINT('',#12842);
#3957=VERTEX_POINT('',#12846);
#3958=VERTEX_POINT('',#12847);
#3959=VERTEX_POINT('',#12861);
#3960=VERTEX_POINT('',#12863);
#3961=VERTEX_POINT('',#12865);
#3962=VERTEX_POINT('',#12867);
#3963=VERTEX_POINT('',#12871);
#3964=VERTEX_POINT('',#12873);
#3965=VERTEX_POINT('',#12875);
#3966=VERTEX_POINT('',#12877);
#3967=VERTEX_POINT('',#12881);
#3968=VERTEX_POINT('',#12884);
#3969=VERTEX_POINT('',#12889);
#3970=VERTEX_POINT('',#12891);
#3971=VERTEX_POINT('',#12893);
#3972=VERTEX_POINT('',#12895);
#3973=VERTEX_POINT('',#12899);
#3974=VERTEX_POINT('',#12901);
#3975=VERTEX_POINT('',#12903);
#3976=VERTEX_POINT('',#12905);
#3977=VERTEX_POINT('',#12909);
#3978=VERTEX_POINT('',#12911);
#3979=VERTEX_POINT('',#12913);
#3980=VERTEX_POINT('',#12916);
#3981=VERTEX_POINT('',#12918);
#3982=VERTEX_POINT('',#12921);
#3983=VERTEX_POINT('',#12923);
#3984=VERTEX_POINT('',#12926);
#3985=VERTEX_POINT('',#12928);
#3986=VERTEX_POINT('',#12931);
#3987=VERTEX_POINT('',#12933);
#3988=VERTEX_POINT('',#12936);
#3989=VERTEX_POINT('',#12938);
#3990=VERTEX_POINT('',#12941);
#3991=VERTEX_POINT('',#12943);
#3992=VERTEX_POINT('',#12946);
#3993=VERTEX_POINT('',#12950);
#3994=VERTEX_POINT('',#12951);
#3995=VERTEX_POINT('',#12953);
#3996=VERTEX_POINT('',#12955);
#3997=VERTEX_POINT('',#12959);
#3998=VERTEX_POINT('',#12961);
#3999=VERTEX_POINT('',#12965);
#4000=VERTEX_POINT('',#12967);
#4001=VERTEX_POINT('',#12973);
#4002=VERTEX_POINT('',#12975);
#4003=VERTEX_POINT('',#12977);
#4004=VERTEX_POINT('',#12979);
#4005=VERTEX_POINT('',#12981);
#4006=VERTEX_POINT('',#12983);
#4007=VERTEX_POINT('',#12985);
#4008=VERTEX_POINT('',#12987);
#4009=VERTEX_POINT('',#12989);
#4010=VERTEX_POINT('',#12991);
#4011=VERTEX_POINT('',#12993);
#4012=VERTEX_POINT('',#12995);
#4013=VERTEX_POINT('',#12997);
#4014=VERTEX_POINT('',#12999);
#4015=VERTEX_POINT('',#13001);
#4016=VERTEX_POINT('',#13003);
#4017=VERTEX_POINT('',#13005);
#4018=VERTEX_POINT('',#13007);
#4019=VERTEX_POINT('',#13009);
#4020=VERTEX_POINT('',#13011);
#4021=VERTEX_POINT('',#13013);
#4022=VERTEX_POINT('',#13015);
#4023=VERTEX_POINT('',#13017);
#4024=VERTEX_POINT('',#13019);
#4025=VERTEX_POINT('',#13021);
#4026=VERTEX_POINT('',#13023);
#4027=VERTEX_POINT('',#13025);
#4028=VERTEX_POINT('',#13027);
#4029=VERTEX_POINT('',#13029);
#4030=VERTEX_POINT('',#13031);
#4031=VERTEX_POINT('',#13033);
#4032=VERTEX_POINT('',#13035);
#4033=VERTEX_POINT('',#13037);
#4034=VERTEX_POINT('',#13039);
#4035=VERTEX_POINT('',#13041);
#4036=VERTEX_POINT('',#13043);
#4037=VERTEX_POINT('',#13045);
#4038=VERTEX_POINT('',#13047);
#4039=VERTEX_POINT('',#13049);
#4040=VERTEX_POINT('',#13051);
#4041=VERTEX_POINT('',#13053);
#4042=VERTEX_POINT('',#13055);
#4043=VERTEX_POINT('',#13057);
#4044=VERTEX_POINT('',#13059);
#4045=VERTEX_POINT('',#13061);
#4046=VERTEX_POINT('',#13063);
#4047=VERTEX_POINT('',#13065);
#4048=VERTEX_POINT('',#13067);
#4049=VERTEX_POINT('',#13069);
#4050=VERTEX_POINT('',#13071);
#4051=VERTEX_POINT('',#13073);
#4052=VERTEX_POINT('',#13075);
#4053=VERTEX_POINT('',#13077);
#4054=VERTEX_POINT('',#13079);
#4055=VERTEX_POINT('',#13081);
#4056=VERTEX_POINT('',#13083);
#4057=VERTEX_POINT('',#13085);
#4058=VERTEX_POINT('',#13087);
#4059=VERTEX_POINT('',#13089);
#4060=VERTEX_POINT('',#13091);
#4061=VERTEX_POINT('',#13093);
#4062=VERTEX_POINT('',#13095);
#4063=VERTEX_POINT('',#13097);
#4064=VERTEX_POINT('',#13099);
#4065=VERTEX_POINT('',#13101);
#4066=VERTEX_POINT('',#13103);
#4067=VERTEX_POINT('',#13105);
#4068=VERTEX_POINT('',#13107);
#4069=VERTEX_POINT('',#13109);
#4070=VERTEX_POINT('',#13111);
#4071=VERTEX_POINT('',#13113);
#4072=VERTEX_POINT('',#13115);
#4073=VERTEX_POINT('',#13117);
#4074=VERTEX_POINT('',#13119);
#4075=VERTEX_POINT('',#13121);
#4076=VERTEX_POINT('',#13123);
#4077=VERTEX_POINT('',#13125);
#4078=VERTEX_POINT('',#13127);
#4079=VERTEX_POINT('',#13129);
#4080=VERTEX_POINT('',#13131);
#4081=VERTEX_POINT('',#13133);
#4082=VERTEX_POINT('',#13135);
#4083=VERTEX_POINT('',#13137);
#4084=VERTEX_POINT('',#13139);
#4085=VERTEX_POINT('',#13141);
#4086=VERTEX_POINT('',#13143);
#4087=VERTEX_POINT('',#13145);
#4088=VERTEX_POINT('',#13147);
#4089=VERTEX_POINT('',#13149);
#4090=VERTEX_POINT('',#13151);
#4091=VERTEX_POINT('',#13153);
#4092=VERTEX_POINT('',#13155);
#4093=VERTEX_POINT('',#13157);
#4094=VERTEX_POINT('',#13159);
#4095=VERTEX_POINT('',#13161);
#4096=VERTEX_POINT('',#13163);
#4097=VERTEX_POINT('',#13165);
#4098=VERTEX_POINT('',#13167);
#4099=VERTEX_POINT('',#13169);
#4100=VERTEX_POINT('',#13171);
#4101=VERTEX_POINT('',#13173);
#4102=VERTEX_POINT('',#13175);
#4103=VERTEX_POINT('',#13177);
#4104=VERTEX_POINT('',#13179);
#4105=VERTEX_POINT('',#13181);
#4106=VERTEX_POINT('',#13183);
#4107=VERTEX_POINT('',#13185);
#4108=VERTEX_POINT('',#13187);
#4109=VERTEX_POINT('',#13189);
#4110=VERTEX_POINT('',#13191);
#4111=VERTEX_POINT('',#13193);
#4112=VERTEX_POINT('',#13195);
#4113=VERTEX_POINT('',#13197);
#4114=VERTEX_POINT('',#13199);
#4115=VERTEX_POINT('',#13201);
#4116=VERTEX_POINT('',#13203);
#4117=VERTEX_POINT('',#13205);
#4118=VERTEX_POINT('',#13207);
#4119=VERTEX_POINT('',#13209);
#4120=VERTEX_POINT('',#13211);
#4121=VERTEX_POINT('',#13213);
#4122=VERTEX_POINT('',#13215);
#4123=VERTEX_POINT('',#13217);
#4124=VERTEX_POINT('',#13219);
#4125=VERTEX_POINT('',#13221);
#4126=VERTEX_POINT('',#13223);
#4127=VERTEX_POINT('',#13225);
#4128=VERTEX_POINT('',#13227);
#4129=VERTEX_POINT('',#13229);
#4130=VERTEX_POINT('',#13231);
#4131=VERTEX_POINT('',#13233);
#4132=VERTEX_POINT('',#13235);
#4133=VERTEX_POINT('',#13237);
#4134=VERTEX_POINT('',#13239);
#4135=VERTEX_POINT('',#13241);
#4136=VERTEX_POINT('',#13243);
#4137=VERTEX_POINT('',#13245);
#4138=VERTEX_POINT('',#13247);
#4139=VERTEX_POINT('',#13249);
#4140=VERTEX_POINT('',#13251);
#4141=VERTEX_POINT('',#13253);
#4142=VERTEX_POINT('',#13255);
#4143=VERTEX_POINT('',#13257);
#4144=VERTEX_POINT('',#13259);
#4145=VERTEX_POINT('',#13261);
#4146=VERTEX_POINT('',#13263);
#4147=VERTEX_POINT('',#13265);
#4148=VERTEX_POINT('',#13267);
#4149=VERTEX_POINT('',#13269);
#4150=VERTEX_POINT('',#13271);
#4151=VERTEX_POINT('',#13273);
#4152=VERTEX_POINT('',#13275);
#4153=VERTEX_POINT('',#13277);
#4154=VERTEX_POINT('',#13279);
#4155=VERTEX_POINT('',#13281);
#4156=VERTEX_POINT('',#13283);
#4157=VERTEX_POINT('',#13285);
#4158=VERTEX_POINT('',#13287);
#4159=VERTEX_POINT('',#13289);
#4160=VERTEX_POINT('',#13291);
#4161=VERTEX_POINT('',#13293);
#4162=VERTEX_POINT('',#13295);
#4163=VERTEX_POINT('',#13297);
#4164=VERTEX_POINT('',#13299);
#4165=VERTEX_POINT('',#13301);
#4166=VERTEX_POINT('',#13303);
#4167=VERTEX_POINT('',#13305);
#4168=VERTEX_POINT('',#13307);
#4169=VERTEX_POINT('',#13311);
#4170=VERTEX_POINT('',#13312);
#4171=VERTEX_POINT('',#13317);
#4172=VERTEX_POINT('',#13321);
#4173=VERTEX_POINT('',#13327);
#4174=VERTEX_POINT('',#13328);
#4175=VERTEX_POINT('',#13333);
#4176=VERTEX_POINT('',#13337);
#4177=VERTEX_POINT('',#13343);
#4178=VERTEX_POINT('',#13344);
#4179=VERTEX_POINT('',#13349);
#4180=VERTEX_POINT('',#13353);
#4181=VERTEX_POINT('',#13359);
#4182=VERTEX_POINT('',#13360);
#4183=VERTEX_POINT('',#13365);
#4184=VERTEX_POINT('',#13369);
#4185=VERTEX_POINT('',#13375);
#4186=VERTEX_POINT('',#13376);
#4187=VERTEX_POINT('',#13381);
#4188=VERTEX_POINT('',#13385);
#4189=VERTEX_POINT('',#13391);
#4190=VERTEX_POINT('',#13393);
#4191=VERTEX_POINT('',#13395);
#4192=VERTEX_POINT('',#13399);
#4193=VERTEX_POINT('',#13403);
#4194=VERTEX_POINT('',#13405);
#4195=VERTEX_POINT('',#13411);
#4196=VERTEX_POINT('',#13413);
#4197=VERTEX_POINT('',#13415);
#4198=VERTEX_POINT('',#13417);
#4199=VERTEX_POINT('',#13419);
#4200=VERTEX_POINT('',#13421);
#4201=VERTEX_POINT('',#13423);
#4202=VERTEX_POINT('',#13425);
#4203=VERTEX_POINT('',#13427);
#4204=VERTEX_POINT('',#13429);
#4205=VERTEX_POINT('',#13431);
#4206=VERTEX_POINT('',#13433);
#4207=VERTEX_POINT('',#13435);
#4208=VERTEX_POINT('',#13437);
#4209=VERTEX_POINT('',#13439);
#4210=VERTEX_POINT('',#13441);
#4211=VERTEX_POINT('',#13443);
#4212=VERTEX_POINT('',#13445);
#4213=VERTEX_POINT('',#13447);
#4214=VERTEX_POINT('',#13449);
#4215=VERTEX_POINT('',#13451);
#4216=VERTEX_POINT('',#13453);
#4217=VERTEX_POINT('',#13455);
#4218=VERTEX_POINT('',#13457);
#4219=VERTEX_POINT('',#13459);
#4220=VERTEX_POINT('',#13461);
#4221=VERTEX_POINT('',#13463);
#4222=VERTEX_POINT('',#13465);
#4223=VERTEX_POINT('',#13467);
#4224=VERTEX_POINT('',#13469);
#4225=VERTEX_POINT('',#13471);
#4226=VERTEX_POINT('',#13473);
#4227=VERTEX_POINT('',#13477);
#4228=VERTEX_POINT('',#13478);
#4229=VERTEX_POINT('',#13483);
#4230=VERTEX_POINT('',#13487);
#4231=VERTEX_POINT('',#13493);
#4232=VERTEX_POINT('',#13494);
#4233=VERTEX_POINT('',#13499);
#4234=VERTEX_POINT('',#13500);
#4235=VERTEX_POINT('',#13509);
#4236=VERTEX_POINT('',#13510);
#4237=VERTEX_POINT('',#13515);
#4238=VERTEX_POINT('',#13519);
#4239=VERTEX_POINT('',#13525);
#4240=VERTEX_POINT('',#13526);
#4241=VERTEX_POINT('',#13531);
#4242=VERTEX_POINT('',#13535);
#4243=VERTEX_POINT('',#13544);
#4244=VERTEX_POINT('',#13548);
#4245=VERTEX_POINT('',#13554);
#4246=VERTEX_POINT('',#13555);
#4247=VERTEX_POINT('',#13560);
#4248=VERTEX_POINT('',#13564);
#4249=VERTEX_POINT('',#13570);
#4250=VERTEX_POINT('',#13571);
#4251=VERTEX_POINT('',#13576);
#4252=VERTEX_POINT('',#13577);
#4253=VERTEX_POINT('',#13586);
#4254=VERTEX_POINT('',#13587);
#4255=VERTEX_POINT('',#13592);
#4256=VERTEX_POINT('',#13596);
#4257=VERTEX_POINT('',#13602);
#4258=VERTEX_POINT('',#13603);
#4259=VERTEX_POINT('',#13608);
#4260=VERTEX_POINT('',#13612);
#4261=VERTEX_POINT('',#13621);
#4262=VERTEX_POINT('',#13625);
#4263=VERTEX_POINT('',#13631);
#4264=VERTEX_POINT('',#13638);
#4265=VERTEX_POINT('',#13644);
#4266=VERTEX_POINT('',#13645);
#4267=VERTEX_POINT('',#13650);
#4268=VERTEX_POINT('',#13651);
#4269=VERTEX_POINT('',#13660);
#4270=VERTEX_POINT('',#13661);
#4271=VERTEX_POINT('',#13666);
#4272=VERTEX_POINT('',#13670);
#4273=VERTEX_POINT('',#13676);
#4274=VERTEX_POINT('',#13677);
#4275=VERTEX_POINT('',#13682);
#4276=VERTEX_POINT('',#13686);
#4277=VERTEX_POINT('',#13692);
#4278=VERTEX_POINT('',#13693);
#4279=VERTEX_POINT('',#13698);
#4280=VERTEX_POINT('',#13702);
#4281=VERTEX_POINT('',#13708);
#4282=VERTEX_POINT('',#13709);
#4283=VERTEX_POINT('',#13714);
#4284=VERTEX_POINT('',#13718);
#4285=VERTEX_POINT('',#13724);
#4286=VERTEX_POINT('',#13725);
#4287=VERTEX_POINT('',#13730);
#4288=VERTEX_POINT('',#13734);
#4289=VERTEX_POINT('',#13740);
#4290=VERTEX_POINT('',#13741);
#4291=VERTEX_POINT('',#13746);
#4292=VERTEX_POINT('',#13750);
#4293=VERTEX_POINT('',#13756);
#4294=VERTEX_POINT('',#13757);
#4295=VERTEX_POINT('',#13762);
#4296=VERTEX_POINT('',#13766);
#4297=VERTEX_POINT('',#13772);
#4298=VERTEX_POINT('',#13773);
#4299=VERTEX_POINT('',#13778);
#4300=VERTEX_POINT('',#13782);
#4301=VERTEX_POINT('',#13788);
#4302=VERTEX_POINT('',#13789);
#4303=VERTEX_POINT('',#13794);
#4304=VERTEX_POINT('',#13795);
#4305=VERTEX_POINT('',#13804);
#4306=VERTEX_POINT('',#13809);
#4307=VERTEX_POINT('',#13817);
#4308=VERTEX_POINT('',#13818);
#4309=VERTEX_POINT('',#13823);
#4310=VERTEX_POINT('',#13827);
#4311=VERTEX_POINT('',#13833);
#4312=VERTEX_POINT('',#13834);
#4313=VERTEX_POINT('',#13839);
#4314=VERTEX_POINT('',#13840);
#4315=VERTEX_POINT('',#13849);
#4316=VERTEX_POINT('',#13850);
#4317=VERTEX_POINT('',#13855);
#4318=VERTEX_POINT('',#13859);
#4319=VERTEX_POINT('',#13865);
#4320=VERTEX_POINT('',#13866);
#4321=VERTEX_POINT('',#13871);
#4322=VERTEX_POINT('',#13872);
#4323=VERTEX_POINT('',#13881);
#4324=VERTEX_POINT('',#13882);
#4325=VERTEX_POINT('',#13887);
#4326=VERTEX_POINT('',#13891);
#4327=VERTEX_POINT('',#13897);
#4328=VERTEX_POINT('',#13898);
#4329=VERTEX_POINT('',#13903);
#4330=VERTEX_POINT('',#13907);
#4331=VERTEX_POINT('',#13913);
#4332=VERTEX_POINT('',#13920);
#4333=VERTEX_POINT('',#13926);
#4334=VERTEX_POINT('',#13927);
#4335=VERTEX_POINT('',#13932);
#4336=VERTEX_POINT('',#13936);
#4337=VERTEX_POINT('',#13942);
#4338=VERTEX_POINT('',#13943);
#4339=VERTEX_POINT('',#13948);
#4340=VERTEX_POINT('',#13952);
#4341=VERTEX_POINT('',#13959);
#4342=VERTEX_POINT('',#13963);
#4343=VERTEX_POINT('',#13971);
#4344=VERTEX_POINT('',#13972);
#4345=VERTEX_POINT('',#13977);
#4346=VERTEX_POINT('',#13981);
#4347=VERTEX_POINT('',#13987);
#4348=VERTEX_POINT('',#13994);
#4349=VERTEX_POINT('',#14000);
#4350=VERTEX_POINT('',#14001);
#4351=VERTEX_POINT('',#14006);
#4352=VERTEX_POINT('',#14010);
#4353=VERTEX_POINT('',#14019);
#4354=VERTEX_POINT('',#14020);
#4355=VERTEX_POINT('',#14025);
#4356=VERTEX_POINT('',#14029);
#4357=VERTEX_POINT('',#14035);
#4358=VERTEX_POINT('',#14036);
#4359=VERTEX_POINT('',#14041);
#4360=VERTEX_POINT('',#14045);
#4361=VERTEX_POINT('',#14051);
#4362=VERTEX_POINT('',#14052);
#4363=VERTEX_POINT('',#14057);
#4364=VERTEX_POINT('',#14061);
#4365=VERTEX_POINT('',#14067);
#4366=VERTEX_POINT('',#14068);
#4367=VERTEX_POINT('',#14075);
#4368=VERTEX_POINT('',#14079);
#4369=VERTEX_POINT('',#14086);
#4370=VERTEX_POINT('',#14087);
#4371=VERTEX_POINT('',#14092);
#4372=VERTEX_POINT('',#14096);
#4373=VERTEX_POINT('',#14102);
#4374=VERTEX_POINT('',#14103);
#4375=VERTEX_POINT('',#14108);
#4376=VERTEX_POINT('',#14112);
#4377=VERTEX_POINT('',#14119);
#4378=VERTEX_POINT('',#14120);
#4379=VERTEX_POINT('',#14125);
#4380=VERTEX_POINT('',#14129);
#4381=VERTEX_POINT('',#14135);
#4382=VERTEX_POINT('',#14136);
#4383=VERTEX_POINT('',#14141);
#4384=VERTEX_POINT('',#14145);
#4385=EDGE_CURVE('',#3523,#3524,#945,.T.);
#4386=EDGE_CURVE('',#3524,#3525,#946,.T.);
#4387=EDGE_CURVE('',#3526,#3525,#947,.T.);
#4388=EDGE_CURVE('',#3523,#3526,#948,.T.);
#4389=EDGE_CURVE('',#3527,#3523,#949,.T.);
#4390=EDGE_CURVE('',#3528,#3526,#950,.T.);
#4391=EDGE_CURVE('',#3527,#3528,#951,.T.);
#4392=EDGE_CURVE('',#3529,#3527,#952,.T.);
#4393=EDGE_CURVE('',#3530,#3528,#953,.T.);
#4394=EDGE_CURVE('',#3529,#3530,#954,.T.);
#4395=EDGE_CURVE('',#3531,#3532,#955,.T.);
#4396=EDGE_CURVE('',#3532,#3533,#956,.T.);
#4397=EDGE_CURVE('',#3534,#3533,#957,.T.);
#4398=EDGE_CURVE('',#3531,#3534,#958,.T.);
#4399=EDGE_CURVE('',#3535,#3531,#959,.T.);
#4400=EDGE_CURVE('',#3536,#3534,#960,.T.);
#4401=EDGE_CURVE('',#3535,#3536,#961,.T.);
#4402=EDGE_CURVE('',#3537,#3535,#962,.T.);
#4403=EDGE_CURVE('',#3538,#3536,#963,.T.);
#4404=EDGE_CURVE('',#3537,#3538,#964,.T.);
#4405=EDGE_CURVE('',#3539,#3540,#965,.T.);
#4406=EDGE_CURVE('',#3540,#3541,#966,.T.);
#4407=EDGE_CURVE('',#3542,#3541,#967,.T.);
#4408=EDGE_CURVE('',#3539,#3542,#968,.T.);
#4409=EDGE_CURVE('',#3543,#3539,#969,.T.);
#4410=EDGE_CURVE('',#3544,#3542,#970,.T.);
#4411=EDGE_CURVE('',#3543,#3544,#971,.T.);
#4412=EDGE_CURVE('',#3540,#3545,#972,.T.);
#4413=EDGE_CURVE('',#3545,#3546,#973,.T.);
#4414=EDGE_CURVE('',#3541,#3546,#974,.T.);
#4415=EDGE_CURVE('',#3547,#3548,#975,.T.);
#4416=EDGE_CURVE('',#3548,#3549,#976,.T.);
#4417=EDGE_CURVE('',#3550,#3549,#977,.T.);
#4418=EDGE_CURVE('',#3547,#3550,#978,.T.);
#4419=EDGE_CURVE('',#3551,#3547,#979,.T.);
#4420=EDGE_CURVE('',#3552,#3550,#980,.T.);
#4421=EDGE_CURVE('',#3551,#3552,#981,.T.);
#4422=EDGE_CURVE('',#3553,#3551,#982,.T.);
#4423=EDGE_CURVE('',#3554,#3552,#983,.T.);
#4424=EDGE_CURVE('',#3553,#3554,#984,.T.);
#4425=EDGE_CURVE('',#3555,#3556,#985,.T.);
#4426=EDGE_CURVE('',#3556,#3557,#986,.T.);
#4427=EDGE_CURVE('',#3558,#3557,#987,.T.);
#4428=EDGE_CURVE('',#3555,#3558,#988,.T.);
#4429=EDGE_CURVE('',#3559,#3555,#989,.T.);
#4430=EDGE_CURVE('',#3560,#3558,#990,.T.);
#4431=EDGE_CURVE('',#3559,#3560,#991,.T.);
#4432=EDGE_CURVE('',#3561,#3559,#992,.T.);
#4433=EDGE_CURVE('',#3562,#3560,#993,.T.);
#4434=EDGE_CURVE('',#3561,#3562,#994,.T.);
#4435=EDGE_CURVE('',#3563,#3564,#995,.T.);
#4436=EDGE_CURVE('',#3564,#3565,#996,.T.);
#4437=EDGE_CURVE('',#3566,#3565,#997,.T.);
#4438=EDGE_CURVE('',#3563,#3566,#998,.T.);
#4439=EDGE_CURVE('',#3567,#3563,#999,.T.);
#4440=EDGE_CURVE('',#3568,#3566,#1000,.T.);
#4441=EDGE_CURVE('',#3567,#3568,#1001,.T.);
#4442=EDGE_CURVE('',#3569,#3567,#1002,.T.);
#4443=EDGE_CURVE('',#3570,#3568,#1003,.T.);
#4444=EDGE_CURVE('',#3569,#3570,#1004,.T.);
#4445=EDGE_CURVE('',#3571,#3572,#1005,.T.);
#4446=EDGE_CURVE('',#3572,#3573,#1006,.T.);
#4447=EDGE_CURVE('',#3574,#3573,#1007,.T.);
#4448=EDGE_CURVE('',#3571,#3574,#1008,.T.);
#4449=EDGE_CURVE('',#3575,#3571,#1009,.T.);
#4450=EDGE_CURVE('',#3576,#3574,#1010,.T.);
#4451=EDGE_CURVE('',#3575,#3576,#1011,.T.);
#4452=EDGE_CURVE('',#3572,#3577,#1012,.T.);
#4453=EDGE_CURVE('',#3577,#3578,#1013,.T.);
#4454=EDGE_CURVE('',#3573,#3578,#1014,.T.);
#4455=EDGE_CURVE('',#3579,#3580,#1015,.T.);
#4456=EDGE_CURVE('',#3580,#3581,#1016,.T.);
#4457=EDGE_CURVE('',#3582,#3581,#1017,.T.);
#4458=EDGE_CURVE('',#3579,#3582,#1018,.T.);
#4459=EDGE_CURVE('',#3583,#3579,#1019,.T.);
#4460=EDGE_CURVE('',#3584,#3582,#1020,.T.);
#4461=EDGE_CURVE('',#3583,#3584,#1021,.T.);
#4462=EDGE_CURVE('',#3580,#3585,#1022,.T.);
#4463=EDGE_CURVE('',#3585,#3586,#1023,.T.);
#4464=EDGE_CURVE('',#3581,#3586,#1024,.T.);
#4465=EDGE_CURVE('',#3587,#3588,#1025,.T.);
#4466=EDGE_CURVE('',#3588,#3589,#1026,.T.);
#4467=EDGE_CURVE('',#3590,#3589,#1027,.T.);
#4468=EDGE_CURVE('',#3587,#3590,#1028,.T.);
#4469=EDGE_CURVE('',#3591,#3587,#1029,.T.);
#4470=EDGE_CURVE('',#3592,#3590,#1030,.T.);
#4471=EDGE_CURVE('',#3591,#3592,#1031,.T.);
#4472=EDGE_CURVE('',#3593,#3591,#1032,.T.);
#4473=EDGE_CURVE('',#3594,#3592,#1033,.T.);
#4474=EDGE_CURVE('',#3593,#3594,#1034,.T.);
#4475=EDGE_CURVE('',#3595,#3596,#1035,.T.);
#4476=EDGE_CURVE('',#3596,#3597,#1036,.T.);
#4477=EDGE_CURVE('',#3598,#3597,#1037,.T.);
#4478=EDGE_CURVE('',#3595,#3598,#1038,.T.);
#4479=EDGE_CURVE('',#3599,#3600,#1039,.T.);
#4480=EDGE_CURVE('',#3600,#3601,#1040,.T.);
#4481=EDGE_CURVE('',#3602,#3601,#1041,.T.);
#4482=EDGE_CURVE('',#3599,#3602,#1042,.T.);
#4483=EDGE_CURVE('',#3596,#3599,#1043,.T.);
#4484=EDGE_CURVE('',#3597,#3602,#1044,.T.);
#4485=EDGE_CURVE('',#3603,#3604,#1045,.T.);
#4486=EDGE_CURVE('',#3604,#3605,#1046,.T.);
#4487=EDGE_CURVE('',#3606,#3605,#1047,.T.);
#4488=EDGE_CURVE('',#3603,#3606,#1048,.T.);
#4489=EDGE_CURVE('',#3607,#3608,#1049,.T.);
#4490=EDGE_CURVE('',#3608,#3609,#1050,.T.);
#4491=EDGE_CURVE('',#3610,#3609,#1051,.T.);
#4492=EDGE_CURVE('',#3607,#3610,#1052,.T.);
#4493=EDGE_CURVE('',#3604,#3607,#1053,.T.);
#4494=EDGE_CURVE('',#3605,#3610,#1054,.T.);
#4495=EDGE_CURVE('',#3611,#3612,#1055,.T.);
#4496=EDGE_CURVE('',#3612,#3613,#1056,.T.);
#4497=EDGE_CURVE('',#3614,#3613,#1057,.T.);
#4498=EDGE_CURVE('',#3611,#3614,#1058,.T.);
#4499=EDGE_CURVE('',#3615,#3611,#1059,.T.);
#4500=EDGE_CURVE('',#3616,#3614,#1060,.T.);
#4501=EDGE_CURVE('',#3615,#3616,#1061,.T.);
#4502=EDGE_CURVE('',#3612,#3617,#1062,.T.);
#4503=EDGE_CURVE('',#3617,#3618,#1063,.T.);
#4504=EDGE_CURVE('',#3613,#3618,#1064,.T.);
#4505=EDGE_CURVE('',#3619,#3620,#1065,.T.);
#4506=EDGE_CURVE('',#3620,#3621,#1066,.T.);
#4507=EDGE_CURVE('',#3622,#3621,#1067,.T.);
#4508=EDGE_CURVE('',#3619,#3622,#1068,.T.);
#4509=EDGE_CURVE('',#3623,#3619,#1069,.T.);
#4510=EDGE_CURVE('',#3624,#3622,#1070,.T.);
#4511=EDGE_CURVE('',#3623,#3624,#1071,.T.);
#4512=EDGE_CURVE('',#3625,#3623,#1072,.T.);
#4513=EDGE_CURVE('',#3626,#3624,#1073,.T.);
#4514=EDGE_CURVE('',#3625,#3626,#1074,.T.);
#4515=EDGE_CURVE('',#3627,#3628,#1075,.T.);
#4516=EDGE_CURVE('',#3628,#3629,#1076,.T.);
#4517=EDGE_CURVE('',#3630,#3629,#1077,.T.);
#4518=EDGE_CURVE('',#3627,#3630,#1078,.T.);
#4519=EDGE_CURVE('',#3631,#3627,#1079,.T.);
#4520=EDGE_CURVE('',#3632,#3630,#1080,.T.);
#4521=EDGE_CURVE('',#3631,#3632,#1081,.T.);
#4522=EDGE_CURVE('',#3628,#3633,#1082,.T.);
#4523=EDGE_CURVE('',#3633,#3634,#1083,.T.);
#4524=EDGE_CURVE('',#3629,#3634,#1084,.T.);
#4525=EDGE_CURVE('',#3635,#3636,#1085,.T.);
#4526=EDGE_CURVE('',#3636,#3637,#1086,.T.);
#4527=EDGE_CURVE('',#3638,#3637,#1087,.T.);
#4528=EDGE_CURVE('',#3635,#3638,#1088,.T.);
#4529=EDGE_CURVE('',#3639,#3635,#1089,.T.);
#4530=EDGE_CURVE('',#3640,#3638,#1090,.T.);
#4531=EDGE_CURVE('',#3639,#3640,#1091,.T.);
#4532=EDGE_CURVE('',#3641,#3639,#1092,.T.);
#4533=EDGE_CURVE('',#3642,#3640,#1093,.T.);
#4534=EDGE_CURVE('',#3641,#3642,#1094,.T.);
#4535=EDGE_CURVE('',#3643,#3644,#1095,.T.);
#4536=EDGE_CURVE('',#3644,#3645,#1096,.T.);
#4537=EDGE_CURVE('',#3646,#3645,#1097,.T.);
#4538=EDGE_CURVE('',#3643,#3646,#1098,.T.);
#4539=EDGE_CURVE('',#3647,#3643,#1099,.T.);
#4540=EDGE_CURVE('',#3648,#3646,#1100,.T.);
#4541=EDGE_CURVE('',#3647,#3648,#1101,.T.);
#4542=EDGE_CURVE('',#3649,#3647,#1102,.T.);
#4543=EDGE_CURVE('',#3650,#3648,#1103,.T.);
#4544=EDGE_CURVE('',#3649,#3650,#1104,.T.);
#4545=EDGE_CURVE('',#3651,#3652,#1105,.T.);
#4546=EDGE_CURVE('',#3652,#3653,#1106,.T.);
#4547=EDGE_CURVE('',#3654,#3653,#1107,.T.);
#4548=EDGE_CURVE('',#3651,#3654,#1108,.T.);
#4549=EDGE_CURVE('',#3655,#3651,#1109,.T.);
#4550=EDGE_CURVE('',#3656,#3654,#1110,.T.);
#4551=EDGE_CURVE('',#3655,#3656,#1111,.T.);
#4552=EDGE_CURVE('',#3657,#3655,#1112,.T.);
#4553=EDGE_CURVE('',#3658,#3656,#1113,.T.);
#4554=EDGE_CURVE('',#3657,#3658,#1114,.T.);
#4555=EDGE_CURVE('',#3659,#3660,#1115,.T.);
#4556=EDGE_CURVE('',#3660,#3661,#1116,.T.);
#4557=EDGE_CURVE('',#3662,#3661,#1117,.T.);
#4558=EDGE_CURVE('',#3659,#3662,#1118,.T.);
#4559=EDGE_CURVE('',#3663,#3659,#1119,.T.);
#4560=EDGE_CURVE('',#3664,#3662,#1120,.T.);
#4561=EDGE_CURVE('',#3663,#3664,#1121,.T.);
#4562=EDGE_CURVE('',#3665,#3663,#1122,.T.);
#4563=EDGE_CURVE('',#3666,#3664,#1123,.T.);
#4564=EDGE_CURVE('',#3665,#3666,#1124,.T.);
#4565=EDGE_CURVE('',#3667,#3668,#1125,.T.);
#4566=EDGE_CURVE('',#3668,#3669,#1126,.T.);
#4567=EDGE_CURVE('',#3670,#3669,#1127,.T.);
#4568=EDGE_CURVE('',#3667,#3670,#1128,.T.);
#4569=EDGE_CURVE('',#3671,#3667,#1129,.T.);
#4570=EDGE_CURVE('',#3672,#3670,#1130,.T.);
#4571=EDGE_CURVE('',#3671,#3672,#1131,.T.);
#4572=EDGE_CURVE('',#3668,#3673,#1132,.T.);
#4573=EDGE_CURVE('',#3673,#3674,#1133,.T.);
#4574=EDGE_CURVE('',#3669,#3674,#1134,.T.);
#4575=EDGE_CURVE('',#3675,#3676,#1135,.T.);
#4576=EDGE_CURVE('',#3676,#3677,#1136,.T.);
#4577=EDGE_CURVE('',#3678,#3677,#1137,.T.);
#4578=EDGE_CURVE('',#3675,#3678,#1138,.T.);
#4579=EDGE_CURVE('',#3679,#3675,#1139,.T.);
#4580=EDGE_CURVE('',#3680,#3678,#1140,.T.);
#4581=EDGE_CURVE('',#3679,#3680,#1141,.T.);
#4582=EDGE_CURVE('',#3681,#3679,#1142,.T.);
#4583=EDGE_CURVE('',#3682,#3680,#1143,.T.);
#4584=EDGE_CURVE('',#3681,#3682,#1144,.T.);
#4585=EDGE_CURVE('',#3683,#3684,#1145,.T.);
#4586=EDGE_CURVE('',#3684,#3685,#1146,.T.);
#4587=EDGE_CURVE('',#3686,#3685,#1147,.T.);
#4588=EDGE_CURVE('',#3683,#3686,#1148,.T.);
#4589=EDGE_CURVE('',#3687,#3688,#1149,.T.);
#4590=EDGE_CURVE('',#3688,#3689,#1150,.T.);
#4591=EDGE_CURVE('',#3690,#3689,#1151,.T.);
#4592=EDGE_CURVE('',#3687,#3690,#1152,.T.);
#4593=EDGE_CURVE('',#3684,#3687,#1153,.T.);
#4594=EDGE_CURVE('',#3685,#3690,#1154,.T.);
#4595=EDGE_CURVE('',#3691,#3692,#1155,.T.);
#4596=EDGE_CURVE('',#3692,#3693,#1156,.T.);
#4597=EDGE_CURVE('',#3694,#3693,#1157,.T.);
#4598=EDGE_CURVE('',#3691,#3694,#1158,.T.);
#4599=EDGE_CURVE('',#3695,#3691,#1159,.T.);
#4600=EDGE_CURVE('',#3696,#3694,#1160,.T.);
#4601=EDGE_CURVE('',#3695,#3696,#1161,.T.);
#4602=EDGE_CURVE('',#3697,#3695,#1162,.T.);
#4603=EDGE_CURVE('',#3698,#3696,#1163,.T.);
#4604=EDGE_CURVE('',#3697,#3698,#1164,.T.);
#4605=EDGE_CURVE('',#3699,#3700,#1165,.T.);
#4606=EDGE_CURVE('',#3700,#3701,#1166,.T.);
#4607=EDGE_CURVE('',#3702,#3701,#1167,.T.);
#4608=EDGE_CURVE('',#3699,#3702,#1168,.T.);
#4609=EDGE_CURVE('',#3703,#3699,#1169,.T.);
#4610=EDGE_CURVE('',#3704,#3702,#1170,.T.);
#4611=EDGE_CURVE('',#3703,#3704,#1171,.T.);
#4612=EDGE_CURVE('',#3705,#3703,#1172,.T.);
#4613=EDGE_CURVE('',#3706,#3704,#1173,.T.);
#4614=EDGE_CURVE('',#3705,#3706,#1174,.T.);
#4615=EDGE_CURVE('',#3707,#3708,#1175,.T.);
#4616=EDGE_CURVE('',#3708,#3709,#1176,.T.);
#4617=EDGE_CURVE('',#3710,#3709,#1177,.T.);
#4618=EDGE_CURVE('',#3707,#3710,#1178,.T.);
#4619=EDGE_CURVE('',#3711,#3712,#1179,.T.);
#4620=EDGE_CURVE('',#3712,#3713,#1180,.T.);
#4621=EDGE_CURVE('',#3714,#3713,#1181,.T.);
#4622=EDGE_CURVE('',#3711,#3714,#1182,.T.);
#4623=EDGE_CURVE('',#3708,#3711,#1183,.T.);
#4624=EDGE_CURVE('',#3709,#3714,#1184,.T.);
#4625=EDGE_CURVE('',#3715,#3716,#1185,.T.);
#4626=EDGE_CURVE('',#3716,#3717,#1186,.T.);
#4627=EDGE_CURVE('',#3718,#3717,#1187,.T.);
#4628=EDGE_CURVE('',#3715,#3718,#1188,.T.);
#4629=EDGE_CURVE('',#3719,#3715,#1189,.T.);
#4630=EDGE_CURVE('',#3720,#3718,#1190,.T.);
#4631=EDGE_CURVE('',#3719,#3720,#1191,.T.);
#4632=EDGE_CURVE('',#3721,#3719,#1192,.T.);
#4633=EDGE_CURVE('',#3722,#3720,#1193,.T.);
#4634=EDGE_CURVE('',#3721,#3722,#1194,.T.);
#4635=EDGE_CURVE('',#3723,#3724,#1195,.T.);
#4636=EDGE_CURVE('',#3724,#3725,#1196,.T.);
#4637=EDGE_CURVE('',#3726,#3725,#1197,.T.);
#4638=EDGE_CURVE('',#3723,#3726,#1198,.T.);
#4639=EDGE_CURVE('',#3727,#3723,#1199,.T.);
#4640=EDGE_CURVE('',#3728,#3726,#1200,.T.);
#4641=EDGE_CURVE('',#3727,#3728,#1201,.T.);
#4642=EDGE_CURVE('',#3724,#3729,#1202,.T.);
#4643=EDGE_CURVE('',#3729,#3730,#1203,.T.);
#4644=EDGE_CURVE('',#3725,#3730,#1204,.T.);
#4645=EDGE_CURVE('',#3731,#3732,#1205,.T.);
#4646=EDGE_CURVE('',#3732,#3733,#1206,.T.);
#4647=EDGE_CURVE('',#3734,#3733,#1207,.T.);
#4648=EDGE_CURVE('',#3731,#3734,#1208,.T.);
#4649=EDGE_CURVE('',#3735,#3731,#1209,.T.);
#4650=EDGE_CURVE('',#3736,#3734,#1210,.T.);
#4651=EDGE_CURVE('',#3735,#3736,#1211,.T.);
#4652=EDGE_CURVE('',#3737,#3735,#1212,.T.);
#4653=EDGE_CURVE('',#3738,#3736,#1213,.T.);
#4654=EDGE_CURVE('',#3737,#3738,#1214,.T.);
#4655=EDGE_CURVE('',#3739,#3740,#1215,.T.);
#4656=EDGE_CURVE('',#3740,#3741,#1216,.T.);
#4657=EDGE_CURVE('',#3742,#3741,#1217,.T.);
#4658=EDGE_CURVE('',#3739,#3742,#1218,.T.);
#4659=EDGE_CURVE('',#3743,#3739,#1219,.T.);
#4660=EDGE_CURVE('',#3744,#3742,#1220,.T.);
#4661=EDGE_CURVE('',#3743,#3744,#1221,.T.);
#4662=EDGE_CURVE('',#3745,#3743,#1222,.T.);
#4663=EDGE_CURVE('',#3746,#3744,#1223,.T.);
#4664=EDGE_CURVE('',#3745,#3746,#1224,.T.);
#4665=EDGE_CURVE('',#3747,#3748,#1225,.T.);
#4666=EDGE_CURVE('',#3748,#3749,#1226,.T.);
#4667=EDGE_CURVE('',#3750,#3749,#1227,.T.);
#4668=EDGE_CURVE('',#3747,#3750,#1228,.T.);
#4669=EDGE_CURVE('',#3751,#3747,#1229,.T.);
#4670=EDGE_CURVE('',#3752,#3750,#1230,.T.);
#4671=EDGE_CURVE('',#3751,#3752,#1231,.T.);
#4672=EDGE_CURVE('',#3753,#3751,#1232,.T.);
#4673=EDGE_CURVE('',#3754,#3752,#1233,.T.);
#4674=EDGE_CURVE('',#3753,#3754,#1234,.T.);
#4675=EDGE_CURVE('',#3755,#3756,#1235,.T.);
#4676=EDGE_CURVE('',#3756,#3757,#1236,.T.);
#4677=EDGE_CURVE('',#3758,#3757,#1237,.T.);
#4678=EDGE_CURVE('',#3755,#3758,#1238,.T.);
#4679=EDGE_CURVE('',#3759,#3755,#1239,.T.);
#4680=EDGE_CURVE('',#3760,#3758,#1240,.T.);
#4681=EDGE_CURVE('',#3759,#3760,#1241,.T.);
#4682=EDGE_CURVE('',#3761,#3759,#1242,.T.);
#4683=EDGE_CURVE('',#3762,#3760,#1243,.T.);
#4684=EDGE_CURVE('',#3761,#3762,#1244,.T.);
#4685=EDGE_CURVE('',#3763,#3764,#1245,.T.);
#4686=EDGE_CURVE('',#3764,#3765,#1246,.T.);
#4687=EDGE_CURVE('',#3766,#3765,#1247,.T.);
#4688=EDGE_CURVE('',#3763,#3766,#1248,.T.);
#4689=EDGE_CURVE('',#3767,#3763,#1249,.T.);
#4690=EDGE_CURVE('',#3768,#3766,#1250,.T.);
#4691=EDGE_CURVE('',#3767,#3768,#1251,.T.);
#4692=EDGE_CURVE('',#3769,#3767,#1252,.T.);
#4693=EDGE_CURVE('',#3770,#3768,#1253,.T.);
#4694=EDGE_CURVE('',#3769,#3770,#1254,.T.);
#4695=EDGE_CURVE('',#3771,#3772,#1255,.T.);
#4696=EDGE_CURVE('',#3772,#3773,#1256,.T.);
#4697=EDGE_CURVE('',#3774,#3773,#1257,.T.);
#4698=EDGE_CURVE('',#3771,#3774,#1258,.T.);
#4699=EDGE_CURVE('',#3775,#3771,#1259,.T.);
#4700=EDGE_CURVE('',#3776,#3774,#1260,.T.);
#4701=EDGE_CURVE('',#3775,#3776,#1261,.T.);
#4702=EDGE_CURVE('',#3772,#3777,#1262,.T.);
#4703=EDGE_CURVE('',#3777,#3778,#1263,.T.);
#4704=EDGE_CURVE('',#3773,#3778,#1264,.T.);
#4705=EDGE_CURVE('',#3779,#3780,#1265,.T.);
#4706=EDGE_CURVE('',#3780,#3781,#1266,.T.);
#4707=EDGE_CURVE('',#3782,#3781,#1267,.T.);
#4708=EDGE_CURVE('',#3779,#3782,#1268,.T.);
#4709=EDGE_CURVE('',#3783,#3784,#1269,.T.);
#4710=EDGE_CURVE('',#3784,#3785,#1270,.T.);
#4711=EDGE_CURVE('',#3786,#3785,#1271,.T.);
#4712=EDGE_CURVE('',#3783,#3786,#1272,.T.);
#4713=EDGE_CURVE('',#3780,#3783,#1273,.T.);
#4714=EDGE_CURVE('',#3781,#3786,#1274,.T.);
#4715=EDGE_CURVE('',#3787,#3788,#1275,.T.);
#4716=EDGE_CURVE('',#3788,#3789,#1276,.T.);
#4717=EDGE_CURVE('',#3790,#3789,#1277,.T.);
#4718=EDGE_CURVE('',#3787,#3790,#1278,.T.);
#4719=EDGE_CURVE('',#3791,#3787,#1279,.T.);
#4720=EDGE_CURVE('',#3792,#3790,#1280,.T.);
#4721=EDGE_CURVE('',#3791,#3792,#1281,.T.);
#4722=EDGE_CURVE('',#3788,#3793,#1282,.T.);
#4723=EDGE_CURVE('',#3793,#3794,#1283,.T.);
#4724=EDGE_CURVE('',#3789,#3794,#1284,.T.);
#4725=EDGE_CURVE('',#3795,#3796,#1285,.T.);
#4726=EDGE_CURVE('',#3796,#3797,#1286,.T.);
#4727=EDGE_CURVE('',#3798,#3797,#1287,.T.);
#4728=EDGE_CURVE('',#3795,#3798,#1288,.T.);
#4729=EDGE_CURVE('',#3799,#3795,#1289,.T.);
#4730=EDGE_CURVE('',#3800,#3798,#1290,.T.);
#4731=EDGE_CURVE('',#3799,#3800,#1291,.T.);
#4732=EDGE_CURVE('',#3801,#3799,#1292,.T.);
#4733=EDGE_CURVE('',#3802,#3800,#1293,.T.);
#4734=EDGE_CURVE('',#3801,#3802,#1294,.T.);
#4735=EDGE_CURVE('',#3803,#3804,#1295,.T.);
#4736=EDGE_CURVE('',#3804,#3805,#1296,.T.);
#4737=EDGE_CURVE('',#3806,#3805,#1297,.T.);
#4738=EDGE_CURVE('',#3803,#3806,#1298,.T.);
#4739=EDGE_CURVE('',#3807,#3808,#1299,.T.);
#4740=EDGE_CURVE('',#3808,#3809,#1300,.T.);
#4741=EDGE_CURVE('',#3810,#3809,#1301,.T.);
#4742=EDGE_CURVE('',#3807,#3810,#1302,.T.);
#4743=EDGE_CURVE('',#3804,#3807,#1303,.T.);
#4744=EDGE_CURVE('',#3805,#3810,#1304,.T.);
#4745=EDGE_CURVE('',#3811,#3812,#1305,.T.);
#4746=EDGE_CURVE('',#3812,#3813,#1306,.T.);
#4747=EDGE_CURVE('',#3814,#3813,#1307,.T.);
#4748=EDGE_CURVE('',#3811,#3814,#1308,.T.);
#4749=EDGE_CURVE('',#3815,#3811,#1309,.T.);
#4750=EDGE_CURVE('',#3816,#3814,#1310,.T.);
#4751=EDGE_CURVE('',#3815,#3816,#1311,.T.);
#4752=EDGE_CURVE('',#3817,#3815,#1312,.T.);
#4753=EDGE_CURVE('',#3818,#3816,#1313,.T.);
#4754=EDGE_CURVE('',#3817,#3818,#1314,.T.);
#4755=EDGE_CURVE('',#3819,#3820,#1315,.T.);
#4756=EDGE_CURVE('',#3820,#3821,#1316,.T.);
#4757=EDGE_CURVE('',#3822,#3821,#1317,.T.);
#4758=EDGE_CURVE('',#3819,#3822,#1318,.T.);
#4759=EDGE_CURVE('',#3823,#3819,#1319,.T.);
#4760=EDGE_CURVE('',#3824,#3822,#1320,.T.);
#4761=EDGE_CURVE('',#3823,#3824,#1321,.T.);
#4762=EDGE_CURVE('',#3825,#3823,#1322,.T.);
#4763=EDGE_CURVE('',#3826,#3824,#1323,.T.);
#4764=EDGE_CURVE('',#3825,#3826,#1324,.T.);
#4765=EDGE_CURVE('',#3827,#3828,#1325,.T.);
#4766=EDGE_CURVE('',#3828,#3829,#1326,.T.);
#4767=EDGE_CURVE('',#3830,#3829,#1327,.T.);
#4768=EDGE_CURVE('',#3827,#3830,#1328,.T.);
#4769=EDGE_CURVE('',#3831,#3827,#1329,.T.);
#4770=EDGE_CURVE('',#3832,#3830,#1330,.T.);
#4771=EDGE_CURVE('',#3831,#3832,#1331,.T.);
#4772=EDGE_CURVE('',#3828,#3833,#1332,.T.);
#4773=EDGE_CURVE('',#3833,#3834,#1333,.T.);
#4774=EDGE_CURVE('',#3829,#3834,#1334,.T.);
#4775=EDGE_CURVE('',#3835,#3836,#1335,.T.);
#4776=EDGE_CURVE('',#3836,#3837,#1336,.T.);
#4777=EDGE_CURVE('',#3838,#3837,#1337,.T.);
#4778=EDGE_CURVE('',#3835,#3838,#1338,.T.);
#4779=EDGE_CURVE('',#3839,#3835,#1339,.T.);
#4780=EDGE_CURVE('',#3840,#3838,#1340,.T.);
#4781=EDGE_CURVE('',#3839,#3840,#1341,.T.);
#4782=EDGE_CURVE('',#3841,#3839,#1342,.T.);
#4783=EDGE_CURVE('',#3842,#3840,#1343,.T.);
#4784=EDGE_CURVE('',#3841,#3842,#1344,.T.);
#4785=EDGE_CURVE('',#3843,#3844,#1345,.T.);
#4786=EDGE_CURVE('',#3844,#3845,#1346,.T.);
#4787=EDGE_CURVE('',#3846,#3845,#1347,.T.);
#4788=EDGE_CURVE('',#3843,#3846,#1348,.T.);
#4789=EDGE_CURVE('',#3847,#3843,#1349,.T.);
#4790=EDGE_CURVE('',#3848,#3846,#1350,.T.);
#4791=EDGE_CURVE('',#3847,#3848,#1351,.T.);
#4792=EDGE_CURVE('',#3849,#3847,#1352,.T.);
#4793=EDGE_CURVE('',#3850,#3848,#1353,.T.);
#4794=EDGE_CURVE('',#3849,#3850,#1354,.T.);
#4795=EDGE_CURVE('',#3851,#3852,#1355,.T.);
#4796=EDGE_CURVE('',#3852,#3853,#1356,.T.);
#4797=EDGE_CURVE('',#3854,#3853,#1357,.T.);
#4798=EDGE_CURVE('',#3851,#3854,#1358,.T.);
#4799=EDGE_CURVE('',#3855,#3851,#1359,.T.);
#4800=EDGE_CURVE('',#3856,#3854,#1360,.T.);
#4801=EDGE_CURVE('',#3855,#3856,#1361,.T.);
#4802=EDGE_CURVE('',#3857,#3855,#1362,.T.);
#4803=EDGE_CURVE('',#3858,#3856,#1363,.T.);
#4804=EDGE_CURVE('',#3857,#3858,#1364,.T.);
#4805=EDGE_CURVE('',#3859,#3832,#1365,.T.);
#4806=EDGE_CURVE('',#3834,#3792,#1366,.T.);
#4807=EDGE_CURVE('',#3794,#3616,#1367,.T.);
#4808=EDGE_CURVE('',#3618,#3576,#1368,.T.);
#4809=EDGE_CURVE('',#3578,#3632,#1369,.T.);
#4810=EDGE_CURVE('',#3634,#3728,#1370,.T.);
#4811=EDGE_CURVE('',#3730,#3544,#1371,.T.);
#4812=EDGE_CURVE('',#3546,#3860,#1372,.T.);
#4813=EDGE_CURVE('',#3860,#3722,#1373,.T.);
#4814=EDGE_CURVE('',#3717,#3606,#1374,.T.);
#4815=EDGE_CURVE('',#3609,#3746,#1375,.T.);
#4816=EDGE_CURVE('',#3741,#3598,#1376,.T.);
#4817=EDGE_CURVE('',#3601,#3686,#1377,.T.);
#4818=EDGE_CURVE('',#3689,#3584,#1378,.T.);
#4819=EDGE_CURVE('',#3586,#3682,#1379,.T.);
#4820=EDGE_CURVE('',#3677,#3802,#1380,.T.);
#4821=EDGE_CURVE('',#3797,#3826,#1381,.T.);
#4822=EDGE_CURVE('',#3821,#3776,#1382,.T.);
#4823=EDGE_CURVE('',#3778,#3754,#1383,.T.);
#4824=EDGE_CURVE('',#3749,#3538,#1384,.T.);
#4825=EDGE_CURVE('',#3533,#3650,#1385,.T.);
#4826=EDGE_CURVE('',#3645,#3850,#1386,.T.);
#4827=EDGE_CURVE('',#3845,#3861,#1387,.T.);
#4828=EDGE_CURVE('',#3861,#3806,#1388,.T.);
#4829=EDGE_CURVE('',#3809,#3762,#1389,.T.);
#4830=EDGE_CURVE('',#3757,#3672,#1390,.T.);
#4831=EDGE_CURVE('',#3674,#3626,#1391,.T.);
#4832=EDGE_CURVE('',#3621,#3710,#1392,.T.);
#4833=EDGE_CURVE('',#3713,#3554,#1393,.T.);
#4834=EDGE_CURVE('',#3549,#3658,#1394,.T.);
#4835=EDGE_CURVE('',#3653,#3862,#1395,.T.);
#4836=EDGE_CURVE('',#3862,#3594,#1396,.T.);
#4837=EDGE_CURVE('',#3589,#3698,#1397,.T.);
#4838=EDGE_CURVE('',#3693,#3530,#1398,.T.);
#4839=EDGE_CURVE('',#3525,#3570,#1399,.T.);
#4840=EDGE_CURVE('',#3565,#3642,#1400,.T.);
#4841=EDGE_CURVE('',#3637,#3842,#1401,.T.);
#4842=EDGE_CURVE('',#3837,#3858,#1402,.T.);
#4843=EDGE_CURVE('',#3853,#3706,#1403,.T.);
#4844=EDGE_CURVE('',#3701,#3666,#1404,.T.);
#4845=EDGE_CURVE('',#3661,#3770,#1405,.T.);
#4846=EDGE_CURVE('',#3765,#3738,#1406,.T.);
#4847=EDGE_CURVE('',#3733,#3818,#1407,.T.);
#4848=EDGE_CURVE('',#3813,#3562,#1408,.T.);
#4849=EDGE_CURVE('',#3557,#3782,#1409,.T.);
#4850=EDGE_CURVE('',#3785,#3859,#1410,.T.);
#4851=EDGE_CURVE('',#3863,#3864,#1411,.T.);
#4852=EDGE_CURVE('',#3865,#3863,#1412,.T.);
#4853=EDGE_CURVE('',#3866,#3865,#1413,.T.);
#4854=EDGE_CURVE('',#3864,#3866,#1414,.T.);
#4855=EDGE_CURVE('',#3852,#3857,#1415,.T.);
#4856=EDGE_CURVE('',#3844,#3849,#1416,.T.);
#4857=EDGE_CURVE('',#3836,#3841,#1417,.T.);
#4858=EDGE_CURVE('',#3833,#3831,#1418,.T.);
#4859=EDGE_CURVE('',#3820,#3825,#1419,.T.);
#4860=EDGE_CURVE('',#3812,#3817,#1420,.T.);
#4861=EDGE_CURVE('',#3808,#3803,#1421,.T.);
#4862=EDGE_CURVE('',#3796,#3801,#1422,.T.);
#4863=EDGE_CURVE('',#3793,#3791,#1423,.T.);
#4864=EDGE_CURVE('',#3784,#3779,#1424,.T.);
#4865=EDGE_CURVE('',#3777,#3775,#1425,.T.);
#4866=EDGE_CURVE('',#3764,#3769,#1426,.T.);
#4867=EDGE_CURVE('',#3756,#3761,#1427,.T.);
#4868=EDGE_CURVE('',#3748,#3753,#1428,.T.);
#4869=EDGE_CURVE('',#3740,#3745,#1429,.T.);
#4870=EDGE_CURVE('',#3732,#3737,#1430,.T.);
#4871=EDGE_CURVE('',#3729,#3727,#1431,.T.);
#4872=EDGE_CURVE('',#3716,#3721,#1432,.T.);
#4873=EDGE_CURVE('',#3712,#3707,#1433,.T.);
#4874=EDGE_CURVE('',#3700,#3705,#1434,.T.);
#4875=EDGE_CURVE('',#3692,#3697,#1435,.T.);
#4876=EDGE_CURVE('',#3688,#3683,#1436,.T.);
#4877=EDGE_CURVE('',#3676,#3681,#1437,.T.);
#4878=EDGE_CURVE('',#3673,#3671,#1438,.T.);
#4879=EDGE_CURVE('',#3660,#3665,#1439,.T.);
#4880=EDGE_CURVE('',#3652,#3657,#1440,.T.);
#4881=EDGE_CURVE('',#3644,#3649,#1441,.T.);
#4882=EDGE_CURVE('',#3636,#3641,#1442,.T.);
#4883=EDGE_CURVE('',#3633,#3631,#1443,.T.);
#4884=EDGE_CURVE('',#3620,#3625,#1444,.T.);
#4885=EDGE_CURVE('',#3617,#3615,#1445,.T.);
#4886=EDGE_CURVE('',#3608,#3603,#1446,.T.);
#4887=EDGE_CURVE('',#3600,#3595,#1447,.T.);
#4888=EDGE_CURVE('',#3588,#3593,#1448,.T.);
#4889=EDGE_CURVE('',#3585,#3583,#1449,.T.);
#4890=EDGE_CURVE('',#3577,#3575,#1450,.T.);
#4891=EDGE_CURVE('',#3564,#3569,#1451,.T.);
#4892=EDGE_CURVE('',#3556,#3561,#1452,.T.);
#4893=EDGE_CURVE('',#3548,#3553,#1453,.T.);
#4894=EDGE_CURVE('',#3545,#3543,#1454,.T.);
#4895=EDGE_CURVE('',#3532,#3537,#1455,.T.);
#4896=EDGE_CURVE('',#3524,#3529,#1456,.T.);
#4897=EDGE_CURVE('',#3867,#3868,#1457,.T.);
#4898=EDGE_CURVE('',#3867,#3869,#1458,.T.);
#4899=EDGE_CURVE('',#3870,#3869,#1459,.T.);
#4900=EDGE_CURVE('',#3868,#3870,#1460,.T.);
#4901=EDGE_CURVE('',#3868,#3871,#1461,.T.);
#4902=EDGE_CURVE('',#3872,#3870,#1462,.T.);
#4903=EDGE_CURVE('',#3871,#3872,#1463,.T.);
#4904=EDGE_CURVE('',#3871,#3873,#1464,.T.);
#4905=EDGE_CURVE('',#3874,#3872,#1465,.T.);
#4906=EDGE_CURVE('',#3861,#3874,#1466,.T.);
#4907=EDGE_CURVE('',#3860,#3875,#1467,.T.);
#4908=EDGE_CURVE('',#3876,#3875,#1468,.T.);
#4909=EDGE_CURVE('',#3877,#3876,#1469,.T.);
#4910=EDGE_CURVE('',#3878,#3877,#1470,.T.);
#4911=EDGE_CURVE('',#3878,#3879,#1471,.T.);
#4912=EDGE_CURVE('',#3880,#3879,#1472,.T.);
#4913=EDGE_CURVE('',#3873,#3880,#1473,.T.);
#4914=EDGE_CURVE('',#3873,#3867,#1474,.T.);
#4915=EDGE_CURVE('',#3869,#3880,#1475,.T.);
#4916=EDGE_CURVE('',#3881,#3882,#1476,.T.);
#4917=EDGE_CURVE('',#3881,#3883,#1477,.T.);
#4918=EDGE_CURVE('',#3884,#3883,#1478,.T.);
#4919=EDGE_CURVE('',#3882,#3884,#1479,.T.);
#4920=EDGE_CURVE('',#3885,#3886,#1480,.T.);
#4921=EDGE_CURVE('',#3885,#3887,#1481,.T.);
#4922=EDGE_CURVE('',#3888,#3887,#1482,.T.);
#4923=EDGE_CURVE('',#3886,#3888,#1483,.T.);
#4924=EDGE_CURVE('',#3886,#3881,#1484,.T.);
#4925=EDGE_CURVE('',#3883,#3888,#1485,.T.);
#4926=EDGE_CURVE('',#3889,#3890,#1486,.T.);
#4927=EDGE_CURVE('',#3889,#3891,#1487,.T.);
#4928=EDGE_CURVE('',#3892,#3891,#1488,.T.);
#4929=EDGE_CURVE('',#3890,#3892,#1489,.T.);
#4930=EDGE_CURVE('',#3890,#3893,#1490,.T.);
#4931=EDGE_CURVE('',#3894,#3892,#1491,.T.);
#4932=EDGE_CURVE('',#3893,#3894,#1492,.T.);
#4933=EDGE_CURVE('',#3893,#3895,#1493,.T.);
#4934=EDGE_CURVE('',#3896,#3894,#1494,.T.);
#4935=EDGE_CURVE('',#3897,#3896,#1495,.T.);
#4936=EDGE_CURVE('',#3898,#3897,#1496,.T.);
#4937=EDGE_CURVE('',#3898,#3899,#1497,.T.);
#4938=EDGE_CURVE('',#3900,#3899,#1498,.T.);
#4939=EDGE_CURVE('',#3859,#3900,#1499,.T.);
#4940=EDGE_CURVE('',#3862,#3901,#1500,.T.);
#4941=EDGE_CURVE('',#3902,#3901,#1501,.T.);
#4942=EDGE_CURVE('',#3895,#3902,#1502,.T.);
#4943=EDGE_CURVE('',#3895,#3889,#1503,.T.);
#4944=EDGE_CURVE('',#3891,#3902,#1504,.T.);
#4945=EDGE_CURVE('',#3903,#3904,#1505,.T.);
#4946=EDGE_CURVE('',#3903,#3905,#1506,.T.);
#4947=EDGE_CURVE('',#3906,#3905,#1507,.T.);
#4948=EDGE_CURVE('',#3904,#3906,#1508,.T.);
#4949=EDGE_CURVE('',#3904,#3907,#1509,.T.);
#4950=EDGE_CURVE('',#3908,#3906,#1510,.T.);
#4951=EDGE_CURVE('',#3907,#3908,#1511,.T.);
#4952=EDGE_CURVE('',#3907,#3909,#1512,.T.);
#4953=EDGE_CURVE('',#3910,#3908,#1513,.T.);
#4954=EDGE_CURVE('',#3909,#3910,#1514,.T.);
#4955=EDGE_CURVE('',#3909,#3903,#1515,.T.);
#4956=EDGE_CURVE('',#3901,#3910,#1516,.T.);
#4957=EDGE_CURVE('',#3887,#3874,#1517,.T.);
#4958=EDGE_CURVE('',#3882,#3885,#1518,.T.);
#4959=EDGE_CURVE('',#3905,#3884,#1519,.T.);
#4960=EDGE_CURVE('',#3911,#3912,#1520,.T.);
#4961=EDGE_CURVE('',#3911,#3913,#1521,.T.);
#4962=EDGE_CURVE('',#3914,#3913,#1522,.T.);
#4963=EDGE_CURVE('',#3915,#3914,#1523,.T.);
#4964=EDGE_CURVE('',#3916,#3915,#1524,.T.);
#4965=EDGE_CURVE('',#3916,#3917,#1525,.T.);
#4966=EDGE_CURVE('',#3875,#3917,#1526,.T.);
#4967=EDGE_CURVE('',#3918,#3900,#1527,.T.);
#4968=EDGE_CURVE('',#3912,#3918,#1528,.T.);
#4969=EDGE_CURVE('',#3912,#3919,#1529,.T.);
#4970=EDGE_CURVE('',#3920,#3918,#1530,.T.);
#4971=EDGE_CURVE('',#3919,#3920,#1531,.T.);
#4972=EDGE_CURVE('',#3919,#3921,#1532,.T.);
#4973=EDGE_CURVE('',#3922,#3920,#1533,.T.);
#4974=EDGE_CURVE('',#3921,#3922,#1534,.T.);
#4975=EDGE_CURVE('',#3921,#3911,#1535,.T.);
#4976=EDGE_CURVE('',#3913,#3922,#1536,.T.);
#4977=EDGE_CURVE('',#3915,#3923,#1537,.T.);
#4978=EDGE_CURVE('',#3924,#3914,#1538,.T.);
#4979=EDGE_CURVE('',#3923,#3924,#1539,.T.);
#4980=EDGE_CURVE('',#3923,#3925,#1540,.T.);
#4981=EDGE_CURVE('',#3926,#3924,#1541,.T.);
#4982=EDGE_CURVE('',#3925,#3926,#1542,.T.);
#4983=EDGE_CURVE('',#3925,#3916,#1543,.T.);
#4984=EDGE_CURVE('',#3917,#3926,#1544,.T.);
#4985=EDGE_CURVE('',#3927,#3898,#1545,.T.);
#4986=EDGE_CURVE('',#3927,#3928,#1546,.T.);
#4987=EDGE_CURVE('',#3899,#3928,#1547,.T.);
#4988=EDGE_CURVE('',#3897,#3929,#1548,.T.);
#4989=EDGE_CURVE('',#3930,#3896,#1549,.T.);
#4990=EDGE_CURVE('',#3929,#3930,#1550,.T.);
#4991=EDGE_CURVE('',#3929,#3927,#1551,.T.);
#4992=EDGE_CURVE('',#3928,#3930,#1552,.T.);
#4993=EDGE_CURVE('',#3877,#3931,#1553,.T.);
#4994=EDGE_CURVE('',#3932,#3876,#1554,.T.);
#4995=EDGE_CURVE('',#3931,#3932,#1555,.T.);
#4996=EDGE_CURVE('',#3931,#3933,#1556,.T.);
#4997=EDGE_CURVE('',#3934,#3932,#1557,.T.);
#4998=EDGE_CURVE('',#3933,#3934,#1558,.T.);
#4999=EDGE_CURVE('',#3933,#3878,#1559,.T.);
#5000=EDGE_CURVE('',#3879,#3934,#1560,.T.);
#5001=EDGE_CURVE('',#3935,#3936,#1561,.T.);
#5002=EDGE_CURVE('',#3935,#3864,#1562,.T.);
#5003=EDGE_CURVE('',#3936,#3866,#1563,.T.);
#5004=EDGE_CURVE('',#3936,#3937,#1564,.T.);
#5005=EDGE_CURVE('',#3937,#3865,#1565,.T.);
#5006=EDGE_CURVE('',#3937,#3938,#1566,.T.);
#5007=EDGE_CURVE('',#3938,#3863,#1567,.T.);
#5008=EDGE_CURVE('',#3938,#3935,#1568,.T.);
#5009=EDGE_CURVE('',#3939,#3940,#22,.F.);
#5010=EDGE_CURVE('',#3941,#3939,#23,.F.);
#5011=EDGE_CURVE('',#3940,#3941,#24,.F.);
#5012=EDGE_CURVE('',#3942,#3943,#25,.T.);
#5013=EDGE_CURVE('',#3943,#3941,#1569,.T.);
#5014=EDGE_CURVE('',#3939,#3942,#1570,.T.);
#5015=EDGE_CURVE('',#3944,#3945,#26,.F.);
#5016=EDGE_CURVE('',#3946,#3944,#27,.F.);
#5017=EDGE_CURVE('',#3945,#3946,#28,.F.);
#5018=EDGE_CURVE('',#3947,#3948,#29,.T.);
#5019=EDGE_CURVE('',#3948,#3946,#1571,.T.);
#5020=EDGE_CURVE('',#3944,#3947,#1572,.T.);
#5021=EDGE_CURVE('',#3940,#3945,#1573,.T.);
#5022=EDGE_CURVE('',#3946,#3939,#1574,.T.);
#5023=EDGE_CURVE('',#3949,#3950,#30,.F.);
#5024=EDGE_CURVE('',#3951,#3949,#31,.F.);
#5025=EDGE_CURVE('',#3950,#3951,#32,.F.);
#5026=EDGE_CURVE('',#3952,#3953,#33,.T.);
#5027=EDGE_CURVE('',#3953,#3951,#1575,.T.);
#5028=EDGE_CURVE('',#3949,#3952,#1576,.T.);
#5029=EDGE_CURVE('',#3954,#3955,#34,.F.);
#5030=EDGE_CURVE('',#3956,#3954,#35,.F.);
#5031=EDGE_CURVE('',#3955,#3956,#36,.F.);
#5032=EDGE_CURVE('',#3957,#3958,#37,.T.);
#5033=EDGE_CURVE('',#3958,#3956,#1577,.T.);
#5034=EDGE_CURVE('',#3954,#3957,#1578,.T.);
#5035=EDGE_CURVE('',#3945,#3955,#1579,.T.);
#5036=EDGE_CURVE('',#3956,#3944,#1580,.T.);
#5037=EDGE_CURVE('',#3955,#3950,#1581,.T.);
#5038=EDGE_CURVE('',#3951,#3954,#1582,.T.);
#5039=EDGE_CURVE('',#3950,#3940,#1583,.T.);
#5040=EDGE_CURVE('',#3941,#3949,#1584,.T.);
#5041=EDGE_CURVE('',#3959,#3948,#1585,.T.);
#5042=EDGE_CURVE('',#3960,#3959,#1586,.T.);
#5043=EDGE_CURVE('',#3961,#3960,#1587,.T.);
#5044=EDGE_CURVE('',#3962,#3961,#1588,.T.);
#5045=EDGE_CURVE('',#3942,#3962,#1589,.T.);
#5046=EDGE_CURVE('',#3963,#3958,#1590,.T.);
#5047=EDGE_CURVE('',#3964,#3963,#1591,.T.);
#5048=EDGE_CURVE('',#3965,#3964,#1592,.T.);
#5049=EDGE_CURVE('',#3966,#3965,#1593,.T.);
#5050=EDGE_CURVE('',#3947,#3966,#1594,.T.);
#5051=EDGE_CURVE('',#3967,#3967,#38,.T.);
#5052=EDGE_CURVE('',#3967,#3968,#1595,.T.);
#5053=EDGE_CURVE('',#3968,#3968,#39,.T.);
#5054=EDGE_CURVE('',#3969,#3953,#1596,.T.);
#5055=EDGE_CURVE('',#3970,#3969,#1597,.T.);
#5056=EDGE_CURVE('',#3971,#3970,#1598,.T.);
#5057=EDGE_CURVE('',#3972,#3971,#1599,.T.);
#5058=EDGE_CURVE('',#3957,#3972,#1600,.T.);
#5059=EDGE_CURVE('',#3973,#3943,#1601,.T.);
#5060=EDGE_CURVE('',#3974,#3973,#1602,.T.);
#5061=EDGE_CURVE('',#3975,#3974,#1603,.T.);
#5062=EDGE_CURVE('',#3976,#3975,#1604,.T.);
#5063=EDGE_CURVE('',#3952,#3976,#1605,.T.);
#5064=EDGE_CURVE('',#3959,#3977,#1606,.T.);
#5065=EDGE_CURVE('',#3978,#3966,#1607,.T.);
#5066=EDGE_CURVE('',#3979,#3978,#1608,.T.);
#5067=EDGE_CURVE('',#3965,#3979,#1609,.T.);
#5068=EDGE_CURVE('',#3980,#3964,#1610,.T.);
#5069=EDGE_CURVE('',#3981,#3980,#1611,.T.);
#5070=EDGE_CURVE('',#3963,#3981,#1612,.T.);
#5071=EDGE_CURVE('',#3972,#3982,#1613,.T.);
#5072=EDGE_CURVE('',#3982,#3983,#1614,.T.);
#5073=EDGE_CURVE('',#3983,#3971,#1615,.T.);
#5074=EDGE_CURVE('',#3970,#3984,#1616,.T.);
#5075=EDGE_CURVE('',#3984,#3985,#1617,.T.);
#5076=EDGE_CURVE('',#3985,#3969,#1618,.T.);
#5077=EDGE_CURVE('',#3976,#3986,#1619,.T.);
#5078=EDGE_CURVE('',#3986,#3987,#1620,.T.);
#5079=EDGE_CURVE('',#3987,#3975,#1621,.T.);
#5080=EDGE_CURVE('',#3974,#3988,#1622,.T.);
#5081=EDGE_CURVE('',#3988,#3989,#1623,.T.);
#5082=EDGE_CURVE('',#3989,#3973,#1624,.T.);
#5083=EDGE_CURVE('',#3990,#3962,#1625,.T.);
#5084=EDGE_CURVE('',#3991,#3990,#1626,.T.);
#5085=EDGE_CURVE('',#3961,#3991,#1627,.T.);
#5086=EDGE_CURVE('',#3992,#3960,#1628,.T.);
#5087=EDGE_CURVE('',#3977,#3992,#1629,.T.);
#5088=EDGE_CURVE('',#3993,#3994,#1630,.T.);
#5089=EDGE_CURVE('',#3993,#3995,#1631,.T.);
#5090=EDGE_CURVE('',#3996,#3995,#1632,.T.);
#5091=EDGE_CURVE('',#3994,#3996,#1633,.T.);
#5092=EDGE_CURVE('',#3994,#3997,#1634,.T.);
#5093=EDGE_CURVE('',#3998,#3996,#1635,.T.);
#5094=EDGE_CURVE('',#3997,#3998,#1636,.T.);
#5095=EDGE_CURVE('',#3997,#3999,#1637,.T.);
#5096=EDGE_CURVE('',#4000,#3998,#1638,.T.);
#5097=EDGE_CURVE('',#3999,#4000,#1639,.T.);
#5098=EDGE_CURVE('',#3999,#3993,#1640,.T.);
#5099=EDGE_CURVE('',#3995,#4001,#1641,.T.);
#5100=EDGE_CURVE('',#4001,#4002,#1642,.T.);
#5101=EDGE_CURVE('',#4002,#4003,#1643,.T.);
#5102=EDGE_CURVE('',#4003,#4004,#1644,.T.);
#5103=EDGE_CURVE('',#4004,#4005,#1645,.T.);
#5104=EDGE_CURVE('',#4005,#4006,#1646,.T.);
#5105=EDGE_CURVE('',#4006,#4007,#1647,.T.);
#5106=EDGE_CURVE('',#4007,#4008,#1648,.T.);
#5107=EDGE_CURVE('',#4008,#4009,#1649,.T.);
#5108=EDGE_CURVE('',#4009,#4010,#1650,.T.);
#5109=EDGE_CURVE('',#4010,#4011,#1651,.T.);
#5110=EDGE_CURVE('',#4011,#4012,#1652,.T.);
#5111=EDGE_CURVE('',#4012,#4013,#1653,.T.);
#5112=EDGE_CURVE('',#4013,#4014,#1654,.T.);
#5113=EDGE_CURVE('',#4014,#4015,#1655,.T.);
#5114=EDGE_CURVE('',#4015,#4016,#1656,.T.);
#5115=EDGE_CURVE('',#4016,#4017,#1657,.T.);
#5116=EDGE_CURVE('',#4017,#4018,#1658,.T.);
#5117=EDGE_CURVE('',#4018,#4019,#1659,.T.);
#5118=EDGE_CURVE('',#4019,#4020,#1660,.T.);
#5119=EDGE_CURVE('',#4020,#4021,#1661,.T.);
#5120=EDGE_CURVE('',#4021,#4022,#1662,.T.);
#5121=EDGE_CURVE('',#4022,#4023,#1663,.T.);
#5122=EDGE_CURVE('',#4023,#4024,#1664,.T.);
#5123=EDGE_CURVE('',#4024,#4025,#1665,.T.);
#5124=EDGE_CURVE('',#4025,#4026,#1666,.T.);
#5125=EDGE_CURVE('',#4026,#4027,#1667,.T.);
#5126=EDGE_CURVE('',#4027,#4028,#1668,.T.);
#5127=EDGE_CURVE('',#4028,#4029,#1669,.T.);
#5128=EDGE_CURVE('',#4029,#4030,#1670,.T.);
#5129=EDGE_CURVE('',#4030,#4031,#1671,.T.);
#5130=EDGE_CURVE('',#4031,#4032,#1672,.T.);
#5131=EDGE_CURVE('',#4032,#4033,#1673,.T.);
#5132=EDGE_CURVE('',#4033,#4034,#1674,.T.);
#5133=EDGE_CURVE('',#4034,#4035,#1675,.T.);
#5134=EDGE_CURVE('',#4035,#4036,#1676,.T.);
#5135=EDGE_CURVE('',#4036,#4037,#1677,.T.);
#5136=EDGE_CURVE('',#4037,#4038,#1678,.T.);
#5137=EDGE_CURVE('',#4038,#4039,#1679,.T.);
#5138=EDGE_CURVE('',#4039,#4040,#1680,.T.);
#5139=EDGE_CURVE('',#4040,#4041,#1681,.T.);
#5140=EDGE_CURVE('',#4041,#4042,#1682,.T.);
#5141=EDGE_CURVE('',#4042,#4043,#1683,.T.);
#5142=EDGE_CURVE('',#4043,#4044,#1684,.T.);
#5143=EDGE_CURVE('',#4044,#4045,#1685,.T.);
#5144=EDGE_CURVE('',#4045,#4046,#1686,.T.);
#5145=EDGE_CURVE('',#4046,#4047,#1687,.T.);
#5146=EDGE_CURVE('',#4047,#4048,#1688,.T.);
#5147=EDGE_CURVE('',#4048,#4049,#1689,.T.);
#5148=EDGE_CURVE('',#4049,#4050,#1690,.T.);
#5149=EDGE_CURVE('',#4050,#4051,#1691,.T.);
#5150=EDGE_CURVE('',#4051,#4052,#1692,.T.);
#5151=EDGE_CURVE('',#4052,#4053,#1693,.T.);
#5152=EDGE_CURVE('',#4053,#4054,#1694,.T.);
#5153=EDGE_CURVE('',#4054,#4055,#1695,.T.);
#5154=EDGE_CURVE('',#4055,#4056,#1696,.T.);
#5155=EDGE_CURVE('',#4056,#4057,#1697,.T.);
#5156=EDGE_CURVE('',#4057,#4058,#1698,.T.);
#5157=EDGE_CURVE('',#4058,#4059,#1699,.T.);
#5158=EDGE_CURVE('',#4059,#4060,#1700,.T.);
#5159=EDGE_CURVE('',#4060,#4061,#1701,.T.);
#5160=EDGE_CURVE('',#4061,#4062,#1702,.T.);
#5161=EDGE_CURVE('',#4062,#4063,#1703,.T.);
#5162=EDGE_CURVE('',#4063,#4064,#1704,.T.);
#5163=EDGE_CURVE('',#4064,#4065,#1705,.T.);
#5164=EDGE_CURVE('',#4065,#4066,#1706,.T.);
#5165=EDGE_CURVE('',#4066,#4067,#1707,.T.);
#5166=EDGE_CURVE('',#4067,#4068,#1708,.T.);
#5167=EDGE_CURVE('',#4068,#4069,#1709,.T.);
#5168=EDGE_CURVE('',#4069,#4070,#1710,.T.);
#5169=EDGE_CURVE('',#4070,#4071,#1711,.T.);
#5170=EDGE_CURVE('',#4071,#4072,#1712,.T.);
#5171=EDGE_CURVE('',#4072,#4073,#1713,.T.);
#5172=EDGE_CURVE('',#4073,#4074,#1714,.T.);
#5173=EDGE_CURVE('',#4074,#4075,#1715,.T.);
#5174=EDGE_CURVE('',#4075,#4076,#1716,.T.);
#5175=EDGE_CURVE('',#4076,#4077,#1717,.T.);
#5176=EDGE_CURVE('',#4077,#4078,#1718,.T.);
#5177=EDGE_CURVE('',#4078,#4079,#1719,.T.);
#5178=EDGE_CURVE('',#4079,#4080,#1720,.T.);
#5179=EDGE_CURVE('',#4080,#4081,#1721,.T.);
#5180=EDGE_CURVE('',#4081,#4082,#1722,.T.);
#5181=EDGE_CURVE('',#4083,#4082,#1723,.T.);
#5182=EDGE_CURVE('',#4083,#4084,#1724,.T.);
#5183=EDGE_CURVE('',#4084,#4085,#1725,.T.);
#5184=EDGE_CURVE('',#4085,#4086,#1726,.T.);
#5185=EDGE_CURVE('',#4087,#4086,#1727,.T.);
#5186=EDGE_CURVE('',#4087,#4088,#1728,.T.);
#5187=EDGE_CURVE('',#4088,#4089,#1729,.T.);
#5188=EDGE_CURVE('',#4089,#4090,#1730,.T.);
#5189=EDGE_CURVE('',#4091,#4090,#1731,.T.);
#5190=EDGE_CURVE('',#4091,#4092,#1732,.T.);
#5191=EDGE_CURVE('',#4092,#4093,#1733,.T.);
#5192=EDGE_CURVE('',#4093,#4094,#1734,.T.);
#5193=EDGE_CURVE('',#4095,#4094,#1735,.T.);
#5194=EDGE_CURVE('',#4095,#4096,#1736,.T.);
#5195=EDGE_CURVE('',#4096,#4097,#1737,.T.);
#5196=EDGE_CURVE('',#4097,#4098,#1738,.T.);
#5197=EDGE_CURVE('',#4099,#4098,#1739,.T.);
#5198=EDGE_CURVE('',#4099,#4100,#1740,.T.);
#5199=EDGE_CURVE('',#4100,#4101,#1741,.T.);
#5200=EDGE_CURVE('',#4101,#4102,#1742,.T.);
#5201=EDGE_CURVE('',#4103,#4102,#1743,.T.);
#5202=EDGE_CURVE('',#4103,#4104,#1744,.T.);
#5203=EDGE_CURVE('',#4104,#4105,#1745,.T.);
#5204=EDGE_CURVE('',#4105,#4106,#1746,.T.);
#5205=EDGE_CURVE('',#4107,#4106,#1747,.T.);
#5206=EDGE_CURVE('',#4107,#4108,#1748,.T.);
#5207=EDGE_CURVE('',#4108,#4109,#1749,.T.);
#5208=EDGE_CURVE('',#4109,#4110,#1750,.T.);
#5209=EDGE_CURVE('',#4111,#4110,#1751,.T.);
#5210=EDGE_CURVE('',#4112,#4111,#1752,.T.);
#5211=EDGE_CURVE('',#4112,#4113,#1753,.T.);
#5212=EDGE_CURVE('',#4113,#4114,#1754,.T.);
#5213=EDGE_CURVE('',#4114,#4115,#1755,.T.);
#5214=EDGE_CURVE('',#4116,#4115,#1756,.T.);
#5215=EDGE_CURVE('',#4116,#4117,#1757,.T.);
#5216=EDGE_CURVE('',#4117,#4118,#1758,.T.);
#5217=EDGE_CURVE('',#4118,#4119,#1759,.T.);
#5218=EDGE_CURVE('',#4120,#4119,#1760,.T.);
#5219=EDGE_CURVE('',#4120,#4121,#1761,.T.);
#5220=EDGE_CURVE('',#4121,#4122,#1762,.T.);
#5221=EDGE_CURVE('',#4122,#4123,#1763,.T.);
#5222=EDGE_CURVE('',#4124,#4123,#1764,.T.);
#5223=EDGE_CURVE('',#4124,#4125,#1765,.T.);
#5224=EDGE_CURVE('',#4125,#4126,#1766,.T.);
#5225=EDGE_CURVE('',#4126,#4127,#1767,.T.);
#5226=EDGE_CURVE('',#4128,#4127,#1768,.T.);
#5227=EDGE_CURVE('',#4128,#4129,#1769,.T.);
#5228=EDGE_CURVE('',#4129,#4130,#1770,.T.);
#5229=EDGE_CURVE('',#4130,#4131,#1771,.T.);
#5230=EDGE_CURVE('',#4132,#4131,#1772,.T.);
#5231=EDGE_CURVE('',#4132,#4133,#1773,.T.);
#5232=EDGE_CURVE('',#4133,#4134,#1774,.T.);
#5233=EDGE_CURVE('',#4134,#4135,#1775,.T.);
#5234=EDGE_CURVE('',#4136,#4135,#1776,.T.);
#5235=EDGE_CURVE('',#4136,#4137,#1777,.T.);
#5236=EDGE_CURVE('',#4137,#4138,#1778,.T.);
#5237=EDGE_CURVE('',#4138,#4139,#1779,.T.);
#5238=EDGE_CURVE('',#4140,#4139,#1780,.T.);
#5239=EDGE_CURVE('',#4140,#4141,#1781,.T.);
#5240=EDGE_CURVE('',#4141,#4142,#1782,.T.);
#5241=EDGE_CURVE('',#4142,#4143,#1783,.T.);
#5242=EDGE_CURVE('',#4144,#4143,#1784,.T.);
#5243=EDGE_CURVE('',#4144,#4145,#1785,.T.);
#5244=EDGE_CURVE('',#4145,#4146,#1786,.T.);
#5245=EDGE_CURVE('',#4146,#4147,#1787,.T.);
#5246=EDGE_CURVE('',#4148,#4147,#1788,.T.);
#5247=EDGE_CURVE('',#4148,#4149,#1789,.T.);
#5248=EDGE_CURVE('',#4149,#4150,#1790,.T.);
#5249=EDGE_CURVE('',#4150,#4151,#1791,.T.);
#5250=EDGE_CURVE('',#4152,#4151,#1792,.T.);
#5251=EDGE_CURVE('',#4152,#4153,#1793,.T.);
#5252=EDGE_CURVE('',#4153,#4154,#1794,.T.);
#5253=EDGE_CURVE('',#4154,#4155,#1795,.T.);
#5254=EDGE_CURVE('',#4156,#4155,#1796,.T.);
#5255=EDGE_CURVE('',#4156,#4157,#1797,.T.);
#5256=EDGE_CURVE('',#4157,#4158,#1798,.T.);
#5257=EDGE_CURVE('',#4158,#4159,#1799,.T.);
#5258=EDGE_CURVE('',#4160,#4159,#1800,.T.);
#5259=EDGE_CURVE('',#4160,#4161,#1801,.T.);
#5260=EDGE_CURVE('',#4161,#4162,#1802,.T.);
#5261=EDGE_CURVE('',#4162,#4163,#1803,.T.);
#5262=EDGE_CURVE('',#4164,#4163,#1804,.T.);
#5263=EDGE_CURVE('',#4164,#4165,#1805,.T.);
#5264=EDGE_CURVE('',#4165,#4166,#1806,.T.);
#5265=EDGE_CURVE('',#4166,#4167,#1807,.T.);
#5266=EDGE_CURVE('',#4168,#4167,#1808,.T.);
#5267=EDGE_CURVE('',#4168,#4000,#1809,.T.);
#5268=EDGE_CURVE('',#4169,#4170,#1810,.T.);
#5269=EDGE_CURVE('',#4169,#4016,#1811,.T.);
#5270=EDGE_CURVE('',#4170,#4015,#1812,.T.);
#5271=EDGE_CURVE('',#4170,#4171,#1813,.T.);
#5272=EDGE_CURVE('',#4171,#4014,#1814,.T.);
#5273=EDGE_CURVE('',#4171,#4172,#1815,.T.);
#5274=EDGE_CURVE('',#4172,#4013,#1816,.T.);
#5275=EDGE_CURVE('',#4172,#4169,#1817,.T.);
#5276=EDGE_CURVE('',#4173,#4174,#1818,.T.);
#5277=EDGE_CURVE('',#4173,#4049,#1819,.T.);
#5278=EDGE_CURVE('',#4174,#4048,#1820,.T.);
#5279=EDGE_CURVE('',#4174,#4175,#1821,.T.);
#5280=EDGE_CURVE('',#4175,#4047,#1822,.T.);
#5281=EDGE_CURVE('',#4175,#4176,#1823,.T.);
#5282=EDGE_CURVE('',#4176,#4046,#1824,.T.);
#5283=EDGE_CURVE('',#4176,#4173,#1825,.T.);
#5284=EDGE_CURVE('',#4177,#4178,#1826,.T.);
#5285=EDGE_CURVE('',#4177,#4040,#1827,.T.);
#5286=EDGE_CURVE('',#4178,#4039,#1828,.T.);
#5287=EDGE_CURVE('',#4178,#4179,#1829,.T.);
#5288=EDGE_CURVE('',#4179,#4038,#1830,.T.);
#5289=EDGE_CURVE('',#4180,#4177,#1831,.T.);
#5290=EDGE_CURVE('',#4180,#4041,#1832,.T.);
#5291=EDGE_CURVE('',#4179,#4180,#1833,.T.);
#5292=EDGE_CURVE('',#4181,#4182,#1834,.T.);
#5293=EDGE_CURVE('',#4182,#4154,#1835,.T.);
#5294=EDGE_CURVE('',#4181,#4153,#1836,.T.);
#5295=EDGE_CURVE('',#4183,#4181,#1837,.T.);
#5296=EDGE_CURVE('',#4183,#4152,#1838,.T.);
#5297=EDGE_CURVE('',#4182,#4184,#1839,.T.);
#5298=EDGE_CURVE('',#4184,#4155,#1840,.T.);
#5299=EDGE_CURVE('',#4184,#4183,#1841,.T.);
#5300=EDGE_CURVE('',#4185,#4186,#1842,.T.);
#5301=EDGE_CURVE('',#4186,#4126,#1843,.T.);
#5302=EDGE_CURVE('',#4185,#4125,#1844,.T.);
#5303=EDGE_CURVE('',#4187,#4185,#1845,.T.);
#5304=EDGE_CURVE('',#4187,#4124,#1846,.T.);
#5305=EDGE_CURVE('',#4186,#4188,#1847,.T.);
#5306=EDGE_CURVE('',#4188,#4127,#1848,.T.);
#5307=EDGE_CURVE('',#4188,#4187,#1849,.T.);
#5308=EDGE_CURVE('',#3966,#4189,#1850,.T.);
#5309=EDGE_CURVE('',#4189,#4190,#1851,.T.);
#5310=EDGE_CURVE('',#4191,#4190,#1852,.T.);
#5311=EDGE_CURVE('',#3978,#4191,#1853,.T.);
#5312=EDGE_CURVE('',#4192,#4191,#1854,.T.);
#5313=EDGE_CURVE('',#3979,#4192,#1855,.T.);
#5314=EDGE_CURVE('',#4193,#3965,#1856,.T.);
#5315=EDGE_CURVE('',#4194,#4192,#1857,.T.);
#5316=EDGE_CURVE('',#4193,#4194,#1858,.T.);
#5317=EDGE_CURVE('',#4189,#4193,#1859,.T.);
#5318=EDGE_CURVE('',#4190,#4195,#1860,.T.);
#5319=EDGE_CURVE('',#4195,#4196,#1861,.T.);
#5320=EDGE_CURVE('',#4196,#4197,#1862,.T.);
#5321=EDGE_CURVE('',#4197,#4198,#1863,.T.);
#5322=EDGE_CURVE('',#4198,#4199,#1864,.T.);
#5323=EDGE_CURVE('',#4199,#4200,#1865,.T.);
#5324=EDGE_CURVE('',#4200,#4201,#1866,.T.);
#5325=EDGE_CURVE('',#4201,#4202,#1867,.T.);
#5326=EDGE_CURVE('',#4202,#4203,#1868,.T.);
#5327=EDGE_CURVE('',#4203,#4204,#1869,.T.);
#5328=EDGE_CURVE('',#4204,#4205,#1870,.T.);
#5329=EDGE_CURVE('',#4205,#4206,#1871,.T.);
#5330=EDGE_CURVE('',#4206,#4207,#1872,.T.);
#5331=EDGE_CURVE('',#4207,#4208,#1873,.T.);
#5332=EDGE_CURVE('',#4208,#4209,#1874,.T.);
#5333=EDGE_CURVE('',#4209,#4210,#1875,.T.);
#5334=EDGE_CURVE('',#4210,#4211,#1876,.T.);
#5335=EDGE_CURVE('',#4211,#4212,#1877,.T.);
#5336=EDGE_CURVE('',#4212,#4213,#1878,.T.);
#5337=EDGE_CURVE('',#4213,#4214,#1879,.T.);
#5338=EDGE_CURVE('',#4214,#4215,#1880,.T.);
#5339=EDGE_CURVE('',#4215,#4216,#1881,.T.);
#5340=EDGE_CURVE('',#4216,#4217,#1882,.T.);
#5341=EDGE_CURVE('',#4217,#4218,#1883,.T.);
#5342=EDGE_CURVE('',#4218,#4219,#1884,.T.);
#5343=EDGE_CURVE('',#4219,#4220,#1885,.T.);
#5344=EDGE_CURVE('',#4220,#4221,#1886,.T.);
#5345=EDGE_CURVE('',#4221,#4222,#1887,.T.);
#5346=EDGE_CURVE('',#4222,#4223,#1888,.T.);
#5347=EDGE_CURVE('',#4223,#4224,#1889,.T.);
#5348=EDGE_CURVE('',#4224,#4225,#1890,.T.);
#5349=EDGE_CURVE('',#4225,#4226,#1891,.T.);
#5350=EDGE_CURVE('',#4226,#4194,#1892,.T.);
#5351=EDGE_CURVE('',#4227,#4228,#1893,.T.);
#5352=EDGE_CURVE('',#4228,#4098,#1894,.T.);
#5353=EDGE_CURVE('',#4227,#4097,#1895,.T.);
#5354=EDGE_CURVE('',#4229,#4227,#1896,.T.);
#5355=EDGE_CURVE('',#4229,#4096,#1897,.T.);
#5356=EDGE_CURVE('',#4230,#4229,#1898,.T.);
#5357=EDGE_CURVE('',#4230,#4095,#1899,.T.);
#5358=EDGE_CURVE('',#4228,#4230,#1900,.T.);
#5359=EDGE_CURVE('',#4231,#4232,#1901,.T.);
#5360=EDGE_CURVE('',#4232,#4113,#1902,.T.);
#5361=EDGE_CURVE('',#4231,#4112,#1903,.T.);
#5362=EDGE_CURVE('',#4233,#4234,#1904,.T.);
#5363=EDGE_CURVE('',#4234,#4115,#1905,.T.);
#5364=EDGE_CURVE('',#4233,#4114,#1906,.T.);
#5365=EDGE_CURVE('',#4232,#4233,#1907,.T.);
#5366=EDGE_CURVE('',#4234,#4231,#1908,.T.);
#5367=EDGE_CURVE('',#4235,#4236,#1909,.T.);
#5368=EDGE_CURVE('',#4236,#4166,#1910,.T.);
#5369=EDGE_CURVE('',#4235,#4165,#1911,.T.);
#5370=EDGE_CURVE('',#4237,#4235,#1912,.T.);
#5371=EDGE_CURVE('',#4237,#4164,#1913,.T.);
#5372=EDGE_CURVE('',#4236,#4238,#1914,.T.);
#5373=EDGE_CURVE('',#4238,#4167,#1915,.T.);
#5374=EDGE_CURVE('',#4238,#4237,#1916,.T.);
#5375=EDGE_CURVE('',#4239,#4240,#1917,.T.);
#5376=EDGE_CURVE('',#4240,#4142,#1918,.T.);
#5377=EDGE_CURVE('',#4239,#4141,#1919,.T.);
#5378=EDGE_CURVE('',#4241,#4239,#1920,.T.);
#5379=EDGE_CURVE('',#4241,#4140,#1921,.T.);
#5380=EDGE_CURVE('',#4240,#4242,#1922,.T.);
#5381=EDGE_CURVE('',#4242,#4143,#1923,.T.);
#5382=EDGE_CURVE('',#4242,#4241,#1924,.T.);
#5383=EDGE_CURVE('',#3982,#4220,#1925,.T.);
#5384=EDGE_CURVE('',#3983,#4219,#1926,.T.);
#5385=EDGE_CURVE('',#4243,#4218,#1927,.T.);
#5386=EDGE_CURVE('',#3971,#4243,#1928,.T.);
#5387=EDGE_CURVE('',#4244,#3972,#1929,.T.);
#5388=EDGE_CURVE('',#4244,#4221,#1930,.T.);
#5389=EDGE_CURVE('',#4243,#4244,#1931,.T.);
#5390=EDGE_CURVE('',#4245,#4246,#1932,.T.);
#5391=EDGE_CURVE('',#4246,#4134,#1933,.T.);
#5392=EDGE_CURVE('',#4245,#4133,#1934,.T.);
#5393=EDGE_CURVE('',#4247,#4245,#1935,.T.);
#5394=EDGE_CURVE('',#4247,#4132,#1936,.T.);
#5395=EDGE_CURVE('',#4246,#4248,#1937,.T.);
#5396=EDGE_CURVE('',#4248,#4135,#1938,.T.);
#5397=EDGE_CURVE('',#4248,#4247,#1939,.T.);
#5398=EDGE_CURVE('',#4249,#4250,#1940,.T.);
#5399=EDGE_CURVE('',#4249,#4067,#1941,.T.);
#5400=EDGE_CURVE('',#4250,#4066,#1942,.T.);
#5401=EDGE_CURVE('',#4251,#4252,#1943,.T.);
#5402=EDGE_CURVE('',#4251,#4069,#1944,.T.);
#5403=EDGE_CURVE('',#4252,#4068,#1945,.T.);
#5404=EDGE_CURVE('',#4252,#4249,#1946,.T.);
#5405=EDGE_CURVE('',#4250,#4251,#1947,.T.);
#5406=EDGE_CURVE('',#4253,#4254,#1948,.T.);
#5407=EDGE_CURVE('',#4254,#4086,#1949,.T.);
#5408=EDGE_CURVE('',#4253,#4085,#1950,.T.);
#5409=EDGE_CURVE('',#4255,#4253,#1951,.T.);
#5410=EDGE_CURVE('',#4255,#4084,#1952,.T.);
#5411=EDGE_CURVE('',#4256,#4255,#1953,.T.);
#5412=EDGE_CURVE('',#4256,#4083,#1954,.T.);
#5413=EDGE_CURVE('',#4254,#4256,#1955,.T.);
#5414=EDGE_CURVE('',#4257,#4258,#1956,.T.);
#5415=EDGE_CURVE('',#4257,#4052,#1957,.T.);
#5416=EDGE_CURVE('',#4258,#4051,#1958,.T.);
#5417=EDGE_CURVE('',#4258,#4259,#1959,.T.);
#5418=EDGE_CURVE('',#4259,#4050,#1960,.T.);
#5419=EDGE_CURVE('',#4260,#4257,#1961,.T.);
#5420=EDGE_CURVE('',#4260,#4053,#1962,.T.);
#5421=EDGE_CURVE('',#4259,#4260,#1963,.T.);
#5422=EDGE_CURVE('',#3984,#4216,#1964,.T.);
#5423=EDGE_CURVE('',#3985,#4215,#1965,.T.);
#5424=EDGE_CURVE('',#4261,#4214,#1966,.T.);
#5425=EDGE_CURVE('',#3969,#4261,#1967,.T.);
#5426=EDGE_CURVE('',#4262,#3970,#1968,.T.);
#5427=EDGE_CURVE('',#4262,#4217,#1969,.T.);
#5428=EDGE_CURVE('',#4261,#4262,#1970,.T.);
#5429=EDGE_CURVE('',#4263,#3974,#1971,.T.);
#5430=EDGE_CURVE('',#4263,#4208,#1972,.T.);
#5431=EDGE_CURVE('',#3988,#4207,#1973,.T.);
#5432=EDGE_CURVE('',#3989,#4206,#1974,.T.);
#5433=EDGE_CURVE('',#4264,#4205,#1975,.T.);
#5434=EDGE_CURVE('',#3973,#4264,#1976,.T.);
#5435=EDGE_CURVE('',#4264,#4263,#1977,.T.);
#5436=EDGE_CURVE('',#4265,#4266,#1978,.T.);
#5437=EDGE_CURVE('',#4265,#4063,#1979,.T.);
#5438=EDGE_CURVE('',#4266,#4062,#1980,.T.);
#5439=EDGE_CURVE('',#4267,#4268,#1981,.T.);
#5440=EDGE_CURVE('',#4267,#4065,#1982,.T.);
#5441=EDGE_CURVE('',#4268,#4064,#1983,.T.);
#5442=EDGE_CURVE('',#4268,#4265,#1984,.T.);
#5443=EDGE_CURVE('',#4266,#4267,#1985,.T.);
#5444=EDGE_CURVE('',#4269,#4270,#1986,.T.);
#5445=EDGE_CURVE('',#4270,#4122,#1987,.T.);
#5446=EDGE_CURVE('',#4269,#4121,#1988,.T.);
#5447=EDGE_CURVE('',#4271,#4269,#1989,.T.);
#5448=EDGE_CURVE('',#4271,#4120,#1990,.T.);
#5449=EDGE_CURVE('',#4270,#4272,#1991,.T.);
#5450=EDGE_CURVE('',#4272,#4123,#1992,.T.);
#5451=EDGE_CURVE('',#4272,#4271,#1993,.T.);
#5452=EDGE_CURVE('',#4273,#4274,#1994,.T.);
#5453=EDGE_CURVE('',#4274,#4102,#1995,.T.);
#5454=EDGE_CURVE('',#4273,#4101,#1996,.T.);
#5455=EDGE_CURVE('',#4275,#4273,#1997,.T.);
#5456=EDGE_CURVE('',#4275,#4100,#1998,.T.);
#5457=EDGE_CURVE('',#4276,#4275,#1999,.T.);
#5458=EDGE_CURVE('',#4276,#4099,#2000,.T.);
#5459=EDGE_CURVE('',#4274,#4276,#2001,.T.);
#5460=EDGE_CURVE('',#4277,#4278,#2002,.T.);
#5461=EDGE_CURVE('',#4277,#4081,#2003,.T.);
#5462=EDGE_CURVE('',#4278,#4080,#2004,.T.);
#5463=EDGE_CURVE('',#4278,#4279,#2005,.T.);
#5464=EDGE_CURVE('',#4279,#4079,#2006,.T.);
#5465=EDGE_CURVE('',#4279,#4280,#2007,.T.);
#5466=EDGE_CURVE('',#4280,#4078,#2008,.T.);
#5467=EDGE_CURVE('',#4280,#4277,#2009,.T.);
#5468=EDGE_CURVE('',#4281,#4282,#2010,.T.);
#5469=EDGE_CURVE('',#4281,#4072,#2011,.T.);
#5470=EDGE_CURVE('',#4282,#4071,#2012,.T.);
#5471=EDGE_CURVE('',#4282,#4283,#2013,.T.);
#5472=EDGE_CURVE('',#4283,#4070,#2014,.T.);
#5473=EDGE_CURVE('',#4284,#4281,#2015,.T.);
#5474=EDGE_CURVE('',#4284,#4073,#2016,.T.);
#5475=EDGE_CURVE('',#4283,#4284,#2017,.T.);
#5476=EDGE_CURVE('',#4285,#4286,#2018,.T.);
#5477=EDGE_CURVE('',#4285,#4061,#2019,.T.);
#5478=EDGE_CURVE('',#4286,#4060,#2020,.T.);
#5479=EDGE_CURVE('',#4286,#4287,#2021,.T.);
#5480=EDGE_CURVE('',#4287,#4059,#2022,.T.);
#5481=EDGE_CURVE('',#4287,#4288,#2023,.T.);
#5482=EDGE_CURVE('',#4288,#4058,#2024,.T.);
#5483=EDGE_CURVE('',#4288,#4285,#2025,.T.);
#5484=EDGE_CURVE('',#4289,#4290,#2026,.T.);
#5485=EDGE_CURVE('',#4290,#4118,#2027,.T.);
#5486=EDGE_CURVE('',#4289,#4117,#2028,.T.);
#5487=EDGE_CURVE('',#4291,#4289,#2029,.T.);
#5488=EDGE_CURVE('',#4291,#4116,#2030,.T.);
#5489=EDGE_CURVE('',#4290,#4292,#2031,.T.);
#5490=EDGE_CURVE('',#4292,#4119,#2032,.T.);
#5491=EDGE_CURVE('',#4292,#4291,#2033,.T.);
#5492=EDGE_CURVE('',#4293,#4294,#2034,.T.);
#5493=EDGE_CURVE('',#4293,#4056,#2035,.T.);
#5494=EDGE_CURVE('',#4294,#4055,#2036,.T.);
#5495=EDGE_CURVE('',#4294,#4295,#2037,.T.);
#5496=EDGE_CURVE('',#4295,#4054,#2038,.T.);
#5497=EDGE_CURVE('',#4296,#4293,#2039,.T.);
#5498=EDGE_CURVE('',#4296,#4057,#2040,.T.);
#5499=EDGE_CURVE('',#4295,#4296,#2041,.T.);
#5500=EDGE_CURVE('',#4297,#4298,#2042,.T.);
#5501=EDGE_CURVE('',#4298,#4094,#2043,.T.);
#5502=EDGE_CURVE('',#4297,#4093,#2044,.T.);
#5503=EDGE_CURVE('',#4299,#4297,#2045,.T.);
#5504=EDGE_CURVE('',#4299,#4092,#2046,.T.);
#5505=EDGE_CURVE('',#4300,#4299,#2047,.T.);
#5506=EDGE_CURVE('',#4300,#4091,#2048,.T.);
#5507=EDGE_CURVE('',#4298,#4300,#2049,.T.);
#5508=EDGE_CURVE('',#4301,#4302,#2050,.T.);
#5509=EDGE_CURVE('',#4301,#4075,#2051,.T.);
#5510=EDGE_CURVE('',#4302,#4074,#2052,.T.);
#5511=EDGE_CURVE('',#4303,#4304,#2053,.T.);
#5512=EDGE_CURVE('',#4303,#4077,#2054,.T.);
#5513=EDGE_CURVE('',#4304,#4076,#2055,.T.);
#5514=EDGE_CURVE('',#4304,#4301,#2056,.T.);
#5515=EDGE_CURVE('',#4302,#4303,#2057,.T.);
#5516=EDGE_CURVE('',#4305,#3959,#2058,.T.);
#5517=EDGE_CURVE('',#3977,#4197,#2059,.T.);
#5518=EDGE_CURVE('',#4305,#4196,#2060,.T.);
#5519=EDGE_CURVE('',#3960,#4306,#2061,.T.);
#5520=EDGE_CURVE('',#4306,#4199,#2062,.T.);
#5521=EDGE_CURVE('',#3992,#4198,#2063,.T.);
#5522=EDGE_CURVE('',#4306,#4305,#2064,.T.);
#5523=EDGE_CURVE('',#4307,#4308,#2065,.T.);
#5524=EDGE_CURVE('',#4307,#4029,#2066,.T.);
#5525=EDGE_CURVE('',#4308,#4028,#2067,.T.);
#5526=EDGE_CURVE('',#4308,#4309,#2068,.T.);
#5527=EDGE_CURVE('',#4309,#4027,#2069,.T.);
#5528=EDGE_CURVE('',#4309,#4310,#2070,.T.);
#5529=EDGE_CURVE('',#4310,#4026,#2071,.T.);
#5530=EDGE_CURVE('',#4310,#4307,#2072,.T.);
#5531=EDGE_CURVE('',#4311,#4312,#2073,.T.);
#5532=EDGE_CURVE('',#4311,#4022,#2074,.T.);
#5533=EDGE_CURVE('',#4312,#4021,#2075,.T.);
#5534=EDGE_CURVE('',#4313,#4314,#2076,.T.);
#5535=EDGE_CURVE('',#4313,#4024,#2077,.T.);
#5536=EDGE_CURVE('',#4314,#4023,#2078,.T.);
#5537=EDGE_CURVE('',#4314,#4311,#2079,.T.);
#5538=EDGE_CURVE('',#4312,#4313,#2080,.T.);
#5539=EDGE_CURVE('',#4315,#4316,#2081,.T.);
#5540=EDGE_CURVE('',#4315,#4003,#2082,.T.);
#5541=EDGE_CURVE('',#4316,#4002,#2083,.T.);
#5542=EDGE_CURVE('',#4316,#4317,#2084,.T.);
#5543=EDGE_CURVE('',#4317,#4001,#2085,.T.);
#5544=EDGE_CURVE('',#4318,#4315,#2086,.T.);
#5545=EDGE_CURVE('',#4318,#4004,#2087,.T.);
#5546=EDGE_CURVE('',#4317,#4318,#2088,.T.);
#5547=EDGE_CURVE('',#4319,#4320,#2089,.T.);
#5548=EDGE_CURVE('',#4319,#4006,#2090,.T.);
#5549=EDGE_CURVE('',#4320,#4005,#2091,.T.);
#5550=EDGE_CURVE('',#4321,#4322,#2092,.T.);
#5551=EDGE_CURVE('',#4321,#4008,#2093,.T.);
#5552=EDGE_CURVE('',#4322,#4007,#2094,.T.);
#5553=EDGE_CURVE('',#4322,#4319,#2095,.T.);
#5554=EDGE_CURVE('',#4320,#4321,#2096,.T.);
#5555=EDGE_CURVE('',#4323,#4324,#2097,.T.);
#5556=EDGE_CURVE('',#4324,#4150,#2098,.T.);
#5557=EDGE_CURVE('',#4323,#4149,#2099,.T.);
#5558=EDGE_CURVE('',#4325,#4323,#2100,.T.);
#5559=EDGE_CURVE('',#4325,#4148,#2101,.T.);
#5560=EDGE_CURVE('',#4324,#4326,#2102,.T.);
#5561=EDGE_CURVE('',#4326,#4151,#2103,.T.);
#5562=EDGE_CURVE('',#4326,#4325,#2104,.T.);
#5563=EDGE_CURVE('',#4327,#4328,#2105,.T.);
#5564=EDGE_CURVE('',#4328,#4162,#2106,.T.);
#5565=EDGE_CURVE('',#4327,#4161,#2107,.T.);
#5566=EDGE_CURVE('',#4329,#4327,#2108,.T.);
#5567=EDGE_CURVE('',#4329,#4160,#2109,.T.);
#5568=EDGE_CURVE('',#4328,#4330,#2110,.T.);
#5569=EDGE_CURVE('',#4330,#4163,#2111,.T.);
#5570=EDGE_CURVE('',#4330,#4329,#2112,.T.);
#5571=EDGE_CURVE('',#3964,#4331,#2113,.T.);
#5572=EDGE_CURVE('',#4331,#4226,#2114,.T.);
#5573=EDGE_CURVE('',#3980,#4225,#2115,.T.);
#5574=EDGE_CURVE('',#3981,#4224,#2116,.T.);
#5575=EDGE_CURVE('',#4332,#3963,#2117,.T.);
#5576=EDGE_CURVE('',#4332,#4223,#2118,.T.);
#5577=EDGE_CURVE('',#4331,#4332,#2119,.T.);
#5578=EDGE_CURVE('',#4333,#4334,#2120,.T.);
#5579=EDGE_CURVE('',#4333,#4011,#2121,.T.);
#5580=EDGE_CURVE('',#4334,#4010,#2122,.T.);
#5581=EDGE_CURVE('',#4334,#4335,#2123,.T.);
#5582=EDGE_CURVE('',#4335,#4009,#2124,.T.);
#5583=EDGE_CURVE('',#4336,#4333,#2125,.T.);
#5584=EDGE_CURVE('',#4336,#4012,#2126,.T.);
#5585=EDGE_CURVE('',#4335,#4336,#2127,.T.);
#5586=EDGE_CURVE('',#4337,#4338,#2128,.T.);
#5587=EDGE_CURVE('',#4338,#4090,#2129,.T.);
#5588=EDGE_CURVE('',#4337,#4089,#2130,.T.);
#5589=EDGE_CURVE('',#4339,#4337,#2131,.T.);
#5590=EDGE_CURVE('',#4339,#4088,#2132,.T.);
#5591=EDGE_CURVE('',#4340,#4339,#2133,.T.);
#5592=EDGE_CURVE('',#4340,#4087,#2134,.T.);
#5593=EDGE_CURVE('',#4338,#4340,#2135,.T.);
#5594=EDGE_CURVE('',#3987,#4210,#2136,.T.);
#5595=EDGE_CURVE('',#4341,#4209,#2137,.T.);
#5596=EDGE_CURVE('',#3975,#4341,#2138,.T.);
#5597=EDGE_CURVE('',#4342,#3976,#2139,.T.);
#5598=EDGE_CURVE('',#4342,#4212,#2140,.T.);
#5599=EDGE_CURVE('',#3986,#4211,#2141,.T.);
#5600=EDGE_CURVE('',#4341,#4342,#2142,.T.);
#5601=EDGE_CURVE('',#4343,#4344,#2143,.T.);
#5602=EDGE_CURVE('',#4343,#4037,#2144,.T.);
#5603=EDGE_CURVE('',#4344,#4036,#2145,.T.);
#5604=EDGE_CURVE('',#4344,#4345,#2146,.T.);
#5605=EDGE_CURVE('',#4345,#4035,#2147,.T.);
#5606=EDGE_CURVE('',#4345,#4346,#2148,.T.);
#5607=EDGE_CURVE('',#4346,#4034,#2149,.T.);
#5608=EDGE_CURVE('',#4346,#4343,#2150,.T.);
#5609=EDGE_CURVE('',#3962,#4347,#2151,.T.);
#5610=EDGE_CURVE('',#4347,#4203,#2152,.T.);
#5611=EDGE_CURVE('',#3990,#4202,#2153,.T.);
#5612=EDGE_CURVE('',#3991,#4201,#2154,.T.);
#5613=EDGE_CURVE('',#4348,#3961,#2155,.T.);
#5614=EDGE_CURVE('',#4348,#4200,#2156,.T.);
#5615=EDGE_CURVE('',#4347,#4348,#2157,.T.);
#5616=EDGE_CURVE('',#4349,#4350,#2158,.T.);
#5617=EDGE_CURVE('',#4349,#4019,#2159,.T.);
#5618=EDGE_CURVE('',#4350,#4018,#2160,.T.);
#5619=EDGE_CURVE('',#4350,#4351,#2161,.T.);
#5620=EDGE_CURVE('',#4351,#4017,#2162,.T.);
#5621=EDGE_CURVE('',#4351,#4352,#2163,.T.);
#5622=EDGE_CURVE('',#4168,#4204,#2164,.T.);
#5623=EDGE_CURVE('',#4025,#4195,#2165,.T.);
#5624=EDGE_CURVE('',#4352,#4020,#2166,.T.);
#5625=EDGE_CURVE('',#4352,#4349,#2167,.T.);
#5626=EDGE_CURVE('',#4353,#4354,#2168,.T.);
#5627=EDGE_CURVE('',#4354,#4158,#2169,.T.);
#5628=EDGE_CURVE('',#4353,#4157,#2170,.T.);
#5629=EDGE_CURVE('',#4355,#4353,#2171,.T.);
#5630=EDGE_CURVE('',#4355,#4156,#2172,.T.);
#5631=EDGE_CURVE('',#4354,#4356,#2173,.T.);
#5632=EDGE_CURVE('',#4356,#4159,#2174,.T.);
#5633=EDGE_CURVE('',#4356,#4355,#2175,.T.);
#5634=EDGE_CURVE('',#4357,#4358,#2176,.T.);
#5635=EDGE_CURVE('',#4358,#4106,#2177,.T.);
#5636=EDGE_CURVE('',#4357,#4105,#2178,.T.);
#5637=EDGE_CURVE('',#4359,#4357,#2179,.T.);
#5638=EDGE_CURVE('',#4359,#4104,#2180,.T.);
#5639=EDGE_CURVE('',#4360,#4359,#2181,.T.);
#5640=EDGE_CURVE('',#4360,#4103,#2182,.T.);
#5641=EDGE_CURVE('',#4358,#4360,#2183,.T.);
#5642=EDGE_CURVE('',#4361,#4362,#2184,.T.);
#5643=EDGE_CURVE('',#4362,#4138,#2185,.T.);
#5644=EDGE_CURVE('',#4361,#4137,#2186,.T.);
#5645=EDGE_CURVE('',#4363,#4361,#2187,.T.);
#5646=EDGE_CURVE('',#4363,#4136,#2188,.T.);
#5647=EDGE_CURVE('',#4362,#4364,#2189,.T.);
#5648=EDGE_CURVE('',#4364,#4139,#2190,.T.);
#5649=EDGE_CURVE('',#4364,#4363,#2191,.T.);
#5650=EDGE_CURVE('',#4365,#4366,#2192,.T.);
#5651=EDGE_CURVE('',#4366,#4107,#2193,.T.);
#5652=EDGE_CURVE('',#4082,#4222,#2194,.T.);
#5653=EDGE_CURVE('',#4111,#4213,#2195,.T.);
#5654=EDGE_CURVE('',#4365,#4110,#2196,.T.);
#5655=EDGE_CURVE('',#4367,#4365,#2197,.T.);
#5656=EDGE_CURVE('',#4367,#4109,#2198,.T.);
#5657=EDGE_CURVE('',#4368,#4367,#2199,.T.);
#5658=EDGE_CURVE('',#4368,#4108,#2200,.T.);
#5659=EDGE_CURVE('',#4366,#4368,#2201,.T.);
#5660=EDGE_CURVE('',#4369,#4370,#2202,.T.);
#5661=EDGE_CURVE('',#4370,#4130,#2203,.T.);
#5662=EDGE_CURVE('',#4369,#4129,#2204,.T.);
#5663=EDGE_CURVE('',#4371,#4369,#2205,.T.);
#5664=EDGE_CURVE('',#4371,#4128,#2206,.T.);
#5665=EDGE_CURVE('',#4370,#4372,#2207,.T.);
#5666=EDGE_CURVE('',#4372,#4131,#2208,.T.);
#5667=EDGE_CURVE('',#4372,#4371,#2209,.T.);
#5668=EDGE_CURVE('',#4373,#4374,#2210,.T.);
#5669=EDGE_CURVE('',#4374,#4146,#2211,.T.);
#5670=EDGE_CURVE('',#4373,#4145,#2212,.T.);
#5671=EDGE_CURVE('',#4375,#4373,#2213,.T.);
#5672=EDGE_CURVE('',#4375,#4144,#2214,.T.);
#5673=EDGE_CURVE('',#4376,#4375,#2215,.T.);
#5674=EDGE_CURVE('',#4376,#4147,#2216,.T.);
#5675=EDGE_CURVE('',#4374,#4376,#2217,.T.);
#5676=EDGE_CURVE('',#4377,#4378,#2218,.T.);
#5677=EDGE_CURVE('',#4377,#4045,#2219,.T.);
#5678=EDGE_CURVE('',#4378,#4044,#2220,.T.);
#5679=EDGE_CURVE('',#4378,#4379,#2221,.T.);
#5680=EDGE_CURVE('',#4379,#4043,#2222,.T.);
#5681=EDGE_CURVE('',#4379,#4380,#2223,.T.);
#5682=EDGE_CURVE('',#4380,#4042,#2224,.T.);
#5683=EDGE_CURVE('',#4380,#4377,#2225,.T.);
#5684=EDGE_CURVE('',#4381,#4382,#2226,.T.);
#5685=EDGE_CURVE('',#4381,#4033,#2227,.T.);
#5686=EDGE_CURVE('',#4382,#4032,#2228,.T.);
#5687=EDGE_CURVE('',#4382,#4383,#2229,.T.);
#5688=EDGE_CURVE('',#4383,#4031,#2230,.T.);
#5689=EDGE_CURVE('',#4383,#4384,#2231,.T.);
#5690=EDGE_CURVE('',#4384,#4030,#2232,.T.);
#5691=EDGE_CURVE('',#4384,#4381,#2233,.T.);
#5692=ORIENTED_EDGE('',*,*,#4385,.T.);
#5693=ORIENTED_EDGE('',*,*,#4386,.T.);
#5694=ORIENTED_EDGE('',*,*,#4387,.F.);
#5695=ORIENTED_EDGE('',*,*,#4388,.F.);
#5696=ORIENTED_EDGE('',*,*,#4389,.T.);
#5697=ORIENTED_EDGE('',*,*,#4388,.T.);
#5698=ORIENTED_EDGE('',*,*,#4390,.F.);
#5699=ORIENTED_EDGE('',*,*,#4391,.F.);
#5700=ORIENTED_EDGE('',*,*,#4392,.T.);
#5701=ORIENTED_EDGE('',*,*,#4391,.T.);
#5702=ORIENTED_EDGE('',*,*,#4393,.F.);
#5703=ORIENTED_EDGE('',*,*,#4394,.F.);
#5704=ORIENTED_EDGE('',*,*,#4395,.T.);
#5705=ORIENTED_EDGE('',*,*,#4396,.T.);
#5706=ORIENTED_EDGE('',*,*,#4397,.F.);
#5707=ORIENTED_EDGE('',*,*,#4398,.F.);
#5708=ORIENTED_EDGE('',*,*,#4399,.T.);
#5709=ORIENTED_EDGE('',*,*,#4398,.T.);
#5710=ORIENTED_EDGE('',*,*,#4400,.F.);
#5711=ORIENTED_EDGE('',*,*,#4401,.F.);
#5712=ORIENTED_EDGE('',*,*,#4402,.T.);
#5713=ORIENTED_EDGE('',*,*,#4401,.T.);
#5714=ORIENTED_EDGE('',*,*,#4403,.F.);
#5715=ORIENTED_EDGE('',*,*,#4404,.F.);
#5716=ORIENTED_EDGE('',*,*,#4405,.T.);
#5717=ORIENTED_EDGE('',*,*,#4406,.T.);
#5718=ORIENTED_EDGE('',*,*,#4407,.F.);
#5719=ORIENTED_EDGE('',*,*,#4408,.F.);
#5720=ORIENTED_EDGE('',*,*,#4409,.T.);
#5721=ORIENTED_EDGE('',*,*,#4408,.T.);
#5722=ORIENTED_EDGE('',*,*,#4410,.F.);
#5723=ORIENTED_EDGE('',*,*,#4411,.F.);
#5724=ORIENTED_EDGE('',*,*,#4412,.T.);
#5725=ORIENTED_EDGE('',*,*,#4413,.T.);
#5726=ORIENTED_EDGE('',*,*,#4414,.F.);
#5727=ORIENTED_EDGE('',*,*,#4406,.F.);
#5728=ORIENTED_EDGE('',*,*,#4415,.T.);
#5729=ORIENTED_EDGE('',*,*,#4416,.T.);
#5730=ORIENTED_EDGE('',*,*,#4417,.F.);
#5731=ORIENTED_EDGE('',*,*,#4418,.F.);
#5732=ORIENTED_EDGE('',*,*,#4419,.T.);
#5733=ORIENTED_EDGE('',*,*,#4418,.T.);
#5734=ORIENTED_EDGE('',*,*,#4420,.F.);
#5735=ORIENTED_EDGE('',*,*,#4421,.F.);
#5736=ORIENTED_EDGE('',*,*,#4422,.T.);
#5737=ORIENTED_EDGE('',*,*,#4421,.T.);
#5738=ORIENTED_EDGE('',*,*,#4423,.F.);
#5739=ORIENTED_EDGE('',*,*,#4424,.F.);
#5740=ORIENTED_EDGE('',*,*,#4425,.T.);
#5741=ORIENTED_EDGE('',*,*,#4426,.T.);
#5742=ORIENTED_EDGE('',*,*,#4427,.F.);
#5743=ORIENTED_EDGE('',*,*,#4428,.F.);
#5744=ORIENTED_EDGE('',*,*,#4429,.T.);
#5745=ORIENTED_EDGE('',*,*,#4428,.T.);
#5746=ORIENTED_EDGE('',*,*,#4430,.F.);
#5747=ORIENTED_EDGE('',*,*,#4431,.F.);
#5748=ORIENTED_EDGE('',*,*,#4432,.T.);
#5749=ORIENTED_EDGE('',*,*,#4431,.T.);
#5750=ORIENTED_EDGE('',*,*,#4433,.F.);
#5751=ORIENTED_EDGE('',*,*,#4434,.F.);
#5752=ORIENTED_EDGE('',*,*,#4435,.T.);
#5753=ORIENTED_EDGE('',*,*,#4436,.T.);
#5754=ORIENTED_EDGE('',*,*,#4437,.F.);
#5755=ORIENTED_EDGE('',*,*,#4438,.F.);
#5756=ORIENTED_EDGE('',*,*,#4439,.T.);
#5757=ORIENTED_EDGE('',*,*,#4438,.T.);
#5758=ORIENTED_EDGE('',*,*,#4440,.F.);
#5759=ORIENTED_EDGE('',*,*,#4441,.F.);
#5760=ORIENTED_EDGE('',*,*,#4442,.T.);
#5761=ORIENTED_EDGE('',*,*,#4441,.T.);
#5762=ORIENTED_EDGE('',*,*,#4443,.F.);
#5763=ORIENTED_EDGE('',*,*,#4444,.F.);
#5764=ORIENTED_EDGE('',*,*,#4445,.T.);
#5765=ORIENTED_EDGE('',*,*,#4446,.T.);
#5766=ORIENTED_EDGE('',*,*,#4447,.F.);
#5767=ORIENTED_EDGE('',*,*,#4448,.F.);
#5768=ORIENTED_EDGE('',*,*,#4449,.T.);
#5769=ORIENTED_EDGE('',*,*,#4448,.T.);
#5770=ORIENTED_EDGE('',*,*,#4450,.F.);
#5771=ORIENTED_EDGE('',*,*,#4451,.F.);
#5772=ORIENTED_EDGE('',*,*,#4452,.T.);
#5773=ORIENTED_EDGE('',*,*,#4453,.T.);
#5774=ORIENTED_EDGE('',*,*,#4454,.F.);
#5775=ORIENTED_EDGE('',*,*,#4446,.F.);
#5776=ORIENTED_EDGE('',*,*,#4455,.T.);
#5777=ORIENTED_EDGE('',*,*,#4456,.T.);
#5778=ORIENTED_EDGE('',*,*,#4457,.F.);
#5779=ORIENTED_EDGE('',*,*,#4458,.F.);
#5780=ORIENTED_EDGE('',*,*,#4459,.T.);
#5781=ORIENTED_EDGE('',*,*,#4458,.T.);
#5782=ORIENTED_EDGE('',*,*,#4460,.F.);
#5783=ORIENTED_EDGE('',*,*,#4461,.F.);
#5784=ORIENTED_EDGE('',*,*,#4462,.T.);
#5785=ORIENTED_EDGE('',*,*,#4463,.T.);
#5786=ORIENTED_EDGE('',*,*,#4464,.F.);
#5787=ORIENTED_EDGE('',*,*,#4456,.F.);
#5788=ORIENTED_EDGE('',*,*,#4465,.T.);
#5789=ORIENTED_EDGE('',*,*,#4466,.T.);
#5790=ORIENTED_EDGE('',*,*,#4467,.F.);
#5791=ORIENTED_EDGE('',*,*,#4468,.F.);
#5792=ORIENTED_EDGE('',*,*,#4469,.T.);
#5793=ORIENTED_EDGE('',*,*,#4468,.T.);
#5794=ORIENTED_EDGE('',*,*,#4470,.F.);
#5795=ORIENTED_EDGE('',*,*,#4471,.F.);
#5796=ORIENTED_EDGE('',*,*,#4472,.T.);
#5797=ORIENTED_EDGE('',*,*,#4471,.T.);
#5798=ORIENTED_EDGE('',*,*,#4473,.F.);
#5799=ORIENTED_EDGE('',*,*,#4474,.F.);
#5800=ORIENTED_EDGE('',*,*,#4475,.T.);
#5801=ORIENTED_EDGE('',*,*,#4476,.T.);
#5802=ORIENTED_EDGE('',*,*,#4477,.F.);
#5803=ORIENTED_EDGE('',*,*,#4478,.F.);
#5804=ORIENTED_EDGE('',*,*,#4479,.T.);
#5805=ORIENTED_EDGE('',*,*,#4480,.T.);
#5806=ORIENTED_EDGE('',*,*,#4481,.F.);
#5807=ORIENTED_EDGE('',*,*,#4482,.F.);
#5808=ORIENTED_EDGE('',*,*,#4483,.T.);
#5809=ORIENTED_EDGE('',*,*,#4482,.T.);
#5810=ORIENTED_EDGE('',*,*,#4484,.F.);
#5811=ORIENTED_EDGE('',*,*,#4476,.F.);
#5812=ORIENTED_EDGE('',*,*,#4485,.T.);
#5813=ORIENTED_EDGE('',*,*,#4486,.T.);
#5814=ORIENTED_EDGE('',*,*,#4487,.F.);
#5815=ORIENTED_EDGE('',*,*,#4488,.F.);
#5816=ORIENTED_EDGE('',*,*,#4489,.T.);
#5817=ORIENTED_EDGE('',*,*,#4490,.T.);
#5818=ORIENTED_EDGE('',*,*,#4491,.F.);
#5819=ORIENTED_EDGE('',*,*,#4492,.F.);
#5820=ORIENTED_EDGE('',*,*,#4493,.T.);
#5821=ORIENTED_EDGE('',*,*,#4492,.T.);
#5822=ORIENTED_EDGE('',*,*,#4494,.F.);
#5823=ORIENTED_EDGE('',*,*,#4486,.F.);
#5824=ORIENTED_EDGE('',*,*,#4495,.T.);
#5825=ORIENTED_EDGE('',*,*,#4496,.T.);
#5826=ORIENTED_EDGE('',*,*,#4497,.F.);
#5827=ORIENTED_EDGE('',*,*,#4498,.F.);
#5828=ORIENTED_EDGE('',*,*,#4499,.T.);
#5829=ORIENTED_EDGE('',*,*,#4498,.T.);
#5830=ORIENTED_EDGE('',*,*,#4500,.F.);
#5831=ORIENTED_EDGE('',*,*,#4501,.F.);
#5832=ORIENTED_EDGE('',*,*,#4502,.T.);
#5833=ORIENTED_EDGE('',*,*,#4503,.T.);
#5834=ORIENTED_EDGE('',*,*,#4504,.F.);
#5835=ORIENTED_EDGE('',*,*,#4496,.F.);
#5836=ORIENTED_EDGE('',*,*,#4505,.T.);
#5837=ORIENTED_EDGE('',*,*,#4506,.T.);
#5838=ORIENTED_EDGE('',*,*,#4507,.F.);
#5839=ORIENTED_EDGE('',*,*,#4508,.F.);
#5840=ORIENTED_EDGE('',*,*,#4509,.T.);
#5841=ORIENTED_EDGE('',*,*,#4508,.T.);
#5842=ORIENTED_EDGE('',*,*,#4510,.F.);
#5843=ORIENTED_EDGE('',*,*,#4511,.F.);
#5844=ORIENTED_EDGE('',*,*,#4512,.T.);
#5845=ORIENTED_EDGE('',*,*,#4511,.T.);
#5846=ORIENTED_EDGE('',*,*,#4513,.F.);
#5847=ORIENTED_EDGE('',*,*,#4514,.F.);
#5848=ORIENTED_EDGE('',*,*,#4515,.T.);
#5849=ORIENTED_EDGE('',*,*,#4516,.T.);
#5850=ORIENTED_EDGE('',*,*,#4517,.F.);
#5851=ORIENTED_EDGE('',*,*,#4518,.F.);
#5852=ORIENTED_EDGE('',*,*,#4519,.T.);
#5853=ORIENTED_EDGE('',*,*,#4518,.T.);
#5854=ORIENTED_EDGE('',*,*,#4520,.F.);
#5855=ORIENTED_EDGE('',*,*,#4521,.F.);
#5856=ORIENTED_EDGE('',*,*,#4522,.T.);
#5857=ORIENTED_EDGE('',*,*,#4523,.T.);
#5858=ORIENTED_EDGE('',*,*,#4524,.F.);
#5859=ORIENTED_EDGE('',*,*,#4516,.F.);
#5860=ORIENTED_EDGE('',*,*,#4525,.T.);
#5861=ORIENTED_EDGE('',*,*,#4526,.T.);
#5862=ORIENTED_EDGE('',*,*,#4527,.F.);
#5863=ORIENTED_EDGE('',*,*,#4528,.F.);
#5864=ORIENTED_EDGE('',*,*,#4529,.T.);
#5865=ORIENTED_EDGE('',*,*,#4528,.T.);
#5866=ORIENTED_EDGE('',*,*,#4530,.F.);
#5867=ORIENTED_EDGE('',*,*,#4531,.F.);
#5868=ORIENTED_EDGE('',*,*,#4532,.T.);
#5869=ORIENTED_EDGE('',*,*,#4531,.T.);
#5870=ORIENTED_EDGE('',*,*,#4533,.F.);
#5871=ORIENTED_EDGE('',*,*,#4534,.F.);
#5872=ORIENTED_EDGE('',*,*,#4535,.T.);
#5873=ORIENTED_EDGE('',*,*,#4536,.T.);
#5874=ORIENTED_EDGE('',*,*,#4537,.F.);
#5875=ORIENTED_EDGE('',*,*,#4538,.F.);
#5876=ORIENTED_EDGE('',*,*,#4539,.T.);
#5877=ORIENTED_EDGE('',*,*,#4538,.T.);
#5878=ORIENTED_EDGE('',*,*,#4540,.F.);
#5879=ORIENTED_EDGE('',*,*,#4541,.F.);
#5880=ORIENTED_EDGE('',*,*,#4542,.T.);
#5881=ORIENTED_EDGE('',*,*,#4541,.T.);
#5882=ORIENTED_EDGE('',*,*,#4543,.F.);
#5883=ORIENTED_EDGE('',*,*,#4544,.F.);
#5884=ORIENTED_EDGE('',*,*,#4545,.T.);
#5885=ORIENTED_EDGE('',*,*,#4546,.T.);
#5886=ORIENTED_EDGE('',*,*,#4547,.F.);
#5887=ORIENTED_EDGE('',*,*,#4548,.F.);
#5888=ORIENTED_EDGE('',*,*,#4549,.T.);
#5889=ORIENTED_EDGE('',*,*,#4548,.T.);
#5890=ORIENTED_EDGE('',*,*,#4550,.F.);
#5891=ORIENTED_EDGE('',*,*,#4551,.F.);
#5892=ORIENTED_EDGE('',*,*,#4552,.T.);
#5893=ORIENTED_EDGE('',*,*,#4551,.T.);
#5894=ORIENTED_EDGE('',*,*,#4553,.F.);
#5895=ORIENTED_EDGE('',*,*,#4554,.F.);
#5896=ORIENTED_EDGE('',*,*,#4555,.T.);
#5897=ORIENTED_EDGE('',*,*,#4556,.T.);
#5898=ORIENTED_EDGE('',*,*,#4557,.F.);
#5899=ORIENTED_EDGE('',*,*,#4558,.F.);
#5900=ORIENTED_EDGE('',*,*,#4559,.T.);
#5901=ORIENTED_EDGE('',*,*,#4558,.T.);
#5902=ORIENTED_EDGE('',*,*,#4560,.F.);
#5903=ORIENTED_EDGE('',*,*,#4561,.F.);
#5904=ORIENTED_EDGE('',*,*,#4562,.T.);
#5905=ORIENTED_EDGE('',*,*,#4561,.T.);
#5906=ORIENTED_EDGE('',*,*,#4563,.F.);
#5907=ORIENTED_EDGE('',*,*,#4564,.F.);
#5908=ORIENTED_EDGE('',*,*,#4565,.T.);
#5909=ORIENTED_EDGE('',*,*,#4566,.T.);
#5910=ORIENTED_EDGE('',*,*,#4567,.F.);
#5911=ORIENTED_EDGE('',*,*,#4568,.F.);
#5912=ORIENTED_EDGE('',*,*,#4569,.T.);
#5913=ORIENTED_EDGE('',*,*,#4568,.T.);
#5914=ORIENTED_EDGE('',*,*,#4570,.F.);
#5915=ORIENTED_EDGE('',*,*,#4571,.F.);
#5916=ORIENTED_EDGE('',*,*,#4572,.T.);
#5917=ORIENTED_EDGE('',*,*,#4573,.T.);
#5918=ORIENTED_EDGE('',*,*,#4574,.F.);
#5919=ORIENTED_EDGE('',*,*,#4566,.F.);
#5920=ORIENTED_EDGE('',*,*,#4575,.T.);
#5921=ORIENTED_EDGE('',*,*,#4576,.T.);
#5922=ORIENTED_EDGE('',*,*,#4577,.F.);
#5923=ORIENTED_EDGE('',*,*,#4578,.F.);
#5924=ORIENTED_EDGE('',*,*,#4579,.T.);
#5925=ORIENTED_EDGE('',*,*,#4578,.T.);
#5926=ORIENTED_EDGE('',*,*,#4580,.F.);
#5927=ORIENTED_EDGE('',*,*,#4581,.F.);
#5928=ORIENTED_EDGE('',*,*,#4582,.T.);
#5929=ORIENTED_EDGE('',*,*,#4581,.T.);
#5930=ORIENTED_EDGE('',*,*,#4583,.F.);
#5931=ORIENTED_EDGE('',*,*,#4584,.F.);
#5932=ORIENTED_EDGE('',*,*,#4585,.T.);
#5933=ORIENTED_EDGE('',*,*,#4586,.T.);
#5934=ORIENTED_EDGE('',*,*,#4587,.F.);
#5935=ORIENTED_EDGE('',*,*,#4588,.F.);
#5936=ORIENTED_EDGE('',*,*,#4589,.T.);
#5937=ORIENTED_EDGE('',*,*,#4590,.T.);
#5938=ORIENTED_EDGE('',*,*,#4591,.F.);
#5939=ORIENTED_EDGE('',*,*,#4592,.F.);
#5940=ORIENTED_EDGE('',*,*,#4593,.T.);
#5941=ORIENTED_EDGE('',*,*,#4592,.T.);
#5942=ORIENTED_EDGE('',*,*,#4594,.F.);
#5943=ORIENTED_EDGE('',*,*,#4586,.F.);
#5944=ORIENTED_EDGE('',*,*,#4595,.T.);
#5945=ORIENTED_EDGE('',*,*,#4596,.T.);
#5946=ORIENTED_EDGE('',*,*,#4597,.F.);
#5947=ORIENTED_EDGE('',*,*,#4598,.F.);
#5948=ORIENTED_EDGE('',*,*,#4599,.T.);
#5949=ORIENTED_EDGE('',*,*,#4598,.T.);
#5950=ORIENTED_EDGE('',*,*,#4600,.F.);
#5951=ORIENTED_EDGE('',*,*,#4601,.F.);
#5952=ORIENTED_EDGE('',*,*,#4602,.T.);
#5953=ORIENTED_EDGE('',*,*,#4601,.T.);
#5954=ORIENTED_EDGE('',*,*,#4603,.F.);
#5955=ORIENTED_EDGE('',*,*,#4604,.F.);
#5956=ORIENTED_EDGE('',*,*,#4605,.T.);
#5957=ORIENTED_EDGE('',*,*,#4606,.T.);
#5958=ORIENTED_EDGE('',*,*,#4607,.F.);
#5959=ORIENTED_EDGE('',*,*,#4608,.F.);
#5960=ORIENTED_EDGE('',*,*,#4609,.T.);
#5961=ORIENTED_EDGE('',*,*,#4608,.T.);
#5962=ORIENTED_EDGE('',*,*,#4610,.F.);
#5963=ORIENTED_EDGE('',*,*,#4611,.F.);
#5964=ORIENTED_EDGE('',*,*,#4612,.T.);
#5965=ORIENTED_EDGE('',*,*,#4611,.T.);
#5966=ORIENTED_EDGE('',*,*,#4613,.F.);
#5967=ORIENTED_EDGE('',*,*,#4614,.F.);
#5968=ORIENTED_EDGE('',*,*,#4615,.T.);
#5969=ORIENTED_EDGE('',*,*,#4616,.T.);
#5970=ORIENTED_EDGE('',*,*,#4617,.F.);
#5971=ORIENTED_EDGE('',*,*,#4618,.F.);
#5972=ORIENTED_EDGE('',*,*,#4619,.T.);
#5973=ORIENTED_EDGE('',*,*,#4620,.T.);
#5974=ORIENTED_EDGE('',*,*,#4621,.F.);
#5975=ORIENTED_EDGE('',*,*,#4622,.F.);
#5976=ORIENTED_EDGE('',*,*,#4623,.T.);
#5977=ORIENTED_EDGE('',*,*,#4622,.T.);
#5978=ORIENTED_EDGE('',*,*,#4624,.F.);
#5979=ORIENTED_EDGE('',*,*,#4616,.F.);
#5980=ORIENTED_EDGE('',*,*,#4625,.T.);
#5981=ORIENTED_EDGE('',*,*,#4626,.T.);
#5982=ORIENTED_EDGE('',*,*,#4627,.F.);
#5983=ORIENTED_EDGE('',*,*,#4628,.F.);
#5984=ORIENTED_EDGE('',*,*,#4629,.T.);
#5985=ORIENTED_EDGE('',*,*,#4628,.T.);
#5986=ORIENTED_EDGE('',*,*,#4630,.F.);
#5987=ORIENTED_EDGE('',*,*,#4631,.F.);
#5988=ORIENTED_EDGE('',*,*,#4632,.T.);
#5989=ORIENTED_EDGE('',*,*,#4631,.T.);
#5990=ORIENTED_EDGE('',*,*,#4633,.F.);
#5991=ORIENTED_EDGE('',*,*,#4634,.F.);
#5992=ORIENTED_EDGE('',*,*,#4635,.T.);
#5993=ORIENTED_EDGE('',*,*,#4636,.T.);
#5994=ORIENTED_EDGE('',*,*,#4637,.F.);
#5995=ORIENTED_EDGE('',*,*,#4638,.F.);
#5996=ORIENTED_EDGE('',*,*,#4639,.T.);
#5997=ORIENTED_EDGE('',*,*,#4638,.T.);
#5998=ORIENTED_EDGE('',*,*,#4640,.F.);
#5999=ORIENTED_EDGE('',*,*,#4641,.F.);
#6000=ORIENTED_EDGE('',*,*,#4642,.T.);
#6001=ORIENTED_EDGE('',*,*,#4643,.T.);
#6002=ORIENTED_EDGE('',*,*,#4644,.F.);
#6003=ORIENTED_EDGE('',*,*,#4636,.F.);
#6004=ORIENTED_EDGE('',*,*,#4645,.T.);
#6005=ORIENTED_EDGE('',*,*,#4646,.T.);
#6006=ORIENTED_EDGE('',*,*,#4647,.F.);
#6007=ORIENTED_EDGE('',*,*,#4648,.F.);
#6008=ORIENTED_EDGE('',*,*,#4649,.T.);
#6009=ORIENTED_EDGE('',*,*,#4648,.T.);
#6010=ORIENTED_EDGE('',*,*,#4650,.F.);
#6011=ORIENTED_EDGE('',*,*,#4651,.F.);
#6012=ORIENTED_EDGE('',*,*,#4652,.T.);
#6013=ORIENTED_EDGE('',*,*,#4651,.T.);
#6014=ORIENTED_EDGE('',*,*,#4653,.F.);
#6015=ORIENTED_EDGE('',*,*,#4654,.F.);
#6016=ORIENTED_EDGE('',*,*,#4655,.T.);
#6017=ORIENTED_EDGE('',*,*,#4656,.T.);
#6018=ORIENTED_EDGE('',*,*,#4657,.F.);
#6019=ORIENTED_EDGE('',*,*,#4658,.F.);
#6020=ORIENTED_EDGE('',*,*,#4659,.T.);
#6021=ORIENTED_EDGE('',*,*,#4658,.T.);
#6022=ORIENTED_EDGE('',*,*,#4660,.F.);
#6023=ORIENTED_EDGE('',*,*,#4661,.F.);
#6024=ORIENTED_EDGE('',*,*,#4662,.T.);
#6025=ORIENTED_EDGE('',*,*,#4661,.T.);
#6026=ORIENTED_EDGE('',*,*,#4663,.F.);
#6027=ORIENTED_EDGE('',*,*,#4664,.F.);
#6028=ORIENTED_EDGE('',*,*,#4665,.T.);
#6029=ORIENTED_EDGE('',*,*,#4666,.T.);
#6030=ORIENTED_EDGE('',*,*,#4667,.F.);
#6031=ORIENTED_EDGE('',*,*,#4668,.F.);
#6032=ORIENTED_EDGE('',*,*,#4669,.T.);
#6033=ORIENTED_EDGE('',*,*,#4668,.T.);
#6034=ORIENTED_EDGE('',*,*,#4670,.F.);
#6035=ORIENTED_EDGE('',*,*,#4671,.F.);
#6036=ORIENTED_EDGE('',*,*,#4672,.T.);
#6037=ORIENTED_EDGE('',*,*,#4671,.T.);
#6038=ORIENTED_EDGE('',*,*,#4673,.F.);
#6039=ORIENTED_EDGE('',*,*,#4674,.F.);
#6040=ORIENTED_EDGE('',*,*,#4675,.T.);
#6041=ORIENTED_EDGE('',*,*,#4676,.T.);
#6042=ORIENTED_EDGE('',*,*,#4677,.F.);
#6043=ORIENTED_EDGE('',*,*,#4678,.F.);
#6044=ORIENTED_EDGE('',*,*,#4679,.T.);
#6045=ORIENTED_EDGE('',*,*,#4678,.T.);
#6046=ORIENTED_EDGE('',*,*,#4680,.F.);
#6047=ORIENTED_EDGE('',*,*,#4681,.F.);
#6048=ORIENTED_EDGE('',*,*,#4682,.T.);
#6049=ORIENTED_EDGE('',*,*,#4681,.T.);
#6050=ORIENTED_EDGE('',*,*,#4683,.F.);
#6051=ORIENTED_EDGE('',*,*,#4684,.F.);
#6052=ORIENTED_EDGE('',*,*,#4685,.T.);
#6053=ORIENTED_EDGE('',*,*,#4686,.T.);
#6054=ORIENTED_EDGE('',*,*,#4687,.F.);
#6055=ORIENTED_EDGE('',*,*,#4688,.F.);
#6056=ORIENTED_EDGE('',*,*,#4689,.T.);
#6057=ORIENTED_EDGE('',*,*,#4688,.T.);
#6058=ORIENTED_EDGE('',*,*,#4690,.F.);
#6059=ORIENTED_EDGE('',*,*,#4691,.F.);
#6060=ORIENTED_EDGE('',*,*,#4692,.T.);
#6061=ORIENTED_EDGE('',*,*,#4691,.T.);
#6062=ORIENTED_EDGE('',*,*,#4693,.F.);
#6063=ORIENTED_EDGE('',*,*,#4694,.F.);
#6064=ORIENTED_EDGE('',*,*,#4695,.T.);
#6065=ORIENTED_EDGE('',*,*,#4696,.T.);
#6066=ORIENTED_EDGE('',*,*,#4697,.F.);
#6067=ORIENTED_EDGE('',*,*,#4698,.F.);
#6068=ORIENTED_EDGE('',*,*,#4699,.T.);
#6069=ORIENTED_EDGE('',*,*,#4698,.T.);
#6070=ORIENTED_EDGE('',*,*,#4700,.F.);
#6071=ORIENTED_EDGE('',*,*,#4701,.F.);
#6072=ORIENTED_EDGE('',*,*,#4702,.T.);
#6073=ORIENTED_EDGE('',*,*,#4703,.T.);
#6074=ORIENTED_EDGE('',*,*,#4704,.F.);
#6075=ORIENTED_EDGE('',*,*,#4696,.F.);
#6076=ORIENTED_EDGE('',*,*,#4705,.T.);
#6077=ORIENTED_EDGE('',*,*,#4706,.T.);
#6078=ORIENTED_EDGE('',*,*,#4707,.F.);
#6079=ORIENTED_EDGE('',*,*,#4708,.F.);
#6080=ORIENTED_EDGE('',*,*,#4709,.T.);
#6081=ORIENTED_EDGE('',*,*,#4710,.T.);
#6082=ORIENTED_EDGE('',*,*,#4711,.F.);
#6083=ORIENTED_EDGE('',*,*,#4712,.F.);
#6084=ORIENTED_EDGE('',*,*,#4713,.T.);
#6085=ORIENTED_EDGE('',*,*,#4712,.T.);
#6086=ORIENTED_EDGE('',*,*,#4714,.F.);
#6087=ORIENTED_EDGE('',*,*,#4706,.F.);
#6088=ORIENTED_EDGE('',*,*,#4715,.T.);
#6089=ORIENTED_EDGE('',*,*,#4716,.T.);
#6090=ORIENTED_EDGE('',*,*,#4717,.F.);
#6091=ORIENTED_EDGE('',*,*,#4718,.F.);
#6092=ORIENTED_EDGE('',*,*,#4719,.T.);
#6093=ORIENTED_EDGE('',*,*,#4718,.T.);
#6094=ORIENTED_EDGE('',*,*,#4720,.F.);
#6095=ORIENTED_EDGE('',*,*,#4721,.F.);
#6096=ORIENTED_EDGE('',*,*,#4722,.T.);
#6097=ORIENTED_EDGE('',*,*,#4723,.T.);
#6098=ORIENTED_EDGE('',*,*,#4724,.F.);
#6099=ORIENTED_EDGE('',*,*,#4716,.F.);
#6100=ORIENTED_EDGE('',*,*,#4725,.T.);
#6101=ORIENTED_EDGE('',*,*,#4726,.T.);
#6102=ORIENTED_EDGE('',*,*,#4727,.F.);
#6103=ORIENTED_EDGE('',*,*,#4728,.F.);
#6104=ORIENTED_EDGE('',*,*,#4729,.T.);
#6105=ORIENTED_EDGE('',*,*,#4728,.T.);
#6106=ORIENTED_EDGE('',*,*,#4730,.F.);
#6107=ORIENTED_EDGE('',*,*,#4731,.F.);
#6108=ORIENTED_EDGE('',*,*,#4732,.T.);
#6109=ORIENTED_EDGE('',*,*,#4731,.T.);
#6110=ORIENTED_EDGE('',*,*,#4733,.F.);
#6111=ORIENTED_EDGE('',*,*,#4734,.F.);
#6112=ORIENTED_EDGE('',*,*,#4735,.T.);
#6113=ORIENTED_EDGE('',*,*,#4736,.T.);
#6114=ORIENTED_EDGE('',*,*,#4737,.F.);
#6115=ORIENTED_EDGE('',*,*,#4738,.F.);
#6116=ORIENTED_EDGE('',*,*,#4739,.T.);
#6117=ORIENTED_EDGE('',*,*,#4740,.T.);
#6118=ORIENTED_EDGE('',*,*,#4741,.F.);
#6119=ORIENTED_EDGE('',*,*,#4742,.F.);
#6120=ORIENTED_EDGE('',*,*,#4743,.T.);
#6121=ORIENTED_EDGE('',*,*,#4742,.T.);
#6122=ORIENTED_EDGE('',*,*,#4744,.F.);
#6123=ORIENTED_EDGE('',*,*,#4736,.F.);
#6124=ORIENTED_EDGE('',*,*,#4745,.T.);
#6125=ORIENTED_EDGE('',*,*,#4746,.T.);
#6126=ORIENTED_EDGE('',*,*,#4747,.F.);
#6127=ORIENTED_EDGE('',*,*,#4748,.F.);
#6128=ORIENTED_EDGE('',*,*,#4749,.T.);
#6129=ORIENTED_EDGE('',*,*,#4748,.T.);
#6130=ORIENTED_EDGE('',*,*,#4750,.F.);
#6131=ORIENTED_EDGE('',*,*,#4751,.F.);
#6132=ORIENTED_EDGE('',*,*,#4752,.T.);
#6133=ORIENTED_EDGE('',*,*,#4751,.T.);
#6134=ORIENTED_EDGE('',*,*,#4753,.F.);
#6135=ORIENTED_EDGE('',*,*,#4754,.F.);
#6136=ORIENTED_EDGE('',*,*,#4755,.T.);
#6137=ORIENTED_EDGE('',*,*,#4756,.T.);
#6138=ORIENTED_EDGE('',*,*,#4757,.F.);
#6139=ORIENTED_EDGE('',*,*,#4758,.F.);
#6140=ORIENTED_EDGE('',*,*,#4759,.T.);
#6141=ORIENTED_EDGE('',*,*,#4758,.T.);
#6142=ORIENTED_EDGE('',*,*,#4760,.F.);
#6143=ORIENTED_EDGE('',*,*,#4761,.F.);
#6144=ORIENTED_EDGE('',*,*,#4762,.T.);
#6145=ORIENTED_EDGE('',*,*,#4761,.T.);
#6146=ORIENTED_EDGE('',*,*,#4763,.F.);
#6147=ORIENTED_EDGE('',*,*,#4764,.F.);
#6148=ORIENTED_EDGE('',*,*,#4765,.T.);
#6149=ORIENTED_EDGE('',*,*,#4766,.T.);
#6150=ORIENTED_EDGE('',*,*,#4767,.F.);
#6151=ORIENTED_EDGE('',*,*,#4768,.F.);
#6152=ORIENTED_EDGE('',*,*,#4769,.T.);
#6153=ORIENTED_EDGE('',*,*,#4768,.T.);
#6154=ORIENTED_EDGE('',*,*,#4770,.F.);
#6155=ORIENTED_EDGE('',*,*,#4771,.F.);
#6156=ORIENTED_EDGE('',*,*,#4772,.T.);
#6157=ORIENTED_EDGE('',*,*,#4773,.T.);
#6158=ORIENTED_EDGE('',*,*,#4774,.F.);
#6159=ORIENTED_EDGE('',*,*,#4766,.F.);
#6160=ORIENTED_EDGE('',*,*,#4775,.T.);
#6161=ORIENTED_EDGE('',*,*,#4776,.T.);
#6162=ORIENTED_EDGE('',*,*,#4777,.F.);
#6163=ORIENTED_EDGE('',*,*,#4778,.F.);
#6164=ORIENTED_EDGE('',*,*,#4779,.T.);
#6165=ORIENTED_EDGE('',*,*,#4778,.T.);
#6166=ORIENTED_EDGE('',*,*,#4780,.F.);
#6167=ORIENTED_EDGE('',*,*,#4781,.F.);
#6168=ORIENTED_EDGE('',*,*,#4782,.T.);
#6169=ORIENTED_EDGE('',*,*,#4781,.T.);
#6170=ORIENTED_EDGE('',*,*,#4783,.F.);
#6171=ORIENTED_EDGE('',*,*,#4784,.F.);
#6172=ORIENTED_EDGE('',*,*,#4785,.T.);
#6173=ORIENTED_EDGE('',*,*,#4786,.T.);
#6174=ORIENTED_EDGE('',*,*,#4787,.F.);
#6175=ORIENTED_EDGE('',*,*,#4788,.F.);
#6176=ORIENTED_EDGE('',*,*,#4789,.T.);
#6177=ORIENTED_EDGE('',*,*,#4788,.T.);
#6178=ORIENTED_EDGE('',*,*,#4790,.F.);
#6179=ORIENTED_EDGE('',*,*,#4791,.F.);
#6180=ORIENTED_EDGE('',*,*,#4792,.T.);
#6181=ORIENTED_EDGE('',*,*,#4791,.T.);
#6182=ORIENTED_EDGE('',*,*,#4793,.F.);
#6183=ORIENTED_EDGE('',*,*,#4794,.F.);
#6184=ORIENTED_EDGE('',*,*,#4795,.T.);
#6185=ORIENTED_EDGE('',*,*,#4796,.T.);
#6186=ORIENTED_EDGE('',*,*,#4797,.F.);
#6187=ORIENTED_EDGE('',*,*,#4798,.F.);
#6188=ORIENTED_EDGE('',*,*,#4799,.T.);
#6189=ORIENTED_EDGE('',*,*,#4798,.T.);
#6190=ORIENTED_EDGE('',*,*,#4800,.F.);
#6191=ORIENTED_EDGE('',*,*,#4801,.F.);
#6192=ORIENTED_EDGE('',*,*,#4802,.T.);
#6193=ORIENTED_EDGE('',*,*,#4801,.T.);
#6194=ORIENTED_EDGE('',*,*,#4803,.F.);
#6195=ORIENTED_EDGE('',*,*,#4804,.F.);
#6196=ORIENTED_EDGE('',*,*,#4805,.T.);
#6197=ORIENTED_EDGE('',*,*,#4770,.T.);
#6198=ORIENTED_EDGE('',*,*,#4767,.T.);
#6199=ORIENTED_EDGE('',*,*,#4774,.T.);
#6200=ORIENTED_EDGE('',*,*,#4806,.T.);
#6201=ORIENTED_EDGE('',*,*,#4720,.T.);
#6202=ORIENTED_EDGE('',*,*,#4717,.T.);
#6203=ORIENTED_EDGE('',*,*,#4724,.T.);
#6204=ORIENTED_EDGE('',*,*,#4807,.T.);
#6205=ORIENTED_EDGE('',*,*,#4500,.T.);
#6206=ORIENTED_EDGE('',*,*,#4497,.T.);
#6207=ORIENTED_EDGE('',*,*,#4504,.T.);
#6208=ORIENTED_EDGE('',*,*,#4808,.T.);
#6209=ORIENTED_EDGE('',*,*,#4450,.T.);
#6210=ORIENTED_EDGE('',*,*,#4447,.T.);
#6211=ORIENTED_EDGE('',*,*,#4454,.T.);
#6212=ORIENTED_EDGE('',*,*,#4809,.T.);
#6213=ORIENTED_EDGE('',*,*,#4520,.T.);
#6214=ORIENTED_EDGE('',*,*,#4517,.T.);
#6215=ORIENTED_EDGE('',*,*,#4524,.T.);
#6216=ORIENTED_EDGE('',*,*,#4810,.T.);
#6217=ORIENTED_EDGE('',*,*,#4640,.T.);
#6218=ORIENTED_EDGE('',*,*,#4637,.T.);
#6219=ORIENTED_EDGE('',*,*,#4644,.T.);
#6220=ORIENTED_EDGE('',*,*,#4811,.T.);
#6221=ORIENTED_EDGE('',*,*,#4410,.T.);
#6222=ORIENTED_EDGE('',*,*,#4407,.T.);
#6223=ORIENTED_EDGE('',*,*,#4414,.T.);
#6224=ORIENTED_EDGE('',*,*,#4812,.T.);
#6225=ORIENTED_EDGE('',*,*,#4813,.T.);
#6226=ORIENTED_EDGE('',*,*,#4633,.T.);
#6227=ORIENTED_EDGE('',*,*,#4630,.T.);
#6228=ORIENTED_EDGE('',*,*,#4627,.T.);
#6229=ORIENTED_EDGE('',*,*,#4814,.T.);
#6230=ORIENTED_EDGE('',*,*,#4487,.T.);
#6231=ORIENTED_EDGE('',*,*,#4494,.T.);
#6232=ORIENTED_EDGE('',*,*,#4491,.T.);
#6233=ORIENTED_EDGE('',*,*,#4815,.T.);
#6234=ORIENTED_EDGE('',*,*,#4663,.T.);
#6235=ORIENTED_EDGE('',*,*,#4660,.T.);
#6236=ORIENTED_EDGE('',*,*,#4657,.T.);
#6237=ORIENTED_EDGE('',*,*,#4816,.T.);
#6238=ORIENTED_EDGE('',*,*,#4477,.T.);
#6239=ORIENTED_EDGE('',*,*,#4484,.T.);
#6240=ORIENTED_EDGE('',*,*,#4481,.T.);
#6241=ORIENTED_EDGE('',*,*,#4817,.T.);
#6242=ORIENTED_EDGE('',*,*,#4587,.T.);
#6243=ORIENTED_EDGE('',*,*,#4594,.T.);
#6244=ORIENTED_EDGE('',*,*,#4591,.T.);
#6245=ORIENTED_EDGE('',*,*,#4818,.T.);
#6246=ORIENTED_EDGE('',*,*,#4460,.T.);
#6247=ORIENTED_EDGE('',*,*,#4457,.T.);
#6248=ORIENTED_EDGE('',*,*,#4464,.T.);
#6249=ORIENTED_EDGE('',*,*,#4819,.T.);
#6250=ORIENTED_EDGE('',*,*,#4583,.T.);
#6251=ORIENTED_EDGE('',*,*,#4580,.T.);
#6252=ORIENTED_EDGE('',*,*,#4577,.T.);
#6253=ORIENTED_EDGE('',*,*,#4820,.T.);
#6254=ORIENTED_EDGE('',*,*,#4733,.T.);
#6255=ORIENTED_EDGE('',*,*,#4730,.T.);
#6256=ORIENTED_EDGE('',*,*,#4727,.T.);
#6257=ORIENTED_EDGE('',*,*,#4821,.T.);
#6258=ORIENTED_EDGE('',*,*,#4763,.T.);
#6259=ORIENTED_EDGE('',*,*,#4760,.T.);
#6260=ORIENTED_EDGE('',*,*,#4757,.T.);
#6261=ORIENTED_EDGE('',*,*,#4822,.T.);
#6262=ORIENTED_EDGE('',*,*,#4700,.T.);
#6263=ORIENTED_EDGE('',*,*,#4697,.T.);
#6264=ORIENTED_EDGE('',*,*,#4704,.T.);
#6265=ORIENTED_EDGE('',*,*,#4823,.T.);
#6266=ORIENTED_EDGE('',*,*,#4673,.T.);
#6267=ORIENTED_EDGE('',*,*,#4670,.T.);
#6268=ORIENTED_EDGE('',*,*,#4667,.T.);
#6269=ORIENTED_EDGE('',*,*,#4824,.T.);
#6270=ORIENTED_EDGE('',*,*,#4403,.T.);
#6271=ORIENTED_EDGE('',*,*,#4400,.T.);
#6272=ORIENTED_EDGE('',*,*,#4397,.T.);
#6273=ORIENTED_EDGE('',*,*,#4825,.T.);
#6274=ORIENTED_EDGE('',*,*,#4543,.T.);
#6275=ORIENTED_EDGE('',*,*,#4540,.T.);
#6276=ORIENTED_EDGE('',*,*,#4537,.T.);
#6277=ORIENTED_EDGE('',*,*,#4826,.T.);
#6278=ORIENTED_EDGE('',*,*,#4793,.T.);
#6279=ORIENTED_EDGE('',*,*,#4790,.T.);
#6280=ORIENTED_EDGE('',*,*,#4787,.T.);
#6281=ORIENTED_EDGE('',*,*,#4827,.T.);
#6282=ORIENTED_EDGE('',*,*,#4828,.T.);
#6283=ORIENTED_EDGE('',*,*,#4737,.T.);
#6284=ORIENTED_EDGE('',*,*,#4744,.T.);
#6285=ORIENTED_EDGE('',*,*,#4741,.T.);
#6286=ORIENTED_EDGE('',*,*,#4829,.T.);
#6287=ORIENTED_EDGE('',*,*,#4683,.T.);
#6288=ORIENTED_EDGE('',*,*,#4680,.T.);
#6289=ORIENTED_EDGE('',*,*,#4677,.T.);
#6290=ORIENTED_EDGE('',*,*,#4830,.T.);
#6291=ORIENTED_EDGE('',*,*,#4570,.T.);
#6292=ORIENTED_EDGE('',*,*,#4567,.T.);
#6293=ORIENTED_EDGE('',*,*,#4574,.T.);
#6294=ORIENTED_EDGE('',*,*,#4831,.T.);
#6295=ORIENTED_EDGE('',*,*,#4513,.T.);
#6296=ORIENTED_EDGE('',*,*,#4510,.T.);
#6297=ORIENTED_EDGE('',*,*,#4507,.T.);
#6298=ORIENTED_EDGE('',*,*,#4832,.T.);
#6299=ORIENTED_EDGE('',*,*,#4617,.T.);
#6300=ORIENTED_EDGE('',*,*,#4624,.T.);
#6301=ORIENTED_EDGE('',*,*,#4621,.T.);
#6302=ORIENTED_EDGE('',*,*,#4833,.T.);
#6303=ORIENTED_EDGE('',*,*,#4423,.T.);
#6304=ORIENTED_EDGE('',*,*,#4420,.T.);
#6305=ORIENTED_EDGE('',*,*,#4417,.T.);
#6306=ORIENTED_EDGE('',*,*,#4834,.T.);
#6307=ORIENTED_EDGE('',*,*,#4553,.T.);
#6308=ORIENTED_EDGE('',*,*,#4550,.T.);
#6309=ORIENTED_EDGE('',*,*,#4547,.T.);
#6310=ORIENTED_EDGE('',*,*,#4835,.T.);
#6311=ORIENTED_EDGE('',*,*,#4836,.T.);
#6312=ORIENTED_EDGE('',*,*,#4473,.T.);
#6313=ORIENTED_EDGE('',*,*,#4470,.T.);
#6314=ORIENTED_EDGE('',*,*,#4467,.T.);
#6315=ORIENTED_EDGE('',*,*,#4837,.T.);
#6316=ORIENTED_EDGE('',*,*,#4603,.T.);
#6317=ORIENTED_EDGE('',*,*,#4600,.T.);
#6318=ORIENTED_EDGE('',*,*,#4597,.T.);
#6319=ORIENTED_EDGE('',*,*,#4838,.T.);
#6320=ORIENTED_EDGE('',*,*,#4393,.T.);
#6321=ORIENTED_EDGE('',*,*,#4390,.T.);
#6322=ORIENTED_EDGE('',*,*,#4387,.T.);
#6323=ORIENTED_EDGE('',*,*,#4839,.T.);
#6324=ORIENTED_EDGE('',*,*,#4443,.T.);
#6325=ORIENTED_EDGE('',*,*,#4440,.T.);
#6326=ORIENTED_EDGE('',*,*,#4437,.T.);
#6327=ORIENTED_EDGE('',*,*,#4840,.T.);
#6328=ORIENTED_EDGE('',*,*,#4533,.T.);
#6329=ORIENTED_EDGE('',*,*,#4530,.T.);
#6330=ORIENTED_EDGE('',*,*,#4527,.T.);
#6331=ORIENTED_EDGE('',*,*,#4841,.T.);
#6332=ORIENTED_EDGE('',*,*,#4783,.T.);
#6333=ORIENTED_EDGE('',*,*,#4780,.T.);
#6334=ORIENTED_EDGE('',*,*,#4777,.T.);
#6335=ORIENTED_EDGE('',*,*,#4842,.T.);
#6336=ORIENTED_EDGE('',*,*,#4803,.T.);
#6337=ORIENTED_EDGE('',*,*,#4800,.T.);
#6338=ORIENTED_EDGE('',*,*,#4797,.T.);
#6339=ORIENTED_EDGE('',*,*,#4843,.T.);
#6340=ORIENTED_EDGE('',*,*,#4613,.T.);
#6341=ORIENTED_EDGE('',*,*,#4610,.T.);
#6342=ORIENTED_EDGE('',*,*,#4607,.T.);
#6343=ORIENTED_EDGE('',*,*,#4844,.T.);
#6344=ORIENTED_EDGE('',*,*,#4563,.T.);
#6345=ORIENTED_EDGE('',*,*,#4560,.T.);
#6346=ORIENTED_EDGE('',*,*,#4557,.T.);
#6347=ORIENTED_EDGE('',*,*,#4845,.T.);
#6348=ORIENTED_EDGE('',*,*,#4693,.T.);
#6349=ORIENTED_EDGE('',*,*,#4690,.T.);
#6350=ORIENTED_EDGE('',*,*,#4687,.T.);
#6351=ORIENTED_EDGE('',*,*,#4846,.T.);
#6352=ORIENTED_EDGE('',*,*,#4653,.T.);
#6353=ORIENTED_EDGE('',*,*,#4650,.T.);
#6354=ORIENTED_EDGE('',*,*,#4647,.T.);
#6355=ORIENTED_EDGE('',*,*,#4847,.T.);
#6356=ORIENTED_EDGE('',*,*,#4753,.T.);
#6357=ORIENTED_EDGE('',*,*,#4750,.T.);
#6358=ORIENTED_EDGE('',*,*,#4747,.T.);
#6359=ORIENTED_EDGE('',*,*,#4848,.T.);
#6360=ORIENTED_EDGE('',*,*,#4433,.T.);
#6361=ORIENTED_EDGE('',*,*,#4430,.T.);
#6362=ORIENTED_EDGE('',*,*,#4427,.T.);
#6363=ORIENTED_EDGE('',*,*,#4849,.T.);
#6364=ORIENTED_EDGE('',*,*,#4707,.T.);
#6365=ORIENTED_EDGE('',*,*,#4714,.T.);
#6366=ORIENTED_EDGE('',*,*,#4711,.T.);
#6367=ORIENTED_EDGE('',*,*,#4850,.T.);
#6368=ORIENTED_EDGE('',*,*,#4851,.F.);
#6369=ORIENTED_EDGE('',*,*,#4852,.F.);
#6370=ORIENTED_EDGE('',*,*,#4853,.F.);
#6371=ORIENTED_EDGE('',*,*,#4854,.F.);
#6372=ORIENTED_EDGE('',*,*,#4802,.F.);
#6373=ORIENTED_EDGE('',*,*,#4855,.F.);
#6374=ORIENTED_EDGE('',*,*,#4795,.F.);
#6375=ORIENTED_EDGE('',*,*,#4799,.F.);
#6376=ORIENTED_EDGE('',*,*,#4856,.F.);
#6377=ORIENTED_EDGE('',*,*,#4785,.F.);
#6378=ORIENTED_EDGE('',*,*,#4789,.F.);
#6379=ORIENTED_EDGE('',*,*,#4792,.F.);
#6380=ORIENTED_EDGE('',*,*,#4782,.F.);
#6381=ORIENTED_EDGE('',*,*,#4857,.F.);
#6382=ORIENTED_EDGE('',*,*,#4775,.F.);
#6383=ORIENTED_EDGE('',*,*,#4779,.F.);
#6384=ORIENTED_EDGE('',*,*,#4772,.F.);
#6385=ORIENTED_EDGE('',*,*,#4765,.F.);
#6386=ORIENTED_EDGE('',*,*,#4769,.F.);
#6387=ORIENTED_EDGE('',*,*,#4858,.F.);
#6388=ORIENTED_EDGE('',*,*,#4859,.F.);
#6389=ORIENTED_EDGE('',*,*,#4755,.F.);
#6390=ORIENTED_EDGE('',*,*,#4759,.F.);
#6391=ORIENTED_EDGE('',*,*,#4762,.F.);
#6392=ORIENTED_EDGE('',*,*,#4752,.F.);
#6393=ORIENTED_EDGE('',*,*,#4860,.F.);
#6394=ORIENTED_EDGE('',*,*,#4745,.F.);
#6395=ORIENTED_EDGE('',*,*,#4749,.F.);
#6396=ORIENTED_EDGE('',*,*,#4743,.F.);
#6397=ORIENTED_EDGE('',*,*,#4735,.F.);
#6398=ORIENTED_EDGE('',*,*,#4861,.F.);
#6399=ORIENTED_EDGE('',*,*,#4739,.F.);
#6400=ORIENTED_EDGE('',*,*,#4732,.F.);
#6401=ORIENTED_EDGE('',*,*,#4862,.F.);
#6402=ORIENTED_EDGE('',*,*,#4725,.F.);
#6403=ORIENTED_EDGE('',*,*,#4729,.F.);
#6404=ORIENTED_EDGE('',*,*,#4722,.F.);
#6405=ORIENTED_EDGE('',*,*,#4715,.F.);
#6406=ORIENTED_EDGE('',*,*,#4719,.F.);
#6407=ORIENTED_EDGE('',*,*,#4863,.F.);
#6408=ORIENTED_EDGE('',*,*,#4713,.F.);
#6409=ORIENTED_EDGE('',*,*,#4705,.F.);
#6410=ORIENTED_EDGE('',*,*,#4864,.F.);
#6411=ORIENTED_EDGE('',*,*,#4709,.F.);
#6412=ORIENTED_EDGE('',*,*,#4702,.F.);
#6413=ORIENTED_EDGE('',*,*,#4695,.F.);
#6414=ORIENTED_EDGE('',*,*,#4699,.F.);
#6415=ORIENTED_EDGE('',*,*,#4865,.F.);
#6416=ORIENTED_EDGE('',*,*,#4692,.F.);
#6417=ORIENTED_EDGE('',*,*,#4866,.F.);
#6418=ORIENTED_EDGE('',*,*,#4685,.F.);
#6419=ORIENTED_EDGE('',*,*,#4689,.F.);
#6420=ORIENTED_EDGE('',*,*,#4682,.F.);
#6421=ORIENTED_EDGE('',*,*,#4867,.F.);
#6422=ORIENTED_EDGE('',*,*,#4675,.F.);
#6423=ORIENTED_EDGE('',*,*,#4679,.F.);
#6424=ORIENTED_EDGE('',*,*,#4672,.F.);
#6425=ORIENTED_EDGE('',*,*,#4868,.F.);
#6426=ORIENTED_EDGE('',*,*,#4665,.F.);
#6427=ORIENTED_EDGE('',*,*,#4669,.F.);
#6428=ORIENTED_EDGE('',*,*,#4662,.F.);
#6429=ORIENTED_EDGE('',*,*,#4869,.F.);
#6430=ORIENTED_EDGE('',*,*,#4655,.F.);
#6431=ORIENTED_EDGE('',*,*,#4659,.F.);
#6432=ORIENTED_EDGE('',*,*,#4652,.F.);
#6433=ORIENTED_EDGE('',*,*,#4870,.F.);
#6434=ORIENTED_EDGE('',*,*,#4645,.F.);
#6435=ORIENTED_EDGE('',*,*,#4649,.F.);
#6436=ORIENTED_EDGE('',*,*,#4642,.F.);
#6437=ORIENTED_EDGE('',*,*,#4635,.F.);
#6438=ORIENTED_EDGE('',*,*,#4639,.F.);
#6439=ORIENTED_EDGE('',*,*,#4871,.F.);
#6440=ORIENTED_EDGE('',*,*,#4872,.F.);
#6441=ORIENTED_EDGE('',*,*,#4625,.F.);
#6442=ORIENTED_EDGE('',*,*,#4629,.F.);
#6443=ORIENTED_EDGE('',*,*,#4632,.F.);
#6444=ORIENTED_EDGE('',*,*,#4623,.F.);
#6445=ORIENTED_EDGE('',*,*,#4615,.F.);
#6446=ORIENTED_EDGE('',*,*,#4873,.F.);
#6447=ORIENTED_EDGE('',*,*,#4619,.F.);
#6448=ORIENTED_EDGE('',*,*,#4612,.F.);
#6449=ORIENTED_EDGE('',*,*,#4874,.F.);
#6450=ORIENTED_EDGE('',*,*,#4605,.F.);
#6451=ORIENTED_EDGE('',*,*,#4609,.F.);
#6452=ORIENTED_EDGE('',*,*,#4602,.F.);
#6453=ORIENTED_EDGE('',*,*,#4875,.F.);
#6454=ORIENTED_EDGE('',*,*,#4595,.F.);
#6455=ORIENTED_EDGE('',*,*,#4599,.F.);
#6456=ORIENTED_EDGE('',*,*,#4593,.F.);
#6457=ORIENTED_EDGE('',*,*,#4585,.F.);
#6458=ORIENTED_EDGE('',*,*,#4876,.F.);
#6459=ORIENTED_EDGE('',*,*,#4589,.F.);
#6460=ORIENTED_EDGE('',*,*,#4582,.F.);
#6461=ORIENTED_EDGE('',*,*,#4877,.F.);
#6462=ORIENTED_EDGE('',*,*,#4575,.F.);
#6463=ORIENTED_EDGE('',*,*,#4579,.F.);
#6464=ORIENTED_EDGE('',*,*,#4572,.F.);
#6465=ORIENTED_EDGE('',*,*,#4565,.F.);
#6466=ORIENTED_EDGE('',*,*,#4569,.F.);
#6467=ORIENTED_EDGE('',*,*,#4878,.F.);
#6468=ORIENTED_EDGE('',*,*,#4562,.F.);
#6469=ORIENTED_EDGE('',*,*,#4879,.F.);
#6470=ORIENTED_EDGE('',*,*,#4555,.F.);
#6471=ORIENTED_EDGE('',*,*,#4559,.F.);
#6472=ORIENTED_EDGE('',*,*,#4880,.F.);
#6473=ORIENTED_EDGE('',*,*,#4545,.F.);
#6474=ORIENTED_EDGE('',*,*,#4549,.F.);
#6475=ORIENTED_EDGE('',*,*,#4552,.F.);
#6476=ORIENTED_EDGE('',*,*,#4881,.F.);
#6477=ORIENTED_EDGE('',*,*,#4535,.F.);
#6478=ORIENTED_EDGE('',*,*,#4539,.F.);
#6479=ORIENTED_EDGE('',*,*,#4542,.F.);
#6480=ORIENTED_EDGE('',*,*,#4532,.F.);
#6481=ORIENTED_EDGE('',*,*,#4882,.F.);
#6482=ORIENTED_EDGE('',*,*,#4525,.F.);
#6483=ORIENTED_EDGE('',*,*,#4529,.F.);
#6484=ORIENTED_EDGE('',*,*,#4522,.F.);
#6485=ORIENTED_EDGE('',*,*,#4515,.F.);
#6486=ORIENTED_EDGE('',*,*,#4519,.F.);
#6487=ORIENTED_EDGE('',*,*,#4883,.F.);
#6488=ORIENTED_EDGE('',*,*,#4512,.F.);
#6489=ORIENTED_EDGE('',*,*,#4884,.F.);
#6490=ORIENTED_EDGE('',*,*,#4505,.F.);
#6491=ORIENTED_EDGE('',*,*,#4509,.F.);
#6492=ORIENTED_EDGE('',*,*,#4502,.F.);
#6493=ORIENTED_EDGE('',*,*,#4495,.F.);
#6494=ORIENTED_EDGE('',*,*,#4499,.F.);
#6495=ORIENTED_EDGE('',*,*,#4885,.F.);
#6496=ORIENTED_EDGE('',*,*,#4493,.F.);
#6497=ORIENTED_EDGE('',*,*,#4485,.F.);
#6498=ORIENTED_EDGE('',*,*,#4886,.F.);
#6499=ORIENTED_EDGE('',*,*,#4489,.F.);
#6500=ORIENTED_EDGE('',*,*,#4483,.F.);
#6501=ORIENTED_EDGE('',*,*,#4475,.F.);
#6502=ORIENTED_EDGE('',*,*,#4887,.F.);
#6503=ORIENTED_EDGE('',*,*,#4479,.F.);
#6504=ORIENTED_EDGE('',*,*,#4472,.F.);
#6505=ORIENTED_EDGE('',*,*,#4888,.F.);
#6506=ORIENTED_EDGE('',*,*,#4465,.F.);
#6507=ORIENTED_EDGE('',*,*,#4469,.F.);
#6508=ORIENTED_EDGE('',*,*,#4462,.F.);
#6509=ORIENTED_EDGE('',*,*,#4455,.F.);
#6510=ORIENTED_EDGE('',*,*,#4459,.F.);
#6511=ORIENTED_EDGE('',*,*,#4889,.F.);
#6512=ORIENTED_EDGE('',*,*,#4452,.F.);
#6513=ORIENTED_EDGE('',*,*,#4445,.F.);
#6514=ORIENTED_EDGE('',*,*,#4449,.F.);
#6515=ORIENTED_EDGE('',*,*,#4890,.F.);
#6516=ORIENTED_EDGE('',*,*,#4442,.F.);
#6517=ORIENTED_EDGE('',*,*,#4891,.F.);
#6518=ORIENTED_EDGE('',*,*,#4435,.F.);
#6519=ORIENTED_EDGE('',*,*,#4439,.F.);
#6520=ORIENTED_EDGE('',*,*,#4432,.F.);
#6521=ORIENTED_EDGE('',*,*,#4892,.F.);
#6522=ORIENTED_EDGE('',*,*,#4425,.F.);
#6523=ORIENTED_EDGE('',*,*,#4429,.F.);
#6524=ORIENTED_EDGE('',*,*,#4422,.F.);
#6525=ORIENTED_EDGE('',*,*,#4893,.F.);
#6526=ORIENTED_EDGE('',*,*,#4415,.F.);
#6527=ORIENTED_EDGE('',*,*,#4419,.F.);
#6528=ORIENTED_EDGE('',*,*,#4412,.F.);
#6529=ORIENTED_EDGE('',*,*,#4405,.F.);
#6530=ORIENTED_EDGE('',*,*,#4409,.F.);
#6531=ORIENTED_EDGE('',*,*,#4894,.F.);
#6532=ORIENTED_EDGE('',*,*,#4895,.F.);
#6533=ORIENTED_EDGE('',*,*,#4395,.F.);
#6534=ORIENTED_EDGE('',*,*,#4399,.F.);
#6535=ORIENTED_EDGE('',*,*,#4402,.F.);
#6536=ORIENTED_EDGE('',*,*,#4392,.F.);
#6537=ORIENTED_EDGE('',*,*,#4896,.F.);
#6538=ORIENTED_EDGE('',*,*,#4385,.F.);
#6539=ORIENTED_EDGE('',*,*,#4389,.F.);
#6540=ORIENTED_EDGE('',*,*,#4897,.F.);
#6541=ORIENTED_EDGE('',*,*,#4898,.T.);
#6542=ORIENTED_EDGE('',*,*,#4899,.F.);
#6543=ORIENTED_EDGE('',*,*,#4900,.F.);
#6544=ORIENTED_EDGE('',*,*,#4901,.F.);
#6545=ORIENTED_EDGE('',*,*,#4900,.T.);
#6546=ORIENTED_EDGE('',*,*,#4902,.F.);
#6547=ORIENTED_EDGE('',*,*,#4903,.F.);
#6548=ORIENTED_EDGE('',*,*,#4904,.F.);
#6549=ORIENTED_EDGE('',*,*,#4903,.T.);
#6550=ORIENTED_EDGE('',*,*,#4905,.F.);
#6551=ORIENTED_EDGE('',*,*,#4906,.F.);
#6552=ORIENTED_EDGE('',*,*,#4827,.F.);
#6553=ORIENTED_EDGE('',*,*,#4786,.F.);
#6554=ORIENTED_EDGE('',*,*,#4856,.T.);
#6555=ORIENTED_EDGE('',*,*,#4794,.T.);
#6556=ORIENTED_EDGE('',*,*,#4826,.F.);
#6557=ORIENTED_EDGE('',*,*,#4536,.F.);
#6558=ORIENTED_EDGE('',*,*,#4881,.T.);
#6559=ORIENTED_EDGE('',*,*,#4544,.T.);
#6560=ORIENTED_EDGE('',*,*,#4825,.F.);
#6561=ORIENTED_EDGE('',*,*,#4396,.F.);
#6562=ORIENTED_EDGE('',*,*,#4895,.T.);
#6563=ORIENTED_EDGE('',*,*,#4404,.T.);
#6564=ORIENTED_EDGE('',*,*,#4824,.F.);
#6565=ORIENTED_EDGE('',*,*,#4666,.F.);
#6566=ORIENTED_EDGE('',*,*,#4868,.T.);
#6567=ORIENTED_EDGE('',*,*,#4674,.T.);
#6568=ORIENTED_EDGE('',*,*,#4823,.F.);
#6569=ORIENTED_EDGE('',*,*,#4703,.F.);
#6570=ORIENTED_EDGE('',*,*,#4865,.T.);
#6571=ORIENTED_EDGE('',*,*,#4701,.T.);
#6572=ORIENTED_EDGE('',*,*,#4822,.F.);
#6573=ORIENTED_EDGE('',*,*,#4756,.F.);
#6574=ORIENTED_EDGE('',*,*,#4859,.T.);
#6575=ORIENTED_EDGE('',*,*,#4764,.T.);
#6576=ORIENTED_EDGE('',*,*,#4821,.F.);
#6577=ORIENTED_EDGE('',*,*,#4726,.F.);
#6578=ORIENTED_EDGE('',*,*,#4862,.T.);
#6579=ORIENTED_EDGE('',*,*,#4734,.T.);
#6580=ORIENTED_EDGE('',*,*,#4820,.F.);
#6581=ORIENTED_EDGE('',*,*,#4576,.F.);
#6582=ORIENTED_EDGE('',*,*,#4877,.T.);
#6583=ORIENTED_EDGE('',*,*,#4584,.T.);
#6584=ORIENTED_EDGE('',*,*,#4819,.F.);
#6585=ORIENTED_EDGE('',*,*,#4463,.F.);
#6586=ORIENTED_EDGE('',*,*,#4889,.T.);
#6587=ORIENTED_EDGE('',*,*,#4461,.T.);
#6588=ORIENTED_EDGE('',*,*,#4818,.F.);
#6589=ORIENTED_EDGE('',*,*,#4590,.F.);
#6590=ORIENTED_EDGE('',*,*,#4876,.T.);
#6591=ORIENTED_EDGE('',*,*,#4588,.T.);
#6592=ORIENTED_EDGE('',*,*,#4817,.F.);
#6593=ORIENTED_EDGE('',*,*,#4480,.F.);
#6594=ORIENTED_EDGE('',*,*,#4887,.T.);
#6595=ORIENTED_EDGE('',*,*,#4478,.T.);
#6596=ORIENTED_EDGE('',*,*,#4816,.F.);
#6597=ORIENTED_EDGE('',*,*,#4656,.F.);
#6598=ORIENTED_EDGE('',*,*,#4869,.T.);
#6599=ORIENTED_EDGE('',*,*,#4664,.T.);
#6600=ORIENTED_EDGE('',*,*,#4815,.F.);
#6601=ORIENTED_EDGE('',*,*,#4490,.F.);
#6602=ORIENTED_EDGE('',*,*,#4886,.T.);
#6603=ORIENTED_EDGE('',*,*,#4488,.T.);
#6604=ORIENTED_EDGE('',*,*,#4814,.F.);
#6605=ORIENTED_EDGE('',*,*,#4626,.F.);
#6606=ORIENTED_EDGE('',*,*,#4872,.T.);
#6607=ORIENTED_EDGE('',*,*,#4634,.T.);
#6608=ORIENTED_EDGE('',*,*,#4813,.F.);
#6609=ORIENTED_EDGE('',*,*,#4907,.T.);
#6610=ORIENTED_EDGE('',*,*,#4908,.F.);
#6611=ORIENTED_EDGE('',*,*,#4909,.F.);
#6612=ORIENTED_EDGE('',*,*,#4910,.F.);
#6613=ORIENTED_EDGE('',*,*,#4911,.T.);
#6614=ORIENTED_EDGE('',*,*,#4912,.F.);
#6615=ORIENTED_EDGE('',*,*,#4913,.F.);
#6616=ORIENTED_EDGE('',*,*,#4914,.F.);
#6617=ORIENTED_EDGE('',*,*,#4913,.T.);
#6618=ORIENTED_EDGE('',*,*,#4915,.F.);
#6619=ORIENTED_EDGE('',*,*,#4898,.F.);
#6620=ORIENTED_EDGE('',*,*,#4916,.F.);
#6621=ORIENTED_EDGE('',*,*,#4917,.T.);
#6622=ORIENTED_EDGE('',*,*,#4918,.F.);
#6623=ORIENTED_EDGE('',*,*,#4919,.F.);
#6624=ORIENTED_EDGE('',*,*,#4920,.F.);
#6625=ORIENTED_EDGE('',*,*,#4921,.T.);
#6626=ORIENTED_EDGE('',*,*,#4922,.F.);
#6627=ORIENTED_EDGE('',*,*,#4923,.F.);
#6628=ORIENTED_EDGE('',*,*,#4924,.F.);
#6629=ORIENTED_EDGE('',*,*,#4923,.T.);
#6630=ORIENTED_EDGE('',*,*,#4925,.F.);
#6631=ORIENTED_EDGE('',*,*,#4917,.F.);
#6632=ORIENTED_EDGE('',*,*,#4926,.F.);
#6633=ORIENTED_EDGE('',*,*,#4927,.T.);
#6634=ORIENTED_EDGE('',*,*,#4928,.F.);
#6635=ORIENTED_EDGE('',*,*,#4929,.F.);
#6636=ORIENTED_EDGE('',*,*,#4930,.F.);
#6637=ORIENTED_EDGE('',*,*,#4929,.T.);
#6638=ORIENTED_EDGE('',*,*,#4931,.F.);
#6639=ORIENTED_EDGE('',*,*,#4932,.F.);
#6640=ORIENTED_EDGE('',*,*,#4933,.F.);
#6641=ORIENTED_EDGE('',*,*,#4932,.T.);
#6642=ORIENTED_EDGE('',*,*,#4934,.F.);
#6643=ORIENTED_EDGE('',*,*,#4935,.F.);
#6644=ORIENTED_EDGE('',*,*,#4936,.F.);
#6645=ORIENTED_EDGE('',*,*,#4937,.T.);
#6646=ORIENTED_EDGE('',*,*,#4938,.F.);
#6647=ORIENTED_EDGE('',*,*,#4939,.F.);
#6648=ORIENTED_EDGE('',*,*,#4850,.F.);
#6649=ORIENTED_EDGE('',*,*,#4710,.F.);
#6650=ORIENTED_EDGE('',*,*,#4864,.T.);
#6651=ORIENTED_EDGE('',*,*,#4708,.T.);
#6652=ORIENTED_EDGE('',*,*,#4849,.F.);
#6653=ORIENTED_EDGE('',*,*,#4426,.F.);
#6654=ORIENTED_EDGE('',*,*,#4892,.T.);
#6655=ORIENTED_EDGE('',*,*,#4434,.T.);
#6656=ORIENTED_EDGE('',*,*,#4848,.F.);
#6657=ORIENTED_EDGE('',*,*,#4746,.F.);
#6658=ORIENTED_EDGE('',*,*,#4860,.T.);
#6659=ORIENTED_EDGE('',*,*,#4754,.T.);
#6660=ORIENTED_EDGE('',*,*,#4847,.F.);
#6661=ORIENTED_EDGE('',*,*,#4646,.F.);
#6662=ORIENTED_EDGE('',*,*,#4870,.T.);
#6663=ORIENTED_EDGE('',*,*,#4654,.T.);
#6664=ORIENTED_EDGE('',*,*,#4846,.F.);
#6665=ORIENTED_EDGE('',*,*,#4686,.F.);
#6666=ORIENTED_EDGE('',*,*,#4866,.T.);
#6667=ORIENTED_EDGE('',*,*,#4694,.T.);
#6668=ORIENTED_EDGE('',*,*,#4845,.F.);
#6669=ORIENTED_EDGE('',*,*,#4556,.F.);
#6670=ORIENTED_EDGE('',*,*,#4879,.T.);
#6671=ORIENTED_EDGE('',*,*,#4564,.T.);
#6672=ORIENTED_EDGE('',*,*,#4844,.F.);
#6673=ORIENTED_EDGE('',*,*,#4606,.F.);
#6674=ORIENTED_EDGE('',*,*,#4874,.T.);
#6675=ORIENTED_EDGE('',*,*,#4614,.T.);
#6676=ORIENTED_EDGE('',*,*,#4843,.F.);
#6677=ORIENTED_EDGE('',*,*,#4796,.F.);
#6678=ORIENTED_EDGE('',*,*,#4855,.T.);
#6679=ORIENTED_EDGE('',*,*,#4804,.T.);
#6680=ORIENTED_EDGE('',*,*,#4842,.F.);
#6681=ORIENTED_EDGE('',*,*,#4776,.F.);
#6682=ORIENTED_EDGE('',*,*,#4857,.T.);
#6683=ORIENTED_EDGE('',*,*,#4784,.T.);
#6684=ORIENTED_EDGE('',*,*,#4841,.F.);
#6685=ORIENTED_EDGE('',*,*,#4526,.F.);
#6686=ORIENTED_EDGE('',*,*,#4882,.T.);
#6687=ORIENTED_EDGE('',*,*,#4534,.T.);
#6688=ORIENTED_EDGE('',*,*,#4840,.F.);
#6689=ORIENTED_EDGE('',*,*,#4436,.F.);
#6690=ORIENTED_EDGE('',*,*,#4891,.T.);
#6691=ORIENTED_EDGE('',*,*,#4444,.T.);
#6692=ORIENTED_EDGE('',*,*,#4839,.F.);
#6693=ORIENTED_EDGE('',*,*,#4386,.F.);
#6694=ORIENTED_EDGE('',*,*,#4896,.T.);
#6695=ORIENTED_EDGE('',*,*,#4394,.T.);
#6696=ORIENTED_EDGE('',*,*,#4838,.F.);
#6697=ORIENTED_EDGE('',*,*,#4596,.F.);
#6698=ORIENTED_EDGE('',*,*,#4875,.T.);
#6699=ORIENTED_EDGE('',*,*,#4604,.T.);
#6700=ORIENTED_EDGE('',*,*,#4837,.F.);
#6701=ORIENTED_EDGE('',*,*,#4466,.F.);
#6702=ORIENTED_EDGE('',*,*,#4888,.T.);
#6703=ORIENTED_EDGE('',*,*,#4474,.T.);
#6704=ORIENTED_EDGE('',*,*,#4836,.F.);
#6705=ORIENTED_EDGE('',*,*,#4940,.T.);
#6706=ORIENTED_EDGE('',*,*,#4941,.F.);
#6707=ORIENTED_EDGE('',*,*,#4942,.F.);
#6708=ORIENTED_EDGE('',*,*,#4943,.F.);
#6709=ORIENTED_EDGE('',*,*,#4942,.T.);
#6710=ORIENTED_EDGE('',*,*,#4944,.F.);
#6711=ORIENTED_EDGE('',*,*,#4927,.F.);
#6712=ORIENTED_EDGE('',*,*,#4945,.F.);
#6713=ORIENTED_EDGE('',*,*,#4946,.T.);
#6714=ORIENTED_EDGE('',*,*,#4947,.F.);
#6715=ORIENTED_EDGE('',*,*,#4948,.F.);
#6716=ORIENTED_EDGE('',*,*,#4949,.F.);
#6717=ORIENTED_EDGE('',*,*,#4948,.T.);
#6718=ORIENTED_EDGE('',*,*,#4950,.F.);
#6719=ORIENTED_EDGE('',*,*,#4951,.F.);
#6720=ORIENTED_EDGE('',*,*,#4952,.F.);
#6721=ORIENTED_EDGE('',*,*,#4951,.T.);
#6722=ORIENTED_EDGE('',*,*,#4953,.F.);
#6723=ORIENTED_EDGE('',*,*,#4954,.F.);
#6724=ORIENTED_EDGE('',*,*,#4955,.F.);
#6725=ORIENTED_EDGE('',*,*,#4954,.T.);
#6726=ORIENTED_EDGE('',*,*,#4956,.F.);
#6727=ORIENTED_EDGE('',*,*,#4940,.F.);
#6728=ORIENTED_EDGE('',*,*,#4835,.F.);
#6729=ORIENTED_EDGE('',*,*,#4546,.F.);
#6730=ORIENTED_EDGE('',*,*,#4880,.T.);
#6731=ORIENTED_EDGE('',*,*,#4554,.T.);
#6732=ORIENTED_EDGE('',*,*,#4834,.F.);
#6733=ORIENTED_EDGE('',*,*,#4416,.F.);
#6734=ORIENTED_EDGE('',*,*,#4893,.T.);
#6735=ORIENTED_EDGE('',*,*,#4424,.T.);
#6736=ORIENTED_EDGE('',*,*,#4833,.F.);
#6737=ORIENTED_EDGE('',*,*,#4620,.F.);
#6738=ORIENTED_EDGE('',*,*,#4873,.T.);
#6739=ORIENTED_EDGE('',*,*,#4618,.T.);
#6740=ORIENTED_EDGE('',*,*,#4832,.F.);
#6741=ORIENTED_EDGE('',*,*,#4506,.F.);
#6742=ORIENTED_EDGE('',*,*,#4884,.T.);
#6743=ORIENTED_EDGE('',*,*,#4514,.T.);
#6744=ORIENTED_EDGE('',*,*,#4831,.F.);
#6745=ORIENTED_EDGE('',*,*,#4573,.F.);
#6746=ORIENTED_EDGE('',*,*,#4878,.T.);
#6747=ORIENTED_EDGE('',*,*,#4571,.T.);
#6748=ORIENTED_EDGE('',*,*,#4830,.F.);
#6749=ORIENTED_EDGE('',*,*,#4676,.F.);
#6750=ORIENTED_EDGE('',*,*,#4867,.T.);
#6751=ORIENTED_EDGE('',*,*,#4684,.T.);
#6752=ORIENTED_EDGE('',*,*,#4829,.F.);
#6753=ORIENTED_EDGE('',*,*,#4740,.F.);
#6754=ORIENTED_EDGE('',*,*,#4861,.T.);
#6755=ORIENTED_EDGE('',*,*,#4738,.T.);
#6756=ORIENTED_EDGE('',*,*,#4828,.F.);
#6757=ORIENTED_EDGE('',*,*,#4906,.T.);
#6758=ORIENTED_EDGE('',*,*,#4957,.F.);
#6759=ORIENTED_EDGE('',*,*,#4921,.F.);
#6760=ORIENTED_EDGE('',*,*,#4958,.F.);
#6761=ORIENTED_EDGE('',*,*,#4919,.T.);
#6762=ORIENTED_EDGE('',*,*,#4959,.F.);
#6763=ORIENTED_EDGE('',*,*,#4946,.F.);
#6764=ORIENTED_EDGE('',*,*,#4960,.F.);
#6765=ORIENTED_EDGE('',*,*,#4961,.T.);
#6766=ORIENTED_EDGE('',*,*,#4962,.F.);
#6767=ORIENTED_EDGE('',*,*,#4963,.F.);
#6768=ORIENTED_EDGE('',*,*,#4964,.F.);
#6769=ORIENTED_EDGE('',*,*,#4965,.T.);
#6770=ORIENTED_EDGE('',*,*,#4966,.F.);
#6771=ORIENTED_EDGE('',*,*,#4907,.F.);
#6772=ORIENTED_EDGE('',*,*,#4812,.F.);
#6773=ORIENTED_EDGE('',*,*,#4413,.F.);
#6774=ORIENTED_EDGE('',*,*,#4894,.T.);
#6775=ORIENTED_EDGE('',*,*,#4411,.T.);
#6776=ORIENTED_EDGE('',*,*,#4811,.F.);
#6777=ORIENTED_EDGE('',*,*,#4643,.F.);
#6778=ORIENTED_EDGE('',*,*,#4871,.T.);
#6779=ORIENTED_EDGE('',*,*,#4641,.T.);
#6780=ORIENTED_EDGE('',*,*,#4810,.F.);
#6781=ORIENTED_EDGE('',*,*,#4523,.F.);
#6782=ORIENTED_EDGE('',*,*,#4883,.T.);
#6783=ORIENTED_EDGE('',*,*,#4521,.T.);
#6784=ORIENTED_EDGE('',*,*,#4809,.F.);
#6785=ORIENTED_EDGE('',*,*,#4453,.F.);
#6786=ORIENTED_EDGE('',*,*,#4890,.T.);
#6787=ORIENTED_EDGE('',*,*,#4451,.T.);
#6788=ORIENTED_EDGE('',*,*,#4808,.F.);
#6789=ORIENTED_EDGE('',*,*,#4503,.F.);
#6790=ORIENTED_EDGE('',*,*,#4885,.T.);
#6791=ORIENTED_EDGE('',*,*,#4501,.T.);
#6792=ORIENTED_EDGE('',*,*,#4807,.F.);
#6793=ORIENTED_EDGE('',*,*,#4723,.F.);
#6794=ORIENTED_EDGE('',*,*,#4863,.T.);
#6795=ORIENTED_EDGE('',*,*,#4721,.T.);
#6796=ORIENTED_EDGE('',*,*,#4806,.F.);
#6797=ORIENTED_EDGE('',*,*,#4773,.F.);
#6798=ORIENTED_EDGE('',*,*,#4858,.T.);
#6799=ORIENTED_EDGE('',*,*,#4771,.T.);
#6800=ORIENTED_EDGE('',*,*,#4805,.F.);
#6801=ORIENTED_EDGE('',*,*,#4939,.T.);
#6802=ORIENTED_EDGE('',*,*,#4967,.F.);
#6803=ORIENTED_EDGE('',*,*,#4968,.F.);
#6804=ORIENTED_EDGE('',*,*,#4969,.F.);
#6805=ORIENTED_EDGE('',*,*,#4968,.T.);
#6806=ORIENTED_EDGE('',*,*,#4970,.F.);
#6807=ORIENTED_EDGE('',*,*,#4971,.F.);
#6808=ORIENTED_EDGE('',*,*,#4972,.F.);
#6809=ORIENTED_EDGE('',*,*,#4971,.T.);
#6810=ORIENTED_EDGE('',*,*,#4973,.F.);
#6811=ORIENTED_EDGE('',*,*,#4974,.F.);
#6812=ORIENTED_EDGE('',*,*,#4975,.F.);
#6813=ORIENTED_EDGE('',*,*,#4974,.T.);
#6814=ORIENTED_EDGE('',*,*,#4976,.F.);
#6815=ORIENTED_EDGE('',*,*,#4961,.F.);
#6816=ORIENTED_EDGE('',*,*,#4977,.F.);
#6817=ORIENTED_EDGE('',*,*,#4963,.T.);
#6818=ORIENTED_EDGE('',*,*,#4978,.F.);
#6819=ORIENTED_EDGE('',*,*,#4979,.F.);
#6820=ORIENTED_EDGE('',*,*,#4980,.F.);
#6821=ORIENTED_EDGE('',*,*,#4979,.T.);
#6822=ORIENTED_EDGE('',*,*,#4981,.F.);
#6823=ORIENTED_EDGE('',*,*,#4982,.F.);
#6824=ORIENTED_EDGE('',*,*,#4983,.F.);
#6825=ORIENTED_EDGE('',*,*,#4982,.T.);
#6826=ORIENTED_EDGE('',*,*,#4984,.F.);
#6827=ORIENTED_EDGE('',*,*,#4965,.F.);
#6828=ORIENTED_EDGE('',*,*,#4985,.F.);
#6829=ORIENTED_EDGE('',*,*,#4986,.T.);
#6830=ORIENTED_EDGE('',*,*,#4987,.F.);
#6831=ORIENTED_EDGE('',*,*,#4937,.F.);
#6832=ORIENTED_EDGE('',*,*,#4988,.F.);
#6833=ORIENTED_EDGE('',*,*,#4935,.T.);
#6834=ORIENTED_EDGE('',*,*,#4989,.F.);
#6835=ORIENTED_EDGE('',*,*,#4990,.F.);
#6836=ORIENTED_EDGE('',*,*,#4991,.F.);
#6837=ORIENTED_EDGE('',*,*,#4990,.T.);
#6838=ORIENTED_EDGE('',*,*,#4992,.F.);
#6839=ORIENTED_EDGE('',*,*,#4986,.F.);
#6840=ORIENTED_EDGE('',*,*,#4993,.F.);
#6841=ORIENTED_EDGE('',*,*,#4909,.T.);
#6842=ORIENTED_EDGE('',*,*,#4994,.F.);
#6843=ORIENTED_EDGE('',*,*,#4995,.F.);
#6844=ORIENTED_EDGE('',*,*,#4996,.F.);
#6845=ORIENTED_EDGE('',*,*,#4995,.T.);
#6846=ORIENTED_EDGE('',*,*,#4997,.F.);
#6847=ORIENTED_EDGE('',*,*,#4998,.F.);
#6848=ORIENTED_EDGE('',*,*,#4999,.F.);
#6849=ORIENTED_EDGE('',*,*,#4998,.T.);
#6850=ORIENTED_EDGE('',*,*,#5000,.F.);
#6851=ORIENTED_EDGE('',*,*,#4911,.F.);
#6852=ORIENTED_EDGE('',*,*,#5001,.F.);
#6853=ORIENTED_EDGE('',*,*,#5002,.T.);
#6854=ORIENTED_EDGE('',*,*,#4854,.T.);
#6855=ORIENTED_EDGE('',*,*,#5003,.F.);
#6856=ORIENTED_EDGE('',*,*,#5004,.F.);
#6857=ORIENTED_EDGE('',*,*,#5003,.T.);
#6858=ORIENTED_EDGE('',*,*,#4853,.T.);
#6859=ORIENTED_EDGE('',*,*,#5005,.F.);
#6860=ORIENTED_EDGE('',*,*,#5006,.F.);
#6861=ORIENTED_EDGE('',*,*,#5005,.T.);
#6862=ORIENTED_EDGE('',*,*,#4852,.T.);
#6863=ORIENTED_EDGE('',*,*,#5007,.F.);
#6864=ORIENTED_EDGE('',*,*,#5008,.F.);
#6865=ORIENTED_EDGE('',*,*,#5007,.T.);
#6866=ORIENTED_EDGE('',*,*,#4851,.T.);
#6867=ORIENTED_EDGE('',*,*,#5002,.F.);
#6868=ORIENTED_EDGE('',*,*,#5008,.T.);
#6869=ORIENTED_EDGE('',*,*,#5001,.T.);
#6870=ORIENTED_EDGE('',*,*,#5004,.T.);
#6871=ORIENTED_EDGE('',*,*,#5006,.T.);
#6872=ORIENTED_EDGE('',*,*,#4910,.T.);
#6873=ORIENTED_EDGE('',*,*,#4993,.T.);
#6874=ORIENTED_EDGE('',*,*,#4996,.T.);
#6875=ORIENTED_EDGE('',*,*,#4999,.T.);
#6876=ORIENTED_EDGE('',*,*,#4991,.T.);
#6877=ORIENTED_EDGE('',*,*,#4985,.T.);
#6878=ORIENTED_EDGE('',*,*,#4936,.T.);
#6879=ORIENTED_EDGE('',*,*,#4988,.T.);
#6880=ORIENTED_EDGE('',*,*,#4983,.T.);
#6881=ORIENTED_EDGE('',*,*,#4964,.T.);
#6882=ORIENTED_EDGE('',*,*,#4977,.T.);
#6883=ORIENTED_EDGE('',*,*,#4980,.T.);
#6884=ORIENTED_EDGE('',*,*,#4975,.T.);
#6885=ORIENTED_EDGE('',*,*,#4960,.T.);
#6886=ORIENTED_EDGE('',*,*,#4969,.T.);
#6887=ORIENTED_EDGE('',*,*,#4972,.T.);
#6888=ORIENTED_EDGE('',*,*,#4955,.T.);
#6889=ORIENTED_EDGE('',*,*,#4945,.T.);
#6890=ORIENTED_EDGE('',*,*,#4949,.T.);
#6891=ORIENTED_EDGE('',*,*,#4952,.T.);
#6892=ORIENTED_EDGE('',*,*,#4943,.T.);
#6893=ORIENTED_EDGE('',*,*,#4926,.T.);
#6894=ORIENTED_EDGE('',*,*,#4930,.T.);
#6895=ORIENTED_EDGE('',*,*,#4933,.T.);
#6896=ORIENTED_EDGE('',*,*,#4924,.T.);
#6897=ORIENTED_EDGE('',*,*,#4916,.T.);
#6898=ORIENTED_EDGE('',*,*,#4958,.T.);
#6899=ORIENTED_EDGE('',*,*,#4920,.T.);
#6900=ORIENTED_EDGE('',*,*,#4914,.T.);
#6901=ORIENTED_EDGE('',*,*,#4897,.T.);
#6902=ORIENTED_EDGE('',*,*,#4901,.T.);
#6903=ORIENTED_EDGE('',*,*,#4904,.T.);
#6904=ORIENTED_EDGE('',*,*,#4956,.T.);
#6905=ORIENTED_EDGE('',*,*,#4953,.T.);
#6906=ORIENTED_EDGE('',*,*,#4950,.T.);
#6907=ORIENTED_EDGE('',*,*,#4947,.T.);
#6908=ORIENTED_EDGE('',*,*,#4959,.T.);
#6909=ORIENTED_EDGE('',*,*,#4918,.T.);
#6910=ORIENTED_EDGE('',*,*,#4925,.T.);
#6911=ORIENTED_EDGE('',*,*,#4922,.T.);
#6912=ORIENTED_EDGE('',*,*,#4957,.T.);
#6913=ORIENTED_EDGE('',*,*,#4905,.T.);
#6914=ORIENTED_EDGE('',*,*,#4902,.T.);
#6915=ORIENTED_EDGE('',*,*,#4899,.T.);
#6916=ORIENTED_EDGE('',*,*,#4915,.T.);
#6917=ORIENTED_EDGE('',*,*,#4912,.T.);
#6918=ORIENTED_EDGE('',*,*,#5000,.T.);
#6919=ORIENTED_EDGE('',*,*,#4997,.T.);
#6920=ORIENTED_EDGE('',*,*,#4994,.T.);
#6921=ORIENTED_EDGE('',*,*,#4908,.T.);
#6922=ORIENTED_EDGE('',*,*,#4966,.T.);
#6923=ORIENTED_EDGE('',*,*,#4984,.T.);
#6924=ORIENTED_EDGE('',*,*,#4981,.T.);
#6925=ORIENTED_EDGE('',*,*,#4978,.T.);
#6926=ORIENTED_EDGE('',*,*,#4962,.T.);
#6927=ORIENTED_EDGE('',*,*,#4976,.T.);
#6928=ORIENTED_EDGE('',*,*,#4973,.T.);
#6929=ORIENTED_EDGE('',*,*,#4970,.T.);
#6930=ORIENTED_EDGE('',*,*,#4967,.T.);
#6931=ORIENTED_EDGE('',*,*,#4938,.T.);
#6932=ORIENTED_EDGE('',*,*,#4987,.T.);
#6933=ORIENTED_EDGE('',*,*,#4992,.T.);
#6934=ORIENTED_EDGE('',*,*,#4989,.T.);
#6935=ORIENTED_EDGE('',*,*,#4934,.T.);
#6936=ORIENTED_EDGE('',*,*,#4931,.T.);
#6937=ORIENTED_EDGE('',*,*,#4928,.T.);
#6938=ORIENTED_EDGE('',*,*,#4944,.T.);
#6939=ORIENTED_EDGE('',*,*,#4941,.T.);
#6940=ORIENTED_EDGE('',*,*,#5009,.F.);
#6941=ORIENTED_EDGE('',*,*,#5010,.F.);
#6942=ORIENTED_EDGE('',*,*,#5011,.F.);
#6943=ORIENTED_EDGE('',*,*,#5012,.T.);
#6944=ORIENTED_EDGE('',*,*,#5013,.T.);
#6945=ORIENTED_EDGE('',*,*,#5010,.T.);
#6946=ORIENTED_EDGE('',*,*,#5014,.T.);
#6947=ORIENTED_EDGE('',*,*,#5015,.F.);
#6948=ORIENTED_EDGE('',*,*,#5016,.F.);
#6949=ORIENTED_EDGE('',*,*,#5017,.F.);
#6950=ORIENTED_EDGE('',*,*,#5018,.T.);
#6951=ORIENTED_EDGE('',*,*,#5019,.T.);
#6952=ORIENTED_EDGE('',*,*,#5016,.T.);
#6953=ORIENTED_EDGE('',*,*,#5020,.T.);
#6954=ORIENTED_EDGE('',*,*,#5009,.T.);
#6955=ORIENTED_EDGE('',*,*,#5021,.T.);
#6956=ORIENTED_EDGE('',*,*,#5017,.T.);
#6957=ORIENTED_EDGE('',*,*,#5022,.T.);
#6958=ORIENTED_EDGE('',*,*,#5023,.F.);
#6959=ORIENTED_EDGE('',*,*,#5024,.F.);
#6960=ORIENTED_EDGE('',*,*,#5025,.F.);
#6961=ORIENTED_EDGE('',*,*,#5026,.T.);
#6962=ORIENTED_EDGE('',*,*,#5027,.T.);
#6963=ORIENTED_EDGE('',*,*,#5024,.T.);
#6964=ORIENTED_EDGE('',*,*,#5028,.T.);
#6965=ORIENTED_EDGE('',*,*,#5029,.F.);
#6966=ORIENTED_EDGE('',*,*,#5030,.F.);
#6967=ORIENTED_EDGE('',*,*,#5031,.F.);
#6968=ORIENTED_EDGE('',*,*,#5032,.T.);
#6969=ORIENTED_EDGE('',*,*,#5033,.T.);
#6970=ORIENTED_EDGE('',*,*,#5030,.T.);
#6971=ORIENTED_EDGE('',*,*,#5034,.T.);
#6972=ORIENTED_EDGE('',*,*,#5015,.T.);
#6973=ORIENTED_EDGE('',*,*,#5035,.T.);
#6974=ORIENTED_EDGE('',*,*,#5031,.T.);
#6975=ORIENTED_EDGE('',*,*,#5036,.T.);
#6976=ORIENTED_EDGE('',*,*,#5029,.T.);
#6977=ORIENTED_EDGE('',*,*,#5037,.T.);
#6978=ORIENTED_EDGE('',*,*,#5025,.T.);
#6979=ORIENTED_EDGE('',*,*,#5038,.T.);
#6980=ORIENTED_EDGE('',*,*,#5023,.T.);
#6981=ORIENTED_EDGE('',*,*,#5039,.T.);
#6982=ORIENTED_EDGE('',*,*,#5011,.T.);
#6983=ORIENTED_EDGE('',*,*,#5040,.T.);
#6984=ORIENTED_EDGE('',*,*,#5014,.F.);
#6985=ORIENTED_EDGE('',*,*,#5022,.F.);
#6986=ORIENTED_EDGE('',*,*,#5019,.F.);
#6987=ORIENTED_EDGE('',*,*,#5041,.F.);
#6988=ORIENTED_EDGE('',*,*,#5042,.F.);
#6989=ORIENTED_EDGE('',*,*,#5043,.F.);
#6990=ORIENTED_EDGE('',*,*,#5044,.F.);
#6991=ORIENTED_EDGE('',*,*,#5045,.F.);
#6992=ORIENTED_EDGE('',*,*,#5020,.F.);
#6993=ORIENTED_EDGE('',*,*,#5036,.F.);
#6994=ORIENTED_EDGE('',*,*,#5033,.F.);
#6995=ORIENTED_EDGE('',*,*,#5046,.F.);
#6996=ORIENTED_EDGE('',*,*,#5047,.F.);
#6997=ORIENTED_EDGE('',*,*,#5048,.F.);
#6998=ORIENTED_EDGE('',*,*,#5049,.F.);
#6999=ORIENTED_EDGE('',*,*,#5050,.F.);
#7000=ORIENTED_EDGE('',*,*,#5021,.F.);
#7001=ORIENTED_EDGE('',*,*,#5039,.F.);
#7002=ORIENTED_EDGE('',*,*,#5037,.F.);
#7003=ORIENTED_EDGE('',*,*,#5035,.F.);
#7004=ORIENTED_EDGE('',*,*,#5051,.T.);
#7005=ORIENTED_EDGE('',*,*,#5051,.F.);
#7006=ORIENTED_EDGE('',*,*,#5052,.T.);
#7007=ORIENTED_EDGE('',*,*,#5053,.T.);
#7008=ORIENTED_EDGE('',*,*,#5052,.F.);
#7009=ORIENTED_EDGE('',*,*,#5053,.F.);
#7010=ORIENTED_EDGE('',*,*,#5027,.F.);
#7011=ORIENTED_EDGE('',*,*,#5054,.F.);
#7012=ORIENTED_EDGE('',*,*,#5055,.F.);
#7013=ORIENTED_EDGE('',*,*,#5056,.F.);
#7014=ORIENTED_EDGE('',*,*,#5057,.F.);
#7015=ORIENTED_EDGE('',*,*,#5058,.F.);
#7016=ORIENTED_EDGE('',*,*,#5034,.F.);
#7017=ORIENTED_EDGE('',*,*,#5038,.F.);
#7018=ORIENTED_EDGE('',*,*,#5013,.F.);
#7019=ORIENTED_EDGE('',*,*,#5059,.F.);
#7020=ORIENTED_EDGE('',*,*,#5060,.F.);
#7021=ORIENTED_EDGE('',*,*,#5061,.F.);
#7022=ORIENTED_EDGE('',*,*,#5062,.F.);
#7023=ORIENTED_EDGE('',*,*,#5063,.F.);
#7024=ORIENTED_EDGE('',*,*,#5028,.F.);
#7025=ORIENTED_EDGE('',*,*,#5040,.F.);
#7026=ORIENTED_EDGE('',*,*,#5064,.F.);
#7027=ORIENTED_EDGE('',*,*,#5041,.T.);
#7028=ORIENTED_EDGE('',*,*,#5018,.F.);
#7029=ORIENTED_EDGE('',*,*,#5050,.T.);
#7030=ORIENTED_EDGE('',*,*,#5065,.F.);
#7031=ORIENTED_EDGE('',*,*,#5066,.F.);
#7032=ORIENTED_EDGE('',*,*,#5067,.F.);
#7033=ORIENTED_EDGE('',*,*,#5048,.T.);
#7034=ORIENTED_EDGE('',*,*,#5068,.F.);
#7035=ORIENTED_EDGE('',*,*,#5069,.F.);
#7036=ORIENTED_EDGE('',*,*,#5070,.F.);
#7037=ORIENTED_EDGE('',*,*,#5046,.T.);
#7038=ORIENTED_EDGE('',*,*,#5032,.F.);
#7039=ORIENTED_EDGE('',*,*,#5058,.T.);
#7040=ORIENTED_EDGE('',*,*,#5071,.T.);
#7041=ORIENTED_EDGE('',*,*,#5072,.T.);
#7042=ORIENTED_EDGE('',*,*,#5073,.T.);
#7043=ORIENTED_EDGE('',*,*,#5056,.T.);
#7044=ORIENTED_EDGE('',*,*,#5074,.T.);
#7045=ORIENTED_EDGE('',*,*,#5075,.T.);
#7046=ORIENTED_EDGE('',*,*,#5076,.T.);
#7047=ORIENTED_EDGE('',*,*,#5054,.T.);
#7048=ORIENTED_EDGE('',*,*,#5026,.F.);
#7049=ORIENTED_EDGE('',*,*,#5063,.T.);
#7050=ORIENTED_EDGE('',*,*,#5077,.T.);
#7051=ORIENTED_EDGE('',*,*,#5078,.T.);
#7052=ORIENTED_EDGE('',*,*,#5079,.T.);
#7053=ORIENTED_EDGE('',*,*,#5061,.T.);
#7054=ORIENTED_EDGE('',*,*,#5080,.T.);
#7055=ORIENTED_EDGE('',*,*,#5081,.T.);
#7056=ORIENTED_EDGE('',*,*,#5082,.T.);
#7057=ORIENTED_EDGE('',*,*,#5059,.T.);
#7058=ORIENTED_EDGE('',*,*,#5012,.F.);
#7059=ORIENTED_EDGE('',*,*,#5045,.T.);
#7060=ORIENTED_EDGE('',*,*,#5083,.F.);
#7061=ORIENTED_EDGE('',*,*,#5084,.F.);
#7062=ORIENTED_EDGE('',*,*,#5085,.F.);
#7063=ORIENTED_EDGE('',*,*,#5043,.T.);
#7064=ORIENTED_EDGE('',*,*,#5086,.F.);
#7065=ORIENTED_EDGE('',*,*,#5087,.F.);
#7066=ORIENTED_EDGE('',*,*,#5088,.F.);
#7067=ORIENTED_EDGE('',*,*,#5089,.T.);
#7068=ORIENTED_EDGE('',*,*,#5090,.F.);
#7069=ORIENTED_EDGE('',*,*,#5091,.F.);
#7070=ORIENTED_EDGE('',*,*,#5092,.F.);
#7071=ORIENTED_EDGE('',*,*,#5091,.T.);
#7072=ORIENTED_EDGE('',*,*,#5093,.F.);
#7073=ORIENTED_EDGE('',*,*,#5094,.F.);
#7074=ORIENTED_EDGE('',*,*,#5095,.F.);
#7075=ORIENTED_EDGE('',*,*,#5094,.T.);
#7076=ORIENTED_EDGE('',*,*,#5096,.F.);
#7077=ORIENTED_EDGE('',*,*,#5097,.F.);
#7078=ORIENTED_EDGE('',*,*,#5098,.T.);
#7079=ORIENTED_EDGE('',*,*,#5088,.T.);
#7080=ORIENTED_EDGE('',*,*,#5092,.T.);
#7081=ORIENTED_EDGE('',*,*,#5095,.T.);
#7082=ORIENTED_EDGE('',*,*,#5096,.T.);
#7083=ORIENTED_EDGE('',*,*,#5093,.T.);
#7084=ORIENTED_EDGE('',*,*,#5090,.T.);
#7085=ORIENTED_EDGE('',*,*,#5099,.T.);
#7086=ORIENTED_EDGE('',*,*,#5100,.T.);
#7087=ORIENTED_EDGE('',*,*,#5101,.T.);
#7088=ORIENTED_EDGE('',*,*,#5102,.T.);
#7089=ORIENTED_EDGE('',*,*,#5103,.T.);
#7090=ORIENTED_EDGE('',*,*,#5104,.T.);
#7091=ORIENTED_EDGE('',*,*,#5105,.T.);
#7092=ORIENTED_EDGE('',*,*,#5106,.T.);
#7093=ORIENTED_EDGE('',*,*,#5107,.T.);
#7094=ORIENTED_EDGE('',*,*,#5108,.T.);
#7095=ORIENTED_EDGE('',*,*,#5109,.T.);
#7096=ORIENTED_EDGE('',*,*,#5110,.T.);
#7097=ORIENTED_EDGE('',*,*,#5111,.T.);
#7098=ORIENTED_EDGE('',*,*,#5112,.T.);
#7099=ORIENTED_EDGE('',*,*,#5113,.T.);
#7100=ORIENTED_EDGE('',*,*,#5114,.T.);
#7101=ORIENTED_EDGE('',*,*,#5115,.T.);
#7102=ORIENTED_EDGE('',*,*,#5116,.T.);
#7103=ORIENTED_EDGE('',*,*,#5117,.T.);
#7104=ORIENTED_EDGE('',*,*,#5118,.T.);
#7105=ORIENTED_EDGE('',*,*,#5119,.T.);
#7106=ORIENTED_EDGE('',*,*,#5120,.T.);
#7107=ORIENTED_EDGE('',*,*,#5121,.T.);
#7108=ORIENTED_EDGE('',*,*,#5122,.T.);
#7109=ORIENTED_EDGE('',*,*,#5123,.T.);
#7110=ORIENTED_EDGE('',*,*,#5124,.T.);
#7111=ORIENTED_EDGE('',*,*,#5125,.T.);
#7112=ORIENTED_EDGE('',*,*,#5126,.T.);
#7113=ORIENTED_EDGE('',*,*,#5127,.T.);
#7114=ORIENTED_EDGE('',*,*,#5128,.T.);
#7115=ORIENTED_EDGE('',*,*,#5129,.T.);
#7116=ORIENTED_EDGE('',*,*,#5130,.T.);
#7117=ORIENTED_EDGE('',*,*,#5131,.T.);
#7118=ORIENTED_EDGE('',*,*,#5132,.T.);
#7119=ORIENTED_EDGE('',*,*,#5133,.T.);
#7120=ORIENTED_EDGE('',*,*,#5134,.T.);
#7121=ORIENTED_EDGE('',*,*,#5135,.T.);
#7122=ORIENTED_EDGE('',*,*,#5136,.T.);
#7123=ORIENTED_EDGE('',*,*,#5137,.T.);
#7124=ORIENTED_EDGE('',*,*,#5138,.T.);
#7125=ORIENTED_EDGE('',*,*,#5139,.T.);
#7126=ORIENTED_EDGE('',*,*,#5140,.T.);
#7127=ORIENTED_EDGE('',*,*,#5141,.T.);
#7128=ORIENTED_EDGE('',*,*,#5142,.T.);
#7129=ORIENTED_EDGE('',*,*,#5143,.T.);
#7130=ORIENTED_EDGE('',*,*,#5144,.T.);
#7131=ORIENTED_EDGE('',*,*,#5145,.T.);
#7132=ORIENTED_EDGE('',*,*,#5146,.T.);
#7133=ORIENTED_EDGE('',*,*,#5147,.T.);
#7134=ORIENTED_EDGE('',*,*,#5148,.T.);
#7135=ORIENTED_EDGE('',*,*,#5149,.T.);
#7136=ORIENTED_EDGE('',*,*,#5150,.T.);
#7137=ORIENTED_EDGE('',*,*,#5151,.T.);
#7138=ORIENTED_EDGE('',*,*,#5152,.T.);
#7139=ORIENTED_EDGE('',*,*,#5153,.T.);
#7140=ORIENTED_EDGE('',*,*,#5154,.T.);
#7141=ORIENTED_EDGE('',*,*,#5155,.T.);
#7142=ORIENTED_EDGE('',*,*,#5156,.T.);
#7143=ORIENTED_EDGE('',*,*,#5157,.T.);
#7144=ORIENTED_EDGE('',*,*,#5158,.T.);
#7145=ORIENTED_EDGE('',*,*,#5159,.T.);
#7146=ORIENTED_EDGE('',*,*,#5160,.T.);
#7147=ORIENTED_EDGE('',*,*,#5161,.T.);
#7148=ORIENTED_EDGE('',*,*,#5162,.T.);
#7149=ORIENTED_EDGE('',*,*,#5163,.T.);
#7150=ORIENTED_EDGE('',*,*,#5164,.T.);
#7151=ORIENTED_EDGE('',*,*,#5165,.T.);
#7152=ORIENTED_EDGE('',*,*,#5166,.T.);
#7153=ORIENTED_EDGE('',*,*,#5167,.T.);
#7154=ORIENTED_EDGE('',*,*,#5168,.T.);
#7155=ORIENTED_EDGE('',*,*,#5169,.T.);
#7156=ORIENTED_EDGE('',*,*,#5170,.T.);
#7157=ORIENTED_EDGE('',*,*,#5171,.T.);
#7158=ORIENTED_EDGE('',*,*,#5172,.T.);
#7159=ORIENTED_EDGE('',*,*,#5173,.T.);
#7160=ORIENTED_EDGE('',*,*,#5174,.T.);
#7161=ORIENTED_EDGE('',*,*,#5175,.T.);
#7162=ORIENTED_EDGE('',*,*,#5176,.T.);
#7163=ORIENTED_EDGE('',*,*,#5177,.T.);
#7164=ORIENTED_EDGE('',*,*,#5178,.T.);
#7165=ORIENTED_EDGE('',*,*,#5179,.T.);
#7166=ORIENTED_EDGE('',*,*,#5180,.T.);
#7167=ORIENTED_EDGE('',*,*,#5181,.F.);
#7168=ORIENTED_EDGE('',*,*,#5182,.T.);
#7169=ORIENTED_EDGE('',*,*,#5183,.T.);
#7170=ORIENTED_EDGE('',*,*,#5184,.T.);
#7171=ORIENTED_EDGE('',*,*,#5185,.F.);
#7172=ORIENTED_EDGE('',*,*,#5186,.T.);
#7173=ORIENTED_EDGE('',*,*,#5187,.T.);
#7174=ORIENTED_EDGE('',*,*,#5188,.T.);
#7175=ORIENTED_EDGE('',*,*,#5189,.F.);
#7176=ORIENTED_EDGE('',*,*,#5190,.T.);
#7177=ORIENTED_EDGE('',*,*,#5191,.T.);
#7178=ORIENTED_EDGE('',*,*,#5192,.T.);
#7179=ORIENTED_EDGE('',*,*,#5193,.F.);
#7180=ORIENTED_EDGE('',*,*,#5194,.T.);
#7181=ORIENTED_EDGE('',*,*,#5195,.T.);
#7182=ORIENTED_EDGE('',*,*,#5196,.T.);
#7183=ORIENTED_EDGE('',*,*,#5197,.F.);
#7184=ORIENTED_EDGE('',*,*,#5198,.T.);
#7185=ORIENTED_EDGE('',*,*,#5199,.T.);
#7186=ORIENTED_EDGE('',*,*,#5200,.T.);
#7187=ORIENTED_EDGE('',*,*,#5201,.F.);
#7188=ORIENTED_EDGE('',*,*,#5202,.T.);
#7189=ORIENTED_EDGE('',*,*,#5203,.T.);
#7190=ORIENTED_EDGE('',*,*,#5204,.T.);
#7191=ORIENTED_EDGE('',*,*,#5205,.F.);
#7192=ORIENTED_EDGE('',*,*,#5206,.T.);
#7193=ORIENTED_EDGE('',*,*,#5207,.T.);
#7194=ORIENTED_EDGE('',*,*,#5208,.T.);
#7195=ORIENTED_EDGE('',*,*,#5209,.F.);
#7196=ORIENTED_EDGE('',*,*,#5210,.F.);
#7197=ORIENTED_EDGE('',*,*,#5211,.T.);
#7198=ORIENTED_EDGE('',*,*,#5212,.T.);
#7199=ORIENTED_EDGE('',*,*,#5213,.T.);
#7200=ORIENTED_EDGE('',*,*,#5214,.F.);
#7201=ORIENTED_EDGE('',*,*,#5215,.T.);
#7202=ORIENTED_EDGE('',*,*,#5216,.T.);
#7203=ORIENTED_EDGE('',*,*,#5217,.T.);
#7204=ORIENTED_EDGE('',*,*,#5218,.F.);
#7205=ORIENTED_EDGE('',*,*,#5219,.T.);
#7206=ORIENTED_EDGE('',*,*,#5220,.T.);
#7207=ORIENTED_EDGE('',*,*,#5221,.T.);
#7208=ORIENTED_EDGE('',*,*,#5222,.F.);
#7209=ORIENTED_EDGE('',*,*,#5223,.T.);
#7210=ORIENTED_EDGE('',*,*,#5224,.T.);
#7211=ORIENTED_EDGE('',*,*,#5225,.T.);
#7212=ORIENTED_EDGE('',*,*,#5226,.F.);
#7213=ORIENTED_EDGE('',*,*,#5227,.T.);
#7214=ORIENTED_EDGE('',*,*,#5228,.T.);
#7215=ORIENTED_EDGE('',*,*,#5229,.T.);
#7216=ORIENTED_EDGE('',*,*,#5230,.F.);
#7217=ORIENTED_EDGE('',*,*,#5231,.T.);
#7218=ORIENTED_EDGE('',*,*,#5232,.T.);
#7219=ORIENTED_EDGE('',*,*,#5233,.T.);
#7220=ORIENTED_EDGE('',*,*,#5234,.F.);
#7221=ORIENTED_EDGE('',*,*,#5235,.T.);
#7222=ORIENTED_EDGE('',*,*,#5236,.T.);
#7223=ORIENTED_EDGE('',*,*,#5237,.T.);
#7224=ORIENTED_EDGE('',*,*,#5238,.F.);
#7225=ORIENTED_EDGE('',*,*,#5239,.T.);
#7226=ORIENTED_EDGE('',*,*,#5240,.T.);
#7227=ORIENTED_EDGE('',*,*,#5241,.T.);
#7228=ORIENTED_EDGE('',*,*,#5242,.F.);
#7229=ORIENTED_EDGE('',*,*,#5243,.T.);
#7230=ORIENTED_EDGE('',*,*,#5244,.T.);
#7231=ORIENTED_EDGE('',*,*,#5245,.T.);
#7232=ORIENTED_EDGE('',*,*,#5246,.F.);
#7233=ORIENTED_EDGE('',*,*,#5247,.T.);
#7234=ORIENTED_EDGE('',*,*,#5248,.T.);
#7235=ORIENTED_EDGE('',*,*,#5249,.T.);
#7236=ORIENTED_EDGE('',*,*,#5250,.F.);
#7237=ORIENTED_EDGE('',*,*,#5251,.T.);
#7238=ORIENTED_EDGE('',*,*,#5252,.T.);
#7239=ORIENTED_EDGE('',*,*,#5253,.T.);
#7240=ORIENTED_EDGE('',*,*,#5254,.F.);
#7241=ORIENTED_EDGE('',*,*,#5255,.T.);
#7242=ORIENTED_EDGE('',*,*,#5256,.T.);
#7243=ORIENTED_EDGE('',*,*,#5257,.T.);
#7244=ORIENTED_EDGE('',*,*,#5258,.F.);
#7245=ORIENTED_EDGE('',*,*,#5259,.T.);
#7246=ORIENTED_EDGE('',*,*,#5260,.T.);
#7247=ORIENTED_EDGE('',*,*,#5261,.T.);
#7248=ORIENTED_EDGE('',*,*,#5262,.F.);
#7249=ORIENTED_EDGE('',*,*,#5263,.T.);
#7250=ORIENTED_EDGE('',*,*,#5264,.T.);
#7251=ORIENTED_EDGE('',*,*,#5265,.T.);
#7252=ORIENTED_EDGE('',*,*,#5266,.F.);
#7253=ORIENTED_EDGE('',*,*,#5267,.T.);
#7254=ORIENTED_EDGE('',*,*,#5268,.F.);
#7255=ORIENTED_EDGE('',*,*,#5269,.T.);
#7256=ORIENTED_EDGE('',*,*,#5114,.F.);
#7257=ORIENTED_EDGE('',*,*,#5270,.F.);
#7258=ORIENTED_EDGE('',*,*,#5271,.F.);
#7259=ORIENTED_EDGE('',*,*,#5270,.T.);
#7260=ORIENTED_EDGE('',*,*,#5113,.F.);
#7261=ORIENTED_EDGE('',*,*,#5272,.F.);
#7262=ORIENTED_EDGE('',*,*,#5273,.F.);
#7263=ORIENTED_EDGE('',*,*,#5272,.T.);
#7264=ORIENTED_EDGE('',*,*,#5112,.F.);
#7265=ORIENTED_EDGE('',*,*,#5274,.F.);
#7266=ORIENTED_EDGE('',*,*,#5273,.T.);
#7267=ORIENTED_EDGE('',*,*,#5275,.T.);
#7268=ORIENTED_EDGE('',*,*,#5268,.T.);
#7269=ORIENTED_EDGE('',*,*,#5271,.T.);
#7270=ORIENTED_EDGE('',*,*,#5276,.F.);
#7271=ORIENTED_EDGE('',*,*,#5277,.T.);
#7272=ORIENTED_EDGE('',*,*,#5147,.F.);
#7273=ORIENTED_EDGE('',*,*,#5278,.F.);
#7274=ORIENTED_EDGE('',*,*,#5279,.F.);
#7275=ORIENTED_EDGE('',*,*,#5278,.T.);
#7276=ORIENTED_EDGE('',*,*,#5146,.F.);
#7277=ORIENTED_EDGE('',*,*,#5280,.F.);
#7278=ORIENTED_EDGE('',*,*,#5281,.F.);
#7279=ORIENTED_EDGE('',*,*,#5280,.T.);
#7280=ORIENTED_EDGE('',*,*,#5145,.F.);
#7281=ORIENTED_EDGE('',*,*,#5282,.F.);
#7282=ORIENTED_EDGE('',*,*,#5283,.T.);
#7283=ORIENTED_EDGE('',*,*,#5276,.T.);
#7284=ORIENTED_EDGE('',*,*,#5279,.T.);
#7285=ORIENTED_EDGE('',*,*,#5281,.T.);
#7286=ORIENTED_EDGE('',*,*,#5284,.F.);
#7287=ORIENTED_EDGE('',*,*,#5285,.T.);
#7288=ORIENTED_EDGE('',*,*,#5138,.F.);
#7289=ORIENTED_EDGE('',*,*,#5286,.F.);
#7290=ORIENTED_EDGE('',*,*,#5287,.F.);
#7291=ORIENTED_EDGE('',*,*,#5286,.T.);
#7292=ORIENTED_EDGE('',*,*,#5137,.F.);
#7293=ORIENTED_EDGE('',*,*,#5288,.F.);
#7294=ORIENTED_EDGE('',*,*,#5289,.F.);
#7295=ORIENTED_EDGE('',*,*,#5290,.T.);
#7296=ORIENTED_EDGE('',*,*,#5139,.F.);
#7297=ORIENTED_EDGE('',*,*,#5285,.F.);
#7298=ORIENTED_EDGE('',*,*,#5289,.T.);
#7299=ORIENTED_EDGE('',*,*,#5284,.T.);
#7300=ORIENTED_EDGE('',*,*,#5287,.T.);
#7301=ORIENTED_EDGE('',*,*,#5291,.T.);
#7302=ORIENTED_EDGE('',*,*,#5292,.T.);
#7303=ORIENTED_EDGE('',*,*,#5293,.T.);
#7304=ORIENTED_EDGE('',*,*,#5252,.F.);
#7305=ORIENTED_EDGE('',*,*,#5294,.F.);
#7306=ORIENTED_EDGE('',*,*,#5295,.T.);
#7307=ORIENTED_EDGE('',*,*,#5294,.T.);
#7308=ORIENTED_EDGE('',*,*,#5251,.F.);
#7309=ORIENTED_EDGE('',*,*,#5296,.F.);
#7310=ORIENTED_EDGE('',*,*,#5297,.T.);
#7311=ORIENTED_EDGE('',*,*,#5298,.T.);
#7312=ORIENTED_EDGE('',*,*,#5253,.F.);
#7313=ORIENTED_EDGE('',*,*,#5293,.F.);
#7314=ORIENTED_EDGE('',*,*,#5297,.F.);
#7315=ORIENTED_EDGE('',*,*,#5292,.F.);
#7316=ORIENTED_EDGE('',*,*,#5295,.F.);
#7317=ORIENTED_EDGE('',*,*,#5299,.F.);
#7318=ORIENTED_EDGE('',*,*,#5300,.T.);
#7319=ORIENTED_EDGE('',*,*,#5301,.T.);
#7320=ORIENTED_EDGE('',*,*,#5224,.F.);
#7321=ORIENTED_EDGE('',*,*,#5302,.F.);
#7322=ORIENTED_EDGE('',*,*,#5303,.T.);
#7323=ORIENTED_EDGE('',*,*,#5302,.T.);
#7324=ORIENTED_EDGE('',*,*,#5223,.F.);
#7325=ORIENTED_EDGE('',*,*,#5304,.F.);
#7326=ORIENTED_EDGE('',*,*,#5305,.T.);
#7327=ORIENTED_EDGE('',*,*,#5306,.T.);
#7328=ORIENTED_EDGE('',*,*,#5225,.F.);
#7329=ORIENTED_EDGE('',*,*,#5301,.F.);
#7330=ORIENTED_EDGE('',*,*,#5305,.F.);
#7331=ORIENTED_EDGE('',*,*,#5300,.F.);
#7332=ORIENTED_EDGE('',*,*,#5303,.F.);
#7333=ORIENTED_EDGE('',*,*,#5307,.F.);
#7334=ORIENTED_EDGE('',*,*,#5065,.T.);
#7335=ORIENTED_EDGE('',*,*,#5308,.T.);
#7336=ORIENTED_EDGE('',*,*,#5309,.T.);
#7337=ORIENTED_EDGE('',*,*,#5310,.F.);
#7338=ORIENTED_EDGE('',*,*,#5311,.F.);
#7339=ORIENTED_EDGE('',*,*,#5066,.T.);
#7340=ORIENTED_EDGE('',*,*,#5311,.T.);
#7341=ORIENTED_EDGE('',*,*,#5312,.F.);
#7342=ORIENTED_EDGE('',*,*,#5313,.F.);
#7343=ORIENTED_EDGE('',*,*,#5314,.T.);
#7344=ORIENTED_EDGE('',*,*,#5067,.T.);
#7345=ORIENTED_EDGE('',*,*,#5313,.T.);
#7346=ORIENTED_EDGE('',*,*,#5315,.F.);
#7347=ORIENTED_EDGE('',*,*,#5316,.F.);
#7348=ORIENTED_EDGE('',*,*,#5049,.T.);
#7349=ORIENTED_EDGE('',*,*,#5314,.F.);
#7350=ORIENTED_EDGE('',*,*,#5317,.F.);
#7351=ORIENTED_EDGE('',*,*,#5308,.F.);
#7352=ORIENTED_EDGE('',*,*,#5315,.T.);
#7353=ORIENTED_EDGE('',*,*,#5312,.T.);
#7354=ORIENTED_EDGE('',*,*,#5310,.T.);
#7355=ORIENTED_EDGE('',*,*,#5318,.T.);
#7356=ORIENTED_EDGE('',*,*,#5319,.T.);
#7357=ORIENTED_EDGE('',*,*,#5320,.T.);
#7358=ORIENTED_EDGE('',*,*,#5321,.T.);
#7359=ORIENTED_EDGE('',*,*,#5322,.T.);
#7360=ORIENTED_EDGE('',*,*,#5323,.T.);
#7361=ORIENTED_EDGE('',*,*,#5324,.T.);
#7362=ORIENTED_EDGE('',*,*,#5325,.T.);
#7363=ORIENTED_EDGE('',*,*,#5326,.T.);
#7364=ORIENTED_EDGE('',*,*,#5327,.T.);
#7365=ORIENTED_EDGE('',*,*,#5328,.T.);
#7366=ORIENTED_EDGE('',*,*,#5329,.T.);
#7367=ORIENTED_EDGE('',*,*,#5330,.T.);
#7368=ORIENTED_EDGE('',*,*,#5331,.T.);
#7369=ORIENTED_EDGE('',*,*,#5332,.T.);
#7370=ORIENTED_EDGE('',*,*,#5333,.T.);
#7371=ORIENTED_EDGE('',*,*,#5334,.T.);
#7372=ORIENTED_EDGE('',*,*,#5335,.T.);
#7373=ORIENTED_EDGE('',*,*,#5336,.T.);
#7374=ORIENTED_EDGE('',*,*,#5337,.T.);
#7375=ORIENTED_EDGE('',*,*,#5338,.T.);
#7376=ORIENTED_EDGE('',*,*,#5339,.T.);
#7377=ORIENTED_EDGE('',*,*,#5340,.T.);
#7378=ORIENTED_EDGE('',*,*,#5341,.T.);
#7379=ORIENTED_EDGE('',*,*,#5342,.T.);
#7380=ORIENTED_EDGE('',*,*,#5343,.T.);
#7381=ORIENTED_EDGE('',*,*,#5344,.T.);
#7382=ORIENTED_EDGE('',*,*,#5345,.T.);
#7383=ORIENTED_EDGE('',*,*,#5346,.T.);
#7384=ORIENTED_EDGE('',*,*,#5347,.T.);
#7385=ORIENTED_EDGE('',*,*,#5348,.T.);
#7386=ORIENTED_EDGE('',*,*,#5349,.T.);
#7387=ORIENTED_EDGE('',*,*,#5350,.T.);
#7388=ORIENTED_EDGE('',*,*,#5351,.T.);
#7389=ORIENTED_EDGE('',*,*,#5352,.T.);
#7390=ORIENTED_EDGE('',*,*,#5196,.F.);
#7391=ORIENTED_EDGE('',*,*,#5353,.F.);
#7392=ORIENTED_EDGE('',*,*,#5354,.T.);
#7393=ORIENTED_EDGE('',*,*,#5353,.T.);
#7394=ORIENTED_EDGE('',*,*,#5195,.F.);
#7395=ORIENTED_EDGE('',*,*,#5355,.F.);
#7396=ORIENTED_EDGE('',*,*,#5356,.T.);
#7397=ORIENTED_EDGE('',*,*,#5355,.T.);
#7398=ORIENTED_EDGE('',*,*,#5194,.F.);
#7399=ORIENTED_EDGE('',*,*,#5357,.F.);
#7400=ORIENTED_EDGE('',*,*,#5356,.F.);
#7401=ORIENTED_EDGE('',*,*,#5358,.F.);
#7402=ORIENTED_EDGE('',*,*,#5351,.F.);
#7403=ORIENTED_EDGE('',*,*,#5354,.F.);
#7404=ORIENTED_EDGE('',*,*,#5359,.T.);
#7405=ORIENTED_EDGE('',*,*,#5360,.T.);
#7406=ORIENTED_EDGE('',*,*,#5211,.F.);
#7407=ORIENTED_EDGE('',*,*,#5361,.F.);
#7408=ORIENTED_EDGE('',*,*,#5362,.T.);
#7409=ORIENTED_EDGE('',*,*,#5363,.T.);
#7410=ORIENTED_EDGE('',*,*,#5213,.F.);
#7411=ORIENTED_EDGE('',*,*,#5364,.F.);
#7412=ORIENTED_EDGE('',*,*,#5365,.T.);
#7413=ORIENTED_EDGE('',*,*,#5364,.T.);
#7414=ORIENTED_EDGE('',*,*,#5212,.F.);
#7415=ORIENTED_EDGE('',*,*,#5360,.F.);
#7416=ORIENTED_EDGE('',*,*,#5365,.F.);
#7417=ORIENTED_EDGE('',*,*,#5359,.F.);
#7418=ORIENTED_EDGE('',*,*,#5366,.F.);
#7419=ORIENTED_EDGE('',*,*,#5362,.F.);
#7420=ORIENTED_EDGE('',*,*,#5367,.T.);
#7421=ORIENTED_EDGE('',*,*,#5368,.T.);
#7422=ORIENTED_EDGE('',*,*,#5264,.F.);
#7423=ORIENTED_EDGE('',*,*,#5369,.F.);
#7424=ORIENTED_EDGE('',*,*,#5370,.T.);
#7425=ORIENTED_EDGE('',*,*,#5369,.T.);
#7426=ORIENTED_EDGE('',*,*,#5263,.F.);
#7427=ORIENTED_EDGE('',*,*,#5371,.F.);
#7428=ORIENTED_EDGE('',*,*,#5372,.T.);
#7429=ORIENTED_EDGE('',*,*,#5373,.T.);
#7430=ORIENTED_EDGE('',*,*,#5265,.F.);
#7431=ORIENTED_EDGE('',*,*,#5368,.F.);
#7432=ORIENTED_EDGE('',*,*,#5372,.F.);
#7433=ORIENTED_EDGE('',*,*,#5367,.F.);
#7434=ORIENTED_EDGE('',*,*,#5370,.F.);
#7435=ORIENTED_EDGE('',*,*,#5374,.F.);
#7436=ORIENTED_EDGE('',*,*,#5375,.T.);
#7437=ORIENTED_EDGE('',*,*,#5376,.T.);
#7438=ORIENTED_EDGE('',*,*,#5240,.F.);
#7439=ORIENTED_EDGE('',*,*,#5377,.F.);
#7440=ORIENTED_EDGE('',*,*,#5378,.T.);
#7441=ORIENTED_EDGE('',*,*,#5377,.T.);
#7442=ORIENTED_EDGE('',*,*,#5239,.F.);
#7443=ORIENTED_EDGE('',*,*,#5379,.F.);
#7444=ORIENTED_EDGE('',*,*,#5380,.T.);
#7445=ORIENTED_EDGE('',*,*,#5381,.T.);
#7446=ORIENTED_EDGE('',*,*,#5241,.F.);
#7447=ORIENTED_EDGE('',*,*,#5376,.F.);
#7448=ORIENTED_EDGE('',*,*,#5380,.F.);
#7449=ORIENTED_EDGE('',*,*,#5375,.F.);
#7450=ORIENTED_EDGE('',*,*,#5378,.F.);
#7451=ORIENTED_EDGE('',*,*,#5382,.F.);
#7452=ORIENTED_EDGE('',*,*,#5072,.F.);
#7453=ORIENTED_EDGE('',*,*,#5383,.T.);
#7454=ORIENTED_EDGE('',*,*,#5343,.F.);
#7455=ORIENTED_EDGE('',*,*,#5384,.F.);
#7456=ORIENTED_EDGE('',*,*,#5073,.F.);
#7457=ORIENTED_EDGE('',*,*,#5384,.T.);
#7458=ORIENTED_EDGE('',*,*,#5342,.F.);
#7459=ORIENTED_EDGE('',*,*,#5385,.F.);
#7460=ORIENTED_EDGE('',*,*,#5386,.F.);
#7461=ORIENTED_EDGE('',*,*,#5387,.F.);
#7462=ORIENTED_EDGE('',*,*,#5388,.T.);
#7463=ORIENTED_EDGE('',*,*,#5344,.F.);
#7464=ORIENTED_EDGE('',*,*,#5383,.F.);
#7465=ORIENTED_EDGE('',*,*,#5071,.F.);
#7466=ORIENTED_EDGE('',*,*,#5057,.T.);
#7467=ORIENTED_EDGE('',*,*,#5386,.T.);
#7468=ORIENTED_EDGE('',*,*,#5389,.T.);
#7469=ORIENTED_EDGE('',*,*,#5387,.T.);
#7470=ORIENTED_EDGE('',*,*,#5390,.T.);
#7471=ORIENTED_EDGE('',*,*,#5391,.T.);
#7472=ORIENTED_EDGE('',*,*,#5232,.F.);
#7473=ORIENTED_EDGE('',*,*,#5392,.F.);
#7474=ORIENTED_EDGE('',*,*,#5393,.T.);
#7475=ORIENTED_EDGE('',*,*,#5392,.T.);
#7476=ORIENTED_EDGE('',*,*,#5231,.F.);
#7477=ORIENTED_EDGE('',*,*,#5394,.F.);
#7478=ORIENTED_EDGE('',*,*,#5395,.T.);
#7479=ORIENTED_EDGE('',*,*,#5396,.T.);
#7480=ORIENTED_EDGE('',*,*,#5233,.F.);
#7481=ORIENTED_EDGE('',*,*,#5391,.F.);
#7482=ORIENTED_EDGE('',*,*,#5395,.F.);
#7483=ORIENTED_EDGE('',*,*,#5390,.F.);
#7484=ORIENTED_EDGE('',*,*,#5393,.F.);
#7485=ORIENTED_EDGE('',*,*,#5397,.F.);
#7486=ORIENTED_EDGE('',*,*,#5398,.F.);
#7487=ORIENTED_EDGE('',*,*,#5399,.T.);
#7488=ORIENTED_EDGE('',*,*,#5165,.F.);
#7489=ORIENTED_EDGE('',*,*,#5400,.F.);
#7490=ORIENTED_EDGE('',*,*,#5401,.F.);
#7491=ORIENTED_EDGE('',*,*,#5402,.T.);
#7492=ORIENTED_EDGE('',*,*,#5167,.F.);
#7493=ORIENTED_EDGE('',*,*,#5403,.F.);
#7494=ORIENTED_EDGE('',*,*,#5404,.F.);
#7495=ORIENTED_EDGE('',*,*,#5403,.T.);
#7496=ORIENTED_EDGE('',*,*,#5166,.F.);
#7497=ORIENTED_EDGE('',*,*,#5399,.F.);
#7498=ORIENTED_EDGE('',*,*,#5404,.T.);
#7499=ORIENTED_EDGE('',*,*,#5398,.T.);
#7500=ORIENTED_EDGE('',*,*,#5405,.T.);
#7501=ORIENTED_EDGE('',*,*,#5401,.T.);
#7502=ORIENTED_EDGE('',*,*,#5406,.T.);
#7503=ORIENTED_EDGE('',*,*,#5407,.T.);
#7504=ORIENTED_EDGE('',*,*,#5184,.F.);
#7505=ORIENTED_EDGE('',*,*,#5408,.F.);
#7506=ORIENTED_EDGE('',*,*,#5409,.T.);
#7507=ORIENTED_EDGE('',*,*,#5408,.T.);
#7508=ORIENTED_EDGE('',*,*,#5183,.F.);
#7509=ORIENTED_EDGE('',*,*,#5410,.F.);
#7510=ORIENTED_EDGE('',*,*,#5411,.T.);
#7511=ORIENTED_EDGE('',*,*,#5410,.T.);
#7512=ORIENTED_EDGE('',*,*,#5182,.F.);
#7513=ORIENTED_EDGE('',*,*,#5412,.F.);
#7514=ORIENTED_EDGE('',*,*,#5411,.F.);
#7515=ORIENTED_EDGE('',*,*,#5413,.F.);
#7516=ORIENTED_EDGE('',*,*,#5406,.F.);
#7517=ORIENTED_EDGE('',*,*,#5409,.F.);
#7518=ORIENTED_EDGE('',*,*,#5414,.F.);
#7519=ORIENTED_EDGE('',*,*,#5415,.T.);
#7520=ORIENTED_EDGE('',*,*,#5150,.F.);
#7521=ORIENTED_EDGE('',*,*,#5416,.F.);
#7522=ORIENTED_EDGE('',*,*,#5417,.F.);
#7523=ORIENTED_EDGE('',*,*,#5416,.T.);
#7524=ORIENTED_EDGE('',*,*,#5149,.F.);
#7525=ORIENTED_EDGE('',*,*,#5418,.F.);
#7526=ORIENTED_EDGE('',*,*,#5419,.F.);
#7527=ORIENTED_EDGE('',*,*,#5420,.T.);
#7528=ORIENTED_EDGE('',*,*,#5151,.F.);
#7529=ORIENTED_EDGE('',*,*,#5415,.F.);
#7530=ORIENTED_EDGE('',*,*,#5419,.T.);
#7531=ORIENTED_EDGE('',*,*,#5414,.T.);
#7532=ORIENTED_EDGE('',*,*,#5417,.T.);
#7533=ORIENTED_EDGE('',*,*,#5421,.T.);
#7534=ORIENTED_EDGE('',*,*,#5075,.F.);
#7535=ORIENTED_EDGE('',*,*,#5422,.T.);
#7536=ORIENTED_EDGE('',*,*,#5339,.F.);
#7537=ORIENTED_EDGE('',*,*,#5423,.F.);
#7538=ORIENTED_EDGE('',*,*,#5076,.F.);
#7539=ORIENTED_EDGE('',*,*,#5423,.T.);
#7540=ORIENTED_EDGE('',*,*,#5338,.F.);
#7541=ORIENTED_EDGE('',*,*,#5424,.F.);
#7542=ORIENTED_EDGE('',*,*,#5425,.F.);
#7543=ORIENTED_EDGE('',*,*,#5426,.F.);
#7544=ORIENTED_EDGE('',*,*,#5427,.T.);
#7545=ORIENTED_EDGE('',*,*,#5340,.F.);
#7546=ORIENTED_EDGE('',*,*,#5422,.F.);
#7547=ORIENTED_EDGE('',*,*,#5074,.F.);
#7548=ORIENTED_EDGE('',*,*,#5055,.T.);
#7549=ORIENTED_EDGE('',*,*,#5425,.T.);
#7550=ORIENTED_EDGE('',*,*,#5428,.T.);
#7551=ORIENTED_EDGE('',*,*,#5426,.T.);
#7552=ORIENTED_EDGE('',*,*,#5429,.F.);
#7553=ORIENTED_EDGE('',*,*,#5430,.T.);
#7554=ORIENTED_EDGE('',*,*,#5331,.F.);
#7555=ORIENTED_EDGE('',*,*,#5431,.F.);
#7556=ORIENTED_EDGE('',*,*,#5080,.F.);
#7557=ORIENTED_EDGE('',*,*,#5081,.F.);
#7558=ORIENTED_EDGE('',*,*,#5431,.T.);
#7559=ORIENTED_EDGE('',*,*,#5330,.F.);
#7560=ORIENTED_EDGE('',*,*,#5432,.F.);
#7561=ORIENTED_EDGE('',*,*,#5082,.F.);
#7562=ORIENTED_EDGE('',*,*,#5432,.T.);
#7563=ORIENTED_EDGE('',*,*,#5329,.F.);
#7564=ORIENTED_EDGE('',*,*,#5433,.F.);
#7565=ORIENTED_EDGE('',*,*,#5434,.F.);
#7566=ORIENTED_EDGE('',*,*,#5060,.T.);
#7567=ORIENTED_EDGE('',*,*,#5434,.T.);
#7568=ORIENTED_EDGE('',*,*,#5435,.T.);
#7569=ORIENTED_EDGE('',*,*,#5429,.T.);
#7570=ORIENTED_EDGE('',*,*,#5436,.F.);
#7571=ORIENTED_EDGE('',*,*,#5437,.T.);
#7572=ORIENTED_EDGE('',*,*,#5161,.F.);
#7573=ORIENTED_EDGE('',*,*,#5438,.F.);
#7574=ORIENTED_EDGE('',*,*,#5439,.F.);
#7575=ORIENTED_EDGE('',*,*,#5440,.T.);
#7576=ORIENTED_EDGE('',*,*,#5163,.F.);
#7577=ORIENTED_EDGE('',*,*,#5441,.F.);
#7578=ORIENTED_EDGE('',*,*,#5442,.F.);
#7579=ORIENTED_EDGE('',*,*,#5441,.T.);
#7580=ORIENTED_EDGE('',*,*,#5162,.F.);
#7581=ORIENTED_EDGE('',*,*,#5437,.F.);
#7582=ORIENTED_EDGE('',*,*,#5442,.T.);
#7583=ORIENTED_EDGE('',*,*,#5436,.T.);
#7584=ORIENTED_EDGE('',*,*,#5443,.T.);
#7585=ORIENTED_EDGE('',*,*,#5439,.T.);
#7586=ORIENTED_EDGE('',*,*,#5444,.T.);
#7587=ORIENTED_EDGE('',*,*,#5445,.T.);
#7588=ORIENTED_EDGE('',*,*,#5220,.F.);
#7589=ORIENTED_EDGE('',*,*,#5446,.F.);
#7590=ORIENTED_EDGE('',*,*,#5447,.T.);
#7591=ORIENTED_EDGE('',*,*,#5446,.T.);
#7592=ORIENTED_EDGE('',*,*,#5219,.F.);
#7593=ORIENTED_EDGE('',*,*,#5448,.F.);
#7594=ORIENTED_EDGE('',*,*,#5449,.T.);
#7595=ORIENTED_EDGE('',*,*,#5450,.T.);
#7596=ORIENTED_EDGE('',*,*,#5221,.F.);
#7597=ORIENTED_EDGE('',*,*,#5445,.F.);
#7598=ORIENTED_EDGE('',*,*,#5449,.F.);
#7599=ORIENTED_EDGE('',*,*,#5444,.F.);
#7600=ORIENTED_EDGE('',*,*,#5447,.F.);
#7601=ORIENTED_EDGE('',*,*,#5451,.F.);
#7602=ORIENTED_EDGE('',*,*,#5452,.T.);
#7603=ORIENTED_EDGE('',*,*,#5453,.T.);
#7604=ORIENTED_EDGE('',*,*,#5200,.F.);
#7605=ORIENTED_EDGE('',*,*,#5454,.F.);
#7606=ORIENTED_EDGE('',*,*,#5455,.T.);
#7607=ORIENTED_EDGE('',*,*,#5454,.T.);
#7608=ORIENTED_EDGE('',*,*,#5199,.F.);
#7609=ORIENTED_EDGE('',*,*,#5456,.F.);
#7610=ORIENTED_EDGE('',*,*,#5457,.T.);
#7611=ORIENTED_EDGE('',*,*,#5456,.T.);
#7612=ORIENTED_EDGE('',*,*,#5198,.F.);
#7613=ORIENTED_EDGE('',*,*,#5458,.F.);
#7614=ORIENTED_EDGE('',*,*,#5457,.F.);
#7615=ORIENTED_EDGE('',*,*,#5459,.F.);
#7616=ORIENTED_EDGE('',*,*,#5452,.F.);
#7617=ORIENTED_EDGE('',*,*,#5455,.F.);
#7618=ORIENTED_EDGE('',*,*,#5460,.F.);
#7619=ORIENTED_EDGE('',*,*,#5461,.T.);
#7620=ORIENTED_EDGE('',*,*,#5179,.F.);
#7621=ORIENTED_EDGE('',*,*,#5462,.F.);
#7622=ORIENTED_EDGE('',*,*,#5463,.F.);
#7623=ORIENTED_EDGE('',*,*,#5462,.T.);
#7624=ORIENTED_EDGE('',*,*,#5178,.F.);
#7625=ORIENTED_EDGE('',*,*,#5464,.F.);
#7626=ORIENTED_EDGE('',*,*,#5465,.F.);
#7627=ORIENTED_EDGE('',*,*,#5464,.T.);
#7628=ORIENTED_EDGE('',*,*,#5177,.F.);
#7629=ORIENTED_EDGE('',*,*,#5466,.F.);
#7630=ORIENTED_EDGE('',*,*,#5467,.T.);
#7631=ORIENTED_EDGE('',*,*,#5460,.T.);
#7632=ORIENTED_EDGE('',*,*,#5463,.T.);
#7633=ORIENTED_EDGE('',*,*,#5465,.T.);
#7634=ORIENTED_EDGE('',*,*,#5468,.F.);
#7635=ORIENTED_EDGE('',*,*,#5469,.T.);
#7636=ORIENTED_EDGE('',*,*,#5170,.F.);
#7637=ORIENTED_EDGE('',*,*,#5470,.F.);
#7638=ORIENTED_EDGE('',*,*,#5471,.F.);
#7639=ORIENTED_EDGE('',*,*,#5470,.T.);
#7640=ORIENTED_EDGE('',*,*,#5169,.F.);
#7641=ORIENTED_EDGE('',*,*,#5472,.F.);
#7642=ORIENTED_EDGE('',*,*,#5473,.F.);
#7643=ORIENTED_EDGE('',*,*,#5474,.T.);
#7644=ORIENTED_EDGE('',*,*,#5171,.F.);
#7645=ORIENTED_EDGE('',*,*,#5469,.F.);
#7646=ORIENTED_EDGE('',*,*,#5473,.T.);
#7647=ORIENTED_EDGE('',*,*,#5468,.T.);
#7648=ORIENTED_EDGE('',*,*,#5471,.T.);
#7649=ORIENTED_EDGE('',*,*,#5475,.T.);
#7650=ORIENTED_EDGE('',*,*,#5476,.F.);
#7651=ORIENTED_EDGE('',*,*,#5477,.T.);
#7652=ORIENTED_EDGE('',*,*,#5159,.F.);
#7653=ORIENTED_EDGE('',*,*,#5478,.F.);
#7654=ORIENTED_EDGE('',*,*,#5479,.F.);
#7655=ORIENTED_EDGE('',*,*,#5478,.T.);
#7656=ORIENTED_EDGE('',*,*,#5158,.F.);
#7657=ORIENTED_EDGE('',*,*,#5480,.F.);
#7658=ORIENTED_EDGE('',*,*,#5481,.F.);
#7659=ORIENTED_EDGE('',*,*,#5480,.T.);
#7660=ORIENTED_EDGE('',*,*,#5157,.F.);
#7661=ORIENTED_EDGE('',*,*,#5482,.F.);
#7662=ORIENTED_EDGE('',*,*,#5481,.T.);
#7663=ORIENTED_EDGE('',*,*,#5483,.T.);
#7664=ORIENTED_EDGE('',*,*,#5476,.T.);
#7665=ORIENTED_EDGE('',*,*,#5479,.T.);
#7666=ORIENTED_EDGE('',*,*,#5484,.T.);
#7667=ORIENTED_EDGE('',*,*,#5485,.T.);
#7668=ORIENTED_EDGE('',*,*,#5216,.F.);
#7669=ORIENTED_EDGE('',*,*,#5486,.F.);
#7670=ORIENTED_EDGE('',*,*,#5487,.T.);
#7671=ORIENTED_EDGE('',*,*,#5486,.T.);
#7672=ORIENTED_EDGE('',*,*,#5215,.F.);
#7673=ORIENTED_EDGE('',*,*,#5488,.F.);
#7674=ORIENTED_EDGE('',*,*,#5489,.T.);
#7675=ORIENTED_EDGE('',*,*,#5490,.T.);
#7676=ORIENTED_EDGE('',*,*,#5217,.F.);
#7677=ORIENTED_EDGE('',*,*,#5485,.F.);
#7678=ORIENTED_EDGE('',*,*,#5489,.F.);
#7679=ORIENTED_EDGE('',*,*,#5484,.F.);
#7680=ORIENTED_EDGE('',*,*,#5487,.F.);
#7681=ORIENTED_EDGE('',*,*,#5491,.F.);
#7682=ORIENTED_EDGE('',*,*,#5492,.F.);
#7683=ORIENTED_EDGE('',*,*,#5493,.T.);
#7684=ORIENTED_EDGE('',*,*,#5154,.F.);
#7685=ORIENTED_EDGE('',*,*,#5494,.F.);
#7686=ORIENTED_EDGE('',*,*,#5495,.F.);
#7687=ORIENTED_EDGE('',*,*,#5494,.T.);
#7688=ORIENTED_EDGE('',*,*,#5153,.F.);
#7689=ORIENTED_EDGE('',*,*,#5496,.F.);
#7690=ORIENTED_EDGE('',*,*,#5497,.F.);
#7691=ORIENTED_EDGE('',*,*,#5498,.T.);
#7692=ORIENTED_EDGE('',*,*,#5155,.F.);
#7693=ORIENTED_EDGE('',*,*,#5493,.F.);
#7694=ORIENTED_EDGE('',*,*,#5497,.T.);
#7695=ORIENTED_EDGE('',*,*,#5492,.T.);
#7696=ORIENTED_EDGE('',*,*,#5495,.T.);
#7697=ORIENTED_EDGE('',*,*,#5499,.T.);
#7698=ORIENTED_EDGE('',*,*,#5500,.T.);
#7699=ORIENTED_EDGE('',*,*,#5501,.T.);
#7700=ORIENTED_EDGE('',*,*,#5192,.F.);
#7701=ORIENTED_EDGE('',*,*,#5502,.F.);
#7702=ORIENTED_EDGE('',*,*,#5503,.T.);
#7703=ORIENTED_EDGE('',*,*,#5502,.T.);
#7704=ORIENTED_EDGE('',*,*,#5191,.F.);
#7705=ORIENTED_EDGE('',*,*,#5504,.F.);
#7706=ORIENTED_EDGE('',*,*,#5505,.T.);
#7707=ORIENTED_EDGE('',*,*,#5504,.T.);
#7708=ORIENTED_EDGE('',*,*,#5190,.F.);
#7709=ORIENTED_EDGE('',*,*,#5506,.F.);
#7710=ORIENTED_EDGE('',*,*,#5505,.F.);
#7711=ORIENTED_EDGE('',*,*,#5507,.F.);
#7712=ORIENTED_EDGE('',*,*,#5500,.F.);
#7713=ORIENTED_EDGE('',*,*,#5503,.F.);
#7714=ORIENTED_EDGE('',*,*,#5508,.F.);
#7715=ORIENTED_EDGE('',*,*,#5509,.T.);
#7716=ORIENTED_EDGE('',*,*,#5173,.F.);
#7717=ORIENTED_EDGE('',*,*,#5510,.F.);
#7718=ORIENTED_EDGE('',*,*,#5511,.F.);
#7719=ORIENTED_EDGE('',*,*,#5512,.T.);
#7720=ORIENTED_EDGE('',*,*,#5175,.F.);
#7721=ORIENTED_EDGE('',*,*,#5513,.F.);
#7722=ORIENTED_EDGE('',*,*,#5514,.F.);
#7723=ORIENTED_EDGE('',*,*,#5513,.T.);
#7724=ORIENTED_EDGE('',*,*,#5174,.F.);
#7725=ORIENTED_EDGE('',*,*,#5509,.F.);
#7726=ORIENTED_EDGE('',*,*,#5514,.T.);
#7727=ORIENTED_EDGE('',*,*,#5508,.T.);
#7728=ORIENTED_EDGE('',*,*,#5515,.T.);
#7729=ORIENTED_EDGE('',*,*,#5511,.T.);
#7730=ORIENTED_EDGE('',*,*,#5516,.T.);
#7731=ORIENTED_EDGE('',*,*,#5064,.T.);
#7732=ORIENTED_EDGE('',*,*,#5517,.T.);
#7733=ORIENTED_EDGE('',*,*,#5320,.F.);
#7734=ORIENTED_EDGE('',*,*,#5518,.F.);
#7735=ORIENTED_EDGE('',*,*,#5086,.T.);
#7736=ORIENTED_EDGE('',*,*,#5519,.T.);
#7737=ORIENTED_EDGE('',*,*,#5520,.T.);
#7738=ORIENTED_EDGE('',*,*,#5322,.F.);
#7739=ORIENTED_EDGE('',*,*,#5521,.F.);
#7740=ORIENTED_EDGE('',*,*,#5087,.T.);
#7741=ORIENTED_EDGE('',*,*,#5521,.T.);
#7742=ORIENTED_EDGE('',*,*,#5321,.F.);
#7743=ORIENTED_EDGE('',*,*,#5517,.F.);
#7744=ORIENTED_EDGE('',*,*,#5042,.T.);
#7745=ORIENTED_EDGE('',*,*,#5516,.F.);
#7746=ORIENTED_EDGE('',*,*,#5522,.F.);
#7747=ORIENTED_EDGE('',*,*,#5519,.F.);
#7748=ORIENTED_EDGE('',*,*,#5523,.F.);
#7749=ORIENTED_EDGE('',*,*,#5524,.T.);
#7750=ORIENTED_EDGE('',*,*,#5127,.F.);
#7751=ORIENTED_EDGE('',*,*,#5525,.F.);
#7752=ORIENTED_EDGE('',*,*,#5526,.F.);
#7753=ORIENTED_EDGE('',*,*,#5525,.T.);
#7754=ORIENTED_EDGE('',*,*,#5126,.F.);
#7755=ORIENTED_EDGE('',*,*,#5527,.F.);
#7756=ORIENTED_EDGE('',*,*,#5528,.F.);
#7757=ORIENTED_EDGE('',*,*,#5527,.T.);
#7758=ORIENTED_EDGE('',*,*,#5125,.F.);
#7759=ORIENTED_EDGE('',*,*,#5529,.F.);
#7760=ORIENTED_EDGE('',*,*,#5530,.T.);
#7761=ORIENTED_EDGE('',*,*,#5523,.T.);
#7762=ORIENTED_EDGE('',*,*,#5526,.T.);
#7763=ORIENTED_EDGE('',*,*,#5528,.T.);
#7764=ORIENTED_EDGE('',*,*,#5531,.F.);
#7765=ORIENTED_EDGE('',*,*,#5532,.T.);
#7766=ORIENTED_EDGE('',*,*,#5120,.F.);
#7767=ORIENTED_EDGE('',*,*,#5533,.F.);
#7768=ORIENTED_EDGE('',*,*,#5534,.F.);
#7769=ORIENTED_EDGE('',*,*,#5535,.T.);
#7770=ORIENTED_EDGE('',*,*,#5122,.F.);
#7771=ORIENTED_EDGE('',*,*,#5536,.F.);
#7772=ORIENTED_EDGE('',*,*,#5537,.F.);
#7773=ORIENTED_EDGE('',*,*,#5536,.T.);
#7774=ORIENTED_EDGE('',*,*,#5121,.F.);
#7775=ORIENTED_EDGE('',*,*,#5532,.F.);
#7776=ORIENTED_EDGE('',*,*,#5537,.T.);
#7777=ORIENTED_EDGE('',*,*,#5531,.T.);
#7778=ORIENTED_EDGE('',*,*,#5538,.T.);
#7779=ORIENTED_EDGE('',*,*,#5534,.T.);
#7780=ORIENTED_EDGE('',*,*,#5539,.F.);
#7781=ORIENTED_EDGE('',*,*,#5540,.T.);
#7782=ORIENTED_EDGE('',*,*,#5101,.F.);
#7783=ORIENTED_EDGE('',*,*,#5541,.F.);
#7784=ORIENTED_EDGE('',*,*,#5542,.F.);
#7785=ORIENTED_EDGE('',*,*,#5541,.T.);
#7786=ORIENTED_EDGE('',*,*,#5100,.F.);
#7787=ORIENTED_EDGE('',*,*,#5543,.F.);
#7788=ORIENTED_EDGE('',*,*,#5544,.F.);
#7789=ORIENTED_EDGE('',*,*,#5545,.T.);
#7790=ORIENTED_EDGE('',*,*,#5102,.F.);
#7791=ORIENTED_EDGE('',*,*,#5540,.F.);
#7792=ORIENTED_EDGE('',*,*,#5544,.T.);
#7793=ORIENTED_EDGE('',*,*,#5539,.T.);
#7794=ORIENTED_EDGE('',*,*,#5542,.T.);
#7795=ORIENTED_EDGE('',*,*,#5546,.T.);
#7796=ORIENTED_EDGE('',*,*,#5547,.F.);
#7797=ORIENTED_EDGE('',*,*,#5548,.T.);
#7798=ORIENTED_EDGE('',*,*,#5104,.F.);
#7799=ORIENTED_EDGE('',*,*,#5549,.F.);
#7800=ORIENTED_EDGE('',*,*,#5550,.F.);
#7801=ORIENTED_EDGE('',*,*,#5551,.T.);
#7802=ORIENTED_EDGE('',*,*,#5106,.F.);
#7803=ORIENTED_EDGE('',*,*,#5552,.F.);
#7804=ORIENTED_EDGE('',*,*,#5553,.F.);
#7805=ORIENTED_EDGE('',*,*,#5552,.T.);
#7806=ORIENTED_EDGE('',*,*,#5105,.F.);
#7807=ORIENTED_EDGE('',*,*,#5548,.F.);
#7808=ORIENTED_EDGE('',*,*,#5553,.T.);
#7809=ORIENTED_EDGE('',*,*,#5547,.T.);
#7810=ORIENTED_EDGE('',*,*,#5554,.T.);
#7811=ORIENTED_EDGE('',*,*,#5550,.T.);
#7812=ORIENTED_EDGE('',*,*,#5555,.T.);
#7813=ORIENTED_EDGE('',*,*,#5556,.T.);
#7814=ORIENTED_EDGE('',*,*,#5248,.F.);
#7815=ORIENTED_EDGE('',*,*,#5557,.F.);
#7816=ORIENTED_EDGE('',*,*,#5558,.T.);
#7817=ORIENTED_EDGE('',*,*,#5557,.T.);
#7818=ORIENTED_EDGE('',*,*,#5247,.F.);
#7819=ORIENTED_EDGE('',*,*,#5559,.F.);
#7820=ORIENTED_EDGE('',*,*,#5560,.T.);
#7821=ORIENTED_EDGE('',*,*,#5561,.T.);
#7822=ORIENTED_EDGE('',*,*,#5249,.F.);
#7823=ORIENTED_EDGE('',*,*,#5556,.F.);
#7824=ORIENTED_EDGE('',*,*,#5560,.F.);
#7825=ORIENTED_EDGE('',*,*,#5555,.F.);
#7826=ORIENTED_EDGE('',*,*,#5558,.F.);
#7827=ORIENTED_EDGE('',*,*,#5562,.F.);
#7828=ORIENTED_EDGE('',*,*,#5563,.T.);
#7829=ORIENTED_EDGE('',*,*,#5564,.T.);
#7830=ORIENTED_EDGE('',*,*,#5260,.F.);
#7831=ORIENTED_EDGE('',*,*,#5565,.F.);
#7832=ORIENTED_EDGE('',*,*,#5566,.T.);
#7833=ORIENTED_EDGE('',*,*,#5565,.T.);
#7834=ORIENTED_EDGE('',*,*,#5259,.F.);
#7835=ORIENTED_EDGE('',*,*,#5567,.F.);
#7836=ORIENTED_EDGE('',*,*,#5568,.T.);
#7837=ORIENTED_EDGE('',*,*,#5569,.T.);
#7838=ORIENTED_EDGE('',*,*,#5261,.F.);
#7839=ORIENTED_EDGE('',*,*,#5564,.F.);
#7840=ORIENTED_EDGE('',*,*,#5568,.F.);
#7841=ORIENTED_EDGE('',*,*,#5563,.F.);
#7842=ORIENTED_EDGE('',*,*,#5566,.F.);
#7843=ORIENTED_EDGE('',*,*,#5570,.F.);
#7844=ORIENTED_EDGE('',*,*,#5068,.T.);
#7845=ORIENTED_EDGE('',*,*,#5571,.T.);
#7846=ORIENTED_EDGE('',*,*,#5572,.T.);
#7847=ORIENTED_EDGE('',*,*,#5349,.F.);
#7848=ORIENTED_EDGE('',*,*,#5573,.F.);
#7849=ORIENTED_EDGE('',*,*,#5069,.T.);
#7850=ORIENTED_EDGE('',*,*,#5573,.T.);
#7851=ORIENTED_EDGE('',*,*,#5348,.F.);
#7852=ORIENTED_EDGE('',*,*,#5574,.F.);
#7853=ORIENTED_EDGE('',*,*,#5575,.T.);
#7854=ORIENTED_EDGE('',*,*,#5070,.T.);
#7855=ORIENTED_EDGE('',*,*,#5574,.T.);
#7856=ORIENTED_EDGE('',*,*,#5347,.F.);
#7857=ORIENTED_EDGE('',*,*,#5576,.F.);
#7858=ORIENTED_EDGE('',*,*,#5047,.T.);
#7859=ORIENTED_EDGE('',*,*,#5575,.F.);
#7860=ORIENTED_EDGE('',*,*,#5577,.F.);
#7861=ORIENTED_EDGE('',*,*,#5571,.F.);
#7862=ORIENTED_EDGE('',*,*,#5578,.F.);
#7863=ORIENTED_EDGE('',*,*,#5579,.T.);
#7864=ORIENTED_EDGE('',*,*,#5109,.F.);
#7865=ORIENTED_EDGE('',*,*,#5580,.F.);
#7866=ORIENTED_EDGE('',*,*,#5581,.F.);
#7867=ORIENTED_EDGE('',*,*,#5580,.T.);
#7868=ORIENTED_EDGE('',*,*,#5108,.F.);
#7869=ORIENTED_EDGE('',*,*,#5582,.F.);
#7870=ORIENTED_EDGE('',*,*,#5583,.F.);
#7871=ORIENTED_EDGE('',*,*,#5584,.T.);
#7872=ORIENTED_EDGE('',*,*,#5110,.F.);
#7873=ORIENTED_EDGE('',*,*,#5579,.F.);
#7874=ORIENTED_EDGE('',*,*,#5583,.T.);
#7875=ORIENTED_EDGE('',*,*,#5578,.T.);
#7876=ORIENTED_EDGE('',*,*,#5581,.T.);
#7877=ORIENTED_EDGE('',*,*,#5585,.T.);
#7878=ORIENTED_EDGE('',*,*,#5586,.T.);
#7879=ORIENTED_EDGE('',*,*,#5587,.T.);
#7880=ORIENTED_EDGE('',*,*,#5188,.F.);
#7881=ORIENTED_EDGE('',*,*,#5588,.F.);
#7882=ORIENTED_EDGE('',*,*,#5589,.T.);
#7883=ORIENTED_EDGE('',*,*,#5588,.T.);
#7884=ORIENTED_EDGE('',*,*,#5187,.F.);
#7885=ORIENTED_EDGE('',*,*,#5590,.F.);
#7886=ORIENTED_EDGE('',*,*,#5591,.T.);
#7887=ORIENTED_EDGE('',*,*,#5590,.T.);
#7888=ORIENTED_EDGE('',*,*,#5186,.F.);
#7889=ORIENTED_EDGE('',*,*,#5592,.F.);
#7890=ORIENTED_EDGE('',*,*,#5591,.F.);
#7891=ORIENTED_EDGE('',*,*,#5593,.F.);
#7892=ORIENTED_EDGE('',*,*,#5586,.F.);
#7893=ORIENTED_EDGE('',*,*,#5589,.F.);
#7894=ORIENTED_EDGE('',*,*,#5079,.F.);
#7895=ORIENTED_EDGE('',*,*,#5594,.T.);
#7896=ORIENTED_EDGE('',*,*,#5333,.F.);
#7897=ORIENTED_EDGE('',*,*,#5595,.F.);
#7898=ORIENTED_EDGE('',*,*,#5596,.F.);
#7899=ORIENTED_EDGE('',*,*,#5597,.F.);
#7900=ORIENTED_EDGE('',*,*,#5598,.T.);
#7901=ORIENTED_EDGE('',*,*,#5335,.F.);
#7902=ORIENTED_EDGE('',*,*,#5599,.F.);
#7903=ORIENTED_EDGE('',*,*,#5077,.F.);
#7904=ORIENTED_EDGE('',*,*,#5078,.F.);
#7905=ORIENTED_EDGE('',*,*,#5599,.T.);
#7906=ORIENTED_EDGE('',*,*,#5334,.F.);
#7907=ORIENTED_EDGE('',*,*,#5594,.F.);
#7908=ORIENTED_EDGE('',*,*,#5062,.T.);
#7909=ORIENTED_EDGE('',*,*,#5596,.T.);
#7910=ORIENTED_EDGE('',*,*,#5600,.T.);
#7911=ORIENTED_EDGE('',*,*,#5597,.T.);
#7912=ORIENTED_EDGE('',*,*,#5601,.F.);
#7913=ORIENTED_EDGE('',*,*,#5602,.T.);
#7914=ORIENTED_EDGE('',*,*,#5135,.F.);
#7915=ORIENTED_EDGE('',*,*,#5603,.F.);
#7916=ORIENTED_EDGE('',*,*,#5604,.F.);
#7917=ORIENTED_EDGE('',*,*,#5603,.T.);
#7918=ORIENTED_EDGE('',*,*,#5134,.F.);
#7919=ORIENTED_EDGE('',*,*,#5605,.F.);
#7920=ORIENTED_EDGE('',*,*,#5606,.F.);
#7921=ORIENTED_EDGE('',*,*,#5605,.T.);
#7922=ORIENTED_EDGE('',*,*,#5133,.F.);
#7923=ORIENTED_EDGE('',*,*,#5607,.F.);
#7924=ORIENTED_EDGE('',*,*,#5608,.T.);
#7925=ORIENTED_EDGE('',*,*,#5601,.T.);
#7926=ORIENTED_EDGE('',*,*,#5604,.T.);
#7927=ORIENTED_EDGE('',*,*,#5606,.T.);
#7928=ORIENTED_EDGE('',*,*,#5083,.T.);
#7929=ORIENTED_EDGE('',*,*,#5609,.T.);
#7930=ORIENTED_EDGE('',*,*,#5610,.T.);
#7931=ORIENTED_EDGE('',*,*,#5326,.F.);
#7932=ORIENTED_EDGE('',*,*,#5611,.F.);
#7933=ORIENTED_EDGE('',*,*,#5084,.T.);
#7934=ORIENTED_EDGE('',*,*,#5611,.T.);
#7935=ORIENTED_EDGE('',*,*,#5325,.F.);
#7936=ORIENTED_EDGE('',*,*,#5612,.F.);
#7937=ORIENTED_EDGE('',*,*,#5613,.T.);
#7938=ORIENTED_EDGE('',*,*,#5085,.T.);
#7939=ORIENTED_EDGE('',*,*,#5612,.T.);
#7940=ORIENTED_EDGE('',*,*,#5324,.F.);
#7941=ORIENTED_EDGE('',*,*,#5614,.F.);
#7942=ORIENTED_EDGE('',*,*,#5044,.T.);
#7943=ORIENTED_EDGE('',*,*,#5613,.F.);
#7944=ORIENTED_EDGE('',*,*,#5615,.F.);
#7945=ORIENTED_EDGE('',*,*,#5609,.F.);
#7946=ORIENTED_EDGE('',*,*,#5616,.F.);
#7947=ORIENTED_EDGE('',*,*,#5617,.T.);
#7948=ORIENTED_EDGE('',*,*,#5117,.F.);
#7949=ORIENTED_EDGE('',*,*,#5618,.F.);
#7950=ORIENTED_EDGE('',*,*,#5619,.F.);
#7951=ORIENTED_EDGE('',*,*,#5618,.T.);
#7952=ORIENTED_EDGE('',*,*,#5116,.F.);
#7953=ORIENTED_EDGE('',*,*,#5620,.F.);
#7954=ORIENTED_EDGE('',*,*,#5621,.F.);
#7955=ORIENTED_EDGE('',*,*,#5620,.T.);
#7956=ORIENTED_EDGE('',*,*,#5115,.F.);
#7957=ORIENTED_EDGE('',*,*,#5269,.F.);
#7958=ORIENTED_EDGE('',*,*,#5275,.F.);
#7959=ORIENTED_EDGE('',*,*,#5274,.T.);
#7960=ORIENTED_EDGE('',*,*,#5111,.F.);
#7961=ORIENTED_EDGE('',*,*,#5584,.F.);
#7962=ORIENTED_EDGE('',*,*,#5585,.F.);
#7963=ORIENTED_EDGE('',*,*,#5582,.T.);
#7964=ORIENTED_EDGE('',*,*,#5107,.F.);
#7965=ORIENTED_EDGE('',*,*,#5551,.F.);
#7966=ORIENTED_EDGE('',*,*,#5554,.F.);
#7967=ORIENTED_EDGE('',*,*,#5549,.T.);
#7968=ORIENTED_EDGE('',*,*,#5103,.F.);
#7969=ORIENTED_EDGE('',*,*,#5545,.F.);
#7970=ORIENTED_EDGE('',*,*,#5546,.F.);
#7971=ORIENTED_EDGE('',*,*,#5543,.T.);
#7972=ORIENTED_EDGE('',*,*,#5099,.F.);
#7973=ORIENTED_EDGE('',*,*,#5089,.F.);
#7974=ORIENTED_EDGE('',*,*,#5098,.F.);
#7975=ORIENTED_EDGE('',*,*,#5097,.T.);
#7976=ORIENTED_EDGE('',*,*,#5267,.F.);
#7977=ORIENTED_EDGE('',*,*,#5622,.T.);
#7978=ORIENTED_EDGE('',*,*,#5327,.F.);
#7979=ORIENTED_EDGE('',*,*,#5610,.F.);
#7980=ORIENTED_EDGE('',*,*,#5615,.T.);
#7981=ORIENTED_EDGE('',*,*,#5614,.T.);
#7982=ORIENTED_EDGE('',*,*,#5323,.F.);
#7983=ORIENTED_EDGE('',*,*,#5520,.F.);
#7984=ORIENTED_EDGE('',*,*,#5522,.T.);
#7985=ORIENTED_EDGE('',*,*,#5518,.T.);
#7986=ORIENTED_EDGE('',*,*,#5319,.F.);
#7987=ORIENTED_EDGE('',*,*,#5623,.F.);
#7988=ORIENTED_EDGE('',*,*,#5123,.F.);
#7989=ORIENTED_EDGE('',*,*,#5535,.F.);
#7990=ORIENTED_EDGE('',*,*,#5538,.F.);
#7991=ORIENTED_EDGE('',*,*,#5533,.T.);
#7992=ORIENTED_EDGE('',*,*,#5119,.F.);
#7993=ORIENTED_EDGE('',*,*,#5624,.F.);
#7994=ORIENTED_EDGE('',*,*,#5625,.F.);
#7995=ORIENTED_EDGE('',*,*,#5624,.T.);
#7996=ORIENTED_EDGE('',*,*,#5118,.F.);
#7997=ORIENTED_EDGE('',*,*,#5617,.F.);
#7998=ORIENTED_EDGE('',*,*,#5625,.T.);
#7999=ORIENTED_EDGE('',*,*,#5616,.T.);
#8000=ORIENTED_EDGE('',*,*,#5619,.T.);
#8001=ORIENTED_EDGE('',*,*,#5621,.T.);
#8002=ORIENTED_EDGE('',*,*,#5626,.T.);
#8003=ORIENTED_EDGE('',*,*,#5627,.T.);
#8004=ORIENTED_EDGE('',*,*,#5256,.F.);
#8005=ORIENTED_EDGE('',*,*,#5628,.F.);
#8006=ORIENTED_EDGE('',*,*,#5629,.T.);
#8007=ORIENTED_EDGE('',*,*,#5628,.T.);
#8008=ORIENTED_EDGE('',*,*,#5255,.F.);
#8009=ORIENTED_EDGE('',*,*,#5630,.F.);
#8010=ORIENTED_EDGE('',*,*,#5631,.T.);
#8011=ORIENTED_EDGE('',*,*,#5632,.T.);
#8012=ORIENTED_EDGE('',*,*,#5257,.F.);
#8013=ORIENTED_EDGE('',*,*,#5627,.F.);
#8014=ORIENTED_EDGE('',*,*,#5631,.F.);
#8015=ORIENTED_EDGE('',*,*,#5626,.F.);
#8016=ORIENTED_EDGE('',*,*,#5629,.F.);
#8017=ORIENTED_EDGE('',*,*,#5633,.F.);
#8018=ORIENTED_EDGE('',*,*,#5634,.T.);
#8019=ORIENTED_EDGE('',*,*,#5635,.T.);
#8020=ORIENTED_EDGE('',*,*,#5204,.F.);
#8021=ORIENTED_EDGE('',*,*,#5636,.F.);
#8022=ORIENTED_EDGE('',*,*,#5637,.T.);
#8023=ORIENTED_EDGE('',*,*,#5636,.T.);
#8024=ORIENTED_EDGE('',*,*,#5203,.F.);
#8025=ORIENTED_EDGE('',*,*,#5638,.F.);
#8026=ORIENTED_EDGE('',*,*,#5639,.T.);
#8027=ORIENTED_EDGE('',*,*,#5638,.T.);
#8028=ORIENTED_EDGE('',*,*,#5202,.F.);
#8029=ORIENTED_EDGE('',*,*,#5640,.F.);
#8030=ORIENTED_EDGE('',*,*,#5639,.F.);
#8031=ORIENTED_EDGE('',*,*,#5641,.F.);
#8032=ORIENTED_EDGE('',*,*,#5634,.F.);
#8033=ORIENTED_EDGE('',*,*,#5637,.F.);
#8034=ORIENTED_EDGE('',*,*,#5642,.T.);
#8035=ORIENTED_EDGE('',*,*,#5643,.T.);
#8036=ORIENTED_EDGE('',*,*,#5236,.F.);
#8037=ORIENTED_EDGE('',*,*,#5644,.F.);
#8038=ORIENTED_EDGE('',*,*,#5645,.T.);
#8039=ORIENTED_EDGE('',*,*,#5644,.T.);
#8040=ORIENTED_EDGE('',*,*,#5235,.F.);
#8041=ORIENTED_EDGE('',*,*,#5646,.F.);
#8042=ORIENTED_EDGE('',*,*,#5647,.T.);
#8043=ORIENTED_EDGE('',*,*,#5648,.T.);
#8044=ORIENTED_EDGE('',*,*,#5237,.F.);
#8045=ORIENTED_EDGE('',*,*,#5643,.F.);
#8046=ORIENTED_EDGE('',*,*,#5647,.F.);
#8047=ORIENTED_EDGE('',*,*,#5642,.F.);
#8048=ORIENTED_EDGE('',*,*,#5645,.F.);
#8049=ORIENTED_EDGE('',*,*,#5649,.F.);
#8050=ORIENTED_EDGE('',*,*,#5650,.T.);
#8051=ORIENTED_EDGE('',*,*,#5651,.T.);
#8052=ORIENTED_EDGE('',*,*,#5205,.T.);
#8053=ORIENTED_EDGE('',*,*,#5635,.F.);
#8054=ORIENTED_EDGE('',*,*,#5641,.T.);
#8055=ORIENTED_EDGE('',*,*,#5640,.T.);
#8056=ORIENTED_EDGE('',*,*,#5201,.T.);
#8057=ORIENTED_EDGE('',*,*,#5453,.F.);
#8058=ORIENTED_EDGE('',*,*,#5459,.T.);
#8059=ORIENTED_EDGE('',*,*,#5458,.T.);
#8060=ORIENTED_EDGE('',*,*,#5197,.T.);
#8061=ORIENTED_EDGE('',*,*,#5352,.F.);
#8062=ORIENTED_EDGE('',*,*,#5358,.T.);
#8063=ORIENTED_EDGE('',*,*,#5357,.T.);
#8064=ORIENTED_EDGE('',*,*,#5193,.T.);
#8065=ORIENTED_EDGE('',*,*,#5501,.F.);
#8066=ORIENTED_EDGE('',*,*,#5507,.T.);
#8067=ORIENTED_EDGE('',*,*,#5506,.T.);
#8068=ORIENTED_EDGE('',*,*,#5189,.T.);
#8069=ORIENTED_EDGE('',*,*,#5587,.F.);
#8070=ORIENTED_EDGE('',*,*,#5593,.T.);
#8071=ORIENTED_EDGE('',*,*,#5592,.T.);
#8072=ORIENTED_EDGE('',*,*,#5185,.T.);
#8073=ORIENTED_EDGE('',*,*,#5407,.F.);
#8074=ORIENTED_EDGE('',*,*,#5413,.T.);
#8075=ORIENTED_EDGE('',*,*,#5412,.T.);
#8076=ORIENTED_EDGE('',*,*,#5181,.T.);
#8077=ORIENTED_EDGE('',*,*,#5652,.T.);
#8078=ORIENTED_EDGE('',*,*,#5345,.F.);
#8079=ORIENTED_EDGE('',*,*,#5388,.F.);
#8080=ORIENTED_EDGE('',*,*,#5389,.F.);
#8081=ORIENTED_EDGE('',*,*,#5385,.T.);
#8082=ORIENTED_EDGE('',*,*,#5341,.F.);
#8083=ORIENTED_EDGE('',*,*,#5427,.F.);
#8084=ORIENTED_EDGE('',*,*,#5428,.F.);
#8085=ORIENTED_EDGE('',*,*,#5424,.T.);
#8086=ORIENTED_EDGE('',*,*,#5337,.F.);
#8087=ORIENTED_EDGE('',*,*,#5653,.F.);
#8088=ORIENTED_EDGE('',*,*,#5209,.T.);
#8089=ORIENTED_EDGE('',*,*,#5654,.F.);
#8090=ORIENTED_EDGE('',*,*,#5655,.T.);
#8091=ORIENTED_EDGE('',*,*,#5654,.T.);
#8092=ORIENTED_EDGE('',*,*,#5208,.F.);
#8093=ORIENTED_EDGE('',*,*,#5656,.F.);
#8094=ORIENTED_EDGE('',*,*,#5657,.T.);
#8095=ORIENTED_EDGE('',*,*,#5656,.T.);
#8096=ORIENTED_EDGE('',*,*,#5207,.F.);
#8097=ORIENTED_EDGE('',*,*,#5658,.F.);
#8098=ORIENTED_EDGE('',*,*,#5659,.T.);
#8099=ORIENTED_EDGE('',*,*,#5658,.T.);
#8100=ORIENTED_EDGE('',*,*,#5206,.F.);
#8101=ORIENTED_EDGE('',*,*,#5651,.F.);
#8102=ORIENTED_EDGE('',*,*,#5659,.F.);
#8103=ORIENTED_EDGE('',*,*,#5650,.F.);
#8104=ORIENTED_EDGE('',*,*,#5655,.F.);
#8105=ORIENTED_EDGE('',*,*,#5657,.F.);
#8106=ORIENTED_EDGE('',*,*,#5660,.T.);
#8107=ORIENTED_EDGE('',*,*,#5661,.T.);
#8108=ORIENTED_EDGE('',*,*,#5228,.F.);
#8109=ORIENTED_EDGE('',*,*,#5662,.F.);
#8110=ORIENTED_EDGE('',*,*,#5663,.T.);
#8111=ORIENTED_EDGE('',*,*,#5662,.T.);
#8112=ORIENTED_EDGE('',*,*,#5227,.F.);
#8113=ORIENTED_EDGE('',*,*,#5664,.F.);
#8114=ORIENTED_EDGE('',*,*,#5665,.T.);
#8115=ORIENTED_EDGE('',*,*,#5666,.T.);
#8116=ORIENTED_EDGE('',*,*,#5229,.F.);
#8117=ORIENTED_EDGE('',*,*,#5661,.F.);
#8118=ORIENTED_EDGE('',*,*,#5665,.F.);
#8119=ORIENTED_EDGE('',*,*,#5660,.F.);
#8120=ORIENTED_EDGE('',*,*,#5663,.F.);
#8121=ORIENTED_EDGE('',*,*,#5667,.F.);
#8122=ORIENTED_EDGE('',*,*,#5668,.T.);
#8123=ORIENTED_EDGE('',*,*,#5669,.T.);
#8124=ORIENTED_EDGE('',*,*,#5244,.F.);
#8125=ORIENTED_EDGE('',*,*,#5670,.F.);
#8126=ORIENTED_EDGE('',*,*,#5671,.T.);
#8127=ORIENTED_EDGE('',*,*,#5670,.T.);
#8128=ORIENTED_EDGE('',*,*,#5243,.F.);
#8129=ORIENTED_EDGE('',*,*,#5672,.F.);
#8130=ORIENTED_EDGE('',*,*,#5673,.T.);
#8131=ORIENTED_EDGE('',*,*,#5672,.T.);
#8132=ORIENTED_EDGE('',*,*,#5242,.T.);
#8133=ORIENTED_EDGE('',*,*,#5381,.F.);
#8134=ORIENTED_EDGE('',*,*,#5382,.T.);
#8135=ORIENTED_EDGE('',*,*,#5379,.T.);
#8136=ORIENTED_EDGE('',*,*,#5238,.T.);
#8137=ORIENTED_EDGE('',*,*,#5648,.F.);
#8138=ORIENTED_EDGE('',*,*,#5649,.T.);
#8139=ORIENTED_EDGE('',*,*,#5646,.T.);
#8140=ORIENTED_EDGE('',*,*,#5234,.T.);
#8141=ORIENTED_EDGE('',*,*,#5396,.F.);
#8142=ORIENTED_EDGE('',*,*,#5397,.T.);
#8143=ORIENTED_EDGE('',*,*,#5394,.T.);
#8144=ORIENTED_EDGE('',*,*,#5230,.T.);
#8145=ORIENTED_EDGE('',*,*,#5666,.F.);
#8146=ORIENTED_EDGE('',*,*,#5667,.T.);
#8147=ORIENTED_EDGE('',*,*,#5664,.T.);
#8148=ORIENTED_EDGE('',*,*,#5226,.T.);
#8149=ORIENTED_EDGE('',*,*,#5306,.F.);
#8150=ORIENTED_EDGE('',*,*,#5307,.T.);
#8151=ORIENTED_EDGE('',*,*,#5304,.T.);
#8152=ORIENTED_EDGE('',*,*,#5222,.T.);
#8153=ORIENTED_EDGE('',*,*,#5450,.F.);
#8154=ORIENTED_EDGE('',*,*,#5451,.T.);
#8155=ORIENTED_EDGE('',*,*,#5448,.T.);
#8156=ORIENTED_EDGE('',*,*,#5218,.T.);
#8157=ORIENTED_EDGE('',*,*,#5490,.F.);
#8158=ORIENTED_EDGE('',*,*,#5491,.T.);
#8159=ORIENTED_EDGE('',*,*,#5488,.T.);
#8160=ORIENTED_EDGE('',*,*,#5214,.T.);
#8161=ORIENTED_EDGE('',*,*,#5363,.F.);
#8162=ORIENTED_EDGE('',*,*,#5366,.T.);
#8163=ORIENTED_EDGE('',*,*,#5361,.T.);
#8164=ORIENTED_EDGE('',*,*,#5210,.T.);
#8165=ORIENTED_EDGE('',*,*,#5653,.T.);
#8166=ORIENTED_EDGE('',*,*,#5336,.F.);
#8167=ORIENTED_EDGE('',*,*,#5598,.F.);
#8168=ORIENTED_EDGE('',*,*,#5600,.F.);
#8169=ORIENTED_EDGE('',*,*,#5595,.T.);
#8170=ORIENTED_EDGE('',*,*,#5332,.F.);
#8171=ORIENTED_EDGE('',*,*,#5430,.F.);
#8172=ORIENTED_EDGE('',*,*,#5435,.F.);
#8173=ORIENTED_EDGE('',*,*,#5433,.T.);
#8174=ORIENTED_EDGE('',*,*,#5328,.F.);
#8175=ORIENTED_EDGE('',*,*,#5622,.F.);
#8176=ORIENTED_EDGE('',*,*,#5266,.T.);
#8177=ORIENTED_EDGE('',*,*,#5373,.F.);
#8178=ORIENTED_EDGE('',*,*,#5374,.T.);
#8179=ORIENTED_EDGE('',*,*,#5371,.T.);
#8180=ORIENTED_EDGE('',*,*,#5262,.T.);
#8181=ORIENTED_EDGE('',*,*,#5569,.F.);
#8182=ORIENTED_EDGE('',*,*,#5570,.T.);
#8183=ORIENTED_EDGE('',*,*,#5567,.T.);
#8184=ORIENTED_EDGE('',*,*,#5258,.T.);
#8185=ORIENTED_EDGE('',*,*,#5632,.F.);
#8186=ORIENTED_EDGE('',*,*,#5633,.T.);
#8187=ORIENTED_EDGE('',*,*,#5630,.T.);
#8188=ORIENTED_EDGE('',*,*,#5254,.T.);
#8189=ORIENTED_EDGE('',*,*,#5298,.F.);
#8190=ORIENTED_EDGE('',*,*,#5299,.T.);
#8191=ORIENTED_EDGE('',*,*,#5296,.T.);
#8192=ORIENTED_EDGE('',*,*,#5250,.T.);
#8193=ORIENTED_EDGE('',*,*,#5561,.F.);
#8194=ORIENTED_EDGE('',*,*,#5562,.T.);
#8195=ORIENTED_EDGE('',*,*,#5559,.T.);
#8196=ORIENTED_EDGE('',*,*,#5246,.T.);
#8197=ORIENTED_EDGE('',*,*,#5674,.F.);
#8198=ORIENTED_EDGE('',*,*,#5675,.T.);
#8199=ORIENTED_EDGE('',*,*,#5674,.T.);
#8200=ORIENTED_EDGE('',*,*,#5245,.F.);
#8201=ORIENTED_EDGE('',*,*,#5669,.F.);
#8202=ORIENTED_EDGE('',*,*,#5675,.F.);
#8203=ORIENTED_EDGE('',*,*,#5668,.F.);
#8204=ORIENTED_EDGE('',*,*,#5671,.F.);
#8205=ORIENTED_EDGE('',*,*,#5673,.F.);
#8206=ORIENTED_EDGE('',*,*,#5676,.F.);
#8207=ORIENTED_EDGE('',*,*,#5677,.T.);
#8208=ORIENTED_EDGE('',*,*,#5143,.F.);
#8209=ORIENTED_EDGE('',*,*,#5678,.F.);
#8210=ORIENTED_EDGE('',*,*,#5679,.F.);
#8211=ORIENTED_EDGE('',*,*,#5678,.T.);
#8212=ORIENTED_EDGE('',*,*,#5142,.F.);
#8213=ORIENTED_EDGE('',*,*,#5680,.F.);
#8214=ORIENTED_EDGE('',*,*,#5681,.F.);
#8215=ORIENTED_EDGE('',*,*,#5680,.T.);
#8216=ORIENTED_EDGE('',*,*,#5141,.F.);
#8217=ORIENTED_EDGE('',*,*,#5682,.F.);
#8218=ORIENTED_EDGE('',*,*,#5681,.T.);
#8219=ORIENTED_EDGE('',*,*,#5683,.T.);
#8220=ORIENTED_EDGE('',*,*,#5676,.T.);
#8221=ORIENTED_EDGE('',*,*,#5679,.T.);
#8222=ORIENTED_EDGE('',*,*,#5684,.F.);
#8223=ORIENTED_EDGE('',*,*,#5685,.T.);
#8224=ORIENTED_EDGE('',*,*,#5131,.F.);
#8225=ORIENTED_EDGE('',*,*,#5686,.F.);
#8226=ORIENTED_EDGE('',*,*,#5687,.F.);
#8227=ORIENTED_EDGE('',*,*,#5686,.T.);
#8228=ORIENTED_EDGE('',*,*,#5130,.F.);
#8229=ORIENTED_EDGE('',*,*,#5688,.F.);
#8230=ORIENTED_EDGE('',*,*,#5689,.F.);
#8231=ORIENTED_EDGE('',*,*,#5688,.T.);
#8232=ORIENTED_EDGE('',*,*,#5129,.F.);
#8233=ORIENTED_EDGE('',*,*,#5690,.F.);
#8234=ORIENTED_EDGE('',*,*,#5691,.F.);
#8235=ORIENTED_EDGE('',*,*,#5690,.T.);
#8236=ORIENTED_EDGE('',*,*,#5128,.F.);
#8237=ORIENTED_EDGE('',*,*,#5524,.F.);
#8238=ORIENTED_EDGE('',*,*,#5530,.F.);
#8239=ORIENTED_EDGE('',*,*,#5529,.T.);
#8240=ORIENTED_EDGE('',*,*,#5124,.F.);
#8241=ORIENTED_EDGE('',*,*,#5623,.T.);
#8242=ORIENTED_EDGE('',*,*,#5318,.F.);
#8243=ORIENTED_EDGE('',*,*,#5309,.F.);
#8244=ORIENTED_EDGE('',*,*,#5317,.T.);
#8245=ORIENTED_EDGE('',*,*,#5316,.T.);
#8246=ORIENTED_EDGE('',*,*,#5350,.F.);
#8247=ORIENTED_EDGE('',*,*,#5572,.F.);
#8248=ORIENTED_EDGE('',*,*,#5577,.T.);
#8249=ORIENTED_EDGE('',*,*,#5576,.T.);
#8250=ORIENTED_EDGE('',*,*,#5346,.F.);
#8251=ORIENTED_EDGE('',*,*,#5652,.F.);
#8252=ORIENTED_EDGE('',*,*,#5180,.F.);
#8253=ORIENTED_EDGE('',*,*,#5461,.F.);
#8254=ORIENTED_EDGE('',*,*,#5467,.F.);
#8255=ORIENTED_EDGE('',*,*,#5466,.T.);
#8256=ORIENTED_EDGE('',*,*,#5176,.F.);
#8257=ORIENTED_EDGE('',*,*,#5512,.F.);
#8258=ORIENTED_EDGE('',*,*,#5515,.F.);
#8259=ORIENTED_EDGE('',*,*,#5510,.T.);
#8260=ORIENTED_EDGE('',*,*,#5172,.F.);
#8261=ORIENTED_EDGE('',*,*,#5474,.F.);
#8262=ORIENTED_EDGE('',*,*,#5475,.F.);
#8263=ORIENTED_EDGE('',*,*,#5472,.T.);
#8264=ORIENTED_EDGE('',*,*,#5168,.F.);
#8265=ORIENTED_EDGE('',*,*,#5402,.F.);
#8266=ORIENTED_EDGE('',*,*,#5405,.F.);
#8267=ORIENTED_EDGE('',*,*,#5400,.T.);
#8268=ORIENTED_EDGE('',*,*,#5164,.F.);
#8269=ORIENTED_EDGE('',*,*,#5440,.F.);
#8270=ORIENTED_EDGE('',*,*,#5443,.F.);
#8271=ORIENTED_EDGE('',*,*,#5438,.T.);
#8272=ORIENTED_EDGE('',*,*,#5160,.F.);
#8273=ORIENTED_EDGE('',*,*,#5477,.F.);
#8274=ORIENTED_EDGE('',*,*,#5483,.F.);
#8275=ORIENTED_EDGE('',*,*,#5482,.T.);
#8276=ORIENTED_EDGE('',*,*,#5156,.F.);
#8277=ORIENTED_EDGE('',*,*,#5498,.F.);
#8278=ORIENTED_EDGE('',*,*,#5499,.F.);
#8279=ORIENTED_EDGE('',*,*,#5496,.T.);
#8280=ORIENTED_EDGE('',*,*,#5152,.F.);
#8281=ORIENTED_EDGE('',*,*,#5420,.F.);
#8282=ORIENTED_EDGE('',*,*,#5421,.F.);
#8283=ORIENTED_EDGE('',*,*,#5418,.T.);
#8284=ORIENTED_EDGE('',*,*,#5148,.F.);
#8285=ORIENTED_EDGE('',*,*,#5277,.F.);
#8286=ORIENTED_EDGE('',*,*,#5283,.F.);
#8287=ORIENTED_EDGE('',*,*,#5282,.T.);
#8288=ORIENTED_EDGE('',*,*,#5144,.F.);
#8289=ORIENTED_EDGE('',*,*,#5677,.F.);
#8290=ORIENTED_EDGE('',*,*,#5683,.F.);
#8291=ORIENTED_EDGE('',*,*,#5682,.T.);
#8292=ORIENTED_EDGE('',*,*,#5140,.F.);
#8293=ORIENTED_EDGE('',*,*,#5290,.F.);
#8294=ORIENTED_EDGE('',*,*,#5291,.F.);
#8295=ORIENTED_EDGE('',*,*,#5288,.T.);
#8296=ORIENTED_EDGE('',*,*,#5136,.F.);
#8297=ORIENTED_EDGE('',*,*,#5602,.F.);
#8298=ORIENTED_EDGE('',*,*,#5608,.F.);
#8299=ORIENTED_EDGE('',*,*,#5607,.T.);
#8300=ORIENTED_EDGE('',*,*,#5132,.F.);
#8301=ORIENTED_EDGE('',*,*,#5685,.F.);
#8302=ORIENTED_EDGE('',*,*,#5691,.T.);
#8303=ORIENTED_EDGE('',*,*,#5684,.T.);
#8304=ORIENTED_EDGE('',*,*,#5687,.T.);
#8305=ORIENTED_EDGE('',*,*,#5689,.T.);
#8306=PLANE('',#9084);
#8307=PLANE('',#9085);
#8308=PLANE('',#9086);
#8309=PLANE('',#9087);
#8310=PLANE('',#9088);
#8311=PLANE('',#9089);
#8312=PLANE('',#9090);
#8313=PLANE('',#9091);
#8314=PLANE('',#9092);
#8315=PLANE('',#9093);
#8316=PLANE('',#9094);
#8317=PLANE('',#9095);
#8318=PLANE('',#9096);
#8319=PLANE('',#9097);
#8320=PLANE('',#9098);
#8321=PLANE('',#9099);
#8322=PLANE('',#9100);
#8323=PLANE('',#9101);
#8324=PLANE('',#9102);
#8325=PLANE('',#9103);
#8326=PLANE('',#9104);
#8327=PLANE('',#9105);
#8328=PLANE('',#9106);
#8329=PLANE('',#9107);
#8330=PLANE('',#9108);
#8331=PLANE('',#9109);
#8332=PLANE('',#9110);
#8333=PLANE('',#9111);
#8334=PLANE('',#9112);
#8335=PLANE('',#9113);
#8336=PLANE('',#9114);
#8337=PLANE('',#9115);
#8338=PLANE('',#9116);
#8339=PLANE('',#9117);
#8340=PLANE('',#9118);
#8341=PLANE('',#9119);
#8342=PLANE('',#9120);
#8343=PLANE('',#9121);
#8344=PLANE('',#9122);
#8345=PLANE('',#9123);
#8346=PLANE('',#9124);
#8347=PLANE('',#9125);
#8348=PLANE('',#9126);
#8349=PLANE('',#9127);
#8350=PLANE('',#9128);
#8351=PLANE('',#9129);
#8352=PLANE('',#9130);
#8353=PLANE('',#9131);
#8354=PLANE('',#9132);
#8355=PLANE('',#9133);
#8356=PLANE('',#9134);
#8357=PLANE('',#9135);
#8358=PLANE('',#9136);
#8359=PLANE('',#9137);
#8360=PLANE('',#9138);
#8361=PLANE('',#9139);
#8362=PLANE('',#9140);
#8363=PLANE('',#9141);
#8364=PLANE('',#9142);
#8365=PLANE('',#9143);
#8366=PLANE('',#9144);
#8367=PLANE('',#9145);
#8368=PLANE('',#9146);
#8369=PLANE('',#9147);
#8370=PLANE('',#9148);
#8371=PLANE('',#9149);
#8372=PLANE('',#9150);
#8373=PLANE('',#9151);
#8374=PLANE('',#9152);
#8375=PLANE('',#9153);
#8376=PLANE('',#9154);
#8377=PLANE('',#9155);
#8378=PLANE('',#9156);
#8379=PLANE('',#9157);
#8380=PLANE('',#9158);
#8381=PLANE('',#9159);
#8382=PLANE('',#9160);
#8383=PLANE('',#9161);
#8384=PLANE('',#9162);
#8385=PLANE('',#9163);
#8386=PLANE('',#9164);
#8387=PLANE('',#9165);
#8388=PLANE('',#9166);
#8389=PLANE('',#9167);
#8390=PLANE('',#9168);
#8391=PLANE('',#9169);
#8392=PLANE('',#9170);
#8393=PLANE('',#9171);
#8394=PLANE('',#9172);
#8395=PLANE('',#9173);
#8396=PLANE('',#9174);
#8397=PLANE('',#9175);
#8398=PLANE('',#9176);
#8399=PLANE('',#9177);
#8400=PLANE('',#9178);
#8401=PLANE('',#9179);
#8402=PLANE('',#9180);
#8403=PLANE('',#9181);
#8404=PLANE('',#9182);
#8405=PLANE('',#9183);
#8406=PLANE('',#9184);
#8407=PLANE('',#9185);
#8408=PLANE('',#9186);
#8409=PLANE('',#9187);
#8410=PLANE('',#9188);
#8411=PLANE('',#9189);
#8412=PLANE('',#9190);
#8413=PLANE('',#9191);
#8414=PLANE('',#9192);
#8415=PLANE('',#9193);
#8416=PLANE('',#9194);
#8417=PLANE('',#9195);
#8418=PLANE('',#9196);
#8419=PLANE('',#9197);
#8420=PLANE('',#9198);
#8421=PLANE('',#9199);
#8422=PLANE('',#9200);
#8423=PLANE('',#9201);
#8424=PLANE('',#9202);
#8425=PLANE('',#9203);
#8426=PLANE('',#9204);
#8427=PLANE('',#9205);
#8428=PLANE('',#9206);
#8429=PLANE('',#9207);
#8430=PLANE('',#9208);
#8431=PLANE('',#9209);
#8432=PLANE('',#9210);
#8433=PLANE('',#9211);
#8434=PLANE('',#9212);
#8435=PLANE('',#9213);
#8436=PLANE('',#9214);
#8437=PLANE('',#9215);
#8438=PLANE('',#9216);
#8439=PLANE('',#9217);
#8440=PLANE('',#9218);
#8441=PLANE('',#9219);
#8442=PLANE('',#9220);
#8443=PLANE('',#9221);
#8444=PLANE('',#9222);
#8445=PLANE('',#9223);
#8446=PLANE('',#9224);
#8447=PLANE('',#9225);
#8448=PLANE('',#9226);
#8449=PLANE('',#9227);
#8450=PLANE('',#9228);
#8451=PLANE('',#9229);
#8452=PLANE('',#9230);
#8453=PLANE('',#9231);
#8454=PLANE('',#9232);
#8455=PLANE('',#9233);
#8456=PLANE('',#9234);
#8457=PLANE('',#9235);
#8458=PLANE('',#9236);
#8459=PLANE('',#9237);
#8460=PLANE('',#9238);
#8461=PLANE('',#9239);
#8462=PLANE('',#9240);
#8463=PLANE('',#9241);
#8464=PLANE('',#9242);
#8465=PLANE('',#9243);
#8466=PLANE('',#9244);
#8467=PLANE('',#9245);
#8468=PLANE('',#9274);
#8469=PLANE('',#9275);
#8470=PLANE('',#9276);
#8471=PLANE('',#9280);
#8472=PLANE('',#9281);
#8473=PLANE('',#9282);
#8474=PLANE('',#9283);
#8475=PLANE('',#9284);
#8476=PLANE('',#9285);
#8477=PLANE('',#9286);
#8478=PLANE('',#9287);
#8479=PLANE('',#9288);
#8480=PLANE('',#9289);
#8481=PLANE('',#9290);
#8482=PLANE('',#9291);
#8483=PLANE('',#9292);
#8484=PLANE('',#9293);
#8485=PLANE('',#9294);
#8486=PLANE('',#9295);
#8487=PLANE('',#9296);
#8488=PLANE('',#9297);
#8489=PLANE('',#9298);
#8490=PLANE('',#9299);
#8491=PLANE('',#9300);
#8492=PLANE('',#9301);
#8493=PLANE('',#9302);
#8494=PLANE('',#9303);
#8495=PLANE('',#9304);
#8496=PLANE('',#9305);
#8497=PLANE('',#9306);
#8498=PLANE('',#9307);
#8499=PLANE('',#9308);
#8500=PLANE('',#9309);
#8501=PLANE('',#9310);
#8502=PLANE('',#9311);
#8503=PLANE('',#9312);
#8504=PLANE('',#9313);
#8505=PLANE('',#9314);
#8506=PLANE('',#9315);
#8507=PLANE('',#9316);
#8508=PLANE('',#9317);
#8509=PLANE('',#9318);
#8510=PLANE('',#9319);
#8511=PLANE('',#9320);
#8512=PLANE('',#9321);
#8513=PLANE('',#9322);
#8514=PLANE('',#9323);
#8515=PLANE('',#9324);
#8516=PLANE('',#9325);
#8517=PLANE('',#9326);
#8518=PLANE('',#9327);
#8519=PLANE('',#9328);
#8520=PLANE('',#9329);
#8521=PLANE('',#9330);
#8522=PLANE('',#9331);
#8523=PLANE('',#9332);
#8524=PLANE('',#9333);
#8525=PLANE('',#9334);
#8526=PLANE('',#9335);
#8527=PLANE('',#9336);
#8528=PLANE('',#9337);
#8529=PLANE('',#9338);
#8530=PLANE('',#9339);
#8531=PLANE('',#9340);
#8532=PLANE('',#9341);
#8533=PLANE('',#9342);
#8534=PLANE('',#9343);
#8535=PLANE('',#9344);
#8536=PLANE('',#9345);
#8537=PLANE('',#9346);
#8538=PLANE('',#9347);
#8539=PLANE('',#9348);
#8540=PLANE('',#9349);
#8541=PLANE('',#9350);
#8542=PLANE('',#9351);
#8543=PLANE('',#9352);
#8544=PLANE('',#9353);
#8545=PLANE('',#9354);
#8546=PLANE('',#9355);
#8547=PLANE('',#9356);
#8548=PLANE('',#9357);
#8549=PLANE('',#9358);
#8550=PLANE('',#9359);
#8551=PLANE('',#9360);
#8552=PLANE('',#9361);
#8553=PLANE('',#9362);
#8554=PLANE('',#9363);
#8555=PLANE('',#9364);
#8556=PLANE('',#9365);
#8557=PLANE('',#9366);
#8558=PLANE('',#9367);
#8559=PLANE('',#9368);
#8560=PLANE('',#9369);
#8561=PLANE('',#9370);
#8562=PLANE('',#9371);
#8563=PLANE('',#9372);
#8564=PLANE('',#9373);
#8565=PLANE('',#9374);
#8566=PLANE('',#9375);
#8567=PLANE('',#9376);
#8568=PLANE('',#9377);
#8569=PLANE('',#9378);
#8570=PLANE('',#9379);
#8571=PLANE('',#9380);
#8572=PLANE('',#9381);
#8573=PLANE('',#9382);
#8574=PLANE('',#9383);
#8575=PLANE('',#9384);
#8576=PLANE('',#9385);
#8577=PLANE('',#9386);
#8578=PLANE('',#9387);
#8579=PLANE('',#9388);
#8580=PLANE('',#9389);
#8581=PLANE('',#9390);
#8582=PLANE('',#9391);
#8583=PLANE('',#9392);
#8584=PLANE('',#9393);
#8585=PLANE('',#9394);
#8586=PLANE('',#9395);
#8587=PLANE('',#9396);
#8588=PLANE('',#9397);
#8589=PLANE('',#9398);
#8590=PLANE('',#9399);
#8591=PLANE('',#9400);
#8592=PLANE('',#9401);
#8593=PLANE('',#9402);
#8594=PLANE('',#9403);
#8595=PLANE('',#9404);
#8596=PLANE('',#9405);
#8597=PLANE('',#9406);
#8598=PLANE('',#9407);
#8599=PLANE('',#9408);
#8600=PLANE('',#9409);
#8601=PLANE('',#9410);
#8602=PLANE('',#9411);
#8603=PLANE('',#9412);
#8604=PLANE('',#9413);
#8605=PLANE('',#9414);
#8606=PLANE('',#9415);
#8607=PLANE('',#9416);
#8608=PLANE('',#9417);
#8609=PLANE('',#9418);
#8610=PLANE('',#9419);
#8611=PLANE('',#9420);
#8612=PLANE('',#9421);
#8613=PLANE('',#9422);
#8614=PLANE('',#9423);
#8615=PLANE('',#9424);
#8616=PLANE('',#9425);
#8617=PLANE('',#9426);
#8618=PLANE('',#9427);
#8619=PLANE('',#9428);
#8620=PLANE('',#9429);
#8621=PLANE('',#9430);
#8622=PLANE('',#9431);
#8623=PLANE('',#9432);
#8624=PLANE('',#9433);
#8625=PLANE('',#9434);
#8626=PLANE('',#9435);
#8627=PLANE('',#9436);
#8628=PLANE('',#9437);
#8629=PLANE('',#9438);
#8630=PLANE('',#9439);
#8631=PLANE('',#9440);
#8632=PLANE('',#9441);
#8633=PLANE('',#9442);
#8634=PLANE('',#9443);
#8635=PLANE('',#9444);
#8636=PLANE('',#9445);
#8637=PLANE('',#9446);
#8638=PLANE('',#9447);
#8639=PLANE('',#9448);
#8640=PLANE('',#9449);
#8641=PLANE('',#9450);
#8642=PLANE('',#9451);
#8643=PLANE('',#9452);
#8644=PLANE('',#9453);
#8645=PLANE('',#9454);
#8646=PLANE('',#9455);
#8647=PLANE('',#9456);
#8648=PLANE('',#9457);
#8649=PLANE('',#9458);
#8650=PLANE('',#9459);
#8651=PLANE('',#9460);
#8652=PLANE('',#9461);
#8653=PLANE('',#9462);
#8654=PLANE('',#9463);
#8655=PLANE('',#9464);
#8656=PLANE('',#9465);
#8657=PLANE('',#9466);
#8658=PLANE('',#9467);
#8659=PLANE('',#9468);
#8660=PLANE('',#9469);
#8661=PLANE('',#9470);
#8662=PLANE('',#9471);
#8663=PLANE('',#9472);
#8664=PLANE('',#9473);
#8665=PLANE('',#9474);
#8666=PLANE('',#9475);
#8667=PLANE('',#9476);
#8668=PLANE('',#9477);
#8669=PLANE('',#9478);
#8670=PLANE('',#9479);
#8671=PLANE('',#9480);
#8672=PLANE('',#9481);
#8673=PLANE('',#9482);
#8674=PLANE('',#9483);
#8675=PLANE('',#9484);
#8676=PLANE('',#9485);
#8677=PLANE('',#9486);
#8678=PLANE('',#9487);
#8679=PLANE('',#9488);
#8680=PLANE('',#9489);
#8681=ADVANCED_FACE('',(#118),#8306,.T.);
#8682=ADVANCED_FACE('',(#119),#8307,.T.);
#8683=ADVANCED_FACE('',(#120),#8308,.T.);
#8684=ADVANCED_FACE('',(#121),#8309,.T.);
#8685=ADVANCED_FACE('',(#122),#8310,.T.);
#8686=ADVANCED_FACE('',(#123),#8311,.T.);
#8687=ADVANCED_FACE('',(#124),#8312,.T.);
#8688=ADVANCED_FACE('',(#125),#8313,.T.);
#8689=ADVANCED_FACE('',(#126),#8314,.T.);
#8690=ADVANCED_FACE('',(#127),#8315,.T.);
#8691=ADVANCED_FACE('',(#128),#8316,.T.);
#8692=ADVANCED_FACE('',(#129),#8317,.T.);
#8693=ADVANCED_FACE('',(#130),#8318,.T.);
#8694=ADVANCED_FACE('',(#131),#8319,.T.);
#8695=ADVANCED_FACE('',(#132),#8320,.T.);
#8696=ADVANCED_FACE('',(#133),#8321,.T.);
#8697=ADVANCED_FACE('',(#134),#8322,.T.);
#8698=ADVANCED_FACE('',(#135),#8323,.T.);
#8699=ADVANCED_FACE('',(#136),#8324,.T.);
#8700=ADVANCED_FACE('',(#137),#8325,.T.);
#8701=ADVANCED_FACE('',(#138),#8326,.T.);
#8702=ADVANCED_FACE('',(#139),#8327,.T.);
#8703=ADVANCED_FACE('',(#140),#8328,.T.);
#8704=ADVANCED_FACE('',(#141),#8329,.T.);
#8705=ADVANCED_FACE('',(#142),#8330,.T.);
#8706=ADVANCED_FACE('',(#143),#8331,.T.);
#8707=ADVANCED_FACE('',(#144),#8332,.T.);
#8708=ADVANCED_FACE('',(#145),#8333,.T.);
#8709=ADVANCED_FACE('',(#146),#8334,.T.);
#8710=ADVANCED_FACE('',(#147),#8335,.T.);
#8711=ADVANCED_FACE('',(#148),#8336,.T.);
#8712=ADVANCED_FACE('',(#149),#8337,.T.);
#8713=ADVANCED_FACE('',(#150),#8338,.T.);
#8714=ADVANCED_FACE('',(#151),#8339,.T.);
#8715=ADVANCED_FACE('',(#152),#8340,.T.);
#8716=ADVANCED_FACE('',(#153),#8341,.T.);
#8717=ADVANCED_FACE('',(#154),#8342,.T.);
#8718=ADVANCED_FACE('',(#155),#8343,.T.);
#8719=ADVANCED_FACE('',(#156),#8344,.T.);
#8720=ADVANCED_FACE('',(#157),#8345,.T.);
#8721=ADVANCED_FACE('',(#158),#8346,.T.);
#8722=ADVANCED_FACE('',(#159),#8347,.T.);
#8723=ADVANCED_FACE('',(#160),#8348,.T.);
#8724=ADVANCED_FACE('',(#161),#8349,.T.);
#8725=ADVANCED_FACE('',(#162),#8350,.T.);
#8726=ADVANCED_FACE('',(#163),#8351,.T.);
#8727=ADVANCED_FACE('',(#164),#8352,.T.);
#8728=ADVANCED_FACE('',(#165),#8353,.T.);
#8729=ADVANCED_FACE('',(#166),#8354,.T.);
#8730=ADVANCED_FACE('',(#167),#8355,.T.);
#8731=ADVANCED_FACE('',(#168),#8356,.T.);
#8732=ADVANCED_FACE('',(#169),#8357,.T.);
#8733=ADVANCED_FACE('',(#170),#8358,.T.);
#8734=ADVANCED_FACE('',(#171),#8359,.T.);
#8735=ADVANCED_FACE('',(#172),#8360,.T.);
#8736=ADVANCED_FACE('',(#173),#8361,.T.);
#8737=ADVANCED_FACE('',(#174),#8362,.T.);
#8738=ADVANCED_FACE('',(#175),#8363,.T.);
#8739=ADVANCED_FACE('',(#176),#8364,.T.);
#8740=ADVANCED_FACE('',(#177),#8365,.T.);
#8741=ADVANCED_FACE('',(#178),#8366,.T.);
#8742=ADVANCED_FACE('',(#179),#8367,.T.);
#8743=ADVANCED_FACE('',(#180),#8368,.T.);
#8744=ADVANCED_FACE('',(#181),#8369,.T.);
#8745=ADVANCED_FACE('',(#182),#8370,.T.);
#8746=ADVANCED_FACE('',(#183),#8371,.T.);
#8747=ADVANCED_FACE('',(#184),#8372,.T.);
#8748=ADVANCED_FACE('',(#185),#8373,.T.);
#8749=ADVANCED_FACE('',(#186),#8374,.T.);
#8750=ADVANCED_FACE('',(#187),#8375,.T.);
#8751=ADVANCED_FACE('',(#188),#8376,.T.);
#8752=ADVANCED_FACE('',(#189),#8377,.T.);
#8753=ADVANCED_FACE('',(#190),#8378,.T.);
#8754=ADVANCED_FACE('',(#191),#8379,.T.);
#8755=ADVANCED_FACE('',(#192),#8380,.T.);
#8756=ADVANCED_FACE('',(#193),#8381,.T.);
#8757=ADVANCED_FACE('',(#194),#8382,.T.);
#8758=ADVANCED_FACE('',(#195),#8383,.T.);
#8759=ADVANCED_FACE('',(#196),#8384,.T.);
#8760=ADVANCED_FACE('',(#197),#8385,.T.);
#8761=ADVANCED_FACE('',(#198),#8386,.T.);
#8762=ADVANCED_FACE('',(#199),#8387,.T.);
#8763=ADVANCED_FACE('',(#200),#8388,.T.);
#8764=ADVANCED_FACE('',(#201),#8389,.T.);
#8765=ADVANCED_FACE('',(#202),#8390,.T.);
#8766=ADVANCED_FACE('',(#203),#8391,.T.);
#8767=ADVANCED_FACE('',(#204),#8392,.T.);
#8768=ADVANCED_FACE('',(#205),#8393,.T.);
#8769=ADVANCED_FACE('',(#206),#8394,.T.);
#8770=ADVANCED_FACE('',(#207),#8395,.T.);
#8771=ADVANCED_FACE('',(#208),#8396,.T.);
#8772=ADVANCED_FACE('',(#209),#8397,.T.);
#8773=ADVANCED_FACE('',(#210),#8398,.T.);
#8774=ADVANCED_FACE('',(#211),#8399,.T.);
#8775=ADVANCED_FACE('',(#212),#8400,.T.);
#8776=ADVANCED_FACE('',(#213),#8401,.T.);
#8777=ADVANCED_FACE('',(#214),#8402,.T.);
#8778=ADVANCED_FACE('',(#215),#8403,.T.);
#8779=ADVANCED_FACE('',(#216),#8404,.T.);
#8780=ADVANCED_FACE('',(#217),#8405,.T.);
#8781=ADVANCED_FACE('',(#218),#8406,.T.);
#8782=ADVANCED_FACE('',(#219),#8407,.T.);
#8783=ADVANCED_FACE('',(#220),#8408,.T.);
#8784=ADVANCED_FACE('',(#221),#8409,.T.);
#8785=ADVANCED_FACE('',(#222),#8410,.T.);
#8786=ADVANCED_FACE('',(#223),#8411,.T.);
#8787=ADVANCED_FACE('',(#224),#8412,.T.);
#8788=ADVANCED_FACE('',(#225),#8413,.T.);
#8789=ADVANCED_FACE('',(#226),#8414,.T.);
#8790=ADVANCED_FACE('',(#227),#8415,.T.);
#8791=ADVANCED_FACE('',(#228),#8416,.T.);
#8792=ADVANCED_FACE('',(#229),#8417,.T.);
#8793=ADVANCED_FACE('',(#230),#8418,.T.);
#8794=ADVANCED_FACE('',(#231),#8419,.T.);
#8795=ADVANCED_FACE('',(#232),#8420,.T.);
#8796=ADVANCED_FACE('',(#233),#8421,.T.);
#8797=ADVANCED_FACE('',(#234),#8422,.T.);
#8798=ADVANCED_FACE('',(#235),#8423,.T.);
#8799=ADVANCED_FACE('',(#236),#8424,.T.);
#8800=ADVANCED_FACE('',(#237),#8425,.T.);
#8801=ADVANCED_FACE('',(#238),#8426,.T.);
#8802=ADVANCED_FACE('',(#239),#8427,.T.);
#8803=ADVANCED_FACE('',(#240),#8428,.T.);
#8804=ADVANCED_FACE('',(#241),#8429,.T.);
#8805=ADVANCED_FACE('',(#242),#8430,.T.);
#8806=ADVANCED_FACE('',(#243),#8431,.T.);
#8807=ADVANCED_FACE('',(#244),#8432,.T.);
#8808=ADVANCED_FACE('',(#245,#67,#68,#69,#70,#71,#72,#73,#74,#75,#76,#77,
#78,#79,#80,#81,#82,#83,#84,#85,#86,#87,#88,#89,#90,#91,#92,#93,#94,#95,
#96,#97,#98,#99,#100,#101,#102,#103,#104,#105,#106,#107,#108),#8433,.F.);
#8809=ADVANCED_FACE('',(#246),#8434,.T.);
#8810=ADVANCED_FACE('',(#247),#8435,.T.);
#8811=ADVANCED_FACE('',(#248),#8436,.T.);
#8812=ADVANCED_FACE('',(#249),#8437,.T.);
#8813=ADVANCED_FACE('',(#250),#8438,.T.);
#8814=ADVANCED_FACE('',(#251),#8439,.T.);
#8815=ADVANCED_FACE('',(#252),#8440,.T.);
#8816=ADVANCED_FACE('',(#253),#8441,.T.);
#8817=ADVANCED_FACE('',(#254),#8442,.T.);
#8818=ADVANCED_FACE('',(#255),#8443,.T.);
#8819=ADVANCED_FACE('',(#256),#8444,.T.);
#8820=ADVANCED_FACE('',(#257),#8445,.T.);
#8821=ADVANCED_FACE('',(#258),#8446,.T.);
#8822=ADVANCED_FACE('',(#259),#8447,.T.);
#8823=ADVANCED_FACE('',(#260),#8448,.T.);
#8824=ADVANCED_FACE('',(#261),#8449,.T.);
#8825=ADVANCED_FACE('',(#262),#8450,.T.);
#8826=ADVANCED_FACE('',(#263),#8451,.T.);
#8827=ADVANCED_FACE('',(#264),#8452,.T.);
#8828=ADVANCED_FACE('',(#265),#8453,.T.);
#8829=ADVANCED_FACE('',(#266),#8454,.T.);
#8830=ADVANCED_FACE('',(#267),#8455,.T.);
#8831=ADVANCED_FACE('',(#268),#8456,.T.);
#8832=ADVANCED_FACE('',(#269),#8457,.T.);
#8833=ADVANCED_FACE('',(#270),#8458,.T.);
#8834=ADVANCED_FACE('',(#271),#8459,.T.);
#8835=ADVANCED_FACE('',(#272),#8460,.T.);
#8836=ADVANCED_FACE('',(#273),#8461,.T.);
#8837=ADVANCED_FACE('',(#274),#8462,.T.);
#8838=ADVANCED_FACE('',(#275),#8463,.T.);
#8839=ADVANCED_FACE('',(#276),#8464,.T.);
#8840=ADVANCED_FACE('',(#277),#8465,.T.);
#8841=ADVANCED_FACE('',(#278,#109,#110,#111,#112,#113,#114,#115,#116),#8466,
 .T.);
#8842=ADVANCED_FACE('',(#279),#8467,.T.);
#8843=ADVANCED_FACE('',(#280),#40,.T.);
#8844=ADVANCED_FACE('',(#281),#13,.T.);
#8845=ADVANCED_FACE('',(#282),#41,.T.);
#8846=ADVANCED_FACE('',(#283),#14,.T.);
#8847=ADVANCED_FACE('',(#284),#15,.T.);
#8848=ADVANCED_FACE('',(#285),#42,.T.);
#8849=ADVANCED_FACE('',(#286),#16,.T.);
#8850=ADVANCED_FACE('',(#287),#43,.T.);
#8851=ADVANCED_FACE('',(#288),#17,.T.);
#8852=ADVANCED_FACE('',(#289),#18,.T.);
#8853=ADVANCED_FACE('',(#290),#19,.T.);
#8854=ADVANCED_FACE('',(#291),#20,.T.);
#8855=ADVANCED_FACE('',(#292),#8468,.T.);
#8856=ADVANCED_FACE('',(#293),#8469,.T.);
#8857=ADVANCED_FACE('',(#294,#117),#8470,.T.);
#8858=ADVANCED_FACE('',(#295),#21,.F.);
#8859=ADVANCED_FACE('',(#296),#8471,.T.);
#8860=ADVANCED_FACE('',(#297),#8472,.T.);
#8861=ADVANCED_FACE('',(#298),#8473,.T.);
#8862=ADVANCED_FACE('',(#299),#8474,.F.);
#8863=ADVANCED_FACE('',(#300),#8475,.T.);
#8864=ADVANCED_FACE('',(#301),#8476,.T.);
#8865=ADVANCED_FACE('',(#302),#8477,.T.);
#8866=ADVANCED_FACE('',(#303),#8478,.F.);
#8867=ADVANCED_FACE('',(#304),#8479,.F.);
#8868=ADVANCED_FACE('',(#305),#8480,.T.);
#8869=ADVANCED_FACE('',(#306),#8481,.T.);
#8870=ADVANCED_FACE('',(#307),#8482,.T.);
#8871=ADVANCED_FACE('',(#308),#8483,.F.);
#8872=ADVANCED_FACE('',(#309),#8484,.T.);
#8873=ADVANCED_FACE('',(#310),#8485,.T.);
#8874=ADVANCED_FACE('',(#311),#8486,.T.);
#8875=ADVANCED_FACE('',(#312),#8487,.F.);
#8876=ADVANCED_FACE('',(#313),#8488,.T.);
#8877=ADVANCED_FACE('',(#314),#8489,.T.);
#8878=ADVANCED_FACE('',(#315),#8490,.T.);
#8879=ADVANCED_FACE('',(#316),#8491,.F.);
#8880=ADVANCED_FACE('',(#317),#8492,.T.);
#8881=ADVANCED_FACE('',(#318),#8493,.T.);
#8882=ADVANCED_FACE('',(#319),#8494,.T.);
#8883=ADVANCED_FACE('',(#320),#8495,.F.);
#8884=ADVANCED_FACE('',(#321),#8496,.T.);
#8885=ADVANCED_FACE('',(#322),#8497,.T.);
#8886=ADVANCED_FACE('',(#323),#8498,.T.);
#8887=ADVANCED_FACE('',(#324),#8499,.F.);
#8888=ADVANCED_FACE('',(#325),#8500,.T.);
#8889=ADVANCED_FACE('',(#326),#8501,.T.);
#8890=ADVANCED_FACE('',(#327),#8502,.T.);
#8891=ADVANCED_FACE('',(#328),#8503,.T.);
#8892=ADVANCED_FACE('',(#329),#8504,.T.);
#8893=ADVANCED_FACE('',(#330),#8505,.T.);
#8894=ADVANCED_FACE('',(#331),#8506,.T.);
#8895=ADVANCED_FACE('',(#332),#8507,.T.);
#8896=ADVANCED_FACE('',(#333),#8508,.F.);
#8897=ADVANCED_FACE('',(#334),#8509,.T.);
#8898=ADVANCED_FACE('',(#335),#8510,.T.);
#8899=ADVANCED_FACE('',(#336),#8511,.T.);
#8900=ADVANCED_FACE('',(#337),#8512,.F.);
#8901=ADVANCED_FACE('',(#338),#8513,.T.);
#8902=ADVANCED_FACE('',(#339),#8514,.T.);
#8903=ADVANCED_FACE('',(#340),#8515,.T.);
#8904=ADVANCED_FACE('',(#341),#8516,.F.);
#8905=ADVANCED_FACE('',(#342),#8517,.T.);
#8906=ADVANCED_FACE('',(#343),#8518,.T.);
#8907=ADVANCED_FACE('',(#344),#8519,.T.);
#8908=ADVANCED_FACE('',(#345),#8520,.F.);
#8909=ADVANCED_FACE('',(#346),#8521,.T.);
#8910=ADVANCED_FACE('',(#347),#8522,.T.);
#8911=ADVANCED_FACE('',(#348),#8523,.T.);
#8912=ADVANCED_FACE('',(#349),#8524,.T.);
#8913=ADVANCED_FACE('',(#350),#8525,.T.);
#8914=ADVANCED_FACE('',(#351),#8526,.T.);
#8915=ADVANCED_FACE('',(#352),#8527,.T.);
#8916=ADVANCED_FACE('',(#353),#8528,.F.);
#8917=ADVANCED_FACE('',(#354),#8529,.T.);
#8918=ADVANCED_FACE('',(#355),#8530,.T.);
#8919=ADVANCED_FACE('',(#356),#8531,.T.);
#8920=ADVANCED_FACE('',(#357),#8532,.F.);
#8921=ADVANCED_FACE('',(#358),#8533,.T.);
#8922=ADVANCED_FACE('',(#359),#8534,.T.);
#8923=ADVANCED_FACE('',(#360),#8535,.T.);
#8924=ADVANCED_FACE('',(#361),#8536,.F.);
#8925=ADVANCED_FACE('',(#362),#8537,.T.);
#8926=ADVANCED_FACE('',(#363),#8538,.T.);
#8927=ADVANCED_FACE('',(#364),#8539,.T.);
#8928=ADVANCED_FACE('',(#365),#8540,.F.);
#8929=ADVANCED_FACE('',(#366),#8541,.T.);
#8930=ADVANCED_FACE('',(#367),#8542,.T.);
#8931=ADVANCED_FACE('',(#368),#8543,.T.);
#8932=ADVANCED_FACE('',(#369),#8544,.T.);
#8933=ADVANCED_FACE('',(#370),#8545,.T.);
#8934=ADVANCED_FACE('',(#371),#8546,.T.);
#8935=ADVANCED_FACE('',(#372),#8547,.T.);
#8936=ADVANCED_FACE('',(#373),#8548,.T.);
#8937=ADVANCED_FACE('',(#374),#8549,.T.);
#8938=ADVANCED_FACE('',(#375),#8550,.T.);
#8939=ADVANCED_FACE('',(#376),#8551,.T.);
#8940=ADVANCED_FACE('',(#377),#8552,.F.);
#8941=ADVANCED_FACE('',(#378),#8553,.T.);
#8942=ADVANCED_FACE('',(#379),#8554,.T.);
#8943=ADVANCED_FACE('',(#380),#8555,.T.);
#8944=ADVANCED_FACE('',(#381),#8556,.F.);
#8945=ADVANCED_FACE('',(#382),#8557,.T.);
#8946=ADVANCED_FACE('',(#383),#8558,.T.);
#8947=ADVANCED_FACE('',(#384),#8559,.T.);
#8948=ADVANCED_FACE('',(#385),#8560,.F.);
#8949=ADVANCED_FACE('',(#386),#8561,.T.);
#8950=ADVANCED_FACE('',(#387),#8562,.T.);
#8951=ADVANCED_FACE('',(#388),#8563,.T.);
#8952=ADVANCED_FACE('',(#389),#8564,.F.);
#8953=ADVANCED_FACE('',(#390),#8565,.T.);
#8954=ADVANCED_FACE('',(#391),#8566,.T.);
#8955=ADVANCED_FACE('',(#392),#8567,.T.);
#8956=ADVANCED_FACE('',(#393),#8568,.F.);
#8957=ADVANCED_FACE('',(#394),#8569,.T.);
#8958=ADVANCED_FACE('',(#395),#8570,.T.);
#8959=ADVANCED_FACE('',(#396),#8571,.T.);
#8960=ADVANCED_FACE('',(#397),#8572,.F.);
#8961=ADVANCED_FACE('',(#398),#8573,.T.);
#8962=ADVANCED_FACE('',(#399),#8574,.T.);
#8963=ADVANCED_FACE('',(#400),#8575,.T.);
#8964=ADVANCED_FACE('',(#401),#8576,.F.);
#8965=ADVANCED_FACE('',(#402),#8577,.T.);
#8966=ADVANCED_FACE('',(#403),#8578,.T.);
#8967=ADVANCED_FACE('',(#404),#8579,.T.);
#8968=ADVANCED_FACE('',(#405),#8580,.F.);
#8969=ADVANCED_FACE('',(#406),#8581,.T.);
#8970=ADVANCED_FACE('',(#407),#8582,.T.);
#8971=ADVANCED_FACE('',(#408),#8583,.T.);
#8972=ADVANCED_FACE('',(#409),#8584,.F.);
#8973=ADVANCED_FACE('',(#410),#8585,.T.);
#8974=ADVANCED_FACE('',(#411),#8586,.T.);
#8975=ADVANCED_FACE('',(#412),#8587,.T.);
#8976=ADVANCED_FACE('',(#413),#8588,.F.);
#8977=ADVANCED_FACE('',(#414),#8589,.T.);
#8978=ADVANCED_FACE('',(#415),#8590,.T.);
#8979=ADVANCED_FACE('',(#416),#8591,.T.);
#8980=ADVANCED_FACE('',(#417),#8592,.T.);
#8981=ADVANCED_FACE('',(#418),#8593,.T.);
#8982=ADVANCED_FACE('',(#419),#8594,.T.);
#8983=ADVANCED_FACE('',(#420),#8595,.T.);
#8984=ADVANCED_FACE('',(#421),#8596,.F.);
#8985=ADVANCED_FACE('',(#422),#8597,.T.);
#8986=ADVANCED_FACE('',(#423),#8598,.T.);
#8987=ADVANCED_FACE('',(#424),#8599,.T.);
#8988=ADVANCED_FACE('',(#425),#8600,.F.);
#8989=ADVANCED_FACE('',(#426),#8601,.T.);
#8990=ADVANCED_FACE('',(#427),#8602,.T.);
#8991=ADVANCED_FACE('',(#428),#8603,.T.);
#8992=ADVANCED_FACE('',(#429),#8604,.F.);
#8993=ADVANCED_FACE('',(#430),#8605,.T.);
#8994=ADVANCED_FACE('',(#431),#8606,.T.);
#8995=ADVANCED_FACE('',(#432),#8607,.T.);
#8996=ADVANCED_FACE('',(#433),#8608,.F.);
#8997=ADVANCED_FACE('',(#434),#8609,.T.);
#8998=ADVANCED_FACE('',(#435),#8610,.T.);
#8999=ADVANCED_FACE('',(#436),#8611,.T.);
#9000=ADVANCED_FACE('',(#437),#8612,.F.);
#9001=ADVANCED_FACE('',(#438),#8613,.T.);
#9002=ADVANCED_FACE('',(#439),#8614,.T.);
#9003=ADVANCED_FACE('',(#440),#8615,.T.);
#9004=ADVANCED_FACE('',(#441),#8616,.F.);
#9005=ADVANCED_FACE('',(#442),#8617,.T.);
#9006=ADVANCED_FACE('',(#443),#8618,.T.);
#9007=ADVANCED_FACE('',(#444),#8619,.T.);
#9008=ADVANCED_FACE('',(#445),#8620,.T.);
#9009=ADVANCED_FACE('',(#446),#8621,.T.);
#9010=ADVANCED_FACE('',(#447),#8622,.T.);
#9011=ADVANCED_FACE('',(#448),#8623,.T.);
#9012=ADVANCED_FACE('',(#449),#8624,.F.);
#9013=ADVANCED_FACE('',(#450),#8625,.T.);
#9014=ADVANCED_FACE('',(#451),#8626,.T.);
#9015=ADVANCED_FACE('',(#452),#8627,.T.);
#9016=ADVANCED_FACE('',(#453),#8628,.F.);
#9017=ADVANCED_FACE('',(#454),#8629,.T.);
#9018=ADVANCED_FACE('',(#455),#8630,.T.);
#9019=ADVANCED_FACE('',(#456),#8631,.T.);
#9020=ADVANCED_FACE('',(#457),#8632,.T.);
#9021=ADVANCED_FACE('',(#458),#8633,.T.);
#9022=ADVANCED_FACE('',(#459),#8634,.T.);
#9023=ADVANCED_FACE('',(#460),#8635,.T.);
#9024=ADVANCED_FACE('',(#461),#8636,.F.);
#9025=ADVANCED_FACE('',(#462),#8637,.T.);
#9026=ADVANCED_FACE('',(#463),#8638,.T.);
#9027=ADVANCED_FACE('',(#464),#8639,.T.);
#9028=ADVANCED_FACE('',(#465),#8640,.T.);
#9029=ADVANCED_FACE('',(#466),#8641,.T.);
#9030=ADVANCED_FACE('',(#467),#8642,.T.);
#9031=ADVANCED_FACE('',(#468),#8643,.T.);
#9032=ADVANCED_FACE('',(#469),#8644,.T.);
#9033=ADVANCED_FACE('',(#470),#8645,.F.);
#9034=ADVANCED_FACE('',(#471),#8646,.T.);
#9035=ADVANCED_FACE('',(#472),#8647,.T.);
#9036=ADVANCED_FACE('',(#473),#8648,.T.);
#9037=ADVANCED_FACE('',(#474),#8649,.F.);
#9038=ADVANCED_FACE('',(#475),#8650,.T.);
#9039=ADVANCED_FACE('',(#476),#8651,.T.);
#9040=ADVANCED_FACE('',(#477),#8652,.T.);
#9041=ADVANCED_FACE('',(#478),#8653,.F.);
#9042=ADVANCED_FACE('',(#479),#8654,.T.);
#9043=ADVANCED_FACE('',(#480),#8655,.T.);
#9044=ADVANCED_FACE('',(#481),#8656,.T.);
#9045=ADVANCED_FACE('',(#482),#8657,.F.);
#9046=ADVANCED_FACE('',(#483),#8658,.T.);
#9047=ADVANCED_FACE('',(#484),#8659,.T.);
#9048=ADVANCED_FACE('',(#485),#8660,.T.);
#9049=ADVANCED_FACE('',(#486),#8661,.T.);
#9050=ADVANCED_FACE('',(#487),#8662,.F.);
#9051=ADVANCED_FACE('',(#488),#8663,.T.);
#9052=ADVANCED_FACE('',(#489),#8664,.T.);
#9053=ADVANCED_FACE('',(#490),#8665,.T.);
#9054=ADVANCED_FACE('',(#491),#8666,.F.);
#9055=ADVANCED_FACE('',(#492),#8667,.T.);
#9056=ADVANCED_FACE('',(#493),#8668,.T.);
#9057=ADVANCED_FACE('',(#494),#8669,.T.);
#9058=ADVANCED_FACE('',(#495),#8670,.T.);
#9059=ADVANCED_FACE('',(#496),#8671,.F.);
#9060=ADVANCED_FACE('',(#497),#8672,.T.);
#9061=ADVANCED_FACE('',(#498),#8673,.T.);
#9062=ADVANCED_FACE('',(#499),#8674,.T.);
#9063=ADVANCED_FACE('',(#500),#8675,.F.);
#9064=ADVANCED_FACE('',(#501),#8676,.T.);
#9065=ADVANCED_FACE('',(#502),#8677,.T.);
#9066=ADVANCED_FACE('',(#503),#8678,.T.);
#9067=ADVANCED_FACE('',(#504),#8679,.T.);
#9068=ADVANCED_FACE('',(#505),#8680,.F.);
#9069=CLOSED_SHELL('',(#8681,#8682,#8683,#8684,#8685,#8686,#8687,#8688,
#8689,#8690,#8691,#8692,#8693,#8694,#8695,#8696,#8697,#8698,#8699,#8700,
#8701,#8702,#8703,#8704,#8705,#8706,#8707,#8708,#8709,#8710,#8711,#8712,
#8713,#8714,#8715,#8716,#8717,#8718,#8719,#8720,#8721,#8722,#8723,#8724,
#8725,#8726,#8727,#8728,#8729,#8730,#8731,#8732,#8733,#8734,#8735,#8736,
#8737,#8738,#8739,#8740,#8741,#8742,#8743,#8744,#8745,#8746,#8747,#8748,
#8749,#8750,#8751,#8752,#8753,#8754,#8755,#8756,#8757,#8758,#8759,#8760,
#8761,#8762,#8763,#8764,#8765,#8766,#8767,#8768,#8769,#8770,#8771,#8772,
#8773,#8774,#8775,#8776,#8777,#8778,#8779,#8780,#8781,#8782,#8783,#8784,
#8785,#8786,#8787,#8788,#8789,#8790,#8791,#8792,#8793,#8794,#8795,#8796,
#8797,#8798,#8799,#8800,#8801,#8802,#8803,#8804,#8805,#8806,#8807,#8808,
#8809,#8810,#8811,#8812,#8813,#8814,#8815,#8816,#8817,#8818,#8819,#8820,
#8821,#8822,#8823,#8824,#8825,#8826,#8827,#8828,#8829,#8830,#8831,#8832,
#8833,#8834,#8835,#8836,#8837,#8838,#8839,#8840,#8841,#8842));
#9070=CLOSED_SHELL('',(#8843,#8844,#8845,#8846,#8847,#8848,#8849,#8850,
#8851,#8852,#8853,#8854,#8855,#8856,#8857,#8858,#8859,#8860,#8861,#8862,
#8863,#8864,#8865,#8866,#8867,#8868,#8869,#8870,#8871,#8872,#8873,#8874,
#8875,#8876,#8877,#8878,#8879,#8880,#8881,#8882,#8883,#8884,#8885,#8886,
#8887,#8888,#8889,#8890,#8891,#8892,#8893,#8894,#8895,#8896,#8897,#8898,
#8899,#8900,#8901,#8902,#8903,#8904,#8905,#8906,#8907,#8908,#8909,#8910,
#8911,#8912,#8913,#8914,#8915,#8916,#8917,#8918,#8919,#8920,#8921,#8922,
#8923,#8924,#8925,#8926,#8927,#8928,#8929,#8930,#8931,#8932,#8933,#8934,
#8935,#8936,#8937,#8938,#8939,#8940,#8941,#8942,#8943,#8944,#8945,#8946,
#8947,#8948,#8949,#8950,#8951,#8952,#8953,#8954,#8955,#8956,#8957,#8958,
#8959,#8960,#8961,#8962,#8963,#8964,#8965,#8966,#8967,#8968,#8969,#8970,
#8971,#8972,#8973,#8974,#8975,#8976,#8977,#8978,#8979,#8980,#8981,#8982,
#8983,#8984,#8985,#8986,#8987,#8988,#8989,#8990,#8991,#8992,#8993,#8994,
#8995,#8996,#8997,#8998,#8999,#9000,#9001,#9002,#9003,#9004,#9005,#9006,
#9007,#9008,#9009,#9010,#9011,#9012,#9013,#9014,#9015,#9016,#9017,#9018,
#9019,#9020,#9021,#9022,#9023,#9024,#9025,#9026,#9027,#9028,#9029,#9030,
#9031,#9032,#9033,#9034,#9035,#9036,#9037,#9038,#9039,#9040,#9041,#9042,
#9043,#9044,#9045,#9046,#9047,#9048,#9049,#9050,#9051,#9052,#9053,#9054,
#9055,#9056,#9057,#9058,#9059,#9060,#9061,#9062,#9063,#9064,#9065,#9066,
#9067,#9068));
#9071=DERIVED_UNIT_ELEMENT(#9073,1.);
#9072=DERIVED_UNIT_ELEMENT(#14156,-3.);
#9073=(
MASS_UNIT()
NAMED_UNIT(*)
SI_UNIT(.KILO.,.GRAM.)
);
#9074=DERIVED_UNIT((#9071,#9072));
#9075=MEASURE_REPRESENTATION_ITEM('density measure',
POSITIVE_RATIO_MEASURE(7850.),#9074);
#9076=PROPERTY_DEFINITION_REPRESENTATION(#9081,#9078);
#9077=PROPERTY_DEFINITION_REPRESENTATION(#9082,#9079);
#9078=REPRESENTATION('material name',(#9080),#14153);
#9079=REPRESENTATION('density',(#9075),#14153);
#9080=DESCRIPTIVE_REPRESENTATION_ITEM('Steel','Steel');
#9081=PROPERTY_DEFINITION('material property','material name',#14163);
#9082=PROPERTY_DEFINITION('material property','density of part',#14163);
#9083=AXIS2_PLACEMENT_3D('',#11593,#9490,#9491);
#9084=AXIS2_PLACEMENT_3D('',#11594,#9492,#9493);
#9085=AXIS2_PLACEMENT_3D('',#11603,#9498,#9499);
#9086=AXIS2_PLACEMENT_3D('',#11609,#9503,#9504);
#9087=AXIS2_PLACEMENT_3D('',#11615,#9508,#9509);
#9088=AXIS2_PLACEMENT_3D('',#11624,#9514,#9515);
#9089=AXIS2_PLACEMENT_3D('',#11630,#9519,#9520);
#9090=AXIS2_PLACEMENT_3D('',#11636,#9524,#9525);
#9091=AXIS2_PLACEMENT_3D('',#11645,#9530,#9531);
#9092=AXIS2_PLACEMENT_3D('',#11651,#9535,#9536);
#9093=AXIS2_PLACEMENT_3D('',#11657,#9540,#9541);
#9094=AXIS2_PLACEMENT_3D('',#11666,#9546,#9547);
#9095=AXIS2_PLACEMENT_3D('',#11672,#9551,#9552);
#9096=AXIS2_PLACEMENT_3D('',#11678,#9556,#9557);
#9097=AXIS2_PLACEMENT_3D('',#11687,#9562,#9563);
#9098=AXIS2_PLACEMENT_3D('',#11693,#9567,#9568);
#9099=AXIS2_PLACEMENT_3D('',#11699,#9572,#9573);
#9100=AXIS2_PLACEMENT_3D('',#11708,#9578,#9579);
#9101=AXIS2_PLACEMENT_3D('',#11714,#9583,#9584);
#9102=AXIS2_PLACEMENT_3D('',#11720,#9588,#9589);
#9103=AXIS2_PLACEMENT_3D('',#11729,#9594,#9595);
#9104=AXIS2_PLACEMENT_3D('',#11735,#9599,#9600);
#9105=AXIS2_PLACEMENT_3D('',#11741,#9604,#9605);
#9106=AXIS2_PLACEMENT_3D('',#11750,#9610,#9611);
#9107=AXIS2_PLACEMENT_3D('',#11756,#9615,#9616);
#9108=AXIS2_PLACEMENT_3D('',#11762,#9620,#9621);
#9109=AXIS2_PLACEMENT_3D('',#11771,#9626,#9627);
#9110=AXIS2_PLACEMENT_3D('',#11777,#9631,#9632);
#9111=AXIS2_PLACEMENT_3D('',#11783,#9636,#9637);
#9112=AXIS2_PLACEMENT_3D('',#11792,#9642,#9643);
#9113=AXIS2_PLACEMENT_3D('',#11801,#9648,#9649);
#9114=AXIS2_PLACEMENT_3D('',#11804,#9652,#9653);
#9115=AXIS2_PLACEMENT_3D('',#11813,#9658,#9659);
#9116=AXIS2_PLACEMENT_3D('',#11822,#9664,#9665);
#9117=AXIS2_PLACEMENT_3D('',#11825,#9668,#9669);
#9118=AXIS2_PLACEMENT_3D('',#11834,#9674,#9675);
#9119=AXIS2_PLACEMENT_3D('',#11840,#9679,#9680);
#9120=AXIS2_PLACEMENT_3D('',#11846,#9684,#9685);
#9121=AXIS2_PLACEMENT_3D('',#11855,#9690,#9691);
#9122=AXIS2_PLACEMENT_3D('',#11861,#9695,#9696);
#9123=AXIS2_PLACEMENT_3D('',#11867,#9700,#9701);
#9124=AXIS2_PLACEMENT_3D('',#11876,#9706,#9707);
#9125=AXIS2_PLACEMENT_3D('',#11882,#9711,#9712);
#9126=AXIS2_PLACEMENT_3D('',#11888,#9716,#9717);
#9127=AXIS2_PLACEMENT_3D('',#11897,#9722,#9723);
#9128=AXIS2_PLACEMENT_3D('',#11903,#9727,#9728);
#9129=AXIS2_PLACEMENT_3D('',#11909,#9732,#9733);
#9130=AXIS2_PLACEMENT_3D('',#11918,#9738,#9739);
#9131=AXIS2_PLACEMENT_3D('',#11924,#9743,#9744);
#9132=AXIS2_PLACEMENT_3D('',#11930,#9748,#9749);
#9133=AXIS2_PLACEMENT_3D('',#11939,#9754,#9755);
#9134=AXIS2_PLACEMENT_3D('',#11945,#9759,#9760);
#9135=AXIS2_PLACEMENT_3D('',#11951,#9764,#9765);
#9136=AXIS2_PLACEMENT_3D('',#11960,#9770,#9771);
#9137=AXIS2_PLACEMENT_3D('',#11966,#9775,#9776);
#9138=AXIS2_PLACEMENT_3D('',#11972,#9780,#9781);
#9139=AXIS2_PLACEMENT_3D('',#11981,#9786,#9787);
#9140=AXIS2_PLACEMENT_3D('',#11987,#9791,#9792);
#9141=AXIS2_PLACEMENT_3D('',#11993,#9796,#9797);
#9142=AXIS2_PLACEMENT_3D('',#12002,#9802,#9803);
#9143=AXIS2_PLACEMENT_3D('',#12008,#9807,#9808);
#9144=AXIS2_PLACEMENT_3D('',#12014,#9812,#9813);
#9145=AXIS2_PLACEMENT_3D('',#12023,#9818,#9819);
#9146=AXIS2_PLACEMENT_3D('',#12032,#9824,#9825);
#9147=AXIS2_PLACEMENT_3D('',#12035,#9828,#9829);
#9148=AXIS2_PLACEMENT_3D('',#12044,#9834,#9835);
#9149=AXIS2_PLACEMENT_3D('',#12050,#9839,#9840);
#9150=AXIS2_PLACEMENT_3D('',#12056,#9844,#9845);
#9151=AXIS2_PLACEMENT_3D('',#12065,#9850,#9851);
#9152=AXIS2_PLACEMENT_3D('',#12071,#9855,#9856);
#9153=AXIS2_PLACEMENT_3D('',#12077,#9860,#9861);
#9154=AXIS2_PLACEMENT_3D('',#12086,#9866,#9867);
#9155=AXIS2_PLACEMENT_3D('',#12095,#9872,#9873);
#9156=AXIS2_PLACEMENT_3D('',#12098,#9876,#9877);
#9157=AXIS2_PLACEMENT_3D('',#12107,#9882,#9883);
#9158=AXIS2_PLACEMENT_3D('',#12113,#9887,#9888);
#9159=AXIS2_PLACEMENT_3D('',#12119,#9892,#9893);
#9160=AXIS2_PLACEMENT_3D('',#12128,#9898,#9899);
#9161=AXIS2_PLACEMENT_3D('',#12134,#9903,#9904);
#9162=AXIS2_PLACEMENT_3D('',#12140,#9908,#9909);
#9163=AXIS2_PLACEMENT_3D('',#12149,#9914,#9915);
#9164=AXIS2_PLACEMENT_3D('',#12155,#9919,#9920);
#9165=AXIS2_PLACEMENT_3D('',#12161,#9924,#9925);
#9166=AXIS2_PLACEMENT_3D('',#12170,#9930,#9931);
#9167=AXIS2_PLACEMENT_3D('',#12176,#9935,#9936);
#9168=AXIS2_PLACEMENT_3D('',#12182,#9940,#9941);
#9169=AXIS2_PLACEMENT_3D('',#12191,#9946,#9947);
#9170=AXIS2_PLACEMENT_3D('',#12197,#9951,#9952);
#9171=AXIS2_PLACEMENT_3D('',#12203,#9956,#9957);
#9172=AXIS2_PLACEMENT_3D('',#12212,#9962,#9963);
#9173=AXIS2_PLACEMENT_3D('',#12218,#9967,#9968);
#9174=AXIS2_PLACEMENT_3D('',#12224,#9972,#9973);
#9175=AXIS2_PLACEMENT_3D('',#12233,#9978,#9979);
#9176=AXIS2_PLACEMENT_3D('',#12239,#9983,#9984);
#9177=AXIS2_PLACEMENT_3D('',#12245,#9988,#9989);
#9178=AXIS2_PLACEMENT_3D('',#12254,#9994,#9995);
#9179=AXIS2_PLACEMENT_3D('',#12260,#9999,#10000);
#9180=AXIS2_PLACEMENT_3D('',#12266,#10004,#10005);
#9181=AXIS2_PLACEMENT_3D('',#12275,#10010,#10011);
#9182=AXIS2_PLACEMENT_3D('',#12284,#10016,#10017);
#9183=AXIS2_PLACEMENT_3D('',#12287,#10020,#10021);
#9184=AXIS2_PLACEMENT_3D('',#12296,#10026,#10027);
#9185=AXIS2_PLACEMENT_3D('',#12302,#10031,#10032);
#9186=AXIS2_PLACEMENT_3D('',#12308,#10036,#10037);
#9187=AXIS2_PLACEMENT_3D('',#12317,#10042,#10043);
#9188=AXIS2_PLACEMENT_3D('',#12323,#10047,#10048);
#9189=AXIS2_PLACEMENT_3D('',#12329,#10052,#10053);
#9190=AXIS2_PLACEMENT_3D('',#12338,#10058,#10059);
#9191=AXIS2_PLACEMENT_3D('',#12347,#10064,#10065);
#9192=AXIS2_PLACEMENT_3D('',#12350,#10068,#10069);
#9193=AXIS2_PLACEMENT_3D('',#12359,#10074,#10075);
#9194=AXIS2_PLACEMENT_3D('',#12365,#10079,#10080);
#9195=AXIS2_PLACEMENT_3D('',#12371,#10084,#10085);
#9196=AXIS2_PLACEMENT_3D('',#12380,#10090,#10091);
#9197=AXIS2_PLACEMENT_3D('',#12386,#10095,#10096);
#9198=AXIS2_PLACEMENT_3D('',#12392,#10100,#10101);
#9199=AXIS2_PLACEMENT_3D('',#12401,#10106,#10107);
#9200=AXIS2_PLACEMENT_3D('',#12407,#10111,#10112);
#9201=AXIS2_PLACEMENT_3D('',#12413,#10116,#10117);
#9202=AXIS2_PLACEMENT_3D('',#12422,#10122,#10123);
#9203=AXIS2_PLACEMENT_3D('',#12428,#10127,#10128);
#9204=AXIS2_PLACEMENT_3D('',#12434,#10132,#10133);
#9205=AXIS2_PLACEMENT_3D('',#12443,#10138,#10139);
#9206=AXIS2_PLACEMENT_3D('',#12449,#10143,#10144);
#9207=AXIS2_PLACEMENT_3D('',#12455,#10148,#10149);
#9208=AXIS2_PLACEMENT_3D('',#12464,#10154,#10155);
#9209=AXIS2_PLACEMENT_3D('',#12470,#10159,#10160);
#9210=AXIS2_PLACEMENT_3D('',#12476,#10164,#10165);
#9211=AXIS2_PLACEMENT_3D('',#12527,#10212,#10213);
#9212=AXIS2_PLACEMENT_3D('',#12578,#10260,#10261);
#9213=AXIS2_PLACEMENT_3D('',#12587,#10266,#10267);
#9214=AXIS2_PLACEMENT_3D('',#12593,#10271,#10272);
#9215=AXIS2_PLACEMENT_3D('',#12612,#10283,#10284);
#9216=AXIS2_PLACEMENT_3D('',#12615,#10287,#10288);
#9217=AXIS2_PLACEMENT_3D('',#12624,#10293,#10294);
#9218=AXIS2_PLACEMENT_3D('',#12633,#10299,#10300);
#9219=AXIS2_PLACEMENT_3D('',#12636,#10303,#10304);
#9220=AXIS2_PLACEMENT_3D('',#12645,#10309,#10310);
#9221=AXIS2_PLACEMENT_3D('',#12651,#10314,#10315);
#9222=AXIS2_PLACEMENT_3D('',#12670,#10326,#10327);
#9223=AXIS2_PLACEMENT_3D('',#12673,#10330,#10331);
#9224=AXIS2_PLACEMENT_3D('',#12682,#10336,#10337);
#9225=AXIS2_PLACEMENT_3D('',#12688,#10341,#10342);
#9226=AXIS2_PLACEMENT_3D('',#12694,#10346,#10347);
#9227=AXIS2_PLACEMENT_3D('',#12700,#10353,#10354);
#9228=AXIS2_PLACEMENT_3D('',#12718,#10364,#10365);
#9229=AXIS2_PLACEMENT_3D('',#12724,#10369,#10370);
#9230=AXIS2_PLACEMENT_3D('',#12730,#10374,#10375);
#9231=AXIS2_PLACEMENT_3D('',#12733,#10378,#10379);
#9232=AXIS2_PLACEMENT_3D('',#12739,#10383,#10384);
#9233=AXIS2_PLACEMENT_3D('',#12745,#10388,#10389);
#9234=AXIS2_PLACEMENT_3D('',#12748,#10392,#10393);
#9235=AXIS2_PLACEMENT_3D('',#12754,#10397,#10398);
#9236=AXIS2_PLACEMENT_3D('',#12760,#10402,#10403);
#9237=AXIS2_PLACEMENT_3D('',#12763,#10406,#10407);
#9238=AXIS2_PLACEMENT_3D('',#12769,#10411,#10412);
#9239=AXIS2_PLACEMENT_3D('',#12775,#10416,#10417);
#9240=AXIS2_PLACEMENT_3D('',#12778,#10420,#10421);
#9241=AXIS2_PLACEMENT_3D('',#12784,#10425,#10426);
#9242=AXIS2_PLACEMENT_3D('',#12788,#10429,#10430);
#9243=AXIS2_PLACEMENT_3D('',#12792,#10433,#10434);
#9244=AXIS2_PLACEMENT_3D('',#12794,#10436,#10437);
#9245=AXIS2_PLACEMENT_3D('',#12795,#10438,#10439);
#9246=AXIS2_PLACEMENT_3D('',#12796,#10440,#10441);
#9247=AXIS2_PLACEMENT_3D('',#12799,#10442,#10443);
#9248=AXIS2_PLACEMENT_3D('',#12801,#10444,#10445);
#9249=AXIS2_PLACEMENT_3D('',#12802,#10446,#10447);
#9250=AXIS2_PLACEMENT_3D('',#12803,#10448,#10449);
#9251=AXIS2_PLACEMENT_3D('',#12806,#10450,#10451);
#9252=AXIS2_PLACEMENT_3D('',#12809,#10454,#10455);
#9253=AXIS2_PLACEMENT_3D('',#12812,#10456,#10457);
#9254=AXIS2_PLACEMENT_3D('',#12814,#10458,#10459);
#9255=AXIS2_PLACEMENT_3D('',#12815,#10460,#10461);
#9256=AXIS2_PLACEMENT_3D('',#12816,#10462,#10463);
#9257=AXIS2_PLACEMENT_3D('',#12819,#10464,#10465);
#9258=AXIS2_PLACEMENT_3D('',#12822,#10468,#10469);
#9259=AXIS2_PLACEMENT_3D('',#12825,#10472,#10473);
#9260=AXIS2_PLACEMENT_3D('',#12828,#10474,#10475);
#9261=AXIS2_PLACEMENT_3D('',#12830,#10476,#10477);
#9262=AXIS2_PLACEMENT_3D('',#12831,#10478,#10479);
#9263=AXIS2_PLACEMENT_3D('',#12832,#10480,#10481);
#9264=AXIS2_PLACEMENT_3D('',#12835,#10482,#10483);
#9265=AXIS2_PLACEMENT_3D('',#12838,#10486,#10487);
#9266=AXIS2_PLACEMENT_3D('',#12841,#10488,#10489);
#9267=AXIS2_PLACEMENT_3D('',#12843,#10490,#10491);
#9268=AXIS2_PLACEMENT_3D('',#12844,#10492,#10493);
#9269=AXIS2_PLACEMENT_3D('',#12845,#10494,#10495);
#9270=AXIS2_PLACEMENT_3D('',#12848,#10496,#10497);
#9271=AXIS2_PLACEMENT_3D('',#12851,#10500,#10501);
#9272=AXIS2_PLACEMENT_3D('',#12854,#10504,#10505);
#9273=AXIS2_PLACEMENT_3D('',#12857,#10508,#10509);
#9274=AXIS2_PLACEMENT_3D('',#12860,#10512,#10513);
#9275=AXIS2_PLACEMENT_3D('',#12870,#10519,#10520);
#9276=AXIS2_PLACEMENT_3D('',#12880,#10526,#10527);
#9277=AXIS2_PLACEMENT_3D('',#12882,#10528,#10529);
#9278=AXIS2_PLACEMENT_3D('',#12883,#10530,#10531);
#9279=AXIS2_PLACEMENT_3D('',#12886,#10533,#10534);
#9280=AXIS2_PLACEMENT_3D('',#12887,#10535,#10536);
#9281=AXIS2_PLACEMENT_3D('',#12888,#10537,#10538);
#9282=AXIS2_PLACEMENT_3D('',#12898,#10544,#10545);
#9283=AXIS2_PLACEMENT_3D('',#12908,#10551,#10552);
#9284=AXIS2_PLACEMENT_3D('',#12949,#10577,#10578);
#9285=AXIS2_PLACEMENT_3D('',#12958,#10583,#10584);
#9286=AXIS2_PLACEMENT_3D('',#12964,#10588,#10589);
#9287=AXIS2_PLACEMENT_3D('',#12970,#10593,#10594);
#9288=AXIS2_PLACEMENT_3D('',#12972,#10596,#10597);
#9289=AXIS2_PLACEMENT_3D('',#13310,#10767,#10768);
#9290=AXIS2_PLACEMENT_3D('',#13316,#10772,#10773);
#9291=AXIS2_PLACEMENT_3D('',#13320,#10776,#10777);
#9292=AXIS2_PLACEMENT_3D('',#13324,#10780,#10781);
#9293=AXIS2_PLACEMENT_3D('',#13326,#10783,#10784);
#9294=AXIS2_PLACEMENT_3D('',#13332,#10788,#10789);
#9295=AXIS2_PLACEMENT_3D('',#13336,#10792,#10793);
#9296=AXIS2_PLACEMENT_3D('',#13340,#10796,#10797);
#9297=AXIS2_PLACEMENT_3D('',#13342,#10799,#10800);
#9298=AXIS2_PLACEMENT_3D('',#13348,#10804,#10805);
#9299=AXIS2_PLACEMENT_3D('',#13352,#10808,#10809);
#9300=AXIS2_PLACEMENT_3D('',#13356,#10812,#10813);
#9301=AXIS2_PLACEMENT_3D('',#13358,#10815,#10816);
#9302=AXIS2_PLACEMENT_3D('',#13364,#10820,#10821);
#9303=AXIS2_PLACEMENT_3D('',#13368,#10824,#10825);
#9304=AXIS2_PLACEMENT_3D('',#13372,#10828,#10829);
#9305=AXIS2_PLACEMENT_3D('',#13374,#10831,#10832);
#9306=AXIS2_PLACEMENT_3D('',#13380,#10836,#10837);
#9307=AXIS2_PLACEMENT_3D('',#13384,#10840,#10841);
#9308=AXIS2_PLACEMENT_3D('',#13388,#10844,#10845);
#9309=AXIS2_PLACEMENT_3D('',#13390,#10847,#10848);
#9310=AXIS2_PLACEMENT_3D('',#13398,#10853,#10854);
#9311=AXIS2_PLACEMENT_3D('',#13402,#10857,#10858);
#9312=AXIS2_PLACEMENT_3D('',#13408,#10862,#10863);
#9313=AXIS2_PLACEMENT_3D('',#13410,#10865,#10866);
#9314=AXIS2_PLACEMENT_3D('',#13476,#10900,#10901);
#9315=AXIS2_PLACEMENT_3D('',#13482,#10905,#10906);
#9316=AXIS2_PLACEMENT_3D('',#13486,#10909,#10910);
#9317=AXIS2_PLACEMENT_3D('',#13490,#10913,#10914);
#9318=AXIS2_PLACEMENT_3D('',#13492,#10916,#10917);
#9319=AXIS2_PLACEMENT_3D('',#13498,#10921,#10922);
#9320=AXIS2_PLACEMENT_3D('',#13504,#10926,#10927);
#9321=AXIS2_PLACEMENT_3D('',#13506,#10929,#10930);
#9322=AXIS2_PLACEMENT_3D('',#13508,#10932,#10933);
#9323=AXIS2_PLACEMENT_3D('',#13514,#10937,#10938);
#9324=AXIS2_PLACEMENT_3D('',#13518,#10941,#10942);
#9325=AXIS2_PLACEMENT_3D('',#13522,#10945,#10946);
#9326=AXIS2_PLACEMENT_3D('',#13524,#10948,#10949);
#9327=AXIS2_PLACEMENT_3D('',#13530,#10953,#10954);
#9328=AXIS2_PLACEMENT_3D('',#13534,#10957,#10958);
#9329=AXIS2_PLACEMENT_3D('',#13538,#10961,#10962);
#9330=AXIS2_PLACEMENT_3D('',#13540,#10964,#10965);
#9331=AXIS2_PLACEMENT_3D('',#13543,#10968,#10969);
#9332=AXIS2_PLACEMENT_3D('',#13547,#10972,#10973);
#9333=AXIS2_PLACEMENT_3D('',#13551,#10976,#10977);
#9334=AXIS2_PLACEMENT_3D('',#13553,#10979,#10980);
#9335=AXIS2_PLACEMENT_3D('',#13559,#10984,#10985);
#9336=AXIS2_PLACEMENT_3D('',#13563,#10988,#10989);
#9337=AXIS2_PLACEMENT_3D('',#13567,#10992,#10993);
#9338=AXIS2_PLACEMENT_3D('',#13569,#10995,#10996);
#9339=AXIS2_PLACEMENT_3D('',#13575,#11000,#11001);
#9340=AXIS2_PLACEMENT_3D('',#13581,#11005,#11006);
#9341=AXIS2_PLACEMENT_3D('',#13583,#11008,#11009);
#9342=AXIS2_PLACEMENT_3D('',#13585,#11011,#11012);
#9343=AXIS2_PLACEMENT_3D('',#13591,#11016,#11017);
#9344=AXIS2_PLACEMENT_3D('',#13595,#11020,#11021);
#9345=AXIS2_PLACEMENT_3D('',#13599,#11024,#11025);
#9346=AXIS2_PLACEMENT_3D('',#13601,#11027,#11028);
#9347=AXIS2_PLACEMENT_3D('',#13607,#11032,#11033);
#9348=AXIS2_PLACEMENT_3D('',#13611,#11036,#11037);
#9349=AXIS2_PLACEMENT_3D('',#13615,#11040,#11041);
#9350=AXIS2_PLACEMENT_3D('',#13617,#11043,#11044);
#9351=AXIS2_PLACEMENT_3D('',#13620,#11047,#11048);
#9352=AXIS2_PLACEMENT_3D('',#13624,#11051,#11052);
#9353=AXIS2_PLACEMENT_3D('',#13628,#11055,#11056);
#9354=AXIS2_PLACEMENT_3D('',#13630,#11058,#11059);
#9355=AXIS2_PLACEMENT_3D('',#13635,#11063,#11064);
#9356=AXIS2_PLACEMENT_3D('',#13637,#11066,#11067);
#9357=AXIS2_PLACEMENT_3D('',#13641,#11070,#11071);
#9358=AXIS2_PLACEMENT_3D('',#13643,#11073,#11074);
#9359=AXIS2_PLACEMENT_3D('',#13649,#11078,#11079);
#9360=AXIS2_PLACEMENT_3D('',#13655,#11083,#11084);
#9361=AXIS2_PLACEMENT_3D('',#13657,#11086,#11087);
#9362=AXIS2_PLACEMENT_3D('',#13659,#11089,#11090);
#9363=AXIS2_PLACEMENT_3D('',#13665,#11094,#11095);
#9364=AXIS2_PLACEMENT_3D('',#13669,#11098,#11099);
#9365=AXIS2_PLACEMENT_3D('',#13673,#11102,#11103);
#9366=AXIS2_PLACEMENT_3D('',#13675,#11105,#11106);
#9367=AXIS2_PLACEMENT_3D('',#13681,#11110,#11111);
#9368=AXIS2_PLACEMENT_3D('',#13685,#11114,#11115);
#9369=AXIS2_PLACEMENT_3D('',#13689,#11118,#11119);
#9370=AXIS2_PLACEMENT_3D('',#13691,#11121,#11122);
#9371=AXIS2_PLACEMENT_3D('',#13697,#11126,#11127);
#9372=AXIS2_PLACEMENT_3D('',#13701,#11130,#11131);
#9373=AXIS2_PLACEMENT_3D('',#13705,#11134,#11135);
#9374=AXIS2_PLACEMENT_3D('',#13707,#11137,#11138);
#9375=AXIS2_PLACEMENT_3D('',#13713,#11142,#11143);
#9376=AXIS2_PLACEMENT_3D('',#13717,#11146,#11147);
#9377=AXIS2_PLACEMENT_3D('',#13721,#11150,#11151);
#9378=AXIS2_PLACEMENT_3D('',#13723,#11153,#11154);
#9379=AXIS2_PLACEMENT_3D('',#13729,#11158,#11159);
#9380=AXIS2_PLACEMENT_3D('',#13733,#11162,#11163);
#9381=AXIS2_PLACEMENT_3D('',#13737,#11166,#11167);
#9382=AXIS2_PLACEMENT_3D('',#13739,#11169,#11170);
#9383=AXIS2_PLACEMENT_3D('',#13745,#11174,#11175);
#9384=AXIS2_PLACEMENT_3D('',#13749,#11178,#11179);
#9385=AXIS2_PLACEMENT_3D('',#13753,#11182,#11183);
#9386=AXIS2_PLACEMENT_3D('',#13755,#11185,#11186);
#9387=AXIS2_PLACEMENT_3D('',#13761,#11190,#11191);
#9388=AXIS2_PLACEMENT_3D('',#13765,#11194,#11195);
#9389=AXIS2_PLACEMENT_3D('',#13769,#11198,#11199);
#9390=AXIS2_PLACEMENT_3D('',#13771,#11201,#11202);
#9391=AXIS2_PLACEMENT_3D('',#13777,#11206,#11207);
#9392=AXIS2_PLACEMENT_3D('',#13781,#11210,#11211);
#9393=AXIS2_PLACEMENT_3D('',#13785,#11214,#11215);
#9394=AXIS2_PLACEMENT_3D('',#13787,#11217,#11218);
#9395=AXIS2_PLACEMENT_3D('',#13793,#11222,#11223);
#9396=AXIS2_PLACEMENT_3D('',#13799,#11227,#11228);
#9397=AXIS2_PLACEMENT_3D('',#13801,#11230,#11231);
#9398=AXIS2_PLACEMENT_3D('',#13803,#11233,#11234);
#9399=AXIS2_PLACEMENT_3D('',#13808,#11238,#11239);
#9400=AXIS2_PLACEMENT_3D('',#13813,#11243,#11244);
#9401=AXIS2_PLACEMENT_3D('',#13814,#11245,#11246);
#9402=AXIS2_PLACEMENT_3D('',#13816,#11248,#11249);
#9403=AXIS2_PLACEMENT_3D('',#13822,#11253,#11254);
#9404=AXIS2_PLACEMENT_3D('',#13826,#11257,#11258);
#9405=AXIS2_PLACEMENT_3D('',#13830,#11261,#11262);
#9406=AXIS2_PLACEMENT_3D('',#13832,#11264,#11265);
#9407=AXIS2_PLACEMENT_3D('',#13838,#11269,#11270);
#9408=AXIS2_PLACEMENT_3D('',#13844,#11274,#11275);
#9409=AXIS2_PLACEMENT_3D('',#13846,#11277,#11278);
#9410=AXIS2_PLACEMENT_3D('',#13848,#11280,#11281);
#9411=AXIS2_PLACEMENT_3D('',#13854,#11285,#11286);
#9412=AXIS2_PLACEMENT_3D('',#13858,#11289,#11290);
#9413=AXIS2_PLACEMENT_3D('',#13862,#11293,#11294);
#9414=AXIS2_PLACEMENT_3D('',#13864,#11296,#11297);
#9415=AXIS2_PLACEMENT_3D('',#13870,#11301,#11302);
#9416=AXIS2_PLACEMENT_3D('',#13876,#11306,#11307);
#9417=AXIS2_PLACEMENT_3D('',#13878,#11309,#11310);
#9418=AXIS2_PLACEMENT_3D('',#13880,#11312,#11313);
#9419=AXIS2_PLACEMENT_3D('',#13886,#11317,#11318);
#9420=AXIS2_PLACEMENT_3D('',#13890,#11321,#11322);
#9421=AXIS2_PLACEMENT_3D('',#13894,#11325,#11326);
#9422=AXIS2_PLACEMENT_3D('',#13896,#11328,#11329);
#9423=AXIS2_PLACEMENT_3D('',#13902,#11333,#11334);
#9424=AXIS2_PLACEMENT_3D('',#13906,#11337,#11338);
#9425=AXIS2_PLACEMENT_3D('',#13910,#11341,#11342);
#9426=AXIS2_PLACEMENT_3D('',#13912,#11344,#11345);
#9427=AXIS2_PLACEMENT_3D('',#13917,#11349,#11350);
#9428=AXIS2_PLACEMENT_3D('',#13919,#11352,#11353);
#9429=AXIS2_PLACEMENT_3D('',#13923,#11356,#11357);
#9430=AXIS2_PLACEMENT_3D('',#13925,#11359,#11360);
#9431=AXIS2_PLACEMENT_3D('',#13931,#11364,#11365);
#9432=AXIS2_PLACEMENT_3D('',#13935,#11368,#11369);
#9433=AXIS2_PLACEMENT_3D('',#13939,#11372,#11373);
#9434=AXIS2_PLACEMENT_3D('',#13941,#11375,#11376);
#9435=AXIS2_PLACEMENT_3D('',#13947,#11380,#11381);
#9436=AXIS2_PLACEMENT_3D('',#13951,#11384,#11385);
#9437=AXIS2_PLACEMENT_3D('',#13955,#11388,#11389);
#9438=AXIS2_PLACEMENT_3D('',#13957,#11391,#11392);
#9439=AXIS2_PLACEMENT_3D('',#13962,#11396,#11397);
#9440=AXIS2_PLACEMENT_3D('',#13967,#11401,#11402);
#9441=AXIS2_PLACEMENT_3D('',#13968,#11403,#11404);
#9442=AXIS2_PLACEMENT_3D('',#13970,#11406,#11407);
#9443=AXIS2_PLACEMENT_3D('',#13976,#11411,#11412);
#9444=AXIS2_PLACEMENT_3D('',#13980,#11415,#11416);
#9445=AXIS2_PLACEMENT_3D('',#13984,#11419,#11420);
#9446=AXIS2_PLACEMENT_3D('',#13986,#11422,#11423);
#9447=AXIS2_PLACEMENT_3D('',#13991,#11427,#11428);
#9448=AXIS2_PLACEMENT_3D('',#13993,#11430,#11431);
#9449=AXIS2_PLACEMENT_3D('',#13997,#11434,#11435);
#9450=AXIS2_PLACEMENT_3D('',#13999,#11437,#11438);
#9451=AXIS2_PLACEMENT_3D('',#14005,#11442,#11443);
#9452=AXIS2_PLACEMENT_3D('',#14009,#11446,#11447);
#9453=AXIS2_PLACEMENT_3D('',#14015,#11452,#11453);
#9454=AXIS2_PLACEMENT_3D('',#14017,#11455,#11456);
#9455=AXIS2_PLACEMENT_3D('',#14018,#11457,#11458);
#9456=AXIS2_PLACEMENT_3D('',#14024,#11462,#11463);
#9457=AXIS2_PLACEMENT_3D('',#14028,#11466,#11467);
#9458=AXIS2_PLACEMENT_3D('',#14032,#11470,#11471);
#9459=AXIS2_PLACEMENT_3D('',#14034,#11473,#11474);
#9460=AXIS2_PLACEMENT_3D('',#14040,#11478,#11479);
#9461=AXIS2_PLACEMENT_3D('',#14044,#11482,#11483);
#9462=AXIS2_PLACEMENT_3D('',#14048,#11486,#11487);
#9463=AXIS2_PLACEMENT_3D('',#14050,#11489,#11490);
#9464=AXIS2_PLACEMENT_3D('',#14056,#11494,#11495);
#9465=AXIS2_PLACEMENT_3D('',#14060,#11498,#11499);
#9466=AXIS2_PLACEMENT_3D('',#14064,#11502,#11503);
#9467=AXIS2_PLACEMENT_3D('',#14066,#11505,#11506);
#9468=AXIS2_PLACEMENT_3D('',#14074,#11512,#11513);
#9469=AXIS2_PLACEMENT_3D('',#14078,#11516,#11517);
#9470=AXIS2_PLACEMENT_3D('',#14082,#11520,#11521);
#9471=AXIS2_PLACEMENT_3D('',#14084,#11523,#11524);
#9472=AXIS2_PLACEMENT_3D('',#14085,#11525,#11526);
#9473=AXIS2_PLACEMENT_3D('',#14091,#11530,#11531);
#9474=AXIS2_PLACEMENT_3D('',#14095,#11534,#11535);
#9475=AXIS2_PLACEMENT_3D('',#14099,#11538,#11539);
#9476=AXIS2_PLACEMENT_3D('',#14101,#11541,#11542);
#9477=AXIS2_PLACEMENT_3D('',#14107,#11546,#11547);
#9478=AXIS2_PLACEMENT_3D('',#14111,#11550,#11551);
#9479=AXIS2_PLACEMENT_3D('',#14115,#11554,#11555);
#9480=AXIS2_PLACEMENT_3D('',#14117,#11557,#11558);
#9481=AXIS2_PLACEMENT_3D('',#14118,#11559,#11560);
#9482=AXIS2_PLACEMENT_3D('',#14124,#11564,#11565);
#9483=AXIS2_PLACEMENT_3D('',#14128,#11568,#11569);
#9484=AXIS2_PLACEMENT_3D('',#14132,#11572,#11573);
#9485=AXIS2_PLACEMENT_3D('',#14134,#11575,#11576);
#9486=AXIS2_PLACEMENT_3D('',#14140,#11580,#11581);
#9487=AXIS2_PLACEMENT_3D('',#14144,#11584,#11585);
#9488=AXIS2_PLACEMENT_3D('',#14148,#11588,#11589);
#9489=AXIS2_PLACEMENT_3D('',#14150,#11591,#11592);
#9490=DIRECTION('axis',(0.,0.,1.));
#9491=DIRECTION('refdir',(1.,0.,0.));
#9492=DIRECTION('center_axis',(1.,-2.22044604925031E-16,0.));
#9493=DIRECTION('ref_axis',(2.22044604925031E-16,1.,0.));
#9494=DIRECTION('',(2.22044604925031E-16,1.,0.));
#9495=DIRECTION('',(0.,0.,1.));
#9496=DIRECTION('',(2.22044604925031E-16,1.,0.));
#9497=DIRECTION('',(0.,0.,1.));
#9498=DIRECTION('center_axis',(2.22044604925031E-16,1.,0.));
#9499=DIRECTION('ref_axis',(-1.,2.22044604925031E-16,0.));
#9500=DIRECTION('',(-1.,2.22044604925031E-16,0.));
#9501=DIRECTION('',(-1.,2.22044604925031E-16,0.));
#9502=DIRECTION('',(0.,0.,1.));
#9503=DIRECTION('center_axis',(-1.,2.22044604925031E-16,0.));
#9504=DIRECTION('ref_axis',(-2.22044604925031E-16,-1.,0.));
#9505=DIRECTION('',(-2.22044604925031E-16,-1.,0.));
#9506=DIRECTION('',(-2.22044604925031E-16,-1.,0.));
#9507=DIRECTION('',(0.,0.,1.));
#9508=DIRECTION('center_axis',(-1.,2.22044604925031E-16,0.));
#9509=DIRECTION('ref_axis',(-2.22044604925031E-16,-1.,0.));
#9510=DIRECTION('',(-2.22044604925031E-16,-1.,0.));
#9511=DIRECTION('',(0.,0.,1.));
#9512=DIRECTION('',(-2.22044604925031E-16,-1.,0.));
#9513=DIRECTION('',(0.,0.,1.));
#9514=DIRECTION('center_axis',(-2.22044604925031E-16,-1.,0.));
#9515=DIRECTION('ref_axis',(1.,-2.22044604925031E-16,0.));
#9516=DIRECTION('',(1.,-2.22044604925031E-16,0.));
#9517=DIRECTION('',(1.,-2.22044604925031E-16,0.));
#9518=DIRECTION('',(0.,0.,1.));
#9519=DIRECTION('center_axis',(1.,-2.22044604925031E-16,0.));
#9520=DIRECTION('ref_axis',(2.22044604925031E-16,1.,0.));
#9521=DIRECTION('',(2.22044604925031E-16,1.,0.));
#9522=DIRECTION('',(2.22044604925031E-16,1.,0.));
#9523=DIRECTION('',(0.,0.,1.));
#9524=DIRECTION('center_axis',(-1.,2.22044604925031E-16,0.));
#9525=DIRECTION('ref_axis',(-2.22044604925031E-16,-1.,0.));
#9526=DIRECTION('',(-2.22044604925031E-16,-1.,0.));
#9527=DIRECTION('',(0.,0.,1.));
#9528=DIRECTION('',(-2.22044604925031E-16,-1.,0.));
#9529=DIRECTION('',(0.,0.,1.));
#9530=DIRECTION('center_axis',(-2.22044604925031E-16,-1.,0.));
#9531=DIRECTION('ref_axis',(1.,-2.22044604925031E-16,0.));
#9532=DIRECTION('',(1.,-2.22044604925031E-16,0.));
#9533=DIRECTION('',(1.,-2.22044604925031E-16,0.));
#9534=DIRECTION('',(0.,0.,1.));
#9535=DIRECTION('center_axis',(2.22044604925031E-16,1.,0.));
#9536=DIRECTION('ref_axis',(-1.,2.22044604925031E-16,0.));
#9537=DIRECTION('',(-1.,2.22044604925031E-16,0.));
#9538=DIRECTION('',(0.,0.,1.));
#9539=DIRECTION('',(-1.,2.22044604925031E-16,0.));
#9540=DIRECTION('center_axis',(1.77316195299845E-16,-1.,0.));
#9541=DIRECTION('ref_axis',(1.,1.77316195299845E-16,0.));
#9542=DIRECTION('',(1.,1.77316195299845E-16,0.));
#9543=DIRECTION('',(0.,0.,1.));
#9544=DIRECTION('',(1.,1.77316195299845E-16,0.));
#9545=DIRECTION('',(0.,0.,1.));
#9546=DIRECTION('center_axis',(1.,-2.22044604925031E-16,0.));
#9547=DIRECTION('ref_axis',(2.22044604925031E-16,1.,0.));
#9548=DIRECTION('',(2.22044604925031E-16,1.,0.));
#9549=DIRECTION('',(2.22044604925031E-16,1.,0.));
#9550=DIRECTION('',(0.,0.,1.));
#9551=DIRECTION('center_axis',(2.2364204812593E-17,1.,0.));
#9552=DIRECTION('ref_axis',(-1.,2.2364204812593E-17,0.));
#9553=DIRECTION('',(-1.,2.2364204812593E-17,0.));
#9554=DIRECTION('',(-1.,2.2364204812593E-17,0.));
#9555=DIRECTION('',(0.,0.,1.));
#9556=DIRECTION('center_axis',(1.,-2.22044604925031E-16,0.));
#9557=DIRECTION('ref_axis',(2.22044604925031E-16,1.,0.));
#9558=DIRECTION('',(2.22044604925031E-16,1.,0.));
#9559=DIRECTION('',(0.,0.,1.));
#9560=DIRECTION('',(2.22044604925031E-16,1.,0.));
#9561=DIRECTION('',(0.,0.,1.));
#9562=DIRECTION('center_axis',(2.22044604925031E-16,1.,0.));
#9563=DIRECTION('ref_axis',(-1.,2.22044604925031E-16,0.));
#9564=DIRECTION('',(-1.,2.22044604925031E-16,0.));
#9565=DIRECTION('',(-1.,2.22044604925031E-16,0.));
#9566=DIRECTION('',(0.,0.,1.));
#9567=DIRECTION('center_axis',(-1.,2.22044604925031E-16,0.));
#9568=DIRECTION('ref_axis',(-2.22044604925031E-16,-1.,0.));
#9569=DIRECTION('',(-2.22044604925031E-16,-1.,0.));
#9570=DIRECTION('',(-2.22044604925031E-16,-1.,0.));
#9571=DIRECTION('',(0.,0.,1.));
#9572=DIRECTION('center_axis',(1.,-2.22044604925031E-16,0.));
#9573=DIRECTION('ref_axis',(2.22044604925031E-16,1.,0.));
#9574=DIRECTION('',(2.22044604925031E-16,1.,0.));
#9575=DIRECTION('',(0.,0.,1.));
#9576=DIRECTION('',(2.22044604925031E-16,1.,0.));
#9577=DIRECTION('',(0.,0.,1.));
#9578=DIRECTION('center_axis',(2.22044604925031E-16,1.,0.));
#9579=DIRECTION('ref_axis',(-1.,2.22044604925031E-16,0.));
#9580=DIRECTION('',(-1.,2.22044604925031E-16,0.));
#9581=DIRECTION('',(-1.,2.22044604925031E-16,0.));
#9582=DIRECTION('',(0.,0.,1.));
#9583=DIRECTION('center_axis',(-1.,2.22044604925031E-16,0.));
#9584=DIRECTION('ref_axis',(-2.22044604925031E-16,-1.,0.));
#9585=DIRECTION('',(-2.22044604925031E-16,-1.,0.));
#9586=DIRECTION('',(-2.22044604925031E-16,-1.,0.));
#9587=DIRECTION('',(0.,0.,1.));
#9588=DIRECTION('center_axis',(-1.,2.22044604925031E-16,0.));
#9589=DIRECTION('ref_axis',(-2.22044604925031E-16,-1.,0.));
#9590=DIRECTION('',(-2.22044604925031E-16,-1.,0.));
#9591=DIRECTION('',(0.,0.,1.));
#9592=DIRECTION('',(-2.22044604925031E-16,-1.,0.));
#9593=DIRECTION('',(0.,0.,1.));
#9594=DIRECTION('center_axis',(-1.72124504896922E-16,-1.,0.));
#9595=DIRECTION('ref_axis',(1.,-1.72124504896922E-16,0.));
#9596=DIRECTION('',(1.,-1.72124504896922E-16,0.));
#9597=DIRECTION('',(1.,-1.72124504896922E-16,0.));
#9598=DIRECTION('',(0.,0.,1.));
#9599=DIRECTION('center_axis',(2.22044604925031E-16,1.,0.));
#9600=DIRECTION('ref_axis',(-1.,2.22044604925031E-16,0.));
#9601=DIRECTION('',(-1.,2.22044604925031E-16,0.));
#9602=DIRECTION('',(0.,0.,1.));
#9603=DIRECTION('',(-1.,2.22044604925031E-16,0.));
#9604=DIRECTION('center_axis',(-2.22044604925031E-16,-1.,0.));
#9605=DIRECTION('ref_axis',(1.,-2.22044604925031E-16,0.));
#9606=DIRECTION('',(1.,-2.22044604925031E-16,0.));
#9607=DIRECTION('',(0.,0.,1.));
#9608=DIRECTION('',(1.,-2.22044604925031E-16,0.));
#9609=DIRECTION('',(0.,0.,1.));
#9610=DIRECTION('center_axis',(1.,-2.22044604925031E-16,0.));
#9611=DIRECTION('ref_axis',(2.22044604925031E-16,1.,0.));
#9612=DIRECTION('',(2.22044604925031E-16,1.,0.));
#9613=DIRECTION('',(2.22044604925031E-16,1.,0.));
#9614=DIRECTION('',(0.,0.,1.));
#9615=DIRECTION('center_axis',(-1.,2.22044604925031E-16,0.));
#9616=DIRECTION('ref_axis',(-2.22044604925031E-16,-1.,0.));
#9617=DIRECTION('',(-2.22044604925031E-16,-1.,0.));
#9618=DIRECTION('',(0.,0.,1.));
#9619=DIRECTION('',(-2.22044604925031E-16,-1.,0.));
#9620=DIRECTION('center_axis',(1.,-2.22044604925031E-16,0.));
#9621=DIRECTION('ref_axis',(2.22044604925031E-16,1.,0.));
#9622=DIRECTION('',(2.22044604925031E-16,1.,0.));
#9623=DIRECTION('',(0.,0.,1.));
#9624=DIRECTION('',(2.22044604925031E-16,1.,0.));
#9625=DIRECTION('',(0.,0.,1.));
#9626=DIRECTION('center_axis',(2.22044604925031E-16,1.,0.));
#9627=DIRECTION('ref_axis',(-1.,2.22044604925031E-16,0.));
#9628=DIRECTION('',(-1.,2.22044604925031E-16,0.));
#9629=DIRECTION('',(-1.,2.22044604925031E-16,0.));
#9630=DIRECTION('',(0.,0.,1.));
#9631=DIRECTION('center_axis',(-1.,2.22044604925031E-16,0.));
#9632=DIRECTION('ref_axis',(-2.22044604925031E-16,-1.,0.));
#9633=DIRECTION('',(-2.22044604925031E-16,-1.,0.));
#9634=DIRECTION('',(-2.22044604925031E-16,-1.,0.));
#9635=DIRECTION('',(0.,0.,1.));
#9636=DIRECTION('center_axis',(1.,-2.22044604925031E-16,0.));
#9637=DIRECTION('ref_axis',(2.22044604925031E-16,1.,0.));
#9638=DIRECTION('',(2.22044604925031E-16,1.,0.));
#9639=DIRECTION('',(0.,0.,1.));
#9640=DIRECTION('',(2.22044604925031E-16,1.,0.));
#9641=DIRECTION('',(0.,0.,1.));
#9642=DIRECTION('center_axis',(-1.,2.22044604925031E-16,0.));
#9643=DIRECTION('ref_axis',(-2.22044604925031E-16,-1.,0.));
#9644=DIRECTION('',(-2.22044604925031E-16,-1.,0.));
#9645=DIRECTION('',(0.,0.,1.));
#9646=DIRECTION('',(-2.22044604925031E-16,-1.,0.));
#9647=DIRECTION('',(0.,0.,1.));
#9648=DIRECTION('center_axis',(-2.22044604925031E-16,-1.,0.));
#9649=DIRECTION('ref_axis',(1.,-2.22044604925031E-16,0.));
#9650=DIRECTION('',(1.,-2.22044604925031E-16,0.));
#9651=DIRECTION('',(1.,-2.22044604925031E-16,0.));
#9652=DIRECTION('center_axis',(1.,-2.22044604925031E-16,0.));
#9653=DIRECTION('ref_axis',(2.22044604925031E-16,1.,0.));
#9654=DIRECTION('',(2.22044604925031E-16,1.,0.));
#9655=DIRECTION('',(0.,0.,1.));
#9656=DIRECTION('',(2.22044604925031E-16,1.,0.));
#9657=DIRECTION('',(0.,0.,1.));
#9658=DIRECTION('center_axis',(-1.,2.22044604925031E-16,0.));
#9659=DIRECTION('ref_axis',(-2.22044604925031E-16,-1.,0.));
#9660=DIRECTION('',(-2.22044604925031E-16,-1.,0.));
#9661=DIRECTION('',(0.,0.,1.));
#9662=DIRECTION('',(-2.22044604925031E-16,-1.,0.));
#9663=DIRECTION('',(0.,0.,1.));
#9664=DIRECTION('center_axis',(-2.22044604925031E-16,-1.,0.));
#9665=DIRECTION('ref_axis',(1.,-2.22044604925031E-16,0.));
#9666=DIRECTION('',(1.,-2.22044604925031E-16,0.));
#9667=DIRECTION('',(1.,-2.22044604925031E-16,0.));
#9668=DIRECTION('center_axis',(-1.,2.22044604925031E-16,0.));
#9669=DIRECTION('ref_axis',(-2.22044604925031E-16,-1.,0.));
#9670=DIRECTION('',(-2.22044604925031E-16,-1.,0.));
#9671=DIRECTION('',(0.,0.,1.));
#9672=DIRECTION('',(-2.22044604925031E-16,-1.,0.));
#9673=DIRECTION('',(0.,0.,1.));
#9674=DIRECTION('center_axis',(-2.22044604925031E-16,-1.,0.));
#9675=DIRECTION('ref_axis',(1.,-2.22044604925031E-16,0.));
#9676=DIRECTION('',(1.,-2.22044604925031E-16,0.));
#9677=DIRECTION('',(1.,-2.22044604925031E-16,0.));
#9678=DIRECTION('',(0.,0.,1.));
#9679=DIRECTION('center_axis',(1.22204404868812E-16,1.,0.));
#9680=DIRECTION('ref_axis',(-1.,1.22204404868812E-16,0.));
#9681=DIRECTION('',(-1.,1.22204404868812E-16,0.));
#9682=DIRECTION('',(0.,0.,1.));
#9683=DIRECTION('',(-1.,1.22204404868812E-16,0.));
#9684=DIRECTION('center_axis',(-1.22204404868812E-16,-1.,0.));
#9685=DIRECTION('ref_axis',(1.,-1.22204404868812E-16,0.));
#9686=DIRECTION('',(1.,-1.22204404868812E-16,0.));
#9687=DIRECTION('',(0.,0.,1.));
#9688=DIRECTION('',(1.,-1.22204404868812E-16,0.));
#9689=DIRECTION('',(0.,0.,1.));
#9690=DIRECTION('center_axis',(1.,-2.22044604925031E-16,0.));
#9691=DIRECTION('ref_axis',(2.22044604925031E-16,1.,0.));
#9692=DIRECTION('',(2.22044604925031E-16,1.,0.));
#9693=DIRECTION('',(2.22044604925031E-16,1.,0.));
#9694=DIRECTION('',(0.,0.,1.));
#9695=DIRECTION('center_axis',(1.22204404868812E-16,1.,0.));
#9696=DIRECTION('ref_axis',(-1.,1.22204404868812E-16,0.));
#9697=DIRECTION('',(-1.,1.22204404868812E-16,0.));
#9698=DIRECTION('',(-1.,1.22204404868812E-16,0.));
#9699=DIRECTION('',(0.,0.,1.));
#9700=DIRECTION('center_axis',(-1.,2.22044604925031E-16,0.));
#9701=DIRECTION('ref_axis',(-2.22044604925031E-16,-1.,0.));
#9702=DIRECTION('',(-2.22044604925031E-16,-1.,0.));
#9703=DIRECTION('',(0.,0.,1.));
#9704=DIRECTION('',(-2.22044604925031E-16,-1.,0.));
#9705=DIRECTION('',(0.,0.,1.));
#9706=DIRECTION('center_axis',(-2.22044604925031E-16,-1.,0.));
#9707=DIRECTION('ref_axis',(1.,-2.22044604925031E-16,0.));
#9708=DIRECTION('',(1.,-2.22044604925031E-16,0.));
#9709=DIRECTION('',(1.,-2.22044604925031E-16,0.));
#9710=DIRECTION('',(0.,0.,1.));
#9711=DIRECTION('center_axis',(2.22044604925031E-16,1.,0.));
#9712=DIRECTION('ref_axis',(-1.,2.22044604925031E-16,0.));
#9713=DIRECTION('',(-1.,2.22044604925031E-16,0.));
#9714=DIRECTION('',(0.,0.,1.));
#9715=DIRECTION('',(-1.,2.22044604925031E-16,0.));
#9716=DIRECTION('center_axis',(1.,-2.22044604925031E-16,0.));
#9717=DIRECTION('ref_axis',(2.22044604925031E-16,1.,0.));
#9718=DIRECTION('',(2.22044604925031E-16,1.,0.));
#9719=DIRECTION('',(0.,0.,1.));
#9720=DIRECTION('',(2.22044604925031E-16,1.,0.));
#9721=DIRECTION('',(0.,0.,1.));
#9722=DIRECTION('center_axis',(2.22044604925031E-16,1.,0.));
#9723=DIRECTION('ref_axis',(-1.,2.22044604925031E-16,0.));
#9724=DIRECTION('',(-1.,2.22044604925031E-16,0.));
#9725=DIRECTION('',(-1.,2.22044604925031E-16,0.));
#9726=DIRECTION('',(0.,0.,1.));
#9727=DIRECTION('center_axis',(-1.,2.22044604925031E-16,0.));
#9728=DIRECTION('ref_axis',(-2.22044604925031E-16,-1.,0.));
#9729=DIRECTION('',(-2.22044604925031E-16,-1.,0.));
#9730=DIRECTION('',(-2.22044604925031E-16,-1.,0.));
#9731=DIRECTION('',(0.,0.,1.));
#9732=DIRECTION('center_axis',(-1.,2.22044604925031E-16,0.));
#9733=DIRECTION('ref_axis',(-2.22044604925031E-16,-1.,0.));
#9734=DIRECTION('',(-2.22044604925031E-16,-1.,0.));
#9735=DIRECTION('',(0.,0.,1.));
#9736=DIRECTION('',(-2.22044604925031E-16,-1.,0.));
#9737=DIRECTION('',(0.,0.,1.));
#9738=DIRECTION('center_axis',(-2.22044604925031E-16,-1.,0.));
#9739=DIRECTION('ref_axis',(1.,-2.22044604925031E-16,0.));
#9740=DIRECTION('',(1.,-2.22044604925031E-16,0.));
#9741=DIRECTION('',(1.,-2.22044604925031E-16,0.));
#9742=DIRECTION('',(0.,0.,1.));
#9743=DIRECTION('center_axis',(1.,-2.22044604925031E-16,0.));
#9744=DIRECTION('ref_axis',(2.22044604925031E-16,1.,0.));
#9745=DIRECTION('',(2.22044604925031E-16,1.,0.));
#9746=DIRECTION('',(2.22044604925031E-16,1.,0.));
#9747=DIRECTION('',(0.,0.,1.));
#9748=DIRECTION('center_axis',(1.77316195299845E-16,-1.,0.));
#9749=DIRECTION('ref_axis',(1.,1.77316195299845E-16,0.));
#9750=DIRECTION('',(1.,1.77316195299845E-16,0.));
#9751=DIRECTION('',(0.,0.,1.));
#9752=DIRECTION('',(1.,1.77316195299845E-16,0.));
#9753=DIRECTION('',(0.,0.,1.));
#9754=DIRECTION('center_axis',(1.,-2.22044604925031E-16,0.));
#9755=DIRECTION('ref_axis',(2.22044604925031E-16,1.,0.));
#9756=DIRECTION('',(2.22044604925031E-16,1.,0.));
#9757=DIRECTION('',(2.22044604925031E-16,1.,0.));
#9758=DIRECTION('',(0.,0.,1.));
#9759=DIRECTION('center_axis',(-1.77316195299845E-16,1.,0.));
#9760=DIRECTION('ref_axis',(-1.,-1.77316195299845E-16,0.));
#9761=DIRECTION('',(-1.,-1.77316195299845E-16,0.));
#9762=DIRECTION('',(-1.,-1.77316195299845E-16,0.));
#9763=DIRECTION('',(0.,0.,1.));
#9764=DIRECTION('center_axis',(1.,-2.22044604925031E-16,0.));
#9765=DIRECTION('ref_axis',(2.22044604925031E-16,1.,0.));
#9766=DIRECTION('',(2.22044604925031E-16,1.,0.));
#9767=DIRECTION('',(0.,0.,1.));
#9768=DIRECTION('',(2.22044604925031E-16,1.,0.));
#9769=DIRECTION('',(0.,0.,1.));
#9770=DIRECTION('center_axis',(2.22044604925031E-16,1.,0.));
#9771=DIRECTION('ref_axis',(-1.,2.22044604925031E-16,0.));
#9772=DIRECTION('',(-1.,2.22044604925031E-16,0.));
#9773=DIRECTION('',(-1.,2.22044604925031E-16,0.));
#9774=DIRECTION('',(0.,0.,1.));
#9775=DIRECTION('center_axis',(-1.,2.22044604925031E-16,0.));
#9776=DIRECTION('ref_axis',(-2.22044604925031E-16,-1.,0.));
#9777=DIRECTION('',(-2.22044604925031E-16,-1.,0.));
#9778=DIRECTION('',(-2.22044604925031E-16,-1.,0.));
#9779=DIRECTION('',(0.,0.,1.));
#9780=DIRECTION('center_axis',(1.,-2.22044604925031E-16,0.));
#9781=DIRECTION('ref_axis',(2.22044604925031E-16,1.,0.));
#9782=DIRECTION('',(2.22044604925031E-16,1.,0.));
#9783=DIRECTION('',(0.,0.,1.));
#9784=DIRECTION('',(2.22044604925031E-16,1.,0.));
#9785=DIRECTION('',(0.,0.,1.));
#9786=DIRECTION('center_axis',(2.2364204812593E-17,1.,0.));
#9787=DIRECTION('ref_axis',(-1.,2.2364204812593E-17,0.));
#9788=DIRECTION('',(-1.,2.2364204812593E-17,0.));
#9789=DIRECTION('',(-1.,2.2364204812593E-17,0.));
#9790=DIRECTION('',(0.,0.,1.));
#9791=DIRECTION('center_axis',(-1.22204404868812E-16,-1.,0.));
#9792=DIRECTION('ref_axis',(1.,-1.22204404868812E-16,0.));
#9793=DIRECTION('',(1.,-1.22204404868812E-16,0.));
#9794=DIRECTION('',(0.,0.,1.));
#9795=DIRECTION('',(1.,-1.22204404868812E-16,0.));
#9796=DIRECTION('center_axis',(-1.,2.22044604925031E-16,0.));
#9797=DIRECTION('ref_axis',(-2.22044604925031E-16,-1.,0.));
#9798=DIRECTION('',(-2.22044604925031E-16,-1.,0.));
#9799=DIRECTION('',(0.,0.,1.));
#9800=DIRECTION('',(-2.22044604925031E-16,-1.,0.));
#9801=DIRECTION('',(0.,0.,1.));
#9802=DIRECTION('center_axis',(-2.22044604925031E-16,-1.,0.));
#9803=DIRECTION('ref_axis',(1.,-2.22044604925031E-16,0.));
#9804=DIRECTION('',(1.,-2.22044604925031E-16,0.));
#9805=DIRECTION('',(1.,-2.22044604925031E-16,0.));
#9806=DIRECTION('',(0.,0.,1.));
#9807=DIRECTION('center_axis',(1.,-2.22044604925031E-16,0.));
#9808=DIRECTION('ref_axis',(2.22044604925031E-16,1.,0.));
#9809=DIRECTION('',(2.22044604925031E-16,1.,0.));
#9810=DIRECTION('',(2.22044604925031E-16,1.,0.));
#9811=DIRECTION('',(0.,0.,1.));
#9812=DIRECTION('center_axis',(1.,-2.22044604925031E-16,0.));
#9813=DIRECTION('ref_axis',(2.22044604925031E-16,1.,0.));
#9814=DIRECTION('',(2.22044604925031E-16,1.,0.));
#9815=DIRECTION('',(0.,0.,1.));
#9816=DIRECTION('',(2.22044604925031E-16,1.,0.));
#9817=DIRECTION('',(0.,0.,1.));
#9818=DIRECTION('center_axis',(-1.,2.22044604925031E-16,0.));
#9819=DIRECTION('ref_axis',(-2.22044604925031E-16,-1.,0.));
#9820=DIRECTION('',(-2.22044604925031E-16,-1.,0.));
#9821=DIRECTION('',(0.,0.,1.));
#9822=DIRECTION('',(-2.22044604925031E-16,-1.,0.));
#9823=DIRECTION('',(0.,0.,1.));
#9824=DIRECTION('center_axis',(-2.22044604925031E-16,-1.,0.));
#9825=DIRECTION('ref_axis',(1.,-2.22044604925031E-16,0.));
#9826=DIRECTION('',(1.,-2.22044604925031E-16,0.));
#9827=DIRECTION('',(1.,-2.22044604925031E-16,0.));
#9828=DIRECTION('center_axis',(1.,-2.22044604925031E-16,0.));
#9829=DIRECTION('ref_axis',(2.22044604925031E-16,1.,0.));
#9830=DIRECTION('',(2.22044604925031E-16,1.,0.));
#9831=DIRECTION('',(0.,0.,1.));
#9832=DIRECTION('',(2.22044604925031E-16,1.,0.));
#9833=DIRECTION('',(0.,0.,1.));
#9834=DIRECTION('center_axis',(2.22044604925031E-16,1.,0.));
#9835=DIRECTION('ref_axis',(-1.,2.22044604925031E-16,0.));
#9836=DIRECTION('',(-1.,2.22044604925031E-16,0.));
#9837=DIRECTION('',(-1.,2.22044604925031E-16,0.));
#9838=DIRECTION('',(0.,0.,1.));
#9839=DIRECTION('center_axis',(-1.,2.22044604925031E-16,0.));
#9840=DIRECTION('ref_axis',(-2.22044604925031E-16,-1.,0.));
#9841=DIRECTION('',(-2.22044604925031E-16,-1.,0.));
#9842=DIRECTION('',(-2.22044604925031E-16,-1.,0.));
#9843=DIRECTION('',(0.,0.,1.));
#9844=DIRECTION('center_axis',(1.,-2.22044604925031E-16,0.));
#9845=DIRECTION('ref_axis',(2.22044604925031E-16,1.,0.));
#9846=DIRECTION('',(2.22044604925031E-16,1.,0.));
#9847=DIRECTION('',(0.,0.,1.));
#9848=DIRECTION('',(2.22044604925031E-16,1.,0.));
#9849=DIRECTION('',(0.,0.,1.));
#9850=DIRECTION('center_axis',(2.22044604925031E-16,1.,0.));
#9851=DIRECTION('ref_axis',(-1.,2.22044604925031E-16,0.));
#9852=DIRECTION('',(-1.,2.22044604925031E-16,0.));
#9853=DIRECTION('',(-1.,2.22044604925031E-16,0.));
#9854=DIRECTION('',(0.,0.,1.));
#9855=DIRECTION('center_axis',(-1.,2.22044604925031E-16,0.));
#9856=DIRECTION('ref_axis',(-2.22044604925031E-16,-1.,0.));
#9857=DIRECTION('',(-2.22044604925031E-16,-1.,0.));
#9858=DIRECTION('',(-2.22044604925031E-16,-1.,0.));
#9859=DIRECTION('',(0.,0.,1.));
#9860=DIRECTION('center_axis',(1.22204404868812E-16,1.,0.));
#9861=DIRECTION('ref_axis',(-1.,1.22204404868812E-16,0.));
#9862=DIRECTION('',(-1.,1.22204404868812E-16,0.));
#9863=DIRECTION('',(0.,0.,1.));
#9864=DIRECTION('',(-1.,1.22204404868812E-16,0.));
#9865=DIRECTION('',(0.,0.,1.));
#9866=DIRECTION('center_axis',(-2.2364204812593E-17,-1.,0.));
#9867=DIRECTION('ref_axis',(1.,-2.2364204812593E-17,0.));
#9868=DIRECTION('',(1.,-2.2364204812593E-17,0.));
#9869=DIRECTION('',(0.,0.,1.));
#9870=DIRECTION('',(1.,-2.2364204812593E-17,0.));
#9871=DIRECTION('',(0.,0.,1.));
#9872=DIRECTION('center_axis',(1.,-2.22044604925031E-16,0.));
#9873=DIRECTION('ref_axis',(2.22044604925031E-16,1.,0.));
#9874=DIRECTION('',(2.22044604925031E-16,1.,0.));
#9875=DIRECTION('',(2.22044604925031E-16,1.,0.));
#9876=DIRECTION('center_axis',(-1.,2.22044604925031E-16,0.));
#9877=DIRECTION('ref_axis',(-2.22044604925031E-16,-1.,0.));
#9878=DIRECTION('',(-2.22044604925031E-16,-1.,0.));
#9879=DIRECTION('',(0.,0.,1.));
#9880=DIRECTION('',(-2.22044604925031E-16,-1.,0.));
#9881=DIRECTION('',(0.,0.,1.));
#9882=DIRECTION('center_axis',(-2.22044604925031E-16,-1.,0.));
#9883=DIRECTION('ref_axis',(1.,-2.22044604925031E-16,0.));
#9884=DIRECTION('',(1.,-2.22044604925031E-16,0.));
#9885=DIRECTION('',(1.,-2.22044604925031E-16,0.));
#9886=DIRECTION('',(0.,0.,1.));
#9887=DIRECTION('center_axis',(1.,-2.22044604925031E-16,0.));
#9888=DIRECTION('ref_axis',(2.22044604925031E-16,1.,0.));
#9889=DIRECTION('',(2.22044604925031E-16,1.,0.));
#9890=DIRECTION('',(2.22044604925031E-16,1.,0.));
#9891=DIRECTION('',(0.,0.,1.));
#9892=DIRECTION('center_axis',(-1.,2.22044604925031E-16,0.));
#9893=DIRECTION('ref_axis',(-2.22044604925031E-16,-1.,0.));
#9894=DIRECTION('',(-2.22044604925031E-16,-1.,0.));
#9895=DIRECTION('',(0.,0.,1.));
#9896=DIRECTION('',(-2.22044604925031E-16,-1.,0.));
#9897=DIRECTION('',(0.,0.,1.));
#9898=DIRECTION('center_axis',(-2.22044604925031E-16,-1.,0.));
#9899=DIRECTION('ref_axis',(1.,-2.22044604925031E-16,0.));
#9900=DIRECTION('',(1.,-2.22044604925031E-16,0.));
#9901=DIRECTION('',(1.,-2.22044604925031E-16,0.));
#9902=DIRECTION('',(0.,0.,1.));
#9903=DIRECTION('center_axis',(2.22044604925031E-16,1.,0.));
#9904=DIRECTION('ref_axis',(-1.,2.22044604925031E-16,0.));
#9905=DIRECTION('',(-1.,2.22044604925031E-16,0.));
#9906=DIRECTION('',(0.,0.,1.));
#9907=DIRECTION('',(-1.,2.22044604925031E-16,0.));
#9908=DIRECTION('center_axis',(1.,-2.22044604925031E-16,0.));
#9909=DIRECTION('ref_axis',(2.22044604925031E-16,1.,0.));
#9910=DIRECTION('',(2.22044604925031E-16,1.,0.));
#9911=DIRECTION('',(0.,0.,1.));
#9912=DIRECTION('',(2.22044604925031E-16,1.,0.));
#9913=DIRECTION('',(0.,0.,1.));
#9914=DIRECTION('center_axis',(2.22044604925031E-16,1.,0.));
#9915=DIRECTION('ref_axis',(-1.,2.22044604925031E-16,0.));
#9916=DIRECTION('',(-1.,2.22044604925031E-16,0.));
#9917=DIRECTION('',(-1.,2.22044604925031E-16,0.));
#9918=DIRECTION('',(0.,0.,1.));
#9919=DIRECTION('center_axis',(-1.,2.22044604925031E-16,0.));
#9920=DIRECTION('ref_axis',(-2.22044604925031E-16,-1.,0.));
#9921=DIRECTION('',(-2.22044604925031E-16,-1.,0.));
#9922=DIRECTION('',(-2.22044604925031E-16,-1.,0.));
#9923=DIRECTION('',(0.,0.,1.));
#9924=DIRECTION('center_axis',(-1.,2.22044604925031E-16,0.));
#9925=DIRECTION('ref_axis',(-2.22044604925031E-16,-1.,0.));
#9926=DIRECTION('',(-2.22044604925031E-16,-1.,0.));
#9927=DIRECTION('',(0.,0.,1.));
#9928=DIRECTION('',(-2.22044604925031E-16,-1.,0.));
#9929=DIRECTION('',(0.,0.,1.));
#9930=DIRECTION('center_axis',(-2.22044604925031E-16,-1.,0.));
#9931=DIRECTION('ref_axis',(1.,-2.22044604925031E-16,0.));
#9932=DIRECTION('',(1.,-2.22044604925031E-16,0.));
#9933=DIRECTION('',(1.,-2.22044604925031E-16,0.));
#9934=DIRECTION('',(0.,0.,1.));
#9935=DIRECTION('center_axis',(1.,-2.22044604925031E-16,0.));
#9936=DIRECTION('ref_axis',(2.22044604925031E-16,1.,0.));
#9937=DIRECTION('',(2.22044604925031E-16,1.,0.));
#9938=DIRECTION('',(2.22044604925031E-16,1.,0.));
#9939=DIRECTION('',(0.,0.,1.));
#9940=DIRECTION('center_axis',(-1.,2.22044604925031E-16,0.));
#9941=DIRECTION('ref_axis',(-2.22044604925031E-16,-1.,0.));
#9942=DIRECTION('',(-2.22044604925031E-16,-1.,0.));
#9943=DIRECTION('',(0.,0.,1.));
#9944=DIRECTION('',(-2.22044604925031E-16,-1.,0.));
#9945=DIRECTION('',(0.,0.,1.));
#9946=DIRECTION('center_axis',(-2.22044604925031E-16,-1.,0.));
#9947=DIRECTION('ref_axis',(1.,-2.22044604925031E-16,0.));
#9948=DIRECTION('',(1.,-2.22044604925031E-16,0.));
#9949=DIRECTION('',(1.,-2.22044604925031E-16,0.));
#9950=DIRECTION('',(0.,0.,1.));
#9951=DIRECTION('center_axis',(1.,-2.22044604925031E-16,0.));
#9952=DIRECTION('ref_axis',(2.22044604925031E-16,1.,0.));
#9953=DIRECTION('',(2.22044604925031E-16,1.,0.));
#9954=DIRECTION('',(2.22044604925031E-16,1.,0.));
#9955=DIRECTION('',(0.,0.,1.));
#9956=DIRECTION('center_axis',(-2.2364204812593E-17,-1.,0.));
#9957=DIRECTION('ref_axis',(1.,-2.2364204812593E-17,0.));
#9958=DIRECTION('',(1.,-2.2364204812593E-17,0.));
#9959=DIRECTION('',(0.,0.,1.));
#9960=DIRECTION('',(1.,-2.2364204812593E-17,0.));
#9961=DIRECTION('',(0.,0.,1.));
#9962=DIRECTION('center_axis',(1.,-2.22044604925031E-16,0.));
#9963=DIRECTION('ref_axis',(2.22044604925031E-16,1.,0.));
#9964=DIRECTION('',(2.22044604925031E-16,1.,0.));
#9965=DIRECTION('',(2.22044604925031E-16,1.,0.));
#9966=DIRECTION('',(0.,0.,1.));
#9967=DIRECTION('center_axis',(-1.77316195299845E-16,1.,0.));
#9968=DIRECTION('ref_axis',(-1.,-1.77316195299845E-16,0.));
#9969=DIRECTION('',(-1.,-1.77316195299845E-16,0.));
#9970=DIRECTION('',(-1.,-1.77316195299845E-16,0.));
#9971=DIRECTION('',(0.,0.,1.));
#9972=DIRECTION('center_axis',(1.,-2.22044604925031E-16,0.));
#9973=DIRECTION('ref_axis',(2.22044604925031E-16,1.,0.));
#9974=DIRECTION('',(2.22044604925031E-16,1.,0.));
#9975=DIRECTION('',(0.,0.,1.));
#9976=DIRECTION('',(2.22044604925031E-16,1.,0.));
#9977=DIRECTION('',(0.,0.,1.));
#9978=DIRECTION('center_axis',(2.22044604925031E-16,1.,0.));
#9979=DIRECTION('ref_axis',(-1.,2.22044604925031E-16,0.));
#9980=DIRECTION('',(-1.,2.22044604925031E-16,0.));
#9981=DIRECTION('',(-1.,2.22044604925031E-16,0.));
#9982=DIRECTION('',(0.,0.,1.));
#9983=DIRECTION('center_axis',(-1.,2.22044604925031E-16,0.));
#9984=DIRECTION('ref_axis',(-2.22044604925031E-16,-1.,0.));
#9985=DIRECTION('',(-2.22044604925031E-16,-1.,0.));
#9986=DIRECTION('',(-2.22044604925031E-16,-1.,0.));
#9987=DIRECTION('',(0.,0.,1.));
#9988=DIRECTION('center_axis',(-2.22044604925031E-16,-1.,0.));
#9989=DIRECTION('ref_axis',(1.,-2.22044604925031E-16,0.));
#9990=DIRECTION('',(1.,-2.22044604925031E-16,0.));
#9991=DIRECTION('',(0.,0.,1.));
#9992=DIRECTION('',(1.,-2.22044604925031E-16,0.));
#9993=DIRECTION('',(0.,0.,1.));
#9994=DIRECTION('center_axis',(1.,-2.22044604925031E-16,0.));
#9995=DIRECTION('ref_axis',(2.22044604925031E-16,1.,0.));
#9996=DIRECTION('',(2.22044604925031E-16,1.,0.));
#9997=DIRECTION('',(2.22044604925031E-16,1.,0.));
#9998=DIRECTION('',(0.,0.,1.));
#9999=DIRECTION('center_axis',(-1.,2.22044604925031E-16,0.));
#10000=DIRECTION('ref_axis',(-2.22044604925031E-16,-1.,0.));
#10001=DIRECTION('',(-2.22044604925031E-16,-1.,0.));
#10002=DIRECTION('',(0.,0.,1.));
#10003=DIRECTION('',(-2.22044604925031E-16,-1.,0.));
#10004=DIRECTION('center_axis',(-1.,2.22044604925031E-16,0.));
#10005=DIRECTION('ref_axis',(-2.22044604925031E-16,-1.,0.));
#10006=DIRECTION('',(-2.22044604925031E-16,-1.,0.));
#10007=DIRECTION('',(0.,0.,1.));
#10008=DIRECTION('',(-2.22044604925031E-16,-1.,0.));
#10009=DIRECTION('',(0.,0.,1.));
#10010=DIRECTION('center_axis',(1.,-2.22044604925031E-16,0.));
#10011=DIRECTION('ref_axis',(2.22044604925031E-16,1.,0.));
#10012=DIRECTION('',(2.22044604925031E-16,1.,0.));
#10013=DIRECTION('',(0.,0.,1.));
#10014=DIRECTION('',(2.22044604925031E-16,1.,0.));
#10015=DIRECTION('',(0.,0.,1.));
#10016=DIRECTION('center_axis',(2.22044604925031E-16,1.,0.));
#10017=DIRECTION('ref_axis',(-1.,2.22044604925031E-16,0.));
#10018=DIRECTION('',(-1.,2.22044604925031E-16,0.));
#10019=DIRECTION('',(-1.,2.22044604925031E-16,0.));
#10020=DIRECTION('center_axis',(-1.,2.22044604925031E-16,0.));
#10021=DIRECTION('ref_axis',(-2.22044604925031E-16,-1.,0.));
#10022=DIRECTION('',(-2.22044604925031E-16,-1.,0.));
#10023=DIRECTION('',(0.,0.,1.));
#10024=DIRECTION('',(-2.22044604925031E-16,-1.,0.));
#10025=DIRECTION('',(0.,0.,1.));
#10026=DIRECTION('center_axis',(-2.22044604925031E-16,-1.,0.));
#10027=DIRECTION('ref_axis',(1.,-2.22044604925031E-16,0.));
#10028=DIRECTION('',(1.,-2.22044604925031E-16,0.));
#10029=DIRECTION('',(1.,-2.22044604925031E-16,0.));
#10030=DIRECTION('',(0.,0.,1.));
#10031=DIRECTION('center_axis',(2.22044604925031E-16,1.,0.));
#10032=DIRECTION('ref_axis',(-1.,2.22044604925031E-16,0.));
#10033=DIRECTION('',(-1.,2.22044604925031E-16,0.));
#10034=DIRECTION('',(0.,0.,1.));
#10035=DIRECTION('',(-1.,2.22044604925031E-16,0.));
#10036=DIRECTION('center_axis',(-1.,2.22044604925031E-16,0.));
#10037=DIRECTION('ref_axis',(-2.22044604925031E-16,-1.,0.));
#10038=DIRECTION('',(-2.22044604925031E-16,-1.,0.));
#10039=DIRECTION('',(0.,0.,1.));
#10040=DIRECTION('',(-2.22044604925031E-16,-1.,0.));
#10041=DIRECTION('',(0.,0.,1.));
#10042=DIRECTION('center_axis',(-2.22044604925031E-16,-1.,0.));
#10043=DIRECTION('ref_axis',(1.,-2.22044604925031E-16,0.));
#10044=DIRECTION('',(1.,-2.22044604925031E-16,0.));
#10045=DIRECTION('',(1.,-2.22044604925031E-16,0.));
#10046=DIRECTION('',(0.,0.,1.));
#10047=DIRECTION('center_axis',(1.,-2.22044604925031E-16,0.));
#10048=DIRECTION('ref_axis',(2.22044604925031E-16,1.,0.));
#10049=DIRECTION('',(2.22044604925031E-16,1.,0.));
#10050=DIRECTION('',(2.22044604925031E-16,1.,0.));
#10051=DIRECTION('',(0.,0.,1.));
#10052=DIRECTION('center_axis',(-1.77316195299845E-16,1.,0.));
#10053=DIRECTION('ref_axis',(-1.,-1.77316195299845E-16,0.));
#10054=DIRECTION('',(-1.,-1.77316195299845E-16,0.));
#10055=DIRECTION('',(0.,0.,1.));
#10056=DIRECTION('',(-1.,-1.77316195299845E-16,0.));
#10057=DIRECTION('',(0.,0.,1.));
#10058=DIRECTION('center_axis',(1.77316195299845E-16,-1.,0.));
#10059=DIRECTION('ref_axis',(1.,1.77316195299845E-16,0.));
#10060=DIRECTION('',(1.,1.77316195299845E-16,0.));
#10061=DIRECTION('',(0.,0.,1.));
#10062=DIRECTION('',(1.,1.77316195299845E-16,0.));
#10063=DIRECTION('',(0.,0.,1.));
#10064=DIRECTION('center_axis',(1.,-2.22044604925031E-16,0.));
#10065=DIRECTION('ref_axis',(2.22044604925031E-16,1.,0.));
#10066=DIRECTION('',(2.22044604925031E-16,1.,0.));
#10067=DIRECTION('',(2.22044604925031E-16,1.,0.));
#10068=DIRECTION('center_axis',(1.,-2.22044604925031E-16,0.));
#10069=DIRECTION('ref_axis',(2.22044604925031E-16,1.,0.));
#10070=DIRECTION('',(2.22044604925031E-16,1.,0.));
#10071=DIRECTION('',(0.,0.,1.));
#10072=DIRECTION('',(2.22044604925031E-16,1.,0.));
#10073=DIRECTION('',(0.,0.,1.));
#10074=DIRECTION('center_axis',(2.22044604925031E-16,1.,0.));
#10075=DIRECTION('ref_axis',(-1.,2.22044604925031E-16,0.));
#10076=DIRECTION('',(-1.,2.22044604925031E-16,0.));
#10077=DIRECTION('',(-1.,2.22044604925031E-16,0.));
#10078=DIRECTION('',(0.,0.,1.));
#10079=DIRECTION('center_axis',(-1.,2.22044604925031E-16,0.));
#10080=DIRECTION('ref_axis',(-2.22044604925031E-16,-1.,0.));
#10081=DIRECTION('',(-2.22044604925031E-16,-1.,0.));
#10082=DIRECTION('',(-2.22044604925031E-16,-1.,0.));
#10083=DIRECTION('',(0.,0.,1.));
#10084=DIRECTION('center_axis',(-1.,2.22044604925031E-16,0.));
#10085=DIRECTION('ref_axis',(-2.22044604925031E-16,-1.,0.));
#10086=DIRECTION('',(-2.22044604925031E-16,-1.,0.));
#10087=DIRECTION('',(0.,0.,1.));
#10088=DIRECTION('',(-2.22044604925031E-16,-1.,0.));
#10089=DIRECTION('',(0.,0.,1.));
#10090=DIRECTION('center_axis',(-2.22044604925031E-16,-1.,0.));
#10091=DIRECTION('ref_axis',(1.,-2.22044604925031E-16,0.));
#10092=DIRECTION('',(1.,-2.22044604925031E-16,0.));
#10093=DIRECTION('',(1.,-2.22044604925031E-16,0.));
#10094=DIRECTION('',(0.,0.,1.));
#10095=DIRECTION('center_axis',(1.,-2.22044604925031E-16,0.));
#10096=DIRECTION('ref_axis',(2.22044604925031E-16,1.,0.));
#10097=DIRECTION('',(2.22044604925031E-16,1.,0.));
#10098=DIRECTION('',(2.22044604925031E-16,1.,0.));
#10099=DIRECTION('',(0.,0.,1.));
#10100=DIRECTION('center_axis',(-1.,2.22044604925031E-16,0.));
#10101=DIRECTION('ref_axis',(-2.22044604925031E-16,-1.,0.));
#10102=DIRECTION('',(-2.22044604925031E-16,-1.,0.));
#10103=DIRECTION('',(0.,0.,1.));
#10104=DIRECTION('',(-2.22044604925031E-16,-1.,0.));
#10105=DIRECTION('',(0.,0.,1.));
#10106=DIRECTION('center_axis',(-2.22044604925031E-16,-1.,0.));
#10107=DIRECTION('ref_axis',(1.,-2.22044604925031E-16,0.));
#10108=DIRECTION('',(1.,-2.22044604925031E-16,0.));
#10109=DIRECTION('',(1.,-2.22044604925031E-16,0.));
#10110=DIRECTION('',(0.,0.,1.));
#10111=DIRECTION('center_axis',(2.22044604925031E-16,1.,0.));
#10112=DIRECTION('ref_axis',(-1.,2.22044604925031E-16,0.));
#10113=DIRECTION('',(-1.,2.22044604925031E-16,0.));
#10114=DIRECTION('',(0.,0.,1.));
#10115=DIRECTION('',(-1.,2.22044604925031E-16,0.));
#10116=DIRECTION('center_axis',(1.,-2.22044604925031E-16,0.));
#10117=DIRECTION('ref_axis',(2.22044604925031E-16,1.,0.));
#10118=DIRECTION('',(2.22044604925031E-16,1.,0.));
#10119=DIRECTION('',(0.,0.,1.));
#10120=DIRECTION('',(2.22044604925031E-16,1.,0.));
#10121=DIRECTION('',(0.,0.,1.));
#10122=DIRECTION('center_axis',(2.22044604925031E-16,1.,0.));
#10123=DIRECTION('ref_axis',(-1.,2.22044604925031E-16,0.));
#10124=DIRECTION('',(-1.,2.22044604925031E-16,0.));
#10125=DIRECTION('',(-1.,2.22044604925031E-16,0.));
#10126=DIRECTION('',(0.,0.,1.));
#10127=DIRECTION('center_axis',(-1.,2.22044604925031E-16,0.));
#10128=DIRECTION('ref_axis',(-2.22044604925031E-16,-1.,0.));
#10129=DIRECTION('',(-2.22044604925031E-16,-1.,0.));
#10130=DIRECTION('',(-2.22044604925031E-16,-1.,0.));
#10131=DIRECTION('',(0.,0.,1.));
#10132=DIRECTION('center_axis',(-1.,2.22044604925031E-16,0.));
#10133=DIRECTION('ref_axis',(-2.22044604925031E-16,-1.,0.));
#10134=DIRECTION('',(-2.22044604925031E-16,-1.,0.));
#10135=DIRECTION('',(0.,0.,1.));
#10136=DIRECTION('',(-2.22044604925031E-16,-1.,0.));
#10137=DIRECTION('',(0.,0.,1.));
#10138=DIRECTION('center_axis',(-2.22044604925031E-16,-1.,0.));
#10139=DIRECTION('ref_axis',(1.,-2.22044604925031E-16,0.));
#10140=DIRECTION('',(1.,-2.22044604925031E-16,0.));
#10141=DIRECTION('',(1.,-2.22044604925031E-16,0.));
#10142=DIRECTION('',(0.,0.,1.));
#10143=DIRECTION('center_axis',(1.,-2.22044604925031E-16,0.));
#10144=DIRECTION('ref_axis',(2.22044604925031E-16,1.,0.));
#10145=DIRECTION('',(2.22044604925031E-16,1.,0.));
#10146=DIRECTION('',(2.22044604925031E-16,1.,0.));
#10147=DIRECTION('',(0.,0.,1.));
#10148=DIRECTION('center_axis',(1.,-2.22044604925031E-16,0.));
#10149=DIRECTION('ref_axis',(2.22044604925031E-16,1.,0.));
#10150=DIRECTION('',(2.22044604925031E-16,1.,0.));
#10151=DIRECTION('',(0.,0.,1.));
#10152=DIRECTION('',(2.22044604925031E-16,1.,0.));
#10153=DIRECTION('',(0.,0.,1.));
#10154=DIRECTION('center_axis',(2.22044604925031E-16,1.,0.));
#10155=DIRECTION('ref_axis',(-1.,2.22044604925031E-16,0.));
#10156=DIRECTION('',(-1.,2.22044604925031E-16,0.));
#10157=DIRECTION('',(-1.,2.22044604925031E-16,0.));
#10158=DIRECTION('',(0.,0.,1.));
#10159=DIRECTION('center_axis',(-1.,2.22044604925031E-16,0.));
#10160=DIRECTION('ref_axis',(-2.22044604925031E-16,-1.,0.));
#10161=DIRECTION('',(-2.22044604925031E-16,-1.,0.));
#10162=DIRECTION('',(-2.22044604925031E-16,-1.,0.));
#10163=DIRECTION('',(0.,0.,1.));
#10164=DIRECTION('center_axis',(0.,0.,1.));
#10165=DIRECTION('ref_axis',(-2.22044604925031E-16,-1.,0.));
#10166=DIRECTION('',(-2.22044604925031E-16,-1.,0.));
#10167=DIRECTION('',(-2.22044604925031E-16,-1.,0.));
#10168=DIRECTION('',(-2.22044604925031E-16,-1.,0.));
#10169=DIRECTION('',(-2.22044604925031E-16,-1.,0.));
#10170=DIRECTION('',(-2.22044604925031E-16,-1.,0.));
#10171=DIRECTION('',(-2.22044604925031E-16,-1.,0.));
#10172=DIRECTION('',(-2.22044604925031E-16,-1.,0.));
#10173=DIRECTION('',(-2.22044604925031E-16,-1.,0.));
#10174=DIRECTION('',(1.,-2.22044604925031E-16,0.));
#10175=DIRECTION('',(1.,-2.22044604925031E-16,0.));
#10176=DIRECTION('',(1.,-2.22044604925031E-16,0.));
#10177=DIRECTION('',(1.,-2.22044604925031E-16,0.));
#10178=DIRECTION('',(1.,-2.22044604925031E-16,0.));
#10179=DIRECTION('',(1.,-2.22044604925031E-16,0.));
#10180=DIRECTION('',(1.,-2.22044604925031E-16,0.));
#10181=DIRECTION('',(1.,-2.22044604925031E-16,0.));
#10182=DIRECTION('',(1.,-2.22044604925031E-16,0.));
#10183=DIRECTION('',(1.,-2.22044604925031E-16,0.));
#10184=DIRECTION('',(1.,-2.22044604925031E-16,0.));
#10185=DIRECTION('',(1.,-2.22044604925031E-16,0.));
#10186=DIRECTION('',(1.,-2.22044604925031E-16,0.));
#10187=DIRECTION('',(1.,-2.22044604925031E-16,0.));
#10188=DIRECTION('',(1.,-2.22044604925031E-16,0.));
#10189=DIRECTION('',(-1.33226762955019E-16,1.,0.));
#10190=DIRECTION('',(-1.33226762955019E-16,1.,0.));
#10191=DIRECTION('',(-1.33226762955019E-16,1.,0.));
#10192=DIRECTION('',(-1.33226762955019E-16,1.,0.));
#10193=DIRECTION('',(-1.33226762955019E-16,1.,0.));
#10194=DIRECTION('',(-1.33226762955019E-16,1.,0.));
#10195=DIRECTION('',(-1.33226762955019E-16,1.,0.));
#10196=DIRECTION('',(-1.33226762955019E-16,1.,0.));
#10197=DIRECTION('',(-1.,2.22044604925031E-16,0.));
#10198=DIRECTION('',(-1.,2.22044604925031E-16,0.));
#10199=DIRECTION('',(-1.,2.22044604925031E-16,0.));
#10200=DIRECTION('',(-1.,2.22044604925031E-16,0.));
#10201=DIRECTION('',(-1.,2.22044604925031E-16,0.));
#10202=DIRECTION('',(-1.,2.22044604925031E-16,0.));
#10203=DIRECTION('',(-1.,2.22044604925031E-16,0.));
#10204=DIRECTION('',(-1.,2.22044604925031E-16,0.));
#10205=DIRECTION('',(-1.,2.22044604925031E-16,0.));
#10206=DIRECTION('',(-1.,2.22044604925031E-16,0.));
#10207=DIRECTION('',(-1.,2.22044604925031E-16,0.));
#10208=DIRECTION('',(-1.,2.22044604925031E-16,0.));
#10209=DIRECTION('',(-1.,2.22044604925031E-16,0.));
#10210=DIRECTION('',(-1.,2.22044604925031E-16,0.));
#10211=DIRECTION('',(-1.,2.22044604925031E-16,0.));
#10212=DIRECTION('center_axis',(0.,0.,1.));
#10213=DIRECTION('ref_axis',(-2.22044604925031E-16,-1.,0.));
#10214=DIRECTION('',(1.,-2.22044604925031E-16,0.));
#10215=DIRECTION('',(-2.22044604925031E-16,-1.,0.));
#10216=DIRECTION('',(-1.,2.22044604925031E-16,0.));
#10217=DIRECTION('',(2.22044604925031E-16,1.,0.));
#10218=DIRECTION('',(1.,-2.22044604925031E-16,0.));
#10219=DIRECTION('',(-1.,2.22044604925031E-16,0.));
#10220=DIRECTION('',(1.,-2.22044604925031E-16,0.));
#10221=DIRECTION('',(2.22044604925031E-16,1.,0.));
#10222=DIRECTION('',(-1.,2.22044604925031E-16,0.));
#10223=DIRECTION('',(1.,-2.22044604925031E-16,0.));
#10224=DIRECTION('',(-2.22044604925031E-16,-1.,0.));
#10225=DIRECTION('',(-1.,2.22044604925031E-16,0.));
#10226=DIRECTION('',(2.22044604925031E-16,1.,0.));
#10227=DIRECTION('',(1.,-2.22044604925031E-16,0.));
#10228=DIRECTION('',(-1.,2.22044604925031E-16,0.));
#10229=DIRECTION('',(1.,-2.22044604925031E-16,0.));
#10230=DIRECTION('',(-2.22044604925031E-16,-1.,0.));
#10231=DIRECTION('',(-1.,2.22044604925031E-16,0.));
#10232=DIRECTION('',(-1.,2.22044604925031E-16,0.));
#10233=DIRECTION('',(1.,-2.22044604925031E-16,0.));
#10234=DIRECTION('',(2.22044604925031E-16,1.,0.));
#10235=DIRECTION('',(-1.,2.22044604925031E-16,0.));
#10236=DIRECTION('',(-2.22044604925031E-16,-1.,0.));
#10237=DIRECTION('',(1.,-2.22044604925031E-16,0.));
#10238=DIRECTION('',(1.,-2.22044604925031E-16,0.));
#10239=DIRECTION('',(-1.,2.22044604925031E-16,0.));
#10240=DIRECTION('',(-1.,2.22044604925031E-16,0.));
#10241=DIRECTION('',(-2.22044604925031E-16,-1.,0.));
#10242=DIRECTION('',(1.,-2.22044604925031E-16,0.));
#10243=DIRECTION('',(-2.22044604925031E-16,-1.,0.));
#10244=DIRECTION('',(-1.,2.22044604925031E-16,0.));
#10245=DIRECTION('',(1.,-2.22044604925031E-16,0.));
#10246=DIRECTION('',(2.22044604925031E-16,1.,0.));
#10247=DIRECTION('',(-2.22044604925031E-16,-1.,0.));
#10248=DIRECTION('',(2.22044604925031E-16,1.,0.));
#10249=DIRECTION('',(-1.,2.22044604925031E-16,0.));
#10250=DIRECTION('',(-1.,2.22044604925031E-16,0.));
#10251=DIRECTION('',(1.,-2.22044604925031E-16,0.));
#10252=DIRECTION('',(-1.,2.22044604925031E-16,0.));
#10253=DIRECTION('',(2.22044604925031E-16,1.,0.));
#10254=DIRECTION('',(1.,-2.22044604925031E-16,0.));
#10255=DIRECTION('',(1.,-2.22044604925031E-16,0.));
#10256=DIRECTION('',(-2.22044604925031E-16,-1.,0.));
#10257=DIRECTION('',(2.22044604925031E-16,1.,0.));
#10258=DIRECTION('',(-1.,2.22044604925031E-16,0.));
#10259=DIRECTION('',(1.,-2.22044604925031E-16,0.));
#10260=DIRECTION('center_axis',(-2.22044604925031E-16,-1.,0.));
#10261=DIRECTION('ref_axis',(-1.,2.22044604925031E-16,0.));
#10262=DIRECTION('',(1.,-2.22044604925031E-16,0.));
#10263=DIRECTION('',(0.,0.,-1.));
#10264=DIRECTION('',(-1.,2.22044604925031E-16,0.));
#10265=DIRECTION('',(0.,0.,-1.));
#10266=DIRECTION('center_axis',(-1.,2.22044604925031E-16,0.));
#10267=DIRECTION('ref_axis',(2.22044604925031E-16,1.,0.));
#10268=DIRECTION('',(-2.22044604925031E-16,-1.,0.));
#10269=DIRECTION('',(2.22044604925031E-16,1.,0.));
#10270=DIRECTION('',(0.,0.,-1.));
#10271=DIRECTION('center_axis',(2.22044604925031E-16,1.,0.));
#10272=DIRECTION('ref_axis',(1.,-2.22044604925031E-16,0.));
#10273=DIRECTION('',(-1.,2.22044604925031E-16,0.));
#10274=DIRECTION('',(-1.,2.22044604925031E-16,0.));
#10275=DIRECTION('',(0.,0.,1.));
#10276=DIRECTION('',(0.,0.,1.));
#10277=DIRECTION('',(-1.,2.22044604925031E-16,0.));
#10278=DIRECTION('',(0.,0.,-1.));
#10279=DIRECTION('',(-1.,2.22044604925031E-16,0.));
#10280=DIRECTION('',(0.,0.,-1.));
#10281=DIRECTION('',(-1.,2.22044604925031E-16,0.));
#10282=DIRECTION('',(0.,0.,-1.));
#10283=DIRECTION('center_axis',(1.,-2.22044604925031E-16,0.));
#10284=DIRECTION('ref_axis',(-2.22044604925031E-16,-1.,0.));
#10285=DIRECTION('',(2.22044604925031E-16,1.,0.));
#10286=DIRECTION('',(-2.22044604925031E-16,-1.,0.));
#10287=DIRECTION('center_axis',(1.77316195299845E-16,-1.,0.));
#10288=DIRECTION('ref_axis',(-1.,-1.77316195299845E-16,0.));
#10289=DIRECTION('',(1.,1.77316195299845E-16,0.));
#10290=DIRECTION('',(0.,0.,-1.));
#10291=DIRECTION('',(-1.,-1.77316195299845E-16,0.));
#10292=DIRECTION('',(0.,0.,-1.));
#10293=DIRECTION('center_axis',(-1.77316195299845E-16,1.,0.));
#10294=DIRECTION('ref_axis',(1.,1.77316195299845E-16,0.));
#10295=DIRECTION('',(-1.,-1.77316195299845E-16,0.));
#10296=DIRECTION('',(0.,0.,-1.));
#10297=DIRECTION('',(1.,1.77316195299845E-16,0.));
#10298=DIRECTION('',(0.,0.,-1.));
#10299=DIRECTION('center_axis',(1.,-2.22044604925031E-16,0.));
#10300=DIRECTION('ref_axis',(-2.22044604925031E-16,-1.,0.));
#10301=DIRECTION('',(2.22044604925031E-16,1.,0.));
#10302=DIRECTION('',(-2.22044604925031E-16,-1.,0.));
#10303=DIRECTION('center_axis',(2.22044604925031E-16,1.,0.));
#10304=DIRECTION('ref_axis',(1.,-2.22044604925031E-16,0.));
#10305=DIRECTION('',(-1.,2.22044604925031E-16,0.));
#10306=DIRECTION('',(0.,0.,-1.));
#10307=DIRECTION('',(1.,-2.22044604925031E-16,0.));
#10308=DIRECTION('',(0.,0.,-1.));
#10309=DIRECTION('center_axis',(1.,-2.22044604925031E-16,0.));
#10310=DIRECTION('ref_axis',(-2.22044604925031E-16,-1.,0.));
#10311=DIRECTION('',(2.22044604925031E-16,1.,0.));
#10312=DIRECTION('',(-2.22044604925031E-16,-1.,0.));
#10313=DIRECTION('',(0.,0.,-1.));
#10314=DIRECTION('center_axis',(-2.22044604925031E-16,-1.,0.));
#10315=DIRECTION('ref_axis',(-1.,2.22044604925031E-16,0.));
#10316=DIRECTION('',(1.,-2.22044604925031E-16,0.));
#10317=DIRECTION('',(1.,-2.22044604925031E-16,0.));
#10318=DIRECTION('',(0.,0.,-1.));
#10319=DIRECTION('',(1.,-2.22044604925031E-16,0.));
#10320=DIRECTION('',(0.,0.,-1.));
#10321=DIRECTION('',(1.,-2.22044604925031E-16,0.));
#10322=DIRECTION('',(0.,0.,1.));
#10323=DIRECTION('',(0.,0.,1.));
#10324=DIRECTION('',(1.,-2.22044604925031E-16,0.));
#10325=DIRECTION('',(0.,0.,-1.));
#10326=DIRECTION('center_axis',(-1.,2.22044604925031E-16,0.));
#10327=DIRECTION('ref_axis',(2.22044604925031E-16,1.,0.));
#10328=DIRECTION('',(-2.22044604925031E-16,-1.,0.));
#10329=DIRECTION('',(2.22044604925031E-16,1.,0.));
#10330=DIRECTION('center_axis',(-1.77316195299845E-16,1.,0.));
#10331=DIRECTION('ref_axis',(1.,1.77316195299845E-16,0.));
#10332=DIRECTION('',(-1.,-1.77316195299845E-16,0.));
#10333=DIRECTION('',(0.,0.,-1.));
#10334=DIRECTION('',(1.,1.77316195299845E-16,0.));
#10335=DIRECTION('',(0.,0.,-1.));
#10336=DIRECTION('center_axis',(1.,-2.22044604925031E-16,0.));
#10337=DIRECTION('ref_axis',(-2.22044604925031E-16,-1.,0.));
#10338=DIRECTION('',(2.22044604925031E-16,1.,0.));
#10339=DIRECTION('',(-2.22044604925031E-16,-1.,0.));
#10340=DIRECTION('',(0.,0.,-1.));
#10341=DIRECTION('center_axis',(1.77316195299845E-16,-1.,0.));
#10342=DIRECTION('ref_axis',(-1.,-1.77316195299845E-16,0.));
#10343=DIRECTION('',(1.,1.77316195299845E-16,0.));
#10344=DIRECTION('',(-1.,-1.77316195299845E-16,0.));
#10345=DIRECTION('',(0.,0.,-1.));
#10346=DIRECTION('center_axis',(-1.,2.22044604925031E-16,0.));
#10347=DIRECTION('ref_axis',(2.22044604925031E-16,1.,0.));
#10348=DIRECTION('',(-2.22044604925031E-16,-1.,0.));
#10349=DIRECTION('',(1.33226762955019E-16,-1.,0.));
#10350=DIRECTION('',(1.33226762955019E-16,-1.,0.));
#10351=DIRECTION('',(-2.22044604925031E-16,-1.,0.));
#10352=DIRECTION('',(1.33226762955019E-16,-1.,0.));
#10353=DIRECTION('center_axis',(1.,-2.22044604925031E-16,0.));
#10354=DIRECTION('ref_axis',(-2.22044604925031E-16,-1.,0.));
#10355=DIRECTION('',(2.22044604925031E-16,1.,0.));
#10356=DIRECTION('',(0.,0.,-1.));
#10357=DIRECTION('',(2.22044604925031E-16,1.,0.));
#10358=DIRECTION('',(0.,0.,-1.));
#10359=DIRECTION('',(2.22044604925031E-16,1.,0.));
#10360=DIRECTION('',(0.,0.,-1.));
#10361=DIRECTION('',(2.22044604925031E-16,1.,0.));
#10362=DIRECTION('',(2.22044604925031E-16,1.,0.));
#10363=DIRECTION('',(0.,0.,-1.));
#10364=DIRECTION('center_axis',(-2.22044604925031E-16,-1.,0.));
#10365=DIRECTION('ref_axis',(-1.,2.22044604925031E-16,0.));
#10366=DIRECTION('',(1.,-2.22044604925031E-16,0.));
#10367=DIRECTION('',(-1.,2.22044604925031E-16,0.));
#10368=DIRECTION('',(0.,0.,-1.));
#10369=DIRECTION('center_axis',(-1.,2.22044604925031E-16,0.));
#10370=DIRECTION('ref_axis',(2.22044604925031E-16,1.,0.));
#10371=DIRECTION('',(-2.22044604925031E-16,-1.,0.));
#10372=DIRECTION('',(2.22044604925031E-16,1.,0.));
#10373=DIRECTION('',(0.,0.,-1.));
#10374=DIRECTION('center_axis',(2.22044604925031E-16,1.,0.));
#10375=DIRECTION('ref_axis',(1.,-2.22044604925031E-16,0.));
#10376=DIRECTION('',(-1.,2.22044604925031E-16,0.));
#10377=DIRECTION('',(1.,-2.22044604925031E-16,0.));
#10378=DIRECTION('center_axis',(-2.22044604925031E-16,-1.,0.));
#10379=DIRECTION('ref_axis',(-1.,2.22044604925031E-16,0.));
#10380=DIRECTION('',(1.,-2.22044604925031E-16,0.));
#10381=DIRECTION('',(-1.,2.22044604925031E-16,0.));
#10382=DIRECTION('',(0.,0.,-1.));
#10383=DIRECTION('center_axis',(-1.,2.22044604925031E-16,0.));
#10384=DIRECTION('ref_axis',(2.22044604925031E-16,1.,0.));
#10385=DIRECTION('',(-2.22044604925031E-16,-1.,0.));
#10386=DIRECTION('',(2.22044604925031E-16,1.,0.));
#10387=DIRECTION('',(0.,0.,-1.));
#10388=DIRECTION('center_axis',(2.22044604925031E-16,1.,0.));
#10389=DIRECTION('ref_axis',(1.,-2.22044604925031E-16,0.));
#10390=DIRECTION('',(-1.,2.22044604925031E-16,0.));
#10391=DIRECTION('',(1.,-2.22044604925031E-16,0.));
#10392=DIRECTION('center_axis',(1.,-2.22044604925031E-16,0.));
#10393=DIRECTION('ref_axis',(-2.22044604925031E-16,-1.,0.));
#10394=DIRECTION('',(2.22044604925031E-16,1.,0.));
#10395=DIRECTION('',(0.,0.,-1.));
#10396=DIRECTION('',(-2.22044604925031E-16,-1.,0.));
#10397=DIRECTION('center_axis',(-1.,2.22044604925031E-16,0.));
#10398=DIRECTION('ref_axis',(2.22044604925031E-16,1.,0.));
#10399=DIRECTION('',(-2.22044604925031E-16,-1.,0.));
#10400=DIRECTION('',(2.22044604925031E-16,1.,0.));
#10401=DIRECTION('',(0.,0.,-1.));
#10402=DIRECTION('center_axis',(2.22044604925031E-16,1.,0.));
#10403=DIRECTION('ref_axis',(1.,-2.22044604925031E-16,0.));
#10404=DIRECTION('',(-1.,2.22044604925031E-16,0.));
#10405=DIRECTION('',(1.,-2.22044604925031E-16,0.));
#10406=DIRECTION('center_axis',(1.,-2.22044604925031E-16,0.));
#10407=DIRECTION('ref_axis',(-2.22044604925031E-16,-1.,0.));
#10408=DIRECTION('',(2.22044604925031E-16,1.,0.));
#10409=DIRECTION('',(-2.22044604925031E-16,-1.,0.));
#10410=DIRECTION('',(0.,0.,-1.));
#10411=DIRECTION('center_axis',(-2.22044604925031E-16,-1.,0.));
#10412=DIRECTION('ref_axis',(-1.,2.22044604925031E-16,0.));
#10413=DIRECTION('',(1.,-2.22044604925031E-16,0.));
#10414=DIRECTION('',(-1.,2.22044604925031E-16,0.));
#10415=DIRECTION('',(0.,0.,-1.));
#10416=DIRECTION('center_axis',(-1.,2.22044604925031E-16,0.));
#10417=DIRECTION('ref_axis',(2.22044604925031E-16,1.,0.));
#10418=DIRECTION('',(-2.22044604925031E-16,-1.,0.));
#10419=DIRECTION('',(2.22044604925031E-16,1.,0.));
#10420=DIRECTION('center_axis',(1.,-2.22044604925031E-16,0.));
#10421=DIRECTION('ref_axis',(-2.22044604925031E-16,-1.,0.));
#10422=DIRECTION('',(2.22044604925031E-16,1.,0.));
#10423=DIRECTION('',(0.,0.,-1.));
#10424=DIRECTION('',(0.,0.,-1.));
#10425=DIRECTION('center_axis',(2.22044604925031E-16,1.,0.));
#10426=DIRECTION('ref_axis',(1.,-2.22044604925031E-16,0.));
#10427=DIRECTION('',(-1.,2.22044604925031E-16,0.));
#10428=DIRECTION('',(0.,0.,-1.));
#10429=DIRECTION('center_axis',(-1.,2.22044604925031E-16,0.));
#10430=DIRECTION('ref_axis',(2.22044604925031E-16,1.,0.));
#10431=DIRECTION('',(-2.22044604925031E-16,-1.,0.));
#10432=DIRECTION('',(0.,0.,-1.));
#10433=DIRECTION('center_axis',(-2.22044604925031E-16,-1.,0.));
#10434=DIRECTION('ref_axis',(-1.,2.22044604925031E-16,0.));
#10435=DIRECTION('',(1.,-2.22044604925031E-16,0.));
#10436=DIRECTION('center_axis',(0.,0.,1.));
#10437=DIRECTION('ref_axis',(-2.22044604925031E-16,-1.,0.));
#10438=DIRECTION('center_axis',(0.,0.,-1.));
#10439=DIRECTION('ref_axis',(2.22044604925031E-16,1.,0.));
#10440=DIRECTION('center_axis',(-0.816496580927728,0.408248290463862,0.408248290463861));
#10441=DIRECTION('ref_axis',(0.577350269189622,0.577350269189629,0.577350269189627));
#10442=DIRECTION('center_axis',(0.,1.,0.));
#10443=DIRECTION('ref_axis',(1.,0.,0.));
#10444=DIRECTION('center_axis',(0.,0.,1.));
#10445=DIRECTION('ref_axis',(0.,1.,0.));
#10446=DIRECTION('center_axis',(1.,0.,0.));
#10447=DIRECTION('ref_axis',(0.,0.,1.));
#10448=DIRECTION('center_axis',(0.,0.,1.));
#10449=DIRECTION('ref_axis',(0.707106781186544,0.707106781186551,0.));
#10450=DIRECTION('center_axis',(0.,0.,1.));
#10451=DIRECTION('ref_axis',(0.707106781186544,0.707106781186551,0.));
#10452=DIRECTION('',(0.,0.,1.));
#10453=DIRECTION('',(0.,0.,-1.));
#10454=DIRECTION('center_axis',(0.408248290463863,-0.408248290463861,-0.816496580927727));
#10455=DIRECTION('ref_axis',(0.577350269189627,-0.577350269189627,0.577350269189624));
#10456=DIRECTION('center_axis',(1.,0.,-5.55111512312578E-15));
#10457=DIRECTION('ref_axis',(0.,-1.,0.));
#10458=DIRECTION('center_axis',(0.,0.,1.));
#10459=DIRECTION('ref_axis',(1.,0.,0.));
#10460=DIRECTION('center_axis',(2.7755575615629E-15,-1.,0.));
#10461=DIRECTION('ref_axis',(0.,0.,1.));
#10462=DIRECTION('center_axis',(0.,0.,1.));
#10463=DIRECTION('ref_axis',(0.707106781186546,-0.707106781186549,0.));
#10464=DIRECTION('center_axis',(0.,0.,1.));
#10465=DIRECTION('ref_axis',(0.707106781186546,-0.707106781186549,0.));
#10466=DIRECTION('',(0.,0.,1.));
#10467=DIRECTION('',(0.,0.,-1.));
#10468=DIRECTION('center_axis',(2.22044604925031E-16,1.,0.));
#10469=DIRECTION('ref_axis',(0.707106781186548,0.,0.707106781186548));
#10470=DIRECTION('',(-2.22044604925031E-16,-1.,0.));
#10471=DIRECTION('',(2.22044604925031E-16,1.,0.));
#10472=DIRECTION('center_axis',(-0.408248290463863,0.408248290463861,-0.816496580927727));
#10473=DIRECTION('ref_axis',(-0.577350269189627,0.577350269189627,0.577350269189624));
#10474=DIRECTION('center_axis',(-1.,0.,-5.55111512312578E-15));
#10475=DIRECTION('ref_axis',(0.,1.,0.));
#10476=DIRECTION('center_axis',(0.,0.,1.));
#10477=DIRECTION('ref_axis',(-1.,0.,0.));
#10478=DIRECTION('center_axis',(-2.7755575615629E-15,1.,0.));
#10479=DIRECTION('ref_axis',(0.,0.,1.));
#10480=DIRECTION('center_axis',(0.,0.,1.));
#10481=DIRECTION('ref_axis',(-0.707106781186546,0.707106781186549,0.));
#10482=DIRECTION('center_axis',(0.,0.,1.));
#10483=DIRECTION('ref_axis',(-0.707106781186546,0.707106781186549,0.));
#10484=DIRECTION('',(0.,0.,1.));
#10485=DIRECTION('',(0.,0.,-1.));
#10486=DIRECTION('center_axis',(-0.816496580927728,0.408248290463862,-0.408248290463861));
#10487=DIRECTION('ref_axis',(-0.577350269189622,-0.577350269189629,0.577350269189627));
#10488=DIRECTION('center_axis',(0.,-1.,0.));
#10489=DIRECTION('ref_axis',(-1.,0.,0.));
#10490=DIRECTION('center_axis',(0.,0.,1.));
#10491=DIRECTION('ref_axis',(0.,-1.,0.));
#10492=DIRECTION('center_axis',(-1.,0.,0.));
#10493=DIRECTION('ref_axis',(0.,0.,1.));
#10494=DIRECTION('center_axis',(0.,0.,1.));
#10495=DIRECTION('ref_axis',(-0.707106781186544,-0.707106781186551,0.));
#10496=DIRECTION('center_axis',(0.,0.,1.));
#10497=DIRECTION('ref_axis',(-0.707106781186544,-0.707106781186551,0.));
#10498=DIRECTION('',(0.,0.,1.));
#10499=DIRECTION('',(0.,0.,-1.));
#10500=DIRECTION('center_axis',(1.,-2.22044604925031E-16,0.));
#10501=DIRECTION('ref_axis',(0.,-0.707106781186548,0.707106781186548));
#10502=DIRECTION('',(-1.,2.22044604925031E-16,0.));
#10503=DIRECTION('',(1.,-2.22044604925031E-16,0.));
#10504=DIRECTION('center_axis',(-2.22044604925031E-16,-1.,0.));
#10505=DIRECTION('ref_axis',(-0.707106781186548,0.,0.707106781186548));
#10506=DIRECTION('',(2.22044604925031E-16,1.,0.));
#10507=DIRECTION('',(-2.22044604925031E-16,-1.,0.));
#10508=DIRECTION('center_axis',(-1.,2.22044604925031E-16,0.));
#10509=DIRECTION('ref_axis',(0.,0.707106781186548,0.707106781186548));
#10510=DIRECTION('',(1.,-2.22044604925031E-16,0.));
#10511=DIRECTION('',(-1.,2.22044604925031E-16,0.));
#10512=DIRECTION('center_axis',(1.,-2.22044604925031E-16,0.));
#10513=DIRECTION('ref_axis',(2.22044604925031E-16,1.,0.));
#10514=DIRECTION('',(-2.22044604925031E-16,-1.,0.));
#10515=DIRECTION('',(-2.22044604925031E-16,-1.,0.));
#10516=DIRECTION('',(-2.22044604925031E-16,-1.,0.));
#10517=DIRECTION('',(-2.22044604925031E-16,-1.,0.));
#10518=DIRECTION('',(-2.22044604925031E-16,-1.,0.));
#10519=DIRECTION('center_axis',(-2.22044604925031E-16,-1.,0.));
#10520=DIRECTION('ref_axis',(1.,-2.22044604925031E-16,0.));
#10521=DIRECTION('',(-1.,2.22044604925031E-16,0.));
#10522=DIRECTION('',(-1.,2.22044604925031E-16,0.));
#10523=DIRECTION('',(-1.,2.22044604925031E-16,0.));
#10524=DIRECTION('',(-1.,2.22044604925031E-16,0.));
#10525=DIRECTION('',(-1.,2.22044604925031E-16,0.));
#10526=DIRECTION('center_axis',(0.,0.,1.));
#10527=DIRECTION('ref_axis',(-2.22044604925031E-16,-1.,0.));
#10528=DIRECTION('center_axis',(0.,0.,-1.));
#10529=DIRECTION('ref_axis',(2.22044604925031E-16,1.,0.));
#10530=DIRECTION('center_axis',(0.,0.,-1.));
#10531=DIRECTION('ref_axis',(2.22044604925031E-16,1.,0.));
#10532=DIRECTION('',(0.,0.,-1.));
#10533=DIRECTION('center_axis',(0.,0.,-1.));
#10534=DIRECTION('ref_axis',(2.22044604925031E-16,1.,0.));
#10535=DIRECTION('center_axis',(0.,0.,1.));
#10536=DIRECTION('ref_axis',(2.22044604925031E-16,1.,0.));
#10537=DIRECTION('center_axis',(-1.,2.22044604925031E-16,0.));
#10538=DIRECTION('ref_axis',(-2.22044604925031E-16,-1.,0.));
#10539=DIRECTION('',(2.22044604925031E-16,1.,0.));
#10540=DIRECTION('',(2.22044604925031E-16,1.,0.));
#10541=DIRECTION('',(2.22044604925031E-16,1.,0.));
#10542=DIRECTION('',(2.22044604925031E-16,1.,0.));
#10543=DIRECTION('',(2.22044604925031E-16,1.,0.));
#10544=DIRECTION('center_axis',(2.22044604925031E-16,1.,0.));
#10545=DIRECTION('ref_axis',(-1.,2.22044604925031E-16,0.));
#10546=DIRECTION('',(1.,-2.22044604925031E-16,0.));
#10547=DIRECTION('',(1.,-2.22044604925031E-16,0.));
#10548=DIRECTION('',(1.,-2.22044604925031E-16,0.));
#10549=DIRECTION('',(1.,-2.22044604925031E-16,0.));
#10550=DIRECTION('',(1.,-2.22044604925031E-16,0.));
#10551=DIRECTION('center_axis',(0.,0.,1.));
#10552=DIRECTION('ref_axis',(2.22044604925031E-16,1.,0.));
#10553=DIRECTION('',(-1.,-1.77316195299845E-16,0.));
#10554=DIRECTION('',(-2.22044604925031E-16,-1.,0.));
#10555=DIRECTION('',(1.,-2.22044604925031E-16,0.));
#10556=DIRECTION('',(2.22044604925031E-16,1.,0.));
#10557=DIRECTION('',(-2.22044604925031E-16,-1.,0.));
#10558=DIRECTION('',(1.,-2.22044604925031E-16,0.));
#10559=DIRECTION('',(2.22044604925031E-16,1.,0.));
#10560=DIRECTION('',(1.,-2.22044604925031E-16,0.));
#10561=DIRECTION('',(2.22044604925031E-16,1.,0.));
#10562=DIRECTION('',(-1.,2.22044604925031E-16,0.));
#10563=DIRECTION('',(1.,-2.22044604925031E-16,0.));
#10564=DIRECTION('',(2.22044604925031E-16,1.,0.));
#10565=DIRECTION('',(-1.,2.22044604925031E-16,0.));
#10566=DIRECTION('',(-2.22044604925031E-16,-1.,0.));
#10567=DIRECTION('',(1.,-2.22044604925031E-16,0.));
#10568=DIRECTION('',(2.22044604925031E-16,1.,0.));
#10569=DIRECTION('',(-2.22044604925031E-16,-1.,0.));
#10570=DIRECTION('',(1.,-2.22044604925031E-16,0.));
#10571=DIRECTION('',(2.22044604925031E-16,1.,0.));
#10572=DIRECTION('',(1.,1.77316195299845E-16,0.));
#10573=DIRECTION('',(2.22044604925031E-16,1.,0.));
#10574=DIRECTION('',(-1.,-1.77316195299845E-16,0.));
#10575=DIRECTION('',(1.,1.77316195299845E-16,0.));
#10576=DIRECTION('',(2.22044604925031E-16,1.,0.));
#10577=DIRECTION('center_axis',(1.77316195299845E-16,-1.,0.));
#10578=DIRECTION('ref_axis',(1.,1.77316195299845E-16,0.));
#10579=DIRECTION('',(-1.,-1.77316195299845E-16,0.));
#10580=DIRECTION('',(0.,0.,1.));
#10581=DIRECTION('',(1.,1.77316195299845E-16,0.));
#10582=DIRECTION('',(0.,0.,1.));
#10583=DIRECTION('center_axis',(-1.,2.22044604925031E-16,0.));
#10584=DIRECTION('ref_axis',(-2.22044604925031E-16,-1.,0.));
#10585=DIRECTION('',(2.22044604925031E-16,1.,0.));
#10586=DIRECTION('',(-2.22044604925031E-16,-1.,0.));
#10587=DIRECTION('',(0.,0.,1.));
#10588=DIRECTION('center_axis',(-1.77316195299845E-16,1.,0.));
#10589=DIRECTION('ref_axis',(-1.,-1.77316195299845E-16,0.));
#10590=DIRECTION('',(1.,1.77316195299845E-16,0.));
#10591=DIRECTION('',(-1.,-1.77316195299845E-16,0.));
#10592=DIRECTION('',(0.,0.,1.));
#10593=DIRECTION('center_axis',(0.,0.,1.));
#10594=DIRECTION('ref_axis',(-2.22044604925031E-16,-1.,0.));
#10595=DIRECTION('',(-2.22044604925031E-16,-1.,0.));
#10596=DIRECTION('center_axis',(0.,0.,1.));
#10597=DIRECTION('ref_axis',(-2.22044604925031E-16,-1.,0.));
#10598=DIRECTION('',(-2.22044604925031E-16,-1.,0.));
#10599=DIRECTION('',(-1.,-1.77316195299845E-16,0.));
#10600=DIRECTION('',(-2.22044604925031E-16,-1.,0.));
#10601=DIRECTION('',(1.,-2.2364204812593E-17,0.));
#10602=DIRECTION('',(-2.22044604925031E-16,-1.,0.));
#10603=DIRECTION('',(-1.,2.2364204812593E-17,0.));
#10604=DIRECTION('',(-2.22044604925031E-16,-1.,0.));
#10605=DIRECTION('',(1.,-1.22204404868812E-16,0.));
#10606=DIRECTION('',(-2.22044604925031E-16,-1.,0.));
#10607=DIRECTION('',(-1.,1.22204404868812E-16,0.));
#10608=DIRECTION('',(-2.22044604925031E-16,-1.,0.));
#10609=DIRECTION('',(1.,-1.22204404868812E-16,0.));
#10610=DIRECTION('',(-2.22044604925031E-16,-1.,0.));
#10611=DIRECTION('',(-1.,1.22204404868812E-16,0.));
#10612=DIRECTION('',(-2.22044604925031E-16,-1.,0.));
#10613=DIRECTION('',(1.,-2.2364204812593E-17,0.));
#10614=DIRECTION('',(-2.22044604925031E-16,-1.,0.));
#10615=DIRECTION('',(-1.,2.2364204812593E-17,0.));
#10616=DIRECTION('',(-2.22044604925031E-16,-1.,0.));
#10617=DIRECTION('',(1.,1.77316195299845E-16,0.));
#10618=DIRECTION('',(-2.22044604925031E-16,-1.,0.));
#10619=DIRECTION('',(-1.,-1.77316195299845E-16,0.));
#10620=DIRECTION('',(-2.22044604925031E-16,-1.,0.));
#10621=DIRECTION('',(1.,1.77316195299845E-16,0.));
#10622=DIRECTION('',(-2.22044604925031E-16,-1.,0.));
#10623=DIRECTION('',(-1.,2.22044604925031E-16,0.));
#10624=DIRECTION('',(2.22044604925031E-16,1.,0.));
#10625=DIRECTION('',(-1.,2.22044604925031E-16,0.));
#10626=DIRECTION('',(-2.22044604925031E-16,-1.,0.));
#10627=DIRECTION('',(-1.,2.22044604925031E-16,0.));
#10628=DIRECTION('',(2.22044604925031E-16,1.,0.));
#10629=DIRECTION('',(-1.,2.22044604925031E-16,0.));
#10630=DIRECTION('',(-2.22044604925031E-16,-1.,0.));
#10631=DIRECTION('',(-1.,2.22044604925031E-16,0.));
#10632=DIRECTION('',(2.22044604925031E-16,1.,0.));
#10633=DIRECTION('',(-1.,2.22044604925031E-16,0.));
#10634=DIRECTION('',(-2.22044604925031E-16,-1.,0.));
#10635=DIRECTION('',(-1.,2.22044604925031E-16,0.));
#10636=DIRECTION('',(2.22044604925031E-16,1.,0.));
#10637=DIRECTION('',(-1.,2.22044604925031E-16,0.));
#10638=DIRECTION('',(-2.22044604925031E-16,-1.,0.));
#10639=DIRECTION('',(-1.,2.22044604925031E-16,0.));
#10640=DIRECTION('',(2.22044604925031E-16,1.,0.));
#10641=DIRECTION('',(-1.,2.22044604925031E-16,0.));
#10642=DIRECTION('',(-2.22044604925031E-16,-1.,0.));
#10643=DIRECTION('',(-1.,2.22044604925031E-16,0.));
#10644=DIRECTION('',(2.22044604925031E-16,1.,0.));
#10645=DIRECTION('',(-1.,2.22044604925031E-16,0.));
#10646=DIRECTION('',(-2.22044604925031E-16,-1.,0.));
#10647=DIRECTION('',(-1.,2.22044604925031E-16,0.));
#10648=DIRECTION('',(2.22044604925031E-16,1.,0.));
#10649=DIRECTION('',(-1.,2.22044604925031E-16,0.));
#10650=DIRECTION('',(-2.22044604925031E-16,-1.,0.));
#10651=DIRECTION('',(-1.,2.22044604925031E-16,0.));
#10652=DIRECTION('',(2.22044604925031E-16,1.,0.));
#10653=DIRECTION('',(-1.,2.22044604925031E-16,0.));
#10654=DIRECTION('',(-2.22044604925031E-16,-1.,0.));
#10655=DIRECTION('',(-1.,2.22044604925031E-16,0.));
#10656=DIRECTION('',(2.22044604925031E-16,1.,0.));
#10657=DIRECTION('',(-1.,2.22044604925031E-16,0.));
#10658=DIRECTION('',(-2.22044604925031E-16,-1.,0.));
#10659=DIRECTION('',(-1.,2.22044604925031E-16,0.));
#10660=DIRECTION('',(2.22044604925031E-16,1.,0.));
#10661=DIRECTION('',(-1.,2.22044604925031E-16,0.));
#10662=DIRECTION('',(-2.22044604925031E-16,-1.,0.));
#10663=DIRECTION('',(-1.,2.22044604925031E-16,0.));
#10664=DIRECTION('',(2.22044604925031E-16,1.,0.));
#10665=DIRECTION('',(-1.,2.22044604925031E-16,0.));
#10666=DIRECTION('',(-2.22044604925031E-16,-1.,0.));
#10667=DIRECTION('',(-1.,2.22044604925031E-16,0.));
#10668=DIRECTION('',(2.22044604925031E-16,1.,0.));
#10669=DIRECTION('',(-1.,2.22044604925031E-16,0.));
#10670=DIRECTION('',(-2.22044604925031E-16,-1.,0.));
#10671=DIRECTION('',(-1.,2.22044604925031E-16,0.));
#10672=DIRECTION('',(2.22044604925031E-16,1.,0.));
#10673=DIRECTION('',(-1.,2.22044604925031E-16,0.));
#10674=DIRECTION('',(-2.22044604925031E-16,-1.,0.));
#10675=DIRECTION('',(-1.,2.22044604925031E-16,0.));
#10676=DIRECTION('',(2.22044604925031E-16,1.,0.));
#10677=DIRECTION('',(-1.,2.22044604925031E-16,0.));
#10678=DIRECTION('',(-2.22044604925031E-16,-1.,0.));
#10679=DIRECTION('',(-1.,2.22044604925031E-16,0.));
#10680=DIRECTION('',(-2.22044604925031E-16,-1.,0.));
#10681=DIRECTION('',(1.,-2.22044604925031E-16,0.));
#10682=DIRECTION('',(2.22044604925031E-16,1.,0.));
#10683=DIRECTION('',(-1.,2.22044604925031E-16,0.));
#10684=DIRECTION('',(-2.22044604925031E-16,-1.,0.));
#10685=DIRECTION('',(1.,-2.22044604925031E-16,0.));
#10686=DIRECTION('',(2.22044604925031E-16,1.,0.));
#10687=DIRECTION('',(-1.,2.22044604925031E-16,0.));
#10688=DIRECTION('',(-2.22044604925031E-16,-1.,0.));
#10689=DIRECTION('',(1.,-2.22044604925031E-16,0.));
#10690=DIRECTION('',(2.22044604925031E-16,1.,0.));
#10691=DIRECTION('',(-1.,2.22044604925031E-16,0.));
#10692=DIRECTION('',(-2.22044604925031E-16,-1.,0.));
#10693=DIRECTION('',(1.,-2.22044604925031E-16,0.));
#10694=DIRECTION('',(2.22044604925031E-16,1.,0.));
#10695=DIRECTION('',(-1.,1.72124504896922E-16,0.));
#10696=DIRECTION('',(-2.22044604925031E-16,-1.,0.));
#10697=DIRECTION('',(1.,-1.22204404868812E-16,0.));
#10698=DIRECTION('',(2.22044604925031E-16,1.,0.));
#10699=DIRECTION('',(-1.,2.22044604925031E-16,0.));
#10700=DIRECTION('',(-2.22044604925031E-16,-1.,0.));
#10701=DIRECTION('',(1.,-2.22044604925031E-16,0.));
#10702=DIRECTION('',(2.22044604925031E-16,1.,0.));
#10703=DIRECTION('',(-1.,2.22044604925031E-16,0.));
#10704=DIRECTION('',(-2.22044604925031E-16,-1.,0.));
#10705=DIRECTION('',(1.,-2.22044604925031E-16,0.));
#10706=DIRECTION('',(2.22044604925031E-16,1.,0.));
#10707=DIRECTION('',(-1.,2.22044604925031E-16,0.));
#10708=DIRECTION('',(-2.22044604925031E-16,-1.,0.));
#10709=DIRECTION('',(-1.,2.22044604925031E-16,0.));
#10710=DIRECTION('',(-2.22044604925031E-16,-1.,0.));
#10711=DIRECTION('',(1.,-2.22044604925031E-16,0.));
#10712=DIRECTION('',(2.22044604925031E-16,1.,0.));
#10713=DIRECTION('',(-1.,2.22044604925031E-16,0.));
#10714=DIRECTION('',(-2.22044604925031E-16,-1.,0.));
#10715=DIRECTION('',(1.,-2.22044604925031E-16,0.));
#10716=DIRECTION('',(2.22044604925031E-16,1.,0.));
#10717=DIRECTION('',(-1.,2.22044604925031E-16,0.));
#10718=DIRECTION('',(-2.22044604925031E-16,-1.,0.));
#10719=DIRECTION('',(1.,-2.22044604925031E-16,0.));
#10720=DIRECTION('',(2.22044604925031E-16,1.,0.));
#10721=DIRECTION('',(-1.,2.22044604925031E-16,0.));
#10722=DIRECTION('',(-2.22044604925031E-16,-1.,0.));
#10723=DIRECTION('',(1.,-2.22044604925031E-16,0.));
#10724=DIRECTION('',(2.22044604925031E-16,1.,0.));
#10725=DIRECTION('',(-1.,2.22044604925031E-16,0.));
#10726=DIRECTION('',(-2.22044604925031E-16,-1.,0.));
#10727=DIRECTION('',(1.,-2.22044604925031E-16,0.));
#10728=DIRECTION('',(2.22044604925031E-16,1.,0.));
#10729=DIRECTION('',(-1.,2.22044604925031E-16,0.));
#10730=DIRECTION('',(-2.22044604925031E-16,-1.,0.));
#10731=DIRECTION('',(1.,-2.22044604925031E-16,0.));
#10732=DIRECTION('',(2.22044604925031E-16,1.,0.));
#10733=DIRECTION('',(-1.,2.22044604925031E-16,0.));
#10734=DIRECTION('',(-2.22044604925031E-16,-1.,0.));
#10735=DIRECTION('',(1.,-2.22044604925031E-16,0.));
#10736=DIRECTION('',(2.22044604925031E-16,1.,0.));
#10737=DIRECTION('',(-1.,2.22044604925031E-16,0.));
#10738=DIRECTION('',(-2.22044604925031E-16,-1.,0.));
#10739=DIRECTION('',(1.,-2.22044604925031E-16,0.));
#10740=DIRECTION('',(2.22044604925031E-16,1.,0.));
#10741=DIRECTION('',(-1.,2.22044604925031E-16,0.));
#10742=DIRECTION('',(-2.22044604925031E-16,-1.,0.));
#10743=DIRECTION('',(1.,-2.22044604925031E-16,0.));
#10744=DIRECTION('',(2.22044604925031E-16,1.,0.));
#10745=DIRECTION('',(-1.,2.22044604925031E-16,0.));
#10746=DIRECTION('',(-2.22044604925031E-16,-1.,0.));
#10747=DIRECTION('',(1.,-2.22044604925031E-16,0.));
#10748=DIRECTION('',(2.22044604925031E-16,1.,0.));
#10749=DIRECTION('',(-1.,2.22044604925031E-16,0.));
#10750=DIRECTION('',(-2.22044604925031E-16,-1.,0.));
#10751=DIRECTION('',(1.,-2.22044604925031E-16,0.));
#10752=DIRECTION('',(2.22044604925031E-16,1.,0.));
#10753=DIRECTION('',(-1.,2.22044604925031E-16,0.));
#10754=DIRECTION('',(-2.22044604925031E-16,-1.,0.));
#10755=DIRECTION('',(1.,-2.22044604925031E-16,0.));
#10756=DIRECTION('',(2.22044604925031E-16,1.,0.));
#10757=DIRECTION('',(-1.,2.22044604925031E-16,0.));
#10758=DIRECTION('',(-2.22044604925031E-16,-1.,0.));
#10759=DIRECTION('',(1.,-2.22044604925031E-16,0.));
#10760=DIRECTION('',(2.22044604925031E-16,1.,0.));
#10761=DIRECTION('',(-1.,2.22044604925031E-16,0.));
#10762=DIRECTION('',(-2.22044604925031E-16,-1.,0.));
#10763=DIRECTION('',(1.,-2.22044604925031E-16,0.));
#10764=DIRECTION('',(2.22044604925031E-16,1.,0.));
#10765=DIRECTION('',(-1.,2.22044604925031E-16,0.));
#10766=DIRECTION('',(-2.22044604925031E-16,-1.,0.));
#10767=DIRECTION('center_axis',(-2.2364204812593E-17,-1.,0.));
#10768=DIRECTION('ref_axis',(1.,-2.2364204812593E-17,0.));
#10769=DIRECTION('',(-1.,2.2364204812593E-17,0.));
#10770=DIRECTION('',(0.,0.,1.));
#10771=DIRECTION('',(0.,0.,1.));
#10772=DIRECTION('center_axis',(-1.,2.22044604925031E-16,0.));
#10773=DIRECTION('ref_axis',(-2.22044604925031E-16,-1.,0.));
#10774=DIRECTION('',(2.22044604925031E-16,1.,0.));
#10775=DIRECTION('',(0.,0.,1.));
#10776=DIRECTION('center_axis',(1.22204404868812E-16,1.,0.));
#10777=DIRECTION('ref_axis',(-1.,1.22204404868812E-16,0.));
#10778=DIRECTION('',(1.,-1.22204404868812E-16,0.));
#10779=DIRECTION('',(0.,0.,1.));
#10780=DIRECTION('center_axis',(0.,0.,1.));
#10781=DIRECTION('ref_axis',(-2.22044604925031E-16,-1.,0.));
#10782=DIRECTION('',(-2.22044604925031E-16,-1.,0.));
#10783=DIRECTION('center_axis',(-1.,2.22044604925031E-16,0.));
#10784=DIRECTION('ref_axis',(-2.22044604925031E-16,-1.,0.));
#10785=DIRECTION('',(2.22044604925031E-16,1.,0.));
#10786=DIRECTION('',(0.,0.,1.));
#10787=DIRECTION('',(0.,0.,1.));
#10788=DIRECTION('center_axis',(2.22044604925031E-16,1.,0.));
#10789=DIRECTION('ref_axis',(-1.,2.22044604925031E-16,0.));
#10790=DIRECTION('',(1.,-2.22044604925031E-16,0.));
#10791=DIRECTION('',(0.,0.,1.));
#10792=DIRECTION('center_axis',(1.,-2.22044604925031E-16,0.));
#10793=DIRECTION('ref_axis',(2.22044604925031E-16,1.,0.));
#10794=DIRECTION('',(-2.22044604925031E-16,-1.,0.));
#10795=DIRECTION('',(0.,0.,1.));
#10796=DIRECTION('center_axis',(0.,0.,1.));
#10797=DIRECTION('ref_axis',(-2.22044604925031E-16,-1.,0.));
#10798=DIRECTION('',(-1.,2.22044604925031E-16,0.));
#10799=DIRECTION('center_axis',(2.22044604925031E-16,1.,0.));
#10800=DIRECTION('ref_axis',(-1.,2.22044604925031E-16,0.));
#10801=DIRECTION('',(1.,-2.22044604925031E-16,0.));
#10802=DIRECTION('',(0.,0.,1.));
#10803=DIRECTION('',(0.,0.,1.));
#10804=DIRECTION('center_axis',(1.,-2.22044604925031E-16,0.));
#10805=DIRECTION('ref_axis',(2.22044604925031E-16,1.,0.));
#10806=DIRECTION('',(-2.22044604925031E-16,-1.,0.));
#10807=DIRECTION('',(0.,0.,1.));
#10808=DIRECTION('center_axis',(-1.,2.22044604925031E-16,0.));
#10809=DIRECTION('ref_axis',(-2.22044604925031E-16,-1.,0.));
#10810=DIRECTION('',(2.22044604925031E-16,1.,0.));
#10811=DIRECTION('',(0.,0.,1.));
#10812=DIRECTION('center_axis',(0.,0.,1.));
#10813=DIRECTION('ref_axis',(-2.22044604925031E-16,-1.,0.));
#10814=DIRECTION('',(-1.,2.22044604925031E-16,0.));
#10815=DIRECTION('center_axis',(-2.22044604925031E-16,-1.,0.));
#10816=DIRECTION('ref_axis',(1.,-2.22044604925031E-16,0.));
#10817=DIRECTION('',(1.,-2.22044604925031E-16,0.));
#10818=DIRECTION('',(0.,0.,1.));
#10819=DIRECTION('',(0.,0.,1.));
#10820=DIRECTION('center_axis',(-1.,2.22044604925031E-16,0.));
#10821=DIRECTION('ref_axis',(-2.22044604925031E-16,-1.,0.));
#10822=DIRECTION('',(-2.22044604925031E-16,-1.,0.));
#10823=DIRECTION('',(0.,0.,1.));
#10824=DIRECTION('center_axis',(1.,-2.22044604925031E-16,0.));
#10825=DIRECTION('ref_axis',(2.22044604925031E-16,1.,0.));
#10826=DIRECTION('',(2.22044604925031E-16,1.,0.));
#10827=DIRECTION('',(0.,0.,1.));
#10828=DIRECTION('center_axis',(0.,0.,1.));
#10829=DIRECTION('ref_axis',(-2.22044604925031E-16,-1.,0.));
#10830=DIRECTION('',(-1.,2.22044604925031E-16,0.));
#10831=DIRECTION('center_axis',(-2.22044604925031E-16,-1.,0.));
#10832=DIRECTION('ref_axis',(1.,-2.22044604925031E-16,0.));
#10833=DIRECTION('',(1.,-2.22044604925031E-16,0.));
#10834=DIRECTION('',(0.,0.,1.));
#10835=DIRECTION('',(0.,0.,1.));
#10836=DIRECTION('center_axis',(-1.,2.22044604925031E-16,0.));
#10837=DIRECTION('ref_axis',(-2.22044604925031E-16,-1.,0.));
#10838=DIRECTION('',(-2.22044604925031E-16,-1.,0.));
#10839=DIRECTION('',(0.,0.,1.));
#10840=DIRECTION('center_axis',(1.,-2.22044604925031E-16,0.));
#10841=DIRECTION('ref_axis',(2.22044604925031E-16,1.,0.));
#10842=DIRECTION('',(2.22044604925031E-16,1.,0.));
#10843=DIRECTION('',(0.,0.,1.));
#10844=DIRECTION('center_axis',(0.,0.,1.));
#10845=DIRECTION('ref_axis',(-2.22044604925031E-16,-1.,0.));
#10846=DIRECTION('',(-1.,2.22044604925031E-16,0.));
#10847=DIRECTION('center_axis',(1.,-2.22044604925031E-16,0.));
#10848=DIRECTION('ref_axis',(-2.22044604925031E-16,-1.,0.));
#10849=DIRECTION('',(-2.22044604925031E-16,-1.,0.));
#10850=DIRECTION('',(0.,0.,-1.));
#10851=DIRECTION('',(-2.22044604925031E-16,-1.,0.));
#10852=DIRECTION('',(0.,0.,-1.));
#10853=DIRECTION('center_axis',(2.22044604925031E-16,1.,0.));
#10854=DIRECTION('ref_axis',(1.,-2.22044604925031E-16,0.));
#10855=DIRECTION('',(1.,-2.22044604925031E-16,0.));
#10856=DIRECTION('',(0.,0.,-1.));
#10857=DIRECTION('center_axis',(-1.,2.22044604925031E-16,0.));
#10858=DIRECTION('ref_axis',(2.22044604925031E-16,1.,0.));
#10859=DIRECTION('',(2.22044604925031E-16,1.,0.));
#10860=DIRECTION('',(2.22044604925031E-16,1.,0.));
#10861=DIRECTION('',(0.,0.,-1.));
#10862=DIRECTION('center_axis',(0.,0.,1.));
#10863=DIRECTION('ref_axis',(-2.22044604925031E-16,-1.,0.));
#10864=DIRECTION('',(-1.,2.22044604925031E-16,0.));
#10865=DIRECTION('center_axis',(0.,0.,1.));
#10866=DIRECTION('ref_axis',(-2.22044604925031E-16,-1.,0.));
#10867=DIRECTION('',(1.,-2.22044604925031E-16,0.));
#10868=DIRECTION('',(-1.33226762955019E-16,1.,0.));
#10869=DIRECTION('',(-1.,-1.77316195299845E-16,0.));
#10870=DIRECTION('',(2.22044604925031E-16,1.,0.));
#10871=DIRECTION('',(1.,1.77316195299845E-16,0.));
#10872=DIRECTION('',(-1.33226762955019E-16,1.,0.));
#10873=DIRECTION('',(-1.,-1.77316195299845E-16,0.));
#10874=DIRECTION('',(2.22044604925031E-16,1.,0.));
#10875=DIRECTION('',(1.,1.77316195299845E-16,0.));
#10876=DIRECTION('',(-1.33226762955019E-16,1.,0.));
#10877=DIRECTION('',(-1.,2.22044604925031E-16,0.));
#10878=DIRECTION('',(-2.22044604925031E-16,-1.,0.));
#10879=DIRECTION('',(-1.,2.22044604925031E-16,0.));
#10880=DIRECTION('',(2.22044604925031E-16,1.,0.));
#10881=DIRECTION('',(-1.,2.22044604925031E-16,0.));
#10882=DIRECTION('',(-2.22044604925031E-16,-1.,0.));
#10883=DIRECTION('',(-1.,2.22044604925031E-16,0.));
#10884=DIRECTION('',(2.22044604925031E-16,1.,0.));
#10885=DIRECTION('',(-1.,2.22044604925031E-16,0.));
#10886=DIRECTION('',(-2.22044604925031E-16,-1.,0.));
#10887=DIRECTION('',(1.,-2.22044604925031E-16,0.));
#10888=DIRECTION('',(-2.22044604925031E-16,-1.,0.));
#10889=DIRECTION('',(-1.,2.22044604925031E-16,0.));
#10890=DIRECTION('',(-2.22044604925031E-16,-1.,0.));
#10891=DIRECTION('',(1.,-2.22044604925031E-16,0.));
#10892=DIRECTION('',(-2.22044604925031E-16,-1.,0.));
#10893=DIRECTION('',(-1.,2.22044604925031E-16,0.));
#10894=DIRECTION('',(-2.22044604925031E-16,-1.,0.));
#10895=DIRECTION('',(1.,-2.22044604925031E-16,0.));
#10896=DIRECTION('',(2.22044604925031E-16,1.,0.));
#10897=DIRECTION('',(1.,-2.22044604925031E-16,0.));
#10898=DIRECTION('',(-2.22044604925031E-16,-1.,0.));
#10899=DIRECTION('',(1.,-2.22044604925031E-16,0.));
#10900=DIRECTION('center_axis',(1.72124504896922E-16,1.,0.));
#10901=DIRECTION('ref_axis',(-1.,1.72124504896922E-16,0.));
#10902=DIRECTION('',(-1.,1.72124504896922E-16,0.));
#10903=DIRECTION('',(0.,0.,1.));
#10904=DIRECTION('',(0.,0.,1.));
#10905=DIRECTION('center_axis',(1.,-2.22044604925031E-16,0.));
#10906=DIRECTION('ref_axis',(2.22044604925031E-16,1.,0.));
#10907=DIRECTION('',(2.22044604925031E-16,1.,0.));
#10908=DIRECTION('',(0.,0.,1.));
#10909=DIRECTION('center_axis',(-2.22044604925031E-16,-1.,0.));
#10910=DIRECTION('ref_axis',(1.,-2.22044604925031E-16,0.));
#10911=DIRECTION('',(1.,-2.22044604925031E-16,0.));
#10912=DIRECTION('',(0.,0.,1.));
#10913=DIRECTION('center_axis',(0.,0.,1.));
#10914=DIRECTION('ref_axis',(-2.22044604925031E-16,-1.,0.));
#10915=DIRECTION('',(-2.22044604925031E-16,-1.,0.));
#10916=DIRECTION('center_axis',(-1.,2.22044604925031E-16,0.));
#10917=DIRECTION('ref_axis',(-2.22044604925031E-16,-1.,0.));
#10918=DIRECTION('',(-2.22044604925031E-16,-1.,0.));
#10919=DIRECTION('',(0.,0.,1.));
#10920=DIRECTION('',(0.,0.,1.));
#10921=DIRECTION('center_axis',(1.,-2.22044604925031E-16,0.));
#10922=DIRECTION('ref_axis',(2.22044604925031E-16,1.,0.));
#10923=DIRECTION('',(2.22044604925031E-16,1.,0.));
#10924=DIRECTION('',(0.,0.,1.));
#10925=DIRECTION('',(0.,0.,1.));
#10926=DIRECTION('center_axis',(-2.22044604925031E-16,-1.,0.));
#10927=DIRECTION('ref_axis',(1.,-2.22044604925031E-16,0.));
#10928=DIRECTION('',(1.,-2.22044604925031E-16,0.));
#10929=DIRECTION('center_axis',(0.,0.,1.));
#10930=DIRECTION('ref_axis',(-2.22044604925031E-16,-1.,0.));
#10931=DIRECTION('',(-1.,2.22044604925031E-16,0.));
#10932=DIRECTION('center_axis',(-2.22044604925031E-16,-1.,0.));
#10933=DIRECTION('ref_axis',(1.,-2.22044604925031E-16,0.));
#10934=DIRECTION('',(1.,-2.22044604925031E-16,0.));
#10935=DIRECTION('',(0.,0.,1.));
#10936=DIRECTION('',(0.,0.,1.));
#10937=DIRECTION('center_axis',(-1.,2.22044604925031E-16,0.));
#10938=DIRECTION('ref_axis',(-2.22044604925031E-16,-1.,0.));
#10939=DIRECTION('',(-2.22044604925031E-16,-1.,0.));
#10940=DIRECTION('',(0.,0.,1.));
#10941=DIRECTION('center_axis',(1.,-2.22044604925031E-16,0.));
#10942=DIRECTION('ref_axis',(2.22044604925031E-16,1.,0.));
#10943=DIRECTION('',(2.22044604925031E-16,1.,0.));
#10944=DIRECTION('',(0.,0.,1.));
#10945=DIRECTION('center_axis',(0.,0.,1.));
#10946=DIRECTION('ref_axis',(-2.22044604925031E-16,-1.,0.));
#10947=DIRECTION('',(-1.,2.22044604925031E-16,0.));
#10948=DIRECTION('center_axis',(-2.22044604925031E-16,-1.,0.));
#10949=DIRECTION('ref_axis',(1.,-2.22044604925031E-16,0.));
#10950=DIRECTION('',(1.,-2.22044604925031E-16,0.));
#10951=DIRECTION('',(0.,0.,1.));
#10952=DIRECTION('',(0.,0.,1.));
#10953=DIRECTION('center_axis',(-1.,2.22044604925031E-16,0.));
#10954=DIRECTION('ref_axis',(-2.22044604925031E-16,-1.,0.));
#10955=DIRECTION('',(-2.22044604925031E-16,-1.,0.));
#10956=DIRECTION('',(0.,0.,1.));
#10957=DIRECTION('center_axis',(1.,-2.22044604925031E-16,0.));
#10958=DIRECTION('ref_axis',(2.22044604925031E-16,1.,0.));
#10959=DIRECTION('',(2.22044604925031E-16,1.,0.));
#10960=DIRECTION('',(0.,0.,1.));
#10961=DIRECTION('center_axis',(0.,0.,1.));
#10962=DIRECTION('ref_axis',(-2.22044604925031E-16,-1.,0.));
#10963=DIRECTION('',(-1.,2.22044604925031E-16,0.));
#10964=DIRECTION('center_axis',(1.,-2.22044604925031E-16,0.));
#10965=DIRECTION('ref_axis',(-2.22044604925031E-16,-1.,0.));
#10966=DIRECTION('',(0.,0.,-1.));
#10967=DIRECTION('',(0.,0.,-1.));
#10968=DIRECTION('center_axis',(2.22044604925031E-16,1.,0.));
#10969=DIRECTION('ref_axis',(1.,-2.22044604925031E-16,0.));
#10970=DIRECTION('',(0.,0.,-1.));
#10971=DIRECTION('',(-1.,2.22044604925031E-16,0.));
#10972=DIRECTION('center_axis',(-2.22044604925031E-16,-1.,0.));
#10973=DIRECTION('ref_axis',(-1.,2.22044604925031E-16,0.));
#10974=DIRECTION('',(1.,-2.22044604925031E-16,0.));
#10975=DIRECTION('',(0.,0.,-1.));
#10976=DIRECTION('center_axis',(0.,0.,1.));
#10977=DIRECTION('ref_axis',(-2.22044604925031E-16,-1.,0.));
#10978=DIRECTION('',(-2.22044604925031E-16,-1.,0.));
#10979=DIRECTION('center_axis',(-2.22044604925031E-16,-1.,0.));
#10980=DIRECTION('ref_axis',(1.,-2.22044604925031E-16,0.));
#10981=DIRECTION('',(1.,-2.22044604925031E-16,0.));
#10982=DIRECTION('',(0.,0.,1.));
#10983=DIRECTION('',(0.,0.,1.));
#10984=DIRECTION('center_axis',(-1.,2.22044604925031E-16,0.));
#10985=DIRECTION('ref_axis',(-2.22044604925031E-16,-1.,0.));
#10986=DIRECTION('',(-2.22044604925031E-16,-1.,0.));
#10987=DIRECTION('',(0.,0.,1.));
#10988=DIRECTION('center_axis',(1.,-2.22044604925031E-16,0.));
#10989=DIRECTION('ref_axis',(2.22044604925031E-16,1.,0.));
#10990=DIRECTION('',(2.22044604925031E-16,1.,0.));
#10991=DIRECTION('',(0.,0.,1.));
#10992=DIRECTION('center_axis',(0.,0.,1.));
#10993=DIRECTION('ref_axis',(-2.22044604925031E-16,-1.,0.));
#10994=DIRECTION('',(-1.,2.22044604925031E-16,0.));
#10995=DIRECTION('center_axis',(1.,-2.22044604925031E-16,0.));
#10996=DIRECTION('ref_axis',(2.22044604925031E-16,1.,0.));
#10997=DIRECTION('',(-2.22044604925031E-16,-1.,0.));
#10998=DIRECTION('',(0.,0.,1.));
#10999=DIRECTION('',(0.,0.,1.));
#11000=DIRECTION('center_axis',(-1.,2.22044604925031E-16,0.));
#11001=DIRECTION('ref_axis',(-2.22044604925031E-16,-1.,0.));
#11002=DIRECTION('',(2.22044604925031E-16,1.,0.));
#11003=DIRECTION('',(0.,0.,1.));
#11004=DIRECTION('',(0.,0.,1.));
#11005=DIRECTION('center_axis',(2.22044604925031E-16,1.,0.));
#11006=DIRECTION('ref_axis',(-1.,2.22044604925031E-16,0.));
#11007=DIRECTION('',(1.,-2.22044604925031E-16,0.));
#11008=DIRECTION('center_axis',(0.,0.,1.));
#11009=DIRECTION('ref_axis',(-2.22044604925031E-16,-1.,0.));
#11010=DIRECTION('',(-1.,2.22044604925031E-16,0.));
#11011=DIRECTION('center_axis',(2.22044604925031E-16,1.,0.));
#11012=DIRECTION('ref_axis',(-1.,2.22044604925031E-16,0.));
#11013=DIRECTION('',(-1.,2.22044604925031E-16,0.));
#11014=DIRECTION('',(0.,0.,1.));
#11015=DIRECTION('',(0.,0.,1.));
#11016=DIRECTION('center_axis',(1.,-2.22044604925031E-16,0.));
#11017=DIRECTION('ref_axis',(2.22044604925031E-16,1.,0.));
#11018=DIRECTION('',(2.22044604925031E-16,1.,0.));
#11019=DIRECTION('',(0.,0.,1.));
#11020=DIRECTION('center_axis',(-2.22044604925031E-16,-1.,0.));
#11021=DIRECTION('ref_axis',(1.,-2.22044604925031E-16,0.));
#11022=DIRECTION('',(1.,-2.22044604925031E-16,0.));
#11023=DIRECTION('',(0.,0.,1.));
#11024=DIRECTION('center_axis',(0.,0.,1.));
#11025=DIRECTION('ref_axis',(-2.22044604925031E-16,-1.,0.));
#11026=DIRECTION('',(-2.22044604925031E-16,-1.,0.));
#11027=DIRECTION('center_axis',(2.22044604925031E-16,1.,0.));
#11028=DIRECTION('ref_axis',(-1.,2.22044604925031E-16,0.));
#11029=DIRECTION('',(1.,-2.22044604925031E-16,0.));
#11030=DIRECTION('',(0.,0.,1.));
#11031=DIRECTION('',(0.,0.,1.));
#11032=DIRECTION('center_axis',(1.,-2.22044604925031E-16,0.));
#11033=DIRECTION('ref_axis',(2.22044604925031E-16,1.,0.));
#11034=DIRECTION('',(-2.22044604925031E-16,-1.,0.));
#11035=DIRECTION('',(0.,0.,1.));
#11036=DIRECTION('center_axis',(-1.,2.22044604925031E-16,0.));
#11037=DIRECTION('ref_axis',(-2.22044604925031E-16,-1.,0.));
#11038=DIRECTION('',(2.22044604925031E-16,1.,0.));
#11039=DIRECTION('',(0.,0.,1.));
#11040=DIRECTION('center_axis',(0.,0.,1.));
#11041=DIRECTION('ref_axis',(-2.22044604925031E-16,-1.,0.));
#11042=DIRECTION('',(-1.,2.22044604925031E-16,0.));
#11043=DIRECTION('center_axis',(1.,-2.22044604925031E-16,0.));
#11044=DIRECTION('ref_axis',(-2.22044604925031E-16,-1.,0.));
#11045=DIRECTION('',(0.,0.,-1.));
#11046=DIRECTION('',(0.,0.,-1.));
#11047=DIRECTION('center_axis',(2.22044604925031E-16,1.,0.));
#11048=DIRECTION('ref_axis',(1.,-2.22044604925031E-16,0.));
#11049=DIRECTION('',(0.,0.,-1.));
#11050=DIRECTION('',(-1.,2.22044604925031E-16,0.));
#11051=DIRECTION('center_axis',(-2.22044604925031E-16,-1.,0.));
#11052=DIRECTION('ref_axis',(-1.,2.22044604925031E-16,0.));
#11053=DIRECTION('',(1.,-2.22044604925031E-16,0.));
#11054=DIRECTION('',(0.,0.,-1.));
#11055=DIRECTION('center_axis',(0.,0.,1.));
#11056=DIRECTION('ref_axis',(-2.22044604925031E-16,-1.,0.));
#11057=DIRECTION('',(-2.22044604925031E-16,-1.,0.));
#11058=DIRECTION('center_axis',(-1.,2.22044604925031E-16,0.));
#11059=DIRECTION('ref_axis',(2.22044604925031E-16,1.,0.));
#11060=DIRECTION('',(-2.22044604925031E-16,-1.,0.));
#11061=DIRECTION('',(0.,0.,-1.));
#11062=DIRECTION('',(0.,0.,-1.));
#11063=DIRECTION('center_axis',(-2.22044604925031E-16,-1.,0.));
#11064=DIRECTION('ref_axis',(-1.,2.22044604925031E-16,0.));
#11065=DIRECTION('',(0.,0.,-1.));
#11066=DIRECTION('center_axis',(1.,-2.22044604925031E-16,0.));
#11067=DIRECTION('ref_axis',(-2.22044604925031E-16,-1.,0.));
#11068=DIRECTION('',(0.,0.,-1.));
#11069=DIRECTION('',(2.22044604925031E-16,1.,0.));
#11070=DIRECTION('center_axis',(0.,0.,1.));
#11071=DIRECTION('ref_axis',(-2.22044604925031E-16,-1.,0.));
#11072=DIRECTION('',(-1.,2.22044604925031E-16,0.));
#11073=DIRECTION('center_axis',(1.,-2.22044604925031E-16,0.));
#11074=DIRECTION('ref_axis',(2.22044604925031E-16,1.,0.));
#11075=DIRECTION('',(-2.22044604925031E-16,-1.,0.));
#11076=DIRECTION('',(0.,0.,1.));
#11077=DIRECTION('',(0.,0.,1.));
#11078=DIRECTION('center_axis',(-1.,2.22044604925031E-16,0.));
#11079=DIRECTION('ref_axis',(-2.22044604925031E-16,-1.,0.));
#11080=DIRECTION('',(2.22044604925031E-16,1.,0.));
#11081=DIRECTION('',(0.,0.,1.));
#11082=DIRECTION('',(0.,0.,1.));
#11083=DIRECTION('center_axis',(2.22044604925031E-16,1.,0.));
#11084=DIRECTION('ref_axis',(-1.,2.22044604925031E-16,0.));
#11085=DIRECTION('',(1.,-2.22044604925031E-16,0.));
#11086=DIRECTION('center_axis',(0.,0.,1.));
#11087=DIRECTION('ref_axis',(-2.22044604925031E-16,-1.,0.));
#11088=DIRECTION('',(-1.,2.22044604925031E-16,0.));
#11089=DIRECTION('center_axis',(-2.22044604925031E-16,-1.,0.));
#11090=DIRECTION('ref_axis',(1.,-2.22044604925031E-16,0.));
#11091=DIRECTION('',(1.,-2.22044604925031E-16,0.));
#11092=DIRECTION('',(0.,0.,1.));
#11093=DIRECTION('',(0.,0.,1.));
#11094=DIRECTION('center_axis',(-1.,2.22044604925031E-16,0.));
#11095=DIRECTION('ref_axis',(-2.22044604925031E-16,-1.,0.));
#11096=DIRECTION('',(-2.22044604925031E-16,-1.,0.));
#11097=DIRECTION('',(0.,0.,1.));
#11098=DIRECTION('center_axis',(1.,-2.22044604925031E-16,0.));
#11099=DIRECTION('ref_axis',(2.22044604925031E-16,1.,0.));
#11100=DIRECTION('',(2.22044604925031E-16,1.,0.));
#11101=DIRECTION('',(0.,0.,1.));
#11102=DIRECTION('center_axis',(0.,0.,1.));
#11103=DIRECTION('ref_axis',(-2.22044604925031E-16,-1.,0.));
#11104=DIRECTION('',(-1.,2.22044604925031E-16,0.));
#11105=DIRECTION('center_axis',(2.22044604925031E-16,1.,0.));
#11106=DIRECTION('ref_axis',(-1.,2.22044604925031E-16,0.));
#11107=DIRECTION('',(-1.,2.22044604925031E-16,0.));
#11108=DIRECTION('',(0.,0.,1.));
#11109=DIRECTION('',(0.,0.,1.));
#11110=DIRECTION('center_axis',(1.,-2.22044604925031E-16,0.));
#11111=DIRECTION('ref_axis',(2.22044604925031E-16,1.,0.));
#11112=DIRECTION('',(2.22044604925031E-16,1.,0.));
#11113=DIRECTION('',(0.,0.,1.));
#11114=DIRECTION('center_axis',(-1.22204404868812E-16,-1.,0.));
#11115=DIRECTION('ref_axis',(1.,-1.22204404868812E-16,0.));
#11116=DIRECTION('',(1.,-1.22204404868812E-16,0.));
#11117=DIRECTION('',(0.,0.,1.));
#11118=DIRECTION('center_axis',(0.,0.,1.));
#11119=DIRECTION('ref_axis',(-2.22044604925031E-16,-1.,0.));
#11120=DIRECTION('',(-2.22044604925031E-16,-1.,0.));
#11121=DIRECTION('center_axis',(-1.,2.22044604925031E-16,0.));
#11122=DIRECTION('ref_axis',(-2.22044604925031E-16,-1.,0.));
#11123=DIRECTION('',(2.22044604925031E-16,1.,0.));
#11124=DIRECTION('',(0.,0.,1.));
#11125=DIRECTION('',(0.,0.,1.));
#11126=DIRECTION('center_axis',(2.22044604925031E-16,1.,0.));
#11127=DIRECTION('ref_axis',(-1.,2.22044604925031E-16,0.));
#11128=DIRECTION('',(1.,-2.22044604925031E-16,0.));
#11129=DIRECTION('',(0.,0.,1.));
#11130=DIRECTION('center_axis',(1.,-2.22044604925031E-16,0.));
#11131=DIRECTION('ref_axis',(2.22044604925031E-16,1.,0.));
#11132=DIRECTION('',(-2.22044604925031E-16,-1.,0.));
#11133=DIRECTION('',(0.,0.,1.));
#11134=DIRECTION('center_axis',(0.,0.,1.));
#11135=DIRECTION('ref_axis',(-2.22044604925031E-16,-1.,0.));
#11136=DIRECTION('',(-1.,2.22044604925031E-16,0.));
#11137=DIRECTION('center_axis',(2.22044604925031E-16,1.,0.));
#11138=DIRECTION('ref_axis',(-1.,2.22044604925031E-16,0.));
#11139=DIRECTION('',(1.,-2.22044604925031E-16,0.));
#11140=DIRECTION('',(0.,0.,1.));
#11141=DIRECTION('',(0.,0.,1.));
#11142=DIRECTION('center_axis',(1.,-2.22044604925031E-16,0.));
#11143=DIRECTION('ref_axis',(2.22044604925031E-16,1.,0.));
#11144=DIRECTION('',(-2.22044604925031E-16,-1.,0.));
#11145=DIRECTION('',(0.,0.,1.));
#11146=DIRECTION('center_axis',(-1.,2.22044604925031E-16,0.));
#11147=DIRECTION('ref_axis',(-2.22044604925031E-16,-1.,0.));
#11148=DIRECTION('',(2.22044604925031E-16,1.,0.));
#11149=DIRECTION('',(0.,0.,1.));
#11150=DIRECTION('center_axis',(0.,0.,1.));
#11151=DIRECTION('ref_axis',(-2.22044604925031E-16,-1.,0.));
#11152=DIRECTION('',(-1.,2.22044604925031E-16,0.));
#11153=DIRECTION('center_axis',(-1.,2.22044604925031E-16,0.));
#11154=DIRECTION('ref_axis',(-2.22044604925031E-16,-1.,0.));
#11155=DIRECTION('',(2.22044604925031E-16,1.,0.));
#11156=DIRECTION('',(0.,0.,1.));
#11157=DIRECTION('',(0.,0.,1.));
#11158=DIRECTION('center_axis',(2.22044604925031E-16,1.,0.));
#11159=DIRECTION('ref_axis',(-1.,2.22044604925031E-16,0.));
#11160=DIRECTION('',(1.,-2.22044604925031E-16,0.));
#11161=DIRECTION('',(0.,0.,1.));
#11162=DIRECTION('center_axis',(1.,-2.22044604925031E-16,0.));
#11163=DIRECTION('ref_axis',(2.22044604925031E-16,1.,0.));
#11164=DIRECTION('',(-2.22044604925031E-16,-1.,0.));
#11165=DIRECTION('',(0.,0.,1.));
#11166=DIRECTION('center_axis',(0.,0.,1.));
#11167=DIRECTION('ref_axis',(-2.22044604925031E-16,-1.,0.));
#11168=DIRECTION('',(-1.,2.22044604925031E-16,0.));
#11169=DIRECTION('center_axis',(-2.22044604925031E-16,-1.,0.));
#11170=DIRECTION('ref_axis',(1.,-2.22044604925031E-16,0.));
#11171=DIRECTION('',(1.,-2.22044604925031E-16,0.));
#11172=DIRECTION('',(0.,0.,1.));
#11173=DIRECTION('',(0.,0.,1.));
#11174=DIRECTION('center_axis',(-1.,2.22044604925031E-16,0.));
#11175=DIRECTION('ref_axis',(-2.22044604925031E-16,-1.,0.));
#11176=DIRECTION('',(-2.22044604925031E-16,-1.,0.));
#11177=DIRECTION('',(0.,0.,1.));
#11178=DIRECTION('center_axis',(1.,-2.22044604925031E-16,0.));
#11179=DIRECTION('ref_axis',(2.22044604925031E-16,1.,0.));
#11180=DIRECTION('',(2.22044604925031E-16,1.,0.));
#11181=DIRECTION('',(0.,0.,1.));
#11182=DIRECTION('center_axis',(0.,0.,1.));
#11183=DIRECTION('ref_axis',(-2.22044604925031E-16,-1.,0.));
#11184=DIRECTION('',(-1.,2.22044604925031E-16,0.));
#11185=DIRECTION('center_axis',(2.22044604925031E-16,1.,0.));
#11186=DIRECTION('ref_axis',(-1.,2.22044604925031E-16,0.));
#11187=DIRECTION('',(1.,-2.22044604925031E-16,0.));
#11188=DIRECTION('',(0.,0.,1.));
#11189=DIRECTION('',(0.,0.,1.));
#11190=DIRECTION('center_axis',(1.,-2.22044604925031E-16,0.));
#11191=DIRECTION('ref_axis',(2.22044604925031E-16,1.,0.));
#11192=DIRECTION('',(-2.22044604925031E-16,-1.,0.));
#11193=DIRECTION('',(0.,0.,1.));
#11194=DIRECTION('center_axis',(-1.,2.22044604925031E-16,0.));
#11195=DIRECTION('ref_axis',(-2.22044604925031E-16,-1.,0.));
#11196=DIRECTION('',(2.22044604925031E-16,1.,0.));
#11197=DIRECTION('',(0.,0.,1.));
#11198=DIRECTION('center_axis',(0.,0.,1.));
#11199=DIRECTION('ref_axis',(-2.22044604925031E-16,-1.,0.));
#11200=DIRECTION('',(-1.,2.22044604925031E-16,0.));
#11201=DIRECTION('center_axis',(2.22044604925031E-16,1.,0.));
#11202=DIRECTION('ref_axis',(-1.,2.22044604925031E-16,0.));
#11203=DIRECTION('',(-1.,2.22044604925031E-16,0.));
#11204=DIRECTION('',(0.,0.,1.));
#11205=DIRECTION('',(0.,0.,1.));
#11206=DIRECTION('center_axis',(1.,-2.22044604925031E-16,0.));
#11207=DIRECTION('ref_axis',(2.22044604925031E-16,1.,0.));
#11208=DIRECTION('',(2.22044604925031E-16,1.,0.));
#11209=DIRECTION('',(0.,0.,1.));
#11210=DIRECTION('center_axis',(-2.22044604925031E-16,-1.,0.));
#11211=DIRECTION('ref_axis',(1.,-2.22044604925031E-16,0.));
#11212=DIRECTION('',(1.,-2.22044604925031E-16,0.));
#11213=DIRECTION('',(0.,0.,1.));
#11214=DIRECTION('center_axis',(0.,0.,1.));
#11215=DIRECTION('ref_axis',(-2.22044604925031E-16,-1.,0.));
#11216=DIRECTION('',(-2.22044604925031E-16,-1.,0.));
#11217=DIRECTION('center_axis',(1.,-2.22044604925031E-16,0.));
#11218=DIRECTION('ref_axis',(2.22044604925031E-16,1.,0.));
#11219=DIRECTION('',(-2.22044604925031E-16,-1.,0.));
#11220=DIRECTION('',(0.,0.,1.));
#11221=DIRECTION('',(0.,0.,1.));
#11222=DIRECTION('center_axis',(-1.,2.22044604925031E-16,0.));
#11223=DIRECTION('ref_axis',(-2.22044604925031E-16,-1.,0.));
#11224=DIRECTION('',(2.22044604925031E-16,1.,0.));
#11225=DIRECTION('',(0.,0.,1.));
#11226=DIRECTION('',(0.,0.,1.));
#11227=DIRECTION('center_axis',(2.22044604925031E-16,1.,0.));
#11228=DIRECTION('ref_axis',(-1.,2.22044604925031E-16,0.));
#11229=DIRECTION('',(1.,-2.22044604925031E-16,0.));
#11230=DIRECTION('center_axis',(0.,0.,1.));
#11231=DIRECTION('ref_axis',(-2.22044604925031E-16,-1.,0.));
#11232=DIRECTION('',(-1.,2.22044604925031E-16,0.));
#11233=DIRECTION('center_axis',(1.77316195299845E-16,-1.,0.));
#11234=DIRECTION('ref_axis',(-1.,-1.77316195299845E-16,0.));
#11235=DIRECTION('',(-1.,-1.77316195299845E-16,0.));
#11236=DIRECTION('',(0.,0.,-1.));
#11237=DIRECTION('',(0.,0.,-1.));
#11238=DIRECTION('center_axis',(-1.77316195299845E-16,1.,0.));
#11239=DIRECTION('ref_axis',(1.,1.77316195299845E-16,0.));
#11240=DIRECTION('',(1.,1.77316195299845E-16,0.));
#11241=DIRECTION('',(0.,0.,-1.));
#11242=DIRECTION('',(0.,0.,-1.));
#11243=DIRECTION('center_axis',(-1.,2.22044604925031E-16,0.));
#11244=DIRECTION('ref_axis',(2.22044604925031E-16,1.,0.));
#11245=DIRECTION('center_axis',(0.,0.,1.));
#11246=DIRECTION('ref_axis',(-2.22044604925031E-16,-1.,0.));
#11247=DIRECTION('',(-2.22044604925031E-16,-1.,0.));
#11248=DIRECTION('center_axis',(-1.,2.22044604925031E-16,0.));
#11249=DIRECTION('ref_axis',(-2.22044604925031E-16,-1.,0.));
#11250=DIRECTION('',(2.22044604925031E-16,1.,0.));
#11251=DIRECTION('',(0.,0.,1.));
#11252=DIRECTION('',(0.,0.,1.));
#11253=DIRECTION('center_axis',(2.22044604925031E-16,1.,0.));
#11254=DIRECTION('ref_axis',(-1.,2.22044604925031E-16,0.));
#11255=DIRECTION('',(1.,-2.22044604925031E-16,0.));
#11256=DIRECTION('',(0.,0.,1.));
#11257=DIRECTION('center_axis',(1.,-2.22044604925031E-16,0.));
#11258=DIRECTION('ref_axis',(2.22044604925031E-16,1.,0.));
#11259=DIRECTION('',(-2.22044604925031E-16,-1.,0.));
#11260=DIRECTION('',(0.,0.,1.));
#11261=DIRECTION('center_axis',(0.,0.,1.));
#11262=DIRECTION('ref_axis',(-2.22044604925031E-16,-1.,0.));
#11263=DIRECTION('',(-1.,2.22044604925031E-16,0.));
#11264=DIRECTION('center_axis',(-1.77316195299845E-16,1.,0.));
#11265=DIRECTION('ref_axis',(-1.,-1.77316195299845E-16,0.));
#11266=DIRECTION('',(1.,1.77316195299845E-16,0.));
#11267=DIRECTION('',(0.,0.,1.));
#11268=DIRECTION('',(0.,0.,1.));
#11269=DIRECTION('center_axis',(1.77316195299845E-16,-1.,0.));
#11270=DIRECTION('ref_axis',(1.,1.77316195299845E-16,0.));
#11271=DIRECTION('',(-1.,-1.77316195299845E-16,0.));
#11272=DIRECTION('',(0.,0.,1.));
#11273=DIRECTION('',(0.,0.,1.));
#11274=DIRECTION('center_axis',(-1.,2.22044604925031E-16,0.));
#11275=DIRECTION('ref_axis',(-2.22044604925031E-16,-1.,0.));
#11276=DIRECTION('',(2.22044604925031E-16,1.,0.));
#11277=DIRECTION('center_axis',(0.,0.,1.));
#11278=DIRECTION('ref_axis',(-2.22044604925031E-16,-1.,0.));
#11279=DIRECTION('',(-2.22044604925031E-16,-1.,0.));
#11280=DIRECTION('center_axis',(-1.,2.22044604925031E-16,0.));
#11281=DIRECTION('ref_axis',(-2.22044604925031E-16,-1.,0.));
#11282=DIRECTION('',(2.22044604925031E-16,1.,0.));
#11283=DIRECTION('',(0.,0.,1.));
#11284=DIRECTION('',(0.,0.,1.));
#11285=DIRECTION('center_axis',(-1.77316195299845E-16,1.,0.));
#11286=DIRECTION('ref_axis',(-1.,-1.77316195299845E-16,0.));
#11287=DIRECTION('',(1.,1.77316195299845E-16,0.));
#11288=DIRECTION('',(0.,0.,1.));
#11289=DIRECTION('center_axis',(-2.2364204812593E-17,-1.,0.));
#11290=DIRECTION('ref_axis',(1.,-2.2364204812593E-17,0.));
#11291=DIRECTION('',(-1.,2.2364204812593E-17,0.));
#11292=DIRECTION('',(0.,0.,1.));
#11293=DIRECTION('center_axis',(0.,0.,1.));
#11294=DIRECTION('ref_axis',(-2.22044604925031E-16,-1.,0.));
#11295=DIRECTION('',(-2.22044604925031E-16,-1.,0.));
#11296=DIRECTION('center_axis',(2.2364204812593E-17,1.,0.));
#11297=DIRECTION('ref_axis',(-1.,2.2364204812593E-17,0.));
#11298=DIRECTION('',(1.,-2.2364204812593E-17,0.));
#11299=DIRECTION('',(0.,0.,1.));
#11300=DIRECTION('',(0.,0.,1.));
#11301=DIRECTION('center_axis',(-1.22204404868812E-16,-1.,0.));
#11302=DIRECTION('ref_axis',(1.,-1.22204404868812E-16,0.));
#11303=DIRECTION('',(-1.,1.22204404868812E-16,0.));
#11304=DIRECTION('',(0.,0.,1.));
#11305=DIRECTION('',(0.,0.,1.));
#11306=DIRECTION('center_axis',(-1.,2.22044604925031E-16,0.));
#11307=DIRECTION('ref_axis',(-2.22044604925031E-16,-1.,0.));
#11308=DIRECTION('',(2.22044604925031E-16,1.,0.));
#11309=DIRECTION('center_axis',(0.,0.,1.));
#11310=DIRECTION('ref_axis',(-2.22044604925031E-16,-1.,0.));
#11311=DIRECTION('',(-2.22044604925031E-16,-1.,0.));
#11312=DIRECTION('center_axis',(-2.22044604925031E-16,-1.,0.));
#11313=DIRECTION('ref_axis',(1.,-2.22044604925031E-16,0.));
#11314=DIRECTION('',(1.,-2.22044604925031E-16,0.));
#11315=DIRECTION('',(0.,0.,1.));
#11316=DIRECTION('',(0.,0.,1.));
#11317=DIRECTION('center_axis',(-1.,2.22044604925031E-16,0.));
#11318=DIRECTION('ref_axis',(-2.22044604925031E-16,-1.,0.));
#11319=DIRECTION('',(-2.22044604925031E-16,-1.,0.));
#11320=DIRECTION('',(0.,0.,1.));
#11321=DIRECTION('center_axis',(1.,-2.22044604925031E-16,0.));
#11322=DIRECTION('ref_axis',(2.22044604925031E-16,1.,0.));
#11323=DIRECTION('',(2.22044604925031E-16,1.,0.));
#11324=DIRECTION('',(0.,0.,1.));
#11325=DIRECTION('center_axis',(0.,0.,1.));
#11326=DIRECTION('ref_axis',(-2.22044604925031E-16,-1.,0.));
#11327=DIRECTION('',(-1.,2.22044604925031E-16,0.));
#11328=DIRECTION('center_axis',(-2.22044604925031E-16,-1.,0.));
#11329=DIRECTION('ref_axis',(1.,-2.22044604925031E-16,0.));
#11330=DIRECTION('',(1.,-2.22044604925031E-16,0.));
#11331=DIRECTION('',(0.,0.,1.));
#11332=DIRECTION('',(0.,0.,1.));
#11333=DIRECTION('center_axis',(-1.,2.22044604925031E-16,0.));
#11334=DIRECTION('ref_axis',(-2.22044604925031E-16,-1.,0.));
#11335=DIRECTION('',(-2.22044604925031E-16,-1.,0.));
#11336=DIRECTION('',(0.,0.,1.));
#11337=DIRECTION('center_axis',(1.,-2.22044604925031E-16,0.));
#11338=DIRECTION('ref_axis',(2.22044604925031E-16,1.,0.));
#11339=DIRECTION('',(2.22044604925031E-16,1.,0.));
#11340=DIRECTION('',(0.,0.,1.));
#11341=DIRECTION('center_axis',(0.,0.,1.));
#11342=DIRECTION('ref_axis',(-2.22044604925031E-16,-1.,0.));
#11343=DIRECTION('',(-1.,2.22044604925031E-16,0.));
#11344=DIRECTION('center_axis',(1.,-2.22044604925031E-16,0.));
#11345=DIRECTION('ref_axis',(-2.22044604925031E-16,-1.,0.));
#11346=DIRECTION('',(-2.22044604925031E-16,-1.,0.));
#11347=DIRECTION('',(0.,0.,-1.));
#11348=DIRECTION('',(0.,0.,-1.));
#11349=DIRECTION('center_axis',(2.22044604925031E-16,1.,0.));
#11350=DIRECTION('ref_axis',(1.,-2.22044604925031E-16,0.));
#11351=DIRECTION('',(0.,0.,-1.));
#11352=DIRECTION('center_axis',(-1.,2.22044604925031E-16,0.));
#11353=DIRECTION('ref_axis',(2.22044604925031E-16,1.,0.));
#11354=DIRECTION('',(2.22044604925031E-16,1.,0.));
#11355=DIRECTION('',(0.,0.,-1.));
#11356=DIRECTION('center_axis',(0.,0.,1.));
#11357=DIRECTION('ref_axis',(-2.22044604925031E-16,-1.,0.));
#11358=DIRECTION('',(-1.,2.22044604925031E-16,0.));
#11359=DIRECTION('center_axis',(-1.,2.22044604925031E-16,0.));
#11360=DIRECTION('ref_axis',(-2.22044604925031E-16,-1.,0.));
#11361=DIRECTION('',(2.22044604925031E-16,1.,0.));
#11362=DIRECTION('',(0.,0.,1.));
#11363=DIRECTION('',(0.,0.,1.));
#11364=DIRECTION('center_axis',(1.22204404868812E-16,1.,0.));
#11365=DIRECTION('ref_axis',(-1.,1.22204404868812E-16,0.));
#11366=DIRECTION('',(1.,-1.22204404868812E-16,0.));
#11367=DIRECTION('',(0.,0.,1.));
#11368=DIRECTION('center_axis',(-1.22204404868812E-16,-1.,0.));
#11369=DIRECTION('ref_axis',(1.,-1.22204404868812E-16,0.));
#11370=DIRECTION('',(-1.,1.22204404868812E-16,0.));
#11371=DIRECTION('',(0.,0.,1.));
#11372=DIRECTION('center_axis',(0.,0.,1.));
#11373=DIRECTION('ref_axis',(-2.22044604925031E-16,-1.,0.));
#11374=DIRECTION('',(-2.22044604925031E-16,-1.,0.));
#11375=DIRECTION('center_axis',(2.22044604925031E-16,1.,0.));
#11376=DIRECTION('ref_axis',(-1.,2.22044604925031E-16,0.));
#11377=DIRECTION('',(-1.,2.22044604925031E-16,0.));
#11378=DIRECTION('',(0.,0.,1.));
#11379=DIRECTION('',(0.,0.,1.));
#11380=DIRECTION('center_axis',(1.,-2.22044604925031E-16,0.));
#11381=DIRECTION('ref_axis',(2.22044604925031E-16,1.,0.));
#11382=DIRECTION('',(2.22044604925031E-16,1.,0.));
#11383=DIRECTION('',(0.,0.,1.));
#11384=DIRECTION('center_axis',(-2.22044604925031E-16,-1.,0.));
#11385=DIRECTION('ref_axis',(1.,-2.22044604925031E-16,0.));
#11386=DIRECTION('',(1.,-2.22044604925031E-16,0.));
#11387=DIRECTION('',(0.,0.,1.));
#11388=DIRECTION('center_axis',(0.,0.,1.));
#11389=DIRECTION('ref_axis',(-2.22044604925031E-16,-1.,0.));
#11390=DIRECTION('',(-2.22044604925031E-16,-1.,0.));
#11391=DIRECTION('center_axis',(1.,-2.22044604925031E-16,0.));
#11392=DIRECTION('ref_axis',(-2.22044604925031E-16,-1.,0.));
#11393=DIRECTION('',(0.,0.,-1.));
#11394=DIRECTION('',(0.,0.,-1.));
#11395=DIRECTION('',(2.22044604925031E-16,1.,0.));
#11396=DIRECTION('center_axis',(-1.,2.22044604925031E-16,0.));
#11397=DIRECTION('ref_axis',(2.22044604925031E-16,1.,0.));
#11398=DIRECTION('',(-2.22044604925031E-16,-1.,0.));
#11399=DIRECTION('',(0.,0.,-1.));
#11400=DIRECTION('',(0.,0.,-1.));
#11401=DIRECTION('center_axis',(-2.22044604925031E-16,-1.,0.));
#11402=DIRECTION('ref_axis',(-1.,2.22044604925031E-16,0.));
#11403=DIRECTION('center_axis',(0.,0.,1.));
#11404=DIRECTION('ref_axis',(-2.22044604925031E-16,-1.,0.));
#11405=DIRECTION('',(-1.,2.22044604925031E-16,0.));
#11406=DIRECTION('center_axis',(-1.,2.22044604925031E-16,0.));
#11407=DIRECTION('ref_axis',(-2.22044604925031E-16,-1.,0.));
#11408=DIRECTION('',(2.22044604925031E-16,1.,0.));
#11409=DIRECTION('',(0.,0.,1.));
#11410=DIRECTION('',(0.,0.,1.));
#11411=DIRECTION('center_axis',(2.22044604925031E-16,1.,0.));
#11412=DIRECTION('ref_axis',(-1.,2.22044604925031E-16,0.));
#11413=DIRECTION('',(1.,-2.22044604925031E-16,0.));
#11414=DIRECTION('',(0.,0.,1.));
#11415=DIRECTION('center_axis',(1.,-2.22044604925031E-16,0.));
#11416=DIRECTION('ref_axis',(2.22044604925031E-16,1.,0.));
#11417=DIRECTION('',(-2.22044604925031E-16,-1.,0.));
#11418=DIRECTION('',(0.,0.,1.));
#11419=DIRECTION('center_axis',(0.,0.,1.));
#11420=DIRECTION('ref_axis',(-2.22044604925031E-16,-1.,0.));
#11421=DIRECTION('',(-1.,2.22044604925031E-16,0.));
#11422=DIRECTION('center_axis',(-1.77316195299845E-16,1.,0.));
#11423=DIRECTION('ref_axis',(1.,1.77316195299845E-16,0.));
#11424=DIRECTION('',(1.,1.77316195299845E-16,0.));
#11425=DIRECTION('',(0.,0.,-1.));
#11426=DIRECTION('',(0.,0.,-1.));
#11427=DIRECTION('center_axis',(-1.,2.22044604925031E-16,0.));
#11428=DIRECTION('ref_axis',(2.22044604925031E-16,1.,0.));
#11429=DIRECTION('',(0.,0.,-1.));
#11430=DIRECTION('center_axis',(1.77316195299845E-16,-1.,0.));
#11431=DIRECTION('ref_axis',(-1.,-1.77316195299845E-16,0.));
#11432=DIRECTION('',(-1.,-1.77316195299845E-16,0.));
#11433=DIRECTION('',(0.,0.,-1.));
#11434=DIRECTION('center_axis',(0.,0.,1.));
#11435=DIRECTION('ref_axis',(-2.22044604925031E-16,-1.,0.));
#11436=DIRECTION('',(-2.22044604925031E-16,-1.,0.));
#11437=DIRECTION('center_axis',(-1.,2.22044604925031E-16,0.));
#11438=DIRECTION('ref_axis',(-2.22044604925031E-16,-1.,0.));
#11439=DIRECTION('',(2.22044604925031E-16,1.,0.));
#11440=DIRECTION('',(0.,0.,1.));
#11441=DIRECTION('',(0.,0.,1.));
#11442=DIRECTION('center_axis',(2.2364204812593E-17,1.,0.));
#11443=DIRECTION('ref_axis',(-1.,2.2364204812593E-17,0.));
#11444=DIRECTION('',(1.,-2.2364204812593E-17,0.));
#11445=DIRECTION('',(0.,0.,1.));
#11446=DIRECTION('center_axis',(1.,-2.22044604925031E-16,0.));
#11447=DIRECTION('ref_axis',(2.22044604925031E-16,1.,0.));
#11448=DIRECTION('',(-2.22044604925031E-16,-1.,0.));
#11449=DIRECTION('',(0.,0.,1.));
#11450=DIRECTION('',(0.,0.,1.));
#11451=DIRECTION('',(0.,0.,1.));
#11452=DIRECTION('center_axis',(1.77316195299845E-16,-1.,0.));
#11453=DIRECTION('ref_axis',(1.,1.77316195299845E-16,0.));
#11454=DIRECTION('',(-1.,-1.77316195299845E-16,0.));
#11455=DIRECTION('center_axis',(0.,0.,1.));
#11456=DIRECTION('ref_axis',(-2.22044604925031E-16,-1.,0.));
#11457=DIRECTION('center_axis',(-2.22044604925031E-16,-1.,0.));
#11458=DIRECTION('ref_axis',(1.,-2.22044604925031E-16,0.));
#11459=DIRECTION('',(1.,-2.22044604925031E-16,0.));
#11460=DIRECTION('',(0.,0.,1.));
#11461=DIRECTION('',(0.,0.,1.));
#11462=DIRECTION('center_axis',(-1.,2.22044604925031E-16,0.));
#11463=DIRECTION('ref_axis',(-2.22044604925031E-16,-1.,0.));
#11464=DIRECTION('',(-2.22044604925031E-16,-1.,0.));
#11465=DIRECTION('',(0.,0.,1.));
#11466=DIRECTION('center_axis',(1.,-2.22044604925031E-16,0.));
#11467=DIRECTION('ref_axis',(2.22044604925031E-16,1.,0.));
#11468=DIRECTION('',(2.22044604925031E-16,1.,0.));
#11469=DIRECTION('',(0.,0.,1.));
#11470=DIRECTION('center_axis',(0.,0.,1.));
#11471=DIRECTION('ref_axis',(-2.22044604925031E-16,-1.,0.));
#11472=DIRECTION('',(-1.,2.22044604925031E-16,0.));
#11473=DIRECTION('center_axis',(2.22044604925031E-16,1.,0.));
#11474=DIRECTION('ref_axis',(-1.,2.22044604925031E-16,0.));
#11475=DIRECTION('',(-1.,2.22044604925031E-16,0.));
#11476=DIRECTION('',(0.,0.,1.));
#11477=DIRECTION('',(0.,0.,1.));
#11478=DIRECTION('center_axis',(1.,-2.22044604925031E-16,0.));
#11479=DIRECTION('ref_axis',(2.22044604925031E-16,1.,0.));
#11480=DIRECTION('',(2.22044604925031E-16,1.,0.));
#11481=DIRECTION('',(0.,0.,1.));
#11482=DIRECTION('center_axis',(-2.22044604925031E-16,-1.,0.));
#11483=DIRECTION('ref_axis',(1.,-2.22044604925031E-16,0.));
#11484=DIRECTION('',(1.,-2.22044604925031E-16,0.));
#11485=DIRECTION('',(0.,0.,1.));
#11486=DIRECTION('center_axis',(0.,0.,1.));
#11487=DIRECTION('ref_axis',(-2.22044604925031E-16,-1.,0.));
#11488=DIRECTION('',(-2.22044604925031E-16,-1.,0.));
#11489=DIRECTION('center_axis',(-2.22044604925031E-16,-1.,0.));
#11490=DIRECTION('ref_axis',(1.,-2.22044604925031E-16,0.));
#11491=DIRECTION('',(1.,-2.22044604925031E-16,0.));
#11492=DIRECTION('',(0.,0.,1.));
#11493=DIRECTION('',(0.,0.,1.));
#11494=DIRECTION('center_axis',(-1.,2.22044604925031E-16,0.));
#11495=DIRECTION('ref_axis',(-2.22044604925031E-16,-1.,0.));
#11496=DIRECTION('',(-2.22044604925031E-16,-1.,0.));
#11497=DIRECTION('',(0.,0.,1.));
#11498=DIRECTION('center_axis',(1.,-2.22044604925031E-16,0.));
#11499=DIRECTION('ref_axis',(2.22044604925031E-16,1.,0.));
#11500=DIRECTION('',(2.22044604925031E-16,1.,0.));
#11501=DIRECTION('',(0.,0.,1.));
#11502=DIRECTION('center_axis',(0.,0.,1.));
#11503=DIRECTION('ref_axis',(-2.22044604925031E-16,-1.,0.));
#11504=DIRECTION('',(-1.,2.22044604925031E-16,0.));
#11505=DIRECTION('center_axis',(-1.,2.22044604925031E-16,0.));
#11506=DIRECTION('ref_axis',(-2.22044604925031E-16,-1.,0.));
#11507=DIRECTION('',(-2.22044604925031E-16,-1.,0.));
#11508=DIRECTION('',(0.,0.,1.));
#11509=DIRECTION('',(0.,0.,1.));
#11510=DIRECTION('',(0.,0.,1.));
#11511=DIRECTION('',(0.,0.,1.));
#11512=DIRECTION('center_axis',(2.22044604925031E-16,1.,0.));
#11513=DIRECTION('ref_axis',(-1.,2.22044604925031E-16,0.));
#11514=DIRECTION('',(-1.,2.22044604925031E-16,0.));
#11515=DIRECTION('',(0.,0.,1.));
#11516=DIRECTION('center_axis',(1.,-2.22044604925031E-16,0.));
#11517=DIRECTION('ref_axis',(2.22044604925031E-16,1.,0.));
#11518=DIRECTION('',(2.22044604925031E-16,1.,0.));
#11519=DIRECTION('',(0.,0.,1.));
#11520=DIRECTION('center_axis',(-2.22044604925031E-16,-1.,0.));
#11521=DIRECTION('ref_axis',(1.,-2.22044604925031E-16,0.));
#11522=DIRECTION('',(1.,-2.22044604925031E-16,0.));
#11523=DIRECTION('center_axis',(0.,0.,1.));
#11524=DIRECTION('ref_axis',(-2.22044604925031E-16,-1.,0.));
#11525=DIRECTION('center_axis',(-2.22044604925031E-16,-1.,0.));
#11526=DIRECTION('ref_axis',(1.,-2.22044604925031E-16,0.));
#11527=DIRECTION('',(1.,-2.22044604925031E-16,0.));
#11528=DIRECTION('',(0.,0.,1.));
#11529=DIRECTION('',(0.,0.,1.));
#11530=DIRECTION('center_axis',(-1.,2.22044604925031E-16,0.));
#11531=DIRECTION('ref_axis',(-2.22044604925031E-16,-1.,0.));
#11532=DIRECTION('',(-2.22044604925031E-16,-1.,0.));
#11533=DIRECTION('',(0.,0.,1.));
#11534=DIRECTION('center_axis',(1.,-2.22044604925031E-16,0.));
#11535=DIRECTION('ref_axis',(2.22044604925031E-16,1.,0.));
#11536=DIRECTION('',(2.22044604925031E-16,1.,0.));
#11537=DIRECTION('',(0.,0.,1.));
#11538=DIRECTION('center_axis',(0.,0.,1.));
#11539=DIRECTION('ref_axis',(-2.22044604925031E-16,-1.,0.));
#11540=DIRECTION('',(-1.,2.22044604925031E-16,0.));
#11541=DIRECTION('center_axis',(-2.22044604925031E-16,-1.,0.));
#11542=DIRECTION('ref_axis',(1.,-2.22044604925031E-16,0.));
#11543=DIRECTION('',(1.,-2.22044604925031E-16,0.));
#11544=DIRECTION('',(0.,0.,1.));
#11545=DIRECTION('',(0.,0.,1.));
#11546=DIRECTION('center_axis',(-1.,2.22044604925031E-16,0.));
#11547=DIRECTION('ref_axis',(-2.22044604925031E-16,-1.,0.));
#11548=DIRECTION('',(-2.22044604925031E-16,-1.,0.));
#11549=DIRECTION('',(0.,0.,1.));
#11550=DIRECTION('center_axis',(2.22044604925031E-16,1.,0.));
#11551=DIRECTION('ref_axis',(-1.,2.22044604925031E-16,0.));
#11552=DIRECTION('',(-1.,2.22044604925031E-16,0.));
#11553=DIRECTION('',(0.,0.,1.));
#11554=DIRECTION('center_axis',(1.,-2.22044604925031E-16,0.));
#11555=DIRECTION('ref_axis',(2.22044604925031E-16,1.,0.));
#11556=DIRECTION('',(2.22044604925031E-16,1.,0.));
#11557=DIRECTION('center_axis',(0.,0.,1.));
#11558=DIRECTION('ref_axis',(-2.22044604925031E-16,-1.,0.));
#11559=DIRECTION('center_axis',(-1.,2.22044604925031E-16,0.));
#11560=DIRECTION('ref_axis',(-2.22044604925031E-16,-1.,0.));
#11561=DIRECTION('',(2.22044604925031E-16,1.,0.));
#11562=DIRECTION('',(0.,0.,1.));
#11563=DIRECTION('',(0.,0.,1.));
#11564=DIRECTION('center_axis',(2.22044604925031E-16,1.,0.));
#11565=DIRECTION('ref_axis',(-1.,2.22044604925031E-16,0.));
#11566=DIRECTION('',(1.,-2.22044604925031E-16,0.));
#11567=DIRECTION('',(0.,0.,1.));
#11568=DIRECTION('center_axis',(1.,-2.22044604925031E-16,0.));
#11569=DIRECTION('ref_axis',(2.22044604925031E-16,1.,0.));
#11570=DIRECTION('',(-2.22044604925031E-16,-1.,0.));
#11571=DIRECTION('',(0.,0.,1.));
#11572=DIRECTION('center_axis',(0.,0.,1.));
#11573=DIRECTION('ref_axis',(-2.22044604925031E-16,-1.,0.));
#11574=DIRECTION('',(-1.,2.22044604925031E-16,0.));
#11575=DIRECTION('center_axis',(-1.,2.22044604925031E-16,0.));
#11576=DIRECTION('ref_axis',(-2.22044604925031E-16,-1.,0.));
#11577=DIRECTION('',(2.22044604925031E-16,1.,0.));
#11578=DIRECTION('',(0.,0.,1.));
#11579=DIRECTION('',(0.,0.,1.));
#11580=DIRECTION('center_axis',(2.22044604925031E-16,1.,0.));
#11581=DIRECTION('ref_axis',(-1.,2.22044604925031E-16,0.));
#11582=DIRECTION('',(1.,-2.22044604925031E-16,0.));
#11583=DIRECTION('',(0.,0.,1.));
#11584=DIRECTION('center_axis',(1.,-2.22044604925031E-16,0.));
#11585=DIRECTION('ref_axis',(2.22044604925031E-16,1.,0.));
#11586=DIRECTION('',(-2.22044604925031E-16,-1.,0.));
#11587=DIRECTION('',(0.,0.,1.));
#11588=DIRECTION('center_axis',(-2.22044604925031E-16,-1.,0.));
#11589=DIRECTION('ref_axis',(1.,-2.22044604925031E-16,0.));
#11590=DIRECTION('',(-1.,2.22044604925031E-16,0.));
#11591=DIRECTION('center_axis',(0.,0.,1.));
#11592=DIRECTION('ref_axis',(-2.22044604925031E-16,-1.,0.));
#11593=CARTESIAN_POINT('',(0.,0.,0.));
#11594=CARTESIAN_POINT('Origin',(5.90500000000001,4.86,0.));
#11595=CARTESIAN_POINT('',(5.90500000000001,4.86,0.));
#11596=CARTESIAN_POINT('',(5.90500000000001,6.25,0.));
#11597=CARTESIAN_POINT('',(5.90500000000001,6.25,0.));
#11598=CARTESIAN_POINT('',(5.90500000000001,6.25,0.4));
#11599=CARTESIAN_POINT('',(5.90500000000001,6.25,0.));
#11600=CARTESIAN_POINT('',(5.90500000000001,4.86,0.4));
#11601=CARTESIAN_POINT('',(5.90500000000001,6.25,0.4));
#11602=CARTESIAN_POINT('',(5.90500000000001,4.86,0.));
#11603=CARTESIAN_POINT('Origin',(6.79500000000001,4.86,0.));
#11604=CARTESIAN_POINT('',(6.79500000000001,4.86,0.));
#11605=CARTESIAN_POINT('',(5.90500000000001,4.86,0.));
#11606=CARTESIAN_POINT('',(6.79500000000001,4.86,0.4));
#11607=CARTESIAN_POINT('',(5.90500000000001,4.86,0.4));
#11608=CARTESIAN_POINT('',(6.79500000000001,4.86,0.));
#11609=CARTESIAN_POINT('Origin',(6.79500000000001,6.25,0.));
#11610=CARTESIAN_POINT('',(6.79500000000001,6.25,0.));
#11611=CARTESIAN_POINT('',(6.79500000000001,4.86,0.));
#11612=CARTESIAN_POINT('',(6.79500000000001,6.25,0.4));
#11613=CARTESIAN_POINT('',(6.79500000000001,4.86,0.4));
#11614=CARTESIAN_POINT('',(6.79500000000001,6.25,0.));
#11615=CARTESIAN_POINT('Origin',(6.795,-4.86,0.));
#11616=CARTESIAN_POINT('',(6.795,-4.86,0.));
#11617=CARTESIAN_POINT('',(6.795,-6.25,0.));
#11618=CARTESIAN_POINT('',(6.795,-4.86,0.));
#11619=CARTESIAN_POINT('',(6.795,-6.25,0.4));
#11620=CARTESIAN_POINT('',(6.795,-6.25,0.));
#11621=CARTESIAN_POINT('',(6.795,-4.86,0.4));
#11622=CARTESIAN_POINT('',(6.795,-4.86,0.4));
#11623=CARTESIAN_POINT('',(6.795,-4.86,0.));
#11624=CARTESIAN_POINT('Origin',(5.905,-4.86,0.));
#11625=CARTESIAN_POINT('',(5.905,-4.86,0.));
#11626=CARTESIAN_POINT('',(5.905,-4.86,0.));
#11627=CARTESIAN_POINT('',(5.905,-4.86,0.4));
#11628=CARTESIAN_POINT('',(5.905,-4.86,0.4));
#11629=CARTESIAN_POINT('',(5.905,-4.86,0.));
#11630=CARTESIAN_POINT('Origin',(5.905,-6.25,0.));
#11631=CARTESIAN_POINT('',(5.905,-6.25,0.));
#11632=CARTESIAN_POINT('',(5.905,-6.25,0.));
#11633=CARTESIAN_POINT('',(5.905,-6.25,0.4));
#11634=CARTESIAN_POINT('',(5.905,-6.25,0.4));
#11635=CARTESIAN_POINT('',(5.905,-6.25,0.));
#11636=CARTESIAN_POINT('Origin',(-11.21,-3.365,0.));
#11637=CARTESIAN_POINT('',(-11.21,-3.365,0.));
#11638=CARTESIAN_POINT('',(-11.21,-4.255,0.));
#11639=CARTESIAN_POINT('',(-11.21,-4.255,0.));
#11640=CARTESIAN_POINT('',(-11.21,-4.255,0.4));
#11641=CARTESIAN_POINT('',(-11.21,-4.255,0.));
#11642=CARTESIAN_POINT('',(-11.21,-3.365,0.4));
#11643=CARTESIAN_POINT('',(-11.21,-4.255,0.4));
#11644=CARTESIAN_POINT('',(-11.21,-3.365,0.));
#11645=CARTESIAN_POINT('Origin',(-12.6,-3.365,0.));
#11646=CARTESIAN_POINT('',(-12.6,-3.365,0.));
#11647=CARTESIAN_POINT('',(-11.21,-3.365,0.));
#11648=CARTESIAN_POINT('',(-12.6,-3.365,0.4));
#11649=CARTESIAN_POINT('',(-11.21,-3.365,0.4));
#11650=CARTESIAN_POINT('',(-12.6,-3.365,0.));
#11651=CARTESIAN_POINT('Origin',(-11.21,-4.255,0.));
#11652=CARTESIAN_POINT('',(-12.6,-4.255,0.));
#11653=CARTESIAN_POINT('',(-12.6,-4.255,0.));
#11654=CARTESIAN_POINT('',(-12.6,-4.255,0.4));
#11655=CARTESIAN_POINT('',(-12.6,-4.255,0.));
#11656=CARTESIAN_POINT('',(-12.6,-4.255,0.4));
#11657=CARTESIAN_POINT('Origin',(11.21,2.985,0.));
#11658=CARTESIAN_POINT('',(11.21,2.985,0.));
#11659=CARTESIAN_POINT('',(12.6,2.985,0.));
#11660=CARTESIAN_POINT('',(11.21,2.985,0.));
#11661=CARTESIAN_POINT('',(12.6,2.985,0.4));
#11662=CARTESIAN_POINT('',(12.6,2.985,0.));
#11663=CARTESIAN_POINT('',(11.21,2.985,0.4));
#11664=CARTESIAN_POINT('',(11.21,2.985,0.4));
#11665=CARTESIAN_POINT('',(11.21,2.985,0.));
#11666=CARTESIAN_POINT('Origin',(11.21,2.095,0.));
#11667=CARTESIAN_POINT('',(11.21,2.095,0.));
#11668=CARTESIAN_POINT('',(11.21,2.095,0.));
#11669=CARTESIAN_POINT('',(11.21,2.095,0.4));
#11670=CARTESIAN_POINT('',(11.21,2.095,0.4));
#11671=CARTESIAN_POINT('',(11.21,2.095,0.));
#11672=CARTESIAN_POINT('Origin',(12.6,2.095,0.));
#11673=CARTESIAN_POINT('',(12.6,2.095,0.));
#11674=CARTESIAN_POINT('',(12.6,2.095,0.));
#11675=CARTESIAN_POINT('',(12.6,2.095,0.4));
#11676=CARTESIAN_POINT('',(12.6,2.095,0.4));
#11677=CARTESIAN_POINT('',(12.6,2.095,0.));
#11678=CARTESIAN_POINT('Origin',(-9.335,4.86,0.));
#11679=CARTESIAN_POINT('',(-9.335,4.86,0.));
#11680=CARTESIAN_POINT('',(-9.335,6.25,0.));
#11681=CARTESIAN_POINT('',(-9.335,6.25,0.));
#11682=CARTESIAN_POINT('',(-9.335,6.25,0.4));
#11683=CARTESIAN_POINT('',(-9.335,6.25,0.));
#11684=CARTESIAN_POINT('',(-9.335,4.86,0.4));
#11685=CARTESIAN_POINT('',(-9.335,6.25,0.4));
#11686=CARTESIAN_POINT('',(-9.335,4.86,0.));
#11687=CARTESIAN_POINT('Origin',(-8.445,4.86,0.));
#11688=CARTESIAN_POINT('',(-8.445,4.86,0.));
#11689=CARTESIAN_POINT('',(-9.335,4.86,0.));
#11690=CARTESIAN_POINT('',(-8.445,4.86,0.4));
#11691=CARTESIAN_POINT('',(-9.335,4.86,0.4));
#11692=CARTESIAN_POINT('',(-8.445,4.86,0.));
#11693=CARTESIAN_POINT('Origin',(-8.445,6.25,0.));
#11694=CARTESIAN_POINT('',(-8.445,6.25,0.));
#11695=CARTESIAN_POINT('',(-8.445,4.86,0.));
#11696=CARTESIAN_POINT('',(-8.445,6.25,0.4));
#11697=CARTESIAN_POINT('',(-8.445,4.86,0.4));
#11698=CARTESIAN_POINT('',(-8.445,6.25,0.));
#11699=CARTESIAN_POINT('Origin',(4.63500000000001,4.86,0.));
#11700=CARTESIAN_POINT('',(4.63500000000001,4.86,0.));
#11701=CARTESIAN_POINT('',(4.63500000000001,6.25,0.));
#11702=CARTESIAN_POINT('',(4.63500000000001,6.25,0.));
#11703=CARTESIAN_POINT('',(4.63500000000001,6.25,0.4));
#11704=CARTESIAN_POINT('',(4.63500000000001,6.25,0.));
#11705=CARTESIAN_POINT('',(4.63500000000001,4.86,0.4));
#11706=CARTESIAN_POINT('',(4.63500000000001,6.25,0.4));
#11707=CARTESIAN_POINT('',(4.63500000000001,4.86,0.));
#11708=CARTESIAN_POINT('Origin',(5.52500000000001,4.86,0.));
#11709=CARTESIAN_POINT('',(5.52500000000001,4.86,0.));
#11710=CARTESIAN_POINT('',(4.63500000000001,4.86,0.));
#11711=CARTESIAN_POINT('',(5.52500000000001,4.86,0.4));
#11712=CARTESIAN_POINT('',(4.63500000000001,4.86,0.4));
#11713=CARTESIAN_POINT('',(5.52500000000001,4.86,0.));
#11714=CARTESIAN_POINT('Origin',(5.52500000000001,6.25,0.));
#11715=CARTESIAN_POINT('',(5.52500000000001,6.25,0.));
#11716=CARTESIAN_POINT('',(5.52500000000001,4.86,0.));
#11717=CARTESIAN_POINT('',(5.52500000000001,6.25,0.4));
#11718=CARTESIAN_POINT('',(5.52500000000001,4.86,0.4));
#11719=CARTESIAN_POINT('',(5.52500000000001,6.25,0.));
#11720=CARTESIAN_POINT('Origin',(-11.21,0.445000000000003,0.));
#11721=CARTESIAN_POINT('',(-11.21,0.445000000000003,0.));
#11722=CARTESIAN_POINT('',(-11.21,-0.444999999999997,0.));
#11723=CARTESIAN_POINT('',(-11.21,-0.444999999999997,0.));
#11724=CARTESIAN_POINT('',(-11.21,-0.444999999999997,0.4));
#11725=CARTESIAN_POINT('',(-11.21,-0.444999999999997,0.));
#11726=CARTESIAN_POINT('',(-11.21,0.445000000000002,0.4));
#11727=CARTESIAN_POINT('',(-11.21,-0.444999999999997,0.4));
#11728=CARTESIAN_POINT('',(-11.21,0.445000000000003,0.));
#11729=CARTESIAN_POINT('Origin',(-12.6,0.445000000000003,0.));
#11730=CARTESIAN_POINT('',(-12.6,0.445000000000003,0.));
#11731=CARTESIAN_POINT('',(-11.21,0.445000000000003,0.));
#11732=CARTESIAN_POINT('',(-12.6,0.445000000000003,0.4));
#11733=CARTESIAN_POINT('',(-11.21,0.445000000000003,0.4));
#11734=CARTESIAN_POINT('',(-12.6,0.445000000000003,0.));
#11735=CARTESIAN_POINT('Origin',(-11.21,-0.444999999999997,0.));
#11736=CARTESIAN_POINT('',(-12.6,-0.444999999999997,0.));
#11737=CARTESIAN_POINT('',(-12.6,-0.444999999999997,0.));
#11738=CARTESIAN_POINT('',(-12.6,-0.444999999999997,0.4));
#11739=CARTESIAN_POINT('',(-12.6,-0.444999999999997,0.));
#11740=CARTESIAN_POINT('',(-12.6,-0.444999999999997,0.4));
#11741=CARTESIAN_POINT('Origin',(-4.255,-4.86,0.));
#11742=CARTESIAN_POINT('',(-4.255,-4.86,0.));
#11743=CARTESIAN_POINT('',(-3.365,-4.86,0.));
#11744=CARTESIAN_POINT('',(-4.255,-4.86,0.));
#11745=CARTESIAN_POINT('',(-3.365,-4.86,0.4));
#11746=CARTESIAN_POINT('',(-3.365,-4.86,0.));
#11747=CARTESIAN_POINT('',(-4.255,-4.86,0.4));
#11748=CARTESIAN_POINT('',(-4.255,-4.86,0.4));
#11749=CARTESIAN_POINT('',(-4.255,-4.86,0.));
#11750=CARTESIAN_POINT('Origin',(-4.255,-6.25,0.));
#11751=CARTESIAN_POINT('',(-4.255,-6.25,0.));
#11752=CARTESIAN_POINT('',(-4.255,-6.25,0.));
#11753=CARTESIAN_POINT('',(-4.255,-6.25,0.4));
#11754=CARTESIAN_POINT('',(-4.255,-6.25,0.4));
#11755=CARTESIAN_POINT('',(-4.255,-6.25,0.));
#11756=CARTESIAN_POINT('Origin',(-3.365,-4.86,0.));
#11757=CARTESIAN_POINT('',(-3.365,-6.25,0.));
#11758=CARTESIAN_POINT('',(-3.365,-4.86,0.));
#11759=CARTESIAN_POINT('',(-3.365,-6.25,0.4));
#11760=CARTESIAN_POINT('',(-3.365,-6.25,0.));
#11761=CARTESIAN_POINT('',(-3.365,-4.86,0.4));
#11762=CARTESIAN_POINT('Origin',(8.44500000000001,4.86,0.));
#11763=CARTESIAN_POINT('',(8.44500000000001,4.86,0.));
#11764=CARTESIAN_POINT('',(8.44500000000001,6.25,0.));
#11765=CARTESIAN_POINT('',(8.44500000000001,6.25,0.));
#11766=CARTESIAN_POINT('',(8.44500000000001,6.25,0.4));
#11767=CARTESIAN_POINT('',(8.44500000000001,6.25,0.));
#11768=CARTESIAN_POINT('',(8.44500000000001,4.86,0.4));
#11769=CARTESIAN_POINT('',(8.44500000000001,6.25,0.4));
#11770=CARTESIAN_POINT('',(8.44500000000001,4.86,0.));
#11771=CARTESIAN_POINT('Origin',(9.33500000000001,4.86,0.));
#11772=CARTESIAN_POINT('',(9.33500000000001,4.86,0.));
#11773=CARTESIAN_POINT('',(8.44500000000001,4.86,0.));
#11774=CARTESIAN_POINT('',(9.33500000000001,4.86,0.4));
#11775=CARTESIAN_POINT('',(8.44500000000001,4.86,0.4));
#11776=CARTESIAN_POINT('',(9.33500000000001,4.86,0.));
#11777=CARTESIAN_POINT('Origin',(9.33500000000001,6.25,0.));
#11778=CARTESIAN_POINT('',(9.33500000000001,6.25,0.));
#11779=CARTESIAN_POINT('',(9.33500000000001,4.86,0.));
#11780=CARTESIAN_POINT('',(9.33500000000001,6.25,0.4));
#11781=CARTESIAN_POINT('',(9.33500000000001,4.86,0.4));
#11782=CARTESIAN_POINT('',(9.33500000000001,6.25,0.));
#11783=CARTESIAN_POINT('Origin',(-6.795,-6.25,0.));
#11784=CARTESIAN_POINT('',(-6.795,-6.25,0.));
#11785=CARTESIAN_POINT('',(-6.795,-4.86,0.));
#11786=CARTESIAN_POINT('',(-6.795,-6.25,0.));
#11787=CARTESIAN_POINT('',(-6.795,-4.86,0.4));
#11788=CARTESIAN_POINT('',(-6.795,-4.86,0.));
#11789=CARTESIAN_POINT('',(-6.795,-6.25,0.4));
#11790=CARTESIAN_POINT('',(-6.795,-6.25,0.4));
#11791=CARTESIAN_POINT('',(-6.795,-6.25,0.));
#11792=CARTESIAN_POINT('Origin',(-5.905,-4.86,0.));
#11793=CARTESIAN_POINT('',(-5.905,-4.86,0.));
#11794=CARTESIAN_POINT('',(-5.905,-6.25,0.));
#11795=CARTESIAN_POINT('',(-5.905,-4.86,0.));
#11796=CARTESIAN_POINT('',(-5.905,-6.25,0.4));
#11797=CARTESIAN_POINT('',(-5.905,-6.25,0.));
#11798=CARTESIAN_POINT('',(-5.905,-4.86,0.4));
#11799=CARTESIAN_POINT('',(-5.905,-4.86,0.4));
#11800=CARTESIAN_POINT('',(-5.905,-4.86,0.));
#11801=CARTESIAN_POINT('Origin',(-6.795,-4.86,0.));
#11802=CARTESIAN_POINT('',(-6.795,-4.86,0.));
#11803=CARTESIAN_POINT('',(-6.795,-4.86,0.4));
#11804=CARTESIAN_POINT('Origin',(-9.335,-6.25,0.));
#11805=CARTESIAN_POINT('',(-9.335,-6.25,0.));
#11806=CARTESIAN_POINT('',(-9.335,-4.86,0.));
#11807=CARTESIAN_POINT('',(-9.335,-6.25,0.));
#11808=CARTESIAN_POINT('',(-9.335,-4.86,0.4));
#11809=CARTESIAN_POINT('',(-9.335,-4.86,0.));
#11810=CARTESIAN_POINT('',(-9.335,-6.25,0.4));
#11811=CARTESIAN_POINT('',(-9.335,-6.25,0.4));
#11812=CARTESIAN_POINT('',(-9.335,-6.25,0.));
#11813=CARTESIAN_POINT('Origin',(-8.445,-4.86,0.));
#11814=CARTESIAN_POINT('',(-8.445,-4.86,0.));
#11815=CARTESIAN_POINT('',(-8.445,-6.25,0.));
#11816=CARTESIAN_POINT('',(-8.445,-4.86,0.));
#11817=CARTESIAN_POINT('',(-8.445,-6.25,0.4));
#11818=CARTESIAN_POINT('',(-8.445,-6.25,0.));
#11819=CARTESIAN_POINT('',(-8.445,-4.86,0.4));
#11820=CARTESIAN_POINT('',(-8.445,-4.86,0.4));
#11821=CARTESIAN_POINT('',(-8.445,-4.86,0.));
#11822=CARTESIAN_POINT('Origin',(-9.335,-4.86,0.));
#11823=CARTESIAN_POINT('',(-9.335,-4.86,0.));
#11824=CARTESIAN_POINT('',(-9.335,-4.86,0.4));
#11825=CARTESIAN_POINT('Origin',(-11.21,1.715,0.));
#11826=CARTESIAN_POINT('',(-11.21,1.715,0.));
#11827=CARTESIAN_POINT('',(-11.21,0.825000000000003,0.));
#11828=CARTESIAN_POINT('',(-11.21,0.825000000000003,0.));
#11829=CARTESIAN_POINT('',(-11.21,0.825000000000003,0.4));
#11830=CARTESIAN_POINT('',(-11.21,0.825000000000003,0.));
#11831=CARTESIAN_POINT('',(-11.21,1.715,0.4));
#11832=CARTESIAN_POINT('',(-11.21,0.825000000000003,0.4));
#11833=CARTESIAN_POINT('',(-11.21,1.715,0.));
#11834=CARTESIAN_POINT('Origin',(-12.6,1.715,0.));
#11835=CARTESIAN_POINT('',(-12.6,1.715,0.));
#11836=CARTESIAN_POINT('',(-11.21,1.715,0.));
#11837=CARTESIAN_POINT('',(-12.6,1.715,0.4));
#11838=CARTESIAN_POINT('',(-11.21,1.715,0.4));
#11839=CARTESIAN_POINT('',(-12.6,1.715,0.));
#11840=CARTESIAN_POINT('Origin',(-11.21,0.825000000000003,0.));
#11841=CARTESIAN_POINT('',(-12.6,0.825000000000003,0.));
#11842=CARTESIAN_POINT('',(-12.6,0.825000000000003,0.));
#11843=CARTESIAN_POINT('',(-12.6,0.825000000000003,0.4));
#11844=CARTESIAN_POINT('',(-12.6,0.825000000000003,0.));
#11845=CARTESIAN_POINT('',(-12.6,0.825000000000003,0.4));
#11846=CARTESIAN_POINT('Origin',(11.21,0.444999999999999,0.));
#11847=CARTESIAN_POINT('',(11.21,0.444999999999999,0.));
#11848=CARTESIAN_POINT('',(12.6,0.444999999999999,0.));
#11849=CARTESIAN_POINT('',(11.21,0.444999999999999,0.));
#11850=CARTESIAN_POINT('',(12.6,0.444999999999999,0.4));
#11851=CARTESIAN_POINT('',(12.6,0.444999999999999,0.));
#11852=CARTESIAN_POINT('',(11.21,0.445,0.4));
#11853=CARTESIAN_POINT('',(11.21,0.444999999999999,0.4));
#11854=CARTESIAN_POINT('',(11.21,0.444999999999999,0.));
#11855=CARTESIAN_POINT('Origin',(11.21,-0.445000000000001,0.));
#11856=CARTESIAN_POINT('',(11.21,-0.445000000000001,0.));
#11857=CARTESIAN_POINT('',(11.21,-0.445000000000001,0.));
#11858=CARTESIAN_POINT('',(11.21,-0.445000000000001,0.4));
#11859=CARTESIAN_POINT('',(11.21,-0.445000000000001,0.4));
#11860=CARTESIAN_POINT('',(11.21,-0.445000000000001,0.));
#11861=CARTESIAN_POINT('Origin',(12.6,-0.445000000000001,0.));
#11862=CARTESIAN_POINT('',(12.6,-0.445000000000001,0.));
#11863=CARTESIAN_POINT('',(12.6,-0.445000000000001,0.));
#11864=CARTESIAN_POINT('',(12.6,-0.445000000000002,0.4));
#11865=CARTESIAN_POINT('',(12.6,-0.445000000000001,0.4));
#11866=CARTESIAN_POINT('',(12.6,-0.445000000000001,0.));
#11867=CARTESIAN_POINT('Origin',(-11.21,-0.824999999999997,0.));
#11868=CARTESIAN_POINT('',(-11.21,-0.824999999999997,0.));
#11869=CARTESIAN_POINT('',(-11.21,-1.715,0.));
#11870=CARTESIAN_POINT('',(-11.21,-1.715,0.));
#11871=CARTESIAN_POINT('',(-11.21,-1.715,0.4));
#11872=CARTESIAN_POINT('',(-11.21,-1.715,0.));
#11873=CARTESIAN_POINT('',(-11.21,-0.824999999999998,0.4));
#11874=CARTESIAN_POINT('',(-11.21,-1.715,0.4));
#11875=CARTESIAN_POINT('',(-11.21,-0.824999999999997,0.));
#11876=CARTESIAN_POINT('Origin',(-12.6,-0.824999999999997,0.));
#11877=CARTESIAN_POINT('',(-12.6,-0.824999999999997,0.));
#11878=CARTESIAN_POINT('',(-11.21,-0.824999999999997,0.));
#11879=CARTESIAN_POINT('',(-12.6,-0.824999999999997,0.4));
#11880=CARTESIAN_POINT('',(-11.21,-0.824999999999997,0.4));
#11881=CARTESIAN_POINT('',(-12.6,-0.824999999999997,0.));
#11882=CARTESIAN_POINT('Origin',(-11.21,-1.715,0.));
#11883=CARTESIAN_POINT('',(-12.6,-1.715,0.));
#11884=CARTESIAN_POINT('',(-12.6,-1.715,0.));
#11885=CARTESIAN_POINT('',(-12.6,-1.715,0.4));
#11886=CARTESIAN_POINT('',(-12.6,-1.715,0.));
#11887=CARTESIAN_POINT('',(-12.6,-1.715,0.4));
#11888=CARTESIAN_POINT('Origin',(3.365,4.86,0.));
#11889=CARTESIAN_POINT('',(3.365,4.86,0.));
#11890=CARTESIAN_POINT('',(3.365,6.25,0.));
#11891=CARTESIAN_POINT('',(3.365,6.25,0.));
#11892=CARTESIAN_POINT('',(3.365,6.25,0.4));
#11893=CARTESIAN_POINT('',(3.365,6.25,0.));
#11894=CARTESIAN_POINT('',(3.365,4.86,0.4));
#11895=CARTESIAN_POINT('',(3.365,6.25,0.4));
#11896=CARTESIAN_POINT('',(3.365,4.86,0.));
#11897=CARTESIAN_POINT('Origin',(4.255,4.86,0.));
#11898=CARTESIAN_POINT('',(4.255,4.86,0.));
#11899=CARTESIAN_POINT('',(3.365,4.86,0.));
#11900=CARTESIAN_POINT('',(4.255,4.86,0.4));
#11901=CARTESIAN_POINT('',(3.365,4.86,0.4));
#11902=CARTESIAN_POINT('',(4.255,4.86,0.));
#11903=CARTESIAN_POINT('Origin',(4.255,6.25,0.));
#11904=CARTESIAN_POINT('',(4.255,6.25,0.));
#11905=CARTESIAN_POINT('',(4.255,4.86,0.));
#11906=CARTESIAN_POINT('',(4.255,6.25,0.4));
#11907=CARTESIAN_POINT('',(4.255,4.86,0.4));
#11908=CARTESIAN_POINT('',(4.255,6.25,0.));
#11909=CARTESIAN_POINT('Origin',(8.065,-4.86,0.));
#11910=CARTESIAN_POINT('',(8.065,-4.86,0.));
#11911=CARTESIAN_POINT('',(8.065,-6.25,0.));
#11912=CARTESIAN_POINT('',(8.065,-4.86,0.));
#11913=CARTESIAN_POINT('',(8.065,-6.25,0.4));
#11914=CARTESIAN_POINT('',(8.065,-6.25,0.));
#11915=CARTESIAN_POINT('',(8.065,-4.86,0.4));
#11916=CARTESIAN_POINT('',(8.065,-4.86,0.4));
#11917=CARTESIAN_POINT('',(8.065,-4.86,0.));
#11918=CARTESIAN_POINT('Origin',(7.175,-4.86,0.));
#11919=CARTESIAN_POINT('',(7.175,-4.86,0.));
#11920=CARTESIAN_POINT('',(7.175,-4.86,0.));
#11921=CARTESIAN_POINT('',(7.175,-4.86,0.4));
#11922=CARTESIAN_POINT('',(7.175,-4.86,0.4));
#11923=CARTESIAN_POINT('',(7.175,-4.86,0.));
#11924=CARTESIAN_POINT('Origin',(7.175,-6.25,0.));
#11925=CARTESIAN_POINT('',(7.175,-6.25,0.));
#11926=CARTESIAN_POINT('',(7.175,-6.25,0.));
#11927=CARTESIAN_POINT('',(7.175,-6.25,0.4));
#11928=CARTESIAN_POINT('',(7.175,-6.25,0.4));
#11929=CARTESIAN_POINT('',(7.175,-6.25,0.));
#11930=CARTESIAN_POINT('Origin',(11.21,4.255,0.));
#11931=CARTESIAN_POINT('',(11.21,4.255,0.));
#11932=CARTESIAN_POINT('',(12.6,4.255,0.));
#11933=CARTESIAN_POINT('',(11.21,4.255,0.));
#11934=CARTESIAN_POINT('',(12.6,4.255,0.4));
#11935=CARTESIAN_POINT('',(12.6,4.255,0.));
#11936=CARTESIAN_POINT('',(11.21,4.255,0.4));
#11937=CARTESIAN_POINT('',(11.21,4.255,0.4));
#11938=CARTESIAN_POINT('',(11.21,4.255,0.));
#11939=CARTESIAN_POINT('Origin',(11.21,3.365,0.));
#11940=CARTESIAN_POINT('',(11.21,3.365,0.));
#11941=CARTESIAN_POINT('',(11.21,3.365,0.));
#11942=CARTESIAN_POINT('',(11.21,3.365,0.4));
#11943=CARTESIAN_POINT('',(11.21,3.365,0.4));
#11944=CARTESIAN_POINT('',(11.21,3.365,0.));
#11945=CARTESIAN_POINT('Origin',(12.6,3.365,0.));
#11946=CARTESIAN_POINT('',(12.6,3.365,0.));
#11947=CARTESIAN_POINT('',(12.6,3.365,0.));
#11948=CARTESIAN_POINT('',(12.6,3.365,0.4));
#11949=CARTESIAN_POINT('',(12.6,3.365,0.4));
#11950=CARTESIAN_POINT('',(12.6,3.365,0.));
#11951=CARTESIAN_POINT('Origin',(-4.255,4.86,0.));
#11952=CARTESIAN_POINT('',(-4.255,4.86,0.));
#11953=CARTESIAN_POINT('',(-4.255,6.25,0.));
#11954=CARTESIAN_POINT('',(-4.255,6.25,0.));
#11955=CARTESIAN_POINT('',(-4.255,6.25,0.4));
#11956=CARTESIAN_POINT('',(-4.255,6.25,0.));
#11957=CARTESIAN_POINT('',(-4.255,4.86,0.4));
#11958=CARTESIAN_POINT('',(-4.255,6.25,0.4));
#11959=CARTESIAN_POINT('',(-4.255,4.86,0.));
#11960=CARTESIAN_POINT('Origin',(-3.365,4.86,0.));
#11961=CARTESIAN_POINT('',(-3.365,4.86,0.));
#11962=CARTESIAN_POINT('',(-4.255,4.86,0.));
#11963=CARTESIAN_POINT('',(-3.365,4.86,0.4));
#11964=CARTESIAN_POINT('',(-4.255,4.86,0.4));
#11965=CARTESIAN_POINT('',(-3.365,4.86,0.));
#11966=CARTESIAN_POINT('Origin',(-3.365,6.25,0.));
#11967=CARTESIAN_POINT('',(-3.365,6.25,0.));
#11968=CARTESIAN_POINT('',(-3.365,4.86,0.));
#11969=CARTESIAN_POINT('',(-3.365,6.25,0.4));
#11970=CARTESIAN_POINT('',(-3.365,4.86,0.4));
#11971=CARTESIAN_POINT('',(-3.365,6.25,0.));
#11972=CARTESIAN_POINT('Origin',(11.21,-1.715,0.));
#11973=CARTESIAN_POINT('',(11.21,-1.715,0.));
#11974=CARTESIAN_POINT('',(11.21,-0.825000000000001,0.));
#11975=CARTESIAN_POINT('',(11.21,-1.715,0.));
#11976=CARTESIAN_POINT('',(11.21,-0.825,0.4));
#11977=CARTESIAN_POINT('',(11.21,-0.825000000000001,0.));
#11978=CARTESIAN_POINT('',(11.21,-1.715,0.4));
#11979=CARTESIAN_POINT('',(11.21,-1.715,0.4));
#11980=CARTESIAN_POINT('',(11.21,-1.715,0.));
#11981=CARTESIAN_POINT('Origin',(12.6,-1.715,0.));
#11982=CARTESIAN_POINT('',(12.6,-1.715,0.));
#11983=CARTESIAN_POINT('',(12.6,-1.715,0.));
#11984=CARTESIAN_POINT('',(12.6,-1.715,0.4));
#11985=CARTESIAN_POINT('',(12.6,-1.715,0.4));
#11986=CARTESIAN_POINT('',(12.6,-1.715,0.));
#11987=CARTESIAN_POINT('Origin',(11.21,-0.825000000000001,0.));
#11988=CARTESIAN_POINT('',(12.6,-0.825000000000001,0.));
#11989=CARTESIAN_POINT('',(11.21,-0.825000000000001,0.));
#11990=CARTESIAN_POINT('',(12.6,-0.825000000000001,0.4));
#11991=CARTESIAN_POINT('',(12.6,-0.825000000000001,0.));
#11992=CARTESIAN_POINT('',(11.21,-0.825000000000001,0.4));
#11993=CARTESIAN_POINT('Origin',(-2.095,-4.86,0.));
#11994=CARTESIAN_POINT('',(-2.095,-4.86,0.));
#11995=CARTESIAN_POINT('',(-2.095,-6.25,0.));
#11996=CARTESIAN_POINT('',(-2.095,-4.86,0.));
#11997=CARTESIAN_POINT('',(-2.095,-6.25,0.4));
#11998=CARTESIAN_POINT('',(-2.095,-6.25,0.));
#11999=CARTESIAN_POINT('',(-2.095,-4.86,0.4));
#12000=CARTESIAN_POINT('',(-2.095,-4.86,0.4));
#12001=CARTESIAN_POINT('',(-2.095,-4.86,0.));
#12002=CARTESIAN_POINT('Origin',(-2.985,-4.86,0.));
#12003=CARTESIAN_POINT('',(-2.985,-4.86,0.));
#12004=CARTESIAN_POINT('',(-2.985,-4.86,0.));
#12005=CARTESIAN_POINT('',(-2.985,-4.86,0.4));
#12006=CARTESIAN_POINT('',(-2.985,-4.86,0.4));
#12007=CARTESIAN_POINT('',(-2.985,-4.86,0.));
#12008=CARTESIAN_POINT('Origin',(-2.985,-6.25,0.));
#12009=CARTESIAN_POINT('',(-2.985,-6.25,0.));
#12010=CARTESIAN_POINT('',(-2.985,-6.25,0.));
#12011=CARTESIAN_POINT('',(-2.985,-6.25,0.4));
#12012=CARTESIAN_POINT('',(-2.985,-6.25,0.4));
#12013=CARTESIAN_POINT('',(-2.985,-6.25,0.));
#12014=CARTESIAN_POINT('Origin',(-5.525,-6.25,0.));
#12015=CARTESIAN_POINT('',(-5.525,-6.25,0.));
#12016=CARTESIAN_POINT('',(-5.525,-4.86,0.));
#12017=CARTESIAN_POINT('',(-5.525,-6.25,0.));
#12018=CARTESIAN_POINT('',(-5.525,-4.86,0.4));
#12019=CARTESIAN_POINT('',(-5.525,-4.86,0.));
#12020=CARTESIAN_POINT('',(-5.525,-6.25,0.4));
#12021=CARTESIAN_POINT('',(-5.525,-6.25,0.4));
#12022=CARTESIAN_POINT('',(-5.525,-6.25,0.));
#12023=CARTESIAN_POINT('Origin',(-4.635,-4.86,0.));
#12024=CARTESIAN_POINT('',(-4.635,-4.86,0.));
#12025=CARTESIAN_POINT('',(-4.635,-6.25,0.));
#12026=CARTESIAN_POINT('',(-4.635,-4.86,0.));
#12027=CARTESIAN_POINT('',(-4.635,-6.25,0.4));
#12028=CARTESIAN_POINT('',(-4.635,-6.25,0.));
#12029=CARTESIAN_POINT('',(-4.635,-4.86,0.4));
#12030=CARTESIAN_POINT('',(-4.635,-4.86,0.4));
#12031=CARTESIAN_POINT('',(-4.635,-4.86,0.));
#12032=CARTESIAN_POINT('Origin',(-5.525,-4.86,0.));
#12033=CARTESIAN_POINT('',(-5.525,-4.86,0.));
#12034=CARTESIAN_POINT('',(-5.525,-4.86,0.4));
#12035=CARTESIAN_POINT('Origin',(7.17500000000001,4.86,0.));
#12036=CARTESIAN_POINT('',(7.17500000000001,4.86,0.));
#12037=CARTESIAN_POINT('',(7.17500000000001,6.25,0.));
#12038=CARTESIAN_POINT('',(7.17500000000001,6.25,0.));
#12039=CARTESIAN_POINT('',(7.17500000000001,6.25,0.4));
#12040=CARTESIAN_POINT('',(7.17500000000001,6.25,0.));
#12041=CARTESIAN_POINT('',(7.17500000000001,4.86,0.4));
#12042=CARTESIAN_POINT('',(7.17500000000001,6.25,0.4));
#12043=CARTESIAN_POINT('',(7.17500000000001,4.86,0.));
#12044=CARTESIAN_POINT('Origin',(8.065,4.86,0.));
#12045=CARTESIAN_POINT('',(8.065,4.86,0.));
#12046=CARTESIAN_POINT('',(7.17500000000001,4.86,0.));
#12047=CARTESIAN_POINT('',(8.065,4.86,0.4));
#12048=CARTESIAN_POINT('',(7.17500000000001,4.86,0.4));
#12049=CARTESIAN_POINT('',(8.065,4.86,0.));
#12050=CARTESIAN_POINT('Origin',(8.065,6.25,0.));
#12051=CARTESIAN_POINT('',(8.065,6.25,0.));
#12052=CARTESIAN_POINT('',(8.065,4.86,0.));
#12053=CARTESIAN_POINT('',(8.065,6.25,0.4));
#12054=CARTESIAN_POINT('',(8.065,4.86,0.4));
#12055=CARTESIAN_POINT('',(8.065,6.25,0.));
#12056=CARTESIAN_POINT('Origin',(-2.985,4.86,0.));
#12057=CARTESIAN_POINT('',(-2.985,4.86,0.));
#12058=CARTESIAN_POINT('',(-2.985,6.25,0.));
#12059=CARTESIAN_POINT('',(-2.985,6.25,0.));
#12060=CARTESIAN_POINT('',(-2.985,6.25,0.4));
#12061=CARTESIAN_POINT('',(-2.985,6.25,0.));
#12062=CARTESIAN_POINT('',(-2.985,4.86,0.4));
#12063=CARTESIAN_POINT('',(-2.985,6.25,0.4));
#12064=CARTESIAN_POINT('',(-2.985,4.86,0.));
#12065=CARTESIAN_POINT('Origin',(-2.095,4.86,0.));
#12066=CARTESIAN_POINT('',(-2.095,4.86,0.));
#12067=CARTESIAN_POINT('',(-2.985,4.86,0.));
#12068=CARTESIAN_POINT('',(-2.095,4.86,0.4));
#12069=CARTESIAN_POINT('',(-2.985,4.86,0.4));
#12070=CARTESIAN_POINT('',(-2.095,4.86,0.));
#12071=CARTESIAN_POINT('Origin',(-2.095,6.25,0.));
#12072=CARTESIAN_POINT('',(-2.095,6.25,0.));
#12073=CARTESIAN_POINT('',(-2.095,4.86,0.));
#12074=CARTESIAN_POINT('',(-2.095,6.25,0.4));
#12075=CARTESIAN_POINT('',(-2.095,4.86,0.4));
#12076=CARTESIAN_POINT('',(-2.095,6.25,0.));
#12077=CARTESIAN_POINT('Origin',(12.6,0.824999999999999,0.));
#12078=CARTESIAN_POINT('',(12.6,0.824999999999999,0.));
#12079=CARTESIAN_POINT('',(11.21,0.824999999999999,0.));
#12080=CARTESIAN_POINT('',(12.6,0.824999999999999,0.));
#12081=CARTESIAN_POINT('',(11.21,0.824999999999999,0.4));
#12082=CARTESIAN_POINT('',(11.21,0.824999999999999,0.));
#12083=CARTESIAN_POINT('',(12.6,0.824999999999999,0.4));
#12084=CARTESIAN_POINT('',(12.6,0.824999999999999,0.4));
#12085=CARTESIAN_POINT('',(12.6,0.824999999999999,0.));
#12086=CARTESIAN_POINT('Origin',(11.21,1.715,0.));
#12087=CARTESIAN_POINT('',(11.21,1.715,0.));
#12088=CARTESIAN_POINT('',(12.6,1.715,0.));
#12089=CARTESIAN_POINT('',(11.21,1.715,0.));
#12090=CARTESIAN_POINT('',(12.6,1.715,0.4));
#12091=CARTESIAN_POINT('',(12.6,1.715,0.));
#12092=CARTESIAN_POINT('',(11.21,1.715,0.4));
#12093=CARTESIAN_POINT('',(11.21,1.715,0.4));
#12094=CARTESIAN_POINT('',(11.21,1.715,0.));
#12095=CARTESIAN_POINT('Origin',(11.21,0.824999999999999,0.));
#12096=CARTESIAN_POINT('',(11.21,0.824999999999999,0.));
#12097=CARTESIAN_POINT('',(11.21,0.824999999999999,0.4));
#12098=CARTESIAN_POINT('Origin',(-9.715,-4.86,0.));
#12099=CARTESIAN_POINT('',(-9.715,-4.86,0.));
#12100=CARTESIAN_POINT('',(-9.715,-6.25,0.));
#12101=CARTESIAN_POINT('',(-9.715,-4.86,0.));
#12102=CARTESIAN_POINT('',(-9.715,-6.25,0.4));
#12103=CARTESIAN_POINT('',(-9.715,-6.25,0.));
#12104=CARTESIAN_POINT('',(-9.715,-4.86,0.4));
#12105=CARTESIAN_POINT('',(-9.715,-4.86,0.4));
#12106=CARTESIAN_POINT('',(-9.715,-4.86,0.));
#12107=CARTESIAN_POINT('Origin',(-10.605,-4.86,0.));
#12108=CARTESIAN_POINT('',(-10.605,-4.86,0.));
#12109=CARTESIAN_POINT('',(-10.605,-4.86,0.));
#12110=CARTESIAN_POINT('',(-10.605,-4.86,0.4));
#12111=CARTESIAN_POINT('',(-10.605,-4.86,0.4));
#12112=CARTESIAN_POINT('',(-10.605,-4.86,0.));
#12113=CARTESIAN_POINT('Origin',(-10.605,-6.25,0.));
#12114=CARTESIAN_POINT('',(-10.605,-6.25,0.));
#12115=CARTESIAN_POINT('',(-10.605,-6.25,0.));
#12116=CARTESIAN_POINT('',(-10.605,-6.25,0.4));
#12117=CARTESIAN_POINT('',(-10.605,-6.25,0.4));
#12118=CARTESIAN_POINT('',(-10.605,-6.25,0.));
#12119=CARTESIAN_POINT('Origin',(-11.21,-2.095,0.));
#12120=CARTESIAN_POINT('',(-11.21,-2.095,0.));
#12121=CARTESIAN_POINT('',(-11.21,-2.985,0.));
#12122=CARTESIAN_POINT('',(-11.21,-2.985,0.));
#12123=CARTESIAN_POINT('',(-11.21,-2.985,0.4));
#12124=CARTESIAN_POINT('',(-11.21,-2.985,0.));
#12125=CARTESIAN_POINT('',(-11.21,-2.095,0.4));
#12126=CARTESIAN_POINT('',(-11.21,-2.985,0.4));
#12127=CARTESIAN_POINT('',(-11.21,-2.095,0.));
#12128=CARTESIAN_POINT('Origin',(-12.6,-2.095,0.));
#12129=CARTESIAN_POINT('',(-12.6,-2.095,0.));
#12130=CARTESIAN_POINT('',(-11.21,-2.095,0.));
#12131=CARTESIAN_POINT('',(-12.6,-2.095,0.4));
#12132=CARTESIAN_POINT('',(-11.21,-2.095,0.4));
#12133=CARTESIAN_POINT('',(-12.6,-2.095,0.));
#12134=CARTESIAN_POINT('Origin',(-11.21,-2.985,0.));
#12135=CARTESIAN_POINT('',(-12.6,-2.985,0.));
#12136=CARTESIAN_POINT('',(-12.6,-2.985,0.));
#12137=CARTESIAN_POINT('',(-12.6,-2.985,0.4));
#12138=CARTESIAN_POINT('',(-12.6,-2.985,0.));
#12139=CARTESIAN_POINT('',(-12.6,-2.985,0.4));
#12140=CARTESIAN_POINT('Origin',(-6.795,4.86,0.));
#12141=CARTESIAN_POINT('',(-6.795,4.86,0.));
#12142=CARTESIAN_POINT('',(-6.795,6.25,0.));
#12143=CARTESIAN_POINT('',(-6.795,6.25,0.));
#12144=CARTESIAN_POINT('',(-6.795,6.25,0.4));
#12145=CARTESIAN_POINT('',(-6.795,6.25,0.));
#12146=CARTESIAN_POINT('',(-6.795,4.86,0.4));
#12147=CARTESIAN_POINT('',(-6.795,6.25,0.4));
#12148=CARTESIAN_POINT('',(-6.795,4.86,0.));
#12149=CARTESIAN_POINT('Origin',(-5.905,4.86,0.));
#12150=CARTESIAN_POINT('',(-5.905,4.86,0.));
#12151=CARTESIAN_POINT('',(-6.795,4.86,0.));
#12152=CARTESIAN_POINT('',(-5.905,4.86,0.4));
#12153=CARTESIAN_POINT('',(-6.795,4.86,0.4));
#12154=CARTESIAN_POINT('',(-5.905,4.86,0.));
#12155=CARTESIAN_POINT('Origin',(-5.905,6.25,0.));
#12156=CARTESIAN_POINT('',(-5.905,6.25,0.));
#12157=CARTESIAN_POINT('',(-5.905,4.86,0.));
#12158=CARTESIAN_POINT('',(-5.905,6.25,0.4));
#12159=CARTESIAN_POINT('',(-5.905,4.86,0.4));
#12160=CARTESIAN_POINT('',(-5.905,6.25,0.));
#12161=CARTESIAN_POINT('Origin',(-7.175,-4.86,0.));
#12162=CARTESIAN_POINT('',(-7.175,-4.86,0.));
#12163=CARTESIAN_POINT('',(-7.175,-6.25,0.));
#12164=CARTESIAN_POINT('',(-7.175,-4.86,0.));
#12165=CARTESIAN_POINT('',(-7.175,-6.25,0.4));
#12166=CARTESIAN_POINT('',(-7.175,-6.25,0.));
#12167=CARTESIAN_POINT('',(-7.175,-4.86,0.4));
#12168=CARTESIAN_POINT('',(-7.175,-4.86,0.4));
#12169=CARTESIAN_POINT('',(-7.175,-4.86,0.));
#12170=CARTESIAN_POINT('Origin',(-8.065,-4.86,0.));
#12171=CARTESIAN_POINT('',(-8.065,-4.86,0.));
#12172=CARTESIAN_POINT('',(-8.065,-4.86,0.));
#12173=CARTESIAN_POINT('',(-8.065,-4.86,0.4));
#12174=CARTESIAN_POINT('',(-8.065,-4.86,0.4));
#12175=CARTESIAN_POINT('',(-8.065,-4.86,0.));
#12176=CARTESIAN_POINT('Origin',(-8.065,-6.25,0.));
#12177=CARTESIAN_POINT('',(-8.065,-6.25,0.));
#12178=CARTESIAN_POINT('',(-8.065,-6.25,0.));
#12179=CARTESIAN_POINT('',(-8.065,-6.25,0.4));
#12180=CARTESIAN_POINT('',(-8.065,-6.25,0.4));
#12181=CARTESIAN_POINT('',(-8.065,-6.25,0.));
#12182=CARTESIAN_POINT('Origin',(5.525,-4.86,0.));
#12183=CARTESIAN_POINT('',(5.525,-4.86,0.));
#12184=CARTESIAN_POINT('',(5.525,-6.25,0.));
#12185=CARTESIAN_POINT('',(5.525,-4.86,0.));
#12186=CARTESIAN_POINT('',(5.525,-6.25,0.4));
#12187=CARTESIAN_POINT('',(5.525,-6.25,0.));
#12188=CARTESIAN_POINT('',(5.525,-4.86,0.4));
#12189=CARTESIAN_POINT('',(5.525,-4.86,0.4));
#12190=CARTESIAN_POINT('',(5.525,-4.86,0.));
#12191=CARTESIAN_POINT('Origin',(4.635,-4.86,0.));
#12192=CARTESIAN_POINT('',(4.635,-4.86,0.));
#12193=CARTESIAN_POINT('',(4.635,-4.86,0.));
#12194=CARTESIAN_POINT('',(4.635,-4.86,0.4));
#12195=CARTESIAN_POINT('',(4.635,-4.86,0.4));
#12196=CARTESIAN_POINT('',(4.635,-4.86,0.));
#12197=CARTESIAN_POINT('Origin',(4.635,-6.25,0.));
#12198=CARTESIAN_POINT('',(4.635,-6.25,0.));
#12199=CARTESIAN_POINT('',(4.635,-6.25,0.));
#12200=CARTESIAN_POINT('',(4.635,-6.25,0.4));
#12201=CARTESIAN_POINT('',(4.635,-6.25,0.4));
#12202=CARTESIAN_POINT('',(4.635,-6.25,0.));
#12203=CARTESIAN_POINT('Origin',(11.21,-2.095,0.));
#12204=CARTESIAN_POINT('',(11.21,-2.095,0.));
#12205=CARTESIAN_POINT('',(12.6,-2.095,0.));
#12206=CARTESIAN_POINT('',(11.21,-2.095,0.));
#12207=CARTESIAN_POINT('',(12.6,-2.095,0.4));
#12208=CARTESIAN_POINT('',(12.6,-2.095,0.));
#12209=CARTESIAN_POINT('',(11.21,-2.095,0.4));
#12210=CARTESIAN_POINT('',(11.21,-2.095,0.4));
#12211=CARTESIAN_POINT('',(11.21,-2.095,0.));
#12212=CARTESIAN_POINT('Origin',(11.21,-2.985,0.));
#12213=CARTESIAN_POINT('',(11.21,-2.985,0.));
#12214=CARTESIAN_POINT('',(11.21,-2.985,0.));
#12215=CARTESIAN_POINT('',(11.21,-2.985,0.4));
#12216=CARTESIAN_POINT('',(11.21,-2.985,0.4));
#12217=CARTESIAN_POINT('',(11.21,-2.985,0.));
#12218=CARTESIAN_POINT('Origin',(12.6,-2.985,0.));
#12219=CARTESIAN_POINT('',(12.6,-2.985,0.));
#12220=CARTESIAN_POINT('',(12.6,-2.985,0.));
#12221=CARTESIAN_POINT('',(12.6,-2.985,0.4));
#12222=CARTESIAN_POINT('',(12.6,-2.985,0.4));
#12223=CARTESIAN_POINT('',(12.6,-2.985,0.));
#12224=CARTESIAN_POINT('Origin',(-5.525,4.86,0.));
#12225=CARTESIAN_POINT('',(-5.525,4.86,0.));
#12226=CARTESIAN_POINT('',(-5.525,6.25,0.));
#12227=CARTESIAN_POINT('',(-5.525,6.25,0.));
#12228=CARTESIAN_POINT('',(-5.525,6.25,0.4));
#12229=CARTESIAN_POINT('',(-5.525,6.25,0.));
#12230=CARTESIAN_POINT('',(-5.525,4.86,0.4));
#12231=CARTESIAN_POINT('',(-5.525,6.25,0.4));
#12232=CARTESIAN_POINT('',(-5.525,4.86,0.));
#12233=CARTESIAN_POINT('Origin',(-4.635,4.86,0.));
#12234=CARTESIAN_POINT('',(-4.635,4.86,0.));
#12235=CARTESIAN_POINT('',(-5.525,4.86,0.));
#12236=CARTESIAN_POINT('',(-4.635,4.86,0.4));
#12237=CARTESIAN_POINT('',(-5.525,4.86,0.4));
#12238=CARTESIAN_POINT('',(-4.635,4.86,0.));
#12239=CARTESIAN_POINT('Origin',(-4.635,6.25,0.));
#12240=CARTESIAN_POINT('',(-4.635,6.25,0.));
#12241=CARTESIAN_POINT('',(-4.635,4.86,0.));
#12242=CARTESIAN_POINT('',(-4.635,6.25,0.4));
#12243=CARTESIAN_POINT('',(-4.635,4.86,0.4));
#12244=CARTESIAN_POINT('',(-4.635,6.25,0.));
#12245=CARTESIAN_POINT('Origin',(3.365,-4.86,0.));
#12246=CARTESIAN_POINT('',(3.365,-4.86,0.));
#12247=CARTESIAN_POINT('',(4.255,-4.86,0.));
#12248=CARTESIAN_POINT('',(3.365,-4.86,0.));
#12249=CARTESIAN_POINT('',(4.255,-4.86,0.4));
#12250=CARTESIAN_POINT('',(4.255,-4.86,0.));
#12251=CARTESIAN_POINT('',(3.365,-4.86,0.4));
#12252=CARTESIAN_POINT('',(3.365,-4.86,0.4));
#12253=CARTESIAN_POINT('',(3.365,-4.86,0.));
#12254=CARTESIAN_POINT('Origin',(3.365,-6.25,0.));
#12255=CARTESIAN_POINT('',(3.365,-6.25,0.));
#12256=CARTESIAN_POINT('',(3.365,-6.25,0.));
#12257=CARTESIAN_POINT('',(3.365,-6.25,0.4));
#12258=CARTESIAN_POINT('',(3.365,-6.25,0.4));
#12259=CARTESIAN_POINT('',(3.365,-6.25,0.));
#12260=CARTESIAN_POINT('Origin',(4.255,-4.86,0.));
#12261=CARTESIAN_POINT('',(4.255,-6.25,0.));
#12262=CARTESIAN_POINT('',(4.255,-4.86,0.));
#12263=CARTESIAN_POINT('',(4.255,-6.25,0.4));
#12264=CARTESIAN_POINT('',(4.255,-6.25,0.));
#12265=CARTESIAN_POINT('',(4.255,-4.86,0.4));
#12266=CARTESIAN_POINT('Origin',(-9.715,6.25,0.));
#12267=CARTESIAN_POINT('',(-9.715,6.25,0.));
#12268=CARTESIAN_POINT('',(-9.715,4.86,0.));
#12269=CARTESIAN_POINT('',(-9.715,4.86,0.));
#12270=CARTESIAN_POINT('',(-9.715,4.86,0.4));
#12271=CARTESIAN_POINT('',(-9.715,4.86,0.));
#12272=CARTESIAN_POINT('',(-9.715,6.25,0.4));
#12273=CARTESIAN_POINT('',(-9.715,4.86,0.4));
#12274=CARTESIAN_POINT('',(-9.715,6.25,0.));
#12275=CARTESIAN_POINT('Origin',(-10.605,4.86,0.));
#12276=CARTESIAN_POINT('',(-10.605,4.86,0.));
#12277=CARTESIAN_POINT('',(-10.605,6.25,0.));
#12278=CARTESIAN_POINT('',(-10.605,6.25,0.));
#12279=CARTESIAN_POINT('',(-10.605,6.25,0.4));
#12280=CARTESIAN_POINT('',(-10.605,6.25,0.));
#12281=CARTESIAN_POINT('',(-10.605,4.86,0.4));
#12282=CARTESIAN_POINT('',(-10.605,6.25,0.4));
#12283=CARTESIAN_POINT('',(-10.605,4.86,0.));
#12284=CARTESIAN_POINT('Origin',(-9.715,4.86,0.));
#12285=CARTESIAN_POINT('',(-10.605,4.86,0.));
#12286=CARTESIAN_POINT('',(-10.605,4.86,0.4));
#12287=CARTESIAN_POINT('Origin',(-11.21,2.985,0.));
#12288=CARTESIAN_POINT('',(-11.21,2.985,0.));
#12289=CARTESIAN_POINT('',(-11.21,2.095,0.));
#12290=CARTESIAN_POINT('',(-11.21,2.095,0.));
#12291=CARTESIAN_POINT('',(-11.21,2.095,0.4));
#12292=CARTESIAN_POINT('',(-11.21,2.095,0.));
#12293=CARTESIAN_POINT('',(-11.21,2.985,0.4));
#12294=CARTESIAN_POINT('',(-11.21,2.095,0.4));
#12295=CARTESIAN_POINT('',(-11.21,2.985,0.));
#12296=CARTESIAN_POINT('Origin',(-12.6,2.985,0.));
#12297=CARTESIAN_POINT('',(-12.6,2.985,0.));
#12298=CARTESIAN_POINT('',(-11.21,2.985,0.));
#12299=CARTESIAN_POINT('',(-12.6,2.985,0.4));
#12300=CARTESIAN_POINT('',(-11.21,2.985,0.4));
#12301=CARTESIAN_POINT('',(-12.6,2.985,0.));
#12302=CARTESIAN_POINT('Origin',(-11.21,2.095,0.));
#12303=CARTESIAN_POINT('',(-12.6,2.095,0.));
#12304=CARTESIAN_POINT('',(-12.6,2.095,0.));
#12305=CARTESIAN_POINT('',(-12.6,2.095,0.4));
#12306=CARTESIAN_POINT('',(-12.6,2.095,0.));
#12307=CARTESIAN_POINT('',(-12.6,2.095,0.4));
#12308=CARTESIAN_POINT('Origin',(-0.824999999999999,-4.86,0.));
#12309=CARTESIAN_POINT('',(-0.824999999999999,-4.86,0.));
#12310=CARTESIAN_POINT('',(-0.824999999999999,-6.25,0.));
#12311=CARTESIAN_POINT('',(-0.824999999999999,-4.86,0.));
#12312=CARTESIAN_POINT('',(-0.824999999999999,-6.25,0.4));
#12313=CARTESIAN_POINT('',(-0.824999999999999,-6.25,0.));
#12314=CARTESIAN_POINT('',(-0.824999999999999,-4.86,0.4));
#12315=CARTESIAN_POINT('',(-0.824999999999999,-4.86,0.4));
#12316=CARTESIAN_POINT('',(-0.824999999999999,-4.86,0.));
#12317=CARTESIAN_POINT('Origin',(-1.715,-4.86,0.));
#12318=CARTESIAN_POINT('',(-1.715,-4.86,0.));
#12319=CARTESIAN_POINT('',(-1.715,-4.86,0.));
#12320=CARTESIAN_POINT('',(-1.715,-4.86,0.4));
#12321=CARTESIAN_POINT('',(-1.715,-4.86,0.4));
#12322=CARTESIAN_POINT('',(-1.715,-4.86,0.));
#12323=CARTESIAN_POINT('Origin',(-1.715,-6.25,0.));
#12324=CARTESIAN_POINT('',(-1.715,-6.25,0.));
#12325=CARTESIAN_POINT('',(-1.715,-6.25,0.));
#12326=CARTESIAN_POINT('',(-1.715,-6.25,0.4));
#12327=CARTESIAN_POINT('',(-1.715,-6.25,0.4));
#12328=CARTESIAN_POINT('',(-1.715,-6.25,0.));
#12329=CARTESIAN_POINT('Origin',(12.6,-4.255,0.));
#12330=CARTESIAN_POINT('',(12.6,-4.255,0.));
#12331=CARTESIAN_POINT('',(11.21,-4.255,0.));
#12332=CARTESIAN_POINT('',(12.6,-4.255,0.));
#12333=CARTESIAN_POINT('',(11.21,-4.255,0.4));
#12334=CARTESIAN_POINT('',(11.21,-4.255,0.));
#12335=CARTESIAN_POINT('',(12.6,-4.255,0.4));
#12336=CARTESIAN_POINT('',(12.6,-4.255,0.4));
#12337=CARTESIAN_POINT('',(12.6,-4.255,0.));
#12338=CARTESIAN_POINT('Origin',(11.21,-3.365,0.));
#12339=CARTESIAN_POINT('',(11.21,-3.365,0.));
#12340=CARTESIAN_POINT('',(12.6,-3.365,0.));
#12341=CARTESIAN_POINT('',(11.21,-3.365,0.));
#12342=CARTESIAN_POINT('',(12.6,-3.365,0.4));
#12343=CARTESIAN_POINT('',(12.6,-3.365,0.));
#12344=CARTESIAN_POINT('',(11.21,-3.365,0.4));
#12345=CARTESIAN_POINT('',(11.21,-3.365,0.4));
#12346=CARTESIAN_POINT('',(11.21,-3.365,0.));
#12347=CARTESIAN_POINT('Origin',(11.21,-4.255,0.));
#12348=CARTESIAN_POINT('',(11.21,-4.255,0.));
#12349=CARTESIAN_POINT('',(11.21,-4.255,0.4));
#12350=CARTESIAN_POINT('Origin',(-8.065,4.86,0.));
#12351=CARTESIAN_POINT('',(-8.065,4.86,0.));
#12352=CARTESIAN_POINT('',(-8.065,6.25,0.));
#12353=CARTESIAN_POINT('',(-8.065,6.25,0.));
#12354=CARTESIAN_POINT('',(-8.065,6.25,0.4));
#12355=CARTESIAN_POINT('',(-8.065,6.25,0.));
#12356=CARTESIAN_POINT('',(-8.065,4.86,0.4));
#12357=CARTESIAN_POINT('',(-8.065,6.25,0.4));
#12358=CARTESIAN_POINT('',(-8.065,4.86,0.));
#12359=CARTESIAN_POINT('Origin',(-7.175,4.86,0.));
#12360=CARTESIAN_POINT('',(-7.175,4.86,0.));
#12361=CARTESIAN_POINT('',(-8.065,4.86,0.));
#12362=CARTESIAN_POINT('',(-7.175,4.86,0.4));
#12363=CARTESIAN_POINT('',(-8.065,4.86,0.4));
#12364=CARTESIAN_POINT('',(-7.175,4.86,0.));
#12365=CARTESIAN_POINT('Origin',(-7.175,6.25,0.));
#12366=CARTESIAN_POINT('',(-7.175,6.25,0.));
#12367=CARTESIAN_POINT('',(-7.175,4.86,0.));
#12368=CARTESIAN_POINT('',(-7.175,6.25,0.4));
#12369=CARTESIAN_POINT('',(-7.175,4.86,0.4));
#12370=CARTESIAN_POINT('',(-7.175,6.25,0.));
#12371=CARTESIAN_POINT('Origin',(2.985,-4.86,0.));
#12372=CARTESIAN_POINT('',(2.985,-4.86,0.));
#12373=CARTESIAN_POINT('',(2.985,-6.25,0.));
#12374=CARTESIAN_POINT('',(2.985,-4.86,0.));
#12375=CARTESIAN_POINT('',(2.985,-6.25,0.4));
#12376=CARTESIAN_POINT('',(2.985,-6.25,0.));
#12377=CARTESIAN_POINT('',(2.985,-4.86,0.4));
#12378=CARTESIAN_POINT('',(2.985,-4.86,0.4));
#12379=CARTESIAN_POINT('',(2.985,-4.86,0.));
#12380=CARTESIAN_POINT('Origin',(2.095,-4.86,0.));
#12381=CARTESIAN_POINT('',(2.095,-4.86,0.));
#12382=CARTESIAN_POINT('',(2.095,-4.86,0.));
#12383=CARTESIAN_POINT('',(2.095,-4.86,0.4));
#12384=CARTESIAN_POINT('',(2.095,-4.86,0.4));
#12385=CARTESIAN_POINT('',(2.095,-4.86,0.));
#12386=CARTESIAN_POINT('Origin',(2.095,-6.25,0.));
#12387=CARTESIAN_POINT('',(2.095,-6.25,0.));
#12388=CARTESIAN_POINT('',(2.095,-6.25,0.));
#12389=CARTESIAN_POINT('',(2.095,-6.25,0.4));
#12390=CARTESIAN_POINT('',(2.095,-6.25,0.4));
#12391=CARTESIAN_POINT('',(2.095,-6.25,0.));
#12392=CARTESIAN_POINT('Origin',(-11.21,4.255,0.));
#12393=CARTESIAN_POINT('',(-11.21,4.255,0.));
#12394=CARTESIAN_POINT('',(-11.21,3.365,0.));
#12395=CARTESIAN_POINT('',(-11.21,3.365,0.));
#12396=CARTESIAN_POINT('',(-11.21,3.365,0.4));
#12397=CARTESIAN_POINT('',(-11.21,3.365,0.));
#12398=CARTESIAN_POINT('',(-11.21,4.255,0.4));
#12399=CARTESIAN_POINT('',(-11.21,3.365,0.4));
#12400=CARTESIAN_POINT('',(-11.21,4.255,0.));
#12401=CARTESIAN_POINT('Origin',(-12.6,4.255,0.));
#12402=CARTESIAN_POINT('',(-12.6,4.255,0.));
#12403=CARTESIAN_POINT('',(-11.21,4.255,0.));
#12404=CARTESIAN_POINT('',(-12.6,4.255,0.4));
#12405=CARTESIAN_POINT('',(-11.21,4.255,0.4));
#12406=CARTESIAN_POINT('',(-12.6,4.255,0.));
#12407=CARTESIAN_POINT('Origin',(-11.21,3.365,0.));
#12408=CARTESIAN_POINT('',(-12.6,3.365,0.));
#12409=CARTESIAN_POINT('',(-12.6,3.365,0.));
#12410=CARTESIAN_POINT('',(-12.6,3.365,0.4));
#12411=CARTESIAN_POINT('',(-12.6,3.365,0.));
#12412=CARTESIAN_POINT('',(-12.6,3.365,0.4));
#12413=CARTESIAN_POINT('Origin',(2.095,4.86,0.));
#12414=CARTESIAN_POINT('',(2.095,4.86,0.));
#12415=CARTESIAN_POINT('',(2.095,6.25,0.));
#12416=CARTESIAN_POINT('',(2.095,6.25,0.));
#12417=CARTESIAN_POINT('',(2.095,6.25,0.4));
#12418=CARTESIAN_POINT('',(2.095,6.25,0.));
#12419=CARTESIAN_POINT('',(2.095,4.86,0.4));
#12420=CARTESIAN_POINT('',(2.095,6.25,0.4));
#12421=CARTESIAN_POINT('',(2.095,4.86,0.));
#12422=CARTESIAN_POINT('Origin',(2.985,4.86,0.));
#12423=CARTESIAN_POINT('',(2.985,4.86,0.));
#12424=CARTESIAN_POINT('',(2.095,4.86,0.));
#12425=CARTESIAN_POINT('',(2.985,4.86,0.4));
#12426=CARTESIAN_POINT('',(2.095,4.86,0.4));
#12427=CARTESIAN_POINT('',(2.985,4.86,0.));
#12428=CARTESIAN_POINT('Origin',(2.985,6.25,0.));
#12429=CARTESIAN_POINT('',(2.985,6.25,0.));
#12430=CARTESIAN_POINT('',(2.985,4.86,0.));
#12431=CARTESIAN_POINT('',(2.985,6.25,0.4));
#12432=CARTESIAN_POINT('',(2.985,4.86,0.4));
#12433=CARTESIAN_POINT('',(2.985,6.25,0.));
#12434=CARTESIAN_POINT('Origin',(9.335,-4.86,0.));
#12435=CARTESIAN_POINT('',(9.335,-4.86,0.));
#12436=CARTESIAN_POINT('',(9.335,-6.25,0.));
#12437=CARTESIAN_POINT('',(9.335,-4.86,0.));
#12438=CARTESIAN_POINT('',(9.335,-6.25,0.4));
#12439=CARTESIAN_POINT('',(9.335,-6.25,0.));
#12440=CARTESIAN_POINT('',(9.335,-4.86,0.4));
#12441=CARTESIAN_POINT('',(9.335,-4.86,0.4));
#12442=CARTESIAN_POINT('',(9.335,-4.86,0.));
#12443=CARTESIAN_POINT('Origin',(8.445,-4.86,0.));
#12444=CARTESIAN_POINT('',(8.445,-4.86,0.));
#12445=CARTESIAN_POINT('',(8.445,-4.86,0.));
#12446=CARTESIAN_POINT('',(8.445,-4.86,0.4));
#12447=CARTESIAN_POINT('',(8.445,-4.86,0.4));
#12448=CARTESIAN_POINT('',(8.445,-4.86,0.));
#12449=CARTESIAN_POINT('Origin',(8.445,-6.25,0.));
#12450=CARTESIAN_POINT('',(8.445,-6.25,0.));
#12451=CARTESIAN_POINT('',(8.445,-6.25,0.));
#12452=CARTESIAN_POINT('',(8.445,-6.25,0.4));
#12453=CARTESIAN_POINT('',(8.445,-6.25,0.4));
#12454=CARTESIAN_POINT('',(8.445,-6.25,0.));
#12455=CARTESIAN_POINT('Origin',(-1.715,4.86,0.));
#12456=CARTESIAN_POINT('',(-1.715,4.86,0.));
#12457=CARTESIAN_POINT('',(-1.715,6.25,0.));
#12458=CARTESIAN_POINT('',(-1.715,6.25,0.));
#12459=CARTESIAN_POINT('',(-1.715,6.25,0.4));
#12460=CARTESIAN_POINT('',(-1.715,6.25,0.));
#12461=CARTESIAN_POINT('',(-1.715,4.86,0.4));
#12462=CARTESIAN_POINT('',(-1.715,6.25,0.4));
#12463=CARTESIAN_POINT('',(-1.715,4.86,0.));
#12464=CARTESIAN_POINT('Origin',(-0.824999999999997,4.86,0.));
#12465=CARTESIAN_POINT('',(-0.824999999999997,4.86,0.));
#12466=CARTESIAN_POINT('',(-1.715,4.86,0.));
#12467=CARTESIAN_POINT('',(-0.824999999999997,4.86,0.4));
#12468=CARTESIAN_POINT('',(-1.715,4.86,0.4));
#12469=CARTESIAN_POINT('',(-0.824999999999997,4.86,0.));
#12470=CARTESIAN_POINT('Origin',(-0.824999999999997,6.25,0.));
#12471=CARTESIAN_POINT('',(-0.824999999999997,6.25,0.));
#12472=CARTESIAN_POINT('',(-0.824999999999997,4.86,0.));
#12473=CARTESIAN_POINT('',(-0.824999999999997,6.25,0.4));
#12474=CARTESIAN_POINT('',(-0.824999999999997,4.86,0.4));
#12475=CARTESIAN_POINT('',(-0.824999999999997,6.25,0.));
#12476=CARTESIAN_POINT('Origin',(0.,0.,0.4));
#12477=CARTESIAN_POINT('',(-12.6,6.25,0.4));
#12478=CARTESIAN_POINT('',(-12.6,-3.125,0.4));
#12479=CARTESIAN_POINT('',(-12.6,-3.125,0.4));
#12480=CARTESIAN_POINT('',(-12.6,-3.125,0.4));
#12481=CARTESIAN_POINT('',(-12.6,-3.125,0.4));
#12482=CARTESIAN_POINT('',(-12.6,-3.125,0.4));
#12483=CARTESIAN_POINT('',(-12.6,-3.125,0.4));
#12484=CARTESIAN_POINT('',(-12.6,-3.125,0.4));
#12485=CARTESIAN_POINT('',(-12.6,-6.25,0.4));
#12486=CARTESIAN_POINT('',(-12.6,-3.125,0.4));
#12487=CARTESIAN_POINT('',(6.3,-6.25,0.4));
#12488=CARTESIAN_POINT('',(6.3,-6.25,0.4));
#12489=CARTESIAN_POINT('',(6.3,-6.25,0.4));
#12490=CARTESIAN_POINT('',(6.3,-6.25,0.4));
#12491=CARTESIAN_POINT('',(6.3,-6.25,0.4));
#12492=CARTESIAN_POINT('',(6.3,-6.25,0.4));
#12493=CARTESIAN_POINT('',(6.3,-6.25,0.4));
#12494=CARTESIAN_POINT('',(6.3,-6.25,0.4));
#12495=CARTESIAN_POINT('',(6.3,-6.25,0.4));
#12496=CARTESIAN_POINT('',(6.3,-6.25,0.4));
#12497=CARTESIAN_POINT('',(6.3,-6.25,0.4));
#12498=CARTESIAN_POINT('',(6.3,-6.25,0.4));
#12499=CARTESIAN_POINT('',(6.3,-6.25,0.4));
#12500=CARTESIAN_POINT('',(6.3,-6.25,0.4));
#12501=CARTESIAN_POINT('',(12.6,-6.25,0.4));
#12502=CARTESIAN_POINT('',(6.3,-6.25,0.4));
#12503=CARTESIAN_POINT('',(12.6,3.125,0.4));
#12504=CARTESIAN_POINT('',(12.6,3.125,0.4));
#12505=CARTESIAN_POINT('',(12.6,3.125,0.4));
#12506=CARTESIAN_POINT('',(12.6,3.125,0.4));
#12507=CARTESIAN_POINT('',(12.6,3.125,0.4));
#12508=CARTESIAN_POINT('',(12.6,3.125,0.4));
#12509=CARTESIAN_POINT('',(12.6,3.125,0.4));
#12510=CARTESIAN_POINT('',(12.6,6.25,0.4));
#12511=CARTESIAN_POINT('',(12.6,3.125,0.4));
#12512=CARTESIAN_POINT('',(-6.3,6.25,0.4));
#12513=CARTESIAN_POINT('',(-6.3,6.25,0.4));
#12514=CARTESIAN_POINT('',(-6.3,6.25,0.4));
#12515=CARTESIAN_POINT('',(-6.3,6.25,0.4));
#12516=CARTESIAN_POINT('',(-6.3,6.25,0.4));
#12517=CARTESIAN_POINT('',(-6.3,6.25,0.4));
#12518=CARTESIAN_POINT('',(-6.3,6.25,0.4));
#12519=CARTESIAN_POINT('',(-6.3,6.25,0.4));
#12520=CARTESIAN_POINT('',(-6.3,6.25,0.4));
#12521=CARTESIAN_POINT('',(-6.3,6.25,0.4));
#12522=CARTESIAN_POINT('',(-6.3,6.25,0.4));
#12523=CARTESIAN_POINT('',(-6.3,6.25,0.4));
#12524=CARTESIAN_POINT('',(-6.3,6.25,0.4));
#12525=CARTESIAN_POINT('',(-6.3,6.25,0.4));
#12526=CARTESIAN_POINT('',(-6.3,6.25,0.4));
#12527=CARTESIAN_POINT('Origin',(0.,0.,0.));
#12528=CARTESIAN_POINT('',(-12.7,-6.35,0.));
#12529=CARTESIAN_POINT('',(12.7,-6.35,0.));
#12530=CARTESIAN_POINT('',(-12.7,-6.35,0.));
#12531=CARTESIAN_POINT('',(-12.7,6.35,0.));
#12532=CARTESIAN_POINT('',(-12.7,6.35,0.));
#12533=CARTESIAN_POINT('',(12.7,6.35,0.));
#12534=CARTESIAN_POINT('',(12.7,6.35,0.));
#12535=CARTESIAN_POINT('',(12.7,-6.35,0.));
#12536=CARTESIAN_POINT('',(-0.824999999999997,6.25,0.));
#12537=CARTESIAN_POINT('',(9.335,-6.25,0.));
#12538=CARTESIAN_POINT('',(2.985,6.25,0.));
#12539=CARTESIAN_POINT('',(-12.6,4.255,0.));
#12540=CARTESIAN_POINT('',(2.985,-6.25,0.));
#12541=CARTESIAN_POINT('',(-7.175,6.25,0.));
#12542=CARTESIAN_POINT('',(12.6,-3.365,0.));
#12543=CARTESIAN_POINT('',(-0.824999999999999,-6.25,0.));
#12544=CARTESIAN_POINT('',(-12.6,2.985,0.));
#12545=CARTESIAN_POINT('',(-9.715,6.25,0.));
#12546=CARTESIAN_POINT('',(4.255,-6.25,0.));
#12547=CARTESIAN_POINT('',(-4.635,6.25,0.));
#12548=CARTESIAN_POINT('',(12.6,-2.095,0.));
#12549=CARTESIAN_POINT('',(5.525,-6.25,0.));
#12550=CARTESIAN_POINT('',(-7.175,-6.25,0.));
#12551=CARTESIAN_POINT('',(-5.905,6.25,0.));
#12552=CARTESIAN_POINT('',(-12.6,-2.095,0.));
#12553=CARTESIAN_POINT('',(-9.715,-6.25,0.));
#12554=CARTESIAN_POINT('',(12.6,1.715,0.));
#12555=CARTESIAN_POINT('',(-2.095,6.25,0.));
#12556=CARTESIAN_POINT('',(8.065,6.25,0.));
#12557=CARTESIAN_POINT('',(-4.635,-6.25,0.));
#12558=CARTESIAN_POINT('',(-2.095,-6.25,0.));
#12559=CARTESIAN_POINT('',(12.6,-0.825000000000001,0.));
#12560=CARTESIAN_POINT('',(-3.365,6.25,0.));
#12561=CARTESIAN_POINT('',(12.6,4.255,0.));
#12562=CARTESIAN_POINT('',(8.065,-6.25,0.));
#12563=CARTESIAN_POINT('',(4.255,6.25,0.));
#12564=CARTESIAN_POINT('',(-12.6,-0.824999999999997,0.));
#12565=CARTESIAN_POINT('',(12.6,0.444999999999999,0.));
#12566=CARTESIAN_POINT('',(-12.6,1.715,0.));
#12567=CARTESIAN_POINT('',(-8.445,-6.25,0.));
#12568=CARTESIAN_POINT('',(-5.905,-6.25,0.));
#12569=CARTESIAN_POINT('',(9.33500000000001,6.25,0.));
#12570=CARTESIAN_POINT('',(-3.365,-6.25,0.));
#12571=CARTESIAN_POINT('',(-12.6,0.445000000000003,0.));
#12572=CARTESIAN_POINT('',(5.52500000000001,6.25,0.));
#12573=CARTESIAN_POINT('',(-8.445,6.25,0.));
#12574=CARTESIAN_POINT('',(12.6,2.985,0.));
#12575=CARTESIAN_POINT('',(-12.6,-3.365,0.));
#12576=CARTESIAN_POINT('',(6.795,-6.25,0.));
#12577=CARTESIAN_POINT('',(6.79500000000001,6.25,0.));
#12578=CARTESIAN_POINT('Origin',(-0.824999999999999,-4.86,1.));
#12579=CARTESIAN_POINT('',(-1.715,-4.86,1.));
#12580=CARTESIAN_POINT('',(-0.824999999999999,-4.86,1.));
#12581=CARTESIAN_POINT('',(-1.715,-4.86,1.));
#12582=CARTESIAN_POINT('',(-1.715,-4.86,0.6));
#12583=CARTESIAN_POINT('',(-1.715,-4.86,1.));
#12584=CARTESIAN_POINT('',(-0.824999999999999,-4.86,0.6));
#12585=CARTESIAN_POINT('',(-1.715,-4.86,0.6));
#12586=CARTESIAN_POINT('',(-0.824999999999999,-4.86,1.));
#12587=CARTESIAN_POINT('Origin',(-0.824999999999999,-6.25,1.));
#12588=CARTESIAN_POINT('',(-0.824999999999999,-6.25,1.));
#12589=CARTESIAN_POINT('',(-0.824999999999999,-4.86,1.));
#12590=CARTESIAN_POINT('',(-0.824999999999999,-6.25,0.6));
#12591=CARTESIAN_POINT('',(-0.824999999999999,-4.86,0.6));
#12592=CARTESIAN_POINT('',(-0.824999999999999,-6.25,1.));
#12593=CARTESIAN_POINT('Origin',(-1.715,-6.25,1.));
#12594=CARTESIAN_POINT('',(-1.715,-6.25,1.));
#12595=CARTESIAN_POINT('',(-0.824999999999999,-6.25,1.));
#12596=CARTESIAN_POINT('',(12.6,-6.25,0.6));
#12597=CARTESIAN_POINT('',(6.3,-6.25,0.6));
#12598=CARTESIAN_POINT('',(12.6,-6.25,0.4));
#12599=CARTESIAN_POINT('',(-12.6,-6.25,0.6));
#12600=CARTESIAN_POINT('',(-12.6,-6.25,0.4));
#12601=CARTESIAN_POINT('',(-10.605,-6.25,0.6));
#12602=CARTESIAN_POINT('',(6.3,-6.25,0.6));
#12603=CARTESIAN_POINT('',(-10.605,-6.25,1.));
#12604=CARTESIAN_POINT('',(-10.605,-6.25,1.));
#12605=CARTESIAN_POINT('',(-9.715,-6.25,1.));
#12606=CARTESIAN_POINT('',(-9.715,-6.25,1.));
#12607=CARTESIAN_POINT('',(-9.715,-6.25,0.6));
#12608=CARTESIAN_POINT('',(-9.715,-6.25,1.));
#12609=CARTESIAN_POINT('',(-1.715,-6.25,0.6));
#12610=CARTESIAN_POINT('',(6.3,-6.25,0.6));
#12611=CARTESIAN_POINT('',(-1.715,-6.25,1.));
#12612=CARTESIAN_POINT('Origin',(-1.715,-4.86,1.));
#12613=CARTESIAN_POINT('',(-1.715,-6.25,1.));
#12614=CARTESIAN_POINT('',(-1.715,-6.25,0.6));
#12615=CARTESIAN_POINT('Origin',(12.6,-3.365,1.));
#12616=CARTESIAN_POINT('',(11.21,-3.365,1.));
#12617=CARTESIAN_POINT('',(12.6,-3.365,1.));
#12618=CARTESIAN_POINT('',(11.21,-3.365,1.));
#12619=CARTESIAN_POINT('',(11.21,-3.365,0.6));
#12620=CARTESIAN_POINT('',(11.21,-3.365,1.));
#12621=CARTESIAN_POINT('',(12.6,-3.365,0.6));
#12622=CARTESIAN_POINT('',(11.21,-3.365,0.6));
#12623=CARTESIAN_POINT('',(12.6,-3.365,1.));
#12624=CARTESIAN_POINT('Origin',(11.21,-4.255,1.));
#12625=CARTESIAN_POINT('',(12.6,-4.255,1.));
#12626=CARTESIAN_POINT('',(11.21,-4.255,1.));
#12627=CARTESIAN_POINT('',(12.6,-4.255,1.));
#12628=CARTESIAN_POINT('',(12.6,-4.255,0.6));
#12629=CARTESIAN_POINT('',(12.6,-4.255,1.));
#12630=CARTESIAN_POINT('',(11.21,-4.255,0.6));
#12631=CARTESIAN_POINT('',(12.6,-4.255,0.6));
#12632=CARTESIAN_POINT('',(11.21,-4.255,1.));
#12633=CARTESIAN_POINT('Origin',(11.21,-3.365,1.));
#12634=CARTESIAN_POINT('',(11.21,-4.255,1.));
#12635=CARTESIAN_POINT('',(11.21,-4.255,0.6));
#12636=CARTESIAN_POINT('Origin',(-1.715,4.86,1.));
#12637=CARTESIAN_POINT('',(-0.824999999999997,4.86,1.));
#12638=CARTESIAN_POINT('',(-1.715,4.86,1.));
#12639=CARTESIAN_POINT('',(-1.715,4.86,1.));
#12640=CARTESIAN_POINT('',(-0.824999999999997,4.86,0.6));
#12641=CARTESIAN_POINT('',(-0.824999999999997,4.86,1.));
#12642=CARTESIAN_POINT('',(-1.715,4.86,0.6));
#12643=CARTESIAN_POINT('',(-1.715,4.86,0.6));
#12644=CARTESIAN_POINT('',(-1.715,4.86,1.));
#12645=CARTESIAN_POINT('Origin',(-1.715,6.25,1.));
#12646=CARTESIAN_POINT('',(-1.715,6.25,1.));
#12647=CARTESIAN_POINT('',(-1.715,6.25,1.));
#12648=CARTESIAN_POINT('',(-1.715,6.25,0.6));
#12649=CARTESIAN_POINT('',(-1.715,6.25,0.6));
#12650=CARTESIAN_POINT('',(-1.715,6.25,1.));
#12651=CARTESIAN_POINT('Origin',(-0.824999999999997,6.25,1.));
#12652=CARTESIAN_POINT('',(-0.824999999999997,6.25,1.));
#12653=CARTESIAN_POINT('',(-0.824999999999997,6.25,1.));
#12654=CARTESIAN_POINT('',(-9.715,6.25,0.6));
#12655=CARTESIAN_POINT('',(-6.3,6.25,0.6));
#12656=CARTESIAN_POINT('',(-9.715,6.25,1.));
#12657=CARTESIAN_POINT('',(-9.715,6.25,1.));
#12658=CARTESIAN_POINT('',(-10.605,6.25,1.));
#12659=CARTESIAN_POINT('',(-9.715,6.25,1.));
#12660=CARTESIAN_POINT('',(-10.605,6.25,0.6));
#12661=CARTESIAN_POINT('',(-10.605,6.25,1.));
#12662=CARTESIAN_POINT('',(-12.6,6.25,0.6));
#12663=CARTESIAN_POINT('',(-6.3,6.25,0.6));
#12664=CARTESIAN_POINT('',(-12.6,6.25,0.4));
#12665=CARTESIAN_POINT('',(12.6,6.25,0.6));
#12666=CARTESIAN_POINT('',(12.6,6.25,0.4));
#12667=CARTESIAN_POINT('',(-0.824999999999997,6.25,0.6));
#12668=CARTESIAN_POINT('',(-6.3,6.25,0.6));
#12669=CARTESIAN_POINT('',(-0.824999999999997,6.25,1.));
#12670=CARTESIAN_POINT('Origin',(-0.824999999999997,4.86,1.));
#12671=CARTESIAN_POINT('',(-0.824999999999997,4.86,1.));
#12672=CARTESIAN_POINT('',(-0.824999999999997,4.86,0.6));
#12673=CARTESIAN_POINT('Origin',(11.21,3.365,1.));
#12674=CARTESIAN_POINT('',(12.6,3.365,1.));
#12675=CARTESIAN_POINT('',(11.21,3.365,1.));
#12676=CARTESIAN_POINT('',(12.6,3.365,1.));
#12677=CARTESIAN_POINT('',(12.6,3.365,0.6));
#12678=CARTESIAN_POINT('',(12.6,3.365,1.));
#12679=CARTESIAN_POINT('',(11.21,3.365,0.6));
#12680=CARTESIAN_POINT('',(12.6,3.365,0.6));
#12681=CARTESIAN_POINT('',(11.21,3.365,1.));
#12682=CARTESIAN_POINT('Origin',(11.21,4.255,1.));
#12683=CARTESIAN_POINT('',(11.21,4.255,1.));
#12684=CARTESIAN_POINT('',(11.21,3.365,1.));
#12685=CARTESIAN_POINT('',(11.21,4.255,0.6));
#12686=CARTESIAN_POINT('',(11.21,3.365,0.6));
#12687=CARTESIAN_POINT('',(11.21,4.255,1.));
#12688=CARTESIAN_POINT('Origin',(12.6,4.255,1.));
#12689=CARTESIAN_POINT('',(12.6,4.255,1.));
#12690=CARTESIAN_POINT('',(11.21,4.255,1.));
#12691=CARTESIAN_POINT('',(12.6,4.255,0.6));
#12692=CARTESIAN_POINT('',(11.21,4.255,0.6));
#12693=CARTESIAN_POINT('',(12.6,4.255,1.));
#12694=CARTESIAN_POINT('Origin',(12.6,3.365,1.));
#12695=CARTESIAN_POINT('',(12.6,4.255,1.));
#12696=CARTESIAN_POINT('',(12.6,3.125,0.6));
#12697=CARTESIAN_POINT('',(12.6,3.125,0.6));
#12698=CARTESIAN_POINT('',(12.6,-3.365,1.));
#12699=CARTESIAN_POINT('',(12.6,3.125,0.6));
#12700=CARTESIAN_POINT('Origin',(-12.6,4.255,1.));
#12701=CARTESIAN_POINT('',(-12.6,3.365,1.));
#12702=CARTESIAN_POINT('',(-12.6,4.255,1.));
#12703=CARTESIAN_POINT('',(-12.6,4.255,1.));
#12704=CARTESIAN_POINT('',(-12.6,3.365,0.6));
#12705=CARTESIAN_POINT('',(-12.6,3.365,1.));
#12706=CARTESIAN_POINT('',(-12.6,-3.365,0.6));
#12707=CARTESIAN_POINT('',(-12.6,-3.125,0.6));
#12708=CARTESIAN_POINT('',(-12.6,-3.365,1.));
#12709=CARTESIAN_POINT('',(-12.6,-3.365,1.));
#12710=CARTESIAN_POINT('',(-12.6,-4.255,1.));
#12711=CARTESIAN_POINT('',(-12.6,-3.365,1.));
#12712=CARTESIAN_POINT('',(-12.6,-4.255,0.6));
#12713=CARTESIAN_POINT('',(-12.6,-4.255,1.));
#12714=CARTESIAN_POINT('',(-12.6,-3.125,0.6));
#12715=CARTESIAN_POINT('',(-12.6,4.255,0.6));
#12716=CARTESIAN_POINT('',(-12.6,-3.125,0.6));
#12717=CARTESIAN_POINT('',(-12.6,4.255,1.));
#12718=CARTESIAN_POINT('Origin',(-11.21,4.255,1.));
#12719=CARTESIAN_POINT('',(-11.21,4.255,1.));
#12720=CARTESIAN_POINT('',(-11.21,4.255,1.));
#12721=CARTESIAN_POINT('',(-11.21,4.255,0.6));
#12722=CARTESIAN_POINT('',(-11.21,4.255,0.6));
#12723=CARTESIAN_POINT('',(-11.21,4.255,1.));
#12724=CARTESIAN_POINT('Origin',(-11.21,3.365,1.));
#12725=CARTESIAN_POINT('',(-11.21,3.365,1.));
#12726=CARTESIAN_POINT('',(-11.21,3.365,1.));
#12727=CARTESIAN_POINT('',(-11.21,3.365,0.6));
#12728=CARTESIAN_POINT('',(-11.21,3.365,0.6));
#12729=CARTESIAN_POINT('',(-11.21,3.365,1.));
#12730=CARTESIAN_POINT('Origin',(-12.6,3.365,1.));
#12731=CARTESIAN_POINT('',(-12.6,3.365,1.));
#12732=CARTESIAN_POINT('',(-12.6,3.365,0.6));
#12733=CARTESIAN_POINT('Origin',(-11.21,-3.365,1.));
#12734=CARTESIAN_POINT('',(-11.21,-3.365,1.));
#12735=CARTESIAN_POINT('',(-11.21,-3.365,1.));
#12736=CARTESIAN_POINT('',(-11.21,-3.365,0.6));
#12737=CARTESIAN_POINT('',(-11.21,-3.365,0.6));
#12738=CARTESIAN_POINT('',(-11.21,-3.365,1.));
#12739=CARTESIAN_POINT('Origin',(-11.21,-4.255,1.));
#12740=CARTESIAN_POINT('',(-11.21,-4.255,1.));
#12741=CARTESIAN_POINT('',(-11.21,-4.255,1.));
#12742=CARTESIAN_POINT('',(-11.21,-4.255,0.6));
#12743=CARTESIAN_POINT('',(-11.21,-4.255,0.6));
#12744=CARTESIAN_POINT('',(-11.21,-4.255,1.));
#12745=CARTESIAN_POINT('Origin',(-12.6,-4.255,1.));
#12746=CARTESIAN_POINT('',(-12.6,-4.255,1.));
#12747=CARTESIAN_POINT('',(-12.6,-4.255,0.6));
#12748=CARTESIAN_POINT('Origin',(-10.605,6.25,1.));
#12749=CARTESIAN_POINT('',(-10.605,4.86,1.));
#12750=CARTESIAN_POINT('',(-10.605,6.25,1.));
#12751=CARTESIAN_POINT('',(-10.605,4.86,0.6));
#12752=CARTESIAN_POINT('',(-10.605,4.86,1.));
#12753=CARTESIAN_POINT('',(-10.605,6.25,0.6));
#12754=CARTESIAN_POINT('Origin',(-9.715,4.86,1.));
#12755=CARTESIAN_POINT('',(-9.715,4.86,1.));
#12756=CARTESIAN_POINT('',(-9.715,4.86,1.));
#12757=CARTESIAN_POINT('',(-9.715,4.86,0.6));
#12758=CARTESIAN_POINT('',(-9.715,4.86,0.6));
#12759=CARTESIAN_POINT('',(-9.715,4.86,1.));
#12760=CARTESIAN_POINT('Origin',(-10.605,4.86,1.));
#12761=CARTESIAN_POINT('',(-10.605,4.86,1.));
#12762=CARTESIAN_POINT('',(-10.605,4.86,0.6));
#12763=CARTESIAN_POINT('Origin',(-10.605,-4.86,1.));
#12764=CARTESIAN_POINT('',(-10.605,-4.86,1.));
#12765=CARTESIAN_POINT('',(-10.605,-6.25,1.));
#12766=CARTESIAN_POINT('',(-10.605,-4.86,0.6));
#12767=CARTESIAN_POINT('',(-10.605,-6.25,0.6));
#12768=CARTESIAN_POINT('',(-10.605,-4.86,1.));
#12769=CARTESIAN_POINT('Origin',(-9.715,-4.86,1.));
#12770=CARTESIAN_POINT('',(-9.715,-4.86,1.));
#12771=CARTESIAN_POINT('',(-10.605,-4.86,1.));
#12772=CARTESIAN_POINT('',(-9.715,-4.86,0.6));
#12773=CARTESIAN_POINT('',(-10.605,-4.86,0.6));
#12774=CARTESIAN_POINT('',(-9.715,-4.86,1.));
#12775=CARTESIAN_POINT('Origin',(-9.715,-6.25,1.));
#12776=CARTESIAN_POINT('',(-9.715,-4.86,1.));
#12777=CARTESIAN_POINT('',(-9.715,-4.86,0.6));
#12778=CARTESIAN_POINT('Origin',(12.7,6.35,1.));
#12779=CARTESIAN_POINT('',(12.7,-6.35,1.));
#12780=CARTESIAN_POINT('',(12.7,6.35,1.));
#12781=CARTESIAN_POINT('',(12.7,-6.35,1.));
#12782=CARTESIAN_POINT('',(12.7,-6.35,1.));
#12783=CARTESIAN_POINT('',(12.7,6.35,1.));
#12784=CARTESIAN_POINT('Origin',(-12.7,6.35,1.));
#12785=CARTESIAN_POINT('',(-12.7,6.35,1.));
#12786=CARTESIAN_POINT('',(12.7,6.35,1.));
#12787=CARTESIAN_POINT('',(-12.7,6.35,1.));
#12788=CARTESIAN_POINT('Origin',(-12.7,-6.35,1.));
#12789=CARTESIAN_POINT('',(-12.7,-6.35,1.));
#12790=CARTESIAN_POINT('',(-12.7,6.35,1.));
#12791=CARTESIAN_POINT('',(-12.7,-6.35,1.));
#12792=CARTESIAN_POINT('Origin',(12.7,-6.35,1.));
#12793=CARTESIAN_POINT('',(-12.7,-6.35,1.));
#12794=CARTESIAN_POINT('Origin',(0.,0.,1.));
#12795=CARTESIAN_POINT('Origin',(0.,0.,0.6));
#12796=CARTESIAN_POINT('Origin',(11.4,5.05,3.3));
#12797=CARTESIAN_POINT('',(11.8,5.05,3.3));
#12798=CARTESIAN_POINT('',(11.4,5.05,3.7));
#12799=CARTESIAN_POINT('Origin',(11.4,5.05,3.3));
#12800=CARTESIAN_POINT('',(11.4,5.45,3.3));
#12801=CARTESIAN_POINT('Origin',(11.4,5.05,3.3));
#12802=CARTESIAN_POINT('Origin',(11.4,5.05,3.3));
#12803=CARTESIAN_POINT('Origin',(11.4,5.05,1.));
#12804=CARTESIAN_POINT('',(11.8,5.05,1.));
#12805=CARTESIAN_POINT('',(11.4,5.45,1.));
#12806=CARTESIAN_POINT('Origin',(11.4,5.05,1.));
#12807=CARTESIAN_POINT('',(11.4,5.45,1.));
#12808=CARTESIAN_POINT('',(11.8,5.05,1.));
#12809=CARTESIAN_POINT('Origin',(11.4,-5.05,3.3));
#12810=CARTESIAN_POINT('',(11.4,-5.45,3.3));
#12811=CARTESIAN_POINT('',(11.4,-5.05,3.7));
#12812=CARTESIAN_POINT('Origin',(11.4,-5.05,3.3));
#12813=CARTESIAN_POINT('',(11.8,-5.05,3.3));
#12814=CARTESIAN_POINT('Origin',(11.4,-5.05,3.3));
#12815=CARTESIAN_POINT('Origin',(11.4,-5.05,3.3));
#12816=CARTESIAN_POINT('Origin',(11.4,-5.05,1.));
#12817=CARTESIAN_POINT('',(11.4,-5.45,1.));
#12818=CARTESIAN_POINT('',(11.8,-5.05,1.));
#12819=CARTESIAN_POINT('Origin',(11.4,-5.05,1.));
#12820=CARTESIAN_POINT('',(11.8,-5.05,1.));
#12821=CARTESIAN_POINT('',(11.4,-5.45,1.));
#12822=CARTESIAN_POINT('Origin',(11.4,-2.725,3.3));
#12823=CARTESIAN_POINT('',(11.4,-2.725,3.7));
#12824=CARTESIAN_POINT('',(11.8,-2.725,3.3));
#12825=CARTESIAN_POINT('Origin',(-11.4,5.05,3.3));
#12826=CARTESIAN_POINT('',(-11.4,5.45,3.3));
#12827=CARTESIAN_POINT('',(-11.4,5.05,3.7));
#12828=CARTESIAN_POINT('Origin',(-11.4,5.05,3.3));
#12829=CARTESIAN_POINT('',(-11.8,5.05,3.3));
#12830=CARTESIAN_POINT('Origin',(-11.4,5.05,3.3));
#12831=CARTESIAN_POINT('Origin',(-11.4,5.05,3.3));
#12832=CARTESIAN_POINT('Origin',(-11.4,5.05,1.));
#12833=CARTESIAN_POINT('',(-11.4,5.45,1.));
#12834=CARTESIAN_POINT('',(-11.8,5.05,1.));
#12835=CARTESIAN_POINT('Origin',(-11.4,5.05,1.));
#12836=CARTESIAN_POINT('',(-11.8,5.05,1.));
#12837=CARTESIAN_POINT('',(-11.4,5.45,1.));
#12838=CARTESIAN_POINT('Origin',(-11.4,-5.05,3.3));
#12839=CARTESIAN_POINT('',(-11.8,-5.05,3.3));
#12840=CARTESIAN_POINT('',(-11.4,-5.05,3.7));
#12841=CARTESIAN_POINT('Origin',(-11.4,-5.05,3.3));
#12842=CARTESIAN_POINT('',(-11.4,-5.45,3.3));
#12843=CARTESIAN_POINT('Origin',(-11.4,-5.05,3.3));
#12844=CARTESIAN_POINT('Origin',(-11.4,-5.05,3.3));
#12845=CARTESIAN_POINT('Origin',(-11.4,-5.05,1.));
#12846=CARTESIAN_POINT('',(-11.8,-5.05,1.));
#12847=CARTESIAN_POINT('',(-11.4,-5.45,1.));
#12848=CARTESIAN_POINT('Origin',(-11.4,-5.05,1.));
#12849=CARTESIAN_POINT('',(-11.4,-5.45,1.));
#12850=CARTESIAN_POINT('',(-11.8,-5.05,1.));
#12851=CARTESIAN_POINT('Origin',(-5.9,-5.05,3.3));
#12852=CARTESIAN_POINT('',(-5.9,-5.05,3.7));
#12853=CARTESIAN_POINT('',(-5.9,-5.45,3.3));
#12854=CARTESIAN_POINT('Origin',(-11.4,2.725,3.3));
#12855=CARTESIAN_POINT('',(-11.4,2.725,3.7));
#12856=CARTESIAN_POINT('',(-11.8,2.725,3.3));
#12857=CARTESIAN_POINT('Origin',(5.9,5.05,3.3));
#12858=CARTESIAN_POINT('',(5.9,5.05,3.7));
#12859=CARTESIAN_POINT('',(5.9,5.45,3.3));
#12860=CARTESIAN_POINT('Origin',(11.8,-5.45,1.));
#12861=CARTESIAN_POINT('',(11.8,-4.255,1.));
#12862=CARTESIAN_POINT('',(11.8,5.45,1.));
#12863=CARTESIAN_POINT('',(11.8,-3.365,1.));
#12864=CARTESIAN_POINT('',(11.8,-4.63,1.));
#12865=CARTESIAN_POINT('',(11.8,3.365,1.));
#12866=CARTESIAN_POINT('',(11.8,5.45,1.));
#12867=CARTESIAN_POINT('',(11.8,4.255,1.));
#12868=CARTESIAN_POINT('',(11.8,-0.820000000000002,1.));
#12869=CARTESIAN_POINT('',(11.8,5.45,1.));
#12870=CARTESIAN_POINT('Origin',(-11.8,-5.45,1.));
#12871=CARTESIAN_POINT('',(-10.605,-5.45,1.));
#12872=CARTESIAN_POINT('',(11.8,-5.45,1.));
#12873=CARTESIAN_POINT('',(-9.715,-5.45,1.));
#12874=CARTESIAN_POINT('',(-10.98,-5.45,1.));
#12875=CARTESIAN_POINT('',(-1.715,-5.45,1.));
#12876=CARTESIAN_POINT('',(11.8,-5.45,1.));
#12877=CARTESIAN_POINT('',(-0.824999999999998,-5.45,1.));
#12878=CARTESIAN_POINT('',(-6.535,-5.45,1.));
#12879=CARTESIAN_POINT('',(11.8,-5.45,1.));
#12880=CARTESIAN_POINT('Origin',(0.,0.,3.7));
#12881=CARTESIAN_POINT('',(-10.13,3.38,3.7));
#12882=CARTESIAN_POINT('Origin',(-10.13,3.78,3.7));
#12883=CARTESIAN_POINT('Origin',(-10.13,3.78,3.7));
#12884=CARTESIAN_POINT('',(-10.13,3.38,3.45));
#12885=CARTESIAN_POINT('',(-10.13,3.38,3.7));
#12886=CARTESIAN_POINT('Origin',(-10.13,3.78,3.45));
#12887=CARTESIAN_POINT('Origin',(-10.13,3.78,3.45));
#12888=CARTESIAN_POINT('Origin',(-11.8,5.45,1.));
#12889=CARTESIAN_POINT('',(-11.8,4.255,1.));
#12890=CARTESIAN_POINT('',(-11.8,-5.45,1.));
#12891=CARTESIAN_POINT('',(-11.8,3.365,1.));
#12892=CARTESIAN_POINT('',(-11.8,4.63,1.));
#12893=CARTESIAN_POINT('',(-11.8,-3.365,1.));
#12894=CARTESIAN_POINT('',(-11.8,-5.45,1.));
#12895=CARTESIAN_POINT('',(-11.8,-4.255,1.));
#12896=CARTESIAN_POINT('',(-11.8,0.820000000000003,1.));
#12897=CARTESIAN_POINT('',(-11.8,-5.45,1.));
#12898=CARTESIAN_POINT('Origin',(11.8,5.45,1.));
#12899=CARTESIAN_POINT('',(-0.824999999999996,5.45,1.));
#12900=CARTESIAN_POINT('',(-11.8,5.45,1.));
#12901=CARTESIAN_POINT('',(-1.715,5.45,1.));
#12902=CARTESIAN_POINT('',(5.265,5.45,1.));
#12903=CARTESIAN_POINT('',(-9.715,5.45,1.));
#12904=CARTESIAN_POINT('',(-11.8,5.45,1.));
#12905=CARTESIAN_POINT('',(-10.605,5.45,1.));
#12906=CARTESIAN_POINT('',(0.820000000000003,5.45,1.));
#12907=CARTESIAN_POINT('',(-11.8,5.45,1.));
#12908=CARTESIAN_POINT('Origin',(0.,0.,1.));
#12909=CARTESIAN_POINT('',(11.21,-4.255,1.));
#12910=CARTESIAN_POINT('',(12.6,-4.255,1.));
#12911=CARTESIAN_POINT('',(-0.824999999999999,-4.86,1.));
#12912=CARTESIAN_POINT('',(-0.824999999999999,-4.86,1.));
#12913=CARTESIAN_POINT('',(-1.715,-4.86,1.));
#12914=CARTESIAN_POINT('',(-1.715,-4.86,1.));
#12915=CARTESIAN_POINT('',(-1.715,-6.25,1.));
#12916=CARTESIAN_POINT('',(-9.715,-4.86,1.));
#12917=CARTESIAN_POINT('',(-9.715,-4.86,1.));
#12918=CARTESIAN_POINT('',(-10.605,-4.86,1.));
#12919=CARTESIAN_POINT('',(-10.605,-4.86,1.));
#12920=CARTESIAN_POINT('',(-10.605,-6.25,1.));
#12921=CARTESIAN_POINT('',(-11.21,-4.255,1.));
#12922=CARTESIAN_POINT('',(-12.6,-4.255,1.));
#12923=CARTESIAN_POINT('',(-11.21,-3.365,1.));
#12924=CARTESIAN_POINT('',(-11.21,-4.255,1.));
#12925=CARTESIAN_POINT('',(-11.21,-3.365,1.));
#12926=CARTESIAN_POINT('',(-11.21,3.365,1.));
#12927=CARTESIAN_POINT('',(-12.6,3.365,1.));
#12928=CARTESIAN_POINT('',(-11.21,4.255,1.));
#12929=CARTESIAN_POINT('',(-11.21,3.365,1.));
#12930=CARTESIAN_POINT('',(-11.21,4.255,1.));
#12931=CARTESIAN_POINT('',(-10.605,4.86,1.));
#12932=CARTESIAN_POINT('',(-10.605,6.25,1.));
#12933=CARTESIAN_POINT('',(-9.715,4.86,1.));
#12934=CARTESIAN_POINT('',(-10.605,4.86,1.));
#12935=CARTESIAN_POINT('',(-9.715,4.86,1.));
#12936=CARTESIAN_POINT('',(-1.715,4.86,1.));
#12937=CARTESIAN_POINT('',(-1.715,6.25,1.));
#12938=CARTESIAN_POINT('',(-0.824999999999997,4.86,1.));
#12939=CARTESIAN_POINT('',(-1.715,4.86,1.));
#12940=CARTESIAN_POINT('',(-0.824999999999997,4.86,1.));
#12941=CARTESIAN_POINT('',(11.21,4.255,1.));
#12942=CARTESIAN_POINT('',(11.21,4.255,1.));
#12943=CARTESIAN_POINT('',(11.21,3.365,1.));
#12944=CARTESIAN_POINT('',(11.21,3.365,1.));
#12945=CARTESIAN_POINT('',(12.6,3.365,1.));
#12946=CARTESIAN_POINT('',(11.21,-3.365,1.));
#12947=CARTESIAN_POINT('',(11.21,-3.365,1.));
#12948=CARTESIAN_POINT('',(11.21,-4.255,1.));
#12949=CARTESIAN_POINT('Origin',(11.21,3.365,0.));
#12950=CARTESIAN_POINT('',(12.6,3.365,0.));
#12951=CARTESIAN_POINT('',(11.21,3.365,0.));
#12952=CARTESIAN_POINT('',(12.6,3.365,0.));
#12953=CARTESIAN_POINT('',(12.6,3.365,0.4));
#12954=CARTESIAN_POINT('',(12.6,3.365,0.));
#12955=CARTESIAN_POINT('',(11.21,3.365,0.4));
#12956=CARTESIAN_POINT('',(0.524999999999999,3.365,0.4));
#12957=CARTESIAN_POINT('',(11.21,3.365,0.));
#12958=CARTESIAN_POINT('Origin',(11.21,4.255,0.));
#12959=CARTESIAN_POINT('',(11.21,4.255,0.));
#12960=CARTESIAN_POINT('',(11.21,3.365,0.));
#12961=CARTESIAN_POINT('',(11.21,4.255,0.4));
#12962=CARTESIAN_POINT('',(11.21,-0.650000000000002,0.4));
#12963=CARTESIAN_POINT('',(11.21,4.255,0.));
#12964=CARTESIAN_POINT('Origin',(12.6,4.255,0.));
#12965=CARTESIAN_POINT('',(12.6,4.255,0.));
#12966=CARTESIAN_POINT('',(11.21,4.255,0.));
#12967=CARTESIAN_POINT('',(12.6,4.255,0.4));
#12968=CARTESIAN_POINT('',(1.22,4.255,0.4));
#12969=CARTESIAN_POINT('',(12.6,4.255,0.));
#12970=CARTESIAN_POINT('Origin',(11.905,3.81,0.));
#12971=CARTESIAN_POINT('',(12.6,4.255,0.));
#12972=CARTESIAN_POINT('Origin',(-10.16,-5.555,0.4));
#12973=CARTESIAN_POINT('',(12.6,2.985,0.4));
#12974=CARTESIAN_POINT('',(12.6,1.715,0.4));
#12975=CARTESIAN_POINT('',(11.21,2.985,0.4));
#12976=CARTESIAN_POINT('',(11.21,2.985,0.4));
#12977=CARTESIAN_POINT('',(11.21,2.095,0.4));
#12978=CARTESIAN_POINT('',(11.21,2.095,0.4));
#12979=CARTESIAN_POINT('',(12.6,2.095,0.4));
#12980=CARTESIAN_POINT('',(12.6,2.095,0.4));
#12981=CARTESIAN_POINT('',(12.6,1.715,0.4));
#12982=CARTESIAN_POINT('',(12.6,1.715,0.4));
#12983=CARTESIAN_POINT('',(11.21,1.715,0.4));
#12984=CARTESIAN_POINT('',(11.21,1.715,0.4));
#12985=CARTESIAN_POINT('',(11.21,0.824999999999999,0.4));
#12986=CARTESIAN_POINT('',(11.21,0.824999999999999,0.4));
#12987=CARTESIAN_POINT('',(12.6,0.824999999999999,0.4));
#12988=CARTESIAN_POINT('',(12.6,0.824999999999999,0.4));
#12989=CARTESIAN_POINT('',(12.6,0.444999999999999,0.4));
#12990=CARTESIAN_POINT('',(12.6,1.715,0.4));
#12991=CARTESIAN_POINT('',(11.21,0.444999999999999,0.4));
#12992=CARTESIAN_POINT('',(11.21,0.444999999999999,0.4));
#12993=CARTESIAN_POINT('',(11.21,-0.445000000000001,0.4));
#12994=CARTESIAN_POINT('',(11.21,-0.445000000000001,0.4));
#12995=CARTESIAN_POINT('',(12.6,-0.445000000000001,0.4));
#12996=CARTESIAN_POINT('',(12.6,-0.445000000000001,0.4));
#12997=CARTESIAN_POINT('',(12.6,-0.825000000000001,0.4));
#12998=CARTESIAN_POINT('',(12.6,1.715,0.4));
#12999=CARTESIAN_POINT('',(11.21,-0.825000000000001,0.4));
#13000=CARTESIAN_POINT('',(1.22,-0.824999999999999,0.4));
#13001=CARTESIAN_POINT('',(11.21,-1.715,0.4));
#13002=CARTESIAN_POINT('',(11.21,-3.19,0.4));
#13003=CARTESIAN_POINT('',(12.6,-1.715,0.4));
#13004=CARTESIAN_POINT('',(0.524999999999999,-1.715,0.4));
#13005=CARTESIAN_POINT('',(12.6,-2.095,0.4));
#13006=CARTESIAN_POINT('',(12.6,1.715,0.4));
#13007=CARTESIAN_POINT('',(11.21,-2.095,0.4));
#13008=CARTESIAN_POINT('',(11.21,-2.095,0.4));
#13009=CARTESIAN_POINT('',(11.21,-2.985,0.4));
#13010=CARTESIAN_POINT('',(11.21,-2.985,0.4));
#13011=CARTESIAN_POINT('',(12.6,-2.985,0.4));
#13012=CARTESIAN_POINT('',(12.6,-2.985,0.4));
#13013=CARTESIAN_POINT('',(12.6,-3.365,0.4));
#13014=CARTESIAN_POINT('',(12.6,1.715,0.4));
#13015=CARTESIAN_POINT('',(11.21,-3.365,0.4));
#13016=CARTESIAN_POINT('',(1.22,-3.365,0.4));
#13017=CARTESIAN_POINT('',(11.21,-4.255,0.4));
#13018=CARTESIAN_POINT('',(11.21,-4.46,0.4));
#13019=CARTESIAN_POINT('',(12.6,-4.255,0.4));
#13020=CARTESIAN_POINT('',(0.524999999999999,-4.255,0.4));
#13021=CARTESIAN_POINT('',(12.6,-6.25,0.4));
#13022=CARTESIAN_POINT('',(12.6,1.715,0.4));
#13023=CARTESIAN_POINT('',(9.335,-6.25,0.4));
#13024=CARTESIAN_POINT('',(-9.715,-6.25,0.4));
#13025=CARTESIAN_POINT('',(9.335,-4.86,0.4));
#13026=CARTESIAN_POINT('',(9.335,-5.9025,0.4));
#13027=CARTESIAN_POINT('',(8.445,-4.86,0.4));
#13028=CARTESIAN_POINT('',(-0.412499999999999,-4.86,0.4));
#13029=CARTESIAN_POINT('',(8.445,-6.25,0.4));
#13030=CARTESIAN_POINT('',(8.445,-5.2075,0.4));
#13031=CARTESIAN_POINT('',(8.065,-6.25,0.4));
#13032=CARTESIAN_POINT('',(-9.715,-6.25,0.4));
#13033=CARTESIAN_POINT('',(8.065,-4.86,0.4));
#13034=CARTESIAN_POINT('',(8.065,-4.86,0.4));
#13035=CARTESIAN_POINT('',(7.175,-4.86,0.4));
#13036=CARTESIAN_POINT('',(7.175,-4.86,0.4));
#13037=CARTESIAN_POINT('',(7.175,-6.25,0.4));
#13038=CARTESIAN_POINT('',(7.175,-6.25,0.4));
#13039=CARTESIAN_POINT('',(6.795,-6.25,0.4));
#13040=CARTESIAN_POINT('',(-9.715,-6.25,0.4));
#13041=CARTESIAN_POINT('',(6.795,-4.86,0.4));
#13042=CARTESIAN_POINT('',(6.795,-4.86,0.4));
#13043=CARTESIAN_POINT('',(5.905,-4.86,0.4));
#13044=CARTESIAN_POINT('',(5.905,-4.86,0.4));
#13045=CARTESIAN_POINT('',(5.905,-6.25,0.4));
#13046=CARTESIAN_POINT('',(5.905,-6.25,0.4));
#13047=CARTESIAN_POINT('',(5.525,-6.25,0.4));
#13048=CARTESIAN_POINT('',(-9.715,-6.25,0.4));
#13049=CARTESIAN_POINT('',(5.525,-4.86,0.4));
#13050=CARTESIAN_POINT('',(5.525,-5.9025,0.4));
#13051=CARTESIAN_POINT('',(4.635,-4.86,0.4));
#13052=CARTESIAN_POINT('',(-2.3175,-4.86,0.4));
#13053=CARTESIAN_POINT('',(4.635,-6.25,0.4));
#13054=CARTESIAN_POINT('',(4.635,-5.2075,0.4));
#13055=CARTESIAN_POINT('',(4.255,-6.25,0.4));
#13056=CARTESIAN_POINT('',(-9.715,-6.25,0.4));
#13057=CARTESIAN_POINT('',(4.255,-4.86,0.4));
#13058=CARTESIAN_POINT('',(4.255,-4.86,0.4));
#13059=CARTESIAN_POINT('',(3.365,-4.86,0.4));
#13060=CARTESIAN_POINT('',(3.365,-4.86,0.4));
#13061=CARTESIAN_POINT('',(3.365,-6.25,0.4));
#13062=CARTESIAN_POINT('',(3.365,-6.25,0.4));
#13063=CARTESIAN_POINT('',(2.985,-6.25,0.4));
#13064=CARTESIAN_POINT('',(-9.715,-6.25,0.4));
#13065=CARTESIAN_POINT('',(2.985,-4.86,0.4));
#13066=CARTESIAN_POINT('',(2.985,-5.9025,0.4));
#13067=CARTESIAN_POINT('',(2.095,-4.86,0.4));
#13068=CARTESIAN_POINT('',(-3.5875,-4.86,0.4));
#13069=CARTESIAN_POINT('',(2.095,-6.25,0.4));
#13070=CARTESIAN_POINT('',(2.095,-5.2075,0.4));
#13071=CARTESIAN_POINT('',(-0.824999999999999,-6.25,0.4));
#13072=CARTESIAN_POINT('',(-9.715,-6.25,0.4));
#13073=CARTESIAN_POINT('',(-0.824999999999999,-4.86,0.4));
#13074=CARTESIAN_POINT('',(-0.824999999999999,-5.9025,0.4));
#13075=CARTESIAN_POINT('',(-1.715,-4.86,0.4));
#13076=CARTESIAN_POINT('',(-5.4925,-4.86,0.4));
#13077=CARTESIAN_POINT('',(-1.715,-6.25,0.4));
#13078=CARTESIAN_POINT('',(-1.715,-5.2075,0.4));
#13079=CARTESIAN_POINT('',(-2.095,-6.25,0.4));
#13080=CARTESIAN_POINT('',(-9.715,-6.25,0.4));
#13081=CARTESIAN_POINT('',(-2.095,-4.86,0.4));
#13082=CARTESIAN_POINT('',(-2.095,-5.9025,0.4));
#13083=CARTESIAN_POINT('',(-2.985,-4.86,0.4));
#13084=CARTESIAN_POINT('',(-6.1275,-4.86,0.4));
#13085=CARTESIAN_POINT('',(-2.985,-6.25,0.4));
#13086=CARTESIAN_POINT('',(-2.985,-5.2075,0.4));
#13087=CARTESIAN_POINT('',(-3.365,-6.25,0.4));
#13088=CARTESIAN_POINT('',(-9.715,-6.25,0.4));
#13089=CARTESIAN_POINT('',(-3.365,-4.86,0.4));
#13090=CARTESIAN_POINT('',(-3.365,-5.9025,0.4));
#13091=CARTESIAN_POINT('',(-4.255,-4.86,0.4));
#13092=CARTESIAN_POINT('',(-6.7625,-4.86,0.4));
#13093=CARTESIAN_POINT('',(-4.255,-6.25,0.4));
#13094=CARTESIAN_POINT('',(-4.255,-5.2075,0.4));
#13095=CARTESIAN_POINT('',(-4.635,-6.25,0.4));
#13096=CARTESIAN_POINT('',(-9.715,-6.25,0.4));
#13097=CARTESIAN_POINT('',(-4.635,-4.86,0.4));
#13098=CARTESIAN_POINT('',(-4.635,-5.9025,0.4));
#13099=CARTESIAN_POINT('',(-5.525,-4.86,0.4));
#13100=CARTESIAN_POINT('',(-7.3975,-4.86,0.4));
#13101=CARTESIAN_POINT('',(-5.525,-6.25,0.4));
#13102=CARTESIAN_POINT('',(-5.525,-5.2075,0.4));
#13103=CARTESIAN_POINT('',(-5.905,-6.25,0.4));
#13104=CARTESIAN_POINT('',(-9.715,-6.25,0.4));
#13105=CARTESIAN_POINT('',(-5.905,-4.86,0.4));
#13106=CARTESIAN_POINT('',(-5.905,-5.9025,0.4));
#13107=CARTESIAN_POINT('',(-6.795,-4.86,0.4));
#13108=CARTESIAN_POINT('',(-8.0325,-4.86,0.4));
#13109=CARTESIAN_POINT('',(-6.795,-6.25,0.4));
#13110=CARTESIAN_POINT('',(-6.795,-5.2075,0.4));
#13111=CARTESIAN_POINT('',(-7.175,-6.25,0.4));
#13112=CARTESIAN_POINT('',(-9.715,-6.25,0.4));
#13113=CARTESIAN_POINT('',(-7.175,-4.86,0.4));
#13114=CARTESIAN_POINT('',(-7.175,-5.9025,0.4));
#13115=CARTESIAN_POINT('',(-8.065,-4.86,0.4));
#13116=CARTESIAN_POINT('',(-8.6675,-4.86,0.4));
#13117=CARTESIAN_POINT('',(-8.065,-6.25,0.4));
#13118=CARTESIAN_POINT('',(-8.065,-5.2075,0.4));
#13119=CARTESIAN_POINT('',(-8.445,-6.25,0.4));
#13120=CARTESIAN_POINT('',(-9.715,-6.25,0.4));
#13121=CARTESIAN_POINT('',(-8.445,-4.86,0.4));
#13122=CARTESIAN_POINT('',(-8.445,-5.9025,0.4));
#13123=CARTESIAN_POINT('',(-9.335,-4.86,0.4));
#13124=CARTESIAN_POINT('',(-9.3025,-4.86,0.4));
#13125=CARTESIAN_POINT('',(-9.335,-6.25,0.4));
#13126=CARTESIAN_POINT('',(-9.335,-5.2075,0.4));
#13127=CARTESIAN_POINT('',(-9.715,-6.25,0.4));
#13128=CARTESIAN_POINT('',(-9.715,-6.25,0.4));
#13129=CARTESIAN_POINT('',(-9.715,-4.86,0.4));
#13130=CARTESIAN_POINT('',(-9.715,-5.9025,0.4));
#13131=CARTESIAN_POINT('',(-10.605,-4.86,0.4));
#13132=CARTESIAN_POINT('',(-9.9375,-4.86,0.4));
#13133=CARTESIAN_POINT('',(-10.605,-6.25,0.4));
#13134=CARTESIAN_POINT('',(-10.605,-5.2075,0.4));
#13135=CARTESIAN_POINT('',(-12.6,-6.25,0.4));
#13136=CARTESIAN_POINT('',(-9.715,-6.25,0.4));
#13137=CARTESIAN_POINT('',(-12.6,-4.255,0.4));
#13138=CARTESIAN_POINT('',(-12.6,4.255,0.4));
#13139=CARTESIAN_POINT('',(-11.21,-4.255,0.4));
#13140=CARTESIAN_POINT('',(-11.38,-4.255,0.4));
#13141=CARTESIAN_POINT('',(-11.21,-3.365,0.4));
#13142=CARTESIAN_POINT('',(-11.21,-4.905,0.4));
#13143=CARTESIAN_POINT('',(-12.6,-3.365,0.4));
#13144=CARTESIAN_POINT('',(-10.685,-3.365,0.4));
#13145=CARTESIAN_POINT('',(-12.6,-2.985,0.4));
#13146=CARTESIAN_POINT('',(-12.6,4.255,0.4));
#13147=CARTESIAN_POINT('',(-11.21,-2.985,0.4));
#13148=CARTESIAN_POINT('',(-12.6,-2.985,0.4));
#13149=CARTESIAN_POINT('',(-11.21,-2.095,0.4));
#13150=CARTESIAN_POINT('',(-11.21,-2.985,0.4));
#13151=CARTESIAN_POINT('',(-12.6,-2.095,0.4));
#13152=CARTESIAN_POINT('',(-11.21,-2.095,0.4));
#13153=CARTESIAN_POINT('',(-12.6,-1.715,0.4));
#13154=CARTESIAN_POINT('',(-12.6,4.255,0.4));
#13155=CARTESIAN_POINT('',(-11.21,-1.715,0.4));
#13156=CARTESIAN_POINT('',(-11.38,-1.715,0.4));
#13157=CARTESIAN_POINT('',(-11.21,-0.824999999999997,0.4));
#13158=CARTESIAN_POINT('',(-11.21,-3.635,0.4));
#13159=CARTESIAN_POINT('',(-12.6,-0.824999999999997,0.4));
#13160=CARTESIAN_POINT('',(-10.685,-0.824999999999997,0.4));
#13161=CARTESIAN_POINT('',(-12.6,-0.444999999999997,0.4));
#13162=CARTESIAN_POINT('',(-12.6,4.255,0.4));
#13163=CARTESIAN_POINT('',(-11.21,-0.444999999999997,0.4));
#13164=CARTESIAN_POINT('',(-11.38,-0.444999999999997,0.4));
#13165=CARTESIAN_POINT('',(-11.21,0.445000000000003,0.4));
#13166=CARTESIAN_POINT('',(-11.21,-3.,0.4));
#13167=CARTESIAN_POINT('',(-12.6,0.445000000000003,0.4));
#13168=CARTESIAN_POINT('',(-10.685,0.445000000000003,0.4));
#13169=CARTESIAN_POINT('',(-12.6,0.825000000000003,0.4));
#13170=CARTESIAN_POINT('',(-12.6,4.255,0.4));
#13171=CARTESIAN_POINT('',(-11.21,0.825000000000003,0.4));
#13172=CARTESIAN_POINT('',(-11.38,0.825000000000003,0.4));
#13173=CARTESIAN_POINT('',(-11.21,1.715,0.4));
#13174=CARTESIAN_POINT('',(-11.21,-2.365,0.4));
#13175=CARTESIAN_POINT('',(-12.6,1.715,0.4));
#13176=CARTESIAN_POINT('',(-10.685,1.715,0.4));
#13177=CARTESIAN_POINT('',(-12.6,2.095,0.4));
#13178=CARTESIAN_POINT('',(-12.6,4.255,0.4));
#13179=CARTESIAN_POINT('',(-11.21,2.095,0.4));
#13180=CARTESIAN_POINT('',(-12.6,2.095,0.4));
#13181=CARTESIAN_POINT('',(-11.21,2.985,0.4));
#13182=CARTESIAN_POINT('',(-11.21,2.095,0.4));
#13183=CARTESIAN_POINT('',(-12.6,2.985,0.4));
#13184=CARTESIAN_POINT('',(-11.21,2.985,0.4));
#13185=CARTESIAN_POINT('',(-12.6,3.365,0.4));
#13186=CARTESIAN_POINT('',(-12.6,4.255,0.4));
#13187=CARTESIAN_POINT('',(-11.21,3.365,0.4));
#13188=CARTESIAN_POINT('',(-12.6,3.365,0.4));
#13189=CARTESIAN_POINT('',(-11.21,4.255,0.4));
#13190=CARTESIAN_POINT('',(-11.21,3.365,0.4));
#13191=CARTESIAN_POINT('',(-12.6,4.255,0.4));
#13192=CARTESIAN_POINT('',(-11.21,4.255,0.4));
#13193=CARTESIAN_POINT('',(-12.6,6.25,0.4));
#13194=CARTESIAN_POINT('',(-12.6,4.255,0.4));
#13195=CARTESIAN_POINT('',(-10.605,6.25,0.4));
#13196=CARTESIAN_POINT('',(12.6,6.25,0.4));
#13197=CARTESIAN_POINT('',(-10.605,4.86,0.4));
#13198=CARTESIAN_POINT('',(-10.605,0.347500000000002,0.4));
#13199=CARTESIAN_POINT('',(-9.715,4.86,0.4));
#13200=CARTESIAN_POINT('',(-10.3825,4.86,0.4));
#13201=CARTESIAN_POINT('',(-9.715,6.25,0.4));
#13202=CARTESIAN_POINT('',(-9.715,-0.347499999999998,0.4));
#13203=CARTESIAN_POINT('',(-9.335,6.25,0.4));
#13204=CARTESIAN_POINT('',(12.6,6.25,0.4));
#13205=CARTESIAN_POINT('',(-9.335,4.86,0.4));
#13206=CARTESIAN_POINT('',(-9.335,0.347500000000002,0.4));
#13207=CARTESIAN_POINT('',(-8.445,4.86,0.4));
#13208=CARTESIAN_POINT('',(-9.7475,4.86,0.4));
#13209=CARTESIAN_POINT('',(-8.445,6.25,0.4));
#13210=CARTESIAN_POINT('',(-8.445,-0.347499999999998,0.4));
#13211=CARTESIAN_POINT('',(-8.065,6.25,0.4));
#13212=CARTESIAN_POINT('',(12.6,6.25,0.4));
#13213=CARTESIAN_POINT('',(-8.065,4.86,0.4));
#13214=CARTESIAN_POINT('',(-8.065,0.347500000000002,0.4));
#13215=CARTESIAN_POINT('',(-7.175,4.86,0.4));
#13216=CARTESIAN_POINT('',(-9.1125,4.86,0.4));
#13217=CARTESIAN_POINT('',(-7.175,6.25,0.4));
#13218=CARTESIAN_POINT('',(-7.175,-0.347499999999998,0.4));
#13219=CARTESIAN_POINT('',(-6.795,6.25,0.4));
#13220=CARTESIAN_POINT('',(12.6,6.25,0.4));
#13221=CARTESIAN_POINT('',(-6.795,4.86,0.4));
#13222=CARTESIAN_POINT('',(-6.795,0.347500000000002,0.4));
#13223=CARTESIAN_POINT('',(-5.905,4.86,0.4));
#13224=CARTESIAN_POINT('',(-8.4775,4.86,0.4));
#13225=CARTESIAN_POINT('',(-5.905,6.25,0.4));
#13226=CARTESIAN_POINT('',(-5.905,-0.347499999999998,0.4));
#13227=CARTESIAN_POINT('',(-5.525,6.25,0.4));
#13228=CARTESIAN_POINT('',(12.6,6.25,0.4));
#13229=CARTESIAN_POINT('',(-5.525,4.86,0.4));
#13230=CARTESIAN_POINT('',(-5.525,6.25,0.4));
#13231=CARTESIAN_POINT('',(-4.635,4.86,0.4));
#13232=CARTESIAN_POINT('',(-5.525,4.86,0.4));
#13233=CARTESIAN_POINT('',(-4.635,6.25,0.4));
#13234=CARTESIAN_POINT('',(-4.635,4.86,0.4));
#13235=CARTESIAN_POINT('',(-4.255,6.25,0.4));
#13236=CARTESIAN_POINT('',(12.6,6.25,0.4));
#13237=CARTESIAN_POINT('',(-4.255,4.86,0.4));
#13238=CARTESIAN_POINT('',(-4.255,0.347500000000001,0.4));
#13239=CARTESIAN_POINT('',(-3.365,4.86,0.4));
#13240=CARTESIAN_POINT('',(-7.2075,4.86,0.4));
#13241=CARTESIAN_POINT('',(-3.365,6.25,0.4));
#13242=CARTESIAN_POINT('',(-3.365,-0.347499999999999,0.4));
#13243=CARTESIAN_POINT('',(-2.985,6.25,0.4));
#13244=CARTESIAN_POINT('',(12.6,6.25,0.4));
#13245=CARTESIAN_POINT('',(-2.985,4.86,0.4));
#13246=CARTESIAN_POINT('',(-2.985,6.25,0.4));
#13247=CARTESIAN_POINT('',(-2.095,4.86,0.4));
#13248=CARTESIAN_POINT('',(-2.985,4.86,0.4));
#13249=CARTESIAN_POINT('',(-2.095,6.25,0.4));
#13250=CARTESIAN_POINT('',(-2.095,4.86,0.4));
#13251=CARTESIAN_POINT('',(-1.715,6.25,0.4));
#13252=CARTESIAN_POINT('',(12.6,6.25,0.4));
#13253=CARTESIAN_POINT('',(-1.715,4.86,0.4));
#13254=CARTESIAN_POINT('',(-1.715,0.3475,0.4));
#13255=CARTESIAN_POINT('',(-0.824999999999997,4.86,0.4));
#13256=CARTESIAN_POINT('',(-5.9375,4.86,0.4));
#13257=CARTESIAN_POINT('',(-0.824999999999997,6.25,0.4));
#13258=CARTESIAN_POINT('',(-0.824999999999998,-0.3475,0.4));
#13259=CARTESIAN_POINT('',(2.095,6.25,0.4));
#13260=CARTESIAN_POINT('',(12.6,6.25,0.4));
#13261=CARTESIAN_POINT('',(2.095,4.86,0.4));
#13262=CARTESIAN_POINT('',(2.095,6.25,0.4));
#13263=CARTESIAN_POINT('',(2.985,4.86,0.4));
#13264=CARTESIAN_POINT('',(2.095,4.86,0.4));
#13265=CARTESIAN_POINT('',(2.985,6.25,0.4));
#13266=CARTESIAN_POINT('',(2.985,4.86,0.4));
#13267=CARTESIAN_POINT('',(3.365,6.25,0.4));
#13268=CARTESIAN_POINT('',(12.6,6.25,0.4));
#13269=CARTESIAN_POINT('',(3.365,4.86,0.4));
#13270=CARTESIAN_POINT('',(3.365,6.25,0.4));
#13271=CARTESIAN_POINT('',(4.255,4.86,0.4));
#13272=CARTESIAN_POINT('',(3.365,4.86,0.4));
#13273=CARTESIAN_POINT('',(4.255,6.25,0.4));
#13274=CARTESIAN_POINT('',(4.255,4.86,0.4));
#13275=CARTESIAN_POINT('',(4.63500000000001,6.25,0.4));
#13276=CARTESIAN_POINT('',(12.6,6.25,0.4));
#13277=CARTESIAN_POINT('',(4.63500000000001,4.86,0.4));
#13278=CARTESIAN_POINT('',(4.63500000000001,0.347499999999999,0.4));
#13279=CARTESIAN_POINT('',(5.52500000000001,4.86,0.4));
#13280=CARTESIAN_POINT('',(-2.7625,4.86,0.4));
#13281=CARTESIAN_POINT('',(5.52500000000001,6.25,0.4));
#13282=CARTESIAN_POINT('',(5.525,-0.347500000000001,0.4));
#13283=CARTESIAN_POINT('',(5.90500000000001,6.25,0.4));
#13284=CARTESIAN_POINT('',(12.6,6.25,0.4));
#13285=CARTESIAN_POINT('',(5.90500000000001,4.86,0.4));
#13286=CARTESIAN_POINT('',(5.90500000000001,6.25,0.4));
#13287=CARTESIAN_POINT('',(6.79500000000001,4.86,0.4));
#13288=CARTESIAN_POINT('',(5.90500000000001,4.86,0.4));
#13289=CARTESIAN_POINT('',(6.79500000000001,6.25,0.4));
#13290=CARTESIAN_POINT('',(6.79500000000001,4.86,0.4));
#13291=CARTESIAN_POINT('',(7.17500000000001,6.25,0.4));
#13292=CARTESIAN_POINT('',(12.6,6.25,0.4));
#13293=CARTESIAN_POINT('',(7.17500000000001,4.86,0.4));
#13294=CARTESIAN_POINT('',(7.17500000000001,6.25,0.4));
#13295=CARTESIAN_POINT('',(8.065,4.86,0.4));
#13296=CARTESIAN_POINT('',(7.17500000000001,4.86,0.4));
#13297=CARTESIAN_POINT('',(8.065,6.25,0.4));
#13298=CARTESIAN_POINT('',(8.065,4.86,0.4));
#13299=CARTESIAN_POINT('',(8.44500000000001,6.25,0.4));
#13300=CARTESIAN_POINT('',(12.6,6.25,0.4));
#13301=CARTESIAN_POINT('',(8.44500000000001,4.86,0.4));
#13302=CARTESIAN_POINT('',(8.445,0.347499999999998,0.4));
#13303=CARTESIAN_POINT('',(9.33500000000001,4.86,0.4));
#13304=CARTESIAN_POINT('',(-0.857499999999997,4.86,0.4));
#13305=CARTESIAN_POINT('',(9.33500000000001,6.25,0.4));
#13306=CARTESIAN_POINT('',(9.335,-0.347500000000002,0.4));
#13307=CARTESIAN_POINT('',(12.6,6.25,0.4));
#13308=CARTESIAN_POINT('',(12.6,6.25,0.4));
#13309=CARTESIAN_POINT('',(12.6,1.715,0.4));
#13310=CARTESIAN_POINT('Origin',(11.21,-1.715,0.));
#13311=CARTESIAN_POINT('',(12.6,-1.715,0.));
#13312=CARTESIAN_POINT('',(11.21,-1.715,0.));
#13313=CARTESIAN_POINT('',(12.6,-1.715,0.));
#13314=CARTESIAN_POINT('',(12.6,-1.715,0.));
#13315=CARTESIAN_POINT('',(11.21,-1.715,0.));
#13316=CARTESIAN_POINT('Origin',(11.21,-0.825000000000001,0.));
#13317=CARTESIAN_POINT('',(11.21,-0.825000000000001,0.));
#13318=CARTESIAN_POINT('',(11.21,-1.715,0.));
#13319=CARTESIAN_POINT('',(11.21,-0.825000000000001,0.));
#13320=CARTESIAN_POINT('Origin',(12.6,-0.825000000000001,0.));
#13321=CARTESIAN_POINT('',(12.6,-0.825000000000001,0.));
#13322=CARTESIAN_POINT('',(11.21,-0.825000000000001,0.));
#13323=CARTESIAN_POINT('',(12.6,-0.825000000000001,0.));
#13324=CARTESIAN_POINT('Origin',(11.905,-1.27,0.));
#13325=CARTESIAN_POINT('',(12.6,-0.825000000000001,0.));
#13326=CARTESIAN_POINT('Origin',(2.095,-4.86,0.));
#13327=CARTESIAN_POINT('',(2.095,-6.25,0.));
#13328=CARTESIAN_POINT('',(2.095,-4.86,0.));
#13329=CARTESIAN_POINT('',(2.095,-6.25,0.));
#13330=CARTESIAN_POINT('',(2.095,-6.25,0.));
#13331=CARTESIAN_POINT('',(2.095,-4.86,0.));
#13332=CARTESIAN_POINT('Origin',(2.985,-4.86,0.));
#13333=CARTESIAN_POINT('',(2.985,-4.86,0.));
#13334=CARTESIAN_POINT('',(2.095,-4.86,0.));
#13335=CARTESIAN_POINT('',(2.985,-4.86,0.));
#13336=CARTESIAN_POINT('Origin',(2.985,-6.25,0.));
#13337=CARTESIAN_POINT('',(2.985,-6.25,0.));
#13338=CARTESIAN_POINT('',(2.985,-4.86,0.));
#13339=CARTESIAN_POINT('',(2.985,-6.25,0.));
#13340=CARTESIAN_POINT('Origin',(2.54,-5.555,0.));
#13341=CARTESIAN_POINT('',(2.985,-6.25,0.));
#13342=CARTESIAN_POINT('Origin',(5.525,-4.86,0.));
#13343=CARTESIAN_POINT('',(4.635,-4.86,0.));
#13344=CARTESIAN_POINT('',(5.525,-4.86,0.));
#13345=CARTESIAN_POINT('',(4.635,-4.86,0.));
#13346=CARTESIAN_POINT('',(4.635,-4.86,0.));
#13347=CARTESIAN_POINT('',(5.525,-4.86,0.));
#13348=CARTESIAN_POINT('Origin',(5.525,-6.25,0.));
#13349=CARTESIAN_POINT('',(5.525,-6.25,0.));
#13350=CARTESIAN_POINT('',(5.525,-4.86,0.));
#13351=CARTESIAN_POINT('',(5.525,-6.25,0.));
#13352=CARTESIAN_POINT('Origin',(4.635,-4.86,0.));
#13353=CARTESIAN_POINT('',(4.635,-6.25,0.));
#13354=CARTESIAN_POINT('',(4.635,-6.25,0.));
#13355=CARTESIAN_POINT('',(4.635,-6.25,0.));
#13356=CARTESIAN_POINT('Origin',(5.08,-5.555,0.));
#13357=CARTESIAN_POINT('',(5.525,-6.25,0.));
#13358=CARTESIAN_POINT('Origin',(4.63500000000001,4.86,0.));
#13359=CARTESIAN_POINT('',(4.63500000000001,4.86,0.));
#13360=CARTESIAN_POINT('',(5.52500000000001,4.86,0.));
#13361=CARTESIAN_POINT('',(4.63500000000001,4.86,0.));
#13362=CARTESIAN_POINT('',(5.52500000000001,4.86,0.));
#13363=CARTESIAN_POINT('',(4.63500000000001,4.86,0.));
#13364=CARTESIAN_POINT('Origin',(4.63500000000001,6.25,0.));
#13365=CARTESIAN_POINT('',(4.63500000000001,6.25,0.));
#13366=CARTESIAN_POINT('',(4.63500000000001,6.25,0.));
#13367=CARTESIAN_POINT('',(4.63500000000001,6.25,0.));
#13368=CARTESIAN_POINT('Origin',(5.52500000000001,4.86,0.));
#13369=CARTESIAN_POINT('',(5.52500000000001,6.25,0.));
#13370=CARTESIAN_POINT('',(5.52500000000001,4.86,0.));
#13371=CARTESIAN_POINT('',(5.52500000000001,6.25,0.));
#13372=CARTESIAN_POINT('Origin',(5.08000000000001,5.555,0.));
#13373=CARTESIAN_POINT('',(5.52500000000001,6.25,0.));
#13374=CARTESIAN_POINT('Origin',(-6.795,4.86,0.));
#13375=CARTESIAN_POINT('',(-6.795,4.86,0.));
#13376=CARTESIAN_POINT('',(-5.905,4.86,0.));
#13377=CARTESIAN_POINT('',(-6.795,4.86,0.));
#13378=CARTESIAN_POINT('',(-5.905,4.86,0.));
#13379=CARTESIAN_POINT('',(-6.795,4.86,0.));
#13380=CARTESIAN_POINT('Origin',(-6.795,6.25,0.));
#13381=CARTESIAN_POINT('',(-6.795,6.25,0.));
#13382=CARTESIAN_POINT('',(-6.795,6.25,0.));
#13383=CARTESIAN_POINT('',(-6.795,6.25,0.));
#13384=CARTESIAN_POINT('Origin',(-5.905,4.86,0.));
#13385=CARTESIAN_POINT('',(-5.905,6.25,0.));
#13386=CARTESIAN_POINT('',(-5.905,4.86,0.));
#13387=CARTESIAN_POINT('',(-5.905,6.25,0.));
#13388=CARTESIAN_POINT('Origin',(-6.35,5.555,0.));
#13389=CARTESIAN_POINT('',(-5.905,6.25,0.));
#13390=CARTESIAN_POINT('Origin',(-0.824999999999999,-4.86,1.));
#13391=CARTESIAN_POINT('',(-0.824999999999999,-6.25,1.));
#13392=CARTESIAN_POINT('',(-0.824999999999999,-4.86,1.));
#13393=CARTESIAN_POINT('',(-0.824999999999999,-6.25,0.6));
#13394=CARTESIAN_POINT('',(-0.824999999999999,-6.25,1.));
#13395=CARTESIAN_POINT('',(-0.824999999999999,-4.86,0.6));
#13396=CARTESIAN_POINT('',(-0.824999999999999,-5.2075,0.6));
#13397=CARTESIAN_POINT('',(-0.824999999999999,-4.86,1.));
#13398=CARTESIAN_POINT('Origin',(-1.715,-4.86,1.));
#13399=CARTESIAN_POINT('',(-1.715,-4.86,0.6));
#13400=CARTESIAN_POINT('',(-5.9375,-4.86,0.6));
#13401=CARTESIAN_POINT('',(-1.715,-4.86,1.));
#13402=CARTESIAN_POINT('Origin',(-1.715,-6.25,1.));
#13403=CARTESIAN_POINT('',(-1.715,-6.25,1.));
#13404=CARTESIAN_POINT('',(-1.715,-6.25,1.));
#13405=CARTESIAN_POINT('',(-1.715,-6.25,0.6));
#13406=CARTESIAN_POINT('',(-1.715,-5.9025,0.6));
#13407=CARTESIAN_POINT('',(-1.715,-6.25,1.));
#13408=CARTESIAN_POINT('Origin',(-1.27,-5.555,1.));
#13409=CARTESIAN_POINT('',(-0.824999999999999,-6.25,1.));
#13410=CARTESIAN_POINT('Origin',(-10.16,-5.555,0.6));
#13411=CARTESIAN_POINT('',(12.6,-6.25,0.6));
#13412=CARTESIAN_POINT('',(-12.6,-6.25,0.6));
#13413=CARTESIAN_POINT('',(12.6,-4.255,0.6));
#13414=CARTESIAN_POINT('',(12.6,-6.25,0.6));
#13415=CARTESIAN_POINT('',(11.21,-4.255,0.6));
#13416=CARTESIAN_POINT('',(1.22,-4.255,0.6));
#13417=CARTESIAN_POINT('',(11.21,-3.365,0.6));
#13418=CARTESIAN_POINT('',(11.21,-4.905,0.6));
#13419=CARTESIAN_POINT('',(12.6,-3.365,0.6));
#13420=CARTESIAN_POINT('',(0.524999999999999,-3.365,0.6));
#13421=CARTESIAN_POINT('',(12.6,3.365,0.6));
#13422=CARTESIAN_POINT('',(12.6,-6.25,0.6));
#13423=CARTESIAN_POINT('',(11.21,3.365,0.6));
#13424=CARTESIAN_POINT('',(12.6,3.365,0.6));
#13425=CARTESIAN_POINT('',(11.21,4.255,0.6));
#13426=CARTESIAN_POINT('',(11.21,3.365,0.6));
#13427=CARTESIAN_POINT('',(12.6,4.255,0.6));
#13428=CARTESIAN_POINT('',(11.21,4.255,0.6));
#13429=CARTESIAN_POINT('',(12.6,6.25,0.6));
#13430=CARTESIAN_POINT('',(12.6,-6.25,0.6));
#13431=CARTESIAN_POINT('',(-0.824999999999997,6.25,0.6));
#13432=CARTESIAN_POINT('',(12.6,6.25,0.6));
#13433=CARTESIAN_POINT('',(-0.824999999999997,4.86,0.6));
#13434=CARTESIAN_POINT('',(-0.824999999999998,0.3475,0.6));
#13435=CARTESIAN_POINT('',(-1.715,4.86,0.6));
#13436=CARTESIAN_POINT('',(-5.4925,4.86,0.6));
#13437=CARTESIAN_POINT('',(-1.715,6.25,0.6));
#13438=CARTESIAN_POINT('',(-1.715,-0.347499999999999,0.6));
#13439=CARTESIAN_POINT('',(-9.715,6.25,0.6));
#13440=CARTESIAN_POINT('',(12.6,6.25,0.6));
#13441=CARTESIAN_POINT('',(-9.715,4.86,0.6));
#13442=CARTESIAN_POINT('',(-9.715,4.86,0.6));
#13443=CARTESIAN_POINT('',(-10.605,4.86,0.6));
#13444=CARTESIAN_POINT('',(-10.605,4.86,0.6));
#13445=CARTESIAN_POINT('',(-10.605,6.25,0.6));
#13446=CARTESIAN_POINT('',(-10.605,6.25,0.6));
#13447=CARTESIAN_POINT('',(-12.6,6.25,0.6));
#13448=CARTESIAN_POINT('',(12.6,6.25,0.6));
#13449=CARTESIAN_POINT('',(-12.6,4.255,0.6));
#13450=CARTESIAN_POINT('',(-12.6,6.25,0.6));
#13451=CARTESIAN_POINT('',(-11.21,4.255,0.6));
#13452=CARTESIAN_POINT('',(-11.38,4.255,0.6));
#13453=CARTESIAN_POINT('',(-11.21,3.365,0.6));
#13454=CARTESIAN_POINT('',(-11.21,-0.649999999999997,0.6));
#13455=CARTESIAN_POINT('',(-12.6,3.365,0.6));
#13456=CARTESIAN_POINT('',(-10.685,3.365,0.6));
#13457=CARTESIAN_POINT('',(-12.6,-3.365,0.6));
#13458=CARTESIAN_POINT('',(-12.6,6.25,0.6));
#13459=CARTESIAN_POINT('',(-11.21,-3.365,0.6));
#13460=CARTESIAN_POINT('',(-11.38,-3.365,0.6));
#13461=CARTESIAN_POINT('',(-11.21,-4.255,0.6));
#13462=CARTESIAN_POINT('',(-11.21,-4.46,0.6));
#13463=CARTESIAN_POINT('',(-12.6,-4.255,0.6));
#13464=CARTESIAN_POINT('',(-10.685,-4.255,0.6));
#13465=CARTESIAN_POINT('',(-12.6,-6.25,0.6));
#13466=CARTESIAN_POINT('',(-12.6,6.25,0.6));
#13467=CARTESIAN_POINT('',(-10.605,-6.25,0.6));
#13468=CARTESIAN_POINT('',(-12.6,-6.25,0.6));
#13469=CARTESIAN_POINT('',(-10.605,-4.86,0.6));
#13470=CARTESIAN_POINT('',(-10.605,-6.25,0.6));
#13471=CARTESIAN_POINT('',(-9.715,-4.86,0.6));
#13472=CARTESIAN_POINT('',(-10.605,-4.86,0.6));
#13473=CARTESIAN_POINT('',(-9.715,-6.25,0.6));
#13474=CARTESIAN_POINT('',(-9.715,-4.86,0.6));
#13475=CARTESIAN_POINT('',(-12.6,-6.25,0.6));
#13476=CARTESIAN_POINT('Origin',(-11.21,0.445000000000003,0.));
#13477=CARTESIAN_POINT('',(-11.21,0.445000000000003,0.));
#13478=CARTESIAN_POINT('',(-12.6,0.445000000000003,0.));
#13479=CARTESIAN_POINT('',(-11.21,0.445000000000003,0.));
#13480=CARTESIAN_POINT('',(-12.6,0.445000000000003,0.));
#13481=CARTESIAN_POINT('',(-11.21,0.445000000000003,0.));
#13482=CARTESIAN_POINT('Origin',(-11.21,-0.444999999999997,0.));
#13483=CARTESIAN_POINT('',(-11.21,-0.444999999999997,0.));
#13484=CARTESIAN_POINT('',(-11.21,-0.444999999999997,0.));
#13485=CARTESIAN_POINT('',(-11.21,-0.444999999999997,0.));
#13486=CARTESIAN_POINT('Origin',(-12.6,-0.444999999999997,0.));
#13487=CARTESIAN_POINT('',(-12.6,-0.444999999999997,0.));
#13488=CARTESIAN_POINT('',(-12.6,-0.444999999999997,0.));
#13489=CARTESIAN_POINT('',(-12.6,-0.444999999999997,0.));
#13490=CARTESIAN_POINT('Origin',(-11.905,2.92099677778879E-15,0.));
#13491=CARTESIAN_POINT('',(-12.6,0.445000000000003,0.));
#13492=CARTESIAN_POINT('Origin',(-10.605,6.25,0.));
#13493=CARTESIAN_POINT('',(-10.605,6.25,0.));
#13494=CARTESIAN_POINT('',(-10.605,4.86,0.));
#13495=CARTESIAN_POINT('',(-10.605,6.25,0.));
#13496=CARTESIAN_POINT('',(-10.605,4.86,0.));
#13497=CARTESIAN_POINT('',(-10.605,6.25,0.));
#13498=CARTESIAN_POINT('Origin',(-9.715,4.86,0.));
#13499=CARTESIAN_POINT('',(-9.715,4.86,0.));
#13500=CARTESIAN_POINT('',(-9.715,6.25,0.));
#13501=CARTESIAN_POINT('',(-9.715,4.86,0.));
#13502=CARTESIAN_POINT('',(-9.715,6.25,0.));
#13503=CARTESIAN_POINT('',(-9.715,4.86,0.));
#13504=CARTESIAN_POINT('Origin',(-10.605,4.86,0.));
#13505=CARTESIAN_POINT('',(-10.605,4.86,0.));
#13506=CARTESIAN_POINT('Origin',(-10.16,5.555,0.));
#13507=CARTESIAN_POINT('',(-9.715,6.25,0.));
#13508=CARTESIAN_POINT('Origin',(8.44500000000001,4.86,0.));
#13509=CARTESIAN_POINT('',(8.44500000000001,4.86,0.));
#13510=CARTESIAN_POINT('',(9.33500000000001,4.86,0.));
#13511=CARTESIAN_POINT('',(8.44500000000001,4.86,0.));
#13512=CARTESIAN_POINT('',(9.33500000000001,4.86,0.));
#13513=CARTESIAN_POINT('',(8.44500000000001,4.86,0.));
#13514=CARTESIAN_POINT('Origin',(8.44500000000001,6.25,0.));
#13515=CARTESIAN_POINT('',(8.44500000000001,6.25,0.));
#13516=CARTESIAN_POINT('',(8.44500000000001,6.25,0.));
#13517=CARTESIAN_POINT('',(8.44500000000001,6.25,0.));
#13518=CARTESIAN_POINT('Origin',(9.33500000000001,4.86,0.));
#13519=CARTESIAN_POINT('',(9.33500000000001,6.25,0.));
#13520=CARTESIAN_POINT('',(9.33500000000001,4.86,0.));
#13521=CARTESIAN_POINT('',(9.33500000000001,6.25,0.));
#13522=CARTESIAN_POINT('Origin',(8.89000000000001,5.555,0.));
#13523=CARTESIAN_POINT('',(9.33500000000001,6.25,0.));
#13524=CARTESIAN_POINT('Origin',(-1.715,4.86,0.));
#13525=CARTESIAN_POINT('',(-1.715,4.86,0.));
#13526=CARTESIAN_POINT('',(-0.824999999999997,4.86,0.));
#13527=CARTESIAN_POINT('',(-1.715,4.86,0.));
#13528=CARTESIAN_POINT('',(-0.824999999999997,4.86,0.));
#13529=CARTESIAN_POINT('',(-1.715,4.86,0.));
#13530=CARTESIAN_POINT('Origin',(-1.715,6.25,0.));
#13531=CARTESIAN_POINT('',(-1.715,6.25,0.));
#13532=CARTESIAN_POINT('',(-1.715,6.25,0.));
#13533=CARTESIAN_POINT('',(-1.715,6.25,0.));
#13534=CARTESIAN_POINT('Origin',(-0.824999999999997,4.86,0.));
#13535=CARTESIAN_POINT('',(-0.824999999999997,6.25,0.));
#13536=CARTESIAN_POINT('',(-0.824999999999997,4.86,0.));
#13537=CARTESIAN_POINT('',(-0.824999999999997,6.25,0.));
#13538=CARTESIAN_POINT('Origin',(-1.27,5.555,0.));
#13539=CARTESIAN_POINT('',(-0.824999999999997,6.25,0.));
#13540=CARTESIAN_POINT('Origin',(-11.21,-3.365,1.));
#13541=CARTESIAN_POINT('',(-11.21,-4.255,1.));
#13542=CARTESIAN_POINT('',(-11.21,-3.365,1.));
#13543=CARTESIAN_POINT('Origin',(-12.6,-3.365,1.));
#13544=CARTESIAN_POINT('',(-12.6,-3.365,1.));
#13545=CARTESIAN_POINT('',(-12.6,-3.365,1.));
#13546=CARTESIAN_POINT('',(-11.21,-3.365,1.));
#13547=CARTESIAN_POINT('Origin',(-11.21,-4.255,1.));
#13548=CARTESIAN_POINT('',(-12.6,-4.255,1.));
#13549=CARTESIAN_POINT('',(-12.6,-4.255,1.));
#13550=CARTESIAN_POINT('',(-12.6,-4.255,1.));
#13551=CARTESIAN_POINT('Origin',(-11.905,-3.81,1.));
#13552=CARTESIAN_POINT('',(-12.6,-3.365,1.));
#13553=CARTESIAN_POINT('Origin',(-4.255,4.86,0.));
#13554=CARTESIAN_POINT('',(-4.255,4.86,0.));
#13555=CARTESIAN_POINT('',(-3.365,4.86,0.));
#13556=CARTESIAN_POINT('',(-4.255,4.86,0.));
#13557=CARTESIAN_POINT('',(-3.365,4.86,0.));
#13558=CARTESIAN_POINT('',(-4.255,4.86,0.));
#13559=CARTESIAN_POINT('Origin',(-4.255,6.25,0.));
#13560=CARTESIAN_POINT('',(-4.255,6.25,0.));
#13561=CARTESIAN_POINT('',(-4.255,6.25,0.));
#13562=CARTESIAN_POINT('',(-4.255,6.25,0.));
#13563=CARTESIAN_POINT('Origin',(-3.365,4.86,0.));
#13564=CARTESIAN_POINT('',(-3.365,6.25,0.));
#13565=CARTESIAN_POINT('',(-3.365,4.86,0.));
#13566=CARTESIAN_POINT('',(-3.365,6.25,0.));
#13567=CARTESIAN_POINT('Origin',(-3.81,5.555,0.));
#13568=CARTESIAN_POINT('',(-3.365,6.25,0.));
#13569=CARTESIAN_POINT('Origin',(-5.905,-6.25,0.));
#13570=CARTESIAN_POINT('',(-5.905,-4.86,0.));
#13571=CARTESIAN_POINT('',(-5.905,-6.25,0.));
#13572=CARTESIAN_POINT('',(-5.905,-4.86,0.));
#13573=CARTESIAN_POINT('',(-5.905,-4.86,0.));
#13574=CARTESIAN_POINT('',(-5.905,-6.25,0.));
#13575=CARTESIAN_POINT('Origin',(-6.795,-4.86,0.));
#13576=CARTESIAN_POINT('',(-6.795,-6.25,0.));
#13577=CARTESIAN_POINT('',(-6.795,-4.86,0.));
#13578=CARTESIAN_POINT('',(-6.795,-6.25,0.));
#13579=CARTESIAN_POINT('',(-6.795,-6.25,0.));
#13580=CARTESIAN_POINT('',(-6.795,-4.86,0.));
#13581=CARTESIAN_POINT('Origin',(-5.905,-4.86,0.));
#13582=CARTESIAN_POINT('',(-6.795,-4.86,0.));
#13583=CARTESIAN_POINT('Origin',(-6.35,-5.555,0.));
#13584=CARTESIAN_POINT('',(-5.905,-6.25,0.));
#13585=CARTESIAN_POINT('Origin',(-11.21,-3.365,0.));
#13586=CARTESIAN_POINT('',(-11.21,-3.365,0.));
#13587=CARTESIAN_POINT('',(-12.6,-3.365,0.));
#13588=CARTESIAN_POINT('',(-11.21,-3.365,0.));
#13589=CARTESIAN_POINT('',(-12.6,-3.365,0.));
#13590=CARTESIAN_POINT('',(-11.21,-3.365,0.));
#13591=CARTESIAN_POINT('Origin',(-11.21,-4.255,0.));
#13592=CARTESIAN_POINT('',(-11.21,-4.255,0.));
#13593=CARTESIAN_POINT('',(-11.21,-4.255,0.));
#13594=CARTESIAN_POINT('',(-11.21,-4.255,0.));
#13595=CARTESIAN_POINT('Origin',(-12.6,-4.255,0.));
#13596=CARTESIAN_POINT('',(-12.6,-4.255,0.));
#13597=CARTESIAN_POINT('',(-12.6,-4.255,0.));
#13598=CARTESIAN_POINT('',(-12.6,-4.255,0.));
#13599=CARTESIAN_POINT('Origin',(-11.905,-3.81,0.));
#13600=CARTESIAN_POINT('',(-12.6,-3.365,0.));
#13601=CARTESIAN_POINT('Origin',(-0.824999999999999,-4.86,0.));
#13602=CARTESIAN_POINT('',(-1.715,-4.86,0.));
#13603=CARTESIAN_POINT('',(-0.824999999999999,-4.86,0.));
#13604=CARTESIAN_POINT('',(-1.715,-4.86,0.));
#13605=CARTESIAN_POINT('',(-1.715,-4.86,0.));
#13606=CARTESIAN_POINT('',(-0.824999999999999,-4.86,0.));
#13607=CARTESIAN_POINT('Origin',(-0.824999999999999,-6.25,0.));
#13608=CARTESIAN_POINT('',(-0.824999999999999,-6.25,0.));
#13609=CARTESIAN_POINT('',(-0.824999999999999,-4.86,0.));
#13610=CARTESIAN_POINT('',(-0.824999999999999,-6.25,0.));
#13611=CARTESIAN_POINT('Origin',(-1.715,-4.86,0.));
#13612=CARTESIAN_POINT('',(-1.715,-6.25,0.));
#13613=CARTESIAN_POINT('',(-1.715,-6.25,0.));
#13614=CARTESIAN_POINT('',(-1.715,-6.25,0.));
#13615=CARTESIAN_POINT('Origin',(-1.27,-5.555,0.));
#13616=CARTESIAN_POINT('',(-0.824999999999999,-6.25,0.));
#13617=CARTESIAN_POINT('Origin',(-11.21,4.255,1.));
#13618=CARTESIAN_POINT('',(-11.21,3.365,1.));
#13619=CARTESIAN_POINT('',(-11.21,4.255,1.));
#13620=CARTESIAN_POINT('Origin',(-12.6,4.255,1.));
#13621=CARTESIAN_POINT('',(-12.6,4.255,1.));
#13622=CARTESIAN_POINT('',(-12.6,4.255,1.));
#13623=CARTESIAN_POINT('',(-11.21,4.255,1.));
#13624=CARTESIAN_POINT('Origin',(-11.21,3.365,1.));
#13625=CARTESIAN_POINT('',(-12.6,3.365,1.));
#13626=CARTESIAN_POINT('',(-12.6,3.365,1.));
#13627=CARTESIAN_POINT('',(-12.6,3.365,1.));
#13628=CARTESIAN_POINT('Origin',(-11.905,3.81,1.));
#13629=CARTESIAN_POINT('',(-12.6,4.255,1.));
#13630=CARTESIAN_POINT('Origin',(-1.715,4.86,1.));
#13631=CARTESIAN_POINT('',(-1.715,6.25,1.));
#13632=CARTESIAN_POINT('',(-1.715,6.25,1.));
#13633=CARTESIAN_POINT('',(-1.715,6.25,1.));
#13634=CARTESIAN_POINT('',(-1.715,4.86,1.));
#13635=CARTESIAN_POINT('Origin',(-0.824999999999997,4.86,1.));
#13636=CARTESIAN_POINT('',(-0.824999999999997,4.86,1.));
#13637=CARTESIAN_POINT('Origin',(-0.824999999999997,6.25,1.));
#13638=CARTESIAN_POINT('',(-0.824999999999997,6.25,1.));
#13639=CARTESIAN_POINT('',(-0.824999999999997,6.25,1.));
#13640=CARTESIAN_POINT('',(-0.824999999999997,4.86,1.));
#13641=CARTESIAN_POINT('Origin',(-1.27,5.555,1.));
#13642=CARTESIAN_POINT('',(-0.824999999999997,6.25,1.));
#13643=CARTESIAN_POINT('Origin',(-4.635,-6.25,0.));
#13644=CARTESIAN_POINT('',(-4.635,-4.86,0.));
#13645=CARTESIAN_POINT('',(-4.635,-6.25,0.));
#13646=CARTESIAN_POINT('',(-4.635,-4.86,0.));
#13647=CARTESIAN_POINT('',(-4.635,-4.86,0.));
#13648=CARTESIAN_POINT('',(-4.635,-6.25,0.));
#13649=CARTESIAN_POINT('Origin',(-5.525,-4.86,0.));
#13650=CARTESIAN_POINT('',(-5.525,-6.25,0.));
#13651=CARTESIAN_POINT('',(-5.525,-4.86,0.));
#13652=CARTESIAN_POINT('',(-5.525,-6.25,0.));
#13653=CARTESIAN_POINT('',(-5.525,-6.25,0.));
#13654=CARTESIAN_POINT('',(-5.525,-4.86,0.));
#13655=CARTESIAN_POINT('Origin',(-4.635,-4.86,0.));
#13656=CARTESIAN_POINT('',(-5.525,-4.86,0.));
#13657=CARTESIAN_POINT('Origin',(-5.08,-5.555,0.));
#13658=CARTESIAN_POINT('',(-4.635,-6.25,0.));
#13659=CARTESIAN_POINT('Origin',(-8.065,4.86,0.));
#13660=CARTESIAN_POINT('',(-8.065,4.86,0.));
#13661=CARTESIAN_POINT('',(-7.175,4.86,0.));
#13662=CARTESIAN_POINT('',(-8.065,4.86,0.));
#13663=CARTESIAN_POINT('',(-7.175,4.86,0.));
#13664=CARTESIAN_POINT('',(-8.065,4.86,0.));
#13665=CARTESIAN_POINT('Origin',(-8.065,6.25,0.));
#13666=CARTESIAN_POINT('',(-8.065,6.25,0.));
#13667=CARTESIAN_POINT('',(-8.065,6.25,0.));
#13668=CARTESIAN_POINT('',(-8.065,6.25,0.));
#13669=CARTESIAN_POINT('Origin',(-7.175,4.86,0.));
#13670=CARTESIAN_POINT('',(-7.175,6.25,0.));
#13671=CARTESIAN_POINT('',(-7.175,4.86,0.));
#13672=CARTESIAN_POINT('',(-7.175,6.25,0.));
#13673=CARTESIAN_POINT('Origin',(-7.62,5.555,0.));
#13674=CARTESIAN_POINT('',(-7.175,6.25,0.));
#13675=CARTESIAN_POINT('Origin',(-11.21,1.715,0.));
#13676=CARTESIAN_POINT('',(-11.21,1.715,0.));
#13677=CARTESIAN_POINT('',(-12.6,1.715,0.));
#13678=CARTESIAN_POINT('',(-11.21,1.715,0.));
#13679=CARTESIAN_POINT('',(-12.6,1.715,0.));
#13680=CARTESIAN_POINT('',(-11.21,1.715,0.));
#13681=CARTESIAN_POINT('Origin',(-11.21,0.825000000000003,0.));
#13682=CARTESIAN_POINT('',(-11.21,0.825000000000003,0.));
#13683=CARTESIAN_POINT('',(-11.21,0.825000000000003,0.));
#13684=CARTESIAN_POINT('',(-11.21,0.825000000000003,0.));
#13685=CARTESIAN_POINT('Origin',(-12.6,0.825000000000003,0.));
#13686=CARTESIAN_POINT('',(-12.6,0.825000000000003,0.));
#13687=CARTESIAN_POINT('',(-12.6,0.825000000000003,0.));
#13688=CARTESIAN_POINT('',(-12.6,0.825000000000003,0.));
#13689=CARTESIAN_POINT('Origin',(-11.905,1.27,0.));
#13690=CARTESIAN_POINT('',(-12.6,1.715,0.));
#13691=CARTESIAN_POINT('Origin',(-10.605,-4.86,0.));
#13692=CARTESIAN_POINT('',(-10.605,-6.25,0.));
#13693=CARTESIAN_POINT('',(-10.605,-4.86,0.));
#13694=CARTESIAN_POINT('',(-10.605,-6.25,0.));
#13695=CARTESIAN_POINT('',(-10.605,-6.25,0.));
#13696=CARTESIAN_POINT('',(-10.605,-4.86,0.));
#13697=CARTESIAN_POINT('Origin',(-9.715,-4.86,0.));
#13698=CARTESIAN_POINT('',(-9.715,-4.86,0.));
#13699=CARTESIAN_POINT('',(-10.605,-4.86,0.));
#13700=CARTESIAN_POINT('',(-9.715,-4.86,0.));
#13701=CARTESIAN_POINT('Origin',(-9.715,-6.25,0.));
#13702=CARTESIAN_POINT('',(-9.715,-6.25,0.));
#13703=CARTESIAN_POINT('',(-9.715,-4.86,0.));
#13704=CARTESIAN_POINT('',(-9.715,-6.25,0.));
#13705=CARTESIAN_POINT('Origin',(-10.16,-5.555,0.));
#13706=CARTESIAN_POINT('',(-9.715,-6.25,0.));
#13707=CARTESIAN_POINT('Origin',(-7.175,-4.86,0.));
#13708=CARTESIAN_POINT('',(-8.065,-4.86,0.));
#13709=CARTESIAN_POINT('',(-7.175,-4.86,0.));
#13710=CARTESIAN_POINT('',(-8.065,-4.86,0.));
#13711=CARTESIAN_POINT('',(-8.065,-4.86,0.));
#13712=CARTESIAN_POINT('',(-7.175,-4.86,0.));
#13713=CARTESIAN_POINT('Origin',(-7.175,-6.25,0.));
#13714=CARTESIAN_POINT('',(-7.175,-6.25,0.));
#13715=CARTESIAN_POINT('',(-7.175,-4.86,0.));
#13716=CARTESIAN_POINT('',(-7.175,-6.25,0.));
#13717=CARTESIAN_POINT('Origin',(-8.065,-4.86,0.));
#13718=CARTESIAN_POINT('',(-8.065,-6.25,0.));
#13719=CARTESIAN_POINT('',(-8.065,-6.25,0.));
#13720=CARTESIAN_POINT('',(-8.065,-6.25,0.));
#13721=CARTESIAN_POINT('Origin',(-7.62,-5.555,0.));
#13722=CARTESIAN_POINT('',(-7.175,-6.25,0.));
#13723=CARTESIAN_POINT('Origin',(-4.255,-4.86,0.));
#13724=CARTESIAN_POINT('',(-4.255,-6.25,0.));
#13725=CARTESIAN_POINT('',(-4.255,-4.86,0.));
#13726=CARTESIAN_POINT('',(-4.255,-6.25,0.));
#13727=CARTESIAN_POINT('',(-4.255,-6.25,0.));
#13728=CARTESIAN_POINT('',(-4.255,-4.86,0.));
#13729=CARTESIAN_POINT('Origin',(-3.365,-4.86,0.));
#13730=CARTESIAN_POINT('',(-3.365,-4.86,0.));
#13731=CARTESIAN_POINT('',(-4.255,-4.86,0.));
#13732=CARTESIAN_POINT('',(-3.365,-4.86,0.));
#13733=CARTESIAN_POINT('Origin',(-3.365,-6.25,0.));
#13734=CARTESIAN_POINT('',(-3.365,-6.25,0.));
#13735=CARTESIAN_POINT('',(-3.365,-4.86,0.));
#13736=CARTESIAN_POINT('',(-3.365,-6.25,0.));
#13737=CARTESIAN_POINT('Origin',(-3.81,-5.555,0.));
#13738=CARTESIAN_POINT('',(-3.365,-6.25,0.));
#13739=CARTESIAN_POINT('Origin',(-9.335,4.86,0.));
#13740=CARTESIAN_POINT('',(-9.335,4.86,0.));
#13741=CARTESIAN_POINT('',(-8.445,4.86,0.));
#13742=CARTESIAN_POINT('',(-9.335,4.86,0.));
#13743=CARTESIAN_POINT('',(-8.445,4.86,0.));
#13744=CARTESIAN_POINT('',(-9.335,4.86,0.));
#13745=CARTESIAN_POINT('Origin',(-9.335,6.25,0.));
#13746=CARTESIAN_POINT('',(-9.335,6.25,0.));
#13747=CARTESIAN_POINT('',(-9.335,6.25,0.));
#13748=CARTESIAN_POINT('',(-9.335,6.25,0.));
#13749=CARTESIAN_POINT('Origin',(-8.445,4.86,0.));
#13750=CARTESIAN_POINT('',(-8.445,6.25,0.));
#13751=CARTESIAN_POINT('',(-8.445,4.86,0.));
#13752=CARTESIAN_POINT('',(-8.445,6.25,0.));
#13753=CARTESIAN_POINT('Origin',(-8.89,5.555,0.));
#13754=CARTESIAN_POINT('',(-8.445,6.25,0.));
#13755=CARTESIAN_POINT('Origin',(-2.095,-4.86,0.));
#13756=CARTESIAN_POINT('',(-2.985,-4.86,0.));
#13757=CARTESIAN_POINT('',(-2.095,-4.86,0.));
#13758=CARTESIAN_POINT('',(-2.985,-4.86,0.));
#13759=CARTESIAN_POINT('',(-2.985,-4.86,0.));
#13760=CARTESIAN_POINT('',(-2.095,-4.86,0.));
#13761=CARTESIAN_POINT('Origin',(-2.095,-6.25,0.));
#13762=CARTESIAN_POINT('',(-2.095,-6.25,0.));
#13763=CARTESIAN_POINT('',(-2.095,-4.86,0.));
#13764=CARTESIAN_POINT('',(-2.095,-6.25,0.));
#13765=CARTESIAN_POINT('Origin',(-2.985,-4.86,0.));
#13766=CARTESIAN_POINT('',(-2.985,-6.25,0.));
#13767=CARTESIAN_POINT('',(-2.985,-6.25,0.));
#13768=CARTESIAN_POINT('',(-2.985,-6.25,0.));
#13769=CARTESIAN_POINT('Origin',(-2.54,-5.555,0.));
#13770=CARTESIAN_POINT('',(-2.095,-6.25,0.));
#13771=CARTESIAN_POINT('Origin',(-11.21,-0.824999999999997,0.));
#13772=CARTESIAN_POINT('',(-11.21,-0.824999999999997,0.));
#13773=CARTESIAN_POINT('',(-12.6,-0.824999999999997,0.));
#13774=CARTESIAN_POINT('',(-11.21,-0.824999999999997,0.));
#13775=CARTESIAN_POINT('',(-12.6,-0.824999999999997,0.));
#13776=CARTESIAN_POINT('',(-11.21,-0.824999999999997,0.));
#13777=CARTESIAN_POINT('Origin',(-11.21,-1.715,0.));
#13778=CARTESIAN_POINT('',(-11.21,-1.715,0.));
#13779=CARTESIAN_POINT('',(-11.21,-1.715,0.));
#13780=CARTESIAN_POINT('',(-11.21,-1.715,0.));
#13781=CARTESIAN_POINT('Origin',(-12.6,-1.715,0.));
#13782=CARTESIAN_POINT('',(-12.6,-1.715,0.));
#13783=CARTESIAN_POINT('',(-12.6,-1.715,0.));
#13784=CARTESIAN_POINT('',(-12.6,-1.715,0.));
#13785=CARTESIAN_POINT('Origin',(-11.905,-1.27,0.));
#13786=CARTESIAN_POINT('',(-12.6,-0.824999999999997,0.));
#13787=CARTESIAN_POINT('Origin',(-8.445,-6.25,0.));
#13788=CARTESIAN_POINT('',(-8.445,-4.86,0.));
#13789=CARTESIAN_POINT('',(-8.445,-6.25,0.));
#13790=CARTESIAN_POINT('',(-8.445,-4.86,0.));
#13791=CARTESIAN_POINT('',(-8.445,-4.86,0.));
#13792=CARTESIAN_POINT('',(-8.445,-6.25,0.));
#13793=CARTESIAN_POINT('Origin',(-9.335,-4.86,0.));
#13794=CARTESIAN_POINT('',(-9.335,-6.25,0.));
#13795=CARTESIAN_POINT('',(-9.335,-4.86,0.));
#13796=CARTESIAN_POINT('',(-9.335,-6.25,0.));
#13797=CARTESIAN_POINT('',(-9.335,-6.25,0.));
#13798=CARTESIAN_POINT('',(-9.335,-4.86,0.));
#13799=CARTESIAN_POINT('Origin',(-8.445,-4.86,0.));
#13800=CARTESIAN_POINT('',(-9.335,-4.86,0.));
#13801=CARTESIAN_POINT('Origin',(-8.89,-5.555,0.));
#13802=CARTESIAN_POINT('',(-8.445,-6.25,0.));
#13803=CARTESIAN_POINT('Origin',(12.6,-4.255,1.));
#13804=CARTESIAN_POINT('',(12.6,-4.255,1.));
#13805=CARTESIAN_POINT('',(12.6,-4.255,1.));
#13806=CARTESIAN_POINT('',(11.21,-4.255,1.));
#13807=CARTESIAN_POINT('',(12.6,-4.255,1.));
#13808=CARTESIAN_POINT('Origin',(11.21,-3.365,1.));
#13809=CARTESIAN_POINT('',(12.6,-3.365,1.));
#13810=CARTESIAN_POINT('',(11.21,-3.365,1.));
#13811=CARTESIAN_POINT('',(12.6,-3.365,1.));
#13812=CARTESIAN_POINT('',(11.21,-3.365,1.));
#13813=CARTESIAN_POINT('Origin',(11.21,-4.255,1.));
#13814=CARTESIAN_POINT('Origin',(11.905,-3.81,1.));
#13815=CARTESIAN_POINT('',(12.6,-3.365,1.));
#13816=CARTESIAN_POINT('Origin',(8.445,-4.86,0.));
#13817=CARTESIAN_POINT('',(8.445,-6.25,0.));
#13818=CARTESIAN_POINT('',(8.445,-4.86,0.));
#13819=CARTESIAN_POINT('',(8.445,-6.25,0.));
#13820=CARTESIAN_POINT('',(8.445,-6.25,0.));
#13821=CARTESIAN_POINT('',(8.445,-4.86,0.));
#13822=CARTESIAN_POINT('Origin',(9.335,-4.86,0.));
#13823=CARTESIAN_POINT('',(9.335,-4.86,0.));
#13824=CARTESIAN_POINT('',(8.445,-4.86,0.));
#13825=CARTESIAN_POINT('',(9.335,-4.86,0.));
#13826=CARTESIAN_POINT('Origin',(9.335,-6.25,0.));
#13827=CARTESIAN_POINT('',(9.335,-6.25,0.));
#13828=CARTESIAN_POINT('',(9.335,-4.86,0.));
#13829=CARTESIAN_POINT('',(9.335,-6.25,0.));
#13830=CARTESIAN_POINT('Origin',(8.89,-5.555,0.));
#13831=CARTESIAN_POINT('',(9.335,-6.25,0.));
#13832=CARTESIAN_POINT('Origin',(12.6,-3.365,0.));
#13833=CARTESIAN_POINT('',(11.21,-3.365,0.));
#13834=CARTESIAN_POINT('',(12.6,-3.365,0.));
#13835=CARTESIAN_POINT('',(11.21,-3.365,0.));
#13836=CARTESIAN_POINT('',(11.21,-3.365,0.));
#13837=CARTESIAN_POINT('',(12.6,-3.365,0.));
#13838=CARTESIAN_POINT('Origin',(11.21,-4.255,0.));
#13839=CARTESIAN_POINT('',(12.6,-4.255,0.));
#13840=CARTESIAN_POINT('',(11.21,-4.255,0.));
#13841=CARTESIAN_POINT('',(12.6,-4.255,0.));
#13842=CARTESIAN_POINT('',(12.6,-4.255,0.));
#13843=CARTESIAN_POINT('',(11.21,-4.255,0.));
#13844=CARTESIAN_POINT('Origin',(11.21,-3.365,0.));
#13845=CARTESIAN_POINT('',(11.21,-4.255,0.));
#13846=CARTESIAN_POINT('Origin',(11.905,-3.81,0.));
#13847=CARTESIAN_POINT('',(12.6,-3.365,0.));
#13848=CARTESIAN_POINT('Origin',(11.21,2.985,0.));
#13849=CARTESIAN_POINT('',(11.21,2.095,0.));
#13850=CARTESIAN_POINT('',(11.21,2.985,0.));
#13851=CARTESIAN_POINT('',(11.21,2.095,0.));
#13852=CARTESIAN_POINT('',(11.21,2.095,0.));
#13853=CARTESIAN_POINT('',(11.21,2.985,0.));
#13854=CARTESIAN_POINT('Origin',(12.6,2.985,0.));
#13855=CARTESIAN_POINT('',(12.6,2.985,0.));
#13856=CARTESIAN_POINT('',(11.21,2.985,0.));
#13857=CARTESIAN_POINT('',(12.6,2.985,0.));
#13858=CARTESIAN_POINT('Origin',(11.21,2.095,0.));
#13859=CARTESIAN_POINT('',(12.6,2.095,0.));
#13860=CARTESIAN_POINT('',(12.6,2.095,0.));
#13861=CARTESIAN_POINT('',(12.6,2.095,0.));
#13862=CARTESIAN_POINT('Origin',(11.905,2.54,0.));
#13863=CARTESIAN_POINT('',(12.6,2.985,0.));
#13864=CARTESIAN_POINT('Origin',(12.6,1.715,0.));
#13865=CARTESIAN_POINT('',(11.21,1.715,0.));
#13866=CARTESIAN_POINT('',(12.6,1.715,0.));
#13867=CARTESIAN_POINT('',(11.21,1.715,0.));
#13868=CARTESIAN_POINT('',(11.21,1.715,0.));
#13869=CARTESIAN_POINT('',(12.6,1.715,0.));
#13870=CARTESIAN_POINT('Origin',(11.21,0.824999999999999,0.));
#13871=CARTESIAN_POINT('',(12.6,0.824999999999999,0.));
#13872=CARTESIAN_POINT('',(11.21,0.824999999999999,0.));
#13873=CARTESIAN_POINT('',(12.6,0.824999999999999,0.));
#13874=CARTESIAN_POINT('',(12.6,0.824999999999999,0.));
#13875=CARTESIAN_POINT('',(11.21,0.824999999999999,0.));
#13876=CARTESIAN_POINT('Origin',(11.21,1.715,0.));
#13877=CARTESIAN_POINT('',(11.21,0.824999999999999,0.));
#13878=CARTESIAN_POINT('Origin',(11.905,1.27,0.));
#13879=CARTESIAN_POINT('',(12.6,1.715,0.));
#13880=CARTESIAN_POINT('Origin',(3.365,4.86,0.));
#13881=CARTESIAN_POINT('',(3.365,4.86,0.));
#13882=CARTESIAN_POINT('',(4.255,4.86,0.));
#13883=CARTESIAN_POINT('',(3.365,4.86,0.));
#13884=CARTESIAN_POINT('',(4.255,4.86,0.));
#13885=CARTESIAN_POINT('',(3.365,4.86,0.));
#13886=CARTESIAN_POINT('Origin',(3.365,6.25,0.));
#13887=CARTESIAN_POINT('',(3.365,6.25,0.));
#13888=CARTESIAN_POINT('',(3.365,6.25,0.));
#13889=CARTESIAN_POINT('',(3.365,6.25,0.));
#13890=CARTESIAN_POINT('Origin',(4.255,4.86,0.));
#13891=CARTESIAN_POINT('',(4.255,6.25,0.));
#13892=CARTESIAN_POINT('',(4.255,4.86,0.));
#13893=CARTESIAN_POINT('',(4.255,6.25,0.));
#13894=CARTESIAN_POINT('Origin',(3.81,5.555,0.));
#13895=CARTESIAN_POINT('',(4.255,6.25,0.));
#13896=CARTESIAN_POINT('Origin',(7.17500000000001,4.86,0.));
#13897=CARTESIAN_POINT('',(7.17500000000001,4.86,0.));
#13898=CARTESIAN_POINT('',(8.065,4.86,0.));
#13899=CARTESIAN_POINT('',(7.17500000000001,4.86,0.));
#13900=CARTESIAN_POINT('',(8.065,4.86,0.));
#13901=CARTESIAN_POINT('',(7.17500000000001,4.86,0.));
#13902=CARTESIAN_POINT('Origin',(7.17500000000001,6.25,0.));
#13903=CARTESIAN_POINT('',(7.17500000000001,6.25,0.));
#13904=CARTESIAN_POINT('',(7.17500000000001,6.25,0.));
#13905=CARTESIAN_POINT('',(7.17500000000001,6.25,0.));
#13906=CARTESIAN_POINT('Origin',(8.065,4.86,0.));
#13907=CARTESIAN_POINT('',(8.065,6.25,0.));
#13908=CARTESIAN_POINT('',(8.065,4.86,0.));
#13909=CARTESIAN_POINT('',(8.065,6.25,0.));
#13910=CARTESIAN_POINT('Origin',(7.62000000000001,5.555,0.));
#13911=CARTESIAN_POINT('',(8.065,6.25,0.));
#13912=CARTESIAN_POINT('Origin',(-9.715,-4.86,1.));
#13913=CARTESIAN_POINT('',(-9.715,-6.25,1.));
#13914=CARTESIAN_POINT('',(-9.715,-4.86,1.));
#13915=CARTESIAN_POINT('',(-9.715,-6.25,1.));
#13916=CARTESIAN_POINT('',(-9.715,-4.86,1.));
#13917=CARTESIAN_POINT('Origin',(-10.605,-4.86,1.));
#13918=CARTESIAN_POINT('',(-10.605,-4.86,1.));
#13919=CARTESIAN_POINT('Origin',(-10.605,-6.25,1.));
#13920=CARTESIAN_POINT('',(-10.605,-6.25,1.));
#13921=CARTESIAN_POINT('',(-10.605,-6.25,1.));
#13922=CARTESIAN_POINT('',(-10.605,-6.25,1.));
#13923=CARTESIAN_POINT('Origin',(-10.16,-5.555,1.));
#13924=CARTESIAN_POINT('',(-9.715,-6.25,1.));
#13925=CARTESIAN_POINT('Origin',(11.21,0.444999999999999,0.));
#13926=CARTESIAN_POINT('',(11.21,-0.445000000000001,0.));
#13927=CARTESIAN_POINT('',(11.21,0.444999999999999,0.));
#13928=CARTESIAN_POINT('',(11.21,-0.445000000000001,0.));
#13929=CARTESIAN_POINT('',(11.21,-0.445000000000001,0.));
#13930=CARTESIAN_POINT('',(11.21,0.444999999999999,0.));
#13931=CARTESIAN_POINT('Origin',(12.6,0.444999999999999,0.));
#13932=CARTESIAN_POINT('',(12.6,0.444999999999999,0.));
#13933=CARTESIAN_POINT('',(11.21,0.444999999999999,0.));
#13934=CARTESIAN_POINT('',(12.6,0.444999999999999,0.));
#13935=CARTESIAN_POINT('Origin',(11.21,-0.445000000000001,0.));
#13936=CARTESIAN_POINT('',(12.6,-0.445000000000001,0.));
#13937=CARTESIAN_POINT('',(12.6,-0.445000000000001,0.));
#13938=CARTESIAN_POINT('',(12.6,-0.445000000000001,0.));
#13939=CARTESIAN_POINT('Origin',(11.905,-1.04749542373384E-15,0.));
#13940=CARTESIAN_POINT('',(12.6,0.444999999999999,0.));
#13941=CARTESIAN_POINT('Origin',(-11.21,-2.095,0.));
#13942=CARTESIAN_POINT('',(-11.21,-2.095,0.));
#13943=CARTESIAN_POINT('',(-12.6,-2.095,0.));
#13944=CARTESIAN_POINT('',(-11.21,-2.095,0.));
#13945=CARTESIAN_POINT('',(-12.6,-2.095,0.));
#13946=CARTESIAN_POINT('',(-11.21,-2.095,0.));
#13947=CARTESIAN_POINT('Origin',(-11.21,-2.985,0.));
#13948=CARTESIAN_POINT('',(-11.21,-2.985,0.));
#13949=CARTESIAN_POINT('',(-11.21,-2.985,0.));
#13950=CARTESIAN_POINT('',(-11.21,-2.985,0.));
#13951=CARTESIAN_POINT('Origin',(-12.6,-2.985,0.));
#13952=CARTESIAN_POINT('',(-12.6,-2.985,0.));
#13953=CARTESIAN_POINT('',(-12.6,-2.985,0.));
#13954=CARTESIAN_POINT('',(-12.6,-2.985,0.));
#13955=CARTESIAN_POINT('Origin',(-11.905,-2.54,0.));
#13956=CARTESIAN_POINT('',(-12.6,-2.095,0.));
#13957=CARTESIAN_POINT('Origin',(-9.715,6.25,1.));
#13958=CARTESIAN_POINT('',(-9.715,4.86,1.));
#13959=CARTESIAN_POINT('',(-9.715,6.25,1.));
#13960=CARTESIAN_POINT('',(-9.715,6.25,1.));
#13961=CARTESIAN_POINT('',(-9.715,4.86,1.));
#13962=CARTESIAN_POINT('Origin',(-10.605,4.86,1.));
#13963=CARTESIAN_POINT('',(-10.605,6.25,1.));
#13964=CARTESIAN_POINT('',(-10.605,6.25,1.));
#13965=CARTESIAN_POINT('',(-10.605,6.25,1.));
#13966=CARTESIAN_POINT('',(-10.605,4.86,1.));
#13967=CARTESIAN_POINT('Origin',(-9.715,4.86,1.));
#13968=CARTESIAN_POINT('Origin',(-10.16,5.555,1.));
#13969=CARTESIAN_POINT('',(-9.715,6.25,1.));
#13970=CARTESIAN_POINT('Origin',(5.905,-4.86,0.));
#13971=CARTESIAN_POINT('',(5.905,-6.25,0.));
#13972=CARTESIAN_POINT('',(5.905,-4.86,0.));
#13973=CARTESIAN_POINT('',(5.905,-6.25,0.));
#13974=CARTESIAN_POINT('',(5.905,-6.25,0.));
#13975=CARTESIAN_POINT('',(5.905,-4.86,0.));
#13976=CARTESIAN_POINT('Origin',(6.795,-4.86,0.));
#13977=CARTESIAN_POINT('',(6.795,-4.86,0.));
#13978=CARTESIAN_POINT('',(5.905,-4.86,0.));
#13979=CARTESIAN_POINT('',(6.795,-4.86,0.));
#13980=CARTESIAN_POINT('Origin',(6.795,-6.25,0.));
#13981=CARTESIAN_POINT('',(6.795,-6.25,0.));
#13982=CARTESIAN_POINT('',(6.795,-4.86,0.));
#13983=CARTESIAN_POINT('',(6.795,-6.25,0.));
#13984=CARTESIAN_POINT('Origin',(6.35,-5.555,0.));
#13985=CARTESIAN_POINT('',(6.795,-6.25,0.));
#13986=CARTESIAN_POINT('Origin',(11.21,4.255,1.));
#13987=CARTESIAN_POINT('',(12.6,4.255,1.));
#13988=CARTESIAN_POINT('',(11.21,4.255,1.));
#13989=CARTESIAN_POINT('',(12.6,4.255,1.));
#13990=CARTESIAN_POINT('',(11.21,4.255,1.));
#13991=CARTESIAN_POINT('Origin',(11.21,3.365,1.));
#13992=CARTESIAN_POINT('',(11.21,3.365,1.));
#13993=CARTESIAN_POINT('Origin',(12.6,3.365,1.));
#13994=CARTESIAN_POINT('',(12.6,3.365,1.));
#13995=CARTESIAN_POINT('',(12.6,3.365,1.));
#13996=CARTESIAN_POINT('',(12.6,3.365,1.));
#13997=CARTESIAN_POINT('Origin',(11.905,3.81,1.));
#13998=CARTESIAN_POINT('',(12.6,4.255,1.));
#13999=CARTESIAN_POINT('Origin',(11.21,-2.095,0.));
#14000=CARTESIAN_POINT('',(11.21,-2.985,0.));
#14001=CARTESIAN_POINT('',(11.21,-2.095,0.));
#14002=CARTESIAN_POINT('',(11.21,-2.985,0.));
#14003=CARTESIAN_POINT('',(11.21,-2.985,0.));
#14004=CARTESIAN_POINT('',(11.21,-2.095,0.));
#14005=CARTESIAN_POINT('Origin',(12.6,-2.095,0.));
#14006=CARTESIAN_POINT('',(12.6,-2.095,0.));
#14007=CARTESIAN_POINT('',(11.21,-2.095,0.));
#14008=CARTESIAN_POINT('',(12.6,-2.095,0.));
#14009=CARTESIAN_POINT('Origin',(12.6,-2.985,0.));
#14010=CARTESIAN_POINT('',(12.6,-2.985,0.));
#14011=CARTESIAN_POINT('',(12.6,-2.095,0.));
#14012=CARTESIAN_POINT('',(12.6,6.25,0.4));
#14013=CARTESIAN_POINT('',(12.6,-6.25,0.4));
#14014=CARTESIAN_POINT('',(12.6,-2.985,0.));
#14015=CARTESIAN_POINT('Origin',(11.21,-2.985,0.));
#14016=CARTESIAN_POINT('',(12.6,-2.985,0.));
#14017=CARTESIAN_POINT('Origin',(11.905,-2.54,0.));
#14018=CARTESIAN_POINT('Origin',(5.90500000000001,4.86,0.));
#14019=CARTESIAN_POINT('',(5.90500000000001,4.86,0.));
#14020=CARTESIAN_POINT('',(6.79500000000001,4.86,0.));
#14021=CARTESIAN_POINT('',(5.90500000000001,4.86,0.));
#14022=CARTESIAN_POINT('',(6.79500000000001,4.86,0.));
#14023=CARTESIAN_POINT('',(5.90500000000001,4.86,0.));
#14024=CARTESIAN_POINT('Origin',(5.90500000000001,6.25,0.));
#14025=CARTESIAN_POINT('',(5.90500000000001,6.25,0.));
#14026=CARTESIAN_POINT('',(5.90500000000001,6.25,0.));
#14027=CARTESIAN_POINT('',(5.90500000000001,6.25,0.));
#14028=CARTESIAN_POINT('Origin',(6.79500000000001,4.86,0.));
#14029=CARTESIAN_POINT('',(6.79500000000001,6.25,0.));
#14030=CARTESIAN_POINT('',(6.79500000000001,4.86,0.));
#14031=CARTESIAN_POINT('',(6.79500000000001,6.25,0.));
#14032=CARTESIAN_POINT('Origin',(6.35000000000001,5.555,0.));
#14033=CARTESIAN_POINT('',(6.79500000000001,6.25,0.));
#14034=CARTESIAN_POINT('Origin',(-11.21,2.985,0.));
#14035=CARTESIAN_POINT('',(-11.21,2.985,0.));
#14036=CARTESIAN_POINT('',(-12.6,2.985,0.));
#14037=CARTESIAN_POINT('',(-11.21,2.985,0.));
#14038=CARTESIAN_POINT('',(-12.6,2.985,0.));
#14039=CARTESIAN_POINT('',(-11.21,2.985,0.));
#14040=CARTESIAN_POINT('Origin',(-11.21,2.095,0.));
#14041=CARTESIAN_POINT('',(-11.21,2.095,0.));
#14042=CARTESIAN_POINT('',(-11.21,2.095,0.));
#14043=CARTESIAN_POINT('',(-11.21,2.095,0.));
#14044=CARTESIAN_POINT('Origin',(-12.6,2.095,0.));
#14045=CARTESIAN_POINT('',(-12.6,2.095,0.));
#14046=CARTESIAN_POINT('',(-12.6,2.095,0.));
#14047=CARTESIAN_POINT('',(-12.6,2.095,0.));
#14048=CARTESIAN_POINT('Origin',(-11.905,2.54,0.));
#14049=CARTESIAN_POINT('',(-12.6,2.985,0.));
#14050=CARTESIAN_POINT('Origin',(-2.985,4.86,0.));
#14051=CARTESIAN_POINT('',(-2.985,4.86,0.));
#14052=CARTESIAN_POINT('',(-2.095,4.86,0.));
#14053=CARTESIAN_POINT('',(-2.985,4.86,0.));
#14054=CARTESIAN_POINT('',(-2.095,4.86,0.));
#14055=CARTESIAN_POINT('',(-2.985,4.86,0.));
#14056=CARTESIAN_POINT('Origin',(-2.985,6.25,0.));
#14057=CARTESIAN_POINT('',(-2.985,6.25,0.));
#14058=CARTESIAN_POINT('',(-2.985,6.25,0.));
#14059=CARTESIAN_POINT('',(-2.985,6.25,0.));
#14060=CARTESIAN_POINT('Origin',(-2.095,4.86,0.));
#14061=CARTESIAN_POINT('',(-2.095,6.25,0.));
#14062=CARTESIAN_POINT('',(-2.095,4.86,0.));
#14063=CARTESIAN_POINT('',(-2.095,6.25,0.));
#14064=CARTESIAN_POINT('Origin',(-2.54,5.555,0.));
#14065=CARTESIAN_POINT('',(-2.095,6.25,0.));
#14066=CARTESIAN_POINT('Origin',(-12.6,4.255,0.));
#14067=CARTESIAN_POINT('',(-12.6,4.255,0.));
#14068=CARTESIAN_POINT('',(-12.6,3.365,0.));
#14069=CARTESIAN_POINT('',(-12.6,4.255,0.));
#14070=CARTESIAN_POINT('',(-12.6,3.365,0.));
#14071=CARTESIAN_POINT('',(-12.6,-6.25,0.4));
#14072=CARTESIAN_POINT('',(-12.6,6.25,0.4));
#14073=CARTESIAN_POINT('',(-12.6,4.255,0.));
#14074=CARTESIAN_POINT('Origin',(-11.21,4.255,0.));
#14075=CARTESIAN_POINT('',(-11.21,4.255,0.));
#14076=CARTESIAN_POINT('',(-11.21,4.255,0.));
#14077=CARTESIAN_POINT('',(-11.21,4.255,0.));
#14078=CARTESIAN_POINT('Origin',(-11.21,3.365,0.));
#14079=CARTESIAN_POINT('',(-11.21,3.365,0.));
#14080=CARTESIAN_POINT('',(-11.21,3.365,0.));
#14081=CARTESIAN_POINT('',(-11.21,3.365,0.));
#14082=CARTESIAN_POINT('Origin',(-12.6,3.365,0.));
#14083=CARTESIAN_POINT('',(-12.6,3.365,0.));
#14084=CARTESIAN_POINT('Origin',(-11.905,3.81,0.));
#14085=CARTESIAN_POINT('Origin',(-5.525,4.86,0.));
#14086=CARTESIAN_POINT('',(-5.525,4.86,0.));
#14087=CARTESIAN_POINT('',(-4.635,4.86,0.));
#14088=CARTESIAN_POINT('',(-5.525,4.86,0.));
#14089=CARTESIAN_POINT('',(-4.635,4.86,0.));
#14090=CARTESIAN_POINT('',(-5.525,4.86,0.));
#14091=CARTESIAN_POINT('Origin',(-5.525,6.25,0.));
#14092=CARTESIAN_POINT('',(-5.525,6.25,0.));
#14093=CARTESIAN_POINT('',(-5.525,6.25,0.));
#14094=CARTESIAN_POINT('',(-5.525,6.25,0.));
#14095=CARTESIAN_POINT('Origin',(-4.635,4.86,0.));
#14096=CARTESIAN_POINT('',(-4.635,6.25,0.));
#14097=CARTESIAN_POINT('',(-4.635,4.86,0.));
#14098=CARTESIAN_POINT('',(-4.635,6.25,0.));
#14099=CARTESIAN_POINT('Origin',(-5.08,5.555,0.));
#14100=CARTESIAN_POINT('',(-4.635,6.25,0.));
#14101=CARTESIAN_POINT('Origin',(2.095,4.86,0.));
#14102=CARTESIAN_POINT('',(2.095,4.86,0.));
#14103=CARTESIAN_POINT('',(2.985,4.86,0.));
#14104=CARTESIAN_POINT('',(2.095,4.86,0.));
#14105=CARTESIAN_POINT('',(2.985,4.86,0.));
#14106=CARTESIAN_POINT('',(2.095,4.86,0.));
#14107=CARTESIAN_POINT('Origin',(2.095,6.25,0.));
#14108=CARTESIAN_POINT('',(2.095,6.25,0.));
#14109=CARTESIAN_POINT('',(2.095,6.25,0.));
#14110=CARTESIAN_POINT('',(2.095,6.25,0.));
#14111=CARTESIAN_POINT('Origin',(2.985,6.25,0.));
#14112=CARTESIAN_POINT('',(2.985,6.25,0.));
#14113=CARTESIAN_POINT('',(2.985,6.25,0.));
#14114=CARTESIAN_POINT('',(2.985,6.25,0.));
#14115=CARTESIAN_POINT('Origin',(2.985,4.86,0.));
#14116=CARTESIAN_POINT('',(2.985,4.86,0.));
#14117=CARTESIAN_POINT('Origin',(2.54,5.555,0.));
#14118=CARTESIAN_POINT('Origin',(3.365,-4.86,0.));
#14119=CARTESIAN_POINT('',(3.365,-6.25,0.));
#14120=CARTESIAN_POINT('',(3.365,-4.86,0.));
#14121=CARTESIAN_POINT('',(3.365,-6.25,0.));
#14122=CARTESIAN_POINT('',(3.365,-6.25,0.));
#14123=CARTESIAN_POINT('',(3.365,-4.86,0.));
#14124=CARTESIAN_POINT('Origin',(4.255,-4.86,0.));
#14125=CARTESIAN_POINT('',(4.255,-4.86,0.));
#14126=CARTESIAN_POINT('',(3.365,-4.86,0.));
#14127=CARTESIAN_POINT('',(4.255,-4.86,0.));
#14128=CARTESIAN_POINT('Origin',(4.255,-6.25,0.));
#14129=CARTESIAN_POINT('',(4.255,-6.25,0.));
#14130=CARTESIAN_POINT('',(4.255,-4.86,0.));
#14131=CARTESIAN_POINT('',(4.255,-6.25,0.));
#14132=CARTESIAN_POINT('Origin',(3.81,-5.555,0.));
#14133=CARTESIAN_POINT('',(4.255,-6.25,0.));
#14134=CARTESIAN_POINT('Origin',(7.175,-4.86,0.));
#14135=CARTESIAN_POINT('',(7.175,-6.25,0.));
#14136=CARTESIAN_POINT('',(7.175,-4.86,0.));
#14137=CARTESIAN_POINT('',(7.175,-6.25,0.));
#14138=CARTESIAN_POINT('',(7.175,-6.25,0.));
#14139=CARTESIAN_POINT('',(7.175,-4.86,0.));
#14140=CARTESIAN_POINT('Origin',(8.065,-4.86,0.));
#14141=CARTESIAN_POINT('',(8.065,-4.86,0.));
#14142=CARTESIAN_POINT('',(7.175,-4.86,0.));
#14143=CARTESIAN_POINT('',(8.065,-4.86,0.));
#14144=CARTESIAN_POINT('Origin',(8.065,-6.25,0.));
#14145=CARTESIAN_POINT('',(8.065,-6.25,0.));
#14146=CARTESIAN_POINT('',(8.065,-4.86,0.));
#14147=CARTESIAN_POINT('',(8.065,-6.25,0.));
#14148=CARTESIAN_POINT('Origin',(7.175,-6.25,0.));
#14149=CARTESIAN_POINT('',(8.065,-6.25,0.));
#14150=CARTESIAN_POINT('Origin',(7.62,-5.555,0.));
#14151=UNCERTAINTY_MEASURE_WITH_UNIT(LENGTH_MEASURE(0.01),#14155,
'DISTANCE_ACCURACY_VALUE',
'Maximum model space distance between geometric entities at asserted c
onnectivities');
#14152=UNCERTAINTY_MEASURE_WITH_UNIT(LENGTH_MEASURE(0.01),#14155,
'DISTANCE_ACCURACY_VALUE',
'Maximum model space distance between geometric entities at asserted c
onnectivities');
#14153=(
GEOMETRIC_REPRESENTATION_CONTEXT(3)
GLOBAL_UNCERTAINTY_ASSIGNED_CONTEXT((#14151))
GLOBAL_UNIT_ASSIGNED_CONTEXT((#14155,#14157,#14158))
REPRESENTATION_CONTEXT('','3D')
);
#14154=(
GEOMETRIC_REPRESENTATION_CONTEXT(3)
GLOBAL_UNCERTAINTY_ASSIGNED_CONTEXT((#14152))
GLOBAL_UNIT_ASSIGNED_CONTEXT((#14155,#14157,#14158))
REPRESENTATION_CONTEXT('','3D')
);
#14155=(
LENGTH_UNIT()
NAMED_UNIT(*)
SI_UNIT(.MILLI.,.METRE.)
);
#14156=(
LENGTH_UNIT()
NAMED_UNIT(*)
SI_UNIT($,.METRE.)
);
#14157=(
NAMED_UNIT(*)
PLANE_ANGLE_UNIT()
SI_UNIT($,.RADIAN.)
);
#14158=(
NAMED_UNIT(*)
SI_UNIT($,.STERADIAN.)
SOLID_ANGLE_UNIT()
);
#14159=SHAPE_DEFINITION_REPRESENTATION(#14160,#14161);
#14160=PRODUCT_DEFINITION_SHAPE('',$,#14163);
#14161=SHAPE_REPRESENTATION('',(#9083),#14153);
#14162=PRODUCT_DEFINITION_CONTEXT('part definition',#14167,'design');
#14163=PRODUCT_DEFINITION('2026-09-15-16-58-29-628',
'Radiocrafts_RC17xxHP-RC232',#14164,#14162);
#14164=PRODUCT_DEFINITION_FORMATION('',$,#14169);
#14165=PRODUCT_RELATED_PRODUCT_CATEGORY('Radiocrafts_RC17xxHP-RC232',
'Radiocrafts_RC17xxHP-RC232',(#14169));
#14166=APPLICATION_PROTOCOL_DEFINITION('international standard',
'automotive_design',2009,#14167);
#14167=APPLICATION_CONTEXT(
'Core Data for Automotive Mechanical Design Process');
#14168=PRODUCT_CONTEXT('part definition',#14167,'mechanical');
#14169=PRODUCT('2026-09-15-16-58-29-628','Radiocrafts_RC17xxHP-RC232',$,
(#14168));
#14170=PRESENTATION_STYLE_ASSIGNMENT((#14173));
#14171=PRESENTATION_STYLE_ASSIGNMENT((#14174));
#14172=PRESENTATION_STYLE_ASSIGNMENT((#14175));
#14173=SURFACE_STYLE_USAGE(.BOTH.,#14176);
#14174=SURFACE_STYLE_USAGE(.BOTH.,#14177);
#14175=SURFACE_STYLE_USAGE(.BOTH.,#14178);
#14176=SURFACE_SIDE_STYLE('',(#14179));
#14177=SURFACE_SIDE_STYLE('',(#14180));
#14178=SURFACE_SIDE_STYLE('',(#14181));
#14179=SURFACE_STYLE_FILL_AREA(#14182);
#14180=SURFACE_STYLE_FILL_AREA(#14183);
#14181=SURFACE_STYLE_FILL_AREA(#14184);
#14182=FILL_AREA_STYLE('Steel - Satin',(#14185));
#14183=FILL_AREA_STYLE('FR4',(#14186));
#14184=FILL_AREA_STYLE('Aluminum - Satin',(#14187));
#14185=FILL_AREA_STYLE_COLOUR('Steel - Satin',#14188);
#14186=FILL_AREA_STYLE_COLOUR('FR4',#14189);
#14187=FILL_AREA_STYLE_COLOUR('Aluminum - Satin',#14190);
#14188=COLOUR_RGB('Steel - Satin',0.627450980392157,0.627450980392157,0.627450980392157);
#14189=COLOUR_RGB('FR4',0.266666666666667,0.466666666666667,0.4);
#14190=COLOUR_RGB('Aluminum - Satin',0.96078431372549,0.96078431372549,
0.964705882352941);
ENDSEC;
END-ISO-10303-21;
