ISO-10303-21;
HEADER;
/* Generated by software containing ST-Developer
 * from STEP Tools, Inc. (www.steptools.com) 
 */

FILE_DESCRIPTION(
/* description */ (''),
/* implementation_level */ '2;1');

FILE_NAME(
/* name */ 'Samtec_ESQ108-13.step',
/* time_stamp */ '2026-09-16T20:38:09+02:00',
/* author */ (''),
/* organization */ (''),
/* preprocessor_version */ 'ST-DEVELOPER v20.2',
/* originating_system */ 'Autodesk Translation Framework v15.15.0.0',
/* authorisation */ '');

FILE_SCHEMA (('AUTOMOTIVE_DESIGN { 1 0 10303 214 3 1 1 }'));
ENDSEC;

DATA;
#10=MECHANICAL_DESIGN_GEOMETRIC_PRESENTATION_REPRESENTATION('',(#14,#15,
#16,#17,#18,#19,#20,#21,#22,#23,#24,#25,#26,#27,#28,#29,#30,#31,#32,#33,
#34,#35,#36,#37,#38,#39,#40,#41,#42,#43,#44,#45,#46,#47,#48,#49,#50,#51,
#52,#53,#54,#55,#56,#57,#58,#59,#60,#61,#62,#63,#64,#65,#66,#67,#68,#69,
#70,#71,#72,#73,#74,#75,#76,#77,#78,#79,#80,#81,#82,#83,#84,#85,#86,#87,
#88,#89,#90,#91,#92,#93,#94,#95,#96,#97,#98,#99,#100,#101,#102,#103,#104,
#105,#106,#107,#108,#109,#110,#111,#112,#113,#114,#115,#116,#117,#118),
#7921);
#11=SHAPE_REPRESENTATION_RELATIONSHIP('SRR','None',#7928,#12);
#12=ADVANCED_BREP_SHAPE_REPRESENTATION('',(#13),#7920);
#13=MANIFOLD_SOLID_BREP('Body1',#5069);
#14=STYLED_ITEM('',(#7939),#4854);
#15=STYLED_ITEM('',(#7939),#4855);
#16=STYLED_ITEM('',(#7939),#4856);
#17=STYLED_ITEM('',(#7939),#4857);
#18=STYLED_ITEM('',(#7939),#4858);
#19=STYLED_ITEM('',(#7939),#4859);
#20=STYLED_ITEM('',(#7939),#4860);
#21=STYLED_ITEM('',(#7939),#4861);
#22=STYLED_ITEM('',(#7939),#4862);
#23=STYLED_ITEM('',(#7939),#4868);
#24=STYLED_ITEM('',(#7939),#4869);
#25=STYLED_ITEM('',(#7939),#4871);
#26=STYLED_ITEM('',(#7939),#4872);
#27=STYLED_ITEM('',(#7939),#4877);
#28=STYLED_ITEM('',(#7939),#4878);
#29=STYLED_ITEM('',(#7939),#4879);
#30=STYLED_ITEM('',(#7939),#4880);
#31=STYLED_ITEM('',(#7939),#4881);
#32=STYLED_ITEM('',(#7939),#4882);
#33=STYLED_ITEM('',(#7939),#4883);
#34=STYLED_ITEM('',(#7939),#4884);
#35=STYLED_ITEM('',(#7939),#4885);
#36=STYLED_ITEM('',(#7939),#4890);
#37=STYLED_ITEM('',(#7939),#4891);
#38=STYLED_ITEM('',(#7939),#4893);
#39=STYLED_ITEM('',(#7939),#4894);
#40=STYLED_ITEM('',(#7939),#4899);
#41=STYLED_ITEM('',(#7939),#4900);
#42=STYLED_ITEM('',(#7939),#4901);
#43=STYLED_ITEM('',(#7939),#4902);
#44=STYLED_ITEM('',(#7939),#4903);
#45=STYLED_ITEM('',(#7939),#4904);
#46=STYLED_ITEM('',(#7939),#4905);
#47=STYLED_ITEM('',(#7939),#4906);
#48=STYLED_ITEM('',(#7939),#4907);
#49=STYLED_ITEM('',(#7939),#4912);
#50=STYLED_ITEM('',(#7939),#4913);
#51=STYLED_ITEM('',(#7939),#4915);
#52=STYLED_ITEM('',(#7939),#4916);
#53=STYLED_ITEM('',(#7939),#4921);
#54=STYLED_ITEM('',(#7939),#4922);
#55=STYLED_ITEM('',(#7939),#4923);
#56=STYLED_ITEM('',(#7939),#4924);
#57=STYLED_ITEM('',(#7939),#4925);
#58=STYLED_ITEM('',(#7939),#4926);
#59=STYLED_ITEM('',(#7939),#4927);
#60=STYLED_ITEM('',(#7939),#4928);
#61=STYLED_ITEM('',(#7939),#4929);
#62=STYLED_ITEM('',(#7939),#4934);
#63=STYLED_ITEM('',(#7939),#4935);
#64=STYLED_ITEM('',(#7939),#4937);
#65=STYLED_ITEM('',(#7939),#4938);
#66=STYLED_ITEM('',(#7939),#4942);
#67=STYLED_ITEM('',(#7939),#4943);
#68=STYLED_ITEM('',(#7939),#4944);
#69=STYLED_ITEM('',(#7939),#4945);
#70=STYLED_ITEM('',(#7939),#4946);
#71=STYLED_ITEM('',(#7939),#4947);
#72=STYLED_ITEM('',(#7939),#4948);
#73=STYLED_ITEM('',(#7939),#4949);
#74=STYLED_ITEM('',(#7939),#4950);
#75=STYLED_ITEM('',(#7939),#4955);
#76=STYLED_ITEM('',(#7939),#4956);
#77=STYLED_ITEM('',(#7939),#4958);
#78=STYLED_ITEM('',(#7939),#4959);
#79=STYLED_ITEM('',(#7939),#4962);
#80=STYLED_ITEM('',(#7939),#4963);
#81=STYLED_ITEM('',(#7939),#4964);
#82=STYLED_ITEM('',(#7939),#4965);
#83=STYLED_ITEM('',(#7939),#4966);
#84=STYLED_ITEM('',(#7939),#4967);
#85=STYLED_ITEM('',(#7939),#4968);
#86=STYLED_ITEM('',(#7939),#4969);
#87=STYLED_ITEM('',(#7939),#4970);
#88=STYLED_ITEM('',(#7939),#4975);
#89=STYLED_ITEM('',(#7939),#4976);
#90=STYLED_ITEM('',(#7939),#4978);
#91=STYLED_ITEM('',(#7939),#4979);
#92=STYLED_ITEM('',(#7939),#4986);
#93=STYLED_ITEM('',(#7939),#4987);
#94=STYLED_ITEM('',(#7939),#4988);
#95=STYLED_ITEM('',(#7939),#4989);
#96=STYLED_ITEM('',(#7939),#4990);
#97=STYLED_ITEM('',(#7939),#4991);
#98=STYLED_ITEM('',(#7939),#4992);
#99=STYLED_ITEM('',(#7939),#4993);
#100=STYLED_ITEM('',(#7939),#4994);
#101=STYLED_ITEM('',(#7939),#5000);
#102=STYLED_ITEM('',(#7939),#5001);
#103=STYLED_ITEM('',(#7939),#5003);
#104=STYLED_ITEM('',(#7939),#5004);
#105=STYLED_ITEM('',(#7939),#5009);
#106=STYLED_ITEM('',(#7939),#5010);
#107=STYLED_ITEM('',(#7939),#5011);
#108=STYLED_ITEM('',(#7939),#5012);
#109=STYLED_ITEM('',(#7939),#5013);
#110=STYLED_ITEM('',(#7939),#5014);
#111=STYLED_ITEM('',(#7939),#5015);
#112=STYLED_ITEM('',(#7939),#5016);
#113=STYLED_ITEM('',(#7939),#5017);
#114=STYLED_ITEM('',(#7939),#5023);
#115=STYLED_ITEM('',(#7939),#5024);
#116=STYLED_ITEM('',(#7939),#5026);
#117=STYLED_ITEM('',(#7939),#5027);
#118=STYLED_ITEM('',(#7938),#13);
#119=FACE_BOUND('',#438,.T.);
#120=FACE_BOUND('',#439,.T.);
#121=FACE_BOUND('',#440,.T.);
#122=FACE_BOUND('',#441,.T.);
#123=FACE_BOUND('',#442,.T.);
#124=FACE_BOUND('',#443,.T.);
#125=FACE_BOUND('',#444,.T.);
#126=FACE_BOUND('',#445,.T.);
#127=FACE_BOUND('',#508,.T.);
#128=FACE_BOUND('',#531,.T.);
#129=FACE_BOUND('',#554,.T.);
#130=FACE_BOUND('',#577,.T.);
#131=FACE_BOUND('',#599,.T.);
#132=FACE_BOUND('',#620,.T.);
#133=FACE_BOUND('',#637,.T.);
#134=FACE_BOUND('',#638,.T.);
#135=FACE_BOUND('',#639,.T.);
#136=FACE_BOUND('',#640,.T.);
#137=FACE_BOUND('',#641,.T.);
#138=FACE_BOUND('',#642,.T.);
#139=FACE_BOUND('',#643,.T.);
#140=FACE_BOUND('',#644,.T.);
#141=FACE_BOUND('',#654,.T.);
#142=FACE_BOUND('',#678,.T.);
#143=FACE_BOUND('',#682,.T.);
#144=FACE_BOUND('',#686,.T.);
#145=FACE_BOUND('',#690,.T.);
#146=FACE_BOUND('',#694,.T.);
#147=FACE_BOUND('',#698,.T.);
#148=FACE_BOUND('',#701,.T.);
#149=FACE_BOUND('',#706,.T.);
#150=FACE_BOUND('',#710,.T.);
#151=FACE_BOUND('',#714,.T.);
#152=FACE_BOUND('',#715,.T.);
#153=FACE_BOUND('',#716,.T.);
#154=FACE_BOUND('',#717,.T.);
#155=FACE_BOUND('',#718,.T.);
#156=FACE_BOUND('',#719,.T.);
#157=FACE_BOUND('',#720,.T.);
#158=FACE_BOUND('',#721,.T.);
#159=FACE_BOUND('',#735,.T.);
#160=FACE_BOUND('',#736,.T.);
#161=FACE_BOUND('',#737,.T.);
#162=FACE_BOUND('',#738,.T.);
#163=FACE_BOUND('',#739,.T.);
#164=FACE_BOUND('',#740,.T.);
#165=FACE_BOUND('',#741,.T.);
#166=FACE_BOUND('',#742,.T.);
#167=FACE_OUTER_BOUND('',#431,.T.);
#168=FACE_OUTER_BOUND('',#432,.T.);
#169=FACE_OUTER_BOUND('',#433,.T.);
#170=FACE_OUTER_BOUND('',#434,.T.);
#171=FACE_OUTER_BOUND('',#435,.T.);
#172=FACE_OUTER_BOUND('',#436,.T.);
#173=FACE_OUTER_BOUND('',#437,.T.);
#174=FACE_OUTER_BOUND('',#446,.T.);
#175=FACE_OUTER_BOUND('',#447,.T.);
#176=FACE_OUTER_BOUND('',#448,.T.);
#177=FACE_OUTER_BOUND('',#449,.T.);
#178=FACE_OUTER_BOUND('',#450,.T.);
#179=FACE_OUTER_BOUND('',#451,.T.);
#180=FACE_OUTER_BOUND('',#452,.T.);
#181=FACE_OUTER_BOUND('',#453,.T.);
#182=FACE_OUTER_BOUND('',#454,.T.);
#183=FACE_OUTER_BOUND('',#455,.T.);
#184=FACE_OUTER_BOUND('',#456,.T.);
#185=FACE_OUTER_BOUND('',#457,.T.);
#186=FACE_OUTER_BOUND('',#458,.T.);
#187=FACE_OUTER_BOUND('',#459,.T.);
#188=FACE_OUTER_BOUND('',#460,.T.);
#189=FACE_OUTER_BOUND('',#461,.T.);
#190=FACE_OUTER_BOUND('',#462,.T.);
#191=FACE_OUTER_BOUND('',#463,.T.);
#192=FACE_OUTER_BOUND('',#464,.T.);
#193=FACE_OUTER_BOUND('',#465,.T.);
#194=FACE_OUTER_BOUND('',#466,.T.);
#195=FACE_OUTER_BOUND('',#467,.T.);
#196=FACE_OUTER_BOUND('',#468,.T.);
#197=FACE_OUTER_BOUND('',#469,.T.);
#198=FACE_OUTER_BOUND('',#470,.T.);
#199=FACE_OUTER_BOUND('',#471,.T.);
#200=FACE_OUTER_BOUND('',#472,.T.);
#201=FACE_OUTER_BOUND('',#473,.T.);
#202=FACE_OUTER_BOUND('',#474,.T.);
#203=FACE_OUTER_BOUND('',#475,.T.);
#204=FACE_OUTER_BOUND('',#476,.T.);
#205=FACE_OUTER_BOUND('',#477,.T.);
#206=FACE_OUTER_BOUND('',#478,.T.);
#207=FACE_OUTER_BOUND('',#479,.T.);
#208=FACE_OUTER_BOUND('',#480,.T.);
#209=FACE_OUTER_BOUND('',#481,.T.);
#210=FACE_OUTER_BOUND('',#482,.T.);
#211=FACE_OUTER_BOUND('',#483,.T.);
#212=FACE_OUTER_BOUND('',#484,.T.);
#213=FACE_OUTER_BOUND('',#485,.T.);
#214=FACE_OUTER_BOUND('',#486,.T.);
#215=FACE_OUTER_BOUND('',#487,.T.);
#216=FACE_OUTER_BOUND('',#488,.T.);
#217=FACE_OUTER_BOUND('',#489,.T.);
#218=FACE_OUTER_BOUND('',#490,.T.);
#219=FACE_OUTER_BOUND('',#491,.T.);
#220=FACE_OUTER_BOUND('',#492,.T.);
#221=FACE_OUTER_BOUND('',#493,.T.);
#222=FACE_OUTER_BOUND('',#494,.T.);
#223=FACE_OUTER_BOUND('',#495,.T.);
#224=FACE_OUTER_BOUND('',#496,.T.);
#225=FACE_OUTER_BOUND('',#497,.T.);
#226=FACE_OUTER_BOUND('',#498,.T.);
#227=FACE_OUTER_BOUND('',#499,.T.);
#228=FACE_OUTER_BOUND('',#500,.T.);
#229=FACE_OUTER_BOUND('',#501,.T.);
#230=FACE_OUTER_BOUND('',#502,.T.);
#231=FACE_OUTER_BOUND('',#503,.T.);
#232=FACE_OUTER_BOUND('',#504,.T.);
#233=FACE_OUTER_BOUND('',#505,.T.);
#234=FACE_OUTER_BOUND('',#506,.T.);
#235=FACE_OUTER_BOUND('',#507,.T.);
#236=FACE_OUTER_BOUND('',#509,.T.);
#237=FACE_OUTER_BOUND('',#510,.T.);
#238=FACE_OUTER_BOUND('',#511,.T.);
#239=FACE_OUTER_BOUND('',#512,.T.);
#240=FACE_OUTER_BOUND('',#513,.T.);
#241=FACE_OUTER_BOUND('',#514,.T.);
#242=FACE_OUTER_BOUND('',#515,.T.);
#243=FACE_OUTER_BOUND('',#516,.T.);
#244=FACE_OUTER_BOUND('',#517,.T.);
#245=FACE_OUTER_BOUND('',#518,.T.);
#246=FACE_OUTER_BOUND('',#519,.T.);
#247=FACE_OUTER_BOUND('',#520,.T.);
#248=FACE_OUTER_BOUND('',#521,.T.);
#249=FACE_OUTER_BOUND('',#522,.T.);
#250=FACE_OUTER_BOUND('',#523,.T.);
#251=FACE_OUTER_BOUND('',#524,.T.);
#252=FACE_OUTER_BOUND('',#525,.T.);
#253=FACE_OUTER_BOUND('',#526,.T.);
#254=FACE_OUTER_BOUND('',#527,.T.);
#255=FACE_OUTER_BOUND('',#528,.T.);
#256=FACE_OUTER_BOUND('',#529,.T.);
#257=FACE_OUTER_BOUND('',#530,.T.);
#258=FACE_OUTER_BOUND('',#532,.T.);
#259=FACE_OUTER_BOUND('',#533,.T.);
#260=FACE_OUTER_BOUND('',#534,.T.);
#261=FACE_OUTER_BOUND('',#535,.T.);
#262=FACE_OUTER_BOUND('',#536,.T.);
#263=FACE_OUTER_BOUND('',#537,.T.);
#264=FACE_OUTER_BOUND('',#538,.T.);
#265=FACE_OUTER_BOUND('',#539,.T.);
#266=FACE_OUTER_BOUND('',#540,.T.);
#267=FACE_OUTER_BOUND('',#541,.T.);
#268=FACE_OUTER_BOUND('',#542,.T.);
#269=FACE_OUTER_BOUND('',#543,.T.);
#270=FACE_OUTER_BOUND('',#544,.T.);
#271=FACE_OUTER_BOUND('',#545,.T.);
#272=FACE_OUTER_BOUND('',#546,.T.);
#273=FACE_OUTER_BOUND('',#547,.T.);
#274=FACE_OUTER_BOUND('',#548,.T.);
#275=FACE_OUTER_BOUND('',#549,.T.);
#276=FACE_OUTER_BOUND('',#550,.T.);
#277=FACE_OUTER_BOUND('',#551,.T.);
#278=FACE_OUTER_BOUND('',#552,.T.);
#279=FACE_OUTER_BOUND('',#553,.T.);
#280=FACE_OUTER_BOUND('',#555,.T.);
#281=FACE_OUTER_BOUND('',#556,.T.);
#282=FACE_OUTER_BOUND('',#557,.T.);
#283=FACE_OUTER_BOUND('',#558,.T.);
#284=FACE_OUTER_BOUND('',#559,.T.);
#285=FACE_OUTER_BOUND('',#560,.T.);
#286=FACE_OUTER_BOUND('',#561,.T.);
#287=FACE_OUTER_BOUND('',#562,.T.);
#288=FACE_OUTER_BOUND('',#563,.T.);
#289=FACE_OUTER_BOUND('',#564,.T.);
#290=FACE_OUTER_BOUND('',#565,.T.);
#291=FACE_OUTER_BOUND('',#566,.T.);
#292=FACE_OUTER_BOUND('',#567,.T.);
#293=FACE_OUTER_BOUND('',#568,.T.);
#294=FACE_OUTER_BOUND('',#569,.T.);
#295=FACE_OUTER_BOUND('',#570,.T.);
#296=FACE_OUTER_BOUND('',#571,.T.);
#297=FACE_OUTER_BOUND('',#572,.T.);
#298=FACE_OUTER_BOUND('',#573,.T.);
#299=FACE_OUTER_BOUND('',#574,.T.);
#300=FACE_OUTER_BOUND('',#575,.T.);
#301=FACE_OUTER_BOUND('',#576,.T.);
#302=FACE_OUTER_BOUND('',#578,.T.);
#303=FACE_OUTER_BOUND('',#579,.T.);
#304=FACE_OUTER_BOUND('',#580,.T.);
#305=FACE_OUTER_BOUND('',#581,.T.);
#306=FACE_OUTER_BOUND('',#582,.T.);
#307=FACE_OUTER_BOUND('',#583,.T.);
#308=FACE_OUTER_BOUND('',#584,.T.);
#309=FACE_OUTER_BOUND('',#585,.T.);
#310=FACE_OUTER_BOUND('',#586,.T.);
#311=FACE_OUTER_BOUND('',#587,.T.);
#312=FACE_OUTER_BOUND('',#588,.T.);
#313=FACE_OUTER_BOUND('',#589,.T.);
#314=FACE_OUTER_BOUND('',#590,.T.);
#315=FACE_OUTER_BOUND('',#591,.T.);
#316=FACE_OUTER_BOUND('',#592,.T.);
#317=FACE_OUTER_BOUND('',#593,.T.);
#318=FACE_OUTER_BOUND('',#594,.T.);
#319=FACE_OUTER_BOUND('',#595,.T.);
#320=FACE_OUTER_BOUND('',#596,.T.);
#321=FACE_OUTER_BOUND('',#597,.T.);
#322=FACE_OUTER_BOUND('',#598,.T.);
#323=FACE_OUTER_BOUND('',#600,.T.);
#324=FACE_OUTER_BOUND('',#601,.T.);
#325=FACE_OUTER_BOUND('',#602,.T.);
#326=FACE_OUTER_BOUND('',#603,.T.);
#327=FACE_OUTER_BOUND('',#604,.T.);
#328=FACE_OUTER_BOUND('',#605,.T.);
#329=FACE_OUTER_BOUND('',#606,.T.);
#330=FACE_OUTER_BOUND('',#607,.T.);
#331=FACE_OUTER_BOUND('',#608,.T.);
#332=FACE_OUTER_BOUND('',#609,.T.);
#333=FACE_OUTER_BOUND('',#610,.T.);
#334=FACE_OUTER_BOUND('',#611,.T.);
#335=FACE_OUTER_BOUND('',#612,.T.);
#336=FACE_OUTER_BOUND('',#613,.T.);
#337=FACE_OUTER_BOUND('',#614,.T.);
#338=FACE_OUTER_BOUND('',#615,.T.);
#339=FACE_OUTER_BOUND('',#616,.T.);
#340=FACE_OUTER_BOUND('',#617,.T.);
#341=FACE_OUTER_BOUND('',#618,.T.);
#342=FACE_OUTER_BOUND('',#619,.T.);
#343=FACE_OUTER_BOUND('',#621,.T.);
#344=FACE_OUTER_BOUND('',#622,.T.);
#345=FACE_OUTER_BOUND('',#623,.T.);
#346=FACE_OUTER_BOUND('',#624,.T.);
#347=FACE_OUTER_BOUND('',#625,.T.);
#348=FACE_OUTER_BOUND('',#626,.T.);
#349=FACE_OUTER_BOUND('',#627,.T.);
#350=FACE_OUTER_BOUND('',#628,.T.);
#351=FACE_OUTER_BOUND('',#629,.T.);
#352=FACE_OUTER_BOUND('',#630,.T.);
#353=FACE_OUTER_BOUND('',#631,.T.);
#354=FACE_OUTER_BOUND('',#632,.T.);
#355=FACE_OUTER_BOUND('',#633,.T.);
#356=FACE_OUTER_BOUND('',#634,.T.);
#357=FACE_OUTER_BOUND('',#635,.T.);
#358=FACE_OUTER_BOUND('',#636,.T.);
#359=FACE_OUTER_BOUND('',#645,.T.);
#360=FACE_OUTER_BOUND('',#646,.T.);
#361=FACE_OUTER_BOUND('',#647,.T.);
#362=FACE_OUTER_BOUND('',#648,.T.);
#363=FACE_OUTER_BOUND('',#649,.T.);
#364=FACE_OUTER_BOUND('',#650,.T.);
#365=FACE_OUTER_BOUND('',#651,.T.);
#366=FACE_OUTER_BOUND('',#652,.T.);
#367=FACE_OUTER_BOUND('',#653,.T.);
#368=FACE_OUTER_BOUND('',#655,.T.);
#369=FACE_OUTER_BOUND('',#656,.T.);
#370=FACE_OUTER_BOUND('',#657,.T.);
#371=FACE_OUTER_BOUND('',#658,.T.);
#372=FACE_OUTER_BOUND('',#659,.T.);
#373=FACE_OUTER_BOUND('',#660,.T.);
#374=FACE_OUTER_BOUND('',#661,.T.);
#375=FACE_OUTER_BOUND('',#662,.T.);
#376=FACE_OUTER_BOUND('',#663,.T.);
#377=FACE_OUTER_BOUND('',#664,.T.);
#378=FACE_OUTER_BOUND('',#665,.T.);
#379=FACE_OUTER_BOUND('',#666,.T.);
#380=FACE_OUTER_BOUND('',#667,.T.);
#381=FACE_OUTER_BOUND('',#668,.T.);
#382=FACE_OUTER_BOUND('',#669,.T.);
#383=FACE_OUTER_BOUND('',#670,.T.);
#384=FACE_OUTER_BOUND('',#671,.T.);
#385=FACE_OUTER_BOUND('',#672,.T.);
#386=FACE_OUTER_BOUND('',#673,.T.);
#387=FACE_OUTER_BOUND('',#674,.T.);
#388=FACE_OUTER_BOUND('',#675,.T.);
#389=FACE_OUTER_BOUND('',#676,.T.);
#390=FACE_OUTER_BOUND('',#677,.T.);
#391=FACE_OUTER_BOUND('',#679,.T.);
#392=FACE_OUTER_BOUND('',#680,.T.);
#393=FACE_OUTER_BOUND('',#681,.T.);
#394=FACE_OUTER_BOUND('',#683,.T.);
#395=FACE_OUTER_BOUND('',#684,.T.);
#396=FACE_OUTER_BOUND('',#685,.T.);
#397=FACE_OUTER_BOUND('',#687,.T.);
#398=FACE_OUTER_BOUND('',#688,.T.);
#399=FACE_OUTER_BOUND('',#689,.T.);
#400=FACE_OUTER_BOUND('',#691,.T.);
#401=FACE_OUTER_BOUND('',#692,.T.);
#402=FACE_OUTER_BOUND('',#693,.T.);
#403=FACE_OUTER_BOUND('',#695,.T.);
#404=FACE_OUTER_BOUND('',#696,.T.);
#405=FACE_OUTER_BOUND('',#697,.T.);
#406=FACE_OUTER_BOUND('',#699,.T.);
#407=FACE_OUTER_BOUND('',#700,.T.);
#408=FACE_OUTER_BOUND('',#702,.T.);
#409=FACE_OUTER_BOUND('',#703,.T.);
#410=FACE_OUTER_BOUND('',#704,.T.);
#411=FACE_OUTER_BOUND('',#705,.T.);
#412=FACE_OUTER_BOUND('',#707,.T.);
#413=FACE_OUTER_BOUND('',#708,.T.);
#414=FACE_OUTER_BOUND('',#709,.T.);
#415=FACE_OUTER_BOUND('',#711,.T.);
#416=FACE_OUTER_BOUND('',#712,.T.);
#417=FACE_OUTER_BOUND('',#713,.T.);
#418=FACE_OUTER_BOUND('',#722,.T.);
#419=FACE_OUTER_BOUND('',#723,.T.);
#420=FACE_OUTER_BOUND('',#724,.T.);
#421=FACE_OUTER_BOUND('',#725,.T.);
#422=FACE_OUTER_BOUND('',#726,.T.);
#423=FACE_OUTER_BOUND('',#727,.T.);
#424=FACE_OUTER_BOUND('',#728,.T.);
#425=FACE_OUTER_BOUND('',#729,.T.);
#426=FACE_OUTER_BOUND('',#730,.T.);
#427=FACE_OUTER_BOUND('',#731,.T.);
#428=FACE_OUTER_BOUND('',#732,.T.);
#429=FACE_OUTER_BOUND('',#733,.T.);
#430=FACE_OUTER_BOUND('',#734,.T.);
#431=EDGE_LOOP('',(#3193,#3194,#3195,#3196));
#432=EDGE_LOOP('',(#3197,#3198,#3199,#3200));
#433=EDGE_LOOP('',(#3201,#3202,#3203,#3204));
#434=EDGE_LOOP('',(#3205,#3206,#3207,#3208));
#435=EDGE_LOOP('',(#3209,#3210,#3211,#3212));
#436=EDGE_LOOP('',(#3213,#3214,#3215,#3216));
#437=EDGE_LOOP('',(#3217,#3218,#3219,#3220));
#438=EDGE_LOOP('',(#3221,#3222,#3223,#3224));
#439=EDGE_LOOP('',(#3225,#3226,#3227,#3228));
#440=EDGE_LOOP('',(#3229,#3230,#3231,#3232));
#441=EDGE_LOOP('',(#3233,#3234,#3235,#3236));
#442=EDGE_LOOP('',(#3237,#3238,#3239,#3240));
#443=EDGE_LOOP('',(#3241,#3242,#3243,#3244));
#444=EDGE_LOOP('',(#3245,#3246,#3247,#3248));
#445=EDGE_LOOP('',(#3249,#3250,#3251,#3252));
#446=EDGE_LOOP('',(#3253,#3254,#3255,#3256));
#447=EDGE_LOOP('',(#3257,#3258,#3259,#3260));
#448=EDGE_LOOP('',(#3261,#3262,#3263,#3264));
#449=EDGE_LOOP('',(#3265,#3266,#3267,#3268));
#450=EDGE_LOOP('',(#3269,#3270,#3271,#3272));
#451=EDGE_LOOP('',(#3273,#3274,#3275,#3276));
#452=EDGE_LOOP('',(#3277,#3278,#3279,#3280));
#453=EDGE_LOOP('',(#3281,#3282,#3283,#3284));
#454=EDGE_LOOP('',(#3285,#3286,#3287,#3288));
#455=EDGE_LOOP('',(#3289,#3290,#3291,#3292));
#456=EDGE_LOOP('',(#3293,#3294,#3295,#3296));
#457=EDGE_LOOP('',(#3297,#3298,#3299,#3300));
#458=EDGE_LOOP('',(#3301,#3302,#3303,#3304));
#459=EDGE_LOOP('',(#3305,#3306,#3307,#3308));
#460=EDGE_LOOP('',(#3309,#3310,#3311,#3312));
#461=EDGE_LOOP('',(#3313,#3314,#3315,#3316));
#462=EDGE_LOOP('',(#3317,#3318,#3319,#3320));
#463=EDGE_LOOP('',(#3321,#3322,#3323,#3324));
#464=EDGE_LOOP('',(#3325,#3326,#3327,#3328));
#465=EDGE_LOOP('',(#3329,#3330,#3331,#3332));
#466=EDGE_LOOP('',(#3333,#3334,#3335,#3336));
#467=EDGE_LOOP('',(#3337,#3338,#3339,#3340));
#468=EDGE_LOOP('',(#3341,#3342,#3343,#3344));
#469=EDGE_LOOP('',(#3345,#3346,#3347,#3348));
#470=EDGE_LOOP('',(#3349,#3350,#3351,#3352));
#471=EDGE_LOOP('',(#3353,#3354,#3355,#3356));
#472=EDGE_LOOP('',(#3357,#3358,#3359,#3360));
#473=EDGE_LOOP('',(#3361,#3362,#3363,#3364));
#474=EDGE_LOOP('',(#3365,#3366,#3367,#3368));
#475=EDGE_LOOP('',(#3369,#3370,#3371,#3372));
#476=EDGE_LOOP('',(#3373,#3374,#3375,#3376));
#477=EDGE_LOOP('',(#3377,#3378,#3379,#3380));
#478=EDGE_LOOP('',(#3381,#3382,#3383,#3384));
#479=EDGE_LOOP('',(#3385,#3386,#3387,#3388));
#480=EDGE_LOOP('',(#3389,#3390,#3391,#3392));
#481=EDGE_LOOP('',(#3393,#3394,#3395,#3396));
#482=EDGE_LOOP('',(#3397,#3398,#3399,#3400));
#483=EDGE_LOOP('',(#3401,#3402,#3403,#3404));
#484=EDGE_LOOP('',(#3405,#3406,#3407,#3408));
#485=EDGE_LOOP('',(#3409,#3410,#3411,#3412));
#486=EDGE_LOOP('',(#3413,#3414,#3415,#3416));
#487=EDGE_LOOP('',(#3417,#3418,#3419,#3420));
#488=EDGE_LOOP('',(#3421,#3422,#3423,#3424));
#489=EDGE_LOOP('',(#3425,#3426,#3427,#3428));
#490=EDGE_LOOP('',(#3429,#3430,#3431,#3432));
#491=EDGE_LOOP('',(#3433,#3434,#3435,#3436));
#492=EDGE_LOOP('',(#3437,#3438,#3439,#3440));
#493=EDGE_LOOP('',(#3441,#3442,#3443,#3444));
#494=EDGE_LOOP('',(#3445,#3446,#3447,#3448));
#495=EDGE_LOOP('',(#3449,#3450,#3451,#3452));
#496=EDGE_LOOP('',(#3453,#3454,#3455,#3456));
#497=EDGE_LOOP('',(#3457,#3458,#3459,#3460));
#498=EDGE_LOOP('',(#3461,#3462,#3463,#3464));
#499=EDGE_LOOP('',(#3465,#3466,#3467,#3468));
#500=EDGE_LOOP('',(#3469,#3470,#3471,#3472));
#501=EDGE_LOOP('',(#3473,#3474,#3475,#3476));
#502=EDGE_LOOP('',(#3477,#3478,#3479,#3480));
#503=EDGE_LOOP('',(#3481,#3482,#3483,#3484));
#504=EDGE_LOOP('',(#3485,#3486,#3487,#3488));
#505=EDGE_LOOP('',(#3489,#3490,#3491,#3492));
#506=EDGE_LOOP('',(#3493,#3494,#3495,#3496));
#507=EDGE_LOOP('',(#3497,#3498,#3499,#3500));
#508=EDGE_LOOP('',(#3501,#3502,#3503,#3504));
#509=EDGE_LOOP('',(#3505,#3506,#3507));
#510=EDGE_LOOP('',(#3508,#3509,#3510,#3511));
#511=EDGE_LOOP('',(#3512,#3513,#3514,#3515));
#512=EDGE_LOOP('',(#3516,#3517,#3518,#3519));
#513=EDGE_LOOP('',(#3520,#3521,#3522,#3523));
#514=EDGE_LOOP('',(#3524,#3525,#3526,#3527));
#515=EDGE_LOOP('',(#3528,#3529,#3530,#3531));
#516=EDGE_LOOP('',(#3532,#3533,#3534,#3535));
#517=EDGE_LOOP('',(#3536,#3537,#3538,#3539));
#518=EDGE_LOOP('',(#3540,#3541,#3542,#3543));
#519=EDGE_LOOP('',(#3544,#3545,#3546,#3547));
#520=EDGE_LOOP('',(#3548,#3549,#3550,#3551));
#521=EDGE_LOOP('',(#3552,#3553,#3554,#3555));
#522=EDGE_LOOP('',(#3556,#3557,#3558,#3559));
#523=EDGE_LOOP('',(#3560,#3561,#3562,#3563));
#524=EDGE_LOOP('',(#3564,#3565,#3566,#3567));
#525=EDGE_LOOP('',(#3568,#3569,#3570,#3571));
#526=EDGE_LOOP('',(#3572,#3573,#3574,#3575));
#527=EDGE_LOOP('',(#3576,#3577,#3578,#3579));
#528=EDGE_LOOP('',(#3580,#3581,#3582,#3583));
#529=EDGE_LOOP('',(#3584,#3585,#3586,#3587));
#530=EDGE_LOOP('',(#3588,#3589,#3590,#3591));
#531=EDGE_LOOP('',(#3592,#3593,#3594,#3595));
#532=EDGE_LOOP('',(#3596,#3597,#3598));
#533=EDGE_LOOP('',(#3599,#3600,#3601,#3602));
#534=EDGE_LOOP('',(#3603,#3604,#3605,#3606));
#535=EDGE_LOOP('',(#3607,#3608,#3609,#3610));
#536=EDGE_LOOP('',(#3611,#3612,#3613,#3614));
#537=EDGE_LOOP('',(#3615,#3616,#3617,#3618));
#538=EDGE_LOOP('',(#3619,#3620,#3621,#3622));
#539=EDGE_LOOP('',(#3623,#3624,#3625,#3626));
#540=EDGE_LOOP('',(#3627,#3628,#3629,#3630));
#541=EDGE_LOOP('',(#3631,#3632,#3633,#3634));
#542=EDGE_LOOP('',(#3635,#3636,#3637,#3638));
#543=EDGE_LOOP('',(#3639,#3640,#3641,#3642));
#544=EDGE_LOOP('',(#3643,#3644,#3645,#3646));
#545=EDGE_LOOP('',(#3647,#3648,#3649,#3650));
#546=EDGE_LOOP('',(#3651,#3652,#3653,#3654));
#547=EDGE_LOOP('',(#3655,#3656,#3657,#3658));
#548=EDGE_LOOP('',(#3659,#3660,#3661,#3662));
#549=EDGE_LOOP('',(#3663,#3664,#3665,#3666));
#550=EDGE_LOOP('',(#3667,#3668,#3669,#3670));
#551=EDGE_LOOP('',(#3671,#3672,#3673,#3674));
#552=EDGE_LOOP('',(#3675,#3676,#3677,#3678));
#553=EDGE_LOOP('',(#3679,#3680,#3681,#3682));
#554=EDGE_LOOP('',(#3683,#3684,#3685,#3686));
#555=EDGE_LOOP('',(#3687,#3688,#3689));
#556=EDGE_LOOP('',(#3690,#3691,#3692,#3693));
#557=EDGE_LOOP('',(#3694,#3695,#3696,#3697));
#558=EDGE_LOOP('',(#3698,#3699,#3700,#3701));
#559=EDGE_LOOP('',(#3702,#3703,#3704,#3705));
#560=EDGE_LOOP('',(#3706,#3707,#3708,#3709));
#561=EDGE_LOOP('',(#3710,#3711,#3712,#3713));
#562=EDGE_LOOP('',(#3714,#3715,#3716,#3717));
#563=EDGE_LOOP('',(#3718,#3719,#3720,#3721));
#564=EDGE_LOOP('',(#3722,#3723,#3724,#3725));
#565=EDGE_LOOP('',(#3726,#3727,#3728,#3729));
#566=EDGE_LOOP('',(#3730,#3731,#3732,#3733));
#567=EDGE_LOOP('',(#3734,#3735,#3736,#3737));
#568=EDGE_LOOP('',(#3738,#3739,#3740,#3741));
#569=EDGE_LOOP('',(#3742,#3743,#3744,#3745));
#570=EDGE_LOOP('',(#3746,#3747,#3748,#3749));
#571=EDGE_LOOP('',(#3750,#3751,#3752,#3753));
#572=EDGE_LOOP('',(#3754,#3755,#3756,#3757));
#573=EDGE_LOOP('',(#3758,#3759,#3760,#3761));
#574=EDGE_LOOP('',(#3762,#3763,#3764,#3765));
#575=EDGE_LOOP('',(#3766,#3767,#3768,#3769));
#576=EDGE_LOOP('',(#3770,#3771,#3772,#3773));
#577=EDGE_LOOP('',(#3774,#3775,#3776,#3777));
#578=EDGE_LOOP('',(#3778,#3779,#3780));
#579=EDGE_LOOP('',(#3781,#3782,#3783,#3784));
#580=EDGE_LOOP('',(#3785,#3786,#3787,#3788));
#581=EDGE_LOOP('',(#3789,#3790,#3791,#3792));
#582=EDGE_LOOP('',(#3793,#3794,#3795,#3796));
#583=EDGE_LOOP('',(#3797,#3798,#3799,#3800));
#584=EDGE_LOOP('',(#3801,#3802,#3803,#3804));
#585=EDGE_LOOP('',(#3805,#3806,#3807,#3808));
#586=EDGE_LOOP('',(#3809,#3810,#3811,#3812));
#587=EDGE_LOOP('',(#3813,#3814,#3815,#3816));
#588=EDGE_LOOP('',(#3817,#3818,#3819,#3820));
#589=EDGE_LOOP('',(#3821,#3822,#3823,#3824));
#590=EDGE_LOOP('',(#3825,#3826,#3827,#3828));
#591=EDGE_LOOP('',(#3829,#3830,#3831,#3832));
#592=EDGE_LOOP('',(#3833,#3834,#3835,#3836));
#593=EDGE_LOOP('',(#3837,#3838,#3839,#3840));
#594=EDGE_LOOP('',(#3841,#3842,#3843,#3844));
#595=EDGE_LOOP('',(#3845,#3846,#3847,#3848));
#596=EDGE_LOOP('',(#3849,#3850,#3851,#3852));
#597=EDGE_LOOP('',(#3853,#3854,#3855,#3856));
#598=EDGE_LOOP('',(#3857,#3858,#3859,#3860));
#599=EDGE_LOOP('',(#3861,#3862,#3863,#3864));
#600=EDGE_LOOP('',(#3865,#3866,#3867));
#601=EDGE_LOOP('',(#3868,#3869,#3870,#3871));
#602=EDGE_LOOP('',(#3872,#3873,#3874,#3875));
#603=EDGE_LOOP('',(#3876,#3877,#3878,#3879));
#604=EDGE_LOOP('',(#3880,#3881,#3882,#3883));
#605=EDGE_LOOP('',(#3884,#3885,#3886,#3887));
#606=EDGE_LOOP('',(#3888,#3889,#3890,#3891));
#607=EDGE_LOOP('',(#3892,#3893,#3894,#3895));
#608=EDGE_LOOP('',(#3896,#3897,#3898,#3899));
#609=EDGE_LOOP('',(#3900,#3901,#3902,#3903));
#610=EDGE_LOOP('',(#3904,#3905,#3906,#3907));
#611=EDGE_LOOP('',(#3908,#3909,#3910,#3911));
#612=EDGE_LOOP('',(#3912,#3913,#3914,#3915));
#613=EDGE_LOOP('',(#3916,#3917,#3918,#3919));
#614=EDGE_LOOP('',(#3920,#3921,#3922,#3923));
#615=EDGE_LOOP('',(#3924,#3925,#3926,#3927));
#616=EDGE_LOOP('',(#3928,#3929,#3930,#3931));
#617=EDGE_LOOP('',(#3932,#3933,#3934,#3935));
#618=EDGE_LOOP('',(#3936,#3937,#3938,#3939));
#619=EDGE_LOOP('',(#3940,#3941,#3942,#3943));
#620=EDGE_LOOP('',(#3944,#3945,#3946,#3947));
#621=EDGE_LOOP('',(#3948,#3949,#3950));
#622=EDGE_LOOP('',(#3951,#3952,#3953));
#623=EDGE_LOOP('',(#3954,#3955,#3956));
#624=EDGE_LOOP('',(#3957,#3958,#3959,#3960));
#625=EDGE_LOOP('',(#3961,#3962,#3963,#3964));
#626=EDGE_LOOP('',(#3965,#3966,#3967,#3968));
#627=EDGE_LOOP('',(#3969,#3970,#3971,#3972));
#628=EDGE_LOOP('',(#3973,#3974,#3975,#3976));
#629=EDGE_LOOP('',(#3977,#3978,#3979,#3980));
#630=EDGE_LOOP('',(#3981,#3982,#3983,#3984));
#631=EDGE_LOOP('',(#3985,#3986,#3987,#3988));
#632=EDGE_LOOP('',(#3989,#3990,#3991,#3992));
#633=EDGE_LOOP('',(#3993,#3994,#3995,#3996));
#634=EDGE_LOOP('',(#3997,#3998,#3999,#4000));
#635=EDGE_LOOP('',(#4001,#4002,#4003,#4004));
#636=EDGE_LOOP('',(#4005,#4006,#4007,#4008,#4009,#4010,#4011,#4012,#4013,
#4014,#4015,#4016,#4017,#4018,#4019,#4020,#4021,#4022,#4023,#4024,#4025,
#4026,#4027,#4028,#4029,#4030,#4031,#4032,#4033,#4034,#4035,#4036,#4037,
#4038,#4039,#4040,#4041,#4042,#4043,#4044,#4045,#4046,#4047,#4048,#4049,
#4050,#4051,#4052,#4053,#4054));
#637=EDGE_LOOP('',(#4055,#4056,#4057,#4058));
#638=EDGE_LOOP('',(#4059,#4060,#4061,#4062));
#639=EDGE_LOOP('',(#4063,#4064,#4065,#4066));
#640=EDGE_LOOP('',(#4067,#4068,#4069,#4070));
#641=EDGE_LOOP('',(#4071,#4072,#4073,#4074));
#642=EDGE_LOOP('',(#4075,#4076,#4077,#4078));
#643=EDGE_LOOP('',(#4079,#4080,#4081,#4082));
#644=EDGE_LOOP('',(#4083,#4084,#4085,#4086));
#645=EDGE_LOOP('',(#4087,#4088,#4089,#4090));
#646=EDGE_LOOP('',(#4091,#4092,#4093,#4094));
#647=EDGE_LOOP('',(#4095,#4096,#4097,#4098));
#648=EDGE_LOOP('',(#4099,#4100,#4101,#4102));
#649=EDGE_LOOP('',(#4103,#4104,#4105,#4106));
#650=EDGE_LOOP('',(#4107,#4108,#4109,#4110));
#651=EDGE_LOOP('',(#4111,#4112,#4113,#4114));
#652=EDGE_LOOP('',(#4115,#4116,#4117,#4118));
#653=EDGE_LOOP('',(#4119,#4120,#4121,#4122));
#654=EDGE_LOOP('',(#4123,#4124,#4125,#4126));
#655=EDGE_LOOP('',(#4127,#4128,#4129));
#656=EDGE_LOOP('',(#4130,#4131,#4132,#4133));
#657=EDGE_LOOP('',(#4134,#4135,#4136,#4137));
#658=EDGE_LOOP('',(#4138,#4139,#4140,#4141));
#659=EDGE_LOOP('',(#4142,#4143,#4144,#4145));
#660=EDGE_LOOP('',(#4146,#4147,#4148,#4149));
#661=EDGE_LOOP('',(#4150,#4151,#4152,#4153));
#662=EDGE_LOOP('',(#4154,#4155,#4156,#4157));
#663=EDGE_LOOP('',(#4158,#4159,#4160,#4161));
#664=EDGE_LOOP('',(#4162,#4163,#4164,#4165));
#665=EDGE_LOOP('',(#4166,#4167,#4168,#4169));
#666=EDGE_LOOP('',(#4170,#4171,#4172,#4173));
#667=EDGE_LOOP('',(#4174,#4175,#4176,#4177));
#668=EDGE_LOOP('',(#4178,#4179,#4180,#4181));
#669=EDGE_LOOP('',(#4182,#4183,#4184,#4185));
#670=EDGE_LOOP('',(#4186,#4187,#4188,#4189));
#671=EDGE_LOOP('',(#4190,#4191,#4192,#4193));
#672=EDGE_LOOP('',(#4194,#4195,#4196,#4197));
#673=EDGE_LOOP('',(#4198,#4199,#4200,#4201));
#674=EDGE_LOOP('',(#4202,#4203,#4204,#4205));
#675=EDGE_LOOP('',(#4206,#4207,#4208,#4209));
#676=EDGE_LOOP('',(#4210,#4211,#4212,#4213));
#677=EDGE_LOOP('',(#4214,#4215,#4216,#4217));
#678=EDGE_LOOP('',(#4218,#4219,#4220,#4221));
#679=EDGE_LOOP('',(#4222,#4223,#4224,#4225,#4226,#4227));
#680=EDGE_LOOP('',(#4228,#4229,#4230,#4231));
#681=EDGE_LOOP('',(#4232,#4233,#4234,#4235));
#682=EDGE_LOOP('',(#4236,#4237,#4238,#4239));
#683=EDGE_LOOP('',(#4240,#4241,#4242,#4243));
#684=EDGE_LOOP('',(#4244,#4245,#4246,#4247));
#685=EDGE_LOOP('',(#4248,#4249,#4250,#4251));
#686=EDGE_LOOP('',(#4252,#4253,#4254,#4255));
#687=EDGE_LOOP('',(#4256,#4257,#4258,#4259));
#688=EDGE_LOOP('',(#4260,#4261,#4262,#4263));
#689=EDGE_LOOP('',(#4264,#4265,#4266,#4267));
#690=EDGE_LOOP('',(#4268,#4269,#4270,#4271));
#691=EDGE_LOOP('',(#4272,#4273,#4274,#4275));
#692=EDGE_LOOP('',(#4276,#4277,#4278,#4279));
#693=EDGE_LOOP('',(#4280,#4281,#4282,#4283));
#694=EDGE_LOOP('',(#4284,#4285,#4286,#4287));
#695=EDGE_LOOP('',(#4288,#4289,#4290,#4291));
#696=EDGE_LOOP('',(#4292,#4293,#4294,#4295));
#697=EDGE_LOOP('',(#4296,#4297,#4298,#4299));
#698=EDGE_LOOP('',(#4300,#4301,#4302,#4303));
#699=EDGE_LOOP('',(#4304,#4305,#4306,#4307));
#700=EDGE_LOOP('',(#4308,#4309,#4310,#4311));
#701=EDGE_LOOP('',(#4312,#4313,#4314,#4315));
#702=EDGE_LOOP('',(#4316,#4317,#4318,#4319));
#703=EDGE_LOOP('',(#4320,#4321,#4322,#4323));
#704=EDGE_LOOP('',(#4324,#4325,#4326,#4327));
#705=EDGE_LOOP('',(#4328,#4329,#4330,#4331));
#706=EDGE_LOOP('',(#4332,#4333,#4334,#4335));
#707=EDGE_LOOP('',(#4336,#4337,#4338,#4339));
#708=EDGE_LOOP('',(#4340,#4341,#4342,#4343));
#709=EDGE_LOOP('',(#4344,#4345,#4346,#4347));
#710=EDGE_LOOP('',(#4348,#4349,#4350,#4351));
#711=EDGE_LOOP('',(#4352,#4353,#4354,#4355));
#712=EDGE_LOOP('',(#4356,#4357,#4358,#4359));
#713=EDGE_LOOP('',(#4360,#4361,#4362,#4363,#4364,#4365,#4366,#4367,#4368,
#4369,#4370,#4371,#4372,#4373,#4374,#4375,#4376,#4377,#4378,#4379,#4380,
#4381,#4382,#4383,#4384,#4385,#4386,#4387,#4388,#4389,#4390,#4391,#4392,
#4393,#4394,#4395));
#714=EDGE_LOOP('',(#4396,#4397,#4398,#4399));
#715=EDGE_LOOP('',(#4400,#4401,#4402,#4403));
#716=EDGE_LOOP('',(#4404,#4405,#4406,#4407));
#717=EDGE_LOOP('',(#4408,#4409,#4410,#4411));
#718=EDGE_LOOP('',(#4412,#4413,#4414,#4415));
#719=EDGE_LOOP('',(#4416,#4417,#4418,#4419));
#720=EDGE_LOOP('',(#4420,#4421,#4422,#4423));
#721=EDGE_LOOP('',(#4424,#4425,#4426,#4427));
#722=EDGE_LOOP('',(#4428,#4429,#4430,#4431,#4432,#4433));
#723=EDGE_LOOP('',(#4434,#4435,#4436));
#724=EDGE_LOOP('',(#4437,#4438,#4439));
#725=EDGE_LOOP('',(#4440,#4441,#4442));
#726=EDGE_LOOP('',(#4443,#4444,#4445));
#727=EDGE_LOOP('',(#4446,#4447,#4448));
#728=EDGE_LOOP('',(#4449,#4450,#4451,#4452));
#729=EDGE_LOOP('',(#4453,#4454,#4455,#4456));
#730=EDGE_LOOP('',(#4457,#4458,#4459,#4460));
#731=EDGE_LOOP('',(#4461,#4462,#4463,#4464));
#732=EDGE_LOOP('',(#4465,#4466,#4467,#4468));
#733=EDGE_LOOP('',(#4469,#4470,#4471,#4472));
#734=EDGE_LOOP('',(#4473,#4474,#4475,#4476,#4477,#4478,#4479,#4480,#4481,
#4482,#4483,#4484,#4485,#4486,#4487,#4488,#4489,#4490,#4491,#4492,#4493,
#4494,#4495,#4496,#4497,#4498,#4499,#4500,#4501,#4502,#4503,#4504,#4505,
#4506,#4507,#4508));
#735=EDGE_LOOP('',(#4509,#4510,#4511,#4512));
#736=EDGE_LOOP('',(#4513,#4514,#4515,#4516));
#737=EDGE_LOOP('',(#4517,#4518,#4519,#4520));
#738=EDGE_LOOP('',(#4521,#4522,#4523,#4524));
#739=EDGE_LOOP('',(#4525,#4526,#4527,#4528));
#740=EDGE_LOOP('',(#4529,#4530,#4531,#4532));
#741=EDGE_LOOP('',(#4533,#4534,#4535,#4536));
#742=EDGE_LOOP('',(#4537,#4538,#4539,#4540));
#743=LINE('',#6555,#1417);
#744=LINE('',#6557,#1418);
#745=LINE('',#6559,#1419);
#746=LINE('',#6560,#1420);
#747=LINE('',#6563,#1421);
#748=LINE('',#6565,#1422);
#749=LINE('',#6566,#1423);
#750=LINE('',#6569,#1424);
#751=LINE('',#6571,#1425);
#752=LINE('',#6572,#1426);
#753=LINE('',#6574,#1427);
#754=LINE('',#6575,#1428);
#755=LINE('',#6578,#1429);
#756=LINE('',#6580,#1430);
#757=LINE('',#6581,#1431);
#758=LINE('',#6584,#1432);
#759=LINE('',#6585,#1433);
#760=LINE('',#6589,#1434);
#761=LINE('',#6591,#1435);
#762=LINE('',#6593,#1436);
#763=LINE('',#6594,#1437);
#764=LINE('',#6597,#1438);
#765=LINE('',#6599,#1439);
#766=LINE('',#6601,#1440);
#767=LINE('',#6602,#1441);
#768=LINE('',#6605,#1442);
#769=LINE('',#6607,#1443);
#770=LINE('',#6609,#1444);
#771=LINE('',#6610,#1445);
#772=LINE('',#6613,#1446);
#773=LINE('',#6615,#1447);
#774=LINE('',#6617,#1448);
#775=LINE('',#6618,#1449);
#776=LINE('',#6621,#1450);
#777=LINE('',#6623,#1451);
#778=LINE('',#6625,#1452);
#779=LINE('',#6626,#1453);
#780=LINE('',#6629,#1454);
#781=LINE('',#6631,#1455);
#782=LINE('',#6633,#1456);
#783=LINE('',#6634,#1457);
#784=LINE('',#6637,#1458);
#785=LINE('',#6639,#1459);
#786=LINE('',#6641,#1460);
#787=LINE('',#6642,#1461);
#788=LINE('',#6645,#1462);
#789=LINE('',#6647,#1463);
#790=LINE('',#6649,#1464);
#791=LINE('',#6650,#1465);
#792=LINE('',#6653,#1466);
#793=LINE('',#6655,#1467);
#794=LINE('',#6656,#1468);
#795=LINE('',#6659,#1469);
#796=LINE('',#6660,#1470);
#797=LINE('',#6663,#1471);
#798=LINE('',#6664,#1472);
#799=LINE('',#6666,#1473);
#800=LINE('',#6669,#1474);
#801=LINE('',#6671,#1475);
#802=LINE('',#6672,#1476);
#803=LINE('',#6675,#1477);
#804=LINE('',#6676,#1478);
#805=LINE('',#6679,#1479);
#806=LINE('',#6681,#1480);
#807=LINE('',#6682,#1481);
#808=LINE('',#6685,#1482);
#809=LINE('',#6686,#1483);
#810=LINE('',#6689,#1484);
#811=LINE('',#6690,#1485);
#812=LINE('',#6692,#1486);
#813=LINE('',#6695,#1487);
#814=LINE('',#6697,#1488);
#815=LINE('',#6698,#1489);
#816=LINE('',#6701,#1490);
#817=LINE('',#6702,#1491);
#818=LINE('',#6705,#1492);
#819=LINE('',#6707,#1493);
#820=LINE('',#6708,#1494);
#821=LINE('',#6711,#1495);
#822=LINE('',#6712,#1496);
#823=LINE('',#6715,#1497);
#824=LINE('',#6716,#1498);
#825=LINE('',#6718,#1499);
#826=LINE('',#6721,#1500);
#827=LINE('',#6723,#1501);
#828=LINE('',#6724,#1502);
#829=LINE('',#6727,#1503);
#830=LINE('',#6728,#1504);
#831=LINE('',#6731,#1505);
#832=LINE('',#6733,#1506);
#833=LINE('',#6734,#1507);
#834=LINE('',#6737,#1508);
#835=LINE('',#6738,#1509);
#836=LINE('',#6741,#1510);
#837=LINE('',#6742,#1511);
#838=LINE('',#6744,#1512);
#839=LINE('',#6747,#1513);
#840=LINE('',#6749,#1514);
#841=LINE('',#6750,#1515);
#842=LINE('',#6753,#1516);
#843=LINE('',#6754,#1517);
#844=LINE('',#6757,#1518);
#845=LINE('',#6759,#1519);
#846=LINE('',#6760,#1520);
#847=LINE('',#6763,#1521);
#848=LINE('',#6764,#1522);
#849=LINE('',#6767,#1523);
#850=LINE('',#6768,#1524);
#851=LINE('',#6770,#1525);
#852=LINE('',#6773,#1526);
#853=LINE('',#6775,#1527);
#854=LINE('',#6776,#1528);
#855=LINE('',#6779,#1529);
#856=LINE('',#6780,#1530);
#857=LINE('',#6783,#1531);
#858=LINE('',#6785,#1532);
#859=LINE('',#6786,#1533);
#860=LINE('',#6789,#1534);
#861=LINE('',#6790,#1535);
#862=LINE('',#6793,#1536);
#863=LINE('',#6794,#1537);
#864=LINE('',#6796,#1538);
#865=LINE('',#6799,#1539);
#866=LINE('',#6801,#1540);
#867=LINE('',#6802,#1541);
#868=LINE('',#6805,#1542);
#869=LINE('',#6806,#1543);
#870=LINE('',#6809,#1544);
#871=LINE('',#6811,#1545);
#872=LINE('',#6812,#1546);
#873=LINE('',#6815,#1547);
#874=LINE('',#6816,#1548);
#875=LINE('',#6819,#1549);
#876=LINE('',#6820,#1550);
#877=LINE('',#6822,#1551);
#878=LINE('',#6825,#1552);
#879=LINE('',#6827,#1553);
#880=LINE('',#6828,#1554);
#881=LINE('',#6831,#1555);
#882=LINE('',#6832,#1556);
#883=LINE('',#6836,#1557);
#884=LINE('',#6838,#1558);
#885=LINE('',#6840,#1559);
#886=LINE('',#6841,#1560);
#887=LINE('',#6844,#1561);
#888=LINE('',#6846,#1562);
#889=LINE('',#6847,#1563);
#890=LINE('',#6851,#1564);
#891=LINE('',#6853,#1565);
#892=LINE('',#6855,#1566);
#893=LINE('',#6856,#1567);
#894=LINE('',#6859,#1568);
#895=LINE('',#6861,#1569);
#896=LINE('',#6862,#1570);
#897=LINE('',#6865,#1571);
#898=LINE('',#6867,#1572);
#899=LINE('',#6868,#1573);
#900=LINE('',#6870,#1574);
#901=LINE('',#6871,#1575);
#902=LINE('',#6874,#1576);
#903=LINE('',#6876,#1577);
#904=LINE('',#6877,#1578);
#905=LINE('',#6880,#1579);
#906=LINE('',#6881,#1580);
#907=LINE('',#6886,#1581);
#908=LINE('',#6888,#1582);
#909=LINE('',#6890,#1583);
#910=LINE('',#6891,#1584);
#911=LINE('',#6894,#1585);
#912=LINE('',#6896,#1586);
#913=LINE('',#6897,#1587);
#914=LINE('',#6901,#1588);
#915=LINE('',#6903,#1589);
#916=LINE('',#6905,#1590);
#917=LINE('',#6906,#1591);
#918=LINE('',#6910,#1592);
#919=LINE('',#6912,#1593);
#920=LINE('',#6914,#1594);
#921=LINE('',#6915,#1595);
#922=LINE('',#6918,#1596);
#923=LINE('',#6920,#1597);
#924=LINE('',#6921,#1598);
#925=LINE('',#6924,#1599);
#926=LINE('',#6925,#1600);
#927=LINE('',#6927,#1601);
#928=LINE('',#6930,#1602);
#929=LINE('',#6931,#1603);
#930=LINE('',#6934,#1604);
#931=LINE('',#6936,#1605);
#932=LINE('',#6937,#1606);
#933=LINE('',#6939,#1607);
#934=LINE('',#6940,#1608);
#935=LINE('',#6944,#1609);
#936=LINE('',#6946,#1610);
#937=LINE('',#6948,#1611);
#938=LINE('',#6949,#1612);
#939=LINE('',#6952,#1613);
#940=LINE('',#6953,#1614);
#941=LINE('',#6955,#1615);
#942=LINE('',#6960,#1616);
#943=LINE('',#6962,#1617);
#944=LINE('',#6964,#1618);
#945=LINE('',#6965,#1619);
#946=LINE('',#6968,#1620);
#947=LINE('',#6970,#1621);
#948=LINE('',#6971,#1622);
#949=LINE('',#6975,#1623);
#950=LINE('',#6977,#1624);
#951=LINE('',#6979,#1625);
#952=LINE('',#6980,#1626);
#953=LINE('',#6983,#1627);
#954=LINE('',#6985,#1628);
#955=LINE('',#6986,#1629);
#956=LINE('',#6989,#1630);
#957=LINE('',#6991,#1631);
#958=LINE('',#6992,#1632);
#959=LINE('',#6994,#1633);
#960=LINE('',#6995,#1634);
#961=LINE('',#6998,#1635);
#962=LINE('',#7000,#1636);
#963=LINE('',#7001,#1637);
#964=LINE('',#7004,#1638);
#965=LINE('',#7005,#1639);
#966=LINE('',#7009,#1640);
#967=LINE('',#7011,#1641);
#968=LINE('',#7012,#1642);
#969=LINE('',#7016,#1643);
#970=LINE('',#7018,#1644);
#971=LINE('',#7020,#1645);
#972=LINE('',#7021,#1646);
#973=LINE('',#7025,#1647);
#974=LINE('',#7027,#1648);
#975=LINE('',#7029,#1649);
#976=LINE('',#7030,#1650);
#977=LINE('',#7033,#1651);
#978=LINE('',#7034,#1652);
#979=LINE('',#7037,#1653);
#980=LINE('',#7038,#1654);
#981=LINE('',#7040,#1655);
#982=LINE('',#7043,#1656);
#983=LINE('',#7044,#1657);
#984=LINE('',#7047,#1658);
#985=LINE('',#7049,#1659);
#986=LINE('',#7050,#1660);
#987=LINE('',#7052,#1661);
#988=LINE('',#7053,#1662);
#989=LINE('',#7057,#1663);
#990=LINE('',#7059,#1664);
#991=LINE('',#7061,#1665);
#992=LINE('',#7062,#1666);
#993=LINE('',#7065,#1667);
#994=LINE('',#7066,#1668);
#995=LINE('',#7068,#1669);
#996=LINE('',#7073,#1670);
#997=LINE('',#7075,#1671);
#998=LINE('',#7077,#1672);
#999=LINE('',#7078,#1673);
#1000=LINE('',#7081,#1674);
#1001=LINE('',#7083,#1675);
#1002=LINE('',#7084,#1676);
#1003=LINE('',#7088,#1677);
#1004=LINE('',#7090,#1678);
#1005=LINE('',#7092,#1679);
#1006=LINE('',#7093,#1680);
#1007=LINE('',#7096,#1681);
#1008=LINE('',#7098,#1682);
#1009=LINE('',#7099,#1683);
#1010=LINE('',#7102,#1684);
#1011=LINE('',#7104,#1685);
#1012=LINE('',#7105,#1686);
#1013=LINE('',#7107,#1687);
#1014=LINE('',#7108,#1688);
#1015=LINE('',#7111,#1689);
#1016=LINE('',#7113,#1690);
#1017=LINE('',#7114,#1691);
#1018=LINE('',#7117,#1692);
#1019=LINE('',#7118,#1693);
#1020=LINE('',#7122,#1694);
#1021=LINE('',#7124,#1695);
#1022=LINE('',#7125,#1696);
#1023=LINE('',#7129,#1697);
#1024=LINE('',#7131,#1698);
#1025=LINE('',#7133,#1699);
#1026=LINE('',#7134,#1700);
#1027=LINE('',#7138,#1701);
#1028=LINE('',#7140,#1702);
#1029=LINE('',#7142,#1703);
#1030=LINE('',#7143,#1704);
#1031=LINE('',#7146,#1705);
#1032=LINE('',#7147,#1706);
#1033=LINE('',#7150,#1707);
#1034=LINE('',#7151,#1708);
#1035=LINE('',#7153,#1709);
#1036=LINE('',#7156,#1710);
#1037=LINE('',#7157,#1711);
#1038=LINE('',#7160,#1712);
#1039=LINE('',#7162,#1713);
#1040=LINE('',#7163,#1714);
#1041=LINE('',#7165,#1715);
#1042=LINE('',#7166,#1716);
#1043=LINE('',#7170,#1717);
#1044=LINE('',#7172,#1718);
#1045=LINE('',#7174,#1719);
#1046=LINE('',#7175,#1720);
#1047=LINE('',#7178,#1721);
#1048=LINE('',#7179,#1722);
#1049=LINE('',#7181,#1723);
#1050=LINE('',#7186,#1724);
#1051=LINE('',#7188,#1725);
#1052=LINE('',#7190,#1726);
#1053=LINE('',#7191,#1727);
#1054=LINE('',#7194,#1728);
#1055=LINE('',#7196,#1729);
#1056=LINE('',#7197,#1730);
#1057=LINE('',#7201,#1731);
#1058=LINE('',#7203,#1732);
#1059=LINE('',#7205,#1733);
#1060=LINE('',#7206,#1734);
#1061=LINE('',#7209,#1735);
#1062=LINE('',#7211,#1736);
#1063=LINE('',#7212,#1737);
#1064=LINE('',#7215,#1738);
#1065=LINE('',#7217,#1739);
#1066=LINE('',#7218,#1740);
#1067=LINE('',#7220,#1741);
#1068=LINE('',#7221,#1742);
#1069=LINE('',#7224,#1743);
#1070=LINE('',#7226,#1744);
#1071=LINE('',#7227,#1745);
#1072=LINE('',#7230,#1746);
#1073=LINE('',#7231,#1747);
#1074=LINE('',#7235,#1748);
#1075=LINE('',#7237,#1749);
#1076=LINE('',#7238,#1750);
#1077=LINE('',#7242,#1751);
#1078=LINE('',#7244,#1752);
#1079=LINE('',#7246,#1753);
#1080=LINE('',#7247,#1754);
#1081=LINE('',#7251,#1755);
#1082=LINE('',#7253,#1756);
#1083=LINE('',#7255,#1757);
#1084=LINE('',#7256,#1758);
#1085=LINE('',#7259,#1759);
#1086=LINE('',#7260,#1760);
#1087=LINE('',#7263,#1761);
#1088=LINE('',#7264,#1762);
#1089=LINE('',#7266,#1763);
#1090=LINE('',#7269,#1764);
#1091=LINE('',#7270,#1765);
#1092=LINE('',#7273,#1766);
#1093=LINE('',#7275,#1767);
#1094=LINE('',#7276,#1768);
#1095=LINE('',#7278,#1769);
#1096=LINE('',#7279,#1770);
#1097=LINE('',#7283,#1771);
#1098=LINE('',#7285,#1772);
#1099=LINE('',#7287,#1773);
#1100=LINE('',#7288,#1774);
#1101=LINE('',#7291,#1775);
#1102=LINE('',#7292,#1776);
#1103=LINE('',#7294,#1777);
#1104=LINE('',#7298,#1778);
#1105=LINE('',#7300,#1779);
#1106=LINE('',#7302,#1780);
#1107=LINE('',#7303,#1781);
#1108=LINE('',#7306,#1782);
#1109=LINE('',#7308,#1783);
#1110=LINE('',#7309,#1784);
#1111=LINE('',#7313,#1785);
#1112=LINE('',#7315,#1786);
#1113=LINE('',#7317,#1787);
#1114=LINE('',#7318,#1788);
#1115=LINE('',#7321,#1789);
#1116=LINE('',#7323,#1790);
#1117=LINE('',#7324,#1791);
#1118=LINE('',#7327,#1792);
#1119=LINE('',#7329,#1793);
#1120=LINE('',#7330,#1794);
#1121=LINE('',#7332,#1795);
#1122=LINE('',#7333,#1796);
#1123=LINE('',#7336,#1797);
#1124=LINE('',#7338,#1798);
#1125=LINE('',#7339,#1799);
#1126=LINE('',#7342,#1800);
#1127=LINE('',#7343,#1801);
#1128=LINE('',#7347,#1802);
#1129=LINE('',#7349,#1803);
#1130=LINE('',#7350,#1804);
#1131=LINE('',#7354,#1805);
#1132=LINE('',#7356,#1806);
#1133=LINE('',#7358,#1807);
#1134=LINE('',#7359,#1808);
#1135=LINE('',#7363,#1809);
#1136=LINE('',#7365,#1810);
#1137=LINE('',#7367,#1811);
#1138=LINE('',#7368,#1812);
#1139=LINE('',#7371,#1813);
#1140=LINE('',#7372,#1814);
#1141=LINE('',#7375,#1815);
#1142=LINE('',#7376,#1816);
#1143=LINE('',#7378,#1817);
#1144=LINE('',#7381,#1818);
#1145=LINE('',#7382,#1819);
#1146=LINE('',#7385,#1820);
#1147=LINE('',#7387,#1821);
#1148=LINE('',#7388,#1822);
#1149=LINE('',#7390,#1823);
#1150=LINE('',#7391,#1824);
#1151=LINE('',#7395,#1825);
#1152=LINE('',#7397,#1826);
#1153=LINE('',#7399,#1827);
#1154=LINE('',#7400,#1828);
#1155=LINE('',#7403,#1829);
#1156=LINE('',#7404,#1830);
#1157=LINE('',#7408,#1831);
#1158=LINE('',#7410,#1832);
#1159=LINE('',#7412,#1833);
#1160=LINE('',#7413,#1834);
#1161=LINE('',#7416,#1835);
#1162=LINE('',#7418,#1836);
#1163=LINE('',#7419,#1837);
#1164=LINE('',#7423,#1838);
#1165=LINE('',#7425,#1839);
#1166=LINE('',#7427,#1840);
#1167=LINE('',#7428,#1841);
#1168=LINE('',#7431,#1842);
#1169=LINE('',#7433,#1843);
#1170=LINE('',#7434,#1844);
#1171=LINE('',#7437,#1845);
#1172=LINE('',#7439,#1846);
#1173=LINE('',#7440,#1847);
#1174=LINE('',#7442,#1848);
#1175=LINE('',#7443,#1849);
#1176=LINE('',#7446,#1850);
#1177=LINE('',#7448,#1851);
#1178=LINE('',#7449,#1852);
#1179=LINE('',#7452,#1853);
#1180=LINE('',#7453,#1854);
#1181=LINE('',#7458,#1855);
#1182=LINE('',#7460,#1856);
#1183=LINE('',#7462,#1857);
#1184=LINE('',#7463,#1858);
#1185=LINE('',#7467,#1859);
#1186=LINE('',#7469,#1860);
#1187=LINE('',#7471,#1861);
#1188=LINE('',#7472,#1862);
#1189=LINE('',#7476,#1863);
#1190=LINE('',#7478,#1864);
#1191=LINE('',#7480,#1865);
#1192=LINE('',#7481,#1866);
#1193=LINE('',#7485,#1867);
#1194=LINE('',#7487,#1868);
#1195=LINE('',#7489,#1869);
#1196=LINE('',#7490,#1870);
#1197=LINE('',#7493,#1871);
#1198=LINE('',#7494,#1872);
#1199=LINE('',#7496,#1873);
#1200=LINE('',#7499,#1874);
#1201=LINE('',#7500,#1875);
#1202=LINE('',#7503,#1876);
#1203=LINE('',#7505,#1877);
#1204=LINE('',#7506,#1878);
#1205=LINE('',#7508,#1879);
#1206=LINE('',#7509,#1880);
#1207=LINE('',#7513,#1881);
#1208=LINE('',#7515,#1882);
#1209=LINE('',#7517,#1883);
#1210=LINE('',#7518,#1884);
#1211=LINE('',#7521,#1885);
#1212=LINE('',#7522,#1886);
#1213=LINE('',#7525,#1887);
#1214=LINE('',#7526,#1888);
#1215=LINE('',#7529,#1889);
#1216=LINE('',#7530,#1890);
#1217=LINE('',#7532,#1891);
#1218=LINE('',#7537,#1892);
#1219=LINE('',#7539,#1893);
#1220=LINE('',#7541,#1894);
#1221=LINE('',#7542,#1895);
#1222=LINE('',#7545,#1896);
#1223=LINE('',#7547,#1897);
#1224=LINE('',#7548,#1898);
#1225=LINE('',#7552,#1899);
#1226=LINE('',#7554,#1900);
#1227=LINE('',#7556,#1901);
#1228=LINE('',#7557,#1902);
#1229=LINE('',#7560,#1903);
#1230=LINE('',#7562,#1904);
#1231=LINE('',#7563,#1905);
#1232=LINE('',#7566,#1906);
#1233=LINE('',#7568,#1907);
#1234=LINE('',#7569,#1908);
#1235=LINE('',#7571,#1909);
#1236=LINE('',#7572,#1910);
#1237=LINE('',#7575,#1911);
#1238=LINE('',#7577,#1912);
#1239=LINE('',#7578,#1913);
#1240=LINE('',#7581,#1914);
#1241=LINE('',#7582,#1915);
#1242=LINE('',#7586,#1916);
#1243=LINE('',#7588,#1917);
#1244=LINE('',#7589,#1918);
#1245=LINE('',#7592,#1919);
#1246=LINE('',#7593,#1920);
#1247=LINE('',#7594,#1921);
#1248=LINE('',#7596,#1922);
#1249=LINE('',#7598,#1923);
#1250=LINE('',#7600,#1924);
#1251=LINE('',#7602,#1925);
#1252=LINE('',#7604,#1926);
#1253=LINE('',#7606,#1927);
#1254=LINE('',#7607,#1928);
#1255=LINE('',#7608,#1929);
#1256=LINE('',#7610,#1930);
#1257=LINE('',#7612,#1931);
#1258=LINE('',#7613,#1932);
#1259=LINE('',#7614,#1933);
#1260=LINE('',#7615,#1934);
#1261=LINE('',#7616,#1935);
#1262=LINE('',#7617,#1936);
#1263=LINE('',#7618,#1937);
#1264=LINE('',#7619,#1938);
#1265=LINE('',#7620,#1939);
#1266=LINE('',#7621,#1940);
#1267=LINE('',#7622,#1941);
#1268=LINE('',#7623,#1942);
#1269=LINE('',#7626,#1943);
#1270=LINE('',#7628,#1944);
#1271=LINE('',#7630,#1945);
#1272=LINE('',#7631,#1946);
#1273=LINE('',#7633,#1947);
#1274=LINE('',#7634,#1948);
#1275=LINE('',#7636,#1949);
#1276=LINE('',#7639,#1950);
#1277=LINE('',#7640,#1951);
#1278=LINE('',#7642,#1952);
#1279=LINE('',#7644,#1953);
#1280=LINE('',#7648,#1954);
#1281=LINE('',#7649,#1955);
#1282=LINE('',#7652,#1956);
#1283=LINE('',#7654,#1957);
#1284=LINE('',#7655,#1958);
#1285=LINE('',#7657,#1959);
#1286=LINE('',#7658,#1960);
#1287=LINE('',#7662,#1961);
#1288=LINE('',#7664,#1962);
#1289=LINE('',#7666,#1963);
#1290=LINE('',#7667,#1964);
#1291=LINE('',#7669,#1965);
#1292=LINE('',#7671,#1966);
#1293=LINE('',#7676,#1967);
#1294=LINE('',#7678,#1968);
#1295=LINE('',#7680,#1969);
#1296=LINE('',#7681,#1970);
#1297=LINE('',#7684,#1971);
#1298=LINE('',#7686,#1972);
#1299=LINE('',#7687,#1973);
#1300=LINE('',#7691,#1974);
#1301=LINE('',#7693,#1975);
#1302=LINE('',#7695,#1976);
#1303=LINE('',#7696,#1977);
#1304=LINE('',#7699,#1978);
#1305=LINE('',#7701,#1979);
#1306=LINE('',#7702,#1980);
#1307=LINE('',#7705,#1981);
#1308=LINE('',#7707,#1982);
#1309=LINE('',#7708,#1983);
#1310=LINE('',#7710,#1984);
#1311=LINE('',#7711,#1985);
#1312=LINE('',#7713,#1986);
#1313=LINE('',#7714,#1987);
#1314=LINE('',#7716,#1988);
#1315=LINE('',#7719,#1989);
#1316=LINE('',#7723,#1990);
#1317=LINE('',#7724,#1991);
#1318=LINE('',#7725,#1992);
#1319=LINE('',#7728,#1993);
#1320=LINE('',#7729,#1994);
#1321=LINE('',#7732,#1995);
#1322=LINE('',#7733,#1996);
#1323=LINE('',#7735,#1997);
#1324=LINE('',#7737,#1998);
#1325=LINE('',#7741,#1999);
#1326=LINE('',#7742,#2000);
#1327=LINE('',#7745,#2001);
#1328=LINE('',#7747,#2002);
#1329=LINE('',#7748,#2003);
#1330=LINE('',#7750,#2004);
#1331=LINE('',#7751,#2005);
#1332=LINE('',#7755,#2006);
#1333=LINE('',#7757,#2007);
#1334=LINE('',#7759,#2008);
#1335=LINE('',#7760,#2009);
#1336=LINE('',#7763,#2010);
#1337=LINE('',#7765,#2011);
#1338=LINE('',#7766,#2012);
#1339=LINE('',#7769,#2013);
#1340=LINE('',#7771,#2014);
#1341=LINE('',#7772,#2015);
#1342=LINE('',#7775,#2016);
#1343=LINE('',#7777,#2017);
#1344=LINE('',#7778,#2018);
#1345=LINE('',#7780,#2019);
#1346=LINE('',#7781,#2020);
#1347=LINE('',#7784,#2021);
#1348=LINE('',#7786,#2022);
#1349=LINE('',#7787,#2023);
#1350=LINE('',#7790,#2024);
#1351=LINE('',#7792,#2025);
#1352=LINE('',#7793,#2026);
#1353=LINE('',#7795,#2027);
#1354=LINE('',#7796,#2028);
#1355=LINE('',#7799,#2029);
#1356=LINE('',#7801,#2030);
#1357=LINE('',#7802,#2031);
#1358=LINE('',#7805,#2032);
#1359=LINE('',#7807,#2033);
#1360=LINE('',#7808,#2034);
#1361=LINE('',#7810,#2035);
#1362=LINE('',#7811,#2036);
#1363=LINE('',#7814,#2037);
#1364=LINE('',#7816,#2038);
#1365=LINE('',#7817,#2039);
#1366=LINE('',#7820,#2040);
#1367=LINE('',#7822,#2041);
#1368=LINE('',#7823,#2042);
#1369=LINE('',#7825,#2043);
#1370=LINE('',#7826,#2044);
#1371=LINE('',#7829,#2045);
#1372=LINE('',#7831,#2046);
#1373=LINE('',#7832,#2047);
#1374=LINE('',#7835,#2048);
#1375=LINE('',#7837,#2049);
#1376=LINE('',#7838,#2050);
#1377=LINE('',#7840,#2051);
#1378=LINE('',#7841,#2052);
#1379=LINE('',#7845,#2053);
#1380=LINE('',#7847,#2054);
#1381=LINE('',#7849,#2055);
#1382=LINE('',#7850,#2056);
#1383=LINE('',#7852,#2057);
#1384=LINE('',#7853,#2058);
#1385=LINE('',#7855,#2059);
#1386=LINE('',#7856,#2060);
#1387=LINE('',#7859,#2061);
#1388=LINE('',#7861,#2062);
#1389=LINE('',#7862,#2063);
#1390=LINE('',#7865,#2064);
#1391=LINE('',#7867,#2065);
#1392=LINE('',#7868,#2066);
#1393=LINE('',#7870,#2067);
#1394=LINE('',#7871,#2068);
#1395=LINE('',#7874,#2069);
#1396=LINE('',#7876,#2070);
#1397=LINE('',#7877,#2071);
#1398=LINE('',#7880,#2072);
#1399=LINE('',#7882,#2073);
#1400=LINE('',#7883,#2074);
#1401=LINE('',#7885,#2075);
#1402=LINE('',#7886,#2076);
#1403=LINE('',#7888,#2077);
#1404=LINE('',#7891,#2078);
#1405=LINE('',#7892,#2079);
#1406=LINE('',#7893,#2080);
#1407=LINE('',#7894,#2081);
#1408=LINE('',#7895,#2082);
#1409=LINE('',#7896,#2083);
#1410=LINE('',#7897,#2084);
#1411=LINE('',#7898,#2085);
#1412=LINE('',#7901,#2086);
#1413=LINE('',#7902,#2087);
#1414=LINE('',#7910,#2088);
#1415=LINE('',#7914,#2089);
#1416=LINE('',#7916,#2090);
#1417=VECTOR('',#5351,10.);
#1418=VECTOR('',#5352,10.);
#1419=VECTOR('',#5353,10.);
#1420=VECTOR('',#5354,10.);
#1421=VECTOR('',#5357,10.);
#1422=VECTOR('',#5358,10.);
#1423=VECTOR('',#5359,10.);
#1424=VECTOR('',#5362,10.);
#1425=VECTOR('',#5363,10.);
#1426=VECTOR('',#5364,10.);
#1427=VECTOR('',#5367,10.);
#1428=VECTOR('',#5368,10.);
#1429=VECTOR('',#5371,10.);
#1430=VECTOR('',#5372,10.);
#1431=VECTOR('',#5373,10.);
#1432=VECTOR('',#5376,10.);
#1433=VECTOR('',#5377,10.);
#1434=VECTOR('',#5380,10.);
#1435=VECTOR('',#5381,10.);
#1436=VECTOR('',#5382,10.);
#1437=VECTOR('',#5383,10.);
#1438=VECTOR('',#5384,10.);
#1439=VECTOR('',#5385,10.);
#1440=VECTOR('',#5386,10.);
#1441=VECTOR('',#5387,10.);
#1442=VECTOR('',#5388,10.);
#1443=VECTOR('',#5389,10.);
#1444=VECTOR('',#5390,10.);
#1445=VECTOR('',#5391,10.);
#1446=VECTOR('',#5392,10.);
#1447=VECTOR('',#5393,10.);
#1448=VECTOR('',#5394,10.);
#1449=VECTOR('',#5395,10.);
#1450=VECTOR('',#5396,10.);
#1451=VECTOR('',#5397,10.);
#1452=VECTOR('',#5398,10.);
#1453=VECTOR('',#5399,10.);
#1454=VECTOR('',#5400,10.);
#1455=VECTOR('',#5401,10.);
#1456=VECTOR('',#5402,10.);
#1457=VECTOR('',#5403,10.);
#1458=VECTOR('',#5404,10.);
#1459=VECTOR('',#5405,10.);
#1460=VECTOR('',#5406,10.);
#1461=VECTOR('',#5407,10.);
#1462=VECTOR('',#5408,10.);
#1463=VECTOR('',#5409,10.);
#1464=VECTOR('',#5410,10.);
#1465=VECTOR('',#5411,10.);
#1466=VECTOR('',#5414,10.);
#1467=VECTOR('',#5415,10.);
#1468=VECTOR('',#5416,10.);
#1469=VECTOR('',#5419,10.);
#1470=VECTOR('',#5420,10.);
#1471=VECTOR('',#5423,10.);
#1472=VECTOR('',#5424,10.);
#1473=VECTOR('',#5427,10.);
#1474=VECTOR('',#5430,10.);
#1475=VECTOR('',#5431,10.);
#1476=VECTOR('',#5432,10.);
#1477=VECTOR('',#5435,10.);
#1478=VECTOR('',#5436,10.);
#1479=VECTOR('',#5439,10.);
#1480=VECTOR('',#5440,10.);
#1481=VECTOR('',#5441,10.);
#1482=VECTOR('',#5444,10.);
#1483=VECTOR('',#5445,10.);
#1484=VECTOR('',#5448,10.);
#1485=VECTOR('',#5449,10.);
#1486=VECTOR('',#5452,10.);
#1487=VECTOR('',#5455,10.);
#1488=VECTOR('',#5456,10.);
#1489=VECTOR('',#5457,10.);
#1490=VECTOR('',#5460,10.);
#1491=VECTOR('',#5461,10.);
#1492=VECTOR('',#5464,10.);
#1493=VECTOR('',#5465,10.);
#1494=VECTOR('',#5466,10.);
#1495=VECTOR('',#5469,10.);
#1496=VECTOR('',#5470,10.);
#1497=VECTOR('',#5473,10.);
#1498=VECTOR('',#5474,10.);
#1499=VECTOR('',#5477,10.);
#1500=VECTOR('',#5480,10.);
#1501=VECTOR('',#5481,10.);
#1502=VECTOR('',#5482,10.);
#1503=VECTOR('',#5485,10.);
#1504=VECTOR('',#5486,10.);
#1505=VECTOR('',#5489,10.);
#1506=VECTOR('',#5490,10.);
#1507=VECTOR('',#5491,10.);
#1508=VECTOR('',#5494,10.);
#1509=VECTOR('',#5495,10.);
#1510=VECTOR('',#5498,10.);
#1511=VECTOR('',#5499,10.);
#1512=VECTOR('',#5502,10.);
#1513=VECTOR('',#5505,10.);
#1514=VECTOR('',#5506,10.);
#1515=VECTOR('',#5507,10.);
#1516=VECTOR('',#5510,10.);
#1517=VECTOR('',#5511,10.);
#1518=VECTOR('',#5514,10.);
#1519=VECTOR('',#5515,10.);
#1520=VECTOR('',#5516,10.);
#1521=VECTOR('',#5519,10.);
#1522=VECTOR('',#5520,10.);
#1523=VECTOR('',#5523,10.);
#1524=VECTOR('',#5524,10.);
#1525=VECTOR('',#5527,10.);
#1526=VECTOR('',#5530,10.);
#1527=VECTOR('',#5531,10.);
#1528=VECTOR('',#5532,10.);
#1529=VECTOR('',#5535,10.);
#1530=VECTOR('',#5536,10.);
#1531=VECTOR('',#5539,10.);
#1532=VECTOR('',#5540,10.);
#1533=VECTOR('',#5541,10.);
#1534=VECTOR('',#5544,10.);
#1535=VECTOR('',#5545,10.);
#1536=VECTOR('',#5548,10.);
#1537=VECTOR('',#5549,10.);
#1538=VECTOR('',#5552,10.);
#1539=VECTOR('',#5555,10.);
#1540=VECTOR('',#5556,10.);
#1541=VECTOR('',#5557,10.);
#1542=VECTOR('',#5560,10.);
#1543=VECTOR('',#5561,10.);
#1544=VECTOR('',#5564,10.);
#1545=VECTOR('',#5565,10.);
#1546=VECTOR('',#5566,10.);
#1547=VECTOR('',#5569,10.);
#1548=VECTOR('',#5570,10.);
#1549=VECTOR('',#5573,10.);
#1550=VECTOR('',#5574,10.);
#1551=VECTOR('',#5577,10.);
#1552=VECTOR('',#5580,10.);
#1553=VECTOR('',#5581,10.);
#1554=VECTOR('',#5582,10.);
#1555=VECTOR('',#5585,10.);
#1556=VECTOR('',#5586,10.);
#1557=VECTOR('',#5589,10.);
#1558=VECTOR('',#5590,10.);
#1559=VECTOR('',#5591,10.);
#1560=VECTOR('',#5592,10.);
#1561=VECTOR('',#5595,10.);
#1562=VECTOR('',#5596,10.);
#1563=VECTOR('',#5597,10.);
#1564=VECTOR('',#5600,10.);
#1565=VECTOR('',#5601,10.);
#1566=VECTOR('',#5602,10.);
#1567=VECTOR('',#5603,10.);
#1568=VECTOR('',#5606,10.);
#1569=VECTOR('',#5607,10.);
#1570=VECTOR('',#5608,10.);
#1571=VECTOR('',#5611,10.);
#1572=VECTOR('',#5612,10.);
#1573=VECTOR('',#5613,10.);
#1574=VECTOR('',#5616,10.);
#1575=VECTOR('',#5617,10.);
#1576=VECTOR('',#5620,10.);
#1577=VECTOR('',#5621,10.);
#1578=VECTOR('',#5622,10.);
#1579=VECTOR('',#5625,10.);
#1580=VECTOR('',#5626,10.);
#1581=VECTOR('',#5631,10.);
#1582=VECTOR('',#5632,10.);
#1583=VECTOR('',#5633,10.);
#1584=VECTOR('',#5634,10.);
#1585=VECTOR('',#5637,10.);
#1586=VECTOR('',#5638,10.);
#1587=VECTOR('',#5639,10.);
#1588=VECTOR('',#5642,10.);
#1589=VECTOR('',#5643,10.);
#1590=VECTOR('',#5644,10.);
#1591=VECTOR('',#5645,10.);
#1592=VECTOR('',#5648,10.);
#1593=VECTOR('',#5649,10.);
#1594=VECTOR('',#5650,10.);
#1595=VECTOR('',#5651,10.);
#1596=VECTOR('',#5654,10.);
#1597=VECTOR('',#5655,10.);
#1598=VECTOR('',#5656,10.);
#1599=VECTOR('',#5659,10.);
#1600=VECTOR('',#5660,10.);
#1601=VECTOR('',#5663,10.);
#1602=VECTOR('',#5666,10.);
#1603=VECTOR('',#5667,10.);
#1604=VECTOR('',#5670,10.);
#1605=VECTOR('',#5671,10.);
#1606=VECTOR('',#5672,10.);
#1607=VECTOR('',#5675,10.);
#1608=VECTOR('',#5676,10.);
#1609=VECTOR('',#5679,10.);
#1610=VECTOR('',#5680,10.);
#1611=VECTOR('',#5681,10.);
#1612=VECTOR('',#5682,10.);
#1613=VECTOR('',#5685,10.);
#1614=VECTOR('',#5686,10.);
#1615=VECTOR('',#5689,10.);
#1616=VECTOR('',#5694,10.);
#1617=VECTOR('',#5695,10.);
#1618=VECTOR('',#5696,10.);
#1619=VECTOR('',#5697,10.);
#1620=VECTOR('',#5700,10.);
#1621=VECTOR('',#5701,10.);
#1622=VECTOR('',#5702,10.);
#1623=VECTOR('',#5705,10.);
#1624=VECTOR('',#5706,10.);
#1625=VECTOR('',#5707,10.);
#1626=VECTOR('',#5708,10.);
#1627=VECTOR('',#5711,10.);
#1628=VECTOR('',#5712,10.);
#1629=VECTOR('',#5713,10.);
#1630=VECTOR('',#5716,10.);
#1631=VECTOR('',#5717,10.);
#1632=VECTOR('',#5718,10.);
#1633=VECTOR('',#5721,10.);
#1634=VECTOR('',#5722,10.);
#1635=VECTOR('',#5725,10.);
#1636=VECTOR('',#5726,10.);
#1637=VECTOR('',#5727,10.);
#1638=VECTOR('',#5730,10.);
#1639=VECTOR('',#5731,10.);
#1640=VECTOR('',#5736,10.);
#1641=VECTOR('',#5737,10.);
#1642=VECTOR('',#5738,10.);
#1643=VECTOR('',#5741,10.);
#1644=VECTOR('',#5742,10.);
#1645=VECTOR('',#5743,10.);
#1646=VECTOR('',#5744,10.);
#1647=VECTOR('',#5747,10.);
#1648=VECTOR('',#5748,10.);
#1649=VECTOR('',#5749,10.);
#1650=VECTOR('',#5750,10.);
#1651=VECTOR('',#5753,10.);
#1652=VECTOR('',#5754,10.);
#1653=VECTOR('',#5757,10.);
#1654=VECTOR('',#5758,10.);
#1655=VECTOR('',#5761,10.);
#1656=VECTOR('',#5764,10.);
#1657=VECTOR('',#5765,10.);
#1658=VECTOR('',#5768,10.);
#1659=VECTOR('',#5769,10.);
#1660=VECTOR('',#5770,10.);
#1661=VECTOR('',#5773,10.);
#1662=VECTOR('',#5774,10.);
#1663=VECTOR('',#5777,10.);
#1664=VECTOR('',#5778,10.);
#1665=VECTOR('',#5779,10.);
#1666=VECTOR('',#5780,10.);
#1667=VECTOR('',#5783,10.);
#1668=VECTOR('',#5784,10.);
#1669=VECTOR('',#5787,10.);
#1670=VECTOR('',#5792,10.);
#1671=VECTOR('',#5793,10.);
#1672=VECTOR('',#5794,10.);
#1673=VECTOR('',#5795,10.);
#1674=VECTOR('',#5798,10.);
#1675=VECTOR('',#5799,10.);
#1676=VECTOR('',#5800,10.);
#1677=VECTOR('',#5803,10.);
#1678=VECTOR('',#5804,10.);
#1679=VECTOR('',#5805,10.);
#1680=VECTOR('',#5806,10.);
#1681=VECTOR('',#5809,10.);
#1682=VECTOR('',#5810,10.);
#1683=VECTOR('',#5811,10.);
#1684=VECTOR('',#5814,10.);
#1685=VECTOR('',#5815,10.);
#1686=VECTOR('',#5816,10.);
#1687=VECTOR('',#5819,10.);
#1688=VECTOR('',#5820,10.);
#1689=VECTOR('',#5823,10.);
#1690=VECTOR('',#5824,10.);
#1691=VECTOR('',#5825,10.);
#1692=VECTOR('',#5828,10.);
#1693=VECTOR('',#5829,10.);
#1694=VECTOR('',#5834,10.);
#1695=VECTOR('',#5835,10.);
#1696=VECTOR('',#5836,10.);
#1697=VECTOR('',#5839,10.);
#1698=VECTOR('',#5840,10.);
#1699=VECTOR('',#5841,10.);
#1700=VECTOR('',#5842,10.);
#1701=VECTOR('',#5845,10.);
#1702=VECTOR('',#5846,10.);
#1703=VECTOR('',#5847,10.);
#1704=VECTOR('',#5848,10.);
#1705=VECTOR('',#5851,10.);
#1706=VECTOR('',#5852,10.);
#1707=VECTOR('',#5855,10.);
#1708=VECTOR('',#5856,10.);
#1709=VECTOR('',#5859,10.);
#1710=VECTOR('',#5862,10.);
#1711=VECTOR('',#5863,10.);
#1712=VECTOR('',#5866,10.);
#1713=VECTOR('',#5867,10.);
#1714=VECTOR('',#5868,10.);
#1715=VECTOR('',#5871,10.);
#1716=VECTOR('',#5872,10.);
#1717=VECTOR('',#5875,10.);
#1718=VECTOR('',#5876,10.);
#1719=VECTOR('',#5877,10.);
#1720=VECTOR('',#5878,10.);
#1721=VECTOR('',#5881,10.);
#1722=VECTOR('',#5882,10.);
#1723=VECTOR('',#5885,10.);
#1724=VECTOR('',#5890,10.);
#1725=VECTOR('',#5891,10.);
#1726=VECTOR('',#5892,10.);
#1727=VECTOR('',#5893,10.);
#1728=VECTOR('',#5896,10.);
#1729=VECTOR('',#5897,10.);
#1730=VECTOR('',#5898,10.);
#1731=VECTOR('',#5901,10.);
#1732=VECTOR('',#5902,10.);
#1733=VECTOR('',#5903,10.);
#1734=VECTOR('',#5904,10.);
#1735=VECTOR('',#5907,10.);
#1736=VECTOR('',#5908,10.);
#1737=VECTOR('',#5909,10.);
#1738=VECTOR('',#5912,10.);
#1739=VECTOR('',#5913,10.);
#1740=VECTOR('',#5914,10.);
#1741=VECTOR('',#5917,10.);
#1742=VECTOR('',#5918,10.);
#1743=VECTOR('',#5921,10.);
#1744=VECTOR('',#5922,10.);
#1745=VECTOR('',#5923,10.);
#1746=VECTOR('',#5926,10.);
#1747=VECTOR('',#5927,10.);
#1748=VECTOR('',#5932,10.);
#1749=VECTOR('',#5933,10.);
#1750=VECTOR('',#5934,10.);
#1751=VECTOR('',#5937,10.);
#1752=VECTOR('',#5938,10.);
#1753=VECTOR('',#5939,10.);
#1754=VECTOR('',#5940,10.);
#1755=VECTOR('',#5943,10.);
#1756=VECTOR('',#5944,10.);
#1757=VECTOR('',#5945,10.);
#1758=VECTOR('',#5946,10.);
#1759=VECTOR('',#5949,10.);
#1760=VECTOR('',#5950,10.);
#1761=VECTOR('',#5953,10.);
#1762=VECTOR('',#5954,10.);
#1763=VECTOR('',#5957,10.);
#1764=VECTOR('',#5960,10.);
#1765=VECTOR('',#5961,10.);
#1766=VECTOR('',#5964,10.);
#1767=VECTOR('',#5965,10.);
#1768=VECTOR('',#5966,10.);
#1769=VECTOR('',#5969,10.);
#1770=VECTOR('',#5970,10.);
#1771=VECTOR('',#5973,10.);
#1772=VECTOR('',#5974,10.);
#1773=VECTOR('',#5975,10.);
#1774=VECTOR('',#5976,10.);
#1775=VECTOR('',#5979,10.);
#1776=VECTOR('',#5980,10.);
#1777=VECTOR('',#5983,10.);
#1778=VECTOR('',#5986,10.);
#1779=VECTOR('',#5987,10.);
#1780=VECTOR('',#5988,10.);
#1781=VECTOR('',#5989,10.);
#1782=VECTOR('',#5992,10.);
#1783=VECTOR('',#5993,10.);
#1784=VECTOR('',#5994,10.);
#1785=VECTOR('',#5997,10.);
#1786=VECTOR('',#5998,10.);
#1787=VECTOR('',#5999,10.);
#1788=VECTOR('',#6000,10.);
#1789=VECTOR('',#6003,10.);
#1790=VECTOR('',#6004,10.);
#1791=VECTOR('',#6005,10.);
#1792=VECTOR('',#6008,10.);
#1793=VECTOR('',#6009,10.);
#1794=VECTOR('',#6010,10.);
#1795=VECTOR('',#6013,10.);
#1796=VECTOR('',#6014,10.);
#1797=VECTOR('',#6017,10.);
#1798=VECTOR('',#6018,10.);
#1799=VECTOR('',#6019,10.);
#1800=VECTOR('',#6022,10.);
#1801=VECTOR('',#6023,10.);
#1802=VECTOR('',#6028,10.);
#1803=VECTOR('',#6029,10.);
#1804=VECTOR('',#6030,10.);
#1805=VECTOR('',#6033,10.);
#1806=VECTOR('',#6034,10.);
#1807=VECTOR('',#6035,10.);
#1808=VECTOR('',#6036,10.);
#1809=VECTOR('',#6039,10.);
#1810=VECTOR('',#6040,10.);
#1811=VECTOR('',#6041,10.);
#1812=VECTOR('',#6042,10.);
#1813=VECTOR('',#6045,10.);
#1814=VECTOR('',#6046,10.);
#1815=VECTOR('',#6049,10.);
#1816=VECTOR('',#6050,10.);
#1817=VECTOR('',#6053,10.);
#1818=VECTOR('',#6056,10.);
#1819=VECTOR('',#6057,10.);
#1820=VECTOR('',#6060,10.);
#1821=VECTOR('',#6061,10.);
#1822=VECTOR('',#6062,10.);
#1823=VECTOR('',#6065,10.);
#1824=VECTOR('',#6066,10.);
#1825=VECTOR('',#6069,10.);
#1826=VECTOR('',#6070,10.);
#1827=VECTOR('',#6071,10.);
#1828=VECTOR('',#6072,10.);
#1829=VECTOR('',#6075,10.);
#1830=VECTOR('',#6076,10.);
#1831=VECTOR('',#6079,10.);
#1832=VECTOR('',#6080,10.);
#1833=VECTOR('',#6081,10.);
#1834=VECTOR('',#6082,10.);
#1835=VECTOR('',#6085,10.);
#1836=VECTOR('',#6086,10.);
#1837=VECTOR('',#6087,10.);
#1838=VECTOR('',#6090,10.);
#1839=VECTOR('',#6091,10.);
#1840=VECTOR('',#6092,10.);
#1841=VECTOR('',#6093,10.);
#1842=VECTOR('',#6096,10.);
#1843=VECTOR('',#6097,10.);
#1844=VECTOR('',#6098,10.);
#1845=VECTOR('',#6101,10.);
#1846=VECTOR('',#6102,10.);
#1847=VECTOR('',#6103,10.);
#1848=VECTOR('',#6106,10.);
#1849=VECTOR('',#6107,10.);
#1850=VECTOR('',#6110,10.);
#1851=VECTOR('',#6111,10.);
#1852=VECTOR('',#6112,10.);
#1853=VECTOR('',#6115,10.);
#1854=VECTOR('',#6116,10.);
#1855=VECTOR('',#6121,10.);
#1856=VECTOR('',#6122,10.);
#1857=VECTOR('',#6123,10.);
#1858=VECTOR('',#6124,10.);
#1859=VECTOR('',#6127,10.);
#1860=VECTOR('',#6128,10.);
#1861=VECTOR('',#6129,10.);
#1862=VECTOR('',#6130,10.);
#1863=VECTOR('',#6133,10.);
#1864=VECTOR('',#6134,10.);
#1865=VECTOR('',#6135,10.);
#1866=VECTOR('',#6136,10.);
#1867=VECTOR('',#6139,10.);
#1868=VECTOR('',#6140,10.);
#1869=VECTOR('',#6141,10.);
#1870=VECTOR('',#6142,10.);
#1871=VECTOR('',#6145,10.);
#1872=VECTOR('',#6146,10.);
#1873=VECTOR('',#6149,10.);
#1874=VECTOR('',#6152,10.);
#1875=VECTOR('',#6153,10.);
#1876=VECTOR('',#6156,10.);
#1877=VECTOR('',#6157,10.);
#1878=VECTOR('',#6158,10.);
#1879=VECTOR('',#6161,10.);
#1880=VECTOR('',#6162,10.);
#1881=VECTOR('',#6165,10.);
#1882=VECTOR('',#6166,10.);
#1883=VECTOR('',#6167,10.);
#1884=VECTOR('',#6168,10.);
#1885=VECTOR('',#6171,10.);
#1886=VECTOR('',#6172,10.);
#1887=VECTOR('',#6175,10.);
#1888=VECTOR('',#6176,10.);
#1889=VECTOR('',#6179,10.);
#1890=VECTOR('',#6180,10.);
#1891=VECTOR('',#6183,10.);
#1892=VECTOR('',#6188,10.);
#1893=VECTOR('',#6189,10.);
#1894=VECTOR('',#6190,10.);
#1895=VECTOR('',#6191,10.);
#1896=VECTOR('',#6194,10.);
#1897=VECTOR('',#6195,10.);
#1898=VECTOR('',#6196,10.);
#1899=VECTOR('',#6199,10.);
#1900=VECTOR('',#6200,10.);
#1901=VECTOR('',#6201,10.);
#1902=VECTOR('',#6202,10.);
#1903=VECTOR('',#6205,10.);
#1904=VECTOR('',#6206,10.);
#1905=VECTOR('',#6207,10.);
#1906=VECTOR('',#6210,10.);
#1907=VECTOR('',#6211,10.);
#1908=VECTOR('',#6212,10.);
#1909=VECTOR('',#6215,10.);
#1910=VECTOR('',#6216,10.);
#1911=VECTOR('',#6219,10.);
#1912=VECTOR('',#6220,10.);
#1913=VECTOR('',#6221,10.);
#1914=VECTOR('',#6224,10.);
#1915=VECTOR('',#6225,10.);
#1916=VECTOR('',#6230,10.);
#1917=VECTOR('',#6231,10.);
#1918=VECTOR('',#6232,10.);
#1919=VECTOR('',#6235,10.);
#1920=VECTOR('',#6236,10.);
#1921=VECTOR('',#6237,10.);
#1922=VECTOR('',#6238,10.);
#1923=VECTOR('',#6239,10.);
#1924=VECTOR('',#6240,10.);
#1925=VECTOR('',#6241,10.);
#1926=VECTOR('',#6242,10.);
#1927=VECTOR('',#6243,10.);
#1928=VECTOR('',#6244,10.);
#1929=VECTOR('',#6245,10.);
#1930=VECTOR('',#6246,10.);
#1931=VECTOR('',#6247,10.);
#1932=VECTOR('',#6248,10.);
#1933=VECTOR('',#6249,10.);
#1934=VECTOR('',#6250,10.);
#1935=VECTOR('',#6251,10.);
#1936=VECTOR('',#6252,10.);
#1937=VECTOR('',#6253,10.);
#1938=VECTOR('',#6254,10.);
#1939=VECTOR('',#6255,10.);
#1940=VECTOR('',#6256,10.);
#1941=VECTOR('',#6257,10.);
#1942=VECTOR('',#6258,10.);
#1943=VECTOR('',#6259,10.);
#1944=VECTOR('',#6260,10.);
#1945=VECTOR('',#6261,10.);
#1946=VECTOR('',#6262,10.);
#1947=VECTOR('',#6263,10.);
#1948=VECTOR('',#6264,10.);
#1949=VECTOR('',#6267,10.);
#1950=VECTOR('',#6270,10.);
#1951=VECTOR('',#6271,10.);
#1952=VECTOR('',#6274,10.);
#1953=VECTOR('',#6277,10.);
#1954=VECTOR('',#6282,10.);
#1955=VECTOR('',#6283,10.);
#1956=VECTOR('',#6286,10.);
#1957=VECTOR('',#6287,10.);
#1958=VECTOR('',#6288,10.);
#1959=VECTOR('',#6291,10.);
#1960=VECTOR('',#6292,10.);
#1961=VECTOR('',#6295,10.);
#1962=VECTOR('',#6296,10.);
#1963=VECTOR('',#6297,10.);
#1964=VECTOR('',#6298,10.);
#1965=VECTOR('',#6301,10.);
#1966=VECTOR('',#6304,10.);
#1967=VECTOR('',#6309,10.);
#1968=VECTOR('',#6310,10.);
#1969=VECTOR('',#6311,10.);
#1970=VECTOR('',#6312,10.);
#1971=VECTOR('',#6315,10.);
#1972=VECTOR('',#6316,10.);
#1973=VECTOR('',#6317,10.);
#1974=VECTOR('',#6320,10.);
#1975=VECTOR('',#6321,10.);
#1976=VECTOR('',#6322,10.);
#1977=VECTOR('',#6323,10.);
#1978=VECTOR('',#6326,10.);
#1979=VECTOR('',#6327,10.);
#1980=VECTOR('',#6328,10.);
#1981=VECTOR('',#6331,10.);
#1982=VECTOR('',#6332,10.);
#1983=VECTOR('',#6333,10.);
#1984=VECTOR('',#6336,10.);
#1985=VECTOR('',#6337,10.);
#1986=VECTOR('',#6340,10.);
#1987=VECTOR('',#6341,10.);
#1988=VECTOR('',#6344,10.);
#1989=VECTOR('',#6349,10.);
#1990=VECTOR('',#6352,10.);
#1991=VECTOR('',#6353,10.);
#1992=VECTOR('',#6354,10.);
#1993=VECTOR('',#6357,10.);
#1994=VECTOR('',#6358,10.);
#1995=VECTOR('',#6361,10.);
#1996=VECTOR('',#6362,10.);
#1997=VECTOR('',#6365,10.);
#1998=VECTOR('',#6368,10.);
#1999=VECTOR('',#6373,10.);
#2000=VECTOR('',#6374,10.);
#2001=VECTOR('',#6377,10.);
#2002=VECTOR('',#6378,10.);
#2003=VECTOR('',#6379,10.);
#2004=VECTOR('',#6382,10.);
#2005=VECTOR('',#6383,10.);
#2006=VECTOR('',#6386,10.);
#2007=VECTOR('',#6387,10.);
#2008=VECTOR('',#6388,10.);
#2009=VECTOR('',#6389,10.);
#2010=VECTOR('',#6392,10.);
#2011=VECTOR('',#6393,10.);
#2012=VECTOR('',#6394,10.);
#2013=VECTOR('',#6397,10.);
#2014=VECTOR('',#6398,10.);
#2015=VECTOR('',#6399,10.);
#2016=VECTOR('',#6402,10.);
#2017=VECTOR('',#6403,10.);
#2018=VECTOR('',#6404,10.);
#2019=VECTOR('',#6407,10.);
#2020=VECTOR('',#6408,10.);
#2021=VECTOR('',#6411,10.);
#2022=VECTOR('',#6412,10.);
#2023=VECTOR('',#6413,10.);
#2024=VECTOR('',#6416,10.);
#2025=VECTOR('',#6417,10.);
#2026=VECTOR('',#6418,10.);
#2027=VECTOR('',#6421,10.);
#2028=VECTOR('',#6422,10.);
#2029=VECTOR('',#6425,10.);
#2030=VECTOR('',#6426,10.);
#2031=VECTOR('',#6427,10.);
#2032=VECTOR('',#6430,10.);
#2033=VECTOR('',#6431,10.);
#2034=VECTOR('',#6432,10.);
#2035=VECTOR('',#6435,10.);
#2036=VECTOR('',#6436,10.);
#2037=VECTOR('',#6439,10.);
#2038=VECTOR('',#6440,10.);
#2039=VECTOR('',#6441,10.);
#2040=VECTOR('',#6444,10.);
#2041=VECTOR('',#6445,10.);
#2042=VECTOR('',#6446,10.);
#2043=VECTOR('',#6449,10.);
#2044=VECTOR('',#6450,10.);
#2045=VECTOR('',#6453,10.);
#2046=VECTOR('',#6454,10.);
#2047=VECTOR('',#6455,10.);
#2048=VECTOR('',#6458,10.);
#2049=VECTOR('',#6459,10.);
#2050=VECTOR('',#6460,10.);
#2051=VECTOR('',#6463,10.);
#2052=VECTOR('',#6464,10.);
#2053=VECTOR('',#6467,10.);
#2054=VECTOR('',#6468,10.);
#2055=VECTOR('',#6469,10.);
#2056=VECTOR('',#6470,10.);
#2057=VECTOR('',#6473,10.);
#2058=VECTOR('',#6474,10.);
#2059=VECTOR('',#6477,10.);
#2060=VECTOR('',#6478,10.);
#2061=VECTOR('',#6481,10.);
#2062=VECTOR('',#6482,10.);
#2063=VECTOR('',#6483,10.);
#2064=VECTOR('',#6486,10.);
#2065=VECTOR('',#6487,10.);
#2066=VECTOR('',#6488,10.);
#2067=VECTOR('',#6491,10.);
#2068=VECTOR('',#6492,10.);
#2069=VECTOR('',#6495,10.);
#2070=VECTOR('',#6496,10.);
#2071=VECTOR('',#6497,10.);
#2072=VECTOR('',#6500,10.);
#2073=VECTOR('',#6501,10.);
#2074=VECTOR('',#6502,10.);
#2075=VECTOR('',#6505,10.);
#2076=VECTOR('',#6506,10.);
#2077=VECTOR('',#6509,10.);
#2078=VECTOR('',#6512,10.);
#2079=VECTOR('',#6513,10.);
#2080=VECTOR('',#6514,10.);
#2081=VECTOR('',#6515,10.);
#2082=VECTOR('',#6516,10.);
#2083=VECTOR('',#6517,10.);
#2084=VECTOR('',#6518,10.);
#2085=VECTOR('',#6519,10.);
#2086=VECTOR('',#6522,10.);
#2087=VECTOR('',#6523,10.);
#2088=VECTOR('',#6538,10.);
#2089=VECTOR('',#6545,10.);
#2090=VECTOR('',#6548,10.);
#2091=VERTEX_POINT('',#6553);
#2092=VERTEX_POINT('',#6554);
#2093=VERTEX_POINT('',#6556);
#2094=VERTEX_POINT('',#6558);
#2095=VERTEX_POINT('',#6562);
#2096=VERTEX_POINT('',#6564);
#2097=VERTEX_POINT('',#6568);
#2098=VERTEX_POINT('',#6570);
#2099=VERTEX_POINT('',#6577);
#2100=VERTEX_POINT('',#6579);
#2101=VERTEX_POINT('',#6583);
#2102=VERTEX_POINT('',#6587);
#2103=VERTEX_POINT('',#6588);
#2104=VERTEX_POINT('',#6590);
#2105=VERTEX_POINT('',#6592);
#2106=VERTEX_POINT('',#6595);
#2107=VERTEX_POINT('',#6596);
#2108=VERTEX_POINT('',#6598);
#2109=VERTEX_POINT('',#6600);
#2110=VERTEX_POINT('',#6603);
#2111=VERTEX_POINT('',#6604);
#2112=VERTEX_POINT('',#6606);
#2113=VERTEX_POINT('',#6608);
#2114=VERTEX_POINT('',#6611);
#2115=VERTEX_POINT('',#6612);
#2116=VERTEX_POINT('',#6614);
#2117=VERTEX_POINT('',#6616);
#2118=VERTEX_POINT('',#6619);
#2119=VERTEX_POINT('',#6620);
#2120=VERTEX_POINT('',#6622);
#2121=VERTEX_POINT('',#6624);
#2122=VERTEX_POINT('',#6627);
#2123=VERTEX_POINT('',#6628);
#2124=VERTEX_POINT('',#6630);
#2125=VERTEX_POINT('',#6632);
#2126=VERTEX_POINT('',#6635);
#2127=VERTEX_POINT('',#6636);
#2128=VERTEX_POINT('',#6638);
#2129=VERTEX_POINT('',#6640);
#2130=VERTEX_POINT('',#6643);
#2131=VERTEX_POINT('',#6644);
#2132=VERTEX_POINT('',#6646);
#2133=VERTEX_POINT('',#6648);
#2134=VERTEX_POINT('',#6652);
#2135=VERTEX_POINT('',#6654);
#2136=VERTEX_POINT('',#6658);
#2137=VERTEX_POINT('',#6662);
#2138=VERTEX_POINT('',#6668);
#2139=VERTEX_POINT('',#6670);
#2140=VERTEX_POINT('',#6674);
#2141=VERTEX_POINT('',#6678);
#2142=VERTEX_POINT('',#6680);
#2143=VERTEX_POINT('',#6684);
#2144=VERTEX_POINT('',#6688);
#2145=VERTEX_POINT('',#6694);
#2146=VERTEX_POINT('',#6696);
#2147=VERTEX_POINT('',#6700);
#2148=VERTEX_POINT('',#6704);
#2149=VERTEX_POINT('',#6706);
#2150=VERTEX_POINT('',#6710);
#2151=VERTEX_POINT('',#6714);
#2152=VERTEX_POINT('',#6720);
#2153=VERTEX_POINT('',#6722);
#2154=VERTEX_POINT('',#6726);
#2155=VERTEX_POINT('',#6730);
#2156=VERTEX_POINT('',#6732);
#2157=VERTEX_POINT('',#6736);
#2158=VERTEX_POINT('',#6740);
#2159=VERTEX_POINT('',#6746);
#2160=VERTEX_POINT('',#6748);
#2161=VERTEX_POINT('',#6752);
#2162=VERTEX_POINT('',#6756);
#2163=VERTEX_POINT('',#6758);
#2164=VERTEX_POINT('',#6762);
#2165=VERTEX_POINT('',#6766);
#2166=VERTEX_POINT('',#6772);
#2167=VERTEX_POINT('',#6774);
#2168=VERTEX_POINT('',#6778);
#2169=VERTEX_POINT('',#6782);
#2170=VERTEX_POINT('',#6784);
#2171=VERTEX_POINT('',#6788);
#2172=VERTEX_POINT('',#6792);
#2173=VERTEX_POINT('',#6798);
#2174=VERTEX_POINT('',#6800);
#2175=VERTEX_POINT('',#6804);
#2176=VERTEX_POINT('',#6808);
#2177=VERTEX_POINT('',#6810);
#2178=VERTEX_POINT('',#6814);
#2179=VERTEX_POINT('',#6818);
#2180=VERTEX_POINT('',#6824);
#2181=VERTEX_POINT('',#6826);
#2182=VERTEX_POINT('',#6830);
#2183=VERTEX_POINT('',#6834);
#2184=VERTEX_POINT('',#6835);
#2185=VERTEX_POINT('',#6837);
#2186=VERTEX_POINT('',#6839);
#2187=VERTEX_POINT('',#6843);
#2188=VERTEX_POINT('',#6845);
#2189=VERTEX_POINT('',#6849);
#2190=VERTEX_POINT('',#6850);
#2191=VERTEX_POINT('',#6852);
#2192=VERTEX_POINT('',#6854);
#2193=VERTEX_POINT('',#6858);
#2194=VERTEX_POINT('',#6860);
#2195=VERTEX_POINT('',#6864);
#2196=VERTEX_POINT('',#6866);
#2197=VERTEX_POINT('',#6873);
#2198=VERTEX_POINT('',#6875);
#2199=VERTEX_POINT('',#6879);
#2200=VERTEX_POINT('',#6884);
#2201=VERTEX_POINT('',#6885);
#2202=VERTEX_POINT('',#6887);
#2203=VERTEX_POINT('',#6889);
#2204=VERTEX_POINT('',#6893);
#2205=VERTEX_POINT('',#6895);
#2206=VERTEX_POINT('',#6899);
#2207=VERTEX_POINT('',#6900);
#2208=VERTEX_POINT('',#6902);
#2209=VERTEX_POINT('',#6904);
#2210=VERTEX_POINT('',#6908);
#2211=VERTEX_POINT('',#6909);
#2212=VERTEX_POINT('',#6911);
#2213=VERTEX_POINT('',#6913);
#2214=VERTEX_POINT('',#6917);
#2215=VERTEX_POINT('',#6919);
#2216=VERTEX_POINT('',#6923);
#2217=VERTEX_POINT('',#6929);
#2218=VERTEX_POINT('',#6933);
#2219=VERTEX_POINT('',#6935);
#2220=VERTEX_POINT('',#6942);
#2221=VERTEX_POINT('',#6943);
#2222=VERTEX_POINT('',#6945);
#2223=VERTEX_POINT('',#6947);
#2224=VERTEX_POINT('',#6951);
#2225=VERTEX_POINT('',#6958);
#2226=VERTEX_POINT('',#6959);
#2227=VERTEX_POINT('',#6961);
#2228=VERTEX_POINT('',#6963);
#2229=VERTEX_POINT('',#6967);
#2230=VERTEX_POINT('',#6969);
#2231=VERTEX_POINT('',#6973);
#2232=VERTEX_POINT('',#6974);
#2233=VERTEX_POINT('',#6976);
#2234=VERTEX_POINT('',#6978);
#2235=VERTEX_POINT('',#6982);
#2236=VERTEX_POINT('',#6984);
#2237=VERTEX_POINT('',#6988);
#2238=VERTEX_POINT('',#6990);
#2239=VERTEX_POINT('',#6997);
#2240=VERTEX_POINT('',#6999);
#2241=VERTEX_POINT('',#7003);
#2242=VERTEX_POINT('',#7008);
#2243=VERTEX_POINT('',#7010);
#2244=VERTEX_POINT('',#7014);
#2245=VERTEX_POINT('',#7015);
#2246=VERTEX_POINT('',#7017);
#2247=VERTEX_POINT('',#7019);
#2248=VERTEX_POINT('',#7023);
#2249=VERTEX_POINT('',#7024);
#2250=VERTEX_POINT('',#7026);
#2251=VERTEX_POINT('',#7028);
#2252=VERTEX_POINT('',#7032);
#2253=VERTEX_POINT('',#7036);
#2254=VERTEX_POINT('',#7042);
#2255=VERTEX_POINT('',#7046);
#2256=VERTEX_POINT('',#7048);
#2257=VERTEX_POINT('',#7055);
#2258=VERTEX_POINT('',#7056);
#2259=VERTEX_POINT('',#7058);
#2260=VERTEX_POINT('',#7060);
#2261=VERTEX_POINT('',#7064);
#2262=VERTEX_POINT('',#7071);
#2263=VERTEX_POINT('',#7072);
#2264=VERTEX_POINT('',#7074);
#2265=VERTEX_POINT('',#7076);
#2266=VERTEX_POINT('',#7080);
#2267=VERTEX_POINT('',#7082);
#2268=VERTEX_POINT('',#7086);
#2269=VERTEX_POINT('',#7087);
#2270=VERTEX_POINT('',#7089);
#2271=VERTEX_POINT('',#7091);
#2272=VERTEX_POINT('',#7095);
#2273=VERTEX_POINT('',#7097);
#2274=VERTEX_POINT('',#7101);
#2275=VERTEX_POINT('',#7103);
#2276=VERTEX_POINT('',#7110);
#2277=VERTEX_POINT('',#7112);
#2278=VERTEX_POINT('',#7116);
#2279=VERTEX_POINT('',#7121);
#2280=VERTEX_POINT('',#7123);
#2281=VERTEX_POINT('',#7127);
#2282=VERTEX_POINT('',#7128);
#2283=VERTEX_POINT('',#7130);
#2284=VERTEX_POINT('',#7132);
#2285=VERTEX_POINT('',#7136);
#2286=VERTEX_POINT('',#7137);
#2287=VERTEX_POINT('',#7139);
#2288=VERTEX_POINT('',#7141);
#2289=VERTEX_POINT('',#7145);
#2290=VERTEX_POINT('',#7149);
#2291=VERTEX_POINT('',#7155);
#2292=VERTEX_POINT('',#7159);
#2293=VERTEX_POINT('',#7161);
#2294=VERTEX_POINT('',#7168);
#2295=VERTEX_POINT('',#7169);
#2296=VERTEX_POINT('',#7171);
#2297=VERTEX_POINT('',#7173);
#2298=VERTEX_POINT('',#7177);
#2299=VERTEX_POINT('',#7184);
#2300=VERTEX_POINT('',#7185);
#2301=VERTEX_POINT('',#7187);
#2302=VERTEX_POINT('',#7189);
#2303=VERTEX_POINT('',#7193);
#2304=VERTEX_POINT('',#7195);
#2305=VERTEX_POINT('',#7199);
#2306=VERTEX_POINT('',#7200);
#2307=VERTEX_POINT('',#7202);
#2308=VERTEX_POINT('',#7204);
#2309=VERTEX_POINT('',#7208);
#2310=VERTEX_POINT('',#7210);
#2311=VERTEX_POINT('',#7214);
#2312=VERTEX_POINT('',#7216);
#2313=VERTEX_POINT('',#7223);
#2314=VERTEX_POINT('',#7225);
#2315=VERTEX_POINT('',#7229);
#2316=VERTEX_POINT('',#7234);
#2317=VERTEX_POINT('',#7236);
#2318=VERTEX_POINT('',#7240);
#2319=VERTEX_POINT('',#7241);
#2320=VERTEX_POINT('',#7243);
#2321=VERTEX_POINT('',#7245);
#2322=VERTEX_POINT('',#7249);
#2323=VERTEX_POINT('',#7250);
#2324=VERTEX_POINT('',#7252);
#2325=VERTEX_POINT('',#7254);
#2326=VERTEX_POINT('',#7258);
#2327=VERTEX_POINT('',#7262);
#2328=VERTEX_POINT('',#7268);
#2329=VERTEX_POINT('',#7272);
#2330=VERTEX_POINT('',#7274);
#2331=VERTEX_POINT('',#7281);
#2332=VERTEX_POINT('',#7282);
#2333=VERTEX_POINT('',#7284);
#2334=VERTEX_POINT('',#7286);
#2335=VERTEX_POINT('',#7290);
#2336=VERTEX_POINT('',#7296);
#2337=VERTEX_POINT('',#7297);
#2338=VERTEX_POINT('',#7299);
#2339=VERTEX_POINT('',#7301);
#2340=VERTEX_POINT('',#7305);
#2341=VERTEX_POINT('',#7307);
#2342=VERTEX_POINT('',#7311);
#2343=VERTEX_POINT('',#7312);
#2344=VERTEX_POINT('',#7314);
#2345=VERTEX_POINT('',#7316);
#2346=VERTEX_POINT('',#7320);
#2347=VERTEX_POINT('',#7322);
#2348=VERTEX_POINT('',#7326);
#2349=VERTEX_POINT('',#7328);
#2350=VERTEX_POINT('',#7335);
#2351=VERTEX_POINT('',#7337);
#2352=VERTEX_POINT('',#7341);
#2353=VERTEX_POINT('',#7346);
#2354=VERTEX_POINT('',#7348);
#2355=VERTEX_POINT('',#7352);
#2356=VERTEX_POINT('',#7353);
#2357=VERTEX_POINT('',#7355);
#2358=VERTEX_POINT('',#7357);
#2359=VERTEX_POINT('',#7361);
#2360=VERTEX_POINT('',#7362);
#2361=VERTEX_POINT('',#7364);
#2362=VERTEX_POINT('',#7366);
#2363=VERTEX_POINT('',#7370);
#2364=VERTEX_POINT('',#7374);
#2365=VERTEX_POINT('',#7380);
#2366=VERTEX_POINT('',#7384);
#2367=VERTEX_POINT('',#7386);
#2368=VERTEX_POINT('',#7393);
#2369=VERTEX_POINT('',#7394);
#2370=VERTEX_POINT('',#7396);
#2371=VERTEX_POINT('',#7398);
#2372=VERTEX_POINT('',#7402);
#2373=VERTEX_POINT('',#7406);
#2374=VERTEX_POINT('',#7407);
#2375=VERTEX_POINT('',#7409);
#2376=VERTEX_POINT('',#7411);
#2377=VERTEX_POINT('',#7415);
#2378=VERTEX_POINT('',#7417);
#2379=VERTEX_POINT('',#7421);
#2380=VERTEX_POINT('',#7422);
#2381=VERTEX_POINT('',#7424);
#2382=VERTEX_POINT('',#7426);
#2383=VERTEX_POINT('',#7430);
#2384=VERTEX_POINT('',#7432);
#2385=VERTEX_POINT('',#7436);
#2386=VERTEX_POINT('',#7438);
#2387=VERTEX_POINT('',#7445);
#2388=VERTEX_POINT('',#7447);
#2389=VERTEX_POINT('',#7451);
#2390=VERTEX_POINT('',#7456);
#2391=VERTEX_POINT('',#7457);
#2392=VERTEX_POINT('',#7459);
#2393=VERTEX_POINT('',#7461);
#2394=VERTEX_POINT('',#7465);
#2395=VERTEX_POINT('',#7466);
#2396=VERTEX_POINT('',#7468);
#2397=VERTEX_POINT('',#7470);
#2398=VERTEX_POINT('',#7474);
#2399=VERTEX_POINT('',#7475);
#2400=VERTEX_POINT('',#7477);
#2401=VERTEX_POINT('',#7479);
#2402=VERTEX_POINT('',#7483);
#2403=VERTEX_POINT('',#7484);
#2404=VERTEX_POINT('',#7486);
#2405=VERTEX_POINT('',#7488);
#2406=VERTEX_POINT('',#7492);
#2407=VERTEX_POINT('',#7498);
#2408=VERTEX_POINT('',#7502);
#2409=VERTEX_POINT('',#7504);
#2410=VERTEX_POINT('',#7511);
#2411=VERTEX_POINT('',#7512);
#2412=VERTEX_POINT('',#7514);
#2413=VERTEX_POINT('',#7516);
#2414=VERTEX_POINT('',#7520);
#2415=VERTEX_POINT('',#7524);
#2416=VERTEX_POINT('',#7528);
#2417=VERTEX_POINT('',#7535);
#2418=VERTEX_POINT('',#7536);
#2419=VERTEX_POINT('',#7538);
#2420=VERTEX_POINT('',#7540);
#2421=VERTEX_POINT('',#7544);
#2422=VERTEX_POINT('',#7546);
#2423=VERTEX_POINT('',#7550);
#2424=VERTEX_POINT('',#7551);
#2425=VERTEX_POINT('',#7553);
#2426=VERTEX_POINT('',#7555);
#2427=VERTEX_POINT('',#7559);
#2428=VERTEX_POINT('',#7561);
#2429=VERTEX_POINT('',#7565);
#2430=VERTEX_POINT('',#7567);
#2431=VERTEX_POINT('',#7574);
#2432=VERTEX_POINT('',#7576);
#2433=VERTEX_POINT('',#7580);
#2434=VERTEX_POINT('',#7585);
#2435=VERTEX_POINT('',#7587);
#2436=VERTEX_POINT('',#7591);
#2437=VERTEX_POINT('',#7595);
#2438=VERTEX_POINT('',#7597);
#2439=VERTEX_POINT('',#7599);
#2440=VERTEX_POINT('',#7601);
#2441=VERTEX_POINT('',#7603);
#2442=VERTEX_POINT('',#7605);
#2443=VERTEX_POINT('',#7609);
#2444=VERTEX_POINT('',#7611);
#2445=VERTEX_POINT('',#7624);
#2446=VERTEX_POINT('',#7625);
#2447=VERTEX_POINT('',#7627);
#2448=VERTEX_POINT('',#7629);
#2449=VERTEX_POINT('',#7632);
#2450=VERTEX_POINT('',#7638);
#2451=VERTEX_POINT('',#7647);
#2452=VERTEX_POINT('',#7651);
#2453=VERTEX_POINT('',#7653);
#2454=VERTEX_POINT('',#7660);
#2455=VERTEX_POINT('',#7661);
#2456=VERTEX_POINT('',#7663);
#2457=VERTEX_POINT('',#7665);
#2458=VERTEX_POINT('',#7674);
#2459=VERTEX_POINT('',#7675);
#2460=VERTEX_POINT('',#7677);
#2461=VERTEX_POINT('',#7679);
#2462=VERTEX_POINT('',#7683);
#2463=VERTEX_POINT('',#7685);
#2464=VERTEX_POINT('',#7689);
#2465=VERTEX_POINT('',#7690);
#2466=VERTEX_POINT('',#7692);
#2467=VERTEX_POINT('',#7694);
#2468=VERTEX_POINT('',#7698);
#2469=VERTEX_POINT('',#7700);
#2470=VERTEX_POINT('',#7704);
#2471=VERTEX_POINT('',#7706);
#2472=VERTEX_POINT('',#7721);
#2473=VERTEX_POINT('',#7722);
#2474=VERTEX_POINT('',#7727);
#2475=VERTEX_POINT('',#7731);
#2476=VERTEX_POINT('',#7740);
#2477=VERTEX_POINT('',#7744);
#2478=VERTEX_POINT('',#7746);
#2479=VERTEX_POINT('',#7753);
#2480=VERTEX_POINT('',#7754);
#2481=VERTEX_POINT('',#7756);
#2482=VERTEX_POINT('',#7758);
#2483=VERTEX_POINT('',#7762);
#2484=VERTEX_POINT('',#7764);
#2485=VERTEX_POINT('',#7768);
#2486=VERTEX_POINT('',#7770);
#2487=VERTEX_POINT('',#7774);
#2488=VERTEX_POINT('',#7776);
#2489=VERTEX_POINT('',#7783);
#2490=VERTEX_POINT('',#7785);
#2491=VERTEX_POINT('',#7789);
#2492=VERTEX_POINT('',#7791);
#2493=VERTEX_POINT('',#7798);
#2494=VERTEX_POINT('',#7800);
#2495=VERTEX_POINT('',#7804);
#2496=VERTEX_POINT('',#7806);
#2497=VERTEX_POINT('',#7813);
#2498=VERTEX_POINT('',#7815);
#2499=VERTEX_POINT('',#7819);
#2500=VERTEX_POINT('',#7821);
#2501=VERTEX_POINT('',#7828);
#2502=VERTEX_POINT('',#7830);
#2503=VERTEX_POINT('',#7834);
#2504=VERTEX_POINT('',#7836);
#2505=VERTEX_POINT('',#7843);
#2506=VERTEX_POINT('',#7844);
#2507=VERTEX_POINT('',#7846);
#2508=VERTEX_POINT('',#7848);
#2509=VERTEX_POINT('',#7858);
#2510=VERTEX_POINT('',#7860);
#2511=VERTEX_POINT('',#7864);
#2512=VERTEX_POINT('',#7866);
#2513=VERTEX_POINT('',#7873);
#2514=VERTEX_POINT('',#7875);
#2515=VERTEX_POINT('',#7879);
#2516=VERTEX_POINT('',#7881);
#2517=VERTEX_POINT('',#7890);
#2518=VERTEX_POINT('',#7900);
#2519=EDGE_CURVE('',#2091,#2092,#743,.T.);
#2520=EDGE_CURVE('',#2092,#2093,#744,.T.);
#2521=EDGE_CURVE('',#2093,#2094,#745,.T.);
#2522=EDGE_CURVE('',#2091,#2094,#746,.T.);
#2523=EDGE_CURVE('',#2092,#2095,#747,.T.);
#2524=EDGE_CURVE('',#2095,#2096,#748,.T.);
#2525=EDGE_CURVE('',#2096,#2093,#749,.T.);
#2526=EDGE_CURVE('',#2095,#2097,#750,.T.);
#2527=EDGE_CURVE('',#2097,#2098,#751,.T.);
#2528=EDGE_CURVE('',#2098,#2096,#752,.T.);
#2529=EDGE_CURVE('',#2094,#2098,#753,.T.);
#2530=EDGE_CURVE('',#2097,#2091,#754,.T.);
#2531=EDGE_CURVE('',#2099,#2094,#755,.T.);
#2532=EDGE_CURVE('',#2099,#2100,#756,.T.);
#2533=EDGE_CURVE('',#2100,#2098,#757,.T.);
#2534=EDGE_CURVE('',#2101,#2093,#758,.T.);
#2535=EDGE_CURVE('',#2101,#2099,#759,.T.);
#2536=EDGE_CURVE('',#2102,#2103,#760,.T.);
#2537=EDGE_CURVE('',#2103,#2104,#761,.T.);
#2538=EDGE_CURVE('',#2104,#2105,#762,.T.);
#2539=EDGE_CURVE('',#2105,#2102,#763,.T.);
#2540=EDGE_CURVE('',#2106,#2107,#764,.T.);
#2541=EDGE_CURVE('',#2108,#2106,#765,.T.);
#2542=EDGE_CURVE('',#2109,#2108,#766,.T.);
#2543=EDGE_CURVE('',#2107,#2109,#767,.T.);
#2544=EDGE_CURVE('',#2110,#2111,#768,.T.);
#2545=EDGE_CURVE('',#2112,#2110,#769,.T.);
#2546=EDGE_CURVE('',#2113,#2112,#770,.T.);
#2547=EDGE_CURVE('',#2111,#2113,#771,.T.);
#2548=EDGE_CURVE('',#2114,#2115,#772,.T.);
#2549=EDGE_CURVE('',#2116,#2114,#773,.T.);
#2550=EDGE_CURVE('',#2117,#2116,#774,.T.);
#2551=EDGE_CURVE('',#2115,#2117,#775,.T.);
#2552=EDGE_CURVE('',#2118,#2119,#776,.T.);
#2553=EDGE_CURVE('',#2120,#2118,#777,.T.);
#2554=EDGE_CURVE('',#2121,#2120,#778,.T.);
#2555=EDGE_CURVE('',#2119,#2121,#779,.T.);
#2556=EDGE_CURVE('',#2122,#2123,#780,.T.);
#2557=EDGE_CURVE('',#2124,#2122,#781,.T.);
#2558=EDGE_CURVE('',#2125,#2124,#782,.T.);
#2559=EDGE_CURVE('',#2123,#2125,#783,.T.);
#2560=EDGE_CURVE('',#2126,#2127,#784,.T.);
#2561=EDGE_CURVE('',#2128,#2126,#785,.T.);
#2562=EDGE_CURVE('',#2129,#2128,#786,.T.);
#2563=EDGE_CURVE('',#2127,#2129,#787,.T.);
#2564=EDGE_CURVE('',#2130,#2131,#788,.T.);
#2565=EDGE_CURVE('',#2132,#2130,#789,.T.);
#2566=EDGE_CURVE('',#2133,#2132,#790,.T.);
#2567=EDGE_CURVE('',#2131,#2133,#791,.T.);
#2568=EDGE_CURVE('',#2107,#2134,#792,.T.);
#2569=EDGE_CURVE('',#2134,#2135,#793,.T.);
#2570=EDGE_CURVE('',#2106,#2135,#794,.T.);
#2571=EDGE_CURVE('',#2109,#2136,#795,.T.);
#2572=EDGE_CURVE('',#2136,#2134,#796,.T.);
#2573=EDGE_CURVE('',#2108,#2137,#797,.T.);
#2574=EDGE_CURVE('',#2137,#2136,#798,.T.);
#2575=EDGE_CURVE('',#2135,#2137,#799,.T.);
#2576=EDGE_CURVE('',#2138,#2135,#800,.T.);
#2577=EDGE_CURVE('',#2138,#2139,#801,.T.);
#2578=EDGE_CURVE('',#2139,#2137,#802,.T.);
#2579=EDGE_CURVE('',#2140,#2134,#803,.T.);
#2580=EDGE_CURVE('',#2140,#2138,#804,.T.);
#2581=EDGE_CURVE('',#2131,#2141,#805,.T.);
#2582=EDGE_CURVE('',#2141,#2142,#806,.T.);
#2583=EDGE_CURVE('',#2130,#2142,#807,.T.);
#2584=EDGE_CURVE('',#2133,#2143,#808,.T.);
#2585=EDGE_CURVE('',#2143,#2141,#809,.T.);
#2586=EDGE_CURVE('',#2132,#2144,#810,.T.);
#2587=EDGE_CURVE('',#2144,#2143,#811,.T.);
#2588=EDGE_CURVE('',#2142,#2144,#812,.T.);
#2589=EDGE_CURVE('',#2145,#2142,#813,.T.);
#2590=EDGE_CURVE('',#2145,#2146,#814,.T.);
#2591=EDGE_CURVE('',#2146,#2144,#815,.T.);
#2592=EDGE_CURVE('',#2147,#2141,#816,.T.);
#2593=EDGE_CURVE('',#2147,#2145,#817,.T.);
#2594=EDGE_CURVE('',#2111,#2148,#818,.T.);
#2595=EDGE_CURVE('',#2148,#2149,#819,.T.);
#2596=EDGE_CURVE('',#2110,#2149,#820,.T.);
#2597=EDGE_CURVE('',#2113,#2150,#821,.T.);
#2598=EDGE_CURVE('',#2150,#2148,#822,.T.);
#2599=EDGE_CURVE('',#2112,#2151,#823,.T.);
#2600=EDGE_CURVE('',#2151,#2150,#824,.T.);
#2601=EDGE_CURVE('',#2149,#2151,#825,.T.);
#2602=EDGE_CURVE('',#2152,#2149,#826,.T.);
#2603=EDGE_CURVE('',#2152,#2153,#827,.T.);
#2604=EDGE_CURVE('',#2153,#2151,#828,.T.);
#2605=EDGE_CURVE('',#2154,#2148,#829,.T.);
#2606=EDGE_CURVE('',#2154,#2152,#830,.T.);
#2607=EDGE_CURVE('',#2127,#2155,#831,.T.);
#2608=EDGE_CURVE('',#2155,#2156,#832,.T.);
#2609=EDGE_CURVE('',#2126,#2156,#833,.T.);
#2610=EDGE_CURVE('',#2129,#2157,#834,.T.);
#2611=EDGE_CURVE('',#2157,#2155,#835,.T.);
#2612=EDGE_CURVE('',#2128,#2158,#836,.T.);
#2613=EDGE_CURVE('',#2158,#2157,#837,.T.);
#2614=EDGE_CURVE('',#2156,#2158,#838,.T.);
#2615=EDGE_CURVE('',#2159,#2156,#839,.T.);
#2616=EDGE_CURVE('',#2159,#2160,#840,.T.);
#2617=EDGE_CURVE('',#2160,#2158,#841,.T.);
#2618=EDGE_CURVE('',#2161,#2155,#842,.T.);
#2619=EDGE_CURVE('',#2161,#2159,#843,.T.);
#2620=EDGE_CURVE('',#2115,#2162,#844,.T.);
#2621=EDGE_CURVE('',#2162,#2163,#845,.T.);
#2622=EDGE_CURVE('',#2114,#2163,#846,.T.);
#2623=EDGE_CURVE('',#2117,#2164,#847,.T.);
#2624=EDGE_CURVE('',#2164,#2162,#848,.T.);
#2625=EDGE_CURVE('',#2116,#2165,#849,.T.);
#2626=EDGE_CURVE('',#2165,#2164,#850,.T.);
#2627=EDGE_CURVE('',#2163,#2165,#851,.T.);
#2628=EDGE_CURVE('',#2166,#2163,#852,.T.);
#2629=EDGE_CURVE('',#2166,#2167,#853,.T.);
#2630=EDGE_CURVE('',#2167,#2165,#854,.T.);
#2631=EDGE_CURVE('',#2168,#2162,#855,.T.);
#2632=EDGE_CURVE('',#2168,#2166,#856,.T.);
#2633=EDGE_CURVE('',#2123,#2169,#857,.T.);
#2634=EDGE_CURVE('',#2169,#2170,#858,.T.);
#2635=EDGE_CURVE('',#2122,#2170,#859,.T.);
#2636=EDGE_CURVE('',#2125,#2171,#860,.T.);
#2637=EDGE_CURVE('',#2171,#2169,#861,.T.);
#2638=EDGE_CURVE('',#2124,#2172,#862,.T.);
#2639=EDGE_CURVE('',#2172,#2171,#863,.T.);
#2640=EDGE_CURVE('',#2170,#2172,#864,.T.);
#2641=EDGE_CURVE('',#2173,#2170,#865,.T.);
#2642=EDGE_CURVE('',#2173,#2174,#866,.T.);
#2643=EDGE_CURVE('',#2174,#2172,#867,.T.);
#2644=EDGE_CURVE('',#2175,#2169,#868,.T.);
#2645=EDGE_CURVE('',#2175,#2173,#869,.T.);
#2646=EDGE_CURVE('',#2119,#2176,#870,.T.);
#2647=EDGE_CURVE('',#2176,#2177,#871,.T.);
#2648=EDGE_CURVE('',#2118,#2177,#872,.T.);
#2649=EDGE_CURVE('',#2121,#2178,#873,.T.);
#2650=EDGE_CURVE('',#2178,#2176,#874,.T.);
#2651=EDGE_CURVE('',#2120,#2179,#875,.T.);
#2652=EDGE_CURVE('',#2179,#2178,#876,.T.);
#2653=EDGE_CURVE('',#2177,#2179,#877,.T.);
#2654=EDGE_CURVE('',#2180,#2177,#878,.T.);
#2655=EDGE_CURVE('',#2180,#2181,#879,.T.);
#2656=EDGE_CURVE('',#2181,#2179,#880,.T.);
#2657=EDGE_CURVE('',#2182,#2176,#881,.T.);
#2658=EDGE_CURVE('',#2182,#2180,#882,.T.);
#2659=EDGE_CURVE('',#2183,#2184,#883,.T.);
#2660=EDGE_CURVE('',#2185,#2184,#884,.T.);
#2661=EDGE_CURVE('',#2186,#2185,#885,.T.);
#2662=EDGE_CURVE('',#2186,#2183,#886,.T.);
#2663=EDGE_CURVE('',#2184,#2187,#887,.T.);
#2664=EDGE_CURVE('',#2187,#2188,#888,.T.);
#2665=EDGE_CURVE('',#2185,#2188,#889,.T.);
#2666=EDGE_CURVE('',#2189,#2190,#890,.T.);
#2667=EDGE_CURVE('',#2190,#2191,#891,.T.);
#2668=EDGE_CURVE('',#2191,#2192,#892,.T.);
#2669=EDGE_CURVE('',#2189,#2192,#893,.T.);
#2670=EDGE_CURVE('',#2190,#2193,#894,.T.);
#2671=EDGE_CURVE('',#2193,#2194,#895,.T.);
#2672=EDGE_CURVE('',#2194,#2191,#896,.T.);
#2673=EDGE_CURVE('',#2193,#2195,#897,.T.);
#2674=EDGE_CURVE('',#2195,#2196,#898,.T.);
#2675=EDGE_CURVE('',#2196,#2194,#899,.T.);
#2676=EDGE_CURVE('',#2192,#2196,#900,.T.);
#2677=EDGE_CURVE('',#2195,#2189,#901,.T.);
#2678=EDGE_CURVE('',#2192,#2197,#902,.T.);
#2679=EDGE_CURVE('',#2198,#2197,#903,.T.);
#2680=EDGE_CURVE('',#2198,#2196,#904,.T.);
#2681=EDGE_CURVE('',#2191,#2199,#905,.T.);
#2682=EDGE_CURVE('',#2197,#2199,#906,.T.);
#2683=EDGE_CURVE('',#2200,#2201,#907,.T.);
#2684=EDGE_CURVE('',#2200,#2202,#908,.T.);
#2685=EDGE_CURVE('',#2202,#2203,#909,.T.);
#2686=EDGE_CURVE('',#2203,#2201,#910,.T.);
#2687=EDGE_CURVE('',#2204,#2203,#911,.T.);
#2688=EDGE_CURVE('',#2205,#2204,#912,.T.);
#2689=EDGE_CURVE('',#2201,#2205,#913,.T.);
#2690=EDGE_CURVE('',#2206,#2207,#914,.T.);
#2691=EDGE_CURVE('',#2208,#2206,#915,.T.);
#2692=EDGE_CURVE('',#2208,#2209,#916,.T.);
#2693=EDGE_CURVE('',#2209,#2207,#917,.T.);
#2694=EDGE_CURVE('',#2210,#2211,#918,.T.);
#2695=EDGE_CURVE('',#2210,#2212,#919,.T.);
#2696=EDGE_CURVE('',#2212,#2213,#920,.T.);
#2697=EDGE_CURVE('',#2211,#2213,#921,.T.);
#2698=EDGE_CURVE('',#2205,#2214,#922,.T.);
#2699=EDGE_CURVE('',#2204,#2215,#923,.T.);
#2700=EDGE_CURVE('',#2215,#2214,#924,.T.);
#2701=EDGE_CURVE('',#2216,#2198,#925,.T.);
#2702=EDGE_CURVE('',#2194,#2216,#926,.T.);
#2703=EDGE_CURVE('',#2199,#2216,#927,.T.);
#2704=EDGE_CURVE('',#2217,#2140,#928,.T.);
#2705=EDGE_CURVE('',#2139,#2217,#929,.T.);
#2706=EDGE_CURVE('',#2218,#2183,#930,.T.);
#2707=EDGE_CURVE('',#2219,#2186,#931,.T.);
#2708=EDGE_CURVE('',#2219,#2218,#932,.T.);
#2709=EDGE_CURVE('',#2187,#2218,#933,.T.);
#2710=EDGE_CURVE('',#2188,#2219,#934,.T.);
#2711=EDGE_CURVE('',#2220,#2221,#935,.T.);
#2712=EDGE_CURVE('',#2221,#2222,#936,.T.);
#2713=EDGE_CURVE('',#2222,#2223,#937,.T.);
#2714=EDGE_CURVE('',#2223,#2220,#938,.T.);
#2715=EDGE_CURVE('',#2211,#2224,#939,.T.);
#2716=EDGE_CURVE('',#2210,#2224,#940,.T.);
#2717=EDGE_CURVE('',#2217,#2136,#941,.T.);
#2718=EDGE_CURVE('',#2225,#2226,#942,.T.);
#2719=EDGE_CURVE('',#2227,#2226,#943,.T.);
#2720=EDGE_CURVE('',#2228,#2227,#944,.T.);
#2721=EDGE_CURVE('',#2228,#2225,#945,.T.);
#2722=EDGE_CURVE('',#2226,#2229,#946,.T.);
#2723=EDGE_CURVE('',#2229,#2230,#947,.T.);
#2724=EDGE_CURVE('',#2227,#2230,#948,.T.);
#2725=EDGE_CURVE('',#2231,#2232,#949,.T.);
#2726=EDGE_CURVE('',#2232,#2233,#950,.T.);
#2727=EDGE_CURVE('',#2233,#2234,#951,.T.);
#2728=EDGE_CURVE('',#2231,#2234,#952,.T.);
#2729=EDGE_CURVE('',#2232,#2235,#953,.T.);
#2730=EDGE_CURVE('',#2235,#2236,#954,.T.);
#2731=EDGE_CURVE('',#2236,#2233,#955,.T.);
#2732=EDGE_CURVE('',#2235,#2237,#956,.T.);
#2733=EDGE_CURVE('',#2237,#2238,#957,.T.);
#2734=EDGE_CURVE('',#2238,#2236,#958,.T.);
#2735=EDGE_CURVE('',#2234,#2238,#959,.T.);
#2736=EDGE_CURVE('',#2237,#2231,#960,.T.);
#2737=EDGE_CURVE('',#2234,#2239,#961,.T.);
#2738=EDGE_CURVE('',#2240,#2239,#962,.T.);
#2739=EDGE_CURVE('',#2240,#2238,#963,.T.);
#2740=EDGE_CURVE('',#2233,#2241,#964,.T.);
#2741=EDGE_CURVE('',#2239,#2241,#965,.T.);
#2742=EDGE_CURVE('',#2242,#2206,#966,.T.);
#2743=EDGE_CURVE('',#2242,#2243,#967,.T.);
#2744=EDGE_CURVE('',#2243,#2208,#968,.T.);
#2745=EDGE_CURVE('',#2244,#2245,#969,.T.);
#2746=EDGE_CURVE('',#2246,#2244,#970,.T.);
#2747=EDGE_CURVE('',#2246,#2247,#971,.T.);
#2748=EDGE_CURVE('',#2247,#2245,#972,.T.);
#2749=EDGE_CURVE('',#2248,#2249,#973,.T.);
#2750=EDGE_CURVE('',#2248,#2250,#974,.T.);
#2751=EDGE_CURVE('',#2250,#2251,#975,.T.);
#2752=EDGE_CURVE('',#2249,#2251,#976,.T.);
#2753=EDGE_CURVE('',#2213,#2252,#977,.T.);
#2754=EDGE_CURVE('',#2252,#2224,#978,.T.);
#2755=EDGE_CURVE('',#2253,#2240,#979,.T.);
#2756=EDGE_CURVE('',#2236,#2253,#980,.T.);
#2757=EDGE_CURVE('',#2241,#2253,#981,.T.);
#2758=EDGE_CURVE('',#2254,#2168,#982,.T.);
#2759=EDGE_CURVE('',#2167,#2254,#983,.T.);
#2760=EDGE_CURVE('',#2255,#2225,#984,.T.);
#2761=EDGE_CURVE('',#2256,#2228,#985,.T.);
#2762=EDGE_CURVE('',#2256,#2255,#986,.T.);
#2763=EDGE_CURVE('',#2229,#2255,#987,.T.);
#2764=EDGE_CURVE('',#2230,#2256,#988,.T.);
#2765=EDGE_CURVE('',#2257,#2258,#989,.T.);
#2766=EDGE_CURVE('',#2258,#2259,#990,.T.);
#2767=EDGE_CURVE('',#2259,#2260,#991,.T.);
#2768=EDGE_CURVE('',#2260,#2257,#992,.T.);
#2769=EDGE_CURVE('',#2249,#2261,#993,.T.);
#2770=EDGE_CURVE('',#2248,#2261,#994,.T.);
#2771=EDGE_CURVE('',#2254,#2164,#995,.T.);
#2772=EDGE_CURVE('',#2262,#2263,#996,.T.);
#2773=EDGE_CURVE('',#2264,#2263,#997,.T.);
#2774=EDGE_CURVE('',#2265,#2264,#998,.T.);
#2775=EDGE_CURVE('',#2265,#2262,#999,.T.);
#2776=EDGE_CURVE('',#2263,#2266,#1000,.T.);
#2777=EDGE_CURVE('',#2266,#2267,#1001,.T.);
#2778=EDGE_CURVE('',#2264,#2267,#1002,.T.);
#2779=EDGE_CURVE('',#2268,#2269,#1003,.T.);
#2780=EDGE_CURVE('',#2269,#2270,#1004,.T.);
#2781=EDGE_CURVE('',#2270,#2271,#1005,.T.);
#2782=EDGE_CURVE('',#2268,#2271,#1006,.T.);
#2783=EDGE_CURVE('',#2269,#2272,#1007,.T.);
#2784=EDGE_CURVE('',#2272,#2273,#1008,.T.);
#2785=EDGE_CURVE('',#2273,#2270,#1009,.T.);
#2786=EDGE_CURVE('',#2272,#2274,#1010,.T.);
#2787=EDGE_CURVE('',#2274,#2275,#1011,.T.);
#2788=EDGE_CURVE('',#2275,#2273,#1012,.T.);
#2789=EDGE_CURVE('',#2271,#2275,#1013,.T.);
#2790=EDGE_CURVE('',#2274,#2268,#1014,.T.);
#2791=EDGE_CURVE('',#2271,#2276,#1015,.T.);
#2792=EDGE_CURVE('',#2277,#2276,#1016,.T.);
#2793=EDGE_CURVE('',#2277,#2275,#1017,.T.);
#2794=EDGE_CURVE('',#2270,#2278,#1018,.T.);
#2795=EDGE_CURVE('',#2276,#2278,#1019,.T.);
#2796=EDGE_CURVE('',#2279,#2244,#1020,.T.);
#2797=EDGE_CURVE('',#2279,#2280,#1021,.T.);
#2798=EDGE_CURVE('',#2280,#2246,#1022,.T.);
#2799=EDGE_CURVE('',#2281,#2282,#1023,.T.);
#2800=EDGE_CURVE('',#2283,#2281,#1024,.T.);
#2801=EDGE_CURVE('',#2283,#2284,#1025,.T.);
#2802=EDGE_CURVE('',#2284,#2282,#1026,.T.);
#2803=EDGE_CURVE('',#2285,#2286,#1027,.T.);
#2804=EDGE_CURVE('',#2285,#2287,#1028,.T.);
#2805=EDGE_CURVE('',#2287,#2288,#1029,.T.);
#2806=EDGE_CURVE('',#2286,#2288,#1030,.T.);
#2807=EDGE_CURVE('',#2251,#2289,#1031,.T.);
#2808=EDGE_CURVE('',#2289,#2261,#1032,.T.);
#2809=EDGE_CURVE('',#2290,#2277,#1033,.T.);
#2810=EDGE_CURVE('',#2273,#2290,#1034,.T.);
#2811=EDGE_CURVE('',#2278,#2290,#1035,.T.);
#2812=EDGE_CURVE('',#2291,#2101,#1036,.T.);
#2813=EDGE_CURVE('',#2100,#2291,#1037,.T.);
#2814=EDGE_CURVE('',#2292,#2262,#1038,.T.);
#2815=EDGE_CURVE('',#2293,#2265,#1039,.T.);
#2816=EDGE_CURVE('',#2293,#2292,#1040,.T.);
#2817=EDGE_CURVE('',#2266,#2292,#1041,.T.);
#2818=EDGE_CURVE('',#2267,#2293,#1042,.T.);
#2819=EDGE_CURVE('',#2294,#2295,#1043,.T.);
#2820=EDGE_CURVE('',#2295,#2296,#1044,.T.);
#2821=EDGE_CURVE('',#2296,#2297,#1045,.T.);
#2822=EDGE_CURVE('',#2297,#2294,#1046,.T.);
#2823=EDGE_CURVE('',#2286,#2298,#1047,.T.);
#2824=EDGE_CURVE('',#2285,#2298,#1048,.T.);
#2825=EDGE_CURVE('',#2291,#2096,#1049,.T.);
#2826=EDGE_CURVE('',#2299,#2300,#1050,.T.);
#2827=EDGE_CURVE('',#2301,#2300,#1051,.T.);
#2828=EDGE_CURVE('',#2302,#2301,#1052,.T.);
#2829=EDGE_CURVE('',#2302,#2299,#1053,.T.);
#2830=EDGE_CURVE('',#2300,#2303,#1054,.T.);
#2831=EDGE_CURVE('',#2303,#2304,#1055,.T.);
#2832=EDGE_CURVE('',#2301,#2304,#1056,.T.);
#2833=EDGE_CURVE('',#2305,#2306,#1057,.T.);
#2834=EDGE_CURVE('',#2306,#2307,#1058,.T.);
#2835=EDGE_CURVE('',#2307,#2308,#1059,.T.);
#2836=EDGE_CURVE('',#2305,#2308,#1060,.T.);
#2837=EDGE_CURVE('',#2306,#2309,#1061,.T.);
#2838=EDGE_CURVE('',#2309,#2310,#1062,.T.);
#2839=EDGE_CURVE('',#2310,#2307,#1063,.T.);
#2840=EDGE_CURVE('',#2309,#2311,#1064,.T.);
#2841=EDGE_CURVE('',#2311,#2312,#1065,.T.);
#2842=EDGE_CURVE('',#2312,#2310,#1066,.T.);
#2843=EDGE_CURVE('',#2308,#2312,#1067,.T.);
#2844=EDGE_CURVE('',#2311,#2305,#1068,.T.);
#2845=EDGE_CURVE('',#2308,#2313,#1069,.T.);
#2846=EDGE_CURVE('',#2314,#2313,#1070,.T.);
#2847=EDGE_CURVE('',#2314,#2312,#1071,.T.);
#2848=EDGE_CURVE('',#2307,#2315,#1072,.T.);
#2849=EDGE_CURVE('',#2313,#2315,#1073,.T.);
#2850=EDGE_CURVE('',#2316,#2281,#1074,.T.);
#2851=EDGE_CURVE('',#2316,#2317,#1075,.T.);
#2852=EDGE_CURVE('',#2317,#2283,#1076,.T.);
#2853=EDGE_CURVE('',#2318,#2319,#1077,.T.);
#2854=EDGE_CURVE('',#2320,#2318,#1078,.T.);
#2855=EDGE_CURVE('',#2320,#2321,#1079,.T.);
#2856=EDGE_CURVE('',#2321,#2319,#1080,.T.);
#2857=EDGE_CURVE('',#2322,#2323,#1081,.T.);
#2858=EDGE_CURVE('',#2322,#2324,#1082,.T.);
#2859=EDGE_CURVE('',#2324,#2325,#1083,.T.);
#2860=EDGE_CURVE('',#2323,#2325,#1084,.T.);
#2861=EDGE_CURVE('',#2288,#2326,#1085,.T.);
#2862=EDGE_CURVE('',#2326,#2298,#1086,.T.);
#2863=EDGE_CURVE('',#2327,#2314,#1087,.T.);
#2864=EDGE_CURVE('',#2310,#2327,#1088,.T.);
#2865=EDGE_CURVE('',#2315,#2327,#1089,.T.);
#2866=EDGE_CURVE('',#2328,#2175,#1090,.T.);
#2867=EDGE_CURVE('',#2174,#2328,#1091,.T.);
#2868=EDGE_CURVE('',#2329,#2299,#1092,.T.);
#2869=EDGE_CURVE('',#2330,#2302,#1093,.T.);
#2870=EDGE_CURVE('',#2330,#2329,#1094,.T.);
#2871=EDGE_CURVE('',#2303,#2329,#1095,.T.);
#2872=EDGE_CURVE('',#2304,#2330,#1096,.T.);
#2873=EDGE_CURVE('',#2331,#2332,#1097,.T.);
#2874=EDGE_CURVE('',#2332,#2333,#1098,.T.);
#2875=EDGE_CURVE('',#2333,#2334,#1099,.T.);
#2876=EDGE_CURVE('',#2334,#2331,#1100,.T.);
#2877=EDGE_CURVE('',#2323,#2335,#1101,.T.);
#2878=EDGE_CURVE('',#2322,#2335,#1102,.T.);
#2879=EDGE_CURVE('',#2328,#2171,#1103,.T.);
#2880=EDGE_CURVE('',#2336,#2337,#1104,.T.);
#2881=EDGE_CURVE('',#2338,#2337,#1105,.T.);
#2882=EDGE_CURVE('',#2339,#2338,#1106,.T.);
#2883=EDGE_CURVE('',#2339,#2336,#1107,.T.);
#2884=EDGE_CURVE('',#2337,#2340,#1108,.T.);
#2885=EDGE_CURVE('',#2340,#2341,#1109,.T.);
#2886=EDGE_CURVE('',#2338,#2341,#1110,.T.);
#2887=EDGE_CURVE('',#2342,#2343,#1111,.T.);
#2888=EDGE_CURVE('',#2343,#2344,#1112,.T.);
#2889=EDGE_CURVE('',#2344,#2345,#1113,.T.);
#2890=EDGE_CURVE('',#2342,#2345,#1114,.T.);
#2891=EDGE_CURVE('',#2343,#2346,#1115,.T.);
#2892=EDGE_CURVE('',#2346,#2347,#1116,.T.);
#2893=EDGE_CURVE('',#2347,#2344,#1117,.T.);
#2894=EDGE_CURVE('',#2346,#2348,#1118,.T.);
#2895=EDGE_CURVE('',#2348,#2349,#1119,.T.);
#2896=EDGE_CURVE('',#2349,#2347,#1120,.T.);
#2897=EDGE_CURVE('',#2345,#2349,#1121,.T.);
#2898=EDGE_CURVE('',#2348,#2342,#1122,.T.);
#2899=EDGE_CURVE('',#2345,#2350,#1123,.T.);
#2900=EDGE_CURVE('',#2351,#2350,#1124,.T.);
#2901=EDGE_CURVE('',#2351,#2349,#1125,.T.);
#2902=EDGE_CURVE('',#2344,#2352,#1126,.T.);
#2903=EDGE_CURVE('',#2350,#2352,#1127,.T.);
#2904=EDGE_CURVE('',#2353,#2318,#1128,.T.);
#2905=EDGE_CURVE('',#2353,#2354,#1129,.T.);
#2906=EDGE_CURVE('',#2354,#2320,#1130,.T.);
#2907=EDGE_CURVE('',#2355,#2356,#1131,.T.);
#2908=EDGE_CURVE('',#2357,#2355,#1132,.T.);
#2909=EDGE_CURVE('',#2357,#2358,#1133,.T.);
#2910=EDGE_CURVE('',#2358,#2356,#1134,.T.);
#2911=EDGE_CURVE('',#2359,#2360,#1135,.T.);
#2912=EDGE_CURVE('',#2359,#2361,#1136,.T.);
#2913=EDGE_CURVE('',#2361,#2362,#1137,.T.);
#2914=EDGE_CURVE('',#2360,#2362,#1138,.T.);
#2915=EDGE_CURVE('',#2325,#2363,#1139,.T.);
#2916=EDGE_CURVE('',#2363,#2335,#1140,.T.);
#2917=EDGE_CURVE('',#2364,#2351,#1141,.T.);
#2918=EDGE_CURVE('',#2347,#2364,#1142,.T.);
#2919=EDGE_CURVE('',#2352,#2364,#1143,.T.);
#2920=EDGE_CURVE('',#2146,#2365,#1144,.T.);
#2921=EDGE_CURVE('',#2365,#2147,#1145,.T.);
#2922=EDGE_CURVE('',#2366,#2336,#1146,.T.);
#2923=EDGE_CURVE('',#2367,#2339,#1147,.T.);
#2924=EDGE_CURVE('',#2367,#2366,#1148,.T.);
#2925=EDGE_CURVE('',#2340,#2366,#1149,.T.);
#2926=EDGE_CURVE('',#2341,#2367,#1150,.T.);
#2927=EDGE_CURVE('',#2368,#2369,#1151,.T.);
#2928=EDGE_CURVE('',#2369,#2370,#1152,.T.);
#2929=EDGE_CURVE('',#2370,#2371,#1153,.T.);
#2930=EDGE_CURVE('',#2371,#2368,#1154,.T.);
#2931=EDGE_CURVE('',#2360,#2372,#1155,.T.);
#2932=EDGE_CURVE('',#2359,#2372,#1156,.T.);
#2933=EDGE_CURVE('',#2373,#2374,#1157,.T.);
#2934=EDGE_CURVE('',#2375,#2374,#1158,.T.);
#2935=EDGE_CURVE('',#2376,#2375,#1159,.T.);
#2936=EDGE_CURVE('',#2376,#2373,#1160,.T.);
#2937=EDGE_CURVE('',#2374,#2377,#1161,.T.);
#2938=EDGE_CURVE('',#2377,#2378,#1162,.T.);
#2939=EDGE_CURVE('',#2375,#2378,#1163,.T.);
#2940=EDGE_CURVE('',#2379,#2380,#1164,.T.);
#2941=EDGE_CURVE('',#2380,#2381,#1165,.T.);
#2942=EDGE_CURVE('',#2381,#2382,#1166,.T.);
#2943=EDGE_CURVE('',#2379,#2382,#1167,.T.);
#2944=EDGE_CURVE('',#2380,#2383,#1168,.T.);
#2945=EDGE_CURVE('',#2383,#2384,#1169,.T.);
#2946=EDGE_CURVE('',#2384,#2381,#1170,.T.);
#2947=EDGE_CURVE('',#2383,#2385,#1171,.T.);
#2948=EDGE_CURVE('',#2385,#2386,#1172,.T.);
#2949=EDGE_CURVE('',#2386,#2384,#1173,.T.);
#2950=EDGE_CURVE('',#2382,#2386,#1174,.T.);
#2951=EDGE_CURVE('',#2385,#2379,#1175,.T.);
#2952=EDGE_CURVE('',#2382,#2387,#1176,.T.);
#2953=EDGE_CURVE('',#2388,#2387,#1177,.T.);
#2954=EDGE_CURVE('',#2388,#2386,#1178,.T.);
#2955=EDGE_CURVE('',#2381,#2389,#1179,.T.);
#2956=EDGE_CURVE('',#2387,#2389,#1180,.T.);
#2957=EDGE_CURVE('',#2390,#2391,#1181,.T.);
#2958=EDGE_CURVE('',#2390,#2392,#1182,.T.);
#2959=EDGE_CURVE('',#2392,#2393,#1183,.T.);
#2960=EDGE_CURVE('',#2391,#2393,#1184,.T.);
#2961=EDGE_CURVE('',#2394,#2395,#1185,.T.);
#2962=EDGE_CURVE('',#2396,#2394,#1186,.T.);
#2963=EDGE_CURVE('',#2396,#2397,#1187,.T.);
#2964=EDGE_CURVE('',#2397,#2395,#1188,.T.);
#2965=EDGE_CURVE('',#2398,#2399,#1189,.T.);
#2966=EDGE_CURVE('',#2398,#2400,#1190,.T.);
#2967=EDGE_CURVE('',#2400,#2401,#1191,.T.);
#2968=EDGE_CURVE('',#2399,#2401,#1192,.T.);
#2969=EDGE_CURVE('',#2402,#2403,#1193,.T.);
#2970=EDGE_CURVE('',#2404,#2402,#1194,.T.);
#2971=EDGE_CURVE('',#2404,#2405,#1195,.T.);
#2972=EDGE_CURVE('',#2405,#2403,#1196,.T.);
#2973=EDGE_CURVE('',#2406,#2388,#1197,.T.);
#2974=EDGE_CURVE('',#2384,#2406,#1198,.T.);
#2975=EDGE_CURVE('',#2389,#2406,#1199,.T.);
#2976=EDGE_CURVE('',#2407,#2161,#1200,.T.);
#2977=EDGE_CURVE('',#2160,#2407,#1201,.T.);
#2978=EDGE_CURVE('',#2408,#2373,#1202,.T.);
#2979=EDGE_CURVE('',#2409,#2376,#1203,.T.);
#2980=EDGE_CURVE('',#2409,#2408,#1204,.T.);
#2981=EDGE_CURVE('',#2377,#2408,#1205,.T.);
#2982=EDGE_CURVE('',#2378,#2409,#1206,.T.);
#2983=EDGE_CURVE('',#2410,#2411,#1207,.T.);
#2984=EDGE_CURVE('',#2411,#2412,#1208,.T.);
#2985=EDGE_CURVE('',#2412,#2413,#1209,.T.);
#2986=EDGE_CURVE('',#2413,#2410,#1210,.T.);
#2987=EDGE_CURVE('',#2391,#2414,#1211,.T.);
#2988=EDGE_CURVE('',#2390,#2414,#1212,.T.);
#2989=EDGE_CURVE('',#2415,#2395,#1213,.T.);
#2990=EDGE_CURVE('',#2415,#2394,#1214,.T.);
#2991=EDGE_CURVE('',#2399,#2416,#1215,.T.);
#2992=EDGE_CURVE('',#2398,#2416,#1216,.T.);
#2993=EDGE_CURVE('',#2407,#2157,#1217,.T.);
#2994=EDGE_CURVE('',#2417,#2418,#1218,.T.);
#2995=EDGE_CURVE('',#2419,#2418,#1219,.T.);
#2996=EDGE_CURVE('',#2420,#2419,#1220,.T.);
#2997=EDGE_CURVE('',#2420,#2417,#1221,.T.);
#2998=EDGE_CURVE('',#2418,#2421,#1222,.T.);
#2999=EDGE_CURVE('',#2421,#2422,#1223,.T.);
#3000=EDGE_CURVE('',#2419,#2422,#1224,.T.);
#3001=EDGE_CURVE('',#2423,#2424,#1225,.T.);
#3002=EDGE_CURVE('',#2424,#2425,#1226,.T.);
#3003=EDGE_CURVE('',#2425,#2426,#1227,.T.);
#3004=EDGE_CURVE('',#2423,#2426,#1228,.T.);
#3005=EDGE_CURVE('',#2424,#2427,#1229,.T.);
#3006=EDGE_CURVE('',#2427,#2428,#1230,.T.);
#3007=EDGE_CURVE('',#2428,#2425,#1231,.T.);
#3008=EDGE_CURVE('',#2427,#2429,#1232,.T.);
#3009=EDGE_CURVE('',#2429,#2430,#1233,.T.);
#3010=EDGE_CURVE('',#2430,#2428,#1234,.T.);
#3011=EDGE_CURVE('',#2426,#2430,#1235,.T.);
#3012=EDGE_CURVE('',#2429,#2423,#1236,.T.);
#3013=EDGE_CURVE('',#2426,#2431,#1237,.T.);
#3014=EDGE_CURVE('',#2432,#2431,#1238,.T.);
#3015=EDGE_CURVE('',#2432,#2430,#1239,.T.);
#3016=EDGE_CURVE('',#2425,#2433,#1240,.T.);
#3017=EDGE_CURVE('',#2431,#2433,#1241,.T.);
#3018=EDGE_CURVE('',#2434,#2355,#1242,.T.);
#3019=EDGE_CURVE('',#2434,#2435,#1243,.T.);
#3020=EDGE_CURVE('',#2435,#2357,#1244,.T.);
#3021=EDGE_CURVE('',#2435,#2436,#1245,.T.);
#3022=EDGE_CURVE('',#2393,#2436,#1246,.T.);
#3023=EDGE_CURVE('',#2392,#2397,#1247,.T.);
#3024=EDGE_CURVE('',#2437,#2396,#1248,.T.);
#3025=EDGE_CURVE('',#2437,#2438,#1249,.T.);
#3026=EDGE_CURVE('',#2439,#2438,#1250,.T.);
#3027=EDGE_CURVE('',#2439,#2440,#1251,.T.);
#3028=EDGE_CURVE('',#2441,#2440,#1252,.T.);
#3029=EDGE_CURVE('',#2441,#2442,#1253,.T.);
#3030=EDGE_CURVE('',#2401,#2442,#1254,.T.);
#3031=EDGE_CURVE('',#2400,#2405,#1255,.T.);
#3032=EDGE_CURVE('',#2443,#2404,#1256,.T.);
#3033=EDGE_CURVE('',#2443,#2444,#1257,.T.);
#3034=EDGE_CURVE('',#2362,#2444,#1258,.T.);
#3035=EDGE_CURVE('',#2361,#2363,#1259,.T.);
#3036=EDGE_CURVE('',#2324,#2326,#1260,.T.);
#3037=EDGE_CURVE('',#2287,#2289,#1261,.T.);
#3038=EDGE_CURVE('',#2250,#2252,#1262,.T.);
#3039=EDGE_CURVE('',#2212,#2215,#1263,.T.);
#3040=EDGE_CURVE('',#2202,#2209,#1264,.T.);
#3041=EDGE_CURVE('',#2243,#2247,#1265,.T.);
#3042=EDGE_CURVE('',#2280,#2284,#1266,.T.);
#3043=EDGE_CURVE('',#2317,#2321,#1267,.T.);
#3044=EDGE_CURVE('',#2354,#2358,#1268,.T.);
#3045=EDGE_CURVE('',#2445,#2446,#1269,.T.);
#3046=EDGE_CURVE('',#2446,#2447,#1270,.T.);
#3047=EDGE_CURVE('',#2447,#2448,#1271,.T.);
#3048=EDGE_CURVE('',#2448,#2445,#1272,.T.);
#3049=EDGE_CURVE('',#2433,#2449,#1273,.T.);
#3050=EDGE_CURVE('',#2449,#2432,#1274,.T.);
#3051=EDGE_CURVE('',#2436,#2414,#1275,.T.);
#3052=EDGE_CURVE('',#2450,#2402,#1276,.T.);
#3053=EDGE_CURVE('',#2450,#2443,#1277,.T.);
#3054=EDGE_CURVE('',#2444,#2372,#1278,.T.);
#3055=EDGE_CURVE('',#2428,#2449,#1279,.T.);
#3056=EDGE_CURVE('',#2451,#2182,#1280,.T.);
#3057=EDGE_CURVE('',#2181,#2451,#1281,.T.);
#3058=EDGE_CURVE('',#2452,#2417,#1282,.T.);
#3059=EDGE_CURVE('',#2453,#2420,#1283,.T.);
#3060=EDGE_CURVE('',#2453,#2452,#1284,.T.);
#3061=EDGE_CURVE('',#2421,#2452,#1285,.T.);
#3062=EDGE_CURVE('',#2422,#2453,#1286,.T.);
#3063=EDGE_CURVE('',#2454,#2455,#1287,.T.);
#3064=EDGE_CURVE('',#2455,#2456,#1288,.T.);
#3065=EDGE_CURVE('',#2456,#2457,#1289,.T.);
#3066=EDGE_CURVE('',#2457,#2454,#1290,.T.);
#3067=EDGE_CURVE('',#2450,#2403,#1291,.T.);
#3068=EDGE_CURVE('',#2451,#2178,#1292,.T.);
#3069=EDGE_CURVE('',#2458,#2459,#1293,.T.);
#3070=EDGE_CURVE('',#2460,#2459,#1294,.T.);
#3071=EDGE_CURVE('',#2461,#2460,#1295,.T.);
#3072=EDGE_CURVE('',#2461,#2458,#1296,.T.);
#3073=EDGE_CURVE('',#2459,#2462,#1297,.T.);
#3074=EDGE_CURVE('',#2462,#2463,#1298,.T.);
#3075=EDGE_CURVE('',#2460,#2463,#1299,.T.);
#3076=EDGE_CURVE('',#2464,#2465,#1300,.T.);
#3077=EDGE_CURVE('',#2465,#2466,#1301,.T.);
#3078=EDGE_CURVE('',#2466,#2467,#1302,.T.);
#3079=EDGE_CURVE('',#2464,#2467,#1303,.T.);
#3080=EDGE_CURVE('',#2465,#2468,#1304,.T.);
#3081=EDGE_CURVE('',#2468,#2469,#1305,.T.);
#3082=EDGE_CURVE('',#2469,#2466,#1306,.T.);
#3083=EDGE_CURVE('',#2468,#2470,#1307,.T.);
#3084=EDGE_CURVE('',#2470,#2471,#1308,.T.);
#3085=EDGE_CURVE('',#2471,#2469,#1309,.T.);
#3086=EDGE_CURVE('',#2467,#2471,#1310,.T.);
#3087=EDGE_CURVE('',#2470,#2464,#1311,.T.);
#3088=EDGE_CURVE('',#2467,#2445,#1312,.T.);
#3089=EDGE_CURVE('',#2448,#2471,#1313,.T.);
#3090=EDGE_CURVE('',#2466,#2446,#1314,.T.);
#3091=EDGE_CURVE('',#2415,#2437,#1315,.T.);
#3092=EDGE_CURVE('',#2472,#2473,#1316,.T.);
#3093=EDGE_CURVE('',#2472,#2439,#1317,.T.);
#3094=EDGE_CURVE('',#2438,#2473,#1318,.T.);
#3095=EDGE_CURVE('',#2474,#2472,#1319,.T.);
#3096=EDGE_CURVE('',#2440,#2474,#1320,.T.);
#3097=EDGE_CURVE('',#2475,#2474,#1321,.T.);
#3098=EDGE_CURVE('',#2475,#2441,#1322,.T.);
#3099=EDGE_CURVE('',#2442,#2416,#1323,.T.);
#3100=EDGE_CURVE('',#2469,#2447,#1324,.T.);
#3101=EDGE_CURVE('',#2153,#2476,#1325,.T.);
#3102=EDGE_CURVE('',#2476,#2154,#1326,.T.);
#3103=EDGE_CURVE('',#2477,#2458,#1327,.T.);
#3104=EDGE_CURVE('',#2478,#2461,#1328,.T.);
#3105=EDGE_CURVE('',#2478,#2477,#1329,.T.);
#3106=EDGE_CURVE('',#2462,#2477,#1330,.T.);
#3107=EDGE_CURVE('',#2463,#2478,#1331,.T.);
#3108=EDGE_CURVE('',#2479,#2480,#1332,.T.);
#3109=EDGE_CURVE('',#2480,#2481,#1333,.T.);
#3110=EDGE_CURVE('',#2481,#2482,#1334,.T.);
#3111=EDGE_CURVE('',#2482,#2479,#1335,.T.);
#3112=EDGE_CURVE('',#2483,#2473,#1336,.T.);
#3113=EDGE_CURVE('',#2484,#2483,#1337,.T.);
#3114=EDGE_CURVE('',#2475,#2484,#1338,.T.);
#3115=EDGE_CURVE('',#2295,#2485,#1339,.T.);
#3116=EDGE_CURVE('',#2486,#2294,#1340,.T.);
#3117=EDGE_CURVE('',#2486,#2485,#1341,.T.);
#3118=EDGE_CURVE('',#2485,#2487,#1342,.T.);
#3119=EDGE_CURVE('',#2488,#2486,#1343,.T.);
#3120=EDGE_CURVE('',#2488,#2487,#1344,.T.);
#3121=EDGE_CURVE('',#2487,#2296,#1345,.T.);
#3122=EDGE_CURVE('',#2297,#2488,#1346,.T.);
#3123=EDGE_CURVE('',#2411,#2489,#1347,.T.);
#3124=EDGE_CURVE('',#2490,#2410,#1348,.T.);
#3125=EDGE_CURVE('',#2490,#2489,#1349,.T.);
#3126=EDGE_CURVE('',#2489,#2491,#1350,.T.);
#3127=EDGE_CURVE('',#2492,#2490,#1351,.T.);
#3128=EDGE_CURVE('',#2492,#2491,#1352,.T.);
#3129=EDGE_CURVE('',#2491,#2412,#1353,.T.);
#3130=EDGE_CURVE('',#2413,#2492,#1354,.T.);
#3131=EDGE_CURVE('',#2455,#2493,#1355,.T.);
#3132=EDGE_CURVE('',#2494,#2454,#1356,.T.);
#3133=EDGE_CURVE('',#2494,#2493,#1357,.T.);
#3134=EDGE_CURVE('',#2493,#2495,#1358,.T.);
#3135=EDGE_CURVE('',#2496,#2494,#1359,.T.);
#3136=EDGE_CURVE('',#2496,#2495,#1360,.T.);
#3137=EDGE_CURVE('',#2495,#2456,#1361,.T.);
#3138=EDGE_CURVE('',#2457,#2496,#1362,.T.);
#3139=EDGE_CURVE('',#2258,#2497,#1363,.T.);
#3140=EDGE_CURVE('',#2498,#2257,#1364,.T.);
#3141=EDGE_CURVE('',#2498,#2497,#1365,.T.);
#3142=EDGE_CURVE('',#2497,#2499,#1366,.T.);
#3143=EDGE_CURVE('',#2500,#2498,#1367,.T.);
#3144=EDGE_CURVE('',#2500,#2499,#1368,.T.);
#3145=EDGE_CURVE('',#2499,#2259,#1369,.T.);
#3146=EDGE_CURVE('',#2260,#2500,#1370,.T.);
#3147=EDGE_CURVE('',#2332,#2501,#1371,.T.);
#3148=EDGE_CURVE('',#2502,#2331,#1372,.T.);
#3149=EDGE_CURVE('',#2502,#2501,#1373,.T.);
#3150=EDGE_CURVE('',#2501,#2503,#1374,.T.);
#3151=EDGE_CURVE('',#2504,#2502,#1375,.T.);
#3152=EDGE_CURVE('',#2504,#2503,#1376,.T.);
#3153=EDGE_CURVE('',#2503,#2333,#1377,.T.);
#3154=EDGE_CURVE('',#2334,#2504,#1378,.T.);
#3155=EDGE_CURVE('',#2505,#2506,#1379,.T.);
#3156=EDGE_CURVE('',#2507,#2505,#1380,.T.);
#3157=EDGE_CURVE('',#2508,#2507,#1381,.T.);
#3158=EDGE_CURVE('',#2508,#2506,#1382,.T.);
#3159=EDGE_CURVE('',#2506,#2481,#1383,.T.);
#3160=EDGE_CURVE('',#2482,#2508,#1384,.T.);
#3161=EDGE_CURVE('',#2480,#2505,#1385,.T.);
#3162=EDGE_CURVE('',#2507,#2479,#1386,.T.);
#3163=EDGE_CURVE('',#2369,#2509,#1387,.T.);
#3164=EDGE_CURVE('',#2510,#2368,#1388,.T.);
#3165=EDGE_CURVE('',#2510,#2509,#1389,.T.);
#3166=EDGE_CURVE('',#2509,#2511,#1390,.T.);
#3167=EDGE_CURVE('',#2512,#2510,#1391,.T.);
#3168=EDGE_CURVE('',#2512,#2511,#1392,.T.);
#3169=EDGE_CURVE('',#2511,#2370,#1393,.T.);
#3170=EDGE_CURVE('',#2371,#2512,#1394,.T.);
#3171=EDGE_CURVE('',#2221,#2513,#1395,.T.);
#3172=EDGE_CURVE('',#2514,#2220,#1396,.T.);
#3173=EDGE_CURVE('',#2514,#2513,#1397,.T.);
#3174=EDGE_CURVE('',#2513,#2515,#1398,.T.);
#3175=EDGE_CURVE('',#2516,#2514,#1399,.T.);
#3176=EDGE_CURVE('',#2516,#2515,#1400,.T.);
#3177=EDGE_CURVE('',#2515,#2222,#1401,.T.);
#3178=EDGE_CURVE('',#2223,#2516,#1402,.T.);
#3179=EDGE_CURVE('',#2476,#2150,#1403,.T.);
#3180=EDGE_CURVE('',#2200,#2517,#1404,.T.);
#3181=EDGE_CURVE('',#2517,#2105,#1405,.T.);
#3182=EDGE_CURVE('',#2483,#2104,#1406,.T.);
#3183=EDGE_CURVE('',#2434,#2356,#1407,.T.);
#3184=EDGE_CURVE('',#2353,#2319,#1408,.T.);
#3185=EDGE_CURVE('',#2316,#2282,#1409,.T.);
#3186=EDGE_CURVE('',#2279,#2245,#1410,.T.);
#3187=EDGE_CURVE('',#2242,#2207,#1411,.T.);
#3188=EDGE_CURVE('',#2518,#2214,#1412,.T.);
#3189=EDGE_CURVE('',#2517,#2518,#1413,.T.);
#3190=EDGE_CURVE('',#2365,#2143,#1414,.T.);
#3191=EDGE_CURVE('',#2518,#2102,#1415,.T.);
#3192=EDGE_CURVE('',#2484,#2103,#1416,.T.);
#3193=ORIENTED_EDGE('',*,*,#2519,.T.);
#3194=ORIENTED_EDGE('',*,*,#2520,.T.);
#3195=ORIENTED_EDGE('',*,*,#2521,.T.);
#3196=ORIENTED_EDGE('',*,*,#2522,.F.);
#3197=ORIENTED_EDGE('',*,*,#2523,.T.);
#3198=ORIENTED_EDGE('',*,*,#2524,.T.);
#3199=ORIENTED_EDGE('',*,*,#2525,.T.);
#3200=ORIENTED_EDGE('',*,*,#2520,.F.);
#3201=ORIENTED_EDGE('',*,*,#2526,.T.);
#3202=ORIENTED_EDGE('',*,*,#2527,.T.);
#3203=ORIENTED_EDGE('',*,*,#2528,.T.);
#3204=ORIENTED_EDGE('',*,*,#2524,.F.);
#3205=ORIENTED_EDGE('',*,*,#2529,.T.);
#3206=ORIENTED_EDGE('',*,*,#2527,.F.);
#3207=ORIENTED_EDGE('',*,*,#2530,.T.);
#3208=ORIENTED_EDGE('',*,*,#2522,.T.);
#3209=ORIENTED_EDGE('',*,*,#2529,.F.);
#3210=ORIENTED_EDGE('',*,*,#2531,.F.);
#3211=ORIENTED_EDGE('',*,*,#2532,.T.);
#3212=ORIENTED_EDGE('',*,*,#2533,.T.);
#3213=ORIENTED_EDGE('',*,*,#2521,.F.);
#3214=ORIENTED_EDGE('',*,*,#2534,.F.);
#3215=ORIENTED_EDGE('',*,*,#2535,.T.);
#3216=ORIENTED_EDGE('',*,*,#2531,.T.);
#3217=ORIENTED_EDGE('',*,*,#2536,.T.);
#3218=ORIENTED_EDGE('',*,*,#2537,.T.);
#3219=ORIENTED_EDGE('',*,*,#2538,.T.);
#3220=ORIENTED_EDGE('',*,*,#2539,.T.);
#3221=ORIENTED_EDGE('',*,*,#2540,.F.);
#3222=ORIENTED_EDGE('',*,*,#2541,.F.);
#3223=ORIENTED_EDGE('',*,*,#2542,.F.);
#3224=ORIENTED_EDGE('',*,*,#2543,.F.);
#3225=ORIENTED_EDGE('',*,*,#2544,.F.);
#3226=ORIENTED_EDGE('',*,*,#2545,.F.);
#3227=ORIENTED_EDGE('',*,*,#2546,.F.);
#3228=ORIENTED_EDGE('',*,*,#2547,.F.);
#3229=ORIENTED_EDGE('',*,*,#2548,.F.);
#3230=ORIENTED_EDGE('',*,*,#2549,.F.);
#3231=ORIENTED_EDGE('',*,*,#2550,.F.);
#3232=ORIENTED_EDGE('',*,*,#2551,.F.);
#3233=ORIENTED_EDGE('',*,*,#2552,.F.);
#3234=ORIENTED_EDGE('',*,*,#2553,.F.);
#3235=ORIENTED_EDGE('',*,*,#2554,.F.);
#3236=ORIENTED_EDGE('',*,*,#2555,.F.);
#3237=ORIENTED_EDGE('',*,*,#2556,.F.);
#3238=ORIENTED_EDGE('',*,*,#2557,.F.);
#3239=ORIENTED_EDGE('',*,*,#2558,.F.);
#3240=ORIENTED_EDGE('',*,*,#2559,.F.);
#3241=ORIENTED_EDGE('',*,*,#2560,.F.);
#3242=ORIENTED_EDGE('',*,*,#2561,.F.);
#3243=ORIENTED_EDGE('',*,*,#2562,.F.);
#3244=ORIENTED_EDGE('',*,*,#2563,.F.);
#3245=ORIENTED_EDGE('',*,*,#2564,.F.);
#3246=ORIENTED_EDGE('',*,*,#2565,.F.);
#3247=ORIENTED_EDGE('',*,*,#2566,.F.);
#3248=ORIENTED_EDGE('',*,*,#2567,.F.);
#3249=ORIENTED_EDGE('',*,*,#2519,.F.);
#3250=ORIENTED_EDGE('',*,*,#2530,.F.);
#3251=ORIENTED_EDGE('',*,*,#2526,.F.);
#3252=ORIENTED_EDGE('',*,*,#2523,.F.);
#3253=ORIENTED_EDGE('',*,*,#2540,.T.);
#3254=ORIENTED_EDGE('',*,*,#2568,.T.);
#3255=ORIENTED_EDGE('',*,*,#2569,.T.);
#3256=ORIENTED_EDGE('',*,*,#2570,.F.);
#3257=ORIENTED_EDGE('',*,*,#2543,.T.);
#3258=ORIENTED_EDGE('',*,*,#2571,.T.);
#3259=ORIENTED_EDGE('',*,*,#2572,.T.);
#3260=ORIENTED_EDGE('',*,*,#2568,.F.);
#3261=ORIENTED_EDGE('',*,*,#2542,.T.);
#3262=ORIENTED_EDGE('',*,*,#2573,.T.);
#3263=ORIENTED_EDGE('',*,*,#2574,.T.);
#3264=ORIENTED_EDGE('',*,*,#2571,.F.);
#3265=ORIENTED_EDGE('',*,*,#2575,.T.);
#3266=ORIENTED_EDGE('',*,*,#2573,.F.);
#3267=ORIENTED_EDGE('',*,*,#2541,.T.);
#3268=ORIENTED_EDGE('',*,*,#2570,.T.);
#3269=ORIENTED_EDGE('',*,*,#2575,.F.);
#3270=ORIENTED_EDGE('',*,*,#2576,.F.);
#3271=ORIENTED_EDGE('',*,*,#2577,.T.);
#3272=ORIENTED_EDGE('',*,*,#2578,.T.);
#3273=ORIENTED_EDGE('',*,*,#2569,.F.);
#3274=ORIENTED_EDGE('',*,*,#2579,.F.);
#3275=ORIENTED_EDGE('',*,*,#2580,.T.);
#3276=ORIENTED_EDGE('',*,*,#2576,.T.);
#3277=ORIENTED_EDGE('',*,*,#2564,.T.);
#3278=ORIENTED_EDGE('',*,*,#2581,.T.);
#3279=ORIENTED_EDGE('',*,*,#2582,.T.);
#3280=ORIENTED_EDGE('',*,*,#2583,.F.);
#3281=ORIENTED_EDGE('',*,*,#2567,.T.);
#3282=ORIENTED_EDGE('',*,*,#2584,.T.);
#3283=ORIENTED_EDGE('',*,*,#2585,.T.);
#3284=ORIENTED_EDGE('',*,*,#2581,.F.);
#3285=ORIENTED_EDGE('',*,*,#2566,.T.);
#3286=ORIENTED_EDGE('',*,*,#2586,.T.);
#3287=ORIENTED_EDGE('',*,*,#2587,.T.);
#3288=ORIENTED_EDGE('',*,*,#2584,.F.);
#3289=ORIENTED_EDGE('',*,*,#2588,.T.);
#3290=ORIENTED_EDGE('',*,*,#2586,.F.);
#3291=ORIENTED_EDGE('',*,*,#2565,.T.);
#3292=ORIENTED_EDGE('',*,*,#2583,.T.);
#3293=ORIENTED_EDGE('',*,*,#2588,.F.);
#3294=ORIENTED_EDGE('',*,*,#2589,.F.);
#3295=ORIENTED_EDGE('',*,*,#2590,.T.);
#3296=ORIENTED_EDGE('',*,*,#2591,.T.);
#3297=ORIENTED_EDGE('',*,*,#2582,.F.);
#3298=ORIENTED_EDGE('',*,*,#2592,.F.);
#3299=ORIENTED_EDGE('',*,*,#2593,.T.);
#3300=ORIENTED_EDGE('',*,*,#2589,.T.);
#3301=ORIENTED_EDGE('',*,*,#2544,.T.);
#3302=ORIENTED_EDGE('',*,*,#2594,.T.);
#3303=ORIENTED_EDGE('',*,*,#2595,.T.);
#3304=ORIENTED_EDGE('',*,*,#2596,.F.);
#3305=ORIENTED_EDGE('',*,*,#2547,.T.);
#3306=ORIENTED_EDGE('',*,*,#2597,.T.);
#3307=ORIENTED_EDGE('',*,*,#2598,.T.);
#3308=ORIENTED_EDGE('',*,*,#2594,.F.);
#3309=ORIENTED_EDGE('',*,*,#2546,.T.);
#3310=ORIENTED_EDGE('',*,*,#2599,.T.);
#3311=ORIENTED_EDGE('',*,*,#2600,.T.);
#3312=ORIENTED_EDGE('',*,*,#2597,.F.);
#3313=ORIENTED_EDGE('',*,*,#2601,.T.);
#3314=ORIENTED_EDGE('',*,*,#2599,.F.);
#3315=ORIENTED_EDGE('',*,*,#2545,.T.);
#3316=ORIENTED_EDGE('',*,*,#2596,.T.);
#3317=ORIENTED_EDGE('',*,*,#2601,.F.);
#3318=ORIENTED_EDGE('',*,*,#2602,.F.);
#3319=ORIENTED_EDGE('',*,*,#2603,.T.);
#3320=ORIENTED_EDGE('',*,*,#2604,.T.);
#3321=ORIENTED_EDGE('',*,*,#2595,.F.);
#3322=ORIENTED_EDGE('',*,*,#2605,.F.);
#3323=ORIENTED_EDGE('',*,*,#2606,.T.);
#3324=ORIENTED_EDGE('',*,*,#2602,.T.);
#3325=ORIENTED_EDGE('',*,*,#2560,.T.);
#3326=ORIENTED_EDGE('',*,*,#2607,.T.);
#3327=ORIENTED_EDGE('',*,*,#2608,.T.);
#3328=ORIENTED_EDGE('',*,*,#2609,.F.);
#3329=ORIENTED_EDGE('',*,*,#2563,.T.);
#3330=ORIENTED_EDGE('',*,*,#2610,.T.);
#3331=ORIENTED_EDGE('',*,*,#2611,.T.);
#3332=ORIENTED_EDGE('',*,*,#2607,.F.);
#3333=ORIENTED_EDGE('',*,*,#2562,.T.);
#3334=ORIENTED_EDGE('',*,*,#2612,.T.);
#3335=ORIENTED_EDGE('',*,*,#2613,.T.);
#3336=ORIENTED_EDGE('',*,*,#2610,.F.);
#3337=ORIENTED_EDGE('',*,*,#2614,.T.);
#3338=ORIENTED_EDGE('',*,*,#2612,.F.);
#3339=ORIENTED_EDGE('',*,*,#2561,.T.);
#3340=ORIENTED_EDGE('',*,*,#2609,.T.);
#3341=ORIENTED_EDGE('',*,*,#2614,.F.);
#3342=ORIENTED_EDGE('',*,*,#2615,.F.);
#3343=ORIENTED_EDGE('',*,*,#2616,.T.);
#3344=ORIENTED_EDGE('',*,*,#2617,.T.);
#3345=ORIENTED_EDGE('',*,*,#2608,.F.);
#3346=ORIENTED_EDGE('',*,*,#2618,.F.);
#3347=ORIENTED_EDGE('',*,*,#2619,.T.);
#3348=ORIENTED_EDGE('',*,*,#2615,.T.);
#3349=ORIENTED_EDGE('',*,*,#2548,.T.);
#3350=ORIENTED_EDGE('',*,*,#2620,.T.);
#3351=ORIENTED_EDGE('',*,*,#2621,.T.);
#3352=ORIENTED_EDGE('',*,*,#2622,.F.);
#3353=ORIENTED_EDGE('',*,*,#2551,.T.);
#3354=ORIENTED_EDGE('',*,*,#2623,.T.);
#3355=ORIENTED_EDGE('',*,*,#2624,.T.);
#3356=ORIENTED_EDGE('',*,*,#2620,.F.);
#3357=ORIENTED_EDGE('',*,*,#2550,.T.);
#3358=ORIENTED_EDGE('',*,*,#2625,.T.);
#3359=ORIENTED_EDGE('',*,*,#2626,.T.);
#3360=ORIENTED_EDGE('',*,*,#2623,.F.);
#3361=ORIENTED_EDGE('',*,*,#2627,.T.);
#3362=ORIENTED_EDGE('',*,*,#2625,.F.);
#3363=ORIENTED_EDGE('',*,*,#2549,.T.);
#3364=ORIENTED_EDGE('',*,*,#2622,.T.);
#3365=ORIENTED_EDGE('',*,*,#2627,.F.);
#3366=ORIENTED_EDGE('',*,*,#2628,.F.);
#3367=ORIENTED_EDGE('',*,*,#2629,.T.);
#3368=ORIENTED_EDGE('',*,*,#2630,.T.);
#3369=ORIENTED_EDGE('',*,*,#2621,.F.);
#3370=ORIENTED_EDGE('',*,*,#2631,.F.);
#3371=ORIENTED_EDGE('',*,*,#2632,.T.);
#3372=ORIENTED_EDGE('',*,*,#2628,.T.);
#3373=ORIENTED_EDGE('',*,*,#2556,.T.);
#3374=ORIENTED_EDGE('',*,*,#2633,.T.);
#3375=ORIENTED_EDGE('',*,*,#2634,.T.);
#3376=ORIENTED_EDGE('',*,*,#2635,.F.);
#3377=ORIENTED_EDGE('',*,*,#2559,.T.);
#3378=ORIENTED_EDGE('',*,*,#2636,.T.);
#3379=ORIENTED_EDGE('',*,*,#2637,.T.);
#3380=ORIENTED_EDGE('',*,*,#2633,.F.);
#3381=ORIENTED_EDGE('',*,*,#2558,.T.);
#3382=ORIENTED_EDGE('',*,*,#2638,.T.);
#3383=ORIENTED_EDGE('',*,*,#2639,.T.);
#3384=ORIENTED_EDGE('',*,*,#2636,.F.);
#3385=ORIENTED_EDGE('',*,*,#2640,.T.);
#3386=ORIENTED_EDGE('',*,*,#2638,.F.);
#3387=ORIENTED_EDGE('',*,*,#2557,.T.);
#3388=ORIENTED_EDGE('',*,*,#2635,.T.);
#3389=ORIENTED_EDGE('',*,*,#2640,.F.);
#3390=ORIENTED_EDGE('',*,*,#2641,.F.);
#3391=ORIENTED_EDGE('',*,*,#2642,.T.);
#3392=ORIENTED_EDGE('',*,*,#2643,.T.);
#3393=ORIENTED_EDGE('',*,*,#2634,.F.);
#3394=ORIENTED_EDGE('',*,*,#2644,.F.);
#3395=ORIENTED_EDGE('',*,*,#2645,.T.);
#3396=ORIENTED_EDGE('',*,*,#2641,.T.);
#3397=ORIENTED_EDGE('',*,*,#2552,.T.);
#3398=ORIENTED_EDGE('',*,*,#2646,.T.);
#3399=ORIENTED_EDGE('',*,*,#2647,.T.);
#3400=ORIENTED_EDGE('',*,*,#2648,.F.);
#3401=ORIENTED_EDGE('',*,*,#2555,.T.);
#3402=ORIENTED_EDGE('',*,*,#2649,.T.);
#3403=ORIENTED_EDGE('',*,*,#2650,.T.);
#3404=ORIENTED_EDGE('',*,*,#2646,.F.);
#3405=ORIENTED_EDGE('',*,*,#2554,.T.);
#3406=ORIENTED_EDGE('',*,*,#2651,.T.);
#3407=ORIENTED_EDGE('',*,*,#2652,.T.);
#3408=ORIENTED_EDGE('',*,*,#2649,.F.);
#3409=ORIENTED_EDGE('',*,*,#2653,.T.);
#3410=ORIENTED_EDGE('',*,*,#2651,.F.);
#3411=ORIENTED_EDGE('',*,*,#2553,.T.);
#3412=ORIENTED_EDGE('',*,*,#2648,.T.);
#3413=ORIENTED_EDGE('',*,*,#2653,.F.);
#3414=ORIENTED_EDGE('',*,*,#2654,.F.);
#3415=ORIENTED_EDGE('',*,*,#2655,.T.);
#3416=ORIENTED_EDGE('',*,*,#2656,.T.);
#3417=ORIENTED_EDGE('',*,*,#2647,.F.);
#3418=ORIENTED_EDGE('',*,*,#2657,.F.);
#3419=ORIENTED_EDGE('',*,*,#2658,.T.);
#3420=ORIENTED_EDGE('',*,*,#2654,.T.);
#3421=ORIENTED_EDGE('',*,*,#2659,.T.);
#3422=ORIENTED_EDGE('',*,*,#2660,.F.);
#3423=ORIENTED_EDGE('',*,*,#2661,.F.);
#3424=ORIENTED_EDGE('',*,*,#2662,.T.);
#3425=ORIENTED_EDGE('',*,*,#2663,.T.);
#3426=ORIENTED_EDGE('',*,*,#2664,.T.);
#3427=ORIENTED_EDGE('',*,*,#2665,.F.);
#3428=ORIENTED_EDGE('',*,*,#2660,.T.);
#3429=ORIENTED_EDGE('',*,*,#2666,.T.);
#3430=ORIENTED_EDGE('',*,*,#2667,.T.);
#3431=ORIENTED_EDGE('',*,*,#2668,.T.);
#3432=ORIENTED_EDGE('',*,*,#2669,.F.);
#3433=ORIENTED_EDGE('',*,*,#2670,.T.);
#3434=ORIENTED_EDGE('',*,*,#2671,.T.);
#3435=ORIENTED_EDGE('',*,*,#2672,.T.);
#3436=ORIENTED_EDGE('',*,*,#2667,.F.);
#3437=ORIENTED_EDGE('',*,*,#2673,.T.);
#3438=ORIENTED_EDGE('',*,*,#2674,.T.);
#3439=ORIENTED_EDGE('',*,*,#2675,.T.);
#3440=ORIENTED_EDGE('',*,*,#2671,.F.);
#3441=ORIENTED_EDGE('',*,*,#2676,.T.);
#3442=ORIENTED_EDGE('',*,*,#2674,.F.);
#3443=ORIENTED_EDGE('',*,*,#2677,.T.);
#3444=ORIENTED_EDGE('',*,*,#2669,.T.);
#3445=ORIENTED_EDGE('',*,*,#2676,.F.);
#3446=ORIENTED_EDGE('',*,*,#2678,.T.);
#3447=ORIENTED_EDGE('',*,*,#2679,.F.);
#3448=ORIENTED_EDGE('',*,*,#2680,.T.);
#3449=ORIENTED_EDGE('',*,*,#2668,.F.);
#3450=ORIENTED_EDGE('',*,*,#2681,.T.);
#3451=ORIENTED_EDGE('',*,*,#2682,.F.);
#3452=ORIENTED_EDGE('',*,*,#2678,.F.);
#3453=ORIENTED_EDGE('',*,*,#2666,.F.);
#3454=ORIENTED_EDGE('',*,*,#2677,.F.);
#3455=ORIENTED_EDGE('',*,*,#2673,.F.);
#3456=ORIENTED_EDGE('',*,*,#2670,.F.);
#3457=ORIENTED_EDGE('',*,*,#2683,.F.);
#3458=ORIENTED_EDGE('',*,*,#2684,.T.);
#3459=ORIENTED_EDGE('',*,*,#2685,.T.);
#3460=ORIENTED_EDGE('',*,*,#2686,.T.);
#3461=ORIENTED_EDGE('',*,*,#2686,.F.);
#3462=ORIENTED_EDGE('',*,*,#2687,.F.);
#3463=ORIENTED_EDGE('',*,*,#2688,.F.);
#3464=ORIENTED_EDGE('',*,*,#2689,.F.);
#3465=ORIENTED_EDGE('',*,*,#2690,.F.);
#3466=ORIENTED_EDGE('',*,*,#2691,.F.);
#3467=ORIENTED_EDGE('',*,*,#2692,.T.);
#3468=ORIENTED_EDGE('',*,*,#2693,.T.);
#3469=ORIENTED_EDGE('',*,*,#2694,.F.);
#3470=ORIENTED_EDGE('',*,*,#2695,.T.);
#3471=ORIENTED_EDGE('',*,*,#2696,.T.);
#3472=ORIENTED_EDGE('',*,*,#2697,.F.);
#3473=ORIENTED_EDGE('',*,*,#2698,.F.);
#3474=ORIENTED_EDGE('',*,*,#2688,.T.);
#3475=ORIENTED_EDGE('',*,*,#2699,.T.);
#3476=ORIENTED_EDGE('',*,*,#2700,.T.);
#3477=ORIENTED_EDGE('',*,*,#2675,.F.);
#3478=ORIENTED_EDGE('',*,*,#2680,.F.);
#3479=ORIENTED_EDGE('',*,*,#2701,.F.);
#3480=ORIENTED_EDGE('',*,*,#2702,.F.);
#3481=ORIENTED_EDGE('',*,*,#2672,.F.);
#3482=ORIENTED_EDGE('',*,*,#2702,.T.);
#3483=ORIENTED_EDGE('',*,*,#2703,.F.);
#3484=ORIENTED_EDGE('',*,*,#2681,.F.);
#3485=ORIENTED_EDGE('',*,*,#2580,.F.);
#3486=ORIENTED_EDGE('',*,*,#2704,.F.);
#3487=ORIENTED_EDGE('',*,*,#2705,.F.);
#3488=ORIENTED_EDGE('',*,*,#2577,.F.);
#3489=ORIENTED_EDGE('',*,*,#2706,.T.);
#3490=ORIENTED_EDGE('',*,*,#2662,.F.);
#3491=ORIENTED_EDGE('',*,*,#2707,.F.);
#3492=ORIENTED_EDGE('',*,*,#2708,.T.);
#3493=ORIENTED_EDGE('',*,*,#2709,.T.);
#3494=ORIENTED_EDGE('',*,*,#2708,.F.);
#3495=ORIENTED_EDGE('',*,*,#2710,.F.);
#3496=ORIENTED_EDGE('',*,*,#2664,.F.);
#3497=ORIENTED_EDGE('',*,*,#2711,.T.);
#3498=ORIENTED_EDGE('',*,*,#2712,.T.);
#3499=ORIENTED_EDGE('',*,*,#2713,.T.);
#3500=ORIENTED_EDGE('',*,*,#2714,.T.);
#3501=ORIENTED_EDGE('',*,*,#2661,.T.);
#3502=ORIENTED_EDGE('',*,*,#2665,.T.);
#3503=ORIENTED_EDGE('',*,*,#2710,.T.);
#3504=ORIENTED_EDGE('',*,*,#2707,.T.);
#3505=ORIENTED_EDGE('',*,*,#2694,.T.);
#3506=ORIENTED_EDGE('',*,*,#2715,.T.);
#3507=ORIENTED_EDGE('',*,*,#2716,.F.);
#3508=ORIENTED_EDGE('',*,*,#2574,.F.);
#3509=ORIENTED_EDGE('',*,*,#2578,.F.);
#3510=ORIENTED_EDGE('',*,*,#2705,.T.);
#3511=ORIENTED_EDGE('',*,*,#2717,.T.);
#3512=ORIENTED_EDGE('',*,*,#2572,.F.);
#3513=ORIENTED_EDGE('',*,*,#2717,.F.);
#3514=ORIENTED_EDGE('',*,*,#2704,.T.);
#3515=ORIENTED_EDGE('',*,*,#2579,.T.);
#3516=ORIENTED_EDGE('',*,*,#2718,.T.);
#3517=ORIENTED_EDGE('',*,*,#2719,.F.);
#3518=ORIENTED_EDGE('',*,*,#2720,.F.);
#3519=ORIENTED_EDGE('',*,*,#2721,.T.);
#3520=ORIENTED_EDGE('',*,*,#2722,.T.);
#3521=ORIENTED_EDGE('',*,*,#2723,.T.);
#3522=ORIENTED_EDGE('',*,*,#2724,.F.);
#3523=ORIENTED_EDGE('',*,*,#2719,.T.);
#3524=ORIENTED_EDGE('',*,*,#2725,.T.);
#3525=ORIENTED_EDGE('',*,*,#2726,.T.);
#3526=ORIENTED_EDGE('',*,*,#2727,.T.);
#3527=ORIENTED_EDGE('',*,*,#2728,.F.);
#3528=ORIENTED_EDGE('',*,*,#2729,.T.);
#3529=ORIENTED_EDGE('',*,*,#2730,.T.);
#3530=ORIENTED_EDGE('',*,*,#2731,.T.);
#3531=ORIENTED_EDGE('',*,*,#2726,.F.);
#3532=ORIENTED_EDGE('',*,*,#2732,.T.);
#3533=ORIENTED_EDGE('',*,*,#2733,.T.);
#3534=ORIENTED_EDGE('',*,*,#2734,.T.);
#3535=ORIENTED_EDGE('',*,*,#2730,.F.);
#3536=ORIENTED_EDGE('',*,*,#2735,.T.);
#3537=ORIENTED_EDGE('',*,*,#2733,.F.);
#3538=ORIENTED_EDGE('',*,*,#2736,.T.);
#3539=ORIENTED_EDGE('',*,*,#2728,.T.);
#3540=ORIENTED_EDGE('',*,*,#2735,.F.);
#3541=ORIENTED_EDGE('',*,*,#2737,.T.);
#3542=ORIENTED_EDGE('',*,*,#2738,.F.);
#3543=ORIENTED_EDGE('',*,*,#2739,.T.);
#3544=ORIENTED_EDGE('',*,*,#2727,.F.);
#3545=ORIENTED_EDGE('',*,*,#2740,.T.);
#3546=ORIENTED_EDGE('',*,*,#2741,.F.);
#3547=ORIENTED_EDGE('',*,*,#2737,.F.);
#3548=ORIENTED_EDGE('',*,*,#2725,.F.);
#3549=ORIENTED_EDGE('',*,*,#2736,.F.);
#3550=ORIENTED_EDGE('',*,*,#2732,.F.);
#3551=ORIENTED_EDGE('',*,*,#2729,.F.);
#3552=ORIENTED_EDGE('',*,*,#2742,.F.);
#3553=ORIENTED_EDGE('',*,*,#2743,.T.);
#3554=ORIENTED_EDGE('',*,*,#2744,.T.);
#3555=ORIENTED_EDGE('',*,*,#2691,.T.);
#3556=ORIENTED_EDGE('',*,*,#2745,.F.);
#3557=ORIENTED_EDGE('',*,*,#2746,.F.);
#3558=ORIENTED_EDGE('',*,*,#2747,.T.);
#3559=ORIENTED_EDGE('',*,*,#2748,.T.);
#3560=ORIENTED_EDGE('',*,*,#2749,.F.);
#3561=ORIENTED_EDGE('',*,*,#2750,.T.);
#3562=ORIENTED_EDGE('',*,*,#2751,.T.);
#3563=ORIENTED_EDGE('',*,*,#2752,.F.);
#3564=ORIENTED_EDGE('',*,*,#2715,.F.);
#3565=ORIENTED_EDGE('',*,*,#2697,.T.);
#3566=ORIENTED_EDGE('',*,*,#2753,.T.);
#3567=ORIENTED_EDGE('',*,*,#2754,.T.);
#3568=ORIENTED_EDGE('',*,*,#2734,.F.);
#3569=ORIENTED_EDGE('',*,*,#2739,.F.);
#3570=ORIENTED_EDGE('',*,*,#2755,.F.);
#3571=ORIENTED_EDGE('',*,*,#2756,.F.);
#3572=ORIENTED_EDGE('',*,*,#2731,.F.);
#3573=ORIENTED_EDGE('',*,*,#2756,.T.);
#3574=ORIENTED_EDGE('',*,*,#2757,.F.);
#3575=ORIENTED_EDGE('',*,*,#2740,.F.);
#3576=ORIENTED_EDGE('',*,*,#2632,.F.);
#3577=ORIENTED_EDGE('',*,*,#2758,.F.);
#3578=ORIENTED_EDGE('',*,*,#2759,.F.);
#3579=ORIENTED_EDGE('',*,*,#2629,.F.);
#3580=ORIENTED_EDGE('',*,*,#2760,.T.);
#3581=ORIENTED_EDGE('',*,*,#2721,.F.);
#3582=ORIENTED_EDGE('',*,*,#2761,.F.);
#3583=ORIENTED_EDGE('',*,*,#2762,.T.);
#3584=ORIENTED_EDGE('',*,*,#2763,.T.);
#3585=ORIENTED_EDGE('',*,*,#2762,.F.);
#3586=ORIENTED_EDGE('',*,*,#2764,.F.);
#3587=ORIENTED_EDGE('',*,*,#2723,.F.);
#3588=ORIENTED_EDGE('',*,*,#2765,.T.);
#3589=ORIENTED_EDGE('',*,*,#2766,.T.);
#3590=ORIENTED_EDGE('',*,*,#2767,.T.);
#3591=ORIENTED_EDGE('',*,*,#2768,.T.);
#3592=ORIENTED_EDGE('',*,*,#2720,.T.);
#3593=ORIENTED_EDGE('',*,*,#2724,.T.);
#3594=ORIENTED_EDGE('',*,*,#2764,.T.);
#3595=ORIENTED_EDGE('',*,*,#2761,.T.);
#3596=ORIENTED_EDGE('',*,*,#2749,.T.);
#3597=ORIENTED_EDGE('',*,*,#2769,.T.);
#3598=ORIENTED_EDGE('',*,*,#2770,.F.);
#3599=ORIENTED_EDGE('',*,*,#2626,.F.);
#3600=ORIENTED_EDGE('',*,*,#2630,.F.);
#3601=ORIENTED_EDGE('',*,*,#2759,.T.);
#3602=ORIENTED_EDGE('',*,*,#2771,.T.);
#3603=ORIENTED_EDGE('',*,*,#2624,.F.);
#3604=ORIENTED_EDGE('',*,*,#2771,.F.);
#3605=ORIENTED_EDGE('',*,*,#2758,.T.);
#3606=ORIENTED_EDGE('',*,*,#2631,.T.);
#3607=ORIENTED_EDGE('',*,*,#2772,.T.);
#3608=ORIENTED_EDGE('',*,*,#2773,.F.);
#3609=ORIENTED_EDGE('',*,*,#2774,.F.);
#3610=ORIENTED_EDGE('',*,*,#2775,.T.);
#3611=ORIENTED_EDGE('',*,*,#2776,.T.);
#3612=ORIENTED_EDGE('',*,*,#2777,.T.);
#3613=ORIENTED_EDGE('',*,*,#2778,.F.);
#3614=ORIENTED_EDGE('',*,*,#2773,.T.);
#3615=ORIENTED_EDGE('',*,*,#2779,.T.);
#3616=ORIENTED_EDGE('',*,*,#2780,.T.);
#3617=ORIENTED_EDGE('',*,*,#2781,.T.);
#3618=ORIENTED_EDGE('',*,*,#2782,.F.);
#3619=ORIENTED_EDGE('',*,*,#2783,.T.);
#3620=ORIENTED_EDGE('',*,*,#2784,.T.);
#3621=ORIENTED_EDGE('',*,*,#2785,.T.);
#3622=ORIENTED_EDGE('',*,*,#2780,.F.);
#3623=ORIENTED_EDGE('',*,*,#2786,.T.);
#3624=ORIENTED_EDGE('',*,*,#2787,.T.);
#3625=ORIENTED_EDGE('',*,*,#2788,.T.);
#3626=ORIENTED_EDGE('',*,*,#2784,.F.);
#3627=ORIENTED_EDGE('',*,*,#2789,.T.);
#3628=ORIENTED_EDGE('',*,*,#2787,.F.);
#3629=ORIENTED_EDGE('',*,*,#2790,.T.);
#3630=ORIENTED_EDGE('',*,*,#2782,.T.);
#3631=ORIENTED_EDGE('',*,*,#2789,.F.);
#3632=ORIENTED_EDGE('',*,*,#2791,.T.);
#3633=ORIENTED_EDGE('',*,*,#2792,.F.);
#3634=ORIENTED_EDGE('',*,*,#2793,.T.);
#3635=ORIENTED_EDGE('',*,*,#2781,.F.);
#3636=ORIENTED_EDGE('',*,*,#2794,.T.);
#3637=ORIENTED_EDGE('',*,*,#2795,.F.);
#3638=ORIENTED_EDGE('',*,*,#2791,.F.);
#3639=ORIENTED_EDGE('',*,*,#2779,.F.);
#3640=ORIENTED_EDGE('',*,*,#2790,.F.);
#3641=ORIENTED_EDGE('',*,*,#2786,.F.);
#3642=ORIENTED_EDGE('',*,*,#2783,.F.);
#3643=ORIENTED_EDGE('',*,*,#2796,.F.);
#3644=ORIENTED_EDGE('',*,*,#2797,.T.);
#3645=ORIENTED_EDGE('',*,*,#2798,.T.);
#3646=ORIENTED_EDGE('',*,*,#2746,.T.);
#3647=ORIENTED_EDGE('',*,*,#2799,.F.);
#3648=ORIENTED_EDGE('',*,*,#2800,.F.);
#3649=ORIENTED_EDGE('',*,*,#2801,.T.);
#3650=ORIENTED_EDGE('',*,*,#2802,.T.);
#3651=ORIENTED_EDGE('',*,*,#2803,.F.);
#3652=ORIENTED_EDGE('',*,*,#2804,.T.);
#3653=ORIENTED_EDGE('',*,*,#2805,.T.);
#3654=ORIENTED_EDGE('',*,*,#2806,.F.);
#3655=ORIENTED_EDGE('',*,*,#2769,.F.);
#3656=ORIENTED_EDGE('',*,*,#2752,.T.);
#3657=ORIENTED_EDGE('',*,*,#2807,.T.);
#3658=ORIENTED_EDGE('',*,*,#2808,.T.);
#3659=ORIENTED_EDGE('',*,*,#2788,.F.);
#3660=ORIENTED_EDGE('',*,*,#2793,.F.);
#3661=ORIENTED_EDGE('',*,*,#2809,.F.);
#3662=ORIENTED_EDGE('',*,*,#2810,.F.);
#3663=ORIENTED_EDGE('',*,*,#2785,.F.);
#3664=ORIENTED_EDGE('',*,*,#2810,.T.);
#3665=ORIENTED_EDGE('',*,*,#2811,.F.);
#3666=ORIENTED_EDGE('',*,*,#2794,.F.);
#3667=ORIENTED_EDGE('',*,*,#2535,.F.);
#3668=ORIENTED_EDGE('',*,*,#2812,.F.);
#3669=ORIENTED_EDGE('',*,*,#2813,.F.);
#3670=ORIENTED_EDGE('',*,*,#2532,.F.);
#3671=ORIENTED_EDGE('',*,*,#2814,.T.);
#3672=ORIENTED_EDGE('',*,*,#2775,.F.);
#3673=ORIENTED_EDGE('',*,*,#2815,.F.);
#3674=ORIENTED_EDGE('',*,*,#2816,.T.);
#3675=ORIENTED_EDGE('',*,*,#2817,.T.);
#3676=ORIENTED_EDGE('',*,*,#2816,.F.);
#3677=ORIENTED_EDGE('',*,*,#2818,.F.);
#3678=ORIENTED_EDGE('',*,*,#2777,.F.);
#3679=ORIENTED_EDGE('',*,*,#2819,.T.);
#3680=ORIENTED_EDGE('',*,*,#2820,.T.);
#3681=ORIENTED_EDGE('',*,*,#2821,.T.);
#3682=ORIENTED_EDGE('',*,*,#2822,.T.);
#3683=ORIENTED_EDGE('',*,*,#2774,.T.);
#3684=ORIENTED_EDGE('',*,*,#2778,.T.);
#3685=ORIENTED_EDGE('',*,*,#2818,.T.);
#3686=ORIENTED_EDGE('',*,*,#2815,.T.);
#3687=ORIENTED_EDGE('',*,*,#2803,.T.);
#3688=ORIENTED_EDGE('',*,*,#2823,.T.);
#3689=ORIENTED_EDGE('',*,*,#2824,.F.);
#3690=ORIENTED_EDGE('',*,*,#2528,.F.);
#3691=ORIENTED_EDGE('',*,*,#2533,.F.);
#3692=ORIENTED_EDGE('',*,*,#2813,.T.);
#3693=ORIENTED_EDGE('',*,*,#2825,.T.);
#3694=ORIENTED_EDGE('',*,*,#2525,.F.);
#3695=ORIENTED_EDGE('',*,*,#2825,.F.);
#3696=ORIENTED_EDGE('',*,*,#2812,.T.);
#3697=ORIENTED_EDGE('',*,*,#2534,.T.);
#3698=ORIENTED_EDGE('',*,*,#2826,.T.);
#3699=ORIENTED_EDGE('',*,*,#2827,.F.);
#3700=ORIENTED_EDGE('',*,*,#2828,.F.);
#3701=ORIENTED_EDGE('',*,*,#2829,.T.);
#3702=ORIENTED_EDGE('',*,*,#2830,.T.);
#3703=ORIENTED_EDGE('',*,*,#2831,.T.);
#3704=ORIENTED_EDGE('',*,*,#2832,.F.);
#3705=ORIENTED_EDGE('',*,*,#2827,.T.);
#3706=ORIENTED_EDGE('',*,*,#2833,.T.);
#3707=ORIENTED_EDGE('',*,*,#2834,.T.);
#3708=ORIENTED_EDGE('',*,*,#2835,.T.);
#3709=ORIENTED_EDGE('',*,*,#2836,.F.);
#3710=ORIENTED_EDGE('',*,*,#2837,.T.);
#3711=ORIENTED_EDGE('',*,*,#2838,.T.);
#3712=ORIENTED_EDGE('',*,*,#2839,.T.);
#3713=ORIENTED_EDGE('',*,*,#2834,.F.);
#3714=ORIENTED_EDGE('',*,*,#2840,.T.);
#3715=ORIENTED_EDGE('',*,*,#2841,.T.);
#3716=ORIENTED_EDGE('',*,*,#2842,.T.);
#3717=ORIENTED_EDGE('',*,*,#2838,.F.);
#3718=ORIENTED_EDGE('',*,*,#2843,.T.);
#3719=ORIENTED_EDGE('',*,*,#2841,.F.);
#3720=ORIENTED_EDGE('',*,*,#2844,.T.);
#3721=ORIENTED_EDGE('',*,*,#2836,.T.);
#3722=ORIENTED_EDGE('',*,*,#2843,.F.);
#3723=ORIENTED_EDGE('',*,*,#2845,.T.);
#3724=ORIENTED_EDGE('',*,*,#2846,.F.);
#3725=ORIENTED_EDGE('',*,*,#2847,.T.);
#3726=ORIENTED_EDGE('',*,*,#2835,.F.);
#3727=ORIENTED_EDGE('',*,*,#2848,.T.);
#3728=ORIENTED_EDGE('',*,*,#2849,.F.);
#3729=ORIENTED_EDGE('',*,*,#2845,.F.);
#3730=ORIENTED_EDGE('',*,*,#2833,.F.);
#3731=ORIENTED_EDGE('',*,*,#2844,.F.);
#3732=ORIENTED_EDGE('',*,*,#2840,.F.);
#3733=ORIENTED_EDGE('',*,*,#2837,.F.);
#3734=ORIENTED_EDGE('',*,*,#2850,.F.);
#3735=ORIENTED_EDGE('',*,*,#2851,.T.);
#3736=ORIENTED_EDGE('',*,*,#2852,.T.);
#3737=ORIENTED_EDGE('',*,*,#2800,.T.);
#3738=ORIENTED_EDGE('',*,*,#2853,.F.);
#3739=ORIENTED_EDGE('',*,*,#2854,.F.);
#3740=ORIENTED_EDGE('',*,*,#2855,.T.);
#3741=ORIENTED_EDGE('',*,*,#2856,.T.);
#3742=ORIENTED_EDGE('',*,*,#2857,.F.);
#3743=ORIENTED_EDGE('',*,*,#2858,.T.);
#3744=ORIENTED_EDGE('',*,*,#2859,.T.);
#3745=ORIENTED_EDGE('',*,*,#2860,.F.);
#3746=ORIENTED_EDGE('',*,*,#2823,.F.);
#3747=ORIENTED_EDGE('',*,*,#2806,.T.);
#3748=ORIENTED_EDGE('',*,*,#2861,.T.);
#3749=ORIENTED_EDGE('',*,*,#2862,.T.);
#3750=ORIENTED_EDGE('',*,*,#2842,.F.);
#3751=ORIENTED_EDGE('',*,*,#2847,.F.);
#3752=ORIENTED_EDGE('',*,*,#2863,.F.);
#3753=ORIENTED_EDGE('',*,*,#2864,.F.);
#3754=ORIENTED_EDGE('',*,*,#2839,.F.);
#3755=ORIENTED_EDGE('',*,*,#2864,.T.);
#3756=ORIENTED_EDGE('',*,*,#2865,.F.);
#3757=ORIENTED_EDGE('',*,*,#2848,.F.);
#3758=ORIENTED_EDGE('',*,*,#2866,.F.);
#3759=ORIENTED_EDGE('',*,*,#2867,.F.);
#3760=ORIENTED_EDGE('',*,*,#2642,.F.);
#3761=ORIENTED_EDGE('',*,*,#2645,.F.);
#3762=ORIENTED_EDGE('',*,*,#2868,.T.);
#3763=ORIENTED_EDGE('',*,*,#2829,.F.);
#3764=ORIENTED_EDGE('',*,*,#2869,.F.);
#3765=ORIENTED_EDGE('',*,*,#2870,.T.);
#3766=ORIENTED_EDGE('',*,*,#2871,.T.);
#3767=ORIENTED_EDGE('',*,*,#2870,.F.);
#3768=ORIENTED_EDGE('',*,*,#2872,.F.);
#3769=ORIENTED_EDGE('',*,*,#2831,.F.);
#3770=ORIENTED_EDGE('',*,*,#2873,.T.);
#3771=ORIENTED_EDGE('',*,*,#2874,.T.);
#3772=ORIENTED_EDGE('',*,*,#2875,.T.);
#3773=ORIENTED_EDGE('',*,*,#2876,.T.);
#3774=ORIENTED_EDGE('',*,*,#2828,.T.);
#3775=ORIENTED_EDGE('',*,*,#2832,.T.);
#3776=ORIENTED_EDGE('',*,*,#2872,.T.);
#3777=ORIENTED_EDGE('',*,*,#2869,.T.);
#3778=ORIENTED_EDGE('',*,*,#2857,.T.);
#3779=ORIENTED_EDGE('',*,*,#2877,.T.);
#3780=ORIENTED_EDGE('',*,*,#2878,.F.);
#3781=ORIENTED_EDGE('',*,*,#2639,.F.);
#3782=ORIENTED_EDGE('',*,*,#2643,.F.);
#3783=ORIENTED_EDGE('',*,*,#2867,.T.);
#3784=ORIENTED_EDGE('',*,*,#2879,.T.);
#3785=ORIENTED_EDGE('',*,*,#2880,.T.);
#3786=ORIENTED_EDGE('',*,*,#2881,.F.);
#3787=ORIENTED_EDGE('',*,*,#2882,.F.);
#3788=ORIENTED_EDGE('',*,*,#2883,.T.);
#3789=ORIENTED_EDGE('',*,*,#2884,.T.);
#3790=ORIENTED_EDGE('',*,*,#2885,.T.);
#3791=ORIENTED_EDGE('',*,*,#2886,.F.);
#3792=ORIENTED_EDGE('',*,*,#2881,.T.);
#3793=ORIENTED_EDGE('',*,*,#2887,.T.);
#3794=ORIENTED_EDGE('',*,*,#2888,.T.);
#3795=ORIENTED_EDGE('',*,*,#2889,.T.);
#3796=ORIENTED_EDGE('',*,*,#2890,.F.);
#3797=ORIENTED_EDGE('',*,*,#2891,.T.);
#3798=ORIENTED_EDGE('',*,*,#2892,.T.);
#3799=ORIENTED_EDGE('',*,*,#2893,.T.);
#3800=ORIENTED_EDGE('',*,*,#2888,.F.);
#3801=ORIENTED_EDGE('',*,*,#2894,.T.);
#3802=ORIENTED_EDGE('',*,*,#2895,.T.);
#3803=ORIENTED_EDGE('',*,*,#2896,.T.);
#3804=ORIENTED_EDGE('',*,*,#2892,.F.);
#3805=ORIENTED_EDGE('',*,*,#2897,.T.);
#3806=ORIENTED_EDGE('',*,*,#2895,.F.);
#3807=ORIENTED_EDGE('',*,*,#2898,.T.);
#3808=ORIENTED_EDGE('',*,*,#2890,.T.);
#3809=ORIENTED_EDGE('',*,*,#2897,.F.);
#3810=ORIENTED_EDGE('',*,*,#2899,.T.);
#3811=ORIENTED_EDGE('',*,*,#2900,.F.);
#3812=ORIENTED_EDGE('',*,*,#2901,.T.);
#3813=ORIENTED_EDGE('',*,*,#2889,.F.);
#3814=ORIENTED_EDGE('',*,*,#2902,.T.);
#3815=ORIENTED_EDGE('',*,*,#2903,.F.);
#3816=ORIENTED_EDGE('',*,*,#2899,.F.);
#3817=ORIENTED_EDGE('',*,*,#2887,.F.);
#3818=ORIENTED_EDGE('',*,*,#2898,.F.);
#3819=ORIENTED_EDGE('',*,*,#2894,.F.);
#3820=ORIENTED_EDGE('',*,*,#2891,.F.);
#3821=ORIENTED_EDGE('',*,*,#2904,.F.);
#3822=ORIENTED_EDGE('',*,*,#2905,.T.);
#3823=ORIENTED_EDGE('',*,*,#2906,.T.);
#3824=ORIENTED_EDGE('',*,*,#2854,.T.);
#3825=ORIENTED_EDGE('',*,*,#2907,.F.);
#3826=ORIENTED_EDGE('',*,*,#2908,.F.);
#3827=ORIENTED_EDGE('',*,*,#2909,.T.);
#3828=ORIENTED_EDGE('',*,*,#2910,.T.);
#3829=ORIENTED_EDGE('',*,*,#2911,.F.);
#3830=ORIENTED_EDGE('',*,*,#2912,.T.);
#3831=ORIENTED_EDGE('',*,*,#2913,.T.);
#3832=ORIENTED_EDGE('',*,*,#2914,.F.);
#3833=ORIENTED_EDGE('',*,*,#2877,.F.);
#3834=ORIENTED_EDGE('',*,*,#2860,.T.);
#3835=ORIENTED_EDGE('',*,*,#2915,.T.);
#3836=ORIENTED_EDGE('',*,*,#2916,.T.);
#3837=ORIENTED_EDGE('',*,*,#2896,.F.);
#3838=ORIENTED_EDGE('',*,*,#2901,.F.);
#3839=ORIENTED_EDGE('',*,*,#2917,.F.);
#3840=ORIENTED_EDGE('',*,*,#2918,.F.);
#3841=ORIENTED_EDGE('',*,*,#2893,.F.);
#3842=ORIENTED_EDGE('',*,*,#2918,.T.);
#3843=ORIENTED_EDGE('',*,*,#2919,.F.);
#3844=ORIENTED_EDGE('',*,*,#2902,.F.);
#3845=ORIENTED_EDGE('',*,*,#2920,.F.);
#3846=ORIENTED_EDGE('',*,*,#2590,.F.);
#3847=ORIENTED_EDGE('',*,*,#2593,.F.);
#3848=ORIENTED_EDGE('',*,*,#2921,.F.);
#3849=ORIENTED_EDGE('',*,*,#2922,.T.);
#3850=ORIENTED_EDGE('',*,*,#2883,.F.);
#3851=ORIENTED_EDGE('',*,*,#2923,.F.);
#3852=ORIENTED_EDGE('',*,*,#2924,.T.);
#3853=ORIENTED_EDGE('',*,*,#2925,.T.);
#3854=ORIENTED_EDGE('',*,*,#2924,.F.);
#3855=ORIENTED_EDGE('',*,*,#2926,.F.);
#3856=ORIENTED_EDGE('',*,*,#2885,.F.);
#3857=ORIENTED_EDGE('',*,*,#2927,.T.);
#3858=ORIENTED_EDGE('',*,*,#2928,.T.);
#3859=ORIENTED_EDGE('',*,*,#2929,.T.);
#3860=ORIENTED_EDGE('',*,*,#2930,.T.);
#3861=ORIENTED_EDGE('',*,*,#2882,.T.);
#3862=ORIENTED_EDGE('',*,*,#2886,.T.);
#3863=ORIENTED_EDGE('',*,*,#2926,.T.);
#3864=ORIENTED_EDGE('',*,*,#2923,.T.);
#3865=ORIENTED_EDGE('',*,*,#2911,.T.);
#3866=ORIENTED_EDGE('',*,*,#2931,.T.);
#3867=ORIENTED_EDGE('',*,*,#2932,.F.);
#3868=ORIENTED_EDGE('',*,*,#2933,.T.);
#3869=ORIENTED_EDGE('',*,*,#2934,.F.);
#3870=ORIENTED_EDGE('',*,*,#2935,.F.);
#3871=ORIENTED_EDGE('',*,*,#2936,.T.);
#3872=ORIENTED_EDGE('',*,*,#2937,.T.);
#3873=ORIENTED_EDGE('',*,*,#2938,.T.);
#3874=ORIENTED_EDGE('',*,*,#2939,.F.);
#3875=ORIENTED_EDGE('',*,*,#2934,.T.);
#3876=ORIENTED_EDGE('',*,*,#2940,.T.);
#3877=ORIENTED_EDGE('',*,*,#2941,.T.);
#3878=ORIENTED_EDGE('',*,*,#2942,.T.);
#3879=ORIENTED_EDGE('',*,*,#2943,.F.);
#3880=ORIENTED_EDGE('',*,*,#2944,.T.);
#3881=ORIENTED_EDGE('',*,*,#2945,.T.);
#3882=ORIENTED_EDGE('',*,*,#2946,.T.);
#3883=ORIENTED_EDGE('',*,*,#2941,.F.);
#3884=ORIENTED_EDGE('',*,*,#2947,.T.);
#3885=ORIENTED_EDGE('',*,*,#2948,.T.);
#3886=ORIENTED_EDGE('',*,*,#2949,.T.);
#3887=ORIENTED_EDGE('',*,*,#2945,.F.);
#3888=ORIENTED_EDGE('',*,*,#2950,.T.);
#3889=ORIENTED_EDGE('',*,*,#2948,.F.);
#3890=ORIENTED_EDGE('',*,*,#2951,.T.);
#3891=ORIENTED_EDGE('',*,*,#2943,.T.);
#3892=ORIENTED_EDGE('',*,*,#2950,.F.);
#3893=ORIENTED_EDGE('',*,*,#2952,.T.);
#3894=ORIENTED_EDGE('',*,*,#2953,.F.);
#3895=ORIENTED_EDGE('',*,*,#2954,.T.);
#3896=ORIENTED_EDGE('',*,*,#2942,.F.);
#3897=ORIENTED_EDGE('',*,*,#2955,.T.);
#3898=ORIENTED_EDGE('',*,*,#2956,.F.);
#3899=ORIENTED_EDGE('',*,*,#2952,.F.);
#3900=ORIENTED_EDGE('',*,*,#2940,.F.);
#3901=ORIENTED_EDGE('',*,*,#2951,.F.);
#3902=ORIENTED_EDGE('',*,*,#2947,.F.);
#3903=ORIENTED_EDGE('',*,*,#2944,.F.);
#3904=ORIENTED_EDGE('',*,*,#2957,.F.);
#3905=ORIENTED_EDGE('',*,*,#2958,.T.);
#3906=ORIENTED_EDGE('',*,*,#2959,.T.);
#3907=ORIENTED_EDGE('',*,*,#2960,.F.);
#3908=ORIENTED_EDGE('',*,*,#2961,.F.);
#3909=ORIENTED_EDGE('',*,*,#2962,.F.);
#3910=ORIENTED_EDGE('',*,*,#2963,.T.);
#3911=ORIENTED_EDGE('',*,*,#2964,.T.);
#3912=ORIENTED_EDGE('',*,*,#2965,.F.);
#3913=ORIENTED_EDGE('',*,*,#2966,.T.);
#3914=ORIENTED_EDGE('',*,*,#2967,.T.);
#3915=ORIENTED_EDGE('',*,*,#2968,.F.);
#3916=ORIENTED_EDGE('',*,*,#2969,.F.);
#3917=ORIENTED_EDGE('',*,*,#2970,.F.);
#3918=ORIENTED_EDGE('',*,*,#2971,.T.);
#3919=ORIENTED_EDGE('',*,*,#2972,.T.);
#3920=ORIENTED_EDGE('',*,*,#2949,.F.);
#3921=ORIENTED_EDGE('',*,*,#2954,.F.);
#3922=ORIENTED_EDGE('',*,*,#2973,.F.);
#3923=ORIENTED_EDGE('',*,*,#2974,.F.);
#3924=ORIENTED_EDGE('',*,*,#2946,.F.);
#3925=ORIENTED_EDGE('',*,*,#2974,.T.);
#3926=ORIENTED_EDGE('',*,*,#2975,.F.);
#3927=ORIENTED_EDGE('',*,*,#2955,.F.);
#3928=ORIENTED_EDGE('',*,*,#2619,.F.);
#3929=ORIENTED_EDGE('',*,*,#2976,.F.);
#3930=ORIENTED_EDGE('',*,*,#2977,.F.);
#3931=ORIENTED_EDGE('',*,*,#2616,.F.);
#3932=ORIENTED_EDGE('',*,*,#2978,.T.);
#3933=ORIENTED_EDGE('',*,*,#2936,.F.);
#3934=ORIENTED_EDGE('',*,*,#2979,.F.);
#3935=ORIENTED_EDGE('',*,*,#2980,.T.);
#3936=ORIENTED_EDGE('',*,*,#2981,.T.);
#3937=ORIENTED_EDGE('',*,*,#2980,.F.);
#3938=ORIENTED_EDGE('',*,*,#2982,.F.);
#3939=ORIENTED_EDGE('',*,*,#2938,.F.);
#3940=ORIENTED_EDGE('',*,*,#2983,.T.);
#3941=ORIENTED_EDGE('',*,*,#2984,.T.);
#3942=ORIENTED_EDGE('',*,*,#2985,.T.);
#3943=ORIENTED_EDGE('',*,*,#2986,.T.);
#3944=ORIENTED_EDGE('',*,*,#2935,.T.);
#3945=ORIENTED_EDGE('',*,*,#2939,.T.);
#3946=ORIENTED_EDGE('',*,*,#2982,.T.);
#3947=ORIENTED_EDGE('',*,*,#2979,.T.);
#3948=ORIENTED_EDGE('',*,*,#2957,.T.);
#3949=ORIENTED_EDGE('',*,*,#2987,.T.);
#3950=ORIENTED_EDGE('',*,*,#2988,.F.);
#3951=ORIENTED_EDGE('',*,*,#2961,.T.);
#3952=ORIENTED_EDGE('',*,*,#2989,.F.);
#3953=ORIENTED_EDGE('',*,*,#2990,.T.);
#3954=ORIENTED_EDGE('',*,*,#2965,.T.);
#3955=ORIENTED_EDGE('',*,*,#2991,.T.);
#3956=ORIENTED_EDGE('',*,*,#2992,.F.);
#3957=ORIENTED_EDGE('',*,*,#2613,.F.);
#3958=ORIENTED_EDGE('',*,*,#2617,.F.);
#3959=ORIENTED_EDGE('',*,*,#2977,.T.);
#3960=ORIENTED_EDGE('',*,*,#2993,.T.);
#3961=ORIENTED_EDGE('',*,*,#2611,.F.);
#3962=ORIENTED_EDGE('',*,*,#2993,.F.);
#3963=ORIENTED_EDGE('',*,*,#2976,.T.);
#3964=ORIENTED_EDGE('',*,*,#2618,.T.);
#3965=ORIENTED_EDGE('',*,*,#2994,.T.);
#3966=ORIENTED_EDGE('',*,*,#2995,.F.);
#3967=ORIENTED_EDGE('',*,*,#2996,.F.);
#3968=ORIENTED_EDGE('',*,*,#2997,.T.);
#3969=ORIENTED_EDGE('',*,*,#2998,.T.);
#3970=ORIENTED_EDGE('',*,*,#2999,.T.);
#3971=ORIENTED_EDGE('',*,*,#3000,.F.);
#3972=ORIENTED_EDGE('',*,*,#2995,.T.);
#3973=ORIENTED_EDGE('',*,*,#3001,.T.);
#3974=ORIENTED_EDGE('',*,*,#3002,.T.);
#3975=ORIENTED_EDGE('',*,*,#3003,.T.);
#3976=ORIENTED_EDGE('',*,*,#3004,.F.);
#3977=ORIENTED_EDGE('',*,*,#3005,.T.);
#3978=ORIENTED_EDGE('',*,*,#3006,.T.);
#3979=ORIENTED_EDGE('',*,*,#3007,.T.);
#3980=ORIENTED_EDGE('',*,*,#3002,.F.);
#3981=ORIENTED_EDGE('',*,*,#3008,.T.);
#3982=ORIENTED_EDGE('',*,*,#3009,.T.);
#3983=ORIENTED_EDGE('',*,*,#3010,.T.);
#3984=ORIENTED_EDGE('',*,*,#3006,.F.);
#3985=ORIENTED_EDGE('',*,*,#3011,.T.);
#3986=ORIENTED_EDGE('',*,*,#3009,.F.);
#3987=ORIENTED_EDGE('',*,*,#3012,.T.);
#3988=ORIENTED_EDGE('',*,*,#3004,.T.);
#3989=ORIENTED_EDGE('',*,*,#3011,.F.);
#3990=ORIENTED_EDGE('',*,*,#3013,.T.);
#3991=ORIENTED_EDGE('',*,*,#3014,.F.);
#3992=ORIENTED_EDGE('',*,*,#3015,.T.);
#3993=ORIENTED_EDGE('',*,*,#3003,.F.);
#3994=ORIENTED_EDGE('',*,*,#3016,.T.);
#3995=ORIENTED_EDGE('',*,*,#3017,.F.);
#3996=ORIENTED_EDGE('',*,*,#3013,.F.);
#3997=ORIENTED_EDGE('',*,*,#3001,.F.);
#3998=ORIENTED_EDGE('',*,*,#3012,.F.);
#3999=ORIENTED_EDGE('',*,*,#3008,.F.);
#4000=ORIENTED_EDGE('',*,*,#3005,.F.);
#4001=ORIENTED_EDGE('',*,*,#3018,.F.);
#4002=ORIENTED_EDGE('',*,*,#3019,.T.);
#4003=ORIENTED_EDGE('',*,*,#3020,.T.);
#4004=ORIENTED_EDGE('',*,*,#2908,.T.);
#4005=ORIENTED_EDGE('',*,*,#3020,.F.);
#4006=ORIENTED_EDGE('',*,*,#3021,.T.);
#4007=ORIENTED_EDGE('',*,*,#3022,.F.);
#4008=ORIENTED_EDGE('',*,*,#2959,.F.);
#4009=ORIENTED_EDGE('',*,*,#3023,.T.);
#4010=ORIENTED_EDGE('',*,*,#2963,.F.);
#4011=ORIENTED_EDGE('',*,*,#3024,.F.);
#4012=ORIENTED_EDGE('',*,*,#3025,.T.);
#4013=ORIENTED_EDGE('',*,*,#3026,.F.);
#4014=ORIENTED_EDGE('',*,*,#3027,.T.);
#4015=ORIENTED_EDGE('',*,*,#3028,.F.);
#4016=ORIENTED_EDGE('',*,*,#3029,.T.);
#4017=ORIENTED_EDGE('',*,*,#3030,.F.);
#4018=ORIENTED_EDGE('',*,*,#2967,.F.);
#4019=ORIENTED_EDGE('',*,*,#3031,.T.);
#4020=ORIENTED_EDGE('',*,*,#2971,.F.);
#4021=ORIENTED_EDGE('',*,*,#3032,.F.);
#4022=ORIENTED_EDGE('',*,*,#3033,.T.);
#4023=ORIENTED_EDGE('',*,*,#3034,.F.);
#4024=ORIENTED_EDGE('',*,*,#2913,.F.);
#4025=ORIENTED_EDGE('',*,*,#3035,.T.);
#4026=ORIENTED_EDGE('',*,*,#2915,.F.);
#4027=ORIENTED_EDGE('',*,*,#2859,.F.);
#4028=ORIENTED_EDGE('',*,*,#3036,.T.);
#4029=ORIENTED_EDGE('',*,*,#2861,.F.);
#4030=ORIENTED_EDGE('',*,*,#2805,.F.);
#4031=ORIENTED_EDGE('',*,*,#3037,.T.);
#4032=ORIENTED_EDGE('',*,*,#2807,.F.);
#4033=ORIENTED_EDGE('',*,*,#2751,.F.);
#4034=ORIENTED_EDGE('',*,*,#3038,.T.);
#4035=ORIENTED_EDGE('',*,*,#2753,.F.);
#4036=ORIENTED_EDGE('',*,*,#2696,.F.);
#4037=ORIENTED_EDGE('',*,*,#3039,.T.);
#4038=ORIENTED_EDGE('',*,*,#2699,.F.);
#4039=ORIENTED_EDGE('',*,*,#2687,.T.);
#4040=ORIENTED_EDGE('',*,*,#2685,.F.);
#4041=ORIENTED_EDGE('',*,*,#3040,.T.);
#4042=ORIENTED_EDGE('',*,*,#2692,.F.);
#4043=ORIENTED_EDGE('',*,*,#2744,.F.);
#4044=ORIENTED_EDGE('',*,*,#3041,.T.);
#4045=ORIENTED_EDGE('',*,*,#2747,.F.);
#4046=ORIENTED_EDGE('',*,*,#2798,.F.);
#4047=ORIENTED_EDGE('',*,*,#3042,.T.);
#4048=ORIENTED_EDGE('',*,*,#2801,.F.);
#4049=ORIENTED_EDGE('',*,*,#2852,.F.);
#4050=ORIENTED_EDGE('',*,*,#3043,.T.);
#4051=ORIENTED_EDGE('',*,*,#2855,.F.);
#4052=ORIENTED_EDGE('',*,*,#2906,.F.);
#4053=ORIENTED_EDGE('',*,*,#3044,.T.);
#4054=ORIENTED_EDGE('',*,*,#2909,.F.);
#4055=ORIENTED_EDGE('',*,*,#2682,.T.);
#4056=ORIENTED_EDGE('',*,*,#2703,.T.);
#4057=ORIENTED_EDGE('',*,*,#2701,.T.);
#4058=ORIENTED_EDGE('',*,*,#2679,.T.);
#4059=ORIENTED_EDGE('',*,*,#2741,.T.);
#4060=ORIENTED_EDGE('',*,*,#2757,.T.);
#4061=ORIENTED_EDGE('',*,*,#2755,.T.);
#4062=ORIENTED_EDGE('',*,*,#2738,.T.);
#4063=ORIENTED_EDGE('',*,*,#2795,.T.);
#4064=ORIENTED_EDGE('',*,*,#2811,.T.);
#4065=ORIENTED_EDGE('',*,*,#2809,.T.);
#4066=ORIENTED_EDGE('',*,*,#2792,.T.);
#4067=ORIENTED_EDGE('',*,*,#2849,.T.);
#4068=ORIENTED_EDGE('',*,*,#2865,.T.);
#4069=ORIENTED_EDGE('',*,*,#2863,.T.);
#4070=ORIENTED_EDGE('',*,*,#2846,.T.);
#4071=ORIENTED_EDGE('',*,*,#2903,.T.);
#4072=ORIENTED_EDGE('',*,*,#2919,.T.);
#4073=ORIENTED_EDGE('',*,*,#2917,.T.);
#4074=ORIENTED_EDGE('',*,*,#2900,.T.);
#4075=ORIENTED_EDGE('',*,*,#3045,.T.);
#4076=ORIENTED_EDGE('',*,*,#3046,.T.);
#4077=ORIENTED_EDGE('',*,*,#3047,.T.);
#4078=ORIENTED_EDGE('',*,*,#3048,.T.);
#4079=ORIENTED_EDGE('',*,*,#2956,.T.);
#4080=ORIENTED_EDGE('',*,*,#2975,.T.);
#4081=ORIENTED_EDGE('',*,*,#2973,.T.);
#4082=ORIENTED_EDGE('',*,*,#2953,.T.);
#4083=ORIENTED_EDGE('',*,*,#3017,.T.);
#4084=ORIENTED_EDGE('',*,*,#3049,.T.);
#4085=ORIENTED_EDGE('',*,*,#3050,.T.);
#4086=ORIENTED_EDGE('',*,*,#3014,.T.);
#4087=ORIENTED_EDGE('',*,*,#2987,.F.);
#4088=ORIENTED_EDGE('',*,*,#2960,.T.);
#4089=ORIENTED_EDGE('',*,*,#3022,.T.);
#4090=ORIENTED_EDGE('',*,*,#3051,.T.);
#4091=ORIENTED_EDGE('',*,*,#3052,.F.);
#4092=ORIENTED_EDGE('',*,*,#3053,.T.);
#4093=ORIENTED_EDGE('',*,*,#3032,.T.);
#4094=ORIENTED_EDGE('',*,*,#2970,.T.);
#4095=ORIENTED_EDGE('',*,*,#2931,.F.);
#4096=ORIENTED_EDGE('',*,*,#2914,.T.);
#4097=ORIENTED_EDGE('',*,*,#3034,.T.);
#4098=ORIENTED_EDGE('',*,*,#3054,.T.);
#4099=ORIENTED_EDGE('',*,*,#3010,.F.);
#4100=ORIENTED_EDGE('',*,*,#3015,.F.);
#4101=ORIENTED_EDGE('',*,*,#3050,.F.);
#4102=ORIENTED_EDGE('',*,*,#3055,.F.);
#4103=ORIENTED_EDGE('',*,*,#3007,.F.);
#4104=ORIENTED_EDGE('',*,*,#3055,.T.);
#4105=ORIENTED_EDGE('',*,*,#3049,.F.);
#4106=ORIENTED_EDGE('',*,*,#3016,.F.);
#4107=ORIENTED_EDGE('',*,*,#2658,.F.);
#4108=ORIENTED_EDGE('',*,*,#3056,.F.);
#4109=ORIENTED_EDGE('',*,*,#3057,.F.);
#4110=ORIENTED_EDGE('',*,*,#2655,.F.);
#4111=ORIENTED_EDGE('',*,*,#3058,.T.);
#4112=ORIENTED_EDGE('',*,*,#2997,.F.);
#4113=ORIENTED_EDGE('',*,*,#3059,.F.);
#4114=ORIENTED_EDGE('',*,*,#3060,.T.);
#4115=ORIENTED_EDGE('',*,*,#3061,.T.);
#4116=ORIENTED_EDGE('',*,*,#3060,.F.);
#4117=ORIENTED_EDGE('',*,*,#3062,.F.);
#4118=ORIENTED_EDGE('',*,*,#2999,.F.);
#4119=ORIENTED_EDGE('',*,*,#3063,.T.);
#4120=ORIENTED_EDGE('',*,*,#3064,.T.);
#4121=ORIENTED_EDGE('',*,*,#3065,.T.);
#4122=ORIENTED_EDGE('',*,*,#3066,.T.);
#4123=ORIENTED_EDGE('',*,*,#2996,.T.);
#4124=ORIENTED_EDGE('',*,*,#3000,.T.);
#4125=ORIENTED_EDGE('',*,*,#3062,.T.);
#4126=ORIENTED_EDGE('',*,*,#3059,.T.);
#4127=ORIENTED_EDGE('',*,*,#2969,.T.);
#4128=ORIENTED_EDGE('',*,*,#3067,.F.);
#4129=ORIENTED_EDGE('',*,*,#3052,.T.);
#4130=ORIENTED_EDGE('',*,*,#2652,.F.);
#4131=ORIENTED_EDGE('',*,*,#2656,.F.);
#4132=ORIENTED_EDGE('',*,*,#3057,.T.);
#4133=ORIENTED_EDGE('',*,*,#3068,.T.);
#4134=ORIENTED_EDGE('',*,*,#2650,.F.);
#4135=ORIENTED_EDGE('',*,*,#3068,.F.);
#4136=ORIENTED_EDGE('',*,*,#3056,.T.);
#4137=ORIENTED_EDGE('',*,*,#2657,.T.);
#4138=ORIENTED_EDGE('',*,*,#3069,.T.);
#4139=ORIENTED_EDGE('',*,*,#3070,.F.);
#4140=ORIENTED_EDGE('',*,*,#3071,.F.);
#4141=ORIENTED_EDGE('',*,*,#3072,.T.);
#4142=ORIENTED_EDGE('',*,*,#3073,.T.);
#4143=ORIENTED_EDGE('',*,*,#3074,.T.);
#4144=ORIENTED_EDGE('',*,*,#3075,.F.);
#4145=ORIENTED_EDGE('',*,*,#3070,.T.);
#4146=ORIENTED_EDGE('',*,*,#3076,.T.);
#4147=ORIENTED_EDGE('',*,*,#3077,.T.);
#4148=ORIENTED_EDGE('',*,*,#3078,.T.);
#4149=ORIENTED_EDGE('',*,*,#3079,.F.);
#4150=ORIENTED_EDGE('',*,*,#3080,.T.);
#4151=ORIENTED_EDGE('',*,*,#3081,.T.);
#4152=ORIENTED_EDGE('',*,*,#3082,.T.);
#4153=ORIENTED_EDGE('',*,*,#3077,.F.);
#4154=ORIENTED_EDGE('',*,*,#3083,.T.);
#4155=ORIENTED_EDGE('',*,*,#3084,.T.);
#4156=ORIENTED_EDGE('',*,*,#3085,.T.);
#4157=ORIENTED_EDGE('',*,*,#3081,.F.);
#4158=ORIENTED_EDGE('',*,*,#3086,.T.);
#4159=ORIENTED_EDGE('',*,*,#3084,.F.);
#4160=ORIENTED_EDGE('',*,*,#3087,.T.);
#4161=ORIENTED_EDGE('',*,*,#3079,.T.);
#4162=ORIENTED_EDGE('',*,*,#3086,.F.);
#4163=ORIENTED_EDGE('',*,*,#3088,.T.);
#4164=ORIENTED_EDGE('',*,*,#3048,.F.);
#4165=ORIENTED_EDGE('',*,*,#3089,.T.);
#4166=ORIENTED_EDGE('',*,*,#3078,.F.);
#4167=ORIENTED_EDGE('',*,*,#3090,.T.);
#4168=ORIENTED_EDGE('',*,*,#3045,.F.);
#4169=ORIENTED_EDGE('',*,*,#3088,.F.);
#4170=ORIENTED_EDGE('',*,*,#3076,.F.);
#4171=ORIENTED_EDGE('',*,*,#3087,.F.);
#4172=ORIENTED_EDGE('',*,*,#3083,.F.);
#4173=ORIENTED_EDGE('',*,*,#3080,.F.);
#4174=ORIENTED_EDGE('',*,*,#2990,.F.);
#4175=ORIENTED_EDGE('',*,*,#3091,.T.);
#4176=ORIENTED_EDGE('',*,*,#3024,.T.);
#4177=ORIENTED_EDGE('',*,*,#2962,.T.);
#4178=ORIENTED_EDGE('',*,*,#3092,.F.);
#4179=ORIENTED_EDGE('',*,*,#3093,.T.);
#4180=ORIENTED_EDGE('',*,*,#3026,.T.);
#4181=ORIENTED_EDGE('',*,*,#3094,.T.);
#4182=ORIENTED_EDGE('',*,*,#3093,.F.);
#4183=ORIENTED_EDGE('',*,*,#3095,.F.);
#4184=ORIENTED_EDGE('',*,*,#3096,.F.);
#4185=ORIENTED_EDGE('',*,*,#3027,.F.);
#4186=ORIENTED_EDGE('',*,*,#3097,.F.);
#4187=ORIENTED_EDGE('',*,*,#3098,.T.);
#4188=ORIENTED_EDGE('',*,*,#3028,.T.);
#4189=ORIENTED_EDGE('',*,*,#3096,.T.);
#4190=ORIENTED_EDGE('',*,*,#2991,.F.);
#4191=ORIENTED_EDGE('',*,*,#2968,.T.);
#4192=ORIENTED_EDGE('',*,*,#3030,.T.);
#4193=ORIENTED_EDGE('',*,*,#3099,.T.);
#4194=ORIENTED_EDGE('',*,*,#3085,.F.);
#4195=ORIENTED_EDGE('',*,*,#3089,.F.);
#4196=ORIENTED_EDGE('',*,*,#3047,.F.);
#4197=ORIENTED_EDGE('',*,*,#3100,.F.);
#4198=ORIENTED_EDGE('',*,*,#3082,.F.);
#4199=ORIENTED_EDGE('',*,*,#3100,.T.);
#4200=ORIENTED_EDGE('',*,*,#3046,.F.);
#4201=ORIENTED_EDGE('',*,*,#3090,.F.);
#4202=ORIENTED_EDGE('',*,*,#3101,.F.);
#4203=ORIENTED_EDGE('',*,*,#2603,.F.);
#4204=ORIENTED_EDGE('',*,*,#2606,.F.);
#4205=ORIENTED_EDGE('',*,*,#3102,.F.);
#4206=ORIENTED_EDGE('',*,*,#3103,.T.);
#4207=ORIENTED_EDGE('',*,*,#3072,.F.);
#4208=ORIENTED_EDGE('',*,*,#3104,.F.);
#4209=ORIENTED_EDGE('',*,*,#3105,.T.);
#4210=ORIENTED_EDGE('',*,*,#3106,.T.);
#4211=ORIENTED_EDGE('',*,*,#3105,.F.);
#4212=ORIENTED_EDGE('',*,*,#3107,.F.);
#4213=ORIENTED_EDGE('',*,*,#3074,.F.);
#4214=ORIENTED_EDGE('',*,*,#3108,.T.);
#4215=ORIENTED_EDGE('',*,*,#3109,.T.);
#4216=ORIENTED_EDGE('',*,*,#3110,.T.);
#4217=ORIENTED_EDGE('',*,*,#3111,.T.);
#4218=ORIENTED_EDGE('',*,*,#3071,.T.);
#4219=ORIENTED_EDGE('',*,*,#3075,.T.);
#4220=ORIENTED_EDGE('',*,*,#3107,.T.);
#4221=ORIENTED_EDGE('',*,*,#3104,.T.);
#4222=ORIENTED_EDGE('',*,*,#3097,.T.);
#4223=ORIENTED_EDGE('',*,*,#3095,.T.);
#4224=ORIENTED_EDGE('',*,*,#3092,.T.);
#4225=ORIENTED_EDGE('',*,*,#3112,.F.);
#4226=ORIENTED_EDGE('',*,*,#3113,.F.);
#4227=ORIENTED_EDGE('',*,*,#3114,.F.);
#4228=ORIENTED_EDGE('',*,*,#3115,.F.);
#4229=ORIENTED_EDGE('',*,*,#2819,.F.);
#4230=ORIENTED_EDGE('',*,*,#3116,.F.);
#4231=ORIENTED_EDGE('',*,*,#3117,.T.);
#4232=ORIENTED_EDGE('',*,*,#3118,.F.);
#4233=ORIENTED_EDGE('',*,*,#3117,.F.);
#4234=ORIENTED_EDGE('',*,*,#3119,.F.);
#4235=ORIENTED_EDGE('',*,*,#3120,.T.);
#4236=ORIENTED_EDGE('',*,*,#2776,.F.);
#4237=ORIENTED_EDGE('',*,*,#2772,.F.);
#4238=ORIENTED_EDGE('',*,*,#2814,.F.);
#4239=ORIENTED_EDGE('',*,*,#2817,.F.);
#4240=ORIENTED_EDGE('',*,*,#3121,.F.);
#4241=ORIENTED_EDGE('',*,*,#3120,.F.);
#4242=ORIENTED_EDGE('',*,*,#3122,.F.);
#4243=ORIENTED_EDGE('',*,*,#2821,.F.);
#4244=ORIENTED_EDGE('',*,*,#3123,.F.);
#4245=ORIENTED_EDGE('',*,*,#2983,.F.);
#4246=ORIENTED_EDGE('',*,*,#3124,.F.);
#4247=ORIENTED_EDGE('',*,*,#3125,.T.);
#4248=ORIENTED_EDGE('',*,*,#3126,.F.);
#4249=ORIENTED_EDGE('',*,*,#3125,.F.);
#4250=ORIENTED_EDGE('',*,*,#3127,.F.);
#4251=ORIENTED_EDGE('',*,*,#3128,.T.);
#4252=ORIENTED_EDGE('',*,*,#2937,.F.);
#4253=ORIENTED_EDGE('',*,*,#2933,.F.);
#4254=ORIENTED_EDGE('',*,*,#2978,.F.);
#4255=ORIENTED_EDGE('',*,*,#2981,.F.);
#4256=ORIENTED_EDGE('',*,*,#3129,.F.);
#4257=ORIENTED_EDGE('',*,*,#3128,.F.);
#4258=ORIENTED_EDGE('',*,*,#3130,.F.);
#4259=ORIENTED_EDGE('',*,*,#2985,.F.);
#4260=ORIENTED_EDGE('',*,*,#3131,.F.);
#4261=ORIENTED_EDGE('',*,*,#3063,.F.);
#4262=ORIENTED_EDGE('',*,*,#3132,.F.);
#4263=ORIENTED_EDGE('',*,*,#3133,.T.);
#4264=ORIENTED_EDGE('',*,*,#3134,.F.);
#4265=ORIENTED_EDGE('',*,*,#3133,.F.);
#4266=ORIENTED_EDGE('',*,*,#3135,.F.);
#4267=ORIENTED_EDGE('',*,*,#3136,.T.);
#4268=ORIENTED_EDGE('',*,*,#2998,.F.);
#4269=ORIENTED_EDGE('',*,*,#2994,.F.);
#4270=ORIENTED_EDGE('',*,*,#3058,.F.);
#4271=ORIENTED_EDGE('',*,*,#3061,.F.);
#4272=ORIENTED_EDGE('',*,*,#3137,.F.);
#4273=ORIENTED_EDGE('',*,*,#3136,.F.);
#4274=ORIENTED_EDGE('',*,*,#3138,.F.);
#4275=ORIENTED_EDGE('',*,*,#3065,.F.);
#4276=ORIENTED_EDGE('',*,*,#3139,.F.);
#4277=ORIENTED_EDGE('',*,*,#2765,.F.);
#4278=ORIENTED_EDGE('',*,*,#3140,.F.);
#4279=ORIENTED_EDGE('',*,*,#3141,.T.);
#4280=ORIENTED_EDGE('',*,*,#3142,.F.);
#4281=ORIENTED_EDGE('',*,*,#3141,.F.);
#4282=ORIENTED_EDGE('',*,*,#3143,.F.);
#4283=ORIENTED_EDGE('',*,*,#3144,.T.);
#4284=ORIENTED_EDGE('',*,*,#2722,.F.);
#4285=ORIENTED_EDGE('',*,*,#2718,.F.);
#4286=ORIENTED_EDGE('',*,*,#2760,.F.);
#4287=ORIENTED_EDGE('',*,*,#2763,.F.);
#4288=ORIENTED_EDGE('',*,*,#3145,.F.);
#4289=ORIENTED_EDGE('',*,*,#3144,.F.);
#4290=ORIENTED_EDGE('',*,*,#3146,.F.);
#4291=ORIENTED_EDGE('',*,*,#2767,.F.);
#4292=ORIENTED_EDGE('',*,*,#3147,.F.);
#4293=ORIENTED_EDGE('',*,*,#2873,.F.);
#4294=ORIENTED_EDGE('',*,*,#3148,.F.);
#4295=ORIENTED_EDGE('',*,*,#3149,.T.);
#4296=ORIENTED_EDGE('',*,*,#3150,.F.);
#4297=ORIENTED_EDGE('',*,*,#3149,.F.);
#4298=ORIENTED_EDGE('',*,*,#3151,.F.);
#4299=ORIENTED_EDGE('',*,*,#3152,.T.);
#4300=ORIENTED_EDGE('',*,*,#2830,.F.);
#4301=ORIENTED_EDGE('',*,*,#2826,.F.);
#4302=ORIENTED_EDGE('',*,*,#2868,.F.);
#4303=ORIENTED_EDGE('',*,*,#2871,.F.);
#4304=ORIENTED_EDGE('',*,*,#3153,.F.);
#4305=ORIENTED_EDGE('',*,*,#3152,.F.);
#4306=ORIENTED_EDGE('',*,*,#3154,.F.);
#4307=ORIENTED_EDGE('',*,*,#2875,.F.);
#4308=ORIENTED_EDGE('',*,*,#3155,.F.);
#4309=ORIENTED_EDGE('',*,*,#3156,.F.);
#4310=ORIENTED_EDGE('',*,*,#3157,.F.);
#4311=ORIENTED_EDGE('',*,*,#3158,.T.);
#4312=ORIENTED_EDGE('',*,*,#3069,.F.);
#4313=ORIENTED_EDGE('',*,*,#3103,.F.);
#4314=ORIENTED_EDGE('',*,*,#3106,.F.);
#4315=ORIENTED_EDGE('',*,*,#3073,.F.);
#4316=ORIENTED_EDGE('',*,*,#3159,.F.);
#4317=ORIENTED_EDGE('',*,*,#3158,.F.);
#4318=ORIENTED_EDGE('',*,*,#3160,.F.);
#4319=ORIENTED_EDGE('',*,*,#3110,.F.);
#4320=ORIENTED_EDGE('',*,*,#3161,.F.);
#4321=ORIENTED_EDGE('',*,*,#3108,.F.);
#4322=ORIENTED_EDGE('',*,*,#3162,.F.);
#4323=ORIENTED_EDGE('',*,*,#3156,.T.);
#4324=ORIENTED_EDGE('',*,*,#3163,.F.);
#4325=ORIENTED_EDGE('',*,*,#2927,.F.);
#4326=ORIENTED_EDGE('',*,*,#3164,.F.);
#4327=ORIENTED_EDGE('',*,*,#3165,.T.);
#4328=ORIENTED_EDGE('',*,*,#3166,.F.);
#4329=ORIENTED_EDGE('',*,*,#3165,.F.);
#4330=ORIENTED_EDGE('',*,*,#3167,.F.);
#4331=ORIENTED_EDGE('',*,*,#3168,.T.);
#4332=ORIENTED_EDGE('',*,*,#2884,.F.);
#4333=ORIENTED_EDGE('',*,*,#2880,.F.);
#4334=ORIENTED_EDGE('',*,*,#2922,.F.);
#4335=ORIENTED_EDGE('',*,*,#2925,.F.);
#4336=ORIENTED_EDGE('',*,*,#3169,.F.);
#4337=ORIENTED_EDGE('',*,*,#3168,.F.);
#4338=ORIENTED_EDGE('',*,*,#3170,.F.);
#4339=ORIENTED_EDGE('',*,*,#2929,.F.);
#4340=ORIENTED_EDGE('',*,*,#3171,.F.);
#4341=ORIENTED_EDGE('',*,*,#2711,.F.);
#4342=ORIENTED_EDGE('',*,*,#3172,.F.);
#4343=ORIENTED_EDGE('',*,*,#3173,.T.);
#4344=ORIENTED_EDGE('',*,*,#3174,.F.);
#4345=ORIENTED_EDGE('',*,*,#3173,.F.);
#4346=ORIENTED_EDGE('',*,*,#3175,.F.);
#4347=ORIENTED_EDGE('',*,*,#3176,.T.);
#4348=ORIENTED_EDGE('',*,*,#2663,.F.);
#4349=ORIENTED_EDGE('',*,*,#2659,.F.);
#4350=ORIENTED_EDGE('',*,*,#2706,.F.);
#4351=ORIENTED_EDGE('',*,*,#2709,.F.);
#4352=ORIENTED_EDGE('',*,*,#3177,.F.);
#4353=ORIENTED_EDGE('',*,*,#3176,.F.);
#4354=ORIENTED_EDGE('',*,*,#3178,.F.);
#4355=ORIENTED_EDGE('',*,*,#2713,.F.);
#4356=ORIENTED_EDGE('',*,*,#2598,.F.);
#4357=ORIENTED_EDGE('',*,*,#3179,.F.);
#4358=ORIENTED_EDGE('',*,*,#3102,.T.);
#4359=ORIENTED_EDGE('',*,*,#2605,.T.);
#4360=ORIENTED_EDGE('',*,*,#3180,.T.);
#4361=ORIENTED_EDGE('',*,*,#3181,.T.);
#4362=ORIENTED_EDGE('',*,*,#2538,.F.);
#4363=ORIENTED_EDGE('',*,*,#3182,.F.);
#4364=ORIENTED_EDGE('',*,*,#3112,.T.);
#4365=ORIENTED_EDGE('',*,*,#3094,.F.);
#4366=ORIENTED_EDGE('',*,*,#3025,.F.);
#4367=ORIENTED_EDGE('',*,*,#3091,.F.);
#4368=ORIENTED_EDGE('',*,*,#2989,.T.);
#4369=ORIENTED_EDGE('',*,*,#2964,.F.);
#4370=ORIENTED_EDGE('',*,*,#3023,.F.);
#4371=ORIENTED_EDGE('',*,*,#2958,.F.);
#4372=ORIENTED_EDGE('',*,*,#2988,.T.);
#4373=ORIENTED_EDGE('',*,*,#3051,.F.);
#4374=ORIENTED_EDGE('',*,*,#3021,.F.);
#4375=ORIENTED_EDGE('',*,*,#3019,.F.);
#4376=ORIENTED_EDGE('',*,*,#3183,.T.);
#4377=ORIENTED_EDGE('',*,*,#2910,.F.);
#4378=ORIENTED_EDGE('',*,*,#3044,.F.);
#4379=ORIENTED_EDGE('',*,*,#2905,.F.);
#4380=ORIENTED_EDGE('',*,*,#3184,.T.);
#4381=ORIENTED_EDGE('',*,*,#2856,.F.);
#4382=ORIENTED_EDGE('',*,*,#3043,.F.);
#4383=ORIENTED_EDGE('',*,*,#2851,.F.);
#4384=ORIENTED_EDGE('',*,*,#3185,.T.);
#4385=ORIENTED_EDGE('',*,*,#2802,.F.);
#4386=ORIENTED_EDGE('',*,*,#3042,.F.);
#4387=ORIENTED_EDGE('',*,*,#2797,.F.);
#4388=ORIENTED_EDGE('',*,*,#3186,.T.);
#4389=ORIENTED_EDGE('',*,*,#2748,.F.);
#4390=ORIENTED_EDGE('',*,*,#3041,.F.);
#4391=ORIENTED_EDGE('',*,*,#2743,.F.);
#4392=ORIENTED_EDGE('',*,*,#3187,.T.);
#4393=ORIENTED_EDGE('',*,*,#2693,.F.);
#4394=ORIENTED_EDGE('',*,*,#3040,.F.);
#4395=ORIENTED_EDGE('',*,*,#2684,.F.);
#4396=ORIENTED_EDGE('',*,*,#2714,.F.);
#4397=ORIENTED_EDGE('',*,*,#3178,.T.);
#4398=ORIENTED_EDGE('',*,*,#3175,.T.);
#4399=ORIENTED_EDGE('',*,*,#3172,.T.);
#4400=ORIENTED_EDGE('',*,*,#2768,.F.);
#4401=ORIENTED_EDGE('',*,*,#3146,.T.);
#4402=ORIENTED_EDGE('',*,*,#3143,.T.);
#4403=ORIENTED_EDGE('',*,*,#3140,.T.);
#4404=ORIENTED_EDGE('',*,*,#2822,.F.);
#4405=ORIENTED_EDGE('',*,*,#3122,.T.);
#4406=ORIENTED_EDGE('',*,*,#3119,.T.);
#4407=ORIENTED_EDGE('',*,*,#3116,.T.);
#4408=ORIENTED_EDGE('',*,*,#2876,.F.);
#4409=ORIENTED_EDGE('',*,*,#3154,.T.);
#4410=ORIENTED_EDGE('',*,*,#3151,.T.);
#4411=ORIENTED_EDGE('',*,*,#3148,.T.);
#4412=ORIENTED_EDGE('',*,*,#2930,.F.);
#4413=ORIENTED_EDGE('',*,*,#3170,.T.);
#4414=ORIENTED_EDGE('',*,*,#3167,.T.);
#4415=ORIENTED_EDGE('',*,*,#3164,.T.);
#4416=ORIENTED_EDGE('',*,*,#2986,.F.);
#4417=ORIENTED_EDGE('',*,*,#3130,.T.);
#4418=ORIENTED_EDGE('',*,*,#3127,.T.);
#4419=ORIENTED_EDGE('',*,*,#3124,.T.);
#4420=ORIENTED_EDGE('',*,*,#3066,.F.);
#4421=ORIENTED_EDGE('',*,*,#3138,.T.);
#4422=ORIENTED_EDGE('',*,*,#3135,.T.);
#4423=ORIENTED_EDGE('',*,*,#3132,.T.);
#4424=ORIENTED_EDGE('',*,*,#3111,.F.);
#4425=ORIENTED_EDGE('',*,*,#3160,.T.);
#4426=ORIENTED_EDGE('',*,*,#3157,.T.);
#4427=ORIENTED_EDGE('',*,*,#3162,.T.);
#4428=ORIENTED_EDGE('',*,*,#2698,.T.);
#4429=ORIENTED_EDGE('',*,*,#3188,.F.);
#4430=ORIENTED_EDGE('',*,*,#3189,.F.);
#4431=ORIENTED_EDGE('',*,*,#3180,.F.);
#4432=ORIENTED_EDGE('',*,*,#2683,.T.);
#4433=ORIENTED_EDGE('',*,*,#2689,.T.);
#4434=ORIENTED_EDGE('',*,*,#2690,.T.);
#4435=ORIENTED_EDGE('',*,*,#3187,.F.);
#4436=ORIENTED_EDGE('',*,*,#2742,.T.);
#4437=ORIENTED_EDGE('',*,*,#2907,.T.);
#4438=ORIENTED_EDGE('',*,*,#3183,.F.);
#4439=ORIENTED_EDGE('',*,*,#3018,.T.);
#4440=ORIENTED_EDGE('',*,*,#2853,.T.);
#4441=ORIENTED_EDGE('',*,*,#3184,.F.);
#4442=ORIENTED_EDGE('',*,*,#2904,.T.);
#4443=ORIENTED_EDGE('',*,*,#2745,.T.);
#4444=ORIENTED_EDGE('',*,*,#3186,.F.);
#4445=ORIENTED_EDGE('',*,*,#2796,.T.);
#4446=ORIENTED_EDGE('',*,*,#2799,.T.);
#4447=ORIENTED_EDGE('',*,*,#3185,.F.);
#4448=ORIENTED_EDGE('',*,*,#2850,.T.);
#4449=ORIENTED_EDGE('',*,*,#2637,.F.);
#4450=ORIENTED_EDGE('',*,*,#2879,.F.);
#4451=ORIENTED_EDGE('',*,*,#2866,.T.);
#4452=ORIENTED_EDGE('',*,*,#2644,.T.);
#4453=ORIENTED_EDGE('',*,*,#2587,.F.);
#4454=ORIENTED_EDGE('',*,*,#2591,.F.);
#4455=ORIENTED_EDGE('',*,*,#2920,.T.);
#4456=ORIENTED_EDGE('',*,*,#3190,.T.);
#4457=ORIENTED_EDGE('',*,*,#2585,.F.);
#4458=ORIENTED_EDGE('',*,*,#3190,.F.);
#4459=ORIENTED_EDGE('',*,*,#2921,.T.);
#4460=ORIENTED_EDGE('',*,*,#2592,.T.);
#4461=ORIENTED_EDGE('',*,*,#2600,.F.);
#4462=ORIENTED_EDGE('',*,*,#2604,.F.);
#4463=ORIENTED_EDGE('',*,*,#3101,.T.);
#4464=ORIENTED_EDGE('',*,*,#3179,.T.);
#4465=ORIENTED_EDGE('',*,*,#3189,.T.);
#4466=ORIENTED_EDGE('',*,*,#3191,.T.);
#4467=ORIENTED_EDGE('',*,*,#2539,.F.);
#4468=ORIENTED_EDGE('',*,*,#3181,.F.);
#4469=ORIENTED_EDGE('',*,*,#3113,.T.);
#4470=ORIENTED_EDGE('',*,*,#3182,.T.);
#4471=ORIENTED_EDGE('',*,*,#2537,.F.);
#4472=ORIENTED_EDGE('',*,*,#3192,.F.);
#4473=ORIENTED_EDGE('',*,*,#2700,.F.);
#4474=ORIENTED_EDGE('',*,*,#3039,.F.);
#4475=ORIENTED_EDGE('',*,*,#2695,.F.);
#4476=ORIENTED_EDGE('',*,*,#2716,.T.);
#4477=ORIENTED_EDGE('',*,*,#2754,.F.);
#4478=ORIENTED_EDGE('',*,*,#3038,.F.);
#4479=ORIENTED_EDGE('',*,*,#2750,.F.);
#4480=ORIENTED_EDGE('',*,*,#2770,.T.);
#4481=ORIENTED_EDGE('',*,*,#2808,.F.);
#4482=ORIENTED_EDGE('',*,*,#3037,.F.);
#4483=ORIENTED_EDGE('',*,*,#2804,.F.);
#4484=ORIENTED_EDGE('',*,*,#2824,.T.);
#4485=ORIENTED_EDGE('',*,*,#2862,.F.);
#4486=ORIENTED_EDGE('',*,*,#3036,.F.);
#4487=ORIENTED_EDGE('',*,*,#2858,.F.);
#4488=ORIENTED_EDGE('',*,*,#2878,.T.);
#4489=ORIENTED_EDGE('',*,*,#2916,.F.);
#4490=ORIENTED_EDGE('',*,*,#3035,.F.);
#4491=ORIENTED_EDGE('',*,*,#2912,.F.);
#4492=ORIENTED_EDGE('',*,*,#2932,.T.);
#4493=ORIENTED_EDGE('',*,*,#3054,.F.);
#4494=ORIENTED_EDGE('',*,*,#3033,.F.);
#4495=ORIENTED_EDGE('',*,*,#3053,.F.);
#4496=ORIENTED_EDGE('',*,*,#3067,.T.);
#4497=ORIENTED_EDGE('',*,*,#2972,.F.);
#4498=ORIENTED_EDGE('',*,*,#3031,.F.);
#4499=ORIENTED_EDGE('',*,*,#2966,.F.);
#4500=ORIENTED_EDGE('',*,*,#2992,.T.);
#4501=ORIENTED_EDGE('',*,*,#3099,.F.);
#4502=ORIENTED_EDGE('',*,*,#3029,.F.);
#4503=ORIENTED_EDGE('',*,*,#3098,.F.);
#4504=ORIENTED_EDGE('',*,*,#3114,.T.);
#4505=ORIENTED_EDGE('',*,*,#3192,.T.);
#4506=ORIENTED_EDGE('',*,*,#2536,.F.);
#4507=ORIENTED_EDGE('',*,*,#3191,.F.);
#4508=ORIENTED_EDGE('',*,*,#3188,.T.);
#4509=ORIENTED_EDGE('',*,*,#3171,.T.);
#4510=ORIENTED_EDGE('',*,*,#3174,.T.);
#4511=ORIENTED_EDGE('',*,*,#3177,.T.);
#4512=ORIENTED_EDGE('',*,*,#2712,.F.);
#4513=ORIENTED_EDGE('',*,*,#3139,.T.);
#4514=ORIENTED_EDGE('',*,*,#3142,.T.);
#4515=ORIENTED_EDGE('',*,*,#3145,.T.);
#4516=ORIENTED_EDGE('',*,*,#2766,.F.);
#4517=ORIENTED_EDGE('',*,*,#3115,.T.);
#4518=ORIENTED_EDGE('',*,*,#3118,.T.);
#4519=ORIENTED_EDGE('',*,*,#3121,.T.);
#4520=ORIENTED_EDGE('',*,*,#2820,.F.);
#4521=ORIENTED_EDGE('',*,*,#3147,.T.);
#4522=ORIENTED_EDGE('',*,*,#3150,.T.);
#4523=ORIENTED_EDGE('',*,*,#3153,.T.);
#4524=ORIENTED_EDGE('',*,*,#2874,.F.);
#4525=ORIENTED_EDGE('',*,*,#3163,.T.);
#4526=ORIENTED_EDGE('',*,*,#3166,.T.);
#4527=ORIENTED_EDGE('',*,*,#3169,.T.);
#4528=ORIENTED_EDGE('',*,*,#2928,.F.);
#4529=ORIENTED_EDGE('',*,*,#3123,.T.);
#4530=ORIENTED_EDGE('',*,*,#3126,.T.);
#4531=ORIENTED_EDGE('',*,*,#3129,.T.);
#4532=ORIENTED_EDGE('',*,*,#2984,.F.);
#4533=ORIENTED_EDGE('',*,*,#3131,.T.);
#4534=ORIENTED_EDGE('',*,*,#3134,.T.);
#4535=ORIENTED_EDGE('',*,*,#3137,.T.);
#4536=ORIENTED_EDGE('',*,*,#3064,.F.);
#4537=ORIENTED_EDGE('',*,*,#3161,.T.);
#4538=ORIENTED_EDGE('',*,*,#3155,.T.);
#4539=ORIENTED_EDGE('',*,*,#3159,.T.);
#4540=ORIENTED_EDGE('',*,*,#3109,.F.);
#4541=PLANE('',#5083);
#4542=PLANE('',#5084);
#4543=PLANE('',#5085);
#4544=PLANE('',#5086);
#4545=PLANE('',#5087);
#4546=PLANE('',#5088);
#4547=PLANE('',#5089);
#4548=PLANE('',#5090);
#4549=PLANE('',#5091);
#4550=PLANE('',#5092);
#4551=PLANE('',#5093);
#4552=PLANE('',#5094);
#4553=PLANE('',#5095);
#4554=PLANE('',#5096);
#4555=PLANE('',#5097);
#4556=PLANE('',#5098);
#4557=PLANE('',#5099);
#4558=PLANE('',#5100);
#4559=PLANE('',#5101);
#4560=PLANE('',#5102);
#4561=PLANE('',#5103);
#4562=PLANE('',#5104);
#4563=PLANE('',#5105);
#4564=PLANE('',#5106);
#4565=PLANE('',#5107);
#4566=PLANE('',#5108);
#4567=PLANE('',#5109);
#4568=PLANE('',#5110);
#4569=PLANE('',#5111);
#4570=PLANE('',#5112);
#4571=PLANE('',#5113);
#4572=PLANE('',#5114);
#4573=PLANE('',#5115);
#4574=PLANE('',#5116);
#4575=PLANE('',#5117);
#4576=PLANE('',#5118);
#4577=PLANE('',#5119);
#4578=PLANE('',#5120);
#4579=PLANE('',#5121);
#4580=PLANE('',#5122);
#4581=PLANE('',#5123);
#4582=PLANE('',#5124);
#4583=PLANE('',#5125);
#4584=PLANE('',#5126);
#4585=PLANE('',#5127);
#4586=PLANE('',#5128);
#4587=PLANE('',#5129);
#4588=PLANE('',#5130);
#4589=PLANE('',#5131);
#4590=PLANE('',#5132);
#4591=PLANE('',#5133);
#4592=PLANE('',#5134);
#4593=PLANE('',#5135);
#4594=PLANE('',#5136);
#4595=PLANE('',#5137);
#4596=PLANE('',#5138);
#4597=PLANE('',#5139);
#4598=PLANE('',#5140);
#4599=PLANE('',#5141);
#4600=PLANE('',#5142);
#4601=PLANE('',#5143);
#4602=PLANE('',#5144);
#4603=PLANE('',#5145);
#4604=PLANE('',#5146);
#4605=PLANE('',#5147);
#4606=PLANE('',#5148);
#4607=PLANE('',#5149);
#4608=PLANE('',#5150);
#4609=PLANE('',#5151);
#4610=PLANE('',#5152);
#4611=PLANE('',#5153);
#4612=PLANE('',#5154);
#4613=PLANE('',#5155);
#4614=PLANE('',#5156);
#4615=PLANE('',#5157);
#4616=PLANE('',#5158);
#4617=PLANE('',#5159);
#4618=PLANE('',#5160);
#4619=PLANE('',#5161);
#4620=PLANE('',#5162);
#4621=PLANE('',#5163);
#4622=PLANE('',#5164);
#4623=PLANE('',#5165);
#4624=PLANE('',#5166);
#4625=PLANE('',#5167);
#4626=PLANE('',#5168);
#4627=PLANE('',#5169);
#4628=PLANE('',#5170);
#4629=PLANE('',#5171);
#4630=PLANE('',#5172);
#4631=PLANE('',#5173);
#4632=PLANE('',#5174);
#4633=PLANE('',#5175);
#4634=PLANE('',#5176);
#4635=PLANE('',#5177);
#4636=PLANE('',#5178);
#4637=PLANE('',#5179);
#4638=PLANE('',#5180);
#4639=PLANE('',#5181);
#4640=PLANE('',#5182);
#4641=PLANE('',#5183);
#4642=PLANE('',#5184);
#4643=PLANE('',#5185);
#4644=PLANE('',#5186);
#4645=PLANE('',#5187);
#4646=PLANE('',#5188);
#4647=PLANE('',#5189);
#4648=PLANE('',#5190);
#4649=PLANE('',#5191);
#4650=PLANE('',#5192);
#4651=PLANE('',#5193);
#4652=PLANE('',#5194);
#4653=PLANE('',#5195);
#4654=PLANE('',#5196);
#4655=PLANE('',#5197);
#4656=PLANE('',#5198);
#4657=PLANE('',#5199);
#4658=PLANE('',#5200);
#4659=PLANE('',#5201);
#4660=PLANE('',#5202);
#4661=PLANE('',#5203);
#4662=PLANE('',#5204);
#4663=PLANE('',#5205);
#4664=PLANE('',#5206);
#4665=PLANE('',#5207);
#4666=PLANE('',#5208);
#4667=PLANE('',#5209);
#4668=PLANE('',#5210);
#4669=PLANE('',#5211);
#4670=PLANE('',#5212);
#4671=PLANE('',#5213);
#4672=PLANE('',#5214);
#4673=PLANE('',#5215);
#4674=PLANE('',#5216);
#4675=PLANE('',#5217);
#4676=PLANE('',#5218);
#4677=PLANE('',#5219);
#4678=PLANE('',#5220);
#4679=PLANE('',#5221);
#4680=PLANE('',#5222);
#4681=PLANE('',#5223);
#4682=PLANE('',#5224);
#4683=PLANE('',#5225);
#4684=PLANE('',#5226);
#4685=PLANE('',#5227);
#4686=PLANE('',#5228);
#4687=PLANE('',#5229);
#4688=PLANE('',#5230);
#4689=PLANE('',#5231);
#4690=PLANE('',#5232);
#4691=PLANE('',#5233);
#4692=PLANE('',#5234);
#4693=PLANE('',#5235);
#4694=PLANE('',#5236);
#4695=PLANE('',#5237);
#4696=PLANE('',#5238);
#4697=PLANE('',#5239);
#4698=PLANE('',#5240);
#4699=PLANE('',#5241);
#4700=PLANE('',#5242);
#4701=PLANE('',#5243);
#4702=PLANE('',#5244);
#4703=PLANE('',#5245);
#4704=PLANE('',#5246);
#4705=PLANE('',#5247);
#4706=PLANE('',#5248);
#4707=PLANE('',#5249);
#4708=PLANE('',#5250);
#4709=PLANE('',#5251);
#4710=PLANE('',#5252);
#4711=PLANE('',#5253);
#4712=PLANE('',#5254);
#4713=PLANE('',#5255);
#4714=PLANE('',#5256);
#4715=PLANE('',#5257);
#4716=PLANE('',#5258);
#4717=PLANE('',#5259);
#4718=PLANE('',#5260);
#4719=PLANE('',#5261);
#4720=PLANE('',#5262);
#4721=PLANE('',#5263);
#4722=PLANE('',#5264);
#4723=PLANE('',#5265);
#4724=PLANE('',#5266);
#4725=PLANE('',#5267);
#4726=PLANE('',#5268);
#4727=PLANE('',#5269);
#4728=PLANE('',#5270);
#4729=PLANE('',#5271);
#4730=PLANE('',#5272);
#4731=PLANE('',#5273);
#4732=PLANE('',#5274);
#4733=PLANE('',#5275);
#4734=PLANE('',#5276);
#4735=PLANE('',#5277);
#4736=PLANE('',#5278);
#4737=PLANE('',#5279);
#4738=PLANE('',#5280);
#4739=PLANE('',#5281);
#4740=PLANE('',#5282);
#4741=PLANE('',#5283);
#4742=PLANE('',#5284);
#4743=PLANE('',#5285);
#4744=PLANE('',#5286);
#4745=PLANE('',#5287);
#4746=PLANE('',#5288);
#4747=PLANE('',#5289);
#4748=PLANE('',#5290);
#4749=PLANE('',#5291);
#4750=PLANE('',#5292);
#4751=PLANE('',#5293);
#4752=PLANE('',#5294);
#4753=PLANE('',#5295);
#4754=PLANE('',#5296);
#4755=PLANE('',#5297);
#4756=PLANE('',#5298);
#4757=PLANE('',#5299);
#4758=PLANE('',#5300);
#4759=PLANE('',#5301);
#4760=PLANE('',#5302);
#4761=PLANE('',#5303);
#4762=PLANE('',#5304);
#4763=PLANE('',#5305);
#4764=PLANE('',#5306);
#4765=PLANE('',#5307);
#4766=PLANE('',#5308);
#4767=PLANE('',#5309);
#4768=PLANE('',#5310);
#4769=PLANE('',#5311);
#4770=PLANE('',#5312);
#4771=PLANE('',#5313);
#4772=PLANE('',#5314);
#4773=PLANE('',#5315);
#4774=PLANE('',#5316);
#4775=PLANE('',#5317);
#4776=PLANE('',#5318);
#4777=PLANE('',#5319);
#4778=PLANE('',#5320);
#4779=PLANE('',#5321);
#4780=PLANE('',#5322);
#4781=PLANE('',#5323);
#4782=PLANE('',#5324);
#4783=PLANE('',#5325);
#4784=PLANE('',#5326);
#4785=PLANE('',#5327);
#4786=PLANE('',#5328);
#4787=PLANE('',#5329);
#4788=PLANE('',#5330);
#4789=PLANE('',#5331);
#4790=PLANE('',#5332);
#4791=PLANE('',#5333);
#4792=PLANE('',#5334);
#4793=PLANE('',#5335);
#4794=PLANE('',#5336);
#4795=PLANE('',#5337);
#4796=PLANE('',#5338);
#4797=PLANE('',#5339);
#4798=PLANE('',#5340);
#4799=PLANE('',#5341);
#4800=PLANE('',#5342);
#4801=PLANE('',#5343);
#4802=PLANE('',#5344);
#4803=PLANE('',#5345);
#4804=PLANE('',#5346);
#4805=ADVANCED_FACE('',(#167),#4541,.T.);
#4806=ADVANCED_FACE('',(#168),#4542,.T.);
#4807=ADVANCED_FACE('',(#169),#4543,.T.);
#4808=ADVANCED_FACE('',(#170),#4544,.T.);
#4809=ADVANCED_FACE('',(#171),#4545,.T.);
#4810=ADVANCED_FACE('',(#172),#4546,.T.);
#4811=ADVANCED_FACE('',(#173,#119,#120,#121,#122,#123,#124,#125,#126),#4547,
 .T.);
#4812=ADVANCED_FACE('',(#174),#4548,.T.);
#4813=ADVANCED_FACE('',(#175),#4549,.T.);
#4814=ADVANCED_FACE('',(#176),#4550,.T.);
#4815=ADVANCED_FACE('',(#177),#4551,.T.);
#4816=ADVANCED_FACE('',(#178),#4552,.T.);
#4817=ADVANCED_FACE('',(#179),#4553,.T.);
#4818=ADVANCED_FACE('',(#180),#4554,.T.);
#4819=ADVANCED_FACE('',(#181),#4555,.T.);
#4820=ADVANCED_FACE('',(#182),#4556,.T.);
#4821=ADVANCED_FACE('',(#183),#4557,.T.);
#4822=ADVANCED_FACE('',(#184),#4558,.T.);
#4823=ADVANCED_FACE('',(#185),#4559,.T.);
#4824=ADVANCED_FACE('',(#186),#4560,.T.);
#4825=ADVANCED_FACE('',(#187),#4561,.T.);
#4826=ADVANCED_FACE('',(#188),#4562,.T.);
#4827=ADVANCED_FACE('',(#189),#4563,.T.);
#4828=ADVANCED_FACE('',(#190),#4564,.T.);
#4829=ADVANCED_FACE('',(#191),#4565,.T.);
#4830=ADVANCED_FACE('',(#192),#4566,.T.);
#4831=ADVANCED_FACE('',(#193),#4567,.T.);
#4832=ADVANCED_FACE('',(#194),#4568,.T.);
#4833=ADVANCED_FACE('',(#195),#4569,.T.);
#4834=ADVANCED_FACE('',(#196),#4570,.T.);
#4835=ADVANCED_FACE('',(#197),#4571,.T.);
#4836=ADVANCED_FACE('',(#198),#4572,.T.);
#4837=ADVANCED_FACE('',(#199),#4573,.T.);
#4838=ADVANCED_FACE('',(#200),#4574,.T.);
#4839=ADVANCED_FACE('',(#201),#4575,.T.);
#4840=ADVANCED_FACE('',(#202),#4576,.T.);
#4841=ADVANCED_FACE('',(#203),#4577,.T.);
#4842=ADVANCED_FACE('',(#204),#4578,.T.);
#4843=ADVANCED_FACE('',(#205),#4579,.T.);
#4844=ADVANCED_FACE('',(#206),#4580,.T.);
#4845=ADVANCED_FACE('',(#207),#4581,.T.);
#4846=ADVANCED_FACE('',(#208),#4582,.T.);
#4847=ADVANCED_FACE('',(#209),#4583,.T.);
#4848=ADVANCED_FACE('',(#210),#4584,.T.);
#4849=ADVANCED_FACE('',(#211),#4585,.T.);
#4850=ADVANCED_FACE('',(#212),#4586,.T.);
#4851=ADVANCED_FACE('',(#213),#4587,.T.);
#4852=ADVANCED_FACE('',(#214),#4588,.T.);
#4853=ADVANCED_FACE('',(#215),#4589,.T.);
#4854=ADVANCED_FACE('',(#216),#4590,.T.);
#4855=ADVANCED_FACE('',(#217),#4591,.T.);
#4856=ADVANCED_FACE('',(#218),#4592,.T.);
#4857=ADVANCED_FACE('',(#219),#4593,.T.);
#4858=ADVANCED_FACE('',(#220),#4594,.T.);
#4859=ADVANCED_FACE('',(#221),#4595,.T.);
#4860=ADVANCED_FACE('',(#222),#4596,.T.);
#4861=ADVANCED_FACE('',(#223),#4597,.T.);
#4862=ADVANCED_FACE('',(#224),#4598,.T.);
#4863=ADVANCED_FACE('',(#225),#4599,.T.);
#4864=ADVANCED_FACE('',(#226),#4600,.T.);
#4865=ADVANCED_FACE('',(#227),#4601,.T.);
#4866=ADVANCED_FACE('',(#228),#4602,.T.);
#4867=ADVANCED_FACE('',(#229),#4603,.T.);
#4868=ADVANCED_FACE('',(#230),#4604,.T.);
#4869=ADVANCED_FACE('',(#231),#4605,.T.);
#4870=ADVANCED_FACE('',(#232),#4606,.T.);
#4871=ADVANCED_FACE('',(#233),#4607,.T.);
#4872=ADVANCED_FACE('',(#234),#4608,.T.);
#4873=ADVANCED_FACE('',(#235,#127),#4609,.T.);
#4874=ADVANCED_FACE('',(#236),#4610,.F.);
#4875=ADVANCED_FACE('',(#237),#4611,.T.);
#4876=ADVANCED_FACE('',(#238),#4612,.T.);
#4877=ADVANCED_FACE('',(#239),#4613,.T.);
#4878=ADVANCED_FACE('',(#240),#4614,.T.);
#4879=ADVANCED_FACE('',(#241),#4615,.T.);
#4880=ADVANCED_FACE('',(#242),#4616,.T.);
#4881=ADVANCED_FACE('',(#243),#4617,.T.);
#4882=ADVANCED_FACE('',(#244),#4618,.T.);
#4883=ADVANCED_FACE('',(#245),#4619,.T.);
#4884=ADVANCED_FACE('',(#246),#4620,.T.);
#4885=ADVANCED_FACE('',(#247),#4621,.T.);
#4886=ADVANCED_FACE('',(#248),#4622,.T.);
#4887=ADVANCED_FACE('',(#249),#4623,.T.);
#4888=ADVANCED_FACE('',(#250),#4624,.T.);
#4889=ADVANCED_FACE('',(#251),#4625,.T.);
#4890=ADVANCED_FACE('',(#252),#4626,.T.);
#4891=ADVANCED_FACE('',(#253),#4627,.T.);
#4892=ADVANCED_FACE('',(#254),#4628,.T.);
#4893=ADVANCED_FACE('',(#255),#4629,.T.);
#4894=ADVANCED_FACE('',(#256),#4630,.T.);
#4895=ADVANCED_FACE('',(#257,#128),#4631,.T.);
#4896=ADVANCED_FACE('',(#258),#4632,.F.);
#4897=ADVANCED_FACE('',(#259),#4633,.T.);
#4898=ADVANCED_FACE('',(#260),#4634,.T.);
#4899=ADVANCED_FACE('',(#261),#4635,.T.);
#4900=ADVANCED_FACE('',(#262),#4636,.T.);
#4901=ADVANCED_FACE('',(#263),#4637,.T.);
#4902=ADVANCED_FACE('',(#264),#4638,.T.);
#4903=ADVANCED_FACE('',(#265),#4639,.T.);
#4904=ADVANCED_FACE('',(#266),#4640,.T.);
#4905=ADVANCED_FACE('',(#267),#4641,.T.);
#4906=ADVANCED_FACE('',(#268),#4642,.T.);
#4907=ADVANCED_FACE('',(#269),#4643,.T.);
#4908=ADVANCED_FACE('',(#270),#4644,.T.);
#4909=ADVANCED_FACE('',(#271),#4645,.T.);
#4910=ADVANCED_FACE('',(#272),#4646,.T.);
#4911=ADVANCED_FACE('',(#273),#4647,.T.);
#4912=ADVANCED_FACE('',(#274),#4648,.T.);
#4913=ADVANCED_FACE('',(#275),#4649,.T.);
#4914=ADVANCED_FACE('',(#276),#4650,.T.);
#4915=ADVANCED_FACE('',(#277),#4651,.T.);
#4916=ADVANCED_FACE('',(#278),#4652,.T.);
#4917=ADVANCED_FACE('',(#279,#129),#4653,.T.);
#4918=ADVANCED_FACE('',(#280),#4654,.F.);
#4919=ADVANCED_FACE('',(#281),#4655,.T.);
#4920=ADVANCED_FACE('',(#282),#4656,.T.);
#4921=ADVANCED_FACE('',(#283),#4657,.T.);
#4922=ADVANCED_FACE('',(#284),#4658,.T.);
#4923=ADVANCED_FACE('',(#285),#4659,.T.);
#4924=ADVANCED_FACE('',(#286),#4660,.T.);
#4925=ADVANCED_FACE('',(#287),#4661,.T.);
#4926=ADVANCED_FACE('',(#288),#4662,.T.);
#4927=ADVANCED_FACE('',(#289),#4663,.T.);
#4928=ADVANCED_FACE('',(#290),#4664,.T.);
#4929=ADVANCED_FACE('',(#291),#4665,.T.);
#4930=ADVANCED_FACE('',(#292),#4666,.T.);
#4931=ADVANCED_FACE('',(#293),#4667,.T.);
#4932=ADVANCED_FACE('',(#294),#4668,.T.);
#4933=ADVANCED_FACE('',(#295),#4669,.T.);
#4934=ADVANCED_FACE('',(#296),#4670,.T.);
#4935=ADVANCED_FACE('',(#297),#4671,.T.);
#4936=ADVANCED_FACE('',(#298),#4672,.T.);
#4937=ADVANCED_FACE('',(#299),#4673,.T.);
#4938=ADVANCED_FACE('',(#300),#4674,.T.);
#4939=ADVANCED_FACE('',(#301,#130),#4675,.T.);
#4940=ADVANCED_FACE('',(#302),#4676,.F.);
#4941=ADVANCED_FACE('',(#303),#4677,.T.);
#4942=ADVANCED_FACE('',(#304),#4678,.T.);
#4943=ADVANCED_FACE('',(#305),#4679,.T.);
#4944=ADVANCED_FACE('',(#306),#4680,.T.);
#4945=ADVANCED_FACE('',(#307),#4681,.T.);
#4946=ADVANCED_FACE('',(#308),#4682,.T.);
#4947=ADVANCED_FACE('',(#309),#4683,.T.);
#4948=ADVANCED_FACE('',(#310),#4684,.T.);
#4949=ADVANCED_FACE('',(#311),#4685,.T.);
#4950=ADVANCED_FACE('',(#312),#4686,.T.);
#4951=ADVANCED_FACE('',(#313),#4687,.T.);
#4952=ADVANCED_FACE('',(#314),#4688,.T.);
#4953=ADVANCED_FACE('',(#315),#4689,.T.);
#4954=ADVANCED_FACE('',(#316),#4690,.T.);
#4955=ADVANCED_FACE('',(#317),#4691,.T.);
#4956=ADVANCED_FACE('',(#318),#4692,.T.);
#4957=ADVANCED_FACE('',(#319),#4693,.T.);
#4958=ADVANCED_FACE('',(#320),#4694,.T.);
#4959=ADVANCED_FACE('',(#321),#4695,.T.);
#4960=ADVANCED_FACE('',(#322,#131),#4696,.T.);
#4961=ADVANCED_FACE('',(#323),#4697,.F.);
#4962=ADVANCED_FACE('',(#324),#4698,.T.);
#4963=ADVANCED_FACE('',(#325),#4699,.T.);
#4964=ADVANCED_FACE('',(#326),#4700,.T.);
#4965=ADVANCED_FACE('',(#327),#4701,.T.);
#4966=ADVANCED_FACE('',(#328),#4702,.T.);
#4967=ADVANCED_FACE('',(#329),#4703,.T.);
#4968=ADVANCED_FACE('',(#330),#4704,.T.);
#4969=ADVANCED_FACE('',(#331),#4705,.T.);
#4970=ADVANCED_FACE('',(#332),#4706,.T.);
#4971=ADVANCED_FACE('',(#333),#4707,.T.);
#4972=ADVANCED_FACE('',(#334),#4708,.T.);
#4973=ADVANCED_FACE('',(#335),#4709,.T.);
#4974=ADVANCED_FACE('',(#336),#4710,.T.);
#4975=ADVANCED_FACE('',(#337),#4711,.T.);
#4976=ADVANCED_FACE('',(#338),#4712,.T.);
#4977=ADVANCED_FACE('',(#339),#4713,.T.);
#4978=ADVANCED_FACE('',(#340),#4714,.T.);
#4979=ADVANCED_FACE('',(#341),#4715,.T.);
#4980=ADVANCED_FACE('',(#342,#132),#4716,.T.);
#4981=ADVANCED_FACE('',(#343),#4717,.F.);
#4982=ADVANCED_FACE('',(#344),#4718,.F.);
#4983=ADVANCED_FACE('',(#345),#4719,.F.);
#4984=ADVANCED_FACE('',(#346),#4720,.T.);
#4985=ADVANCED_FACE('',(#347),#4721,.T.);
#4986=ADVANCED_FACE('',(#348),#4722,.T.);
#4987=ADVANCED_FACE('',(#349),#4723,.T.);
#4988=ADVANCED_FACE('',(#350),#4724,.T.);
#4989=ADVANCED_FACE('',(#351),#4725,.T.);
#4990=ADVANCED_FACE('',(#352),#4726,.T.);
#4991=ADVANCED_FACE('',(#353),#4727,.T.);
#4992=ADVANCED_FACE('',(#354),#4728,.T.);
#4993=ADVANCED_FACE('',(#355),#4729,.T.);
#4994=ADVANCED_FACE('',(#356),#4730,.T.);
#4995=ADVANCED_FACE('',(#357),#4731,.T.);
#4996=ADVANCED_FACE('',(#358,#133,#134,#135,#136,#137,#138,#139,#140),#4732,
 .F.);
#4997=ADVANCED_FACE('',(#359),#4733,.T.);
#4998=ADVANCED_FACE('',(#360),#4734,.T.);
#4999=ADVANCED_FACE('',(#361),#4735,.T.);
#5000=ADVANCED_FACE('',(#362),#4736,.T.);
#5001=ADVANCED_FACE('',(#363),#4737,.T.);
#5002=ADVANCED_FACE('',(#364),#4738,.T.);
#5003=ADVANCED_FACE('',(#365),#4739,.T.);
#5004=ADVANCED_FACE('',(#366),#4740,.T.);
#5005=ADVANCED_FACE('',(#367,#141),#4741,.T.);
#5006=ADVANCED_FACE('',(#368),#4742,.F.);
#5007=ADVANCED_FACE('',(#369),#4743,.T.);
#5008=ADVANCED_FACE('',(#370),#4744,.T.);
#5009=ADVANCED_FACE('',(#371),#4745,.T.);
#5010=ADVANCED_FACE('',(#372),#4746,.T.);
#5011=ADVANCED_FACE('',(#373),#4747,.T.);
#5012=ADVANCED_FACE('',(#374),#4748,.T.);
#5013=ADVANCED_FACE('',(#375),#4749,.T.);
#5014=ADVANCED_FACE('',(#376),#4750,.T.);
#5015=ADVANCED_FACE('',(#377),#4751,.T.);
#5016=ADVANCED_FACE('',(#378),#4752,.T.);
#5017=ADVANCED_FACE('',(#379),#4753,.T.);
#5018=ADVANCED_FACE('',(#380),#4754,.T.);
#5019=ADVANCED_FACE('',(#381),#4755,.T.);
#5020=ADVANCED_FACE('',(#382),#4756,.T.);
#5021=ADVANCED_FACE('',(#383),#4757,.T.);
#5022=ADVANCED_FACE('',(#384),#4758,.T.);
#5023=ADVANCED_FACE('',(#385),#4759,.T.);
#5024=ADVANCED_FACE('',(#386),#4760,.T.);
#5025=ADVANCED_FACE('',(#387),#4761,.T.);
#5026=ADVANCED_FACE('',(#388),#4762,.T.);
#5027=ADVANCED_FACE('',(#389),#4763,.T.);
#5028=ADVANCED_FACE('',(#390,#142),#4764,.T.);
#5029=ADVANCED_FACE('',(#391),#4765,.F.);
#5030=ADVANCED_FACE('',(#392),#4766,.F.);
#5031=ADVANCED_FACE('',(#393,#143),#4767,.F.);
#5032=ADVANCED_FACE('',(#394),#4768,.F.);
#5033=ADVANCED_FACE('',(#395),#4769,.F.);
#5034=ADVANCED_FACE('',(#396,#144),#4770,.F.);
#5035=ADVANCED_FACE('',(#397),#4771,.F.);
#5036=ADVANCED_FACE('',(#398),#4772,.F.);
#5037=ADVANCED_FACE('',(#399,#145),#4773,.F.);
#5038=ADVANCED_FACE('',(#400),#4774,.F.);
#5039=ADVANCED_FACE('',(#401),#4775,.F.);
#5040=ADVANCED_FACE('',(#402,#146),#4776,.F.);
#5041=ADVANCED_FACE('',(#403),#4777,.F.);
#5042=ADVANCED_FACE('',(#404),#4778,.F.);
#5043=ADVANCED_FACE('',(#405,#147),#4779,.F.);
#5044=ADVANCED_FACE('',(#406),#4780,.F.);
#5045=ADVANCED_FACE('',(#407,#148),#4781,.F.);
#5046=ADVANCED_FACE('',(#408),#4782,.F.);
#5047=ADVANCED_FACE('',(#409),#4783,.F.);
#5048=ADVANCED_FACE('',(#410),#4784,.F.);
#5049=ADVANCED_FACE('',(#411,#149),#4785,.F.);
#5050=ADVANCED_FACE('',(#412),#4786,.F.);
#5051=ADVANCED_FACE('',(#413),#4787,.F.);
#5052=ADVANCED_FACE('',(#414,#150),#4788,.F.);
#5053=ADVANCED_FACE('',(#415),#4789,.F.);
#5054=ADVANCED_FACE('',(#416),#4790,.T.);
#5055=ADVANCED_FACE('',(#417,#151,#152,#153,#154,#155,#156,#157,#158),#4791,
 .T.);
#5056=ADVANCED_FACE('',(#418),#4792,.F.);
#5057=ADVANCED_FACE('',(#419),#4793,.F.);
#5058=ADVANCED_FACE('',(#420),#4794,.F.);
#5059=ADVANCED_FACE('',(#421),#4795,.F.);
#5060=ADVANCED_FACE('',(#422),#4796,.F.);
#5061=ADVANCED_FACE('',(#423),#4797,.F.);
#5062=ADVANCED_FACE('',(#424),#4798,.T.);
#5063=ADVANCED_FACE('',(#425),#4799,.T.);
#5064=ADVANCED_FACE('',(#426),#4800,.T.);
#5065=ADVANCED_FACE('',(#427),#4801,.T.);
#5066=ADVANCED_FACE('',(#428),#4802,.T.);
#5067=ADVANCED_FACE('',(#429),#4803,.T.);
#5068=ADVANCED_FACE('',(#430,#159,#160,#161,#162,#163,#164,#165,#166),#4804,
 .T.);
#5069=CLOSED_SHELL('',(#4805,#4806,#4807,#4808,#4809,#4810,#4811,#4812,
#4813,#4814,#4815,#4816,#4817,#4818,#4819,#4820,#4821,#4822,#4823,#4824,
#4825,#4826,#4827,#4828,#4829,#4830,#4831,#4832,#4833,#4834,#4835,#4836,
#4837,#4838,#4839,#4840,#4841,#4842,#4843,#4844,#4845,#4846,#4847,#4848,
#4849,#4850,#4851,#4852,#4853,#4854,#4855,#4856,#4857,#4858,#4859,#4860,
#4861,#4862,#4863,#4864,#4865,#4866,#4867,#4868,#4869,#4870,#4871,#4872,
#4873,#4874,#4875,#4876,#4877,#4878,#4879,#4880,#4881,#4882,#4883,#4884,
#4885,#4886,#4887,#4888,#4889,#4890,#4891,#4892,#4893,#4894,#4895,#4896,
#4897,#4898,#4899,#4900,#4901,#4902,#4903,#4904,#4905,#4906,#4907,#4908,
#4909,#4910,#4911,#4912,#4913,#4914,#4915,#4916,#4917,#4918,#4919,#4920,
#4921,#4922,#4923,#4924,#4925,#4926,#4927,#4928,#4929,#4930,#4931,#4932,
#4933,#4934,#4935,#4936,#4937,#4938,#4939,#4940,#4941,#4942,#4943,#4944,
#4945,#4946,#4947,#4948,#4949,#4950,#4951,#4952,#4953,#4954,#4955,#4956,
#4957,#4958,#4959,#4960,#4961,#4962,#4963,#4964,#4965,#4966,#4967,#4968,
#4969,#4970,#4971,#4972,#4973,#4974,#4975,#4976,#4977,#4978,#4979,#4980,
#4981,#4982,#4983,#4984,#4985,#4986,#4987,#4988,#4989,#4990,#4991,#4992,
#4993,#4994,#4995,#4996,#4997,#4998,#4999,#5000,#5001,#5002,#5003,#5004,
#5005,#5006,#5007,#5008,#5009,#5010,#5011,#5012,#5013,#5014,#5015,#5016,
#5017,#5018,#5019,#5020,#5021,#5022,#5023,#5024,#5025,#5026,#5027,#5028,
#5029,#5030,#5031,#5032,#5033,#5034,#5035,#5036,#5037,#5038,#5039,#5040,
#5041,#5042,#5043,#5044,#5045,#5046,#5047,#5048,#5049,#5050,#5051,#5052,
#5053,#5054,#5055,#5056,#5057,#5058,#5059,#5060,#5061,#5062,#5063,#5064,
#5065,#5066,#5067,#5068));
#5070=DERIVED_UNIT_ELEMENT(#5072,1.);
#5071=DERIVED_UNIT_ELEMENT(#7923,-3.);
#5072=(
MASS_UNIT()
NAMED_UNIT(*)
SI_UNIT(.KILO.,.GRAM.)
);
#5073=DERIVED_UNIT((#5070,#5071));
#5074=MEASURE_REPRESENTATION_ITEM('density measure',
POSITIVE_RATIO_MEASURE(7850.),#5073);
#5075=PROPERTY_DEFINITION_REPRESENTATION(#5080,#5077);
#5076=PROPERTY_DEFINITION_REPRESENTATION(#5081,#5078);
#5077=REPRESENTATION('material name',(#5079),#7920);
#5078=REPRESENTATION('density',(#5074),#7920);
#5079=DESCRIPTIVE_REPRESENTATION_ITEM('Steel','Steel');
#5080=PROPERTY_DEFINITION('material property','material name',#7930);
#5081=PROPERTY_DEFINITION('material property','density of part',#7930);
#5082=AXIS2_PLACEMENT_3D('',#6551,#5347,#5348);
#5083=AXIS2_PLACEMENT_3D('',#6552,#5349,#5350);
#5084=AXIS2_PLACEMENT_3D('',#6561,#5355,#5356);
#5085=AXIS2_PLACEMENT_3D('',#6567,#5360,#5361);
#5086=AXIS2_PLACEMENT_3D('',#6573,#5365,#5366);
#5087=AXIS2_PLACEMENT_3D('',#6576,#5369,#5370);
#5088=AXIS2_PLACEMENT_3D('',#6582,#5374,#5375);
#5089=AXIS2_PLACEMENT_3D('',#6586,#5378,#5379);
#5090=AXIS2_PLACEMENT_3D('',#6651,#5412,#5413);
#5091=AXIS2_PLACEMENT_3D('',#6657,#5417,#5418);
#5092=AXIS2_PLACEMENT_3D('',#6661,#5421,#5422);
#5093=AXIS2_PLACEMENT_3D('',#6665,#5425,#5426);
#5094=AXIS2_PLACEMENT_3D('',#6667,#5428,#5429);
#5095=AXIS2_PLACEMENT_3D('',#6673,#5433,#5434);
#5096=AXIS2_PLACEMENT_3D('',#6677,#5437,#5438);
#5097=AXIS2_PLACEMENT_3D('',#6683,#5442,#5443);
#5098=AXIS2_PLACEMENT_3D('',#6687,#5446,#5447);
#5099=AXIS2_PLACEMENT_3D('',#6691,#5450,#5451);
#5100=AXIS2_PLACEMENT_3D('',#6693,#5453,#5454);
#5101=AXIS2_PLACEMENT_3D('',#6699,#5458,#5459);
#5102=AXIS2_PLACEMENT_3D('',#6703,#5462,#5463);
#5103=AXIS2_PLACEMENT_3D('',#6709,#5467,#5468);
#5104=AXIS2_PLACEMENT_3D('',#6713,#5471,#5472);
#5105=AXIS2_PLACEMENT_3D('',#6717,#5475,#5476);
#5106=AXIS2_PLACEMENT_3D('',#6719,#5478,#5479);
#5107=AXIS2_PLACEMENT_3D('',#6725,#5483,#5484);
#5108=AXIS2_PLACEMENT_3D('',#6729,#5487,#5488);
#5109=AXIS2_PLACEMENT_3D('',#6735,#5492,#5493);
#5110=AXIS2_PLACEMENT_3D('',#6739,#5496,#5497);
#5111=AXIS2_PLACEMENT_3D('',#6743,#5500,#5501);
#5112=AXIS2_PLACEMENT_3D('',#6745,#5503,#5504);
#5113=AXIS2_PLACEMENT_3D('',#6751,#5508,#5509);
#5114=AXIS2_PLACEMENT_3D('',#6755,#5512,#5513);
#5115=AXIS2_PLACEMENT_3D('',#6761,#5517,#5518);
#5116=AXIS2_PLACEMENT_3D('',#6765,#5521,#5522);
#5117=AXIS2_PLACEMENT_3D('',#6769,#5525,#5526);
#5118=AXIS2_PLACEMENT_3D('',#6771,#5528,#5529);
#5119=AXIS2_PLACEMENT_3D('',#6777,#5533,#5534);
#5120=AXIS2_PLACEMENT_3D('',#6781,#5537,#5538);
#5121=AXIS2_PLACEMENT_3D('',#6787,#5542,#5543);
#5122=AXIS2_PLACEMENT_3D('',#6791,#5546,#5547);
#5123=AXIS2_PLACEMENT_3D('',#6795,#5550,#5551);
#5124=AXIS2_PLACEMENT_3D('',#6797,#5553,#5554);
#5125=AXIS2_PLACEMENT_3D('',#6803,#5558,#5559);
#5126=AXIS2_PLACEMENT_3D('',#6807,#5562,#5563);
#5127=AXIS2_PLACEMENT_3D('',#6813,#5567,#5568);
#5128=AXIS2_PLACEMENT_3D('',#6817,#5571,#5572);
#5129=AXIS2_PLACEMENT_3D('',#6821,#5575,#5576);
#5130=AXIS2_PLACEMENT_3D('',#6823,#5578,#5579);
#5131=AXIS2_PLACEMENT_3D('',#6829,#5583,#5584);
#5132=AXIS2_PLACEMENT_3D('',#6833,#5587,#5588);
#5133=AXIS2_PLACEMENT_3D('',#6842,#5593,#5594);
#5134=AXIS2_PLACEMENT_3D('',#6848,#5598,#5599);
#5135=AXIS2_PLACEMENT_3D('',#6857,#5604,#5605);
#5136=AXIS2_PLACEMENT_3D('',#6863,#5609,#5610);
#5137=AXIS2_PLACEMENT_3D('',#6869,#5614,#5615);
#5138=AXIS2_PLACEMENT_3D('',#6872,#5618,#5619);
#5139=AXIS2_PLACEMENT_3D('',#6878,#5623,#5624);
#5140=AXIS2_PLACEMENT_3D('',#6882,#5627,#5628);
#5141=AXIS2_PLACEMENT_3D('',#6883,#5629,#5630);
#5142=AXIS2_PLACEMENT_3D('',#6892,#5635,#5636);
#5143=AXIS2_PLACEMENT_3D('',#6898,#5640,#5641);
#5144=AXIS2_PLACEMENT_3D('',#6907,#5646,#5647);
#5145=AXIS2_PLACEMENT_3D('',#6916,#5652,#5653);
#5146=AXIS2_PLACEMENT_3D('',#6922,#5657,#5658);
#5147=AXIS2_PLACEMENT_3D('',#6926,#5661,#5662);
#5148=AXIS2_PLACEMENT_3D('',#6928,#5664,#5665);
#5149=AXIS2_PLACEMENT_3D('',#6932,#5668,#5669);
#5150=AXIS2_PLACEMENT_3D('',#6938,#5673,#5674);
#5151=AXIS2_PLACEMENT_3D('',#6941,#5677,#5678);
#5152=AXIS2_PLACEMENT_3D('',#6950,#5683,#5684);
#5153=AXIS2_PLACEMENT_3D('',#6954,#5687,#5688);
#5154=AXIS2_PLACEMENT_3D('',#6956,#5690,#5691);
#5155=AXIS2_PLACEMENT_3D('',#6957,#5692,#5693);
#5156=AXIS2_PLACEMENT_3D('',#6966,#5698,#5699);
#5157=AXIS2_PLACEMENT_3D('',#6972,#5703,#5704);
#5158=AXIS2_PLACEMENT_3D('',#6981,#5709,#5710);
#5159=AXIS2_PLACEMENT_3D('',#6987,#5714,#5715);
#5160=AXIS2_PLACEMENT_3D('',#6993,#5719,#5720);
#5161=AXIS2_PLACEMENT_3D('',#6996,#5723,#5724);
#5162=AXIS2_PLACEMENT_3D('',#7002,#5728,#5729);
#5163=AXIS2_PLACEMENT_3D('',#7006,#5732,#5733);
#5164=AXIS2_PLACEMENT_3D('',#7007,#5734,#5735);
#5165=AXIS2_PLACEMENT_3D('',#7013,#5739,#5740);
#5166=AXIS2_PLACEMENT_3D('',#7022,#5745,#5746);
#5167=AXIS2_PLACEMENT_3D('',#7031,#5751,#5752);
#5168=AXIS2_PLACEMENT_3D('',#7035,#5755,#5756);
#5169=AXIS2_PLACEMENT_3D('',#7039,#5759,#5760);
#5170=AXIS2_PLACEMENT_3D('',#7041,#5762,#5763);
#5171=AXIS2_PLACEMENT_3D('',#7045,#5766,#5767);
#5172=AXIS2_PLACEMENT_3D('',#7051,#5771,#5772);
#5173=AXIS2_PLACEMENT_3D('',#7054,#5775,#5776);
#5174=AXIS2_PLACEMENT_3D('',#7063,#5781,#5782);
#5175=AXIS2_PLACEMENT_3D('',#7067,#5785,#5786);
#5176=AXIS2_PLACEMENT_3D('',#7069,#5788,#5789);
#5177=AXIS2_PLACEMENT_3D('',#7070,#5790,#5791);
#5178=AXIS2_PLACEMENT_3D('',#7079,#5796,#5797);
#5179=AXIS2_PLACEMENT_3D('',#7085,#5801,#5802);
#5180=AXIS2_PLACEMENT_3D('',#7094,#5807,#5808);
#5181=AXIS2_PLACEMENT_3D('',#7100,#5812,#5813);
#5182=AXIS2_PLACEMENT_3D('',#7106,#5817,#5818);
#5183=AXIS2_PLACEMENT_3D('',#7109,#5821,#5822);
#5184=AXIS2_PLACEMENT_3D('',#7115,#5826,#5827);
#5185=AXIS2_PLACEMENT_3D('',#7119,#5830,#5831);
#5186=AXIS2_PLACEMENT_3D('',#7120,#5832,#5833);
#5187=AXIS2_PLACEMENT_3D('',#7126,#5837,#5838);
#5188=AXIS2_PLACEMENT_3D('',#7135,#5843,#5844);
#5189=AXIS2_PLACEMENT_3D('',#7144,#5849,#5850);
#5190=AXIS2_PLACEMENT_3D('',#7148,#5853,#5854);
#5191=AXIS2_PLACEMENT_3D('',#7152,#5857,#5858);
#5192=AXIS2_PLACEMENT_3D('',#7154,#5860,#5861);
#5193=AXIS2_PLACEMENT_3D('',#7158,#5864,#5865);
#5194=AXIS2_PLACEMENT_3D('',#7164,#5869,#5870);
#5195=AXIS2_PLACEMENT_3D('',#7167,#5873,#5874);
#5196=AXIS2_PLACEMENT_3D('',#7176,#5879,#5880);
#5197=AXIS2_PLACEMENT_3D('',#7180,#5883,#5884);
#5198=AXIS2_PLACEMENT_3D('',#7182,#5886,#5887);
#5199=AXIS2_PLACEMENT_3D('',#7183,#5888,#5889);
#5200=AXIS2_PLACEMENT_3D('',#7192,#5894,#5895);
#5201=AXIS2_PLACEMENT_3D('',#7198,#5899,#5900);
#5202=AXIS2_PLACEMENT_3D('',#7207,#5905,#5906);
#5203=AXIS2_PLACEMENT_3D('',#7213,#5910,#5911);
#5204=AXIS2_PLACEMENT_3D('',#7219,#5915,#5916);
#5205=AXIS2_PLACEMENT_3D('',#7222,#5919,#5920);
#5206=AXIS2_PLACEMENT_3D('',#7228,#5924,#5925);
#5207=AXIS2_PLACEMENT_3D('',#7232,#5928,#5929);
#5208=AXIS2_PLACEMENT_3D('',#7233,#5930,#5931);
#5209=AXIS2_PLACEMENT_3D('',#7239,#5935,#5936);
#5210=AXIS2_PLACEMENT_3D('',#7248,#5941,#5942);
#5211=AXIS2_PLACEMENT_3D('',#7257,#5947,#5948);
#5212=AXIS2_PLACEMENT_3D('',#7261,#5951,#5952);
#5213=AXIS2_PLACEMENT_3D('',#7265,#5955,#5956);
#5214=AXIS2_PLACEMENT_3D('',#7267,#5958,#5959);
#5215=AXIS2_PLACEMENT_3D('',#7271,#5962,#5963);
#5216=AXIS2_PLACEMENT_3D('',#7277,#5967,#5968);
#5217=AXIS2_PLACEMENT_3D('',#7280,#5971,#5972);
#5218=AXIS2_PLACEMENT_3D('',#7289,#5977,#5978);
#5219=AXIS2_PLACEMENT_3D('',#7293,#5981,#5982);
#5220=AXIS2_PLACEMENT_3D('',#7295,#5984,#5985);
#5221=AXIS2_PLACEMENT_3D('',#7304,#5990,#5991);
#5222=AXIS2_PLACEMENT_3D('',#7310,#5995,#5996);
#5223=AXIS2_PLACEMENT_3D('',#7319,#6001,#6002);
#5224=AXIS2_PLACEMENT_3D('',#7325,#6006,#6007);
#5225=AXIS2_PLACEMENT_3D('',#7331,#6011,#6012);
#5226=AXIS2_PLACEMENT_3D('',#7334,#6015,#6016);
#5227=AXIS2_PLACEMENT_3D('',#7340,#6020,#6021);
#5228=AXIS2_PLACEMENT_3D('',#7344,#6024,#6025);
#5229=AXIS2_PLACEMENT_3D('',#7345,#6026,#6027);
#5230=AXIS2_PLACEMENT_3D('',#7351,#6031,#6032);
#5231=AXIS2_PLACEMENT_3D('',#7360,#6037,#6038);
#5232=AXIS2_PLACEMENT_3D('',#7369,#6043,#6044);
#5233=AXIS2_PLACEMENT_3D('',#7373,#6047,#6048);
#5234=AXIS2_PLACEMENT_3D('',#7377,#6051,#6052);
#5235=AXIS2_PLACEMENT_3D('',#7379,#6054,#6055);
#5236=AXIS2_PLACEMENT_3D('',#7383,#6058,#6059);
#5237=AXIS2_PLACEMENT_3D('',#7389,#6063,#6064);
#5238=AXIS2_PLACEMENT_3D('',#7392,#6067,#6068);
#5239=AXIS2_PLACEMENT_3D('',#7401,#6073,#6074);
#5240=AXIS2_PLACEMENT_3D('',#7405,#6077,#6078);
#5241=AXIS2_PLACEMENT_3D('',#7414,#6083,#6084);
#5242=AXIS2_PLACEMENT_3D('',#7420,#6088,#6089);
#5243=AXIS2_PLACEMENT_3D('',#7429,#6094,#6095);
#5244=AXIS2_PLACEMENT_3D('',#7435,#6099,#6100);
#5245=AXIS2_PLACEMENT_3D('',#7441,#6104,#6105);
#5246=AXIS2_PLACEMENT_3D('',#7444,#6108,#6109);
#5247=AXIS2_PLACEMENT_3D('',#7450,#6113,#6114);
#5248=AXIS2_PLACEMENT_3D('',#7454,#6117,#6118);
#5249=AXIS2_PLACEMENT_3D('',#7455,#6119,#6120);
#5250=AXIS2_PLACEMENT_3D('',#7464,#6125,#6126);
#5251=AXIS2_PLACEMENT_3D('',#7473,#6131,#6132);
#5252=AXIS2_PLACEMENT_3D('',#7482,#6137,#6138);
#5253=AXIS2_PLACEMENT_3D('',#7491,#6143,#6144);
#5254=AXIS2_PLACEMENT_3D('',#7495,#6147,#6148);
#5255=AXIS2_PLACEMENT_3D('',#7497,#6150,#6151);
#5256=AXIS2_PLACEMENT_3D('',#7501,#6154,#6155);
#5257=AXIS2_PLACEMENT_3D('',#7507,#6159,#6160);
#5258=AXIS2_PLACEMENT_3D('',#7510,#6163,#6164);
#5259=AXIS2_PLACEMENT_3D('',#7519,#6169,#6170);
#5260=AXIS2_PLACEMENT_3D('',#7523,#6173,#6174);
#5261=AXIS2_PLACEMENT_3D('',#7527,#6177,#6178);
#5262=AXIS2_PLACEMENT_3D('',#7531,#6181,#6182);
#5263=AXIS2_PLACEMENT_3D('',#7533,#6184,#6185);
#5264=AXIS2_PLACEMENT_3D('',#7534,#6186,#6187);
#5265=AXIS2_PLACEMENT_3D('',#7543,#6192,#6193);
#5266=AXIS2_PLACEMENT_3D('',#7549,#6197,#6198);
#5267=AXIS2_PLACEMENT_3D('',#7558,#6203,#6204);
#5268=AXIS2_PLACEMENT_3D('',#7564,#6208,#6209);
#5269=AXIS2_PLACEMENT_3D('',#7570,#6213,#6214);
#5270=AXIS2_PLACEMENT_3D('',#7573,#6217,#6218);
#5271=AXIS2_PLACEMENT_3D('',#7579,#6222,#6223);
#5272=AXIS2_PLACEMENT_3D('',#7583,#6226,#6227);
#5273=AXIS2_PLACEMENT_3D('',#7584,#6228,#6229);
#5274=AXIS2_PLACEMENT_3D('',#7590,#6233,#6234);
#5275=AXIS2_PLACEMENT_3D('',#7635,#6265,#6266);
#5276=AXIS2_PLACEMENT_3D('',#7637,#6268,#6269);
#5277=AXIS2_PLACEMENT_3D('',#7641,#6272,#6273);
#5278=AXIS2_PLACEMENT_3D('',#7643,#6275,#6276);
#5279=AXIS2_PLACEMENT_3D('',#7645,#6278,#6279);
#5280=AXIS2_PLACEMENT_3D('',#7646,#6280,#6281);
#5281=AXIS2_PLACEMENT_3D('',#7650,#6284,#6285);
#5282=AXIS2_PLACEMENT_3D('',#7656,#6289,#6290);
#5283=AXIS2_PLACEMENT_3D('',#7659,#6293,#6294);
#5284=AXIS2_PLACEMENT_3D('',#7668,#6299,#6300);
#5285=AXIS2_PLACEMENT_3D('',#7670,#6302,#6303);
#5286=AXIS2_PLACEMENT_3D('',#7672,#6305,#6306);
#5287=AXIS2_PLACEMENT_3D('',#7673,#6307,#6308);
#5288=AXIS2_PLACEMENT_3D('',#7682,#6313,#6314);
#5289=AXIS2_PLACEMENT_3D('',#7688,#6318,#6319);
#5290=AXIS2_PLACEMENT_3D('',#7697,#6324,#6325);
#5291=AXIS2_PLACEMENT_3D('',#7703,#6329,#6330);
#5292=AXIS2_PLACEMENT_3D('',#7709,#6334,#6335);
#5293=AXIS2_PLACEMENT_3D('',#7712,#6338,#6339);
#5294=AXIS2_PLACEMENT_3D('',#7715,#6342,#6343);
#5295=AXIS2_PLACEMENT_3D('',#7717,#6345,#6346);
#5296=AXIS2_PLACEMENT_3D('',#7718,#6347,#6348);
#5297=AXIS2_PLACEMENT_3D('',#7720,#6350,#6351);
#5298=AXIS2_PLACEMENT_3D('',#7726,#6355,#6356);
#5299=AXIS2_PLACEMENT_3D('',#7730,#6359,#6360);
#5300=AXIS2_PLACEMENT_3D('',#7734,#6363,#6364);
#5301=AXIS2_PLACEMENT_3D('',#7736,#6366,#6367);
#5302=AXIS2_PLACEMENT_3D('',#7738,#6369,#6370);
#5303=AXIS2_PLACEMENT_3D('',#7739,#6371,#6372);
#5304=AXIS2_PLACEMENT_3D('',#7743,#6375,#6376);
#5305=AXIS2_PLACEMENT_3D('',#7749,#6380,#6381);
#5306=AXIS2_PLACEMENT_3D('',#7752,#6384,#6385);
#5307=AXIS2_PLACEMENT_3D('',#7761,#6390,#6391);
#5308=AXIS2_PLACEMENT_3D('',#7767,#6395,#6396);
#5309=AXIS2_PLACEMENT_3D('',#7773,#6400,#6401);
#5310=AXIS2_PLACEMENT_3D('',#7779,#6405,#6406);
#5311=AXIS2_PLACEMENT_3D('',#7782,#6409,#6410);
#5312=AXIS2_PLACEMENT_3D('',#7788,#6414,#6415);
#5313=AXIS2_PLACEMENT_3D('',#7794,#6419,#6420);
#5314=AXIS2_PLACEMENT_3D('',#7797,#6423,#6424);
#5315=AXIS2_PLACEMENT_3D('',#7803,#6428,#6429);
#5316=AXIS2_PLACEMENT_3D('',#7809,#6433,#6434);
#5317=AXIS2_PLACEMENT_3D('',#7812,#6437,#6438);
#5318=AXIS2_PLACEMENT_3D('',#7818,#6442,#6443);
#5319=AXIS2_PLACEMENT_3D('',#7824,#6447,#6448);
#5320=AXIS2_PLACEMENT_3D('',#7827,#6451,#6452);
#5321=AXIS2_PLACEMENT_3D('',#7833,#6456,#6457);
#5322=AXIS2_PLACEMENT_3D('',#7839,#6461,#6462);
#5323=AXIS2_PLACEMENT_3D('',#7842,#6465,#6466);
#5324=AXIS2_PLACEMENT_3D('',#7851,#6471,#6472);
#5325=AXIS2_PLACEMENT_3D('',#7854,#6475,#6476);
#5326=AXIS2_PLACEMENT_3D('',#7857,#6479,#6480);
#5327=AXIS2_PLACEMENT_3D('',#7863,#6484,#6485);
#5328=AXIS2_PLACEMENT_3D('',#7869,#6489,#6490);
#5329=AXIS2_PLACEMENT_3D('',#7872,#6493,#6494);
#5330=AXIS2_PLACEMENT_3D('',#7878,#6498,#6499);
#5331=AXIS2_PLACEMENT_3D('',#7884,#6503,#6504);
#5332=AXIS2_PLACEMENT_3D('',#7887,#6507,#6508);
#5333=AXIS2_PLACEMENT_3D('',#7889,#6510,#6511);
#5334=AXIS2_PLACEMENT_3D('',#7899,#6520,#6521);
#5335=AXIS2_PLACEMENT_3D('',#7903,#6524,#6525);
#5336=AXIS2_PLACEMENT_3D('',#7904,#6526,#6527);
#5337=AXIS2_PLACEMENT_3D('',#7905,#6528,#6529);
#5338=AXIS2_PLACEMENT_3D('',#7906,#6530,#6531);
#5339=AXIS2_PLACEMENT_3D('',#7907,#6532,#6533);
#5340=AXIS2_PLACEMENT_3D('',#7908,#6534,#6535);
#5341=AXIS2_PLACEMENT_3D('',#7909,#6536,#6537);
#5342=AXIS2_PLACEMENT_3D('',#7911,#6539,#6540);
#5343=AXIS2_PLACEMENT_3D('',#7912,#6541,#6542);
#5344=AXIS2_PLACEMENT_3D('',#7913,#6543,#6544);
#5345=AXIS2_PLACEMENT_3D('',#7915,#6546,#6547);
#5346=AXIS2_PLACEMENT_3D('',#7917,#6549,#6550);
#5347=DIRECTION('axis',(0.,0.,1.));
#5348=DIRECTION('refdir',(1.,0.,0.));
#5349=DIRECTION('center_axis',(0.,-0.707106781186547,0.707106781186548));
#5350=DIRECTION('ref_axis',(1.,0.,0.));
#5351=DIRECTION('',(-1.,0.,0.));
#5352=DIRECTION('',(0.577350269189626,-0.577350269189626,-0.577350269189625));
#5353=DIRECTION('',(1.,0.,0.));
#5354=DIRECTION('',(-0.577350269189626,-0.577350269189626,-0.577350269189625));
#5355=DIRECTION('center_axis',(0.707106781186547,1.53329341668337E-16,0.707106781186548));
#5356=DIRECTION('ref_axis',(0.707106781186548,0.,-0.707106781186547));
#5357=DIRECTION('',(2.16840434497101E-16,-1.,0.));
#5358=DIRECTION('',(0.577350269189626,0.577350269189626,-0.577350269189625));
#5359=DIRECTION('',(-2.16840434497101E-16,1.,0.));
#5360=DIRECTION('center_axis',(0.,0.707106781186547,0.707106781186548));
#5361=DIRECTION('ref_axis',(1.,0.,0.));
#5362=DIRECTION('',(1.,0.,0.));
#5363=DIRECTION('',(-0.577350269189626,0.577350269189626,-0.577350269189625));
#5364=DIRECTION('',(-1.,0.,0.));
#5365=DIRECTION('center_axis',(-0.707106781186547,0.,0.707106781186548));
#5366=DIRECTION('ref_axis',(0.707106781186548,0.,0.707106781186547));
#5367=DIRECTION('',(0.,-1.,0.));
#5368=DIRECTION('',(0.,1.,0.));
#5369=DIRECTION('center_axis',(-1.,0.,0.));
#5370=DIRECTION('ref_axis',(0.,-1.,0.));
#5371=DIRECTION('',(0.,0.,1.));
#5372=DIRECTION('',(0.,-1.,0.));
#5373=DIRECTION('',(0.,0.,1.));
#5374=DIRECTION('center_axis',(0.,-1.,0.));
#5375=DIRECTION('ref_axis',(1.,0.,0.));
#5376=DIRECTION('',(0.,0.,1.));
#5377=DIRECTION('',(1.,0.,0.));
#5378=DIRECTION('center_axis',(0.,0.,1.));
#5379=DIRECTION('ref_axis',(1.,0.,0.));
#5380=DIRECTION('',(0.,1.,0.));
#5381=DIRECTION('',(-1.,-9.2134690840262E-16,0.));
#5382=DIRECTION('',(-7.32864454565334E-17,-1.,0.));
#5383=DIRECTION('',(1.,0.,0.));
#5384=DIRECTION('',(-1.,0.,0.));
#5385=DIRECTION('',(0.,1.,0.));
#5386=DIRECTION('',(1.,0.,0.));
#5387=DIRECTION('',(2.16840434497101E-16,-1.,0.));
#5388=DIRECTION('',(1.,0.,0.));
#5389=DIRECTION('',(2.16840434497101E-16,-1.,0.));
#5390=DIRECTION('',(-1.,0.,0.));
#5391=DIRECTION('',(0.,1.,0.));
#5392=DIRECTION('',(-1.,0.,0.));
#5393=DIRECTION('',(0.,1.,0.));
#5394=DIRECTION('',(1.,0.,0.));
#5395=DIRECTION('',(2.16840434497101E-16,-1.,0.));
#5396=DIRECTION('',(-1.,0.,0.));
#5397=DIRECTION('',(0.,1.,0.));
#5398=DIRECTION('',(1.,0.,0.));
#5399=DIRECTION('',(2.16840434497101E-16,-1.,0.));
#5400=DIRECTION('',(0.,1.,0.));
#5401=DIRECTION('',(1.,0.,0.));
#5402=DIRECTION('',(2.16840434497101E-16,-1.,0.));
#5403=DIRECTION('',(-1.,0.,0.));
#5404=DIRECTION('',(-1.,0.,0.));
#5405=DIRECTION('',(0.,1.,0.));
#5406=DIRECTION('',(1.,0.,0.));
#5407=DIRECTION('',(2.16840434497101E-16,-1.,0.));
#5408=DIRECTION('',(1.,0.,0.));
#5409=DIRECTION('',(2.16840434497101E-16,-1.,0.));
#5410=DIRECTION('',(-1.,0.,0.));
#5411=DIRECTION('',(0.,1.,0.));
#5412=DIRECTION('center_axis',(0.,-0.707106781186548,0.707106781186548));
#5413=DIRECTION('ref_axis',(1.,0.,0.));
#5414=DIRECTION('',(0.577350269189626,-0.577350269189626,-0.577350269189626));
#5415=DIRECTION('',(1.,0.,0.));
#5416=DIRECTION('',(-0.577350269189626,-0.577350269189626,-0.577350269189626));
#5417=DIRECTION('center_axis',(0.707106781186547,1.53329341668337E-16,0.707106781186548));
#5418=DIRECTION('ref_axis',(0.707106781186548,0.,-0.707106781186547));
#5419=DIRECTION('',(0.577350269189626,0.577350269189626,-0.577350269189626));
#5420=DIRECTION('',(-2.16840434497101E-16,1.,0.));
#5421=DIRECTION('center_axis',(0.,0.707106781186548,0.707106781186548));
#5422=DIRECTION('ref_axis',(1.,0.,0.));
#5423=DIRECTION('',(-0.577350269189626,0.577350269189626,-0.577350269189626));
#5424=DIRECTION('',(-1.,0.,0.));
#5425=DIRECTION('center_axis',(-0.707106781186547,0.,0.707106781186548));
#5426=DIRECTION('ref_axis',(0.707106781186548,0.,0.707106781186547));
#5427=DIRECTION('',(0.,-1.,0.));
#5428=DIRECTION('center_axis',(-1.,0.,0.));
#5429=DIRECTION('ref_axis',(0.,-1.,0.));
#5430=DIRECTION('',(0.,0.,1.));
#5431=DIRECTION('',(0.,-1.,0.));
#5432=DIRECTION('',(0.,0.,1.));
#5433=DIRECTION('center_axis',(0.,-1.,0.));
#5434=DIRECTION('ref_axis',(1.,0.,0.));
#5435=DIRECTION('',(0.,0.,1.));
#5436=DIRECTION('',(1.,0.,0.));
#5437=DIRECTION('center_axis',(0.,0.707106781186547,0.707106781186548));
#5438=DIRECTION('ref_axis',(1.,0.,0.));
#5439=DIRECTION('',(-0.577350269189626,0.577350269189626,-0.577350269189625));
#5440=DIRECTION('',(-1.,0.,0.));
#5441=DIRECTION('',(0.577350269189626,0.577350269189626,-0.577350269189625));
#5442=DIRECTION('center_axis',(-0.707106781186547,0.,0.707106781186548));
#5443=DIRECTION('ref_axis',(0.707106781186548,0.,0.707106781186547));
#5444=DIRECTION('',(-0.577350269189626,-0.577350269189626,-0.577350269189625));
#5445=DIRECTION('',(0.,-1.,0.));
#5446=DIRECTION('center_axis',(0.,-0.707106781186547,0.707106781186548));
#5447=DIRECTION('ref_axis',(1.,0.,0.));
#5448=DIRECTION('',(0.577350269189626,-0.577350269189626,-0.577350269189625));
#5449=DIRECTION('',(1.,0.,0.));
#5450=DIRECTION('center_axis',(0.707106781186547,1.53329341668337E-16,0.707106781186548));
#5451=DIRECTION('ref_axis',(0.707106781186548,0.,-0.707106781186547));
#5452=DIRECTION('',(-2.16840434497101E-16,1.,0.));
#5453=DIRECTION('center_axis',(1.,2.16840434497101E-16,0.));
#5454=DIRECTION('ref_axis',(-2.16840434497101E-16,1.,0.));
#5455=DIRECTION('',(0.,0.,1.));
#5456=DIRECTION('',(-2.16840434497101E-16,1.,0.));
#5457=DIRECTION('',(0.,0.,1.));
#5458=DIRECTION('center_axis',(0.,1.,0.));
#5459=DIRECTION('ref_axis',(-1.,0.,0.));
#5460=DIRECTION('',(0.,0.,1.));
#5461=DIRECTION('',(-1.,0.,0.));
#5462=DIRECTION('center_axis',(0.,0.707106781186548,0.707106781186548));
#5463=DIRECTION('ref_axis',(1.,0.,0.));
#5464=DIRECTION('',(-0.577350269189626,0.577350269189626,-0.577350269189626));
#5465=DIRECTION('',(-1.,0.,0.));
#5466=DIRECTION('',(0.577350269189626,0.577350269189626,-0.577350269189626));
#5467=DIRECTION('center_axis',(-0.707106781186547,0.,0.707106781186548));
#5468=DIRECTION('ref_axis',(0.707106781186548,0.,0.707106781186547));
#5469=DIRECTION('',(-0.577350269189626,-0.577350269189626,-0.577350269189626));
#5470=DIRECTION('',(0.,-1.,0.));
#5471=DIRECTION('center_axis',(0.,-0.707106781186548,0.707106781186548));
#5472=DIRECTION('ref_axis',(1.,0.,0.));
#5473=DIRECTION('',(0.577350269189626,-0.577350269189626,-0.577350269189626));
#5474=DIRECTION('',(1.,0.,0.));
#5475=DIRECTION('center_axis',(0.707106781186547,1.53329341668337E-16,0.707106781186548));
#5476=DIRECTION('ref_axis',(0.707106781186548,0.,-0.707106781186547));
#5477=DIRECTION('',(-2.16840434497101E-16,1.,0.));
#5478=DIRECTION('center_axis',(1.,2.16840434497101E-16,0.));
#5479=DIRECTION('ref_axis',(-2.16840434497101E-16,1.,0.));
#5480=DIRECTION('',(0.,0.,1.));
#5481=DIRECTION('',(-2.16840434497101E-16,1.,0.));
#5482=DIRECTION('',(0.,0.,1.));
#5483=DIRECTION('center_axis',(0.,1.,0.));
#5484=DIRECTION('ref_axis',(-1.,0.,0.));
#5485=DIRECTION('',(0.,0.,1.));
#5486=DIRECTION('',(-1.,0.,0.));
#5487=DIRECTION('center_axis',(0.,-0.707106781186548,0.707106781186548));
#5488=DIRECTION('ref_axis',(1.,0.,0.));
#5489=DIRECTION('',(0.577350269189627,-0.577350269189626,-0.577350269189626));
#5490=DIRECTION('',(1.,0.,0.));
#5491=DIRECTION('',(-0.577350269189626,-0.577350269189626,-0.577350269189626));
#5492=DIRECTION('center_axis',(0.707106781186547,1.53329341668337E-16,0.707106781186548));
#5493=DIRECTION('ref_axis',(0.707106781186548,0.,-0.707106781186547));
#5494=DIRECTION('',(0.577350269189626,0.577350269189626,-0.577350269189626));
#5495=DIRECTION('',(-2.16840434497101E-16,1.,0.));
#5496=DIRECTION('center_axis',(0.,0.707106781186548,0.707106781186548));
#5497=DIRECTION('ref_axis',(1.,0.,0.));
#5498=DIRECTION('',(-0.577350269189626,0.577350269189626,-0.577350269189626));
#5499=DIRECTION('',(-1.,0.,0.));
#5500=DIRECTION('center_axis',(-0.707106781186547,0.,0.707106781186548));
#5501=DIRECTION('ref_axis',(0.707106781186548,0.,0.707106781186547));
#5502=DIRECTION('',(0.,-1.,0.));
#5503=DIRECTION('center_axis',(-1.,0.,0.));
#5504=DIRECTION('ref_axis',(0.,-1.,0.));
#5505=DIRECTION('',(0.,0.,1.));
#5506=DIRECTION('',(0.,-1.,0.));
#5507=DIRECTION('',(0.,0.,1.));
#5508=DIRECTION('center_axis',(0.,-1.,0.));
#5509=DIRECTION('ref_axis',(1.,0.,0.));
#5510=DIRECTION('',(0.,0.,1.));
#5511=DIRECTION('',(1.,0.,0.));
#5512=DIRECTION('center_axis',(0.,-0.707106781186548,0.707106781186548));
#5513=DIRECTION('ref_axis',(1.,0.,0.));
#5514=DIRECTION('',(0.577350269189626,-0.577350269189626,-0.577350269189626));
#5515=DIRECTION('',(1.,0.,0.));
#5516=DIRECTION('',(-0.577350269189626,-0.577350269189626,-0.577350269189626));
#5517=DIRECTION('center_axis',(0.707106781186547,1.53329341668337E-16,0.707106781186548));
#5518=DIRECTION('ref_axis',(0.707106781186548,0.,-0.707106781186547));
#5519=DIRECTION('',(0.577350269189626,0.577350269189626,-0.577350269189626));
#5520=DIRECTION('',(-2.16840434497101E-16,1.,0.));
#5521=DIRECTION('center_axis',(0.,0.707106781186548,0.707106781186548));
#5522=DIRECTION('ref_axis',(1.,0.,0.));
#5523=DIRECTION('',(-0.577350269189626,0.577350269189626,-0.577350269189626));
#5524=DIRECTION('',(-1.,0.,0.));
#5525=DIRECTION('center_axis',(-0.707106781186547,0.,0.707106781186548));
#5526=DIRECTION('ref_axis',(0.707106781186548,0.,0.707106781186547));
#5527=DIRECTION('',(0.,-1.,0.));
#5528=DIRECTION('center_axis',(-1.,0.,0.));
#5529=DIRECTION('ref_axis',(0.,-1.,0.));
#5530=DIRECTION('',(0.,0.,1.));
#5531=DIRECTION('',(0.,-1.,0.));
#5532=DIRECTION('',(0.,0.,1.));
#5533=DIRECTION('center_axis',(0.,-1.,0.));
#5534=DIRECTION('ref_axis',(1.,0.,0.));
#5535=DIRECTION('',(0.,0.,1.));
#5536=DIRECTION('',(1.,0.,0.));
#5537=DIRECTION('center_axis',(-0.707106781186547,0.,0.707106781186548));
#5538=DIRECTION('ref_axis',(0.707106781186548,0.,0.707106781186547));
#5539=DIRECTION('',(-0.577350269189626,-0.577350269189626,-0.577350269189625));
#5540=DIRECTION('',(0.,-1.,0.));
#5541=DIRECTION('',(-0.577350269189626,0.577350269189626,-0.577350269189625));
#5542=DIRECTION('center_axis',(0.,-0.707106781186547,0.707106781186548));
#5543=DIRECTION('ref_axis',(1.,0.,0.));
#5544=DIRECTION('',(0.577350269189626,-0.577350269189626,-0.577350269189625));
#5545=DIRECTION('',(1.,0.,0.));
#5546=DIRECTION('center_axis',(0.707106781186547,1.53329341668337E-16,0.707106781186548));
#5547=DIRECTION('ref_axis',(0.707106781186548,0.,-0.707106781186547));
#5548=DIRECTION('',(0.577350269189626,0.577350269189626,-0.577350269189625));
#5549=DIRECTION('',(-2.16840434497101E-16,1.,0.));
#5550=DIRECTION('center_axis',(0.,0.707106781186547,0.707106781186548));
#5551=DIRECTION('ref_axis',(1.,0.,0.));
#5552=DIRECTION('',(-1.,0.,0.));
#5553=DIRECTION('center_axis',(0.,1.,0.));
#5554=DIRECTION('ref_axis',(-1.,0.,0.));
#5555=DIRECTION('',(0.,0.,1.));
#5556=DIRECTION('',(-1.,0.,0.));
#5557=DIRECTION('',(0.,0.,1.));
#5558=DIRECTION('center_axis',(-1.,0.,0.));
#5559=DIRECTION('ref_axis',(0.,-1.,0.));
#5560=DIRECTION('',(0.,0.,1.));
#5561=DIRECTION('',(0.,-1.,0.));
#5562=DIRECTION('center_axis',(0.,-0.707106781186547,0.707106781186548));
#5563=DIRECTION('ref_axis',(1.,0.,0.));
#5564=DIRECTION('',(0.577350269189626,-0.577350269189626,-0.577350269189625));
#5565=DIRECTION('',(1.,0.,0.));
#5566=DIRECTION('',(-0.577350269189626,-0.577350269189626,-0.577350269189625));
#5567=DIRECTION('center_axis',(0.707106781186547,1.53329341668337E-16,0.707106781186548));
#5568=DIRECTION('ref_axis',(0.707106781186548,0.,-0.707106781186547));
#5569=DIRECTION('',(0.577350269189626,0.577350269189626,-0.577350269189625));
#5570=DIRECTION('',(-2.16840434497101E-16,1.,0.));
#5571=DIRECTION('center_axis',(0.,0.707106781186547,0.707106781186548));
#5572=DIRECTION('ref_axis',(1.,0.,0.));
#5573=DIRECTION('',(-0.577350269189626,0.577350269189626,-0.577350269189625));
#5574=DIRECTION('',(-1.,0.,0.));
#5575=DIRECTION('center_axis',(-0.707106781186547,0.,0.707106781186548));
#5576=DIRECTION('ref_axis',(0.707106781186548,0.,0.707106781186547));
#5577=DIRECTION('',(0.,-1.,0.));
#5578=DIRECTION('center_axis',(-1.,0.,0.));
#5579=DIRECTION('ref_axis',(0.,-1.,0.));
#5580=DIRECTION('',(0.,0.,1.));
#5581=DIRECTION('',(0.,-1.,0.));
#5582=DIRECTION('',(0.,0.,1.));
#5583=DIRECTION('center_axis',(0.,-1.,0.));
#5584=DIRECTION('ref_axis',(1.,0.,0.));
#5585=DIRECTION('',(0.,0.,1.));
#5586=DIRECTION('',(1.,0.,0.));
#5587=DIRECTION('center_axis',(-1.,-2.16840434497101E-16,0.));
#5588=DIRECTION('ref_axis',(-2.16840434497101E-16,1.,0.));
#5589=DIRECTION('',(-2.16840434497101E-16,1.,0.));
#5590=DIRECTION('',(0.,0.,1.));
#5591=DIRECTION('',(-2.16840434497101E-16,1.,0.));
#5592=DIRECTION('',(0.,0.,1.));
#5593=DIRECTION('center_axis',(0.,1.,0.));
#5594=DIRECTION('ref_axis',(1.,0.,0.));
#5595=DIRECTION('',(1.,0.,0.));
#5596=DIRECTION('',(0.,0.,-1.));
#5597=DIRECTION('',(1.,0.,0.));
#5598=DIRECTION('center_axis',(-0.707106781186548,-1.53329341668337E-16,
-0.707106781186547));
#5599=DIRECTION('ref_axis',(-0.707106781186547,0.,0.707106781186548));
#5600=DIRECTION('',(2.16840434497101E-16,-1.,0.));
#5601=DIRECTION('',(-0.577350269189626,-0.577350269189626,0.577350269189626));
#5602=DIRECTION('',(-2.16840434497101E-16,1.,0.));
#5603=DIRECTION('',(-0.577350269189626,0.577350269189626,0.577350269189626));
#5604=DIRECTION('center_axis',(0.,-0.707106781186548,-0.707106781186548));
#5605=DIRECTION('ref_axis',(-1.,0.,0.));
#5606=DIRECTION('',(1.,0.,0.));
#5607=DIRECTION('',(0.577350269189626,-0.577350269189626,0.577350269189626));
#5608=DIRECTION('',(-1.,0.,0.));
#5609=DIRECTION('center_axis',(0.707106781186548,0.,-0.707106781186548));
#5610=DIRECTION('ref_axis',(-0.707106781186548,0.,-0.707106781186548));
#5611=DIRECTION('',(0.,1.,0.));
#5612=DIRECTION('',(0.577350269189626,0.577350269189626,0.577350269189626));
#5613=DIRECTION('',(0.,-1.,0.));
#5614=DIRECTION('center_axis',(0.,0.707106781186548,-0.707106781186548));
#5615=DIRECTION('ref_axis',(-1.,0.,0.));
#5616=DIRECTION('',(1.,0.,0.));
#5617=DIRECTION('',(-1.,0.,0.));
#5618=DIRECTION('center_axis',(0.,1.,0.));
#5619=DIRECTION('ref_axis',(1.,0.,0.));
#5620=DIRECTION('',(0.,0.,1.));
#5621=DIRECTION('',(-1.,0.,0.));
#5622=DIRECTION('',(0.,0.,-1.));
#5623=DIRECTION('center_axis',(-1.,-2.16840434497101E-16,0.));
#5624=DIRECTION('ref_axis',(-2.16840434497101E-16,1.,0.));
#5625=DIRECTION('',(0.,0.,1.));
#5626=DIRECTION('',(2.16840434497101E-16,-1.,0.));
#5627=DIRECTION('center_axis',(0.,0.,-1.));
#5628=DIRECTION('ref_axis',(-1.,0.,0.));
#5629=DIRECTION('center_axis',(-0.707106781186547,-0.707106781186548,0.));
#5630=DIRECTION('ref_axis',(0.,0.,1.));
#5631=DIRECTION('',(0.707106781186548,-0.707106781186547,0.));
#5632=DIRECTION('',(0.,0.,-1.));
#5633=DIRECTION('',(0.707106781186548,-0.707106781186547,0.));
#5634=DIRECTION('',(0.,0.,1.));
#5635=DIRECTION('center_axis',(0.,-1.,0.));
#5636=DIRECTION('ref_axis',(1.,0.,0.));
#5637=DIRECTION('',(-1.,0.,0.));
#5638=DIRECTION('',(0.,0.,-1.));
#5639=DIRECTION('',(1.,0.,0.));
#5640=DIRECTION('center_axis',(-0.707106781186546,0.707106781186549,0.));
#5641=DIRECTION('ref_axis',(0.,0.,1.));
#5642=DIRECTION('',(-0.707106781186549,-0.707106781186546,0.));
#5643=DIRECTION('',(0.,0.,1.));
#5644=DIRECTION('',(-0.707106781186549,-0.707106781186546,0.));
#5645=DIRECTION('',(0.,0.,1.));
#5646=DIRECTION('center_axis',(0.707106781186547,0.707106781186548,0.));
#5647=DIRECTION('ref_axis',(0.,0.,-1.));
#5648=DIRECTION('',(-0.707106781186548,0.707106781186547,0.));
#5649=DIRECTION('',(0.,0.,-1.));
#5650=DIRECTION('',(-0.707106781186548,0.707106781186547,0.));
#5651=DIRECTION('',(0.,0.,-1.));
#5652=DIRECTION('center_axis',(0.707106781186546,-0.707106781186549,0.));
#5653=DIRECTION('ref_axis',(0.,0.,-1.));
#5654=DIRECTION('',(0.707106781186549,0.707106781186546,0.));
#5655=DIRECTION('',(0.707106781186549,0.707106781186546,0.));
#5656=DIRECTION('',(0.,0.,1.));
#5657=DIRECTION('center_axis',(1.,0.,0.));
#5658=DIRECTION('ref_axis',(0.,-1.,0.));
#5659=DIRECTION('',(0.,1.,0.));
#5660=DIRECTION('',(0.,0.,1.));
#5661=DIRECTION('center_axis',(0.,-1.,0.));
#5662=DIRECTION('ref_axis',(-1.,0.,0.));
#5663=DIRECTION('',(1.,0.,0.));
#5664=DIRECTION('center_axis',(0.,0.,1.));
#5665=DIRECTION('ref_axis',(1.,0.,0.));
#5666=DIRECTION('',(-2.16840434497101E-16,1.,0.));
#5667=DIRECTION('',(-1.,0.,0.));
#5668=DIRECTION('center_axis',(0.,-1.,0.));
#5669=DIRECTION('ref_axis',(-1.,0.,0.));
#5670=DIRECTION('',(-1.,0.,0.));
#5671=DIRECTION('',(-1.,0.,0.));
#5672=DIRECTION('',(0.,0.,1.));
#5673=DIRECTION('center_axis',(1.,0.,0.));
#5674=DIRECTION('ref_axis',(0.,-1.,0.));
#5675=DIRECTION('',(0.,-1.,0.));
#5676=DIRECTION('',(0.,-1.,0.));
#5677=DIRECTION('center_axis',(0.,0.,1.));
#5678=DIRECTION('ref_axis',(1.,0.,0.));
#5679=DIRECTION('',(1.,0.,0.));
#5680=DIRECTION('',(0.,1.,0.));
#5681=DIRECTION('',(-1.,0.,0.));
#5682=DIRECTION('',(0.,-1.,0.));
#5683=DIRECTION('center_axis',(0.,0.,1.));
#5684=DIRECTION('ref_axis',(1.,0.,0.));
#5685=DIRECTION('',(0.707106781186549,0.707106781186546,0.));
#5686=DIRECTION('',(0.,1.,0.));
#5687=DIRECTION('center_axis',(0.,1.,0.));
#5688=DIRECTION('ref_axis',(-1.,0.,0.));
#5689=DIRECTION('',(0.,0.,1.));
#5690=DIRECTION('center_axis',(1.,2.16840434497101E-16,0.));
#5691=DIRECTION('ref_axis',(-2.16840434497101E-16,1.,0.));
#5692=DIRECTION('center_axis',(-1.,-2.16840434497101E-16,0.));
#5693=DIRECTION('ref_axis',(-2.16840434497101E-16,1.,0.));
#5694=DIRECTION('',(-2.16840434497101E-16,1.,0.));
#5695=DIRECTION('',(0.,0.,1.));
#5696=DIRECTION('',(-2.16840434497101E-16,1.,0.));
#5697=DIRECTION('',(0.,0.,1.));
#5698=DIRECTION('center_axis',(0.,1.,0.));
#5699=DIRECTION('ref_axis',(1.,0.,0.));
#5700=DIRECTION('',(1.,0.,0.));
#5701=DIRECTION('',(0.,0.,-1.));
#5702=DIRECTION('',(1.,0.,0.));
#5703=DIRECTION('center_axis',(-0.707106781186548,-1.53329341668337E-16,
-0.707106781186547));
#5704=DIRECTION('ref_axis',(-0.707106781186547,0.,0.707106781186548));
#5705=DIRECTION('',(2.16840434497101E-16,-1.,0.));
#5706=DIRECTION('',(-0.577350269189626,-0.577350269189626,0.577350269189626));
#5707=DIRECTION('',(-2.16840434497101E-16,1.,0.));
#5708=DIRECTION('',(-0.577350269189626,0.577350269189626,0.577350269189626));
#5709=DIRECTION('center_axis',(0.,-0.707106781186548,-0.707106781186548));
#5710=DIRECTION('ref_axis',(-1.,0.,0.));
#5711=DIRECTION('',(1.,0.,0.));
#5712=DIRECTION('',(0.577350269189626,-0.577350269189626,0.577350269189626));
#5713=DIRECTION('',(-1.,0.,0.));
#5714=DIRECTION('center_axis',(0.707106781186548,0.,-0.707106781186548));
#5715=DIRECTION('ref_axis',(-0.707106781186548,0.,-0.707106781186548));
#5716=DIRECTION('',(0.,1.,0.));
#5717=DIRECTION('',(0.577350269189626,0.577350269189626,0.577350269189626));
#5718=DIRECTION('',(0.,-1.,0.));
#5719=DIRECTION('center_axis',(0.,0.707106781186548,-0.707106781186548));
#5720=DIRECTION('ref_axis',(-1.,0.,0.));
#5721=DIRECTION('',(1.,0.,0.));
#5722=DIRECTION('',(-1.,0.,0.));
#5723=DIRECTION('center_axis',(0.,1.,0.));
#5724=DIRECTION('ref_axis',(1.,0.,0.));
#5725=DIRECTION('',(0.,0.,1.));
#5726=DIRECTION('',(-1.,0.,0.));
#5727=DIRECTION('',(0.,0.,-1.));
#5728=DIRECTION('center_axis',(-1.,-2.16840434497101E-16,0.));
#5729=DIRECTION('ref_axis',(-2.16840434497101E-16,1.,0.));
#5730=DIRECTION('',(0.,0.,1.));
#5731=DIRECTION('',(2.16840434497101E-16,-1.,0.));
#5732=DIRECTION('center_axis',(0.,0.,-1.));
#5733=DIRECTION('ref_axis',(-1.,0.,0.));
#5734=DIRECTION('center_axis',(-0.707106781186547,-0.707106781186548,0.));
#5735=DIRECTION('ref_axis',(0.,0.,1.));
#5736=DIRECTION('',(0.707106781186548,-0.707106781186547,0.));
#5737=DIRECTION('',(0.,0.,-1.));
#5738=DIRECTION('',(0.707106781186548,-0.707106781186547,0.));
#5739=DIRECTION('center_axis',(-0.707106781186546,0.707106781186549,0.));
#5740=DIRECTION('ref_axis',(0.,0.,1.));
#5741=DIRECTION('',(-0.707106781186549,-0.707106781186546,0.));
#5742=DIRECTION('',(0.,0.,1.));
#5743=DIRECTION('',(-0.707106781186549,-0.707106781186546,0.));
#5744=DIRECTION('',(0.,0.,1.));
#5745=DIRECTION('center_axis',(0.707106781186547,0.707106781186548,0.));
#5746=DIRECTION('ref_axis',(0.,0.,-1.));
#5747=DIRECTION('',(-0.707106781186548,0.707106781186547,0.));
#5748=DIRECTION('',(0.,0.,-1.));
#5749=DIRECTION('',(-0.707106781186548,0.707106781186547,0.));
#5750=DIRECTION('',(0.,0.,-1.));
#5751=DIRECTION('center_axis',(0.707106781186546,-0.707106781186549,0.));
#5752=DIRECTION('ref_axis',(0.,0.,-1.));
#5753=DIRECTION('',(0.707106781186549,0.707106781186546,0.));
#5754=DIRECTION('',(0.,0.,1.));
#5755=DIRECTION('center_axis',(1.,0.,0.));
#5756=DIRECTION('ref_axis',(0.,-1.,0.));
#5757=DIRECTION('',(0.,1.,0.));
#5758=DIRECTION('',(0.,0.,1.));
#5759=DIRECTION('center_axis',(0.,-1.,0.));
#5760=DIRECTION('ref_axis',(-1.,0.,0.));
#5761=DIRECTION('',(1.,0.,0.));
#5762=DIRECTION('center_axis',(0.,0.,1.));
#5763=DIRECTION('ref_axis',(1.,0.,0.));
#5764=DIRECTION('',(-2.16840434497101E-16,1.,0.));
#5765=DIRECTION('',(-1.,0.,0.));
#5766=DIRECTION('center_axis',(0.,-1.,0.));
#5767=DIRECTION('ref_axis',(-1.,0.,0.));
#5768=DIRECTION('',(-1.,0.,0.));
#5769=DIRECTION('',(-1.,0.,0.));
#5770=DIRECTION('',(0.,0.,1.));
#5771=DIRECTION('center_axis',(1.,0.,0.));
#5772=DIRECTION('ref_axis',(0.,-1.,0.));
#5773=DIRECTION('',(0.,-1.,0.));
#5774=DIRECTION('',(0.,-1.,0.));
#5775=DIRECTION('center_axis',(0.,0.,1.));
#5776=DIRECTION('ref_axis',(1.,0.,0.));
#5777=DIRECTION('',(1.,0.,0.));
#5778=DIRECTION('',(0.,1.,0.));
#5779=DIRECTION('',(-1.,0.,0.));
#5780=DIRECTION('',(0.,-1.,0.));
#5781=DIRECTION('center_axis',(0.,0.,1.));
#5782=DIRECTION('ref_axis',(1.,0.,0.));
#5783=DIRECTION('',(0.707106781186549,0.707106781186546,0.));
#5784=DIRECTION('',(0.,1.,0.));
#5785=DIRECTION('center_axis',(0.,1.,0.));
#5786=DIRECTION('ref_axis',(-1.,0.,0.));
#5787=DIRECTION('',(0.,0.,1.));
#5788=DIRECTION('center_axis',(1.,2.16840434497101E-16,0.));
#5789=DIRECTION('ref_axis',(-2.16840434497101E-16,1.,0.));
#5790=DIRECTION('center_axis',(-1.,-2.16840434497101E-16,0.));
#5791=DIRECTION('ref_axis',(-2.16840434497101E-16,1.,0.));
#5792=DIRECTION('',(-2.16840434497101E-16,1.,0.));
#5793=DIRECTION('',(0.,0.,1.));
#5794=DIRECTION('',(-2.16840434497101E-16,1.,0.));
#5795=DIRECTION('',(0.,0.,1.));
#5796=DIRECTION('center_axis',(0.,1.,0.));
#5797=DIRECTION('ref_axis',(1.,0.,0.));
#5798=DIRECTION('',(1.,0.,0.));
#5799=DIRECTION('',(0.,0.,-1.));
#5800=DIRECTION('',(1.,0.,0.));
#5801=DIRECTION('center_axis',(-0.707106781186548,-1.53329341668337E-16,
-0.707106781186547));
#5802=DIRECTION('ref_axis',(-0.707106781186547,0.,0.707106781186548));
#5803=DIRECTION('',(2.16840434497101E-16,-1.,0.));
#5804=DIRECTION('',(-0.577350269189626,-0.577350269189626,0.577350269189626));
#5805=DIRECTION('',(-2.16840434497101E-16,1.,0.));
#5806=DIRECTION('',(-0.577350269189626,0.577350269189626,0.577350269189626));
#5807=DIRECTION('center_axis',(0.,-0.707106781186548,-0.707106781186548));
#5808=DIRECTION('ref_axis',(-1.,0.,0.));
#5809=DIRECTION('',(1.,0.,0.));
#5810=DIRECTION('',(0.577350269189626,-0.577350269189626,0.577350269189626));
#5811=DIRECTION('',(-1.,0.,0.));
#5812=DIRECTION('center_axis',(0.707106781186548,0.,-0.707106781186548));
#5813=DIRECTION('ref_axis',(-0.707106781186548,0.,-0.707106781186548));
#5814=DIRECTION('',(0.,1.,0.));
#5815=DIRECTION('',(0.577350269189626,0.577350269189626,0.577350269189626));
#5816=DIRECTION('',(0.,-1.,0.));
#5817=DIRECTION('center_axis',(0.,0.707106781186548,-0.707106781186548));
#5818=DIRECTION('ref_axis',(-1.,0.,0.));
#5819=DIRECTION('',(1.,0.,0.));
#5820=DIRECTION('',(-1.,0.,0.));
#5821=DIRECTION('center_axis',(0.,1.,0.));
#5822=DIRECTION('ref_axis',(1.,0.,0.));
#5823=DIRECTION('',(0.,0.,1.));
#5824=DIRECTION('',(-1.,0.,0.));
#5825=DIRECTION('',(0.,0.,-1.));
#5826=DIRECTION('center_axis',(-1.,-2.16840434497101E-16,0.));
#5827=DIRECTION('ref_axis',(-2.16840434497101E-16,1.,0.));
#5828=DIRECTION('',(0.,0.,1.));
#5829=DIRECTION('',(2.16840434497101E-16,-1.,0.));
#5830=DIRECTION('center_axis',(0.,0.,-1.));
#5831=DIRECTION('ref_axis',(-1.,0.,0.));
#5832=DIRECTION('center_axis',(-0.707106781186547,-0.707106781186548,0.));
#5833=DIRECTION('ref_axis',(0.,0.,1.));
#5834=DIRECTION('',(0.707106781186548,-0.707106781186547,0.));
#5835=DIRECTION('',(0.,0.,-1.));
#5836=DIRECTION('',(0.707106781186548,-0.707106781186547,0.));
#5837=DIRECTION('center_axis',(-0.707106781186546,0.707106781186549,0.));
#5838=DIRECTION('ref_axis',(0.,0.,1.));
#5839=DIRECTION('',(-0.707106781186549,-0.707106781186546,0.));
#5840=DIRECTION('',(0.,0.,1.));
#5841=DIRECTION('',(-0.707106781186549,-0.707106781186546,0.));
#5842=DIRECTION('',(0.,0.,1.));
#5843=DIRECTION('center_axis',(0.707106781186547,0.707106781186548,0.));
#5844=DIRECTION('ref_axis',(0.,0.,-1.));
#5845=DIRECTION('',(-0.707106781186548,0.707106781186547,0.));
#5846=DIRECTION('',(0.,0.,-1.));
#5847=DIRECTION('',(-0.707106781186548,0.707106781186547,0.));
#5848=DIRECTION('',(0.,0.,-1.));
#5849=DIRECTION('center_axis',(0.707106781186546,-0.707106781186549,0.));
#5850=DIRECTION('ref_axis',(0.,0.,-1.));
#5851=DIRECTION('',(0.707106781186549,0.707106781186546,0.));
#5852=DIRECTION('',(0.,0.,1.));
#5853=DIRECTION('center_axis',(1.,0.,0.));
#5854=DIRECTION('ref_axis',(0.,-1.,0.));
#5855=DIRECTION('',(0.,1.,0.));
#5856=DIRECTION('',(0.,0.,1.));
#5857=DIRECTION('center_axis',(0.,-1.,0.));
#5858=DIRECTION('ref_axis',(-1.,0.,0.));
#5859=DIRECTION('',(1.,0.,0.));
#5860=DIRECTION('center_axis',(0.,0.,1.));
#5861=DIRECTION('ref_axis',(1.,0.,0.));
#5862=DIRECTION('',(-2.16840434497101E-16,1.,0.));
#5863=DIRECTION('',(-1.,0.,0.));
#5864=DIRECTION('center_axis',(0.,-1.,0.));
#5865=DIRECTION('ref_axis',(-1.,0.,0.));
#5866=DIRECTION('',(-1.,0.,0.));
#5867=DIRECTION('',(-1.,0.,0.));
#5868=DIRECTION('',(0.,0.,1.));
#5869=DIRECTION('center_axis',(1.,0.,0.));
#5870=DIRECTION('ref_axis',(0.,-1.,0.));
#5871=DIRECTION('',(0.,-1.,0.));
#5872=DIRECTION('',(0.,-1.,0.));
#5873=DIRECTION('center_axis',(0.,0.,1.));
#5874=DIRECTION('ref_axis',(1.,0.,0.));
#5875=DIRECTION('',(1.,0.,0.));
#5876=DIRECTION('',(0.,1.,0.));
#5877=DIRECTION('',(-1.,0.,0.));
#5878=DIRECTION('',(0.,-1.,0.));
#5879=DIRECTION('center_axis',(0.,0.,1.));
#5880=DIRECTION('ref_axis',(1.,0.,0.));
#5881=DIRECTION('',(0.707106781186549,0.707106781186546,0.));
#5882=DIRECTION('',(0.,1.,0.));
#5883=DIRECTION('center_axis',(0.,1.,0.));
#5884=DIRECTION('ref_axis',(-1.,0.,0.));
#5885=DIRECTION('',(0.,0.,1.));
#5886=DIRECTION('center_axis',(1.,2.16840434497101E-16,0.));
#5887=DIRECTION('ref_axis',(-2.16840434497101E-16,1.,0.));
#5888=DIRECTION('center_axis',(-1.,-2.16840434497101E-16,0.));
#5889=DIRECTION('ref_axis',(-2.16840434497101E-16,1.,0.));
#5890=DIRECTION('',(-2.16840434497101E-16,1.,0.));
#5891=DIRECTION('',(0.,0.,1.));
#5892=DIRECTION('',(-2.16840434497101E-16,1.,0.));
#5893=DIRECTION('',(0.,0.,1.));
#5894=DIRECTION('center_axis',(0.,1.,0.));
#5895=DIRECTION('ref_axis',(1.,0.,0.));
#5896=DIRECTION('',(1.,0.,0.));
#5897=DIRECTION('',(0.,0.,-1.));
#5898=DIRECTION('',(1.,0.,0.));
#5899=DIRECTION('center_axis',(-0.707106781186548,-1.53329341668337E-16,
-0.707106781186547));
#5900=DIRECTION('ref_axis',(-0.707106781186547,0.,0.707106781186548));
#5901=DIRECTION('',(2.16840434497101E-16,-1.,0.));
#5902=DIRECTION('',(-0.577350269189626,-0.577350269189626,0.577350269189626));
#5903=DIRECTION('',(-2.16840434497101E-16,1.,0.));
#5904=DIRECTION('',(-0.577350269189626,0.577350269189626,0.577350269189626));
#5905=DIRECTION('center_axis',(0.,-0.707106781186548,-0.707106781186548));
#5906=DIRECTION('ref_axis',(-1.,0.,0.));
#5907=DIRECTION('',(1.,0.,0.));
#5908=DIRECTION('',(0.577350269189626,-0.577350269189626,0.577350269189626));
#5909=DIRECTION('',(-1.,0.,0.));
#5910=DIRECTION('center_axis',(0.707106781186548,0.,-0.707106781186548));
#5911=DIRECTION('ref_axis',(-0.707106781186548,0.,-0.707106781186548));
#5912=DIRECTION('',(0.,1.,0.));
#5913=DIRECTION('',(0.577350269189626,0.577350269189626,0.577350269189626));
#5914=DIRECTION('',(0.,-1.,0.));
#5915=DIRECTION('center_axis',(0.,0.707106781186548,-0.707106781186548));
#5916=DIRECTION('ref_axis',(-1.,0.,0.));
#5917=DIRECTION('',(1.,0.,0.));
#5918=DIRECTION('',(-1.,0.,0.));
#5919=DIRECTION('center_axis',(0.,1.,0.));
#5920=DIRECTION('ref_axis',(1.,0.,0.));
#5921=DIRECTION('',(0.,0.,1.));
#5922=DIRECTION('',(-1.,0.,0.));
#5923=DIRECTION('',(0.,0.,-1.));
#5924=DIRECTION('center_axis',(-1.,-2.16840434497101E-16,0.));
#5925=DIRECTION('ref_axis',(-2.16840434497101E-16,1.,0.));
#5926=DIRECTION('',(0.,0.,1.));
#5927=DIRECTION('',(2.16840434497101E-16,-1.,0.));
#5928=DIRECTION('center_axis',(0.,0.,-1.));
#5929=DIRECTION('ref_axis',(-1.,0.,0.));
#5930=DIRECTION('center_axis',(-0.707106781186547,-0.707106781186548,0.));
#5931=DIRECTION('ref_axis',(0.,0.,1.));
#5932=DIRECTION('',(0.707106781186548,-0.707106781186547,0.));
#5933=DIRECTION('',(0.,0.,-1.));
#5934=DIRECTION('',(0.707106781186548,-0.707106781186547,0.));
#5935=DIRECTION('center_axis',(-0.707106781186546,0.707106781186549,0.));
#5936=DIRECTION('ref_axis',(0.,0.,1.));
#5937=DIRECTION('',(-0.707106781186549,-0.707106781186546,0.));
#5938=DIRECTION('',(0.,0.,1.));
#5939=DIRECTION('',(-0.707106781186549,-0.707106781186546,0.));
#5940=DIRECTION('',(0.,0.,1.));
#5941=DIRECTION('center_axis',(0.707106781186547,0.707106781186548,0.));
#5942=DIRECTION('ref_axis',(0.,0.,-1.));
#5943=DIRECTION('',(-0.707106781186548,0.707106781186547,0.));
#5944=DIRECTION('',(0.,0.,-1.));
#5945=DIRECTION('',(-0.707106781186548,0.707106781186547,0.));
#5946=DIRECTION('',(0.,0.,-1.));
#5947=DIRECTION('center_axis',(0.707106781186546,-0.707106781186549,0.));
#5948=DIRECTION('ref_axis',(0.,0.,-1.));
#5949=DIRECTION('',(0.707106781186549,0.707106781186546,0.));
#5950=DIRECTION('',(0.,0.,1.));
#5951=DIRECTION('center_axis',(1.,0.,0.));
#5952=DIRECTION('ref_axis',(0.,-1.,0.));
#5953=DIRECTION('',(0.,1.,0.));
#5954=DIRECTION('',(0.,0.,1.));
#5955=DIRECTION('center_axis',(0.,-1.,0.));
#5956=DIRECTION('ref_axis',(-1.,0.,0.));
#5957=DIRECTION('',(1.,0.,0.));
#5958=DIRECTION('center_axis',(0.,0.,1.));
#5959=DIRECTION('ref_axis',(1.,0.,0.));
#5960=DIRECTION('',(1.,0.,0.));
#5961=DIRECTION('',(-2.16840434497101E-16,1.,0.));
#5962=DIRECTION('center_axis',(0.,-1.,0.));
#5963=DIRECTION('ref_axis',(-1.,0.,0.));
#5964=DIRECTION('',(-1.,0.,0.));
#5965=DIRECTION('',(-1.,0.,0.));
#5966=DIRECTION('',(0.,0.,1.));
#5967=DIRECTION('center_axis',(1.,0.,0.));
#5968=DIRECTION('ref_axis',(0.,-1.,0.));
#5969=DIRECTION('',(0.,-1.,0.));
#5970=DIRECTION('',(0.,-1.,0.));
#5971=DIRECTION('center_axis',(0.,0.,1.));
#5972=DIRECTION('ref_axis',(1.,0.,0.));
#5973=DIRECTION('',(1.,0.,0.));
#5974=DIRECTION('',(0.,1.,0.));
#5975=DIRECTION('',(-1.,0.,0.));
#5976=DIRECTION('',(0.,-1.,0.));
#5977=DIRECTION('center_axis',(0.,0.,1.));
#5978=DIRECTION('ref_axis',(1.,0.,0.));
#5979=DIRECTION('',(0.707106781186549,0.707106781186546,0.));
#5980=DIRECTION('',(0.,1.,0.));
#5981=DIRECTION('center_axis',(1.,2.16840434497101E-16,0.));
#5982=DIRECTION('ref_axis',(-2.16840434497101E-16,1.,0.));
#5983=DIRECTION('',(0.,0.,1.));
#5984=DIRECTION('center_axis',(-1.,-2.16840434497101E-16,0.));
#5985=DIRECTION('ref_axis',(-2.16840434497101E-16,1.,0.));
#5986=DIRECTION('',(-2.16840434497101E-16,1.,0.));
#5987=DIRECTION('',(0.,0.,1.));
#5988=DIRECTION('',(-2.16840434497101E-16,1.,0.));
#5989=DIRECTION('',(0.,0.,1.));
#5990=DIRECTION('center_axis',(0.,1.,0.));
#5991=DIRECTION('ref_axis',(1.,0.,0.));
#5992=DIRECTION('',(1.,0.,0.));
#5993=DIRECTION('',(0.,0.,-1.));
#5994=DIRECTION('',(1.,0.,0.));
#5995=DIRECTION('center_axis',(-0.707106781186548,-1.53329341668337E-16,
-0.707106781186547));
#5996=DIRECTION('ref_axis',(-0.707106781186547,0.,0.707106781186548));
#5997=DIRECTION('',(2.16840434497101E-16,-1.,0.));
#5998=DIRECTION('',(-0.577350269189626,-0.577350269189626,0.577350269189626));
#5999=DIRECTION('',(-2.16840434497101E-16,1.,0.));
#6000=DIRECTION('',(-0.577350269189626,0.577350269189626,0.577350269189626));
#6001=DIRECTION('center_axis',(0.,-0.707106781186548,-0.707106781186548));
#6002=DIRECTION('ref_axis',(-1.,0.,0.));
#6003=DIRECTION('',(1.,0.,0.));
#6004=DIRECTION('',(0.577350269189626,-0.577350269189626,0.577350269189626));
#6005=DIRECTION('',(-1.,0.,0.));
#6006=DIRECTION('center_axis',(0.707106781186548,0.,-0.707106781186548));
#6007=DIRECTION('ref_axis',(-0.707106781186548,0.,-0.707106781186548));
#6008=DIRECTION('',(0.,1.,0.));
#6009=DIRECTION('',(0.577350269189626,0.577350269189626,0.577350269189626));
#6010=DIRECTION('',(0.,-1.,0.));
#6011=DIRECTION('center_axis',(0.,0.707106781186548,-0.707106781186548));
#6012=DIRECTION('ref_axis',(-1.,0.,0.));
#6013=DIRECTION('',(1.,0.,0.));
#6014=DIRECTION('',(-1.,0.,0.));
#6015=DIRECTION('center_axis',(0.,1.,0.));
#6016=DIRECTION('ref_axis',(1.,0.,0.));
#6017=DIRECTION('',(0.,0.,1.));
#6018=DIRECTION('',(-1.,0.,0.));
#6019=DIRECTION('',(0.,0.,-1.));
#6020=DIRECTION('center_axis',(-1.,-2.16840434497101E-16,0.));
#6021=DIRECTION('ref_axis',(-2.16840434497101E-16,1.,0.));
#6022=DIRECTION('',(0.,0.,1.));
#6023=DIRECTION('',(2.16840434497101E-16,-1.,0.));
#6024=DIRECTION('center_axis',(0.,0.,-1.));
#6025=DIRECTION('ref_axis',(-1.,0.,0.));
#6026=DIRECTION('center_axis',(-0.707106781186547,-0.707106781186548,0.));
#6027=DIRECTION('ref_axis',(0.,0.,1.));
#6028=DIRECTION('',(0.707106781186548,-0.707106781186547,0.));
#6029=DIRECTION('',(0.,0.,-1.));
#6030=DIRECTION('',(0.707106781186548,-0.707106781186547,0.));
#6031=DIRECTION('center_axis',(-0.707106781186546,0.707106781186549,0.));
#6032=DIRECTION('ref_axis',(0.,0.,1.));
#6033=DIRECTION('',(-0.707106781186549,-0.707106781186546,0.));
#6034=DIRECTION('',(0.,0.,1.));
#6035=DIRECTION('',(-0.707106781186549,-0.707106781186546,0.));
#6036=DIRECTION('',(0.,0.,1.));
#6037=DIRECTION('center_axis',(0.707106781186547,0.707106781186548,0.));
#6038=DIRECTION('ref_axis',(0.,0.,-1.));
#6039=DIRECTION('',(-0.707106781186548,0.707106781186547,0.));
#6040=DIRECTION('',(0.,0.,-1.));
#6041=DIRECTION('',(-0.707106781186548,0.707106781186547,0.));
#6042=DIRECTION('',(0.,0.,-1.));
#6043=DIRECTION('center_axis',(0.707106781186546,-0.707106781186549,0.));
#6044=DIRECTION('ref_axis',(0.,0.,-1.));
#6045=DIRECTION('',(0.707106781186549,0.707106781186546,0.));
#6046=DIRECTION('',(0.,0.,1.));
#6047=DIRECTION('center_axis',(1.,0.,0.));
#6048=DIRECTION('ref_axis',(0.,-1.,0.));
#6049=DIRECTION('',(0.,1.,0.));
#6050=DIRECTION('',(0.,0.,1.));
#6051=DIRECTION('center_axis',(0.,-1.,0.));
#6052=DIRECTION('ref_axis',(-1.,0.,0.));
#6053=DIRECTION('',(1.,0.,0.));
#6054=DIRECTION('center_axis',(0.,0.,1.));
#6055=DIRECTION('ref_axis',(1.,0.,0.));
#6056=DIRECTION('',(1.,0.,0.));
#6057=DIRECTION('',(0.,-1.,0.));
#6058=DIRECTION('center_axis',(0.,-1.,0.));
#6059=DIRECTION('ref_axis',(-1.,0.,0.));
#6060=DIRECTION('',(-1.,0.,0.));
#6061=DIRECTION('',(-1.,0.,0.));
#6062=DIRECTION('',(0.,0.,1.));
#6063=DIRECTION('center_axis',(1.,0.,0.));
#6064=DIRECTION('ref_axis',(0.,-1.,0.));
#6065=DIRECTION('',(0.,-1.,0.));
#6066=DIRECTION('',(0.,-1.,0.));
#6067=DIRECTION('center_axis',(0.,0.,1.));
#6068=DIRECTION('ref_axis',(1.,0.,0.));
#6069=DIRECTION('',(1.,0.,0.));
#6070=DIRECTION('',(0.,1.,0.));
#6071=DIRECTION('',(-1.,0.,0.));
#6072=DIRECTION('',(0.,-1.,0.));
#6073=DIRECTION('center_axis',(0.,0.,1.));
#6074=DIRECTION('ref_axis',(1.,0.,0.));
#6075=DIRECTION('',(0.707106781186549,0.707106781186546,0.));
#6076=DIRECTION('',(0.,1.,0.));
#6077=DIRECTION('center_axis',(-1.,-2.16840434497101E-16,0.));
#6078=DIRECTION('ref_axis',(-2.16840434497101E-16,1.,0.));
#6079=DIRECTION('',(-2.16840434497101E-16,1.,0.));
#6080=DIRECTION('',(0.,0.,1.));
#6081=DIRECTION('',(-2.16840434497101E-16,1.,0.));
#6082=DIRECTION('',(0.,0.,1.));
#6083=DIRECTION('center_axis',(0.,1.,0.));
#6084=DIRECTION('ref_axis',(1.,0.,0.));
#6085=DIRECTION('',(1.,0.,0.));
#6086=DIRECTION('',(0.,0.,-1.));
#6087=DIRECTION('',(1.,0.,0.));
#6088=DIRECTION('center_axis',(-0.707106781186548,-1.53329341668337E-16,
-0.707106781186547));
#6089=DIRECTION('ref_axis',(-0.707106781186547,0.,0.707106781186548));
#6090=DIRECTION('',(2.16840434497101E-16,-1.,0.));
#6091=DIRECTION('',(-0.577350269189626,-0.577350269189626,0.577350269189626));
#6092=DIRECTION('',(-2.16840434497101E-16,1.,0.));
#6093=DIRECTION('',(-0.577350269189626,0.577350269189626,0.577350269189626));
#6094=DIRECTION('center_axis',(0.,-0.707106781186548,-0.707106781186548));
#6095=DIRECTION('ref_axis',(-1.,0.,0.));
#6096=DIRECTION('',(1.,0.,0.));
#6097=DIRECTION('',(0.577350269189626,-0.577350269189626,0.577350269189626));
#6098=DIRECTION('',(-1.,0.,0.));
#6099=DIRECTION('center_axis',(0.707106781186548,0.,-0.707106781186548));
#6100=DIRECTION('ref_axis',(-0.707106781186548,0.,-0.707106781186548));
#6101=DIRECTION('',(0.,1.,0.));
#6102=DIRECTION('',(0.577350269189626,0.577350269189626,0.577350269189626));
#6103=DIRECTION('',(0.,-1.,0.));
#6104=DIRECTION('center_axis',(0.,0.707106781186548,-0.707106781186548));
#6105=DIRECTION('ref_axis',(-1.,0.,0.));
#6106=DIRECTION('',(1.,0.,0.));
#6107=DIRECTION('',(-1.,0.,0.));
#6108=DIRECTION('center_axis',(0.,1.,0.));
#6109=DIRECTION('ref_axis',(1.,0.,0.));
#6110=DIRECTION('',(0.,0.,1.));
#6111=DIRECTION('',(-1.,0.,0.));
#6112=DIRECTION('',(0.,0.,-1.));
#6113=DIRECTION('center_axis',(-1.,-2.16840434497101E-16,0.));
#6114=DIRECTION('ref_axis',(-2.16840434497101E-16,1.,0.));
#6115=DIRECTION('',(0.,0.,1.));
#6116=DIRECTION('',(2.16840434497101E-16,-1.,0.));
#6117=DIRECTION('center_axis',(0.,0.,-1.));
#6118=DIRECTION('ref_axis',(-1.,0.,0.));
#6119=DIRECTION('center_axis',(-0.707106781186547,-0.707106781186548,0.));
#6120=DIRECTION('ref_axis',(0.,0.,1.));
#6121=DIRECTION('',(0.707106781186548,-0.707106781186547,0.));
#6122=DIRECTION('',(0.,0.,-1.));
#6123=DIRECTION('',(0.707106781186548,-0.707106781186547,0.));
#6124=DIRECTION('',(0.,0.,-1.));
#6125=DIRECTION('center_axis',(-0.707106781186546,0.707106781186549,0.));
#6126=DIRECTION('ref_axis',(0.,0.,1.));
#6127=DIRECTION('',(-0.707106781186549,-0.707106781186546,0.));
#6128=DIRECTION('',(0.,0.,1.));
#6129=DIRECTION('',(-0.707106781186549,-0.707106781186546,0.));
#6130=DIRECTION('',(0.,0.,1.));
#6131=DIRECTION('center_axis',(0.707106781186547,0.707106781186548,0.));
#6132=DIRECTION('ref_axis',(0.,0.,-1.));
#6133=DIRECTION('',(-0.707106781186548,0.707106781186547,0.));
#6134=DIRECTION('',(0.,0.,-1.));
#6135=DIRECTION('',(-0.707106781186548,0.707106781186547,0.));
#6136=DIRECTION('',(0.,0.,-1.));
#6137=DIRECTION('center_axis',(0.707106781186546,-0.707106781186549,0.));
#6138=DIRECTION('ref_axis',(0.,0.,-1.));
#6139=DIRECTION('',(0.707106781186549,0.707106781186546,0.));
#6140=DIRECTION('',(0.,0.,1.));
#6141=DIRECTION('',(0.707106781186549,0.707106781186546,0.));
#6142=DIRECTION('',(0.,0.,1.));
#6143=DIRECTION('center_axis',(1.,0.,0.));
#6144=DIRECTION('ref_axis',(0.,-1.,0.));
#6145=DIRECTION('',(0.,1.,0.));
#6146=DIRECTION('',(0.,0.,1.));
#6147=DIRECTION('center_axis',(0.,-1.,0.));
#6148=DIRECTION('ref_axis',(-1.,0.,0.));
#6149=DIRECTION('',(1.,0.,0.));
#6150=DIRECTION('center_axis',(0.,0.,1.));
#6151=DIRECTION('ref_axis',(1.,0.,0.));
#6152=DIRECTION('',(-2.16840434497101E-16,1.,0.));
#6153=DIRECTION('',(-1.,0.,0.));
#6154=DIRECTION('center_axis',(0.,-1.,0.));
#6155=DIRECTION('ref_axis',(-1.,0.,0.));
#6156=DIRECTION('',(-1.,0.,0.));
#6157=DIRECTION('',(-1.,0.,0.));
#6158=DIRECTION('',(0.,0.,1.));
#6159=DIRECTION('center_axis',(1.,0.,0.));
#6160=DIRECTION('ref_axis',(0.,-1.,0.));
#6161=DIRECTION('',(0.,-1.,0.));
#6162=DIRECTION('',(0.,-1.,0.));
#6163=DIRECTION('center_axis',(0.,0.,1.));
#6164=DIRECTION('ref_axis',(1.,0.,0.));
#6165=DIRECTION('',(1.,0.,0.));
#6166=DIRECTION('',(0.,1.,0.));
#6167=DIRECTION('',(-1.,0.,0.));
#6168=DIRECTION('',(0.,-1.,0.));
#6169=DIRECTION('center_axis',(0.,0.,1.));
#6170=DIRECTION('ref_axis',(1.,0.,0.));
#6171=DIRECTION('',(-0.707106781186549,-0.707106781186546,0.));
#6172=DIRECTION('',(-7.32864454565334E-17,-1.,0.));
#6173=DIRECTION('center_axis',(0.,0.,1.));
#6174=DIRECTION('ref_axis',(1.,0.,0.));
#6175=DIRECTION('',(-7.32864454565334E-17,-1.,0.));
#6176=DIRECTION('',(0.707106781186548,-0.707106781186547,0.));
#6177=DIRECTION('center_axis',(0.,0.,1.));
#6178=DIRECTION('ref_axis',(1.,0.,0.));
#6179=DIRECTION('',(0.707106781186549,0.707106781186546,0.));
#6180=DIRECTION('',(0.,1.,0.));
#6181=DIRECTION('center_axis',(0.,1.,0.));
#6182=DIRECTION('ref_axis',(-1.,0.,0.));
#6183=DIRECTION('',(0.,0.,1.));
#6184=DIRECTION('center_axis',(1.,2.16840434497101E-16,0.));
#6185=DIRECTION('ref_axis',(-2.16840434497101E-16,1.,0.));
#6186=DIRECTION('center_axis',(-1.,-2.16840434497101E-16,0.));
#6187=DIRECTION('ref_axis',(-2.16840434497101E-16,1.,0.));
#6188=DIRECTION('',(-2.16840434497101E-16,1.,0.));
#6189=DIRECTION('',(0.,0.,1.));
#6190=DIRECTION('',(-2.16840434497101E-16,1.,0.));
#6191=DIRECTION('',(0.,0.,1.));
#6192=DIRECTION('center_axis',(0.,1.,0.));
#6193=DIRECTION('ref_axis',(1.,0.,0.));
#6194=DIRECTION('',(1.,0.,0.));
#6195=DIRECTION('',(0.,0.,-1.));
#6196=DIRECTION('',(1.,0.,0.));
#6197=DIRECTION('center_axis',(-0.707106781186548,-1.53329341668337E-16,
-0.707106781186547));
#6198=DIRECTION('ref_axis',(-0.707106781186547,0.,0.707106781186548));
#6199=DIRECTION('',(2.16840434497101E-16,-1.,0.));
#6200=DIRECTION('',(-0.577350269189626,-0.577350269189626,0.577350269189626));
#6201=DIRECTION('',(-2.16840434497101E-16,1.,0.));
#6202=DIRECTION('',(-0.577350269189626,0.577350269189626,0.577350269189626));
#6203=DIRECTION('center_axis',(0.,-0.707106781186548,-0.707106781186548));
#6204=DIRECTION('ref_axis',(-1.,0.,0.));
#6205=DIRECTION('',(1.,0.,0.));
#6206=DIRECTION('',(0.577350269189626,-0.577350269189626,0.577350269189626));
#6207=DIRECTION('',(-1.,0.,0.));
#6208=DIRECTION('center_axis',(0.707106781186548,0.,-0.707106781186548));
#6209=DIRECTION('ref_axis',(-0.707106781186548,0.,-0.707106781186548));
#6210=DIRECTION('',(0.,1.,0.));
#6211=DIRECTION('',(0.577350269189626,0.577350269189626,0.577350269189626));
#6212=DIRECTION('',(0.,-1.,0.));
#6213=DIRECTION('center_axis',(0.,0.707106781186548,-0.707106781186548));
#6214=DIRECTION('ref_axis',(-1.,0.,0.));
#6215=DIRECTION('',(1.,0.,0.));
#6216=DIRECTION('',(-1.,0.,0.));
#6217=DIRECTION('center_axis',(0.,1.,0.));
#6218=DIRECTION('ref_axis',(1.,0.,0.));
#6219=DIRECTION('',(0.,0.,1.));
#6220=DIRECTION('',(-1.,0.,0.));
#6221=DIRECTION('',(0.,0.,-1.));
#6222=DIRECTION('center_axis',(-1.,-2.16840434497101E-16,0.));
#6223=DIRECTION('ref_axis',(-2.16840434497101E-16,1.,0.));
#6224=DIRECTION('',(0.,0.,1.));
#6225=DIRECTION('',(2.16840434497101E-16,-1.,0.));
#6226=DIRECTION('center_axis',(0.,0.,-1.));
#6227=DIRECTION('ref_axis',(-1.,0.,0.));
#6228=DIRECTION('center_axis',(-0.707106781186547,-0.707106781186548,0.));
#6229=DIRECTION('ref_axis',(0.,0.,1.));
#6230=DIRECTION('',(0.707106781186548,-0.707106781186547,0.));
#6231=DIRECTION('',(0.,0.,-1.));
#6232=DIRECTION('',(0.707106781186548,-0.707106781186547,0.));
#6233=DIRECTION('center_axis',(0.,0.,1.));
#6234=DIRECTION('ref_axis',(1.,0.,0.));
#6235=DIRECTION('',(0.,1.,0.));
#6236=DIRECTION('',(-0.707106781186549,-0.707106781186546,0.));
#6237=DIRECTION('',(0.,1.,0.));
#6238=DIRECTION('',(0.707106781186548,-0.707106781186547,0.));
#6239=DIRECTION('',(0.,1.,0.));
#6240=DIRECTION('',(-0.707106781186549,-0.707106781186546,0.));
#6241=DIRECTION('',(1.,0.,0.));
#6242=DIRECTION('',(-0.707106781186548,0.707106781186547,0.));
#6243=DIRECTION('',(0.,-1.,0.));
#6244=DIRECTION('',(0.707106781186549,0.707106781186546,0.));
#6245=DIRECTION('',(0.,-1.,0.));
#6246=DIRECTION('',(-0.707106781186548,0.707106781186547,0.));
#6247=DIRECTION('',(0.,-1.,0.));
#6248=DIRECTION('',(0.707106781186549,0.707106781186546,0.));
#6249=DIRECTION('',(0.,-1.,0.));
#6250=DIRECTION('',(0.,-1.,0.));
#6251=DIRECTION('',(0.,-1.,0.));
#6252=DIRECTION('',(0.,-1.,0.));
#6253=DIRECTION('',(0.,-1.,0.));
#6254=DIRECTION('',(0.,1.,0.));
#6255=DIRECTION('',(0.,1.,0.));
#6256=DIRECTION('',(0.,1.,0.));
#6257=DIRECTION('',(0.,1.,0.));
#6258=DIRECTION('',(0.,1.,0.));
#6259=DIRECTION('',(2.16840434497101E-16,-1.,0.));
#6260=DIRECTION('',(1.,0.,0.));
#6261=DIRECTION('',(0.,1.,0.));
#6262=DIRECTION('',(-1.,0.,0.));
#6263=DIRECTION('',(1.,0.,0.));
#6264=DIRECTION('',(0.,1.,0.));
#6265=DIRECTION('center_axis',(-0.707106781186546,0.707106781186549,0.));
#6266=DIRECTION('ref_axis',(0.,0.,1.));
#6267=DIRECTION('',(0.,0.,1.));
#6268=DIRECTION('center_axis',(0.707106781186547,0.707106781186548,0.));
#6269=DIRECTION('ref_axis',(0.,0.,-1.));
#6270=DIRECTION('',(-0.707106781186548,0.707106781186547,0.));
#6271=DIRECTION('',(0.,0.,-1.));
#6272=DIRECTION('center_axis',(0.707106781186546,-0.707106781186549,0.));
#6273=DIRECTION('ref_axis',(0.,0.,-1.));
#6274=DIRECTION('',(0.,0.,1.));
#6275=DIRECTION('center_axis',(1.,0.,0.));
#6276=DIRECTION('ref_axis',(0.,-1.,0.));
#6277=DIRECTION('',(0.,0.,1.));
#6278=DIRECTION('center_axis',(0.,-1.,0.));
#6279=DIRECTION('ref_axis',(-1.,0.,0.));
#6280=DIRECTION('center_axis',(0.,0.,1.));
#6281=DIRECTION('ref_axis',(1.,0.,0.));
#6282=DIRECTION('',(-2.16840434497101E-16,1.,0.));
#6283=DIRECTION('',(-1.,0.,0.));
#6284=DIRECTION('center_axis',(0.,-1.,0.));
#6285=DIRECTION('ref_axis',(-1.,0.,0.));
#6286=DIRECTION('',(-1.,0.,0.));
#6287=DIRECTION('',(-1.,0.,0.));
#6288=DIRECTION('',(0.,0.,1.));
#6289=DIRECTION('center_axis',(1.,0.,0.));
#6290=DIRECTION('ref_axis',(0.,-1.,0.));
#6291=DIRECTION('',(0.,-1.,0.));
#6292=DIRECTION('',(0.,-1.,0.));
#6293=DIRECTION('center_axis',(0.,0.,1.));
#6294=DIRECTION('ref_axis',(1.,0.,0.));
#6295=DIRECTION('',(1.,0.,0.));
#6296=DIRECTION('',(0.,1.,0.));
#6297=DIRECTION('',(-1.,0.,0.));
#6298=DIRECTION('',(0.,-1.,0.));
#6299=DIRECTION('center_axis',(0.,0.,1.));
#6300=DIRECTION('ref_axis',(1.,0.,0.));
#6301=DIRECTION('',(0.,1.,0.));
#6302=DIRECTION('center_axis',(0.,1.,0.));
#6303=DIRECTION('ref_axis',(-1.,0.,0.));
#6304=DIRECTION('',(0.,0.,1.));
#6305=DIRECTION('center_axis',(1.,2.16840434497101E-16,0.));
#6306=DIRECTION('ref_axis',(-2.16840434497101E-16,1.,0.));
#6307=DIRECTION('center_axis',(-1.,-2.16840434497101E-16,0.));
#6308=DIRECTION('ref_axis',(-2.16840434497101E-16,1.,0.));
#6309=DIRECTION('',(-2.16840434497101E-16,1.,0.));
#6310=DIRECTION('',(0.,0.,1.));
#6311=DIRECTION('',(-2.16840434497101E-16,1.,0.));
#6312=DIRECTION('',(0.,0.,1.));
#6313=DIRECTION('center_axis',(0.,1.,0.));
#6314=DIRECTION('ref_axis',(1.,0.,0.));
#6315=DIRECTION('',(1.,0.,0.));
#6316=DIRECTION('',(0.,0.,-1.));
#6317=DIRECTION('',(1.,0.,0.));
#6318=DIRECTION('center_axis',(-0.707106781186548,-1.53329341668337E-16,
-0.707106781186547));
#6319=DIRECTION('ref_axis',(-0.707106781186547,0.,0.707106781186548));
#6320=DIRECTION('',(2.16840434497101E-16,-1.,0.));
#6321=DIRECTION('',(-0.577350269189626,-0.577350269189626,0.577350269189626));
#6322=DIRECTION('',(-2.16840434497101E-16,1.,0.));
#6323=DIRECTION('',(-0.577350269189626,0.577350269189626,0.577350269189626));
#6324=DIRECTION('center_axis',(0.,-0.707106781186548,-0.707106781186548));
#6325=DIRECTION('ref_axis',(-1.,0.,0.));
#6326=DIRECTION('',(1.,0.,0.));
#6327=DIRECTION('',(0.577350269189626,-0.577350269189626,0.577350269189626));
#6328=DIRECTION('',(-1.,0.,0.));
#6329=DIRECTION('center_axis',(0.707106781186548,0.,-0.707106781186548));
#6330=DIRECTION('ref_axis',(-0.707106781186548,0.,-0.707106781186548));
#6331=DIRECTION('',(0.,1.,0.));
#6332=DIRECTION('',(0.577350269189626,0.577350269189626,0.577350269189626));
#6333=DIRECTION('',(0.,-1.,0.));
#6334=DIRECTION('center_axis',(0.,0.707106781186548,-0.707106781186548));
#6335=DIRECTION('ref_axis',(-1.,0.,0.));
#6336=DIRECTION('',(1.,0.,0.));
#6337=DIRECTION('',(-1.,0.,0.));
#6338=DIRECTION('center_axis',(0.,1.,0.));
#6339=DIRECTION('ref_axis',(1.,0.,0.));
#6340=DIRECTION('',(0.,0.,1.));
#6341=DIRECTION('',(0.,0.,-1.));
#6342=DIRECTION('center_axis',(-1.,-2.16840434497101E-16,0.));
#6343=DIRECTION('ref_axis',(-2.16840434497101E-16,1.,0.));
#6344=DIRECTION('',(0.,0.,1.));
#6345=DIRECTION('center_axis',(0.,0.,-1.));
#6346=DIRECTION('ref_axis',(-1.,0.,0.));
#6347=DIRECTION('center_axis',(-0.707106781186547,-0.707106781186548,0.));
#6348=DIRECTION('ref_axis',(0.,0.,1.));
#6349=DIRECTION('',(0.,0.,-1.));
#6350=DIRECTION('center_axis',(-0.707106781186546,0.707106781186549,0.));
#6351=DIRECTION('ref_axis',(0.,0.,1.));
#6352=DIRECTION('',(-0.707106781186549,-0.707106781186546,0.));
#6353=DIRECTION('',(0.,0.,-1.));
#6354=DIRECTION('',(0.,0.,1.));
#6355=DIRECTION('center_axis',(0.,1.,0.));
#6356=DIRECTION('ref_axis',(-1.,0.,0.));
#6357=DIRECTION('',(-1.,0.,0.));
#6358=DIRECTION('',(0.,0.,1.));
#6359=DIRECTION('center_axis',(0.707106781186547,0.707106781186548,0.));
#6360=DIRECTION('ref_axis',(0.,0.,-1.));
#6361=DIRECTION('',(-0.707106781186548,0.707106781186547,0.));
#6362=DIRECTION('',(0.,0.,-1.));
#6363=DIRECTION('center_axis',(0.707106781186546,-0.707106781186549,0.));
#6364=DIRECTION('ref_axis',(0.,0.,-1.));
#6365=DIRECTION('',(0.,0.,1.));
#6366=DIRECTION('center_axis',(1.,0.,0.));
#6367=DIRECTION('ref_axis',(0.,-1.,0.));
#6368=DIRECTION('',(0.,0.,1.));
#6369=DIRECTION('center_axis',(0.,-1.,0.));
#6370=DIRECTION('ref_axis',(-1.,0.,0.));
#6371=DIRECTION('center_axis',(0.,0.,1.));
#6372=DIRECTION('ref_axis',(1.,0.,0.));
#6373=DIRECTION('',(1.,0.,0.));
#6374=DIRECTION('',(0.,-1.,0.));
#6375=DIRECTION('center_axis',(0.,-1.,0.));
#6376=DIRECTION('ref_axis',(-1.,0.,0.));
#6377=DIRECTION('',(-1.,0.,0.));
#6378=DIRECTION('',(-1.,0.,0.));
#6379=DIRECTION('',(0.,0.,1.));
#6380=DIRECTION('center_axis',(1.,0.,0.));
#6381=DIRECTION('ref_axis',(0.,-1.,0.));
#6382=DIRECTION('',(0.,-1.,0.));
#6383=DIRECTION('',(0.,-1.,0.));
#6384=DIRECTION('center_axis',(0.,0.,1.));
#6385=DIRECTION('ref_axis',(1.,0.,0.));
#6386=DIRECTION('',(1.,0.,0.));
#6387=DIRECTION('',(0.,1.,0.));
#6388=DIRECTION('',(-1.,0.,0.));
#6389=DIRECTION('',(0.,-1.,0.));
#6390=DIRECTION('center_axis',(0.,0.,1.));
#6391=DIRECTION('ref_axis',(1.,0.,0.));
#6392=DIRECTION('',(-7.32864454565334E-17,-1.,0.));
#6393=DIRECTION('',(-1.,-9.2134690840262E-16,0.));
#6394=DIRECTION('',(0.,1.,0.));
#6395=DIRECTION('center_axis',(0.,-1.,0.));
#6396=DIRECTION('ref_axis',(0.,0.,-1.));
#6397=DIRECTION('',(0.,0.,1.));
#6398=DIRECTION('',(0.,0.,-1.));
#6399=DIRECTION('',(1.,0.,0.));
#6400=DIRECTION('center_axis',(0.,0.,1.));
#6401=DIRECTION('ref_axis',(0.,-1.,0.));
#6402=DIRECTION('',(0.,1.,0.));
#6403=DIRECTION('',(-7.32864454565334E-17,-1.,0.));
#6404=DIRECTION('',(1.,0.,0.));
#6405=DIRECTION('center_axis',(0.,1.,0.));
#6406=DIRECTION('ref_axis',(0.,0.,1.));
#6407=DIRECTION('',(0.,0.,-1.));
#6408=DIRECTION('',(0.,0.,1.));
#6409=DIRECTION('center_axis',(0.,-1.,0.));
#6410=DIRECTION('ref_axis',(0.,0.,-1.));
#6411=DIRECTION('',(0.,0.,1.));
#6412=DIRECTION('',(0.,0.,-1.));
#6413=DIRECTION('',(1.,0.,0.));
#6414=DIRECTION('center_axis',(0.,0.,1.));
#6415=DIRECTION('ref_axis',(0.,-1.,0.));
#6416=DIRECTION('',(0.,1.,0.));
#6417=DIRECTION('',(-7.32864454565334E-17,-1.,0.));
#6418=DIRECTION('',(1.,0.,0.));
#6419=DIRECTION('center_axis',(0.,1.,0.));
#6420=DIRECTION('ref_axis',(0.,0.,1.));
#6421=DIRECTION('',(0.,0.,-1.));
#6422=DIRECTION('',(0.,0.,1.));
#6423=DIRECTION('center_axis',(0.,-1.,0.));
#6424=DIRECTION('ref_axis',(0.,0.,-1.));
#6425=DIRECTION('',(0.,0.,1.));
#6426=DIRECTION('',(0.,0.,-1.));
#6427=DIRECTION('',(1.,0.,0.));
#6428=DIRECTION('center_axis',(0.,0.,1.));
#6429=DIRECTION('ref_axis',(0.,-1.,0.));
#6430=DIRECTION('',(0.,1.,0.));
#6431=DIRECTION('',(-7.32864454565334E-17,-1.,0.));
#6432=DIRECTION('',(1.,0.,0.));
#6433=DIRECTION('center_axis',(0.,1.,0.));
#6434=DIRECTION('ref_axis',(0.,0.,1.));
#6435=DIRECTION('',(0.,0.,-1.));
#6436=DIRECTION('',(0.,0.,1.));
#6437=DIRECTION('center_axis',(0.,-1.,0.));
#6438=DIRECTION('ref_axis',(0.,0.,-1.));
#6439=DIRECTION('',(0.,0.,1.));
#6440=DIRECTION('',(0.,0.,-1.));
#6441=DIRECTION('',(1.,0.,0.));
#6442=DIRECTION('center_axis',(0.,0.,1.));
#6443=DIRECTION('ref_axis',(0.,-1.,0.));
#6444=DIRECTION('',(0.,1.,0.));
#6445=DIRECTION('',(-7.32864454565334E-17,-1.,0.));
#6446=DIRECTION('',(1.,0.,0.));
#6447=DIRECTION('center_axis',(0.,1.,0.));
#6448=DIRECTION('ref_axis',(0.,0.,1.));
#6449=DIRECTION('',(0.,0.,-1.));
#6450=DIRECTION('',(0.,0.,1.));
#6451=DIRECTION('center_axis',(0.,-1.,0.));
#6452=DIRECTION('ref_axis',(0.,0.,-1.));
#6453=DIRECTION('',(0.,0.,1.));
#6454=DIRECTION('',(0.,0.,-1.));
#6455=DIRECTION('',(1.,0.,0.));
#6456=DIRECTION('center_axis',(0.,0.,1.));
#6457=DIRECTION('ref_axis',(0.,-1.,0.));
#6458=DIRECTION('',(0.,1.,0.));
#6459=DIRECTION('',(-7.32864454565334E-17,-1.,0.));
#6460=DIRECTION('',(1.,0.,0.));
#6461=DIRECTION('center_axis',(0.,1.,0.));
#6462=DIRECTION('ref_axis',(0.,0.,1.));
#6463=DIRECTION('',(0.,0.,-1.));
#6464=DIRECTION('',(0.,0.,1.));
#6465=DIRECTION('center_axis',(0.,0.,1.));
#6466=DIRECTION('ref_axis',(0.,-1.,0.));
#6467=DIRECTION('',(0.,1.,0.));
#6468=DIRECTION('',(1.,0.,0.));
#6469=DIRECTION('',(-7.32864454565334E-17,-1.,0.));
#6470=DIRECTION('',(1.,0.,0.));
#6471=DIRECTION('center_axis',(0.,1.,0.));
#6472=DIRECTION('ref_axis',(0.,0.,1.));
#6473=DIRECTION('',(0.,0.,-1.));
#6474=DIRECTION('',(0.,0.,1.));
#6475=DIRECTION('center_axis',(0.,-1.,0.));
#6476=DIRECTION('ref_axis',(0.,0.,-1.));
#6477=DIRECTION('',(0.,0.,1.));
#6478=DIRECTION('',(0.,0.,-1.));
#6479=DIRECTION('center_axis',(0.,-1.,0.));
#6480=DIRECTION('ref_axis',(0.,0.,-1.));
#6481=DIRECTION('',(0.,0.,1.));
#6482=DIRECTION('',(0.,0.,-1.));
#6483=DIRECTION('',(1.,0.,0.));
#6484=DIRECTION('center_axis',(0.,0.,1.));
#6485=DIRECTION('ref_axis',(0.,-1.,0.));
#6486=DIRECTION('',(0.,1.,0.));
#6487=DIRECTION('',(-7.32864454565334E-17,-1.,0.));
#6488=DIRECTION('',(1.,0.,0.));
#6489=DIRECTION('center_axis',(0.,1.,0.));
#6490=DIRECTION('ref_axis',(0.,0.,1.));
#6491=DIRECTION('',(0.,0.,-1.));
#6492=DIRECTION('',(0.,0.,1.));
#6493=DIRECTION('center_axis',(0.,-1.,0.));
#6494=DIRECTION('ref_axis',(0.,0.,-1.));
#6495=DIRECTION('',(0.,0.,1.));
#6496=DIRECTION('',(0.,0.,-1.));
#6497=DIRECTION('',(1.,0.,0.));
#6498=DIRECTION('center_axis',(0.,0.,1.));
#6499=DIRECTION('ref_axis',(0.,-1.,0.));
#6500=DIRECTION('',(0.,1.,0.));
#6501=DIRECTION('',(-7.32864454565334E-17,-1.,0.));
#6502=DIRECTION('',(1.,0.,0.));
#6503=DIRECTION('center_axis',(0.,1.,0.));
#6504=DIRECTION('ref_axis',(0.,0.,1.));
#6505=DIRECTION('',(0.,0.,-1.));
#6506=DIRECTION('',(0.,0.,1.));
#6507=DIRECTION('center_axis',(-1.,0.,0.));
#6508=DIRECTION('ref_axis',(0.,-1.,0.));
#6509=DIRECTION('',(0.,0.,1.));
#6510=DIRECTION('center_axis',(-1.,7.32864454565334E-17,0.));
#6511=DIRECTION('ref_axis',(-7.32864454565334E-17,-1.,0.));
#6512=DIRECTION('',(-7.32864454565334E-17,-1.,0.));
#6513=DIRECTION('',(0.,0.,1.));
#6514=DIRECTION('',(0.,0.,1.));
#6515=DIRECTION('',(-7.32864454565334E-17,-1.,0.));
#6516=DIRECTION('',(-7.32864454565334E-17,-1.,0.));
#6517=DIRECTION('',(-7.32864454565334E-17,-1.,0.));
#6518=DIRECTION('',(-7.32864454565334E-17,-1.,0.));
#6519=DIRECTION('',(-7.32864454565334E-17,-1.,0.));
#6520=DIRECTION('center_axis',(0.,0.,1.));
#6521=DIRECTION('ref_axis',(1.,0.,0.));
#6522=DIRECTION('',(0.,1.,0.));
#6523=DIRECTION('',(1.,0.,0.));
#6524=DIRECTION('center_axis',(0.,0.,1.));
#6525=DIRECTION('ref_axis',(1.,0.,0.));
#6526=DIRECTION('center_axis',(0.,0.,1.));
#6527=DIRECTION('ref_axis',(1.,0.,0.));
#6528=DIRECTION('center_axis',(0.,0.,1.));
#6529=DIRECTION('ref_axis',(1.,0.,0.));
#6530=DIRECTION('center_axis',(0.,0.,1.));
#6531=DIRECTION('ref_axis',(1.,0.,0.));
#6532=DIRECTION('center_axis',(0.,0.,1.));
#6533=DIRECTION('ref_axis',(1.,0.,0.));
#6534=DIRECTION('center_axis',(0.,-1.,0.));
#6535=DIRECTION('ref_axis',(1.,0.,0.));
#6536=DIRECTION('center_axis',(0.,-1.,0.));
#6537=DIRECTION('ref_axis',(1.,0.,0.));
#6538=DIRECTION('',(0.,0.,1.));
#6539=DIRECTION('center_axis',(-1.,0.,0.));
#6540=DIRECTION('ref_axis',(0.,-1.,0.));
#6541=DIRECTION('center_axis',(0.,-1.,0.));
#6542=DIRECTION('ref_axis',(1.,0.,0.));
#6543=DIRECTION('center_axis',(0.,-1.,0.));
#6544=DIRECTION('ref_axis',(1.,0.,0.));
#6545=DIRECTION('',(0.,0.,1.));
#6546=DIRECTION('center_axis',(-9.2134690840262E-16,1.,0.));
#6547=DIRECTION('ref_axis',(-1.,-9.2134690840262E-16,0.));
#6548=DIRECTION('',(0.,0.,1.));
#6549=DIRECTION('center_axis',(1.,0.,0.));
#6550=DIRECTION('ref_axis',(0.,1.,0.));
#6551=CARTESIAN_POINT('',(0.,0.,0.));
#6552=CARTESIAN_POINT('Origin',(-0.16,-3.236,10.796));
#6553=CARTESIAN_POINT('',(0.828000000000001,-2.982,11.05));
#6554=CARTESIAN_POINT('',(-0.827999999999999,-2.982,11.05));
#6555=CARTESIAN_POINT('',(-0.16,-2.982,11.05));
#6556=CARTESIAN_POINT('',(-0.319999999999999,-3.49,10.542));
#6557=CARTESIAN_POINT('',(-0.827999999999999,-2.982,11.05));
#6558=CARTESIAN_POINT('',(0.320000000000001,-3.49,10.542));
#6559=CARTESIAN_POINT('',(-0.16,-3.49,10.542));
#6560=CARTESIAN_POINT('',(0.828000000000001,-2.982,11.05));
#6561=CARTESIAN_POINT('Origin',(-0.573999999999999,-2.06500000000001,10.796));
#6562=CARTESIAN_POINT('',(-0.827999999999999,-4.638,11.05));
#6563=CARTESIAN_POINT('',(-0.827999999999999,-2.06500000000001,11.05));
#6564=CARTESIAN_POINT('',(-0.319999999999999,-4.13,10.542));
#6565=CARTESIAN_POINT('',(-0.827999999999999,-4.638,11.05));
#6566=CARTESIAN_POINT('',(-0.319999999999999,-2.06500000000001,10.542));
#6567=CARTESIAN_POINT('Origin',(0.16,-4.384,10.796));
#6568=CARTESIAN_POINT('',(0.828000000000001,-4.638,11.05));
#6569=CARTESIAN_POINT('',(0.16,-4.638,11.05));
#6570=CARTESIAN_POINT('',(0.320000000000001,-4.13,10.542));
#6571=CARTESIAN_POINT('',(0.828000000000001,-4.638,11.05));
#6572=CARTESIAN_POINT('',(0.16,-4.13,10.542));
#6573=CARTESIAN_POINT('Origin',(0.574000000000001,-1.74500000000001,10.796));
#6574=CARTESIAN_POINT('',(0.320000000000001,-1.74500000000001,10.542));
#6575=CARTESIAN_POINT('',(0.828000000000001,-1.74500000000001,11.05));
#6576=CARTESIAN_POINT('Origin',(0.320000000000001,-3.49,2.54));
#6577=CARTESIAN_POINT('',(0.320000000000001,-3.49,4.));
#6578=CARTESIAN_POINT('',(0.320000000000001,-3.49,2.54));
#6579=CARTESIAN_POINT('',(0.320000000000001,-4.13,4.));
#6580=CARTESIAN_POINT('',(0.320000000000001,-3.65,4.));
#6581=CARTESIAN_POINT('',(0.320000000000001,-4.13,2.54));
#6582=CARTESIAN_POINT('Origin',(-0.319999999999999,-3.49,2.54));
#6583=CARTESIAN_POINT('',(-0.319999999999999,-3.49,4.));
#6584=CARTESIAN_POINT('',(-0.319999999999999,-3.49,2.54));
#6585=CARTESIAN_POINT('',(-0.159999999999999,-3.49,4.));
#6586=CARTESIAN_POINT('Origin',(-2.77555756156289E-16,-1.33226762955019E-14,
11.05));
#6587=CARTESIAN_POINT('',(1.205,-10.415,11.05));
#6588=CARTESIAN_POINT('',(1.205,10.415,11.05));
#6589=CARTESIAN_POINT('',(1.205,-10.415,11.05));
#6590=CARTESIAN_POINT('',(-1.205,10.415,11.05));
#6591=CARTESIAN_POINT('',(1.205,10.415,11.05));
#6592=CARTESIAN_POINT('',(-1.205,-10.415,11.05));
#6593=CARTESIAN_POINT('',(-1.205,10.415,11.05));
#6594=CARTESIAN_POINT('',(-1.205,-10.415,11.05));
#6595=CARTESIAN_POINT('',(0.828000000000001,-8.062,11.05));
#6596=CARTESIAN_POINT('',(-0.827999999999999,-8.062,11.05));
#6597=CARTESIAN_POINT('',(-0.16,-8.062,11.05));
#6598=CARTESIAN_POINT('',(0.828000000000001,-9.718,11.05));
#6599=CARTESIAN_POINT('',(0.828000000000001,-4.28500000000001,11.05));
#6600=CARTESIAN_POINT('',(-0.827999999999999,-9.718,11.05));
#6601=CARTESIAN_POINT('',(0.16,-9.718,11.05));
#6602=CARTESIAN_POINT('',(-0.828,-4.60500000000001,11.05));
#6603=CARTESIAN_POINT('',(-0.827999999999999,8.062,11.05));
#6604=CARTESIAN_POINT('',(0.828000000000001,8.062,11.05));
#6605=CARTESIAN_POINT('',(0.16,8.062,11.05));
#6606=CARTESIAN_POINT('',(-0.827999999999999,9.718,11.05));
#6607=CARTESIAN_POINT('',(-0.827999999999998,4.28499999999999,11.05));
#6608=CARTESIAN_POINT('',(0.828000000000001,9.718,11.05));
#6609=CARTESIAN_POINT('',(-0.16,9.718,11.05));
#6610=CARTESIAN_POINT('',(0.828000000000001,4.605,11.05));
#6611=CARTESIAN_POINT('',(0.828000000000001,-5.522,11.05));
#6612=CARTESIAN_POINT('',(-0.827999999999999,-5.522,11.05));
#6613=CARTESIAN_POINT('',(-0.16,-5.522,11.05));
#6614=CARTESIAN_POINT('',(0.828000000000001,-7.178,11.05));
#6615=CARTESIAN_POINT('',(0.828000000000001,-3.01500000000001,11.05));
#6616=CARTESIAN_POINT('',(-0.827999999999999,-7.178,11.05));
#6617=CARTESIAN_POINT('',(0.16,-7.178,11.05));
#6618=CARTESIAN_POINT('',(-0.828,-3.33500000000001,11.05));
#6619=CARTESIAN_POINT('',(0.828000000000001,4.638,11.05));
#6620=CARTESIAN_POINT('',(-0.827999999999999,4.638,11.05));
#6621=CARTESIAN_POINT('',(-0.16,4.638,11.05));
#6622=CARTESIAN_POINT('',(0.828000000000001,2.982,11.05));
#6623=CARTESIAN_POINT('',(0.828000000000001,2.06499999999999,11.05));
#6624=CARTESIAN_POINT('',(-0.827999999999999,2.982,11.05));
#6625=CARTESIAN_POINT('',(0.16,2.982,11.05));
#6626=CARTESIAN_POINT('',(-0.827999999999999,1.74499999999999,11.05));
#6627=CARTESIAN_POINT('',(0.828000000000001,-2.098,11.05));
#6628=CARTESIAN_POINT('',(0.828000000000001,-0.442,11.05));
#6629=CARTESIAN_POINT('',(0.828000000000001,-0.475000000000006,11.05));
#6630=CARTESIAN_POINT('',(-0.827999999999999,-2.098,11.05));
#6631=CARTESIAN_POINT('',(0.16,-2.098,11.05));
#6632=CARTESIAN_POINT('',(-0.827999999999999,-0.442,11.05));
#6633=CARTESIAN_POINT('',(-0.827999999999999,-0.795000000000007,11.05));
#6634=CARTESIAN_POINT('',(-0.16,-0.442,11.05));
#6635=CARTESIAN_POINT('',(0.828000000000001,7.178,11.05));
#6636=CARTESIAN_POINT('',(-0.827999999999999,7.178,11.05));
#6637=CARTESIAN_POINT('',(-0.16,7.178,11.05));
#6638=CARTESIAN_POINT('',(0.828000000000001,5.522,11.05));
#6639=CARTESIAN_POINT('',(0.828000000000001,3.33499999999999,11.05));
#6640=CARTESIAN_POINT('',(-0.827999999999999,5.522,11.05));
#6641=CARTESIAN_POINT('',(0.16,5.522,11.05));
#6642=CARTESIAN_POINT('',(-0.827999999999999,3.01499999999999,11.05));
#6643=CARTESIAN_POINT('',(-0.827999999999999,0.442,11.05));
#6644=CARTESIAN_POINT('',(0.828000000000001,0.442,11.05));
#6645=CARTESIAN_POINT('',(0.16,0.442,11.05));
#6646=CARTESIAN_POINT('',(-0.827999999999999,2.098,11.05));
#6647=CARTESIAN_POINT('',(-0.827999999999999,0.474999999999993,11.05));
#6648=CARTESIAN_POINT('',(0.828000000000001,2.098,11.05));
#6649=CARTESIAN_POINT('',(-0.16,2.098,11.05));
#6650=CARTESIAN_POINT('',(0.828000000000001,0.794999999999994,11.05));
#6651=CARTESIAN_POINT('Origin',(-0.16,-8.316,10.796));
#6652=CARTESIAN_POINT('',(-0.319999999999999,-8.57,10.542));
#6653=CARTESIAN_POINT('',(-0.827999999999999,-8.062,11.05));
#6654=CARTESIAN_POINT('',(0.320000000000001,-8.57,10.542));
#6655=CARTESIAN_POINT('',(-0.16,-8.57,10.542));
#6656=CARTESIAN_POINT('',(0.828000000000001,-8.062,11.05));
#6657=CARTESIAN_POINT('Origin',(-0.574,-4.60500000000001,10.796));
#6658=CARTESIAN_POINT('',(-0.319999999999999,-9.21,10.542));
#6659=CARTESIAN_POINT('',(-0.827999999999999,-9.718,11.05));
#6660=CARTESIAN_POINT('',(-0.32,-4.60500000000001,10.542));
#6661=CARTESIAN_POINT('Origin',(0.16,-9.464,10.796));
#6662=CARTESIAN_POINT('',(0.320000000000001,-9.21,10.542));
#6663=CARTESIAN_POINT('',(0.828000000000001,-9.718,11.05));
#6664=CARTESIAN_POINT('',(0.16,-9.21,10.542));
#6665=CARTESIAN_POINT('Origin',(0.574000000000001,-4.28500000000001,10.796));
#6666=CARTESIAN_POINT('',(0.320000000000001,-4.28500000000001,10.542));
#6667=CARTESIAN_POINT('Origin',(0.320000000000001,-8.57,2.54));
#6668=CARTESIAN_POINT('',(0.320000000000001,-8.57,4.));
#6669=CARTESIAN_POINT('',(0.320000000000001,-8.57,2.54));
#6670=CARTESIAN_POINT('',(0.320000000000001,-9.21,4.));
#6671=CARTESIAN_POINT('',(0.320000000000001,-8.73,4.));
#6672=CARTESIAN_POINT('',(0.320000000000001,-9.21,2.54));
#6673=CARTESIAN_POINT('Origin',(-0.319999999999999,-8.57,2.54));
#6674=CARTESIAN_POINT('',(-0.319999999999999,-8.57,4.));
#6675=CARTESIAN_POINT('',(-0.319999999999999,-8.57,2.54));
#6676=CARTESIAN_POINT('',(-0.159999999999999,-8.57,4.));
#6677=CARTESIAN_POINT('Origin',(0.16,0.696,10.796));
#6678=CARTESIAN_POINT('',(0.320000000000001,0.95,10.542));
#6679=CARTESIAN_POINT('',(0.828000000000001,0.442,11.05));
#6680=CARTESIAN_POINT('',(-0.319999999999999,0.95,10.542));
#6681=CARTESIAN_POINT('',(0.16,0.95,10.542));
#6682=CARTESIAN_POINT('',(-0.827999999999999,0.442,11.05));
#6683=CARTESIAN_POINT('Origin',(0.574000000000001,0.794999999999994,10.796));
#6684=CARTESIAN_POINT('',(0.320000000000001,1.59,10.542));
#6685=CARTESIAN_POINT('',(0.828000000000001,2.098,11.05));
#6686=CARTESIAN_POINT('',(0.320000000000001,0.794999999999994,10.542));
#6687=CARTESIAN_POINT('Origin',(-0.16,1.844,10.796));
#6688=CARTESIAN_POINT('',(-0.319999999999999,1.59,10.542));
#6689=CARTESIAN_POINT('',(-0.827999999999999,2.098,11.05));
#6690=CARTESIAN_POINT('',(-0.16,1.59,10.542));
#6691=CARTESIAN_POINT('Origin',(-0.573999999999999,0.474999999999993,10.796));
#6692=CARTESIAN_POINT('',(-0.319999999999999,0.474999999999993,10.542));
#6693=CARTESIAN_POINT('Origin',(-0.319999999999999,0.95,2.54));
#6694=CARTESIAN_POINT('',(-0.319999999999999,0.95,4.));
#6695=CARTESIAN_POINT('',(-0.319999999999999,0.95,2.54));
#6696=CARTESIAN_POINT('',(-0.319999999999999,1.59,4.));
#6697=CARTESIAN_POINT('',(-0.319999999999999,1.11,4.));
#6698=CARTESIAN_POINT('',(-0.319999999999999,1.59,2.54));
#6699=CARTESIAN_POINT('Origin',(0.320000000000001,0.95,2.54));
#6700=CARTESIAN_POINT('',(0.320000000000001,0.95,4.));
#6701=CARTESIAN_POINT('',(0.320000000000001,0.95,2.54));
#6702=CARTESIAN_POINT('',(0.160000000000001,0.95,4.));
#6703=CARTESIAN_POINT('Origin',(0.16,8.316,10.796));
#6704=CARTESIAN_POINT('',(0.320000000000001,8.57,10.542));
#6705=CARTESIAN_POINT('',(0.828000000000001,8.062,11.05));
#6706=CARTESIAN_POINT('',(-0.319999999999999,8.57,10.542));
#6707=CARTESIAN_POINT('',(0.16,8.57,10.542));
#6708=CARTESIAN_POINT('',(-0.827999999999999,8.062,11.05));
#6709=CARTESIAN_POINT('Origin',(0.574000000000001,4.605,10.796));
#6710=CARTESIAN_POINT('',(0.320000000000001,9.21,10.542));
#6711=CARTESIAN_POINT('',(0.828000000000001,9.718,11.05));
#6712=CARTESIAN_POINT('',(0.320000000000001,4.605,10.542));
#6713=CARTESIAN_POINT('Origin',(-0.16,9.464,10.796));
#6714=CARTESIAN_POINT('',(-0.319999999999999,9.21,10.542));
#6715=CARTESIAN_POINT('',(-0.827999999999999,9.718,11.05));
#6716=CARTESIAN_POINT('',(-0.16,9.21,10.542));
#6717=CARTESIAN_POINT('Origin',(-0.573999999999998,4.28499999999999,10.796));
#6718=CARTESIAN_POINT('',(-0.319999999999998,4.28499999999999,10.542));
#6719=CARTESIAN_POINT('Origin',(-0.319999999999999,8.57,2.54));
#6720=CARTESIAN_POINT('',(-0.319999999999999,8.57,4.));
#6721=CARTESIAN_POINT('',(-0.319999999999999,8.57,2.54));
#6722=CARTESIAN_POINT('',(-0.319999999999999,9.21,4.));
#6723=CARTESIAN_POINT('',(-0.319999999999999,8.73,4.));
#6724=CARTESIAN_POINT('',(-0.319999999999999,9.21,2.54));
#6725=CARTESIAN_POINT('Origin',(0.320000000000001,8.57,2.54));
#6726=CARTESIAN_POINT('',(0.320000000000001,8.57,4.));
#6727=CARTESIAN_POINT('',(0.320000000000001,8.57,2.54));
#6728=CARTESIAN_POINT('',(0.160000000000001,8.57,4.));
#6729=CARTESIAN_POINT('Origin',(-0.16,6.924,10.796));
#6730=CARTESIAN_POINT('',(-0.319999999999999,6.67,10.542));
#6731=CARTESIAN_POINT('',(-0.827999999999999,7.178,11.05));
#6732=CARTESIAN_POINT('',(0.320000000000001,6.67,10.542));
#6733=CARTESIAN_POINT('',(-0.16,6.67,10.542));
#6734=CARTESIAN_POINT('',(0.828000000000001,7.178,11.05));
#6735=CARTESIAN_POINT('Origin',(-0.573999999999998,3.01499999999999,10.796));
#6736=CARTESIAN_POINT('',(-0.319999999999999,6.03,10.542));
#6737=CARTESIAN_POINT('',(-0.827999999999999,5.522,11.05));
#6738=CARTESIAN_POINT('',(-0.319999999999998,3.01499999999999,10.542));
#6739=CARTESIAN_POINT('Origin',(0.16,5.776,10.796));
#6740=CARTESIAN_POINT('',(0.320000000000001,6.03,10.542));
#6741=CARTESIAN_POINT('',(0.828000000000001,5.522,11.05));
#6742=CARTESIAN_POINT('',(0.16,6.03,10.542));
#6743=CARTESIAN_POINT('Origin',(0.574000000000001,3.33499999999999,10.796));
#6744=CARTESIAN_POINT('',(0.320000000000001,3.33499999999999,10.542));
#6745=CARTESIAN_POINT('Origin',(0.320000000000001,6.67,2.54));
#6746=CARTESIAN_POINT('',(0.320000000000001,6.67,4.));
#6747=CARTESIAN_POINT('',(0.320000000000001,6.67,2.54));
#6748=CARTESIAN_POINT('',(0.320000000000001,6.03,4.));
#6749=CARTESIAN_POINT('',(0.320000000000001,6.51,4.));
#6750=CARTESIAN_POINT('',(0.320000000000001,6.03,2.54));
#6751=CARTESIAN_POINT('Origin',(-0.319999999999999,6.67,2.54));
#6752=CARTESIAN_POINT('',(-0.319999999999999,6.67,4.));
#6753=CARTESIAN_POINT('',(-0.319999999999999,6.67,2.54));
#6754=CARTESIAN_POINT('',(-0.159999999999999,6.67,4.));
#6755=CARTESIAN_POINT('Origin',(-0.16,-5.776,10.796));
#6756=CARTESIAN_POINT('',(-0.319999999999999,-6.03,10.542));
#6757=CARTESIAN_POINT('',(-0.827999999999999,-5.522,11.05));
#6758=CARTESIAN_POINT('',(0.320000000000001,-6.03,10.542));
#6759=CARTESIAN_POINT('',(-0.16,-6.03,10.542));
#6760=CARTESIAN_POINT('',(0.828000000000001,-5.522,11.05));
#6761=CARTESIAN_POINT('Origin',(-0.574,-3.33500000000001,10.796));
#6762=CARTESIAN_POINT('',(-0.319999999999999,-6.67,10.542));
#6763=CARTESIAN_POINT('',(-0.827999999999999,-7.178,11.05));
#6764=CARTESIAN_POINT('',(-0.32,-3.33500000000001,10.542));
#6765=CARTESIAN_POINT('Origin',(0.16,-6.924,10.796));
#6766=CARTESIAN_POINT('',(0.320000000000001,-6.67,10.542));
#6767=CARTESIAN_POINT('',(0.828000000000001,-7.178,11.05));
#6768=CARTESIAN_POINT('',(0.16,-6.67,10.542));
#6769=CARTESIAN_POINT('Origin',(0.574000000000001,-3.01500000000001,10.796));
#6770=CARTESIAN_POINT('',(0.320000000000001,-3.01500000000001,10.542));
#6771=CARTESIAN_POINT('Origin',(0.320000000000001,-6.03,2.54));
#6772=CARTESIAN_POINT('',(0.320000000000001,-6.03,4.));
#6773=CARTESIAN_POINT('',(0.320000000000001,-6.03,2.54));
#6774=CARTESIAN_POINT('',(0.320000000000001,-6.67,4.));
#6775=CARTESIAN_POINT('',(0.320000000000001,-6.19,4.));
#6776=CARTESIAN_POINT('',(0.320000000000001,-6.67,2.54));
#6777=CARTESIAN_POINT('Origin',(-0.319999999999999,-6.03,2.54));
#6778=CARTESIAN_POINT('',(-0.319999999999999,-6.03,4.));
#6779=CARTESIAN_POINT('',(-0.319999999999999,-6.03,2.54));
#6780=CARTESIAN_POINT('',(-0.159999999999999,-6.03,4.));
#6781=CARTESIAN_POINT('Origin',(0.574000000000001,-0.475000000000006,10.796));
#6782=CARTESIAN_POINT('',(0.320000000000001,-0.95,10.542));
#6783=CARTESIAN_POINT('',(0.828000000000001,-0.442,11.05));
#6784=CARTESIAN_POINT('',(0.320000000000001,-1.59,10.542));
#6785=CARTESIAN_POINT('',(0.320000000000001,-0.475000000000006,10.542));
#6786=CARTESIAN_POINT('',(0.828000000000001,-2.098,11.05));
#6787=CARTESIAN_POINT('Origin',(-0.16,-0.696,10.796));
#6788=CARTESIAN_POINT('',(-0.319999999999999,-0.95,10.542));
#6789=CARTESIAN_POINT('',(-0.827999999999999,-0.442,11.05));
#6790=CARTESIAN_POINT('',(-0.16,-0.95,10.542));
#6791=CARTESIAN_POINT('Origin',(-0.573999999999999,-0.795000000000007,10.796));
#6792=CARTESIAN_POINT('',(-0.319999999999999,-1.59,10.542));
#6793=CARTESIAN_POINT('',(-0.827999999999999,-2.098,11.05));
#6794=CARTESIAN_POINT('',(-0.319999999999999,-0.795000000000007,10.542));
#6795=CARTESIAN_POINT('Origin',(0.16,-1.844,10.796));
#6796=CARTESIAN_POINT('',(0.16,-1.59,10.542));
#6797=CARTESIAN_POINT('Origin',(0.320000000000001,-1.59,2.54));
#6798=CARTESIAN_POINT('',(0.320000000000001,-1.59,4.));
#6799=CARTESIAN_POINT('',(0.320000000000001,-1.59,2.54));
#6800=CARTESIAN_POINT('',(-0.319999999999999,-1.59,4.));
#6801=CARTESIAN_POINT('',(0.160000000000001,-1.59,4.));
#6802=CARTESIAN_POINT('',(-0.319999999999999,-1.59,2.54));
#6803=CARTESIAN_POINT('Origin',(0.320000000000001,-0.95,2.54));
#6804=CARTESIAN_POINT('',(0.320000000000001,-0.95,4.));
#6805=CARTESIAN_POINT('',(0.320000000000001,-0.95,2.54));
#6806=CARTESIAN_POINT('',(0.320000000000001,-1.11,4.));
#6807=CARTESIAN_POINT('Origin',(-0.16,4.384,10.796));
#6808=CARTESIAN_POINT('',(-0.319999999999999,4.13,10.542));
#6809=CARTESIAN_POINT('',(-0.827999999999999,4.638,11.05));
#6810=CARTESIAN_POINT('',(0.320000000000001,4.13,10.542));
#6811=CARTESIAN_POINT('',(-0.16,4.13,10.542));
#6812=CARTESIAN_POINT('',(0.828000000000001,4.638,11.05));
#6813=CARTESIAN_POINT('Origin',(-0.573999999999999,1.74499999999999,10.796));
#6814=CARTESIAN_POINT('',(-0.319999999999999,3.49,10.542));
#6815=CARTESIAN_POINT('',(-0.827999999999999,2.982,11.05));
#6816=CARTESIAN_POINT('',(-0.319999999999999,1.74499999999999,10.542));
#6817=CARTESIAN_POINT('Origin',(0.16,3.236,10.796));
#6818=CARTESIAN_POINT('',(0.320000000000001,3.49,10.542));
#6819=CARTESIAN_POINT('',(0.828000000000001,2.982,11.05));
#6820=CARTESIAN_POINT('',(0.16,3.49,10.542));
#6821=CARTESIAN_POINT('Origin',(0.574000000000001,2.06499999999999,10.796));
#6822=CARTESIAN_POINT('',(0.320000000000001,2.06499999999999,10.542));
#6823=CARTESIAN_POINT('Origin',(0.320000000000001,4.13,2.54));
#6824=CARTESIAN_POINT('',(0.320000000000001,4.13,4.));
#6825=CARTESIAN_POINT('',(0.320000000000001,4.13,2.54));
#6826=CARTESIAN_POINT('',(0.320000000000001,3.49,4.));
#6827=CARTESIAN_POINT('',(0.320000000000001,3.97,4.));
#6828=CARTESIAN_POINT('',(0.320000000000001,3.49,2.54));
#6829=CARTESIAN_POINT('Origin',(-0.319999999999999,4.13,2.54));
#6830=CARTESIAN_POINT('',(-0.319999999999999,4.13,4.));
#6831=CARTESIAN_POINT('',(-0.319999999999999,4.13,2.54));
#6832=CARTESIAN_POINT('',(-0.159999999999999,4.13,4.));
#6833=CARTESIAN_POINT('Origin',(-0.319999999999999,-9.21,0.));
#6834=CARTESIAN_POINT('',(-0.319999999999999,-9.21,2.794));
#6835=CARTESIAN_POINT('',(-0.319999999999999,-8.57,2.794));
#6836=CARTESIAN_POINT('',(-0.319999999999999,-8.65555555555556,2.794));
#6837=CARTESIAN_POINT('',(-0.319999999999999,-8.57,2.54));
#6838=CARTESIAN_POINT('',(-0.319999999999999,-8.57,0.));
#6839=CARTESIAN_POINT('',(-0.319999999999999,-9.21,2.54));
#6840=CARTESIAN_POINT('',(-0.319999999999999,-9.05,2.54));
#6841=CARTESIAN_POINT('',(-0.319999999999999,-9.21,0.));
#6842=CARTESIAN_POINT('Origin',(-0.319999999999999,-8.57,0.));
#6843=CARTESIAN_POINT('',(0.320000000000001,-8.57,2.794));
#6844=CARTESIAN_POINT('',(-0.762499999999999,-8.57,2.794));
#6845=CARTESIAN_POINT('',(0.320000000000001,-8.57,2.54));
#6846=CARTESIAN_POINT('',(0.320000000000001,-8.57,0.));
#6847=CARTESIAN_POINT('',(-0.16,-8.57,2.54));
#6848=CARTESIAN_POINT('Origin',(-0.214166666666666,-9.05,-7.25416666666667));
#6849=CARTESIAN_POINT('',(-0.108333333333332,-8.78166666666667,-7.36));
#6850=CARTESIAN_POINT('',(-0.108333333333332,-8.99833333333334,-7.36));
#6851=CARTESIAN_POINT('',(-0.108333333333332,-9.05,-7.36));
#6852=CARTESIAN_POINT('',(-0.319999999999999,-9.21,-7.14833333333333));
#6853=CARTESIAN_POINT('',(-0.108333333333332,-8.99833333333334,-7.36));
#6854=CARTESIAN_POINT('',(-0.319999999999999,-8.57,-7.14833333333333));
#6855=CARTESIAN_POINT('',(-0.319999999999999,-9.05,-7.14833333333333));
#6856=CARTESIAN_POINT('',(-0.108333333333332,-8.78166666666667,-7.36));
#6857=CARTESIAN_POINT('Origin',(0.160000000000001,-9.10416666666667,-7.25416666666667));
#6858=CARTESIAN_POINT('',(0.108333333333334,-8.99833333333334,-7.36));
#6859=CARTESIAN_POINT('',(0.160000000000001,-8.99833333333334,-7.36));
#6860=CARTESIAN_POINT('',(0.320000000000001,-9.21,-7.14833333333333));
#6861=CARTESIAN_POINT('',(0.108333333333334,-8.99833333333334,-7.36));
#6862=CARTESIAN_POINT('',(0.160000000000001,-9.21,-7.14833333333333));
#6863=CARTESIAN_POINT('Origin',(0.214166666666668,-8.73,-7.25416666666667));
#6864=CARTESIAN_POINT('',(0.108333333333334,-8.78166666666667,-7.36));
#6865=CARTESIAN_POINT('',(0.108333333333334,-8.73,-7.36));
#6866=CARTESIAN_POINT('',(0.320000000000001,-8.57,-7.14833333333333));
#6867=CARTESIAN_POINT('',(0.108333333333334,-8.78166666666667,-7.36));
#6868=CARTESIAN_POINT('',(0.320000000000001,-8.73,-7.14833333333333));
#6869=CARTESIAN_POINT('Origin',(-0.159999999999999,-8.67583333333334,-7.25416666666667));
#6870=CARTESIAN_POINT('',(-0.159999999999999,-8.57,-7.14833333333333));
#6871=CARTESIAN_POINT('',(-0.159999999999999,-8.78166666666667,-7.36));
#6872=CARTESIAN_POINT('Origin',(-0.319999999999999,-8.57,0.));
#6873=CARTESIAN_POINT('',(-0.319999999999999,-8.57,0.));
#6874=CARTESIAN_POINT('',(-0.319999999999999,-8.57,0.));
#6875=CARTESIAN_POINT('',(0.320000000000001,-8.57,0.));
#6876=CARTESIAN_POINT('',(-0.16,-8.57,0.));
#6877=CARTESIAN_POINT('',(0.320000000000001,-8.57,0.));
#6878=CARTESIAN_POINT('Origin',(-0.319999999999999,-9.21,0.));
#6879=CARTESIAN_POINT('',(-0.319999999999999,-9.21,0.));
#6880=CARTESIAN_POINT('',(-0.319999999999999,-9.21,0.));
#6881=CARTESIAN_POINT('',(-0.319999999999999,-9.05,0.));
#6882=CARTESIAN_POINT('Origin',(9.0205620750794E-16,-8.89,-7.36));
#6883=CARTESIAN_POINT('Origin',(-1.078,-10.033,0.));
#6884=CARTESIAN_POINT('',(-1.205,-9.906,2.54));
#6885=CARTESIAN_POINT('',(-0.951,-10.16,2.54));
#6886=CARTESIAN_POINT('',(-3.31675,-7.79425000000001,2.54));
#6887=CARTESIAN_POINT('',(-1.205,-9.906,0.));
#6888=CARTESIAN_POINT('',(-1.205,-9.906,0.));
#6889=CARTESIAN_POINT('',(-0.951,-10.16,0.));
#6890=CARTESIAN_POINT('',(-1.09425,-10.01675,0.));
#6891=CARTESIAN_POINT('',(-0.951,-10.16,0.));
#6892=CARTESIAN_POINT('Origin',(-1.205,-10.16,0.));
#6893=CARTESIAN_POINT('',(0.951,-10.16,0.));
#6894=CARTESIAN_POINT('',(1.205,-10.16,0.));
#6895=CARTESIAN_POINT('',(0.951,-10.16,2.54));
#6896=CARTESIAN_POINT('',(0.951,-10.16,0.));
#6897=CARTESIAN_POINT('',(-0.6025,-10.16,2.54));
#6898=CARTESIAN_POINT('Origin',(-1.078,-7.747,0.));
#6899=CARTESIAN_POINT('',(-0.951,-7.62,2.54));
#6900=CARTESIAN_POINT('',(-1.205,-7.874,2.54));
#6901=CARTESIAN_POINT('',(1.12825,-5.54075000000002,2.54));
#6902=CARTESIAN_POINT('',(-0.951,-7.62,0.));
#6903=CARTESIAN_POINT('',(-0.951,-7.62,0.));
#6904=CARTESIAN_POINT('',(-1.205,-7.874,0.));
#6905=CARTESIAN_POINT('',(-1.09425,-7.76325,0.));
#6906=CARTESIAN_POINT('',(-1.205,-7.874,0.));
#6907=CARTESIAN_POINT('Origin',(1.078,-7.747,0.));
#6908=CARTESIAN_POINT('',(1.205,-7.874,2.54));
#6909=CARTESIAN_POINT('',(0.951,-7.62,2.54));
#6910=CARTESIAN_POINT('',(-1.12825,-5.54075000000001,2.54));
#6911=CARTESIAN_POINT('',(1.205,-7.874,0.));
#6912=CARTESIAN_POINT('',(1.205,-7.874,0.));
#6913=CARTESIAN_POINT('',(0.951,-7.62,0.));
#6914=CARTESIAN_POINT('',(1.09425,-7.76325,0.));
#6915=CARTESIAN_POINT('',(0.951,-7.62,0.));
#6916=CARTESIAN_POINT('Origin',(1.078,-10.033,0.));
#6917=CARTESIAN_POINT('',(1.205,-9.906,2.54));
#6918=CARTESIAN_POINT('',(3.31675,-7.79425000000002,2.54));
#6919=CARTESIAN_POINT('',(1.205,-9.906,0.));
#6920=CARTESIAN_POINT('',(1.09425,-10.01675,0.));
#6921=CARTESIAN_POINT('',(1.205,-9.906,0.));
#6922=CARTESIAN_POINT('Origin',(0.320000000000001,-8.57,0.));
#6923=CARTESIAN_POINT('',(0.320000000000001,-9.21,0.));
#6924=CARTESIAN_POINT('',(0.320000000000001,-8.73,0.));
#6925=CARTESIAN_POINT('',(0.320000000000001,-9.21,0.));
#6926=CARTESIAN_POINT('Origin',(0.320000000000001,-9.21,0.));
#6927=CARTESIAN_POINT('',(0.16,-9.21,0.));
#6928=CARTESIAN_POINT('Origin',(9.0205620750794E-16,-8.89,4.));
#6929=CARTESIAN_POINT('',(-0.319999999999999,-9.21,4.));
#6930=CARTESIAN_POINT('',(-0.319999999999999,-9.05,4.));
#6931=CARTESIAN_POINT('',(0.160000000000001,-9.21,4.));
#6932=CARTESIAN_POINT('Origin',(0.320000000000001,-9.21,0.));
#6933=CARTESIAN_POINT('',(0.320000000000001,-9.21,2.794));
#6934=CARTESIAN_POINT('',(-0.442499999999999,-9.21,2.794));
#6935=CARTESIAN_POINT('',(0.320000000000001,-9.21,2.54));
#6936=CARTESIAN_POINT('',(0.16,-9.21,2.54));
#6937=CARTESIAN_POINT('',(0.320000000000001,-9.21,0.));
#6938=CARTESIAN_POINT('Origin',(0.320000000000001,-8.57,0.));
#6939=CARTESIAN_POINT('',(0.320000000000001,-8.33555555555556,2.794));
#6940=CARTESIAN_POINT('',(0.320000000000001,-8.73,2.54));
#6941=CARTESIAN_POINT('Origin',(0.,-8.89,2.54));
#6942=CARTESIAN_POINT('',(-1.205,-9.62111111111111,2.54));
#6943=CARTESIAN_POINT('',(1.205,-9.62111111111111,2.54));
#6944=CARTESIAN_POINT('',(-0.6025,-9.62111111111111,2.54));
#6945=CARTESIAN_POINT('',(1.205,-8.10111111111111,2.54));
#6946=CARTESIAN_POINT('',(1.205,-7.62,2.54));
#6947=CARTESIAN_POINT('',(-1.205,-8.10111111111111,2.54));
#6948=CARTESIAN_POINT('',(-0.6025,-8.10111111111111,2.54));
#6949=CARTESIAN_POINT('',(-1.205,-10.16,2.54));
#6950=CARTESIAN_POINT('Origin',(-2.77555756156289E-16,-1.33226762955019E-14,
2.54));
#6951=CARTESIAN_POINT('',(1.205,-7.366,2.54));
#6952=CARTESIAN_POINT('',(2.68175,-5.88925000000002,2.54));
#6953=CARTESIAN_POINT('',(1.205,-10.415,2.54));
#6954=CARTESIAN_POINT('Origin',(0.320000000000001,-9.21,2.54));
#6955=CARTESIAN_POINT('',(-0.319999999999999,-9.21,2.54));
#6956=CARTESIAN_POINT('Origin',(-0.319999999999999,-9.21,2.54));
#6957=CARTESIAN_POINT('Origin',(-0.319999999999999,-6.67,0.));
#6958=CARTESIAN_POINT('',(-0.319999999999999,-6.67,2.794));
#6959=CARTESIAN_POINT('',(-0.319999999999999,-6.03,2.794));
#6960=CARTESIAN_POINT('',(-0.319999999999999,-6.11555555555556,2.794));
#6961=CARTESIAN_POINT('',(-0.319999999999999,-6.03,2.54));
#6962=CARTESIAN_POINT('',(-0.319999999999999,-6.03,0.));
#6963=CARTESIAN_POINT('',(-0.319999999999999,-6.67,2.54));
#6964=CARTESIAN_POINT('',(-0.319999999999999,-6.51,2.54));
#6965=CARTESIAN_POINT('',(-0.319999999999999,-6.67,0.));
#6966=CARTESIAN_POINT('Origin',(-0.319999999999999,-6.03,0.));
#6967=CARTESIAN_POINT('',(0.320000000000001,-6.03,2.794));
#6968=CARTESIAN_POINT('',(-0.762499999999999,-6.03,2.794));
#6969=CARTESIAN_POINT('',(0.320000000000001,-6.03,2.54));
#6970=CARTESIAN_POINT('',(0.320000000000001,-6.03,0.));
#6971=CARTESIAN_POINT('',(-0.16,-6.03,2.54));
#6972=CARTESIAN_POINT('Origin',(-0.214166666666666,-6.51,-7.25416666666667));
#6973=CARTESIAN_POINT('',(-0.108333333333332,-6.24166666666667,-7.36));
#6974=CARTESIAN_POINT('',(-0.108333333333332,-6.45833333333334,-7.36));
#6975=CARTESIAN_POINT('',(-0.108333333333332,-6.51,-7.36));
#6976=CARTESIAN_POINT('',(-0.319999999999999,-6.67,-7.14833333333333));
#6977=CARTESIAN_POINT('',(-0.108333333333332,-6.45833333333334,-7.36));
#6978=CARTESIAN_POINT('',(-0.319999999999999,-6.03,-7.14833333333333));
#6979=CARTESIAN_POINT('',(-0.319999999999999,-6.51,-7.14833333333333));
#6980=CARTESIAN_POINT('',(-0.108333333333332,-6.24166666666667,-7.36));
#6981=CARTESIAN_POINT('Origin',(0.160000000000001,-6.56416666666667,-7.25416666666667));
#6982=CARTESIAN_POINT('',(0.108333333333334,-6.45833333333334,-7.36));
#6983=CARTESIAN_POINT('',(0.160000000000001,-6.45833333333334,-7.36));
#6984=CARTESIAN_POINT('',(0.320000000000001,-6.67,-7.14833333333333));
#6985=CARTESIAN_POINT('',(0.108333333333334,-6.45833333333334,-7.36));
#6986=CARTESIAN_POINT('',(0.160000000000001,-6.67,-7.14833333333333));
#6987=CARTESIAN_POINT('Origin',(0.214166666666668,-6.19,-7.25416666666667));
#6988=CARTESIAN_POINT('',(0.108333333333334,-6.24166666666667,-7.36));
#6989=CARTESIAN_POINT('',(0.108333333333334,-6.19,-7.36));
#6990=CARTESIAN_POINT('',(0.320000000000001,-6.03,-7.14833333333333));
#6991=CARTESIAN_POINT('',(0.108333333333334,-6.24166666666667,-7.36));
#6992=CARTESIAN_POINT('',(0.320000000000001,-6.19,-7.14833333333333));
#6993=CARTESIAN_POINT('Origin',(-0.159999999999999,-6.13583333333334,-7.25416666666667));
#6994=CARTESIAN_POINT('',(-0.159999999999999,-6.03,-7.14833333333333));
#6995=CARTESIAN_POINT('',(-0.159999999999999,-6.24166666666667,-7.36));
#6996=CARTESIAN_POINT('Origin',(-0.319999999999999,-6.03,0.));
#6997=CARTESIAN_POINT('',(-0.319999999999999,-6.03,0.));
#6998=CARTESIAN_POINT('',(-0.319999999999999,-6.03,0.));
#6999=CARTESIAN_POINT('',(0.320000000000001,-6.03,0.));
#7000=CARTESIAN_POINT('',(-0.16,-6.03,0.));
#7001=CARTESIAN_POINT('',(0.320000000000001,-6.03,0.));
#7002=CARTESIAN_POINT('Origin',(-0.319999999999999,-6.67,0.));
#7003=CARTESIAN_POINT('',(-0.319999999999999,-6.67,0.));
#7004=CARTESIAN_POINT('',(-0.319999999999999,-6.67,0.));
#7005=CARTESIAN_POINT('',(-0.319999999999999,-6.51,0.));
#7006=CARTESIAN_POINT('Origin',(9.0205620750794E-16,-6.35,-7.36));
#7007=CARTESIAN_POINT('Origin',(-1.078,-7.493,0.));
#7008=CARTESIAN_POINT('',(-1.205,-7.366,2.54));
#7009=CARTESIAN_POINT('',(-2.68175,-5.88925000000001,2.54));
#7010=CARTESIAN_POINT('',(-1.205,-7.366,0.));
#7011=CARTESIAN_POINT('',(-1.205,-7.366,0.));
#7012=CARTESIAN_POINT('',(-1.09425,-7.47675,0.));
#7013=CARTESIAN_POINT('Origin',(-1.078,-5.207,0.));
#7014=CARTESIAN_POINT('',(-0.951,-5.08,2.54));
#7015=CARTESIAN_POINT('',(-1.205,-5.334,2.54));
#7016=CARTESIAN_POINT('',(0.493249999999999,-3.63575000000001,2.54));
#7017=CARTESIAN_POINT('',(-0.951,-5.08,0.));
#7018=CARTESIAN_POINT('',(-0.951,-5.08,0.));
#7019=CARTESIAN_POINT('',(-1.205,-5.334,0.));
#7020=CARTESIAN_POINT('',(-1.09425,-5.22325,0.));
#7021=CARTESIAN_POINT('',(-1.205,-5.334,0.));
#7022=CARTESIAN_POINT('Origin',(1.078,-5.207,0.));
#7023=CARTESIAN_POINT('',(1.205,-5.334,2.54));
#7024=CARTESIAN_POINT('',(0.951,-5.08,2.54));
#7025=CARTESIAN_POINT('',(-0.493249999999997,-3.63575000000001,2.54));
#7026=CARTESIAN_POINT('',(1.205,-5.334,0.));
#7027=CARTESIAN_POINT('',(1.205,-5.334,0.));
#7028=CARTESIAN_POINT('',(0.951,-5.08,0.));
#7029=CARTESIAN_POINT('',(1.09425,-5.22325,0.));
#7030=CARTESIAN_POINT('',(0.951,-5.08,0.));
#7031=CARTESIAN_POINT('Origin',(1.078,-7.493,0.));
#7032=CARTESIAN_POINT('',(1.205,-7.366,0.));
#7033=CARTESIAN_POINT('',(1.09425,-7.47675,0.));
#7034=CARTESIAN_POINT('',(1.205,-7.366,0.));
#7035=CARTESIAN_POINT('Origin',(0.320000000000001,-6.03,0.));
#7036=CARTESIAN_POINT('',(0.320000000000001,-6.67,0.));
#7037=CARTESIAN_POINT('',(0.320000000000001,-6.19,0.));
#7038=CARTESIAN_POINT('',(0.320000000000001,-6.67,0.));
#7039=CARTESIAN_POINT('Origin',(0.320000000000001,-6.67,0.));
#7040=CARTESIAN_POINT('',(0.16,-6.67,0.));
#7041=CARTESIAN_POINT('Origin',(9.0205620750794E-16,-6.35,4.));
#7042=CARTESIAN_POINT('',(-0.319999999999999,-6.67,4.));
#7043=CARTESIAN_POINT('',(-0.319999999999999,-6.51,4.));
#7044=CARTESIAN_POINT('',(0.160000000000001,-6.67,4.));
#7045=CARTESIAN_POINT('Origin',(0.320000000000001,-6.67,0.));
#7046=CARTESIAN_POINT('',(0.320000000000001,-6.67,2.794));
#7047=CARTESIAN_POINT('',(-0.442499999999999,-6.67,2.794));
#7048=CARTESIAN_POINT('',(0.320000000000001,-6.67,2.54));
#7049=CARTESIAN_POINT('',(0.16,-6.67,2.54));
#7050=CARTESIAN_POINT('',(0.320000000000001,-6.67,0.));
#7051=CARTESIAN_POINT('Origin',(0.320000000000001,-6.03,0.));
#7052=CARTESIAN_POINT('',(0.320000000000001,-5.79555555555556,2.794));
#7053=CARTESIAN_POINT('',(0.320000000000001,-6.19,2.54));
#7054=CARTESIAN_POINT('Origin',(0.,-6.35,2.54));
#7055=CARTESIAN_POINT('',(-1.205,-7.08111111111111,2.54));
#7056=CARTESIAN_POINT('',(1.205,-7.08111111111111,2.54));
#7057=CARTESIAN_POINT('',(-0.6025,-7.08111111111111,2.54));
#7058=CARTESIAN_POINT('',(1.205,-5.56111111111111,2.54));
#7059=CARTESIAN_POINT('',(1.205,-5.08,2.54));
#7060=CARTESIAN_POINT('',(-1.205,-5.56111111111111,2.54));
#7061=CARTESIAN_POINT('',(-0.6025,-5.56111111111111,2.54));
#7062=CARTESIAN_POINT('',(-1.205,-7.62,2.54));
#7063=CARTESIAN_POINT('Origin',(-2.77555756156289E-16,-1.33226762955019E-14,
2.54));
#7064=CARTESIAN_POINT('',(1.205,-4.826,2.54));
#7065=CARTESIAN_POINT('',(2.04675,-3.98425000000001,2.54));
#7066=CARTESIAN_POINT('',(1.205,-10.415,2.54));
#7067=CARTESIAN_POINT('Origin',(0.320000000000001,-6.67,2.54));
#7068=CARTESIAN_POINT('',(-0.319999999999999,-6.67,2.54));
#7069=CARTESIAN_POINT('Origin',(-0.319999999999999,-6.67,2.54));
#7070=CARTESIAN_POINT('Origin',(-0.319999999999999,-4.13,0.));
#7071=CARTESIAN_POINT('',(-0.319999999999999,-4.13,2.794));
#7072=CARTESIAN_POINT('',(-0.319999999999999,-3.49,2.794));
#7073=CARTESIAN_POINT('',(-0.319999999999999,-3.57555555555556,2.794));
#7074=CARTESIAN_POINT('',(-0.319999999999999,-3.49,2.54));
#7075=CARTESIAN_POINT('',(-0.319999999999999,-3.49,0.));
#7076=CARTESIAN_POINT('',(-0.319999999999999,-4.13,2.54));
#7077=CARTESIAN_POINT('',(-0.319999999999999,-3.97,2.54));
#7078=CARTESIAN_POINT('',(-0.319999999999999,-4.13,0.));
#7079=CARTESIAN_POINT('Origin',(-0.319999999999999,-3.49,0.));
#7080=CARTESIAN_POINT('',(0.320000000000001,-3.49,2.794));
#7081=CARTESIAN_POINT('',(-0.762499999999999,-3.49,2.794));
#7082=CARTESIAN_POINT('',(0.320000000000001,-3.49,2.54));
#7083=CARTESIAN_POINT('',(0.320000000000001,-3.49,0.));
#7084=CARTESIAN_POINT('',(-0.16,-3.49,2.54));
#7085=CARTESIAN_POINT('Origin',(-0.214166666666666,-3.97,-7.25416666666667));
#7086=CARTESIAN_POINT('',(-0.108333333333332,-3.70166666666667,-7.36));
#7087=CARTESIAN_POINT('',(-0.108333333333332,-3.91833333333333,-7.36));
#7088=CARTESIAN_POINT('',(-0.108333333333332,-3.97,-7.36));
#7089=CARTESIAN_POINT('',(-0.319999999999999,-4.13,-7.14833333333333));
#7090=CARTESIAN_POINT('',(-0.108333333333332,-3.91833333333333,-7.36));
#7091=CARTESIAN_POINT('',(-0.319999999999999,-3.49,-7.14833333333333));
#7092=CARTESIAN_POINT('',(-0.319999999999999,-3.97,-7.14833333333333));
#7093=CARTESIAN_POINT('',(-0.108333333333332,-3.70166666666667,-7.36));
#7094=CARTESIAN_POINT('Origin',(0.160000000000001,-4.02416666666667,-7.25416666666667));
#7095=CARTESIAN_POINT('',(0.108333333333334,-3.91833333333333,-7.36));
#7096=CARTESIAN_POINT('',(0.160000000000001,-3.91833333333333,-7.36));
#7097=CARTESIAN_POINT('',(0.320000000000001,-4.13,-7.14833333333333));
#7098=CARTESIAN_POINT('',(0.108333333333334,-3.91833333333333,-7.36));
#7099=CARTESIAN_POINT('',(0.160000000000001,-4.13,-7.14833333333333));
#7100=CARTESIAN_POINT('Origin',(0.214166666666668,-3.65,-7.25416666666667));
#7101=CARTESIAN_POINT('',(0.108333333333334,-3.70166666666667,-7.36));
#7102=CARTESIAN_POINT('',(0.108333333333334,-3.65,-7.36));
#7103=CARTESIAN_POINT('',(0.320000000000001,-3.49,-7.14833333333333));
#7104=CARTESIAN_POINT('',(0.108333333333334,-3.70166666666667,-7.36));
#7105=CARTESIAN_POINT('',(0.320000000000001,-3.65,-7.14833333333333));
#7106=CARTESIAN_POINT('Origin',(-0.159999999999999,-3.59583333333333,-7.25416666666667));
#7107=CARTESIAN_POINT('',(-0.159999999999999,-3.49,-7.14833333333333));
#7108=CARTESIAN_POINT('',(-0.159999999999999,-3.70166666666667,-7.36));
#7109=CARTESIAN_POINT('Origin',(-0.319999999999999,-3.49,0.));
#7110=CARTESIAN_POINT('',(-0.319999999999999,-3.49,0.));
#7111=CARTESIAN_POINT('',(-0.319999999999999,-3.49,0.));
#7112=CARTESIAN_POINT('',(0.320000000000001,-3.49,0.));
#7113=CARTESIAN_POINT('',(-0.16,-3.49,0.));
#7114=CARTESIAN_POINT('',(0.320000000000001,-3.49,0.));
#7115=CARTESIAN_POINT('Origin',(-0.319999999999999,-4.13,0.));
#7116=CARTESIAN_POINT('',(-0.319999999999999,-4.13,0.));
#7117=CARTESIAN_POINT('',(-0.319999999999999,-4.13,0.));
#7118=CARTESIAN_POINT('',(-0.319999999999999,-3.97,0.));
#7119=CARTESIAN_POINT('Origin',(9.0205620750794E-16,-3.81,-7.36));
#7120=CARTESIAN_POINT('Origin',(-1.078,-4.953,0.));
#7121=CARTESIAN_POINT('',(-1.205,-4.826,2.54));
#7122=CARTESIAN_POINT('',(-2.04675,-3.98425,2.54));
#7123=CARTESIAN_POINT('',(-1.205,-4.826,0.));
#7124=CARTESIAN_POINT('',(-1.205,-4.826,0.));
#7125=CARTESIAN_POINT('',(-1.09425,-4.93675,0.));
#7126=CARTESIAN_POINT('Origin',(-1.078,-2.667,0.));
#7127=CARTESIAN_POINT('',(-0.951,-2.54,2.54));
#7128=CARTESIAN_POINT('',(-1.205,-2.794,2.54));
#7129=CARTESIAN_POINT('',(-0.141750000000002,-1.73075000000001,2.54));
#7130=CARTESIAN_POINT('',(-0.951,-2.54,0.));
#7131=CARTESIAN_POINT('',(-0.951,-2.54,0.));
#7132=CARTESIAN_POINT('',(-1.205,-2.794,0.));
#7133=CARTESIAN_POINT('',(-1.09425,-2.68325,0.));
#7134=CARTESIAN_POINT('',(-1.205,-2.794,0.));
#7135=CARTESIAN_POINT('Origin',(1.078,-2.667,0.));
#7136=CARTESIAN_POINT('',(1.205,-2.794,2.54));
#7137=CARTESIAN_POINT('',(0.951,-2.54,2.54));
#7138=CARTESIAN_POINT('',(0.141750000000003,-1.73075,2.54));
#7139=CARTESIAN_POINT('',(1.205,-2.794,0.));
#7140=CARTESIAN_POINT('',(1.205,-2.794,0.));
#7141=CARTESIAN_POINT('',(0.951,-2.54,0.));
#7142=CARTESIAN_POINT('',(1.09425,-2.68325,0.));
#7143=CARTESIAN_POINT('',(0.951,-2.54,0.));
#7144=CARTESIAN_POINT('Origin',(1.078,-4.953,0.));
#7145=CARTESIAN_POINT('',(1.205,-4.826,0.));
#7146=CARTESIAN_POINT('',(1.09425,-4.93675,0.));
#7147=CARTESIAN_POINT('',(1.205,-4.826,0.));
#7148=CARTESIAN_POINT('Origin',(0.320000000000001,-3.49,0.));
#7149=CARTESIAN_POINT('',(0.320000000000001,-4.13,0.));
#7150=CARTESIAN_POINT('',(0.320000000000001,-3.65,0.));
#7151=CARTESIAN_POINT('',(0.320000000000001,-4.13,0.));
#7152=CARTESIAN_POINT('Origin',(0.320000000000001,-4.13,0.));
#7153=CARTESIAN_POINT('',(0.16,-4.13,0.));
#7154=CARTESIAN_POINT('Origin',(9.0205620750794E-16,-3.81,4.));
#7155=CARTESIAN_POINT('',(-0.319999999999999,-4.13,4.));
#7156=CARTESIAN_POINT('',(-0.319999999999999,-3.97,4.));
#7157=CARTESIAN_POINT('',(0.160000000000001,-4.13,4.));
#7158=CARTESIAN_POINT('Origin',(0.320000000000001,-4.13,0.));
#7159=CARTESIAN_POINT('',(0.320000000000001,-4.13,2.794));
#7160=CARTESIAN_POINT('',(-0.442499999999999,-4.13,2.794));
#7161=CARTESIAN_POINT('',(0.320000000000001,-4.13,2.54));
#7162=CARTESIAN_POINT('',(0.16,-4.13,2.54));
#7163=CARTESIAN_POINT('',(0.320000000000001,-4.13,0.));
#7164=CARTESIAN_POINT('Origin',(0.320000000000001,-3.49,0.));
#7165=CARTESIAN_POINT('',(0.320000000000001,-3.25555555555556,2.794));
#7166=CARTESIAN_POINT('',(0.320000000000001,-3.65,2.54));
#7167=CARTESIAN_POINT('Origin',(0.,-3.81,2.54));
#7168=CARTESIAN_POINT('',(-1.205,-4.54111111111111,2.54));
#7169=CARTESIAN_POINT('',(1.205,-4.54111111111111,2.54));
#7170=CARTESIAN_POINT('',(-0.6025,-4.54111111111111,2.54));
#7171=CARTESIAN_POINT('',(1.205,-3.02111111111111,2.54));
#7172=CARTESIAN_POINT('',(1.205,-2.54,2.54));
#7173=CARTESIAN_POINT('',(-1.205,-3.02111111111111,2.54));
#7174=CARTESIAN_POINT('',(-0.6025,-3.02111111111111,2.54));
#7175=CARTESIAN_POINT('',(-1.205,-5.08,2.54));
#7176=CARTESIAN_POINT('Origin',(-2.77555756156289E-16,-1.33226762955019E-14,
2.54));
#7177=CARTESIAN_POINT('',(1.205,-2.286,2.54));
#7178=CARTESIAN_POINT('',(1.41175,-2.07925000000001,2.54));
#7179=CARTESIAN_POINT('',(1.205,-10.415,2.54));
#7180=CARTESIAN_POINT('Origin',(0.320000000000001,-4.13,2.54));
#7181=CARTESIAN_POINT('',(-0.319999999999999,-4.13,2.54));
#7182=CARTESIAN_POINT('Origin',(-0.319999999999999,-4.13,2.54));
#7183=CARTESIAN_POINT('Origin',(-0.319999999999999,-1.59,0.));
#7184=CARTESIAN_POINT('',(-0.319999999999999,-1.59,2.794));
#7185=CARTESIAN_POINT('',(-0.319999999999999,-0.95,2.794));
#7186=CARTESIAN_POINT('',(-0.319999999999999,-1.03555555555556,2.794));
#7187=CARTESIAN_POINT('',(-0.319999999999999,-0.95,2.54));
#7188=CARTESIAN_POINT('',(-0.319999999999999,-0.95,0.));
#7189=CARTESIAN_POINT('',(-0.319999999999999,-1.59,2.54));
#7190=CARTESIAN_POINT('',(-0.319999999999999,-1.43,2.54));
#7191=CARTESIAN_POINT('',(-0.319999999999999,-1.59,0.));
#7192=CARTESIAN_POINT('Origin',(-0.319999999999999,-0.95,0.));
#7193=CARTESIAN_POINT('',(0.320000000000001,-0.95,2.794));
#7194=CARTESIAN_POINT('',(-0.762499999999999,-0.95,2.794));
#7195=CARTESIAN_POINT('',(0.320000000000001,-0.95,2.54));
#7196=CARTESIAN_POINT('',(0.320000000000001,-0.95,0.));
#7197=CARTESIAN_POINT('',(-0.16,-0.95,2.54));
#7198=CARTESIAN_POINT('Origin',(-0.214166666666666,-1.43,-7.25416666666667));
#7199=CARTESIAN_POINT('',(-0.108333333333332,-1.16166666666667,-7.36));
#7200=CARTESIAN_POINT('',(-0.108333333333332,-1.37833333333333,-7.36));
#7201=CARTESIAN_POINT('',(-0.108333333333332,-1.43,-7.36));
#7202=CARTESIAN_POINT('',(-0.319999999999999,-1.59,-7.14833333333333));
#7203=CARTESIAN_POINT('',(-0.108333333333332,-1.37833333333333,-7.36));
#7204=CARTESIAN_POINT('',(-0.319999999999999,-0.95,-7.14833333333333));
#7205=CARTESIAN_POINT('',(-0.319999999999999,-1.43,-7.14833333333333));
#7206=CARTESIAN_POINT('',(-0.108333333333332,-1.16166666666667,-7.36));
#7207=CARTESIAN_POINT('Origin',(0.160000000000001,-1.48416666666667,-7.25416666666667));
#7208=CARTESIAN_POINT('',(0.108333333333334,-1.37833333333333,-7.36));
#7209=CARTESIAN_POINT('',(0.160000000000001,-1.37833333333333,-7.36));
#7210=CARTESIAN_POINT('',(0.320000000000001,-1.59,-7.14833333333333));
#7211=CARTESIAN_POINT('',(0.108333333333334,-1.37833333333333,-7.36));
#7212=CARTESIAN_POINT('',(0.160000000000001,-1.59,-7.14833333333333));
#7213=CARTESIAN_POINT('Origin',(0.214166666666668,-1.11,-7.25416666666667));
#7214=CARTESIAN_POINT('',(0.108333333333334,-1.16166666666667,-7.36));
#7215=CARTESIAN_POINT('',(0.108333333333334,-1.11,-7.36));
#7216=CARTESIAN_POINT('',(0.320000000000001,-0.95,-7.14833333333333));
#7217=CARTESIAN_POINT('',(0.108333333333334,-1.16166666666667,-7.36));
#7218=CARTESIAN_POINT('',(0.320000000000001,-1.11,-7.14833333333333));
#7219=CARTESIAN_POINT('Origin',(-0.159999999999999,-1.05583333333333,-7.25416666666667));
#7220=CARTESIAN_POINT('',(-0.159999999999999,-0.95,-7.14833333333333));
#7221=CARTESIAN_POINT('',(-0.159999999999999,-1.16166666666667,-7.36));
#7222=CARTESIAN_POINT('Origin',(-0.319999999999999,-0.95,0.));
#7223=CARTESIAN_POINT('',(-0.319999999999999,-0.95,0.));
#7224=CARTESIAN_POINT('',(-0.319999999999999,-0.95,0.));
#7225=CARTESIAN_POINT('',(0.320000000000001,-0.95,0.));
#7226=CARTESIAN_POINT('',(-0.16,-0.95,0.));
#7227=CARTESIAN_POINT('',(0.320000000000001,-0.95,0.));
#7228=CARTESIAN_POINT('Origin',(-0.319999999999999,-1.59,0.));
#7229=CARTESIAN_POINT('',(-0.319999999999999,-1.59,0.));
#7230=CARTESIAN_POINT('',(-0.319999999999999,-1.59,0.));
#7231=CARTESIAN_POINT('',(-0.319999999999999,-1.43,0.));
#7232=CARTESIAN_POINT('Origin',(9.0205620750794E-16,-1.27,-7.36));
#7233=CARTESIAN_POINT('Origin',(-1.078,-2.413,0.));
#7234=CARTESIAN_POINT('',(-1.205,-2.286,2.54));
#7235=CARTESIAN_POINT('',(-1.41175,-2.07925,2.54));
#7236=CARTESIAN_POINT('',(-1.205,-2.286,0.));
#7237=CARTESIAN_POINT('',(-1.205,-2.286,0.));
#7238=CARTESIAN_POINT('',(-1.09425,-2.39675,0.));
#7239=CARTESIAN_POINT('Origin',(-1.078,-0.126999999999999,0.));
#7240=CARTESIAN_POINT('',(-0.951,0.,2.54));
#7241=CARTESIAN_POINT('',(-1.205,-0.253999999999999,2.54));
#7242=CARTESIAN_POINT('',(-0.776750000000002,0.174249999999997,2.54));
#7243=CARTESIAN_POINT('',(-0.951,0.,0.));
#7244=CARTESIAN_POINT('',(-0.951,0.,0.));
#7245=CARTESIAN_POINT('',(-1.205,-0.253999999999999,0.));
#7246=CARTESIAN_POINT('',(-1.09425,-0.143249999999997,0.));
#7247=CARTESIAN_POINT('',(-1.205,-0.253999999999999,0.));
#7248=CARTESIAN_POINT('Origin',(1.078,-0.126999999999999,0.));
#7249=CARTESIAN_POINT('',(1.205,-0.254,2.54));
#7250=CARTESIAN_POINT('',(0.951,0.,2.54));
#7251=CARTESIAN_POINT('',(0.776750000000003,0.174249999999997,2.54));
#7252=CARTESIAN_POINT('',(1.205,-0.254,0.));
#7253=CARTESIAN_POINT('',(1.205,-0.254,0.));
#7254=CARTESIAN_POINT('',(0.951,0.,0.));
#7255=CARTESIAN_POINT('',(1.09425,-0.143249999999999,0.));
#7256=CARTESIAN_POINT('',(0.951,0.,0.));
#7257=CARTESIAN_POINT('Origin',(1.078,-2.413,0.));
#7258=CARTESIAN_POINT('',(1.205,-2.286,0.));
#7259=CARTESIAN_POINT('',(1.09425,-2.39675,0.));
#7260=CARTESIAN_POINT('',(1.205,-2.286,0.));
#7261=CARTESIAN_POINT('Origin',(0.320000000000001,-0.95,0.));
#7262=CARTESIAN_POINT('',(0.320000000000001,-1.59,0.));
#7263=CARTESIAN_POINT('',(0.320000000000001,-1.11,0.));
#7264=CARTESIAN_POINT('',(0.320000000000001,-1.59,0.));
#7265=CARTESIAN_POINT('Origin',(0.320000000000001,-1.59,0.));
#7266=CARTESIAN_POINT('',(0.16,-1.59,0.));
#7267=CARTESIAN_POINT('Origin',(9.0205620750794E-16,-1.27,4.));
#7268=CARTESIAN_POINT('',(-0.319999999999999,-0.95,4.));
#7269=CARTESIAN_POINT('',(-0.159999999999999,-0.95,4.));
#7270=CARTESIAN_POINT('',(-0.319999999999999,-1.43,4.));
#7271=CARTESIAN_POINT('Origin',(0.320000000000001,-1.59,0.));
#7272=CARTESIAN_POINT('',(0.320000000000001,-1.59,2.794));
#7273=CARTESIAN_POINT('',(-0.442499999999999,-1.59,2.794));
#7274=CARTESIAN_POINT('',(0.320000000000001,-1.59,2.54));
#7275=CARTESIAN_POINT('',(0.16,-1.59,2.54));
#7276=CARTESIAN_POINT('',(0.320000000000001,-1.59,0.));
#7277=CARTESIAN_POINT('Origin',(0.320000000000001,-0.95,0.));
#7278=CARTESIAN_POINT('',(0.320000000000001,-0.715555555555555,2.794));
#7279=CARTESIAN_POINT('',(0.320000000000001,-1.11,2.54));
#7280=CARTESIAN_POINT('Origin',(0.,-1.27,2.54));
#7281=CARTESIAN_POINT('',(-1.205,-2.00111111111111,2.54));
#7282=CARTESIAN_POINT('',(1.205,-2.00111111111111,2.54));
#7283=CARTESIAN_POINT('',(-0.6025,-2.00111111111111,2.54));
#7284=CARTESIAN_POINT('',(1.205,-0.481111111111111,2.54));
#7285=CARTESIAN_POINT('',(1.205,0.,2.54));
#7286=CARTESIAN_POINT('',(-1.205,-0.481111111111111,2.54));
#7287=CARTESIAN_POINT('',(-0.6025,-0.481111111111111,2.54));
#7288=CARTESIAN_POINT('',(-1.205,-2.54,2.54));
#7289=CARTESIAN_POINT('Origin',(-2.77555756156289E-16,-1.33226762955019E-14,
2.54));
#7290=CARTESIAN_POINT('',(1.205,0.253999999999999,2.54));
#7291=CARTESIAN_POINT('',(0.776749999999995,-0.174250000000004,2.54));
#7292=CARTESIAN_POINT('',(1.205,-10.415,2.54));
#7293=CARTESIAN_POINT('Origin',(-0.319999999999999,-1.59,2.54));
#7294=CARTESIAN_POINT('',(-0.319999999999999,-0.95,2.54));
#7295=CARTESIAN_POINT('Origin',(-0.319999999999999,0.95,0.));
#7296=CARTESIAN_POINT('',(-0.319999999999999,0.95,2.794));
#7297=CARTESIAN_POINT('',(-0.319999999999999,1.59,2.794));
#7298=CARTESIAN_POINT('',(-0.319999999999999,1.50444444444444,2.794));
#7299=CARTESIAN_POINT('',(-0.319999999999999,1.59,2.54));
#7300=CARTESIAN_POINT('',(-0.319999999999999,1.59,0.));
#7301=CARTESIAN_POINT('',(-0.319999999999999,0.95,2.54));
#7302=CARTESIAN_POINT('',(-0.319999999999999,1.11,2.54));
#7303=CARTESIAN_POINT('',(-0.319999999999999,0.95,0.));
#7304=CARTESIAN_POINT('Origin',(-0.319999999999999,1.59,0.));
#7305=CARTESIAN_POINT('',(0.320000000000001,1.59,2.794));
#7306=CARTESIAN_POINT('',(-0.762499999999999,1.59,2.794));
#7307=CARTESIAN_POINT('',(0.320000000000001,1.59,2.54));
#7308=CARTESIAN_POINT('',(0.320000000000001,1.59,0.));
#7309=CARTESIAN_POINT('',(-0.16,1.59,2.54));
#7310=CARTESIAN_POINT('Origin',(-0.214166666666666,1.11,-7.25416666666667));
#7311=CARTESIAN_POINT('',(-0.108333333333332,1.37833333333333,-7.36));
#7312=CARTESIAN_POINT('',(-0.108333333333332,1.16166666666667,-7.36));
#7313=CARTESIAN_POINT('',(-0.108333333333332,1.11,-7.36));
#7314=CARTESIAN_POINT('',(-0.319999999999999,0.95,-7.14833333333333));
#7315=CARTESIAN_POINT('',(-0.108333333333332,1.16166666666667,-7.36));
#7316=CARTESIAN_POINT('',(-0.319999999999999,1.59,-7.14833333333333));
#7317=CARTESIAN_POINT('',(-0.319999999999999,1.11,-7.14833333333333));
#7318=CARTESIAN_POINT('',(-0.108333333333332,1.37833333333333,-7.36));
#7319=CARTESIAN_POINT('Origin',(0.160000000000001,1.05583333333333,-7.25416666666667));
#7320=CARTESIAN_POINT('',(0.108333333333334,1.16166666666667,-7.36));
#7321=CARTESIAN_POINT('',(0.160000000000001,1.16166666666667,-7.36));
#7322=CARTESIAN_POINT('',(0.320000000000001,0.95,-7.14833333333333));
#7323=CARTESIAN_POINT('',(0.108333333333334,1.16166666666667,-7.36));
#7324=CARTESIAN_POINT('',(0.160000000000001,0.95,-7.14833333333333));
#7325=CARTESIAN_POINT('Origin',(0.214166666666668,1.43,-7.25416666666667));
#7326=CARTESIAN_POINT('',(0.108333333333334,1.37833333333333,-7.36));
#7327=CARTESIAN_POINT('',(0.108333333333334,1.43,-7.36));
#7328=CARTESIAN_POINT('',(0.320000000000001,1.59,-7.14833333333333));
#7329=CARTESIAN_POINT('',(0.108333333333334,1.37833333333333,-7.36));
#7330=CARTESIAN_POINT('',(0.320000000000001,1.43,-7.14833333333333));
#7331=CARTESIAN_POINT('Origin',(-0.159999999999999,1.48416666666667,-7.25416666666667));
#7332=CARTESIAN_POINT('',(-0.159999999999999,1.59,-7.14833333333333));
#7333=CARTESIAN_POINT('',(-0.159999999999999,1.37833333333333,-7.36));
#7334=CARTESIAN_POINT('Origin',(-0.319999999999999,1.59,0.));
#7335=CARTESIAN_POINT('',(-0.319999999999999,1.59,0.));
#7336=CARTESIAN_POINT('',(-0.319999999999999,1.59,0.));
#7337=CARTESIAN_POINT('',(0.320000000000001,1.59,0.));
#7338=CARTESIAN_POINT('',(-0.16,1.59,0.));
#7339=CARTESIAN_POINT('',(0.320000000000001,1.59,0.));
#7340=CARTESIAN_POINT('Origin',(-0.319999999999999,0.95,0.));
#7341=CARTESIAN_POINT('',(-0.319999999999999,0.95,0.));
#7342=CARTESIAN_POINT('',(-0.319999999999999,0.95,0.));
#7343=CARTESIAN_POINT('',(-0.319999999999999,1.11,0.));
#7344=CARTESIAN_POINT('Origin',(9.0205620750794E-16,1.27,-7.36));
#7345=CARTESIAN_POINT('Origin',(-1.078,0.126999999999999,0.));
#7346=CARTESIAN_POINT('',(-1.205,0.254,2.54));
#7347=CARTESIAN_POINT('',(-0.776749999999996,-0.174250000000004,2.54));
#7348=CARTESIAN_POINT('',(-1.205,0.254,0.));
#7349=CARTESIAN_POINT('',(-1.205,0.254,0.));
#7350=CARTESIAN_POINT('',(-1.09425,0.143249999999999,0.));
#7351=CARTESIAN_POINT('Origin',(-1.078,2.413,0.));
#7352=CARTESIAN_POINT('',(-0.951,2.54,2.54));
#7353=CARTESIAN_POINT('',(-1.205,2.286,2.54));
#7354=CARTESIAN_POINT('',(-1.41175,2.07925,2.54));
#7355=CARTESIAN_POINT('',(-0.951,2.54,0.));
#7356=CARTESIAN_POINT('',(-0.951,2.54,0.));
#7357=CARTESIAN_POINT('',(-1.205,2.286,0.));
#7358=CARTESIAN_POINT('',(-1.09425,2.39675,0.));
#7359=CARTESIAN_POINT('',(-1.205,2.286,0.));
#7360=CARTESIAN_POINT('Origin',(1.078,2.413,0.));
#7361=CARTESIAN_POINT('',(1.205,2.286,2.54));
#7362=CARTESIAN_POINT('',(0.951,2.54,2.54));
#7363=CARTESIAN_POINT('',(1.41175,2.07925,2.54));
#7364=CARTESIAN_POINT('',(1.205,2.286,0.));
#7365=CARTESIAN_POINT('',(1.205,2.286,0.));
#7366=CARTESIAN_POINT('',(0.951,2.54,0.));
#7367=CARTESIAN_POINT('',(1.09425,2.39675,0.));
#7368=CARTESIAN_POINT('',(0.951,2.54,0.));
#7369=CARTESIAN_POINT('Origin',(1.078,0.126999999999999,0.));
#7370=CARTESIAN_POINT('',(1.205,0.253999999999999,0.));
#7371=CARTESIAN_POINT('',(1.09425,0.143249999999998,0.));
#7372=CARTESIAN_POINT('',(1.205,0.253999999999999,0.));
#7373=CARTESIAN_POINT('Origin',(0.320000000000001,1.59,0.));
#7374=CARTESIAN_POINT('',(0.320000000000001,0.95,0.));
#7375=CARTESIAN_POINT('',(0.320000000000001,1.43,0.));
#7376=CARTESIAN_POINT('',(0.320000000000001,0.95,0.));
#7377=CARTESIAN_POINT('Origin',(0.320000000000001,0.95,0.));
#7378=CARTESIAN_POINT('',(0.16,0.95,0.));
#7379=CARTESIAN_POINT('Origin',(9.0205620750794E-16,1.27,4.));
#7380=CARTESIAN_POINT('',(0.320000000000001,1.59,4.));
#7381=CARTESIAN_POINT('',(-0.159999999999999,1.59,4.));
#7382=CARTESIAN_POINT('',(0.320000000000001,1.43,4.));
#7383=CARTESIAN_POINT('Origin',(0.320000000000001,0.95,0.));
#7384=CARTESIAN_POINT('',(0.320000000000001,0.95,2.794));
#7385=CARTESIAN_POINT('',(-0.442499999999999,0.95,2.794));
#7386=CARTESIAN_POINT('',(0.320000000000001,0.95,2.54));
#7387=CARTESIAN_POINT('',(0.16,0.95,2.54));
#7388=CARTESIAN_POINT('',(0.320000000000001,0.95,0.));
#7389=CARTESIAN_POINT('Origin',(0.320000000000001,1.59,0.));
#7390=CARTESIAN_POINT('',(0.320000000000001,1.82444444444444,2.794));
#7391=CARTESIAN_POINT('',(0.320000000000001,1.43,2.54));
#7392=CARTESIAN_POINT('Origin',(0.,1.27,2.54));
#7393=CARTESIAN_POINT('',(-1.205,0.538888888888888,2.54));
#7394=CARTESIAN_POINT('',(1.205,0.538888888888888,2.54));
#7395=CARTESIAN_POINT('',(-0.6025,0.538888888888888,2.54));
#7396=CARTESIAN_POINT('',(1.205,2.05888888888889,2.54));
#7397=CARTESIAN_POINT('',(1.205,2.54,2.54));
#7398=CARTESIAN_POINT('',(-1.205,2.05888888888889,2.54));
#7399=CARTESIAN_POINT('',(-0.6025,2.05888888888889,2.54));
#7400=CARTESIAN_POINT('',(-1.205,0.,2.54));
#7401=CARTESIAN_POINT('Origin',(-2.77555756156289E-16,-1.33226762955019E-14,
2.54));
#7402=CARTESIAN_POINT('',(1.205,2.794,2.54));
#7403=CARTESIAN_POINT('',(0.141749999999995,1.73075,2.54));
#7404=CARTESIAN_POINT('',(1.205,-10.415,2.54));
#7405=CARTESIAN_POINT('Origin',(-0.319999999999999,6.03,0.));
#7406=CARTESIAN_POINT('',(-0.319999999999999,6.03,2.794));
#7407=CARTESIAN_POINT('',(-0.319999999999999,6.67,2.794));
#7408=CARTESIAN_POINT('',(-0.319999999999999,6.58444444444445,2.794));
#7409=CARTESIAN_POINT('',(-0.319999999999999,6.67,2.54));
#7410=CARTESIAN_POINT('',(-0.319999999999999,6.67,0.));
#7411=CARTESIAN_POINT('',(-0.319999999999999,6.03,2.54));
#7412=CARTESIAN_POINT('',(-0.319999999999999,6.19,2.54));
#7413=CARTESIAN_POINT('',(-0.319999999999999,6.03,0.));
#7414=CARTESIAN_POINT('Origin',(-0.319999999999999,6.67,0.));
#7415=CARTESIAN_POINT('',(0.320000000000001,6.67,2.794));
#7416=CARTESIAN_POINT('',(-0.762499999999999,6.67,2.794));
#7417=CARTESIAN_POINT('',(0.320000000000001,6.67,2.54));
#7418=CARTESIAN_POINT('',(0.320000000000001,6.67,0.));
#7419=CARTESIAN_POINT('',(-0.16,6.67,2.54));
#7420=CARTESIAN_POINT('Origin',(-0.214166666666666,6.19,-7.25416666666667));
#7421=CARTESIAN_POINT('',(-0.108333333333332,6.45833333333333,-7.36));
#7422=CARTESIAN_POINT('',(-0.108333333333332,6.24166666666667,-7.36));
#7423=CARTESIAN_POINT('',(-0.108333333333332,6.19,-7.36));
#7424=CARTESIAN_POINT('',(-0.319999999999999,6.03,-7.14833333333333));
#7425=CARTESIAN_POINT('',(-0.108333333333332,6.24166666666667,-7.36));
#7426=CARTESIAN_POINT('',(-0.319999999999999,6.67,-7.14833333333333));
#7427=CARTESIAN_POINT('',(-0.319999999999999,6.19,-7.14833333333333));
#7428=CARTESIAN_POINT('',(-0.108333333333332,6.45833333333333,-7.36));
#7429=CARTESIAN_POINT('Origin',(0.160000000000001,6.13583333333334,-7.25416666666667));
#7430=CARTESIAN_POINT('',(0.108333333333334,6.24166666666667,-7.36));
#7431=CARTESIAN_POINT('',(0.160000000000001,6.24166666666667,-7.36));
#7432=CARTESIAN_POINT('',(0.320000000000001,6.03,-7.14833333333333));
#7433=CARTESIAN_POINT('',(0.108333333333334,6.24166666666667,-7.36));
#7434=CARTESIAN_POINT('',(0.160000000000001,6.03,-7.14833333333333));
#7435=CARTESIAN_POINT('Origin',(0.214166666666668,6.51,-7.25416666666667));
#7436=CARTESIAN_POINT('',(0.108333333333334,6.45833333333333,-7.36));
#7437=CARTESIAN_POINT('',(0.108333333333334,6.51,-7.36));
#7438=CARTESIAN_POINT('',(0.320000000000001,6.67,-7.14833333333333));
#7439=CARTESIAN_POINT('',(0.108333333333334,6.45833333333333,-7.36));
#7440=CARTESIAN_POINT('',(0.320000000000001,6.51,-7.14833333333333));
#7441=CARTESIAN_POINT('Origin',(-0.159999999999999,6.56416666666667,-7.25416666666667));
#7442=CARTESIAN_POINT('',(-0.159999999999999,6.67,-7.14833333333333));
#7443=CARTESIAN_POINT('',(-0.159999999999999,6.45833333333333,-7.36));
#7444=CARTESIAN_POINT('Origin',(-0.319999999999999,6.67,0.));
#7445=CARTESIAN_POINT('',(-0.319999999999999,6.67,0.));
#7446=CARTESIAN_POINT('',(-0.319999999999999,6.67,0.));
#7447=CARTESIAN_POINT('',(0.320000000000001,6.67,0.));
#7448=CARTESIAN_POINT('',(-0.16,6.67,0.));
#7449=CARTESIAN_POINT('',(0.320000000000001,6.67,0.));
#7450=CARTESIAN_POINT('Origin',(-0.319999999999999,6.03,0.));
#7451=CARTESIAN_POINT('',(-0.319999999999999,6.03,0.));
#7452=CARTESIAN_POINT('',(-0.319999999999999,6.03,0.));
#7453=CARTESIAN_POINT('',(-0.319999999999999,6.19,0.));
#7454=CARTESIAN_POINT('Origin',(9.0205620750794E-16,6.35,-7.36));
#7455=CARTESIAN_POINT('Origin',(-1.078,5.207,0.));
#7456=CARTESIAN_POINT('',(-1.205,5.334,2.54));
#7457=CARTESIAN_POINT('',(-0.951,5.08,2.54));
#7458=CARTESIAN_POINT('',(0.493250000000004,3.63575,2.54));
#7459=CARTESIAN_POINT('',(-1.205,5.334,0.));
#7460=CARTESIAN_POINT('',(-1.205,5.334,0.));
#7461=CARTESIAN_POINT('',(-0.951,5.08,0.));
#7462=CARTESIAN_POINT('',(-1.09425,5.22325,0.));
#7463=CARTESIAN_POINT('',(-0.951,5.08,0.));
#7464=CARTESIAN_POINT('Origin',(-1.078,7.493,0.));
#7465=CARTESIAN_POINT('',(-0.951,7.62,2.54));
#7466=CARTESIAN_POINT('',(-1.205,7.366,2.54));
#7467=CARTESIAN_POINT('',(-2.68175,5.88925000000001,2.54));
#7468=CARTESIAN_POINT('',(-0.951,7.62,0.));
#7469=CARTESIAN_POINT('',(-0.951,7.62,0.));
#7470=CARTESIAN_POINT('',(-1.205,7.366,0.));
#7471=CARTESIAN_POINT('',(-1.09425,7.47675000000001,0.));
#7472=CARTESIAN_POINT('',(-1.205,7.366,0.));
#7473=CARTESIAN_POINT('Origin',(1.078,7.493,0.));
#7474=CARTESIAN_POINT('',(1.205,7.366,2.54));
#7475=CARTESIAN_POINT('',(0.951,7.62,2.54));
#7476=CARTESIAN_POINT('',(2.68175,5.88925,2.54));
#7477=CARTESIAN_POINT('',(1.205,7.366,0.));
#7478=CARTESIAN_POINT('',(1.205,7.366,0.));
#7479=CARTESIAN_POINT('',(0.951,7.62,0.));
#7480=CARTESIAN_POINT('',(1.09425,7.47675,0.));
#7481=CARTESIAN_POINT('',(0.951,7.62,0.));
#7482=CARTESIAN_POINT('Origin',(1.078,5.207,0.));
#7483=CARTESIAN_POINT('',(0.951,5.08,2.54));
#7484=CARTESIAN_POINT('',(1.205,5.334,2.54));
#7485=CARTESIAN_POINT('',(-0.493250000000005,3.63575000000001,2.54));
#7486=CARTESIAN_POINT('',(0.951,5.08,0.));
#7487=CARTESIAN_POINT('',(0.951,5.08,0.));
#7488=CARTESIAN_POINT('',(1.205,5.334,0.));
#7489=CARTESIAN_POINT('',(1.09425,5.22325,0.));
#7490=CARTESIAN_POINT('',(1.205,5.334,0.));
#7491=CARTESIAN_POINT('Origin',(0.320000000000001,6.67,0.));
#7492=CARTESIAN_POINT('',(0.320000000000001,6.03,0.));
#7493=CARTESIAN_POINT('',(0.320000000000001,6.51,0.));
#7494=CARTESIAN_POINT('',(0.320000000000001,6.03,0.));
#7495=CARTESIAN_POINT('Origin',(0.320000000000001,6.03,0.));
#7496=CARTESIAN_POINT('',(0.16,6.03,0.));
#7497=CARTESIAN_POINT('Origin',(9.0205620750794E-16,6.35,4.));
#7498=CARTESIAN_POINT('',(-0.319999999999999,6.03,4.));
#7499=CARTESIAN_POINT('',(-0.319999999999999,6.19,4.));
#7500=CARTESIAN_POINT('',(0.160000000000001,6.03,4.));
#7501=CARTESIAN_POINT('Origin',(0.320000000000001,6.03,0.));
#7502=CARTESIAN_POINT('',(0.320000000000001,6.03,2.794));
#7503=CARTESIAN_POINT('',(-0.442499999999999,6.03,2.794));
#7504=CARTESIAN_POINT('',(0.320000000000001,6.03,2.54));
#7505=CARTESIAN_POINT('',(0.16,6.03,2.54));
#7506=CARTESIAN_POINT('',(0.320000000000001,6.03,0.));
#7507=CARTESIAN_POINT('Origin',(0.320000000000001,6.67,0.));
#7508=CARTESIAN_POINT('',(0.320000000000001,6.90444444444445,2.794));
#7509=CARTESIAN_POINT('',(0.320000000000001,6.51,2.54));
#7510=CARTESIAN_POINT('Origin',(0.,6.35,2.54));
#7511=CARTESIAN_POINT('',(-1.205,5.61888888888889,2.54));
#7512=CARTESIAN_POINT('',(1.205,5.61888888888889,2.54));
#7513=CARTESIAN_POINT('',(-0.6025,5.61888888888889,2.54));
#7514=CARTESIAN_POINT('',(1.205,7.13888888888889,2.54));
#7515=CARTESIAN_POINT('',(1.205,7.62,2.54));
#7516=CARTESIAN_POINT('',(-1.205,7.13888888888889,2.54));
#7517=CARTESIAN_POINT('',(-0.6025,7.13888888888889,2.54));
#7518=CARTESIAN_POINT('',(-1.205,5.08,2.54));
#7519=CARTESIAN_POINT('Origin',(-2.77555756156289E-16,-1.33226762955019E-14,
2.54));
#7520=CARTESIAN_POINT('',(-1.205,4.826,2.54));
#7521=CARTESIAN_POINT('',(-2.04675,3.98425,2.54));
#7522=CARTESIAN_POINT('',(-1.205,10.415,2.54));
#7523=CARTESIAN_POINT('Origin',(-2.77555756156289E-16,-1.33226762955019E-14,
2.54));
#7524=CARTESIAN_POINT('',(-1.205,7.874,2.54));
#7525=CARTESIAN_POINT('',(-1.205,10.415,2.54));
#7526=CARTESIAN_POINT('',(1.12825,5.54075,2.54));
#7527=CARTESIAN_POINT('Origin',(-2.77555756156289E-16,-1.33226762955019E-14,
2.54));
#7528=CARTESIAN_POINT('',(1.205,7.874,2.54));
#7529=CARTESIAN_POINT('',(-1.12825000000001,5.54075000000001,2.54));
#7530=CARTESIAN_POINT('',(1.205,-10.415,2.54));
#7531=CARTESIAN_POINT('Origin',(0.320000000000001,6.03,2.54));
#7532=CARTESIAN_POINT('',(-0.319999999999999,6.03,2.54));
#7533=CARTESIAN_POINT('Origin',(-0.319999999999999,6.03,2.54));
#7534=CARTESIAN_POINT('Origin',(-0.319999999999999,3.49,0.));
#7535=CARTESIAN_POINT('',(-0.319999999999999,3.49,2.794));
#7536=CARTESIAN_POINT('',(-0.319999999999999,4.13,2.794));
#7537=CARTESIAN_POINT('',(-0.319999999999999,4.04444444444445,2.794));
#7538=CARTESIAN_POINT('',(-0.319999999999999,4.13,2.54));
#7539=CARTESIAN_POINT('',(-0.319999999999999,4.13,0.));
#7540=CARTESIAN_POINT('',(-0.319999999999999,3.49,2.54));
#7541=CARTESIAN_POINT('',(-0.319999999999999,3.65,2.54));
#7542=CARTESIAN_POINT('',(-0.319999999999999,3.49,0.));
#7543=CARTESIAN_POINT('Origin',(-0.319999999999999,4.13,0.));
#7544=CARTESIAN_POINT('',(0.320000000000001,4.13,2.794));
#7545=CARTESIAN_POINT('',(-0.762499999999999,4.13,2.794));
#7546=CARTESIAN_POINT('',(0.320000000000001,4.13,2.54));
#7547=CARTESIAN_POINT('',(0.320000000000001,4.13,0.));
#7548=CARTESIAN_POINT('',(-0.16,4.13,2.54));
#7549=CARTESIAN_POINT('Origin',(-0.214166666666666,3.65,-7.25416666666667));
#7550=CARTESIAN_POINT('',(-0.108333333333332,3.91833333333333,-7.36));
#7551=CARTESIAN_POINT('',(-0.108333333333332,3.70166666666667,-7.36));
#7552=CARTESIAN_POINT('',(-0.108333333333332,3.65,-7.36));
#7553=CARTESIAN_POINT('',(-0.319999999999999,3.49,-7.14833333333333));
#7554=CARTESIAN_POINT('',(-0.108333333333332,3.70166666666667,-7.36));
#7555=CARTESIAN_POINT('',(-0.319999999999999,4.13,-7.14833333333333));
#7556=CARTESIAN_POINT('',(-0.319999999999999,3.65,-7.14833333333333));
#7557=CARTESIAN_POINT('',(-0.108333333333332,3.91833333333333,-7.36));
#7558=CARTESIAN_POINT('Origin',(0.160000000000001,3.59583333333333,-7.25416666666667));
#7559=CARTESIAN_POINT('',(0.108333333333334,3.70166666666667,-7.36));
#7560=CARTESIAN_POINT('',(0.160000000000001,3.70166666666667,-7.36));
#7561=CARTESIAN_POINT('',(0.320000000000001,3.49,-7.14833333333333));
#7562=CARTESIAN_POINT('',(0.108333333333334,3.70166666666667,-7.36));
#7563=CARTESIAN_POINT('',(0.160000000000001,3.49,-7.14833333333333));
#7564=CARTESIAN_POINT('Origin',(0.214166666666668,3.97,-7.25416666666667));
#7565=CARTESIAN_POINT('',(0.108333333333334,3.91833333333333,-7.36));
#7566=CARTESIAN_POINT('',(0.108333333333334,3.97,-7.36));
#7567=CARTESIAN_POINT('',(0.320000000000001,4.13,-7.14833333333333));
#7568=CARTESIAN_POINT('',(0.108333333333334,3.91833333333333,-7.36));
#7569=CARTESIAN_POINT('',(0.320000000000001,3.97,-7.14833333333333));
#7570=CARTESIAN_POINT('Origin',(-0.159999999999999,4.02416666666667,-7.25416666666667));
#7571=CARTESIAN_POINT('',(-0.159999999999999,4.13,-7.14833333333333));
#7572=CARTESIAN_POINT('',(-0.159999999999999,3.91833333333333,-7.36));
#7573=CARTESIAN_POINT('Origin',(-0.319999999999999,4.13,0.));
#7574=CARTESIAN_POINT('',(-0.319999999999999,4.13,0.));
#7575=CARTESIAN_POINT('',(-0.319999999999999,4.13,0.));
#7576=CARTESIAN_POINT('',(0.320000000000001,4.13,0.));
#7577=CARTESIAN_POINT('',(-0.16,4.13,0.));
#7578=CARTESIAN_POINT('',(0.320000000000001,4.13,0.));
#7579=CARTESIAN_POINT('Origin',(-0.319999999999999,3.49,0.));
#7580=CARTESIAN_POINT('',(-0.319999999999999,3.49,0.));
#7581=CARTESIAN_POINT('',(-0.319999999999999,3.49,0.));
#7582=CARTESIAN_POINT('',(-0.319999999999999,3.65,0.));
#7583=CARTESIAN_POINT('Origin',(9.0205620750794E-16,3.81,-7.36));
#7584=CARTESIAN_POINT('Origin',(-1.078,2.667,0.));
#7585=CARTESIAN_POINT('',(-1.205,2.794,2.54));
#7586=CARTESIAN_POINT('',(-0.141749999999996,1.73075,2.54));
#7587=CARTESIAN_POINT('',(-1.205,2.794,0.));
#7588=CARTESIAN_POINT('',(-1.205,2.794,0.));
#7589=CARTESIAN_POINT('',(-1.09425,2.68325,0.));
#7590=CARTESIAN_POINT('Origin',(0.,3.81,0.));
#7591=CARTESIAN_POINT('',(-1.205,4.826,0.));
#7592=CARTESIAN_POINT('',(-1.205,2.54,0.));
#7593=CARTESIAN_POINT('',(-1.09425,4.93675,0.));
#7594=CARTESIAN_POINT('',(-1.205,5.08,0.));
#7595=CARTESIAN_POINT('',(-1.205,7.874,0.));
#7596=CARTESIAN_POINT('',(-1.09425,7.76325,0.));
#7597=CARTESIAN_POINT('',(-1.205,9.906,0.));
#7598=CARTESIAN_POINT('',(-1.205,7.62,0.));
#7599=CARTESIAN_POINT('',(-0.951,10.16,0.));
#7600=CARTESIAN_POINT('',(-1.09425,10.01675,0.));
#7601=CARTESIAN_POINT('',(0.951,10.16,0.));
#7602=CARTESIAN_POINT('',(-1.205,10.16,0.));
#7603=CARTESIAN_POINT('',(1.205,9.906,0.));
#7604=CARTESIAN_POINT('',(1.09425,10.01675,0.));
#7605=CARTESIAN_POINT('',(1.205,7.874,0.));
#7606=CARTESIAN_POINT('',(1.205,10.16,0.));
#7607=CARTESIAN_POINT('',(1.09425,7.76325,0.));
#7608=CARTESIAN_POINT('',(1.205,7.62,0.));
#7609=CARTESIAN_POINT('',(1.205,4.826,0.));
#7610=CARTESIAN_POINT('',(1.09425,4.93675,0.));
#7611=CARTESIAN_POINT('',(1.205,2.794,0.));
#7612=CARTESIAN_POINT('',(1.205,5.08,0.));
#7613=CARTESIAN_POINT('',(1.09425,2.68325,0.));
#7614=CARTESIAN_POINT('',(1.205,2.54,0.));
#7615=CARTESIAN_POINT('',(1.205,0.,0.));
#7616=CARTESIAN_POINT('',(1.205,-2.54,0.));
#7617=CARTESIAN_POINT('',(1.205,-5.08,0.));
#7618=CARTESIAN_POINT('',(1.205,-7.62,0.));
#7619=CARTESIAN_POINT('',(-1.205,-10.16,0.));
#7620=CARTESIAN_POINT('',(-1.205,-7.62,0.));
#7621=CARTESIAN_POINT('',(-1.205,-5.08,0.));
#7622=CARTESIAN_POINT('',(-1.205,-2.54,0.));
#7623=CARTESIAN_POINT('',(-1.205,0.,0.));
#7624=CARTESIAN_POINT('',(-0.319999999999999,9.21,0.));
#7625=CARTESIAN_POINT('',(-0.319999999999999,8.57,0.));
#7626=CARTESIAN_POINT('',(-0.319999999999999,8.73,0.));
#7627=CARTESIAN_POINT('',(0.320000000000001,8.57,0.));
#7628=CARTESIAN_POINT('',(0.16,8.57,0.));
#7629=CARTESIAN_POINT('',(0.320000000000001,9.21,0.));
#7630=CARTESIAN_POINT('',(0.320000000000001,9.05,0.));
#7631=CARTESIAN_POINT('',(-0.16,9.21,0.));
#7632=CARTESIAN_POINT('',(0.320000000000001,3.49,0.));
#7633=CARTESIAN_POINT('',(0.16,3.49,0.));
#7634=CARTESIAN_POINT('',(0.320000000000001,3.97,0.));
#7635=CARTESIAN_POINT('Origin',(-1.078,4.953,0.));
#7636=CARTESIAN_POINT('',(-1.205,4.826,0.));
#7637=CARTESIAN_POINT('Origin',(1.078,4.953,0.));
#7638=CARTESIAN_POINT('',(1.205,4.826,2.54));
#7639=CARTESIAN_POINT('',(2.04675,3.98425,2.54));
#7640=CARTESIAN_POINT('',(1.205,4.826,0.));
#7641=CARTESIAN_POINT('Origin',(1.078,2.667,0.));
#7642=CARTESIAN_POINT('',(1.205,2.794,0.));
#7643=CARTESIAN_POINT('Origin',(0.320000000000001,4.13,0.));
#7644=CARTESIAN_POINT('',(0.320000000000001,3.49,0.));
#7645=CARTESIAN_POINT('Origin',(0.320000000000001,3.49,0.));
#7646=CARTESIAN_POINT('Origin',(9.0205620750794E-16,3.81,4.));
#7647=CARTESIAN_POINT('',(-0.319999999999999,3.49,4.));
#7648=CARTESIAN_POINT('',(-0.319999999999999,3.65,4.));
#7649=CARTESIAN_POINT('',(0.160000000000001,3.49,4.));
#7650=CARTESIAN_POINT('Origin',(0.320000000000001,3.49,0.));
#7651=CARTESIAN_POINT('',(0.320000000000001,3.49,2.794));
#7652=CARTESIAN_POINT('',(-0.442499999999999,3.49,2.794));
#7653=CARTESIAN_POINT('',(0.320000000000001,3.49,2.54));
#7654=CARTESIAN_POINT('',(0.16,3.49,2.54));
#7655=CARTESIAN_POINT('',(0.320000000000001,3.49,0.));
#7656=CARTESIAN_POINT('Origin',(0.320000000000001,4.13,0.));
#7657=CARTESIAN_POINT('',(0.320000000000001,4.36444444444445,2.794));
#7658=CARTESIAN_POINT('',(0.320000000000001,3.97,2.54));
#7659=CARTESIAN_POINT('Origin',(0.,3.81,2.54));
#7660=CARTESIAN_POINT('',(-1.205,3.07888888888889,2.54));
#7661=CARTESIAN_POINT('',(1.205,3.07888888888889,2.54));
#7662=CARTESIAN_POINT('',(-0.6025,3.07888888888889,2.54));
#7663=CARTESIAN_POINT('',(1.205,4.59888888888889,2.54));
#7664=CARTESIAN_POINT('',(1.205,5.08,2.54));
#7665=CARTESIAN_POINT('',(-1.205,4.59888888888889,2.54));
#7666=CARTESIAN_POINT('',(-0.6025,4.59888888888889,2.54));
#7667=CARTESIAN_POINT('',(-1.205,2.54,2.54));
#7668=CARTESIAN_POINT('Origin',(-2.77555756156289E-16,-1.33226762955019E-14,
2.54));
#7669=CARTESIAN_POINT('',(1.205,-10.415,2.54));
#7670=CARTESIAN_POINT('Origin',(0.320000000000001,3.49,2.54));
#7671=CARTESIAN_POINT('',(-0.319999999999999,3.49,2.54));
#7672=CARTESIAN_POINT('Origin',(-0.319999999999999,3.49,2.54));
#7673=CARTESIAN_POINT('Origin',(-0.319999999999999,8.57,0.));
#7674=CARTESIAN_POINT('',(-0.319999999999999,8.57,2.794));
#7675=CARTESIAN_POINT('',(-0.319999999999999,9.21,2.794));
#7676=CARTESIAN_POINT('',(-0.319999999999999,9.12444444444445,2.794));
#7677=CARTESIAN_POINT('',(-0.319999999999999,9.21,2.54));
#7678=CARTESIAN_POINT('',(-0.319999999999999,9.21,0.));
#7679=CARTESIAN_POINT('',(-0.319999999999999,8.57,2.54));
#7680=CARTESIAN_POINT('',(-0.319999999999999,8.73,2.54));
#7681=CARTESIAN_POINT('',(-0.319999999999999,8.57,0.));
#7682=CARTESIAN_POINT('Origin',(-0.319999999999999,9.21,0.));
#7683=CARTESIAN_POINT('',(0.320000000000001,9.21,2.794));
#7684=CARTESIAN_POINT('',(-0.762499999999999,9.21,2.794));
#7685=CARTESIAN_POINT('',(0.320000000000001,9.21,2.54));
#7686=CARTESIAN_POINT('',(0.320000000000001,9.21,0.));
#7687=CARTESIAN_POINT('',(-0.16,9.21,2.54));
#7688=CARTESIAN_POINT('Origin',(-0.214166666666666,8.73,-7.25416666666667));
#7689=CARTESIAN_POINT('',(-0.108333333333332,8.99833333333334,-7.36));
#7690=CARTESIAN_POINT('',(-0.108333333333332,8.78166666666667,-7.36));
#7691=CARTESIAN_POINT('',(-0.108333333333332,8.73,-7.36));
#7692=CARTESIAN_POINT('',(-0.319999999999999,8.57,-7.14833333333333));
#7693=CARTESIAN_POINT('',(-0.108333333333332,8.78166666666667,-7.36));
#7694=CARTESIAN_POINT('',(-0.319999999999999,9.21,-7.14833333333333));
#7695=CARTESIAN_POINT('',(-0.319999999999999,8.73,-7.14833333333333));
#7696=CARTESIAN_POINT('',(-0.108333333333332,8.99833333333334,-7.36));
#7697=CARTESIAN_POINT('Origin',(0.160000000000001,8.67583333333334,-7.25416666666667));
#7698=CARTESIAN_POINT('',(0.108333333333334,8.78166666666667,-7.36));
#7699=CARTESIAN_POINT('',(0.160000000000001,8.78166666666667,-7.36));
#7700=CARTESIAN_POINT('',(0.320000000000001,8.57,-7.14833333333333));
#7701=CARTESIAN_POINT('',(0.108333333333334,8.78166666666667,-7.36));
#7702=CARTESIAN_POINT('',(0.160000000000001,8.57,-7.14833333333333));
#7703=CARTESIAN_POINT('Origin',(0.214166666666668,9.05,-7.25416666666667));
#7704=CARTESIAN_POINT('',(0.108333333333334,8.99833333333334,-7.36));
#7705=CARTESIAN_POINT('',(0.108333333333334,9.05,-7.36));
#7706=CARTESIAN_POINT('',(0.320000000000001,9.21,-7.14833333333333));
#7707=CARTESIAN_POINT('',(0.108333333333334,8.99833333333334,-7.36));
#7708=CARTESIAN_POINT('',(0.320000000000001,9.05,-7.14833333333333));
#7709=CARTESIAN_POINT('Origin',(-0.159999999999999,9.10416666666667,-7.25416666666667));
#7710=CARTESIAN_POINT('',(-0.159999999999999,9.21,-7.14833333333333));
#7711=CARTESIAN_POINT('',(-0.159999999999999,8.99833333333334,-7.36));
#7712=CARTESIAN_POINT('Origin',(-0.319999999999999,9.21,0.));
#7713=CARTESIAN_POINT('',(-0.319999999999999,9.21,0.));
#7714=CARTESIAN_POINT('',(0.320000000000001,9.21,0.));
#7715=CARTESIAN_POINT('Origin',(-0.319999999999999,8.57,0.));
#7716=CARTESIAN_POINT('',(-0.319999999999999,8.57,0.));
#7717=CARTESIAN_POINT('Origin',(9.0205620750794E-16,8.89,-7.36));
#7718=CARTESIAN_POINT('Origin',(-1.078,7.747,0.));
#7719=CARTESIAN_POINT('',(-1.205,7.874,0.));
#7720=CARTESIAN_POINT('Origin',(-1.078,10.033,0.));
#7721=CARTESIAN_POINT('',(-0.951,10.16,2.54));
#7722=CARTESIAN_POINT('',(-1.205,9.906,2.54));
#7723=CARTESIAN_POINT('',(-3.31675,7.79425000000001,2.54));
#7724=CARTESIAN_POINT('',(-0.951,10.16,0.));
#7725=CARTESIAN_POINT('',(-1.205,9.906,0.));
#7726=CARTESIAN_POINT('Origin',(1.205,10.16,0.));
#7727=CARTESIAN_POINT('',(0.951,10.16,2.54));
#7728=CARTESIAN_POINT('',(0.6025,10.16,2.54));
#7729=CARTESIAN_POINT('',(0.951,10.16,0.));
#7730=CARTESIAN_POINT('Origin',(1.078,10.033,0.));
#7731=CARTESIAN_POINT('',(1.205,9.906,2.54));
#7732=CARTESIAN_POINT('',(3.31675,7.79425,2.54));
#7733=CARTESIAN_POINT('',(1.205,9.906,0.));
#7734=CARTESIAN_POINT('Origin',(1.078,7.747,0.));
#7735=CARTESIAN_POINT('',(1.205,7.874,0.));
#7736=CARTESIAN_POINT('Origin',(0.320000000000001,9.21,0.));
#7737=CARTESIAN_POINT('',(0.320000000000001,8.57,0.));
#7738=CARTESIAN_POINT('Origin',(0.320000000000001,8.57,0.));
#7739=CARTESIAN_POINT('Origin',(9.0205620750794E-16,8.89,4.));
#7740=CARTESIAN_POINT('',(0.320000000000001,9.21,4.));
#7741=CARTESIAN_POINT('',(-0.159999999999999,9.21,4.));
#7742=CARTESIAN_POINT('',(0.320000000000001,9.05,4.));
#7743=CARTESIAN_POINT('Origin',(0.320000000000001,8.57,0.));
#7744=CARTESIAN_POINT('',(0.320000000000001,8.57,2.794));
#7745=CARTESIAN_POINT('',(-0.442499999999999,8.57,2.794));
#7746=CARTESIAN_POINT('',(0.320000000000001,8.57,2.54));
#7747=CARTESIAN_POINT('',(0.16,8.57,2.54));
#7748=CARTESIAN_POINT('',(0.320000000000001,8.57,0.));
#7749=CARTESIAN_POINT('Origin',(0.320000000000001,9.21,0.));
#7750=CARTESIAN_POINT('',(0.320000000000001,9.44444444444445,2.794));
#7751=CARTESIAN_POINT('',(0.320000000000001,9.05,2.54));
#7752=CARTESIAN_POINT('Origin',(0.,8.89,2.54));
#7753=CARTESIAN_POINT('',(-1.205,8.15888888888889,2.54));
#7754=CARTESIAN_POINT('',(1.205,8.15888888888889,2.54));
#7755=CARTESIAN_POINT('',(-0.6025,8.15888888888889,2.54));
#7756=CARTESIAN_POINT('',(1.205,9.67888888888889,2.54));
#7757=CARTESIAN_POINT('',(1.205,10.16,2.54));
#7758=CARTESIAN_POINT('',(-1.205,9.67888888888889,2.54));
#7759=CARTESIAN_POINT('',(-0.6025,9.67888888888889,2.54));
#7760=CARTESIAN_POINT('',(-1.205,7.62,2.54));
#7761=CARTESIAN_POINT('Origin',(-2.77555756156289E-16,-1.33226762955019E-14,
2.54));
#7762=CARTESIAN_POINT('',(-1.205,10.415,2.54));
#7763=CARTESIAN_POINT('',(-1.205,10.415,2.54));
#7764=CARTESIAN_POINT('',(1.205,10.415,2.54));
#7765=CARTESIAN_POINT('',(1.205,10.415,2.54));
#7766=CARTESIAN_POINT('',(1.205,-10.415,2.54));
#7767=CARTESIAN_POINT('Origin',(-1.205,-4.54111111111111,2.794));
#7768=CARTESIAN_POINT('',(1.205,-4.54111111111111,2.794));
#7769=CARTESIAN_POINT('',(1.205,-4.54111111111111,2.667));
#7770=CARTESIAN_POINT('',(-1.205,-4.54111111111111,2.794));
#7771=CARTESIAN_POINT('',(-1.205,-4.54111111111111,2.667));
#7772=CARTESIAN_POINT('',(-1.205,-4.54111111111111,2.794));
#7773=CARTESIAN_POINT('Origin',(-1.205,-3.02111111111111,2.794));
#7774=CARTESIAN_POINT('',(1.205,-3.02111111111111,2.794));
#7775=CARTESIAN_POINT('',(1.205,-6.71805555555556,2.794));
#7776=CARTESIAN_POINT('',(-1.205,-3.02111111111111,2.794));
#7777=CARTESIAN_POINT('',(-1.205,3.69694444444444,2.794));
#7778=CARTESIAN_POINT('',(-1.205,-3.02111111111111,2.794));
#7779=CARTESIAN_POINT('Origin',(-1.205,-3.02111111111111,2.54));
#7780=CARTESIAN_POINT('',(1.205,-3.02111111111111,2.54));
#7781=CARTESIAN_POINT('',(-1.205,-3.02111111111111,2.54));
#7782=CARTESIAN_POINT('Origin',(-1.205,5.61888888888889,2.794));
#7783=CARTESIAN_POINT('',(1.205,5.61888888888889,2.794));
#7784=CARTESIAN_POINT('',(1.205,5.61888888888889,2.667));
#7785=CARTESIAN_POINT('',(-1.205,5.61888888888889,2.794));
#7786=CARTESIAN_POINT('',(-1.205,5.61888888888889,2.667));
#7787=CARTESIAN_POINT('',(-1.205,5.61888888888889,2.794));
#7788=CARTESIAN_POINT('Origin',(-1.205,7.13888888888889,2.794));
#7789=CARTESIAN_POINT('',(1.205,7.13888888888889,2.794));
#7790=CARTESIAN_POINT('',(1.205,-1.63805555555556,2.794));
#7791=CARTESIAN_POINT('',(-1.205,7.13888888888889,2.794));
#7792=CARTESIAN_POINT('',(-1.205,8.77694444444444,2.794));
#7793=CARTESIAN_POINT('',(-1.205,7.13888888888889,2.794));
#7794=CARTESIAN_POINT('Origin',(-1.205,7.13888888888889,2.54));
#7795=CARTESIAN_POINT('',(1.205,7.13888888888889,2.54));
#7796=CARTESIAN_POINT('',(-1.205,7.13888888888889,2.54));
#7797=CARTESIAN_POINT('Origin',(-1.205,3.07888888888889,2.794));
#7798=CARTESIAN_POINT('',(1.205,3.07888888888889,2.794));
#7799=CARTESIAN_POINT('',(1.205,3.07888888888889,2.667));
#7800=CARTESIAN_POINT('',(-1.205,3.07888888888889,2.794));
#7801=CARTESIAN_POINT('',(-1.205,3.07888888888889,2.667));
#7802=CARTESIAN_POINT('',(-1.205,3.07888888888889,2.794));
#7803=CARTESIAN_POINT('Origin',(-1.205,4.59888888888889,2.794));
#7804=CARTESIAN_POINT('',(1.205,4.59888888888889,2.794));
#7805=CARTESIAN_POINT('',(1.205,-2.90805555555556,2.794));
#7806=CARTESIAN_POINT('',(-1.205,4.59888888888889,2.794));
#7807=CARTESIAN_POINT('',(-1.205,7.50694444444444,2.794));
#7808=CARTESIAN_POINT('',(-1.205,4.59888888888889,2.794));
#7809=CARTESIAN_POINT('Origin',(-1.205,4.59888888888889,2.54));
#7810=CARTESIAN_POINT('',(1.205,4.59888888888889,2.54));
#7811=CARTESIAN_POINT('',(-1.205,4.59888888888889,2.54));
#7812=CARTESIAN_POINT('Origin',(-1.205,-7.08111111111111,2.794));
#7813=CARTESIAN_POINT('',(1.205,-7.08111111111111,2.794));
#7814=CARTESIAN_POINT('',(1.205,-7.08111111111111,2.667));
#7815=CARTESIAN_POINT('',(-1.205,-7.08111111111111,2.794));
#7816=CARTESIAN_POINT('',(-1.205,-7.08111111111112,2.667));
#7817=CARTESIAN_POINT('',(-1.205,-7.08111111111111,2.794));
#7818=CARTESIAN_POINT('Origin',(-1.205,-5.56111111111111,2.794));
#7819=CARTESIAN_POINT('',(1.205,-5.56111111111111,2.794));
#7820=CARTESIAN_POINT('',(1.205,-7.98805555555556,2.794));
#7821=CARTESIAN_POINT('',(-1.205,-5.56111111111111,2.794));
#7822=CARTESIAN_POINT('',(-1.205,2.42694444444444,2.794));
#7823=CARTESIAN_POINT('',(-1.205,-5.56111111111111,2.794));
#7824=CARTESIAN_POINT('Origin',(-1.205,-5.56111111111111,2.54));
#7825=CARTESIAN_POINT('',(1.205,-5.56111111111111,2.54));
#7826=CARTESIAN_POINT('',(-1.205,-5.56111111111111,2.54));
#7827=CARTESIAN_POINT('Origin',(-1.205,-2.00111111111111,2.794));
#7828=CARTESIAN_POINT('',(1.205,-2.00111111111111,2.794));
#7829=CARTESIAN_POINT('',(1.205,-2.00111111111111,2.667));
#7830=CARTESIAN_POINT('',(-1.205,-2.00111111111111,2.794));
#7831=CARTESIAN_POINT('',(-1.205,-2.00111111111111,2.667));
#7832=CARTESIAN_POINT('',(-1.205,-2.00111111111111,2.794));
#7833=CARTESIAN_POINT('Origin',(-1.205,-0.481111111111111,2.794));
#7834=CARTESIAN_POINT('',(1.205,-0.481111111111111,2.794));
#7835=CARTESIAN_POINT('',(1.205,-5.44805555555556,2.794));
#7836=CARTESIAN_POINT('',(-1.205,-0.481111111111111,2.794));
#7837=CARTESIAN_POINT('',(-1.205,4.96694444444444,2.794));
#7838=CARTESIAN_POINT('',(-1.205,-0.481111111111111,2.794));
#7839=CARTESIAN_POINT('Origin',(-1.205,-0.481111111111111,2.54));
#7840=CARTESIAN_POINT('',(1.205,-0.481111111111112,2.54));
#7841=CARTESIAN_POINT('',(-1.205,-0.48111111111111,2.54));
#7842=CARTESIAN_POINT('Origin',(-1.205,9.67888888888889,2.794));
#7843=CARTESIAN_POINT('',(1.205,8.15888888888889,2.794));
#7844=CARTESIAN_POINT('',(1.205,9.67888888888889,2.794));
#7845=CARTESIAN_POINT('',(1.205,-0.36805555555556,2.794));
#7846=CARTESIAN_POINT('',(-1.205,8.15888888888889,2.794));
#7847=CARTESIAN_POINT('',(-1.205,8.15888888888889,2.794));
#7848=CARTESIAN_POINT('',(-1.205,9.67888888888889,2.794));
#7849=CARTESIAN_POINT('',(-1.205,10.0469444444444,2.794));
#7850=CARTESIAN_POINT('',(-1.205,9.67888888888889,2.794));
#7851=CARTESIAN_POINT('Origin',(-1.205,9.67888888888889,2.54));
#7852=CARTESIAN_POINT('',(1.205,9.67888888888889,2.54));
#7853=CARTESIAN_POINT('',(-1.205,9.67888888888889,2.54));
#7854=CARTESIAN_POINT('Origin',(-1.205,8.15888888888889,2.794));
#7855=CARTESIAN_POINT('',(1.205,8.15888888888889,2.667));
#7856=CARTESIAN_POINT('',(-1.205,8.15888888888889,2.667));
#7857=CARTESIAN_POINT('Origin',(-1.205,0.538888888888888,2.794));
#7858=CARTESIAN_POINT('',(1.205,0.538888888888888,2.794));
#7859=CARTESIAN_POINT('',(1.205,0.538888888888887,2.667));
#7860=CARTESIAN_POINT('',(-1.205,0.538888888888888,2.794));
#7861=CARTESIAN_POINT('',(-1.205,0.538888888888888,2.667));
#7862=CARTESIAN_POINT('',(-1.205,0.538888888888888,2.794));
#7863=CARTESIAN_POINT('Origin',(-1.205,2.05888888888889,2.794));
#7864=CARTESIAN_POINT('',(1.205,2.05888888888889,2.794));
#7865=CARTESIAN_POINT('',(1.205,-4.17805555555556,2.794));
#7866=CARTESIAN_POINT('',(-1.205,2.05888888888889,2.794));
#7867=CARTESIAN_POINT('',(-1.205,6.23694444444444,2.794));
#7868=CARTESIAN_POINT('',(-1.205,2.05888888888889,2.794));
#7869=CARTESIAN_POINT('Origin',(-1.205,2.05888888888889,2.54));
#7870=CARTESIAN_POINT('',(1.205,2.05888888888889,2.54));
#7871=CARTESIAN_POINT('',(-1.205,2.05888888888889,2.54));
#7872=CARTESIAN_POINT('Origin',(-1.205,-9.62111111111111,2.794));
#7873=CARTESIAN_POINT('',(1.205,-9.62111111111111,2.794));
#7874=CARTESIAN_POINT('',(1.205,-9.62111111111111,2.667));
#7875=CARTESIAN_POINT('',(-1.205,-9.62111111111111,2.794));
#7876=CARTESIAN_POINT('',(-1.205,-9.62111111111112,2.667));
#7877=CARTESIAN_POINT('',(-1.205,-9.62111111111111,2.794));
#7878=CARTESIAN_POINT('Origin',(-1.205,-8.10111111111111,2.794));
#7879=CARTESIAN_POINT('',(1.205,-8.10111111111111,2.794));
#7880=CARTESIAN_POINT('',(1.205,-9.25805555555556,2.794));
#7881=CARTESIAN_POINT('',(-1.205,-8.10111111111111,2.794));
#7882=CARTESIAN_POINT('',(-1.205,1.15694444444444,2.794));
#7883=CARTESIAN_POINT('',(-1.205,-8.10111111111111,2.794));
#7884=CARTESIAN_POINT('Origin',(-1.205,-8.10111111111111,2.54));
#7885=CARTESIAN_POINT('',(1.205,-8.10111111111111,2.54));
#7886=CARTESIAN_POINT('',(-1.205,-8.10111111111111,2.54));
#7887=CARTESIAN_POINT('Origin',(0.320000000000001,9.21,2.54));
#7888=CARTESIAN_POINT('',(0.320000000000001,9.21,2.54));
#7889=CARTESIAN_POINT('Origin',(-1.205,10.415,2.54));
#7890=CARTESIAN_POINT('',(-1.205,-10.415,2.54));
#7891=CARTESIAN_POINT('',(-1.205,10.415,2.54));
#7892=CARTESIAN_POINT('',(-1.205,-10.415,2.54));
#7893=CARTESIAN_POINT('',(-1.205,10.415,2.54));
#7894=CARTESIAN_POINT('',(-1.205,10.415,2.54));
#7895=CARTESIAN_POINT('',(-1.205,10.415,2.54));
#7896=CARTESIAN_POINT('',(-1.205,10.415,2.54));
#7897=CARTESIAN_POINT('',(-1.205,10.415,2.54));
#7898=CARTESIAN_POINT('',(-1.205,10.415,2.54));
#7899=CARTESIAN_POINT('Origin',(-2.77555756156289E-16,-1.33226762955019E-14,
2.54));
#7900=CARTESIAN_POINT('',(1.205,-10.415,2.54));
#7901=CARTESIAN_POINT('',(1.205,-10.415,2.54));
#7902=CARTESIAN_POINT('',(-1.205,-10.415,2.54));
#7903=CARTESIAN_POINT('Origin',(-2.77555756156289E-16,-1.33226762955019E-14,
2.54));
#7904=CARTESIAN_POINT('Origin',(-2.77555756156289E-16,-1.33226762955019E-14,
2.54));
#7905=CARTESIAN_POINT('Origin',(-2.77555756156289E-16,-1.33226762955019E-14,
2.54));
#7906=CARTESIAN_POINT('Origin',(-2.77555756156289E-16,-1.33226762955019E-14,
2.54));
#7907=CARTESIAN_POINT('Origin',(-2.77555756156289E-16,-1.33226762955019E-14,
2.54));
#7908=CARTESIAN_POINT('Origin',(-0.319999999999999,-0.95,2.54));
#7909=CARTESIAN_POINT('Origin',(-0.319999999999999,1.59,2.54));
#7910=CARTESIAN_POINT('',(0.320000000000001,1.59,2.54));
#7911=CARTESIAN_POINT('Origin',(0.320000000000001,1.59,2.54));
#7912=CARTESIAN_POINT('Origin',(-0.319999999999999,9.21,2.54));
#7913=CARTESIAN_POINT('Origin',(-1.205,-10.415,2.54));
#7914=CARTESIAN_POINT('',(1.205,-10.415,2.54));
#7915=CARTESIAN_POINT('Origin',(1.205,10.415,2.54));
#7916=CARTESIAN_POINT('',(1.205,10.415,2.54));
#7917=CARTESIAN_POINT('Origin',(1.205,-10.415,2.54));
#7918=UNCERTAINTY_MEASURE_WITH_UNIT(LENGTH_MEASURE(0.01),#7922,
'DISTANCE_ACCURACY_VALUE',
'Maximum model space distance between geometric entities at asserted c
onnectivities');
#7919=UNCERTAINTY_MEASURE_WITH_UNIT(LENGTH_MEASURE(0.01),#7922,
'DISTANCE_ACCURACY_VALUE',
'Maximum model space distance between geometric entities at asserted c
onnectivities');
#7920=(
GEOMETRIC_REPRESENTATION_CONTEXT(3)
GLOBAL_UNCERTAINTY_ASSIGNED_CONTEXT((#7918))
GLOBAL_UNIT_ASSIGNED_CONTEXT((#7922,#7924,#7925))
REPRESENTATION_CONTEXT('','3D')
);
#7921=(
GEOMETRIC_REPRESENTATION_CONTEXT(3)
GLOBAL_UNCERTAINTY_ASSIGNED_CONTEXT((#7919))
GLOBAL_UNIT_ASSIGNED_CONTEXT((#7922,#7924,#7925))
REPRESENTATION_CONTEXT('','3D')
);
#7922=(
LENGTH_UNIT()
NAMED_UNIT(*)
SI_UNIT(.MILLI.,.METRE.)
);
#7923=(
LENGTH_UNIT()
NAMED_UNIT(*)
SI_UNIT($,.METRE.)
);
#7924=(
NAMED_UNIT(*)
PLANE_ANGLE_UNIT()
SI_UNIT($,.RADIAN.)
);
#7925=(
NAMED_UNIT(*)
SI_UNIT($,.STERADIAN.)
SOLID_ANGLE_UNIT()
);
#7926=SHAPE_DEFINITION_REPRESENTATION(#7927,#7928);
#7927=PRODUCT_DEFINITION_SHAPE('',$,#7930);
#7928=SHAPE_REPRESENTATION('',(#5082),#7920);
#7929=PRODUCT_DEFINITION_CONTEXT('part definition',#7934,'design');
#7930=PRODUCT_DEFINITION('2026-09-16-20-04-37-422','Samtec_ESQ108-13',#7931,
#7929);
#7931=PRODUCT_DEFINITION_FORMATION('',$,#7936);
#7932=PRODUCT_RELATED_PRODUCT_CATEGORY('Samtec_ESQ108-13',
'Samtec_ESQ108-13',(#7936));
#7933=APPLICATION_PROTOCOL_DEFINITION('international standard',
'automotive_design',2009,#7934);
#7934=APPLICATION_CONTEXT(
'Core Data for Automotive Mechanical Design Process');
#7935=PRODUCT_CONTEXT('part definition',#7934,'mechanical');
#7936=PRODUCT('2026-09-16-20-04-37-422','Samtec_ESQ108-13',$,(#7935));
#7937=PRESENTATION_STYLE_ASSIGNMENT((#7940));
#7938=PRESENTATION_STYLE_ASSIGNMENT((#7941));
#7939=PRESENTATION_STYLE_ASSIGNMENT((#7942));
#7940=SURFACE_STYLE_USAGE(.BOTH.,#7943);
#7941=SURFACE_STYLE_USAGE(.BOTH.,#7944);
#7942=SURFACE_STYLE_USAGE(.BOTH.,#7945);
#7943=SURFACE_SIDE_STYLE('',(#7946));
#7944=SURFACE_SIDE_STYLE('',(#7947));
#7945=SURFACE_SIDE_STYLE('',(#7948));
#7946=SURFACE_STYLE_FILL_AREA(#7949);
#7947=SURFACE_STYLE_FILL_AREA(#7950);
#7948=SURFACE_STYLE_FILL_AREA(#7951);
#7949=FILL_AREA_STYLE('Steel - Satin',(#7952));
#7950=FILL_AREA_STYLE('ABS (Schwarz)',(#7953));
#7951=FILL_AREA_STYLE('Aluminum - Satin',(#7954));
#7952=FILL_AREA_STYLE_COLOUR('Steel - Satin',#7955);
#7953=FILL_AREA_STYLE_COLOUR('ABS (Schwarz)',#7956);
#7954=FILL_AREA_STYLE_COLOUR('Aluminum - Satin',#7957);
#7955=COLOUR_RGB('Steel - Satin',0.627450980392157,0.627450980392157,0.627450980392157);
#7956=COLOUR_RGB('ABS (Schwarz)',0.250980392156863,0.250980392156863,0.250980392156863);
#7957=COLOUR_RGB('Aluminum - Satin',0.96078431372549,0.96078431372549,0.964705882352941);
ENDSEC;
END-ISO-10303-21;
